utc_interval_start,myt_interval_start,gpm_cell_id,lon,lat,precipitation_rate_mm_hr,half_hour_accum_mm,source_filename,rolling_1h_mm,rolling_3h_mm,rolling_6h_mm,rolling_24h_mm,rolling_window_end_myt
2025-03-18 16:00:00+00:00,2025-03-19 00:00:00+08:00,GPM_1.25_103.55,103.54999542236328,1.25,0.0,0.0,3B-HHR.MS.MRG.3IMERG.20250318-S160000-E162959.0960.V07B.HDF5,,,,,2025-03-19 00:30:00+08:00
2025-03-18 16:30:00+00:00,2025-03-19 00:30:00+08:00,GPM_1.25_103.55,103.54999542236328,1.25,0.0,0.0,3B-HHR.MS.MRG.3IMERG.20250318-S163000-E165959.0990.V07B.HDF5,0.0,,,,2025-03-19 01:00:00+08:00
2025-03-18 17:00:00+00:00,2025-03-19 01:00:00+08:00,GPM_1.25_103.55,103.54999542236328,1.25,0.0,0.0,3B-HHR.MS.MRG.3IMERG.20250318-S170000-E172959.1020.V07B.HDF5,0.0,,,,2025-03-19 01:30:00+08:00
2025-03-18 17:30:00+00:00,2025-03-19 01:30:00+08:00,GPM_1.25_103.55,103.54999542236328,1.25,0.0,0.0,3B-HHR.MS.MRG.3IMERG.20250318-S173000-E175959.1050.V07B.HDF5,0.0,,,,2025-03-19 02:00:00+08:00
2025-03-18 18:00:00+00:00,2025-03-19 02:00:00+08:00,GPM_1.25_103.55,103.54999542236328,1.25,0.0,0.0,3B-HHR.MS.MRG.3IMERG.20250318-S180000-E182959.1080.V07B.HDF5,0.0,,,,2025-03-19 02:30:00+08:00
2025-03-18 18:30:00+00:00,2025-03-19 02:30:00+08:00,GPM_1.25_103.55,103.54999542236328,1.25,0.0,0.0,3B-HHR.MS.MRG.3IMERG.20250318-S183000-E185959.1110.V07B.HDF5,0.0,0.0,,,2025-03-19 03:00:00+08:00
2025-03-18 19:00:00+00:00,2025-03-19 03:00:00+08:00,GPM_1.25_103.55,103.54999542236328,1.25,0.0,0.0,3B-HHR.MS.MRG.3IMERG.20250318-S190000-E192959.1140.V07B.HDF5,0.0,0.0,,,2025-03-19 03:30:00+08:00
2025-03-18 19:30:00+00:00,2025-03-19 03:30:00+08:00,GPM_1.25_103.55,103.54999542236328,1.25,0.0,0.0,3B-HHR.MS.MRG.3IMERG.20250318-S193000-E195959.1170.V07B.HDF5,0.0,0.0,,,2025-03-19 04:00:00+08:00
2025-03-18 20:00:00+00:00,2025-03-19 04:00:00+08:00,GPM_1.25_103.55,103.54999542236328,1.25,0.0,0.0,3B-HHR.MS.MRG.3IMERG.20250318-S200000-E202959.1200.V07B.HDF5,0.0,0.0,,,2025-03-19 04:30:00+08:00
2025-03-18 20:30:00+00:00,2025-03-19 04:30:00+08:00,GPM_1.25_103.55,103.54999542236328,1.25,0.5399999618530273,0.26999998092651367,3B-HHR.MS.MRG.3IMERG.20250318-S203000-E205959.1230.V07B.HDF5,0.26999998092651367,0.26999998092651367,,,2025-03-19 05:00:00+08:00
2025-03-18 21:00:00+00:00,2025-03-19 05:00:00+08:00,GPM_1.25_103.55,103.54999542236328,1.25,0.07000000029802322,0.03500000014901161,3B-HHR.MS.MRG.3IMERG.20250318-S210000-E212959.1260.V07B.HDF5,0.3049999810755253,0.3049999810755253,,,2025-03-19 05:30:00+08:00
2025-03-18 21:30:00+00:00,2025-03-19 05:30:00+08:00,GPM_1.25_103.55,103.54999542236328,1.25,0.07000000029802322,0.03500000014901161,3B-HHR.MS.MRG.3IMERG.20250318-S213000-E215959.1290.V07B.HDF5,0.07000000029802322,0.3399999812245369,0.3399999812245369,,2025-03-19 06:00:00+08:00
2025-03-18 22:00:00+00:00,2025-03-19 06:00:00+08:00,GPM_1.25_103.55,103.54999542236328,1.25,0.09999999403953552,0.04999999701976776,3B-HHR.MS.MRG.3IMERG.20250318-S220000-E222959.1320.V07B.HDF5,0.08499999716877937,0.38999997824430466,0.38999997824430466,,2025-03-19 06:30:00+08:00
2025-03-18 22:30:00+00:00,2025-03-19 06:30:00+08:00,GPM_1.25_103.55,103.54999542236328,1.25,0.0,0.0,3B-HHR.MS.MRG.3IMERG.20250318-S223000-E225959.1350.V07B.HDF5,0.04999999701976776,0.38999997824430466,0.38999997824430466,,2025-03-19 07:00:00+08:00
2025-03-18 23:00:00+00:00,2025-03-19 07:00:00+08:00,GPM_1.25_103.55,103.54999542236328,1.25,0.22999998927116394,0.11499999463558197,3B-HHR.MS.MRG.3IMERG.20250318-S230000-E232959.1380.V07B.HDF5,0.11499999463558197,0.5049999728798866,0.5049999728798866,,2025-03-19 07:30:00+08:00
2025-03-18 23:30:00+00:00,2025-03-19 07:30:00+08:00,GPM_1.25_103.55,103.54999542236328,1.25,0.23999999463558197,0.11999999731779099,3B-HHR.MS.MRG.3IMERG.20250318-S233000-E235959.1410.V07B.HDF5,0.23499999195337296,0.35499998927116394,0.6249999701976776,,2025-03-19 08:00:00+08:00
2025-03-19 00:00:00+00:00,2025-03-19 08:00:00+08:00,GPM_1.25_103.55,103.54999542236328,1.25,0.26999998092651367,0.13499999046325684,3B-HHR.MS.MRG.3IMERG.20250319-S000000-E002959.0000.V07B.HDF5,0.2549999877810478,0.45499997958540916,0.7599999606609344,,2025-03-19 08:30:00+08:00
2025-03-19 00:30:00+00:00,2025-03-19 08:30:00+08:00,GPM_1.25_103.55,103.54999542236328,1.25,1.100000023841858,0.550000011920929,3B-HHR.MS.MRG.3IMERG.20250319-S003000-E005959.0030.V07B.HDF5,0.6850000023841858,0.9699999913573265,1.3099999725818634,,2025-03-19 09:00:00+08:00
2025-03-19 01:00:00+00:00,2025-03-19 09:00:00+08:00,GPM_1.25_103.55,103.54999542236328,1.25,2.9800000190734863,1.4900000095367432,3B-HHR.MS.MRG.3IMERG.20250319-S010000-E012959.0060.V07B.HDF5,2.040000021457672,2.410000003874302,2.7999999821186066,,2025-03-19 09:30:00+08:00
2025-03-19 01:30:00+00:00,2025-03-19 09:30:00+08:00,GPM_1.25_103.55,103.54999542236328,1.25,4.900000095367432,2.450000047683716,3B-HHR.MS.MRG.3IMERG.20250319-S013000-E015959.0090.V07B.HDF5,3.940000057220459,4.860000051558018,5.250000029802322,,2025-03-19 10:00:00+08:00
2025-03-19 02:00:00+00:00,2025-03-19 10:00:00+08:00,GPM_1.25_103.55,103.54999542236328,1.25,4.349999904632568,2.174999952316284,3B-HHR.MS.MRG.3IMERG.20250319-S020000-E022959.0120.V07B.HDF5,4.625,6.92000000923872,7.424999982118607,,2025-03-19 10:30:00+08:00
2025-03-19 02:30:00+00:00,2025-03-19 10:30:00+08:00,GPM_1.25_103.55,103.54999542236328,1.25,4.480000019073486,2.240000009536743,3B-HHR.MS.MRG.3IMERG.20250319-S023000-E025959.0150.V07B.HDF5,4.414999961853027,9.040000021457672,9.395000010728836,,2025-03-19 11:00:00+08:00
2025-03-19 03:00:00+00:00,2025-03-19 11:00:00+08:00,GPM_1.25_103.55,103.54999542236328,1.25,5.460000038146973,2.7300000190734863,3B-HHR.MS.MRG.3IMERG.20250319-S030000-E032959.0180.V07B.HDF5,4.9700000286102295,11.635000050067902,12.09000002965331,,2025-03-19 11:30:00+08:00
2025-03-19 03:30:00+00:00,2025-03-19 11:30:00+08:00,GPM_1.25_103.55,103.54999542236328,1.25,6.299999713897705,3.1499998569488525,3B-HHR.MS.MRG.3IMERG.20250319-S033000-E035959.0210.V07B.HDF5,5.879999876022339,14.234999895095825,15.204999886453152,,2025-03-19 12:00:00+08:00
2025-03-19 04:00:00+00:00,2025-03-19 12:00:00+08:00,GPM_1.25_103.55,103.54999542236328,1.25,4.75,2.375,3B-HHR.MS.MRG.3IMERG.20250319-S040000-E042959.0240.V07B.HDF5,5.5249998569488525,15.119999885559082,17.529999889433384,,2025-03-19 12:30:00+08:00
2025-03-19 04:30:00+00:00,2025-03-19 12:30:00+08:00,GPM_1.25_103.55,103.54999542236328,1.25,4.130000114440918,2.065000057220459,3B-HHR.MS.MRG.3IMERG.20250319-S043000-E045959.0270.V07B.HDF5,4.440000057220459,14.734999895095825,19.594999946653843,,2025-03-19 13:00:00+08:00
2025-03-19 05:00:00+00:00,2025-03-19 13:00:00+08:00,GPM_1.25_103.55,103.54999542236328,1.25,5.369999885559082,2.684999942779541,3B-HHR.MS.MRG.3IMERG.20250319-S050000-E052959.0300.V07B.HDF5,4.75,15.244999885559082,22.164999894797802,,2025-03-19 13:30:00+08:00
2025-03-19 05:30:00+00:00,2025-03-19 13:30:00+08:00,GPM_1.25_103.55,103.54999542236328,1.25,6.019999980926514,3.009999990463257,3B-HHR.MS.MRG.3IMERG.20250319-S053000-E055959.0330.V07B.HDF5,5.694999933242798,16.014999866485596,25.054999887943268,,2025-03-19 14:00:00+08:00
2025-03-19 06:00:00+00:00,2025-03-19 14:00:00+08:00,GPM_1.25_103.55,103.54999542236328,1.25,8.4399995803833,4.21999979019165,3B-HHR.MS.MRG.3IMERG.20250319-S060000-E062959.0360.V07B.HDF5,7.229999780654907,17.50499963760376,29.13999968767166,,2025-03-19 14:30:00+08:00
2025-03-19 06:30:00+00:00,2025-03-19 14:30:00+08:00,GPM_1.25_103.55,103.54999542236328,1.25,7.170000076293945,3.5850000381469727,3B-HHR.MS.MRG.3IMERG.20250319-S063000-E065959.0390.V07B.HDF5,7.804999828338623,17.93999981880188,32.174999713897705,,2025-03-19 15:00:00+08:00
2025-03-19 07:00:00+00:00,2025-03-19 15:00:00+08:00,GPM_1.25_103.55,103.54999542236328,1.25,8.029999732971191,4.014999866485596,3B-HHR.MS.MRG.3IMERG.20250319-S070000-E072959.0420.V07B.HDF5,7.599999904632568,19.579999685287476,34.69999957084656,,2025-03-19 15:30:00+08:00
2025-03-19 07:30:00+00:00,2025-03-19 15:30:00+08:00,GPM_1.25_103.55,103.54999542236328,1.25,8.34000015258789,4.170000076293945,3B-HHR.MS.MRG.3IMERG.20250319-S073000-E075959.0450.V07B.HDF5,8.184999942779541,21.684999704360962,36.41999959945679,,2025-03-19 16:00:00+08:00
2025-03-19 08:00:00+00:00,2025-03-19 16:00:00+08:00,GPM_1.25_103.55,103.54999542236328,1.25,8.359999656677246,4.179999828338623,3B-HHR.MS.MRG.3IMERG.20250319-S080000-E082959.0480.V07B.HDF5,8.349999904632568,23.179999589920044,38.424999475479126,,2025-03-19 16:30:00+08:00
2025-03-19 08:30:00+00:00,2025-03-19 16:30:00+08:00,GPM_1.25_103.55,103.54999542236328,1.25,6.489999771118164,3.244999885559082,3B-HHR.MS.MRG.3IMERG.20250319-S083000-E085959.0510.V07B.HDF5,7.424999713897705,23.41499948501587,39.429999351501465,,2025-03-19 17:00:00+08:00
2025-03-19 09:00:00+00:00,2025-03-19 17:00:00+08:00,GPM_1.25_103.55,103.54999542236328,1.25,6.299999713897705,3.1499998569488525,3B-HHR.MS.MRG.3IMERG.20250319-S090000-E092959.0540.V07B.HDF5,6.394999742507935,22.34499955177307,39.84999918937683,,2025-03-19 17:30:00+08:00
2025-03-19 09:30:00+00:00,2025-03-19 17:30:00+08:00,GPM_1.25_103.55,103.54999542236328,1.25,6.179999828338623,3.0899999141693115,3B-HHR.MS.MRG.3IMERG.20250319-S093000-E095959.0570.V07B.HDF5,6.239999771118164,21.84999942779541,39.78999924659729,,2025-03-19 18:00:00+08:00
2025-03-19 10:00:00+00:00,2025-03-19 18:00:00+08:00,GPM_1.25_103.55,103.54999542236328,1.25,5.25,2.625,3B-HHR.MS.MRG.3IMERG.20250319-S100000-E102959.0600.V07B.HDF5,5.7149999141693115,20.459999561309814,40.03999924659729,,2025-03-19 18:30:00+08:00
2025-03-19 10:30:00+00:00,2025-03-19 18:30:00+08:00,GPM_1.25_103.55,103.54999542236328,1.25,6.349999904632568,3.174999952316284,3B-HHR.MS.MRG.3IMERG.20250319-S103000-E105959.0630.V07B.HDF5,5.799999952316284,19.464999437332153,41.149999141693115,,2025-03-19 19:00:00+08:00
2025-03-19 11:00:00+00:00,2025-03-19 19:00:00+08:00,GPM_1.25_103.55,103.54999542236328,1.25,6.049999713897705,3.0249998569488525,3B-HHR.MS.MRG.3IMERG.20250319-S110000-E112959.0660.V07B.HDF5,6.199999809265137,18.309999465942383,41.48999905586243,,2025-03-19 19:30:00+08:00
2025-03-19 11:30:00+00:00,2025-03-19 19:30:00+08:00,GPM_1.25_103.55,103.54999542236328,1.25,5.900000095367432,2.950000047683716,3B-HHR.MS.MRG.3IMERG.20250319-S113000-E115959.0690.V07B.HDF5,5.974999904632568,18.014999628067017,41.429999113082886,,2025-03-19 20:00:00+08:00
2025-03-19 12:00:00+00:00,2025-03-19 20:00:00+08:00,GPM_1.25_103.55,103.54999542236328,1.25,4.009999752044678,2.004999876022339,3B-HHR.MS.MRG.3IMERG.20250319-S120000-E122959.0720.V07B.HDF5,4.954999923706055,16.869999647140503,39.214999198913574,,2025-03-19 20:30:00+08:00
2025-03-19 12:30:00+00:00,2025-03-19 20:30:00+08:00,GPM_1.25_103.55,103.54999542236328,1.25,5.099999904632568,2.549999952316284,3B-HHR.MS.MRG.3IMERG.20250319-S123000-E125959.0750.V07B.HDF5,4.554999828338623,16.329999685287476,38.179999113082886,,2025-03-19 21:00:00+08:00
2025-03-19 13:00:00+00:00,2025-03-19 21:00:00+08:00,GPM_1.25_103.55,103.54999542236328,1.25,4.739999771118164,2.369999885559082,3B-HHR.MS.MRG.3IMERG.20250319-S130000-E132959.0780.V07B.HDF5,4.919999837875366,16.074999570846558,36.53499913215637,,2025-03-19 21:30:00+08:00
2025-03-19 13:30:00+00:00,2025-03-19 21:30:00+08:00,GPM_1.25_103.55,103.54999542236328,1.25,6.069999694824219,3.0349998474121094,3B-HHR.MS.MRG.3IMERG.20250319-S133000-E135959.0810.V07B.HDF5,5.404999732971191,15.934999465942383,35.399998903274536,,2025-03-19 22:00:00+08:00
2025-03-19 14:00:00+00:00,2025-03-19 22:00:00+08:00,GPM_1.25_103.55,103.54999542236328,1.25,5.119999885559082,2.559999942779541,3B-HHR.MS.MRG.3IMERG.20250319-S140000-E142959.0840.V07B.HDF5,5.59499979019165,15.469999551773071,33.779999017715454,,2025-03-19 22:30:00+08:00
2025-03-19 14:30:00+00:00,2025-03-19 22:30:00+08:00,GPM_1.25_103.55,103.54999542236328,1.25,5.380000114440918,2.690000057220459,3B-HHR.MS.MRG.3IMERG.20250319-S143000-E145959.0870.V07B.HDF5,5.25,15.209999561309814,33.22499918937683,,2025-03-19 23:00:00+08:00
2025-03-19 15:00:00+00:00,2025-03-19 23:00:00+08:00,GPM_1.25_103.55,103.54999542236328,1.25,5.349999904632568,2.674999952316284,3B-HHR.MS.MRG.3IMERG.20250319-S150000-E152959.0900.V07B.HDF5,5.365000009536743,15.87999963760376,32.74999928474426,,2025-03-19 23:30:00+08:00
2025-03-19 15:30:00+00:00,2025-03-19 23:30:00+08:00,GPM_1.25_103.55,103.54999542236328,1.25,3.3299999237060547,1.6649999618530273,3B-HHR.MS.MRG.3IMERG.20250319-S153000-E155959.0930.V07B.HDF5,4.3399999141693115,14.994999647140503,31.32499933242798,86.65999844670296,2025-03-20 00:00:00+08:00
2025-03-19 16:00:00+00:00,2025-03-20 00:00:00+08:00,GPM_1.25_103.55,103.54999542236328,1.25,1.659999966621399,0.8299999833106995,3B-HHR.MS.MRG.3IMERG.20250319-S160000-E162959.0960.V07B.HDF5,2.494999945163727,13.45499974489212,29.529999315738678,87.48999843001366,2025-03-20 00:30:00+08:00
2025-03-19 16:30:00+00:00,2025-03-20 00:30:00+08:00,GPM_1.25_103.55,103.54999542236328,1.25,2.1499998569488525,1.0749999284744263,3B-HHR.MS.MRG.3IMERG.20250319-S163000-E165959.0990.V07B.HDF5,1.9049999117851257,11.494999825954437,27.42999929189682,88.56499835848808,2025-03-20 01:00:00+08:00
2025-03-19 17:00:00+00:00,2025-03-20 01:00:00+08:00,GPM_1.25_103.55,103.54999542236328,1.25,1.9499999284744263,0.9749999642372131,3B-HHR.MS.MRG.3IMERG.20250319-S170000-E172959.1020.V07B.HDF5,2.0499998927116394,9.90999984741211,25.37999939918518,89.5399983227253,2025-03-20 01:30:00+08:00
2025-03-19 17:30:00+00:00,2025-03-20 01:30:00+08:00,GPM_1.25_103.55,103.54999542236328,1.25,3.2899999618530273,1.6449999809265137,3B-HHR.MS.MRG.3IMERG.20250319-S173000-E175959.1050.V07B.HDF5,2.619999945163727,8.864999771118164,24.07499933242798,91.18499830365181,2025-03-20 02:00:00+08:00
2025-03-19 18:00:00+00:00,2025-03-20 02:00:00+08:00,GPM_1.25_103.55,103.54999542236328,1.25,4.0,2.0,3B-HHR.MS.MRG.3IMERG.20250319-S180000-E182959.1080.V07B.HDF5,3.6449999809265137,8.18999981880188,24.06999945640564,93.18499830365181,2025-03-20 02:30:00+08:00
2025-03-19 18:30:00+00:00,2025-03-20 02:30:00+08:00,GPM_1.25_103.55,103.54999542236328,1.25,6.019999980926514,3.009999990463257,3B-HHR.MS.MRG.3IMERG.20250319-S183000-E185959.1110.V07B.HDF5,5.009999990463257,9.53499984741211,24.529999494552612,96.19499829411507,2025-03-20 03:00:00+08:00
2025-03-19 19:00:00+00:00,2025-03-20 03:00:00+08:00,GPM_1.25_103.55,103.54999542236328,1.25,6.319999694824219,3.1599998474121094,3B-HHR.MS.MRG.3IMERG.20250319-S190000-E192959.1140.V07B.HDF5,6.169999837875366,11.86499971151352,25.31999945640564,99.35499814152718,2025-03-20 03:30:00+08:00
2025-03-19 19:30:00+00:00,2025-03-20 03:30:00+08:00,GPM_1.25_103.55,103.54999542236328,1.25,8.369999885559082,4.184999942779541,3B-HHR.MS.MRG.3IMERG.20250319-S193000-E195959.1170.V07B.HDF5,7.34499979019165,14.974999725818634,26.46999955177307,103.53999808430672,2025-03-20 04:00:00+08:00
2025-03-19 20:00:00+00:00,2025-03-20 04:00:00+08:00,GPM_1.25_103.55,103.54999542236328,1.25,13.739999771118164,6.869999885559082,3B-HHR.MS.MRG.3IMERG.20250319-S200000-E202959.1200.V07B.HDF5,11.054999828338623,20.869999647140503,30.779999494552612,110.4099979698658,2025-03-20 04:30:00+08:00
2025-03-19 20:30:00+00:00,2025-03-20 04:30:00+08:00,GPM_1.25_103.55,103.54999542236328,1.25,11.920000076293945,5.960000038146973,3B-HHR.MS.MRG.3IMERG.20250319-S203000-E205959.1230.V07B.HDF5,12.829999923706055,25.184999704360962,34.049999475479126,116.09999802708626,2025-03-20 05:00:00+08:00
2025-03-19 21:00:00+00:00,2025-03-20 05:00:00+08:00,GPM_1.25_103.55,103.54999542236328,1.25,12.1899995803833,6.09499979019165,3B-HHR.MS.MRG.3IMERG.20250319-S210000-E212959.1260.V07B.HDF5,12.054999828338623,29.279999494552612,37.46999931335449,122.1599978171289,2025-03-20 05:30:00+08:00
2025-03-19 21:30:00+00:00,2025-03-20 05:30:00+08:00,GPM_1.25_103.55,103.54999542236328,1.25,12.699999809265137,6.349999904632568,3B-HHR.MS.MRG.3IMERG.20250319-S213000-E215959.1290.V07B.HDF5,12.444999694824219,32.619999408721924,42.15499925613403,128.47499772161245,2025-03-20 06:00:00+08:00
2025-03-19 22:00:00+00:00,2025-03-20 06:00:00+08:00,GPM_1.25_103.55,103.54999542236328,1.25,14.769999504089355,7.384999752044678,3B-HHR.MS.MRG.3IMERG.20250319-S220000-E222959.1320.V07B.HDF5,13.734999656677246,36.84499931335449,48.70999902486801,135.80999747663736,2025-03-20 06:30:00+08:00
2025-03-19 22:30:00+00:00,2025-03-20 06:30:00+08:00,GPM_1.25_103.55,103.54999542236328,1.25,16.920000076293945,8.460000038146973,3B-HHR.MS.MRG.3IMERG.20250319-S223000-E225959.1350.V07B.HDF5,15.84499979019165,41.119999408721924,56.09499913454056,144.26999751478434,2025-03-20 07:00:00+08:00
2025-03-19 23:00:00+00:00,2025-03-20 07:00:00+08:00,GPM_1.25_103.55,103.54999542236328,1.25,16.18000030517578,8.09000015258789,3B-HHR.MS.MRG.3IMERG.20250319-S230000-E232959.1380.V07B.HDF5,16.550000190734863,42.33999967575073,63.209999322891235,152.24499767273664,2025-03-20 07:30:00+08:00
2025-03-19 23:30:00+00:00,2025-03-20 07:30:00+08:00,GPM_1.25_103.55,103.54999542236328,1.25,18.920000076293945,9.460000038146973,3B-HHR.MS.MRG.3IMERG.20250319-S233000-E235959.1410.V07B.HDF5,17.550000190734863,45.83999967575073,71.0249993801117,161.58499771356583,2025-03-20 08:00:00+08:00
2025-03-20 00:00:00+00:00,2025-03-20 08:00:00+08:00,GPM_1.25_103.55,103.54999542236328,1.25,17.059999465942383,8.529999732971191,3B-HHR.MS.MRG.3IMERG.20250320-S000000-E002959.0000.V07B.HDF5,17.989999771118164,48.27499961853027,77.55499911308289,169.97999745607376,2025-03-20 08:30:00+08:00
2025-03-20 00:30:00+00:00,2025-03-20 08:30:00+08:00,GPM_1.25_103.55,103.54999542236328,1.25,16.8799991607666,8.4399995803833,3B-HHR.MS.MRG.3IMERG.20250320-S003000-E005959.0030.V07B.HDF5,16.969999313354492,50.364999294281006,82.98499870300293,177.86999702453613,2025-03-20 09:00:00+08:00
2025-03-20 01:00:00+00:00,2025-03-20 09:00:00+08:00,GPM_1.25_103.55,103.54999542236328,1.25,17.40999984741211,8.704999923706055,3B-HHR.MS.MRG.3IMERG.20250320-S010000-E012959.0060.V07B.HDF5,17.144999504089355,51.68499946594238,88.52999877929688,185.08499693870544,2025-03-20 09:30:00+08:00
2025-03-20 01:30:00+00:00,2025-03-20 09:30:00+08:00,GPM_1.25_103.55,103.54999542236328,1.25,16.75,8.375,3B-HHR.MS.MRG.3IMERG.20250320-S013000-E015959.0090.V07B.HDF5,17.079999923706055,51.59999942779541,92.71999883651733,191.00999689102173,2025-03-20 10:00:00+08:00
2025-03-20 02:00:00+00:00,2025-03-20 10:00:00+08:00,GPM_1.25_103.55,103.54999542236328,1.25,15.469999313354492,7.734999656677246,3B-HHR.MS.MRG.3IMERG.20250320-S020000-E022959.0120.V07B.HDF5,16.109999656677246,51.244998931884766,93.5849986076355,196.5699965953827,2025-03-20 10:30:00+08:00
2025-03-20 02:30:00+00:00,2025-03-20 10:30:00+08:00,GPM_1.25_103.55,103.54999542236328,1.25,15.049999237060547,7.524999618530273,3B-HHR.MS.MRG.3IMERG.20250320-S023000-E025959.0150.V07B.HDF5,15.25999927520752,49.309998512268066,95.1499981880188,201.85499620437622,2025-03-20 11:00:00+08:00
2025-03-20 03:00:00+00:00,2025-03-20 11:00:00+08:00,GPM_1.25_103.55,103.54999542236328,1.25,12.729999542236328,6.364999771118164,3B-HHR.MS.MRG.3IMERG.20250320-S030000-E032959.0180.V07B.HDF5,13.889999389648438,47.14499855041504,95.41999816894531,205.4899959564209,2025-03-20 11:30:00+08:00
2025-03-20 03:30:00+00:00,2025-03-20 11:30:00+08:00,GPM_1.25_103.55,103.54999542236328,1.25,10.329999923706055,5.164999961853027,3B-HHR.MS.MRG.3IMERG.20250320-S033000-E035959.0210.V07B.HDF5,11.529999732971191,43.869998931884766,94.23499822616577,207.50499606132507,2025-03-20 12:00:00+08:00
2025-03-20 04:00:00+00:00,2025-03-20 12:00:00+08:00,GPM_1.25_103.55,103.54999542236328,1.25,9.989999771118164,4.994999885559082,3B-HHR.MS.MRG.3IMERG.20250320-S040000-E042959.0240.V07B.HDF5,10.15999984741211,40.15999889373779,91.84499835968018,210.12499594688416,2025-03-20 12:30:00+08:00
2025-03-20 04:30:00+00:00,2025-03-20 12:30:00+08:00,GPM_1.25_103.55,103.54999542236328,1.25,6.449999809265137,3.2249999046325684,3B-HHR.MS.MRG.3IMERG.20250320-S043000-E045959.0270.V07B.HDF5,8.21999979019165,35.00999879837036,86.60999822616577,211.28499579429626,2025-03-20 13:00:00+08:00
2025-03-20 05:00:00+00:00,2025-03-20 13:00:00+08:00,GPM_1.25_103.55,103.54999542236328,1.25,5.579999923706055,2.7899999618530273,3B-HHR.MS.MRG.3IMERG.20250320-S050000-E052959.0300.V07B.HDF5,6.014999866485596,30.064999103546143,81.30999803543091,211.38999581336975,2025-03-20 13:30:00+08:00
2025-03-20 05:30:00+00:00,2025-03-20 13:30:00+08:00,GPM_1.25_103.55,103.54999542236328,1.25,7.289999961853027,3.6449999809265137,3B-HHR.MS.MRG.3IMERG.20250320-S053000-E055959.0330.V07B.HDF5,6.434999942779541,26.184999465942383,75.49499797821045,212.024995803833,2025-03-20 14:00:00+08:00
2025-03-20 06:00:00+00:00,2025-03-20 14:00:00+08:00,GPM_1.25_103.55,103.54999542236328,1.25,5.940000057220459,2.9700000286102295,3B-HHR.MS.MRG.3IMERG.20250320-S060000-E062959.0360.V07B.HDF5,6.615000009536743,22.78999972343445,69.93499827384949,210.7749960422516,2025-03-20 14:30:00+08:00
2025-03-20 06:30:00+00:00,2025-03-20 14:30:00+08:00,GPM_1.25_103.55,103.54999542236328,1.25,5.440000057220459,2.7200000286102295,3B-HHR.MS.MRG.3IMERG.20250320-S063000-E065959.0390.V07B.HDF5,5.690000057220459,20.34499979019165,64.21499872207642,209.90999603271484,2025-03-20 15:00:00+08:00
2025-03-20 07:00:00+00:00,2025-03-20 15:00:00+08:00,GPM_1.25_103.55,103.54999542236328,1.25,4.980000019073486,2.490000009536743,3B-HHR.MS.MRG.3IMERG.20250320-S070000-E072959.0420.V07B.HDF5,5.210000038146973,17.83999991416931,57.999998807907104,208.384996175766,2025-03-20 15:30:00+08:00
2025-03-20 07:30:00+00:00,2025-03-20 15:30:00+08:00,GPM_1.25_103.55,103.54999542236328,1.25,4.829999923706055,2.4149999618530273,3B-HHR.MS.MRG.3IMERG.20250320-S073000-E075959.0450.V07B.HDF5,4.9049999713897705,17.02999997138977,52.03999876976013,206.62999606132507,2025-03-20 16:00:00+08:00
2025-03-20 08:00:00+00:00,2025-03-20 16:00:00+08:00,GPM_1.25_103.55,103.54999542236328,1.25,5.259999752044678,2.629999876022339,3B-HHR.MS.MRG.3IMERG.20250320-S080000-E082959.0480.V07B.HDF5,5.044999837875366,16.869999885559082,46.934998989105225,205.0799961090088,2025-03-20 16:30:00+08:00
2025-03-20 08:30:00+00:00,2025-03-20 16:30:00+08:00,GPM_1.25_103.55,103.54999542236328,1.25,3.8899998664855957,1.9449999332427979,3B-HHR.MS.MRG.3IMERG.20250320-S083000-E085959.0510.V07B.HDF5,4.574999809265137,15.169999837875366,41.35499930381775,203.7799961566925,2025-03-20 17:00:00+08:00
2025-03-20 09:00:00+00:00,2025-03-20 17:00:00+08:00,GPM_1.25_103.55,103.54999542236328,1.25,4.119999885559082,2.059999942779541,3B-HHR.MS.MRG.3IMERG.20250320-S090000-E092959.0540.V07B.HDF5,4.004999876022339,14.259999752044678,37.049999475479126,202.6899962425232,2025-03-20 17:30:00+08:00
2025-03-20 09:30:00+00:00,2025-03-20 17:30:00+08:00,GPM_1.25_103.55,103.54999542236328,1.25,3.619999885559082,1.809999942779541,3B-HHR.MS.MRG.3IMERG.20250320-S093000-E095959.0570.V07B.HDF5,3.869999885559082,13.34999966621399,33.69499945640564,201.40999627113342,2025-03-20 18:00:00+08:00
2025-03-20 10:00:00+00:00,2025-03-20 18:00:00+08:00,GPM_1.25_103.55,103.54999542236328,1.25,4.799999713897705,2.3999998569488525,3B-HHR.MS.MRG.3IMERG.20250320-S100000-E102959.0600.V07B.HDF5,4.2099997997283936,13.259999513626099,31.09999942779541,201.18499612808228,2025-03-20 18:30:00+08:00
2025-03-20 10:30:00+00:00,2025-03-20 18:30:00+08:00,GPM_1.25_103.55,103.54999542236328,1.25,4.089999675750732,2.044999837875366,3B-HHR.MS.MRG.3IMERG.20250320-S103000-E105959.0630.V07B.HDF5,4.444999694824219,12.889999389648438,29.919999361038208,200.05499601364136,2025-03-20 19:00:00+08:00
2025-03-20 11:00:00+00:00,2025-03-20 19:00:00+08:00,GPM_1.25_103.55,103.54999542236328,1.25,6.389999866485596,3.194999933242798,3B-HHR.MS.MRG.3IMERG.20250320-S110000-E112959.0660.V07B.HDF5,5.239999771118164,13.454999446868896,30.32499933242798,200.2249960899353,2025-03-20 19:30:00+08:00
2025-03-20 11:30:00+00:00,2025-03-20 19:30:00+08:00,GPM_1.25_103.55,103.54999542236328,1.25,5.179999828338623,2.5899999141693115,3B-HHR.MS.MRG.3IMERG.20250320-S113000-E115959.0690.V07B.HDF5,5.784999847412109,14.09999942779541,29.269999265670776,199.8649959564209,2025-03-20 20:00:00+08:00
2025-03-20 12:00:00+00:00,2025-03-20 20:00:00+08:00,GPM_1.25_103.55,103.54999542236328,1.25,3.4600000381469727,1.7300000190734863,3B-HHR.MS.MRG.3IMERG.20250320-S120000-E122959.0720.V07B.HDF5,4.319999933242798,13.769999504089355,28.029999256134033,199.58999609947205,2025-03-20 20:30:00+08:00
2025-03-20 12:30:00+00:00,2025-03-20 20:30:00+08:00,GPM_1.25_103.55,103.54999542236328,1.25,3.069999933242798,1.534999966621399,3B-HHR.MS.MRG.3IMERG.20250320-S123000-E125959.0750.V07B.HDF5,3.2649999856948853,13.494999527931213,26.844999194145203,198.57499611377716,2025-03-20 21:00:00+08:00
2025-03-20 13:00:00+00:00,2025-03-20 21:00:00+08:00,GPM_1.25_103.55,103.54999542236328,1.25,1.9900000095367432,0.9950000047683716,3B-HHR.MS.MRG.3IMERG.20250320-S130000-E132959.0780.V07B.HDF5,2.5299999713897705,12.089999675750732,25.34999918937683,197.19999623298645,2025-03-20 21:30:00+08:00
2025-03-20 13:30:00+00:00,2025-03-20 21:30:00+08:00,GPM_1.25_103.55,103.54999542236328,1.25,1.3799999952316284,0.6899999976158142,3B-HHR.MS.MRG.3IMERG.20250320-S133000-E135959.0810.V07B.HDF5,1.6850000023841858,10.73499983549118,23.624999225139618,194.85499638319016,2025-03-20 22:00:00+08:00
2025-03-20 14:00:00+00:00,2025-03-20 22:00:00+08:00,GPM_1.25_103.55,103.54999542236328,1.25,1.3399999141693115,0.6699999570846558,3B-HHR.MS.MRG.3IMERG.20250320-S140000-E142959.0840.V07B.HDF5,1.35999995470047,8.209999859333038,21.664999306201935,192.96499639749527,2025-03-20 22:30:00+08:00
2025-03-20 14:30:00+00:00,2025-03-20 22:30:00+08:00,GPM_1.25_103.55,103.54999542236328,1.25,1.1100000143051147,0.5550000071525574,3B-HHR.MS.MRG.3IMERG.20250320-S143000-E145959.0870.V07B.HDF5,1.2249999642372131,6.174999952316284,20.274999380111694,190.82999634742737,2025-03-20 23:00:00+08:00
2025-03-20 15:00:00+00:00,2025-03-20 23:00:00+08:00,GPM_1.25_103.55,103.54999542236328,1.25,0.9599999785423279,0.47999998927116394,3B-HHR.MS.MRG.3IMERG.20250320-S150000-E152959.0900.V07B.HDF5,1.0349999964237213,4.924999922513962,18.694999426603317,188.63499638438225,2025-03-20 23:30:00+08:00
2025-03-20 15:30:00+00:00,2025-03-20 23:30:00+08:00,GPM_1.25_103.55,103.54999542236328,1.25,0.9199999570846558,0.4599999785423279,3B-HHR.MS.MRG.3IMERG.20250320-S153000-E155959.0930.V07B.HDF5,0.9399999678134918,3.8499999344348907,17.344999462366104,187.42999640107155,2025-03-21 00:00:00+08:00
2025-03-20 16:00:00+00:00,2025-03-21 00:00:00+08:00,GPM_1.25_103.55,103.54999542236328,1.25,2.419999837875366,1.209999918937683,3B-HHR.MS.MRG.3IMERG.20250320-S160000-E162959.0960.V07B.HDF5,1.669999897480011,4.064999848604202,16.154999524354935,187.80999633669853,2025-03-21 00:30:00+08:00
2025-03-20 16:30:00+00:00,2025-03-21 00:30:00+08:00,GPM_1.25_103.55,103.54999542236328,1.25,0.8499999642372131,0.42499998211860657,3B-HHR.MS.MRG.3IMERG.20250320-S163000-E165959.0990.V07B.HDF5,1.6349999010562897,3.7999998331069946,14.534999668598175,187.1599963903427,2025-03-21 01:00:00+08:00
2025-03-20 17:00:00+00:00,2025-03-21 01:00:00+08:00,GPM_1.25_103.55,103.54999542236328,1.25,0.04999999701976776,0.02499999850988388,3B-HHR.MS.MRG.3IMERG.20250320-S170000-E172959.1020.V07B.HDF5,0.44999998062849045,3.1549998745322227,11.364999733865261,186.20999642461538,2025-03-21 01:30:00+08:00
2025-03-20 17:30:00+00:00,2025-03-21 01:30:00+08:00,GPM_1.25_103.55,103.54999542236328,1.25,0.0,0.0,3B-HHR.MS.MRG.3IMERG.20250320-S173000-E175959.1050.V07B.HDF5,0.02499999850988388,2.5999998673796654,8.77499981969595,184.56499644368887,2025-03-21 02:00:00+08:00
2025-03-20 18:00:00+00:00,2025-03-21 02:00:00+08:00,GPM_1.25_103.55,103.54999542236328,1.25,0.0,0.0,3B-HHR.MS.MRG.3IMERG.20250320-S180000-E182959.1080.V07B.HDF5,0.0,2.1199998781085014,7.044999800622463,182.56499644368887,2025-03-21 02:30:00+08:00
2025-03-20 18:30:00+00:00,2025-03-21 02:30:00+08:00,GPM_1.25_103.55,103.54999542236328,1.25,0.0,0.0,3B-HHR.MS.MRG.3IMERG.20250320-S183000-E185959.1110.V07B.HDF5,0.0,1.6599998995661736,5.509999834001064,179.5549964532256,2025-03-21 03:00:00+08:00
2025-03-20 19:00:00+00:00,2025-03-21 03:00:00+08:00,GPM_1.25_103.55,103.54999542236328,1.25,0.6100000143051147,0.3050000071525574,3B-HHR.MS.MRG.3IMERG.20250320-S190000-E192959.1140.V07B.HDF5,0.3050000071525574,0.7549999877810478,4.81999983638525,176.69999661296606,2025-03-21 03:30:00+08:00
2025-03-20 19:30:00+00:00,2025-03-21 03:30:00+08:00,GPM_1.25_103.55,103.54999542236328,1.25,0.41999998688697815,0.20999999344348907,3B-HHR.MS.MRG.3IMERG.20250320-S193000-E195959.1170.V07B.HDF5,0.5150000005960464,0.5399999991059303,4.339999832212925,172.72499666363,2025-03-21 04:00:00+08:00
2025-03-20 20:00:00+00:00,2025-03-21 04:00:00+08:00,GPM_1.25_103.55,103.54999542236328,1.25,0.0,0.0,3B-HHR.MS.MRG.3IMERG.20250320-S200000-E202959.1200.V07B.HDF5,0.20999999344348907,0.5150000005960464,3.669999875128269,165.85499677807093,2025-03-21 04:30:00+08:00
2025-03-20 20:30:00+00:00,2025-03-21 04:30:00+08:00,GPM_1.25_103.55,103.54999542236328,1.25,0.07000000029802322,0.03500000014901161,3B-HHR.MS.MRG.3IMERG.20250320-S203000-E205959.1230.V07B.HDF5,0.03500000014901161,0.5500000007450581,3.1499998681247234,159.92999674007297,2025-03-21 05:00:00+08:00
2025-03-20 21:00:00+00:00,2025-03-21 05:00:00+08:00,GPM_1.25_103.55,103.54999542236328,1.25,1.46999990940094,0.73499995470047,3B-HHR.MS.MRG.3IMERG.20250320-S210000-E212959.1260.V07B.HDF5,0.7699999548494816,1.284999955445528,3.4049998335540295,154.56999690458179,2025-03-21 05:30:00+08:00
2025-03-20 21:30:00+00:00,2025-03-21 05:30:00+08:00,GPM_1.25_103.55,103.54999542236328,1.25,1.4800000190734863,0.7400000095367432,3B-HHR.MS.MRG.3IMERG.20250320-S213000-E215959.1290.V07B.HDF5,1.4749999642372131,2.024999964982271,3.6849998645484447,148.95999700948596,2025-03-21 06:00:00+08:00
2025-03-20 22:00:00+00:00,2025-03-21 06:00:00+08:00,GPM_1.25_103.55,103.54999542236328,1.25,0.23999999463558197,0.11999999731779099,3B-HHR.MS.MRG.3IMERG.20250320-S220000-E222959.1320.V07B.HDF5,0.8600000068545341,1.8399999551475048,2.5949999429285526,141.69499725475907,2025-03-21 06:30:00+08:00
2025-03-20 22:30:00+00:00,2025-03-21 06:30:00+08:00,GPM_1.25_103.55,103.54999542236328,1.25,0.0,0.0,3B-HHR.MS.MRG.3IMERG.20250320-S223000-E225959.1350.V07B.HDF5,0.11999999731779099,1.6299999617040157,2.169999960809946,133.2349972166121,2025-03-21 07:00:00+08:00
2025-03-20 23:00:00+00:00,2025-03-21 07:00:00+08:00,GPM_1.25_103.55,103.54999542236328,1.25,0.10999999940395355,0.054999999701976776,3B-HHR.MS.MRG.3IMERG.20250320-S230000-E232959.1380.V07B.HDF5,0.054999999701976776,1.6849999614059925,2.199999962002039,125.19999706372619,2025-03-21 07:30:00+08:00
2025-03-20 23:30:00+00:00,2025-03-21 07:30:00+08:00,GPM_1.25_103.55,103.54999542236328,1.25,0.07000000029802322,0.03500000014901161,3B-HHR.MS.MRG.3IMERG.20250320-S233000-E235959.1410.V07B.HDF5,0.08999999985098839,1.6849999614059925,2.2349999621510506,115.77499702572823,2025-03-21 08:00:00+08:00
2025-03-21 00:00:00+00:00,2025-03-21 08:00:00+08:00,GPM_1.25_103.55,103.54999542236328,1.25,0.0,0.0,3B-HHR.MS.MRG.3IMERG.20250321-S000000-E002959.0000.V07B.HDF5,0.03500000014901161,0.9500000067055225,2.2349999621510506,107.24499729275703,2025-03-21 08:30:00+08:00
2025-03-21 00:30:00+00:00,2025-03-21 08:30:00+08:00,GPM_1.25_103.55,103.54999542236328,1.25,0.0,0.0,3B-HHR.MS.MRG.3IMERG.20250321-S003000-E005959.0030.V07B.HDF5,0.0,0.20999999716877937,2.2349999621510506,98.80499771237373,2025-03-21 09:00:00+08:00
2025-03-21 01:00:00+00:00,2025-03-21 09:00:00+08:00,GPM_1.25_103.55,103.54999542236328,1.25,0.0,0.0,3B-HHR.MS.MRG.3IMERG.20250321-S010000-E012959.0060.V07B.HDF5,0.0,0.08999999985098839,1.9299999549984932,90.09999778866768,2025-03-21 09:30:00+08:00
2025-03-21 01:30:00+00:00,2025-03-21 09:30:00+08:00,GPM_1.25_103.55,103.54999542236328,1.25,0.0,0.0,3B-HHR.MS.MRG.3IMERG.20250321-S013000-E015959.0090.V07B.HDF5,0.0,0.08999999985098839,1.7199999615550041,81.72499778866768,2025-03-21 10:00:00+08:00
2025-03-21 02:00:00+00:00,2025-03-21 10:00:00+08:00,GPM_1.25_103.55,103.54999542236328,1.25,0.0,0.0,3B-HHR.MS.MRG.3IMERG.20250321-S020000-E022959.0120.V07B.HDF5,0.0,0.03500000014901161,1.7199999615550041,73.98999813199043,2025-03-21 10:30:00+08:00
2025-03-21 02:30:00+00:00,2025-03-21 10:30:00+08:00,GPM_1.25_103.55,103.54999542236328,1.25,0.0,0.0,3B-HHR.MS.MRG.3IMERG.20250321-S023000-E025959.0150.V07B.HDF5,0.0,0.0,1.6849999614059925,66.46499851346016,2025-03-21 11:00:00+08:00
2025-03-21 03:00:00+00:00,2025-03-21 11:00:00+08:00,GPM_1.25_103.55,103.54999542236328,1.25,0.0,0.0,3B-HHR.MS.MRG.3IMERG.20250321-S030000-E032959.0180.V07B.HDF5,0.0,0.0,0.9500000067055225,60.099998742341995,2025-03-21 11:30:00+08:00
2025-03-21 03:30:00+00:00,2025-03-21 11:30:00+08:00,GPM_1.25_103.55,103.54999542236328,1.25,0.0,0.0,3B-HHR.MS.MRG.3IMERG.20250321-S033000-E035959.0210.V07B.HDF5,0.0,0.0,0.20999999716877937,54.93499878048897,2025-03-21 12:00:00+08:00
2025-03-21 04:00:00+00:00,2025-03-21 12:00:00+08:00,GPM_1.25_103.55,103.54999542236328,1.25,0.05999999865889549,0.029999999329447746,3B-HHR.MS.MRG.3IMERG.20250321-S040000-E042959.0240.V07B.HDF5,0.029999999329447746,0.029999999329447746,0.11999999918043613,49.969998894259334,2025-03-21 12:30:00+08:00
2025-03-21 04:30:00+00:00,2025-03-21 12:30:00+08:00,GPM_1.25_103.55,103.54999542236328,1.25,0.0,0.0,3B-HHR.MS.MRG.3IMERG.20250321-S043000-E045959.0270.V07B.HDF5,0.029999999329447746,0.029999999329447746,0.11999999918043613,46.744998989626765,2025-03-21 13:00:00+08:00
2025-03-21 05:00:00+00:00,2025-03-21 13:00:00+08:00,GPM_1.25_103.55,103.54999542236328,1.25,0.0,0.0,3B-HHR.MS.MRG.3IMERG.20250321-S050000-E052959.0300.V07B.HDF5,0.0,0.029999999329447746,0.06499999947845936,43.95499902777374,2025-03-21 13:30:00+08:00
2025-03-21 05:30:00+00:00,2025-03-21 13:30:00+08:00,GPM_1.25_103.55,103.54999542236328,1.25,0.0,0.0,3B-HHR.MS.MRG.3IMERG.20250321-S053000-E055959.0330.V07B.HDF5,0.0,0.029999999329447746,0.029999999329447746,40.309999046847224,2025-03-21 14:00:00+08:00
2025-03-21 06:00:00+00:00,2025-03-21 14:00:00+08:00,GPM_1.25_103.55,103.54999542236328,1.25,0.0,0.0,3B-HHR.MS.MRG.3IMERG.20250321-S060000-E062959.0360.V07B.HDF5,0.0,0.029999999329447746,0.029999999329447746,37.339999018236995,2025-03-21 14:30:00+08:00
2025-03-21 06:30:00+00:00,2025-03-21 14:30:00+08:00,GPM_1.25_103.55,103.54999542236328,1.25,0.0,0.0,3B-HHR.MS.MRG.3IMERG.20250321-S063000-E065959.0390.V07B.HDF5,0.0,0.029999999329447746,0.029999999329447746,34.619998989626765,2025-03-21 15:00:00+08:00
2025-03-21 07:00:00+00:00,2025-03-21 15:00:00+08:00,GPM_1.25_103.55,103.54999542236328,1.25,0.0,0.0,3B-HHR.MS.MRG.3IMERG.20250321-S070000-E072959.0420.V07B.HDF5,0.0,0.0,0.029999999329447746,32.12999898009002,2025-03-21 15:30:00+08:00
2025-03-21 07:30:00+00:00,2025-03-21 15:30:00+08:00,GPM_1.25_103.55,103.54999542236328,1.25,0.0,0.0,3B-HHR.MS.MRG.3IMERG.20250321-S073000-E075959.0450.V07B.HDF5,0.0,0.0,0.029999999329447746,29.714999018236995,2025-03-21 16:00:00+08:00
2025-03-21 08:00:00+00:00,2025-03-21 16:00:00+08:00,GPM_1.25_103.55,103.54999542236328,1.25,0.25999999046325684,0.12999999523162842,3B-HHR.MS.MRG.3IMERG.20250321-S080000-E082959.0480.V07B.HDF5,0.12999999523162842,0.12999999523162842,0.15999999456107616,27.214999137446284,2025-03-21 16:30:00+08:00
2025-03-21 08:30:00+00:00,2025-03-21 16:30:00+08:00,GPM_1.25_103.55,103.54999542236328,1.25,0.07999999821186066,0.03999999910593033,3B-HHR.MS.MRG.3IMERG.20250321-S083000-E085959.0510.V07B.HDF5,0.16999999433755875,0.16999999433755875,0.1999999936670065,25.309999203309417,2025-03-21 17:00:00+08:00
2025-03-21 09:00:00+00:00,2025-03-21 17:00:00+08:00,GPM_1.25_103.55,103.54999542236328,1.25,1.0699999332427979,0.5349999666213989,3B-HHR.MS.MRG.3IMERG.20250321-S090000-E092959.0540.V07B.HDF5,0.5749999657273293,0.7049999609589577,0.7349999602884054,23.784999227151275,2025-03-21 17:30:00+08:00
2025-03-21 09:30:00+00:00,2025-03-21 17:30:00+08:00,GPM_1.25_103.55,103.54999542236328,1.25,0.3199999928474426,0.1599999964237213,3B-HHR.MS.MRG.3IMERG.20250321-S093000-E095959.0570.V07B.HDF5,0.6949999630451202,0.864999957382679,0.8949999567121267,22.134999280795455,2025-03-21 18:00:00+08:00
2025-03-21 10:00:00+00:00,2025-03-21 18:00:00+08:00,GPM_1.25_103.55,103.54999542236328,1.25,0.11999999731779099,0.05999999865889549,3B-HHR.MS.MRG.3IMERG.20250321-S100000-E102959.0600.V07B.HDF5,0.2199999950826168,0.9249999560415745,0.9249999560415745,19.794999422505498,2025-03-21 18:30:00+08:00
2025-03-21 10:30:00+00:00,2025-03-21 18:30:00+08:00,GPM_1.25_103.55,103.54999542236328,1.25,0.22999998927116394,0.11499999463558197,3B-HHR.MS.MRG.3IMERG.20250321-S103000-E105959.0630.V07B.HDF5,0.17499999329447746,1.0399999506771564,1.0399999506771564,17.864999579265714,2025-03-21 19:00:00+08:00
2025-03-21 11:00:00+00:00,2025-03-21 19:00:00+08:00,GPM_1.25_103.55,103.54999542236328,1.25,0.3999999761581421,0.19999998807907104,3B-HHR.MS.MRG.3IMERG.20250321-S110000-E112959.0660.V07B.HDF5,0.314999982714653,1.109999943524599,1.2399999387562275,14.869999634101987,2025-03-21 19:30:00+08:00
2025-03-21 11:30:00+00:00,2025-03-21 19:30:00+08:00,GPM_1.25_103.55,103.54999542236328,1.25,0.85999995470047,0.429999977350235,3B-HHR.MS.MRG.3IMERG.20250321-S113000-E115959.0690.V07B.HDF5,0.629999965429306,1.4999999217689037,1.6699999161064625,12.70999969728291,2025-03-21 20:00:00+08:00
2025-03-21 12:00:00+00:00,2025-03-21 20:00:00+08:00,GPM_1.25_103.55,103.54999542236328,1.25,0.550000011920929,0.2750000059604645,3B-HHR.MS.MRG.3IMERG.20250321-S120000-E122959.0720.V07B.HDF5,0.7049999833106995,1.2399999611079693,1.944999922066927,11.254999684169888,2025-03-21 20:30:00+08:00
2025-03-21 12:30:00+00:00,2025-03-21 20:30:00+08:00,GPM_1.25_103.55,103.54999542236328,1.25,0.4099999964237213,0.20499999821186066,3B-HHR.MS.MRG.3IMERG.20250321-S123000-E125959.0750.V07B.HDF5,0.48000000417232513,1.2849999628961086,2.1499999202787876,9.92499971576035,2025-03-21 21:00:00+08:00
2025-03-21 13:00:00+00:00,2025-03-21 21:00:00+08:00,GPM_1.25_103.55,103.54999542236328,1.25,0.14000000059604645,0.07000000029802322,3B-HHR.MS.MRG.3IMERG.20250321-S130000-E132959.0780.V07B.HDF5,0.2749999985098839,1.2949999645352364,2.219999920576811,8.999999711290002,2025-03-21 21:30:00+08:00
2025-03-21 13:30:00+00:00,2025-03-21 21:30:00+08:00,GPM_1.25_103.55,103.54999542236328,1.25,0.22999998927116394,0.11499999463558197,3B-HHR.MS.MRG.3IMERG.20250321-S133000-E135959.0810.V07B.HDF5,0.1849999949336052,1.2949999645352364,2.334999915212393,8.42499970830977,2025-03-21 22:00:00+08:00
2025-03-21 14:00:00+00:00,2025-03-21 22:00:00+08:00,GPM_1.25_103.55,103.54999542236328,1.25,0.14999999105930328,0.07499999552965164,3B-HHR.MS.MRG.3IMERG.20250321-S140000-E142959.0840.V07B.HDF5,0.1899999901652336,1.169999971985817,2.279999915510416,7.8299997467547655,2025-03-21 22:30:00+08:00
2025-03-21 14:30:00+00:00,2025-03-21 22:30:00+08:00,GPM_1.25_103.55,103.54999542236328,1.25,0.1899999976158142,0.0949999988079071,3B-HHR.MS.MRG.3IMERG.20250321-S143000-E145959.0870.V07B.HDF5,0.16999999433755875,0.8349999934434891,2.334999915212393,7.369999738410115,2025-03-21 23:00:00+08:00
2025-03-21 15:00:00+00:00,2025-03-21 23:00:00+08:00,GPM_1.25_103.55,103.54999542236328,1.25,0.7400000095367432,0.3700000047683716,3B-HHR.MS.MRG.3IMERG.20250321-S150000-E152959.0900.V07B.HDF5,0.4650000035762787,0.9299999922513962,2.1699999533593655,7.259999753907323,2025-03-21 23:30:00+08:00
2025-03-21 15:30:00+00:00,2025-03-21 23:30:00+08:00,GPM_1.25_103.55,103.54999542236328,1.25,0.8899999856948853,0.4449999928474426,3B-HHR.MS.MRG.3IMERG.20250321-S153000-E155959.0930.V07B.HDF5,0.8149999976158142,1.1699999868869781,2.4549999497830868,7.244999768212438,2025-03-22 00:00:00+08:00
2025-03-18 16:00:00+00:00,2025-03-19 00:00:00+08:00,GPM_1.25_103.65,103.64999389648438,1.25,0.0,0.0,3B-HHR.MS.MRG.3IMERG.20250318-S160000-E162959.0960.V07B.HDF5,,,,,2025-03-19 00:30:00+08:00
2025-03-18 16:30:00+00:00,2025-03-19 00:30:00+08:00,GPM_1.25_103.65,103.64999389648438,1.25,0.0,0.0,3B-HHR.MS.MRG.3IMERG.20250318-S163000-E165959.0990.V07B.HDF5,0.0,,,,2025-03-19 01:00:00+08:00
2025-03-18 17:00:00+00:00,2025-03-19 01:00:00+08:00,GPM_1.25_103.65,103.64999389648438,1.25,0.0,0.0,3B-HHR.MS.MRG.3IMERG.20250318-S170000-E172959.1020.V07B.HDF5,0.0,,,,2025-03-19 01:30:00+08:00
2025-03-18 17:30:00+00:00,2025-03-19 01:30:00+08:00,GPM_1.25_103.65,103.64999389648438,1.25,0.0,0.0,3B-HHR.MS.MRG.3IMERG.20250318-S173000-E175959.1050.V07B.HDF5,0.0,,,,2025-03-19 02:00:00+08:00
2025-03-18 18:00:00+00:00,2025-03-19 02:00:00+08:00,GPM_1.25_103.65,103.64999389648438,1.25,0.0,0.0,3B-HHR.MS.MRG.3IMERG.20250318-S180000-E182959.1080.V07B.HDF5,0.0,,,,2025-03-19 02:30:00+08:00
2025-03-18 18:30:00+00:00,2025-03-19 02:30:00+08:00,GPM_1.25_103.65,103.64999389648438,1.25,0.0,0.0,3B-HHR.MS.MRG.3IMERG.20250318-S183000-E185959.1110.V07B.HDF5,0.0,0.0,,,2025-03-19 03:00:00+08:00
2025-03-18 19:00:00+00:00,2025-03-19 03:00:00+08:00,GPM_1.25_103.65,103.64999389648438,1.25,0.0,0.0,3B-HHR.MS.MRG.3IMERG.20250318-S190000-E192959.1140.V07B.HDF5,0.0,0.0,,,2025-03-19 03:30:00+08:00
2025-03-18 19:30:00+00:00,2025-03-19 03:30:00+08:00,GPM_1.25_103.65,103.64999389648438,1.25,0.0,0.0,3B-HHR.MS.MRG.3IMERG.20250318-S193000-E195959.1170.V07B.HDF5,0.0,0.0,,,2025-03-19 04:00:00+08:00
2025-03-18 20:00:00+00:00,2025-03-19 04:00:00+08:00,GPM_1.25_103.65,103.64999389648438,1.25,0.0,0.0,3B-HHR.MS.MRG.3IMERG.20250318-S200000-E202959.1200.V07B.HDF5,0.0,0.0,,,2025-03-19 04:30:00+08:00
2025-03-18 20:30:00+00:00,2025-03-19 04:30:00+08:00,GPM_1.25_103.65,103.64999389648438,1.25,0.3700000047683716,0.1850000023841858,3B-HHR.MS.MRG.3IMERG.20250318-S203000-E205959.1230.V07B.HDF5,0.1850000023841858,0.1850000023841858,,,2025-03-19 05:00:00+08:00
2025-03-18 21:00:00+00:00,2025-03-19 05:00:00+08:00,GPM_1.25_103.65,103.64999389648438,1.25,0.009999999776482582,0.004999999888241291,3B-HHR.MS.MRG.3IMERG.20250318-S210000-E212959.1260.V07B.HDF5,0.19000000227242708,0.19000000227242708,,,2025-03-19 05:30:00+08:00
2025-03-18 21:30:00+00:00,2025-03-19 05:30:00+08:00,GPM_1.25_103.65,103.64999389648438,1.25,0.14000000059604645,0.07000000029802322,3B-HHR.MS.MRG.3IMERG.20250318-S213000-E215959.1290.V07B.HDF5,0.07500000018626451,0.2600000025704503,0.2600000025704503,,2025-03-19 06:00:00+08:00
2025-03-18 22:00:00+00:00,2025-03-19 06:00:00+08:00,GPM_1.25_103.65,103.64999389648438,1.25,0.3799999952316284,0.1899999976158142,3B-HHR.MS.MRG.3IMERG.20250318-S220000-E222959.1320.V07B.HDF5,0.25999999791383743,0.4500000001862645,0.4500000001862645,,2025-03-19 06:30:00+08:00
2025-03-18 22:30:00+00:00,2025-03-19 06:30:00+08:00,GPM_1.25_103.65,103.64999389648438,1.25,0.19999998807907104,0.09999999403953552,3B-HHR.MS.MRG.3IMERG.20250318-S223000-E225959.1350.V07B.HDF5,0.28999999165534973,0.5499999942258,0.5499999942258,,2025-03-19 07:00:00+08:00
2025-03-18 23:00:00+00:00,2025-03-19 07:00:00+08:00,GPM_1.25_103.65,103.64999389648438,1.25,0.08999999612569809,0.044999998062849045,3B-HHR.MS.MRG.3IMERG.20250318-S230000-E232959.1380.V07B.HDF5,0.14499999210238457,0.5949999922886491,0.5949999922886491,,2025-03-19 07:30:00+08:00
2025-03-18 23:30:00+00:00,2025-03-19 07:30:00+08:00,GPM_1.25_103.65,103.64999389648438,1.25,0.1899999976158142,0.0949999988079071,3B-HHR.MS.MRG.3IMERG.20250318-S233000-E235959.1410.V07B.HDF5,0.13999999687075615,0.5049999887123704,0.6899999910965562,,2025-03-19 08:00:00+08:00
2025-03-19 00:00:00+00:00,2025-03-19 08:00:00+08:00,GPM_1.25_103.65,103.64999389648438,1.25,0.5,0.25,3B-HHR.MS.MRG.3IMERG.20250319-S000000-E002959.0000.V07B.HDF5,0.3449999988079071,0.7499999888241291,0.9399999910965562,,2025-03-19 08:30:00+08:00
2025-03-19 00:30:00+00:00,2025-03-19 08:30:00+08:00,GPM_1.25_103.65,103.64999389648438,1.25,3.8999998569488525,1.9499999284744263,3B-HHR.MS.MRG.3IMERG.20250319-S003000-E005959.0030.V07B.HDF5,2.1999999284744263,2.629999917000532,2.8899999195709825,,2025-03-19 09:00:00+08:00
2025-03-19 01:00:00+00:00,2025-03-19 09:00:00+08:00,GPM_1.25_103.65,103.64999389648438,1.25,3.25,1.625,3B-HHR.MS.MRG.3IMERG.20250319-S010000-E012959.0060.V07B.HDF5,3.5749999284744263,4.064999919384718,4.5149999195709825,,2025-03-19 09:30:00+08:00
2025-03-19 01:30:00+00:00,2025-03-19 09:30:00+08:00,GPM_1.25_103.65,103.64999389648438,1.25,6.079999923706055,3.0399999618530273,3B-HHR.MS.MRG.3IMERG.20250319-S013000-E015959.0090.V07B.HDF5,4.664999961853027,7.00499988719821,7.55499988142401,,2025-03-19 10:00:00+08:00
2025-03-19 02:00:00+00:00,2025-03-19 10:00:00+08:00,GPM_1.25_103.65,103.64999389648438,1.25,5.87999963760376,2.93999981880188,3B-HHR.MS.MRG.3IMERG.20250319-S020000-E022959.0120.V07B.HDF5,5.979999780654907,9.89999970793724,10.49499970022589,,2025-03-19 10:30:00+08:00
2025-03-19 02:30:00+00:00,2025-03-19 10:30:00+08:00,GPM_1.25_103.65,103.64999389648438,1.25,5.699999809265137,2.8499999046325684,3B-HHR.MS.MRG.3IMERG.20250319-S023000-E025959.0150.V07B.HDF5,5.789999723434448,12.654999613761902,13.159999602474272,,2025-03-19 11:00:00+08:00
2025-03-19 03:00:00+00:00,2025-03-19 11:00:00+08:00,GPM_1.25_103.65,103.64999389648438,1.25,5.889999866485596,2.944999933242798,3B-HHR.MS.MRG.3IMERG.20250319-S030000-E032959.0180.V07B.HDF5,5.794999837875366,15.3499995470047,16.09999953582883,,2025-03-19 11:30:00+08:00
2025-03-19 03:30:00+00:00,2025-03-19 11:30:00+08:00,GPM_1.25_103.65,103.64999389648438,1.25,6.819999694824219,3.4099998474121094,3B-HHR.MS.MRG.3IMERG.20250319-S033000-E035959.0210.V07B.HDF5,6.354999780654907,16.809999465942383,19.439999382942915,,2025-03-19 12:00:00+08:00
2025-03-19 04:00:00+00:00,2025-03-19 12:00:00+08:00,GPM_1.25_103.65,103.64999389648438,1.25,5.230000019073486,2.615000009536743,3B-HHR.MS.MRG.3IMERG.20250319-S040000-E042959.0240.V07B.HDF5,6.0249998569488525,17.799999475479126,21.864999394863844,,2025-03-19 12:30:00+08:00
2025-03-19 04:30:00+00:00,2025-03-19 12:30:00+08:00,GPM_1.25_103.65,103.64999389648438,1.25,8.130000114440918,4.065000057220459,3B-HHR.MS.MRG.3IMERG.20250319-S043000-E045959.0270.V07B.HDF5,6.680000066757202,18.824999570846558,25.829999458044767,,2025-03-19 13:00:00+08:00
2025-03-19 05:00:00+00:00,2025-03-19 13:00:00+08:00,GPM_1.25_103.65,103.64999389648438,1.25,7.659999847412109,3.8299999237060547,3B-HHR.MS.MRG.3IMERG.20250319-S050000-E052959.0300.V07B.HDF5,7.894999980926514,19.714999675750732,29.614999383687973,,2025-03-19 13:30:00+08:00
2025-03-19 05:30:00+00:00,2025-03-19 13:30:00+08:00,GPM_1.25_103.65,103.64999389648438,1.25,10.739999771118164,5.369999885559082,3B-HHR.MS.MRG.3IMERG.20250319-S053000-E055959.0330.V07B.HDF5,9.199999809265137,22.234999656677246,34.88999927043915,,2025-03-19 14:00:00+08:00
2025-03-19 06:00:00+00:00,2025-03-19 14:00:00+08:00,GPM_1.25_103.65,103.64999389648438,1.25,9.59000015258789,4.795000076293945,3B-HHR.MS.MRG.3IMERG.20250319-S060000-E062959.0360.V07B.HDF5,10.164999961853027,24.084999799728394,39.43499934673309,,2025-03-19 14:30:00+08:00
2025-03-19 06:30:00+00:00,2025-03-19 14:30:00+08:00,GPM_1.25_103.65,103.64999389648438,1.25,7.349999904632568,3.674999952316284,3B-HHR.MS.MRG.3IMERG.20250319-S063000-E065959.0390.V07B.HDF5,8.47000002861023,24.34999990463257,41.15999937057495,,2025-03-19 15:00:00+08:00
2025-03-19 07:00:00+00:00,2025-03-19 15:00:00+08:00,GPM_1.25_103.65,103.64999389648438,1.25,11.369999885559082,5.684999942779541,3B-HHR.MS.MRG.3IMERG.20250319-S070000-E072959.0420.V07B.HDF5,9.359999895095825,27.419999837875366,45.21999931335449,,2025-03-19 15:30:00+08:00
2025-03-19 07:30:00+00:00,2025-03-19 15:30:00+08:00,GPM_1.25_103.65,103.64999389648438,1.25,8.329999923706055,4.164999961853027,3B-HHR.MS.MRG.3IMERG.20250319-S073000-E075959.0450.V07B.HDF5,9.849999904632568,27.519999742507935,46.34499931335449,,2025-03-19 16:00:00+08:00
2025-03-19 08:00:00+00:00,2025-03-19 16:00:00+08:00,GPM_1.25_103.65,103.64999389648438,1.25,6.779999732971191,3.3899998664855957,3B-HHR.MS.MRG.3IMERG.20250319-S080000-E082959.0480.V07B.HDF5,7.554999828338623,27.079999685287476,46.79499936103821,,2025-03-19 16:30:00+08:00
2025-03-19 08:30:00+00:00,2025-03-19 16:30:00+08:00,GPM_1.25_103.65,103.64999389648438,1.25,7.279999732971191,3.6399998664855957,3B-HHR.MS.MRG.3IMERG.20250319-S083000-E085959.0510.V07B.HDF5,7.029999732971191,25.34999966621399,47.584999322891235,,2025-03-19 17:00:00+08:00
2025-03-19 09:00:00+00:00,2025-03-19 17:00:00+08:00,GPM_1.25_103.65,103.64999389648438,1.25,7.269999980926514,3.634999990463257,3B-HHR.MS.MRG.3IMERG.20250319-S090000-E092959.0540.V07B.HDF5,7.2749998569488525,24.1899995803833,48.274999380111694,,2025-03-19 17:30:00+08:00
2025-03-19 09:30:00+00:00,2025-03-19 17:30:00+08:00,GPM_1.25_103.65,103.64999389648438,1.25,6.909999847412109,3.4549999237060547,3B-HHR.MS.MRG.3IMERG.20250319-S093000-E095959.0570.V07B.HDF5,7.0899999141693115,23.96999955177307,48.31999945640564,,2025-03-19 18:00:00+08:00
2025-03-19 10:00:00+00:00,2025-03-19 18:00:00+08:00,GPM_1.25_103.65,103.64999389648438,1.25,6.230000019073486,3.115000009536743,3B-HHR.MS.MRG.3IMERG.20250319-S100000-E102959.0600.V07B.HDF5,6.569999933242798,21.399999618530273,48.81999945640564,,2025-03-19 18:30:00+08:00
2025-03-19 10:30:00+00:00,2025-03-19 18:30:00+08:00,GPM_1.25_103.65,103.64999389648438,1.25,7.089999675750732,3.544999837875366,3B-HHR.MS.MRG.3IMERG.20250319-S103000-E105959.0630.V07B.HDF5,6.659999847412109,20.779999494552612,48.29999923706055,,2025-03-19 19:00:00+08:00
2025-03-19 11:00:00+00:00,2025-03-19 19:00:00+08:00,GPM_1.25_103.65,103.64999389648438,1.25,6.779999732971191,3.3899998664855957,3B-HHR.MS.MRG.3IMERG.20250319-S110000-E112959.0660.V07B.HDF5,6.934999704360962,20.779999494552612,47.85999917984009,,2025-03-19 19:30:00+08:00
2025-03-19 11:30:00+00:00,2025-03-19 19:30:00+08:00,GPM_1.25_103.65,103.64999389648438,1.25,6.71999979019165,3.359999895095825,3B-HHR.MS.MRG.3IMERG.20250319-S113000-E115959.0690.V07B.HDF5,6.749999761581421,20.499999523162842,45.84999918937683,,2025-03-19 20:00:00+08:00
2025-03-19 12:00:00+00:00,2025-03-19 20:00:00+08:00,GPM_1.25_103.65,103.64999389648438,1.25,4.679999828338623,2.3399999141693115,3B-HHR.MS.MRG.3IMERG.20250319-S120000-E122959.0720.V07B.HDF5,5.699999809265137,19.204999446868896,43.3949990272522,,2025-03-19 20:30:00+08:00
2025-03-19 12:30:00+00:00,2025-03-19 20:30:00+08:00,GPM_1.25_103.65,103.64999389648438,1.25,5.690000057220459,2.8450000286102295,3B-HHR.MS.MRG.3IMERG.20250319-S123000-E125959.0750.V07B.HDF5,5.184999942779541,18.59499955177307,42.56499910354614,,2025-03-19 21:00:00+08:00
2025-03-19 13:00:00+00:00,2025-03-19 21:00:00+08:00,GPM_1.25_103.65,103.64999389648438,1.25,6.489999771118164,3.244999885559082,3B-HHR.MS.MRG.3IMERG.20250319-S130000-E132959.0780.V07B.HDF5,6.0899999141693115,18.72499942779541,40.124999046325684,,2025-03-19 21:30:00+08:00
2025-03-19 13:30:00+00:00,2025-03-19 21:30:00+08:00,GPM_1.25_103.65,103.64999389648438,1.25,6.549999713897705,3.2749998569488525,3B-HHR.MS.MRG.3IMERG.20250319-S133000-E135959.0810.V07B.HDF5,6.519999742507935,18.454999446868896,39.23499894142151,,2025-03-19 22:00:00+08:00
2025-03-19 14:00:00+00:00,2025-03-19 22:00:00+08:00,GPM_1.25_103.65,103.64999389648438,1.25,7.230000019073486,3.615000009536743,3B-HHR.MS.MRG.3IMERG.20250319-S140000-E142959.0840.V07B.HDF5,6.889999866485596,18.679999589920044,39.459999084472656,,2025-03-19 22:30:00+08:00
2025-03-19 14:30:00+00:00,2025-03-19 22:30:00+08:00,GPM_1.25_103.65,103.64999389648438,1.25,6.420000076293945,3.2100000381469727,3B-HHR.MS.MRG.3IMERG.20250319-S143000-E145959.0870.V07B.HDF5,6.825000047683716,18.52999973297119,39.02999925613403,,2025-03-19 23:00:00+08:00
2025-03-19 15:00:00+00:00,2025-03-19 23:00:00+08:00,GPM_1.25_103.65,103.64999389648438,1.25,5.589999675750732,2.794999837875366,3B-HHR.MS.MRG.3IMERG.20250319-S150000-E152959.0900.V07B.HDF5,6.004999876022339,18.984999656677246,38.18999910354614,,2025-03-19 23:30:00+08:00
2025-03-19 15:30:00+00:00,2025-03-19 23:30:00+08:00,GPM_1.25_103.65,103.64999389648438,1.25,3.569999933242798,1.784999966621399,3B-HHR.MS.MRG.3IMERG.20250319-S153000-E155959.0930.V07B.HDF5,4.579999804496765,17.924999594688416,36.51999914646149,104.53999798838049,2025-03-20 00:00:00+08:00
2025-03-19 16:00:00+00:00,2025-03-20 00:00:00+08:00,GPM_1.25_103.65,103.64999389648438,1.25,1.3600000143051147,0.6800000071525574,3B-HHR.MS.MRG.3IMERG.20250319-S160000-E162959.0960.V07B.HDF5,2.4649999737739563,15.35999971628189,34.0849991440773,105.21999799553305,2025-03-20 00:30:00+08:00
2025-03-19 16:30:00+00:00,2025-03-20 00:30:00+08:00,GPM_1.25_103.65,103.64999389648438,1.25,5.710000038146973,2.8550000190734863,3B-HHR.MS.MRG.3IMERG.20250319-S163000-E165959.0990.V07B.HDF5,3.5350000262260437,14.939999878406525,33.39499932527542,108.07499801460654,2025-03-20 01:00:00+08:00
2025-03-19 17:00:00+00:00,2025-03-20 01:00:00+08:00,GPM_1.25_103.65,103.64999389648438,1.25,0.9199999570846558,0.4599999785423279,3B-HHR.MS.MRG.3IMERG.20250319-S170000-E172959.1020.V07B.HDF5,3.314999997615814,11.78499984741211,30.464999437332153,108.53499799314886,2025-03-20 01:30:00+08:00
2025-03-19 17:30:00+00:00,2025-03-20 01:30:00+08:00,GPM_1.25_103.65,103.64999389648438,1.25,3.419999837875366,1.709999918937683,3B-HHR.MS.MRG.3IMERG.20250319-S173000-E175959.1050.V07B.HDF5,2.169999897480011,10.28499972820282,28.81499946117401,110.24499791208655,2025-03-20 02:00:00+08:00
2025-03-19 18:00:00+00:00,2025-03-20 02:00:00+08:00,GPM_1.25_103.65,103.64999389648438,1.25,4.309999942779541,2.1549999713897705,3B-HHR.MS.MRG.3IMERG.20250319-S180000-E182959.1080.V07B.HDF5,3.8649998903274536,9.644999861717224,28.62999951839447,112.39999788347632,2025-03-20 02:30:00+08:00
2025-03-19 18:30:00+00:00,2025-03-20 02:30:00+08:00,GPM_1.25_103.65,103.64999389648438,1.25,6.649999618530273,3.3249998092651367,3B-HHR.MS.MRG.3IMERG.20250319-S183000-E185959.1110.V07B.HDF5,5.479999780654907,11.184999704360962,29.109999299049377,115.72499769274145,2025-03-20 03:00:00+08:00
2025-03-19 19:00:00+00:00,2025-03-20 03:00:00+08:00,GPM_1.25_103.65,103.64999389648438,1.25,6.609999656677246,3.304999828338623,3B-HHR.MS.MRG.3IMERG.20250319-S190000-E192959.1140.V07B.HDF5,6.62999963760376,13.809999525547028,29.16999924182892,119.02999752108008,2025-03-20 03:30:00+08:00
2025-03-19 19:30:00+00:00,2025-03-20 03:30:00+08:00,GPM_1.25_103.65,103.64999389648438,1.25,8.979999542236328,4.489999771118164,3B-HHR.MS.MRG.3IMERG.20250319-S193000-E195959.1170.V07B.HDF5,7.794999599456787,15.444999277591705,30.38499915599823,123.51999729219824,2025-03-20 04:00:00+08:00
2025-03-19 20:00:00+00:00,2025-03-20 04:00:00+08:00,GPM_1.25_103.65,103.64999389648438,1.25,13.579999923706055,6.789999961853027,3B-HHR.MS.MRG.3IMERG.20250319-S200000-E202959.1200.V07B.HDF5,11.279999732971191,21.774999260902405,33.559999108314514,130.30999725405127,2025-03-20 04:30:00+08:00
2025-03-19 20:30:00+00:00,2025-03-20 04:30:00+08:00,GPM_1.25_103.65,103.64999389648438,1.25,9.920000076293945,4.960000038146973,3B-HHR.MS.MRG.3IMERG.20250319-S203000-E205959.1230.V07B.HDF5,11.75,25.024999380111694,35.309999108314514,135.08499728981405,2025-03-20 05:00:00+08:00
2025-03-19 21:00:00+00:00,2025-03-20 05:00:00+08:00,GPM_1.25_103.65,103.64999389648438,1.25,10.359999656677246,5.179999828338623,3B-HHR.MS.MRG.3IMERG.20250319-S210000-E212959.1260.V07B.HDF5,10.139999866485596,28.049999237060547,37.69499909877777,140.25999711826444,2025-03-20 05:30:00+08:00
2025-03-19 21:30:00+00:00,2025-03-20 05:30:00+08:00,GPM_1.25_103.65,103.64999389648438,1.25,11.920000076293945,5.960000038146973,3B-HHR.MS.MRG.3IMERG.20250319-S213000-E215959.1290.V07B.HDF5,11.139999866485596,30.684999465942383,41.869999170303345,146.1499971561134,2025-03-20 06:00:00+08:00
2025-03-19 22:00:00+00:00,2025-03-20 06:00:00+08:00,GPM_1.25_103.65,103.64999389648438,1.25,14.719999313354492,7.359999656677246,3B-HHR.MS.MRG.3IMERG.20250319-S220000-E222959.1320.V07B.HDF5,13.319999694824219,34.739999294281006,48.54999881982803,153.31999681517482,2025-03-20 06:30:00+08:00
2025-03-19 22:30:00+00:00,2025-03-20 06:30:00+08:00,GPM_1.25_103.65,103.64999389648438,1.25,15.880000114440918,7.940000057220459,3B-HHR.MS.MRG.3IMERG.20250319-S223000-E225959.1350.V07B.HDF5,15.299999713897705,38.1899995803833,53.634998857975006,161.15999687835574,2025-03-20 07:00:00+08:00
2025-03-19 23:00:00+00:00,2025-03-20 07:00:00+08:00,GPM_1.25_103.65,103.64999389648438,1.25,14.559999465942383,7.279999732971191,3B-HHR.MS.MRG.3IMERG.20250319-S230000-E232959.1380.V07B.HDF5,15.21999979019165,38.679999351501465,60.45499861240387,168.39499661326408,2025-03-20 07:30:00+08:00
2025-03-19 23:30:00+00:00,2025-03-20 07:30:00+08:00,GPM_1.25_103.65,103.64999389648438,1.25,17.469999313354492,8.734999656677246,3B-HHR.MS.MRG.3IMERG.20250319-S233000-E235959.1410.V07B.HDF5,16.014999389648438,42.45499897003174,67.47999835014343,177.03499627113342,2025-03-20 08:00:00+08:00
2025-03-20 00:00:00+00:00,2025-03-20 08:00:00+08:00,GPM_1.25_103.65,103.64999389648438,1.25,16.28999900817871,8.144999504089355,3B-HHR.MS.MRG.3IMERG.20250320-S000000-E002959.0000.V07B.HDF5,16.8799991607666,45.41999864578247,73.46999788284302,184.92999577522278,2025-03-20 08:30:00+08:00
2025-03-20 00:30:00+00:00,2025-03-20 08:30:00+08:00,GPM_1.25_103.65,103.64999389648438,1.25,16.03999900817871,8.019999504089355,3B-HHR.MS.MRG.3IMERG.20250320-S003000-E005959.0030.V07B.HDF5,16.16499900817871,47.47999811172485,78.16499757766724,190.9999953508377,2025-03-20 09:00:00+08:00
2025-03-20 01:00:00+00:00,2025-03-20 09:00:00+08:00,GPM_1.25_103.65,103.64999389648438,1.25,19.78999900817871,9.894999504089355,3B-HHR.MS.MRG.3IMERG.20250320-S010000-E012959.0060.V07B.HDF5,17.91499900817871,50.01499795913696,84.75499725341797,199.26999485492706,2025-03-20 09:30:00+08:00
2025-03-20 01:30:00+00:00,2025-03-20 09:30:00+08:00,GPM_1.25_103.65,103.64999389648438,1.25,17.40999984741211,8.704999923706055,3B-HHR.MS.MRG.3IMERG.20250320-S013000-E015959.0090.V07B.HDF5,18.59999942779541,50.77999782562256,88.96999740600586,204.9349948167801,2025-03-20 10:00:00+08:00
2025-03-20 02:00:00+00:00,2025-03-20 10:00:00+08:00,GPM_1.25_103.65,103.64999389648438,1.25,17.020000457763672,8.510000228881836,3B-HHR.MS.MRG.3IMERG.20250320-S020000-E022959.0120.V07B.HDF5,17.21500015258789,52.0099983215332,90.68999767303467,210.50499522686005,2025-03-20 10:30:00+08:00
2025-03-20 02:30:00+00:00,2025-03-20 10:30:00+08:00,GPM_1.25_103.65,103.64999389648438,1.25,16.75,8.375,3B-HHR.MS.MRG.3IMERG.20250320-S023000-E025959.0150.V07B.HDF5,16.885000228881836,51.64999866485596,94.1049976348877,216.02999532222748,2025-03-20 11:00:00+08:00
2025-03-20 03:00:00+00:00,2025-03-20 11:00:00+08:00,GPM_1.25_103.65,103.64999389648438,1.25,15.1899995803833,7.59499979019165,3B-HHR.MS.MRG.3IMERG.20250320-S030000-E032959.0180.V07B.HDF5,15.96999979019165,51.09999895095825,96.51999759674072,220.67999517917633,2025-03-20 11:30:00+08:00
2025-03-20 03:30:00+00:00,2025-03-20 11:30:00+08:00,GPM_1.25_103.65,103.64999389648438,1.25,13.90999984741211,6.954999923706055,3B-HHR.MS.MRG.3IMERG.20250320-S033000-E035959.0210.V07B.HDF5,14.549999713897705,50.03499937057495,97.5149974822998,224.22499525547028,2025-03-20 12:00:00+08:00
2025-03-20 04:00:00+00:00,2025-03-20 12:00:00+08:00,GPM_1.25_103.65,103.64999389648438,1.25,11.949999809265137,5.974999904632568,3B-HHR.MS.MRG.3IMERG.20250320-S040000-E042959.0240.V07B.HDF5,12.929999828338623,46.114999771118164,96.12999773025513,227.5849951505661,2025-03-20 12:30:00+08:00
2025-03-20 04:30:00+00:00,2025-03-20 12:30:00+08:00,GPM_1.25_103.65,103.64999389648438,1.25,7.589999675750732,3.794999837875366,3B-HHR.MS.MRG.3IMERG.20250320-S043000-E045959.0270.V07B.HDF5,9.769999742507935,41.204999685287476,91.98499751091003,227.314994931221,2025-03-20 13:00:00+08:00
2025-03-20 05:00:00+00:00,2025-03-20 13:00:00+08:00,GPM_1.25_103.65,103.64999389648438,1.25,6.730000019073486,3.365000009536743,3B-HHR.MS.MRG.3IMERG.20250320-S050000-E052959.0300.V07B.HDF5,7.159999847412109,36.05999946594238,88.06999778747559,226.8499950170517,2025-03-20 13:30:00+08:00
2025-03-20 05:30:00+00:00,2025-03-20 13:30:00+08:00,GPM_1.25_103.65,103.64999389648438,1.25,8.569999694824219,4.284999847412109,3B-HHR.MS.MRG.3IMERG.20250320-S053000-E055959.0330.V07B.HDF5,7.6499998569488525,31.969999313354492,83.61999797821045,225.76499497890472,2025-03-20 14:00:00+08:00
2025-03-20 06:00:00+00:00,2025-03-20 14:00:00+08:00,GPM_1.25_103.65,103.64999389648438,1.25,6.62999963760376,3.31499981880188,3B-HHR.MS.MRG.3IMERG.20250320-S060000-E062959.0360.V07B.HDF5,7.599999666213989,27.68999934196472,78.78999829292297,224.28499472141266,2025-03-20 14:30:00+08:00
2025-03-20 06:30:00+00:00,2025-03-20 14:30:00+08:00,GPM_1.25_103.65,103.64999389648438,1.25,6.21999979019165,3.109999895095825,3B-HHR.MS.MRG.3IMERG.20250320-S063000-E065959.0390.V07B.HDF5,6.424999713897705,23.844999313354492,73.87999868392944,223.7199946641922,2025-03-20 15:00:00+08:00
2025-03-20 07:00:00+00:00,2025-03-20 15:00:00+08:00,GPM_1.25_103.65,103.64999389648438,1.25,5.420000076293945,2.7100000381469727,3B-HHR.MS.MRG.3IMERG.20250320-S070000-E072959.0420.V07B.HDF5,5.819999933242798,20.579999446868896,66.69499921798706,220.74499475955963,2025-03-20 15:30:00+08:00
2025-03-20 07:30:00+00:00,2025-03-20 15:30:00+08:00,GPM_1.25_103.65,103.64999389648438,1.25,4.949999809265137,2.4749999046325684,3B-HHR.MS.MRG.3IMERG.20250320-S073000-E075959.0450.V07B.HDF5,5.184999942779541,19.2599995136261,60.464999198913574,219.05499470233917,2025-03-20 16:00:00+08:00
2025-03-20 08:00:00+00:00,2025-03-20 16:00:00+08:00,GPM_1.25_103.65,103.64999389648438,1.25,5.789999961853027,2.8949999809265137,3B-HHR.MS.MRG.3IMERG.20250320-S080000-E082959.0480.V07B.HDF5,5.369999885559082,18.78999948501587,54.84999895095825,218.5599948167801,2025-03-20 16:30:00+08:00
2025-03-20 08:30:00+00:00,2025-03-20 16:30:00+08:00,GPM_1.25_103.65,103.64999389648438,1.25,4.210000038146973,2.1050000190734863,3B-HHR.MS.MRG.3IMERG.20250320-S083000-E085959.0510.V07B.HDF5,5.0,16.609999656677246,48.57999897003174,217.02499496936798,2025-03-20 17:00:00+08:00
2025-03-20 09:00:00+00:00,2025-03-20 17:00:00+08:00,GPM_1.25_103.65,103.64999389648438,1.25,5.099999904632568,2.549999952316284,3B-HHR.MS.MRG.3IMERG.20250320-S090000-E092959.0540.V07B.HDF5,4.6549999713897705,15.84499979019165,43.53499913215637,215.939994931221,2025-03-20 17:30:00+08:00
2025-03-20 09:30:00+00:00,2025-03-20 17:30:00+08:00,GPM_1.25_103.65,103.64999389648438,1.25,4.489999771118164,2.244999885559082,3B-HHR.MS.MRG.3IMERG.20250320-S093000-E095959.0570.V07B.HDF5,4.794999837875366,14.979999780654907,38.8249990940094,214.72999489307404,2025-03-20 18:00:00+08:00
2025-03-20 10:00:00+00:00,2025-03-20 18:00:00+08:00,GPM_1.25_103.65,103.64999389648438,1.25,5.759999752044678,2.879999876022339,3B-HHR.MS.MRG.3IMERG.20250320-S100000-E102959.0600.V07B.HDF5,5.124999761581421,15.149999618530273,35.72999906539917,214.49499475955963,2025-03-20 18:30:00+08:00
2025-03-20 10:30:00+00:00,2025-03-20 18:30:00+08:00,GPM_1.25_103.65,103.64999389648438,1.25,7.759999752044678,3.879999876022339,3B-HHR.MS.MRG.3IMERG.20250320-S103000-E105959.0630.V07B.HDF5,6.759999752044678,16.554999589920044,35.81499910354614,214.8299947977066,2025-03-20 19:00:00+08:00
2025-03-20 11:00:00+00:00,2025-03-20 19:00:00+08:00,GPM_1.25_103.65,103.64999389648438,1.25,4.619999885559082,2.309999942779541,3B-HHR.MS.MRG.3IMERG.20250320-S110000-E112959.0660.V07B.HDF5,6.18999981880188,15.969999551773071,34.75999903678894,213.74999487400055,2025-03-20 19:30:00+08:00
2025-03-20 11:30:00+00:00,2025-03-20 19:30:00+08:00,GPM_1.25_103.65,103.64999389648438,1.25,4.099999904632568,2.049999952316284,3B-HHR.MS.MRG.3IMERG.20250320-S113000-E115959.0690.V07B.HDF5,4.359999895095825,15.91499948501587,32.524999141693115,212.439994931221,2025-03-20 20:00:00+08:00
2025-03-20 12:00:00+00:00,2025-03-20 20:00:00+08:00,GPM_1.25_103.65,103.64999389648438,1.25,3.4800000190734863,1.7400000095367432,3B-HHR.MS.MRG.3IMERG.20250320-S120000-E122959.0720.V07B.HDF5,3.7899999618530273,15.104999542236328,30.94999933242798,211.83999502658844,2025-03-20 20:30:00+08:00
2025-03-20 12:30:00+00:00,2025-03-20 20:30:00+08:00,GPM_1.25_103.65,103.64999389648438,1.25,2.869999885559082,1.434999942779541,3B-HHR.MS.MRG.3IMERG.20250320-S123000-E125959.0750.V07B.HDF5,3.174999952316284,14.294999599456787,29.274999380111694,210.42999494075775,2025-03-20 21:00:00+08:00
2025-03-20 13:00:00+00:00,2025-03-20 21:00:00+08:00,GPM_1.25_103.65,103.64999389648438,1.25,2.119999885559082,1.059999942779541,3B-HHR.MS.MRG.3IMERG.20250320-S130000-E132959.0780.V07B.HDF5,2.494999885559082,12.47499966621399,27.624999284744263,208.2449949979782,2025-03-20 21:30:00+08:00
2025-03-20 13:30:00+00:00,2025-03-20 21:30:00+08:00,GPM_1.25_103.65,103.64999389648438,1.25,1.3899999856948853,0.6949999928474426,3B-HHR.MS.MRG.3IMERG.20250320-S133000-E135959.0810.V07B.HDF5,1.7549999356269836,9.289999783039093,25.844999372959137,205.6649951338768,2025-03-20 22:00:00+08:00
2025-03-20 14:00:00+00:00,2025-03-20 22:00:00+08:00,GPM_1.25_103.65,103.64999389648438,1.25,1.3299999237060547,0.6649999618530273,3B-HHR.MS.MRG.3IMERG.20250320-S140000-E142959.0840.V07B.HDF5,1.35999995470047,7.644999802112579,23.61499935388565,202.71499508619308,2025-03-20 22:30:00+08:00
2025-03-20 14:30:00+00:00,2025-03-20 22:30:00+08:00,GPM_1.25_103.65,103.64999389648438,1.25,2.109999895095825,1.0549999475479126,3B-HHR.MS.MRG.3IMERG.20250320-S143000-E145959.0870.V07B.HDF5,1.71999990940094,6.649999797344208,22.564999282360077,200.55999499559402,2025-03-20 23:00:00+08:00
2025-03-20 15:00:00+00:00,2025-03-20 23:00:00+08:00,GPM_1.25_103.65,103.64999389648438,1.25,2.2899999618530273,1.1449999809265137,3B-HHR.MS.MRG.3IMERG.20250320-S150000-E152959.0900.V07B.HDF5,2.1999999284744263,6.054999768733978,21.159999310970306,198.90999513864517,2025-03-20 23:30:00+08:00
2025-03-20 15:30:00+00:00,2025-03-20 23:30:00+08:00,GPM_1.25_103.65,103.64999389648438,1.25,3.1499998569488525,1.5749999284744263,3B-HHR.MS.MRG.3IMERG.20250320-S153000-E155959.0930.V07B.HDF5,2.71999990940094,6.1949997544288635,20.48999935388565,198.6999951004982,2025-03-21 00:00:00+08:00
2025-03-20 16:00:00+00:00,2025-03-21 00:00:00+08:00,GPM_1.25_103.65,103.64999389648438,1.25,2.419999837875366,1.209999918937683,3B-HHR.MS.MRG.3IMERG.20250320-S160000-E162959.0960.V07B.HDF5,2.7849998474121094,6.344999730587006,18.819999396800995,199.22999501228333,2025-03-21 00:30:00+08:00
2025-03-20 16:30:00+00:00,2025-03-21 00:30:00+08:00,GPM_1.25_103.65,103.64999389648438,1.25,1.0,0.5,3B-HHR.MS.MRG.3IMERG.20250320-S163000-E165959.0990.V07B.HDF5,1.709999918937683,6.149999737739563,15.439999520778656,196.87499499320984,2025-03-21 01:00:00+08:00
2025-03-20 17:00:00+00:00,2025-03-21 01:00:00+08:00,GPM_1.25_103.65,103.64999389648438,1.25,0.17000000178813934,0.08500000089406967,3B-HHR.MS.MRG.3IMERG.20250320-S170000-E172959.1020.V07B.HDF5,0.5850000008940697,5.569999776780605,13.214999578893185,196.49999501556158,2025-03-21 01:30:00+08:00
2025-03-20 17:30:00+00:00,2025-03-21 01:30:00+08:00,GPM_1.25_103.65,103.64999389648438,1.25,0.23999999463558197,0.11999999731779099,3B-HHR.MS.MRG.3IMERG.20250320-S173000-E175959.1050.V07B.HDF5,0.20499999821186066,4.634999826550484,11.284999623894691,194.9099950939417,2025-03-21 02:00:00+08:00
2025-03-20 18:00:00+00:00,2025-03-21 02:00:00+08:00,GPM_1.25_103.65,103.64999389648438,1.25,0.0,0.0,3B-HHR.MS.MRG.3IMERG.20250320-S180000-E182959.1080.V07B.HDF5,0.11999999731779099,3.48999984562397,9.544999614357948,192.75499512255192,2025-03-21 02:30:00+08:00
2025-03-20 18:30:00+00:00,2025-03-21 02:30:00+08:00,GPM_1.25_103.65,103.64999389648438,1.25,0.3499999940395355,0.17499999701976776,3B-HHR.MS.MRG.3IMERG.20250320-S183000-E185959.1110.V07B.HDF5,0.17499999701976776,2.0899999141693115,8.284999668598175,189.60499531030655,2025-03-21 03:00:00+08:00
2025-03-20 19:00:00+00:00,2025-03-21 03:00:00+08:00,GPM_1.25_103.65,103.64999389648438,1.25,0.4399999976158142,0.2199999988079071,3B-HHR.MS.MRG.3IMERG.20250320-S190000-E192959.1140.V07B.HDF5,0.39499999582767487,1.0999999940395355,7.444999724626541,186.51999548077583,2025-03-21 03:30:00+08:00
2025-03-20 19:30:00+00:00,2025-03-21 03:30:00+08:00,GPM_1.25_103.65,103.64999389648438,1.25,0.09999999403953552,0.04999999701976776,3B-HHR.MS.MRG.3IMERG.20250320-S193000-E195959.1170.V07B.HDF5,0.26999999582767487,0.6499999910593033,6.799999728798866,182.07999570667744,2025-03-21 04:00:00+08:00
2025-03-20 20:00:00+00:00,2025-03-21 04:00:00+08:00,GPM_1.25_103.65,103.64999389648438,1.25,0.0,0.0,3B-HHR.MS.MRG.3IMERG.20250320-S200000-E202959.1200.V07B.HDF5,0.04999999701976776,0.5649999901652336,6.134999766945839,175.2899957448244,2025-03-21 04:30:00+08:00
2025-03-20 20:30:00+00:00,2025-03-21 04:30:00+08:00,GPM_1.25_103.65,103.64999389648438,1.25,0.29999998211860657,0.14999999105930328,3B-HHR.MS.MRG.3IMERG.20250320-S203000-E205959.1230.V07B.HDF5,0.14999999105930328,0.5949999839067459,5.22999981045723,170.47999569773674,2025-03-21 05:00:00+08:00
2025-03-20 21:00:00+00:00,2025-03-21 05:00:00+08:00,GPM_1.25_103.65,103.64999389648438,1.25,3.0399999618530273,1.5199999809265137,3B-HHR.MS.MRG.3IMERG.20250320-S210000-E212959.1260.V07B.HDF5,1.669999971985817,2.1149999648332596,5.60499981045723,166.81999585032463,2025-03-21 05:30:00+08:00
2025-03-20 21:30:00+00:00,2025-03-21 05:30:00+08:00,GPM_1.25_103.65,103.64999389648438,1.25,0.9699999690055847,0.48499998450279236,3B-HHR.MS.MRG.3IMERG.20250320-S213000-E215959.1290.V07B.HDF5,2.004999965429306,2.424999952316284,4.514999866485596,161.34499579668045,2025-03-21 06:00:00+08:00
2025-03-20 22:00:00+00:00,2025-03-21 06:00:00+08:00,GPM_1.25_103.65,103.64999389648438,1.25,0.08999999612569809,0.044999998062849045,3B-HHR.MS.MRG.3IMERG.20250320-S220000-E222959.1320.V07B.HDF5,0.5299999825656414,2.249999951571226,3.3499999456107616,154.02999613806605,2025-03-21 06:30:00+08:00
2025-03-20 22:30:00+00:00,2025-03-21 06:30:00+08:00,GPM_1.25_103.65,103.64999389648438,1.25,0.08999999612569809,0.044999998062849045,3B-HHR.MS.MRG.3IMERG.20250320-S223000-E225959.1350.V07B.HDF5,0.08999999612569809,2.2449999526143074,2.8949999436736107,146.13499607890844,2025-03-21 07:00:00+08:00
2025-03-20 23:00:00+00:00,2025-03-21 07:00:00+08:00,GPM_1.25_103.65,103.64999389648438,1.25,0.19999998807907104,0.09999999403953552,3B-HHR.MS.MRG.3IMERG.20250320-S230000-E232959.1380.V07B.HDF5,0.14499999210238457,2.344999946653843,2.9099999368190765,138.9549963399768,2025-03-21 07:30:00+08:00
2025-03-20 23:30:00+00:00,2025-03-21 07:30:00+08:00,GPM_1.25_103.65,103.64999389648438,1.25,0.0,0.0,3B-HHR.MS.MRG.3IMERG.20250320-S233000-E235959.1410.V07B.HDF5,0.09999999403953552,2.1949999555945396,2.7899999395012856,130.21999668329954,2025-03-21 08:00:00+08:00
2025-03-21 00:00:00+00:00,2025-03-21 08:00:00+08:00,GPM_1.25_103.65,103.64999389648438,1.25,0.0,0.0,3B-HHR.MS.MRG.3IMERG.20250321-S000000-E002959.0000.V07B.HDF5,0.0,0.674999974668026,2.7899999395012856,122.07499717921019,2025-03-21 08:30:00+08:00
2025-03-21 00:30:00+00:00,2025-03-21 08:30:00+08:00,GPM_1.25_103.65,103.64999389648438,1.25,0.0,0.0,3B-HHR.MS.MRG.3IMERG.20250321-S003000-E005959.0030.V07B.HDF5,0.0,0.1899999901652336,2.614999942481518,114.05499767512083,2025-03-21 09:00:00+08:00
2025-03-21 01:00:00+00:00,2025-03-21 09:00:00+08:00,GPM_1.25_103.65,103.64999389648438,1.25,0.08999999612569809,0.044999998062849045,3B-HHR.MS.MRG.3IMERG.20250321-S010000-E012959.0060.V07B.HDF5,0.044999998062849045,0.1899999901652336,2.4399999417364597,104.20499816909432,2025-03-21 09:30:00+08:00
2025-03-21 01:30:00+00:00,2025-03-21 09:30:00+08:00,GPM_1.25_103.65,103.64999389648438,1.25,0.19999998807907104,0.09999999403953552,3B-HHR.MS.MRG.3IMERG.20250321-S013000-E015959.0090.V07B.HDF5,0.14499999210238457,0.2449999861419201,2.4899999387562275,95.5999982394278,2025-03-21 10:00:00+08:00
2025-03-21 02:00:00+00:00,2025-03-21 10:00:00+08:00,GPM_1.25_103.65,103.64999389648438,1.25,0.0,0.0,3B-HHR.MS.MRG.3IMERG.20250321-S020000-E022959.0120.V07B.HDF5,0.09999999403953552,0.14499999210238457,2.4899999387562275,87.08999801054597,2025-03-21 10:30:00+08:00
2025-03-21 02:30:00+00:00,2025-03-21 10:30:00+08:00,GPM_1.25_103.65,103.64999389648438,1.25,0.0,0.0,3B-HHR.MS.MRG.3IMERG.20250321-S023000-E025959.0150.V07B.HDF5,0.0,0.14499999210238457,2.339999947696924,78.71499801054597,2025-03-21 11:00:00+08:00
2025-03-21 03:00:00+00:00,2025-03-21 11:00:00+08:00,GPM_1.25_103.65,103.64999389648438,1.25,0.0,0.0,3B-HHR.MS.MRG.3IMERG.20250321-S030000-E032959.0180.V07B.HDF5,0.0,0.14499999210238457,0.8199999667704105,71.11999822035432,2025-03-21 11:30:00+08:00
2025-03-21 03:30:00+00:00,2025-03-21 11:30:00+08:00,GPM_1.25_103.65,103.64999389648438,1.25,0.0,0.0,3B-HHR.MS.MRG.3IMERG.20250321-S033000-E035959.0210.V07B.HDF5,0.0,0.14499999210238457,0.3349999822676182,64.16499829664826,2025-03-21 12:00:00+08:00
2025-03-21 04:00:00+00:00,2025-03-21 12:00:00+08:00,GPM_1.25_103.65,103.64999389648438,1.25,0.0,0.0,3B-HHR.MS.MRG.3IMERG.20250321-S040000-E042959.0240.V07B.HDF5,0.0,0.09999999403953552,0.28999998420476913,58.189998392015696,2025-03-21 12:30:00+08:00
2025-03-21 04:30:00+00:00,2025-03-21 12:30:00+08:00,GPM_1.25_103.65,103.64999389648438,1.25,0.0,0.0,3B-HHR.MS.MRG.3IMERG.20250321-S043000-E045959.0270.V07B.HDF5,0.0,0.0,0.2449999861419201,54.39499855414033,2025-03-21 13:00:00+08:00
2025-03-21 05:00:00+00:00,2025-03-21 13:00:00+08:00,GPM_1.25_103.65,103.64999389648438,1.25,0.0,0.0,3B-HHR.MS.MRG.3IMERG.20250321-S050000-E052959.0300.V07B.HDF5,0.0,0.0,0.14499999210238457,51.029998544603586,2025-03-21 13:30:00+08:00
2025-03-21 05:30:00+00:00,2025-03-21 13:30:00+08:00,GPM_1.25_103.65,103.64999389648438,1.25,0.0,0.0,3B-HHR.MS.MRG.3IMERG.20250321-S053000-E055959.0330.V07B.HDF5,0.0,0.0,0.14499999210238457,46.74499869719148,2025-03-21 14:00:00+08:00
2025-03-21 06:00:00+00:00,2025-03-21 14:00:00+08:00,GPM_1.25_103.65,103.64999389648438,1.25,0.0,0.0,3B-HHR.MS.MRG.3IMERG.20250321-S060000-E062959.0360.V07B.HDF5,0.0,0.0,0.14499999210238457,43.4299988783896,2025-03-21 14:30:00+08:00
2025-03-21 06:30:00+00:00,2025-03-21 14:30:00+08:00,GPM_1.25_103.65,103.64999389648438,1.25,0.0,0.0,3B-HHR.MS.MRG.3IMERG.20250321-S063000-E065959.0390.V07B.HDF5,0.0,0.0,0.14499999210238457,40.31999898329377,2025-03-21 15:00:00+08:00
2025-03-21 07:00:00+00:00,2025-03-21 15:00:00+08:00,GPM_1.25_103.65,103.64999389648438,1.25,0.0,0.0,3B-HHR.MS.MRG.3IMERG.20250321-S070000-E072959.0420.V07B.HDF5,0.0,0.0,0.09999999403953552,37.6099989451468,2025-03-21 15:30:00+08:00
2025-03-21 07:30:00+00:00,2025-03-21 15:30:00+08:00,GPM_1.25_103.65,103.64999389648438,1.25,0.19999998807907104,0.09999999403953552,3B-HHR.MS.MRG.3IMERG.20250321-S073000-E075959.0450.V07B.HDF5,0.09999999403953552,0.09999999403953552,0.09999999403953552,35.234999034553766,2025-03-21 16:00:00+08:00
2025-03-21 08:00:00+00:00,2025-03-21 16:00:00+08:00,GPM_1.25_103.65,103.64999389648438,1.25,0.0,0.0,3B-HHR.MS.MRG.3IMERG.20250321-S080000-E082959.0480.V07B.HDF5,0.09999999403953552,0.09999999403953552,0.09999999403953552,32.33999905362725,2025-03-21 16:30:00+08:00
2025-03-21 08:30:00+00:00,2025-03-21 16:30:00+08:00,GPM_1.25_103.65,103.64999389648438,1.25,0.8299999833106995,0.41499999165534973,3B-HHR.MS.MRG.3IMERG.20250321-S083000-E085959.0510.V07B.HDF5,0.41499999165534973,0.5149999856948853,0.5149999856948853,30.649999026209116,2025-03-21 17:00:00+08:00
2025-03-21 09:00:00+00:00,2025-03-21 17:00:00+08:00,GPM_1.25_103.65,103.64999389648438,1.25,0.6800000071525574,0.3400000035762787,3B-HHR.MS.MRG.3IMERG.20250321-S090000-E092959.0540.V07B.HDF5,0.7549999952316284,0.8549999892711639,0.8549999892711639,28.43999907746911,2025-03-21 17:30:00+08:00
2025-03-21 09:30:00+00:00,2025-03-21 17:30:00+08:00,GPM_1.25_103.65,103.64999389648438,1.25,0.1899999976158142,0.0949999988079071,3B-HHR.MS.MRG.3IMERG.20250321-S093000-E095959.0570.V07B.HDF5,0.4350000023841858,0.949999988079071,0.949999988079071,26.289999190717936,2025-03-21 18:00:00+08:00
2025-03-21 10:00:00+00:00,2025-03-21 18:00:00+08:00,GPM_1.25_103.65,103.64999389648438,1.25,0.10999999940395355,0.054999999701976776,3B-HHR.MS.MRG.3IMERG.20250321-S100000-E102959.0600.V07B.HDF5,0.14999999850988388,1.0049999877810478,1.0049999877810478,23.464999314397573,2025-03-21 18:30:00+08:00
2025-03-21 10:30:00+00:00,2025-03-21 18:30:00+08:00,GPM_1.25_103.65,103.64999389648438,1.25,0.5299999713897705,0.26499998569488525,3B-HHR.MS.MRG.3IMERG.20250321-S103000-E105959.0630.V07B.HDF5,0.31999998539686203,1.1699999794363976,1.269999973475933,19.84999942407012,2025-03-21 19:00:00+08:00
2025-03-21 11:00:00+00:00,2025-03-21 19:00:00+08:00,GPM_1.25_103.65,103.64999389648438,1.25,0.3400000035762787,0.17000000178813934,3B-HHR.MS.MRG.3IMERG.20250321-S110000-E112959.0660.V07B.HDF5,0.4349999874830246,1.339999981224537,1.4399999752640724,17.709999483078718,2025-03-21 19:30:00+08:00
2025-03-21 11:30:00+00:00,2025-03-21 19:30:00+08:00,GPM_1.25_103.65,103.64999389648438,1.25,0.47999998927116394,0.23999999463558197,3B-HHR.MS.MRG.3IMERG.20250321-S113000-E115959.0690.V07B.HDF5,0.4099999964237213,1.1649999842047691,1.6799999698996544,15.899999525398016,2025-03-21 20:00:00+08:00
2025-03-21 12:00:00+00:00,2025-03-21 20:00:00+08:00,GPM_1.25_103.65,103.64999389648438,1.25,0.0,0.0,3B-HHR.MS.MRG.3IMERG.20250321-S120000-E122959.0720.V07B.HDF5,0.23999999463558197,0.8249999806284904,1.6799999698996544,14.159999515861273,2025-03-21 20:30:00+08:00
2025-03-21 12:30:00+00:00,2025-03-21 20:30:00+08:00,GPM_1.25_103.65,103.64999389648438,1.25,0.2199999988079071,0.10999999940395355,3B-HHR.MS.MRG.3IMERG.20250321-S123000-E125959.0750.V07B.HDF5,0.10999999940395355,0.8399999812245369,1.789999969303608,12.834999572485685,2025-03-21 21:00:00+08:00
2025-03-21 13:00:00+00:00,2025-03-21 21:00:00+08:00,GPM_1.25_103.65,103.64999389648438,1.25,0.17999999225139618,0.08999999612569809,3B-HHR.MS.MRG.3IMERG.20250321-S130000-E132959.0780.V07B.HDF5,0.19999999552965164,0.8749999776482582,1.879999965429306,11.864999625831842,2025-03-21 21:30:00+08:00
2025-03-21 13:30:00+00:00,2025-03-21 21:30:00+08:00,GPM_1.25_103.65,103.64999389648438,1.25,0.8100000023841858,0.4050000011920929,3B-HHR.MS.MRG.3IMERG.20250321-S133000-E135959.0810.V07B.HDF5,0.494999997317791,1.0149999931454659,2.1849999725818634,11.574999634176493,2025-03-21 22:00:00+08:00
2025-03-21 14:00:00+00:00,2025-03-21 22:00:00+08:00,GPM_1.25_103.65,103.64999389648438,1.25,0.0,0.0,3B-HHR.MS.MRG.3IMERG.20250321-S140000-E142959.0840.V07B.HDF5,0.4050000011920929,0.8449999913573265,2.1849999725818634,10.909999672323465,2025-03-21 22:30:00+08:00
2025-03-21 14:30:00+00:00,2025-03-21 22:30:00+08:00,GPM_1.25_103.65,103.64999389648438,1.25,0.0,0.0,3B-HHR.MS.MRG.3IMERG.20250321-S143000-E145959.0870.V07B.HDF5,0.0,0.6049999967217445,1.7699999809265137,9.854999724775553,2025-03-21 23:00:00+08:00
2025-03-21 15:00:00+00:00,2025-03-21 23:00:00+08:00,GPM_1.25_103.65,103.64999389648438,1.25,0.9199999570846558,0.4599999785423279,3B-HHR.MS.MRG.3IMERG.20250321-S150000-E152959.0900.V07B.HDF5,0.4599999785423279,1.0649999752640724,1.8899999558925629,9.169999722391367,2025-03-21 23:30:00+08:00
2025-03-21 15:30:00+00:00,2025-03-21 23:30:00+08:00,GPM_1.25_103.65,103.64999389648438,1.25,0.8199999928474426,0.4099999964237213,3B-HHR.MS.MRG.3IMERG.20250321-S153000-E155959.0930.V07B.HDF5,0.8699999749660492,1.3649999722838402,2.204999953508377,8.004999790340662,2025-03-22 00:00:00+08:00
2025-03-18 16:00:00+00:00,2025-03-19 00:00:00+08:00,GPM_1.35_103.55,103.54999542236328,1.350000023841858,0.0,0.0,3B-HHR.MS.MRG.3IMERG.20250318-S160000-E162959.0960.V07B.HDF5,,,,,2025-03-19 00:30:00+08:00
2025-03-18 16:30:00+00:00,2025-03-19 00:30:00+08:00,GPM_1.35_103.55,103.54999542236328,1.350000023841858,0.0,0.0,3B-HHR.MS.MRG.3IMERG.20250318-S163000-E165959.0990.V07B.HDF5,0.0,,,,2025-03-19 01:00:00+08:00
2025-03-18 17:00:00+00:00,2025-03-19 01:00:00+08:00,GPM_1.35_103.55,103.54999542236328,1.350000023841858,0.0,0.0,3B-HHR.MS.MRG.3IMERG.20250318-S170000-E172959.1020.V07B.HDF5,0.0,,,,2025-03-19 01:30:00+08:00
2025-03-18 17:30:00+00:00,2025-03-19 01:30:00+08:00,GPM_1.35_103.55,103.54999542236328,1.350000023841858,0.0,0.0,3B-HHR.MS.MRG.3IMERG.20250318-S173000-E175959.1050.V07B.HDF5,0.0,,,,2025-03-19 02:00:00+08:00
2025-03-18 18:00:00+00:00,2025-03-19 02:00:00+08:00,GPM_1.35_103.55,103.54999542236328,1.350000023841858,0.0,0.0,3B-HHR.MS.MRG.3IMERG.20250318-S180000-E182959.1080.V07B.HDF5,0.0,,,,2025-03-19 02:30:00+08:00
2025-03-18 18:30:00+00:00,2025-03-19 02:30:00+08:00,GPM_1.35_103.55,103.54999542236328,1.350000023841858,0.0,0.0,3B-HHR.MS.MRG.3IMERG.20250318-S183000-E185959.1110.V07B.HDF5,0.0,0.0,,,2025-03-19 03:00:00+08:00
2025-03-18 19:00:00+00:00,2025-03-19 03:00:00+08:00,GPM_1.35_103.55,103.54999542236328,1.350000023841858,0.0,0.0,3B-HHR.MS.MRG.3IMERG.20250318-S190000-E192959.1140.V07B.HDF5,0.0,0.0,,,2025-03-19 03:30:00+08:00
2025-03-18 19:30:00+00:00,2025-03-19 03:30:00+08:00,GPM_1.35_103.55,103.54999542236328,1.350000023841858,0.0,0.0,3B-HHR.MS.MRG.3IMERG.20250318-S193000-E195959.1170.V07B.HDF5,0.0,0.0,,,2025-03-19 04:00:00+08:00
2025-03-18 20:00:00+00:00,2025-03-19 04:00:00+08:00,GPM_1.35_103.55,103.54999542236328,1.350000023841858,0.0,0.0,3B-HHR.MS.MRG.3IMERG.20250318-S200000-E202959.1200.V07B.HDF5,0.0,0.0,,,2025-03-19 04:30:00+08:00
2025-03-18 20:30:00+00:00,2025-03-19 04:30:00+08:00,GPM_1.35_103.55,103.54999542236328,1.350000023841858,0.14000000059604645,0.07000000029802322,3B-HHR.MS.MRG.3IMERG.20250318-S203000-E205959.1230.V07B.HDF5,0.07000000029802322,0.07000000029802322,,,2025-03-19 05:00:00+08:00
2025-03-18 21:00:00+00:00,2025-03-19 05:00:00+08:00,GPM_1.35_103.55,103.54999542236328,1.350000023841858,0.0,0.0,3B-HHR.MS.MRG.3IMERG.20250318-S210000-E212959.1260.V07B.HDF5,0.07000000029802322,0.07000000029802322,,,2025-03-19 05:30:00+08:00
2025-03-18 21:30:00+00:00,2025-03-19 05:30:00+08:00,GPM_1.35_103.55,103.54999542236328,1.350000023841858,0.26999998092651367,0.13499999046325684,3B-HHR.MS.MRG.3IMERG.20250318-S213000-E215959.1290.V07B.HDF5,0.13499999046325684,0.20499999076128006,0.20499999076128006,,2025-03-19 06:00:00+08:00
2025-03-18 22:00:00+00:00,2025-03-19 06:00:00+08:00,GPM_1.35_103.55,103.54999542236328,1.350000023841858,0.5,0.25,3B-HHR.MS.MRG.3IMERG.20250318-S220000-E222959.1320.V07B.HDF5,0.38499999046325684,0.45499999076128006,0.45499999076128006,,2025-03-19 06:30:00+08:00
2025-03-18 22:30:00+00:00,2025-03-19 06:30:00+08:00,GPM_1.35_103.55,103.54999542236328,1.350000023841858,0.22999998927116394,0.11499999463558197,3B-HHR.MS.MRG.3IMERG.20250318-S223000-E225959.1350.V07B.HDF5,0.36499999463558197,0.569999985396862,0.569999985396862,,2025-03-19 07:00:00+08:00
2025-03-18 23:00:00+00:00,2025-03-19 07:00:00+08:00,GPM_1.35_103.55,103.54999542236328,1.350000023841858,0.2199999988079071,0.10999999940395355,3B-HHR.MS.MRG.3IMERG.20250318-S230000-E232959.1380.V07B.HDF5,0.22499999403953552,0.6799999848008156,0.6799999848008156,,2025-03-19 07:30:00+08:00
2025-03-18 23:30:00+00:00,2025-03-19 07:30:00+08:00,GPM_1.35_103.55,103.54999542236328,1.350000023841858,0.3700000047683716,0.1850000023841858,3B-HHR.MS.MRG.3IMERG.20250318-S233000-E235959.1410.V07B.HDF5,0.29500000178813934,0.7949999868869781,0.8649999871850014,,2025-03-19 08:00:00+08:00
2025-03-19 00:00:00+00:00,2025-03-19 08:00:00+08:00,GPM_1.35_103.55,103.54999542236328,1.350000023841858,0.20999999344348907,0.10499999672174454,3B-HHR.MS.MRG.3IMERG.20250319-S000000-E002959.0000.V07B.HDF5,0.28999999910593033,0.8999999836087227,0.9699999839067459,,2025-03-19 08:30:00+08:00
2025-03-19 00:30:00+00:00,2025-03-19 08:30:00+08:00,GPM_1.35_103.55,103.54999542236328,1.350000023841858,1.5699999332427979,0.7849999666213989,3B-HHR.MS.MRG.3IMERG.20250319-S003000-E005959.0030.V07B.HDF5,0.8899999633431435,1.5499999597668648,1.7549999505281448,,2025-03-19 09:00:00+08:00
2025-03-19 01:00:00+00:00,2025-03-19 09:00:00+08:00,GPM_1.35_103.55,103.54999542236328,1.350000023841858,3.0199999809265137,1.5099999904632568,3B-HHR.MS.MRG.3IMERG.20250319-S010000-E012959.0060.V07B.HDF5,2.2949999570846558,2.8099999502301216,3.2649999409914017,,2025-03-19 09:30:00+08:00
2025-03-19 01:30:00+00:00,2025-03-19 09:30:00+08:00,GPM_1.35_103.55,103.54999542236328,1.350000023841858,5.009999752044678,2.504999876022339,3B-HHR.MS.MRG.3IMERG.20250319-S013000-E015959.0090.V07B.HDF5,4.014999866485596,5.1999998316168785,5.7699998170137405,,2025-03-19 10:00:00+08:00
2025-03-19 02:00:00+00:00,2025-03-19 10:00:00+08:00,GPM_1.35_103.55,103.54999542236328,1.350000023841858,5.139999866485596,2.569999933242798,3B-HHR.MS.MRG.3IMERG.20250319-S020000-E022959.0120.V07B.HDF5,5.074999809265137,7.659999765455723,8.339999750256538,,2025-03-19 10:30:00+08:00
2025-03-19 02:30:00+00:00,2025-03-19 10:30:00+08:00,GPM_1.35_103.55,103.54999542236328,1.350000023841858,4.699999809265137,2.3499999046325684,3B-HHR.MS.MRG.3IMERG.20250319-S023000-E025959.0150.V07B.HDF5,4.919999837875366,9.824999667704105,10.619999654591084,,2025-03-19 11:00:00+08:00
2025-03-19 03:00:00+00:00,2025-03-19 11:00:00+08:00,GPM_1.35_103.55,103.54999542236328,1.350000023841858,5.039999961853027,2.5199999809265137,3B-HHR.MS.MRG.3IMERG.20250319-S030000-E032959.0180.V07B.HDF5,4.869999885559082,12.239999651908875,13.139999635517597,,2025-03-19 11:30:00+08:00
2025-03-19 03:30:00+00:00,2025-03-19 11:30:00+08:00,GPM_1.35_103.55,103.54999542236328,1.350000023841858,6.71999979019165,3.359999895095825,3B-HHR.MS.MRG.3IMERG.20250319-S033000-E035959.0210.V07B.HDF5,5.879999876022339,14.8149995803833,16.364999540150166,,2025-03-19 12:00:00+08:00
2025-03-19 04:00:00+00:00,2025-03-19 12:00:00+08:00,GPM_1.35_103.55,103.54999542236328,1.350000023841858,5.809999942779541,2.9049999713897705,3B-HHR.MS.MRG.3IMERG.20250319-S040000-E042959.0240.V07B.HDF5,6.264999866485596,16.209999561309814,19.019999511539936,,2025-03-19 12:30:00+08:00
2025-03-19 04:30:00+00:00,2025-03-19 12:30:00+08:00,GPM_1.35_103.55,103.54999542236328,1.350000023841858,5.960000038146973,2.9800000190734863,3B-HHR.MS.MRG.3IMERG.20250319-S043000-E045959.0270.V07B.HDF5,5.884999990463257,16.684999704360962,21.88499953597784,,2025-03-19 13:00:00+08:00
2025-03-19 05:00:00+00:00,2025-03-19 13:00:00+08:00,GPM_1.35_103.55,103.54999542236328,1.350000023841858,5.099999904632568,2.549999952316284,3B-HHR.MS.MRG.3IMERG.20250319-S050000-E052959.0300.V07B.HDF5,5.5299999713897705,16.66499972343445,24.32499948889017,,2025-03-19 13:30:00+08:00
2025-03-19 05:30:00+00:00,2025-03-19 13:30:00+08:00,GPM_1.35_103.55,103.54999542236328,1.350000023841858,7.279999732971191,3.6399998664855957,3B-HHR.MS.MRG.3IMERG.20250319-S053000-E055959.0330.V07B.HDF5,6.18999981880188,17.954999685287476,27.77999935299158,,2025-03-19 14:00:00+08:00
2025-03-19 06:00:00+00:00,2025-03-19 14:00:00+08:00,GPM_1.35_103.55,103.54999542236328,1.350000023841858,9.420000076293945,4.710000038146973,3B-HHR.MS.MRG.3IMERG.20250319-S060000-E062959.0360.V07B.HDF5,8.349999904632568,20.144999742507935,32.38499939441681,,2025-03-19 14:30:00+08:00
2025-03-19 06:30:00+00:00,2025-03-19 14:30:00+08:00,GPM_1.35_103.55,103.54999542236328,1.350000023841858,7.529999732971191,3.7649998664855957,3B-HHR.MS.MRG.3IMERG.20250319-S063000-E065959.0390.V07B.HDF5,8.474999904632568,20.549999713897705,35.364999294281006,,2025-03-19 15:00:00+08:00
2025-03-19 07:00:00+00:00,2025-03-19 15:00:00+08:00,GPM_1.35_103.55,103.54999542236328,1.350000023841858,7.909999847412109,3.9549999237060547,3B-HHR.MS.MRG.3IMERG.20250319-S070000-E072959.0420.V07B.HDF5,7.71999979019165,21.59999966621399,37.809999227523804,,2025-03-19 15:30:00+08:00
2025-03-19 07:30:00+00:00,2025-03-19 15:30:00+08:00,GPM_1.35_103.55,103.54999542236328,1.350000023841858,7.25,3.625,3B-HHR.MS.MRG.3IMERG.20250319-S073000-E075959.0450.V07B.HDF5,7.579999923706055,22.244999647140503,38.929999351501465,,2025-03-19 16:00:00+08:00
2025-03-19 08:00:00+00:00,2025-03-19 16:00:00+08:00,GPM_1.35_103.55,103.54999542236328,1.350000023841858,6.199999809265137,3.0999999046325684,3B-HHR.MS.MRG.3IMERG.20250319-S080000-E082959.0480.V07B.HDF5,6.724999904632568,22.794999599456787,39.459999322891235,,2025-03-19 16:30:00+08:00
2025-03-19 08:30:00+00:00,2025-03-19 16:30:00+08:00,GPM_1.35_103.55,103.54999542236328,1.350000023841858,7.199999809265137,3.5999999046325684,3B-HHR.MS.MRG.3IMERG.20250319-S083000-E085959.0510.V07B.HDF5,6.699999809265137,22.75499963760376,40.709999322891235,,2025-03-19 17:00:00+08:00
2025-03-19 09:00:00+00:00,2025-03-19 17:00:00+08:00,GPM_1.35_103.55,103.54999542236328,1.350000023841858,7.210000038146973,3.6050000190734863,3B-HHR.MS.MRG.3IMERG.20250319-S090000-E092959.0540.V07B.HDF5,7.204999923706055,21.649999618530273,41.79499936103821,,2025-03-19 17:30:00+08:00
2025-03-19 09:30:00+00:00,2025-03-19 17:30:00+08:00,GPM_1.35_103.55,103.54999542236328,1.350000023841858,6.710000038146973,3.3550000190734863,3B-HHR.MS.MRG.3IMERG.20250319-S093000-E095959.0570.V07B.HDF5,6.960000038146973,21.239999771118164,41.78999948501587,,2025-03-19 18:00:00+08:00
2025-03-19 10:00:00+00:00,2025-03-19 18:00:00+08:00,GPM_1.35_103.55,103.54999542236328,1.350000023841858,5.559999942779541,2.7799999713897705,3B-HHR.MS.MRG.3IMERG.20250319-S100000-E102959.0600.V07B.HDF5,6.134999990463257,20.06499981880188,41.66499948501587,,2025-03-19 18:30:00+08:00
2025-03-19 10:30:00+00:00,2025-03-19 18:30:00+08:00,GPM_1.35_103.55,103.54999542236328,1.350000023841858,6.539999961853027,3.2699999809265137,3B-HHR.MS.MRG.3IMERG.20250319-S103000-E105959.0630.V07B.HDF5,6.049999952316284,19.709999799728394,41.9549994468689,,2025-03-19 19:00:00+08:00
2025-03-19 11:00:00+00:00,2025-03-19 19:00:00+08:00,GPM_1.35_103.55,103.54999542236328,1.350000023841858,6.329999923706055,3.1649999618530273,3B-HHR.MS.MRG.3IMERG.20250319-S110000-E112959.0660.V07B.HDF5,6.434999942779541,19.774999856948853,42.56999945640564,,2025-03-19 19:30:00+08:00
2025-03-19 11:30:00+00:00,2025-03-19 19:30:00+08:00,GPM_1.35_103.55,103.54999542236328,1.350000023841858,6.079999923706055,3.0399999618530273,3B-HHR.MS.MRG.3IMERG.20250319-S113000-E115959.0690.V07B.HDF5,6.204999923706055,19.21499991416931,41.96999955177307,,2025-03-19 20:00:00+08:00
2025-03-19 12:00:00+00:00,2025-03-19 20:00:00+08:00,GPM_1.35_103.55,103.54999542236328,1.350000023841858,4.019999980926514,2.009999990463257,3B-HHR.MS.MRG.3IMERG.20250319-S120000-E122959.0720.V07B.HDF5,5.049999952316284,17.619999885559082,39.269999504089355,,2025-03-19 20:30:00+08:00
2025-03-19 12:30:00+00:00,2025-03-19 20:30:00+08:00,GPM_1.35_103.55,103.54999542236328,1.350000023841858,3.7799999713897705,1.8899999856948853,3B-HHR.MS.MRG.3IMERG.20250319-S123000-E125959.0750.V07B.HDF5,3.899999976158142,16.15499985218048,37.394999623298645,,2025-03-19 21:00:00+08:00
2025-03-19 13:00:00+00:00,2025-03-19 21:00:00+08:00,GPM_1.35_103.55,103.54999542236328,1.350000023841858,5.21999979019165,2.609999895095825,3B-HHR.MS.MRG.3IMERG.20250319-S130000-E132959.0780.V07B.HDF5,4.4999998807907104,15.984999775886536,36.049999594688416,,2025-03-19 21:30:00+08:00
2025-03-19 13:30:00+00:00,2025-03-19 21:30:00+08:00,GPM_1.35_103.55,103.54999542236328,1.350000023841858,3.8999998569488525,1.9499999284744263,3B-HHR.MS.MRG.3IMERG.20250319-S133000-E135959.0810.V07B.HDF5,4.5599998235702515,14.664999723434448,34.37499952316284,,2025-03-19 22:00:00+08:00
2025-03-19 14:00:00+00:00,2025-03-19 22:00:00+08:00,GPM_1.35_103.55,103.54999542236328,1.350000023841858,4.630000114440918,2.315000057220459,3B-HHR.MS.MRG.3IMERG.20250319-S140000-E142959.0840.V07B.HDF5,4.264999985694885,13.81499981880188,33.58999967575073,,2025-03-19 22:30:00+08:00
2025-03-19 14:30:00+00:00,2025-03-19 22:30:00+08:00,GPM_1.35_103.55,103.54999542236328,1.350000023841858,5.150000095367432,2.575000047683716,3B-HHR.MS.MRG.3IMERG.20250319-S143000-E145959.0870.V07B.HDF5,4.890000104904175,13.349999904632568,32.56499981880188,,2025-03-19 23:00:00+08:00
2025-03-19 15:00:00+00:00,2025-03-19 23:00:00+08:00,GPM_1.35_103.55,103.54999542236328,1.350000023841858,4.279999732971191,2.1399998664855957,3B-HHR.MS.MRG.3IMERG.20250319-S150000-E152959.0900.V07B.HDF5,4.7149999141693115,13.479999780654907,31.09999966621399,,2025-03-19 23:30:00+08:00
2025-03-19 15:30:00+00:00,2025-03-19 23:30:00+08:00,GPM_1.35_103.55,103.54999542236328,1.350000023841858,2.0,1.0,3B-HHR.MS.MRG.3IMERG.20250319-S153000-E155959.0930.V07B.HDF5,3.1399998664855957,12.589999794960022,28.744999647140503,87.10499866306782,2025-03-20 00:00:00+08:00
2025-03-19 16:00:00+00:00,2025-03-20 00:00:00+08:00,GPM_1.35_103.55,103.54999542236328,1.350000023841858,0.7400000095367432,0.3700000047683716,3B-HHR.MS.MRG.3IMERG.20250319-S160000-E162959.0960.V07B.HDF5,1.3700000047683716,10.349999904632568,26.334999680519104,87.47499866783619,2025-03-20 00:30:00+08:00
2025-03-19 16:30:00+00:00,2025-03-20 00:30:00+08:00,GPM_1.35_103.55,103.54999542236328,1.350000023841858,1.7300000190734863,0.8650000095367432,3B-HHR.MS.MRG.3IMERG.20250319-S163000-E165959.0990.V07B.HDF5,1.2350000143051147,9.264999985694885,23.929999709129333,88.33999867737293,2025-03-20 01:00:00+08:00
2025-03-19 17:00:00+00:00,2025-03-20 01:00:00+08:00,GPM_1.35_103.55,103.54999542236328,1.350000023841858,3.990000009536743,1.9950000047683716,3B-HHR.MS.MRG.3IMERG.20250319-S170000-E172959.1020.V07B.HDF5,2.8600000143051147,8.944999933242798,22.759999752044678,90.3349986821413,2025-03-20 01:30:00+08:00
2025-03-19 17:30:00+00:00,2025-03-20 01:30:00+08:00,GPM_1.35_103.55,103.54999542236328,1.350000023841858,3.0799999237060547,1.5399999618530273,3B-HHR.MS.MRG.3IMERG.20250319-S173000-E175959.1050.V07B.HDF5,3.534999966621399,7.909999847412109,21.259999752044678,91.87499864399433,2025-03-20 02:00:00+08:00
2025-03-19 18:00:00+00:00,2025-03-20 02:00:00+08:00,GPM_1.35_103.55,103.54999542236328,1.350000023841858,5.62999963760376,2.81499981880188,3B-HHR.MS.MRG.3IMERG.20250319-S180000-E182959.1080.V07B.HDF5,4.354999780654907,8.584999799728394,22.0649995803833,94.68999846279621,2025-03-20 02:30:00+08:00
2025-03-19 18:30:00+00:00,2025-03-20 02:30:00+08:00,GPM_1.35_103.55,103.54999542236328,1.350000023841858,5.529999732971191,2.7649998664855957,3B-HHR.MS.MRG.3IMERG.20250319-S183000-E185959.1110.V07B.HDF5,5.579999685287476,10.34999966621399,22.93999946117401,97.4549983292818,2025-03-20 03:00:00+08:00
2025-03-19 19:00:00+00:00,2025-03-20 03:00:00+08:00,GPM_1.35_103.55,103.54999542236328,1.350000023841858,4.789999961853027,2.3949999809265137,3B-HHR.MS.MRG.3IMERG.20250319-S190000-E192959.1140.V07B.HDF5,5.159999847412109,12.374999642372131,22.7249995470047,99.84999831020832,2025-03-20 03:30:00+08:00
2025-03-19 19:30:00+00:00,2025-03-20 03:30:00+08:00,GPM_1.35_103.55,103.54999542236328,1.350000023841858,5.839999675750732,2.919999837875366,3B-HHR.MS.MRG.3IMERG.20250319-S193000-E195959.1170.V07B.HDF5,5.31499981880188,14.429999470710754,23.69499945640564,102.76999814808369,2025-03-20 04:00:00+08:00
2025-03-19 20:00:00+00:00,2025-03-20 04:00:00+08:00,GPM_1.35_103.55,103.54999542236328,1.350000023841858,10.1899995803833,5.09499979019165,3B-HHR.MS.MRG.3IMERG.20250319-S200000-E202959.1200.V07B.HDF5,8.014999628067017,17.529999256134033,26.47499918937683,107.86499793827534,2025-03-20 04:30:00+08:00
2025-03-19 20:30:00+00:00,2025-03-20 04:30:00+08:00,GPM_1.35_103.55,103.54999542236328,1.350000023841858,5.710000038146973,2.8550000190734863,3B-HHR.MS.MRG.3IMERG.20250319-S203000-E205959.1230.V07B.HDF5,7.949999809265137,18.844999313354492,26.7549991607666,110.6499979570508,2025-03-20 05:00:00+08:00
2025-03-19 21:00:00+00:00,2025-03-20 05:00:00+08:00,GPM_1.35_103.55,103.54999542236328,1.350000023841858,3.569999933242798,1.784999966621399,3B-HHR.MS.MRG.3IMERG.20250319-S210000-E212959.1260.V07B.HDF5,4.639999985694885,17.81499946117401,26.399999260902405,112.4349979236722,2025-03-20 05:30:00+08:00
2025-03-19 21:30:00+00:00,2025-03-20 05:30:00+08:00,GPM_1.35_103.55,103.54999542236328,1.350000023841858,5.400000095367432,2.700000047683716,3B-HHR.MS.MRG.3IMERG.20250319-S213000-E215959.1290.V07B.HDF5,4.485000014305115,17.74999964237213,28.09999930858612,114.99999798089266,2025-03-20 06:00:00+08:00
2025-03-19 22:00:00+00:00,2025-03-20 06:00:00+08:00,GPM_1.35_103.55,103.54999542236328,1.350000023841858,6.739999771118164,3.369999885559082,3B-HHR.MS.MRG.3IMERG.20250319-S220000-E222959.1320.V07B.HDF5,6.069999933242798,18.7249995470047,31.09999918937683,118.11999786645174,2025-03-20 06:30:00+08:00
2025-03-19 22:30:00+00:00,2025-03-20 06:30:00+08:00,GPM_1.35_103.55,103.54999542236328,1.350000023841858,9.109999656677246,4.554999828338623,3B-HHR.MS.MRG.3IMERG.20250319-S223000-E225959.1350.V07B.HDF5,7.924999713897705,20.359999537467957,34.78999900817871,122.55999770015478,2025-03-20 07:00:00+08:00
2025-03-19 23:00:00+00:00,2025-03-20 07:00:00+08:00,GPM_1.35_103.55,103.54999542236328,1.350000023841858,9.130000114440918,4.565000057220459,3B-HHR.MS.MRG.3IMERG.20250319-S230000-E232959.1380.V07B.HDF5,9.119999885559082,19.829999804496765,37.3599990606308,127.01499775797129,2025-03-20 07:30:00+08:00
2025-03-19 23:30:00+00:00,2025-03-20 07:30:00+08:00,GPM_1.35_103.55,103.54999542236328,1.350000023841858,8.40999984741211,4.204999923706055,3B-HHR.MS.MRG.3IMERG.20250319-S233000-E235959.1410.V07B.HDF5,8.769999980926514,21.179999709129333,40.024999022483826,131.03499767929316,2025-03-20 08:00:00+08:00
2025-03-20 00:00:00+00:00,2025-03-20 08:00:00+08:00,GPM_1.35_103.55,103.54999542236328,1.350000023841858,13.889999389648438,6.944999694824219,3B-HHR.MS.MRG.3IMERG.20250320-S000000-E002959.0000.V07B.HDF5,11.149999618530273,26.339999437332153,44.154998898506165,137.87499737739563,2025-03-20 08:30:00+08:00
2025-03-20 00:30:00+00:00,2025-03-20 08:30:00+08:00,GPM_1.35_103.55,103.54999542236328,1.350000023841858,10.960000038146973,5.480000019073486,3B-HHR.MS.MRG.3IMERG.20250320-S003000-E005959.0030.V07B.HDF5,12.424999713897705,29.119999408721924,46.869999051094055,142.56999742984772,2025-03-20 09:00:00+08:00
2025-03-20 01:00:00+00:00,2025-03-20 09:00:00+08:00,GPM_1.35_103.55,103.54999542236328,1.350000023841858,16.489999771118164,8.244999885559082,3B-HHR.MS.MRG.3IMERG.20250320-S010000-E012959.0060.V07B.HDF5,13.724999904632568,33.994999408721924,52.71999895572662,149.30499732494354,2025-03-20 09:30:00+08:00
2025-03-20 01:30:00+00:00,2025-03-20 09:30:00+08:00,GPM_1.35_103.55,103.54999542236328,1.350000023841858,15.549999237060547,7.774999618530273,3B-HHR.MS.MRG.3IMERG.20250320-S013000-E015959.0090.V07B.HDF5,16.019999504089355,37.214999198913574,57.57499873638153,154.57499706745148,2025-03-20 10:00:00+08:00
2025-03-20 02:00:00+00:00,2025-03-20 10:00:00+08:00,GPM_1.35_103.55,103.54999542236328,1.350000023841858,15.119999885559082,7.559999942779541,3B-HHR.MS.MRG.3IMERG.20250320-S020000-E022959.0120.V07B.HDF5,15.334999561309814,40.209999084472656,60.03999888896942,159.56499707698822,2025-03-20 10:30:00+08:00
2025-03-20 02:30:00+00:00,2025-03-20 10:30:00+08:00,GPM_1.35_103.55,103.54999542236328,1.350000023841858,15.039999961853027,7.519999980926514,3B-HHR.MS.MRG.3IMERG.20250320-S023000-E025959.0150.V07B.HDF5,15.079999923706055,43.524999141693115,64.70499885082245,164.73499715328217,2025-03-20 11:00:00+08:00
2025-03-20 03:00:00+00:00,2025-03-20 11:00:00+08:00,GPM_1.35_103.55,103.54999542236328,1.350000023841858,14.719999313354492,7.359999656677246,3B-HHR.MS.MRG.3IMERG.20250320-S030000-E032959.0180.V07B.HDF5,14.87999963760376,43.93999910354614,70.2799985408783,169.5749968290329,2025-03-20 11:30:00+08:00
2025-03-20 03:30:00+00:00,2025-03-20 11:30:00+08:00,GPM_1.35_103.55,103.54999542236328,1.350000023841858,11.059999465942383,5.529999732971191,3B-HHR.MS.MRG.3IMERG.20250320-S033000-E035959.0210.V07B.HDF5,12.889999389648438,43.98999881744385,73.10999822616577,171.74499666690826,2025-03-20 12:00:00+08:00
2025-03-20 04:00:00+00:00,2025-03-20 12:00:00+08:00,GPM_1.35_103.55,103.54999542236328,1.350000023841858,19.079999923706055,9.539999961853027,3B-HHR.MS.MRG.3IMERG.20250320-S040000-E042959.0240.V07B.HDF5,15.069999694824219,45.28499889373779,79.27999830245972,178.37999665737152,2025-03-20 12:30:00+08:00
2025-03-20 04:30:00+00:00,2025-03-20 12:30:00+08:00,GPM_1.35_103.55,103.54999542236328,1.350000023841858,7.859999656677246,3.929999828338623,3B-HHR.MS.MRG.3IMERG.20250320-S043000-E045959.0270.V07B.HDF5,13.46999979019165,41.43999910354614,78.65499830245972,179.32999646663666,2025-03-20 13:00:00+08:00
2025-03-20 05:00:00+00:00,2025-03-20 13:00:00+08:00,GPM_1.35_103.55,103.54999542236328,1.350000023841858,8.15999984741211,4.079999923706055,3B-HHR.MS.MRG.3IMERG.20250320-S050000-E052959.0300.V07B.HDF5,8.009999752044678,37.959999084472656,78.16999816894531,180.85999643802643,2025-03-20 13:30:00+08:00
2025-03-20 05:30:00+00:00,2025-03-20 13:30:00+08:00,GPM_1.35_103.55,103.54999542236328,1.350000023841858,9.34000015258789,4.670000076293945,3B-HHR.MS.MRG.3IMERG.20250320-S053000-E055959.0330.V07B.HDF5,8.75,35.10999917984009,78.6349983215332,181.88999664783478,2025-03-20 14:00:00+08:00
2025-03-20 06:00:00+00:00,2025-03-20 14:00:00+08:00,GPM_1.35_103.55,103.54999542236328,1.350000023841858,8.109999656677246,4.054999828338623,3B-HHR.MS.MRG.3IMERG.20250320-S060000-E062959.0360.V07B.HDF5,8.724999904632568,31.804999351501465,75.74499845504761,181.23499643802643,2025-03-20 14:30:00+08:00
2025-03-20 06:30:00+00:00,2025-03-20 14:30:00+08:00,GPM_1.35_103.55,103.54999542236328,1.350000023841858,7.759999752044678,3.879999876022339,3B-HHR.MS.MRG.3IMERG.20250320-S063000-E065959.0390.V07B.HDF5,7.934999704360962,30.154999494552612,74.14499831199646,181.34999644756317,2025-03-20 15:00:00+08:00
2025-03-20 07:00:00+00:00,2025-03-20 15:00:00+08:00,GPM_1.35_103.55,103.54999542236328,1.350000023841858,6.449999809265137,3.2249999046325684,3B-HHR.MS.MRG.3IMERG.20250320-S070000-E072959.0420.V07B.HDF5,7.104999780654907,23.839999437332153,69.12499833106995,180.61999642848969,2025-03-20 15:30:00+08:00
2025-03-20 07:30:00+00:00,2025-03-20 15:30:00+08:00,GPM_1.35_103.55,103.54999542236328,1.350000023841858,5.190000057220459,2.5950000286102295,3B-HHR.MS.MRG.3IMERG.20250320-S073000-E075959.0450.V07B.HDF5,5.819999933242798,22.50499963760376,63.9449987411499,179.58999645709991,2025-03-20 16:00:00+08:00
2025-03-20 08:00:00+00:00,2025-03-20 16:00:00+08:00,GPM_1.35_103.55,103.54999542236328,1.350000023841858,6.369999885559082,3.184999942779541,3B-HHR.MS.MRG.3IMERG.20250320-S080000-E082959.0480.V07B.HDF5,5.7799999713897705,21.609999656677246,59.5699987411499,179.6749964952469,2025-03-20 16:30:00+08:00
2025-03-20 08:30:00+00:00,2025-03-20 16:30:00+08:00,GPM_1.35_103.55,103.54999542236328,1.350000023841858,5.789999961853027,2.8949999809265137,3B-HHR.MS.MRG.3IMERG.20250320-S083000-E085959.0510.V07B.HDF5,6.079999923706055,19.834999561309814,54.9449987411499,178.96999657154083,2025-03-20 17:00:00+08:00
2025-03-20 09:00:00+00:00,2025-03-20 17:00:00+08:00,GPM_1.35_103.55,103.54999542236328,1.350000023841858,6.079999923706055,3.0399999618530273,3B-HHR.MS.MRG.3IMERG.20250320-S090000-E092959.0540.V07B.HDF5,5.934999942779541,18.81999969482422,50.624999046325684,178.40499651432037,2025-03-20 17:30:00+08:00
2025-03-20 09:30:00+00:00,2025-03-20 17:30:00+08:00,GPM_1.35_103.55,103.54999542236328,1.350000023841858,2.8999998569488525,1.4499999284744263,3B-HHR.MS.MRG.3IMERG.20250320-S093000-E095959.0570.V07B.HDF5,4.489999890327454,16.389999747276306,46.54499924182892,176.4999964237213,2025-03-20 18:00:00+08:00
2025-03-20 10:00:00+00:00,2025-03-20 18:00:00+08:00,GPM_1.35_103.55,103.54999542236328,1.350000023841858,5.130000114440918,2.565000057220459,3B-HHR.MS.MRG.3IMERG.20250320-S100000-E102959.0600.V07B.HDF5,4.014999985694885,15.729999899864197,39.56999933719635,176.284996509552,2025-03-20 18:30:00+08:00
2025-03-20 10:30:00+00:00,2025-03-20 18:30:00+08:00,GPM_1.35_103.55,103.54999542236328,1.350000023841858,7.949999809265137,3.9749999046325684,3B-HHR.MS.MRG.3IMERG.20250320-S103000-E105959.0630.V07B.HDF5,6.539999961853027,17.109999775886536,39.614999413490295,176.98999643325806,2025-03-20 19:00:00+08:00
2025-03-20 11:00:00+00:00,2025-03-20 19:00:00+08:00,GPM_1.35_103.55,103.54999542236328,1.350000023841858,5.289999961853027,2.6449999809265137,3B-HHR.MS.MRG.3IMERG.20250320-S110000-E112959.0660.V07B.HDF5,6.619999885559082,16.56999981403351,38.179999470710754,176.46999645233154,2025-03-20 19:30:00+08:00
2025-03-20 11:30:00+00:00,2025-03-20 19:30:00+08:00,GPM_1.35_103.55,103.54999542236328,1.350000023841858,6.230000019073486,3.115000009536743,3B-HHR.MS.MRG.3IMERG.20250320-S113000-E115959.0690.V07B.HDF5,5.759999990463257,16.789999842643738,36.62499940395355,176.54499650001526,2025-03-20 20:00:00+08:00
2025-03-20 12:00:00+00:00,2025-03-20 20:00:00+08:00,GPM_1.35_103.55,103.54999542236328,1.350000023841858,3.419999837875366,1.709999918937683,3B-HHR.MS.MRG.3IMERG.20250320-S120000-E122959.0720.V07B.HDF5,4.824999928474426,15.459999799728394,34.27999949455261,176.24499642848969,2025-03-20 20:30:00+08:00
2025-03-20 12:30:00+00:00,2025-03-20 20:30:00+08:00,GPM_1.35_103.55,103.54999542236328,1.350000023841858,2.5999999046325684,1.2999999523162842,3B-HHR.MS.MRG.3IMERG.20250320-S123000-E125959.0750.V07B.HDF5,3.0099998712539673,15.309999823570251,31.699999570846558,175.65499639511108,2025-03-20 21:00:00+08:00
2025-03-20 13:00:00+00:00,2025-03-20 21:00:00+08:00,GPM_1.35_103.55,103.54999542236328,1.350000023841858,0.9099999666213989,0.45499998331069946,3B-HHR.MS.MRG.3IMERG.20250320-S130000-E132959.0780.V07B.HDF5,1.7549999356269836,13.199999749660492,28.92999964952469,173.49999648332596,2025-03-20 21:30:00+08:00
2025-03-20 13:30:00+00:00,2025-03-20 21:30:00+08:00,GPM_1.35_103.55,103.54999542236328,1.350000023841858,1.2699999809265137,0.6349999904632568,3B-HHR.MS.MRG.3IMERG.20250320-S133000-E135959.0810.V07B.HDF5,1.0899999737739563,9.85999983549118,26.969999611377716,172.1849965453148,2025-03-20 22:00:00+08:00
2025-03-20 14:00:00+00:00,2025-03-20 22:00:00+08:00,GPM_1.35_103.55,103.54999542236328,1.350000023841858,2.369999885559082,1.184999942779541,3B-HHR.MS.MRG.3IMERG.20250320-S140000-E142959.0840.V07B.HDF5,1.8199999332427979,8.399999797344208,24.969999611377716,171.05499643087387,2025-03-20 22:30:00+08:00
2025-03-20 14:30:00+00:00,2025-03-20 22:30:00+08:00,GPM_1.35_103.55,103.54999542236328,1.350000023841858,2.7899999618530273,1.3949999809265137,3B-HHR.MS.MRG.3IMERG.20250320-S143000-E145959.0870.V07B.HDF5,2.5799999237060547,6.679999768733978,23.469999611377716,169.87499636411667,2025-03-20 23:00:00+08:00
2025-03-20 15:00:00+00:00,2025-03-20 23:00:00+08:00,GPM_1.35_103.55,103.54999542236328,1.350000023841858,3.1499998569488525,1.5749999284744263,3B-HHR.MS.MRG.3IMERG.20250320-S150000-E152959.0900.V07B.HDF5,2.96999990940094,6.544999778270721,22.004999577999115,169.3099964261055,2025-03-20 23:30:00+08:00
2025-03-20 15:30:00+00:00,2025-03-20 23:30:00+08:00,GPM_1.35_103.55,103.54999542236328,1.350000023841858,3.669999837875366,1.834999918937683,3B-HHR.MS.MRG.3IMERG.20250320-S153000-E155959.0930.V07B.HDF5,3.4099998474121094,7.07999974489212,22.389999568462372,170.14499634504318,2025-03-21 00:00:00+08:00
2025-03-20 16:00:00+00:00,2025-03-21 00:00:00+08:00,GPM_1.35_103.55,103.54999542236328,1.350000023841858,6.579999923706055,3.2899999618530273,3B-HHR.MS.MRG.3IMERG.20250320-S160000-E162959.0960.V07B.HDF5,5.1249998807907104,9.914999723434448,23.11499947309494,173.06499630212784,2025-03-21 00:30:00+08:00
2025-03-20 16:30:00+00:00,2025-03-21 00:30:00+08:00,GPM_1.35_103.55,103.54999542236328,1.350000023841858,2.4800000190734863,1.2400000095367432,3B-HHR.MS.MRG.3IMERG.20250320-S163000-E165959.0990.V07B.HDF5,4.5299999713897705,10.519999742507935,20.379999577999115,173.43999630212784,2025-03-21 01:00:00+08:00
2025-03-20 17:00:00+00:00,2025-03-21 01:00:00+08:00,GPM_1.35_103.55,103.54999542236328,1.350000023841858,0.6599999666213989,0.32999998331069946,3B-HHR.MS.MRG.3IMERG.20250320-S170000-E172959.1020.V07B.HDF5,1.5699999928474426,9.664999783039093,18.0649995803833,171.77499628067017,2025-03-21 01:30:00+08:00
2025-03-20 17:30:00+00:00,2025-03-21 01:30:00+08:00,GPM_1.35_103.55,103.54999542236328,1.350000023841858,1.0,0.5,3B-HHR.MS.MRG.3IMERG.20250320-S173000-E175959.1050.V07B.HDF5,0.8299999833106995,8.76999980211258,15.449999570846558,170.73499631881714,2025-03-21 02:00:00+08:00
2025-03-20 18:00:00+00:00,2025-03-21 02:00:00+08:00,GPM_1.35_103.55,103.54999542236328,1.350000023841858,0.009999999776482582,0.004999999888241291,3B-HHR.MS.MRG.3IMERG.20250320-S180000-E182959.1080.V07B.HDF5,0.5049999998882413,7.199999873526394,13.744999651797116,167.9249964999035,2025-03-21 02:30:00+08:00
2025-03-20 18:30:00+00:00,2025-03-21 02:30:00+08:00,GPM_1.35_103.55,103.54999542236328,1.350000023841858,0.3700000047683716,0.1850000023841858,3B-HHR.MS.MRG.3IMERG.20250320-S183000-E185959.1110.V07B.HDF5,0.19000000227242708,5.549999956972897,12.629999701865017,165.3449966358021,2025-03-21 03:00:00+08:00
2025-03-20 19:00:00+00:00,2025-03-21 03:00:00+08:00,GPM_1.35_103.55,103.54999542236328,1.350000023841858,0.6699999570846558,0.3349999785423279,3B-HHR.MS.MRG.3IMERG.20250320-S190000-E192959.1140.V07B.HDF5,0.5199999809265137,2.5949999736621976,12.509999697096646,163.2849966334179,2025-03-21 03:30:00+08:00
2025-03-20 19:30:00+00:00,2025-03-21 03:30:00+08:00,GPM_1.35_103.55,103.54999542236328,1.350000023841858,2.180000066757202,1.090000033378601,3B-HHR.MS.MRG.3IMERG.20250320-S193000-E195959.1170.V07B.HDF5,1.425000011920929,2.4449999975040555,12.96499974001199,161.45499682892114,2025-03-21 04:00:00+08:00
2025-03-20 20:00:00+00:00,2025-03-21 04:00:00+08:00,GPM_1.35_103.55,103.54999542236328,1.350000023841858,0.10999999940395355,0.054999999701976776,3B-HHR.MS.MRG.3IMERG.20250320-S200000-E202959.1200.V07B.HDF5,1.1450000330805779,2.170000013895333,11.834999796934426,156.41499703843147,2025-03-21 04:30:00+08:00
2025-03-20 20:30:00+00:00,2025-03-21 04:30:00+08:00,GPM_1.35_103.55,103.54999542236328,1.350000023841858,0.0,0.0,3B-HHR.MS.MRG.3IMERG.20250320-S203000-E205959.1230.V07B.HDF5,0.054999999701976776,1.6700000138953328,10.439999816007912,153.55999701935798,2025-03-21 05:00:00+08:00
2025-03-20 21:00:00+00:00,2025-03-21 05:00:00+08:00,GPM_1.35_103.55,103.54999542236328,1.350000023841858,4.920000076293945,2.4600000381469727,3B-HHR.MS.MRG.3IMERG.20250320-S210000-E212959.1260.V07B.HDF5,2.4600000381469727,4.125000052154064,11.324999925680459,154.23499709088355,2025-03-21 05:30:00+08:00
2025-03-20 21:30:00+00:00,2025-03-21 05:30:00+08:00,GPM_1.35_103.55,103.54999542236328,1.350000023841858,2.8499999046325684,1.4249999523162842,3B-HHR.MS.MRG.3IMERG.20250320-S213000-E215959.1290.V07B.HDF5,3.884999990463257,5.365000002086163,10.91499995905906,152.95999699551612,2025-03-21 06:00:00+08:00
2025-03-20 22:00:00+00:00,2025-03-21 06:00:00+08:00,GPM_1.35_103.55,103.54999542236328,1.350000023841858,0.3999999761581421,0.19999998807907104,3B-HHR.MS.MRG.3IMERG.20250320-S220000-E222959.1320.V07B.HDF5,1.6249999403953552,5.230000011622906,7.824999985285103,149.7899970980361,2025-03-21 06:30:00+08:00
2025-03-20 22:30:00+00:00,2025-03-21 06:30:00+08:00,GPM_1.35_103.55,103.54999542236328,1.350000023841858,0.03999999910593033,0.019999999552965164,3B-HHR.MS.MRG.3IMERG.20250320-S223000-E225959.1350.V07B.HDF5,0.2199999876320362,4.15999997779727,6.604999975301325,145.25499726925045,2025-03-21 07:00:00+08:00
2025-03-20 23:00:00+00:00,2025-03-21 07:00:00+08:00,GPM_1.35_103.55,103.54999542236328,1.350000023841858,0.1599999964237213,0.07999999821186066,3B-HHR.MS.MRG.3IMERG.20250320-S230000-E232959.1380.V07B.HDF5,0.09999999776482582,4.184999976307154,6.3549999902024865,140.76999721024185,2025-03-21 07:30:00+08:00
2025-03-20 23:30:00+00:00,2025-03-21 07:30:00+08:00,GPM_1.35_103.55,103.54999542236328,1.350000023841858,0.1599999964237213,0.07999999821186066,3B-HHR.MS.MRG.3IMERG.20250320-S233000-E235959.1410.V07B.HDF5,0.1599999964237213,4.264999974519014,5.934999988414347,136.64499728474766,2025-03-21 08:00:00+08:00
2025-03-21 00:00:00+00:00,2025-03-21 08:00:00+08:00,GPM_1.35_103.55,103.54999542236328,1.350000023841858,0.0,0.0,3B-HHR.MS.MRG.3IMERG.20250321-S000000-E002959.0000.V07B.HDF5,0.07999999821186066,1.8049999363720417,5.929999988526106,129.69999758992344,2025-03-21 08:30:00+08:00
2025-03-21 00:30:00+00:00,2025-03-21 08:30:00+08:00,GPM_1.35_103.55,103.54999542236328,1.350000023841858,0.0,0.0,3B-HHR.MS.MRG.3IMERG.20250321-S003000-E005959.0030.V07B.HDF5,0.0,0.3799999840557575,5.74499998614192,124.21999757084996,2025-03-21 09:00:00+08:00
2025-03-21 01:00:00+00:00,2025-03-21 09:00:00+08:00,GPM_1.35_103.55,103.54999542236328,1.350000023841858,0.0,0.0,3B-HHR.MS.MRG.3IMERG.20250321-S010000-E012959.0060.V07B.HDF5,0.0,0.17999999597668648,5.410000007599592,115.97499768529087,2025-03-21 09:30:00+08:00
2025-03-21 01:30:00+00:00,2025-03-21 09:30:00+08:00,GPM_1.35_103.55,103.54999542236328,1.350000023841858,0.0,0.0,3B-HHR.MS.MRG.3IMERG.20250321-S013000-E015959.0090.V07B.HDF5,0.0,0.1599999964237213,4.319999974220991,108.1999980667606,2025-03-21 10:00:00+08:00
2025-03-21 02:00:00+00:00,2025-03-21 10:00:00+08:00,GPM_1.35_103.55,103.54999542236328,1.350000023841858,0.0,0.0,3B-HHR.MS.MRG.3IMERG.20250321-S020000-E022959.0120.V07B.HDF5,0.0,0.07999999821186066,4.264999974519014,100.63999812398106,2025-03-21 10:30:00+08:00
2025-03-21 02:30:00+00:00,2025-03-21 10:30:00+08:00,GPM_1.35_103.55,103.54999542236328,1.350000023841858,0.0,0.0,3B-HHR.MS.MRG.3IMERG.20250321-S023000-E025959.0150.V07B.HDF5,0.0,0.0,4.264999974519014,93.11999814305454,2025-03-21 11:00:00+08:00
2025-03-21 03:00:00+00:00,2025-03-21 11:00:00+08:00,GPM_1.35_103.55,103.54999542236328,1.350000023841858,0.0,0.0,3B-HHR.MS.MRG.3IMERG.20250321-S030000-E032959.0180.V07B.HDF5,0.0,0.0,1.8049999363720417,85.7599984863773,2025-03-21 11:30:00+08:00
2025-03-21 03:30:00+00:00,2025-03-21 11:30:00+08:00,GPM_1.35_103.55,103.54999542236328,1.350000023841858,0.09999999403953552,0.04999999701976776,3B-HHR.MS.MRG.3IMERG.20250321-S033000-E035959.0210.V07B.HDF5,0.04999999701976776,0.04999999701976776,0.4299999810755253,80.27999875042588,2025-03-21 12:00:00+08:00
2025-03-21 04:00:00+00:00,2025-03-21 12:00:00+08:00,GPM_1.35_103.55,103.54999542236328,1.350000023841858,0.009999999776482582,0.004999999888241291,3B-HHR.MS.MRG.3IMERG.20250321-S040000-E042959.0240.V07B.HDF5,0.05499999690800905,0.05499999690800905,0.23499999288469553,70.74499878846109,2025-03-21 12:30:00+08:00
2025-03-21 04:30:00+00:00,2025-03-21 12:30:00+08:00,GPM_1.35_103.55,103.54999542236328,1.350000023841858,0.0,0.0,3B-HHR.MS.MRG.3IMERG.20250321-S043000-E045959.0270.V07B.HDF5,0.004999999888241291,0.05499999690800905,0.21499999333173037,66.81499896012247,2025-03-21 13:00:00+08:00
2025-03-21 05:00:00+00:00,2025-03-21 13:00:00+08:00,GPM_1.35_103.55,103.54999542236328,1.350000023841858,0.0,0.0,3B-HHR.MS.MRG.3IMERG.20250321-S050000-E052959.0300.V07B.HDF5,0.0,0.05499999690800905,0.1349999951198697,62.73499903641641,2025-03-21 13:30:00+08:00
2025-03-21 05:30:00+00:00,2025-03-21 13:30:00+08:00,GPM_1.35_103.55,103.54999542236328,1.350000023841858,0.0,0.0,3B-HHR.MS.MRG.3IMERG.20250321-S053000-E055959.0330.V07B.HDF5,0.0,0.05499999690800905,0.05499999690800905,58.064998960122466,2025-03-21 14:00:00+08:00
2025-03-21 06:00:00+00:00,2025-03-21 14:00:00+08:00,GPM_1.35_103.55,103.54999542236328,1.350000023841858,0.0,0.0,3B-HHR.MS.MRG.3IMERG.20250321-S060000-E062959.0360.V07B.HDF5,0.0,0.05499999690800905,0.05499999690800905,54.00999913178384,2025-03-21 14:30:00+08:00
2025-03-21 06:30:00+00:00,2025-03-21 14:30:00+08:00,GPM_1.35_103.55,103.54999542236328,1.350000023841858,0.0,0.0,3B-HHR.MS.MRG.3IMERG.20250321-S063000-E065959.0390.V07B.HDF5,0.0,0.004999999888241291,0.05499999690800905,50.129999255761504,2025-03-21 15:00:00+08:00
2025-03-21 07:00:00+00:00,2025-03-21 15:00:00+08:00,GPM_1.35_103.55,103.54999542236328,1.350000023841858,0.0,0.0,3B-HHR.MS.MRG.3IMERG.20250321-S070000-E072959.0420.V07B.HDF5,0.0,0.0,0.05499999690800905,46.904999351128936,2025-03-21 15:30:00+08:00
2025-03-21 07:30:00+00:00,2025-03-21 15:30:00+08:00,GPM_1.35_103.55,103.54999542236328,1.350000023841858,0.0,0.0,3B-HHR.MS.MRG.3IMERG.20250321-S073000-E075959.0450.V07B.HDF5,0.0,0.0,0.05499999690800905,44.309999322518706,2025-03-21 16:00:00+08:00
2025-03-21 08:00:00+00:00,2025-03-21 16:00:00+08:00,GPM_1.35_103.55,103.54999542236328,1.350000023841858,0.3999999761581421,0.19999998807907104,3B-HHR.MS.MRG.3IMERG.20250321-S080000-E082959.0480.V07B.HDF5,0.19999998807907104,0.19999998807907104,0.2549999849870801,41.324999367818236,2025-03-21 16:30:00+08:00
2025-03-21 08:30:00+00:00,2025-03-21 16:30:00+08:00,GPM_1.35_103.55,103.54999542236328,1.350000023841858,0.5600000023841858,0.2800000011920929,3B-HHR.MS.MRG.3IMERG.20250321-S083000-E085959.0510.V07B.HDF5,0.47999998927116394,0.47999998927116394,0.534999986179173,38.709999388083816,2025-03-21 17:00:00+08:00
2025-03-21 09:00:00+00:00,2025-03-21 17:00:00+08:00,GPM_1.35_103.55,103.54999542236328,1.350000023841858,0.6200000047683716,0.3100000023841858,3B-HHR.MS.MRG.3IMERG.20250321-S090000-E092959.0540.V07B.HDF5,0.5900000035762787,0.7899999916553497,0.8449999885633588,35.979999428614974,2025-03-21 17:30:00+08:00
2025-03-21 09:30:00+00:00,2025-03-21 17:30:00+08:00,GPM_1.35_103.55,103.54999542236328,1.350000023841858,0.5799999833106995,0.28999999165534973,3B-HHR.MS.MRG.3IMERG.20250321-S093000-E095959.0570.V07B.HDF5,0.5999999940395355,1.0799999833106995,1.0849999831989408,34.8199994917959,2025-03-21 18:00:00+08:00
2025-03-21 10:00:00+00:00,2025-03-21 18:00:00+08:00,GPM_1.35_103.55,103.54999542236328,1.350000023841858,0.2199999988079071,0.10999999940395355,3B-HHR.MS.MRG.3IMERG.20250321-S100000-E102959.0600.V07B.HDF5,0.3999999910593033,1.189999982714653,1.189999982714653,32.36499943397939,2025-03-21 18:30:00+08:00
2025-03-21 10:30:00+00:00,2025-03-21 18:30:00+08:00,GPM_1.35_103.55,103.54999542236328,1.350000023841858,0.28999999165534973,0.14499999582767487,3B-HHR.MS.MRG.3IMERG.20250321-S103000-E105959.0630.V07B.HDF5,0.2549999952316284,1.3349999785423279,1.3349999785423279,28.5349995251745,2025-03-21 19:00:00+08:00
2025-03-21 11:00:00+00:00,2025-03-21 19:00:00+08:00,GPM_1.35_103.55,103.54999542236328,1.350000023841858,0.7599999904632568,0.3799999952316284,3B-HHR.MS.MRG.3IMERG.20250321-S110000-E112959.0660.V07B.HDF5,0.5249999910593033,1.5149999856948853,1.7149999737739563,26.269999539479613,2025-03-21 19:30:00+08:00
2025-03-21 11:30:00+00:00,2025-03-21 19:30:00+08:00,GPM_1.35_103.55,103.54999542236328,1.350000023841858,1.3899999856948853,0.6949999928474426,3B-HHR.MS.MRG.3IMERG.20250321-S113000-E115959.0690.V07B.HDF5,1.074999988079071,1.929999977350235,2.409999966621399,23.849999522790313,2025-03-21 20:00:00+08:00
2025-03-21 12:00:00+00:00,2025-03-21 20:00:00+08:00,GPM_1.35_103.55,103.54999542236328,1.350000023841858,0.5999999642372131,0.29999998211860657,3B-HHR.MS.MRG.3IMERG.20250321-S120000-E122959.0720.V07B.HDF5,0.9949999749660492,1.9199999570846558,2.7099999487400055,22.439999585971236,2025-03-21 20:30:00+08:00
2025-03-21 12:30:00+00:00,2025-03-21 20:30:00+08:00,GPM_1.35_103.55,103.54999542236328,1.350000023841858,0.25,0.125,3B-HHR.MS.MRG.3IMERG.20250321-S123000-E125959.0750.V07B.HDF5,0.42499998211860657,1.754999965429306,2.8349999487400055,21.264999633654952,2025-03-21 21:00:00+08:00
2025-03-21 13:00:00+00:00,2025-03-21 21:00:00+08:00,GPM_1.35_103.55,103.54999542236328,1.350000023841858,0.0,0.0,3B-HHR.MS.MRG.3IMERG.20250321-S130000-E132959.0780.V07B.HDF5,0.125,1.6449999660253525,2.8349999487400055,20.809999650344253,2025-03-21 21:30:00+08:00
2025-03-21 13:30:00+00:00,2025-03-21 21:30:00+08:00,GPM_1.35_103.55,103.54999542236328,1.350000023841858,0.5,0.25,3B-HHR.MS.MRG.3IMERG.20250321-S133000-E135959.0810.V07B.HDF5,0.25,1.7499999701976776,3.0849999487400055,20.424999659880996,2025-03-21 22:00:00+08:00
2025-03-21 14:00:00+00:00,2025-03-21 22:00:00+08:00,GPM_1.35_103.55,103.54999542236328,1.350000023841858,0.3499999940395355,0.17499999701976776,3B-HHR.MS.MRG.3IMERG.20250321-S140000-E142959.0840.V07B.HDF5,0.42499999701976776,1.544999971985817,3.059999957680702,19.414999714121222,2025-03-21 22:30:00+08:00
2025-03-21 14:30:00+00:00,2025-03-21 22:30:00+08:00,GPM_1.35_103.55,103.54999542236328,1.350000023841858,0.8799999952316284,0.4399999976158142,3B-HHR.MS.MRG.3IMERG.20250321-S143000-E145959.0870.V07B.HDF5,0.614999994635582,1.2899999767541885,3.2199999541044235,18.459999730810523,2025-03-21 23:00:00+08:00
2025-03-21 15:00:00+00:00,2025-03-21 23:00:00+08:00,GPM_1.35_103.55,103.54999542236328,1.350000023841858,0.9799999594688416,0.4899999797344208,3B-HHR.MS.MRG.3IMERG.20250321-S150000-E152959.0900.V07B.HDF5,0.929999977350235,1.4799999743700027,3.3999999314546585,17.374999782070518,2025-03-21 23:30:00+08:00
2025-03-21 15:30:00+00:00,2025-03-21 23:30:00+08:00,GPM_1.35_103.55,103.54999542236328,1.350000023841858,0.9799999594688416,0.4899999797344208,3B-HHR.MS.MRG.3IMERG.20250321-S153000-E155959.0930.V07B.HDF5,0.9799999594688416,1.8449999541044235,3.5999999195337296,16.029999842867255,2025-03-22 00:00:00+08:00
2025-03-18 16:00:00+00:00,2025-03-19 00:00:00+08:00,GPM_1.35_103.65,103.64999389648438,1.350000023841858,0.0,0.0,3B-HHR.MS.MRG.3IMERG.20250318-S160000-E162959.0960.V07B.HDF5,,,,,2025-03-19 00:30:00+08:00
2025-03-18 16:30:00+00:00,2025-03-19 00:30:00+08:00,GPM_1.35_103.65,103.64999389648438,1.350000023841858,0.0,0.0,3B-HHR.MS.MRG.3IMERG.20250318-S163000-E165959.0990.V07B.HDF5,0.0,,,,2025-03-19 01:00:00+08:00
2025-03-18 17:00:00+00:00,2025-03-19 01:00:00+08:00,GPM_1.35_103.65,103.64999389648438,1.350000023841858,0.0,0.0,3B-HHR.MS.MRG.3IMERG.20250318-S170000-E172959.1020.V07B.HDF5,0.0,,,,2025-03-19 01:30:00+08:00
2025-03-18 17:30:00+00:00,2025-03-19 01:30:00+08:00,GPM_1.35_103.65,103.64999389648438,1.350000023841858,0.0,0.0,3B-HHR.MS.MRG.3IMERG.20250318-S173000-E175959.1050.V07B.HDF5,0.0,,,,2025-03-19 02:00:00+08:00
2025-03-18 18:00:00+00:00,2025-03-19 02:00:00+08:00,GPM_1.35_103.65,103.64999389648438,1.350000023841858,0.0,0.0,3B-HHR.MS.MRG.3IMERG.20250318-S180000-E182959.1080.V07B.HDF5,0.0,,,,2025-03-19 02:30:00+08:00
2025-03-18 18:30:00+00:00,2025-03-19 02:30:00+08:00,GPM_1.35_103.65,103.64999389648438,1.350000023841858,0.0,0.0,3B-HHR.MS.MRG.3IMERG.20250318-S183000-E185959.1110.V07B.HDF5,0.0,0.0,,,2025-03-19 03:00:00+08:00
2025-03-18 19:00:00+00:00,2025-03-19 03:00:00+08:00,GPM_1.35_103.65,103.64999389648438,1.350000023841858,0.0,0.0,3B-HHR.MS.MRG.3IMERG.20250318-S190000-E192959.1140.V07B.HDF5,0.0,0.0,,,2025-03-19 03:30:00+08:00
2025-03-18 19:30:00+00:00,2025-03-19 03:30:00+08:00,GPM_1.35_103.65,103.64999389648438,1.350000023841858,0.0,0.0,3B-HHR.MS.MRG.3IMERG.20250318-S193000-E195959.1170.V07B.HDF5,0.0,0.0,,,2025-03-19 04:00:00+08:00
2025-03-18 20:00:00+00:00,2025-03-19 04:00:00+08:00,GPM_1.35_103.65,103.64999389648438,1.350000023841858,0.0,0.0,3B-HHR.MS.MRG.3IMERG.20250318-S200000-E202959.1200.V07B.HDF5,0.0,0.0,,,2025-03-19 04:30:00+08:00
2025-03-18 20:30:00+00:00,2025-03-19 04:30:00+08:00,GPM_1.35_103.65,103.64999389648438,1.350000023841858,0.0,0.0,3B-HHR.MS.MRG.3IMERG.20250318-S203000-E205959.1230.V07B.HDF5,0.0,0.0,,,2025-03-19 05:00:00+08:00
2025-03-18 21:00:00+00:00,2025-03-19 05:00:00+08:00,GPM_1.35_103.65,103.64999389648438,1.350000023841858,0.09999999403953552,0.04999999701976776,3B-HHR.MS.MRG.3IMERG.20250318-S210000-E212959.1260.V07B.HDF5,0.04999999701976776,0.04999999701976776,,,2025-03-19 05:30:00+08:00
2025-03-18 21:30:00+00:00,2025-03-19 05:30:00+08:00,GPM_1.35_103.65,103.64999389648438,1.350000023841858,0.4399999976158142,0.2199999988079071,3B-HHR.MS.MRG.3IMERG.20250318-S213000-E215959.1290.V07B.HDF5,0.26999999582767487,0.26999999582767487,0.26999999582767487,,2025-03-19 06:00:00+08:00
2025-03-18 22:00:00+00:00,2025-03-19 06:00:00+08:00,GPM_1.35_103.65,103.64999389648438,1.350000023841858,0.9399999976158142,0.4699999988079071,3B-HHR.MS.MRG.3IMERG.20250318-S220000-E222959.1320.V07B.HDF5,0.6899999976158142,0.739999994635582,0.739999994635582,,2025-03-19 06:30:00+08:00
2025-03-18 22:30:00+00:00,2025-03-19 06:30:00+08:00,GPM_1.35_103.65,103.64999389648438,1.350000023841858,0.5299999713897705,0.26499998569488525,3B-HHR.MS.MRG.3IMERG.20250318-S223000-E225959.1350.V07B.HDF5,0.7349999845027924,1.0049999803304672,1.0049999803304672,,2025-03-19 07:00:00+08:00
2025-03-18 23:00:00+00:00,2025-03-19 07:00:00+08:00,GPM_1.35_103.65,103.64999389648438,1.350000023841858,0.4099999964237213,0.20499999821186066,3B-HHR.MS.MRG.3IMERG.20250318-S230000-E232959.1380.V07B.HDF5,0.4699999839067459,1.2099999785423279,1.2099999785423279,,2025-03-19 07:30:00+08:00
2025-03-18 23:30:00+00:00,2025-03-19 07:30:00+08:00,GPM_1.35_103.65,103.64999389648438,1.350000023841858,0.35999998450279236,0.17999999225139618,3B-HHR.MS.MRG.3IMERG.20250318-S233000-E235959.1410.V07B.HDF5,0.38499999046325684,1.389999970793724,1.389999970793724,,2025-03-19 08:00:00+08:00
2025-03-19 00:00:00+00:00,2025-03-19 08:00:00+08:00,GPM_1.35_103.65,103.64999389648438,1.350000023841858,0.29999998211860657,0.14999999105930328,3B-HHR.MS.MRG.3IMERG.20250319-S000000-E002959.0000.V07B.HDF5,0.32999998331069946,1.4899999648332596,1.5399999618530273,,2025-03-19 08:30:00+08:00
2025-03-19 00:30:00+00:00,2025-03-19 08:30:00+08:00,GPM_1.35_103.65,103.64999389648438,1.350000023841858,3.25,1.625,3B-HHR.MS.MRG.3IMERG.20250319-S003000-E005959.0030.V07B.HDF5,1.7749999910593033,2.8949999660253525,3.1649999618530273,,2025-03-19 09:00:00+08:00
2025-03-19 01:00:00+00:00,2025-03-19 09:00:00+08:00,GPM_1.35_103.65,103.64999389648438,1.350000023841858,3.1999998092651367,1.5999999046325684,3B-HHR.MS.MRG.3IMERG.20250319-S010000-E012959.0060.V07B.HDF5,3.2249999046325684,4.024999871850014,4.764999866485596,,2025-03-19 09:30:00+08:00
2025-03-19 01:30:00+00:00,2025-03-19 09:30:00+08:00,GPM_1.35_103.65,103.64999389648438,1.350000023841858,4.329999923706055,2.1649999618530273,3B-HHR.MS.MRG.3IMERG.20250319-S013000-E015959.0090.V07B.HDF5,3.7649998664855957,5.924999848008156,6.929999828338623,,2025-03-19 10:00:00+08:00
2025-03-19 02:00:00+00:00,2025-03-19 10:00:00+08:00,GPM_1.35_103.65,103.64999389648438,1.350000023841858,4.5,2.25,3B-HHR.MS.MRG.3IMERG.20250319-S020000-E022959.0120.V07B.HDF5,4.414999961853027,7.969999849796295,9.179999828338623,,2025-03-19 10:30:00+08:00
2025-03-19 02:30:00+00:00,2025-03-19 10:30:00+08:00,GPM_1.35_103.65,103.64999389648438,1.350000023841858,6.170000076293945,3.0850000381469727,3B-HHR.MS.MRG.3IMERG.20250319-S023000-E025959.0150.V07B.HDF5,5.335000038146973,10.874999895691872,12.264999866485596,,2025-03-19 11:00:00+08:00
2025-03-19 03:00:00+00:00,2025-03-19 11:00:00+08:00,GPM_1.35_103.65,103.64999389648438,1.350000023841858,6.159999847412109,3.0799999237060547,3B-HHR.MS.MRG.3IMERG.20250319-S030000-E032959.0180.V07B.HDF5,6.164999961853027,13.804999828338623,15.294999793171883,,2025-03-19 11:30:00+08:00
2025-03-19 03:30:00+00:00,2025-03-19 11:30:00+08:00,GPM_1.35_103.65,103.64999389648438,1.350000023841858,5.440000057220459,2.7200000286102295,3B-HHR.MS.MRG.3IMERG.20250319-S033000-E035959.0210.V07B.HDF5,5.799999952316284,14.899999856948853,17.794999822974205,,2025-03-19 12:00:00+08:00
2025-03-19 04:00:00+00:00,2025-03-19 12:00:00+08:00,GPM_1.35_103.65,103.64999389648438,1.350000023841858,6.019999980926514,3.009999990463257,3B-HHR.MS.MRG.3IMERG.20250319-S040000-E042959.0240.V07B.HDF5,5.730000019073486,16.30999994277954,20.334999814629555,,2025-03-19 12:30:00+08:00
2025-03-19 04:30:00+00:00,2025-03-19 12:30:00+08:00,GPM_1.35_103.65,103.64999389648438,1.350000023841858,6.639999866485596,3.319999933242798,3B-HHR.MS.MRG.3IMERG.20250319-S043000-E045959.0270.V07B.HDF5,6.329999923706055,17.46499991416931,23.389999762177467,,2025-03-19 13:00:00+08:00
2025-03-19 05:00:00+00:00,2025-03-19 13:00:00+08:00,GPM_1.35_103.65,103.64999389648438,1.350000023841858,4.960000038146973,2.4800000190734863,3B-HHR.MS.MRG.3IMERG.20250319-S050000-E052959.0300.V07B.HDF5,5.799999952316284,17.694999933242798,25.664999783039093,,2025-03-19 13:30:00+08:00
2025-03-19 05:30:00+00:00,2025-03-19 13:30:00+08:00,GPM_1.35_103.65,103.64999389648438,1.350000023841858,10.09000015258789,5.045000076293945,3B-HHR.MS.MRG.3IMERG.20250319-S053000-E055959.0330.V07B.HDF5,7.525000095367432,19.65499997138977,30.529999867081642,,2025-03-19 14:00:00+08:00
2025-03-19 06:00:00+00:00,2025-03-19 14:00:00+08:00,GPM_1.35_103.65,103.64999389648438,1.350000023841858,12.519999504089355,6.259999752044678,3B-HHR.MS.MRG.3IMERG.20250319-S060000-E062959.0360.V07B.HDF5,11.304999828338623,22.834999799728394,36.63999962806702,,2025-03-19 14:30:00+08:00
2025-03-19 06:30:00+00:00,2025-03-19 14:30:00+08:00,GPM_1.35_103.65,103.64999389648438,1.350000023841858,10.84999942779541,5.424999713897705,3B-HHR.MS.MRG.3IMERG.20250319-S063000-E065959.0390.V07B.HDF5,11.684999465942383,25.53999948501587,40.43999934196472,,2025-03-19 15:00:00+08:00
2025-03-19 07:00:00+00:00,2025-03-19 15:00:00+08:00,GPM_1.35_103.65,103.64999389648438,1.350000023841858,9.639999389648438,4.819999694824219,3B-HHR.MS.MRG.3IMERG.20250319-S070000-E072959.0420.V07B.HDF5,10.244999408721924,27.34999918937683,43.65999913215637,,2025-03-19 15:30:00+08:00
2025-03-19 07:30:00+00:00,2025-03-19 15:30:00+08:00,GPM_1.35_103.65,103.64999389648438,1.350000023841858,6.429999828338623,3.2149999141693115,3B-HHR.MS.MRG.3IMERG.20250319-S073000-E075959.0450.V07B.HDF5,8.03499960899353,27.244999170303345,44.709999084472656,,2025-03-19 16:00:00+08:00
2025-03-19 08:00:00+00:00,2025-03-19 16:00:00+08:00,GPM_1.35_103.65,103.64999389648438,1.350000023841858,6.5,3.25,3B-HHR.MS.MRG.3IMERG.20250319-S080000-E082959.0480.V07B.HDF5,6.4649999141693115,28.01499915122986,45.709999084472656,,2025-03-19 16:30:00+08:00
2025-03-19 08:30:00+00:00,2025-03-19 16:30:00+08:00,GPM_1.35_103.65,103.64999389648438,1.350000023841858,7.359999656677246,3.679999828338623,3B-HHR.MS.MRG.3IMERG.20250319-S083000-E085959.0510.V07B.HDF5,6.929999828338623,26.649998903274536,46.30499887466431,,2025-03-19 17:00:00+08:00
2025-03-19 09:00:00+00:00,2025-03-19 17:00:00+08:00,GPM_1.35_103.65,103.64999389648438,1.350000023841858,7.409999847412109,3.7049999237060547,3B-HHR.MS.MRG.3IMERG.20250319-S090000-E092959.0540.V07B.HDF5,7.384999752044678,24.094999074935913,46.92999887466431,,2025-03-19 17:30:00+08:00
2025-03-19 09:30:00+00:00,2025-03-19 17:30:00+08:00,GPM_1.35_103.65,103.64999389648438,1.350000023841858,6.869999885559082,3.434999942779541,3B-HHR.MS.MRG.3IMERG.20250319-S093000-E095959.0570.V07B.HDF5,7.139999866485596,22.10499930381775,47.64499878883362,,2025-03-19 18:00:00+08:00
2025-03-19 10:00:00+00:00,2025-03-19 18:00:00+08:00,GPM_1.35_103.65,103.64999389648438,1.350000023841858,6.019999980926514,3.009999990463257,3B-HHR.MS.MRG.3IMERG.20250319-S100000-E102959.0600.V07B.HDF5,6.444999933242798,20.294999599456787,47.64499878883362,,2025-03-19 18:30:00+08:00
2025-03-19 10:30:00+00:00,2025-03-19 18:30:00+08:00,GPM_1.35_103.65,103.64999389648438,1.350000023841858,6.62999963760376,3.31499981880188,3B-HHR.MS.MRG.3IMERG.20250319-S103000-E105959.0630.V07B.HDF5,6.324999809265137,20.394999504089355,47.6399986743927,,2025-03-19 19:00:00+08:00
2025-03-19 11:00:00+00:00,2025-03-19 19:00:00+08:00,GPM_1.35_103.65,103.64999389648438,1.350000023841858,6.199999809265137,3.0999999046325684,3B-HHR.MS.MRG.3IMERG.20250319-S110000-E112959.0660.V07B.HDF5,6.414999723434448,20.244999408721924,48.25999855995178,,2025-03-19 19:30:00+08:00
2025-03-19 11:30:00+00:00,2025-03-19 19:30:00+08:00,GPM_1.35_103.65,103.64999389648438,1.350000023841858,5.859999656677246,2.929999828338623,3B-HHR.MS.MRG.3IMERG.20250319-S113000-E115959.0690.V07B.HDF5,6.029999732971191,19.494999408721924,46.14499831199646,,2025-03-19 20:00:00+08:00
2025-03-19 12:00:00+00:00,2025-03-19 20:00:00+08:00,GPM_1.35_103.65,103.64999389648438,1.350000023841858,4.21999979019165,2.109999895095825,3B-HHR.MS.MRG.3IMERG.20250319-S120000-E122959.0720.V07B.HDF5,5.039999723434448,17.899999380111694,41.99499845504761,,2025-03-19 20:30:00+08:00
2025-03-19 12:30:00+00:00,2025-03-19 20:30:00+08:00,GPM_1.35_103.65,103.64999389648438,1.350000023841858,4.730000019073486,2.365000009536743,3B-HHR.MS.MRG.3IMERG.20250319-S123000-E125959.0750.V07B.HDF5,4.474999904632568,16.829999446868896,38.934998750686646,,2025-03-19 21:00:00+08:00
2025-03-19 13:00:00+00:00,2025-03-19 21:00:00+08:00,GPM_1.35_103.65,103.64999389648438,1.350000023841858,6.359999656677246,3.179999828338623,3B-HHR.MS.MRG.3IMERG.20250319-S130000-E132959.0780.V07B.HDF5,5.544999837875366,16.999999284744263,37.29499888420105,,2025-03-19 21:30:00+08:00
2025-03-19 13:30:00+00:00,2025-03-19 21:30:00+08:00,GPM_1.35_103.65,103.64999389648438,1.350000023841858,5.509999752044678,2.754999876022339,3B-HHR.MS.MRG.3IMERG.20250319-S133000-E135959.0810.V07B.HDF5,5.934999704360962,16.43999934196472,36.83499884605408,,2025-03-19 22:00:00+08:00
2025-03-19 14:00:00+00:00,2025-03-19 22:00:00+08:00,GPM_1.35_103.65,103.64999389648438,1.350000023841858,5.380000114440918,2.690000057220459,3B-HHR.MS.MRG.3IMERG.20250319-S140000-E142959.0840.V07B.HDF5,5.444999933242798,16.029999494552612,36.274998903274536,,2025-03-19 22:30:00+08:00
2025-03-19 14:30:00+00:00,2025-03-19 22:30:00+08:00,GPM_1.35_103.65,103.64999389648438,1.350000023841858,4.349999904632568,2.174999952316284,3B-HHR.MS.MRG.3IMERG.20250319-S143000-E145959.0870.V07B.HDF5,4.865000009536743,15.274999618530273,34.7699990272522,,2025-03-19 23:00:00+08:00
2025-03-19 15:00:00+00:00,2025-03-19 23:00:00+08:00,GPM_1.35_103.65,103.64999389648438,1.350000023841858,4.429999828338623,2.2149999141693115,3B-HHR.MS.MRG.3IMERG.20250319-S150000-E152959.0900.V07B.HDF5,4.389999866485596,15.37999963760376,33.279999017715454,,2025-03-19 23:30:00+08:00
2025-03-19 15:30:00+00:00,2025-03-19 23:30:00+08:00,GPM_1.35_103.65,103.64999389648438,1.350000023841858,1.3899999856948853,0.6949999928474426,3B-HHR.MS.MRG.3IMERG.20250319-S153000-E155959.0930.V07B.HDF5,2.909999907016754,13.70999962091446,30.539999067783356,96.24999767541885,2025-03-20 00:00:00+08:00
2025-03-19 16:00:00+00:00,2025-03-20 00:00:00+08:00,GPM_1.35_103.65,103.64999389648438,1.350000023841858,0.8299999833106995,0.41499999165534973,3B-HHR.MS.MRG.3IMERG.20250319-S160000-E162959.0960.V07B.HDF5,1.1099999845027924,10.944999784231186,27.94499906897545,96.6649976670742,2025-03-20 00:30:00+08:00
2025-03-19 16:30:00+00:00,2025-03-20 00:30:00+08:00,GPM_1.35_103.65,103.64999389648438,1.350000023841858,2.4700000286102295,1.2350000143051147,3B-HHR.MS.MRG.3IMERG.20250319-S163000-E165959.0990.V07B.HDF5,1.6500000059604645,9.424999922513962,25.864999264478683,97.89999768137932,2025-03-20 01:00:00+08:00
2025-03-19 17:00:00+00:00,2025-03-20 01:00:00+08:00,GPM_1.35_103.65,103.64999389648438,1.350000023841858,3.3499999046325684,1.6749999523162842,3B-HHR.MS.MRG.3IMERG.20250319-S170000-E172959.1020.V07B.HDF5,2.909999966621399,8.409999817609787,24.4399993121624,99.5749976336956,2025-03-20 01:30:00+08:00
2025-03-19 17:30:00+00:00,2025-03-20 01:30:00+08:00,GPM_1.35_103.65,103.64999389648438,1.350000023841858,3.2100000381469727,1.6050000190734863,3B-HHR.MS.MRG.3IMERG.20250319-S173000-E175959.1050.V07B.HDF5,3.2799999713897705,7.839999884366989,23.114999502897263,101.17999765276909,2025-03-20 02:00:00+08:00
2025-03-19 18:00:00+00:00,2025-03-20 02:00:00+08:00,GPM_1.35_103.65,103.64999389648438,1.350000023841858,5.829999923706055,2.9149999618530273,3B-HHR.MS.MRG.3IMERG.20250319-S180000-E182959.1080.V07B.HDF5,4.519999980926514,8.539999932050705,23.919999569654465,104.09499761462212,2025-03-20 02:30:00+08:00
2025-03-19 18:30:00+00:00,2025-03-20 02:30:00+08:00,GPM_1.35_103.65,103.64999389648438,1.350000023841858,4.799999713897705,2.3999998569488525,3B-HHR.MS.MRG.3IMERG.20250319-S183000-E185959.1110.V07B.HDF5,5.31499981880188,10.244999796152115,23.954999417066574,106.49499747157097,2025-03-20 03:00:00+08:00
2025-03-19 19:00:00+00:00,2025-03-20 03:00:00+08:00,GPM_1.35_103.65,103.64999389648438,1.350000023841858,5.509999752044678,2.754999876022339,3B-HHR.MS.MRG.3IMERG.20250319-S190000-E192959.1140.V07B.HDF5,5.154999732971191,12.584999680519104,23.52999946475029,109.24999734759331,2025-03-20 03:30:00+08:00
2025-03-19 19:30:00+00:00,2025-03-20 03:30:00+08:00,GPM_1.35_103.65,103.64999389648438,1.350000023841858,6.710000038146973,3.3550000190734863,3B-HHR.MS.MRG.3IMERG.20250319-S193000-E195959.1170.V07B.HDF5,6.109999895095825,14.704999685287476,24.129999607801437,112.6049973666668,2025-03-20 04:00:00+08:00
2025-03-19 20:00:00+00:00,2025-03-20 04:00:00+08:00,GPM_1.35_103.65,103.64999389648438,1.350000023841858,9.069999694824219,4.534999847412109,3B-HHR.MS.MRG.3IMERG.20250319-S200000-E202959.1200.V07B.HDF5,7.889999866485596,17.5649995803833,25.974999397993088,117.1399972140789,2025-03-20 04:30:00+08:00
2025-03-19 20:30:00+00:00,2025-03-20 04:30:00+08:00,GPM_1.35_103.65,103.64999389648438,1.350000023841858,5.21999979019165,2.609999895095825,3B-HHR.MS.MRG.3IMERG.20250319-S203000-E205959.1230.V07B.HDF5,7.144999742507935,18.56999945640564,26.40999934077263,119.74999710917473,2025-03-20 05:00:00+08:00
2025-03-19 21:00:00+00:00,2025-03-20 05:00:00+08:00,GPM_1.35_103.65,103.64999389648438,1.350000023841858,3.8999998569488525,1.9499999284744263,3B-HHR.MS.MRG.3IMERG.20250319-S210000-E212959.1260.V07B.HDF5,4.5599998235702515,17.60499942302704,26.144999355077744,121.64999704062939,2025-03-20 05:30:00+08:00
2025-03-19 21:30:00+00:00,2025-03-20 05:30:00+08:00,GPM_1.35_103.65,103.64999389648438,1.350000023841858,6.389999866485596,3.194999933242798,3B-HHR.MS.MRG.3IMERG.20250319-S213000-E215959.1290.V07B.HDF5,5.144999861717224,18.399999499320984,28.6449992954731,124.62499697506428,2025-03-20 06:00:00+08:00
2025-03-19 22:00:00+00:00,2025-03-20 06:00:00+08:00,GPM_1.35_103.65,103.64999389648438,1.350000023841858,7.609999656677246,3.804999828338623,3B-HHR.MS.MRG.3IMERG.20250319-S220000-E222959.1320.V07B.HDF5,6.999999761581421,19.449999451637268,32.03499913215637,127.959996804595,2025-03-20 06:30:00+08:00
2025-03-19 22:30:00+00:00,2025-03-20 06:30:00+08:00,GPM_1.35_103.65,103.64999389648438,1.350000023841858,9.479999542236328,4.739999771118164,3B-HHR.MS.MRG.3IMERG.20250319-S223000-E225959.1350.V07B.HDF5,8.544999599456787,20.834999203681946,35.53999888896942,132.43499659001827,2025-03-20 07:00:00+08:00
2025-03-19 23:00:00+00:00,2025-03-20 07:00:00+08:00,GPM_1.35_103.65,103.64999389648438,1.350000023841858,7.96999979019165,3.984999895095825,3B-HHR.MS.MRG.3IMERG.20250319-S230000-E232959.1380.V07B.HDF5,8.72499966621399,20.28499925136566,37.84999883174896,136.21499648690224,2025-03-20 07:30:00+08:00
2025-03-19 23:30:00+00:00,2025-03-20 07:30:00+08:00,GPM_1.35_103.65,103.64999389648438,1.350000023841858,11.479999542236328,5.739999771118164,3B-HHR.MS.MRG.3IMERG.20250319-S233000-E235959.1410.V07B.HDF5,9.72499966621399,23.414999127388,41.98499858379364,141.774996265769,2025-03-20 08:00:00+08:00
2025-03-20 00:00:00+00:00,2025-03-20 08:00:00+08:00,GPM_1.35_103.65,103.64999389648438,1.350000023841858,16.270000457763672,8.135000228881836,3B-HHR.MS.MRG.3IMERG.20250320-S000000-E002959.0000.V07B.HDF5,13.875,29.59999942779541,47.20499885082245,149.75999650359154,2025-03-20 08:30:00+08:00
2025-03-20 00:30:00+00:00,2025-03-20 08:30:00+08:00,GPM_1.35_103.65,103.64999389648438,1.350000023841858,10.880000114440918,5.440000057220459,3B-HHR.MS.MRG.3IMERG.20250320-S003000-E005959.0030.V07B.HDF5,13.575000286102295,31.84499955177307,50.244999051094055,153.574996560812,2025-03-20 09:00:00+08:00
2025-03-20 01:00:00+00:00,2025-03-20 09:00:00+08:00,GPM_1.35_103.65,103.64999389648438,1.350000023841858,23.899999618530273,11.949999809265137,3B-HHR.MS.MRG.3IMERG.20250320-S010000-E012959.0060.V07B.HDF5,17.389999866485596,39.989999532699585,59.43999898433685,163.92499646544456,2025-03-20 09:30:00+08:00
2025-03-20 01:30:00+00:00,2025-03-20 09:30:00+08:00,GPM_1.35_103.65,103.64999389648438,1.350000023841858,17.44999885559082,8.72499942779541,3B-HHR.MS.MRG.3IMERG.20250320-S013000-E015959.0090.V07B.HDF5,20.674999237060547,43.97499918937683,64.80999839305878,170.48499593138695,2025-03-20 10:00:00+08:00
2025-03-20 02:00:00+00:00,2025-03-20 10:00:00+08:00,GPM_1.35_103.65,103.64999389648438,1.350000023841858,16.649999618530273,8.324999809265137,3B-HHR.MS.MRG.3IMERG.20250320-S020000-E022959.0120.V07B.HDF5,17.049999237060547,48.31499910354614,68.5999983549118,176.55999574065208,2025-03-20 10:30:00+08:00
2025-03-20 02:30:00+00:00,2025-03-20 10:30:00+08:00,GPM_1.35_103.65,103.64999389648438,1.350000023841858,16.260000228881836,8.130000114440918,3B-HHR.MS.MRG.3IMERG.20250320-S023000-E025959.0150.V07B.HDF5,16.454999923706055,50.7049994468689,74.1199985742569,181.60499581694603,2025-03-20 11:00:00+08:00
2025-03-20 03:00:00+00:00,2025-03-20 11:00:00+08:00,GPM_1.35_103.65,103.64999389648438,1.350000023841858,15.809999465942383,7.904999732971191,3B-HHR.MS.MRG.3IMERG.20250320-S030000-E032959.0180.V07B.HDF5,16.03499984741211,50.47499895095825,80.07499837875366,186.42999562621117,2025-03-20 11:30:00+08:00
2025-03-20 03:30:00+00:00,2025-03-20 11:30:00+08:00,GPM_1.35_103.65,103.64999389648438,1.350000023841858,15.309999465942383,7.654999732971191,3B-HHR.MS.MRG.3IMERG.20250320-S033000-E035959.0210.V07B.HDF5,15.559999465942383,52.689998626708984,84.53499817848206,191.36499533057213,2025-03-20 12:00:00+08:00
2025-03-20 04:00:00+00:00,2025-03-20 12:00:00+08:00,GPM_1.35_103.65,103.64999389648438,1.350000023841858,13.699999809265137,6.849999904632568,3B-HHR.MS.MRG.3IMERG.20250320-S040000-E042959.0240.V07B.HDF5,14.50499963760376,47.589998722076416,87.579998254776,195.20499524474144,2025-03-20 12:30:00+08:00
2025-03-20 04:30:00+00:00,2025-03-20 12:30:00+08:00,GPM_1.35_103.65,103.64999389648438,1.350000023841858,8.389999389648438,4.194999694824219,3B-HHR.MS.MRG.3IMERG.20250320-S043000-E045959.0270.V07B.HDF5,11.044999599456787,43.059998989105225,87.03499817848206,196.07999500632286,2025-03-20 13:00:00+08:00
2025-03-20 05:00:00+00:00,2025-03-20 13:00:00+08:00,GPM_1.35_103.65,103.64999389648438,1.350000023841858,8.479999542236328,4.239999771118164,3B-HHR.MS.MRG.3IMERG.20250320-S050000-E052959.0300.V07B.HDF5,8.434999465942383,38.97499895095825,87.2899980545044,197.83999475836754,2025-03-20 13:30:00+08:00
2025-03-20 05:30:00+00:00,2025-03-20 13:30:00+08:00,GPM_1.35_103.65,103.64999389648438,1.350000023841858,9.670000076293945,4.835000038146973,3B-HHR.MS.MRG.3IMERG.20250320-S053000-E055959.0330.V07B.HDF5,9.074999809265137,35.67999887466431,86.3849983215332,197.62999472022057,2025-03-20 14:00:00+08:00
2025-03-20 06:00:00+00:00,2025-03-20 14:00:00+08:00,GPM_1.35_103.65,103.64999389648438,1.350000023841858,8.609999656677246,4.304999828338623,3B-HHR.MS.MRG.3IMERG.20250320-S060000-E062959.0360.V07B.HDF5,9.139999866485596,32.07999897003174,82.55499792098999,195.6749947965145,2025-03-20 14:30:00+08:00
2025-03-20 06:30:00+00:00,2025-03-20 14:30:00+08:00,GPM_1.35_103.65,103.64999389648438,1.350000023841858,9.760000228881836,4.880000114440918,3B-HHR.MS.MRG.3IMERG.20250320-S063000-E065959.0390.V07B.HDF5,9.184999942779541,29.304999351501465,81.99499797821045,195.12999519705772,2025-03-20 15:00:00+08:00
2025-03-20 07:00:00+00:00,2025-03-20 15:00:00+08:00,GPM_1.35_103.65,103.64999389648438,1.350000023841858,5.190000057220459,2.5950000286102295,3B-HHR.MS.MRG.3IMERG.20250320-S070000-E072959.0420.V07B.HDF5,7.4750001430511475,25.049999475479126,72.63999819755554,192.90499553084373,2025-03-20 15:30:00+08:00
2025-03-20 07:30:00+00:00,2025-03-20 15:30:00+08:00,GPM_1.35_103.65,103.64999389648438,1.350000023841858,4.859999656677246,2.429999828338623,3B-HHR.MS.MRG.3IMERG.20250320-S073000-E075959.0450.V07B.HDF5,5.0249998569488525,23.28499960899353,66.34499859809875,192.11999544501305,2025-03-20 16:00:00+08:00
2025-03-20 08:00:00+00:00,2025-03-20 16:00:00+08:00,GPM_1.35_103.65,103.64999389648438,1.350000023841858,6.409999847412109,3.2049999237060547,3B-HHR.MS.MRG.3IMERG.20250320-S080000-E082959.0480.V07B.HDF5,5.634999752044678,22.24999976158142,61.22499871253967,192.0749953687191,2025-03-20 16:30:00+08:00
2025-03-20 08:30:00+00:00,2025-03-20 16:30:00+08:00,GPM_1.35_103.65,103.64999389648438,1.350000023841858,5.769999980926514,2.884999990463257,3B-HHR.MS.MRG.3IMERG.20250320-S083000-E085959.0510.V07B.HDF5,6.0899999141693115,20.299999713897705,55.97999858856201,191.27999553084373,2025-03-20 17:00:00+08:00
2025-03-20 09:00:00+00:00,2025-03-20 17:00:00+08:00,GPM_1.35_103.65,103.64999389648438,1.350000023841858,6.25,3.125,3B-HHR.MS.MRG.3IMERG.20250320-S090000-E092959.0540.V07B.HDF5,6.009999990463257,19.119999885559082,51.19999885559082,190.69999560713768,2025-03-20 17:30:00+08:00
2025-03-20 09:30:00+00:00,2025-03-20 17:30:00+08:00,GPM_1.35_103.65,103.64999389648438,1.350000023841858,4.029999732971191,2.0149998664855957,3B-HHR.MS.MRG.3IMERG.20250320-S093000-E095959.0570.V07B.HDF5,5.139999866485596,16.25499963760376,45.559998989105225,189.27999553084373,2025-03-20 18:00:00+08:00
2025-03-20 10:00:00+00:00,2025-03-20 18:00:00+08:00,GPM_1.35_103.65,103.64999389648438,1.350000023841858,6.920000076293945,3.4600000381469727,3B-HHR.MS.MRG.3IMERG.20250320-S100000-E102959.0600.V07B.HDF5,5.474999904632568,17.119999647140503,42.16999912261963,189.72999557852745,2025-03-20 18:30:00+08:00
2025-03-20 10:30:00+00:00,2025-03-20 18:30:00+08:00,GPM_1.35_103.65,103.64999389648438,1.350000023841858,9.869999885559082,4.934999942779541,3B-HHR.MS.MRG.3IMERG.20250320-S103000-E105959.0630.V07B.HDF5,8.394999980926514,19.62499976158142,42.90999937057495,191.3499957025051,2025-03-20 19:00:00+08:00
2025-03-20 11:00:00+00:00,2025-03-20 19:00:00+08:00,GPM_1.35_103.65,103.64999389648438,1.350000023841858,5.170000076293945,2.5850000381469727,3B-HHR.MS.MRG.3IMERG.20250320-S110000-E112959.0660.V07B.HDF5,7.519999980926514,19.00499987602234,41.25499963760376,190.83499583601952,2025-03-20 19:30:00+08:00
2025-03-20 11:30:00+00:00,2025-03-20 19:30:00+08:00,GPM_1.35_103.65,103.64999389648438,1.350000023841858,3.799999952316284,1.899999976158142,3B-HHR.MS.MRG.3IMERG.20250320-S113000-E115959.0690.V07B.HDF5,4.485000014305115,18.019999861717224,38.31999957561493,189.80499598383904,2025-03-20 20:00:00+08:00
2025-03-20 12:00:00+00:00,2025-03-20 20:00:00+08:00,GPM_1.35_103.65,103.64999389648438,1.350000023841858,3.4800000190734863,1.7400000095367432,3B-HHR.MS.MRG.3IMERG.20250320-S120000-E122959.0720.V07B.HDF5,3.6399999856948853,16.634999871253967,35.75499975681305,189.43499609827995,2025-03-20 20:30:00+08:00
2025-03-20 12:30:00+00:00,2025-03-20 20:30:00+08:00,GPM_1.35_103.65,103.64999389648438,1.350000023841858,3.009999990463257,1.5049999952316284,3B-HHR.MS.MRG.3IMERG.20250320-S123000-E125959.0750.V07B.HDF5,3.2450000047683716,16.125,32.37999963760376,188.57499608397484,2025-03-20 21:00:00+08:00
2025-03-20 13:00:00+00:00,2025-03-20 21:00:00+08:00,GPM_1.35_103.65,103.64999389648438,1.350000023841858,1.0199999809265137,0.5099999904632568,3B-HHR.MS.MRG.3IMERG.20250320-S130000-E132959.0780.V07B.HDF5,2.0149999856948853,13.174999952316284,30.294999599456787,185.90499624609947,2025-03-20 21:30:00+08:00
2025-03-20 13:30:00+00:00,2025-03-20 21:30:00+08:00,GPM_1.35_103.65,103.64999389648438,1.350000023841858,1.0399999618530273,0.5199999809265137,3B-HHR.MS.MRG.3IMERG.20250320-S133000-E135959.0810.V07B.HDF5,1.0299999713897705,8.759999990463257,28.384999752044678,183.66999635100365,2025-03-20 22:00:00+08:00
2025-03-20 14:00:00+00:00,2025-03-20 22:00:00+08:00,GPM_1.35_103.65,103.64999389648438,1.350000023841858,2.490000009536743,1.2450000047683716,3B-HHR.MS.MRG.3IMERG.20250320-S140000-E142959.0840.V07B.HDF5,1.7649999856948853,7.419999957084656,26.424999833106995,182.22499629855156,2025-03-20 22:30:00+08:00
2025-03-20 14:30:00+00:00,2025-03-20 22:30:00+08:00,GPM_1.35_103.65,103.64999389648438,1.350000023841858,2.8999998569488525,1.4499999284744263,3B-HHR.MS.MRG.3IMERG.20250320-S143000-E145959.0870.V07B.HDF5,2.694999933242798,6.96999990940094,24.989999771118164,181.4999962747097,2025-03-20 23:00:00+08:00
2025-03-20 15:00:00+00:00,2025-03-20 23:00:00+08:00,GPM_1.35_103.65,103.64999389648438,1.350000023841858,3.759999990463257,1.8799999952316284,3B-HHR.MS.MRG.3IMERG.20250320-S150000-E152959.0900.V07B.HDF5,3.3299999237060547,7.109999895095825,23.744999766349792,181.16499635577202,2025-03-20 23:30:00+08:00
2025-03-20 15:30:00+00:00,2025-03-20 23:30:00+08:00,GPM_1.35_103.65,103.64999389648438,1.350000023841858,4.539999961853027,2.2699999809265137,3B-HHR.MS.MRG.3IMERG.20250320-S153000-E155959.0930.V07B.HDF5,4.149999976158142,7.8749998807907104,23.99999988079071,182.7399963438511,2025-03-21 00:00:00+08:00
2025-03-20 16:00:00+00:00,2025-03-21 00:00:00+08:00,GPM_1.35_103.65,103.64999389648438,1.350000023841858,4.579999923706055,2.2899999618530273,3B-HHR.MS.MRG.3IMERG.20250320-S160000-E162959.0960.V07B.HDF5,4.559999942779541,9.654999852180481,22.829999804496765,184.61499631404877,2025-03-21 00:30:00+08:00
2025-03-20 16:30:00+00:00,2025-03-21 00:30:00+08:00,GPM_1.35_103.65,103.64999389648438,1.350000023841858,1.96999990940094,0.98499995470047,3B-HHR.MS.MRG.3IMERG.20250320-S163000-E165959.0990.V07B.HDF5,3.2749999165534973,10.119999825954437,18.879999816417694,184.36499625444412,2025-03-21 01:00:00+08:00
2025-03-20 17:00:00+00:00,2025-03-21 01:00:00+08:00,GPM_1.35_103.65,103.64999389648438,1.350000023841858,0.7099999785423279,0.35499998927116394,3B-HHR.MS.MRG.3IMERG.20250320-S170000-E172959.1020.V07B.HDF5,1.339999943971634,9.22999981045723,16.649999767541885,183.044996291399,2025-03-21 01:30:00+08:00
2025-03-20 17:30:00+00:00,2025-03-21 01:30:00+08:00,GPM_1.35_103.65,103.64999389648438,1.350000023841858,0.14999999105930328,0.07499999552965164,3B-HHR.MS.MRG.3IMERG.20250320-S173000-E175959.1050.V07B.HDF5,0.4299999848008156,7.854999877512455,14.824999786913395,181.51499626785517,2025-03-21 02:00:00+08:00
2025-03-20 18:00:00+00:00,2025-03-21 02:00:00+08:00,GPM_1.35_103.65,103.64999389648438,1.350000023841858,0.9799999594688416,0.4899999797344208,3B-HHR.MS.MRG.3IMERG.20250320-S180000-E182959.1080.V07B.HDF5,0.5649999752640724,6.464999862015247,13.574999757111073,179.08999628573656,2025-03-21 02:30:00+08:00
2025-03-20 18:30:00+00:00,2025-03-21 02:30:00+08:00,GPM_1.35_103.65,103.64999389648438,1.350000023841858,1.1399999856948853,0.5699999928474426,3B-HHR.MS.MRG.3IMERG.20250320-S183000-E185959.1110.V07B.HDF5,1.0599999725818634,4.764999873936176,12.639999754726887,177.25999642163515,2025-03-21 03:00:00+08:00
2025-03-20 19:00:00+00:00,2025-03-21 03:00:00+08:00,GPM_1.35_103.65,103.64999389648438,1.350000023841858,0.699999988079071,0.3499999940395355,3B-HHR.MS.MRG.3IMERG.20250320-S190000-E192959.1140.V07B.HDF5,0.9199999868869781,2.8249999061226845,12.479999758303165,174.85499653965235,2025-03-21 03:30:00+08:00
2025-03-20 19:30:00+00:00,2025-03-21 03:30:00+08:00,GPM_1.35_103.65,103.64999389648438,1.350000023841858,1.2899999618530273,0.6449999809265137,3B-HHR.MS.MRG.3IMERG.20250320-S193000-E195959.1170.V07B.HDF5,0.9949999749660492,2.484999932348728,12.604999758303165,172.14499650150537,2025-03-21 04:00:00+08:00
2025-03-20 20:00:00+00:00,2025-03-21 04:00:00+08:00,GPM_1.35_103.65,103.64999389648438,1.350000023841858,0.0,0.0,3B-HHR.MS.MRG.3IMERG.20250320-S200000-E202959.1200.V07B.HDF5,0.6449999809265137,2.1299999430775642,11.359999753534794,167.60999665409327,2025-03-21 04:30:00+08:00
2025-03-20 20:30:00+00:00,2025-03-21 04:30:00+08:00,GPM_1.35_103.65,103.64999389648438,1.350000023841858,0.29999998211860657,0.14999999105930328,3B-HHR.MS.MRG.3IMERG.20250320-S203000-E205959.1230.V07B.HDF5,0.14999999105930328,2.204999938607216,10.05999981611967,165.14999675005674,2025-03-21 05:00:00+08:00
2025-03-20 21:00:00+00:00,2025-03-21 05:00:00+08:00,GPM_1.35_103.65,103.64999389648438,1.350000023841858,7.829999923706055,3.9149999618530273,3B-HHR.MS.MRG.3IMERG.20250320-S210000-E212959.1260.V07B.HDF5,4.064999952912331,5.6299999207258224,12.09499978274107,167.11499678343534,2025-03-21 05:30:00+08:00
2025-03-20 21:30:00+00:00,2025-03-21 05:30:00+08:00,GPM_1.35_103.65,103.64999389648438,1.350000023841858,1.7799999713897705,0.8899999856948853,3B-HHR.MS.MRG.3IMERG.20250320-S213000-E215959.1290.V07B.HDF5,4.804999947547913,5.949999913573265,10.714999787509441,164.80999683588743,2025-03-21 06:00:00+08:00
2025-03-20 22:00:00+00:00,2025-03-21 06:00:00+08:00,GPM_1.35_103.65,103.64999389648438,1.350000023841858,0.07999999821186066,0.03999999910593033,3B-HHR.MS.MRG.3IMERG.20250320-S220000-E222959.1320.V07B.HDF5,0.9299999848008156,5.63999991863966,8.464999824762344,161.04499700665474,2025-03-21 06:30:00+08:00
2025-03-20 22:30:00+00:00,2025-03-21 06:30:00+08:00,GPM_1.35_103.65,103.64999389648438,1.350000023841858,0.0,0.0,3B-HHR.MS.MRG.3IMERG.20250320-S223000-E225959.1350.V07B.HDF5,0.03999999910593033,4.994999937713146,7.479999870061874,156.30499723553658,2025-03-21 07:00:00+08:00
2025-03-20 23:00:00+00:00,2025-03-21 07:00:00+08:00,GPM_1.35_103.65,103.64999389648438,1.350000023841858,0.1899999976158142,0.0949999988079071,3B-HHR.MS.MRG.3IMERG.20250320-S230000-E232959.1380.V07B.HDF5,0.0949999988079071,5.089999936521053,7.2199998795986176,152.41499733924866,2025-03-21 07:30:00+08:00
2025-03-20 23:30:00+00:00,2025-03-21 07:30:00+08:00,GPM_1.35_103.65,103.64999389648438,1.350000023841858,0.14000000059604645,0.07000000029802322,3B-HHR.MS.MRG.3IMERG.20250320-S233000-E235959.1410.V07B.HDF5,0.16499999910593033,5.009999945759773,7.214999884366989,146.74499756842852,2025-03-21 08:00:00+08:00
2025-03-21 00:00:00+00:00,2025-03-21 08:00:00+08:00,GPM_1.35_103.65,103.64999389648438,1.350000023841858,0.0,0.0,3B-HHR.MS.MRG.3IMERG.20250321-S000000-E002959.0000.V07B.HDF5,0.07000000029802322,1.094999983906746,6.724999904632568,138.60999733954668,2025-03-21 08:30:00+08:00
2025-03-21 00:30:00+00:00,2025-03-21 08:30:00+08:00,GPM_1.35_103.65,103.64999389648438,1.350000023841858,0.0,0.0,3B-HHR.MS.MRG.3IMERG.20250321-S003000-E005959.0030.V07B.HDF5,0.0,0.20499999821186066,6.154999911785126,133.16999728232622,2025-03-21 09:00:00+08:00
2025-03-21 01:00:00+00:00,2025-03-21 09:00:00+08:00,GPM_1.35_103.65,103.64999389648438,1.350000023841858,0.0,0.0,3B-HHR.MS.MRG.3IMERG.20250321-S010000-E012959.0060.V07B.HDF5,0.0,0.16499999910593033,5.80499991774559,121.21999747306108,2025-03-21 09:30:00+08:00
2025-03-21 01:30:00+00:00,2025-03-21 09:30:00+08:00,GPM_1.35_103.65,103.64999389648438,1.350000023841858,0.14999999105930328,0.07499999552965164,3B-HHR.MS.MRG.3IMERG.20250321-S013000-E015959.0090.V07B.HDF5,0.07499999552965164,0.23999999463558197,5.234999932348728,112.56999804079533,2025-03-21 10:00:00+08:00
2025-03-21 02:00:00+00:00,2025-03-21 10:00:00+08:00,GPM_1.35_103.65,103.64999389648438,1.350000023841858,0.0,0.0,3B-HHR.MS.MRG.3IMERG.20250321-S020000-E022959.0120.V07B.HDF5,0.07499999552965164,0.14499999582767487,5.234999932348728,104.24499823153019,2025-03-21 10:30:00+08:00
2025-03-21 02:30:00+00:00,2025-03-21 10:30:00+08:00,GPM_1.35_103.65,103.64999389648438,1.350000023841858,0.0,0.0,3B-HHR.MS.MRG.3IMERG.20250321-S023000-E025959.0150.V07B.HDF5,0.0,0.07499999552965164,5.084999941289425,96.11499811708927,2025-03-21 11:00:00+08:00
2025-03-21 03:00:00+00:00,2025-03-21 11:00:00+08:00,GPM_1.35_103.65,103.64999389648438,1.350000023841858,0.19999998807907104,0.09999999403953552,3B-HHR.MS.MRG.3IMERG.20250321-S030000-E032959.0180.V07B.HDF5,0.09999999403953552,0.17499998956918716,1.269999973475933,88.30999837815762,2025-03-21 11:30:00+08:00
2025-03-21 03:30:00+00:00,2025-03-21 11:30:00+08:00,GPM_1.35_103.65,103.64999389648438,1.350000023841858,0.07000000029802322,0.03500000014901161,3B-HHR.MS.MRG.3IMERG.20250321-S033000-E035959.0210.V07B.HDF5,0.13499999418854713,0.20999998971819878,0.41499998793005943,80.68999864533544,2025-03-21 12:00:00+08:00
2025-03-21 04:00:00+00:00,2025-03-21 12:00:00+08:00,GPM_1.35_103.65,103.64999389648438,1.350000023841858,0.0,0.0,3B-HHR.MS.MRG.3IMERG.20250321-S040000-E042959.0240.V07B.HDF5,0.03500000014901161,0.20999998971819878,0.3749999888241291,73.83999874070287,2025-03-21 12:30:00+08:00
2025-03-21 04:30:00+00:00,2025-03-21 12:30:00+08:00,GPM_1.35_103.65,103.64999389648438,1.350000023841858,0.0,0.0,3B-HHR.MS.MRG.3IMERG.20250321-S043000-E045959.0270.V07B.HDF5,0.0,0.13499999418854713,0.3749999888241291,69.64499904587865,2025-03-21 13:00:00+08:00
2025-03-21 05:00:00+00:00,2025-03-21 13:00:00+08:00,GPM_1.35_103.65,103.64999389648438,1.350000023841858,0.0,0.0,3B-HHR.MS.MRG.3IMERG.20250321-S050000-E052959.0300.V07B.HDF5,0.0,0.13499999418854713,0.279999990016222,65.40499927476048,2025-03-21 13:30:00+08:00
2025-03-21 05:30:00+00:00,2025-03-21 13:30:00+08:00,GPM_1.35_103.65,103.64999389648438,1.350000023841858,0.0,0.0,3B-HHR.MS.MRG.3IMERG.20250321-S053000-E055959.0330.V07B.HDF5,0.0,0.13499999418854713,0.20999998971819878,60.56999923661351,2025-03-21 14:00:00+08:00
2025-03-21 06:00:00+00:00,2025-03-21 14:00:00+08:00,GPM_1.35_103.65,103.64999389648438,1.350000023841858,0.0,0.0,3B-HHR.MS.MRG.3IMERG.20250321-S060000-E062959.0360.V07B.HDF5,0.0,0.03500000014901161,0.20999998971819878,56.26499940827489,2025-03-21 14:30:00+08:00
2025-03-21 06:30:00+00:00,2025-03-21 14:30:00+08:00,GPM_1.35_103.65,103.64999389648438,1.350000023841858,0.0,0.0,3B-HHR.MS.MRG.3IMERG.20250321-S063000-E065959.0390.V07B.HDF5,0.0,0.0,0.20999998971819878,51.38499929383397,2025-03-21 15:00:00+08:00
2025-03-21 07:00:00+00:00,2025-03-21 15:00:00+08:00,GPM_1.35_103.65,103.64999389648438,1.350000023841858,0.0,0.0,3B-HHR.MS.MRG.3IMERG.20250321-S070000-E072959.0420.V07B.HDF5,0.0,0.0,0.20999998971819878,48.78999926522374,2025-03-21 15:30:00+08:00
2025-03-21 07:30:00+00:00,2025-03-21 15:30:00+08:00,GPM_1.35_103.65,103.64999389648438,1.350000023841858,0.05999999865889549,0.029999999329447746,3B-HHR.MS.MRG.3IMERG.20250321-S073000-E075959.0450.V07B.HDF5,0.029999999329447746,0.029999999329447746,0.16499999351799488,46.389999436214566,2025-03-21 16:00:00+08:00
2025-03-21 08:00:00+00:00,2025-03-21 16:00:00+08:00,GPM_1.35_103.65,103.64999389648438,1.350000023841858,0.47999998927116394,0.23999999463558197,3B-HHR.MS.MRG.3IMERG.20250321-S080000-E082959.0480.V07B.HDF5,0.2699999939650297,0.2699999939650297,0.40499998815357685,43.42499950714409,2025-03-21 16:30:00+08:00
2025-03-21 08:30:00+00:00,2025-03-21 16:30:00+08:00,GPM_1.35_103.65,103.64999389648438,1.350000023841858,0.5600000023841858,0.2800000011920929,3B-HHR.MS.MRG.3IMERG.20250321-S083000-E085959.0510.V07B.HDF5,0.5199999958276749,0.5499999951571226,0.6849999893456697,40.81999951787293,2025-03-21 17:00:00+08:00
2025-03-21 09:00:00+00:00,2025-03-21 17:00:00+08:00,GPM_1.35_103.65,103.64999389648438,1.350000023841858,0.8199999928474426,0.4099999964237213,3B-HHR.MS.MRG.3IMERG.20250321-S090000-E092959.0540.V07B.HDF5,0.6899999976158142,0.9599999915808439,0.9949999917298555,38.10499951429665,2025-03-21 17:30:00+08:00
2025-03-21 09:30:00+00:00,2025-03-21 17:30:00+08:00,GPM_1.35_103.65,103.64999389648438,1.350000023841858,0.29999998211860657,0.14999999105930328,3B-HHR.MS.MRG.3IMERG.20250321-S093000-E095959.0570.V07B.HDF5,0.5599999874830246,1.1099999826401472,1.1099999826401472,36.23999963887036,2025-03-21 18:00:00+08:00
2025-03-21 10:00:00+00:00,2025-03-21 18:00:00+08:00,GPM_1.35_103.65,103.64999389648438,1.350000023841858,0.20999999344348907,0.10499999672174454,3B-HHR.MS.MRG.3IMERG.20250321-S100000-E102959.0600.V07B.HDF5,0.2549999877810478,1.2149999793618917,1.2149999793618917,32.88499959744513,2025-03-21 18:30:00+08:00
2025-03-21 10:30:00+00:00,2025-03-21 18:30:00+08:00,GPM_1.35_103.65,103.64999389648438,1.350000023841858,0.2800000011920929,0.14000000059604645,3B-HHR.MS.MRG.3IMERG.20250321-S103000-E105959.0630.V07B.HDF5,0.24499999731779099,1.3249999806284904,1.3549999799579382,28.089999655261636,2025-03-21 19:00:00+08:00
2025-03-21 11:00:00+00:00,2025-03-21 19:00:00+08:00,GPM_1.35_103.65,103.64999389648438,1.350000023841858,0.6800000071525574,0.3400000035762787,3B-HHR.MS.MRG.3IMERG.20250321-S110000-E112959.0660.V07B.HDF5,0.48000000417232513,1.4249999895691872,1.6949999835342169,25.844999620690942,2025-03-21 19:30:00+08:00
2025-03-21 11:30:00+00:00,2025-03-21 19:30:00+08:00,GPM_1.35_103.65,103.64999389648438,1.350000023841858,0.7299999594688416,0.3649999797344208,3B-HHR.MS.MRG.3IMERG.20250321-S113000-E115959.0690.V07B.HDF5,0.7049999833106995,1.509999968111515,2.0599999632686377,24.30999962426722,2025-03-21 20:00:00+08:00
2025-03-21 12:00:00+00:00,2025-03-21 20:00:00+08:00,GPM_1.35_103.65,103.64999389648438,1.350000023841858,0.1899999976158142,0.0949999988079071,3B-HHR.MS.MRG.3IMERG.20250321-S120000-E122959.0720.V07B.HDF5,0.4599999785423279,1.1949999704957008,2.1549999620765448,22.664999613538384,2025-03-21 20:30:00+08:00
2025-03-21 12:30:00+00:00,2025-03-21 20:30:00+08:00,GPM_1.35_103.65,103.64999389648438,1.350000023841858,0.09999999403953552,0.04999999701976776,3B-HHR.MS.MRG.3IMERG.20250321-S123000-E125959.0750.V07B.HDF5,0.14499999582767487,1.0949999764561653,2.2049999590963125,21.209999615326524,2025-03-21 21:00:00+08:00
2025-03-21 13:00:00+00:00,2025-03-21 21:00:00+08:00,GPM_1.35_103.65,103.64999389648438,1.350000023841858,0.6200000047683716,0.3100000023841858,3B-HHR.MS.MRG.3IMERG.20250321-S130000-E132959.0780.V07B.HDF5,0.35999999940395355,1.2999999821186066,2.5149999614804983,21.009999627247453,2025-03-21 21:30:00+08:00
2025-03-21 13:30:00+00:00,2025-03-21 21:30:00+08:00,GPM_1.35_103.65,103.64999389648438,1.350000023841858,0.6100000143051147,0.3050000071525574,3B-HHR.MS.MRG.3IMERG.20250321-S133000-E135959.0810.V07B.HDF5,0.6150000095367432,1.4649999886751175,2.789999969303608,20.794999653473496,2025-03-21 22:00:00+08:00
2025-03-21 14:00:00+00:00,2025-03-21 22:00:00+08:00,GPM_1.35_103.65,103.64999389648438,1.350000023841858,0.6200000047683716,0.3100000023841858,3B-HHR.MS.MRG.3IMERG.20250321-S140000-E142959.0840.V07B.HDF5,0.6150000095367432,1.4349999874830246,2.8599999770522118,19.85999965108931,2025-03-21 22:30:00+08:00
2025-03-21 14:30:00+00:00,2025-03-21 22:30:00+08:00,GPM_1.35_103.65,103.64999389648438,1.350000023841858,1.0299999713897705,0.5149999856948853,3B-HHR.MS.MRG.3IMERG.20250321-S143000-E145959.0870.V07B.HDF5,0.824999988079071,1.584999993443489,3.094999961555004,18.92499970830977,2025-03-21 23:00:00+08:00
2025-03-21 15:00:00+00:00,2025-03-21 23:00:00+08:00,GPM_1.35_103.65,103.64999389648438,1.350000023841858,1.2400000095367432,0.6200000047683716,3B-HHR.MS.MRG.3IMERG.20250321-S150000-E152959.0900.V07B.HDF5,1.1349999904632568,2.1099999994039536,3.3049999698996544,17.664999717846513,2025-03-21 23:30:00+08:00
2025-03-21 15:30:00+00:00,2025-03-21 23:30:00+08:00,GPM_1.35_103.65,103.64999389648438,1.350000023841858,1.0,0.5,3B-HHR.MS.MRG.3IMERG.20250321-S153000-E155959.0930.V07B.HDF5,1.1200000047683716,2.560000002384186,3.654999978840351,15.89499973692,2025-03-22 00:00:00+08:00
2025-03-18 16:00:00+00:00,2025-03-19 00:00:00+08:00,GPM_1.45_103.55,103.54999542236328,1.4499999284744263,0.0,0.0,3B-HHR.MS.MRG.3IMERG.20250318-S160000-E162959.0960.V07B.HDF5,,,,,2025-03-19 00:30:00+08:00
2025-03-18 16:30:00+00:00,2025-03-19 00:30:00+08:00,GPM_1.45_103.55,103.54999542236328,1.4499999284744263,0.0,0.0,3B-HHR.MS.MRG.3IMERG.20250318-S163000-E165959.0990.V07B.HDF5,0.0,,,,2025-03-19 01:00:00+08:00
2025-03-18 17:00:00+00:00,2025-03-19 01:00:00+08:00,GPM_1.45_103.55,103.54999542236328,1.4499999284744263,0.0,0.0,3B-HHR.MS.MRG.3IMERG.20250318-S170000-E172959.1020.V07B.HDF5,0.0,,,,2025-03-19 01:30:00+08:00
2025-03-18 17:30:00+00:00,2025-03-19 01:30:00+08:00,GPM_1.45_103.55,103.54999542236328,1.4499999284744263,0.0,0.0,3B-HHR.MS.MRG.3IMERG.20250318-S173000-E175959.1050.V07B.HDF5,0.0,,,,2025-03-19 02:00:00+08:00
2025-03-18 18:00:00+00:00,2025-03-19 02:00:00+08:00,GPM_1.45_103.55,103.54999542236328,1.4499999284744263,0.0,0.0,3B-HHR.MS.MRG.3IMERG.20250318-S180000-E182959.1080.V07B.HDF5,0.0,,,,2025-03-19 02:30:00+08:00
2025-03-18 18:30:00+00:00,2025-03-19 02:30:00+08:00,GPM_1.45_103.55,103.54999542236328,1.4499999284744263,0.0,0.0,3B-HHR.MS.MRG.3IMERG.20250318-S183000-E185959.1110.V07B.HDF5,0.0,0.0,,,2025-03-19 03:00:00+08:00
2025-03-18 19:00:00+00:00,2025-03-19 03:00:00+08:00,GPM_1.45_103.55,103.54999542236328,1.4499999284744263,0.0,0.0,3B-HHR.MS.MRG.3IMERG.20250318-S190000-E192959.1140.V07B.HDF5,0.0,0.0,,,2025-03-19 03:30:00+08:00
2025-03-18 19:30:00+00:00,2025-03-19 03:30:00+08:00,GPM_1.45_103.55,103.54999542236328,1.4499999284744263,0.0,0.0,3B-HHR.MS.MRG.3IMERG.20250318-S193000-E195959.1170.V07B.HDF5,0.0,0.0,,,2025-03-19 04:00:00+08:00
2025-03-18 20:00:00+00:00,2025-03-19 04:00:00+08:00,GPM_1.45_103.55,103.54999542236328,1.4499999284744263,0.2199999988079071,0.10999999940395355,3B-HHR.MS.MRG.3IMERG.20250318-S200000-E202959.1200.V07B.HDF5,0.10999999940395355,0.10999999940395355,,,2025-03-19 04:30:00+08:00
2025-03-18 20:30:00+00:00,2025-03-19 04:30:00+08:00,GPM_1.45_103.55,103.54999542236328,1.4499999284744263,0.3400000035762787,0.17000000178813934,3B-HHR.MS.MRG.3IMERG.20250318-S203000-E205959.1230.V07B.HDF5,0.2800000011920929,0.2800000011920929,,,2025-03-19 05:00:00+08:00
2025-03-18 21:00:00+00:00,2025-03-19 05:00:00+08:00,GPM_1.45_103.55,103.54999542236328,1.4499999284744263,0.08999999612569809,0.044999998062849045,3B-HHR.MS.MRG.3IMERG.20250318-S210000-E212959.1260.V07B.HDF5,0.2149999998509884,0.32499999925494194,,,2025-03-19 05:30:00+08:00
2025-03-18 21:30:00+00:00,2025-03-19 05:30:00+08:00,GPM_1.45_103.55,103.54999542236328,1.4499999284744263,0.35999998450279236,0.17999999225139618,3B-HHR.MS.MRG.3IMERG.20250318-S213000-E215959.1290.V07B.HDF5,0.22499999031424522,0.5049999915063381,0.5049999915063381,,2025-03-19 06:00:00+08:00
2025-03-18 22:00:00+00:00,2025-03-19 06:00:00+08:00,GPM_1.45_103.55,103.54999542236328,1.4499999284744263,0.8899999856948853,0.4449999928474426,3B-HHR.MS.MRG.3IMERG.20250318-S220000-E222959.1320.V07B.HDF5,0.6249999850988388,0.9499999843537807,0.9499999843537807,,2025-03-19 06:30:00+08:00
2025-03-18 22:30:00+00:00,2025-03-19 06:30:00+08:00,GPM_1.45_103.55,103.54999542236328,1.4499999284744263,0.2199999988079071,0.10999999940395355,3B-HHR.MS.MRG.3IMERG.20250318-S223000-E225959.1350.V07B.HDF5,0.5549999922513962,1.0599999837577343,1.0599999837577343,,2025-03-19 07:00:00+08:00
2025-03-18 23:00:00+00:00,2025-03-19 07:00:00+08:00,GPM_1.45_103.55,103.54999542236328,1.4499999284744263,0.25999999046325684,0.12999999523162842,3B-HHR.MS.MRG.3IMERG.20250318-S230000-E232959.1380.V07B.HDF5,0.23999999463558197,1.0799999795854092,1.1899999789893627,,2025-03-19 07:30:00+08:00
2025-03-18 23:30:00+00:00,2025-03-19 07:30:00+08:00,GPM_1.45_103.55,103.54999542236328,1.4499999284744263,0.5199999809265137,0.25999999046325684,3B-HHR.MS.MRG.3IMERG.20250318-S233000-E235959.1410.V07B.HDF5,0.38999998569488525,1.1699999682605267,1.4499999694526196,,2025-03-19 08:00:00+08:00
2025-03-19 00:00:00+00:00,2025-03-19 08:00:00+08:00,GPM_1.45_103.55,103.54999542236328,1.4499999284744263,0.6800000071525574,0.3400000035762787,3B-HHR.MS.MRG.3IMERG.20250319-S000000-E002959.0000.V07B.HDF5,0.5999999940395355,1.4649999737739563,1.7899999730288982,,2025-03-19 08:30:00+08:00
2025-03-19 00:30:00+00:00,2025-03-19 08:30:00+08:00,GPM_1.45_103.55,103.54999542236328,1.4499999284744263,2.0199999809265137,1.0099999904632568,3B-HHR.MS.MRG.3IMERG.20250319-S003000-E005959.0030.V07B.HDF5,1.3499999940395355,2.294999971985817,2.799999963492155,,2025-03-19 09:00:00+08:00
2025-03-19 01:00:00+00:00,2025-03-19 09:00:00+08:00,GPM_1.45_103.55,103.54999542236328,1.4499999284744263,2.509999990463257,1.2549999952316284,3B-HHR.MS.MRG.3IMERG.20250319-S010000-E012959.0060.V07B.HDF5,2.2649999856948853,3.1049999743700027,4.0549999587237835,,2025-03-19 09:30:00+08:00
2025-03-19 01:30:00+00:00,2025-03-19 09:30:00+08:00,GPM_1.45_103.55,103.54999542236328,1.4499999284744263,5.049999713897705,2.5249998569488525,3B-HHR.MS.MRG.3IMERG.20250319-S013000-E015959.0090.V07B.HDF5,3.779999852180481,5.519999831914902,6.579999815672636,,2025-03-19 10:00:00+08:00
2025-03-19 02:00:00+00:00,2025-03-19 10:00:00+08:00,GPM_1.45_103.55,103.54999542236328,1.4499999284744263,4.289999961853027,2.1449999809265137,3B-HHR.MS.MRG.3IMERG.20250319-S020000-E022959.0120.V07B.HDF5,4.669999837875366,7.534999817609787,8.614999797195196,,2025-03-19 10:30:00+08:00
2025-03-19 02:30:00+00:00,2025-03-19 10:30:00+08:00,GPM_1.45_103.55,103.54999542236328,1.4499999284744263,4.889999866485596,2.444999933242798,3B-HHR.MS.MRG.3IMERG.20250319-S023000-E025959.0150.V07B.HDF5,4.5899999141693115,9.719999760389328,10.889999728649855,,2025-03-19 11:00:00+08:00
2025-03-19 03:00:00+00:00,2025-03-19 11:00:00+08:00,GPM_1.45_103.55,103.54999542236328,1.4499999284744263,5.190000057220459,2.5950000286102295,3B-HHR.MS.MRG.3IMERG.20250319-S030000-E032959.0180.V07B.HDF5,5.039999961853027,11.974999785423279,13.439999759197235,,2025-03-19 11:30:00+08:00
2025-03-19 03:30:00+00:00,2025-03-19 11:30:00+08:00,GPM_1.45_103.55,103.54999542236328,1.4499999284744263,4.920000076293945,2.4600000381469727,3B-HHR.MS.MRG.3IMERG.20250319-S033000-E035959.0210.V07B.HDF5,5.055000066757202,13.424999833106995,15.719999805092812,,2025-03-19 12:00:00+08:00
2025-03-19 04:00:00+00:00,2025-03-19 12:00:00+08:00,GPM_1.45_103.55,103.54999542236328,1.4499999284744263,6.599999904632568,3.299999952316284,3B-HHR.MS.MRG.3IMERG.20250319-S040000-E042959.0240.V07B.HDF5,5.759999990463257,15.46999979019165,18.574999764561653,,2025-03-19 12:30:00+08:00
2025-03-19 04:30:00+00:00,2025-03-19 12:30:00+08:00,GPM_1.45_103.55,103.54999542236328,1.4499999284744263,5.710000038146973,2.8550000190734863,3B-HHR.MS.MRG.3IMERG.20250319-S043000-E045959.0270.V07B.HDF5,6.1549999713897705,15.799999952316284,21.319999784231186,,2025-03-19 13:00:00+08:00
2025-03-19 05:00:00+00:00,2025-03-19 13:00:00+08:00,GPM_1.45_103.55,103.54999542236328,1.4499999284744263,5.359999656677246,2.679999828338623,3B-HHR.MS.MRG.3IMERG.20250319-S050000-E052959.0300.V07B.HDF5,5.534999847412109,16.334999799728394,23.86999961733818,,2025-03-19 13:30:00+08:00
2025-03-19 05:30:00+00:00,2025-03-19 13:30:00+08:00,GPM_1.45_103.55,103.54999542236328,1.4499999284744263,7.299999713897705,3.6499998569488525,3B-HHR.MS.MRG.3IMERG.20250319-S053000-E055959.0330.V07B.HDF5,6.329999685287476,17.53999972343445,27.259999483823776,,2025-03-19 14:00:00+08:00
2025-03-19 06:00:00+00:00,2025-03-19 14:00:00+08:00,GPM_1.45_103.55,103.54999542236328,1.4499999284744263,7.539999961853027,3.7699999809265137,3B-HHR.MS.MRG.3IMERG.20250319-S060000-E062959.0360.V07B.HDF5,7.419999837875366,18.714999675750732,30.68999946117401,,2025-03-19 14:30:00+08:00
2025-03-19 06:30:00+00:00,2025-03-19 14:30:00+08:00,GPM_1.45_103.55,103.54999542236328,1.4499999284744263,7.699999809265137,3.8499999046325684,3B-HHR.MS.MRG.3IMERG.20250319-S063000-E065959.0390.V07B.HDF5,7.619999885559082,20.104999542236328,33.52999937534332,,2025-03-19 15:00:00+08:00
2025-03-19 07:00:00+00:00,2025-03-19 15:00:00+08:00,GPM_1.45_103.55,103.54999542236328,1.4499999284744263,6.779999732971191,3.3899998664855957,3B-HHR.MS.MRG.3IMERG.20250319-S070000-E072959.0420.V07B.HDF5,7.239999771118164,20.19499945640564,35.66499924659729,,2025-03-19 15:30:00+08:00
2025-03-19 07:30:00+00:00,2025-03-19 15:30:00+08:00,GPM_1.45_103.55,103.54999542236328,1.4499999284744263,7.349999904632568,3.674999952316284,3B-HHR.MS.MRG.3IMERG.20250319-S073000-E075959.0450.V07B.HDF5,7.06499981880188,21.014999389648438,36.81499934196472,,2025-03-19 16:00:00+08:00
2025-03-19 08:00:00+00:00,2025-03-19 16:00:00+08:00,GPM_1.45_103.55,103.54999542236328,1.4499999284744263,8.630000114440918,4.315000057220459,3B-HHR.MS.MRG.3IMERG.20250319-S080000-E082959.0480.V07B.HDF5,7.990000009536743,22.649999618530273,38.98499941825867,,2025-03-19 16:30:00+08:00
2025-03-19 08:30:00+00:00,2025-03-19 16:30:00+08:00,GPM_1.45_103.55,103.54999542236328,1.4499999284744263,7.529999732971191,3.7649998664855957,3B-HHR.MS.MRG.3IMERG.20250319-S083000-E085959.0510.V07B.HDF5,8.079999923706055,22.764999628067017,40.304999351501465,,2025-03-19 17:00:00+08:00
2025-03-19 09:00:00+00:00,2025-03-19 17:00:00+08:00,GPM_1.45_103.55,103.54999542236328,1.4499999284744263,7.789999961853027,3.8949999809265137,3B-HHR.MS.MRG.3IMERG.20250319-S090000-E092959.0540.V07B.HDF5,7.659999847412109,22.889999628067017,41.60499930381775,,2025-03-19 17:30:00+08:00
2025-03-19 09:30:00+00:00,2025-03-19 17:30:00+08:00,GPM_1.45_103.55,103.54999542236328,1.4499999284744263,6.87999963760376,3.43999981880188,3B-HHR.MS.MRG.3IMERG.20250319-S093000-E095959.0570.V07B.HDF5,7.3349997997283936,22.479999542236328,42.584999084472656,,2025-03-19 18:00:00+08:00
2025-03-19 10:00:00+00:00,2025-03-19 18:00:00+08:00,GPM_1.45_103.55,103.54999542236328,1.4499999284744263,5.849999904632568,2.924999952316284,3B-HHR.MS.MRG.3IMERG.20250319-S100000-E102959.0600.V07B.HDF5,6.364999771118164,22.014999628067017,42.209999084472656,,2025-03-19 18:30:00+08:00
2025-03-19 10:30:00+00:00,2025-03-19 18:30:00+08:00,GPM_1.45_103.55,103.54999542236328,1.4499999284744263,6.599999904632568,3.299999952316284,3B-HHR.MS.MRG.3IMERG.20250319-S103000-E105959.0630.V07B.HDF5,6.224999904632568,21.639999628067017,42.654999017715454,,2025-03-19 19:00:00+08:00
2025-03-19 11:00:00+00:00,2025-03-19 19:00:00+08:00,GPM_1.45_103.55,103.54999542236328,1.4499999284744263,6.259999752044678,3.129999876022339,3B-HHR.MS.MRG.3IMERG.20250319-S110000-E112959.0660.V07B.HDF5,6.429999828338623,20.454999446868896,43.10499906539917,,2025-03-19 19:30:00+08:00
2025-03-19 11:30:00+00:00,2025-03-19 19:30:00+08:00,GPM_1.45_103.55,103.54999542236328,1.4499999284744263,5.859999656677246,2.929999828338623,3B-HHR.MS.MRG.3IMERG.20250319-S113000-E115959.0690.V07B.HDF5,6.059999704360962,19.619999408721924,42.38499903678894,,2025-03-19 20:00:00+08:00
2025-03-19 12:00:00+00:00,2025-03-19 20:00:00+08:00,GPM_1.45_103.55,103.54999542236328,1.4499999284744263,4.009999752044678,2.004999876022339,3B-HHR.MS.MRG.3IMERG.20250319-S120000-E122959.0720.V07B.HDF5,4.934999704360962,17.72999930381775,40.619998931884766,,2025-03-19 20:30:00+08:00
2025-03-19 12:30:00+00:00,2025-03-19 20:30:00+08:00,GPM_1.45_103.55,103.54999542236328,1.4499999284744263,6.139999866485596,3.069999933242798,3B-HHR.MS.MRG.3IMERG.20250319-S123000-E125959.0750.V07B.HDF5,5.074999809265137,17.359999418258667,39.839998960494995,,2025-03-19 21:00:00+08:00
2025-03-19 13:00:00+00:00,2025-03-19 21:00:00+08:00,GPM_1.45_103.55,103.54999542236328,1.4499999284744263,4.46999979019165,2.234999895095825,3B-HHR.MS.MRG.3IMERG.20250319-S130000-E132959.0780.V07B.HDF5,5.304999828338623,16.669999361038208,38.684998989105225,,2025-03-19 21:30:00+08:00
2025-03-19 13:30:00+00:00,2025-03-19 21:30:00+08:00,GPM_1.45_103.55,103.54999542236328,1.4499999284744263,5.449999809265137,2.7249999046325684,3B-HHR.MS.MRG.3IMERG.20250319-S133000-E135959.0810.V07B.HDF5,4.9599997997283936,16.094999313354492,37.73499894142151,,2025-03-19 22:00:00+08:00
2025-03-19 14:00:00+00:00,2025-03-19 22:00:00+08:00,GPM_1.45_103.55,103.54999542236328,1.4499999284744263,5.529999732971191,2.7649998664855957,3B-HHR.MS.MRG.3IMERG.20250319-S140000-E142959.0840.V07B.HDF5,5.489999771118164,15.729999303817749,36.184998750686646,,2025-03-19 22:30:00+08:00
2025-03-19 14:30:00+00:00,2025-03-19 22:30:00+08:00,GPM_1.45_103.55,103.54999542236328,1.4499999284744263,4.269999980926514,2.134999990463257,3B-HHR.MS.MRG.3IMERG.20250319-S143000-E145959.0870.V07B.HDF5,4.8999998569488525,14.934999465942383,34.55499887466431,,2025-03-19 23:00:00+08:00
2025-03-19 15:00:00+00:00,2025-03-19 23:00:00+08:00,GPM_1.45_103.55,103.54999542236328,1.4499999284744263,3.4099998474121094,1.7049999237060547,3B-HHR.MS.MRG.3IMERG.20250319-S150000-E152959.0900.V07B.HDF5,3.8399999141693115,14.634999513626099,32.36499881744385,,2025-03-19 23:30:00+08:00
2025-03-19 15:30:00+00:00,2025-03-19 23:30:00+08:00,GPM_1.45_103.55,103.54999542236328,1.4499999284744263,2.4800000190734863,1.2400000095367432,3B-HHR.MS.MRG.3IMERG.20250319-S153000-E155959.0930.V07B.HDF5,2.944999933242798,12.804999589920044,30.16499900817871,88.97499788925052,2025-03-20 00:00:00+08:00
2025-03-19 16:00:00+00:00,2025-03-20 00:00:00+08:00,GPM_1.45_103.55,103.54999542236328,1.4499999284744263,0.22999998927116394,0.11499999463558197,3B-HHR.MS.MRG.3IMERG.20250319-S160000-E162959.0960.V07B.HDF5,1.3550000041723251,10.6849996894598,27.35499905049801,89.0899978838861,2025-03-20 00:30:00+08:00
2025-03-19 16:30:00+00:00,2025-03-20 00:30:00+08:00,GPM_1.45_103.55,103.54999542236328,1.4499999284744263,2.75,1.375,3B-HHR.MS.MRG.3IMERG.20250319-S163000-E165959.0990.V07B.HDF5,1.489999994635582,9.334999784827232,25.429999098181725,90.4649978838861,2025-03-20 01:00:00+08:00
2025-03-19 17:00:00+00:00,2025-03-20 01:00:00+08:00,GPM_1.45_103.55,103.54999542236328,1.4499999284744263,2.990000009536743,1.4950000047683716,3B-HHR.MS.MRG.3IMERG.20250319-S170000-E172959.1020.V07B.HDF5,2.8700000047683716,8.064999923110008,23.794999226927757,91.95999788865447,2025-03-20 01:30:00+08:00
2025-03-19 17:30:00+00:00,2025-03-20 01:30:00+08:00,GPM_1.45_103.55,103.54999542236328,1.4499999284744263,5.859999656677246,2.929999828338623,3B-HHR.MS.MRG.3IMERG.20250319-S173000-E175959.1050.V07B.HDF5,4.424999833106995,8.859999760985374,23.794999226927757,94.8899977169931,2025-03-20 02:00:00+08:00
2025-03-19 18:00:00+00:00,2025-03-20 02:00:00+08:00,GPM_1.45_103.55,103.54999542236328,1.4499999284744263,5.839999675750732,2.919999837875366,3B-HHR.MS.MRG.3IMERG.20250319-S180000-E182959.1080.V07B.HDF5,5.849999666213989,10.074999675154686,24.709999188780785,97.80999755486846,2025-03-20 02:30:00+08:00
2025-03-19 18:30:00+00:00,2025-03-20 02:30:00+08:00,GPM_1.45_103.55,103.54999542236328,1.4499999284744263,4.46999979019165,2.234999895095825,3B-HHR.MS.MRG.3IMERG.20250319-S183000-E185959.1110.V07B.HDF5,5.154999732971191,11.069999560713768,23.874999150633812,100.04499744996428,2025-03-20 03:00:00+08:00
2025-03-19 19:00:00+00:00,2025-03-20 03:00:00+08:00,GPM_1.45_103.55,103.54999542236328,1.4499999284744263,4.119999885559082,2.059999942779541,3B-HHR.MS.MRG.3IMERG.20250319-S190000-E192959.1140.V07B.HDF5,4.294999837875366,13.014999508857727,23.699999198317528,102.10499739274383,2025-03-20 03:30:00+08:00
2025-03-19 19:30:00+00:00,2025-03-20 03:30:00+08:00,GPM_1.45_103.55,103.54999542236328,1.4499999284744263,5.179999828338623,2.5899999141693115,3B-HHR.MS.MRG.3IMERG.20250319-S193000-E195959.1170.V07B.HDF5,4.6499998569488525,14.229999423027039,23.56499920785427,104.69499730691314,2025-03-20 04:00:00+08:00
2025-03-19 20:00:00+00:00,2025-03-20 04:00:00+08:00,GPM_1.45_103.55,103.54999542236328,1.4499999284744263,10.269999504089355,5.134999752044678,3B-HHR.MS.MRG.3IMERG.20250319-S200000-E202959.1200.V07B.HDF5,7.724999666213989,17.869999170303345,25.934999093413353,109.71999705955386,2025-03-20 04:30:00+08:00
2025-03-19 20:30:00+00:00,2025-03-20 04:30:00+08:00,GPM_1.45_103.55,103.54999542236328,1.4499999284744263,5.079999923706055,2.5399999618530273,3B-HHR.MS.MRG.3IMERG.20250319-S203000-E205959.1230.V07B.HDF5,7.674999713897705,17.47999930381775,26.339999064803123,112.08999701961875,2025-03-20 05:00:00+08:00
2025-03-19 21:00:00+00:00,2025-03-20 05:00:00+08:00,GPM_1.45_103.55,103.54999542236328,1.4499999284744263,3.819999933242798,1.909999966621399,3B-HHR.MS.MRG.3IMERG.20250319-S210000-E212959.1260.V07B.HDF5,4.449999928474426,16.46999943256378,26.544999107718468,113.9549969881773,2025-03-20 05:30:00+08:00
2025-03-19 21:30:00+00:00,2025-03-20 05:30:00+08:00,GPM_1.45_103.55,103.54999542236328,1.4499999284744263,4.859999656677246,2.429999828338623,3B-HHR.MS.MRG.3IMERG.20250319-S213000-E215959.1290.V07B.HDF5,4.339999794960022,16.66499936580658,27.734998926520348,116.20499682426453,2025-03-20 06:00:00+08:00
2025-03-19 22:00:00+00:00,2025-03-20 06:00:00+08:00,GPM_1.45_103.55,103.54999542236328,1.4499999284744263,7.0,3.5,3B-HHR.MS.MRG.3IMERG.20250319-S220000-E222959.1320.V07B.HDF5,5.929999828338623,18.10499942302704,31.119998931884766,119.25999683141708,2025-03-20 06:30:00+08:00
2025-03-19 22:30:00+00:00,2025-03-20 06:30:00+08:00,GPM_1.45_103.55,103.54999542236328,1.4499999284744263,8.489999771118164,4.244999885559082,3B-HHR.MS.MRG.3IMERG.20250319-S223000-E225959.1350.V07B.HDF5,7.744999885559082,19.75999939441681,33.98999881744385,123.39499671757221,2025-03-20 07:00:00+08:00
2025-03-19 23:00:00+00:00,2025-03-20 07:00:00+08:00,GPM_1.45_103.55,103.54999542236328,1.4499999284744263,11.649999618530273,5.824999809265137,3B-HHR.MS.MRG.3IMERG.20250319-S230000-E232959.1380.V07B.HDF5,10.069999694824219,20.449999451637268,38.31999862194061,129.08999653160572,2025-03-20 07:30:00+08:00
2025-03-19 23:30:00+00:00,2025-03-20 07:30:00+08:00,GPM_1.45_103.55,103.54999542236328,1.4499999284744263,8.609999656677246,4.304999828338623,3B-HHR.MS.MRG.3IMERG.20250319-S233000-E235959.1410.V07B.HDF5,10.12999963760376,22.214999318122864,39.69499862194061,133.1349963694811,2025-03-20 08:00:00+08:00
2025-03-20 00:00:00+00:00,2025-03-20 08:00:00+08:00,GPM_1.45_103.55,103.54999542236328,1.4499999284744263,15.619999885559082,7.809999942779541,3B-HHR.MS.MRG.3IMERG.20250320-S000000-E002959.0000.V07B.HDF5,12.114999771118164,28.114999294281006,44.58499872684479,140.60499630868435,2025-03-20 08:30:00+08:00
2025-03-20 00:30:00+00:00,2025-03-20 08:30:00+08:00,GPM_1.45_103.55,103.54999542236328,1.4499999284744263,11.170000076293945,5.585000038146973,3B-HHR.MS.MRG.3IMERG.20250320-S003000-E005959.0030.V07B.HDF5,13.394999980926514,31.269999504089355,47.934998869895935,145.17999635636806,2025-03-20 09:00:00+08:00
2025-03-20 01:00:00+00:00,2025-03-20 09:00:00+08:00,GPM_1.45_103.55,103.54999542236328,1.4499999284744263,15.25,7.625,3B-HHR.MS.MRG.3IMERG.20250320-S010000-E012959.0060.V07B.HDF5,13.210000038146973,35.394999504089355,53.499998927116394,151.54999636113644,2025-03-20 09:30:00+08:00
2025-03-20 01:30:00+00:00,2025-03-20 09:30:00+08:00,GPM_1.45_103.55,103.54999542236328,1.4499999284744263,13.539999961853027,6.769999980926514,3B-HHR.MS.MRG.3IMERG.20250320-S013000-E015959.0090.V07B.HDF5,14.394999980926514,37.91999959945679,57.679998993873596,155.7949964851141,2025-03-20 10:00:00+08:00
2025-03-20 02:00:00+00:00,2025-03-20 10:00:00+08:00,GPM_1.45_103.55,103.54999542236328,1.4499999284744263,12.529999732971191,6.264999866485596,3B-HHR.MS.MRG.3IMERG.20250320-S020000-E022959.0120.V07B.HDF5,13.03499984741211,38.359999656677246,58.809999108314514,159.91499637067318,2025-03-20 10:30:00+08:00
2025-03-20 02:30:00+00:00,2025-03-20 10:30:00+08:00,GPM_1.45_103.55,103.54999542236328,1.4499999284744263,11.369999885559082,5.684999942779541,3B-HHR.MS.MRG.3IMERG.20250320-S023000-E025959.0150.V07B.HDF5,11.949999809265137,39.739999771118164,61.95499908924103,163.15499638020992,2025-03-20 11:00:00+08:00
2025-03-20 03:00:00+00:00,2025-03-20 11:00:00+08:00,GPM_1.45_103.55,103.54999542236328,1.4499999284744263,9.380000114440918,4.690000057220459,3B-HHR.MS.MRG.3IMERG.20250320-S030000-E032959.0180.V07B.HDF5,10.375,36.61999988555908,64.73499917984009,165.24999640882015,2025-03-20 11:30:00+08:00
2025-03-20 03:30:00+00:00,2025-03-20 11:30:00+08:00,GPM_1.45_103.55,103.54999542236328,1.4499999284744263,7.779999732971191,3.8899998664855957,3B-HHR.MS.MRG.3IMERG.20250320-S033000-E035959.0210.V07B.HDF5,8.579999923706055,34.924999713897705,66.19499921798706,166.67999623715878,2025-03-20 12:00:00+08:00
2025-03-20 04:00:00+00:00,2025-03-20 12:00:00+08:00,GPM_1.45_103.55,103.54999542236328,1.4499999284744263,10.40999984741211,5.204999923706055,3B-HHR.MS.MRG.3IMERG.20250320-S040000-E042959.0240.V07B.HDF5,9.09499979019165,32.50499963760376,67.89999914169312,168.58499620854855,2025-03-20 12:30:00+08:00
2025-03-20 04:30:00+00:00,2025-03-20 12:30:00+08:00,GPM_1.45_103.55,103.54999542236328,1.4499999284744263,4.710000038146973,2.3550000190734863,3B-HHR.MS.MRG.3IMERG.20250320-S043000-E045959.0270.V07B.HDF5,7.559999942779541,28.089999675750732,66.00999927520752,168.08499620854855,2025-03-20 13:00:00+08:00
2025-03-20 05:00:00+00:00,2025-03-20 13:00:00+08:00,GPM_1.45_103.55,103.54999542236328,1.4499999284744263,5.059999942779541,2.5299999713897705,3B-HHR.MS.MRG.3IMERG.20250320-S050000-E052959.0300.V07B.HDF5,4.884999990463257,24.354999780654907,62.71499943733215,167.9349963515997,2025-03-20 13:30:00+08:00
2025-03-20 05:30:00+00:00,2025-03-20 13:30:00+08:00,GPM_1.45_103.55,103.54999542236328,1.4499999284744263,6.730000019073486,3.365000009536743,3B-HHR.MS.MRG.3IMERG.20250320-S053000-E055959.0330.V07B.HDF5,5.894999980926514,22.03499984741211,61.77499961853027,167.64999650418758,2025-03-20 14:00:00+08:00
2025-03-20 06:00:00+00:00,2025-03-20 14:00:00+08:00,GPM_1.45_103.55,103.54999542236328,1.4499999284744263,8.019999504089355,4.009999752044678,3B-HHR.MS.MRG.3IMERG.20250320-S060000-E062959.0360.V07B.HDF5,7.374999761581421,21.354999542236328,57.97499942779541,167.88999627530575,2025-03-20 14:30:00+08:00
2025-03-20 06:30:00+00:00,2025-03-20 14:30:00+08:00,GPM_1.45_103.55,103.54999542236328,1.4499999284744263,8.139999389648438,4.069999694824219,3B-HHR.MS.MRG.3IMERG.20250320-S063000-E065959.0390.V07B.HDF5,8.079999446868896,21.53499937057495,56.459999084472656,168.1099960654974,2025-03-20 15:00:00+08:00
2025-03-20 07:00:00+00:00,2025-03-20 15:00:00+08:00,GPM_1.45_103.55,103.54999542236328,1.4499999284744263,7.299999713897705,3.6499998569488525,3B-HHR.MS.MRG.3IMERG.20250320-S070000-E072959.0420.V07B.HDF5,7.719999551773071,19.97999930381775,52.48499894142151,168.36999605596066,2025-03-20 15:30:00+08:00
2025-03-20 07:30:00+00:00,2025-03-20 15:30:00+08:00,GPM_1.45_103.55,103.54999542236328,1.4499999284744263,6.119999885559082,3.059999942779541,3B-HHR.MS.MRG.3IMERG.20250320-S073000-E075959.0450.V07B.HDF5,6.7099997997283936,20.684999227523804,48.774998903274536,167.7549960464239,2025-03-20 16:00:00+08:00
2025-03-20 08:00:00+00:00,2025-03-20 16:00:00+08:00,GPM_1.45_103.55,103.54999542236328,1.4499999284744263,7.799999713897705,3.8999998569488525,3B-HHR.MS.MRG.3IMERG.20250320-S080000-E082959.0480.V07B.HDF5,6.9599997997283936,22.054999113082886,46.40999889373779,167.3399958461523,2025-03-20 16:30:00+08:00
2025-03-20 08:30:00+00:00,2025-03-20 16:30:00+08:00,GPM_1.45_103.55,103.54999542236328,1.4499999284744263,7.599999904632568,3.799999952316284,3B-HHR.MS.MRG.3IMERG.20250320-S083000-E085959.0510.V07B.HDF5,7.699999809265137,22.489999055862427,44.524998903274536,167.374995931983,2025-03-20 17:00:00+08:00
2025-03-20 09:00:00+00:00,2025-03-20 17:00:00+08:00,GPM_1.45_103.55,103.54999542236328,1.4499999284744263,5.259999752044678,2.629999876022339,3B-HHR.MS.MRG.3IMERG.20250320-S090000-E092959.0540.V07B.HDF5,6.429999828338623,21.109999179840088,42.464998722076416,166.10999582707882,2025-03-20 17:30:00+08:00
2025-03-20 09:30:00+00:00,2025-03-20 17:30:00+08:00,GPM_1.45_103.55,103.54999542236328,1.4499999284744263,3.8899998664855957,1.9449999332427979,3B-HHR.MS.MRG.3IMERG.20250320-S093000-E095959.0570.V07B.HDF5,4.574999809265137,18.984999418258667,40.51999878883362,164.61499594151974,2025-03-20 18:00:00+08:00
2025-03-20 10:00:00+00:00,2025-03-20 18:00:00+08:00,GPM_1.45_103.55,103.54999542236328,1.4499999284744263,6.569999694824219,3.2849998474121094,3B-HHR.MS.MRG.3IMERG.20250320-S100000-E102959.0600.V07B.HDF5,5.229999780654907,18.619999408721924,38.59999871253967,164.97499583661556,2025-03-20 18:30:00+08:00
2025-03-20 10:30:00+00:00,2025-03-20 18:30:00+08:00,GPM_1.45_103.55,103.54999542236328,1.4499999284744263,7.37999963760376,3.68999981880188,3B-HHR.MS.MRG.3IMERG.20250320-S103000-E105959.0630.V07B.HDF5,6.974999666213989,19.249999284744263,39.934998512268066,165.36499570310116,2025-03-20 19:00:00+08:00
2025-03-20 11:00:00+00:00,2025-03-20 19:00:00+08:00,GPM_1.45_103.55,103.54999542236328,1.4499999284744263,5.289999961853027,2.6449999809265137,3B-HHR.MS.MRG.3IMERG.20250320-S110000-E112959.0660.V07B.HDF5,6.3349997997283936,17.994999408721924,40.04999852180481,164.87999580800533,2025-03-20 19:30:00+08:00
2025-03-20 11:30:00+00:00,2025-03-20 19:30:00+08:00,GPM_1.45_103.55,103.54999542236328,1.4499999284744263,4.690000057220459,2.3450000286102295,3B-HHR.MS.MRG.3IMERG.20250320-S113000-E115959.0690.V07B.HDF5,4.990000009536743,16.53999948501587,39.029998540878296,164.29499600827694,2025-03-20 20:00:00+08:00
2025-03-20 12:00:00+00:00,2025-03-20 20:00:00+08:00,GPM_1.45_103.55,103.54999542236328,1.4499999284744263,3.9099998474121094,1.9549999237060547,3B-HHR.MS.MRG.3IMERG.20250320-S120000-E122959.0720.V07B.HDF5,4.299999952316284,15.864999532699585,36.97499871253967,164.24499605596066,2025-03-20 20:30:00+08:00
2025-03-20 12:30:00+00:00,2025-03-20 20:30:00+08:00,GPM_1.45_103.55,103.54999542236328,1.4499999284744263,2.679999828338623,1.3399999141693115,3B-HHR.MS.MRG.3IMERG.20250320-S123000-E125959.0750.V07B.HDF5,3.294999837875366,15.259999513626099,34.244998931884766,162.51499603688717,2025-03-20 21:00:00+08:00
2025-03-20 13:00:00+00:00,2025-03-20 21:00:00+08:00,GPM_1.45_103.55,103.54999542236328,1.4499999284744263,1.4199999570846558,0.7099999785423279,3B-HHR.MS.MRG.3IMERG.20250320-S130000-E132959.0780.V07B.HDF5,2.0499998927116394,12.684999644756317,31.30499905347824,160.98999612033367,2025-03-20 21:30:00+08:00
2025-03-20 13:30:00+00:00,2025-03-20 21:30:00+08:00,GPM_1.45_103.55,103.54999542236328,1.4499999284744263,2.319999933242798,1.159999966621399,3B-HHR.MS.MRG.3IMERG.20250320-S133000-E135959.0810.V07B.HDF5,1.8699999451637268,10.154999792575836,29.4049990773201,159.4249961823225,2025-03-20 22:00:00+08:00
2025-03-20 14:00:00+00:00,2025-03-20 22:00:00+08:00,GPM_1.45_103.55,103.54999542236328,1.4499999284744263,4.199999809265137,2.0999999046325684,3B-HHR.MS.MRG.3IMERG.20250320-S140000-E142959.0840.V07B.HDF5,3.2599998712539673,9.60999971628189,27.604999125003815,158.75999622046947,2025-03-20 22:30:00+08:00
2025-03-20 14:30:00+00:00,2025-03-20 22:30:00+08:00,GPM_1.45_103.55,103.54999542236328,1.4499999284744263,3.8299999237060547,1.9149999618530273,3B-HHR.MS.MRG.3IMERG.20250320-S143000-E145959.0870.V07B.HDF5,4.014999866485596,9.179999649524689,25.719999134540558,158.53999619185925,2025-03-20 23:00:00+08:00
2025-03-20 15:00:00+00:00,2025-03-20 23:00:00+08:00,GPM_1.45_103.55,103.54999542236328,1.4499999284744263,4.389999866485596,2.194999933242798,3B-HHR.MS.MRG.3IMERG.20250320-S150000-E152959.0900.V07B.HDF5,4.109999895095825,9.419999659061432,25.284999191761017,159.029996201396,2025-03-20 23:30:00+08:00
2025-03-20 15:30:00+00:00,2025-03-20 23:30:00+08:00,GPM_1.45_103.55,103.54999542236328,1.4499999284744263,4.980000019073486,2.490000009536743,3B-HHR.MS.MRG.3IMERG.20250320-S153000-E155959.0930.V07B.HDF5,4.684999942779541,10.569999754428864,25.829999268054962,160.279996201396,2025-03-21 00:00:00+08:00
2025-03-20 16:00:00+00:00,2025-03-21 00:00:00+08:00,GPM_1.45_103.55,103.54999542236328,1.4499999284744263,7.329999923706055,3.6649999618530273,3B-HHR.MS.MRG.3IMERG.20250320-S160000-E162959.0960.V07B.HDF5,6.1549999713897705,13.524999737739563,26.20999938249588,163.82999616861343,2025-03-21 00:30:00+08:00
2025-03-20 16:30:00+00:00,2025-03-21 00:30:00+08:00,GPM_1.45_103.55,103.54999542236328,1.4499999284744263,2.549999952316284,1.274999976158142,3B-HHR.MS.MRG.3IMERG.20250320-S163000-E165959.0990.V07B.HDF5,4.939999938011169,13.639999747276306,23.794999539852142,163.72999614477158,2025-03-21 01:00:00+08:00
2025-03-20 17:00:00+00:00,2025-03-21 01:00:00+08:00,GPM_1.45_103.55,103.54999542236328,1.4499999284744263,0.6599999666213989,0.32999998331069946,3B-HHR.MS.MRG.3IMERG.20250320-S170000-E172959.1020.V07B.HDF5,1.6049999594688416,11.869999825954437,21.479999542236328,162.5649961233139,2025-03-21 01:30:00+08:00
2025-03-20 17:30:00+00:00,2025-03-21 01:30:00+08:00,GPM_1.45_103.55,103.54999542236328,1.4499999284744263,1.2999999523162842,0.6499999761581421,3B-HHR.MS.MRG.3IMERG.20250320-S173000-E175959.1050.V07B.HDF5,0.9799999594688416,10.604999840259552,19.78499948978424,160.28499627113342,2025-03-21 02:00:00+08:00
2025-03-20 18:00:00+00:00,2025-03-21 02:00:00+08:00,GPM_1.45_103.55,103.54999542236328,1.4499999284744263,0.08999999612569809,0.044999998062849045,3B-HHR.MS.MRG.3IMERG.20250320-S180000-E182959.1080.V07B.HDF5,0.6949999742209911,8.454999905079603,17.874999564141035,157.4099964313209,2025-03-21 02:30:00+08:00
2025-03-20 18:30:00+00:00,2025-03-21 02:30:00+08:00,GPM_1.45_103.55,103.54999542236328,1.4499999284744263,0.5099999904632568,0.2549999952316284,3B-HHR.MS.MRG.3IMERG.20250320-S183000-E185959.1110.V07B.HDF5,0.29999999329447746,6.2199998907744884,16.789999645203352,155.4299965314567,2025-03-21 03:00:00+08:00
2025-03-20 19:00:00+00:00,2025-03-21 03:00:00+08:00,GPM_1.45_103.55,103.54999542236328,1.4499999284744263,1.899999976158142,0.949999988079071,3B-HHR.MS.MRG.3IMERG.20250320-S190000-E192959.1140.V07B.HDF5,1.2049999833106995,3.504999917000532,17.029999654740095,154.31999657675624,2025-03-21 03:30:00+08:00
2025-03-20 19:30:00+00:00,2025-03-21 03:30:00+08:00,GPM_1.45_103.55,103.54999542236328,1.4499999284744263,4.839999675750732,2.419999837875366,3B-HHR.MS.MRG.3IMERG.20250320-S193000-E195959.1170.V07B.HDF5,3.3699998259544373,4.649999778717756,18.289999525994062,154.1499965004623,2025-03-21 04:00:00+08:00
2025-03-20 20:00:00+00:00,2025-03-21 04:00:00+08:00,GPM_1.45_103.55,103.54999542236328,1.4499999284744263,0.4099999964237213,0.20499999821186066,3B-HHR.MS.MRG.3IMERG.20250320-S200000-E202959.1200.V07B.HDF5,2.624999836087227,4.5249997936189175,16.394999619573355,149.21999674662948,2025-03-21 04:30:00+08:00
2025-03-20 20:30:00+00:00,2025-03-21 04:30:00+08:00,GPM_1.45_103.55,103.54999542236328,1.4499999284744263,0.0,0.0,3B-HHR.MS.MRG.3IMERG.20250320-S203000-E205959.1230.V07B.HDF5,0.20499999821186066,3.8749998174607754,14.479999657720327,146.67999678477645,2025-03-21 05:00:00+08:00
2025-03-20 21:00:00+00:00,2025-03-21 05:00:00+08:00,GPM_1.45_103.55,103.54999542236328,1.4499999284744263,2.2300000190734863,1.1150000095367432,3B-HHR.MS.MRG.3IMERG.20250320-S210000-E212959.1260.V07B.HDF5,1.1150000095367432,4.9449998289346695,13.399999734014273,145.8849968276918,2025-03-21 05:30:00+08:00
2025-03-20 21:30:00+00:00,2025-03-21 05:30:00+08:00,GPM_1.45_103.55,103.54999542236328,1.4499999284744263,2.190000057220459,1.0950000286102295,3B-HHR.MS.MRG.3IMERG.20250320-S213000-E215959.1290.V07B.HDF5,2.2100000381469727,5.784999862313271,12.004999753087759,144.5499970279634,2025-03-21 06:00:00+08:00
2025-03-20 22:00:00+00:00,2025-03-21 06:00:00+08:00,GPM_1.45_103.55,103.54999542236328,1.4499999284744263,0.2199999988079071,0.10999999940395355,3B-HHR.MS.MRG.3IMERG.20250320-S220000-E222959.1320.V07B.HDF5,1.205000028014183,4.944999873638153,8.449999790638685,141.15999702736735,2025-03-21 06:30:00+08:00
2025-03-20 22:30:00+00:00,2025-03-21 06:30:00+08:00,GPM_1.45_103.55,103.54999542236328,1.4499999284744263,0.07000000029802322,0.03500000014901161,3B-HHR.MS.MRG.3IMERG.20250320-S223000-E225959.1350.V07B.HDF5,0.14499999955296516,2.5600000359117985,7.209999814629555,136.94999714195728,2025-03-21 07:00:00+08:00
2025-03-20 23:00:00+00:00,2025-03-21 07:00:00+08:00,GPM_1.45_103.55,103.54999542236328,1.4499999284744263,0.0,0.0,3B-HHR.MS.MRG.3IMERG.20250320-S230000-E232959.1380.V07B.HDF5,0.03500000014901161,2.355000037699938,6.879999831318855,131.12499733269215,2025-03-21 07:30:00+08:00
2025-03-20 23:30:00+00:00,2025-03-21 07:30:00+08:00,GPM_1.45_103.55,103.54999542236328,1.4499999284744263,0.1599999964237213,0.07999999821186066,3B-HHR.MS.MRG.3IMERG.20250320-S233000-E235959.1410.V07B.HDF5,0.07999999821186066,2.4350000359117985,6.309999853372574,126.89999750256538,2025-03-21 08:00:00+08:00
2025-03-21 00:00:00+00:00,2025-03-21 08:00:00+08:00,GPM_1.45_103.55,103.54999542236328,1.4499999284744263,0.09999999403953552,0.04999999701976776,3B-HHR.MS.MRG.3IMERG.20250321-S000000-E002959.0000.V07B.HDF5,0.12999999523162842,1.370000023394823,6.314999852329493,119.13999755680561,2025-03-21 08:30:00+08:00
2025-03-21 00:30:00+00:00,2025-03-21 08:30:00+08:00,GPM_1.45_103.55,103.54999542236328,1.4499999284744263,0.0,0.0,3B-HHR.MS.MRG.3IMERG.20250321-S003000-E005959.0030.V07B.HDF5,0.04999999701976776,0.2749999947845936,6.059999857097864,113.55499751865864,2025-03-21 09:00:00+08:00
2025-03-21 01:00:00+00:00,2025-03-21 09:00:00+08:00,GPM_1.45_103.55,103.54999542236328,1.4499999284744263,0.0,0.0,3B-HHR.MS.MRG.3IMERG.20250321-S010000-E012959.0060.V07B.HDF5,0.0,0.16499999538064003,5.109999869018793,105.92999751865864,2025-03-21 09:30:00+08:00
2025-03-21 01:30:00+00:00,2025-03-21 09:30:00+08:00,GPM_1.45_103.55,103.54999542236328,1.4499999284744263,0.0,0.0,3B-HHR.MS.MRG.3IMERG.20250321-S013000-E015959.0090.V07B.HDF5,0.0,0.12999999523162842,2.690000031143427,99.15999753773212,2025-03-21 10:00:00+08:00
2025-03-21 02:00:00+00:00,2025-03-21 10:00:00+08:00,GPM_1.45_103.55,103.54999542236328,1.4499999284744263,0.0,0.0,3B-HHR.MS.MRG.3IMERG.20250321-S020000-E022959.0120.V07B.HDF5,0.0,0.12999999523162842,2.4850000329315662,92.89499767124653,2025-03-21 10:30:00+08:00
2025-03-21 02:30:00+00:00,2025-03-21 10:30:00+08:00,GPM_1.45_103.55,103.54999542236328,1.4499999284744263,0.0,0.0,3B-HHR.MS.MRG.3IMERG.20250321-S023000-E025959.0150.V07B.HDF5,0.0,0.04999999701976776,2.4850000329315662,87.20999772846699,2025-03-21 11:00:00+08:00
2025-03-21 03:00:00+00:00,2025-03-21 11:00:00+08:00,GPM_1.45_103.55,103.54999542236328,1.4499999284744263,0.03999999910593033,0.019999999552965164,3B-HHR.MS.MRG.3IMERG.20250321-S030000-E032959.0180.V07B.HDF5,0.019999999552965164,0.019999999552965164,1.3900000229477882,82.5399976707995,2025-03-21 11:30:00+08:00
2025-03-21 03:30:00+00:00,2025-03-21 11:30:00+08:00,GPM_1.45_103.55,103.54999542236328,1.4499999284744263,0.10999999940395355,0.054999999701976776,3B-HHR.MS.MRG.3IMERG.20250321-S033000-E035959.0210.V07B.HDF5,0.07499999925494194,0.07499999925494194,0.3499999940395355,78.70499780401587,2025-03-21 12:00:00+08:00
2025-03-21 04:00:00+00:00,2025-03-21 12:00:00+08:00,GPM_1.45_103.55,103.54999542236328,1.4499999284744263,0.10999999940395355,0.054999999701976776,3B-HHR.MS.MRG.3IMERG.20250321-S040000-E042959.0240.V07B.HDF5,0.10999999940395355,0.12999999895691872,0.29499999433755875,73.5549978800118,2025-03-21 12:30:00+08:00
2025-03-21 04:30:00+00:00,2025-03-21 12:30:00+08:00,GPM_1.45_103.55,103.54999542236328,1.4499999284744263,0.11999999731779099,0.05999999865889549,3B-HHR.MS.MRG.3IMERG.20250321-S043000-E045959.0270.V07B.HDF5,0.11499999836087227,0.1899999976158142,0.3199999928474426,71.2599978595972,2025-03-21 13:00:00+08:00
2025-03-21 05:00:00+00:00,2025-03-21 13:00:00+08:00,GPM_1.45_103.55,103.54999542236328,1.4499999284744263,0.19999998807907104,0.09999999403953552,3B-HHR.MS.MRG.3IMERG.20250321-S050000-E052959.0300.V07B.HDF5,0.15999999269843102,0.28999999165534973,0.41999998688697815,68.82999788224697,2025-03-21 13:30:00+08:00
2025-03-21 05:30:00+00:00,2025-03-21 13:30:00+08:00,GPM_1.45_103.55,103.54999542236328,1.4499999284744263,0.4399999976158142,0.2199999988079071,3B-HHR.MS.MRG.3IMERG.20250321-S053000-E055959.0330.V07B.HDF5,0.3199999928474426,0.5099999904632568,0.5599999874830246,65.68499787151814,2025-03-21 14:00:00+08:00
2025-03-21 06:00:00+00:00,2025-03-21 14:00:00+08:00,GPM_1.45_103.55,103.54999542236328,1.4499999284744263,0.20999999344348907,0.10499999672174454,3B-HHR.MS.MRG.3IMERG.20250321-S060000-E062959.0360.V07B.HDF5,0.32499999552965164,0.5949999876320362,0.6149999871850014,61.7799981161952,2025-03-21 14:30:00+08:00
2025-03-21 06:30:00+00:00,2025-03-21 14:30:00+08:00,GPM_1.45_103.55,103.54999542236328,1.4499999284744263,0.10999999940395355,0.054999999701976776,3B-HHR.MS.MRG.3IMERG.20250321-S063000-E065959.0390.V07B.HDF5,0.1599999964237213,0.5949999876320362,0.6699999868869781,57.76499842107296,2025-03-21 15:00:00+08:00
2025-03-21 07:00:00+00:00,2025-03-21 15:00:00+08:00,GPM_1.45_103.55,103.54999542236328,1.4499999284744263,0.0,0.0,3B-HHR.MS.MRG.3IMERG.20250321-S070000-E072959.0420.V07B.HDF5,0.054999999701976776,0.5399999879300594,0.6699999868869781,54.11499856412411,2025-03-21 15:30:00+08:00
2025-03-21 07:30:00+00:00,2025-03-21 15:30:00+08:00,GPM_1.45_103.55,103.54999542236328,1.4499999284744263,0.2800000011920929,0.14000000059604645,3B-HHR.MS.MRG.3IMERG.20250321-S073000-E075959.0450.V07B.HDF5,0.14000000059604645,0.6199999898672104,0.8099999874830246,51.19499862194061,2025-03-21 16:00:00+08:00
2025-03-21 08:00:00+00:00,2025-03-21 16:00:00+08:00,GPM_1.45_103.55,103.54999542236328,1.4499999284744263,0.11999999731779099,0.05999999865889549,3B-HHR.MS.MRG.3IMERG.20250321-S080000-E082959.0480.V07B.HDF5,0.19999999925494194,0.5799999944865704,0.8699999861419201,47.354998763650656,2025-03-21 16:30:00+08:00
2025-03-21 08:30:00+00:00,2025-03-21 16:30:00+08:00,GPM_1.45_103.55,103.54999542236328,1.4499999284744263,0.19999998807907104,0.09999999403953552,3B-HHR.MS.MRG.3IMERG.20250321-S083000-E085959.0510.V07B.HDF5,0.15999999269843102,0.4599999897181988,0.9699999801814556,43.65499880537391,2025-03-21 17:00:00+08:00
2025-03-21 09:00:00+00:00,2025-03-21 17:00:00+08:00,GPM_1.45_103.55,103.54999542236328,1.4499999284744263,1.2300000190734863,0.6150000095367432,3B-HHR.MS.MRG.3IMERG.20250321-S090000-E092959.0540.V07B.HDF5,0.7150000035762787,0.9700000025331974,1.5649999901652336,41.63999893888831,2025-03-21 17:30:00+08:00
2025-03-21 09:30:00+00:00,2025-03-21 17:30:00+08:00,GPM_1.45_103.55,103.54999542236328,1.4499999284744263,1.7999999523162842,0.8999999761581421,3B-HHR.MS.MRG.3IMERG.20250321-S093000-E095959.0570.V07B.HDF5,1.5149999856948853,1.8149999789893627,2.409999966621399,40.594998981803656,2025-03-21 18:00:00+08:00
2025-03-21 10:00:00+00:00,2025-03-21 18:00:00+08:00,GPM_1.45_103.55,103.54999542236328,1.4499999284744263,0.23999999463558197,0.11999999731779099,3B-HHR.MS.MRG.3IMERG.20250321-S100000-E102959.0600.V07B.HDF5,1.019999973475933,1.9349999763071537,2.474999964237213,37.42999913170934,2025-03-21 18:30:00+08:00
2025-03-21 10:30:00+00:00,2025-03-21 18:30:00+08:00,GPM_1.45_103.55,103.54999542236328,1.4499999284744263,0.11999999731779099,0.05999999865889549,3B-HHR.MS.MRG.3IMERG.20250321-S103000-E105959.0630.V07B.HDF5,0.17999999597668648,1.8549999743700027,2.474999964237213,33.79999931156635,2025-03-21 19:00:00+08:00
2025-03-21 11:00:00+00:00,2025-03-21 19:00:00+08:00,GPM_1.45_103.55,103.54999542236328,1.4499999284744263,1.8299999237060547,0.9149999618530273,3B-HHR.MS.MRG.3IMERG.20250321-S110000-E112959.0660.V07B.HDF5,0.9749999605119228,2.7099999375641346,3.289999932050705,32.06999929249287,2025-03-21 19:30:00+08:00
2025-03-21 11:30:00+00:00,2025-03-21 19:30:00+08:00,GPM_1.45_103.55,103.54999542236328,1.4499999284744263,1.2200000286102295,0.6100000143051147,3B-HHR.MS.MRG.3IMERG.20250321-S113000-E115959.0690.V07B.HDF5,1.524999976158142,3.219999957829714,3.6799999475479126,30.33499927818775,2025-03-21 20:00:00+08:00
2025-03-21 12:00:00+00:00,2025-03-21 20:00:00+08:00,GPM_1.45_103.55,103.54999542236328,1.4499999284744263,0.9199999570846558,0.4599999785423279,3B-HHR.MS.MRG.3IMERG.20250321-S120000-E122959.0720.V07B.HDF5,1.0699999928474426,3.0649999268352985,4.034999929368496,28.839999333024025,2025-03-21 20:30:00+08:00
2025-03-21 12:30:00+00:00,2025-03-21 20:30:00+08:00,GPM_1.45_103.55,103.54999542236328,1.4499999284744263,0.07000000029802322,0.03500000014901161,3B-HHR.MS.MRG.3IMERG.20250321-S123000-E125959.0750.V07B.HDF5,0.4949999786913395,2.199999950826168,4.014999929815531,27.534999419003725,2025-03-21 21:00:00+08:00
2025-03-21 13:00:00+00:00,2025-03-21 21:00:00+08:00,GPM_1.45_103.55,103.54999542236328,1.4499999284744263,0.0,0.0,3B-HHR.MS.MRG.3IMERG.20250321-S130000-E132959.0780.V07B.HDF5,0.03500000014901161,2.079999953508377,4.014999929815531,26.824999440461397,2025-03-21 21:30:00+08:00
2025-03-21 13:30:00+00:00,2025-03-21 21:30:00+08:00,GPM_1.45_103.55,103.54999542236328,1.4499999284744263,0.5199999809265137,0.25999999046325684,3B-HHR.MS.MRG.3IMERG.20250321-S133000-E135959.0810.V07B.HDF5,0.25999999046325684,2.2799999453127384,4.134999919682741,25.924999464303255,2025-03-21 22:00:00+08:00
2025-03-21 14:00:00+00:00,2025-03-21 22:00:00+08:00,GPM_1.45_103.55,103.54999542236328,1.4499999284744263,1.0,0.5,3B-HHR.MS.MRG.3IMERG.20250321-S140000-E142959.0840.V07B.HDF5,0.7599999904632568,1.864999983459711,4.574999921023846,24.324999559670687,2025-03-21 22:30:00+08:00
2025-03-21 14:30:00+00:00,2025-03-21 22:30:00+08:00,GPM_1.45_103.55,103.54999542236328,1.4499999284744263,0.9799999594688416,0.4899999797344208,3B-HHR.MS.MRG.3IMERG.20250321-S143000-E145959.0870.V07B.HDF5,0.9899999797344208,1.744999948889017,4.964999906718731,22.89999957755208,2025-03-21 23:00:00+08:00
2025-03-21 15:00:00+00:00,2025-03-21 23:00:00+08:00,GPM_1.45_103.55,103.54999542236328,1.4499999284744263,1.0799999237060547,0.5399999618530273,3B-HHR.MS.MRG.3IMERG.20250321-S150000-E152959.0900.V07B.HDF5,1.0299999415874481,1.8249999321997166,4.889999859035015,21.24499960616231,2025-03-21 23:30:00+08:00
2025-03-21 15:30:00+00:00,2025-03-21 23:30:00+08:00,GPM_1.45_103.55,103.54999542236328,1.4499999284744263,0.1599999964237213,0.07999999821186066,3B-HHR.MS.MRG.3IMERG.20250321-S153000-E155959.0930.V07B.HDF5,0.619999960064888,1.8699999302625656,4.069999881088734,18.834999594837427,2025-03-22 00:00:00+08:00
2025-03-18 16:00:00+00:00,2025-03-19 00:00:00+08:00,GPM_1.45_103.65,103.64999389648438,1.4499999284744263,0.0,0.0,3B-HHR.MS.MRG.3IMERG.20250318-S160000-E162959.0960.V07B.HDF5,,,,,2025-03-19 00:30:00+08:00
2025-03-18 16:30:00+00:00,2025-03-19 00:30:00+08:00,GPM_1.45_103.65,103.64999389648438,1.4499999284744263,0.0,0.0,3B-HHR.MS.MRG.3IMERG.20250318-S163000-E165959.0990.V07B.HDF5,0.0,,,,2025-03-19 01:00:00+08:00
2025-03-18 17:00:00+00:00,2025-03-19 01:00:00+08:00,GPM_1.45_103.65,103.64999389648438,1.4499999284744263,0.11999999731779099,0.05999999865889549,3B-HHR.MS.MRG.3IMERG.20250318-S170000-E172959.1020.V07B.HDF5,0.05999999865889549,,,,2025-03-19 01:30:00+08:00
2025-03-18 17:30:00+00:00,2025-03-19 01:30:00+08:00,GPM_1.45_103.65,103.64999389648438,1.4499999284744263,0.0,0.0,3B-HHR.MS.MRG.3IMERG.20250318-S173000-E175959.1050.V07B.HDF5,0.05999999865889549,,,,2025-03-19 02:00:00+08:00
2025-03-18 18:00:00+00:00,2025-03-19 02:00:00+08:00,GPM_1.45_103.65,103.64999389648438,1.4499999284744263,0.0,0.0,3B-HHR.MS.MRG.3IMERG.20250318-S180000-E182959.1080.V07B.HDF5,0.0,,,,2025-03-19 02:30:00+08:00
2025-03-18 18:30:00+00:00,2025-03-19 02:30:00+08:00,GPM_1.45_103.65,103.64999389648438,1.4499999284744263,0.0,0.0,3B-HHR.MS.MRG.3IMERG.20250318-S183000-E185959.1110.V07B.HDF5,0.0,0.05999999865889549,,,2025-03-19 03:00:00+08:00
2025-03-18 19:00:00+00:00,2025-03-19 03:00:00+08:00,GPM_1.45_103.65,103.64999389648438,1.4499999284744263,0.2800000011920929,0.14000000059604645,3B-HHR.MS.MRG.3IMERG.20250318-S190000-E192959.1140.V07B.HDF5,0.14000000059604645,0.19999999925494194,,,2025-03-19 03:30:00+08:00
2025-03-18 19:30:00+00:00,2025-03-19 03:30:00+08:00,GPM_1.45_103.65,103.64999389648438,1.4499999284744263,0.6599999666213989,0.32999998331069946,3B-HHR.MS.MRG.3IMERG.20250318-S193000-E195959.1170.V07B.HDF5,0.4699999839067459,0.5299999825656414,,,2025-03-19 04:00:00+08:00
2025-03-18 20:00:00+00:00,2025-03-19 04:00:00+08:00,GPM_1.45_103.65,103.64999389648438,1.4499999284744263,0.3700000047683716,0.1850000023841858,3B-HHR.MS.MRG.3IMERG.20250318-S200000-E202959.1200.V07B.HDF5,0.5149999856948853,0.6549999862909317,,,2025-03-19 04:30:00+08:00
2025-03-18 20:30:00+00:00,2025-03-19 04:30:00+08:00,GPM_1.45_103.65,103.64999389648438,1.4499999284744263,0.14000000059604645,0.07000000029802322,3B-HHR.MS.MRG.3IMERG.20250318-S203000-E205959.1230.V07B.HDF5,0.255000002682209,0.7249999865889549,,,2025-03-19 05:00:00+08:00
2025-03-18 21:00:00+00:00,2025-03-19 05:00:00+08:00,GPM_1.45_103.65,103.64999389648438,1.4499999284744263,0.12999999523162842,0.06499999761581421,3B-HHR.MS.MRG.3IMERG.20250318-S210000-E212959.1260.V07B.HDF5,0.13499999791383743,0.7899999842047691,,,2025-03-19 05:30:00+08:00
2025-03-18 21:30:00+00:00,2025-03-19 05:30:00+08:00,GPM_1.45_103.65,103.64999389648438,1.4499999284744263,0.7299999594688416,0.3649999797344208,3B-HHR.MS.MRG.3IMERG.20250318-S213000-E215959.1290.V07B.HDF5,0.429999977350235,1.15499996393919,1.2149999625980854,,2025-03-19 06:00:00+08:00
2025-03-18 22:00:00+00:00,2025-03-19 06:00:00+08:00,GPM_1.45_103.65,103.64999389648438,1.4499999284744263,1.0499999523162842,0.5249999761581421,3B-HHR.MS.MRG.3IMERG.20250318-S220000-E222959.1320.V07B.HDF5,0.8899999558925629,1.5399999395012856,1.7399999387562275,,2025-03-19 06:30:00+08:00
2025-03-18 22:30:00+00:00,2025-03-19 06:30:00+08:00,GPM_1.45_103.65,103.64999389648438,1.4499999284744263,0.550000011920929,0.2750000059604645,3B-HHR.MS.MRG.3IMERG.20250318-S223000-E225959.1350.V07B.HDF5,0.7999999821186066,1.4849999621510506,2.014999944716692,,2025-03-19 07:00:00+08:00
2025-03-18 23:00:00+00:00,2025-03-19 07:00:00+08:00,GPM_1.45_103.65,103.64999389648438,1.4499999284744263,0.3799999952316284,0.1899999976158142,3B-HHR.MS.MRG.3IMERG.20250318-S230000-E232959.1380.V07B.HDF5,0.4650000035762787,1.489999957382679,2.1449999436736107,,2025-03-19 07:30:00+08:00
2025-03-18 23:30:00+00:00,2025-03-19 07:30:00+08:00,GPM_1.45_103.65,103.64999389648438,1.4499999284744263,0.3700000047683716,0.1850000023841858,3B-HHR.MS.MRG.3IMERG.20250318-S233000-E235959.1410.V07B.HDF5,0.375,1.6049999594688416,2.3299999460577965,,2025-03-19 08:00:00+08:00
2025-03-19 00:00:00+00:00,2025-03-19 08:00:00+08:00,GPM_1.45_103.65,103.64999389648438,1.4499999284744263,0.3700000047683716,0.1850000023841858,3B-HHR.MS.MRG.3IMERG.20250319-S000000-E002959.0000.V07B.HDF5,0.3700000047683716,1.7249999642372131,2.5149999484419823,,2025-03-19 08:30:00+08:00
2025-03-19 00:30:00+00:00,2025-03-19 08:30:00+08:00,GPM_1.45_103.65,103.64999389648438,1.4499999284744263,3.569999933242798,1.784999966621399,3B-HHR.MS.MRG.3IMERG.20250319-S003000-E005959.0030.V07B.HDF5,1.9699999690055847,3.1449999511241913,4.299999915063381,,2025-03-19 09:00:00+08:00
2025-03-19 01:00:00+00:00,2025-03-19 09:00:00+08:00,GPM_1.45_103.65,103.64999389648438,1.4499999284744263,4.429999828338623,2.2149999141693115,3B-HHR.MS.MRG.3IMERG.20250319-S010000-E012959.0060.V07B.HDF5,3.9999998807907104,4.834999889135361,6.374999828636646,,2025-03-19 09:30:00+08:00
2025-03-19 01:30:00+00:00,2025-03-19 09:30:00+08:00,GPM_1.45_103.65,103.64999389648438,1.4499999284744263,5.210000038146973,2.6050000190734863,3B-HHR.MS.MRG.3IMERG.20250319-S013000-E015959.0090.V07B.HDF5,4.819999933242798,7.164999902248383,8.649999864399433,,2025-03-19 10:00:00+08:00
2025-03-19 02:00:00+00:00,2025-03-19 10:00:00+08:00,GPM_1.45_103.65,103.64999389648438,1.4499999284744263,4.839999675750732,2.419999837875366,3B-HHR.MS.MRG.3IMERG.20250319-S020000-E022959.0120.V07B.HDF5,5.0249998569488525,9.394999742507935,10.884999699890614,,2025-03-19 10:30:00+08:00
2025-03-19 02:30:00+00:00,2025-03-19 10:30:00+08:00,GPM_1.45_103.65,103.64999389648438,1.4499999284744263,5.799999713897705,2.8999998569488525,3B-HHR.MS.MRG.3IMERG.20250319-S023000-E025959.0150.V07B.HDF5,5.319999694824219,12.109999597072601,13.714999556541443,,2025-03-19 11:00:00+08:00
2025-03-19 03:00:00+00:00,2025-03-19 11:00:00+08:00,GPM_1.45_103.65,103.64999389648438,1.4499999284744263,8.380000114440918,4.190000057220459,3B-HHR.MS.MRG.3IMERG.20250319-S030000-E032959.0180.V07B.HDF5,7.0899999141693115,16.114999651908875,17.839999616146088,,2025-03-19 11:30:00+08:00
2025-03-19 03:30:00+00:00,2025-03-19 11:30:00+08:00,GPM_1.45_103.65,103.64999389648438,1.4499999284744263,5.179999828338623,2.5899999141693115,3B-HHR.MS.MRG.3IMERG.20250319-S033000-E035959.0210.V07B.HDF5,6.7799999713897705,16.919999599456787,20.06499955058098,,2025-03-19 12:00:00+08:00
2025-03-19 04:00:00+00:00,2025-03-19 12:00:00+08:00,GPM_1.45_103.65,103.64999389648438,1.4499999284744263,11.119999885559082,5.559999942779541,3B-HHR.MS.MRG.3IMERG.20250319-S040000-E042959.0240.V07B.HDF5,8.149999856948853,20.264999628067017,25.099999517202377,,2025-03-19 12:30:00+08:00
2025-03-19 04:30:00+00:00,2025-03-19 12:30:00+08:00,GPM_1.45_103.65,103.64999389648438,1.4499999284744263,5.579999923706055,2.7899999618530273,3B-HHR.MS.MRG.3IMERG.20250319-S043000-E045959.0270.V07B.HDF5,8.349999904632568,20.449999570846558,27.61499947309494,,2025-03-19 13:00:00+08:00
2025-03-19 05:00:00+00:00,2025-03-19 13:00:00+08:00,GPM_1.45_103.65,103.64999389648438,1.4499999284744263,5.889999866485596,2.944999933242798,3B-HHR.MS.MRG.3IMERG.20250319-S050000-E052959.0300.V07B.HDF5,5.734999895095825,20.97499966621399,30.369999408721924,,2025-03-19 13:30:00+08:00
2025-03-19 05:30:00+00:00,2025-03-19 13:30:00+08:00,GPM_1.45_103.65,103.64999389648438,1.4499999284744263,11.109999656677246,5.554999828338623,3B-HHR.MS.MRG.3IMERG.20250319-S053000-E055959.0330.V07B.HDF5,8.499999761581421,23.62999963760376,35.73999923467636,,2025-03-19 14:00:00+08:00
2025-03-19 06:00:00+00:00,2025-03-19 14:00:00+08:00,GPM_1.45_103.65,103.64999389648438,1.4499999284744263,8.09000015258789,4.045000076293945,3B-HHR.MS.MRG.3IMERG.20250319-S060000-E062959.0360.V07B.HDF5,9.599999904632568,23.484999656677246,39.59999930858612,,2025-03-19 14:30:00+08:00
2025-03-19 06:30:00+00:00,2025-03-19 14:30:00+08:00,GPM_1.45_103.65,103.64999389648438,1.4499999284744263,8.210000038146973,4.105000019073486,3B-HHR.MS.MRG.3IMERG.20250319-S063000-E065959.0390.V07B.HDF5,8.150000095367432,24.99999976158142,41.91999936103821,,2025-03-19 15:00:00+08:00
2025-03-19 07:00:00+00:00,2025-03-19 15:00:00+08:00,GPM_1.45_103.65,103.64999389648438,1.4499999284744263,9.359999656677246,4.679999828338623,3B-HHR.MS.MRG.3IMERG.20250319-S070000-E072959.0420.V07B.HDF5,8.78499984741211,24.119999647140503,44.38499927520752,,2025-03-19 15:30:00+08:00
2025-03-19 07:30:00+00:00,2025-03-19 15:30:00+08:00,GPM_1.45_103.65,103.64999389648438,1.4499999284744263,8.40999984741211,4.204999923706055,3B-HHR.MS.MRG.3IMERG.20250319-S073000-E075959.0450.V07B.HDF5,8.884999752044678,25.53499960899353,45.98499917984009,,2025-03-19 16:00:00+08:00
2025-03-19 08:00:00+00:00,2025-03-19 16:00:00+08:00,GPM_1.45_103.65,103.64999389648438,1.4499999284744263,6.429999828338623,3.2149999141693115,3B-HHR.MS.MRG.3IMERG.20250319-S080000-E082959.0480.V07B.HDF5,7.419999837875366,25.804999589920044,46.77999925613403,,2025-03-19 16:30:00+08:00
2025-03-19 08:30:00+00:00,2025-03-19 16:30:00+08:00,GPM_1.45_103.65,103.64999389648438,1.4499999284744263,9.359999656677246,4.679999828338623,3B-HHR.MS.MRG.3IMERG.20250319-S083000-E085959.0510.V07B.HDF5,7.894999742507935,24.929999589920044,48.559999227523804,,2025-03-19 17:00:00+08:00
2025-03-19 09:00:00+00:00,2025-03-19 17:00:00+08:00,GPM_1.45_103.65,103.64999389648438,1.4499999284744263,9.469999313354492,4.734999656677246,3B-HHR.MS.MRG.3IMERG.20250319-S090000-E092959.0540.V07B.HDF5,9.41499948501587,25.619999170303345,49.10499882698059,,2025-03-19 17:30:00+08:00
2025-03-19 09:30:00+00:00,2025-03-19 17:30:00+08:00,GPM_1.45_103.65,103.64999389648438,1.4499999284744263,9.069999694824219,4.534999847412109,3B-HHR.MS.MRG.3IMERG.20250319-S093000-E095959.0570.V07B.HDF5,9.269999504089355,26.049998998641968,51.04999876022339,,2025-03-19 18:00:00+08:00
2025-03-19 10:00:00+00:00,2025-03-19 18:00:00+08:00,GPM_1.45_103.65,103.64999389648438,1.4499999284744263,6.769999980926514,3.384999990463257,3B-HHR.MS.MRG.3IMERG.20250319-S100000-E102959.0600.V07B.HDF5,7.919999837875366,24.7549991607666,48.874998807907104,,2025-03-19 18:30:00+08:00
2025-03-19 10:30:00+00:00,2025-03-19 18:30:00+08:00,GPM_1.45_103.65,103.64999389648438,1.4499999284744263,6.859999656677246,3.429999828338623,3B-HHR.MS.MRG.3IMERG.20250319-S103000-E105959.0630.V07B.HDF5,6.81499981880188,23.97999906539917,49.5149986743927,,2025-03-19 19:00:00+08:00
2025-03-19 11:00:00+00:00,2025-03-19 19:00:00+08:00,GPM_1.45_103.65,103.64999389648438,1.4499999284744263,6.429999828338623,3.2149999141693115,3B-HHR.MS.MRG.3IMERG.20250319-S110000-E112959.0660.V07B.HDF5,6.644999742507935,23.97999906539917,49.784998655319214,,2025-03-19 19:30:00+08:00
2025-03-19 11:30:00+00:00,2025-03-19 19:30:00+08:00,GPM_1.45_103.65,103.64999389648438,1.4499999284744263,5.549999713897705,2.7749998569488525,3B-HHR.MS.MRG.3IMERG.20250319-S113000-E115959.0690.V07B.HDF5,5.989999771118164,22.0749990940094,47.00499868392944,,2025-03-19 20:00:00+08:00
2025-03-19 12:00:00+00:00,2025-03-19 20:00:00+08:00,GPM_1.45_103.65,103.64999389648438,1.4499999284744263,4.329999923706055,2.1649999618530273,3B-HHR.MS.MRG.3IMERG.20250319-S120000-E122959.0720.V07B.HDF5,4.93999981880188,19.50499939918518,45.124998569488525,,2025-03-19 20:30:00+08:00
2025-03-19 12:30:00+00:00,2025-03-19 20:30:00+08:00,GPM_1.45_103.65,103.64999389648438,1.4499999284744263,6.210000038146973,3.1050000190734863,3B-HHR.MS.MRG.3IMERG.20250319-S123000-E125959.0750.V07B.HDF5,5.269999980926514,18.074999570846558,44.124998569488525,,2025-03-19 21:00:00+08:00
2025-03-19 13:00:00+00:00,2025-03-19 21:00:00+08:00,GPM_1.45_103.65,103.64999389648438,1.4499999284744263,7.059999942779541,3.5299999713897705,3B-HHR.MS.MRG.3IMERG.20250319-S130000-E132959.0780.V07B.HDF5,6.634999990463257,18.21999955177307,42.97499871253967,,2025-03-19 21:30:00+08:00
2025-03-19 13:30:00+00:00,2025-03-19 21:30:00+08:00,GPM_1.45_103.65,103.64999389648438,1.4499999284744263,5.71999979019165,2.859999895095825,3B-HHR.MS.MRG.3IMERG.20250319-S133000-E135959.0810.V07B.HDF5,6.389999866485596,17.649999618530273,41.62999868392944,,2025-03-19 22:00:00+08:00
2025-03-19 14:00:00+00:00,2025-03-19 22:00:00+08:00,GPM_1.45_103.65,103.64999389648438,1.4499999284744263,4.690000057220459,2.3450000286102295,3B-HHR.MS.MRG.3IMERG.20250319-S140000-E142959.0840.V07B.HDF5,5.204999923706055,16.77999973297119,40.75999879837036,,2025-03-19 22:30:00+08:00
2025-03-19 14:30:00+00:00,2025-03-19 22:30:00+08:00,GPM_1.45_103.65,103.64999389648438,1.4499999284744263,4.349999904632568,2.174999952316284,3B-HHR.MS.MRG.3IMERG.20250319-S143000-E145959.0870.V07B.HDF5,4.519999980926514,16.179999828338623,38.25499892234802,,2025-03-19 23:00:00+08:00
2025-03-19 15:00:00+00:00,2025-03-19 23:00:00+08:00,GPM_1.45_103.65,103.64999389648438,1.4499999284744263,3.509999990463257,1.7549999952316284,3B-HHR.MS.MRG.3IMERG.20250319-S150000-E152959.0900.V07B.HDF5,3.9299999475479126,15.769999861717224,35.274999260902405,,2025-03-19 23:30:00+08:00
2025-03-19 15:30:00+00:00,2025-03-19 23:30:00+08:00,GPM_1.45_103.65,103.64999389648438,1.4499999284744263,1.8700000047683716,0.9350000023841858,3B-HHR.MS.MRG.3IMERG.20250319-S153000-E155959.0930.V07B.HDF5,2.689999997615814,13.599999845027924,31.67499941587448,104.00499768927693,2025-03-20 00:00:00+08:00
2025-03-19 16:00:00+00:00,2025-03-20 00:00:00+08:00,GPM_1.45_103.65,103.64999389648438,1.4499999284744263,0.22999998927116394,0.11499999463558197,3B-HHR.MS.MRG.3IMERG.20250319-S160000-E162959.0960.V07B.HDF5,1.0499999970197678,10.184999868273735,28.404999420046806,104.11999768391252,2025-03-20 00:30:00+08:00
2025-03-19 16:30:00+00:00,2025-03-20 00:30:00+08:00,GPM_1.45_103.65,103.64999389648438,1.4499999284744263,3.3399999141693115,1.6699999570846558,3B-HHR.MS.MRG.3IMERG.20250319-S163000-E165959.0990.V07B.HDF5,1.7849999517202377,8.994999930262566,26.64499954879284,105.78999764099717,2025-03-20 01:00:00+08:00
2025-03-19 17:00:00+00:00,2025-03-20 01:00:00+08:00,GPM_1.45_103.65,103.64999389648438,1.4499999284744263,2.1599998474121094,1.0799999237060547,3B-HHR.MS.MRG.3IMERG.20250319-S170000-E172959.1020.V07B.HDF5,2.7499998807907104,7.729999825358391,24.509999558329582,106.80999756604433,2025-03-20 01:30:00+08:00
2025-03-19 17:30:00+00:00,2025-03-20 01:30:00+08:00,GPM_1.45_103.65,103.64999389648438,1.4499999284744263,6.009999752044678,3.004999876022339,3B-HHR.MS.MRG.3IMERG.20250319-S173000-E175959.1050.V07B.HDF5,4.0849997997283936,8.559999749064445,24.73999957740307,109.81499744206667,2025-03-20 02:00:00+08:00
2025-03-19 18:00:00+00:00,2025-03-20 02:00:00+08:00,GPM_1.45_103.65,103.64999389648438,1.4499999284744263,5.0,2.5,3B-HHR.MS.MRG.3IMERG.20250319-S180000-E182959.1080.V07B.HDF5,5.504999876022339,9.304999753832817,25.07499961555004,112.31499744206667,2025-03-20 02:30:00+08:00
2025-03-19 18:30:00+00:00,2025-03-20 02:30:00+08:00,GPM_1.45_103.65,103.64999389648438,1.4499999284744263,4.960000038146973,2.4800000190734863,3B-HHR.MS.MRG.3IMERG.20250319-S183000-E185959.1110.V07B.HDF5,4.980000019073486,10.849999770522118,24.44999961555004,114.79499746114016,2025-03-20 03:00:00+08:00
2025-03-19 19:00:00+00:00,2025-03-20 03:00:00+08:00,GPM_1.45_103.65,103.64999389648438,1.4499999284744263,4.829999923706055,2.4149999618530273,3B-HHR.MS.MRG.3IMERG.20250319-S190000-E192959.1140.V07B.HDF5,4.894999980926514,13.149999737739563,23.334999606013298,117.06999742239714,2025-03-20 03:30:00+08:00
2025-03-19 19:30:00+00:00,2025-03-20 03:30:00+08:00,GPM_1.45_103.65,103.64999389648438,1.4499999284744263,6.109999656677246,3.054999828338623,3B-HHR.MS.MRG.3IMERG.20250319-S193000-E195959.1170.V07B.HDF5,5.46999979019165,14.53499960899353,23.529999539256096,119.79499726742506,2025-03-20 04:00:00+08:00
2025-03-19 20:00:00+00:00,2025-03-20 04:00:00+08:00,GPM_1.45_103.65,103.64999389648438,1.4499999284744263,9.789999961853027,4.894999980926514,3B-HHR.MS.MRG.3IMERG.20250319-S200000-E202959.1200.V07B.HDF5,7.949999809265137,18.34999966621399,26.07999949157238,124.50499724596739,2025-03-20 04:30:00+08:00
2025-03-19 20:30:00+00:00,2025-03-20 04:30:00+08:00,GPM_1.45_103.65,103.64999389648438,1.4499999284744263,5.079999923706055,2.5399999618530273,3B-HHR.MS.MRG.3IMERG.20250319-S203000-E205959.1230.V07B.HDF5,7.434999942779541,17.884999752044678,26.444999501109123,126.97499720752239,2025-03-20 05:00:00+08:00
2025-03-19 21:00:00+00:00,2025-03-20 05:00:00+08:00,GPM_1.45_103.65,103.64999389648438,1.4499999284744263,5.420000076293945,2.7100000381469727,3B-HHR.MS.MRG.3IMERG.20250319-S210000-E212959.1260.V07B.HDF5,5.25,18.09499979019165,27.399999544024467,129.61999724805355,2025-03-20 05:30:00+08:00
2025-03-19 21:30:00+00:00,2025-03-20 05:30:00+08:00,GPM_1.45_103.65,103.64999389648438,1.4499999284744263,7.37999963760376,3.68999981880188,3B-HHR.MS.MRG.3IMERG.20250319-S213000-E215959.1290.V07B.HDF5,6.3999998569488525,19.304999589920044,30.15499936044216,132.944997087121,2025-03-20 06:00:00+08:00
2025-03-19 22:00:00+00:00,2025-03-20 06:00:00+08:00,GPM_1.45_103.65,103.64999389648438,1.4499999284744263,9.619999885559082,4.809999942779541,3B-HHR.MS.MRG.3IMERG.20250319-S220000-E222959.1320.V07B.HDF5,8.499999761581421,21.699999570846558,34.84999930858612,137.2299970537424,2025-03-20 06:30:00+08:00
2025-03-19 22:30:00+00:00,2025-03-20 06:30:00+08:00,GPM_1.45_103.65,103.64999389648438,1.4499999284744263,12.019999504089355,6.009999752044678,3B-HHR.MS.MRG.3IMERG.20250319-S223000-E225959.1350.V07B.HDF5,10.819999694824219,24.654999494552612,39.18999910354614,142.96499679982662,2025-03-20 07:00:00+08:00
2025-03-19 23:00:00+00:00,2025-03-20 07:00:00+08:00,GPM_1.45_103.65,103.64999389648438,1.4499999284744263,8.149999618530273,4.074999809265137,3B-HHR.MS.MRG.3IMERG.20250319-S230000-E232959.1380.V07B.HDF5,10.084999561309814,23.834999322891235,42.184998989105225,146.84999661147594,2025-03-20 07:30:00+08:00
2025-03-19 23:30:00+00:00,2025-03-20 07:30:00+08:00,GPM_1.45_103.65,103.64999389648438,1.4499999284744263,8.819999694824219,4.409999847412109,3B-HHR.MS.MRG.3IMERG.20250319-S233000-E235959.1410.V07B.HDF5,8.484999656677246,25.704999208450317,43.589998960494995,151.07499645650387,2025-03-20 08:00:00+08:00
2025-03-20 00:00:00+00:00,2025-03-20 08:00:00+08:00,GPM_1.45_103.65,103.64999389648438,1.4499999284744263,18.139999389648438,9.069999694824219,3B-HHR.MS.MRG.3IMERG.20250320-S000000-E002959.0000.V07B.HDF5,13.479999542236328,32.06499886512756,50.159998655319214,159.9599961489439,2025-03-20 08:30:00+08:00
2025-03-20 00:30:00+00:00,2025-03-20 08:30:00+08:00,GPM_1.45_103.65,103.64999389648438,1.4499999284744263,8.260000228881836,4.130000114440918,3B-HHR.MS.MRG.3IMERG.20250320-S003000-E005959.0030.V07B.HDF5,13.199999809265137,32.5049991607666,51.809998750686646,162.30499629676342,2025-03-20 09:00:00+08:00
2025-03-20 01:00:00+00:00,2025-03-20 09:00:00+08:00,GPM_1.45_103.65,103.64999389648438,1.4499999284744263,15.539999961853027,7.769999980926514,3B-HHR.MS.MRG.3IMERG.20250320-S010000-E012959.0060.V07B.HDF5,11.900000095367432,35.464999198913574,57.16499876976013,167.85999636352062,2025-03-20 09:30:00+08:00
2025-03-20 01:30:00+00:00,2025-03-20 09:30:00+08:00,GPM_1.45_103.65,103.64999389648438,1.4499999284744263,9.550000190734863,4.775000095367432,3B-HHR.MS.MRG.3IMERG.20250320-S013000-E015959.0090.V07B.HDF5,12.545000076293945,34.22999954223633,58.88499903678894,170.02999643981457,2025-03-20 10:00:00+08:00
2025-03-20 02:00:00+00:00,2025-03-20 10:00:00+08:00,GPM_1.45_103.65,103.64999389648438,1.4499999284744263,8.859999656677246,4.429999828338623,3B-HHR.MS.MRG.3IMERG.20250320-S020000-E022959.0120.V07B.HDF5,9.204999923706055,34.584999561309814,58.41999888420105,172.03999643027782,2025-03-20 10:30:00+08:00
2025-03-20 02:30:00+00:00,2025-03-20 10:30:00+08:00,GPM_1.45_103.65,103.64999389648438,1.4499999284744263,8.630000114440918,4.315000057220459,3B-HHR.MS.MRG.3IMERG.20250320-S023000-E025959.0150.V07B.HDF5,8.744999885559082,34.489999771118164,60.19499897956848,173.45499663054943,2025-03-20 11:00:00+08:00
2025-03-20 03:00:00+00:00,2025-03-20 11:00:00+08:00,GPM_1.45_103.65,103.64999389648438,1.4499999284744263,7.799999713897705,3.8999998569488525,3B-HHR.MS.MRG.3IMERG.20250320-S030000-E032959.0180.V07B.HDF5,8.214999914169312,29.319999933242798,61.38499879837036,173.16499643027782,2025-03-20 11:30:00+08:00
2025-03-20 03:30:00+00:00,2025-03-20 11:30:00+08:00,GPM_1.45_103.65,103.64999389648438,1.4499999284744263,6.940000057220459,3.4700000286102295,3B-HHR.MS.MRG.3IMERG.20250320-S033000-E035959.0210.V07B.HDF5,7.369999885559082,28.65999984741211,61.16499900817871,174.04499654471874,2025-03-20 12:00:00+08:00
2025-03-20 04:00:00+00:00,2025-03-20 12:00:00+08:00,GPM_1.45_103.65,103.64999389648438,1.4499999284744263,7.089999675750732,3.544999837875366,3B-HHR.MS.MRG.3IMERG.20250320-S040000-E042959.0240.V07B.HDF5,7.014999866485596,24.434999704360962,59.899998903274536,172.02999643981457,2025-03-20 12:30:00+08:00
2025-03-20 04:30:00+00:00,2025-03-20 12:30:00+08:00,GPM_1.45_103.65,103.64999389648438,1.4499999284744263,4.069999694824219,2.0349998474121094,3B-HHR.MS.MRG.3IMERG.20250320-S043000-E045959.0270.V07B.HDF5,5.579999685287476,21.69499945640564,55.92499899864197,171.27499632537365,2025-03-20 13:00:00+08:00
2025-03-20 05:00:00+00:00,2025-03-20 13:00:00+08:00,GPM_1.45_103.65,103.64999389648438,1.4499999284744263,4.610000133514404,2.305000066757202,3B-HHR.MS.MRG.3IMERG.20250320-S050000-E052959.0300.V07B.HDF5,4.3399999141693115,19.56999969482422,54.15499925613403,170.63499645888805,2025-03-20 13:30:00+08:00
2025-03-20 05:30:00+00:00,2025-03-20 13:30:00+08:00,GPM_1.45_103.65,103.64999389648438,1.4499999284744263,6.5,3.25,3B-HHR.MS.MRG.3IMERG.20250320-S053000-E055959.0330.V07B.HDF5,5.555000066757202,18.50499963760376,52.994999408721924,168.32999663054943,2025-03-20 14:00:00+08:00
2025-03-20 06:00:00+00:00,2025-03-20 14:00:00+08:00,GPM_1.45_103.65,103.64999389648438,1.4499999284744263,8.279999732971191,4.139999866485596,3B-HHR.MS.MRG.3IMERG.20250320-S060000-E062959.0360.V07B.HDF5,7.389999866485596,18.744999647140503,48.0649995803833,168.42499642074108,2025-03-20 14:30:00+08:00
2025-03-20 06:30:00+00:00,2025-03-20 14:30:00+08:00,GPM_1.45_103.65,103.64999389648438,1.4499999284744263,9.029999732971191,4.514999866485596,3B-HHR.MS.MRG.3IMERG.20250320-S063000-E065959.0390.V07B.HDF5,8.654999732971191,19.78999948501587,48.44999933242798,168.8349962681532,2025-03-20 15:00:00+08:00
2025-03-20 07:00:00+00:00,2025-03-20 15:00:00+08:00,GPM_1.45_103.65,103.64999389648438,1.4499999284744263,7.139999866485596,3.569999933242798,3B-HHR.MS.MRG.3IMERG.20250320-S070000-E072959.0420.V07B.HDF5,8.084999799728394,19.8149995803833,44.24999928474426,167.72499637305737,2025-03-20 15:30:00+08:00
2025-03-20 07:30:00+00:00,2025-03-20 15:30:00+08:00,GPM_1.45_103.65,103.64999389648438,1.4499999284744263,5.650000095367432,2.825000047683716,3B-HHR.MS.MRG.3IMERG.20250320-S073000-E075959.0450.V07B.HDF5,6.394999980926514,20.604999780654907,42.29999923706055,166.34499649703503,2025-03-20 16:00:00+08:00
2025-03-20 08:00:00+00:00,2025-03-20 16:00:00+08:00,GPM_1.45_103.65,103.64999389648438,1.4499999284744263,7.619999885559082,3.809999942779541,3B-HHR.MS.MRG.3IMERG.20250320-S080000-E082959.0480.V07B.HDF5,6.634999990463257,22.109999656677246,41.679999351501465,166.93999652564526,2025-03-20 16:30:00+08:00
2025-03-20 08:30:00+00:00,2025-03-20 16:30:00+08:00,GPM_1.45_103.65,103.64999389648438,1.4499999284744263,6.980000019073486,3.490000009536743,3B-HHR.MS.MRG.3IMERG.20250320-S083000-E085959.0510.V07B.HDF5,7.299999952316284,22.34999966621399,40.85499930381775,165.74999670684338,2025-03-20 17:00:00+08:00
2025-03-20 09:00:00+00:00,2025-03-20 17:00:00+08:00,GPM_1.45_103.65,103.64999389648438,1.4499999284744263,6.039999961853027,3.0199999809265137,3B-HHR.MS.MRG.3IMERG.20250320-S090000-E092959.0540.V07B.HDF5,6.509999990463257,21.229999780654907,39.97499942779541,164.03499703109264,2025-03-20 17:30:00+08:00
2025-03-20 09:30:00+00:00,2025-03-20 17:30:00+08:00,GPM_1.45_103.65,103.64999389648438,1.4499999284744263,4.589999675750732,2.294999837875366,3B-HHR.MS.MRG.3IMERG.20250320-S093000-E095959.0570.V07B.HDF5,5.31499981880188,19.009999752044678,38.79999923706055,161.7949970215559,2025-03-20 18:00:00+08:00
2025-03-20 10:00:00+00:00,2025-03-20 18:00:00+08:00,GPM_1.45_103.65,103.64999389648438,1.4499999284744263,9.880000114440918,4.940000057220459,3B-HHR.MS.MRG.3IMERG.20250320-S100000-E102959.0600.V07B.HDF5,7.234999895095825,20.37999987602234,40.19499945640564,163.3499970883131,2025-03-20 18:30:00+08:00
2025-03-20 10:30:00+00:00,2025-03-20 18:30:00+08:00,GPM_1.45_103.65,103.64999389648438,1.4499999284744263,7.75,3.875,3B-HHR.MS.MRG.3IMERG.20250320-S103000-E105959.0630.V07B.HDF5,8.815000057220459,21.429999828338623,42.03499960899353,163.79499725997448,2025-03-20 19:00:00+08:00
2025-03-20 11:00:00+00:00,2025-03-20 19:00:00+08:00,GPM_1.45_103.65,103.64999389648438,1.4499999284744263,6.269999980926514,3.134999990463257,3B-HHR.MS.MRG.3IMERG.20250320-S110000-E112959.0660.V07B.HDF5,7.009999990463257,20.75499987602234,42.864999532699585,163.71499733626842,2025-03-20 19:30:00+08:00
2025-03-20 11:30:00+00:00,2025-03-20 19:30:00+08:00,GPM_1.45_103.65,103.64999389648438,1.4499999284744263,4.0,2.0,3B-HHR.MS.MRG.3IMERG.20250320-S113000-E115959.0690.V07B.HDF5,5.134999990463257,19.264999866485596,41.614999532699585,162.93999747931957,2025-03-20 20:00:00+08:00
2025-03-20 12:00:00+00:00,2025-03-20 20:00:00+08:00,GPM_1.45_103.65,103.64999389648438,1.4499999284744263,3.7099997997283936,1.8549998998641968,3B-HHR.MS.MRG.3IMERG.20250320-S120000-E122959.0720.V07B.HDF5,3.8549998998641968,18.09999978542328,39.329999566078186,162.62999741733074,2025-03-20 20:30:00+08:00
2025-03-20 12:30:00+00:00,2025-03-20 20:30:00+08:00,GPM_1.45_103.65,103.64999389648438,1.4499999284744263,2.740000009536743,1.3700000047683716,3B-HHR.MS.MRG.3IMERG.20250320-S123000-E125959.0750.V07B.HDF5,3.2249999046325684,17.174999952316284,36.18499970436096,160.89499740302563,2025-03-20 21:00:00+08:00
2025-03-20 13:00:00+00:00,2025-03-20 21:00:00+08:00,GPM_1.45_103.65,103.64999389648438,1.4499999284744263,1.4199999570846558,0.7099999785423279,3B-HHR.MS.MRG.3IMERG.20250320-S130000-E132959.0780.V07B.HDF5,2.0799999833106995,12.944999873638153,33.32499974966049,158.07499741017818,2025-03-20 21:30:00+08:00
2025-03-20 13:30:00+00:00,2025-03-20 21:30:00+08:00,GPM_1.45_103.65,103.64999389648438,1.4499999284744263,2.259999990463257,1.1299999952316284,3B-HHR.MS.MRG.3IMERG.20250320-S133000-E135959.0810.V07B.HDF5,1.8399999737739563,10.199999868869781,31.629999697208405,156.344997510314,2025-03-20 22:00:00+08:00
2025-03-20 14:00:00+00:00,2025-03-20 22:00:00+08:00,GPM_1.45_103.65,103.64999389648438,1.4499999284744263,4.549999713897705,2.2749998569488525,3B-HHR.MS.MRG.3IMERG.20250320-S140000-E142959.0840.V07B.HDF5,3.404999852180481,9.339999735355377,30.094999611377716,156.2749973386526,2025-03-20 22:30:00+08:00
2025-03-20 14:30:00+00:00,2025-03-20 22:30:00+08:00,GPM_1.45_103.65,103.64999389648438,1.4499999284744263,4.569999694824219,2.2849998474121094,3B-HHR.MS.MRG.3IMERG.20250320-S143000-E145959.0870.V07B.HDF5,4.559999704360962,9.624999582767487,28.889999449253082,156.38499723374844,2025-03-20 23:00:00+08:00
2025-03-20 15:00:00+00:00,2025-03-20 23:00:00+08:00,GPM_1.45_103.65,103.64999389648438,1.4499999284744263,4.599999904632568,2.299999952316284,3B-HHR.MS.MRG.3IMERG.20250320-S150000-E152959.0900.V07B.HDF5,4.5849997997283936,10.069999635219574,28.169999420642853,156.9299971908331,2025-03-20 23:30:00+08:00
2025-03-20 15:30:00+00:00,2025-03-20 23:30:00+08:00,GPM_1.45_103.65,103.64999389648438,1.4499999284744263,4.739999771118164,2.369999885559082,3B-HHR.MS.MRG.3IMERG.20250320-S153000-E155959.0930.V07B.HDF5,4.669999837875366,11.069999516010284,28.24499946832657,158.364997074008,2025-03-21 00:00:00+08:00
2025-03-20 16:00:00+00:00,2025-03-21 00:00:00+08:00,GPM_1.45_103.65,103.64999389648438,1.4499999284744263,4.400000095367432,2.200000047683716,3B-HHR.MS.MRG.3IMERG.20250320-S160000-E162959.0960.V07B.HDF5,4.569999933242798,12.559999585151672,25.504999458789825,160.44999712705612,2025-03-21 00:30:00+08:00
2025-03-20 16:30:00+00:00,2025-03-21 00:30:00+08:00,GPM_1.45_103.65,103.64999389648438,1.4499999284744263,1.649999976158142,0.824999988079071,3B-HHR.MS.MRG.3IMERG.20250320-S163000-E165959.0990.V07B.HDF5,3.025000035762787,12.254999577999115,22.454999446868896,159.60499715805054,2025-03-21 01:00:00+08:00
2025-03-20 17:00:00+00:00,2025-03-21 01:00:00+08:00,GPM_1.45_103.65,103.64999389648438,1.4499999284744263,1.100000023841858,0.550000011920929,3B-HHR.MS.MRG.3IMERG.20250320-S170000-E172959.1020.V07B.HDF5,1.375,10.529999732971191,19.86999946832657,159.0749972462654,2025-03-21 01:30:00+08:00
2025-03-20 17:30:00+00:00,2025-03-21 01:30:00+08:00,GPM_1.45_103.65,103.64999389648438,1.4499999284744263,0.3700000047683716,0.1850000023841858,3B-HHR.MS.MRG.3IMERG.20250320-S173000-E175959.1050.V07B.HDF5,0.7350000143051147,8.429999887943268,18.054999470710754,156.25499737262726,2025-03-21 02:00:00+08:00
2025-03-20 18:00:00+00:00,2025-03-21 02:00:00+08:00,GPM_1.45_103.65,103.64999389648438,1.4499999284744263,0.9199999570846558,0.4599999785423279,3B-HHR.MS.MRG.3IMERG.20250320-S180000-E182959.1080.V07B.HDF5,0.6449999809265137,6.5899999141693115,16.659999549388885,154.2149973511696,2025-03-21 02:30:00+08:00
2025-03-20 18:30:00+00:00,2025-03-21 02:30:00+08:00,GPM_1.45_103.65,103.64999389648438,1.4499999284744263,0.4399999976158142,0.2199999988079071,3B-HHR.MS.MRG.3IMERG.20250320-S183000-E185959.1110.V07B.HDF5,0.679999977350235,4.440000027418137,15.509999543428421,151.954997330904,2025-03-21 03:00:00+08:00
2025-03-20 19:00:00+00:00,2025-03-21 03:00:00+08:00,GPM_1.45_103.65,103.64999389648438,1.4499999284744263,1.9399999380111694,0.9699999690055847,3B-HHR.MS.MRG.3IMERG.20250320-S190000-E192959.1140.V07B.HDF5,1.1899999678134918,3.2099999487400055,15.769999533891678,150.50999733805656,2025-03-21 03:30:00+08:00
2025-03-20 19:30:00+00:00,2025-03-21 03:30:00+08:00,GPM_1.45_103.65,103.64999389648438,1.4499999284744263,3.9099998474121094,1.9549999237060547,3B-HHR.MS.MRG.3IMERG.20250320-S193000-E195959.1170.V07B.HDF5,2.9249998927116394,4.339999884366989,16.594999462366104,149.409997433424,2025-03-21 04:00:00+08:00
2025-03-20 20:00:00+00:00,2025-03-21 04:00:00+08:00,GPM_1.45_103.65,103.64999389648438,1.4499999284744263,0.20999999344348907,0.10499999672174454,3B-HHR.MS.MRG.3IMERG.20250320-S200000-E202959.1200.V07B.HDF5,2.0599999204277992,3.8949998691678047,14.424999602138996,144.61999744921923,2025-03-21 04:30:00+08:00
2025-03-20 20:30:00+00:00,2025-03-21 04:30:00+08:00,GPM_1.45_103.65,103.64999389648438,1.4499999284744263,0.32999998331069946,0.16499999165534973,3B-HHR.MS.MRG.3IMERG.20250320-S203000-E205959.1230.V07B.HDF5,0.26999998837709427,3.8749998584389687,12.304999746382236,142.24499747902155,2025-03-21 05:00:00+08:00
2025-03-20 21:00:00+00:00,2025-03-21 05:00:00+08:00,GPM_1.45_103.65,103.64999389648438,1.4499999284744263,4.849999904632568,2.424999952316284,3B-HHR.MS.MRG.3IMERG.20250320-S210000-E212959.1260.V07B.HDF5,2.589999943971634,5.839999832212925,12.429999746382236,141.95999739319086,2025-03-21 05:30:00+08:00
2025-03-20 21:30:00+00:00,2025-03-21 05:30:00+08:00,GPM_1.45_103.65,103.64999389648438,1.4499999284744263,1.5,0.75,3B-HHR.MS.MRG.3IMERG.20250320-S213000-E215959.1290.V07B.HDF5,3.174999952316284,6.369999833405018,10.809999860823154,139.01999757438898,2025-03-21 06:00:00+08:00
2025-03-20 22:00:00+00:00,2025-03-21 06:00:00+08:00,GPM_1.45_103.65,103.64999389648438,1.4499999284744263,0.0,0.0,3B-HHR.MS.MRG.3IMERG.20250320-S220000-E222959.1320.V07B.HDF5,0.75,5.399999864399433,8.609999813139439,134.20999763160944,2025-03-21 06:30:00+08:00
2025-03-20 22:30:00+00:00,2025-03-21 06:30:00+08:00,GPM_1.45_103.65,103.64999389648438,1.4499999284744263,0.0,0.0,3B-HHR.MS.MRG.3IMERG.20250320-S223000-E225959.1350.V07B.HDF5,0.0,3.4449999406933784,7.784999825060368,128.19999787956476,2025-03-21 07:00:00+08:00
2025-03-20 23:00:00+00:00,2025-03-21 07:00:00+08:00,GPM_1.45_103.65,103.64999389648438,1.4499999284744263,0.0,0.0,3B-HHR.MS.MRG.3IMERG.20250320-S230000-E232959.1380.V07B.HDF5,0.0,3.339999943971634,7.234999813139439,124.12499807029963,2025-03-21 07:30:00+08:00
2025-03-20 23:30:00+00:00,2025-03-21 07:30:00+08:00,GPM_1.45_103.65,103.64999389648438,1.4499999284744263,0.14000000059604645,0.07000000029802322,3B-HHR.MS.MRG.3IMERG.20250320-S233000-E235959.1410.V07B.HDF5,0.07000000029802322,3.2449999526143074,7.119999811053276,119.78499822318554,2025-03-21 08:00:00+08:00
2025-03-21 00:00:00+00:00,2025-03-21 08:00:00+08:00,GPM_1.45_103.65,103.64999389648438,1.4499999284744263,0.14000000059604645,0.07000000029802322,3B-HHR.MS.MRG.3IMERG.20250321-S000000-E002959.0000.V07B.HDF5,0.14000000059604645,0.8900000005960464,6.729999832808971,110.78499852865934,2025-03-21 08:30:00+08:00
2025-03-21 00:30:00+00:00,2025-03-21 08:30:00+08:00,GPM_1.45_103.65,103.64999389648438,1.4499999284744263,0.0,0.0,3B-HHR.MS.MRG.3IMERG.20250321-S003000-E005959.0030.V07B.HDF5,0.07000000029802322,0.14000000059604645,6.509999834001064,106.65499841421843,2025-03-21 09:00:00+08:00
2025-03-21 01:00:00+00:00,2025-03-21 09:00:00+08:00,GPM_1.45_103.65,103.64999389648438,1.4499999284744263,0.0,0.0,3B-HHR.MS.MRG.3IMERG.20250321-S010000-E012959.0060.V07B.HDF5,0.0,0.14000000059604645,5.53999986499548,98.88499843329191,2025-03-21 09:30:00+08:00
2025-03-21 01:30:00+00:00,2025-03-21 09:30:00+08:00,GPM_1.45_103.65,103.64999389648438,1.4499999284744263,0.0,0.0,3B-HHR.MS.MRG.3IMERG.20250321-S013000-E015959.0090.V07B.HDF5,0.0,0.14000000059604645,3.584999941289425,94.10999833792448,2025-03-21 10:00:00+08:00
2025-03-21 02:00:00+00:00,2025-03-21 10:00:00+08:00,GPM_1.45_103.65,103.64999389648438,1.4499999284744263,0.0,0.0,3B-HHR.MS.MRG.3IMERG.20250321-S020000-E022959.0120.V07B.HDF5,0.0,0.14000000059604645,3.4799999445676804,89.67999850958586,2025-03-21 10:30:00+08:00
2025-03-21 02:30:00+00:00,2025-03-21 10:30:00+08:00,GPM_1.45_103.65,103.64999389648438,1.4499999284744263,0.0,0.0,3B-HHR.MS.MRG.3IMERG.20250321-S023000-E025959.0150.V07B.HDF5,0.0,0.07000000029802322,3.3149999529123306,85.3649984523654,2025-03-21 11:00:00+08:00
2025-03-21 03:00:00+00:00,2025-03-21 11:00:00+08:00,GPM_1.45_103.65,103.64999389648438,1.4499999284744263,0.29999998211860657,0.14999999105930328,3B-HHR.MS.MRG.3IMERG.20250321-S030000-E032959.0180.V07B.HDF5,0.14999999105930328,0.14999999105930328,1.0399999916553497,81.61499858647585,2025-03-21 11:30:00+08:00
2025-03-21 03:30:00+00:00,2025-03-21 11:30:00+08:00,GPM_1.45_103.65,103.64999389648438,1.4499999284744263,0.07999999821186066,0.03999999910593033,3B-HHR.MS.MRG.3IMERG.20250321-S033000-E035959.0210.V07B.HDF5,0.1899999901652336,0.1899999901652336,0.32999999076128006,78.18499855697155,2025-03-21 12:00:00+08:00
2025-03-21 04:00:00+00:00,2025-03-21 12:00:00+08:00,GPM_1.45_103.65,103.64999389648438,1.4499999284744263,0.10999999940395355,0.054999999701976776,3B-HHR.MS.MRG.3IMERG.20250321-S040000-E042959.0240.V07B.HDF5,0.0949999988079071,0.2449999898672104,0.38499999046325684,74.69499871879816,2025-03-21 12:30:00+08:00
2025-03-21 04:30:00+00:00,2025-03-21 12:30:00+08:00,GPM_1.45_103.65,103.64999389648438,1.4499999284744263,0.12999999523162842,0.06499999761581421,3B-HHR.MS.MRG.3IMERG.20250321-S043000-E045959.0270.V07B.HDF5,0.11999999731779099,0.3099999874830246,0.44999998807907104,72.72499886900187,2025-03-21 13:00:00+08:00
2025-03-21 05:00:00+00:00,2025-03-21 13:00:00+08:00,GPM_1.45_103.65,103.64999389648438,1.4499999284744263,0.2199999988079071,0.10999999940395355,3B-HHR.MS.MRG.3IMERG.20250321-S050000-E052959.0300.V07B.HDF5,0.17499999701976776,0.41999998688697815,0.5599999874830246,70.52999880164862,2025-03-21 13:30:00+08:00
2025-03-21 05:30:00+00:00,2025-03-21 13:30:00+08:00,GPM_1.45_103.65,103.64999389648438,1.4499999284744263,0.44999998807907104,0.22499999403953552,3B-HHR.MS.MRG.3IMERG.20250321-S053000-E055959.0330.V07B.HDF5,0.3349999934434891,0.6449999809265137,0.7149999812245369,67.50499879568815,2025-03-21 14:00:00+08:00
2025-03-21 06:00:00+00:00,2025-03-21 14:00:00+08:00,GPM_1.45_103.65,103.64999389648438,1.4499999284744263,0.2199999988079071,0.10999999940395355,3B-HHR.MS.MRG.3IMERG.20250321-S060000-E062959.0360.V07B.HDF5,0.3349999934434891,0.6049999892711639,0.7549999803304672,63.47499892860651,2025-03-21 14:30:00+08:00
2025-03-21 06:30:00+00:00,2025-03-21 14:30:00+08:00,GPM_1.45_103.65,103.64999389648438,1.4499999284744263,0.11999999731779099,0.05999999865889549,3B-HHR.MS.MRG.3IMERG.20250321-S063000-E065959.0390.V07B.HDF5,0.16999999806284904,0.6249999888241291,0.8149999789893627,59.01999906077981,2025-03-21 15:00:00+08:00
2025-03-21 07:00:00+00:00,2025-03-21 15:00:00+08:00,GPM_1.45_103.65,103.64999389648438,1.4499999284744263,0.0,0.0,3B-HHR.MS.MRG.3IMERG.20250321-S070000-E072959.0420.V07B.HDF5,0.05999999865889549,0.5699999891221523,0.8149999789893627,55.44999912753701,2025-03-21 15:30:00+08:00
2025-03-21 07:30:00+00:00,2025-03-21 15:30:00+08:00,GPM_1.45_103.65,103.64999389648438,1.4499999284744263,0.5299999713897705,0.26499998569488525,3B-HHR.MS.MRG.3IMERG.20250321-S073000-E075959.0450.V07B.HDF5,0.26499998569488525,0.7699999772012234,1.079999964684248,52.88999906554818,2025-03-21 16:00:00+08:00
2025-03-21 08:00:00+00:00,2025-03-21 16:00:00+08:00,GPM_1.45_103.65,103.64999389648438,1.4499999284744263,0.14000000059604645,0.07000000029802322,3B-HHR.MS.MRG.3IMERG.20250321-S080000-E082959.0480.V07B.HDF5,0.3349999859929085,0.729999978095293,1.1499999649822712,49.149999123066664,2025-03-21 16:30:00+08:00
2025-03-21 08:30:00+00:00,2025-03-21 16:30:00+08:00,GPM_1.45_103.65,103.64999389648438,1.4499999284744263,1.1999999284744263,0.5999999642372131,3B-HHR.MS.MRG.3IMERG.20250321-S083000-E085959.0510.V07B.HDF5,0.6699999645352364,1.1049999482929707,1.7499999292194843,46.259999077767134,2025-03-21 17:00:00+08:00
2025-03-21 09:00:00+00:00,2025-03-21 17:00:00+08:00,GPM_1.45_103.65,103.64999389648438,1.4499999284744263,1.2899999618530273,0.6449999809265137,3B-HHR.MS.MRG.3IMERG.20250321-S090000-E092959.0540.V07B.HDF5,1.2449999451637268,1.6399999298155308,2.2449999190866947,43.884999077767134,2025-03-21 17:30:00+08:00
2025-03-21 09:30:00+00:00,2025-03-21 17:30:00+08:00,GPM_1.45_103.65,103.64999389648438,1.4499999284744263,1.059999942779541,0.5299999713897705,3B-HHR.MS.MRG.3IMERG.20250321-S093000-E095959.0570.V07B.HDF5,1.1749999523162842,2.109999902546406,2.734999891370535,42.11999921128154,2025-03-21 18:00:00+08:00
2025-03-21 10:00:00+00:00,2025-03-21 18:00:00+08:00,GPM_1.45_103.65,103.64999389648438,1.4499999284744263,0.19999998807907104,0.09999999403953552,3B-HHR.MS.MRG.3IMERG.20250321-S100000-E102959.0600.V07B.HDF5,0.629999965429306,2.2099998965859413,2.7799998857080936,37.279999148100615,2025-03-21 18:30:00+08:00
2025-03-21 10:30:00+00:00,2025-03-21 18:30:00+08:00,GPM_1.45_103.65,103.64999389648438,1.4499999284744263,0.9199999570846558,0.4599999785423279,3B-HHR.MS.MRG.3IMERG.20250321-S103000-E105959.0630.V07B.HDF5,0.5599999725818634,2.404999889433384,3.1749998666346073,33.86499912664294,2025-03-21 19:00:00+08:00
2025-03-21 11:00:00+00:00,2025-03-21 19:00:00+08:00,GPM_1.45_103.65,103.64999389648438,1.4499999284744263,1.090000033378601,0.5450000166893005,3B-HHR.MS.MRG.3IMERG.20250321-S110000-E112959.0660.V07B.HDF5,1.0049999952316284,2.8799999058246613,3.6099998839199543,31.274999152868986,2025-03-21 19:30:00+08:00
2025-03-21 11:30:00+00:00,2025-03-21 19:30:00+08:00,GPM_1.45_103.65,103.64999389648438,1.4499999284744263,0.5600000023841858,0.2800000011920929,3B-HHR.MS.MRG.3IMERG.20250321-S113000-E115959.0690.V07B.HDF5,0.8250000178813934,2.559999942779541,3.6649998910725117,29.55499915406108,2025-03-21 20:00:00+08:00
2025-03-21 12:00:00+00:00,2025-03-21 20:00:00+08:00,GPM_1.45_103.65,103.64999389648438,1.4499999284744263,0.20999999344348907,0.10499999672174454,3B-HHR.MS.MRG.3IMERG.20250321-S120000-E122959.0720.V07B.HDF5,0.38499999791383743,2.019999958574772,3.6599998883903027,27.804999250918627,2025-03-21 20:30:00+08:00
2025-03-21 12:30:00+00:00,2025-03-21 20:30:00+08:00,GPM_1.45_103.65,103.64999389648438,1.4499999284744263,0.11999999731779099,0.05999999865889549,3B-HHR.MS.MRG.3IMERG.20250321-S123000-E125959.0750.V07B.HDF5,0.16499999538064003,1.5499999858438969,3.6599998883903027,26.49499924480915,2025-03-21 21:00:00+08:00
2025-03-21 13:00:00+00:00,2025-03-21 21:00:00+08:00,GPM_1.45_103.65,103.64999389648438,1.4499999284744263,0.7400000095367432,0.3700000047683716,3B-HHR.MS.MRG.3IMERG.20250321-S130000-E132959.0780.V07B.HDF5,0.4300000034272671,1.819999996572733,4.029999893158674,26.154999271035194,2025-03-21 21:30:00+08:00
2025-03-21 13:30:00+00:00,2025-03-21 21:30:00+08:00,GPM_1.45_103.65,103.64999389648438,1.4499999284744263,0.5299999713897705,0.26499998569488525,3B-HHR.MS.MRG.3IMERG.20250321-S133000-E135959.0810.V07B.HDF5,0.6349999904632568,1.6250000037252903,4.029999893158674,25.28999926149845,2025-03-21 22:00:00+08:00
2025-03-21 14:00:00+00:00,2025-03-21 22:00:00+08:00,GPM_1.45_103.65,103.64999389648438,1.4499999284744263,1.4299999475479126,0.7149999737739563,3B-HHR.MS.MRG.3IMERG.20250321-S140000-E142959.0840.V07B.HDF5,0.9799999594688416,1.794999960809946,4.674999866634607,23.729999378323555,2025-03-21 22:30:00+08:00
2025-03-21 14:30:00+00:00,2025-03-21 22:30:00+08:00,GPM_1.45_103.65,103.64999389648438,1.4499999284744263,1.2999999523162842,0.6499999761581421,3B-HHR.MS.MRG.3IMERG.20250321-S143000-E145959.0870.V07B.HDF5,1.3649999499320984,2.1649999357759953,4.724999878555536,22.094999507069588,2025-03-21 23:00:00+08:00
2025-03-21 15:00:00+00:00,2025-03-21 23:00:00+08:00,GPM_1.45_103.65,103.64999389648438,1.4499999284744263,1.3700000047683716,0.6850000023841858,3B-HHR.MS.MRG.3IMERG.20250321-S150000-E152959.0900.V07B.HDF5,1.3349999785423279,2.7449999414384365,4.764999900013208,20.47999955713749,2025-03-21 23:30:00+08:00
2025-03-21 15:30:00+00:00,2025-03-21 23:30:00+08:00,GPM_1.45_103.65,103.64999389648438,1.4499999284744263,2.629999876022339,1.3149999380111694,3B-HHR.MS.MRG.3IMERG.20250321-S153000-E155959.0930.V07B.HDF5,1.9999999403953552,3.9999998807907104,5.549999866634607,19.424999609589577,2025-03-22 00:00:00+08:00
2025-03-18 16:00:00+00:00,2025-03-19 00:00:00+08:00,GPM_1.45_103.75,103.75,1.4499999284744263,0.0,0.0,3B-HHR.MS.MRG.3IMERG.20250318-S160000-E162959.0960.V07B.HDF5,,,,,2025-03-19 00:30:00+08:00
2025-03-18 16:30:00+00:00,2025-03-19 00:30:00+08:00,GPM_1.45_103.75,103.75,1.4499999284744263,0.3100000023841858,0.1550000011920929,3B-HHR.MS.MRG.3IMERG.20250318-S163000-E165959.0990.V07B.HDF5,0.1550000011920929,,,,2025-03-19 01:00:00+08:00
2025-03-18 17:00:00+00:00,2025-03-19 01:00:00+08:00,GPM_1.45_103.75,103.75,1.4499999284744263,0.07999999821186066,0.03999999910593033,3B-HHR.MS.MRG.3IMERG.20250318-S170000-E172959.1020.V07B.HDF5,0.19500000029802322,,,,2025-03-19 01:30:00+08:00
2025-03-18 17:30:00+00:00,2025-03-19 01:30:00+08:00,GPM_1.45_103.75,103.75,1.4499999284744263,0.14999999105930328,0.07499999552965164,3B-HHR.MS.MRG.3IMERG.20250318-S173000-E175959.1050.V07B.HDF5,0.11499999463558197,,,,2025-03-19 02:00:00+08:00
2025-03-18 18:00:00+00:00,2025-03-19 02:00:00+08:00,GPM_1.45_103.75,103.75,1.4499999284744263,0.0,0.0,3B-HHR.MS.MRG.3IMERG.20250318-S180000-E182959.1080.V07B.HDF5,0.07499999552965164,,,,2025-03-19 02:30:00+08:00
2025-03-18 18:30:00+00:00,2025-03-19 02:30:00+08:00,GPM_1.45_103.75,103.75,1.4499999284744263,0.5600000023841858,0.2800000011920929,3B-HHR.MS.MRG.3IMERG.20250318-S183000-E185959.1110.V07B.HDF5,0.2800000011920929,0.5499999970197678,,,2025-03-19 03:00:00+08:00
2025-03-18 19:00:00+00:00,2025-03-19 03:00:00+08:00,GPM_1.45_103.75,103.75,1.4499999284744263,0.28999999165534973,0.14499999582767487,3B-HHR.MS.MRG.3IMERG.20250318-S190000-E192959.1140.V07B.HDF5,0.42499999701976776,0.6949999928474426,,,2025-03-19 03:30:00+08:00
2025-03-18 19:30:00+00:00,2025-03-19 03:30:00+08:00,GPM_1.45_103.75,103.75,1.4499999284744263,1.0499999523162842,0.5249999761581421,3B-HHR.MS.MRG.3IMERG.20250318-S193000-E195959.1170.V07B.HDF5,0.669999971985817,1.0649999678134918,,,2025-03-19 04:00:00+08:00
2025-03-18 20:00:00+00:00,2025-03-19 04:00:00+08:00,GPM_1.45_103.75,103.75,1.4499999284744263,0.17000000178813934,0.08500000089406967,3B-HHR.MS.MRG.3IMERG.20250318-S200000-E202959.1200.V07B.HDF5,0.6099999770522118,1.1099999696016312,,,2025-03-19 04:30:00+08:00
2025-03-18 20:30:00+00:00,2025-03-19 04:30:00+08:00,GPM_1.45_103.75,103.75,1.4499999284744263,0.12999999523162842,0.06499999761581421,3B-HHR.MS.MRG.3IMERG.20250318-S203000-E205959.1230.V07B.HDF5,0.14999999850988388,1.0999999716877937,,,2025-03-19 05:00:00+08:00
2025-03-18 21:00:00+00:00,2025-03-19 05:00:00+08:00,GPM_1.45_103.75,103.75,1.4499999284744263,0.4899999797344208,0.2449999898672104,3B-HHR.MS.MRG.3IMERG.20250318-S210000-E212959.1260.V07B.HDF5,0.3099999874830246,1.3449999615550041,,,2025-03-19 05:30:00+08:00
2025-03-18 21:30:00+00:00,2025-03-19 05:30:00+08:00,GPM_1.45_103.75,103.75,1.4499999284744263,0.9799999594688416,0.4899999797344208,3B-HHR.MS.MRG.3IMERG.20250318-S213000-E215959.1290.V07B.HDF5,0.7349999696016312,1.554999940097332,2.1049999371170998,,2025-03-19 06:00:00+08:00
2025-03-18 22:00:00+00:00,2025-03-19 06:00:00+08:00,GPM_1.45_103.75,103.75,1.4499999284744263,1.2200000286102295,0.6100000143051147,3B-HHR.MS.MRG.3IMERG.20250318-S220000-E222959.1320.V07B.HDF5,1.0999999940395355,2.019999958574772,2.7149999514222145,,2025-03-19 06:30:00+08:00
2025-03-18 22:30:00+00:00,2025-03-19 06:30:00+08:00,GPM_1.45_103.75,103.75,1.4499999284744263,0.3999999761581421,0.19999998807907104,3B-HHR.MS.MRG.3IMERG.20250318-S223000-E225959.1350.V07B.HDF5,0.8100000023841858,1.6949999704957008,2.7599999383091927,,2025-03-19 07:00:00+08:00
2025-03-18 23:00:00+00:00,2025-03-19 07:00:00+08:00,GPM_1.45_103.75,103.75,1.4499999284744263,0.3700000047683716,0.1850000023841858,3B-HHR.MS.MRG.3IMERG.20250318-S230000-E232959.1380.V07B.HDF5,0.38499999046325684,1.794999971985817,2.904999941587448,,2025-03-19 07:30:00+08:00
2025-03-18 23:30:00+00:00,2025-03-19 07:30:00+08:00,GPM_1.45_103.75,103.75,1.4499999284744263,0.550000011920929,0.2750000059604645,3B-HHR.MS.MRG.3IMERG.20250318-S233000-E235959.1410.V07B.HDF5,0.46000000834465027,2.0049999803304672,3.104999952018261,,2025-03-19 08:00:00+08:00
2025-03-19 00:00:00+00:00,2025-03-19 08:00:00+08:00,GPM_1.45_103.75,103.75,1.4499999284744263,1.3399999141693115,0.6699999570846558,3B-HHR.MS.MRG.3IMERG.20250319-S000000-E002959.0000.V07B.HDF5,0.9449999630451202,2.4299999475479126,3.7749999091029167,,2025-03-19 08:30:00+08:00
2025-03-19 00:30:00+00:00,2025-03-19 08:30:00+08:00,GPM_1.45_103.75,103.75,1.4499999284744263,4.400000095367432,2.200000047683716,3B-HHR.MS.MRG.3IMERG.20250319-S003000-E005959.0030.V07B.HDF5,2.8700000047683716,4.140000015497208,5.69499995559454,,2025-03-19 09:00:00+08:00
2025-03-19 01:00:00+00:00,2025-03-19 09:00:00+08:00,GPM_1.45_103.75,103.75,1.4499999284744263,3.549999952316284,1.774999976158142,3B-HHR.MS.MRG.3IMERG.20250319-S010000-E012959.0060.V07B.HDF5,3.975000023841858,5.304999977350235,7.324999935925007,,2025-03-19 09:30:00+08:00
2025-03-19 01:30:00+00:00,2025-03-19 09:30:00+08:00,GPM_1.45_103.75,103.75,1.4499999284744263,4.360000133514404,2.180000066757202,3B-HHR.MS.MRG.3IMERG.20250319-S013000-E015959.0090.V07B.HDF5,3.9550000429153442,7.285000056028366,8.980000026524067,,2025-03-19 10:00:00+08:00
2025-03-19 02:00:00+00:00,2025-03-19 10:00:00+08:00,GPM_1.45_103.75,103.75,1.4499999284744263,6.069999694824219,3.0349998474121094,3B-HHR.MS.MRG.3IMERG.20250319-S020000-E022959.0120.V07B.HDF5,5.2149999141693115,10.13499990105629,11.929999873042107,,2025-03-19 10:30:00+08:00
2025-03-19 02:30:00+00:00,2025-03-19 10:30:00+08:00,GPM_1.45_103.75,103.75,1.4499999284744263,6.170000076293945,3.0850000381469727,3B-HHR.MS.MRG.3IMERG.20250319-S023000-E025959.0150.V07B.HDF5,6.119999885559082,12.944999933242798,14.949999913573265,,2025-03-19 11:00:00+08:00
2025-03-19 03:00:00+00:00,2025-03-19 11:00:00+08:00,GPM_1.45_103.75,103.75,1.4499999284744263,7.210000038146973,3.6050000190734863,3B-HHR.MS.MRG.3IMERG.20250319-S030000-E032959.0180.V07B.HDF5,6.690000057220459,15.879999995231628,18.30999994277954,,2025-03-19 11:30:00+08:00
2025-03-19 03:30:00+00:00,2025-03-19 11:30:00+08:00,GPM_1.45_103.75,103.75,1.4499999284744263,4.829999923706055,2.4149999618530273,3B-HHR.MS.MRG.3IMERG.20250319-S033000-E035959.0210.V07B.HDF5,6.019999980926514,16.09499990940094,20.234999924898148,,2025-03-19 12:00:00+08:00
2025-03-19 04:00:00+00:00,2025-03-19 12:00:00+08:00,GPM_1.45_103.75,103.75,1.4499999284744263,9.710000038146973,4.855000019073486,3B-HHR.MS.MRG.3IMERG.20250319-S040000-E042959.0240.V07B.HDF5,7.269999980926514,19.174999952316284,24.47999992966652,,2025-03-19 12:30:00+08:00
2025-03-19 04:30:00+00:00,2025-03-19 12:30:00+08:00,GPM_1.45_103.75,103.75,1.4499999284744263,4.480000019073486,2.240000009536743,3B-HHR.MS.MRG.3IMERG.20250319-S043000-E045959.0270.V07B.HDF5,7.0950000286102295,19.234999895095825,26.51999995112419,,2025-03-19 13:00:00+08:00
2025-03-19 05:00:00+00:00,2025-03-19 13:00:00+08:00,GPM_1.45_103.75,103.75,1.4499999284744263,7.190000057220459,3.5950000286102295,3B-HHR.MS.MRG.3IMERG.20250319-S050000-E052959.0300.V07B.HDF5,5.835000038146973,19.795000076293945,29.929999977350235,,2025-03-19 13:30:00+08:00
2025-03-19 05:30:00+00:00,2025-03-19 13:30:00+08:00,GPM_1.45_103.75,103.75,1.4499999284744263,13.920000076293945,6.960000038146973,3B-HHR.MS.MRG.3IMERG.20250319-S053000-E055959.0330.V07B.HDF5,10.555000066757202,23.670000076293945,36.61500000953674,,2025-03-19 14:00:00+08:00
2025-03-19 06:00:00+00:00,2025-03-19 14:00:00+08:00,GPM_1.45_103.75,103.75,1.4499999284744263,8.279999732971191,4.139999866485596,3B-HHR.MS.MRG.3IMERG.20250319-S060000-E062959.0360.V07B.HDF5,11.099999904632568,24.204999923706055,40.08499991893768,,2025-03-19 14:30:00+08:00
2025-03-19 06:30:00+00:00,2025-03-19 14:30:00+08:00,GPM_1.45_103.75,103.75,1.4499999284744263,8.84999942779541,4.424999713897705,3B-HHR.MS.MRG.3IMERG.20250319-S063000-E065959.0390.V07B.HDF5,8.5649995803833,26.214999675750732,42.30999958515167,,2025-03-19 15:00:00+08:00
2025-03-19 07:00:00+00:00,2025-03-19 15:00:00+08:00,GPM_1.45_103.75,103.75,1.4499999284744263,9.539999961853027,4.769999980926514,3B-HHR.MS.MRG.3IMERG.20250319-S070000-E072959.0420.V07B.HDF5,9.194999694824219,26.12999963760376,45.304999589920044,,2025-03-19 15:30:00+08:00
2025-03-19 07:30:00+00:00,2025-03-19 15:30:00+08:00,GPM_1.45_103.75,103.75,1.4499999284744263,5.799999713897705,2.8999998569488525,3B-HHR.MS.MRG.3IMERG.20250319-S073000-E075959.0450.V07B.HDF5,7.669999837875366,26.78999948501587,46.024999380111694,,2025-03-19 16:00:00+08:00
2025-03-19 08:00:00+00:00,2025-03-19 16:00:00+08:00,GPM_1.45_103.75,103.75,1.4499999284744263,7.440000057220459,3.7200000286102295,3B-HHR.MS.MRG.3IMERG.20250319-S080000-E082959.0480.V07B.HDF5,6.619999885559082,26.91499948501587,46.709999561309814,,2025-03-19 16:30:00+08:00
2025-03-19 08:30:00+00:00,2025-03-19 16:30:00+08:00,GPM_1.45_103.75,103.75,1.4499999284744263,8.929999351501465,4.464999675750732,3B-HHR.MS.MRG.3IMERG.20250319-S083000-E085959.0510.V07B.HDF5,8.184999704360962,24.41999912261963,48.089999198913574,,2025-03-19 17:00:00+08:00
2025-03-19 09:00:00+00:00,2025-03-19 17:00:00+08:00,GPM_1.45_103.75,103.75,1.4499999284744263,9.139999389648438,4.569999694824219,3B-HHR.MS.MRG.3IMERG.20250319-S090000-E092959.0540.V07B.HDF5,9.034999370574951,24.849998950958252,49.05499887466431,,2025-03-19 17:30:00+08:00
2025-03-19 09:30:00+00:00,2025-03-19 17:30:00+08:00,GPM_1.45_103.75,103.75,1.4499999284744263,8.800000190734863,4.400000095367432,3B-HHR.MS.MRG.3IMERG.20250319-S093000-E095959.0570.V07B.HDF5,8.96999979019165,24.82499933242798,51.03999900817871,,2025-03-19 18:00:00+08:00
2025-03-19 10:00:00+00:00,2025-03-19 18:00:00+08:00,GPM_1.45_103.75,103.75,1.4499999284744263,6.670000076293945,3.3350000381469727,3B-HHR.MS.MRG.3IMERG.20250319-S100000-E102959.0600.V07B.HDF5,7.735000133514404,23.389999389648438,49.5199990272522,,2025-03-19 18:30:00+08:00
2025-03-19 10:30:00+00:00,2025-03-19 18:30:00+08:00,GPM_1.45_103.75,103.75,1.4499999284744263,6.710000038146973,3.3550000190734863,3B-HHR.MS.MRG.3IMERG.20250319-S103000-E105959.0630.V07B.HDF5,6.690000057220459,23.84499955177307,50.63499903678894,,2025-03-19 19:00:00+08:00
2025-03-19 11:00:00+00:00,2025-03-19 19:00:00+08:00,GPM_1.45_103.75,103.75,1.4499999284744263,6.179999828338623,3.0899999141693115,3B-HHR.MS.MRG.3IMERG.20250319-S110000-E112959.0660.V07B.HDF5,6.444999933242798,23.214999437332153,50.12999892234802,,2025-03-19 19:30:00+08:00
2025-03-19 11:30:00+00:00,2025-03-19 19:30:00+08:00,GPM_1.45_103.75,103.75,1.4499999284744263,5.25,2.625,3B-HHR.MS.MRG.3IMERG.20250319-S113000-E115959.0690.V07B.HDF5,5.7149999141693115,21.37499976158142,45.79499888420105,,2025-03-19 20:00:00+08:00
2025-03-19 12:00:00+00:00,2025-03-19 20:00:00+08:00,GPM_1.45_103.75,103.75,1.4499999284744263,3.9700000286102295,1.9850000143051147,3B-HHR.MS.MRG.3IMERG.20250319-S120000-E122959.0720.V07B.HDF5,4.610000014305115,18.790000081062317,43.63999903202057,,2025-03-19 20:30:00+08:00
2025-03-19 12:30:00+00:00,2025-03-19 20:30:00+08:00,GPM_1.45_103.75,103.75,1.4499999284744263,5.009999752044678,2.504999876022339,3B-HHR.MS.MRG.3IMERG.20250319-S123000-E125959.0750.V07B.HDF5,4.489999890327454,16.894999861717224,41.7199991941452,,2025-03-19 21:00:00+08:00
2025-03-19 13:00:00+00:00,2025-03-19 21:00:00+08:00,GPM_1.45_103.75,103.75,1.4499999284744263,8.09000015258789,4.045000076293945,3B-HHR.MS.MRG.3IMERG.20250319-S130000-E132959.0780.V07B.HDF5,6.549999952316284,17.604999899864197,40.994999289512634,,2025-03-19 21:30:00+08:00
2025-03-19 13:30:00+00:00,2025-03-19 21:30:00+08:00,GPM_1.45_103.75,103.75,1.4499999284744263,4.289999961853027,2.1449999809265137,3B-HHR.MS.MRG.3IMERG.20250319-S133000-E135959.0810.V07B.HDF5,6.190000057220459,16.394999861717224,40.239999413490295,,2025-03-19 22:00:00+08:00
2025-03-19 14:00:00+00:00,2025-03-19 22:00:00+08:00,GPM_1.45_103.75,103.75,1.4499999284744263,6.519999980926514,3.259999990463257,3B-HHR.MS.MRG.3IMERG.20250319-S140000-E142959.0840.V07B.HDF5,5.4049999713897705,16.56499993801117,39.77999937534332,,2025-03-19 22:30:00+08:00
2025-03-19 14:30:00+00:00,2025-03-19 22:30:00+08:00,GPM_1.45_103.75,103.75,1.4499999284744263,4.159999847412109,2.0799999237060547,3B-HHR.MS.MRG.3IMERG.20250319-S143000-E145959.0870.V07B.HDF5,5.3399999141693115,16.019999861717224,37.394999623298645,,2025-03-19 23:00:00+08:00
2025-03-19 15:00:00+00:00,2025-03-19 23:00:00+08:00,GPM_1.45_103.75,103.75,1.4499999284744263,4.019999980926514,2.009999990463257,3B-HHR.MS.MRG.3IMERG.20250319-S150000-E152959.0900.V07B.HDF5,4.0899999141693115,16.044999837875366,34.83499991893768,,2025-03-19 23:30:00+08:00
2025-03-19 15:30:00+00:00,2025-03-19 23:30:00+08:00,GPM_1.45_103.75,103.75,1.4499999284744263,1.059999942779541,0.5299999713897705,3B-HHR.MS.MRG.3IMERG.20250319-S153000-E155959.0930.V07B.HDF5,2.5399999618530273,14.069999933242798,30.964999794960022,104.34499866515398,2025-03-20 00:00:00+08:00
2025-03-19 16:00:00+00:00,2025-03-20 00:00:00+08:00,GPM_1.45_103.75,103.75,1.4499999284744263,0.19999998807907104,0.09999999403953552,3B-HHR.MS.MRG.3IMERG.20250319-S160000-E162959.0960.V07B.HDF5,0.629999965429306,10.124999850988388,27.729999750852585,104.44499865919352,2025-03-20 00:30:00+08:00
2025-03-19 16:30:00+00:00,2025-03-20 00:30:00+08:00,GPM_1.45_103.75,103.75,1.4499999284744263,2.619999885559082,1.309999942779541,3B-HHR.MS.MRG.3IMERG.20250319-S163000-E165959.0990.V07B.HDF5,1.4099999368190765,9.289999812841415,25.68499967455864,105.59999860078096,2025-03-20 01:00:00+08:00
2025-03-19 17:00:00+00:00,2025-03-20 01:00:00+08:00,GPM_1.45_103.75,103.75,1.4499999284744263,3.4700000286102295,1.7350000143051147,3B-HHR.MS.MRG.3IMERG.20250319-S170000-E172959.1020.V07B.HDF5,3.0449999570846558,7.764999836683273,24.329999774694443,107.29499861598015,2025-03-20 01:30:00+08:00
2025-03-19 17:30:00+00:00,2025-03-20 01:30:00+08:00,GPM_1.45_103.75,103.75,1.4499999284744263,6.75,3.375,3B-HHR.MS.MRG.3IMERG.20250319-S173000-E175959.1050.V07B.HDF5,5.110000014305115,9.059999912977219,25.079999774694443,110.5949986204505,2025-03-20 02:00:00+08:00
2025-03-19 18:00:00+00:00,2025-03-20 02:00:00+08:00,GPM_1.45_103.75,103.75,1.4499999284744263,5.349999904632568,2.674999952316284,3B-HHR.MS.MRG.3IMERG.20250319-S180000-E182959.1080.V07B.HDF5,6.049999952316284,9.724999874830246,25.769999712705612,113.26999857276678,2025-03-20 02:30:00+08:00
2025-03-19 18:30:00+00:00,2025-03-20 02:30:00+08:00,GPM_1.45_103.75,103.75,1.4499999284744263,4.839999675750732,2.419999837875366,3B-HHR.MS.MRG.3IMERG.20250319-S183000-E185959.1110.V07B.HDF5,5.09499979019165,11.614999741315842,25.68499967455864,115.40999840945005,2025-03-20 03:00:00+08:00
2025-03-19 19:00:00+00:00,2025-03-20 03:00:00+08:00,GPM_1.45_103.75,103.75,1.4499999284744263,5.059999942779541,2.5299999713897705,3B-HHR.MS.MRG.3IMERG.20250319-S190000-E192959.1140.V07B.HDF5,4.949999809265137,14.044999718666077,24.169999569654465,117.79499838501215,2025-03-20 03:30:00+08:00
2025-03-19 19:30:00+00:00,2025-03-20 03:30:00+08:00,GPM_1.45_103.75,103.75,1.4499999284744263,6.299999713897705,3.1499998569488525,3B-HHR.MS.MRG.3IMERG.20250319-S193000-E195959.1170.V07B.HDF5,5.679999828338623,15.884999632835388,25.174999445676804,120.41999826580286,2025-03-20 04:00:00+08:00
2025-03-19 20:00:00+00:00,2025-03-20 04:00:00+08:00,GPM_1.45_103.75,103.75,1.4499999284744263,9.529999732971191,4.764999866485596,3B-HHR.MS.MRG.3IMERG.20250319-S200000-E202959.1200.V07B.HDF5,7.914999723434448,18.91499948501587,26.679999321699142,125.09999813139439,2025-03-20 04:30:00+08:00
2025-03-19 20:30:00+00:00,2025-03-20 04:30:00+08:00,GPM_1.45_103.75,103.75,1.4499999284744263,3.549999952316284,1.774999976158142,3B-HHR.MS.MRG.3IMERG.20250319-S203000-E205959.1230.V07B.HDF5,6.539999842643738,17.31499946117401,26.37499937415123,126.80999810993671,2025-03-20 05:00:00+08:00
2025-03-19 21:00:00+00:00,2025-03-20 05:00:00+08:00,GPM_1.45_103.75,103.75,1.4499999284744263,4.460000038146973,2.2300000190734863,3B-HHR.MS.MRG.3IMERG.20250319-S210000-E212959.1260.V07B.HDF5,4.004999995231628,16.869999527931213,26.59499940276146,128.794998139143,2025-03-20 05:30:00+08:00
2025-03-19 21:30:00+00:00,2025-03-20 05:30:00+08:00,GPM_1.45_103.75,103.75,1.4499999284744263,8.729999542236328,4.364999771118164,3B-HHR.MS.MRG.3IMERG.20250319-S213000-E215959.1290.V07B.HDF5,6.59499979019165,18.81499946117401,30.429999202489853,132.66999793052673,2025-03-20 06:00:00+08:00
2025-03-19 22:00:00+00:00,2025-03-20 06:00:00+08:00,GPM_1.45_103.75,103.75,1.4499999284744263,8.34000015258789,4.170000076293945,3B-HHR.MS.MRG.3IMERG.20250319-S220000-E222959.1320.V07B.HDF5,8.53499984741211,20.454999566078186,34.49999928474426,136.22999799251556,2025-03-20 06:30:00+08:00
2025-03-19 22:30:00+00:00,2025-03-20 06:30:00+08:00,GPM_1.45_103.75,103.75,1.4499999284744263,7.659999847412109,3.8299999237060547,3B-HHR.MS.MRG.3IMERG.20250319-S223000-E225959.1350.V07B.HDF5,8.0,21.134999632835388,37.019999265670776,139.85999792814255,2025-03-20 07:00:00+08:00
2025-03-19 23:00:00+00:00,2025-03-20 07:00:00+08:00,GPM_1.45_103.75,103.75,1.4499999284744263,7.799999713897705,3.8999998569488525,3B-HHR.MS.MRG.3IMERG.20250319-S230000-E232959.1380.V07B.HDF5,7.729999780654907,20.269999623298645,39.184999108314514,143.57499778270721,2025-03-20 07:30:00+08:00
2025-03-19 23:30:00+00:00,2025-03-20 07:30:00+08:00,GPM_1.45_103.75,103.75,1.4499999284744263,6.539999961853027,3.2699999809265137,3B-HHR.MS.MRG.3IMERG.20250319-S233000-E235959.1410.V07B.HDF5,7.169999837875366,21.764999628067017,39.07999908924103,146.56999775767326,2025-03-20 08:00:00+08:00
2025-03-20 00:00:00+00:00,2025-03-20 08:00:00+08:00,GPM_1.45_103.75,103.75,1.4499999284744263,17.979999542236328,8.989999771118164,3B-HHR.MS.MRG.3IMERG.20250320-S000000-E002959.0000.V07B.HDF5,12.259999752044678,28.524999380111694,45.39499890804291,154.88999757170677,2025-03-20 08:30:00+08:00
2025-03-20 00:30:00+00:00,2025-03-20 08:30:00+08:00,GPM_1.45_103.75,103.75,1.4499999284744263,8.84999942779541,4.424999713897705,3B-HHR.MS.MRG.3IMERG.20250320-S003000-E005959.0030.V07B.HDF5,13.41499948501587,28.584999322891235,47.39999878406525,157.11499723792076,2025-03-20 09:00:00+08:00
2025-03-20 01:00:00+00:00,2025-03-20 09:00:00+08:00,GPM_1.45_103.75,103.75,1.4499999284744263,17.520000457763672,8.760000228881836,3B-HHR.MS.MRG.3IMERG.20250320-S010000-E012959.0060.V07B.HDF5,13.184999942779541,33.174999475479126,53.62999904155731,164.09999749064445,2025-03-20 09:30:00+08:00
2025-03-20 01:30:00+00:00,2025-03-20 09:30:00+08:00,GPM_1.45_103.75,103.75,1.4499999284744263,9.479999542236328,4.739999771118164,3B-HHR.MS.MRG.3IMERG.20250320-S013000-E015959.0090.V07B.HDF5,13.5,34.084999322891235,55.21999895572662,166.65999719500542,2025-03-20 10:00:00+08:00
2025-03-20 02:00:00+00:00,2025-03-20 10:00:00+08:00,GPM_1.45_103.75,103.75,1.4499999284744263,8.670000076293945,4.335000038146973,3B-HHR.MS.MRG.3IMERG.20250320-S020000-E022959.0120.V07B.HDF5,9.074999809265137,34.519999504089355,54.789999127388,167.95999738574028,2025-03-20 10:30:00+08:00
2025-03-20 02:30:00+00:00,2025-03-20 10:30:00+08:00,GPM_1.45_103.75,103.75,1.4499999284744263,8.470000267028809,4.235000133514404,3B-HHR.MS.MRG.3IMERG.20250320-S023000-E025959.0150.V07B.HDF5,8.570000171661377,35.484999656677246,57.24999928474426,169.1099974811077,2025-03-20 11:00:00+08:00
2025-03-20 03:00:00+00:00,2025-03-20 11:00:00+08:00,GPM_1.45_103.75,103.75,1.4499999284744263,7.769999980926514,3.884999990463257,3B-HHR.MS.MRG.3IMERG.20250320-S030000-E032959.0180.V07B.HDF5,8.120000123977661,30.37999987602234,58.90499925613403,169.38999745249748,2025-03-20 11:30:00+08:00
2025-03-20 03:30:00+00:00,2025-03-20 11:30:00+08:00,GPM_1.45_103.75,103.75,1.4499999284744263,7.029999732971191,3.5149998664855957,3B-HHR.MS.MRG.3IMERG.20250320-S033000-E035959.0210.V07B.HDF5,7.3999998569488525,29.47000002861023,58.054999351501465,170.48999735713005,2025-03-20 12:00:00+08:00
2025-03-20 04:00:00+00:00,2025-03-20 12:00:00+08:00,GPM_1.45_103.75,103.75,1.4499999284744263,5.159999847412109,2.5799999237060547,3B-HHR.MS.MRG.3IMERG.20250320-S040000-E042959.0240.V07B.HDF5,6.09499979019165,23.28999972343445,56.464999198913574,168.21499726176262,2025-03-20 12:30:00+08:00
2025-03-20 04:30:00+00:00,2025-03-20 12:30:00+08:00,GPM_1.45_103.75,103.75,1.4499999284744263,5.650000095367432,2.825000047683716,3B-HHR.MS.MRG.3IMERG.20250320-S043000-E045959.0270.V07B.HDF5,5.4049999713897705,21.375,55.459999322891235,168.7999972999096,2025-03-20 13:00:00+08:00
2025-03-20 05:00:00+00:00,2025-03-20 13:00:00+08:00,GPM_1.45_103.75,103.75,1.4499999284744263,6.589999675750732,3.294999837875366,3B-HHR.MS.MRG.3IMERG.20250320-S050000-E052959.0300.V07B.HDF5,6.119999885559082,20.334999799728394,54.85499930381775,168.49999710917473,2025-03-20 13:30:00+08:00
2025-03-20 05:30:00+00:00,2025-03-20 13:30:00+08:00,GPM_1.45_103.75,103.75,1.4499999284744263,9.069999694824219,4.534999847412109,3B-HHR.MS.MRG.3IMERG.20250320-S053000-E055959.0330.V07B.HDF5,7.829999685287476,20.6349995136261,56.119999170303345,166.07499691843987,2025-03-20 14:00:00+08:00
2025-03-20 06:00:00+00:00,2025-03-20 14:00:00+08:00,GPM_1.45_103.75,103.75,1.4499999284744263,9.019999504089355,4.509999752044678,3B-HHR.MS.MRG.3IMERG.20250320-S060000-E062959.0360.V07B.HDF5,9.044999599456787,21.25999927520752,51.63999915122986,166.44499680399895,2025-03-20 14:30:00+08:00
2025-03-20 06:30:00+00:00,2025-03-20 14:30:00+08:00,GPM_1.45_103.75,103.75,1.4499999284744263,9.039999961853027,4.519999980926514,3B-HHR.MS.MRG.3IMERG.20250320-S063000-E065959.0390.V07B.HDF5,9.029999732971191,22.264999389648438,51.73499941825867,166.53999707102776,2025-03-20 15:00:00+08:00
2025-03-20 07:00:00+00:00,2025-03-20 15:00:00+08:00,GPM_1.45_103.75,103.75,1.4499999284744263,7.509999752044678,3.754999876022339,3B-HHR.MS.MRG.3IMERG.20250320-S070000-E072959.0420.V07B.HDF5,8.274999856948853,23.43999934196472,46.72999906539917,165.52499696612358,2025-03-20 15:30:00+08:00
2025-03-20 07:30:00+00:00,2025-03-20 15:30:00+08:00,GPM_1.45_103.75,103.75,1.4499999284744263,6.96999979019165,3.484999895095825,3B-HHR.MS.MRG.3IMERG.20250320-S073000-E075959.0450.V07B.HDF5,7.239999771118164,24.09999918937683,45.47499918937683,166.10999700427055,2025-03-20 16:00:00+08:00
2025-03-20 08:00:00+00:00,2025-03-20 16:00:00+08:00,GPM_1.45_103.75,103.75,1.4499999284744263,9.889999389648438,4.944999694824219,3B-HHR.MS.MRG.3IMERG.20250320-S080000-E082959.0480.V07B.HDF5,8.429999589920044,25.749999046325684,46.08499884605408,167.33499667048454,2025-03-20 16:30:00+08:00
2025-03-20 08:30:00+00:00,2025-03-20 16:30:00+08:00,GPM_1.45_103.75,103.75,1.4499999284744263,8.15999984741211,4.079999923706055,3B-HHR.MS.MRG.3IMERG.20250320-S083000-E085959.0510.V07B.HDF5,9.024999618530273,25.29499912261963,45.92999863624573,166.94999691843987,2025-03-20 17:00:00+08:00
2025-03-20 09:00:00+00:00,2025-03-20 17:00:00+08:00,GPM_1.45_103.75,103.75,1.4499999284744263,7.619999885559082,3.809999942779541,3B-HHR.MS.MRG.3IMERG.20250320-S090000-E092959.0540.V07B.HDF5,7.889999866485596,24.594999313354492,45.85499858856201,166.1899971663952,2025-03-20 17:30:00+08:00
2025-03-20 09:30:00+00:00,2025-03-20 17:30:00+08:00,GPM_1.45_103.75,103.75,1.4499999284744263,5.549999713897705,2.7749998569488525,3B-HHR.MS.MRG.3IMERG.20250320-S093000-E095959.0570.V07B.HDF5,6.5849997997283936,22.84999918937683,45.11499857902527,164.5649969279766,2025-03-20 18:00:00+08:00
2025-03-20 10:00:00+00:00,2025-03-20 18:00:00+08:00,GPM_1.45_103.75,103.75,1.4499999284744263,10.510000228881836,5.255000114440918,3B-HHR.MS.MRG.3IMERG.20250320-S100000-E102959.0600.V07B.HDF5,8.02999997138977,24.34999942779541,47.78999876976013,166.48499700427055,2025-03-20 18:30:00+08:00
2025-03-20 10:30:00+00:00,2025-03-20 18:30:00+08:00,GPM_1.45_103.75,103.75,1.4499999284744263,6.929999828338623,3.4649999141693115,3B-HHR.MS.MRG.3IMERG.20250320-S103000-E105959.0630.V07B.HDF5,8.72000002861023,24.329999446868896,48.42999863624573,166.59499689936638,2025-03-20 19:00:00+08:00
2025-03-20 11:00:00+00:00,2025-03-20 19:00:00+08:00,GPM_1.45_103.75,103.75,1.4499999284744263,3.8299999237060547,1.9149999618530273,3B-HHR.MS.MRG.3IMERG.20250320-S110000-E112959.0660.V07B.HDF5,5.379999876022339,21.299999713897705,47.04999876022339,165.4199969470501,2025-03-20 19:30:00+08:00
2025-03-20 11:30:00+00:00,2025-03-20 19:30:00+08:00,GPM_1.45_103.75,103.75,1.4499999284744263,3.8399999141693115,1.9199999570846558,3B-HHR.MS.MRG.3IMERG.20250320-S113000-E115959.0690.V07B.HDF5,3.834999918937683,19.139999747276306,44.434998869895935,164.71499690413475,2025-03-20 20:00:00+08:00
2025-03-20 12:00:00+00:00,2025-03-20 20:00:00+08:00,GPM_1.45_103.75,103.75,1.4499999284744263,3.68999981880188,1.84499990940094,3B-HHR.MS.MRG.3IMERG.20250320-S120000-E122959.0720.V07B.HDF5,3.7649998664855957,17.174999713897705,41.7699990272522,164.57499679923058,2025-03-20 20:30:00+08:00
2025-03-20 12:30:00+00:00,2025-03-20 20:30:00+08:00,GPM_1.45_103.75,103.75,1.4499999284744263,3.7200000286102295,1.8600000143051147,3B-HHR.MS.MRG.3IMERG.20250320-S123000-E125959.0750.V07B.HDF5,3.7049999237060547,16.259999871253967,39.1099990606308,163.92999693751335,2025-03-20 21:00:00+08:00
2025-03-20 13:00:00+00:00,2025-03-20 21:00:00+08:00,GPM_1.45_103.75,103.75,1.4499999284744263,2.25,1.125,3B-HHR.MS.MRG.3IMERG.20250320-S130000-E132959.0780.V07B.HDF5,2.9850000143051147,12.12999975681305,36.47999918460846,161.0099968612194,2025-03-20 21:30:00+08:00
2025-03-20 13:30:00+00:00,2025-03-20 21:30:00+08:00,GPM_1.45_103.75,103.75,1.4499999284744263,3.4099998474121094,1.7049999237060547,3B-HHR.MS.MRG.3IMERG.20250320-S133000-E135959.0810.V07B.HDF5,2.8299999237060547,10.369999766349792,34.69999921321869,160.56999680399895,2025-03-20 22:00:00+08:00
2025-03-20 14:00:00+00:00,2025-03-20 22:00:00+08:00,GPM_1.45_103.75,103.75,1.4499999284744263,4.009999752044678,2.004999876022339,3B-HHR.MS.MRG.3IMERG.20250320-S140000-E142959.0840.V07B.HDF5,3.7099997997283936,10.459999680519104,31.75999939441681,159.31499668955803,2025-03-20 22:30:00+08:00
2025-03-20 14:30:00+00:00,2025-03-20 22:30:00+08:00,GPM_1.45_103.75,103.75,1.4499999284744263,4.230000019073486,2.115000009536743,3B-HHR.MS.MRG.3IMERG.20250320-S143000-E145959.0870.V07B.HDF5,4.119999885559082,10.654999732971191,29.794999480247498,159.34999677538872,2025-03-20 23:00:00+08:00
2025-03-20 15:00:00+00:00,2025-03-20 23:00:00+08:00,GPM_1.45_103.75,103.75,1.4499999284744263,4.259999752044678,2.129999876022339,3B-HHR.MS.MRG.3IMERG.20250320-S150000-E152959.0900.V07B.HDF5,4.244999885559082,10.93999969959259,28.114999413490295,159.4699966609478,2025-03-20 23:30:00+08:00
2025-03-20 15:30:00+00:00,2025-03-20 23:30:00+08:00,GPM_1.45_103.75,103.75,1.4499999284744263,4.449999809265137,2.2249999046325684,3B-HHR.MS.MRG.3IMERG.20250320-S153000-E155959.0930.V07B.HDF5,4.354999780654907,11.304999589920044,27.56499946117401,161.1649965941906,2025-03-21 00:00:00+08:00
2025-03-20 16:00:00+00:00,2025-03-21 00:00:00+08:00,GPM_1.45_103.75,103.75,1.4499999284744263,3.18999981880188,1.59499990940094,3B-HHR.MS.MRG.3IMERG.20250320-S160000-E162959.0960.V07B.HDF5,3.8199998140335083,11.774999499320984,23.904999256134033,162.659996509552,2025-03-21 00:30:00+08:00
2025-03-20 16:30:00+00:00,2025-03-21 00:30:00+08:00,GPM_1.45_103.75,103.75,1.4499999284744263,1.909999966621399,0.9549999833106995,3B-HHR.MS.MRG.3IMERG.20250320-S163000-E165959.0990.V07B.HDF5,2.5499998927116394,11.024999558925629,21.39499932527542,162.30499655008316,2025-03-21 01:00:00+08:00
2025-03-20 17:00:00+00:00,2025-03-21 01:00:00+08:00,GPM_1.45_103.75,103.75,1.4499999284744263,0.7999999523162842,0.3999999761581421,3B-HHR.MS.MRG.3IMERG.20250320-S170000-E172959.1020.V07B.HDF5,1.3549999594688416,9.419999659061432,19.879999339580536,160.9699965119362,2025-03-21 01:30:00+08:00
2025-03-20 17:30:00+00:00,2025-03-21 01:30:00+08:00,GPM_1.45_103.75,103.75,1.4499999284744263,1.5099999904632568,0.7549999952316284,3B-HHR.MS.MRG.3IMERG.20250320-S173000-E175959.1050.V07B.HDF5,1.1549999713897705,8.059999644756317,18.71499937772751,158.34999650716782,2025-03-21 02:00:00+08:00
2025-03-20 18:00:00+00:00,2025-03-21 02:00:00+08:00,GPM_1.45_103.75,103.75,1.4499999284744263,0.7999999523162842,0.3999999761581421,3B-HHR.MS.MRG.3IMERG.20250320-S180000-E182959.1080.V07B.HDF5,1.1549999713897705,6.32999974489212,17.26999944448471,156.07499653100967,2025-03-21 02:30:00+08:00
2025-03-20 18:30:00+00:00,2025-03-21 02:30:00+08:00,GPM_1.45_103.75,103.75,1.4499999284744263,0.7299999594688416,0.3649999797344208,3B-HHR.MS.MRG.3IMERG.20250320-S183000-E185959.1110.V07B.HDF5,0.7649999558925629,4.469999819993973,15.774999409914017,154.01999667286873,2025-03-21 03:00:00+08:00
2025-03-20 19:00:00+00:00,2025-03-21 03:00:00+08:00,GPM_1.45_103.75,103.75,1.4499999284744263,2.2200000286102295,1.1100000143051147,3B-HHR.MS.MRG.3IMERG.20250320-S190000-E192959.1140.V07B.HDF5,1.4749999940395355,3.9849999248981476,15.759999424219131,152.59999671578407,2025-03-21 03:30:00+08:00
2025-03-20 19:30:00+00:00,2025-03-21 03:30:00+08:00,GPM_1.45_103.75,103.75,1.4499999284744263,0.5199999809265137,0.25999999046325684,3B-HHR.MS.MRG.3IMERG.20250320-S193000-E195959.1170.V07B.HDF5,1.3700000047683716,3.289999932050705,14.314999490976334,149.70999684929848,2025-03-21 04:00:00+08:00
2025-03-20 20:00:00+00:00,2025-03-21 04:00:00+08:00,GPM_1.45_103.75,103.75,1.4499999284744263,0.550000011920929,0.2750000059604645,3B-HHR.MS.MRG.3IMERG.20250320-S200000-E202959.1200.V07B.HDF5,0.5349999964237213,3.1649999618530273,12.58499962091446,145.21999698877335,2025-03-21 04:30:00+08:00
2025-03-20 20:30:00+00:00,2025-03-21 04:30:00+08:00,GPM_1.45_103.75,103.75,1.4499999284744263,1.8199999332427979,0.9099999666213989,3B-HHR.MS.MRG.3IMERG.20250320-S203000-E205959.1230.V07B.HDF5,1.1849999725818634,3.319999933242798,11.379999577999115,144.3549969792366,2025-03-21 05:00:00+08:00
2025-03-20 21:00:00+00:00,2025-03-21 05:00:00+08:00,GPM_1.45_103.75,103.75,1.4499999284744263,4.650000095367432,2.325000047683716,3B-HHR.MS.MRG.3IMERG.20250320-S210000-E212959.1260.V07B.HDF5,3.2350000143051147,5.245000004768372,11.574999749660492,144.44999700784683,2025-03-21 05:30:00+08:00
2025-03-20 21:30:00+00:00,2025-03-21 05:30:00+08:00,GPM_1.45_103.75,103.75,1.4499999284744263,0.3199999928474426,0.1599999964237213,3B-HHR.MS.MRG.3IMERG.20250320-S213000-E215959.1290.V07B.HDF5,2.485000044107437,5.040000021457672,9.509999841451645,140.2449972331524,2025-03-21 06:00:00+08:00
2025-03-20 22:00:00+00:00,2025-03-21 06:00:00+08:00,GPM_1.45_103.75,103.75,1.4499999284744263,0.0,0.0,3B-HHR.MS.MRG.3IMERG.20250320-S220000-E222959.1320.V07B.HDF5,0.1599999964237213,3.9300000071525574,7.914999932050705,136.07499715685844,2025-03-21 06:30:00+08:00
2025-03-20 22:30:00+00:00,2025-03-21 06:30:00+08:00,GPM_1.45_103.75,103.75,1.4499999284744263,0.0,0.0,3B-HHR.MS.MRG.3IMERG.20250320-S223000-E225959.1350.V07B.HDF5,0.0,3.6700000166893005,6.9599999487400055,132.2449972331524,2025-03-21 07:00:00+08:00
2025-03-20 23:00:00+00:00,2025-03-21 07:00:00+08:00,GPM_1.45_103.75,103.75,1.4499999284744263,0.0,0.0,3B-HHR.MS.MRG.3IMERG.20250320-S230000-E232959.1380.V07B.HDF5,0.0,3.395000010728836,6.559999972581863,128.34499737620354,2025-03-21 07:30:00+08:00
2025-03-20 23:30:00+00:00,2025-03-21 07:30:00+08:00,GPM_1.45_103.75,103.75,1.4499999284744263,0.1899999976158142,0.0949999988079071,3B-HHR.MS.MRG.3IMERG.20250320-S233000-E235959.1410.V07B.HDF5,0.0949999988079071,2.5800000429153442,5.899999976158142,125.16999739408493,2025-03-21 08:00:00+08:00
2025-03-21 00:00:00+00:00,2025-03-21 08:00:00+08:00,GPM_1.45_103.75,103.75,1.4499999284744263,0.1599999964237213,0.07999999821186066,3B-HHR.MS.MRG.3IMERG.20250321-S000000-E002959.0000.V07B.HDF5,0.17499999701976776,0.3349999934434891,5.579999998211861,116.25999762117863,2025-03-21 08:30:00+08:00
2025-03-21 00:30:00+00:00,2025-03-21 08:30:00+08:00,GPM_1.45_103.75,103.75,1.4499999284744263,0.0,0.0,3B-HHR.MS.MRG.3IMERG.20250321-S003000-E005959.0030.V07B.HDF5,0.07999999821186066,0.17499999701976776,5.21500001847744,111.83499790728092,2025-03-21 09:00:00+08:00
2025-03-21 01:00:00+00:00,2025-03-21 09:00:00+08:00,GPM_1.45_103.75,103.75,1.4499999284744263,0.0,0.0,3B-HHR.MS.MRG.3IMERG.20250321-S010000-E012959.0060.V07B.HDF5,0.0,0.17499999701976776,4.105000004172325,103.07499767839909,2025-03-21 09:30:00+08:00
2025-03-21 01:30:00+00:00,2025-03-21 09:30:00+08:00,GPM_1.45_103.75,103.75,1.4499999284744263,0.0,0.0,3B-HHR.MS.MRG.3IMERG.20250321-S013000-E015959.0090.V07B.HDF5,0.0,0.17499999701976776,3.8450000137090683,98.33499790728092,2025-03-21 10:00:00+08:00
2025-03-21 02:00:00+00:00,2025-03-21 10:00:00+08:00,GPM_1.45_103.75,103.75,1.4499999284744263,0.0,0.0,3B-HHR.MS.MRG.3IMERG.20250321-S020000-E022959.0120.V07B.HDF5,0.0,0.17499999701976776,3.570000007748604,93.99999786913395,2025-03-21 10:30:00+08:00
2025-03-21 02:30:00+00:00,2025-03-21 10:30:00+08:00,GPM_1.45_103.75,103.75,1.4499999284744263,0.32999998331069946,0.16499999165534973,3B-HHR.MS.MRG.3IMERG.20250321-S023000-E025959.0150.V07B.HDF5,0.16499999165534973,0.2449999898672104,2.8250000327825546,89.9299977272749,2025-03-21 11:00:00+08:00
2025-03-21 03:00:00+00:00,2025-03-21 11:00:00+08:00,GPM_1.45_103.75,103.75,1.4499999284744263,0.17000000178813934,0.08500000089406967,3B-HHR.MS.MRG.3IMERG.20250321-S030000-E032959.0180.V07B.HDF5,0.2499999925494194,0.2499999925494194,0.5849999859929085,86.12999773770571,2025-03-21 11:30:00+08:00
2025-03-21 03:30:00+00:00,2025-03-21 11:30:00+08:00,GPM_1.45_103.75,103.75,1.4499999284744263,0.07999999821186066,0.03999999910593033,3B-HHR.MS.MRG.3IMERG.20250321-S033000-E035959.0210.V07B.HDF5,0.125,0.28999999165534973,0.4649999886751175,82.65499787032604,2025-03-21 12:00:00+08:00
2025-03-21 04:00:00+00:00,2025-03-21 12:00:00+08:00,GPM_1.45_103.75,103.75,1.4499999284744263,0.17000000178813934,0.08500000089406967,3B-HHR.MS.MRG.3IMERG.20250321-S040000-E042959.0240.V07B.HDF5,0.125,0.3749999925494194,0.5499999895691872,80.15999794751406,2025-03-21 12:30:00+08:00
2025-03-21 04:30:00+00:00,2025-03-21 12:30:00+08:00,GPM_1.45_103.75,103.75,1.4499999284744263,0.20999999344348907,0.10499999672174454,3B-HHR.MS.MRG.3IMERG.20250321-S043000-E045959.0270.V07B.HDF5,0.1899999976158142,0.47999998927116394,0.6549999862909317,77.43999789655209,2025-03-21 13:00:00+08:00
2025-03-21 05:00:00+00:00,2025-03-21 13:00:00+08:00,GPM_1.45_103.75,103.75,1.4499999284744263,0.3799999952316284,0.1899999976158142,3B-HHR.MS.MRG.3IMERG.20250321-S050000-E052959.0300.V07B.HDF5,0.29499999433755875,0.6699999868869781,0.8449999839067459,74.33499805629253,2025-03-21 13:30:00+08:00
2025-03-21 05:30:00+00:00,2025-03-21 13:30:00+08:00,GPM_1.45_103.75,103.75,1.4499999284744263,0.7199999690055847,0.35999998450279236,3B-HHR.MS.MRG.3IMERG.20250321-S053000-E055959.0330.V07B.HDF5,0.5499999821186066,0.8649999797344208,1.1099999696016312,70.15999819338322,2025-03-21 14:00:00+08:00
2025-03-21 06:00:00+00:00,2025-03-21 14:00:00+08:00,GPM_1.45_103.75,103.75,1.4499999284744263,0.4399999976158142,0.2199999988079071,3B-HHR.MS.MRG.3IMERG.20250321-S060000-E062959.0360.V07B.HDF5,0.5799999833106995,0.9999999776482582,1.2499999701976776,65.86999844014645,2025-03-21 14:30:00+08:00
2025-03-21 06:30:00+00:00,2025-03-21 14:30:00+08:00,GPM_1.45_103.75,103.75,1.4499999284744263,0.22999998927116394,0.11499999463558197,3B-HHR.MS.MRG.3IMERG.20250321-S063000-E065959.0390.V07B.HDF5,0.3349999934434891,1.0749999731779099,1.3649999648332596,61.464998453855515,2025-03-21 15:00:00+08:00
2025-03-21 07:00:00+00:00,2025-03-21 15:00:00+08:00,GPM_1.45_103.75,103.75,1.4499999284744263,0.0,0.0,3B-HHR.MS.MRG.3IMERG.20250321-S070000-E072959.0420.V07B.HDF5,0.11499999463558197,0.9899999722838402,1.3649999648332596,57.709998577833176,2025-03-21 15:30:00+08:00
2025-03-21 07:30:00+00:00,2025-03-21 15:30:00+08:00,GPM_1.45_103.75,103.75,1.4499999284744263,0.07000000029802322,0.03500000014901161,3B-HHR.MS.MRG.3IMERG.20250321-S073000-E075959.0450.V07B.HDF5,0.03500000014901161,0.9199999757111073,1.3999999649822712,54.25999868288636,2025-03-21 16:00:00+08:00
2025-03-21 08:00:00+00:00,2025-03-21 16:00:00+08:00,GPM_1.45_103.75,103.75,1.4499999284744263,0.9899999499320984,0.4949999749660492,3B-HHR.MS.MRG.3IMERG.20250321-S080000-E082959.0480.V07B.HDF5,0.5299999751150608,1.2249999530613422,1.8949999399483204,49.80999896302819,2025-03-21 16:30:00+08:00
2025-03-21 08:30:00+00:00,2025-03-21 16:30:00+08:00,GPM_1.45_103.75,103.75,1.4499999284744263,1.1899999380111694,0.5949999690055847,3B-HHR.MS.MRG.3IMERG.20250321-S083000-E085959.0510.V07B.HDF5,1.089999943971634,1.4599999375641346,2.3249999172985554,46.32499900832772,2025-03-21 17:00:00+08:00
2025-03-21 09:00:00+00:00,2025-03-21 17:00:00+08:00,GPM_1.45_103.75,103.75,1.4499999284744263,0.32999998331069946,0.16499999165534973,3B-HHR.MS.MRG.3IMERG.20250321-S090000-E092959.0540.V07B.HDF5,0.7599999606609344,1.4049999304115772,2.4049999080598354,42.67999905720353,2025-03-21 17:30:00+08:00
2025-03-21 09:30:00+00:00,2025-03-21 17:30:00+08:00,GPM_1.45_103.75,103.75,1.4499999284744263,1.1799999475479126,0.5899999737739563,3B-HHR.MS.MRG.3IMERG.20250321-S093000-E095959.0570.V07B.HDF5,0.754999965429306,1.8799999095499516,2.9549998827278614,40.494999174028635,2025-03-21 18:00:00+08:00
2025-03-21 10:00:00+00:00,2025-03-21 18:00:00+08:00,GPM_1.45_103.75,103.75,1.4499999284744263,0.4399999976158142,0.2199999988079071,3B-HHR.MS.MRG.3IMERG.20250321-S100000-E102959.0600.V07B.HDF5,0.8099999725818634,2.0999999083578587,3.089999880641699,35.459999058395624,2025-03-21 18:30:00+08:00
2025-03-21 10:30:00+00:00,2025-03-21 18:30:00+08:00,GPM_1.45_103.75,103.75,1.4499999284744263,0.429999977350235,0.2149999886751175,3B-HHR.MS.MRG.3IMERG.20250321-S103000-E105959.0630.V07B.HDF5,0.4349999874830246,2.2799998968839645,3.199999872595072,32.20999913290143,2025-03-21 19:00:00+08:00
2025-03-21 11:00:00+00:00,2025-03-21 19:00:00+08:00,GPM_1.45_103.75,103.75,1.4499999284744263,0.5299999713897705,0.26499998569488525,3B-HHR.MS.MRG.3IMERG.20250321-S110000-E112959.0660.V07B.HDF5,0.47999997437000275,2.0499999076128006,3.274999860674143,30.559999156743288,2025-03-21 19:30:00+08:00
2025-03-21 11:30:00+00:00,2025-03-21 19:30:00+08:00,GPM_1.45_103.75,103.75,1.4499999284744263,0.22999998927116394,0.11499999463558197,3B-HHR.MS.MRG.3IMERG.20250321-S113000-E115959.0690.V07B.HDF5,0.3799999803304672,1.5699999332427979,3.0299998708069324,28.754999194294214,2025-03-21 20:00:00+08:00
2025-03-21 12:00:00+00:00,2025-03-21 20:00:00+08:00,GPM_1.45_103.75,103.75,1.4499999284744263,0.7599999904632568,0.3799999952316284,3B-HHR.MS.MRG.3IMERG.20250321-S120000-E122959.0720.V07B.HDF5,0.4949999898672104,1.7849999368190765,3.1899998672306538,27.289999280124903,2025-03-21 20:30:00+08:00
2025-03-21 12:30:00+00:00,2025-03-21 20:30:00+08:00,GPM_1.45_103.75,103.75,1.4499999284744263,0.4699999988079071,0.23499999940395355,3B-HHR.MS.MRG.3IMERG.20250321-S123000-E125959.0750.V07B.HDF5,0.614999994635582,1.4299999624490738,3.3099998719990253,25.66499926522374,2025-03-21 21:00:00+08:00
2025-03-21 13:00:00+00:00,2025-03-21 21:00:00+08:00,GPM_1.45_103.75,103.75,1.4499999284744263,0.7099999785423279,0.35499998927116394,3B-HHR.MS.MRG.3IMERG.20250321-S130000-E132959.0780.V07B.HDF5,0.5899999886751175,1.5649999529123306,3.6649998612701893,24.894999254494905,2025-03-21 21:30:00+08:00
2025-03-21 13:30:00+00:00,2025-03-21 21:30:00+08:00,GPM_1.45_103.75,103.75,1.4499999284744263,0.8999999761581421,0.44999998807907104,3B-HHR.MS.MRG.3IMERG.20250321-S133000-E135959.0810.V07B.HDF5,0.804999977350235,1.7999999523162842,4.079999849200249,23.639999318867922,2025-03-21 22:00:00+08:00
2025-03-21 14:00:00+00:00,2025-03-21 22:00:00+08:00,GPM_1.45_103.75,103.75,1.4499999284744263,1.2999999523162842,0.6499999761581421,3B-HHR.MS.MRG.3IMERG.20250321-S140000-E142959.0840.V07B.HDF5,1.0999999642372131,2.184999942779541,4.234999850392342,22.284999419003725,2025-03-21 22:30:00+08:00
2025-03-21 14:30:00+00:00,2025-03-21 22:30:00+08:00,GPM_1.45_103.75,103.75,1.4499999284744263,1.1200000047683716,0.5600000023841858,3B-HHR.MS.MRG.3IMERG.20250321-S143000-E145959.0870.V07B.HDF5,1.2099999785423279,2.629999950528145,4.199999883770943,20.729999411851168,2025-03-21 23:00:00+08:00
2025-03-21 15:00:00+00:00,2025-03-21 23:00:00+08:00,GPM_1.45_103.75,103.75,1.4499999284744263,1.959999918937683,0.9799999594688416,3B-HHR.MS.MRG.3IMERG.20250321-S150000-E152959.0900.V07B.HDF5,1.5399999618530273,3.229999914765358,5.0149998515844345,19.57999949529767,2025-03-21 23:30:00+08:00
2025-03-21 15:30:00+00:00,2025-03-21 23:30:00+08:00,GPM_1.45_103.75,103.75,1.4499999284744263,2.549999952316284,1.274999976158142,3B-HHR.MS.MRG.3IMERG.20250321-S153000-E155959.0930.V07B.HDF5,2.2549999356269836,4.2699998915195465,5.69999985396862,18.629999566823244,2025-03-22 00:00:00+08:00
2025-03-18 16:00:00+00:00,2025-03-19 00:00:00+08:00,GPM_1.45_103.85,103.8499984741211,1.4499999284744263,0.0,0.0,3B-HHR.MS.MRG.3IMERG.20250318-S160000-E162959.0960.V07B.HDF5,,,,,2025-03-19 00:30:00+08:00
2025-03-18 16:30:00+00:00,2025-03-19 00:30:00+08:00,GPM_1.45_103.85,103.8499984741211,1.4499999284744263,2.549999952316284,1.274999976158142,3B-HHR.MS.MRG.3IMERG.20250318-S163000-E165959.0990.V07B.HDF5,1.274999976158142,,,,2025-03-19 01:00:00+08:00
2025-03-18 17:00:00+00:00,2025-03-19 01:00:00+08:00,GPM_1.45_103.85,103.8499984741211,1.4499999284744263,0.04999999701976776,0.02499999850988388,3B-HHR.MS.MRG.3IMERG.20250318-S170000-E172959.1020.V07B.HDF5,1.299999974668026,,,,2025-03-19 01:30:00+08:00
2025-03-18 17:30:00+00:00,2025-03-19 01:30:00+08:00,GPM_1.45_103.85,103.8499984741211,1.4499999284744263,0.14999999105930328,0.07499999552965164,3B-HHR.MS.MRG.3IMERG.20250318-S173000-E175959.1050.V07B.HDF5,0.09999999403953552,,,,2025-03-19 02:00:00+08:00
2025-03-18 18:00:00+00:00,2025-03-19 02:00:00+08:00,GPM_1.45_103.85,103.8499984741211,1.4499999284744263,0.41999998688697815,0.20999999344348907,3B-HHR.MS.MRG.3IMERG.20250318-S180000-E182959.1080.V07B.HDF5,0.2849999889731407,,,,2025-03-19 02:30:00+08:00
2025-03-18 18:30:00+00:00,2025-03-19 02:30:00+08:00,GPM_1.45_103.85,103.8499984741211,1.4499999284744263,0.28999999165534973,0.14499999582767487,3B-HHR.MS.MRG.3IMERG.20250318-S183000-E185959.1110.V07B.HDF5,0.35499998927116394,1.7299999594688416,,,2025-03-19 03:00:00+08:00
2025-03-18 19:00:00+00:00,2025-03-19 03:00:00+08:00,GPM_1.45_103.85,103.8499984741211,1.4499999284744263,0.9599999785423279,0.47999998927116394,3B-HHR.MS.MRG.3IMERG.20250318-S190000-E192959.1140.V07B.HDF5,0.6249999850988388,2.2099999487400055,,,2025-03-19 03:30:00+08:00
2025-03-18 19:30:00+00:00,2025-03-19 03:30:00+08:00,GPM_1.45_103.85,103.8499984741211,1.4499999284744263,0.4899999797344208,0.2449999898672104,3B-HHR.MS.MRG.3IMERG.20250318-S193000-E195959.1170.V07B.HDF5,0.7249999791383743,1.1799999624490738,,,2025-03-19 04:00:00+08:00
2025-03-18 20:00:00+00:00,2025-03-19 04:00:00+08:00,GPM_1.45_103.85,103.8499984741211,1.4499999284744263,0.1599999964237213,0.07999999821186066,3B-HHR.MS.MRG.3IMERG.20250318-S200000-E202959.1200.V07B.HDF5,0.32499998807907104,1.2349999621510506,,,2025-03-19 04:30:00+08:00
2025-03-18 20:30:00+00:00,2025-03-19 04:30:00+08:00,GPM_1.45_103.85,103.8499984741211,1.4499999284744263,0.0,0.0,3B-HHR.MS.MRG.3IMERG.20250318-S203000-E205959.1230.V07B.HDF5,0.07999999821186066,1.159999966621399,,,2025-03-19 05:00:00+08:00
2025-03-18 21:00:00+00:00,2025-03-19 05:00:00+08:00,GPM_1.45_103.85,103.8499984741211,1.4499999284744263,0.28999999165534973,0.14499999582767487,3B-HHR.MS.MRG.3IMERG.20250318-S210000-E212959.1260.V07B.HDF5,0.14499999582767487,1.0949999690055847,,,2025-03-19 05:30:00+08:00
2025-03-18 21:30:00+00:00,2025-03-19 05:30:00+08:00,GPM_1.45_103.85,103.8499984741211,1.4499999284744263,1.3600000143051147,0.6800000071525574,3B-HHR.MS.MRG.3IMERG.20250318-S213000-E215959.1290.V07B.HDF5,0.8250000029802322,1.6299999803304672,3.3599999397993088,,2025-03-19 06:00:00+08:00
2025-03-18 22:00:00+00:00,2025-03-19 06:00:00+08:00,GPM_1.45_103.85,103.8499984741211,1.4499999284744263,1.1799999475479126,0.5899999737739563,3B-HHR.MS.MRG.3IMERG.20250318-S220000-E222959.1320.V07B.HDF5,1.2699999809265137,1.7399999648332596,3.949999913573265,,2025-03-19 06:30:00+08:00
2025-03-18 22:30:00+00:00,2025-03-19 06:30:00+08:00,GPM_1.45_103.85,103.8499984741211,1.4499999284744263,0.4899999797344208,0.2449999898672104,3B-HHR.MS.MRG.3IMERG.20250318-S223000-E225959.1350.V07B.HDF5,0.8349999636411667,1.7399999648332596,2.9199999272823334,,2025-03-19 07:00:00+08:00
2025-03-18 23:00:00+00:00,2025-03-19 07:00:00+08:00,GPM_1.45_103.85,103.8499984741211,1.4499999284744263,0.5199999809265137,0.25999999046325684,3B-HHR.MS.MRG.3IMERG.20250318-S230000-E232959.1380.V07B.HDF5,0.5049999803304672,1.9199999570846558,3.1549999192357063,,2025-03-19 07:30:00+08:00
2025-03-18 23:30:00+00:00,2025-03-19 07:30:00+08:00,GPM_1.45_103.85,103.8499984741211,1.4499999284744263,1.7799999713897705,0.8899999856948853,3B-HHR.MS.MRG.3IMERG.20250318-S233000-E235959.1410.V07B.HDF5,1.149999976158142,2.809999942779541,3.96999990940094,,2025-03-19 08:00:00+08:00
2025-03-19 00:00:00+00:00,2025-03-19 08:00:00+08:00,GPM_1.45_103.85,103.8499984741211,1.4499999284744263,2.3999998569488525,1.1999999284744263,3B-HHR.MS.MRG.3IMERG.20250319-S000000-E002959.0000.V07B.HDF5,2.0899999141693115,3.8649998754262924,4.959999844431877,,2025-03-19 08:30:00+08:00
2025-03-19 00:30:00+00:00,2025-03-19 08:30:00+08:00,GPM_1.45_103.85,103.8499984741211,1.4499999284744263,4.259999752044678,2.129999876022339,3B-HHR.MS.MRG.3IMERG.20250319-S003000-E005959.0030.V07B.HDF5,3.329999804496765,5.314999744296074,6.944999724626541,,2025-03-19 09:00:00+08:00
2025-03-19 01:00:00+00:00,2025-03-19 09:00:00+08:00,GPM_1.45_103.85,103.8499984741211,1.4499999284744263,5.980000019073486,2.990000009536743,3B-HHR.MS.MRG.3IMERG.20250319-S010000-E012959.0060.V07B.HDF5,5.119999885559082,7.714999780058861,9.45499974489212,,2025-03-19 09:30:00+08:00
2025-03-19 01:30:00+00:00,2025-03-19 09:30:00+08:00,GPM_1.45_103.85,103.8499984741211,1.4499999284744263,5.730000019073486,2.865000009536743,3B-HHR.MS.MRG.3IMERG.20250319-S013000-E015959.0090.V07B.HDF5,5.855000019073486,10.334999799728394,12.074999764561653,,2025-03-19 10:00:00+08:00
2025-03-19 02:00:00+00:00,2025-03-19 10:00:00+08:00,GPM_1.45_103.85,103.8499984741211,1.4499999284744263,6.12999963760376,3.06499981880188,3B-HHR.MS.MRG.3IMERG.20250319-S020000-E022959.0120.V07B.HDF5,5.929999828338623,13.139999628067017,15.059999585151672,,2025-03-19 10:30:00+08:00
2025-03-19 02:30:00+00:00,2025-03-19 10:30:00+08:00,GPM_1.45_103.85,103.8499984741211,1.4499999284744263,6.710000038146973,3.3550000190734863,3B-HHR.MS.MRG.3IMERG.20250319-S023000-E025959.0150.V07B.HDF5,6.419999837875366,15.604999661445618,18.41499960422516,,2025-03-19 11:00:00+08:00
2025-03-19 03:00:00+00:00,2025-03-19 11:00:00+08:00,GPM_1.45_103.85,103.8499984741211,1.4499999284744263,7.009999752044678,3.504999876022339,3B-HHR.MS.MRG.3IMERG.20250319-S030000-E032959.0180.V07B.HDF5,6.859999895095825,17.90999960899353,21.774999484419823,,2025-03-19 11:30:00+08:00
2025-03-19 03:30:00+00:00,2025-03-19 11:30:00+08:00,GPM_1.45_103.85,103.8499984741211,1.4499999284744263,14.09999942779541,7.049999713897705,3B-HHR.MS.MRG.3IMERG.20250319-S033000-E035959.0210.V07B.HDF5,10.554999589920044,22.829999446868896,28.14499919116497,,2025-03-19 12:00:00+08:00
2025-03-19 04:00:00+00:00,2025-03-19 12:00:00+08:00,GPM_1.45_103.85,103.8499984741211,1.4499999284744263,9.079999923706055,4.539999961853027,3B-HHR.MS.MRG.3IMERG.20250319-S040000-E042959.0240.V07B.HDF5,11.589999675750732,24.37999939918518,32.09499917924404,,2025-03-19 12:30:00+08:00
2025-03-19 04:30:00+00:00,2025-03-19 12:30:00+08:00,GPM_1.45_103.85,103.8499984741211,1.4499999284744263,5.940000057220459,2.9700000286102295,3B-HHR.MS.MRG.3IMERG.20250319-S043000-E045959.0270.V07B.HDF5,7.509999990463257,24.484999418258667,34.81999921798706,,2025-03-19 13:00:00+08:00
2025-03-19 05:00:00+00:00,2025-03-19 13:00:00+08:00,GPM_1.45_103.85,103.8499984741211,1.4499999284744263,9.039999961853027,4.519999980926514,3B-HHR.MS.MRG.3IMERG.20250319-S050000-E052959.0300.V07B.HDF5,7.490000009536743,25.9399995803833,39.07999920845032,,2025-03-19 13:30:00+08:00
2025-03-19 05:30:00+00:00,2025-03-19 13:30:00+08:00,GPM_1.45_103.85,103.8499984741211,1.4499999284744263,13.59000015258789,6.795000076293945,3B-HHR.MS.MRG.3IMERG.20250319-S053000-E055959.0330.V07B.HDF5,11.315000057220459,29.37999963760376,44.98499929904938,,2025-03-19 14:00:00+08:00
2025-03-19 06:00:00+00:00,2025-03-19 14:00:00+08:00,GPM_1.45_103.85,103.8499984741211,1.4499999284744263,8.529999732971191,4.264999866485596,3B-HHR.MS.MRG.3IMERG.20250319-S060000-E062959.0360.V07B.HDF5,11.059999942779541,30.139999628067017,48.04999923706055,,2025-03-19 14:30:00+08:00
2025-03-19 06:30:00+00:00,2025-03-19 14:30:00+08:00,GPM_1.45_103.85,103.8499984741211,1.4499999284744263,10.34999942779541,5.174999713897705,3B-HHR.MS.MRG.3IMERG.20250319-S063000-E065959.0390.V07B.HDF5,9.4399995803833,28.264999628067017,51.09499907493591,,2025-03-19 15:00:00+08:00
2025-03-19 07:00:00+00:00,2025-03-19 15:00:00+08:00,GPM_1.45_103.85,103.8499984741211,1.4499999284744263,7.419999599456787,3.7099997997283936,3B-HHR.MS.MRG.3IMERG.20250319-S070000-E072959.0420.V07B.HDF5,8.884999513626099,27.434999465942383,51.81499886512756,,2025-03-19 15:30:00+08:00
2025-03-19 07:30:00+00:00,2025-03-19 15:30:00+08:00,GPM_1.45_103.85,103.8499984741211,1.4499999284744263,5.440000057220459,2.7200000286102295,3B-HHR.MS.MRG.3IMERG.20250319-S073000-E075959.0450.V07B.HDF5,6.429999828338623,27.184999465942383,51.66999888420105,,2025-03-19 16:00:00+08:00
2025-03-19 08:00:00+00:00,2025-03-19 16:00:00+08:00,GPM_1.45_103.85,103.8499984741211,1.4499999284744263,7.039999961853027,3.5199999809265137,3B-HHR.MS.MRG.3IMERG.20250319-S080000-E082959.0480.V07B.HDF5,6.240000009536743,26.184999465942383,52.124999046325684,,2025-03-19 16:30:00+08:00
2025-03-19 08:30:00+00:00,2025-03-19 16:30:00+08:00,GPM_1.45_103.85,103.8499984741211,1.4499999284744263,5.949999809265137,2.9749999046325684,3B-HHR.MS.MRG.3IMERG.20250319-S083000-E085959.0510.V07B.HDF5,6.494999885559082,22.364999294281006,51.744998931884766,,2025-03-19 17:00:00+08:00
2025-03-19 09:00:00+00:00,2025-03-19 17:00:00+08:00,GPM_1.45_103.85,103.8499984741211,1.4499999284744263,6.62999963760376,3.31499981880188,3B-HHR.MS.MRG.3IMERG.20250319-S090000-E092959.0540.V07B.HDF5,6.289999723434448,21.41499924659729,51.55499887466431,,2025-03-19 17:30:00+08:00
2025-03-19 09:30:00+00:00,2025-03-19 17:30:00+08:00,GPM_1.45_103.85,103.8499984741211,1.4499999284744263,6.319999694824219,3.1599998474121094,3B-HHR.MS.MRG.3IMERG.20250319-S093000-E095959.0570.V07B.HDF5,6.474999666213989,19.399999380111694,47.66499900817871,,2025-03-19 18:00:00+08:00
2025-03-19 10:00:00+00:00,2025-03-19 18:00:00+08:00,GPM_1.45_103.85,103.8499984741211,1.4499999284744263,5.429999828338623,2.7149999141693115,3B-HHR.MS.MRG.3IMERG.20250319-S100000-E102959.0600.V07B.HDF5,5.874999761581421,18.404999494552612,45.839998960494995,,2025-03-19 18:30:00+08:00
2025-03-19 10:30:00+00:00,2025-03-19 18:30:00+08:00,GPM_1.45_103.85,103.8499984741211,1.4499999284744263,5.87999963760376,2.93999981880188,3B-HHR.MS.MRG.3IMERG.20250319-S103000-E105959.0630.V07B.HDF5,5.654999732971191,18.624999284744263,45.809998750686646,,2025-03-19 19:00:00+08:00
2025-03-19 11:00:00+00:00,2025-03-19 19:00:00+08:00,GPM_1.45_103.85,103.8499984741211,1.4499999284744263,5.559999942779541,2.7799999713897705,3B-HHR.MS.MRG.3IMERG.20250319-S110000-E112959.0660.V07B.HDF5,5.71999979019165,17.88499927520752,44.0699987411499,,2025-03-19 19:30:00+08:00
2025-03-19 11:30:00+00:00,2025-03-19 19:30:00+08:00,GPM_1.45_103.85,103.8499984741211,1.4499999284744263,5.230000019073486,2.615000009536743,3B-HHR.MS.MRG.3IMERG.20250319-S113000-E115959.0690.V07B.HDF5,5.394999980926514,17.524999380111694,39.8899986743927,,2025-03-19 20:00:00+08:00
2025-03-19 12:00:00+00:00,2025-03-19 20:00:00+08:00,GPM_1.45_103.85,103.8499984741211,1.4499999284744263,3.7699999809265137,1.8849999904632568,3B-HHR.MS.MRG.3IMERG.20250319-S120000-E122959.0720.V07B.HDF5,4.5,16.09499955177307,37.50999879837036,,2025-03-19 20:30:00+08:00
2025-03-19 12:30:00+00:00,2025-03-19 20:30:00+08:00,GPM_1.45_103.85,103.8499984741211,1.4499999284744263,3.3899998664855957,1.6949999332427979,3B-HHR.MS.MRG.3IMERG.20250319-S123000-E125959.0750.V07B.HDF5,3.5799999237060547,14.62999963760376,34.029999017715454,,2025-03-19 21:00:00+08:00
2025-03-19 13:00:00+00:00,2025-03-19 21:00:00+08:00,GPM_1.45_103.85,103.8499984741211,1.4499999284744263,8.40999984741211,4.204999923706055,3B-HHR.MS.MRG.3IMERG.20250319-S130000-E132959.0780.V07B.HDF5,5.8999998569488525,16.119999647140503,34.524999141693115,,2025-03-19 21:30:00+08:00
2025-03-19 13:30:00+00:00,2025-03-19 21:30:00+08:00,GPM_1.45_103.85,103.8499984741211,1.4499999284744263,3.4700000286102295,1.7350000143051147,3B-HHR.MS.MRG.3IMERG.20250319-S133000-E135959.0810.V07B.HDF5,5.939999938011169,14.914999842643738,33.539999127388,,2025-03-19 22:00:00+08:00
2025-03-19 14:00:00+00:00,2025-03-19 22:00:00+08:00,GPM_1.45_103.85,103.8499984741211,1.4499999284744263,5.529999732971191,2.7649998664855957,3B-HHR.MS.MRG.3IMERG.20250319-S140000-E142959.0840.V07B.HDF5,4.4999998807907104,14.899999737739563,32.78499901294708,,2025-03-19 22:30:00+08:00
2025-03-19 14:30:00+00:00,2025-03-19 22:30:00+08:00,GPM_1.45_103.85,103.8499984741211,1.4499999284744263,4.179999828338623,2.0899999141693115,3B-HHR.MS.MRG.3IMERG.20250319-S143000-E145959.0870.V07B.HDF5,4.854999780654907,14.374999642372131,31.899999022483826,,2025-03-19 23:00:00+08:00
2025-03-19 15:00:00+00:00,2025-03-19 23:00:00+08:00,GPM_1.45_103.85,103.8499984741211,1.4499999284744263,3.9800000190734863,1.9900000095367432,3B-HHR.MS.MRG.3IMERG.20250319-S150000-E152959.0900.V07B.HDF5,4.079999923706055,14.479999661445618,30.57499921321869,,2025-03-19 23:30:00+08:00
2025-03-19 15:30:00+00:00,2025-03-19 23:30:00+08:00,GPM_1.45_103.85,103.8499984741211,1.4499999284744263,1.1699999570846558,0.5849999785423279,3B-HHR.MS.MRG.3IMERG.20250319-S153000-E155959.0930.V07B.HDF5,2.574999988079071,13.369999706745148,27.999999344348907,107.1699974834919,2025-03-20 00:00:00+08:00
2025-03-19 16:00:00+00:00,2025-03-20 00:00:00+08:00,GPM_1.45_103.85,103.8499984741211,1.4499999284744263,1.25,0.625,3B-HHR.MS.MRG.3IMERG.20250319-S160000-E162959.0960.V07B.HDF5,1.2099999785423279,9.789999783039093,25.909999430179596,107.7949974834919,2025-03-20 00:30:00+08:00
2025-03-19 16:30:00+00:00,2025-03-20 00:30:00+08:00,GPM_1.45_103.85,103.8499984741211,1.4499999284744263,1.96999990940094,0.98499995470047,3B-HHR.MS.MRG.3IMERG.20250319-S163000-E165959.0990.V07B.HDF5,1.60999995470047,9.039999723434448,23.954999566078186,107.50499746203423,2025-03-20 01:00:00+08:00
2025-03-19 17:00:00+00:00,2025-03-20 01:00:00+08:00,GPM_1.45_103.85,103.8499984741211,1.4499999284744263,4.299999713897705,2.1499998569488525,3B-HHR.MS.MRG.3IMERG.20250319-S170000-E172959.1020.V07B.HDF5,3.1349998116493225,8.424999713897705,23.324999451637268,109.6299973204732,2025-03-20 01:30:00+08:00
2025-03-19 17:30:00+00:00,2025-03-20 01:30:00+08:00,GPM_1.45_103.85,103.8499984741211,1.4499999284744263,6.599999904632568,3.299999952316284,3B-HHR.MS.MRG.3IMERG.20250319-S173000-E175959.1050.V07B.HDF5,5.449999809265137,9.634999752044678,24.00999939441681,112.85499727725983,2025-03-20 02:00:00+08:00
2025-03-19 18:00:00+00:00,2025-03-20 02:00:00+08:00,GPM_1.45_103.85,103.8499984741211,1.4499999284744263,5.509999752044678,2.754999876022339,3B-HHR.MS.MRG.3IMERG.20250319-S180000-E182959.1080.V07B.HDF5,6.054999828338623,10.399999618530273,24.87999927997589,115.39999715983868,2025-03-20 02:30:00+08:00
2025-03-19 18:30:00+00:00,2025-03-20 02:30:00+08:00,GPM_1.45_103.85,103.8499984741211,1.4499999284744263,5.799999713897705,2.8999998569488525,3B-HHR.MS.MRG.3IMERG.20250319-S183000-E185959.1110.V07B.HDF5,5.654999732971191,12.714999496936798,26.084999203681946,118.15499702095985,2025-03-20 03:00:00+08:00
2025-03-19 19:00:00+00:00,2025-03-20 03:00:00+08:00,GPM_1.45_103.85,103.8499984741211,1.4499999284744263,5.599999904632568,2.799999952316284,3B-HHR.MS.MRG.3IMERG.20250319-S190000-E192959.1140.V07B.HDF5,5.699999809265137,14.889999449253082,24.679999232292175,120.47499698400497,2025-03-20 03:30:00+08:00
2025-03-19 19:30:00+00:00,2025-03-20 03:30:00+08:00,GPM_1.45_103.85,103.8499984741211,1.4499999284744263,6.710000038146973,3.3550000190734863,3B-HHR.MS.MRG.3IMERG.20250319-S193000-E195959.1170.V07B.HDF5,6.1549999713897705,17.2599995136261,26.299999237060547,123.58499701321125,2025-03-20 04:00:00+08:00
2025-03-19 20:00:00+00:00,2025-03-20 04:00:00+08:00,GPM_1.45_103.85,103.8499984741211,1.4499999284744263,6.279999732971191,3.1399998664855957,3B-HHR.MS.MRG.3IMERG.20250319-S200000-E202959.1200.V07B.HDF5,6.494999885559082,18.249999523162842,26.674999237060547,126.64499688148499,2025-03-20 04:30:00+08:00
2025-03-19 20:30:00+00:00,2025-03-20 04:30:00+08:00,GPM_1.45_103.85,103.8499984741211,1.4499999284744263,4.599999904632568,2.299999952316284,3B-HHR.MS.MRG.3IMERG.20250319-S203000-E205959.1230.V07B.HDF5,5.43999981880188,17.249999523162842,26.88499927520752,128.94499683380127,2025-03-20 05:00:00+08:00
2025-03-19 21:00:00+00:00,2025-03-20 05:00:00+08:00,GPM_1.45_103.85,103.8499984741211,1.4499999284744263,3.8999998569488525,1.9499999284744263,3B-HHR.MS.MRG.3IMERG.20250319-S210000-E212959.1260.V07B.HDF5,4.2499998807907104,16.44499957561493,26.844999194145203,130.74999676644802,2025-03-20 05:30:00+08:00
2025-03-19 21:30:00+00:00,2025-03-20 05:30:00+08:00,GPM_1.45_103.85,103.8499984741211,1.4499999284744263,10.809999465942383,5.404999732971191,3B-HHR.MS.MRG.3IMERG.20250319-S213000-E215959.1290.V07B.HDF5,7.354999661445618,18.949999451637268,31.664998948574066,135.47499649226665,2025-03-20 06:00:00+08:00
2025-03-19 22:00:00+00:00,2025-03-20 06:00:00+08:00,GPM_1.45_103.85,103.8499984741211,1.4499999284744263,8.170000076293945,4.085000038146973,3B-HHR.MS.MRG.3IMERG.20250319-S220000-E222959.1320.V07B.HDF5,9.489999771118164,20.234999537467957,35.12499898672104,138.96999655663967,2025-03-20 06:30:00+08:00
2025-03-19 22:30:00+00:00,2025-03-20 06:30:00+08:00,GPM_1.45_103.85,103.8499984741211,1.4499999284744263,7.539999961853027,3.7699999809265137,3B-HHR.MS.MRG.3IMERG.20250319-S223000-E225959.1350.V07B.HDF5,7.855000019073486,20.649999499320984,37.90999901294708,142.49499654769897,2025-03-20 07:00:00+08:00
2025-03-19 23:00:00+00:00,2025-03-20 07:00:00+08:00,GPM_1.45_103.85,103.8499984741211,1.4499999284744263,6.460000038146973,3.2300000190734863,3B-HHR.MS.MRG.3IMERG.20250319-S230000-E232959.1380.V07B.HDF5,7.0,20.739999651908875,38.989999175071716,145.4649965763092,2025-03-20 07:30:00+08:00
2025-03-19 23:30:00+00:00,2025-03-20 07:30:00+08:00,GPM_1.45_103.85,103.8499984741211,1.4499999284744263,8.329999923706055,4.164999961853027,3B-HHR.MS.MRG.3IMERG.20250319-S233000-E235959.1410.V07B.HDF5,7.394999980926514,22.604999661445618,39.85499918460846,148.73999655246735,2025-03-20 08:00:00+08:00
2025-03-20 00:00:00+00:00,2025-03-20 08:00:00+08:00,GPM_1.45_103.85,103.8499984741211,1.4499999284744263,19.549999237060547,9.774999618530273,3B-HHR.MS.MRG.3IMERG.20250320-S000000-E002959.0000.V07B.HDF5,13.9399995803833,30.429999351501465,46.874998927116394,157.3149962425232,2025-03-20 08:30:00+08:00
2025-03-20 00:30:00+00:00,2025-03-20 08:30:00+08:00,GPM_1.45_103.85,103.8499984741211,1.4499999284744263,11.489999771118164,5.744999885559082,3B-HHR.MS.MRG.3IMERG.20250320-S003000-E005959.0030.V07B.HDF5,15.519999504089355,30.769999504089355,49.71999895572662,160.92999625205994,2025-03-20 09:00:00+08:00
2025-03-20 01:00:00+00:00,2025-03-20 09:00:00+08:00,GPM_1.45_103.85,103.8499984741211,1.4499999284744263,18.170000076293945,9.085000038146973,3B-HHR.MS.MRG.3IMERG.20250320-S010000-E012959.0060.V07B.HDF5,14.829999923706055,35.769999504089355,56.00499904155731,167.02499628067017,2025-03-20 09:30:00+08:00
2025-03-20 01:30:00+00:00,2025-03-20 09:30:00+08:00,GPM_1.45_103.85,103.8499984741211,1.4499999284744263,9.359999656677246,4.679999828338623,3B-HHR.MS.MRG.3IMERG.20250320-S013000-E015959.0090.V07B.HDF5,13.764999866485596,36.679999351501465,57.32999885082245,168.83999609947205,2025-03-20 10:00:00+08:00
2025-03-20 02:00:00+00:00,2025-03-20 10:00:00+08:00,GPM_1.45_103.85,103.8499984741211,1.4499999284744263,8.529999732971191,4.264999866485596,3B-HHR.MS.MRG.3IMERG.20250320-S020000-E022959.0120.V07B.HDF5,8.944999694824219,37.714999198913574,58.45499885082245,170.03999614715576,2025-03-20 10:30:00+08:00
2025-03-20 02:30:00+00:00,2025-03-20 10:30:00+08:00,GPM_1.45_103.85,103.8499984741211,1.4499999284744263,8.220000267028809,4.110000133514404,3B-HHR.MS.MRG.3IMERG.20250320-S023000-E025959.0150.V07B.HDF5,8.375,37.65999937057495,60.26499903202057,170.79499626159668,2025-03-20 11:00:00+08:00
2025-03-20 03:00:00+00:00,2025-03-20 11:00:00+08:00,GPM_1.45_103.85,103.8499984741211,1.4499999284744263,7.869999885559082,3.934999942779541,3B-HHR.MS.MRG.3IMERG.20250320-S030000-E032959.0180.V07B.HDF5,8.045000076293945,31.81999969482422,62.249999046325684,171.22499632835388,2025-03-20 11:30:00+08:00
2025-03-20 03:30:00+00:00,2025-03-20 11:30:00+08:00,GPM_1.45_103.85,103.8499984741211,1.4499999284744263,6.599999904632568,3.299999952316284,3B-HHR.MS.MRG.3IMERG.20250320-S033000-E035959.0210.V07B.HDF5,7.234999895095825,29.37499976158142,60.144999265670776,167.47499656677246,2025-03-20 12:00:00+08:00
2025-03-20 04:00:00+00:00,2025-03-20 12:00:00+08:00,GPM_1.45_103.85,103.8499984741211,1.4499999284744263,4.809999942779541,2.4049999713897705,3B-HHR.MS.MRG.3IMERG.20250320-S040000-E042959.0240.V07B.HDF5,5.704999923706055,22.69499969482422,58.464999198913574,165.3399965763092,2025-03-20 12:30:00+08:00
2025-03-20 04:30:00+00:00,2025-03-20 12:30:00+08:00,GPM_1.45_103.85,103.8499984741211,1.4499999284744263,6.119999885559082,3.059999942779541,3B-HHR.MS.MRG.3IMERG.20250320-S043000-E045959.0270.V07B.HDF5,5.4649999141693115,21.074999809265137,57.7549991607666,165.42999649047852,2025-03-20 13:00:00+08:00
2025-03-20 05:00:00+00:00,2025-03-20 13:00:00+08:00,GPM_1.45_103.85,103.8499984741211,1.4499999284744263,7.710000038146973,3.8550000190734863,3B-HHR.MS.MRG.3IMERG.20250320-S050000-E052959.0300.V07B.HDF5,6.914999961853027,20.664999961853027,58.3799991607666,164.7649965286255,2025-03-20 13:30:00+08:00
2025-03-20 05:30:00+00:00,2025-03-20 13:30:00+08:00,GPM_1.45_103.85,103.8499984741211,1.4499999284744263,10.460000038146973,5.230000019073486,3B-HHR.MS.MRG.3IMERG.20250320-S053000-E055959.0330.V07B.HDF5,9.085000038146973,21.78499984741211,59.44499921798706,163.19999647140503,2025-03-20 14:00:00+08:00
2025-03-20 06:00:00+00:00,2025-03-20 14:00:00+08:00,GPM_1.45_103.85,103.8499984741211,1.4499999284744263,10.469999313354492,5.234999656677246,3B-HHR.MS.MRG.3IMERG.20250320-S060000-E062959.0360.V07B.HDF5,10.464999675750732,23.084999561309814,54.90499925613403,164.16999626159668,2025-03-20 14:30:00+08:00
2025-03-20 06:30:00+00:00,2025-03-20 14:30:00+08:00,GPM_1.45_103.85,103.8499984741211,1.4499999284744263,10.329999923706055,5.164999961853027,3B-HHR.MS.MRG.3IMERG.20250320-S063000-E065959.0390.V07B.HDF5,10.399999618530273,24.949999570846558,54.32499933242798,164.159996509552,2025-03-20 15:00:00+08:00
2025-03-20 07:00:00+00:00,2025-03-20 15:00:00+08:00,GPM_1.45_103.85,103.8499984741211,1.4499999284744263,10.5,5.25,3B-HHR.MS.MRG.3IMERG.20250320-S070000-E072959.0420.V07B.HDF5,10.414999961853027,27.794999599456787,50.489999294281006,165.6999967098236,2025-03-20 15:30:00+08:00
2025-03-20 07:30:00+00:00,2025-03-20 15:30:00+08:00,GPM_1.45_103.85,103.8499984741211,1.4499999284744263,10.309999465942383,5.154999732971191,3B-HHR.MS.MRG.3IMERG.20250320-S073000-E075959.0450.V07B.HDF5,10.404999732971191,29.889999389648438,50.964999198913574,168.13499641418457,2025-03-20 16:00:00+08:00
2025-03-20 08:00:00+00:00,2025-03-20 16:00:00+08:00,GPM_1.45_103.85,103.8499984741211,1.4499999284744263,10.670000076293945,5.335000038146973,3B-HHR.MS.MRG.3IMERG.20250320-S080000-E082959.0480.V07B.HDF5,10.489999771118164,31.369999408721924,52.03499937057495,169.94999647140503,2025-03-20 16:30:00+08:00
2025-03-20 08:30:00+00:00,2025-03-20 16:30:00+08:00,GPM_1.45_103.85,103.8499984741211,1.4499999284744263,10.489999771118164,5.244999885559082,3B-HHR.MS.MRG.3IMERG.20250320-S083000-E085959.0510.V07B.HDF5,10.579999923706055,31.38499927520752,53.16999912261963,172.21999645233154,2025-03-20 17:00:00+08:00
2025-03-20 09:00:00+00:00,2025-03-20 17:00:00+08:00,GPM_1.45_103.85,103.8499984741211,1.4499999284744263,10.90999984741211,5.454999923706055,3B-HHR.MS.MRG.3IMERG.20250320-S090000-E092959.0540.V07B.HDF5,10.699999809265137,31.604999542236328,54.68999910354614,174.35999655723572,2025-03-20 17:30:00+08:00
2025-03-20 09:30:00+00:00,2025-03-20 17:30:00+08:00,GPM_1.45_103.85,103.8499984741211,1.4499999284744263,5.699999809265137,2.8499999046325684,3B-HHR.MS.MRG.3IMERG.20250320-S093000-E095959.0570.V07B.HDF5,8.304999828338623,29.28999948501587,54.23999905586243,174.04999661445618,2025-03-20 18:00:00+08:00
2025-03-20 10:00:00+00:00,2025-03-20 18:00:00+08:00,GPM_1.45_103.85,103.8499984741211,1.4499999284744263,6.989999771118164,3.494999885559082,3B-HHR.MS.MRG.3IMERG.20250320-S100000-E102959.0600.V07B.HDF5,6.34499979019165,27.53499937057495,55.32999897003174,174.82999658584595,2025-03-20 18:30:00+08:00
2025-03-20 10:30:00+00:00,2025-03-20 18:30:00+08:00,GPM_1.45_103.85,103.8499984741211,1.4499999284744263,4.659999847412109,2.3299999237060547,3B-HHR.MS.MRG.3IMERG.20250320-S103000-E105959.0630.V07B.HDF5,5.824999809265137,24.709999561309814,54.59999895095825,174.21999669075012,2025-03-20 19:00:00+08:00
2025-03-20 11:00:00+00:00,2025-03-20 19:00:00+08:00,GPM_1.45_103.85,103.8499984741211,1.4499999284744263,4.139999866485596,2.069999933242798,3B-HHR.MS.MRG.3IMERG.20250320-S110000-E112959.0660.V07B.HDF5,4.3999998569488525,21.44499945640564,52.81499886512756,173.50999665260315,2025-03-20 19:30:00+08:00
2025-03-20 11:30:00+00:00,2025-03-20 19:30:00+08:00,GPM_1.45_103.85,103.8499984741211,1.4499999284744263,3.990000009536743,1.9950000047683716,3B-HHR.MS.MRG.3IMERG.20250320-S113000-E115959.0690.V07B.HDF5,4.064999938011169,18.19499957561493,49.57999885082245,172.88999664783478,2025-03-20 20:00:00+08:00
2025-03-20 12:00:00+00:00,2025-03-20 20:00:00+08:00,GPM_1.45_103.85,103.8499984741211,1.4499999284744263,3.18999981880188,1.59499990940094,3B-HHR.MS.MRG.3IMERG.20250320-S120000-E122959.0720.V07B.HDF5,3.5899999141693115,14.334999561309814,45.93999910354614,172.59999656677246,2025-03-20 20:30:00+08:00
2025-03-20 12:30:00+00:00,2025-03-20 20:30:00+08:00,GPM_1.45_103.85,103.8499984741211,1.4499999284744263,3.929999828338623,1.9649999141693115,3B-HHR.MS.MRG.3IMERG.20250320-S123000-E125959.0750.V07B.HDF5,3.5599998235702515,13.449999570846558,42.73999905586243,172.86999654769897,2025-03-20 21:00:00+08:00
2025-03-20 13:00:00+00:00,2025-03-20 21:00:00+08:00,GPM_1.45_103.85,103.8499984741211,1.4499999284744263,2.619999885559082,1.309999942779541,3B-HHR.MS.MRG.3IMERG.20250320-S130000-E132959.0780.V07B.HDF5,3.2749998569488525,11.264999628067017,38.79999899864197,169.97499656677246,2025-03-20 21:30:00+08:00
2025-03-20 13:30:00+00:00,2025-03-20 21:30:00+08:00,GPM_1.45_103.85,103.8499984741211,1.4499999284744263,3.6599998474121094,1.8299999237060547,3B-HHR.MS.MRG.3IMERG.20250320-S133000-E135959.0810.V07B.HDF5,3.1399998664855957,10.764999628067017,35.47499918937683,170.0699964761734,2025-03-20 22:00:00+08:00
2025-03-20 14:00:00+00:00,2025-03-20 22:00:00+08:00,GPM_1.45_103.85,103.8499984741211,1.4499999284744263,4.429999828338623,2.2149999141693115,3B-HHR.MS.MRG.3IMERG.20250320-S140000-E142959.0840.V07B.HDF5,4.044999837875366,10.90999960899353,32.35499906539917,169.51999652385712,2025-03-20 22:30:00+08:00
2025-03-20 14:30:00+00:00,2025-03-20 22:30:00+08:00,GPM_1.45_103.85,103.8499984741211,1.4499999284744263,4.049999713897705,2.0249998569488525,3B-HHR.MS.MRG.3IMERG.20250320-S143000-E145959.0870.V07B.HDF5,4.239999771118164,10.939999461174011,29.13499903678894,169.45499646663666,2025-03-20 23:00:00+08:00
2025-03-20 15:00:00+00:00,2025-03-20 23:00:00+08:00,GPM_1.45_103.85,103.8499984741211,1.4499999284744263,2.7699999809265137,1.3849999904632568,3B-HHR.MS.MRG.3IMERG.20250320-S150000-E152959.0900.V07B.HDF5,3.4099998474121094,10.729999542236328,25.064999103546143,168.84999644756317,2025-03-20 23:30:00+08:00
2025-03-20 15:30:00+00:00,2025-03-20 23:30:00+08:00,GPM_1.45_103.85,103.8499984741211,1.4499999284744263,1.8700000047683716,0.9350000023841858,3B-HHR.MS.MRG.3IMERG.20250320-S153000-E155959.0930.V07B.HDF5,2.3199999928474426,9.699999630451202,23.14999920129776,169.19999647140503,2025-03-21 00:00:00+08:00
2025-03-20 16:00:00+00:00,2025-03-21 00:00:00+08:00,GPM_1.45_103.85,103.8499984741211,1.4499999284744263,0.6100000143051147,0.3050000071525574,3B-HHR.MS.MRG.3IMERG.20250320-S160000-E162959.0960.V07B.HDF5,1.2400000095367432,8.694999694824219,19.959999322891235,168.8799964785576,2025-03-21 00:30:00+08:00
2025-03-20 16:30:00+00:00,2025-03-21 00:30:00+08:00,GPM_1.45_103.85,103.8499984741211,1.4499999284744263,0.1599999964237213,0.07999999821186066,3B-HHR.MS.MRG.3IMERG.20250320-S163000-E165959.0990.V07B.HDF5,0.38500000536441803,6.944999769330025,17.70999939739704,167.97499652206898,2025-03-21 01:00:00+08:00
2025-03-20 17:00:00+00:00,2025-03-21 01:00:00+08:00,GPM_1.45_103.85,103.8499984741211,1.4499999284744263,0.7599999904632568,0.3799999952316284,3B-HHR.MS.MRG.3IMERG.20250320-S170000-E172959.1020.V07B.HDF5,0.4599999934434891,5.109999850392342,16.019999459385872,166.20499666035175,2025-03-21 01:30:00+08:00
2025-03-20 17:30:00+00:00,2025-03-21 01:30:00+08:00,GPM_1.45_103.85,103.8499984741211,1.4499999284744263,1.1299999952316284,0.5649999976158142,3B-HHR.MS.MRG.3IMERG.20250320-S173000-E175959.1050.V07B.HDF5,0.9449999928474426,3.6499999910593033,14.589999452233315,163.46999670565128,2025-03-21 02:00:00+08:00
2025-03-20 18:00:00+00:00,2025-03-21 02:00:00+08:00,GPM_1.45_103.85,103.8499984741211,1.4499999284744263,1.100000023841858,0.550000011920929,3B-HHR.MS.MRG.3IMERG.20250320-S180000-E182959.1080.V07B.HDF5,1.1150000095367432,2.8150000125169754,13.544999554753304,161.26499684154987,2025-03-21 02:30:00+08:00
2025-03-20 18:30:00+00:00,2025-03-21 02:30:00+08:00,GPM_1.45_103.85,103.8499984741211,1.4499999284744263,0.8299999833106995,0.41499999165534973,3B-HHR.MS.MRG.3IMERG.20250320-S183000-E185959.1110.V07B.HDF5,0.9650000035762787,2.2950000017881393,11.994999632239342,158.77999697625637,2025-03-21 03:00:00+08:00
2025-03-20 19:00:00+00:00,2025-03-21 03:00:00+08:00,GPM_1.45_103.85,103.8499984741211,1.4499999284744263,2.240000009536743,1.1200000047683716,3B-HHR.MS.MRG.3IMERG.20250320-S190000-E192959.1140.V07B.HDF5,1.5349999964237213,3.1099999994039536,11.804999694228172,157.09999702870846,2025-03-21 03:30:00+08:00
2025-03-20 19:30:00+00:00,2025-03-21 03:30:00+08:00,GPM_1.45_103.85,103.8499984741211,1.4499999284744263,0.3999999761581421,0.19999998807907104,3B-HHR.MS.MRG.3IMERG.20250320-S193000-E195959.1170.V07B.HDF5,1.3199999928474426,3.229999989271164,10.174999758601189,153.94499699771404,2025-03-21 04:00:00+08:00
2025-03-20 20:00:00+00:00,2025-03-21 04:00:00+08:00,GPM_1.45_103.85,103.8499984741211,1.4499999284744263,0.7999999523162842,0.3999999761581421,3B-HHR.MS.MRG.3IMERG.20250320-S200000-E202959.1200.V07B.HDF5,0.5999999642372131,3.2499999701976776,8.35999982059002,151.2049971073866,2025-03-21 04:30:00+08:00
2025-03-20 20:30:00+00:00,2025-03-21 04:30:00+08:00,GPM_1.45_103.85,103.8499984741211,1.4499999284744263,4.679999828338623,2.3399999141693115,3B-HHR.MS.MRG.3IMERG.20250320-S203000-E205959.1230.V07B.HDF5,2.7399998903274536,5.024999886751175,8.674999877810478,151.24499706923962,2025-03-21 05:00:00+08:00
2025-03-20 21:00:00+00:00,2025-03-21 05:00:00+08:00,GPM_1.45_103.85,103.8499984741211,1.4499999284744263,1.4800000190734863,0.7400000095367432,3B-HHR.MS.MRG.3IMERG.20250320-S210000-E212959.1260.V07B.HDF5,3.0799999237060547,5.214999884366989,8.029999896883965,150.03499715030193,2025-03-21 05:30:00+08:00
2025-03-20 21:30:00+00:00,2025-03-21 05:30:00+08:00,GPM_1.45_103.85,103.8499984741211,1.4499999284744263,0.0,0.0,3B-HHR.MS.MRG.3IMERG.20250320-S213000-E215959.1290.V07B.HDF5,0.7400000095367432,4.799999892711639,7.094999894499779,144.62999741733074,2025-03-21 06:00:00+08:00
2025-03-20 22:00:00+00:00,2025-03-21 06:00:00+08:00,GPM_1.45_103.85,103.8499984741211,1.4499999284744263,0.26999998092651367,0.13499999046325684,3B-HHR.MS.MRG.3IMERG.20250320-S220000-E222959.1320.V07B.HDF5,0.13499999046325684,3.8149998784065247,6.924999877810478,140.67999736964703,2025-03-21 06:30:00+08:00
2025-03-20 22:30:00+00:00,2025-03-21 06:30:00+08:00,GPM_1.45_103.85,103.8499984741211,1.4499999284744263,0.0,0.0,3B-HHR.MS.MRG.3IMERG.20250320-S223000-E225959.1350.V07B.HDF5,0.13499999046325684,3.6149998903274536,6.8449998795986176,136.9099973887205,2025-03-21 07:00:00+08:00
2025-03-20 23:00:00+00:00,2025-03-21 07:00:00+08:00,GPM_1.45_103.85,103.8499984741211,1.4499999284744263,0.14999999105930328,0.07499999552965164,3B-HHR.MS.MRG.3IMERG.20250320-S230000-E232959.1380.V07B.HDF5,0.07499999552965164,3.289999909698963,6.539999879896641,133.75499736517668,2025-03-21 07:30:00+08:00
2025-03-20 23:30:00+00:00,2025-03-21 07:30:00+08:00,GPM_1.45_103.85,103.8499984741211,1.4499999284744263,0.20999999344348907,0.10499999672174454,3B-HHR.MS.MRG.3IMERG.20250320-S233000-E235959.1410.V07B.HDF5,0.17999999225139618,1.0549999922513962,6.079999879002571,129.6949974000454,2025-03-21 08:00:00+08:00
2025-03-21 00:00:00+00:00,2025-03-21 08:00:00+08:00,GPM_1.45_103.85,103.8499984741211,1.4499999284744263,0.17000000178813934,0.08500000089406967,3B-HHR.MS.MRG.3IMERG.20250321-S000000-E002959.0000.V07B.HDF5,0.1899999976158142,0.3999999836087227,5.614999867975712,120.00499778240919,2025-03-21 08:30:00+08:00
2025-03-21 00:30:00+00:00,2025-03-21 08:30:00+08:00,GPM_1.45_103.85,103.8499984741211,1.4499999284744263,0.0,0.0,3B-HHR.MS.MRG.3IMERG.20250321-S003000-E005959.0030.V07B.HDF5,0.08500000089406967,0.3999999836087227,5.199999876320362,114.25999789685011,2025-03-21 09:00:00+08:00
2025-03-21 01:00:00+00:00,2025-03-21 09:00:00+08:00,GPM_1.45_103.85,103.8499984741211,1.4499999284744263,0.0,0.0,3B-HHR.MS.MRG.3IMERG.20250321-S010000-E012959.0060.V07B.HDF5,0.0,0.26499999314546585,4.0799998715519905,105.17499785870314,2025-03-21 09:30:00+08:00
2025-03-21 01:30:00+00:00,2025-03-21 09:30:00+08:00,GPM_1.45_103.85,103.8499984741211,1.4499999284744263,0.0,0.0,3B-HHR.MS.MRG.3IMERG.20250321-S013000-E015959.0090.V07B.HDF5,0.0,0.26499999314546585,3.8799998834729195,100.49499803036451,2025-03-21 10:00:00+08:00
2025-03-21 02:00:00+00:00,2025-03-21 10:00:00+08:00,GPM_1.45_103.85,103.8499984741211,1.4499999284744263,0.3799999952316284,0.1899999976158142,3B-HHR.MS.MRG.3IMERG.20250321-S020000-E022959.0120.V07B.HDF5,0.1899999976158142,0.3799999952316284,3.6699999049305916,96.41999816149473,2025-03-21 10:30:00+08:00
2025-03-21 02:30:00+00:00,2025-03-21 10:30:00+08:00,GPM_1.45_103.85,103.8499984741211,1.4499999284744263,0.20999999344348907,0.10499999672174454,3B-HHR.MS.MRG.3IMERG.20250321-S023000-E025959.0150.V07B.HDF5,0.29499999433755875,0.3799999952316284,1.4349999874830246,92.41499802470207,2025-03-21 11:00:00+08:00
2025-03-21 03:00:00+00:00,2025-03-21 11:00:00+08:00,GPM_1.45_103.85,103.8499984741211,1.4499999284744263,0.09999999403953552,0.04999999701976776,3B-HHR.MS.MRG.3IMERG.20250321-S030000-E032959.0180.V07B.HDF5,0.1549999937415123,0.3449999913573265,0.7449999749660492,88.5299980789423,2025-03-21 11:30:00+08:00
2025-03-21 03:30:00+00:00,2025-03-21 11:30:00+08:00,GPM_1.45_103.85,103.8499984741211,1.4499999284744263,0.09999999403953552,0.04999999701976776,3B-HHR.MS.MRG.3IMERG.20250321-S033000-E035959.0210.V07B.HDF5,0.09999999403953552,0.39499998837709427,0.794999971985817,85.27999812364578,2025-03-21 12:00:00+08:00
2025-03-21 04:00:00+00:00,2025-03-21 12:00:00+08:00,GPM_1.45_103.85,103.8499984741211,1.4499999284744263,0.11999999731779099,0.05999999865889549,3B-HHR.MS.MRG.3IMERG.20250321-S040000-E042959.0240.V07B.HDF5,0.10999999567866325,0.45499998703598976,0.7199999801814556,82.93499815091491,2025-03-21 12:30:00+08:00
2025-03-21 04:30:00+00:00,2025-03-21 12:30:00+08:00,GPM_1.45_103.85,103.8499984741211,1.4499999284744263,0.3799999952316284,0.1899999976158142,3B-HHR.MS.MRG.3IMERG.20250321-S043000-E045959.0270.V07B.HDF5,0.2499999962747097,0.644999984651804,0.9099999777972698,80.06499820575118,2025-03-21 13:00:00+08:00
2025-03-21 05:00:00+00:00,2025-03-21 13:00:00+08:00,GPM_1.45_103.85,103.8499984741211,1.4499999284744263,0.7099999785423279,0.35499998927116394,3B-HHR.MS.MRG.3IMERG.20250321-S050000-E052959.0300.V07B.HDF5,0.5449999868869781,0.8099999763071537,1.1899999715387821,76.56499817594886,2025-03-21 13:30:00+08:00
2025-03-21 05:30:00+00:00,2025-03-21 13:30:00+08:00,GPM_1.45_103.85,103.8499984741211,1.4499999284744263,0.7699999809265137,0.38499999046325684,3B-HHR.MS.MRG.3IMERG.20250321-S053000-E055959.0330.V07B.HDF5,0.7399999797344208,1.089999970048666,1.4699999652802944,71.71999814733863,2025-03-21 14:00:00+08:00
2025-03-21 06:00:00+00:00,2025-03-21 14:00:00+08:00,GPM_1.45_103.85,103.8499984741211,1.4499999284744263,0.429999977350235,0.2149999886751175,3B-HHR.MS.MRG.3IMERG.20250321-S060000-E062959.0360.V07B.HDF5,0.5999999791383743,1.2549999617040157,1.5999999530613422,66.6999984793365,2025-03-21 14:30:00+08:00
2025-03-21 06:30:00+00:00,2025-03-21 14:30:00+08:00,GPM_1.45_103.85,103.8499984741211,1.4499999284744263,0.22999998927116394,0.11499999463558197,3B-HHR.MS.MRG.3IMERG.20250321-S063000-E065959.0390.V07B.HDF5,0.32999998331069946,1.31999995931983,1.7149999476969242,61.649998512119055,2025-03-21 15:00:00+08:00
2025-03-21 07:00:00+00:00,2025-03-21 15:00:00+08:00,GPM_1.45_103.85,103.8499984741211,1.4499999284744263,0.0,0.0,3B-HHR.MS.MRG.3IMERG.20250321-S070000-E072959.0420.V07B.HDF5,0.11499999463558197,1.2599999606609344,1.7149999476969242,56.399998512119055,2025-03-21 15:30:00+08:00
2025-03-21 07:30:00+00:00,2025-03-21 15:30:00+08:00,GPM_1.45_103.85,103.8499984741211,1.4499999284744263,0.6699999570846558,0.3349999785423279,3B-HHR.MS.MRG.3IMERG.20250321-S073000-E075959.0450.V07B.HDF5,0.3349999785423279,1.4049999415874481,2.049999926239252,51.57999875769019,2025-03-21 16:00:00+08:00
2025-03-21 08:00:00+00:00,2025-03-21 16:00:00+08:00,GPM_1.45_103.85,103.8499984741211,1.4499999284744263,1.0,0.5,3B-HHR.MS.MRG.3IMERG.20250321-S080000-E082959.0480.V07B.HDF5,0.8349999785423279,1.5499999523162842,2.359999928623438,46.74499871954322,2025-03-21 16:30:00+08:00
2025-03-21 08:30:00+00:00,2025-03-21 16:30:00+08:00,GPM_1.45_103.85,103.8499984741211,1.4499999284744263,0.28999999165534973,0.14499999582767487,3B-HHR.MS.MRG.3IMERG.20250321-S083000-E085959.0510.V07B.HDF5,0.6449999958276749,1.3099999576807022,2.399999927729368,41.64499882981181,2025-03-21 17:00:00+08:00
2025-03-21 09:00:00+00:00,2025-03-21 17:00:00+08:00,GPM_1.45_103.85,103.8499984741211,1.4499999284744263,0.3199999928474426,0.1599999964237213,3B-HHR.MS.MRG.3IMERG.20250321-S090000-E092959.0540.V07B.HDF5,0.3049999922513962,1.254999965429306,2.5099999271333218,36.34999890252948,2025-03-21 17:30:00+08:00
2025-03-21 09:30:00+00:00,2025-03-21 17:30:00+08:00,GPM_1.45_103.85,103.8499984741211,1.4499999284744263,0.8199999928474426,0.4099999964237213,3B-HHR.MS.MRG.3IMERG.20250321-S093000-E095959.0570.V07B.HDF5,0.5699999928474426,1.5499999672174454,2.8699999265372753,33.90999899432063,2025-03-21 18:00:00+08:00
2025-03-21 10:00:00+00:00,2025-03-21 18:00:00+08:00,GPM_1.45_103.85,103.8499984741211,1.4499999284744263,0.22999998927116394,0.11499999463558197,3B-HHR.MS.MRG.3IMERG.20250321-S100000-E102959.0600.V07B.HDF5,0.5249999910593033,1.6649999618530273,2.924999922513962,30.52999910339713,2025-03-21 18:30:00+08:00
2025-03-21 10:30:00+00:00,2025-03-21 18:30:00+08:00,GPM_1.45_103.85,103.8499984741211,1.4499999284744263,0.32999998331069946,0.16499999165534973,3B-HHR.MS.MRG.3IMERG.20250321-S103000-E105959.0630.V07B.HDF5,0.2799999862909317,1.4949999749660492,2.8999999165534973,28.364999171346426,2025-03-21 19:00:00+08:00
2025-03-21 11:00:00+00:00,2025-03-21 19:00:00+08:00,GPM_1.45_103.85,103.8499984741211,1.4499999284744263,0.07999999821186066,0.03999999910593033,3B-HHR.MS.MRG.3IMERG.20250321-S110000-E112959.0660.V07B.HDF5,0.20499999076128006,1.0349999740719795,2.5849999263882637,26.33499923720956,2025-03-21 19:30:00+08:00
2025-03-21 11:30:00+00:00,2025-03-21 19:30:00+08:00,GPM_1.45_103.85,103.8499984741211,1.4499999284744263,0.4899999797344208,0.2449999898672104,3B-HHR.MS.MRG.3IMERG.20250321-S113000-E115959.0690.V07B.HDF5,0.2849999889731407,1.134999968111515,2.4449999257922173,24.584999222308397,2025-03-21 20:00:00+08:00
2025-03-21 12:00:00+00:00,2025-03-21 20:00:00+08:00,GPM_1.45_103.85,103.8499984741211,1.4499999284744263,1.3399999141693115,0.6699999570846558,3B-HHR.MS.MRG.3IMERG.20250321-S120000-E122959.0720.V07B.HDF5,0.9149999469518661,1.6449999287724495,2.8999998942017555,23.659999269992113,2025-03-21 20:30:00+08:00
2025-03-21 12:30:00+00:00,2025-03-21 20:30:00+08:00,GPM_1.45_103.85,103.8499984741211,1.4499999284744263,1.1299999952316284,0.5649999976158142,3B-HHR.MS.MRG.3IMERG.20250321-S123000-E125959.0750.V07B.HDF5,1.23499995470047,1.7999999299645424,3.3499998971819878,22.259999353438616,2025-03-21 21:00:00+08:00
2025-03-21 13:00:00+00:00,2025-03-21 21:00:00+08:00,GPM_1.45_103.85,103.8499984741211,1.4499999284744263,1.0699999332427979,0.5349999666213989,3B-HHR.MS.MRG.3IMERG.20250321-S130000-E132959.0780.V07B.HDF5,1.0999999642372131,2.2199999019503593,3.8849998638033867,21.484999377280474,2025-03-21 21:30:00+08:00
2025-03-21 13:30:00+00:00,2025-03-21 21:30:00+08:00,GPM_1.45_103.85,103.8499984741211,1.4499999284744263,0.3999999761581421,0.19999998807907104,3B-HHR.MS.MRG.3IMERG.20250321-S133000-E135959.0810.V07B.HDF5,0.73499995470047,2.2549998983740807,3.74999987334013,19.85499944165349,2025-03-21 22:00:00+08:00
2025-03-21 14:00:00+00:00,2025-03-21 22:00:00+08:00,GPM_1.45_103.85,103.8499984741211,1.4499999284744263,1.3199999332427979,0.6599999666213989,3B-HHR.MS.MRG.3IMERG.20250321-S140000-E142959.0840.V07B.HDF5,0.85999995470047,2.8749998658895493,3.909999839961529,18.299999494105577,2025-03-21 22:30:00+08:00
2025-03-21 14:30:00+00:00,2025-03-21 22:30:00+08:00,GPM_1.45_103.85,103.8499984741211,1.4499999284744263,1.409999966621399,0.7049999833106995,3B-HHR.MS.MRG.3IMERG.20250321-S143000-E145959.0870.V07B.HDF5,1.3649999499320984,3.3349998593330383,4.469999827444553,16.979999620467424,2025-03-21 23:00:00+08:00
2025-03-21 15:00:00+00:00,2025-03-21 23:00:00+08:00,GPM_1.45_103.85,103.8499984741211,1.4499999284744263,1.96999990940094,0.98499995470047,3B-HHR.MS.MRG.3IMERG.20250321-S150000-E152959.0900.V07B.HDF5,1.6899999380111694,3.6499998569488525,5.294999785721302,16.579999584704638,2025-03-21 23:30:00+08:00
2025-03-21 15:30:00+00:00,2025-03-21 23:30:00+08:00,GPM_1.45_103.85,103.8499984741211,1.4499999284744263,2.180000066757202,1.090000033378601,3B-HHR.MS.MRG.3IMERG.20250321-S153000-E155959.0930.V07B.HDF5,2.074999988079071,4.174999892711639,5.974999822676182,16.734999615699053,2025-03-22 00:00:00+08:00
2025-03-18 16:00:00+00:00,2025-03-19 00:00:00+08:00,GPM_1.45_103.95,103.94999694824219,1.4499999284744263,0.17999999225139618,0.08999999612569809,3B-HHR.MS.MRG.3IMERG.20250318-S160000-E162959.0960.V07B.HDF5,,,,,2025-03-19 00:30:00+08:00
2025-03-18 16:30:00+00:00,2025-03-19 00:30:00+08:00,GPM_1.45_103.95,103.94999694824219,1.4499999284744263,2.859999895095825,1.4299999475479126,3B-HHR.MS.MRG.3IMERG.20250318-S163000-E165959.0990.V07B.HDF5,1.5199999436736107,,,,2025-03-19 01:00:00+08:00
2025-03-18 17:00:00+00:00,2025-03-19 01:00:00+08:00,GPM_1.45_103.95,103.94999694824219,1.4499999284744263,0.009999999776482582,0.004999999888241291,3B-HHR.MS.MRG.3IMERG.20250318-S170000-E172959.1020.V07B.HDF5,1.4349999474361539,,,,2025-03-19 01:30:00+08:00
2025-03-18 17:30:00+00:00,2025-03-19 01:30:00+08:00,GPM_1.45_103.95,103.94999694824219,1.4499999284744263,0.2199999988079071,0.10999999940395355,3B-HHR.MS.MRG.3IMERG.20250318-S173000-E175959.1050.V07B.HDF5,0.11499999929219484,,,,2025-03-19 02:00:00+08:00
2025-03-18 18:00:00+00:00,2025-03-19 02:00:00+08:00,GPM_1.45_103.95,103.94999694824219,1.4499999284744263,0.08999999612569809,0.044999998062849045,3B-HHR.MS.MRG.3IMERG.20250318-S180000-E182959.1080.V07B.HDF5,0.1549999974668026,,,,2025-03-19 02:30:00+08:00
2025-03-18 18:30:00+00:00,2025-03-19 02:30:00+08:00,GPM_1.45_103.95,103.94999694824219,1.4499999284744263,0.8799999952316284,0.4399999976158142,3B-HHR.MS.MRG.3IMERG.20250318-S183000-E185959.1110.V07B.HDF5,0.48499999567866325,2.119999938644469,,,2025-03-19 03:00:00+08:00
2025-03-18 19:00:00+00:00,2025-03-19 03:00:00+08:00,GPM_1.45_103.95,103.94999694824219,1.4499999284744263,0.1599999964237213,0.07999999821186066,3B-HHR.MS.MRG.3IMERG.20250318-S190000-E192959.1140.V07B.HDF5,0.5199999958276749,2.1099999407306314,,,2025-03-19 03:30:00+08:00
2025-03-18 19:30:00+00:00,2025-03-19 03:30:00+08:00,GPM_1.45_103.95,103.94999694824219,1.4499999284744263,0.41999998688697815,0.20999999344348907,3B-HHR.MS.MRG.3IMERG.20250318-S193000-E195959.1170.V07B.HDF5,0.28999999165534973,0.8899999866262078,,,2025-03-19 04:00:00+08:00
2025-03-18 20:00:00+00:00,2025-03-19 04:00:00+08:00,GPM_1.45_103.95,103.94999694824219,1.4499999284744263,0.0,0.0,3B-HHR.MS.MRG.3IMERG.20250318-S200000-E202959.1200.V07B.HDF5,0.20999999344348907,0.8849999867379665,,,2025-03-19 04:30:00+08:00
2025-03-18 20:30:00+00:00,2025-03-19 04:30:00+08:00,GPM_1.45_103.95,103.94999694824219,1.4499999284744263,0.5799999833106995,0.28999999165534973,3B-HHR.MS.MRG.3IMERG.20250318-S203000-E205959.1230.V07B.HDF5,0.28999999165534973,1.0649999789893627,,,2025-03-19 05:00:00+08:00
2025-03-18 21:00:00+00:00,2025-03-19 05:00:00+08:00,GPM_1.45_103.95,103.94999694824219,1.4499999284744263,1.2400000095367432,0.6200000047683716,3B-HHR.MS.MRG.3IMERG.20250318-S210000-E212959.1260.V07B.HDF5,0.9099999964237213,1.6399999856948853,,,2025-03-19 05:30:00+08:00
2025-03-18 21:30:00+00:00,2025-03-19 05:30:00+08:00,GPM_1.45_103.95,103.94999694824219,1.4499999284744263,1.3700000047683716,0.6850000023841858,3B-HHR.MS.MRG.3IMERG.20250318-S213000-E215959.1290.V07B.HDF5,1.3050000071525574,1.8849999904632568,4.004999929107726,,2025-03-19 06:00:00+08:00
2025-03-18 22:00:00+00:00,2025-03-19 06:00:00+08:00,GPM_1.45_103.95,103.94999694824219,1.4499999284744263,1.2899999618530273,0.6449999809265137,3B-HHR.MS.MRG.3IMERG.20250318-S220000-E222959.1320.V07B.HDF5,1.3299999833106995,2.44999997317791,4.559999913908541,,2025-03-19 06:30:00+08:00
2025-03-18 22:30:00+00:00,2025-03-19 06:30:00+08:00,GPM_1.45_103.95,103.94999694824219,1.4499999284744263,0.429999977350235,0.2149999886751175,3B-HHR.MS.MRG.3IMERG.20250318-S223000-E225959.1350.V07B.HDF5,0.8599999696016312,2.4549999684095383,3.344999955035746,,2025-03-19 07:00:00+08:00
2025-03-18 23:00:00+00:00,2025-03-19 07:00:00+08:00,GPM_1.45_103.95,103.94999694824219,1.4499999284744263,1.1200000047683716,0.5600000023841858,3B-HHR.MS.MRG.3IMERG.20250318-S230000-E232959.1380.V07B.HDF5,0.7749999910593033,3.014999970793724,3.8999999575316906,,2025-03-19 07:30:00+08:00
2025-03-18 23:30:00+00:00,2025-03-19 07:30:00+08:00,GPM_1.45_103.95,103.94999694824219,1.4499999284744263,1.0799999237060547,0.5399999618530273,3B-HHR.MS.MRG.3IMERG.20250318-S233000-E235959.1410.V07B.HDF5,1.0999999642372131,3.2649999409914017,4.329999919980764,,2025-03-19 08:00:00+08:00
2025-03-19 00:00:00+00:00,2025-03-19 08:00:00+08:00,GPM_1.45_103.95,103.94999694824219,1.4499999284744263,4.329999923706055,2.1649999618530273,3B-HHR.MS.MRG.3IMERG.20250319-S000000-E002959.0000.V07B.HDF5,2.7049999237060547,4.809999898076057,6.449999883770943,,2025-03-19 08:30:00+08:00
2025-03-19 00:30:00+00:00,2025-03-19 08:30:00+08:00,GPM_1.45_103.95,103.94999694824219,1.4499999284744263,5.130000114440918,2.565000057220459,3B-HHR.MS.MRG.3IMERG.20250319-S003000-E005959.0030.V07B.HDF5,4.730000019073486,6.689999952912331,8.574999943375587,,2025-03-19 09:00:00+08:00
2025-03-19 01:00:00+00:00,2025-03-19 09:00:00+08:00,GPM_1.45_103.95,103.94999694824219,1.4499999284744263,5.349999904632568,2.674999952316284,3B-HHR.MS.MRG.3IMERG.20250319-S010000-E012959.0060.V07B.HDF5,5.240000009536743,8.719999924302101,11.169999897480011,,2025-03-19 09:30:00+08:00
2025-03-19 01:30:00+00:00,2025-03-19 09:30:00+08:00,GPM_1.45_103.95,103.94999694824219,1.4499999284744263,5.829999923706055,2.9149999618530273,3B-HHR.MS.MRG.3IMERG.20250319-S013000-E015959.0090.V07B.HDF5,5.5899999141693115,11.419999897480011,13.87499986588955,,2025-03-19 10:00:00+08:00
2025-03-19 02:00:00+00:00,2025-03-19 10:00:00+08:00,GPM_1.45_103.95,103.94999694824219,1.4499999284744263,6.139999866485596,3.069999933242798,3B-HHR.MS.MRG.3IMERG.20250319-S020000-E022959.0120.V07B.HDF5,5.984999895095825,13.929999828338623,16.944999799132347,,2025-03-19 10:30:00+08:00
2025-03-19 02:30:00+00:00,2025-03-19 10:30:00+08:00,GPM_1.45_103.95,103.94999694824219,1.4499999284744263,8.149999618530273,4.074999809265137,3B-HHR.MS.MRG.3IMERG.20250319-S023000-E025959.0150.V07B.HDF5,7.144999742507935,17.464999675750732,20.729999616742134,,2025-03-19 11:00:00+08:00
2025-03-19 03:00:00+00:00,2025-03-19 11:00:00+08:00,GPM_1.45_103.95,103.94999694824219,1.4499999284744263,8.489999771118164,4.244999885559082,3B-HHR.MS.MRG.3IMERG.20250319-S030000-E032959.0180.V07B.HDF5,8.319999694824219,19.544999599456787,24.354999497532845,,2025-03-19 11:30:00+08:00
2025-03-19 03:30:00+00:00,2025-03-19 11:30:00+08:00,GPM_1.45_103.95,103.94999694824219,1.4499999284744263,13.989999771118164,6.994999885559082,3B-HHR.MS.MRG.3IMERG.20250319-S033000-E035959.0210.V07B.HDF5,11.239999771118164,23.97499942779541,30.66499938070774,,2025-03-19 12:00:00+08:00
2025-03-19 04:00:00+00:00,2025-03-19 12:00:00+08:00,GPM_1.45_103.95,103.94999694824219,1.4499999284744263,3.129999876022339,1.5649999380111694,3B-HHR.MS.MRG.3IMERG.20250319-S040000-E042959.0240.V07B.HDF5,8.559999823570251,22.864999413490295,31.584999337792397,,2025-03-19 12:30:00+08:00
2025-03-19 04:30:00+00:00,2025-03-19 12:30:00+08:00,GPM_1.45_103.95,103.94999694824219,1.4499999284744263,6.0,3.0,3B-HHR.MS.MRG.3IMERG.20250319-S043000-E045959.0270.V07B.HDF5,4.564999938011169,22.949999451637268,34.36999934911728,,2025-03-19 13:00:00+08:00
2025-03-19 05:00:00+00:00,2025-03-19 13:00:00+08:00,GPM_1.45_103.95,103.94999694824219,1.4499999284744263,11.679999351501465,5.839999675750732,3B-HHR.MS.MRG.3IMERG.20250319-S050000-E052959.0300.V07B.HDF5,8.839999675750732,25.719999194145203,39.649999022483826,,2025-03-19 13:30:00+08:00
2025-03-19 05:30:00+00:00,2025-03-19 13:30:00+08:00,GPM_1.45_103.95,103.94999694824219,1.4499999284744263,12.09000015258789,6.045000076293945,3B-HHR.MS.MRG.3IMERG.20250319-S053000-E055959.0330.V07B.HDF5,11.884999752044678,27.68999946117401,45.154999136924744,,2025-03-19 14:00:00+08:00
2025-03-19 06:00:00+00:00,2025-03-19 14:00:00+08:00,GPM_1.45_103.95,103.94999694824219,1.4499999284744263,10.289999961853027,5.144999980926514,3B-HHR.MS.MRG.3IMERG.20250319-S060000-E062959.0360.V07B.HDF5,11.190000057220459,28.589999556541443,48.13499915599823,,2025-03-19 14:30:00+08:00
2025-03-19 06:30:00+00:00,2025-03-19 14:30:00+08:00,GPM_1.45_103.95,103.94999694824219,1.4499999284744263,8.989999771118164,4.494999885559082,3B-HHR.MS.MRG.3IMERG.20250319-S063000-E065959.0390.V07B.HDF5,9.639999866485596,26.089999556541443,50.06499898433685,,2025-03-19 15:00:00+08:00
2025-03-19 07:00:00+00:00,2025-03-19 15:00:00+08:00,GPM_1.45_103.95,103.94999694824219,1.4499999284744263,7.849999904632568,3.924999952316284,3B-HHR.MS.MRG.3IMERG.20250319-S070000-E072959.0420.V07B.HDF5,8.419999837875366,28.449999570846558,51.31499898433685,,2025-03-19 15:30:00+08:00
2025-03-19 07:30:00+00:00,2025-03-19 15:30:00+08:00,GPM_1.45_103.95,103.94999694824219,1.4499999284744263,4.679999828338623,2.3399999141693115,3B-HHR.MS.MRG.3IMERG.20250319-S073000-E075959.0450.V07B.HDF5,6.264999866485596,27.78999948501587,50.73999893665314,,2025-03-19 16:00:00+08:00
2025-03-19 08:00:00+00:00,2025-03-19 16:00:00+08:00,GPM_1.45_103.95,103.94999694824219,1.4499999284744263,4.659999847412109,2.3299999237060547,3B-HHR.MS.MRG.3IMERG.20250319-S080000-E082959.0480.V07B.HDF5,4.669999837875366,24.27999973297119,49.999998927116394,,2025-03-19 16:30:00+08:00
2025-03-19 08:30:00+00:00,2025-03-19 16:30:00+08:00,GPM_1.45_103.95,103.94999694824219,1.4499999284744263,5.230000019073486,2.615000009536743,3B-HHR.MS.MRG.3IMERG.20250319-S083000-E085959.0510.V07B.HDF5,4.944999933242798,20.84999966621399,48.539999127388,,2025-03-19 17:00:00+08:00
2025-03-19 09:00:00+00:00,2025-03-19 17:00:00+08:00,GPM_1.45_103.95,103.94999694824219,1.4499999284744263,5.819999694824219,2.9099998474121094,3B-HHR.MS.MRG.3IMERG.20250319-S090000-E092959.0540.V07B.HDF5,5.5249998569488525,18.614999532699585,47.20499908924103,,2025-03-19 17:30:00+08:00
2025-03-19 09:30:00+00:00,2025-03-19 17:30:00+08:00,GPM_1.45_103.95,103.94999694824219,1.4499999284744263,5.730000019073486,2.865000009536743,3B-HHR.MS.MRG.3IMERG.20250319-S093000-E095959.0570.V07B.HDF5,5.7749998569488525,16.984999656677246,43.07499921321869,,2025-03-19 18:00:00+08:00
2025-03-19 10:00:00+00:00,2025-03-19 18:00:00+08:00,GPM_1.45_103.95,103.94999694824219,1.4499999284744263,4.400000095367432,2.200000047683716,3B-HHR.MS.MRG.3IMERG.20250319-S100000-E102959.0600.V07B.HDF5,5.065000057220459,15.259999752044678,43.709999322891235,,2025-03-19 18:30:00+08:00
2025-03-19 10:30:00+00:00,2025-03-19 18:30:00+08:00,GPM_1.45_103.95,103.94999694824219,1.4499999284744263,5.299999713897705,2.6499998569488525,3B-HHR.MS.MRG.3IMERG.20250319-S103000-E105959.0630.V07B.HDF5,4.849999904632568,15.569999694824219,43.35999917984009,,2025-03-19 19:00:00+08:00
2025-03-19 11:00:00+00:00,2025-03-19 19:00:00+08:00,GPM_1.45_103.95,103.94999694824219,1.4499999284744263,5.170000076293945,2.5850000381469727,3B-HHR.MS.MRG.3IMERG.20250319-S110000-E112959.0660.V07B.HDF5,5.234999895095825,15.824999809265137,40.10499954223633,,2025-03-19 19:30:00+08:00
2025-03-19 11:30:00+00:00,2025-03-19 19:30:00+08:00,GPM_1.45_103.95,103.94999694824219,1.4499999284744263,5.0,2.5,3B-HHR.MS.MRG.3IMERG.20250319-S113000-E115959.0690.V07B.HDF5,5.085000038146973,15.709999799728394,36.55999946594238,,2025-03-19 20:00:00+08:00
2025-03-19 12:00:00+00:00,2025-03-19 20:00:00+08:00,GPM_1.45_103.95,103.94999694824219,1.4499999284744263,3.619999885559082,1.809999942779541,3B-HHR.MS.MRG.3IMERG.20250319-S120000-E122959.0720.V07B.HDF5,4.309999942779541,14.609999895095825,33.22499942779541,,2025-03-19 20:30:00+08:00
2025-03-19 12:30:00+00:00,2025-03-19 20:30:00+08:00,GPM_1.45_103.95,103.94999694824219,1.4499999284744263,7.019999980926514,3.509999990463257,3B-HHR.MS.MRG.3IMERG.20250319-S123000-E125959.0750.V07B.HDF5,5.319999933242798,15.254999876022339,32.239999532699585,,2025-03-19 21:00:00+08:00
2025-03-19 13:00:00+00:00,2025-03-19 21:00:00+08:00,GPM_1.45_103.95,103.94999694824219,1.4499999284744263,7.460000038146973,3.7300000190734863,3B-HHR.MS.MRG.3IMERG.20250319-S130000-E132959.0780.V07B.HDF5,7.240000009536743,16.78499984741211,32.04499959945679,,2025-03-19 21:30:00+08:00
2025-03-19 13:30:00+00:00,2025-03-19 21:30:00+08:00,GPM_1.45_103.95,103.94999694824219,1.4499999284744263,3.429999828338623,1.7149999141693115,3B-HHR.MS.MRG.3IMERG.20250319-S133000-E135959.0810.V07B.HDF5,5.444999933242798,15.849999904632568,31.419999599456787,,2025-03-19 22:00:00+08:00
2025-03-19 14:00:00+00:00,2025-03-19 22:00:00+08:00,GPM_1.45_103.95,103.94999694824219,1.4499999284744263,5.329999923706055,2.6649999618530273,3B-HHR.MS.MRG.3IMERG.20250319-S140000-E142959.0840.V07B.HDF5,4.379999876022339,15.929999828338623,31.75499963760376,,2025-03-19 22:30:00+08:00
2025-03-19 14:30:00+00:00,2025-03-19 22:30:00+08:00,GPM_1.45_103.95,103.94999694824219,1.4499999284744263,3.2100000381469727,1.6050000190734863,3B-HHR.MS.MRG.3IMERG.20250319-S143000-E145959.0870.V07B.HDF5,4.269999980926514,15.03499984741211,30.744999647140503,,2025-03-19 23:00:00+08:00
2025-03-19 15:00:00+00:00,2025-03-19 23:00:00+08:00,GPM_1.45_103.95,103.94999694824219,1.4499999284744263,3.429999828338623,1.7149999141693115,3B-HHR.MS.MRG.3IMERG.20250319-S150000-E152959.0900.V07B.HDF5,3.319999933242798,14.93999981880188,29.549999713897705,,2025-03-19 23:30:00+08:00
2025-03-19 15:30:00+00:00,2025-03-19 23:30:00+08:00,GPM_1.45_103.95,103.94999694824219,1.4499999284744263,3.119999885559082,1.559999942779541,3B-HHR.MS.MRG.3IMERG.20250319-S153000-E155959.0930.V07B.HDF5,3.2749998569488525,12.989999771118164,28.244999647140503,105.98999817017466,2025-03-20 00:00:00+08:00
2025-03-19 16:00:00+00:00,2025-03-20 00:00:00+08:00,GPM_1.45_103.95,103.94999694824219,1.4499999284744263,1.8600000143051147,0.9300000071525574,3B-HHR.MS.MRG.3IMERG.20250319-S160000-E162959.0960.V07B.HDF5,2.4899999499320984,10.189999759197235,26.974999606609344,106.82999818120152,2025-03-20 00:30:00+08:00
2025-03-19 16:30:00+00:00,2025-03-20 00:30:00+08:00,GPM_1.45_103.95,103.94999694824219,1.4499999284744263,2.3399999141693115,1.1699999570846558,3B-HHR.MS.MRG.3IMERG.20250319-S163000-E165959.0990.V07B.HDF5,2.099999964237213,9.64499980211258,25.494999706745148,106.56999819073826,2025-03-20 01:00:00+08:00
2025-03-19 17:00:00+00:00,2025-03-20 01:00:00+08:00,GPM_1.45_103.95,103.94999694824219,1.4499999284744263,5.150000095367432,2.575000047683716,3B-HHR.MS.MRG.3IMERG.20250319-S170000-E172959.1020.V07B.HDF5,3.7450000047683716,9.554999887943268,25.48499971628189,109.13999823853374,2025-03-20 01:30:00+08:00
2025-03-19 17:30:00+00:00,2025-03-20 01:30:00+08:00,GPM_1.45_103.95,103.94999694824219,1.4499999284744263,7.079999923706055,3.5399999618530273,3B-HHR.MS.MRG.3IMERG.20250319-S173000-E175959.1050.V07B.HDF5,6.115000009536743,11.489999830722809,26.524999678134918,112.56999820098281,2025-03-20 02:00:00+08:00
2025-03-19 18:00:00+00:00,2025-03-20 02:00:00+08:00,GPM_1.45_103.95,103.94999694824219,1.4499999284744263,5.889999866485596,2.944999933242798,3B-HHR.MS.MRG.3IMERG.20250319-S180000-E182959.1080.V07B.HDF5,6.484999895095825,12.719999849796295,27.659999668598175,115.46999813616276,2025-03-20 02:30:00+08:00
2025-03-19 18:30:00+00:00,2025-03-20 02:30:00+08:00,GPM_1.45_103.95,103.94999694824219,1.4499999284744263,5.940000057220459,2.9700000286102295,3B-HHR.MS.MRG.3IMERG.20250319-S183000-E185959.1110.V07B.HDF5,5.914999961853027,14.129999935626984,27.119999706745148,117.99999816715717,2025-03-20 03:00:00+08:00
2025-03-19 19:00:00+00:00,2025-03-20 03:00:00+08:00,GPM_1.45_103.95,103.94999694824219,1.4499999284744263,5.609999656677246,2.804999828338623,3B-HHR.MS.MRG.3IMERG.20250319-S190000-E192959.1140.V07B.HDF5,5.7749998569488525,16.00499975681305,26.194999516010284,120.72499799728394,2025-03-20 03:30:00+08:00
2025-03-19 19:30:00+00:00,2025-03-20 03:30:00+08:00,GPM_1.45_103.95,103.94999694824219,1.4499999284744263,6.299999713897705,3.1499998569488525,3B-HHR.MS.MRG.3IMERG.20250319-S193000-E195959.1170.V07B.HDF5,5.954999685287476,17.984999656677246,27.629999458789825,123.6649978607893,2025-03-20 04:00:00+08:00
2025-03-19 20:00:00+00:00,2025-03-20 04:00:00+08:00,GPM_1.45_103.95,103.94999694824219,1.4499999284744263,4.940000057220459,2.4700000286102295,3B-HHR.MS.MRG.3IMERG.20250319-S200000-E202959.1200.V07B.HDF5,5.619999885559082,17.87999963760376,27.434999525547028,126.13499788939953,2025-03-20 04:30:00+08:00
2025-03-19 20:30:00+00:00,2025-03-20 04:30:00+08:00,GPM_1.45_103.95,103.94999694824219,1.4499999284744263,5.199999809265137,2.5999999046325684,3B-HHR.MS.MRG.3IMERG.20250319-S203000-E205959.1230.V07B.HDF5,5.069999933242798,16.9399995803833,28.42999941110611,128.44499780237675,2025-03-20 05:00:00+08:00
2025-03-19 21:00:00+00:00,2025-03-20 05:00:00+08:00,GPM_1.45_103.95,103.94999694824219,1.4499999284744263,4.069999694824219,2.0349998474121094,3B-HHR.MS.MRG.3IMERG.20250319-S210000-E212959.1260.V07B.HDF5,4.634999752044678,16.029999494552612,28.749999344348907,129.85999764502048,2025-03-20 05:30:00+08:00
2025-03-19 21:30:00+00:00,2025-03-20 05:30:00+08:00,GPM_1.45_103.95,103.94999694824219,1.4499999284744263,9.420000076293945,4.710000038146973,3B-HHR.MS.MRG.3IMERG.20250319-S213000-E215959.1290.V07B.HDF5,6.744999885559082,17.769999504089355,31.89999943971634,133.88499768078327,2025-03-20 06:00:00+08:00
2025-03-19 22:00:00+00:00,2025-03-20 06:00:00+08:00,GPM_1.45_103.95,103.94999694824219,1.4499999284744263,7.690000057220459,3.8450000286102295,3B-HHR.MS.MRG.3IMERG.20250319-S220000-E222959.1320.V07B.HDF5,8.555000066757202,18.809999704360962,34.81499946117401,137.084997728467,2025-03-20 06:30:00+08:00
2025-03-19 22:30:00+00:00,2025-03-20 06:30:00+08:00,GPM_1.45_103.95,103.94999694824219,1.4499999284744263,6.230000019073486,3.115000009536743,3B-HHR.MS.MRG.3IMERG.20250319-S223000-E225959.1350.V07B.HDF5,6.960000038146973,18.774999856948853,36.7599995136261,139.9849977493286,2025-03-20 07:00:00+08:00
2025-03-19 23:00:00+00:00,2025-03-20 07:00:00+08:00,GPM_1.45_103.95,103.94999694824219,1.4499999284744263,8.229999542236328,4.114999771118164,3B-HHR.MS.MRG.3IMERG.20250319-S230000-E232959.1380.V07B.HDF5,7.229999780654907,20.419999599456787,38.29999923706055,143.5399975180626,2025-03-20 07:30:00+08:00
2025-03-19 23:30:00+00:00,2025-03-20 07:30:00+08:00,GPM_1.45_103.95,103.94999694824219,1.4499999284744263,11.199999809265137,5.599999904632568,3B-HHR.MS.MRG.3IMERG.20250319-S233000-E235959.1410.V07B.HDF5,9.714999675750732,23.419999599456787,40.35999917984009,148.59999746084213,2025-03-20 08:00:00+08:00
2025-03-20 00:00:00+00:00,2025-03-20 08:00:00+08:00,GPM_1.45_103.95,103.94999694824219,1.4499999284744263,16.119998931884766,8.059999465942383,3B-HHR.MS.MRG.3IMERG.20250320-S000000-E002959.0000.V07B.HDF5,13.659999370574951,29.44499921798706,45.47499871253967,154.4949969649315,2025-03-20 08:30:00+08:00
2025-03-20 00:30:00+00:00,2025-03-20 08:30:00+08:00,GPM_1.45_103.95,103.94999694824219,1.4499999284744263,16.149999618530273,8.074999809265137,3B-HHR.MS.MRG.3IMERG.20250320-S003000-E005959.0030.V07B.HDF5,16.13499927520752,32.809998989105225,50.57999849319458,160.00499671697617,2025-03-20 09:00:00+08:00
2025-03-20 01:00:00+00:00,2025-03-20 09:00:00+08:00,GPM_1.45_103.95,103.94999694824219,1.4499999284744263,17.529998779296875,8.764999389648438,3B-HHR.MS.MRG.3IMERG.20250320-S010000-E012959.0060.V07B.HDF5,16.839999198913574,37.72999835014343,56.539998054504395,166.09499615430832,2025-03-20 09:30:00+08:00
2025-03-20 01:30:00+00:00,2025-03-20 09:30:00+08:00,GPM_1.45_103.95,103.94999694824219,1.4499999284744263,11.539999961853027,5.769999980926514,3B-HHR.MS.MRG.3IMERG.20250320-S013000-E015959.0090.V07B.HDF5,14.534999370574951,40.3849983215332,59.159998178482056,168.9499961733818,2025-03-20 10:00:00+08:00
2025-03-20 02:00:00+00:00,2025-03-20 10:00:00+08:00,GPM_1.45_103.95,103.94999694824219,1.4499999284744263,10.279999732971191,5.139999866485596,3B-HHR.MS.MRG.3IMERG.20250320-S020000-E022959.0120.V07B.HDF5,10.90999984741211,41.409998416900635,61.82999801635742,171.0199961066246,2025-03-20 10:30:00+08:00
2025-03-20 02:30:00+00:00,2025-03-20 10:30:00+08:00,GPM_1.45_103.95,103.94999694824219,1.4499999284744263,9.90999984741211,4.954999923706055,3B-HHR.MS.MRG.3IMERG.20250320-S023000-E025959.0150.V07B.HDF5,10.09499979019165,40.76499843597412,64.18499803543091,171.89999622106552,2025-03-20 11:00:00+08:00
2025-03-20 03:00:00+00:00,2025-03-20 11:00:00+08:00,GPM_1.45_103.95,103.94999694824219,1.4499999284744263,8.960000038146973,4.480000019073486,3B-HHR.MS.MRG.3IMERG.20250320-S030000-E032959.0180.V07B.HDF5,9.434999942779541,37.184998989105225,66.62999820709229,172.13499635457993,2025-03-20 11:30:00+08:00
2025-03-20 03:30:00+00:00,2025-03-20 11:30:00+08:00,GPM_1.45_103.95,103.94999694824219,1.4499999284744263,7.21999979019165,3.609999895095825,3B-HHR.MS.MRG.3IMERG.20250320-S033000-E035959.0210.V07B.HDF5,8.089999914169312,32.71999907493591,65.52999806404114,168.74999636411667,2025-03-20 12:00:00+08:00
2025-03-20 04:00:00+00:00,2025-03-20 12:00:00+08:00,GPM_1.45_103.95,103.94999694824219,1.4499999284744263,4.980000019073486,2.490000009536743,3B-HHR.MS.MRG.3IMERG.20250320-S040000-E042959.0240.V07B.HDF5,6.099999904632568,26.44499969482422,64.17499804496765,169.67499643564224,2025-03-20 12:30:00+08:00
2025-03-20 04:30:00+00:00,2025-03-20 12:30:00+08:00,GPM_1.45_103.95,103.94999694824219,1.4499999284744263,6.190000057220459,3.0950000286102295,3B-HHR.MS.MRG.3IMERG.20250320-S043000-E045959.0270.V07B.HDF5,5.585000038146973,23.769999742507935,64.15499806404114,169.76999646425247,2025-03-20 13:00:00+08:00
2025-03-20 05:00:00+00:00,2025-03-20 13:00:00+08:00,GPM_1.45_103.95,103.94999694824219,1.4499999284744263,7.669999599456787,3.8349997997283936,3B-HHR.MS.MRG.3IMERG.20250320-S050000-E052959.0300.V07B.HDF5,6.929999828338623,22.464999675750732,63.87499809265137,167.76499658823013,2025-03-20 13:30:00+08:00
2025-03-20 05:30:00+00:00,2025-03-20 13:30:00+08:00,GPM_1.45_103.95,103.94999694824219,1.4499999284744263,10.239999771118164,5.119999885559082,3B-HHR.MS.MRG.3IMERG.20250320-S053000-E055959.0330.V07B.HDF5,8.954999685287476,22.62999963760376,63.39499807357788,166.83999639749527,2025-03-20 14:00:00+08:00
2025-03-20 06:00:00+00:00,2025-03-20 14:00:00+08:00,GPM_1.45_103.95,103.94999694824219,1.4499999284744263,10.109999656677246,5.054999828338623,3B-HHR.MS.MRG.3IMERG.20250320-S060000-E062959.0360.V07B.HDF5,10.174999713897705,23.204999446868896,60.38999843597412,166.74999624490738,2025-03-20 14:30:00+08:00
2025-03-20 06:30:00+00:00,2025-03-20 14:30:00+08:00,GPM_1.45_103.95,103.94999694824219,1.4499999284744263,9.949999809265137,4.974999904632568,3B-HHR.MS.MRG.3IMERG.20250320-S063000-E065959.0390.V07B.HDF5,10.029999732971191,24.56999945640564,57.28999853134155,167.22999626398087,2025-03-20 15:00:00+08:00
2025-03-20 07:00:00+00:00,2025-03-20 15:00:00+08:00,GPM_1.45_103.95,103.94999694824219,1.4499999284744263,9.510000228881836,4.755000114440918,3B-HHR.MS.MRG.3IMERG.20250320-S070000-E072959.0420.V07B.HDF5,9.730000019073486,26.834999561309814,53.27999925613403,168.0599964261055,2025-03-20 15:30:00+08:00
2025-03-20 07:30:00+00:00,2025-03-20 15:30:00+08:00,GPM_1.45_103.95,103.94999694824219,1.4499999284744263,6.299999713897705,3.1499998569488525,3B-HHR.MS.MRG.3IMERG.20250320-S073000-E075959.0450.V07B.HDF5,7.9049999713897705,26.889999389648438,50.65999913215637,168.86999636888504,2025-03-20 16:00:00+08:00
2025-03-20 08:00:00+00:00,2025-03-20 16:00:00+08:00,GPM_1.45_103.95,103.94999694824219,1.4499999284744263,8.170000076293945,4.085000038146973,3B-HHR.MS.MRG.3IMERG.20250320-S080000-E082959.0480.V07B.HDF5,7.234999895095825,27.139999628067017,49.60499930381775,170.62499648332596,2025-03-20 16:30:00+08:00
2025-03-20 08:30:00+00:00,2025-03-20 16:30:00+08:00,GPM_1.45_103.95,103.94999694824219,1.4499999284744263,7.279999732971191,3.6399998664855957,3B-HHR.MS.MRG.3IMERG.20250320-S083000-E085959.0510.V07B.HDF5,7.724999904632568,25.65999960899353,48.28999924659729,171.6499963402748,2025-03-20 17:00:00+08:00
2025-03-20 09:00:00+00:00,2025-03-20 17:00:00+08:00,GPM_1.45_103.95,103.94999694824219,1.4499999284744263,6.949999809265137,3.4749999046325684,3B-HHR.MS.MRG.3IMERG.20250320-S090000-E092959.0540.V07B.HDF5,7.114999771118164,24.079999685287476,47.28499913215637,172.21499639749527,2025-03-20 17:30:00+08:00
2025-03-20 09:30:00+00:00,2025-03-20 17:30:00+08:00,GPM_1.45_103.95,103.94999694824219,1.4499999284744263,3.8399999141693115,1.9199999570846558,3B-HHR.MS.MRG.3IMERG.20250320-S093000-E095959.0570.V07B.HDF5,5.394999861717224,21.024999737739563,45.5949991941452,171.26999634504318,2025-03-20 18:00:00+08:00
2025-03-20 10:00:00+00:00,2025-03-20 18:00:00+08:00,GPM_1.45_103.95,103.94999694824219,1.4499999284744263,6.199999809265137,3.0999999046325684,3B-HHR.MS.MRG.3IMERG.20250320-S100000-E102959.0600.V07B.HDF5,5.019999861717224,19.369999527931213,46.20499908924103,172.16999620199203,2025-03-20 18:30:00+08:00
2025-03-20 10:30:00+00:00,2025-03-20 18:30:00+08:00,GPM_1.45_103.95,103.94999694824219,1.4499999284744263,4.509999752044678,2.254999876022339,3B-HHR.MS.MRG.3IMERG.20250320-S103000-E105959.0630.V07B.HDF5,5.354999780654907,18.4749995470047,45.36499893665314,171.77499622106552,2025-03-20 19:00:00+08:00
2025-03-20 11:00:00+00:00,2025-03-20 19:00:00+08:00,GPM_1.45_103.95,103.94999694824219,1.4499999284744263,4.130000114440918,2.065000057220459,3B-HHR.MS.MRG.3IMERG.20250320-S110000-E112959.0660.V07B.HDF5,4.319999933242798,16.454999566078186,43.5949991941452,171.254996240139,2025-03-20 19:30:00+08:00
2025-03-20 11:30:00+00:00,2025-03-20 19:30:00+08:00,GPM_1.45_103.95,103.94999694824219,1.4499999284744263,3.629999876022339,1.8149999380111694,3B-HHR.MS.MRG.3IMERG.20250320-S113000-E115959.0690.V07B.HDF5,3.8799999952316284,14.62999963760376,40.28999924659729,170.56999617815018,2025-03-20 20:00:00+08:00
2025-03-20 12:00:00+00:00,2025-03-20 20:00:00+08:00,GPM_1.45_103.95,103.94999694824219,1.4499999284744263,1.8199999332427979,0.9099999666213989,3B-HHR.MS.MRG.3IMERG.20250320-S120000-E122959.0720.V07B.HDF5,2.7249999046325684,12.06499969959259,36.144999384880066,169.66999620199203,2025-03-20 20:30:00+08:00
2025-03-20 12:30:00+00:00,2025-03-20 20:30:00+08:00,GPM_1.45_103.95,103.94999694824219,1.4499999284744263,3.109999895095825,1.5549999475479126,3B-HHR.MS.MRG.3IMERG.20250320-S123000-E125959.0750.V07B.HDF5,2.4649999141693115,11.699999690055847,32.72499942779541,167.7149961590767,2025-03-20 21:00:00+08:00
2025-03-20 13:00:00+00:00,2025-03-20 21:00:00+08:00,GPM_1.45_103.95,103.94999694824219,1.4499999284744263,1.5799999237060547,0.7899999618530273,3B-HHR.MS.MRG.3IMERG.20250320-S130000-E132959.0780.V07B.HDF5,2.34499990940094,9.389999747276306,28.75999927520752,164.77499610185623,2025-03-20 21:30:00+08:00
2025-03-20 13:30:00+00:00,2025-03-20 21:30:00+08:00,GPM_1.45_103.95,103.94999694824219,1.4499999284744263,3.049999952316284,1.524999976158142,3B-HHR.MS.MRG.3IMERG.20250320-S133000-E135959.0810.V07B.HDF5,2.3149999380111694,8.65999984741211,27.13499939441681,164.58499616384506,2025-03-20 22:00:00+08:00
2025-03-20 14:00:00+00:00,2025-03-20 22:00:00+08:00,GPM_1.45_103.95,103.94999694824219,1.4499999284744263,3.8299999237060547,1.9149999618530273,3B-HHR.MS.MRG.3IMERG.20250320-S140000-E142959.0840.V07B.HDF5,3.4399999380111694,8.509999752044678,24.964999318122864,163.83499616384506,2025-03-20 22:30:00+08:00
2025-03-20 14:30:00+00:00,2025-03-20 22:30:00+08:00,GPM_1.45_103.95,103.94999694824219,1.4499999284744263,2.9600000381469727,1.4800000190734863,3B-HHR.MS.MRG.3IMERG.20250320-S143000-E145959.0870.V07B.HDF5,3.3949999809265137,8.174999833106995,22.804999470710754,163.70999616384506,2025-03-20 23:00:00+08:00
2025-03-20 15:00:00+00:00,2025-03-20 23:00:00+08:00,GPM_1.45_103.95,103.94999694824219,1.4499999284744263,2.609999895095825,1.3049999475479126,3B-HHR.MS.MRG.3IMERG.20250320-S150000-E152959.0900.V07B.HDF5,2.784999966621399,8.569999814033508,20.6349995136261,163.29999619722366,2025-03-20 23:30:00+08:00
2025-03-20 15:30:00+00:00,2025-03-20 23:30:00+08:00,GPM_1.45_103.95,103.94999694824219,1.4499999284744263,1.8199999332427979,0.9099999666213989,3B-HHR.MS.MRG.3IMERG.20250320-S153000-E155959.0930.V07B.HDF5,2.2149999141693115,7.924999833106995,19.624999523162842,162.64999622106552,2025-03-21 00:00:00+08:00
2025-03-20 16:00:00+00:00,2025-03-21 00:00:00+08:00,GPM_1.45_103.95,103.94999694824219,1.4499999284744263,0.5399999618530273,0.26999998092651367,3B-HHR.MS.MRG.3IMERG.20250320-S160000-E162959.0960.V07B.HDF5,1.1799999475479126,7.404999852180481,16.794999599456787,161.98999619483948,2025-03-21 00:30:00+08:00
2025-03-20 16:30:00+00:00,2025-03-21 00:30:00+08:00,GPM_1.45_103.95,103.94999694824219,1.4499999284744263,0.1599999964237213,0.07999999821186066,3B-HHR.MS.MRG.3IMERG.20250320-S163000-E165959.0990.V07B.HDF5,0.34999997913837433,5.9599998742341995,14.619999721646309,160.89999623596668,2025-03-21 01:00:00+08:00
2025-03-20 17:00:00+00:00,2025-03-21 01:00:00+08:00,GPM_1.45_103.95,103.94999694824219,1.4499999284744263,0.7099999785423279,0.35499998927116394,3B-HHR.MS.MRG.3IMERG.20250320-S170000-E172959.1020.V07B.HDF5,0.4349999874830246,4.399999901652336,12.909999653697014,158.67999617755413,2025-03-21 01:30:00+08:00
2025-03-20 17:30:00+00:00,2025-03-21 01:30:00+08:00,GPM_1.45_103.95,103.94999694824219,1.4499999284744263,0.9699999690055847,0.48499998450279236,3B-HHR.MS.MRG.3IMERG.20250320-S173000-E175959.1050.V07B.HDF5,0.8399999737739563,3.404999867081642,11.579999700188637,155.6249962002039,2025-03-21 02:00:00+08:00
2025-03-20 18:00:00+00:00,2025-03-21 02:00:00+08:00,GPM_1.45_103.95,103.94999694824219,1.4499999284744263,1.1200000047683716,0.5600000023841858,3B-HHR.MS.MRG.3IMERG.20250320-S180000-E182959.1080.V07B.HDF5,1.0449999868869781,2.6599999219179153,11.229999735951424,153.23999626934528,2025-03-21 02:30:00+08:00
2025-03-20 18:30:00+00:00,2025-03-21 02:30:00+08:00,GPM_1.45_103.95,103.94999694824219,1.4499999284744263,0.9300000071525574,0.4650000035762787,3B-HHR.MS.MRG.3IMERG.20250320-S183000-E185959.1110.V07B.HDF5,1.0250000059604645,2.214999958872795,10.13999979197979,150.73499624431133,2025-03-21 03:00:00+08:00
2025-03-20 19:00:00+00:00,2025-03-21 03:00:00+08:00,GPM_1.45_103.95,103.94999694824219,1.4499999284744263,1.9900000095367432,0.9950000047683716,3B-HHR.MS.MRG.3IMERG.20250320-S190000-E192959.1140.V07B.HDF5,1.4600000083446503,2.939999982714653,10.344999834895134,148.92499642074108,2025-03-21 03:30:00+08:00
2025-03-20 19:30:00+00:00,2025-03-21 03:30:00+08:00,GPM_1.45_103.95,103.94999694824219,1.4499999284744263,0.3499999940395355,0.17499999701976776,3B-HHR.MS.MRG.3IMERG.20250320-S193000-E195959.1170.V07B.HDF5,1.1700000017881393,3.03499998152256,8.99499985575676,145.949996560812,2025-03-21 04:00:00+08:00
2025-03-20 20:00:00+00:00,2025-03-21 04:00:00+08:00,GPM_1.45_103.95,103.94999694824219,1.4499999284744263,2.1499998569488525,1.0749999284744263,3B-HHR.MS.MRG.3IMERG.20250320-S200000-E202959.1200.V07B.HDF5,1.249999925494194,3.7549999207258224,8.154999822378159,144.5549964606762,2025-03-21 04:30:00+08:00
2025-03-20 20:30:00+00:00,2025-03-21 04:30:00+08:00,GPM_1.45_103.95,103.94999694824219,1.4499999284744263,4.029999732971191,2.0149998664855957,3B-HHR.MS.MRG.3IMERG.20250320-S203000-E205959.1230.V07B.HDF5,3.089999794960022,5.284999802708626,8.689999669790268,143.96999642252922,2025-03-21 05:00:00+08:00
2025-03-20 21:00:00+00:00,2025-03-21 05:00:00+08:00,GPM_1.45_103.95,103.94999694824219,1.4499999284744263,0.26999998092651367,0.13499999046325684,3B-HHR.MS.MRG.3IMERG.20250320-S210000-E212959.1260.V07B.HDF5,2.1499998569488525,4.859999790787697,7.519999712705612,142.06999656558037,2025-03-21 05:30:00+08:00
2025-03-20 21:30:00+00:00,2025-03-21 05:30:00+08:00,GPM_1.45_103.95,103.94999694824219,1.4499999284744263,0.3199999928474426,0.1599999964237213,3B-HHR.MS.MRG.3IMERG.20250320-S213000-E215959.1290.V07B.HDF5,0.29499998688697815,4.5549997836351395,6.769999742507935,137.51999652385712,2025-03-21 06:00:00+08:00
2025-03-20 22:00:00+00:00,2025-03-21 06:00:00+08:00,GPM_1.45_103.95,103.94999694824219,1.4499999284744263,0.8399999737739563,0.41999998688697815,3B-HHR.MS.MRG.3IMERG.20250320-S220000-E222959.1320.V07B.HDF5,0.5799999833106995,3.979999765753746,6.919999748468399,134.09499648213387,2025-03-21 06:30:00+08:00
2025-03-20 22:30:00+00:00,2025-03-21 06:30:00+08:00,GPM_1.45_103.95,103.94999694824219,1.4499999284744263,0.0,0.0,3B-HHR.MS.MRG.3IMERG.20250320-S223000-E225959.1350.V07B.HDF5,0.41999998688697815,3.8049997687339783,6.839999750256538,130.97999647259712,2025-03-21 07:00:00+08:00
2025-03-20 23:00:00+00:00,2025-03-21 07:00:00+08:00,GPM_1.45_103.95,103.94999694824219,1.4499999284744263,0.26999998092651367,0.13499999046325684,3B-HHR.MS.MRG.3IMERG.20250320-S230000-E232959.1380.V07B.HDF5,0.13499999046325684,2.864999830722809,6.619999751448631,126.99999669194221,2025-03-21 07:30:00+08:00
2025-03-20 23:30:00+00:00,2025-03-21 07:30:00+08:00,GPM_1.45_103.95,103.94999694824219,1.4499999284744263,0.19999998807907104,0.09999999403953552,3B-HHR.MS.MRG.3IMERG.20250320-S233000-E235959.1410.V07B.HDF5,0.23499998450279236,0.9499999582767487,6.2349997609853745,121.49999678134918,2025-03-21 08:00:00+08:00
2025-03-21 00:00:00+00:00,2025-03-21 08:00:00+08:00,GPM_1.45_103.95,103.94999694824219,1.4499999284744263,0.11999999731779099,0.05999999865889549,3B-HHR.MS.MRG.3IMERG.20250321-S000000-E002959.0000.V07B.HDF5,0.15999999269843102,0.8749999664723873,5.734999757260084,113.4999973140657,2025-03-21 08:30:00+08:00
2025-03-21 00:30:00+00:00,2025-03-21 08:30:00+08:00,GPM_1.45_103.95,103.94999694824219,1.4499999284744263,0.0,0.0,3B-HHR.MS.MRG.3IMERG.20250321-S003000-E005959.0030.V07B.HDF5,0.05999999865889549,0.714999970048666,5.2699997536838055,105.42499750480056,2025-03-21 09:00:00+08:00
2025-03-21 01:00:00+00:00,2025-03-21 09:00:00+08:00,GPM_1.45_103.95,103.94999694824219,1.4499999284744263,0.0,0.0,3B-HHR.MS.MRG.3IMERG.20250321-S010000-E012959.0060.V07B.HDF5,0.0,0.29499998316168785,4.274999748915434,96.65999811515212,2025-03-21 09:30:00+08:00
2025-03-21 01:30:00+00:00,2025-03-21 09:30:00+08:00,GPM_1.45_103.95,103.94999694824219,1.4499999284744263,0.4099999964237213,0.20499999821186066,3B-HHR.MS.MRG.3IMERG.20250321-S013000-E015959.0090.V07B.HDF5,0.20499999821186066,0.4999999813735485,4.304999750107527,91.09499813243747,2025-03-21 10:00:00+08:00
2025-03-21 02:00:00+00:00,2025-03-21 10:00:00+08:00,GPM_1.45_103.95,103.94999694824219,1.4499999284744263,0.19999998807907104,0.09999999403953552,3B-HHR.MS.MRG.3IMERG.20250321-S020000-E022959.0120.V07B.HDF5,0.3049999922513962,0.4649999849498272,3.329999815672636,86.05499825999141,2025-03-21 10:30:00+08:00
2025-03-21 02:30:00+00:00,2025-03-21 10:30:00+08:00,GPM_1.45_103.95,103.94999694824219,1.4499999284744263,0.2199999988079071,0.10999999940395355,3B-HHR.MS.MRG.3IMERG.20250321-S023000-E025959.0150.V07B.HDF5,0.20999999344348907,0.4749999903142452,1.4249999485909939,81.2099983356893,2025-03-21 11:00:00+08:00
2025-03-21 03:00:00+00:00,2025-03-21 11:00:00+08:00,GPM_1.45_103.95,103.94999694824219,1.4499999284744263,0.11999999731779099,0.05999999865889549,3B-HHR.MS.MRG.3IMERG.20250321-S030000-E032959.0180.V07B.HDF5,0.16999999806284904,0.4749999903142452,1.3499999567866325,76.78999831527472,2025-03-21 11:30:00+08:00
2025-03-21 03:30:00+00:00,2025-03-21 11:30:00+08:00,GPM_1.45_103.95,103.94999694824219,1.4499999284744263,0.09999999403953552,0.04999999701976776,3B-HHR.MS.MRG.3IMERG.20250321-S033000-E035959.0210.V07B.HDF5,0.10999999567866325,0.524999987334013,1.239999957382679,73.22999841719866,2025-03-21 12:00:00+08:00
2025-03-21 04:00:00+00:00,2025-03-21 12:00:00+08:00,GPM_1.45_103.95,103.94999694824219,1.4499999284744263,0.6899999976158142,0.3449999988079071,3B-HHR.MS.MRG.3IMERG.20250321-S040000-E042959.0240.V07B.HDF5,0.39499999582767487,0.8699999861419201,1.164999969303608,71.08499840646982,2025-03-21 12:30:00+08:00
2025-03-21 04:30:00+00:00,2025-03-21 12:30:00+08:00,GPM_1.45_103.95,103.94999694824219,1.4499999284744263,0.28999999165534973,0.14499999582767487,3B-HHR.MS.MRG.3IMERG.20250321-S043000-E045959.0270.V07B.HDF5,0.48999999463558197,0.8099999837577343,1.3099999651312828,68.13499837368727,2025-03-21 13:00:00+08:00
2025-03-21 05:00:00+00:00,2025-03-21 13:00:00+08:00,GPM_1.45_103.95,103.94999694824219,1.4499999284744263,0.6399999856948853,0.3199999928474426,3B-HHR.MS.MRG.3IMERG.20250321-S050000-E052959.0300.V07B.HDF5,0.4649999886751175,1.0299999825656414,1.4949999675154686,64.61999856680632,2025-03-21 13:30:00+08:00
2025-03-21 05:30:00+00:00,2025-03-21 13:30:00+08:00,GPM_1.45_103.95,103.94999694824219,1.4499999284744263,0.7799999713897705,0.38999998569488525,3B-HHR.MS.MRG.3IMERG.20250321-S053000-E055959.0330.V07B.HDF5,0.7099999785423279,1.309999968856573,1.7849999591708183,59.88999866694212,2025-03-21 14:00:00+08:00
2025-03-21 06:00:00+00:00,2025-03-21 14:00:00+08:00,GPM_1.45_103.95,103.94999694824219,1.4499999284744263,0.4699999988079071,0.23499999940395355,3B-HHR.MS.MRG.3IMERG.20250321-S060000-E062959.0360.V07B.HDF5,0.6249999850988388,1.4849999696016312,1.9599999599158764,55.06999883800745,2025-03-21 14:30:00+08:00
2025-03-21 06:30:00+00:00,2025-03-21 14:30:00+08:00,GPM_1.45_103.95,103.94999694824219,1.4499999284744263,0.4099999964237213,0.20499999821186066,3B-HHR.MS.MRG.3IMERG.20250321-S063000-E065959.0390.V07B.HDF5,0.4399999976158142,1.639999970793724,2.164999958127737,50.29999893158674,2025-03-21 15:00:00+08:00
2025-03-21 07:00:00+00:00,2025-03-21 15:00:00+08:00,GPM_1.45_103.95,103.94999694824219,1.4499999284744263,0.3999999761581421,0.19999998807907104,3B-HHR.MS.MRG.3IMERG.20250321-S070000-E072959.0420.V07B.HDF5,0.4049999862909317,1.494999960064888,2.364999946206808,45.744998805224895,2025-03-21 15:30:00+08:00
2025-03-21 07:30:00+00:00,2025-03-21 15:30:00+08:00,GPM_1.45_103.95,103.94999694824219,1.4499999284744263,0.6499999761581421,0.32499998807907104,3B-HHR.MS.MRG.3IMERG.20250321-S073000-E075959.0450.V07B.HDF5,0.5249999761581421,1.6749999523162842,2.4849999360740185,42.919998936355114,2025-03-21 16:00:00+08:00
2025-03-21 08:00:00+00:00,2025-03-21 16:00:00+08:00,GPM_1.45_103.95,103.94999694824219,1.4499999284744263,0.2199999988079071,0.10999999940395355,3B-HHR.MS.MRG.3IMERG.20250321-S080000-E082959.0480.V07B.HDF5,0.4349999874830246,1.464999958872795,2.4949999414384365,38.944998897612095,2025-03-21 16:30:00+08:00
2025-03-21 08:30:00+00:00,2025-03-21 16:30:00+08:00,GPM_1.45_103.95,103.94999694824219,1.4499999284744263,0.28999999165534973,0.14499999582767487,3B-HHR.MS.MRG.3IMERG.20250321-S083000-E085959.0510.V07B.HDF5,0.2549999952316284,1.2199999690055847,2.529999937862158,35.449999026954174,2025-03-21 17:00:00+08:00
2025-03-21 09:00:00+00:00,2025-03-21 17:00:00+08:00,GPM_1.45_103.95,103.94999694824219,1.4499999284744263,0.32999998331069946,0.16499999165534973,3B-HHR.MS.MRG.3IMERG.20250321-S090000-E092959.0540.V07B.HDF5,0.3099999874830246,1.149999961256981,2.634999930858612,32.139999113976955,2025-03-21 17:30:00+08:00
2025-03-21 09:30:00+00:00,2025-03-21 17:30:00+08:00,GPM_1.45_103.95,103.94999694824219,1.4499999284744263,0.23999999463558197,0.11999999731779099,3B-HHR.MS.MRG.3IMERG.20250321-S093000-E095959.0570.V07B.HDF5,0.2849999889731407,1.0649999603629112,2.7049999311566353,30.33999915421009,2025-03-21 18:00:00+08:00
2025-03-21 10:00:00+00:00,2025-03-21 18:00:00+08:00,GPM_1.45_103.95,103.94999694824219,1.4499999284744263,0.29999998211860657,0.14999999105930328,3B-HHR.MS.MRG.3IMERG.20250321-S100000-E102959.0600.V07B.HDF5,0.26999998837709427,1.0149999633431435,2.5099999234080315,27.389999240636826,2025-03-21 18:30:00+08:00
2025-03-21 10:30:00+00:00,2025-03-21 18:30:00+08:00,GPM_1.45_103.95,103.94999694824219,1.4499999284744263,0.22999998927116394,0.11499999463558197,3B-HHR.MS.MRG.3IMERG.20250321-S103000-E105959.0630.V07B.HDF5,0.26499998569488525,0.8049999698996544,2.4799999222159386,25.24999935925007,2025-03-21 19:00:00+08:00
2025-03-21 11:00:00+00:00,2025-03-21 19:00:00+08:00,GPM_1.45_103.95,103.94999694824219,1.4499999284744263,0.22999998927116394,0.11499999463558197,3B-HHR.MS.MRG.3IMERG.20250321-S110000-E112959.0660.V07B.HDF5,0.22999998927116394,0.8099999651312828,2.274999924004078,23.29999929666519,2025-03-21 19:30:00+08:00
2025-03-21 11:30:00+00:00,2025-03-21 19:30:00+08:00,GPM_1.45_103.95,103.94999694824219,1.4499999284744263,1.4900000095367432,0.7450000047683716,3B-HHR.MS.MRG.3IMERG.20250321-S113000-E115959.0690.V07B.HDF5,0.8599999994039536,1.4099999740719795,2.6299999430775642,22.229999363422394,2025-03-21 20:00:00+08:00
2025-03-21 12:00:00+00:00,2025-03-21 20:00:00+08:00,GPM_1.45_103.95,103.94999694824219,1.4499999284744263,1.7799999713897705,0.8899999856948853,3B-HHR.MS.MRG.3IMERG.20250321-S120000-E122959.0720.V07B.HDF5,1.6349999904632568,2.134999968111515,3.284999929368496,22.20999938249588,2025-03-21 20:30:00+08:00
2025-03-21 12:30:00+00:00,2025-03-21 20:30:00+08:00,GPM_1.45_103.95,103.94999694824219,1.4499999284744263,0.9399999976158142,0.4699999988079071,3B-HHR.MS.MRG.3IMERG.20250321-S123000-E125959.0750.V07B.HDF5,1.3599999845027924,2.484999969601631,3.5499999299645424,21.124999433755875,2025-03-21 21:00:00+08:00
2025-03-21 13:00:00+00:00,2025-03-21 21:00:00+08:00,GPM_1.45_103.95,103.94999694824219,1.4499999284744263,0.5799999833106995,0.28999999165534973,3B-HHR.MS.MRG.3IMERG.20250321-S130000-E132959.0780.V07B.HDF5,0.7599999904632568,2.6249999701976776,3.639999933540821,20.624999463558197,2025-03-21 21:30:00+08:00
2025-03-21 13:30:00+00:00,2025-03-21 21:30:00+08:00,GPM_1.45_103.95,103.94999694824219,1.4499999284744263,0.5899999737739563,0.29499998688697815,3B-HHR.MS.MRG.3IMERG.20250321-S133000-E135959.0810.V07B.HDF5,0.5849999785423279,2.804999962449074,3.609999932348728,19.394999474287033,2025-03-21 22:00:00+08:00
2025-03-21 14:00:00+00:00,2025-03-21 22:00:00+08:00,GPM_1.45_103.95,103.94999694824219,1.4499999284744263,0.7199999690055847,0.35999998450279236,3B-HHR.MS.MRG.3IMERG.20250321-S140000-E142959.0840.V07B.HDF5,0.6549999713897705,3.049999952316284,3.859999917447567,17.839999496936798,2025-03-21 22:30:00+08:00
2025-03-21 14:30:00+00:00,2025-03-21 22:30:00+08:00,GPM_1.45_103.95,103.94999694824219,1.4499999284744263,0.8999999761581421,0.44999998807907104,3B-HHR.MS.MRG.3IMERG.20250321-S143000-E145959.0870.V07B.HDF5,0.8099999725818634,2.7549999356269836,4.164999909698963,16.809999465942383,2025-03-21 23:00:00+08:00
2025-03-21 15:00:00+00:00,2025-03-21 23:00:00+08:00,GPM_1.45_103.95,103.94999694824219,1.4499999284744263,0.8899999856948853,0.4449999928474426,3B-HHR.MS.MRG.3IMERG.20250321-S150000-E152959.0900.V07B.HDF5,0.8949999809265137,2.309999942779541,4.444999910891056,15.949999511241913,2025-03-21 23:30:00+08:00
2025-03-21 15:30:00+00:00,2025-03-21 23:30:00+08:00,GPM_1.45_103.95,103.94999694824219,1.4499999284744263,0.5099999904632568,0.2549999952316284,3B-HHR.MS.MRG.3IMERG.20250321-S153000-E155959.0930.V07B.HDF5,0.699999988079071,2.0949999392032623,4.5799999088048935,15.294999539852142,2025-03-22 00:00:00+08:00
2025-03-18 16:00:00+00:00,2025-03-19 00:00:00+08:00,GPM_1.45_104.05,104.04999542236328,1.4499999284744263,0.7099999785423279,0.35499998927116394,3B-HHR.MS.MRG.3IMERG.20250318-S160000-E162959.0960.V07B.HDF5,,,,,2025-03-19 00:30:00+08:00
2025-03-18 16:30:00+00:00,2025-03-19 00:30:00+08:00,GPM_1.45_104.05,104.04999542236328,1.4499999284744263,0.35999998450279236,0.17999999225139618,3B-HHR.MS.MRG.3IMERG.20250318-S163000-E165959.0990.V07B.HDF5,0.5349999815225601,,,,2025-03-19 01:00:00+08:00
2025-03-18 17:00:00+00:00,2025-03-19 01:00:00+08:00,GPM_1.45_104.05,104.04999542236328,1.4499999284744263,0.07999999821186066,0.03999999910593033,3B-HHR.MS.MRG.3IMERG.20250318-S170000-E172959.1020.V07B.HDF5,0.2199999913573265,,,,2025-03-19 01:30:00+08:00
2025-03-18 17:30:00+00:00,2025-03-19 01:30:00+08:00,GPM_1.45_104.05,104.04999542236328,1.4499999284744263,0.2199999988079071,0.10999999940395355,3B-HHR.MS.MRG.3IMERG.20250318-S173000-E175959.1050.V07B.HDF5,0.14999999850988388,,,,2025-03-19 02:00:00+08:00
2025-03-18 18:00:00+00:00,2025-03-19 02:00:00+08:00,GPM_1.45_104.05,104.04999542236328,1.4499999284744263,0.17000000178813934,0.08500000089406967,3B-HHR.MS.MRG.3IMERG.20250318-S180000-E182959.1080.V07B.HDF5,0.19500000029802322,,,,2025-03-19 02:30:00+08:00
2025-03-18 18:30:00+00:00,2025-03-19 02:30:00+08:00,GPM_1.45_104.05,104.04999542236328,1.4499999284744263,0.32999998331069946,0.16499999165534973,3B-HHR.MS.MRG.3IMERG.20250318-S183000-E185959.1110.V07B.HDF5,0.2499999925494194,0.9349999725818634,,,2025-03-19 03:00:00+08:00
2025-03-18 19:00:00+00:00,2025-03-19 03:00:00+08:00,GPM_1.45_104.05,104.04999542236328,1.4499999284744263,0.1599999964237213,0.07999999821186066,3B-HHR.MS.MRG.3IMERG.20250318-S190000-E192959.1140.V07B.HDF5,0.2449999898672104,0.6599999815225601,,,2025-03-19 03:30:00+08:00
2025-03-18 19:30:00+00:00,2025-03-19 03:30:00+08:00,GPM_1.45_104.05,104.04999542236328,1.4499999284744263,0.0,0.0,3B-HHR.MS.MRG.3IMERG.20250318-S193000-E195959.1170.V07B.HDF5,0.07999999821186066,0.47999998927116394,,,2025-03-19 04:00:00+08:00
2025-03-18 20:00:00+00:00,2025-03-19 04:00:00+08:00,GPM_1.45_104.05,104.04999542236328,1.4499999284744263,0.17999999225139618,0.08999999612569809,3B-HHR.MS.MRG.3IMERG.20250318-S200000-E202959.1200.V07B.HDF5,0.08999999612569809,0.5299999862909317,,,2025-03-19 04:30:00+08:00
2025-03-18 20:30:00+00:00,2025-03-19 04:30:00+08:00,GPM_1.45_104.05,104.04999542236328,1.4499999284744263,0.3199999928474426,0.1599999964237213,3B-HHR.MS.MRG.3IMERG.20250318-S203000-E205959.1230.V07B.HDF5,0.2499999925494194,0.5799999833106995,,,2025-03-19 05:00:00+08:00
2025-03-18 21:00:00+00:00,2025-03-19 05:00:00+08:00,GPM_1.45_104.05,104.04999542236328,1.4499999284744263,0.7400000095367432,0.3700000047683716,3B-HHR.MS.MRG.3IMERG.20250318-S210000-E212959.1260.V07B.HDF5,0.5300000011920929,0.8649999871850014,,,2025-03-19 05:30:00+08:00
2025-03-18 21:30:00+00:00,2025-03-19 05:30:00+08:00,GPM_1.45_104.05,104.04999542236328,1.4499999284744263,1.5099999904632568,0.7549999952316284,3B-HHR.MS.MRG.3IMERG.20250318-S213000-E215959.1290.V07B.HDF5,1.125,1.45499999076128,2.3899999633431435,,2025-03-19 06:00:00+08:00
2025-03-18 22:00:00+00:00,2025-03-19 06:00:00+08:00,GPM_1.45_104.05,104.04999542236328,1.4499999284744263,1.350000023841858,0.675000011920929,3B-HHR.MS.MRG.3IMERG.20250318-S220000-E222959.1320.V07B.HDF5,1.4300000071525574,2.0500000044703484,2.7099999859929085,,2025-03-19 06:30:00+08:00
2025-03-18 22:30:00+00:00,2025-03-19 06:30:00+08:00,GPM_1.45_104.05,104.04999542236328,1.4499999284744263,0.7799999713897705,0.38999998569488525,3B-HHR.MS.MRG.3IMERG.20250318-S223000-E225959.1350.V07B.HDF5,1.0649999976158142,2.4399999901652336,2.9199999794363976,,2025-03-19 07:00:00+08:00
2025-03-18 23:00:00+00:00,2025-03-19 07:00:00+08:00,GPM_1.45_104.05,104.04999542236328,1.4499999284744263,0.7199999690055847,0.35999998450279236,3B-HHR.MS.MRG.3IMERG.20250318-S230000-E232959.1380.V07B.HDF5,0.7499999701976776,2.709999978542328,3.2399999648332596,,2025-03-19 07:30:00+08:00
2025-03-18 23:30:00+00:00,2025-03-19 07:30:00+08:00,GPM_1.45_104.05,104.04999542236328,1.4499999284744263,2.7899999618530273,1.3949999809265137,3B-HHR.MS.MRG.3IMERG.20250318-S233000-E235959.1410.V07B.HDF5,1.754999965429306,3.9449999630451202,4.52499994635582,,2025-03-19 08:00:00+08:00
2025-03-19 00:00:00+00:00,2025-03-19 08:00:00+08:00,GPM_1.45_104.05,104.04999542236328,1.4499999284744263,5.400000095367432,2.700000047683716,3B-HHR.MS.MRG.3IMERG.20250319-S000000-E002959.0000.V07B.HDF5,4.0950000286102295,6.2750000059604645,7.139999993145466,,2025-03-19 08:30:00+08:00
2025-03-19 00:30:00+00:00,2025-03-19 08:30:00+08:00,GPM_1.45_104.05,104.04999542236328,1.4499999284744263,5.329999923706055,2.6649999618530273,3B-HHR.MS.MRG.3IMERG.20250319-S003000-E005959.0030.V07B.HDF5,5.365000009536743,8.184999972581863,9.639999963343143,,2025-03-19 09:00:00+08:00
2025-03-19 01:00:00+00:00,2025-03-19 09:00:00+08:00,GPM_1.45_104.05,104.04999542236328,1.4499999284744263,5.509999752044678,2.754999876022339,3B-HHR.MS.MRG.3IMERG.20250319-S010000-E012959.0060.V07B.HDF5,5.419999837875366,10.264999836683273,12.314999841153622,,2025-03-19 09:30:00+08:00
2025-03-19 01:30:00+00:00,2025-03-19 09:30:00+08:00,GPM_1.45_104.05,104.04999542236328,1.4499999284744263,7.170000076293945,3.5850000381469727,3B-HHR.MS.MRG.3IMERG.20250319-S013000-E015959.0090.V07B.HDF5,6.3399999141693115,13.45999988913536,15.899999879300594,,2025-03-19 10:00:00+08:00
2025-03-19 02:00:00+00:00,2025-03-19 10:00:00+08:00,GPM_1.45_104.05,104.04999542236328,1.4499999284744263,8.6899995803833,4.34499979019165,3B-HHR.MS.MRG.3IMERG.20250319-S020000-E022959.0120.V07B.HDF5,7.929999828338623,17.44499969482422,20.154999673366547,,2025-03-19 10:30:00+08:00
2025-03-19 02:30:00+00:00,2025-03-19 10:30:00+08:00,GPM_1.45_104.05,104.04999542236328,1.4499999284744263,7.949999809265137,3.9749999046325684,3B-HHR.MS.MRG.3IMERG.20250319-S023000-E025959.0150.V07B.HDF5,8.319999694824219,20.024999618530273,23.969999581575394,,2025-03-19 11:00:00+08:00
2025-03-19 03:00:00+00:00,2025-03-19 11:00:00+08:00,GPM_1.45_104.05,104.04999542236328,1.4499999284744263,8.569999694824219,4.284999847412109,3B-HHR.MS.MRG.3IMERG.20250319-S030000-E032959.0180.V07B.HDF5,8.259999752044678,21.609999418258667,27.88499942421913,,2025-03-19 11:30:00+08:00
2025-03-19 03:30:00+00:00,2025-03-19 11:30:00+08:00,GPM_1.45_104.05,104.04999542236328,1.4499999284744263,4.179999828338623,2.0899999141693115,3B-HHR.MS.MRG.3IMERG.20250319-S033000-E035959.0210.V07B.HDF5,6.374999761581421,21.03499937057495,29.219999343156815,,2025-03-19 12:00:00+08:00
2025-03-19 04:00:00+00:00,2025-03-19 12:00:00+08:00,GPM_1.45_104.05,104.04999542236328,1.4499999284744263,3.309999942779541,1.6549999713897705,3B-HHR.MS.MRG.3IMERG.20250319-S040000-E042959.0240.V07B.HDF5,3.744999885559082,19.934999465942383,30.199999302625656,,2025-03-19 12:30:00+08:00
2025-03-19 04:30:00+00:00,2025-03-19 12:30:00+08:00,GPM_1.45_104.05,104.04999542236328,1.4499999284744263,8.25,4.125,3B-HHR.MS.MRG.3IMERG.20250319-S043000-E045959.0270.V07B.HDF5,5.7799999713897705,20.47499942779541,33.93499931693077,,2025-03-19 13:00:00+08:00
2025-03-19 05:00:00+00:00,2025-03-19 13:00:00+08:00,GPM_1.45_104.05,104.04999542236328,1.4499999284744263,14.429999351501465,7.214999675750732,3B-HHR.MS.MRG.3IMERG.20250319-S050000-E052959.0300.V07B.HDF5,11.339999675750732,23.344999313354492,40.78999900817871,,2025-03-19 13:30:00+08:00
2025-03-19 05:30:00+00:00,2025-03-19 13:30:00+08:00,GPM_1.45_104.05,104.04999542236328,1.4499999284744263,10.389999389648438,5.194999694824219,3B-HHR.MS.MRG.3IMERG.20250319-S053000-E055959.0330.V07B.HDF5,12.409999370574951,24.564999103546143,44.589998722076416,,2025-03-19 14:00:00+08:00
2025-03-19 06:00:00+00:00,2025-03-19 14:00:00+08:00,GPM_1.45_104.05,104.04999542236328,1.4499999284744263,9.359999656677246,4.679999828338623,3B-HHR.MS.MRG.3IMERG.20250319-S060000-E062959.0360.V07B.HDF5,9.874999523162842,24.959999084472656,46.56999850273132,,2025-03-19 14:30:00+08:00
2025-03-19 06:30:00+00:00,2025-03-19 14:30:00+08:00,GPM_1.45_104.05,104.04999542236328,1.4499999284744263,7.889999866485596,3.944999933242798,3B-HHR.MS.MRG.3IMERG.20250319-S063000-E065959.0390.V07B.HDF5,8.624999761581421,26.814999103546143,47.849998474121094,,2025-03-19 15:00:00+08:00
2025-03-19 07:00:00+00:00,2025-03-19 15:00:00+08:00,GPM_1.45_104.05,104.04999542236328,1.4499999284744263,6.210000038146973,3.1050000190734863,3B-HHR.MS.MRG.3IMERG.20250319-S070000-E072959.0420.V07B.HDF5,7.049999952316284,28.26499915122986,48.19999861717224,,2025-03-19 15:30:00+08:00
2025-03-19 07:30:00+00:00,2025-03-19 15:30:00+08:00,GPM_1.45_104.05,104.04999542236328,1.4499999284744263,3.2300000190734863,1.6150000095367432,3B-HHR.MS.MRG.3IMERG.20250319-S073000-E075959.0450.V07B.HDF5,4.7200000286102295,25.7549991607666,46.22999858856201,,2025-03-19 16:00:00+08:00
2025-03-19 08:00:00+00:00,2025-03-19 16:00:00+08:00,GPM_1.45_104.05,104.04999542236328,1.4499999284744263,5.319999694824219,2.6599998474121094,3B-HHR.MS.MRG.3IMERG.20250319-S080000-E082959.0480.V07B.HDF5,4.2749998569488525,21.19999933242798,44.54499864578247,,2025-03-19 16:30:00+08:00
2025-03-19 08:30:00+00:00,2025-03-19 16:30:00+08:00,GPM_1.45_104.05,104.04999542236328,1.4499999284744263,4.099999904632568,2.049999952316284,3B-HHR.MS.MRG.3IMERG.20250319-S083000-E085959.0510.V07B.HDF5,4.7099997997283936,18.054999589920044,42.61999869346619,,2025-03-19 17:00:00+08:00
2025-03-19 09:00:00+00:00,2025-03-19 17:00:00+08:00,GPM_1.45_104.05,104.04999542236328,1.4499999284744263,4.480000019073486,2.240000009536743,3B-HHR.MS.MRG.3IMERG.20250319-S090000-E092959.0540.V07B.HDF5,4.289999961853027,15.614999771118164,40.57499885559082,,2025-03-19 17:30:00+08:00
2025-03-19 09:30:00+00:00,2025-03-19 17:30:00+08:00,GPM_1.45_104.05,104.04999542236328,1.4499999284744263,4.309999942779541,2.1549999713897705,3B-HHR.MS.MRG.3IMERG.20250319-S093000-E095959.0570.V07B.HDF5,4.394999980926514,13.824999809265137,40.63999891281128,,2025-03-19 18:00:00+08:00
2025-03-19 10:00:00+00:00,2025-03-19 18:00:00+08:00,GPM_1.45_104.05,104.04999542236328,1.4499999284744263,3.2799999713897705,1.6399999856948853,3B-HHR.MS.MRG.3IMERG.20250319-S100000-E102959.0600.V07B.HDF5,3.7949999570846558,12.359999775886536,40.624998927116394,,2025-03-19 18:30:00+08:00
2025-03-19 10:30:00+00:00,2025-03-19 18:30:00+08:00,GPM_1.45_104.05,104.04999542236328,1.4499999284744263,4.079999923706055,2.0399999618530273,3B-HHR.MS.MRG.3IMERG.20250319-S103000-E105959.0630.V07B.HDF5,3.6799999475479126,12.78499972820282,38.53999888896942,,2025-03-19 19:00:00+08:00
2025-03-19 11:00:00+00:00,2025-03-19 19:00:00+08:00,GPM_1.45_104.05,104.04999542236328,1.4499999284744263,4.019999980926514,2.009999990463257,3B-HHR.MS.MRG.3IMERG.20250319-S110000-E112959.0660.V07B.HDF5,4.049999952316284,12.134999871253967,33.334999203681946,,2025-03-19 19:30:00+08:00
2025-03-19 11:30:00+00:00,2025-03-19 19:30:00+08:00,GPM_1.45_104.05,104.04999542236328,1.4499999284744263,3.8299999237060547,1.9149999618530273,3B-HHR.MS.MRG.3IMERG.20250319-S113000-E115959.0690.V07B.HDF5,3.924999952316284,11.99999988079071,30.054999470710754,,2025-03-19 20:00:00+08:00
2025-03-19 12:00:00+00:00,2025-03-19 20:00:00+08:00,GPM_1.45_104.05,104.04999542236328,1.4499999284744263,2.819999933242798,1.409999966621399,3B-HHR.MS.MRG.3IMERG.20250319-S120000-E122959.0720.V07B.HDF5,3.3249999284744263,11.169999837875366,26.78499960899353,,2025-03-19 20:30:00+08:00
2025-03-19 12:30:00+00:00,2025-03-19 20:30:00+08:00,GPM_1.45_104.05,104.04999542236328,1.4499999284744263,7.929999828338623,3.9649999141693115,3B-HHR.MS.MRG.3IMERG.20250319-S123000-E125959.0750.V07B.HDF5,5.3749998807907104,12.979999780654907,26.804999589920044,,2025-03-19 21:00:00+08:00
2025-03-19 13:00:00+00:00,2025-03-19 21:00:00+08:00,GPM_1.45_104.05,104.04999542236328,1.4499999284744263,4.279999732971191,2.1399998664855957,3B-HHR.MS.MRG.3IMERG.20250319-S130000-E132959.0780.V07B.HDF5,6.104999780654907,13.479999661445618,25.839999437332153,,2025-03-19 21:30:00+08:00
2025-03-19 13:30:00+00:00,2025-03-19 21:30:00+08:00,GPM_1.45_104.05,104.04999542236328,1.4499999284744263,2.3399999141693115,1.1699999570846558,3B-HHR.MS.MRG.3IMERG.20250319-S133000-E135959.0810.V07B.HDF5,3.3099998235702515,12.609999656677246,25.394999384880066,,2025-03-19 22:00:00+08:00
2025-03-19 14:00:00+00:00,2025-03-19 22:00:00+08:00,GPM_1.45_104.05,104.04999542236328,1.4499999284744263,3.359999895095825,1.6799999475479126,3B-HHR.MS.MRG.3IMERG.20250319-S140000-E142959.0840.V07B.HDF5,2.8499999046325684,12.279999613761902,24.41499948501587,,2025-03-19 22:30:00+08:00
2025-03-19 14:30:00+00:00,2025-03-19 22:30:00+08:00,GPM_1.45_104.05,104.04999542236328,1.4499999284744263,3.2699999809265137,1.6349999904632568,3B-HHR.MS.MRG.3IMERG.20250319-S143000-E145959.0870.V07B.HDF5,3.3149999380111694,11.999999642372131,23.999999523162842,,2025-03-19 23:00:00+08:00
2025-03-19 15:00:00+00:00,2025-03-19 23:00:00+08:00,GPM_1.45_104.05,104.04999542236328,1.4499999284744263,3.629999876022339,1.8149999380111694,3B-HHR.MS.MRG.3IMERG.20250319-S150000-E152959.0900.V07B.HDF5,3.4499999284744263,12.404999613761902,23.574999451637268,,2025-03-19 23:30:00+08:00
2025-03-19 15:30:00+00:00,2025-03-19 23:30:00+08:00,GPM_1.45_104.05,104.04999542236328,1.4499999284744263,2.919999837875366,1.459999918937683,3B-HHR.MS.MRG.3IMERG.20250319-S153000-E155959.0930.V07B.HDF5,3.2749998569488525,9.899999618530273,22.87999939918518,95.12999761849642,2025-03-20 00:00:00+08:00
2025-03-19 16:00:00+00:00,2025-03-20 00:00:00+08:00,GPM_1.45_104.05,104.04999542236328,1.4499999284744263,2.0899999141693115,1.0449999570846558,3B-HHR.MS.MRG.3IMERG.20250319-S160000-E162959.0960.V07B.HDF5,2.504999876022339,8.804999709129333,22.28499937057495,95.81999758630991,2025-03-20 00:30:00+08:00
2025-03-19 16:30:00+00:00,2025-03-20 00:30:00+08:00,GPM_1.45_104.05,104.04999542236328,1.4499999284744263,3.0899999141693115,1.5449999570846558,3B-HHR.MS.MRG.3IMERG.20250319-S163000-E165959.0990.V07B.HDF5,2.5899999141693115,9.179999709129333,21.78999936580658,97.18499755114317,2025-03-20 01:00:00+08:00
2025-03-19 17:00:00+00:00,2025-03-20 01:00:00+08:00,GPM_1.45_104.05,104.04999542236328,1.4499999284744263,5.289999961853027,2.6449999809265137,3B-HHR.MS.MRG.3IMERG.20250319-S170000-E172959.1020.V07B.HDF5,4.189999938011169,10.144999742507935,22.424999356269836,99.78999753296375,2025-03-20 01:30:00+08:00
2025-03-19 17:30:00+00:00,2025-03-20 01:30:00+08:00,GPM_1.45_104.05,104.04999542236328,1.4499999284744263,7.239999771118164,3.619999885559082,3B-HHR.MS.MRG.3IMERG.20250319-S173000-E175959.1050.V07B.HDF5,6.264999866485596,12.12999963760376,24.12999927997589,103.29999741911888,2025-03-20 02:00:00+08:00
2025-03-19 18:00:00+00:00,2025-03-20 02:00:00+08:00,GPM_1.45_104.05,104.04999542236328,1.4499999284744263,5.960000038146973,2.9800000190734863,3B-HHR.MS.MRG.3IMERG.20250319-S180000-E182959.1080.V07B.HDF5,6.599999904632568,13.294999718666077,25.69999933242798,106.1949974372983,2025-03-20 02:30:00+08:00
2025-03-19 18:30:00+00:00,2025-03-20 02:30:00+08:00,GPM_1.45_104.05,104.04999542236328,1.4499999284744263,5.989999771118164,2.994999885559082,3B-HHR.MS.MRG.3IMERG.20250319-S183000-E185959.1110.V07B.HDF5,5.974999904632568,14.829999685287476,24.72999930381775,109.02499733120203,2025-03-20 03:00:00+08:00
2025-03-19 19:00:00+00:00,2025-03-20 03:00:00+08:00,GPM_1.45_104.05,104.04999542236328,1.4499999284744263,5.829999923706055,2.9149999618530273,3B-HHR.MS.MRG.3IMERG.20250319-S190000-E192959.1140.V07B.HDF5,5.909999847412109,16.699999690055847,25.50499939918518,111.8599972948432,2025-03-20 03:30:00+08:00
2025-03-19 19:30:00+00:00,2025-03-20 03:30:00+08:00,GPM_1.45_104.05,104.04999542236328,1.4499999284744263,5.949999809265137,2.9749999046325684,3B-HHR.MS.MRG.3IMERG.20250319-S193000-E195959.1170.V07B.HDF5,5.889999866485596,18.12999963760376,27.309999346733093,114.83499719947577,2025-03-20 04:00:00+08:00
2025-03-19 20:00:00+00:00,2025-03-20 04:00:00+08:00,GPM_1.45_104.05,104.04999542236328,1.4499999284744263,4.739999771118164,2.369999885559082,3B-HHR.MS.MRG.3IMERG.20250319-S200000-E202959.1200.V07B.HDF5,5.34499979019165,17.854999542236328,27.999999284744263,117.11499708890915,2025-03-20 04:30:00+08:00
2025-03-19 20:30:00+00:00,2025-03-20 04:30:00+08:00,GPM_1.45_104.05,104.04999542236328,1.4499999284744263,5.819999694824219,2.9099998474121094,3B-HHR.MS.MRG.3IMERG.20250319-S203000-E205959.1230.V07B.HDF5,5.279999732971191,17.144999504089355,29.274999141693115,119.86499693989754,2025-03-20 05:00:00+08:00
2025-03-19 21:00:00+00:00,2025-03-20 05:00:00+08:00,GPM_1.45_104.05,104.04999542236328,1.4499999284744263,4.049999713897705,2.0249998569488525,3B-HHR.MS.MRG.3IMERG.20250319-S210000-E212959.1260.V07B.HDF5,4.934999704360962,16.18999934196472,29.4849990606308,121.51999679207802,2025-03-20 05:30:00+08:00
2025-03-19 21:30:00+00:00,2025-03-20 05:30:00+08:00,GPM_1.45_104.05,104.04999542236328,1.4499999284744263,4.639999866485596,2.319999933242798,3B-HHR.MS.MRG.3IMERG.20250319-S213000-E215959.1290.V07B.HDF5,4.34499979019165,15.514999389648438,30.344999074935913,123.08499673008919,2025-03-20 06:00:00+08:00
2025-03-19 22:00:00+00:00,2025-03-20 06:00:00+08:00,GPM_1.45_104.05,104.04999542236328,1.4499999284744263,7.029999732971191,3.5149998664855957,3B-HHR.MS.MRG.3IMERG.20250319-S220000-E222959.1320.V07B.HDF5,5.8349997997283936,16.114999294281006,32.81499898433685,125.92499658465385,2025-03-20 06:30:00+08:00
2025-03-19 22:30:00+00:00,2025-03-20 06:30:00+08:00,GPM_1.45_104.05,104.04999542236328,1.4499999284744263,8.65999984741211,4.329999923706055,3B-HHR.MS.MRG.3IMERG.20250319-S223000-E225959.1350.V07B.HDF5,7.84499979019165,17.469999313354492,35.59999895095825,129.86499652266502,2025-03-20 07:00:00+08:00
2025-03-19 23:00:00+00:00,2025-03-20 07:00:00+08:00,GPM_1.45_104.05,104.04999542236328,1.4499999284744263,10.609999656677246,5.304999828338623,3B-HHR.MS.MRG.3IMERG.20250319-S230000-E232959.1380.V07B.HDF5,9.634999752044678,20.404999256134033,38.25999879837036,134.80999636650085,2025-03-20 07:30:00+08:00
2025-03-19 23:30:00+00:00,2025-03-20 07:30:00+08:00,GPM_1.45_104.05,104.04999542236328,1.4499999284744263,10.739999771118164,5.369999885559082,3B-HHR.MS.MRG.3IMERG.20250319-S233000-E235959.1410.V07B.HDF5,10.674999713897705,22.864999294281006,40.00999879837036,138.78499627113342,2025-03-20 08:00:00+08:00
2025-03-20 00:00:00+00:00,2025-03-20 08:00:00+08:00,GPM_1.45_104.05,104.04999542236328,1.4499999284744263,9.869999885559082,4.934999942779541,3B-HHR.MS.MRG.3IMERG.20250320-S000000-E002959.0000.V07B.HDF5,10.304999828338623,25.774999380111694,41.964998722076416,141.01999616622925,2025-03-20 08:30:00+08:00
2025-03-20 00:30:00+00:00,2025-03-20 08:30:00+08:00,GPM_1.45_104.05,104.04999542236328,1.4499999284744263,19.43000030517578,9.71500015258789,3B-HHR.MS.MRG.3IMERG.20250320-S003000-E005959.0030.V07B.HDF5,14.650000095367432,33.16999959945679,48.684998989105225,148.0699963569641,2025-03-20 09:00:00+08:00
2025-03-20 01:00:00+00:00,2025-03-20 09:00:00+08:00,GPM_1.45_104.05,104.04999542236328,1.4499999284744263,13.869999885559082,6.934999942779541,3B-HHR.MS.MRG.3IMERG.20250320-S010000-E012959.0060.V07B.HDF5,16.65000009536743,36.58999967575073,52.70499897003174,152.2499964237213,2025-03-20 09:30:00+08:00
2025-03-20 01:30:00+00:00,2025-03-20 09:30:00+08:00,GPM_1.45_104.05,104.04999542236328,1.4499999284744263,11.569999694824219,5.784999847412109,3B-HHR.MS.MRG.3IMERG.20250320-S013000-E015959.0090.V07B.HDF5,12.71999979019165,38.04499959945679,55.51499891281128,154.44999623298645,2025-03-20 10:00:00+08:00
2025-03-20 02:00:00+00:00,2025-03-20 10:00:00+08:00,GPM_1.45_104.05,104.04999542236328,1.4499999284744263,10.300000190734863,5.150000095367432,3B-HHR.MS.MRG.3IMERG.20250320-S020000-E022959.0120.V07B.HDF5,10.934999942779541,37.889999866485596,58.29499912261963,155.25499653816223,2025-03-20 10:30:00+08:00
2025-03-20 02:30:00+00:00,2025-03-20 10:30:00+08:00,GPM_1.45_104.05,104.04999542236328,1.4499999284744263,9.949999809265137,4.974999904632568,3B-HHR.MS.MRG.3IMERG.20250320-S023000-E025959.0150.V07B.HDF5,10.125,37.49499988555908,60.35999917984009,156.25499653816223,2025-03-20 11:00:00+08:00
2025-03-20 03:00:00+00:00,2025-03-20 11:00:00+08:00,GPM_1.45_104.05,104.04999542236328,1.4499999284744263,9.0,4.5,3B-HHR.MS.MRG.3IMERG.20250320-S030000-E032959.0180.V07B.HDF5,9.474999904632568,37.05999994277954,62.834999322891235,156.46999669075012,2025-03-20 11:30:00+08:00
2025-03-20 03:30:00+00:00,2025-03-20 11:30:00+08:00,GPM_1.45_104.05,104.04999542236328,1.4499999284744263,6.429999828338623,3.2149999141693115,3B-HHR.MS.MRG.3IMERG.20250320-S033000-E035959.0210.V07B.HDF5,7.7149999141693115,30.559999704360962,63.72999930381775,157.59499669075012,2025-03-20 12:00:00+08:00
2025-03-20 04:00:00+00:00,2025-03-20 12:00:00+08:00,GPM_1.45_104.05,104.04999542236328,1.4499999284744263,4.089999675750732,2.044999837875366,3B-HHR.MS.MRG.3IMERG.20250320-S040000-E042959.0240.V07B.HDF5,5.259999752044678,25.669999599456787,62.25999927520752,157.98499655723572,2025-03-20 12:30:00+08:00
2025-03-20 04:30:00+00:00,2025-03-20 12:30:00+08:00,GPM_1.45_104.05,104.04999542236328,1.4499999284744263,4.069999694824219,2.0349998474121094,3B-HHR.MS.MRG.3IMERG.20250320-S043000-E045959.0270.V07B.HDF5,4.079999685287476,21.919999599456787,59.964999198913574,155.89499640464783,2025-03-20 13:00:00+08:00
2025-03-20 05:00:00+00:00,2025-03-20 13:00:00+08:00,GPM_1.45_104.05,104.04999542236328,1.4499999284744263,5.059999942779541,2.5299999713897705,3B-HHR.MS.MRG.3IMERG.20250320-S050000-E052959.0300.V07B.HDF5,4.56499981880188,19.299999475479126,57.18999934196472,151.20999670028687,2025-03-20 13:30:00+08:00
2025-03-20 05:30:00+00:00,2025-03-20 13:30:00+08:00,GPM_1.45_104.05,104.04999542236328,1.4499999284744263,7.929999828338623,3.9649999141693115,3B-HHR.MS.MRG.3IMERG.20250320-S053000-E055959.0330.V07B.HDF5,6.494999885559082,18.28999948501587,55.78499937057495,149.97999691963196,2025-03-20 14:00:00+08:00
2025-03-20 06:00:00+00:00,2025-03-20 14:00:00+08:00,GPM_1.45_104.05,104.04999542236328,1.4499999284744263,7.170000076293945,3.5850000381469727,3B-HHR.MS.MRG.3IMERG.20250320-S060000-E062959.0360.V07B.HDF5,7.549999952316284,17.374999523162842,54.43499946594238,148.8849971294403,2025-03-20 14:30:00+08:00
2025-03-20 06:30:00+00:00,2025-03-20 14:30:00+08:00,GPM_1.45_104.05,104.04999542236328,1.4499999284744263,6.619999885559082,3.309999942779541,3B-HHR.MS.MRG.3IMERG.20250320-S063000-E065959.0390.V07B.HDF5,6.894999980926514,17.46999955177307,48.02999925613403,148.24999713897705,2025-03-20 15:00:00+08:00
2025-03-20 07:00:00+00:00,2025-03-20 15:00:00+08:00,GPM_1.45_104.05,104.04999542236328,1.4499999284744263,5.670000076293945,2.8350000381469727,3B-HHR.MS.MRG.3IMERG.20250320-S070000-E072959.0420.V07B.HDF5,6.144999980926514,18.259999752044678,43.929999351501465,147.97999715805054,2025-03-20 15:30:00+08:00
2025-03-20 07:30:00+00:00,2025-03-20 15:30:00+08:00,GPM_1.45_104.05,104.04999542236328,1.4499999284744263,4.400000095367432,2.200000047683716,3B-HHR.MS.MRG.3IMERG.20250320-S073000-E075959.0450.V07B.HDF5,5.0350000858306885,18.424999952316284,40.34499955177307,148.5649971961975,2025-03-20 16:00:00+08:00
2025-03-20 08:00:00+00:00,2025-03-20 16:00:00+08:00,GPM_1.45_104.05,104.04999542236328,1.4499999284744263,6.5,3.25,3B-HHR.MS.MRG.3IMERG.20250320-S080000-E082959.0480.V07B.HDF5,5.450000047683716,19.144999980926514,38.44499945640564,149.1549973487854,2025-03-20 16:30:00+08:00
2025-03-20 08:30:00+00:00,2025-03-20 16:30:00+08:00,GPM_1.45_104.05,104.04999542236328,1.4499999284744263,5.679999828338623,2.8399999141693115,3B-HHR.MS.MRG.3IMERG.20250320-S083000-E085959.0510.V07B.HDF5,6.0899999141693115,18.019999980926514,36.30999946594238,149.94499731063843,2025-03-20 17:00:00+08:00
2025-03-20 09:00:00+00:00,2025-03-20 17:00:00+08:00,GPM_1.45_104.05,104.04999542236328,1.4499999284744263,6.089999675750732,3.044999837875366,3B-HHR.MS.MRG.3IMERG.20250320-S090000-E092959.0540.V07B.HDF5,5.884999752044678,17.479999780654907,34.85499930381775,150.74999713897705,2025-03-20 17:30:00+08:00
2025-03-20 09:30:00+00:00,2025-03-20 17:30:00+08:00,GPM_1.45_104.05,104.04999542236328,1.4499999284744263,3.8999998569488525,1.9499999284744263,3B-HHR.MS.MRG.3IMERG.20250320-S093000-E095959.0570.V07B.HDF5,4.9949997663497925,16.119999766349792,33.589999318122864,150.5449970960617,2025-03-20 18:00:00+08:00
2025-03-20 10:00:00+00:00,2025-03-20 18:00:00+08:00,GPM_1.45_104.05,104.04999542236328,1.4499999284744263,6.199999809265137,3.0999999046325684,3B-HHR.MS.MRG.3IMERG.20250320-S100000-E102959.0600.V07B.HDF5,5.049999833106995,16.384999632835388,34.644999384880066,152.0049970149994,2025-03-20 18:30:00+08:00
2025-03-20 10:30:00+00:00,2025-03-20 18:30:00+08:00,GPM_1.45_104.05,104.04999542236328,1.4499999284744263,5.400000095367432,2.700000047683716,3B-HHR.MS.MRG.3IMERG.20250320-S103000-E105959.0630.V07B.HDF5,5.799999952316284,16.884999632835388,35.30999958515167,152.66499710083008,2025-03-20 19:00:00+08:00
2025-03-20 11:00:00+00:00,2025-03-20 19:00:00+08:00,GPM_1.45_104.05,104.04999542236328,1.4499999284744263,4.059999942779541,2.0299999713897705,3B-HHR.MS.MRG.3IMERG.20250320-S110000-E112959.0660.V07B.HDF5,4.730000019073486,15.664999604225159,34.80999958515167,152.6849970817566,2025-03-20 19:30:00+08:00
2025-03-20 11:30:00+00:00,2025-03-20 19:30:00+08:00,GPM_1.45_104.05,104.04999542236328,1.4499999284744263,2.740000009536743,1.3700000047683716,3B-HHR.MS.MRG.3IMERG.20250320-S113000-E115959.0690.V07B.HDF5,3.399999976158142,14.194999694824219,32.21499967575073,152.13999712467194,2025-03-20 20:00:00+08:00
2025-03-20 12:00:00+00:00,2025-03-20 20:00:00+08:00,GPM_1.45_104.05,104.04999542236328,1.4499999284744263,1.6999999284744263,0.8499999642372131,3B-HHR.MS.MRG.3IMERG.20250320-S120000-E122959.0720.V07B.HDF5,2.2199999690055847,11.999999821186066,29.479999601840973,151.57999712228775,2025-03-20 20:30:00+08:00
2025-03-20 12:30:00+00:00,2025-03-20 20:30:00+08:00,GPM_1.45_104.05,104.04999542236328,1.4499999284744263,1.1299999952316284,0.5649999976158142,3B-HHR.MS.MRG.3IMERG.20250320-S123000-E125959.0750.V07B.HDF5,1.4149999618530273,10.614999890327454,26.734999656677246,148.17999720573425,2025-03-20 21:00:00+08:00
2025-03-20 13:00:00+00:00,2025-03-20 21:00:00+08:00,GPM_1.45_104.05,104.04999542236328,1.4499999284744263,1.090000033378601,0.5450000166893005,3B-HHR.MS.MRG.3IMERG.20250320-S130000-E132959.0780.V07B.HDF5,1.1100000143051147,8.060000002384186,24.444999635219574,146.58499735593796,2025-03-20 21:30:00+08:00
2025-03-20 13:30:00+00:00,2025-03-20 21:30:00+08:00,GPM_1.45_104.05,104.04999542236328,1.4499999284744263,2.569999933242798,1.284999966621399,3B-HHR.MS.MRG.3IMERG.20250320-S133000-E135959.0810.V07B.HDF5,1.8299999833106995,6.644999921321869,23.529999554157257,146.6999973654747,2025-03-20 22:00:00+08:00
2025-03-20 14:00:00+00:00,2025-03-20 22:00:00+08:00,GPM_1.45_104.05,104.04999542236328,1.4499999284744263,3.109999895095825,1.5549999475479126,3B-HHR.MS.MRG.3IMERG.20250320-S140000-E142959.0840.V07B.HDF5,2.8399999141693115,6.169999897480011,21.83499950170517,146.5749973654747,2025-03-20 22:30:00+08:00
2025-03-20 14:30:00+00:00,2025-03-20 22:30:00+08:00,GPM_1.45_104.05,104.04999542236328,1.4499999284744263,3.009999990463257,1.5049999952316284,3B-HHR.MS.MRG.3IMERG.20250320-S143000-E145959.0870.V07B.HDF5,3.059999942779541,6.304999887943268,20.499999582767487,146.44499737024307,2025-03-20 23:00:00+08:00
2025-03-20 15:00:00+00:00,2025-03-20 23:00:00+08:00,GPM_1.45_104.05,104.04999542236328,1.4499999284744263,2.6599998474121094,1.3299999237060547,3B-HHR.MS.MRG.3IMERG.20250320-S150000-E152959.0900.V07B.HDF5,2.834999918937683,6.784999847412109,18.784999668598175,145.95999735593796,2025-03-20 23:30:00+08:00
2025-03-20 15:30:00+00:00,2025-03-20 23:30:00+08:00,GPM_1.45_104.05,104.04999542236328,1.4499999284744263,1.8399999141693115,0.9199999570846558,3B-HHR.MS.MRG.3IMERG.20250320-S153000-E155959.0930.V07B.HDF5,2.2499998807907104,7.139999806880951,17.754999697208405,145.41999739408493,2025-03-21 00:00:00+08:00
2025-03-20 16:00:00+00:00,2025-03-21 00:00:00+08:00,GPM_1.45_104.05,104.04999542236328,1.4499999284744263,0.550000011920929,0.2750000059604645,3B-HHR.MS.MRG.3IMERG.20250320-S160000-E162959.0960.V07B.HDF5,1.1949999630451202,6.869999796152115,14.9299997985363,144.64999744296074,2025-03-21 00:30:00+08:00
2025-03-20 16:30:00+00:00,2025-03-21 00:30:00+08:00,GPM_1.45_104.05,104.04999542236328,1.4499999284744263,0.23999999463558197,0.11999999731779099,3B-HHR.MS.MRG.3IMERG.20250320-S163000-E165959.0990.V07B.HDF5,0.39500000327825546,5.704999826848507,12.349999748170376,143.22499748319387,2025-03-21 01:00:00+08:00
2025-03-20 17:00:00+00:00,2025-03-21 01:00:00+08:00,GPM_1.45_104.05,104.04999542236328,1.4499999284744263,0.4599999785423279,0.22999998927116394,3B-HHR.MS.MRG.3IMERG.20250320-S170000-E172959.1020.V07B.HDF5,0.3499999865889549,4.379999868571758,10.54999976605177,140.80999749153852,2025-03-21 01:30:00+08:00
2025-03-20 17:30:00+00:00,2025-03-21 01:30:00+08:00,GPM_1.45_104.05,104.04999542236328,1.4499999284744263,0.14000000059604645,0.07000000029802322,3B-HHR.MS.MRG.3IMERG.20250320-S173000-E175959.1050.V07B.HDF5,0.29999998956918716,2.944999873638153,9.249999761581421,137.25999760627747,2025-03-21 02:00:00+08:00
2025-03-20 18:00:00+00:00,2025-03-21 02:00:00+08:00,GPM_1.45_104.05,104.04999542236328,1.4499999284744263,0.699999988079071,0.3499999940395355,3B-HHR.MS.MRG.3IMERG.20250320-S180000-E182959.1080.V07B.HDF5,0.41999999433755875,1.964999943971634,8.749999791383743,134.62999758124352,2025-03-21 02:30:00+08:00
2025-03-20 18:30:00+00:00,2025-03-21 02:30:00+08:00,GPM_1.45_104.05,104.04999542236328,1.4499999284744263,0.9599999785423279,0.47999998927116394,3B-HHR.MS.MRG.3IMERG.20250320-S183000-E185959.1110.V07B.HDF5,0.8299999833106995,1.524999976158142,8.664999783039093,132.1149976849556,2025-03-21 03:00:00+08:00
2025-03-20 19:00:00+00:00,2025-03-21 03:00:00+08:00,GPM_1.45_104.05,104.04999542236328,1.4499999284744263,2.0199999809265137,1.0099999904632568,3B-HHR.MS.MRG.3IMERG.20250320-S190000-E192959.1140.V07B.HDF5,1.4899999797344208,2.2599999606609344,9.12999975681305,130.20999771356583,2025-03-21 03:30:00+08:00
2025-03-20 19:30:00+00:00,2025-03-21 03:30:00+08:00,GPM_1.45_104.05,104.04999542236328,1.4499999284744263,0.5999999642372131,0.29999998211860657,3B-HHR.MS.MRG.3IMERG.20250320-S193000-E195959.1170.V07B.HDF5,1.3099999725818634,2.43999994546175,8.144999772310257,127.53499779105186,2025-03-21 04:00:00+08:00
2025-03-20 20:00:00+00:00,2025-03-21 04:00:00+08:00,GPM_1.45_104.05,104.04999542236328,1.4499999284744263,2.5,1.25,3B-HHR.MS.MRG.3IMERG.20250320-S200000-E202959.1200.V07B.HDF5,1.5499999821186066,3.459999956190586,7.839999824762344,126.41499790549278,2025-03-21 04:30:00+08:00
2025-03-20 20:30:00+00:00,2025-03-21 04:30:00+08:00,GPM_1.45_104.05,104.04999542236328,1.4499999284744263,1.3799999952316284,0.6899999976158142,3B-HHR.MS.MRG.3IMERG.20250320-S203000-E205959.1230.V07B.HDF5,1.9399999976158142,4.079999953508377,7.02499982714653,124.19499805569649,2025-03-21 05:00:00+08:00
2025-03-20 21:00:00+00:00,2025-03-21 05:00:00+08:00,GPM_1.45_104.05,104.04999542236328,1.4499999284744263,0.17000000178813934,0.08500000089406967,3B-HHR.MS.MRG.3IMERG.20250320-S210000-E212959.1260.V07B.HDF5,0.7749999985098839,3.8149999603629112,5.779999904334545,122.2549981996417,2025-03-21 05:30:00+08:00
2025-03-20 21:30:00+00:00,2025-03-21 05:30:00+08:00,GPM_1.45_104.05,104.04999542236328,1.4499999284744263,2.1499998569488525,1.0749999284744263,3B-HHR.MS.MRG.3IMERG.20250320-S213000-E215959.1290.V07B.HDF5,1.159999929368496,4.4099998995661736,5.934999875724316,121.00999819487333,2025-03-21 06:00:00+08:00
2025-03-20 22:00:00+00:00,2025-03-21 06:00:00+08:00,GPM_1.45_104.05,104.04999542236328,1.4499999284744263,0.28999999165534973,0.14499999582767487,3B-HHR.MS.MRG.3IMERG.20250320-S220000-E222959.1320.V07B.HDF5,1.2199999243021011,3.5449999049305916,5.804999865591526,117.63999832421541,2025-03-21 06:30:00+08:00
2025-03-20 22:30:00+00:00,2025-03-21 06:30:00+08:00,GPM_1.45_104.05,104.04999542236328,1.4499999284744263,0.09999999403953552,0.04999999701976776,3B-HHR.MS.MRG.3IMERG.20250320-S223000-E225959.1350.V07B.HDF5,0.19499999284744263,3.2949999198317528,5.734999865293503,113.35999839752913,2025-03-21 07:00:00+08:00
2025-03-20 23:00:00+00:00,2025-03-21 07:00:00+08:00,GPM_1.45_104.05,104.04999542236328,1.4499999284744263,0.0,0.0,3B-HHR.MS.MRG.3IMERG.20250320-S230000-E232959.1380.V07B.HDF5,0.04999999701976776,2.0449999198317528,5.504999876022339,108.0549985691905,2025-03-21 07:30:00+08:00
2025-03-20 23:30:00+00:00,2025-03-21 07:30:00+08:00,GPM_1.45_104.05,104.04999542236328,1.4499999284744263,0.25,0.125,3B-HHR.MS.MRG.3IMERG.20250320-S233000-E235959.1410.V07B.HDF5,0.125,1.4799999222159386,5.559999875724316,102.80999868363142,2025-03-21 08:00:00+08:00
2025-03-21 00:00:00+00:00,2025-03-21 08:00:00+08:00,GPM_1.45_104.05,104.04999542236328,1.4499999284744263,0.1899999976158142,0.0949999988079071,3B-HHR.MS.MRG.3IMERG.20250321-S000000-E002959.0000.V07B.HDF5,0.2199999988079071,1.489999920129776,5.304999880492687,97.96999873965979,2025-03-21 08:30:00+08:00
2025-03-21 00:30:00+00:00,2025-03-21 08:30:00+08:00,GPM_1.45_104.05,104.04999542236328,1.4499999284744263,0.0,0.0,3B-HHR.MS.MRG.3IMERG.20250321-S003000-E005959.0030.V07B.HDF5,0.0949999988079071,0.41499999165534973,4.824999891221523,88.2549985870719,2025-03-21 09:00:00+08:00
2025-03-21 01:00:00+00:00,2025-03-21 09:00:00+08:00,GPM_1.45_104.05,104.04999542236328,1.4499999284744263,0.20999999344348907,0.10499999672174454,3B-HHR.MS.MRG.3IMERG.20250321-S010000-E012959.0060.V07B.HDF5,0.10499999672174454,0.3749999925494194,3.919999897480011,81.4249986410141,2025-03-21 09:30:00+08:00
2025-03-21 01:30:00+00:00,2025-03-21 09:30:00+08:00,GPM_1.45_104.05,104.04999542236328,1.4499999284744263,0.25999999046325684,0.12999999523162842,3B-HHR.MS.MRG.3IMERG.20250321-S013000-E015959.0090.V07B.HDF5,0.23499999195337296,0.45499999076128006,3.749999910593033,75.76999878883362,2025-03-21 10:00:00+08:00
2025-03-21 02:00:00+00:00,2025-03-21 10:00:00+08:00,GPM_1.45_104.05,104.04999542236328,1.4499999284744263,0.20999999344348907,0.10499999672174454,3B-HHR.MS.MRG.3IMERG.20250321-S020000-E022959.0120.V07B.HDF5,0.23499999195337296,0.5599999874830246,2.6049999073147774,70.72499869018793,2025-03-21 10:30:00+08:00
2025-03-21 02:30:00+00:00,2025-03-21 10:30:00+08:00,GPM_1.45_104.05,104.04999542236328,1.4499999284744263,0.29999998211860657,0.14999999105930328,3B-HHR.MS.MRG.3IMERG.20250321-S023000-E025959.0150.V07B.HDF5,0.2549999877810478,0.5849999785423279,2.0649999007582664,65.89999877661467,2025-03-21 11:00:00+08:00
2025-03-21 03:00:00+00:00,2025-03-21 11:00:00+08:00,GPM_1.45_104.05,104.04999542236328,1.4499999284744263,0.12999999523162842,0.06499999761581421,3B-HHR.MS.MRG.3IMERG.20250321-S030000-E032959.0180.V07B.HDF5,0.2149999886751175,0.554999977350235,2.044999897480011,61.46499877423048,2025-03-21 11:30:00+08:00
2025-03-21 03:30:00+00:00,2025-03-21 11:30:00+08:00,GPM_1.45_104.05,104.04999542236328,1.4499999284744263,0.7999999523162842,0.3999999761581421,3B-HHR.MS.MRG.3IMERG.20250321-S033000-E035959.0210.V07B.HDF5,0.4649999737739563,0.9549999535083771,1.3699999451637268,58.64999883621931,2025-03-21 12:00:00+08:00
2025-03-21 04:00:00+00:00,2025-03-21 12:00:00+08:00,GPM_1.45_104.05,104.04999542236328,1.4499999284744263,0.1599999964237213,0.07999999821186066,3B-HHR.MS.MRG.3IMERG.20250321-S040000-E042959.0240.V07B.HDF5,0.47999997437000275,0.9299999549984932,1.3049999475479126,56.684998996555805,2025-03-21 12:30:00+08:00
2025-03-21 04:30:00+00:00,2025-03-21 12:30:00+08:00,GPM_1.45_104.05,104.04999542236328,1.4499999284744263,0.5600000023841858,0.2800000011920929,3B-HHR.MS.MRG.3IMERG.20250321-S043000-E045959.0270.V07B.HDF5,0.35999999940395355,1.0799999609589577,1.5349999517202377,54.92999915033579,2025-03-21 13:00:00+08:00
2025-03-21 05:00:00+00:00,2025-03-21 13:00:00+08:00,GPM_1.45_104.05,104.04999542236328,1.4499999284744263,0.550000011920929,0.2750000059604645,3B-HHR.MS.MRG.3IMERG.20250321-S050000-E052959.0300.V07B.HDF5,0.5550000071525574,1.2499999701976776,1.8099999576807022,52.67499918490648,2025-03-21 13:30:00+08:00
2025-03-21 05:30:00+00:00,2025-03-21 13:30:00+08:00,GPM_1.45_104.05,104.04999542236328,1.4499999284744263,0.7999999523162842,0.3999999761581421,3B-HHR.MS.MRG.3IMERG.20250321-S053000-E055959.0330.V07B.HDF5,0.6749999821186066,1.4999999552965164,2.0849999338388443,49.10999924689531,2025-03-21 14:00:00+08:00
2025-03-21 06:00:00+00:00,2025-03-21 14:00:00+08:00,GPM_1.45_104.05,104.04999542236328,1.4499999284744263,0.8199999928474426,0.4099999964237213,3B-HHR.MS.MRG.3IMERG.20250321-S060000-E062959.0360.V07B.HDF5,0.8099999725818634,1.8449999541044235,2.3999999314546585,45.93499920517206,2025-03-21 14:30:00+08:00
2025-03-21 06:30:00+00:00,2025-03-21 14:30:00+08:00,GPM_1.45_104.05,104.04999542236328,1.4499999284744263,0.6399999856948853,0.3199999928474426,3B-HHR.MS.MRG.3IMERG.20250321-S063000-E065959.0390.V07B.HDF5,0.7299999892711639,1.764999970793724,2.719999924302101,42.94499925523996,2025-03-21 15:00:00+08:00
2025-03-21 07:00:00+00:00,2025-03-21 15:00:00+08:00,GPM_1.45_104.05,104.04999542236328,1.4499999284744263,0.4699999988079071,0.23499999940395355,3B-HHR.MS.MRG.3IMERG.20250321-S070000-E072959.0420.V07B.HDF5,0.5549999922513962,1.919999971985817,2.84999992698431,40.344999216496944,2025-03-21 15:30:00+08:00
2025-03-21 07:30:00+00:00,2025-03-21 15:30:00+08:00,GPM_1.45_104.05,104.04999542236328,1.4499999284744263,0.11999999731779099,0.05999999865889549,3B-HHR.MS.MRG.3IMERG.20250321-S073000-E075959.0450.V07B.HDF5,0.29499999806284904,1.6999999694526196,2.7799999304115772,38.204999167472124,2025-03-21 16:00:00+08:00
2025-03-21 08:00:00+00:00,2025-03-21 16:00:00+08:00,GPM_1.45_104.05,104.04999542236328,1.4499999284744263,0.2199999988079071,0.10999999940395355,3B-HHR.MS.MRG.3IMERG.20250321-S080000-E082959.0480.V07B.HDF5,0.16999999806284904,1.5349999628961086,2.7849999330937862,35.06499916687608,2025-03-21 16:30:00+08:00
2025-03-21 08:30:00+00:00,2025-03-21 16:30:00+08:00,GPM_1.45_104.05,104.04999542236328,1.4499999284744263,0.25,0.125,3B-HHR.MS.MRG.3IMERG.20250321-S083000-E085959.0510.V07B.HDF5,0.23499999940395355,1.2599999867379665,2.759999942034483,32.349999252706766,2025-03-21 17:00:00+08:00
2025-03-21 09:00:00+00:00,2025-03-21 17:00:00+08:00,GPM_1.45_104.05,104.04999542236328,1.4499999284744263,0.26999998092651367,0.13499999046325684,3B-HHR.MS.MRG.3IMERG.20250321-S090000-E092959.0540.V07B.HDF5,0.25999999046325684,0.9849999807775021,2.8299999348819256,29.439999405294657,2025-03-21 17:30:00+08:00
2025-03-21 09:30:00+00:00,2025-03-21 17:30:00+08:00,GPM_1.45_104.05,104.04999542236328,1.4499999284744263,0.3100000023841858,0.1550000011920929,3B-HHR.MS.MRG.3IMERG.20250321-S093000-E095959.0570.V07B.HDF5,0.28999999165534973,0.8199999891221523,2.5849999599158764,27.644999478012323,2025-03-21 18:00:00+08:00
2025-03-21 10:00:00+00:00,2025-03-21 18:00:00+08:00,GPM_1.45_104.05,104.04999542236328,1.4499999284744263,0.32999998331069946,0.16499999165534973,3B-HHR.MS.MRG.3IMERG.20250321-S100000-E102959.0600.V07B.HDF5,0.3199999928474426,0.7499999813735485,2.6699999533593655,24.709999565035105,2025-03-21 18:30:00+08:00
2025-03-21 10:30:00+00:00,2025-03-21 18:30:00+08:00,GPM_1.45_104.05,104.04999542236328,1.4499999284744263,0.14999999105930328,0.07499999552965164,3B-HHR.MS.MRG.3IMERG.20250321-S103000-E105959.0630.V07B.HDF5,0.23999998718500137,0.7649999782443047,2.464999947696924,22.08499951288104,2025-03-21 19:00:00+08:00
2025-03-21 11:00:00+00:00,2025-03-21 19:00:00+08:00,GPM_1.45_104.05,104.04999542236328,1.4499999284744263,0.20999999344348907,0.10499999672174454,3B-HHR.MS.MRG.3IMERG.20250321-S110000-E112959.0660.V07B.HDF5,0.17999999225139618,0.7599999755620956,2.2949999384582043,20.159999538213015,2025-03-21 19:30:00+08:00
2025-03-21 11:30:00+00:00,2025-03-21 19:30:00+08:00,GPM_1.45_104.05,104.04999542236328,1.4499999284744263,1.4800000190734863,0.7400000095367432,3B-HHR.MS.MRG.3IMERG.20250321-S113000-E115959.0690.V07B.HDF5,0.8450000062584877,1.3749999850988388,2.6349999718368053,19.529999542981386,2025-03-21 20:00:00+08:00
2025-03-21 12:00:00+00:00,2025-03-21 20:00:00+08:00,GPM_1.45_104.05,104.04999542236328,1.4499999284744263,2.009999990463257,1.0049999952316284,3B-HHR.MS.MRG.3IMERG.20250321-S120000-E122959.0720.V07B.HDF5,1.7450000047683716,2.2449999898672104,3.2299999706447124,19.6849995739758,2025-03-21 20:30:00+08:00
2025-03-21 12:30:00+00:00,2025-03-21 20:30:00+08:00,GPM_1.45_104.05,104.04999542236328,1.4499999284744263,1.3700000047683716,0.6850000023841858,3B-HHR.MS.MRG.3IMERG.20250321-S123000-E125959.0750.V07B.HDF5,1.6899999976158142,2.7749999910593033,3.5949999801814556,19.804999578744173,2025-03-21 21:00:00+08:00
2025-03-21 13:00:00+00:00,2025-03-21 21:00:00+08:00,GPM_1.45_104.05,104.04999542236328,1.4499999284744263,0.949999988079071,0.4749999940395355,3B-HHR.MS.MRG.3IMERG.20250321-S130000-E132959.0780.V07B.HDF5,1.1599999964237213,3.084999993443489,3.8349999748170376,19.734999556094408,2025-03-21 21:30:00+08:00
2025-03-21 13:30:00+00:00,2025-03-21 21:30:00+08:00,GPM_1.45_104.05,104.04999542236328,1.4499999284744263,0.3199999928474426,0.1599999964237213,3B-HHR.MS.MRG.3IMERG.20250321-S133000-E135959.0810.V07B.HDF5,0.6349999904632568,3.1699999943375587,3.9349999725818634,18.60999958589673,2025-03-21 22:00:00+08:00
2025-03-21 14:00:00+00:00,2025-03-21 22:00:00+08:00,GPM_1.45_104.05,104.04999542236328,1.4499999284744263,0.7400000095367432,0.3700000047683716,3B-HHR.MS.MRG.3IMERG.20250321-S140000-E142959.0840.V07B.HDF5,0.5300000011920929,3.435000002384186,4.194999977946281,17.42499964311719,2025-03-21 22:30:00+08:00
2025-03-21 14:30:00+00:00,2025-03-21 22:30:00+08:00,GPM_1.45_104.05,104.04999542236328,1.4499999284744263,0.699999988079071,0.3499999940395355,3B-HHR.MS.MRG.3IMERG.20250321-S143000-E145959.0870.V07B.HDF5,0.7199999988079071,3.044999986886978,4.419999971985817,16.269999641925097,2025-03-21 23:00:00+08:00
2025-03-21 15:00:00+00:00,2025-03-21 23:00:00+08:00,GPM_1.45_104.05,104.04999542236328,1.4499999284744263,0.9199999570846558,0.4599999785423279,3B-HHR.MS.MRG.3IMERG.20250321-S150000-E152959.0900.V07B.HDF5,0.8099999725818634,2.4999999701976776,4.744999960064888,15.39999969676137,2025-03-21 23:30:00+08:00
2025-03-21 15:30:00+00:00,2025-03-21 23:30:00+08:00,GPM_1.45_104.05,104.04999542236328,1.4499999284744263,0.5199999809265137,0.25999999046325684,3B-HHR.MS.MRG.3IMERG.20250321-S153000-E155959.0930.V07B.HDF5,0.7199999690055847,2.0749999582767487,4.849999949336052,14.73999973013997,2025-03-22 00:00:00+08:00
2025-03-18 16:00:00+00:00,2025-03-19 00:00:00+08:00,GPM_1.55_103.55,103.54999542236328,1.5499999523162842,0.0,0.0,3B-HHR.MS.MRG.3IMERG.20250318-S160000-E162959.0960.V07B.HDF5,,,,,2025-03-19 00:30:00+08:00
2025-03-18 16:30:00+00:00,2025-03-19 00:30:00+08:00,GPM_1.55_103.55,103.54999542236328,1.5499999523162842,0.0,0.0,3B-HHR.MS.MRG.3IMERG.20250318-S163000-E165959.0990.V07B.HDF5,0.0,,,,2025-03-19 01:00:00+08:00
2025-03-18 17:00:00+00:00,2025-03-19 01:00:00+08:00,GPM_1.55_103.55,103.54999542236328,1.5499999523162842,0.009999999776482582,0.004999999888241291,3B-HHR.MS.MRG.3IMERG.20250318-S170000-E172959.1020.V07B.HDF5,0.004999999888241291,,,,2025-03-19 01:30:00+08:00
2025-03-18 17:30:00+00:00,2025-03-19 01:30:00+08:00,GPM_1.55_103.55,103.54999542236328,1.5499999523162842,0.0,0.0,3B-HHR.MS.MRG.3IMERG.20250318-S173000-E175959.1050.V07B.HDF5,0.004999999888241291,,,,2025-03-19 02:00:00+08:00
2025-03-18 18:00:00+00:00,2025-03-19 02:00:00+08:00,GPM_1.55_103.55,103.54999542236328,1.5499999523162842,0.0,0.0,3B-HHR.MS.MRG.3IMERG.20250318-S180000-E182959.1080.V07B.HDF5,0.0,,,,2025-03-19 02:30:00+08:00
2025-03-18 18:30:00+00:00,2025-03-19 02:30:00+08:00,GPM_1.55_103.55,103.54999542236328,1.5499999523162842,0.0,0.0,3B-HHR.MS.MRG.3IMERG.20250318-S183000-E185959.1110.V07B.HDF5,0.0,0.004999999888241291,,,2025-03-19 03:00:00+08:00
2025-03-18 19:00:00+00:00,2025-03-19 03:00:00+08:00,GPM_1.55_103.55,103.54999542236328,1.5499999523162842,0.1599999964237213,0.07999999821186066,3B-HHR.MS.MRG.3IMERG.20250318-S190000-E192959.1140.V07B.HDF5,0.07999999821186066,0.08499999810010195,,,2025-03-19 03:30:00+08:00
2025-03-18 19:30:00+00:00,2025-03-19 03:30:00+08:00,GPM_1.55_103.55,103.54999542236328,1.5499999523162842,0.5399999618530273,0.26999998092651367,3B-HHR.MS.MRG.3IMERG.20250318-S193000-E195959.1170.V07B.HDF5,0.34999997913837433,0.3549999790266156,,,2025-03-19 04:00:00+08:00
2025-03-18 20:00:00+00:00,2025-03-19 04:00:00+08:00,GPM_1.55_103.55,103.54999542236328,1.5499999523162842,0.11999999731779099,0.05999999865889549,3B-HHR.MS.MRG.3IMERG.20250318-S200000-E202959.1200.V07B.HDF5,0.32999997958540916,0.4099999777972698,,,2025-03-19 04:30:00+08:00
2025-03-18 20:30:00+00:00,2025-03-19 04:30:00+08:00,GPM_1.55_103.55,103.54999542236328,1.5499999523162842,0.029999999329447746,0.014999999664723873,3B-HHR.MS.MRG.3IMERG.20250318-S203000-E205959.1230.V07B.HDF5,0.07499999832361937,0.4249999774619937,,,2025-03-19 05:00:00+08:00
2025-03-18 21:00:00+00:00,2025-03-19 05:00:00+08:00,GPM_1.55_103.55,103.54999542236328,1.5499999523162842,0.03999999910593033,0.019999999552965164,3B-HHR.MS.MRG.3IMERG.20250318-S210000-E212959.1260.V07B.HDF5,0.03499999921768904,0.44499997701495886,,,2025-03-19 05:30:00+08:00
2025-03-18 21:30:00+00:00,2025-03-19 05:30:00+08:00,GPM_1.55_103.55,103.54999542236328,1.5499999523162842,0.47999998927116394,0.23999999463558197,3B-HHR.MS.MRG.3IMERG.20250318-S213000-E215959.1290.V07B.HDF5,0.25999999418854713,0.6849999716505408,0.6899999715387821,,2025-03-19 06:00:00+08:00
2025-03-18 22:00:00+00:00,2025-03-19 06:00:00+08:00,GPM_1.55_103.55,103.54999542236328,1.5499999523162842,1.1100000143051147,0.5550000071525574,3B-HHR.MS.MRG.3IMERG.20250318-S220000-E222959.1320.V07B.HDF5,0.7950000017881393,1.1599999805912375,1.2449999786913395,,2025-03-19 06:30:00+08:00
2025-03-18 22:30:00+00:00,2025-03-19 06:30:00+08:00,GPM_1.55_103.55,103.54999542236328,1.5499999523162842,0.3199999928474426,0.1599999964237213,3B-HHR.MS.MRG.3IMERG.20250318-S223000-E225959.1350.V07B.HDF5,0.7150000035762787,1.0499999960884452,1.4049999751150608,,2025-03-19 07:00:00+08:00
2025-03-18 23:00:00+00:00,2025-03-19 07:00:00+08:00,GPM_1.55_103.55,103.54999542236328,1.5499999523162842,0.17999999225139618,0.08999999612569809,3B-HHR.MS.MRG.3IMERG.20250318-S230000-E232959.1380.V07B.HDF5,0.2499999925494194,1.0799999935552478,1.4899999713525176,,2025-03-19 07:30:00+08:00
2025-03-18 23:30:00+00:00,2025-03-19 07:30:00+08:00,GPM_1.55_103.55,103.54999542236328,1.5499999523162842,1.2999999523162842,0.6499999761581421,3B-HHR.MS.MRG.3IMERG.20250318-S233000-E235959.1410.V07B.HDF5,0.7399999722838402,1.714999970048666,2.1399999475106597,,2025-03-19 08:00:00+08:00
2025-03-19 00:00:00+00:00,2025-03-19 08:00:00+08:00,GPM_1.55_103.55,103.54999542236328,1.5499999523162842,1.2400000095367432,0.6200000047683716,3B-HHR.MS.MRG.3IMERG.20250319-S000000-E002959.0000.V07B.HDF5,1.2699999809265137,2.3149999752640724,2.7599999522790313,,2025-03-19 08:30:00+08:00
2025-03-19 00:30:00+00:00,2025-03-19 08:30:00+08:00,GPM_1.55_103.55,103.54999542236328,1.5499999523162842,2.700000047683716,1.350000023841858,3B-HHR.MS.MRG.3IMERG.20250319-S003000-E005959.0030.V07B.HDF5,1.9700000286102295,3.4250000044703484,4.109999976120889,,2025-03-19 09:00:00+08:00
2025-03-19 01:00:00+00:00,2025-03-19 09:00:00+08:00,GPM_1.55_103.55,103.54999542236328,1.5499999523162842,1.709999918937683,0.8549999594688416,3B-HHR.MS.MRG.3IMERG.20250319-S010000-E012959.0060.V07B.HDF5,2.2049999833106995,3.7249999567866325,4.88499993737787,,2025-03-19 09:30:00+08:00
2025-03-19 01:30:00+00:00,2025-03-19 09:30:00+08:00,GPM_1.55_103.55,103.54999542236328,1.5499999523162842,4.21999979019165,2.109999895095825,3B-HHR.MS.MRG.3IMERG.20250319-S013000-E015959.0090.V07B.HDF5,2.9649998545646667,5.674999855458736,6.724999851547182,,2025-03-19 10:00:00+08:00
2025-03-19 02:00:00+00:00,2025-03-19 10:00:00+08:00,GPM_1.55_103.55,103.54999542236328,1.5499999523162842,4.389999866485596,2.194999933242798,3B-HHR.MS.MRG.3IMERG.20250319-S020000-E022959.0120.V07B.HDF5,4.304999828338623,7.779999792575836,8.859999786131084,,2025-03-19 10:30:00+08:00
2025-03-19 02:30:00+00:00,2025-03-19 10:30:00+08:00,GPM_1.55_103.55,103.54999542236328,1.5499999523162842,5.119999885559082,2.559999942779541,3B-HHR.MS.MRG.3IMERG.20250319-S023000-E025959.0150.V07B.HDF5,4.754999876022339,9.689999759197235,11.404999729245901,,2025-03-19 11:00:00+08:00
2025-03-19 03:00:00+00:00,2025-03-19 11:00:00+08:00,GPM_1.55_103.55,103.54999542236328,1.5499999523162842,6.069999694824219,3.0349998474121094,3B-HHR.MS.MRG.3IMERG.20250319-S030000-E032959.0180.V07B.HDF5,5.59499979019165,12.104999601840973,14.419999577105045,,2025-03-19 11:30:00+08:00
2025-03-19 03:30:00+00:00,2025-03-19 11:30:00+08:00,GPM_1.55_103.55,103.54999542236328,1.5499999523162842,6.079999923706055,3.0399999618530273,3B-HHR.MS.MRG.3IMERG.20250319-S033000-E035959.0210.V07B.HDF5,6.074999809265137,13.794999539852142,17.21999954432249,,2025-03-19 12:00:00+08:00
2025-03-19 04:00:00+00:00,2025-03-19 12:00:00+08:00,GPM_1.55_103.55,103.54999542236328,1.5499999523162842,5.989999771118164,2.994999885559082,3B-HHR.MS.MRG.3IMERG.20250319-S040000-E042959.0240.V07B.HDF5,6.034999847412109,15.934999465942383,19.659999422729015,,2025-03-19 12:30:00+08:00
2025-03-19 04:30:00+00:00,2025-03-19 12:30:00+08:00,GPM_1.55_103.55,103.54999542236328,1.5499999523162842,4.96999979019165,2.484999895095825,3B-HHR.MS.MRG.3IMERG.20250319-S043000-E045959.0270.V07B.HDF5,5.479999780654907,16.309999465942383,21.98499932140112,,2025-03-19 13:00:00+08:00
2025-03-19 05:00:00+00:00,2025-03-19 13:00:00+08:00,GPM_1.55_103.55,103.54999542236328,1.5499999523162842,4.519999980926514,2.259999990463257,3B-HHR.MS.MRG.3IMERG.20250319-S050000-E052959.0300.V07B.HDF5,4.744999885559082,16.374999523162842,24.154999315738678,,2025-03-19 13:30:00+08:00
2025-03-19 05:30:00+00:00,2025-03-19 13:30:00+08:00,GPM_1.55_103.55,103.54999542236328,1.5499999523162842,6.759999752044678,3.379999876022339,3B-HHR.MS.MRG.3IMERG.20250319-S053000-E055959.0330.V07B.HDF5,5.639999866485596,17.19499945640564,26.884999215602875,,2025-03-19 14:00:00+08:00
2025-03-19 06:00:00+00:00,2025-03-19 14:00:00+08:00,GPM_1.55_103.55,103.54999542236328,1.5499999523162842,7.37999963760376,3.68999981880188,3B-HHR.MS.MRG.3IMERG.20250319-S060000-E062959.0360.V07B.HDF5,7.069999694824219,17.84999942779541,29.954999029636383,,2025-03-19 14:30:00+08:00
2025-03-19 06:30:00+00:00,2025-03-19 14:30:00+08:00,GPM_1.55_103.55,103.54999542236328,1.5499999523162842,8.630000114440918,4.315000057220459,3B-HHR.MS.MRG.3IMERG.20250319-S063000-E065959.0390.V07B.HDF5,8.004999876022339,19.124999523162842,32.919999063014984,,2025-03-19 15:00:00+08:00
2025-03-19 07:00:00+00:00,2025-03-19 15:00:00+08:00,GPM_1.55_103.55,103.54999542236328,1.5499999523162842,5.769999980926514,2.884999990463257,3B-HHR.MS.MRG.3IMERG.20250319-S070000-E072959.0420.V07B.HDF5,7.200000047683716,19.014999628067017,34.9499990940094,,2025-03-19 15:30:00+08:00
2025-03-19 07:30:00+00:00,2025-03-19 15:30:00+08:00,GPM_1.55_103.55,103.54999542236328,1.5499999523162842,6.849999904632568,3.424999952316284,3B-HHR.MS.MRG.3IMERG.20250319-S073000-E075959.0450.V07B.HDF5,6.309999942779541,19.954999685287476,36.26499915122986,,2025-03-19 16:00:00+08:00
2025-03-19 08:00:00+00:00,2025-03-19 16:00:00+08:00,GPM_1.55_103.55,103.54999542236328,1.5499999523162842,8.319999694824219,4.159999847412109,3B-HHR.MS.MRG.3IMERG.20250319-S080000-E082959.0480.V07B.HDF5,7.5849997997283936,21.854999542236328,38.22999906539917,,2025-03-19 16:30:00+08:00
2025-03-19 08:30:00+00:00,2025-03-19 16:30:00+08:00,GPM_1.55_103.55,103.54999542236328,1.5499999523162842,15.34999942779541,7.674999713897705,3B-HHR.MS.MRG.3IMERG.20250319-S083000-E085959.0510.V07B.HDF5,11.834999561309814,26.149999380111694,43.344998836517334,,2025-03-19 17:00:00+08:00
2025-03-19 09:00:00+00:00,2025-03-19 17:00:00+08:00,GPM_1.55_103.55,103.54999542236328,1.5499999523162842,15.25,7.625,3B-HHR.MS.MRG.3IMERG.20250319-S090000-E092959.0540.V07B.HDF5,15.299999713897705,30.084999561309814,47.934998989105225,,2025-03-19 17:30:00+08:00
2025-03-19 09:30:00+00:00,2025-03-19 17:30:00+08:00,GPM_1.55_103.55,103.54999542236328,1.5499999523162842,13.859999656677246,6.929999828338623,3B-HHR.MS.MRG.3IMERG.20250319-S093000-E095959.0570.V07B.HDF5,14.554999828338623,32.69999933242798,51.82499885559082,,2025-03-19 18:00:00+08:00
2025-03-19 10:00:00+00:00,2025-03-19 18:00:00+08:00,GPM_1.55_103.55,103.54999542236328,1.5499999523162842,9.399999618530273,4.699999809265137,3B-HHR.MS.MRG.3IMERG.20250319-S100000-E102959.0600.V07B.HDF5,11.62999963760376,34.51499915122986,53.529998779296875,,2025-03-19 18:30:00+08:00
2025-03-19 10:30:00+00:00,2025-03-19 18:30:00+08:00,GPM_1.55_103.55,103.54999542236328,1.5499999523162842,8.649999618530273,4.324999809265137,3B-HHR.MS.MRG.3IMERG.20250319-S103000-E105959.0630.V07B.HDF5,9.024999618530273,35.41499900817871,55.36999869346619,,2025-03-19 19:00:00+08:00
2025-03-19 11:00:00+00:00,2025-03-19 19:00:00+08:00,GPM_1.55_103.55,103.54999542236328,1.5499999523162842,7.369999885559082,3.684999942779541,3B-HHR.MS.MRG.3IMERG.20250319-S110000-E112959.0660.V07B.HDF5,8.009999752044678,34.93999910354614,56.79499864578247,,2025-03-19 19:30:00+08:00
2025-03-19 11:30:00+00:00,2025-03-19 19:30:00+08:00,GPM_1.55_103.55,103.54999542236328,1.5499999523162842,5.21999979019165,2.609999895095825,3B-HHR.MS.MRG.3IMERG.20250319-S113000-E115959.0690.V07B.HDF5,6.294999837875366,29.874999284744263,56.02499866485596,,2025-03-19 20:00:00+08:00
2025-03-19 12:00:00+00:00,2025-03-19 20:00:00+08:00,GPM_1.55_103.55,103.54999542236328,1.5499999523162842,3.359999895095825,1.6799999475479126,3B-HHR.MS.MRG.3IMERG.20250319-S120000-E122959.0720.V07B.HDF5,4.289999842643738,23.929999232292175,54.01499879360199,,2025-03-19 20:30:00+08:00
2025-03-19 12:30:00+00:00,2025-03-19 20:30:00+08:00,GPM_1.55_103.55,103.54999542236328,1.5499999523162842,6.289999961853027,3.1449999809265137,3B-HHR.MS.MRG.3IMERG.20250319-S123000-E125959.0750.V07B.HDF5,4.824999928474426,20.144999384880066,52.844998717308044,,2025-03-19 21:00:00+08:00
2025-03-19 13:00:00+00:00,2025-03-19 21:00:00+08:00,GPM_1.55_103.55,103.54999542236328,1.5499999523162842,4.529999732971191,2.2649998664855957,3B-HHR.MS.MRG.3IMERG.20250319-S130000-E132959.0780.V07B.HDF5,5.409999847412109,17.709999442100525,52.22499859333038,,2025-03-19 21:30:00+08:00
2025-03-19 13:30:00+00:00,2025-03-19 21:30:00+08:00,GPM_1.55_103.55,103.54999542236328,1.5499999523162842,8.5,4.25,3B-HHR.MS.MRG.3IMERG.20250319-S133000-E135959.0810.V07B.HDF5,6.514999866485596,17.634999632835388,53.0499986410141,,2025-03-19 22:00:00+08:00
2025-03-19 14:00:00+00:00,2025-03-19 22:00:00+08:00,GPM_1.55_103.55,103.54999542236328,1.5499999523162842,4.579999923706055,2.2899999618530273,3B-HHR.MS.MRG.3IMERG.20250319-S140000-E142959.0840.V07B.HDF5,6.539999961853027,16.239999651908875,51.17999875545502,,2025-03-19 22:30:00+08:00
2025-03-19 14:30:00+00:00,2025-03-19 22:30:00+08:00,GPM_1.55_103.55,103.54999542236328,1.5499999523162842,3.490000009536743,1.7450000047683716,3B-HHR.MS.MRG.3IMERG.20250319-S143000-E145959.0870.V07B.HDF5,4.034999966621399,15.374999761581421,45.249999046325684,,2025-03-19 23:00:00+08:00
2025-03-19 15:00:00+00:00,2025-03-19 23:00:00+08:00,GPM_1.55_103.55,103.54999542236328,1.5499999523162842,3.18999981880188,1.59499990940094,3B-HHR.MS.MRG.3IMERG.20250319-S150000-E152959.0900.V07B.HDF5,3.3399999141693115,15.289999723434448,39.21999895572662,,2025-03-19 23:30:00+08:00
2025-03-19 15:30:00+00:00,2025-03-19 23:30:00+08:00,GPM_1.55_103.55,103.54999542236328,1.5499999523162842,3.0799999237060547,1.5399999618530273,3B-HHR.MS.MRG.3IMERG.20250319-S153000-E155959.0930.V07B.HDF5,3.1349998712539673,13.684999704360962,33.82999908924103,103.56499746069312,2025-03-20 00:00:00+08:00
2025-03-19 16:00:00+00:00,2025-03-20 00:00:00+08:00,GPM_1.55_103.55,103.54999542236328,1.5499999523162842,0.5,0.25,3B-HHR.MS.MRG.3IMERG.20250319-S160000-E162959.0960.V07B.HDF5,1.7899999618530273,11.669999837875366,29.37999927997589,103.81499746069312,2025-03-20 00:30:00+08:00
2025-03-19 16:30:00+00:00,2025-03-20 00:30:00+08:00,GPM_1.55_103.55,103.54999542236328,1.5499999523162842,1.5199999809265137,0.7599999904632568,3B-HHR.MS.MRG.3IMERG.20250319-S163000-E165959.0990.V07B.HDF5,1.0099999904632568,8.179999828338623,25.81499946117401,104.57499745115638,2025-03-20 01:00:00+08:00
2025-03-19 17:00:00+00:00,2025-03-20 01:00:00+08:00,GPM_1.55_103.55,103.54999542236328,1.5499999523162842,4.440000057220459,2.2200000286102295,3B-HHR.MS.MRG.3IMERG.20250319-S170000-E172959.1020.V07B.HDF5,2.9800000190734863,8.109999895095825,24.3499995470047,106.78999747987837,2025-03-20 01:30:00+08:00
2025-03-19 17:30:00+00:00,2025-03-20 01:30:00+08:00,GPM_1.55_103.55,103.54999542236328,1.5499999523162842,5.900000095367432,2.950000047683716,3B-HHR.MS.MRG.3IMERG.20250319-S173000-E175959.1050.V07B.HDF5,5.170000076293945,9.31499993801117,24.68999969959259,109.73999752756208,2025-03-20 02:00:00+08:00
2025-03-19 18:00:00+00:00,2025-03-20 02:00:00+08:00,GPM_1.55_103.55,103.54999542236328,1.5499999523162842,4.579999923706055,2.2899999618530273,3B-HHR.MS.MRG.3IMERG.20250319-S180000-E182959.1080.V07B.HDF5,5.240000009536743,10.009999990463257,25.299999713897705,112.02999748941511,2025-03-20 02:30:00+08:00
2025-03-19 18:30:00+00:00,2025-03-20 02:30:00+08:00,GPM_1.55_103.55,103.54999542236328,1.5499999523162842,3.7300000190734863,1.8650000095367432,3B-HHR.MS.MRG.3IMERG.20250319-S183000-E185959.1110.V07B.HDF5,4.1549999713897705,10.335000038146973,24.019999742507935,113.89499749895185,2025-03-20 03:00:00+08:00
2025-03-19 19:00:00+00:00,2025-03-20 03:00:00+08:00,GPM_1.55_103.55,103.54999542236328,1.5499999523162842,4.230000019073486,2.115000009536743,3B-HHR.MS.MRG.3IMERG.20250319-S190000-E192959.1140.V07B.HDF5,3.9800000190734863,12.200000047683716,23.869999885559082,115.92999751027673,2025-03-20 03:30:00+08:00
2025-03-19 19:30:00+00:00,2025-03-20 03:30:00+08:00,GPM_1.55_103.55,103.54999542236328,1.5499999523162842,4.230000019073486,2.115000009536743,3B-HHR.MS.MRG.3IMERG.20250319-S193000-E195959.1170.V07B.HDF5,4.230000019073486,13.555000066757202,21.734999895095825,117.77499753888696,2025-03-20 04:00:00+08:00
2025-03-19 20:00:00+00:00,2025-03-20 04:00:00+08:00,GPM_1.55_103.55,103.54999542236328,1.5499999523162842,9.130000114440918,4.565000057220459,3B-HHR.MS.MRG.3IMERG.20250319-S200000-E202959.1200.V07B.HDF5,6.680000066757202,15.900000095367432,24.009999990463257,122.27999759744853,2025-03-20 04:30:00+08:00
2025-03-19 20:30:00+00:00,2025-03-20 04:30:00+08:00,GPM_1.55_103.55,103.54999542236328,1.5499999523162842,5.269999980926514,2.634999990463257,3B-HHR.MS.MRG.3IMERG.20250319-S203000-E205959.1230.V07B.HDF5,7.200000047683716,15.585000038146973,24.899999976158142,124.89999758824706,2025-03-20 05:00:00+08:00
2025-03-19 21:00:00+00:00,2025-03-20 05:00:00+08:00,GPM_1.55_103.55,103.54999542236328,1.5499999523162842,4.909999847412109,2.4549999237060547,3B-HHR.MS.MRG.3IMERG.20250319-S210000-E212959.1260.V07B.HDF5,5.0899999141693115,15.75,25.759999990463257,127.33499751240015,2025-03-20 05:30:00+08:00
2025-03-19 21:30:00+00:00,2025-03-20 05:30:00+08:00,GPM_1.55_103.55,103.54999542236328,1.5499999523162842,6.159999847412109,3.0799999237060547,3B-HHR.MS.MRG.3IMERG.20250319-S213000-E215959.1290.V07B.HDF5,5.534999847412109,16.96499991416931,27.299999952316284,130.17499744147062,2025-03-20 06:00:00+08:00
2025-03-19 22:00:00+00:00,2025-03-20 06:00:00+08:00,GPM_1.55_103.55,103.54999542236328,1.5499999523162842,8.460000038146973,4.230000019073486,3B-HHR.MS.MRG.3IMERG.20250319-S220000-E222959.1320.V07B.HDF5,7.309999942779541,19.079999923706055,31.27999997138977,133.84999745339155,2025-03-20 06:30:00+08:00
2025-03-19 22:30:00+00:00,2025-03-20 06:30:00+08:00,GPM_1.55_103.55,103.54999542236328,1.5499999523162842,11.469999313354492,5.734999656677246,3B-HHR.MS.MRG.3IMERG.20250319-S223000-E225959.1350.V07B.HDF5,9.964999675750732,22.699999570846558,36.25499963760376,139.42499711364508,2025-03-20 07:00:00+08:00
2025-03-19 23:00:00+00:00,2025-03-20 07:00:00+08:00,GPM_1.55_103.55,103.54999542236328,1.5499999523162842,7.649999618530273,3.8249998092651367,3B-HHR.MS.MRG.3IMERG.20250319-S230000-E232959.1380.V07B.HDF5,9.559999465942383,21.959999322891235,37.85999941825867,143.15999692678452,2025-03-20 07:30:00+08:00
2025-03-19 23:30:00+00:00,2025-03-20 07:30:00+08:00,GPM_1.55_103.55,103.54999542236328,1.5499999523162842,6.019999980926514,3.009999990463257,3B-HHR.MS.MRG.3IMERG.20250319-S233000-E235959.1410.V07B.HDF5,6.8349997997283936,22.334999322891235,37.91999936103821,145.51999694108963,2025-03-20 08:00:00+08:00
2025-03-20 00:00:00+00:00,2025-03-20 08:00:00+08:00,GPM_1.55_103.55,103.54999542236328,1.5499999523162842,16.639999389648438,8.319999694824219,3B-HHR.MS.MRG.3IMERG.20250320-S000000-E002959.0000.V07B.HDF5,11.329999685287476,28.1999990940094,43.9499990940094,153.21999663114548,2025-03-20 08:30:00+08:00
2025-03-20 00:30:00+00:00,2025-03-20 08:30:00+08:00,GPM_1.55_103.55,103.54999542236328,1.5499999523162842,12.059999465942383,6.029999732971191,3B-HHR.MS.MRG.3IMERG.20250320-S003000-E005959.0030.V07B.HDF5,14.34999942779541,31.149998903274536,48.11499881744385,157.8999963402748,2025-03-20 09:00:00+08:00
2025-03-20 01:00:00+00:00,2025-03-20 09:00:00+08:00,GPM_1.55_103.55,103.54999542236328,1.5499999523162842,14.130000114440918,7.065000057220459,3B-HHR.MS.MRG.3IMERG.20250320-S010000-E012959.0060.V07B.HDF5,13.09499979019165,33.98499894142151,53.06499886512756,164.10999643802643,2025-03-20 09:30:00+08:00
2025-03-20 01:30:00+00:00,2025-03-20 09:30:00+08:00,GPM_1.55_103.55,103.54999542236328,1.5499999523162842,13.119999885559082,6.559999942779541,3B-HHR.MS.MRG.3IMERG.20250320-S013000-E015959.0090.V07B.HDF5,13.625,34.809999227523804,57.50999879837036,168.55999648571014,2025-03-20 10:00:00+08:00
2025-03-20 02:00:00+00:00,2025-03-20 10:00:00+08:00,GPM_1.55_103.55,103.54999542236328,1.5499999523162842,12.34000015258789,6.170000076293945,3B-HHR.MS.MRG.3IMERG.20250320-S020000-E022959.0120.V07B.HDF5,12.730000019073486,37.15499949455261,59.11499881744385,172.5349966287613,2025-03-20 10:30:00+08:00
2025-03-20 02:30:00+00:00,2025-03-20 10:30:00+08:00,GPM_1.55_103.55,103.54999542236328,1.5499999523162842,11.219999313354492,5.609999656677246,3B-HHR.MS.MRG.3IMERG.20250320-S023000-E025959.0150.V07B.HDF5,11.779999732971191,39.7549991607666,62.08999848365784,175.584996342659,2025-03-20 11:00:00+08:00
2025-03-20 03:00:00+00:00,2025-03-20 11:00:00+08:00,GPM_1.55_103.55,103.54999542236328,1.5499999523162842,9.489999771118164,4.744999885559082,3B-HHR.MS.MRG.3IMERG.20250320-S030000-E032959.0180.V07B.HDF5,10.354999542236328,36.179999351501465,64.37999844551086,177.29499638080597,2025-03-20 11:30:00+08:00
2025-03-20 03:30:00+00:00,2025-03-20 11:30:00+08:00,GPM_1.55_103.55,103.54999542236328,1.5499999523162842,8.920000076293945,4.460000038146973,3B-HHR.MS.MRG.3IMERG.20250320-S033000-E035959.0210.V07B.HDF5,9.204999923706055,34.609999656677246,65.75999855995178,178.71499645709991,2025-03-20 12:00:00+08:00
2025-03-20 04:00:00+00:00,2025-03-20 12:00:00+08:00,GPM_1.55_103.55,103.54999542236328,1.5499999523162842,9.15999984741211,4.579999923706055,3B-HHR.MS.MRG.3IMERG.20250320-S040000-E042959.0240.V07B.HDF5,9.039999961853027,32.12499952316284,66.10999846458435,180.2999964952469,2025-03-20 12:30:00+08:00
2025-03-20 04:30:00+00:00,2025-03-20 12:30:00+08:00,GPM_1.55_103.55,103.54999542236328,1.5499999523162842,5.150000095367432,2.575000047683716,3B-HHR.MS.MRG.3IMERG.20250320-S043000-E045959.0270.V07B.HDF5,7.1549999713897705,28.139999628067017,62.94999885559082,180.38999664783478,2025-03-20 13:00:00+08:00
2025-03-20 05:00:00+00:00,2025-03-20 13:00:00+08:00,GPM_1.55_103.55,103.54999542236328,1.5499999523162842,5.389999866485596,2.694999933242798,3B-HHR.MS.MRG.3IMERG.20250320-S050000-E052959.0300.V07B.HDF5,5.269999980926514,24.66499948501587,61.81999897956848,180.82499659061432,2025-03-20 13:30:00+08:00
2025-03-20 05:30:00+00:00,2025-03-20 13:30:00+08:00,GPM_1.55_103.55,103.54999542236328,1.5499999523162842,6.789999961853027,3.3949999809265137,3B-HHR.MS.MRG.3IMERG.20250320-S053000-E055959.0330.V07B.HDF5,6.0899999141693115,22.449999809265137,62.20499897003174,180.8399966955185,2025-03-20 14:00:00+08:00
2025-03-20 06:00:00+00:00,2025-03-20 14:00:00+08:00,GPM_1.55_103.55,103.54999542236328,1.5499999523162842,8.139999389648438,4.069999694824219,3B-HHR.MS.MRG.3IMERG.20250320-S060000-E062959.0360.V07B.HDF5,7.464999675750732,21.774999618530273,57.95499897003174,181.21999657154083,2025-03-20 14:30:00+08:00
2025-03-20 06:30:00+00:00,2025-03-20 14:30:00+08:00,GPM_1.55_103.55,103.54999542236328,1.5499999523162842,8.449999809265137,4.224999904632568,3B-HHR.MS.MRG.3IMERG.20250320-S063000-E065959.0390.V07B.HDF5,8.294999599456787,21.53999948501587,56.149999141693115,181.12999641895294,2025-03-20 15:00:00+08:00
2025-03-20 07:00:00+00:00,2025-03-20 15:00:00+08:00,GPM_1.55_103.55,103.54999542236328,1.5499999523162842,7.96999979019165,3.984999895095825,3B-HHR.MS.MRG.3IMERG.20250320-S070000-E072959.0420.V07B.HDF5,8.209999799728394,20.94499945640564,53.06999897956848,182.2299963235855,2025-03-20 15:30:00+08:00
2025-03-20 07:30:00+00:00,2025-03-20 15:30:00+08:00,GPM_1.55_103.55,103.54999542236328,1.5499999523162842,9.069999694824219,4.534999847412109,3B-HHR.MS.MRG.3IMERG.20250320-S073000-E075959.0450.V07B.HDF5,8.519999742507935,22.904999256134033,51.04499888420105,183.33999621868134,2025-03-20 16:00:00+08:00
2025-03-20 08:00:00+00:00,2025-03-20 16:00:00+08:00,GPM_1.55_103.55,103.54999542236328,1.5499999523162842,10.179999351501465,5.089999675750732,3B-HHR.MS.MRG.3IMERG.20250320-S080000-E082959.0480.V07B.HDF5,9.624999523162842,25.299998998641968,49.96499848365784,184.26999604701996,2025-03-20 16:30:00+08:00
2025-03-20 08:30:00+00:00,2025-03-20 16:30:00+08:00,GPM_1.55_103.55,103.54999542236328,1.5499999523162842,6.259999752044678,3.129999876022339,3B-HHR.MS.MRG.3IMERG.20250320-S083000-E085959.0510.V07B.HDF5,8.219999551773071,25.034998893737793,47.48499870300293,179.7249962091446,2025-03-20 17:00:00+08:00
2025-03-20 09:00:00+00:00,2025-03-20 17:00:00+08:00,GPM_1.55_103.55,103.54999542236328,1.5499999523162842,6.599999904632568,3.299999952316284,3B-HHR.MS.MRG.3IMERG.20250320-S090000-E092959.0540.V07B.HDF5,6.429999828338623,24.26499915122986,46.03999876976013,175.39999616146088,2025-03-20 17:30:00+08:00
2025-03-20 09:30:00+00:00,2025-03-20 17:30:00+08:00,GPM_1.55_103.55,103.54999542236328,1.5499999523162842,3.129999876022339,1.5649999380111694,3B-HHR.MS.MRG.3IMERG.20250320-S093000-E095959.0570.V07B.HDF5,4.864999890327454,21.60499918460846,43.14499866962433,170.03499627113342,2025-03-20 18:00:00+08:00
2025-03-20 10:00:00+00:00,2025-03-20 18:00:00+08:00,GPM_1.55_103.55,103.54999542236328,1.5499999523162842,6.029999732971191,3.0149998664855957,3B-HHR.MS.MRG.3IMERG.20250320-S100000-E102959.0600.V07B.HDF5,4.579999804496765,20.63499915599823,41.57999861240387,168.34999632835388,2025-03-20 18:30:00+08:00
2025-03-20 10:30:00+00:00,2025-03-20 18:30:00+08:00,GPM_1.55_103.55,103.54999542236328,1.5499999523162842,6.109999656677246,3.054999828338623,3B-HHR.MS.MRG.3IMERG.20250320-S103000-E105959.0630.V07B.HDF5,6.069999694824219,19.154999136924744,42.05999839305878,167.07999634742737,2025-03-20 19:00:00+08:00
2025-03-20 11:00:00+00:00,2025-03-20 19:00:00+08:00,GPM_1.55_103.55,103.54999542236328,1.5499999523162842,4.759999752044678,2.379999876022339,3B-HHR.MS.MRG.3IMERG.20250320-S110000-E112959.0660.V07B.HDF5,5.434999704360962,16.44499933719635,41.74499833583832,165.77499628067017,2025-03-20 19:30:00+08:00
2025-03-20 11:30:00+00:00,2025-03-20 19:30:00+08:00,GPM_1.55_103.55,103.54999542236328,1.5499999523162842,5.069999694824219,2.5349998474121094,3B-HHR.MS.MRG.3IMERG.20250320-S113000-E115959.0690.V07B.HDF5,4.914999723434448,15.84999930858612,40.884998202323914,165.69999623298645,2025-03-20 20:00:00+08:00
2025-03-20 12:00:00+00:00,2025-03-20 20:00:00+08:00,GPM_1.55_103.55,103.54999542236328,1.5499999523162842,3.9099998474121094,1.9549999237060547,3B-HHR.MS.MRG.3IMERG.20250320-S120000-E122959.0720.V07B.HDF5,4.489999771118164,14.504999279975891,38.76999843120575,165.9749962091446,2025-03-20 20:30:00+08:00
2025-03-20 12:30:00+00:00,2025-03-20 20:30:00+08:00,GPM_1.55_103.55,103.54999542236328,1.5499999523162842,3.009999990463257,1.5049999952316284,3B-HHR.MS.MRG.3IMERG.20250320-S123000-E125959.0750.V07B.HDF5,3.459999918937683,14.44499933719635,36.04999852180481,164.3349962234497,2025-03-20 21:00:00+08:00
2025-03-20 13:00:00+00:00,2025-03-20 21:00:00+08:00,GPM_1.55_103.55,103.54999542236328,1.5499999523162842,1.8700000047683716,0.9350000023841858,3B-HHR.MS.MRG.3IMERG.20250320-S130000-E132959.0780.V07B.HDF5,2.439999997615814,12.36499947309494,32.99999862909317,163.0049963593483,2025-03-20 21:30:00+08:00
2025-03-20 13:30:00+00:00,2025-03-20 21:30:00+08:00,GPM_1.55_103.55,103.54999542236328,1.5499999523162842,3.9099998474121094,1.9549999237060547,3B-HHR.MS.MRG.3IMERG.20250320-S133000-E135959.0810.V07B.HDF5,2.8899999260902405,11.264999568462372,30.419998705387115,160.70999628305435,2025-03-20 22:00:00+08:00
2025-03-20 14:00:00+00:00,2025-03-20 22:00:00+08:00,GPM_1.55_103.55,103.54999542236328,1.5499999523162842,4.389999866485596,2.194999933242798,3B-HHR.MS.MRG.3IMERG.20250320-S140000-E142959.0840.V07B.HDF5,4.1499998569488525,11.07999962568283,27.52499896287918,160.61499625444412,2025-03-20 22:30:00+08:00
2025-03-20 14:30:00+00:00,2025-03-20 22:30:00+08:00,GPM_1.55_103.55,103.54999542236328,1.5499999523162842,4.279999732971191,2.1399998664855957,3B-HHR.MS.MRG.3IMERG.20250320-S143000-E145959.0870.V07B.HDF5,4.3349997997283936,10.684999644756317,26.534998953342438,161.00999611616135,2025-03-20 23:00:00+08:00
2025-03-20 15:00:00+00:00,2025-03-20 23:00:00+08:00,GPM_1.55_103.55,103.54999542236328,1.5499999523162842,3.93999981880188,1.96999990940094,3B-HHR.MS.MRG.3IMERG.20250320-S150000-E152959.0900.V07B.HDF5,4.109999775886536,10.699999630451202,25.204998910427094,161.38499611616135,2025-03-20 23:30:00+08:00
2025-03-20 15:30:00+00:00,2025-03-20 23:30:00+08:00,GPM_1.55_103.55,103.54999542236328,1.5499999523162842,3.929999828338623,1.9649999141693115,3B-HHR.MS.MRG.3IMERG.20250320-S153000-E155959.0930.V07B.HDF5,3.9349998235702515,11.159999549388885,25.604998886585236,161.80999606847763,2025-03-21 00:00:00+08:00
2025-03-20 16:00:00+00:00,2025-03-21 00:00:00+08:00,GPM_1.55_103.55,103.54999542236328,1.5499999523162842,6.759999752044678,3.379999876022339,3B-HHR.MS.MRG.3IMERG.20250320-S160000-E162959.0960.V07B.HDF5,5.34499979019165,13.604999423027039,25.96999889612198,164.93999594449997,2025-03-21 00:30:00+08:00
2025-03-20 16:30:00+00:00,2025-03-21 00:30:00+08:00,GPM_1.55_103.55,103.54999542236328,1.5499999523162842,2.359999895095825,1.1799999475479126,3B-HHR.MS.MRG.3IMERG.20250320-S163000-E165959.0990.V07B.HDF5,4.5599998235702515,12.829999446868896,24.09499901533127,165.35999590158463,2025-03-21 01:00:00+08:00
2025-03-20 17:00:00+00:00,2025-03-21 01:00:00+08:00,GPM_1.55_103.55,103.54999542236328,1.5499999523162842,0.5299999713897705,0.26499998569488525,3B-HHR.MS.MRG.3IMERG.20250320-S170000-E172959.1020.V07B.HDF5,1.4449999332427979,10.899999499320984,21.979999125003815,163.40499585866928,2025-03-21 01:30:00+08:00
2025-03-20 17:30:00+00:00,2025-03-21 01:30:00+08:00,GPM_1.55_103.55,103.54999542236328,1.5499999523162842,1.4900000095367432,0.7450000047683716,3B-HHR.MS.MRG.3IMERG.20250320-S173000-E175959.1050.V07B.HDF5,1.0099999904632568,9.50499963760376,20.189999282360077,161.19999581575394,2025-03-21 02:00:00+08:00
2025-03-20 18:00:00+00:00,2025-03-21 02:00:00+08:00,GPM_1.55_103.55,103.54999542236328,1.5499999523162842,0.6599999666213989,0.32999998331069946,3B-HHR.MS.MRG.3IMERG.20250320-S180000-E182959.1080.V07B.HDF5,1.074999988079071,7.864999711513519,18.56499934196472,159.2399958372116,2025-03-21 02:30:00+08:00
2025-03-20 18:30:00+00:00,2025-03-21 02:30:00+08:00,GPM_1.55_103.55,103.54999542236328,1.5499999523162842,0.550000011920929,0.2750000059604645,3B-HHR.MS.MRG.3IMERG.20250320-S183000-E185959.1110.V07B.HDF5,0.6049999892711639,6.174999803304672,17.334999352693558,157.64999583363533,2025-03-21 03:00:00+08:00
2025-03-20 19:00:00+00:00,2025-03-21 03:00:00+08:00,GPM_1.55_103.55,103.54999542236328,1.5499999523162842,0.6800000071525574,0.3400000035762787,3B-HHR.MS.MRG.3IMERG.20250320-S190000-E192959.1140.V07B.HDF5,0.6150000095367432,3.134999930858612,16.73999935388565,155.87499582767487,2025-03-21 03:30:00+08:00
2025-03-20 19:30:00+00:00,2025-03-21 03:30:00+08:00,GPM_1.55_103.55,103.54999542236328,1.5499999523162842,2.5299999713897705,1.2649999856948853,3B-HHR.MS.MRG.3IMERG.20250320-S193000-E195959.1170.V07B.HDF5,1.604999989271164,3.2199999690055847,16.04999941587448,155.024995803833,2025-03-21 04:00:00+08:00
2025-03-20 20:00:00+00:00,2025-03-21 04:00:00+08:00,GPM_1.55_103.55,103.54999542236328,1.5499999523162842,0.7899999618530273,0.39499998092651367,3B-HHR.MS.MRG.3IMERG.20250320-S200000-E202959.1200.V07B.HDF5,1.659999966621399,3.349999964237213,14.249999463558197,150.85499572753906,2025-03-21 04:30:00+08:00
2025-03-20 20:30:00+00:00,2025-03-21 04:30:00+08:00,GPM_1.55_103.55,103.54999542236328,1.5499999523162842,0.12999999523162842,0.06499999761581421,3B-HHR.MS.MRG.3IMERG.20250320-S203000-E205959.1230.V07B.HDF5,0.4599999785423279,2.6699999570846558,12.174999594688416,148.28499573469162,2025-03-21 05:00:00+08:00
2025-03-20 21:00:00+00:00,2025-03-21 05:00:00+08:00,GPM_1.55_103.55,103.54999542236328,1.5499999523162842,0.3999999761581421,0.19999998807907104,3B-HHR.MS.MRG.3IMERG.20250320-S210000-E212959.1260.V07B.HDF5,0.26499998569488525,2.5399999618530273,10.404999673366547,146.02999579906464,2025-03-21 05:30:00+08:00
2025-03-20 21:30:00+00:00,2025-03-21 05:30:00+08:00,GPM_1.55_103.55,103.54999542236328,1.5499999523162842,0.7999999523162842,0.3999999761581421,3B-HHR.MS.MRG.3IMERG.20250320-S213000-E215959.1290.V07B.HDF5,0.5999999642372131,2.664999932050705,8.839999735355377,143.34999585151672,2025-03-21 06:00:00+08:00
2025-03-20 22:00:00+00:00,2025-03-21 06:00:00+08:00,GPM_1.55_103.55,103.54999542236328,1.5499999523162842,0.0,0.0,3B-HHR.MS.MRG.3IMERG.20250320-S220000-E222959.1320.V07B.HDF5,0.3999999761581421,2.3249999284744263,5.459999859333038,139.11999583244324,2025-03-21 06:30:00+08:00
2025-03-20 22:30:00+00:00,2025-03-21 06:30:00+08:00,GPM_1.55_103.55,103.54999542236328,1.5499999523162842,0.0,0.0,3B-HHR.MS.MRG.3IMERG.20250320-S223000-E225959.1350.V07B.HDF5,0.0,1.059999942779541,4.279999911785126,133.384996175766,2025-03-21 07:00:00+08:00
2025-03-20 23:00:00+00:00,2025-03-21 07:00:00+08:00,GPM_1.55_103.55,103.54999542236328,1.5499999523162842,0.0,0.0,3B-HHR.MS.MRG.3IMERG.20250320-S230000-E232959.1380.V07B.HDF5,0.0,0.6649999618530273,4.0149999260902405,129.55999636650085,2025-03-21 07:30:00+08:00
2025-03-20 23:30:00+00:00,2025-03-21 07:30:00+08:00,GPM_1.55_103.55,103.54999542236328,1.5499999523162842,0.0,0.0,3B-HHR.MS.MRG.3IMERG.20250320-S233000-E235959.1410.V07B.HDF5,0.0,0.5999999642372131,3.269999921321869,126.5499963760376,2025-03-21 08:00:00+08:00
2025-03-21 00:00:00+00:00,2025-03-21 08:00:00+08:00,GPM_1.55_103.55,103.54999542236328,1.5499999523162842,0.10999999940395355,0.054999999701976776,3B-HHR.MS.MRG.3IMERG.20250321-S000000-E002959.0000.V07B.HDF5,0.054999999701976776,0.45499997586011887,2.994999937713146,118.28499668091536,2025-03-21 08:30:00+08:00
2025-03-21 00:30:00+00:00,2025-03-21 08:30:00+08:00,GPM_1.55_103.55,103.54999542236328,1.5499999523162842,0.0,0.0,3B-HHR.MS.MRG.3IMERG.20250321-S003000-E005959.0030.V07B.HDF5,0.054999999701976776,0.054999999701976776,2.7199999317526817,112.25499694794416,2025-03-21 09:00:00+08:00
2025-03-21 01:00:00+00:00,2025-03-21 09:00:00+08:00,GPM_1.55_103.55,103.54999542236328,1.5499999523162842,0.0,0.0,3B-HHR.MS.MRG.3IMERG.20250321-S010000-E012959.0060.V07B.HDF5,0.0,0.054999999701976776,2.379999928176403,105.1899968907237,2025-03-21 09:30:00+08:00
2025-03-21 01:30:00+00:00,2025-03-21 09:30:00+08:00,GPM_1.55_103.55,103.54999542236328,1.5499999523162842,0.0,0.0,3B-HHR.MS.MRG.3IMERG.20250321-S013000-E015959.0090.V07B.HDF5,0.0,0.054999999701976776,1.1149999424815178,98.62999694794416,2025-03-21 10:00:00+08:00
2025-03-21 02:00:00+00:00,2025-03-21 10:00:00+08:00,GPM_1.55_103.55,103.54999542236328,1.5499999523162842,0.0,0.0,3B-HHR.MS.MRG.3IMERG.20250321-S020000-E022959.0120.V07B.HDF5,0.0,0.054999999701976776,0.7199999615550041,92.45999687165022,2025-03-21 10:30:00+08:00
2025-03-21 02:30:00+00:00,2025-03-21 10:30:00+08:00,GPM_1.55_103.55,103.54999542236328,1.5499999523162842,0.0,0.0,3B-HHR.MS.MRG.3IMERG.20250321-S023000-E025959.0150.V07B.HDF5,0.0,0.054999999701976776,0.6549999639391899,86.84999721497297,2025-03-21 11:00:00+08:00
2025-03-21 03:00:00+00:00,2025-03-21 11:00:00+08:00,GPM_1.55_103.55,103.54999542236328,1.5499999523162842,0.11999999731779099,0.05999999865889549,3B-HHR.MS.MRG.3IMERG.20250321-S030000-E032959.0180.V07B.HDF5,0.05999999865889549,0.05999999865889549,0.5149999745190144,82.16499732807279,2025-03-21 11:30:00+08:00
2025-03-21 03:30:00+00:00,2025-03-21 11:30:00+08:00,GPM_1.55_103.55,103.54999542236328,1.5499999523162842,0.019999999552965164,0.009999999776482582,3B-HHR.MS.MRG.3IMERG.20250321-S033000-E035959.0210.V07B.HDF5,0.06999999843537807,0.06999999843537807,0.12499999813735485,77.7149972897023,2025-03-21 12:00:00+08:00
2025-03-21 04:00:00+00:00,2025-03-21 12:00:00+08:00,GPM_1.55_103.55,103.54999542236328,1.5499999523162842,0.0,0.0,3B-HHR.MS.MRG.3IMERG.20250321-S040000-E042959.0240.V07B.HDF5,0.009999999776482582,0.06999999843537807,0.12499999813735485,73.13499736599624,2025-03-21 12:30:00+08:00
2025-03-21 04:30:00+00:00,2025-03-21 12:30:00+08:00,GPM_1.55_103.55,103.54999542236328,1.5499999523162842,0.0,0.0,3B-HHR.MS.MRG.3IMERG.20250321-S043000-E045959.0270.V07B.HDF5,0.0,0.06999999843537807,0.12499999813735485,70.55999731831253,2025-03-21 13:00:00+08:00
2025-03-21 05:00:00+00:00,2025-03-21 13:00:00+08:00,GPM_1.55_103.55,103.54999542236328,1.5499999523162842,0.0,0.0,3B-HHR.MS.MRG.3IMERG.20250321-S050000-E052959.0300.V07B.HDF5,0.0,0.06999999843537807,0.12499999813735485,67.86499738506973,2025-03-21 13:30:00+08:00
2025-03-21 05:30:00+00:00,2025-03-21 13:30:00+08:00,GPM_1.55_103.55,103.54999542236328,1.5499999523162842,0.0,0.0,3B-HHR.MS.MRG.3IMERG.20250321-S053000-E055959.0330.V07B.HDF5,0.0,0.06999999843537807,0.12499999813735485,64.46999740414321,2025-03-21 14:00:00+08:00
2025-03-21 06:00:00+00:00,2025-03-21 14:00:00+08:00,GPM_1.55_103.55,103.54999542236328,1.5499999523162842,0.0,0.0,3B-HHR.MS.MRG.3IMERG.20250321-S060000-E062959.0360.V07B.HDF5,0.0,0.009999999776482582,0.06999999843537807,60.399997709318995,2025-03-21 14:30:00+08:00
2025-03-21 06:30:00+00:00,2025-03-21 14:30:00+08:00,GPM_1.55_103.55,103.54999542236328,1.5499999523162842,0.0,0.0,3B-HHR.MS.MRG.3IMERG.20250321-S063000-E065959.0390.V07B.HDF5,0.0,0.0,0.06999999843537807,56.17499780468643,2025-03-21 15:00:00+08:00
2025-03-21 07:00:00+00:00,2025-03-21 15:00:00+08:00,GPM_1.55_103.55,103.54999542236328,1.5499999523162842,0.0,0.0,3B-HHR.MS.MRG.3IMERG.20250321-S070000-E072959.0420.V07B.HDF5,0.0,0.0,0.06999999843537807,52.1899979095906,2025-03-21 15:30:00+08:00
2025-03-21 07:30:00+00:00,2025-03-21 15:30:00+08:00,GPM_1.55_103.55,103.54999542236328,1.5499999523162842,0.07999999821186066,0.03999999910593033,3B-HHR.MS.MRG.3IMERG.20250321-S073000-E075959.0450.V07B.HDF5,0.03999999910593033,0.03999999910593033,0.1099999975413084,47.69499806128442,2025-03-21 16:00:00+08:00
2025-03-21 08:00:00+00:00,2025-03-21 16:00:00+08:00,GPM_1.55_103.55,103.54999542236328,1.5499999523162842,0.14000000059604645,0.07000000029802322,3B-HHR.MS.MRG.3IMERG.20250321-S080000-E082959.0480.V07B.HDF5,0.10999999940395355,0.10999999940395355,0.17999999783933163,42.674998385831714,2025-03-21 16:30:00+08:00
2025-03-21 08:30:00+00:00,2025-03-21 16:30:00+08:00,GPM_1.55_103.55,103.54999542236328,1.5499999523162842,0.09999999403953552,0.04999999701976776,3B-HHR.MS.MRG.3IMERG.20250321-S083000-E085959.0510.V07B.HDF5,0.11999999731779099,0.1599999964237213,0.2299999948590994,39.59499850682914,2025-03-21 17:00:00+08:00
2025-03-21 09:00:00+00:00,2025-03-21 17:00:00+08:00,GPM_1.55_103.55,103.54999542236328,1.5499999523162842,0.38999998569488525,0.19499999284744263,3B-HHR.MS.MRG.3IMERG.20250321-S090000-E092959.0540.V07B.HDF5,0.2449999898672104,0.35499998927116394,0.3649999890476465,36.4899985473603,2025-03-21 17:30:00+08:00
2025-03-21 09:30:00+00:00,2025-03-21 17:30:00+08:00,GPM_1.55_103.55,103.54999542236328,1.5499999523162842,1.6799999475479126,0.8399999737739563,3B-HHR.MS.MRG.3IMERG.20250321-S093000-E095959.0570.V07B.HDF5,1.034999966621399,1.1949999630451202,1.1949999630451202,35.76499858312309,2025-03-21 18:00:00+08:00
2025-03-21 10:00:00+00:00,2025-03-21 18:00:00+08:00,GPM_1.55_103.55,103.54999542236328,1.5499999523162842,0.3100000023841858,0.1550000011920929,3B-HHR.MS.MRG.3IMERG.20250321-S100000-E102959.0600.V07B.HDF5,0.9949999749660492,1.3499999642372131,1.3499999642372131,32.904998717829585,2025-03-21 18:30:00+08:00
2025-03-21 10:30:00+00:00,2025-03-21 18:30:00+08:00,GPM_1.55_103.55,103.54999542236328,1.5499999523162842,0.23999999463558197,0.11999999731779099,3B-HHR.MS.MRG.3IMERG.20250321-S103000-E105959.0630.V07B.HDF5,0.2749999985098839,1.4299999624490738,1.4699999615550041,29.969998886808753,2025-03-21 19:00:00+08:00
2025-03-21 11:00:00+00:00,2025-03-21 19:00:00+08:00,GPM_1.55_103.55,103.54999542236328,1.5499999523162842,0.8999999761581421,0.44999998807907104,3B-HHR.MS.MRG.3IMERG.20250321-S110000-E112959.0660.V07B.HDF5,0.569999985396862,1.8099999502301216,1.9199999496340752,28.039998998865485,2025-03-21 19:30:00+08:00
2025-03-21 11:30:00+00:00,2025-03-21 19:30:00+08:00,GPM_1.55_103.55,103.54999542236328,1.5499999523162842,0.699999988079071,0.3499999940395355,3B-HHR.MS.MRG.3IMERG.20250321-S113000-E115959.0690.V07B.HDF5,0.7999999821186066,2.1099999472498894,2.2699999436736107,25.85499914549291,2025-03-21 20:00:00+08:00
2025-03-21 12:00:00+00:00,2025-03-21 20:00:00+08:00,GPM_1.55_103.55,103.54999542236328,1.5499999523162842,0.17999999225139618,0.08999999612569809,3B-HHR.MS.MRG.3IMERG.20250321-S120000-E122959.0720.V07B.HDF5,0.4399999901652336,2.004999950528145,2.3599999397993088,23.989999217912555,2025-03-21 20:30:00+08:00
2025-03-21 12:30:00+00:00,2025-03-21 20:30:00+08:00,GPM_1.55_103.55,103.54999542236328,1.5499999523162842,0.14999999105930328,0.07499999552965164,3B-HHR.MS.MRG.3IMERG.20250321-S123000-E125959.0750.V07B.HDF5,0.16499999165534973,1.2399999722838402,2.4349999353289604,22.559999218210578,2025-03-21 21:00:00+08:00
2025-03-21 13:00:00+00:00,2025-03-21 21:00:00+08:00,GPM_1.55_103.55,103.54999542236328,1.5499999523162842,0.0,0.0,3B-HHR.MS.MRG.3IMERG.20250321-S130000-E132959.0780.V07B.HDF5,0.07499999552965164,1.0849999710917473,2.4349999353289604,21.624999215826392,2025-03-21 21:30:00+08:00
2025-03-21 13:30:00+00:00,2025-03-21 21:30:00+08:00,GPM_1.55_103.55,103.54999542236328,1.5499999523162842,0.7899999618530273,0.39499998092651367,3B-HHR.MS.MRG.3IMERG.20250321-S133000-E135959.0810.V07B.HDF5,0.39499998092651367,1.35999995470047,2.7899999171495438,20.06499927304685,2025-03-21 22:00:00+08:00
2025-03-21 14:00:00+00:00,2025-03-21 22:00:00+08:00,GPM_1.55_103.55,103.54999542236328,1.5499999523162842,1.25,0.625,3B-HHR.MS.MRG.3IMERG.20250321-S140000-E142959.0840.V07B.HDF5,1.0199999809265137,1.534999966621399,3.3449999168515205,18.494999339804053,2025-03-21 22:30:00+08:00
2025-03-21 14:30:00+00:00,2025-03-21 22:30:00+08:00,GPM_1.55_103.55,103.54999542236328,1.5499999523162842,1.0,0.5,3B-HHR.MS.MRG.3IMERG.20250321-S143000-E145959.0870.V07B.HDF5,1.125,1.6849999725818634,3.7949999198317528,16.854999473318458,2025-03-21 23:00:00+08:00
2025-03-21 15:00:00+00:00,2025-03-21 23:00:00+08:00,GPM_1.55_103.55,103.54999542236328,1.5499999523162842,0.17999999225139618,0.08999999612569809,3B-HHR.MS.MRG.3IMERG.20250321-S150000-E152959.0900.V07B.HDF5,0.5899999961256981,1.6849999725818634,3.6899999231100082,14.974999560043216,2025-03-21 23:30:00+08:00
2025-03-21 15:30:00+00:00,2025-03-21 23:30:00+08:00,GPM_1.55_103.55,103.54999542236328,1.5499999523162842,0.1599999964237213,0.07999999821186066,3B-HHR.MS.MRG.3IMERG.20250321-S153000-E155959.0930.V07B.HDF5,0.16999999433755875,1.6899999752640724,2.9299999475479126,13.089999644085765,2025-03-22 00:00:00+08:00
2025-03-18 16:00:00+00:00,2025-03-19 00:00:00+08:00,GPM_1.55_103.65,103.64999389648438,1.5499999523162842,0.0,0.0,3B-HHR.MS.MRG.3IMERG.20250318-S160000-E162959.0960.V07B.HDF5,,,,,2025-03-19 00:30:00+08:00
2025-03-18 16:30:00+00:00,2025-03-19 00:30:00+08:00,GPM_1.55_103.65,103.64999389648438,1.5499999523162842,0.07999999821186066,0.03999999910593033,3B-HHR.MS.MRG.3IMERG.20250318-S163000-E165959.0990.V07B.HDF5,0.03999999910593033,,,,2025-03-19 01:00:00+08:00
2025-03-18 17:00:00+00:00,2025-03-19 01:00:00+08:00,GPM_1.55_103.65,103.64999389648438,1.5499999523162842,0.07999999821186066,0.03999999910593033,3B-HHR.MS.MRG.3IMERG.20250318-S170000-E172959.1020.V07B.HDF5,0.07999999821186066,,,,2025-03-19 01:30:00+08:00
2025-03-18 17:30:00+00:00,2025-03-19 01:30:00+08:00,GPM_1.55_103.65,103.64999389648438,1.5499999523162842,0.07999999821186066,0.03999999910593033,3B-HHR.MS.MRG.3IMERG.20250318-S173000-E175959.1050.V07B.HDF5,0.07999999821186066,,,,2025-03-19 02:00:00+08:00
2025-03-18 18:00:00+00:00,2025-03-19 02:00:00+08:00,GPM_1.55_103.65,103.64999389648438,1.5499999523162842,0.0,0.0,3B-HHR.MS.MRG.3IMERG.20250318-S180000-E182959.1080.V07B.HDF5,0.03999999910593033,,,,2025-03-19 02:30:00+08:00
2025-03-18 18:30:00+00:00,2025-03-19 02:30:00+08:00,GPM_1.55_103.65,103.64999389648438,1.5499999523162842,0.09999999403953552,0.04999999701976776,3B-HHR.MS.MRG.3IMERG.20250318-S183000-E185959.1110.V07B.HDF5,0.04999999701976776,0.16999999433755875,,,2025-03-19 03:00:00+08:00
2025-03-18 19:00:00+00:00,2025-03-19 03:00:00+08:00,GPM_1.55_103.65,103.64999389648438,1.5499999523162842,0.32999998331069946,0.16499999165534973,3B-HHR.MS.MRG.3IMERG.20250318-S190000-E192959.1140.V07B.HDF5,0.2149999886751175,0.3349999859929085,,,2025-03-19 03:30:00+08:00
2025-03-18 19:30:00+00:00,2025-03-19 03:30:00+08:00,GPM_1.55_103.65,103.64999389648438,1.5499999523162842,0.38999998569488525,0.19499999284744263,3B-HHR.MS.MRG.3IMERG.20250318-S193000-E195959.1170.V07B.HDF5,0.35999998450279236,0.4899999797344208,,,2025-03-19 04:00:00+08:00
2025-03-18 20:00:00+00:00,2025-03-19 04:00:00+08:00,GPM_1.55_103.65,103.64999389648438,1.5499999523162842,0.029999999329447746,0.014999999664723873,3B-HHR.MS.MRG.3IMERG.20250318-S200000-E202959.1200.V07B.HDF5,0.2099999925121665,0.4649999802932143,,,2025-03-19 04:30:00+08:00
2025-03-18 20:30:00+00:00,2025-03-19 04:30:00+08:00,GPM_1.55_103.65,103.64999389648438,1.5499999523162842,0.0,0.0,3B-HHR.MS.MRG.3IMERG.20250318-S203000-E205959.1230.V07B.HDF5,0.014999999664723873,0.424999981187284,,,2025-03-19 05:00:00+08:00
2025-03-18 21:00:00+00:00,2025-03-19 05:00:00+08:00,GPM_1.55_103.65,103.64999389648438,1.5499999523162842,0.3700000047683716,0.1850000023841858,3B-HHR.MS.MRG.3IMERG.20250318-S210000-E212959.1260.V07B.HDF5,0.1850000023841858,0.6099999835714698,,,2025-03-19 05:30:00+08:00
2025-03-18 21:30:00+00:00,2025-03-19 05:30:00+08:00,GPM_1.55_103.65,103.64999389648438,1.5499999523162842,1.0299999713897705,0.5149999856948853,3B-HHR.MS.MRG.3IMERG.20250318-S213000-E215959.1290.V07B.HDF5,0.699999988079071,1.0749999722465873,1.244999966584146,,2025-03-19 06:00:00+08:00
2025-03-18 22:00:00+00:00,2025-03-19 06:00:00+08:00,GPM_1.55_103.65,103.64999389648438,1.5499999523162842,0.8999999761581421,0.44999998807907104,3B-HHR.MS.MRG.3IMERG.20250318-S220000-E222959.1320.V07B.HDF5,0.9649999737739563,1.3599999686703086,1.694999954663217,,2025-03-19 06:30:00+08:00
2025-03-18 22:30:00+00:00,2025-03-19 06:30:00+08:00,GPM_1.55_103.65,103.64999389648438,1.5499999523162842,0.25999999046325684,0.12999999523162842,3B-HHR.MS.MRG.3IMERG.20250318-S223000-E225959.1350.V07B.HDF5,0.5799999833106995,1.2949999710544944,1.7849999507889152,,2025-03-19 07:00:00+08:00
2025-03-18 23:00:00+00:00,2025-03-19 07:00:00+08:00,GPM_1.55_103.65,103.64999389648438,1.5499999523162842,1.350000023841858,0.675000011920929,3B-HHR.MS.MRG.3IMERG.20250318-S230000-E232959.1380.V07B.HDF5,0.8050000071525574,1.9549999833106995,2.419999963603914,,2025-03-19 07:30:00+08:00
2025-03-18 23:30:00+00:00,2025-03-19 07:30:00+08:00,GPM_1.55_103.65,103.64999389648438,1.5499999523162842,1.309999942779541,0.6549999713897705,3B-HHR.MS.MRG.3IMERG.20250318-S233000-E235959.1410.V07B.HDF5,1.3299999833106995,2.60999995470047,3.034999935887754,,2025-03-19 08:00:00+08:00
2025-03-19 00:00:00+00:00,2025-03-19 08:00:00+08:00,GPM_1.55_103.65,103.64999389648438,1.5499999523162842,0.7199999690055847,0.35999998450279236,3B-HHR.MS.MRG.3IMERG.20250319-S000000-E002959.0000.V07B.HDF5,1.0149999558925629,2.7849999368190765,3.3949999203905463,,2025-03-19 08:30:00+08:00
2025-03-19 00:30:00+00:00,2025-03-19 08:30:00+08:00,GPM_1.55_103.65,103.64999389648438,1.5499999523162842,3.379999876022339,1.6899999380111694,3B-HHR.MS.MRG.3IMERG.20250319-S003000-E005959.0030.V07B.HDF5,2.049999922513962,3.9599998891353607,5.034999861381948,,2025-03-19 09:00:00+08:00
2025-03-19 01:00:00+00:00,2025-03-19 09:00:00+08:00,GPM_1.55_103.65,103.64999389648438,1.5499999523162842,3.7799999713897705,1.8899999856948853,3B-HHR.MS.MRG.3IMERG.20250319-S010000-E012959.0060.V07B.HDF5,3.5799999237060547,5.399999886751175,6.7599998554214835,,2025-03-19 09:30:00+08:00
2025-03-19 01:30:00+00:00,2025-03-19 09:30:00+08:00,GPM_1.55_103.65,103.64999389648438,1.5499999523162842,4.46999979019165,2.234999895095825,3B-HHR.MS.MRG.3IMERG.20250319-S013000-E015959.0090.V07B.HDF5,4.1249998807907104,7.504999786615372,8.799999757669866,,2025-03-19 10:00:00+08:00
2025-03-19 02:00:00+00:00,2025-03-19 10:00:00+08:00,GPM_1.55_103.65,103.64999389648438,1.5499999523162842,4.789999961853027,2.3949999809265137,3B-HHR.MS.MRG.3IMERG.20250319-S020000-E022959.0120.V07B.HDF5,4.629999876022339,9.224999755620956,11.179999738931656,,2025-03-19 10:30:00+08:00
2025-03-19 02:30:00+00:00,2025-03-19 10:30:00+08:00,GPM_1.55_103.65,103.64999389648438,1.5499999523162842,5.980000019073486,2.990000009536743,3B-HHR.MS.MRG.3IMERG.20250319-S023000-E025959.0150.V07B.HDF5,5.384999990463257,11.559999793767929,14.169999748468399,,2025-03-19 11:00:00+08:00
2025-03-19 03:00:00+00:00,2025-03-19 11:00:00+08:00,GPM_1.55_103.65,103.64999389648438,1.5499999523162842,8.1899995803833,4.09499979019165,3B-HHR.MS.MRG.3IMERG.20250319-S030000-E032959.0180.V07B.HDF5,7.0849997997283936,15.294999599456787,18.079999536275864,,2025-03-19 11:30:00+08:00
2025-03-19 03:30:00+00:00,2025-03-19 11:30:00+08:00,GPM_1.55_103.65,103.64999389648438,1.5499999523162842,5.059999942779541,2.5299999713897705,3B-HHR.MS.MRG.3IMERG.20250319-S033000-E035959.0210.V07B.HDF5,6.624999761581421,16.134999632835388,20.09499952197075,,2025-03-19 12:00:00+08:00
2025-03-19 04:00:00+00:00,2025-03-19 12:00:00+08:00,GPM_1.55_103.65,103.64999389648438,1.5499999523162842,8.09000015258789,4.045000076293945,3B-HHR.MS.MRG.3IMERG.20250319-S040000-E042959.0240.V07B.HDF5,6.575000047683716,18.28999972343445,23.689999610185623,,2025-03-19 12:30:00+08:00
2025-03-19 04:30:00+00:00,2025-03-19 12:30:00+08:00,GPM_1.55_103.65,103.64999389648438,1.5499999523162842,5.009999752044678,2.504999876022339,3B-HHR.MS.MRG.3IMERG.20250319-S043000-E045959.0270.V07B.HDF5,6.549999952316284,18.559999704360962,26.064999490976334,,2025-03-19 13:00:00+08:00
2025-03-19 05:00:00+00:00,2025-03-19 13:00:00+08:00,GPM_1.55_103.65,103.64999389648438,1.5499999523162842,5.519999980926514,2.759999990463257,3B-HHR.MS.MRG.3IMERG.20250319-S050000-E052959.0300.V07B.HDF5,5.264999866485596,18.924999713897705,28.14999946951866,,2025-03-19 13:30:00+08:00
2025-03-19 05:30:00+00:00,2025-03-19 13:30:00+08:00,GPM_1.55_103.65,103.64999389648438,1.5499999523162842,8.210000038146973,4.105000019073486,3B-HHR.MS.MRG.3IMERG.20250319-S053000-E055959.0330.V07B.HDF5,6.865000009536743,20.03999972343445,31.599999517202377,,2025-03-19 14:00:00+08:00
2025-03-19 06:00:00+00:00,2025-03-19 14:00:00+08:00,GPM_1.55_103.65,103.64999389648438,1.5499999523162842,8.069999694824219,4.034999847412109,3B-HHR.MS.MRG.3IMERG.20250319-S060000-E062959.0360.V07B.HDF5,8.139999866485596,19.979999780654907,35.274999380111694,,2025-03-19 14:30:00+08:00
2025-03-19 06:30:00+00:00,2025-03-19 14:30:00+08:00,GPM_1.55_103.65,103.64999389648438,1.5499999523162842,7.5,3.75,3B-HHR.MS.MRG.3IMERG.20250319-S063000-E065959.0390.V07B.HDF5,7.784999847412109,21.199999809265137,37.334999442100525,,2025-03-19 15:00:00+08:00
2025-03-19 07:00:00+00:00,2025-03-19 15:00:00+08:00,GPM_1.55_103.65,103.64999389648438,1.5499999523162842,6.319999694824219,3.1599998474121094,3B-HHR.MS.MRG.3IMERG.20250319-S070000-E072959.0420.V07B.HDF5,6.909999847412109,20.3149995803833,38.60499930381775,,2025-03-19 15:30:00+08:00
2025-03-19 07:30:00+00:00,2025-03-19 15:30:00+08:00,GPM_1.55_103.65,103.64999389648438,1.5499999523162842,7.059999942779541,3.5299999713897705,3B-HHR.MS.MRG.3IMERG.20250319-S073000-E075959.0450.V07B.HDF5,6.68999981880188,21.339999675750732,39.899999380111694,,2025-03-19 16:00:00+08:00
2025-03-19 08:00:00+00:00,2025-03-19 16:00:00+08:00,GPM_1.55_103.65,103.64999389648438,1.5499999523162842,10.269999504089355,5.134999752044678,3B-HHR.MS.MRG.3IMERG.20250319-S080000-E082959.0480.V07B.HDF5,8.664999723434448,23.714999437332153,42.63999915122986,,2025-03-19 16:30:00+08:00
2025-03-19 08:30:00+00:00,2025-03-19 16:30:00+08:00,GPM_1.55_103.65,103.64999389648438,1.5499999523162842,10.219999313354492,5.109999656677246,3B-HHR.MS.MRG.3IMERG.20250319-S083000-E085959.0510.V07B.HDF5,10.244999408721924,24.719999074935913,44.75999879837036,,2025-03-19 17:00:00+08:00
2025-03-19 09:00:00+00:00,2025-03-19 17:00:00+08:00,GPM_1.55_103.65,103.64999389648438,1.5499999523162842,10.15999984741211,5.079999923706055,3B-HHR.MS.MRG.3IMERG.20250319-S090000-E092959.0540.V07B.HDF5,10.1899995803833,25.76499915122986,45.744998931884766,,2025-03-19 17:30:00+08:00
2025-03-19 09:30:00+00:00,2025-03-19 17:30:00+08:00,GPM_1.55_103.65,103.64999389648438,1.5499999523162842,9.729999542236328,4.864999771118164,3B-HHR.MS.MRG.3IMERG.20250319-S093000-E095959.0570.V07B.HDF5,9.944999694824219,26.879998922348022,48.07999873161316,,2025-03-19 18:00:00+08:00
2025-03-19 10:00:00+00:00,2025-03-19 18:00:00+08:00,GPM_1.55_103.65,103.64999389648438,1.5499999523162842,7.049999713897705,3.5249998569488525,3B-HHR.MS.MRG.3IMERG.20250319-S100000-E102959.0600.V07B.HDF5,8.389999628067017,27.244998931884766,47.559998512268066,,2025-03-19 18:30:00+08:00
2025-03-19 10:30:00+00:00,2025-03-19 18:30:00+08:00,GPM_1.55_103.65,103.64999389648438,1.5499999523162842,6.799999713897705,3.3999998569488525,3B-HHR.MS.MRG.3IMERG.20250319-S103000-E105959.0630.V07B.HDF5,6.924999713897705,27.114998817443848,48.45499849319458,,2025-03-19 19:00:00+08:00
2025-03-19 11:00:00+00:00,2025-03-19 19:00:00+08:00,GPM_1.55_103.65,103.64999389648438,1.5499999523162842,6.569999694824219,3.2849998474121094,3B-HHR.MS.MRG.3IMERG.20250319-S110000-E112959.0660.V07B.HDF5,6.684999704360962,25.26499891281128,48.97999835014343,,2025-03-19 19:30:00+08:00
2025-03-19 11:30:00+00:00,2025-03-19 19:30:00+08:00,GPM_1.55_103.65,103.64999389648438,1.5499999523162842,5.21999979019165,2.609999895095825,3B-HHR.MS.MRG.3IMERG.20250319-S113000-E115959.0690.V07B.HDF5,5.894999742507935,22.76499915122986,47.48499822616577,,2025-03-19 20:00:00+08:00
2025-03-19 12:00:00+00:00,2025-03-19 20:00:00+08:00,GPM_1.55_103.65,103.64999389648438,1.5499999523162842,3.7699999809265137,1.8849999904632568,3B-HHR.MS.MRG.3IMERG.20250319-S120000-E122959.0720.V07B.HDF5,4.494999885559082,19.56999921798706,45.33499836921692,,2025-03-19 20:30:00+08:00
2025-03-19 12:30:00+00:00,2025-03-19 20:30:00+08:00,GPM_1.55_103.65,103.64999389648438,1.5499999523162842,6.349999904632568,3.174999952316284,3B-HHR.MS.MRG.3IMERG.20250319-S123000-E125959.0750.V07B.HDF5,5.059999942779541,17.87999939918518,44.7599983215332,,2025-03-19 21:00:00+08:00
2025-03-19 13:00:00+00:00,2025-03-19 21:00:00+08:00,GPM_1.55_103.65,103.64999389648438,1.5499999523162842,6.460000038146973,3.2300000190734863,3B-HHR.MS.MRG.3IMERG.20250319-S130000-E132959.0780.V07B.HDF5,6.4049999713897705,17.584999561309814,44.82999849319458,,2025-03-19 21:30:00+08:00
2025-03-19 13:30:00+00:00,2025-03-19 21:30:00+08:00,GPM_1.55_103.65,103.64999389648438,1.5499999523162842,7.199999809265137,3.5999999046325684,3B-HHR.MS.MRG.3IMERG.20250319-S133000-E135959.0810.V07B.HDF5,6.829999923706055,17.78499960899353,44.89999842643738,,2025-03-19 22:00:00+08:00
2025-03-19 14:00:00+00:00,2025-03-19 22:00:00+08:00,GPM_1.55_103.65,103.64999389648438,1.5499999523162842,4.599999904632568,2.299999952316284,3B-HHR.MS.MRG.3IMERG.20250319-S140000-E142959.0840.V07B.HDF5,5.8999998569488525,16.799999713897705,42.064998626708984,,2025-03-19 22:30:00+08:00
2025-03-19 14:30:00+00:00,2025-03-19 22:30:00+08:00,GPM_1.55_103.65,103.64999389648438,1.5499999523162842,3.5199999809265137,1.7599999904632568,3B-HHR.MS.MRG.3IMERG.20250319-S143000-E145959.0870.V07B.HDF5,4.059999942779541,15.949999809265137,38.714998960494995,,2025-03-19 23:00:00+08:00
2025-03-19 15:00:00+00:00,2025-03-19 23:00:00+08:00,GPM_1.55_103.65,103.64999389648438,1.5499999523162842,3.43999981880188,1.71999990940094,3B-HHR.MS.MRG.3IMERG.20250319-S150000-E152959.0900.V07B.HDF5,3.4799998998641968,15.78499972820282,35.35499894618988,,2025-03-19 23:30:00+08:00
2025-03-19 15:30:00+00:00,2025-03-19 23:30:00+08:00,GPM_1.55_103.65,103.64999389648438,1.5499999523162842,2.1399998664855957,1.0699999332427979,3B-HHR.MS.MRG.3IMERG.20250319-S153000-E155959.0930.V07B.HDF5,2.789999842643738,13.679999709129333,31.559999108314514,100.97999732848257,2025-03-20 00:00:00+08:00
2025-03-19 16:00:00+00:00,2025-03-20 00:00:00+08:00,GPM_1.55_103.65,103.64999389648438,1.5499999523162842,1.159999966621399,0.5799999833106995,3B-HHR.MS.MRG.3IMERG.20250319-S160000-E162959.0960.V07B.HDF5,1.6499999165534973,11.029999673366547,28.61499923467636,101.55999731179327,2025-03-20 00:30:00+08:00
2025-03-19 16:30:00+00:00,2025-03-20 00:30:00+08:00,GPM_1.55_103.65,103.64999389648438,1.5499999523162842,1.7300000190734863,0.8650000095367432,3B-HHR.MS.MRG.3IMERG.20250319-S163000-E165959.0990.V07B.HDF5,1.4449999928474426,8.294999778270721,26.07999938726425,102.38499732222408,2025-03-20 01:00:00+08:00
2025-03-19 17:00:00+00:00,2025-03-20 01:00:00+08:00,GPM_1.55_103.65,103.64999389648438,1.5499999523162842,4.199999809265137,2.0999999046325684,3B-HHR.MS.MRG.3IMERG.20250319-S170000-E172959.1020.V07B.HDF5,2.9649999141693115,8.094999730587006,24.89499944448471,104.44499722775072,2025-03-20 01:30:00+08:00
2025-03-19 17:30:00+00:00,2025-03-20 01:30:00+08:00,GPM_1.55_103.65,103.64999389648438,1.5499999523162842,5.119999885559082,2.559999942779541,3B-HHR.MS.MRG.3IMERG.20250319-S173000-E175959.1050.V07B.HDF5,4.659999847412109,8.89499968290329,24.844999492168427,106.96499717142433,2025-03-20 02:00:00+08:00
2025-03-19 18:00:00+00:00,2025-03-20 02:00:00+08:00,GPM_1.55_103.65,103.64999389648438,1.5499999523162842,4.989999771118164,2.494999885559082,3B-HHR.MS.MRG.3IMERG.20250319-S180000-E182959.1080.V07B.HDF5,5.054999828338623,9.669999659061432,25.45499938726425,109.45999705698341,2025-03-20 02:30:00+08:00
2025-03-19 18:30:00+00:00,2025-03-20 02:30:00+08:00,GPM_1.55_103.65,103.64999389648438,1.5499999523162842,4.279999732971191,2.1399998664855957,3B-HHR.MS.MRG.3IMERG.20250319-S183000-E185959.1110.V07B.HDF5,4.634999752044678,10.73999959230423,24.419999301433563,111.54999692644924,2025-03-20 03:00:00+08:00
2025-03-19 19:00:00+00:00,2025-03-20 03:00:00+08:00,GPM_1.55_103.65,103.64999389648438,1.5499999523162842,4.949999809265137,2.4749999046325684,3B-HHR.MS.MRG.3IMERG.20250319-S190000-E192959.1140.V07B.HDF5,4.614999771118164,12.634999513626099,23.664999186992645,113.85999683942646,2025-03-20 03:30:00+08:00
2025-03-19 19:30:00+00:00,2025-03-20 03:30:00+08:00,GPM_1.55_103.65,103.64999389648438,1.5499999523162842,5.359999656677246,2.679999828338623,3B-HHR.MS.MRG.3IMERG.20250319-S193000-E195959.1170.V07B.HDF5,5.154999732971191,14.449999332427979,22.7449991106987,116.34499667491764,2025-03-20 04:00:00+08:00
2025-03-19 20:00:00+00:00,2025-03-20 04:00:00+08:00,GPM_1.55_103.65,103.64999389648438,1.5499999523162842,8.34999942779541,4.174999713897705,3B-HHR.MS.MRG.3IMERG.20250319-S200000-E202959.1200.V07B.HDF5,6.854999542236328,16.524999141693115,24.61999887228012,120.50499638915062,2025-03-20 04:30:00+08:00
2025-03-19 20:30:00+00:00,2025-03-20 04:30:00+08:00,GPM_1.55_103.65,103.64999389648438,1.5499999523162842,4.360000133514404,2.180000066757202,3B-HHR.MS.MRG.3IMERG.20250319-S203000-E205959.1230.V07B.HDF5,6.354999780654907,16.144999265670776,25.039998948574066,122.68499645590782,2025-03-20 05:00:00+08:00
2025-03-19 21:00:00+00:00,2025-03-20 05:00:00+08:00,GPM_1.55_103.65,103.64999389648438,1.5499999523162842,4.299999713897705,2.1499998569488525,3B-HHR.MS.MRG.3IMERG.20250319-S210000-E212959.1260.V07B.HDF5,4.329999923706055,15.799999237060547,25.46999889612198,124.64999631047249,2025-03-20 05:30:00+08:00
2025-03-19 21:30:00+00:00,2025-03-20 05:30:00+08:00,GPM_1.55_103.65,103.64999389648438,1.5499999523162842,5.329999923706055,2.6649999618530273,3B-HHR.MS.MRG.3IMERG.20250319-S213000-E215959.1290.V07B.HDF5,4.81499981880188,16.32499933242798,27.06499892473221,126.79999628663063,2025-03-20 06:00:00+08:00
2025-03-19 22:00:00+00:00,2025-03-20 06:00:00+08:00,GPM_1.55_103.65,103.64999389648438,1.5499999523162842,6.699999809265137,3.3499999046325684,3B-HHR.MS.MRG.3IMERG.20250319-S220000-E222959.1320.V07B.HDF5,6.014999866485596,17.19999933242798,29.834998846054077,129.69999620318413,2025-03-20 06:30:00+08:00
2025-03-19 22:30:00+00:00,2025-03-20 06:30:00+08:00,GPM_1.55_103.65,103.64999389648438,1.5499999523162842,7.159999847412109,3.5799999237060547,3B-HHR.MS.MRG.3IMERG.20250319-S223000-E225959.1350.V07B.HDF5,6.929999828338623,18.09999942779541,32.54999876022339,133.14999613165855,2025-03-20 07:00:00+08:00
2025-03-19 23:00:00+00:00,2025-03-20 07:00:00+08:00,GPM_1.55_103.65,103.64999389648438,1.5499999523162842,5.650000095367432,2.825000047683716,3B-HHR.MS.MRG.3IMERG.20250319-S230000-E232959.1380.V07B.HDF5,6.4049999713897705,16.74999976158142,33.274998903274536,135.29999616742134,2025-03-20 07:30:00+08:00
2025-03-19 23:30:00+00:00,2025-03-20 07:30:00+08:00,GPM_1.55_103.65,103.64999389648438,1.5499999523162842,5.730000019073486,2.865000009536743,3B-HHR.MS.MRG.3IMERG.20250319-S233000-E235959.1410.V07B.HDF5,5.690000057220459,17.434999704360962,33.57999897003174,137.5099962055683,2025-03-20 08:00:00+08:00
2025-03-20 00:00:00+00:00,2025-03-20 08:00:00+08:00,GPM_1.55_103.65,103.64999389648438,1.5499999523162842,20.44999885559082,10.22499942779541,3B-HHR.MS.MRG.3IMERG.20250320-S000000-E002959.0000.V07B.HDF5,13.089999437332153,25.50999927520752,41.309998512268066,147.37499564886093,2025-03-20 08:30:00+08:00
2025-03-20 00:30:00+00:00,2025-03-20 08:30:00+08:00,GPM_1.55_103.65,103.64999389648438,1.5499999523162842,10.279999732971191,5.139999866485596,3B-HHR.MS.MRG.3IMERG.20250320-S003000-E005959.0030.V07B.HDF5,15.364999294281006,27.984999179840088,44.309998512268066,150.82499557733536,2025-03-20 09:00:00+08:00
2025-03-20 01:00:00+00:00,2025-03-20 09:00:00+08:00,GPM_1.55_103.65,103.64999389648438,1.5499999523162842,14.639999389648438,7.319999694824219,3B-HHR.MS.MRG.3IMERG.20250320-S010000-E012959.0060.V07B.HDF5,12.459999561309814,31.95499897003174,49.15499830245972,156.2549952864647,2025-03-20 09:30:00+08:00
2025-03-20 01:30:00+00:00,2025-03-20 09:30:00+08:00,GPM_1.55_103.65,103.64999389648438,1.5499999523162842,9.359999656677246,4.679999828338623,3B-HHR.MS.MRG.3IMERG.20250320-S013000-E015959.0090.V07B.HDF5,11.999999523162842,33.05499887466431,51.15499830245972,158.6999952197075,2025-03-20 10:00:00+08:00
2025-03-20 02:00:00+00:00,2025-03-20 10:00:00+08:00,GPM_1.55_103.65,103.64999389648438,1.5499999523162842,8.84999942779541,4.424999713897705,3B-HHR.MS.MRG.3IMERG.20250320-S020000-E022959.0120.V07B.HDF5,9.104999542236328,34.654998540878296,51.40499830245972,160.72999495267868,2025-03-20 10:30:00+08:00
2025-03-20 02:30:00+00:00,2025-03-20 10:30:00+08:00,GPM_1.55_103.65,103.64999389648438,1.5499999523162842,8.460000038146973,4.230000019073486,3B-HHR.MS.MRG.3IMERG.20250320-S023000-E025959.0150.V07B.HDF5,8.654999732971191,36.01999855041504,53.454998254776,161.96999496221542,2025-03-20 11:00:00+08:00
2025-03-20 03:00:00+00:00,2025-03-20 11:00:00+08:00,GPM_1.55_103.65,103.64999389648438,1.5499999523162842,7.699999809265137,3.8499999046325684,3B-HHR.MS.MRG.3IMERG.20250320-S030000-E032959.0180.V07B.HDF5,8.079999923706055,29.644999027252197,55.15499830245972,161.72499507665634,2025-03-20 11:30:00+08:00
2025-03-20 03:30:00+00:00,2025-03-20 11:30:00+08:00,GPM_1.55_103.65,103.64999389648438,1.5499999523162842,7.029999732971191,3.5149998664855957,3B-HHR.MS.MRG.3IMERG.20250320-S033000-E035959.0210.V07B.HDF5,7.364999771118164,28.019999027252197,56.004998207092285,162.70999497175217,2025-03-20 12:00:00+08:00
2025-03-20 04:00:00+00:00,2025-03-20 12:00:00+08:00,GPM_1.55_103.65,103.64999389648438,1.5499999523162842,6.829999923706055,3.4149999618530273,3B-HHR.MS.MRG.3IMERG.20250320-S040000-E042959.0240.V07B.HDF5,6.929999828338623,24.114999294281006,56.069998264312744,162.07999485731125,2025-03-20 12:30:00+08:00
2025-03-20 04:30:00+00:00,2025-03-20 12:30:00+08:00,GPM_1.55_103.65,103.64999389648438,1.5499999523162842,4.190000057220459,2.0950000286102295,3B-HHR.MS.MRG.3IMERG.20250320-S043000-E045959.0270.V07B.HDF5,5.509999990463257,21.529999494552612,54.58499836921692,161.66999500989914,2025-03-20 13:00:00+08:00
2025-03-20 05:00:00+00:00,2025-03-20 13:00:00+08:00,GPM_1.55_103.65,103.64999389648438,1.5499999523162842,4.869999885559082,2.434999942779541,3B-HHR.MS.MRG.3IMERG.20250320-S050000-E052959.0300.V07B.HDF5,4.5299999713897705,19.53999972343445,54.194998264312744,161.34499496221542,2025-03-20 13:30:00+08:00
2025-03-20 05:30:00+00:00,2025-03-20 13:30:00+08:00,GPM_1.55_103.65,103.64999389648438,1.5499999523162842,6.670000076293945,3.3350000381469727,3B-HHR.MS.MRG.3IMERG.20250320-S053000-E055959.0330.V07B.HDF5,5.769999980926514,18.644999742507935,54.664998292922974,160.5749949812889,2025-03-20 14:00:00+08:00
2025-03-20 06:00:00+00:00,2025-03-20 14:00:00+08:00,GPM_1.55_103.65,103.64999389648438,1.5499999523162842,8.15999984741211,4.079999923706055,3B-HHR.MS.MRG.3IMERG.20250320-S060000-E062959.0360.V07B.HDF5,7.414999961853027,18.87499976158142,48.51999878883362,160.61999505758286,2025-03-20 14:30:00+08:00
2025-03-20 06:30:00+00:00,2025-03-20 14:30:00+08:00,GPM_1.55_103.65,103.64999389648438,1.5499999523162842,7.940000057220459,3.9700000286102295,3B-HHR.MS.MRG.3IMERG.20250320-S063000-E065959.0390.V07B.HDF5,8.049999952316284,19.329999923706055,47.34999895095825,160.83999508619308,2025-03-20 15:00:00+08:00
2025-03-20 07:00:00+00:00,2025-03-20 15:00:00+08:00,GPM_1.55_103.65,103.64999389648438,1.5499999523162842,7.690000057220459,3.8450000286102295,3B-HHR.MS.MRG.3IMERG.20250320-S070000-E072959.0420.V07B.HDF5,7.815000057220459,19.759999990463257,43.87499928474426,161.5249952673912,2025-03-20 15:30:00+08:00
2025-03-20 07:30:00+00:00,2025-03-20 15:30:00+08:00,GPM_1.55_103.65,103.64999389648438,1.5499999523162842,6.5,3.25,3B-HHR.MS.MRG.3IMERG.20250320-S073000-E075959.0450.V07B.HDF5,7.0950000286102295,20.914999961853027,42.44499945640564,161.24499529600143,2025-03-20 16:00:00+08:00
2025-03-20 08:00:00+00:00,2025-03-20 16:00:00+08:00,GPM_1.55_103.65,103.64999389648438,1.5499999523162842,9.260000228881836,4.630000114440918,3B-HHR.MS.MRG.3IMERG.20250320-S080000-E082959.0480.V07B.HDF5,7.880000114440918,23.110000133514404,42.64999985694885,160.73999565839767,2025-03-20 16:30:00+08:00
2025-03-20 08:30:00+00:00,2025-03-20 16:30:00+08:00,GPM_1.55_103.65,103.64999389648438,1.5499999523162842,6.549999713897705,3.2749998569488525,3B-HHR.MS.MRG.3IMERG.20250320-S083000-E085959.0510.V07B.HDF5,7.9049999713897705,23.049999952316284,41.69499969482422,158.90499585866928,2025-03-20 17:00:00+08:00
2025-03-20 09:00:00+00:00,2025-03-20 17:00:00+08:00,GPM_1.55_103.65,103.64999389648438,1.5499999523162842,7.349999904632568,3.674999952316284,3B-HHR.MS.MRG.3IMERG.20250320-S090000-E092959.0540.V07B.HDF5,6.949999809265137,22.644999980926514,41.519999742507935,157.4999958872795,2025-03-20 17:30:00+08:00
2025-03-20 09:30:00+00:00,2025-03-20 17:30:00+08:00,GPM_1.55_103.65,103.64999389648438,1.5499999523162842,5.049999713897705,2.5249998569488525,3B-HHR.MS.MRG.3IMERG.20250320-S093000-E095959.0570.V07B.HDF5,6.199999809265137,21.199999809265137,40.52999973297119,155.1599959731102,2025-03-20 18:00:00+08:00
2025-03-20 10:00:00+00:00,2025-03-20 18:00:00+08:00,GPM_1.55_103.65,103.64999389648438,1.5499999523162842,8.130000114440918,4.065000057220459,3B-HHR.MS.MRG.3IMERG.20250320-S100000-E102959.0600.V07B.HDF5,6.5899999141693115,21.419999837875366,41.17999982833862,155.6999961733818,2025-03-20 18:30:00+08:00
2025-03-20 10:30:00+00:00,2025-03-20 18:30:00+08:00,GPM_1.55_103.65,103.64999389648438,1.5499999523162842,7.210000038146973,3.6050000190734863,3B-HHR.MS.MRG.3IMERG.20250320-S103000-E105959.0630.V07B.HDF5,7.670000076293945,21.774999856948853,42.68999981880188,155.90499633550644,2025-03-20 19:00:00+08:00
2025-03-20 11:00:00+00:00,2025-03-20 19:00:00+08:00,GPM_1.55_103.65,103.64999389648438,1.5499999523162842,4.480000019073486,2.240000009536743,3B-HHR.MS.MRG.3IMERG.20250320-S110000-E112959.0660.V07B.HDF5,5.8450000286102295,19.384999752044678,42.49499988555908,154.85999649763107,2025-03-20 19:30:00+08:00
2025-03-20 11:30:00+00:00,2025-03-20 19:30:00+08:00,GPM_1.55_103.65,103.64999389648438,1.5499999523162842,4.199999809265137,2.0999999046325684,3B-HHR.MS.MRG.3IMERG.20250320-S113000-E115959.0690.V07B.HDF5,4.3399999141693115,18.209999799728394,41.25999975204468,154.34999650716782,2025-03-20 20:00:00+08:00
2025-03-20 12:00:00+00:00,2025-03-20 20:00:00+08:00,GPM_1.55_103.65,103.64999389648438,1.5499999523162842,3.2100000381469727,1.6050000190734863,3B-HHR.MS.MRG.3IMERG.20250320-S120000-E122959.0720.V07B.HDF5,3.7049999237060547,16.139999866485596,38.78499984741211,154.06999653577805,2025-03-20 20:30:00+08:00
2025-03-20 12:30:00+00:00,2025-03-20 20:30:00+08:00,GPM_1.55_103.65,103.64999389648438,1.5499999523162842,2.2799999713897705,1.1399999856948853,3B-HHR.MS.MRG.3IMERG.20250320-S123000-E125959.0750.V07B.HDF5,2.7450000047683716,14.754999995231628,35.954999804496765,152.03499656915665,2025-03-20 21:00:00+08:00
2025-03-20 13:00:00+00:00,2025-03-20 21:00:00+08:00,GPM_1.55_103.65,103.64999389648438,1.5499999523162842,2.119999885559082,1.059999942779541,3B-HHR.MS.MRG.3IMERG.20250320-S130000-E132959.0780.V07B.HDF5,2.1999999284744263,11.74999988079071,33.16999971866608,149.8649964928627,2025-03-20 21:30:00+08:00
2025-03-20 13:30:00+00:00,2025-03-20 21:30:00+08:00,GPM_1.55_103.65,103.64999389648438,1.5499999523162842,5.0,2.5,3B-HHR.MS.MRG.3IMERG.20250320-S133000-E135959.0810.V07B.HDF5,3.559999942779541,10.644999861717224,32.41999971866608,148.76499658823013,2025-03-20 22:00:00+08:00
2025-03-20 14:00:00+00:00,2025-03-20 22:00:00+08:00,GPM_1.55_103.65,103.64999389648438,1.5499999523162842,4.949999809265137,2.4749999046325684,3B-HHR.MS.MRG.3IMERG.20250320-S140000-E142959.0840.V07B.HDF5,4.974999904632568,10.87999975681305,30.264999508857727,148.93999654054642,2025-03-20 22:30:00+08:00
2025-03-20 14:30:00+00:00,2025-03-20 22:30:00+08:00,GPM_1.55_103.65,103.64999389648438,1.5499999523162842,4.360000133514404,2.180000066757202,3B-HHR.MS.MRG.3IMERG.20250320-S143000-E145959.0870.V07B.HDF5,4.6549999713897705,10.959999918937683,29.169999718666077,149.35999661684036,2025-03-20 23:00:00+08:00
2025-03-20 15:00:00+00:00,2025-03-20 23:00:00+08:00,GPM_1.55_103.65,103.64999389648438,1.5499999523162842,4.279999732971191,2.1399998664855957,3B-HHR.MS.MRG.3IMERG.20250320-S150000-E152959.0900.V07B.HDF5,4.319999933242798,11.494999766349792,27.634999632835388,149.77999657392502,2025-03-20 23:30:00+08:00
2025-03-20 15:30:00+00:00,2025-03-20 23:30:00+08:00,GPM_1.55_103.65,103.64999389648438,1.5499999523162842,3.9499998092651367,1.9749999046325684,3B-HHR.MS.MRG.3IMERG.20250320-S153000-E155959.0930.V07B.HDF5,4.114999771118164,12.329999685287476,27.084999680519104,150.6849965453148,2025-03-21 00:00:00+08:00
2025-03-20 16:00:00+00:00,2025-03-21 00:00:00+08:00,GPM_1.55_103.65,103.64999389648438,1.5499999523162842,4.159999847412109,2.0799999237060547,3B-HHR.MS.MRG.3IMERG.20250320-S160000-E162959.0960.V07B.HDF5,4.054999828338623,13.34999966621399,25.0999995470047,152.18499648571014,2025-03-21 00:30:00+08:00
2025-03-20 16:30:00+00:00,2025-03-21 00:30:00+08:00,GPM_1.55_103.65,103.64999389648438,1.5499999523162842,1.4299999475479126,0.7149999737739563,3B-HHR.MS.MRG.3IMERG.20250320-S163000-E165959.0990.V07B.HDF5,2.794999897480011,11.564999639987946,22.20999950170517,152.03499644994736,2025-03-21 01:00:00+08:00
2025-03-20 17:00:00+00:00,2025-03-21 01:00:00+08:00,GPM_1.55_103.65,103.64999389648438,1.5499999523162842,1.309999942779541,0.6549999713897705,3B-HHR.MS.MRG.3IMERG.20250320-S170000-E172959.1020.V07B.HDF5,1.3699999451637268,9.744999706745148,20.624999463558197,150.58999651670456,2025-03-21 01:30:00+08:00
2025-03-20 17:30:00+00:00,2025-03-21 01:30:00+08:00,GPM_1.55_103.65,103.64999389648438,1.5499999523162842,0.28999999165534973,0.14499999582767487,3B-HHR.MS.MRG.3IMERG.20250320-S173000-E175959.1050.V07B.HDF5,0.7999999672174454,7.70999963581562,18.669999554753304,148.1749965697527,2025-03-21 02:00:00+08:00
2025-03-20 18:00:00+00:00,2025-03-21 02:00:00+08:00,GPM_1.55_103.65,103.64999389648438,1.5499999523162842,0.5299999713897705,0.26499998569488525,3B-HHR.MS.MRG.3IMERG.20250320-S180000-E182959.1080.V07B.HDF5,0.4099999815225601,5.83499975502491,17.329999521374702,145.9449966698885,2025-03-21 02:30:00+08:00
2025-03-20 18:30:00+00:00,2025-03-21 02:30:00+08:00,GPM_1.55_103.65,103.64999389648438,1.5499999523162842,0.4899999797344208,0.2449999898672104,3B-HHR.MS.MRG.3IMERG.20250320-S183000-E185959.1110.V07B.HDF5,0.5099999755620956,4.104999840259552,16.434999525547028,144.0499967932701,2025-03-21 03:00:00+08:00
2025-03-20 19:00:00+00:00,2025-03-21 03:00:00+08:00,GPM_1.55_103.65,103.64999389648438,1.5499999523162842,0.949999988079071,0.4749999940395355,3B-HHR.MS.MRG.3IMERG.20250320-S190000-E192959.1140.V07B.HDF5,0.7199999839067459,2.499999910593033,15.849999576807022,142.04999688267708,2025-03-21 03:30:00+08:00
2025-03-20 19:30:00+00:00,2025-03-21 03:30:00+08:00,GPM_1.55_103.65,103.64999389648438,1.5499999523162842,2.059999942779541,1.0299999713897705,3B-HHR.MS.MRG.3IMERG.20250320-S193000-E195959.1170.V07B.HDF5,1.504999965429306,2.814999908208847,14.379999548196793,140.39999702572823,2025-03-21 04:00:00+08:00
2025-03-20 20:00:00+00:00,2025-03-21 04:00:00+08:00,GPM_1.55_103.65,103.64999389648438,1.5499999523162842,0.1899999976158142,0.0949999988079071,3B-HHR.MS.MRG.3IMERG.20250320-S200000-E202959.1200.V07B.HDF5,1.1249999701976776,2.2549999356269836,11.999999642372131,136.31999731063843,2025-03-21 04:30:00+08:00
2025-03-20 20:30:00+00:00,2025-03-21 04:30:00+08:00,GPM_1.55_103.65,103.64999389648438,1.5499999523162842,0.6499999761581421,0.32499998807907104,3B-HHR.MS.MRG.3IMERG.20250320-S203000-E205959.1230.V07B.HDF5,0.41999998688697815,2.43499992787838,10.144999563694,134.4649972319603,2025-03-21 05:00:00+08:00
2025-03-20 21:00:00+00:00,2025-03-21 05:00:00+08:00,GPM_1.55_103.65,103.64999389648438,1.5499999523162842,1.4499999284744263,0.7249999642372131,3B-HHR.MS.MRG.3IMERG.20250320-S210000-E212959.1260.V07B.HDF5,1.0499999523162842,2.8949999064207077,8.729999661445618,133.03999733924866,2025-03-21 05:30:00+08:00
2025-03-20 21:30:00+00:00,2025-03-21 05:30:00+08:00,GPM_1.55_103.65,103.64999389648438,1.5499999523162842,0.6899999976158142,0.3449999988079071,3B-HHR.MS.MRG.3IMERG.20250320-S213000-E215959.1290.V07B.HDF5,1.0699999630451202,2.9949999153614044,7.099999755620956,130.71999737620354,2025-03-21 06:00:00+08:00
2025-03-20 22:00:00+00:00,2025-03-21 06:00:00+08:00,GPM_1.55_103.65,103.64999389648438,1.5499999523162842,0.0,0.0,3B-HHR.MS.MRG.3IMERG.20250320-S220000-E222959.1320.V07B.HDF5,0.3449999988079071,2.519999921321869,5.019999831914902,127.36999747157097,2025-03-21 06:30:00+08:00
2025-03-20 22:30:00+00:00,2025-03-21 06:30:00+08:00,GPM_1.55_103.65,103.64999389648438,1.5499999523162842,0.0,0.0,3B-HHR.MS.MRG.3IMERG.20250320-S223000-E225959.1350.V07B.HDF5,0.0,1.4899999499320984,4.304999858140945,123.78999754786491,2025-03-21 07:00:00+08:00
2025-03-20 23:00:00+00:00,2025-03-21 07:00:00+08:00,GPM_1.55_103.65,103.64999389648438,1.5499999523162842,0.0,0.0,3B-HHR.MS.MRG.3IMERG.20250320-S230000-E232959.1380.V07B.HDF5,0.0,1.3949999511241913,3.649999886751175,120.9649975001812,2025-03-21 07:30:00+08:00
2025-03-20 23:30:00+00:00,2025-03-21 07:30:00+08:00,GPM_1.55_103.65,103.64999389648438,1.5499999523162842,0.0,0.0,3B-HHR.MS.MRG.3IMERG.20250320-S233000-E235959.1410.V07B.HDF5,0.0,1.0699999630451202,3.5049998909235,118.09999749064445,2025-03-21 08:00:00+08:00
2025-03-21 00:00:00+00:00,2025-03-21 08:00:00+08:00,GPM_1.55_103.65,103.64999389648438,1.5499999523162842,0.17999999225139618,0.08999999612569809,3B-HHR.MS.MRG.3IMERG.20250321-S000000-E002959.0000.V07B.HDF5,0.08999999612569809,0.4349999949336052,3.329999901354313,107.96499805897474,2025-03-21 08:30:00+08:00
2025-03-21 00:30:00+00:00,2025-03-21 08:30:00+08:00,GPM_1.55_103.65,103.64999389648438,1.5499999523162842,0.009999999776482582,0.004999999888241291,3B-HHR.MS.MRG.3IMERG.20250321-S003000-E005959.0030.V07B.HDF5,0.09499999601393938,0.09499999601393938,3.089999911375344,102.82999819237739,2025-03-21 09:00:00+08:00
2025-03-21 01:00:00+00:00,2025-03-21 09:00:00+08:00,GPM_1.55_103.65,103.64999389648438,1.5499999523162842,0.0,0.0,3B-HHR.MS.MRG.3IMERG.20250321-S010000-E012959.0060.V07B.HDF5,0.004999999888241291,0.09499999601393938,2.6149999173358083,95.50999849755317,2025-03-21 09:30:00+08:00
2025-03-21 01:30:00+00:00,2025-03-21 09:30:00+08:00,GPM_1.55_103.65,103.64999389648438,1.5499999523162842,0.0,0.0,3B-HHR.MS.MRG.3IMERG.20250321-S013000-E015959.0090.V07B.HDF5,0.0,0.09499999601393938,1.5849999459460378,90.82999866921455,2025-03-21 10:00:00+08:00
2025-03-21 02:00:00+00:00,2025-03-21 10:00:00+08:00,GPM_1.55_103.65,103.64999389648438,1.5499999523162842,0.0,0.0,3B-HHR.MS.MRG.3IMERG.20250321-S020000-E022959.0120.V07B.HDF5,0.0,0.09499999601393938,1.4899999471381307,86.40499895531684,2025-03-21 10:30:00+08:00
2025-03-21 02:30:00+00:00,2025-03-21 10:30:00+08:00,GPM_1.55_103.65,103.64999389648438,1.5499999523162842,0.0,0.0,3B-HHR.MS.MRG.3IMERG.20250321-S023000-E025959.0150.V07B.HDF5,0.0,0.09499999601393938,1.1649999590590596,82.17499893624336,2025-03-21 11:00:00+08:00
2025-03-21 03:00:00+00:00,2025-03-21 11:00:00+08:00,GPM_1.55_103.65,103.64999389648438,1.5499999523162842,0.1899999976158142,0.0949999988079071,3B-HHR.MS.MRG.3IMERG.20250321-S030000-E032959.0180.V07B.HDF5,0.0949999988079071,0.0999999986961484,0.5349999936297536,78.4199990304187,2025-03-21 11:30:00+08:00
2025-03-21 03:30:00+00:00,2025-03-21 11:30:00+08:00,GPM_1.55_103.65,103.64999389648438,1.5499999523162842,0.019999999552965164,0.009999999776482582,3B-HHR.MS.MRG.3IMERG.20250321-S033000-E035959.0210.V07B.HDF5,0.10499999858438969,0.10499999858438969,0.19999999459832907,74.91499916370958,2025-03-21 12:00:00+08:00
2025-03-21 04:00:00+00:00,2025-03-21 12:00:00+08:00,GPM_1.55_103.65,103.64999389648438,1.5499999523162842,0.0,0.0,3B-HHR.MS.MRG.3IMERG.20250321-S040000-E042959.0240.V07B.HDF5,0.009999999776482582,0.10499999858438969,0.19999999459832907,71.49999920185655,2025-03-21 12:30:00+08:00
2025-03-21 04:30:00+00:00,2025-03-21 12:30:00+08:00,GPM_1.55_103.65,103.64999389648438,1.5499999523162842,0.0,0.0,3B-HHR.MS.MRG.3IMERG.20250321-S043000-E045959.0270.V07B.HDF5,0.0,0.10499999858438969,0.19999999459832907,69.40499917324632,2025-03-21 13:00:00+08:00
2025-03-21 05:00:00+00:00,2025-03-21 13:00:00+08:00,GPM_1.55_103.65,103.64999389648438,1.5499999523162842,0.0,0.0,3B-HHR.MS.MRG.3IMERG.20250321-S050000-E052959.0300.V07B.HDF5,0.0,0.10499999858438969,0.19999999459832907,66.96999923046678,2025-03-21 13:30:00+08:00
2025-03-21 05:30:00+00:00,2025-03-21 13:30:00+08:00,GPM_1.55_103.65,103.64999389648438,1.5499999523162842,0.0,0.0,3B-HHR.MS.MRG.3IMERG.20250321-S053000-E055959.0330.V07B.HDF5,0.0,0.10499999858438969,0.19999999459832907,63.63499919231981,2025-03-21 14:00:00+08:00
2025-03-21 06:00:00+00:00,2025-03-21 14:00:00+08:00,GPM_1.55_103.65,103.64999389648438,1.5499999523162842,0.0,0.0,3B-HHR.MS.MRG.3IMERG.20250321-S060000-E062959.0360.V07B.HDF5,0.0,0.009999999776482582,0.10999999847263098,59.554999268613756,2025-03-21 14:30:00+08:00
2025-03-21 06:30:00+00:00,2025-03-21 14:30:00+08:00,GPM_1.55_103.65,103.64999389648438,1.5499999523162842,0.0,0.0,3B-HHR.MS.MRG.3IMERG.20250321-S063000-E065959.0390.V07B.HDF5,0.0,0.0,0.10499999858438969,55.584999240003526,2025-03-21 15:00:00+08:00
2025-03-21 07:00:00+00:00,2025-03-21 15:00:00+08:00,GPM_1.55_103.65,103.64999389648438,1.5499999523162842,0.1599999964237213,0.07999999821186066,3B-HHR.MS.MRG.3IMERG.20250321-S070000-E072959.0420.V07B.HDF5,0.07999999821186066,0.07999999821186066,0.18499999679625034,51.81999920960516,2025-03-21 15:30:00+08:00
2025-03-21 07:30:00+00:00,2025-03-21 15:30:00+08:00,GPM_1.55_103.65,103.64999389648438,1.5499999523162842,0.07000000029802322,0.03500000014901161,3B-HHR.MS.MRG.3IMERG.20250321-S073000-E075959.0450.V07B.HDF5,0.11499999836087227,0.11499999836087227,0.21999999694526196,48.60499920975417,2025-03-21 16:00:00+08:00
2025-03-21 08:00:00+00:00,2025-03-21 16:00:00+08:00,GPM_1.55_103.65,103.64999389648438,1.5499999523162842,0.07000000029802322,0.03500000014901161,3B-HHR.MS.MRG.3IMERG.20250321-S080000-E082959.0480.V07B.HDF5,0.07000000029802322,0.14999999850988388,0.25499999709427357,44.00999909546226,2025-03-21 16:30:00+08:00
2025-03-21 08:30:00+00:00,2025-03-21 16:30:00+08:00,GPM_1.55_103.65,103.64999389648438,1.5499999523162842,0.32999998331069946,0.16499999165534973,3B-HHR.MS.MRG.3IMERG.20250321-S083000-E085959.0510.V07B.HDF5,0.19999999180436134,0.3149999901652336,0.4199999887496233,40.89999923016876,2025-03-21 17:00:00+08:00
2025-03-21 09:00:00+00:00,2025-03-21 17:00:00+08:00,GPM_1.55_103.65,103.64999389648438,1.5499999523162842,0.47999998927116394,0.23999999463558197,3B-HHR.MS.MRG.3IMERG.20250321-S090000-E092959.0540.V07B.HDF5,0.4049999862909317,0.5549999848008156,0.5649999845772982,37.46499927248806,2025-03-21 17:30:00+08:00
2025-03-21 09:30:00+00:00,2025-03-21 17:30:00+08:00,GPM_1.55_103.65,103.64999389648438,1.5499999523162842,1.25,0.625,3B-HHR.MS.MRG.3IMERG.20250321-S093000-E095959.0570.V07B.HDF5,0.864999994635582,1.1799999848008156,1.1799999848008156,35.564999415539205,2025-03-21 18:00:00+08:00
2025-03-21 10:00:00+00:00,2025-03-21 18:00:00+08:00,GPM_1.55_103.65,103.64999389648438,1.5499999523162842,0.28999999165534973,0.14499999582767487,3B-HHR.MS.MRG.3IMERG.20250321-S100000-E102959.0600.V07B.HDF5,0.7699999958276749,1.2449999824166298,1.3249999806284904,31.64499935414642,2025-03-21 18:30:00+08:00
2025-03-21 10:30:00+00:00,2025-03-21 18:30:00+08:00,GPM_1.55_103.65,103.64999389648438,1.5499999523162842,0.5099999904632568,0.2549999952316284,3B-HHR.MS.MRG.3IMERG.20250321-S103000-E105959.0630.V07B.HDF5,0.3999999910593033,1.4649999774992466,1.5799999758601189,28.294999330304563,2025-03-21 19:00:00+08:00
2025-03-21 11:00:00+00:00,2025-03-21 19:00:00+08:00,GPM_1.55_103.65,103.64999389648438,1.5499999523162842,0.9599999785423279,0.47999998927116394,3B-HHR.MS.MRG.3IMERG.20250321-S110000-E112959.0660.V07B.HDF5,0.7349999845027924,1.909999966621399,2.059999965131283,26.534999310038984,2025-03-21 19:30:00+08:00
2025-03-21 11:30:00+00:00,2025-03-21 19:30:00+08:00,GPM_1.55_103.65,103.64999389648438,1.5499999523162842,0.8899999856948853,0.4449999928474426,3B-HHR.MS.MRG.3IMERG.20250321-S113000-E115959.0690.V07B.HDF5,0.9249999821186066,2.189999967813492,2.5049999579787254,24.879999398253858,2025-03-21 20:00:00+08:00
2025-03-21 12:00:00+00:00,2025-03-21 20:00:00+08:00,GPM_1.55_103.65,103.64999389648438,1.5499999523162842,0.0,0.0,3B-HHR.MS.MRG.3IMERG.20250321-S120000-E122959.0720.V07B.HDF5,0.4449999928474426,1.9499999731779099,2.5049999579787254,23.27499937918037,2025-03-21 20:30:00+08:00
2025-03-21 12:30:00+00:00,2025-03-21 20:30:00+08:00,GPM_1.55_103.65,103.64999389648438,1.5499999523162842,0.3400000035762787,0.17000000178813934,3B-HHR.MS.MRG.3IMERG.20250321-S123000-E125959.0750.V07B.HDF5,0.17000000178813934,1.4949999749660492,2.6749999597668648,22.304999395273626,2025-03-21 21:00:00+08:00
2025-03-21 13:00:00+00:00,2025-03-21 21:00:00+08:00,GPM_1.55_103.65,103.64999389648438,1.5499999523162842,1.0,0.5,3B-HHR.MS.MRG.3IMERG.20250321-S130000-E132959.0780.V07B.HDF5,0.6700000017881393,1.8499999791383743,3.094999961555004,21.744999452494085,2025-03-21 21:30:00+08:00
2025-03-21 13:30:00+00:00,2025-03-21 21:30:00+08:00,GPM_1.55_103.65,103.64999389648438,1.5499999523162842,1.2200000286102295,0.6100000143051147,3B-HHR.MS.MRG.3IMERG.20250321-S133000-E135959.0810.V07B.HDF5,1.1100000143051147,2.2049999982118607,3.6699999757111073,19.8549994667992,2025-03-21 22:00:00+08:00
2025-03-21 14:00:00+00:00,2025-03-21 22:00:00+08:00,GPM_1.55_103.65,103.64999389648438,1.5499999523162842,0.9799999594688416,0.4899999797344208,3B-HHR.MS.MRG.3IMERG.20250321-S140000-E142959.0840.V07B.HDF5,1.0999999940395355,2.2149999886751175,4.124999955296516,17.869999541901052,2025-03-21 22:30:00+08:00
2025-03-21 14:30:00+00:00,2025-03-21 22:30:00+08:00,GPM_1.55_103.65,103.64999389648438,1.5499999523162842,1.4399999380111694,0.7199999690055847,3B-HHR.MS.MRG.3IMERG.20250321-S143000-E145959.0870.V07B.HDF5,1.2099999487400055,2.4899999648332596,4.679999932646751,16.409999444149435,2025-03-21 23:00:00+08:00
2025-03-21 15:00:00+00:00,2025-03-21 23:00:00+08:00,GPM_1.55_103.65,103.64999389648438,1.5499999523162842,1.3799999952316284,0.6899999976158142,3B-HHR.MS.MRG.3IMERG.20250321-S150000-E152959.0900.V07B.HDF5,1.409999966621399,3.179999962449074,5.129999935626984,14.959999575279653,2025-03-21 23:30:00+08:00
2025-03-21 15:30:00+00:00,2025-03-21 23:30:00+08:00,GPM_1.55_103.65,103.64999389648438,1.5499999523162842,2.3999998569488525,1.1999999284744263,3B-HHR.MS.MRG.3IMERG.20250321-S153000-E155959.0930.V07B.HDF5,1.8899999260902405,4.209999889135361,5.70499986410141,14.184999599121511,2025-03-22 00:00:00+08:00
2025-03-18 16:00:00+00:00,2025-03-19 00:00:00+08:00,GPM_1.55_103.75,103.75,1.5499999523162842,0.0,0.0,3B-HHR.MS.MRG.3IMERG.20250318-S160000-E162959.0960.V07B.HDF5,,,,,2025-03-19 00:30:00+08:00
2025-03-18 16:30:00+00:00,2025-03-19 00:30:00+08:00,GPM_1.55_103.75,103.75,1.5499999523162842,0.3199999928474426,0.1599999964237213,3B-HHR.MS.MRG.3IMERG.20250318-S163000-E165959.0990.V07B.HDF5,0.1599999964237213,,,,2025-03-19 01:00:00+08:00
2025-03-18 17:00:00+00:00,2025-03-19 01:00:00+08:00,GPM_1.55_103.75,103.75,1.5499999523162842,0.07999999821186066,0.03999999910593033,3B-HHR.MS.MRG.3IMERG.20250318-S170000-E172959.1020.V07B.HDF5,0.19999999552965164,,,,2025-03-19 01:30:00+08:00
2025-03-18 17:30:00+00:00,2025-03-19 01:30:00+08:00,GPM_1.55_103.75,103.75,1.5499999523162842,0.0,0.0,3B-HHR.MS.MRG.3IMERG.20250318-S173000-E175959.1050.V07B.HDF5,0.03999999910593033,,,,2025-03-19 02:00:00+08:00
2025-03-18 18:00:00+00:00,2025-03-19 02:00:00+08:00,GPM_1.55_103.75,103.75,1.5499999523162842,0.0,0.0,3B-HHR.MS.MRG.3IMERG.20250318-S180000-E182959.1080.V07B.HDF5,0.0,,,,2025-03-19 02:30:00+08:00
2025-03-18 18:30:00+00:00,2025-03-19 02:30:00+08:00,GPM_1.55_103.75,103.75,1.5499999523162842,0.26999998092651367,0.13499999046325684,3B-HHR.MS.MRG.3IMERG.20250318-S183000-E185959.1110.V07B.HDF5,0.13499999046325684,0.3349999859929085,,,2025-03-19 03:00:00+08:00
2025-03-18 19:00:00+00:00,2025-03-19 03:00:00+08:00,GPM_1.55_103.75,103.75,1.5499999523162842,0.1599999964237213,0.07999999821186066,3B-HHR.MS.MRG.3IMERG.20250318-S190000-E192959.1140.V07B.HDF5,0.2149999886751175,0.41499998420476913,,,2025-03-19 03:30:00+08:00
2025-03-18 19:30:00+00:00,2025-03-19 03:30:00+08:00,GPM_1.55_103.75,103.75,1.5499999523162842,0.22999998927116394,0.11499999463558197,3B-HHR.MS.MRG.3IMERG.20250318-S193000-E195959.1170.V07B.HDF5,0.19499999284744263,0.3699999824166298,,,2025-03-19 04:00:00+08:00
2025-03-18 20:00:00+00:00,2025-03-19 04:00:00+08:00,GPM_1.55_103.75,103.75,1.5499999523162842,0.0,0.0,3B-HHR.MS.MRG.3IMERG.20250318-S200000-E202959.1200.V07B.HDF5,0.11499999463558197,0.32999998331069946,,,2025-03-19 04:30:00+08:00
2025-03-18 20:30:00+00:00,2025-03-19 04:30:00+08:00,GPM_1.55_103.75,103.75,1.5499999523162842,0.1599999964237213,0.07999999821186066,3B-HHR.MS.MRG.3IMERG.20250318-S203000-E205959.1230.V07B.HDF5,0.07999999821186066,0.4099999815225601,,,2025-03-19 05:00:00+08:00
2025-03-18 21:00:00+00:00,2025-03-19 05:00:00+08:00,GPM_1.55_103.75,103.75,1.5499999523162842,1.399999976158142,0.699999988079071,3B-HHR.MS.MRG.3IMERG.20250318-S210000-E212959.1260.V07B.HDF5,0.7799999862909317,1.1099999696016312,,,2025-03-19 05:30:00+08:00
2025-03-18 21:30:00+00:00,2025-03-19 05:30:00+08:00,GPM_1.55_103.75,103.75,1.5499999523162842,0.9300000071525574,0.4650000035762787,3B-HHR.MS.MRG.3IMERG.20250318-S213000-E215959.1290.V07B.HDF5,1.1649999916553497,1.439999982714653,1.7749999687075615,,2025-03-19 06:00:00+08:00
2025-03-18 22:00:00+00:00,2025-03-19 06:00:00+08:00,GPM_1.55_103.75,103.75,1.5499999523162842,0.7699999809265137,0.38499999046325684,3B-HHR.MS.MRG.3IMERG.20250318-S220000-E222959.1320.V07B.HDF5,0.8499999940395355,1.7449999749660492,2.1599999591708183,,2025-03-19 06:30:00+08:00
2025-03-18 22:30:00+00:00,2025-03-19 06:30:00+08:00,GPM_1.55_103.75,103.75,1.5499999523162842,1.1799999475479126,0.5899999737739563,3B-HHR.MS.MRG.3IMERG.20250318-S223000-E225959.1350.V07B.HDF5,0.9749999642372131,2.2199999541044235,2.5899999365210533,,2025-03-19 07:00:00+08:00
2025-03-18 23:00:00+00:00,2025-03-19 07:00:00+08:00,GPM_1.55_103.75,103.75,1.5499999523162842,1.2799999713897705,0.6399999856948853,3B-HHR.MS.MRG.3IMERG.20250318-S230000-E232959.1380.V07B.HDF5,1.2299999594688416,2.8599999397993088,3.1899999231100082,,2025-03-19 07:30:00+08:00
2025-03-18 23:30:00+00:00,2025-03-19 07:30:00+08:00,GPM_1.55_103.75,103.75,1.5499999523162842,0.6499999761581421,0.32499998807907104,3B-HHR.MS.MRG.3IMERG.20250318-S233000-E235959.1410.V07B.HDF5,0.9649999737739563,3.104999929666519,3.5149999111890793,,2025-03-19 08:00:00+08:00
2025-03-19 00:00:00+00:00,2025-03-19 08:00:00+08:00,GPM_1.55_103.75,103.75,1.5499999523162842,3.129999876022339,1.5649999380111694,3B-HHR.MS.MRG.3IMERG.20250319-S000000-E002959.0000.V07B.HDF5,1.8899999260902405,3.9699998795986176,5.079999849200249,,2025-03-19 08:30:00+08:00
2025-03-19 00:30:00+00:00,2025-03-19 08:30:00+08:00,GPM_1.55_103.75,103.75,1.5499999523162842,4.589999675750732,2.294999837875366,3B-HHR.MS.MRG.3IMERG.20250319-S003000-E005959.0030.V07B.HDF5,3.8599997758865356,5.799999713897705,7.239999696612358,,2025-03-19 09:00:00+08:00
2025-03-19 01:00:00+00:00,2025-03-19 09:00:00+08:00,GPM_1.55_103.75,103.75,1.5499999523162842,3.6499998569488525,1.8249999284744263,3B-HHR.MS.MRG.3IMERG.20250319-S010000-E012959.0060.V07B.HDF5,4.1199997663497925,7.2399996519088745,8.984999626874924,,2025-03-19 09:30:00+08:00
2025-03-19 01:30:00+00:00,2025-03-19 09:30:00+08:00,GPM_1.55_103.75,103.75,1.5499999523162842,4.779999732971191,2.3899998664855957,3B-HHR.MS.MRG.3IMERG.20250319-S013000-E015959.0090.V07B.HDF5,4.214999794960022,9.039999544620514,11.259999498724937,,2025-03-19 10:00:00+08:00
2025-03-19 02:00:00+00:00,2025-03-19 10:00:00+08:00,GPM_1.55_103.75,103.75,1.5499999523162842,5.989999771118164,2.994999885559082,3B-HHR.MS.MRG.3IMERG.20250319-S020000-E022959.0120.V07B.HDF5,5.384999752044678,11.39499944448471,14.25499938428402,,2025-03-19 10:30:00+08:00
2025-03-19 02:30:00+00:00,2025-03-19 10:30:00+08:00,GPM_1.55_103.75,103.75,1.5499999523162842,7.829999923706055,3.9149999618530273,3B-HHR.MS.MRG.3IMERG.20250319-S023000-E025959.0150.V07B.HDF5,6.909999847412109,14.984999418258667,18.089999347925186,,2025-03-19 11:00:00+08:00
2025-03-19 03:00:00+00:00,2025-03-19 11:00:00+08:00,GPM_1.55_103.75,103.75,1.5499999523162842,8.139999389648438,4.069999694824219,3B-HHR.MS.MRG.3IMERG.20250319-S030000-E032959.0180.V07B.HDF5,7.984999656677246,17.489999175071716,21.459999054670334,,2025-03-19 11:30:00+08:00
2025-03-19 03:30:00+00:00,2025-03-19 11:30:00+08:00,GPM_1.55_103.75,103.75,1.5499999523162842,11.119999885559082,5.559999942779541,3B-HHR.MS.MRG.3IMERG.20250319-S033000-E035959.0210.V07B.HDF5,9.62999963760376,20.75499927997589,26.554998993873596,,2025-03-19 12:00:00+08:00
2025-03-19 04:00:00+00:00,2025-03-19 12:00:00+08:00,GPM_1.55_103.75,103.75,1.5499999523162842,6.730000019073486,3.365000009536743,3B-HHR.MS.MRG.3IMERG.20250319-S040000-E042959.0240.V07B.HDF5,8.924999952316284,22.294999361038208,29.534999012947083,,2025-03-19 12:30:00+08:00
2025-03-19 04:30:00+00:00,2025-03-19 12:30:00+08:00,GPM_1.55_103.75,103.75,1.5499999523162842,4.130000114440918,2.065000057220459,3B-HHR.MS.MRG.3IMERG.20250319-S043000-E045959.0270.V07B.HDF5,5.430000066757202,21.96999955177307,31.009999096393585,,2025-03-19 13:00:00+08:00
2025-03-19 05:00:00+00:00,2025-03-19 13:00:00+08:00,GPM_1.55_103.75,103.75,1.5499999523162842,8.170000076293945,4.085000038146973,3B-HHR.MS.MRG.3IMERG.20250319-S050000-E052959.0300.V07B.HDF5,6.150000095367432,23.059999704360962,34.45499914884567,,2025-03-19 13:30:00+08:00
2025-03-19 05:30:00+00:00,2025-03-19 13:30:00+08:00,GPM_1.55_103.75,103.75,1.5499999523162842,8.649999618530273,4.324999809265137,3B-HHR.MS.MRG.3IMERG.20250319-S053000-E055959.0330.V07B.HDF5,8.40999984741211,23.46999955177307,38.45499897003174,,2025-03-19 14:00:00+08:00
2025-03-19 06:00:00+00:00,2025-03-19 14:00:00+08:00,GPM_1.55_103.75,103.75,1.5499999523162842,8.269999504089355,4.134999752044678,3B-HHR.MS.MRG.3IMERG.20250319-S060000-E062959.0360.V07B.HDF5,8.459999561309814,23.53499960899353,41.02499878406525,,2025-03-19 14:30:00+08:00
2025-03-19 06:30:00+00:00,2025-03-19 14:30:00+08:00,GPM_1.55_103.75,103.75,1.5499999523162842,7.069999694824219,3.5349998474121094,3B-HHR.MS.MRG.3IMERG.20250319-S063000-E065959.0390.V07B.HDF5,7.669999599456787,21.5099995136261,42.26499879360199,,2025-03-19 15:00:00+08:00
2025-03-19 07:00:00+00:00,2025-03-19 15:00:00+08:00,GPM_1.55_103.75,103.75,1.5499999523162842,7.099999904632568,3.549999952316284,3B-HHR.MS.MRG.3IMERG.20250319-S070000-E072959.0420.V07B.HDF5,7.0849997997283936,21.69499945640564,43.98999881744385,,2025-03-19 15:30:00+08:00
2025-03-19 07:30:00+00:00,2025-03-19 15:30:00+08:00,GPM_1.55_103.75,103.75,1.5499999523162842,7.539999961853027,3.7699999809265137,3B-HHR.MS.MRG.3IMERG.20250319-S073000-E075959.0450.V07B.HDF5,7.319999933242798,23.399999380111694,45.369998931884766,,2025-03-19 16:00:00+08:00
2025-03-19 08:00:00+00:00,2025-03-19 16:00:00+08:00,GPM_1.55_103.75,103.75,1.5499999523162842,7.75,3.875,3B-HHR.MS.MRG.3IMERG.20250319-S080000-E082959.0480.V07B.HDF5,7.644999980926514,23.18999934196472,46.249999046325684,,2025-03-19 16:30:00+08:00
2025-03-19 08:30:00+00:00,2025-03-19 16:30:00+08:00,GPM_1.55_103.75,103.75,1.5499999523162842,5.96999979019165,2.984999895095825,3B-HHR.MS.MRG.3IMERG.20250319-S083000-E085959.0510.V07B.HDF5,6.859999895095825,21.84999942779541,45.31999897956848,,2025-03-19 17:00:00+08:00
2025-03-19 09:00:00+00:00,2025-03-19 17:00:00+08:00,GPM_1.55_103.75,103.75,1.5499999523162842,6.899999618530273,3.4499998092651367,3B-HHR.MS.MRG.3IMERG.20250319-S090000-E092959.0540.V07B.HDF5,6.434999704360962,21.16499948501587,44.6999990940094,,2025-03-19 17:30:00+08:00
2025-03-19 09:30:00+00:00,2025-03-19 17:30:00+08:00,GPM_1.55_103.75,103.75,1.5499999523162842,6.5,3.25,3B-HHR.MS.MRG.3IMERG.20250319-S093000-E095959.0570.V07B.HDF5,6.699999809265137,20.87999963760376,42.38999915122986,,2025-03-19 18:00:00+08:00
2025-03-19 10:00:00+00:00,2025-03-19 18:00:00+08:00,GPM_1.55_103.75,103.75,1.5499999523162842,5.489999771118164,2.744999885559082,3B-HHR.MS.MRG.3IMERG.20250319-S100000-E102959.0600.V07B.HDF5,5.994999885559082,20.074999570846558,41.7699990272522,,2025-03-19 18:30:00+08:00
2025-03-19 10:30:00+00:00,2025-03-19 18:30:00+08:00,GPM_1.55_103.75,103.75,1.5499999523162842,6.25,3.125,3B-HHR.MS.MRG.3IMERG.20250319-S103000-E105959.0630.V07B.HDF5,5.869999885559082,19.429999589920044,42.82999897003174,,2025-03-19 19:00:00+08:00
2025-03-19 11:00:00+00:00,2025-03-19 19:00:00+08:00,GPM_1.55_103.75,103.75,1.5499999523162842,5.980000019073486,2.990000009536743,3B-HHR.MS.MRG.3IMERG.20250319-S110000-E112959.0660.V07B.HDF5,6.115000009536743,18.544999599456787,41.73499894142151,,2025-03-19 19:30:00+08:00
2025-03-19 11:30:00+00:00,2025-03-19 19:30:00+08:00,GPM_1.55_103.75,103.75,1.5499999523162842,5.739999771118164,2.869999885559082,3B-HHR.MS.MRG.3IMERG.20250319-S113000-E115959.0690.V07B.HDF5,5.859999895095825,18.429999589920044,40.279999017715454,,2025-03-19 20:00:00+08:00
2025-03-19 12:00:00+00:00,2025-03-19 20:00:00+08:00,GPM_1.55_103.75,103.75,1.5499999523162842,4.610000133514404,2.305000066757202,3B-HHR.MS.MRG.3IMERG.20250319-S120000-E122959.0720.V07B.HDF5,5.174999952316284,17.28499984741211,38.44999933242798,,2025-03-19 20:30:00+08:00
2025-03-19 12:30:00+00:00,2025-03-19 20:30:00+08:00,GPM_1.55_103.75,103.75,1.5499999523162842,6.21999979019165,3.109999895095825,3B-HHR.MS.MRG.3IMERG.20250319-S123000-E125959.0750.V07B.HDF5,5.414999961853027,17.144999742507935,38.024999380111694,,2025-03-19 21:00:00+08:00
2025-03-19 13:00:00+00:00,2025-03-19 21:00:00+08:00,GPM_1.55_103.75,103.75,1.5499999523162842,8.670000076293945,4.335000038146973,3B-HHR.MS.MRG.3IMERG.20250319-S130000-E132959.0780.V07B.HDF5,7.444999933242798,18.734999895095825,38.80999946594238,,2025-03-19 21:30:00+08:00
2025-03-19 13:30:00+00:00,2025-03-19 21:30:00+08:00,GPM_1.55_103.75,103.75,1.5499999523162842,7.039999961853027,3.5199999809265137,3B-HHR.MS.MRG.3IMERG.20250319-S133000-E135959.0810.V07B.HDF5,7.855000019073486,19.12999987602234,38.55999946594238,,2025-03-19 22:00:00+08:00
2025-03-19 14:00:00+00:00,2025-03-19 22:00:00+08:00,GPM_1.55_103.75,103.75,1.5499999523162842,4.329999923706055,2.1649999618530273,3B-HHR.MS.MRG.3IMERG.20250319-S140000-E142959.0840.V07B.HDF5,5.684999942779541,18.304999828338623,36.84999942779541,,2025-03-19 22:30:00+08:00
2025-03-19 14:30:00+00:00,2025-03-19 22:30:00+08:00,GPM_1.55_103.75,103.75,1.5499999523162842,2.990000009536743,1.4950000047683716,3B-HHR.MS.MRG.3IMERG.20250319-S143000-E145959.0870.V07B.HDF5,3.659999966621399,16.929999947547913,35.35999953746796,,2025-03-19 23:00:00+08:00
2025-03-19 15:00:00+00:00,2025-03-19 23:00:00+08:00,GPM_1.55_103.75,103.75,1.5499999523162842,3.0899999141693115,1.5449999570846558,3B-HHR.MS.MRG.3IMERG.20250319-S150000-E152959.0900.V07B.HDF5,3.0399999618530273,16.169999837875366,33.454999685287476,,2025-03-19 23:30:00+08:00
2025-03-19 15:30:00+00:00,2025-03-19 23:30:00+08:00,GPM_1.55_103.75,103.75,1.5499999523162842,0.9300000071525574,0.4650000035762787,3B-HHR.MS.MRG.3IMERG.20250319-S153000-E155959.0930.V07B.HDF5,2.0099999606609344,13.52499994635582,30.669999688863754,101.38999780267477,2025-03-20 00:00:00+08:00
2025-03-19 16:00:00+00:00,2025-03-20 00:00:00+08:00,GPM_1.55_103.75,103.75,1.5499999523162842,0.8799999952316284,0.4399999976158142,3B-HHR.MS.MRG.3IMERG.20250319-S160000-E162959.0960.V07B.HDF5,0.9050000011920929,9.629999905824661,28.364999800920486,101.82999780029058,2025-03-20 00:30:00+08:00
2025-03-19 16:30:00+00:00,2025-03-20 00:30:00+08:00,GPM_1.55_103.75,103.75,1.5499999523162842,2.5199999809265137,1.2599999904632568,3B-HHR.MS.MRG.3IMERG.20250319-S163000-E165959.0990.V07B.HDF5,1.699999988079071,7.369999915361404,26.499999791383743,102.92999779433012,2025-03-20 01:00:00+08:00
2025-03-19 17:00:00+00:00,2025-03-20 01:00:00+08:00,GPM_1.55_103.75,103.75,1.5499999523162842,5.069999694824219,2.5349998474121094,3B-HHR.MS.MRG.3IMERG.20250319-S170000-E172959.1020.V07B.HDF5,3.794999837875366,7.7399998009204865,26.04499962925911,105.4249976426363,2025-03-20 01:30:00+08:00
2025-03-19 17:30:00+00:00,2025-03-20 01:30:00+08:00,GPM_1.55_103.75,103.75,1.5499999523162842,5.650000095367432,2.825000047683716,3B-HHR.MS.MRG.3IMERG.20250319-S173000-E175959.1050.V07B.HDF5,5.359999895095825,9.06999984383583,25.999999791383743,108.24999769032001,2025-03-20 02:00:00+08:00
2025-03-19 18:00:00+00:00,2025-03-20 02:00:00+08:00,GPM_1.55_103.75,103.75,1.5499999523162842,5.0,2.5,3B-HHR.MS.MRG.3IMERG.20250319-S180000-E182959.1080.V07B.HDF5,5.325000047683716,10.024999886751175,26.19499972462654,110.74999769032001,2025-03-20 02:30:00+08:00
2025-03-19 18:30:00+00:00,2025-03-20 02:30:00+08:00,GPM_1.55_103.75,103.75,1.5499999523162842,4.289999961853027,2.1449999809265137,3B-HHR.MS.MRG.3IMERG.20250319-S183000-E185959.1110.V07B.HDF5,4.644999980926514,11.70499986410141,25.22999981045723,112.75999768078327,2025-03-20 03:00:00+08:00
2025-03-19 19:00:00+00:00,2025-03-20 03:00:00+08:00,GPM_1.55_103.75,103.75,1.5499999523162842,4.5,2.25,3B-HHR.MS.MRG.3IMERG.20250319-S190000-E192959.1140.V07B.HDF5,4.394999980926514,13.514999866485596,23.144999772310257,114.92999768257141,2025-03-20 03:30:00+08:00
2025-03-19 19:30:00+00:00,2025-03-20 03:30:00+08:00,GPM_1.55_103.75,103.75,1.5499999523162842,4.96999979019165,2.484999895095825,3B-HHR.MS.MRG.3IMERG.20250319-S193000-E195959.1170.V07B.HDF5,4.734999895095825,14.739999771118164,22.10999968647957,117.29999758303165,2025-03-20 04:00:00+08:00
2025-03-19 20:00:00+00:00,2025-03-20 04:00:00+08:00,GPM_1.55_103.75,103.75,1.5499999523162842,6.039999961853027,3.0199999809265137,3B-HHR.MS.MRG.3IMERG.20250319-S200000-E202959.1200.V07B.HDF5,5.504999876022339,15.224999904632568,22.964999705553055,120.31999756395817,2025-03-20 04:30:00+08:00
2025-03-19 20:30:00+00:00,2025-03-20 04:30:00+08:00,GPM_1.55_103.75,103.75,1.5499999523162842,3.1499998569488525,1.5749999284744263,3B-HHR.MS.MRG.3IMERG.20250319-S203000-E205959.1230.V07B.HDF5,4.59499990940094,13.974999785423279,23.04499962925911,121.81499749422073,2025-03-20 05:00:00+08:00
2025-03-19 21:00:00+00:00,2025-03-20 05:00:00+08:00,GPM_1.55_103.75,103.75,1.5499999523162842,4.480000019073486,2.240000009536743,3B-HHR.MS.MRG.3IMERG.20250319-S210000-E212959.1260.V07B.HDF5,3.8149999380111694,13.714999794960022,23.739999681711197,123.3549975156784,2025-03-20 05:30:00+08:00
2025-03-19 21:30:00+00:00,2025-03-20 05:30:00+08:00,GPM_1.55_103.75,103.75,1.5499999523162842,7.349999904632568,3.674999952316284,3B-HHR.MS.MRG.3IMERG.20250319-S213000-E215959.1290.V07B.HDF5,5.914999961853027,15.244999766349792,26.949999630451202,126.56499746441841,2025-03-20 06:00:00+08:00
2025-03-19 22:00:00+00:00,2025-03-20 06:00:00+08:00,GPM_1.55_103.75,103.75,1.5499999523162842,6.449999809265137,3.2249999046325684,3B-HHR.MS.MRG.3IMERG.20250319-S220000-E222959.1320.V07B.HDF5,6.8999998569488525,16.21999967098236,29.734999537467957,129.40499737858772,2025-03-20 06:30:00+08:00
2025-03-19 22:30:00+00:00,2025-03-20 06:30:00+08:00,GPM_1.55_103.75,103.75,1.5499999523162842,5.549999713897705,2.7749998569488525,3B-HHR.MS.MRG.3IMERG.20250319-S223000-E225959.1350.V07B.HDF5,5.999999761581421,16.509999632835388,31.249999403953552,131.58999726176262,2025-03-20 07:00:00+08:00
2025-03-19 23:00:00+00:00,2025-03-20 07:00:00+08:00,GPM_1.55_103.75,103.75,1.5499999523162842,5.809999942779541,2.9049999713897705,3B-HHR.MS.MRG.3IMERG.20250319-S230000-E232959.1380.V07B.HDF5,5.679999828338623,16.394999623298645,31.619999527931213,133.8549972474575,2025-03-20 07:30:00+08:00
2025-03-19 23:30:00+00:00,2025-03-20 07:30:00+08:00,GPM_1.55_103.75,103.75,1.5499999523162842,5.989999771118164,2.994999885559082,3B-HHR.MS.MRG.3IMERG.20250319-S233000-E235959.1410.V07B.HDF5,5.8999998569488525,17.8149995803833,31.78999936580658,136.52499714493752,2025-03-20 08:00:00+08:00
2025-03-20 00:00:00+00:00,2025-03-20 08:00:00+08:00,GPM_1.55_103.75,103.75,1.5499999523162842,26.53999900817871,13.269999504089355,3B-HHR.MS.MRG.3IMERG.20250320-S000000-E002959.0000.V07B.HDF5,16.264999389648438,28.844999074935913,42.559998869895935,148.2299967110157,2025-03-20 08:30:00+08:00
2025-03-20 00:30:00+00:00,2025-03-20 08:30:00+08:00,GPM_1.55_103.75,103.75,1.5499999523162842,13.5,6.75,3B-HHR.MS.MRG.3IMERG.20250320-S003000-E005959.0030.V07B.HDF5,20.019999504089355,31.91999912261963,47.16499888896942,152.68499687314034,2025-03-20 09:00:00+08:00
2025-03-20 01:00:00+00:00,2025-03-20 09:00:00+08:00,GPM_1.55_103.75,103.75,1.5499999523162842,17.85999870300293,8.929999351501465,3B-HHR.MS.MRG.3IMERG.20250320-S010000-E012959.0060.V07B.HDF5,15.679999351501465,37.624998569488525,53.844998240470886,159.78999629616737,2025-03-20 09:30:00+08:00
2025-03-20 01:30:00+00:00,2025-03-20 09:30:00+08:00,GPM_1.55_103.75,103.75,1.5499999523162842,9.670000076293945,4.835000038146973,3B-HHR.MS.MRG.3IMERG.20250320-S013000-E015959.0090.V07B.HDF5,13.764999389648438,39.684998750686646,56.194998383522034,162.23499646782875,2025-03-20 10:00:00+08:00
2025-03-20 02:00:00+00:00,2025-03-20 10:00:00+08:00,GPM_1.55_103.75,103.75,1.5499999523162842,9.859999656677246,4.929999828338623,3B-HHR.MS.MRG.3IMERG.20250320-S020000-E022959.0120.V07B.HDF5,9.764999866485596,41.7099986076355,58.10499823093414,164.1699964106083,2025-03-20 10:30:00+08:00
2025-03-20 02:30:00+00:00,2025-03-20 10:30:00+08:00,GPM_1.55_103.75,103.75,1.5499999523162842,9.75,4.875,3B-HHR.MS.MRG.3IMERG.20250320-S023000-E025959.0150.V07B.HDF5,9.804999828338623,43.589998722076416,61.40499830245972,165.12999644875526,2025-03-20 11:00:00+08:00
2025-03-20 03:00:00+00:00,2025-03-20 11:00:00+08:00,GPM_1.55_103.75,103.75,1.5499999523162842,9.90999984741211,4.954999923706055,3B-HHR.MS.MRG.3IMERG.20250320-S030000-E032959.0180.V07B.HDF5,9.829999923706055,35.274999141693115,64.11999821662903,166.0149966776371,2025-03-20 11:30:00+08:00
2025-03-20 03:30:00+00:00,2025-03-20 11:30:00+08:00,GPM_1.55_103.75,103.75,1.5499999523162842,8.9399995803833,4.46999979019165,3B-HHR.MS.MRG.3IMERG.20250320-S033000-E035959.0210.V07B.HDF5,9.424999713897705,32.994998931884766,64.9149980545044,164.9249965250492,2025-03-20 12:00:00+08:00
2025-03-20 04:00:00+00:00,2025-03-20 12:00:00+08:00,GPM_1.55_103.75,103.75,1.5499999523162842,6.37999963760376,3.18999981880188,3B-HHR.MS.MRG.3IMERG.20250320-S040000-E042959.0240.V07B.HDF5,7.65999960899353,27.25499939918518,64.8799979686737,164.74999633431435,2025-03-20 12:30:00+08:00
2025-03-20 04:30:00+00:00,2025-03-20 12:30:00+08:00,GPM_1.55_103.75,103.75,1.5499999523162842,5.589999675750732,2.794999837875366,3B-HHR.MS.MRG.3IMERG.20250320-S043000-E045959.0270.V07B.HDF5,5.984999656677246,25.214999198913574,64.89999794960022,165.47999611496925,2025-03-20 13:00:00+08:00
2025-03-20 05:00:00+00:00,2025-03-20 13:00:00+08:00,GPM_1.55_103.75,103.75,1.5499999523162842,5.529999732971191,2.7649998664855957,3B-HHR.MS.MRG.3IMERG.20250320-S050000-E052959.0300.V07B.HDF5,5.559999704360962,23.049999237060547,64.75999784469604,164.15999594330788,2025-03-20 13:30:00+08:00
2025-03-20 05:30:00+00:00,2025-03-20 13:30:00+08:00,GPM_1.55_103.75,103.75,1.5499999523162842,7.359999656677246,3.679999828338623,3B-HHR.MS.MRG.3IMERG.20250320-S053000-E055959.0330.V07B.HDF5,6.444999694824219,21.85499906539917,65.44499778747559,163.51499596238136,2025-03-20 14:00:00+08:00
2025-03-20 06:00:00+00:00,2025-03-20 14:00:00+08:00,GPM_1.55_103.75,103.75,1.5499999523162842,7.940000057220459,3.9700000286102295,3B-HHR.MS.MRG.3IMERG.20250320-S060000-E062959.0360.V07B.HDF5,7.6499998569488525,20.869999170303345,56.14499831199646,163.34999623894691,2025-03-20 14:30:00+08:00
2025-03-20 06:30:00+00:00,2025-03-20 14:30:00+08:00,GPM_1.55_103.75,103.75,1.5499999523162842,8.359999656677246,4.179999828338623,3B-HHR.MS.MRG.3IMERG.20250320-S063000-E065959.0390.V07B.HDF5,8.149999856948853,20.579999208450317,53.57499814033508,163.99499621987343,2025-03-20 15:00:00+08:00
2025-03-20 07:00:00+00:00,2025-03-20 15:00:00+08:00,GPM_1.55_103.75,103.75,1.5499999523162842,8.039999961853027,4.019999980926514,3B-HHR.MS.MRG.3IMERG.20250320-S070000-E072959.0420.V07B.HDF5,8.199999809265137,21.40999937057495,48.66499876976013,164.46499624848366,2025-03-20 15:30:00+08:00
2025-03-20 07:30:00+00:00,2025-03-20 15:30:00+08:00,GPM_1.55_103.75,103.75,1.5499999523162842,8.029999732971191,4.014999866485596,3B-HHR.MS.MRG.3IMERG.20250320-S073000-E075959.0450.V07B.HDF5,8.03499984741211,22.62999939918518,47.844998598098755,164.70999613404274,2025-03-20 16:00:00+08:00
2025-03-20 08:00:00+00:00,2025-03-20 16:00:00+08:00,GPM_1.55_103.75,103.75,1.5499999523162842,10.319999694824219,5.159999847412109,3B-HHR.MS.MRG.3IMERG.20250320-S080000-E082959.0480.V07B.HDF5,9.174999713897705,25.024999380111694,48.07499861717224,165.99499598145485,2025-03-20 16:30:00+08:00
2025-03-20 08:30:00+00:00,2025-03-20 16:30:00+08:00,GPM_1.55_103.75,103.75,1.5499999523162842,9.369999885559082,4.684999942779541,3B-HHR.MS.MRG.3IMERG.20250320-S083000-E085959.0510.V07B.HDF5,9.84499979019165,26.029999494552612,47.88499855995178,167.69499602913857,2025-03-20 17:00:00+08:00
2025-03-20 09:00:00+00:00,2025-03-20 17:00:00+08:00,GPM_1.55_103.75,103.75,1.5499999523162842,7.62999963760376,3.81499981880188,3B-HHR.MS.MRG.3IMERG.20250320-S090000-E092959.0540.V07B.HDF5,8.499999761581421,25.874999284744263,46.74499845504761,168.0599960386753,2025-03-20 17:30:00+08:00
2025-03-20 09:30:00+00:00,2025-03-20 17:30:00+08:00,GPM_1.55_103.75,103.75,1.5499999523162842,6.980000019073486,3.490000009536743,3B-HHR.MS.MRG.3IMERG.20250320-S093000-E095959.0570.V07B.HDF5,7.304999828338623,25.184999465942383,45.7649986743927,168.29999604821205,2025-03-20 18:00:00+08:00
2025-03-20 10:00:00+00:00,2025-03-20 18:00:00+08:00,GPM_1.55_103.75,103.75,1.5499999523162842,7.119999885559082,3.559999942779541,3B-HHR.MS.MRG.3IMERG.20250320-S100000-E102959.0600.V07B.HDF5,7.049999952316284,24.72499942779541,46.13499879837036,169.1149961054325,2025-03-20 18:30:00+08:00
2025-03-20 10:30:00+00:00,2025-03-20 18:30:00+08:00,GPM_1.55_103.75,103.75,1.5499999523162842,6.71999979019165,3.359999895095825,3B-HHR.MS.MRG.3IMERG.20250320-S103000-E105959.0630.V07B.HDF5,6.919999837875366,24.06999945640564,46.69999885559082,169.34999600052834,2025-03-20 19:00:00+08:00
2025-03-20 11:00:00+00:00,2025-03-20 19:00:00+08:00,GPM_1.55_103.75,103.75,1.5499999523162842,3.9599997997283936,1.9799998998641968,3B-HHR.MS.MRG.3IMERG.20250320-S110000-E112959.0660.V07B.HDF5,5.339999794960022,20.889999508857727,45.91499888896942,168.3399958908558,2025-03-20 19:30:00+08:00
2025-03-20 11:30:00+00:00,2025-03-20 19:30:00+08:00,GPM_1.55_103.75,103.75,1.5499999523162842,3.8299999237060547,1.9149999618530273,3B-HHR.MS.MRG.3IMERG.20250320-S113000-E115959.0690.V07B.HDF5,3.894999861717224,18.119999527931213,44.149999022483826,167.38499596714973,2025-03-20 20:00:00+08:00
2025-03-20 12:00:00+00:00,2025-03-20 20:00:00+08:00,GPM_1.55_103.75,103.75,1.5499999523162842,3.059999942779541,1.5299999713897705,3B-HHR.MS.MRG.3IMERG.20250320-S120000-E122959.0720.V07B.HDF5,3.444999933242798,15.834999680519104,41.70999896526337,166.6099958717823,2025-03-20 20:30:00+08:00
2025-03-20 12:30:00+00:00,2025-03-20 20:30:00+08:00,GPM_1.55_103.75,103.75,1.5499999523162842,2.93999981880188,1.46999990940094,3B-HHR.MS.MRG.3IMERG.20250320-S123000-E125959.0750.V07B.HDF5,2.9999998807907104,13.8149995803833,38.999999046325684,164.96999588608742,2025-03-20 21:00:00+08:00
2025-03-20 13:00:00+00:00,2025-03-20 21:00:00+08:00,GPM_1.55_103.75,103.75,1.5499999523162842,3.549999952316284,1.774999976158142,3B-HHR.MS.MRG.3IMERG.20250320-S130000-E132959.0780.V07B.HDF5,3.244999885559082,12.029999613761902,36.75499904155731,162.4099958240986,2025-03-20 21:30:00+08:00
2025-03-20 13:30:00+00:00,2025-03-20 21:30:00+08:00,GPM_1.55_103.75,103.75,1.5499999523162842,3.5899999141693115,1.7949999570846558,3B-HHR.MS.MRG.3IMERG.20250320-S133000-E135959.0810.V07B.HDF5,3.569999933242798,10.464999675750732,34.53499913215637,160.68499580025673,2025-03-20 22:00:00+08:00
2025-03-20 14:00:00+00:00,2025-03-20 22:00:00+08:00,GPM_1.55_103.75,103.75,1.5499999523162842,4.480000019073486,2.240000009536743,3B-HHR.MS.MRG.3IMERG.20250320-S140000-E142959.0840.V07B.HDF5,4.034999966621399,10.724999785423279,31.614999294281006,160.75999584794044,2025-03-20 22:30:00+08:00
2025-03-20 14:30:00+00:00,2025-03-20 22:30:00+08:00,GPM_1.55_103.75,103.75,1.5499999523162842,4.429999828338623,2.2149999141693115,3B-HHR.MS.MRG.3IMERG.20250320-S143000-E145959.0870.V07B.HDF5,4.454999923706055,11.024999737739563,29.144999265670776,161.47999575734138,2025-03-20 23:00:00+08:00
2025-03-20 15:00:00+00:00,2025-03-20 23:00:00+08:00,GPM_1.55_103.75,103.75,1.5499999523162842,4.329999923706055,2.1649999618530273,3B-HHR.MS.MRG.3IMERG.20250320-S150000-E152959.0900.V07B.HDF5,4.379999876022339,11.65999972820282,27.494999408721924,162.09999576210976,2025-03-20 23:30:00+08:00
2025-03-20 15:30:00+00:00,2025-03-20 23:30:00+08:00,GPM_1.55_103.75,103.75,1.5499999523162842,4.210000038146973,2.1050000190734863,3B-HHR.MS.MRG.3IMERG.20250320-S153000-E155959.0930.V07B.HDF5,4.269999980926514,12.294999837875366,26.109999418258667,163.73999577760696,2025-03-21 00:00:00+08:00
2025-03-20 16:00:00+00:00,2025-03-21 00:00:00+08:00,GPM_1.55_103.75,103.75,1.5499999523162842,3.1399998664855957,1.5699999332427979,3B-HHR.MS.MRG.3IMERG.20250320-S160000-E162959.0960.V07B.HDF5,3.674999952316284,12.089999794960022,24.119999408721924,164.86999571323395,2025-03-21 00:30:00+08:00
2025-03-20 16:30:00+00:00,2025-03-21 00:30:00+08:00,GPM_1.55_103.75,103.75,1.5499999523162842,1.3600000143051147,0.6800000071525574,3B-HHR.MS.MRG.3IMERG.20250320-S163000-E165959.0990.V07B.HDF5,2.2499999403953552,10.974999845027924,21.439999520778656,164.28999572992325,2025-03-21 01:00:00+08:00
2025-03-20 17:00:00+00:00,2025-03-21 01:00:00+08:00,GPM_1.55_103.75,103.75,1.5499999523162842,0.0,0.0,3B-HHR.MS.MRG.3IMERG.20250320-S170000-E172959.1020.V07B.HDF5,0.6800000071525574,8.73499983549118,19.45999962091446,161.75499588251114,2025-03-21 01:30:00+08:00
2025-03-20 17:30:00+00:00,2025-03-21 01:30:00+08:00,GPM_1.55_103.75,103.75,1.5499999523162842,0.10999999940395355,0.054999999701976776,3B-HHR.MS.MRG.3IMERG.20250320-S173000-E175959.1050.V07B.HDF5,0.054999999701976776,6.574999921023846,17.59999965876341,158.9849958345294,2025-03-21 02:00:00+08:00
2025-03-20 18:00:00+00:00,2025-03-21 02:00:00+08:00,GPM_1.55_103.75,103.75,1.5499999523162842,0.5299999713897705,0.26499998569488525,3B-HHR.MS.MRG.3IMERG.20250320-S180000-E182959.1080.V07B.HDF5,0.31999998539686203,4.674999944865704,16.334999673068523,156.74999582022429,2025-03-21 02:30:00+08:00
2025-03-20 18:30:00+00:00,2025-03-21 02:30:00+08:00,GPM_1.55_103.75,103.75,1.5499999523162842,0.7999999523162842,0.3999999761581421,3B-HHR.MS.MRG.3IMERG.20250320-S183000-E185959.1110.V07B.HDF5,0.6649999618530273,2.9699999019503593,15.264999739825726,155.0049958154559,2025-03-21 03:00:00+08:00
2025-03-20 19:00:00+00:00,2025-03-21 03:00:00+08:00,GPM_1.55_103.75,103.75,1.5499999523162842,0.9599999785423279,0.47999998927116394,3B-HHR.MS.MRG.3IMERG.20250320-S190000-E192959.1140.V07B.HDF5,0.879999965429306,1.8799999579787254,13.969999752938747,153.23499580472708,2025-03-21 03:30:00+08:00
2025-03-20 19:30:00+00:00,2025-03-21 03:30:00+08:00,GPM_1.55_103.75,103.75,1.5499999523162842,0.9599999785423279,0.47999998927116394,3B-HHR.MS.MRG.3IMERG.20250320-S193000-E195959.1170.V07B.HDF5,0.9599999785423279,1.679999940097332,12.654999785125256,151.22999589890242,2025-03-21 04:00:00+08:00
2025-03-20 20:00:00+00:00,2025-03-21 04:00:00+08:00,GPM_1.55_103.75,103.75,1.5499999523162842,0.3799999952316284,0.1899999976158142,3B-HHR.MS.MRG.3IMERG.20250320-S200000-E202959.1200.V07B.HDF5,0.6699999868869781,1.8699999377131462,10.604999773204327,148.39999591559172,2025-03-21 04:30:00+08:00
2025-03-20 20:30:00+00:00,2025-03-21 04:30:00+08:00,GPM_1.55_103.75,103.75,1.5499999523162842,1.3600000143051147,0.6800000071525574,3B-HHR.MS.MRG.3IMERG.20250320-S203000-E205959.1230.V07B.HDF5,0.8700000047683716,2.494999945163727,9.069999866187572,147.50499599426985,2025-03-21 05:00:00+08:00
2025-03-20 21:00:00+00:00,2025-03-21 05:00:00+08:00,GPM_1.55_103.75,103.75,1.5499999523162842,1.4399999380111694,0.7199999690055847,3B-HHR.MS.MRG.3IMERG.20250320-S210000-E212959.1260.V07B.HDF5,1.399999976158142,2.9499999284744263,7.62499987334013,145.9849959537387,2025-03-21 05:30:00+08:00
2025-03-20 21:30:00+00:00,2025-03-21 05:30:00+08:00,GPM_1.55_103.75,103.75,1.5499999523162842,0.1899999976158142,0.0949999988079071,3B-HHR.MS.MRG.3IMERG.20250320-S213000-E215959.1290.V07B.HDF5,0.8149999678134918,2.6449999511241913,5.614999853074551,142.4049960002303,2025-03-21 06:00:00+08:00
2025-03-20 22:00:00+00:00,2025-03-21 06:00:00+08:00,GPM_1.55_103.75,103.75,1.5499999523162842,0.0,0.0,3B-HHR.MS.MRG.3IMERG.20250320-S220000-E222959.1320.V07B.HDF5,0.0949999988079071,2.1649999618530273,4.044999919831753,139.17999609559774,2025-03-21 06:30:00+08:00
2025-03-20 22:30:00+00:00,2025-03-21 06:30:00+08:00,GPM_1.55_103.75,103.75,1.5499999523162842,0.0,0.0,3B-HHR.MS.MRG.3IMERG.20250320-S223000-E225959.1350.V07B.HDF5,0.0,1.6849999725818634,3.3649999126791954,136.4049962386489,2025-03-21 07:00:00+08:00
2025-03-20 23:00:00+00:00,2025-03-21 07:00:00+08:00,GPM_1.55_103.75,103.75,1.5499999523162842,0.0,0.0,3B-HHR.MS.MRG.3IMERG.20250320-S230000-E232959.1380.V07B.HDF5,0.0,1.4949999749660492,3.3649999126791954,133.49999626725912,2025-03-21 07:30:00+08:00
2025-03-20 23:30:00+00:00,2025-03-21 07:30:00+08:00,GPM_1.55_103.75,103.75,1.5499999523162842,0.14000000059604645,0.07000000029802322,3B-HHR.MS.MRG.3IMERG.20250320-S233000-E235959.1410.V07B.HDF5,0.07000000029802322,0.884999968111515,3.379999913275242,130.57499638199806,2025-03-21 08:00:00+08:00
2025-03-21 00:00:00+00:00,2025-03-21 08:00:00+08:00,GPM_1.55_103.75,103.75,1.5499999523162842,0.17999999225139618,0.08999999612569809,3B-HHR.MS.MRG.3IMERG.20250321-S000000-E002959.0000.V07B.HDF5,0.1599999964237213,0.2549999952316284,3.2049999237060547,117.3949968740344,2025-03-21 08:30:00+08:00
2025-03-21 00:30:00+00:00,2025-03-21 08:30:00+08:00,GPM_1.55_103.75,103.75,1.5499999523162842,0.019999999552965164,0.009999999776482582,3B-HHR.MS.MRG.3IMERG.20250321-S003000-E005959.0030.V07B.HDF5,0.09999999590218067,0.1699999962002039,2.814999947324395,110.65499687381089,2025-03-21 09:00:00+08:00
2025-03-21 01:00:00+00:00,2025-03-21 09:00:00+08:00,GPM_1.55_103.75,103.75,1.5499999523162842,0.0,0.0,3B-HHR.MS.MRG.3IMERG.20250321-S010000-E012959.0060.V07B.HDF5,0.009999999776482582,0.1699999962002039,2.3349999580532312,101.72499752230942,2025-03-21 09:30:00+08:00
2025-03-21 01:30:00+00:00,2025-03-21 09:30:00+08:00,GPM_1.55_103.75,103.75,1.5499999523162842,0.0,0.0,3B-HHR.MS.MRG.3IMERG.20250321-S013000-E015959.0090.V07B.HDF5,0.0,0.1699999962002039,1.8549999687820673,96.88999748416245,2025-03-21 10:00:00+08:00
2025-03-21 02:00:00+00:00,2025-03-21 10:00:00+08:00,GPM_1.55_103.75,103.75,1.5499999523162842,0.0,0.0,3B-HHR.MS.MRG.3IMERG.20250321-S020000-E022959.0120.V07B.HDF5,0.0,0.1699999962002039,1.664999971166253,91.95999765582383,2025-03-21 10:30:00+08:00
2025-03-21 02:30:00+00:00,2025-03-21 10:30:00+08:00,GPM_1.55_103.75,103.75,1.5499999523162842,0.23999999463558197,0.11999999731779099,3B-HHR.MS.MRG.3IMERG.20250321-S023000-E025959.0150.V07B.HDF5,0.11999999731779099,0.21999999321997166,1.1049999613314867,87.20499765314162,2025-03-21 11:00:00+08:00
2025-03-21 03:00:00+00:00,2025-03-21 11:00:00+08:00,GPM_1.55_103.75,103.75,1.5499999523162842,0.1899999976158142,0.0949999988079071,3B-HHR.MS.MRG.3IMERG.20250321-S030000-E032959.0180.V07B.HDF5,0.2149999961256981,0.22499999590218067,0.4799999911338091,82.34499772824347,2025-03-21 11:30:00+08:00
2025-03-21 03:30:00+00:00,2025-03-21 11:30:00+08:00,GPM_1.55_103.75,103.75,1.5499999523162842,0.019999999552965164,0.009999999776482582,3B-HHR.MS.MRG.3IMERG.20250321-S033000-E035959.0210.V07B.HDF5,0.10499999858438969,0.22499999590218067,0.39499999210238457,77.8849979378283,2025-03-21 12:00:00+08:00
2025-03-21 04:00:00+00:00,2025-03-21 12:00:00+08:00,GPM_1.55_103.75,103.75,1.5499999523162842,0.1599999964237213,0.07999999821186066,3B-HHR.MS.MRG.3IMERG.20250321-S040000-E042959.0240.V07B.HDF5,0.08999999798834324,0.30499999411404133,0.4749999903142452,74.77499811723828,2025-03-21 12:30:00+08:00
2025-03-21 04:30:00+00:00,2025-03-21 12:30:00+08:00,GPM_1.55_103.75,103.75,1.5499999523162842,0.20999999344348907,0.10499999672174454,3B-HHR.MS.MRG.3IMERG.20250321-S043000-E045959.0270.V07B.HDF5,0.1849999949336052,0.40999999083578587,0.5799999870359898,72.08499827608466,2025-03-21 13:00:00+08:00
2025-03-21 05:00:00+00:00,2025-03-21 13:00:00+08:00,GPM_1.55_103.75,103.75,1.5499999523162842,0.7099999785423279,0.35499998927116394,3B-HHR.MS.MRG.3IMERG.20250321-S050000-E052959.0300.V07B.HDF5,0.4599999859929085,0.7649999801069498,0.9349999763071537,69.67499839887023,2025-03-21 13:30:00+08:00
2025-03-21 05:30:00+00:00,2025-03-21 13:30:00+08:00,GPM_1.55_103.75,103.75,1.5499999523162842,0.699999988079071,0.3499999940395355,3B-HHR.MS.MRG.3IMERG.20250321-S053000-E055959.0330.V07B.HDF5,0.7049999833106995,0.9949999768286943,1.214999970048666,66.34499856457114,2025-03-21 14:00:00+08:00
2025-03-21 06:00:00+00:00,2025-03-21 14:00:00+08:00,GPM_1.55_103.75,103.75,1.5499999523162842,0.3999999761581421,0.19999998807907104,3B-HHR.MS.MRG.3IMERG.20250321-S060000-E062959.0360.V07B.HDF5,0.5499999821186066,1.0999999660998583,1.324999962002039,62.574998524039984,2025-03-21 14:30:00+08:00
2025-03-21 06:30:00+00:00,2025-03-21 14:30:00+08:00,GPM_1.55_103.75,103.75,1.5499999523162842,0.47999998927116394,0.23999999463558197,3B-HHR.MS.MRG.3IMERG.20250321-S063000-E065959.0390.V07B.HDF5,0.439999982714653,1.3299999609589577,1.5549999568611383,58.63499869033694,2025-03-21 15:00:00+08:00
2025-03-21 07:00:00+00:00,2025-03-21 15:00:00+08:00,GPM_1.55_103.75,103.75,1.5499999523162842,0.4099999964237213,0.20499999821186066,3B-HHR.MS.MRG.3IMERG.20250321-S070000-E072959.0420.V07B.HDF5,0.4449999928474426,1.4549999609589577,1.759999955072999,54.81999870762229,2025-03-21 15:30:00+08:00
2025-03-21 07:30:00+00:00,2025-03-21 15:30:00+08:00,GPM_1.55_103.75,103.75,1.5499999523162842,0.0,0.0,3B-HHR.MS.MRG.3IMERG.20250321-S073000-E075959.0450.V07B.HDF5,0.20499999821186066,1.3499999642372131,1.759999955072999,50.804998841136694,2025-03-21 16:00:00+08:00
2025-03-21 08:00:00+00:00,2025-03-21 16:00:00+08:00,GPM_1.55_103.75,103.75,1.5499999523162842,0.25999999046325684,0.12999999523162842,3B-HHR.MS.MRG.3IMERG.20250321-S080000-E082959.0480.V07B.HDF5,0.12999999523162842,1.1249999701976776,1.8899999503046274,45.77499898895621,2025-03-21 16:30:00+08:00
2025-03-21 08:30:00+00:00,2025-03-21 16:30:00+08:00,GPM_1.55_103.75,103.75,1.5499999523162842,0.3999999761581421,0.19999998807907104,3B-HHR.MS.MRG.3IMERG.20250321-S083000-E085959.0510.V07B.HDF5,0.32999998331069946,0.9749999642372131,1.9699999410659075,41.28999903425574,2025-03-21 17:00:00+08:00
2025-03-21 09:00:00+00:00,2025-03-21 17:00:00+08:00,GPM_1.55_103.75,103.75,1.5499999523162842,0.23999999463558197,0.11999999731779099,3B-HHR.MS.MRG.3IMERG.20250321-S090000-E092959.0540.V07B.HDF5,0.31999998539686203,0.8949999734759331,1.9949999395757914,37.594999212771654,2025-03-21 17:30:00+08:00
2025-03-21 09:30:00+00:00,2025-03-21 17:30:00+08:00,GPM_1.55_103.75,103.75,1.5499999523162842,0.5299999713897705,0.26499998569488525,3B-HHR.MS.MRG.3IMERG.20250321-S093000-E095959.0570.V07B.HDF5,0.38499998301267624,0.9199999645352364,2.249999925494194,34.369999188929796,2025-03-21 18:00:00+08:00
2025-03-21 10:00:00+00:00,2025-03-21 18:00:00+08:00,GPM_1.55_103.75,103.75,1.5499999523162842,0.05999999865889549,0.029999999329447746,3B-HHR.MS.MRG.3IMERG.20250321-S100000-E102959.0600.V07B.HDF5,0.294999985024333,0.7449999656528234,2.199999926611781,30.839999245479703,2025-03-21 18:30:00+08:00
2025-03-21 10:30:00+00:00,2025-03-21 18:30:00+08:00,GPM_1.55_103.75,103.75,1.5499999523162842,0.4399999976158142,0.2199999988079071,3B-HHR.MS.MRG.3IMERG.20250321-S103000-E105959.0630.V07B.HDF5,0.24999999813735485,0.9649999644607306,2.3149999286979437,27.699999349191785,2025-03-21 19:00:00+08:00
2025-03-21 11:00:00+00:00,2025-03-21 19:00:00+08:00,GPM_1.55_103.75,103.75,1.5499999523162842,0.3999999761581421,0.19999998807907104,3B-HHR.MS.MRG.3IMERG.20250321-S110000-E112959.0660.V07B.HDF5,0.41999998688697815,1.0349999573081732,2.159999927505851,25.91999943740666,2025-03-21 19:30:00+08:00
2025-03-21 11:30:00+00:00,2025-03-21 19:30:00+08:00,GPM_1.55_103.75,103.75,1.5499999523162842,0.3999999761581421,0.19999998807907104,3B-HHR.MS.MRG.3IMERG.20250321-S113000-E115959.0690.V07B.HDF5,0.3999999761581421,1.0349999573081732,2.0099999215453863,24.204999463632703,2025-03-21 20:00:00+08:00
2025-03-21 12:00:00+00:00,2025-03-21 20:00:00+08:00,GPM_1.55_103.75,103.75,1.5499999523162842,0.5099999904632568,0.2549999952316284,3B-HHR.MS.MRG.3IMERG.20250321-S120000-E122959.0720.V07B.HDF5,0.45499998331069946,1.1699999552220106,2.0649999286979437,22.92999948747456,2025-03-21 20:30:00+08:00
2025-03-21 12:30:00+00:00,2025-03-21 20:30:00+08:00,GPM_1.55_103.75,103.75,1.5499999523162842,0.7799999713897705,0.38999998569488525,3B-HHR.MS.MRG.3IMERG.20250321-S123000-E125959.0750.V07B.HDF5,0.6449999809265137,1.2949999552220106,2.214999919757247,21.849999563768506,2025-03-21 21:00:00+08:00
2025-03-21 13:00:00+00:00,2025-03-21 21:00:00+08:00,GPM_1.55_103.75,103.75,1.5499999523162842,1.0499999523162842,0.5249999761581421,3B-HHR.MS.MRG.3IMERG.20250321-S130000-E132959.0780.V07B.HDF5,0.9149999618530273,1.789999932050705,2.5349998977035284,20.599999563768506,2025-03-21 21:30:00+08:00
2025-03-21 13:30:00+00:00,2025-03-21 21:30:00+08:00,GPM_1.55_103.75,103.75,1.5499999523162842,0.9799999594688416,0.4899999797344208,3B-HHR.MS.MRG.3IMERG.20250321-S133000-E135959.0810.V07B.HDF5,1.0149999558925629,2.0599999129772186,3.024999877437949,19.29499958641827,2025-03-21 22:00:00+08:00
2025-03-21 14:00:00+00:00,2025-03-21 22:00:00+08:00,GPM_1.55_103.75,103.75,1.5499999523162842,1.0499999523162842,0.5249999761581421,3B-HHR.MS.MRG.3IMERG.20250321-S140000-E142959.0840.V07B.HDF5,1.0149999558925629,2.3849999010562897,3.419999858364463,17.57999955303967,2025-03-21 22:30:00+08:00
2025-03-21 14:30:00+00:00,2025-03-21 22:30:00+08:00,GPM_1.55_103.75,103.75,1.5499999523162842,1.6299999952316284,0.8149999976158142,3B-HHR.MS.MRG.3IMERG.20250321-S143000-E145959.0870.V07B.HDF5,1.3399999737739563,2.999999910593033,4.034999867901206,16.179999636486173,2025-03-21 23:00:00+08:00
2025-03-21 15:00:00+00:00,2025-03-21 23:00:00+08:00,GPM_1.55_103.75,103.75,1.5499999523162842,2.5799999237060547,1.2899999618530273,3B-HHR.MS.MRG.3IMERG.20250321-S150000-E152959.0900.V07B.HDF5,2.1049999594688416,4.034999877214432,5.204999832436442,15.304999636486173,2025-03-21 23:30:00+08:00
2025-03-21 15:30:00+00:00,2025-03-21 23:30:00+08:00,GPM_1.55_103.75,103.75,1.5499999523162842,2.4800000190734863,1.2400000095367432,3B-HHR.MS.MRG.3IMERG.20250321-S153000-E155959.0930.V07B.HDF5,2.5299999713897705,4.88499990105629,6.1799998562783,14.43999962694943,2025-03-22 00:00:00+08:00
2025-03-18 16:00:00+00:00,2025-03-19 00:00:00+08:00,GPM_1.55_103.85,103.8499984741211,1.5499999523162842,0.0,0.0,3B-HHR.MS.MRG.3IMERG.20250318-S160000-E162959.0960.V07B.HDF5,,,,,2025-03-19 00:30:00+08:00
2025-03-18 16:30:00+00:00,2025-03-19 00:30:00+08:00,GPM_1.55_103.85,103.8499984741211,1.5499999523162842,0.9399999976158142,0.4699999988079071,3B-HHR.MS.MRG.3IMERG.20250318-S163000-E165959.0990.V07B.HDF5,0.4699999988079071,,,,2025-03-19 01:00:00+08:00
2025-03-18 17:00:00+00:00,2025-03-19 01:00:00+08:00,GPM_1.55_103.85,103.8499984741211,1.5499999523162842,0.0,0.0,3B-HHR.MS.MRG.3IMERG.20250318-S170000-E172959.1020.V07B.HDF5,0.4699999988079071,,,,2025-03-19 01:30:00+08:00
2025-03-18 17:30:00+00:00,2025-03-19 01:30:00+08:00,GPM_1.55_103.85,103.8499984741211,1.5499999523162842,0.0,0.0,3B-HHR.MS.MRG.3IMERG.20250318-S173000-E175959.1050.V07B.HDF5,0.0,,,,2025-03-19 02:00:00+08:00
2025-03-18 18:00:00+00:00,2025-03-19 02:00:00+08:00,GPM_1.55_103.85,103.8499984741211,1.5499999523162842,0.07999999821186066,0.03999999910593033,3B-HHR.MS.MRG.3IMERG.20250318-S180000-E182959.1080.V07B.HDF5,0.03999999910593033,,,,2025-03-19 02:30:00+08:00
2025-03-18 18:30:00+00:00,2025-03-19 02:30:00+08:00,GPM_1.55_103.85,103.8499984741211,1.5499999523162842,0.17000000178813934,0.08500000089406967,3B-HHR.MS.MRG.3IMERG.20250318-S183000-E185959.1110.V07B.HDF5,0.125,0.5949999988079071,,,2025-03-19 03:00:00+08:00
2025-03-18 19:00:00+00:00,2025-03-19 03:00:00+08:00,GPM_1.55_103.85,103.8499984741211,1.5499999523162842,0.08999999612569809,0.044999998062849045,3B-HHR.MS.MRG.3IMERG.20250318-S190000-E192959.1140.V07B.HDF5,0.12999999895691872,0.6399999968707561,,,2025-03-19 03:30:00+08:00
2025-03-18 19:30:00+00:00,2025-03-19 03:30:00+08:00,GPM_1.55_103.85,103.8499984741211,1.5499999523162842,0.0,0.0,3B-HHR.MS.MRG.3IMERG.20250318-S193000-E195959.1170.V07B.HDF5,0.044999998062849045,0.16999999806284904,,,2025-03-19 04:00:00+08:00
2025-03-18 20:00:00+00:00,2025-03-19 04:00:00+08:00,GPM_1.55_103.85,103.8499984741211,1.5499999523162842,0.20999999344348907,0.10499999672174454,3B-HHR.MS.MRG.3IMERG.20250318-S200000-E202959.1200.V07B.HDF5,0.10499999672174454,0.2749999947845936,,,2025-03-19 04:30:00+08:00
2025-03-18 20:30:00+00:00,2025-03-19 04:30:00+08:00,GPM_1.55_103.85,103.8499984741211,1.5499999523162842,0.2199999988079071,0.10999999940395355,3B-HHR.MS.MRG.3IMERG.20250318-S203000-E205959.1230.V07B.HDF5,0.2149999961256981,0.38499999418854713,,,2025-03-19 05:00:00+08:00
2025-03-18 21:00:00+00:00,2025-03-19 05:00:00+08:00,GPM_1.55_103.85,103.8499984741211,1.5499999523162842,1.0,0.5,3B-HHR.MS.MRG.3IMERG.20250318-S210000-E212959.1260.V07B.HDF5,0.6099999994039536,0.8449999950826168,,,2025-03-19 05:30:00+08:00
2025-03-18 21:30:00+00:00,2025-03-19 05:30:00+08:00,GPM_1.55_103.85,103.8499984741211,1.5499999523162842,0.9899999499320984,0.4949999749660492,3B-HHR.MS.MRG.3IMERG.20250318-S213000-E215959.1290.V07B.HDF5,0.9949999749660492,1.2549999691545963,1.8499999679625034,,2025-03-19 06:00:00+08:00
2025-03-18 22:00:00+00:00,2025-03-19 06:00:00+08:00,GPM_1.55_103.85,103.8499984741211,1.5499999523162842,1.4199999570846558,0.7099999785423279,3B-HHR.MS.MRG.3IMERG.20250318-S220000-E222959.1320.V07B.HDF5,1.204999953508377,1.9199999496340752,2.5599999465048313,,2025-03-19 06:30:00+08:00
2025-03-18 22:30:00+00:00,2025-03-19 06:30:00+08:00,GPM_1.55_103.85,103.8499984741211,1.5499999523162842,1.0799999237060547,0.5399999618530273,3B-HHR.MS.MRG.3IMERG.20250318-S223000-E225959.1350.V07B.HDF5,1.2499999403953552,2.4599999114871025,2.6299999095499516,,2025-03-19 07:00:00+08:00
2025-03-18 23:00:00+00:00,2025-03-19 07:00:00+08:00,GPM_1.55_103.85,103.8499984741211,1.5499999523162842,0.5799999833106995,0.28999999165534973,3B-HHR.MS.MRG.3IMERG.20250318-S230000-E232959.1380.V07B.HDF5,0.8299999535083771,2.6449999064207077,2.9199999012053013,,2025-03-19 07:30:00+08:00
2025-03-18 23:30:00+00:00,2025-03-19 07:30:00+08:00,GPM_1.55_103.85,103.8499984741211,1.5499999523162842,3.6499998569488525,1.8249999284744263,3B-HHR.MS.MRG.3IMERG.20250318-S233000-E235959.1410.V07B.HDF5,2.114999920129776,4.35999983549118,4.7449998296797276,,2025-03-19 08:00:00+08:00
2025-03-19 00:00:00+00:00,2025-03-19 08:00:00+08:00,GPM_1.55_103.85,103.8499984741211,1.5499999523162842,3.9700000286102295,1.9850000143051147,3B-HHR.MS.MRG.3IMERG.20250319-S000000-E002959.0000.V07B.HDF5,3.809999942779541,5.844999849796295,6.689999844878912,,2025-03-19 08:30:00+08:00
2025-03-19 00:30:00+00:00,2025-03-19 08:30:00+08:00,GPM_1.55_103.85,103.8499984741211,1.5499999523162842,4.279999732971191,2.1399998664855957,3B-HHR.MS.MRG.3IMERG.20250319-S003000-E005959.0030.V07B.HDF5,4.1249998807907104,7.489999741315842,8.744999710470438,,2025-03-19 09:00:00+08:00
2025-03-19 01:00:00+00:00,2025-03-19 09:00:00+08:00,GPM_1.55_103.85,103.8499984741211,1.5499999523162842,3.3899998664855957,1.6949999332427979,3B-HHR.MS.MRG.3IMERG.20250319-S010000-E012959.0060.V07B.HDF5,3.8349997997283936,8.474999696016312,10.394999645650387,,2025-03-19 09:30:00+08:00
2025-03-19 01:30:00+00:00,2025-03-19 09:30:00+08:00,GPM_1.55_103.85,103.8499984741211,1.5499999523162842,5.989999771118164,2.994999885559082,3B-HHR.MS.MRG.3IMERG.20250319-S013000-E015959.0090.V07B.HDF5,4.68999981880188,10.929999619722366,13.389999531209469,,2025-03-19 10:00:00+08:00
2025-03-19 02:00:00+00:00,2025-03-19 10:00:00+08:00,GPM_1.55_103.85,103.8499984741211,1.5499999523162842,6.449999809265137,3.2249999046325684,3B-HHR.MS.MRG.3IMERG.20250319-S020000-E022959.0120.V07B.HDF5,6.21999979019165,13.864999532699585,16.509999439120293,,2025-03-19 10:30:00+08:00
2025-03-19 02:30:00+00:00,2025-03-19 10:30:00+08:00,GPM_1.55_103.85,103.8499984741211,1.5499999523162842,6.609999656677246,3.304999828338623,3B-HHR.MS.MRG.3IMERG.20250319-S023000-E025959.0150.V07B.HDF5,6.529999732971191,15.344999432563782,19.704999268054962,,2025-03-19 11:00:00+08:00
2025-03-19 03:00:00+00:00,2025-03-19 11:00:00+08:00,GPM_1.55_103.85,103.8499984741211,1.5499999523162842,7.339999675750732,3.669999837875366,3B-HHR.MS.MRG.3IMERG.20250319-S030000-E032959.0180.V07B.HDF5,6.974999666213989,17.029999256134033,22.87499910593033,,2025-03-19 11:30:00+08:00
2025-03-19 03:30:00+00:00,2025-03-19 11:30:00+08:00,GPM_1.55_103.85,103.8499984741211,1.5499999523162842,13.170000076293945,6.585000038146973,3B-HHR.MS.MRG.3IMERG.20250319-S033000-E035959.0210.V07B.HDF5,10.254999876022339,21.47499942779541,28.964999169111252,,2025-03-19 12:00:00+08:00
2025-03-19 04:00:00+00:00,2025-03-19 12:00:00+08:00,GPM_1.55_103.85,103.8499984741211,1.5499999523162842,4.230000019073486,2.115000009536743,3B-HHR.MS.MRG.3IMERG.20250319-S040000-E042959.0240.V07B.HDF5,8.700000047683716,21.894999504089355,30.369999200105667,,2025-03-19 12:30:00+08:00
2025-03-19 04:30:00+00:00,2025-03-19 12:30:00+08:00,GPM_1.55_103.85,103.8499984741211,1.5499999523162842,4.829999923706055,2.4149999618530273,3B-HHR.MS.MRG.3IMERG.20250319-S043000-E045959.0270.V07B.HDF5,4.5299999713897705,21.3149995803833,32.24499920010567,,2025-03-19 13:00:00+08:00
2025-03-19 05:00:00+00:00,2025-03-19 13:00:00+08:00,GPM_1.55_103.85,103.8499984741211,1.5499999523162842,13.399999618530273,6.699999809265137,3B-HHR.MS.MRG.3IMERG.20250319-S050000-E052959.0300.V07B.HDF5,9.114999771118164,24.78999948501587,38.654999017715454,,2025-03-19 13:30:00+08:00
2025-03-19 05:30:00+00:00,2025-03-19 13:30:00+08:00,GPM_1.55_103.85,103.8499984741211,1.5499999523162842,8.59999942779541,4.299999713897705,3B-HHR.MS.MRG.3IMERG.20250319-S053000-E055959.0330.V07B.HDF5,10.999999523162842,25.78499937057495,41.12999880313873,,2025-03-19 14:00:00+08:00
2025-03-19 06:00:00+00:00,2025-03-19 14:00:00+08:00,GPM_1.55_103.85,103.8499984741211,1.5499999523162842,8.619999885559082,4.309999942779541,3B-HHR.MS.MRG.3IMERG.20250319-S060000-E062959.0360.V07B.HDF5,8.609999656677246,26.424999475479126,43.45499873161316,,2025-03-19 14:30:00+08:00
2025-03-19 06:30:00+00:00,2025-03-19 14:30:00+08:00,GPM_1.55_103.85,103.8499984741211,1.5499999523162842,6.539999961853027,3.2699999809265137,3B-HHR.MS.MRG.3IMERG.20250319-S063000-E065959.0390.V07B.HDF5,7.579999923706055,23.109999418258667,44.58499884605408,,2025-03-19 15:00:00+08:00
2025-03-19 07:00:00+00:00,2025-03-19 15:00:00+08:00,GPM_1.55_103.85,103.8499984741211,1.5499999523162842,7.230000019073486,3.615000009536743,3B-HHR.MS.MRG.3IMERG.20250319-S070000-E072959.0420.V07B.HDF5,6.884999990463257,24.609999418258667,46.50499892234802,,2025-03-19 15:30:00+08:00
2025-03-19 07:30:00+00:00,2025-03-19 15:30:00+08:00,GPM_1.55_103.85,103.8499984741211,1.5499999523162842,5.549999713897705,2.7749998569488525,3B-HHR.MS.MRG.3IMERG.20250319-S073000-E075959.0450.V07B.HDF5,6.389999866485596,24.969999313354492,46.28499889373779,,2025-03-19 16:00:00+08:00
2025-03-19 08:00:00+00:00,2025-03-19 16:00:00+08:00,GPM_1.55_103.85,103.8499984741211,1.5499999523162842,4.599999904632568,2.299999952316284,3B-HHR.MS.MRG.3IMERG.20250319-S080000-E082959.0480.V07B.HDF5,5.074999809265137,20.56999945640564,45.35999894142151,,2025-03-19 16:30:00+08:00
2025-03-19 08:30:00+00:00,2025-03-19 16:30:00+08:00,GPM_1.55_103.85,103.8499984741211,1.5499999523162842,4.920000076293945,2.4600000381469727,3B-HHR.MS.MRG.3IMERG.20250319-S083000-E085959.0510.V07B.HDF5,4.759999990463257,18.729999780654907,44.51499915122986,,2025-03-19 17:00:00+08:00
2025-03-19 09:00:00+00:00,2025-03-19 17:00:00+08:00,GPM_1.55_103.85,103.8499984741211,1.5499999523162842,5.259999752044678,2.629999876022339,3B-HHR.MS.MRG.3IMERG.20250319-S090000-E092959.0540.V07B.HDF5,5.0899999141693115,17.049999713897705,43.47499918937683,,2025-03-19 17:30:00+08:00
2025-03-19 09:30:00+00:00,2025-03-19 17:30:00+08:00,GPM_1.55_103.85,103.8499984741211,1.5499999523162842,4.920000076293945,2.4600000381469727,3B-HHR.MS.MRG.3IMERG.20250319-S093000-E095959.0570.V07B.HDF5,5.0899999141693115,16.239999771118164,39.34999918937683,,2025-03-19 18:00:00+08:00
2025-03-19 10:00:00+00:00,2025-03-19 18:00:00+08:00,GPM_1.55_103.85,103.8499984741211,1.5499999523162842,4.289999961853027,2.1449999809265137,3B-HHR.MS.MRG.3IMERG.20250319-S100000-E102959.0600.V07B.HDF5,4.605000019073486,14.769999742507935,39.3799991607666,,2025-03-19 18:30:00+08:00
2025-03-19 10:30:00+00:00,2025-03-19 18:30:00+08:00,GPM_1.55_103.85,103.8499984741211,1.5499999523162842,4.900000095367432,2.450000047683716,3B-HHR.MS.MRG.3IMERG.20250319-S103000-E105959.0630.V07B.HDF5,4.5950000286102295,14.444999933242798,39.41499924659729,,2025-03-19 19:00:00+08:00
2025-03-19 11:00:00+00:00,2025-03-19 19:00:00+08:00,GPM_1.55_103.85,103.8499984741211,1.5499999523162842,4.889999866485596,2.444999933242798,3B-HHR.MS.MRG.3IMERG.20250319-S110000-E112959.0660.V07B.HDF5,4.894999980926514,14.589999914169312,35.15999937057495,,2025-03-19 19:30:00+08:00
2025-03-19 11:30:00+00:00,2025-03-19 19:30:00+08:00,GPM_1.55_103.85,103.8499984741211,1.5499999523162842,4.670000076293945,2.3350000381469727,3B-HHR.MS.MRG.3IMERG.20250319-S113000-E115959.0690.V07B.HDF5,4.7799999713897705,14.464999914169312,33.19499969482422,,2025-03-19 20:00:00+08:00
2025-03-19 12:00:00+00:00,2025-03-19 20:00:00+08:00,GPM_1.55_103.85,103.8499984741211,1.5499999523162842,4.009999752044678,2.004999876022339,3B-HHR.MS.MRG.3IMERG.20250319-S120000-E122959.0720.V07B.HDF5,4.3399999141693115,13.839999914169312,30.889999628067017,,2025-03-19 20:30:00+08:00
2025-03-19 12:30:00+00:00,2025-03-19 20:30:00+08:00,GPM_1.55_103.85,103.8499984741211,1.5499999523162842,3.5899999141693115,1.7949999570846558,3B-HHR.MS.MRG.3IMERG.20250319-S123000-E125959.0750.V07B.HDF5,3.7999998331069946,13.174999833106995,29.41499960422516,,2025-03-19 21:00:00+08:00
2025-03-19 13:00:00+00:00,2025-03-19 21:00:00+08:00,GPM_1.55_103.85,103.8499984741211,1.5499999523162842,8.529999732971191,4.264999866485596,3B-HHR.MS.MRG.3IMERG.20250319-S130000-E132959.0780.V07B.HDF5,6.0599998235702515,15.294999718666077,30.06499946117401,,2025-03-19 21:30:00+08:00
2025-03-19 13:30:00+00:00,2025-03-19 21:30:00+08:00,GPM_1.55_103.85,103.8499984741211,1.5499999523162842,4.839999675750732,2.419999837875366,3B-HHR.MS.MRG.3IMERG.20250319-S133000-E135959.0810.V07B.HDF5,6.684999704360962,15.264999508857727,29.709999442100525,,2025-03-19 22:00:00+08:00
2025-03-19 14:00:00+00:00,2025-03-19 22:00:00+08:00,GPM_1.55_103.85,103.8499984741211,1.5499999523162842,4.299999713897705,2.1499998569488525,3B-HHR.MS.MRG.3IMERG.20250319-S140000-E142959.0840.V07B.HDF5,4.569999694824219,14.969999432563782,29.559999346733093,,2025-03-19 22:30:00+08:00
2025-03-19 14:30:00+00:00,2025-03-19 22:30:00+08:00,GPM_1.55_103.85,103.8499984741211,1.5499999523162842,2.8399999141693115,1.4199999570846558,3B-HHR.MS.MRG.3IMERG.20250319-S143000-E145959.0870.V07B.HDF5,3.5699998140335083,14.054999351501465,28.519999265670776,,2025-03-19 23:00:00+08:00
2025-03-19 15:00:00+00:00,2025-03-19 23:00:00+08:00,GPM_1.55_103.85,103.8499984741211,1.5499999523162842,2.990000009536743,1.4950000047683716,3B-HHR.MS.MRG.3IMERG.20250319-S150000-E152959.0900.V07B.HDF5,2.9149999618530273,13.544999480247498,27.38499939441681,,2025-03-19 23:30:00+08:00
2025-03-19 15:30:00+00:00,2025-03-19 23:30:00+08:00,GPM_1.55_103.85,103.8499984741211,1.5499999523162842,2.879999876022339,1.4399999380111694,3B-HHR.MS.MRG.3IMERG.20250319-S153000-E155959.0930.V07B.HDF5,2.934999942779541,13.189999461174011,26.364999294281006,96.52999762073159,2025-03-20 00:00:00+08:00
2025-03-19 16:00:00+00:00,2025-03-20 00:00:00+08:00,GPM_1.55_103.85,103.8499984741211,1.5499999523162842,1.309999942779541,0.6549999713897705,3B-HHR.MS.MRG.3IMERG.20250319-S160000-E162959.0960.V07B.HDF5,2.09499990940094,9.579999566078186,24.874999284744263,97.18499759212136,2025-03-20 00:30:00+08:00
2025-03-19 16:30:00+00:00,2025-03-20 00:30:00+08:00,GPM_1.55_103.85,103.8499984741211,1.5499999523162842,3.049999952316284,1.524999976158142,3B-HHR.MS.MRG.3IMERG.20250319-S163000-E165959.0990.V07B.HDF5,2.1799999475479126,8.684999704360962,23.94999921321869,98.2399975694716,2025-03-20 01:00:00+08:00
2025-03-19 17:00:00+00:00,2025-03-20 01:00:00+08:00,GPM_1.55_103.85,103.8499984741211,1.5499999523162842,4.829999923706055,2.4149999618530273,3B-HHR.MS.MRG.3IMERG.20250319-S170000-E172959.1020.V07B.HDF5,3.9399999380111694,8.949999809265137,23.91999924182892,100.65499753132463,2025-03-20 01:30:00+08:00
2025-03-19 17:30:00+00:00,2025-03-20 01:30:00+08:00,GPM_1.55_103.85,103.8499984741211,1.5499999523162842,5.21999979019165,2.609999895095825,3B-HHR.MS.MRG.3IMERG.20250319-S173000-E175959.1050.V07B.HDF5,5.0249998569488525,10.139999747276306,24.19499909877777,103.26499742642045,2025-03-20 02:00:00+08:00
2025-03-19 18:00:00+00:00,2025-03-20 02:00:00+08:00,GPM_1.55_103.85,103.8499984741211,1.5499999523162842,5.75,2.875,3B-HHR.MS.MRG.3IMERG.20250319-S180000-E182959.1080.V07B.HDF5,5.484999895095825,11.519999742507935,25.064999222755432,106.09999742731452,2025-03-20 02:30:00+08:00
2025-03-19 18:30:00+00:00,2025-03-20 02:30:00+08:00,GPM_1.55_103.85,103.8499984741211,1.5499999523162842,6.109999656677246,3.054999828338623,3B-HHR.MS.MRG.3IMERG.20250319-S183000-E185959.1110.V07B.HDF5,5.929999828338623,13.134999632835388,26.3249990940094,109.06999725475907,2025-03-20 03:00:00+08:00
2025-03-19 19:00:00+00:00,2025-03-20 03:00:00+08:00,GPM_1.55_103.85,103.8499984741211,1.5499999523162842,5.609999656677246,2.804999828338623,3B-HHR.MS.MRG.3IMERG.20250319-S190000-E192959.1140.V07B.HDF5,5.859999656677246,15.28499948978424,24.864999055862427,111.82999708503485,2025-03-20 03:30:00+08:00
2025-03-19 19:30:00+00:00,2025-03-20 03:30:00+08:00,GPM_1.55_103.85,103.8499984741211,1.5499999523162842,5.829999923706055,2.9149999618530273,3B-HHR.MS.MRG.3IMERG.20250319-S193000-E195959.1170.V07B.HDF5,5.71999979019165,16.674999475479126,25.359999179840088,114.74499704688787,2025-03-20 04:00:00+08:00
2025-03-19 20:00:00+00:00,2025-03-20 04:00:00+08:00,GPM_1.55_103.85,103.8499984741211,1.5499999523162842,5.150000095367432,2.575000047683716,3B-HHR.MS.MRG.3IMERG.20250319-S200000-E202959.1200.V07B.HDF5,5.490000009536743,16.834999561309814,25.78499937057495,117.21499709784985,2025-03-20 04:30:00+08:00
2025-03-19 20:30:00+00:00,2025-03-20 04:30:00+08:00,GPM_1.55_103.85,103.8499984741211,1.5499999523162842,3.7200000286102295,1.8600000143051147,3B-HHR.MS.MRG.3IMERG.20250319-S203000-E205959.1230.V07B.HDF5,4.435000061988831,16.084999680519104,26.22499942779541,118.964997112751,2025-03-20 05:00:00+08:00
2025-03-19 21:00:00+00:00,2025-03-20 05:00:00+08:00,GPM_1.55_103.85,103.8499984741211,1.5499999523162842,4.210000038146973,2.1050000190734863,3B-HHR.MS.MRG.3IMERG.20250319-S210000-E212959.1260.V07B.HDF5,3.965000033378601,15.31499969959259,26.834999442100525,120.5699971318245,2025-03-20 05:30:00+08:00
2025-03-19 21:30:00+00:00,2025-03-20 05:30:00+08:00,GPM_1.55_103.85,103.8499984741211,1.5499999523162842,7.829999923706055,3.9149999618530273,3B-HHR.MS.MRG.3IMERG.20250319-S213000-E215959.1290.V07B.HDF5,6.019999980926514,16.174999833106995,29.309999465942383,123.98999711871147,2025-03-20 06:00:00+08:00
2025-03-19 22:00:00+00:00,2025-03-20 06:00:00+08:00,GPM_1.55_103.85,103.8499984741211,1.5499999523162842,5.400000095367432,2.700000047683716,3B-HHR.MS.MRG.3IMERG.20250319-S220000-E222959.1320.V07B.HDF5,6.615000009536743,16.070000052452087,31.354999542236328,125.97999718785286,2025-03-20 06:30:00+08:00
2025-03-19 22:30:00+00:00,2025-03-20 06:30:00+08:00,GPM_1.55_103.85,103.8499984741211,1.5499999523162842,5.960000038146973,2.9800000190734863,3B-HHR.MS.MRG.3IMERG.20250319-S223000-E225959.1350.V07B.HDF5,5.680000066757202,16.135000109672546,32.80999958515167,128.41999724507332,2025-03-20 07:00:00+08:00
2025-03-19 23:00:00+00:00,2025-03-20 07:00:00+08:00,GPM_1.55_103.85,103.8499984741211,1.5499999523162842,6.0,3.0,3B-HHR.MS.MRG.3IMERG.20250319-S230000-E232959.1380.V07B.HDF5,5.980000019073486,16.56000006198883,33.394999623298645,131.12999725341797,2025-03-20 07:30:00+08:00
2025-03-19 23:30:00+00:00,2025-03-20 07:30:00+08:00,GPM_1.55_103.85,103.8499984741211,1.5499999523162842,9.510000228881836,4.755000114440918,3B-HHR.MS.MRG.3IMERG.20250319-S233000-E235959.1410.V07B.HDF5,7.755000114440918,19.455000162124634,35.53999984264374,134.05999743938446,2025-03-20 08:00:00+08:00
2025-03-20 00:00:00+00:00,2025-03-20 08:00:00+08:00,GPM_1.55_103.85,103.8499984741211,1.5499999523162842,24.65999984741211,12.329999923706055,3B-HHR.MS.MRG.3IMERG.20250320-S000000-E002959.0000.V07B.HDF5,17.085000038146973,29.680000066757202,44.99499976634979,144.4049973487854,2025-03-20 08:30:00+08:00
2025-03-20 00:30:00+00:00,2025-03-20 08:30:00+08:00,GPM_1.55_103.85,103.8499984741211,1.5499999523162842,14.519999504089355,7.259999752044678,3B-HHR.MS.MRG.3IMERG.20250320-S003000-E005959.0030.V07B.HDF5,19.589999675750732,33.02499985694885,49.19999969005585,149.52499723434448,2025-03-20 09:00:00+08:00
2025-03-20 01:00:00+00:00,2025-03-20 09:00:00+08:00,GPM_1.55_103.85,103.8499984741211,1.5499999523162842,18.649999618530273,9.324999809265137,3B-HHR.MS.MRG.3IMERG.20250320-S010000-E012959.0060.V07B.HDF5,16.584999561309814,39.64999961853027,55.71999967098236,157.15499711036682,2025-03-20 09:30:00+08:00
2025-03-20 01:30:00+00:00,2025-03-20 09:30:00+08:00,GPM_1.55_103.85,103.8499984741211,1.5499999523162842,8.210000038146973,4.105000019073486,3B-HHR.MS.MRG.3IMERG.20250320-S013000-E015959.0090.V07B.HDF5,13.429999828338623,40.77499961853027,56.90999972820282,158.26499724388123,2025-03-20 10:00:00+08:00
2025-03-20 02:00:00+00:00,2025-03-20 10:00:00+08:00,GPM_1.55_103.85,103.8499984741211,1.5499999523162842,7.289999961853027,3.6449999809265137,3B-HHR.MS.MRG.3IMERG.20250320-S020000-E022959.0120.V07B.HDF5,7.75,41.41999959945679,57.97999966144562,158.68499732017517,2025-03-20 10:30:00+08:00
2025-03-20 02:30:00+00:00,2025-03-20 10:30:00+08:00,GPM_1.55_103.85,103.8499984741211,1.5499999523162842,7.039999961853027,3.5199999809265137,3B-HHR.MS.MRG.3IMERG.20250320-S023000-E025959.0150.V07B.HDF5,7.164999961853027,40.18499946594238,59.63999962806702,158.89999747276306,2025-03-20 11:00:00+08:00
2025-03-20 03:00:00+00:00,2025-03-20 11:00:00+08:00,GPM_1.55_103.85,103.8499984741211,1.5499999523162842,6.569999694824219,3.2849998474121094,3B-HHR.MS.MRG.3IMERG.20250320-S030000-E032959.0180.V07B.HDF5,6.804999828338623,31.139999389648438,60.81999945640564,158.5149974822998,2025-03-20 11:30:00+08:00
2025-03-20 03:30:00+00:00,2025-03-20 11:30:00+08:00,GPM_1.55_103.85,103.8499984741211,1.5499999523162842,5.549999713897705,2.7749998569488525,3B-HHR.MS.MRG.3IMERG.20250320-S033000-E035959.0210.V07B.HDF5,6.059999704360962,26.654999494552612,59.679999351501465,154.70499730110168,2025-03-20 12:00:00+08:00
2025-03-20 04:00:00+00:00,2025-03-20 12:00:00+08:00,GPM_1.55_103.85,103.8499984741211,1.5499999523162842,3.9800000190734863,1.9900000095367432,3B-HHR.MS.MRG.3IMERG.20250320-S040000-E042959.0240.V07B.HDF5,4.764999866485596,19.31999969482422,58.96999931335449,154.57999730110168,2025-03-20 12:30:00+08:00
2025-03-20 04:30:00+00:00,2025-03-20 12:30:00+08:00,GPM_1.55_103.85,103.8499984741211,1.5499999523162842,3.559999942779541,1.7799999713897705,3B-HHR.MS.MRG.3IMERG.20250320-S043000-E045959.0270.V07B.HDF5,3.7699999809265137,16.994999647140503,57.769999265670776,153.94499731063843,2025-03-20 13:00:00+08:00
2025-03-20 05:00:00+00:00,2025-03-20 13:00:00+08:00,GPM_1.55_103.85,103.8499984741211,1.5499999523162842,4.019999980926514,2.009999990463257,3B-HHR.MS.MRG.3IMERG.20250320-S050000-E052959.0300.V07B.HDF5,3.7899999618530273,15.359999656677246,56.77999925613403,149.25499749183655,2025-03-20 13:30:00+08:00
2025-03-20 05:30:00+00:00,2025-03-20 13:30:00+08:00,GPM_1.55_103.85,103.8499984741211,1.5499999523162842,6.920000076293945,3.4600000381469727,3B-HHR.MS.MRG.3IMERG.20250320-S053000-E055959.0330.V07B.HDF5,5.4700000286102295,15.299999713897705,55.48499917984009,148.41499781608582,2025-03-20 14:00:00+08:00
2025-03-20 06:00:00+00:00,2025-03-20 14:00:00+08:00,GPM_1.55_103.85,103.8499984741211,1.5499999523162842,7.769999980926514,3.884999990463257,3B-HHR.MS.MRG.3IMERG.20250320-S060000-E062959.0360.V07B.HDF5,7.3450000286102295,15.899999856948853,47.03999924659729,147.98999786376953,2025-03-20 14:30:00+08:00
2025-03-20 06:30:00+00:00,2025-03-20 14:30:00+08:00,GPM_1.55_103.85,103.8499984741211,1.5499999523162842,7.839999675750732,3.919999837875366,3B-HHR.MS.MRG.3IMERG.20250320-S063000-E065959.0390.V07B.HDF5,7.804999828338623,17.044999837875366,43.69999933242798,148.63999772071838,2025-03-20 15:00:00+08:00
2025-03-20 07:00:00+00:00,2025-03-20 15:00:00+08:00,GPM_1.55_103.85,103.8499984741211,1.5499999523162842,8.069999694824219,4.034999847412109,3B-HHR.MS.MRG.3IMERG.20250320-S070000-E072959.0420.V07B.HDF5,7.954999685287476,19.089999675750732,38.40999937057495,149.05999755859375,2025-03-20 15:30:00+08:00
2025-03-20 07:30:00+00:00,2025-03-20 15:30:00+08:00,GPM_1.55_103.85,103.8499984741211,1.5499999523162842,9.420000076293945,4.710000038146973,3B-HHR.MS.MRG.3IMERG.20250320-S073000-E075959.0450.V07B.HDF5,8.744999885559082,22.019999742507935,39.01499938964844,150.99499773979187,2025-03-20 16:00:00+08:00
2025-03-20 08:00:00+00:00,2025-03-20 16:00:00+08:00,GPM_1.55_103.85,103.8499984741211,1.5499999523162842,10.829999923706055,5.414999961853027,3B-HHR.MS.MRG.3IMERG.20250320-S080000-E082959.0480.V07B.HDF5,10.125,25.424999713897705,40.78499937057495,154.1099977493286,2025-03-20 16:30:00+08:00
2025-03-20 08:30:00+00:00,2025-03-20 16:30:00+08:00,GPM_1.55_103.85,103.8499984741211,1.5499999523162842,10.4399995803833,5.21999979019165,3B-HHR.MS.MRG.3IMERG.20250320-S083000-E085959.0510.V07B.HDF5,10.634999752044678,27.184999465942383,42.48499917984009,156.8699975013733,2025-03-20 17:00:00+08:00
2025-03-20 09:00:00+00:00,2025-03-20 17:00:00+08:00,GPM_1.55_103.85,103.8499984741211,1.5499999523162842,9.949999809265137,4.974999904632568,3B-HHR.MS.MRG.3IMERG.20250320-S090000-E092959.0540.V07B.HDF5,10.194999694824219,28.274999380111694,44.17499923706055,159.21499752998352,2025-03-20 17:30:00+08:00
2025-03-20 09:30:00+00:00,2025-03-20 17:30:00+08:00,GPM_1.55_103.85,103.8499984741211,1.5499999523162842,6.139999866485596,3.069999933242798,3B-HHR.MS.MRG.3IMERG.20250320-S093000-E095959.0570.V07B.HDF5,8.044999837875366,27.424999475479126,44.46999931335449,159.82499742507935,2025-03-20 18:00:00+08:00
2025-03-20 10:00:00+00:00,2025-03-20 18:00:00+08:00,GPM_1.55_103.85,103.8499984741211,1.5499999523162842,6.259999752044678,3.129999876022339,3B-HHR.MS.MRG.3IMERG.20250320-S100000-E102959.0600.V07B.HDF5,6.199999809265137,26.519999504089355,45.60999917984009,160.80999732017517,2025-03-20 18:30:00+08:00
2025-03-20 10:30:00+00:00,2025-03-20 18:30:00+08:00,GPM_1.55_103.85,103.8499984741211,1.5499999523162842,4.980000019073486,2.490000009536743,3B-HHR.MS.MRG.3IMERG.20250320-S103000-E105959.0630.V07B.HDF5,5.619999885559082,24.299999475479126,46.31999921798706,160.8499972820282,2025-03-20 19:00:00+08:00
2025-03-20 11:00:00+00:00,2025-03-20 19:00:00+08:00,GPM_1.55_103.85,103.8499984741211,1.5499999523162842,3.879999876022339,1.9399999380111694,3B-HHR.MS.MRG.3IMERG.20250320-S110000-E112959.0660.V07B.HDF5,4.429999947547913,20.824999451637268,46.24999916553497,160.34499728679657,2025-03-20 19:30:00+08:00
2025-03-20 11:30:00+00:00,2025-03-20 19:30:00+08:00,GPM_1.55_103.85,103.8499984741211,1.5499999523162842,3.809999942779541,1.9049999713897705,3B-HHR.MS.MRG.3IMERG.20250320-S113000-E115959.0690.V07B.HDF5,3.84499990940094,17.509999632835388,44.69499909877777,159.91499722003937,2025-03-20 20:00:00+08:00
2025-03-20 12:00:00+00:00,2025-03-20 20:00:00+08:00,GPM_1.55_103.85,103.8499984741211,1.5499999523162842,2.819999933242798,1.409999966621399,3B-HHR.MS.MRG.3IMERG.20250320-S120000-E122959.0720.V07B.HDF5,3.3149999380111694,13.944999694824219,42.21999907493591,159.31999731063843,2025-03-20 20:30:00+08:00
2025-03-20 12:30:00+00:00,2025-03-20 20:30:00+08:00,GPM_1.55_103.85,103.8499984741211,1.5499999523162842,2.5199999809265137,1.2599999904632568,3B-HHR.MS.MRG.3IMERG.20250320-S123000-E125959.0750.V07B.HDF5,2.6699999570846558,12.134999752044678,39.559999227523804,158.78499734401703,2025-03-20 21:00:00+08:00
2025-03-20 13:00:00+00:00,2025-03-20 21:00:00+08:00,GPM_1.55_103.85,103.8499984741211,1.5499999523162842,3.819999933242798,1.909999966621399,3B-HHR.MS.MRG.3IMERG.20250320-S130000-E132959.0780.V07B.HDF5,3.1699999570846558,10.914999842643738,37.43499934673309,156.42999744415283,2025-03-20 21:30:00+08:00
2025-03-20 13:30:00+00:00,2025-03-20 21:30:00+08:00,GPM_1.55_103.85,103.8499984741211,1.5499999523162842,3.669999837875366,1.834999918937683,3B-HHR.MS.MRG.3IMERG.20250320-S133000-E135959.0810.V07B.HDF5,3.744999885559082,10.259999752044678,34.559999227523804,155.84499752521515,2025-03-20 22:00:00+08:00
2025-03-20 14:00:00+00:00,2025-03-20 22:00:00+08:00,GPM_1.55_103.85,103.8499984741211,1.5499999523162842,3.799999952316284,1.899999976158142,3B-HHR.MS.MRG.3IMERG.20250320-S140000-E142959.0840.V07B.HDF5,3.734999895095825,10.21999979019165,31.04499924182892,155.59499764442444,2025-03-20 22:30:00+08:00
2025-03-20 14:30:00+00:00,2025-03-20 22:30:00+08:00,GPM_1.55_103.85,103.8499984741211,1.5499999523162842,3.809999942779541,1.9049999713897705,3B-HHR.MS.MRG.3IMERG.20250320-S143000-E145959.0870.V07B.HDF5,3.8049999475479126,10.21999979019165,27.72999942302704,156.07999765872955,2025-03-20 23:00:00+08:00
2025-03-20 15:00:00+00:00,2025-03-20 23:00:00+08:00,GPM_1.55_103.85,103.8499984741211,1.5499999523162842,2.75,1.375,3B-HHR.MS.MRG.3IMERG.20250320-S150000-E152959.0900.V07B.HDF5,3.2799999713897705,10.184999823570251,24.12999951839447,155.95999765396118,2025-03-20 23:30:00+08:00
2025-03-20 15:30:00+00:00,2025-03-20 23:30:00+08:00,GPM_1.55_103.85,103.8499984741211,1.5499999523162842,2.0299999713897705,1.0149999856948853,3B-HHR.MS.MRG.3IMERG.20250320-S153000-E155959.0930.V07B.HDF5,2.3899999856948853,9.93999981880188,22.074999570846558,155.5349977016449,2025-03-21 00:00:00+08:00
2025-03-20 16:00:00+00:00,2025-03-21 00:00:00+08:00,GPM_1.55_103.85,103.8499984741211,1.5499999523162842,0.8199999928474426,0.4099999964237213,3B-HHR.MS.MRG.3IMERG.20250320-S160000-E162959.0960.V07B.HDF5,1.4249999821186066,8.439999848604202,19.35499969124794,155.28999772667885,2025-03-21 00:30:00+08:00
2025-03-20 16:30:00+00:00,2025-03-21 00:30:00+08:00,GPM_1.55_103.85,103.8499984741211,1.5499999523162842,0.2199999988079071,0.10999999940395355,3B-HHR.MS.MRG.3IMERG.20250320-S163000-E165959.0990.V07B.HDF5,0.5199999958276749,6.714999929070473,16.97499968111515,153.87499774992466,2025-03-21 01:00:00+08:00
2025-03-20 17:00:00+00:00,2025-03-21 01:00:00+08:00,GPM_1.55_103.85,103.8499984741211,1.5499999523162842,0.009999999776482582,0.004999999888241291,3B-HHR.MS.MRG.3IMERG.20250320-S170000-E172959.1020.V07B.HDF5,0.11499999929219484,4.819999952800572,15.039999742992222,151.46499778795987,2025-03-21 01:30:00+08:00
2025-03-20 17:30:00+00:00,2025-03-21 01:30:00+08:00,GPM_1.55_103.85,103.8499984741211,1.5499999523162842,0.11999999731779099,0.05999999865889549,3B-HHR.MS.MRG.3IMERG.20250320-S173000-E175959.1050.V07B.HDF5,0.06499999854713678,2.974999980069697,13.194999770261347,148.91499789152294,2025-03-21 02:00:00+08:00
2025-03-20 18:00:00+00:00,2025-03-21 02:00:00+08:00,GPM_1.55_103.85,103.8499984741211,1.5499999523162842,0.9699999690055847,0.48499998450279236,3B-HHR.MS.MRG.3IMERG.20250320-S180000-E182959.1080.V07B.HDF5,0.5449999831616879,2.0849999645724893,12.26999978814274,146.52499787602574,2025-03-21 02:30:00+08:00
2025-03-20 18:30:00+00:00,2025-03-21 02:30:00+08:00,GPM_1.55_103.85,103.8499984741211,1.5499999523162842,0.8299999833106995,0.41499999165534973,3B-HHR.MS.MRG.3IMERG.20250320-S183000-E185959.1110.V07B.HDF5,0.8999999761581421,1.4849999705329537,11.424999789334834,143.88499803934246,2025-03-21 03:00:00+08:00
2025-03-20 19:00:00+00:00,2025-03-21 03:00:00+08:00,GPM_1.55_103.85,103.8499984741211,1.5499999523162842,1.2799999713897705,0.6399999856948853,3B-HHR.MS.MRG.3IMERG.20250320-S190000-E192959.1140.V07B.HDF5,1.054999977350235,1.7149999598041177,10.15499980840832,141.71999819669873,2025-03-21 03:30:00+08:00
2025-03-20 19:30:00+00:00,2025-03-21 03:30:00+08:00,GPM_1.55_103.85,103.8499984741211,1.5499999523162842,0.7999999523162842,0.3999999761581421,3B-HHR.MS.MRG.3IMERG.20250320-S193000-E195959.1170.V07B.HDF5,1.0399999618530273,2.004999936558306,8.719999865628779,139.20499821100384,2025-03-21 04:00:00+08:00
2025-03-20 20:00:00+00:00,2025-03-21 04:00:00+08:00,GPM_1.55_103.85,103.8499984741211,1.5499999523162842,0.5299999713897705,0.26499998569488525,3B-HHR.MS.MRG.3IMERG.20250320-S200000-E202959.1200.V07B.HDF5,0.6649999618530273,2.26499992236495,7.084999875165522,136.894998149015,2025-03-21 04:30:00+08:00
2025-03-20 20:30:00+00:00,2025-03-21 04:30:00+08:00,GPM_1.55_103.85,103.8499984741211,1.5499999523162842,3.6599998474121094,1.8299999237060547,3B-HHR.MS.MRG.3IMERG.20250320-S203000-E205959.1230.V07B.HDF5,2.09499990940094,4.034999847412109,7.009999827481806,136.86499805841595,2025-03-21 05:00:00+08:00
2025-03-20 21:00:00+00:00,2025-03-21 05:00:00+08:00,GPM_1.55_103.85,103.8499984741211,1.5499999523162842,0.7400000095367432,0.3700000047683716,3B-HHR.MS.MRG.3IMERG.20250320-S210000-E212959.1260.V07B.HDF5,2.1999999284744263,3.9199998676776886,6.004999832250178,135.12999804411083,2025-03-21 05:30:00+08:00
2025-03-20 21:30:00+00:00,2025-03-21 05:30:00+08:00,GPM_1.55_103.85,103.8499984741211,1.5499999523162842,0.0,0.0,3B-HHR.MS.MRG.3IMERG.20250320-S213000-E215959.1290.V07B.HDF5,0.3700000047683716,3.504999876022339,4.989999846555293,131.2149980822578,2025-03-21 06:00:00+08:00
2025-03-20 22:00:00+00:00,2025-03-21 06:00:00+08:00,GPM_1.55_103.85,103.8499984741211,1.5499999523162842,0.14000000059604645,0.07000000029802322,3B-HHR.MS.MRG.3IMERG.20250320-S220000-E222959.1320.V07B.HDF5,0.07000000029802322,2.934999890625477,4.6499998504295945,128.58499803487211,2025-03-21 06:30:00+08:00
2025-03-20 22:30:00+00:00,2025-03-21 06:30:00+08:00,GPM_1.55_103.85,103.8499984741211,1.5499999523162842,0.0,0.0,3B-HHR.MS.MRG.3IMERG.20250320-S223000-E225959.1350.V07B.HDF5,0.07000000029802322,2.5349999144673347,4.539999851025641,125.60499801579863,2025-03-21 07:00:00+08:00
2025-03-20 23:00:00+00:00,2025-03-21 07:00:00+08:00,GPM_1.55_103.85,103.8499984741211,1.5499999523162842,0.0,0.0,3B-HHR.MS.MRG.3IMERG.20250320-S230000-E232959.1380.V07B.HDF5,0.0,2.2699999287724495,4.5349998511374,122.60499801579863,2025-03-21 07:30:00+08:00
2025-03-20 23:30:00+00:00,2025-03-21 07:30:00+08:00,GPM_1.55_103.85,103.8499984741211,1.5499999523162842,0.29999998211860657,0.14999999105930328,3B-HHR.MS.MRG.3IMERG.20250320-S233000-E235959.1410.V07B.HDF5,0.14999999105930328,0.5899999961256981,4.6249998435378075,117.99999789241701,2025-03-21 08:00:00+08:00
2025-03-21 00:00:00+00:00,2025-03-21 08:00:00+08:00,GPM_1.55_103.85,103.8499984741211,1.5499999523162842,0.14999999105930328,0.07499999552965164,3B-HHR.MS.MRG.3IMERG.20250321-S000000-E002959.0000.V07B.HDF5,0.22499998658895493,0.29499998688697815,4.214999854564667,105.74499796424061,2025-03-21 08:30:00+08:00
2025-03-21 00:30:00+00:00,2025-03-21 08:30:00+08:00,GPM_1.55_103.85,103.8499984741211,1.5499999523162842,0.0,0.0,3B-HHR.MS.MRG.3IMERG.20250321-S003000-E005959.0030.V07B.HDF5,0.07499999552965164,0.29499998688697815,3.799999862909317,98.48499821219593,2025-03-21 09:00:00+08:00
2025-03-21 01:00:00+00:00,2025-03-21 09:00:00+08:00,GPM_1.55_103.85,103.8499984741211,1.5499999523162842,0.0,0.0,3B-HHR.MS.MRG.3IMERG.20250321-S010000-E012959.0060.V07B.HDF5,0.0,0.22499998658895493,3.1599998772144318,89.1599984029308,2025-03-21 09:30:00+08:00
2025-03-21 01:30:00+00:00,2025-03-21 09:30:00+08:00,GPM_1.55_103.85,103.8499984741211,1.5499999523162842,0.0,0.0,3B-HHR.MS.MRG.3IMERG.20250321-S013000-E015959.0090.V07B.HDF5,0.0,0.22499998658895493,2.7599999010562897,85.05499838385731,2025-03-21 10:00:00+08:00
2025-03-21 02:00:00+00:00,2025-03-21 10:00:00+08:00,GPM_1.55_103.85,103.8499984741211,1.5499999523162842,0.17000000178813934,0.08500000089406967,3B-HHR.MS.MRG.3IMERG.20250321-S020000-E022959.0120.V07B.HDF5,0.08500000089406967,0.3099999874830246,2.579999916255474,81.49499840382487,2025-03-21 10:30:00+08:00
2025-03-21 02:30:00+00:00,2025-03-21 10:30:00+08:00,GPM_1.55_103.85,103.8499984741211,1.5499999523162842,0.22999998927116394,0.11499999463558197,3B-HHR.MS.MRG.3IMERG.20250321-S023000-E025959.0150.V07B.HDF5,0.19999999552965164,0.2749999910593033,0.8649999871850014,78.08999841753393,2025-03-21 11:00:00+08:00
2025-03-21 03:00:00+00:00,2025-03-21 11:00:00+08:00,GPM_1.55_103.85,103.8499984741211,1.5499999523162842,0.10999999940395355,0.054999999701976776,3B-HHR.MS.MRG.3IMERG.20250321-S030000-E032959.0180.V07B.HDF5,0.16999999433755875,0.2549999952316284,0.5499999821186066,74.8599985698238,2025-03-21 11:30:00+08:00
2025-03-21 03:30:00+00:00,2025-03-21 11:30:00+08:00,GPM_1.55_103.85,103.8499984741211,1.5499999523162842,0.08999999612569809,0.044999998062849045,3B-HHR.MS.MRG.3IMERG.20250321-S033000-E035959.0210.V07B.HDF5,0.09999999776482582,0.29999999329447746,0.5949999801814556,72.1299987109378,2025-03-21 12:00:00+08:00
2025-03-21 04:00:00+00:00,2025-03-21 12:00:00+08:00,GPM_1.55_103.85,103.8499984741211,1.5499999523162842,0.14999999105930328,0.07499999552965164,3B-HHR.MS.MRG.3IMERG.20250321-S040000-E042959.0240.V07B.HDF5,0.11999999359250069,0.3749999888241291,0.599999975413084,70.2149986969307,2025-03-21 12:30:00+08:00
2025-03-21 04:30:00+00:00,2025-03-21 12:30:00+08:00,GPM_1.55_103.85,103.8499984741211,1.5499999523162842,0.3100000023841858,0.1550000011920929,3B-HHR.MS.MRG.3IMERG.20250321-S043000-E045959.0270.V07B.HDF5,0.22999999672174454,0.529999990016222,0.7549999766051769,68.58999872673303,2025-03-21 13:00:00+08:00
2025-03-21 05:00:00+00:00,2025-03-21 13:00:00+08:00,GPM_1.55_103.85,103.8499984741211,1.5499999523162842,1.3199999332427979,0.6599999666213989,3B-HHR.MS.MRG.3IMERG.20250321-S050000-E052959.0300.V07B.HDF5,0.8149999678134918,1.1049999557435513,1.4149999432265759,67.23999870289117,2025-03-21 13:30:00+08:00
2025-03-21 05:30:00+00:00,2025-03-21 13:30:00+08:00,GPM_1.55_103.85,103.8499984741211,1.5499999523162842,0.7999999523162842,0.3999999761581421,3B-HHR.MS.MRG.3IMERG.20250321-S053000-E055959.0330.V07B.HDF5,1.059999942779541,1.3899999372661114,1.6649999283254147,64.17999864090234,2025-03-21 14:00:00+08:00
2025-03-21 06:00:00+00:00,2025-03-21 14:00:00+08:00,GPM_1.55_103.85,103.8499984741211,1.5499999523162842,0.4399999976158142,0.2199999988079071,3B-HHR.MS.MRG.3IMERG.20250321-S060000-E062959.0360.V07B.HDF5,0.6199999749660492,1.5549999363720417,1.8099999316036701,60.51499864924699,2025-03-21 14:30:00+08:00
2025-03-21 06:30:00+00:00,2025-03-21 14:30:00+08:00,GPM_1.55_103.85,103.8499984741211,1.5499999523162842,0.25,0.125,3B-HHR.MS.MRG.3IMERG.20250321-S063000-E065959.0390.V07B.HDF5,0.3449999988079071,1.6349999383091927,1.9349999316036701,56.719998811371624,2025-03-21 15:00:00+08:00
2025-03-21 07:00:00+00:00,2025-03-21 15:00:00+08:00,GPM_1.55_103.85,103.8499984741211,1.5499999523162842,0.0,0.0,3B-HHR.MS.MRG.3IMERG.20250321-S070000-E072959.0420.V07B.HDF5,0.125,1.559999942779541,1.9349999316036701,52.684998963959515,2025-03-21 15:30:00+08:00
2025-03-21 07:30:00+00:00,2025-03-21 15:30:00+08:00,GPM_1.55_103.85,103.8499984741211,1.5499999523162842,0.14999999105930328,0.07499999552965164,3B-HHR.MS.MRG.3IMERG.20250321-S073000-E075959.0450.V07B.HDF5,0.07499999552965164,1.4799999371170998,2.0099999271333218,48.049998921342194,2025-03-21 16:00:00+08:00
2025-03-21 08:00:00+00:00,2025-03-21 16:00:00+08:00,GPM_1.55_103.85,103.8499984741211,1.5499999523162842,0.3199999928474426,0.1599999964237213,3B-HHR.MS.MRG.3IMERG.20250321-S080000-E082959.0480.V07B.HDF5,0.23499999195337296,0.9799999669194221,2.0849999226629734,42.79499895591289,2025-03-21 16:30:00+08:00
2025-03-21 08:30:00+00:00,2025-03-21 16:30:00+08:00,GPM_1.55_103.85,103.8499984741211,1.5499999523162842,0.14999999105930328,0.07499999552965164,3B-HHR.MS.MRG.3IMERG.20250321-S083000-E085959.0510.V07B.HDF5,0.23499999195337296,0.6549999862909317,2.044999923557043,37.64999916125089,2025-03-21 17:00:00+08:00
2025-03-21 09:00:00+00:00,2025-03-21 17:00:00+08:00,GPM_1.55_103.85,103.8499984741211,1.5499999523162842,0.29999998211860657,0.14999999105930328,3B-HHR.MS.MRG.3IMERG.20250321-S090000-E092959.0540.V07B.HDF5,0.22499998658895493,0.5849999785423279,2.1399999149143696,32.824999247677624,2025-03-21 17:30:00+08:00
2025-03-21 09:30:00+00:00,2025-03-21 17:30:00+08:00,GPM_1.55_103.85,103.8499984741211,1.5499999523162842,0.1599999964237213,0.07999999821186066,3B-HHR.MS.MRG.3IMERG.20250321-S093000-E095959.0570.V07B.HDF5,0.22999998927116394,0.5399999767541885,2.174999915063381,29.834999312646687,2025-03-21 18:00:00+08:00
2025-03-21 10:00:00+00:00,2025-03-21 18:00:00+08:00,GPM_1.55_103.85,103.8499984741211,1.5499999523162842,0.07000000029802322,0.03500000014901161,3B-HHR.MS.MRG.3IMERG.20250321-S100000-E102959.0600.V07B.HDF5,0.11499999836087227,0.5749999769032001,2.134999919682741,26.73999943677336,2025-03-21 18:30:00+08:00
2025-03-21 10:30:00+00:00,2025-03-21 18:30:00+08:00,GPM_1.55_103.85,103.8499984741211,1.5499999523162842,0.2199999988079071,0.10999999940395355,3B-HHR.MS.MRG.3IMERG.20250321-S103000-E105959.0630.V07B.HDF5,0.14499999955296516,0.6099999807775021,2.089999917894602,24.35999942664057,2025-03-21 19:00:00+08:00
2025-03-21 11:00:00+00:00,2025-03-21 19:00:00+08:00,GPM_1.55_103.85,103.8499984741211,1.5499999523162842,0.14999999105930328,0.07499999552965164,3B-HHR.MS.MRG.3IMERG.20250321-S110000-E112959.0660.V07B.HDF5,0.1849999949336052,0.5249999798834324,1.5049999468028545,22.494999484159052,2025-03-21 19:30:00+08:00
2025-03-21 11:30:00+00:00,2025-03-21 19:30:00+08:00,GPM_1.55_103.85,103.8499984741211,1.5499999523162842,0.7299999594688416,0.3649999797344208,3B-HHR.MS.MRG.3IMERG.20250321-S113000-E115959.0690.V07B.HDF5,0.4399999752640724,0.8149999640882015,1.4699999503791332,20.954999492503703,2025-03-21 20:00:00+08:00
2025-03-21 12:00:00+00:00,2025-03-21 20:00:00+08:00,GPM_1.55_103.85,103.8499984741211,1.5499999523162842,1.8199999332427979,0.9099999666213989,3B-HHR.MS.MRG.3IMERG.20250321-S120000-E122959.0720.V07B.HDF5,1.2749999463558197,1.5749999396502972,2.159999918192625,20.454999492503703,2025-03-21 20:30:00+08:00
2025-03-21 12:30:00+00:00,2025-03-21 20:30:00+08:00,GPM_1.55_103.85,103.8499984741211,1.5499999523162842,0.7400000095367432,0.3700000047683716,3B-HHR.MS.MRG.3IMERG.20250321-S123000-E125959.0750.V07B.HDF5,1.2799999713897705,1.864999946206808,2.4049999229609966,19.564999506808817,2025-03-21 21:00:00+08:00
2025-03-21 13:00:00+00:00,2025-03-21 21:00:00+08:00,GPM_1.55_103.85,103.8499984741211,1.5499999523162842,0.4399999976158142,0.2199999988079071,3B-HHR.MS.MRG.3IMERG.20250321-S130000-E132959.0780.V07B.HDF5,0.5900000035762787,2.0499999448657036,2.6249999217689037,17.874999538995326,2025-03-21 21:30:00+08:00
2025-03-21 13:30:00+00:00,2025-03-21 21:30:00+08:00,GPM_1.55_103.85,103.8499984741211,1.5499999523162842,1.100000023841858,0.550000011920929,3B-HHR.MS.MRG.3IMERG.20250321-S133000-E135959.0810.V07B.HDF5,0.7700000107288361,2.489999957382679,3.099999938160181,16.58999963197857,2025-03-21 22:00:00+08:00
2025-03-21 14:00:00+00:00,2025-03-21 22:00:00+08:00,GPM_1.55_103.85,103.8499984741211,1.5499999523162842,1.399999976158142,0.699999988079071,3B-HHR.MS.MRG.3IMERG.20250321-S140000-E142959.0840.V07B.HDF5,1.25,3.1149999499320984,3.6399999298155308,15.3899996438995,2025-03-21 22:30:00+08:00
2025-03-21 14:30:00+00:00,2025-03-21 22:30:00+08:00,GPM_1.55_103.85,103.8499984741211,1.5499999523162842,1.6899999380111694,0.8449999690055847,3B-HHR.MS.MRG.3IMERG.20250321-S143000-E145959.0870.V07B.HDF5,1.5449999570846558,3.5949999392032623,4.409999903291464,14.329999641515315,2025-03-21 23:00:00+08:00
2025-03-21 15:00:00+00:00,2025-03-21 23:00:00+08:00,GPM_1.55_103.85,103.8499984741211,1.5499999523162842,2.5999999046325684,1.2999999523162842,3B-HHR.MS.MRG.3IMERG.20250321-S150000-E152959.0900.V07B.HDF5,2.144999921321869,3.9849999248981476,5.559999864548445,14.254999593831599,2025-03-21 23:30:00+08:00
2025-03-21 15:30:00+00:00,2025-03-21 23:30:00+08:00,GPM_1.55_103.85,103.8499984741211,1.5499999523162842,2.5399999618530273,1.2699999809265137,3B-HHR.MS.MRG.3IMERG.20250321-S153000-E155959.0930.V07B.HDF5,2.569999933242798,4.88499990105629,6.749999847263098,14.509999589063227,2025-03-22 00:00:00+08:00
2025-03-18 16:00:00+00:00,2025-03-19 00:00:00+08:00,GPM_1.55_103.95,103.94999694824219,1.5499999523162842,0.04999999701976776,0.02499999850988388,3B-HHR.MS.MRG.3IMERG.20250318-S160000-E162959.0960.V07B.HDF5,,,,,2025-03-19 00:30:00+08:00
2025-03-18 16:30:00+00:00,2025-03-19 00:30:00+08:00,GPM_1.55_103.95,103.94999694824219,1.5499999523162842,0.7400000095367432,0.3700000047683716,3B-HHR.MS.MRG.3IMERG.20250318-S163000-E165959.0990.V07B.HDF5,0.39500000327825546,,,,2025-03-19 01:00:00+08:00
2025-03-18 17:00:00+00:00,2025-03-19 01:00:00+08:00,GPM_1.55_103.95,103.94999694824219,1.5499999523162842,0.0,0.0,3B-HHR.MS.MRG.3IMERG.20250318-S170000-E172959.1020.V07B.HDF5,0.3700000047683716,,,,2025-03-19 01:30:00+08:00
2025-03-18 17:30:00+00:00,2025-03-19 01:30:00+08:00,GPM_1.55_103.95,103.94999694824219,1.5499999523162842,0.17999999225139618,0.08999999612569809,3B-HHR.MS.MRG.3IMERG.20250318-S173000-E175959.1050.V07B.HDF5,0.08999999612569809,,,,2025-03-19 02:00:00+08:00
2025-03-18 18:00:00+00:00,2025-03-19 02:00:00+08:00,GPM_1.55_103.95,103.94999694824219,1.5499999523162842,0.07999999821186066,0.03999999910593033,3B-HHR.MS.MRG.3IMERG.20250318-S180000-E182959.1080.V07B.HDF5,0.12999999523162842,,,,2025-03-19 02:30:00+08:00
2025-03-18 18:30:00+00:00,2025-03-19 02:30:00+08:00,GPM_1.55_103.95,103.94999694824219,1.5499999523162842,0.19999998807907104,0.09999999403953552,3B-HHR.MS.MRG.3IMERG.20250318-S183000-E185959.1110.V07B.HDF5,0.13999999314546585,0.6249999925494194,,,2025-03-19 03:00:00+08:00
2025-03-18 19:00:00+00:00,2025-03-19 03:00:00+08:00,GPM_1.55_103.95,103.94999694824219,1.5499999523162842,0.0,0.0,3B-HHR.MS.MRG.3IMERG.20250318-S190000-E192959.1140.V07B.HDF5,0.09999999403953552,0.5999999940395355,,,2025-03-19 03:30:00+08:00
2025-03-18 19:30:00+00:00,2025-03-19 03:30:00+08:00,GPM_1.55_103.95,103.94999694824219,1.5499999523162842,0.5099999904632568,0.2549999952316284,3B-HHR.MS.MRG.3IMERG.20250318-S193000-E195959.1170.V07B.HDF5,0.2549999952316284,0.48499998450279236,,,2025-03-19 04:00:00+08:00
2025-03-18 20:00:00+00:00,2025-03-19 04:00:00+08:00,GPM_1.55_103.95,103.94999694824219,1.5499999523162842,0.3100000023841858,0.1550000011920929,3B-HHR.MS.MRG.3IMERG.20250318-S200000-E202959.1200.V07B.HDF5,0.4099999964237213,0.6399999856948853,,,2025-03-19 04:30:00+08:00
2025-03-18 20:30:00+00:00,2025-03-19 04:30:00+08:00,GPM_1.55_103.95,103.94999694824219,1.5499999523162842,1.3899999856948853,0.6949999928474426,3B-HHR.MS.MRG.3IMERG.20250318-S203000-E205959.1230.V07B.HDF5,0.8499999940395355,1.2449999824166298,,,2025-03-19 05:00:00+08:00
2025-03-18 21:00:00+00:00,2025-03-19 05:00:00+08:00,GPM_1.55_103.95,103.94999694824219,1.5499999523162842,0.3499999940395355,0.17499999701976776,3B-HHR.MS.MRG.3IMERG.20250318-S210000-E212959.1260.V07B.HDF5,0.8699999898672104,1.3799999803304672,,,2025-03-19 05:30:00+08:00
2025-03-18 21:30:00+00:00,2025-03-19 05:30:00+08:00,GPM_1.55_103.95,103.94999694824219,1.5499999523162842,1.4499999284744263,0.7249999642372131,3B-HHR.MS.MRG.3IMERG.20250318-S213000-E215959.1290.V07B.HDF5,0.8999999612569809,2.004999950528145,2.6299999430775642,,2025-03-19 06:00:00+08:00
2025-03-18 22:00:00+00:00,2025-03-19 06:00:00+08:00,GPM_1.55_103.95,103.94999694824219,1.5499999523162842,1.399999976158142,0.699999988079071,3B-HHR.MS.MRG.3IMERG.20250318-S220000-E222959.1320.V07B.HDF5,1.4249999523162842,2.704999938607216,3.3049999326467514,,2025-03-19 06:30:00+08:00
2025-03-18 22:30:00+00:00,2025-03-19 06:30:00+08:00,GPM_1.55_103.95,103.94999694824219,1.5499999523162842,0.4099999964237213,0.20499999821186066,3B-HHR.MS.MRG.3IMERG.20250318-S223000-E225959.1350.V07B.HDF5,0.9049999862909317,2.654999941587448,3.1399999260902405,,2025-03-19 07:00:00+08:00
2025-03-18 23:00:00+00:00,2025-03-19 07:00:00+08:00,GPM_1.55_103.95,103.94999694824219,1.5499999523162842,3.0399999618530273,1.5199999809265137,3B-HHR.MS.MRG.3IMERG.20250318-S230000-E232959.1380.V07B.HDF5,1.7249999791383743,4.019999921321869,4.659999907016754,,2025-03-19 07:30:00+08:00
2025-03-18 23:30:00+00:00,2025-03-19 07:30:00+08:00,GPM_1.55_103.95,103.94999694824219,1.5499999523162842,3.809999942779541,1.9049999713897705,3B-HHR.MS.MRG.3IMERG.20250318-S233000-E235959.1410.V07B.HDF5,3.424999952316284,5.229999899864197,6.474999882280827,,2025-03-19 08:00:00+08:00
2025-03-19 00:00:00+00:00,2025-03-19 08:00:00+08:00,GPM_1.55_103.95,103.94999694824219,1.5499999523162842,4.480000019073486,2.240000009536743,3B-HHR.MS.MRG.3IMERG.20250319-S000000-E002959.0000.V07B.HDF5,4.144999980926514,7.294999912381172,8.67499989271164,,2025-03-19 08:30:00+08:00
2025-03-19 00:30:00+00:00,2025-03-19 08:30:00+08:00,GPM_1.55_103.95,103.94999694824219,1.5499999523162842,5.889999866485596,2.944999933242798,3B-HHR.MS.MRG.3IMERG.20250319-S003000-E005959.0030.V07B.HDF5,5.184999942779541,9.514999881386757,11.519999831914902,,2025-03-19 09:00:00+08:00
2025-03-19 01:00:00+00:00,2025-03-19 09:00:00+08:00,GPM_1.55_103.95,103.94999694824219,1.5499999523162842,5.449999809265137,2.7249999046325684,3B-HHR.MS.MRG.3IMERG.20250319-S010000-E012959.0060.V07B.HDF5,5.669999837875366,11.539999797940254,14.24499973654747,,2025-03-19 09:30:00+08:00
2025-03-19 01:30:00+00:00,2025-03-19 09:30:00+08:00,GPM_1.55_103.95,103.94999694824219,1.5499999523162842,5.909999847412109,2.9549999237060547,3B-HHR.MS.MRG.3IMERG.20250319-S013000-E015959.0090.V07B.HDF5,5.679999828338623,14.289999723434448,16.944999665021896,,2025-03-19 10:00:00+08:00
2025-03-19 02:00:00+00:00,2025-03-19 10:00:00+08:00,GPM_1.55_103.95,103.94999694824219,1.5499999523162842,6.960000038146973,3.4800000190734863,3B-HHR.MS.MRG.3IMERG.20250319-S020000-E022959.0120.V07B.HDF5,6.434999942779541,16.24999976158142,20.26999968290329,,2025-03-19 10:30:00+08:00
2025-03-19 02:30:00+00:00,2025-03-19 10:30:00+08:00,GPM_1.55_103.95,103.94999694824219,1.5499999523162842,7.779999732971191,3.8899998664855957,3B-HHR.MS.MRG.3IMERG.20250319-S023000-E025959.0150.V07B.HDF5,7.369999885559082,18.234999656677246,23.464999556541443,,2025-03-19 11:00:00+08:00
2025-03-19 03:00:00+00:00,2025-03-19 11:00:00+08:00,GPM_1.55_103.95,103.94999694824219,1.5499999523162842,14.359999656677246,7.179999828338623,3B-HHR.MS.MRG.3IMERG.20250319-S030000-E032959.0180.V07B.HDF5,11.069999694824219,23.174999475479126,30.469999387860298,,2025-03-19 11:30:00+08:00
2025-03-19 03:30:00+00:00,2025-03-19 11:30:00+08:00,GPM_1.55_103.95,103.94999694824219,1.5499999523162842,13.59000015258789,6.795000076293945,3B-HHR.MS.MRG.3IMERG.20250319-S033000-E035959.0210.V07B.HDF5,13.974999904632568,27.024999618530273,36.53999949991703,,2025-03-19 12:00:00+08:00
2025-03-19 04:00:00+00:00,2025-03-19 12:00:00+08:00,GPM_1.55_103.95,103.94999694824219,1.5499999523162842,4.380000114440918,2.190000057220459,3B-HHR.MS.MRG.3IMERG.20250319-S040000-E042959.0240.V07B.HDF5,8.985000133514404,26.489999771118164,38.02999956905842,,2025-03-19 12:30:00+08:00
2025-03-19 04:30:00+00:00,2025-03-19 12:30:00+08:00,GPM_1.55_103.95,103.94999694824219,1.5499999523162842,6.809999942779541,3.4049999713897705,3B-HHR.MS.MRG.3IMERG.20250319-S043000-E045959.0270.V07B.HDF5,5.5950000286102295,26.93999981880188,41.22999954223633,,2025-03-19 13:00:00+08:00
2025-03-19 05:00:00+00:00,2025-03-19 13:00:00+08:00,GPM_1.55_103.95,103.94999694824219,1.5499999523162842,15.630000114440918,7.815000057220459,3B-HHR.MS.MRG.3IMERG.20250319-S050000-E052959.0300.V07B.HDF5,11.22000002861023,31.274999856948853,47.52499961853027,,2025-03-19 13:30:00+08:00
2025-03-19 05:30:00+00:00,2025-03-19 13:30:00+08:00,GPM_1.55_103.95,103.94999694824219,1.5499999523162842,8.569999694824219,4.284999847412109,3B-HHR.MS.MRG.3IMERG.20250319-S053000-E055959.0330.V07B.HDF5,12.099999904632568,31.669999837875366,49.90499949455261,,2025-03-19 14:00:00+08:00
2025-03-19 06:00:00+00:00,2025-03-19 14:00:00+08:00,GPM_1.55_103.95,103.94999694824219,1.5499999523162842,7.619999885559082,3.809999942779541,3B-HHR.MS.MRG.3IMERG.20250319-S060000-E062959.0360.V07B.HDF5,8.09499979019165,28.299999952316284,51.47499942779541,,2025-03-19 14:30:00+08:00
2025-03-19 06:30:00+00:00,2025-03-19 14:30:00+08:00,GPM_1.55_103.95,103.94999694824219,1.5499999523162842,5.679999828338623,2.8399999141693115,3B-HHR.MS.MRG.3IMERG.20250319-S063000-E065959.0390.V07B.HDF5,6.6499998569488525,24.34499979019165,51.369999408721924,,2025-03-19 15:00:00+08:00
2025-03-19 07:00:00+00:00,2025-03-19 15:00:00+08:00,GPM_1.55_103.95,103.94999694824219,1.5499999523162842,7.199999809265137,3.5999999046325684,3B-HHR.MS.MRG.3IMERG.20250319-S070000-E072959.0420.V07B.HDF5,6.43999981880188,25.75499963760376,52.244999408721924,,2025-03-19 15:30:00+08:00
2025-03-19 07:30:00+00:00,2025-03-19 15:30:00+08:00,GPM_1.55_103.95,103.94999694824219,1.5499999523162842,3.2200000286102295,1.6100000143051147,3B-HHR.MS.MRG.3IMERG.20250319-S073000-E075959.0450.V07B.HDF5,5.209999918937683,23.959999680519104,50.899999499320984,,2025-03-19 16:00:00+08:00
2025-03-19 08:00:00+00:00,2025-03-19 16:00:00+08:00,GPM_1.55_103.95,103.94999694824219,1.5499999523162842,4.210000038146973,2.1050000190734863,3B-HHR.MS.MRG.3IMERG.20250319-S080000-E082959.0480.V07B.HDF5,3.715000033378601,18.24999964237213,49.524999499320984,,2025-03-19 16:30:00+08:00
2025-03-19 08:30:00+00:00,2025-03-19 16:30:00+08:00,GPM_1.55_103.95,103.94999694824219,1.5499999523162842,4.099999904632568,2.049999952316284,3B-HHR.MS.MRG.3IMERG.20250319-S083000-E085959.0510.V07B.HDF5,4.1549999713897705,16.014999747276306,47.68499958515167,,2025-03-19 17:00:00+08:00
2025-03-19 09:00:00+00:00,2025-03-19 17:00:00+08:00,GPM_1.55_103.95,103.94999694824219,1.5499999523162842,4.690000057220459,2.3450000286102295,3B-HHR.MS.MRG.3IMERG.20250319-S090000-E092959.0540.V07B.HDF5,4.394999980926514,14.549999833106995,42.84999978542328,,2025-03-19 17:30:00+08:00
2025-03-19 09:30:00+00:00,2025-03-19 17:30:00+08:00,GPM_1.55_103.95,103.94999694824219,1.5499999523162842,4.690000057220459,2.3450000286102295,3B-HHR.MS.MRG.3IMERG.20250319-S093000-E095959.0570.V07B.HDF5,4.690000057220459,14.054999947547913,38.39999973773956,,2025-03-19 18:00:00+08:00
2025-03-19 10:00:00+00:00,2025-03-19 18:00:00+08:00,GPM_1.55_103.95,103.94999694824219,1.5499999523162842,4.110000133514404,2.055000066757202,3B-HHR.MS.MRG.3IMERG.20250319-S100000-E102959.0600.V07B.HDF5,4.400000095367432,12.510000109672546,38.264999747276306,,2025-03-19 18:30:00+08:00
2025-03-19 10:30:00+00:00,2025-03-19 18:30:00+08:00,GPM_1.55_103.95,103.94999694824219,1.5499999523162842,5.130000114440918,2.565000057220459,3B-HHR.MS.MRG.3IMERG.20250319-S103000-E105959.0630.V07B.HDF5,4.620000123977661,13.46500015258789,37.424999833106995,,2025-03-19 19:00:00+08:00
2025-03-19 11:00:00+00:00,2025-03-19 19:00:00+08:00,GPM_1.55_103.95,103.94999694824219,1.5499999523162842,5.099999904632568,2.549999952316284,3B-HHR.MS.MRG.3IMERG.20250319-S110000-E112959.0660.V07B.HDF5,5.115000009536743,13.910000085830688,32.15999972820282,,2025-03-19 19:30:00+08:00
2025-03-19 11:30:00+00:00,2025-03-19 19:30:00+08:00,GPM_1.55_103.95,103.94999694824219,1.5499999523162842,5.069999694824219,2.5349998474121094,3B-HHR.MS.MRG.3IMERG.20250319-S113000-E115959.0690.V07B.HDF5,5.0849997997283936,14.394999980926514,30.40999972820282,,2025-03-19 20:00:00+08:00
2025-03-19 12:00:00+00:00,2025-03-19 20:00:00+08:00,GPM_1.55_103.95,103.94999694824219,1.5499999523162842,4.599999904632568,2.299999952316284,3B-HHR.MS.MRG.3IMERG.20250319-S120000-E122959.0720.V07B.HDF5,4.8349997997283936,14.349999904632568,28.899999737739563,,2025-03-19 20:30:00+08:00
2025-03-19 12:30:00+00:00,2025-03-19 20:30:00+08:00,GPM_1.55_103.95,103.94999694824219,1.5499999523162842,5.389999866485596,2.694999933242798,3B-HHR.MS.MRG.3IMERG.20250319-S123000-E125959.0750.V07B.HDF5,4.994999885559082,14.699999809265137,28.75499975681305,,2025-03-19 21:00:00+08:00
2025-03-19 13:00:00+00:00,2025-03-19 21:00:00+08:00,GPM_1.55_103.95,103.94999694824219,1.5499999523162842,8.15999984741211,4.079999923706055,3B-HHR.MS.MRG.3IMERG.20250319-S130000-E132959.0780.V07B.HDF5,6.7749998569488525,16.72499966621399,29.234999775886536,,2025-03-19 21:30:00+08:00
2025-03-19 13:30:00+00:00,2025-03-19 21:30:00+08:00,GPM_1.55_103.95,103.94999694824219,1.5499999523162842,5.199999809265137,2.5999999046325684,3B-HHR.MS.MRG.3IMERG.20250319-S133000-E135959.0810.V07B.HDF5,6.679999828338623,16.7599995136261,30.22499966621399,,2025-03-19 22:00:00+08:00
2025-03-19 14:00:00+00:00,2025-03-19 22:00:00+08:00,GPM_1.55_103.95,103.94999694824219,1.5499999523162842,3.4600000381469727,1.7300000190734863,3B-HHR.MS.MRG.3IMERG.20250319-S140000-E142959.0840.V07B.HDF5,4.329999923706055,15.9399995803833,29.84999966621399,,2025-03-19 22:30:00+08:00
2025-03-19 14:30:00+00:00,2025-03-19 22:30:00+08:00,GPM_1.55_103.95,103.94999694824219,1.5499999523162842,3.4499998092651367,1.7249999046325684,3B-HHR.MS.MRG.3IMERG.20250319-S143000-E145959.0870.V07B.HDF5,3.4549999237060547,15.12999963760376,29.524999618530273,,2025-03-19 23:00:00+08:00
2025-03-19 15:00:00+00:00,2025-03-19 23:00:00+08:00,GPM_1.55_103.95,103.94999694824219,1.5499999523162842,3.619999885559082,1.809999942779541,3B-HHR.MS.MRG.3IMERG.20250319-S150000-E152959.0900.V07B.HDF5,3.5349998474121094,14.639999628067017,28.989999532699585,,2025-03-19 23:30:00+08:00
2025-03-19 15:30:00+00:00,2025-03-19 23:30:00+08:00,GPM_1.55_103.95,103.94999694824219,1.5499999523162842,3.859999895095825,1.9299999475479126,3B-HHR.MS.MRG.3IMERG.20250319-S153000-E155959.0930.V07B.HDF5,3.7399998903274536,13.874999642372131,28.574999451637268,106.14499863237143,2025-03-20 00:00:00+08:00
2025-03-19 16:00:00+00:00,2025-03-20 00:00:00+08:00,GPM_1.55_103.95,103.94999694824219,1.5499999523162842,2.1499998569488525,1.0749999284744263,3B-HHR.MS.MRG.3IMERG.20250319-S160000-E162959.0960.V07B.HDF5,3.004999876022339,10.869999647140503,27.594999313354492,107.19499856233597,2025-03-20 00:30:00+08:00
2025-03-19 16:30:00+00:00,2025-03-20 00:30:00+08:00,GPM_1.55_103.95,103.94999694824219,1.5499999523162842,3.8499999046325684,1.9249999523162842,3B-HHR.MS.MRG.3IMERG.20250319-S163000-E165959.0990.V07B.HDF5,2.9999998807907104,10.194999694824219,26.954999208450317,108.74999850988388,2025-03-20 01:00:00+08:00
2025-03-19 17:00:00+00:00,2025-03-20 01:00:00+08:00,GPM_1.55_103.95,103.94999694824219,1.5499999523162842,5.319999694824219,2.6599998474121094,3B-HHR.MS.MRG.3IMERG.20250319-S170000-E172959.1020.V07B.HDF5,4.5849997997283936,11.124999523162842,27.064999103546143,111.40999835729599,2025-03-20 01:30:00+08:00
2025-03-19 17:30:00+00:00,2025-03-20 01:30:00+08:00,GPM_1.55_103.95,103.94999694824219,1.5499999523162842,5.759999752044678,2.879999876022339,3B-HHR.MS.MRG.3IMERG.20250319-S173000-E175959.1050.V07B.HDF5,5.539999723434448,12.279999494552612,27.409999132156372,114.19999823719263,2025-03-20 02:00:00+08:00
2025-03-19 18:00:00+00:00,2025-03-20 02:00:00+08:00,GPM_1.55_103.95,103.94999694824219,1.5499999523162842,5.96999979019165,2.984999895095825,3B-HHR.MS.MRG.3IMERG.20250319-S180000-E182959.1080.V07B.HDF5,5.864999771118164,13.454999446868896,28.094999074935913,117.14499813318253,2025-03-20 02:30:00+08:00
2025-03-19 18:30:00+00:00,2025-03-20 02:30:00+08:00,GPM_1.55_103.95,103.94999694824219,1.5499999523162842,5.960000038146973,2.9800000190734863,3B-HHR.MS.MRG.3IMERG.20250319-S183000-E185959.1110.V07B.HDF5,5.9649999141693115,14.50499951839447,28.3799991607666,120.02499815821648,2025-03-20 03:00:00+08:00
2025-03-19 19:00:00+00:00,2025-03-20 03:00:00+08:00,GPM_1.55_103.95,103.94999694824219,1.5499999523162842,5.069999694824219,2.5349998474121094,3B-HHR.MS.MRG.3IMERG.20250319-S190000-E192959.1140.V07B.HDF5,5.514999866485596,15.964999437332153,26.834999084472656,122.55999800562859,2025-03-20 03:30:00+08:00
2025-03-19 19:30:00+00:00,2025-03-20 03:30:00+08:00,GPM_1.55_103.95,103.94999694824219,1.5499999523162842,5.679999828338623,2.8399999141693115,3B-HHR.MS.MRG.3IMERG.20250319-S193000-E195959.1170.V07B.HDF5,5.374999761581421,16.87999939918518,27.0749990940094,125.14499792456627,2025-03-20 04:00:00+08:00
2025-03-19 20:00:00+00:00,2025-03-20 04:00:00+08:00,GPM_1.55_103.95,103.94999694824219,1.5499999523162842,4.380000114440918,2.190000057220459,3B-HHR.MS.MRG.3IMERG.20250319-S200000-E202959.1200.V07B.HDF5,5.0299999713897705,16.40999960899353,27.534999132156372,127.17999798059464,2025-03-20 04:30:00+08:00
2025-03-19 20:30:00+00:00,2025-03-20 04:30:00+08:00,GPM_1.55_103.95,103.94999694824219,1.5499999523162842,4.329999923706055,2.1649999618530273,3B-HHR.MS.MRG.3IMERG.20250319-S203000-E205959.1230.V07B.HDF5,4.355000019073486,15.694999694824219,27.97499918937683,128.64999794960022,2025-03-20 05:00:00+08:00
2025-03-19 21:00:00+00:00,2025-03-20 05:00:00+08:00,GPM_1.55_103.95,103.94999694824219,1.5499999523162842,4.679999828338623,2.3399999141693115,3B-HHR.MS.MRG.3IMERG.20250319-S210000-E212959.1260.V07B.HDF5,4.504999876022339,15.049999713897705,28.5049991607666,130.81499786674976,2025-03-20 05:30:00+08:00
2025-03-19 21:30:00+00:00,2025-03-20 05:30:00+08:00,GPM_1.55_103.95,103.94999694824219,1.5499999523162842,7.569999694824219,3.7849998474121094,3B-HHR.MS.MRG.3IMERG.20250319-S213000-E215959.1290.V07B.HDF5,6.124999761581421,15.854999542236328,30.3599990606308,133.87499774992466,2025-03-20 06:00:00+08:00
2025-03-19 22:00:00+00:00,2025-03-20 06:00:00+08:00,GPM_1.55_103.95,103.94999694824219,1.5499999523162842,5.599999904632568,2.799999952316284,3B-HHR.MS.MRG.3IMERG.20250319-S220000-E222959.1320.V07B.HDF5,6.5849997997283936,16.119999647140503,32.084999084472656,135.97499771416187,2025-03-20 06:30:00+08:00
2025-03-19 22:30:00+00:00,2025-03-20 06:30:00+08:00,GPM_1.55_103.95,103.94999694824219,1.5499999523162842,5.909999847412109,2.9549999237060547,3B-HHR.MS.MRG.3IMERG.20250319-S223000-E225959.1350.V07B.HDF5,5.754999876022339,16.234999656677246,33.11499905586243,138.72499763965607,2025-03-20 07:00:00+08:00
2025-03-19 23:00:00+00:00,2025-03-20 07:00:00+08:00,GPM_1.55_103.95,103.94999694824219,1.5499999523162842,9.289999961853027,4.644999980926514,3B-HHR.MS.MRG.3IMERG.20250319-S230000-E232959.1380.V07B.HDF5,7.599999904632568,18.6899995803833,35.09999918937683,141.84999763965607,2025-03-20 07:30:00+08:00
2025-03-19 23:30:00+00:00,2025-03-20 07:30:00+08:00,GPM_1.55_103.95,103.94999694824219,1.5499999523162842,11.569999694824219,5.784999847412109,3B-HHR.MS.MRG.3IMERG.20250319-S233000-E235959.1410.V07B.HDF5,10.429999828338623,22.309999465942383,38.0049991607666,145.7299975156784,2025-03-20 08:00:00+08:00
2025-03-20 00:00:00+00:00,2025-03-20 08:00:00+08:00,GPM_1.55_103.95,103.94999694824219,1.5499999523162842,17.5,8.75,3B-HHR.MS.MRG.3IMERG.20250320-S000000-E002959.0000.V07B.HDF5,14.53499984741211,28.71999955177307,43.769999265670776,152.23999750614166,2025-03-20 08:30:00+08:00
2025-03-20 00:30:00+00:00,2025-03-20 08:30:00+08:00,GPM_1.55_103.95,103.94999694824219,1.5499999523162842,15.84999942779541,7.924999713897705,3B-HHR.MS.MRG.3IMERG.20250320-S003000-E005959.0030.V07B.HDF5,16.674999713897705,32.85999941825867,48.714998960494995,157.21999728679657,2025-03-20 09:00:00+08:00
2025-03-20 01:00:00+00:00,2025-03-20 09:00:00+08:00,GPM_1.55_103.95,103.94999694824219,1.5499999523162842,16.829999923706055,8.414999961853027,3B-HHR.MS.MRG.3IMERG.20250320-S010000-E012959.0060.V07B.HDF5,16.339999675750732,38.47499942779541,54.59499907493591,162.90999734401703,2025-03-20 09:30:00+08:00
2025-03-20 01:30:00+00:00,2025-03-20 09:30:00+08:00,GPM_1.55_103.95,103.94999694824219,1.5499999523162842,8.25,4.125,3B-HHR.MS.MRG.3IMERG.20250320-S013000-E015959.0090.V07B.HDF5,12.539999961853027,39.644999504089355,55.8799991607666,164.07999742031097,2025-03-20 10:00:00+08:00
2025-03-20 02:00:00+00:00,2025-03-20 10:00:00+08:00,GPM_1.55_103.95,103.94999694824219,1.5499999523162842,7.029999732971191,3.5149998664855957,3B-HHR.MS.MRG.3IMERG.20250320-S020000-E022959.0120.V07B.HDF5,7.639999866485596,38.51499938964844,57.20499897003174,164.11499726772308,2025-03-20 10:30:00+08:00
2025-03-20 02:30:00+00:00,2025-03-20 10:30:00+08:00,GPM_1.55_103.95,103.94999694824219,1.5499999523162842,6.889999866485596,3.444999933242798,3B-HHR.MS.MRG.3IMERG.20250320-S023000-E025959.0150.V07B.HDF5,6.9599997997283936,36.174999475479126,58.48499894142151,163.66999733448029,2025-03-20 11:00:00+08:00
2025-03-20 03:00:00+00:00,2025-03-20 11:00:00+08:00,GPM_1.55_103.95,103.94999694824219,1.5499999523162842,6.46999979019165,3.234999895095825,3B-HHR.MS.MRG.3IMERG.20250320-S030000-E032959.0180.V07B.HDF5,6.679999828338623,30.65999937057495,59.37999892234802,159.7249974012375,2025-03-20 11:30:00+08:00
2025-03-20 03:30:00+00:00,2025-03-20 11:30:00+08:00,GPM_1.55_103.95,103.94999694824219,1.5499999523162842,5.019999980926514,2.509999990463257,3B-HHR.MS.MRG.3IMERG.20250320-S033000-E035959.0210.V07B.HDF5,5.744999885559082,25.244999647140503,58.10499906539917,155.4399973154068,2025-03-20 12:00:00+08:00
2025-03-20 04:00:00+00:00,2025-03-20 12:00:00+08:00,GPM_1.55_103.95,103.94999694824219,1.5499999523162842,3.809999942779541,1.9049999713897705,3B-HHR.MS.MRG.3IMERG.20250320-S040000-E042959.0240.V07B.HDF5,4.414999961853027,18.734999656677246,57.209999084472656,155.1549972295761,2025-03-20 12:30:00+08:00
2025-03-20 04:30:00+00:00,2025-03-20 12:30:00+08:00,GPM_1.55_103.95,103.94999694824219,1.5499999523162842,3.3399999141693115,1.6699999570846558,3B-HHR.MS.MRG.3IMERG.20250320-S043000-E045959.0270.V07B.HDF5,3.5749999284744263,16.279999613761902,55.92499911785126,153.419997215271,2025-03-20 13:00:00+08:00
2025-03-20 05:00:00+00:00,2025-03-20 13:00:00+08:00,GPM_1.55_103.95,103.94999694824219,1.5499999523162842,4.329999923706055,2.1649999618530273,3B-HHR.MS.MRG.3IMERG.20250320-S050000-E052959.0300.V07B.HDF5,3.834999918937683,14.929999709129333,53.44499909877777,147.76999711990356,2025-03-20 13:30:00+08:00
2025-03-20 05:30:00+00:00,2025-03-20 13:30:00+08:00,GPM_1.55_103.95,103.94999694824219,1.5499999523162842,6.759999752044678,3.379999876022339,3B-HHR.MS.MRG.3IMERG.20250320-S053000-E055959.0330.V07B.HDF5,5.544999837875366,14.864999651908875,51.039999127388,146.8649971485138,2025-03-20 14:00:00+08:00
2025-03-20 06:00:00+00:00,2025-03-20 14:00:00+08:00,GPM_1.55_103.95,103.94999694824219,1.5499999523162842,7.619999885559082,3.809999942779541,3B-HHR.MS.MRG.3IMERG.20250320-S060000-E062959.0360.V07B.HDF5,7.18999981880188,15.43999969959259,46.09999907016754,146.8649971485138,2025-03-20 14:30:00+08:00
2025-03-20 06:30:00+00:00,2025-03-20 14:30:00+08:00,GPM_1.55_103.95,103.94999694824219,1.5499999523162842,7.549999713897705,3.7749998569488525,3B-HHR.MS.MRG.3IMERG.20250320-S063000-E065959.0390.V07B.HDF5,7.5849997997283936,16.704999566078186,41.94999921321869,147.79999709129333,2025-03-20 15:00:00+08:00
2025-03-20 07:00:00+00:00,2025-03-20 15:00:00+08:00,GPM_1.55_103.95,103.94999694824219,1.5499999523162842,7.199999809265137,3.5999999046325684,3B-HHR.MS.MRG.3IMERG.20250320-S070000-E072959.0420.V07B.HDF5,7.374999761581421,18.399999499320984,37.13499915599823,147.79999709129333,2025-03-20 15:30:00+08:00
2025-03-20 07:30:00+00:00,2025-03-20 15:30:00+08:00,GPM_1.55_103.95,103.94999694824219,1.5499999523162842,5.339999675750732,2.669999837875366,3B-HHR.MS.MRG.3IMERG.20250320-S073000-E075959.0450.V07B.HDF5,6.269999742507935,19.399999380111694,35.679998993873596,148.8599969148636,2025-03-20 16:00:00+08:00
2025-03-20 08:00:00+00:00,2025-03-20 16:00:00+08:00,GPM_1.55_103.95,103.94999694824219,1.5499999523162842,7.659999847412109,3.8299999237060547,3B-HHR.MS.MRG.3IMERG.20250320-S080000-E082959.0480.V07B.HDF5,6.499999761581421,21.06499934196472,35.994999051094055,150.58499681949615,2025-03-20 16:30:00+08:00
2025-03-20 08:30:00+00:00,2025-03-20 16:30:00+08:00,GPM_1.55_103.95,103.94999694824219,1.5499999523162842,7.269999980926514,3.634999990463257,3B-HHR.MS.MRG.3IMERG.20250320-S083000-E085959.0510.V07B.HDF5,7.4649999141693115,21.31999945640564,36.184999108314514,152.16999685764313,2025-03-20 17:00:00+08:00
2025-03-20 09:00:00+00:00,2025-03-20 17:00:00+08:00,GPM_1.55_103.95,103.94999694824219,1.5499999523162842,6.210000038146973,3.1050000190734863,3B-HHR.MS.MRG.3IMERG.20250320-S090000-E092959.0540.V07B.HDF5,6.740000009536743,20.614999532699585,36.054999232292175,152.92999684810638,2025-03-20 17:30:00+08:00
2025-03-20 09:30:00+00:00,2025-03-20 17:30:00+08:00,GPM_1.55_103.95,103.94999694824219,1.5499999523162842,4.779999732971191,2.3899998664855957,3B-HHR.MS.MRG.3IMERG.20250320-S093000-E095959.0570.V07B.HDF5,5.494999885559082,19.229999542236328,35.934999108314514,152.97499668598175,2025-03-20 18:00:00+08:00
2025-03-20 10:00:00+00:00,2025-03-20 18:00:00+08:00,GPM_1.55_103.95,103.94999694824219,1.5499999523162842,5.480000019073486,2.740000009536743,3B-HHR.MS.MRG.3IMERG.20250320-S100000-E102959.0600.V07B.HDF5,5.129999876022339,18.369999647140503,36.76999914646149,153.6599966287613,2025-03-20 18:30:00+08:00
2025-03-20 10:30:00+00:00,2025-03-20 18:30:00+08:00,GPM_1.55_103.95,103.94999694824219,1.5499999523162842,5.299999713897705,2.6499998569488525,3B-HHR.MS.MRG.3IMERG.20250320-S103000-E105959.0630.V07B.HDF5,5.389999866485596,18.34999966621399,37.749999046325684,153.74499642848969,2025-03-20 19:00:00+08:00
2025-03-20 11:00:00+00:00,2025-03-20 19:00:00+08:00,GPM_1.55_103.95,103.94999694824219,1.5499999523162842,3.9800000190734863,1.9900000095367432,3B-HHR.MS.MRG.3IMERG.20250320-S110000-E112959.0660.V07B.HDF5,4.639999866485596,16.509999752044678,37.5749990940094,153.18499648571014,2025-03-20 19:30:00+08:00
2025-03-20 11:30:00+00:00,2025-03-20 19:30:00+08:00,GPM_1.55_103.95,103.94999694824219,1.5499999523162842,3.049999952316284,1.524999976158142,3B-HHR.MS.MRG.3IMERG.20250320-S113000-E115959.0690.V07B.HDF5,3.5149999856948853,14.399999737739563,35.7199991941452,152.17499661445618,2025-03-20 20:00:00+08:00
2025-03-20 12:00:00+00:00,2025-03-20 20:00:00+08:00,GPM_1.55_103.95,103.94999694824219,1.5499999523162842,1.8299999237060547,0.9149999618530273,3B-HHR.MS.MRG.3IMERG.20250320-S120000-E122959.0720.V07B.HDF5,2.4399999380111694,12.209999680519104,32.82499921321869,150.78999662399292,2025-03-20 20:30:00+08:00
2025-03-20 12:30:00+00:00,2025-03-20 20:30:00+08:00,GPM_1.55_103.95,103.94999694824219,1.5499999523162842,2.5199999809265137,1.2599999904632568,3B-HHR.MS.MRG.3IMERG.20250320-S123000-E125959.0750.V07B.HDF5,2.174999952316284,11.079999804496765,30.309999346733093,149.35499668121338,2025-03-20 21:00:00+08:00
2025-03-20 13:00:00+00:00,2025-03-20 21:00:00+08:00,GPM_1.55_103.95,103.94999694824219,1.5499999523162842,2.9600000381469727,1.4800000190734863,3B-HHR.MS.MRG.3IMERG.20250320-S130000-E132959.0780.V07B.HDF5,2.740000009536743,9.819999814033508,28.18999946117401,146.7549967765808,2025-03-20 21:30:00+08:00
2025-03-20 13:30:00+00:00,2025-03-20 21:30:00+08:00,GPM_1.55_103.95,103.94999694824219,1.5499999523162842,2.950000047683716,1.475000023841858,3B-HHR.MS.MRG.3IMERG.20250320-S133000-E135959.0810.V07B.HDF5,2.9550000429153442,8.644999980926514,26.994999647140503,145.6299968957901,2025-03-20 22:00:00+08:00
2025-03-20 14:00:00+00:00,2025-03-20 22:00:00+08:00,GPM_1.55_103.95,103.94999694824219,1.5499999523162842,2.8899998664855957,1.4449999332427979,3B-HHR.MS.MRG.3IMERG.20250320-S140000-E142959.0840.V07B.HDF5,2.9199999570846558,8.099999904632568,24.609999656677246,145.3449968099594,2025-03-20 22:30:00+08:00
2025-03-20 14:30:00+00:00,2025-03-20 22:30:00+08:00,GPM_1.55_103.95,103.94999694824219,1.5499999523162842,1.8899999856948853,0.9449999928474426,3B-HHR.MS.MRG.3IMERG.20250320-S143000-E145959.0870.V07B.HDF5,2.3899999260902405,7.519999921321869,21.919999659061432,144.5649968981743,2025-03-20 23:00:00+08:00
2025-03-20 15:00:00+00:00,2025-03-20 23:00:00+08:00,GPM_1.55_103.95,103.94999694824219,1.5499999523162842,2.2300000190734863,1.1150000095367432,3B-HHR.MS.MRG.3IMERG.20250320-S150000-E152959.0900.V07B.HDF5,2.060000002384186,7.719999969005585,19.92999964952469,143.8699969649315,2025-03-20 23:30:00+08:00
2025-03-20 15:30:00+00:00,2025-03-20 23:30:00+08:00,GPM_1.55_103.95,103.94999694824219,1.5499999523162842,2.059999942779541,1.0299999713897705,3B-HHR.MS.MRG.3IMERG.20250320-S153000-E155959.0930.V07B.HDF5,2.1449999809265137,7.489999949932098,18.569999754428864,142.96999698877335,2025-03-21 00:00:00+08:00
2025-03-20 16:00:00+00:00,2025-03-21 00:00:00+08:00,GPM_1.55_103.95,103.94999694824219,1.5499999523162842,0.7899999618530273,0.39499998092651367,3B-HHR.MS.MRG.3IMERG.20250320-S160000-E162959.0960.V07B.HDF5,1.4249999523162842,6.404999911785126,16.224999725818634,142.28999704122543,2025-03-21 00:30:00+08:00
2025-03-20 16:30:00+00:00,2025-03-21 00:30:00+08:00,GPM_1.55_103.95,103.94999694824219,1.5499999523162842,0.2199999988079071,0.10999999940395355,3B-HHR.MS.MRG.3IMERG.20250320-S163000-E165959.0990.V07B.HDF5,0.5049999803304672,5.039999887347221,13.684999868273735,140.4749970883131,2025-03-21 01:00:00+08:00
2025-03-20 17:00:00+00:00,2025-03-21 01:00:00+08:00,GPM_1.55_103.95,103.94999694824219,1.5499999523162842,0.19999998807907104,0.09999999403953552,3B-HHR.MS.MRG.3IMERG.20250320-S170000-E172959.1020.V07B.HDF5,0.20999999344348907,3.694999948143959,11.794999852776527,137.91499723494053,2025-03-21 01:30:00+08:00
2025-03-20 17:30:00+00:00,2025-03-21 01:30:00+08:00,GPM_1.55_103.95,103.94999694824219,1.5499999523162842,0.38999998569488525,0.19499999284744263,3B-HHR.MS.MRG.3IMERG.20250320-S173000-E175959.1050.V07B.HDF5,0.29499998688697815,2.944999948143959,10.464999869465828,135.22999735176563,2025-03-21 02:00:00+08:00
2025-03-20 18:00:00+00:00,2025-03-21 02:00:00+08:00,GPM_1.55_103.95,103.94999694824219,1.5499999523162842,0.6899999976158142,0.3449999988079071,3B-HHR.MS.MRG.3IMERG.20250320-S180000-E182959.1080.V07B.HDF5,0.5399999916553497,2.174999937415123,9.894999906420708,132.58999745547771,2025-03-21 02:30:00+08:00
2025-03-20 18:30:00+00:00,2025-03-21 02:30:00+08:00,GPM_1.55_103.95,103.94999694824219,1.5499999523162842,1.1100000143051147,0.5550000071525574,3B-HHR.MS.MRG.3IMERG.20250320-S183000-E185959.1110.V07B.HDF5,0.9000000059604645,1.6999999731779099,9.189999923110008,130.16499744355679,2025-03-21 03:00:00+08:00
2025-03-20 19:00:00+00:00,2025-03-21 03:00:00+08:00,GPM_1.55_103.95,103.94999694824219,1.5499999523162842,1.2599999904632568,0.6299999952316284,3B-HHR.MS.MRG.3IMERG.20250320-S190000-E192959.1140.V07B.HDF5,1.1850000023841858,1.9349999874830246,8.33999989926815,128.2599975913763,2025-03-21 03:30:00+08:00
2025-03-20 19:30:00+00:00,2025-03-21 03:30:00+08:00,GPM_1.55_103.95,103.94999694824219,1.5499999523162842,0.9399999976158142,0.4699999988079071,3B-HHR.MS.MRG.3IMERG.20250320-S193000-E195959.1170.V07B.HDF5,1.0999999940395355,2.294999986886978,7.3349998742341995,125.8899976760149,2025-03-21 04:00:00+08:00
2025-03-20 20:00:00+00:00,2025-03-21 04:00:00+08:00,GPM_1.55_103.95,103.94999694824219,1.5499999523162842,1.0799999237060547,0.5399999618530273,3B-HHR.MS.MRG.3IMERG.20250320-S200000-E202959.1200.V07B.HDF5,1.0099999606609344,2.73499995470047,6.429999902844429,124.23999758064747,2025-03-21 04:30:00+08:00
2025-03-20 20:30:00+00:00,2025-03-21 04:30:00+08:00,GPM_1.55_103.95,103.94999694824219,1.5499999523162842,2.5899999141693115,1.2949999570846558,3B-HHR.MS.MRG.3IMERG.20250320-S203000-E205959.1230.V07B.HDF5,1.834999918937683,3.834999918937683,6.779999867081642,123.3699975758791,2025-03-21 05:00:00+08:00
2025-03-20 21:00:00+00:00,2025-03-21 05:00:00+08:00,GPM_1.55_103.95,103.94999694824219,1.5499999523162842,0.2199999988079071,0.10999999940395355,3B-HHR.MS.MRG.3IMERG.20250320-S210000-E212959.1260.V07B.HDF5,1.4049999564886093,3.5999999195337296,5.7749998569488525,121.13999766111374,2025-03-21 05:30:00+08:00
2025-03-20 21:30:00+00:00,2025-03-21 05:30:00+08:00,GPM_1.55_103.95,103.94999694824219,1.5499999523162842,0.08999999612569809,0.044999998062849045,3B-HHR.MS.MRG.3IMERG.20250320-S213000-E215959.1290.V07B.HDF5,0.1549999974668026,3.0899999104440212,4.789999883621931,117.39999781176448,2025-03-21 06:00:00+08:00
2025-03-20 22:00:00+00:00,2025-03-21 06:00:00+08:00,GPM_1.55_103.95,103.94999694824219,1.5499999523162842,0.23999999463558197,0.11999999731779099,3B-HHR.MS.MRG.3IMERG.20250320-S220000-E222959.1320.V07B.HDF5,0.16499999538064003,2.579999912530184,4.514999900013208,114.71999785676599,2025-03-21 06:30:00+08:00
2025-03-20 22:30:00+00:00,2025-03-21 06:30:00+08:00,GPM_1.55_103.95,103.94999694824219,1.5499999523162842,0.0,0.0,3B-HHR.MS.MRG.3IMERG.20250320-S223000-E225959.1350.V07B.HDF5,0.11999999731779099,2.1099999137222767,4.404999900609255,111.76499793305993,2025-03-21 07:00:00+08:00
2025-03-20 23:00:00+00:00,2025-03-21 07:00:00+08:00,GPM_1.55_103.95,103.94999694824219,1.5499999523162842,0.23999999463558197,0.11999999731779099,3B-HHR.MS.MRG.3IMERG.20250320-S230000-E232959.1380.V07B.HDF5,0.11999999731779099,1.6899999491870403,4.42499990388751,107.23999794945121,2025-03-21 07:30:00+08:00
2025-03-20 23:30:00+00:00,2025-03-21 07:30:00+08:00,GPM_1.55_103.95,103.94999694824219,1.5499999523162842,0.0,0.0,3B-HHR.MS.MRG.3IMERG.20250320-S233000-E235959.1410.V07B.HDF5,0.11999999731779099,0.39499999210238457,4.229999911040068,101.4549981020391,2025-03-21 08:00:00+08:00
2025-03-21 00:00:00+00:00,2025-03-21 08:00:00+08:00,GPM_1.55_103.95,103.94999694824219,1.5499999523162842,0.19999998807907104,0.09999999403953552,3B-HHR.MS.MRG.3IMERG.20250321-S000000-E002959.0000.V07B.HDF5,0.09999999403953552,0.38499998673796654,3.984999906271696,92.80499809607863,2025-03-21 08:30:00+08:00
2025-03-21 00:30:00+00:00,2025-03-21 08:30:00+08:00,GPM_1.55_103.95,103.94999694824219,1.5499999523162842,0.019999999552965164,0.009999999776482582,3B-HHR.MS.MRG.3IMERG.20250321-S003000-E005959.0030.V07B.HDF5,0.1099999938160181,0.3499999884516001,3.4399998988956213,84.88999838195741,2025-03-21 09:00:00+08:00
2025-03-21 01:00:00+00:00,2025-03-21 09:00:00+08:00,GPM_1.55_103.95,103.94999694824219,1.5499999523162842,0.0,0.0,3B-HHR.MS.MRG.3IMERG.20250321-S010000-E012959.0060.V07B.HDF5,0.009999999776482582,0.2299999911338091,2.809999903663993,76.47499842010438,2025-03-21 09:30:00+08:00
2025-03-21 01:30:00+00:00,2025-03-21 09:30:00+08:00,GPM_1.55_103.95,103.94999694824219,1.5499999523162842,0.19999998807907104,0.09999999403953552,3B-HHR.MS.MRG.3IMERG.20250321-S013000-E015959.0090.V07B.HDF5,0.09999999403953552,0.3299999851733446,2.4399998988956213,72.44999841414392,2025-03-21 10:00:00+08:00
2025-03-21 02:00:00+00:00,2025-03-21 10:00:00+08:00,GPM_1.55_103.95,103.94999694824219,1.5499999523162842,0.17000000178813934,0.08500000089406967,3B-HHR.MS.MRG.3IMERG.20250321-S020000-E022959.0120.V07B.HDF5,0.1849999949336052,0.2949999887496233,1.9849999379366636,69.0199985485524,2025-03-21 10:30:00+08:00
2025-03-21 02:30:00+00:00,2025-03-21 10:30:00+08:00,GPM_1.55_103.95,103.94999694824219,1.5499999523162842,0.22999998927116394,0.11499999463558197,3B-HHR.MS.MRG.3IMERG.20250321-S023000-E025959.0150.V07B.HDF5,0.19999999552965164,0.40999998338520527,0.8049999754875898,65.68999860994518,2025-03-21 11:00:00+08:00
2025-03-21 03:00:00+00:00,2025-03-21 11:00:00+08:00,GPM_1.55_103.95,103.94999694824219,1.5499999523162842,0.17999999225139618,0.08999999612569809,3B-HHR.MS.MRG.3IMERG.20250321-S030000-E032959.0180.V07B.HDF5,0.20499999076128006,0.39999998547136784,0.7849999722093344,62.54499871097505,2025-03-21 11:30:00+08:00
2025-03-21 03:30:00+00:00,2025-03-21 11:30:00+08:00,GPM_1.55_103.95,103.94999694824219,1.5499999523162842,0.10999999940395355,0.054999999701976776,3B-HHR.MS.MRG.3IMERG.20250321-S033000-E035959.0210.V07B.HDF5,0.14499999582767487,0.44499998539686203,0.7949999738484621,60.08999872021377,2025-03-21 12:00:00+08:00
2025-03-21 04:00:00+00:00,2025-03-21 12:00:00+08:00,GPM_1.55_103.95,103.94999694824219,1.5499999523162842,0.2199999988079071,0.10999999940395355,3B-HHR.MS.MRG.3IMERG.20250321-S040000-E042959.0240.V07B.HDF5,0.16499999910593033,0.5549999848008156,0.7849999759346247,58.294998748227954,2025-03-21 12:30:00+08:00
2025-03-21 04:30:00+00:00,2025-03-21 12:30:00+08:00,GPM_1.55_103.95,103.94999694824219,1.5499999523162842,0.9300000071525574,0.4650000035762787,3B-HHR.MS.MRG.3IMERG.20250321-S043000-E045959.0270.V07B.HDF5,0.5750000029802322,0.9199999943375587,1.2499999795109034,57.08999879471958,2025-03-21 13:00:00+08:00
2025-03-21 05:00:00+00:00,2025-03-21 13:00:00+08:00,GPM_1.55_103.95,103.94999694824219,1.5499999523162842,1.1899999380111694,0.5949999690055847,3B-HHR.MS.MRG.3IMERG.20250321-S050000-E052959.0300.V07B.HDF5,1.0599999725818634,1.4299999624490738,1.724999951198697,55.519998801872134,2025-03-21 13:30:00+08:00
2025-03-21 05:30:00+00:00,2025-03-21 13:30:00+08:00,GPM_1.55_103.95,103.94999694824219,1.5499999523162842,0.8399999737739563,0.41999998688697815,3B-HHR.MS.MRG.3IMERG.20250321-S053000-E055959.0330.V07B.HDF5,1.0149999558925629,1.73499995470047,2.1449999380856752,52.55999891273677,2025-03-21 14:00:00+08:00
2025-03-21 06:00:00+00:00,2025-03-21 14:00:00+08:00,GPM_1.55_103.95,103.94999694824219,1.5499999523162842,0.4899999797344208,0.2449999898672104,3B-HHR.MS.MRG.3IMERG.20250321-S060000-E062959.0360.V07B.HDF5,0.6649999767541885,1.8899999484419823,2.28999993391335,48.99499895982444,2025-03-21 14:30:00+08:00
2025-03-21 06:30:00+00:00,2025-03-21 14:30:00+08:00,GPM_1.55_103.95,103.94999694824219,1.5499999523162842,0.2800000011920929,0.14000000059604645,3B-HHR.MS.MRG.3IMERG.20250321-S063000-E065959.0390.V07B.HDF5,0.38499999046325684,1.974999949336052,2.419999934732914,45.35999910347164,2025-03-21 15:00:00+08:00
2025-03-21 07:00:00+00:00,2025-03-21 15:00:00+08:00,GPM_1.55_103.95,103.94999694824219,1.5499999523162842,0.0,0.0,3B-HHR.MS.MRG.3IMERG.20250321-S070000-E072959.0420.V07B.HDF5,0.14000000059604645,1.8649999499320984,2.419999934732914,41.75999919883907,2025-03-21 15:30:00+08:00
2025-03-21 07:30:00+00:00,2025-03-21 15:30:00+08:00,GPM_1.55_103.95,103.94999694824219,1.5499999523162842,0.20999999344348907,0.10499999672174454,3B-HHR.MS.MRG.3IMERG.20250321-S073000-E075959.0450.V07B.HDF5,0.10499999672174454,1.5049999430775642,2.424999937415123,39.19499935768545,2025-03-21 16:00:00+08:00
2025-03-21 08:00:00+00:00,2025-03-21 16:00:00+08:00,GPM_1.55_103.95,103.94999694824219,1.5499999523162842,0.09999999403953552,0.04999999701976776,3B-HHR.MS.MRG.3IMERG.20250321-S080000-E082959.0480.V07B.HDF5,0.1549999937415123,0.9599999710917473,2.389999933540821,35.41499943099916,2025-03-21 16:30:00+08:00
2025-03-21 08:30:00+00:00,2025-03-21 16:30:00+08:00,GPM_1.55_103.95,103.94999694824219,1.5499999523162842,0.23999999463558197,0.11999999731779099,3B-HHR.MS.MRG.3IMERG.20250321-S083000-E085959.0510.V07B.HDF5,0.16999999433755875,0.6599999815225601,2.39499993622303,31.899999437853694,2025-03-21 17:00:00+08:00
2025-03-21 09:00:00+00:00,2025-03-21 17:00:00+08:00,GPM_1.55_103.95,103.94999694824219,1.5499999523162842,0.17999999225139618,0.08999999612569809,3B-HHR.MS.MRG.3IMERG.20250321-S090000-E092959.0540.V07B.HDF5,0.20999999344348907,0.5049999877810478,2.39499993622303,28.884999414905906,2025-03-21 17:30:00+08:00
2025-03-21 09:30:00+00:00,2025-03-21 17:30:00+08:00,GPM_1.55_103.95,103.94999694824219,1.5499999523162842,0.14000000059604645,0.07000000029802322,3B-HHR.MS.MRG.3IMERG.20250321-S093000-E095959.0570.V07B.HDF5,0.1599999964237213,0.4349999874830246,2.4099999368190765,26.564999548718333,2025-03-21 18:00:00+08:00
2025-03-21 10:00:00+00:00,2025-03-21 18:00:00+08:00,GPM_1.55_103.95,103.94999694824219,1.5499999523162842,0.0,0.0,3B-HHR.MS.MRG.3IMERG.20250321-S100000-E102959.0600.V07B.HDF5,0.07000000029802322,0.4349999874830246,2.299999937415123,23.82499953918159,2025-03-21 18:30:00+08:00
2025-03-21 10:30:00+00:00,2025-03-21 18:30:00+08:00,GPM_1.55_103.95,103.94999694824219,1.5499999523162842,0.0,0.0,3B-HHR.MS.MRG.3IMERG.20250321-S103000-E105959.0630.V07B.HDF5,0.0,0.32999999076128006,1.8349999338388443,21.174999682232738,2025-03-21 19:00:00+08:00
2025-03-21 11:00:00+00:00,2025-03-21 19:00:00+08:00,GPM_1.55_103.95,103.94999694824219,1.5499999523162842,0.38999998569488525,0.19499999284744263,3B-HHR.MS.MRG.3IMERG.20250321-S110000-E112959.0660.V07B.HDF5,0.19499999284744263,0.4749999865889549,1.4349999576807022,19.379999665543437,2025-03-21 19:30:00+08:00
2025-03-21 11:30:00+00:00,2025-03-21 19:30:00+08:00,GPM_1.55_103.95,103.94999694824219,1.5499999523162842,1.309999942779541,0.6549999713897705,3B-HHR.MS.MRG.3IMERG.20250321-S113000-E115959.0690.V07B.HDF5,0.8499999642372131,1.0099999606609344,1.6699999421834946,18.509999660775065,2025-03-21 20:00:00+08:00
2025-03-21 12:00:00+00:00,2025-03-21 20:00:00+08:00,GPM_1.55_103.95,103.94999694824219,1.5499999523162842,0.6499999761581421,0.32499998807907104,3B-HHR.MS.MRG.3IMERG.20250321-S120000-E122959.0720.V07B.HDF5,0.9799999594688416,1.2449999526143074,1.7499999403953552,17.91999968700111,2025-03-21 20:30:00+08:00
2025-03-21 12:30:00+00:00,2025-03-21 20:30:00+08:00,GPM_1.55_103.95,103.94999694824219,1.5499999523162842,0.8100000023841858,0.4050000011920929,3B-HHR.MS.MRG.3IMERG.20250321-S123000-E125959.0750.V07B.HDF5,0.7299999892711639,1.579999953508377,2.0149999409914017,17.064999697729945,2025-03-21 21:00:00+08:00
2025-03-21 13:00:00+00:00,2025-03-21 21:00:00+08:00,GPM_1.55_103.95,103.94999694824219,1.5499999523162842,0.6499999761581421,0.32499998807907104,3B-HHR.MS.MRG.3IMERG.20250321-S130000-E132959.0780.V07B.HDF5,0.7299999892711639,1.9049999415874481,2.3399999290704727,15.90999966673553,2025-03-21 21:30:00+08:00
2025-03-21 13:30:00+00:00,2025-03-21 21:30:00+08:00,GPM_1.55_103.95,103.94999694824219,1.5499999523162842,1.3799999952316284,0.6899999976158142,3B-HHR.MS.MRG.3IMERG.20250321-S133000-E135959.0810.V07B.HDF5,1.0149999856948853,2.5949999392032623,2.9249999299645424,15.124999640509486,2025-03-21 22:00:00+08:00
2025-03-21 14:00:00+00:00,2025-03-21 22:00:00+08:00,GPM_1.55_103.95,103.94999694824219,1.5499999523162842,0.8199999928474426,0.4099999964237213,3B-HHR.MS.MRG.3IMERG.20250321-S140000-E142959.0840.V07B.HDF5,1.0999999940395355,2.809999942779541,3.284999929368496,14.08999970369041,2025-03-21 22:30:00+08:00
2025-03-21 14:30:00+00:00,2025-03-21 22:30:00+08:00,GPM_1.55_103.95,103.94999694824219,1.5499999523162842,0.9099999666213989,0.45499998331069946,3B-HHR.MS.MRG.3IMERG.20250321-S143000-E145959.0870.V07B.HDF5,0.8649999797344208,2.60999995470047,3.6199999153614044,13.599999694153666,2025-03-21 23:00:00+08:00
2025-03-21 15:00:00+00:00,2025-03-21 23:00:00+08:00,GPM_1.55_103.95,103.94999694824219,1.5499999523162842,0.9399999976158142,0.4699999988079071,3B-HHR.MS.MRG.3IMERG.20250321-S150000-E152959.0900.V07B.HDF5,0.9249999821186066,2.754999965429306,3.9999999180436134,12.95499968342483,2025-03-21 23:30:00+08:00
2025-03-21 15:30:00+00:00,2025-03-21 23:30:00+08:00,GPM_1.55_103.95,103.94999694824219,1.5499999523162842,1.6999999284744263,0.8499999642372131,3B-HHR.MS.MRG.3IMERG.20250321-S153000-E155959.0930.V07B.HDF5,1.3199999630451202,3.1999999284744263,4.779999881982803,12.774999676272273,2025-03-22 00:00:00+08:00
2025-03-18 16:00:00+00:00,2025-03-19 00:00:00+08:00,GPM_1.55_104.05,104.04999542236328,1.5499999523162842,0.07999999821186066,0.03999999910593033,3B-HHR.MS.MRG.3IMERG.20250318-S160000-E162959.0960.V07B.HDF5,,,,,2025-03-19 00:30:00+08:00
2025-03-18 16:30:00+00:00,2025-03-19 00:30:00+08:00,GPM_1.55_104.05,104.04999542236328,1.5499999523162842,0.05999999865889549,0.029999999329447746,3B-HHR.MS.MRG.3IMERG.20250318-S163000-E165959.0990.V07B.HDF5,0.06999999843537807,,,,2025-03-19 01:00:00+08:00
2025-03-18 17:00:00+00:00,2025-03-19 01:00:00+08:00,GPM_1.55_104.05,104.04999542236328,1.5499999523162842,0.05999999865889549,0.029999999329447746,3B-HHR.MS.MRG.3IMERG.20250318-S170000-E172959.1020.V07B.HDF5,0.05999999865889549,,,,2025-03-19 01:30:00+08:00
2025-03-18 17:30:00+00:00,2025-03-19 01:30:00+08:00,GPM_1.55_104.05,104.04999542236328,1.5499999523162842,0.17999999225139618,0.08999999612569809,3B-HHR.MS.MRG.3IMERG.20250318-S173000-E175959.1050.V07B.HDF5,0.11999999545514584,,,,2025-03-19 02:00:00+08:00
2025-03-18 18:00:00+00:00,2025-03-19 02:00:00+08:00,GPM_1.55_104.05,104.04999542236328,1.5499999523162842,0.14999999105930328,0.07499999552965164,3B-HHR.MS.MRG.3IMERG.20250318-S180000-E182959.1080.V07B.HDF5,0.16499999165534973,,,,2025-03-19 02:30:00+08:00
2025-03-18 18:30:00+00:00,2025-03-19 02:30:00+08:00,GPM_1.55_104.05,104.04999542236328,1.5499999523162842,0.14999999105930328,0.07499999552965164,3B-HHR.MS.MRG.3IMERG.20250318-S183000-E185959.1110.V07B.HDF5,0.14999999105930328,0.3399999849498272,,,2025-03-19 03:00:00+08:00
2025-03-18 19:00:00+00:00,2025-03-19 03:00:00+08:00,GPM_1.55_104.05,104.04999542236328,1.5499999523162842,0.17999999225139618,0.08999999612569809,3B-HHR.MS.MRG.3IMERG.20250318-S190000-E192959.1140.V07B.HDF5,0.16499999165534973,0.38999998196959496,,,2025-03-19 03:30:00+08:00
2025-03-18 19:30:00+00:00,2025-03-19 03:30:00+08:00,GPM_1.55_104.05,104.04999542236328,1.5499999523162842,0.6699999570846558,0.3349999785423279,3B-HHR.MS.MRG.3IMERG.20250318-S193000-E195959.1170.V07B.HDF5,0.42499997466802597,0.6949999611824751,,,2025-03-19 04:00:00+08:00
2025-03-18 20:00:00+00:00,2025-03-19 04:00:00+08:00,GPM_1.55_104.05,104.04999542236328,1.5499999523162842,0.14000000059604645,0.07000000029802322,3B-HHR.MS.MRG.3IMERG.20250318-S200000-E202959.1200.V07B.HDF5,0.4049999788403511,0.7349999621510506,,,2025-03-19 04:30:00+08:00
2025-03-18 20:30:00+00:00,2025-03-19 04:30:00+08:00,GPM_1.55_104.05,104.04999542236328,1.5499999523162842,1.0199999809265137,0.5099999904632568,3B-HHR.MS.MRG.3IMERG.20250318-S203000-E205959.1230.V07B.HDF5,0.5799999907612801,1.1549999564886093,,,2025-03-19 05:00:00+08:00
2025-03-18 21:00:00+00:00,2025-03-19 05:00:00+08:00,GPM_1.55_104.05,104.04999542236328,1.5499999523162842,1.1399999856948853,0.5699999928474426,3B-HHR.MS.MRG.3IMERG.20250318-S210000-E212959.1260.V07B.HDF5,1.0799999833106995,1.6499999538064003,,,2025-03-19 05:30:00+08:00
2025-03-18 21:30:00+00:00,2025-03-19 05:30:00+08:00,GPM_1.55_104.05,104.04999542236328,1.5499999523162842,1.2999999523162842,0.6499999761581421,3B-HHR.MS.MRG.3IMERG.20250318-S213000-E215959.1290.V07B.HDF5,1.2199999690055847,2.2249999344348907,2.564999919384718,,2025-03-19 06:00:00+08:00
2025-03-18 22:00:00+00:00,2025-03-19 06:00:00+08:00,GPM_1.55_104.05,104.04999542236328,1.5499999523162842,1.1899999380111694,0.5949999690055847,3B-HHR.MS.MRG.3IMERG.20250318-S220000-E222959.1320.V07B.HDF5,1.2449999451637268,2.7299999073147774,3.1199998892843723,,2025-03-19 06:30:00+08:00
2025-03-18 22:30:00+00:00,2025-03-19 06:30:00+08:00,GPM_1.55_104.05,104.04999542236328,1.5499999523162842,1.6100000143051147,0.8050000071525574,3B-HHR.MS.MRG.3IMERG.20250318-S223000-E225959.1350.V07B.HDF5,1.399999976158142,3.199999935925007,3.894999897107482,,2025-03-19 07:00:00+08:00
2025-03-18 23:00:00+00:00,2025-03-19 07:00:00+08:00,GPM_1.55_104.05,104.04999542236328,1.5499999523162842,3.3399999141693115,1.6699999570846558,3B-HHR.MS.MRG.3IMERG.20250318-S230000-E232959.1380.V07B.HDF5,2.474999964237213,4.799999892711639,5.53499985486269,,2025-03-19 07:30:00+08:00
2025-03-18 23:30:00+00:00,2025-03-19 07:30:00+08:00,GPM_1.55_104.05,104.04999542236328,1.5499999523162842,3.069999933242798,1.534999966621399,3B-HHR.MS.MRG.3IMERG.20250318-S233000-E235959.1410.V07B.HDF5,3.2049999237060547,5.8249998688697815,6.979999825358391,,2025-03-19 08:00:00+08:00
2025-03-19 00:00:00+00:00,2025-03-19 08:00:00+08:00,GPM_1.55_104.05,104.04999542236328,1.5499999523162842,5.409999847412109,2.7049999237060547,3B-HHR.MS.MRG.3IMERG.20250319-S000000-E002959.0000.V07B.HDF5,4.239999890327454,7.9599997997283936,9.609999753534794,,2025-03-19 08:30:00+08:00
2025-03-19 00:30:00+00:00,2025-03-19 08:30:00+08:00,GPM_1.55_104.05,104.04999542236328,1.5499999523162842,6.109999656677246,3.054999828338623,3B-HHR.MS.MRG.3IMERG.20250319-S003000-E005959.0030.V07B.HDF5,5.759999752044678,10.364999651908875,12.589999586343765,,2025-03-19 09:00:00+08:00
2025-03-19 01:00:00+00:00,2025-03-19 09:00:00+08:00,GPM_1.55_104.05,104.04999542236328,1.5499999523162842,6.059999942779541,3.0299999713897705,3B-HHR.MS.MRG.3IMERG.20250319-S010000-E012959.0060.V07B.HDF5,6.0849997997283936,12.79999965429306,15.529999561607838,,2025-03-19 09:30:00+08:00
2025-03-19 01:30:00+00:00,2025-03-19 09:30:00+08:00,GPM_1.55_104.05,104.04999542236328,1.5499999523162842,6.089999675750732,3.044999837875366,3B-HHR.MS.MRG.3IMERG.20250319-S013000-E015959.0090.V07B.HDF5,6.074999809265137,15.03999948501587,18.239999420940876,,2025-03-19 10:00:00+08:00
2025-03-19 02:00:00+00:00,2025-03-19 10:00:00+08:00,GPM_1.55_104.05,104.04999542236328,1.5499999523162842,8.769999504089355,4.384999752044678,3B-HHR.MS.MRG.3IMERG.20250319-S020000-E022959.0120.V07B.HDF5,7.429999589920044,17.75499927997589,22.55499917268753,,2025-03-19 10:30:00+08:00
2025-03-19 02:30:00+00:00,2025-03-19 10:30:00+08:00,GPM_1.55_104.05,104.04999542236328,1.5499999523162842,8.789999961853027,4.394999980926514,3B-HHR.MS.MRG.3IMERG.20250319-S023000-E025959.0150.V07B.HDF5,8.779999732971191,20.614999294281006,26.439999163150787,,2025-03-19 11:00:00+08:00
2025-03-19 03:00:00+00:00,2025-03-19 11:00:00+08:00,GPM_1.55_104.05,104.04999542236328,1.5499999523162842,15.5,7.75,3B-HHR.MS.MRG.3IMERG.20250319-S030000-E032959.0180.V07B.HDF5,12.144999980926514,25.65999937057495,33.619999170303345,,2025-03-19 11:30:00+08:00
2025-03-19 03:30:00+00:00,2025-03-19 11:30:00+08:00,GPM_1.55_104.05,104.04999542236328,1.5499999523162842,3.8299999237060547,1.9149999618530273,3B-HHR.MS.MRG.3IMERG.20250319-S033000-E035959.0210.V07B.HDF5,9.664999961853027,24.519999504089355,34.88499915599823,,2025-03-19 12:00:00+08:00
2025-03-19 04:00:00+00:00,2025-03-19 12:00:00+08:00,GPM_1.55_104.05,104.04999542236328,1.5499999523162842,3.9599997997283936,1.9799998998641968,3B-HHR.MS.MRG.3IMERG.20250319-S040000-E042959.0240.V07B.HDF5,3.894999861717224,23.46999943256378,36.26999908685684,,2025-03-19 12:30:00+08:00
2025-03-19 04:30:00+00:00,2025-03-19 12:30:00+08:00,GPM_1.55_104.05,104.04999542236328,1.5499999523162842,8.050000190734863,4.025000095367432,3B-HHR.MS.MRG.3IMERG.20250319-S043000-E045959.0270.V07B.HDF5,6.004999995231628,24.449999690055847,39.489999175071716,,2025-03-19 13:00:00+08:00
2025-03-19 05:00:00+00:00,2025-03-19 13:00:00+08:00,GPM_1.55_104.05,104.04999542236328,1.5499999523162842,16.559999465942383,8.279999732971191,3B-HHR.MS.MRG.3IMERG.20250319-S050000-E052959.0300.V07B.HDF5,12.304999828338623,28.34499967098236,46.09999895095825,,2025-03-19 13:30:00+08:00
2025-03-19 05:30:00+00:00,2025-03-19 13:30:00+08:00,GPM_1.55_104.05,104.04999542236328,1.5499999523162842,10.899999618530273,5.449999809265137,3B-HHR.MS.MRG.3IMERG.20250319-S053000-E055959.0330.V07B.HDF5,13.729999542236328,29.399999499320984,50.01499879360199,,2025-03-19 14:00:00+08:00
2025-03-19 06:00:00+00:00,2025-03-19 14:00:00+08:00,GPM_1.55_104.05,104.04999542236328,1.5499999523162842,6.190000057220459,3.0950000286102295,3B-HHR.MS.MRG.3IMERG.20250319-S060000-E062959.0360.V07B.HDF5,8.544999837875366,24.744999527931213,50.404998898506165,,2025-03-19 14:30:00+08:00
2025-03-19 06:30:00+00:00,2025-03-19 14:30:00+08:00,GPM_1.55_104.05,104.04999542236328,1.5499999523162842,6.359999656677246,3.179999828338623,3B-HHR.MS.MRG.3IMERG.20250319-S063000-E065959.0390.V07B.HDF5,6.2749998569488525,26.00999939441681,50.529998898506165,,2025-03-19 15:00:00+08:00
2025-03-19 07:00:00+00:00,2025-03-19 15:00:00+08:00,GPM_1.55_104.05,104.04999542236328,1.5499999523162842,4.460000038146973,2.2300000190734863,3B-HHR.MS.MRG.3IMERG.20250319-S070000-E072959.0420.V07B.HDF5,5.409999847412109,26.2599995136261,49.72999894618988,,2025-03-19 15:30:00+08:00
2025-03-19 07:30:00+00:00,2025-03-19 15:30:00+08:00,GPM_1.55_104.05,104.04999542236328,1.5499999523162842,3.240000009536743,1.6200000047683716,3B-HHR.MS.MRG.3IMERG.20250319-S073000-E075959.0450.V07B.HDF5,3.850000023841858,23.85499942302704,48.304999113082886,,2025-03-19 16:00:00+08:00
2025-03-19 08:00:00+00:00,2025-03-19 16:00:00+08:00,GPM_1.55_104.05,104.04999542236328,1.5499999523162842,5.609999656677246,2.804999828338623,3B-HHR.MS.MRG.3IMERG.20250319-S080000-E082959.0480.V07B.HDF5,4.424999833106995,18.37999951839447,46.72499918937683,,2025-03-19 16:30:00+08:00
2025-03-19 08:30:00+00:00,2025-03-19 16:30:00+08:00,GPM_1.55_104.05,104.04999542236328,1.5499999523162842,2.7899999618530273,1.3949999809265137,3B-HHR.MS.MRG.3IMERG.20250319-S083000-E085959.0510.V07B.HDF5,4.199999809265137,14.324999690055847,43.72499918937683,,2025-03-19 17:00:00+08:00
2025-03-19 09:00:00+00:00,2025-03-19 17:00:00+08:00,GPM_1.55_104.05,104.04999542236328,1.5499999523162842,2.9700000286102295,1.4850000143051147,3B-HHR.MS.MRG.3IMERG.20250319-S090000-E092959.0540.V07B.HDF5,2.8799999952316284,12.714999675750732,37.459999203681946,,2025-03-19 17:30:00+08:00
2025-03-19 09:30:00+00:00,2025-03-19 17:30:00+08:00,GPM_1.55_104.05,104.04999542236328,1.5499999523162842,3.299999952316284,1.649999976158142,3B-HHR.MS.MRG.3IMERG.20250319-S093000-E095959.0570.V07B.HDF5,3.134999990463257,11.184999823570251,37.19499921798706,,2025-03-19 18:00:00+08:00
2025-03-19 10:00:00+00:00,2025-03-19 18:00:00+08:00,GPM_1.55_104.05,104.04999542236328,1.5499999523162842,2.859999895095825,1.4299999475479126,3B-HHR.MS.MRG.3IMERG.20250319-S100000-E102959.0600.V07B.HDF5,3.0799999237060547,10.384999752044678,36.644999265670776,,2025-03-19 18:30:00+08:00
2025-03-19 10:30:00+00:00,2025-03-19 18:30:00+08:00,GPM_1.55_104.05,104.04999542236328,1.5499999523162842,3.5799999237060547,1.7899999618530273,3B-HHR.MS.MRG.3IMERG.20250319-S103000-E105959.0630.V07B.HDF5,3.21999990940094,10.554999709129333,34.40999913215637,,2025-03-19 19:00:00+08:00
2025-03-19 11:00:00+00:00,2025-03-19 19:00:00+08:00,GPM_1.55_104.05,104.04999542236328,1.5499999523162842,3.679999828338623,1.8399999141693115,3B-HHR.MS.MRG.3IMERG.20250319-S110000-E112959.0660.V07B.HDF5,3.629999876022339,9.589999794960022,27.969999313354492,,2025-03-19 19:30:00+08:00
2025-03-19 11:30:00+00:00,2025-03-19 19:30:00+08:00,GPM_1.55_104.05,104.04999542236328,1.5499999523162842,3.9800000190734863,1.9900000095367432,3B-HHR.MS.MRG.3IMERG.20250319-S113000-E115959.0690.V07B.HDF5,3.8299999237060547,10.184999823570251,24.5099995136261,,2025-03-19 20:00:00+08:00
2025-03-19 12:00:00+00:00,2025-03-19 20:00:00+08:00,GPM_1.55_104.05,104.04999542236328,1.5499999523162842,3.379999876022339,1.6899999380111694,3B-HHR.MS.MRG.3IMERG.20250319-S120000-E122959.0720.V07B.HDF5,3.6799999475479126,10.389999747276306,23.10499942302704,,2025-03-19 20:30:00+08:00
2025-03-19 12:30:00+00:00,2025-03-19 20:30:00+08:00,GPM_1.55_104.05,104.04999542236328,1.5499999523162842,5.319999694824219,2.6599998474121094,3B-HHR.MS.MRG.3IMERG.20250319-S123000-E125959.0750.V07B.HDF5,4.349999785423279,11.399999618530273,22.584999442100525,,2025-03-19 21:00:00+08:00
2025-03-19 13:00:00+00:00,2025-03-19 21:00:00+08:00,GPM_1.55_104.05,104.04999542236328,1.5499999523162842,4.389999866485596,2.194999933242798,3B-HHR.MS.MRG.3IMERG.20250319-S130000-E132959.0780.V07B.HDF5,4.854999780654907,12.164999604225159,22.549999356269836,,2025-03-19 21:30:00+08:00
2025-03-19 13:30:00+00:00,2025-03-19 21:30:00+08:00,GPM_1.55_104.05,104.04999542236328,1.5499999523162842,3.379999876022339,1.6899999380111694,3B-HHR.MS.MRG.3IMERG.20250319-S133000-E135959.0810.V07B.HDF5,3.8849998712539673,12.0649995803833,22.619999289512634,,2025-03-19 22:00:00+08:00
2025-03-19 14:00:00+00:00,2025-03-19 22:00:00+08:00,GPM_1.55_104.05,104.04999542236328,1.5499999523162842,3.4800000190734863,1.7400000095367432,3B-HHR.MS.MRG.3IMERG.20250319-S140000-E142959.0840.V07B.HDF5,3.4299999475479126,11.964999675750732,21.554999470710754,,2025-03-19 22:30:00+08:00
2025-03-19 14:30:00+00:00,2025-03-19 22:30:00+08:00,GPM_1.55_104.05,104.04999542236328,1.5499999523162842,3.5299999713897705,1.7649999856948853,3B-HHR.MS.MRG.3IMERG.20250319-S143000-E145959.0870.V07B.HDF5,3.5049999952316284,11.739999651908875,21.924999475479126,,2025-03-19 23:00:00+08:00
2025-03-19 15:00:00+00:00,2025-03-19 23:00:00+08:00,GPM_1.55_104.05,104.04999542236328,1.5499999523162842,3.6399998664855957,1.8199999332427979,3B-HHR.MS.MRG.3IMERG.20250319-S150000-E152959.0900.V07B.HDF5,3.584999918937683,11.869999647140503,22.25999939441681,,2025-03-19 23:30:00+08:00
2025-03-19 15:30:00+00:00,2025-03-19 23:30:00+08:00,GPM_1.55_104.05,104.04999542236328,1.5499999523162842,3.3399999141693115,1.6699999570846558,3B-HHR.MS.MRG.3IMERG.20250319-S153000-E155959.0930.V07B.HDF5,3.4899998903274536,10.87999975681305,22.279999375343323,96.92499766871333,2025-03-20 00:00:00+08:00
2025-03-19 16:00:00+00:00,2025-03-20 00:00:00+08:00,GPM_1.55_104.05,104.04999542236328,1.5499999523162842,2.93999981880188,1.46999990940094,3B-HHR.MS.MRG.3IMERG.20250319-S160000-E162959.0960.V07B.HDF5,3.1399998664855957,10.154999732971191,22.31999933719635,98.35499757900834,2025-03-20 00:30:00+08:00
2025-03-19 16:30:00+00:00,2025-03-20 00:30:00+08:00,GPM_1.55_104.05,104.04999542236328,1.5499999523162842,4.009999752044678,2.004999876022339,3B-HHR.MS.MRG.3IMERG.20250319-S163000-E165959.0990.V07B.HDF5,3.474999785423279,10.46999967098236,22.53499925136566,100.32999745570123,2025-03-20 01:00:00+08:00
2025-03-19 17:00:00+00:00,2025-03-20 01:00:00+08:00,GPM_1.55_104.05,104.04999542236328,1.5499999523162842,5.480000019073486,2.740000009536743,3B-HHR.MS.MRG.3IMERG.20250319-S170000-E172959.1020.V07B.HDF5,4.744999885559082,11.46999967098236,23.434999346733093,103.03999746590853,2025-03-20 01:30:00+08:00
2025-03-19 17:30:00+00:00,2025-03-20 01:30:00+08:00,GPM_1.55_104.05,104.04999542236328,1.5499999523162842,5.920000076293945,2.9600000381469727,3B-HHR.MS.MRG.3IMERG.20250319-S173000-E175959.1050.V07B.HDF5,5.700000047683716,12.664999723434448,24.404999375343323,105.9099975079298,2025-03-20 02:00:00+08:00
2025-03-19 18:00:00+00:00,2025-03-20 02:00:00+08:00,GPM_1.55_104.05,104.04999542236328,1.5499999523162842,5.730000019073486,2.865000009536743,3B-HHR.MS.MRG.3IMERG.20250319-S180000-E182959.1080.V07B.HDF5,5.825000047683716,13.709999799728394,25.579999446868896,108.6999975219369,2025-03-20 02:30:00+08:00
2025-03-19 18:30:00+00:00,2025-03-20 02:30:00+08:00,GPM_1.55_104.05,104.04999542236328,1.5499999523162842,5.650000095367432,2.825000047683716,3B-HHR.MS.MRG.3IMERG.20250319-S183000-E185959.1110.V07B.HDF5,5.690000057220459,14.864999890327454,25.744999647140503,111.44999757409096,2025-03-20 03:00:00+08:00
2025-03-19 19:00:00+00:00,2025-03-20 03:00:00+08:00,GPM_1.55_104.05,104.04999542236328,1.5499999523162842,4.440000057220459,2.2200000286102295,3B-HHR.MS.MRG.3IMERG.20250319-S190000-E192959.1140.V07B.HDF5,5.045000076293945,15.615000009536743,25.769999742507935,113.57999760657549,2025-03-20 03:30:00+08:00
2025-03-19 19:30:00+00:00,2025-03-20 03:30:00+08:00,GPM_1.55_104.05,104.04999542236328,1.5499999523162842,5.440000057220459,2.7200000286102295,3B-HHR.MS.MRG.3IMERG.20250319-S193000-E195959.1170.V07B.HDF5,4.940000057220459,16.330000162124634,26.799999833106995,115.96499765664339,2025-03-20 04:00:00+08:00
2025-03-19 20:00:00+00:00,2025-03-20 04:00:00+08:00,GPM_1.55_104.05,104.04999542236328,1.5499999523162842,4.349999904632568,2.174999952316284,3B-HHR.MS.MRG.3IMERG.20250319-S200000-E202959.1200.V07B.HDF5,4.894999980926514,15.765000104904175,27.234999775886536,118.06999760866165,2025-03-20 04:30:00+08:00
2025-03-19 20:30:00+00:00,2025-03-20 04:30:00+08:00,GPM_1.55_104.05,104.04999542236328,1.5499999523162842,4.940000057220459,2.4700000286102295,3B-HHR.MS.MRG.3IMERG.20250319-S203000-E205959.1230.V07B.HDF5,4.644999980926514,15.275000095367432,27.93999981880188,120.02999764680862,2025-03-20 05:00:00+08:00
2025-03-19 21:00:00+00:00,2025-03-20 05:00:00+08:00,GPM_1.55_104.05,104.04999542236328,1.5499999523162842,5.019999980926514,2.509999990463257,3B-HHR.MS.MRG.3IMERG.20250319-S210000-E212959.1260.V07B.HDF5,4.980000019073486,14.920000076293945,28.62999987602234,121.96999764442444,2025-03-20 05:30:00+08:00
2025-03-19 21:30:00+00:00,2025-03-20 05:30:00+08:00,GPM_1.55_104.05,104.04999542236328,1.5499999523162842,5.449999809265137,2.7249999046325684,3B-HHR.MS.MRG.3IMERG.20250319-S213000-E215959.1290.V07B.HDF5,5.234999895095825,14.819999933242798,29.68499982357025,124.04499757289886,2025-03-20 06:00:00+08:00
2025-03-19 22:00:00+00:00,2025-03-20 06:00:00+08:00,GPM_1.55_104.05,104.04999542236328,1.5499999523162842,5.710000038146973,2.8550000190734863,3B-HHR.MS.MRG.3IMERG.20250319-S220000-E222959.1320.V07B.HDF5,5.579999923706055,15.454999923706055,31.069999933242798,126.30499762296677,2025-03-20 06:30:00+08:00
2025-03-19 22:30:00+00:00,2025-03-20 06:30:00+08:00,GPM_1.55_104.05,104.04999542236328,1.5499999523162842,9.579999923706055,4.789999961853027,3B-HHR.MS.MRG.3IMERG.20250319-S223000-E225959.1350.V07B.HDF5,7.644999980926514,17.524999856948853,33.855000019073486,130.28999757766724,2025-03-20 07:00:00+08:00
2025-03-19 23:00:00+00:00,2025-03-20 07:00:00+08:00,GPM_1.55_104.05,104.04999542236328,1.5499999523162842,11.389999389648438,5.694999694824219,3B-HHR.MS.MRG.3IMERG.20250319-S230000-E232959.1380.V07B.HDF5,10.484999656677246,21.044999599456787,36.80999970436096,134.3149973154068,2025-03-20 07:30:00+08:00
2025-03-19 23:30:00+00:00,2025-03-20 07:30:00+08:00,GPM_1.55_104.05,104.04999542236328,1.5499999523162842,12.4399995803833,6.21999979019165,3B-HHR.MS.MRG.3IMERG.20250319-S233000-E235959.1410.V07B.HDF5,11.91499948501587,24.794999361038208,40.06999945640564,138.99999713897705,2025-03-20 08:00:00+08:00
2025-03-20 00:00:00+00:00,2025-03-20 08:00:00+08:00,GPM_1.55_104.05,104.04999542236328,1.5499999523162842,11.739999771118164,5.869999885559082,3B-HHR.MS.MRG.3IMERG.20250320-S000000-E002959.0000.V07B.HDF5,12.089999675750732,28.154999256134033,43.07499933242798,142.16499710083008,2025-03-20 08:30:00+08:00
2025-03-20 00:30:00+00:00,2025-03-20 08:30:00+08:00,GPM_1.55_104.05,104.04999542236328,1.5499999523162842,16.529998779296875,8.264999389648438,3B-HHR.MS.MRG.3IMERG.20250320-S003000-E005959.0030.V07B.HDF5,14.13499927520752,33.6949987411499,48.5149986743927,147.3749966621399,2025-03-20 09:00:00+08:00
2025-03-20 01:00:00+00:00,2025-03-20 09:00:00+08:00,GPM_1.55_104.05,104.04999542236328,1.5499999523162842,12.109999656677246,6.054999828338623,3B-HHR.MS.MRG.3IMERG.20250320-S010000-E012959.0060.V07B.HDF5,14.31999921798706,36.89499855041504,52.349998474121094,150.39999651908875,2025-03-20 09:30:00+08:00
2025-03-20 01:30:00+00:00,2025-03-20 09:30:00+08:00,GPM_1.55_104.05,104.04999542236328,1.5499999523162842,8.40999984741211,4.204999923706055,3B-HHR.MS.MRG.3IMERG.20250320-S013000-E015959.0090.V07B.HDF5,10.259999752044678,36.309998512268066,53.83499836921692,151.55999660491943,2025-03-20 10:00:00+08:00
2025-03-20 02:00:00+00:00,2025-03-20 10:00:00+08:00,GPM_1.55_104.05,104.04999542236328,1.5499999523162842,7.389999866485596,3.694999933242798,3B-HHR.MS.MRG.3IMERG.20250320-S020000-E022959.0120.V07B.HDF5,7.8999998569488525,34.309998750686646,55.35499835014343,150.86999678611755,2025-03-20 10:30:00+08:00
2025-03-20 02:30:00+00:00,2025-03-20 10:30:00+08:00,GPM_1.55_104.05,104.04999542236328,1.5499999523162842,7.059999942779541,3.5299999713897705,3B-HHR.MS.MRG.3IMERG.20250320-S023000-E025959.0150.V07B.HDF5,7.224999904632568,31.619998931884766,56.414998292922974,150.0049967765808,2025-03-20 11:00:00+08:00
2025-03-20 03:00:00+00:00,2025-03-20 11:00:00+08:00,GPM_1.55_104.05,104.04999542236328,1.5499999523162842,6.46999979019165,3.234999895095825,3B-HHR.MS.MRG.3IMERG.20250320-S030000-E032959.0180.V07B.HDF5,6.764999866485596,28.98499894142151,57.13999819755554,145.48999667167664,2025-03-20 11:30:00+08:00
2025-03-20 03:30:00+00:00,2025-03-20 11:30:00+08:00,GPM_1.55_104.05,104.04999542236328,1.5499999523162842,4.670000076293945,2.3350000381469727,3B-HHR.MS.MRG.3IMERG.20250320-S033000-E035959.0210.V07B.HDF5,5.569999933242798,23.054999589920044,56.749998331069946,145.90999674797058,2025-03-20 12:00:00+08:00
2025-03-20 04:00:00+00:00,2025-03-20 12:00:00+08:00,GPM_1.55_104.05,104.04999542236328,1.5499999523162842,3.5199999809265137,1.7599999904632568,3B-HHR.MS.MRG.3IMERG.20250320-S040000-E042959.0240.V07B.HDF5,4.0950000286102295,18.759999752044678,55.65499830245972,145.68999683856964,2025-03-20 12:30:00+08:00
2025-03-20 04:30:00+00:00,2025-03-20 12:30:00+08:00,GPM_1.55_104.05,104.04999542236328,1.5499999523162842,2.799999952316284,1.399999976158142,3B-HHR.MS.MRG.3IMERG.20250320-S043000-E045959.0270.V07B.HDF5,3.159999966621399,15.954999804496765,52.26499831676483,143.06499671936035,2025-03-20 13:00:00+08:00
2025-03-20 05:00:00+00:00,2025-03-20 13:00:00+08:00,GPM_1.55_104.05,104.04999542236328,1.5499999523162842,3.8499999046325684,1.9249999523162842,3B-HHR.MS.MRG.3IMERG.20250320-S050000-E052959.0300.V07B.HDF5,3.3249999284744263,14.184999823570251,48.4949985742569,136.70999693870544,2025-03-20 13:30:00+08:00
2025-03-20 05:30:00+00:00,2025-03-20 13:30:00+08:00,GPM_1.55_104.05,104.04999542236328,1.5499999523162842,5.940000057220459,2.9700000286102295,3B-HHR.MS.MRG.3IMERG.20250320-S053000-E055959.0330.V07B.HDF5,4.894999980926514,13.62499988079071,45.244998812675476,134.22999715805054,2025-03-20 14:00:00+08:00
2025-03-20 06:00:00+00:00,2025-03-20 14:00:00+08:00,GPM_1.55_104.05,104.04999542236328,1.5499999523162842,6.25,3.125,3B-HHR.MS.MRG.3IMERG.20250320-S060000-E062959.0360.V07B.HDF5,6.0950000286102295,13.514999985694885,42.499998927116394,134.2599971294403,2025-03-20 14:30:00+08:00
2025-03-20 06:30:00+00:00,2025-03-20 14:30:00+08:00,GPM_1.55_104.05,104.04999542236328,1.5499999523162842,6.21999979019165,3.109999895095825,3B-HHR.MS.MRG.3IMERG.20250320-S063000-E065959.0390.V07B.HDF5,6.234999895095825,14.289999842643738,37.34499943256378,134.1899971961975,2025-03-20 15:00:00+08:00
2025-03-20 07:00:00+00:00,2025-03-20 15:00:00+08:00,GPM_1.55_104.05,104.04999542236328,1.5499999523162842,5.809999942779541,2.9049999713897705,3B-HHR.MS.MRG.3IMERG.20250320-S070000-E072959.0420.V07B.HDF5,6.014999866485596,15.434999823570251,34.19499957561493,134.8649971485138,2025-03-20 15:30:00+08:00
2025-03-20 07:30:00+00:00,2025-03-20 15:30:00+08:00,GPM_1.55_104.05,104.04999542236328,1.5499999523162842,4.610000133514404,2.305000066757202,3B-HHR.MS.MRG.3IMERG.20250320-S073000-E075959.0450.V07B.HDF5,5.210000038146973,16.33999991416931,32.29499971866608,135.54999721050262,2025-03-20 16:00:00+08:00
2025-03-20 08:00:00+00:00,2025-03-20 16:00:00+08:00,GPM_1.55_104.05,104.04999542236328,1.5499999523162842,6.869999885559082,3.434999942779541,3B-HHR.MS.MRG.3IMERG.20250320-S080000-E082959.0480.V07B.HDF5,5.740000009536743,17.84999990463257,32.03499972820282,136.17999732494354,2025-03-20 16:30:00+08:00
2025-03-20 08:30:00+00:00,2025-03-20 16:30:00+08:00,GPM_1.55_104.05,104.04999542236328,1.5499999523162842,5.909999847412109,2.9549999237060547,3B-HHR.MS.MRG.3IMERG.20250320-S083000-E085959.0510.V07B.HDF5,6.389999866485596,17.834999799728394,31.459999680519104,137.73999726772308,2025-03-20 17:00:00+08:00
2025-03-20 09:00:00+00:00,2025-03-20 17:00:00+08:00,GPM_1.55_104.05,104.04999542236328,1.5499999523162842,5.989999771118164,2.994999885559082,3B-HHR.MS.MRG.3IMERG.20250320-S090000-E092959.0540.V07B.HDF5,5.949999809265137,17.704999685287476,31.21999967098236,139.24999713897705,2025-03-20 17:30:00+08:00
2025-03-20 09:30:00+00:00,2025-03-20 17:30:00+08:00,GPM_1.55_104.05,104.04999542236328,1.5499999523162842,4.900000095367432,2.450000047683716,3B-HHR.MS.MRG.3IMERG.20250320-S093000-E095959.0570.V07B.HDF5,5.444999933242798,17.044999837875366,31.334999680519104,140.04999721050262,2025-03-20 18:00:00+08:00
2025-03-20 10:00:00+00:00,2025-03-20 18:00:00+08:00,GPM_1.55_104.05,104.04999542236328,1.5499999523162842,6.559999942779541,3.2799999713897705,3B-HHR.MS.MRG.3IMERG.20250320-S100000-E102959.0600.V07B.HDF5,5.730000019073486,17.419999837875366,32.85499966144562,141.89999723434448,2025-03-20 18:30:00+08:00
2025-03-20 10:30:00+00:00,2025-03-20 18:30:00+08:00,GPM_1.55_104.05,104.04999542236328,1.5499999523162842,6.170000076293945,3.0850000381469727,3B-HHR.MS.MRG.3IMERG.20250320-S103000-E105959.0630.V07B.HDF5,6.365000009536743,18.199999809265137,34.53999972343445,143.19499731063843,2025-03-20 19:00:00+08:00
2025-03-20 11:00:00+00:00,2025-03-20 19:00:00+08:00,GPM_1.55_104.05,104.04999542236328,1.5499999523162842,3.2699999809265137,1.6349999904632568,3B-HHR.MS.MRG.3IMERG.20250320-S110000-E112959.0660.V07B.HDF5,4.7200000286102295,16.399999856948853,34.24999976158142,142.98999738693237,2025-03-20 19:30:00+08:00
2025-03-20 11:30:00+00:00,2025-03-20 19:30:00+08:00,GPM_1.55_104.05,104.04999542236328,1.5499999523162842,1.5099999904632568,0.7549999952316284,3B-HHR.MS.MRG.3IMERG.20250320-S113000-E115959.0690.V07B.HDF5,2.3899999856948853,14.199999928474426,32.03499972820282,141.75499737262726,2025-03-20 20:00:00+08:00
2025-03-20 12:00:00+00:00,2025-03-20 20:00:00+08:00,GPM_1.55_104.05,104.04999542236328,1.5499999523162842,1.5199999809265137,0.7599999904632568,3B-HHR.MS.MRG.3IMERG.20250320-S120000-E122959.0720.V07B.HDF5,1.5149999856948853,11.965000033378601,29.669999718666077,140.82499742507935,2025-03-20 20:30:00+08:00
2025-03-20 12:30:00+00:00,2025-03-20 20:30:00+08:00,GPM_1.55_104.05,104.04999542236328,1.5499999523162842,1.0799999237060547,0.5399999618530273,3B-HHR.MS.MRG.3IMERG.20250320-S123000-E125959.0750.V07B.HDF5,1.2999999523162842,10.054999947547913,27.09999978542328,138.70499753952026,2025-03-20 21:00:00+08:00
2025-03-20 13:00:00+00:00,2025-03-20 21:00:00+08:00,GPM_1.55_104.05,104.04999542236328,1.5499999523162842,1.8299999237060547,0.9149999618530273,3B-HHR.MS.MRG.3IMERG.20250320-S130000-E132959.0780.V07B.HDF5,1.4549999237060547,7.689999938011169,25.109999775886536,137.4249975681305,2025-03-20 21:30:00+08:00
2025-03-20 13:30:00+00:00,2025-03-20 21:30:00+08:00,GPM_1.55_104.05,104.04999542236328,1.5499999523162842,2.4700000286102295,1.2350000143051147,3B-HHR.MS.MRG.3IMERG.20250320-S133000-E135959.0810.V07B.HDF5,2.149999976158142,5.8399999141693115,24.03999972343445,136.96999764442444,2025-03-20 22:00:00+08:00
2025-03-20 14:00:00+00:00,2025-03-20 22:00:00+08:00,GPM_1.55_104.05,104.04999542236328,1.5499999523162842,1.9199999570846558,0.9599999785423279,3B-HHR.MS.MRG.3IMERG.20250320-S140000-E142959.0840.V07B.HDF5,2.1949999928474426,5.164999902248383,21.564999759197235,136.18999761343002,2025-03-20 22:30:00+08:00
2025-03-20 14:30:00+00:00,2025-03-20 22:30:00+08:00,GPM_1.55_104.05,104.04999542236328,1.5499999523162842,1.9199999570846558,0.9599999785423279,3B-HHR.MS.MRG.3IMERG.20250320-S143000-E145959.0870.V07B.HDF5,1.9199999570846558,5.369999885559082,19.56999981403351,135.38499760627747,2025-03-20 23:00:00+08:00
2025-03-20 15:00:00+00:00,2025-03-20 23:00:00+08:00,GPM_1.55_104.05,104.04999542236328,1.5499999523162842,2.25,1.125,3B-HHR.MS.MRG.3IMERG.20250320-S150000-E152959.0900.V07B.HDF5,2.084999978542328,5.734999895095825,17.699999928474426,134.68999767303467,2025-03-20 23:30:00+08:00
2025-03-20 15:30:00+00:00,2025-03-20 23:30:00+08:00,GPM_1.55_104.05,104.04999542236328,1.5499999523162842,2.069999933242798,1.034999966621399,3B-HHR.MS.MRG.3IMERG.20250320-S153000-E155959.0930.V07B.HDF5,2.159999966621399,6.229999899864197,16.28499984741211,134.0549976825714,2025-03-21 00:00:00+08:00
2025-03-20 16:00:00+00:00,2025-03-21 00:00:00+08:00,GPM_1.55_104.05,104.04999542236328,1.5499999523162842,0.8199999928474426,0.4099999964237213,3B-HHR.MS.MRG.3IMERG.20250320-S160000-E162959.0960.V07B.HDF5,1.4449999630451202,5.724999934434891,13.41499987244606,132.9949977695942,2025-03-21 00:30:00+08:00
2025-03-20 16:30:00+00:00,2025-03-21 00:30:00+08:00,GPM_1.55_104.05,104.04999542236328,1.5499999523162842,0.22999998927116394,0.11499999463558197,3B-HHR.MS.MRG.3IMERG.20250320-S163000-E165959.0990.V07B.HDF5,0.5249999910593033,4.604999914765358,10.44499982893467,131.10499788820744,2025-03-21 01:00:00+08:00
2025-03-20 17:00:00+00:00,2025-03-21 01:00:00+08:00,GPM_1.55_104.05,104.04999542236328,1.5499999523162842,0.3700000047683716,0.1850000023841858,3B-HHR.MS.MRG.3IMERG.20250320-S170000-E172959.1020.V07B.HDF5,0.29999999701976776,3.829999938607216,8.994999840855598,128.54999788105488,2025-03-21 01:30:00+08:00
2025-03-20 17:30:00+00:00,2025-03-21 01:30:00+08:00,GPM_1.55_104.05,104.04999542236328,1.5499999523162842,0.0,0.0,3B-HHR.MS.MRG.3IMERG.20250320-S173000-E175959.1050.V07B.HDF5,0.1850000023841858,2.869999960064888,8.23999984562397,125.5899978429079,2025-03-21 02:00:00+08:00
2025-03-20 18:00:00+00:00,2025-03-21 02:00:00+08:00,GPM_1.55_104.05,104.04999542236328,1.5499999523162842,0.8100000023841858,0.4050000011920929,3B-HHR.MS.MRG.3IMERG.20250320-S180000-E182959.1080.V07B.HDF5,0.4050000011920929,2.149999961256981,7.884999856352806,123.12999783456326,2025-03-21 02:30:00+08:00
2025-03-20 18:30:00+00:00,2025-03-21 02:30:00+08:00,GPM_1.55_104.05,104.04999542236328,1.5499999523162842,0.3100000023841858,0.1550000011920929,3B-HHR.MS.MRG.3IMERG.20250320-S183000-E185959.1110.V07B.HDF5,0.5600000023841858,1.2699999958276749,7.499999895691872,120.45999778807163,2025-03-21 03:00:00+08:00
2025-03-20 19:00:00+00:00,2025-03-21 03:00:00+08:00,GPM_1.55_104.05,104.04999542236328,1.5499999523162842,0.9699999690055847,0.48499998450279236,3B-HHR.MS.MRG.3IMERG.20250320-S190000-E192959.1140.V07B.HDF5,0.6399999856948853,1.344999983906746,7.069999918341637,118.7249977439642,2025-03-21 03:30:00+08:00
2025-03-20 19:30:00+00:00,2025-03-21 03:30:00+08:00,GPM_1.55_104.05,104.04999542236328,1.5499999523162842,0.4599999785423279,0.22999998927116394,3B-HHR.MS.MRG.3IMERG.20250320-S193000-E195959.1170.V07B.HDF5,0.7149999737739563,1.4599999785423279,6.064999893307686,116.23499770462513,2025-03-21 04:00:00+08:00
2025-03-20 20:00:00+00:00,2025-03-21 04:00:00+08:00,GPM_1.55_104.05,104.04999542236328,1.5499999523162842,1.7699999809265137,0.8849999904632568,3B-HHR.MS.MRG.3IMERG.20250320-S200000-E202959.1200.V07B.HDF5,1.1149999797344208,2.159999966621399,5.989999905228615,114.9449977427721,2025-03-21 04:30:00+08:00
2025-03-20 20:30:00+00:00,2025-03-21 04:30:00+08:00,GPM_1.55_104.05,104.04999542236328,1.5499999523162842,1.2400000095367432,0.6200000047683716,3B-HHR.MS.MRG.3IMERG.20250320-S203000-E205959.1230.V07B.HDF5,1.5049999952316284,2.7799999713897705,5.6499999314546585,113.09499771893024,2025-03-21 05:00:00+08:00
2025-03-20 21:00:00+00:00,2025-03-21 05:00:00+08:00,GPM_1.55_104.05,104.04999542236328,1.5499999523162842,0.3100000023841858,0.1550000011920929,3B-HHR.MS.MRG.3IMERG.20250320-S210000-E212959.1260.V07B.HDF5,0.7750000059604645,2.5299999713897705,4.679999932646751,110.73999772965908,2025-03-21 05:30:00+08:00
2025-03-20 21:30:00+00:00,2025-03-21 05:30:00+08:00,GPM_1.55_104.05,104.04999542236328,1.5499999523162842,0.5,0.25,3B-HHR.MS.MRG.3IMERG.20250320-S213000-E215959.1290.V07B.HDF5,0.4050000011920929,2.6249999701976776,3.8949999660253525,108.26499782502651,2025-03-21 06:00:00+08:00
2025-03-20 22:00:00+00:00,2025-03-21 06:00:00+08:00,GPM_1.55_104.05,104.04999542236328,1.5499999523162842,0.1899999976158142,0.0949999988079071,3B-HHR.MS.MRG.3IMERG.20250320-S220000-E222959.1320.V07B.HDF5,0.3449999988079071,2.2349999845027924,3.5799999684095383,105.50499780476093,2025-03-21 06:30:00+08:00
2025-03-20 22:30:00+00:00,2025-03-21 06:30:00+08:00,GPM_1.55_104.05,104.04999542236328,1.5499999523162842,0.0,0.0,3B-HHR.MS.MRG.3IMERG.20250320-S223000-E225959.1350.V07B.HDF5,0.0949999988079071,2.0049999952316284,3.4649999737739563,100.7149978429079,2025-03-21 07:00:00+08:00
2025-03-20 23:00:00+00:00,2025-03-21 07:00:00+08:00,GPM_1.55_104.05,104.04999542236328,1.5499999523162842,0.23999999463558197,0.11999999731779099,3B-HHR.MS.MRG.3IMERG.20250320-S230000-E232959.1380.V07B.HDF5,0.11999999731779099,1.2400000020861626,3.3999999687075615,95.13999814540148,2025-03-21 07:30:00+08:00
2025-03-20 23:30:00+00:00,2025-03-21 07:30:00+08:00,GPM_1.55_104.05,104.04999542236328,1.5499999523162842,0.28999999165534973,0.14499999582767487,3B-HHR.MS.MRG.3IMERG.20250320-S233000-E235959.1410.V07B.HDF5,0.26499999314546585,0.7649999931454659,3.5449999645352364,89.0649983510375,2025-03-21 08:00:00+08:00
2025-03-21 00:00:00+00:00,2025-03-21 08:00:00+08:00,GPM_1.55_104.05,104.04999542236328,1.5499999523162842,0.19999998807907104,0.09999999403953552,3B-HHR.MS.MRG.3IMERG.20250321-S000000-E002959.0000.V07B.HDF5,0.2449999898672104,0.7099999859929085,3.239999957382679,83.29499845951796,2025-03-21 08:30:00+08:00
2025-03-21 00:30:00+00:00,2025-03-21 08:30:00+08:00,GPM_1.55_104.05,104.04999542236328,1.5499999523162842,0.009999999776482582,0.004999999888241291,3B-HHR.MS.MRG.3IMERG.20250321-S003000-E005959.0030.V07B.HDF5,0.10499999392777681,0.46499998588114977,3.0899999560788274,75.03499906975776,2025-03-21 09:00:00+08:00
2025-03-21 01:00:00+00:00,2025-03-21 09:00:00+08:00,GPM_1.55_104.05,104.04999542236328,1.5499999523162842,0.08999999612569809,0.044999998062849045,3B-HHR.MS.MRG.3IMERG.20250321-S010000-E012959.0060.V07B.HDF5,0.049999997951090336,0.4149999851360917,2.649999969638884,69.02499923948199,2025-03-21 09:30:00+08:00
2025-03-21 01:30:00+00:00,2025-03-21 09:30:00+08:00,GPM_1.55_104.05,104.04999542236328,1.5499999523162842,0.19999998807907104,0.09999999403953552,3B-HHR.MS.MRG.3IMERG.20250321-S013000-E015959.0090.V07B.HDF5,0.14499999210238457,0.5149999791756272,2.5199999744072556,64.91999930981547,2025-03-21 10:00:00+08:00
2025-03-21 02:00:00+00:00,2025-03-21 10:00:00+08:00,GPM_1.55_104.05,104.04999542236328,1.5499999523162842,0.17999999225139618,0.08999999612569809,3B-HHR.MS.MRG.3IMERG.20250321-S020000-E022959.0120.V07B.HDF5,0.1899999901652336,0.48499997798353434,1.724999980069697,61.31499937269837,2025-03-21 10:30:00+08:00
2025-03-21 02:30:00+00:00,2025-03-21 10:30:00+08:00,GPM_1.55_104.05,104.04999542236328,1.5499999523162842,0.3100000023841858,0.1550000011920929,3B-HHR.MS.MRG.3IMERG.20250321-S023000-E025959.0150.V07B.HDF5,0.24499999731779099,0.49499998334795237,1.2599999764934182,57.93999940250069,2025-03-21 11:00:00+08:00
2025-03-21 03:00:00+00:00,2025-03-21 11:00:00+08:00,GPM_1.55_104.05,104.04999542236328,1.5499999523162842,0.14000000059604645,0.07000000029802322,3B-HHR.MS.MRG.3IMERG.20250321-S030000-E032959.0180.V07B.HDF5,0.22500000149011612,0.46499998960644007,1.1749999755993485,54.77499950770289,2025-03-21 11:30:00+08:00
2025-03-21 03:30:00+00:00,2025-03-21 11:30:00+08:00,GPM_1.55_104.05,104.04999542236328,1.5499999523162842,0.17999999225139618,0.08999999612569809,3B-HHR.MS.MRG.3IMERG.20250321-S033000-E035959.0210.V07B.HDF5,0.1599999964237213,0.5499999858438969,1.0149999717250466,52.52999946568161,2025-03-21 12:00:00+08:00
2025-03-21 04:00:00+00:00,2025-03-21 12:00:00+08:00,GPM_1.55_104.05,104.04999542236328,1.5499999523162842,0.22999998927116394,0.11499999463558197,3B-HHR.MS.MRG.3IMERG.20250321-S040000-E042959.0240.V07B.HDF5,0.20499999076128006,0.6199999824166298,1.0349999675527215,50.88499946985394,2025-03-21 12:30:00+08:00
2025-03-21 04:30:00+00:00,2025-03-21 12:30:00+08:00,GPM_1.55_104.05,104.04999542236328,1.5499999523162842,1.4800000190734863,0.7400000095367432,3B-HHR.MS.MRG.3IMERG.20250321-S043000-E045959.0270.V07B.HDF5,0.8550000041723251,1.2599999979138374,1.7749999770894647,50.22499950323254,2025-03-21 13:00:00+08:00
2025-03-21 05:00:00+00:00,2025-03-21 13:00:00+08:00,GPM_1.55_104.05,104.04999542236328,1.5499999523162842,0.7799999713897705,0.38999998569488525,3B-HHR.MS.MRG.3IMERG.20250321-S050000-E052959.0300.V07B.HDF5,1.1299999952316284,1.5599999874830246,2.044999965466559,48.68999953661114,2025-03-21 13:30:00+08:00
2025-03-21 05:30:00+00:00,2025-03-21 13:30:00+08:00,GPM_1.55_104.05,104.04999542236328,1.5499999523162842,0.8700000047683716,0.4350000023841858,3B-HHR.MS.MRG.3IMERG.20250321-S053000-E055959.0330.V07B.HDF5,0.824999988079071,1.8399999886751175,2.33499997202307,46.154999510385096,2025-03-21 14:00:00+08:00
2025-03-21 06:00:00+00:00,2025-03-21 14:00:00+08:00,GPM_1.55_104.05,104.04999542236328,1.5499999523162842,1.0199999809265137,0.5099999904632568,3B-HHR.MS.MRG.3IMERG.20250321-S060000-E062959.0360.V07B.HDF5,0.9449999928474426,2.279999978840351,2.744999968446791,43.53999950084835,2025-03-21 14:30:00+08:00
2025-03-21 06:30:00+00:00,2025-03-21 14:30:00+08:00,GPM_1.55_104.05,104.04999542236328,1.5499999523162842,0.7400000095367432,0.3700000047683716,3B-HHR.MS.MRG.3IMERG.20250321-S063000-E065959.0390.V07B.HDF5,0.8799999952316284,2.5599999874830246,3.1099999733269215,40.7999996105209,2025-03-21 15:00:00+08:00
2025-03-21 07:00:00+00:00,2025-03-21 15:00:00+08:00,GPM_1.55_104.05,104.04999542236328,1.5499999523162842,0.3700000047683716,0.1850000023841858,3B-HHR.MS.MRG.3IMERG.20250321-S070000-E072959.0420.V07B.HDF5,0.5550000071525574,2.6299999952316284,3.249999977648258,38.079999641515315,2025-03-21 15:30:00+08:00
2025-03-21 07:30:00+00:00,2025-03-21 15:30:00+08:00,GPM_1.55_104.05,104.04999542236328,1.5499999523162842,0.0,0.0,3B-HHR.MS.MRG.3IMERG.20250321-S073000-E075959.0450.V07B.HDF5,0.1850000023841858,1.8899999856948853,3.1499999836087227,35.77499957475811,2025-03-21 16:00:00+08:00
2025-03-21 08:00:00+00:00,2025-03-21 16:00:00+08:00,GPM_1.55_104.05,104.04999542236328,1.5499999523162842,0.14999999105930328,0.07499999552965164,3B-HHR.MS.MRG.3IMERG.20250321-S080000-E082959.0480.V07B.HDF5,0.07499999552965164,1.5749999955296516,3.1349999830126762,32.41499962750822,2025-03-21 16:30:00+08:00
2025-03-21 08:30:00+00:00,2025-03-21 16:30:00+08:00,GPM_1.55_104.05,104.04999542236328,1.5499999523162842,0.1899999976158142,0.0949999988079071,3B-HHR.MS.MRG.3IMERG.20250321-S083000-E085959.0510.V07B.HDF5,0.16999999433755875,1.234999991953373,3.0749999806284904,29.554999702610075,2025-03-21 17:00:00+08:00
2025-03-21 09:00:00+00:00,2025-03-21 17:00:00+08:00,GPM_1.55_104.05,104.04999542236328,1.5499999523162842,0.1899999976158142,0.0949999988079071,3B-HHR.MS.MRG.3IMERG.20250321-S090000-E092959.0540.V07B.HDF5,0.1899999976158142,0.8200000002980232,3.0999999791383743,26.6549998158589,2025-03-21 17:30:00+08:00
2025-03-21 09:30:00+00:00,2025-03-21 17:30:00+08:00,GPM_1.55_104.05,104.04999542236328,1.5499999523162842,0.0,0.0,3B-HHR.MS.MRG.3IMERG.20250321-S093000-E095959.0570.V07B.HDF5,0.0949999988079071,0.44999999552965164,3.0099999830126762,24.204999768175185,2025-03-21 18:00:00+08:00
2025-03-21 10:00:00+00:00,2025-03-21 18:00:00+08:00,GPM_1.55_104.05,104.04999542236328,1.5499999523162842,0.07999999821186066,0.03999999910593033,3B-HHR.MS.MRG.3IMERG.20250321-S100000-E102959.0600.V07B.HDF5,0.03999999910593033,0.3049999922513962,2.9349999874830246,20.964999795891345,2025-03-21 18:30:00+08:00
2025-03-21 10:30:00+00:00,2025-03-21 18:30:00+08:00,GPM_1.55_104.05,104.04999542236328,1.5499999523162842,0.23999999463558197,0.11999999731779099,3B-HHR.MS.MRG.3IMERG.20250321-S103000-E105959.0630.V07B.HDF5,0.1599999964237213,0.42499998956918716,2.3149999752640724,17.999999755062163,2025-03-21 19:00:00+08:00
2025-03-21 11:00:00+00:00,2025-03-21 19:00:00+08:00,GPM_1.55_104.05,104.04999542236328,1.5499999523162842,1.3299999237060547,0.6649999618530273,3B-HHR.MS.MRG.3IMERG.20250321-S110000-E112959.0660.V07B.HDF5,0.7849999591708183,1.0149999558925629,2.5899999514222145,17.029999726451933,2025-03-21 19:30:00+08:00
2025-03-21 11:30:00+00:00,2025-03-21 19:30:00+08:00,GPM_1.55_104.05,104.04999542236328,1.5499999523162842,1.6899999380111694,0.8449999690055847,3B-HHR.MS.MRG.3IMERG.20250321-S113000-E115959.0690.V07B.HDF5,1.509999930858612,1.7649999260902405,2.9999999180436134,17.11999970022589,2025-03-21 20:00:00+08:00
2025-03-21 12:00:00+00:00,2025-03-21 20:00:00+08:00,GPM_1.55_104.05,104.04999542236328,1.5499999523162842,3.0199999809265137,1.5099999904632568,3B-HHR.MS.MRG.3IMERG.20250321-S120000-E122959.0720.V07B.HDF5,2.3549999594688416,3.17999991774559,3.9999999180436134,17.86999970022589,2025-03-21 20:30:00+08:00
2025-03-21 12:30:00+00:00,2025-03-21 20:30:00+08:00,GPM_1.55_104.05,104.04999542236328,1.5499999523162842,2.700000047683716,1.350000023841858,3B-HHR.MS.MRG.3IMERG.20250321-S123000-E125959.0750.V07B.HDF5,2.8600000143051147,4.529999941587448,4.9799999371171,18.67999976221472,2025-03-21 21:00:00+08:00
2025-03-21 13:00:00+00:00,2025-03-21 21:00:00+08:00,GPM_1.55_104.05,104.04999542236328,1.5499999523162842,0.949999988079071,0.4749999940395355,3B-HHR.MS.MRG.3IMERG.20250321-S130000-E132959.0780.V07B.HDF5,1.8250000178813934,4.964999936521053,5.2699999287724495,18.23999979440123,2025-03-21 21:30:00+08:00
2025-03-21 13:30:00+00:00,2025-03-21 21:30:00+08:00,GPM_1.55_104.05,104.04999542236328,1.5499999523162842,0.75,0.375,3B-HHR.MS.MRG.3IMERG.20250321-S133000-E135959.0810.V07B.HDF5,0.8499999940395355,5.219999939203262,5.6449999287724495,17.379999780096114,2025-03-21 22:00:00+08:00
2025-03-21 14:00:00+00:00,2025-03-21 22:00:00+08:00,GPM_1.55_104.05,104.04999542236328,1.5499999523162842,0.8399999737739563,0.41999998688697815,3B-HHR.MS.MRG.3IMERG.20250321-S140000-E142959.0840.V07B.HDF5,0.7949999868869781,4.974999964237213,5.989999920129776,16.839999788440764,2025-03-21 22:30:00+08:00
2025-03-21 14:30:00+00:00,2025-03-21 22:30:00+08:00,GPM_1.55_104.05,104.04999542236328,1.5499999523162842,0.9699999690055847,0.48499998450279236,3B-HHR.MS.MRG.3IMERG.20250321-S143000-E145959.0870.V07B.HDF5,0.9049999713897705,4.614999979734421,6.379999905824661,16.36499979440123,2025-03-21 23:00:00+08:00
2025-03-21 15:00:00+00:00,2025-03-21 23:00:00+08:00,GPM_1.55_104.05,104.04999542236328,1.5499999523162842,1.0299999713897705,0.5149999856948853,3B-HHR.MS.MRG.3IMERG.20250321-S150000-E152959.0900.V07B.HDF5,0.9999999701976776,3.619999974966049,6.799999892711639,15.754999780096114,2025-03-21 23:30:00+08:00
2025-03-21 15:30:00+00:00,2025-03-21 23:30:00+08:00,GPM_1.55_104.05,104.04999542236328,1.5499999523162842,1.71999990940094,0.85999995470047,3B-HHR.MS.MRG.3IMERG.20250321-S153000-E155959.0930.V07B.HDF5,1.3749999403953552,3.1299999058246613,7.659999847412109,15.579999768175185,2025-03-22 00:00:00+08:00
2025-03-18 16:00:00+00:00,2025-03-19 00:00:00+08:00,GPM_1.65_103.65,103.64999389648438,1.649999976158142,0.0,0.0,3B-HHR.MS.MRG.3IMERG.20250318-S160000-E162959.0960.V07B.HDF5,,,,,2025-03-19 00:30:00+08:00
2025-03-18 16:30:00+00:00,2025-03-19 00:30:00+08:00,GPM_1.65_103.65,103.64999389648438,1.649999976158142,0.0,0.0,3B-HHR.MS.MRG.3IMERG.20250318-S163000-E165959.0990.V07B.HDF5,0.0,,,,2025-03-19 01:00:00+08:00
2025-03-18 17:00:00+00:00,2025-03-19 01:00:00+08:00,GPM_1.65_103.65,103.64999389648438,1.649999976158142,0.0,0.0,3B-HHR.MS.MRG.3IMERG.20250318-S170000-E172959.1020.V07B.HDF5,0.0,,,,2025-03-19 01:30:00+08:00
2025-03-18 17:30:00+00:00,2025-03-19 01:30:00+08:00,GPM_1.65_103.65,103.64999389648438,1.649999976158142,0.0,0.0,3B-HHR.MS.MRG.3IMERG.20250318-S173000-E175959.1050.V07B.HDF5,0.0,,,,2025-03-19 02:00:00+08:00
2025-03-18 18:00:00+00:00,2025-03-19 02:00:00+08:00,GPM_1.65_103.65,103.64999389648438,1.649999976158142,0.0,0.0,3B-HHR.MS.MRG.3IMERG.20250318-S180000-E182959.1080.V07B.HDF5,0.0,,,,2025-03-19 02:30:00+08:00
2025-03-18 18:30:00+00:00,2025-03-19 02:30:00+08:00,GPM_1.65_103.65,103.64999389648438,1.649999976158142,0.14000000059604645,0.07000000029802322,3B-HHR.MS.MRG.3IMERG.20250318-S183000-E185959.1110.V07B.HDF5,0.07000000029802322,0.07000000029802322,,,2025-03-19 03:00:00+08:00
2025-03-18 19:00:00+00:00,2025-03-19 03:00:00+08:00,GPM_1.65_103.65,103.64999389648438,1.649999976158142,0.0,0.0,3B-HHR.MS.MRG.3IMERG.20250318-S190000-E192959.1140.V07B.HDF5,0.07000000029802322,0.07000000029802322,,,2025-03-19 03:30:00+08:00
2025-03-18 19:30:00+00:00,2025-03-19 03:30:00+08:00,GPM_1.65_103.65,103.64999389648438,1.649999976158142,0.0,0.0,3B-HHR.MS.MRG.3IMERG.20250318-S193000-E195959.1170.V07B.HDF5,0.0,0.07000000029802322,,,2025-03-19 04:00:00+08:00
2025-03-18 20:00:00+00:00,2025-03-19 04:00:00+08:00,GPM_1.65_103.65,103.64999389648438,1.649999976158142,0.0,0.0,3B-HHR.MS.MRG.3IMERG.20250318-S200000-E202959.1200.V07B.HDF5,0.0,0.07000000029802322,,,2025-03-19 04:30:00+08:00
2025-03-18 20:30:00+00:00,2025-03-19 04:30:00+08:00,GPM_1.65_103.65,103.64999389648438,1.649999976158142,0.07000000029802322,0.03500000014901161,3B-HHR.MS.MRG.3IMERG.20250318-S203000-E205959.1230.V07B.HDF5,0.03500000014901161,0.10500000044703484,,,2025-03-19 05:00:00+08:00
2025-03-18 21:00:00+00:00,2025-03-19 05:00:00+08:00,GPM_1.65_103.65,103.64999389648438,1.649999976158142,0.11999999731779099,0.05999999865889549,3B-HHR.MS.MRG.3IMERG.20250318-S210000-E212959.1260.V07B.HDF5,0.0949999988079071,0.16499999910593033,,,2025-03-19 05:30:00+08:00
2025-03-18 21:30:00+00:00,2025-03-19 05:30:00+08:00,GPM_1.65_103.65,103.64999389648438,1.649999976158142,0.6499999761581421,0.32499998807907104,3B-HHR.MS.MRG.3IMERG.20250318-S213000-E215959.1290.V07B.HDF5,0.38499998673796654,0.41999998688697815,0.4899999871850014,,2025-03-19 06:00:00+08:00
2025-03-18 22:00:00+00:00,2025-03-19 06:00:00+08:00,GPM_1.65_103.65,103.64999389648438,1.649999976158142,0.5299999713897705,0.26499998569488525,3B-HHR.MS.MRG.3IMERG.20250318-S220000-E222959.1320.V07B.HDF5,0.5899999737739563,0.6849999725818634,0.7549999728798866,,2025-03-19 06:30:00+08:00
2025-03-18 22:30:00+00:00,2025-03-19 06:30:00+08:00,GPM_1.65_103.65,103.64999389648438,1.649999976158142,0.38999998569488525,0.19499999284744263,3B-HHR.MS.MRG.3IMERG.20250318-S223000-E225959.1350.V07B.HDF5,0.4599999785423279,0.879999965429306,0.9499999657273293,,2025-03-19 07:00:00+08:00
2025-03-18 23:00:00+00:00,2025-03-19 07:00:00+08:00,GPM_1.65_103.65,103.64999389648438,1.649999976158142,0.6499999761581421,0.32499998807907104,3B-HHR.MS.MRG.3IMERG.20250318-S230000-E232959.1380.V07B.HDF5,0.5199999809265137,1.204999953508377,1.2749999538064003,,2025-03-19 07:30:00+08:00
2025-03-18 23:30:00+00:00,2025-03-19 07:30:00+08:00,GPM_1.65_103.65,103.64999389648438,1.649999976158142,2.369999885559082,1.184999942779541,3B-HHR.MS.MRG.3IMERG.20250318-S233000-E235959.1410.V07B.HDF5,1.509999930858612,2.3549998961389065,2.4599998965859413,,2025-03-19 08:00:00+08:00
2025-03-19 00:00:00+00:00,2025-03-19 08:00:00+08:00,GPM_1.65_103.65,103.64999389648438,1.649999976158142,1.6899999380111694,0.8449999690055847,3B-HHR.MS.MRG.3IMERG.20250319-S000000-E002959.0000.V07B.HDF5,2.0299999117851257,3.1399998664855957,3.304999865591526,,2025-03-19 08:30:00+08:00
2025-03-19 00:30:00+00:00,2025-03-19 08:30:00+08:00,GPM_1.65_103.65,103.64999389648438,1.649999976158142,2.5299999713897705,1.2649999856948853,3B-HHR.MS.MRG.3IMERG.20250319-S003000-E005959.0030.V07B.HDF5,2.10999995470047,4.07999986410141,4.499999850988388,,2025-03-19 09:00:00+08:00
2025-03-19 01:00:00+00:00,2025-03-19 09:00:00+08:00,GPM_1.65_103.65,103.64999389648438,1.649999976158142,4.029999732971191,2.0149998664855957,3B-HHR.MS.MRG.3IMERG.20250319-S010000-E012959.0060.V07B.HDF5,3.279999852180481,5.82999974489212,6.514999717473984,,2025-03-19 09:30:00+08:00
2025-03-19 01:30:00+00:00,2025-03-19 09:30:00+08:00,GPM_1.65_103.65,103.64999389648438,1.649999976158142,4.529999732971191,2.2649998664855957,3B-HHR.MS.MRG.3IMERG.20250319-S013000-E015959.0090.V07B.HDF5,4.279999732971191,7.899999618530273,8.77999958395958,,2025-03-19 10:00:00+08:00
2025-03-19 02:00:00+00:00,2025-03-19 10:00:00+08:00,GPM_1.65_103.65,103.64999389648438,1.649999976158142,4.71999979019165,2.359999895095825,3B-HHR.MS.MRG.3IMERG.20250319-S020000-E022959.0120.V07B.HDF5,4.624999761581421,9.934999525547028,11.139999479055405,,2025-03-19 10:30:00+08:00
2025-03-19 02:30:00+00:00,2025-03-19 10:30:00+08:00,GPM_1.65_103.65,103.64999389648438,1.649999976158142,5.21999979019165,2.609999895095825,3B-HHR.MS.MRG.3IMERG.20250319-S023000-E025959.0150.V07B.HDF5,4.96999979019165,11.359999477863312,13.714999374002218,,2025-03-19 11:00:00+08:00
2025-03-19 03:00:00+00:00,2025-03-19 11:00:00+08:00,GPM_1.65_103.65,103.64999389648438,1.649999976158142,8.199999809265137,4.099999904632568,3B-HHR.MS.MRG.3IMERG.20250319-S030000-E032959.0180.V07B.HDF5,6.7099997997283936,14.614999413490295,17.75499927997589,,2025-03-19 11:30:00+08:00
2025-03-19 03:30:00+00:00,2025-03-19 11:30:00+08:00,GPM_1.65_103.65,103.64999389648438,1.649999976158142,5.509999752044678,2.754999876022339,3B-HHR.MS.MRG.3IMERG.20250319-S033000-E035959.0210.V07B.HDF5,6.854999780654907,16.10499930381775,20.18499916791916,,2025-03-19 12:00:00+08:00
2025-03-19 04:00:00+00:00,2025-03-19 12:00:00+08:00,GPM_1.65_103.65,103.64999389648438,1.649999976158142,6.12999963760376,3.06499981880188,3B-HHR.MS.MRG.3IMERG.20250319-S040000-E042959.0240.V07B.HDF5,5.819999694824219,17.154999256134033,22.984999001026154,,2025-03-19 12:30:00+08:00
2025-03-19 04:30:00+00:00,2025-03-19 12:30:00+08:00,GPM_1.65_103.65,103.64999389648438,1.649999976158142,4.279999732971191,2.1399998664855957,3B-HHR.MS.MRG.3IMERG.20250319-S043000-E045959.0270.V07B.HDF5,5.204999685287476,17.029999256134033,24.929998874664307,,2025-03-19 13:00:00+08:00
2025-03-19 05:00:00+00:00,2025-03-19 13:00:00+08:00,GPM_1.65_103.65,103.64999389648438,1.649999976158142,4.900000095367432,2.450000047683716,3B-HHR.MS.MRG.3IMERG.20250319-S050000-E052959.0300.V07B.HDF5,4.5899999141693115,17.119999408721924,27.05499893426895,,2025-03-19 13:30:00+08:00
2025-03-19 05:30:00+00:00,2025-03-19 13:30:00+08:00,GPM_1.65_103.65,103.64999389648438,1.649999976158142,8.109999656677246,4.054999828338623,3B-HHR.MS.MRG.3IMERG.20250319-S053000-E055959.0330.V07B.HDF5,6.504999876022339,18.56499934196472,29.924998819828033,,2025-03-19 14:00:00+08:00
2025-03-19 06:00:00+00:00,2025-03-19 14:00:00+08:00,GPM_1.65_103.65,103.64999389648438,1.649999976158142,8.65999984741211,4.329999923706055,3B-HHR.MS.MRG.3IMERG.20250319-S060000-E062959.0360.V07B.HDF5,8.384999752044678,18.794999361038208,33.4099987745285,,2025-03-19 14:30:00+08:00
2025-03-19 06:30:00+00:00,2025-03-19 14:30:00+08:00,GPM_1.65_103.65,103.64999389648438,1.649999976158142,7.109999656677246,3.554999828338623,3B-HHR.MS.MRG.3IMERG.20250319-S063000-E065959.0390.V07B.HDF5,7.884999752044678,19.594999313354492,35.69999861717224,,2025-03-19 15:00:00+08:00
2025-03-19 07:00:00+00:00,2025-03-19 15:00:00+08:00,GPM_1.65_103.65,103.64999389648438,1.649999976158142,6.210000038146973,3.1050000190734863,3B-HHR.MS.MRG.3IMERG.20250319-S070000-E072959.0420.V07B.HDF5,6.659999847412109,19.6349995136261,36.78999876976013,,2025-03-19 15:30:00+08:00
2025-03-19 07:30:00+00:00,2025-03-19 15:30:00+08:00,GPM_1.65_103.65,103.64999389648438,1.649999976158142,6.929999828338623,3.4649999141693115,3B-HHR.MS.MRG.3IMERG.20250319-S073000-E075959.0450.V07B.HDF5,6.569999933242798,20.959999561309814,37.98999881744385,,2025-03-19 16:00:00+08:00
2025-03-19 08:00:00+00:00,2025-03-19 16:00:00+08:00,GPM_1.65_103.65,103.64999389648438,1.649999976158142,9.579999923706055,4.789999961853027,3B-HHR.MS.MRG.3IMERG.20250319-S080000-E082959.0480.V07B.HDF5,8.254999876022339,23.299999475479126,40.41999888420105,,2025-03-19 16:30:00+08:00
2025-03-19 08:30:00+00:00,2025-03-19 16:30:00+08:00,GPM_1.65_103.65,103.64999389648438,1.649999976158142,8.880000114440918,4.440000057220459,3B-HHR.MS.MRG.3IMERG.20250319-S083000-E085959.0510.V07B.HDF5,9.230000019073486,23.684999704360962,42.249999046325684,,2025-03-19 17:00:00+08:00
2025-03-19 09:00:00+00:00,2025-03-19 17:00:00+08:00,GPM_1.65_103.65,103.64999389648438,1.649999976158142,9.420000076293945,4.710000038146973,3B-HHR.MS.MRG.3IMERG.20250319-S090000-E092959.0540.V07B.HDF5,9.150000095367432,24.06499981880188,42.85999917984009,,2025-03-19 17:30:00+08:00
2025-03-19 09:30:00+00:00,2025-03-19 17:30:00+08:00,GPM_1.65_103.65,103.64999389648438,1.649999976158142,8.84999942779541,4.424999713897705,3B-HHR.MS.MRG.3IMERG.20250319-S093000-E095959.0570.V07B.HDF5,9.134999752044678,24.934999704360962,44.529999017715454,,2025-03-19 18:00:00+08:00
2025-03-19 10:00:00+00:00,2025-03-19 18:00:00+08:00,GPM_1.65_103.65,103.64999389648438,1.649999976158142,6.829999923706055,3.4149999618530273,3B-HHR.MS.MRG.3IMERG.20250319-S100000-E102959.0600.V07B.HDF5,7.839999675750732,25.244999647140503,44.8799991607666,,2025-03-19 18:30:00+08:00
2025-03-19 10:30:00+00:00,2025-03-19 18:30:00+08:00,GPM_1.65_103.65,103.64999389648438,1.649999976158142,6.679999828338623,3.3399999141693115,3B-HHR.MS.MRG.3IMERG.20250319-S103000-E105959.0630.V07B.HDF5,6.754999876022339,25.119999647140503,46.07999920845032,,2025-03-19 19:00:00+08:00
2025-03-19 11:00:00+00:00,2025-03-19 19:00:00+08:00,GPM_1.65_103.65,103.64999389648438,1.649999976158142,6.569999694824219,3.2849998474121094,3B-HHR.MS.MRG.3IMERG.20250319-S110000-E112959.0660.V07B.HDF5,6.624999761581421,23.614999532699585,46.91499900817871,,2025-03-19 19:30:00+08:00
2025-03-19 11:30:00+00:00,2025-03-19 19:30:00+08:00,GPM_1.65_103.65,103.64999389648438,1.649999976158142,5.460000038146973,2.7300000190734863,3B-HHR.MS.MRG.3IMERG.20250319-S113000-E115959.0690.V07B.HDF5,6.014999866485596,21.904999494552612,45.589999198913574,,2025-03-19 20:00:00+08:00
2025-03-19 12:00:00+00:00,2025-03-19 20:00:00+08:00,GPM_1.65_103.65,103.64999389648438,1.649999976158142,3.7099997997283936,1.8549998998641968,3B-HHR.MS.MRG.3IMERG.20250319-S120000-E122959.0720.V07B.HDF5,4.584999918937683,19.049999356269836,43.114999175071716,,2025-03-19 20:30:00+08:00
2025-03-19 12:30:00+00:00,2025-03-19 20:30:00+08:00,GPM_1.65_103.65,103.64999389648438,1.649999976158142,6.940000057220459,3.4700000286102295,3B-HHR.MS.MRG.3IMERG.20250319-S123000-E125959.0750.V07B.HDF5,5.324999928474426,18.09499967098236,43.02999937534332,,2025-03-19 21:00:00+08:00
2025-03-19 13:00:00+00:00,2025-03-19 21:00:00+08:00,GPM_1.65_103.65,103.64999389648438,1.649999976158142,5.480000019073486,2.740000009536743,3B-HHR.MS.MRG.3IMERG.20250319-S130000-E132959.0780.V07B.HDF5,6.210000038146973,17.419999718666077,42.66499936580658,,2025-03-19 21:30:00+08:00
2025-03-19 13:30:00+00:00,2025-03-19 21:30:00+08:00,GPM_1.65_103.65,103.64999389648438,1.649999976158142,9.210000038146973,4.605000019073486,3B-HHR.MS.MRG.3IMERG.20250319-S133000-E135959.0810.V07B.HDF5,7.3450000286102295,18.68499982357025,43.804999470710754,,2025-03-19 22:00:00+08:00
2025-03-19 14:00:00+00:00,2025-03-19 22:00:00+08:00,GPM_1.65_103.65,103.64999389648438,1.649999976158142,3.7200000286102295,1.8600000143051147,3B-HHR.MS.MRG.3IMERG.20250319-S140000-E142959.0840.V07B.HDF5,6.465000033378601,17.259999990463257,40.87499952316284,,2025-03-19 22:30:00+08:00
2025-03-19 14:30:00+00:00,2025-03-19 22:30:00+08:00,GPM_1.65_103.65,103.64999389648438,1.649999976158142,3.4700000286102295,1.7350000143051147,3B-HHR.MS.MRG.3IMERG.20250319-S143000-E145959.0870.V07B.HDF5,3.5950000286102295,16.264999985694885,38.1699994802475,,2025-03-19 23:00:00+08:00
2025-03-19 15:00:00+00:00,2025-03-19 23:00:00+08:00,GPM_1.65_103.65,103.64999389648438,1.649999976158142,3.0399999618530273,1.5199999809265137,3B-HHR.MS.MRG.3IMERG.20250319-S150000-E152959.0900.V07B.HDF5,3.2549999952316284,15.930000066757202,34.97999942302704,,2025-03-19 23:30:00+08:00
2025-03-19 15:30:00+00:00,2025-03-19 23:30:00+08:00,GPM_1.65_103.65,103.64999389648438,1.649999976158142,2.859999895095825,1.4299999475479126,3B-HHR.MS.MRG.3IMERG.20250319-S153000-E155959.0930.V07B.HDF5,2.9499999284744263,13.889999985694885,31.984999656677246,97.18999782949686,2025-03-20 00:00:00+08:00
2025-03-19 16:00:00+00:00,2025-03-20 00:00:00+08:00,GPM_1.65_103.65,103.64999389648438,1.649999976158142,1.1899999380111694,0.5949999690055847,3B-HHR.MS.MRG.3IMERG.20250319-S160000-E162959.0960.V07B.HDF5,2.0249999165534973,11.744999945163727,29.164999663829803,97.78499779850245,2025-03-20 00:30:00+08:00
2025-03-19 16:30:00+00:00,2025-03-20 00:30:00+08:00,GPM_1.65_103.65,103.64999389648438,1.649999976158142,3.1499998569488525,1.5749999284744263,3B-HHR.MS.MRG.3IMERG.20250319-S163000-E165959.0990.V07B.HDF5,2.169999897480011,8.714999854564667,27.399999678134918,99.35999772697687,2025-03-20 01:00:00+08:00
2025-03-19 17:00:00+00:00,2025-03-20 01:00:00+08:00,GPM_1.65_103.65,103.64999389648438,1.649999976158142,3.619999885559082,1.809999942779541,3B-HHR.MS.MRG.3IMERG.20250319-S170000-E172959.1020.V07B.HDF5,3.3849998712539673,8.664999783039093,25.92499977350235,101.16999766975641,2025-03-20 01:30:00+08:00
2025-03-19 17:30:00+00:00,2025-03-20 01:30:00+08:00,GPM_1.65_103.65,103.64999389648438,1.649999976158142,5.199999809265137,2.5999999046325684,3B-HHR.MS.MRG.3IMERG.20250319-S173000-E175959.1050.V07B.HDF5,4.409999847412109,9.529999673366547,25.794999659061432,103.76999757438898,2025-03-20 02:00:00+08:00
2025-03-19 18:00:00+00:00,2025-03-20 02:00:00+08:00,GPM_1.65_103.65,103.64999389648438,1.649999976158142,4.409999847412109,2.2049999237060547,3B-HHR.MS.MRG.3IMERG.20250319-S180000-E182959.1080.V07B.HDF5,4.804999828338623,10.214999616146088,26.14499968290329,105.97499749809504,2025-03-20 02:30:00+08:00
2025-03-19 18:30:00+00:00,2025-03-20 02:30:00+08:00,GPM_1.65_103.65,103.64999389648438,1.649999976158142,4.259999752044678,2.129999876022339,3B-HHR.MS.MRG.3IMERG.20250319-S183000-E185959.1110.V07B.HDF5,4.3349997997283936,10.914999544620514,24.8049995303154,108.03499737381935,2025-03-20 03:00:00+08:00
2025-03-19 19:00:00+00:00,2025-03-20 03:00:00+08:00,GPM_1.65_103.65,103.64999389648438,1.649999976158142,6.25,3.125,3B-HHR.MS.MRG.3IMERG.20250319-S190000-E192959.1140.V07B.HDF5,5.254999876022339,13.44499957561493,25.189999520778656,111.15999737381935,2025-03-20 03:30:00+08:00
2025-03-19 19:30:00+00:00,2025-03-20 03:30:00+08:00,GPM_1.65_103.65,103.64999389648438,1.649999976158142,3.259999990463257,1.6299999952316284,3B-HHR.MS.MRG.3IMERG.20250319-S193000-E195959.1170.V07B.HDF5,4.754999995231628,13.499999642372131,22.214999496936798,112.78999736905098,2025-03-20 04:00:00+08:00
2025-03-19 20:00:00+00:00,2025-03-20 04:00:00+08:00,GPM_1.65_103.65,103.64999389648438,1.649999976158142,5.759999752044678,2.879999876022339,3B-HHR.MS.MRG.3IMERG.20250319-S200000-E202959.1200.V07B.HDF5,4.509999871253967,14.56999957561493,23.234999358654022,115.66999724507332,2025-03-20 04:30:00+08:00
2025-03-19 20:30:00+00:00,2025-03-20 04:30:00+08:00,GPM_1.65_103.65,103.64999389648438,1.649999976158142,3.309999942779541,1.6549999713897705,3B-HHR.MS.MRG.3IMERG.20250319-S203000-E205959.1230.V07B.HDF5,4.534999847412109,13.624999642372131,23.154999315738678,117.28999721631408,2025-03-20 05:00:00+08:00
2025-03-19 21:00:00+00:00,2025-03-20 05:00:00+08:00,GPM_1.65_103.65,103.64999389648438,1.649999976158142,3.169999837875366,1.584999918937683,3B-HHR.MS.MRG.3IMERG.20250319-S210000-E212959.1260.V07B.HDF5,3.2399998903274536,13.00499963760376,23.219999253749847,118.81499713659286,2025-03-20 05:30:00+08:00
2025-03-19 21:30:00+00:00,2025-03-20 05:30:00+08:00,GPM_1.65_103.65,103.64999389648438,1.649999976158142,3.429999828338623,1.7149999141693115,3B-HHR.MS.MRG.3IMERG.20250319-S213000-E215959.1290.V07B.HDF5,3.2999998331069946,12.589999675750732,23.504999220371246,120.2049970626831,2025-03-20 06:00:00+08:00
2025-03-19 22:00:00+00:00,2025-03-20 06:00:00+08:00,GPM_1.65_103.65,103.64999389648438,1.649999976158142,5.46999979019165,2.734999895095825,3B-HHR.MS.MRG.3IMERG.20250319-S220000-E222959.1320.V07B.HDF5,4.449999809265137,12.199999570846558,25.644999146461487,122.67499697208405,2025-03-20 06:30:00+08:00
2025-03-19 22:30:00+00:00,2025-03-20 06:30:00+08:00,GPM_1.65_103.65,103.64999389648438,1.649999976158142,5.829999923706055,2.9149999618530273,3B-HHR.MS.MRG.3IMERG.20250319-S223000-E225959.1350.V07B.HDF5,5.6499998569488525,13.484999537467957,26.984999179840088,125.39499694108963,2025-03-20 07:00:00+08:00
2025-03-19 23:00:00+00:00,2025-03-20 07:00:00+08:00,GPM_1.65_103.65,103.64999389648438,1.649999976158142,4.650000095367432,2.325000047683716,3B-HHR.MS.MRG.3IMERG.20250319-S230000-E232959.1380.V07B.HDF5,5.240000009536743,12.929999709129333,27.499999284744263,127.39499700069427,2025-03-20 07:30:00+08:00
2025-03-19 23:30:00+00:00,2025-03-20 07:30:00+08:00,GPM_1.65_103.65,103.64999389648438,1.649999976158142,4.980000019073486,2.490000009536743,3B-HHR.MS.MRG.3IMERG.20250319-S233000-E235959.1410.V07B.HDF5,4.815000057220459,13.764999747276306,27.389999389648438,128.69999706745148,2025-03-20 08:00:00+08:00
2025-03-20 00:00:00+00:00,2025-03-20 08:00:00+08:00,GPM_1.65_103.65,103.64999389648438,1.649999976158142,16.309999465942383,8.154999732971191,3B-HHR.MS.MRG.3IMERG.20250320-S000000-E002959.0000.V07B.HDF5,10.644999742507935,20.334999561309814,33.339999198913574,136.00999683141708,2025-03-20 08:30:00+08:00
2025-03-20 00:30:00+00:00,2025-03-20 08:30:00+08:00,GPM_1.65_103.65,103.64999389648438,1.649999976158142,9.639999389648438,4.819999694824219,3B-HHR.MS.MRG.3IMERG.20250320-S003000-E005959.0030.V07B.HDF5,12.97499942779541,23.43999934196472,36.029999017715454,139.56499654054642,2025-03-20 09:00:00+08:00
2025-03-20 01:00:00+00:00,2025-03-20 09:00:00+08:00,GPM_1.65_103.65,103.64999389648438,1.649999976158142,11.929999351501465,5.964999675750732,3B-HHR.MS.MRG.3IMERG.20250320-S010000-E012959.0060.V07B.HDF5,10.784999370574951,26.66999912261963,38.86999869346619,143.51499634981155,2025-03-20 09:30:00+08:00
2025-03-20 01:30:00+00:00,2025-03-20 09:30:00+08:00,GPM_1.65_103.65,103.64999389648438,1.649999976158142,9.819999694824219,4.909999847412109,3B-HHR.MS.MRG.3IMERG.20250320-S013000-E015959.0090.V07B.HDF5,10.874999523162842,28.66499900817871,42.14999854564667,146.15999633073807,2025-03-20 10:00:00+08:00
2025-03-20 02:00:00+00:00,2025-03-20 10:00:00+08:00,GPM_1.65_103.65,103.64999389648438,1.649999976158142,9.479999542236328,4.739999771118164,3B-HHR.MS.MRG.3IMERG.20250320-S020000-E022959.0120.V07B.HDF5,9.649999618530273,31.07999873161316,44.00999844074249,148.5399962067604,2025-03-20 10:30:00+08:00
2025-03-20 02:30:00+00:00,2025-03-20 10:30:00+08:00,GPM_1.65_103.65,103.64999389648438,1.649999976158142,9.149999618530273,4.574999809265137,3B-HHR.MS.MRG.3IMERG.20250320-S023000-E025959.0150.V07B.HDF5,9.3149995803833,33.16499853134155,46.92999827861786,150.50499612092972,2025-03-20 11:00:00+08:00
2025-03-20 03:00:00+00:00,2025-03-20 11:00:00+08:00,GPM_1.65_103.65,103.64999389648438,1.649999976158142,8.59999942779541,4.299999713897705,3B-HHR.MS.MRG.3IMERG.20250320-S030000-E032959.0180.V07B.HDF5,8.874999523162842,29.309998512268066,49.64499807357788,150.70499593019485,2025-03-20 11:30:00+08:00
2025-03-20 03:30:00+00:00,2025-03-20 11:30:00+08:00,GPM_1.65_103.65,103.64999389648438,1.649999976158142,6.649999618530273,3.3249998092651367,3B-HHR.MS.MRG.3IMERG.20250320-S033000-E035959.0210.V07B.HDF5,7.624999523162842,27.814998626708984,51.254997968673706,151.27499586343765,2025-03-20 12:00:00+08:00
2025-03-20 04:00:00+00:00,2025-03-20 12:00:00+08:00,GPM_1.65_103.65,103.64999389648438,1.649999976158142,6.329999923706055,3.1649999618530273,3B-HHR.MS.MRG.3IMERG.20250320-S040000-E042959.0240.V07B.HDF5,6.489999771118164,25.01499891281128,51.68499803543091,151.3749960064888,2025-03-20 12:30:00+08:00
2025-03-20 04:30:00+00:00,2025-03-20 12:30:00+08:00,GPM_1.65_103.65,103.64999389648438,1.649999976158142,6.759999752044678,3.379999876022339,3B-HHR.MS.MRG.3IMERG.20250320-S043000-E045959.0270.V07B.HDF5,6.544999837875366,23.48499894142151,52.14999794960022,152.61499601602554,2025-03-20 13:00:00+08:00
2025-03-20 05:00:00+00:00,2025-03-20 13:00:00+08:00,GPM_1.65_103.65,103.64999389648438,1.649999976158142,5.62999963760376,2.81499981880188,3B-HHR.MS.MRG.3IMERG.20250320-S050000-E052959.0300.V07B.HDF5,6.194999694824219,21.559998989105225,52.639997720718384,152.9799957871437,2025-03-20 13:30:00+08:00
2025-03-20 05:30:00+00:00,2025-03-20 13:30:00+08:00,GPM_1.65_103.65,103.64999389648438,1.649999976158142,7.339999675750732,3.669999837875366,3B-HHR.MS.MRG.3IMERG.20250320-S053000-E055959.0330.V07B.HDF5,6.484999656677246,20.654999017715454,53.81999754905701,152.59499579668045,2025-03-20 14:00:00+08:00
2025-03-20 06:00:00+00:00,2025-03-20 14:00:00+08:00,GPM_1.65_103.65,103.64999389648438,1.649999976158142,8.619999885559082,4.309999942779541,3B-HHR.MS.MRG.3IMERG.20250320-S060000-E062959.0360.V07B.HDF5,7.979999780654907,20.66499924659729,49.974997758865356,152.57499581575394,2025-03-20 14:30:00+08:00
2025-03-20 06:30:00+00:00,2025-03-20 14:30:00+08:00,GPM_1.65_103.65,103.64999389648438,1.649999976158142,8.34999942779541,4.174999713897705,3B-HHR.MS.MRG.3IMERG.20250320-S063000-E065959.0390.V07B.HDF5,8.484999656677246,21.51499915122986,49.32999777793884,153.19499570131302,2025-03-20 15:00:00+08:00
2025-03-20 07:00:00+00:00,2025-03-20 15:00:00+08:00,GPM_1.65_103.65,103.64999389648438,1.649999976158142,7.769999980926514,3.884999990463257,3B-HHR.MS.MRG.3IMERG.20250320-S070000-E072959.0420.V07B.HDF5,8.059999704360962,22.234999179840088,47.24999809265137,153.9749956727028,2025-03-20 15:30:00+08:00
2025-03-20 07:30:00+00:00,2025-03-20 15:30:00+08:00,GPM_1.65_103.65,103.64999389648438,1.649999976158142,6.230000019073486,3.115000009536743,3B-HHR.MS.MRG.3IMERG.20250320-S073000-E075959.0450.V07B.HDF5,7.0,21.969999313354492,45.454998254776,153.62499576807022,2025-03-20 16:00:00+08:00
2025-03-20 08:00:00+00:00,2025-03-20 16:00:00+08:00,GPM_1.65_103.65,103.64999389648438,1.649999976158142,8.019999504089355,4.009999752044678,3B-HHR.MS.MRG.3IMERG.20250320-S080000-E082959.0480.V07B.HDF5,7.124999761581421,23.16499924659729,44.724998235702515,152.84499555826187,2025-03-20 16:30:00+08:00
2025-03-20 08:30:00+00:00,2025-03-20 16:30:00+08:00,GPM_1.65_103.65,103.64999389648438,1.649999976158142,9.09000015258789,4.545000076293945,3B-HHR.MS.MRG.3IMERG.20250320-S083000-E085959.0510.V07B.HDF5,8.554999828338623,24.03999948501587,44.69499850273132,152.94999557733536,2025-03-20 17:00:00+08:00
2025-03-20 09:00:00+00:00,2025-03-20 17:00:00+08:00,GPM_1.65_103.65,103.64999389648438,1.649999976158142,5.839999675750732,2.919999837875366,3B-HHR.MS.MRG.3IMERG.20250320-S090000-E092959.0540.V07B.HDF5,7.4649999141693115,22.649999380111694,43.314998626708984,151.15999537706375,2025-03-20 17:30:00+08:00
2025-03-20 09:30:00+00:00,2025-03-20 17:30:00+08:00,GPM_1.65_103.65,103.64999389648438,1.649999976158142,3.990000009536743,1.9950000047683716,3B-HHR.MS.MRG.3IMERG.20250320-S093000-E095959.0570.V07B.HDF5,4.914999842643738,20.46999967098236,41.98499882221222,148.72999566793442,2025-03-20 18:00:00+08:00
2025-03-20 10:00:00+00:00,2025-03-20 18:00:00+08:00,GPM_1.65_103.65,103.64999389648438,1.649999976158142,7.099999904632568,3.549999952316284,3B-HHR.MS.MRG.3IMERG.20250320-S100000-E102959.0600.V07B.HDF5,5.544999957084656,20.134999632835388,42.369998812675476,148.86499565839767,2025-03-20 18:30:00+08:00
2025-03-20 10:30:00+00:00,2025-03-20 18:30:00+08:00,GPM_1.65_103.65,103.64999389648438,1.649999976158142,4.989999771118164,2.494999885559082,3B-HHR.MS.MRG.3IMERG.20250320-S103000-E105959.0630.V07B.HDF5,6.044999837875366,19.514999508857727,41.48499882221222,148.01999562978745,2025-03-20 19:00:00+08:00
2025-03-20 11:00:00+00:00,2025-03-20 19:00:00+08:00,GPM_1.65_103.65,103.64999389648438,1.649999976158142,4.779999732971191,2.3899998664855957,3B-HHR.MS.MRG.3IMERG.20250320-S110000-E112959.0660.V07B.HDF5,4.884999752044678,17.894999623298645,41.059998869895935,147.12499564886093,2025-03-20 19:30:00+08:00
2025-03-20 11:30:00+00:00,2025-03-20 19:30:00+08:00,GPM_1.65_103.65,103.64999389648438,1.649999976158142,4.25,2.125,3B-HHR.MS.MRG.3IMERG.20250320-S113000-E115959.0690.V07B.HDF5,4.514999866485596,15.4749995470047,39.51499903202057,146.51999562978745,2025-03-20 20:00:00+08:00
2025-03-20 12:00:00+00:00,2025-03-20 20:00:00+08:00,GPM_1.65_103.65,103.64999389648438,1.649999976158142,2.9600000381469727,1.4800000190734863,3B-HHR.MS.MRG.3IMERG.20250320-S120000-E122959.0720.V07B.HDF5,3.6050000190734863,14.03499972820282,36.684999108314514,146.14499574899673,2025-03-20 20:30:00+08:00
2025-03-20 12:30:00+00:00,2025-03-20 20:30:00+08:00,GPM_1.65_103.65,103.64999389648438,1.649999976158142,1.8299999237060547,0.9149999618530273,3B-HHR.MS.MRG.3IMERG.20250320-S123000-E125959.0750.V07B.HDF5,2.3949999809265137,12.954999685287476,33.424999356269836,143.58999568223953,2025-03-20 21:00:00+08:00
2025-03-20 13:00:00+00:00,2025-03-20 21:00:00+08:00,GPM_1.65_103.65,103.64999389648438,1.649999976158142,4.599999904632568,2.299999952316284,3B-HHR.MS.MRG.3IMERG.20250320-S130000-E132959.0780.V07B.HDF5,3.2149999141693115,11.704999685287476,31.839999318122864,143.14999562501907,2025-03-20 21:30:00+08:00
2025-03-20 13:30:00+00:00,2025-03-20 21:30:00+08:00,GPM_1.65_103.65,103.64999389648438,1.649999976158142,5.099999904632568,2.549999952316284,3B-HHR.MS.MRG.3IMERG.20250320-S133000-E135959.0810.V07B.HDF5,4.849999904632568,11.759999752044678,31.274999260902405,141.09499555826187,2025-03-20 22:00:00+08:00
2025-03-20 14:00:00+00:00,2025-03-20 22:00:00+08:00,GPM_1.65_103.65,103.64999389648438,1.649999976158142,4.489999771118164,2.244999885559082,3B-HHR.MS.MRG.3IMERG.20250320-S140000-E142959.0840.V07B.HDF5,4.794999837875366,11.614999771118164,29.50999939441681,141.47999542951584,2025-03-20 22:30:00+08:00
2025-03-20 14:30:00+00:00,2025-03-20 22:30:00+08:00,GPM_1.65_103.65,103.64999389648438,1.649999976158142,4.389999866485596,2.194999933242798,3B-HHR.MS.MRG.3IMERG.20250320-S143000-E145959.0870.V07B.HDF5,4.43999981880188,11.684999704360962,27.15999925136566,141.93999534845352,2025-03-20 23:00:00+08:00
2025-03-20 15:00:00+00:00,2025-03-20 23:00:00+08:00,GPM_1.65_103.65,103.64999389648438,1.649999976158142,4.349999904632568,2.174999952316284,3B-HHR.MS.MRG.3IMERG.20250320-S150000-E152959.0900.V07B.HDF5,4.369999885559082,12.37999963760376,26.41499936580658,142.5949953198433,2025-03-20 23:30:00+08:00
2025-03-20 15:30:00+00:00,2025-03-20 23:30:00+08:00,GPM_1.65_103.65,103.64999389648438,1.649999976158142,4.130000114440918,2.065000057220459,3B-HHR.MS.MRG.3IMERG.20250320-S153000-E155959.0930.V07B.HDF5,4.240000009536743,13.529999732971191,26.484999418258667,143.22999542951584,2025-03-21 00:00:00+08:00
2025-03-20 16:00:00+00:00,2025-03-21 00:00:00+08:00,GPM_1.65_103.65,103.64999389648438,1.649999976158142,4.619999885559082,2.309999942779541,3B-HHR.MS.MRG.3IMERG.20250320-S160000-E162959.0960.V07B.HDF5,4.375,13.539999723434448,25.244999408721924,144.9449954032898,2025-03-21 00:30:00+08:00
2025-03-20 16:30:00+00:00,2025-03-21 00:30:00+08:00,GPM_1.65_103.65,103.64999389648438,1.649999976158142,1.6200000047683716,0.8100000023841858,3B-HHR.MS.MRG.3IMERG.20250320-S163000-E165959.0990.V07B.HDF5,3.119999945163727,11.79999977350235,23.559999525547028,144.17999547719955,2025-03-21 01:00:00+08:00
2025-03-20 17:00:00+00:00,2025-03-21 01:00:00+08:00,GPM_1.65_103.65,103.64999389648438,1.649999976158142,0.5,0.25,3B-HHR.MS.MRG.3IMERG.20250320-S170000-E172959.1020.V07B.HDF5,1.0600000023841858,9.804999887943268,21.419999659061432,142.61999553442,2025-03-21 01:30:00+08:00
2025-03-20 17:30:00+00:00,2025-03-21 01:30:00+08:00,GPM_1.65_103.65,103.64999389648438,1.649999976158142,0.0,0.0,3B-HHR.MS.MRG.3IMERG.20250320-S173000-E175959.1050.V07B.HDF5,0.25,7.60999995470047,19.294999659061432,140.01999562978745,2025-03-21 02:00:00+08:00
2025-03-20 18:00:00+00:00,2025-03-21 02:00:00+08:00,GPM_1.65_103.65,103.64999389648438,1.649999976158142,0.14999999105930328,0.07499999552965164,3B-HHR.MS.MRG.3IMERG.20250320-S180000-E182959.1080.V07B.HDF5,0.07499999552965164,5.509999997913837,17.889999635517597,137.88999570161104,2025-03-21 02:30:00+08:00
2025-03-20 18:30:00+00:00,2025-03-21 02:30:00+08:00,GPM_1.65_103.65,103.64999389648438,1.649999976158142,0.0,0.0,3B-HHR.MS.MRG.3IMERG.20250320-S183000-E185959.1110.V07B.HDF5,0.07499999552965164,3.4449999406933784,16.97499967366457,135.7599958255887,2025-03-21 03:00:00+08:00
2025-03-20 19:00:00+00:00,2025-03-21 03:00:00+08:00,GPM_1.65_103.65,103.64999389648438,1.649999976158142,1.0499999523162842,0.5249999761581421,3B-HHR.MS.MRG.3IMERG.20250320-S190000-E192959.1140.V07B.HDF5,0.5249999761581421,1.6599999740719795,15.199999697506428,133.15999580174685,2025-03-21 03:30:00+08:00
2025-03-20 19:30:00+00:00,2025-03-21 03:30:00+08:00,GPM_1.65_103.65,103.64999389648438,1.649999976158142,0.6499999761581421,0.32499998807907104,3B-HHR.MS.MRG.3IMERG.20250320-S193000-E195959.1170.V07B.HDF5,0.8499999642372131,1.1749999597668648,12.974999733269215,131.8549957945943,2025-03-21 04:00:00+08:00
2025-03-20 20:00:00+00:00,2025-03-21 04:00:00+08:00,GPM_1.65_103.65,103.64999389648438,1.649999976158142,0.9099999666213989,0.45499998331069946,3B-HHR.MS.MRG.3IMERG.20250320-S200000-E202959.1200.V07B.HDF5,0.7799999713897705,1.3799999430775642,11.184999831020832,129.42999590188265,2025-03-21 04:30:00+08:00
2025-03-20 20:30:00+00:00,2025-03-21 04:30:00+08:00,GPM_1.65_103.65,103.64999389648438,1.649999976158142,0.7199999690055847,0.35999998450279236,3B-HHR.MS.MRG.3IMERG.20250320-S203000-E205959.1230.V07B.HDF5,0.8149999678134918,1.7399999275803566,9.349999882280827,128.13499591499567,2025-03-21 05:00:00+08:00
2025-03-20 21:00:00+00:00,2025-03-21 05:00:00+08:00,GPM_1.65_103.65,103.64999389648438,1.649999976158142,2.180000066757202,1.090000033378601,3B-HHR.MS.MRG.3IMERG.20250320-S210000-E212959.1260.V07B.HDF5,1.4500000178813934,2.754999965429306,8.264999963343143,127.63999602943659,2025-03-21 05:30:00+08:00
2025-03-20 21:30:00+00:00,2025-03-21 05:30:00+08:00,GPM_1.65_103.65,103.64999389648438,1.649999976158142,0.19999998807907104,0.09999999403953552,3B-HHR.MS.MRG.3IMERG.20250320-S213000-E215959.1290.V07B.HDF5,1.1900000274181366,2.8549999594688416,6.29999990016222,126.02499610930681,2025-03-21 06:00:00+08:00
2025-03-20 22:00:00+00:00,2025-03-21 06:00:00+08:00,GPM_1.65_103.65,103.64999389648438,1.649999976158142,0.009999999776482582,0.004999999888241291,3B-HHR.MS.MRG.3IMERG.20250320-S220000-E222959.1320.V07B.HDF5,0.10499999392777681,2.3349999831989408,3.9949999572709203,123.29499621409923,2025-03-21 06:30:00+08:00
2025-03-20 22:30:00+00:00,2025-03-21 06:30:00+08:00,GPM_1.65_103.65,103.64999389648438,1.649999976158142,0.0,0.0,3B-HHR.MS.MRG.3IMERG.20250320-S223000-E225959.1350.V07B.HDF5,0.004999999888241291,2.0099999951198697,3.1849999548867345,120.3799962522462,2025-03-21 07:00:00+08:00
2025-03-20 23:00:00+00:00,2025-03-21 07:00:00+08:00,GPM_1.65_103.65,103.64999389648438,1.649999976158142,0.0,0.0,3B-HHR.MS.MRG.3IMERG.20250320-S230000-E232959.1380.V07B.HDF5,0.0,1.5550000118091702,2.9349999548867345,118.05499620456249,2025-03-21 07:30:00+08:00
2025-03-20 23:30:00+00:00,2025-03-21 07:30:00+08:00,GPM_1.65_103.65,103.64999389648438,1.649999976158142,0.0,0.0,3B-HHR.MS.MRG.3IMERG.20250320-S233000-E235959.1410.V07B.HDF5,0.0,1.1950000273063779,2.9349999548867345,115.56499619502574,2025-03-21 08:00:00+08:00
2025-03-21 00:00:00+00:00,2025-03-21 08:00:00+08:00,GPM_1.65_103.65,103.64999389648438,1.649999976158142,0.08999999612569809,0.044999998062849045,3B-HHR.MS.MRG.3IMERG.20250321-S000000-E002959.0000.V07B.HDF5,0.044999998062849045,0.14999999199062586,2.904999957419932,107.4549964601174,2025-03-21 08:30:00+08:00
2025-03-21 00:30:00+00:00,2025-03-21 08:30:00+08:00,GPM_1.65_103.65,103.64999389648438,1.649999976158142,0.009999999776482582,0.004999999888241291,3B-HHR.MS.MRG.3IMERG.20250321-S003000-E005959.0030.V07B.HDF5,0.049999997951090336,0.05499999783933163,2.909999957308173,102.63999676518142,2025-03-21 09:00:00+08:00
2025-03-21 01:00:00+00:00,2025-03-21 09:00:00+08:00,GPM_1.65_103.65,103.64999389648438,1.649999976158142,0.0,0.0,3B-HHR.MS.MRG.3IMERG.20250321-S010000-E012959.0060.V07B.HDF5,0.004999999888241291,0.049999997951090336,2.384999981150031,96.67499708943069,2025-03-21 09:30:00+08:00
2025-03-21 01:30:00+00:00,2025-03-21 09:30:00+08:00,GPM_1.65_103.65,103.64999389648438,1.649999976158142,0.0,0.0,3B-HHR.MS.MRG.3IMERG.20250321-S013000-E015959.0090.V07B.HDF5,0.0,0.049999997951090336,2.05999999307096,91.76499724201858,2025-03-21 10:00:00+08:00
2025-03-21 02:00:00+00:00,2025-03-21 10:00:00+08:00,GPM_1.65_103.65,103.64999389648438,1.649999976158142,0.0,0.0,3B-HHR.MS.MRG.3IMERG.20250321-S020000-E022959.0120.V07B.HDF5,0.0,0.049999997951090336,1.6050000097602606,87.02499747090042,2025-03-21 10:30:00+08:00
2025-03-21 02:30:00+00:00,2025-03-21 10:30:00+08:00,GPM_1.65_103.65,103.64999389648438,1.649999976158142,0.0,0.0,3B-HHR.MS.MRG.3IMERG.20250321-S023000-E025959.0150.V07B.HDF5,0.0,0.049999997951090336,1.2450000252574682,82.44999766163528,2025-03-21 11:00:00+08:00
2025-03-21 03:00:00+00:00,2025-03-21 11:00:00+08:00,GPM_1.65_103.65,103.64999389648438,1.649999976158142,0.0,0.0,3B-HHR.MS.MRG.3IMERG.20250321-S030000-E032959.0180.V07B.HDF5,0.0,0.004999999888241291,0.15499999187886715,78.14999794773757,2025-03-21 11:30:00+08:00
2025-03-21 03:30:00+00:00,2025-03-21 11:30:00+08:00,GPM_1.65_103.65,103.64999389648438,1.649999976158142,0.0,0.0,3B-HHR.MS.MRG.3IMERG.20250321-S033000-E035959.0210.V07B.HDF5,0.0,0.0,0.05499999783933163,74.82499813847244,2025-03-21 12:00:00+08:00
2025-03-21 04:00:00+00:00,2025-03-21 12:00:00+08:00,GPM_1.65_103.65,103.64999389648438,1.649999976158142,0.07999999821186066,0.03999999910593033,3B-HHR.MS.MRG.3IMERG.20250321-S040000-E042959.0240.V07B.HDF5,0.03999999910593033,0.03999999910593033,0.08999999705702066,71.69999817572534,2025-03-21 12:30:00+08:00
2025-03-21 04:30:00+00:00,2025-03-21 12:30:00+08:00,GPM_1.65_103.65,103.64999389648438,1.649999976158142,0.35999998450279236,0.17999999225139618,3B-HHR.MS.MRG.3IMERG.20250321-S043000-E045959.0270.V07B.HDF5,0.2199999913573265,0.2199999913573265,0.26999998930841684,68.4999982919544,2025-03-21 13:00:00+08:00
2025-03-21 05:00:00+00:00,2025-03-21 13:00:00+08:00,GPM_1.65_103.65,103.64999389648438,1.649999976158142,0.699999988079071,0.3499999940395355,3B-HHR.MS.MRG.3IMERG.20250321-S050000-E052959.0300.V07B.HDF5,0.5299999862909317,0.569999985396862,0.6199999833479524,66.03499846719205,2025-03-21 13:30:00+08:00
2025-03-21 05:30:00+00:00,2025-03-21 13:30:00+08:00,GPM_1.65_103.65,103.64999389648438,1.649999976158142,0.6800000071525574,0.3400000035762787,3B-HHR.MS.MRG.3IMERG.20250321-S053000-E055959.0330.V07B.HDF5,0.6899999976158142,0.9099999889731407,0.959999986924231,62.704998632892966,2025-03-21 14:00:00+08:00
2025-03-21 06:00:00+00:00,2025-03-21 14:00:00+08:00,GPM_1.65_103.65,103.64999389648438,1.649999976158142,0.38999998569488525,0.19499999284744263,3B-HHR.MS.MRG.3IMERG.20250321-S060000-E062959.0360.V07B.HDF5,0.5349999964237213,1.1049999818205833,1.1099999817088246,58.58999868296087,2025-03-21 14:30:00+08:00
2025-03-21 06:30:00+00:00,2025-03-21 14:30:00+08:00,GPM_1.65_103.65,103.64999389648438,1.649999976158142,0.20999999344348907,0.10499999672174454,3B-HHR.MS.MRG.3IMERG.20250321-S063000-E065959.0390.V07B.HDF5,0.29999998956918716,1.2099999785423279,1.2099999785423279,54.51999896578491,2025-03-21 15:00:00+08:00
2025-03-21 07:00:00+00:00,2025-03-21 15:00:00+08:00,GPM_1.65_103.65,103.64999389648438,1.649999976158142,0.0,0.0,3B-HHR.MS.MRG.3IMERG.20250321-S070000-E072959.0420.V07B.HDF5,0.10499999672174454,1.1699999794363976,1.2099999785423279,50.63499897532165,2025-03-21 15:30:00+08:00
2025-03-21 07:30:00+00:00,2025-03-21 15:30:00+08:00,GPM_1.65_103.65,103.64999389648438,1.649999976158142,0.0,0.0,3B-HHR.MS.MRG.3IMERG.20250321-S073000-E075959.0450.V07B.HDF5,0.0,0.9899999871850014,1.2099999785423279,47.51999896578491,2025-03-21 16:00:00+08:00
2025-03-21 08:00:00+00:00,2025-03-21 16:00:00+08:00,GPM_1.65_103.65,103.64999389648438,1.649999976158142,0.05999999865889549,0.029999999329447746,3B-HHR.MS.MRG.3IMERG.20250321-S080000-E082959.0480.V07B.HDF5,0.029999999329447746,0.6699999924749136,1.2399999778717756,43.53999921306968,2025-03-21 16:30:00+08:00
2025-03-21 08:30:00+00:00,2025-03-21 16:30:00+08:00,GPM_1.65_103.65,103.64999389648438,1.649999976158142,0.08999999612569809,0.044999998062849045,3B-HHR.MS.MRG.3IMERG.20250321-S083000-E085959.0510.V07B.HDF5,0.07499999739229679,0.37499998696148396,1.2849999759346247,39.03999913483858,2025-03-21 17:00:00+08:00
2025-03-21 09:00:00+00:00,2025-03-21 17:00:00+08:00,GPM_1.65_103.65,103.64999389648438,1.649999976158142,0.25999999046325684,0.12999999523162842,3B-HHR.MS.MRG.3IMERG.20250321-S090000-E092959.0540.V07B.HDF5,0.17499999329447746,0.30999998934566975,1.414999971166253,36.24999929219484,2025-03-21 17:30:00+08:00
2025-03-21 09:30:00+00:00,2025-03-21 17:30:00+08:00,GPM_1.65_103.65,103.64999389648438,1.649999976158142,0.32999998331069946,0.16499999165534973,3B-HHR.MS.MRG.3IMERG.20250321-S093000-E095959.0570.V07B.HDF5,0.29499998688697815,0.36999998427927494,1.5799999628216028,34.41999927908182,2025-03-21 18:00:00+08:00
2025-03-21 10:00:00+00:00,2025-03-21 18:00:00+08:00,GPM_1.65_103.65,103.64999389648438,1.649999976158142,0.429999977350235,0.2149999886751175,3B-HHR.MS.MRG.3IMERG.20250321-S100000-E102959.0600.V07B.HDF5,0.3799999803304672,0.5849999729543924,1.75499995239079,31.084999315440655,2025-03-21 18:30:00+08:00
2025-03-21 10:30:00+00:00,2025-03-21 18:30:00+08:00,GPM_1.65_103.65,103.64999389648438,1.649999976158142,0.429999977350235,0.2149999886751175,3B-HHR.MS.MRG.3IMERG.20250321-S103000-E105959.0630.V07B.HDF5,0.429999977350235,0.7999999616295099,1.7899999488145113,28.80499941855669,2025-03-21 19:00:00+08:00
2025-03-21 11:00:00+00:00,2025-03-21 19:00:00+08:00,GPM_1.65_103.65,103.64999389648438,1.649999976158142,0.41999998688697815,0.20999999344348907,3B-HHR.MS.MRG.3IMERG.20250321-S110000-E112959.0660.V07B.HDF5,0.42499998211860657,0.9799999557435513,1.6499999482184649,26.624999545514584,2025-03-21 19:30:00+08:00
2025-03-21 11:30:00+00:00,2025-03-21 19:30:00+08:00,GPM_1.65_103.65,103.64999389648438,1.649999976158142,0.26999998092651367,0.13499999046325684,3B-HHR.MS.MRG.3IMERG.20250321-S113000-E115959.0690.V07B.HDF5,0.3449999839067459,1.069999948143959,1.444999935105443,24.63499953597784,2025-03-21 20:00:00+08:00
2025-03-21 12:00:00+00:00,2025-03-21 20:00:00+08:00,GPM_1.65_103.65,103.64999389648438,1.649999976158142,0.28999999165534973,0.14499999582767487,3B-HHR.MS.MRG.3IMERG.20250321-S120000-E122959.0720.V07B.HDF5,0.2799999862909317,1.0849999487400055,1.3949999380856752,23.29999951273203,2025-03-21 20:30:00+08:00
2025-03-21 12:30:00+00:00,2025-03-21 20:30:00+08:00,GPM_1.65_103.65,103.64999389648438,1.649999976158142,0.5399999618530273,0.26999998092651367,3B-HHR.MS.MRG.3IMERG.20250321-S123000-E125959.0750.V07B.HDF5,0.41499997675418854,1.1899999380111694,1.5599999222904444,22.654999531805515,2025-03-21 21:00:00+08:00
2025-03-21 13:00:00+00:00,2025-03-21 21:00:00+08:00,GPM_1.65_103.65,103.64999389648438,1.649999976158142,1.0299999713897705,0.5149999856948853,3B-HHR.MS.MRG.3IMERG.20250321-S130000-E132959.0780.V07B.HDF5,0.7849999666213989,1.4899999350309372,2.0749999079853296,20.869999565184116,2025-03-21 21:30:00+08:00
2025-03-21 13:30:00+00:00,2025-03-21 21:30:00+08:00,GPM_1.65_103.65,103.64999389648438,1.649999976158142,1.1299999952316284,0.5649999976158142,3B-HHR.MS.MRG.3IMERG.20250321-S133000-E135959.0810.V07B.HDF5,1.0799999833106995,1.839999943971634,2.639999905601144,18.884999610483646,2025-03-21 22:00:00+08:00
2025-03-21 14:00:00+00:00,2025-03-21 22:00:00+08:00,GPM_1.65_103.65,103.64999389648438,1.649999976158142,1.8600000143051147,0.9300000071525574,3B-HHR.MS.MRG.3IMERG.20250321-S140000-E142959.0840.V07B.HDF5,1.4950000047683716,2.559999957680702,3.5399999134242535,17.56999973207712,2025-03-21 22:30:00+08:00
2025-03-21 14:30:00+00:00,2025-03-21 22:30:00+08:00,GPM_1.65_103.65,103.64999389648438,1.649999976158142,1.4299999475479126,0.7149999737739563,3B-HHR.MS.MRG.3IMERG.20250321-S143000-E145959.0870.V07B.HDF5,1.6449999809265137,3.1399999409914017,4.209999889135361,16.08999977260828,2025-03-21 23:00:00+08:00
2025-03-21 15:00:00+00:00,2025-03-21 23:00:00+08:00,GPM_1.65_103.65,103.64999389648438,1.649999976158142,1.1100000143051147,0.5550000071525574,3B-HHR.MS.MRG.3IMERG.20250321-S150000-E152959.0900.V07B.HDF5,1.2699999809265137,3.549999952316284,4.63499990105629,14.469999827444553,2025-03-21 23:30:00+08:00
2025-03-21 15:30:00+00:00,2025-03-21 23:30:00+08:00,GPM_1.65_103.65,103.64999389648438,1.649999976158142,0.8799999952316284,0.4399999976158142,3B-HHR.MS.MRG.3IMERG.20250321-S153000-E155959.0930.V07B.HDF5,0.9950000047683716,3.7199999690055847,4.909999907016754,12.844999767839909,2025-03-22 00:00:00+08:00
2025-03-18 16:00:00+00:00,2025-03-19 00:00:00+08:00,GPM_1.65_103.75,103.75,1.649999976158142,0.0,0.0,3B-HHR.MS.MRG.3IMERG.20250318-S160000-E162959.0960.V07B.HDF5,,,,,2025-03-19 00:30:00+08:00
2025-03-18 16:30:00+00:00,2025-03-19 00:30:00+08:00,GPM_1.65_103.75,103.75,1.649999976158142,0.0,0.0,3B-HHR.MS.MRG.3IMERG.20250318-S163000-E165959.0990.V07B.HDF5,0.0,,,,2025-03-19 01:00:00+08:00
2025-03-18 17:00:00+00:00,2025-03-19 01:00:00+08:00,GPM_1.65_103.75,103.75,1.649999976158142,0.0,0.0,3B-HHR.MS.MRG.3IMERG.20250318-S170000-E172959.1020.V07B.HDF5,0.0,,,,2025-03-19 01:30:00+08:00
2025-03-18 17:30:00+00:00,2025-03-19 01:30:00+08:00,GPM_1.65_103.75,103.75,1.649999976158142,0.0,0.0,3B-HHR.MS.MRG.3IMERG.20250318-S173000-E175959.1050.V07B.HDF5,0.0,,,,2025-03-19 02:00:00+08:00
2025-03-18 18:00:00+00:00,2025-03-19 02:00:00+08:00,GPM_1.65_103.75,103.75,1.649999976158142,0.0,0.0,3B-HHR.MS.MRG.3IMERG.20250318-S180000-E182959.1080.V07B.HDF5,0.0,,,,2025-03-19 02:30:00+08:00
2025-03-18 18:30:00+00:00,2025-03-19 02:30:00+08:00,GPM_1.65_103.75,103.75,1.649999976158142,0.0,0.0,3B-HHR.MS.MRG.3IMERG.20250318-S183000-E185959.1110.V07B.HDF5,0.0,0.0,,,2025-03-19 03:00:00+08:00
2025-03-18 19:00:00+00:00,2025-03-19 03:00:00+08:00,GPM_1.65_103.75,103.75,1.649999976158142,0.0,0.0,3B-HHR.MS.MRG.3IMERG.20250318-S190000-E192959.1140.V07B.HDF5,0.0,0.0,,,2025-03-19 03:30:00+08:00
2025-03-18 19:30:00+00:00,2025-03-19 03:30:00+08:00,GPM_1.65_103.75,103.75,1.649999976158142,0.0,0.0,3B-HHR.MS.MRG.3IMERG.20250318-S193000-E195959.1170.V07B.HDF5,0.0,0.0,,,2025-03-19 04:00:00+08:00
2025-03-18 20:00:00+00:00,2025-03-19 04:00:00+08:00,GPM_1.65_103.75,103.75,1.649999976158142,0.05999999865889549,0.029999999329447746,3B-HHR.MS.MRG.3IMERG.20250318-S200000-E202959.1200.V07B.HDF5,0.029999999329447746,0.029999999329447746,,,2025-03-19 04:30:00+08:00
2025-03-18 20:30:00+00:00,2025-03-19 04:30:00+08:00,GPM_1.65_103.75,103.75,1.649999976158142,0.14999999105930328,0.07499999552965164,3B-HHR.MS.MRG.3IMERG.20250318-S203000-E205959.1230.V07B.HDF5,0.10499999485909939,0.10499999485909939,,,2025-03-19 05:00:00+08:00
2025-03-18 21:00:00+00:00,2025-03-19 05:00:00+08:00,GPM_1.65_103.75,103.75,1.649999976158142,0.6100000143051147,0.3050000071525574,3B-HHR.MS.MRG.3IMERG.20250318-S210000-E212959.1260.V07B.HDF5,0.380000002682209,0.41000000201165676,,,2025-03-19 05:30:00+08:00
2025-03-18 21:30:00+00:00,2025-03-19 05:30:00+08:00,GPM_1.65_103.75,103.75,1.649999976158142,0.6100000143051147,0.3050000071525574,3B-HHR.MS.MRG.3IMERG.20250318-S213000-E215959.1290.V07B.HDF5,0.6100000143051147,0.7150000091642141,0.7150000091642141,,2025-03-19 06:00:00+08:00
2025-03-18 22:00:00+00:00,2025-03-19 06:00:00+08:00,GPM_1.65_103.75,103.75,1.649999976158142,0.6599999666213989,0.32999998331069946,3B-HHR.MS.MRG.3IMERG.20250318-S220000-E222959.1320.V07B.HDF5,0.6349999904632568,1.0449999924749136,1.0449999924749136,,2025-03-19 06:30:00+08:00
2025-03-18 22:30:00+00:00,2025-03-19 06:30:00+08:00,GPM_1.65_103.75,103.75,1.649999976158142,0.4099999964237213,0.20499999821186066,3B-HHR.MS.MRG.3IMERG.20250318-S223000-E225959.1350.V07B.HDF5,0.5349999815225601,1.2499999906867743,1.2499999906867743,,2025-03-19 07:00:00+08:00
2025-03-18 23:00:00+00:00,2025-03-19 07:00:00+08:00,GPM_1.65_103.75,103.75,1.649999976158142,2.0,1.0,3B-HHR.MS.MRG.3IMERG.20250318-S230000-E232959.1380.V07B.HDF5,1.2049999982118607,2.2199999913573265,2.2499999906867743,,2025-03-19 07:30:00+08:00
2025-03-18 23:30:00+00:00,2025-03-19 07:30:00+08:00,GPM_1.65_103.75,103.75,1.649999976158142,0.9300000071525574,0.4650000035762787,3B-HHR.MS.MRG.3IMERG.20250318-S233000-E235959.1410.V07B.HDF5,1.4650000035762787,2.6099999994039536,2.714999994263053,,2025-03-19 08:00:00+08:00
2025-03-19 00:00:00+00:00,2025-03-19 08:00:00+08:00,GPM_1.65_103.75,103.75,1.649999976158142,2.7200000286102295,1.3600000143051147,3B-HHR.MS.MRG.3IMERG.20250319-S000000-E002959.0000.V07B.HDF5,1.8250000178813934,3.665000006556511,4.075000008568168,,2025-03-19 08:30:00+08:00
2025-03-19 00:30:00+00:00,2025-03-19 08:30:00+08:00,GPM_1.65_103.75,103.75,1.649999976158142,3.93999981880188,1.96999990940094,3B-HHR.MS.MRG.3IMERG.20250319-S003000-E005959.0030.V07B.HDF5,3.3299999237060547,5.3299999088048935,6.044999917969108,,2025-03-19 09:00:00+08:00
2025-03-19 01:00:00+00:00,2025-03-19 09:00:00+08:00,GPM_1.65_103.75,103.75,1.649999976158142,4.009999752044678,2.004999876022339,3B-HHR.MS.MRG.3IMERG.20250319-S010000-E012959.0060.V07B.HDF5,3.974999785423279,7.004999801516533,8.049999793991446,,2025-03-19 09:30:00+08:00
2025-03-19 01:30:00+00:00,2025-03-19 09:30:00+08:00,GPM_1.65_103.75,103.75,1.649999976158142,4.5,2.25,3B-HHR.MS.MRG.3IMERG.20250319-S013000-E015959.0090.V07B.HDF5,4.254999876022339,9.049999803304672,10.299999793991446,,2025-03-19 10:00:00+08:00
2025-03-19 02:00:00+00:00,2025-03-19 10:00:00+08:00,GPM_1.65_103.75,103.75,1.649999976158142,5.650000095367432,2.825000047683716,3B-HHR.MS.MRG.3IMERG.20250319-S020000-E022959.0120.V07B.HDF5,5.075000047683716,10.874999850988388,13.094999842345715,,2025-03-19 10:30:00+08:00
2025-03-19 02:30:00+00:00,2025-03-19 10:30:00+08:00,GPM_1.65_103.75,103.75,1.649999976158142,6.839999675750732,3.419999837875366,3B-HHR.MS.MRG.3IMERG.20250319-S023000-E025959.0150.V07B.HDF5,6.244999885559082,13.829999685287476,16.43999968469143,,2025-03-19 11:00:00+08:00
2025-03-19 03:00:00+00:00,2025-03-19 11:00:00+08:00,GPM_1.65_103.75,103.75,1.649999976158142,7.809999942779541,3.9049999713897705,3B-HHR.MS.MRG.3IMERG.20250319-S030000-E032959.0180.V07B.HDF5,7.324999809265137,16.37499964237213,20.039999648928642,,2025-03-19 11:30:00+08:00
2025-03-19 03:30:00+00:00,2025-03-19 11:30:00+08:00,GPM_1.65_103.75,103.75,1.649999976158142,7.339999675750732,3.669999837875366,3B-HHR.MS.MRG.3IMERG.20250319-S033000-E035959.0210.V07B.HDF5,7.574999809265137,18.074999570846558,23.40499947965145,,2025-03-19 12:00:00+08:00
2025-03-19 04:00:00+00:00,2025-03-19 12:00:00+08:00,GPM_1.65_103.75,103.75,1.649999976158142,5.949999809265137,2.9749999046325684,3B-HHR.MS.MRG.3IMERG.20250319-S040000-E042959.0240.V07B.HDF5,6.644999742507935,19.044999599456787,26.04999940097332,,2025-03-19 12:30:00+08:00
2025-03-19 04:30:00+00:00,2025-03-19 12:30:00+08:00,GPM_1.65_103.75,103.75,1.649999976158142,4.139999866485596,2.069999933242798,3B-HHR.MS.MRG.3IMERG.20250319-S043000-E045959.0270.V07B.HDF5,5.044999837875366,18.864999532699585,27.914999336004257,,2025-03-19 13:00:00+08:00
2025-03-19 05:00:00+00:00,2025-03-19 13:00:00+08:00,GPM_1.65_103.75,103.75,1.649999976158142,5.699999809265137,2.8499999046325684,3B-HHR.MS.MRG.3IMERG.20250319-S050000-E052959.0300.V07B.HDF5,4.919999837875366,18.889999389648438,29.764999240636826,,2025-03-19 13:30:00+08:00
2025-03-19 05:30:00+00:00,2025-03-19 13:30:00+08:00,GPM_1.65_103.75,103.75,1.649999976158142,8.069999694824219,4.034999847412109,3B-HHR.MS.MRG.3IMERG.20250319-S053000-E055959.0330.V07B.HDF5,6.884999752044678,19.50499939918518,33.334999084472656,,2025-03-19 14:00:00+08:00
2025-03-19 06:00:00+00:00,2025-03-19 14:00:00+08:00,GPM_1.65_103.75,103.75,1.649999976158142,7.679999828338623,3.8399999141693115,3B-HHR.MS.MRG.3IMERG.20250319-S060000-E062959.0360.V07B.HDF5,7.874999761581421,19.43999934196472,35.81499898433685,,2025-03-19 14:30:00+08:00
2025-03-19 06:30:00+00:00,2025-03-19 14:30:00+08:00,GPM_1.65_103.75,103.75,1.649999976158142,6.239999771118164,3.119999885559082,3B-HHR.MS.MRG.3IMERG.20250319-S063000-E065959.0390.V07B.HDF5,6.9599997997283936,18.889999389648438,36.964998960494995,,2025-03-19 15:00:00+08:00
2025-03-19 07:00:00+00:00,2025-03-19 15:00:00+08:00,GPM_1.65_103.75,103.75,1.649999976158142,6.62999963760376,3.31499981880188,3B-HHR.MS.MRG.3IMERG.20250319-S070000-E072959.0420.V07B.HDF5,6.434999704360962,19.22999930381775,38.274998903274536,,2025-03-19 15:30:00+08:00
2025-03-19 07:30:00+00:00,2025-03-19 15:30:00+08:00,GPM_1.65_103.75,103.75,1.649999976158142,6.889999866485596,3.444999933242798,3B-HHR.MS.MRG.3IMERG.20250319-S073000-E075959.0450.V07B.HDF5,6.759999752044678,20.60499930381775,39.469998836517334,,2025-03-19 16:00:00+08:00
2025-03-19 08:00:00+00:00,2025-03-19 16:00:00+08:00,GPM_1.65_103.75,103.75,1.649999976158142,6.099999904632568,3.049999952316284,3B-HHR.MS.MRG.3IMERG.20250319-S080000-E082959.0480.V07B.HDF5,6.494999885559082,20.804999351501465,39.6949987411499,,2025-03-19 16:30:00+08:00
2025-03-19 08:30:00+00:00,2025-03-19 16:30:00+08:00,GPM_1.65_103.75,103.75,1.649999976158142,6.369999885559082,3.184999942779541,3B-HHR.MS.MRG.3IMERG.20250319-S083000-E085959.0510.V07B.HDF5,6.234999895095825,19.954999446868896,39.45999884605408,,2025-03-19 17:00:00+08:00
2025-03-19 09:00:00+00:00,2025-03-19 17:00:00+08:00,GPM_1.65_103.75,103.75,1.649999976158142,7.039999961853027,3.5199999809265137,3B-HHR.MS.MRG.3IMERG.20250319-S090000-E092959.0540.V07B.HDF5,6.704999923706055,19.6349995136261,39.07499885559082,,2025-03-19 17:30:00+08:00
2025-03-19 09:30:00+00:00,2025-03-19 17:30:00+08:00,GPM_1.65_103.75,103.75,1.649999976158142,6.5,3.25,3B-HHR.MS.MRG.3IMERG.20250319-S093000-E095959.0570.V07B.HDF5,6.769999980926514,19.764999628067017,38.654999017715454,,2025-03-19 18:00:00+08:00
2025-03-19 10:00:00+00:00,2025-03-19 18:00:00+08:00,GPM_1.65_103.75,103.75,1.649999976158142,5.589999675750732,2.794999837875366,3B-HHR.MS.MRG.3IMERG.20250319-S100000-E102959.0600.V07B.HDF5,6.044999837875366,19.244999647140503,38.47499895095825,,2025-03-19 18:30:00+08:00
2025-03-19 10:30:00+00:00,2025-03-19 18:30:00+08:00,GPM_1.65_103.75,103.75,1.649999976158142,6.109999656677246,3.054999828338623,3B-HHR.MS.MRG.3IMERG.20250319-S103000-E105959.0630.V07B.HDF5,5.849999666213989,18.854999542236328,39.45999884605408,,2025-03-19 19:00:00+08:00
2025-03-19 11:00:00+00:00,2025-03-19 19:00:00+08:00,GPM_1.65_103.75,103.75,1.649999976158142,5.789999961853027,2.8949999809265137,3B-HHR.MS.MRG.3IMERG.20250319-S110000-E112959.0660.V07B.HDF5,5.949999809265137,18.699999570846558,39.50499892234802,,2025-03-19 19:30:00+08:00
2025-03-19 11:30:00+00:00,2025-03-19 19:30:00+08:00,GPM_1.65_103.75,103.75,1.649999976158142,5.199999809265137,2.5999999046325684,3B-HHR.MS.MRG.3IMERG.20250319-S113000-E115959.0690.V07B.HDF5,5.494999885559082,18.114999532699585,38.06999897956848,,2025-03-19 20:00:00+08:00
2025-03-19 12:00:00+00:00,2025-03-19 20:00:00+08:00,GPM_1.65_103.75,103.75,1.649999976158142,3.8899998664855957,1.9449999332427979,3B-HHR.MS.MRG.3IMERG.20250319-S120000-E122959.0720.V07B.HDF5,4.544999837875366,16.53999948501587,36.17499899864197,,2025-03-19 20:30:00+08:00
2025-03-19 12:30:00+00:00,2025-03-19 20:30:00+08:00,GPM_1.65_103.75,103.75,1.649999976158142,6.460000038146973,3.2300000190734863,3B-HHR.MS.MRG.3IMERG.20250319-S123000-E125959.0750.V07B.HDF5,5.174999952316284,16.519999504089355,36.28499913215637,,2025-03-19 21:00:00+08:00
2025-03-19 13:00:00+00:00,2025-03-19 21:00:00+08:00,GPM_1.65_103.75,103.75,1.649999976158142,6.279999732971191,3.1399998664855957,3B-HHR.MS.MRG.3IMERG.20250319-S130000-E132959.0780.V07B.HDF5,6.369999885559082,16.864999532699585,36.10999917984009,,2025-03-19 21:30:00+08:00
2025-03-19 13:30:00+00:00,2025-03-19 21:30:00+08:00,GPM_1.65_103.75,103.75,1.649999976158142,6.299999713897705,3.1499998569488525,3B-HHR.MS.MRG.3IMERG.20250319-S133000-E135959.0810.V07B.HDF5,6.289999723434448,16.959999561309814,35.81499910354614,,2025-03-19 22:00:00+08:00
2025-03-19 14:00:00+00:00,2025-03-19 22:00:00+08:00,GPM_1.65_103.75,103.75,1.649999976158142,2.809999942779541,1.4049999713897705,3B-HHR.MS.MRG.3IMERG.20250319-S140000-E142959.0840.V07B.HDF5,4.554999828338623,15.469999551773071,34.16999912261963,,2025-03-19 22:30:00+08:00
2025-03-19 14:30:00+00:00,2025-03-19 22:30:00+08:00,GPM_1.65_103.75,103.75,1.649999976158142,2.819999933242798,1.409999966621399,3B-HHR.MS.MRG.3IMERG.20250319-S143000-E145959.0870.V07B.HDF5,2.8149999380111694,14.279999613761902,32.39499914646149,,2025-03-19 23:00:00+08:00
2025-03-19 15:00:00+00:00,2025-03-19 23:00:00+08:00,GPM_1.65_103.75,103.75,1.649999976158142,2.609999895095825,1.3049999475479126,3B-HHR.MS.MRG.3IMERG.20250319-S150000-E152959.0900.V07B.HDF5,2.7149999141693115,13.639999628067017,30.179999113082886,,2025-03-19 23:30:00+08:00
2025-03-19 15:30:00+00:00,2025-03-19 23:30:00+08:00,GPM_1.65_103.75,103.75,1.649999976158142,1.0299999713897705,0.5149999856948853,3B-HHR.MS.MRG.3IMERG.20250319-S153000-E155959.0930.V07B.HDF5,1.8199999332427979,10.924999594688416,27.44499909877777,90.21999760530889,2025-03-20 00:00:00+08:00
2025-03-19 16:00:00+00:00,2025-03-20 00:00:00+08:00,GPM_1.65_103.75,103.75,1.649999976158142,1.25,0.625,3B-HHR.MS.MRG.3IMERG.20250319-S160000-E162959.0960.V07B.HDF5,1.1399999856948853,8.40999972820282,25.274999260902405,90.84499760530889,2025-03-20 00:30:00+08:00
2025-03-19 16:30:00+00:00,2025-03-20 00:30:00+08:00,GPM_1.65_103.75,103.75,1.649999976158142,3.75,1.875,3B-HHR.MS.MRG.3IMERG.20250319-S163000-E165959.0990.V07B.HDF5,2.5,7.134999871253967,24.09499943256378,92.71999760530889,2025-03-20 01:00:00+08:00
2025-03-19 17:00:00+00:00,2025-03-20 01:00:00+08:00,GPM_1.65_103.75,103.75,1.649999976158142,3.6999998092651367,1.8499999046325684,3B-HHR.MS.MRG.3IMERG.20250319-S170000-E172959.1020.V07B.HDF5,3.7249999046325684,7.579999804496765,23.049999356269836,94.56999750994146,2025-03-20 01:30:00+08:00
2025-03-19 17:30:00+00:00,2025-03-20 01:30:00+08:00,GPM_1.65_103.75,103.75,1.649999976158142,4.880000114440918,2.440000057220459,3B-HHR.MS.MRG.3IMERG.20250319-S173000-E175959.1050.V07B.HDF5,4.289999961853027,8.609999895095825,22.889999508857727,97.00999756716192,2025-03-20 02:00:00+08:00
2025-03-19 18:00:00+00:00,2025-03-20 02:00:00+08:00,GPM_1.65_103.75,103.75,1.649999976158142,4.230000019073486,2.115000009536743,3B-HHR.MS.MRG.3IMERG.20250319-S180000-E182959.1080.V07B.HDF5,4.555000066757202,9.419999957084656,23.059999585151672,99.12499757669866,2025-03-20 02:30:00+08:00
2025-03-19 18:30:00+00:00,2025-03-20 02:30:00+08:00,GPM_1.65_103.75,103.75,1.649999976158142,4.679999828338623,2.3399999141693115,3B-HHR.MS.MRG.3IMERG.20250319-S183000-E185959.1110.V07B.HDF5,4.454999923706055,11.244999885559082,22.169999480247498,101.46499749086797,2025-03-20 03:00:00+08:00
2025-03-19 19:00:00+00:00,2025-03-20 03:00:00+08:00,GPM_1.65_103.75,103.75,1.649999976158142,5.650000095367432,2.825000047683716,3B-HHR.MS.MRG.3IMERG.20250319-S190000-E192959.1140.V07B.HDF5,5.164999961853027,13.444999933242798,21.854999661445618,104.28999753855169,2025-03-20 03:30:00+08:00
2025-03-19 19:30:00+00:00,2025-03-20 03:30:00+08:00,GPM_1.65_103.75,103.75,1.649999976158142,3.429999828338623,1.7149999141693115,3B-HHR.MS.MRG.3IMERG.20250319-S193000-E195959.1170.V07B.HDF5,4.539999961853027,13.28499984741211,20.419999718666077,106.004997452721,2025-03-20 04:00:00+08:00
2025-03-19 20:00:00+00:00,2025-03-20 04:00:00+08:00,GPM_1.65_103.75,103.75,1.649999976158142,5.199999809265137,2.5999999046325684,3B-HHR.MS.MRG.3IMERG.20250319-S200000-E202959.1200.V07B.HDF5,4.31499981880188,14.03499984741211,21.614999651908875,108.57499735802412,2025-03-20 04:30:00+08:00
2025-03-19 20:30:00+00:00,2025-03-20 04:30:00+08:00,GPM_1.65_103.75,103.75,1.649999976158142,2.419999837875366,1.209999918937683,3B-HHR.MS.MRG.3IMERG.20250319-S203000-E205959.1230.V07B.HDF5,3.8099998235702515,12.804999709129333,21.41499960422516,109.70999728143215,2025-03-20 05:00:00+08:00
2025-03-19 21:00:00+00:00,2025-03-20 05:00:00+08:00,GPM_1.65_103.75,103.75,1.649999976158142,3.5,1.75,3B-HHR.MS.MRG.3IMERG.20250319-S210000-E212959.1260.V07B.HDF5,2.959999918937683,12.43999969959259,21.859999656677246,111.1549972742796,2025-03-20 05:30:00+08:00
2025-03-19 21:30:00+00:00,2025-03-20 05:30:00+08:00,GPM_1.65_103.75,103.75,1.649999976158142,4.440000057220459,2.2200000286102295,3B-HHR.MS.MRG.3IMERG.20250319-S213000-E215959.1290.V07B.HDF5,3.9700000286102295,12.319999814033508,23.56499969959259,113.06999729573727,2025-03-20 06:00:00+08:00
2025-03-19 22:00:00+00:00,2025-03-20 06:00:00+08:00,GPM_1.65_103.75,103.75,1.649999976158142,4.75,2.375,3B-HHR.MS.MRG.3IMERG.20250319-S220000-E222959.1320.V07B.HDF5,4.5950000286102295,11.869999766349792,25.31499969959259,115.11499731242657,2025-03-20 06:30:00+08:00
2025-03-19 22:30:00+00:00,2025-03-20 06:30:00+08:00,GPM_1.65_103.75,103.75,1.649999976158142,4.319999694824219,2.1599998474121094,3B-HHR.MS.MRG.3IMERG.20250319-S223000-E225959.1350.V07B.HDF5,4.534999847412109,12.31499969959259,25.5999995470047,117.06999716162682,2025-03-20 07:00:00+08:00
2025-03-19 23:00:00+00:00,2025-03-20 07:00:00+08:00,GPM_1.65_103.75,103.75,1.649999976158142,4.809999942779541,2.4049999713897705,3B-HHR.MS.MRG.3IMERG.20250319-S230000-E232959.1380.V07B.HDF5,4.56499981880188,12.119999766349792,26.154999613761902,118.47499713301659,2025-03-20 07:30:00+08:00
2025-03-19 23:30:00+00:00,2025-03-20 07:30:00+08:00,GPM_1.65_103.75,103.75,1.649999976158142,5.299999713897705,2.6499998569488525,3B-HHR.MS.MRG.3IMERG.20250319-S233000-E235959.1410.V07B.HDF5,5.054999828338623,13.559999704360962,26.364999413490295,120.65999698638916,2025-03-20 08:00:00+08:00
2025-03-20 00:00:00+00:00,2025-03-20 08:00:00+08:00,GPM_1.65_103.75,103.75,1.649999976158142,20.049999237060547,10.024999618530273,3B-HHR.MS.MRG.3IMERG.20250320-S000000-E002959.0000.V07B.HDF5,12.674999475479126,21.834999322891235,34.274999022483826,129.32499659061432,2025-03-20 08:30:00+08:00
2025-03-20 00:30:00+00:00,2025-03-20 08:30:00+08:00,GPM_1.65_103.75,103.75,1.649999976158142,10.019999504089355,5.009999752044678,3B-HHR.MS.MRG.3IMERG.20250320-S003000-E005959.0030.V07B.HDF5,15.034999370574951,24.624999046325684,36.94499886035919,132.36499643325806,2025-03-20 09:00:00+08:00
2025-03-20 01:00:00+00:00,2025-03-20 09:00:00+08:00,GPM_1.65_103.75,103.75,1.649999976158142,13.529999732971191,6.764999866485596,3B-HHR.MS.MRG.3IMERG.20250320-S010000-E012959.0060.V07B.HDF5,11.774999618530273,29.01499891281128,40.88499867916107,137.1249964237213,2025-03-20 09:30:00+08:00
2025-03-20 01:30:00+00:00,2025-03-20 09:30:00+08:00,GPM_1.65_103.75,103.75,1.649999976158142,9.699999809265137,4.849999904632568,3B-HHR.MS.MRG.3IMERG.20250320-S013000-E015959.0090.V07B.HDF5,11.614999771118164,31.70499897003174,44.01999866962433,139.72499632835388,2025-03-20 10:00:00+08:00
2025-03-20 02:00:00+00:00,2025-03-20 10:00:00+08:00,GPM_1.65_103.75,103.75,1.649999976158142,9.569999694824219,4.784999847412109,3B-HHR.MS.MRG.3IMERG.20250320-S020000-E022959.0120.V07B.HDF5,9.634999752044678,34.08499884605408,46.20499861240387,141.68499612808228,2025-03-20 10:30:00+08:00
2025-03-20 02:30:00+00:00,2025-03-20 10:30:00+08:00,GPM_1.65_103.75,103.75,1.649999976158142,9.449999809265137,4.724999904632568,3B-HHR.MS.MRG.3IMERG.20250320-S023000-E025959.0150.V07B.HDF5,9.509999752044678,36.15999889373779,49.719998598098755,142.98999619483948,2025-03-20 11:00:00+08:00
2025-03-20 03:00:00+00:00,2025-03-20 11:00:00+08:00,GPM_1.65_103.75,103.75,1.649999976158142,9.319999694824219,4.659999847412109,3B-HHR.MS.MRG.3IMERG.20250320-S030000-E032959.0180.V07B.HDF5,9.384999752044678,30.79499912261963,52.629998445510864,143.74499607086182,2025-03-20 11:30:00+08:00
2025-03-20 03:30:00+00:00,2025-03-20 11:30:00+08:00,GPM_1.65_103.75,103.75,1.649999976158142,7.5,3.75,3B-HHR.MS.MRG.3IMERG.20250320-S033000-E035959.0210.V07B.HDF5,8.40999984741211,29.53499937057495,54.159998416900635,143.82499623298645,2025-03-20 12:00:00+08:00
2025-03-20 04:00:00+00:00,2025-03-20 12:00:00+08:00,GPM_1.65_103.75,103.75,1.649999976158142,6.96999979019165,3.484999895095825,3B-HHR.MS.MRG.3IMERG.20250320-S040000-E042959.0240.V07B.HDF5,7.234999895095825,26.25499939918518,55.26999831199646,144.3349962234497,2025-03-20 12:30:00+08:00
2025-03-20 04:30:00+00:00,2025-03-20 12:30:00+08:00,GPM_1.65_103.75,103.75,1.649999976158142,6.509999752044678,3.254999876022339,3B-HHR.MS.MRG.3IMERG.20250320-S043000-E045959.0270.V07B.HDF5,6.739999771118164,24.65999937057495,56.36499834060669,145.51999616622925,2025-03-20 13:00:00+08:00
2025-03-20 05:00:00+00:00,2025-03-20 13:00:00+08:00,GPM_1.65_103.75,103.75,1.649999976158142,6.0,3.0,3B-HHR.MS.MRG.3IMERG.20250320-S050000-E052959.0300.V07B.HDF5,6.254999876022339,22.874999523162842,56.95999836921692,145.66999626159668,2025-03-20 13:30:00+08:00
2025-03-20 05:30:00+00:00,2025-03-20 13:30:00+08:00,GPM_1.65_103.75,103.75,1.649999976158142,7.859999656677246,3.929999828338623,3B-HHR.MS.MRG.3IMERG.20250320-S053000-E055959.0330.V07B.HDF5,6.929999828338623,22.079999446868896,58.23999834060669,145.5649962425232,2025-03-20 14:00:00+08:00
2025-03-20 06:00:00+00:00,2025-03-20 14:00:00+08:00,GPM_1.65_103.75,103.75,1.649999976158142,7.889999866485596,3.944999933242798,3B-HHR.MS.MRG.3IMERG.20250320-S060000-E062959.0360.V07B.HDF5,7.874999761581421,21.364999532699585,52.159998655319214,145.66999626159668,2025-03-20 14:30:00+08:00
2025-03-20 06:30:00+00:00,2025-03-20 14:30:00+08:00,GPM_1.65_103.75,103.75,1.649999976158142,8.050000190734863,4.025000095367432,3B-HHR.MS.MRG.3IMERG.20250320-S063000-E065959.0390.V07B.HDF5,7.9700000286102295,21.639999628067017,51.17499899864197,146.57499647140503,2025-03-20 15:00:00+08:00
2025-03-20 07:00:00+00:00,2025-03-20 15:00:00+08:00,GPM_1.65_103.75,103.75,1.649999976158142,7.669999599456787,3.8349997997283936,3B-HHR.MS.MRG.3IMERG.20250320-S070000-E072959.0420.V07B.HDF5,7.859999895095825,21.989999532699585,48.244998931884766,147.09499645233154,2025-03-20 15:30:00+08:00
2025-03-20 07:30:00+00:00,2025-03-20 15:30:00+08:00,GPM_1.65_103.75,103.75,1.649999976158142,8.279999732971191,4.139999866485596,3B-HHR.MS.MRG.3IMERG.20250320-S073000-E075959.0450.V07B.HDF5,7.974999666213989,22.874999523162842,47.53499889373779,147.78999638557434,2025-03-20 16:00:00+08:00
2025-03-20 08:00:00+00:00,2025-03-20 16:00:00+08:00,GPM_1.65_103.75,103.75,1.649999976158142,9.550000190734863,4.775000095367432,3B-HHR.MS.MRG.3IMERG.20250320-S080000-E082959.0480.V07B.HDF5,8.914999961853027,24.649999618530273,47.524999141693115,149.5149965286255,2025-03-20 16:30:00+08:00
2025-03-20 08:30:00+00:00,2025-03-20 16:30:00+08:00,GPM_1.65_103.75,103.75,1.649999976158142,8.40999984741211,4.204999923706055,3B-HHR.MS.MRG.3IMERG.20250320-S083000-E085959.0510.V07B.HDF5,8.980000019073486,24.924999713897705,47.0049991607666,150.534996509552,2025-03-20 17:00:00+08:00
2025-03-20 09:00:00+00:00,2025-03-20 17:00:00+08:00,GPM_1.65_103.75,103.75,1.649999976158142,8.789999961853027,4.394999980926514,3B-HHR.MS.MRG.3IMERG.20250320-S090000-E092959.0540.V07B.HDF5,8.599999904632568,25.37499976158142,46.739999294281006,151.409996509552,2025-03-20 17:30:00+08:00
2025-03-20 09:30:00+00:00,2025-03-20 17:30:00+08:00,GPM_1.65_103.75,103.75,1.649999976158142,6.119999885559082,3.059999942779541,3B-HHR.MS.MRG.3IMERG.20250320-S093000-E095959.0570.V07B.HDF5,7.454999923706055,24.40999960899353,46.04999923706055,151.21999645233154,2025-03-20 18:00:00+08:00
2025-03-20 10:00:00+00:00,2025-03-20 18:00:00+08:00,GPM_1.65_103.75,103.75,1.649999976158142,7.009999752044678,3.504999876022339,3B-HHR.MS.MRG.3IMERG.20250320-S100000-E102959.0600.V07B.HDF5,6.56499981880188,24.079999685287476,46.06999921798706,151.92999649047852,2025-03-20 18:30:00+08:00
2025-03-20 10:30:00+00:00,2025-03-20 18:30:00+08:00,GPM_1.65_103.75,103.75,1.649999976158142,4.779999732971191,2.3899998664855957,3B-HHR.MS.MRG.3IMERG.20250320-S103000-E105959.0630.V07B.HDF5,5.894999742507935,22.329999685287476,45.20499920845032,151.2649965286255,2025-03-20 19:00:00+08:00
2025-03-20 11:00:00+00:00,2025-03-20 19:00:00+08:00,GPM_1.65_103.75,103.75,1.649999976158142,3.8899998664855957,1.9449999332427979,3B-HHR.MS.MRG.3IMERG.20250320-S110000-E112959.0660.V07B.HDF5,4.3349997997283936,19.499999523162842,44.149999141693115,150.31499648094177,2025-03-20 19:30:00+08:00
2025-03-20 11:30:00+00:00,2025-03-20 19:30:00+08:00,GPM_1.65_103.75,103.75,1.649999976158142,3.119999885559082,1.559999942779541,3B-HHR.MS.MRG.3IMERG.20250320-S113000-E115959.0690.V07B.HDF5,3.504999876022339,16.854999542236328,41.77999925613403,149.27499651908875,2025-03-20 20:00:00+08:00
2025-03-20 12:00:00+00:00,2025-03-20 20:00:00+08:00,GPM_1.65_103.75,103.75,1.649999976158142,3.0299999713897705,1.5149999856948853,3B-HHR.MS.MRG.3IMERG.20250320-S120000-E122959.0720.V07B.HDF5,3.0749999284744263,13.9749995470047,39.34999930858612,148.84499657154083,2025-03-20 20:30:00+08:00
2025-03-20 12:30:00+00:00,2025-03-20 20:30:00+08:00,GPM_1.65_103.75,103.75,1.649999976158142,3.4099998474121094,1.7049999237060547,3B-HHR.MS.MRG.3IMERG.20250320-S123000-E125959.0750.V07B.HDF5,3.21999990940094,12.619999527931213,37.029999136924744,147.3199964761734,2025-03-20 21:00:00+08:00
2025-03-20 13:00:00+00:00,2025-03-20 21:00:00+08:00,GPM_1.65_103.75,103.75,1.649999976158142,3.119999885559082,1.559999942779541,3B-HHR.MS.MRG.3IMERG.20250320-S130000-E132959.0780.V07B.HDF5,3.2649998664855957,10.674999594688416,34.75499927997589,145.73999655246735,2025-03-20 21:30:00+08:00
2025-03-20 13:30:00+00:00,2025-03-20 21:30:00+08:00,GPM_1.65_103.75,103.75,1.649999976158142,4.289999961853027,2.1449999809265137,3B-HHR.MS.MRG.3IMERG.20250320-S133000-E135959.0810.V07B.HDF5,3.7049999237060547,10.429999709129333,32.75999939441681,144.734996676445,2025-03-20 22:00:00+08:00
2025-03-20 14:00:00+00:00,2025-03-20 22:00:00+08:00,GPM_1.65_103.75,103.75,1.649999976158142,2.8399999141693115,1.4199999570846558,3B-HHR.MS.MRG.3IMERG.20250320-S140000-E142959.0840.V07B.HDF5,3.5649999380111694,9.904999732971191,29.404999256134033,144.7499966621399,2025-03-20 22:30:00+08:00
2025-03-20 14:30:00+00:00,2025-03-20 22:30:00+08:00,GPM_1.65_103.75,103.75,1.649999976158142,3.2799999713897705,1.6399999856948853,3B-HHR.MS.MRG.3IMERG.20250320-S143000-E145959.0870.V07B.HDF5,3.059999942779541,9.984999775886536,26.839999318122864,144.97999668121338,2025-03-20 23:00:00+08:00
2025-03-20 15:00:00+00:00,2025-03-20 23:00:00+08:00,GPM_1.65_103.75,103.75,1.649999976158142,3.3899998664855957,1.6949999332427979,3B-HHR.MS.MRG.3IMERG.20250320-S150000-E152959.0900.V07B.HDF5,3.334999918937683,10.164999723434448,24.139999270439148,145.36999666690826,2025-03-20 23:30:00+08:00
2025-03-20 15:30:00+00:00,2025-03-20 23:30:00+08:00,GPM_1.65_103.75,103.75,1.649999976158142,3.9599997997283936,1.9799998998641968,3B-HHR.MS.MRG.3IMERG.20250320-S153000-E155959.0930.V07B.HDF5,3.6749998331069946,10.43999969959259,23.059999227523804,146.83499658107758,2025-03-21 00:00:00+08:00
2025-03-20 16:00:00+00:00,2025-03-21 00:00:00+08:00,GPM_1.65_103.75,103.75,1.649999976158142,3.2300000190734863,1.6150000095367432,3B-HHR.MS.MRG.3IMERG.20250320-S160000-E162959.0960.V07B.HDF5,3.59499990940094,10.494999766349792,21.169999361038208,147.82499659061432,2025-03-21 00:30:00+08:00
2025-03-20 16:30:00+00:00,2025-03-21 00:30:00+08:00,GPM_1.65_103.75,103.75,1.649999976158142,1.3399999141693115,0.6699999570846558,3B-HHR.MS.MRG.3IMERG.20250320-S163000-E165959.0990.V07B.HDF5,2.284999966621399,9.019999742507935,19.449999451637268,146.61999654769897,2025-03-21 01:00:00+08:00
2025-03-20 17:00:00+00:00,2025-03-21 01:00:00+08:00,GPM_1.65_103.75,103.75,1.649999976158142,0.009999999776482582,0.004999999888241291,3B-HHR.MS.MRG.3IMERG.20250320-S170000-E172959.1020.V07B.HDF5,0.674999956972897,7.60499978531152,17.50999951828271,144.77499664295465,2025-03-21 01:30:00+08:00
2025-03-20 17:30:00+00:00,2025-03-21 01:30:00+08:00,GPM_1.65_103.75,103.75,1.649999976158142,0.0,0.0,3B-HHR.MS.MRG.3IMERG.20250320-S173000-E175959.1050.V07B.HDF5,0.004999999888241291,5.964999799616635,15.94999957550317,142.3349965857342,2025-03-21 02:00:00+08:00
2025-03-20 18:00:00+00:00,2025-03-21 02:00:00+08:00,GPM_1.65_103.75,103.75,1.649999976158142,0.11999999731779099,0.05999999865889549,3B-HHR.MS.MRG.3IMERG.20250320-S180000-E182959.1080.V07B.HDF5,0.05999999865889549,4.3299998650327325,14.49499958846718,140.27999657485634,2025-03-21 02:30:00+08:00
2025-03-20 18:30:00+00:00,2025-03-21 02:30:00+08:00,GPM_1.65_103.75,103.75,1.649999976158142,0.10999999940395355,0.054999999701976776,3B-HHR.MS.MRG.3IMERG.20250320-S183000-E185959.1110.V07B.HDF5,0.11499999836087227,2.4049999648705125,12.844999664463103,137.994996660389,2025-03-21 03:00:00+08:00
2025-03-20 19:00:00+00:00,2025-03-21 03:00:00+08:00,GPM_1.65_103.75,103.75,1.649999976158142,1.0099999904632568,0.5049999952316284,3B-HHR.MS.MRG.3IMERG.20250320-S190000-E192959.1140.V07B.HDF5,0.5599999949336052,1.2949999505653977,11.78999971691519,135.67499660793692,2025-03-21 03:30:00+08:00
2025-03-20 19:30:00+00:00,2025-03-21 03:30:00+08:00,GPM_1.65_103.75,103.75,1.649999976158142,0.3799999952316284,0.1899999976158142,3B-HHR.MS.MRG.3IMERG.20250320-S193000-E195959.1170.V07B.HDF5,0.6949999928474426,0.8149999910965562,9.83499973360449,134.14999669138342,2025-03-21 04:00:00+08:00
2025-03-20 20:00:00+00:00,2025-03-21 04:00:00+08:00,GPM_1.65_103.75,103.75,1.649999976158142,0.7400000095367432,0.3700000047683716,3B-HHR.MS.MRG.3IMERG.20250320-S200000-E202959.1200.V07B.HDF5,0.5600000023841858,1.1799999959766865,8.784999781288207,131.91999679151922,2025-03-21 04:30:00+08:00
2025-03-20 20:30:00+00:00,2025-03-21 04:30:00+08:00,GPM_1.65_103.75,103.75,1.649999976158142,2.379999876022339,1.1899999380111694,3B-HHR.MS.MRG.3IMERG.20250320-S203000-E205959.1230.V07B.HDF5,1.559999942779541,2.369999933987856,8.33499973360449,131.8999968105927,2025-03-21 05:00:00+08:00
2025-03-20 21:00:00+00:00,2025-03-21 05:00:00+08:00,GPM_1.65_103.75,103.75,1.649999976158142,2.0899999141693115,1.0449999570846558,3B-HHR.MS.MRG.3IMERG.20250320-S210000-E212959.1260.V07B.HDF5,2.234999895095825,3.354999892413616,7.684999757446349,131.19499676767737,2025-03-21 05:30:00+08:00
2025-03-20 21:30:00+00:00,2025-03-21 05:30:00+08:00,GPM_1.65_103.75,103.75,1.649999976158142,0.17000000178813934,0.08500000089406967,3B-HHR.MS.MRG.3IMERG.20250320-S213000-E215959.1290.V07B.HDF5,1.1299999579787254,3.384999893605709,5.789999858476222,129.0599967399612,2025-03-21 06:00:00+08:00
2025-03-20 22:00:00+00:00,2025-03-21 06:00:00+08:00,GPM_1.65_103.75,103.75,1.649999976158142,0.0,0.0,3B-HHR.MS.MRG.3IMERG.20250320-S220000-E222959.1320.V07B.HDF5,0.08500000089406967,2.8799998983740807,4.174999848939478,126.6849967399612,2025-03-21 06:30:00+08:00
2025-03-20 22:30:00+00:00,2025-03-21 06:30:00+08:00,GPM_1.65_103.75,103.75,1.649999976158142,0.0,0.0,3B-HHR.MS.MRG.3IMERG.20250320-S223000-E225959.1350.V07B.HDF5,0.0,2.6899999007582664,3.5049998918548226,124.5249968925491,2025-03-21 07:00:00+08:00
2025-03-20 23:00:00+00:00,2025-03-21 07:00:00+08:00,GPM_1.65_103.75,103.75,1.649999976158142,0.0,0.0,3B-HHR.MS.MRG.3IMERG.20250320-S230000-E232959.1380.V07B.HDF5,0.0,2.319999895989895,3.4999998919665813,122.11999692115933,2025-03-21 07:30:00+08:00
2025-03-20 23:30:00+00:00,2025-03-21 07:30:00+08:00,GPM_1.65_103.75,103.75,1.649999976158142,0.0,0.0,3B-HHR.MS.MRG.3IMERG.20250320-S233000-E235959.1410.V07B.HDF5,0.0,1.1299999579787254,3.4999998919665813,119.46999706421047,2025-03-21 08:00:00+08:00
2025-03-21 00:00:00+00:00,2025-03-21 08:00:00+08:00,GPM_1.65_103.75,103.75,1.649999976158142,0.25999999046325684,0.12999999523162842,3B-HHR.MS.MRG.3IMERG.20250321-S000000-E002959.0000.V07B.HDF5,0.12999999523162842,0.2149999961256981,3.5699998885393143,109.57499744091183,2025-03-21 08:30:00+08:00
2025-03-21 00:30:00+00:00,2025-03-21 08:30:00+08:00,GPM_1.65_103.75,103.75,1.649999976158142,0.0,0.0,3B-HHR.MS.MRG.3IMERG.20250321-S003000-E005959.0030.V07B.HDF5,0.12999999523162842,0.12999999523162842,3.5149998888373375,104.56499768886715,2025-03-21 09:00:00+08:00
2025-03-21 01:00:00+00:00,2025-03-21 09:00:00+08:00,GPM_1.65_103.75,103.75,1.649999976158142,0.0,0.0,3B-HHR.MS.MRG.3IMERG.20250321-S010000-E012959.0060.V07B.HDF5,0.0,0.12999999523162842,3.009999893605709,97.79999782238156,2025-03-21 09:30:00+08:00
2025-03-21 01:30:00+00:00,2025-03-21 09:30:00+08:00,GPM_1.65_103.75,103.75,1.649999976158142,0.0,0.0,3B-HHR.MS.MRG.3IMERG.20250321-S013000-E015959.0090.V07B.HDF5,0.0,0.12999999523162842,2.819999895989895,92.94999791774899,2025-03-21 10:00:00+08:00
2025-03-21 02:00:00+00:00,2025-03-21 10:00:00+08:00,GPM_1.65_103.75,103.75,1.649999976158142,0.0,0.0,3B-HHR.MS.MRG.3IMERG.20250321-S020000-E022959.0120.V07B.HDF5,0.0,0.12999999523162842,2.4499998912215233,88.16499807033688,2025-03-21 10:30:00+08:00
2025-03-21 02:30:00+00:00,2025-03-21 10:30:00+08:00,GPM_1.65_103.75,103.75,1.649999976158142,0.0,0.0,3B-HHR.MS.MRG.3IMERG.20250321-S023000-E025959.0150.V07B.HDF5,0.0,0.12999999523162842,1.2599999532103539,83.43999816570431,2025-03-21 11:00:00+08:00
2025-03-21 03:00:00+00:00,2025-03-21 11:00:00+08:00,GPM_1.65_103.75,103.75,1.649999976158142,0.019999999552965164,0.009999999776482582,3B-HHR.MS.MRG.3IMERG.20250321-S030000-E032959.0180.V07B.HDF5,0.009999999776482582,0.009999999776482582,0.22499999590218067,78.78999831806868,2025-03-21 11:30:00+08:00
2025-03-21 03:30:00+00:00,2025-03-21 11:30:00+08:00,GPM_1.65_103.75,103.75,1.649999976158142,0.0,0.0,3B-HHR.MS.MRG.3IMERG.20250321-S033000-E035959.0210.V07B.HDF5,0.009999999776482582,0.009999999776482582,0.139999995008111,75.03999831806868,2025-03-21 12:00:00+08:00
2025-03-21 04:00:00+00:00,2025-03-21 12:00:00+08:00,GPM_1.65_103.75,103.75,1.649999976158142,0.1599999964237213,0.07999999821186066,3B-HHR.MS.MRG.3IMERG.20250321-S040000-E042959.0240.V07B.HDF5,0.07999999821186066,0.08999999798834324,0.21999999321997166,71.63499842118472,2025-03-21 12:30:00+08:00
2025-03-21 04:30:00+00:00,2025-03-21 12:30:00+08:00,GPM_1.65_103.75,103.75,1.649999976158142,0.3199999928474426,0.1599999964237213,3B-HHR.MS.MRG.3IMERG.20250321-S043000-E045959.0270.V07B.HDF5,0.23999999463558197,0.24999999441206455,0.37999998964369297,68.5399985415861,2025-03-21 13:00:00+08:00
2025-03-21 05:00:00+00:00,2025-03-21 13:00:00+08:00,GPM_1.65_103.75,103.75,1.649999976158142,1.1899999380111694,0.5949999690055847,3B-HHR.MS.MRG.3IMERG.20250321-S050000-E052959.0300.V07B.HDF5,0.754999965429306,0.8449999634176493,0.9749999586492777,66.13499851059169,2025-03-21 13:30:00+08:00
2025-03-21 05:30:00+00:00,2025-03-21 13:30:00+08:00,GPM_1.65_103.75,103.75,1.649999976158142,0.6599999666213989,0.32999998331069946,3B-HHR.MS.MRG.3IMERG.20250321-S053000-E055959.0330.V07B.HDF5,0.9249999523162842,1.1749999467283487,1.3049999419599771,62.53499866556376,2025-03-21 14:00:00+08:00
2025-03-21 06:00:00+00:00,2025-03-21 14:00:00+08:00,GPM_1.65_103.75,103.75,1.649999976158142,0.3799999952316284,0.1899999976158142,3B-HHR.MS.MRG.3IMERG.20250321-S060000-E062959.0360.V07B.HDF5,0.5199999809265137,1.3549999445676804,1.364999944344163,58.77999872993678,2025-03-21 14:30:00+08:00
2025-03-21 06:30:00+00:00,2025-03-21 14:30:00+08:00,GPM_1.65_103.75,103.75,1.649999976158142,0.19999998807907104,0.09999999403953552,3B-HHR.MS.MRG.3IMERG.20250321-S063000-E065959.0390.V07B.HDF5,0.28999999165534973,1.4549999386072159,1.4649999383836985,54.85499862860888,2025-03-21 15:00:00+08:00
2025-03-21 07:00:00+00:00,2025-03-21 15:00:00+08:00,GPM_1.65_103.75,103.75,1.649999976158142,0.0,0.0,3B-HHR.MS.MRG.3IMERG.20250321-S070000-E072959.0420.V07B.HDF5,0.09999999403953552,1.3749999403953552,1.4649999383836985,51.01999882888049,2025-03-21 15:30:00+08:00
2025-03-21 07:30:00+00:00,2025-03-21 15:30:00+08:00,GPM_1.65_103.75,103.75,1.649999976158142,0.0,0.0,3B-HHR.MS.MRG.3IMERG.20250321-S073000-E075959.0450.V07B.HDF5,0.0,1.214999943971634,1.4649999383836985,46.87999896239489,2025-03-21 16:00:00+08:00
2025-03-21 08:00:00+00:00,2025-03-21 16:00:00+08:00,GPM_1.65_103.75,103.75,1.649999976158142,0.04999999701976776,0.02499999850988388,3B-HHR.MS.MRG.3IMERG.20250321-S080000-E082959.0480.V07B.HDF5,0.02499999850988388,0.6449999734759331,1.4899999368935823,42.129998865537345,2025-03-21 16:30:00+08:00
2025-03-21 08:30:00+00:00,2025-03-21 16:30:00+08:00,GPM_1.65_103.75,103.75,1.649999976158142,0.17000000178813934,0.08500000089406967,3B-HHR.MS.MRG.3IMERG.20250321-S083000-E085959.0510.V07B.HDF5,0.10999999940395355,0.3999999910593033,1.574999937787652,38.00999894272536,2025-03-21 17:00:00+08:00
2025-03-21 09:00:00+00:00,2025-03-21 17:00:00+08:00,GPM_1.65_103.75,103.75,1.649999976158142,0.25,0.125,3B-HHR.MS.MRG.3IMERG.20250321-S090000-E092959.0540.V07B.HDF5,0.21000000089406967,0.3349999934434891,1.6899999380111694,33.73999896179885,2025-03-21 17:30:00+08:00
2025-03-21 09:30:00+00:00,2025-03-21 17:30:00+08:00,GPM_1.65_103.75,103.75,1.649999976158142,0.28999999165534973,0.14499999582767487,3B-HHR.MS.MRG.3IMERG.20250321-S093000-E095959.0570.V07B.HDF5,0.26999999582767487,0.3799999952316284,1.8349999338388443,30.82499901484698,2025-03-21 18:00:00+08:00
2025-03-21 10:00:00+00:00,2025-03-21 18:00:00+08:00,GPM_1.65_103.75,103.75,1.649999976158142,0.04999999701976776,0.02499999850988388,3B-HHR.MS.MRG.3IMERG.20250321-S100000-E102959.0600.V07B.HDF5,0.16999999433755875,0.4049999937415123,1.7799999341368675,27.344999137334526,2025-03-21 18:30:00+08:00
2025-03-21 10:30:00+00:00,2025-03-21 18:30:00+08:00,GPM_1.65_103.75,103.75,1.649999976158142,0.3700000047683716,0.1850000023841858,3B-HHR.MS.MRG.3IMERG.20250321-S103000-E105959.0630.V07B.HDF5,0.21000000089406967,0.5899999961256981,1.804999940097332,25.139999273233116,2025-03-21 19:00:00+08:00
2025-03-21 11:00:00+00:00,2025-03-21 19:00:00+08:00,GPM_1.65_103.75,103.75,1.649999976158142,0.5099999904632568,0.2549999952316284,3B-HHR.MS.MRG.3IMERG.20250321-S110000-E112959.0660.V07B.HDF5,0.4399999976158142,0.8199999928474426,1.4649999663233757,23.449999335221946,2025-03-21 19:30:00+08:00
2025-03-21 11:30:00+00:00,2025-03-21 19:30:00+08:00,GPM_1.65_103.75,103.75,1.649999976158142,0.1599999964237213,0.07999999821186066,3B-HHR.MS.MRG.3IMERG.20250321-S113000-E115959.0690.V07B.HDF5,0.3349999934434891,0.8149999901652336,1.214999981224537,21.969999390654266,2025-03-21 20:00:00+08:00
2025-03-21 12:00:00+00:00,2025-03-21 20:00:00+08:00,GPM_1.65_103.75,103.75,1.649999976158142,0.28999999165534973,0.14499999582767487,3B-HHR.MS.MRG.3IMERG.20250321-S120000-E122959.0720.V07B.HDF5,0.22499999403953552,0.8349999859929085,1.1699999794363976,20.599999400787055,2025-03-21 20:30:00+08:00
2025-03-21 12:30:00+00:00,2025-03-21 20:30:00+08:00,GPM_1.65_103.75,103.75,1.649999976158142,0.5600000023841858,0.2800000011920929,3B-HHR.MS.MRG.3IMERG.20250321-S123000-E125959.0750.V07B.HDF5,0.42499999701976776,0.9699999913573265,1.349999986588955,19.174999478273094,2025-03-21 21:00:00+08:00
2025-03-21 13:00:00+00:00,2025-03-21 21:00:00+08:00,GPM_1.65_103.75,103.75,1.649999976158142,0.9899999499320984,0.4949999749660492,3B-HHR.MS.MRG.3IMERG.20250321-S130000-E132959.0780.V07B.HDF5,0.7749999761581421,1.4399999678134918,1.8449999615550041,18.109999510459602,2025-03-21 21:30:00+08:00
2025-03-21 13:30:00+00:00,2025-03-21 21:30:00+08:00,GPM_1.65_103.75,103.75,1.649999976158142,1.5299999713897705,0.7649999856948853,3B-HHR.MS.MRG.3IMERG.20250321-S133000-E135959.0810.V07B.HDF5,1.2599999606609344,2.0199999511241913,2.6099999472498894,16.729999515227973,2025-03-21 22:00:00+08:00
2025-03-21 14:00:00+00:00,2025-03-21 22:00:00+08:00,GPM_1.65_103.75,103.75,1.649999976158142,1.6399999856948853,0.8199999928474426,3B-HHR.MS.MRG.3IMERG.20250321-S140000-E142959.0840.V07B.HDF5,1.5849999785423279,2.5849999487400055,3.404999941587448,16.12999955099076,2025-03-21 22:30:00+08:00
2025-03-21 14:30:00+00:00,2025-03-21 22:30:00+08:00,GPM_1.65_103.75,103.75,1.649999976158142,2.419999837875366,1.209999918937683,3B-HHR.MS.MRG.3IMERG.20250321-S143000-E145959.0870.V07B.HDF5,2.0299999117851257,3.714999869465828,4.5299998596310616,15.699999484233558,2025-03-21 23:00:00+08:00
2025-03-21 15:00:00+00:00,2025-03-21 23:00:00+08:00,GPM_1.65_103.75,103.75,1.649999976158142,2.299999952316284,1.149999976158142,3B-HHR.MS.MRG.3IMERG.20250321-S150000-E152959.0900.V07B.HDF5,2.359999895095825,4.719999849796295,5.554999835789204,15.154999527148902,2025-03-21 23:30:00+08:00
2025-03-21 15:30:00+00:00,2025-03-21 23:30:00+08:00,GPM_1.65_103.75,103.75,1.649999976158142,0.85999995470047,0.429999977350235,3B-HHR.MS.MRG.3IMERG.20250321-S153000-E155959.0930.V07B.HDF5,1.579999953508377,4.869999825954437,5.839999817311764,13.60499960463494,2025-03-22 00:00:00+08:00
2025-03-18 16:00:00+00:00,2025-03-19 00:00:00+08:00,GPM_1.65_103.85,103.8499984741211,1.649999976158142,0.0,0.0,3B-HHR.MS.MRG.3IMERG.20250318-S160000-E162959.0960.V07B.HDF5,,,,,2025-03-19 00:30:00+08:00
2025-03-18 16:30:00+00:00,2025-03-19 00:30:00+08:00,GPM_1.65_103.85,103.8499984741211,1.649999976158142,0.019999999552965164,0.009999999776482582,3B-HHR.MS.MRG.3IMERG.20250318-S163000-E165959.0990.V07B.HDF5,0.009999999776482582,,,,2025-03-19 01:00:00+08:00
2025-03-18 17:00:00+00:00,2025-03-19 01:00:00+08:00,GPM_1.65_103.85,103.8499984741211,1.649999976158142,0.0,0.0,3B-HHR.MS.MRG.3IMERG.20250318-S170000-E172959.1020.V07B.HDF5,0.009999999776482582,,,,2025-03-19 01:30:00+08:00
2025-03-18 17:30:00+00:00,2025-03-19 01:30:00+08:00,GPM_1.65_103.85,103.8499984741211,1.649999976158142,0.0,0.0,3B-HHR.MS.MRG.3IMERG.20250318-S173000-E175959.1050.V07B.HDF5,0.0,,,,2025-03-19 02:00:00+08:00
2025-03-18 18:00:00+00:00,2025-03-19 02:00:00+08:00,GPM_1.65_103.85,103.8499984741211,1.649999976158142,0.07999999821186066,0.03999999910593033,3B-HHR.MS.MRG.3IMERG.20250318-S180000-E182959.1080.V07B.HDF5,0.03999999910593033,,,,2025-03-19 02:30:00+08:00
2025-03-18 18:30:00+00:00,2025-03-19 02:30:00+08:00,GPM_1.65_103.85,103.8499984741211,1.649999976158142,0.0,0.0,3B-HHR.MS.MRG.3IMERG.20250318-S183000-E185959.1110.V07B.HDF5,0.03999999910593033,0.04999999888241291,,,2025-03-19 03:00:00+08:00
2025-03-18 19:00:00+00:00,2025-03-19 03:00:00+08:00,GPM_1.65_103.85,103.8499984741211,1.649999976158142,0.0,0.0,3B-HHR.MS.MRG.3IMERG.20250318-S190000-E192959.1140.V07B.HDF5,0.0,0.04999999888241291,,,2025-03-19 03:30:00+08:00
2025-03-18 19:30:00+00:00,2025-03-19 03:30:00+08:00,GPM_1.65_103.85,103.8499984741211,1.649999976158142,0.25,0.125,3B-HHR.MS.MRG.3IMERG.20250318-S193000-E195959.1170.V07B.HDF5,0.125,0.16499999910593033,,,2025-03-19 04:00:00+08:00
2025-03-18 20:00:00+00:00,2025-03-19 04:00:00+08:00,GPM_1.65_103.85,103.8499984741211,1.649999976158142,0.32999998331069946,0.16499999165534973,3B-HHR.MS.MRG.3IMERG.20250318-S200000-E202959.1200.V07B.HDF5,0.28999999165534973,0.32999999076128006,,,2025-03-19 04:30:00+08:00
2025-03-18 20:30:00+00:00,2025-03-19 04:30:00+08:00,GPM_1.65_103.85,103.8499984741211,1.649999976158142,0.0,0.0,3B-HHR.MS.MRG.3IMERG.20250318-S203000-E205959.1230.V07B.HDF5,0.16499999165534973,0.32999999076128006,,,2025-03-19 05:00:00+08:00
2025-03-18 21:00:00+00:00,2025-03-19 05:00:00+08:00,GPM_1.65_103.85,103.8499984741211,1.649999976158142,0.3499999940395355,0.17499999701976776,3B-HHR.MS.MRG.3IMERG.20250318-S210000-E212959.1260.V07B.HDF5,0.17499999701976776,0.4649999886751175,,,2025-03-19 05:30:00+08:00
2025-03-18 21:30:00+00:00,2025-03-19 05:30:00+08:00,GPM_1.65_103.85,103.8499984741211,1.649999976158142,0.8299999833106995,0.41499999165534973,3B-HHR.MS.MRG.3IMERG.20250318-S213000-E215959.1290.V07B.HDF5,0.5899999886751175,0.8799999803304672,0.9299999792128801,,2025-03-19 06:00:00+08:00
2025-03-18 22:00:00+00:00,2025-03-19 06:00:00+08:00,GPM_1.65_103.85,103.8499984741211,1.649999976158142,0.8399999737739563,0.41999998688697815,3B-HHR.MS.MRG.3IMERG.20250318-S220000-E222959.1320.V07B.HDF5,0.8349999785423279,1.2999999672174454,1.3499999660998583,,2025-03-19 06:30:00+08:00
2025-03-18 22:30:00+00:00,2025-03-19 06:30:00+08:00,GPM_1.65_103.85,103.8499984741211,1.649999976158142,1.3299999237060547,0.6649999618530273,3B-HHR.MS.MRG.3IMERG.20250318-S223000-E225959.1350.V07B.HDF5,1.0849999487400055,1.8399999290704727,2.004999928176403,,2025-03-19 07:00:00+08:00
2025-03-18 23:00:00+00:00,2025-03-19 07:00:00+08:00,GPM_1.65_103.85,103.8499984741211,1.649999976158142,1.0,0.5,3B-HHR.MS.MRG.3IMERG.20250318-S230000-E232959.1380.V07B.HDF5,1.1649999618530273,2.174999937415123,2.504999928176403,,2025-03-19 07:30:00+08:00
2025-03-18 23:30:00+00:00,2025-03-19 07:30:00+08:00,GPM_1.65_103.85,103.8499984741211,1.649999976158142,1.2899999618530273,0.6449999809265137,3B-HHR.MS.MRG.3IMERG.20250318-S233000-E235959.1410.V07B.HDF5,1.1449999809265137,2.8199999183416367,3.1499999091029167,,2025-03-19 08:00:00+08:00
2025-03-19 00:00:00+00:00,2025-03-19 08:00:00+08:00,GPM_1.65_103.85,103.8499984741211,1.649999976158142,4.279999732971191,2.1399998664855957,3B-HHR.MS.MRG.3IMERG.20250319-S000000-E002959.0000.V07B.HDF5,2.7849998474121094,4.784999787807465,5.249999776482582,,2025-03-19 08:30:00+08:00
2025-03-19 00:30:00+00:00,2025-03-19 08:30:00+08:00,GPM_1.65_103.85,103.8499984741211,1.649999976158142,3.9700000286102295,1.9850000143051147,3B-HHR.MS.MRG.3IMERG.20250319-S003000-E005959.0030.V07B.HDF5,4.1249998807907104,6.35499981045723,7.234999790787697,,2025-03-19 09:00:00+08:00
2025-03-19 01:00:00+00:00,2025-03-19 09:00:00+08:00,GPM_1.65_103.85,103.8499984741211,1.649999976158142,3.75,1.875,3B-HHR.MS.MRG.3IMERG.20250319-S010000-E012959.0060.V07B.HDF5,3.8600000143051147,7.8099998235702515,9.109999790787697,,2025-03-19 09:30:00+08:00
2025-03-19 01:30:00+00:00,2025-03-19 09:30:00+08:00,GPM_1.65_103.85,103.8499984741211,1.649999976158142,5.859999656677246,2.929999828338623,3B-HHR.MS.MRG.3IMERG.20250319-S013000-E015959.0090.V07B.HDF5,4.804999828338623,10.074999690055847,11.91499961912632,,2025-03-19 10:00:00+08:00
2025-03-19 02:00:00+00:00,2025-03-19 10:00:00+08:00,GPM_1.65_103.85,103.8499984741211,1.649999976158142,7.239999771118164,3.619999885559082,3B-HHR.MS.MRG.3IMERG.20250319-S020000-E022959.0120.V07B.HDF5,6.549999713897705,13.19499957561493,15.369999513030052,,2025-03-19 10:30:00+08:00
2025-03-19 02:30:00+00:00,2025-03-19 10:30:00+08:00,GPM_1.65_103.85,103.8499984741211,1.649999976158142,7.109999656677246,3.554999828338623,3B-HHR.MS.MRG.3IMERG.20250319-S023000-E025959.0150.V07B.HDF5,7.174999713897705,16.10499942302704,18.924999341368675,,2025-03-19 11:00:00+08:00
2025-03-19 03:00:00+00:00,2025-03-19 11:00:00+08:00,GPM_1.65_103.85,103.8499984741211,1.649999976158142,14.0,7.0,3B-HHR.MS.MRG.3IMERG.20250319-S030000-E032959.0180.V07B.HDF5,10.554999828338623,20.964999556541443,25.749999344348907,,2025-03-19 11:30:00+08:00
2025-03-19 03:30:00+00:00,2025-03-19 11:30:00+08:00,GPM_1.65_103.85,103.8499984741211,1.649999976158142,8.139999389648438,4.069999694824219,3B-HHR.MS.MRG.3IMERG.20250319-S033000-E035959.0210.V07B.HDF5,11.069999694824219,23.049999237060547,29.404999047517776,,2025-03-19 12:00:00+08:00
2025-03-19 04:00:00+00:00,2025-03-19 12:00:00+08:00,GPM_1.65_103.85,103.8499984741211,1.649999976158142,4.579999923706055,2.2899999618530273,3B-HHR.MS.MRG.3IMERG.20250319-S040000-E042959.0240.V07B.HDF5,6.359999656677246,23.464999198913574,31.274999022483826,,2025-03-19 12:30:00+08:00
2025-03-19 04:30:00+00:00,2025-03-19 12:30:00+08:00,GPM_1.65_103.85,103.8499984741211,1.649999976158142,5.159999847412109,2.5799999237060547,3B-HHR.MS.MRG.3IMERG.20250319-S043000-E045959.0270.V07B.HDF5,4.869999885559082,23.114999294281006,33.18999898433685,,2025-03-19 13:00:00+08:00
2025-03-19 05:00:00+00:00,2025-03-19 13:00:00+08:00,GPM_1.65_103.85,103.8499984741211,1.649999976158142,7.440000057220459,3.7200000286102295,3B-HHR.MS.MRG.3IMERG.20250319-S050000-E052959.0300.V07B.HDF5,6.299999952316284,23.214999437332153,36.40999901294708,,2025-03-19 13:30:00+08:00
2025-03-19 05:30:00+00:00,2025-03-19 13:30:00+08:00,GPM_1.65_103.85,103.8499984741211,1.649999976158142,8.510000228881836,4.255000114440918,3B-HHR.MS.MRG.3IMERG.20250319-S053000-E055959.0330.V07B.HDF5,7.9750001430511475,23.91499972343445,40.01999914646149,,2025-03-19 14:00:00+08:00
2025-03-19 06:00:00+00:00,2025-03-19 14:00:00+08:00,GPM_1.65_103.85,103.8499984741211,1.649999976158142,7.279999732971191,3.6399998664855957,3B-HHR.MS.MRG.3IMERG.20250319-S060000-E062959.0360.V07B.HDF5,7.894999980926514,20.554999589920044,41.51999914646149,,2025-03-19 14:30:00+08:00
2025-03-19 06:30:00+00:00,2025-03-19 14:30:00+08:00,GPM_1.65_103.85,103.8499984741211,1.649999976158142,6.480000019073486,3.240000009536743,3B-HHR.MS.MRG.3IMERG.20250319-S063000-E065959.0390.V07B.HDF5,6.879999876022339,19.72499990463257,42.774999141693115,,2025-03-19 15:00:00+08:00
2025-03-19 07:00:00+00:00,2025-03-19 15:00:00+08:00,GPM_1.65_103.85,103.8499984741211,1.649999976158142,6.569999694824219,3.2849998474121094,3B-HHR.MS.MRG.3IMERG.20250319-S070000-E072959.0420.V07B.HDF5,6.5249998569488525,20.71999979019165,44.184998989105225,,2025-03-19 15:30:00+08:00
2025-03-19 07:30:00+00:00,2025-03-19 15:30:00+08:00,GPM_1.65_103.85,103.8499984741211,1.649999976158142,5.509999752044678,2.754999876022339,3B-HHR.MS.MRG.3IMERG.20250319-S073000-E075959.0450.V07B.HDF5,6.039999723434448,20.894999742507935,44.00999903678894,,2025-03-19 16:00:00+08:00
2025-03-19 08:00:00+00:00,2025-03-19 16:00:00+08:00,GPM_1.65_103.85,103.8499984741211,1.649999976158142,4.489999771118164,2.244999885559082,3B-HHR.MS.MRG.3IMERG.20250319-S080000-E082959.0480.V07B.HDF5,4.999999761581421,19.419999599456787,42.63499903678894,,2025-03-19 16:30:00+08:00
2025-03-19 08:30:00+00:00,2025-03-19 16:30:00+08:00,GPM_1.65_103.85,103.8499984741211,1.649999976158142,4.589999675750732,2.294999837875366,3B-HHR.MS.MRG.3IMERG.20250319-S083000-E085959.0510.V07B.HDF5,4.539999723434448,17.459999322891235,41.374999046325684,,2025-03-19 17:00:00+08:00
2025-03-19 09:00:00+00:00,2025-03-19 17:00:00+08:00,GPM_1.65_103.85,103.8499984741211,1.649999976158142,5.109999656677246,2.554999828338623,3B-HHR.MS.MRG.3IMERG.20250319-S090000-E092959.0540.V07B.HDF5,4.849999666213989,16.374999284744263,36.92999887466431,,2025-03-19 17:30:00+08:00
2025-03-19 09:30:00+00:00,2025-03-19 17:30:00+08:00,GPM_1.65_103.85,103.8499984741211,1.649999976158142,5.130000114440918,2.565000057220459,3B-HHR.MS.MRG.3IMERG.20250319-S093000-E095959.0570.V07B.HDF5,5.119999885559082,15.699999332427979,35.42499923706055,,2025-03-19 18:00:00+08:00
2025-03-19 10:00:00+00:00,2025-03-19 18:00:00+08:00,GPM_1.65_103.85,103.8499984741211,1.649999976158142,4.420000076293945,2.2100000381469727,3B-HHR.MS.MRG.3IMERG.20250319-S100000-E102959.0600.V07B.HDF5,4.775000095367432,14.624999523162842,35.34499931335449,,2025-03-19 18:30:00+08:00
2025-03-19 10:30:00+00:00,2025-03-19 18:30:00+08:00,GPM_1.65_103.85,103.8499984741211,1.649999976158142,5.130000114440918,2.565000057220459,3B-HHR.MS.MRG.3IMERG.20250319-S103000-E105959.0630.V07B.HDF5,4.775000095367432,14.434999704360962,35.3299994468689,,2025-03-19 19:00:00+08:00
2025-03-19 11:00:00+00:00,2025-03-19 19:00:00+08:00,GPM_1.65_103.85,103.8499984741211,1.649999976158142,5.119999885559082,2.559999942779541,3B-HHR.MS.MRG.3IMERG.20250319-S110000-E112959.0660.V07B.HDF5,5.125,14.749999761581421,34.16999936103821,,2025-03-19 19:30:00+08:00
2025-03-19 11:30:00+00:00,2025-03-19 19:30:00+08:00,GPM_1.65_103.85,103.8499984741211,1.649999976158142,4.739999771118164,2.369999885559082,3B-HHR.MS.MRG.3IMERG.20250319-S113000-E115959.0690.V07B.HDF5,4.929999828338623,14.824999809265137,32.28499913215637,,2025-03-19 20:00:00+08:00
2025-03-19 12:00:00+00:00,2025-03-19 20:00:00+08:00,GPM_1.65_103.85,103.8499984741211,1.649999976158142,4.039999961853027,2.0199999809265137,3B-HHR.MS.MRG.3IMERG.20250319-S120000-E122959.0720.V07B.HDF5,4.389999866485596,14.289999961853027,30.66499924659729,,2025-03-19 20:30:00+08:00
2025-03-19 12:30:00+00:00,2025-03-19 20:30:00+08:00,GPM_1.65_103.85,103.8499984741211,1.649999976158142,4.659999847412109,2.3299999237060547,3B-HHR.MS.MRG.3IMERG.20250319-S123000-E125959.0750.V07B.HDF5,4.349999904632568,14.054999828338623,29.7549991607666,,2025-03-19 21:00:00+08:00
2025-03-19 13:00:00+00:00,2025-03-19 21:00:00+08:00,GPM_1.65_103.85,103.8499984741211,1.649999976158142,6.569999694824219,3.2849998474121094,3B-HHR.MS.MRG.3IMERG.20250319-S130000-E132959.0780.V07B.HDF5,5.614999771118164,15.12999963760376,29.7549991607666,,2025-03-19 21:30:00+08:00
2025-03-19 13:30:00+00:00,2025-03-19 21:30:00+08:00,GPM_1.65_103.85,103.8499984741211,1.649999976158142,4.259999752044678,2.129999876022339,3B-HHR.MS.MRG.3IMERG.20250319-S133000-E135959.0810.V07B.HDF5,5.414999723434448,14.69499945640564,29.1299991607666,,2025-03-19 22:00:00+08:00
2025-03-19 14:00:00+00:00,2025-03-19 22:00:00+08:00,GPM_1.65_103.85,103.8499984741211,1.649999976158142,2.9600000381469727,1.4800000190734863,3B-HHR.MS.MRG.3IMERG.20250319-S140000-E142959.0840.V07B.HDF5,3.609999895095825,13.614999532699585,28.364999294281006,,2025-03-19 22:30:00+08:00
2025-03-19 14:30:00+00:00,2025-03-19 22:30:00+08:00,GPM_1.65_103.85,103.8499984741211,1.649999976158142,2.75,1.375,3B-HHR.MS.MRG.3IMERG.20250319-S143000-E145959.0870.V07B.HDF5,2.8550000190734863,12.619999647140503,27.44499945640564,,2025-03-19 23:00:00+08:00
2025-03-19 15:00:00+00:00,2025-03-19 23:00:00+08:00,GPM_1.65_103.85,103.8499984741211,1.649999976158142,2.799999952316284,1.399999976158142,3B-HHR.MS.MRG.3IMERG.20250319-S150000-E152959.0900.V07B.HDF5,2.774999976158142,11.999999642372131,26.28999960422516,,2025-03-19 23:30:00+08:00
2025-03-19 15:30:00+00:00,2025-03-19 23:30:00+08:00,GPM_1.65_103.85,103.8499984741211,1.649999976158142,1.0499999523162842,0.5249999761581421,3B-HHR.MS.MRG.3IMERG.20250319-S153000-E155959.0930.V07B.HDF5,1.9249999523162842,10.194999694824219,24.249999523162842,90.00999778695405,2025-03-20 00:00:00+08:00
2025-03-19 16:00:00+00:00,2025-03-20 00:00:00+08:00,GPM_1.65_103.85,103.8499984741211,1.649999976158142,1.7599999904632568,0.8799999952316284,3B-HHR.MS.MRG.3IMERG.20250319-S160000-E162959.0960.V07B.HDF5,1.4049999713897705,7.789999842643738,22.919999480247498,90.88999778218567,2025-03-20 00:30:00+08:00
2025-03-19 16:30:00+00:00,2025-03-20 00:30:00+08:00,GPM_1.65_103.85,103.8499984741211,1.649999976158142,3.5999999046325684,1.7999999523162842,3B-HHR.MS.MRG.3IMERG.20250319-S163000-E165959.0990.V07B.HDF5,2.6799999475479126,7.459999918937683,22.154999375343323,92.67999773472548,2025-03-20 01:00:00+08:00
2025-03-19 17:00:00+00:00,2025-03-20 01:00:00+08:00,GPM_1.65_103.85,103.8499984741211,1.649999976158142,3.759999990463257,1.8799999952316284,3B-HHR.MS.MRG.3IMERG.20250319-S170000-E172959.1020.V07B.HDF5,3.6799999475479126,7.859999895095825,21.47499942779541,94.5599977299571,2025-03-20 01:30:00+08:00
2025-03-19 17:30:00+00:00,2025-03-20 01:30:00+08:00,GPM_1.65_103.85,103.8499984741211,1.649999976158142,5.519999980926514,2.759999990463257,3B-HHR.MS.MRG.3IMERG.20250319-S173000-E175959.1050.V07B.HDF5,4.639999985694885,9.244999885559082,21.864999532699585,97.31999772042036,2025-03-20 02:00:00+08:00
2025-03-19 18:00:00+00:00,2025-03-20 02:00:00+08:00,GPM_1.65_103.85,103.8499984741211,1.649999976158142,5.949999809265137,2.9749999046325684,3B-HHR.MS.MRG.3IMERG.20250319-S180000-E182959.1080.V07B.HDF5,5.734999895095825,10.819999814033508,22.81999945640564,100.254997625947,2025-03-20 02:30:00+08:00
2025-03-19 18:30:00+00:00,2025-03-20 02:30:00+08:00,GPM_1.65_103.85,103.8499984741211,1.649999976158142,5.779999732971191,2.8899998664855957,3B-HHR.MS.MRG.3IMERG.20250319-S183000-E185959.1110.V07B.HDF5,5.864999771118164,13.184999704360962,23.37999939918518,103.1449974924326,2025-03-20 03:00:00+08:00
2025-03-19 19:00:00+00:00,2025-03-20 03:00:00+08:00,GPM_1.65_103.85,103.8499984741211,1.649999976158142,6.069999694824219,3.0349998474121094,3B-HHR.MS.MRG.3IMERG.20250319-S190000-E192959.1140.V07B.HDF5,5.924999713897705,15.339999556541443,23.12999939918518,106.1799973398447,2025-03-20 03:30:00+08:00
2025-03-19 19:30:00+00:00,2025-03-20 03:30:00+08:00,GPM_1.65_103.85,103.8499984741211,1.649999976158142,3.5199999809265137,1.7599999904632568,3B-HHR.MS.MRG.3IMERG.20250319-S193000-E195959.1170.V07B.HDF5,4.794999837875366,15.299999594688416,22.7599995136261,107.81499733030796,2025-03-20 04:00:00+08:00
2025-03-19 20:00:00+00:00,2025-03-20 04:00:00+08:00,GPM_1.65_103.85,103.8499984741211,1.649999976158142,4.449999809265137,2.2249999046325684,3B-HHR.MS.MRG.3IMERG.20250319-S200000-E202959.1200.V07B.HDF5,3.984999895095825,15.644999504089355,23.50499939918518,109.87499724328518,2025-03-20 04:30:00+08:00
2025-03-19 20:30:00+00:00,2025-03-20 04:30:00+08:00,GPM_1.65_103.85,103.8499984741211,1.649999976158142,2.919999837875366,1.459999918937683,3B-HHR.MS.MRG.3IMERG.20250319-S203000-E205959.1230.V07B.HDF5,3.6849998235702515,14.344999432563782,23.589999318122864,111.33499716222286,2025-03-20 05:00:00+08:00
2025-03-19 21:00:00+00:00,2025-03-20 05:00:00+08:00,GPM_1.65_103.85,103.8499984741211,1.649999976158142,3.9499998092651367,1.9749999046325684,3B-HHR.MS.MRG.3IMERG.20250319-S210000-E212959.1260.V07B.HDF5,3.4349998235702515,13.344999432563782,24.16499924659729,113.13499706983566,2025-03-20 05:30:00+08:00
2025-03-19 21:30:00+00:00,2025-03-20 05:30:00+08:00,GPM_1.65_103.85,103.8499984741211,1.649999976158142,4.909999847412109,2.4549999237060547,3B-HHR.MS.MRG.3IMERG.20250319-S213000-E215959.1290.V07B.HDF5,4.429999828338623,12.90999948978424,26.094999194145203,115.17499700188637,2025-03-20 06:00:00+08:00
2025-03-19 22:00:00+00:00,2025-03-20 06:00:00+08:00,GPM_1.65_103.85,103.8499984741211,1.649999976158142,3.93999981880188,1.96999990940094,3B-HHR.MS.MRG.3IMERG.20250319-S220000-E222959.1320.V07B.HDF5,4.424999833106995,11.844999551773071,27.184999108314514,116.72499692440033,2025-03-20 06:30:00+08:00
2025-03-19 22:30:00+00:00,2025-03-20 06:30:00+08:00,GPM_1.65_103.85,103.8499984741211,1.649999976158142,4.989999771118164,2.494999885559082,3B-HHR.MS.MRG.3IMERG.20250319-S223000-E225959.1350.V07B.HDF5,4.464999794960022,12.579999446868896,27.879999041557312,118.55499684810638,2025-03-20 07:00:00+08:00
2025-03-19 23:00:00+00:00,2025-03-20 07:00:00+08:00,GPM_1.65_103.85,103.8499984741211,1.649999976158142,5.440000057220459,2.7200000286102295,3B-HHR.MS.MRG.3IMERG.20250319-S230000-E232959.1380.V07B.HDF5,5.2149999141693115,13.074999570846558,28.719999074935913,120.77499687671661,2025-03-20 07:30:00+08:00
2025-03-19 23:30:00+00:00,2025-03-20 07:30:00+08:00,GPM_1.65_103.85,103.8499984741211,1.649999976158142,7.940000057220459,3.9700000286102295,3B-HHR.MS.MRG.3IMERG.20250319-S233000-E235959.1410.V07B.HDF5,6.690000057220459,15.584999680519104,29.929999113082886,124.09999692440033,2025-03-20 08:00:00+08:00
2025-03-20 00:00:00+00:00,2025-03-20 08:00:00+08:00,GPM_1.65_103.85,103.8499984741211,1.649999976158142,23.329999923706055,11.664999961853027,3B-HHR.MS.MRG.3IMERG.20250320-S000000-E002959.0000.V07B.HDF5,15.634999990463257,25.274999737739563,38.619999170303345,133.62499701976776,2025-03-20 08:30:00+08:00
2025-03-20 00:30:00+00:00,2025-03-20 08:30:00+08:00,GPM_1.65_103.85,103.8499984741211,1.649999976158142,10.880000114440918,5.440000057220459,3B-HHR.MS.MRG.3IMERG.20250320-S003000-E005959.0030.V07B.HDF5,17.105000019073486,28.259999871253967,41.16999936103821,137.0799970626831,2025-03-20 09:00:00+08:00
2025-03-20 01:00:00+00:00,2025-03-20 09:00:00+08:00,GPM_1.65_103.85,103.8499984741211,1.649999976158142,13.869999885559082,6.934999942779541,3B-HHR.MS.MRG.3IMERG.20250320-S010000-E012959.0060.V07B.HDF5,12.375,33.22499990463257,45.06999945640564,142.13999700546265,2025-03-20 09:30:00+08:00
2025-03-20 01:30:00+00:00,2025-03-20 09:30:00+08:00,GPM_1.65_103.85,103.8499984741211,1.649999976158142,7.869999885559082,3.934999942779541,3B-HHR.MS.MRG.3IMERG.20250320-S013000-E015959.0090.V07B.HDF5,10.869999885559082,34.66499996185303,47.244999408721924,143.14499711990356,2025-03-20 10:00:00+08:00
2025-03-20 02:00:00+00:00,2025-03-20 10:00:00+08:00,GPM_1.65_103.85,103.8499984741211,1.649999976158142,6.920000076293945,3.4600000381469727,3B-HHR.MS.MRG.3IMERG.20250320-S020000-E022959.0120.V07B.HDF5,7.394999980926514,35.40499997138977,48.47999954223633,142.98499727249146,2025-03-20 10:30:00+08:00
2025-03-20 02:30:00+00:00,2025-03-20 10:30:00+08:00,GPM_1.65_103.85,103.8499984741211,1.649999976158142,6.819999694824219,3.4099998474121094,3B-HHR.MS.MRG.3IMERG.20250320-S023000-E025959.0150.V07B.HDF5,6.869999885559082,34.84499979019165,50.429999470710754,142.83999729156494,2025-03-20 11:00:00+08:00
2025-03-20 03:00:00+00:00,2025-03-20 11:00:00+08:00,GPM_1.65_103.85,103.8499984741211,1.649999976158142,6.37999963760376,3.18999981880188,3B-HHR.MS.MRG.3IMERG.20250320-S030000-E032959.0180.V07B.HDF5,6.599999666213989,26.369999647140503,51.644999384880066,139.02999711036682,2025-03-20 11:30:00+08:00
2025-03-20 03:30:00+00:00,2025-03-20 11:30:00+08:00,GPM_1.65_103.85,103.8499984741211,1.649999976158142,5.650000095367432,2.825000047683716,3B-HHR.MS.MRG.3IMERG.20250320-S033000-E035959.0210.V07B.HDF5,6.014999866485596,23.75499963760376,52.01499950885773,137.78499746322632,2025-03-20 12:00:00+08:00
2025-03-20 04:00:00+00:00,2025-03-20 12:00:00+08:00,GPM_1.65_103.85,103.8499984741211,1.649999976158142,4.759999752044678,2.379999876022339,3B-HHR.MS.MRG.3IMERG.20250320-S040000-E042959.0240.V07B.HDF5,5.204999923706055,19.199999570846558,52.424999475479126,137.87499737739563,2025-03-20 12:30:00+08:00
2025-03-20 04:30:00+00:00,2025-03-20 12:30:00+08:00,GPM_1.65_103.85,103.8499984741211,1.649999976158142,3.799999952316284,1.899999976158142,3B-HHR.MS.MRG.3IMERG.20250320-S043000-E045959.0270.V07B.HDF5,4.279999852180481,17.16499960422516,51.829999566078186,137.19499742984772,2025-03-20 13:00:00+08:00
2025-03-20 05:00:00+00:00,2025-03-20 13:00:00+08:00,GPM_1.65_103.85,103.8499984741211,1.649999976158142,4.849999904632568,2.424999952316284,3B-HHR.MS.MRG.3IMERG.20250320-S050000-E052959.0300.V07B.HDF5,4.324999928474426,16.12999951839447,51.53499948978424,135.89999735355377,2025-03-20 13:30:00+08:00
2025-03-20 05:30:00+00:00,2025-03-20 13:30:00+08:00,GPM_1.65_103.85,103.8499984741211,1.649999976158142,7.730000019073486,3.865000009536743,3B-HHR.MS.MRG.3IMERG.20250320-S053000-E055959.0330.V07B.HDF5,6.289999961853027,16.584999680519104,51.429999470710754,135.5099972486496,2025-03-20 14:00:00+08:00
2025-03-20 06:00:00+00:00,2025-03-20 14:00:00+08:00,GPM_1.65_103.85,103.8499984741211,1.649999976158142,7.919999599456787,3.9599997997283936,3B-HHR.MS.MRG.3IMERG.20250320-S060000-E062959.0360.V07B.HDF5,7.824999809265137,17.354999661445618,43.72499930858612,135.8299971818924,2025-03-20 14:30:00+08:00
2025-03-20 06:30:00+00:00,2025-03-20 14:30:00+08:00,GPM_1.65_103.85,103.8499984741211,1.649999976158142,7.789999961853027,3.8949999809265137,3B-HHR.MS.MRG.3IMERG.20250320-S063000-E065959.0390.V07B.HDF5,7.854999780654907,18.424999594688416,42.179999232292175,136.48499715328217,2025-03-20 15:00:00+08:00
2025-03-20 07:00:00+00:00,2025-03-20 15:00:00+08:00,GPM_1.65_103.85,103.8499984741211,1.649999976158142,7.779999732971191,3.8899998664855957,3B-HHR.MS.MRG.3IMERG.20250320-S070000-E072959.0420.V07B.HDF5,7.784999847412109,19.934999585151672,39.13499915599823,137.08999717235565,2025-03-20 15:30:00+08:00
2025-03-20 07:30:00+00:00,2025-03-20 15:30:00+08:00,GPM_1.65_103.85,103.8499984741211,1.649999976158142,7.039999961853027,3.5199999809265137,3B-HHR.MS.MRG.3IMERG.20250320-S073000-E075959.0450.V07B.HDF5,7.409999847412109,21.554999589920044,38.7199991941452,137.85499727725983,2025-03-20 16:00:00+08:00
2025-03-20 08:00:00+00:00,2025-03-20 16:00:00+08:00,GPM_1.65_103.85,103.8499984741211,1.649999976158142,9.869999885559082,4.934999942779541,3B-HHR.MS.MRG.3IMERG.20250320-S080000-E082959.0480.V07B.HDF5,8.454999923706055,24.0649995803833,40.19499909877777,140.54499733448029,2025-03-20 16:30:00+08:00
2025-03-20 08:30:00+00:00,2025-03-20 16:30:00+08:00,GPM_1.65_103.85,103.8499984741211,1.649999976158142,8.559999465942383,4.279999732971191,3B-HHR.MS.MRG.3IMERG.20250320-S083000-E085959.0510.V07B.HDF5,9.214999675750732,24.47999930381775,41.06499898433685,142.5299972295761,2025-03-20 17:00:00+08:00
2025-03-20 09:00:00+00:00,2025-03-20 17:00:00+08:00,GPM_1.65_103.85,103.8499984741211,1.649999976158142,8.179999351501465,4.089999675750732,3B-HHR.MS.MRG.3IMERG.20250320-S090000-E092959.0540.V07B.HDF5,8.369999408721924,24.609999179840088,41.964998841285706,144.06499707698822,2025-03-20 17:30:00+08:00
2025-03-20 09:30:00+00:00,2025-03-20 17:30:00+08:00,GPM_1.65_103.85,103.8499984741211,1.649999976158142,5.460000038146973,2.7300000190734863,3B-HHR.MS.MRG.3IMERG.20250320-S093000-E095959.0570.V07B.HDF5,6.819999694824219,23.44499921798706,41.869998812675476,144.22999703884125,2025-03-20 18:00:00+08:00
2025-03-20 10:00:00+00:00,2025-03-20 18:00:00+08:00,GPM_1.65_103.85,103.8499984741211,1.649999976158142,5.549999713897705,2.7749998569488525,3B-HHR.MS.MRG.3IMERG.20250320-S100000-E102959.0600.V07B.HDF5,5.504999876022339,22.329999208450317,42.26499879360199,144.79499685764313,2025-03-20 18:30:00+08:00
2025-03-20 10:30:00+00:00,2025-03-20 18:30:00+08:00,GPM_1.65_103.85,103.8499984741211,1.649999976158142,4.46999979019165,2.234999895095825,3B-HHR.MS.MRG.3IMERG.20250320-S103000-E105959.0630.V07B.HDF5,5.009999752044678,21.04499912261963,42.59999871253967,144.4649966955185,2025-03-20 19:00:00+08:00
2025-03-20 11:00:00+00:00,2025-03-20 19:00:00+08:00,GPM_1.65_103.85,103.8499984741211,1.649999976158142,3.609999895095825,1.8049999475479126,3B-HHR.MS.MRG.3IMERG.20250320-S110000-E112959.0660.V07B.HDF5,4.039999842643738,17.914999127388,41.9799987077713,143.70999670028687,2025-03-20 19:30:00+08:00
2025-03-20 11:30:00+00:00,2025-03-20 19:30:00+08:00,GPM_1.65_103.85,103.8499984741211,1.649999976158142,3.1999998092651367,1.5999999046325684,3B-HHR.MS.MRG.3IMERG.20250320-S113000-E115959.0690.V07B.HDF5,3.404999852180481,15.234999299049377,39.71499860286713,142.93999671936035,2025-03-20 20:00:00+08:00
2025-03-20 12:00:00+00:00,2025-03-20 20:00:00+08:00,GPM_1.65_103.85,103.8499984741211,1.649999976158142,2.609999895095825,1.3049999475479126,3B-HHR.MS.MRG.3IMERG.20250320-S120000-E122959.0720.V07B.HDF5,2.904999852180481,12.449999570846558,37.059998750686646,142.22499668598175,2025-03-20 20:30:00+08:00
2025-03-20 12:30:00+00:00,2025-03-20 20:30:00+08:00,GPM_1.65_103.85,103.8499984741211,1.649999976158142,2.319999933242798,1.159999966621399,3B-HHR.MS.MRG.3IMERG.20250320-S123000-E125959.0750.V07B.HDF5,2.4649999141693115,10.87999951839447,34.32499873638153,141.0549967288971,2025-03-20 21:00:00+08:00
2025-03-20 13:00:00+00:00,2025-03-20 21:00:00+08:00,GPM_1.65_103.85,103.8499984741211,1.649999976158142,3.5999999046325684,1.7999999523162842,3B-HHR.MS.MRG.3IMERG.20250320-S130000-E132959.0780.V07B.HDF5,2.959999918937683,9.904999613761902,32.23499882221222,139.56999683380127,2025-03-20 21:30:00+08:00
2025-03-20 13:30:00+00:00,2025-03-20 21:30:00+08:00,GPM_1.65_103.85,103.8499984741211,1.649999976158142,3.419999837875366,1.709999918937683,3B-HHR.MS.MRG.3IMERG.20250320-S133000-E135959.0810.V07B.HDF5,3.5099998712539673,9.37999963760376,30.42499876022339,139.1499968767166,2025-03-20 22:00:00+08:00
2025-03-20 14:00:00+00:00,2025-03-20 22:00:00+08:00,GPM_1.65_103.85,103.8499984741211,1.649999976158142,3.68999981880188,1.84499990940094,3B-HHR.MS.MRG.3IMERG.20250320-S140000-E142959.0840.V07B.HDF5,3.554999828338623,9.419999599456787,27.334998726844788,139.51499676704407,2025-03-20 22:30:00+08:00
2025-03-20 14:30:00+00:00,2025-03-20 22:30:00+08:00,GPM_1.65_103.85,103.8499984741211,1.649999976158142,3.679999828338623,1.8399999141693115,3B-HHR.MS.MRG.3IMERG.20250320-S143000-E145959.0870.V07B.HDF5,3.6849998235702515,9.65999960899353,24.894998908042908,139.97999668121338,2025-03-20 23:00:00+08:00
2025-03-20 15:00:00+00:00,2025-03-20 23:00:00+08:00,GPM_1.65_103.85,103.8499984741211,1.649999976158142,2.25,1.125,3B-HHR.MS.MRG.3IMERG.20250320-S150000-E152959.0900.V07B.HDF5,2.9649999141693115,9.479999661445618,21.929999232292175,139.70499670505524,2025-03-20 23:30:00+08:00
2025-03-20 15:30:00+00:00,2025-03-20 23:30:00+08:00,GPM_1.65_103.85,103.8499984741211,1.649999976158142,1.3299999237060547,0.6649999618530273,3B-HHR.MS.MRG.3IMERG.20250320-S153000-E155959.0930.V07B.HDF5,1.7899999618530273,8.984999656677246,19.864999175071716,139.84499669075012,2025-03-21 00:00:00+08:00
2025-03-20 16:00:00+00:00,2025-03-21 00:00:00+08:00,GPM_1.65_103.85,103.8499984741211,1.649999976158142,0.4699999988079071,0.23499999940395355,3B-HHR.MS.MRG.3IMERG.20250320-S160000-E162959.0960.V07B.HDF5,0.8999999612569809,7.4199997037649155,17.324999317526817,139.19999669492245,2025-03-21 00:30:00+08:00
2025-03-20 16:30:00+00:00,2025-03-21 00:30:00+08:00,GPM_1.65_103.85,103.8499984741211,1.649999976158142,0.10999999940395355,0.054999999701976776,3B-HHR.MS.MRG.3IMERG.20250320-S163000-E165959.0990.V07B.HDF5,0.28999999910593033,5.764999784529209,15.144999422132969,137.45499674230814,2025-03-21 01:00:00+08:00
2025-03-20 17:00:00+00:00,2025-03-21 01:00:00+08:00,GPM_1.65_103.85,103.8499984741211,1.649999976158142,0.03999999910593033,0.019999999552965164,3B-HHR.MS.MRG.3IMERG.20250320-S170000-E172959.1020.V07B.HDF5,0.07499999925494194,3.9399998746812344,13.359999474138021,135.59499674662948,2025-03-21 01:30:00+08:00
2025-03-20 17:30:00+00:00,2025-03-21 01:30:00+08:00,GPM_1.65_103.85,103.8499984741211,1.649999976158142,0.0,0.0,3B-HHR.MS.MRG.3IMERG.20250320-S173000-E175959.1050.V07B.HDF5,0.019999999552965164,2.099999960511923,11.759999569505453,132.83499675616622,2025-03-21 02:00:00+08:00
2025-03-20 18:00:00+00:00,2025-03-21 02:00:00+08:00,GPM_1.65_103.85,103.8499984741211,1.649999976158142,0.25,0.125,3B-HHR.MS.MRG.3IMERG.20250320-S180000-E182959.1080.V07B.HDF5,0.125,1.0999999605119228,10.57999962195754,129.98499685153365,2025-03-21 02:30:00+08:00
2025-03-20 18:30:00+00:00,2025-03-21 02:30:00+08:00,GPM_1.65_103.85,103.8499984741211,1.649999976158142,0.20999999344348907,0.10499999672174454,3B-HHR.MS.MRG.3IMERG.20250320-S183000-E185959.1110.V07B.HDF5,0.22999999672174454,0.53999999538064,9.524999652057886,127.1999969817698,2025-03-21 03:00:00+08:00
2025-03-20 19:00:00+00:00,2025-03-21 03:00:00+08:00,GPM_1.65_103.85,103.8499984741211,1.649999976158142,1.3799999952316284,0.6899999976158142,3B-HHR.MS.MRG.3IMERG.20250320-S190000-E192959.1140.V07B.HDF5,0.7949999943375587,0.9949999935925007,8.414999697357416,124.8549971319735,2025-03-21 03:30:00+08:00
2025-03-20 19:30:00+00:00,2025-03-21 03:30:00+08:00,GPM_1.65_103.85,103.8499984741211,1.649999976158142,0.4099999964237213,0.20499999821186066,3B-HHR.MS.MRG.3IMERG.20250320-S193000-E195959.1170.V07B.HDF5,0.8949999958276749,1.1449999921023846,6.909999776631594,123.29999713972211,2025-03-21 04:00:00+08:00
2025-03-20 20:00:00+00:00,2025-03-21 04:00:00+08:00,GPM_1.65_103.85,103.8499984741211,1.649999976158142,1.0699999332427979,0.5349999666213989,3B-HHR.MS.MRG.3IMERG.20250320-S200000-E202959.1200.V07B.HDF5,0.7399999648332596,1.6599999591708183,5.599999833852053,121.60999720171094,2025-03-21 04:30:00+08:00
2025-03-20 20:30:00+00:00,2025-03-21 04:30:00+08:00,GPM_1.65_103.85,103.8499984741211,1.649999976158142,3.3399999141693115,1.6699999570846558,3B-HHR.MS.MRG.3IMERG.20250320-S203000-E205959.1230.V07B.HDF5,2.2049999237060547,3.329999916255474,5.429999876767397,121.81999723985791,2025-03-21 05:00:00+08:00
2025-03-20 21:00:00+00:00,2025-03-21 05:00:00+08:00,GPM_1.65_103.85,103.8499984741211,1.649999976158142,0.6399999856948853,0.3199999928474426,3B-HHR.MS.MRG.3IMERG.20250320-S210000-E212959.1260.V07B.HDF5,1.9899999499320984,3.5249999091029167,4.6249998696148396,120.16499732807279,2025-03-21 05:30:00+08:00
2025-03-20 21:30:00+00:00,2025-03-21 05:30:00+08:00,GPM_1.65_103.85,103.8499984741211,1.649999976158142,0.1599999964237213,0.07999999821186066,3B-HHR.MS.MRG.3IMERG.20250320-S213000-E215959.1290.V07B.HDF5,0.3999999910593033,3.499999910593033,4.039999905973673,117.78999740257859,2025-03-21 06:00:00+08:00
2025-03-20 22:00:00+00:00,2025-03-21 06:00:00+08:00,GPM_1.65_103.85,103.8499984741211,1.649999976158142,0.0,0.0,3B-HHR.MS.MRG.3IMERG.20250320-S220000-E222959.1320.V07B.HDF5,0.07999999821186066,2.8099999129772186,3.8049999065697193,115.81999749317765,2025-03-21 06:30:00+08:00
2025-03-20 22:30:00+00:00,2025-03-21 06:30:00+08:00,GPM_1.65_103.85,103.8499984741211,1.649999976158142,0.0,0.0,3B-HHR.MS.MRG.3IMERG.20250320-S223000-E225959.1350.V07B.HDF5,0.0,2.604999914765358,3.7499999068677425,113.32499760761857,2025-03-21 07:00:00+08:00
2025-03-20 23:00:00+00:00,2025-03-21 07:00:00+08:00,GPM_1.65_103.85,103.8499984741211,1.649999976158142,0.0,0.0,3B-HHR.MS.MRG.3IMERG.20250320-S230000-E232959.1380.V07B.HDF5,0.0,2.069999948143959,3.7299999073147774,110.60499757900834,2025-03-21 07:30:00+08:00
2025-03-20 23:30:00+00:00,2025-03-21 07:30:00+08:00,GPM_1.65_103.85,103.8499984741211,1.649999976158142,0.20999999344348907,0.10499999672174454,3B-HHR.MS.MRG.3IMERG.20250320-S233000-E235959.1410.V07B.HDF5,0.10499999672174454,0.5049999877810478,3.834999904036522,106.73999754711986,2025-03-21 08:00:00+08:00
2025-03-21 00:00:00+00:00,2025-03-21 08:00:00+08:00,GPM_1.65_103.85,103.8499984741211,1.649999976158142,0.0,0.0,3B-HHR.MS.MRG.3IMERG.20250321-S000000-E002959.0000.V07B.HDF5,0.10499999672174454,0.1849999949336052,3.709999904036522,95.07499758526683,2025-03-21 08:30:00+08:00
2025-03-21 00:30:00+00:00,2025-03-21 08:30:00+08:00,GPM_1.65_103.85,103.8499984741211,1.649999976158142,0.03999999910593033,0.019999999552965164,3B-HHR.MS.MRG.3IMERG.20250321-S003000-E005959.0030.V07B.HDF5,0.019999999552965164,0.1249999962747097,3.6249999068677425,89.65499752759933,2025-03-21 09:00:00+08:00
2025-03-21 01:00:00+00:00,2025-03-21 09:00:00+08:00,GPM_1.65_103.85,103.8499984741211,1.649999976158142,0.0,0.0,3B-HHR.MS.MRG.3IMERG.20250321-S010000-E012959.0060.V07B.HDF5,0.019999999552965164,0.1249999962747097,2.9349999092519283,82.7199975848198,2025-03-21 09:30:00+08:00
2025-03-21 01:30:00+00:00,2025-03-21 09:30:00+08:00,GPM_1.65_103.85,103.8499984741211,1.649999976158142,0.0,0.0,3B-HHR.MS.MRG.3IMERG.20250321-S013000-E015959.0090.V07B.HDF5,0.0,0.1249999962747097,2.7299999110400677,78.78499764204025,2025-03-21 10:00:00+08:00
2025-03-21 02:00:00+00:00,2025-03-21 10:00:00+08:00,GPM_1.65_103.85,103.8499984741211,1.649999976158142,0.0,0.0,3B-HHR.MS.MRG.3IMERG.20250321-S020000-E022959.0120.V07B.HDF5,0.0,0.1249999962747097,2.1949999444186687,75.32499760389328,2025-03-21 10:30:00+08:00
2025-03-21 02:30:00+00:00,2025-03-21 10:30:00+08:00,GPM_1.65_103.85,103.8499984741211,1.649999976158142,0.0,0.0,3B-HHR.MS.MRG.3IMERG.20250321-S023000-E025959.0150.V07B.HDF5,0.0,0.019999999552965164,0.524999987334013,71.91499775648117,2025-03-21 11:00:00+08:00
2025-03-21 03:00:00+00:00,2025-03-21 11:00:00+08:00,GPM_1.65_103.85,103.8499984741211,1.649999976158142,0.10999999940395355,0.054999999701976776,3B-HHR.MS.MRG.3IMERG.20250321-S030000-E032959.0180.V07B.HDF5,0.054999999701976776,0.07499999925494194,0.25999999418854713,68.77999793738127,2025-03-21 11:30:00+08:00
2025-03-21 03:30:00+00:00,2025-03-21 11:30:00+08:00,GPM_1.65_103.85,103.8499984741211,1.649999976158142,0.08999999612569809,0.044999998062849045,3B-HHR.MS.MRG.3IMERG.20250321-S033000-E035959.0210.V07B.HDF5,0.09999999776482582,0.09999999776482582,0.22499999403953552,65.9999978877604,2025-03-21 12:00:00+08:00
2025-03-21 04:00:00+00:00,2025-03-21 12:00:00+08:00,GPM_1.65_103.85,103.8499984741211,1.649999976158142,0.12999999523162842,0.06499999761581421,3B-HHR.MS.MRG.3IMERG.20250321-S040000-E042959.0240.V07B.HDF5,0.10999999567866325,0.16499999538064003,0.28999999165534973,63.684998009353876,2025-03-21 12:30:00+08:00
2025-03-21 04:30:00+00:00,2025-03-21 12:30:00+08:00,GPM_1.65_103.85,103.8499984741211,1.649999976158142,0.2199999988079071,0.10999999940395355,3B-HHR.MS.MRG.3IMERG.20250321-S043000-E045959.0270.V07B.HDF5,0.17499999701976776,0.2749999947845936,0.3999999910593033,61.89499803259969,2025-03-21 13:00:00+08:00
2025-03-21 05:00:00+00:00,2025-03-21 13:00:00+08:00,GPM_1.65_103.85,103.8499984741211,1.649999976158142,1.309999942779541,0.6549999713897705,3B-HHR.MS.MRG.3IMERG.20250321-S050000-E052959.0300.V07B.HDF5,0.7649999707937241,0.9299999661743641,1.0549999624490738,60.124998051673174,2025-03-21 13:30:00+08:00
2025-03-21 05:30:00+00:00,2025-03-21 13:30:00+08:00,GPM_1.65_103.85,103.8499984741211,1.649999976158142,0.6100000143051147,0.3050000071525574,3B-HHR.MS.MRG.3IMERG.20250321-S053000-E055959.0330.V07B.HDF5,0.9599999785423279,1.2349999733269215,1.2549999728798866,56.56499804928899,2025-03-21 14:00:00+08:00
2025-03-21 06:00:00+00:00,2025-03-21 14:00:00+08:00,GPM_1.65_103.85,103.8499984741211,1.649999976158142,0.29999998211860657,0.14999999105930328,3B-HHR.MS.MRG.3IMERG.20250321-S060000-E062959.0360.V07B.HDF5,0.45499999821186066,1.329999964684248,1.40499996393919,52.7549982406199,2025-03-21 14:30:00+08:00
2025-03-21 06:30:00+00:00,2025-03-21 14:30:00+08:00,GPM_1.65_103.85,103.8499984741211,1.649999976158142,0.17000000178813934,0.08500000089406967,3B-HHR.MS.MRG.3IMERG.20250321-S063000-E065959.0390.V07B.HDF5,0.23499999195337296,1.3699999675154686,1.4699999652802944,48.944998260587454,2025-03-21 15:00:00+08:00
2025-03-21 07:00:00+00:00,2025-03-21 15:00:00+08:00,GPM_1.65_103.85,103.8499984741211,1.649999976158142,0.0,0.0,3B-HHR.MS.MRG.3IMERG.20250321-S070000-E072959.0420.V07B.HDF5,0.08500000089406967,1.3049999698996544,1.4699999652802944,45.05499839410186,2025-03-21 15:30:00+08:00
2025-03-21 07:30:00+00:00,2025-03-21 15:30:00+08:00,GPM_1.65_103.85,103.8499984741211,1.649999976158142,0.0,0.0,3B-HHR.MS.MRG.3IMERG.20250321-S073000-E075959.0450.V07B.HDF5,0.0,1.1949999704957008,1.4699999652802944,41.534998413175344,2025-03-21 16:00:00+08:00
2025-03-21 08:00:00+00:00,2025-03-21 16:00:00+08:00,GPM_1.65_103.85,103.8499984741211,1.649999976158142,0.10999999940395355,0.054999999701976776,3B-HHR.MS.MRG.3IMERG.20250321-S080000-E082959.0480.V07B.HDF5,0.054999999701976776,0.5949999988079071,1.5249999649822712,36.65499847009778,2025-03-21 16:30:00+08:00
2025-03-21 08:30:00+00:00,2025-03-21 16:30:00+08:00,GPM_1.65_103.85,103.8499984741211,1.649999976158142,0.14999999105930328,0.07499999552965164,3B-HHR.MS.MRG.3IMERG.20250321-S083000-E085959.0510.V07B.HDF5,0.12999999523162842,0.3649999871850014,1.5999999605119228,32.44999873265624,2025-03-21 17:00:00+08:00
2025-03-21 09:00:00+00:00,2025-03-21 17:00:00+08:00,GPM_1.65_103.85,103.8499984741211,1.649999976158142,0.2199999988079071,0.10999999940395355,3B-HHR.MS.MRG.3IMERG.20250321-S090000-E092959.0540.V07B.HDF5,0.1849999949336052,0.32499999552965164,1.6549999602138996,28.46999905630946,2025-03-21 17:30:00+08:00
2025-03-21 09:30:00+00:00,2025-03-21 17:30:00+08:00,GPM_1.65_103.85,103.8499984741211,1.649999976158142,0.029999999329447746,0.014999999664723873,3B-HHR.MS.MRG.3IMERG.20250321-S093000-E095959.0570.V07B.HDF5,0.12499999906867743,0.25499999430030584,1.6249999618157744,25.7549990369007,2025-03-21 18:00:00+08:00
2025-03-21 10:00:00+00:00,2025-03-21 18:00:00+08:00,GPM_1.65_103.85,103.8499984741211,1.649999976158142,0.0,0.0,3B-HHR.MS.MRG.3IMERG.20250321-S100000-E102959.0600.V07B.HDF5,0.014999999664723873,0.25499999430030584,1.5599999641999602,22.979999179951847,2025-03-21 18:30:00+08:00
2025-03-21 10:30:00+00:00,2025-03-21 18:30:00+08:00,GPM_1.65_103.85,103.8499984741211,1.649999976158142,0.20999999344348907,0.10499999672174454,3B-HHR.MS.MRG.3IMERG.20250321-S103000-E105959.0630.V07B.HDF5,0.10499999672174454,0.3599999910220504,1.5549999615177512,20.849999281577766,2025-03-21 19:00:00+08:00
2025-03-21 11:00:00+00:00,2025-03-21 19:00:00+08:00,GPM_1.65_103.85,103.8499984741211,1.649999976158142,0.2800000011920929,0.14000000059604645,3B-HHR.MS.MRG.3IMERG.20250321-S110000-E112959.0660.V07B.HDF5,0.24499999731779099,0.44499999191612005,1.0399999907240272,19.1849993346259,2025-03-21 19:30:00+08:00
2025-03-21 11:30:00+00:00,2025-03-21 19:30:00+08:00,GPM_1.65_103.85,103.8499984741211,1.649999976158142,0.35999998450279236,0.17999999225139618,3B-HHR.MS.MRG.3IMERG.20250321-S113000-E115959.0690.V07B.HDF5,0.3199999928474426,0.5499999886378646,0.914999975822866,17.764999422244728,2025-03-21 20:00:00+08:00
2025-03-21 12:00:00+00:00,2025-03-21 20:00:00+08:00,GPM_1.65_103.85,103.8499984741211,1.649999976158142,0.4699999988079071,0.23499999940395355,3B-HHR.MS.MRG.3IMERG.20250321-S120000-E122959.0720.V07B.HDF5,0.41499999165534973,0.6749999886378646,0.9999999841675162,16.69499947410077,2025-03-21 20:30:00+08:00
2025-03-21 12:30:00+00:00,2025-03-21 20:30:00+08:00,GPM_1.65_103.85,103.8499984741211,1.649999976158142,0.85999995470047,0.429999977350235,3B-HHR.MS.MRG.3IMERG.20250321-S123000-E125959.0750.V07B.HDF5,0.6649999767541885,1.0899999663233757,1.3449999606236815,15.964999484829605,2025-03-21 21:00:00+08:00
2025-03-21 13:00:00+00:00,2025-03-21 21:00:00+08:00,GPM_1.65_103.85,103.8499984741211,1.649999976158142,1.409999966621399,0.7049999833106995,3B-HHR.MS.MRG.3IMERG.20250321-S130000-E132959.0780.V07B.HDF5,1.1349999606609344,1.7949999496340752,2.049999943934381,14.86999951582402,2025-03-21 21:30:00+08:00
2025-03-21 13:30:00+00:00,2025-03-21 21:30:00+08:00,GPM_1.65_103.85,103.8499984741211,1.649999976158142,1.5899999141693115,0.7949999570846558,3B-HHR.MS.MRG.3IMERG.20250321-S133000-E135959.0810.V07B.HDF5,1.4999999403953552,2.4849999099969864,2.8449999010190368,13.954999553970993,2025-03-21 22:00:00+08:00
2025-03-21 14:00:00+00:00,2025-03-21 22:00:00+08:00,GPM_1.65_103.85,103.8499984741211,1.649999976158142,1.6399999856948853,0.8199999928474426,3B-HHR.MS.MRG.3IMERG.20250321-S140000-E142959.0840.V07B.HDF5,1.6149999499320984,3.1649999022483826,3.6099998941645026,12.929999637417495,2025-03-21 22:30:00+08:00
2025-03-21 14:30:00+00:00,2025-03-21 22:30:00+08:00,GPM_1.65_103.85,103.8499984741211,1.649999976158142,2.7200000286102295,1.3600000143051147,3B-HHR.MS.MRG.3IMERG.20250321-S143000-E145959.0870.V07B.HDF5,2.1800000071525574,4.344999924302101,4.894999912939966,12.449999737553298,2025-03-21 23:00:00+08:00
2025-03-21 15:00:00+00:00,2025-03-21 23:00:00+08:00,GPM_1.65_103.85,103.8499984741211,1.649999976158142,1.8899999856948853,0.9449999928474426,3B-HHR.MS.MRG.3IMERG.20250321-S150000-E152959.0900.V07B.HDF5,2.3050000071525574,5.05499991774559,5.729999906383455,12.269999730400741,2025-03-21 23:30:00+08:00
2025-03-21 15:30:00+00:00,2025-03-21 23:30:00+08:00,GPM_1.65_103.85,103.8499984741211,1.649999976158142,1.0,0.5,3B-HHR.MS.MRG.3IMERG.20250321-S153000-E155959.0930.V07B.HDF5,1.4449999928474426,5.124999940395355,6.214999906718731,12.104999768547714,2025-03-22 00:00:00+08:00
2025-03-18 16:00:00+00:00,2025-03-19 00:00:00+08:00,GPM_1.65_103.95,103.94999694824219,1.649999976158142,0.0,0.0,3B-HHR.MS.MRG.3IMERG.20250318-S160000-E162959.0960.V07B.HDF5,,,,,2025-03-19 00:30:00+08:00
2025-03-18 16:30:00+00:00,2025-03-19 00:30:00+08:00,GPM_1.65_103.95,103.94999694824219,1.649999976158142,0.0,0.0,3B-HHR.MS.MRG.3IMERG.20250318-S163000-E165959.0990.V07B.HDF5,0.0,,,,2025-03-19 01:00:00+08:00
2025-03-18 17:00:00+00:00,2025-03-19 01:00:00+08:00,GPM_1.65_103.95,103.94999694824219,1.649999976158142,0.0,0.0,3B-HHR.MS.MRG.3IMERG.20250318-S170000-E172959.1020.V07B.HDF5,0.0,,,,2025-03-19 01:30:00+08:00
2025-03-18 17:30:00+00:00,2025-03-19 01:30:00+08:00,GPM_1.65_103.95,103.94999694824219,1.649999976158142,0.1899999976158142,0.0949999988079071,3B-HHR.MS.MRG.3IMERG.20250318-S173000-E175959.1050.V07B.HDF5,0.0949999988079071,,,,2025-03-19 02:00:00+08:00
2025-03-18 18:00:00+00:00,2025-03-19 02:00:00+08:00,GPM_1.65_103.95,103.94999694824219,1.649999976158142,0.0,0.0,3B-HHR.MS.MRG.3IMERG.20250318-S180000-E182959.1080.V07B.HDF5,0.0949999988079071,,,,2025-03-19 02:30:00+08:00
2025-03-18 18:30:00+00:00,2025-03-19 02:30:00+08:00,GPM_1.65_103.95,103.94999694824219,1.649999976158142,0.0,0.0,3B-HHR.MS.MRG.3IMERG.20250318-S183000-E185959.1110.V07B.HDF5,0.0,0.0949999988079071,,,2025-03-19 03:00:00+08:00
2025-03-18 19:00:00+00:00,2025-03-19 03:00:00+08:00,GPM_1.65_103.95,103.94999694824219,1.649999976158142,0.08999999612569809,0.044999998062849045,3B-HHR.MS.MRG.3IMERG.20250318-S190000-E192959.1140.V07B.HDF5,0.044999998062849045,0.13999999687075615,,,2025-03-19 03:30:00+08:00
2025-03-18 19:30:00+00:00,2025-03-19 03:30:00+08:00,GPM_1.65_103.95,103.94999694824219,1.649999976158142,0.550000011920929,0.2750000059604645,3B-HHR.MS.MRG.3IMERG.20250318-S193000-E195959.1170.V07B.HDF5,0.3200000040233135,0.4150000028312206,,,2025-03-19 04:00:00+08:00
2025-03-18 20:00:00+00:00,2025-03-19 04:00:00+08:00,GPM_1.65_103.95,103.94999694824219,1.649999976158142,0.07000000029802322,0.03500000014901161,3B-HHR.MS.MRG.3IMERG.20250318-S200000-E202959.1200.V07B.HDF5,0.3100000061094761,0.45000000298023224,,,2025-03-19 04:30:00+08:00
2025-03-18 20:30:00+00:00,2025-03-19 04:30:00+08:00,GPM_1.65_103.95,103.94999694824219,1.649999976158142,0.6599999666213989,0.32999998331069946,3B-HHR.MS.MRG.3IMERG.20250318-S203000-E205959.1230.V07B.HDF5,0.3649999834597111,0.6849999874830246,,,2025-03-19 05:00:00+08:00
2025-03-18 21:00:00+00:00,2025-03-19 05:00:00+08:00,GPM_1.65_103.95,103.94999694824219,1.649999976158142,0.32999998331069946,0.16499999165534973,3B-HHR.MS.MRG.3IMERG.20250318-S210000-E212959.1260.V07B.HDF5,0.4949999749660492,0.8499999791383743,,,2025-03-19 05:30:00+08:00
2025-03-18 21:30:00+00:00,2025-03-19 05:30:00+08:00,GPM_1.65_103.95,103.94999694824219,1.649999976158142,0.9799999594688416,0.4899999797344208,3B-HHR.MS.MRG.3IMERG.20250318-S213000-E215959.1290.V07B.HDF5,0.6549999713897705,1.339999958872795,1.4349999576807022,,2025-03-19 06:00:00+08:00
2025-03-18 22:00:00+00:00,2025-03-19 06:00:00+08:00,GPM_1.65_103.95,103.94999694824219,1.649999976158142,1.4800000190734863,0.7400000095367432,3B-HHR.MS.MRG.3IMERG.20250318-S220000-E222959.1320.V07B.HDF5,1.229999989271164,2.0349999703466892,2.1749999672174454,,2025-03-19 06:30:00+08:00
2025-03-18 22:30:00+00:00,2025-03-19 06:30:00+08:00,GPM_1.65_103.95,103.94999694824219,1.649999976158142,0.7299999594688416,0.3649999797344208,3B-HHR.MS.MRG.3IMERG.20250318-S223000-E225959.1350.V07B.HDF5,1.104999989271164,2.1249999441206455,2.539999946951866,,2025-03-19 07:00:00+08:00
2025-03-18 23:00:00+00:00,2025-03-19 07:00:00+08:00,GPM_1.65_103.95,103.94999694824219,1.649999976158142,1.2699999809265137,0.6349999904632568,3B-HHR.MS.MRG.3IMERG.20250318-S230000-E232959.1380.V07B.HDF5,0.9999999701976776,2.7249999344348907,3.174999937415123,,2025-03-19 07:30:00+08:00
2025-03-18 23:30:00+00:00,2025-03-19 07:30:00+08:00,GPM_1.65_103.95,103.94999694824219,1.649999976158142,3.2200000286102295,1.6100000143051147,3B-HHR.MS.MRG.3IMERG.20250318-S233000-E235959.1410.V07B.HDF5,2.2450000047683716,4.004999965429306,4.689999952912331,,2025-03-19 08:00:00+08:00
2025-03-19 00:00:00+00:00,2025-03-19 08:00:00+08:00,GPM_1.65_103.95,103.94999694824219,1.649999976158142,4.159999847412109,2.0799999237060547,3B-HHR.MS.MRG.3IMERG.20250319-S000000-E002959.0000.V07B.HDF5,3.6899999380111694,5.919999897480011,6.769999876618385,,2025-03-19 08:30:00+08:00
2025-03-19 00:30:00+00:00,2025-03-19 08:30:00+08:00,GPM_1.65_103.95,103.94999694824219,1.649999976158142,4.509999752044678,2.254999876022339,3B-HHR.MS.MRG.3IMERG.20250319-S003000-E005959.0030.V07B.HDF5,4.3349997997283936,7.684999793767929,9.024999752640724,,2025-03-19 09:00:00+08:00
2025-03-19 01:00:00+00:00,2025-03-19 09:00:00+08:00,GPM_1.65_103.95,103.94999694824219,1.649999976158142,5.569999694824219,2.7849998474121094,3B-HHR.MS.MRG.3IMERG.20250319-S010000-E012959.0060.V07B.HDF5,5.039999723434448,9.729999631643295,11.764999601989985,,2025-03-19 09:30:00+08:00
2025-03-19 01:30:00+00:00,2025-03-19 09:30:00+08:00,GPM_1.65_103.95,103.94999694824219,1.649999976158142,6.420000076293945,3.2100000381469727,3B-HHR.MS.MRG.3IMERG.20250319-S013000-E015959.0090.V07B.HDF5,5.994999885559082,12.574999690055847,14.699999634176493,,2025-03-19 10:00:00+08:00
2025-03-19 02:00:00+00:00,2025-03-19 10:00:00+08:00,GPM_1.65_103.95,103.94999694824219,1.649999976158142,6.460000038146973,3.2300000190734863,3B-HHR.MS.MRG.3IMERG.20250319-S020000-E022959.0120.V07B.HDF5,6.440000057220459,15.169999718666077,17.894999653100967,,2025-03-19 10:30:00+08:00
2025-03-19 02:30:00+00:00,2025-03-19 10:30:00+08:00,GPM_1.65_103.95,103.94999694824219,1.649999976158142,7.949999809265137,3.9749999046325684,3B-HHR.MS.MRG.3IMERG.20250319-S023000-E025959.0150.V07B.HDF5,7.204999923706055,17.53499960899353,21.539999574422836,,2025-03-19 11:00:00+08:00
2025-03-19 03:00:00+00:00,2025-03-19 11:00:00+08:00,GPM_1.65_103.95,103.94999694824219,1.649999976158142,14.569999694824219,7.284999847412109,3B-HHR.MS.MRG.3IMERG.20250319-S030000-E032959.0180.V07B.HDF5,11.259999752044678,22.739999532699585,28.659999430179596,,2025-03-19 11:30:00+08:00
2025-03-19 03:30:00+00:00,2025-03-19 11:30:00+08:00,GPM_1.65_103.95,103.94999694824219,1.649999976158142,4.619999885559082,2.309999942779541,3B-HHR.MS.MRG.3IMERG.20250319-S033000-E035959.0210.V07B.HDF5,9.59499979019165,22.794999599456787,30.479999393224716,,2025-03-19 12:00:00+08:00
2025-03-19 04:00:00+00:00,2025-03-19 12:00:00+08:00,GPM_1.65_103.95,103.94999694824219,1.649999976158142,5.049999713897705,2.5249998569488525,3B-HHR.MS.MRG.3IMERG.20250319-S040000-E042959.0240.V07B.HDF5,4.8349997997283936,22.53499960899353,32.264999240636826,,2025-03-19 12:30:00+08:00
2025-03-19 04:30:00+00:00,2025-03-19 12:30:00+08:00,GPM_1.65_103.95,103.94999694824219,1.649999976158142,7.329999923706055,3.6649999618530273,3B-HHR.MS.MRG.3IMERG.20250319-S043000-E045959.0270.V07B.HDF5,6.18999981880188,22.989999532699585,35.56499922275543,,2025-03-19 13:00:00+08:00
2025-03-19 05:00:00+00:00,2025-03-19 13:00:00+08:00,GPM_1.65_103.95,103.94999694824219,1.649999976158142,8.710000038146973,4.355000019073486,3B-HHR.MS.MRG.3IMERG.20250319-S050000-E052959.0300.V07B.HDF5,8.019999980926514,24.114999532699585,39.28499925136566,,2025-03-19 13:30:00+08:00
2025-03-19 05:30:00+00:00,2025-03-19 13:30:00+08:00,GPM_1.65_103.95,103.94999694824219,1.649999976158142,8.809999465942383,4.404999732971191,3B-HHR.MS.MRG.3IMERG.20250319-S053000-E055959.0330.V07B.HDF5,8.759999752044678,24.544999361038208,42.07999897003174,,2025-03-19 14:00:00+08:00
2025-03-19 06:00:00+00:00,2025-03-19 14:00:00+08:00,GPM_1.65_103.95,103.94999694824219,1.649999976158142,7.259999752044678,3.629999876022339,3B-HHR.MS.MRG.3IMERG.20250319-S060000-E062959.0360.V07B.HDF5,8.03499960899353,20.889999389648438,43.62999892234802,,2025-03-19 14:30:00+08:00
2025-03-19 06:30:00+00:00,2025-03-19 14:30:00+08:00,GPM_1.65_103.95,103.94999694824219,1.649999976158142,5.920000076293945,2.9600000381469727,3B-HHR.MS.MRG.3IMERG.20250319-S063000-E065959.0390.V07B.HDF5,6.5899999141693115,21.53999948501587,44.334999084472656,,2025-03-19 15:00:00+08:00
2025-03-19 07:00:00+00:00,2025-03-19 15:00:00+08:00,GPM_1.65_103.95,103.94999694824219,1.649999976158142,6.37999963760376,3.18999981880188,3B-HHR.MS.MRG.3IMERG.20250319-S070000-E072959.0420.V07B.HDF5,6.1499998569488525,22.204999446868896,44.73999905586243,,2025-03-19 15:30:00+08:00
2025-03-19 07:30:00+00:00,2025-03-19 15:30:00+08:00,GPM_1.65_103.95,103.94999694824219,1.649999976158142,4.25,2.125,3B-HHR.MS.MRG.3IMERG.20250319-S073000-E075959.0450.V07B.HDF5,5.31499981880188,20.66499948501587,43.654999017715454,,2025-03-19 16:00:00+08:00
2025-03-19 08:00:00+00:00,2025-03-19 16:00:00+08:00,GPM_1.65_103.95,103.94999694824219,1.649999976158142,3.559999942779541,1.7799999713897705,3B-HHR.MS.MRG.3IMERG.20250319-S080000-E082959.0480.V07B.HDF5,3.9049999713897705,18.089999437332153,42.20499897003174,,2025-03-19 16:30:00+08:00
2025-03-19 08:30:00+00:00,2025-03-19 16:30:00+08:00,GPM_1.65_103.95,103.94999694824219,1.649999976158142,5.210000038146973,2.6050000190734863,3B-HHR.MS.MRG.3IMERG.20250319-S083000-E085959.0510.V07B.HDF5,4.384999990463257,16.28999972343445,40.834999084472656,,2025-03-19 17:00:00+08:00
2025-03-19 09:00:00+00:00,2025-03-19 17:00:00+08:00,GPM_1.65_103.95,103.94999694824219,1.649999976158142,6.009999752044678,3.004999876022339,3B-HHR.MS.MRG.3IMERG.20250319-S090000-E092959.0540.V07B.HDF5,5.609999895095825,15.664999723434448,36.554999113082886,,2025-03-19 17:30:00+08:00
2025-03-19 09:30:00+00:00,2025-03-19 17:30:00+08:00,GPM_1.65_103.95,103.94999694824219,1.649999976158142,5.849999904632568,2.924999952316284,3B-HHR.MS.MRG.3IMERG.20250319-S093000-E095959.0570.V07B.HDF5,5.929999828338623,15.62999963760376,37.16999912261963,,2025-03-19 18:00:00+08:00
2025-03-19 10:00:00+00:00,2025-03-19 18:00:00+08:00,GPM_1.65_103.95,103.94999694824219,1.649999976158142,4.929999828338623,2.4649999141693115,3B-HHR.MS.MRG.3IMERG.20250319-S100000-E102959.0600.V07B.HDF5,5.389999866485596,14.904999732971191,37.10999917984009,,2025-03-19 18:30:00+08:00
2025-03-19 10:30:00+00:00,2025-03-19 18:30:00+08:00,GPM_1.65_103.95,103.94999694824219,1.649999976158142,5.739999771118164,2.869999885559082,3B-HHR.MS.MRG.3IMERG.20250319-S103000-E105959.0630.V07B.HDF5,5.3349997997283936,15.649999618530273,36.31499910354614,,2025-03-19 19:00:00+08:00
2025-03-19 11:00:00+00:00,2025-03-19 19:00:00+08:00,GPM_1.65_103.95,103.94999694824219,1.649999976158142,5.449999809265137,2.7249999046325684,3B-HHR.MS.MRG.3IMERG.20250319-S110000-E112959.0660.V07B.HDF5,5.59499979019165,16.59499955177307,34.684998989105225,,2025-03-19 19:30:00+08:00
2025-03-19 11:30:00+00:00,2025-03-19 19:30:00+08:00,GPM_1.65_103.95,103.94999694824219,1.649999976158142,5.230000019073486,2.615000009536743,3B-HHR.MS.MRG.3IMERG.20250319-S113000-E115959.0690.V07B.HDF5,5.3399999141693115,16.604999542236328,32.894999265670776,,2025-03-19 20:00:00+08:00
2025-03-19 12:00:00+00:00,2025-03-19 20:00:00+08:00,GPM_1.65_103.95,103.94999694824219,1.649999976158142,4.949999809265137,2.4749999046325684,3B-HHR.MS.MRG.3IMERG.20250319-S120000-E122959.0720.V07B.HDF5,5.0899999141693115,16.074999570846558,31.739999294281006,,2025-03-19 20:30:00+08:00
2025-03-19 12:30:00+00:00,2025-03-19 20:30:00+08:00,GPM_1.65_103.95,103.94999694824219,1.649999976158142,3.2100000381469727,1.6050000190734863,3B-HHR.MS.MRG.3IMERG.20250319-S123000-E125959.0750.V07B.HDF5,4.079999923706055,14.75499963760376,30.38499927520752,,2025-03-19 21:00:00+08:00
2025-03-19 13:00:00+00:00,2025-03-19 21:00:00+08:00,GPM_1.65_103.95,103.94999694824219,1.649999976158142,5.349999904632568,2.674999952316284,3B-HHR.MS.MRG.3IMERG.20250319-S130000-E132959.0780.V07B.HDF5,4.2799999713897705,14.964999675750732,29.869999408721924,,2025-03-19 21:30:00+08:00
2025-03-19 13:30:00+00:00,2025-03-19 21:30:00+08:00,GPM_1.65_103.95,103.94999694824219,1.649999976158142,3.7899999618530273,1.8949999809265137,3B-HHR.MS.MRG.3IMERG.20250319-S133000-E135959.0810.V07B.HDF5,4.569999933242798,13.989999771118164,29.639999389648438,,2025-03-19 22:00:00+08:00
2025-03-19 14:00:00+00:00,2025-03-19 22:00:00+08:00,GPM_1.65_103.95,103.94999694824219,1.649999976158142,3.7899999618530273,1.8949999809265137,3B-HHR.MS.MRG.3IMERG.20250319-S140000-E142959.0840.V07B.HDF5,3.7899999618530273,13.15999984741211,29.75499939918518,,2025-03-19 22:30:00+08:00
2025-03-19 14:30:00+00:00,2025-03-19 22:30:00+08:00,GPM_1.65_103.95,103.94999694824219,1.649999976158142,3.5,1.75,3B-HHR.MS.MRG.3IMERG.20250319-S143000-E145959.0870.V07B.HDF5,3.6449999809265137,12.294999837875366,28.899999380111694,,2025-03-19 23:00:00+08:00
2025-03-19 15:00:00+00:00,2025-03-19 23:00:00+08:00,GPM_1.65_103.95,103.94999694824219,1.649999976158142,3.490000009536743,1.7450000047683716,3B-HHR.MS.MRG.3IMERG.20250319-S150000-E152959.0900.V07B.HDF5,3.4950000047683716,11.56499993801117,27.639999508857727,,2025-03-19 23:30:00+08:00
2025-03-19 15:30:00+00:00,2025-03-19 23:30:00+08:00,GPM_1.65_103.95,103.94999694824219,1.649999976158142,1.8399999141693115,0.9199999570846558,3B-HHR.MS.MRG.3IMERG.20250319-S153000-E155959.0930.V07B.HDF5,2.6649999618530273,10.879999876022339,25.6349995136261,94.71999798715115,2025-03-20 00:00:00+08:00
2025-03-19 16:00:00+00:00,2025-03-20 00:00:00+08:00,GPM_1.65_103.95,103.94999694824219,1.649999976158142,3.369999885559082,1.684999942779541,3B-HHR.MS.MRG.3IMERG.20250319-S160000-E162959.0960.V07B.HDF5,2.6049998998641968,9.889999866485596,24.854999542236328,96.40499792993069,2025-03-20 00:30:00+08:00
2025-03-19 16:30:00+00:00,2025-03-20 00:30:00+08:00,GPM_1.65_103.95,103.94999694824219,1.649999976158142,3.990000009536743,1.9950000047683716,3B-HHR.MS.MRG.3IMERG.20250319-S163000-E165959.0990.V07B.HDF5,3.6799999475479126,9.989999890327454,23.979999661445618,98.39999793469906,2025-03-20 01:00:00+08:00
2025-03-19 17:00:00+00:00,2025-03-20 01:00:00+08:00,GPM_1.65_103.95,103.94999694824219,1.649999976158142,4.309999942779541,2.1549999713897705,3B-HHR.MS.MRG.3IMERG.20250319-S170000-E172959.1020.V07B.HDF5,4.149999976158142,10.24999988079071,23.40999972820282,100.55499790608883,2025-03-20 01:30:00+08:00
2025-03-19 17:30:00+00:00,2025-03-20 01:30:00+08:00,GPM_1.65_103.95,103.94999694824219,1.649999976158142,6.019999980926514,3.009999990463257,3B-HHR.MS.MRG.3IMERG.20250319-S173000-E175959.1050.V07B.HDF5,5.164999961853027,11.509999871253967,23.804999709129333,103.46999789774418,2025-03-20 02:00:00+08:00
2025-03-19 18:00:00+00:00,2025-03-20 02:00:00+08:00,GPM_1.65_103.95,103.94999694824219,1.649999976158142,6.089999675750732,3.044999837875366,3B-HHR.MS.MRG.3IMERG.20250319-S180000-E182959.1080.V07B.HDF5,6.054999828338623,12.809999704360962,24.37499964237213,106.51499773561954,2025-03-20 02:30:00+08:00
2025-03-19 18:30:00+00:00,2025-03-20 02:30:00+08:00,GPM_1.65_103.95,103.94999694824219,1.649999976158142,5.989999771118164,2.994999885559082,3B-HHR.MS.MRG.3IMERG.20250319-S183000-E185959.1110.V07B.HDF5,6.039999723434448,14.884999632835388,25.764999508857727,109.50999762117863,2025-03-20 03:00:00+08:00
2025-03-19 19:00:00+00:00,2025-03-20 03:00:00+08:00,GPM_1.65_103.95,103.94999694824219,1.649999976158142,6.109999656677246,3.054999828338623,3B-HHR.MS.MRG.3IMERG.20250319-S190000-E192959.1140.V07B.HDF5,6.049999713897705,16.25499951839447,26.144999384880066,112.5199974514544,2025-03-20 03:30:00+08:00
2025-03-19 19:30:00+00:00,2025-03-20 03:30:00+08:00,GPM_1.65_103.95,103.94999694824219,1.649999976158142,4.309999942779541,2.1549999713897705,3B-HHR.MS.MRG.3IMERG.20250319-S193000-E195959.1170.V07B.HDF5,5.2099997997283936,16.41499948501587,26.404999375343323,114.3999974168837,2025-03-20 04:00:00+08:00
2025-03-19 20:00:00+00:00,2025-03-20 04:00:00+08:00,GPM_1.65_103.95,103.94999694824219,1.649999976158142,3.3899998664855957,1.6949999332427979,3B-HHR.MS.MRG.3IMERG.20250319-S200000-E202959.1200.V07B.HDF5,3.8499999046325684,15.954999446868896,26.204999327659607,116.0599973499775,2025-03-20 04:30:00+08:00
2025-03-19 20:30:00+00:00,2025-03-20 04:30:00+08:00,GPM_1.65_103.95,103.94999694824219,1.649999976158142,3.1399998664855957,1.5699999332427979,3B-HHR.MS.MRG.3IMERG.20250319-S203000-E205959.1230.V07B.HDF5,3.2649998664855957,14.514999389648438,26.024999260902405,117.29999729990959,2025-03-20 05:00:00+08:00
2025-03-19 21:00:00+00:00,2025-03-20 05:00:00+08:00,GPM_1.65_103.95,103.94999694824219,1.649999976158142,5.0,2.5,3B-HHR.MS.MRG.3IMERG.20250319-S210000-E212959.1260.V07B.HDF5,4.069999933242798,13.969999551773071,26.779999256134033,119.63499730825424,2025-03-20 05:30:00+08:00
2025-03-19 21:30:00+00:00,2025-03-20 05:30:00+08:00,GPM_1.65_103.95,103.94999694824219,1.649999976158142,5.059999942779541,2.5299999713897705,3B-HHR.MS.MRG.3IMERG.20250319-S213000-E215959.1290.V07B.HDF5,5.0299999713897705,13.50499963760376,28.389999270439148,121.67499729990959,2025-03-20 06:00:00+08:00
2025-03-19 22:00:00+00:00,2025-03-20 06:00:00+08:00,GPM_1.65_103.95,103.94999694824219,1.649999976158142,4.539999961853027,2.2699999809265137,3B-HHR.MS.MRG.3IMERG.20250319-S220000-E222959.1320.V07B.HDF5,4.799999952316284,12.71999979019165,28.97499930858612,123.20499727129936,2025-03-20 06:30:00+08:00
2025-03-19 22:30:00+00:00,2025-03-20 06:30:00+08:00,GPM_1.65_103.95,103.94999694824219,1.649999976158142,5.71999979019165,2.859999895095825,3B-HHR.MS.MRG.3IMERG.20250319-S223000-E225959.1350.V07B.HDF5,5.129999876022339,13.424999713897705,29.839999198913574,125.69999718666077,2025-03-20 07:00:00+08:00
2025-03-19 23:00:00+00:00,2025-03-20 07:00:00+08:00,GPM_1.65_103.95,103.94999694824219,1.649999976158142,8.429999351501465,4.214999675750732,3B-HHR.MS.MRG.3IMERG.20250319-S230000-E232959.1380.V07B.HDF5,7.074999570846558,15.94499945640564,31.899998903274536,129.27999687194824,2025-03-20 07:30:00+08:00
2025-03-19 23:30:00+00:00,2025-03-20 07:30:00+08:00,GPM_1.65_103.95,103.94999694824219,1.649999976158142,11.15999984741211,5.579999923706055,3B-HHR.MS.MRG.3IMERG.20250319-S233000-E235959.1410.V07B.HDF5,9.794999599456787,19.954999446868896,34.469998836517334,133.24999678134918,2025-03-20 08:00:00+08:00
2025-03-20 00:00:00+00:00,2025-03-20 08:00:00+08:00,GPM_1.65_103.95,103.94999694824219,1.649999976158142,21.90999984741211,10.954999923706055,3B-HHR.MS.MRG.3IMERG.20250320-S000000-E002959.0000.V07B.HDF5,16.53499984741211,28.40999937057495,42.37999892234802,142.12499678134918,2025-03-20 08:30:00+08:00
2025-03-20 00:30:00+00:00,2025-03-20 08:30:00+08:00,GPM_1.65_103.95,103.94999694824219,1.649999976158142,13.429999351501465,6.714999675750732,3B-HHR.MS.MRG.3IMERG.20250320-S003000-E005959.0030.V07B.HDF5,17.669999599456787,32.59499907493591,46.09999871253967,146.58499658107758,2025-03-20 09:00:00+08:00
2025-03-20 01:00:00+00:00,2025-03-20 09:00:00+08:00,GPM_1.65_103.95,103.94999694824219,1.649999976158142,14.460000038146973,7.230000019073486,3B-HHR.MS.MRG.3IMERG.20250320-S010000-E012959.0060.V07B.HDF5,13.944999694824219,37.554999113082886,50.274998903274536,151.02999675273895,2025-03-20 09:30:00+08:00
2025-03-20 01:30:00+00:00,2025-03-20 09:30:00+08:00,GPM_1.65_103.95,103.94999694824219,1.649999976158142,8.420000076293945,4.210000038146973,3B-HHR.MS.MRG.3IMERG.20250320-S013000-E015959.0090.V07B.HDF5,11.440000057220459,38.90499925613403,52.32999897003174,152.02999675273895,2025-03-20 10:00:00+08:00
2025-03-20 02:00:00+00:00,2025-03-20 10:00:00+08:00,GPM_1.65_103.95,103.94999694824219,1.649999976158142,7.179999828338623,3.5899999141693115,3B-HHR.MS.MRG.3IMERG.20250320-S020000-E022959.0120.V07B.HDF5,7.799999952316284,38.27999949455261,54.22499895095825,152.38999664783478,2025-03-20 10:30:00+08:00
2025-03-20 02:30:00+00:00,2025-03-20 10:30:00+08:00,GPM_1.65_103.95,103.94999694824219,1.649999976158142,7.019999980926514,3.509999990463257,3B-HHR.MS.MRG.3IMERG.20250320-S023000-E025959.0150.V07B.HDF5,7.099999904632568,36.209999561309814,56.16499900817871,151.92499673366547,2025-03-20 11:00:00+08:00
2025-03-20 03:00:00+00:00,2025-03-20 11:00:00+08:00,GPM_1.65_103.95,103.94999694824219,1.649999976158142,6.589999675750732,3.294999837875366,3B-HHR.MS.MRG.3IMERG.20250320-S030000-E032959.0180.V07B.HDF5,6.804999828338623,28.549999475479126,56.95999884605408,147.93499672412872,2025-03-20 11:30:00+08:00
2025-03-20 03:30:00+00:00,2025-03-20 11:30:00+08:00,GPM_1.65_103.95,103.94999694824219,1.649999976158142,6.329999923706055,3.1649999618530273,3B-HHR.MS.MRG.3IMERG.20250320-S033000-E035959.0210.V07B.HDF5,6.4599997997283936,24.99999976158142,57.594998836517334,148.7899967432022,2025-03-20 12:00:00+08:00
2025-03-20 04:00:00+00:00,2025-03-20 12:00:00+08:00,GPM_1.65_103.95,103.94999694824219,1.649999976158142,4.369999885559082,2.184999942779541,3B-HHR.MS.MRG.3IMERG.20250320-S040000-E042959.0240.V07B.HDF5,5.349999904632568,19.954999685287476,57.50999879837036,148.4499968290329,2025-03-20 12:30:00+08:00
2025-03-20 04:30:00+00:00,2025-03-20 12:30:00+08:00,GPM_1.65_103.95,103.94999694824219,1.649999976158142,3.1399998664855957,1.5699999332427979,3B-HHR.MS.MRG.3IMERG.20250320-S043000-E045959.0270.V07B.HDF5,3.754999876022339,17.3149995803833,56.219998836517334,146.35499680042267,2025-03-20 13:00:00+08:00
2025-03-20 05:00:00+00:00,2025-03-20 13:00:00+08:00,GPM_1.65_103.95,103.94999694824219,1.649999976158142,4.170000076293945,2.0850000381469727,3B-HHR.MS.MRG.3IMERG.20250320-S050000-E052959.0300.V07B.HDF5,3.6549999713897705,15.809999704360962,54.089999198913574,144.08499681949615,2025-03-20 13:30:00+08:00
2025-03-20 05:30:00+00:00,2025-03-20 13:30:00+08:00,GPM_1.65_103.95,103.94999694824219,1.649999976158142,6.889999866485596,3.444999933242798,3B-HHR.MS.MRG.3IMERG.20250320-S053000-E055959.0330.V07B.HDF5,5.5299999713897705,15.744999647140503,51.95499920845032,143.12499701976776,2025-03-20 14:00:00+08:00
2025-03-20 06:00:00+00:00,2025-03-20 14:00:00+08:00,GPM_1.65_103.95,103.94999694824219,1.649999976158142,6.920000076293945,3.4600000381469727,3B-HHR.MS.MRG.3IMERG.20250320-S060000-E062959.0360.V07B.HDF5,6.9049999713897705,15.90999984741211,44.459999322891235,142.9549971818924,2025-03-20 14:30:00+08:00
2025-03-20 06:30:00+00:00,2025-03-20 14:30:00+08:00,GPM_1.65_103.95,103.94999694824219,1.649999976158142,6.549999713897705,3.2749998569488525,3B-HHR.MS.MRG.3IMERG.20250320-S063000-E065959.0390.V07B.HDF5,6.734999895095825,16.019999742507935,41.019999504089355,143.26999700069427,2025-03-20 15:00:00+08:00
2025-03-20 07:00:00+00:00,2025-03-20 15:00:00+08:00,GPM_1.65_103.95,103.94999694824219,1.649999976158142,6.099999904632568,3.049999952316284,3B-HHR.MS.MRG.3IMERG.20250320-S070000-E072959.0420.V07B.HDF5,6.324999809265137,16.884999752044678,36.83999943733215,143.12999713420868,2025-03-20 15:30:00+08:00
2025-03-20 07:30:00+00:00,2025-03-20 15:30:00+08:00,GPM_1.65_103.95,103.94999694824219,1.649999976158142,4.960000038146973,2.4800000190734863,3B-HHR.MS.MRG.3IMERG.20250320-S073000-E075959.0450.V07B.HDF5,5.5299999713897705,17.794999837875366,35.10999941825867,143.48499715328217,2025-03-20 16:00:00+08:00
2025-03-20 08:00:00+00:00,2025-03-20 16:00:00+08:00,GPM_1.65_103.95,103.94999694824219,1.649999976158142,7.509999752044678,3.754999876022339,3B-HHR.MS.MRG.3IMERG.20250320-S080000-E082959.0480.V07B.HDF5,6.234999895095825,19.464999675750732,35.274999380111694,145.45999705791473,2025-03-20 16:30:00+08:00
2025-03-20 08:30:00+00:00,2025-03-20 16:30:00+08:00,GPM_1.65_103.95,103.94999694824219,1.649999976158142,6.829999923706055,3.4149999618530273,3B-HHR.MS.MRG.3IMERG.20250320-S083000-E085959.0510.V07B.HDF5,7.169999837875366,19.434999704360962,35.179999351501465,146.26999700069427,2025-03-20 17:00:00+08:00
2025-03-20 09:00:00+00:00,2025-03-20 17:00:00+08:00,GPM_1.65_103.95,103.94999694824219,1.649999976158142,7.460000038146973,3.7300000190734863,3B-HHR.MS.MRG.3IMERG.20250320-S090000-E092959.0540.V07B.HDF5,7.144999980926514,19.704999685287476,35.614999532699585,146.99499714374542,2025-03-20 17:30:00+08:00
2025-03-20 09:30:00+00:00,2025-03-20 17:30:00+08:00,GPM_1.65_103.95,103.94999694824219,1.649999976158142,4.429999828338623,2.2149999141693115,3B-HHR.MS.MRG.3IMERG.20250320-S093000-E095959.0570.V07B.HDF5,5.944999933242798,18.644999742507935,34.66499948501587,146.28499710559845,2025-03-20 18:00:00+08:00
2025-03-20 10:00:00+00:00,2025-03-20 18:00:00+08:00,GPM_1.65_103.95,103.94999694824219,1.649999976158142,6.159999847412109,3.0799999237060547,3B-HHR.MS.MRG.3IMERG.20250320-S100000-E102959.0600.V07B.HDF5,5.294999837875366,18.674999713897705,35.55999946594238,146.8999971151352,2025-03-20 18:30:00+08:00
2025-03-20 10:30:00+00:00,2025-03-20 18:30:00+08:00,GPM_1.65_103.95,103.94999694824219,1.649999976158142,4.409999847412109,2.2049999237060547,3B-HHR.MS.MRG.3IMERG.20250320-S103000-E105959.0630.V07B.HDF5,5.284999847412109,18.399999618530273,36.19499945640564,146.23499715328217,2025-03-20 19:00:00+08:00
2025-03-20 11:00:00+00:00,2025-03-20 19:00:00+08:00,GPM_1.65_103.95,103.94999694824219,1.649999976158142,3.6399998664855957,1.8199999332427979,3B-HHR.MS.MRG.3IMERG.20250320-S110000-E112959.0660.V07B.HDF5,4.0249998569488525,16.464999675750732,35.929999351501465,145.3299971818924,2025-03-20 19:30:00+08:00
2025-03-20 11:30:00+00:00,2025-03-20 19:30:00+08:00,GPM_1.65_103.95,103.94999694824219,1.649999976158142,3.429999828338623,1.7149999141693115,3B-HHR.MS.MRG.3IMERG.20250320-S113000-E115959.0690.V07B.HDF5,3.5349998474121094,14.764999628067017,34.19999933242798,144.42999708652496,2025-03-20 20:00:00+08:00
2025-03-20 12:00:00+00:00,2025-03-20 20:00:00+08:00,GPM_1.65_103.95,103.94999694824219,1.649999976158142,1.46999990940094,0.73499995470047,3B-HHR.MS.MRG.3IMERG.20250320-S120000-E122959.0720.V07B.HDF5,2.4499998688697815,11.769999563694,31.474999248981476,142.68999713659286,2025-03-20 20:30:00+08:00
2025-03-20 12:30:00+00:00,2025-03-20 20:30:00+08:00,GPM_1.65_103.95,103.94999694824219,1.649999976158142,2.4600000381469727,1.2300000190734863,3B-HHR.MS.MRG.3IMERG.20250320-S123000-E125959.0750.V07B.HDF5,1.9649999737739563,10.784999668598175,29.42999941110611,142.31499713659286,2025-03-20 21:00:00+08:00
2025-03-20 13:00:00+00:00,2025-03-20 21:00:00+08:00,GPM_1.65_103.95,103.94999694824219,1.649999976158142,2.669999837875366,1.334999918937683,3B-HHR.MS.MRG.3IMERG.20250320-S130000-E132959.0780.V07B.HDF5,2.5649999380111694,9.039999663829803,27.71499937772751,140.97499710321426,2025-03-20 21:30:00+08:00
2025-03-20 13:30:00+00:00,2025-03-20 21:30:00+08:00,GPM_1.65_103.95,103.94999694824219,1.649999976158142,1.8499999046325684,0.9249999523162842,3B-HHR.MS.MRG.3IMERG.20250320-S133000-E135959.0810.V07B.HDF5,2.2599998712539673,7.759999692440033,26.159999310970306,140.00499707460403,2025-03-20 22:00:00+08:00
2025-03-20 14:00:00+00:00,2025-03-20 22:00:00+08:00,GPM_1.65_103.95,103.94999694824219,1.649999976158142,2.8999998569488525,1.4499999284744263,3B-HHR.MS.MRG.3IMERG.20250320-S140000-E142959.0840.V07B.HDF5,2.3749998807907104,7.389999687671661,23.854999363422394,139.55999702215195,2025-03-20 22:30:00+08:00
2025-03-20 14:30:00+00:00,2025-03-20 22:30:00+08:00,GPM_1.65_103.95,103.94999694824219,1.649999976158142,2.0399999618530273,1.0199999809265137,3B-HHR.MS.MRG.3IMERG.20250320-S143000-E145959.0870.V07B.HDF5,2.46999990940094,6.6949997544288635,21.45999938249588,138.82999700307846,2025-03-20 23:00:00+08:00
2025-03-20 15:00:00+00:00,2025-03-20 23:00:00+08:00,GPM_1.65_103.95,103.94999694824219,1.649999976158142,1.9399999380111694,0.9699999690055847,3B-HHR.MS.MRG.3IMERG.20250320-S150000-E152959.0900.V07B.HDF5,1.9899999499320984,6.929999768733978,18.69999933242798,138.05499696731567,2025-03-20 23:30:00+08:00
2025-03-20 15:30:00+00:00,2025-03-20 23:30:00+08:00,GPM_1.65_103.95,103.94999694824219,1.649999976158142,1.3600000143051147,0.6800000071525574,3B-HHR.MS.MRG.3IMERG.20250320-S153000-E155959.0930.V07B.HDF5,1.649999976158142,6.379999756813049,17.164999425411224,137.81499701738358,2025-03-21 00:00:00+08:00
2025-03-20 16:00:00+00:00,2025-03-21 00:00:00+08:00,GPM_1.65_103.95,103.94999694824219,1.649999976158142,0.5399999618530273,0.26999998092651367,3B-HHR.MS.MRG.3IMERG.20250320-S160000-E162959.0960.V07B.HDF5,0.949999988079071,5.31499981880188,14.354999482631683,136.39999705553055,2025-03-21 00:30:00+08:00
2025-03-20 16:30:00+00:00,2025-03-21 00:30:00+08:00,GPM_1.65_103.95,103.94999694824219,1.649999976158142,0.12999999523162842,0.06499999761581421,3B-HHR.MS.MRG.3IMERG.20250320-S163000-E165959.0990.V07B.HDF5,0.3349999785423279,4.45499986410141,12.214999556541443,134.469997048378,2025-03-21 01:00:00+08:00
2025-03-20 17:00:00+00:00,2025-03-21 01:00:00+08:00,GPM_1.65_103.95,103.94999694824219,1.649999976158142,0.04999999701976776,0.02499999850988388,3B-HHR.MS.MRG.3IMERG.20250320-S170000-E172959.1020.V07B.HDF5,0.08999999612569809,3.0299999341368675,10.419999621808529,132.3399970754981,2025-03-21 01:30:00+08:00
2025-03-20 17:30:00+00:00,2025-03-21 01:30:00+08:00,GPM_1.65_103.95,103.94999694824219,1.649999976158142,0.0,0.0,3B-HHR.MS.MRG.3IMERG.20250320-S173000-E175959.1050.V07B.HDF5,0.02499999850988388,2.009999953210354,8.704999707639217,129.32999708503485,2025-03-21 02:00:00+08:00
2025-03-20 18:00:00+00:00,2025-03-21 02:00:00+08:00,GPM_1.65_103.95,103.94999694824219,1.649999976158142,0.25,0.125,3B-HHR.MS.MRG.3IMERG.20250320-S180000-E182959.1080.V07B.HDF5,0.125,1.1649999842047691,8.094999752938747,126.40999724715948,2025-03-21 02:30:00+08:00
2025-03-20 18:30:00+00:00,2025-03-21 02:30:00+08:00,GPM_1.65_103.95,103.94999694824219,1.649999976158142,0.3100000023841858,0.1550000011920929,3B-HHR.MS.MRG.3IMERG.20250320-S183000-E185959.1110.V07B.HDF5,0.2800000011920929,0.6399999782443047,7.019999735057354,123.56999736279249,2025-03-21 03:00:00+08:00
2025-03-20 19:00:00+00:00,2025-03-21 03:00:00+08:00,GPM_1.65_103.95,103.94999694824219,1.649999976158142,0.7099999785423279,0.35499998927116394,3B-HHR.MS.MRG.3IMERG.20250320-S190000-E192959.1140.V07B.HDF5,0.5099999904632568,0.7249999865889549,6.039999805390835,120.86999752372503,2025-03-21 03:30:00+08:00
2025-03-20 19:30:00+00:00,2025-03-21 03:30:00+08:00,GPM_1.65_103.95,103.94999694824219,1.649999976158142,0.3199999928474426,0.1599999964237213,3B-HHR.MS.MRG.3IMERG.20250320-S193000-E195959.1170.V07B.HDF5,0.5149999856948853,0.819999985396862,5.274999849498272,118.87499754875898,2025-03-21 04:00:00+08:00
2025-03-20 20:00:00+00:00,2025-03-21 04:00:00+08:00,GPM_1.65_103.95,103.94999694824219,1.649999976158142,0.5799999833106995,0.28999999165534973,3B-HHR.MS.MRG.3IMERG.20250320-S200000-E202959.1200.V07B.HDF5,0.44999998807907104,1.0849999785423279,4.114999912679195,117.46999760717154,2025-03-21 04:30:00+08:00
2025-03-20 20:30:00+00:00,2025-03-21 04:30:00+08:00,GPM_1.65_103.95,103.94999694824219,1.649999976158142,2.319999933242798,1.159999966621399,3B-HHR.MS.MRG.3IMERG.20250320-S203000-E205959.1230.V07B.HDF5,1.4499999582767487,2.244999945163727,4.254999898374081,117.05999764055014,2025-03-21 05:00:00+08:00
2025-03-20 21:00:00+00:00,2025-03-21 05:00:00+08:00,GPM_1.65_103.95,103.94999694824219,1.649999976158142,0.3100000023841858,0.1550000011920929,3B-HHR.MS.MRG.3IMERG.20250320-S210000-E212959.1260.V07B.HDF5,1.3149999678134918,2.2749999463558197,3.439999930560589,114.71499764174223,2025-03-21 05:30:00+08:00
2025-03-20 21:30:00+00:00,2025-03-21 05:30:00+08:00,GPM_1.65_103.95,103.94999694824219,1.649999976158142,0.22999998927116394,0.11499999463558197,3B-HHR.MS.MRG.3IMERG.20250320-S213000-E215959.1290.V07B.HDF5,0.26999999582767487,2.2349999397993088,2.8749999180436134,112.29999766498804,2025-03-21 06:00:00+08:00
2025-03-20 22:00:00+00:00,2025-03-21 06:00:00+08:00,GPM_1.65_103.95,103.94999694824219,1.649999976158142,0.019999999552965164,0.009999999776482582,3B-HHR.MS.MRG.3IMERG.20250320-S220000-E222959.1320.V07B.HDF5,0.12499999441206455,1.8899999503046274,2.6149999368935823,110.03999768383801,2025-03-21 06:30:00+08:00
2025-03-20 22:30:00+00:00,2025-03-21 06:30:00+08:00,GPM_1.65_103.95,103.94999694824219,1.649999976158142,0.0,0.0,3B-HHR.MS.MRG.3IMERG.20250320-S223000-E225959.1350.V07B.HDF5,0.009999999776482582,1.729999953880906,2.549999939277768,107.17999778874218,2025-03-21 07:00:00+08:00
2025-03-20 23:00:00+00:00,2025-03-21 07:00:00+08:00,GPM_1.65_103.95,103.94999694824219,1.649999976158142,0.0,0.0,3B-HHR.MS.MRG.3IMERG.20250320-S230000-E232959.1380.V07B.HDF5,0.0,1.4399999622255564,2.5249999407678843,102.96499811299145,2025-03-21 07:30:00+08:00
2025-03-20 23:30:00+00:00,2025-03-21 07:30:00+08:00,GPM_1.65_103.95,103.94999694824219,1.649999976158142,0.2199999988079071,0.10999999940395355,3B-HHR.MS.MRG.3IMERG.20250320-S233000-E235959.1410.V07B.HDF5,0.10999999940395355,0.389999995008111,2.634999940171838,97.49499818868935,2025-03-21 08:00:00+08:00
2025-03-21 00:00:00+00:00,2025-03-21 08:00:00+08:00,GPM_1.65_103.95,103.94999694824219,1.649999976158142,0.2199999988079071,0.10999999940395355,3B-HHR.MS.MRG.3IMERG.20250321-S000000-E002959.0000.V07B.HDF5,0.2199999988079071,0.34499999321997166,2.6199999395757914,86.64999826438725,2025-03-21 08:30:00+08:00
2025-03-21 00:30:00+00:00,2025-03-21 08:30:00+08:00,GPM_1.65_103.95,103.94999694824219,1.649999976158142,0.019999999552965164,0.009999999776482582,3B-HHR.MS.MRG.3IMERG.20250321-S003000-E005959.0030.V07B.HDF5,0.11999999918043613,0.23999999836087227,2.474999938160181,79.944998588413,2025-03-21 09:00:00+08:00
2025-03-21 01:00:00+00:00,2025-03-21 09:00:00+08:00,GPM_1.65_103.95,103.94999694824219,1.649999976158142,0.0,0.0,3B-HHR.MS.MRG.3IMERG.20250321-S010000-E012959.0060.V07B.HDF5,0.009999999776482582,0.2299999985843897,2.119999948889017,72.71499856933951,2025-03-21 09:30:00+08:00
2025-03-21 01:30:00+00:00,2025-03-21 09:30:00+08:00,GPM_1.65_103.95,103.94999694824219,1.649999976158142,0.0,0.0,3B-HHR.MS.MRG.3IMERG.20250321-S013000-E015959.0090.V07B.HDF5,0.0,0.2299999985843897,1.9599999524652958,68.50499853119254,2025-03-21 10:00:00+08:00
2025-03-21 02:00:00+00:00,2025-03-21 10:00:00+08:00,GPM_1.65_103.95,103.94999694824219,1.649999976158142,0.0,0.0,3B-HHR.MS.MRG.3IMERG.20250321-S020000-E022959.0120.V07B.HDF5,0.0,0.2299999985843897,1.669999960809946,64.91499861702323,2025-03-21 10:30:00+08:00
2025-03-21 02:30:00+00:00,2025-03-21 10:30:00+08:00,GPM_1.65_103.95,103.94999694824219,1.649999976158142,0.0,0.0,3B-HHR.MS.MRG.3IMERG.20250321-S023000-E025959.0150.V07B.HDF5,0.0,0.11999999918043613,0.5099999941885471,61.40499862655997,2025-03-21 11:00:00+08:00
2025-03-21 03:00:00+00:00,2025-03-21 11:00:00+08:00,GPM_1.65_103.95,103.94999694824219,1.649999976158142,0.4699999988079071,0.23499999940395355,3B-HHR.MS.MRG.3IMERG.20250321-S030000-E032959.0180.V07B.HDF5,0.23499999940395355,0.24499999918043613,0.5899999924004078,58.34499878808856,2025-03-21 11:30:00+08:00
2025-03-21 03:30:00+00:00,2025-03-21 11:30:00+08:00,GPM_1.65_103.95,103.94999694824219,1.649999976158142,0.09999999403953552,0.04999999701976776,3B-HHR.MS.MRG.3IMERG.20250321-S033000-E035959.0210.V07B.HDF5,0.2849999964237213,0.2849999964237213,0.5249999947845936,55.2299988232553,2025-03-21 12:00:00+08:00
2025-03-21 04:00:00+00:00,2025-03-21 12:00:00+08:00,GPM_1.65_103.95,103.94999694824219,1.649999976158142,0.23999999463558197,0.11999999731779099,3B-HHR.MS.MRG.3IMERG.20250321-S040000-E042959.0240.V07B.HDF5,0.16999999433755875,0.4049999937415123,0.634999992325902,53.16499887779355,2025-03-21 12:30:00+08:00
2025-03-21 04:30:00+00:00,2025-03-21 12:30:00+08:00,GPM_1.65_103.95,103.94999694824219,1.649999976158142,0.5899999737739563,0.29499998688697815,3B-HHR.MS.MRG.3IMERG.20250321-S043000-E045959.0270.V07B.HDF5,0.41499998420476913,0.6999999806284904,0.9299999792128801,51.88999893143773,2025-03-21 13:00:00+08:00
2025-03-21 05:00:00+00:00,2025-03-21 13:00:00+08:00,GPM_1.65_103.95,103.94999694824219,1.649999976158142,1.0799999237060547,0.5399999618530273,3B-HHR.MS.MRG.3IMERG.20250321-S050000-E052959.0300.V07B.HDF5,0.8349999487400055,1.2399999424815178,1.4699999410659075,50.344998855143785,2025-03-21 13:30:00+08:00
2025-03-21 05:30:00+00:00,2025-03-21 13:30:00+08:00,GPM_1.65_103.95,103.94999694824219,1.649999976158142,0.6399999856948853,0.3199999928474426,3B-HHR.MS.MRG.3IMERG.20250321-S053000-E055959.0330.V07B.HDF5,0.85999995470047,1.5599999353289604,1.6799999345093966,47.21999891474843,2025-03-21 14:00:00+08:00
2025-03-21 06:00:00+00:00,2025-03-21 14:00:00+08:00,GPM_1.65_103.95,103.94999694824219,1.649999976158142,0.3100000023841858,0.1550000011920929,3B-HHR.MS.MRG.3IMERG.20250321-S060000-E062959.0360.V07B.HDF5,0.4749999940395355,1.4799999371170998,1.724999936297536,43.91499887779355,2025-03-21 14:30:00+08:00
2025-03-21 06:30:00+00:00,2025-03-21 14:30:00+08:00,GPM_1.65_103.95,103.94999694824219,1.649999976158142,0.17000000178813934,0.08500000089406967,3B-HHR.MS.MRG.3IMERG.20250321-S063000-E065959.0390.V07B.HDF5,0.24000000208616257,1.5149999409914017,1.799999937415123,40.72499902173877,2025-03-21 15:00:00+08:00
2025-03-21 07:00:00+00:00,2025-03-21 15:00:00+08:00,GPM_1.65_103.95,103.94999694824219,1.649999976158142,0.0,0.0,3B-HHR.MS.MRG.3IMERG.20250321-S070000-E072959.0420.V07B.HDF5,0.08500000089406967,1.3949999436736107,1.799999937415123,37.67499906942248,2025-03-21 15:30:00+08:00
2025-03-21 07:30:00+00:00,2025-03-21 15:30:00+08:00,GPM_1.65_103.95,103.94999694824219,1.649999976158142,0.07000000029802322,0.03500000014901161,3B-HHR.MS.MRG.3IMERG.20250321-S073000-E075959.0450.V07B.HDF5,0.03500000014901161,1.1349999569356441,1.8349999375641346,35.22999905049801,2025-03-21 16:00:00+08:00
2025-03-21 08:00:00+00:00,2025-03-21 16:00:00+08:00,GPM_1.65_103.95,103.94999694824219,1.649999976158142,0.09999999403953552,0.04999999701976776,3B-HHR.MS.MRG.3IMERG.20250321-S080000-E082959.0480.V07B.HDF5,0.08499999716877937,0.6449999921023846,1.8849999345839024,31.524999171495438,2025-03-21 16:30:00+08:00
2025-03-21 08:30:00+00:00,2025-03-21 16:30:00+08:00,GPM_1.65_103.95,103.94999694824219,1.649999976158142,0.10999999940395355,0.054999999701976776,3B-HHR.MS.MRG.3IMERG.20250321-S083000-E085959.0510.V07B.HDF5,0.10499999672174454,0.3799999989569187,1.9399999342858791,28.164999209344387,2025-03-21 17:00:00+08:00
2025-03-21 09:00:00+00:00,2025-03-21 17:00:00+08:00,GPM_1.65_103.95,103.94999694824219,1.649999976158142,0.1899999976158142,0.0949999988079071,3B-HHR.MS.MRG.3IMERG.20250321-S090000-E092959.0540.V07B.HDF5,0.14999999850988388,0.3199999965727329,1.7999999336898327,24.529999189078808,2025-03-21 17:30:00+08:00
2025-03-21 09:30:00+00:00,2025-03-21 17:30:00+08:00,GPM_1.65_103.95,103.94999694824219,1.649999976158142,0.0,0.0,3B-HHR.MS.MRG.3IMERG.20250321-S093000-E095959.0570.V07B.HDF5,0.0949999988079071,0.23499999567866325,1.749999936670065,22.314999274909496,2025-03-21 18:00:00+08:00
2025-03-21 10:00:00+00:00,2025-03-21 18:00:00+08:00,GPM_1.65_103.95,103.94999694824219,1.649999976158142,0.0,0.0,3B-HHR.MS.MRG.3IMERG.20250321-S100000-E102959.0600.V07B.HDF5,0.0,0.23499999567866325,1.629999939352274,19.23499935120344,2025-03-21 18:30:00+08:00
2025-03-21 10:30:00+00:00,2025-03-21 18:30:00+08:00,GPM_1.65_103.95,103.94999694824219,1.649999976158142,0.20999999344348907,0.10499999672174454,3B-HHR.MS.MRG.3IMERG.20250321-S103000-E105959.0630.V07B.HDF5,0.10499999672174454,0.3049999922513962,1.4399999491870403,17.13499942421913,2025-03-21 19:00:00+08:00
2025-03-21 11:00:00+00:00,2025-03-21 19:00:00+08:00,GPM_1.65_103.95,103.94999694824219,1.649999976158142,0.4399999976158142,0.2199999988079071,3B-HHR.MS.MRG.3IMERG.20250321-S110000-E112959.0660.V07B.HDF5,0.32499999552965164,0.4749999940395355,1.11999998614192,15.53499948978424,2025-03-21 19:30:00+08:00
2025-03-21 11:30:00+00:00,2025-03-21 19:30:00+08:00,GPM_1.65_103.95,103.94999694824219,1.649999976158142,1.6899999380111694,0.8449999690055847,3B-HHR.MS.MRG.3IMERG.20250321-S113000-E115959.0690.V07B.HDF5,1.0649999678134918,1.2649999633431435,1.6449999623000622,14.664999544620514,2025-03-21 20:00:00+08:00
2025-03-21 12:00:00+00:00,2025-03-21 20:00:00+08:00,GPM_1.65_103.95,103.94999694824219,1.649999976158142,1.1999999284744263,0.5999999642372131,3B-HHR.MS.MRG.3IMERG.20250321-S120000-E122959.0720.V07B.HDF5,1.4449999332427979,1.7699999287724495,2.0899999253451824,14.529999554157257,2025-03-21 20:30:00+08:00
2025-03-21 12:30:00+00:00,2025-03-21 20:30:00+08:00,GPM_1.65_103.95,103.94999694824219,1.649999976158142,2.859999895095825,1.4299999475479126,3B-HHR.MS.MRG.3IMERG.20250321-S123000-E125959.0750.V07B.HDF5,2.0299999117851257,3.199999876320362,3.4349998719990253,14.729999482631683,2025-03-21 21:00:00+08:00
2025-03-21 13:00:00+00:00,2025-03-21 21:00:00+08:00,GPM_1.65_103.95,103.94999694824219,1.649999976158142,1.4900000095367432,0.7450000047683716,3B-HHR.MS.MRG.3IMERG.20250321-S130000-E132959.0780.V07B.HDF5,2.174999952316284,3.9449998810887337,4.179999876767397,14.139999568462372,2025-03-21 21:30:00+08:00
2025-03-21 13:30:00+00:00,2025-03-21 21:30:00+08:00,GPM_1.65_103.95,103.94999694824219,1.649999976158142,2.129999876022339,1.0649999380111694,3B-HHR.MS.MRG.3IMERG.20250321-S133000-E135959.0810.V07B.HDF5,1.809999942779541,4.904999822378159,5.209999814629555,14.279999554157257,2025-03-21 22:00:00+08:00
2025-03-21 14:00:00+00:00,2025-03-21 22:00:00+08:00,GPM_1.65_103.95,103.94999694824219,1.649999976158142,1.649999976158142,0.824999988079071,3B-HHR.MS.MRG.3IMERG.20250321-S140000-E142959.0840.V07B.HDF5,1.8899999260902405,5.5099998116493225,5.984999805688858,13.654999613761902,2025-03-21 22:30:00+08:00
2025-03-21 14:30:00+00:00,2025-03-21 22:30:00+08:00,GPM_1.65_103.95,103.94999694824219,1.649999976158142,0.9799999594688416,0.4899999797344208,3B-HHR.MS.MRG.3IMERG.20250321-S143000-E145959.0870.V07B.HDF5,1.3149999678134918,5.154999822378159,6.419999785721302,13.124999612569809,2025-03-21 23:00:00+08:00
2025-03-21 15:00:00+00:00,2025-03-21 23:00:00+08:00,GPM_1.65_103.95,103.94999694824219,1.649999976158142,1.3399999141693115,0.6699999570846558,3B-HHR.MS.MRG.3IMERG.20250321-S150000-E152959.0900.V07B.HDF5,1.1599999368190765,5.224999815225601,6.994999743998051,12.82499960064888,2025-03-21 23:30:00+08:00
2025-03-21 15:30:00+00:00,2025-03-21 23:30:00+08:00,GPM_1.65_103.95,103.94999694824219,1.649999976158142,0.8899999856948853,0.4449999928474426,3B-HHR.MS.MRG.3IMERG.20250321-S153000-E155959.0930.V07B.HDF5,1.1149999499320984,4.239999860525131,7.439999736845493,12.589999586343765,2025-03-22 00:00:00+08:00
