{
"type": "FeatureCollection",
"name": "JB_Grid_1000m_Clipped_WGS84",
"crs": { "type": "name", "properties": { "name": "urn:ogc:def:crs:OGC:1.3:CRS84" } },
"features": [
{ "type": "Feature", "properties": { "grid_id": "JB1000_R0000_C0007", "grid_m": 1000, "row_id": 0, "col_id": 7, "x_min": 4000.0, "y_min": -84000.0, "x_max": 5000.0, "y_max": -83000.0, "center_x": 4500.0, "center_y": -83500.0, "full_area_m2": 1000000, "inside_area_m2": 31167.41869601966, "coverage_frac": 0.031167418696019661, "is_edge": 1, "center_lon": 103.60144946718162, "center_lat": 1.2873252779214877 }, "geometry": { "type": "Polygon", "coordinates": [ [ [ 103.605942484075698, 1.291846768707888 ], [ 103.605942328706234, 1.289612263365695 ], [ 103.603675599248007, 1.291846927498971 ], [ 103.605942484075698, 1.291846768707888 ] ] ] } },
{ "type": "Feature", "properties": { "grid_id": "JB1000_R0000_C0008", "grid_m": 1000, "row_id": 0, "col_id": 8, "x_min": 5000.0, "y_min": -84000.0, "x_max": 6000.0, "y_max": -83000.0, "center_x": 5500.0, "center_y": -83500.0, "full_area_m2": 1000000, "inside_area_m2": 83428.627113742754, "coverage_frac": 0.083428627113742757, "is_edge": 1, "center_lon": 103.61043487270699, "center_lat": 1.2873246466938995 }, "geometry": { "type": "Polygon", "coordinates": [ [ [ 103.605942484075698, 1.291846768707888 ], [ 103.608557669286043, 1.291846582990812 ], [ 103.607545445280422, 1.288031821488052 ], [ 103.605942328706234, 1.289612263365695 ], [ 103.605942484075698, 1.291846768707888 ] ] ] } },
{ "type": "Feature", "properties": { "grid_id": "JB1000_R0001_C0006", "grid_m": 1000, "row_id": 1, "col_id": 6, "x_min": 3000.0, "y_min": -83000.0, "x_max": 4000.0, "y_max": -82000.0, "center_x": 3500.0, "center_y": -82500.0, "full_area_m2": 1000000, "inside_area_m2": 36588.087815948304, "coverage_frac": 0.0365880878159483, "is_edge": 1, "center_lon": 103.59246464336287, "center_lat": 1.2963694883609269 }, "geometry": { "type": "Polygon", "coordinates": [ [ [ 103.596957662380433, 1.300890994839058 ], [ 103.596957501429287, 1.298469960145745 ], [ 103.594501537550528, 1.300891159196164 ], [ 103.596957662380433, 1.300890994839058 ] ] ] } },
{ "type": "Feature", "properties": { "grid_id": "JB1000_R0001_C0007", "grid_m": 1000, "row_id": 1, "col_id": 7, "x_min": 4000.0, "y_min": -83000.0, "x_max": 5000.0, "y_max": -82000.0, "center_x": 4500.0, "center_y": -82500.0, "full_area_m2": 1000000, "inside_area_m2": 726226.57279423892, "coverage_frac": 0.72622657279423897, "is_edge": 1, "center_lon": 103.60145008066132, "center_lat": 1.2963688847844492 }, "geometry": { "type": "Polygon", "coordinates": [ [ [ 103.596957662380433, 1.300890994839058 ], [ 103.60594311564455, 1.300890373057098 ], [ 103.605942484075698, 1.291846768707888 ], [ 103.603675599248007, 1.291846927498971 ], [ 103.596957501429287, 1.298469960145745 ], [ 103.596957662380433, 1.300890994839058 ] ] ] } },
{ "type": "Feature", "properties": { "grid_id": "JB1000_R0001_C0008", "grid_m": 1000, "row_id": 1, "col_id": 8, "x_min": 5000.0, "y_min": -83000.0, "x_max": 6000.0, "y_max": -82000.0, "center_x": 5500.0, "center_y": -82500.0, "full_area_m2": 1000000, "inside_area_m2": 424540.84746429091, "coverage_frac": 0.42454084746429094, "is_edge": 1, "center_lon": 103.61043551795539, "center_lat": 1.2963682491209674 }, "geometry": { "type": "Polygon", "coordinates": [ [ [ 103.605942484075698, 1.291846768707888 ], [ 103.60594311564455, 1.300890373057098 ], [ 103.610957305040046, 1.300890012084087 ], [ 103.608557669286043, 1.291846582990812 ], [ 103.605942484075698, 1.291846768707888 ] ] ] } },
{ "type": "Feature", "properties": { "grid_id": "JB1000_R0002_C0005", "grid_m": 1000, "row_id": 2, "col_id": 5, "x_min": 2000.0, "y_min": -82000.0, "x_max": 3000.0, "y_max": -81000.0, "center_x": 2500.0, "center_y": -81500.0, "full_area_m2": 1000000, "inside_area_m2": 42443.124917295034, "coverage_frac": 0.042443124917295037, "is_edge": 1, "center_lon": 103.58347975985554, "center_lat": 1.3054136742647398 }, "geometry": { "type": "Polygon", "coordinates": [ [ [ 103.587972780885238, 1.309935196544321 ], [ 103.587972615617872, 1.307327632413804 ], [ 103.585327414644681, 1.30993536514938 ], [ 103.587972780885238, 1.309935196544321 ] ] ] } },
{ "type": "Feature", "properties": { "grid_id": "JB1000_R0002_C0006", "grid_m": 1000, "row_id": 2, "col_id": 6, "x_min": 3000.0, "y_min": -82000.0, "x_max": 4000.0, "y_max": -81000.0, "center_x": 3500.0, "center_y": -81500.0, "full_area_m2": 1000000, "inside_area_m2": 741431.34788409388, "coverage_frac": 0.74143134788409393, "is_edge": 1, "center_lon": 103.59246522914954, "center_lat": 1.3054130987871904 }, "geometry": { "type": "Polygon", "coordinates": [ [ [ 103.587972780885238, 1.309935196544321 ], [ 103.596958266256323, 1.309934602861267 ], [ 103.596957662380433, 1.300890994839058 ], [ 103.594501537550528, 1.300891159196164 ], [ 103.587972615617872, 1.307327632413804 ], [ 103.587972780885238, 1.309935196544321 ] ] ] } },
{ "type": "Feature", "properties": { "grid_id": "JB1000_R0002_C0007", "grid_m": 1000, "row_id": 2, "col_id": 7, "x_min": 4000.0, "y_min": -82000.0, "x_max": 5000.0, "y_max": -81000.0, "center_x": 4500.0, "center_y": -81500.0, "full_area_m2": 1000000, "inside_area_m2": 1000000.0, "coverage_frac": 1.0, "is_edge": 0, "center_lon": 103.60145069843935, "center_lat": 1.3054124909987053 }, "geometry": { "type": "Polygon", "coordinates": [ [ [ 103.596957662380433, 1.300890994839058 ], [ 103.596958266256323, 1.309934602861267 ], [ 103.605943751623059, 1.309933976755326 ], [ 103.60594311564455, 1.300890373057098 ], [ 103.596957662380433, 1.300890994839058 ] ] ] } },
{ "type": "Feature", "properties": { "grid_id": "JB1000_R0002_C0008", "grid_m": 1000, "row_id": 2, "col_id": 8, "x_min": 5000.0, "y_min": -82000.0, "x_max": 6000.0, "y_max": -81000.0, "center_x": 5500.0, "center_y": -81500.0, "full_area_m2": 1000000, "inside_area_m2": 691527.36858075066, "coverage_frac": 0.6915273685807507, "is_edge": 1, "center_lon": 103.61043616772471, "center_lat": 1.3054118508992996 }, "geometry": { "type": "Polygon", "coordinates": [ [ [ 103.60594311564455, 1.300890373057098 ], [ 103.605943751623059, 1.309933976755326 ], [ 103.613356962410023, 1.309933435795778 ], [ 103.610957305040046, 1.300890012084087 ], [ 103.60594311564455, 1.300890373057098 ] ] ] } },
{ "type": "Feature", "properties": { "grid_id": "JB1000_R0003_C0004", "grid_m": 1000, "row_id": 3, "col_id": 4, "x_min": 1000.0, "y_min": -81000.0, "x_max": 2000.0, "y_max": -80000.0, "center_x": 1500.0, "center_y": -80500.0, "full_area_m2": 1000000, "inside_area_m2": 48734.545367924591, "coverage_frac": 0.048734545367924591, "is_edge": 1, "center_lon": 103.57449481599201, "center_lat": 1.3144578349567231 }, "geometry": { "type": "Polygon", "coordinates": [ [ [ 103.578987838922473, 1.318979373147472 ], [ 103.578987670629402, 1.316185242963369 ], [ 103.576153149696893, 1.318979544658628 ], [ 103.578987838922473, 1.318979373147472 ] ] ] } },
{ "type": "Feature", "properties": { "grid_id": "JB1000_R0003_C0005", "grid_m": 1000, "row_id": 3, "col_id": 5, "x_min": 2000.0, "y_min": -81000.0, "x_max": 3000.0, "y_max": -80000.0, "center_x": 2500.0, "center_y": -80500.0, "full_area_m2": 1000000, "inside_area_m2": 756202.30356503301, "coverage_frac": 0.75620230356503304, "is_edge": 1, "center_lon": 103.58348031750403, "center_lat": 1.3144572880259238 }, "geometry": { "type": "Polygon", "coordinates": [ [ [ 103.578987838922473, 1.318979373147472 ], [ 103.58797335662301, 1.318978808011147 ], [ 103.587972780885238, 1.309935196544321 ], [ 103.585327414644681, 1.30993536514938 ], [ 103.581427174063961, 1.313780347073171 ], [ 103.578987670629402, 1.316185242963369 ], [ 103.578987838922473, 1.318979373147472 ] ] ] } },
{ "type": "Feature", "properties": { "grid_id": "JB1000_R0003_C0006", "grid_m": 1000, "row_id": 3, "col_id": 6, "x_min": 3000.0, "y_min": -81000.0, "x_max": 4000.0, "y_max": -80000.0, "center_x": 3500.0, "center_y": -80500.0, "full_area_m2": 1000000, "inside_area_m2": 1000000.0, "coverage_frac": 1.0, "is_edge": 0, "center_lon": 103.59246581901203, "center_lat": 1.3144567085602563 }, "geometry": { "type": "Polygon", "coordinates": [ [ [ 103.587972780885238, 1.309935196544321 ], [ 103.58797335662301, 1.318978808011147 ], [ 103.59695887431937, 1.318978210228002 ], [ 103.596958266256323, 1.309934602861267 ], [ 103.587972780885238, 1.309935196544321 ] ] ] } },
{ "type": "Feature", "properties": { "grid_id": "JB1000_R0003_C0007", "grid_m": 1000, "row_id": 3, "col_id": 7, "x_min": 4000.0, "y_min": -81000.0, "x_max": 5000.0, "y_max": -80000.0, "center_x": 4500.0, "center_y": -80500.0, "full_area_m2": 1000000, "inside_area_m2": 1000000.0, "coverage_frac": 1.0, "is_edge": 0, "center_lon": 103.60145132051578, "center_lat": 1.3144560965597349 }, "geometry": { "type": "Polygon", "coordinates": [ [ [ 103.596958266256323, 1.309934602861267 ], [ 103.59695887431937, 1.318978210228002 ], [ 103.605944392011324, 1.318977579798051 ], [ 103.605943751623059, 1.309933976755326 ], [ 103.596958266256323, 1.309934602861267 ] ] ] } },
{ "type": "Feature", "properties": { "grid_id": "JB1000_R0003_C0008", "grid_m": 1000, "row_id": 3, "col_id": 8, "x_min": 5000.0, "y_min": -81000.0, "x_max": 6000.0, "y_max": -80000.0, "center_x": 5500.0, "center_y": -80500.0, "full_area_m2": 1000000, "inside_area_m2": 946279.74222394079, "coverage_frac": 0.94627974222394085, "is_edge": 1, "center_lon": 103.61043682201503, "center_lat": 1.314455452024375 }, "geometry": { "type": "Polygon", "coordinates": [ [ [ 103.605943751623059, 1.309933976755326 ], [ 103.605944392011324, 1.318977579798051 ], [ 103.614929909698645, 1.318976916721309 ], [ 103.61492958606199, 1.31463389128666 ], [ 103.614449943871875, 1.314052450887175 ], [ 103.613356962410023, 1.309933435795778 ], [ 103.605943751623059, 1.309933976755326 ] ] ] } },
{ "type": "Feature", "properties": { "grid_id": "JB1000_R0003_C0009", "grid_m": 1000, "row_id": 3, "col_id": 9, "x_min": 6000.0, "y_min": -81000.0, "x_max": 7000.0, "y_max": -80000.0, "center_x": 6500.0, "center_y": -80500.0, "full_area_m2": 1000000, "inside_area_m2": 32750.329314954524, "coverage_frac": 0.032750329314954522, "is_edge": 1, "center_lon": 103.61942232350955, "center_lat": 1.3144547749541924 }, "geometry": { "type": "Polygon", "coordinates": [ [ [ 103.614929909698645, 1.318976916721309 ], [ 103.615828222575189, 1.318976848636212 ], [ 103.615366418636228, 1.315163435885946 ], [ 103.61492958606199, 1.31463389128666 ], [ 103.614929909698645, 1.318976916721309 ] ] ] } },
{ "type": "Feature", "properties": { "grid_id": "JB1000_R0004_C0003", "grid_m": 1000, "row_id": 4, "col_id": 3, "x_min": 0.0, "y_min": -80000.0, "x_max": 1000.0, "y_max": -79000.0, "center_x": 500.0, "center_y": -79500.0, "full_area_m2": 1000000, "inside_area_m2": 55463.514493110342, "coverage_frac": 0.055463514493110343, "is_edge": 1, "center_lon": 103.56550981110459, "center_lat": 1.3235019697606631 }, "geometry": { "type": "Polygon", "coordinates": [ [ [ 103.570002835824511, 1.328023523972299 ], [ 103.570002665820354, 1.3250427296239 ], [ 103.566978762901599, 1.328023697017121 ], [ 103.570002835824511, 1.328023523972299 ] ] ] } },
{ "type": "Feature", "properties": { "grid_id": "JB1000_R0004_C0004", "grid_m": 1000, "row_id": 4, "col_id": 4, "x_min": 1000.0, "y_min": -80000.0, "x_max": 2000.0, "y_max": -79000.0, "center_x": 1500.0, "center_y": -79500.0, "full_area_m2": 1000000, "inside_area_m2": 770547.26122277742, "coverage_frac": 0.77054726122277739, "is_edge": 1, "center_lon": 103.57449534505713, "center_lat": 1.3235014518244392 }, "geometry": { "type": "Polygon", "coordinates": [ [ [ 103.570002835824511, 1.328023523972299 ], [ 103.578988386076944, 1.32802298783053 ], [ 103.578987838922473, 1.318979373147472 ], [ 103.576153149696893, 1.318979544658628 ], [ 103.570002665820354, 1.3250427296239 ], [ 103.570002835824511, 1.328023523972299 ] ] ] } },
{ "type": "Feature", "properties": { "grid_id": "JB1000_R0004_C0005", "grid_m": 1000, "row_id": 4, "col_id": 5, "x_min": 2000.0, "y_min": -80000.0, "x_max": 3000.0, "y_max": -79000.0, "center_x": 2500.0, "center_y": -79500.0, "full_area_m2": 1000000, "inside_area_m2": 1000000.0, "coverage_frac": 1.0, "is_edge": 0, "center_lon": 103.5834808790058, "center_lat": 1.3235009011294139 }, "geometry": { "type": "Polygon", "coordinates": [ [ [ 103.578987838922473, 1.318979373147472 ], [ 103.578988386076944, 1.32802298783053 ], [ 103.587973936325412, 1.328022418818006 ], [ 103.58797335662301, 1.318978808011147 ], [ 103.578987838922473, 1.318979373147472 ] ] ] } },
{ "type": "Feature", "properties": { "grid_id": "JB1000_R0004_C0006", "grid_m": 1000, "row_id": 4, "col_id": 6, "x_min": 3000.0, "y_min": -80000.0, "x_max": 4000.0, "y_max": -79000.0, "center_x": 3500.0, "center_y": -79500.0, "full_area_m2": 1000000, "inside_area_m2": 1000000.0, "coverage_frac": 1.0, "is_edge": 0, "center_lon": 103.5924664129504, "center_lat": 1.3235003176756008 }, "geometry": { "type": "Polygon", "coordinates": [ [ [ 103.58797335662301, 1.318978808011147 ], [ 103.587973936325412, 1.328022418818006 ], [ 103.596959486569631, 1.328021816934741 ], [ 103.59695887431937, 1.318978210228002 ], [ 103.58797335662301, 1.318978808011147 ] ] ] } },
{ "type": "Feature", "properties": { "grid_id": "JB1000_R0004_C0007", "grid_m": 1000, "row_id": 4, "col_id": 7, "x_min": 4000.0, "y_min": -80000.0, "x_max": 5000.0, "y_max": -79000.0, "center_x": 4500.0, "center_y": -79500.0, "full_area_m2": 1000000, "inside_area_m2": 1000000.0, "coverage_frac": 1.0, "is_edge": 0, "center_lon": 103.60145194689068, "center_lat": 1.3234997014630145 }, "geometry": { "type": "Polygon", "coordinates": [ [ [ 103.59695887431937, 1.318978210228002 ], [ 103.596959486569631, 1.328021816934741 ], [ 103.605945036809402, 1.32802118218075 ], [ 103.605944392011324, 1.318977579798051 ], [ 103.59695887431937, 1.318978210228002 ] ] ] } },
{ "type": "Feature", "properties": { "grid_id": "JB1000_R0004_C0008", "grid_m": 1000, "row_id": 4, "col_id": 8, "x_min": 5000.0, "y_min": -80000.0, "x_max": 6000.0, "y_max": -79000.0, "center_x": 5500.0, "center_y": -79500.0, "full_area_m2": 1000000, "inside_area_m2": 1000000.0, "coverage_frac": 1.0, "is_edge": 0, "center_lon": 103.61043748082642, "center_lat": 1.3234990524916699 }, "geometry": { "type": "Polygon", "coordinates": [ [ [ 103.605944392011324, 1.318977579798051 ], [ 103.605945036809402, 1.32802118218075 ], [ 103.614930587044455, 1.328020514556048 ], [ 103.614929909698645, 1.318976916721309 ], [ 103.605944392011324, 1.318977579798051 ] ] ] } },
{ "type": "Feature", "properties": { "grid_id": "JB1000_R0004_C0009", "grid_m": 1000, "row_id": 4, "col_id": 9, "x_min": 6000.0, "y_min": -80000.0, "x_max": 7000.0, "y_max": -79000.0, "center_x": 6500.0, "center_y": -79500.0, "full_area_m2": 1000000, "inside_area_m2": 299464.30011686299, "coverage_frac": 0.29946430011686298, "is_edge": 1, "center_lon": 103.61942301475734, "center_lat": 1.3234983707615833 }, "geometry": { "type": "Polygon", "coordinates": [ [ [ 103.614929909698645, 1.318976916721309 ], [ 103.614930587044455, 1.328020514556048 ], [ 103.620303977610959, 1.328020099608323 ], [ 103.616116548519699, 1.321357732230608 ], [ 103.615828222575189, 1.318976848636212 ], [ 103.614929909698645, 1.318976916721309 ] ] ] } },
{ "type": "Feature", "properties": { "grid_id": "JB1000_R0005_C0002", "grid_m": 1000, "row_id": 5, "col_id": 2, "x_min": -1000.0, "y_min": -79000.0, "x_max": 0.0, "y_max": -78000.0, "center_x": -500.0, "center_y": -78500.0, "full_area_m2": 1000000, "inside_area_m2": 62627.485308014664, "coverage_frac": 0.062627485308014666, "is_edge": 1, "center_lon": 103.55652474452567, "center_lat": 1.3325460780003409 }, "geometry": { "type": "Polygon", "coordinates": [ [ [ 103.561017770923655, 1.337067648342581 ], [ 103.561017600556539, 1.333900189786104 ], [ 103.5578043128518, 1.337067821516278 ], [ 103.561017770923655, 1.337067648342581 ] ] ] } },
{ "type": "Feature", "properties": { "grid_id": "JB1000_R0005_C0003", "grid_m": 1000, "row_id": 5, "col_id": 3, "x_min": 0.0, "y_min": -79000.0, "x_max": 1000.0, "y_max": -78000.0, "center_x": 500.0, "center_y": -78500.0, "full_area_m2": 1000000, "inside_area_m2": 784458.61943158251, "coverage_frac": 0.78445861943158246, "is_edge": 1, "center_lon": 103.56551031114117, "center_lat": 1.3325455895065217 }, "geometry": { "type": "Polygon", "coordinates": [ [ [ 103.561017770923655, 1.337067648342581 ], [ 103.570003353950497, 1.337067141643198 ], [ 103.570002835824511, 1.328023523972299 ], [ 103.566978762901599, 1.328023697017121 ], [ 103.561017600556539, 1.333900189786104 ], [ 103.561017770923655, 1.337067648342581 ] ] ] } },
{ "type": "Feature", "properties": { "grid_id": "JB1000_R0005_C0004", "grid_m": 1000, "row_id": 5, "col_id": 4, "x_min": 1000.0, "y_min": -79000.0, "x_max": 2000.0, "y_max": -78000.0, "center_x": 1500.0, "center_y": -78500.0, "full_area_m2": 1000000, "inside_area_m2": 1000000.0, "coverage_frac": 1.0, "is_edge": 0, "center_lon": 103.57449587775299, "center_lat": 1.3325450680299671 }, "geometry": { "type": "Polygon", "coordinates": [ [ [ 103.570002835824511, 1.328023523972299 ], [ 103.570003353950497, 1.337067141643198 ], [ 103.578988936973516, 1.337066601849125 ], [ 103.578988386076944, 1.32802298783053 ], [ 103.570002835824511, 1.328023523972299 ] ] ] } },
{ "type": "Feature", "properties": { "grid_id": "JB1000_R0005_C0005", "grid_m": 1000, "row_id": 5, "col_id": 5, "x_min": 2000.0, "y_min": -79000.0, "x_max": 3000.0, "y_max": -78000.0, "center_x": 2500.0, "center_y": -78500.0, "full_area_m2": 1000000, "inside_area_m2": 1000000.0, "coverage_frac": 1.0, "is_edge": 0, "center_lon": 103.58348144436094, "center_lat": 1.3325445135706899 }, "geometry": { "type": "Polygon", "coordinates": [ [ [ 103.578988386076944, 1.32802298783053 ], [ 103.578988936973516, 1.337066601849125 ], [ 103.5879745199925, 1.337066028960376 ], [ 103.587973936325412, 1.328022418818006 ], [ 103.578988386076944, 1.32802298783053 ] ] ] } },
{ "type": "Feature", "properties": { "grid_id": "JB1000_R0005_C0006", "grid_m": 1000, "row_id": 5, "col_id": 6, "x_min": 3000.0, "y_min": -79000.0, "x_max": 4000.0, "y_max": -78000.0, "center_x": 3500.0, "center_y": -78500.0, "full_area_m2": 1000000, "inside_area_m2": 1000000.0, "coverage_frac": 1.0, "is_edge": 0, "center_lon": 103.59246701096473, "center_lat": 1.3325439261287038 }, "geometry": { "type": "Polygon", "coordinates": [ [ [ 103.587973936325412, 1.328022418818006 ], [ 103.5879745199925, 1.337066028960376 ], [ 103.596960103007191, 1.337065422976963 ], [ 103.596959486569631, 1.328021816934741 ], [ 103.587973936325412, 1.328022418818006 ] ] ] } },
{ "type": "Feature", "properties": { "grid_id": "JB1000_R0005_C0007", "grid_m": 1000, "row_id": 5, "col_id": 7, "x_min": 4000.0, "y_min": -79000.0, "x_max": 5000.0, "y_max": -78000.0, "center_x": 4500.0, "center_y": -78500.0, "full_area_m2": 1000000, "inside_area_m2": 1000000.0, "coverage_frac": 1.0, "is_edge": 0, "center_lon": 103.60145257756415, "center_lat": 1.332543305704023 }, "geometry": { "type": "Polygon", "coordinates": [ [ [ 103.596959486569631, 1.328021816934741 ], [ 103.596960103007191, 1.337065422976963 ], [ 103.605945686017364, 1.337064783898902 ], [ 103.605945036809402, 1.32802118218075 ], [ 103.596959486569631, 1.328021816934741 ] ] ] } },
{ "type": "Feature", "properties": { "grid_id": "JB1000_R0005_C0008", "grid_m": 1000, "row_id": 5, "col_id": 8, "x_min": 5000.0, "y_min": -79000.0, "x_max": 6000.0, "y_max": -78000.0, "center_x": 5500.0, "center_y": -78500.0, "full_area_m2": 1000000, "inside_area_m2": 1000000.0, "coverage_frac": 1.0, "is_edge": 0, "center_lon": 103.61043814415895, "center_lat": 1.332542652296663 }, "geometry": { "type": "Polygon", "coordinates": [ [ [ 103.605945036809402, 1.32802118218075 ], [ 103.605945686017364, 1.337064783898902 ], [ 103.614931269022762, 1.337064111726208 ], [ 103.614930587044455, 1.328020514556048 ], [ 103.605945036809402, 1.32802118218075 ] ] ] } },
{ "type": "Feature", "properties": { "grid_id": "JB1000_R0005_C0009", "grid_m": 1000, "row_id": 5, "col_id": 9, "x_min": 6000.0, "y_min": -79000.0, "x_max": 7000.0, "y_max": -78000.0, "center_x": 6500.0, "center_y": -78500.0, "full_area_m2": 1000000, "inside_area_m2": 872246.62423252314, "coverage_frac": 0.87224662423252319, "is_edge": 1, "center_lon": 103.6194237107489, "center_lat": 1.33254196590664 }, "geometry": { "type": "Polygon", "coordinates": [ [ [ 103.614930587044455, 1.328020514556048 ], [ 103.614931269022762, 1.337064111726208 ], [ 103.623916852023157, 1.337063406458899 ], [ 103.623916591002569, 1.333767871562102 ], [ 103.620303977610959, 1.328020099608323 ], [ 103.614930587044455, 1.328020514556048 ] ] ] } },
{ "type": "Feature", "properties": { "grid_id": "JB1000_R0005_C0010", "grid_m": 1000, "row_id": 5, "col_id": 10, "x_min": 7000.0, "y_min": -79000.0, "x_max": 8000.0, "y_max": -78000.0, "center_x": 7500.0, "center_y": -78500.0, "full_area_m2": 1000000, "inside_area_m2": 41993.496659651551, "coverage_frac": 0.041993496659651554, "is_edge": 1, "center_lon": 103.62840927733374, "center_lat": 1.3325412465339705 }, "geometry": { "type": "Polygon", "coordinates": [ [ [ 103.623916852023157, 1.337063406458899 ], [ 103.625987819836524, 1.337063239218441 ], [ 103.623916591002569, 1.333767871562102 ], [ 103.623916852023157, 1.337063406458899 ] ] ] } },
{ "type": "Feature", "properties": { "grid_id": "JB1000_R0006_C0001", "grid_m": 1000, "row_id": 6, "col_id": 1, "x_min": -2000.0, "y_min": -78000.0, "x_max": -1000.0, "y_max": -77000.0, "center_x": -1500.0, "center_y": -77500.0, "full_area_m2": 1000000, "inside_area_m2": 105394.34853368522, "coverage_frac": 0.10539434853368522, "is_edge": 1, "center_lon": 103.5475396155876, "center_lat": 1.3415901589995265 }, "geometry": { "type": "Polygon", "coordinates": [ [ [ 103.55203264355228, 1.346111745582089 ], [ 103.55203245117454, 1.342300996413282 ], [ 103.547537668527568, 1.346111971599134 ], [ 103.55203264355228, 1.346111745582089 ] ] ] } },
{ "type": "Feature", "properties": { "grid_id": "JB1000_R0006_C0002", "grid_m": 1000, "row_id": 6, "col_id": 2, "x_min": -1000.0, "y_min": -78000.0, "x_max": 0.0, "y_max": -77000.0, "center_x": -500.0, "center_y": -77500.0, "full_area_m2": 1000000, "inside_area_m2": 807219.07015909965, "coverage_frac": 0.80721907015909966, "is_edge": 1, "center_lon": 103.55652521508851, "center_lat": 1.341589700395946 }, "geometry": { "type": "Polygon", "coordinates": [ [ [ 103.55203264355228, 1.346111745582089 ], [ 103.56101825957596, 1.346111268772928 ], [ 103.561017770923655, 1.337067648342581 ], [ 103.5578043128518, 1.337067821516278 ], [ 103.555308244187472, 1.33952841705683 ], [ 103.555308208225227, 1.339528447790027 ], [ 103.554702176772977, 1.340037378841457 ], [ 103.554702198330645, 1.34003739875097 ], [ 103.55203245117454, 1.342300996413282 ], [ 103.55203264355228, 1.346111745582089 ] ] ] } },
{ "type": "Feature", "properties": { "grid_id": "JB1000_R0006_C0003", "grid_m": 1000, "row_id": 6, "col_id": 3, "x_min": 0.0, "y_min": -78000.0, "x_max": 1000.0, "y_max": -77000.0, "center_x": 500.0, "center_y": -77500.0, "full_area_m2": 1000000, "inside_area_m2": 1000000.0, "coverage_frac": 1.0, "is_edge": 0, "center_lon": 103.56551081458596, "center_lat": 1.3415892085856946 }, "geometry": { "type": "Polygon", "coordinates": [ [ [ 103.561017770923655, 1.337067648342581 ], [ 103.56101825957596, 1.346111268772928 ], [ 103.570003875596043, 1.34611075864514 ], [ 103.570003353950497, 1.337067141643198 ], [ 103.561017770923655, 1.337067648342581 ] ] ] } },
{ "type": "Feature", "properties": { "grid_id": "JB1000_R0006_C0004", "grid_m": 1000, "row_id": 6, "col_id": 4, "x_min": 1000.0, "y_min": -78000.0, "x_max": 2000.0, "y_max": -77000.0, "center_x": 1500.0, "center_y": -77500.0, "full_area_m2": 1000000, "inside_area_m2": 1000000.0, "coverage_frac": 1.0, "is_edge": 0, "center_lon": 103.5744964140797, "center_lat": 1.3415886835687847 }, "geometry": { "type": "Polygon", "coordinates": [ [ [ 103.570003353950497, 1.337067141643198 ], [ 103.570003875596043, 1.34611075864514 ], [ 103.578989491612248, 1.346110215198737 ], [ 103.578988936973516, 1.337066601849125 ], [ 103.570003353950497, 1.337067141643198 ] ] ] } },
{ "type": "Feature", "properties": { "grid_id": "JB1000_R0006_C0005", "grid_m": 1000, "row_id": 6, "col_id": 5, "x_min": 2000.0, "y_min": -78000.0, "x_max": 3000.0, "y_max": -77000.0, "center_x": 2500.0, "center_y": -77500.0, "full_area_m2": 1000000, "inside_area_m2": 1000000.0, "coverage_frac": 1.0, "is_edge": 0, "center_lon": 103.58348201356949, "center_lat": 1.3415881253452295 }, "geometry": { "type": "Polygon", "coordinates": [ [ [ 103.578988936973516, 1.337066601849125 ], [ 103.578989491612248, 1.346110215198737 ], [ 103.587975107624359, 1.346109638433734 ], [ 103.5879745199925, 1.337066028960376 ], [ 103.578988936973516, 1.337066601849125 ] ] ] } },
{ "type": "Feature", "properties": { "grid_id": "JB1000_R0006_C0006", "grid_m": 1000, "row_id": 6, "col_id": 6, "x_min": 3000.0, "y_min": -78000.0, "x_max": 4000.0, "y_max": -77000.0, "center_x": 3500.0, "center_y": -77500.0, "full_area_m2": 1000000, "inside_area_m2": 1000000.0, "coverage_frac": 1.0, "is_edge": 0, "center_lon": 103.59246761305509, "center_lat": 1.3415875339150423 }, "geometry": { "type": "Polygon", "coordinates": [ [ [ 103.5879745199925, 1.337066028960376 ], [ 103.587975107624359, 1.346109638433734 ], [ 103.596960723632122, 1.346109028350145 ], [ 103.596960103007191, 1.337065422976963 ], [ 103.5879745199925, 1.337066028960376 ] ] ] } },
{ "type": "Feature", "properties": { "grid_id": "JB1000_R0006_C0007", "grid_m": 1000, "row_id": 6, "col_id": 7, "x_min": 4000.0, "y_min": -78000.0, "x_max": 5000.0, "y_max": -77000.0, "center_x": 4500.0, "center_y": -77500.0, "full_area_m2": 1000000, "inside_area_m2": 1000000.0, "coverage_frac": 1.0, "is_edge": 0, "center_lon": 103.60145321253624, "center_lat": 1.3415869092782378 }, "geometry": { "type": "Polygon", "coordinates": [ [ [ 103.596960103007191, 1.337065422976963 ], [ 103.596960723632122, 1.346109028350145 ], [ 103.60594633963531, 1.346108384947983 ], [ 103.605945686017364, 1.337064783898902 ], [ 103.596960103007191, 1.337065422976963 ] ] ] } },
{ "type": "Feature", "properties": { "grid_id": "JB1000_R0006_C0008", "grid_m": 1000, "row_id": 6, "col_id": 8, "x_min": 5000.0, "y_min": -78000.0, "x_max": 6000.0, "y_max": -77000.0, "center_x": 5500.0, "center_y": -77500.0, "full_area_m2": 1000000, "inside_area_m2": 1000000.0, "coverage_frac": 1.0, "is_edge": 0, "center_lon": 103.61043881201273, "center_lat": 1.3415862514348316 }, "geometry": { "type": "Polygon", "coordinates": [ [ [ 103.605945686017364, 1.337064783898902 ], [ 103.60594633963531, 1.346108384947983 ], [ 103.614931955633651, 1.346107708227267 ], [ 103.614931269022762, 1.337064111726208 ], [ 103.605945686017364, 1.337064783898902 ] ] ] } },
{ "type": "Feature", "properties": { "grid_id": "JB1000_R0006_C0009", "grid_m": 1000, "row_id": 6, "col_id": 9, "x_min": 6000.0, "y_min": -78000.0, "x_max": 7000.0, "y_max": -77000.0, "center_x": 6500.0, "center_y": -77500.0, "full_area_m2": 1000000, "inside_area_m2": 1000000.0, "coverage_frac": 1.0, "is_edge": 0, "center_lon": 103.61942441148427, "center_lat": 1.3415855603848397 }, "geometry": { "type": "Polygon", "coordinates": [ [ [ 103.614931269022762, 1.337064111726208 ], [ 103.614931955633651, 1.346107708227267 ], [ 103.623917571626933, 1.34610699818801 ], [ 103.623916852023157, 1.337063406458899 ], [ 103.614931269022762, 1.337064111726208 ] ] ] } },
{ "type": "Feature", "properties": { "grid_id": "JB1000_R0006_C0010", "grid_m": 1000, "row_id": 6, "col_id": 10, "x_min": 7000.0, "y_min": -78000.0, "x_max": 8000.0, "y_max": -77000.0, "center_x": 7500.0, "center_y": -77500.0, "full_area_m2": 1000000, "inside_area_m2": 524670.42860305344, "coverage_frac": 0.52467042860305346, "is_edge": 1, "center_lon": 103.62841001095067, "center_lat": 1.3415848361282792 }, "geometry": { "type": "Polygon", "coordinates": [ [ [ 103.623916852023157, 1.337063406458899 ], [ 103.623917571626933, 1.34610699818801 ], [ 103.630996418209222, 1.346106415357518 ], [ 103.628337436210217, 1.340801516988342 ], [ 103.628337407476934, 1.340801466323794 ], [ 103.625987819836524, 1.337063239218441 ], [ 103.623916852023157, 1.337063406458899 ] ] ] } },
{ "type": "Feature", "properties": { "grid_id": "JB1000_R0007_C0000", "grid_m": 1000, "row_id": 7, "col_id": 0, "x_min": -3000.0, "y_min": -77000.0, "x_max": -2000.0, "y_max": -76000.0, "center_x": -2500.0, "center_y": -76500.0, "full_area_m2": 1000000, "inside_area_m2": 41728.766851721863, "coverage_frac": 0.04172876685172186, "is_edge": 1, "center_lon": 103.53855442362268, "center_lat": 1.3506342120819839 }, "geometry": { "type": "Polygon", "coordinates": [ [ [ 103.543047453042703, 1.355155815014586 ], [ 103.543047300365913, 1.351917903702403 ], [ 103.541471466010492, 1.354108050000781 ], [ 103.541444871625899, 1.355155891117645 ], [ 103.543047453042703, 1.355155815014586 ] ] ] } },
{ "type": "Feature", "properties": { "grid_id": "JB1000_R0007_C0001", "grid_m": 1000, "row_id": 7, "col_id": 1, "x_min": -2000.0, "y_min": -77000.0, "x_max": -1000.0, "y_max": -76000.0, "center_x": -1500.0, "center_y": -76500.0, "full_area_m2": 1000000, "inside_area_m2": 849455.19749544607, "coverage_frac": 0.84945519749544607, "is_edge": 1, "center_lon": 103.5475400562315, "center_lat": 1.3506337838164788 }, "geometry": { "type": "Polygon", "coordinates": [ [ [ 103.543047453042703, 1.355155815014586 ], [ 103.552033102285691, 1.355155368543485 ], [ 103.55203264355228, 1.346111745582089 ], [ 103.547537668527568, 1.346111971599134 ], [ 103.54673511440636, 1.34679242832114 ], [ 103.54389478636746, 1.350740037977805 ], [ 103.543047300365913, 1.351917903702403 ], [ 103.543047453042703, 1.355155815014586 ] ] ] } },
{ "type": "Feature", "properties": { "grid_id": "JB1000_R0007_C0002", "grid_m": 1000, "row_id": 7, "col_id": 2, "x_min": -1000.0, "y_min": -77000.0, "x_max": 0.0, "y_max": -76000.0, "center_x": -500.0, "center_y": -76500.0, "full_area_m2": 1000000, "inside_area_m2": 1000000.0, "coverage_frac": 1.0, "is_edge": 0, "center_lon": 103.55652568883703, "center_lat": 1.3506333221203672 }, "geometry": { "type": "Polygon", "coordinates": [ [ [ 103.55203264355228, 1.346111745582089 ], [ 103.552033102285691, 1.355155368543485 ], [ 103.561018751525282, 1.355154888529819 ], [ 103.56101825957596, 1.346111268772928 ], [ 103.55203264355228, 1.346111745582089 ] ] ] } },
{ "type": "Feature", "properties": { "grid_id": "JB1000_R0007_C0003", "grid_m": 1000, "row_id": 7, "col_id": 3, "x_min": 0.0, "y_min": -77000.0, "x_max": 1000.0, "y_max": -76000.0, "center_x": 500.0, "center_y": -76500.0, "full_area_m2": 1000000, "inside_area_m2": 1000000.0, "coverage_frac": 1.0, "is_edge": 0, "center_lon": 103.56551132143903, "center_lat": 1.3506328269936605 }, "geometry": { "type": "Polygon", "coordinates": [ [ [ 103.56101825957596, 1.346111268772928 ], [ 103.561018751525282, 1.355154888529819 ], [ 103.570004400761192, 1.355154374973601 ], [ 103.570003875596043, 1.34611075864514 ], [ 103.56101825957596, 1.346111268772928 ] ] ] } },
{ "type": "Feature", "properties": { "grid_id": "JB1000_R0007_C0004", "grid_m": 1000, "row_id": 7, "col_id": 4, "x_min": 1000.0, "y_min": -77000.0, "x_max": 2000.0, "y_max": -76000.0, "center_x": 1500.0, "center_y": -76500.0, "full_area_m2": 1000000, "inside_area_m2": 1000000.0, "coverage_frac": 1.0, "is_edge": 0, "center_lon": 103.5744969540373, "center_lat": 1.3506322984363706 }, "geometry": { "type": "Polygon", "coordinates": [ [ [ 103.570003875596043, 1.34611075864514 ], [ 103.570004400761192, 1.355154374973601 ], [ 103.578990049993195, 1.355153827874843 ], [ 103.578989491612248, 1.346110215198737 ], [ 103.570003875596043, 1.34611075864514 ] ] ] } },
{ "type": "Feature", "properties": { "grid_id": "JB1000_R0007_C0005", "grid_m": 1000, "row_id": 7, "col_id": 5, "x_min": 2000.0, "y_min": -77000.0, "x_max": 3000.0, "y_max": -76000.0, "center_x": 2500.0, "center_y": -76500.0, "full_area_m2": 1000000, "inside_area_m2": 1000000.0, "coverage_frac": 1.0, "is_edge": 0, "center_lon": 103.58348258663155, "center_lat": 1.3506317364485105 }, "geometry": { "type": "Polygon", "coordinates": [ [ [ 103.578989491612248, 1.346110215198737 ], [ 103.578990049993195, 1.355153827874843 ], [ 103.587975699221062, 1.35515324723356 ], [ 103.587975107624359, 1.346109638433734 ], [ 103.578989491612248, 1.346110215198737 ] ] ] } },
{ "type": "Feature", "properties": { "grid_id": "JB1000_R0007_C0006", "grid_m": 1000, "row_id": 7, "col_id": 6, "x_min": 3000.0, "y_min": -77000.0, "x_max": 4000.0, "y_max": -76000.0, "center_x": 3500.0, "center_y": -76500.0, "full_area_m2": 1000000, "inside_area_m2": 1000000.0, "coverage_frac": 1.0, "is_edge": 0, "center_lon": 103.59246821922156, "center_lat": 1.3506311410300944 }, "geometry": { "type": "Polygon", "coordinates": [ [ [ 103.587975107624359, 1.346109638433734 ], [ 103.587975699221062, 1.35515324723356 ], [ 103.596961348444509, 1.355152633049765 ], [ 103.596960723632122, 1.346109028350145 ], [ 103.587975107624359, 1.346109638433734 ] ] ] } },
{ "type": "Feature", "properties": { "grid_id": "JB1000_R0007_C0007", "grid_m": 1000, "row_id": 7, "col_id": 7, "x_min": 4000.0, "y_min": -77000.0, "x_max": 5000.0, "y_max": -76000.0, "center_x": 4500.0, "center_y": -76500.0, "full_area_m2": 1000000, "inside_area_m2": 1000000.0, "coverage_frac": 1.0, "is_edge": 0, "center_lon": 103.60145385180707, "center_lat": 1.3506305121811368 }, "geometry": { "type": "Polygon", "coordinates": [ [ [ 103.596960723632122, 1.346109028350145 ], [ 103.596961348444509, 1.355152633049765 ], [ 103.60594699766331, 1.355151985323473 ], [ 103.60594633963531, 1.346108384947983 ], [ 103.596960723632122, 1.346109028350145 ] ] ] } },
{ "type": "Feature", "properties": { "grid_id": "JB1000_R0007_C0008", "grid_m": 1000, "row_id": 7, "col_id": 8, "x_min": 5000.0, "y_min": -77000.0, "x_max": 6000.0, "y_max": -76000.0, "center_x": 5500.0, "center_y": -76500.0, "full_area_m2": 1000000, "inside_area_m2": 1000000.0, "coverage_frac": 1.0, "is_edge": 0, "center_lon": 103.61043948438781, "center_lat": 1.3506298499016531 }, "geometry": { "type": "Polygon", "coordinates": [ [ [ 103.60594633963531, 1.346108384947983 ], [ 103.60594699766331, 1.355151985323473 ], [ 103.614932646877222, 1.3551513040547 ], [ 103.614931955633651, 1.346107708227267 ], [ 103.60594633963531, 1.346108384947983 ] ] ] } },
{ "type": "Feature", "properties": { "grid_id": "JB1000_R0007_C0009", "grid_m": 1000, "row_id": 7, "col_id": 9, "x_min": 6000.0, "y_min": -77000.0, "x_max": 7000.0, "y_max": -76000.0, "center_x": 6500.0, "center_y": -76500.0, "full_area_m2": 1000000, "inside_area_m2": 1000000.0, "coverage_frac": 1.0, "is_edge": 0, "center_lon": 103.6194251169636, "center_lat": 1.3506291541916595 }, "geometry": { "type": "Polygon", "coordinates": [ [ [ 103.614931955633651, 1.346107708227267 ], [ 103.614932646877222, 1.3551513040547 ], [ 103.623918296085975, 1.355150589243464 ], [ 103.623917571626933, 1.34610699818801 ], [ 103.614931955633651, 1.346107708227267 ] ] ] } },
{ "type": "Feature", "properties": { "grid_id": "JB1000_R0007_C0010", "grid_m": 1000, "row_id": 7, "col_id": 10, "x_min": 7000.0, "y_min": -77000.0, "x_max": 8000.0, "y_max": -76000.0, "center_x": 7500.0, "center_y": -76500.0, "full_area_m2": 1000000, "inside_area_m2": 955359.60071633919, "coverage_frac": 0.95535960071633919, "is_edge": 1, "center_lon": 103.62841074953414, "center_lat": 1.3506284250511733 }, "geometry": { "type": "Polygon", "coordinates": [ [ [ 103.623917571626933, 1.34610699818801 ], [ 103.623918296085975, 1.355150589243464 ], [ 103.632903945289343, 1.355149840889781 ], [ 103.632903505775602, 1.349911200243597 ], [ 103.630996418209222, 1.346106415357518 ], [ 103.623917571626933, 1.34610699818801 ] ] ] } },
{ "type": "Feature", "properties": { "grid_id": "JB1000_R0007_C0011", "grid_m": 1000, "row_id": 7, "col_id": 11, "x_min": 8000.0, "y_min": -77000.0, "x_max": 9000.0, "y_max": -76000.0, "center_x": 8500.0, "center_y": -76500.0, "full_area_m2": 1000000, "inside_area_m2": 76716.388126293066, "coverage_frac": 0.07671638812629307, "is_edge": 1, "center_lon": 103.63739638209921, "center_lat": 1.3506276624802127 }, "geometry": { "type": "Polygon", "coordinates": [ [ [ 103.632903945289343, 1.355149840889781 ], [ 103.635148804903977, 1.355149648694014 ], [ 103.633836816198823, 1.351773219709186 ], [ 103.632903505775602, 1.349911200243597 ], [ 103.632903945289343, 1.355149840889781 ] ] ] } },
{ "type": "Feature", "properties": { "grid_id": "JB1000_R0008_C0000", "grid_m": 1000, "row_id": 8, "col_id": 0, "x_min": -3000.0, "y_min": -76000.0, "x_max": -2000.0, "y_max": -75000.0, "center_x": -2500.0, "center_y": -75500.0, "full_area_m2": 1000000, "inside_area_m2": 191144.38534798112, "coverage_frac": 0.19114438534798112, "is_edge": 1, "center_lon": 103.53855483390244, "center_lat": 1.3596778390918802 }, "geometry": { "type": "Polygon", "coordinates": [ [ [ 103.543047881412008, 1.364199440278629 ], [ 103.543047453042703, 1.355155815014586 ], [ 103.541444871625899, 1.355155891117645 ], [ 103.541215343205607, 1.364199527794348 ], [ 103.543047881412008, 1.364199440278629 ] ] ] } },
{ "type": "Feature", "properties": { "grid_id": "JB1000_R0008_C0001", "grid_m": 1000, "row_id": 8, "col_id": 1, "x_min": -2000.0, "y_min": -76000.0, "x_max": -1000.0, "y_max": -75000.0, "center_x": -1500.0, "center_y": -75500.0, "full_area_m2": 1000000, "inside_area_m2": 1000000.0, "coverage_frac": 1.0, "is_edge": 0, "center_lon": 103.5475404998385, "center_lat": 1.3596774079577489 }, "geometry": { "type": "Polygon", "coordinates": [ [ [ 103.543047453042703, 1.355155815014586 ], [ 103.543047881412008, 1.364199440278629 ], [ 103.552033564093563, 1.364198990826927 ], [ 103.552033102285691, 1.355155368543485 ], [ 103.543047453042703, 1.355155815014586 ] ] ] } },
{ "type": "Feature", "properties": { "grid_id": "JB1000_R0008_C0002", "grid_m": 1000, "row_id": 8, "col_id": 2, "x_min": -1000.0, "y_min": -76000.0, "x_max": 0.0, "y_max": -75000.0, "center_x": -500.0, "center_y": -75500.0, "full_area_m2": 1000000, "inside_area_m2": 1000000.0, "coverage_frac": 1.0, "is_edge": 0, "center_lon": 103.55652616577127, "center_lat": 1.3596769431690845 }, "geometry": { "type": "Polygon", "coordinates": [ [ [ 103.552033102285691, 1.355155368543485 ], [ 103.552033564093563, 1.364198990826927 ], [ 103.561019246771664, 1.364198507608734 ], [ 103.561018751525282, 1.355154888529819 ], [ 103.552033102285691, 1.355155368543485 ] ] ] } },
{ "type": "Feature", "properties": { "grid_id": "JB1000_R0008_C0003", "grid_m": 1000, "row_id": 8, "col_id": 3, "x_min": 0.0, "y_min": -76000.0, "x_max": 1000.0, "y_max": -75000.0, "center_x": 500.0, "center_y": -75500.0, "full_area_m2": 1000000, "inside_area_m2": 1000000.0, "coverage_frac": 1.0, "is_edge": 0, "center_lon": 103.56551183170046, "center_lat": 1.3596764447258989 }, "geometry": { "type": "Polygon", "coordinates": [ [ [ 103.561018751525282, 1.355154888529819 ], [ 103.561019246771664, 1.364198507608734 ], [ 103.570004929446043, 1.364197990624062 ], [ 103.570004400761192, 1.355154374973601 ], [ 103.561018751525282, 1.355154888529819 ] ] ] } },
{ "type": "Feature", "properties": { "grid_id": "JB1000_R0008_C0004", "grid_m": 1000, "row_id": 8, "col_id": 4, "x_min": 1000.0, "y_min": -76000.0, "x_max": 2000.0, "y_max": -75000.0, "center_x": 1500.0, "center_y": -75500.0, "full_area_m2": 1000000, "inside_area_m2": 1000000.0, "coverage_frac": 1.0, "is_edge": 0, "center_lon": 103.57449749762584, "center_lat": 1.3596759126282039 }, "geometry": { "type": "Polygon", "coordinates": [ [ [ 103.570004400761192, 1.355154374973601 ], [ 103.570004929446043, 1.364197990624062 ], [ 103.578990612116456, 1.364197439872923 ], [ 103.578990049993195, 1.355153827874843 ], [ 103.570004400761192, 1.355154374973601 ] ] ] } },
{ "type": "Feature", "properties": { "grid_id": "JB1000_R0008_C0005", "grid_m": 1000, "row_id": 8, "col_id": 5, "x_min": 2000.0, "y_min": -76000.0, "x_max": 3000.0, "y_max": -75000.0, "center_x": 2500.0, "center_y": -75500.0, "full_area_m2": 1000000, "inside_area_m2": 1000000.0, "coverage_frac": 1.0, "is_edge": 0, "center_lon": 103.58348316354717, "center_lat": 1.3596753468760128 }, "geometry": { "type": "Polygon", "coordinates": [ [ [ 103.578990049993195, 1.355153827874843 ], [ 103.578990612116456, 1.364197439872923 ], [ 103.587976294782663, 1.364196855355332 ], [ 103.587975699221062, 1.35515324723356 ], [ 103.578990049993195, 1.355153827874843 ] ] ] } },
{ "type": "Feature", "properties": { "grid_id": "JB1000_R0008_C0006", "grid_m": 1000, "row_id": 8, "col_id": 6, "x_min": 3000.0, "y_min": -76000.0, "x_max": 4000.0, "y_max": -75000.0, "center_x": 3500.0, "center_y": -75500.0, "full_area_m2": 1000000, "inside_area_m2": 1000000.0, "coverage_frac": 1.0, "is_edge": 0, "center_lon": 103.59246882946421, "center_lat": 1.3596747474693394 }, "geometry": { "type": "Polygon", "coordinates": [ [ [ 103.587975699221062, 1.35515324723356 ], [ 103.587976294782663, 1.364196855355332 ], [ 103.596961977444408, 1.364196237071302 ], [ 103.596961348444509, 1.355152633049765 ], [ 103.587975699221062, 1.35515324723356 ] ] ] } },
{ "type": "Feature", "properties": { "grid_id": "JB1000_R0008_C0007", "grid_m": 1000, "row_id": 8, "col_id": 7, "x_min": 4000.0, "y_min": -76000.0, "x_max": 5000.0, "y_max": -75000.0, "center_x": 4500.0, "center_y": -75500.0, "full_area_m2": 1000000, "inside_area_m2": 1000000.0, "coverage_frac": 1.0, "is_edge": 0, "center_lon": 103.60145449537666, "center_lat": 1.3596741144081987 }, "geometry": { "type": "Polygon", "coordinates": [ [ [ 103.596961348444509, 1.355152633049765 ], [ 103.596961977444408, 1.364196237071302 ], [ 103.60594766010145, 1.364195585020849 ], [ 103.60594699766331, 1.355151985323473 ], [ 103.596961348444509, 1.355152633049765 ] ] ] } },
{ "type": "Feature", "properties": { "grid_id": "JB1000_R0008_C0008", "grid_m": 1000, "row_id": 8, "col_id": 8, "x_min": 5000.0, "y_min": -76000.0, "x_max": 6000.0, "y_max": -75000.0, "center_x": 5500.0, "center_y": -75500.0, "full_area_m2": 1000000, "inside_area_m2": 1000000.0, "coverage_frac": 1.0, "is_edge": 0, "center_lon": 103.61044016128432, "center_lat": 1.359673447692606 }, "geometry": { "type": "Polygon", "coordinates": [ [ [ 103.60594699766331, 1.355151985323473 ], [ 103.60594766010145, 1.364195585020849 ], [ 103.614933342753531, 1.364194899203988 ], [ 103.614932646877222, 1.3551513040547 ], [ 103.60594699766331, 1.355151985323473 ] ] ] } },
{ "type": "Feature", "properties": { "grid_id": "JB1000_R0008_C0009", "grid_m": 1000, "row_id": 8, "col_id": 9, "x_min": 6000.0, "y_min": -76000.0, "x_max": 7000.0, "y_max": -75000.0, "center_x": 6500.0, "center_y": -75500.0, "full_area_m2": 1000000, "inside_area_m2": 1000000.0, "coverage_frac": 1.0, "is_edge": 0, "center_lon": 103.61942582718693, "center_lat": 1.359672747322578 }, "geometry": { "type": "Polygon", "coordinates": [ [ [ 103.614932646877222, 1.3551513040547 ], [ 103.614933342753531, 1.364194899203988 ], [ 103.623919025400383, 1.364194179620738 ], [ 103.623918296085975, 1.355150589243464 ], [ 103.614932646877222, 1.3551513040547 ] ] ] } },
{ "type": "Feature", "properties": { "grid_id": "JB1000_R0008_C0010", "grid_m": 1000, "row_id": 8, "col_id": 10, "x_min": 7000.0, "y_min": -76000.0, "x_max": 8000.0, "y_max": -75000.0, "center_x": 7500.0, "center_y": -75500.0, "full_area_m2": 1000000, "inside_area_m2": 1000000.0, "coverage_frac": 1.0, "is_edge": 0, "center_lon": 103.62841149308423, "center_lat": 1.3596720132981319 }, "geometry": { "type": "Polygon", "coordinates": [ [ [ 103.623918296085975, 1.355150589243464 ], [ 103.623919025400383, 1.364194179620738 ], [ 103.632904708041778, 1.364193426271114 ], [ 103.632903945289343, 1.355149840889781 ], [ 103.623918296085975, 1.355150589243464 ] ] ] } },
{ "type": "Feature", "properties": { "grid_id": "JB1000_R0008_C0011", "grid_m": 1000, "row_id": 8, "col_id": 11, "x_min": 8000.0, "y_min": -76000.0, "x_max": 9000.0, "y_max": -75000.0, "center_x": 8500.0, "center_y": -75500.0, "full_area_m2": 1000000, "inside_area_m2": 503394.99266709457, "coverage_frac": 0.50339499266709453, "is_edge": 1, "center_lon": 103.63739715897597, "center_lat": 1.3596712456192854 }, "geometry": { "type": "Polygon", "coordinates": [ [ [ 103.632903945289343, 1.355149840889781 ], [ 103.632904708041778, 1.364193426271114 ], [ 103.63989268916923, 1.36419281706616 ], [ 103.639169513804333, 1.362717294874485 ], [ 103.635919916115867, 1.357134112850716 ], [ 103.635148804903977, 1.355149648694014 ], [ 103.632903945289343, 1.355149840889781 ] ] ] } },
{ "type": "Feature", "properties": { "grid_id": "JB1000_R0009_C0000", "grid_m": 1000, "row_id": 9, "col_id": 0, "x_min": -3000.0, "y_min": -75000.0, "x_max": -2000.0, "y_max": -74000.0, "center_x": -2500.0, "center_y": -74500.0, "full_area_m2": 1000000, "inside_area_m2": 319933.40560170554, "coverage_frac": 0.31993340560170552, "is_edge": 1, "center_lon": 103.53855524692274, "center_lat": 1.3687214654215931 }, "geometry": { "type": "Polygon", "coordinates": [ [ [ 103.543048312633218, 1.373243064860218 ], [ 103.543047881412008, 1.364199440278629 ], [ 103.541215343205607, 1.364199527794348 ], [ 103.541199771581773, 1.364813066031479 ], [ 103.539128177800237, 1.372738416497811 ], [ 103.538996216964165, 1.373243257763892 ], [ 103.543048312633218, 1.373243064860218 ] ] ] } },
{ "type": "Feature", "properties": { "grid_id": "JB1000_R0009_C0001", "grid_m": 1000, "row_id": 9, "col_id": 1, "x_min": -2000.0, "y_min": -75000.0, "x_max": -1000.0, "y_max": -74000.0, "center_x": -1500.0, "center_y": -74500.0, "full_area_m2": 1000000, "inside_area_m2": 1000000.0, "coverage_frac": 1.0, "is_edge": 0, "center_lon": 103.5475409464087, "center_lat": 1.368721031418815 }, "geometry": { "type": "Polygon", "coordinates": [ [ [ 103.543047881412008, 1.364199440278629 ], [ 103.543048312633218, 1.373243064860218 ], [ 103.552034028975939, 1.373242612427894 ], [ 103.552033564093563, 1.364198990826927 ], [ 103.543047881412008, 1.364199440278629 ] ] ] } },
{ "type": "Feature", "properties": { "grid_id": "JB1000_R0009_C0002", "grid_m": 1000, "row_id": 9, "col_id": 2, "x_min": -1000.0, "y_min": -75000.0, "x_max": 0.0, "y_max": -74000.0, "center_x": -500.0, "center_y": -74500.0, "full_area_m2": 1000000, "inside_area_m2": 1000000.0, "coverage_frac": 1.0, "is_edge": 0, "center_lon": 103.55652664589131, "center_lat": 1.3687205635375761 }, "geometry": { "type": "Polygon", "coordinates": [ [ [ 103.552033564093563, 1.364198990826927 ], [ 103.552034028975939, 1.373242612427894 ], [ 103.561019745315178, 1.373242126005151 ], [ 103.561019246771664, 1.364198507608734 ], [ 103.552033564093563, 1.364198990826927 ] ] ] } },
{ "type": "Feature", "properties": { "grid_id": "JB1000_R0009_C0003", "grid_m": 1000, "row_id": 9, "col_id": 3, "x_min": 0.0, "y_min": -75000.0, "x_max": 1000.0, "y_max": -74000.0, "center_x": 500.0, "center_y": -74500.0, "full_area_m2": 1000000, "inside_area_m2": 1000000.0, "coverage_frac": 1.0, "is_edge": 0, "center_lon": 103.56551234537029, "center_lat": 1.3687200617778876 }, "geometry": { "type": "Polygon", "coordinates": [ [ [ 103.561019246771664, 1.364198507608734 ], [ 103.561019745315178, 1.373242126005151 ], [ 103.570005461650638, 1.373241605592 ], [ 103.570004929446043, 1.364197990624062 ], [ 103.561019246771664, 1.364198507608734 ] ] ] } },
{ "type": "Feature", "properties": { "grid_id": "JB1000_R0009_C0004", "grid_m": 1000, "row_id": 9, "col_id": 4, "x_min": 1000.0, "y_min": -75000.0, "x_max": 2000.0, "y_max": -74000.0, "center_x": 1500.0, "center_y": -74500.0, "full_area_m2": 1000000, "inside_area_m2": 1000000.0, "coverage_frac": 1.0, "is_edge": 0, "center_lon": 103.57449804484543, "center_lat": 1.3687195261397624 }, "geometry": { "type": "Polygon", "coordinates": [ [ [ 103.570004929446043, 1.364197990624062 ], [ 103.570005461650638, 1.373241605592 ], [ 103.57899117798209, 1.373241051188455 ], [ 103.578990612116456, 1.364197439872923 ], [ 103.570004929446043, 1.364197990624062 ] ] ] } },
{ "type": "Feature", "properties": { "grid_id": "JB1000_R0009_C0005", "grid_m": 1000, "row_id": 9, "col_id": 5, "x_min": 2000.0, "y_min": -75000.0, "x_max": 3000.0, "y_max": -74000.0, "center_x": 2500.0, "center_y": -74500.0, "full_area_m2": 1000000, "inside_area_m2": 1000000.0, "coverage_frac": 1.0, "is_edge": 0, "center_lon": 103.58348374431645, "center_lat": 1.3687189566232132 }, "geometry": { "type": "Polygon", "coordinates": [ [ [ 103.578990612116456, 1.364197439872923 ], [ 103.57899117798209, 1.373241051188455 ], [ 103.587976894309264, 1.373240462794528 ], [ 103.587976294782663, 1.364196855355332 ], [ 103.578990612116456, 1.364197439872923 ] ] ] } },
{ "type": "Feature", "properties": { "grid_id": "JB1000_R0009_C0006", "grid_m": 1000, "row_id": 9, "col_id": 6, "x_min": 3000.0, "y_min": -75000.0, "x_max": 4000.0, "y_max": -74000.0, "center_x": 3500.0, "center_y": -74500.0, "full_area_m2": 1000000, "inside_area_m2": 1000000.0, "coverage_frac": 1.0, "is_edge": 0, "center_lon": 103.5924694437831, "center_lat": 1.3687183532282545 }, "geometry": { "type": "Polygon", "coordinates": [ [ [ 103.587976294782663, 1.364196855355332 ], [ 103.587976894309264, 1.373240462794528 ], [ 103.59696261063192, 1.373239840410234 ], [ 103.596961977444408, 1.364196237071302 ], [ 103.587976294782663, 1.364196855355332 ] ] ] } },
{ "type": "Feature", "properties": { "grid_id": "JB1000_R0009_C0007", "grid_m": 1000, "row_id": 9, "col_id": 7, "x_min": 4000.0, "y_min": -75000.0, "x_max": 5000.0, "y_max": -74000.0, "center_x": 4500.0, "center_y": -74500.0, "full_area_m2": 1000000, "inside_area_m2": 1000000.0, "coverage_frac": 1.0, "is_edge": 0, "center_lon": 103.60145514324515, "center_lat": 1.3687177159549007 }, "geometry": { "type": "Polygon", "coordinates": [ [ [ 103.596961977444408, 1.364196237071302 ], [ 103.59696261063192, 1.373239840410234 ], [ 103.605948326949814, 1.373239184035588 ], [ 103.60594766010145, 1.364195585020849 ], [ 103.596961977444408, 1.364196237071302 ] ] ] } },
{ "type": "Feature", "properties": { "grid_id": "JB1000_R0009_C0008", "grid_m": 1000, "row_id": 9, "col_id": 8, "x_min": 5000.0, "y_min": -75000.0, "x_max": 6000.0, "y_max": -74000.0, "center_x": 5500.0, "center_y": -74500.0, "full_area_m2": 1000000, "inside_area_m2": 1000000.0, "coverage_frac": 1.0, "is_edge": 0, "center_lon": 103.6104408427023, "center_lat": 1.3687170448031676 }, "geometry": { "type": "Polygon", "coordinates": [ [ [ 103.60594766010145, 1.364195585020849 ], [ 103.605948326949814, 1.373239184035588 ], [ 103.614934043262664, 1.373238493670608 ], [ 103.614933342753531, 1.364194899203988 ], [ 103.60594766010145, 1.364195585020849 ] ] ] } },
{ "type": "Feature", "properties": { "grid_id": "JB1000_R0009_C0009", "grid_m": 1000, "row_id": 9, "col_id": 9, "x_min": 6000.0, "y_min": -75000.0, "x_max": 7000.0, "y_max": -74000.0, "center_x": 6500.0, "center_y": -74500.0, "full_area_m2": 1000000, "inside_area_m2": 1000000.0, "coverage_frac": 1.0, "is_edge": 0, "center_lon": 103.61942654215434, "center_lat": 1.3687163397730719 }, "geometry": { "type": "Polygon", "coordinates": [ [ [ 103.614933342753531, 1.364194899203988 ], [ 103.614934043262664, 1.373238493670608 ], [ 103.623919759570242, 1.373237769315309 ], [ 103.623919025400383, 1.364194179620738 ], [ 103.614933342753531, 1.364194899203988 ] ] ] } },
{ "type": "Feature", "properties": { "grid_id": "JB1000_R0009_C0010", "grid_m": 1000, "row_id": 9, "col_id": 10, "x_min": 7000.0, "y_min": -75000.0, "x_max": 8000.0, "y_max": -74000.0, "center_x": 7500.0, "center_y": -74500.0, "full_area_m2": 1000000, "inside_area_m2": 1000000.0, "coverage_frac": 1.0, "is_edge": 0, "center_lon": 103.62841224160101, "center_lat": 1.3687156008646308 }, "geometry": { "type": "Polygon", "coordinates": [ [ [ 103.623919025400383, 1.364194179620738 ], [ 103.623919759570242, 1.373237769315309 ], [ 103.632905475872278, 1.373237010969709 ], [ 103.632904708041778, 1.364193426271114 ], [ 103.623919025400383, 1.364194179620738 ] ] ] } },
{ "type": "Feature", "properties": { "grid_id": "JB1000_R0009_C0011", "grid_m": 1000, "row_id": 9, "col_id": 11, "x_min": 8000.0, "y_min": -75000.0, "x_max": 9000.0, "y_max": -74000.0, "center_x": 8500.0, "center_y": -74500.0, "full_area_m2": 1000000, "inside_area_m2": 949888.4464769857, "coverage_frac": 0.94988844647698567, "is_edge": 1, "center_lon": 103.63739794104207, "center_lat": 1.3687148280778627 }, "geometry": { "type": "Polygon", "coordinates": [ [ [ 103.632904708041778, 1.364193426271114 ], [ 103.632905475872278, 1.373237010969709 ], [ 103.641891192168515, 1.373236218633828 ], [ 103.641890751337129, 1.368269526483483 ], [ 103.63989268916923, 1.36419281706616 ], [ 103.632904708041778, 1.364193426271114 ] ] ] } },
{ "type": "Feature", "properties": { "grid_id": "JB1000_R0009_C0012", "grid_m": 1000, "row_id": 9, "col_id": 12, "x_min": 9000.0, "y_min": -75000.0, "x_max": 10000.0, "y_max": -74000.0, "center_x": 9500.0, "center_y": -74500.0, "full_area_m2": 1000000, "inside_area_m2": 74372.942665650509, "coverage_frac": 0.074372942665650504, "is_edge": 1, "center_lon": 103.64638364047723, "center_lat": 1.3687140214127866 }, "geometry": { "type": "Polygon", "coordinates": [ [ [ 103.641891192168515, 1.373236218633828 ], [ 103.644324913079231, 1.373235998185261 ], [ 103.641890751337129, 1.368269526483483 ], [ 103.641891192168515, 1.373236218633828 ] ] ] } },
{ "type": "Feature", "properties": { "grid_id": "JB1000_R0010_C0000", "grid_m": 1000, "row_id": 10, "col_id": 0, "x_min": -3000.0, "y_min": -74000.0, "x_max": -2000.0, "y_max": -73000.0, "center_x": -2500.0, "center_y": -73500.0, "full_area_m2": 1000000, "inside_area_m2": 582511.06534102652, "coverage_frac": 0.58251106534102648, "is_edge": 1, "center_lon": 103.53855566268365, "center_lat": 1.3777650910666031 }, "geometry": { "type": "Polygon", "coordinates": [ [ [ 103.543048746706361, 1.382286688754833 ], [ 103.543048312633218, 1.373243064860218 ], [ 103.538996216964165, 1.373243257763892 ], [ 103.536983448104678, 1.380943464810854 ], [ 103.536632258135072, 1.382286993014525 ], [ 103.543048746706361, 1.382286688754833 ] ] ] } },
{ "type": "Feature", "properties": { "grid_id": "JB1000_R0010_C0001", "grid_m": 1000, "row_id": 10, "col_id": 1, "x_min": -2000.0, "y_min": -74000.0, "x_max": -1000.0, "y_max": -73000.0, "center_x": -1500.0, "center_y": -73500.0, "full_area_m2": 1000000, "inside_area_m2": 1000000.0, "coverage_frac": 1.0, "is_edge": 0, "center_lon": 103.54754139594212, "center_lat": 1.3777646541951574 }, "geometry": { "type": "Polygon", "coordinates": [ [ [ 103.543048312633218, 1.373243064860218 ], [ 103.543048746706361, 1.382286688754833 ], [ 103.552034496932905, 1.382286233341867 ], [ 103.552034028975939, 1.373242612427894 ], [ 103.543048312633218, 1.373243064860218 ] ] ] } },
{ "type": "Feature", "properties": { "grid_id": "JB1000_R0010_C0002", "grid_m": 1000, "row_id": 10, "col_id": 2, "x_min": -1000.0, "y_min": -74000.0, "x_max": 0.0, "y_max": -73000.0, "center_x": -500.0, "center_y": -73500.0, "full_area_m2": 1000000, "inside_area_m2": 1000000.0, "coverage_frac": 1.0, "is_edge": 0, "center_lon": 103.55652712919719, "center_lat": 1.3777641832213217 }, "geometry": { "type": "Polygon", "coordinates": [ [ [ 103.552034028975939, 1.373242612427894 ], [ 103.552034496932905, 1.382286233341867 ], [ 103.561020247155881, 1.382285743714551 ], [ 103.561019745315178, 1.373242126005151 ], [ 103.552034028975939, 1.373242612427894 ] ] ] } },
{ "type": "Feature", "properties": { "grid_id": "JB1000_R0010_C0003", "grid_m": 1000, "row_id": 10, "col_id": 3, "x_min": 0.0, "y_min": -74000.0, "x_max": 1000.0, "y_max": -73000.0, "center_x": 500.0, "center_y": -73500.0, "full_area_m2": 1000000, "inside_area_m2": 1000000.0, "coverage_frac": 1.0, "is_edge": 0, "center_lon": 103.5655128624486, "center_lat": 1.3777636781451068 }, "geometry": { "type": "Polygon", "coordinates": [ [ [ 103.561019745315178, 1.373242126005151 ], [ 103.561020247155881, 1.382285743714551 ], [ 103.570005997375048, 1.382285219872897 ], [ 103.570005461650638, 1.373241605592 ], [ 103.561019745315178, 1.373242126005151 ] ] ] } },
{ "type": "Feature", "properties": { "grid_id": "JB1000_R0010_C0004", "grid_m": 1000, "row_id": 10, "col_id": 4, "x_min": 1000.0, "y_min": -74000.0, "x_max": 2000.0, "y_max": -73000.0, "center_x": 1500.0, "center_y": -73500.0, "full_area_m2": 1000000, "inside_area_m2": 1000000.0, "coverage_frac": 1.0, "is_edge": 0, "center_lon": 103.57449859569611, "center_lat": 1.3777631389665259 }, "geometry": { "type": "Polygon", "coordinates": [ [ [ 103.570005461650638, 1.373241605592 ], [ 103.570005997375048, 1.382285219872897 ], [ 103.578991747590138, 1.382284661816917 ], [ 103.57899117798209, 1.373241051188455 ], [ 103.570005461650638, 1.373241605592 ] ] ] } },
{ "type": "Feature", "properties": { "grid_id": "JB1000_R0010_C0005", "grid_m": 1000, "row_id": 10, "col_id": 5, "x_min": 2000.0, "y_min": -74000.0, "x_max": 3000.0, "y_max": -73000.0, "center_x": 2500.0, "center_y": -73500.0, "full_area_m2": 1000000, "inside_area_m2": 1000000.0, "coverage_frac": 1.0, "is_edge": 0, "center_lon": 103.58348432893943, "center_lat": 1.3777625656855919 }, "geometry": { "type": "Polygon", "coordinates": [ [ [ 103.57899117798209, 1.373241051188455 ], [ 103.578991747590138, 1.382284661816917 ], [ 103.587977497800921, 1.382284069546627 ], [ 103.587976894309264, 1.373240462794528 ], [ 103.57899117798209, 1.373241051188455 ] ] ] } },
{ "type": "Feature", "properties": { "grid_id": "JB1000_R0010_C0006", "grid_m": 1000, "row_id": 10, "col_id": 6, "x_min": 3000.0, "y_min": -74000.0, "x_max": 4000.0, "y_max": -73000.0, "center_x": 3500.0, "center_y": -73500.0, "full_area_m2": 1000000, "inside_area_m2": 1000000.0, "coverage_frac": 1.0, "is_edge": 0, "center_lon": 103.59247006217835, "center_lat": 1.3777619583023188 }, "geometry": { "type": "Polygon", "coordinates": [ [ [ 103.587976894309264, 1.373240462794528 ], [ 103.587977497800921, 1.382284069546627 ], [ 103.596963248007114, 1.382283443062039 ], [ 103.59696261063192, 1.373239840410234 ], [ 103.587976894309264, 1.373240462794528 ] ] ] } },
{ "type": "Feature", "properties": { "grid_id": "JB1000_R0010_C0007", "grid_m": 1000, "row_id": 10, "col_id": 7, "x_min": 4000.0, "y_min": -74000.0, "x_max": 5000.0, "y_max": -73000.0, "center_x": 4500.0, "center_y": -73500.0, "full_area_m2": 1000000, "inside_area_m2": 1000000.0, "coverage_frac": 1.0, "is_edge": 0, "center_lon": 103.60145579541256, "center_lat": 1.377761316816722 }, "geometry": { "type": "Polygon", "coordinates": [ [ [ 103.59696261063192, 1.373239840410234 ], [ 103.596963248007114, 1.382283443062039 ], [ 103.605948998208476, 1.382282782363171 ], [ 103.605948326949814, 1.373239184035588 ], [ 103.59696261063192, 1.373239840410234 ] ] ] } },
{ "type": "Feature", "properties": { "grid_id": "JB1000_R0010_C0008", "grid_m": 1000, "row_id": 10, "col_id": 8, "x_min": 5000.0, "y_min": -74000.0, "x_max": 6000.0, "y_max": -73000.0, "center_x": 5500.0, "center_y": -73500.0, "full_area_m2": 1000000, "inside_area_m2": 1000000.0, "coverage_frac": 1.0, "is_edge": 0, "center_lon": 103.61044152864186, "center_lat": 1.3777606412288166 }, "geometry": { "type": "Polygon", "coordinates": [ [ [ 103.605948326949814, 1.373239184035588 ], [ 103.605948998208476, 1.382282782363171 ], [ 103.614934748404735, 1.382282087450037 ], [ 103.614934043262664, 1.373238493670608 ], [ 103.605948326949814, 1.373239184035588 ] ] ] } },
{ "type": "Feature", "properties": { "grid_id": "JB1000_R0010_C0009", "grid_m": 1000, "row_id": 10, "col_id": 9, "x_min": 6000.0, "y_min": -74000.0, "x_max": 7000.0, "y_max": -73000.0, "center_x": 6500.0, "center_y": -73500.0, "full_area_m2": 1000000, "inside_area_m2": 1000000.0, "coverage_frac": 1.0, "is_edge": 0, "center_lon": 103.61942726186597, "center_lat": 1.3777599315386198 }, "geometry": { "type": "Polygon", "coordinates": [ [ [ 103.614934043262664, 1.373238493670608 ], [ 103.614934748404735, 1.382282087450037 ], [ 103.623920498595638, 1.382281358322655 ], [ 103.623919759570242, 1.373237769315309 ], [ 103.614934043262664, 1.373238493670608 ] ] ] } },
{ "type": "Feature", "properties": { "grid_id": "JB1000_R0010_C0010", "grid_m": 1000, "row_id": 10, "col_id": 10, "x_min": 7000.0, "y_min": -74000.0, "x_max": 8000.0, "y_max": -73000.0, "center_x": 7500.0, "center_y": -73500.0, "full_area_m2": 1000000, "inside_area_m2": 1000000.0, "coverage_frac": 1.0, "is_edge": 0, "center_lon": 103.62841299508462, "center_lat": 1.3777591877461492 }, "geometry": { "type": "Polygon", "coordinates": [ [ [ 103.623919759570242, 1.373237769315309 ], [ 103.623920498595638, 1.382281358322655 ], [ 103.632906248780927, 1.382280594981043 ], [ 103.632905475872278, 1.373237010969709 ], [ 103.623919759570242, 1.373237769315309 ] ] ] } },
{ "type": "Feature", "properties": { "grid_id": "JB1000_R0010_C0011", "grid_m": 1000, "row_id": 10, "col_id": 11, "x_min": 8000.0, "y_min": -74000.0, "x_max": 9000.0, "y_max": -73000.0, "center_x": 8500.0, "center_y": -73500.0, "full_area_m2": 1000000, "inside_area_m2": 1000000.0, "coverage_frac": 1.0, "is_edge": 0, "center_lon": 103.63739872829758, "center_lat": 1.3777584098514226 }, "geometry": { "type": "Polygon", "coordinates": [ [ [ 103.632905475872278, 1.373237010969709 ], [ 103.632906248780927, 1.382280594981043 ], [ 103.641891998960375, 1.382279797425221 ], [ 103.641891192168515, 1.373236218633828 ], [ 103.632905475872278, 1.373237010969709 ] ] ] } },
{ "type": "Feature", "properties": { "grid_id": "JB1000_R0010_C0012", "grid_m": 1000, "row_id": 10, "col_id": 12, "x_min": 9000.0, "y_min": -74000.0, "x_max": 10000.0, "y_max": -73000.0, "center_x": 9500.0, "center_y": -73500.0, "full_area_m2": 1000000, "inside_area_m2": 519000.20157548354, "coverage_frac": 0.51900020157548354, "is_edge": 1, "center_lon": 103.64638446150457, "center_lat": 1.3777575978544592 }, "geometry": { "type": "Polygon", "coordinates": [ [ [ 103.641891192168515, 1.373236218633828 ], [ 103.641891998960375, 1.382279797425221 ], [ 103.648854222637738, 1.382279155948711 ], [ 103.647474157940408, 1.379660985262433 ], [ 103.644493621668431, 1.373580216849405 ], [ 103.644324913079231, 1.373235998185261 ], [ 103.641891192168515, 1.373236218633828 ] ] ] } },
{ "type": "Feature", "properties": { "grid_id": "JB1000_R0011_C0000", "grid_m": 1000, "row_id": 11, "col_id": 0, "x_min": -3000.0, "y_min": -73000.0, "x_max": -2000.0, "y_max": -72000.0, "center_x": -2500.0, "center_y": -72500.0, "full_area_m2": 1000000, "inside_area_m2": 798775.72805451613, "coverage_frac": 0.79877572805451613, "is_edge": 1, "center_lon": 103.53855608118522, "center_lat": 1.3868087160223885 }, "geometry": { "type": "Polygon", "coordinates": [ [ [ 103.543049183631524, 1.391330311957954 ], [ 103.543048746706361, 1.382286688754833 ], [ 103.536632258135072, 1.382286993014525 ], [ 103.535231814256605, 1.38764458120213 ], [ 103.536334487418998, 1.391330632013901 ], [ 103.543049183631524, 1.391330311957954 ] ] ] } },
{ "type": "Feature", "properties": { "grid_id": "JB1000_R0011_C0001", "grid_m": 1000, "row_id": 11, "col_id": 1, "x_min": -2000.0, "y_min": -73000.0, "x_max": -1000.0, "y_max": -72000.0, "center_x": -1500.0, "center_y": -72500.0, "full_area_m2": 1000000, "inside_area_m2": 1000000.0, "coverage_frac": 1.0, "is_edge": 0, "center_lon": 103.54754184843883, "center_lat": 1.3868082762822551 }, "geometry": { "type": "Polygon", "coordinates": [ [ [ 103.543048746706361, 1.382286688754833 ], [ 103.543049183631524, 1.391330311957954 ], [ 103.552034967964474, 1.391329853564323 ], [ 103.552034496932905, 1.382286233341867 ], [ 103.543048746706361, 1.382286688754833 ] ] ] } },
{ "type": "Feature", "properties": { "grid_id": "JB1000_R0011_C0002", "grid_m": 1000, "row_id": 11, "col_id": 2, "x_min": -1000.0, "y_min": -73000.0, "x_max": 0.0, "y_max": -72000.0, "center_x": -500.0, "center_y": -72500.0, "full_area_m2": 1000000, "inside_area_m2": 1000000.0, "coverage_frac": 1.0, "is_edge": 0, "center_lon": 103.55652761568899, "center_lat": 1.3868078022157999 }, "geometry": { "type": "Polygon", "coordinates": [ [ [ 103.552034496932905, 1.382286233341867 ], [ 103.552034967964474, 1.391329853564323 ], [ 103.561020752293828, 1.391329360732411 ], [ 103.561020247155881, 1.382285743714551 ], [ 103.552034496932905, 1.382286233341867 ] ] ] } },
{ "type": "Feature", "properties": { "grid_id": "JB1000_R0011_C0003", "grid_m": 1000, "row_id": 11, "col_id": 3, "x_min": 0.0, "y_min": -73000.0, "x_max": 1000.0, "y_max": -72000.0, "center_x": 500.0, "center_y": -72500.0, "full_area_m2": 1000000, "inside_area_m2": 1000000.0, "coverage_frac": 1.0, "is_edge": 0, "center_lon": 103.56551338293544, "center_lat": 1.3868072938230349 }, "geometry": { "type": "Polygon", "coordinates": [ [ [ 103.561020247155881, 1.382285743714551 ], [ 103.561020752293828, 1.391329360732411 ], [ 103.570006536619331, 1.391328833462228 ], [ 103.570005997375048, 1.382285219872897 ], [ 103.561020247155881, 1.382285743714551 ] ] ] } },
{ "type": "Feature", "properties": { "grid_id": "JB1000_R0011_C0004", "grid_m": 1000, "row_id": 11, "col_id": 4, "x_min": 1000.0, "y_min": -73000.0, "x_max": 2000.0, "y_max": -72000.0, "center_x": 1500.0, "center_y": -72500.0, "full_area_m2": 1000000, "inside_area_m2": 1000000.0, "coverage_frac": 1.0, "is_edge": 0, "center_lon": 103.57449915017793, "center_lat": 1.3868067511039728 }, "geometry": { "type": "Polygon", "coordinates": [ [ [ 103.570005997375048, 1.382285219872897 ], [ 103.570006536619331, 1.391328833462228 ], [ 103.578992320940714, 1.391328271753789 ], [ 103.578991747590138, 1.382284661816917 ], [ 103.570005997375048, 1.382285219872897 ] ] ] } },
{ "type": "Feature", "properties": { "grid_id": "JB1000_R0011_C0005", "grid_m": 1000, "row_id": 11, "col_id": 5, "x_min": 2000.0, "y_min": -73000.0, "x_max": 3000.0, "y_max": -72000.0, "center_x": 2500.0, "center_y": -72500.0, "full_area_m2": 1000000, "inside_area_m2": 1000000.0, "coverage_frac": 1.0, "is_edge": 0, "center_lon": 103.5834849174162, "center_lat": 1.3868061740586266 }, "geometry": { "type": "Polygon", "coordinates": [ [ [ 103.578991747590138, 1.382284661816917 ], [ 103.578992320940714, 1.391328271753789 ], [ 103.587978105257704, 1.391327675607107 ], [ 103.587977497800921, 1.382284069546627 ], [ 103.578991747590138, 1.382284661816917 ] ] ] } },
{ "type": "Feature", "properties": { "grid_id": "JB1000_R0011_C0006", "grid_m": 1000, "row_id": 11, "col_id": 6, "x_min": 3000.0, "y_min": -73000.0, "x_max": 4000.0, "y_max": -72000.0, "center_x": 3500.0, "center_y": -72500.0, "full_area_m2": 1000000, "inside_area_m2": 1000000.0, "coverage_frac": 1.0, "is_edge": 0, "center_lon": 103.59247068464998, "center_lat": 1.3868055626870108 }, "geometry": { "type": "Polygon", "coordinates": [ [ [ 103.587977497800921, 1.382284069546627 ], [ 103.587978105257704, 1.391327675607107 ], [ 103.596963889570063, 1.391327045022197 ], [ 103.596963248007114, 1.382283443062039 ], [ 103.587977497800921, 1.382284069546627 ] ] ] } },
{ "type": "Feature", "properties": { "grid_id": "JB1000_R0011_C0007", "grid_m": 1000, "row_id": 11, "col_id": 7, "x_min": 4000.0, "y_min": -73000.0, "x_max": 5000.0, "y_max": -72000.0, "center_x": 4500.0, "center_y": -72500.0, "full_area_m2": 1000000, "inside_area_m2": 1000000.0, "coverage_frac": 1.0, "is_edge": 0, "center_lon": 103.60145645187903, "center_lat": 1.3868049169891403 }, "geometry": { "type": "Polygon", "coordinates": [ [ [ 103.596963248007114, 1.382283443062039 ], [ 103.596963889570063, 1.391327045022197 ], [ 103.605949673877504, 1.391326379999073 ], [ 103.605948998208476, 1.382282782363171 ], [ 103.596963248007114, 1.382283443062039 ] ] ] } },
{ "type": "Feature", "properties": { "grid_id": "JB1000_R0011_C0008", "grid_m": 1000, "row_id": 11, "col_id": 8, "x_min": 5000.0, "y_min": -73000.0, "x_max": 6000.0, "y_max": -72000.0, "center_x": 5500.0, "center_y": -72500.0, "full_area_m2": 1000000, "inside_area_m2": 1000000.0, "coverage_frac": 1.0, "is_edge": 0, "center_lon": 103.61044221910306, "center_lat": 1.3868042369650309 }, "geometry": { "type": "Polygon", "coordinates": [ [ [ 103.605948998208476, 1.382282782363171 ], [ 103.605949673877504, 1.391326379999073 ], [ 103.614935458179801, 1.391325680537754 ], [ 103.614934748404735, 1.382282087450037 ], [ 103.605948998208476, 1.382282782363171 ] ] ] } },
{ "type": "Feature", "properties": { "grid_id": "JB1000_R0011_C0009", "grid_m": 1000, "row_id": 11, "col_id": 9, "x_min": 6000.0, "y_min": -73000.0, "x_max": 7000.0, "y_max": -72000.0, "center_x": 6500.0, "center_y": -72500.0, "full_area_m2": 1000000, "inside_area_m2": 1000000.0, "coverage_frac": 1.0, "is_edge": 0, "center_lon": 103.61942798632185, "center_lat": 1.3868035226146995 }, "geometry": { "type": "Polygon", "coordinates": [ [ [ 103.614934748404735, 1.382282087450037 ], [ 103.614935458179801, 1.391325680537754 ], [ 103.623921242476669, 1.391324946638255 ], [ 103.623920498595638, 1.382281358322655 ], [ 103.614934748404735, 1.382282087450037 ] ] ] } },
{ "type": "Feature", "properties": { "grid_id": "JB1000_R0011_C0010", "grid_m": 1000, "row_id": 11, "col_id": 10, "x_min": 7000.0, "y_min": -73000.0, "x_max": 8000.0, "y_max": -72000.0, "center_x": 7500.0, "center_y": -72500.0, "full_area_m2": 1000000, "inside_area_m2": 1000000.0, "coverage_frac": 1.0, "is_edge": 0, "center_lon": 103.62841375353513, "center_lat": 1.3868027739381634 }, "geometry": { "type": "Polygon", "coordinates": [ [ [ 103.623920498595638, 1.382281358322655 ], [ 103.623921242476669, 1.391324946638255 ], [ 103.632907026767853, 1.391324178300595 ], [ 103.632906248780927, 1.382280594981043 ], [ 103.623920498595638, 1.382281358322655 ] ] ] } },
{ "type": "Feature", "properties": { "grid_id": "JB1000_R0011_C0011", "grid_m": 1000, "row_id": 11, "col_id": 11, "x_min": 8000.0, "y_min": -73000.0, "x_max": 9000.0, "y_max": -72000.0, "center_x": 8500.0, "center_y": -72500.0, "full_area_m2": 1000000, "inside_area_m2": 1000000.0, "coverage_frac": 1.0, "is_edge": 0, "center_lon": 103.6373995207426, "center_lat": 1.3868019909354417 }, "geometry": { "type": "Polygon", "coordinates": [ [ [ 103.632906248780927, 1.382280594981043 ], [ 103.632907026767853, 1.391324178300595 ], [ 103.641892811053083, 1.391323375524793 ], [ 103.641891998960375, 1.382279797425221 ], [ 103.632906248780927, 1.382280594981043 ] ] ] } },
{ "type": "Feature", "properties": { "grid_id": "JB1000_R0011_C0012", "grid_m": 1000, "row_id": 11, "col_id": 12, "x_min": 9000.0, "y_min": -73000.0, "x_max": 10000.0, "y_max": -72000.0, "center_x": 9500.0, "center_y": -72500.0, "full_area_m2": 1000000, "inside_area_m2": 952193.29886456917, "coverage_frac": 0.95219329886456916, "is_edge": 1, "center_lon": 103.64638528794407, "center_lat": 1.3868011736065529 }, "geometry": { "type": "Polygon", "coordinates": [ [ [ 103.641891998960375, 1.382279797425221 ], [ 103.641892811053083, 1.391323375524793 ], [ 103.650878595332131, 1.391322538310868 ], [ 103.650878107741747, 1.386118727230527 ], [ 103.648854222637738, 1.382279155948711 ], [ 103.641891998960375, 1.382279797425221 ] ] ] } },
{ "type": "Feature", "properties": { "grid_id": "JB1000_R0011_C0013", "grid_m": 1000, "row_id": 11, "col_id": 13, "x_min": 10000.0, "y_min": -73000.0, "x_max": 11000.0, "y_max": -72000.0, "center_x": 10500.0, "center_y": -72500.0, "full_area_m2": 1000000, "inside_area_m2": 38066.438626230294, "coverage_frac": 0.038066438626230291, "is_edge": 1, "center_lon": 103.65537105513924, "center_lat": 1.3868003219515177 }, "geometry": { "type": "Polygon", "coordinates": [ [ [ 103.650878595332131, 1.391322538310868 ], [ 103.651899911091292, 1.39132244097438 ], [ 103.651779246142453, 1.391021674092858 ], [ 103.65177921920629, 1.391021621620064 ], [ 103.651251617967432, 1.38682732246452 ], [ 103.650878107741747, 1.386118727230527 ], [ 103.650878595332131, 1.391322538310868 ] ] ] } },
{ "type": "Feature", "properties": { "grid_id": "JB1000_R0012_C0000", "grid_m": 1000, "row_id": 12, "col_id": 0, "x_min": -3000.0, "y_min": -72000.0, "x_max": -2000.0, "y_max": -71000.0, "center_x": -2500.0, "center_y": -71500.0, "full_area_m2": 1000000, "inside_area_m2": 598550.43155215296, "coverage_frac": 0.59855043155215293, "is_edge": 1, "center_lon": 103.53855650242751, "center_lat": 1.3958523402844296 }, "geometry": { "type": "Polygon", "coordinates": [ [ [ 103.543049623408734, 1.400373934465059 ], [ 103.543049183631524, 1.391330311957954 ], [ 103.536334487418998, 1.391330632013901 ], [ 103.538724375567043, 1.399319578338585 ], [ 103.538761725221505, 1.40037414240944 ], [ 103.543049623408734, 1.400373934465059 ] ] ] } },
{ "type": "Feature", "properties": { "grid_id": "JB1000_R0012_C0001", "grid_m": 1000, "row_id": 12, "col_id": 1, "x_min": -2000.0, "y_min": -72000.0, "x_max": -1000.0, "y_max": -71000.0, "center_x": -1500.0, "center_y": -71500.0, "full_area_m2": 1000000, "inside_area_m2": 1000000.0, "coverage_frac": 1.0, "is_edge": 0, "center_lon": 103.54754230389888, "center_lat": 1.3958518976755874 }, "geometry": { "type": "Polygon", "coordinates": [ [ [ 103.543049183631524, 1.391330311957954 ], [ 103.543049623408734, 1.400373934465059 ], [ 103.552035442070746, 1.400373473090742 ], [ 103.552034967964474, 1.391329853564323 ], [ 103.543049183631524, 1.391330311957954 ] ] ] } },
{ "type": "Feature", "properties": { "grid_id": "JB1000_R0012_C0002", "grid_m": 1000, "row_id": 12, "col_id": 2, "x_min": -1000.0, "y_min": -72000.0, "x_max": 0.0, "y_max": -71000.0, "center_x": -500.0, "center_y": -71500.0, "full_area_m2": 1000000, "inside_area_m2": 1000000.0, "coverage_frac": 1.0, "is_edge": 0, "center_lon": 103.55652810536675, "center_lat": 1.3958514205164905 }, "geometry": { "type": "Polygon", "coordinates": [ [ [ 103.552034967964474, 1.391329853564323 ], [ 103.552035442070746, 1.400373473090742 ], [ 103.561021260729106, 1.40037297705421 ], [ 103.561020752293828, 1.391329360732411 ], [ 103.552034967964474, 1.391329853564323 ] ] ] } },
{ "type": "Feature", "properties": { "grid_id": "JB1000_R0012_C0003", "grid_m": 1000, "row_id": 12, "col_id": 3, "x_min": 0.0, "y_min": -72000.0, "x_max": 1000.0, "y_max": -71000.0, "center_x": 500.0, "center_y": -71500.0, "full_area_m2": 1000000, "inside_area_m2": 1000000.0, "coverage_frac": 1.0, "is_edge": 0, "center_lon": 103.56551390683089, "center_lat": 1.3958509088071513 }, "geometry": { "type": "Polygon", "coordinates": [ [ [ 103.561020752293828, 1.391329360732411 ], [ 103.561021260729106, 1.40037297705421 ], [ 103.570007079383572, 1.400372446355475 ], [ 103.570006536619331, 1.391328833462228 ], [ 103.561020752293828, 1.391329360732411 ] ] ] } },
{ "type": "Feature", "properties": { "grid_id": "JB1000_R0012_C0004", "grid_m": 1000, "row_id": 12, "col_id": 4, "x_min": 1000.0, "y_min": -72000.0, "x_max": 2000.0, "y_max": -71000.0, "center_x": 1500.0, "center_y": -71500.0, "full_area_m2": 1000000, "inside_area_m2": 1000000.0, "coverage_frac": 1.0, "is_edge": 0, "center_lon": 103.57449970829099, "center_lat": 1.3958503625475822 }, "geometry": { "type": "Polygon", "coordinates": [ [ [ 103.570006536619331, 1.391328833462228 ], [ 103.570007079383572, 1.400372446355475 ], [ 103.57899289803386, 1.400371880994549 ], [ 103.578992320940714, 1.391328271753789 ], [ 103.570006536619331, 1.391328833462228 ] ] ] } },
{ "type": "Feature", "properties": { "grid_id": "JB1000_R0012_C0005", "grid_m": 1000, "row_id": 12, "col_id": 5, "x_min": 2000.0, "y_min": -72000.0, "x_max": 3000.0, "y_max": -71000.0, "center_x": 2500.0, "center_y": -71500.0, "full_area_m2": 1000000, "inside_area_m2": 1000000.0, "coverage_frac": 1.0, "is_edge": 0, "center_lon": 103.58348550974682, "center_lat": 1.3958497817377968 }, "geometry": { "type": "Polygon", "coordinates": [ [ [ 103.578992320940714, 1.391328271753789 ], [ 103.57899289803386, 1.400371880994549 ], [ 103.5879787166797, 1.400371280971447 ], [ 103.587978105257704, 1.391327675607107 ], [ 103.578992320940714, 1.391328271753789 ] ] ] } },
{ "type": "Feature", "properties": { "grid_id": "JB1000_R0012_C0006", "grid_m": 1000, "row_id": 12, "col_id": 6, "x_min": 3000.0, "y_min": -72000.0, "x_max": 4000.0, "y_max": -71000.0, "center_x": 3500.0, "center_y": -71500.0, "full_area_m2": 1000000, "inside_area_m2": 1000000.0, "coverage_frac": 1.0, "is_edge": 0, "center_lon": 103.59247131119811, "center_lat": 1.395849166377809 }, "geometry": { "type": "Polygon", "coordinates": [ [ [ 103.587978105257704, 1.391327675607107 ], [ 103.5879787166797, 1.400371280971447 ], [ 103.596964535320851, 1.400370646286184 ], [ 103.596963889570063, 1.391327045022197 ], [ 103.587978105257704, 1.391327675607107 ] ] ] } },
{ "type": "Feature", "properties": { "grid_id": "JB1000_R0012_C0007", "grid_m": 1000, "row_id": 12, "col_id": 7, "x_min": 4000.0, "y_min": -72000.0, "x_max": 5000.0, "y_max": -71000.0, "center_x": 4500.0, "center_y": -71500.0, "full_area_m2": 1000000, "inside_area_m2": 1000000.0, "coverage_frac": 1.0, "is_edge": 0, "center_lon": 103.6014571126446, "center_lat": 1.3958485164676342 }, "geometry": { "type": "Polygon", "coordinates": [ [ [ 103.596963889570063, 1.391327045022197 ], [ 103.596964535320851, 1.400370646286184 ], [ 103.605950353957027, 1.400369976938774 ], [ 103.605949673877504, 1.391326379999073 ], [ 103.596963889570063, 1.391327045022197 ] ] ] } },
{ "type": "Feature", "properties": { "grid_id": "JB1000_R0012_C0008", "grid_m": 1000, "row_id": 12, "col_id": 8, "x_min": 5000.0, "y_min": -72000.0, "x_max": 6000.0, "y_max": -71000.0, "center_x": 5500.0, "center_y": -71500.0, "full_area_m2": 1000000, "inside_area_m2": 1000000.0, "coverage_frac": 1.0, "is_edge": 0, "center_lon": 103.61044291408602, "center_lat": 1.3958478320072885 }, "geometry": { "type": "Polygon", "coordinates": [ [ [ 103.605949673877504, 1.391326379999073 ], [ 103.605950353957027, 1.400369976938774 ], [ 103.614936172587974, 1.400369272929236 ], [ 103.614935458179801, 1.391325680537754 ], [ 103.605949673877504, 1.391326379999073 ] ] ] } },
{ "type": "Feature", "properties": { "grid_id": "JB1000_R0012_C0009", "grid_m": 1000, "row_id": 12, "col_id": 9, "x_min": 6000.0, "y_min": -72000.0, "x_max": 7000.0, "y_max": -71000.0, "center_x": 6500.0, "center_y": -71500.0, "full_area_m2": 1000000, "inside_area_m2": 1000000.0, "coverage_frac": 1.0, "is_edge": 0, "center_lon": 103.61942871552212, "center_lat": 1.3958471129967884 }, "geometry": { "type": "Polygon", "coordinates": [ [ [ 103.614935458179801, 1.391325680537754 ], [ 103.614936172587974, 1.400369272929236 ], [ 103.623921991213436, 1.400368534257585 ], [ 103.623921242476669, 1.391324946638255 ], [ 103.614935458179801, 1.391325680537754 ] ] ] } },
{ "type": "Feature", "properties": { "grid_id": "JB1000_R0012_C0010", "grid_m": 1000, "row_id": 12, "col_id": 10, "x_min": 7000.0, "y_min": -72000.0, "x_max": 8000.0, "y_max": -71000.0, "center_x": 7500.0, "center_y": -71500.0, "full_area_m2": 1000000, "inside_area_m2": 1000000.0, "coverage_frac": 1.0, "is_edge": 0, "center_lon": 103.62841451695262, "center_lat": 1.3958463594361521 }, "geometry": { "type": "Polygon", "coordinates": [ [ [ 103.623921242476669, 1.391324946638255 ], [ 103.623921991213436, 1.400368534257585 ], [ 103.632907809833128, 1.40036776092384 ], [ 103.632907026767853, 1.391324178300595 ], [ 103.623921242476669, 1.391324946638255 ] ] ] } },
{ "type": "Feature", "properties": { "grid_id": "JB1000_R0012_C0011", "grid_m": 1000, "row_id": 12, "col_id": 11, "x_min": 8000.0, "y_min": -72000.0, "x_max": 9000.0, "y_max": -71000.0, "center_x": 8500.0, "center_y": -71500.0, "full_area_m2": 1000000, "inside_area_m2": 1000000.0, "coverage_frac": 1.0, "is_edge": 0, "center_lon": 103.63740031837726, "center_lat": 1.3958455713253979 }, "geometry": { "type": "Polygon", "coordinates": [ [ [ 103.632907026767853, 1.391324178300595 ], [ 103.632907809833128, 1.40036776092384 ], [ 103.641893628446795, 1.400366952928021 ], [ 103.641892811053083, 1.391323375524793 ], [ 103.632907026767853, 1.391324178300595 ] ] ] } },
{ "type": "Feature", "properties": { "grid_id": "JB1000_R0012_C0012", "grid_m": 1000, "row_id": 12, "col_id": 12, "x_min": 9000.0, "y_min": -72000.0, "x_max": 10000.0, "y_max": -71000.0, "center_x": 9500.0, "center_y": -71500.0, "full_area_m2": 1000000, "inside_area_m2": 1000000.0, "coverage_frac": 1.0, "is_edge": 0, "center_lon": 103.64638611979581, "center_lat": 1.3958447486645449 }, "geometry": { "type": "Polygon", "coordinates": [ [ [ 103.641892811053083, 1.391323375524793 ], [ 103.641893628446795, 1.400366952928021 ], [ 103.650879447054194, 1.400366110270147 ], [ 103.650878595332131, 1.391322538310868 ], [ 103.641892811053083, 1.391323375524793 ] ] ] } },
{ "type": "Feature", "properties": { "grid_id": "JB1000_R0012_C0013", "grid_m": 1000, "row_id": 12, "col_id": 13, "x_min": 10000.0, "y_min": -72000.0, "x_max": 11000.0, "y_max": -71000.0, "center_x": 10500.0, "center_y": -71500.0, "full_area_m2": 1000000, "inside_area_m2": 315559.61250537878, "coverage_frac": 0.31555961250537878, "is_edge": 1, "center_lon": 103.65537192120796, "center_lat": 1.395843891453614 }, "geometry": { "type": "Polygon", "coordinates": [ [ [ 103.650878595332131, 1.391322538310868 ], [ 103.650879447054194, 1.400366110270147 ], [ 103.655583497820516, 1.400365655318826 ], [ 103.655445512248392, 1.400160084614005 ], [ 103.651899911091292, 1.39132244097438 ], [ 103.650878595332131, 1.391322538310868 ] ] ] } },
{ "type": "Feature", "properties": { "grid_id": "JB1000_R0013_C0000", "grid_m": 1000, "row_id": 13, "col_id": 0, "x_min": -3000.0, "y_min": -71000.0, "x_max": -2000.0, "y_max": -70000.0, "center_x": -2500.0, "center_y": -70500.0, "full_area_m2": 1000000, "inside_area_m2": 432908.10690318566, "coverage_frac": 0.43290810690318565, "is_edge": 1, "center_lon": 103.53855692641055, "center_lat": 1.4048959638482057 }, "geometry": { "type": "Polygon", "coordinates": [ [ [ 103.543050066038049, 1.40941755627163 ], [ 103.543049623408734, 1.400373934465059 ], [ 103.538761725221505, 1.40037414240944 ], [ 103.538883718549414, 1.403818598844566 ], [ 103.539231712852285, 1.406558858238493 ], [ 103.540095850909367, 1.409417701314359 ], [ 103.543050066038049, 1.40941755627163 ] ] ] } },
{ "type": "Feature", "properties": { "grid_id": "JB1000_R0013_C0001", "grid_m": 1000, "row_id": 13, "col_id": 1, "x_min": -2000.0, "y_min": -71000.0, "x_max": -1000.0, "y_max": -70000.0, "center_x": -1500.0, "center_y": -70500.0, "full_area_m2": 1000000, "inside_area_m2": 1000000.0, "coverage_frac": 1.0, "is_edge": 0, "center_lon": 103.54754276232232, "center_lat": 1.4048955183706333 }, "geometry": { "type": "Polygon", "coordinates": [ [ [ 103.543049623408734, 1.400373934465059 ], [ 103.543050066038049, 1.40941755627163 ], [ 103.55203591925175, 1.409417091916605 ], [ 103.552035442070746, 1.400373473090742 ], [ 103.543049623408734, 1.400373934465059 ] ] ] } },
{ "type": "Feature", "properties": { "grid_id": "JB1000_R0013_C0002", "grid_m": 1000, "row_id": 13, "col_id": 2, "x_min": -1000.0, "y_min": -71000.0, "x_max": 0.0, "y_max": -70000.0, "center_x": -500.0, "center_y": -70500.0, "full_area_m2": 1000000, "inside_area_m2": 1000000.0, "coverage_frac": 1.0, "is_edge": 0, "center_lon": 103.55652859823056, "center_lat": 1.4048950381188725 }, "geometry": { "type": "Polygon", "coordinates": [ [ [ 103.552035442070746, 1.400373473090742 ], [ 103.55203591925175, 1.409417091916605 ], [ 103.561021772461771, 1.40941659267543 ], [ 103.561021260729106, 1.40037297705421 ], [ 103.552035442070746, 1.400373473090742 ] ] ] } },
{ "type": "Feature", "properties": { "grid_id": "JB1000_R0013_C0003", "grid_m": 1000, "row_id": 13, "col_id": 3, "x_min": 0.0, "y_min": -71000.0, "x_max": 1000.0, "y_max": -70000.0, "center_x": 500.0, "center_y": -70500.0, "full_area_m2": 1000000, "inside_area_m2": 1000000.0, "coverage_frac": 1.0, "is_edge": 0, "center_lon": 103.565514434135, "center_lat": 1.4048945230929348 }, "geometry": { "type": "Polygon", "coordinates": [ [ [ 103.561021260729106, 1.40037297705421 ], [ 103.561021772461771, 1.40941659267543 ], [ 103.570007625667827, 1.409416058548116 ], [ 103.570007079383572, 1.400372446355475 ], [ 103.561021260729106, 1.40037297705421 ] ] ] } },
{ "type": "Feature", "properties": { "grid_id": "JB1000_R0013_C0004", "grid_m": 1000, "row_id": 13, "col_id": 4, "x_min": 1000.0, "y_min": -71000.0, "x_max": 2000.0, "y_max": -70000.0, "center_x": 1500.0, "center_y": -70500.0, "full_area_m2": 1000000, "inside_area_m2": 1000000.0, "coverage_frac": 1.0, "is_edge": 0, "center_lon": 103.57450027003536, "center_lat": 1.4048939732928329 }, "geometry": { "type": "Polygon", "coordinates": [ [ [ 103.570007079383572, 1.400372446355475 ], [ 103.570007625667827, 1.409416058548116 ], [ 103.578993478869648, 1.409415489534677 ], [ 103.57899289803386, 1.400371880994549 ], [ 103.570007079383572, 1.400372446355475 ] ] ] } },
{ "type": "Feature", "properties": { "grid_id": "JB1000_R0013_C0005", "grid_m": 1000, "row_id": 13, "col_id": 5, "x_min": 2000.0, "y_min": -71000.0, "x_max": 3000.0, "y_max": -70000.0, "center_x": 2500.0, "center_y": -70500.0, "full_area_m2": 1000000, "inside_area_m2": 1000000.0, "coverage_frac": 1.0, "is_edge": 0, "center_lon": 103.58348610593137, "center_lat": 1.4048933887185804 }, "geometry": { "type": "Polygon", "coordinates": [ [ [ 103.57899289803386, 1.400371880994549 ], [ 103.578993478869648, 1.409415489534677 ], [ 103.587979332066993, 1.409414885635127 ], [ 103.5879787166797, 1.400371280971447 ], [ 103.57899289803386, 1.400371880994549 ] ] ] } },
{ "type": "Feature", "properties": { "grid_id": "JB1000_R0013_C0006", "grid_m": 1000, "row_id": 13, "col_id": 6, "x_min": 3000.0, "y_min": -71000.0, "x_max": 4000.0, "y_max": -70000.0, "center_x": 3500.0, "center_y": -70500.0, "full_area_m2": 1000000, "inside_area_m2": 1000000.0, "coverage_frac": 1.0, "is_edge": 0, "center_lon": 103.59247194182281, "center_lat": 1.4048927693701916 }, "geometry": { "type": "Polygon", "coordinates": [ [ [ 103.5879787166797, 1.400371280971447 ], [ 103.587979332066993, 1.409414885635127 ], [ 103.596965185259549, 1.40941424684948 ], [ 103.596964535320851, 1.400370646286184 ], [ 103.5879787166797, 1.400371280971447 ] ] ] } },
{ "type": "Feature", "properties": { "grid_id": "JB1000_R0013_C0007", "grid_m": 1000, "row_id": 13, "col_id": 7, "x_min": 4000.0, "y_min": -71000.0, "x_max": 5000.0, "y_max": -70000.0, "center_x": 4500.0, "center_y": -70500.0, "full_area_m2": 1000000, "inside_area_m2": 1000000.0, "coverage_frac": 1.0, "is_edge": 0, "center_lon": 103.60145777770936, "center_lat": 1.4048921152476819 }, "geometry": { "type": "Polygon", "coordinates": [ [ [ 103.596964535320851, 1.400370646286184 ], [ 103.596965185259549, 1.40941424684948 ], [ 103.605951038447088, 1.409413573177753 ], [ 103.605950353957027, 1.400369976938774 ], [ 103.596964535320851, 1.400370646286184 ] ] ] } },
{ "type": "Feature", "properties": { "grid_id": "JB1000_R0013_C0008", "grid_m": 1000, "row_id": 13, "col_id": 8, "x_min": 5000.0, "y_min": -71000.0, "x_max": 6000.0, "y_max": -70000.0, "center_x": 5500.0, "center_y": -70500.0, "full_area_m2": 1000000, "inside_area_m2": 1000000.0, "coverage_frac": 1.0, "is_edge": 0, "center_lon": 103.61044361359079, "center_lat": 1.4048914263510675 }, "geometry": { "type": "Polygon", "coordinates": [ [ [ 103.605950353957027, 1.400369976938774 ], [ 103.605951038447088, 1.409413573177753 ], [ 103.614936891629327, 1.409412864619962 ], [ 103.614936172587974, 1.400369272929236 ], [ 103.605950353957027, 1.400369976938774 ] ] ] } },
{ "type": "Feature", "properties": { "grid_id": "JB1000_R0013_C0009", "grid_m": 1000, "row_id": 13, "col_id": 9, "x_min": 6000.0, "y_min": -71000.0, "x_max": 7000.0, "y_max": -70000.0, "center_x": 6500.0, "center_y": -70500.0, "full_area_m2": 1000000, "inside_area_m2": 1000000.0, "coverage_frac": 1.0, "is_edge": 0, "center_lon": 103.61942944946682, "center_lat": 1.404890702680365 }, "geometry": { "type": "Polygon", "coordinates": [ [ [ 103.614936172587974, 1.400369272929236 ], [ 103.614936891629327, 1.409412864619962 ], [ 103.623922744806009, 1.409412121176125 ], [ 103.623921991213436, 1.400368534257585 ], [ 103.614936172587974, 1.400369272929236 ] ] ] } },
{ "type": "Feature", "properties": { "grid_id": "JB1000_R0013_C0010", "grid_m": 1000, "row_id": 13, "col_id": 10, "x_min": 7000.0, "y_min": -71000.0, "x_max": 8000.0, "y_max": -70000.0, "center_x": 7500.0, "center_y": -70500.0, "full_area_m2": 1000000, "inside_area_m2": 1000000.0, "coverage_frac": 1.0, "is_edge": 0, "center_lon": 103.6284152853372, "center_lat": 1.4048899442355924 }, "geometry": { "type": "Polygon", "coordinates": [ [ [ 103.623921991213436, 1.400368534257585 ], [ 103.623922744806009, 1.409412121176125 ], [ 103.632908597976851, 1.409411342846259 ], [ 103.632907809833128, 1.40036776092384 ], [ 103.623921991213436, 1.400368534257585 ] ] ] } },
{ "type": "Feature", "properties": { "grid_id": "JB1000_R0013_C0011", "grid_m": 1000, "row_id": 13, "col_id": 11, "x_min": 8000.0, "y_min": -71000.0, "x_max": 9000.0, "y_max": -70000.0, "center_x": 8500.0, "center_y": -70500.0, "full_area_m2": 1000000, "inside_area_m2": 1000000.0, "coverage_frac": 1.0, "is_edge": 0, "center_lon": 103.63740112120163, "center_lat": 1.4048891510167685 }, "geometry": { "type": "Polygon", "coordinates": [ [ [ 103.632907809833128, 1.40036776092384 ], [ 103.632908597976851, 1.409411342846259 ], [ 103.641894451141596, 1.409410529630384 ], [ 103.641893628446795, 1.400366952928021 ], [ 103.632907809833128, 1.40036776092384 ] ] ] } },
{ "type": "Feature", "properties": { "grid_id": "JB1000_R0013_C0012", "grid_m": 1000, "row_id": 13, "col_id": 12, "x_min": 9000.0, "y_min": -71000.0, "x_max": 10000.0, "y_max": -70000.0, "center_x": 9500.0, "center_y": -70500.0, "full_area_m2": 1000000, "inside_area_m2": 1000000.0, "coverage_frac": 1.0, "is_edge": 0, "center_lon": 103.64638695705989, "center_lat": 1.4048883230239124 }, "geometry": { "type": "Polygon", "coordinates": [ [ [ 103.641893628446795, 1.400366952928021 ], [ 103.641894451141596, 1.409410529630384 ], [ 103.65088030429996, 1.40940968152852 ], [ 103.650879447054194, 1.400366110270147 ], [ 103.641893628446795, 1.400366952928021 ] ] ] } },
{ "type": "Feature", "properties": { "grid_id": "JB1000_R0013_C0013", "grid_m": 1000, "row_id": 13, "col_id": 13, "x_min": 10000.0, "y_min": -71000.0, "x_max": 11000.0, "y_max": -70000.0, "center_x": 10500.0, "center_y": -70500.0, "full_area_m2": 1000000, "inside_area_m2": 831911.82868027955, "coverage_frac": 0.83191182868027957, "is_edge": 1, "center_lon": 103.65537279291168, "center_lat": 1.4048874602570454 }, "geometry": { "type": "Polygon", "coordinates": [ [ [ 103.650879447054194, 1.400366110270147 ], [ 103.65088030429996, 1.40940968152852 ], [ 103.659866157451702, 1.409408798540687 ], [ 103.65986589422738, 1.406745537032584 ], [ 103.655583497820516, 1.400365655318826 ], [ 103.650879447054194, 1.400366110270147 ] ] ] } },
{ "type": "Feature", "properties": { "grid_id": "JB1000_R0013_C0014", "grid_m": 1000, "row_id": 13, "col_id": 14, "x_min": 11000.0, "y_min": -71000.0, "x_max": 12000.0, "y_max": -70000.0, "center_x": 11500.0, "center_y": -70500.0, "full_area_m2": 1000000, "inside_area_m2": 29287.483425026538, "coverage_frac": 0.029287483425026538, "is_edge": 1, "center_lon": 103.66435862875674, "center_lat": 1.4048865627161877 }, "geometry": { "type": "Polygon", "coordinates": [ [ [ 103.659866157451702, 1.409408798540687 ], [ 103.661653456552273, 1.409408618753631 ], [ 103.65986589422738, 1.406745537032584 ], [ 103.659866157451702, 1.409408798540687 ] ] ] } },
{ "type": "Feature", "properties": { "grid_id": "JB1000_R0014_C0000", "grid_m": 1000, "row_id": 14, "col_id": 0, "x_min": -3000.0, "y_min": -70000.0, "x_max": -2000.0, "y_max": -69000.0, "center_x": -2500.0, "center_y": -69500.0, "full_area_m2": 1000000, "inside_area_m2": 176063.54777760373, "coverage_frac": 0.17606354777760372, "is_edge": 1, "center_lon": 103.53855735313442, "center_lat": 1.4139395867091964 }, "geometry": { "type": "Polygon", "coordinates": [ [ [ 103.543050511519525, 1.418461177373143 ], [ 103.543050066038049, 1.40941755627163 ], [ 103.540095850909367, 1.409417701314359 ], [ 103.542546755940634, 1.4175260273116 ], [ 103.542937108416012, 1.41846118304664 ], [ 103.543050511519525, 1.418461177373143 ] ] ] } },
{ "type": "Feature", "properties": { "grid_id": "JB1000_R0014_C0001", "grid_m": 1000, "row_id": 14, "col_id": 1, "x_min": -2000.0, "y_min": -70000.0, "x_max": -1000.0, "y_max": -69000.0, "center_x": -1500.0, "center_y": -69500.0, "full_area_m2": 1000000, "inside_area_m2": 1000000.0, "coverage_frac": 1.0, "is_edge": 0, "center_lon": 103.54754322370923, "center_lat": 1.4139391383628732 }, "geometry": { "type": "Polygon", "coordinates": [ [ [ 103.543050066038049, 1.40941755627163 ], [ 103.543050511519525, 1.418461177373143 ], [ 103.552036399507571, 1.418460710037389 ], [ 103.55203591925175, 1.409417091916605 ], [ 103.543050066038049, 1.40941755627163 ] ] ] } },
{ "type": "Feature", "properties": { "grid_id": "JB1000_R0014_C0002", "grid_m": 1000, "row_id": 14, "col_id": 2, "x_min": -1000.0, "y_min": -70000.0, "x_max": 0.0, "y_max": -69000.0, "center_x": -500.0, "center_y": -69500.0, "full_area_m2": 1000000, "inside_area_m2": 1000000.0, "coverage_frac": 1.0, "is_edge": 0, "center_lon": 103.55652909428045, "center_lat": 1.4139386550184254 }, "geometry": { "type": "Polygon", "coordinates": [ [ [ 103.55203591925175, 1.409417091916605 ], [ 103.552036399507571, 1.418460710037389 ], [ 103.561022287491866, 1.418460207591547 ], [ 103.561021772461771, 1.40941659267543 ], [ 103.55203591925175, 1.409417091916605 ] ] ] } },
{ "type": "Feature", "properties": { "grid_id": "JB1000_R0014_C0003", "grid_m": 1000, "row_id": 14, "col_id": 3, "x_min": 0.0, "y_min": -70000.0, "x_max": 1000.0, "y_max": -69000.0, "center_x": 500.0, "center_y": -69500.0, "full_area_m2": 1000000, "inside_area_m2": 1000000.0, "coverage_frac": 1.0, "is_edge": 0, "center_lon": 103.56551496484782, "center_lat": 1.4139381366758648 }, "geometry": { "type": "Polygon", "coordinates": [ [ [ 103.561021772461771, 1.40941659267543 ], [ 103.561022287491866, 1.418460207591547 ], [ 103.570008175472154, 1.418459670035629 ], [ 103.570007625667827, 1.409416058548116 ], [ 103.561021772461771, 1.40941659267543 ] ] ] } },
{ "type": "Feature", "properties": { "grid_id": "JB1000_R0014_C0004", "grid_m": 1000, "row_id": 14, "col_id": 4, "x_min": 1000.0, "y_min": -70000.0, "x_max": 2000.0, "y_max": -69000.0, "center_x": 1500.0, "center_y": -69500.0, "full_area_m2": 1000000, "inside_area_m2": 1000000.0, "coverage_frac": 1.0, "is_edge": 0, "center_lon": 103.57450083541107, "center_lat": 1.4139375833352041 }, "geometry": { "type": "Polygon", "coordinates": [ [ [ 103.570007625667827, 1.409416058548116 ], [ 103.570008175472154, 1.418459670035629 ], [ 103.578994063448178, 1.41845909736965 ], [ 103.578993478869648, 1.409415489534677 ], [ 103.570007625667827, 1.409416058548116 ] ] ] } },
{ "type": "Feature", "properties": { "grid_id": "JB1000_R0014_C0005", "grid_m": 1000, "row_id": 14, "col_id": 5, "x_min": 2000.0, "y_min": -70000.0, "x_max": 3000.0, "y_max": -69000.0, "center_x": 2500.0, "center_y": -69500.0, "full_area_m2": 1000000, "inside_area_m2": 1000000.0, "coverage_frac": 1.0, "is_edge": 0, "center_lon": 103.58348670596993, "center_lat": 1.4139369949964569 }, "geometry": { "type": "Polygon", "coordinates": [ [ [ 103.578993478869648, 1.409415489534677 ], [ 103.578994063448178, 1.41845909736965 ], [ 103.587979951419612, 1.418458489593623 ], [ 103.587979332066993, 1.409414885635127 ], [ 103.578993478869648, 1.409415489534677 ] ] ] } },
{ "type": "Feature", "properties": { "grid_id": "JB1000_R0014_C0006", "grid_m": 1000, "row_id": 14, "col_id": 6, "x_min": 3000.0, "y_min": -70000.0, "x_max": 4000.0, "y_max": -69000.0, "center_x": 3500.0, "center_y": -69500.0, "full_area_m2": 1000000, "inside_area_m2": 1000000.0, "coverage_frac": 1.0, "is_edge": 0, "center_lon": 103.59247257652413, "center_lat": 1.4139363716596378 }, "geometry": { "type": "Polygon", "coordinates": [ [ [ 103.587979332066993, 1.409414885635127 ], [ 103.587979951419612, 1.418458489593623 ], [ 103.596965839386257, 1.418457846707563 ], [ 103.596965185259549, 1.40941424684948 ], [ 103.587979332066993, 1.409414885635127 ] ] ] } },
{ "type": "Feature", "properties": { "grid_id": "JB1000_R0014_C0007", "grid_m": 1000, "row_id": 14, "col_id": 7, "x_min": 4000.0, "y_min": -70000.0, "x_max": 5000.0, "y_max": -69000.0, "center_x": 4500.0, "center_y": -69500.0, "full_area_m2": 1000000, "inside_area_m2": 1000000.0, "coverage_frac": 1.0, "is_edge": 0, "center_lon": 103.6014584470734, "center_lat": 1.4139357133247623 }, "geometry": { "type": "Polygon", "coordinates": [ [ [ 103.596965185259549, 1.40941424684948 ], [ 103.596965839386257, 1.418457846707563 ], [ 103.605951727347801, 1.418457168711487 ], [ 103.605951038447088, 1.409413573177753 ], [ 103.596965185259549, 1.40941424684948 ] ] ] } },
{ "type": "Feature", "properties": { "grid_id": "JB1000_R0014_C0008", "grid_m": 1000, "row_id": 14, "col_id": 8, "x_min": 5000.0, "y_min": -70000.0, "x_max": 6000.0, "y_max": -69000.0, "center_x": 5500.0, "center_y": -69500.0, "full_area_m2": 1000000, "inside_area_m2": 1000000.0, "coverage_frac": 1.0, "is_edge": 0, "center_lon": 103.61044431761748, "center_lat": 1.4139350199918463 }, "geometry": { "type": "Polygon", "coordinates": [ [ [ 103.605951038447088, 1.409413573177753 ], [ 103.605951727347801, 1.418457168711487 ], [ 103.614937615303958, 1.41845645560541 ], [ 103.614936891629327, 1.409412864619962 ], [ 103.605951038447088, 1.409413573177753 ] ] ] } },
{ "type": "Feature", "properties": { "grid_id": "JB1000_R0014_C0009", "grid_m": 1000, "row_id": 14, "col_id": 9, "x_min": 6000.0, "y_min": -70000.0, "x_max": 7000.0, "y_max": -69000.0, "center_x": 6500.0, "center_y": -69500.0, "full_area_m2": 1000000, "inside_area_m2": 1000000.0, "coverage_frac": 1.0, "is_edge": 0, "center_lon": 103.61943018815609, "center_lat": 1.413934291660907 }, "geometry": { "type": "Polygon", "coordinates": [ [ [ 103.614936891629327, 1.409412864619962 ], [ 103.614937615303958, 1.41845645560541 ], [ 103.623923503254488, 1.41845570738935 ], [ 103.623922744806009, 1.409412121176125 ], [ 103.614936891629327, 1.409412864619962 ] ] ] } },
{ "type": "Feature", "properties": { "grid_id": "JB1000_R0014_C0010", "grid_m": 1000, "row_id": 14, "col_id": 10, "x_min": 7000.0, "y_min": -70000.0, "x_max": 8000.0, "y_max": -69000.0, "center_x": 7500.0, "center_y": -69500.0, "full_area_m2": 1000000, "inside_area_m2": 1000000.0, "coverage_frac": 1.0, "is_edge": 0, "center_lon": 103.62841605868896, "center_lat": 1.4139335283319623 }, "geometry": { "type": "Polygon", "coordinates": [ [ [ 103.623922744806009, 1.409412121176125 ], [ 103.623923503254488, 1.41845570738935 ], [ 103.632909391199121, 1.418454924063326 ], [ 103.632908597976851, 1.409411342846259 ], [ 103.623922744806009, 1.409412121176125 ] ] ] } },
{ "type": "Feature", "properties": { "grid_id": "JB1000_R0014_C0011", "grid_m": 1000, "row_id": 14, "col_id": 11, "x_min": 8000.0, "y_min": -70000.0, "x_max": 9000.0, "y_max": -69000.0, "center_x": 8500.0, "center_y": -69500.0, "full_area_m2": 1000000, "inside_area_m2": 1000000.0, "coverage_frac": 1.0, "is_edge": 0, "center_lon": 103.63740192921583, "center_lat": 1.4139327300050311 }, "geometry": { "type": "Polygon", "coordinates": [ [ [ 103.632908597976851, 1.409411342846259 ], [ 103.632909391199121, 1.418454924063326 ], [ 103.641895279137572, 1.418454105627357 ], [ 103.641894451141596, 1.409410529630384 ], [ 103.632908597976851, 1.409411342846259 ] ] ] } },
{ "type": "Feature", "properties": { "grid_id": "JB1000_R0014_C0012", "grid_m": 1000, "row_id": 14, "col_id": 12, "x_min": 9000.0, "y_min": -70000.0, "x_max": 10000.0, "y_max": -69000.0, "center_x": 9500.0, "center_y": -69500.0, "full_area_m2": 1000000, "inside_area_m2": 1000000.0, "coverage_frac": 1.0, "is_edge": 0, "center_lon": 103.64638779973642, "center_lat": 1.4139318966801329 }, "geometry": { "type": "Polygon", "coordinates": [ [ [ 103.641894451141596, 1.409410529630384 ], [ 103.641895279137572, 1.418454105627357 ], [ 103.650881167069571, 1.418453252081463 ], [ 103.65088030429996, 1.40940968152852 ], [ 103.641894451141596, 1.409410529630384 ] ] ] } },
{ "type": "Feature", "properties": { "grid_id": "JB1000_R0014_C0013", "grid_m": 1000, "row_id": 14, "col_id": 13, "x_min": 10000.0, "y_min": -70000.0, "x_max": 11000.0, "y_max": -69000.0, "center_x": 10500.0, "center_y": -69500.0, "full_area_m2": 1000000, "inside_area_m2": 1000000.0, "coverage_frac": 1.0, "is_edge": 0, "center_lon": 103.65537367025047, "center_lat": 1.4139310283572886 }, "geometry": { "type": "Polygon", "coordinates": [ [ [ 103.65088030429996, 1.40940968152852 ], [ 103.650881167069571, 1.418453252081463 ], [ 103.659867054994834, 1.418452363425666 ], [ 103.659866157451702, 1.409408798540687 ], [ 103.65088030429996, 1.40940968152852 ] ] ] } },
{ "type": "Feature", "properties": { "grid_id": "JB1000_R0014_C0014", "grid_m": 1000, "row_id": 14, "col_id": 14, "x_min": 11000.0, "y_min": -70000.0, "x_max": 12000.0, "y_max": -69000.0, "center_x": 11500.0, "center_y": -69500.0, "full_area_m2": 1000000, "inside_area_m2": 656480.14649476041, "coverage_frac": 0.65648014649476039, "is_edge": 1, "center_lon": 103.6643595407577, "center_lat": 1.413930125036519 }, "geometry": { "type": "Polygon", "coordinates": [ [ [ 103.659866157451702, 1.409408798540687 ], [ 103.659867054994834, 1.418452363425666 ], [ 103.668783482053357, 1.41845144693534 ], [ 103.667722115660609, 1.41549273025975 ], [ 103.662194911514845, 1.410215262089513 ], [ 103.662194888162063, 1.410215233134936 ], [ 103.661653456552273, 1.409408618753631 ], [ 103.659866157451702, 1.409408798540687 ] ] ] } },
{ "type": "Feature", "properties": { "grid_id": "JB1000_R0015_C0000", "grid_m": 1000, "row_id": 15, "col_id": 0, "x_min": -3000.0, "y_min": -69000.0, "x_max": -2000.0, "y_max": -68000.0, "center_x": -2500.0, "center_y": -68500.0, "full_area_m2": 1000000, "inside_area_m2": 189.58490791286209, "coverage_frac": 0.0001895849079128621, "is_edge": 1, "center_lon": 103.53855778259916, "center_lat": 1.4229832088628815 }, "geometry": { "type": "Polygon", "coordinates": [ [ [ 103.543050511519525, 1.418461177373143 ], [ 103.542937108416012, 1.41846118304664 ], [ 103.543050524948072, 1.418732891462852 ], [ 103.543050511519525, 1.418461177373143 ] ] ] } },
{ "type": "Feature", "properties": { "grid_id": "JB1000_R0015_C0001", "grid_m": 1000, "row_id": 15, "col_id": 1, "x_min": -2000.0, "y_min": -69000.0, "x_max": -1000.0, "y_max": -68000.0, "center_x": -1500.0, "center_y": -68500.0, "full_area_m2": 1000000, "inside_area_m2": 807360.14493245049, "coverage_frac": 0.80736014493245045, "is_edge": 1, "center_lon": 103.54754368805963, "center_lat": 1.4229827576477863 }, "geometry": { "type": "Polygon", "coordinates": [ [ [ 103.552036882838237, 1.427504327448575 ], [ 103.552036399507571, 1.418460710037389 ], [ 103.543050511519525, 1.418461177373143 ], [ 103.543050524948072, 1.418732891462852 ], [ 103.545583203393988, 1.424800329153065 ], [ 103.546414462434683, 1.427504625859508 ], [ 103.552036882838237, 1.427504327448575 ] ] ] } },
{ "type": "Feature", "properties": { "grid_id": "JB1000_R0015_C0002", "grid_m": 1000, "row_id": 15, "col_id": 2, "x_min": -1000.0, "y_min": -69000.0, "x_max": 0.0, "y_max": -68000.0, "center_x": -500.0, "center_y": -68500.0, "full_area_m2": 1000000, "inside_area_m2": 1000000.0, "coverage_frac": 1.0, "is_edge": 0, "center_lon": 103.5565295935165, "center_lat": 1.4229822712106286 }, "geometry": { "type": "Polygon", "coordinates": [ [ [ 103.552036399507571, 1.418460710037389 ], [ 103.552036882838237, 1.427504327448575 ], [ 103.561022805819476, 1.427503821798043 ], [ 103.561022287491866, 1.418460207591547 ], [ 103.552036399507571, 1.418460710037389 ] ] ] } },
{ "type": "Feature", "properties": { "grid_id": "JB1000_R0015_C0003", "grid_m": 1000, "row_id": 15, "col_id": 3, "x_min": 0.0, "y_min": -69000.0, "x_max": 1000.0, "y_max": -68000.0, "center_x": 500.0, "center_y": -68500.0, "full_area_m2": 1000000, "inside_area_m2": 1000000.0, "coverage_frac": 1.0, "is_edge": 0, "center_lon": 103.56551549896945, "center_lat": 1.4229817495514203 }, "geometry": { "type": "Polygon", "coordinates": [ [ [ 103.561022287491866, 1.418460207591547 ], [ 103.561022805819476, 1.427503821798043 ], [ 103.570008728796637, 1.427503280813496 ], [ 103.570008175472154, 1.418459670035629 ], [ 103.561022287491866, 1.418460207591547 ] ] ] } },
{ "type": "Feature", "properties": { "grid_id": "JB1000_R0015_C0004", "grid_m": 1000, "row_id": 15, "col_id": 4, "x_min": 1000.0, "y_min": -69000.0, "x_max": 2000.0, "y_max": -68000.0, "center_x": 1500.0, "center_y": -68500.0, "full_area_m2": 1000000, "inside_area_m2": 1000000.0, "coverage_frac": 1.0, "is_edge": 0, "center_lon": 103.57450140441823, "center_lat": 1.4229811926701748 }, "geometry": { "type": "Polygon", "coordinates": [ [ [ 103.570008175472154, 1.418459670035629 ], [ 103.570008728796637, 1.427503280813496 ], [ 103.578994651769477, 1.42750270449495 ], [ 103.578994063448178, 1.41845909736965 ], [ 103.570008175472154, 1.418459670035629 ] ] ] } },
{ "type": "Feature", "properties": { "grid_id": "JB1000_R0015_C0005", "grid_m": 1000, "row_id": 15, "col_id": 5, "x_min": 2000.0, "y_min": -69000.0, "x_max": 3000.0, "y_max": -68000.0, "center_x": 2500.0, "center_y": -68500.0, "full_area_m2": 1000000, "inside_area_m2": 1000000.0, "coverage_frac": 1.0, "is_edge": 0, "center_lon": 103.58348730986256, "center_lat": 1.4229806005669052 }, "geometry": { "type": "Polygon", "coordinates": [ [ [ 103.578994063448178, 1.41845909736965 ], [ 103.578994651769477, 1.42750270449495 ], [ 103.587980574737699, 1.427502092842418 ], [ 103.587979951419612, 1.418458489593623 ], [ 103.578994063448178, 1.41845909736965 ] ] ] } },
{ "type": "Feature", "properties": { "grid_id": "JB1000_R0015_C0006", "grid_m": 1000, "row_id": 15, "col_id": 6, "x_min": 3000.0, "y_min": -69000.0, "x_max": 4000.0, "y_max": -68000.0, "center_x": 3500.0, "center_y": -68500.0, "full_area_m2": 1000000, "inside_area_m2": 1000000.0, "coverage_frac": 1.0, "is_edge": 0, "center_lon": 103.59247321530218, "center_lat": 1.4229799732416262 }, "geometry": { "type": "Polygon", "coordinates": [ [ [ 103.587979951419612, 1.418458489593623 ], [ 103.587980574737699, 1.427502092842418 ], [ 103.596966497701047, 1.427501445855914 ], [ 103.596965839386257, 1.418457846707563 ], [ 103.587979951419612, 1.418458489593623 ] ] ] } },
{ "type": "Feature", "properties": { "grid_id": "JB1000_R0015_C0007", "grid_m": 1000, "row_id": 15, "col_id": 7, "x_min": 4000.0, "y_min": -69000.0, "x_max": 5000.0, "y_max": -68000.0, "center_x": 4500.0, "center_y": -68500.0, "full_area_m2": 1000000, "inside_area_m2": 1000000.0, "coverage_frac": 1.0, "is_edge": 0, "center_lon": 103.60145912073681, "center_lat": 1.4229793106943536 }, "geometry": { "type": "Polygon", "coordinates": [ [ [ 103.596965839386257, 1.418457846707563 ], [ 103.596966497701047, 1.427501445855914 ], [ 103.605952420659207, 1.427500763535456 ], [ 103.605951727347801, 1.418457168711487 ], [ 103.596965839386257, 1.418457846707563 ] ] ] } },
{ "type": "Feature", "properties": { "grid_id": "JB1000_R0015_C0008", "grid_m": 1000, "row_id": 15, "col_id": 8, "x_min": 5000.0, "y_min": -69000.0, "x_max": 6000.0, "y_max": -68000.0, "center_x": 5500.0, "center_y": -68500.0, "full_area_m2": 1000000, "inside_area_m2": 1000000.0, "coverage_frac": 1.0, "is_edge": 0, "center_lon": 103.61044502616616, "center_lat": 1.4229786129251032 }, "geometry": { "type": "Polygon", "coordinates": [ [ [ 103.605951727347801, 1.418457168711487 ], [ 103.605952420659207, 1.427500763535456 ], [ 103.614938343611954, 1.427500045881059 ], [ 103.614937615303958, 1.41845645560541 ], [ 103.605951727347801, 1.418457168711487 ] ] ] } },
{ "type": "Feature", "properties": { "grid_id": "JB1000_R0015_C0009", "grid_m": 1000, "row_id": 15, "col_id": 9, "x_min": 6000.0, "y_min": -69000.0, "x_max": 7000.0, "y_max": -68000.0, "center_x": 6500.0, "center_y": -68500.0, "full_area_m2": 1000000, "inside_area_m2": 1000000.0, "coverage_frac": 1.0, "is_edge": 0, "center_lon": 103.61943093158997, "center_lat": 1.4229778799338928 }, "geometry": { "type": "Polygon", "coordinates": [ [ [ 103.614937615303958, 1.41845645560541 ], [ 103.614938343611954, 1.427500045881059 ], [ 103.623924266558973, 1.427499292892741 ], [ 103.623923503254488, 1.41845570738935 ], [ 103.614937615303958, 1.41845645560541 ] ] ] } },
{ "type": "Feature", "properties": { "grid_id": "JB1000_R0015_C0010", "grid_m": 1000, "row_id": 15, "col_id": 10, "x_min": 7000.0, "y_min": -69000.0, "x_max": 8000.0, "y_max": -68000.0, "center_x": 7500.0, "center_y": -68500.0, "full_area_m2": 1000000, "inside_area_m2": 1000000.0, "coverage_frac": 1.0, "is_edge": 0, "center_lon": 103.62841683700799, "center_lat": 1.4229771117207397 }, "geometry": { "type": "Polygon", "coordinates": [ [ [ 103.623923503254488, 1.41845570738935 ], [ 103.623924266558973, 1.427499292892741 ], [ 103.632910189500024, 1.427498504570522 ], [ 103.632909391199121, 1.418454924063326 ], [ 103.623923503254488, 1.41845570738935 ] ] ] } },
{ "type": "Feature", "properties": { "grid_id": "JB1000_R0015_C0011", "grid_m": 1000, "row_id": 15, "col_id": 11, "x_min": 8000.0, "y_min": -69000.0, "x_max": 9000.0, "y_max": -68000.0, "center_x": 8500.0, "center_y": -68500.0, "full_area_m2": 1000000, "inside_area_m2": 1000000.0, "coverage_frac": 1.0, "is_edge": 0, "center_lon": 103.63740274241994, "center_lat": 1.4229763082856635 }, "geometry": { "type": "Polygon", "coordinates": [ [ [ 103.632909391199121, 1.418454924063326 ], [ 103.632910189500024, 1.427498504570522 ], [ 103.641896112434821, 1.42749768091442 ], [ 103.641895279137572, 1.418454105627357 ], [ 103.632909391199121, 1.418454924063326 ] ] ] } },
{ "type": "Feature", "properties": { "grid_id": "JB1000_R0015_C0012", "grid_m": 1000, "row_id": 15, "col_id": 12, "x_min": 9000.0, "y_min": -69000.0, "x_max": 10000.0, "y_max": -68000.0, "center_x": 9500.0, "center_y": -68500.0, "full_area_m2": 1000000, "inside_area_m2": 1000000.0, "coverage_frac": 1.0, "is_edge": 0, "center_lon": 103.6463886478255, "center_lat": 1.4229754696286836 }, "geometry": { "type": "Polygon", "coordinates": [ [ [ 103.641895279137572, 1.418454105627357 ], [ 103.641896112434821, 1.42749768091442 ], [ 103.650882035363082, 1.427496821924456 ], [ 103.650881167069571, 1.418453252081463 ], [ 103.641895279137572, 1.418454105627357 ] ] ] } },
{ "type": "Feature", "properties": { "grid_id": "JB1000_R0015_C0013", "grid_m": 1000, "row_id": 15, "col_id": 13, "x_min": 10000.0, "y_min": -69000.0, "x_max": 11000.0, "y_max": -68000.0, "center_x": 10500.0, "center_y": -68500.0, "full_area_m2": 1000000, "inside_area_m2": 1000000.0, "coverage_frac": 1.0, "is_edge": 0, "center_lon": 103.65537455322445, "center_lat": 1.4229745957498208 }, "geometry": { "type": "Polygon", "coordinates": [ [ [ 103.650881167069571, 1.418453252081463 ], [ 103.650882035363082, 1.427496821924456 ], [ 103.659867958284536, 1.427495927600651 ], [ 103.659867054994834, 1.418452363425666 ], [ 103.650881167069571, 1.418453252081463 ] ] ] } },
{ "type": "Feature", "properties": { "grid_id": "JB1000_R0015_C0014", "grid_m": 1000, "row_id": 15, "col_id": 14, "x_min": 11000.0, "y_min": -69000.0, "x_max": 12000.0, "y_max": -68000.0, "center_x": 11500.0, "center_y": -68500.0, "full_area_m2": 1000000, "inside_area_m2": 999917.21936542052, "coverage_frac": 0.99991721936542055, "is_edge": 1, "center_lon": 103.6643604586165, "center_lat": 1.4229736866490967 }, "geometry": { "type": "Polygon", "coordinates": [ [ [ 103.659867054994834, 1.418452363425666 ], [ 103.659867958284536, 1.427495927600651 ], [ 103.668853881198899, 1.427494997943026 ], [ 103.668852962946801, 1.418645134899909 ], [ 103.668783482053357, 1.41845144693534 ], [ 103.659867054994834, 1.418452363425666 ] ] ] } },
{ "type": "Feature", "properties": { "grid_id": "JB1000_R0015_C0015", "grid_m": 1000, "row_id": 15, "col_id": 15, "x_min": 12000.0, "y_min": -69000.0, "x_max": 13000.0, "y_max": -68000.0, "center_x": 12500.0, "center_y": -68500.0, "full_area_m2": 1000000, "inside_area_m2": 172808.0577258261, "coverage_frac": 0.17280805772582611, "is_edge": 1, "center_lon": 103.67334636400138, "center_lat": 1.4229727423265335 }, "geometry": { "type": "Polygon", "coordinates": [ [ [ 103.668853881198899, 1.427494997943026 ], [ 103.672027534378088, 1.427494661162724 ], [ 103.668852962946801, 1.418645134899909 ], [ 103.668853881198899, 1.427494997943026 ] ] ] } },
{ "type": "Feature", "properties": { "grid_id": "JB1000_R0015_C0041", "grid_m": 1000, "row_id": 15, "col_id": 41, "x_min": 38000.0, "y_min": -69000.0, "x_max": 39000.0, "y_max": -68000.0, "center_x": 38500.0, "center_y": -68500.0, "full_area_m2": 1000000, "inside_area_m2": 9310.5430032461954, "coverage_frac": 0.009310543003246196, "is_edge": 1, "center_lon": 103.90697990059768, "center_lat": 1.4229358271683388 }, "geometry": { "type": "Polygon", "coordinates": [ [ [ 103.911473796207929, 1.427456541107863 ], [ 103.91147373597687, 1.427168183318217 ], [ 103.911003203329059, 1.427267417492157 ], [ 103.904193984512773, 1.42745806984379 ], [ 103.911473796207929, 1.427456541107863 ] ] ] } },
{ "type": "Feature", "properties": { "grid_id": "JB1000_R0015_C0042", "grid_m": 1000, "row_id": 15, "col_id": 42, "x_min": 39000.0, "y_min": -69000.0, "x_max": 40000.0, "y_max": -68000.0, "center_x": 39500.0, "center_y": -68500.0, "full_area_m2": 1000000, "inside_area_m2": 57530.755014629525, "coverage_frac": 0.057530755014629523, "is_edge": 1, "center_lon": 103.91596580568584, "center_lat": 1.4229339318677545 }, "geometry": { "type": "Polygon", "coordinates": [ [ [ 103.911473796207929, 1.427456541107863 ], [ 103.919390795453182, 1.427454852241636 ], [ 103.915086160581552, 1.426406327072248 ], [ 103.912916915765692, 1.426863819693654 ], [ 103.91147373597687, 1.427168183318217 ], [ 103.911473796207929, 1.427456541107863 ] ] ] } },
{ "type": "Feature", "properties": { "grid_id": "JB1000_R0015_C0045", "grid_m": 1000, "row_id": 15, "col_id": 45, "x_min": 42000.0, "y_min": -69000.0, "x_max": 43000.0, "y_max": -68000.0, "center_x": 42500.0, "center_y": -68500.0, "full_area_m2": 1000000, "inside_area_m2": 57367.139524860955, "coverage_frac": 0.057367139524860958, "is_edge": 1, "center_lon": 103.94292352086049, "center_lat": 1.4229280346410325 }, "geometry": { "type": "Polygon", "coordinates": [ [ [ 103.947417486535528, 1.427448653142906 ], [ 103.94741714614257, 1.425931113383754 ], [ 103.942958721293351, 1.427033419938814 ], [ 103.941273628676839, 1.427450041490246 ], [ 103.947417486535528, 1.427448653142906 ] ] ] } },
{ "type": "Feature", "properties": { "grid_id": "JB1000_R0015_C0046", "grid_m": 1000, "row_id": 15, "col_id": 46, "x_min": 43000.0, "y_min": -69000.0, "x_max": 44000.0, "y_max": -68000.0, "center_x": 43500.0, "center_y": -68500.0, "full_area_m2": 1000000, "inside_area_m2": 278315.23589563422, "coverage_frac": 0.27831523589563423, "is_edge": 1, "center_lon": 103.95190942588781, "center_lat": 1.4229259984572966 }, "geometry": { "type": "Polygon", "coordinates": [ [ [ 103.947417486535528, 1.427448653142906 ], [ 103.956403409078476, 1.427446592819906 ], [ 103.956402673262502, 1.424220021631336 ], [ 103.955804383227033, 1.424155922527234 ], [ 103.953519160748215, 1.424585242332953 ], [ 103.953492051563842, 1.424590334735717 ], [ 103.950777213908694, 1.425100360634033 ], [ 103.94741714614257, 1.425931113383754 ], [ 103.947417486535528, 1.427448653142906 ] ] ] } },
{ "type": "Feature", "properties": { "grid_id": "JB1000_R0015_C0047", "grid_m": 1000, "row_id": 15, "col_id": 47, "x_min": 44000.0, "y_min": -69000.0, "x_max": 45000.0, "y_max": -68000.0, "center_x": 44500.0, "center_y": -68500.0, "full_area_m2": 1000000, "inside_area_m2": 439308.72184007947, "coverage_frac": 0.43930872184007946, "is_edge": 1, "center_lon": 103.96089533089925, "center_lat": 1.4229239270528966 }, "geometry": { "type": "Polygon", "coordinates": [ [ [ 103.956403409078476, 1.427446592819906 ], [ 103.96538933160528, 1.427444497164302 ], [ 103.965388045064216, 1.421892771820455 ], [ 103.965053438315252, 1.421906027648831 ], [ 103.958915250757642, 1.424489185132048 ], [ 103.958915220194925, 1.424489203212071 ], [ 103.957094065138094, 1.424294094117465 ], [ 103.957075949157243, 1.424292154302414 ], [ 103.956402673262502, 1.424220021631336 ], [ 103.956403409078476, 1.427446592819906 ] ] ] } },
{ "type": "Feature", "properties": { "grid_id": "JB1000_R0015_C0048", "grid_m": 1000, "row_id": 15, "col_id": 48, "x_min": 45000.0, "y_min": -69000.0, "x_max": 46000.0, "y_max": -68000.0, "center_x": 45500.0, "center_y": -68500.0, "full_area_m2": 1000000, "inside_area_m2": 602207.45413151884, "coverage_frac": 0.60220745413151888, "is_edge": 1, "center_lon": 103.96988123589452, "center_lat": 1.4229218204278828 }, "geometry": { "type": "Polygon", "coordinates": [ [ [ 103.96538933160528, 1.427444497164302 ], [ 103.974375254115671, 1.427442366176145 ], [ 103.974374185062842, 1.42290663211743 ], [ 103.970664259938346, 1.421683742265582 ], [ 103.965388045064216, 1.421892771820455 ], [ 103.96538933160528, 1.427444497164302 ] ] ] } },
{ "type": "Feature", "properties": { "grid_id": "JB1000_R0015_C0049", "grid_m": 1000, "row_id": 15, "col_id": 49, "x_min": 46000.0, "y_min": -69000.0, "x_max": 47000.0, "y_max": -68000.0, "center_x": 46500.0, "center_y": -68500.0, "full_area_m2": 1000000, "inside_area_m2": 394628.34300531715, "coverage_frac": 0.39462834300531713, "is_edge": 1, "center_lon": 103.97886714087335, "center_lat": 1.4229196785823073 }, "geometry": { "type": "Polygon", "coordinates": [ [ [ 103.974375254115671, 1.427442366176145 ], [ 103.983361176609378, 1.427440199855488 ], [ 103.983360446747668, 1.42439526343151 ], [ 103.981829705436283, 1.424016740072428 ], [ 103.980243511733789, 1.424076855588043 ], [ 103.97816344482554, 1.424155686913503 ], [ 103.975074091830365, 1.42313733983815 ], [ 103.975074050493347, 1.423137325352784 ], [ 103.974374185062842, 1.42290663211743 ], [ 103.974375254115671, 1.427442366176145 ] ] ] } },
{ "type": "Feature", "properties": { "grid_id": "JB1000_R0015_C0050", "grid_m": 1000, "row_id": 15, "col_id": 50, "x_min": 47000.0, "y_min": -69000.0, "x_max": 48000.0, "y_max": -68000.0, "center_x": 47500.0, "center_y": -68500.0, "full_area_m2": 1000000, "inside_area_m2": 316888.44864510908, "coverage_frac": 0.31688844864510907, "is_edge": 1, "center_lon": 103.98785304583546, "center_lat": 1.422917501516223 }, "geometry": { "type": "Polygon", "coordinates": [ [ [ 103.983361176609378, 1.427440199855488 ], [ 103.992347099086146, 1.427437998202385 ], [ 103.99234628031671, 1.424076152178485 ], [ 103.991162196404687, 1.424738726184683 ], [ 103.987273597888688, 1.424516601482279 ], [ 103.984412851401189, 1.424655502403149 ], [ 103.983360446747668, 1.42439526343151 ], [ 103.983361176609378, 1.427440199855488 ] ] ] } },
{ "type": "Feature", "properties": { "grid_id": "JB1000_R0015_C0051", "grid_m": 1000, "row_id": 15, "col_id": 51, "x_min": 48000.0, "y_min": -69000.0, "x_max": 49000.0, "y_max": -68000.0, "center_x": 48500.0, "center_y": -68500.0, "full_area_m2": 1000000, "inside_area_m2": 590843.90412201744, "coverage_frac": 0.59084390412201748, "is_edge": 1, "center_lon": 103.99683895078059, "center_lat": 1.4229152892296832 }, "geometry": { "type": "Polygon", "coordinates": [ [ [ 103.992347099086146, 1.427437998202385 ], [ 104.001333021545676, 1.427435761216889 ], [ 104.001331321079846, 1.420554606433731 ], [ 104.001105659867434, 1.420350099480968 ], [ 103.996533957426095, 1.422202184652892 ], [ 103.993495315261839, 1.423433193213027 ], [ 103.993495270318576, 1.423433214907082 ], [ 103.99234628031671, 1.424076152178485 ], [ 103.992347099086146, 1.427437998202385 ] ] ] } },
{ "type": "Feature", "properties": { "grid_id": "JB1000_R0015_C0052", "grid_m": 1000, "row_id": 15, "col_id": 52, "x_min": 49000.0, "y_min": -69000.0, "x_max": 50000.0, "y_max": -68000.0, "center_x": 49500.0, "center_y": -68500.0, "full_area_m2": 1000000, "inside_area_m2": 321322.85239780322, "coverage_frac": 0.32132285239780323, "is_edge": 1, "center_lon": 104.00582485570847, "center_lat": 1.4229130417227425 }, "geometry": { "type": "Polygon", "coordinates": [ [ [ 104.001333021545676, 1.427435761216889 ], [ 104.008922179454103, 1.427433844425481 ], [ 104.005281540153391, 1.42413450517618 ], [ 104.001331321079846, 1.420554606433731 ], [ 104.001333021545676, 1.427435761216889 ] ] ] } },
{ "type": "Feature", "properties": { "grid_id": "JB1000_R0016_C0001", "grid_m": 1000, "row_id": 16, "col_id": 1, "x_min": -2000.0, "y_min": -68000.0, "x_max": -1000.0, "y_max": -67000.0, "center_x": -1500.0, "center_y": -67500.0, "full_area_m2": 1000000, "inside_area_m2": 487050.95282018231, "coverage_frac": 0.48705095282018229, "is_edge": 1, "center_lon": 103.54754415537363, "center_lat": 1.4320263762208523 }, "geometry": { "type": "Polygon", "coordinates": [ [ [ 103.552037369243834, 1.436547944145643 ], [ 103.552036882838237, 1.427504327448575 ], [ 103.546414462434683, 1.427504625859508 ], [ 103.548206856299075, 1.433335711936605 ], [ 103.548384287591176, 1.436548140845669 ], [ 103.552037369243834, 1.436547944145643 ] ] ] } },
{ "type": "Feature", "properties": { "grid_id": "JB1000_R0016_C0002", "grid_m": 1000, "row_id": 16, "col_id": 2, "x_min": -1000.0, "y_min": -68000.0, "x_max": 0.0, "y_max": -67000.0, "center_x": -500.0, "center_y": -67500.0, "full_area_m2": 1000000, "inside_area_m2": 1000000.0, "coverage_frac": 1.0, "is_edge": 0, "center_lon": 103.55653009593875, "center_lat": 1.4320258866909616 }, "geometry": { "type": "Polygon", "coordinates": [ [ [ 103.552036882838237, 1.427504327448575 ], [ 103.552037369243834, 1.436547944145643 ], [ 103.561023327444644, 1.436547435290396 ], [ 103.561022805819476, 1.427503821798043 ], [ 103.552036882838237, 1.427504327448575 ] ] ] } },
{ "type": "Feature", "properties": { "grid_id": "JB1000_R0016_C0003", "grid_m": 1000, "row_id": 16, "col_id": 3, "x_min": 0.0, "y_min": -68000.0, "x_max": 1000.0, "y_max": -67000.0, "center_x": 500.0, "center_y": -67500.0, "full_area_m2": 1000000, "inside_area_m2": 1000000.0, "coverage_frac": 1.0, "is_edge": 0, "center_lon": 103.56551603649994, "center_lat": 1.4320253617150813 }, "geometry": { "type": "Polygon", "coordinates": [ [ [ 103.561022805819476, 1.427503821798043 ], [ 103.561023327444644, 1.436547435290396 ], [ 103.570009285641348, 1.436546890877195 ], [ 103.570008728796637, 1.427503280813496 ], [ 103.561022805819476, 1.427503821798043 ] ] ] } },
{ "type": "Feature", "properties": { "grid_id": "JB1000_R0016_C0004", "grid_m": 1000, "row_id": 16, "col_id": 4, "x_min": 1000.0, "y_min": -68000.0, "x_max": 2000.0, "y_max": -67000.0, "center_x": 1500.0, "center_y": -67500.0, "full_area_m2": 1000000, "inside_area_m2": 1000000.0, "coverage_frac": 1.0, "is_edge": 0, "center_lon": 103.5745019770569, "center_lat": 1.4320248012932244 }, "geometry": { "type": "Polygon", "coordinates": [ [ [ 103.570008728796637, 1.427503280813496 ], [ 103.570009285641348, 1.436546890877195 ], [ 103.578995243833646, 1.436546310906054 ], [ 103.578994651769477, 1.42750270449495 ], [ 103.570008728796637, 1.427503280813496 ] ] ] } },
{ "type": "Feature", "properties": { "grid_id": "JB1000_R0016_C0005", "grid_m": 1000, "row_id": 16, "col_id": 5, "x_min": 2000.0, "y_min": -68000.0, "x_max": 3000.0, "y_max": -67000.0, "center_x": 2500.0, "center_y": -67500.0, "full_area_m2": 1000000, "inside_area_m2": 1000000.0, "coverage_frac": 1.0, "is_edge": 0, "center_lon": 103.58348791760935, "center_lat": 1.4320242054254042 }, "geometry": { "type": "Polygon", "coordinates": [ [ [ 103.578994651769477, 1.42750270449495 ], [ 103.578995243833646, 1.436546310906054 ], [ 103.587981202021282, 1.436545695376987 ], [ 103.587980574737699, 1.427502092842418 ], [ 103.578994651769477, 1.42750270449495 ] ] ] } },
{ "type": "Feature", "properties": { "grid_id": "JB1000_R0016_C0006", "grid_m": 1000, "row_id": 16, "col_id": 6, "x_min": 3000.0, "y_min": -68000.0, "x_max": 4000.0, "y_max": -67000.0, "center_x": 3500.0, "center_y": -67500.0, "full_area_m2": 1000000, "inside_area_m2": 1000000.0, "coverage_frac": 1.0, "is_edge": 0, "center_lon": 103.59247385815702, "center_lat": 1.4320235741116358 }, "geometry": { "type": "Polygon", "coordinates": [ [ [ 103.587980574737699, 1.427502092842418 ], [ 103.587981202021282, 1.436545695376987 ], [ 103.596967160203974, 1.436545044290009 ], [ 103.596966497701047, 1.427501445855914 ], [ 103.587980574737699, 1.427502092842418 ] ] ] } },
{ "type": "Feature", "properties": { "grid_id": "JB1000_R0016_C0007", "grid_m": 1000, "row_id": 16, "col_id": 7, "x_min": 4000.0, "y_min": -68000.0, "x_max": 5000.0, "y_max": -67000.0, "center_x": 4500.0, "center_y": -67500.0, "full_area_m2": 1000000, "inside_area_m2": 1000000.0, "coverage_frac": 1.0, "is_edge": 0, "center_lon": 103.60145979869965, "center_lat": 1.4320229073519346 }, "geometry": { "type": "Polygon", "coordinates": [ [ [ 103.596966497701047, 1.427501445855914 ], [ 103.596967160203974, 1.436545044290009 ], [ 103.605953118381436, 1.436544357645136 ], [ 103.605952420659207, 1.427500763535456 ], [ 103.596966497701047, 1.427501445855914 ] ] ] } },
{ "type": "Feature", "properties": { "grid_id": "JB1000_R0016_C0008", "grid_m": 1000, "row_id": 16, "col_id": 8, "x_min": 5000.0, "y_min": -68000.0, "x_max": 6000.0, "y_max": -67000.0, "center_x": 5500.0, "center_y": -67500.0, "full_area_m2": 1000000, "inside_area_m2": 1000000.0, "coverage_frac": 1.0, "is_edge": 0, "center_lon": 103.61044573923694, "center_lat": 1.432022205146317 }, "geometry": { "type": "Polygon", "coordinates": [ [ [ 103.605952420659207, 1.427500763535456 ], [ 103.605953118381436, 1.436544357645136 ], [ 103.614939076553398, 1.436543635442386 ], [ 103.614938343611954, 1.427500045881059 ], [ 103.605952420659207, 1.427500763535456 ] ] ] } },
{ "type": "Feature", "properties": { "grid_id": "JB1000_R0016_C0009", "grid_m": 1000, "row_id": 16, "col_id": 9, "x_min": 6000.0, "y_min": -68000.0, "x_max": 7000.0, "y_max": -67000.0, "center_x": 6500.0, "center_y": -67500.0, "full_area_m2": 1000000, "inside_area_m2": 1000000.0, "coverage_frac": 1.0, "is_edge": 0, "center_lon": 103.61943167976861, "center_lat": 1.4320214674948004 }, "geometry": { "type": "Polygon", "coordinates": [ [ [ 103.614938343611954, 1.427500045881059 ], [ 103.614939076553398, 1.436543635442386 ], [ 103.623925034719576, 1.436542877681775 ], [ 103.623924266558973, 1.427499292892741 ], [ 103.614938343611954, 1.427500045881059 ] ] ] } },
{ "type": "Feature", "properties": { "grid_id": "JB1000_R0016_C0010", "grid_m": 1000, "row_id": 16, "col_id": 10, "x_min": 7000.0, "y_min": -68000.0, "x_max": 8000.0, "y_max": -67000.0, "center_x": 7500.0, "center_y": -67500.0, "full_area_m2": 1000000, "inside_area_m2": 1000000.0, "coverage_frac": 1.0, "is_edge": 0, "center_lon": 103.6284176202944, "center_lat": 1.432020694397403 }, "geometry": { "type": "Polygon", "coordinates": [ [ [ 103.623924266558973, 1.427499292892741 ], [ 103.623925034719576, 1.436542877681775 ], [ 103.632910992879687, 1.436542084363323 ], [ 103.632910189500024, 1.427498504570522 ], [ 103.623924266558973, 1.427499292892741 ] ] ] } },
{ "type": "Feature", "properties": { "grid_id": "JB1000_R0016_C0011", "grid_m": 1000, "row_id": 16, "col_id": 11, "x_min": 8000.0, "y_min": -68000.0, "x_max": 9000.0, "y_max": -67000.0, "center_x": 8500.0, "center_y": -67500.0, "full_area_m2": 1000000, "inside_area_m2": 1000000.0, "coverage_frac": 1.0, "is_edge": 0, "center_lon": 103.63740356081404, "center_lat": 1.4320198858541435 }, "geometry": { "type": "Polygon", "coordinates": [ [ [ 103.632910189500024, 1.427498504570522 ], [ 103.632910992879687, 1.436542084363323 ], [ 103.641896951033459, 1.43654125548705 ], [ 103.641896112434821, 1.42749768091442 ], [ 103.632910189500024, 1.427498504570522 ] ] ] } },
{ "type": "Feature", "properties": { "grid_id": "JB1000_R0016_C0012", "grid_m": 1000, "row_id": 16, "col_id": 12, "x_min": 9000.0, "y_min": -68000.0, "x_max": 10000.0, "y_max": -67000.0, "center_x": 9500.0, "center_y": -67500.0, "full_area_m2": 1000000, "inside_area_m2": 1000000.0, "coverage_frac": 1.0, "is_edge": 0, "center_lon": 103.64638950132725, "center_lat": 1.4320190418650423 }, "geometry": { "type": "Polygon", "coordinates": [ [ [ 103.641896112434821, 1.42749768091442 ], [ 103.641896951033459, 1.43654125548705 ], [ 103.650882909180638, 1.436540391052975 ], [ 103.650882035363082, 1.427496821924456 ], [ 103.641896112434821, 1.42749768091442 ] ] ] } },
{ "type": "Feature", "properties": { "grid_id": "JB1000_R0016_C0013", "grid_m": 1000, "row_id": 16, "col_id": 13, "x_min": 10000.0, "y_min": -68000.0, "x_max": 11000.0, "y_max": -67000.0, "center_x": 10500.0, "center_y": -67500.0, "full_area_m2": 1000000, "inside_area_m2": 1000000.0, "coverage_frac": 1.0, "is_edge": 0, "center_lon": 103.65537544183374, "center_lat": 1.4320181624301196 }, "geometry": { "type": "Polygon", "coordinates": [ [ [ 103.650882035363082, 1.427496821924456 ], [ 103.650882909180638, 1.436540391052975 ], [ 103.65986886732091, 1.436539491061119 ], [ 103.659867958284536, 1.427495927600651 ], [ 103.650882035363082, 1.427496821924456 ] ] ] } },
{ "type": "Feature", "properties": { "grid_id": "JB1000_R0016_C0014", "grid_m": 1000, "row_id": 16, "col_id": 14, "x_min": 11000.0, "y_min": -68000.0, "x_max": 12000.0, "y_max": -67000.0, "center_x": 11500.0, "center_y": -67500.0, "full_area_m2": 1000000, "inside_area_m2": 1000000.0, "coverage_frac": 1.0, "is_edge": 0, "center_lon": 103.66436138233324, "center_lat": 1.4320172475493975 }, "geometry": { "type": "Polygon", "coordinates": [ [ [ 103.659867958284536, 1.427495927600651 ], [ 103.65986886732091, 1.436539491061119 ], [ 103.668854825454005, 1.436538555511506 ], [ 103.668853881198899, 1.427494997943026 ], [ 103.659867958284536, 1.427495927600651 ] ] ] } },
{ "type": "Feature", "properties": { "grid_id": "JB1000_R0016_C0015", "grid_m": 1000, "row_id": 16, "col_id": 15, "x_min": 12000.0, "y_min": -68000.0, "x_max": 13000.0, "y_max": -67000.0, "center_x": 12500.0, "center_y": -67500.0, "full_area_m2": 1000000, "inside_area_m2": 781571.87905520364, "coverage_frac": 0.78157187905520364, "is_edge": 1, "center_lon": 103.67334732282548, "center_lat": 1.4320162972228987 }, "geometry": { "type": "Polygon", "coordinates": [ [ [ 103.668853881198899, 1.427494997943026 ], [ 103.668854825454005, 1.436538555511506 ], [ 103.677840783579654, 1.436537584404158 ], [ 103.677840438214233, 1.433355320107072 ], [ 103.672166133802833, 1.42788102277401 ], [ 103.672027534378088, 1.427494661162724 ], [ 103.668853881198899, 1.427494997943026 ] ] ] } },
{ "type": "Feature", "properties": { "grid_id": "JB1000_R0016_C0016", "grid_m": 1000, "row_id": 16, "col_id": 16, "x_min": 13000.0, "y_min": -68000.0, "x_max": 14000.0, "y_max": -67000.0, "center_x": 13500.0, "center_y": -67500.0, "full_area_m2": 1000000, "inside_area_m2": 64570.02917816089, "coverage_frac": 0.06457002917816089, "is_edge": 1, "center_lon": 103.68233326331017, "center_lat": 1.4320153114506462 }, "geometry": { "type": "Polygon", "coordinates": [ [ [ 103.677840783579654, 1.436537584404158 ], [ 103.681138612519788, 1.436537219090276 ], [ 103.677840438214233, 1.433355320107072 ], [ 103.677840783579654, 1.436537584404158 ] ] ] } },
{ "type": "Feature", "properties": { "grid_id": "JB1000_R0016_C0038", "grid_m": 1000, "row_id": 16, "col_id": 38, "x_min": 35000.0, "y_min": -68000.0, "x_max": 36000.0, "y_max": -67000.0, "center_x": 35500.0, "center_y": -67500.0, "full_area_m2": 1000000, "inside_area_m2": 15604.372459393611, "coverage_frac": 0.015604372459393612, "is_edge": 1, "center_lon": 103.88002395150714, "center_lat": 1.431984656743853 }, "geometry": { "type": "Polygon", "coordinates": [ [ [ 103.884517817774778, 1.436505435066392 ], [ 103.884517480031008, 1.434802964294994 ], [ 103.884394738833265, 1.43487829908152 ], [ 103.884394711862839, 1.434878322588699 ], [ 103.883087646196984, 1.436505722164543 ], [ 103.884517817774778, 1.436505435066392 ] ] ] } },
{ "type": "Feature", "properties": { "grid_id": "JB1000_R0016_C0039", "grid_m": 1000, "row_id": 16, "col_id": 39, "x_min": 36000.0, "y_min": -68000.0, "x_max": 37000.0, "y_max": -67000.0, "center_x": 36500.0, "center_y": -67500.0, "full_area_m2": 1000000, "inside_area_m2": 493056.73402447428, "coverage_frac": 0.49305673402447431, "is_edge": 1, "center_lon": 103.88900989174223, "center_lat": 1.4319828557277359 }, "geometry": { "type": "Polygon", "coordinates": [ [ [ 103.884517817774778, 1.436505435066392 ], [ 103.893503775638308, 1.436503610582594 ], [ 103.893502318871697, 1.429288322409509 ], [ 103.884517480031008, 1.434802964294994 ], [ 103.884517817774778, 1.436505435066392 ] ] ] } },
{ "type": "Feature", "properties": { "grid_id": "JB1000_R0016_C0040", "grid_m": 1000, "row_id": 16, "col_id": 40, "x_min": 37000.0, "y_min": -68000.0, "x_max": 38000.0, "y_max": -67000.0, "center_x": 37500.0, "center_y": -67500.0, "full_area_m2": 1000000, "inside_area_m2": 956329.83082583686, "coverage_frac": 0.95632983082583689, "is_edge": 1, "center_lon": 103.89799583196314, "center_lat": 1.4319810192666886 }, "geometry": { "type": "Polygon", "coordinates": [ [ [ 103.893503775638308, 1.436503610582594 ], [ 103.902489733487457, 1.436501750541922 ], [ 103.902487883308652, 1.427505836106226 ], [ 103.896115810670878, 1.427684225993998 ], [ 103.893502318871697, 1.429288322409509 ], [ 103.893503775638308, 1.436503610582594 ] ] ] } },
{ "type": "Feature", "properties": { "grid_id": "JB1000_R0016_C0041", "grid_m": 1000, "row_id": 16, "col_id": 41, "x_min": 38000.0, "y_min": -68000.0, "x_max": 39000.0, "y_max": -67000.0, "center_x": 38500.0, "center_y": -67500.0, "full_area_m2": 1000000, "inside_area_m2": 999502.29887514317, "coverage_frac": 0.99950229887514319, "is_edge": 1, "center_lon": 103.90698177216963, "center_lat": 1.4319791473607568 }, "geometry": { "type": "Polygon", "coordinates": [ [ [ 103.902489733487457, 1.436501750541922 ], [ 103.911475691321925, 1.436499854944422 ], [ 103.911473796207929, 1.427456541107863 ], [ 103.904193984512773, 1.42745806984379 ], [ 103.902487883308652, 1.427505836106226 ], [ 103.902489733487457, 1.436501750541922 ] ] ] } },
{ "type": "Feature", "properties": { "grid_id": "JB1000_R0016_C0042", "grid_m": 1000, "row_id": 16, "col_id": 42, "x_min": 39000.0, "y_min": -68000.0, "x_max": 40000.0, "y_max": -67000.0, "center_x": 39500.0, "center_y": -67500.0, "full_area_m2": 1000000, "inside_area_m2": 998285.96589039371, "coverage_frac": 0.99828596589039376, "is_edge": 1, "center_lon": 103.91596771236138, "center_lat": 1.4319772400099866 }, "geometry": { "type": "Polygon", "coordinates": [ [ [ 103.911473796207929, 1.427456541107863 ], [ 103.911475691321925, 1.436499854944422 ], [ 103.920461649141444, 1.43649792379014 ], [ 103.920459774270327, 1.427715233028206 ], [ 103.919390795453182, 1.427454852241636 ], [ 103.911473796207929, 1.427456541107863 ] ] ] } },
{ "type": "Feature", "properties": { "grid_id": "JB1000_R0016_C0043", "grid_m": 1000, "row_id": 16, "col_id": 43, "x_min": 40000.0, "y_min": -68000.0, "x_max": 41000.0, "y_max": -67000.0, "center_x": 40500.0, "center_y": -67500.0, "full_area_m2": 1000000, "inside_area_m2": 860963.17486090073, "coverage_frac": 0.86096317486090068, "is_edge": 1, "center_lon": 103.92495365253815, "center_lat": 1.4319752972144244 }, "geometry": { "type": "Polygon", "coordinates": [ [ [ 103.920461649141444, 1.43649792379014 ], [ 103.929447606945729, 1.436495957079123 ], [ 103.929446124027734, 1.429678487975814 ], [ 103.921585757927531, 1.427989498539461 ], [ 103.921585729170616, 1.427989491293457 ], [ 103.920459774270327, 1.427715233028206 ], [ 103.920461649141444, 1.43649792379014 ] ] ] } },
{ "type": "Feature", "properties": { "grid_id": "JB1000_R0016_C0044", "grid_m": 1000, "row_id": 16, "col_id": 44, "x_min": 41000.0, "y_min": -68000.0, "x_max": 42000.0, "y_max": -67000.0, "center_x": 41500.0, "center_y": -67500.0, "full_area_m2": 1000000, "inside_area_m2": 725116.27134271886, "coverage_frac": 0.72511627134271883, "is_edge": 1, "center_lon": 103.93393959269964, "center_lat": 1.4319733189741186 }, "geometry": { "type": "Polygon", "coordinates": [ [ [ 103.929447606945729, 1.436495957079123 ], [ 103.93843356473451, 1.436493954811421 ], [ 103.938431873536359, 1.428853611233078 ], [ 103.935945164800103, 1.430211342176709 ], [ 103.931667857951567, 1.43015587503716 ], [ 103.929446124027734, 1.429678487975814 ], [ 103.929447606945729, 1.436495957079123 ] ] ] } },
{ "type": "Feature", "properties": { "grid_id": "JB1000_R0016_C0045", "grid_m": 1000, "row_id": 16, "col_id": 45, "x_min": 42000.0, "y_min": -68000.0, "x_max": 43000.0, "y_max": -67000.0, "center_x": 42500.0, "center_y": -67500.0, "full_area_m2": 1000000, "inside_area_m2": 977603.79386650841, "coverage_frac": 0.97760379386650842, "is_edge": 1, "center_lon": 103.94292553284561, "center_lat": 1.4319713052891174 }, "geometry": { "type": "Polygon", "coordinates": [ [ [ 103.93843356473451, 1.436493954811421 ], [ 103.947419522507516, 1.436491916987082 ], [ 103.947417486535528, 1.427448653142906 ], [ 103.941273628676839, 1.427450041490246 ], [ 103.940778204925351, 1.427572529617059 ], [ 103.940778172567406, 1.427572540460172 ], [ 103.938431873536359, 1.428853611233078 ], [ 103.93843356473451, 1.436493954811421 ] ] ] } },
{ "type": "Feature", "properties": { "grid_id": "JB1000_R0016_C0046", "grid_m": 1000, "row_id": 16, "col_id": 46, "x_min": 43000.0, "y_min": -68000.0, "x_max": 44000.0, "y_max": -67000.0, "center_x": 43500.0, "center_y": -67500.0, "full_area_m2": 1000000, "inside_area_m2": 1000000.0, "coverage_frac": 1.0, "is_edge": 0, "center_lon": 103.95191147297572, "center_lat": 1.431969256159471 }, "geometry": { "type": "Polygon", "coordinates": [ [ [ 103.947417486535528, 1.427448653142906 ], [ 103.947419522507516, 1.436491916987082 ], [ 103.956405480264465, 1.436489843606157 ], [ 103.956403409078476, 1.427446592819906 ], [ 103.947417486535528, 1.427448653142906 ] ] ] } },
{ "type": "Feature", "properties": { "grid_id": "JB1000_R0016_C0047", "grid_m": 1000, "row_id": 16, "col_id": 47, "x_min": 44000.0, "y_min": -68000.0, "x_max": 45000.0, "y_max": -67000.0, "center_x": 44500.0, "center_y": -67500.0, "full_area_m2": 1000000, "inside_area_m2": 1000000.0, "coverage_frac": 1.0, "is_edge": 0, "center_lon": 103.96089741308977, "center_lat": 1.4319671715852296 }, "geometry": { "type": "Polygon", "coordinates": [ [ [ 103.956403409078476, 1.427446592819906 ], [ 103.956405480264465, 1.436489843606157 ], [ 103.965391438005071, 1.436487734668697 ], [ 103.96538933160528, 1.427444497164302 ], [ 103.956403409078476, 1.427446592819906 ] ] ] } },
{ "type": "Feature", "properties": { "grid_id": "JB1000_R0016_C0048", "grid_m": 1000, "row_id": 16, "col_id": 48, "x_min": 45000.0, "y_min": -68000.0, "x_max": 46000.0, "y_max": -67000.0, "center_x": 45500.0, "center_y": -67500.0, "full_area_m2": 1000000, "inside_area_m2": 1000000.0, "coverage_frac": 1.0, "is_edge": 0, "center_lon": 103.96988335318741, "center_lat": 1.4319650515664444 }, "geometry": { "type": "Polygon", "coordinates": [ [ [ 103.96538933160528, 1.427444497164302 ], [ 103.965391438005071, 1.436487734668697 ], [ 103.97437739572905, 1.436485590174753 ], [ 103.974375254115671, 1.427442366176145 ], [ 103.96538933160528, 1.427444497164302 ] ] ] } },
{ "type": "Feature", "properties": { "grid_id": "JB1000_R0016_C0049", "grid_m": 1000, "row_id": 16, "col_id": 49, "x_min": 46000.0, "y_min": -68000.0, "x_max": 47000.0, "y_max": -67000.0, "center_x": 46500.0, "center_y": -67500.0, "full_area_m2": 1000000, "inside_area_m2": 1000000.0, "coverage_frac": 1.0, "is_edge": 0, "center_lon": 103.97886929326842, "center_lat": 1.4319628961031676 }, "geometry": { "type": "Polygon", "coordinates": [ [ [ 103.974375254115671, 1.427442366176145 ], [ 103.97437739572905, 1.436485590174753 ], [ 103.983363353436161, 1.436483410124379 ], [ 103.983361176609378, 1.427440199855488 ], [ 103.974375254115671, 1.427442366176145 ] ] ] } },
{ "type": "Feature", "properties": { "grid_id": "JB1000_R0016_C0050", "grid_m": 1000, "row_id": 16, "col_id": 50, "x_min": 47000.0, "y_min": -68000.0, "x_max": 48000.0, "y_max": -67000.0, "center_x": 47500.0, "center_y": -67500.0, "full_area_m2": 1000000, "inside_area_m2": 1000000.0, "coverage_frac": 1.0, "is_edge": 0, "center_lon": 103.9878552333325, "center_lat": 1.4319607051954524 }, "geometry": { "type": "Polygon", "coordinates": [ [ [ 103.983361176609378, 1.427440199855488 ], [ 103.983363353436161, 1.436483410124379 ], [ 103.992349311126077, 1.436481194517628 ], [ 103.992347099086146, 1.427437998202385 ], [ 103.983361176609378, 1.427440199855488 ] ] ] } },
{ "type": "Feature", "properties": { "grid_id": "JB1000_R0016_C0051", "grid_m": 1000, "row_id": 16, "col_id": 51, "x_min": 48000.0, "y_min": -68000.0, "x_max": 49000.0, "y_max": -67000.0, "center_x": 48500.0, "center_y": -67500.0, "full_area_m2": 1000000, "inside_area_m2": 1000000.0, "coverage_frac": 1.0, "is_edge": 0, "center_lon": 103.99684117337938, "center_lat": 1.431958478843353 }, "geometry": { "type": "Polygon", "coordinates": [ [ [ 103.992347099086146, 1.427437998202385 ], [ 103.992349311126077, 1.436481194517628 ], [ 104.001335268798556, 1.436478943354555 ], [ 104.001333021545676, 1.427435761216889 ], [ 103.992347099086146, 1.427437998202385 ] ] ] } },
{ "type": "Feature", "properties": { "grid_id": "JB1000_R0016_C0052", "grid_m": 1000, "row_id": 16, "col_id": 52, "x_min": 49000.0, "y_min": -68000.0, "x_max": 50000.0, "y_max": -67000.0, "center_x": 49500.0, "center_y": -67500.0, "full_area_m2": 1000000, "inside_area_m2": 989115.67358074815, "coverage_frac": 0.98911567358074814, "is_edge": 1, "center_lon": 104.00582711340878, "center_lat": 1.4319562170469236 }, "geometry": { "type": "Polygon", "coordinates": [ [ [ 104.001333021545676, 1.427435761216889 ], [ 104.001335268798556, 1.436478943354555 ], [ 104.0103212264533, 1.436476656635215 ], [ 104.010319262769229, 1.428699949317802 ], [ 104.008922179454103, 1.427433844425481 ], [ 104.001333021545676, 1.427435761216889 ] ] ] } },
{ "type": "Feature", "properties": { "grid_id": "JB1000_R0016_C0053", "grid_m": 1000, "row_id": 16, "col_id": 53, "x_min": 50000.0, "y_min": -68000.0, "x_max": 51000.0, "y_max": -67000.0, "center_x": 50500.0, "center_y": -67500.0, "full_area_m2": 1000000, "inside_area_m2": 410402.36847896723, "coverage_frac": 0.41040236847896722, "is_edge": 1, "center_lon": 104.01481305342044, "center_lat": 1.4319539198062206 }, "geometry": { "type": "Polygon", "coordinates": [ [ [ 104.0103212264533, 1.436476656635215 ], [ 104.018898100861222, 1.436474440853112 ], [ 104.010319262769229, 1.428699949317802 ], [ 104.0103212264533, 1.436476656635215 ] ] ] } },
{ "type": "Feature", "properties": { "grid_id": "JB1000_R0017_C0001", "grid_m": 1000, "row_id": 17, "col_id": 1, "x_min": -2000.0, "y_min": -67000.0, "x_max": -1000.0, "y_max": -66000.0, "center_x": -1500.0, "center_y": -66500.0, "full_area_m2": 1000000, "inside_area_m2": 362338.94510827819, "coverage_frac": 0.36233894510827819, "is_edge": 1, "center_lon": 103.54754462565123, "center_lat": 1.4410699940775511 }, "geometry": { "type": "Polygon", "coordinates": [ [ [ 103.552037858724404, 1.445591560124072 ], [ 103.552037369243834, 1.436547944145643 ], [ 103.548384287591176, 1.436548140845669 ], [ 103.548712068286491, 1.442482633750104 ], [ 103.549742484558521, 1.445591685186798 ], [ 103.552037858724404, 1.445591560124072 ] ] ] } },
{ "type": "Feature", "properties": { "grid_id": "JB1000_R0017_C0002", "grid_m": 1000, "row_id": 17, "col_id": 2, "x_min": -1000.0, "y_min": -67000.0, "x_max": 0.0, "y_max": -66000.0, "center_x": -500.0, "center_y": -66500.0, "full_area_m2": 1000000, "inside_area_m2": 1000000.0, "coverage_frac": 1.0, "is_edge": 0, "center_lon": 103.55653060154729, "center_lat": 1.4410695014549044 }, "geometry": { "type": "Polygon", "coordinates": [ [ [ 103.552037369243834, 1.436547944145643 ], [ 103.552037858724404, 1.445591560124072 ], [ 103.561023852367455, 1.445591048064086 ], [ 103.561023327444644, 1.436547435290396 ], [ 103.552037369243834, 1.436547944145643 ] ] ] } },
{ "type": "Feature", "properties": { "grid_id": "JB1000_R0017_C0003", "grid_m": 1000, "row_id": 17, "col_id": 3, "x_min": 0.0, "y_min": -67000.0, "x_max": 1000.0, "y_max": -66000.0, "center_x": 500.0, "center_y": -66500.0, "full_area_m2": 1000000, "inside_area_m2": 1000000.0, "coverage_frac": 1.0, "is_edge": 0, "center_lon": 103.56551657743935, "center_lat": 1.4410689731623272 }, "geometry": { "type": "Polygon", "coordinates": [ [ [ 103.561023327444644, 1.436547435290396 ], [ 103.561023852367455, 1.445591048064086 ], [ 103.570009846006329, 1.445590500222204 ], [ 103.570009285641348, 1.436546890877195 ], [ 103.561023327444644, 1.436547435290396 ] ] ] } },
{ "type": "Feature", "properties": { "grid_id": "JB1000_R0017_C0004", "grid_m": 1000, "row_id": 17, "col_id": 4, "x_min": 1000.0, "y_min": -67000.0, "x_max": 2000.0, "y_max": -66000.0, "center_x": 1500.0, "center_y": -66500.0, "full_area_m2": 1000000, "inside_area_m2": 1000000.0, "coverage_frac": 1.0, "is_edge": 0, "center_lon": 103.57450255332714, "center_lat": 1.441068409199832 }, "geometry": { "type": "Polygon", "coordinates": [ [ [ 103.570009285641348, 1.436546890877195 ], [ 103.570009846006329, 1.445590500222204 ], [ 103.578995839640768, 1.445589916598441 ], [ 103.578995243833646, 1.436546310906054 ], [ 103.570009285641348, 1.436546890877195 ] ] ] } },
{ "type": "Feature", "properties": { "grid_id": "JB1000_R0017_C0005", "grid_m": 1000, "row_id": 17, "col_id": 5, "x_min": 2000.0, "y_min": -67000.0, "x_max": 3000.0, "y_max": -66000.0, "center_x": 2500.0, "center_y": -66500.0, "full_area_m2": 1000000, "inside_area_m2": 1000000.0, "coverage_frac": 1.0, "is_edge": 0, "center_lon": 103.58348852921037, "center_lat": 1.4410678095674332 }, "geometry": { "type": "Polygon", "coordinates": [ [ [ 103.578995243833646, 1.436546310906054 ], [ 103.578995839640768, 1.445589916598441 ], [ 103.587981833270462, 1.445589297192811 ], [ 103.587981202021282, 1.436545695376987 ], [ 103.578995243833646, 1.436546310906054 ] ] ] } },
{ "type": "Feature", "properties": { "grid_id": "JB1000_R0017_C0006", "grid_m": 1000, "row_id": 17, "col_id": 6, "x_min": 3000.0, "y_min": -67000.0, "x_max": 4000.0, "y_max": -66000.0, "center_x": 3500.0, "center_y": -66500.0, "full_area_m2": 1000000, "inside_area_m2": 1000000.0, "coverage_frac": 1.0, "is_edge": 0, "center_lon": 103.59247450508875, "center_lat": 1.4410671742651453 }, "geometry": { "type": "Polygon", "coordinates": [ [ [ 103.587981202021282, 1.436545695376987 ], [ 103.587981833270462, 1.445589297192811 ], [ 103.596967826895153, 1.445588642005328 ], [ 103.596967160203974, 1.436545044290009 ], [ 103.587981202021282, 1.436545695376987 ] ] ] } },
{ "type": "Feature", "properties": { "grid_id": "JB1000_R0017_C0007", "grid_m": 1000, "row_id": 17, "col_id": 7, "x_min": 4000.0, "y_min": -67000.0, "x_max": 5000.0, "y_max": -66000.0, "center_x": 4500.0, "center_y": -66500.0, "full_area_m2": 1000000, "inside_area_m2": 1000000.0, "coverage_frac": 1.0, "is_edge": 0, "center_lon": 103.601460480962, "center_lat": 1.4410665032929841 }, "geometry": { "type": "Polygon", "coordinates": [ [ [ 103.596967160203974, 1.436545044290009 ], [ 103.596967826895153, 1.445588642005328 ], [ 103.605953820514557, 1.445587951036008 ], [ 103.605953118381436, 1.436544357645136 ], [ 103.596967160203974, 1.436545044290009 ] ] ] } },
{ "type": "Feature", "properties": { "grid_id": "JB1000_R0017_C0008", "grid_m": 1000, "row_id": 17, "col_id": 8, "x_min": 5000.0, "y_min": -67000.0, "x_max": 6000.0, "y_max": -66000.0, "center_x": 5500.0, "center_y": -66500.0, "full_area_m2": 1000000, "inside_area_m2": 1000000.0, "coverage_frac": 1.0, "is_edge": 0, "center_lon": 103.61044645682986, "center_lat": 1.4410657966509659 }, "geometry": { "type": "Polygon", "coordinates": [ [ [ 103.605953118381436, 1.436544357645136 ], [ 103.605953820514557, 1.445587951036008 ], [ 103.614939814128377, 1.44558722428487 ], [ 103.614939076553398, 1.436543635442386 ], [ 103.605953118381436, 1.436544357645136 ] ] ] } },
{ "type": "Feature", "properties": { "grid_id": "JB1000_R0017_C0009", "grid_m": 1000, "row_id": 17, "col_id": 9, "x_min": 6000.0, "y_min": -67000.0, "x_max": 7000.0, "y_max": -66000.0, "center_x": 6500.0, "center_y": -66500.0, "full_area_m2": 1000000, "inside_area_m2": 1000000.0, "coverage_frac": 1.0, "is_edge": 0, "center_lon": 103.61943243269207, "center_lat": 1.4410650543391084 }, "geometry": { "type": "Polygon", "coordinates": [ [ [ 103.614939076553398, 1.436543635442386 ], [ 103.614939814128377, 1.44558722428487 ], [ 103.623925807736356, 1.445586461751931 ], [ 103.623925034719576, 1.436542877681775 ], [ 103.614939076553398, 1.436543635442386 ] ] ] } },
{ "type": "Feature", "properties": { "grid_id": "JB1000_R0017_C0010", "grid_m": 1000, "row_id": 17, "col_id": 10, "x_min": 7000.0, "y_min": -67000.0, "x_max": 8000.0, "y_max": -66000.0, "center_x": 7500.0, "center_y": -66500.0, "full_area_m2": 1000000, "inside_area_m2": 1000000.0, "coverage_frac": 1.0, "is_edge": 0, "center_lon": 103.62841840854828, "center_lat": 1.4410642763574297 }, "geometry": { "type": "Polygon", "coordinates": [ [ [ 103.623925034719576, 1.436542877681775 ], [ 103.623925807736356, 1.445586461751931 ], [ 103.632911801338182, 1.445585663437209 ], [ 103.632910992879687, 1.436542084363323 ], [ 103.623925034719576, 1.436542877681775 ] ] ] } },
{ "type": "Feature", "properties": { "grid_id": "JB1000_R0017_C0011", "grid_m": 1000, "row_id": 17, "col_id": 11, "x_min": 8000.0, "y_min": -67000.0, "x_max": 9000.0, "y_max": -66000.0, "center_x": 8500.0, "center_y": -66500.0, "full_area_m2": 1000000, "inside_area_m2": 1000000.0, "coverage_frac": 1.0, "is_edge": 0, "center_lon": 103.63740438439827, "center_lat": 1.4410634627059487 }, "geometry": { "type": "Polygon", "coordinates": [ [ [ 103.632910992879687, 1.436542084363323 ], [ 103.632911801338182, 1.445585663437209 ], [ 103.641897794933598, 1.445584829340724 ], [ 103.641896951033459, 1.43654125548705 ], [ 103.632910992879687, 1.436542084363323 ] ] ] } },
{ "type": "Feature", "properties": { "grid_id": "JB1000_R0017_C0012", "grid_m": 1000, "row_id": 17, "col_id": 12, "x_min": 9000.0, "y_min": -67000.0, "x_max": 10000.0, "y_max": -66000.0, "center_x": 9500.0, "center_y": -66500.0, "full_area_m2": 1000000, "inside_area_m2": 1000000.0, "coverage_frac": 1.0, "is_edge": 0, "center_lon": 103.64639036024175, "center_lat": 1.441062613384686 }, "geometry": { "type": "Polygon", "coordinates": [ [ [ 103.641896951033459, 1.43654125548705 ], [ 103.641897794933598, 1.445584829340724 ], [ 103.650883788522322, 1.445583959462497 ], [ 103.650882909180638, 1.436540391052975 ], [ 103.641896951033459, 1.43654125548705 ] ] ] } },
{ "type": "Feature", "properties": { "grid_id": "JB1000_R0017_C0013", "grid_m": 1000, "row_id": 17, "col_id": 13, "x_min": 10000.0, "y_min": -67000.0, "x_max": 11000.0, "y_max": -66000.0, "center_x": 10500.0, "center_y": -66500.0, "full_area_m2": 1000000, "inside_area_m2": 1000000.0, "coverage_frac": 1.0, "is_edge": 0, "center_lon": 103.65537633607842, "center_lat": 1.4410617283936622 }, "geometry": { "type": "Polygon", "coordinates": [ [ [ 103.650882909180638, 1.436540391052975 ], [ 103.650883788522322, 1.445583959462497 ], [ 103.659869782104053, 1.445583053802549 ], [ 103.65986886732091, 1.436539491061119 ], [ 103.650882909180638, 1.436540391052975 ] ] ] } },
{ "type": "Feature", "properties": { "grid_id": "JB1000_R0017_C0014", "grid_m": 1000, "row_id": 17, "col_id": 14, "x_min": 11000.0, "y_min": -67000.0, "x_max": 12000.0, "y_max": -66000.0, "center_x": 11500.0, "center_y": -66500.0, "full_area_m2": 1000000, "inside_area_m2": 1000000.0, "coverage_frac": 1.0, "is_edge": 0, "center_lon": 103.66436231190802, "center_lat": 1.4410608077328992 }, "geometry": { "type": "Polygon", "coordinates": [ [ [ 103.65986886732091, 1.436539491061119 ], [ 103.659869782104053, 1.445583053802549 ], [ 103.668855775678523, 1.445582112360903 ], [ 103.668854825454005, 1.436538555511506 ], [ 103.65986886732091, 1.436539491061119 ] ] ] } },
{ "type": "Feature", "properties": { "grid_id": "JB1000_R0017_C0015", "grid_m": 1000, "row_id": 17, "col_id": 15, "x_min": 12000.0, "y_min": -67000.0, "x_max": 13000.0, "y_max": -66000.0, "center_x": 12500.0, "center_y": -66500.0, "full_area_m2": 1000000, "inside_area_m2": 1000000.0, "coverage_frac": 1.0, "is_edge": 0, "center_lon": 103.67334828773026, "center_lat": 1.4410598514024195 }, "geometry": { "type": "Polygon", "coordinates": [ [ [ 103.668854825454005, 1.436538555511506 ], [ 103.668855775678523, 1.445582112360903 ], [ 103.677841769245475, 1.445581135137581 ], [ 103.677840783579654, 1.436537584404158 ], [ 103.668854825454005, 1.436538555511506 ] ] ] } },
{ "type": "Feature", "properties": { "grid_id": "JB1000_R0017_C0016", "grid_m": 1000, "row_id": 17, "col_id": 16, "x_min": 13000.0, "y_min": -67000.0, "x_max": 14000.0, "y_max": -66000.0, "center_x": 13500.0, "center_y": -66500.0, "full_area_m2": 1000000, "inside_area_m2": 928268.60857133451, "coverage_frac": 0.92826860857133453, "is_edge": 1, "center_lon": 103.68233426354487, "center_lat": 1.4410588594022469 }, "geometry": { "type": "Polygon", "coordinates": [ [ [ 103.677840783579654, 1.436537584404158 ], [ 103.677841769245475, 1.445581135137581 ], [ 103.686827762804583, 1.445580122132608 ], [ 103.686826937566025, 1.438275720207027 ], [ 103.681609645540831, 1.436991644791918 ], [ 103.681138612519788, 1.436537219090276 ], [ 103.677840783579654, 1.436537584404158 ] ] ] } },
{ "type": "Feature", "properties": { "grid_id": "JB1000_R0017_C0017", "grid_m": 1000, "row_id": 17, "col_id": 17, "x_min": 14000.0, "y_min": -67000.0, "x_max": 15000.0, "y_max": -66000.0, "center_x": 14500.0, "center_y": -66500.0, "full_area_m2": 1000000, "inside_area_m2": 650666.60266327218, "coverage_frac": 0.65066660266327214, "is_edge": 1, "center_lon": 103.69132023935157, "center_lat": 1.4410578317324054 }, "geometry": { "type": "Polygon", "coordinates": [ [ [ 103.686827762804583, 1.445580122132608 ], [ 103.695813756355577, 1.445579073346009 ], [ 103.695813349865077, 1.44210643180302 ], [ 103.695136427167412, 1.441625147491198 ], [ 103.692330670460933, 1.439630278435116 ], [ 103.686826937566025, 1.438275720207027 ], [ 103.686827762804583, 1.445580122132608 ] ] ] } },
{ "type": "Feature", "properties": { "grid_id": "JB1000_R0017_C0018", "grid_m": 1000, "row_id": 17, "col_id": 18, "x_min": 15000.0, "y_min": -67000.0, "x_max": 16000.0, "y_max": -66000.0, "center_x": 15500.0, "center_y": -66500.0, "full_area_m2": 1000000, "inside_area_m2": 74663.493432841933, "coverage_frac": 0.074663493432841926, "is_edge": 1, "center_lon": 103.70030621515006, "center_lat": 1.441056768392921 }, "geometry": { "type": "Polygon", "coordinates": [ [ [ 103.695813756355577, 1.445579073346009 ], [ 103.698792487321668, 1.445578717791499 ], [ 103.697135978214121, 1.443046825281693 ], [ 103.697135949473861, 1.44304678366199 ], [ 103.695813349865077, 1.44210643180302 ], [ 103.695813756355577, 1.445579073346009 ] ] ] } },
{ "type": "Feature", "properties": { "grid_id": "JB1000_R0017_C0038", "grid_m": 1000, "row_id": 17, "col_id": 38, "x_min": 35000.0, "y_min": -67000.0, "x_max": 36000.0, "y_max": -66000.0, "center_x": 35500.0, "center_y": -66500.0, "full_area_m2": 1000000, "inside_area_m2": 563467.09916858526, "coverage_frac": 0.56346709916858528, "is_edge": 1, "center_lon": 103.8800257289686, "center_lat": 1.4410280110248928 }, "geometry": { "type": "Polygon", "coordinates": [ [ [ 103.884519618556027, 1.445548783325294 ], [ 103.884517817774778, 1.436505435066392 ], [ 103.883087646196984, 1.436505722164543 ], [ 103.875823172601571, 1.445550526070644 ], [ 103.884519618556027, 1.445548783325294 ] ] ] } },
{ "type": "Feature", "properties": { "grid_id": "JB1000_R0017_C0039", "grid_m": 1000, "row_id": 17, "col_id": 39, "x_min": 36000.0, "y_min": -67000.0, "x_max": 37000.0, "y_max": -66000.0, "center_x": 36500.0, "center_y": -66500.0, "full_area_m2": 1000000, "inside_area_m2": 1000000.0, "coverage_frac": 1.0, "is_edge": 0, "center_lon": 103.88901170453043, "center_lat": 1.4410261986303012 }, "geometry": { "type": "Polygon", "coordinates": [ [ [ 103.884517817774778, 1.436505435066392 ], [ 103.884519618556027, 1.445548783325294 ], [ 103.89350561185752, 1.445546947351012 ], [ 103.893503775638308, 1.436503610582594 ], [ 103.884517817774778, 1.436505435066392 ] ] ] } },
{ "type": "Feature", "properties": { "grid_id": "JB1000_R0017_C0040", "grid_m": 1000, "row_id": 17, "col_id": 40, "x_min": 37000.0, "y_min": -67000.0, "x_max": 38000.0, "y_max": -66000.0, "center_x": 37500.0, "center_y": -66500.0, "full_area_m2": 1000000, "inside_area_m2": 1000000.0, "coverage_frac": 1.0, "is_edge": 0, "center_lon": 103.89799768007791, "center_lat": 1.4410243505668456 }, "geometry": { "type": "Polygon", "coordinates": [ [ [ 103.893503775638308, 1.436503610582594 ], [ 103.89350561185752, 1.445546947351012 ], [ 103.902491605144448, 1.44554507559592 ], [ 103.902489733487457, 1.436501750541922 ], [ 103.893503775638308, 1.436503610582594 ] ] ] } },
{ "type": "Feature", "properties": { "grid_id": "JB1000_R0017_C0041", "grid_m": 1000, "row_id": 17, "col_id": 41, "x_min": 38000.0, "y_min": -67000.0, "x_max": 39000.0, "y_max": -66000.0, "center_x": 38500.0, "center_y": -66500.0, "full_area_m2": 1000000, "inside_area_m2": 1000000.0, "coverage_frac": 1.0, "is_edge": 0, "center_lon": 103.90698365561077, "center_lat": 1.4410224668345712 }, "geometry": { "type": "Polygon", "coordinates": [ [ [ 103.902489733487457, 1.436501750541922 ], [ 103.902491605144448, 1.44554507559592 ], [ 103.911477598416525, 1.445543168060065 ], [ 103.911475691321925, 1.436499854944422 ], [ 103.902489733487457, 1.436501750541922 ] ] ] } },
{ "type": "Feature", "properties": { "grid_id": "JB1000_R0017_C0042", "grid_m": 1000, "row_id": 17, "col_id": 42, "x_min": 39000.0, "y_min": -67000.0, "x_max": 40000.0, "y_max": -66000.0, "center_x": 39500.0, "center_y": -66500.0, "full_area_m2": 1000000, "inside_area_m2": 1000000.0, "coverage_frac": 1.0, "is_edge": 0, "center_lon": 103.91596963112873, "center_lat": 1.4410205474335245 }, "geometry": { "type": "Polygon", "coordinates": [ [ [ 103.911475691321925, 1.436499854944422 ], [ 103.911477598416525, 1.445543168060065 ], [ 103.920463591673453, 1.445541224743494 ], [ 103.920461649141444, 1.43649792379014 ], [ 103.911475691321925, 1.436499854944422 ] ] ] } },
{ "type": "Feature", "properties": { "grid_id": "JB1000_R0017_C0043", "grid_m": 1000, "row_id": 17, "col_id": 43, "x_min": 40000.0, "y_min": -67000.0, "x_max": 41000.0, "y_max": -66000.0, "center_x": 40500.0, "center_y": -66500.0, "full_area_m2": 1000000, "inside_area_m2": 1000000.0, "coverage_frac": 1.0, "is_edge": 0, "center_lon": 103.9249556066315, "center_lat": 1.4410185923637528 }, "geometry": { "type": "Polygon", "coordinates": [ [ [ 103.920461649141444, 1.43649792379014 ], [ 103.920463591673453, 1.445541224743494 ], [ 103.929449584914963, 1.445539245646255 ], [ 103.929447606945729, 1.436495957079123 ], [ 103.920461649141444, 1.43649792379014 ] ] ] } },
{ "type": "Feature", "properties": { "grid_id": "JB1000_R0017_C0044", "grid_m": 1000, "row_id": 17, "col_id": 44, "x_min": 41000.0, "y_min": -67000.0, "x_max": 42000.0, "y_max": -66000.0, "center_x": 41500.0, "center_y": -66500.0, "full_area_m2": 1000000, "inside_area_m2": 1000000.0, "coverage_frac": 1.0, "is_edge": 0, "center_lon": 103.93394158211881, "center_lat": 1.4410166016253041 }, "geometry": { "type": "Polygon", "coordinates": [ [ [ 103.929447606945729, 1.436495957079123 ], [ 103.929449584914963, 1.445539245646255 ], [ 103.938435578140783, 1.445537230768396 ], [ 103.93843356473451, 1.436493954811421 ], [ 103.929447606945729, 1.436495957079123 ] ] ] } },
{ "type": "Feature", "properties": { "grid_id": "JB1000_R0017_C0045", "grid_m": 1000, "row_id": 17, "col_id": 45, "x_min": 42000.0, "y_min": -67000.0, "x_max": 43000.0, "y_max": -66000.0, "center_x": 42500.0, "center_y": -66500.0, "full_area_m2": 1000000, "inside_area_m2": 1000000.0, "coverage_frac": 1.0, "is_edge": 0, "center_lon": 103.94292755759038, "center_lat": 1.4410145752182277 }, "geometry": { "type": "Polygon", "coordinates": [ [ [ 103.93843356473451, 1.436493954811421 ], [ 103.938435578140783, 1.445537230768396 ], [ 103.947421571350603, 1.445535180109967 ], [ 103.947419522507516, 1.436491916987082 ], [ 103.93843356473451, 1.436493954811421 ] ] ] } },
{ "type": "Feature", "properties": { "grid_id": "JB1000_R0017_C0046", "grid_m": 1000, "row_id": 17, "col_id": 46, "x_min": 43000.0, "y_min": -67000.0, "x_max": 44000.0, "y_max": -66000.0, "center_x": 43500.0, "center_y": -66500.0, "full_area_m2": 1000000, "inside_area_m2": 1000000.0, "coverage_frac": 1.0, "is_edge": 0, "center_lon": 103.95191353304592, "center_lat": 1.4410125131425733 }, "geometry": { "type": "Polygon", "coordinates": [ [ [ 103.947419522507516, 1.436491916987082 ], [ 103.947421571350603, 1.445535180109967 ], [ 103.956407564544179, 1.445533093671018 ], [ 103.956405480264465, 1.436489843606157 ], [ 103.947419522507516, 1.436491916987082 ] ] ] } },
{ "type": "Feature", "properties": { "grid_id": "JB1000_R0017_C0047", "grid_m": 1000, "row_id": 17, "col_id": 47, "x_min": 44000.0, "y_min": -67000.0, "x_max": 45000.0, "y_max": -66000.0, "center_x": 44500.0, "center_y": -66500.0, "full_area_m2": 1000000, "inside_area_m2": 1000000.0, "coverage_frac": 1.0, "is_edge": 0, "center_lon": 103.96089950848516, "center_lat": 1.4410104153983916 }, "geometry": { "type": "Polygon", "coordinates": [ [ [ 103.956405480264465, 1.436489843606157 ], [ 103.956407564544179, 1.445533093671018 ], [ 103.9653935577212, 1.445530971451602 ], [ 103.965391438005071, 1.436487734668697 ], [ 103.956405480264465, 1.436489843606157 ] ] ] } },
{ "type": "Feature", "properties": { "grid_id": "JB1000_R0017_C0048", "grid_m": 1000, "row_id": 17, "col_id": 48, "x_min": 45000.0, "y_min": -67000.0, "x_max": 46000.0, "y_max": -66000.0, "center_x": 45500.0, "center_y": -66500.0, "full_area_m2": 1000000, "inside_area_m2": 1000000.0, "coverage_frac": 1.0, "is_edge": 0, "center_lon": 103.96988548390782, "center_lat": 1.4410082819857346 }, "geometry": { "type": "Polygon", "coordinates": [ [ [ 103.965391438005071, 1.436487734668697 ], [ 103.9653935577212, 1.445530971451602 ], [ 103.974379550881395, 1.44552881345177 ], [ 103.97437739572905, 1.436485590174753 ], [ 103.965391438005071, 1.436487734668697 ] ] ] } },
{ "type": "Feature", "properties": { "grid_id": "JB1000_R0017_C0049", "grid_m": 1000, "row_id": 17, "col_id": 49, "x_min": 46000.0, "y_min": -67000.0, "x_max": 47000.0, "y_max": -66000.0, "center_x": 46500.0, "center_y": -66500.0, "full_area_m2": 1000000, "inside_area_m2": 1000000.0, "coverage_frac": 1.0, "is_edge": 0, "center_lon": 103.97887145931362, "center_lat": 1.4410061129046545 }, "geometry": { "type": "Polygon", "coordinates": [ [ [ 103.97437739572905, 1.436485590174753 ], [ 103.974379550881395, 1.44552881345177 ], [ 103.98336554402448, 1.445526619671575 ], [ 103.983363353436161, 1.436483410124379 ], [ 103.97437739572905, 1.436485590174753 ] ] ] } },
{ "type": "Feature", "properties": { "grid_id": "JB1000_R0017_C0050", "grid_m": 1000, "row_id": 17, "col_id": 50, "x_min": 47000.0, "y_min": -67000.0, "x_max": 48000.0, "y_max": -66000.0, "center_x": 47500.0, "center_y": -66500.0, "full_area_m2": 1000000, "inside_area_m2": 1000000.0, "coverage_frac": 1.0, "is_edge": 0, "center_lon": 103.98785743470226, "center_lat": 1.4410039081552048 }, "geometry": { "type": "Polygon", "coordinates": [ [ [ 103.983363353436161, 1.436483410124379 ], [ 103.98336554402448, 1.445526619671575 ], [ 103.992351537150171, 1.445524390111071 ], [ 103.992349311126077, 1.436481194517628 ], [ 103.983363353436161, 1.436483410124379 ] ] ] } },
{ "type": "Feature", "properties": { "grid_id": "JB1000_R0017_C0051", "grid_m": 1000, "row_id": 17, "col_id": 51, "x_min": 48000.0, "y_min": -67000.0, "x_max": 49000.0, "y_max": -66000.0, "center_x": 48500.0, "center_y": -66500.0, "full_area_m2": 1000000, "inside_area_m2": 1000000.0, "coverage_frac": 1.0, "is_edge": 0, "center_lon": 103.99684341007351, "center_lat": 1.4410016677374402 }, "geometry": { "type": "Polygon", "coordinates": [ [ [ 103.992349311126077, 1.436481194517628 ], [ 103.992351537150171, 1.445524390111071 ], [ 104.001337530258198, 1.445522124770314 ], [ 104.001335268798556, 1.436478943354555 ], [ 103.992349311126077, 1.436481194517628 ] ] ] } },
{ "type": "Feature", "properties": { "grid_id": "JB1000_R0017_C0052", "grid_m": 1000, "row_id": 17, "col_id": 52, "x_min": 49000.0, "y_min": -67000.0, "x_max": 50000.0, "y_max": -66000.0, "center_x": 49500.0, "center_y": -66500.0, "full_area_m2": 1000000, "inside_area_m2": 1000000.0, "coverage_frac": 1.0, "is_edge": 0, "center_lon": 104.00582938542705, "center_lat": 1.4409993916514152 }, "geometry": { "type": "Polygon", "coordinates": [ [ [ 104.001335268798556, 1.436478943354555 ], [ 104.001337530258198, 1.445522124770314 ], [ 104.010323523348276, 1.445519823649359 ], [ 104.0103212264533, 1.436476656635215 ], [ 104.001335268798556, 1.436478943354555 ] ] ] } },
{ "type": "Feature", "properties": { "grid_id": "JB1000_R0017_C0053", "grid_m": 1000, "row_id": 17, "col_id": 53, "x_min": 50000.0, "y_min": -67000.0, "x_max": 51000.0, "y_max": -66000.0, "center_x": 50500.0, "center_y": -66500.0, "full_area_m2": 1000000, "inside_area_m2": 999066.36933390563, "coverage_frac": 0.99906636933390558, "is_edge": 1, "center_lon": 104.01481536076261, "center_lat": 1.4409970798971865 }, "geometry": { "type": "Polygon", "coordinates": [ [ [ 104.0103212264533, 1.436476656635215 ], [ 104.010323523348276, 1.445519823649359 ], [ 104.019309516420122, 1.445517486748263 ], [ 104.019307279465707, 1.436845252147605 ], [ 104.018898100861222, 1.436474440853112 ], [ 104.0103212264533, 1.436476656635215 ] ] ] } },
{ "type": "Feature", "properties": { "grid_id": "JB1000_R0017_C0054", "grid_m": 1000, "row_id": 17, "col_id": 54, "x_min": 51000.0, "y_min": -67000.0, "x_max": 52000.0, "y_max": -66000.0, "center_x": 51500.0, "center_y": -66500.0, "full_area_m2": 1000000, "inside_area_m2": 618872.2863221931, "coverage_frac": 0.61887228632219315, "is_edge": 1, "center_lon": 104.02380133607991, "center_lat": 1.4409947324748102 }, "geometry": { "type": "Polygon", "coordinates": [ [ [ 104.019309516420122, 1.445517486748263 ], [ 104.026849416201387, 1.445515498312388 ], [ 104.027897176282423, 1.440964951199796 ], [ 104.025486627388716, 1.440171816673029 ], [ 104.025409512256729, 1.440146443901284 ], [ 104.02154810559864, 1.43887595868081 ], [ 104.019307279465707, 1.436845252147605 ], [ 104.019309516420122, 1.445517486748263 ] ] ] } },
{ "type": "Feature", "properties": { "grid_id": "JB1000_R0018_C0001", "grid_m": 1000, "row_id": 18, "col_id": 1, "x_min": -2000.0, "y_min": -66000.0, "x_max": -1000.0, "y_max": -65000.0, "center_x": -1500.0, "center_y": -65500.0, "full_area_m2": 1000000, "inside_area_m2": 107205.50039800117, "coverage_frac": 0.10720550039800117, "is_edge": 1, "center_lon": 103.54754509889251, "center_lat": 1.4501136112133621 }, "geometry": { "type": "Polygon", "coordinates": [ [ [ 103.552037858724404, 1.445591560124072 ], [ 103.549742484558521, 1.445591685186798 ], [ 103.550885371232269, 1.449040078911013 ], [ 103.552038307897433, 1.453840906740716 ], [ 103.552037858724404, 1.445591560124072 ] ] ] } },
{ "type": "Feature", "properties": { "grid_id": "JB1000_R0018_C0002", "grid_m": 1000, "row_id": 18, "col_id": 2, "x_min": -1000.0, "y_min": -66000.0, "x_max": 0.0, "y_max": -65000.0, "center_x": -500.0, "center_y": -65500.0, "full_area_m2": 1000000, "inside_area_m2": 999068.07487267558, "coverage_frac": 0.99906807487267557, "is_edge": 1, "center_lon": 103.55653111034216, "center_lat": 1.4501131154979361 }, "geometry": { "type": "Polygon", "coordinates": [ [ [ 103.561024380587952, 1.454634660114593 ], [ 103.561023852367455, 1.445591048064086 ], [ 103.552037858724404, 1.445591560124072 ], [ 103.552038307897433, 1.453840906740716 ], [ 103.552229052510398, 1.454635164818359 ], [ 103.561024380587952, 1.454634660114593 ] ] ] } },
{ "type": "Feature", "properties": { "grid_id": "JB1000_R0018_C0003", "grid_m": 1000, "row_id": 18, "col_id": 3, "x_min": 0.0, "y_min": -66000.0, "x_max": 1000.0, "y_max": -65000.0, "center_x": 500.0, "center_y": -65500.0, "full_area_m2": 1000000, "inside_area_m2": 1000000.0, "coverage_frac": 1.0, "is_edge": 0, "center_lon": 103.56551712178775, "center_lat": 1.4501125838886366 }, "geometry": { "type": "Polygon", "coordinates": [ [ [ 103.561023852367455, 1.445591048064086 ], [ 103.561024380587952, 1.454634660114593 ], [ 103.57001040989168, 1.454634108844005 ], [ 103.570009846006329, 1.445590500222204 ], [ 103.561023852367455, 1.445591048064086 ] ] ] } },
{ "type": "Feature", "properties": { "grid_id": "JB1000_R0018_C0004", "grid_m": 1000, "row_id": 18, "col_id": 4, "x_min": 1000.0, "y_min": -66000.0, "x_max": 2000.0, "y_max": -65000.0, "center_x": 1500.0, "center_y": -65500.0, "full_area_m2": 1000000, "inside_area_m2": 1000000.0, "coverage_frac": 1.0, "is_edge": 0, "center_lon": 103.57450313322903, "center_lat": 1.450112016385477 }, "geometry": { "type": "Polygon", "coordinates": [ [ [ 103.570009846006329, 1.445590500222204 ], [ 103.57001040989168, 1.454634108844005 ], [ 103.578996439190888, 1.454633521567592 ], [ 103.578995839640768, 1.445589916598441 ], [ 103.570009846006329, 1.445590500222204 ] ] ] } },
{ "type": "Feature", "properties": { "grid_id": "JB1000_R0018_C0005", "grid_m": 1000, "row_id": 18, "col_id": 5, "x_min": 2000.0, "y_min": -66000.0, "x_max": 3000.0, "y_max": -65000.0, "center_x": 2500.0, "center_y": -65500.0, "full_area_m2": 1000000, "inside_area_m2": 1000000.0, "coverage_frac": 1.0, "is_edge": 0, "center_lon": 103.58348914466568, "center_lat": 1.4501114129884711 }, "geometry": { "type": "Polygon", "coordinates": [ [ [ 103.578995839640768, 1.445589916598441 ], [ 103.578996439190888, 1.454633521567592 ], [ 103.587982468485322, 1.454632898285368 ], [ 103.587981833270462, 1.445589297192811 ], [ 103.578995839640768, 1.445589916598441 ] ] ] } },
{ "type": "Feature", "properties": { "grid_id": "JB1000_R0018_C0006", "grid_m": 1000, "row_id": 18, "col_id": 6, "x_min": 3000.0, "y_min": -66000.0, "x_max": 4000.0, "y_max": -65000.0, "center_x": 3500.0, "center_y": -65500.0, "full_area_m2": 1000000, "inside_area_m2": 1000000.0, "coverage_frac": 1.0, "is_edge": 0, "center_lon": 103.59247515609741, "center_lat": 1.4501107736976337 }, "geometry": { "type": "Polygon", "coordinates": [ [ [ 103.587981833270462, 1.445589297192811 ], [ 103.587982468485322, 1.454632898285368 ], [ 103.596968497774654, 1.454632238997349 ], [ 103.596967826895153, 1.445588642005328 ], [ 103.587981833270462, 1.445589297192811 ] ] ] } },
{ "type": "Feature", "properties": { "grid_id": "JB1000_R0018_C0007", "grid_m": 1000, "row_id": 18, "col_id": 7, "x_min": 4000.0, "y_min": -66000.0, "x_max": 5000.0, "y_max": -65000.0, "center_x": 4500.0, "center_y": -65500.0, "full_area_m2": 1000000, "inside_area_m2": 1000000.0, "coverage_frac": 1.0, "is_edge": 0, "center_lon": 103.60146116752398, "center_lat": 1.4501100985129807 }, "geometry": { "type": "Polygon", "coordinates": [ [ [ 103.596967826895153, 1.445588642005328 ], [ 103.596968497774654, 1.454632238997349 ], [ 103.605954527058643, 1.454631543703551 ], [ 103.605953820514557, 1.445587951036008 ], [ 103.596967826895153, 1.445588642005328 ] ] ] } },
{ "type": "Feature", "properties": { "grid_id": "JB1000_R0018_C0008", "grid_m": 1000, "row_id": 18, "col_id": 8, "x_min": 5000.0, "y_min": -66000.0, "x_max": 6000.0, "y_max": -65000.0, "center_x": 5500.0, "center_y": -65500.0, "full_area_m2": 1000000, "inside_area_m2": 1000000.0, "coverage_frac": 1.0, "is_edge": 0, "center_lon": 103.61044717894507, "center_lat": 1.4501093874345283 }, "geometry": { "type": "Polygon", "coordinates": [ [ [ 103.605953820514557, 1.445587951036008 ], [ 103.605954527058643, 1.454631543703551 ], [ 103.614940556337004, 1.45463081240399 ], [ 103.614939814128377, 1.44558722428487 ], [ 103.605953820514557, 1.445587951036008 ] ] ] } },
{ "type": "Feature", "properties": { "grid_id": "JB1000_R0018_C0009", "grid_m": 1000, "row_id": 18, "col_id": 9, "x_min": 6000.0, "y_min": -66000.0, "x_max": 7000.0, "y_max": -65000.0, "center_x": 6500.0, "center_y": -65500.0, "full_area_m2": 1000000, "inside_area_m2": 1000000.0, "coverage_frac": 1.0, "is_edge": 0, "center_lon": 103.61943319036041, "center_lat": 1.4501086404622947 }, "geometry": { "type": "Polygon", "coordinates": [ [ [ 103.614939814128377, 1.44558722428487 ], [ 103.614940556337004, 1.45463081240399 ], [ 103.623926585609425, 1.454630045098685 ], [ 103.623925807736356, 1.445586461751931 ], [ 103.614939814128377, 1.44558722428487 ] ] ] } },
{ "type": "Feature", "properties": { "grid_id": "JB1000_R0018_C0010", "grid_m": 1000, "row_id": 18, "col_id": 10, "x_min": 7000.0, "y_min": -66000.0, "x_max": 8000.0, "y_max": -65000.0, "center_x": 7500.0, "center_y": -65500.0, "full_area_m2": 1000000, "inside_area_m2": 1000000.0, "coverage_frac": 1.0, "is_edge": 0, "center_lon": 103.62841920176972, "center_lat": 1.450107857596298 }, "geometry": { "type": "Polygon", "coordinates": [ [ [ 103.623925807736356, 1.445586461751931 ], [ 103.623926585609425, 1.454630045098685 ], [ 103.632912614875622, 1.454629241787655 ], [ 103.632911801338182, 1.445585663437209 ], [ 103.623925807736356, 1.445586461751931 ] ] ] } },
{ "type": "Feature", "properties": { "grid_id": "JB1000_R0018_C0011", "grid_m": 1000, "row_id": 18, "col_id": 11, "x_min": 8000.0, "y_min": -66000.0, "x_max": 9000.0, "y_max": -65000.0, "center_x": 8500.0, "center_y": -65500.0, "full_area_m2": 1000000, "inside_area_m2": 1000000.0, "coverage_frac": 1.0, "is_edge": 0, "center_lon": 103.63740521317271, "center_lat": 1.4501070388365573 }, "geometry": { "type": "Polygon", "coordinates": [ [ [ 103.632911801338182, 1.445585663437209 ], [ 103.632912614875622, 1.454629241787655 ], [ 103.641898644135324, 1.45462840247092 ], [ 103.641897794933598, 1.445584829340724 ], [ 103.632911801338182, 1.445585663437209 ] ] ] } },
{ "type": "Feature", "properties": { "grid_id": "JB1000_R0018_C0012", "grid_m": 1000, "row_id": 18, "col_id": 12, "x_min": 9000.0, "y_min": -66000.0, "x_max": 10000.0, "y_max": -65000.0, "center_x": 9500.0, "center_y": -65500.0, "full_area_m2": 1000000, "inside_area_m2": 1000000.0, "coverage_frac": 1.0, "is_edge": 0, "center_lon": 103.64639122456911, "center_lat": 1.4501061841830929 }, "geometry": { "type": "Polygon", "coordinates": [ [ [ 103.641897794933598, 1.445584829340724 ], [ 103.641898644135324, 1.45462840247092 ], [ 103.650884673388262, 1.4546275271485 ], [ 103.650883788522322, 1.445583959462497 ], [ 103.641897794933598, 1.445584829340724 ] ] ] } },
{ "type": "Feature", "properties": { "grid_id": "JB1000_R0018_C0013", "grid_m": 1000, "row_id": 18, "col_id": 13, "x_min": 10000.0, "y_min": -66000.0, "x_max": 11000.0, "y_max": -65000.0, "center_x": 10500.0, "center_y": -65500.0, "full_area_m2": 1000000, "inside_area_m2": 1000000.0, "coverage_frac": 1.0, "is_edge": 0, "center_lon": 103.65537723595862, "center_lat": 1.4501052936359258 }, "geometry": { "type": "Polygon", "coordinates": [ [ [ 103.650883788522322, 1.445583959462497 ], [ 103.650884673388262, 1.4546275271485 ], [ 103.659870702634123, 1.454626615820416 ], [ 103.659869782104053, 1.445583053802549 ], [ 103.650883788522322, 1.445583959462497 ] ] ] } },
{ "type": "Feature", "properties": { "grid_id": "JB1000_R0018_C0014", "grid_m": 1000, "row_id": 18, "col_id": 14, "x_min": 11000.0, "y_min": -66000.0, "x_max": 12000.0, "y_max": -65000.0, "center_x": 11500.0, "center_y": -65500.0, "full_area_m2": 1000000, "inside_area_m2": 1000000.0, "coverage_frac": 1.0, "is_edge": 0, "center_lon": 103.66436324734097, "center_lat": 1.450104367195078 }, "geometry": { "type": "Polygon", "coordinates": [ [ [ 103.659869782104053, 1.445583053802549 ], [ 103.659870702634123, 1.454626615820416 ], [ 103.668856731872623, 1.454625668486692 ], [ 103.668855775678523, 1.445582112360903 ], [ 103.659869782104053, 1.445583053802549 ] ] ] } },
{ "type": "Feature", "properties": { "grid_id": "JB1000_R0018_C0015", "grid_m": 1000, "row_id": 18, "col_id": 15, "x_min": 12000.0, "y_min": -66000.0, "x_max": 13000.0, "y_max": -65000.0, "center_x": 12500.0, "center_y": -65500.0, "full_area_m2": 1000000, "inside_area_m2": 1000000.0, "coverage_frac": 1.0, "is_edge": 0, "center_lon": 103.67334925871587, "center_lat": 1.4501034048605723 }, "geometry": { "type": "Polygon", "coordinates": [ [ [ 103.668855775678523, 1.445582112360903 ], [ 103.668856731872623, 1.454625668486692 ], [ 103.677842761103477, 1.454624685147351 ], [ 103.677841769245475, 1.445581135137581 ], [ 103.668855775678523, 1.445582112360903 ] ] ] } },
{ "type": "Feature", "properties": { "grid_id": "JB1000_R0018_C0016", "grid_m": 1000, "row_id": 18, "col_id": 16, "x_min": 13000.0, "y_min": -66000.0, "x_max": 14000.0, "y_max": -65000.0, "center_x": 13500.0, "center_y": -65500.0, "full_area_m2": 1000000, "inside_area_m2": 1000000.0, "coverage_frac": 1.0, "is_edge": 0, "center_lon": 103.68233527008304, "center_lat": 1.4501024066324326 }, "geometry": { "type": "Polygon", "coordinates": [ [ [ 103.677841769245475, 1.445581135137581 ], [ 103.677842761103477, 1.454624685147351 ], [ 103.68682879032643, 1.454623665802416 ], [ 103.686827762804583, 1.445580122132608 ], [ 103.677841769245475, 1.445581135137581 ] ] ] } },
{ "type": "Feature", "properties": { "grid_id": "JB1000_R0018_C0017", "grid_m": 1000, "row_id": 18, "col_id": 17, "x_min": 14000.0, "y_min": -66000.0, "x_max": 15000.0, "y_max": -65000.0, "center_x": 14500.0, "center_y": -65500.0, "full_area_m2": 1000000, "inside_area_m2": 1000000.0, "coverage_frac": 1.0, "is_edge": 0, "center_lon": 103.69132128144219, "center_lat": 1.4501013725106831 }, "geometry": { "type": "Polygon", "coordinates": [ [ [ 103.686827762804583, 1.445580122132608 ], [ 103.68682879032643, 1.454623665802416 ], [ 103.695814819541155, 1.454622610451913 ], [ 103.695813756355577, 1.445579073346009 ], [ 103.686827762804583, 1.445580122132608 ] ] ] } },
{ "type": "Feature", "properties": { "grid_id": "JB1000_R0018_C0018", "grid_m": 1000, "row_id": 18, "col_id": 18, "x_min": 15000.0, "y_min": -66000.0, "x_max": 16000.0, "y_max": -65000.0, "center_x": 15500.0, "center_y": -65500.0, "full_area_m2": 1000000, "inside_area_m2": 702386.31526966637, "coverage_frac": 0.70238631526966633, "is_edge": 1, "center_lon": 103.70030729279306, "center_lat": 1.4501003024953494 }, "geometry": { "type": "Polygon", "coordinates": [ [ [ 103.695813756355577, 1.445579073346009 ], [ 103.695814819541155, 1.454622610451913 ], [ 103.704800848747411, 1.454621519095869 ], [ 103.704800567513871, 1.452312334574086 ], [ 103.702024428799135, 1.450518556867582 ], [ 103.698792487321668, 1.445578717791499 ], [ 103.695813756355577, 1.445579073346009 ] ] ] } },
{ "type": "Feature", "properties": { "grid_id": "JB1000_R0018_C0019", "grid_m": 1000, "row_id": 18, "col_id": 19, "x_min": 16000.0, "y_min": -66000.0, "x_max": 17000.0, "y_max": -65000.0, "center_x": 16500.0, "center_y": -65500.0, "full_area_m2": 1000000, "inside_area_m2": 50761.948872334848, "coverage_frac": 0.050761948872334844, "is_edge": 1, "center_lon": 103.70929330413531, "center_lat": 1.450099196586458 }, "geometry": { "type": "Polygon", "coordinates": [ [ [ 103.704800848747411, 1.454621519095869 ], [ 103.708373703277331, 1.454621075167662 ], [ 103.707162386090019, 1.453838397200932 ], [ 103.704800567513871, 1.452312334574086 ], [ 103.704800848747411, 1.454621519095869 ] ] ] } },
{ "type": "Feature", "properties": { "grid_id": "JB1000_R0018_C0022", "grid_m": 1000, "row_id": 18, "col_id": 22, "x_min": 19000.0, "y_min": -66000.0, "x_max": 20000.0, "y_max": -65000.0, "center_x": 19500.0, "center_y": -65500.0, "full_area_m2": 1000000, "inside_area_m2": 36165.504923600871, "coverage_frac": 0.03616550492360087, "is_edge": 1, "center_lon": 103.73625133810782, "center_lat": 1.4500956634987137 }, "geometry": { "type": "Polygon", "coordinates": [ [ [ 103.740744965481767, 1.454616793616819 ], [ 103.740744706532283, 1.452735174586313 ], [ 103.73807613262197, 1.454351283267689 ], [ 103.737524227954523, 1.454617240535955 ], [ 103.740744965481767, 1.454616793616819 ] ] ] } },
{ "type": "Feature", "properties": { "grid_id": "JB1000_R0018_C0023", "grid_m": 1000, "row_id": 18, "col_id": 23, "x_min": 20000.0, "y_min": -66000.0, "x_max": 21000.0, "y_max": -65000.0, "center_x": 20500.0, "center_y": -65500.0, "full_area_m2": 1000000, "inside_area_m2": 446544.55252606771, "coverage_frac": 0.44654455252606773, "is_edge": 1, "center_lon": 103.74523734941295, "center_lat": 1.4500944140158722 }, "geometry": { "type": "Polygon", "coordinates": [ [ [ 103.740744965481767, 1.454616793616819 ], [ 103.749730994641283, 1.454615522233484 ], [ 103.749730265032369, 1.449456145510127 ], [ 103.745047788912359, 1.450129185625739 ], [ 103.740744706532283, 1.452735174586313 ], [ 103.740744965481767, 1.454616793616819 ] ] ] } },
{ "type": "Feature", "properties": { "grid_id": "JB1000_R0018_C0024", "grid_m": 1000, "row_id": 18, "col_id": 24, "x_min": 21000.0, "y_min": -66000.0, "x_max": 22000.0, "y_max": -65000.0, "center_x": 21500.0, "center_y": -65500.0, "full_area_m2": 1000000, "inside_area_m2": 641846.25188316568, "coverage_frac": 0.64184625188316569, "is_edge": 1, "center_lon": 103.75422336070805, "center_lat": 1.4500931286396181 }, "geometry": { "type": "Polygon", "coordinates": [ [ [ 103.749730994641283, 1.454615522233484 ], [ 103.758717023790581, 1.454614214844782 ], [ 103.758716086662119, 1.448164533333365 ], [ 103.749730265032369, 1.449456145510127 ], [ 103.749730994641283, 1.454615522233484 ] ] ] } },
{ "type": "Feature", "properties": { "grid_id": "JB1000_R0018_C0025", "grid_m": 1000, "row_id": 18, "col_id": 25, "x_min": 22000.0, "y_min": -66000.0, "x_max": 23000.0, "y_max": -65000.0, "center_x": 22500.0, "center_y": -65500.0, "full_area_m2": 1000000, "inside_area_m2": 518979.41378409503, "coverage_frac": 0.51897941378409507, "is_edge": 1, "center_lon": 103.7632093719929, "center_lat": 1.4500918073699829 }, "geometry": { "type": "Polygon", "coordinates": [ [ [ 103.758717023790581, 1.454614214844782 ], [ 103.767703052929406, 1.454612871450745 ], [ 103.767702634303618, 1.451811449639277 ], [ 103.764437670579682, 1.450435794099805 ], [ 103.758962920947127, 1.448129053149495 ], [ 103.758716086662119, 1.448164533333365 ], [ 103.758717023790581, 1.454614214844782 ] ] ] } },
{ "type": "Feature", "properties": { "grid_id": "JB1000_R0018_C0026", "grid_m": 1000, "row_id": 18, "col_id": 26, "x_min": 23000.0, "y_min": -66000.0, "x_max": 24000.0, "y_max": -65000.0, "center_x": 23500.0, "center_y": -65500.0, "full_area_m2": 1000000, "inside_area_m2": 92857.449385751737, "coverage_frac": 0.092857449385751731, "is_edge": 1, "center_lon": 103.77219538326717, "center_lat": 1.4500904502069991 }, "geometry": { "type": "Polygon", "coordinates": [ [ [ 103.767703052929406, 1.454612871450745 ], [ 103.772662210136289, 1.454612114648121 ], [ 103.76938953414377, 1.452522202894043 ], [ 103.767702634303618, 1.451811449639277 ], [ 103.767703052929406, 1.454612871450745 ] ] ] } },
{ "type": "Feature", "properties": { "grid_id": "JB1000_R0018_C0037", "grid_m": 1000, "row_id": 18, "col_id": 37, "x_min": 34000.0, "y_min": -66000.0, "x_max": 35000.0, "y_max": -65000.0, "center_x": 34500.0, "center_y": -65500.0, "full_area_m2": 1000000, "inside_area_m2": 395070.77518237307, "coverage_frac": 0.39507077518237305, "is_edge": 1, "center_lon": 103.87104150650615, "center_lat": 1.4500731524633634 }, "geometry": { "type": "Polygon", "coordinates": [ [ [ 103.875535401673659, 1.454593942319074 ], [ 103.875533695815648, 1.445910944643891 ], [ 103.873284822393856, 1.448710943772138 ], [ 103.867941518300313, 1.454595445071765 ], [ 103.875535401673659, 1.454593942319074 ] ] ] } },
{ "type": "Feature", "properties": { "grid_id": "JB1000_R0018_C0038", "grid_m": 1000, "row_id": 18, "col_id": 38, "x_min": 35000.0, "y_min": -66000.0, "x_max": 36000.0, "y_max": -65000.0, "center_x": 35500.0, "center_y": -65500.0, "full_area_m2": 1000000, "inside_area_m2": 999358.00494959462, "coverage_frac": 0.99935800494959459, "is_edge": 1, "center_lon": 103.88002751763159, "center_lat": 1.4500713645830567 }, "geometry": { "type": "Polygon", "coordinates": [ [ [ 103.875535401673659, 1.454593942319074 ], [ 103.884521430650238, 1.454592130859011 ], [ 103.884519618556027, 1.445548783325294 ], [ 103.875823172601571, 1.445550526070644 ], [ 103.875533695815648, 1.445910944643891 ], [ 103.875535401673659, 1.454593942319074 ] ] ] } },
{ "type": "Feature", "properties": { "grid_id": "JB1000_R0018_C0039", "grid_m": 1000, "row_id": 18, "col_id": 39, "x_min": 36000.0, "y_min": -66000.0, "x_max": 37000.0, "y_max": -65000.0, "center_x": 36500.0, "center_y": -65500.0, "full_area_m2": 1000000, "inside_area_m2": 1000000.0, "coverage_frac": 1.0, "is_edge": 0, "center_lon": 103.88901352874279, "center_lat": 1.4500695408099051 }, "geometry": { "type": "Polygon", "coordinates": [ [ [ 103.884519618556027, 1.445548783325294 ], [ 103.884521430650238, 1.454592130859011 ], [ 103.893507459612337, 1.454590283394157 ], [ 103.89350561185752, 1.445546947351012 ], [ 103.884519618556027, 1.445548783325294 ] ] ] } },
{ "type": "Feature", "properties": { "grid_id": "JB1000_R0018_C0040", "grid_m": 1000, "row_id": 18, "col_id": 40, "x_min": 37000.0, "y_min": -66000.0, "x_max": 38000.0, "y_max": -65000.0, "center_x": 37500.0, "center_y": -65500.0, "full_area_m2": 1000000, "inside_area_m2": 1000000.0, "coverage_frac": 1.0, "is_edge": 0, "center_lon": 103.89799953983946, "center_lat": 1.4500676811439535 }, "geometry": { "type": "Polygon", "coordinates": [ [ [ 103.89350561185752, 1.445546947351012 ], [ 103.893507459612337, 1.454590283394157 ], [ 103.902493488559685, 1.454588399924557 ], [ 103.902491605144448, 1.44554507559592 ], [ 103.89350561185752, 1.445546947351012 ] ] ] } },
{ "type": "Feature", "properties": { "grid_id": "JB1000_R0018_C0041", "grid_m": 1000, "row_id": 18, "col_id": 41, "x_min": 38000.0, "y_min": -66000.0, "x_max": 39000.0, "y_max": -65000.0, "center_x": 38500.0, "center_y": -65500.0, "full_area_m2": 1000000, "inside_area_m2": 1000000.0, "coverage_frac": 1.0, "is_edge": 0, "center_lon": 103.90698555092135, "center_lat": 1.4500657855852472 }, "geometry": { "type": "Polygon", "coordinates": [ [ [ 103.902491605144448, 1.44554507559592 ], [ 103.902493488559685, 1.454588399924557 ], [ 103.911479517491983, 1.454586480450257 ], [ 103.911477598416525, 1.445543168060065 ], [ 103.902491605144448, 1.44554507559592 ] ] ] } },
{ "type": "Feature", "properties": { "grid_id": "JB1000_R0018_C0042", "grid_m": 1000, "row_id": 18, "col_id": 42, "x_min": 39000.0, "y_min": -66000.0, "x_max": 40000.0, "y_max": -65000.0, "center_x": 39500.0, "center_y": -65500.0, "full_area_m2": 1000000, "inside_area_m2": 1000000.0, "coverage_frac": 1.0, "is_edge": 0, "center_lon": 103.91597156198812, "center_lat": 1.4500638541338333 }, "geometry": { "type": "Polygon", "coordinates": [ [ [ 103.911477598416525, 1.445543168060065 ], [ 103.911479517491983, 1.454586480450257 ], [ 103.920465546408963, 1.454584524971305 ], [ 103.920463591673453, 1.445541224743494 ], [ 103.911477598416525, 1.445543168060065 ] ] ] } },
{ "type": "Feature", "properties": { "grid_id": "JB1000_R0018_C0043", "grid_m": 1000, "row_id": 18, "col_id": 43, "x_min": 40000.0, "y_min": -66000.0, "x_max": 41000.0, "y_max": -65000.0, "center_x": 40500.0, "center_y": -65500.0, "full_area_m2": 1000000, "inside_area_m2": 1000000.0, "coverage_frac": 1.0, "is_edge": 0, "center_lon": 103.92495757303951, "center_lat": 1.4500618867897594 }, "geometry": { "type": "Polygon", "coordinates": [ [ [ 103.920463591673453, 1.445541224743494 ], [ 103.920465546408963, 1.454584524971305 ], [ 103.92945157531031, 1.454582533487749 ], [ 103.929449584914963, 1.445539245646255 ], [ 103.920463591673453, 1.445541224743494 ] ] ] } },
{ "type": "Feature", "properties": { "grid_id": "JB1000_R0018_C0044", "grid_m": 1000, "row_id": 18, "col_id": 44, "x_min": 41000.0, "y_min": -66000.0, "x_max": 42000.0, "y_max": -65000.0, "center_x": 41500.0, "center_y": -65500.0, "full_area_m2": 1000000, "inside_area_m2": 1000000.0, "coverage_frac": 1.0, "is_edge": 0, "center_lon": 103.93394358407527, "center_lat": 1.4500598835530738 }, "geometry": { "type": "Polygon", "coordinates": [ [ [ 103.929449584914963, 1.445539245646255 ], [ 103.92945157531031, 1.454582533487749 ], [ 103.938437604195769, 1.454580505999638 ], [ 103.938435578140783, 1.445537230768396 ], [ 103.929449584914963, 1.445539245646255 ] ] ] } },
{ "type": "Feature", "properties": { "grid_id": "JB1000_R0018_C0045", "grid_m": 1000, "row_id": 18, "col_id": 45, "x_min": 42000.0, "y_min": -66000.0, "x_max": 43000.0, "y_max": -65000.0, "center_x": 42500.0, "center_y": -65500.0, "full_area_m2": 1000000, "inside_area_m2": 1000000.0, "coverage_frac": 1.0, "is_edge": 0, "center_lon": 103.94292959509507, "center_lat": 1.4500578444238259 }, "geometry": { "type": "Polygon", "coordinates": [ [ [ 103.938435578140783, 1.445537230768396 ], [ 103.938437604195769, 1.454580505999638 ], [ 103.947423633065043, 1.454578442507022 ], [ 103.947421571350603, 1.445535180109967 ], [ 103.938435578140783, 1.445537230768396 ] ] ] } },
{ "type": "Feature", "properties": { "grid_id": "JB1000_R0018_C0046", "grid_m": 1000, "row_id": 18, "col_id": 46, "x_min": 43000.0, "y_min": -66000.0, "x_max": 44000.0, "y_max": -65000.0, "center_x": 43500.0, "center_y": -65500.0, "full_area_m2": 1000000, "inside_area_m2": 1000000.0, "coverage_frac": 1.0, "is_edge": 0, "center_lon": 103.95191560609864, "center_lat": 1.4500557694020659 }, "geometry": { "type": "Polygon", "coordinates": [ [ [ 103.947421571350603, 1.445535180109967 ], [ 103.947423633065043, 1.454578442507022 ], [ 103.95640966191786, 1.454576343009952 ], [ 103.956407564544179, 1.445533093671018 ], [ 103.947421571350603, 1.445535180109967 ] ] ] } },
{ "type": "Feature", "properties": { "grid_id": "JB1000_R0018_C0047", "grid_m": 1000, "row_id": 18, "col_id": 47, "x_min": 44000.0, "y_min": -66000.0, "x_max": 45000.0, "y_max": -65000.0, "center_x": 44500.0, "center_y": -65500.0, "full_area_m2": 1000000, "inside_area_m2": 1000000.0, "coverage_frac": 1.0, "is_edge": 0, "center_lon": 103.96090161708571, "center_lat": 1.450053658487845 }, "geometry": { "type": "Polygon", "coordinates": [ [ [ 103.956407564544179, 1.445533093671018 ], [ 103.95640966191786, 1.454576343009952 ], [ 103.965395690753908, 1.454574207508479 ], [ 103.9653935577212, 1.445530971451602 ], [ 103.956407564544179, 1.445533093671018 ] ] ] } },
{ "type": "Feature", "properties": { "grid_id": "JB1000_R0018_C0048", "grid_m": 1000, "row_id": 18, "col_id": 48, "x_min": 45000.0, "y_min": -66000.0, "x_max": 46000.0, "y_max": -65000.0, "center_x": 45500.0, "center_y": -65500.0, "full_area_m2": 1000000, "inside_area_m2": 1000000.0, "coverage_frac": 1.0, "is_edge": 0, "center_lon": 103.96988762805599, "center_lat": 1.4500515116812149 }, "geometry": { "type": "Polygon", "coordinates": [ [ [ 103.9653935577212, 1.445530971451602 ], [ 103.965395690753908, 1.454574207508479 ], [ 103.974381719572932, 1.454572036002656 ], [ 103.974379550881395, 1.44552881345177 ], [ 103.9653935577212, 1.445530971451602 ] ] ] } },
{ "type": "Feature", "properties": { "grid_id": "JB1000_R0018_C0049", "grid_m": 1000, "row_id": 18, "col_id": 49, "x_min": 46000.0, "y_min": -66000.0, "x_max": 47000.0, "y_max": -65000.0, "center_x": 46500.0, "center_y": -65500.0, "full_area_m2": 1000000, "inside_area_m2": 1000000.0, "coverage_frac": 1.0, "is_edge": 0, "center_lon": 103.97887363900919, "center_lat": 1.4500493289822287 }, "geometry": { "type": "Polygon", "coordinates": [ [ [ 103.974379550881395, 1.44552881345177 ], [ 103.974381719572932, 1.454572036002656 ], [ 103.983367748374633, 1.454569828492537 ], [ 103.98336554402448, 1.445526619671575 ], [ 103.974379550881395, 1.44552881345177 ] ] ] } },
{ "type": "Feature", "properties": { "grid_id": "JB1000_R0018_C0050", "grid_m": 1000, "row_id": 18, "col_id": 50, "x_min": 47000.0, "y_min": -66000.0, "x_max": 48000.0, "y_max": -65000.0, "center_x": 47500.0, "center_y": -65500.0, "full_area_m2": 1000000, "inside_area_m2": 1000000.0, "coverage_frac": 1.0, "is_edge": 0, "center_lon": 103.98785964994504, "center_lat": 1.4500471103909405 }, "geometry": { "type": "Polygon", "coordinates": [ [ [ 103.98336554402448, 1.445526619671575 ], [ 103.983367748374633, 1.454569828492537 ], [ 103.992353777158712, 1.454567584978175 ], [ 103.992351537150171, 1.445524390111071 ], [ 103.98336554402448, 1.445526619671575 ] ] ] } },
{ "type": "Feature", "properties": { "grid_id": "JB1000_R0018_C0051", "grid_m": 1000, "row_id": 18, "col_id": 51, "x_min": 48000.0, "y_min": -66000.0, "x_max": 49000.0, "y_max": -65000.0, "center_x": 48500.0, "center_y": -65500.0, "full_area_m2": 1000000, "inside_area_m2": 1000000.0, "coverage_frac": 1.0, "is_edge": 0, "center_lon": 103.99684566086326, "center_lat": 1.4500448559074042 }, "geometry": { "type": "Polygon", "coordinates": [ [ [ 103.992351537150171, 1.445524390111071 ], [ 103.992353777158712, 1.454567584978175 ], [ 104.001339805924914, 1.454565305459627 ], [ 104.001337530258198, 1.445522124770314 ], [ 103.992351537150171, 1.445524390111071 ] ] ] } },
{ "type": "Feature", "properties": { "grid_id": "JB1000_R0018_C0052", "grid_m": 1000, "row_id": 18, "col_id": 52, "x_min": 49000.0, "y_min": -66000.0, "x_max": 50000.0, "y_max": -65000.0, "center_x": 49500.0, "center_y": -65500.0, "full_area_m2": 1000000, "inside_area_m2": 1000000.0, "coverage_frac": 1.0, "is_edge": 0, "center_lon": 104.00583167176354, "center_lat": 1.450042565531676 }, "geometry": { "type": "Polygon", "coordinates": [ [ [ 104.001337530258198, 1.445522124770314 ], [ 104.001339805924914, 1.454565305459627 ], [ 104.010325834672926, 1.454562989936948 ], [ 104.010323523348276, 1.445519823649359 ], [ 104.001337530258198, 1.445522124770314 ] ] ] } },
{ "type": "Feature", "properties": { "grid_id": "JB1000_R0018_C0053", "grid_m": 1000, "row_id": 18, "col_id": 53, "x_min": 50000.0, "y_min": -66000.0, "x_max": 51000.0, "y_max": -65000.0, "center_x": 50500.0, "center_y": -65500.0, "full_area_m2": 1000000, "inside_area_m2": 1000000.0, "coverage_frac": 1.0, "is_edge": 0, "center_lon": 104.01481768264563, "center_lat": 1.4500402392638116 }, "geometry": { "type": "Polygon", "coordinates": [ [ [ 104.010323523348276, 1.445519823649359 ], [ 104.010325834672926, 1.454562989936948 ], [ 104.019311863402493, 1.454560638410196 ], [ 104.019309516420122, 1.445517486748263 ], [ 104.010323523348276, 1.445519823649359 ] ] ] } },
{ "type": "Feature", "properties": { "grid_id": "JB1000_R0018_C0054", "grid_m": 1000, "row_id": 18, "col_id": 54, "x_min": 51000.0, "y_min": -66000.0, "x_max": 52000.0, "y_max": -65000.0, "center_x": 51500.0, "center_y": -65500.0, "full_area_m2": 1000000, "inside_area_m2": 743456.1230247023, "coverage_frac": 0.74345612302470232, "is_edge": 1, "center_lon": 104.02380369350922, "center_lat": 1.4500378771038691 }, "geometry": { "type": "Polygon", "coordinates": [ [ [ 104.019309516420122, 1.445517486748263 ], [ 104.019311863402493, 1.454560638410196 ], [ 104.025568337650157, 1.454558979911922 ], [ 104.02571897949403, 1.450425119052877 ], [ 104.026849416201387, 1.445515498312388 ], [ 104.019309516420122, 1.445517486748263 ] ] ] } },
{ "type": "Feature", "properties": { "grid_id": "JB1000_R0019_C0001", "grid_m": 1000, "row_id": 19, "col_id": 1, "x_min": -2000.0, "y_min": -65000.0, "x_max": -1000.0, "y_max": -64000.0, "center_x": -1500.0, "center_y": -64500.0, "full_area_m2": 1000000, "inside_area_m2": 3312.9618027071278, "coverage_frac": 0.0033129618027071279, "is_edge": 1, "center_lon": 103.54754557509754, "center_lat": 1.4591572276237659 }, "geometry": { "type": "Polygon", "coordinates": [ [ [ 103.552038738613362, 1.461707504784701 ], [ 103.551662459981856, 1.462147105819821 ], [ 103.552038817210814, 1.463138441120993 ], [ 103.552038738613362, 1.461707504784701 ] ] ] } },
{ "type": "Feature", "properties": { "grid_id": "JB1000_R0019_C0002", "grid_m": 1000, "row_id": 19, "col_id": 2, "x_min": -1000.0, "y_min": -65000.0, "x_max": 0.0, "y_max": -64000.0, "center_x": -500.0, "center_y": -64500.0, "full_area_m2": 1000000, "inside_area_m2": 927480.65449934313, "coverage_frac": 0.92748065449934314, "is_edge": 1, "center_lon": 103.55653162232345, "center_lat": 1.4591567288155369 }, "geometry": { "type": "Polygon", "coordinates": [ [ [ 103.561024912106234, 1.463678271437396 ], [ 103.561024380587952, 1.454634660114593 ], [ 103.552229052510398, 1.454635164818359 ], [ 103.552607361562778, 1.456210436737603 ], [ 103.552952941412784, 1.457212409527557 ], [ 103.553463430339576, 1.46004305552275 ], [ 103.552038738613362, 1.461707504784701 ], [ 103.552038817210814, 1.463138441120993 ], [ 103.552243954704622, 1.463678778476852 ], [ 103.561024912106234, 1.463678271437396 ] ] ] } },
{ "type": "Feature", "properties": { "grid_id": "JB1000_R0019_C0003", "grid_m": 1000, "row_id": 19, "col_id": 3, "x_min": 0.0, "y_min": -65000.0, "x_max": 1000.0, "y_max": -64000.0, "center_x": 500.0, "center_y": -64500.0, "full_area_m2": 1000000, "inside_area_m2": 1000000.0, "coverage_frac": 1.0, "is_edge": 0, "center_lon": 103.56551766954523, "center_lat": 1.4591561938894901 }, "geometry": { "type": "Polygon", "coordinates": [ [ [ 103.561024380587952, 1.454634660114593 ], [ 103.561024912106234, 1.463678271437396 ], [ 103.570010977297443, 1.463677716738076 ], [ 103.57001040989168, 1.454634108844005 ], [ 103.561024380587952, 1.454634660114593 ] ] ] } },
{ "type": "Feature", "properties": { "grid_id": "JB1000_R0019_C0004", "grid_m": 1000, "row_id": 19, "col_id": 4, "x_min": 1000.0, "y_min": -65000.0, "x_max": 2000.0, "y_max": -64000.0, "center_x": 1500.0, "center_y": -64500.0, "full_area_m2": 1000000, "inside_area_m2": 1000000.0, "coverage_frac": 1.0, "is_edge": 0, "center_lon": 103.57450371676264, "center_lat": 1.459155622845639 }, "geometry": { "type": "Polygon", "coordinates": [ [ [ 103.57001040989168, 1.454634108844005 ], [ 103.570010977297443, 1.463677716738076 ], [ 103.57899704248409, 1.463677125808986 ], [ 103.578996439190888, 1.454633521567592 ], [ 103.57001040989168, 1.454634108844005 ] ] ] } },
{ "type": "Feature", "properties": { "grid_id": "JB1000_R0019_C0005", "grid_m": 1000, "row_id": 19, "col_id": 5, "x_min": 2000.0, "y_min": -65000.0, "x_max": 3000.0, "y_max": -64000.0, "center_x": 2500.0, "center_y": -64500.0, "full_area_m2": 1000000, "inside_area_m2": 1000000.0, "coverage_frac": 1.0, "is_edge": 0, "center_lon": 103.58348976397536, "center_lat": 1.4591550156839974 }, "geometry": { "type": "Polygon", "coordinates": [ [ [ 103.578996439190888, 1.454633521567592 ], [ 103.57899704248409, 1.463677125808986 ], [ 103.587983107665892, 1.463676498650139 ], [ 103.587982468485322, 1.454632898285368 ], [ 103.578996439190888, 1.454633521567592 ] ] ] } },
{ "type": "Feature", "properties": { "grid_id": "JB1000_R0019_C0006", "grid_m": 1000, "row_id": 19, "col_id": 6, "x_min": 3000.0, "y_min": -65000.0, "x_max": 4000.0, "y_max": -64000.0, "center_x": 3500.0, "center_y": -64500.0, "full_area_m2": 1000000, "inside_area_m2": 1000000.0, "coverage_frac": 1.0, "is_edge": 0, "center_lon": 103.59247581118312, "center_lat": 1.4591543724045803 }, "geometry": { "type": "Polygon", "coordinates": [ [ [ 103.587982468485322, 1.454632898285368 ], [ 103.587983107665892, 1.463676498650139 ], [ 103.596969172842563, 1.463675835261553 ], [ 103.596968497774654, 1.454632238997349 ], [ 103.587982468485322, 1.454632898285368 ] ] ] } },
{ "type": "Feature", "properties": { "grid_id": "JB1000_R0019_C0007", "grid_m": 1000, "row_id": 19, "col_id": 7, "x_min": 4000.0, "y_min": -65000.0, "x_max": 5000.0, "y_max": -64000.0, "center_x": 4500.0, "center_y": -64500.0, "full_area_m2": 1000000, "inside_area_m2": 1000000.0, "coverage_frac": 1.0, "is_edge": 0, "center_lon": 103.60146185838563, "center_lat": 1.4591536930074034 }, "geometry": { "type": "Polygon", "coordinates": [ [ [ 103.596968497774654, 1.454632238997349 ], [ 103.596969172842563, 1.463675835261553 ], [ 103.605955238013806, 1.463675135643242 ], [ 103.605954527058643, 1.454631543703551 ], [ 103.596968497774654, 1.454632238997349 ] ] ] } },
{ "type": "Feature", "properties": { "grid_id": "JB1000_R0019_C0008", "grid_m": 1000, "row_id": 19, "col_id": 8, "x_min": 5000.0, "y_min": -65000.0, "x_max": 6000.0, "y_max": -64000.0, "center_x": 5500.0, "center_y": -64500.0, "full_area_m2": 1000000, "inside_area_m2": 1000000.0, "coverage_frac": 1.0, "is_edge": 0, "center_lon": 103.61044790558262, "center_lat": 1.4591529774924834 }, "geometry": { "type": "Polygon", "coordinates": [ [ [ 103.605954527058643, 1.454631543703551 ], [ 103.605955238013806, 1.463675135643242 ], [ 103.614941303179336, 1.463674399795224 ], [ 103.614940556337004, 1.45463081240399 ], [ 103.605954527058643, 1.454631543703551 ] ] ] } },
{ "type": "Feature", "properties": { "grid_id": "JB1000_R0019_C0009", "grid_m": 1000, "row_id": 19, "col_id": 9, "x_min": 6000.0, "y_min": -65000.0, "x_max": 7000.0, "y_max": -64000.0, "center_x": 6500.0, "center_y": -64500.0, "full_area_m2": 1000000, "inside_area_m2": 1000000.0, "coverage_frac": 1.0, "is_edge": 0, "center_lon": 103.61943395277378, "center_lat": 1.4591522258598384 }, "geometry": { "type": "Polygon", "coordinates": [ [ [ 103.614940556337004, 1.45463081240399 ], [ 103.614941303179336, 1.463674399795224 ], [ 103.623927368338869, 1.463673627717518 ], [ 103.623926585609425, 1.454630045098685 ], [ 103.614940556337004, 1.45463081240399 ] ] ] } },
{ "type": "Feature", "properties": { "grid_id": "JB1000_R0019_C0010", "grid_m": 1000, "row_id": 19, "col_id": 10, "x_min": 7000.0, "y_min": -65000.0, "x_max": 8000.0, "y_max": -64000.0, "center_x": 7500.0, "center_y": -64500.0, "full_area_m2": 1000000, "inside_area_m2": 1000000.0, "coverage_frac": 1.0, "is_edge": 0, "center_lon": 103.62841999995884, "center_lat": 1.4591514381094863 }, "geometry": { "type": "Polygon", "coordinates": [ [ [ 103.623926585609425, 1.454630045098685 ], [ 103.623927368338869, 1.463673627717518 ], [ 103.632913433492106, 1.463672819410142 ], [ 103.632912614875622, 1.454629241787655 ], [ 103.623926585609425, 1.454630045098685 ] ] ] } },
{ "type": "Feature", "properties": { "grid_id": "JB1000_R0019_C0011", "grid_m": 1000, "row_id": 19, "col_id": 11, "x_min": 8000.0, "y_min": -65000.0, "x_max": 9000.0, "y_max": -64000.0, "center_x": 8500.0, "center_y": -64500.0, "full_area_m2": 1000000, "inside_area_m2": 1000000.0, "coverage_frac": 1.0, "is_edge": 0, "center_lon": 103.63740604713749, "center_lat": 1.4591506142414468 }, "geometry": { "type": "Polygon", "coordinates": [ [ [ 103.632912614875622, 1.454629241787655 ], [ 103.632913433492106, 1.463672819410142 ], [ 103.64189949863875, 1.463671974873116 ], [ 103.641898644135324, 1.45462840247092 ], [ 103.632912614875622, 1.454629241787655 ] ] ] } },
{ "type": "Feature", "properties": { "grid_id": "JB1000_R0019_C0012", "grid_m": 1000, "row_id": 19, "col_id": 12, "x_min": 9000.0, "y_min": -65000.0, "x_max": 10000.0, "y_max": -64000.0, "center_x": 9500.0, "center_y": -64500.0, "full_area_m2": 1000000, "inside_area_m2": 1000000.0, "coverage_frac": 1.0, "is_edge": 0, "center_lon": 103.64639209430946, "center_lat": 1.4591497542557403 }, "geometry": { "type": "Polygon", "coordinates": [ [ [ 103.641898644135324, 1.45462840247092 ], [ 103.64189949863875, 1.463671974873116 ], [ 103.650885563778544, 1.463671094106461 ], [ 103.650884673388262, 1.4546275271485 ], [ 103.641898644135324, 1.45462840247092 ] ] ] } },
{ "type": "Feature", "properties": { "grid_id": "JB1000_R0019_C0013", "grid_m": 1000, "row_id": 19, "col_id": 13, "x_min": 10000.0, "y_min": -65000.0, "x_max": 11000.0, "y_max": -64000.0, "center_x": 10500.0, "center_y": -64500.0, "full_area_m2": 1000000, "inside_area_m2": 1000000.0, "coverage_frac": 1.0, "is_edge": 0, "center_lon": 103.65537814147447, "center_lat": 1.4591488581523879 }, "geometry": { "type": "Polygon", "coordinates": [ [ [ 103.650884673388262, 1.4546275271485 ], [ 103.650885563778544, 1.463671094106461 ], [ 103.659871628911176, 1.4636701771102 ], [ 103.659870702634123, 1.454626615820416 ], [ 103.650884673388262, 1.4546275271485 ] ] ] } },
{ "type": "Feature", "properties": { "grid_id": "JB1000_R0019_C0014", "grid_m": 1000, "row_id": 19, "col_id": 14, "x_min": 11000.0, "y_min": -65000.0, "x_max": 12000.0, "y_max": -64000.0, "center_x": 11500.0, "center_y": -64500.0, "full_area_m2": 1000000, "inside_area_m2": 1000000.0, "coverage_frac": 1.0, "is_edge": 0, "center_lon": 103.66436418863222, "center_lat": 1.4591479259314115 }, "geometry": { "type": "Polygon", "coordinates": [ [ [ 103.659870702634123, 1.454626615820416 ], [ 103.659871628911176, 1.4636701771102 ], [ 103.668857694036362, 1.463669223884353 ], [ 103.668856731872623, 1.454625668486692 ], [ 103.659870702634123, 1.454626615820416 ] ] ] } },
{ "type": "Feature", "properties": { "grid_id": "JB1000_R0019_C0015", "grid_m": 1000, "row_id": 19, "col_id": 15, "x_min": 12000.0, "y_min": -65000.0, "x_max": 13000.0, "y_max": -64000.0, "center_x": 12500.0, "center_y": -64500.0, "full_area_m2": 1000000, "inside_area_m2": 1000000.0, "coverage_frac": 1.0, "is_edge": 0, "center_lon": 103.67335023578242, "center_lat": 1.4591469575928344 }, "geometry": { "type": "Polygon", "coordinates": [ [ [ 103.668856731872623, 1.454625668486692 ], [ 103.668857694036362, 1.463669223884353 ], [ 103.677843759153831, 1.463668234428945 ], [ 103.677842761103477, 1.454624685147351 ], [ 103.668856731872623, 1.454625668486692 ] ] ] } },
{ "type": "Feature", "properties": { "grid_id": "JB1000_R0019_C0016", "grid_m": 1000, "row_id": 19, "col_id": 16, "x_min": 13000.0, "y_min": -65000.0, "x_max": 14000.0, "y_max": -64000.0, "center_x": 13500.0, "center_y": -64500.0, "full_area_m2": 1000000, "inside_area_m2": 1000000.0, "coverage_frac": 1.0, "is_edge": 0, "center_lon": 103.68233628292481, "center_lat": 1.4591459531366802 }, "geometry": { "type": "Polygon", "coordinates": [ [ [ 103.677842761103477, 1.454624685147351 ], [ 103.677843759153831, 1.463668234428945 ], [ 103.686829824263256, 1.463667208744001 ], [ 103.68682879032643, 1.454623665802416 ], [ 103.677842761103477, 1.454624685147351 ] ] ] } },
{ "type": "Feature", "properties": { "grid_id": "JB1000_R0019_C0017", "grid_m": 1000, "row_id": 19, "col_id": 17, "x_min": 14000.0, "y_min": -65000.0, "x_max": 15000.0, "y_max": -64000.0, "center_x": 14500.0, "center_y": -64500.0, "full_area_m2": 1000000, "inside_area_m2": 1000000.0, "coverage_frac": 1.0, "is_edge": 0, "center_lon": 103.69132233005905, "center_lat": 1.4591449125629734 }, "geometry": { "type": "Polygon", "coordinates": [ [ [ 103.68682879032643, 1.454623665802416 ], [ 103.686829824263256, 1.463667208744001 ], [ 103.695815889364383, 1.463666146829544 ], [ 103.695814819541155, 1.454622610451913 ], [ 103.68682879032643, 1.454623665802416 ] ] ] } },
{ "type": "Feature", "properties": { "grid_id": "JB1000_R0019_C0018", "grid_m": 1000, "row_id": 19, "col_id": 18, "x_min": 15000.0, "y_min": -65000.0, "x_max": 16000.0, "y_max": -64000.0, "center_x": 15500.0, "center_y": -64500.0, "full_area_m2": 1000000, "inside_area_m2": 1000000.0, "coverage_frac": 1.0, "is_edge": 0, "center_lon": 103.70030837718492, "center_lat": 1.4591438358717399 }, "geometry": { "type": "Polygon", "coordinates": [ [ [ 103.695814819541155, 1.454622610451913 ], [ 103.695815889364383, 1.463666146829544 ], [ 103.704801954456912, 1.463665048685603 ], [ 103.704800848747411, 1.454621519095869 ], [ 103.695814819541155, 1.454622610451913 ] ] ] } },
{ "type": "Feature", "properties": { "grid_id": "JB1000_R0019_C0019", "grid_m": 1000, "row_id": 19, "col_id": 19, "x_min": 16000.0, "y_min": -65000.0, "x_max": 17000.0, "y_max": -64000.0, "center_x": 16500.0, "center_y": -64500.0, "full_area_m2": 1000000, "inside_area_m2": 889029.6031958845, "coverage_frac": 0.88902960319588453, "is_edge": 1, "center_lon": 103.7092944243021, "center_lat": 1.4591427230630065 }, "geometry": { "type": "Polygon", "coordinates": [ [ [ 103.704800848747411, 1.454621519095869 ], [ 103.704801954456912, 1.463665048685603 ], [ 103.713788019540559, 1.463663914312203 ], [ 103.71378723760408, 1.457475610639845 ], [ 103.712384505631832, 1.457212596685447 ], [ 103.708373703277331, 1.454621075167662 ], [ 103.704800848747411, 1.454621519095869 ] ] ] } },
{ "type": "Feature", "properties": { "grid_id": "JB1000_R0019_C0020", "grid_m": 1000, "row_id": 19, "col_id": 20, "x_min": 17000.0, "y_min": -65000.0, "x_max": 18000.0, "y_max": -64000.0, "center_x": 17500.0, "center_y": -64500.0, "full_area_m2": 1000000, "inside_area_m2": 591060.04431804968, "coverage_frac": 0.5910600443180497, "is_edge": 1, "center_lon": 103.7182804714103, "center_lat": 1.4591415741368001 }, "geometry": { "type": "Polygon", "coordinates": [ [ [ 103.713788019540559, 1.463663914312203 ], [ 103.722774084615025, 1.463662743709372 ], [ 103.722773497504491, 1.459160521508345 ], [ 103.721488713000838, 1.458919628764255 ], [ 103.721488684243823, 1.458919623324435 ], [ 103.71378723760408, 1.457475610639845 ], [ 103.713788019540559, 1.463663914312203 ] ] ] } },
{ "type": "Feature", "properties": { "grid_id": "JB1000_R0019_C0021", "grid_m": 1000, "row_id": 19, "col_id": 21, "x_min": 18000.0, "y_min": -65000.0, "x_max": 19000.0, "y_max": -64000.0, "center_x": 18500.0, "center_y": -64500.0, "full_area_m2": 1000000, "inside_area_m2": 514034.29170629825, "coverage_frac": 0.51403429170629822, "is_edge": 1, "center_lon": 103.72726651850923, "center_lat": 1.4591403890931494 }, "geometry": { "type": "Polygon", "coordinates": [ [ [ 103.722774084615025, 1.463662743709372 ], [ 103.731760149680014, 1.46366153687714 ], [ 103.73175930813612, 1.457395286954903 ], [ 103.730517041249627, 1.457993918213067 ], [ 103.726605232401056, 1.459878953795376 ], [ 103.722773497504491, 1.459160521508345 ], [ 103.722774084615025, 1.463662743709372 ] ] ] } },
{ "type": "Feature", "properties": { "grid_id": "JB1000_R0019_C0022", "grid_m": 1000, "row_id": 19, "col_id": 22, "x_min": 19000.0, "y_min": -65000.0, "x_max": 20000.0, "y_max": -64000.0, "center_x": 19500.0, "center_y": -64500.0, "full_area_m2": 1000000, "inside_area_m2": 901484.91232571658, "coverage_frac": 0.90148491232571659, "is_edge": 1, "center_lon": 103.73625256559862, "center_lat": 1.4591391679320833 }, "geometry": { "type": "Polygon", "coordinates": [ [ [ 103.731760149680014, 1.46366153687714 ], [ 103.740746214735253, 1.463660293815536 ], [ 103.740744965481767, 1.454616793616819 ], [ 103.737524227954523, 1.454617240535955 ], [ 103.73175930813612, 1.457395286954903 ], [ 103.731760149680014, 1.46366153687714 ] ] ] } },
{ "type": "Feature", "properties": { "grid_id": "JB1000_R0019_C0023", "grid_m": 1000, "row_id": 19, "col_id": 23, "x_min": 20000.0, "y_min": -65000.0, "x_max": 21000.0, "y_max": -64000.0, "center_x": 20500.0, "center_y": -64500.0, "full_area_m2": 1000000, "inside_area_m2": 1000000.0, "coverage_frac": 1.0, "is_edge": 0, "center_lon": 103.74523861267816, "center_lat": 1.4591379106536322 }, "geometry": { "type": "Polygon", "coordinates": [ [ [ 103.740744965481767, 1.454616793616819 ], [ 103.740746214735253, 1.463660293815536 ], [ 103.749732279780474, 1.463659014524591 ], [ 103.749730994641283, 1.454615522233484 ], [ 103.740744965481767, 1.454616793616819 ] ] ] } },
{ "type": "Feature", "properties": { "grid_id": "JB1000_R0019_C0024", "grid_m": 1000, "row_id": 19, "col_id": 24, "x_min": 21000.0, "y_min": -65000.0, "x_max": 22000.0, "y_max": -64000.0, "center_x": 21500.0, "center_y": -64500.0, "full_area_m2": 1000000, "inside_area_m2": 1000000.0, "coverage_frac": 1.0, "is_edge": 0, "center_lon": 103.75422465974761, "center_lat": 1.4591366172578268 }, "geometry": { "type": "Polygon", "coordinates": [ [ [ 103.749730994641283, 1.454615522233484 ], [ 103.749732279780474, 1.463659014524591 ], [ 103.75871834481535, 1.463657699004336 ], [ 103.758717023790581, 1.454614214844782 ], [ 103.749730994641283, 1.454615522233484 ] ] ] } },
{ "type": "Feature", "properties": { "grid_id": "JB1000_R0019_C0025", "grid_m": 1000, "row_id": 19, "col_id": 25, "x_min": 22000.0, "y_min": -65000.0, "x_max": 23000.0, "y_max": -64000.0, "center_x": 22500.0, "center_y": -64500.0, "full_area_m2": 1000000, "inside_area_m2": 1000000.0, "coverage_frac": 1.0, "is_edge": 0, "center_lon": 103.76321070680663, "center_lat": 1.4591352877446988 }, "geometry": { "type": "Polygon", "coordinates": [ [ [ 103.758717023790581, 1.454614214844782 ], [ 103.75871834481535, 1.463657699004336 ], [ 103.76770440983961, 1.463656347254803 ], [ 103.767703052929406, 1.454612871450745 ], [ 103.758717023790581, 1.454614214844782 ] ] ] } },
{ "type": "Feature", "properties": { "grid_id": "JB1000_R0019_C0026", "grid_m": 1000, "row_id": 19, "col_id": 26, "x_min": 23000.0, "y_min": -65000.0, "x_max": 24000.0, "y_max": -64000.0, "center_x": 23500.0, "center_y": -64500.0, "full_area_m2": 1000000, "inside_area_m2": 936265.71507936285, "coverage_frac": 0.93626571507936285, "is_edge": 1, "center_lon": 103.77219675385496, "center_lat": 1.4591339221142814 }, "geometry": { "type": "Polygon", "coordinates": [ [ [ 103.767703052929406, 1.454612871450745 ], [ 103.76770440983961, 1.463656347254803 ], [ 103.77669047485297, 1.463654959276027 ], [ 103.776689477356129, 1.457183889676282 ], [ 103.772662210136289, 1.454612114648121 ], [ 103.767703052929406, 1.454612871450745 ] ] ] } },
{ "type": "Feature", "properties": { "grid_id": "JB1000_R0019_C0027", "grid_m": 1000, "row_id": 19, "col_id": 27, "x_min": 24000.0, "y_min": -65000.0, "x_max": 25000.0, "y_max": -64000.0, "center_x": 24500.0, "center_y": -64500.0, "full_area_m2": 1000000, "inside_area_m2": 398176.11050263495, "coverage_frac": 0.39817611050263496, "is_edge": 1, "center_lon": 103.7811828008923, "center_lat": 1.4591325203666077 }, "geometry": { "type": "Polygon", "coordinates": [ [ [ 103.77669047485297, 1.463654959276027 ], [ 103.785676539855132, 1.463653535068041 ], [ 103.785676424088408, 1.462922822752341 ], [ 103.778849346913105, 1.458563155588268 ], [ 103.776689477356129, 1.457183889676282 ], [ 103.77669047485297, 1.463654959276027 ] ] ] } },
{ "type": "Feature", "properties": { "grid_id": "JB1000_R0019_C0028", "grid_m": 1000, "row_id": 19, "col_id": 28, "x_min": 25000.0, "y_min": -65000.0, "x_max": 26000.0, "y_max": -64000.0, "center_x": 25500.0, "center_y": -64500.0, "full_area_m2": 1000000, "inside_area_m2": 5142.6817186972385, "coverage_frac": 0.0051426817186972385, "is_edge": 1, "center_lon": 103.79016884791838, "center_lat": 1.4591310825017128 }, "geometry": { "type": "Polygon", "coordinates": [ [ [ 103.785676539855132, 1.463653535068041 ], [ 103.786820411516103, 1.463653351175586 ], [ 103.785676424088408, 1.462922822752341 ], [ 103.785676539855132, 1.463653535068041 ] ] ] } },
{ "type": "Feature", "properties": { "grid_id": "JB1000_R0019_C0035", "grid_m": 1000, "row_id": 19, "col_id": 35, "x_min": 32000.0, "y_min": -65000.0, "x_max": 33000.0, "y_max": -64000.0, "center_x": 32500.0, "center_y": -64500.0, "full_area_m2": 1000000, "inside_area_m2": 20871.191424144701, "coverage_frac": 0.020871191424144703, "is_edge": 1, "center_lon": 103.85307117676133, "center_lat": 1.4591200061683332 }, "geometry": { "type": "Polygon", "coordinates": [ [ [ 103.857565059434833, 1.463640837156992 ], [ 103.857564798360485, 1.462268382651073 ], [ 103.85692547925666, 1.462682427502713 ], [ 103.854941649027197, 1.463641341301948 ], [ 103.857565059434833, 1.463640837156992 ] ] ] } },
{ "type": "Feature", "properties": { "grid_id": "JB1000_R0019_C0036", "grid_m": 1000, "row_id": 19, "col_id": 36, "x_min": 33000.0, "y_min": -65000.0, "x_max": 34000.0, "y_max": -64000.0, "center_x": 33500.0, "center_y": -64500.0, "full_area_m2": 1000000, "inside_area_m2": 479040.76319596171, "coverage_frac": 0.47904076319596173, "is_edge": 1, "center_lon": 103.86205722368695, "center_lat": 1.4591182793670161 }, "geometry": { "type": "Polygon", "coordinates": [ [ [ 103.857565059434833, 1.463640837156992 ], [ 103.86655112432328, 1.463639086887802 ], [ 103.866549668761934, 1.456128263353995 ], [ 103.86642453022597, 1.456266076020869 ], [ 103.863230153937906, 1.458599294196397 ], [ 103.857564798360485, 1.462268382651073 ], [ 103.857565059434833, 1.463640837156992 ] ] ] } },
{ "type": "Feature", "properties": { "grid_id": "JB1000_R0019_C0037", "grid_m": 1000, "row_id": 19, "col_id": 37, "x_min": 34000.0, "y_min": -65000.0, "x_max": 35000.0, "y_max": -64000.0, "center_x": 34500.0, "center_y": -64500.0, "full_area_m2": 1000000, "inside_area_m2": 986872.86410739447, "coverage_frac": 0.9868728641073945, "is_edge": 1, "center_lon": 103.8710432705987, "center_lat": 1.4591165164488282 }, "geometry": { "type": "Polygon", "coordinates": [ [ [ 103.86655112432328, 1.463639086887802 ], [ 103.87553718919763, 1.463637300389794 ], [ 103.875535401673659, 1.454593942319074 ], [ 103.867941518300313, 1.454595445071765 ], [ 103.866549668761934, 1.456128263353995 ], [ 103.86655112432328, 1.463639086887802 ] ] ] } },
{ "type": "Feature", "properties": { "grid_id": "JB1000_R0019_C0038", "grid_m": 1000, "row_id": 19, "col_id": 38, "x_min": 35000.0, "y_min": -65000.0, "x_max": 36000.0, "y_max": -64000.0, "center_x": 35500.0, "center_y": -64500.0, "full_area_m2": 1000000, "inside_area_m2": 1000000.0, "coverage_frac": 1.0, "is_edge": 0, "center_lon": 103.88002931749634, "center_lat": 1.4591147174138128 }, "geometry": { "type": "Polygon", "coordinates": [ [ [ 103.875535401673659, 1.454593942319074 ], [ 103.87553718919763, 1.463637300389794 ], [ 103.884523254057626, 1.46363547766301 ], [ 103.884521430650238, 1.454592130859011 ], [ 103.875535401673659, 1.454593942319074 ] ] ] } },
{ "type": "Feature", "properties": { "grid_id": "JB1000_R0019_C0039", "grid_m": 1000, "row_id": 19, "col_id": 39, "x_min": 36000.0, "y_min": -65000.0, "x_max": 37000.0, "y_max": -64000.0, "center_x": 36500.0, "center_y": -64500.0, "full_area_m2": 1000000, "inside_area_m2": 1000000.0, "coverage_frac": 1.0, "is_edge": 0, "center_lon": 103.88901536437955, "center_lat": 1.4591128822620147 }, "geometry": { "type": "Polygon", "coordinates": [ [ [ 103.884521430650238, 1.454592130859011 ], [ 103.884523254057626, 1.46363547766301 ], [ 103.893509318902971, 1.463633618707497 ], [ 103.893507459612337, 1.454590283394157 ], [ 103.884521430650238, 1.454592130859011 ] ] ] } },
{ "type": "Feature", "properties": { "grid_id": "JB1000_R0019_C0040", "grid_m": 1000, "row_id": 19, "col_id": 40, "x_min": 37000.0, "y_min": -65000.0, "x_max": 38000.0, "y_max": -64000.0, "center_x": 37500.0, "center_y": -64500.0, "full_area_m2": 1000000, "inside_area_m2": 1000000.0, "coverage_frac": 1.0, "is_edge": 0, "center_lon": 103.89800141124806, "center_lat": 1.4591110109934786 }, "geometry": { "type": "Polygon", "coordinates": [ [ [ 103.893507459612337, 1.454590283394157 ], [ 103.893509318902971, 1.463633618707497 ], [ 103.902495383733353, 1.463631723523299 ], [ 103.902493488559685, 1.454588399924557 ], [ 103.893507459612337, 1.454590283394157 ] ] ] } },
{ "type": "Feature", "properties": { "grid_id": "JB1000_R0019_C0041", "grid_m": 1000, "row_id": 19, "col_id": 41, "x_min": 38000.0, "y_min": -65000.0, "x_max": 39000.0, "y_max": -64000.0, "center_x": 38500.0, "center_y": -64500.0, "full_area_m2": 1000000, "inside_area_m2": 1000000.0, "coverage_frac": 1.0, "is_edge": 0, "center_lon": 103.90698745810155, "center_lat": 1.4591091036082509 }, "geometry": { "type": "Polygon", "coordinates": [ [ [ 103.902493488559685, 1.454588399924557 ], [ 103.902495383733353, 1.463631723523299 ], [ 103.911481448548528, 1.463629792110464 ], [ 103.911479517491983, 1.454586480450257 ], [ 103.902493488559685, 1.454588399924557 ] ] ] } },
{ "type": "Feature", "properties": { "grid_id": "JB1000_R0019_C0042", "grid_m": 1000, "row_id": 19, "col_id": 42, "x_min": 39000.0, "y_min": -65000.0, "x_max": 40000.0, "y_max": -64000.0, "center_x": 39500.0, "center_y": -64500.0, "full_area_m2": 1000000, "inside_area_m2": 1000000.0, "coverage_frac": 1.0, "is_edge": 0, "center_lon": 103.91597350493979, "center_lat": 1.4591071601063783 }, "geometry": { "type": "Polygon", "coordinates": [ [ [ 103.911479517491983, 1.454586480450257 ], [ 103.911481448548528, 1.463629792110464 ], [ 103.920467513348171, 1.463627824469039 ], [ 103.920465546408963, 1.454584524971305 ], [ 103.911479517491983, 1.454586480450257 ] ] ] } },
{ "type": "Feature", "properties": { "grid_id": "JB1000_R0019_C0043", "grid_m": 1000, "row_id": 19, "col_id": 43, "x_min": 40000.0, "y_min": -65000.0, "x_max": 41000.0, "y_max": -64000.0, "center_x": 40500.0, "center_y": -64500.0, "full_area_m2": 1000000, "inside_area_m2": 1000000.0, "coverage_frac": 1.0, "is_edge": 0, "center_lon": 103.92495955176246, "center_lat": 1.4591051804879092 }, "geometry": { "type": "Polygon", "coordinates": [ [ [ 103.920465546408963, 1.454584524971305 ], [ 103.920467513348171, 1.463627824469039 ], [ 103.929453578132012, 1.463625820599072 ], [ 103.92945157531031, 1.454582533487749 ], [ 103.920465546408963, 1.454584524971305 ] ] ] } },
{ "type": "Feature", "properties": { "grid_id": "JB1000_R0019_C0044", "grid_m": 1000, "row_id": 19, "col_id": 44, "x_min": 41000.0, "y_min": -65000.0, "x_max": 42000.0, "y_max": -64000.0, "center_x": 41500.0, "center_y": -64500.0, "full_area_m2": 1000000, "inside_area_m2": 1000000.0, "coverage_frac": 1.0, "is_edge": 0, "center_lon": 103.93394559856925, "center_lat": 1.4591031647528916 }, "geometry": { "type": "Polygon", "coordinates": [ [ [ 103.92945157531031, 1.454582533487749 ], [ 103.929453578132012, 1.463625820599072 ], [ 103.938439642899738, 1.463623780500613 ], [ 103.938437604195769, 1.454580505999638 ], [ 103.92945157531031, 1.454582533487749 ] ] ] } },
{ "type": "Feature", "properties": { "grid_id": "JB1000_R0019_C0045", "grid_m": 1000, "row_id": 19, "col_id": 45, "x_min": 42000.0, "y_min": -65000.0, "x_max": 43000.0, "y_max": -64000.0, "center_x": 42500.0, "center_y": -64500.0, "full_area_m2": 1000000, "inside_area_m2": 1000000.0, "coverage_frac": 1.0, "is_edge": 0, "center_lon": 103.94293164535991, "center_lat": 1.4591011129013758 }, "geometry": { "type": "Polygon", "coordinates": [ [ [ 103.938437604195769, 1.454580505999638 ], [ 103.938439642899738, 1.463623780500613 ], [ 103.947425707651092, 1.463621704173712 ], [ 103.947423633065043, 1.454578442507022 ], [ 103.938437604195769, 1.454580505999638 ] ] ] } },
{ "type": "Feature", "properties": { "grid_id": "JB1000_R0019_C0046", "grid_m": 1000, "row_id": 19, "col_id": 46, "x_min": 43000.0, "y_min": -65000.0, "x_max": 44000.0, "y_max": -64000.0, "center_x": 43500.0, "center_y": -64500.0, "full_area_m2": 1000000, "inside_area_m2": 1000000.0, "coverage_frac": 1.0, "is_edge": 0, "center_lon": 103.95191769213415, "center_lat": 1.4590990249334119 }, "geometry": { "type": "Polygon", "coordinates": [ [ [ 103.947423633065043, 1.454578442507022 ], [ 103.947425707651092, 1.463621704173712 ], [ 103.956411772385778, 1.46361959161842 ], [ 103.95640966191786, 1.454576343009952 ], [ 103.947423633065043, 1.454578442507022 ] ] ] } },
{ "type": "Feature", "properties": { "grid_id": "JB1000_R0019_C0047", "grid_m": 1000, "row_id": 19, "col_id": 47, "x_min": 44000.0, "y_min": -65000.0, "x_max": 45000.0, "y_max": -64000.0, "center_x": 44500.0, "center_y": -64500.0, "full_area_m2": 1000000, "inside_area_m2": 1000000.0, "coverage_frac": 1.0, "is_edge": 0, "center_lon": 103.96090373889167, "center_lat": 1.4590969008490515 }, "geometry": { "type": "Polygon", "coordinates": [ [ [ 103.95640966191786, 1.454576343009952 ], [ 103.956411772385778, 1.46361959161842 ], [ 103.965397837103481, 1.46361744283479 ], [ 103.965395690753908, 1.454574207508479 ], [ 103.95640966191786, 1.454576343009952 ] ] ] } },
{ "type": "Feature", "properties": { "grid_id": "JB1000_R0019_C0048", "grid_m": 1000, "row_id": 19, "col_id": 48, "x_min": 45000.0, "y_min": -65000.0, "x_max": 46000.0, "y_max": -64000.0, "center_x": 45500.0, "center_y": -64500.0, "full_area_m2": 1000000, "inside_area_m2": 1000000.0, "coverage_frac": 1.0, "is_edge": 0, "center_lon": 103.9698897856322, "center_lat": 1.459094740648347 }, "geometry": { "type": "Polygon", "coordinates": [ [ [ 103.965395690753908, 1.454574207508479 ], [ 103.965397837103481, 1.46361744283479 ], [ 103.974383901803947, 1.463615257822874 ], [ 103.974381719572932, 1.454572036002656 ], [ 103.965395690753908, 1.454574207508479 ] ] ] } },
{ "type": "Feature", "properties": { "grid_id": "JB1000_R0019_C0049", "grid_m": 1000, "row_id": 19, "col_id": 49, "x_min": 46000.0, "y_min": -65000.0, "x_max": 47000.0, "y_max": -64000.0, "center_x": 46500.0, "center_y": -64500.0, "full_area_m2": 1000000, "inside_area_m2": 1000000.0, "coverage_frac": 1.0, "is_edge": 0, "center_lon": 103.97887583235543, "center_lat": 1.4590925443313516 }, "geometry": { "type": "Polygon", "coordinates": [ [ [ 103.974381719572932, 1.454572036002656 ], [ 103.974383901803947, 1.463615257822874 ], [ 103.983369966486876, 1.463613036582725 ], [ 103.983367748374633, 1.454569828492537 ], [ 103.974381719572932, 1.454572036002656 ] ] ] } },
{ "type": "Feature", "properties": { "grid_id": "JB1000_R0019_C0050", "grid_m": 1000, "row_id": 19, "col_id": 50, "x_min": 47000.0, "y_min": -65000.0, "x_max": 48000.0, "y_max": -64000.0, "center_x": 47500.0, "center_y": -64500.0, "full_area_m2": 1000000, "inside_area_m2": 1000000.0, "coverage_frac": 1.0, "is_edge": 0, "center_lon": 103.98786187906109, "center_lat": 1.4590903118981191 }, "geometry": { "type": "Polygon", "coordinates": [ [ [ 103.983367748374633, 1.454569828492537 ], [ 103.983369966486876, 1.463613036582725 ], [ 103.992356031151985, 1.4636107791144 ], [ 103.992353777158712, 1.454567584978175 ], [ 103.983367748374633, 1.454569828492537 ] ] ] } },
{ "type": "Feature", "properties": { "grid_id": "JB1000_R0019_C0051", "grid_m": 1000, "row_id": 19, "col_id": 51, "x_min": 48000.0, "y_min": -65000.0, "x_max": 49000.0, "y_max": -64000.0, "center_x": 48500.0, "center_y": -64500.0, "full_area_m2": 1000000, "inside_area_m2": 1000000.0, "coverage_frac": 1.0, "is_edge": 0, "center_lon": 103.9968479257489, "center_lat": 1.4590880433487048 }, "geometry": { "type": "Polygon", "coordinates": [ [ [ 103.992353777158712, 1.454567584978175 ], [ 103.992356031151985, 1.4636107791144 ], [ 104.001342095798961, 1.463608485417952 ], [ 104.001339805924914, 1.454565305459627 ], [ 103.992353777158712, 1.454567584978175 ] ] ] } },
{ "type": "Feature", "properties": { "grid_id": "JB1000_R0019_C0052", "grid_m": 1000, "row_id": 19, "col_id": 52, "x_min": 49000.0, "y_min": -65000.0, "x_max": 50000.0, "y_max": -64000.0, "center_x": 49500.0, "center_y": -64500.0, "full_area_m2": 1000000, "inside_area_m2": 1000000.0, "coverage_frac": 1.0, "is_edge": 0, "center_lon": 104.00583397241854, "center_lat": 1.4590857386831646 }, "geometry": { "type": "Polygon", "coordinates": [ [ [ 104.001339805924914, 1.454565305459627 ], [ 104.001342095798961, 1.463608485417952 ], [ 104.010328160427548, 1.463606155493439 ], [ 104.010325834672926, 1.454562989936948 ], [ 104.001339805924914, 1.454565305459627 ] ] ] } },
{ "type": "Feature", "properties": { "grid_id": "JB1000_R0019_C0053", "grid_m": 1000, "row_id": 19, "col_id": 53, "x_min": 50000.0, "y_min": -65000.0, "x_max": 51000.0, "y_max": -64000.0, "center_x": 50500.0, "center_y": -64500.0, "full_area_m2": 1000000, "inside_area_m2": 1000000.0, "coverage_frac": 1.0, "is_edge": 0, "center_lon": 104.01482001906976, "center_lat": 1.4590833979015552 }, "geometry": { "type": "Polygon", "coordinates": [ [ [ 104.010325834672926, 1.454562989936948 ], [ 104.010328160427548, 1.463606155493439 ], [ 104.019314225037434, 1.463603789340919 ], [ 104.019311863402493, 1.454560638410196 ], [ 104.010325834672926, 1.454562989936948 ] ] ] } },
{ "type": "Feature", "properties": { "grid_id": "JB1000_R0019_C0054", "grid_m": 1000, "row_id": 19, "col_id": 54, "x_min": 51000.0, "y_min": -65000.0, "x_max": 52000.0, "y_max": -64000.0, "center_x": 51500.0, "center_y": -64500.0, "full_area_m2": 1000000, "inside_area_m2": 677775.94108028279, "coverage_frac": 0.67777594108028283, "is_edge": 1, "center_lon": 104.02380606570226, "center_lat": 1.459081021003934 }, "geometry": { "type": "Polygon", "coordinates": [ [ [ 104.019311863402493, 1.454560638410196 ], [ 104.019314225037434, 1.463603789340919 ], [ 104.02523880258201, 1.463602209502835 ], [ 104.025568337650157, 1.454558979911922 ], [ 104.019311863402493, 1.454560638410196 ] ] ] } },
{ "type": "Feature", "properties": { "grid_id": "JB1000_R0020_C0002", "grid_m": 1000, "row_id": 20, "col_id": 2, "x_min": -1000.0, "y_min": -64000.0, "x_max": 0.0, "y_max": -63000.0, "center_x": -500.0, "center_y": -63500.0, "full_area_m2": 1000000, "inside_area_m2": 731069.42616911686, "coverage_frac": 0.73106942616911685, "is_edge": 1, "center_lon": 103.55653213749117, "center_lat": 1.4682003414031863 }, "geometry": { "type": "Polygon", "coordinates": [ [ [ 103.561025446922329, 1.472721882027976 ], [ 103.561024912106234, 1.463678271437396 ], [ 103.552243954704622, 1.463678778476852 ], [ 103.552613195899696, 1.464651368339076 ], [ 103.552117161562066, 1.465990379564932 ], [ 103.552315375094039, 1.466775167224991 ], [ 103.554016763769013, 1.465875345787634 ], [ 103.5547187383753, 1.466337242676848 ], [ 103.554619146500613, 1.467677140403538 ], [ 103.555214731362824, 1.468716171014201 ], [ 103.554917240843963, 1.469132149131981 ], [ 103.553917811353244, 1.469478138314202 ], [ 103.554512471908055, 1.470840138001609 ], [ 103.556412095129531, 1.471280083321945 ], [ 103.556618318971019, 1.471879978585551 ], [ 103.557114363435943, 1.472156869828354 ], [ 103.558014226602623, 1.471973896002407 ], [ 103.558418377153998, 1.472274004597787 ], [ 103.558638924650822, 1.472722024128966 ], [ 103.561025446922329, 1.472721882027976 ] ] ] } },
{ "type": "Feature", "properties": { "grid_id": "JB1000_R0020_C0003", "grid_m": 1000, "row_id": 20, "col_id": 3, "x_min": 0.0, "y_min": -64000.0, "x_max": 1000.0, "y_max": -63000.0, "center_x": 500.0, "center_y": -63500.0, "full_area_m2": 1000000, "inside_area_m2": 1000000.0, "coverage_frac": 1.0, "is_edge": 0, "center_lon": 103.56551822071182, "center_lat": 1.4681998031603674 }, "geometry": { "type": "Polygon", "coordinates": [ [ [ 103.561024912106234, 1.463678271437396 ], [ 103.561025446922329, 1.472721882027976 ], [ 103.570011548223704, 1.472721323899897 ], [ 103.570010977297443, 1.463677716738076 ], [ 103.561024912106234, 1.463678271437396 ] ] ] } },
{ "type": "Feature", "properties": { "grid_id": "JB1000_R0020_C0004", "grid_m": 1000, "row_id": 20, "col_id": 4, "x_min": 1000.0, "y_min": -64000.0, "x_max": 2000.0, "y_max": -63000.0, "center_x": 1500.0, "center_y": -63500.0, "full_area_m2": 1000000, "inside_area_m2": 1000000.0, "coverage_frac": 1.0, "is_edge": 0, "center_lon": 103.57450430392804, "center_lat": 1.4681992285757974 }, "geometry": { "type": "Polygon", "coordinates": [ [ [ 103.570010977297443, 1.463677716738076 ], [ 103.570011548223704, 1.472721323899897 ], [ 103.57899764952046, 1.472720729318101 ], [ 103.57899704248409, 1.463677125808986 ], [ 103.570010977297443, 1.463677716738076 ] ] ] } },
{ "type": "Feature", "properties": { "grid_id": "JB1000_R0020_C0005", "grid_m": 1000, "row_id": 20, "col_id": 5, "x_min": 2000.0, "y_min": -64000.0, "x_max": 3000.0, "y_max": -63000.0, "center_x": 2500.0, "center_y": -63500.0, "full_area_m2": 1000000, "inside_area_m2": 1000000.0, "coverage_frac": 1.0, "is_edge": 0, "center_lon": 103.58349038713949, "center_lat": 1.4681986176494914 }, "geometry": { "type": "Polygon", "coordinates": [ [ [ 103.57899704248409, 1.463677125808986 ], [ 103.57899764952046, 1.472720729318101 ], [ 103.587983750812313, 1.472720098282603 ], [ 103.587983107665892, 1.463676498650139 ], [ 103.57899704248409, 1.463677125808986 ] ] ] } },
{ "type": "Feature", "properties": { "grid_id": "JB1000_R0020_C0006", "grid_m": 1000, "row_id": 20, "col_id": 6, "x_min": 3000.0, "y_min": -64000.0, "x_max": 4000.0, "y_max": -63000.0, "center_x": 3500.0, "center_y": -63500.0, "full_area_m2": 1000000, "inside_area_m2": 1000000.0, "coverage_frac": 1.0, "is_edge": 0, "center_lon": 103.59247647034594, "center_lat": 1.468197970381464 }, "geometry": { "type": "Polygon", "coordinates": [ [ [ 103.587983107665892, 1.463676498650139 ], [ 103.587983750812313, 1.472720098282603 ], [ 103.596969852098965, 1.472719430793417 ], [ 103.596969172842563, 1.463675835261553 ], [ 103.587983107665892, 1.463676498650139 ] ] ] } },
{ "type": "Feature", "properties": { "grid_id": "JB1000_R0020_C0007", "grid_m": 1000, "row_id": 20, "col_id": 7, "x_min": 4000.0, "y_min": -64000.0, "x_max": 5000.0, "y_max": -63000.0, "center_x": 4500.0, "center_y": -63500.0, "full_area_m2": 1000000, "inside_area_m2": 1000000.0, "coverage_frac": 1.0, "is_edge": 0, "center_lon": 103.60146255354708, "center_lat": 1.468197286771731 }, "geometry": { "type": "Polygon", "coordinates": [ [ [ 103.596969172842563, 1.463675835261553 ], [ 103.596969852098965, 1.472719430793417 ], [ 103.605955953380118, 1.472718726850561 ], [ 103.605955238013806, 1.463675135643242 ], [ 103.596969172842563, 1.463675835261553 ] ] ] } },
{ "type": "Feature", "properties": { "grid_id": "JB1000_R0020_C0008", "grid_m": 1000, "row_id": 20, "col_id": 8, "x_min": 5000.0, "y_min": -64000.0, "x_max": 6000.0, "y_max": -63000.0, "center_x": 5500.0, "center_y": -63500.0, "full_area_m2": 1000000, "inside_area_m2": 1000000.0, "coverage_frac": 1.0, "is_edge": 0, "center_lon": 103.61044863674262, "center_lat": 1.4681965668203096 }, "geometry": { "type": "Polygon", "coordinates": [ [ [ 103.605955238013806, 1.463675135643242 ], [ 103.605955953380118, 1.472718726850561 ], [ 103.614942054655501, 1.472717986454051 ], [ 103.614941303179336, 1.463674399795224 ], [ 103.605955238013806, 1.463675135643242 ] ] ] } },
{ "type": "Feature", "properties": { "grid_id": "JB1000_R0020_C0009", "grid_m": 1000, "row_id": 20, "col_id": 9, "x_min": 6000.0, "y_min": -64000.0, "x_max": 7000.0, "y_max": -63000.0, "center_x": 6500.0, "center_y": -63500.0, "full_area_m2": 1000000, "inside_area_m2": 1000000.0, "coverage_frac": 1.0, "is_edge": 0, "center_lon": 103.61943471993224, "center_lat": 1.4681958105272175 }, "geometry": { "type": "Polygon", "coordinates": [ [ [ 103.614941303179336, 1.463674399795224 ], [ 103.614942054655501, 1.472717986454051 ], [ 103.623928155924801, 1.472717209603907 ], [ 103.623927368338869, 1.463673627717518 ], [ 103.614941303179336, 1.463674399795224 ] ] ] } },
{ "type": "Feature", "properties": { "grid_id": "JB1000_R0020_C0010", "grid_m": 1000, "row_id": 20, "col_id": 10, "x_min": 7000.0, "y_min": -64000.0, "x_max": 8000.0, "y_max": -63000.0, "center_x": 7500.0, "center_y": -63500.0, "full_area_m2": 1000000, "inside_area_m2": 1000000.0, "coverage_frac": 1.0, "is_edge": 0, "center_lon": 103.6284208031157, "center_lat": 1.468195017892473 }, "geometry": { "type": "Polygon", "coordinates": [ [ [ 103.623927368338869, 1.463673627717518 ], [ 103.623928155924801, 1.472717209603907 ], [ 103.632914257187736, 1.472716396300147 ], [ 103.632913433492106, 1.463672819410142 ], [ 103.623927368338869, 1.463673627717518 ] ] ] } },
{ "type": "Feature", "properties": { "grid_id": "JB1000_R0020_C0011", "grid_m": 1000, "row_id": 20, "col_id": 11, "x_min": 8000.0, "y_min": -64000.0, "x_max": 9000.0, "y_max": -63000.0, "center_x": 8500.0, "center_y": -63500.0, "full_area_m2": 1000000, "inside_area_m2": 1000000.0, "coverage_frac": 1.0, "is_edge": 0, "center_lon": 103.63740688629268, "center_lat": 1.4681941889160959 }, "geometry": { "type": "Polygon", "coordinates": [ [ [ 103.632913433492106, 1.463672819410142 ], [ 103.632914257187736, 1.472716396300147 ], [ 103.641900358443991, 1.472715546542791 ], [ 103.64189949863875, 1.463671974873116 ], [ 103.632913433492106, 1.463672819410142 ] ] ] } },
{ "type": "Feature", "properties": { "grid_id": "JB1000_R0020_C0012", "grid_m": 1000, "row_id": 20, "col_id": 12, "x_min": 9000.0, "y_min": -64000.0, "x_max": 10000.0, "y_max": -63000.0, "center_x": 9500.0, "center_y": -63500.0, "full_area_m2": 1000000, "inside_area_m2": 1000000.0, "coverage_frac": 1.0, "is_edge": 0, "center_lon": 103.64639296946288, "center_lat": 1.4681933235981064 }, "geometry": { "type": "Polygon", "coordinates": [ [ [ 103.64189949863875, 1.463671974873116 ], [ 103.641900358443991, 1.472715546542791 ], [ 103.650886459693311, 1.47271466033186 ], [ 103.650885563778544, 1.463671094106461 ], [ 103.64189949863875, 1.463671974873116 ] ] ] } },
{ "type": "Feature", "properties": { "grid_id": "JB1000_R0020_C0013", "grid_m": 1000, "row_id": 20, "col_id": 13, "x_min": 10000.0, "y_min": -64000.0, "x_max": 11000.0, "y_max": -63000.0, "center_x": 10500.0, "center_y": -63500.0, "full_area_m2": 1000000, "inside_area_m2": 1000000.0, "coverage_frac": 1.0, "is_edge": 0, "center_lon": 103.65537905262605, "center_lat": 1.4681924219385261 }, "geometry": { "type": "Polygon", "coordinates": [ [ [ 103.650885563778544, 1.463671094106461 ], [ 103.650886459693311, 1.47271466033186 ], [ 103.659872560935383, 1.472713737667376 ], [ 103.659871628911176, 1.4636701771102 ], [ 103.650885563778544, 1.463671094106461 ] ] ] } },
{ "type": "Feature", "properties": { "grid_id": "JB1000_R0020_C0014", "grid_m": 1000, "row_id": 20, "col_id": 14, "x_min": 11000.0, "y_min": -64000.0, "x_max": 12000.0, "y_max": -63000.0, "center_x": 11500.0, "center_y": -63500.0, "full_area_m2": 1000000, "inside_area_m2": 1000000.0, "coverage_frac": 1.0, "is_edge": 0, "center_lon": 103.66436513578185, "center_lat": 1.4681914839373769 }, "geometry": { "type": "Polygon", "coordinates": [ [ [ 103.659871628911176, 1.4636701771102 ], [ 103.659872560935383, 1.472713737667376 ], [ 103.66885866216991, 1.472712778549361 ], [ 103.668857694036362, 1.463669223884353 ], [ 103.659871628911176, 1.4636701771102 ] ] ] } },
{ "type": "Feature", "properties": { "grid_id": "JB1000_R0020_C0015", "grid_m": 1000, "row_id": 20, "col_id": 15, "x_min": 12000.0, "y_min": -64000.0, "x_max": 13000.0, "y_max": -63000.0, "center_x": 12500.0, "center_y": -63500.0, "full_area_m2": 1000000, "inside_area_m2": 1000000.0, "coverage_frac": 1.0, "is_edge": 0, "center_lon": 103.67335121893002, "center_lat": 1.4681905095946823 }, "geometry": { "type": "Polygon", "coordinates": [ [ [ 103.668857694036362, 1.463669223884353 ], [ 103.66885866216991, 1.472712778549361 ], [ 103.677844763396621, 1.47271178297784 ], [ 103.677843759153831, 1.463668234428945 ], [ 103.668857694036362, 1.463669223884353 ] ] ] } },
{ "type": "Feature", "properties": { "grid_id": "JB1000_R0020_C0016", "grid_m": 1000, "row_id": 20, "col_id": 16, "x_min": 13000.0, "y_min": -64000.0, "x_max": 14000.0, "y_max": -63000.0, "center_x": 13500.0, "center_y": -63500.0, "full_area_m2": 1000000, "inside_area_m2": 1000000.0, "coverage_frac": 1.0, "is_edge": 0, "center_lon": 103.68233730207027, "center_lat": 1.468189498910466 }, "geometry": { "type": "Polygon", "coordinates": [ [ [ 103.677843759153831, 1.463668234428945 ], [ 103.677844763396621, 1.47271178297784 ], [ 103.686830864615203, 1.472710750952837 ], [ 103.686829824263256, 1.463667208744001 ], [ 103.677843759153831, 1.463668234428945 ] ] ] } },
{ "type": "Feature", "properties": { "grid_id": "JB1000_R0020_C0017", "grid_m": 1000, "row_id": 20, "col_id": 17, "x_min": 14000.0, "y_min": -64000.0, "x_max": 15000.0, "y_max": -63000.0, "center_x": 14500.0, "center_y": -63500.0, "full_area_m2": 1000000, "inside_area_m2": 1000000.0, "coverage_frac": 1.0, "is_edge": 0, "center_lon": 103.6913233852023, "center_lat": 1.468188451884753 }, "geometry": { "type": "Polygon", "coordinates": [ [ [ 103.686829824263256, 1.463667208744001 ], [ 103.686830864615203, 1.472710750952837 ], [ 103.695816965825372, 1.472709682474377 ], [ 103.695815889364383, 1.463666146829544 ], [ 103.686829824263256, 1.463667208744001 ] ] ] } },
{ "type": "Feature", "properties": { "grid_id": "JB1000_R0020_C0018", "grid_m": 1000, "row_id": 20, "col_id": 18, "x_min": 15000.0, "y_min": -64000.0, "x_max": 16000.0, "y_max": -63000.0, "center_x": 15500.0, "center_y": -63500.0, "full_area_m2": 1000000, "inside_area_m2": 1000000.0, "coverage_frac": 1.0, "is_edge": 0, "center_lon": 103.70030946832583, "center_lat": 1.4681873685175688 }, "geometry": { "type": "Polygon", "coordinates": [ [ [ 103.695815889364383, 1.463666146829544 ], [ 103.695816965825372, 1.472709682474377 ], [ 103.704803067026845, 1.472708577542487 ], [ 103.704801954456912, 1.463665048685603 ], [ 103.695815889364383, 1.463666146829544 ] ] ] } },
{ "type": "Feature", "properties": { "grid_id": "JB1000_R0020_C0019", "grid_m": 1000, "row_id": 20, "col_id": 19, "x_min": 16000.0, "y_min": -64000.0, "x_max": 17000.0, "y_max": -63000.0, "center_x": 16500.0, "center_y": -63500.0, "full_area_m2": 1000000, "inside_area_m2": 1000000.0, "coverage_frac": 1.0, "is_edge": 0, "center_lon": 103.70929555144056, "center_lat": 1.4681862488089406 }, "geometry": { "type": "Polygon", "coordinates": [ [ [ 103.704801954456912, 1.463665048685603 ], [ 103.704803067026845, 1.472708577542487 ], [ 103.713789168219307, 1.472707436157193 ], [ 103.713788019540559, 1.463663914312203 ], [ 103.704801954456912, 1.463665048685603 ] ] ] } },
{ "type": "Feature", "properties": { "grid_id": "JB1000_R0020_C0020", "grid_m": 1000, "row_id": 20, "col_id": 20, "x_min": 17000.0, "y_min": -64000.0, "x_max": 18000.0, "y_max": -63000.0, "center_x": 17500.0, "center_y": -63500.0, "full_area_m2": 1000000, "inside_area_m2": 1000000.0, "coverage_frac": 1.0, "is_edge": 0, "center_lon": 103.7182816345462, "center_lat": 1.4681850927588955 }, "geometry": { "type": "Polygon", "coordinates": [ [ [ 103.713788019540559, 1.463663914312203 ], [ 103.713789168219307, 1.472707436157193 ], [ 103.72277526940249, 1.472706258318524 ], [ 103.722774084615025, 1.463662743709372 ], [ 103.713788019540559, 1.463663914312203 ] ] ] } },
{ "type": "Feature", "properties": { "grid_id": "JB1000_R0020_C0021", "grid_m": 1000, "row_id": 20, "col_id": 21, "x_min": 18000.0, "y_min": -64000.0, "x_max": 19000.0, "y_max": -63000.0, "center_x": 18500.0, "center_y": -63500.0, "full_area_m2": 1000000, "inside_area_m2": 1000000.0, "coverage_frac": 1.0, "is_edge": 0, "center_lon": 103.72726771764246, "center_lat": 1.4681839003674624 }, "geometry": { "type": "Polygon", "coordinates": [ [ [ 103.722774084615025, 1.463662743709372 ], [ 103.72277526940249, 1.472706258318524 ], [ 103.731761370576081, 1.472705044026509 ], [ 103.731760149680014, 1.46366153687714 ], [ 103.722774084615025, 1.463662743709372 ] ] ] } },
{ "type": "Feature", "properties": { "grid_id": "JB1000_R0020_C0022", "grid_m": 1000, "row_id": 20, "col_id": 22, "x_min": 19000.0, "y_min": -64000.0, "x_max": 20000.0, "y_max": -63000.0, "center_x": 19500.0, "center_y": -63500.0, "full_area_m2": 1000000, "inside_area_m2": 1000000.0, "coverage_frac": 1.0, "is_edge": 0, "center_lon": 103.73625380072906, "center_lat": 1.4681826716346702 }, "geometry": { "type": "Polygon", "coordinates": [ [ [ 103.731760149680014, 1.46366153687714 ], [ 103.731761370576081, 1.472705044026509 ], [ 103.740747471739809, 1.472703793281178 ], [ 103.740746214735253, 1.463660293815536 ], [ 103.731760149680014, 1.46366153687714 ] ] ] } },
{ "type": "Feature", "properties": { "grid_id": "JB1000_R0020_C0023", "grid_m": 1000, "row_id": 20, "col_id": 23, "x_min": 20000.0, "y_min": -64000.0, "x_max": 21000.0, "y_max": -63000.0, "center_x": 20500.0, "center_y": -63500.0, "full_area_m2": 1000000, "inside_area_m2": 1000000.0, "coverage_frac": 1.0, "is_edge": 0, "center_lon": 103.74523988380571, "center_lat": 1.4681814065605496 }, "geometry": { "type": "Polygon", "coordinates": [ [ [ 103.740746214735253, 1.463660293815536 ], [ 103.740747471739809, 1.472703793281178 ], [ 103.749733572893362, 1.472702506082561 ], [ 103.749732279780474, 1.463659014524591 ], [ 103.740746214735253, 1.463660293815536 ] ] ] } },
{ "type": "Feature", "properties": { "grid_id": "JB1000_R0020_C0024", "grid_m": 1000, "row_id": 20, "col_id": 24, "x_min": 21000.0, "y_min": -64000.0, "x_max": 22000.0, "y_max": -63000.0, "center_x": 21500.0, "center_y": -63500.0, "full_area_m2": 1000000, "inside_area_m2": 1000000.0, "coverage_frac": 1.0, "is_edge": 0, "center_lon": 103.7542259668721, "center_lat": 1.4681801051451315 }, "geometry": { "type": "Polygon", "coordinates": [ [ [ 103.749732279780474, 1.463659014524591 ], [ 103.749733572893362, 1.472702506082561 ], [ 103.75871967403647, 1.472701182430691 ], [ 103.75871834481535, 1.463657699004336 ], [ 103.749732279780474, 1.463659014524591 ] ] ] } },
{ "type": "Feature", "properties": { "grid_id": "JB1000_R0020_C0025", "grid_m": 1000, "row_id": 20, "col_id": 25, "x_min": 22000.0, "y_min": -64000.0, "x_max": 23000.0, "y_max": -63000.0, "center_x": 22500.0, "center_y": -63500.0, "full_area_m2": 1000000, "inside_area_m2": 1000000.0, "coverage_frac": 1.0, "is_edge": 0, "center_lon": 103.76321204992796, "center_lat": 1.4681787673884483 }, "geometry": { "type": "Polygon", "coordinates": [ [ [ 103.75871834481535, 1.463657699004336 ], [ 103.75871967403647, 1.472701182430691 ], [ 103.767705775168821, 1.4726998223256 ], [ 103.76770440983961, 1.463656347254803 ], [ 103.75871834481535, 1.463657699004336 ] ] ] } },
{ "type": "Feature", "properties": { "grid_id": "JB1000_R0020_C0026", "grid_m": 1000, "row_id": 20, "col_id": 26, "x_min": 23000.0, "y_min": -64000.0, "x_max": 24000.0, "y_max": -63000.0, "center_x": 23500.0, "center_y": -63500.0, "full_area_m2": 1000000, "inside_area_m2": 1000000.0, "coverage_frac": 1.0, "is_edge": 0, "center_lon": 103.77219813297297, "center_lat": 1.4681773932905322 }, "geometry": { "type": "Polygon", "coordinates": [ [ [ 103.76770440983961, 1.463656347254803 ], [ 103.767705775168821, 1.4726998223256 ], [ 103.776691876290144, 1.472698425767321 ], [ 103.77669047485297, 1.463654959276027 ], [ 103.76770440983961, 1.463656347254803 ] ] ] } },
{ "type": "Feature", "properties": { "grid_id": "JB1000_R0020_C0027", "grid_m": 1000, "row_id": 20, "col_id": 27, "x_min": 24000.0, "y_min": -64000.0, "x_max": 25000.0, "y_max": -63000.0, "center_x": 24500.0, "center_y": -63500.0, "full_area_m2": 1000000, "inside_area_m2": 1000000.0, "coverage_frac": 1.0, "is_edge": 0, "center_lon": 103.78118421600688, "center_lat": 1.4681759828514178 }, "geometry": { "type": "Polygon", "coordinates": [ [ [ 103.77669047485297, 1.463654959276027 ], [ 103.776691876290144, 1.472698425767321 ], [ 103.785677977400127, 1.472696992755888 ], [ 103.785676539855132, 1.463653535068041 ], [ 103.77669047485297, 1.463654959276027 ] ] ] } },
{ "type": "Feature", "properties": { "grid_id": "JB1000_R0020_C0028", "grid_m": 1000, "row_id": 20, "col_id": 28, "x_min": 25000.0, "y_min": -64000.0, "x_max": 26000.0, "y_max": -63000.0, "center_x": 25500.0, "center_y": -63500.0, "full_area_m2": 1000000, "inside_area_m2": 710199.41550370876, "coverage_frac": 0.7101994155037088, "is_edge": 1, "center_lon": 103.79017029902938, "center_lat": 1.4681745360711396 }, "geometry": { "type": "Polygon", "coordinates": [ [ [ 103.785676539855132, 1.463653535068041 ], [ 103.785677977400127, 1.472696992755888 ], [ 103.794664078498485, 1.472695523291339 ], [ 103.794663635121978, 1.46998048726667 ], [ 103.789895309081984, 1.465874665900067 ], [ 103.788737925630741, 1.464877836016436 ], [ 103.786820411516103, 1.463653351175586 ], [ 103.785676539855132, 1.463653535068041 ] ] ] } },
{ "type": "Feature", "properties": { "grid_id": "JB1000_R0020_C0029", "grid_m": 1000, "row_id": 20, "col_id": 29, "x_min": 26000.0, "y_min": -64000.0, "x_max": 27000.0, "y_max": -63000.0, "center_x": 26500.0, "center_y": -63500.0, "full_area_m2": 1000000, "inside_area_m2": 52654.992872313414, "coverage_frac": 0.052654992872313414, "is_edge": 1, "center_lon": 103.79915638204018, "center_lat": 1.468173052949733 }, "geometry": { "type": "Polygon", "coordinates": [ [ [ 103.794664078498485, 1.472695523291339 ], [ 103.797816173676154, 1.472694999204584 ], [ 103.794663635121978, 1.46998048726667 ], [ 103.794664078498485, 1.472695523291339 ] ] ] } },
{ "type": "Feature", "properties": { "grid_id": "JB1000_R0020_C0033", "grid_m": 1000, "row_id": 20, "col_id": 33, "x_min": 30000.0, "y_min": -64000.0, "x_max": 31000.0, "y_max": -63000.0, "center_x": 30500.0, "center_y": -63500.0, "full_area_m2": 1000000, "inside_area_m2": 116766.47364823709, "coverage_frac": 0.1167664736482371, "is_edge": 1, "center_lon": 103.8351007139606, "center_lat": 1.468166757053569 }, "geometry": { "type": "Polygon", "coordinates": [ [ [ 103.839594583805678, 1.472687629173118 ], [ 103.83959408959312, 1.469991618426918 ], [ 103.832555282177722, 1.472688926155939 ], [ 103.839594583805678, 1.472687629173118 ] ] ] } },
{ "type": "Feature", "properties": { "grid_id": "JB1000_R0020_C0034", "grid_m": 1000, "row_id": 20, "col_id": 34, "x_min": 31000.0, "y_min": -64000.0, "x_max": 32000.0, "y_max": -63000.0, "center_x": 31500.0, "center_y": -63500.0, "full_area_m2": 1000000, "inside_area_m2": 488402.86557977018, "coverage_frac": 0.4884028655797702, "is_edge": 1, "center_lon": 103.84408679690856, "center_lat": 1.4681650922270875 }, "geometry": { "type": "Polygon", "coordinates": [ [ [ 103.839594583805678, 1.472687629173118 ], [ 103.848580684828136, 1.472685940990652 ], [ 103.848579536510783, 1.466548313823094 ], [ 103.83959408959312, 1.469991618426918 ], [ 103.839594583805678, 1.472687629173118 ] ] ] } },
{ "type": "Feature", "properties": { "grid_id": "JB1000_R0020_C0035", "grid_m": 1000, "row_id": 20, "col_id": 35, "x_min": 32000.0, "y_min": -64000.0, "x_max": 33000.0, "y_max": -63000.0, "center_x": 32500.0, "center_y": -63500.0, "full_area_m2": 1000000, "inside_area_m2": 881399.07019144518, "coverage_frac": 0.88139907019144514, "is_edge": 1, "center_lon": 103.85307287984307, "center_lat": 1.4681633910597101 }, "geometry": { "type": "Polygon", "coordinates": [ [ [ 103.848580684828136, 1.472685940990652 ], [ 103.857566785836937, 1.47268421635534 ], [ 103.857565059434833, 1.463640837156992 ], [ 103.854941649027197, 1.463641341301948 ], [ 103.850259371693269, 1.465904581507137 ], [ 103.848579536510783, 1.466548313823094 ], [ 103.848580684828136, 1.472685940990652 ] ] ] } },
{ "type": "Feature", "properties": { "grid_id": "JB1000_R0020_C0036", "grid_m": 1000, "row_id": 20, "col_id": 36, "x_min": 33000.0, "y_min": -64000.0, "x_max": 34000.0, "y_max": -63000.0, "center_x": 33500.0, "center_y": -63500.0, "full_area_m2": 1000000, "inside_area_m2": 1000000.0, "coverage_frac": 1.0, "is_edge": 0, "center_lon": 103.86205896276385, "center_lat": 1.4681616535514792 }, "geometry": { "type": "Polygon", "coordinates": [ [ [ 103.857565059434833, 1.463640837156992 ], [ 103.857566785836937, 1.47268421635534 ], [ 103.866552886831798, 1.472682455267225 ], [ 103.86655112432328, 1.463639086887802 ], [ 103.857565059434833, 1.463640837156992 ] ] ] } },
{ "type": "Feature", "properties": { "grid_id": "JB1000_R0020_C0037", "grid_m": 1000, "row_id": 20, "col_id": 37, "x_min": 34000.0, "y_min": -64000.0, "x_max": 35000.0, "y_max": -63000.0, "center_x": 34500.0, "center_y": -63500.0, "full_area_m2": 1000000, "inside_area_m2": 1000000.0, "coverage_frac": 1.0, "is_edge": 0, "center_lon": 103.87104504567061, "center_lat": 1.4681598797024373 }, "geometry": { "type": "Polygon", "coordinates": [ [ [ 103.86655112432328, 1.463639086887802 ], [ 103.866552886831798, 1.472682455267225 ], [ 103.875538987812391, 1.47268065772635 ], [ 103.87553718919763, 1.463637300389794 ], [ 103.86655112432328, 1.463639086887802 ] ] ] } },
{ "type": "Feature", "properties": { "grid_id": "JB1000_R0020_C0038", "grid_m": 1000, "row_id": 20, "col_id": 38, "x_min": 35000.0, "y_min": -64000.0, "x_max": 36000.0, "y_max": -63000.0, "center_x": 35500.0, "center_y": -63500.0, "full_area_m2": 1000000, "inside_area_m2": 1000000.0, "coverage_frac": 1.0, "is_edge": 0, "center_lon": 103.88003112856306, "center_lat": 1.4681580695126282 }, "geometry": { "type": "Polygon", "coordinates": [ [ [ 103.87553718919763, 1.463637300389794 ], [ 103.875538987812391, 1.47268065772635 ], [ 103.884525088778432, 1.47267882373276 ], [ 103.884523254057626, 1.46363547766301 ], [ 103.87553718919763, 1.463637300389794 ] ] ] } },
{ "type": "Feature", "properties": { "grid_id": "JB1000_R0020_C0039", "grid_m": 1000, "row_id": 20, "col_id": 39, "x_min": 36000.0, "y_min": -64000.0, "x_max": 37000.0, "y_max": -63000.0, "center_x": 36500.0, "center_y": -63500.0, "full_area_m2": 1000000, "inside_area_m2": 1000000.0, "coverage_frac": 1.0, "is_edge": 0, "center_lon": 103.88901721144093, "center_lat": 1.4681562229820964 }, "geometry": { "type": "Polygon", "coordinates": [ [ [ 103.884523254057626, 1.46363547766301 ], [ 103.884525088778432, 1.47267882373276 ], [ 103.893511189729651, 1.472676953286499 ], [ 103.893509318902971, 1.463633618707497 ], [ 103.884523254057626, 1.46363547766301 ] ] ] } },
{ "type": "Feature", "properties": { "grid_id": "JB1000_R0020_C0040", "grid_m": 1000, "row_id": 20, "col_id": 40, "x_min": 37000.0, "y_min": -64000.0, "x_max": 38000.0, "y_max": -63000.0, "center_x": 37500.0, "center_y": -63500.0, "full_area_m2": 1000000, "inside_area_m2": 1000000.0, "coverage_frac": 1.0, "is_edge": 0, "center_lon": 103.89800329430389, "center_lat": 1.4681543401108874 }, "geometry": { "type": "Polygon", "coordinates": [ [ [ 103.893509318902971, 1.463633618707497 ], [ 103.893511189729651, 1.472676953286499 ], [ 103.902497290665721, 1.472675046387614 ], [ 103.902495383733353, 1.463631723523299 ], [ 103.893509318902971, 1.463633618707497 ] ] ] } },
{ "type": "Feature", "properties": { "grid_id": "JB1000_R0020_C0041", "grid_m": 1000, "row_id": 20, "col_id": 41, "x_min": 38000.0, "y_min": -64000.0, "x_max": 39000.0, "y_max": -63000.0, "center_x": 38500.0, "center_y": -63500.0, "full_area_m2": 1000000, "inside_area_m2": 1000000.0, "coverage_frac": 1.0, "is_edge": 0, "center_lon": 103.90698937715166, "center_lat": 1.468152420899048 }, "geometry": { "type": "Polygon", "coordinates": [ [ [ 103.902495383733353, 1.463631723523299 ], [ 103.902497290665721, 1.472675046387614 ], [ 103.911483391586387, 1.472673103036152 ], [ 103.911481448548528, 1.463629792110464 ], [ 103.902495383733353, 1.463631723523299 ] ] ] } },
{ "type": "Feature", "properties": { "grid_id": "JB1000_R0020_C0042", "grid_m": 1000, "row_id": 20, "col_id": 42, "x_min": 39000.0, "y_min": -64000.0, "x_max": 40000.0, "y_max": -63000.0, "center_x": 39500.0, "center_y": -63500.0, "full_area_m2": 1000000, "inside_area_m2": 1000000.0, "coverage_frac": 1.0, "is_edge": 0, "center_lon": 103.91597545998398, "center_lat": 1.4681504653466249 }, "geometry": { "type": "Polygon", "coordinates": [ [ [ 103.911481448548528, 1.463629792110464 ], [ 103.911483391586387, 1.472673103036152 ], [ 103.92046949249135, 1.47267112323216 ], [ 103.920467513348171, 1.463627824469039 ], [ 103.911481448548528, 1.463629792110464 ] ] ] } },
{ "type": "Feature", "properties": { "grid_id": "JB1000_R0020_C0043", "grid_m": 1000, "row_id": 20, "col_id": 43, "x_min": 40000.0, "y_min": -64000.0, "x_max": 41000.0, "y_max": -63000.0, "center_x": 40500.0, "center_y": -63500.0, "full_area_m2": 1000000, "inside_area_m2": 1000000.0, "coverage_frac": 1.0, "is_edge": 0, "center_lon": 103.92496154280053, "center_lat": 1.4681484734536663 }, "geometry": { "type": "Polygon", "coordinates": [ [ [ 103.920467513348171, 1.463627824469039 ], [ 103.92046949249135, 1.47267112323216 ], [ 103.929455593380297, 1.472669106975688 ], [ 103.929453578132012, 1.463625820599072 ], [ 103.920467513348171, 1.463627824469039 ] ] ] } },
{ "type": "Feature", "properties": { "grid_id": "JB1000_R0020_C0044", "grid_m": 1000, "row_id": 20, "col_id": 44, "x_min": 41000.0, "y_min": -64000.0, "x_max": 42000.0, "y_max": -63000.0, "center_x": 41500.0, "center_y": -63500.0, "full_area_m2": 1000000, "inside_area_m2": 1000000.0, "coverage_frac": 1.0, "is_edge": 0, "center_lon": 103.93394762560104, "center_lat": 1.4681464452202215 }, "geometry": { "type": "Polygon", "coordinates": [ [ [ 103.929453578132012, 1.463625820599072 ], [ 103.929455593380297, 1.472669106975688 ], [ 103.93844169425293, 1.472667054266784 ], [ 103.938439642899738, 1.463623780500613 ], [ 103.929453578132012, 1.463625820599072 ] ] ] } },
{ "type": "Feature", "properties": { "grid_id": "JB1000_R0020_C0045", "grid_m": 1000, "row_id": 20, "col_id": 45, "x_min": 42000.0, "y_min": -64000.0, "x_max": 43000.0, "y_max": -63000.0, "center_x": 42500.0, "center_y": -63500.0, "full_area_m2": 1000000, "inside_area_m2": 1000000.0, "coverage_frac": 1.0, "is_edge": 0, "center_lon": 103.9429337083852, "center_lat": 1.4681443806463406 }, "geometry": { "type": "Polygon", "coordinates": [ [ [ 103.938439642899738, 1.463623780500613 ], [ 103.93844169425293, 1.472667054266784 ], [ 103.947427795108993, 1.4726649651055 ], [ 103.947425707651092, 1.463621704173712 ], [ 103.938439642899738, 1.463623780500613 ] ] ] } },
{ "type": "Feature", "properties": { "grid_id": "JB1000_R0020_C0046", "grid_m": 1000, "row_id": 20, "col_id": 46, "x_min": 43000.0, "y_min": -64000.0, "x_max": 44000.0, "y_max": -63000.0, "center_x": 43500.0, "center_y": -63500.0, "full_area_m2": 1000000, "inside_area_m2": 1000000.0, "coverage_frac": 1.0, "is_edge": 0, "center_lon": 103.95191979115272, "center_lat": 1.468142279732074 }, "geometry": { "type": "Polygon", "coordinates": [ [ [ 103.947425707651092, 1.463621704173712 ], [ 103.947427795108993, 1.4726649651055 ], [ 103.956413895948174, 1.472662839491887 ], [ 103.956411772385778, 1.46361959161842 ], [ 103.947425707651092, 1.463621704173712 ] ] ] } },
{ "type": "Feature", "properties": { "grid_id": "JB1000_R0020_C0047", "grid_m": 1000, "row_id": 20, "col_id": 47, "x_min": 44000.0, "y_min": -64000.0, "x_max": 45000.0, "y_max": -63000.0, "center_x": 44500.0, "center_y": -63500.0, "full_area_m2": 1000000, "inside_area_m2": 1000000.0, "coverage_frac": 1.0, "is_edge": 0, "center_lon": 103.96090587390331, "center_lat": 1.4681401424774736 }, "geometry": { "type": "Polygon", "coordinates": [ [ [ 103.956411772385778, 1.46361959161842 ], [ 103.956413895948174, 1.472662839491887 ], [ 103.965399996770188, 1.472660677425997 ], [ 103.965397837103481, 1.46361744283479 ], [ 103.956411772385778, 1.46361959161842 ] ] ] } },
{ "type": "Feature", "properties": { "grid_id": "JB1000_R0020_C0048", "grid_m": 1000, "row_id": 20, "col_id": 48, "x_min": 45000.0, "y_min": -64000.0, "x_max": 46000.0, "y_max": -63000.0, "center_x": 45500.0, "center_y": -63500.0, "full_area_m2": 1000000, "inside_area_m2": 1000000.0, "coverage_frac": 1.0, "is_edge": 0, "center_lon": 103.9698919566367, "center_lat": 1.4681379688825924 }, "geometry": { "type": "Polygon", "coordinates": [ [ [ 103.965397837103481, 1.46361744283479 ], [ 103.965399996770188, 1.472660677425997 ], [ 103.974386097574722, 1.472658478907883 ], [ 103.974383901803947, 1.463615257822874 ], [ 103.965397837103481, 1.46361744283479 ] ] ] } },
{ "type": "Feature", "properties": { "grid_id": "JB1000_R0020_C0049", "grid_m": 1000, "row_id": 20, "col_id": 49, "x_min": 46000.0, "y_min": -64000.0, "x_max": 47000.0, "y_max": -63000.0, "center_x": 46500.0, "center_y": -63500.0, "full_area_m2": 1000000, "inside_area_m2": 1000000.0, "coverage_frac": 1.0, "is_edge": 0, "center_lon": 103.97887803935259, "center_lat": 1.4681357589474835 }, "geometry": { "type": "Polygon", "coordinates": [ [ [ 103.974383901803947, 1.463615257822874 ], [ 103.974386097574722, 1.472658478907883 ], [ 103.983372198361508, 1.472656243937601 ], [ 103.983369966486876, 1.463613036582725 ], [ 103.974383901803947, 1.463615257822874 ] ] ] } },
{ "type": "Feature", "properties": { "grid_id": "JB1000_R0020_C0050", "grid_m": 1000, "row_id": 20, "col_id": 50, "x_min": 47000.0, "y_min": -64000.0, "x_max": 48000.0, "y_max": -63000.0, "center_x": 47500.0, "center_y": -63500.0, "full_area_m2": 1000000, "inside_area_m2": 1000000.0, "coverage_frac": 1.0, "is_edge": 0, "center_lon": 103.98786412205069, "center_lat": 1.4681335126722015 }, "geometry": { "type": "Polygon", "coordinates": [ [ [ 103.983369966486876, 1.463613036582725 ], [ 103.983372198361508, 1.472656243937601 ], [ 103.992358299130245, 1.472653972515204 ], [ 103.992356031151985, 1.4636107791144 ], [ 103.983369966486876, 1.463613036582725 ] ] ] } },
{ "type": "Feature", "properties": { "grid_id": "JB1000_R0020_C0051", "grid_m": 1000, "row_id": 20, "col_id": 51, "x_min": 48000.0, "y_min": -64000.0, "x_max": 49000.0, "y_max": -63000.0, "center_x": 48500.0, "center_y": -63500.0, "full_area_m2": 1000000, "inside_area_m2": 1000000.0, "coverage_frac": 1.0, "is_edge": 0, "center_lon": 103.99685020473069, "center_lat": 1.4681312300568017 }, "geometry": { "type": "Polygon", "coordinates": [ [ [ 103.992356031151985, 1.4636107791144 ], [ 103.992358299130245, 1.472653972515204 ], [ 104.001344399880651, 1.472651664640749 ], [ 104.001342095798961, 1.463608485417952 ], [ 103.992356031151985, 1.4636107791144 ] ] ] } },
{ "type": "Feature", "properties": { "grid_id": "JB1000_R0020_C0052", "grid_m": 1000, "row_id": 20, "col_id": 52, "x_min": 49000.0, "y_min": -64000.0, "x_max": 50000.0, "y_max": -63000.0, "center_x": 49500.0, "center_y": -63500.0, "full_area_m2": 1000000, "inside_area_m2": 1000000.0, "coverage_frac": 1.0, "is_edge": 0, "center_lon": 104.00583628739234, "center_lat": 1.4681289111013405 }, "geometry": { "type": "Polygon", "coordinates": [ [ [ 104.001342095798961, 1.463608485417952 ], [ 104.001344399880651, 1.472651664640749 ], [ 104.010330500612412, 1.472649320314292 ], [ 104.010328160427548, 1.463606155493439 ], [ 104.001342095798961, 1.463608485417952 ] ] ] } },
{ "type": "Feature", "properties": { "grid_id": "JB1000_R0020_C0053", "grid_m": 1000, "row_id": 20, "col_id": 53, "x_min": 50000.0, "y_min": -64000.0, "x_max": 51000.0, "y_max": -63000.0, "center_x": 50500.0, "center_y": -63500.0, "full_area_m2": 1000000, "inside_area_m2": 1000000.0, "coverage_frac": 1.0, "is_edge": 0, "center_lon": 104.01482237003532, "center_lat": 1.4681265558058745 }, "geometry": { "type": "Polygon", "coordinates": [ [ [ 104.010328160427548, 1.463606155493439 ], [ 104.010330500612412, 1.472649320314292 ], [ 104.019316601325258, 1.472646939535892 ], [ 104.019314225037434, 1.463603789340919 ], [ 104.010328160427548, 1.463606155493439 ] ] ] } },
{ "type": "Feature", "properties": { "grid_id": "JB1000_R0020_C0054", "grid_m": 1000, "row_id": 20, "col_id": 54, "x_min": 51000.0, "y_min": -64000.0, "x_max": 52000.0, "y_max": -63000.0, "center_x": 51500.0, "center_y": -63500.0, "full_area_m2": 1000000, "inside_area_m2": 656267.81520853587, "coverage_frac": 0.65626781520853583, "is_edge": 1, "center_lon": 104.02380845265934, "center_lat": 1.4681241641704623 }, "geometry": { "type": "Polygon", "coordinates": [ [ [ 104.019314225037434, 1.463603789340919 ], [ 104.019316601325258, 1.472646939535892 ], [ 104.025196625439904, 1.472645361951848 ], [ 104.025213679085979, 1.46778753632531 ], [ 104.025213720427985, 1.467787538146755 ], [ 104.025227253954, 1.46391913749997 ], [ 104.02523880258201, 1.463602209502835 ], [ 104.019314225037434, 1.463603789340919 ] ] ] } },
{ "type": "Feature", "properties": { "grid_id": "JB1000_R0021_C0002", "grid_m": 1000, "row_id": 21, "col_id": 2, "x_min": -1000.0, "y_min": -63000.0, "x_max": 0.0, "y_max": -62000.0, "center_x": -500.0, "center_y": -62500.0, "full_area_m2": 1000000, "inside_area_m2": 98625.215634802182, "coverage_frac": 0.098625215634802185, "is_edge": 1, "center_lon": 103.55653265584543, "center_lat": 1.4772439532563648 }, "geometry": { "type": "Polygon", "coordinates": [ [ [ 103.561025446922329, 1.472721882027976 ], [ 103.558638924650822, 1.472722024128966 ], [ 103.558815125021908, 1.473079956877482 ], [ 103.558914079915908, 1.473992861997826 ], [ 103.559318539715107, 1.474126919305164 ], [ 103.559517084736157, 1.474500857286598 ], [ 103.559318846525073, 1.47489102667014 ], [ 103.559013638678636, 1.475106816848348 ], [ 103.558914682140539, 1.475456847839284 ], [ 103.559211857316427, 1.475928815404848 ], [ 103.559772324096912, 1.476082764216856 ], [ 103.560090163476531, 1.477000401238828 ], [ 103.56061700645246, 1.477582488767763 ], [ 103.561025751592624, 1.477849012585206 ], [ 103.561025446922329, 1.472721882027976 ] ] ] } },
{ "type": "Feature", "properties": { "grid_id": "JB1000_R0021_C0003", "grid_m": 1000, "row_id": 21, "col_id": 3, "x_min": 0.0, "y_min": -63000.0, "x_max": 1000.0, "y_max": -62000.0, "center_x": 500.0, "center_y": -62500.0, "full_area_m2": 1000000, "inside_area_m2": 669974.56359915575, "coverage_frac": 0.66997456359915575, "is_edge": 1, "center_lon": 103.56551877528761, "center_lat": 1.4772434116967477 }, "geometry": { "type": "Polygon", "coordinates": [ [ [ 103.570011548223704, 1.472721323899897 ], [ 103.561025446922329, 1.472721882027976 ], [ 103.561025751592624, 1.477849012585206 ], [ 103.561254545594025, 1.477998198515013 ], [ 103.562213287112485, 1.478460810268982 ], [ 103.563643082077633, 1.479188372106807 ], [ 103.563935640122651, 1.479768603159802 ], [ 103.564159761293922, 1.480435526525815 ], [ 103.564412876109742, 1.480499602570171 ], [ 103.565000134481508, 1.479558024402313 ], [ 103.565880597898342, 1.479655796472753 ], [ 103.565793340358212, 1.479121441399078 ], [ 103.566411760243369, 1.478683421119989 ], [ 103.566925978202192, 1.478368032530619 ], [ 103.567161201806428, 1.4786570879917 ], [ 103.567518173055518, 1.478324115888484 ], [ 103.567892747652408, 1.478569499121248 ], [ 103.568546299573413, 1.477737279101079 ], [ 103.568955682285861, 1.477868643733001 ], [ 103.569565467343679, 1.478429331721489 ], [ 103.570011917801764, 1.478546002451036 ], [ 103.570011548223704, 1.472721323899897 ] ] ] } },
{ "type": "Feature", "properties": { "grid_id": "JB1000_R0021_C0004", "grid_m": 1000, "row_id": 21, "col_id": 4, "x_min": 1000.0, "y_min": -63000.0, "x_max": 2000.0, "y_max": -62000.0, "center_x": 1500.0, "center_y": -62500.0, "full_area_m2": 1000000, "inside_area_m2": 577321.08716932638, "coverage_frac": 0.5773210871693264, "is_edge": 1, "center_lon": 103.57450489472529, "center_lat": 1.477242833571432 }, "geometry": { "type": "Polygon", "coordinates": [ [ [ 103.57899764952046, 1.472720729318101 ], [ 103.570011548223704, 1.472721323899897 ], [ 103.570011917801764, 1.478546002451036 ], [ 103.570032210263861, 1.478551305469937 ], [ 103.570711663445351, 1.478533781481773 ], [ 103.571330065656809, 1.478761599597777 ], [ 103.572244736307042, 1.478709105515284 ], [ 103.5729503912669, 1.478122093951697 ], [ 103.573987130481726, 1.477973126330551 ], [ 103.57474981830886, 1.477150382132552 ], [ 103.577015049308969, 1.476913023741698 ], [ 103.57736310376157, 1.4780876855323 ], [ 103.578321562647744, 1.478166552833389 ], [ 103.578495741949823, 1.478481920905768 ], [ 103.578998028841738, 1.478343725953684 ], [ 103.57899764952046, 1.472720729318101 ] ] ] } },
{ "type": "Feature", "properties": { "grid_id": "JB1000_R0021_C0005", "grid_m": 1000, "row_id": 21, "col_id": 5, "x_min": 2000.0, "y_min": -63000.0, "x_max": 3000.0, "y_max": -62000.0, "center_x": 2500.0, "center_y": -62500.0, "full_area_m2": 1000000, "inside_area_m2": 968863.52450385795, "coverage_frac": 0.96886352450385793, "is_edge": 1, "center_lon": 103.58349101415818, "center_lat": 1.4772422188804324 }, "geometry": { "type": "Polygon", "coordinates": [ [ [ 103.587984397924629, 1.481763697178237 ], [ 103.587983750812313, 1.472720098282603 ], [ 103.57899764952046, 1.472720729318101 ], [ 103.578998028841738, 1.478343725953684 ], [ 103.5795093687492, 1.478203040103424 ], [ 103.579387277744885, 1.478895162733861 ], [ 103.579552829805181, 1.479140434400822 ], [ 103.579561464104515, 1.479499561306276 ], [ 103.57973565471319, 1.480092420544086 ], [ 103.580031922290772, 1.480837070499812 ], [ 103.579890847414674, 1.481764270665657 ], [ 103.587984397924629, 1.481763697178237 ] ] ] } },
{ "type": "Feature", "properties": { "grid_id": "JB1000_R0021_C0006", "grid_m": 1000, "row_id": 21, "col_id": 6, "x_min": 3000.0, "y_min": -63000.0, "x_max": 4000.0, "y_max": -62000.0, "center_x": 3500.0, "center_y": -62500.0, "full_area_m2": 1000000, "inside_area_m2": 1000000.0, "coverage_frac": 1.0, "is_edge": 0, "center_lon": 103.59247713358597, "center_lat": 1.477241567623764 }, "geometry": { "type": "Polygon", "coordinates": [ [ [ 103.587983750812313, 1.472720098282603 ], [ 103.587984397924629, 1.481763697178237 ], [ 103.596970535543932, 1.481763025588421 ], [ 103.596969852098965, 1.472719430793417 ], [ 103.587983750812313, 1.472720098282603 ] ] ] } },
{ "type": "Feature", "properties": { "grid_id": "JB1000_R0021_C0007", "grid_m": 1000, "row_id": 21, "col_id": 7, "x_min": 4000.0, "y_min": -63000.0, "x_max": 5000.0, "y_max": -62000.0, "center_x": 4500.0, "center_y": -62500.0, "full_area_m2": 1000000, "inside_area_m2": 1000000.0, "coverage_frac": 1.0, "is_edge": 0, "center_lon": 103.60146325300839, "center_lat": 1.4772408798014427 }, "geometry": { "type": "Polygon", "coordinates": [ [ [ 103.596969852098965, 1.472719430793417 ], [ 103.596970535543932, 1.481763025588421 ], [ 103.605956673157678, 1.481762317320986 ], [ 103.605955953380118, 1.472718726850561 ], [ 103.596969852098965, 1.472719430793417 ] ] ] } },
{ "type": "Feature", "properties": { "grid_id": "JB1000_R0021_C0008", "grid_m": 1000, "row_id": 21, "col_id": 8, "x_min": 5000.0, "y_min": -63000.0, "x_max": 6000.0, "y_max": -62000.0, "center_x": 5500.0, "center_y": -62500.0, "full_area_m2": 1000000, "inside_area_m2": 1000000.0, "coverage_frac": 1.0, "is_edge": 0, "center_lon": 103.61044937242514, "center_lat": 1.4772401554134857 }, "geometry": { "type": "Polygon", "coordinates": [ [ [ 103.605955953380118, 1.472718726850561 ], [ 103.605956673157678, 1.481762317320986 ], [ 103.614942810765569, 1.48176157237595 ], [ 103.614942054655501, 1.472717986454051 ], [ 103.605955953380118, 1.472718726850561 ] ] ] } },
{ "type": "Feature", "properties": { "grid_id": "JB1000_R0021_C0009", "grid_m": 1000, "row_id": 21, "col_id": 9, "x_min": 6000.0, "y_min": -63000.0, "x_max": 7000.0, "y_max": -62000.0, "center_x": 6500.0, "center_y": -62500.0, "full_area_m2": 1000000, "inside_area_m2": 1000000.0, "coverage_frac": 1.0, "is_edge": 0, "center_lon": 103.61943549183592, "center_lat": 1.4772393944599105 }, "geometry": { "type": "Polygon", "coordinates": [ [ [ 103.614942054655501, 1.472717986454051 ], [ 103.614942810765569, 1.48176157237595 ], [ 103.623928948367308, 1.481760790753331 ], [ 103.623928155924801, 1.472717209603907 ], [ 103.614942054655501, 1.472717986454051 ] ] ] } },
{ "type": "Feature", "properties": { "grid_id": "JB1000_R0021_C0010", "grid_m": 1000, "row_id": 21, "col_id": 10, "x_min": 7000.0, "y_min": -63000.0, "x_max": 8000.0, "y_max": -62000.0, "center_x": 7500.0, "center_y": -62500.0, "full_area_m2": 1000000, "inside_area_m2": 1000000.0, "coverage_frac": 1.0, "is_edge": 0, "center_lon": 103.62842161124043, "center_lat": 1.477238596940736 }, "geometry": { "type": "Polygon", "coordinates": [ [ [ 103.623928155924801, 1.472717209603907 ], [ 103.623928948367308, 1.481760790753331 ], [ 103.632915085962594, 1.481759972453148 ], [ 103.632914257187736, 1.472716396300147 ], [ 103.623928155924801, 1.472717209603907 ] ] ] } },
{ "type": "Feature", "properties": { "grid_id": "JB1000_R0021_C0011", "grid_m": 1000, "row_id": 21, "col_id": 11, "x_min": 8000.0, "y_min": -63000.0, "x_max": 9000.0, "y_max": -62000.0, "center_x": 8500.0, "center_y": -62500.0, "full_area_m2": 1000000, "inside_area_m2": 1000000.0, "coverage_frac": 1.0, "is_edge": 0, "center_lon": 103.63740773063839, "center_lat": 1.4772377628559821 }, "geometry": { "type": "Polygon", "coordinates": [ [ [ 103.632914257187736, 1.472716396300147 ], [ 103.632915085962594, 1.481759972453148 ], [ 103.641901223551145, 1.481759117475421 ], [ 103.641900358443991, 1.472715546542791 ], [ 103.632914257187736, 1.472716396300147 ] ] ] } },
{ "type": "Feature", "properties": { "grid_id": "JB1000_R0021_C0012", "grid_m": 1000, "row_id": 21, "col_id": 12, "x_min": 9000.0, "y_min": -63000.0, "x_max": 10000.0, "y_max": -62000.0, "center_x": 9500.0, "center_y": -62500.0, "full_area_m2": 1000000, "inside_area_m2": 1000000.0, "coverage_frac": 1.0, "is_edge": 0, "center_lon": 103.6463938500295, "center_lat": 1.4772368922056687 }, "geometry": { "type": "Polygon", "coordinates": [ [ [ 103.641900358443991, 1.472715546542791 ], [ 103.641901223551145, 1.481759117475421 ], [ 103.650887361132646, 1.481758225820172 ], [ 103.650886459693311, 1.47271466033186 ], [ 103.641900358443991, 1.472715546542791 ] ] ] } },
{ "type": "Feature", "properties": { "grid_id": "JB1000_R0021_C0013", "grid_m": 1000, "row_id": 21, "col_id": 13, "x_min": 10000.0, "y_min": -63000.0, "x_max": 11000.0, "y_max": -62000.0, "center_x": 10500.0, "center_y": -62500.0, "full_area_m2": 1000000, "inside_area_m2": 1000000.0, "coverage_frac": 1.0, "is_edge": 0, "center_lon": 103.65537996941347, "center_lat": 1.477235984989818 }, "geometry": { "type": "Polygon", "coordinates": [ [ [ 103.650886459693311, 1.47271466033186 ], [ 103.650887361132646, 1.481758225820172 ], [ 103.65987349870683, 1.481757297487422 ], [ 103.659872560935383, 1.472713737667376 ], [ 103.650886459693311, 1.47271466033186 ] ] ] } },
{ "type": "Feature", "properties": { "grid_id": "JB1000_R0021_C0014", "grid_m": 1000, "row_id": 21, "col_id": 14, "x_min": 11000.0, "y_min": -63000.0, "x_max": 12000.0, "y_max": -62000.0, "center_x": 11500.0, "center_y": -62500.0, "full_area_m2": 1000000, "inside_area_m2": 1000000.0, "coverage_frac": 1.0, "is_edge": 0, "center_lon": 103.66436608879, "center_lat": 1.4772350412084516 }, "geometry": { "type": "Polygon", "coordinates": [ [ [ 103.659872560935383, 1.472713737667376 ], [ 103.65987349870683, 1.481757297487422 ], [ 103.668859636273353, 1.481756332477195 ], [ 103.66885866216991, 1.472712778549361 ], [ 103.659872560935383, 1.472713737667376 ] ] ] } },
{ "type": "Feature", "properties": { "grid_id": "JB1000_R0021_C0015", "grid_m": 1000, "row_id": 21, "col_id": 15, "x_min": 12000.0, "y_min": -63000.0, "x_max": 13000.0, "y_max": -62000.0, "center_x": 12500.0, "center_y": -62500.0, "full_area_m2": 1000000, "inside_area_m2": 1000000.0, "coverage_frac": 1.0, "is_edge": 0, "center_lon": 103.6733522081588, "center_lat": 1.4772340608615933 }, "geometry": { "type": "Polygon", "coordinates": [ [ [ 103.66885866216991, 1.472712778549361 ], [ 103.668859636273353, 1.481756332477195 ], [ 103.677845773831976, 1.481755330789513 ], [ 103.677844763396621, 1.47271178297784 ], [ 103.66885866216991, 1.472712778549361 ] ] ] } },
{ "type": "Feature", "properties": { "grid_id": "JB1000_R0021_C0016", "grid_m": 1000, "row_id": 21, "col_id": 16, "x_min": 13000.0, "y_min": -63000.0, "x_max": 14000.0, "y_max": -62000.0, "center_x": 13500.0, "center_y": -62500.0, "full_area_m2": 1000000, "inside_area_m2": 1000000.0, "coverage_frac": 1.0, "is_edge": 0, "center_lon": 103.68233832751959, "center_lat": 1.4772330439492671 }, "geometry": { "type": "Polygon", "coordinates": [ [ [ 103.677844763396621, 1.47271178297784 ], [ 103.677845773831976, 1.481755330789513 ], [ 103.68683191138237, 1.481754292424403 ], [ 103.686830864615203, 1.472710750952837 ], [ 103.677844763396621, 1.47271178297784 ] ] ] } },
{ "type": "Feature", "properties": { "grid_id": "JB1000_R0021_C0017", "grid_m": 1000, "row_id": 21, "col_id": 17, "x_min": 14000.0, "y_min": -63000.0, "x_max": 15000.0, "y_max": -62000.0, "center_x": 14500.0, "center_y": -62500.0, "full_area_m2": 1000000, "inside_area_m2": 1000000.0, "coverage_frac": 1.0, "is_edge": 0, "center_lon": 103.69132444687204, "center_lat": 1.4772319904714981 }, "geometry": { "type": "Polygon", "coordinates": [ [ [ 103.686830864615203, 1.472710750952837 ], [ 103.68683191138237, 1.481754292424403 ], [ 103.695818048924252, 1.481753217381888 ], [ 103.695816965825372, 1.472709682474377 ], [ 103.686830864615203, 1.472710750952837 ] ] ] } },
{ "type": "Feature", "properties": { "grid_id": "JB1000_R0021_C0018", "grid_m": 1000, "row_id": 21, "col_id": 18, "x_min": 15000.0, "y_min": -63000.0, "x_max": 16000.0, "y_max": -62000.0, "center_x": 15500.0, "center_y": -62500.0, "full_area_m2": 1000000, "inside_area_m2": 1000000.0, "coverage_frac": 1.0, "is_edge": 0, "center_lon": 103.7003105662159, "center_lat": 1.4772309004283122 }, "geometry": { "type": "Polygon", "coordinates": [ [ [ 103.695816965825372, 1.472709682474377 ], [ 103.695818048924252, 1.481753217381888 ], [ 103.704804186457324, 1.481752105661997 ], [ 103.704803067026845, 1.472708577542487 ], [ 103.695816965825372, 1.472709682474377 ] ] ] } },
{ "type": "Feature", "properties": { "grid_id": "JB1000_R0021_C0019", "grid_m": 1000, "row_id": 21, "col_id": 19, "x_min": 16000.0, "y_min": -63000.0, "x_max": 17000.0, "y_max": -62000.0, "center_x": 16500.0, "center_y": -62500.0, "full_area_m2": 1000000, "inside_area_m2": 1000000.0, "coverage_frac": 1.0, "is_edge": 0, "center_lon": 103.70929668555084, "center_lat": 1.477229773819736 }, "geometry": { "type": "Polygon", "coordinates": [ [ [ 103.704803067026845, 1.472708577542487 ], [ 103.704804186457324, 1.481752105661997 ], [ 103.713790323981286, 1.481750957264755 ], [ 103.713789168219307, 1.472707436157193 ], [ 103.704803067026845, 1.472708577542487 ] ] ] } },
{ "type": "Feature", "properties": { "grid_id": "JB1000_R0021_C0020", "grid_m": 1000, "row_id": 21, "col_id": 20, "x_min": 17000.0, "y_min": -63000.0, "x_max": 18000.0, "y_max": -62000.0, "center_x": 17500.0, "center_y": -62500.0, "full_area_m2": 1000000, "inside_area_m2": 1000000.0, "coverage_frac": 1.0, "is_edge": 0, "center_lon": 103.71828280487658, "center_lat": 1.4772286106457975 }, "geometry": { "type": "Polygon", "coordinates": [ [ [ 103.713789168219307, 1.472707436157193 ], [ 103.713790323981286, 1.481750957264755 ], [ 103.72277646149584, 1.481749772190192 ], [ 103.72277526940249, 1.472706258318524 ], [ 103.713789168219307, 1.472707436157193 ] ] ] } },
{ "type": "Feature", "properties": { "grid_id": "JB1000_R0021_C0021", "grid_m": 1000, "row_id": 21, "col_id": 21, "x_min": 18000.0, "y_min": -63000.0, "x_max": 19000.0, "y_max": -62000.0, "center_x": 18500.0, "center_y": -62500.0, "full_area_m2": 1000000, "inside_area_m2": 1000000.0, "coverage_frac": 1.0, "is_edge": 0, "center_lon": 103.72726892419284, "center_lat": 1.4772274109065253 }, "geometry": { "type": "Polygon", "coordinates": [ [ [ 103.72277526940249, 1.472706258318524 ], [ 103.72277646149584, 1.481749772190192 ], [ 103.731762599000689, 1.481748550438337 ], [ 103.731761370576081, 1.472705044026509 ], [ 103.72277526940249, 1.472706258318524 ] ] ] } },
{ "type": "Feature", "properties": { "grid_id": "JB1000_R0021_C0022", "grid_m": 1000, "row_id": 21, "col_id": 22, "x_min": 19000.0, "y_min": -63000.0, "x_max": 20000.0, "y_max": -62000.0, "center_x": 19500.0, "center_y": -62500.0, "full_area_m2": 1000000, "inside_area_m2": 1000000.0, "coverage_frac": 1.0, "is_edge": 0, "center_lon": 103.7362550434993, "center_lat": 1.477226174601949 }, "geometry": { "type": "Polygon", "coordinates": [ [ [ 103.731761370576081, 1.472705044026509 ], [ 103.731762599000689, 1.481748550438337 ], [ 103.740748736495561, 1.481747292009219 ], [ 103.740747471739809, 1.472703793281178 ], [ 103.731761370576081, 1.472705044026509 ] ] ] } },
{ "type": "Feature", "properties": { "grid_id": "JB1000_R0021_C0023", "grid_m": 1000, "row_id": 21, "col_id": 23, "x_min": 20000.0, "y_min": -63000.0, "x_max": 21000.0, "y_max": -62000.0, "center_x": 20500.0, "center_y": -62500.0, "full_area_m2": 1000000, "inside_area_m2": 1000000.0, "coverage_frac": 1.0, "is_edge": 0, "center_lon": 103.74524116279568, "center_lat": 1.4772249017320991 }, "geometry": { "type": "Polygon", "coordinates": [ [ [ 103.740747471739809, 1.472703793281178 ], [ 103.740748736495561, 1.481747292009219 ], [ 103.749734873980131, 1.48174599690287 ], [ 103.749733572893362, 1.472702506082561 ], [ 103.740747471739809, 1.472703793281178 ] ] ] } },
{ "type": "Feature", "properties": { "grid_id": "JB1000_R0021_C0024", "grid_m": 1000, "row_id": 21, "col_id": 24, "x_min": 21000.0, "y_min": -63000.0, "x_max": 22000.0, "y_max": -62000.0, "center_x": 21500.0, "center_y": -62500.0, "full_area_m2": 1000000, "inside_area_m2": 1000000.0, "coverage_frac": 1.0, "is_edge": 0, "center_lon": 103.7542272820817, "center_lat": 1.4772235922970069 }, "geometry": { "type": "Polygon", "coordinates": [ [ [ 103.749733572893362, 1.472702506082561 ], [ 103.749734873980131, 1.48174599690287 ], [ 103.758721011454128, 1.481744665119322 ], [ 103.75871967403647, 1.472701182430691 ], [ 103.749733572893362, 1.472702506082561 ] ] ] } },
{ "type": "Feature", "properties": { "grid_id": "JB1000_R0021_C0025", "grid_m": 1000, "row_id": 21, "col_id": 25, "x_min": 22000.0, "y_min": -63000.0, "x_max": 23000.0, "y_max": -62000.0, "center_x": 22500.0, "center_y": -62500.0, "full_area_m2": 1000000, "inside_area_m2": 1000000.0, "coverage_frac": 1.0, "is_edge": 0, "center_lon": 103.76321340135704, "center_lat": 1.4772222462967044 }, "geometry": { "type": "Polygon", "coordinates": [ [ [ 103.75871967403647, 1.472701182430691 ], [ 103.758721011454128, 1.481744665119322 ], [ 103.767707148917225, 1.481743296658607 ], [ 103.767705775168821, 1.4726998223256 ], [ 103.75871967403647, 1.472701182430691 ] ] ] } },
{ "type": "Feature", "properties": { "grid_id": "JB1000_R0021_C0026", "grid_m": 1000, "row_id": 21, "col_id": 26, "x_min": 23000.0, "y_min": -63000.0, "x_max": 24000.0, "y_max": -62000.0, "center_x": 23500.0, "center_y": -62500.0, "full_area_m2": 1000000, "inside_area_m2": 1000000.0, "coverage_frac": 1.0, "is_edge": 0, "center_lon": 103.77219952062143, "center_lat": 1.4772208637312252 }, "geometry": { "type": "Polygon", "coordinates": [ [ [ 103.767705775168821, 1.4726998223256 ], [ 103.767707148917225, 1.481743296658607 ], [ 103.776693286369152, 1.481741891520759 ], [ 103.776691876290144, 1.472698425767321 ], [ 103.767705775168821, 1.4726998223256 ] ] ] } },
{ "type": "Feature", "properties": { "grid_id": "JB1000_R0021_C0027", "grid_m": 1000, "row_id": 21, "col_id": 27, "x_min": 24000.0, "y_min": -63000.0, "x_max": 25000.0, "y_max": -62000.0, "center_x": 24500.0, "center_y": -62500.0, "full_area_m2": 1000000, "inside_area_m2": 1000000.0, "coverage_frac": 1.0, "is_edge": 0, "center_lon": 103.78118563987454, "center_lat": 1.4772194446006031 }, "geometry": { "type": "Polygon", "coordinates": [ [ [ 103.776691876290144, 1.472698425767321 ], [ 103.776693286369152, 1.481741891520759 ], [ 103.785679423809611, 1.481740449705814 ], [ 103.785677977400127, 1.472696992755888 ], [ 103.776691876290144, 1.472698425767321 ] ] ] } },
{ "type": "Feature", "properties": { "grid_id": "JB1000_R0021_C0028", "grid_m": 1000, "row_id": 21, "col_id": 28, "x_min": 25000.0, "y_min": -63000.0, "x_max": 26000.0, "y_max": -62000.0, "center_x": 25500.0, "center_y": -62500.0, "full_area_m2": 1000000, "inside_area_m2": 1000000.0, "coverage_frac": 1.0, "is_edge": 0, "center_lon": 103.79017175911611, "center_lat": 1.4772179889048729 }, "geometry": { "type": "Polygon", "coordinates": [ [ [ 103.785677977400127, 1.472696992755888 ], [ 103.785679423809611, 1.481740449705814 ], [ 103.79466556123829, 1.481738971213805 ], [ 103.794664078498485, 1.472695523291339 ], [ 103.785677977400127, 1.472696992755888 ] ] ] } },
{ "type": "Feature", "properties": { "grid_id": "JB1000_R0021_C0029", "grid_m": 1000, "row_id": 21, "col_id": 29, "x_min": 26000.0, "y_min": -63000.0, "x_max": 27000.0, "y_max": -62000.0, "center_x": 26500.0, "center_y": -62500.0, "full_area_m2": 1000000, "inside_area_m2": 831308.84880262474, "coverage_frac": 0.83130884880262479, "is_edge": 1, "center_lon": 103.79915787834584, "center_lat": 1.4772164966440706 }, "geometry": { "type": "Polygon", "coordinates": [ [ [ 103.794664078498485, 1.472695523291339 ], [ 103.79466556123829, 1.481738971213805 ], [ 103.803651698654917, 1.48173745604477 ], [ 103.803650837059266, 1.476614947658547 ], [ 103.801931030550321, 1.476238087445099 ], [ 103.801930994607801, 1.47623806934045 ], [ 103.797816173676154, 1.472694999204584 ], [ 103.794664078498485, 1.472695523291339 ] ] ] } },
{ "type": "Feature", "properties": { "grid_id": "JB1000_R0021_C0030", "grid_m": 1000, "row_id": 21, "col_id": 30, "x_min": 27000.0, "y_min": -63000.0, "x_max": 28000.0, "y_max": -62000.0, "center_x": 27500.0, "center_y": -62500.0, "full_area_m2": 1000000, "inside_area_m2": 464761.44555773988, "coverage_frac": 0.46476144555773985, "is_edge": 1, "center_lon": 103.80814399756343, "center_lat": 1.4772149678182334 }, "geometry": { "type": "Polygon", "coordinates": [ [ [ 103.803651698654917, 1.48173745604477 ], [ 103.812637836059181, 1.481735904198746 ], [ 103.812637173512101, 1.477890486664161 ], [ 103.810929946711809, 1.478209988573211 ], [ 103.81092990896444, 1.478209988557962 ], [ 103.803650837059266, 1.476614947658547 ], [ 103.803651698654917, 1.48173745604477 ] ] ] } },
{ "type": "Feature", "properties": { "grid_id": "JB1000_R0021_C0031", "grid_m": 1000, "row_id": 21, "col_id": 31, "x_min": 28000.0, "y_min": -63000.0, "x_max": 29000.0, "y_max": -62000.0, "center_x": 28500.0, "center_y": -62500.0, "full_area_m2": 1000000, "inside_area_m2": 519166.8053242187, "coverage_frac": 0.51916680532421866, "is_edge": 1, "center_lon": 103.8171301167686, "center_lat": 1.4772134024273982 }, "geometry": { "type": "Polygon", "coordinates": [ [ [ 103.812637836059181, 1.481735904198746 ], [ 103.821623973450798, 1.481734315675771 ], [ 103.821622974391019, 1.476064635439206 ], [ 103.820429059382136, 1.476432244457832 ], [ 103.812637173512101, 1.477890486664161 ], [ 103.812637836059181, 1.481735904198746 ] ] ] } },
{ "type": "Feature", "properties": { "grid_id": "JB1000_R0021_C0032", "grid_m": 1000, "row_id": 21, "col_id": 32, "x_min": 29000.0, "y_min": -63000.0, "x_max": 30000.0, "y_max": -62000.0, "center_x": 29500.0, "center_y": -62500.0, "full_area_m2": 1000000, "inside_area_m2": 779818.78437214624, "coverage_frac": 0.77981878437214625, "is_edge": 1, "center_lon": 103.82611623596104, "center_lat": 1.4772118004716039 }, "geometry": { "type": "Polygon", "coordinates": [ [ [ 103.821623973450798, 1.481734315675771 ], [ 103.83061011082944, 1.481732690475884 ], [ 103.830608592028824, 1.473297923281085 ], [ 103.821622974391019, 1.476064635439206 ], [ 103.821623973450798, 1.481734315675771 ] ] ] } },
{ "type": "Feature", "properties": { "grid_id": "JB1000_R0021_C0033", "grid_m": 1000, "row_id": 21, "col_id": 33, "x_min": 30000.0, "y_min": -63000.0, "x_max": 31000.0, "y_max": -62000.0, "center_x": 30500.0, "center_y": -62500.0, "full_area_m2": 1000000, "inside_area_m2": 992602.19740907592, "coverage_frac": 0.99260219740907596, "is_edge": 1, "center_lon": 103.83510235514046, "center_lat": 1.4772101619508902 }, "geometry": { "type": "Polygon", "coordinates": [ [ [ 103.83061011082944, 1.481732690475884 ], [ 103.839596248194866, 1.481731028599126 ], [ 103.839594583805678, 1.472687629173118 ], [ 103.832555282177722, 1.472688926155939 ], [ 103.832427845928393, 1.472737760172066 ], [ 103.832427811771154, 1.472737772821653 ], [ 103.830608592028824, 1.473297923281085 ], [ 103.83061011082944, 1.481732690475884 ] ] ] } },
{ "type": "Feature", "properties": { "grid_id": "JB1000_R0021_C0034", "grid_m": 1000, "row_id": 21, "col_id": 34, "x_min": 31000.0, "y_min": -63000.0, "x_max": 32000.0, "y_max": -62000.0, "center_x": 31500.0, "center_y": -62500.0, "full_area_m2": 1000000, "inside_area_m2": 1000000.0, "coverage_frac": 1.0, "is_edge": 0, "center_lon": 103.84408847430657, "center_lat": 1.477208486865297 }, "geometry": { "type": "Polygon", "coordinates": [ [ [ 103.839594583805678, 1.472687629173118 ], [ 103.839596248194866, 1.481731028599126 ], [ 103.848582385546734, 1.481729330045538 ], [ 103.848580684828136, 1.472685940990652 ], [ 103.839594583805678, 1.472687629173118 ] ] ] } },
{ "type": "Feature", "properties": { "grid_id": "JB1000_R0021_C0035", "grid_m": 1000, "row_id": 21, "col_id": 35, "x_min": 32000.0, "y_min": -63000.0, "x_max": 33000.0, "y_max": -62000.0, "center_x": 32500.0, "center_y": -62500.0, "full_area_m2": 1000000, "inside_area_m2": 1000000.0, "coverage_frac": 1.0, "is_edge": 0, "center_lon": 103.85307459345907, "center_lat": 1.4772067752148657 }, "geometry": { "type": "Polygon", "coordinates": [ [ [ 103.848580684828136, 1.472685940990652 ], [ 103.848582385546734, 1.481729330045538 ], [ 103.857568522884762, 1.48172759481516 ], [ 103.857566785836937, 1.47268421635534 ], [ 103.848580684828136, 1.472685940990652 ] ] ] } },
{ "type": "Feature", "properties": { "grid_id": "JB1000_R0021_C0036", "grid_m": 1000, "row_id": 21, "col_id": 36, "x_min": 33000.0, "y_min": -63000.0, "x_max": 34000.0, "y_max": -62000.0, "center_x": 33500.0, "center_y": -62500.0, "full_area_m2": 1000000, "inside_area_m2": 1000000.0, "coverage_frac": 1.0, "is_edge": 0, "center_lon": 103.86206071259767, "center_lat": 1.4772050269996388 }, "geometry": { "type": "Polygon", "coordinates": [ [ [ 103.857566785836937, 1.47268421635534 ], [ 103.857568522884762, 1.48172759481516 ], [ 103.866554660208664, 1.481725822908036 ], [ 103.866552886831798, 1.472682455267225 ], [ 103.857566785836937, 1.47268421635534 ] ] ] } },
{ "type": "Feature", "properties": { "grid_id": "JB1000_R0021_C0037", "grid_m": 1000, "row_id": 21, "col_id": 37, "x_min": 34000.0, "y_min": -63000.0, "x_max": 35000.0, "y_max": -62000.0, "center_x": 34500.0, "center_y": -62500.0, "full_area_m2": 1000000, "inside_area_m2": 1000000.0, "coverage_frac": 1.0, "is_edge": 0, "center_lon": 103.87104683172208, "center_lat": 1.477203242219659 }, "geometry": { "type": "Polygon", "coordinates": [ [ [ 103.866552886831798, 1.472682455267225 ], [ 103.866554660208664, 1.481725822908036 ], [ 103.875540797518127, 1.48172401432421 ], [ 103.875538987812391, 1.47268065772635 ], [ 103.866552886831798, 1.472682455267225 ] ] ] } },
{ "type": "Feature", "properties": { "grid_id": "JB1000_R0021_C0038", "grid_m": 1000, "row_id": 21, "col_id": 38, "x_min": 35000.0, "y_min": -63000.0, "x_max": 36000.0, "y_max": -62000.0, "center_x": 35500.0, "center_y": -62500.0, "full_area_m2": 1000000, "inside_area_m2": 1000000.0, "coverage_frac": 1.0, "is_edge": 0, "center_lon": 103.880032950832, "center_lat": 1.4772014208749704 }, "geometry": { "type": "Polygon", "coordinates": [ [ [ 103.875538987812391, 1.47268065772635 ], [ 103.875540797518127, 1.48172401432421 ], [ 103.884526934812882, 1.481722169063726 ], [ 103.884525088778432, 1.47267882373276 ], [ 103.875538987812391, 1.47268065772635 ] ] ] } },
{ "type": "Feature", "properties": { "grid_id": "JB1000_R0021_C0039", "grid_m": 1000, "row_id": 21, "col_id": 39, "x_min": 36000.0, "y_min": -63000.0, "x_max": 37000.0, "y_max": -62000.0, "center_x": 36500.0, "center_y": -62500.0, "full_area_m2": 1000000, "inside_area_m2": 1000000.0, "coverage_frac": 1.0, "is_edge": 0, "center_lon": 103.88901906992714, "center_lat": 1.4771995629656176 }, "geometry": { "type": "Polygon", "coordinates": [ [ [ 103.884525088778432, 1.47267882373276 ], [ 103.884526934812882, 1.481722169063726 ], [ 103.893513072092617, 1.48172028712663 ], [ 103.893511189729651, 1.472676953286499 ], [ 103.884525088778432, 1.47267882373276 ] ] ] } },
{ "type": "Feature", "properties": { "grid_id": "JB1000_R0021_C0040", "grid_m": 1000, "row_id": 21, "col_id": 40, "x_min": 37000.0, "y_min": -63000.0, "x_max": 38000.0, "y_max": -62000.0, "center_x": 37500.0, "center_y": -62500.0, "full_area_m2": 1000000, "inside_area_m2": 1000000.0, "coverage_frac": 1.0, "is_edge": 0, "center_lon": 103.89800518900721, "center_lat": 1.4771976684916468 }, "geometry": { "type": "Polygon", "coordinates": [ [ [ 103.893511189729651, 1.472676953286499 ], [ 103.893513072092617, 1.48172028712663 ], [ 103.902499209357018, 1.481718368512967 ], [ 103.902497290665721, 1.472675046387614 ], [ 103.893511189729651, 1.472676953286499 ] ] ] } },
{ "type": "Feature", "properties": { "grid_id": "JB1000_R0021_C0041", "grid_m": 1000, "row_id": 21, "col_id": 41, "x_min": 38000.0, "y_min": -63000.0, "x_max": 39000.0, "y_max": -62000.0, "center_x": 38500.0, "center_y": -62500.0, "full_area_m2": 1000000, "inside_area_m2": 1000000.0, "coverage_frac": 1.0, "is_edge": 0, "center_lon": 103.90699130807191, "center_lat": 1.4771957374531044 }, "geometry": { "type": "Polygon", "coordinates": [ [ [ 103.902497290665721, 1.472675046387614 ], [ 103.902499209357018, 1.481718368512967 ], [ 103.911485346605829, 1.481716413222785 ], [ 103.911483391586387, 1.472673103036152 ], [ 103.902497290665721, 1.472675046387614 ] ] ] } },
{ "type": "Feature", "properties": { "grid_id": "JB1000_R0021_C0042", "grid_m": 1000, "row_id": 21, "col_id": 42, "x_min": 39000.0, "y_min": -63000.0, "x_max": 40000.0, "y_max": -62000.0, "center_x": 39500.0, "center_y": -62500.0, "full_area_m2": 1000000, "inside_area_m2": 1000000.0, "coverage_frac": 1.0, "is_edge": 0, "center_lon": 103.91597742712095, "center_lat": 1.4771937698500379 }, "geometry": { "type": "Polygon", "coordinates": [ [ [ 103.911483391586387, 1.472673103036152 ], [ 103.911485346605829, 1.481716413222785 ], [ 103.92047148383871, 1.481714421256133 ], [ 103.92046949249135, 1.47267112323216 ], [ 103.911483391586387, 1.472673103036152 ] ] ] } },
{ "type": "Feature", "properties": { "grid_id": "JB1000_R0021_C0043", "grid_m": 1000, "row_id": 21, "col_id": 43, "x_min": 40000.0, "y_min": -63000.0, "x_max": 41000.0, "y_max": -62000.0, "center_x": 40500.0, "center_y": -62500.0, "full_area_m2": 1000000, "inside_area_m2": 1000000.0, "coverage_frac": 1.0, "is_edge": 0, "center_lon": 103.92496354615402, "center_lat": 1.477191765682496 }, "geometry": { "type": "Polygon", "coordinates": [ [ [ 103.92046949249135, 1.47267112323216 ], [ 103.92047148383871, 1.481714421256133 ], [ 103.92945762105542, 1.481712392613059 ], [ 103.929455593380297, 1.472669106975688 ], [ 103.92046949249135, 1.47267112323216 ] ] ] } },
{ "type": "Feature", "properties": { "grid_id": "JB1000_R0021_C0044", "grid_m": 1000, "row_id": 21, "col_id": 44, "x_min": 41000.0, "y_min": -63000.0, "x_max": 42000.0, "y_max": -62000.0, "center_x": 41500.0, "center_y": -62500.0, "full_area_m2": 1000000, "inside_area_m2": 1000000.0, "coverage_frac": 1.0, "is_edge": 0, "center_lon": 103.93394966517084, "center_lat": 1.4771897249505279 }, "geometry": { "type": "Polygon", "coordinates": [ [ [ 103.929455593380297, 1.472669106975688 ], [ 103.92945762105542, 1.481712392613059 ], [ 103.938443758255602, 1.481710327293614 ], [ 103.93844169425293, 1.472667054266784 ], [ 103.929455593380297, 1.472669106975688 ] ] ] } },
{ "type": "Feature", "properties": { "grid_id": "JB1000_R0021_C0045", "grid_m": 1000, "row_id": 21, "col_id": 45, "x_min": 42000.0, "y_min": -63000.0, "x_max": 43000.0, "y_max": -62000.0, "center_x": 42500.0, "center_y": -62500.0, "full_area_m2": 1000000, "inside_area_m2": 1000000.0, "coverage_frac": 1.0, "is_edge": 0, "center_lon": 103.94293578417113, "center_lat": 1.4771876476541841 }, "geometry": { "type": "Polygon", "coordinates": [ [ [ 103.93844169425293, 1.472667054266784 ], [ 103.938443758255602, 1.481710327293614 ], [ 103.947429895439015, 1.481708225297848 ], [ 103.947427795108993, 1.4726649651055 ], [ 103.93844169425293, 1.472667054266784 ] ] ] } },
{ "type": "Feature", "properties": { "grid_id": "JB1000_R0021_C0046", "grid_m": 1000, "row_id": 21, "col_id": 46, "x_min": 43000.0, "y_min": -63000.0, "x_max": 44000.0, "y_max": -62000.0, "center_x": 43500.0, "center_y": -62500.0, "full_area_m2": 1000000, "inside_area_m2": 1000000.0, "coverage_frac": 1.0, "is_edge": 0, "center_lon": 103.95192190315458, "center_lat": 1.4771855337935151 }, "geometry": { "type": "Polygon", "coordinates": [ [ [ 103.947427795108993, 1.4726649651055 ], [ 103.947429895439015, 1.481708225297848 ], [ 103.956416032605333, 1.481706086625812 ], [ 103.956413895948174, 1.472662839491887 ], [ 103.947427795108993, 1.4726649651055 ] ] ] } },
{ "type": "Feature", "properties": { "grid_id": "JB1000_R0021_C0047", "grid_m": 1000, "row_id": 21, "col_id": 47, "x_min": 44000.0, "y_min": -63000.0, "x_max": 45000.0, "y_max": -62000.0, "center_x": 44500.0, "center_y": -62500.0, "full_area_m2": 1000000, "inside_area_m2": 1000000.0, "coverage_frac": 1.0, "is_edge": 0, "center_lon": 103.96090802212089, "center_lat": 1.4771833833685739 }, "geometry": { "type": "Polygon", "coordinates": [ [ [ 103.956413895948174, 1.472662839491887 ], [ 103.956416032605333, 1.481706086625812 ], [ 103.96540216975427, 1.481703911277561 ], [ 103.965399996770188, 1.472660677425997 ], [ 103.956413895948174, 1.472662839491887 ] ] ] } },
{ "type": "Feature", "properties": { "grid_id": "JB1000_R0021_C0048", "grid_m": 1000, "row_id": 21, "col_id": 48, "x_min": 45000.0, "y_min": -63000.0, "x_max": 46000.0, "y_max": -62000.0, "center_x": 45500.0, "center_y": -62500.0, "full_area_m2": 1000000, "inside_area_m2": 1000000.0, "coverage_frac": 1.0, "is_edge": 0, "center_lon": 103.96989414106979, "center_lat": 1.4771811963794128 }, "geometry": { "type": "Polygon", "coordinates": [ [ [ 103.965399996770188, 1.472660677425997 ], [ 103.96540216975427, 1.481703911277561 ], [ 103.974388306885501, 1.481701699253146 ], [ 103.974386097574722, 1.472658478907883 ], [ 103.965399996770188, 1.472660677425997 ] ] ] } },
{ "type": "Feature", "properties": { "grid_id": "JB1000_R0021_C0049", "grid_m": 1000, "row_id": 21, "col_id": 49, "x_min": 46000.0, "y_min": -63000.0, "x_max": 47000.0, "y_max": -62000.0, "center_x": 46500.0, "center_y": -62500.0, "full_area_m2": 1000000, "inside_area_m2": 1000000.0, "coverage_frac": 1.0, "is_edge": 0, "center_lon": 103.97888026000095, "center_lat": 1.4771789728260858 }, "geometry": { "type": "Polygon", "coordinates": [ [ [ 103.974386097574722, 1.472658478907883 ], [ 103.974388306885501, 1.481701699253146 ], [ 103.983374443998784, 1.481699450552624 ], [ 103.983372198361508, 1.472656243937601 ], [ 103.974386097574722, 1.472658478907883 ] ] ] } },
{ "type": "Feature", "properties": { "grid_id": "JB1000_R0021_C0050", "grid_m": 1000, "row_id": 21, "col_id": 50, "x_min": 47000.0, "y_min": -63000.0, "x_max": 48000.0, "y_max": -62000.0, "center_x": 47500.0, "center_y": -62500.0, "full_area_m2": 1000000, "inside_area_m2": 1000000.0, "coverage_frac": 1.0, "is_edge": 0, "center_lon": 103.98786637891412, "center_lat": 1.4771767127086477 }, "geometry": { "type": "Polygon", "coordinates": [ [ [ 103.983372198361508, 1.472656243937601 ], [ 103.983374443998784, 1.481699450552624 ], [ 103.992360581093791, 1.481697165176048 ], [ 103.992358299130245, 1.472653972515204 ], [ 103.983372198361508, 1.472656243937601 ] ] ] } },
{ "type": "Feature", "properties": { "grid_id": "JB1000_R0021_C0051", "grid_m": 1000, "row_id": 21, "col_id": 51, "x_min": 48000.0, "y_min": -63000.0, "x_max": 49000.0, "y_max": -62000.0, "center_x": 48500.0, "center_y": -62500.0, "full_area_m2": 1000000, "inside_area_m2": 1000000.0, "coverage_frac": 1.0, "is_edge": 0, "center_lon": 103.99685249780896, "center_lat": 1.4771744160271545 }, "geometry": { "type": "Polygon", "coordinates": [ [ [ 103.992358299130245, 1.472653972515204 ], [ 103.992360581093791, 1.481697165176048 ], [ 104.001346718170225, 1.481694843123476 ], [ 104.001344399880651, 1.472651664640749 ], [ 103.992358299130245, 1.472653972515204 ] ] ] } },
{ "type": "Feature", "properties": { "grid_id": "JB1000_R0021_C0052", "grid_m": 1000, "row_id": 21, "col_id": 52, "x_min": 49000.0, "y_min": -63000.0, "x_max": 50000.0, "y_max": -62000.0, "center_x": 49500.0, "center_y": -62500.0, "full_area_m2": 1000000, "inside_area_m2": 1000000.0, "coverage_frac": 1.0, "is_edge": 0, "center_lon": 104.00583861668521, "center_lat": 1.4771720827816623 }, "geometry": { "type": "Polygon", "coordinates": [ [ [ 104.001344399880651, 1.472651664640749 ], [ 104.001346718170225, 1.481694843123476 ], [ 104.010332855227801, 1.481692484394964 ], [ 104.010330500612412, 1.472649320314292 ], [ 104.001344399880651, 1.472651664640749 ] ] ] } },
{ "type": "Feature", "properties": { "grid_id": "JB1000_R0021_C0053", "grid_m": 1000, "row_id": 21, "col_id": 53, "x_min": 50000.0, "y_min": -63000.0, "x_max": 51000.0, "y_max": -62000.0, "center_x": 50500.0, "center_y": -62500.0, "full_area_m2": 1000000, "inside_area_m2": 1000000.0, "coverage_frac": 1.0, "is_edge": 0, "center_lon": 104.01482473554258, "center_lat": 1.4771697129722285 }, "geometry": { "type": "Polygon", "coordinates": [ [ [ 104.010330500612412, 1.472649320314292 ], [ 104.010332855227801, 1.481692484394964 ], [ 104.019318992266221, 1.481690088990572 ], [ 104.019316601325258, 1.472646939535892 ], [ 104.010330500612412, 1.472649320314292 ] ] ] } },
{ "type": "Feature", "properties": { "grid_id": "JB1000_R0021_C0054", "grid_m": 1000, "row_id": 21, "col_id": 54, "x_min": 51000.0, "y_min": -63000.0, "x_max": 52000.0, "y_max": -62000.0, "center_x": 51500.0, "center_y": -62500.0, "full_area_m2": 1000000, "inside_area_m2": 652448.46428277739, "coverage_frac": 0.65244846428277736, "is_edge": 1, "center_lon": 104.02381085438074, "center_lat": 1.4771673065989122 }, "geometry": { "type": "Polygon", "coordinates": [ [ [ 104.019316601325258, 1.472646939535892 ], [ 104.019318992266221, 1.481690088990572 ], [ 104.025165085475365, 1.481688510925745 ], [ 104.025168062539592, 1.480837649597048 ], [ 104.025167898967595, 1.480837644120918 ], [ 104.025169016319012, 1.480512504896748 ], [ 104.025196625439904, 1.472645361951848 ], [ 104.019316601325258, 1.472646939535892 ] ] ] } },
{ "type": "Feature", "properties": { "grid_id": "JB1000_R0022_C0004", "grid_m": 1000, "row_id": 22, "col_id": 4, "x_min": 1000.0, "y_min": -62000.0, "x_max": 2000.0, "y_max": -61000.0, "center_x": 1500.0, "center_y": -61500.0, "full_area_m2": 1000000, "inside_area_m2": 28602.405381350014, "coverage_frac": 0.028602405381350015, "is_edge": 1, "center_lon": 103.57450548915449, "center_lat": 1.4862864378280221 }, "geometry": { "type": "Polygon", "coordinates": [ [ [ 103.578998874822986, 1.490807934121416 ], [ 103.578998724843345, 1.488605838922265 ], [ 103.57893787890832, 1.488668641163882 ], [ 103.577962489811668, 1.489686748231019 ], [ 103.577565118203921, 1.490101430237034 ], [ 103.577500681821164, 1.490168508849689 ], [ 103.577310167109786, 1.490367441522926 ], [ 103.576889777506324, 1.490808078701296 ], [ 103.578998874822986, 1.490807934121416 ] ] ] } },
{ "type": "Feature", "properties": { "grid_id": "JB1000_R0022_C0005", "grid_m": 1000, "row_id": 22, "col_id": 5, "x_min": 2000.0, "y_min": -62000.0, "x_max": 3000.0, "y_max": -61000.0, "center_x": 2500.0, "center_y": -61500.0, "full_area_m2": 1000000, "inside_area_m2": 924114.65949131653, "coverage_frac": 0.92411465949131655, "is_edge": 1, "center_lon": 103.58349164503146, "center_lat": 1.4862858193722999 }, "geometry": { "type": "Polygon", "coordinates": [ [ [ 103.578998874822986, 1.490807934121416 ], [ 103.587985049002938, 1.490807295332523 ], [ 103.587984397924629, 1.481763697178237 ], [ 103.579890847414674, 1.481764270665657 ], [ 103.579883957144247, 1.481809556248733 ], [ 103.579892574825777, 1.482457713828884 ], [ 103.580293352420171, 1.483035883840681 ], [ 103.580564332149933, 1.483568220877493 ], [ 103.580407746234215, 1.484540510601883 ], [ 103.580067711333996, 1.484820900648082 ], [ 103.579998051571422, 1.485346615658603 ], [ 103.579309972202097, 1.48567066677452 ], [ 103.579351594240336, 1.486007215407522 ], [ 103.579403995448004, 1.486410113424486 ], [ 103.579778553572083, 1.487207304762405 ], [ 103.580086832826282, 1.487482745504726 ], [ 103.578998724843345, 1.488605838922265 ], [ 103.578998874822986, 1.490807934121416 ] ] ] } },
{ "type": "Feature", "properties": { "grid_id": "JB1000_R0022_C0006", "grid_m": 1000, "row_id": 22, "col_id": 6, "x_min": 3000.0, "y_min": -62000.0, "x_max": 4000.0, "y_max": -61000.0, "center_x": 3500.0, "center_y": -61500.0, "full_area_m2": 1000000, "inside_area_m2": 1000000.0, "coverage_frac": 1.0, "is_edge": 0, "center_lon": 103.59247780090328, "center_lat": 1.4862851641269599 }, "geometry": { "type": "Polygon", "coordinates": [ [ [ 103.587984397924629, 1.481763697178237 ], [ 103.587985049002938, 1.490807295332523 ], [ 103.596971223177562, 1.490806619642045 ], [ 103.596970535543932, 1.481763025588421 ], [ 103.587984397924629, 1.481763697178237 ] ] ] } },
{ "type": "Feature", "properties": { "grid_id": "JB1000_R0022_C0007", "grid_m": 1000, "row_id": 22, "col_id": 7, "x_min": 4000.0, "y_min": -62000.0, "x_max": 5000.0, "y_max": -61000.0, "center_x": 4500.0, "center_y": -61500.0, "full_area_m2": 1000000, "inside_area_m2": 1000000.0, "coverage_frac": 1.0, "is_edge": 0, "center_lon": 103.60146395676965, "center_lat": 1.4862844720920176 }, "geometry": { "type": "Polygon", "coordinates": [ [ [ 103.596970535543932, 1.481763025588421 ], [ 103.596971223177562, 1.490806619642045 ], [ 103.605957397346572, 1.490805907049997 ], [ 103.605956673157678, 1.481762317320986 ], [ 103.596970535543932, 1.481763025588421 ] ] ] } },
{ "type": "Feature", "properties": { "grid_id": "JB1000_R0022_C0008", "grid_m": 1000, "row_id": 22, "col_id": 8, "x_min": 5000.0, "y_min": -62000.0, "x_max": 6000.0, "y_max": -61000.0, "center_x": 5500.0, "center_y": -61500.0, "full_area_m2": 1000000, "inside_area_m2": 1000000.0, "coverage_frac": 1.0, "is_edge": 0, "center_lon": 103.61045011263028, "center_lat": 1.4862837432674905 }, "geometry": { "type": "Polygon", "coordinates": [ [ [ 103.605956673157678, 1.481762317320986 ], [ 103.605957397346572, 1.490805907049997 ], [ 103.614943571509642, 1.490805157556399 ], [ 103.614942810765569, 1.48176157237595 ], [ 103.605956673157678, 1.481762317320986 ] ] ] } },
{ "type": "Feature", "properties": { "grid_id": "JB1000_R0022_C0009", "grid_m": 1000, "row_id": 22, "col_id": 9, "x_min": 6000.0, "y_min": -62000.0, "x_max": 7000.0, "y_max": -61000.0, "center_x": 6500.0, "center_y": -61500.0, "full_area_m2": 1000000, "inside_area_m2": 1000000.0, "coverage_frac": 1.0, "is_edge": 0, "center_lon": 103.61943626848488, "center_lat": 1.4862829776533963 }, "geometry": { "type": "Polygon", "coordinates": [ [ [ 103.614942810765569, 1.48176157237595 ], [ 103.614943571509642, 1.490805157556399 ], [ 103.623929745666487, 1.490804371161268 ], [ 103.623928948367308, 1.481760790753331 ], [ 103.614942810765569, 1.48176157237595 ] ] ] } },
{ "type": "Feature", "properties": { "grid_id": "JB1000_R0022_C0010", "grid_m": 1000, "row_id": 22, "col_id": 10, "x_min": 7000.0, "y_min": -62000.0, "x_max": 8000.0, "y_max": -61000.0, "center_x": 7500.0, "center_y": -61500.0, "full_area_m2": 1000000, "inside_area_m2": 1000000.0, "coverage_frac": 1.0, "is_edge": 0, "center_lon": 103.62842242433311, "center_lat": 1.4862821752497544 }, "geometry": { "type": "Polygon", "coordinates": [ [ [ 103.623928948367308, 1.481760790753331 ], [ 103.623929745666487, 1.490804371161268 ], [ 103.632915919816796, 1.490803547864623 ], [ 103.632915085962594, 1.481759972453148 ], [ 103.623928948367308, 1.481760790753331 ] ] ] } },
{ "type": "Feature", "properties": { "grid_id": "JB1000_R0022_C0011", "grid_m": 1000, "row_id": 22, "col_id": 11, "x_min": 8000.0, "y_min": -62000.0, "x_max": 9000.0, "y_max": -61000.0, "center_x": 8500.0, "center_y": -61500.0, "full_area_m2": 1000000, "inside_area_m2": 1000000.0, "coverage_frac": 1.0, "is_edge": 0, "center_lon": 103.63740858017474, "center_lat": 1.4862813360565836 }, "geometry": { "type": "Polygon", "coordinates": [ [ [ 103.632915085962594, 1.481759972453148 ], [ 103.632915919816796, 1.490803547864623 ], [ 103.641902093960297, 1.490802687666485 ], [ 103.641901223551145, 1.481759117475421 ], [ 103.632915085962594, 1.481759972453148 ] ] ] } },
{ "type": "Feature", "properties": { "grid_id": "JB1000_R0022_C0012", "grid_m": 1000, "row_id": 22, "col_id": 12, "x_min": 9000.0, "y_min": -62000.0, "x_max": 10000.0, "y_max": -61000.0, "center_x": 9500.0, "center_y": -61500.0, "full_area_m2": 1000000, "inside_area_m2": 1000000.0, "coverage_frac": 1.0, "is_edge": 0, "center_lon": 103.64639473600941, "center_lat": 1.4862804600739055 }, "geometry": { "type": "Polygon", "coordinates": [ [ [ 103.641901223551145, 1.481759117475421 ], [ 103.641902093960297, 1.490802687666485 ], [ 103.650888268096665, 1.490801790566876 ], [ 103.650887361132646, 1.481758225820172 ], [ 103.641901223551145, 1.481759117475421 ] ] ] } },
{ "type": "Feature", "properties": { "grid_id": "JB1000_R0022_C0013", "grid_m": 1000, "row_id": 22, "col_id": 13, "x_min": 10000.0, "y_min": -62000.0, "x_max": 11000.0, "y_max": -61000.0, "center_x": 10500.0, "center_y": -61500.0, "full_area_m2": 1000000, "inside_area_m2": 1000000.0, "coverage_frac": 1.0, "is_edge": 0, "center_lon": 103.65538089183686, "center_lat": 1.4862795473017409 }, "geometry": { "type": "Polygon", "coordinates": [ [ [ 103.650887361132646, 1.481758225820172 ], [ 103.650888268096665, 1.490801790566876 ], [ 103.659874442225615, 1.490800856565817 ], [ 103.65987349870683, 1.481757297487422 ], [ 103.650887361132646, 1.481758225820172 ] ] ] } },
{ "type": "Feature", "properties": { "grid_id": "JB1000_R0022_C0014", "grid_m": 1000, "row_id": 22, "col_id": 14, "x_min": 11000.0, "y_min": -62000.0, "x_max": 12000.0, "y_max": -61000.0, "center_x": 11500.0, "center_y": -61500.0, "full_area_m2": 1000000, "inside_area_m2": 1000000.0, "coverage_frac": 1.0, "is_edge": 0, "center_lon": 103.66436704765678, "center_lat": 1.486278597740113 }, "geometry": { "type": "Polygon", "coordinates": [ [ [ 103.65987349870683, 1.481757297487422 ], [ 103.659874442225615, 1.490800856565817 ], [ 103.668860616346834, 1.49079988566333 ], [ 103.668859636273353, 1.481756332477195 ], [ 103.65987349870683, 1.481757297487422 ] ] ] } },
{ "type": "Feature", "properties": { "grid_id": "JB1000_R0022_C0015", "grid_m": 1000, "row_id": 22, "col_id": 15, "x_min": 12000.0, "y_min": -62000.0, "x_max": 13000.0, "y_max": -61000.0, "center_x": 12500.0, "center_y": -61500.0, "full_area_m2": 1000000, "inside_area_m2": 1000000.0, "coverage_frac": 1.0, "is_edge": 0, "center_lon": 103.67335320346889, "center_lat": 1.4862776113890448 }, "geometry": { "type": "Polygon", "coordinates": [ [ [ 103.668859636273353, 1.481756332477195 ], [ 103.668860616346834, 1.49079988566333 ], [ 103.677846790460038, 1.490798877859441 ], [ 103.677845773831976, 1.481755330789513 ], [ 103.668859636273353, 1.481756332477195 ] ] ] } },
{ "type": "Feature", "properties": { "grid_id": "JB1000_R0022_C0016", "grid_m": 1000, "row_id": 22, "col_id": 16, "x_min": 13000.0, "y_min": -62000.0, "x_max": 14000.0, "y_max": -61000.0, "center_x": 13500.0, "center_y": -61500.0, "full_area_m2": 1000000, "inside_area_m2": 1000000.0, "coverage_frac": 1.0, "is_edge": 0, "center_lon": 103.68233935927286, "center_lat": 1.4862765882485605 }, "geometry": { "type": "Polygon", "coordinates": [ [ [ 103.677845773831976, 1.481755330789513 ], [ 103.677846790460038, 1.490798877859441 ], [ 103.686832964564914, 1.490797833154174 ], [ 103.68683191138237, 1.481754292424403 ], [ 103.677845773831976, 1.481755330789513 ] ] ] } },
{ "type": "Feature", "properties": { "grid_id": "JB1000_R0022_C0017", "grid_m": 1000, "row_id": 22, "col_id": 17, "x_min": 14000.0, "y_min": -62000.0, "x_max": 15000.0, "y_max": -61000.0, "center_x": 14500.0, "center_y": -61500.0, "full_area_m2": 1000000, "inside_area_m2": 1000000.0, "coverage_frac": 1.0, "is_edge": 0, "center_lon": 103.69132551506843, "center_lat": 1.4862755283186855 }, "geometry": { "type": "Polygon", "coordinates": [ [ [ 103.68683191138237, 1.481754292424403 ], [ 103.686832964564914, 1.490797833154174 ], [ 103.695819138661179, 1.490796751547554 ], [ 103.695818048924252, 1.481753217381888 ], [ 103.68683191138237, 1.481754292424403 ] ] ] } },
{ "type": "Feature", "properties": { "grid_id": "JB1000_R0022_C0018", "grid_m": 1000, "row_id": 22, "col_id": 18, "x_min": 15000.0, "y_min": -62000.0, "x_max": 16000.0, "y_max": -61000.0, "center_x": 15500.0, "center_y": -61500.0, "full_area_m2": 1000000, "inside_area_m2": 1000000.0, "coverage_frac": 1.0, "is_edge": 0, "center_lon": 103.70031167085526, "center_lat": 1.4862744315994456 }, "geometry": { "type": "Polygon", "coordinates": [ [ [ 103.695818048924252, 1.481753217381888 ], [ 103.695819138661179, 1.490796751547554 ], [ 103.704805312748505, 1.490795633039609 ], [ 103.704804186457324, 1.481752105661997 ], [ 103.695818048924252, 1.481753217381888 ] ] ] } },
{ "type": "Feature", "properties": { "grid_id": "JB1000_R0022_C0019", "grid_m": 1000, "row_id": 22, "col_id": 19, "x_min": 16000.0, "y_min": -62000.0, "x_max": 17000.0, "y_max": -61000.0, "center_x": 16500.0, "center_y": -61500.0, "full_area_m2": 1000000, "inside_area_m2": 1000000.0, "coverage_frac": 1.0, "is_edge": 0, "center_lon": 103.70929782663309, "center_lat": 1.4862732980908684 }, "geometry": { "type": "Polygon", "coordinates": [ [ [ 103.704804186457324, 1.481752105661997 ], [ 103.704805312748505, 1.490795633039609 ], [ 103.713791486826622, 1.490794477630365 ], [ 103.713790323981286, 1.481750957264755 ], [ 103.704804186457324, 1.481752105661997 ] ] ] } },
{ "type": "Feature", "properties": { "grid_id": "JB1000_R0022_C0020", "grid_m": 1000, "row_id": 22, "col_id": 20, "x_min": 17000.0, "y_min": -62000.0, "x_max": 18000.0, "y_max": -61000.0, "center_x": 17500.0, "center_y": -61500.0, "full_area_m2": 1000000, "inside_area_m2": 1000000.0, "coverage_frac": 1.0, "is_edge": 0, "center_lon": 103.71828398240159, "center_lat": 1.4862721277929813 }, "geometry": { "type": "Polygon", "coordinates": [ [ [ 103.713790323981286, 1.481750957264755 ], [ 103.713791486826622, 1.490794477630365 ], [ 103.722777660895218, 1.490793285319852 ], [ 103.72277646149584, 1.481749772190192 ], [ 103.713790323981286, 1.481750957264755 ] ] ] } },
{ "type": "Feature", "properties": { "grid_id": "JB1000_R0022_C0021", "grid_m": 1000, "row_id": 22, "col_id": 21, "x_min": 18000.0, "y_min": -62000.0, "x_max": 19000.0, "y_max": -61000.0, "center_x": 18500.0, "center_y": -61500.0, "full_area_m2": 1000000, "inside_area_m2": 1000000.0, "coverage_frac": 1.0, "is_edge": 0, "center_lon": 103.72727013816051, "center_lat": 1.4862709207058136 }, "geometry": { "type": "Polygon", "coordinates": [ [ [ 103.72277646149584, 1.481749772190192 ], [ 103.722777660895218, 1.490793285319852 ], [ 103.731763834953995, 1.490792056108098 ], [ 103.731762599000689, 1.481748550438337 ], [ 103.72277646149584, 1.481749772190192 ] ] ] } },
{ "type": "Feature", "properties": { "grid_id": "JB1000_R0022_C0022", "grid_m": 1000, "row_id": 22, "col_id": 22, "x_min": 19000.0, "y_min": -62000.0, "x_max": 20000.0, "y_max": -61000.0, "center_x": 19500.0, "center_y": -61500.0, "full_area_m2": 1000000, "inside_area_m2": 1000000.0, "coverage_frac": 1.0, "is_edge": 0, "center_lon": 103.73625629390949, "center_lat": 1.4862696768293946 }, "geometry": { "type": "Polygon", "coordinates": [ [ [ 103.731762599000689, 1.481748550438337 ], [ 103.731763834953995, 1.490792056108098 ], [ 103.740750009002667, 1.490790789995134 ], [ 103.740748736495561, 1.481747292009219 ], [ 103.731762599000689, 1.481748550438337 ] ] ] } },
{ "type": "Feature", "properties": { "grid_id": "JB1000_R0022_C0023", "grid_m": 1000, "row_id": 22, "col_id": 23, "x_min": 20000.0, "y_min": -62000.0, "x_max": 21000.0, "y_max": -61000.0, "center_x": 20500.0, "center_y": -61500.0, "full_area_m2": 1000000, "inside_area_m2": 1000000.0, "coverage_frac": 1.0, "is_edge": 0, "center_lon": 103.74524244964829, "center_lat": 1.4862683961637551 }, "geometry": { "type": "Polygon", "coordinates": [ [ [ 103.740748736495561, 1.481747292009219 ], [ 103.740750009002667, 1.490790789995134 ], [ 103.749736183040909, 1.490789486980992 ], [ 103.749734873980131, 1.48174599690287 ], [ 103.740748736495561, 1.481747292009219 ] ] ] } },
{ "type": "Feature", "properties": { "grid_id": "JB1000_R0022_C0024", "grid_m": 1000, "row_id": 22, "col_id": 24, "x_min": 21000.0, "y_min": -62000.0, "x_max": 22000.0, "y_max": -61000.0, "center_x": 21500.0, "center_y": -61500.0, "full_area_m2": 1000000, "inside_area_m2": 1000000.0, "coverage_frac": 1.0, "is_edge": 0, "center_lon": 103.75422860537657, "center_lat": 1.4862670787089265 }, "geometry": { "type": "Polygon", "coordinates": [ [ [ 103.749734873980131, 1.48174599690287 ], [ 103.749736183040909, 1.490789486980992 ], [ 103.758722357068436, 1.490788147065703 ], [ 103.758721011454128, 1.481744665119322 ], [ 103.749734873980131, 1.48174599690287 ] ] ] } },
{ "type": "Feature", "properties": { "grid_id": "JB1000_R0022_C0025", "grid_m": 1000, "row_id": 22, "col_id": 25, "x_min": 22000.0, "y_min": -62000.0, "x_max": 23000.0, "y_max": -61000.0, "center_x": 22500.0, "center_y": -61500.0, "full_area_m2": 1000000, "inside_area_m2": 1000000.0, "coverage_frac": 1.0, "is_edge": 0, "center_lon": 103.76321476109406, "center_lat": 1.4862657244649415 }, "geometry": { "type": "Polygon", "coordinates": [ [ [ 103.758721011454128, 1.481744665119322 ], [ 103.758722357068436, 1.490788147065703 ], [ 103.767708531084949, 1.4907867702493 ], [ 103.767707148917225, 1.481743296658607 ], [ 103.758721011454128, 1.481744665119322 ] ] ] } },
{ "type": "Feature", "properties": { "grid_id": "JB1000_R0022_C0026", "grid_m": 1000, "row_id": 22, "col_id": 26, "x_min": 23000.0, "y_min": -62000.0, "x_max": 24000.0, "y_max": -61000.0, "center_x": 23500.0, "center_y": -61500.0, "full_area_m2": 1000000, "inside_area_m2": 1000000.0, "coverage_frac": 1.0, "is_edge": 0, "center_lon": 103.77220091680046, "center_lat": 1.4862643334318333 }, "geometry": { "type": "Polygon", "coordinates": [ [ [ 103.767707148917225, 1.481743296658607 ], [ 103.767708531084949, 1.4907867702493 ], [ 103.776694705090165, 1.490785356531817 ], [ 103.776693286369152, 1.481741891520759 ], [ 103.767707148917225, 1.481743296658607 ] ] ] } },
{ "type": "Feature", "properties": { "grid_id": "JB1000_R0022_C0027", "grid_m": 1000, "row_id": 22, "col_id": 27, "x_min": 24000.0, "y_min": -62000.0, "x_max": 25000.0, "y_max": -61000.0, "center_x": 24500.0, "center_y": -61500.0, "full_area_m2": 1000000, "inside_area_m2": 1000000.0, "coverage_frac": 1.0, "is_edge": 0, "center_lon": 103.78118707249544, "center_lat": 1.4862629056096359 }, "geometry": { "type": "Polygon", "coordinates": [ [ [ 103.776693286369152, 1.481741891520759 ], [ 103.776694705090165, 1.490785356531817 ], [ 103.785680879083742, 1.490783905913288 ], [ 103.785679423809611, 1.481740449705814 ], [ 103.776693286369152, 1.481741891520759 ] ] ] } },
{ "type": "Feature", "properties": { "grid_id": "JB1000_R0022_C0028", "grid_m": 1000, "row_id": 22, "col_id": 28, "x_min": 25000.0, "y_min": -62000.0, "x_max": 26000.0, "y_max": -61000.0, "center_x": 25500.0, "center_y": -61500.0, "full_area_m2": 1000000, "inside_area_m2": 1000000.0, "coverage_frac": 1.0, "is_edge": 0, "center_lon": 103.79017322817876, "center_lat": 1.4862614409983852 }, "geometry": { "type": "Polygon", "coordinates": [ [ [ 103.785679423809611, 1.481740449705814 ], [ 103.785680879083742, 1.490783905913288 ], [ 103.794667053065425, 1.490782418393751 ], [ 103.79466556123829, 1.481738971213805 ], [ 103.785679423809611, 1.481740449705814 ] ] ] } },
{ "type": "Feature", "properties": { "grid_id": "JB1000_R0022_C0029", "grid_m": 1000, "row_id": 22, "col_id": 29, "x_min": 26000.0, "y_min": -62000.0, "x_max": 27000.0, "y_max": -61000.0, "center_x": 26500.0, "center_y": -61500.0, "full_area_m2": 1000000, "inside_area_m2": 1000000.0, "coverage_frac": 1.0, "is_edge": 0, "center_lon": 103.79915938385008, "center_lat": 1.4862599395981169 }, "geometry": { "type": "Polygon", "coordinates": [ [ [ 103.79466556123829, 1.481738971213805 ], [ 103.794667053065425, 1.490782418393751 ], [ 103.8036532270349, 1.490780893973241 ], [ 103.803651698654917, 1.48173745604477 ], [ 103.79466556123829, 1.481738971213805 ] ] ] } },
{ "type": "Feature", "properties": { "grid_id": "JB1000_R0022_C0030", "grid_m": 1000, "row_id": 22, "col_id": 30, "x_min": 27000.0, "y_min": -62000.0, "x_max": 28000.0, "y_max": -61000.0, "center_x": 27500.0, "center_y": -61500.0, "full_area_m2": 1000000, "inside_area_m2": 1000000.0, "coverage_frac": 1.0, "is_edge": 0, "center_lon": 103.80814553950911, "center_lat": 1.4862584014088676 }, "geometry": { "type": "Polygon", "coordinates": [ [ [ 103.803651698654917, 1.48173745604477 ], [ 103.8036532270349, 1.490780893973241 ], [ 103.812639400991856, 1.490779332651796 ], [ 103.812637836059181, 1.481735904198746 ], [ 103.803651698654917, 1.48173745604477 ] ] ] } },
{ "type": "Feature", "properties": { "grid_id": "JB1000_R0022_C0031", "grid_m": 1000, "row_id": 22, "col_id": 31, "x_min": 28000.0, "y_min": -62000.0, "x_max": 29000.0, "y_max": -61000.0, "center_x": 28500.0, "center_y": -61500.0, "full_area_m2": 1000000, "inside_area_m2": 1000000.0, "coverage_frac": 1.0, "is_edge": 0, "center_lon": 103.81713169515555, "center_lat": 1.4862568264306757 }, "geometry": { "type": "Polygon", "coordinates": [ [ [ 103.812637836059181, 1.481735904198746 ], [ 103.812639400991856, 1.490779332651796 ], [ 103.821625574935993, 1.490777734429454 ], [ 103.821623973450798, 1.481734315675771 ], [ 103.812637836059181, 1.481735904198746 ] ] ] } },
{ "type": "Feature", "properties": { "grid_id": "JB1000_R0022_C0032", "grid_m": 1000, "row_id": 22, "col_id": 32, "x_min": 29000.0, "y_min": -62000.0, "x_max": 30000.0, "y_max": -61000.0, "center_x": 29500.0, "center_y": -61500.0, "full_area_m2": 1000000, "inside_area_m2": 1000000.0, "coverage_frac": 1.0, "is_edge": 0, "center_lon": 103.82611785078912, "center_lat": 1.4862552146635797 }, "geometry": { "type": "Polygon", "coordinates": [ [ [ 103.821623973450798, 1.481734315675771 ], [ 103.821625574935993, 1.490777734429454 ], [ 103.830611748867028, 1.490776099306255 ], [ 103.83061011082944, 1.481732690475884 ], [ 103.821623973450798, 1.481734315675771 ] ] ] } },
{ "type": "Feature", "properties": { "grid_id": "JB1000_R0022_C0033", "grid_m": 1000, "row_id": 22, "col_id": 33, "x_min": 30000.0, "y_min": -62000.0, "x_max": 31000.0, "y_max": -61000.0, "center_x": 30500.0, "center_y": -61500.0, "full_area_m2": 1000000, "inside_area_m2": 1000000.0, "coverage_frac": 1.0, "is_edge": 0, "center_lon": 103.83510400640951, "center_lat": 1.4862535661076195 }, "geometry": { "type": "Polygon", "coordinates": [ [ [ 103.83061011082944, 1.481732690475884 ], [ 103.830611748867028, 1.490776099306255 ], [ 103.839597922784662, 1.490774427282239 ], [ 103.839596248194866, 1.481731028599126 ], [ 103.83061011082944, 1.481732690475884 ] ] ] } },
{ "type": "Feature", "properties": { "grid_id": "JB1000_R0022_C0034", "grid_m": 1000, "row_id": 22, "col_id": 34, "x_min": 31000.0, "y_min": -62000.0, "x_max": 32000.0, "y_max": -61000.0, "center_x": 31500.0, "center_y": -61500.0, "full_area_m2": 1000000, "inside_area_m2": 1000000.0, "coverage_frac": 1.0, "is_edge": 0, "center_lon": 103.84409016201641, "center_lat": 1.4862518807628355 }, "geometry": { "type": "Polygon", "coordinates": [ [ [ 103.839596248194866, 1.481731028599126 ], [ 103.839597922784662, 1.490774427282239 ], [ 103.848584096688569, 1.490772718357447 ], [ 103.848582385546734, 1.481729330045538 ], [ 103.839596248194866, 1.481731028599126 ] ] ] } },
{ "type": "Feature", "properties": { "grid_id": "JB1000_R0022_C0035", "grid_m": 1000, "row_id": 22, "col_id": 35, "x_min": 32000.0, "y_min": -62000.0, "x_max": 33000.0, "y_max": -61000.0, "center_x": 32500.0, "center_y": -61500.0, "full_area_m2": 1000000, "inside_area_m2": 1000000.0, "coverage_frac": 1.0, "is_edge": 0, "center_lon": 103.85307631760956, "center_lat": 1.4862501586292693 }, "geometry": { "type": "Polygon", "coordinates": [ [ [ 103.848582385546734, 1.481729330045538 ], [ 103.848584096688569, 1.490772718357447 ], [ 103.857570270578492, 1.490770972531921 ], [ 103.857568522884762, 1.48172759481516 ], [ 103.848582385546734, 1.481729330045538 ] ] ] } },
{ "type": "Feature", "properties": { "grid_id": "JB1000_R0022_C0036", "grid_m": 1000, "row_id": 22, "col_id": 36, "x_min": 33000.0, "y_min": -62000.0, "x_max": 34000.0, "y_max": -61000.0, "center_x": 33500.0, "center_y": -61500.0, "full_area_m2": 1000000, "inside_area_m2": 1000000.0, "coverage_frac": 1.0, "is_edge": 0, "center_lon": 103.86206247318863, "center_lat": 1.4862483997069635 }, "geometry": { "type": "Polygon", "coordinates": [ [ [ 103.857568522884762, 1.48172759481516 ], [ 103.857570270578492, 1.490770972531921 ], [ 103.866556444454091, 1.490769189805705 ], [ 103.866554660208664, 1.481725822908036 ], [ 103.857568522884762, 1.48172759481516 ] ] ] } },
{ "type": "Feature", "properties": { "grid_id": "JB1000_R0022_C0037", "grid_m": 1000, "row_id": 22, "col_id": 37, "x_min": 34000.0, "y_min": -62000.0, "x_max": 35000.0, "y_max": -61000.0, "center_x": 34500.0, "center_y": -61500.0, "full_area_m2": 1000000, "inside_area_m2": 1000000.0, "coverage_frac": 1.0, "is_edge": 0, "center_lon": 103.87104862875333, "center_lat": 1.4862466039959614 }, "geometry": { "type": "Polygon", "coordinates": [ [ [ 103.866554660208664, 1.481725822908036 ], [ 103.866556444454091, 1.490769189805705 ], [ 103.875542618315095, 1.490767370178842 ], [ 103.875540797518127, 1.48172401432421 ], [ 103.866554660208664, 1.481725822908036 ] ] ] } },
{ "type": "Feature", "properties": { "grid_id": "JB1000_R0022_C0038", "grid_m": 1000, "row_id": 22, "col_id": 38, "x_min": 35000.0, "y_min": -62000.0, "x_max": 36000.0, "y_max": -61000.0, "center_x": 35500.0, "center_y": -61500.0, "full_area_m2": 1000000, "inside_area_m2": 1000000.0, "coverage_frac": 1.0, "is_edge": 0, "center_lon": 103.88003478430336, "center_lat": 1.486244771496307 }, "geometry": { "type": "Polygon", "coordinates": [ [ [ 103.875540797518127, 1.48172401432421 ], [ 103.875542618315095, 1.490767370178842 ], [ 103.884528792161191, 1.490765513651377 ], [ 103.884526934812882, 1.481722169063726 ], [ 103.875540797518127, 1.48172401432421 ] ] ] } },
{ "type": "Feature", "properties": { "grid_id": "JB1000_R0022_C0039", "grid_m": 1000, "row_id": 22, "col_id": 39, "x_min": 36000.0, "y_min": -62000.0, "x_max": 37000.0, "y_max": -61000.0, "center_x": 36500.0, "center_y": -61500.0, "full_area_m2": 1000000, "inside_area_m2": 1000000.0, "coverage_frac": 1.0, "is_edge": 0, "center_lon": 103.88902093983843, "center_lat": 1.4862429022080452 }, "geometry": { "type": "Polygon", "coordinates": [ [ [ 103.884526934812882, 1.481722169063726 ], [ 103.884528792161191, 1.490765513651377 ], [ 103.893514965992082, 1.490763620223355 ], [ 103.893513072092617, 1.48172028712663 ], [ 103.884526934812882, 1.481722169063726 ] ] ] } },
{ "type": "Feature", "properties": { "grid_id": "JB1000_R0022_C0040", "grid_m": 1000, "row_id": 22, "col_id": 40, "x_min": 37000.0, "y_min": -62000.0, "x_max": 38000.0, "y_max": -61000.0, "center_x": 37500.0, "center_y": -61500.0, "full_area_m2": 1000000, "inside_area_m2": 1000000.0, "coverage_frac": 1.0, "is_edge": 0, "center_lon": 103.89800709535825, "center_lat": 1.4862409961312228 }, "geometry": { "type": "Polygon", "coordinates": [ [ [ 103.893513072092617, 1.48172028712663 ], [ 103.893514965992082, 1.490763620223355 ], [ 103.902501139807484, 1.490761689894824 ], [ 103.902499209357018, 1.481718368512967 ], [ 103.893513072092617, 1.48172028712663 ] ] ] } },
{ "type": "Feature", "properties": { "grid_id": "JB1000_R0022_C0041", "grid_m": 1000, "row_id": 22, "col_id": 41, "x_min": 38000.0, "y_min": -62000.0, "x_max": 39000.0, "y_max": -61000.0, "center_x": 38500.0, "center_y": -61500.0, "full_area_m2": 1000000, "inside_area_m2": 1000000.0, "coverage_frac": 1.0, "is_edge": 0, "center_lon": 103.9069932508625, "center_lat": 1.4862390532658862 }, "geometry": { "type": "Polygon", "coordinates": [ [ [ 103.902499209357018, 1.481718368512967 ], [ 103.902501139807484, 1.490761689894824 ], [ 103.911487313607054, 1.490759722665831 ], [ 103.911485346605829, 1.481716413222785 ], [ 103.902499209357018, 1.481718368512967 ] ] ] } },
{ "type": "Feature", "properties": { "grid_id": "JB1000_R0022_C0042", "grid_m": 1000, "row_id": 22, "col_id": 42, "x_min": 39000.0, "y_min": -62000.0, "x_max": 40000.0, "y_max": -61000.0, "center_x": 39500.0, "center_y": -61500.0, "full_area_m2": 1000000, "inside_area_m2": 1000000.0, "coverage_frac": 1.0, "is_edge": 0, "center_lon": 103.9159794063509, "center_lat": 1.4862370736120833 }, "geometry": { "type": "Polygon", "coordinates": [ [ [ 103.911485346605829, 1.481716413222785 ], [ 103.911487313607054, 1.490759722665831 ], [ 103.920473487390552, 1.490757718536424 ], [ 103.92047148383871, 1.481714421256133 ], [ 103.911485346605829, 1.481716413222785 ] ] ] } },
{ "type": "Feature", "properties": { "grid_id": "JB1000_R0022_C0043", "grid_m": 1000, "row_id": 22, "col_id": 43, "x_min": 40000.0, "y_min": -62000.0, "x_max": 41000.0, "y_max": -61000.0, "center_x": 40500.0, "center_y": -61500.0, "full_area_m2": 1000000, "inside_area_m2": 1000000.0, "coverage_frac": 1.0, "is_edge": 0, "center_lon": 103.92496556182316, "center_lat": 1.486235057169863 }, "geometry": { "type": "Polygon", "coordinates": [ [ [ 103.92047148383871, 1.481714421256133 ], [ 103.920473487390552, 1.490757718536424 ], [ 103.929459661157637, 1.490755677506653 ], [ 103.92945762105542, 1.481712392613059 ], [ 103.92047148383871, 1.481714421256133 ] ] ] } },
{ "type": "Feature", "properties": { "grid_id": "JB1000_R0022_C0044", "grid_m": 1000, "row_id": 22, "col_id": 44, "x_min": 41000.0, "y_min": -62000.0, "x_max": 42000.0, "y_max": -61000.0, "center_x": 41500.0, "center_y": -61500.0, "full_area_m2": 1000000, "inside_area_m2": 1000000.0, "coverage_frac": 1.0, "is_edge": 0, "center_lon": 103.93395171727894, "center_lat": 1.4862330039392748 }, "geometry": { "type": "Polygon", "coordinates": [ [ [ 103.92945762105542, 1.481712392613059 ], [ 103.929459661157637, 1.490755677506653 ], [ 103.938445834908023, 1.490753599576568 ], [ 103.938443758255602, 1.481710327293614 ], [ 103.92945762105542, 1.481712392613059 ] ] ] } },
{ "type": "Feature", "properties": { "grid_id": "JB1000_R0022_C0045", "grid_m": 1000, "row_id": 22, "col_id": 45, "x_min": 42000.0, "y_min": -62000.0, "x_max": 43000.0, "y_max": -61000.0, "center_x": 42500.0, "center_y": -61500.0, "full_area_m2": 1000000, "inside_area_m2": 1000000.0, "coverage_frac": 1.0, "is_edge": 0, "center_lon": 103.94293787271799, "center_lat": 1.4862309139203695 }, "geometry": { "type": "Polygon", "coordinates": [ [ [ 103.938443758255602, 1.481710327293614 ], [ 103.938445834908023, 1.490753599576568 ], [ 103.947432008641414, 1.49075148474622 ], [ 103.947429895439015, 1.481708225297848 ], [ 103.938443758255602, 1.481710327293614 ] ] ] } },
{ "type": "Feature", "properties": { "grid_id": "JB1000_R0022_C0046", "grid_m": 1000, "row_id": 22, "col_id": 46, "x_min": 43000.0, "y_min": -62000.0, "x_max": 44000.0, "y_max": -61000.0, "center_x": 43500.0, "center_y": -61500.0, "full_area_m2": 1000000, "inside_area_m2": 1000000.0, "coverage_frac": 1.0, "is_edge": 0, "center_lon": 103.95192402814, "center_lat": 1.4862287871131985 }, "geometry": { "type": "Polygon", "coordinates": [ [ [ 103.947429895439015, 1.481708225297848 ], [ 103.947432008641414, 1.49075148474622 ], [ 103.95641818235751, 1.490749333015661 ], [ 103.956416032605333, 1.481706086625812 ], [ 103.947429895439015, 1.481708225297848 ] ] ] } },
{ "type": "Feature", "properties": { "grid_id": "JB1000_R0022_C0047", "grid_m": 1000, "row_id": 22, "col_id": 47, "x_min": 44000.0, "y_min": -62000.0, "x_max": 45000.0, "y_max": -61000.0, "center_x": 44500.0, "center_y": -61500.0, "full_area_m2": 1000000, "inside_area_m2": 1000000.0, "coverage_frac": 1.0, "is_edge": 0, "center_lon": 103.96091018354467, "center_lat": 1.4862266235178143 }, "geometry": { "type": "Polygon", "coordinates": [ [ [ 103.956416032605333, 1.481706086625812 ], [ 103.95641818235751, 1.490749333015661 ], [ 103.965404356055984, 1.490747144384944 ], [ 103.96540216975427, 1.481703911277561 ], [ 103.956416032605333, 1.481706086625812 ] ] ] } },
{ "type": "Feature", "properties": { "grid_id": "JB1000_R0022_C0048", "grid_m": 1000, "row_id": 22, "col_id": 48, "x_min": 45000.0, "y_min": -62000.0, "x_max": 46000.0, "y_max": -61000.0, "center_x": 45500.0, "center_y": -61500.0, "full_area_m2": 1000000, "inside_area_m2": 1000000.0, "coverage_frac": 1.0, "is_edge": 0, "center_lon": 103.96989633893169, "center_lat": 1.4862244231342698 }, "geometry": { "type": "Polygon", "coordinates": [ [ [ 103.96540216975427, 1.481703911277561 ], [ 103.965404356055984, 1.490747144384944 ], [ 103.974390529736581, 1.490744918854124 ], [ 103.974388306885501, 1.481701699253146 ], [ 103.96540216975427, 1.481703911277561 ] ] ] } },
{ "type": "Feature", "properties": { "grid_id": "JB1000_R0022_C0049", "grid_m": 1000, "row_id": 22, "col_id": 49, "x_min": 46000.0, "y_min": -62000.0, "x_max": 47000.0, "y_max": -61000.0, "center_x": 46500.0, "center_y": -61500.0, "full_area_m2": 1000000, "inside_area_m2": 1000000.0, "coverage_frac": 1.0, "is_edge": 0, "center_lon": 103.97888249430078, "center_lat": 1.4862221859626197 }, "geometry": { "type": "Polygon", "coordinates": [ [ [ 103.974388306885501, 1.481701699253146 ], [ 103.974390529736581, 1.490744918854124 ], [ 103.983376703398989, 1.490742656423255 ], [ 103.983374443998784, 1.481699450552624 ], [ 103.974388306885501, 1.481701699253146 ] ] ] } },
{ "type": "Feature", "properties": { "grid_id": "JB1000_R0022_C0050", "grid_m": 1000, "row_id": 22, "col_id": 50, "x_min": 47000.0, "y_min": -62000.0, "x_max": 48000.0, "y_max": -61000.0, "center_x": 47500.0, "center_y": -61500.0, "full_area_m2": 1000000, "inside_area_m2": 1000000.0, "coverage_frac": 1.0, "is_edge": 0, "center_lon": 103.98786864965165, "center_lat": 1.4862199120029187 }, "geometry": { "type": "Polygon", "coordinates": [ [ [ 103.983374443998784, 1.481699450552624 ], [ 103.983376703398989, 1.490742656423255 ], [ 103.992362877042893, 1.490740357092393 ], [ 103.992360581093791, 1.481697165176048 ], [ 103.983374443998784, 1.481699450552624 ] ] ] } },
{ "type": "Feature", "properties": { "grid_id": "JB1000_R0022_C0051", "grid_m": 1000, "row_id": 22, "col_id": 51, "x_min": 48000.0, "y_min": -62000.0, "x_max": 49000.0, "y_max": -61000.0, "center_x": 48500.0, "center_y": -61500.0, "full_area_m2": 1000000, "inside_area_m2": 1000000.0, "coverage_frac": 1.0, "is_edge": 0, "center_lon": 103.99685480498395, "center_lat": 1.4862176012552228 }, "geometry": { "type": "Polygon", "coordinates": [ [ [ 103.992360581093791, 1.481697165176048 ], [ 103.992362877042893, 1.490740357092393 ], [ 104.001349050668011, 1.490738020861593 ], [ 104.001346718170225, 1.481694843123476 ], [ 103.992360581093791, 1.481697165176048 ] ] ] } },
{ "type": "Feature", "properties": { "grid_id": "JB1000_R0022_C0052", "grid_m": 1000, "row_id": 22, "col_id": 52, "x_min": 49000.0, "y_min": -62000.0, "x_max": 50000.0, "y_max": -61000.0, "center_x": 49500.0, "center_y": -61500.0, "full_area_m2": 1000000, "inside_area_m2": 1000000.0, "coverage_frac": 1.0, "is_edge": 0, "center_lon": 104.00584096029745, "center_lat": 1.4862152537195892 }, "geometry": { "type": "Polygon", "coordinates": [ [ [ 104.001346718170225, 1.481694843123476 ], [ 104.001349050668011, 1.490738020861593 ], [ 104.010335224274016, 1.490735647730915 ], [ 104.010332855227801, 1.481692484394964 ], [ 104.001346718170225, 1.481694843123476 ] ] ] } },
{ "type": "Feature", "properties": { "grid_id": "JB1000_R0022_C0053", "grid_m": 1000, "row_id": 22, "col_id": 53, "x_min": 50000.0, "y_min": -62000.0, "x_max": 51000.0, "y_max": -61000.0, "center_x": 50500.0, "center_y": -61500.0, "full_area_m2": 1000000, "inside_area_m2": 1000000.0, "coverage_frac": 1.0, "is_edge": 0, "center_lon": 104.01482711559183, "center_lat": 1.4862128693960759 }, "geometry": { "type": "Polygon", "coordinates": [ [ [ 104.010332855227801, 1.481692484394964 ], [ 104.010335224274016, 1.490735647730915 ], [ 104.019321397860651, 1.490733237700417 ], [ 104.019318992266221, 1.481690088990572 ], [ 104.010332855227801, 1.481692484394964 ] ] ] } },
{ "type": "Feature", "properties": { "grid_id": "JB1000_R0022_C0054", "grid_m": 1000, "row_id": 22, "col_id": 54, "x_min": 51000.0, "y_min": -62000.0, "x_max": 52000.0, "y_max": -61000.0, "center_x": 51500.0, "center_y": -61500.0, "full_area_m2": 1000000, "inside_area_m2": 607581.44848211133, "coverage_frac": 0.60758144848211137, "is_edge": 1, "center_lon": 104.02381327086677, "center_lat": 1.4862104482847409 }, "geometry": { "type": "Polygon", "coordinates": [ [ [ 104.019318992266221, 1.481690088990572 ], [ 104.019321397860651, 1.490733237700417 ], [ 104.024191456156444, 1.490731916166144 ], [ 104.025158250911332, 1.4836420059084 ], [ 104.025165085475365, 1.481688510925745 ], [ 104.019318992266221, 1.481690088990572 ] ] ] } },
{ "type": "Feature", "properties": { "grid_id": "JB1000_R0023_C0004", "grid_m": 1000, "row_id": 23, "col_id": 4, "x_min": 1000.0, "y_min": -61000.0, "x_max": 2000.0, "y_max": -60000.0, "center_x": 1500.0, "center_y": -60500.0, "full_area_m2": 1000000, "inside_area_m2": 444334.97572370426, "coverage_frac": 0.44433497572370428, "is_edge": 1, "center_lon": 103.5745060872157, "center_lat": 1.4953300413410475 }, "geometry": { "type": "Polygon", "coordinates": [ [ [ 103.57899949308927, 1.499851535406575 ], [ 103.578998874822986, 1.490807934121416 ], [ 103.576889777506324, 1.490808078701296 ], [ 103.576483980715764, 1.491233420001209 ], [ 103.576283908228959, 1.491443499760043 ], [ 103.575676286807322, 1.492080466117088 ], [ 103.57528043757614, 1.492420919320552 ], [ 103.574570784063027, 1.493012639854316 ], [ 103.57493376466266, 1.499851813976319 ], [ 103.57899949308927, 1.499851535406575 ] ] ] } },
{ "type": "Feature", "properties": { "grid_id": "JB1000_R0023_C0005", "grid_m": 1000, "row_id": 23, "col_id": 5, "x_min": 2000.0, "y_min": -61000.0, "x_max": 3000.0, "y_max": -60000.0, "center_x": 2500.0, "center_y": -60500.0, "full_area_m2": 1000000, "inside_area_m2": 1000000.0, "coverage_frac": 1.0, "is_edge": 0, "center_lon": 103.58349227975943, "center_lat": 1.4953294191205735 }, "geometry": { "type": "Polygon", "coordinates": [ [ [ 103.578998874822986, 1.490807934121416 ], [ 103.57899949308927, 1.499851535406575 ], [ 103.587985704047298, 1.499850892740939 ], [ 103.587985049002938, 1.490807295332523 ], [ 103.578998874822986, 1.490807934121416 ] ] ] } },
{ "type": "Feature", "properties": { "grid_id": "JB1000_R0023_C0006", "grid_m": 1000, "row_id": 23, "col_id": 6, "x_min": 3000.0, "y_min": -61000.0, "x_max": 4000.0, "y_max": -60000.0, "center_x": 3500.0, "center_y": -60500.0, "full_area_m2": 1000000, "inside_area_m2": 1000000.0, "coverage_frac": 1.0, "is_edge": 0, "center_lon": 103.59247847229794, "center_lat": 1.4953287598865306 }, "geometry": { "type": "Polygon", "coordinates": [ [ [ 103.587985049002938, 1.490807295332523 ], [ 103.587985704047298, 1.499850892740939 ], [ 103.596971914999941, 1.499850212949767 ], [ 103.596971223177562, 1.490806619642045 ], [ 103.587985049002938, 1.490807295332523 ] ] ] } },
{ "type": "Feature", "properties": { "grid_id": "JB1000_R0023_C0007", "grid_m": 1000, "row_id": 23, "col_id": 7, "x_min": 4000.0, "y_min": -61000.0, "x_max": 5000.0, "y_max": -60000.0, "center_x": 4500.0, "center_y": -60500.0, "full_area_m2": 1000000, "inside_area_m2": 1000000.0, "coverage_frac": 1.0, "is_edge": 0, "center_lon": 103.60146466483094, "center_lat": 1.495328063638935 }, "geometry": { "type": "Polygon", "coordinates": [ [ [ 103.596971223177562, 1.490806619642045 ], [ 103.596971914999941, 1.499850212949767 ], [ 103.60595812594687, 1.499849496033073 ], [ 103.605957397346572, 1.490805907049997 ], [ 103.596971223177562, 1.490806619642045 ] ] ] } },
{ "type": "Feature", "properties": { "grid_id": "JB1000_R0023_C0008", "grid_m": 1000, "row_id": 23, "col_id": 8, "x_min": 5000.0, "y_min": -61000.0, "x_max": 6000.0, "y_max": -60000.0, "center_x": 5500.0, "center_y": -60500.0, "full_area_m2": 1000000, "inside_area_m2": 1000000.0, "coverage_frac": 1.0, "is_edge": 0, "center_lon": 103.61045085735813, "center_lat": 1.4953273303778032 }, "geometry": { "type": "Polygon", "coordinates": [ [ [ 103.605957397346572, 1.490805907049997 ], [ 103.60595812594687, 1.499849496033073 ], [ 103.614944336887802, 1.499848741990877 ], [ 103.614943571509642, 1.490805157556399 ], [ 103.605957397346572, 1.490805907049997 ] ] ] } },
{ "type": "Feature", "properties": { "grid_id": "JB1000_R0023_C0009", "grid_m": 1000, "row_id": 23, "col_id": 9, "x_min": 6000.0, "y_min": -61000.0, "x_max": 7000.0, "y_max": -60000.0, "center_x": 6500.0, "center_y": -60500.0, "full_area_m2": 1000000, "inside_area_m2": 1000000.0, "coverage_frac": 1.0, "is_edge": 0, "center_lon": 103.61943704987921, "center_lat": 1.495326560103154 }, "geometry": { "type": "Polygon", "coordinates": [ [ [ 103.614943571509642, 1.490805157556399 ], [ 103.614944336887802, 1.499848741990877 ], [ 103.62393054782244, 1.499847950823197 ], [ 103.623929745666487, 1.490804371161268 ], [ 103.614943571509642, 1.490805157556399 ] ] ] } },
{ "type": "Feature", "properties": { "grid_id": "JB1000_R0023_C0010", "grid_m": 1000, "row_id": 23, "col_id": 10, "x_min": 7000.0, "y_min": -61000.0, "x_max": 8000.0, "y_max": -60000.0, "center_x": 7500.0, "center_y": -60500.0, "full_area_m2": 1000000, "inside_area_m2": 1000000.0, "coverage_frac": 1.0, "is_edge": 0, "center_lon": 103.62842324239386, "center_lat": 1.4953257528150059 }, "geometry": { "type": "Polygon", "coordinates": [ [ [ 103.623929745666487, 1.490804371161268 ], [ 103.62393054782244, 1.499847950823197 ], [ 103.632916758750454, 1.499847122530052 ], [ 103.632915919816796, 1.490803547864623 ], [ 103.623929745666487, 1.490804371161268 ] ] ] } },
{ "type": "Feature", "properties": { "grid_id": "JB1000_R0023_C0011", "grid_m": 1000, "row_id": 23, "col_id": 11, "x_min": 8000.0, "y_min": -61000.0, "x_max": 9000.0, "y_max": -60000.0, "center_x": 8500.0, "center_y": -60500.0, "full_area_m2": 1000000, "inside_area_m2": 1000000.0, "coverage_frac": 1.0, "is_edge": 0, "center_lon": 103.63740943490181, "center_lat": 1.4953249085133791 }, "geometry": { "type": "Polygon", "coordinates": [ [ [ 103.632915919816796, 1.490803547864623 ], [ 103.632916758750454, 1.499847122530052 ], [ 103.641902969671591, 1.499846257111463 ], [ 103.641902093960297, 1.490802687666485 ], [ 103.632915919816796, 1.490803547864623 ] ] ] } },
{ "type": "Feature", "properties": { "grid_id": "JB1000_R0023_C0012", "grid_m": 1000, "row_id": 23, "col_id": 12, "x_min": 9000.0, "y_min": -61000.0, "x_max": 10000.0, "y_max": -60000.0, "center_x": 9500.0, "center_y": -60500.0, "full_area_m2": 1000000, "inside_area_m2": 1000000.0, "coverage_frac": 1.0, "is_edge": 0, "center_lon": 103.64639562740274, "center_lat": 1.4953240271982942 }, "geometry": { "type": "Polygon", "coordinates": [ [ [ 103.641902093960297, 1.490802687666485 ], [ 103.641902969671591, 1.499846257111463 ], [ 103.650889180585494, 1.49984535456745 ], [ 103.650888268096665, 1.490801790566876 ], [ 103.641902093960297, 1.490802687666485 ] ] ] } },
{ "type": "Feature", "properties": { "grid_id": "JB1000_R0023_C0013", "grid_m": 1000, "row_id": 23, "col_id": 13, "x_min": 10000.0, "y_min": -61000.0, "x_max": 11000.0, "y_max": -60000.0, "center_x": 10500.0, "center_y": -60500.0, "full_area_m2": 1000000, "inside_area_m2": 1000000.0, "coverage_frac": 1.0, "is_edge": 0, "center_lon": 103.65538181989635, "center_lat": 1.4953231088697732 }, "geometry": { "type": "Polygon", "coordinates": [ [ [ 103.650888268096665, 1.490801790566876 ], [ 103.650889180585494, 1.49984535456745 ], [ 103.65987539149188, 1.499844414898037 ], [ 103.659874442225615, 1.490800856565817 ], [ 103.650888268096665, 1.490801790566876 ] ] ] } },
{ "type": "Feature", "properties": { "grid_id": "JB1000_R0023_C0014", "grid_m": 1000, "row_id": 23, "col_id": 14, "x_min": 11000.0, "y_min": -61000.0, "x_max": 12000.0, "y_max": -60000.0, "center_x": 11500.0, "center_y": -60500.0, "full_area_m2": 1000000, "inside_area_m2": 1000000.0, "coverage_frac": 1.0, "is_edge": 0, "center_lon": 103.66436801238233, "center_lat": 1.4953221535278383 }, "geometry": { "type": "Polygon", "coordinates": [ [ [ 103.659874442225615, 1.490800856565817 ], [ 103.65987539149188, 1.499844414898037 ], [ 103.66886160239045, 1.499843438103245 ], [ 103.668860616346834, 1.49079988566333 ], [ 103.659874442225615, 1.490800856565817 ] ] ] } },
{ "type": "Feature", "properties": { "grid_id": "JB1000_R0023_C0015", "grid_m": 1000, "row_id": 23, "col_id": 15, "x_min": 12000.0, "y_min": -61000.0, "x_max": 13000.0, "y_max": -60000.0, "center_x": 12500.0, "center_y": -60500.0, "full_area_m2": 1000000, "inside_area_m2": 1000000.0, "coverage_frac": 1.0, "is_edge": 0, "center_lon": 103.6733542048604, "center_lat": 1.4953211611725132 }, "geometry": { "type": "Polygon", "coordinates": [ [ [ 103.668860616346834, 1.49079988566333 ], [ 103.66886160239045, 1.499843438103245 ], [ 103.677847813280906, 1.499842424183101 ], [ 103.677846790460038, 1.490798877859441 ], [ 103.668860616346834, 1.49079988566333 ] ] ] } },
{ "type": "Feature", "properties": { "grid_id": "JB1000_R0023_C0016", "grid_m": 1000, "row_id": 23, "col_id": 16, "x_min": 13000.0, "y_min": -61000.0, "x_max": 14000.0, "y_max": -60000.0, "center_x": 13500.0, "center_y": -60500.0, "full_area_m2": 1000000, "inside_area_m2": 1000000.0, "coverage_frac": 1.0, "is_edge": 0, "center_lon": 103.68234039733024, "center_lat": 1.4953201318038225 }, "geometry": { "type": "Polygon", "coordinates": [ [ [ 103.677846790460038, 1.490798877859441 ], [ 103.677847813280906, 1.499842424183101 ], [ 103.686834024162948, 1.499841373137627 ], [ 103.686832964564914, 1.490797833154174 ], [ 103.677846790460038, 1.490798877859441 ] ] ] } },
{ "type": "Feature", "properties": { "grid_id": "JB1000_R0023_C0017", "grid_m": 1000, "row_id": 23, "col_id": 17, "x_min": 14000.0, "y_min": -61000.0, "x_max": 15000.0, "y_max": -60000.0, "center_x": 14500.0, "center_y": -60500.0, "full_area_m2": 1000000, "inside_area_m2": 1000000.0, "coverage_frac": 1.0, "is_edge": 0, "center_lon": 103.69132658979157, "center_lat": 1.4953190654217914 }, "geometry": { "type": "Polygon", "coordinates": [ [ [ 103.686832964564914, 1.490797833154174 ], [ 103.686834024162948, 1.499841373137627 ], [ 103.695820235036251, 1.499840284966851 ], [ 103.695819138661179, 1.490796751547554 ], [ 103.686832964564914, 1.490797833154174 ] ] ] } },
{ "type": "Feature", "properties": { "grid_id": "JB1000_R0023_C0018", "grid_m": 1000, "row_id": 23, "col_id": 18, "x_min": 15000.0, "y_min": -61000.0, "x_max": 16000.0, "y_max": -60000.0, "center_x": 15500.0, "center_y": -60500.0, "full_area_m2": 1000000, "inside_area_m2": 1000000.0, "coverage_frac": 1.0, "is_edge": 0, "center_lon": 103.70031278224405, "center_lat": 1.4953179620264461 }, "geometry": { "type": "Polygon", "coordinates": [ [ [ 103.695819138661179, 1.490796751547554 ], [ 103.695820235036251, 1.499840284966851 ], [ 103.70480644590053, 1.499839159670799 ], [ 103.704805312748505, 1.490795633039609 ], [ 103.695819138661179, 1.490796751547554 ] ] ] } },
{ "type": "Feature", "properties": { "grid_id": "JB1000_R0023_C0019", "grid_m": 1000, "row_id": 23, "col_id": 19, "x_min": 16000.0, "y_min": -61000.0, "x_max": 17000.0, "y_max": -60000.0, "center_x": 16500.0, "center_y": -60500.0, "full_area_m2": 1000000, "inside_area_m2": 1000000.0, "coverage_frac": 1.0, "is_edge": 0, "center_lon": 103.70929897468743, "center_lat": 1.4953168216178141 }, "geometry": { "type": "Polygon", "coordinates": [ [ [ 103.704805312748505, 1.490795633039609 ], [ 103.70480644590053, 1.499839159670799 ], [ 103.713792656755473, 1.499837997249499 ], [ 103.713791486826622, 1.490794477630365 ], [ 103.704805312748505, 1.490795633039609 ] ] ] } },
{ "type": "Feature", "properties": { "grid_id": "JB1000_R0023_C0020", "grid_m": 1000, "row_id": 23, "col_id": 20, "x_min": 17000.0, "y_min": -61000.0, "x_max": 18000.0, "y_max": -60000.0, "center_x": 17500.0, "center_y": -60500.0, "full_area_m2": 1000000, "inside_area_m2": 1000000.0, "coverage_frac": 1.0, "is_edge": 0, "center_lon": 103.71828516712138, "center_lat": 1.4953156441959232 }, "geometry": { "type": "Polygon", "coordinates": [ [ [ 103.713791486826622, 1.490794477630365 ], [ 103.713792656755473, 1.499837997249499 ], [ 103.72277886760078, 1.499836797702979 ], [ 103.722777660895218, 1.490793285319852 ], [ 103.713791486826622, 1.490794477630365 ] ] ] } },
{ "type": "Feature", "properties": { "grid_id": "JB1000_R0023_C0021", "grid_m": 1000, "row_id": 23, "col_id": 21, "x_min": 18000.0, "y_min": -61000.0, "x_max": 19000.0, "y_max": -60000.0, "center_x": 18500.0, "center_y": -60500.0, "full_area_m2": 1000000, "inside_area_m2": 1000000.0, "coverage_frac": 1.0, "is_edge": 0, "center_lon": 103.7272713595456, "center_lat": 1.4953144297608023 }, "geometry": { "type": "Polygon", "coordinates": [ [ [ 103.722777660895218, 1.490793285319852 ], [ 103.72277886760078, 1.499836797702979 ], [ 103.731765078436155, 1.499835561031269 ], [ 103.731763834953995, 1.490792056108098 ], [ 103.722777660895218, 1.490793285319852 ] ] ] } },
{ "type": "Feature", "properties": { "grid_id": "JB1000_R0023_C0022", "grid_m": 1000, "row_id": 23, "col_id": 22, "x_min": 19000.0, "y_min": -61000.0, "x_max": 20000.0, "y_max": -60000.0, "center_x": 19500.0, "center_y": -60500.0, "full_area_m2": 1000000, "inside_area_m2": 1000000.0, "coverage_frac": 1.0, "is_edge": 0, "center_lon": 103.7362575519598, "center_lat": 1.4953131783124816 }, "geometry": { "type": "Polygon", "coordinates": [ [ [ 103.731763834953995, 1.490792056108098 ], [ 103.731765078436155, 1.499835561031269 ], [ 103.740751289261283, 1.499834287234399 ], [ 103.740750009002667, 1.490790789995134 ], [ 103.731763834953995, 1.490792056108098 ] ] ] } },
{ "type": "Feature", "properties": { "grid_id": "JB1000_R0023_C0023", "grid_m": 1000, "row_id": 23, "col_id": 23, "x_min": 20000.0, "y_min": -61000.0, "x_max": 21000.0, "y_max": -60000.0, "center_x": 20500.0, "center_y": -60500.0, "full_area_m2": 1000000, "inside_area_m2": 1000000.0, "coverage_frac": 1.0, "is_edge": 0, "center_lon": 103.74524374436365, "center_lat": 1.4953118898509918 }, "geometry": { "type": "Polygon", "coordinates": [ [ [ 103.740750009002667, 1.490790789995134 ], [ 103.740751289261283, 1.499834287234399 ], [ 103.749737500075881, 1.499832976312401 ], [ 103.749736183040909, 1.490789486980992 ], [ 103.740750009002667, 1.490790789995134 ] ] ] } },
{ "type": "Feature", "properties": { "grid_id": "JB1000_R0023_C0024", "grid_m": 1000, "row_id": 23, "col_id": 24, "x_min": 21000.0, "y_min": -61000.0, "x_max": 22000.0, "y_max": -60000.0, "center_x": 21500.0, "center_y": -60500.0, "full_area_m2": 1000000, "inside_area_m2": 1000000.0, "coverage_frac": 1.0, "is_edge": 0, "center_lon": 103.75422993675687, "center_lat": 1.4953105643763647 }, "geometry": { "type": "Polygon", "coordinates": [ [ [ 103.749736183040909, 1.490789486980992 ], [ 103.749737500075881, 1.499832976312401 ], [ 103.758723710879622, 1.499831628265307 ], [ 103.758722357068436, 1.490788147065703 ], [ 103.749736183040909, 1.490789486980992 ] ] ] } },
{ "type": "Feature", "properties": { "grid_id": "JB1000_R0023_C0025", "grid_m": 1000, "row_id": 23, "col_id": 25, "x_min": 22000.0, "y_min": -61000.0, "x_max": 23000.0, "y_max": -60000.0, "center_x": 22500.0, "center_y": -60500.0, "full_area_m2": 1000000, "inside_area_m2": 1000000.0, "coverage_frac": 1.0, "is_edge": 0, "center_lon": 103.76321612913918, "center_lat": 1.4953092018886329 }, "geometry": { "type": "Polygon", "coordinates": [ [ [ 103.758722357068436, 1.490788147065703 ], [ 103.758723710879622, 1.499831628265307 ], [ 103.767709921672207, 1.49983024309315 ], [ 103.767708531084949, 1.4907867702493 ], [ 103.758722357068436, 1.490788147065703 ] ] ] } },
{ "type": "Feature", "properties": { "grid_id": "JB1000_R0023_C0026", "grid_m": 1000, "row_id": 23, "col_id": 26, "x_min": 23000.0, "y_min": -61000.0, "x_max": 24000.0, "y_max": -60000.0, "center_x": 23500.0, "center_y": -60500.0, "full_area_m2": 1000000, "inside_area_m2": 1000000.0, "coverage_frac": 1.0, "is_edge": 0, "center_lon": 103.77220232151025, "center_lat": 1.4953078023878299 }, "geometry": { "type": "Polygon", "coordinates": [ [ [ 103.767708531084949, 1.4907867702493 ], [ 103.767709921672207, 1.49983024309315 ], [ 103.776696132453353, 1.499828820795965 ], [ 103.776694705090165, 1.490785356531817 ], [ 103.767708531084949, 1.4907867702493 ] ] ] } },
{ "type": "Feature", "properties": { "grid_id": "JB1000_R0023_C0027", "grid_m": 1000, "row_id": 23, "col_id": 27, "x_min": 24000.0, "y_min": -61000.0, "x_max": 25000.0, "y_max": -60000.0, "center_x": 24500.0, "center_y": -60500.0, "full_area_m2": 1000000, "inside_area_m2": 1000000.0, "coverage_frac": 1.0, "is_edge": 0, "center_lon": 103.78118851386979, "center_lat": 1.4953063658739902 }, "geometry": { "type": "Polygon", "coordinates": [ [ [ 103.776694705090165, 1.490785356531817 ], [ 103.776696132453353, 1.499828820795965 ], [ 103.785682343222746, 1.499827361373786 ], [ 103.785680879083742, 1.490783905913288 ], [ 103.776694705090165, 1.490785356531817 ] ] ] } },
{ "type": "Feature", "properties": { "grid_id": "JB1000_R0023_C0028", "grid_m": 1000, "row_id": 23, "col_id": 28, "x_min": 25000.0, "y_min": -61000.0, "x_max": 26000.0, "y_max": -60000.0, "center_x": 25500.0, "center_y": -60500.0, "full_area_m2": 1000000, "inside_area_m2": 1000000.0, "coverage_frac": 1.0, "is_edge": 0, "center_lon": 103.79017470621748, "center_lat": 1.4953048923471493 }, "geometry": { "type": "Polygon", "coordinates": [ [ [ 103.785680879083742, 1.490783905913288 ], [ 103.785682343222746, 1.499827361373786 ], [ 103.794668553980074, 1.49982586482665 ], [ 103.794667053065425, 1.490782418393751 ], [ 103.785680879083742, 1.490783905913288 ] ] ] } },
{ "type": "Feature", "properties": { "grid_id": "JB1000_R0023_C0029", "grid_m": 1000, "row_id": 23, "col_id": 29, "x_min": 26000.0, "y_min": -61000.0, "x_max": 27000.0, "y_max": -60000.0, "center_x": 26500.0, "center_y": -60500.0, "full_area_m2": 1000000, "inside_area_m2": 1000000.0, "coverage_frac": 1.0, "is_edge": 0, "center_lon": 103.79916089855305, "center_lat": 1.4953033818073433 }, "geometry": { "type": "Polygon", "coordinates": [ [ [ 103.794667053065425, 1.490782418393751 ], [ 103.794668553980074, 1.49982586482665 ], [ 103.803654764725053, 1.499824331154593 ], [ 103.8036532270349, 1.490780893973241 ], [ 103.794667053065425, 1.490782418393751 ] ] ] } },
{ "type": "Feature", "properties": { "grid_id": "JB1000_R0023_C0030", "grid_m": 1000, "row_id": 23, "col_id": 30, "x_min": 27000.0, "y_min": -61000.0, "x_max": 28000.0, "y_max": -60000.0, "center_x": 27500.0, "center_y": -60500.0, "full_area_m2": 1000000, "inside_area_m2": 1000000.0, "coverage_frac": 1.0, "is_edge": 0, "center_lon": 103.80814709087618, "center_lat": 1.4953018342546096 }, "geometry": { "type": "Polygon", "coordinates": [ [ [ 103.8036532270349, 1.490780893973241 ], [ 103.803654764725053, 1.499824331154593 ], [ 103.812640975457356, 1.499822760357653 ], [ 103.812639400991856, 1.490779332651796 ], [ 103.8036532270349, 1.490780893973241 ] ] ] } },
{ "type": "Feature", "properties": { "grid_id": "JB1000_R0023_C0031", "grid_m": 1000, "row_id": 23, "col_id": 31, "x_min": 28000.0, "y_min": -61000.0, "x_max": 29000.0, "y_max": -60000.0, "center_x": 28500.0, "center_y": -60500.0, "full_area_m2": 1000000, "inside_area_m2": 1000000.0, "coverage_frac": 1.0, "is_edge": 0, "center_lon": 103.81713328318656, "center_lat": 1.4953002496889862 }, "geometry": { "type": "Polygon", "coordinates": [ [ [ 103.812639400991856, 1.490779332651796 ], [ 103.812640975457356, 1.499822760357653 ], [ 103.821627186176698, 1.499821152435868 ], [ 103.821625574935993, 1.490777734429454 ], [ 103.812639400991856, 1.490779332651796 ] ] ] } },
{ "type": "Feature", "properties": { "grid_id": "JB1000_R0023_C0032", "grid_m": 1000, "row_id": 23, "col_id": 32, "x_min": 29000.0, "y_min": -61000.0, "x_max": 30000.0, "y_max": -60000.0, "center_x": 29500.0, "center_y": -60500.0, "full_area_m2": 1000000, "inside_area_m2": 1000000.0, "coverage_frac": 1.0, "is_edge": 0, "center_lon": 103.82611947548392, "center_lat": 1.4952986281105121 }, "geometry": { "type": "Polygon", "coordinates": [ [ [ 103.821625574935993, 1.490777734429454 ], [ 103.821627186176698, 1.499821152435868 ], [ 103.830613396882768, 1.499819507389279 ], [ 103.830611748867028, 1.490776099306255 ], [ 103.821625574935993, 1.490777734429454 ] ] ] } },
{ "type": "Feature", "properties": { "grid_id": "JB1000_R0023_C0033", "grid_m": 1000, "row_id": 23, "col_id": 33, "x_min": 30000.0, "y_min": -61000.0, "x_max": 31000.0, "y_max": -60000.0, "center_x": 30500.0, "center_y": -60500.0, "full_area_m2": 1000000, "inside_area_m2": 1000000.0, "coverage_frac": 1.0, "is_edge": 0, "center_lon": 103.83510566776793, "center_lat": 1.4952969695192275 }, "geometry": { "type": "Polygon", "coordinates": [ [ [ 103.830611748867028, 1.490776099306255 ], [ 103.830613396882768, 1.499819507389279 ], [ 103.839599607575266, 1.499817825217926 ], [ 103.839597922784662, 1.490774427282239 ], [ 103.830611748867028, 1.490776099306255 ] ] ] } },
{ "type": "Feature", "properties": { "grid_id": "JB1000_R0023_C0034", "grid_m": 1000, "row_id": 23, "col_id": 34, "x_min": 31000.0, "y_min": -61000.0, "x_max": 32000.0, "y_max": -60000.0, "center_x": 31500.0, "center_y": -60500.0, "full_area_m2": 1000000, "inside_area_m2": 1000000.0, "coverage_frac": 1.0, "is_edge": 0, "center_lon": 103.8440918600383, "center_lat": 1.495295273915173 }, "geometry": { "type": "Polygon", "coordinates": [ [ [ 103.839597922784662, 1.490774427282239 ], [ 103.839599607575266, 1.499817825217926 ], [ 103.848585818253895, 1.49981610592185 ], [ 103.848584096688569, 1.490772718357447 ], [ 103.839597922784662, 1.490774427282239 ] ] ] } },
{ "type": "Feature", "properties": { "grid_id": "JB1000_R0023_C0035", "grid_m": 1000, "row_id": 23, "col_id": 35, "x_min": 32000.0, "y_min": -61000.0, "x_max": 33000.0, "y_max": -60000.0, "center_x": 32500.0, "center_y": -60500.0, "full_area_m2": 1000000, "inside_area_m2": 1000000.0, "coverage_frac": 1.0, "is_edge": 0, "center_lon": 103.85307805229475, "center_lat": 1.4952935412983903 }, "geometry": { "type": "Polygon", "coordinates": [ [ [ 103.848584096688569, 1.490772718357447 ], [ 103.848585818253895, 1.49981610592185 ], [ 103.857572028918355, 1.499814349501093 ], [ 103.857570270578492, 1.490770972531921 ], [ 103.848584096688569, 1.490772718357447 ] ] ] } },
{ "type": "Feature", "properties": { "grid_id": "JB1000_R0023_C0036", "grid_m": 1000, "row_id": 23, "col_id": 36, "x_min": 33000.0, "y_min": -61000.0, "x_max": 34000.0, "y_max": -60000.0, "center_x": 33500.0, "center_y": -60500.0, "full_area_m2": 1000000, "inside_area_m2": 1000000.0, "coverage_frac": 1.0, "is_edge": 0, "center_lon": 103.86206424453692, "center_lat": 1.4952917716689222 }, "geometry": { "type": "Polygon", "coordinates": [ [ [ 103.857570270578492, 1.490770972531921 ], [ 103.857572028918355, 1.499814349501093 ], [ 103.86655823956832, 1.4998125559557 ], [ 103.866556444454091, 1.490769189805705 ], [ 103.857570270578492, 1.490770972531921 ] ] ] } },
{ "type": "Feature", "properties": { "grid_id": "JB1000_R0023_C0037", "grid_m": 1000, "row_id": 23, "col_id": 37, "x_min": 34000.0, "y_min": -61000.0, "x_max": 35000.0, "y_max": -60000.0, "center_x": 34500.0, "center_y": -60500.0, "full_area_m2": 1000000, "inside_area_m2": 1000000.0, "coverage_frac": 1.0, "is_edge": 0, "center_lon": 103.87105043676458, "center_lat": 1.4952899650268126 }, "geometry": { "type": "Polygon", "coordinates": [ [ [ 103.866556444454091, 1.490769189805705 ], [ 103.86655823956832, 1.4998125559557 ], [ 103.875544450203492, 1.499810725285713 ], [ 103.875542618315095, 1.490767370178842 ], [ 103.866556444454091, 1.490769189805705 ] ] ] } },
{ "type": "Feature", "properties": { "grid_id": "JB1000_R0023_C0038", "grid_m": 1000, "row_id": 23, "col_id": 38, "x_min": 35000.0, "y_min": -61000.0, "x_max": 36000.0, "y_max": -60000.0, "center_x": 35500.0, "center_y": -60500.0, "full_area_m2": 1000000, "inside_area_m2": 1000000.0, "coverage_frac": 1.0, "is_edge": 0, "center_lon": 103.88003662897738, "center_lat": 1.4952881213721054 }, "geometry": { "type": "Polygon", "coordinates": [ [ [ 103.875542618315095, 1.490767370178842 ], [ 103.875544450203492, 1.499810725285713 ], [ 103.884530660823586, 1.499808857491179 ], [ 103.884528792161191, 1.490765513651377 ], [ 103.875542618315095, 1.490767370178842 ] ] ] } },
{ "type": "Feature", "properties": { "grid_id": "JB1000_R0023_C0039", "grid_m": 1000, "row_id": 23, "col_id": 39, "x_min": 36000.0, "y_min": -61000.0, "x_max": 37000.0, "y_max": -60000.0, "center_x": 36500.0, "center_y": -60500.0, "full_area_m2": 1000000, "inside_area_m2": 1000000.0, "coverage_frac": 1.0, "is_edge": 0, "center_lon": 103.88902282117503, "center_lat": 1.4952862407048466 }, "geometry": { "type": "Polygon", "coordinates": [ [ [ 103.884528792161191, 1.490765513651377 ], [ 103.884530660823586, 1.499808857491179 ], [ 103.893516871428304, 1.499806952572143 ], [ 103.893514965992082, 1.490763620223355 ], [ 103.884528792161191, 1.490765513651377 ] ] ] } },
{ "type": "Feature", "properties": { "grid_id": "JB1000_R0023_C0040", "grid_m": 1000, "row_id": 23, "col_id": 40, "x_min": 37000.0, "y_min": -61000.0, "x_max": 38000.0, "y_max": -60000.0, "center_x": 37500.0, "center_y": -60500.0, "full_area_m2": 1000000, "inside_area_m2": 1000000.0, "coverage_frac": 1.0, "is_edge": 0, "center_lon": 103.89800901335724, "center_lat": 1.4952843230250821 }, "geometry": { "type": "Polygon", "coordinates": [ [ [ 103.893514965992082, 1.490763620223355 ], [ 103.893516871428304, 1.499806952572143 ], [ 103.902503082017319, 1.499805010528652 ], [ 103.902501139807484, 1.490761689894824 ], [ 103.893514965992082, 1.490763620223355 ] ] ] } },
{ "type": "Feature", "properties": { "grid_id": "JB1000_R0023_C0041", "grid_m": 1000, "row_id": 23, "col_id": 41, "x_min": 38000.0, "y_min": -61000.0, "x_max": 39000.0, "y_max": -60000.0, "center_x": 38500.0, "center_y": -60500.0, "full_area_m2": 1000000, "inside_area_m2": 1000000.0, "coverage_frac": 1.0, "is_edge": 0, "center_lon": 103.9069952055237, "center_lat": 1.4952823683328593 }, "geometry": { "type": "Polygon", "coordinates": [ [ [ 103.902501139807484, 1.490761689894824 ], [ 103.902503082017319, 1.499805010528652 ], [ 103.91148929259036, 1.499803031360754 ], [ 103.911487313607054, 1.490759722665831 ], [ 103.902501139807484, 1.490761689894824 ] ] ] } },
{ "type": "Feature", "properties": { "grid_id": "JB1000_R0023_C0042", "grid_m": 1000, "row_id": 23, "col_id": 42, "x_min": 39000.0, "y_min": -61000.0, "x_max": 40000.0, "y_max": -60000.0, "center_x": 39500.0, "center_y": -60500.0, "full_area_m2": 1000000, "inside_area_m2": 1000000.0, "coverage_frac": 1.0, "is_edge": 0, "center_lon": 103.91598139767412, "center_lat": 1.4952803766282261 }, "geometry": { "type": "Polygon", "coordinates": [ [ [ 103.911487313607054, 1.490759722665831 ], [ 103.91148929259036, 1.499803031360754 ], [ 103.920475503147074, 1.499801015068497 ], [ 103.920473487390552, 1.490757718536424 ], [ 103.911487313607054, 1.490759722665831 ] ] ] } },
{ "type": "Feature", "properties": { "grid_id": "JB1000_R0023_C0043", "grid_m": 1000, "row_id": 23, "col_id": 43, "x_min": 40000.0, "y_min": -61000.0, "x_max": 41000.0, "y_max": -60000.0, "center_x": 40500.0, "center_y": -60500.0, "full_area_m2": 1000000, "inside_area_m2": 1000000.0, "coverage_frac": 1.0, "is_edge": 0, "center_lon": 103.92496758980818, "center_lat": 1.4952783479112319 }, "geometry": { "type": "Polygon", "coordinates": [ [ [ 103.920473487390552, 1.490757718536424 ], [ 103.920475503147074, 1.499801015068497 ], [ 103.929461713687203, 1.499798961651932 ], [ 103.929459661157637, 1.490755677506653 ], [ 103.920473487390552, 1.490757718536424 ] ] ] } },
{ "type": "Feature", "properties": { "grid_id": "JB1000_R0023_C0044", "grid_m": 1000, "row_id": 23, "col_id": 44, "x_min": 41000.0, "y_min": -61000.0, "x_max": 42000.0, "y_max": -60000.0, "center_x": 41500.0, "center_y": -60500.0, "full_area_m2": 1000000, "inside_area_m2": 1000000.0, "coverage_frac": 1.0, "is_edge": 0, "center_lon": 103.9339537819256, "center_lat": 1.4952762821819268 }, "geometry": { "type": "Polygon", "coordinates": [ [ [ 103.929459661157637, 1.490755677506653 ], [ 103.929461713687203, 1.499798961651932 ], [ 103.938447924210422, 1.499796871111109 ], [ 103.938445834908023, 1.490753599576568 ], [ 103.929459661157637, 1.490755677506653 ] ] ] } },
{ "type": "Feature", "properties": { "grid_id": "JB1000_R0023_C0045", "grid_m": 1000, "row_id": 23, "col_id": 45, "x_min": 42000.0, "y_min": -61000.0, "x_max": 43000.0, "y_max": -60000.0, "center_x": 42500.0, "center_y": -60500.0, "full_area_m2": 1000000, "inside_area_m2": 1000000.0, "coverage_frac": 1.0, "is_edge": 0, "center_lon": 103.94293997402605, "center_lat": 1.4952741794403612 }, "geometry": { "type": "Polygon", "coordinates": [ [ [ 103.938445834908023, 1.490753599576568 ], [ 103.938447924210422, 1.499796871111109 ], [ 103.947434134716445, 1.499794743446079 ], [ 103.947432008641414, 1.49075148474622 ], [ 103.938445834908023, 1.490753599576568 ] ] ] } },
{ "type": "Feature", "properties": { "grid_id": "JB1000_R0023_C0046", "grid_m": 1000, "row_id": 23, "col_id": 46, "x_min": 43000.0, "y_min": -61000.0, "x_max": 44000.0, "y_max": -60000.0, "center_x": 43500.0, "center_y": -60500.0, "full_area_m2": 1000000, "inside_area_m2": 1000000.0, "coverage_frac": 1.0, "is_edge": 0, "center_lon": 103.95192616610926, "center_lat": 1.4952720396865871 }, "geometry": { "type": "Polygon", "coordinates": [ [ [ 103.947432008641414, 1.49075148474622 ], [ 103.947434134716445, 1.499794743446079 ], [ 103.956420345204947, 1.499792578656895 ], [ 103.95641818235751, 1.490749333015661 ], [ 103.947432008641414, 1.49075148474622 ] ] ] } },
{ "type": "Feature", "properties": { "grid_id": "JB1000_R0023_C0047", "grid_m": 1000, "row_id": 23, "col_id": 47, "x_min": 44000.0, "y_min": -61000.0, "x_max": 45000.0, "y_max": -60000.0, "center_x": 44500.0, "center_y": -60500.0, "full_area_m2": 1000000, "inside_area_m2": 1000000.0, "coverage_frac": 1.0, "is_edge": 0, "center_lon": 103.96091235817491, "center_lat": 1.4952698629206576 }, "geometry": { "type": "Polygon", "coordinates": [ [ [ 103.95641818235751, 1.490749333015661 ], [ 103.956420345204947, 1.499792578656895 ], [ 103.965406555675642, 1.49979037674361 ], [ 103.965404356055984, 1.490747144384944 ], [ 103.95641818235751, 1.490749333015661 ] ] ] } },
{ "type": "Feature", "properties": { "grid_id": "JB1000_R0023_C0048", "grid_m": 1000, "row_id": 23, "col_id": 48, "x_min": 45000.0, "y_min": -61000.0, "x_max": 46000.0, "y_max": -60000.0, "center_x": 45500.0, "center_y": -60500.0, "full_area_m2": 1000000, "inside_area_m2": 1000000.0, "coverage_frac": 1.0, "is_edge": 0, "center_lon": 103.96989855022271, "center_lat": 1.4952676491426256 }, "geometry": { "type": "Polygon", "coordinates": [ [ [ 103.965404356055984, 1.490747144384944 ], [ 103.965406555675642, 1.49979037674361 ], [ 103.974392766128233, 1.499788137706279 ], [ 103.974390529736581, 1.490744918854124 ], [ 103.965404356055984, 1.490747144384944 ] ] ] } },
{ "type": "Feature", "properties": { "grid_id": "JB1000_R0023_C0049", "grid_m": 1000, "row_id": 23, "col_id": 49, "x_min": 46000.0, "y_min": -61000.0, "x_max": 47000.0, "y_max": -60000.0, "center_x": 46500.0, "center_y": -60500.0, "full_area_m2": 1000000, "inside_area_m2": 1000000.0, "coverage_frac": 1.0, "is_edge": 0, "center_lon": 103.97888474225235, "center_lat": 1.4952653983525461 }, "geometry": { "type": "Polygon", "coordinates": [ [ [ 103.974390529736581, 1.490744918854124 ], [ 103.974392766128233, 1.499788137706279 ], [ 103.983378976562406, 1.499785861544956 ], [ 103.983376703398989, 1.490742656423255 ], [ 103.974390529736581, 1.490744918854124 ] ] ] } },
{ "type": "Feature", "properties": { "grid_id": "JB1000_R0023_C0050", "grid_m": 1000, "row_id": 23, "col_id": 50, "x_min": 47000.0, "y_min": -61000.0, "x_max": 48000.0, "y_max": -60000.0, "center_x": 47500.0, "center_y": -60500.0, "full_area_m2": 1000000, "inside_area_m2": 1000000.0, "coverage_frac": 1.0, "is_edge": 0, "center_lon": 103.98787093426354, "center_lat": 1.4952631105504743 }, "geometry": { "type": "Polygon", "coordinates": [ [ [ 103.983376703398989, 1.490742656423255 ], [ 103.983378976562406, 1.499785861544956 ], [ 103.99236518697785, 1.499783548259698 ], [ 103.992362877042893, 1.490740357092393 ], [ 103.983376703398989, 1.490742656423255 ] ] ] } },
{ "type": "Feature", "properties": { "grid_id": "JB1000_R0023_C0051", "grid_m": 1000, "row_id": 23, "col_id": 51, "x_min": 48000.0, "y_min": -61000.0, "x_max": 49000.0, "y_max": -60000.0, "center_x": 48500.0, "center_y": -60500.0, "full_area_m2": 1000000, "inside_area_m2": 1000000.0, "coverage_frac": 1.0, "is_edge": 0, "center_lon": 103.99685712625597, "center_lat": 1.4952607857364668 }, "geometry": { "type": "Polygon", "coordinates": [ [ [ 103.992362877042893, 1.490740357092393 ], [ 103.99236518697785, 1.499783548259698 ], [ 104.001351397374265, 1.499781197850561 ], [ 104.001349050668011, 1.490738020861593 ], [ 103.992362877042893, 1.490740357092393 ] ] ] } },
{ "type": "Feature", "properties": { "grid_id": "JB1000_R0023_C0052", "grid_m": 1000, "row_id": 23, "col_id": 52, "x_min": 49000.0, "y_min": -61000.0, "x_max": 50000.0, "y_max": -60000.0, "center_x": 49500.0, "center_y": -60500.0, "full_area_m2": 1000000, "inside_area_m2": 1000000.0, "coverage_frac": 1.0, "is_edge": 0, "center_lon": 104.00584331822935, "center_lat": 1.4952584239105808 }, "geometry": { "type": "Polygon", "coordinates": [ [ [ 104.001349050668011, 1.490738020861593 ], [ 104.001351397374265, 1.499781197850561 ], [ 104.010337607751367, 1.499778810317604 ], [ 104.010335224274016, 1.490735647730915 ], [ 104.001349050668011, 1.490738020861593 ] ] ] } },
{ "type": "Feature", "properties": { "grid_id": "JB1000_R0023_C0053", "grid_m": 1000, "row_id": 23, "col_id": 53, "x_min": 50000.0, "y_min": -61000.0, "x_max": 51000.0, "y_max": -60000.0, "center_x": 50500.0, "center_y": -60500.0, "full_area_m2": 1000000, "inside_area_m2": 1000000.0, "coverage_frac": 1.0, "is_edge": 0, "center_lon": 104.01482951018335, "center_lat": 1.4952560250728744 }, "geometry": { "type": "Polygon", "coordinates": [ [ [ 104.010335224274016, 1.490735647730915 ], [ 104.010337607751367, 1.499778810317604 ], [ 104.019323818108845, 1.499776385660885 ], [ 104.019321397860651, 1.490733237700417 ], [ 104.010335224274016, 1.490735647730915 ] ] ] } },
{ "type": "Feature", "properties": { "grid_id": "JB1000_R0023_C0054", "grid_m": 1000, "row_id": 23, "col_id": 54, "x_min": 51000.0, "y_min": -61000.0, "x_max": 52000.0, "y_max": -60000.0, "center_x": 51500.0, "center_y": -60500.0, "full_area_m2": 1000000, "inside_area_m2": 473199.109152094, "coverage_frac": 0.47319910915209401, "is_edge": 1, "center_lon": 104.0238157021177, "center_lat": 1.4952535892234067 }, "geometry": { "type": "Polygon", "coordinates": [ [ [ 104.019321397860651, 1.490733237700417 ], [ 104.019323818108845, 1.499776385660885 ], [ 104.022958273342851, 1.499775394469585 ], [ 104.024191456156444, 1.490731916166144 ], [ 104.019321397860651, 1.490733237700417 ] ] ] } },
{ "type": "Feature", "properties": { "grid_id": "JB1000_R0024_C0004", "grid_m": 1000, "row_id": 24, "col_id": 4, "x_min": 1000.0, "y_min": -60000.0, "x_max": 2000.0, "y_max": -59000.0, "center_x": 1500.0, "center_y": -59500.0, "full_area_m2": 1000000, "inside_area_m2": 429667.8877497834, "coverage_frac": 0.42966788774978343, "is_edge": 1, "center_lon": 103.57450668890898, "center_lat": 1.5043736441059881 }, "geometry": { "type": "Polygon", "coordinates": [ [ [ 103.579000115099035, 1.508895135941374 ], [ 103.57899949308927, 1.499851535406575 ], [ 103.57493376466266, 1.499851813976319 ], [ 103.575119581082305, 1.50335288065973 ], [ 103.575299380717979, 1.508895391343884 ], [ 103.579000115099035, 1.508895135941374 ] ] ] } },
{ "type": "Feature", "properties": { "grid_id": "JB1000_R0024_C0005", "grid_m": 1000, "row_id": 24, "col_id": 5, "x_min": 2000.0, "y_min": -60000.0, "x_max": 3000.0, "y_max": -59000.0, "center_x": 2500.0, "center_y": -59500.0, "full_area_m2": 1000000, "inside_area_m2": 1000000.0, "coverage_frac": 1.0, "is_edge": 0, "center_lon": 103.58349291834215, "center_lat": 1.5043730181207331 }, "geometry": { "type": "Polygon", "coordinates": [ [ [ 103.57899949308927, 1.499851535406575 ], [ 103.579000115099035, 1.508895135941374 ], [ 103.587986363057809, 1.508894489398966 ], [ 103.587985704047298, 1.499850892740939 ], [ 103.57899949308927, 1.499851535406575 ] ] ] } },
{ "type": "Feature", "properties": { "grid_id": "JB1000_R0024_C0006", "grid_m": 1000, "row_id": 24, "col_id": 6, "x_min": 3000.0, "y_min": -60000.0, "x_max": 4000.0, "y_max": -59000.0, "center_x": 3500.0, "center_y": -59500.0, "full_area_m2": 1000000, "inside_area_m2": 1000000.0, "coverage_frac": 1.0, "is_edge": 0, "center_lon": 103.59247914777005, "center_lat": 1.5043723548979562 }, "geometry": { "type": "Polygon", "coordinates": [ [ [ 103.587985704047298, 1.499850892740939 ], [ 103.587986363057809, 1.508894489398966 ], [ 103.596972611011125, 1.508893805507067 ], [ 103.596971914999941, 1.499850212949767 ], [ 103.587985704047298, 1.499850892740939 ] ] ] } },
{ "type": "Feature", "properties": { "grid_id": "JB1000_R0024_C0007", "grid_m": 1000, "row_id": 24, "col_id": 7, "x_min": 4000.0, "y_min": -60000.0, "x_max": 5000.0, "y_max": -59000.0, "center_x": 4500.0, "center_y": -59500.0, "full_area_m2": 1000000, "inside_area_m2": 1000000.0, "coverage_frac": 1.0, "is_edge": 0, "center_lon": 103.60146537719235, "center_lat": 1.5043716544376735 }, "geometry": { "type": "Polygon", "coordinates": [ [ [ 103.596971914999941, 1.499850212949767 ], [ 103.596972611011125, 1.508893805507067 ], [ 103.605958858958672, 1.508893084265693 ], [ 103.60595812594687, 1.499849496033073 ], [ 103.596971914999941, 1.499850212949767 ] ] ] } },
{ "type": "Feature", "properties": { "grid_id": "JB1000_R0024_C0008", "grid_m": 1000, "row_id": 24, "col_id": 8, "x_min": 5000.0, "y_min": -60000.0, "x_max": 6000.0, "y_max": -59000.0, "center_x": 5500.0, "center_y": -59500.0, "full_area_m2": 1000000, "inside_area_m2": 1000000.0, "coverage_frac": 1.0, "is_edge": 0, "center_lon": 103.61045160660879, "center_lat": 1.5043709167399029 }, "geometry": { "type": "Polygon", "coordinates": [ [ [ 103.60595812594687, 1.499849496033073 ], [ 103.605958858958672, 1.508893084265693 ], [ 103.614945106900166, 1.508892325674864 ], [ 103.614944336887802, 1.499848741990877 ], [ 103.60595812594687, 1.499849496033073 ] ] ] } },
{ "type": "Feature", "properties": { "grid_id": "JB1000_R0024_C0009", "grid_m": 1000, "row_id": 24, "col_id": 9, "x_min": 6000.0, "y_min": -60000.0, "x_max": 7000.0, "y_max": -59000.0, "center_x": 6500.0, "center_y": -59500.0, "full_area_m2": 1000000, "inside_area_m2": 1000000.0, "coverage_frac": 1.0, "is_edge": 0, "center_lon": 103.61943783601903, "center_lat": 1.504370141804662 }, "geometry": { "type": "Polygon", "coordinates": [ [ [ 103.614944336887802, 1.499848741990877 ], [ 103.614945106900166, 1.508892325674864 ], [ 103.623931354835264, 1.508891529734597 ], [ 103.62393054782244, 1.499847950823197 ], [ 103.614944336887802, 1.499848741990877 ] ] ] } },
{ "type": "Feature", "properties": { "grid_id": "JB1000_R0024_C0010", "grid_m": 1000, "row_id": 24, "col_id": 10, "x_min": 7000.0, "y_min": -60000.0, "x_max": 8000.0, "y_max": -59000.0, "center_x": 7500.0, "center_y": -59500.0, "full_area_m2": 1000000, "inside_area_m2": 1000000.0, "coverage_frac": 1.0, "is_edge": 0, "center_lon": 103.62842406542278, "center_lat": 1.5043693296319698 }, "geometry": { "type": "Polygon", "coordinates": [ [ [ 103.62393054782244, 1.499847950823197 ], [ 103.623931354835264, 1.508891529734597 ], [ 103.632917602763669, 1.508890696444912 ], [ 103.632916758750454, 1.499847122530052 ], [ 103.62393054782244, 1.499847950823197 ] ] ] } },
{ "type": "Feature", "properties": { "grid_id": "JB1000_R0024_C0011", "grid_m": 1000, "row_id": 24, "col_id": 11, "x_min": 8000.0, "y_min": -60000.0, "x_max": 9000.0, "y_max": -59000.0, "center_x": 8500.0, "center_y": -59500.0, "full_area_m2": 1000000, "inside_area_m2": 1000000.0, "coverage_frac": 1.0, "is_edge": 0, "center_lon": 103.63741029481973, "center_lat": 1.5043684802218467 }, "geometry": { "type": "Polygon", "coordinates": [ [ [ 103.632916758750454, 1.499847122530052 ], [ 103.632917602763669, 1.508890696444912 ], [ 103.641903850685097, 1.50888982580583 ], [ 103.641902969671591, 1.499846257111463 ], [ 103.632916758750454, 1.499847122530052 ] ] ] } },
{ "type": "Feature", "properties": { "grid_id": "JB1000_R0024_C0012", "grid_m": 1000, "row_id": 24, "col_id": 12, "x_min": 9000.0, "y_min": -60000.0, "x_max": 10000.0, "y_max": -59000.0, "center_x": 9500.0, "center_y": -59500.0, "full_area_m2": 1000000, "inside_area_m2": 1000000.0, "coverage_frac": 1.0, "is_edge": 0, "center_lon": 103.64639652420958, "center_lat": 1.5043675935743137 }, "geometry": { "type": "Polygon", "coordinates": [ [ [ 103.641902969671591, 1.499846257111463 ], [ 103.641903850685097, 1.50888982580583 ], [ 103.650890098599234, 1.508888917817372 ], [ 103.650889180585494, 1.49984535456745 ], [ 103.641902969671591, 1.499846257111463 ] ] ] } },
{ "type": "Feature", "properties": { "grid_id": "JB1000_R0024_C0013", "grid_m": 1000, "row_id": 24, "col_id": 13, "x_min": 10000.0, "y_min": -60000.0, "x_max": 11000.0, "y_max": -59000.0, "center_x": 10500.0, "center_y": -59500.0, "full_area_m2": 1000000, "inside_area_m2": 1000000.0, "coverage_frac": 1.0, "is_edge": 0, "center_lon": 103.65538275359201, "center_lat": 1.5043666696893923 }, "geometry": { "type": "Polygon", "coordinates": [ [ [ 103.650889180585494, 1.49984535456745 ], [ 103.650890098599234, 1.508888917817372 ], [ 103.65987634650574, 1.50888797247956 ], [ 103.65987539149188, 1.499844414898037 ], [ 103.650889180585494, 1.49984535456745 ] ] ] } },
{ "type": "Feature", "properties": { "grid_id": "JB1000_R0024_C0014", "grid_m": 1000, "row_id": 24, "col_id": 14, "x_min": 11000.0, "y_min": -60000.0, "x_max": 12000.0, "y_max": -59000.0, "center_x": 11500.0, "center_y": -59500.0, "full_area_m2": 1000000, "inside_area_m2": 1000000.0, "coverage_frac": 1.0, "is_edge": 0, "center_lon": 103.66436898296674, "center_lat": 1.5043657085671054 }, "geometry": { "type": "Polygon", "coordinates": [ [ [ 103.65987539149188, 1.499844414898037 ], [ 103.65987634650574, 1.50888797247956 ], [ 103.668862594404359, 1.508886989792418 ], [ 103.66886160239045, 1.499843438103245 ], [ 103.65987539149188, 1.499844414898037 ] ] ] } },
{ "type": "Feature", "properties": { "grid_id": "JB1000_R0024_C0015", "grid_m": 1000, "row_id": 24, "col_id": 15, "x_min": 12000.0, "y_min": -60000.0, "x_max": 13000.0, "y_max": -59000.0, "center_x": 12500.0, "center_y": -59500.0, "full_area_m2": 1000000, "inside_area_m2": 1000000.0, "coverage_frac": 1.0, "is_edge": 0, "center_lon": 103.67335521233345, "center_lat": 1.5043647102074766 }, "geometry": { "type": "Polygon", "coordinates": [ [ [ 103.66886160239045, 1.499843438103245 ], [ 103.668862594404359, 1.508886989792418 ], [ 103.677848842294736, 1.508885969755969 ], [ 103.677847813280906, 1.499842424183101 ], [ 103.66886160239045, 1.499843438103245 ] ] ] } },
{ "type": "Feature", "properties": { "grid_id": "JB1000_R0024_C0016", "grid_m": 1000, "row_id": 24, "col_id": 16, "x_min": 13000.0, "y_min": -60000.0, "x_max": 14000.0, "y_max": -59000.0, "center_x": 13500.0, "center_y": -59500.0, "full_area_m2": 1000000, "inside_area_m2": 1000000.0, "coverage_frac": 1.0, "is_edge": 0, "center_lon": 103.68234144169183, "center_lat": 1.5043636746105307 }, "geometry": { "type": "Polygon", "coordinates": [ [ [ 103.677847813280906, 1.499842424183101 ], [ 103.677848842294736, 1.508885969755969 ], [ 103.686835090176601, 1.50888491237024 ], [ 103.686834024162948, 1.499841373137627 ], [ 103.677847813280906, 1.499842424183101 ] ] ] } },
{ "type": "Feature", "properties": { "grid_id": "JB1000_R0024_C0017", "grid_m": 1000, "row_id": 24, "col_id": 17, "x_min": 14000.0, "y_min": -60000.0, "x_max": 15000.0, "y_max": -59000.0, "center_x": 14500.0, "center_y": -59500.0, "full_area_m2": 1000000, "inside_area_m2": 1000000.0, "coverage_frac": 1.0, "is_edge": 0, "center_lon": 103.69132767104161, "center_lat": 1.5043626017762928 }, "geometry": { "type": "Polygon", "coordinates": [ [ [ 103.686834024162948, 1.499841373137627 ], [ 103.686835090176601, 1.50888491237024 ], [ 103.695821338049626, 1.508883817635256 ], [ 103.695820235036251, 1.499840284966851 ], [ 103.686834024162948, 1.499841373137627 ] ] ] } },
{ "type": "Feature", "properties": { "grid_id": "JB1000_R0024_C0018", "grid_m": 1000, "row_id": 24, "col_id": 18, "x_min": 15000.0, "y_min": -60000.0, "x_max": 16000.0, "y_max": -59000.0, "center_x": 15500.0, "center_y": -59500.0, "full_area_m2": 1000000, "inside_area_m2": 1000000.0, "coverage_frac": 1.0, "is_edge": 0, "center_lon": 103.70031390038243, "center_lat": 1.5043614917047898 }, "geometry": { "type": "Polygon", "coordinates": [ [ [ 103.695820235036251, 1.499840284966851 ], [ 103.695821338049626, 1.508883817635256 ], [ 103.704807585913528, 1.508882685551044 ], [ 103.70480644590053, 1.499839159670799 ], [ 103.695820235036251, 1.499840284966851 ] ] ] } },
{ "type": "Feature", "properties": { "grid_id": "JB1000_R0024_C0019", "grid_m": 1000, "row_id": 24, "col_id": 19, "x_min": 16000.0, "y_min": -60000.0, "x_max": 17000.0, "y_max": -59000.0, "center_x": 16500.0, "center_y": -59500.0, "full_area_m2": 1000000, "inside_area_m2": 1000000.0, "coverage_frac": 1.0, "is_edge": 0, "center_lon": 103.70930012971402, "center_lat": 1.5043603443960489 }, "geometry": { "type": "Polygon", "coordinates": [ [ [ 103.70480644590053, 1.499839159670799 ], [ 103.704807585913528, 1.508882685551044 ], [ 103.71379383376798, 1.508881516117631 ], [ 103.713792656755473, 1.499837997249499 ], [ 103.70480644590053, 1.499839159670799 ] ] ] } },
{ "type": "Feature", "properties": { "grid_id": "JB1000_R0024_C0020", "grid_m": 1000, "row_id": 24, "col_id": 20, "x_min": 17000.0, "y_min": -60000.0, "x_max": 18000.0, "y_max": -59000.0, "center_x": 17500.0, "center_y": -59500.0, "full_area_m2": 1000000, "inside_area_m2": 1000000.0, "coverage_frac": 1.0, "is_edge": 0, "center_lon": 103.71828635903607, "center_lat": 1.5043591598500983 }, "geometry": { "type": "Polygon", "coordinates": [ [ [ 103.713792656755473, 1.499837997249499 ], [ 103.71379383376798, 1.508881516117631 ], [ 103.722780081612669, 1.508880309335048 ], [ 103.72277886760078, 1.499836797702979 ], [ 103.713792656755473, 1.499837997249499 ] ] ] } },
{ "type": "Feature", "properties": { "grid_id": "JB1000_R0024_C0021", "grid_m": 1000, "row_id": 24, "col_id": 21, "x_min": 18000.0, "y_min": -60000.0, "x_max": 19000.0, "y_max": -59000.0, "center_x": 18500.0, "center_y": -59500.0, "full_area_m2": 1000000, "inside_area_m2": 1000000.0, "coverage_frac": 1.0, "is_edge": 0, "center_lon": 103.72727258834828, "center_lat": 1.5043579380669669 }, "geometry": { "type": "Polygon", "coordinates": [ [ [ 103.72277886760078, 1.499836797702979 ], [ 103.722780081612669, 1.508880309335048 ], [ 103.731766329447311, 1.508879065203323 ], [ 103.731765078436155, 1.499835561031269 ], [ 103.72277886760078, 1.499836797702979 ] ] ] } },
{ "type": "Feature", "properties": { "grid_id": "JB1000_R0024_C0022", "grid_m": 1000, "row_id": 24, "col_id": 22, "x_min": 19000.0, "y_min": -60000.0, "x_max": 20000.0, "y_max": -59000.0, "center_x": 19500.0, "center_y": -59500.0, "full_area_m2": 1000000, "inside_area_m2": 1000000.0, "coverage_frac": 1.0, "is_edge": 0, "center_lon": 103.73625881765034, "center_lat": 1.5043566790466854 }, "geometry": { "type": "Polygon", "coordinates": [ [ [ 103.731765078436155, 1.499835561031269 ], [ 103.731766329447311, 1.508879065203323 ], [ 103.740752577271579, 1.508877783722487 ], [ 103.740751289261283, 1.499834287234399 ], [ 103.731765078436155, 1.499835561031269 ] ] ] } },
{ "type": "Feature", "properties": { "grid_id": "JB1000_R0024_C0023", "grid_m": 1000, "row_id": 24, "col_id": 23, "x_min": 20000.0, "y_min": -60000.0, "x_max": 21000.0, "y_max": -59000.0, "center_x": 20500.0, "center_y": -59500.0, "full_area_m2": 1000000, "inside_area_m2": 1000000.0, "coverage_frac": 1.0, "is_edge": 0, "center_lon": 103.74524504694195, "center_lat": 1.5043553827892844 }, "geometry": { "type": "Polygon", "coordinates": [ [ [ 103.740751289261283, 1.499834287234399 ], [ 103.740752577271579, 1.508877783722487 ], [ 103.749738825085188, 1.508876464892571 ], [ 103.749737500075881, 1.499832976312401 ], [ 103.740751289261283, 1.499834287234399 ] ] ] } },
{ "type": "Feature", "properties": { "grid_id": "JB1000_R0024_C0024", "grid_m": 1000, "row_id": 24, "col_id": 24, "x_min": 21000.0, "y_min": -60000.0, "x_max": 22000.0, "y_max": -59000.0, "center_x": 21500.0, "center_y": -59500.0, "full_area_m2": 1000000, "inside_area_m2": 1000000.0, "coverage_frac": 1.0, "is_edge": 0, "center_lon": 103.75423127622278, "center_lat": 1.5043540492947958 }, "geometry": { "type": "Polygon", "coordinates": [ [ [ 103.749737500075881, 1.499832976312401 ], [ 103.749738825085188, 1.508876464892571 ], [ 103.758725072887827, 1.508875108713609 ], [ 103.758723710879622, 1.499831628265307 ], [ 103.749737500075881, 1.499832976312401 ] ] ] } },
{ "type": "Feature", "properties": { "grid_id": "JB1000_R0024_C0025", "grid_m": 1000, "row_id": 24, "col_id": 25, "x_min": 22000.0, "y_min": -60000.0, "x_max": 23000.0, "y_max": -59000.0, "center_x": 22500.0, "center_y": -59500.0, "full_area_m2": 1000000, "inside_area_m2": 1000000.0, "coverage_frac": 1.0, "is_edge": 0, "center_lon": 103.76321750549258, "center_lat": 1.5043526785632524 }, "geometry": { "type": "Polygon", "coordinates": [ [ [ 103.758723710879622, 1.499831628265307 ], [ 103.758725072887827, 1.508875108713609 ], [ 103.767711320679155, 1.508873715185634 ], [ 103.767709921672207, 1.49983024309315 ], [ 103.758723710879622, 1.499831628265307 ] ] ] } },
{ "type": "Feature", "properties": { "grid_id": "JB1000_R0024_C0026", "grid_m": 1000, "row_id": 24, "col_id": 26, "x_min": 23000.0, "y_min": -60000.0, "x_max": 24000.0, "y_max": -59000.0, "center_x": 23500.0, "center_y": -59500.0, "full_area_m2": 1000000, "inside_area_m2": 1000000.0, "coverage_frac": 1.0, "is_edge": 0, "center_lon": 103.77220373475099, "center_lat": 1.5043512705946884 }, "geometry": { "type": "Polygon", "coordinates": [ [ [ 103.767709921672207, 1.49983024309315 ], [ 103.767711320679155, 1.508873715185634 ], [ 103.776697568458914, 1.508872284308679 ], [ 103.776696132453353, 1.499828820795965 ], [ 103.767709921672207, 1.49983024309315 ] ] ] } },
{ "type": "Feature", "properties": { "grid_id": "JB1000_R0024_C0027", "grid_m": 1000, "row_id": 24, "col_id": 27, "x_min": 24000.0, "y_min": -60000.0, "x_max": 25000.0, "y_max": -59000.0, "center_x": 24500.0, "center_y": -59500.0, "full_area_m2": 1000000, "inside_area_m2": 1000000.0, "coverage_frac": 1.0, "is_edge": 0, "center_lon": 103.78118996399772, "center_lat": 1.5043498253891383 }, "geometry": { "type": "Polygon", "coordinates": [ [ [ 103.776696132453353, 1.499828820795965 ], [ 103.776697568458914, 1.508872284308679 ], [ 103.785683816226765, 1.50887081608278 ], [ 103.785682343222746, 1.499827361373786 ], [ 103.776696132453353, 1.499828820795965 ] ] ] } },
{ "type": "Feature", "properties": { "grid_id": "JB1000_R0024_C0028", "grid_m": 1000, "row_id": 24, "col_id": 28, "x_min": 25000.0, "y_min": -60000.0, "x_max": 26000.0, "y_max": -59000.0, "center_x": 25500.0, "center_y": -59500.0, "full_area_m2": 1000000, "inside_area_m2": 1000000.0, "coverage_frac": 1.0, "is_edge": 0, "center_lon": 103.79017619323248, "center_lat": 1.5043483429466373 }, "geometry": { "type": "Polygon", "coordinates": [ [ [ 103.785682343222746, 1.499827361373786 ], [ 103.785683816226765, 1.50887081608278 ], [ 103.794670063982423, 1.508869310507974 ], [ 103.794668553980074, 1.49982586482665 ], [ 103.785682343222746, 1.499827361373786 ] ] ] } },
{ "type": "Feature", "properties": { "grid_id": "JB1000_R0024_C0029", "grid_m": 1000, "row_id": 24, "col_id": 29, "x_min": 26000.0, "y_min": -60000.0, "x_max": 27000.0, "y_max": -59000.0, "center_x": 26500.0, "center_y": -59500.0, "full_area_m2": 1000000, "inside_area_m2": 1000000.0, "coverage_frac": 1.0, "is_edge": 0, "center_lon": 103.79916242245497, "center_lat": 1.5043468232672226 }, "geometry": { "type": "Polygon", "coordinates": [ [ [ 103.794668553980074, 1.49982586482665 ], [ 103.794670063982423, 1.508869310507974 ], [ 103.803656311725561, 1.508867767584297 ], [ 103.803654764725053, 1.499824331154593 ], [ 103.794668553980074, 1.49982586482665 ] ] ] } },
{ "type": "Feature", "properties": { "grid_id": "JB1000_R0024_C0030", "grid_m": 1000, "row_id": 24, "col_id": 30, "x_min": 27000.0, "y_min": -60000.0, "x_max": 28000.0, "y_max": -59000.0, "center_x": 27500.0, "center_y": -59500.0, "full_area_m2": 1000000, "inside_area_m2": 1000000.0, "coverage_frac": 1.0, "is_edge": 0, "center_lon": 103.80814865166485, "center_lat": 1.5043452663509309 }, "geometry": { "type": "Polygon", "coordinates": [ [ [ 103.803654764725053, 1.499824331154593 ], [ 103.803656311725561, 1.508867767584297 ], [ 103.812642559455881, 1.508866187311787 ], [ 103.812640975457356, 1.499822760357653 ], [ 103.803654764725053, 1.499824331154593 ] ] ] } },
{ "type": "Feature", "properties": { "grid_id": "JB1000_R0024_C0031", "grid_m": 1000, "row_id": 24, "col_id": 31, "x_min": 28000.0, "y_min": -60000.0, "x_max": 29000.0, "y_max": -59000.0, "center_x": 28500.0, "center_y": -59500.0, "full_area_m2": 1000000, "inside_area_m2": 1000000.0, "coverage_frac": 1.0, "is_edge": 0, "center_lon": 103.81713488086186, "center_lat": 1.5043436721978012 }, "geometry": { "type": "Polygon", "coordinates": [ [ [ 103.812640975457356, 1.499822760357653 ], [ 103.812642559455881, 1.508866187311787 ], [ 103.821628807173099, 1.508864569690484 ], [ 103.821627186176698, 1.499821152435868 ], [ 103.812640975457356, 1.499822760357653 ] ] ] } },
{ "type": "Feature", "properties": { "grid_id": "JB1000_R0024_C0032", "grid_m": 1000, "row_id": 24, "col_id": 32, "x_min": 29000.0, "y_min": -60000.0, "x_max": 30000.0, "y_max": -59000.0, "center_x": 29500.0, "center_y": -59500.0, "full_area_m2": 1000000, "inside_area_m2": 1000000.0, "coverage_frac": 1.0, "is_edge": 0, "center_lon": 103.82612111004565, "center_lat": 1.5043420408078723 }, "geometry": { "type": "Polygon", "coordinates": [ [ [ 103.821627186176698, 1.499821152435868 ], [ 103.821628807173099, 1.508864569690484 ], [ 103.830615054876858, 1.508862914720427 ], [ 103.830613396882768, 1.499819507389279 ], [ 103.821627186176698, 1.499821152435868 ] ] ] } },
{ "type": "Feature", "properties": { "grid_id": "JB1000_R0024_C0033", "grid_m": 1000, "row_id": 24, "col_id": 33, "x_min": 30000.0, "y_min": -60000.0, "x_max": 31000.0, "y_max": -59000.0, "center_x": 30500.0, "center_y": -59500.0, "full_area_m2": 1000000, "inside_area_m2": 1000000.0, "coverage_frac": 1.0, "is_edge": 0, "center_lon": 103.83510733921595, "center_lat": 1.5043403721811845 }, "geometry": { "type": "Polygon", "coordinates": [ [ [ 103.830613396882768, 1.499819507389279 ], [ 103.830615054876858, 1.508862914720427 ], [ 103.839601302566905, 1.508861222401657 ], [ 103.839599607575266, 1.499817825217926 ], [ 103.830613396882768, 1.499819507389279 ] ] ] } },
{ "type": "Feature", "properties": { "grid_id": "JB1000_R0024_C0034", "grid_m": 1000, "row_id": 24, "col_id": 34, "x_min": 31000.0, "y_min": -60000.0, "x_max": 32000.0, "y_max": -59000.0, "center_x": 31500.0, "center_y": -59500.0, "full_area_m2": 1000000, "inside_area_m2": 1000000.0, "coverage_frac": 1.0, "is_edge": 0, "center_lon": 103.84409356837244, "center_lat": 1.5043386663177791 }, "geometry": { "type": "Polygon", "coordinates": [ [ [ 103.839599607575266, 1.499817825217926 ], [ 103.839601302566905, 1.508861222401657 ], [ 103.848587550242897, 1.508859492734215 ], [ 103.848585818253895, 1.49981610592185 ], [ 103.839599607575266, 1.499817825217926 ] ] ] } },
{ "type": "Feature", "properties": { "grid_id": "JB1000_R0024_C0035", "grid_m": 1000, "row_id": 24, "col_id": 35, "x_min": 32000.0, "y_min": -60000.0, "x_max": 33000.0, "y_max": -59000.0, "center_x": 32500.0, "center_y": -59500.0, "full_area_m2": 1000000, "inside_area_m2": 1000000.0, "coverage_frac": 1.0, "is_edge": 0, "center_lon": 103.85307979751482, "center_lat": 1.504336923217698 }, "geometry": { "type": "Polygon", "coordinates": [ [ [ 103.848585818253895, 1.49981610592185 ], [ 103.848587550242897, 1.508859492734215 ], [ 103.85757379790455, 1.508857725718145 ], [ 103.857572028918355, 1.499814349501093 ], [ 103.848585818253895, 1.49981610592185 ] ] ] } },
{ "type": "Feature", "properties": { "grid_id": "JB1000_R0024_C0036", "grid_m": 1000, "row_id": 24, "col_id": 36, "x_min": 33000.0, "y_min": -60000.0, "x_max": 34000.0, "y_max": -59000.0, "center_x": 33500.0, "center_y": -59500.0, "full_area_m2": 1000000, "inside_area_m2": 1000000.0, "coverage_frac": 1.0, "is_edge": 0, "center_lon": 103.86206602664279, "center_lat": 1.5043351428809839 }, "geometry": { "type": "Polygon", "coordinates": [ [ [ 103.857572028918355, 1.499814349501093 ], [ 103.85757379790455, 1.508857725718145 ], [ 103.866560045551537, 1.508855921353489 ], [ 103.86655823956832, 1.4998125559557 ], [ 103.857572028918355, 1.499814349501093 ] ] ] } },
{ "type": "Feature", "properties": { "grid_id": "JB1000_R0024_C0037", "grid_m": 1000, "row_id": 24, "col_id": 37, "x_min": 34000.0, "y_min": -60000.0, "x_max": 35000.0, "y_max": -59000.0, "center_x": 34500.0, "center_y": -59500.0, "full_area_m2": 1000000, "inside_area_m2": 1000000.0, "coverage_frac": 1.0, "is_edge": 0, "center_lon": 103.87105225575606, "center_lat": 1.5043333253076812 }, "geometry": { "type": "Polygon", "coordinates": [ [ [ 103.86655823956832, 1.4998125559557 ], [ 103.866560045551537, 1.508855921353489 ], [ 103.875546293183561, 1.508854079640293 ], [ 103.875544450203492, 1.499810725285713 ], [ 103.86655823956832, 1.4998125559557 ] ] ] } },
{ "type": "Feature", "properties": { "grid_id": "JB1000_R0024_C0038", "grid_m": 1000, "row_id": 24, "col_id": 38, "x_min": 35000.0, "y_min": -60000.0, "x_max": 36000.0, "y_max": -59000.0, "center_x": 35500.0, "center_y": -59500.0, "full_area_m2": 1000000, "inside_area_m2": 1000000.0, "coverage_frac": 1.0, "is_edge": 0, "center_lon": 103.88003848485428, "center_lat": 1.5043314704978343 }, "geometry": { "type": "Polygon", "coordinates": [ [ [ 103.875544450203492, 1.499810725285713 ], [ 103.875546293183561, 1.508854079640293 ], [ 103.884532540800322, 1.508852200578601 ], [ 103.884530660823586, 1.499808857491179 ], [ 103.875544450203492, 1.499810725285713 ] ] ] } },
{ "type": "Feature", "properties": { "grid_id": "JB1000_R0024_C0039", "grid_m": 1000, "row_id": 24, "col_id": 39, "x_min": 36000.0, "y_min": -60000.0, "x_max": 37000.0, "y_max": -59000.0, "center_x": 36500.0, "center_y": -59500.0, "full_area_m2": 1000000, "inside_area_m2": 1000000.0, "coverage_frac": 1.0, "is_edge": 0, "center_lon": 103.88902471393716, "center_lat": 1.504329578451489 }, "geometry": { "type": "Polygon", "coordinates": [ [ [ 103.884530660823586, 1.499808857491179 ], [ 103.884532540800322, 1.508852200578601 ], [ 103.893518788401508, 1.50885028416846 ], [ 103.893516871428304, 1.499806952572143 ], [ 103.884530660823586, 1.499808857491179 ] ] ] } },
{ "type": "Feature", "properties": { "grid_id": "JB1000_R0024_C0040", "grid_m": 1000, "row_id": 24, "col_id": 40, "x_min": 37000.0, "y_min": -60000.0, "x_max": 38000.0, "y_max": -59000.0, "center_x": 37500.0, "center_y": -59500.0, "full_area_m2": 1000000, "inside_area_m2": 1000000.0, "coverage_frac": 1.0, "is_edge": 0, "center_lon": 103.89801094300442, "center_lat": 1.5043276491686914 }, "geometry": { "type": "Polygon", "coordinates": [ [ [ 103.893516871428304, 1.499806952572143 ], [ 103.893518788401508, 1.50885028416846 ], [ 103.902505035986806, 1.508848330409917 ], [ 103.902503082017319, 1.499805010528652 ], [ 103.893516871428304, 1.499806952572143 ] ] ] } },
{ "type": "Feature", "properties": { "grid_id": "JB1000_R0024_C0041", "grid_m": 1000, "row_id": 24, "col_id": 41, "x_min": 38000.0, "y_min": -60000.0, "x_max": 39000.0, "y_max": -59000.0, "center_x": 38500.0, "center_y": -59500.0, "full_area_m2": 1000000, "inside_area_m2": 1000000.0, "coverage_frac": 1.0, "is_edge": 0, "center_lon": 103.90699717205574, "center_lat": 1.5043256826494897 }, "geometry": { "type": "Polygon", "coordinates": [ [ [ 103.902503082017319, 1.499805010528652 ], [ 103.902505035986806, 1.508848330409917 ], [ 103.911491283555918, 1.50884633930302 ], [ 103.91148929259036, 1.499803031360754 ], [ 103.902503082017319, 1.499805010528652 ] ] ] } },
{ "type": "Feature", "properties": { "grid_id": "JB1000_R0024_C0042", "grid_m": 1000, "row_id": 24, "col_id": 42, "x_min": 39000.0, "y_min": -60000.0, "x_max": 40000.0, "y_max": -59000.0, "center_x": 39500.0, "center_y": -59500.0, "full_area_m2": 1000000, "inside_area_m2": 1000000.0, "coverage_frac": 1.0, "is_edge": 0, "center_lon": 103.91598340109083, "center_lat": 1.5043236788939325 }, "geometry": { "type": "Polygon", "coordinates": [ [ [ 103.91148929259036, 1.499803031360754 ], [ 103.911491283555918, 1.50884633930302 ], [ 103.920477531108546, 1.508844310847819 ], [ 103.920475503147074, 1.499801015068497 ], [ 103.91148929259036, 1.499803031360754 ] ] ] } },
{ "type": "Feature", "properties": { "grid_id": "JB1000_R0024_C0043", "grid_m": 1000, "row_id": 24, "col_id": 43, "x_min": 40000.0, "y_min": -60000.0, "x_max": 41000.0, "y_max": -59000.0, "center_x": 40500.0, "center_y": -59500.0, "full_area_m2": 1000000, "inside_area_m2": 1000000.0, "coverage_frac": 1.0, "is_edge": 0, "center_lon": 103.92496963010935, "center_lat": 1.5043216379020683 }, "geometry": { "type": "Polygon", "coordinates": [ [ [ 103.920475503147074, 1.499801015068497 ], [ 103.920477531108546, 1.508844310847819 ], [ 103.929463778644362, 1.508842245044362 ], [ 103.929461713687203, 1.499798961651932 ], [ 103.920475503147074, 1.499801015068497 ] ] ] } },
{ "type": "Feature", "properties": { "grid_id": "JB1000_R0024_C0044", "grid_m": 1000, "row_id": 24, "col_id": 44, "x_min": 41000.0, "y_min": -60000.0, "x_max": 42000.0, "y_max": -59000.0, "center_x": 41500.0, "center_y": -59500.0, "full_area_m2": 1000000, "inside_area_m2": 1000000.0, "coverage_frac": 1.0, "is_edge": 0, "center_lon": 103.93395585911102, "center_lat": 1.5043195596739478 }, "geometry": { "type": "Polygon", "coordinates": [ [ [ 103.929461713687203, 1.499798961651932 ], [ 103.929463778644362, 1.508842245044362 ], [ 103.938450026163082, 1.508840141892702 ], [ 103.938447924210422, 1.499796871111109 ], [ 103.929461713687203, 1.499798961651932 ] ] ] } },
{ "type": "Feature", "properties": { "grid_id": "JB1000_R0024_C0045", "grid_m": 1000, "row_id": 24, "col_id": 45, "x_min": 42000.0, "y_min": -60000.0, "x_max": 43000.0, "y_max": -59000.0, "center_x": 42500.0, "center_y": -59500.0, "full_area_m2": 1000000, "inside_area_m2": 1000000.0, "coverage_frac": 1.0, "is_edge": 0, "center_lon": 103.94294208809555, "center_lat": 1.5043174442096225 }, "geometry": { "type": "Polygon", "coordinates": [ [ [ 103.938447924210422, 1.499796871111109 ], [ 103.938450026163082, 1.508840141892702 ], [ 103.94743627366438, 1.50883800139289 ], [ 103.947434134716445, 1.499794743446079 ], [ 103.938447924210422, 1.499796871111109 ] ] ] } },
{ "type": "Feature", "properties": { "grid_id": "JB1000_R0024_C0046", "grid_m": 1000, "row_id": 24, "col_id": 46, "x_min": 43000.0, "y_min": -60000.0, "x_max": 44000.0, "y_max": -59000.0, "center_x": 43500.0, "center_y": -59500.0, "full_area_m2": 1000000, "inside_area_m2": 1000000.0, "coverage_frac": 1.0, "is_edge": 0, "center_lon": 103.9519283170626, "center_lat": 1.5043152915091442 }, "geometry": { "type": "Polygon", "coordinates": [ [ [ 103.947434134716445, 1.499794743446079 ], [ 103.94743627366438, 1.50883800139289 ], [ 103.956422521147957, 1.508835823544978 ], [ 103.956420345204947, 1.499792578656895 ], [ 103.947434134716445, 1.499794743446079 ] ] ] } },
{ "type": "Feature", "properties": { "grid_id": "JB1000_R0024_C0047", "grid_m": 1000, "row_id": 24, "col_id": 47, "x_min": 44000.0, "y_min": -60000.0, "x_max": 45000.0, "y_max": -59000.0, "center_x": 44500.0, "center_y": -59500.0, "full_area_m2": 1000000, "inside_area_m2": 1000000.0, "coverage_frac": 1.0, "is_edge": 0, "center_lon": 103.96091454601189, "center_lat": 1.5043131015725659 }, "geometry": { "type": "Polygon", "coordinates": [ [ [ 103.956420345204947, 1.499792578656895 ], [ 103.956422521147957, 1.508835823544978 ], [ 103.9654087686135, 1.50883360834902 ], [ 103.965406555675642, 1.49979037674361 ], [ 103.956420345204947, 1.499792578656895 ] ] ] } },
{ "type": "Feature", "properties": { "grid_id": "JB1000_R0024_C0048", "grid_m": 1000, "row_id": 24, "col_id": 48, "x_min": 45000.0, "y_min": -60000.0, "x_max": 46000.0, "y_max": -59000.0, "center_x": 45500.0, "center_y": -59500.0, "full_area_m2": 1000000, "inside_area_m2": 1000000.0, "coverage_frac": 1.0, "is_edge": 0, "center_lon": 103.96990077494311, "center_lat": 1.5043108743999418 }, "geometry": { "type": "Polygon", "coordinates": [ [ [ 103.965406555675642, 1.49979037674361 ], [ 103.9654087686135, 1.50883360834902 ], [ 103.974395016060711, 1.508831355805072 ], [ 103.974392766128233, 1.499788137706279 ], [ 103.965406555675642, 1.49979037674361 ] ] ] } },
{ "type": "Feature", "properties": { "grid_id": "JB1000_R0024_C0049", "grid_m": 1000, "row_id": 24, "col_id": 49, "x_min": 46000.0, "y_min": -60000.0, "x_max": 47000.0, "y_max": -59000.0, "center_x": 46500.0, "center_y": -59500.0, "full_area_m2": 1000000, "inside_area_m2": 1000000.0, "coverage_frac": 1.0, "is_edge": 0, "center_lon": 103.97888700385596, "center_lat": 1.5043086099913263 }, "geometry": { "type": "Polygon", "coordinates": [ [ [ 103.974392766128233, 1.499788137706279 ], [ 103.974395016060711, 1.508831355805072 ], [ 103.983381263489292, 1.508829065913188 ], [ 103.983378976562406, 1.499785861544956 ], [ 103.974392766128233, 1.499788137706279 ] ] ] } },
{ "type": "Feature", "properties": { "grid_id": "JB1000_R0024_C0050", "grid_m": 1000, "row_id": 24, "col_id": 50, "x_min": 47000.0, "y_min": -60000.0, "x_max": 48000.0, "y_max": -59000.0, "center_x": 47500.0, "center_y": -59500.0, "full_area_m2": 1000000, "inside_area_m2": 1000000.0, "coverage_frac": 1.0, "is_edge": 0, "center_lon": 103.9878732327501, "center_lat": 1.5043063083467756 }, "geometry": { "type": "Polygon", "coordinates": [ [ [ 103.983378976562406, 1.499785861544956 ], [ 103.983381263489292, 1.508829065913188 ], [ 103.992367510898916, 1.508826738673424 ], [ 103.99236518697785, 1.499783548259698 ], [ 103.983378976562406, 1.499785861544956 ] ] ] } },
{ "type": "Feature", "properties": { "grid_id": "JB1000_R0024_C0051", "grid_m": 1000, "row_id": 24, "col_id": 51, "x_min": 48000.0, "y_min": -60000.0, "x_max": 49000.0, "y_max": -59000.0, "center_x": 48500.0, "center_y": -59500.0, "full_area_m2": 1000000, "inside_area_m2": 1000000.0, "coverage_frac": 1.0, "is_edge": 0, "center_lon": 103.99685946162529, "center_lat": 1.5043039694663463 }, "geometry": { "type": "Polygon", "coordinates": [ [ [ 103.99236518697785, 1.499783548259698 ], [ 103.992367510898916, 1.508826738673424 ], [ 104.001353758289298, 1.508824374085838 ], [ 104.001351397374265, 1.499781197850561 ], [ 103.99236518697785, 1.499783548259698 ] ] ] } },
{ "type": "Feature", "properties": { "grid_id": "JB1000_R0024_C0052", "grid_m": 1000, "row_id": 24, "col_id": 52, "x_min": 49000.0, "y_min": -60000.0, "x_max": 50000.0, "y_max": -59000.0, "center_x": 49500.0, "center_y": -59500.0, "full_area_m2": 1000000, "inside_area_m2": 1000000.0, "coverage_frac": 1.0, "is_edge": 0, "center_lon": 104.00584569048118, "center_lat": 1.5043015933500958 }, "geometry": { "type": "Polygon", "coordinates": [ [ [ 104.001351397374265, 1.499781197850561 ], [ 104.001353758289298, 1.508824374085838 ], [ 104.010340005660098, 1.508821972150489 ], [ 104.010337607751367, 1.499778810317604 ], [ 104.001351397374265, 1.499781197850561 ] ] ] } },
{ "type": "Feature", "properties": { "grid_id": "JB1000_R0024_C0053", "grid_m": 1000, "row_id": 24, "col_id": 53, "x_min": 50000.0, "y_min": -60000.0, "x_max": 51000.0, "y_max": -59000.0, "center_x": 50500.0, "center_y": -59500.0, "full_area_m2": 1000000, "inside_area_m2": 1000000.0, "coverage_frac": 1.0, "is_edge": 0, "center_lon": 104.01483191931747, "center_lat": 1.5042991799980829 }, "geometry": { "type": "Polygon", "coordinates": [ [ [ 104.010337607751367, 1.499778810317604 ], [ 104.010340005660098, 1.508821972150489 ], [ 104.019326253011059, 1.508819532867435 ], [ 104.019323818108845, 1.499776385660885 ], [ 104.010337607751367, 1.499778810317604 ] ] ] } },
{ "type": "Feature", "properties": { "grid_id": "JB1000_R0024_C0054", "grid_m": 1000, "row_id": 24, "col_id": 54, "x_min": 51000.0, "y_min": -60000.0, "x_max": 52000.0, "y_max": -59000.0, "center_x": 51500.0, "center_y": -59500.0, "full_area_m2": 1000000, "inside_area_m2": 339479.74385316414, "coverage_frac": 0.33947974385316415, "is_edge": 1, "center_lon": 104.02381814813387, "center_lat": 1.5042967294103669 }, "geometry": { "type": "Polygon", "coordinates": [ [ [ 104.019323818108845, 1.499776385660885 ], [ 104.019326253011059, 1.508819532867435 ], [ 104.021918203902104, 1.508818822352352 ], [ 104.022159245412396, 1.505635041285293 ], [ 104.022958273342851, 1.499775394469585 ], [ 104.019323818108845, 1.499776385660885 ] ] ] } },
{ "type": "Feature", "properties": { "grid_id": "JB1000_R0025_C0004", "grid_m": 1000, "row_id": 25, "col_id": 4, "x_min": 1000.0, "y_min": -59000.0, "x_max": 2000.0, "y_max": -58000.0, "center_x": 1500.0, "center_y": -58500.0, "full_area_m2": 1000000, "inside_area_m2": 397810.21694091405, "coverage_frac": 0.39781021694091406, "is_edge": 1, "center_lon": 103.57450729423442, "center_lat": 1.5134172461183235 }, "geometry": { "type": "Polygon", "coordinates": [ [ [ 103.579000740852322, 1.517938735721294 ], [ 103.579000115099035, 1.508895135941374 ], [ 103.575299380717979, 1.508895391343884 ], [ 103.57531692016849, 1.509436059358647 ], [ 103.57553092123382, 1.51725669638148 ], [ 103.575544905501758, 1.517938975848354 ], [ 103.579000740852322, 1.517938735721294 ] ] ] } },
{ "type": "Feature", "properties": { "grid_id": "JB1000_R0025_C0005", "grid_m": 1000, "row_id": 25, "col_id": 5, "x_min": 2000.0, "y_min": -59000.0, "x_max": 3000.0, "y_max": -58000.0, "center_x": 2500.0, "center_y": -58500.0, "full_area_m2": 1000000, "inside_area_m2": 1000000.0, "coverage_frac": 1.0, "is_edge": 0, "center_lon": 103.58349356077973, "center_lat": 1.5134166163682576 }, "geometry": { "type": "Polygon", "coordinates": [ [ [ 103.579000115099035, 1.508895135941374 ], [ 103.579000740852322, 1.517938735721294 ], [ 103.58798702603454, 1.517938085302082 ], [ 103.587986363057809, 1.508894489398966 ], [ 103.579000115099035, 1.508895135941374 ] ] ] } },
{ "type": "Feature", "properties": { "grid_id": "JB1000_R0025_C0006", "grid_m": 1000, "row_id": 25, "col_id": 6, "x_min": 3000.0, "y_min": -59000.0, "x_max": 4000.0, "y_max": -58000.0, "center_x": 3500.0, "center_y": -58500.0, "full_area_m2": 1000000, "inside_area_m2": 1000000.0, "coverage_frac": 1.0, "is_edge": 0, "center_lon": 103.59247982731968, "center_lat": 1.5134159491567152 }, "geometry": { "type": "Polygon", "coordinates": [ [ [ 103.587986363057809, 1.508894489398966 ], [ 103.58798702603454, 1.517938085302082 ], [ 103.596973311211229, 1.517937397309424 ], [ 103.596972611011125, 1.508893805507067 ], [ 103.587986363057809, 1.508894489398966 ] ] ] } },
{ "type": "Feature", "properties": { "grid_id": "JB1000_R0025_C0007", "grid_m": 1000, "row_id": 25, "col_id": 7, "x_min": 4000.0, "y_min": -59000.0, "x_max": 5000.0, "y_max": -58000.0, "center_x": 4500.0, "center_y": -58500.0, "full_area_m2": 1000000, "inside_area_m2": 1000000.0, "coverage_frac": 1.0, "is_edge": 0, "center_lon": 103.60146609385399, "center_lat": 1.5134152444837128 }, "geometry": { "type": "Polygon", "coordinates": [ [ [ 103.596972611011125, 1.508893805507067 ], [ 103.596973311211229, 1.517937397309424 ], [ 103.605959596382093, 1.517936671743337 ], [ 103.605958858958672, 1.508893084265693 ], [ 103.596972611011125, 1.508893805507067 ] ] ] } },
{ "type": "Feature", "properties": { "grid_id": "JB1000_R0025_C0008", "grid_m": 1000, "row_id": 25, "col_id": 8, "x_min": 5000.0, "y_min": -59000.0, "x_max": 6000.0, "y_max": -58000.0, "center_x": 5500.0, "center_y": -58500.0, "full_area_m2": 1000000, "inside_area_m2": 1000000.0, "coverage_frac": 1.0, "is_edge": 0, "center_lon": 103.61045236038234, "center_lat": 1.5134145023492678 }, "geometry": { "type": "Polygon", "coordinates": [ [ [ 103.605958858958672, 1.508893084265693 ], [ 103.605959596382093, 1.517936671743337 ], [ 103.614945881546802, 1.517935908603838 ], [ 103.614945106900166, 1.508892325674864 ], [ 103.605958858958672, 1.508893084265693 ] ] ] } },
{ "type": "Feature", "properties": { "grid_id": "JB1000_R0025_C0009", "grid_m": 1000, "row_id": 25, "col_id": 9, "x_min": 6000.0, "y_min": -59000.0, "x_max": 7000.0, "y_max": -58000.0, "center_x": 6500.0, "center_y": -58500.0, "full_area_m2": 1000000, "inside_area_m2": 1000000.0, "coverage_frac": 1.0, "is_edge": 0, "center_lon": 103.61943862690444, "center_lat": 1.5134137227533984 }, "geometry": { "type": "Polygon", "coordinates": [ [ [ 103.614945106900166, 1.508892325674864 ], [ 103.614945881546802, 1.517935908603838 ], [ 103.623932166705046, 1.517935107890947 ], [ 103.623931354835264, 1.508891529734597 ], [ 103.614945106900166, 1.508892325674864 ] ] ] } },
{ "type": "Feature", "properties": { "grid_id": "JB1000_R0025_C0010", "grid_m": 1000, "row_id": 25, "col_id": 10, "x_min": 7000.0, "y_min": -59000.0, "x_max": 8000.0, "y_max": -58000.0, "center_x": 7500.0, "center_y": -58500.0, "full_area_m2": 1000000, "inside_area_m2": 1000000.0, "coverage_frac": 1.0, "is_edge": 0, "center_lon": 103.62842489341996, "center_lat": 1.5134129056961239 }, "geometry": { "type": "Polygon", "coordinates": [ [ [ 103.623931354835264, 1.508891529734597 ], [ 103.623932166705046, 1.517935107890947 ], [ 103.63291845185654, 1.517934269604682 ], [ 103.632917602763669, 1.508890696444912 ], [ 103.623931354835264, 1.508891529734597 ] ] ] } },
{ "type": "Feature", "properties": { "grid_id": "JB1000_R0025_C0011", "grid_m": 1000, "row_id": 25, "col_id": 11, "x_min": 8000.0, "y_min": -59000.0, "x_max": 9000.0, "y_max": -58000.0, "center_x": 8500.0, "center_y": -58500.0, "full_area_m2": 1000000, "inside_area_m2": 1000000.0, "coverage_frac": 1.0, "is_edge": 0, "center_lon": 103.63741115992859, "center_lat": 1.5134120511774645 }, "geometry": { "type": "Polygon", "coordinates": [ [ [ 103.632917602763669, 1.508890696444912 ], [ 103.63291845185654, 1.517934269604682 ], [ 103.641904737000957, 1.517933393745067 ], [ 103.641903850685097, 1.50888982580583 ], [ 103.632917602763669, 1.508890696444912 ] ] ] } },
{ "type": "Feature", "properties": { "grid_id": "JB1000_R0025_C0012", "grid_m": 1000, "row_id": 25, "col_id": 12, "x_min": 9000.0, "y_min": -59000.0, "x_max": 10000.0, "y_max": -58000.0, "center_x": 9500.0, "center_y": -58500.0, "full_area_m2": 1000000, "inside_area_m2": 1000000.0, "coverage_frac": 1.0, "is_edge": 0, "center_lon": 103.64639742643004, "center_lat": 1.5134111591974411 }, "geometry": { "type": "Polygon", "coordinates": [ [ [ 103.641903850685097, 1.50888982580583 ], [ 103.641904737000957, 1.517933393745067 ], [ 103.650891022137984, 1.517932480312119 ], [ 103.650890098599234, 1.508888917817372 ], [ 103.641903850685097, 1.50888982580583 ] ] ] } },
{ "type": "Feature", "properties": { "grid_id": "JB1000_R0025_C0013", "grid_m": 1000, "row_id": 25, "col_id": 13, "x_min": 10000.0, "y_min": -59000.0, "x_max": 11000.0, "y_max": -58000.0, "center_x": 10500.0, "center_y": -58500.0, "full_area_m2": 1000000, "inside_area_m2": 1000000.0, "coverage_frac": 1.0, "is_edge": 0, "center_lon": 103.65538369292399, "center_lat": 1.5134102297560756 }, "geometry": { "type": "Polygon", "coordinates": [ [ [ 103.650890098599234, 1.508888917817372 ], [ 103.650891022137984, 1.517932480312119 ], [ 103.659877307267308, 1.517931529305864 ], [ 103.65987634650574, 1.50888797247956 ], [ 103.650890098599234, 1.508888917817372 ] ] ] } },
{ "type": "Feature", "properties": { "grid_id": "JB1000_R0025_C0014", "grid_m": 1000, "row_id": 25, "col_id": 14, "x_min": 11000.0, "y_min": -59000.0, "x_max": 12000.0, "y_max": -58000.0, "center_x": 11500.0, "center_y": -58500.0, "full_area_m2": 1000000, "inside_area_m2": 1000000.0, "coverage_frac": 1.0, "is_edge": 0, "center_lon": 103.66436995941014, "center_lat": 1.5134092628533913 }, "geometry": { "type": "Polygon", "coordinates": [ [ [ 103.65987634650574, 1.50888797247956 ], [ 103.659877307267308, 1.517931529305864 ], [ 103.668863592388632, 1.517930540726324 ], [ 103.668862594404359, 1.508886989792418 ], [ 103.65987634650574, 1.50888797247956 ] ] ] } },
{ "type": "Feature", "properties": { "grid_id": "JB1000_R0025_C0015", "grid_m": 1000, "row_id": 25, "col_id": 15, "x_min": 12000.0, "y_min": -59000.0, "x_max": 13000.0, "y_max": -58000.0, "center_x": 12500.0, "center_y": -58500.0, "full_area_m2": 1000000, "inside_area_m2": 1000000.0, "coverage_frac": 1.0, "is_edge": 0, "center_lon": 103.67335622588817, "center_lat": 1.5134082584894115 }, "geometry": { "type": "Polygon", "coordinates": [ [ [ 103.668862594404359, 1.508886989792418 ], [ 103.668863592388632, 1.517930540726324 ], [ 103.677849877501629, 1.517929514573525 ], [ 103.677848842294736, 1.508885969755969 ], [ 103.668862594404359, 1.508886989792418 ] ] ] } },
{ "type": "Feature", "properties": { "grid_id": "JB1000_R0025_C0016", "grid_m": 1000, "row_id": 25, "col_id": 16, "x_min": 13000.0, "y_min": -59000.0, "x_max": 14000.0, "y_max": -58000.0, "center_x": 13500.0, "center_y": -58500.0, "full_area_m2": 1000000, "inside_area_m2": 1000000.0, "coverage_frac": 1.0, "is_edge": 0, "center_lon": 103.68234249235778, "center_lat": 1.5134072166641612 }, "geometry": { "type": "Polygon", "coordinates": [ [ [ 103.677848842294736, 1.508885969755969 ], [ 103.677849877501629, 1.517929514573525 ], [ 103.686836162606014, 1.517928450847489 ], [ 103.686835090176601, 1.50888491237024 ], [ 103.677848842294736, 1.508885969755969 ] ] ] } },
{ "type": "Feature", "properties": { "grid_id": "JB1000_R0025_C0017", "grid_m": 1000, "row_id": 25, "col_id": 17, "x_min": 14000.0, "y_min": -59000.0, "x_max": 15000.0, "y_max": -58000.0, "center_x": 14500.0, "center_y": -58500.0, "full_area_m2": 1000000, "inside_area_m2": 1000000.0, "coverage_frac": 1.0, "is_edge": 0, "center_lon": 103.69132875881866, "center_lat": 1.5134061373776662 }, "geometry": { "type": "Polygon", "coordinates": [ [ [ 103.686835090176601, 1.50888491237024 ], [ 103.686836162606014, 1.517928450847489 ], [ 103.695822447701445, 1.517927349548245 ], [ 103.695821338049626, 1.508883817635256 ], [ 103.686835090176601, 1.50888491237024 ] ] ] } },
{ "type": "Feature", "properties": { "grid_id": "JB1000_R0025_C0018", "grid_m": 1000, "row_id": 25, "col_id": 18, "x_min": 15000.0, "y_min": -59000.0, "x_max": 16000.0, "y_max": -58000.0, "center_x": 15500.0, "center_y": -58500.0, "full_area_m2": 1000000, "inside_area_m2": 1000000.0, "coverage_frac": 1.0, "is_edge": 0, "center_lon": 103.7003150252705, "center_lat": 1.5134050206299527 }, "geometry": { "type": "Polygon", "coordinates": [ [ [ 103.695821338049626, 1.508883817635256 ], [ 103.695822447701445, 1.517927349548245 ], [ 103.70480873278764, 1.517926210675819 ], [ 103.704807585913528, 1.508882685551044 ], [ 103.695821338049626, 1.508883817635256 ] ] ] } },
{ "type": "Feature", "properties": { "grid_id": "JB1000_R0025_C0019", "grid_m": 1000, "row_id": 25, "col_id": 19, "x_min": 16000.0, "y_min": -59000.0, "x_max": 17000.0, "y_max": -58000.0, "center_x": 16500.0, "center_y": -58500.0, "full_area_m2": 1000000, "inside_area_m2": 1000000.0, "coverage_frac": 1.0, "is_edge": 0, "center_lon": 103.70930129171299, "center_lat": 1.5134038664210485 }, "geometry": { "type": "Polygon", "coordinates": [ [ [ 103.704807585913528, 1.508882685551044 ], [ 103.70480873278764, 1.517926210675819 ], [ 103.713795017864271, 1.51792503423024 ], [ 103.71379383376798, 1.508881516117631 ], [ 103.704807585913528, 1.508882685551044 ] ] ] } },
{ "type": "Feature", "properties": { "grid_id": "JB1000_R0025_C0020", "grid_m": 1000, "row_id": 25, "col_id": 20, "x_min": 17000.0, "y_min": -59000.0, "x_max": 18000.0, "y_max": -58000.0, "center_x": 17500.0, "center_y": -58500.0, "full_area_m2": 1000000, "inside_area_m2": 1000000.0, "coverage_frac": 1.0, "is_edge": 0, "center_lon": 103.71828755814583, "center_lat": 1.5134026747509819 }, "geometry": { "type": "Polygon", "coordinates": [ [ [ 103.71379383376798, 1.508881516117631 ], [ 103.713795017864271, 1.51792503423024 ], [ 103.722781302931025, 1.517923820211535 ], [ 103.722780081612669, 1.508880309335048 ], [ 103.71379383376798, 1.508881516117631 ] ] ] } },
{ "type": "Feature", "properties": { "grid_id": "JB1000_R0025_C0021", "grid_m": 1000, "row_id": 25, "col_id": 21, "x_min": 18000.0, "y_min": -59000.0, "x_max": 19000.0, "y_max": -58000.0, "center_x": 18500.0, "center_y": -58500.0, "full_area_m2": 1000000, "inside_area_m2": 1000000.0, "coverage_frac": 1.0, "is_edge": 0, "center_lon": 103.7272738245687, "center_lat": 1.5134014456197824 }, "geometry": { "type": "Polygon", "coordinates": [ [ [ 103.722780081612669, 1.508880309335048 ], [ 103.722781302931025, 1.517923820211535 ], [ 103.731767587987619, 1.517922568619736 ], [ 103.731766329447311, 1.508879065203323 ], [ 103.722780081612669, 1.508880309335048 ] ] ] } },
{ "type": "Feature", "properties": { "grid_id": "JB1000_R0025_C0022", "grid_m": 1000, "row_id": 25, "col_id": 22, "x_min": 19000.0, "y_min": -59000.0, "x_max": 20000.0, "y_max": -58000.0, "center_x": 19500.0, "center_y": -58500.0, "full_area_m2": 1000000, "inside_area_m2": 1000000.0, "coverage_frac": 1.0, "is_edge": 0, "center_lon": 103.73626009098132, "center_lat": 1.5134001790274803 }, "geometry": { "type": "Polygon", "coordinates": [ [ [ 103.731766329447311, 1.508879065203323 ], [ 103.731767587987619, 1.517922568619736 ], [ 103.740753873033711, 1.517921279454874 ], [ 103.740752577271579, 1.508877783722487 ], [ 103.731766329447311, 1.508879065203323 ] ] ] } },
{ "type": "Feature", "properties": { "grid_id": "JB1000_R0025_C0023", "grid_m": 1000, "row_id": 25, "col_id": 23, "x_min": 20000.0, "y_min": -59000.0, "x_max": 21000.0, "y_max": -58000.0, "center_x": 20500.0, "center_y": -58500.0, "full_area_m2": 1000000, "inside_area_m2": 1000000.0, "coverage_frac": 1.0, "is_edge": 0, "center_lon": 103.74524635738334, "center_lat": 1.5133988749741065 }, "geometry": { "type": "Polygon", "coordinates": [ [ [ 103.740752577271579, 1.508877783722487 ], [ 103.740753873033711, 1.517921279454874 ], [ 103.749740158069017, 1.517919952716978 ], [ 103.749738825085188, 1.508876464892571 ], [ 103.740752577271579, 1.508877783722487 ] ] ] } },
{ "type": "Feature", "properties": { "grid_id": "JB1000_R0025_C0024", "grid_m": 1000, "row_id": 25, "col_id": 24, "x_min": 21000.0, "y_min": -59000.0, "x_max": 22000.0, "y_max": -58000.0, "center_x": 21500.0, "center_y": -58500.0, "full_area_m2": 1000000, "inside_area_m2": 1000000.0, "coverage_frac": 1.0, "is_edge": 0, "center_lon": 103.75423262377447, "center_lat": 1.5133975334596934 }, "geometry": { "type": "Polygon", "coordinates": [ [ [ 103.749738825085188, 1.508876464892571 ], [ 103.749740158069017, 1.517919952716978 ], [ 103.758726443093195, 1.517918588406083 ], [ 103.758725072887827, 1.508875108713609 ], [ 103.749738825085188, 1.508876464892571 ] ] ] } },
{ "type": "Feature", "properties": { "grid_id": "JB1000_R0025_C0025", "grid_m": 1000, "row_id": 25, "col_id": 25, "x_min": 22000.0, "y_min": -59000.0, "x_max": 23000.0, "y_max": -58000.0, "center_x": 22500.0, "center_y": -58500.0, "full_area_m2": 1000000, "inside_area_m2": 1000000.0, "coverage_frac": 1.0, "is_edge": 0, "center_lon": 103.76321889015439, "center_lat": 1.5133961544842742 }, "geometry": { "type": "Polygon", "coordinates": [ [ [ 103.758725072887827, 1.508875108713609 ], [ 103.758726443093195, 1.517918588406083 ], [ 103.767712728105963, 1.517917186522223 ], [ 103.767711320679155, 1.508873715185634 ], [ 103.758725072887827, 1.508875108713609 ] ] ] } },
{ "type": "Feature", "properties": { "grid_id": "JB1000_R0025_C0026", "grid_m": 1000, "row_id": 25, "col_id": 26, "x_min": 23000.0, "y_min": -59000.0, "x_max": 24000.0, "y_max": -58000.0, "center_x": 23500.0, "center_y": -58500.0, "full_area_m2": 1000000, "inside_area_m2": 1000000.0, "coverage_frac": 1.0, "is_edge": 0, "center_lon": 103.77220515652283, "center_lat": 1.5133947380478823 }, "geometry": { "type": "Polygon", "coordinates": [ [ [ 103.767711320679155, 1.508873715185634 ], [ 103.767712728105963, 1.517917186522223 ], [ 103.776699013106992, 1.51791574706543 ], [ 103.776697568458914, 1.508872284308679 ], [ 103.767711320679155, 1.508873715185634 ] ] ] } },
{ "type": "Feature", "properties": { "grid_id": "JB1000_R0025_C0027", "grid_m": 1000, "row_id": 25, "col_id": 27, "x_min": 24000.0, "y_min": -59000.0, "x_max": 25000.0, "y_max": -58000.0, "center_x": 24500.0, "center_y": -58500.0, "full_area_m2": 1000000, "inside_area_m2": 1000000.0, "coverage_frac": 1.0, "is_edge": 0, "center_lon": 103.78119142287943, "center_lat": 1.5133932841505529 }, "geometry": { "type": "Polygon", "coordinates": [ [ [ 103.776697568458914, 1.508872284308679 ], [ 103.776699013106992, 1.51791574706543 ], [ 103.785685298095999, 1.517914270035742 ], [ 103.785683816226765, 1.50887081608278 ], [ 103.776697568458914, 1.508872284308679 ] ] ] } },
{ "type": "Feature", "properties": { "grid_id": "JB1000_R0025_C0028", "grid_m": 1000, "row_id": 25, "col_id": 28, "x_min": 25000.0, "y_min": -59000.0, "x_max": 26000.0, "y_max": -58000.0, "center_x": 25500.0, "center_y": -58500.0, "full_area_m2": 1000000, "inside_area_m2": 1000000.0, "coverage_frac": 1.0, "is_edge": 0, "center_lon": 103.79017768922392, "center_lat": 1.5133917927923219 }, "geometry": { "type": "Polygon", "coordinates": [ [ [ 103.785683816226765, 1.50887081608278 ], [ 103.785685298095999, 1.517914270035742 ], [ 103.794671583072642, 1.517912755433195 ], [ 103.794670063982423, 1.508869310507974 ], [ 103.785683816226765, 1.50887081608278 ] ] ] } },
{ "type": "Feature", "properties": { "grid_id": "JB1000_R0025_C0029", "grid_m": 1000, "row_id": 25, "col_id": 29, "x_min": 26000.0, "y_min": -59000.0, "x_max": 27000.0, "y_max": -58000.0, "center_x": 26500.0, "center_y": -58500.0, "full_area_m2": 1000000, "inside_area_m2": 1000000.0, "coverage_frac": 1.0, "is_edge": 0, "center_lon": 103.799163955556, "center_lat": 1.5133902639732262 }, "geometry": { "type": "Polygon", "coordinates": [ [ [ 103.794670063982423, 1.508869310507974 ], [ 103.794671583072642, 1.517912755433195 ], [ 103.803657868036623, 1.517911203257825 ], [ 103.803656311725561, 1.508867767584297 ], [ 103.794670063982423, 1.508869310507974 ] ] ] } },
{ "type": "Feature", "properties": { "grid_id": "JB1000_R0025_C0030", "grid_m": 1000, "row_id": 25, "col_id": 30, "x_min": 27000.0, "y_min": -59000.0, "x_max": 28000.0, "y_max": -58000.0, "center_x": 27500.0, "center_y": -58500.0, "full_area_m2": 1000000, "inside_area_m2": 1000000.0, "coverage_frac": 1.0, "is_edge": 0, "center_lon": 103.80815022187532, "center_lat": 1.5133886976933031 }, "geometry": { "type": "Polygon", "coordinates": [ [ [ 103.803656311725561, 1.508867767584297 ], [ 103.803657868036623, 1.517911203257825 ], [ 103.812644152987644, 1.517909613509671 ], [ 103.812642559455881, 1.508866187311787 ], [ 103.803656311725561, 1.508867767584297 ] ] ] } },
{ "type": "Feature", "properties": { "grid_id": "JB1000_R0025_C0031", "grid_m": 1000, "row_id": 25, "col_id": 31, "x_min": 28000.0, "y_min": -59000.0, "x_max": 29000.0, "y_max": -58000.0, "center_x": 28500.0, "center_y": -58500.0, "full_area_m2": 1000000, "inside_area_m2": 1000000.0, "coverage_frac": 1.0, "is_edge": 0, "center_lon": 103.81713648818159, "center_lat": 1.5133870939525913 }, "geometry": { "type": "Polygon", "coordinates": [ [ [ 103.812642559455881, 1.508866187311787 ], [ 103.812644152987644, 1.517909613509671 ], [ 103.821630437925378, 1.517907986188772 ], [ 103.821628807173099, 1.508864569690484 ], [ 103.812642559455881, 1.508866187311787 ] ] ] } },
{ "type": "Feature", "properties": { "grid_id": "JB1000_R0025_C0032", "grid_m": 1000, "row_id": 25, "col_id": 32, "x_min": 29000.0, "y_min": -59000.0, "x_max": 30000.0, "y_max": -58000.0, "center_x": 29500.0, "center_y": -58500.0, "full_area_m2": 1000000, "inside_area_m2": 1000000.0, "coverage_frac": 1.0, "is_edge": 0, "center_lon": 103.8261227544745, "center_lat": 1.5133854527511303 }, "geometry": { "type": "Polygon", "coordinates": [ [ [ 103.821628807173099, 1.508864569690484 ], [ 103.821630437925378, 1.517907986188772 ], [ 103.830616722849527, 1.517906321295169 ], [ 103.830615054876858, 1.508862914720427 ], [ 103.821628807173099, 1.508864569690484 ] ] ] } },
{ "type": "Feature", "properties": { "grid_id": "JB1000_R0025_C0033", "grid_m": 1000, "row_id": 25, "col_id": 33, "x_min": 30000.0, "y_min": -59000.0, "x_max": 31000.0, "y_max": -58000.0, "center_x": 30500.0, "center_y": -58500.0, "full_area_m2": 1000000, "inside_area_m2": 1000000.0, "coverage_frac": 1.0, "is_edge": 0, "center_lon": 103.83510902075376, "center_lat": 1.5133837740889606 }, "geometry": { "type": "Polygon", "coordinates": [ [ [ 103.830615054876858, 1.508862914720427 ], [ 103.830616722849527, 1.517906321295169 ], [ 103.839603007759763, 1.517904618828902 ], [ 103.839601302566905, 1.508861222401657 ], [ 103.830615054876858, 1.508862914720427 ] ] ] } },
{ "type": "Feature", "properties": { "grid_id": "JB1000_R0025_C0034", "grid_m": 1000, "row_id": 25, "col_id": 34, "x_min": 31000.0, "y_min": -59000.0, "x_max": 32000.0, "y_max": -58000.0, "center_x": 31500.0, "center_y": -58500.0, "full_area_m2": 1000000, "inside_area_m2": 1000000.0, "coverage_frac": 1.0, "is_edge": 0, "center_lon": 103.84409528701904, "center_lat": 1.5133820579661235 }, "geometry": { "type": "Polygon", "coordinates": [ [ [ 103.839601302566905, 1.508861222401657 ], [ 103.839603007759763, 1.517904618828902 ], [ 103.848589292655802, 1.517902878790013 ], [ 103.848587550242897, 1.508859492734215 ], [ 103.839601302566905, 1.508861222401657 ] ] ] } },
{ "type": "Feature", "properties": { "grid_id": "JB1000_R0025_C0035", "grid_m": 1000, "row_id": 25, "col_id": 35, "x_min": 32000.0, "y_min": -59000.0, "x_max": 33000.0, "y_max": -58000.0, "center_x": 32500.0, "center_y": -58500.0, "full_area_m2": 1000000, "inside_area_m2": 1000000.0, "coverage_frac": 1.0, "is_edge": 0, "center_lon": 103.85308155327004, "center_lat": 1.5133803043826612 }, "geometry": { "type": "Polygon", "coordinates": [ [ [ 103.848587550242897, 1.508859492734215 ], [ 103.848589292655802, 1.517902878790013 ], [ 103.857575577537318, 1.517901101178545 ], [ 103.85757379790455, 1.508857725718145 ], [ 103.848587550242897, 1.508859492734215 ] ] ] } },
{ "type": "Feature", "properties": { "grid_id": "JB1000_R0025_C0036", "grid_m": 1000, "row_id": 25, "col_id": 36, "x_min": 33000.0, "y_min": -59000.0, "x_max": 34000.0, "y_max": -58000.0, "center_x": 33500.0, "center_y": -58500.0, "full_area_m2": 1000000, "inside_area_m2": 1000000.0, "coverage_frac": 1.0, "is_edge": 0, "center_lon": 103.86206781950646, "center_lat": 1.5133785133386171 }, "geometry": { "type": "Polygon", "coordinates": [ [ [ 103.85757379790455, 1.508857725718145 ], [ 103.857575577537318, 1.517901101178545 ], [ 103.866561862403984, 1.517899285994541 ], [ 103.866560045551537, 1.508855921353489 ], [ 103.85757379790455, 1.508857725718145 ] ] ] } },
{ "type": "Feature", "properties": { "grid_id": "JB1000_R0025_C0037", "grid_m": 1000, "row_id": 25, "col_id": 37, "x_min": 34000.0, "y_min": -59000.0, "x_max": 35000.0, "y_max": -58000.0, "center_x": 34500.0, "center_y": -58500.0, "full_area_m2": 1000000, "inside_area_m2": 1000000.0, "coverage_frac": 1.0, "is_edge": 0, "center_lon": 103.87105408572796, "center_lat": 1.5133766848340351 }, "geometry": { "type": "Polygon", "coordinates": [ [ [ 103.866560045551537, 1.508855921353489 ], [ 103.866561862403984, 1.517899285994541 ], [ 103.875548147255515, 1.517897433238048 ], [ 103.875546293183561, 1.508854079640293 ], [ 103.866560045551537, 1.508855921353489 ] ] ] } },
{ "type": "Feature", "properties": { "grid_id": "JB1000_R0025_C0038", "grid_m": 1000, "row_id": 25, "col_id": 38, "x_min": 35000.0, "y_min": -59000.0, "x_max": 36000.0, "y_max": -58000.0, "center_x": 35500.0, "center_y": -58500.0, "full_area_m2": 1000000, "inside_area_m2": 1000000.0, "coverage_frac": 1.0, "is_edge": 0, "center_lon": 103.88004035193427, "center_lat": 1.5133748188689602 }, "geometry": { "type": "Polygon", "coordinates": [ [ [ 103.875546293183561, 1.508854079640293 ], [ 103.875548147255515, 1.517897433238048 ], [ 103.884534432091598, 1.51789554290911 ], [ 103.884532540800322, 1.508852200578601 ], [ 103.875546293183561, 1.508854079640293 ] ] ] } },
{ "type": "Feature", "properties": { "grid_id": "JB1000_R0025_C0039", "grid_m": 1000, "row_id": 25, "col_id": 39, "x_min": 36000.0, "y_min": -59000.0, "x_max": 37000.0, "y_max": -58000.0, "center_x": 36500.0, "center_y": -58500.0, "full_area_m2": 1000000, "inside_area_m2": 1000000.0, "coverage_frac": 1.0, "is_edge": 0, "center_lon": 103.88902661812507, "center_lat": 1.5133729154434388 }, "geometry": { "type": "Polygon", "coordinates": [ [ [ 103.884532540800322, 1.508852200578601 ], [ 103.884534432091598, 1.51789554290911 ], [ 103.893520716911922, 1.517893615007773 ], [ 103.893518788401508, 1.50885028416846 ], [ 103.884532540800322, 1.508852200578601 ] ] ] } },
{ "type": "Feature", "properties": { "grid_id": "JB1000_R0025_C0040", "grid_m": 1000, "row_id": 25, "col_id": 40, "x_min": 37000.0, "y_min": -59000.0, "x_max": 38000.0, "y_max": -58000.0, "center_x": 37500.0, "center_y": -58500.0, "full_area_m2": 1000000, "inside_area_m2": 1000000.0, "coverage_frac": 1.0, "is_edge": 0, "center_lon": 103.89801288430004, "center_lat": 1.5133709745575172 }, "geometry": { "type": "Polygon", "coordinates": [ [ [ 103.893518788401508, 1.50885028416846 ], [ 103.893520716911922, 1.517893615007773 ], [ 103.90250700171616, 1.517891649534086 ], [ 103.902505035986806, 1.508848330409917 ], [ 103.893518788401508, 1.50885028416846 ] ] ] } },
{ "type": "Feature", "properties": { "grid_id": "JB1000_R0025_C0041", "grid_m": 1000, "row_id": 25, "col_id": 41, "x_min": 38000.0, "y_min": -59000.0, "x_max": 39000.0, "y_max": -58000.0, "center_x": 38500.0, "center_y": -58500.0, "full_area_m2": 1000000, "inside_area_m2": 1000000.0, "coverage_frac": 1.0, "is_edge": 0, "center_lon": 103.90699915045887, "center_lat": 1.5133689962112438 }, "geometry": { "type": "Polygon", "coordinates": [ [ [ 103.902505035986806, 1.508848330409917 ], [ 103.90250700171616, 1.517891649534086 ], [ 103.91149328650404, 1.517889646488096 ], [ 103.911491283555918, 1.50884633930302 ], [ 103.902505035986806, 1.508848330409917 ] ] ] } },
{ "type": "Feature", "properties": { "grid_id": "JB1000_R0025_C0042", "grid_m": 1000, "row_id": 25, "col_id": 42, "x_min": 39000.0, "y_min": -59000.0, "x_max": 40000.0, "y_max": -58000.0, "center_x": 39500.0, "center_y": -58500.0, "full_area_m2": 1000000, "inside_area_m2": 1000000.0, "coverage_frac": 1.0, "is_edge": 0, "center_lon": 103.91598541660126, "center_lat": 1.5133669804046668 }, "geometry": { "type": "Polygon", "coordinates": [ [ [ 103.911491283555918, 1.50884633930302 ], [ 103.91149328650404, 1.517889646488096 ], [ 103.920479571275209, 1.517887605869853 ], [ 103.920477531108546, 1.508844310847819 ], [ 103.911491283555918, 1.50884633930302 ] ] ] } },
{ "type": "Feature", "properties": { "grid_id": "JB1000_R0025_C0043", "grid_m": 1000, "row_id": 25, "col_id": 43, "x_min": 40000.0, "y_min": -59000.0, "x_max": 41000.0, "y_max": -58000.0, "center_x": 40500.0, "center_y": -58500.0, "full_area_m2": 1000000, "inside_area_m2": 1000000.0, "coverage_frac": 1.0, "is_edge": 0, "center_lon": 103.92497168272692, "center_lat": 1.5133649271378362 }, "geometry": { "type": "Polygon", "coordinates": [ [ [ 103.920477531108546, 1.508844310847819 ], [ 103.920479571275209, 1.517887605869853 ], [ 103.929465856029381, 1.517885527679408 ], [ 103.929463778644362, 1.508842245044362 ], [ 103.920477531108546, 1.508844310847819 ] ] ] } },
{ "type": "Feature", "properties": { "grid_id": "JB1000_R0025_C0044", "grid_m": 1000, "row_id": 25, "col_id": 44, "x_min": 41000.0, "y_min": -59000.0, "x_max": 42000.0, "y_max": -58000.0, "center_x": 41500.0, "center_y": -58500.0, "full_area_m2": 1000000, "inside_area_m2": 1000000.0, "coverage_frac": 1.0, "is_edge": 0, "center_lon": 103.93395794883553, "center_lat": 1.5133628364108025 }, "geometry": { "type": "Polygon", "coordinates": [ [ [ 103.929463778644362, 1.508842245044362 ], [ 103.929465856029381, 1.517885527679408 ], [ 103.938452140766231, 1.517883411916811 ], [ 103.938450026163082, 1.508840141892702 ], [ 103.929463778644362, 1.508842245044362 ] ] ] } },
{ "type": "Feature", "properties": { "grid_id": "JB1000_R0025_C0045", "grid_m": 1000, "row_id": 25, "col_id": 45, "x_min": 42000.0, "y_min": -59000.0, "x_max": 43000.0, "y_max": -58000.0, "center_x": 42500.0, "center_y": -58500.0, "full_area_m2": 1000000, "inside_area_m2": 1000000.0, "coverage_frac": 1.0, "is_edge": 0, "center_lon": 103.94294421492674, "center_lat": 1.5133607082236171 }, "geometry": { "type": "Polygon", "coordinates": [ [ [ 103.938450026163082, 1.508840141892702 ], [ 103.938452140766231, 1.517883411916811 ], [ 103.947438425485458, 1.517881258582115 ], [ 103.94743627366438, 1.50883800139289 ], [ 103.938450026163082, 1.508840141892702 ] ] ] } },
{ "type": "Feature", "properties": { "grid_id": "JB1000_R0025_C0046", "grid_m": 1000, "row_id": 25, "col_id": 46, "x_min": 43000.0, "y_min": -59000.0, "x_max": 44000.0, "y_max": -58000.0, "center_x": 43500.0, "center_y": -58500.0, "full_area_m2": 1000000, "inside_area_m2": 1000000.0, "coverage_frac": 1.0, "is_edge": 0, "center_lon": 103.9519304810003, "center_lat": 1.5133585425763325 }, "geometry": { "type": "Polygon", "coordinates": [ [ [ 103.94743627366438, 1.50883800139289 ], [ 103.947438425485458, 1.517881258582115 ], [ 103.956424710186752, 1.517879067675372 ], [ 103.956422521147957, 1.508835823544978 ], [ 103.94743627366438, 1.50883800139289 ] ] ] } },
{ "type": "Feature", "properties": { "grid_id": "JB1000_R0025_C0047", "grid_m": 1000, "row_id": 25, "col_id": 47, "x_min": 44000.0, "y_min": -59000.0, "x_max": 45000.0, "y_max": -58000.0, "center_x": 44500.0, "center_y": -58500.0, "full_area_m2": 1000000, "inside_area_m2": 1000000.0, "coverage_frac": 1.0, "is_edge": 0, "center_lon": 103.96091674705588, "center_lat": 1.5133563394690022 }, "geometry": { "type": "Polygon", "coordinates": [ [ [ 103.956422521147957, 1.508835823544978 ], [ 103.956424710186752, 1.517879067675372 ], [ 103.965410994869814, 1.517876839196637 ], [ 103.9654087686135, 1.50883360834902 ], [ 103.956422521147957, 1.508835823544978 ] ] ] } },
{ "type": "Feature", "properties": { "grid_id": "JB1000_R0025_C0048", "grid_m": 1000, "row_id": 25, "col_id": 48, "x_min": 45000.0, "y_min": -59000.0, "x_max": 46000.0, "y_max": -58000.0, "center_x": 45500.0, "center_y": -58500.0, "full_area_m2": 1000000, "inside_area_m2": 1000000.0, "coverage_frac": 1.0, "is_edge": 0, "center_lon": 103.96990301309317, "center_lat": 1.5133540989016798 }, "geometry": { "type": "Polygon", "coordinates": [ [ [ 103.9654087686135, 1.50883360834902 ], [ 103.965410994869814, 1.517876839196637 ], [ 103.974397279534315, 1.517874573145965 ], [ 103.974395016060711, 1.508831355805072 ], [ 103.9654087686135, 1.50883360834902 ] ] ] } },
{ "type": "Feature", "properties": { "grid_id": "JB1000_R0025_C0049", "grid_m": 1000, "row_id": 25, "col_id": 49, "x_min": 46000.0, "y_min": -59000.0, "x_max": 47000.0, "y_max": -58000.0, "center_x": 46500.0, "center_y": -58500.0, "full_area_m2": 1000000, "inside_area_m2": 1000000.0, "coverage_frac": 1.0, "is_edge": 0, "center_lon": 103.97888927911185, "center_lat": 1.5133518208744217 }, "geometry": { "type": "Polygon", "coordinates": [ [ [ 103.974395016060711, 1.508831355805072 ], [ 103.974397279534315, 1.517874573145965 ], [ 103.983383564179945, 1.51787226952341 ], [ 103.983381263489292, 1.508829065913188 ], [ 103.974395016060711, 1.508831355805072 ] ] ] } },
{ "type": "Feature", "properties": { "grid_id": "JB1000_R0025_C0050", "grid_m": 1000, "row_id": 25, "col_id": 50, "x_min": 47000.0, "y_min": -59000.0, "x_max": 48000.0, "y_max": -58000.0, "center_x": 47500.0, "center_y": -58500.0, "full_area_m2": 1000000, "inside_area_m2": 1000000.0, "coverage_frac": 1.0, "is_edge": 0, "center_lon": 103.98787554511165, "center_lat": 1.5133495053872827 }, "geometry": { "type": "Polygon", "coordinates": [ [ [ 103.983381263489292, 1.508829065913188 ], [ 103.983383564179945, 1.51787226952341 ], [ 103.992369848806405, 1.517869928329031 ], [ 103.992367510898916, 1.508826738673424 ], [ 103.983381263489292, 1.508829065913188 ] ] ] } },
{ "type": "Feature", "properties": { "grid_id": "JB1000_R0025_C0051", "grid_m": 1000, "row_id": 25, "col_id": 51, "x_min": 48000.0, "y_min": -59000.0, "x_max": 49000.0, "y_max": -58000.0, "center_x": 48500.0, "center_y": -58500.0, "full_area_m2": 1000000, "inside_area_m2": 1000000.0, "coverage_frac": 1.0, "is_edge": 0, "center_lon": 103.9968618110922, "center_lat": 1.5133471524403208 }, "geometry": { "type": "Polygon", "coordinates": [ [ [ 103.992367510898916, 1.508826738673424 ], [ 103.992369848806405, 1.517869928329031 ], [ 104.001356133413381, 1.517867549562885 ], [ 104.001353758289298, 1.508824374085838 ], [ 103.992367510898916, 1.508826738673424 ] ] ] } },
{ "type": "Feature", "properties": { "grid_id": "JB1000_R0025_C0052", "grid_m": 1000, "row_id": 25, "col_id": 52, "x_min": 49000.0, "y_min": -59000.0, "x_max": 50000.0, "y_max": -58000.0, "center_x": 49500.0, "center_y": -58500.0, "full_area_m2": 1000000, "inside_area_m2": 1000000.0, "coverage_frac": 1.0, "is_edge": 0, "center_lon": 104.00584807705324, "center_lat": 1.5133447620335936 }, "geometry": { "type": "Polygon", "coordinates": [ [ [ 104.001353758289298, 1.508824374085838 ], [ 104.001356133413381, 1.517867549562885 ], [ 104.010342418000562, 1.51786513322503 ], [ 104.010340005660098, 1.508821972150489 ], [ 104.001353758289298, 1.508824374085838 ] ] ] } },
{ "type": "Feature", "properties": { "grid_id": "JB1000_R0025_C0053", "grid_m": 1000, "row_id": 25, "col_id": 53, "x_min": 50000.0, "y_min": -59000.0, "x_max": 51000.0, "y_max": -58000.0, "center_x": 50500.0, "center_y": -58500.0, "full_area_m2": 1000000, "inside_area_m2": 1000000.0, "coverage_frac": 1.0, "is_edge": 0, "center_lon": 104.01483434299446, "center_lat": 1.5133423341671599 }, "geometry": { "type": "Polygon", "coordinates": [ [ [ 104.010340005660098, 1.508821972150489 ], [ 104.010342418000562, 1.51786513322503 ], [ 104.019328702567648, 1.517862679315526 ], [ 104.019326253011059, 1.508819532867435 ], [ 104.010340005660098, 1.508821972150489 ] ] ] } },
{ "type": "Feature", "properties": { "grid_id": "JB1000_R0025_C0054", "grid_m": 1000, "row_id": 25, "col_id": 54, "x_min": 51000.0, "y_min": -59000.0, "x_max": 52000.0, "y_max": -58000.0, "center_x": 51500.0, "center_y": -58500.0, "full_area_m2": 1000000, "inside_area_m2": 250203.83544842116, "coverage_frac": 0.25020383544842117, "is_edge": 1, "center_lon": 104.02382060891554, "center_lat": 1.5133398688410795 }, "geometry": { "type": "Polygon", "coordinates": [ [ [ 104.019326253011059, 1.508819532867435 ], [ 104.019328702567648, 1.517862679315526 ], [ 104.021233546666025, 1.517862154328335 ], [ 104.021918203902104, 1.508818822352352 ], [ 104.019326253011059, 1.508819532867435 ] ] ] } },
{ "type": "Feature", "properties": { "grid_id": "JB1000_R0026_C0001", "grid_m": 1000, "row_id": 26, "col_id": 1, "x_min": -2000.0, "y_min": -58000.0, "x_max": -1000.0, "y_max": -57000.0, "center_x": -1500.0, "center_y": -57500.0, "full_area_m2": 1000000, "inside_area_m2": 343888.11527260905, "coverage_frac": 0.34388811527260904, "is_edge": 1, "center_lon": 103.54754899152249, "center_lat": 1.5224625218055072 }, "geometry": { "type": "Polygon", "coordinates": [ [ [ 103.552042402433784, 1.526984070845376 ], [ 103.552042235914357, 1.52407798950759 ], [ 103.550248966392473, 1.523869045253448 ], [ 103.54845597411439, 1.523649901335951 ], [ 103.548324651381606, 1.523635600367711 ], [ 103.547172573041749, 1.523509781984951 ], [ 103.546396623855102, 1.523425034880175 ], [ 103.546274852727123, 1.523408045450862 ], [ 103.545792072681095, 1.523341148254497 ], [ 103.5445789711858, 1.523196642717487 ], [ 103.543926027286233, 1.523140901748165 ], [ 103.543764174191736, 1.523106777418062 ], [ 103.543536356881859, 1.52305896105711 ], [ 103.543639298362805, 1.524325608426804 ], [ 103.543798360260212, 1.525172589671557 ], [ 103.544159526740842, 1.526984514209976 ], [ 103.552042402433784, 1.526984070845376 ] ] ] } },
{ "type": "Feature", "properties": { "grid_id": "JB1000_R0026_C0002", "grid_m": 1000, "row_id": 26, "col_id": 2, "x_min": -1000.0, "y_min": -58000.0, "x_max": 0.0, "y_max": -57000.0, "center_x": -500.0, "center_y": -57500.0, "full_area_m2": 1000000, "inside_area_m2": 261462.39014205773, "coverage_frac": 0.26146239014205774, "is_edge": 1, "center_lon": 103.55653529541694, "center_lat": 1.5224620013469885 }, "geometry": { "type": "Polygon", "coordinates": [ [ [ 103.552042402433784, 1.526984070845376 ], [ 103.561028725077023, 1.526983529941633 ], [ 103.561028612943872, 1.525159371276952 ], [ 103.558551135670896, 1.524865440401819 ], [ 103.556305263385596, 1.524603271627396 ], [ 103.556215558084816, 1.524591973101452 ], [ 103.554027034718061, 1.52430233467217 ], [ 103.552225389670468, 1.524096266576717 ], [ 103.55204227587835, 1.52407799416401 ], [ 103.552042235914357, 1.52407798950759 ], [ 103.552042402433784, 1.526984070845376 ] ] ] } },
{ "type": "Feature", "properties": { "grid_id": "JB1000_R0026_C0003", "grid_m": 1000, "row_id": 26, "col_id": 3, "x_min": 0.0, "y_min": -58000.0, "x_max": 1000.0, "y_max": -57000.0, "center_x": 500.0, "center_y": -57500.0, "full_area_m2": 1000000, "inside_area_m2": 143274.75077057391, "coverage_frac": 0.14327475077057392, "is_edge": 1, "center_lon": 103.56552159930692, "center_lat": 1.522461443202993 }, "geometry": { "type": "Polygon", "coordinates": [ [ [ 103.561028725077023, 1.526983529941633 ], [ 103.5700150477156, 1.52698295124044 ], [ 103.570014996625417, 1.526204661361549 ], [ 103.569413003156114, 1.526137680218901 ], [ 103.567611401589801, 1.525922299584125 ], [ 103.565812533248945, 1.525733552121793 ], [ 103.563743613599044, 1.525482161688379 ], [ 103.561429909689977, 1.525206981321018 ], [ 103.561028612943872, 1.525159371276952 ], [ 103.561028725077023, 1.526983529941633 ] ] ] } },
{ "type": "Feature", "properties": { "grid_id": "JB1000_R0026_C0004", "grid_m": 1000, "row_id": 26, "col_id": 4, "x_min": 1000.0, "y_min": -58000.0, "x_max": 2000.0, "y_max": -57000.0, "center_x": 1500.0, "center_y": -57500.0, "full_area_m2": 1000000, "inside_area_m2": 399130.2016721199, "coverage_frac": 0.39913020167211988, "is_edge": 1, "center_lon": 103.5745079031921, "center_lat": 1.5224608473735348 }, "geometry": { "type": "Polygon", "coordinates": [ [ [ 103.5700150477156, 1.52698295124044 ], [ 103.579001370349232, 1.526982334741814 ], [ 103.579000740852322, 1.517938735721294 ], [ 103.575544905501758, 1.517938975848354 ], [ 103.575656428609946, 1.52338003308401 ], [ 103.575660121530575, 1.52352243510751 ], [ 103.575884886673634, 1.524921262176411 ], [ 103.575925283623761, 1.526872375967761 ], [ 103.575752337044904, 1.526864977693763 ], [ 103.574148608520474, 1.526705764560071 ], [ 103.572726780350223, 1.526512994791684 ], [ 103.571287720678797, 1.52634627113711 ], [ 103.570014996625417, 1.526204661361549 ], [ 103.5700150477156, 1.52698295124044 ] ] ] } },
{ "type": "Feature", "properties": { "grid_id": "JB1000_R0026_C0005", "grid_m": 1000, "row_id": 26, "col_id": 5, "x_min": 2000.0, "y_min": -58000.0, "x_max": 3000.0, "y_max": -57000.0, "center_x": 2500.0, "center_y": -57500.0, "full_area_m2": 1000000, "inside_area_m2": 1000000.0, "coverage_frac": 1.0, "is_edge": 0, "center_lon": 103.58349420707222, "center_lat": 1.5224602138586281 }, "geometry": { "type": "Polygon", "coordinates": [ [ [ 103.579000740852322, 1.517938735721294 ], [ 103.579001370349232, 1.526982334741814 ], [ 103.587987692977592, 1.526981680445768 ], [ 103.58798702603454, 1.517938085302082 ], [ 103.579000740852322, 1.517938735721294 ] ] ] } },
{ "type": "Feature", "properties": { "grid_id": "JB1000_R0026_C0006", "grid_m": 1000, "row_id": 26, "col_id": 6, "x_min": 3000.0, "y_min": -58000.0, "x_max": 4000.0, "y_max": -57000.0, "center_x": 3500.0, "center_y": -57500.0, "full_area_m2": 1000000, "inside_area_m2": 1000000.0, "coverage_frac": 1.0, "is_edge": 0, "center_lon": 103.59248051094693, "center_lat": 1.5224595426582885 }, "geometry": { "type": "Polygon", "coordinates": [ [ [ 103.58798702603454, 1.517938085302082 ], [ 103.587987692977592, 1.526981680445768 ], [ 103.596974015600338, 1.526980988352318 ], [ 103.596973311211229, 1.517937397309424 ], [ 103.58798702603454, 1.517938085302082 ] ] ] } },
{ "type": "Feature", "properties": { "grid_id": "JB1000_R0026_C0007", "grid_m": 1000, "row_id": 26, "col_id": 7, "x_min": 4000.0, "y_min": -58000.0, "x_max": 5000.0, "y_max": -57000.0, "center_x": 4500.0, "center_y": -57500.0, "full_area_m2": 1000000, "inside_area_m2": 1000000.0, "coverage_frac": 1.0, "is_edge": 0, "center_lon": 103.60146681481592, "center_lat": 1.5224588337725329 }, "geometry": { "type": "Polygon", "coordinates": [ [ [ 103.596973311211229, 1.517937397309424 ], [ 103.596974015600338, 1.526980988352318 ], [ 103.605960338217187, 1.526980258461482 ], [ 103.605959596382093, 1.517936671743337 ], [ 103.596973311211229, 1.517937397309424 ] ] ] } },
{ "type": "Feature", "properties": { "grid_id": "JB1000_R0026_C0008", "grid_m": 1000, "row_id": 26, "col_id": 8, "x_min": 5000.0, "y_min": -58000.0, "x_max": 6000.0, "y_max": -57000.0, "center_x": 5500.0, "center_y": -57500.0, "full_area_m2": 1000000, "inside_area_m2": 1000000.0, "coverage_frac": 1.0, "is_edge": 0, "center_lon": 103.61045311867889, "center_lat": 1.5224580872013787 }, "geometry": { "type": "Polygon", "coordinates": [ [ [ 103.605959596382093, 1.517936671743337 ], [ 103.605960338217187, 1.526980258461482 ], [ 103.614946660827826, 1.526979490773278 ], [ 103.614945881546802, 1.517935908603838 ], [ 103.605959596382093, 1.517936671743337 ] ] ] } },
{ "type": "Feature", "properties": { "grid_id": "JB1000_R0026_C0009", "grid_m": 1000, "row_id": 26, "col_id": 9, "x_min": 6000.0, "y_min": -58000.0, "x_max": 7000.0, "y_max": -57000.0, "center_x": 6500.0, "center_y": -57500.0, "full_area_m2": 1000000, "inside_area_m2": 1000000.0, "coverage_frac": 1.0, "is_edge": 0, "center_lon": 103.61943942253551, "center_lat": 1.522457302944844 }, "geometry": { "type": "Polygon", "coordinates": [ [ [ 103.614945881546802, 1.517935908603838 ], [ 103.614946660827826, 1.526979490773278 ], [ 103.623932983431928, 1.526978685287725 ], [ 103.623932166705046, 1.517935107890947 ], [ 103.614945881546802, 1.517935908603838 ] ] ] } },
{ "type": "Feature", "properties": { "grid_id": "JB1000_R0026_C0010", "grid_m": 1000, "row_id": 26, "col_id": 10, "x_min": 7000.0, "y_min": -58000.0, "x_max": 8000.0, "y_max": -57000.0, "center_x": 7500.0, "center_y": -57500.0, "full_area_m2": 1000000, "inside_area_m2": 1000000.0, "coverage_frac": 1.0, "is_edge": 0, "center_lon": 103.62842572638549, "center_lat": 1.5224564810029484 }, "geometry": { "type": "Polygon", "coordinates": [ [ [ 103.623932166705046, 1.517935107890947 ], [ 103.623932983431928, 1.526978685287725 ], [ 103.63291930602918, 1.526977842004842 ], [ 103.63291845185654, 1.517934269604682 ], [ 103.623932166705046, 1.517935107890947 ] ] ] } },
{ "type": "Feature", "properties": { "grid_id": "JB1000_R0026_C0011", "grid_m": 1000, "row_id": 26, "col_id": 11, "x_min": 8000.0, "y_min": -58000.0, "x_max": 9000.0, "y_max": -57000.0, "center_x": 8500.0, "center_y": -57500.0, "full_area_m2": 1000000, "inside_area_m2": 1000000.0, "coverage_frac": 1.0, "is_edge": 0, "center_lon": 103.6374120302285, "center_lat": 1.5224556213757121 }, "geometry": { "type": "Polygon", "coordinates": [ [ [ 103.63291845185654, 1.517934269604682 ], [ 103.63291930602918, 1.526977842004842 ], [ 103.641905628619256, 1.52697696092465 ], [ 103.641904737000957, 1.517933393745067 ], [ 103.63291845185654, 1.517934269604682 ] ] ] } },
{ "type": "Feature", "properties": { "grid_id": "JB1000_R0026_C0012", "grid_m": 1000, "row_id": 26, "col_id": 12, "x_min": 9000.0, "y_min": -58000.0, "x_max": 10000.0, "y_max": -57000.0, "center_x": 9500.0, "center_y": -57500.0, "full_area_m2": 1000000, "inside_area_m2": 1000000.0, "coverage_frac": 1.0, "is_edge": 0, "center_lon": 103.64639833406424, "center_lat": 1.5224547240631559 }, "geometry": { "type": "Polygon", "coordinates": [ [ [ 103.641904737000957, 1.517933393745067 ], [ 103.641905628619256, 1.52697696092465 ], [ 103.650891951201871, 1.526976042047171 ], [ 103.650891022137984, 1.517932480312119 ], [ 103.641904737000957, 1.517933393745067 ] ] ] } },
{ "type": "Feature", "properties": { "grid_id": "JB1000_R0026_C0013", "grid_m": 1000, "row_id": 26, "col_id": 13, "x_min": 10000.0, "y_min": -58000.0, "x_max": 11000.0, "y_max": -57000.0, "center_x": 10500.0, "center_y": -57500.0, "full_area_m2": 1000000, "inside_area_m2": 1000000.0, "coverage_frac": 1.0, "is_edge": 0, "center_lon": 103.65538463789238, "center_lat": 1.5224537890653025 }, "geometry": { "type": "Polygon", "coordinates": [ [ [ 103.650891022137984, 1.517932480312119 ], [ 103.650891951201871, 1.526976042047171 ], [ 103.659878273776698, 1.526975085372428 ], [ 103.659877307267308, 1.517931529305864 ], [ 103.650891022137984, 1.517932480312119 ] ] ] } },
{ "type": "Feature", "properties": { "grid_id": "JB1000_R0026_C0014", "grid_m": 1000, "row_id": 26, "col_id": 14, "x_min": 11000.0, "y_min": -58000.0, "x_max": 12000.0, "y_max": -57000.0, "center_x": 11500.0, "center_y": -57500.0, "full_area_m2": 1000000, "inside_area_m2": 1000000.0, "coverage_frac": 1.0, "is_edge": 0, "center_lon": 103.66437094171265, "center_lat": 1.5224528163821747 }, "geometry": { "type": "Polygon", "coordinates": [ [ [ 103.659877307267308, 1.517931529305864 ], [ 103.659878273776698, 1.526975085372428 ], [ 103.668864596343425, 1.526974090900443 ], [ 103.668863592388632, 1.517930540726324 ], [ 103.659877307267308, 1.517931529305864 ] ] ] } },
{ "type": "Feature", "properties": { "grid_id": "JB1000_R0026_C0015", "grid_m": 1000, "row_id": 26, "col_id": 15, "x_min": 12000.0, "y_min": -58000.0, "x_max": 13000.0, "y_max": -57000.0, "center_x": 12500.0, "center_y": -57500.0, "full_area_m2": 1000000, "inside_area_m2": 1000000.0, "coverage_frac": 1.0, "is_edge": 0, "center_lon": 103.67335724552468, "center_lat": 1.5224518060137964 }, "geometry": { "type": "Polygon", "coordinates": [ [ [ 103.668863592388632, 1.517930540726324 ], [ 103.668864596343425, 1.526974090900443 ], [ 103.67785091890174, 1.526973058631243 ], [ 103.677849877501629, 1.517929514573525 ], [ 103.668863592388632, 1.517930540726324 ] ] ] } },
{ "type": "Feature", "properties": { "grid_id": "JB1000_R0026_C0016", "grid_m": 1000, "row_id": 26, "col_id": 16, "x_min": 13000.0, "y_min": -58000.0, "x_max": 14000.0, "y_max": -57000.0, "center_x": 13500.0, "center_y": -57500.0, "full_area_m2": 1000000, "inside_area_m2": 1000000.0, "coverage_frac": 1.0, "is_edge": 0, "center_lon": 103.68234354932821, "center_lat": 1.5224507579601925 }, "geometry": { "type": "Polygon", "coordinates": [ [ [ 103.677849877501629, 1.517929514573525 ], [ 103.67785091890174, 1.526973058631243 ], [ 103.686837241451315, 1.526971988564851 ], [ 103.686836162606014, 1.517928450847489 ], [ 103.677849877501629, 1.517929514573525 ] ] ] } },
{ "type": "Feature", "properties": { "grid_id": "JB1000_R0026_C0017", "grid_m": 1000, "row_id": 26, "col_id": 17, "x_min": 14000.0, "y_min": -58000.0, "x_max": 15000.0, "y_max": -57000.0, "center_x": 14500.0, "center_y": -57500.0, "full_area_m2": 1000000, "inside_area_m2": 1000000.0, "coverage_frac": 1.0, "is_edge": 0, "center_lon": 103.69132985312288, "center_lat": 1.5224496722213887 }, "geometry": { "type": "Polygon", "coordinates": [ [ [ 103.686836162606014, 1.517928450847489 ], [ 103.686837241451315, 1.526971988564851 ], [ 103.695823563991837, 1.526970880701295 ], [ 103.695822447701445, 1.517927349548245 ], [ 103.686836162606014, 1.517928450847489 ] ] ] } },
{ "type": "Feature", "properties": { "grid_id": "JB1000_R0026_C0018", "grid_m": 1000, "row_id": 26, "col_id": 18, "x_min": 15000.0, "y_min": -58000.0, "x_max": 16000.0, "y_max": -57000.0, "center_x": 15500.0, "center_y": -57500.0, "full_area_m2": 1000000, "inside_area_m2": 1000000.0, "coverage_frac": 1.0, "is_edge": 0, "center_lon": 103.70031615690841, "center_lat": 1.5224485487974122 }, "geometry": { "type": "Polygon", "coordinates": [ [ [ 103.695822447701445, 1.517927349548245 ], [ 103.695823563991837, 1.526970880701295 ], [ 103.704809886523009, 1.526969735040602 ], [ 103.70480873278764, 1.517926210675819 ], [ 103.695822447701445, 1.517927349548245 ] ] ] } },
{ "type": "Feature", "properties": { "grid_id": "JB1000_R0026_C0019", "grid_m": 1000, "row_id": 26, "col_id": 19, "x_min": 16000.0, "y_min": -58000.0, "x_max": 17000.0, "y_max": -57000.0, "center_x": 16500.0, "center_y": -57500.0, "full_area_m2": 1000000, "inside_area_m2": 1000000.0, "coverage_frac": 1.0, "is_edge": 0, "center_lon": 103.7093024606845, "center_lat": 1.52244738768829 }, "geometry": { "type": "Polygon", "coordinates": [ [ [ 103.70480873278764, 1.517926210675819 ], [ 103.704809886523009, 1.526969735040602 ], [ 103.713796209044503, 1.526968551582799 ], [ 103.713795017864271, 1.51792503423024 ], [ 103.70480873278764, 1.517926210675819 ] ] ] } },
{ "type": "Feature", "properties": { "grid_id": "JB1000_R0026_C0020", "grid_m": 1000, "row_id": 26, "col_id": 20, "x_min": 17000.0, "y_min": -58000.0, "x_max": 18000.0, "y_max": -57000.0, "center_x": 17500.0, "center_y": -57500.0, "full_area_m2": 1000000, "inside_area_m2": 1000000.0, "coverage_frac": 1.0, "is_edge": 0, "center_lon": 103.7182887644508, "center_lat": 1.5224461888940513 }, "geometry": { "type": "Polygon", "coordinates": [ [ [ 103.713795017864271, 1.51792503423024 ], [ 103.713796209044503, 1.526968551582799 ], [ 103.722782531556021, 1.526967330327917 ], [ 103.722781302931025, 1.517923820211535 ], [ 103.713795017864271, 1.51792503423024 ] ] ] } },
{ "type": "Feature", "properties": { "grid_id": "JB1000_R0026_C0021", "grid_m": 1000, "row_id": 26, "col_id": 21, "x_min": 18000.0, "y_min": -58000.0, "x_max": 19000.0, "y_max": -57000.0, "center_x": 18500.0, "center_y": -57500.0, "full_area_m2": 1000000, "inside_area_m2": 1000000.0, "coverage_frac": 1.0, "is_edge": 0, "center_lon": 103.72727506820702, "center_lat": 1.5224449524147254 }, "geometry": { "type": "Polygon", "coordinates": [ [ [ 103.722781302931025, 1.517923820211535 ], [ 103.722782531556021, 1.526967330327917 ], [ 103.731768854057236, 1.526966071275984 ], [ 103.731767587987619, 1.517922568619736 ], [ 103.722781302931025, 1.517923820211535 ] ] ] } },
{ "type": "Feature", "properties": { "grid_id": "JB1000_R0026_C0022", "grid_m": 1000, "row_id": 26, "col_id": 22, "x_min": 19000.0, "y_min": -58000.0, "x_max": 20000.0, "y_max": -57000.0, "center_x": 19500.0, "center_y": -57500.0, "full_area_m2": 1000000, "inside_area_m2": 1000000.0, "coverage_frac": 1.0, "is_edge": 0, "center_lon": 103.73626137195285, "center_lat": 1.5224436782503425 }, "geometry": { "type": "Polygon", "coordinates": [ [ [ 103.731767587987619, 1.517922568619736 ], [ 103.731768854057236, 1.526966071275984 ], [ 103.740755176547836, 1.526964774427034 ], [ 103.740753873033711, 1.517921279454874 ], [ 103.731767587987619, 1.517922568619736 ] ] ] } },
{ "type": "Feature", "properties": { "grid_id": "JB1000_R0026_C0023", "grid_m": 1000, "row_id": 26, "col_id": 23, "x_min": 20000.0, "y_min": -58000.0, "x_max": 21000.0, "y_max": -57000.0, "center_x": 20500.0, "center_y": -57500.0, "full_area_m2": 1000000, "inside_area_m2": 1000000.0, "coverage_frac": 1.0, "is_edge": 0, "center_lon": 103.74524767568798, "center_lat": 1.5224423664009343 }, "geometry": { "type": "Polygon", "coordinates": [ [ [ 103.740753873033711, 1.517921279454874 ], [ 103.740755176547836, 1.526964774427034 ], [ 103.749741499027508, 1.526963439781095 ], [ 103.749740158069017, 1.517919952716978 ], [ 103.740753873033711, 1.517921279454874 ] ] ] } },
{ "type": "Feature", "properties": { "grid_id": "JB1000_R0026_C0024", "grid_m": 1000, "row_id": 26, "col_id": 24, "x_min": 21000.0, "y_min": -58000.0, "x_max": 22000.0, "y_max": -57000.0, "center_x": 21500.0, "center_y": -57500.0, "full_area_m2": 1000000, "inside_area_m2": 1000000.0, "coverage_frac": 1.0, "is_edge": 0, "center_lon": 103.75423397941206, "center_lat": 1.5224410168665334 }, "geometry": { "type": "Polygon", "coordinates": [ [ [ 103.749740158069017, 1.517919952716978 ], [ 103.749741499027508, 1.526963439781095 ], [ 103.758727821495924, 1.526962067338204 ], [ 103.758726443093195, 1.517918588406083 ], [ 103.749740158069017, 1.517919952716978 ] ] ] } },
{ "type": "Feature", "properties": { "grid_id": "JB1000_R0026_C0025", "grid_m": 1000, "row_id": 26, "col_id": 25, "x_min": 22000.0, "y_min": -58000.0, "x_max": 23000.0, "y_max": -57000.0, "center_x": 22500.0, "center_y": -57500.0, "full_area_m2": 1000000, "inside_area_m2": 1000000.0, "coverage_frac": 1.0, "is_edge": 0, "center_lon": 103.76322028312482, "center_lat": 1.5224396296471725 }, "geometry": { "type": "Polygon", "coordinates": [ [ [ 103.758726443093195, 1.517918588406083 ], [ 103.758727821495924, 1.526962067338204 ], [ 103.767714143952801, 1.526960657098391 ], [ 103.767712728105963, 1.517917186522223 ], [ 103.758726443093195, 1.517918588406083 ] ] ] } },
{ "type": "Feature", "properties": { "grid_id": "JB1000_R0026_C0026", "grid_m": 1000, "row_id": 26, "col_id": 26, "x_min": 23000.0, "y_min": -58000.0, "x_max": 24000.0, "y_max": -57000.0, "center_x": 23500.0, "center_y": -57500.0, "full_area_m2": 1000000, "inside_area_m2": 1000000.0, "coverage_frac": 1.0, "is_edge": 0, "center_lon": 103.77220658682596, "center_lat": 1.5224382047428857 }, "geometry": { "type": "Polygon", "coordinates": [ [ [ 103.767712728105963, 1.517917186522223 ], [ 103.767714143952801, 1.526960657098391 ], [ 103.776700466397813, 1.526959209061694 ], [ 103.776699013106992, 1.51791574706543 ], [ 103.767712728105963, 1.517917186522223 ] ] ] } },
{ "type": "Feature", "properties": { "grid_id": "JB1000_R0026_C0027", "grid_m": 1000, "row_id": 26, "col_id": 27, "x_min": 24000.0, "y_min": -58000.0, "x_max": 25000.0, "y_max": -57000.0, "center_x": 24500.0, "center_y": -57500.0, "full_area_m2": 1000000, "inside_area_m2": 1000000.0, "coverage_frac": 1.0, "is_edge": 0, "center_lon": 103.78119289051513, "center_lat": 1.5224367421537084 }, "geometry": { "type": "Polygon", "coordinates": [ [ [ 103.776699013106992, 1.51791574706543 ], [ 103.776700466397813, 1.526959209061694 ], [ 103.785686788830617, 1.526957723228146 ], [ 103.785685298095999, 1.517914270035742 ], [ 103.776699013106992, 1.51791574706543 ] ] ] } },
{ "type": "Feature", "properties": { "grid_id": "JB1000_R0026_C0028", "grid_m": 1000, "row_id": 26, "col_id": 28, "x_min": 25000.0, "y_min": -58000.0, "x_max": 26000.0, "y_max": -57000.0, "center_x": 25500.0, "center_y": -57500.0, "full_area_m2": 1000000, "inside_area_m2": 1000000.0, "coverage_frac": 1.0, "is_edge": 0, "center_lon": 103.79017919419202, "center_lat": 1.5224352418796769 }, "geometry": { "type": "Polygon", "coordinates": [ [ [ 103.785685298095999, 1.517914270035742 ], [ 103.785686788830617, 1.526957723228146 ], [ 103.794673111250944, 1.526956199597786 ], [ 103.794671583072642, 1.517912755433195 ], [ 103.785685298095999, 1.517914270035742 ] ] ] } },
{ "type": "Feature", "properties": { "grid_id": "JB1000_R0026_C0029", "grid_m": 1000, "row_id": 26, "col_id": 29, "x_min": 26000.0, "y_min": -58000.0, "x_max": 27000.0, "y_max": -57000.0, "center_x": 26500.0, "center_y": -57500.0, "full_area_m2": 1000000, "inside_area_m2": 1000000.0, "coverage_frac": 1.0, "is_edge": 0, "center_lon": 103.79916549785635, "center_lat": 1.5224337039208276 }, "geometry": { "type": "Polygon", "coordinates": [ [ [ 103.794671583072642, 1.517912755433195 ], [ 103.794673111250944, 1.526956199597786 ], [ 103.803659433658453, 1.52695463817065 ], [ 103.803657868036623, 1.517911203257825 ], [ 103.794671583072642, 1.517912755433195 ] ] ] } },
{ "type": "Feature", "properties": { "grid_id": "JB1000_R0026_C0030", "grid_m": 1000, "row_id": 26, "col_id": 30, "x_min": 27000.0, "y_min": -58000.0, "x_max": 28000.0, "y_max": -57000.0, "center_x": 27500.0, "center_y": -57500.0, "full_area_m2": 1000000, "inside_area_m2": 1000000.0, "coverage_frac": 1.0, "is_edge": 0, "center_lon": 103.80815180150776, "center_lat": 1.5224321282771989 }, "geometry": { "type": "Polygon", "coordinates": [ [ [ 103.803657868036623, 1.517911203257825 ], [ 103.803659433658453, 1.52695463817065 ], [ 103.812645756052831, 1.526953038946776 ], [ 103.812644152987644, 1.517909613509671 ], [ 103.803657868036623, 1.517911203257825 ] ] ] } },
{ "type": "Feature", "properties": { "grid_id": "JB1000_R0026_C0031", "grid_m": 1000, "row_id": 26, "col_id": 31, "x_min": 28000.0, "y_min": -58000.0, "x_max": 29000.0, "y_max": -57000.0, "center_x": 28500.0, "center_y": -57500.0, "full_area_m2": 1000000, "inside_area_m2": 1000000.0, "coverage_frac": 1.0, "is_edge": 0, "center_lon": 103.817138105146, "center_lat": 1.5224305149488291 }, "geometry": { "type": "Polygon", "coordinates": [ [ [ 103.812644152987644, 1.517909613509671 ], [ 103.812645756052831, 1.526953038946776 ], [ 103.821632078433765, 1.526951401926205 ], [ 103.821630437925378, 1.517907986188772 ], [ 103.812644152987644, 1.517909613509671 ] ] ] } },
{ "type": "Feature", "properties": { "grid_id": "JB1000_R0026_C0032", "grid_m": 1000, "row_id": 26, "col_id": 32, "x_min": 29000.0, "y_min": -58000.0, "x_max": 30000.0, "y_max": -57000.0, "center_x": 29500.0, "center_y": -57500.0, "full_area_m2": 1000000, "inside_area_m2": 1000000.0, "coverage_frac": 1.0, "is_edge": 0, "center_lon": 103.8261244087707, "center_lat": 1.5224288639357584 }, "geometry": { "type": "Polygon", "coordinates": [ [ [ 103.821630437925378, 1.517907986188772 ], [ 103.821632078433765, 1.526951401926205 ], [ 103.830618400800944, 1.526949727108976 ], [ 103.830616722849527, 1.517906321295169 ], [ 103.821630437925378, 1.517907986188772 ] ] ] } },
{ "type": "Feature", "properties": { "grid_id": "JB1000_R0026_C0033", "grid_m": 1000, "row_id": 26, "col_id": 33, "x_min": 30000.0, "y_min": -58000.0, "x_max": 31000.0, "y_max": -57000.0, "center_x": 30500.0, "center_y": -57500.0, "full_area_m2": 1000000, "inside_area_m2": 1000000.0, "coverage_frac": 1.0, "is_edge": 0, "center_lon": 103.83511071238158, "center_lat": 1.5224271752380272 }, "geometry": { "type": "Polygon", "coordinates": [ [ [ 103.830616722849527, 1.517906321295169 ], [ 103.830618400800944, 1.526949727108976 ], [ 103.839604723154068, 1.526948014495131 ], [ 103.839603007759763, 1.517904618828902 ], [ 103.830616722849527, 1.517906321295169 ] ] ] } },
{ "type": "Feature", "properties": { "grid_id": "JB1000_R0026_C0034", "grid_m": 1000, "row_id": 26, "col_id": 34, "x_min": 31000.0, "y_min": -58000.0, "x_max": 32000.0, "y_max": -57000.0, "center_x": 31500.0, "center_y": -57500.0, "full_area_m2": 1000000, "inside_area_m2": 1000000.0, "coverage_frac": 1.0, "is_edge": 0, "center_lon": 103.84409701597831, "center_lat": 1.522425448855677 }, "geometry": { "type": "Polygon", "coordinates": [ [ [ 103.839603007759763, 1.517904618828902 ], [ 103.839604723154068, 1.526948014495131 ], [ 103.84859104549281, 1.526946264084713 ], [ 103.848589292655802, 1.517902878790013 ], [ 103.839603007759763, 1.517904618828902 ] ] ] } },
{ "type": "Feature", "properties": { "grid_id": "JB1000_R0026_C0035", "grid_m": 1000, "row_id": 26, "col_id": 35, "x_min": 32000.0, "y_min": -58000.0, "x_max": 33000.0, "y_max": -57000.0, "center_x": 32500.0, "center_y": -57500.0, "full_area_m2": 1000000, "inside_area_m2": 1000000.0, "coverage_frac": 1.0, "is_edge": 0, "center_lon": 103.8530833195606, "center_lat": 1.5224236847887507 }, "geometry": { "type": "Polygon", "coordinates": [ [ [ 103.848589292655802, 1.517902878790013 ], [ 103.84859104549281, 1.526946264084713 ], [ 103.857577367816845, 1.526944475877763 ], [ 103.857575577537318, 1.517901101178545 ], [ 103.848589292655802, 1.517902878790013 ] ] ] } },
{ "type": "Feature", "properties": { "grid_id": "JB1000_R0026_C0036", "grid_m": 1000, "row_id": 26, "col_id": 36, "x_min": 33000.0, "y_min": -58000.0, "x_max": 34000.0, "y_max": -57000.0, "center_x": 33500.0, "center_y": -57500.0, "full_area_m2": 1000000, "inside_area_m2": 1000000.0, "coverage_frac": 1.0, "is_edge": 0, "center_lon": 103.86206962312812, "center_lat": 1.5224218830372913 }, "geometry": { "type": "Polygon", "coordinates": [ [ [ 103.857575577537318, 1.517901101178545 ], [ 103.857577367816845, 1.526944475877763 ], [ 103.866563690125886, 1.526942649874326 ], [ 103.866561862403984, 1.517899285994541 ], [ 103.857575577537318, 1.517901101178545 ] ] ] } },
{ "type": "Feature", "properties": { "grid_id": "JB1000_R0026_C0037", "grid_m": 1000, "row_id": 26, "col_id": 37, "x_min": 34000.0, "y_min": -58000.0, "x_max": 35000.0, "y_max": -57000.0, "center_x": 34500.0, "center_y": -57500.0, "full_area_m2": 1000000, "inside_area_m2": 1000000.0, "coverage_frac": 1.0, "is_edge": 0, "center_lon": 103.87105592668055, "center_lat": 1.5224200436013438 }, "geometry": { "type": "Polygon", "coordinates": [ [ [ 103.866561862403984, 1.517899285994541 ], [ 103.866563690125886, 1.526942649874326 ], [ 103.875550012419595, 1.526940786074448 ], [ 103.875548147255515, 1.517897433238048 ], [ 103.866561862403984, 1.517899285994541 ] ] ] } },
{ "type": "Feature", "properties": { "grid_id": "JB1000_R0026_C0038", "grid_m": 1000, "row_id": 26, "col_id": 38, "x_min": 35000.0, "y_min": -58000.0, "x_max": 36000.0, "y_max": -57000.0, "center_x": 35500.0, "center_y": -57500.0, "full_area_m2": 1000000, "inside_area_m2": 1000000.0, "coverage_frac": 1.0, "is_edge": 0, "center_lon": 103.88004223021763, "center_lat": 1.5224181664809529 }, "geometry": { "type": "Polygon", "coordinates": [ [ [ 103.875548147255515, 1.517897433238048 ], [ 103.875550012419595, 1.526940786074448 ], [ 103.884536334697671, 1.526938884478173 ], [ 103.884534432091598, 1.51789554290911 ], [ 103.875548147255515, 1.517897433238048 ] ] ] } },
{ "type": "Feature", "properties": { "grid_id": "JB1000_R0026_C0039", "grid_m": 1000, "row_id": 26, "col_id": 39, "x_min": 36000.0, "y_min": -58000.0, "x_max": 37000.0, "y_max": -57000.0, "center_x": 36500.0, "center_y": -57500.0, "full_area_m2": 1000000, "inside_area_m2": 1000000.0, "coverage_frac": 1.0, "is_edge": 0, "center_lon": 103.88902853373897, "center_lat": 1.522416251676165 }, "geometry": { "type": "Polygon", "coordinates": [ [ [ 103.884534432091598, 1.51789554290911 ], [ 103.884536334697671, 1.526938884478173 ], [ 103.893522656959803, 1.52693694508555 ], [ 103.893520716911922, 1.517893615007773 ], [ 103.884534432091598, 1.51789554290911 ] ] ] } },
{ "type": "Feature", "properties": { "grid_id": "JB1000_R0026_C0040", "grid_m": 1000, "row_id": 26, "col_id": 40, "x_min": 37000.0, "y_min": -58000.0, "x_max": 38000.0, "y_max": -57000.0, "center_x": 37500.0, "center_y": -57500.0, "full_area_m2": 1000000, "inside_area_m2": 1000000.0, "coverage_frac": 1.0, "is_edge": 0, "center_lon": 103.89801483724432, "center_lat": 1.5224142991870275 }, "geometry": { "type": "Polygon", "coordinates": [ [ [ 103.893520716911922, 1.517893615007773 ], [ 103.893522656959803, 1.52693694508555 ], [ 103.902508979205663, 1.526934967896625 ], [ 103.90250700171616, 1.517891649534086 ], [ 103.893520716911922, 1.517893615007773 ] ] ] } },
{ "type": "Feature", "properties": { "grid_id": "JB1000_R0026_C0041", "grid_m": 1000, "row_id": 26, "col_id": 41, "x_min": 38000.0, "y_min": -58000.0, "x_max": 39000.0, "y_max": -57000.0, "center_x": 38500.0, "center_y": -57500.0, "full_area_m2": 1000000, "inside_area_m2": 1000000.0, "coverage_frac": 1.0, "is_edge": 0, "center_lon": 103.90700114073333, "center_lat": 1.5224123090135884 }, "geometry": { "type": "Polygon", "coordinates": [ [ [ 103.90250700171616, 1.517891649534086 ], [ 103.902508979205663, 1.526934967896625 ], [ 103.911495301434925, 1.526932952911448 ], [ 103.91149328650404, 1.517889646488096 ], [ 103.90250700171616, 1.517891649534086 ] ] ] } },
{ "type": "Feature", "properties": { "grid_id": "JB1000_R0026_C0042", "grid_m": 1000, "row_id": 26, "col_id": 42, "x_min": 39000.0, "y_min": -58000.0, "x_max": 40000.0, "y_max": -57000.0, "center_x": 39500.0, "center_y": -57500.0, "full_area_m2": 1000000, "inside_area_m2": 1000000.0, "coverage_frac": 1.0, "is_edge": 0, "center_lon": 103.91598744420571, "center_lat": 1.5224102811558966 }, "geometry": { "type": "Polygon", "coordinates": [ [ [ 103.91149328650404, 1.517889646488096 ], [ 103.911495301434925, 1.526932952911448 ], [ 103.920481623647319, 1.526930900130067 ], [ 103.920479571275209, 1.517887605869853 ], [ 103.91149328650404, 1.517889646488096 ] ] ] } },
{ "type": "Feature", "properties": { "grid_id": "JB1000_R0026_C0043", "grid_m": 1000, "row_id": 26, "col_id": 43, "x_min": 40000.0, "y_min": -58000.0, "x_max": 41000.0, "y_max": -57000.0, "center_x": 40500.0, "center_y": -57500.0, "full_area_m2": 1000000, "inside_area_m2": 1000000.0, "coverage_frac": 1.0, "is_edge": 0, "center_lon": 103.92497374766114, "center_lat": 1.5224082156140022 }, "geometry": { "type": "Polygon", "coordinates": [ [ [ 103.920479571275209, 1.517887605869853 ], [ 103.920481623647319, 1.526930900130067 ], [ 103.929467945842504, 1.526928809552534 ], [ 103.929465856029381, 1.517885527679408 ], [ 103.920479571275209, 1.517887605869853 ] ] ] } },
{ "type": "Feature", "properties": { "grid_id": "JB1000_R0026_C0044", "grid_m": 1000, "row_id": 26, "col_id": 44, "x_min": 41000.0, "y_min": -58000.0, "x_max": 42000.0, "y_max": -57000.0, "center_x": 41500.0, "center_y": -57500.0, "full_area_m2": 1000000, "inside_area_m2": 1000000.0, "coverage_frac": 1.0, "is_edge": 0, "center_lon": 103.93396005109931, "center_lat": 1.522406112387956 }, "geometry": { "type": "Polygon", "coordinates": [ [ [ 103.929465856029381, 1.517885527679408 ], [ 103.929467945842504, 1.526928809552534 ], [ 103.938454268020152, 1.526926681178901 ], [ 103.938452140766231, 1.517883411916811 ], [ 103.929465856029381, 1.517885527679408 ] ] ] } },
{ "type": "Feature", "properties": { "grid_id": "JB1000_R0026_C0045", "grid_m": 1000, "row_id": 26, "col_id": 45, "x_min": 42000.0, "y_min": -58000.0, "x_max": 43000.0, "y_max": -57000.0, "center_x": 42500.0, "center_y": -57500.0, "full_area_m2": 1000000, "inside_area_m2": 1000000.0, "coverage_frac": 1.0, "is_edge": 0, "center_lon": 103.9429463545199, "center_lat": 1.5224039714778097 }, "geometry": { "type": "Polygon", "coordinates": [ [ [ 103.938452140766231, 1.517883411916811 ], [ 103.938454268020152, 1.526926681178901 ], [ 103.94744059017998, 1.526924515009218 ], [ 103.947438425485458, 1.517881258582115 ], [ 103.938452140766231, 1.517883411916811 ] ] ] } },
{ "type": "Feature", "properties": { "grid_id": "JB1000_R0026_C0046", "grid_m": 1000, "row_id": 26, "col_id": 46, "x_min": 43000.0, "y_min": -58000.0, "x_max": 44000.0, "y_max": -57000.0, "center_x": 43500.0, "center_y": -57500.0, "full_area_m2": 1000000, "inside_area_m2": 1000000.0, "coverage_frac": 1.0, "is_edge": 0, "center_lon": 103.95193265792263, "center_lat": 1.5224017928836162 }, "geometry": { "type": "Polygon", "coordinates": [ [ [ 103.947438425485458, 1.517881258582115 ], [ 103.94744059017998, 1.526924515009218 ], [ 103.956426912321646, 1.526922311043541 ], [ 103.956424710186752, 1.517879067675372 ], [ 103.947438425485458, 1.517881258582115 ] ] ] } },
{ "type": "Feature", "properties": { "grid_id": "JB1000_R0026_C0047", "grid_m": 1000, "row_id": 26, "col_id": 47, "x_min": 44000.0, "y_min": -58000.0, "x_max": 45000.0, "y_max": -57000.0, "center_x": 44500.0, "center_y": -57500.0, "full_area_m2": 1000000, "inside_area_m2": 1000000.0, "coverage_frac": 1.0, "is_edge": 0, "center_lon": 103.96091896130714, "center_lat": 1.5223995766054295 }, "geometry": { "type": "Polygon", "coordinates": [ [ [ 103.956424710186752, 1.517879067675372 ], [ 103.956426912321646, 1.526922311043541 ], [ 103.965413234444867, 1.526920069281923 ], [ 103.965410994869814, 1.517876839196637 ], [ 103.956424710186752, 1.517879067675372 ] ] ] } },
{ "type": "Feature", "properties": { "grid_id": "JB1000_R0026_C0048", "grid_m": 1000, "row_id": 26, "col_id": 48, "x_min": 45000.0, "y_min": -58000.0, "x_max": 46000.0, "y_max": -57000.0, "center_x": 45500.0, "center_y": -57500.0, "full_area_m2": 1000000, "inside_area_m2": 1000000.0, "coverage_frac": 1.0, "is_edge": 0, "center_lon": 103.96990526467316, "center_lat": 1.5223973226433034 }, "geometry": { "type": "Polygon", "coordinates": [ [ [ 103.965410994869814, 1.517876839196637 ], [ 103.965413234444867, 1.526920069281923 ], [ 103.974399556549315, 1.526917789724419 ], [ 103.974397279534315, 1.517874573145965 ], [ 103.965410994869814, 1.517876839196637 ] ] ] } },
{ "type": "Feature", "properties": { "grid_id": "JB1000_R0026_C0049", "grid_m": 1000, "row_id": 26, "col_id": 49, "x_min": 46000.0, "y_min": -58000.0, "x_max": 47000.0, "y_max": -57000.0, "center_x": 46500.0, "center_y": -57500.0, "full_area_m2": 1000000, "inside_area_m2": 1000000.0, "coverage_frac": 1.0, "is_edge": 0, "center_lon": 103.97889156802033, "center_lat": 1.522395030997294 }, "geometry": { "type": "Polygon", "coordinates": [ [ [ 103.974397279534315, 1.517874573145965 ], [ 103.974399556549315, 1.526917789724419 ], [ 103.98338587863465, 1.526915472371086 ], [ 103.983383564179945, 1.51787226952341 ], [ 103.974397279534315, 1.517874573145965 ] ] ] } },
{ "type": "Feature", "properties": { "grid_id": "JB1000_R0026_C0050", "grid_m": 1000, "row_id": 26, "col_id": 50, "x_min": 47000.0, "y_min": -58000.0, "x_max": 48000.0, "y_max": -57000.0, "center_x": 47500.0, "center_y": -57500.0, "full_area_m2": 1000000, "inside_area_m2": 1000000.0, "coverage_frac": 1.0, "is_edge": 0, "center_lon": 103.98787787134839, "center_lat": 1.5223927016674574 }, "geometry": { "type": "Polygon", "coordinates": [ [ [ 103.983383564179945, 1.51787226952341 ], [ 103.98338587863465, 1.526915472371086 ], [ 103.992372200700586, 1.526913117221981 ], [ 103.992369848806405, 1.517869928329031 ], [ 103.983383564179945, 1.51787226952341 ] ] ] } },
{ "type": "Feature", "properties": { "grid_id": "JB1000_R0026_C0051", "grid_m": 1000, "row_id": 26, "col_id": 51, "x_min": 48000.0, "y_min": -58000.0, "x_max": 49000.0, "y_max": -57000.0, "center_x": 48500.0, "center_y": -57500.0, "full_area_m2": 1000000, "inside_area_m2": 1000000.0, "coverage_frac": 1.0, "is_edge": 0, "center_lon": 103.99686417465701, "center_lat": 1.5223903346538514 }, "geometry": { "type": "Polygon", "coordinates": [ [ [ 103.992369848806405, 1.517869928329031 ], [ 103.992372200700586, 1.526913117221981 ], [ 104.001358522746813, 1.52691072427716 ], [ 104.001356133413381, 1.517867549562885 ], [ 103.992369848806405, 1.517869928329031 ] ] ] } },
{ "type": "Feature", "properties": { "grid_id": "JB1000_R0026_C0052", "grid_m": 1000, "row_id": 26, "col_id": 52, "x_min": 49000.0, "y_min": -58000.0, "x_max": 50000.0, "y_max": -57000.0, "center_x": 49500.0, "center_y": -57500.0, "full_area_m2": 1000000, "inside_area_m2": 1000000.0, "coverage_frac": 1.0, "is_edge": 0, "center_lon": 104.00585047794586, "center_lat": 1.5223879299565342 }, "geometry": { "type": "Polygon", "coordinates": [ [ [ 104.001356133413381, 1.517867549562885 ], [ 104.001358522746813, 1.52691072427716 ], [ 104.010344844773016, 1.526908293536685 ], [ 104.010342418000562, 1.51786513322503 ], [ 104.001356133413381, 1.517867549562885 ] ] ] } },
{ "type": "Feature", "properties": { "grid_id": "JB1000_R0026_C0053", "grid_m": 1000, "row_id": 26, "col_id": 53, "x_min": 50000.0, "y_min": -58000.0, "x_max": 51000.0, "y_max": -57000.0, "center_x": 50500.0, "center_y": -57500.0, "full_area_m2": 1000000, "inside_area_m2": 1000000.0, "coverage_frac": 1.0, "is_edge": 0, "center_lon": 104.01483678121463, "center_lat": 1.5223854875755647 }, "geometry": { "type": "Polygon", "coordinates": [ [ [ 104.010342418000562, 1.51786513322503 ], [ 104.010344844773016, 1.526908293536685 ], [ 104.019331166778869, 1.526905825000614 ], [ 104.019328702567648, 1.517862679315526 ], [ 104.010342418000562, 1.51786513322503 ] ] ] } },
{ "type": "Feature", "properties": { "grid_id": "JB1000_R0026_C0054", "grid_m": 1000, "row_id": 26, "col_id": 54, "x_min": 51000.0, "y_min": -58000.0, "x_max": 52000.0, "y_max": -57000.0, "center_x": 51500.0, "center_y": -57500.0, "full_area_m2": 1000000, "inside_area_m2": 173740.91875692102, "coverage_frac": 0.17374091875692102, "is_edge": 1, "center_lon": 104.02382308446303, "center_lat": 1.5223830075110034 }, "geometry": { "type": "Polygon", "coordinates": [ [ [ 104.019328702567648, 1.517862679315526 ], [ 104.019331166778869, 1.526905825000614 ], [ 104.020548898423371, 1.52690548758278 ], [ 104.021233546666025, 1.517862154328335 ], [ 104.019328702567648, 1.517862679315526 ] ] ] } },
{ "type": "Feature", "properties": { "grid_id": "JB1000_R0027_C0001", "grid_m": 1000, "row_id": 27, "col_id": 1, "x_min": -2000.0, "y_min": -57000.0, "x_max": -1000.0, "y_max": -56000.0, "center_x": -1500.0, "center_y": -56500.0, "full_area_m2": 1000000, "inside_area_m2": 626704.46862297412, "coverage_frac": 0.62670446862297413, "is_edge": 1, "center_lon": 103.54754949143958, "center_lat": 1.5315061322499359 }, "geometry": { "type": "Polygon", "coordinates": [ [ [ 103.552042922667525, 1.536027679388817 ], [ 103.552042402433784, 1.526984070845376 ], [ 103.544159526740842, 1.526984514209976 ], [ 103.544163061256214, 1.527002246388352 ], [ 103.544447897534326, 1.528165441790462 ], [ 103.545211815813431, 1.530133582307987 ], [ 103.545935053227694, 1.531635274355978 ], [ 103.547039952447946, 1.532993623491365 ], [ 103.547837185906872, 1.533767879872306 ], [ 103.548981854321255, 1.534782606999167 ], [ 103.549779076576826, 1.535620610803705 ], [ 103.550123352734019, 1.536027790687188 ], [ 103.552042922667525, 1.536027679388817 ] ] ] } },
{ "type": "Feature", "properties": { "grid_id": "JB1000_R0027_C0002", "grid_m": 1000, "row_id": 27, "col_id": 2, "x_min": -1000.0, "y_min": -57000.0, "x_max": 0.0, "y_max": -56000.0, "center_x": -500.0, "center_y": -56500.0, "full_area_m2": 1000000, "inside_area_m2": 1000000.0, "coverage_frac": 1.0, "is_edge": 0, "center_lon": 103.55653583289173, "center_lat": 1.5315056086984211 }, "geometry": { "type": "Polygon", "coordinates": [ [ [ 103.552042402433784, 1.526984070845376 ], [ 103.552042922667525, 1.536027679388817 ], [ 103.561029282979788, 1.536027135280086 ], [ 103.561028725077023, 1.526983529941633 ], [ 103.552042402433784, 1.526984070845376 ] ] ] } },
{ "type": "Feature", "properties": { "grid_id": "JB1000_R0027_C0003", "grid_m": 1000, "row_id": 27, "col_id": 3, "x_min": 0.0, "y_min": -57000.0, "x_max": 1000.0, "y_max": -56000.0, "center_x": 500.0, "center_y": -56500.0, "full_area_m2": 1000000, "inside_area_m2": 1000000.0, "coverage_frac": 1.0, "is_edge": 0, "center_lon": 103.56552217433934, "center_lat": 1.5315050472374716 }, "geometry": { "type": "Polygon", "coordinates": [ [ [ 103.561028725077023, 1.526983529941633 ], [ 103.561029282979788, 1.536027135280086 ], [ 103.57001564328732, 1.536026553149947 ], [ 103.5700150477156, 1.52698295124044 ], [ 103.561028725077023, 1.526983529941633 ] ] ] } },
{ "type": "Feature", "properties": { "grid_id": "JB1000_R0027_C0004", "grid_m": 1000, "row_id": 27, "col_id": 4, "x_min": 1000.0, "y_min": -57000.0, "x_max": 2000.0, "y_max": -56000.0, "center_x": 1500.0, "center_y": -56500.0, "full_area_m2": 1000000, "inside_area_m2": 1000000.0, "coverage_frac": 1.0, "is_edge": 0, "center_lon": 103.57450851578209, "center_lat": 1.5315044478671005 }, "geometry": { "type": "Polygon", "coordinates": [ [ [ 103.5700150477156, 1.52698295124044 ], [ 103.57001564328732, 1.536026553149947 ], [ 103.579002003589835, 1.536025932998414 ], [ 103.579001370349232, 1.526982334741814 ], [ 103.5700150477156, 1.52698295124044 ] ] ] } },
{ "type": "Feature", "properties": { "grid_id": "JB1000_R0027_C0005", "grid_m": 1000, "row_id": 27, "col_id": 5, "x_min": 2000.0, "y_min": -57000.0, "x_max": 3000.0, "y_max": -56000.0, "center_x": 2500.0, "center_y": -56500.0, "full_area_m2": 1000000, "inside_area_m2": 1000000.0, "coverage_frac": 1.0, "is_edge": 0, "center_lon": 103.5834948572197, "center_lat": 1.5315038105873231 }, "geometry": { "type": "Polygon", "coordinates": [ [ [ 103.579001370349232, 1.526982334741814 ], [ 103.579002003589835, 1.536025932998414 ], [ 103.587988363887007, 1.536025274825503 ], [ 103.587987692977592, 1.526981680445768 ], [ 103.579001370349232, 1.526982334741814 ] ] ] } },
{ "type": "Feature", "properties": { "grid_id": "JB1000_R0027_C0006", "grid_m": 1000, "row_id": 27, "col_id": 6, "x_min": 3000.0, "y_min": -57000.0, "x_max": 4000.0, "y_max": -56000.0, "center_x": 3500.0, "center_y": -56500.0, "full_area_m2": 1000000, "inside_area_m2": 1000000.0, "coverage_frac": 1.0, "is_edge": 0, "center_lon": 103.59248119865187, "center_lat": 1.5315031353981547 }, "geometry": { "type": "Polygon", "coordinates": [ [ [ 103.587987692977592, 1.526981680445768 ], [ 103.587988363887007, 1.536025274825503 ], [ 103.596974724178523, 1.536024578631229 ], [ 103.596974015600338, 1.526980988352318 ], [ 103.587987692977592, 1.526981680445768 ] ] ] } },
{ "type": "Feature", "properties": { "grid_id": "JB1000_R0027_C0007", "grid_m": 1000, "row_id": 27, "col_id": 7, "x_min": 4000.0, "y_min": -57000.0, "x_max": 5000.0, "y_max": -56000.0, "center_x": 4500.0, "center_y": -56500.0, "full_area_m2": 1000000, "inside_area_m2": 1000000.0, "coverage_frac": 1.0, "is_edge": 0, "center_lon": 103.60146754007825, "center_lat": 1.5315024222996123 }, "geometry": { "type": "Polygon", "coordinates": [ [ [ 103.596974015600338, 1.526980988352318 ], [ 103.596974724178523, 1.536024578631229 ], [ 103.60596108446407, 1.53602384441561 ], [ 103.605960338217187, 1.526980258461482 ], [ 103.596974015600338, 1.526980988352318 ] ] ] } },
{ "type": "Feature", "properties": { "grid_id": "JB1000_R0027_C0008", "grid_m": 1000, "row_id": 27, "col_id": 8, "x_min": 5000.0, "y_min": -57000.0, "x_max": 6000.0, "y_max": -56000.0, "center_x": 5500.0, "center_y": -56500.0, "full_area_m2": 1000000, "inside_area_m2": 1000000.0, "coverage_frac": 1.0, "is_edge": 0, "center_lon": 103.6104538814985, "center_lat": 1.5315016712917133 }, "geometry": { "type": "Polygon", "coordinates": [ [ [ 103.605960338217187, 1.526980258461482 ], [ 103.60596108446407, 1.53602384441561 ], [ 103.614947444743322, 1.536023072178665 ], [ 103.614946660827826, 1.526979490773278 ], [ 103.605960338217187, 1.526980258461482 ] ] ] } },
{ "type": "Feature", "properties": { "grid_id": "JB1000_R0027_C0009", "grid_m": 1000, "row_id": 27, "col_id": 9, "x_min": 6000.0, "y_min": -57000.0, "x_max": 7000.0, "y_max": -56000.0, "center_x": 6500.0, "center_y": -56500.0, "full_area_m2": 1000000, "inside_area_m2": 1000000.0, "coverage_frac": 1.0, "is_edge": 0, "center_lon": 103.61944022291236, "center_lat": 1.5315008823744762 }, "geometry": { "type": "Polygon", "coordinates": [ [ [ 103.614946660827826, 1.526979490773278 ], [ 103.614947444743322, 1.536023072178665 ], [ 103.623933805015952, 1.536022261920411 ], [ 103.623932983431928, 1.526978685287725 ], [ 103.614946660827826, 1.526979490773278 ] ] ] } },
{ "type": "Feature", "properties": { "grid_id": "JB1000_R0027_C0010", "grid_m": 1000, "row_id": 27, "col_id": 10, "x_min": 7000.0, "y_min": -57000.0, "x_max": 8000.0, "y_max": -56000.0, "center_x": 7500.0, "center_y": -56500.0, "full_area_m2": 1000000, "inside_area_m2": 1000000.0, "coverage_frac": 1.0, "is_edge": 0, "center_lon": 103.6284265643195, "center_lat": 1.5315000555479206 }, "geometry": { "type": "Polygon", "coordinates": [ [ [ 103.623932983431928, 1.526978685287725 ], [ 103.623933805015952, 1.536022261920411 ], [ 103.632920165281675, 1.536021413640869 ], [ 103.63291930602918, 1.526977842004842 ], [ 103.623932983431928, 1.526978685287725 ] ] ] } },
{ "type": "Feature", "properties": { "grid_id": "JB1000_R0027_C0011", "grid_m": 1000, "row_id": 27, "col_id": 11, "x_min": 8000.0, "y_min": -57000.0, "x_max": 9000.0, "y_max": -56000.0, "center_x": 8500.0, "center_y": -56500.0, "full_area_m2": 1000000, "inside_area_m2": 1000000.0, "coverage_frac": 1.0, "is_edge": 0, "center_lon": 103.63741290571957, "center_lat": 1.5314991908120665 }, "geometry": { "type": "Polygon", "coordinates": [ [ [ 103.63291930602918, 1.526977842004842 ], [ 103.632920165281675, 1.536021413640869 ], [ 103.641906525540136, 1.53602052734006 ], [ 103.641905628619256, 1.52697696092465 ], [ 103.63291930602918, 1.526977842004842 ] ] ] } },
{ "type": "Feature", "properties": { "grid_id": "JB1000_R0027_C0012", "grid_m": 1000, "row_id": 27, "col_id": 12, "x_min": 9000.0, "y_min": -57000.0, "x_max": 10000.0, "y_max": -56000.0, "center_x": 9500.0, "center_y": -56500.0, "full_area_m2": 1000000, "inside_area_m2": 1000000.0, "coverage_frac": 1.0, "is_edge": 0, "center_lon": 103.6463992471123, "center_lat": 1.5314982881669357 }, "geometry": { "type": "Polygon", "coordinates": [ [ [ 103.641905628619256, 1.52697696092465 ], [ 103.641906525540136, 1.53602052734006 ], [ 103.650892885791023, 1.536019603018005 ], [ 103.650891951201871, 1.526976042047171 ], [ 103.641905628619256, 1.52697696092465 ] ] ] } },
{ "type": "Feature", "properties": { "grid_id": "JB1000_R0027_C0013", "grid_m": 1000, "row_id": 27, "col_id": 13, "x_min": 10000.0, "y_min": -57000.0, "x_max": 11000.0, "y_max": -56000.0, "center_x": 10500.0, "center_y": -56500.0, "full_area_m2": 1000000, "inside_area_m2": 1000000.0, "coverage_frac": 1.0, "is_edge": 0, "center_lon": 103.65538558849732, "center_lat": 1.5314973476125497 }, "geometry": { "type": "Polygon", "coordinates": [ [ [ 103.650891951201871, 1.526976042047171 ], [ 103.650892885791023, 1.536019603018005 ], [ 103.659879246034038, 1.536018640674728 ], [ 103.659878273776698, 1.526975085372428 ], [ 103.650891951201871, 1.526976042047171 ] ] ] } },
{ "type": "Feature", "properties": { "grid_id": "JB1000_R0027_C0014", "grid_m": 1000, "row_id": 27, "col_id": 14, "x_min": 11000.0, "y_min": -57000.0, "x_max": 12000.0, "y_max": -56000.0, "center_x": 11500.0, "center_y": -56500.0, "full_area_m2": 1000000, "inside_area_m2": 1000000.0, "coverage_frac": 1.0, "is_edge": 0, "center_lon": 103.66437192987438, "center_lat": 1.5314963691489327 }, "geometry": { "type": "Polygon", "coordinates": [ [ [ 103.659878273776698, 1.526975085372428 ], [ 103.659879246034038, 1.536018640674728 ], [ 103.668865606268866, 1.536017640310253 ], [ 103.668864596343425, 1.526974090900443 ], [ 103.659878273776698, 1.526975085372428 ] ] ] } },
{ "type": "Feature", "properties": { "grid_id": "JB1000_R0027_C0015", "grid_m": 1000, "row_id": 27, "col_id": 15, "x_min": 12000.0, "y_min": -57000.0, "x_max": 13000.0, "y_max": -56000.0, "center_x": 12500.0, "center_y": -56500.0, "full_area_m2": 1000000, "inside_area_m2": 1000000.0, "coverage_frac": 1.0, "is_edge": 0, "center_lon": 103.67335827124312, "center_lat": 1.5314953527761079 }, "geometry": { "type": "Polygon", "coordinates": [ [ [ 103.668864596343425, 1.526974090900443 ], [ 103.668865606268866, 1.536017640310253 ], [ 103.677851966495169, 1.536016601924603 ], [ 103.67785091890174, 1.526973058631243 ], [ 103.668864596343425, 1.526974090900443 ] ] ] } },
{ "type": "Feature", "properties": { "grid_id": "JB1000_R0027_C0016", "grid_m": 1000, "row_id": 27, "col_id": 16, "x_min": 13000.0, "y_min": -57000.0, "x_max": 14000.0, "y_max": -56000.0, "center_x": 13500.0, "center_y": -56500.0, "full_area_m2": 1000000, "inside_area_m2": 1000000.0, "coverage_frac": 1.0, "is_edge": 0, "center_lon": 103.68234461260323, "center_lat": 1.5314942984941005 }, "geometry": { "type": "Polygon", "coordinates": [ [ [ 103.67785091890174, 1.526973058631243 ], [ 103.677851966495169, 1.536016601924603 ], [ 103.686838326712632, 1.536015525517804 ], [ 103.686837241451315, 1.526971988564851 ], [ 103.67785091890174, 1.526973058631243 ] ] ] } },
{ "type": "Feature", "properties": { "grid_id": "JB1000_R0027_C0017", "grid_m": 1000, "row_id": 27, "col_id": 17, "x_min": 14000.0, "y_min": -57000.0, "x_max": 15000.0, "y_max": -56000.0, "center_x": 14500.0, "center_y": -56500.0, "full_area_m2": 1000000, "inside_area_m2": 1000000.0, "coverage_frac": 1.0, "is_edge": 0, "center_lon": 103.69133095395441, "center_lat": 1.5314932063029369 }, "geometry": { "type": "Polygon", "coordinates": [ [ [ 103.686837241451315, 1.526971988564851 ], [ 103.686838326712632, 1.536015525517804 ], [ 103.695824686920943, 1.536014411089883 ], [ 103.695823563991837, 1.526970880701295 ], [ 103.686837241451315, 1.526971988564851 ] ] ] } },
{ "type": "Feature", "properties": { "grid_id": "JB1000_R0027_C0018", "grid_m": 1000, "row_id": 27, "col_id": 18, "x_min": 15000.0, "y_min": -57000.0, "x_max": 16000.0, "y_max": -56000.0, "center_x": 15500.0, "center_y": -56500.0, "full_area_m2": 1000000, "inside_area_m2": 1000000.0, "coverage_frac": 1.0, "is_edge": 0, "center_lon": 103.70031729529633, "center_lat": 1.5314920762026438 }, "geometry": { "type": "Polygon", "coordinates": [ [ [ 103.695823563991837, 1.526970880701295 ], [ 103.695824686920943, 1.536014411089883 ], [ 103.70481104711979, 1.536013258640868 ], [ 103.704809886523009, 1.526969735040602 ], [ 103.695823563991837, 1.526970880701295 ] ] ] } },
{ "type": "Feature", "properties": { "grid_id": "JB1000_R0027_C0019", "grid_m": 1000, "row_id": 27, "col_id": 19, "x_min": 16000.0, "y_min": -57000.0, "x_max": 17000.0, "y_max": -56000.0, "center_x": 16500.0, "center_y": -56500.0, "full_area_m2": 1000000, "inside_area_m2": 1000000.0, "coverage_frac": 1.0, "is_edge": 0, "center_lon": 103.70930363662868, "center_lat": 1.5314909081932488 }, "geometry": { "type": "Polygon", "coordinates": [ [ [ 103.704809886523009, 1.526969735040602 ], [ 103.70481104711979, 1.536013258640868 ], [ 103.713797407308846, 1.536012068170787 ], [ 103.713796209044503, 1.526968551582799 ], [ 103.704809886523009, 1.526969735040602 ] ] ] } },
{ "type": "Feature", "properties": { "grid_id": "JB1000_R0027_C0020", "grid_m": 1000, "row_id": 27, "col_id": 20, "x_min": 17000.0, "y_min": -57000.0, "x_max": 18000.0, "y_max": -56000.0, "center_x": 17500.0, "center_y": -56500.0, "full_area_m2": 1000000, "inside_area_m2": 1000000.0, "coverage_frac": 1.0, "is_edge": 0, "center_lon": 103.71828997795113, "center_lat": 1.5314897022747811 }, "geometry": { "type": "Polygon", "coordinates": [ [ [ 103.713796209044503, 1.526968551582799 ], [ 103.713797407308846, 1.536012068170787 ], [ 103.722783767487797, 1.536010839679668 ], [ 103.722782531556021, 1.526967330327917 ], [ 103.713796209044503, 1.526968551582799 ] ] ] } },
{ "type": "Feature", "properties": { "grid_id": "JB1000_R0027_C0021", "grid_m": 1000, "row_id": 27, "col_id": 21, "x_min": 18000.0, "y_min": -57000.0, "x_max": 19000.0, "y_max": -56000.0, "center_x": 18500.0, "center_y": -56500.0, "full_area_m2": 1000000, "inside_area_m2": 1000000.0, "coverage_frac": 1.0, "is_edge": 0, "center_lon": 103.72727631926338, "center_lat": 1.5314884584472701 }, "geometry": { "type": "Polygon", "coordinates": [ [ [ 103.722782531556021, 1.526967330327917 ], [ 103.722783767487797, 1.536010839679668 ], [ 103.731770127656318, 1.536009573167543 ], [ 103.731768854057236, 1.526966071275984 ], [ 103.722782531556021, 1.526967330327917 ] ] ] } },
{ "type": "Feature", "properties": { "grid_id": "JB1000_R0027_C0022", "grid_m": 1000, "row_id": 27, "col_id": 22, "x_min": 19000.0, "y_min": -57000.0, "x_max": 20000.0, "y_max": -56000.0, "center_x": 19500.0, "center_y": -56500.0, "full_area_m2": 1000000, "inside_area_m2": 1000000.0, "coverage_frac": 1.0, "is_edge": 0, "center_lon": 103.73626266056512, "center_lat": 1.5314871767107465 }, "geometry": { "type": "Polygon", "coordinates": [ [ [ 103.731768854057236, 1.526966071275984 ], [ 103.731770127656318, 1.536009573167543 ], [ 103.74075648781411, 1.536008268634443 ], [ 103.740755176547836, 1.526964774427034 ], [ 103.731768854057236, 1.526966071275984 ] ] ] } },
{ "type": "Feature", "properties": { "grid_id": "JB1000_R0027_C0023", "grid_m": 1000, "row_id": 27, "col_id": 23, "x_min": 20000.0, "y_min": -57000.0, "x_max": 21000.0, "y_max": -56000.0, "center_x": 20500.0, "center_y": -56500.0, "full_area_m2": 1000000, "inside_area_m2": 1000000.0, "coverage_frac": 1.0, "is_edge": 0, "center_lon": 103.74524900185602, "center_lat": 1.5314858570652417 }, "geometry": { "type": "Polygon", "coordinates": [ [ [ 103.740755176547836, 1.526964774427034 ], [ 103.74075648781411, 1.536008268634443 ], [ 103.749742847960832, 1.536006926080399 ], [ 103.749741499027508, 1.526963439781095 ], [ 103.740755176547836, 1.526964774427034 ] ] ] } },
{ "type": "Feature", "properties": { "grid_id": "JB1000_R0027_C0024", "grid_m": 1000, "row_id": 27, "col_id": 24, "x_min": 21000.0, "y_min": -57000.0, "x_max": 22000.0, "y_max": -56000.0, "center_x": 21500.0, "center_y": -56500.0, "full_area_m2": 1000000, "inside_area_m2": 1000000.0, "coverage_frac": 1.0, "is_edge": 0, "center_lon": 103.75423534313578, "center_lat": 1.5314844995107886 }, "geometry": { "type": "Polygon", "coordinates": [ [ [ 103.749741499027508, 1.526963439781095 ], [ 103.749742847960832, 1.536006926080399 ], [ 103.758729208096199, 1.536005545505444 ], [ 103.758727821495924, 1.526962067338204 ], [ 103.749741499027508, 1.526963439781095 ] ] ] } },
{ "type": "Feature", "properties": { "grid_id": "JB1000_R0027_C0025", "grid_m": 1000, "row_id": 27, "col_id": 25, "x_min": 22000.0, "y_min": -57000.0, "x_max": 23000.0, "y_max": -56000.0, "center_x": 22500.0, "center_y": -56500.0, "full_area_m2": 1000000, "inside_area_m2": 1000000.0, "coverage_frac": 1.0, "is_edge": 0, "center_lon": 103.76322168440404, "center_lat": 1.5314831040474204 }, "geometry": { "type": "Polygon", "coordinates": [ [ [ 103.758727821495924, 1.526962067338204 ], [ 103.758729208096199, 1.536005545505444 ], [ 103.767715568219856, 1.536004126909614 ], [ 103.767714143952801, 1.526960657098391 ], [ 103.758727821495924, 1.526962067338204 ] ] ] } },
{ "type": "Feature", "properties": { "grid_id": "JB1000_R0027_C0026", "grid_m": 1000, "row_id": 27, "col_id": 26, "x_min": 23000.0, "y_min": -57000.0, "x_max": 24000.0, "y_max": -56000.0, "center_x": 23500.0, "center_y": -56500.0, "full_area_m2": 1000000, "inside_area_m2": 1000000.0, "coverage_frac": 1.0, "is_edge": 0, "center_lon": 103.77220802566055, "center_lat": 1.5314816706751715 }, "geometry": { "type": "Polygon", "coordinates": [ [ [ 103.767714143952801, 1.526960657098391 ], [ 103.767715568219856, 1.536004126909614 ], [ 103.776701928331505, 1.536002670292942 ], [ 103.776700466397813, 1.526959209061694 ], [ 103.767714143952801, 1.526960657098391 ] ] ] } },
{ "type": "Feature", "properties": { "grid_id": "JB1000_R0027_C0027", "grid_m": 1000, "row_id": 27, "col_id": 27, "x_min": 24000.0, "y_min": -57000.0, "x_max": 25000.0, "y_max": -56000.0, "center_x": 24500.0, "center_y": -56500.0, "full_area_m2": 1000000, "inside_area_m2": 1000000.0, "coverage_frac": 1.0, "is_edge": 0, "center_lon": 103.78119436690494, "center_lat": 1.5314801993940772 }, "geometry": { "type": "Polygon", "coordinates": [ [ [ 103.776700466397813, 1.526959209061694 ], [ 103.776701928331505, 1.536002670292942 ], [ 103.785688288430819, 1.536001175655465 ], [ 103.785686788830617, 1.526957723228146 ], [ 103.776700466397813, 1.526959209061694 ] ] ] } },
{ "type": "Feature", "properties": { "grid_id": "JB1000_R0027_C0028", "grid_m": 1000, "row_id": 27, "col_id": 28, "x_min": 25000.0, "y_min": -57000.0, "x_max": 26000.0, "y_max": -56000.0, "center_x": 25500.0, "center_y": -56500.0, "full_area_m2": 1000000, "inside_area_m2": 1000000.0, "coverage_frac": 1.0, "is_edge": 0, "center_lon": 103.79018070813693, "center_lat": 1.5314786902041737 }, "geometry": { "type": "Polygon", "coordinates": [ [ [ 103.785686788830617, 1.526957723228146 ], [ 103.785688288430819, 1.536001175655465 ], [ 103.7946746485175, 1.535999642997219 ], [ 103.794673111250944, 1.526956199597786 ], [ 103.785686788830617, 1.526957723228146 ] ] ] } },
{ "type": "Feature", "properties": { "grid_id": "JB1000_R0027_C0029", "grid_m": 1000, "row_id": 27, "col_id": 29, "x_min": 26000.0, "y_min": -57000.0, "x_max": 27000.0, "y_max": -56000.0, "center_x": 26500.0, "center_y": -56500.0, "full_area_m2": 1000000, "inside_area_m2": 1000000.0, "coverage_frac": 1.0, "is_edge": 0, "center_lon": 103.79916704935619, "center_lat": 1.5314771431054983 }, "geometry": { "type": "Polygon", "coordinates": [ [ [ 103.794673111250944, 1.526956199597786 ], [ 103.7946746485175, 1.535999642997219 ], [ 103.803661008591206, 1.535998072318243 ], [ 103.803659433658453, 1.52695463817065 ], [ 103.794673111250944, 1.526956199597786 ] ] ] } },
{ "type": "Feature", "properties": { "grid_id": "JB1000_R0027_C0030", "grid_m": 1000, "row_id": 27, "col_id": 30, "x_min": 27000.0, "y_min": -57000.0, "x_max": 28000.0, "y_max": -56000.0, "center_x": 27500.0, "center_y": -56500.0, "full_area_m2": 1000000, "inside_area_m2": 1000000.0, "coverage_frac": 1.0, "is_edge": 0, "center_lon": 103.8081533905624, "center_lat": 1.5314755580980892 }, "geometry": { "type": "Polygon", "coordinates": [ [ [ 103.803659433658453, 1.52695463817065 ], [ 103.803661008591206, 1.535998072318243 ], [ 103.812647368651625, 1.535996463618574 ], [ 103.812645756052831, 1.526953038946776 ], [ 103.803659433658453, 1.52695463817065 ] ] ] } },
{ "type": "Feature", "properties": { "grid_id": "JB1000_R0027_C0031", "grid_m": 1000, "row_id": 27, "col_id": 31, "x_min": 28000.0, "y_min": -57000.0, "x_max": 29000.0, "y_max": -56000.0, "center_x": 28500.0, "center_y": -56500.0, "full_area_m2": 1000000, "inside_area_m2": 1000000.0, "coverage_frac": 1.0, "is_edge": 0, "center_lon": 103.81713973175525, "center_lat": 1.531473935181985 }, "geometry": { "type": "Polygon", "coordinates": [ [ [ 103.812645756052831, 1.526953038946776 ], [ 103.812647368651625, 1.535996463618574 ], [ 103.821633728698444, 1.535994816898253 ], [ 103.821632078433765, 1.526951401926205 ], [ 103.812645756052831, 1.526953038946776 ] ] ] } },
{ "type": "Feature", "properties": { "grid_id": "JB1000_R0027_C0032", "grid_m": 1000, "row_id": 27, "col_id": 32, "x_min": 29000.0, "y_min": -57000.0, "x_max": 30000.0, "y_max": -56000.0, "center_x": 29500.0, "center_y": -56500.0, "full_area_m2": 1000000, "inside_area_m2": 1000000.0, "coverage_frac": 1.0, "is_edge": 0, "center_lon": 103.82612607293441, "center_lat": 1.5314722743572262 }, "geometry": { "type": "Polygon", "coordinates": [ [ [ 103.821632078433765, 1.526951401926205 ], [ 103.821633728698444, 1.535994816898253 ], [ 103.830620088731351, 1.53599313215732 ], [ 103.830618400800944, 1.526949727108976 ], [ 103.821632078433765, 1.526951401926205 ] ] ] } },
{ "type": "Feature", "properties": { "grid_id": "JB1000_R0027_C0033", "grid_m": 1000, "row_id": 27, "col_id": 33, "x_min": 30000.0, "y_min": -57000.0, "x_max": 31000.0, "y_max": -56000.0, "center_x": 30500.0, "center_y": -56500.0, "full_area_m2": 1000000, "inside_area_m2": 1000000.0, "coverage_frac": 1.0, "is_edge": 0, "center_lon": 103.8351124140996, "center_lat": 1.5314705756238536 }, "geometry": { "type": "Polygon", "coordinates": [ [ [ 103.830618400800944, 1.526949727108976 ], [ 103.830620088731351, 1.53599313215732 ], [ 103.839606448750033, 1.535991409395816 ], [ 103.839604723154068, 1.526948014495131 ], [ 103.830618400800944, 1.526949727108976 ] ] ] } },
{ "type": "Feature", "properties": { "grid_id": "JB1000_R0027_C0034", "grid_m": 1000, "row_id": 27, "col_id": 34, "x_min": 31000.0, "y_min": -57000.0, "x_max": 32000.0, "y_max": -56000.0, "center_x": 31500.0, "center_y": -56500.0, "full_area_m2": 1000000, "inside_area_m2": 1000000.0, "coverage_frac": 1.0, "is_edge": 0, "center_lon": 103.84409875525046, "center_lat": 1.5314688389819089 }, "geometry": { "type": "Polygon", "coordinates": [ [ [ 103.839604723154068, 1.526948014495131 ], [ 103.839606448750033, 1.535991409395816 ], [ 103.848592808754148, 1.535989648613785 ], [ 103.84859104549281, 1.526946264084713 ], [ 103.839604723154068, 1.526948014495131 ] ] ] } },
{ "type": "Feature", "properties": { "grid_id": "JB1000_R0027_C0035", "grid_m": 1000, "row_id": 27, "col_id": 35, "x_min": 32000.0, "y_min": -57000.0, "x_max": 33000.0, "y_max": -56000.0, "center_x": 32500.0, "center_y": -56500.0, "full_area_m2": 1000000, "inside_area_m2": 1000000.0, "coverage_frac": 1.0, "is_edge": 0, "center_lon": 103.85308509638669, "center_lat": 1.5314670644314345 }, "geometry": { "type": "Polygon", "coordinates": [ [ [ 103.84859104549281, 1.526946264084713 ], [ 103.848592808754148, 1.535989648613785 ], [ 103.857579168743413, 1.535987849811268 ], [ 103.857577367816845, 1.526944475877763 ], [ 103.84859104549281, 1.526946264084713 ] ] ] } },
{ "type": "Feature", "properties": { "grid_id": "JB1000_R0027_C0036", "grid_m": 1000, "row_id": 27, "col_id": 36, "x_min": 33000.0, "y_min": -57000.0, "x_max": 34000.0, "y_max": -56000.0, "center_x": 33500.0, "center_y": -56500.0, "full_area_m2": 1000000, "inside_area_m2": 1000000.0, "coverage_frac": 1.0, "is_edge": 0, "center_lon": 103.86207143750801, "center_lat": 1.5314652519724752 }, "geometry": { "type": "Polygon", "coordinates": [ [ [ 103.857577367816845, 1.526944475877763 ], [ 103.857579168743413, 1.535987849811268 ], [ 103.866565528717473, 1.535986012988312 ], [ 103.866563690125886, 1.526942649874326 ], [ 103.857577367816845, 1.526944475877763 ] ] ] } },
{ "type": "Feature", "properties": { "grid_id": "JB1000_R0027_C0037", "grid_m": 1000, "row_id": 27, "col_id": 37, "x_min": 34000.0, "y_min": -57000.0, "x_max": 35000.0, "y_max": -56000.0, "center_x": 34500.0, "center_y": -56500.0, "full_area_m2": 1000000, "inside_area_m2": 1000000.0, "coverage_frac": 1.0, "is_edge": 0, "center_lon": 103.87105777861406, "center_lat": 1.5314634016050745 }, "geometry": { "type": "Polygon", "coordinates": [ [ [ 103.866563690125886, 1.526942649874326 ], [ 103.866565528717473, 1.535986012988312 ], [ 103.875551888676029, 1.53598413814496 ], [ 103.875550012419595, 1.526940786074448 ], [ 103.866563690125886, 1.526942649874326 ] ] ] } },
{ "type": "Feature", "properties": { "grid_id": "JB1000_R0027_C0038", "grid_m": 1000, "row_id": 27, "col_id": 38, "x_min": 35000.0, "y_min": -57000.0, "x_max": 36000.0, "y_max": -56000.0, "center_x": 35500.0, "center_y": -56500.0, "full_area_m2": 1000000, "inside_area_m2": 1000000.0, "coverage_frac": 1.0, "is_edge": 0, "center_lon": 103.88004411970452, "center_lat": 1.5314615133292786 }, "geometry": { "type": "Polygon", "coordinates": [ [ [ 103.875550012419595, 1.526940786074448 ], [ 103.875551888676029, 1.53598413814496 ], [ 103.884538248618767, 1.53598222528126 ], [ 103.884536334697671, 1.526938884478173 ], [ 103.875550012419595, 1.526940786074448 ] ] ] } },
{ "type": "Feature", "properties": { "grid_id": "JB1000_R0027_C0039", "grid_m": 1000, "row_id": 27, "col_id": 39, "x_min": 36000.0, "y_min": -57000.0, "x_max": 37000.0, "y_max": -56000.0, "center_x": 36500.0, "center_y": -56500.0, "full_area_m2": 1000000, "inside_area_m2": 1000000.0, "coverage_frac": 1.0, "is_edge": 0, "center_lon": 103.88903046077911, "center_lat": 1.531459587145134 }, "geometry": { "type": "Polygon", "coordinates": [ [ [ 103.884536334697671, 1.526938884478173 ], [ 103.884538248618767, 1.53598222528126 ], [ 103.893524608545363, 1.535980274397257 ], [ 103.893522656959803, 1.52693694508555 ], [ 103.884536334697671, 1.526938884478173 ] ] ] } },
{ "type": "Feature", "properties": { "grid_id": "JB1000_R0027_C0040", "grid_m": 1000, "row_id": 27, "col_id": 40, "x_min": 37000.0, "y_min": -57000.0, "x_max": 38000.0, "y_max": -56000.0, "center_x": 37500.0, "center_y": -56500.0, "full_area_m2": 1000000, "inside_area_m2": 1000000.0, "coverage_frac": 1.0, "is_edge": 0, "center_lon": 103.8980168018375, "center_lat": 1.5314576230526877 }, "geometry": { "type": "Polygon", "coordinates": [ [ [ 103.893522656959803, 1.52693694508555 ], [ 103.893524608545363, 1.535980274397257 ], [ 103.902510968455488, 1.535978285493002 ], [ 103.902508979205663, 1.526934967896625 ], [ 103.893522656959803, 1.52693694508555 ] ] ] } },
{ "type": "Feature", "properties": { "grid_id": "JB1000_R0027_C0041", "grid_m": 1000, "row_id": 27, "col_id": 41, "x_min": 38000.0, "y_min": -57000.0, "x_max": 39000.0, "y_max": -56000.0, "center_x": 38500.0, "center_y": -56500.0, "full_area_m2": 1000000, "inside_area_m2": 1000000.0, "coverage_frac": 1.0, "is_edge": 0, "center_lon": 103.90700314287936, "center_lat": 1.531455621051989 }, "geometry": { "type": "Polygon", "coordinates": [ [ [ 103.902508979205663, 1.526934967896625 ], [ 103.902510968455488, 1.535978285493002 ], [ 103.911497328348858, 1.535976258568541 ], [ 103.911495301434925, 1.526932952911448 ], [ 103.902508979205663, 1.526934967896625 ] ] ] } },
{ "type": "Feature", "properties": { "grid_id": "JB1000_R0027_C0042", "grid_m": 1000, "row_id": 27, "col_id": 42, "x_min": 39000.0, "y_min": -57000.0, "x_max": 40000.0, "y_max": -56000.0, "center_x": 39500.0, "center_y": -56500.0, "full_area_m2": 1000000, "inside_area_m2": 1000000.0, "coverage_frac": 1.0, "is_edge": 0, "center_lon": 103.91598948390438, "center_lat": 1.5314535811430863 }, "geometry": { "type": "Polygon", "coordinates": [ [ [ 103.911495301434925, 1.526932952911448 ], [ 103.911497328348858, 1.535976258568541 ], [ 103.920483688225133, 1.535974193623926 ], [ 103.920481623647319, 1.526930900130067 ], [ 103.911495301434925, 1.526932952911448 ] ] ] } },
{ "type": "Feature", "properties": { "grid_id": "JB1000_R0027_C0043", "grid_m": 1000, "row_id": 27, "col_id": 43, "x_min": 40000.0, "y_min": -57000.0, "x_max": 41000.0, "y_max": -56000.0, "center_x": 40500.0, "center_y": -56500.0, "full_area_m2": 1000000, "inside_area_m2": 1000000.0, "coverage_frac": 1.0, "is_edge": 0, "center_lon": 103.92497582491227, "center_lat": 1.5314515033260303 }, "geometry": { "type": "Polygon", "coordinates": [ [ [ 103.920481623647319, 1.526930900130067 ], [ 103.920483688225133, 1.535974193623926 ], [ 103.929470048083985, 1.535972090659206 ], [ 103.929467945842504, 1.526928809552534 ], [ 103.920481623647319, 1.526930900130067 ] ] ] } },
{ "type": "Feature", "properties": { "grid_id": "JB1000_R0027_C0044", "grid_m": 1000, "row_id": 27, "col_id": 44, "x_min": 41000.0, "y_min": -57000.0, "x_max": 42000.0, "y_max": -56000.0, "center_x": 41500.0, "center_y": -56500.0, "full_area_m2": 1000000, "inside_area_m2": 1000000.0, "coverage_frac": 1.0, "is_edge": 0, "center_lon": 103.93396216590268, "center_lat": 1.5314493876008719 }, "geometry": { "type": "Polygon", "coordinates": [ [ [ 103.929467945842504, 1.526928809552534 ], [ 103.929470048083985, 1.535972090659206 ], [ 103.938456407925102, 1.535969949674435 ], [ 103.938454268020152, 1.526926681178901 ], [ 103.929467945842504, 1.526928809552534 ] ] ] } },
{ "type": "Feature", "properties": { "grid_id": "JB1000_R0027_C0045", "grid_m": 1000, "row_id": 27, "col_id": 45, "x_min": 42000.0, "y_min": -57000.0, "x_max": 43000.0, "y_max": -56000.0, "center_x": 42500.0, "center_y": -56500.0, "full_area_m2": 1000000, "inside_area_m2": 1000000.0, "coverage_frac": 1.0, "is_edge": 0, "center_lon": 103.94294850687531, "center_lat": 1.5314472339676637 }, "geometry": { "type": "Polygon", "coordinates": [ [ [ 103.938454268020152, 1.526926681178901 ], [ 103.938456407925102, 1.535969949674435 ], [ 103.947442767748186, 1.535967770669664 ], [ 103.94744059017998, 1.526924515009218 ], [ 103.938454268020152, 1.526926681178901 ] ] ] } },
{ "type": "Feature", "properties": { "grid_id": "JB1000_R0027_C0046", "grid_m": 1000, "row_id": 27, "col_id": 46, "x_min": 43000.0, "y_min": -57000.0, "x_max": 44000.0, "y_max": -56000.0, "center_x": 43500.0, "center_y": -56500.0, "full_area_m2": 1000000, "inside_area_m2": 1000000.0, "coverage_frac": 1.0, "is_edge": 0, "center_lon": 103.95193484782983, "center_lat": 1.5314450424264581 }, "geometry": { "type": "Polygon", "coordinates": [ [ [ 103.94744059017998, 1.526924515009218 ], [ 103.947442767748186, 1.535967770669664 ], [ 103.956429127552894, 1.535965553644948 ], [ 103.956426912321646, 1.526922311043541 ], [ 103.94744059017998, 1.526924515009218 ] ] ] } },
{ "type": "Feature", "properties": { "grid_id": "JB1000_R0027_C0047", "grid_m": 1000, "row_id": 27, "col_id": 47, "x_min": 44000.0, "y_min": -57000.0, "x_max": 45000.0, "y_max": -56000.0, "center_x": 44500.0, "center_y": -56500.0, "full_area_m2": 1000000, "inside_area_m2": 1000000.0, "coverage_frac": 1.0, "is_edge": 0, "center_lon": 103.96092118876595, "center_lat": 1.5314428129773097 }, "geometry": { "type": "Polygon", "coordinates": [ [ [ 103.956426912321646, 1.526922311043541 ], [ 103.956429127552894, 1.535965553644948 ], [ 103.96541548733893, 1.53596329860034 ], [ 103.965413234444867, 1.526920069281923 ], [ 103.956426912321646, 1.526922311043541 ] ] ] } },
{ "type": "Feature", "properties": { "grid_id": "JB1000_R0027_C0048", "grid_m": 1000, "row_id": 27, "col_id": 48, "x_min": 45000.0, "y_min": -57000.0, "x_max": 46000.0, "y_max": -56000.0, "center_x": 45500.0, "center_y": -56500.0, "full_area_m2": 1000000, "inside_area_m2": 1000000.0, "coverage_frac": 1.0, "is_edge": 0, "center_lon": 103.96990752968334, "center_lat": 1.5314405456202729 }, "geometry": { "type": "Polygon", "coordinates": [ [ [ 103.965413234444867, 1.526920069281923 ], [ 103.96541548733893, 1.53596329860034 ], [ 103.97440184710598, 1.535961005535897 ], [ 103.974399556549315, 1.526917789724419 ], [ 103.965413234444867, 1.526920069281923 ] ] ] } },
{ "type": "Feature", "properties": { "grid_id": "JB1000_R0027_C0049", "grid_m": 1000, "row_id": 27, "col_id": 49, "x_min": 46000.0, "y_min": -57000.0, "x_max": 47000.0, "y_max": -56000.0, "center_x": 46500.0, "center_y": -56500.0, "full_area_m2": 1000000, "inside_area_m2": 1000000.0, "coverage_frac": 1.0, "is_edge": 0, "center_lon": 103.97889387058167, "center_lat": 1.5314382403554041 }, "geometry": { "type": "Polygon", "coordinates": [ [ [ 103.974399556549315, 1.526917789724419 ], [ 103.97440184710598, 1.535961005535897 ], [ 103.983388206853689, 1.535958674451676 ], [ 103.98338587863465, 1.526915472371086 ], [ 103.974399556549315, 1.526917789724419 ] ] ] } },
{ "type": "Feature", "properties": { "grid_id": "JB1000_R0027_C0050", "grid_m": 1000, "row_id": 27, "col_id": 50, "x_min": 47000.0, "y_min": -57000.0, "x_max": 48000.0, "y_max": -56000.0, "center_x": 47500.0, "center_y": -56500.0, "full_area_m2": 1000000, "inside_area_m2": 1000000.0, "coverage_frac": 1.0, "is_edge": 0, "center_lon": 103.98788021146066, "center_lat": 1.5314358971827597 }, "geometry": { "type": "Polygon", "coordinates": [ [ [ 103.98338587863465, 1.526915472371086 ], [ 103.983388206853689, 1.535958674451676 ], [ 103.992374566581773, 1.535956305347732 ], [ 103.992372200700586, 1.526913117221981 ], [ 103.98338587863465, 1.526915472371086 ] ] ] } },
{ "type": "Feature", "properties": { "grid_id": "JB1000_R0027_C0051", "grid_m": 1000, "row_id": 27, "col_id": 51, "x_min": 48000.0, "y_min": -57000.0, "x_max": 49000.0, "y_max": -56000.0, "center_x": 48500.0, "center_y": -56500.0, "full_area_m2": 1000000, "inside_area_m2": 1000000.0, "coverage_frac": 1.0, "is_edge": 0, "center_lon": 103.99686655231997, "center_lat": 1.5314335161023975 }, "geometry": { "type": "Polygon", "coordinates": [ [ [ 103.992372200700586, 1.526913117221981 ], [ 103.992374566581773, 1.535956305347732 ], [ 104.001360926289905, 1.535953898224125 ], [ 104.001358522746813, 1.52691072427716 ], [ 103.992372200700586, 1.526913117221981 ] ] ] } },
{ "type": "Feature", "properties": { "grid_id": "JB1000_R0027_C0052", "grid_m": 1000, "row_id": 27, "col_id": 52, "x_min": 49000.0, "y_min": -57000.0, "x_max": 50000.0, "y_max": -56000.0, "center_x": 49500.0, "center_y": -56500.0, "full_area_m2": 1000000, "inside_area_m2": 1000000.0, "coverage_frac": 1.0, "is_edge": 0, "center_lon": 104.00585289315927, "center_lat": 1.5314310971143763 }, "geometry": { "type": "Polygon", "coordinates": [ [ [ 104.001358522746813, 1.52691072427716 ], [ 104.001360926289905, 1.535953898224125 ], [ 104.010347285977772, 1.535951453080915 ], [ 104.010344844773016, 1.526908293536685 ], [ 104.001358522746813, 1.52691072427716 ] ] ] } },
{ "type": "Feature", "properties": { "grid_id": "JB1000_R0027_C0053", "grid_m": 1000, "row_id": 27, "col_id": 53, "x_min": 50000.0, "y_min": -57000.0, "x_max": 51000.0, "y_max": -56000.0, "center_x": 50500.0, "center_y": -56500.0, "full_area_m2": 1000000, "inside_area_m2": 1000000.0, "coverage_frac": 1.0, "is_edge": 0, "center_lon": 104.01483923397828, "center_lat": 1.5314286402187556 }, "geometry": { "type": "Polygon", "coordinates": [ [ [ 104.010344844773016, 1.526908293536685 ], [ 104.010347285977772, 1.535951453080915 ], [ 104.019333645645048, 1.53594896991816 ], [ 104.019331166778869, 1.526905825000614 ], [ 104.010344844773016, 1.526908293536685 ] ] ] } },
{ "type": "Feature", "properties": { "grid_id": "JB1000_R0027_C0054", "grid_m": 1000, "row_id": 27, "col_id": 54, "x_min": 51000.0, "y_min": -57000.0, "x_max": 52000.0, "y_max": -56000.0, "center_x": 51500.0, "center_y": -56500.0, "full_area_m2": 1000000, "inside_area_m2": 109526.12461687601, "coverage_frac": 0.10952612461687601, "is_edge": 1, "center_lon": 104.02382557477665, "center_lat": 1.5314261454155957 }, "geometry": { "type": "Polygon", "coordinates": [ [ [ 104.019331166778869, 1.526905825000614 ], [ 104.019333645645048, 1.53594896991816 ], [ 104.020167044307328, 1.535948737702162 ], [ 104.020362007379759, 1.529374101545469 ], [ 104.020548898423371, 1.52690548758278 ], [ 104.019331166778869, 1.526905825000614 ] ] ] } },
{ "type": "Feature", "properties": { "grid_id": "JB1000_R0028_C0001", "grid_m": 1000, "row_id": 28, "col_id": 1, "x_min": -2000.0, "y_min": -56000.0, "x_max": -1000.0, "y_max": -55000.0, "center_x": -1500.0, "center_y": -55500.0, "full_area_m2": 1000000, "inside_area_m2": 72132.681018900781, "coverage_frac": 0.072132681018900788, "is_edge": 1, "center_lon": 103.54754999432099, "center_lat": 1.5405497419282796 }, "geometry": { "type": "Polygon", "coordinates": [ [ [ 103.552042922667525, 1.536027679388817 ], [ 103.550123352734019, 1.536027790687188 ], [ 103.55073475598256, 1.536750904686582 ], [ 103.551087744073598, 1.5373005014039 ], [ 103.551215987876546, 1.538300347833848 ], [ 103.551262548388038, 1.539248322937659 ], [ 103.551237559070955, 1.539972517292987 ], [ 103.551481707062919, 1.541718266929833 ], [ 103.551553546824096, 1.54206444972669 ], [ 103.551806340934249, 1.543066958627954 ], [ 103.551952166017273, 1.543604136193952 ], [ 103.55204338371415, 1.543998067656427 ], [ 103.552042922667525, 1.536027679388817 ] ] ] } },
{ "type": "Feature", "properties": { "grid_id": "JB1000_R0028_C0002", "grid_m": 1000, "row_id": 28, "col_id": 2, "x_min": -1000.0, "y_min": -56000.0, "x_max": 0.0, "y_max": -55000.0, "center_x": -500.0, "center_y": -55500.0, "full_area_m2": 1000000, "inside_area_m2": 998489.2456000488, "coverage_frac": 0.99848924560004881, "is_edge": 1, "center_lon": 103.55653637355348, "center_lat": 1.5405492152837441 }, "geometry": { "type": "Polygon", "coordinates": [ [ [ 103.561029844180908, 1.545070739850158 ], [ 103.561029282979788, 1.536027135280086 ], [ 103.552042922667525, 1.536027679388817 ], [ 103.55204338371415, 1.543998067656427 ], [ 103.552081026568331, 1.54416063150502 ], [ 103.552268742919409, 1.545071273909667 ], [ 103.561029844180908, 1.545070739850158 ] ] ] } },
{ "type": "Feature", "properties": { "grid_id": "JB1000_R0028_C0003", "grid_m": 1000, "row_id": 28, "col_id": 3, "x_min": 0.0, "y_min": -56000.0, "x_max": 1000.0, "y_max": -55000.0, "center_x": 500.0, "center_y": -55500.0, "full_area_m2": 1000000, "inside_area_m2": 1000000.0, "coverage_frac": 1.0, "is_edge": 0, "center_lon": 103.56552275278142, "center_lat": 1.5405486505058135 }, "geometry": { "type": "Polygon", "coordinates": [ [ [ 103.561029282979788, 1.536027135280086 ], [ 103.561029844180908, 1.545070739850158 ], [ 103.570016242380106, 1.545070154291044 ], [ 103.57001564328732, 1.536026553149947 ], [ 103.561029282979788, 1.536027135280086 ] ] ] } },
{ "type": "Feature", "properties": { "grid_id": "JB1000_R0028_C0004", "grid_m": 1000, "row_id": 28, "col_id": 4, "x_min": 1000.0, "y_min": -56000.0, "x_max": 2000.0, "y_max": -55000.0, "center_x": 1500.0, "center_y": -55500.0, "full_area_m2": 1000000, "inside_area_m2": 1000000.0, "coverage_frac": 1.0, "is_edge": 0, "center_lon": 103.57450913200445, "center_lat": 1.5405480475945015 }, "geometry": { "type": "Polygon", "coordinates": [ [ [ 103.57001564328732, 1.536026553149947 ], [ 103.570016242380106, 1.545070154291044 ], [ 103.579002640574217, 1.545069530486575 ], [ 103.579002003589835, 1.536025932998414 ], [ 103.57001564328732, 1.536026553149947 ] ] ] } },
{ "type": "Feature", "properties": { "grid_id": "JB1000_R0028_C0005", "grid_m": 1000, "row_id": 28, "col_id": 5, "x_min": 2000.0, "y_min": -56000.0, "x_max": 3000.0, "y_max": -55000.0, "center_x": 2500.0, "center_y": -55500.0, "full_area_m2": 1000000, "inside_area_m2": 1000000.0, "coverage_frac": 1.0, "is_edge": 0, "center_lon": 103.5834955112223, "center_lat": 1.540547406549823 }, "geometry": { "type": "Polygon", "coordinates": [ [ [ 103.579002003589835, 1.536025932998414 ], [ 103.579002640574217, 1.545069530486575 ], [ 103.587989038762913, 1.545068868436767 ], [ 103.587988363887007, 1.536025274825503 ], [ 103.579002003589835, 1.536025932998414 ] ] ] } },
{ "type": "Feature", "properties": { "grid_id": "JB1000_R0028_C0006", "grid_m": 1000, "row_id": 28, "col_id": 6, "x_min": 3000.0, "y_min": -56000.0, "x_max": 4000.0, "y_max": -55000.0, "center_x": 3500.0, "center_y": -55500.0, "full_area_m2": 1000000, "inside_area_m2": 1000000.0, "coverage_frac": 1.0, "is_edge": 0, "center_lon": 103.59248189043458, "center_lat": 1.5405467273717939 }, "geometry": { "type": "Polygon", "coordinates": [ [ [ 103.587988363887007, 1.536025274825503 ], [ 103.587989038762913, 1.545068868436767 ], [ 103.596975436945897, 1.545068168141636 ], [ 103.596974724178523, 1.536024578631229 ], [ 103.587988363887007, 1.536025274825503 ] ] ] } },
{ "type": "Feature", "properties": { "grid_id": "JB1000_R0028_C0007", "grid_m": 1000, "row_id": 28, "col_id": 7, "x_min": 4000.0, "y_min": -56000.0, "x_max": 5000.0, "y_max": -55000.0, "center_x": 4500.0, "center_y": -55500.0, "full_area_m2": 1000000, "inside_area_m2": 1000000.0, "coverage_frac": 1.0, "is_edge": 0, "center_lon": 103.60146826964103, "center_lat": 1.5405460100604311 }, "geometry": { "type": "Polygon", "coordinates": [ [ [ 103.596974724178523, 1.536024578631229 ], [ 103.596975436945897, 1.545068168141636 ], [ 103.605961835122827, 1.5450674296012 ], [ 103.60596108446407, 1.53602384441561 ], [ 103.596974724178523, 1.536024578631229 ] ] ] } },
{ "type": "Feature", "properties": { "grid_id": "JB1000_R0028_C0008", "grid_m": 1000, "row_id": 28, "col_id": 8, "x_min": 5000.0, "y_min": -56000.0, "x_max": 6000.0, "y_max": -55000.0, "center_x": 5500.0, "center_y": -55500.0, "full_area_m2": 1000000, "inside_area_m2": 1000000.0, "coverage_frac": 1.0, "is_edge": 0, "center_lon": 103.6104546488413, "center_lat": 1.5405452546157519 }, "geometry": { "type": "Polygon", "coordinates": [ [ [ 103.60596108446407, 1.53602384441561 ], [ 103.605961835122827, 1.5450674296012 ], [ 103.61494823329339, 1.545066652815476 ], [ 103.614947444743322, 1.536023072178665 ], [ 103.60596108446407, 1.53602384441561 ] ] ] } },
{ "type": "Feature", "properties": { "grid_id": "JB1000_R0028_C0009", "grid_m": 1000, "row_id": 28, "col_id": 9, "x_min": 6000.0, "y_min": -56000.0, "x_max": 7000.0, "y_max": -55000.0, "center_x": 6500.0, "center_y": -55500.0, "full_area_m2": 1000000, "inside_area_m2": 1000000.0, "coverage_frac": 1.0, "is_edge": 0, "center_lon": 103.61944102803508, "center_lat": 1.540544461037775 }, "geometry": { "type": "Polygon", "coordinates": [ [ [ 103.614947444743322, 1.536023072178665 ], [ 103.61494823329339, 1.545066652815476 ], [ 103.62393463145726, 1.545065837784483 ], [ 103.623933805015952, 1.536022261920411 ], [ 103.614947444743322, 1.536023072178665 ] ] ] } },
{ "type": "Feature", "properties": { "grid_id": "JB1000_R0028_C0010", "grid_m": 1000, "row_id": 28, "col_id": 10, "x_min": 7000.0, "y_min": -56000.0, "x_max": 8000.0, "y_max": -55000.0, "center_x": 7500.0, "center_y": -55500.0, "full_area_m2": 1000000, "inside_area_m2": 956118.59912437887, "coverage_frac": 0.95611859912437891, "is_edge": 1, "center_lon": 103.62842740722206, "center_lat": 1.54054362932652 }, "geometry": { "type": "Polygon", "coordinates": [ [ [ 103.632920165281675, 1.536021413640869 ], [ 103.623933805015952, 1.536022261920411 ], [ 103.62393463145726, 1.545065837784483 ], [ 103.630080581573253, 1.545065258348213 ], [ 103.630080809629902, 1.545000469360428 ], [ 103.630254069470467, 1.54469777513463 ], [ 103.63090639337662, 1.544114944625881 ], [ 103.631986936933401, 1.54357578966896 ], [ 103.632598872768895, 1.543051590687422 ], [ 103.632920800592245, 1.542673881538516 ], [ 103.632920165281675, 1.536021413640869 ] ] ] } },
{ "type": "Feature", "properties": { "grid_id": "JB1000_R0028_C0011", "grid_m": 1000, "row_id": 28, "col_id": 11, "x_min": 8000.0, "y_min": -56000.0, "x_max": 9000.0, "y_max": -55000.0, "center_x": 8500.0, "center_y": -55500.0, "full_area_m2": 1000000, "inside_area_m2": 659308.26639169932, "coverage_frac": 0.65930826639169937, "is_edge": 1, "center_lon": 103.63741378640191, "center_lat": 1.5405427594820074 }, "geometry": { "type": "Polygon", "coordinates": [ [ [ 103.641906525540136, 1.53602052734006 ], [ 103.632920165281675, 1.536021413640869 ], [ 103.632920800592245, 1.542673881538516 ], [ 103.63308594834912, 1.542480118111138 ], [ 103.63417358249221, 1.54270257979757 ], [ 103.634551555204297, 1.5426645978422 ], [ 103.635584018184161, 1.542501271695942 ], [ 103.635898475458617, 1.542415373999393 ], [ 103.636515329301631, 1.541713678911931 ], [ 103.637709310100618, 1.541324957331226 ], [ 103.638678237423889, 1.540342290817576 ], [ 103.639436350592248, 1.541131208170244 ], [ 103.639690709437119, 1.542159580713727 ], [ 103.639723088281301, 1.542294977280101 ], [ 103.640036931569128, 1.5424669558808 ], [ 103.641605813308971, 1.54229283673682 ], [ 103.641907157096099, 1.542356592704979 ], [ 103.641906525540136, 1.53602052734006 ] ] ] } },
{ "type": "Feature", "properties": { "grid_id": "JB1000_R0028_C0012", "grid_m": 1000, "row_id": 28, "col_id": 12, "x_min": 9000.0, "y_min": -56000.0, "x_max": 10000.0, "y_max": -55000.0, "center_x": 9500.0, "center_y": -55500.0, "full_area_m2": 1000000, "inside_area_m2": 951581.79862018244, "coverage_frac": 0.95158179862018244, "is_edge": 1, "center_lon": 103.64640016557431, "center_lat": 1.5405418515042586 }, "geometry": { "type": "Polygon", "coordinates": [ [ [ 103.650893825905541, 1.5450631632201 ], [ 103.650892885791023, 1.536019603018005 ], [ 103.641906525540136, 1.53602052734006 ], [ 103.641907157096099, 1.542356592704979 ], [ 103.642499567702856, 1.542481930176826 ], [ 103.642723384999627, 1.542614825874596 ], [ 103.643027679898026, 1.543007565466121 ], [ 103.643819121177472, 1.544488981444219 ], [ 103.644092645344188, 1.5450638704152 ], [ 103.650893825905541, 1.5450631632201 ] ] ] } },
{ "type": "Feature", "properties": { "grid_id": "JB1000_R0028_C0013", "grid_m": 1000, "row_id": 28, "col_id": 13, "x_min": 10000.0, "y_min": -56000.0, "x_max": 11000.0, "y_max": -55000.0, "center_x": 10500.0, "center_y": -55500.0, "full_area_m2": 1000000, "inside_area_m2": 1000000.0, "coverage_frac": 1.0, "is_edge": 0, "center_lon": 103.65538654473893, "center_lat": 1.5405409053932961 }, "geometry": { "type": "Polygon", "coordinates": [ [ [ 103.650892885791023, 1.536019603018005 ], [ 103.650893825905541, 1.5450631632201 ], [ 103.659880224039455, 1.545062195208244 ], [ 103.659879246034038, 1.536018640674728 ], [ 103.650892885791023, 1.536019603018005 ] ] ] } },
{ "type": "Feature", "properties": { "grid_id": "JB1000_R0028_C0014", "grid_m": 1000, "row_id": 28, "col_id": 14, "x_min": 11000.0, "y_min": -56000.0, "x_max": 12000.0, "y_max": -55000.0, "center_x": 11500.0, "center_y": -55500.0, "full_area_m2": 1000000, "inside_area_m2": 1000000.0, "coverage_frac": 1.0, "is_edge": 0, "center_lon": 103.66437292389547, "center_lat": 1.5405399211491431 }, "geometry": { "type": "Polygon", "coordinates": [ [ [ 103.659879246034038, 1.536018640674728 ], [ 103.659880224039455, 1.545062195208244 ], [ 103.668866622165069, 1.545061188951229 ], [ 103.668865606268866, 1.536017640310253 ], [ 103.659879246034038, 1.536018640674728 ] ] ] } },
{ "type": "Feature", "properties": { "grid_id": "JB1000_R0028_C0015", "grid_m": 1000, "row_id": 28, "col_id": 15, "x_min": 12000.0, "y_min": -56000.0, "x_max": 13000.0, "y_max": -55000.0, "center_x": 12500.0, "center_y": -55500.0, "full_area_m2": 1000000, "inside_area_m2": 1000000.0, "coverage_frac": 1.0, "is_edge": 0, "center_lon": 103.67335930304361, "center_lat": 1.5405388987718236 }, "geometry": { "type": "Polygon", "coordinates": [ [ [ 103.668865606268866, 1.536017640310253 ], [ 103.668866622165069, 1.545061188951229 ], [ 103.677853020282058, 1.545060144449081 ], [ 103.677851966495169, 1.536016601924603 ], [ 103.668865606268866, 1.536017640310253 ] ] ] } },
{ "type": "Feature", "properties": { "grid_id": "JB1000_R0028_C0016", "grid_m": 1000, "row_id": 28, "col_id": 16, "x_min": 13000.0, "y_min": -56000.0, "x_max": 14000.0, "y_max": -55000.0, "center_x": 13500.0, "center_y": -55500.0, "full_area_m2": 1000000, "inside_area_m2": 1000000.0, "coverage_frac": 1.0, "is_edge": 0, "center_lon": 103.68234568218301, "center_lat": 1.5405378382613633 }, "geometry": { "type": "Polygon", "coordinates": [ [ [ 103.677851966495169, 1.536016601924603 ], [ 103.677853020282058, 1.545060144449081 ], [ 103.686839418390107, 1.545059061701824 ], [ 103.686838326712632, 1.536015525517804 ], [ 103.677851966495169, 1.536016601924603 ] ] ] } },
{ "type": "Feature", "properties": { "grid_id": "JB1000_R0028_C0017", "grid_m": 1000, "row_id": 28, "col_id": 17, "x_min": 14000.0, "y_min": -56000.0, "x_max": 15000.0, "y_max": -55000.0, "center_x": 14500.0, "center_y": -55500.0, "full_area_m2": 1000000, "inside_area_m2": 1000000.0, "coverage_frac": 1.0, "is_edge": 0, "center_lon": 103.69133206131337, "center_lat": 1.540536739617788 }, "geometry": { "type": "Polygon", "coordinates": [ [ [ 103.686838326712632, 1.536015525517804 ], [ 103.686839418390107, 1.545059061701824 ], [ 103.695825816488906, 1.545057940709486 ], [ 103.695824686920943, 1.536014411089883 ], [ 103.686838326712632, 1.536015525517804 ] ] ] } },
{ "type": "Feature", "properties": { "grid_id": "JB1000_R0028_C0018", "grid_m": 1000, "row_id": 28, "col_id": 18, "x_min": 15000.0, "y_min": -56000.0, "x_max": 16000.0, "y_max": -55000.0, "center_x": 15500.0, "center_y": -55500.0, "full_area_m2": 1000000, "inside_area_m2": 1000000.0, "coverage_frac": 1.0, "is_edge": 0, "center_lon": 103.70031844043436, "center_lat": 1.5405356028411248 }, "geometry": { "type": "Polygon", "coordinates": [ [ [ 103.695824686920943, 1.536014411089883 ], [ 103.695825816488906, 1.545057940709486 ], [ 103.704812214578098, 1.545056781472095 ], [ 103.70481104711979, 1.536013258640868 ], [ 103.695824686920943, 1.536014411089883 ] ] ] } },
{ "type": "Feature", "properties": { "grid_id": "JB1000_R0028_C0019", "grid_m": 1000, "row_id": 28, "col_id": 19, "x_min": 16000.0, "y_min": -56000.0, "x_max": 17000.0, "y_max": -55000.0, "center_x": 16500.0, "center_y": -55500.0, "full_area_m2": 1000000, "inside_area_m2": 1000000.0, "coverage_frac": 1.0, "is_edge": 0, "center_lon": 103.70930481954566, "center_lat": 1.5405344279314017 }, "geometry": { "type": "Polygon", "coordinates": [ [ [ 103.70481104711979, 1.536013258640868 ], [ 103.704812214578098, 1.545056781472095 ], [ 103.713798612657413, 1.545055583989678 ], [ 103.713797407308846, 1.536012068170787 ], [ 103.70481104711979, 1.536013258640868 ] ] ] } },
{ "type": "Feature", "properties": { "grid_id": "JB1000_R0028_C0020", "grid_m": 1000, "row_id": 28, "col_id": 20, "x_min": 17000.0, "y_min": -56000.0, "x_max": 18000.0, "y_max": -55000.0, "center_x": 17500.0, "center_y": -55500.0, "full_area_m2": 1000000, "inside_area_m2": 1000000.0, "coverage_frac": 1.0, "is_edge": 0, "center_lon": 103.71829119864697, "center_lat": 1.5405332148886479 }, "geometry": { "type": "Polygon", "coordinates": [ [ [ 103.713797407308846, 1.536012068170787 ], [ 103.713798612657413, 1.545055583989678 ], [ 103.722785010726497, 1.545054348262265 ], [ 103.722783767487797, 1.536010839679668 ], [ 103.713797407308846, 1.536012068170787 ] ] ] } },
{ "type": "Feature", "properties": { "grid_id": "JB1000_R0028_C0021", "grid_m": 1000, "row_id": 28, "col_id": 21, "x_min": 18000.0, "y_min": -56000.0, "x_max": 19000.0, "y_max": -55000.0, "center_x": 18500.0, "center_y": -55500.0, "full_area_m2": 1000000, "inside_area_m2": 1000000.0, "coverage_frac": 1.0, "is_edge": 0, "center_lon": 103.72727757773794, "center_lat": 1.5405319637128929 }, "geometry": { "type": "Polygon", "coordinates": [ [ [ 103.722783767487797, 1.536010839679668 ], [ 103.722785010726497, 1.545054348262265 ], [ 103.731771408785036, 1.545053074289887 ], [ 103.731770127656318, 1.536009573167543 ], [ 103.722783767487797, 1.536010839679668 ] ] ] } },
{ "type": "Feature", "properties": { "grid_id": "JB1000_R0028_C0022", "grid_m": 1000, "row_id": 28, "col_id": 22, "x_min": 19000.0, "y_min": -56000.0, "x_max": 20000.0, "y_max": -55000.0, "center_x": 19500.0, "center_y": -55500.0, "full_area_m2": 1000000, "inside_area_m2": 1000000.0, "coverage_frac": 1.0, "is_edge": 0, "center_lon": 103.73626395681828, "center_lat": 1.5405306744041676 }, "geometry": { "type": "Polygon", "coordinates": [ [ [ 103.731770127656318, 1.536009573167543 ], [ 103.731771408785036, 1.545053074289887 ], [ 103.74075780683269, 1.545051762072575 ], [ 103.74075648781411, 1.536008268634443 ], [ 103.731770127656318, 1.536009573167543 ] ] ] } },
{ "type": "Feature", "properties": { "grid_id": "JB1000_R0028_C0023", "grid_m": 1000, "row_id": 28, "col_id": 23, "x_min": 20000.0, "y_min": -56000.0, "x_max": 21000.0, "y_max": -55000.0, "center_x": 20500.0, "center_y": -55500.0, "full_area_m2": 1000000, "inside_area_m2": 1000000.0, "coverage_frac": 1.0, "is_edge": 0, "center_lon": 103.74525033588765, "center_lat": 1.5405293469625039 }, "geometry": { "type": "Polygon", "coordinates": [ [ [ 103.74075648781411, 1.536008268634443 ], [ 103.74075780683269, 1.545051762072575 ], [ 103.749744204869174, 1.545050411610362 ], [ 103.749742847960832, 1.536006926080399 ], [ 103.74075648781411, 1.536008268634443 ] ] ] } },
{ "type": "Feature", "properties": { "grid_id": "JB1000_R0028_C0024", "grid_m": 1000, "row_id": 28, "col_id": 24, "x_min": 21000.0, "y_min": -56000.0, "x_max": 22000.0, "y_max": -55000.0, "center_x": 21500.0, "center_y": -55500.0, "full_area_m2": 1000000, "inside_area_m2": 1000000.0, "coverage_frac": 1.0, "is_edge": 0, "center_lon": 103.75423671494573, "center_lat": 1.5405279813879345 }, "geometry": { "type": "Polygon", "coordinates": [ [ [ 103.749742847960832, 1.536006926080399 ], [ 103.749744204869174, 1.545050411610362 ], [ 103.758730602894133, 1.54504902290328 ], [ 103.758729208096199, 1.536005545505444 ], [ 103.749742847960832, 1.536006926080399 ] ] ] } },
{ "type": "Feature", "properties": { "grid_id": "JB1000_R0028_C0025", "grid_m": 1000, "row_id": 28, "col_id": 25, "x_min": 22000.0, "y_min": -56000.0, "x_max": 23000.0, "y_max": -55000.0, "center_x": 22500.0, "center_y": -55500.0, "full_area_m2": 1000000, "inside_area_m2": 1000000.0, "coverage_frac": 1.0, "is_edge": 0, "center_lon": 103.76322309399221, "center_lat": 1.5405265776804928 }, "geometry": { "type": "Polygon", "coordinates": [ [ [ 103.758729208096199, 1.536005545505444 ], [ 103.758730602894133, 1.54504902290328 ], [ 103.767717000907282, 1.545047595951364 ], [ 103.767715568219856, 1.536004126909614 ], [ 103.758729208096199, 1.536005545505444 ] ] ] } },
{ "type": "Feature", "properties": { "grid_id": "JB1000_R0028_C0026", "grid_m": 1000, "row_id": 28, "col_id": 26, "x_min": 23000.0, "y_min": -56000.0, "x_max": 24000.0, "y_max": -55000.0, "center_x": 23500.0, "center_y": -55500.0, "full_area_m2": 1000000, "inside_area_m2": 1000000.0, "coverage_frac": 1.0, "is_edge": 0, "center_lon": 103.77220947302678, "center_lat": 1.5405251358402139 }, "geometry": { "type": "Polygon", "coordinates": [ [ [ 103.767715568219856, 1.536004126909614 ], [ 103.767717000907282, 1.545047595951364 ], [ 103.776703398908253, 1.545046130754649 ], [ 103.776701928331505, 1.536002670292942 ], [ 103.767715568219856, 1.536004126909614 ] ] ] } },
{ "type": "Feature", "properties": { "grid_id": "JB1000_R0028_C0027", "grid_m": 1000, "row_id": 28, "col_id": 27, "x_min": 24000.0, "y_min": -56000.0, "x_max": 25000.0, "y_max": -55000.0, "center_x": 24500.0, "center_y": -55500.0, "full_area_m2": 1000000, "inside_area_m2": 1000000.0, "coverage_frac": 1.0, "is_edge": 0, "center_lon": 103.78119585204909, "center_lat": 1.5405236558671327 }, "geometry": { "type": "Polygon", "coordinates": [ [ [ 103.776701928331505, 1.536002670292942 ], [ 103.776703398908253, 1.545046130754649 ], [ 103.785689796896776, 1.545044627313172 ], [ 103.785688288430819, 1.536001175655465 ], [ 103.776701928331505, 1.536002670292942 ] ] ] } },
{ "type": "Feature", "properties": { "grid_id": "JB1000_R0028_C0028", "grid_m": 1000, "row_id": 28, "col_id": 28, "x_min": 25000.0, "y_min": -56000.0, "x_max": 26000.0, "y_max": -55000.0, "center_x": 25500.0, "center_y": -55500.0, "full_area_m2": 1000000, "inside_area_m2": 1000000.0, "coverage_frac": 1.0, "is_edge": 0, "center_lon": 103.79018223105885, "center_lat": 1.5405221377612861 }, "geometry": { "type": "Polygon", "coordinates": [ [ [ 103.785688288430819, 1.536001175655465 ], [ 103.785689796896776, 1.545044627313172 ], [ 103.79467619487248, 1.545043085626968 ], [ 103.7946746485175, 1.535999642997219 ], [ 103.785688288430819, 1.536001175655465 ] ] ] } },
{ "type": "Feature", "properties": { "grid_id": "JB1000_R0028_C0029", "grid_m": 1000, "row_id": 28, "col_id": 29, "x_min": 26000.0, "y_min": -56000.0, "x_max": 27000.0, "y_max": -55000.0, "center_x": 26500.0, "center_y": -55500.0, "full_area_m2": 1000000, "inside_area_m2": 1000000.0, "coverage_frac": 1.0, "is_edge": 0, "center_lon": 103.79916861005573, "center_lat": 1.5405205815227112 }, "geometry": { "type": "Polygon", "coordinates": [ [ [ 103.7946746485175, 1.535999642997219 ], [ 103.79467619487248, 1.545043085626968 ], [ 103.803662592835082, 1.545041505696077 ], [ 103.803661008591206, 1.535998072318243 ], [ 103.7946746485175, 1.535999642997219 ] ] ] } },
{ "type": "Feature", "properties": { "grid_id": "JB1000_R0028_C0030", "grid_m": 1000, "row_id": 28, "col_id": 30, "x_min": 27000.0, "y_min": -56000.0, "x_max": 28000.0, "y_max": -55000.0, "center_x": 27500.0, "center_y": -55500.0, "full_area_m2": 1000000, "inside_area_m2": 1000000.0, "coverage_frac": 1.0, "is_edge": 0, "center_lon": 103.80815498903941, "center_lat": 1.5405189871514466 }, "geometry": { "type": "Polygon", "coordinates": [ [ [ 103.803661008591206, 1.535998072318243 ], [ 103.803662592835082, 1.545041505696077 ], [ 103.81264899078424, 1.545039887520537 ], [ 103.812647368651625, 1.535996463618574 ], [ 103.803661008591206, 1.535998072318243 ] ] ] } },
{ "type": "Feature", "properties": { "grid_id": "JB1000_R0028_C0031", "grid_m": 1000, "row_id": 28, "col_id": 31, "x_min": 28000.0, "y_min": -56000.0, "x_max": 29000.0, "y_max": -55000.0, "center_x": 28500.0, "center_y": -55500.0, "full_area_m2": 1000000, "inside_area_m2": 1000000.0, "coverage_frac": 1.0, "is_edge": 0, "center_lon": 103.81714136800956, "center_lat": 1.5405173546475313 }, "geometry": { "type": "Polygon", "coordinates": [ [ [ 103.812647368651625, 1.535996463618574 ], [ 103.81264899078424, 1.545039887520537 ], [ 103.821635388719628, 1.545038231100388 ], [ 103.821633728698444, 1.535994816898253 ], [ 103.812647368651625, 1.535996463618574 ] ] ] } },
{ "type": "Feature", "properties": { "grid_id": "JB1000_R0028_C0032", "grid_m": 1000, "row_id": 28, "col_id": 32, "x_min": 29000.0, "y_min": -56000.0, "x_max": 30000.0, "y_max": -55000.0, "center_x": 29500.0, "center_y": -55500.0, "full_area_m2": 1000000, "inside_area_m2": 1000000.0, "coverage_frac": 1.0, "is_edge": 0, "center_lon": 103.82612774696587, "center_lat": 1.5405156840110057 }, "geometry": { "type": "Polygon", "coordinates": [ [ [ 103.821633728698444, 1.535994816898253 ], [ 103.821635388719628, 1.545038231100388 ], [ 103.830621786640947, 1.54503653643567 ], [ 103.830620088731351, 1.53599313215732 ], [ 103.821633728698444, 1.535994816898253 ] ] ] } },
{ "type": "Feature", "properties": { "grid_id": "JB1000_R0028_C0033", "grid_m": 1000, "row_id": 28, "col_id": 33, "x_min": 30000.0, "y_min": -56000.0, "x_max": 31000.0, "y_max": -55000.0, "center_x": 30500.0, "center_y": -55500.0, "full_area_m2": 1000000, "inside_area_m2": 1000000.0, "coverage_frac": 1.0, "is_edge": 0, "center_lon": 103.83511412590804, "center_lat": 1.5405139752419112 }, "geometry": { "type": "Polygon", "coordinates": [ [ [ 103.830620088731351, 1.53599313215732 ], [ 103.830621786640947, 1.54503653643567 ], [ 103.839608184547856, 1.545034803526426 ], [ 103.839606448750033, 1.535991409395816 ], [ 103.830620088731351, 1.53599313215732 ] ] ] } },
{ "type": "Feature", "properties": { "grid_id": "JB1000_R0028_C0034", "grid_m": 1000, "row_id": 28, "col_id": 34, "x_min": 31000.0, "y_min": -56000.0, "x_max": 32000.0, "y_max": -55000.0, "center_x": 31500.0, "center_y": -55500.0, "full_area_m2": 1000000, "inside_area_m2": 1000000.0, "coverage_frac": 1.0, "is_edge": 0, "center_lon": 103.84410050483571, "center_lat": 1.5405122283402892 }, "geometry": { "type": "Polygon", "coordinates": [ [ [ 103.839606448750033, 1.535991409395816 ], [ 103.839608184547856, 1.545034803526426 ], [ 103.848594582440043, 1.545033032372698 ], [ 103.848592808754148, 1.535989648613785 ], [ 103.839606448750033, 1.535991409395816 ] ] ] } },
{ "type": "Feature", "properties": { "grid_id": "JB1000_R0028_C0035", "grid_m": 1000, "row_id": 28, "col_id": 35, "x_min": 32000.0, "y_min": -56000.0, "x_max": 33000.0, "y_max": -55000.0, "center_x": 32500.0, "center_y": -55500.0, "full_area_m2": 1000000, "inside_area_m2": 1000000.0, "coverage_frac": 1.0, "is_edge": 0, "center_lon": 103.85308688374859, "center_lat": 1.5405104433061836 }, "geometry": { "type": "Polygon", "coordinates": [ [ [ 103.848592808754148, 1.535989648613785 ], [ 103.848594582440043, 1.545033032372698 ], [ 103.857580980317181, 1.54503122297453 ], [ 103.857579168743413, 1.535987849811268 ], [ 103.848592808754148, 1.535989648613785 ] ] ] } },
{ "type": "Feature", "properties": { "grid_id": "JB1000_R0028_C0036", "grid_m": 1000, "row_id": 28, "col_id": 36, "x_min": 33000.0, "y_min": -56000.0, "x_max": 34000.0, "y_max": -55000.0, "center_x": 33500.0, "center_y": -55500.0, "full_area_m2": 1000000, "inside_area_m2": 1000000.0, "coverage_frac": 1.0, "is_edge": 0, "center_lon": 103.86207326264635, "center_lat": 1.5405086201396376 }, "geometry": { "type": "Polygon", "coordinates": [ [ [ 103.857579168743413, 1.535987849811268 ], [ 103.857580980317181, 1.54503122297453 ], [ 103.866567378178956, 1.545029375331967 ], [ 103.866565528717473, 1.535986012988312 ], [ 103.857579168743413, 1.535987849811268 ] ] ] } },
{ "type": "Feature", "properties": { "grid_id": "JB1000_R0028_C0037", "grid_m": 1000, "row_id": 28, "col_id": 37, "x_min": 34000.0, "y_min": -56000.0, "x_max": 35000.0, "y_max": -55000.0, "center_x": 34500.0, "center_y": -55500.0, "full_area_m2": 1000000, "inside_area_m2": 1000000.0, "coverage_frac": 1.0, "is_edge": 0, "center_lon": 103.87105964152867, "center_lat": 1.5405067588406967 }, "geometry": { "type": "Polygon", "coordinates": [ [ [ 103.866565528717473, 1.535986012988312 ], [ 103.866567378178956, 1.545029375331967 ], [ 103.875553776025043, 1.545027489445054 ], [ 103.875551888676029, 1.53598413814496 ], [ 103.866565528717473, 1.535986012988312 ] ] ] } },
{ "type": "Feature", "properties": { "grid_id": "JB1000_R0028_C0038", "grid_m": 1000, "row_id": 28, "col_id": 38, "x_min": 35000.0, "y_min": -56000.0, "x_max": 36000.0, "y_max": -55000.0, "center_x": 35500.0, "center_y": -55500.0, "full_area_m2": 1000000, "inside_area_m2": 1000000.0, "coverage_frac": 1.0, "is_edge": 0, "center_lon": 103.88004602039526, "center_lat": 1.5405048594094062 }, "geometry": { "type": "Polygon", "coordinates": [ [ [ 103.875551888676029, 1.53598413814496 ], [ 103.875553776025043, 1.545027489445054 ], [ 103.884540173855115, 1.545025565313836 ], [ 103.884538248618767, 1.53598222528126 ], [ 103.875551888676029, 1.53598413814496 ] ] ] } },
{ "type": "Feature", "properties": { "grid_id": "JB1000_R0028_C0039", "grid_m": 1000, "row_id": 28, "col_id": 39, "x_min": 36000.0, "y_min": -56000.0, "x_max": 37000.0, "y_max": -55000.0, "center_x": 36500.0, "center_y": -55500.0, "full_area_m2": 1000000, "inside_area_m2": 1000000.0, "coverage_frac": 1.0, "is_edge": 0, "center_lon": 103.88903239924574, "center_lat": 1.5405029218458135 }, "geometry": { "type": "Polygon", "coordinates": [ [ [ 103.884538248618767, 1.53598222528126 ], [ 103.884540173855115, 1.545025565313836 ], [ 103.893526571668858, 1.545023602938363 ], [ 103.893524608545363, 1.535980274397257 ], [ 103.884538248618767, 1.53598222528126 ] ] ] } },
{ "type": "Feature", "properties": { "grid_id": "JB1000_R0028_C0040", "grid_m": 1000, "row_id": 28, "col_id": 40, "x_min": 37000.0, "y_min": -56000.0, "x_max": 38000.0, "y_max": -55000.0, "center_x": 37500.0, "center_y": -55500.0, "full_area_m2": 1000000, "inside_area_m2": 1000000.0, "coverage_frac": 1.0, "is_edge": 0, "center_lon": 103.89801877807983, "center_lat": 1.5405009461499659 }, "geometry": { "type": "Polygon", "coordinates": [ [ [ 103.893524608545363, 1.535980274397257 ], [ 103.893526571668858, 1.545023602938363 ], [ 103.902512969465946, 1.545021602318682 ], [ 103.902510968455488, 1.535978285493002 ], [ 103.893524608545363, 1.535980274397257 ] ] ] } },
{ "type": "Feature", "properties": { "grid_id": "JB1000_R0028_C0041", "grid_m": 1000, "row_id": 28, "col_id": 41, "x_min": 38000.0, "y_min": -56000.0, "x_max": 39000.0, "y_max": -55000.0, "center_x": 38500.0, "center_y": -55500.0, "full_area_m2": 1000000, "inside_area_m2": 1000000.0, "coverage_frac": 1.0, "is_edge": 0, "center_lon": 103.90700515689721, "center_lat": 1.5404989323219123 }, "geometry": { "type": "Polygon", "coordinates": [ [ [ 103.902510968455488, 1.535978285493002 ], [ 103.902512969465946, 1.545021602318682 ], [ 103.911499367246066, 1.545019563454842 ], [ 103.911497328348858, 1.535976258568541 ], [ 103.902510968455488, 1.535978285493002 ] ] ] } },
{ "type": "Feature", "properties": { "grid_id": "JB1000_R0028_C0042", "grid_m": 1000, "row_id": 28, "col_id": 42, "x_min": 39000.0, "y_min": -56000.0, "x_max": 40000.0, "y_max": -55000.0, "center_x": 39500.0, "center_y": -55500.0, "full_area_m2": 1000000, "inside_area_m2": 1000000.0, "coverage_frac": 1.0, "is_edge": 0, "center_lon": 103.91599153569756, "center_lat": 1.5404968803617023 }, "geometry": { "type": "Polygon", "coordinates": [ [ [ 103.911497328348858, 1.535976258568541 ], [ 103.911499367246066, 1.545019563454842 ], [ 103.920485765008891, 1.545017486346894 ], [ 103.920483688225133, 1.535974193623926 ], [ 103.911497328348858, 1.535976258568541 ] ] ] } },
{ "type": "Feature", "properties": { "grid_id": "JB1000_R0028_C0043", "grid_m": 1000, "row_id": 28, "col_id": 43, "x_min": 40000.0, "y_min": -56000.0, "x_max": 41000.0, "y_max": -55000.0, "center_x": 40500.0, "center_y": -55500.0, "full_area_m2": 1000000, "inside_area_m2": 1000000.0, "coverage_frac": 1.0, "is_edge": 0, "center_lon": 103.92497791448055, "center_lat": 1.5404947902693862 }, "geometry": { "type": "Polygon", "coordinates": [ [ [ 103.920483688225133, 1.535974193623926 ], [ 103.920485765008891, 1.545017486346894 ], [ 103.929472162754081, 1.545015370994888 ], [ 103.929470048083985, 1.535972090659206 ], [ 103.920483688225133, 1.535974193623926 ] ] ] } },
{ "type": "Feature", "properties": { "grid_id": "JB1000_R0028_C0044", "grid_m": 1000, "row_id": 28, "col_id": 44, "x_min": 41000.0, "y_min": -56000.0, "x_max": 42000.0, "y_max": -55000.0, "center_x": 41500.0, "center_y": -55500.0, "full_area_m2": 1000000, "inside_area_m2": 1000000.0, "coverage_frac": 1.0, "is_edge": 0, "center_lon": 103.93396429324586, "center_lat": 1.5404926620450154 }, "geometry": { "type": "Polygon", "coordinates": [ [ [ 103.929470048083985, 1.535972090659206 ], [ 103.929472162754081, 1.545015370994888 ], [ 103.938458560481351, 1.545013217398878 ], [ 103.938456407925102, 1.535969949674435 ], [ 103.929470048083985, 1.535972090659206 ] ] ] } },
{ "type": "Feature", "properties": { "grid_id": "JB1000_R0028_C0045", "grid_m": 1000, "row_id": 28, "col_id": 45, "x_min": 42000.0, "y_min": -56000.0, "x_max": 43000.0, "y_max": -55000.0, "center_x": 42500.0, "center_y": -55500.0, "full_area_m2": 1000000, "inside_area_m2": 1000000.0, "coverage_frac": 1.0, "is_edge": 0, "center_lon": 103.9429506719932, "center_lat": 1.5404904956886429 }, "geometry": { "type": "Polygon", "coordinates": [ [ [ 103.938456407925102, 1.535969949674435 ], [ 103.938458560481351, 1.545013217398878 ], [ 103.94744495819036, 1.545011025558916 ], [ 103.947442767748186, 1.535967770669664 ], [ 103.938456407925102, 1.535969949674435 ] ] ] } },
{ "type": "Feature", "properties": { "grid_id": "JB1000_R0028_C0046", "grid_m": 1000, "row_id": 28, "col_id": 46, "x_min": 43000.0, "y_min": -56000.0, "x_max": 44000.0, "y_max": -55000.0, "center_x": 43500.0, "center_y": -55500.0, "full_area_m2": 1000000, "inside_area_m2": 1000000.0, "coverage_frac": 1.0, "is_edge": 0, "center_lon": 103.95193705072221, "center_lat": 1.5404882912003217 }, "geometry": { "type": "Polygon", "coordinates": [ [ [ 103.947442767748186, 1.535967770669664 ], [ 103.94744495819036, 1.545011025558916 ], [ 103.956431355880781, 1.545008795475055 ], [ 103.956429127552894, 1.535965553644948 ], [ 103.947442767748186, 1.535967770669664 ] ] ] } },
{ "type": "Feature", "properties": { "grid_id": "JB1000_R0028_C0047", "grid_m": 1000, "row_id": 28, "col_id": 47, "x_min": 44000.0, "y_min": -56000.0, "x_max": 45000.0, "y_max": -55000.0, "center_x": 44500.0, "center_y": -55500.0, "full_area_m2": 1000000, "inside_area_m2": 1000000.0, "coverage_frac": 1.0, "is_edge": 0, "center_lon": 103.96092342943258, "center_lat": 1.5404860485801064 }, "geometry": { "type": "Polygon", "coordinates": [ [ [ 103.956429127552894, 1.535965553644948 ], [ 103.956431355880781, 1.545008795475055 ], [ 103.965417753552302, 1.545006527147352 ], [ 103.96541548733893, 1.53596329860034 ], [ 103.956429127552894, 1.535965553644948 ] ] ] } },
{ "type": "Feature", "properties": { "grid_id": "JB1000_R0028_C0048", "grid_m": 1000, "row_id": 28, "col_id": 48, "x_min": 45000.0, "y_min": -56000.0, "x_max": 46000.0, "y_max": -55000.0, "center_x": 45500.0, "center_y": -55500.0, "full_area_m2": 1000000, "inside_area_m2": 1000000.0, "coverage_frac": 1.0, "is_edge": 0, "center_lon": 103.96990980812402, "center_lat": 1.5404837678280514 }, "geometry": { "type": "Polygon", "coordinates": [ [ [ 103.96541548733893, 1.53596329860034 ], [ 103.965417753552302, 1.545006527147352 ], [ 103.974404151204595, 1.545004220575861 ], [ 103.97440184710598, 1.535961005535897 ], [ 103.96541548733893, 1.53596329860034 ] ] ] } },
{ "type": "Feature", "properties": { "grid_id": "JB1000_R0028_C0049", "grid_m": 1000, "row_id": 28, "col_id": 49, "x_min": 46000.0, "y_min": -56000.0, "x_max": 47000.0, "y_max": -55000.0, "center_x": 46500.0, "center_y": -55500.0, "full_area_m2": 1000000, "inside_area_m2": 1000000.0, "coverage_frac": 1.0, "is_edge": 0, "center_lon": 103.97889618679618, "center_lat": 1.540481448944214 }, "geometry": { "type": "Polygon", "coordinates": [ [ [ 103.97440184710598, 1.535961005535897 ], [ 103.974404151204595, 1.545004220575861 ], [ 103.983390548837349, 1.54500187576064 ], [ 103.983388206853689, 1.535958674451676 ], [ 103.97440184710598, 1.535961005535897 ] ] ] } },
{ "type": "Feature", "properties": { "grid_id": "JB1000_R0028_C0050", "grid_m": 1000, "row_id": 28, "col_id": 50, "x_min": 47000.0, "y_min": -56000.0, "x_max": 48000.0, "y_max": -55000.0, "center_x": 47500.0, "center_y": -55500.0, "full_area_m2": 1000000, "inside_area_m2": 1000000.0, "coverage_frac": 1.0, "is_edge": 0, "center_lon": 103.98788256544873, "center_lat": 1.5404790919286506 }, "geometry": { "type": "Polygon", "coordinates": [ [ [ 103.983388206853689, 1.535958674451676 ], [ 103.983390548837349, 1.54500187576064 ], [ 103.992376946450236, 1.544999492701747 ], [ 103.992374566581773, 1.535956305347732 ], [ 103.983388206853689, 1.535958674451676 ] ] ] } },
{ "type": "Feature", "properties": { "grid_id": "JB1000_R0028_C0051", "grid_m": 1000, "row_id": 28, "col_id": 51, "x_min": 48000.0, "y_min": -56000.0, "x_max": 49000.0, "y_max": -55000.0, "center_x": 48500.0, "center_y": -55500.0, "full_area_m2": 1000000, "inside_area_m2": 1000000.0, "coverage_frac": 1.0, "is_edge": 0, "center_lon": 103.9968689440814, "center_lat": 1.5404766967814196 }, "geometry": { "type": "Polygon", "coordinates": [ [ [ 103.992374566581773, 1.535956305347732 ], [ 103.992376946450236, 1.544999492701747 ], [ 104.001363344042929, 1.544997071399239 ], [ 104.001360926289905, 1.535953898224125 ], [ 103.992374566581773, 1.535956305347732 ] ] ] } },
{ "type": "Feature", "properties": { "grid_id": "JB1000_R0028_C0052", "grid_m": 1000, "row_id": 28, "col_id": 52, "x_min": 49000.0, "y_min": -56000.0, "x_max": 50000.0, "y_max": -55000.0, "center_x": 49500.0, "center_y": -55500.0, "full_area_m2": 1000000, "inside_area_m2": 1000000.0, "coverage_frac": 1.0, "is_edge": 0, "center_lon": 104.00585532269383, "center_lat": 1.5404742635025801 }, "geometry": { "type": "Polygon", "coordinates": [ [ [ 104.001360926289905, 1.535953898224125 ], [ 104.001363344042929, 1.544997071399239 ], [ 104.01034974161513, 1.544994611853177 ], [ 104.010347285977772, 1.535951453080915 ], [ 104.001360926289905, 1.535953898224125 ] ] ] } },
{ "type": "Feature", "properties": { "grid_id": "JB1000_R0028_C0053", "grid_m": 1000, "row_id": 28, "col_id": 53, "x_min": 50000.0, "y_min": -56000.0, "x_max": 51000.0, "y_max": -55000.0, "center_x": 50500.0, "center_y": -55500.0, "full_area_m2": 1000000, "inside_area_m2": 1000000.0, "coverage_frac": 1.0, "is_edge": 0, "center_lon": 104.01484170128569, "center_lat": 1.5404717920921915 }, "geometry": { "type": "Polygon", "coordinates": [ [ [ 104.010347285977772, 1.535951453080915 ], [ 104.01034974161513, 1.544994611853177 ], [ 104.019336139166484, 1.544992114063622 ], [ 104.019333645645048, 1.53594896991816 ], [ 104.010347285977772, 1.535951453080915 ] ] ] } },
{ "type": "Feature", "properties": { "grid_id": "JB1000_R0028_C0054", "grid_m": 1000, "row_id": 28, "col_id": 54, "x_min": 51000.0, "y_min": -56000.0, "x_max": 52000.0, "y_max": -55000.0, "center_x": 51500.0, "center_y": -55500.0, "full_area_m2": 1000000, "inside_area_m2": 77681.409415679809, "coverage_frac": 0.077681409415679803, "is_edge": 1, "center_lon": 104.02382807985671, "center_lat": 1.540469282550315 }, "geometry": { "type": "Polygon", "coordinates": [ [ [ 104.019333645645048, 1.53594896991816 ], [ 104.019336139166484, 1.544992114063622 ], [ 104.019898889043759, 1.544991956373583 ], [ 104.020167044307328, 1.535948737702162 ], [ 104.019333645645048, 1.53594896991816 ] ] ] } },
{ "type": "Feature", "properties": { "grid_id": "JB1000_R0029_C0002", "grid_m": 1000, "row_id": 29, "col_id": 2, "x_min": -1000.0, "y_min": -55000.0, "x_max": 0.0, "y_max": -54000.0, "center_x": -500.0, "center_y": -54500.0, "full_area_m2": 1000000, "inside_area_m2": 637519.00444528065, "coverage_frac": 0.63751900444528065, "is_edge": 1, "center_lon": 103.55653691740231, "center_lat": 1.549592821098438 }, "geometry": { "type": "Polygon", "coordinates": [ [ [ 103.561029844180908, 1.545070739850158 ], [ 103.552268742919409, 1.545071273909667 ], [ 103.552284186346398, 1.545146192430858 ], [ 103.55227213768832, 1.545996254789372 ], [ 103.552362780257241, 1.546531383560279 ], [ 103.552479008782484, 1.546799707544341 ], [ 103.552785150873774, 1.547301108258516 ], [ 103.552990458929798, 1.547920143431069 ], [ 103.553081711048605, 1.54810509123633 ], [ 103.553225380443664, 1.548900913784759 ], [ 103.55345228448023, 1.549419291869129 ], [ 103.555781710214475, 1.551257138322504 ], [ 103.55646488088405, 1.55150134812821 ], [ 103.558301981926974, 1.552053966280046 ], [ 103.559770695163706, 1.552127836900447 ], [ 103.560220176251917, 1.552317787116785 ], [ 103.560903351691607, 1.553176881664849 ], [ 103.561030359620361, 1.553330464556959 ], [ 103.561029844180908, 1.545070739850158 ] ] ] } },
{ "type": "Feature", "properties": { "grid_id": "JB1000_R0029_C0003", "grid_m": 1000, "row_id": 29, "col_id": 3, "x_min": 0.0, "y_min": -55000.0, "x_max": 1000.0, "y_max": -54000.0, "center_x": 500.0, "center_y": -54500.0, "full_area_m2": 1000000, "inside_area_m2": 996770.94279464032, "coverage_frac": 0.99677094279464029, "is_edge": 1, "center_lon": 103.56552333463327, "center_lat": 1.5495922530034996 }, "geometry": { "type": "Polygon", "coordinates": [ [ [ 103.570016844994029, 1.55411375465921 ], [ 103.570016242380106, 1.545070154291044 ], [ 103.561029844180908, 1.545070739850158 ], [ 103.561030359620361, 1.553330464556959 ], [ 103.56134389585992, 1.553709604545066 ], [ 103.561720006541194, 1.554114299812528 ], [ 103.570016844994029, 1.55411375465921 ] ] ] } },
{ "type": "Feature", "properties": { "grid_id": "JB1000_R0029_C0004", "grid_m": 1000, "row_id": 29, "col_id": 4, "x_min": 1000.0, "y_min": -55000.0, "x_max": 2000.0, "y_max": -54000.0, "center_x": 1500.0, "center_y": -54500.0, "full_area_m2": 1000000, "inside_area_m2": 1000000.0, "coverage_frac": 1.0, "is_edge": 0, "center_lon": 103.57450975185928, "center_lat": 1.5495916465512183 }, "geometry": { "type": "Polygon", "coordinates": [ [ [ 103.570016242380106, 1.545070154291044 ], [ 103.570016844994029, 1.55411375465921 ], [ 103.57900328130242, 1.554113127201776 ], [ 103.579002640574217, 1.545069530486575 ], [ 103.570016242380106, 1.545070154291044 ] ] ] } },
{ "type": "Feature", "properties": { "grid_id": "JB1000_R0029_C0005", "grid_m": 1000, "row_id": 29, "col_id": 5, "x_min": 2000.0, "y_min": -55000.0, "x_max": 3000.0, "y_max": -54000.0, "center_x": 2500.0, "center_y": -54500.0, "full_area_m2": 1000000, "inside_area_m2": 1000000.0, "coverage_frac": 1.0, "is_edge": 0, "center_lon": 103.58349616908002, "center_lat": 1.5495910017416084 }, "geometry": { "type": "Polygon", "coordinates": [ [ [ 103.579002640574217, 1.545069530486575 ], [ 103.57900328130242, 1.554113127201776 ], [ 103.587989717605367, 1.554112461275041 ], [ 103.587989038762913, 1.545068868436767 ], [ 103.579002640574217, 1.545069530486575 ] ] ] } },
{ "type": "Feature", "properties": { "grid_id": "JB1000_R0029_C0006", "grid_m": 1000, "row_id": 29, "col_id": 6, "x_min": 3000.0, "y_min": -55000.0, "x_max": 4000.0, "y_max": -54000.0, "center_x": 3500.0, "center_y": -54500.0, "full_area_m2": 1000000, "inside_area_m2": 1000000.0, "coverage_frac": 1.0, "is_edge": 0, "center_lon": 103.59248258629516, "center_lat": 1.5495903185746864 }, "geometry": { "type": "Polygon", "coordinates": [ [ [ 103.587989038762913, 1.545068868436767 ], [ 103.587989717605367, 1.554112461275041 ], [ 103.596976153902517, 1.554111756879019 ], [ 103.596975436945897, 1.545068168141636 ], [ 103.587989038762913, 1.545068868436767 ] ] ] } },
{ "type": "Feature", "properties": { "grid_id": "JB1000_R0029_C0007", "grid_m": 1000, "row_id": 29, "col_id": 7, "x_min": 4000.0, "y_min": -55000.0, "x_max": 5000.0, "y_max": -54000.0, "center_x": 4500.0, "center_y": -54500.0, "full_area_m2": 1000000, "inside_area_m2": 1000000.0, "coverage_frac": 1.0, "is_edge": 0, "center_lon": 103.60146900350439, "center_lat": 1.5495895970504692 }, "geometry": { "type": "Polygon", "coordinates": [ [ [ 103.596975436945897, 1.545068168141636 ], [ 103.596976153902517, 1.554111756879019 ], [ 103.605962590193542, 1.55411101401373 ], [ 103.605961835122827, 1.5450674296012 ], [ 103.596975436945897, 1.545068168141636 ] ] ] } },
{ "type": "Feature", "properties": { "grid_id": "JB1000_R0029_C0008", "grid_m": 1000, "row_id": 29, "col_id": 8, "x_min": 5000.0, "y_min": -55000.0, "x_max": 6000.0, "y_max": -54000.0, "center_x": 5500.0, "center_y": -54500.0, "full_area_m2": 1000000, "inside_area_m2": 1000000.0, "coverage_frac": 1.0, "is_edge": 0, "center_lon": 103.61045542070737, "center_lat": 1.5495888371689737 }, "geometry": { "type": "Polygon", "coordinates": [ [ [ 103.605961835122827, 1.5450674296012 ], [ 103.605962590193542, 1.55411101401373 ], [ 103.614949026478143, 1.55411023267919 ], [ 103.61494823329339, 1.545066652815476 ], [ 103.605961835122827, 1.5450674296012 ] ] ] } },
{ "type": "Feature", "properties": { "grid_id": "JB1000_R0029_C0009", "grid_m": 1000, "row_id": 29, "col_id": 9, "x_min": 6000.0, "y_min": -55000.0, "x_max": 7000.0, "y_max": -54000.0, "center_x": 6500.0, "center_y": -54500.0, "full_area_m2": 1000000, "inside_area_m2": 1000000.0, "coverage_frac": 1.0, "is_edge": 0, "center_lon": 103.61944183790378, "center_lat": 1.5495880389302195 }, "geometry": { "type": "Polygon", "coordinates": [ [ [ 103.61494823329339, 1.545066652815476 ], [ 103.614949026478143, 1.55411023267919 ], [ 103.623935462755952, 1.55410941287542 ], [ 103.62393463145726, 1.545065837784483 ], [ 103.61494823329339, 1.545066652815476 ] ] ] } },
{ "type": "Feature", "properties": { "grid_id": "JB1000_R0029_C0010", "grid_m": 1000, "row_id": 29, "col_id": 10, "x_min": 7000.0, "y_min": -55000.0, "x_max": 8000.0, "y_max": -54000.0, "center_x": 7500.0, "center_y": -54500.0, "full_area_m2": 1000000, "inside_area_m2": 371375.17622611253, "coverage_frac": 0.37137517622611255, "is_edge": 1, "center_lon": 103.62842825509331, "center_lat": 1.5495872023342259 }, "geometry": { "type": "Polygon", "coordinates": [ [ [ 103.62393463145726, 1.545065837784483 ], [ 103.623935462755952, 1.55410941287542 ], [ 103.624319311692759, 1.554109377001427 ], [ 103.624974833604739, 1.552668377893961 ], [ 103.625148373296724, 1.5522982818663 ], [ 103.625879317414828, 1.55139059722057 ], [ 103.626141053767995, 1.551216599216031 ], [ 103.627819975156399, 1.550202281682175 ], [ 103.628281167222895, 1.549679064793964 ], [ 103.628381964776992, 1.549316816991771 ], [ 103.627789095889909, 1.548218369897618 ], [ 103.627572034697124, 1.547468567088621 ], [ 103.627622265863167, 1.546911492180477 ], [ 103.627772380829938, 1.546714264484875 ], [ 103.628143262777712, 1.546676759786619 ], [ 103.628993215119095, 1.54688266493119 ], [ 103.629297200426961, 1.546822915634317 ], [ 103.629873677583333, 1.546213124337923 ], [ 103.630078073937256, 1.545777661339542 ], [ 103.630080581573253, 1.545065258348213 ], [ 103.62393463145726, 1.545065837784483 ] ] ] } },
{ "type": "Feature", "properties": { "grid_id": "JB1000_R0029_C0012", "grid_m": 1000, "row_id": 29, "col_id": 12, "x_min": 9000.0, "y_min": -55000.0, "x_max": 10000.0, "y_max": -54000.0, "center_x": 9500.0, "center_y": -54500.0, "full_area_m2": 1000000, "inside_area_m2": 405198.19647244766, "coverage_frac": 0.40519819647244765, "is_edge": 1, "center_lon": 103.64640108945039, "center_lat": 1.549585414070604 }, "geometry": { "type": "Polygon", "coordinates": [ [ [ 103.650893825905541, 1.5450631632201 ], [ 103.644092645344188, 1.5450638704152 ], [ 103.644240281205569, 1.545374169071441 ], [ 103.644375940555236, 1.545999510624906 ], [ 103.64408129396945, 1.548033259914687 ], [ 103.644545601969853, 1.548512517497676 ], [ 103.644825547586322, 1.548848611280439 ], [ 103.646493724101191, 1.549622784466453 ], [ 103.647868754610599, 1.550594886031551 ], [ 103.649204264794662, 1.550850058599112 ], [ 103.649782622083663, 1.550785826608588 ], [ 103.650894376943, 1.550339391525098 ], [ 103.650893825905541, 1.5450631632201 ] ] ] } },
{ "type": "Feature", "properties": { "grid_id": "JB1000_R0029_C0013", "grid_m": 1000, "row_id": 29, "col_id": 13, "x_min": 10000.0, "y_min": -55000.0, "x_max": 11000.0, "y_max": -54000.0, "center_x": 10500.0, "center_y": -54500.0, "full_area_m2": 1000000, "inside_area_m2": 372395.43662457081, "coverage_frac": 0.37239543662457081, "is_edge": 1, "center_lon": 103.6553875066173, "center_lat": 1.5495844624030197 }, "geometry": { "type": "Polygon", "coordinates": [ [ [ 103.659881207793049, 1.554105748968452 ], [ 103.659880224039455, 1.545062195208244 ], [ 103.650893825905541, 1.5450631632201 ], [ 103.650894376943, 1.550339391525098 ], [ 103.652009372354343, 1.54989165446289 ], [ 103.654215141463411, 1.548756993729676 ], [ 103.654687438645638, 1.548672901490608 ], [ 103.656350641069395, 1.548331896397039 ], [ 103.657496552370617, 1.547992176360893 ], [ 103.657526449666221, 1.547990845092708 ], [ 103.659858857915324, 1.545500114443173 ], [ 103.659854007388191, 1.55405290792615 ], [ 103.659853802156107, 1.554105751996334 ], [ 103.659881207793049, 1.554105748968452 ] ] ] } },
{ "type": "Feature", "properties": { "grid_id": "JB1000_R0029_C0014", "grid_m": 1000, "row_id": 29, "col_id": 14, "x_min": 11000.0, "y_min": -55000.0, "x_max": 12000.0, "y_max": -54000.0, "center_x": 11500.0, "center_y": -54500.0, "full_area_m2": 1000000, "inside_area_m2": 1000000.0, "coverage_frac": 1.0, "is_edge": 0, "center_lon": 103.66437392377604, "center_lat": 1.5495834723782842 }, "geometry": { "type": "Polygon", "coordinates": [ [ [ 103.659880224039455, 1.545062195208244 ], [ 103.659881207793049, 1.554105748968452 ], [ 103.668867644032147, 1.554104736818851 ], [ 103.668866622165069, 1.545061188951229 ], [ 103.659880224039455, 1.545062195208244 ] ] ] } },
{ "type": "Feature", "properties": { "grid_id": "JB1000_R0029_C0015", "grid_m": 1000, "row_id": 29, "col_id": 15, "x_min": 12000.0, "y_min": -55000.0, "x_max": 13000.0, "y_max": -54000.0, "center_x": 12500.0, "center_y": -54500.0, "full_area_m2": 1000000, "inside_area_m2": 1000000.0, "coverage_frac": 1.0, "is_edge": 0, "center_lon": 103.67336034092625, "center_lat": 1.5495824439964221 }, "geometry": { "type": "Polygon", "coordinates": [ [ [ 103.668866622165069, 1.545061188951229 ], [ 103.668867644032147, 1.554104736818851 ], [ 103.677854080262534, 1.554103686200155 ], [ 103.677853020282058, 1.545060144449081 ], [ 103.668866622165069, 1.545061188951229 ] ] ] } },
{ "type": "Feature", "properties": { "grid_id": "JB1000_R0029_C0016", "grid_m": 1000, "row_id": 29, "col_id": 16, "x_min": 13000.0, "y_min": -55000.0, "x_max": 14000.0, "y_max": -54000.0, "center_x": 13500.0, "center_y": -54500.0, "full_area_m2": 1000000, "inside_area_m2": 1000000.0, "coverage_frac": 1.0, "is_edge": 0, "center_lon": 103.68234675806765, "center_lat": 1.5495813772574583 }, "geometry": { "type": "Polygon", "coordinates": [ [ [ 103.677853020282058, 1.545060144449081 ], [ 103.677854080262534, 1.554103686200155 ], [ 103.686840516483855, 1.554102597112389 ], [ 103.686839418390107, 1.545059061701824 ], [ 103.677853020282058, 1.545060144449081 ] ] ] } },
{ "type": "Feature", "properties": { "grid_id": "JB1000_R0029_C0017", "grid_m": 1000, "row_id": 29, "col_id": 17, "x_min": 14000.0, "y_min": -55000.0, "x_max": 15000.0, "y_max": -54000.0, "center_x": 14500.0, "center_y": -54500.0, "full_area_m2": 1000000, "inside_area_m2": 1000000.0, "coverage_frac": 1.0, "is_edge": 0, "center_lon": 103.69133317519989, "center_lat": 1.5495802721614191 }, "geometry": { "type": "Polygon", "coordinates": [ [ [ 103.686839418390107, 1.545059061701824 ], [ 103.686840516483855, 1.554102597112389 ], [ 103.695826952695839, 1.554101469555581 ], [ 103.695825816488906, 1.545057940709486 ], [ 103.686839418390107, 1.545059061701824 ] ] ] } },
{ "type": "Feature", "properties": { "grid_id": "JB1000_R0029_C0018", "grid_m": 1000, "row_id": 29, "col_id": 18, "x_min": 15000.0, "y_min": -55000.0, "x_max": 16000.0, "y_max": -54000.0, "center_x": 15500.0, "center_y": -54500.0, "full_area_m2": 1000000, "inside_area_m2": 1000000.0, "coverage_frac": 1.0, "is_edge": 0, "center_lon": 103.70031959232266, "center_lat": 1.5495791287083323 }, "geometry": { "type": "Polygon", "coordinates": [ [ [ 103.695825816488906, 1.545057940709486 ], [ 103.695826952695839, 1.554101469555581 ], [ 103.704813388898117, 1.554100303529758 ], [ 103.704812214578098, 1.545056781472095 ], [ 103.695825816488906, 1.545057940709486 ] ] ] } },
{ "type": "Feature", "properties": { "grid_id": "JB1000_R0029_C0019", "grid_m": 1000, "row_id": 29, "col_id": 19, "x_min": 16000.0, "y_min": -55000.0, "x_max": 17000.0, "y_max": -54000.0, "center_x": 16500.0, "center_y": -54500.0, "full_area_m2": 1000000, "inside_area_m2": 1000000.0, "coverage_frac": 1.0, "is_edge": 0, "center_lon": 103.70930600943562, "center_lat": 1.5495779468982254 }, "geometry": { "type": "Polygon", "coordinates": [ [ [ 103.704812214578098, 1.545056781472095 ], [ 103.704813388898117, 1.554100303529758 ], [ 103.713799825090362, 1.554099099034949 ], [ 103.713798612657413, 1.545055583989678 ], [ 103.704812214578098, 1.545056781472095 ] ] ] } },
{ "type": "Feature", "properties": { "grid_id": "JB1000_R0029_C0020", "grid_m": 1000, "row_id": 29, "col_id": 20, "x_min": 17000.0, "y_min": -55000.0, "x_max": 18000.0, "y_max": -54000.0, "center_x": 17500.0, "center_y": -54500.0, "full_area_m2": 1000000, "inside_area_m2": 1000000.0, "coverage_frac": 1.0, "is_edge": 0, "center_lon": 103.71829242653847, "center_lat": 1.5495767267311278 }, "geometry": { "type": "Polygon", "coordinates": [ [ [ 103.713798612657413, 1.545055583989678 ], [ 103.713799825090362, 1.554099099034949 ], [ 103.722786261272276, 1.554097856071183 ], [ 103.722785010726497, 1.545054348262265 ], [ 103.713798612657413, 1.545055583989678 ] ] ] } },
{ "type": "Feature", "properties": { "grid_id": "JB1000_R0029_C0021", "grid_m": 1000, "row_id": 29, "col_id": 21, "x_min": 18000.0, "y_min": -55000.0, "x_max": 19000.0, "y_max": -54000.0, "center_x": 18500.0, "center_y": -54500.0, "full_area_m2": 1000000, "inside_area_m2": 1000000.0, "coverage_frac": 1.0, "is_edge": 0, "center_lon": 103.72727884363086, "center_lat": 1.5495754682070695 }, "geometry": { "type": "Polygon", "coordinates": [ [ [ 103.722785010726497, 1.545054348262265 ], [ 103.722786261272276, 1.554097856071183 ], [ 103.731772697443517, 1.554096574638492 ], [ 103.731771408785036, 1.545053074289887 ], [ 103.722785010726497, 1.545054348262265 ] ] ] } },
{ "type": "Feature", "properties": { "grid_id": "JB1000_R0029_C0022", "grid_m": 1000, "row_id": 29, "col_id": 22, "x_min": 19000.0, "y_min": -55000.0, "x_max": 20000.0, "y_max": -54000.0, "center_x": 19500.0, "center_y": -54500.0, "full_area_m2": 1000000, "inside_area_m2": 1000000.0, "coverage_frac": 1.0, "is_edge": 0, "center_lon": 103.73626526071249, "center_lat": 1.5495741713260816 }, "geometry": { "type": "Polygon", "coordinates": [ [ [ 103.731771408785036, 1.545053074289887 ], [ 103.731772697443517, 1.554096574638492 ], [ 103.74075913360376, 1.554095254736906 ], [ 103.74075780683269, 1.545051762072575 ], [ 103.731771408785036, 1.545053074289887 ] ] ] } },
{ "type": "Feature", "properties": { "grid_id": "JB1000_R0029_C0023", "grid_m": 1000, "row_id": 29, "col_id": 23, "x_min": 20000.0, "y_min": -55000.0, "x_max": 21000.0, "y_max": -54000.0, "center_x": 20500.0, "center_y": -54500.0, "full_area_m2": 1000000, "inside_area_m2": 1000000.0, "coverage_frac": 1.0, "is_edge": 0, "center_lon": 103.74525167778302, "center_lat": 1.549572836088196 }, "geometry": { "type": "Polygon", "coordinates": [ [ [ 103.74075780683269, 1.545051762072575 ], [ 103.74075913360376, 1.554095254736906 ], [ 103.74974556975269, 1.55409389636646 ], [ 103.749744204869174, 1.545050411610362 ], [ 103.74075780683269, 1.545051762072575 ] ] ] } },
{ "type": "Feature", "properties": { "grid_id": "JB1000_R0029_C0024", "grid_m": 1000, "row_id": 29, "col_id": 24, "x_min": 21000.0, "y_min": -55000.0, "x_max": 22000.0, "y_max": -54000.0, "center_x": 21500.0, "center_y": -54500.0, "full_area_m2": 1000000, "inside_area_m2": 1000000.0, "coverage_frac": 1.0, "is_edge": 0, "center_lon": 103.75423809484212, "center_lat": 1.5495714624934456 }, "geometry": { "type": "Polygon", "coordinates": [ [ [ 103.749744204869174, 1.545050411610362 ], [ 103.74974556975269, 1.55409389636646 ], [ 103.758732005889968, 1.554092499527184 ], [ 103.758730602894133, 1.54504902290328 ], [ 103.749744204869174, 1.545050411610362 ] ] ] } },
{ "type": "Feature", "properties": { "grid_id": "JB1000_R0029_C0025", "grid_m": 1000, "row_id": 29, "col_id": 25, "x_min": 22000.0, "y_min": -55000.0, "x_max": 23000.0, "y_max": -54000.0, "center_x": 22500.0, "center_y": -54500.0, "full_area_m2": 1000000, "inside_area_m2": 1000000.0, "coverage_frac": 1.0, "is_edge": 0, "center_lon": 103.7632245118895, "center_lat": 1.5495700505418641 }, "geometry": { "type": "Polygon", "coordinates": [ [ [ 103.758730602894133, 1.54504902290328 ], [ 103.758732005889968, 1.554092499527184 ], [ 103.76771844201528, 1.554091064219116 ], [ 103.767717000907282, 1.545047595951364 ], [ 103.758730602894133, 1.54504902290328 ] ] ] } },
{ "type": "Feature", "properties": { "grid_id": "JB1000_R0029_C0026", "grid_m": 1000, "row_id": 29, "col_id": 26, "x_min": 23000.0, "y_min": -55000.0, "x_max": 24000.0, "y_max": -54000.0, "center_x": 23500.0, "center_y": -54500.0, "full_area_m2": 1000000, "inside_area_m2": 1000000.0, "coverage_frac": 1.0, "is_edge": 0, "center_lon": 103.77221092892484, "center_lat": 1.5495686002334865 }, "geometry": { "type": "Polygon", "coordinates": [ [ [ 103.767717000907282, 1.545047595951364 ], [ 103.76771844201528, 1.554091064219116 ], [ 103.776704878128285, 1.554089590442288 ], [ 103.776703398908253, 1.545046130754649 ], [ 103.767717000907282, 1.545047595951364 ] ] ] } },
{ "type": "Feature", "properties": { "grid_id": "JB1000_R0029_C0027", "grid_m": 1000, "row_id": 29, "col_id": 27, "x_min": 24000.0, "y_min": -55000.0, "x_max": 25000.0, "y_max": -54000.0, "center_x": 24500.0, "center_y": -54500.0, "full_area_m2": 1000000, "inside_area_m2": 1000000.0, "coverage_frac": 1.0, "is_edge": 0, "center_lon": 103.78119734594775, "center_lat": 1.5495671115683485 }, "geometry": { "type": "Polygon", "coordinates": [ [ [ 103.776703398908253, 1.545046130754649 ], [ 103.776704878128285, 1.554089590442288 ], [ 103.785691314228671, 1.554088078196739 ], [ 103.785689796896776, 1.545044627313172 ], [ 103.776703398908253, 1.545046130754649 ] ] ] } },
{ "type": "Feature", "properties": { "grid_id": "JB1000_R0029_C0028", "grid_m": 1000, "row_id": 29, "col_id": 28, "x_min": 25000.0, "y_min": -55000.0, "x_max": 26000.0, "y_max": -54000.0, "center_x": 25500.0, "center_y": -54500.0, "full_area_m2": 1000000, "inside_area_m2": 1000000.0, "coverage_frac": 1.0, "is_edge": 0, "center_lon": 103.79018376295797, "center_lat": 1.5495655845464869 }, "geometry": { "type": "Polygon", "coordinates": [ [ [ 103.785689796896776, 1.545044627313172 ], [ 103.785691314228671, 1.554088078196739 ], [ 103.794677750316126, 1.554086527482505 ], [ 103.79467619487248, 1.545043085626968 ], [ 103.785689796896776, 1.545044627313172 ] ] ] } },
{ "type": "Feature", "properties": { "grid_id": "JB1000_R0029_C0029", "grid_m": 1000, "row_id": 29, "col_id": 29, "x_min": 26000.0, "y_min": -55000.0, "x_max": 27000.0, "y_max": -54000.0, "center_x": 26500.0, "center_y": -54500.0, "full_area_m2": 1000000, "inside_area_m2": 1000000.0, "coverage_frac": 1.0, "is_edge": 0, "center_lon": 103.79917017995515, "center_lat": 1.5495640191679387 }, "geometry": { "type": "Polygon", "coordinates": [ [ [ 103.79467619487248, 1.545043085626968 ], [ 103.794677750316126, 1.554086527482505 ], [ 103.803664186390293, 1.554084938299624 ], [ 103.803662592835082, 1.545041505696077 ], [ 103.79467619487248, 1.545043085626968 ] ] ] } },
{ "type": "Feature", "properties": { "grid_id": "JB1000_R0029_C0030", "grid_m": 1000, "row_id": 29, "col_id": 30, "x_min": 27000.0, "y_min": -55000.0, "x_max": 28000.0, "y_max": -54000.0, "center_x": 27500.0, "center_y": -54500.0, "full_area_m2": 1000000, "inside_area_m2": 1000000.0, "coverage_frac": 1.0, "is_edge": 0, "center_lon": 103.80815659693899, "center_lat": 1.5495624154327432 }, "geometry": { "type": "Polygon", "coordinates": [ [ [ 103.803662592835082, 1.545041505696077 ], [ 103.803664186390293, 1.554084938299624 ], [ 103.81265062245086, 1.554083310648136 ], [ 103.81264899078424, 1.545039887520537 ], [ 103.803662592835082, 1.545041505696077 ] ] ] } },
{ "type": "Feature", "properties": { "grid_id": "JB1000_R0029_C0031", "grid_m": 1000, "row_id": 29, "col_id": 31, "x_min": 28000.0, "y_min": -55000.0, "x_max": 29000.0, "y_max": -54000.0, "center_x": 28500.0, "center_y": -54500.0, "full_area_m2": 1000000, "inside_area_m2": 1000000.0, "coverage_frac": 1.0, "is_edge": 0, "center_lon": 103.81714301390913, "center_lat": 1.5495607733409393 }, "geometry": { "type": "Polygon", "coordinates": [ [ [ 103.81264899078424, 1.545039887520537 ], [ 103.81265062245086, 1.554083310648136 ], [ 103.821637058497515, 1.55408164452808 ], [ 103.821635388719628, 1.545038231100388 ], [ 103.81264899078424, 1.545039887520537 ] ] ] } },
{ "type": "Feature", "properties": { "grid_id": "JB1000_R0029_C0032", "grid_m": 1000, "row_id": 29, "col_id": 32, "x_min": 29000.0, "y_min": -55000.0, "x_max": 30000.0, "y_max": -54000.0, "center_x": 29500.0, "center_y": -54500.0, "full_area_m2": 1000000, "inside_area_m2": 1000000.0, "coverage_frac": 1.0, "is_edge": 0, "center_lon": 103.82612943086528, "center_lat": 1.5495590928925682 }, "geometry": { "type": "Polygon", "coordinates": [ [ [ 103.821635388719628, 1.545038231100388 ], [ 103.821637058497515, 1.55408164452808 ], [ 103.830623494529917, 1.554079939939498 ], [ 103.830621786640947, 1.54503653643567 ], [ 103.821635388719628, 1.545038231100388 ] ] ] } },
{ "type": "Feature", "properties": { "grid_id": "JB1000_R0029_C0033", "grid_m": 1000, "row_id": 29, "col_id": 33, "x_min": 30000.0, "y_min": -55000.0, "x_max": 31000.0, "y_max": -54000.0, "center_x": 30500.0, "center_y": -54500.0, "full_area_m2": 1000000, "inside_area_m2": 1000000.0, "coverage_frac": 1.0, "is_edge": 0, "center_lon": 103.83511584780709, "center_lat": 1.5495573740876705 }, "geometry": { "type": "Polygon", "coordinates": [ [ [ 103.830621786640947, 1.54503653643567 ], [ 103.830623494529917, 1.554079939939498 ], [ 103.839609930547752, 1.554078196882432 ], [ 103.839608184547856, 1.545034803526426 ], [ 103.830621786640947, 1.54503653643567 ] ] ] } },
{ "type": "Feature", "properties": { "grid_id": "JB1000_R0029_C0034", "grid_m": 1000, "row_id": 29, "col_id": 34, "x_min": 31000.0, "y_min": -55000.0, "x_max": 32000.0, "y_max": -54000.0, "center_x": 31500.0, "center_y": -54500.0, "full_area_m2": 1000000, "inside_area_m2": 1000000.0, "coverage_frac": 1.0, "is_edge": 0, "center_lon": 103.84410226473427, "center_lat": 1.5495556169262892 }, "geometry": { "type": "Polygon", "coordinates": [ [ [ 103.839608184547856, 1.545034803526426 ], [ 103.839609930547752, 1.554078196882432 ], [ 103.848596366550694, 1.554076415356924 ], [ 103.848594582440043, 1.545033032372698 ], [ 103.839608184547856, 1.545034803526426 ] ] ] } },
{ "type": "Feature", "properties": { "grid_id": "JB1000_R0029_C0035", "grid_m": 1000, "row_id": 29, "col_id": 35, "x_min": 32000.0, "y_min": -55000.0, "x_max": 33000.0, "y_max": -54000.0, "center_x": 32500.0, "center_y": -54500.0, "full_area_m2": 1000000, "inside_area_m2": 1000000.0, "coverage_frac": 1.0, "is_edge": 0, "center_lon": 103.85308868164647, "center_lat": 1.549553821408467 }, "geometry": { "type": "Polygon", "coordinates": [ [ [ 103.848594582440043, 1.545033032372698 ], [ 103.848596366550694, 1.554076415356924 ], [ 103.857582802538403, 1.554074595363019 ], [ 103.857580980317181, 1.54503122297453 ], [ 103.848594582440043, 1.545033032372698 ] ] ] } },
{ "type": "Feature", "properties": { "grid_id": "JB1000_R0029_C0036", "grid_m": 1000, "row_id": 29, "col_id": 36, "x_min": 33000.0, "y_min": -55000.0, "x_max": 34000.0, "y_max": -54000.0, "center_x": 33500.0, "center_y": -54500.0, "full_area_m2": 1000000, "inside_area_m2": 1000000.0, "coverage_frac": 1.0, "is_edge": 0, "center_lon": 103.86207509854337, "center_lat": 1.5495519875342487 }, "geometry": { "type": "Polygon", "coordinates": [ [ [ 103.857580980317181, 1.54503122297453 ], [ 103.857582802538403, 1.554074595363019 ], [ 103.866569238510564, 1.554072736900761 ], [ 103.866567378178956, 1.545029375331967 ], [ 103.857580980317181, 1.54503122297453 ] ] ] } },
{ "type": "Feature", "properties": { "grid_id": "JB1000_R0029_C0037", "grid_m": 1000, "row_id": 29, "col_id": 37, "x_min": 34000.0, "y_min": -55000.0, "x_max": 35000.0, "y_max": -54000.0, "center_x": 34500.0, "center_y": -54500.0, "full_area_m2": 1000000, "inside_area_m2": 1000000.0, "coverage_frac": 1.0, "is_edge": 0, "center_lon": 103.87106151542464, "center_lat": 1.549550115303679 }, "geometry": { "type": "Polygon", "coordinates": [ [ [ 103.866567378178956, 1.545029375331967 ], [ 103.866569238510564, 1.554072736900761 ], [ 103.875555674466867, 1.554070839970196 ], [ 103.875553776025043, 1.545027489445054 ], [ 103.866567378178956, 1.545029375331967 ] ] ] } },
{ "type": "Feature", "properties": { "grid_id": "JB1000_R0029_C0038", "grid_m": 1000, "row_id": 29, "col_id": 38, "x_min": 35000.0, "y_min": -55000.0, "x_max": 36000.0, "y_max": -54000.0, "center_x": 35500.0, "center_y": -54500.0, "full_area_m2": 1000000, "inside_area_m2": 1000000.0, "coverage_frac": 1.0, "is_edge": 0, "center_lon": 103.88004793229, "center_lat": 1.5495482047168045 }, "geometry": { "type": "Polygon", "coordinates": [ [ [ 103.875553776025043, 1.545027489445054 ], [ 103.875555674466867, 1.554070839970196 ], [ 103.884542110406954, 1.554068904571371 ], [ 103.884540173855115, 1.545025565313836 ], [ 103.875553776025043, 1.545027489445054 ] ] ] } },
{ "type": "Feature", "properties": { "grid_id": "JB1000_R0029_C0039", "grid_m": 1000, "row_id": 29, "col_id": 39, "x_min": 36000.0, "y_min": -55000.0, "x_max": 37000.0, "y_max": -54000.0, "center_x": 36500.0, "center_y": -54500.0, "full_area_m2": 1000000, "inside_area_m2": 1000000.0, "coverage_frac": 1.0, "is_edge": 0, "center_lon": 103.88903434913907, "center_lat": 1.5495462557736717 }, "geometry": { "type": "Polygon", "coordinates": [ [ [ 103.884540173855115, 1.545025565313836 ], [ 103.884542110406954, 1.554068904571371 ], [ 103.893528546330543, 1.554066930704333 ], [ 103.893526571668858, 1.545023602938363 ], [ 103.884540173855115, 1.545025565313836 ] ] ] } },
{ "type": "Feature", "properties": { "grid_id": "JB1000_R0029_C0040", "grid_m": 1000, "row_id": 29, "col_id": 40, "x_min": 37000.0, "y_min": -55000.0, "x_max": 38000.0, "y_max": -54000.0, "center_x": 37500.0, "center_y": -54500.0, "full_area_m2": 1000000, "inside_area_m2": 1000000.0, "coverage_frac": 1.0, "is_edge": 0, "center_lon": 103.89802076597155, "center_lat": 1.549544268474329 }, "geometry": { "type": "Polygon", "coordinates": [ [ [ 103.893526571668858, 1.545023602938363 ], [ 103.893528546330543, 1.554066930704333 ], [ 103.902514982237264, 1.554064918369132 ], [ 103.902512969465946, 1.545021602318682 ], [ 103.893526571668858, 1.545023602938363 ] ] ] } },
{ "type": "Feature", "properties": { "grid_id": "JB1000_R0029_C0041", "grid_m": 1000, "row_id": 29, "col_id": 41, "x_min": 38000.0, "y_min": -55000.0, "x_max": 39000.0, "y_max": -54000.0, "center_x": 38500.0, "center_y": -54500.0, "full_area_m2": 1000000, "inside_area_m2": 1000000.0, "coverage_frac": 1.0, "is_edge": 0, "center_lon": 103.90700718278714, "center_lat": 1.5495422428188252 }, "geometry": { "type": "Polygon", "coordinates": [ [ [ 103.902512969465946, 1.545021602318682 ], [ 103.902514982237264, 1.554064918369132 ], [ 103.911501418126804, 1.554062867565817 ], [ 103.911499367246066, 1.545019563454842 ], [ 103.902512969465946, 1.545021602318682 ] ] ] } },
{ "type": "Feature", "properties": { "grid_id": "JB1000_R0029_C0042", "grid_m": 1000, "row_id": 29, "col_id": 42, "x_min": 39000.0, "y_min": -55000.0, "x_max": 40000.0, "y_max": -54000.0, "center_x": 39500.0, "center_y": -54500.0, "full_area_m2": 1000000, "inside_area_m2": 1000000.0, "coverage_frac": 1.0, "is_edge": 0, "center_lon": 103.91599359958546, "center_lat": 1.5495401788072105 }, "geometry": { "type": "Polygon", "coordinates": [ [ [ 103.911499367246066, 1.545019563454842 ], [ 103.911501418126804, 1.554062867565817 ], [ 103.920487853998864, 1.554060778294438 ], [ 103.920485765008891, 1.545017486346894 ], [ 103.911499367246066, 1.545019563454842 ] ] ] } },
{ "type": "Feature", "properties": { "grid_id": "JB1000_R0029_C0043", "grid_m": 1000, "row_id": 29, "col_id": 43, "x_min": 40000.0, "y_min": -55000.0, "x_max": 41000.0, "y_max": -54000.0, "center_x": 40500.0, "center_y": -54500.0, "full_area_m2": 1000000, "inside_area_m2": 1000000.0, "coverage_frac": 1.0, "is_edge": 0, "center_lon": 103.92498001636625, "center_lat": 1.5495380764395355 }, "geometry": { "type": "Polygon", "coordinates": [ [ [ 103.920485765008891, 1.545017486346894 ], [ 103.920487853998864, 1.554060778294438 ], [ 103.929474289853076, 1.554058650555046 ], [ 103.929472162754081, 1.545015370994888 ], [ 103.920485765008891, 1.545017486346894 ] ] ] } },
{ "type": "Feature", "properties": { "grid_id": "JB1000_R0029_C0044", "grid_m": 1000, "row_id": 29, "col_id": 44, "x_min": 41000.0, "y_min": -55000.0, "x_max": 42000.0, "y_max": -54000.0, "center_x": 41500.0, "center_y": -54500.0, "full_area_m2": 1000000, "inside_area_m2": 1000000.0, "coverage_frac": 1.0, "is_edge": 0, "center_lon": 103.93396643312916, "center_lat": 1.5495359357158518 }, "geometry": { "type": "Polygon", "coordinates": [ [ [ 103.929472162754081, 1.545015370994888 ], [ 103.929474289853076, 1.554058650555046 ], [ 103.938460725689154, 1.554056484347695 ], [ 103.938458560481351, 1.545013217398878 ], [ 103.929472162754081, 1.545015370994888 ] ] ] } },
{ "type": "Feature", "properties": { "grid_id": "JB1000_R0029_C0045", "grid_m": 1000, "row_id": 29, "col_id": 45, "x_min": 42000.0, "y_min": -55000.0, "x_max": 43000.0, "y_max": -54000.0, "center_x": 42500.0, "center_y": -54500.0, "full_area_m2": 1000000, "inside_area_m2": 1000000.0, "coverage_frac": 1.0, "is_edge": 0, "center_lon": 103.94295284987385, "center_lat": 1.5495337566362124 }, "geometry": { "type": "Polygon", "coordinates": [ [ [ 103.938458560481351, 1.545013217398878 ], [ 103.938460725689154, 1.554056484347695 ], [ 103.947447161506759, 1.554054279672437 ], [ 103.94744495819036, 1.545011025558916 ], [ 103.938458560481351, 1.545013217398878 ] ] ] } },
{ "type": "Feature", "properties": { "grid_id": "JB1000_R0029_C0046", "grid_m": 1000, "row_id": 29, "col_id": 46, "x_min": 43000.0, "y_min": -55000.0, "x_max": 44000.0, "y_max": -54000.0, "center_x": 43500.0, "center_y": -54500.0, "full_area_m2": 1000000, "inside_area_m2": 1000000.0, "coverage_frac": 1.0, "is_edge": 0, "center_lon": 103.95193926660001, "center_lat": 1.549531539200671 }, "geometry": { "type": "Polygon", "coordinates": [ [ [ 103.94744495819036, 1.545011025558916 ], [ 103.947447161506759, 1.554054279672437 ], [ 103.956433597305562, 1.554052036529327 ], [ 103.956431355880781, 1.545008795475055 ], [ 103.94744495819036, 1.545011025558916 ] ] ] } },
{ "type": "Feature", "properties": { "grid_id": "JB1000_R0029_C0047", "grid_m": 1000, "row_id": 29, "col_id": 47, "x_min": 44000.0, "y_min": -55000.0, "x_max": 45000.0, "y_max": -54000.0, "center_x": 44500.0, "center_y": -54500.0, "full_area_m2": 1000000, "inside_area_m2": 1000000.0, "coverage_frac": 1.0, "is_edge": 0, "center_lon": 103.96092568330732, "center_lat": 1.5495292834092824 }, "geometry": { "type": "Polygon", "coordinates": [ [ [ 103.956431355880781, 1.545008795475055 ], [ 103.956433597305562, 1.554052036529327 ], [ 103.965420033085238, 1.55404975491842 ], [ 103.965417753552302, 1.545006527147352 ], [ 103.956431355880781, 1.545008795475055 ] ] ] } },
{ "type": "Feature", "properties": { "grid_id": "JB1000_R0029_C0048", "grid_m": 1000, "row_id": 29, "col_id": 48, "x_min": 45000.0, "y_min": -55000.0, "x_max": 46000.0, "y_max": -54000.0, "center_x": 45500.0, "center_y": -54500.0, "full_area_m2": 1000000, "inside_area_m2": 1000000.0, "coverage_frac": 1.0, "is_edge": 0, "center_lon": 103.96991209999545, "center_lat": 1.5495269892621015 }, "geometry": { "type": "Polygon", "coordinates": [ [ [ 103.965417753552302, 1.545006527147352 ], [ 103.965420033085238, 1.55404975491842 ], [ 103.974406468845459, 1.554047434839772 ], [ 103.974404151204595, 1.545004220575861 ], [ 103.965417753552302, 1.545006527147352 ] ] ] } },
{ "type": "Feature", "properties": { "grid_id": "JB1000_R0029_C0049", "grid_m": 1000, "row_id": 29, "col_id": 49, "x_min": 46000.0, "y_min": -55000.0, "x_max": 47000.0, "y_max": -54000.0, "center_x": 46500.0, "center_y": -54500.0, "full_area_m2": 1000000, "inside_area_m2": 1000000.0, "coverage_frac": 1.0, "is_edge": 0, "center_lon": 103.9788985166641, "center_lat": 1.5495246567591858 }, "geometry": { "type": "Polygon", "coordinates": [ [ [ 103.974404151204595, 1.545004220575861 ], [ 103.974406468845459, 1.554047434839772 ], [ 103.983392904585912, 1.554045076293441 ], [ 103.983390548837349, 1.54500187576064 ], [ 103.974404151204595, 1.545004220575861 ] ] ] } },
{ "type": "Feature", "properties": { "grid_id": "JB1000_R0029_C0050", "grid_m": 1000, "row_id": 29, "col_id": 50, "x_min": 47000.0, "y_min": -55000.0, "x_max": 48000.0, "y_max": -54000.0, "center_x": 47500.0, "center_y": -54500.0, "full_area_m2": 1000000, "inside_area_m2": 1000000.0, "coverage_frac": 1.0, "is_edge": 0, "center_lon": 103.98788493331291, "center_lat": 1.5495222859005917 }, "geometry": { "type": "Polygon", "coordinates": [ [ [ 103.983390548837349, 1.54500187576064 ], [ 103.983392904585912, 1.554045076293441 ], [ 103.992379340306272, 1.554042679279484 ], [ 103.992376946450236, 1.544999492701747 ], [ 103.983390548837349, 1.54500187576064 ] ] ] } },
{ "type": "Feature", "properties": { "grid_id": "JB1000_R0029_C0051", "grid_m": 1000, "row_id": 29, "col_id": 51, "x_min": 48000.0, "y_min": -55000.0, "x_max": 49000.0, "y_max": -54000.0, "center_x": 48500.0, "center_y": -54500.0, "full_area_m2": 1000000, "inside_area_m2": 1000000.0, "coverage_frac": 1.0, "is_edge": 0, "center_lon": 103.99687134994159, "center_lat": 1.5495198766863785 }, "geometry": { "type": "Polygon", "coordinates": [ [ [ 103.992376946450236, 1.544999492701747 ], [ 103.992379340306272, 1.554042679279484 ], [ 104.00136577600621, 1.554040243797961 ], [ 104.001363344042929, 1.544997071399239 ], [ 103.992376946450236, 1.544999492701747 ] ] ] } },
{ "type": "Feature", "properties": { "grid_id": "JB1000_R0029_C0052", "grid_m": 1000, "row_id": 29, "col_id": 52, "x_min": 49000.0, "y_min": -55000.0, "x_max": 50000.0, "y_max": -54000.0, "center_x": 49500.0, "center_y": -54500.0, "full_area_m2": 1000000, "inside_area_m2": 1000000.0, "coverage_frac": 1.0, "is_edge": 0, "center_lon": 104.00585776654979, "center_lat": 1.5495174291166049 }, "geometry": { "type": "Polygon", "coordinates": [ [ [ 104.001363344042929, 1.544997071399239 ], [ 104.00136577600621, 1.554040243797961 ], [ 104.010352211685372, 1.554037769848932 ], [ 104.01034974161513, 1.544994611853177 ], [ 104.001363344042929, 1.544997071399239 ] ] ] } },
{ "type": "Feature", "properties": { "grid_id": "JB1000_R0029_C0053", "grid_m": 1000, "row_id": 29, "col_id": 53, "x_min": 50000.0, "y_min": -55000.0, "x_max": 51000.0, "y_max": -54000.0, "center_x": 50500.0, "center_y": -54500.0, "full_area_m2": 1000000, "inside_area_m2": 975458.24326915923, "coverage_frac": 0.9754582432691592, "is_edge": 1, "center_lon": 104.0148441831372, "center_lat": 1.5495149431913315 }, "geometry": { "type": "Polygon", "coordinates": [ [ [ 104.019336139166484, 1.544992114063622 ], [ 104.01034974161513, 1.544994611853177 ], [ 104.010352211685372, 1.554037769848932 ], [ 104.01794705251389, 1.554035649010015 ], [ 104.019337850754525, 1.551168904207294 ], [ 104.019336139166484, 1.544992114063622 ] ] ] } },
{ "type": "Feature", "properties": { "grid_id": "JB1000_R0029_C0054", "grid_m": 1000, "row_id": 29, "col_id": 54, "x_min": 51000.0, "y_min": -55000.0, "x_max": 52000.0, "y_max": -54000.0, "center_x": 51500.0, "center_y": -54500.0, "full_area_m2": 1000000, "inside_area_m2": 33819.179226727312, "coverage_frac": 0.033819179226727315, "is_edge": 1, "center_lon": 104.0238305997035, "center_lat": 1.5495124189106197 }, "geometry": { "type": "Polygon", "coordinates": [ [ [ 104.019336139166484, 1.544992114063622 ], [ 104.019337850754525, 1.551168904207294 ], [ 104.019740332045401, 1.550339299872034 ], [ 104.019898889043759, 1.544991956373583 ], [ 104.019336139166484, 1.544992114063622 ] ] ] } },
{ "type": "Feature", "properties": { "grid_id": "JB1000_R0030_C0003", "grid_m": 1000, "row_id": 30, "col_id": 3, "x_min": 0.0, "y_min": -54000.0, "x_max": 1000.0, "y_max": -53000.0, "center_x": 500.0, "center_y": -53500.0, "full_area_m2": 1000000, "inside_area_m2": 277904.94466104888, "coverage_frac": 0.27790494466104887, "is_edge": 1, "center_lon": 103.56552391989496, "center_lat": 1.5586358547260097 }, "geometry": { "type": "Polygon", "coordinates": [ [ [ 103.570016844994029, 1.55411375465921 ], [ 103.561720006541194, 1.554114299812528 ], [ 103.562013804978164, 1.554430426898173 ], [ 103.562526179266797, 1.554750790351235 ], [ 103.564672194395513, 1.55611085152903 ], [ 103.566244809399009, 1.557099267278244 ], [ 103.567606538460197, 1.558073049634903 ], [ 103.569962787137442, 1.55911149960749 ], [ 103.570017180383147, 1.559124285857592 ], [ 103.570016844994029, 1.55411375465921 ] ] ] } },
{ "type": "Feature", "properties": { "grid_id": "JB1000_R0030_C0004", "grid_m": 1000, "row_id": 30, "col_id": 4, "x_min": 1000.0, "y_min": -54000.0, "x_max": 2000.0, "y_max": -53000.0, "center_x": 1500.0, "center_y": -53500.0, "full_area_m2": 1000000, "inside_area_m2": 788875.81757509359, "coverage_frac": 0.78887581757509362, "is_edge": 1, "center_lon": 103.57451037534663, "center_lat": 1.5586352447327299 }, "geometry": { "type": "Polygon", "coordinates": [ [ [ 103.57900328130242, 1.554113127201776 ], [ 103.570016844994029, 1.55411375465921 ], [ 103.570017180383147, 1.559124285857592 ], [ 103.570226396849222, 1.559173466471824 ], [ 103.572344048206162, 1.559589590230455 ], [ 103.573335529537147, 1.560034148047591 ], [ 103.574240660209554, 1.560535292649994 ], [ 103.574367376956545, 1.560801698909307 ], [ 103.574568386896047, 1.561348616867088 ], [ 103.574721922273071, 1.561905509427151 ], [ 103.574807936552176, 1.562194106280262 ], [ 103.574913068933625, 1.562245602452944 ], [ 103.575153530017317, 1.56241428564581 ], [ 103.575722633442183, 1.562589680397301 ], [ 103.576378696070847, 1.56277281501989 ], [ 103.576685818247881, 1.563156889640914 ], [ 103.578837281136018, 1.563156735194882 ], [ 103.578871239332443, 1.562831739353899 ], [ 103.578812959452989, 1.561933560915709 ], [ 103.578835771392178, 1.561459931757466 ], [ 103.57900378461683, 1.56118040421504 ], [ 103.57900328130242, 1.554113127201776 ] ] ] } },
{ "type": "Feature", "properties": { "grid_id": "JB1000_R0030_C0005", "grid_m": 1000, "row_id": 30, "col_id": 5, "x_min": 2000.0, "y_min": -54000.0, "x_max": 3000.0, "y_max": -53000.0, "center_x": 2500.0, "center_y": -53500.0, "full_area_m2": 1000000, "inside_area_m2": 762761.57885910536, "coverage_frac": 0.76276157885910534, "is_edge": 1, "center_lon": 103.58349683079301, "center_lat": 1.5586345961581582 }, "geometry": { "type": "Polygon", "coordinates": [ [ [ 103.587989717605367, 1.554112461275041 ], [ 103.57900328130242, 1.554113127201776 ], [ 103.57900378461683, 1.56118040421504 ], [ 103.579079925414973, 1.561053726957737 ], [ 103.579369408787954, 1.560758504976517 ], [ 103.579629613269887, 1.560724124725712 ], [ 103.580872326009626, 1.560544022566239 ], [ 103.581096782331258, 1.560592794202966 ], [ 103.582904616930037, 1.561504979022418 ], [ 103.583843357589387, 1.561736623868361 ], [ 103.58438316941168, 1.561812389377566 ], [ 103.587990161018837, 1.559991309170363 ], [ 103.587989717605367, 1.554112461275041 ] ] ] } },
{ "type": "Feature", "properties": { "grid_id": "JB1000_R0030_C0006", "grid_m": 1000, "row_id": 30, "col_id": 6, "x_min": 3000.0, "y_min": -54000.0, "x_max": 4000.0, "y_max": -53000.0, "center_x": 3500.0, "center_y": -53500.0, "full_area_m2": 1000000, "inside_area_m2": 486810.4290935868, "coverage_frac": 0.48681042909358679, "is_edge": 1, "center_lon": 103.5924832862337, "center_lat": 1.5586339090023111 }, "geometry": { "type": "Polygon", "coordinates": [ [ [ 103.596976153902517, 1.554111756879019 ], [ 103.587989717605367, 1.554112461275041 ], [ 103.587990161018837, 1.559991309170363 ], [ 103.593074189571567, 1.557424495107148 ], [ 103.59378632771903, 1.557173048579708 ], [ 103.594003673575656, 1.557259313096288 ], [ 103.59697661348315, 1.559881231378404 ], [ 103.596976153902517, 1.554111756879019 ] ] ] } },
{ "type": "Feature", "properties": { "grid_id": "JB1000_R0030_C0007", "grid_m": 1000, "row_id": 30, "col_id": 7, "x_min": 4000.0, "y_min": -54000.0, "x_max": 5000.0, "y_max": -53000.0, "center_x": 4500.0, "center_y": -53500.0, "full_area_m2": 1000000, "inside_area_m2": 926551.047653805, "coverage_frac": 0.92655104765380503, "is_edge": 1, "center_lon": 103.60146974166842, "center_lat": 1.5586331832652049 }, "geometry": { "type": "Polygon", "coordinates": [ [ [ 103.60596334967633, 1.563154597648681 ], [ 103.605962590193542, 1.55411101401373 ], [ 103.596976153902517, 1.554111756879019 ], [ 103.59697661348315, 1.559881231378404 ], [ 103.59713659544407, 1.560022323576381 ], [ 103.600620218551327, 1.563155046572722 ], [ 103.60596334967633, 1.563154597648681 ] ] ] } },
{ "type": "Feature", "properties": { "grid_id": "JB1000_R0030_C0008", "grid_m": 1000, "row_id": 30, "col_id": 8, "x_min": 5000.0, "y_min": -54000.0, "x_max": 6000.0, "y_max": -53000.0, "center_x": 5500.0, "center_y": -53500.0, "full_area_m2": 1000000, "inside_area_m2": 1000000.0, "coverage_frac": 1.0, "is_edge": 0, "center_lon": 103.61045619709681, "center_lat": 1.5586324189468577 }, "geometry": { "type": "Polygon", "coordinates": [ [ [ 103.605962590193542, 1.55411101401373 ], [ 103.60596334967633, 1.563154597648681 ], [ 103.614949824297639, 1.563153811765289 ], [ 103.614949026478143, 1.55411023267919 ], [ 103.605962590193542, 1.55411101401373 ] ] ] } },
{ "type": "Feature", "properties": { "grid_id": "JB1000_R0030_C0009", "grid_m": 1000, "row_id": 30, "col_id": 9, "x_min": 6000.0, "y_min": -54000.0, "x_max": 7000.0, "y_max": -53000.0, "center_x": 6500.0, "center_y": -53500.0, "full_area_m2": 1000000, "inside_area_m2": 680644.94629062014, "coverage_frac": 0.68064494629062011, "is_edge": 1, "center_lon": 103.61944265251856, "center_lat": 1.5586316160472882 }, "geometry": { "type": "Polygon", "coordinates": [ [ [ 103.623935462755952, 1.55410941287542 ], [ 103.614949026478143, 1.55411023267919 ], [ 103.614949824297639, 1.563153811765289 ], [ 103.616497036133055, 1.563153672554411 ], [ 103.618990824400882, 1.561571942505385 ], [ 103.619892865441017, 1.560279647222638 ], [ 103.619951723301611, 1.559410851953891 ], [ 103.6205377744391, 1.558814723347849 ], [ 103.621082827879533, 1.558520296795892 ], [ 103.622942392157043, 1.557136180463172 ], [ 103.623935540547393, 1.554952999956699 ], [ 103.623935462755952, 1.55410941287542 ] ] ] } },
{ "type": "Feature", "properties": { "grid_id": "JB1000_R0030_C0010", "grid_m": 1000, "row_id": 30, "col_id": 10, "x_min": 7000.0, "y_min": -54000.0, "x_max": 8000.0, "y_max": -53000.0, "center_x": 7500.0, "center_y": -53500.0, "full_area_m2": 1000000, "inside_area_m2": 1992.1986393241777, "coverage_frac": 0.0019921986393241779, "is_edge": 1, "center_lon": 103.62842910793333, "center_lat": 1.5586307745665162 }, "geometry": { "type": "Polygon", "coordinates": [ [ [ 103.623935462755952, 1.55410941287542 ], [ 103.623935540547393, 1.554952999956699 ], [ 103.624319311692759, 1.554109377001427 ], [ 103.623935462755952, 1.55410941287542 ] ] ] } },
{ "type": "Feature", "properties": { "grid_id": "JB1000_R0030_C0013", "grid_m": 1000, "row_id": 30, "col_id": 13, "x_min": 10000.0, "y_min": -54000.0, "x_max": 11000.0, "y_max": -53000.0, "center_x": 10500.0, "center_y": -53500.0, "full_area_m2": 1000000, "inside_area_m2": 1074.9763756047196, "coverage_frac": 0.0010749763756047195, "is_edge": 1, "center_lon": 103.65538847413258, "center_lat": 1.5586280186371981 }, "geometry": { "type": "Polygon", "coordinates": [ [ [ 103.659881207793049, 1.554105748968452 ], [ 103.659853802156107, 1.554105751996334 ], [ 103.659843963537043, 1.556639099380412 ], [ 103.659881514237128, 1.556912116849551 ], [ 103.659881207793049, 1.554105748968452 ] ] ] } },
{ "type": "Feature", "properties": { "grid_id": "JB1000_R0030_C0014", "grid_m": 1000, "row_id": 30, "col_id": 14, "x_min": 11000.0, "y_min": -54000.0, "x_max": 12000.0, "y_max": -53000.0, "center_x": 11500.0, "center_y": -53500.0, "full_area_m2": 1000000, "inside_area_m2": 948200.06791029265, "coverage_frac": 0.94820006791029265, "is_edge": 1, "center_lon": 103.6643749295162, "center_lat": 1.5586270228318333 }, "geometry": { "type": "Polygon", "coordinates": [ [ [ 103.668868671870243, 1.563148283908597 ], [ 103.668867644032147, 1.554104736818851 ], [ 103.659881207793049, 1.554105748968452 ], [ 103.659881514237128, 1.556912116849551 ], [ 103.659943565179759, 1.557363266418884 ], [ 103.661183774952462, 1.562746068595303 ], [ 103.661188556223252, 1.563149156362145 ], [ 103.668868671870243, 1.563148283908597 ] ] ] } },
{ "type": "Feature", "properties": { "grid_id": "JB1000_R0030_C0015", "grid_m": 1000, "row_id": 30, "col_id": 15, "x_min": 12000.0, "y_min": -54000.0, "x_max": 13000.0, "y_max": -53000.0, "center_x": 12500.0, "center_y": -53500.0, "full_area_m2": 1000000, "inside_area_m2": 1000000.0, "coverage_frac": 1.0, "is_edge": 0, "center_lon": 103.67336138489122, "center_lat": 1.5586259884453793 }, "geometry": { "type": "Polygon", "coordinates": [ [ [ 103.668867644032147, 1.554104736818851 ], [ 103.668868671870243, 1.563148283908597 ], [ 103.677855146436727, 1.563147227173302 ], [ 103.677854080262534, 1.554103686200155 ], [ 103.668867644032147, 1.554104736818851 ] ] ] } },
{ "type": "Feature", "properties": { "grid_id": "JB1000_R0030_C0016", "grid_m": 1000, "row_id": 30, "col_id": 16, "x_min": 13000.0, "y_min": -54000.0, "x_max": 14000.0, "y_max": -53000.0, "center_x": 13500.0, "center_y": -53500.0, "full_area_m2": 1000000, "inside_area_m2": 1000000.0, "coverage_frac": 1.0, "is_edge": 0, "center_lon": 103.68234784025731, "center_lat": 1.5586249154778617 }, "geometry": { "type": "Polygon", "coordinates": [ [ [ 103.677854080262534, 1.554103686200155 ], [ 103.677855146436727, 1.563147227173302 ], [ 103.686841620994059, 1.563146131744976 ], [ 103.686840516483855, 1.554102597112389 ], [ 103.677854080262534, 1.554103686200155 ] ] ] } },
{ "type": "Feature", "properties": { "grid_id": "JB1000_R0030_C0017", "grid_m": 1000, "row_id": 30, "col_id": 17, "x_min": 14000.0, "y_min": -54000.0, "x_max": 15000.0, "y_max": -53000.0, "center_x": 14500.0, "center_y": -53500.0, "full_area_m2": 1000000, "inside_area_m2": 1000000.0, "coverage_frac": 1.0, "is_edge": 0, "center_lon": 103.69133429561413, "center_lat": 1.5586238039293068 }, "geometry": { "type": "Polygon", "coordinates": [ [ [ 103.686840516483855, 1.554102597112389 ], [ 103.686841620994059, 1.563146131744976 ], [ 103.695828095541913, 1.563144997623644 ], [ 103.695826952695839, 1.554101469555581 ], [ 103.686840516483855, 1.554102597112389 ] ] ] } },
{ "type": "Feature", "properties": { "grid_id": "JB1000_R0030_C0018", "grid_m": 1000, "row_id": 30, "col_id": 18, "x_min": 15000.0, "y_min": -54000.0, "x_max": 16000.0, "y_max": -53000.0, "center_x": 15500.0, "center_y": -53500.0, "full_area_m2": 1000000, "inside_area_m2": 1000000.0, "coverage_frac": 1.0, "is_edge": 0, "center_lon": 103.70032075096137, "center_lat": 1.5586226537997416 }, "geometry": { "type": "Polygon", "coordinates": [ [ [ 103.695826952695839, 1.554101469555581 ], [ 103.695828095541913, 1.563144997623644 ], [ 103.704814570079947, 1.563143824809334 ], [ 103.704813388898117, 1.554100303529758 ], [ 103.695826952695839, 1.554101469555581 ] ] ] } },
{ "type": "Feature", "properties": { "grid_id": "JB1000_R0030_C0019", "grid_m": 1000, "row_id": 30, "col_id": 19, "x_min": 16000.0, "y_min": -54000.0, "x_max": 17000.0, "y_max": -53000.0, "center_x": 16500.0, "center_y": -53500.0, "full_area_m2": 1000000, "inside_area_m2": 1000000.0, "coverage_frac": 1.0, "is_edge": 0, "center_lon": 103.7093072062987, "center_lat": 1.558621465089195 }, "geometry": { "type": "Polygon", "coordinates": [ [ [ 103.704813388898117, 1.554100303529758 ], [ 103.704814570079947, 1.563143824809334 ], [ 103.713801044607862, 1.563142613302076 ], [ 103.713799825090362, 1.554099099034949 ], [ 103.704813388898117, 1.554100303529758 ] ] ] } },
{ "type": "Feature", "properties": { "grid_id": "JB1000_R0030_C0020", "grid_m": 1000, "row_id": 30, "col_id": 20, "x_min": 17000.0, "y_min": -54000.0, "x_max": 18000.0, "y_max": -53000.0, "center_x": 17500.0, "center_y": -53500.0, "full_area_m2": 1000000, "inside_area_m2": 1000000.0, "coverage_frac": 1.0, "is_edge": 0, "center_lon": 103.71829366162576, "center_lat": 1.5586202377976959 }, "geometry": { "type": "Polygon", "coordinates": [ [ [ 103.713799825090362, 1.554099099034949 ], [ 103.713801044607862, 1.563142613302076 ], [ 103.722787519125305, 1.563141363101899 ], [ 103.722786261272276, 1.554097856071183 ], [ 103.713799825090362, 1.554099099034949 ] ] ] } },
{ "type": "Feature", "properties": { "grid_id": "JB1000_R0030_C0021", "grid_m": 1000, "row_id": 30, "col_id": 21, "x_min": 18000.0, "y_min": -54000.0, "x_max": 19000.0, "y_max": -53000.0, "center_x": 18500.0, "center_y": -53500.0, "full_area_m2": 1000000, "inside_area_m2": 1000000.0, "coverage_frac": 1.0, "is_edge": 0, "center_lon": 103.72728011694228, "center_lat": 1.558618971925275 }, "geometry": { "type": "Polygon", "coordinates": [ [ [ 103.722786261272276, 1.554097856071183 ], [ 103.722787519125305, 1.563141363101899 ], [ 103.731773993631947, 1.563140074208834 ], [ 103.731772697443517, 1.554096574638492 ], [ 103.722786261272276, 1.554097856071183 ] ] ] } },
{ "type": "Feature", "properties": { "grid_id": "JB1000_R0030_C0022", "grid_m": 1000, "row_id": 30, "col_id": 22, "x_min": 19000.0, "y_min": -54000.0, "x_max": 20000.0, "y_max": -53000.0, "center_x": 19500.0, "center_y": -53500.0, "full_area_m2": 1000000, "inside_area_m2": 1000000.0, "coverage_frac": 1.0, "is_edge": 0, "center_lon": 103.73626657224791, "center_lat": 1.558617667471963 }, "geometry": { "type": "Polygon", "coordinates": [ [ [ 103.731772697443517, 1.554096574638492 ], [ 103.731773993631947, 1.563140074208834 ], [ 103.740760468127462, 1.563138746622912 ], [ 103.74075913360376, 1.554095254736906 ], [ 103.731772697443517, 1.554096574638492 ] ] ] } },
{ "type": "Feature", "properties": { "grid_id": "JB1000_R0030_C0023", "grid_m": 1000, "row_id": 30, "col_id": 23, "x_min": 20000.0, "y_min": -54000.0, "x_max": 21000.0, "y_max": -53000.0, "center_x": 20500.0, "center_y": -53500.0, "full_area_m2": 1000000, "inside_area_m2": 1000000.0, "coverage_frac": 1.0, "is_edge": 0, "center_lon": 103.7452530275423, "center_lat": 1.5586163244377922 }, "geometry": { "type": "Polygon", "coordinates": [ [ [ 103.74075913360376, 1.554095254736906 ], [ 103.740760468127462, 1.563138746622912 ], [ 103.749746942611537, 1.563137380344167 ], [ 103.74974556975269, 1.55409389636646 ], [ 103.74075913360376, 1.554095254736906 ] ] ] } },
{ "type": "Feature", "properties": { "grid_id": "JB1000_R0030_C0024", "grid_m": 1000, "row_id": 30, "col_id": 24, "x_min": 21000.0, "y_min": -54000.0, "x_max": 22000.0, "y_max": -53000.0, "center_x": 21500.0, "center_y": -53500.0, "full_area_m2": 1000000, "inside_area_m2": 1000000.0, "coverage_frac": 1.0, "is_edge": 0, "center_lon": 103.75423948282514, "center_lat": 1.5586149428227958 }, "geometry": { "type": "Polygon", "coordinates": [ [ [ 103.74974556975269, 1.55409389636646 ], [ 103.749746942611537, 1.563137380344167 ], [ 103.758733417083818, 1.563135975372633 ], [ 103.758732005889968, 1.554092499527184 ], [ 103.74974556975269, 1.55409389636646 ] ] ] } },
{ "type": "Feature", "properties": { "grid_id": "JB1000_R0030_C0025", "grid_m": 1000, "row_id": 30, "col_id": 25, "x_min": 22000.0, "y_min": -54000.0, "x_max": 23000.0, "y_max": -53000.0, "center_x": 22500.0, "center_y": -53500.0, "full_area_m2": 1000000, "inside_area_m2": 1000000.0, "coverage_frac": 1.0, "is_edge": 0, "center_lon": 103.7632259380961, "center_lat": 1.5586135226270077 }, "geometry": { "type": "Polygon", "coordinates": [ [ [ 103.758732005889968, 1.554092499527184 ], [ 103.758733417083818, 1.563135975372633 ], [ 103.767719891544004, 1.563134531708343 ], [ 103.76771844201528, 1.554091064219116 ], [ 103.758732005889968, 1.554092499527184 ] ] ] } },
{ "type": "Feature", "properties": { "grid_id": "JB1000_R0030_C0026", "grid_m": 1000, "row_id": 30, "col_id": 26, "x_min": 23000.0, "y_min": -54000.0, "x_max": 24000.0, "y_max": -53000.0, "center_x": 23500.0, "center_y": -53500.0, "full_area_m2": 1000000, "inside_area_m2": 1000000.0, "coverage_frac": 1.0, "is_edge": 0, "center_lon": 103.77221239335488, "center_lat": 1.5586120638504628 }, "geometry": { "type": "Polygon", "coordinates": [ [ [ 103.76771844201528, 1.554091064219116 ], [ 103.767719891544004, 1.563134531708343 ], [ 103.776706365991743, 1.563133049351334 ], [ 103.776704878128285, 1.554089590442288 ], [ 103.76771844201528, 1.554091064219116 ] ] ] } },
{ "type": "Feature", "properties": { "grid_id": "JB1000_R0030_C0027", "grid_m": 1000, "row_id": 30, "col_id": 27, "x_min": 24000.0, "y_min": -54000.0, "x_max": 25000.0, "y_max": -53000.0, "center_x": 24500.0, "center_y": -53500.0, "full_area_m2": 1000000, "inside_area_m2": 1000000.0, "coverage_frac": 1.0, "is_edge": 0, "center_lon": 103.78119884860109, "center_lat": 1.5586105664931975 }, "geometry": { "type": "Polygon", "coordinates": [ [ [ 103.776704878128285, 1.554089590442288 ], [ 103.776706365991743, 1.563133049351334 ], [ 103.785692840426705, 1.563131528301641 ], [ 103.785691314228671, 1.554088078196739 ], [ 103.776704878128285, 1.554089590442288 ] ] ] } },
{ "type": "Feature", "properties": { "grid_id": "JB1000_R0030_C0028", "grid_m": 1000, "row_id": 30, "col_id": 28, "x_min": 25000.0, "y_min": -54000.0, "x_max": 26000.0, "y_max": -53000.0, "center_x": 25500.0, "center_y": -53500.0, "full_area_m2": 1000000, "inside_area_m2": 1000000.0, "coverage_frac": 1.0, "is_edge": 0, "center_lon": 103.79018530383448, "center_lat": 1.5586090305552482 }, "geometry": { "type": "Polygon", "coordinates": [ [ [ 103.785691314228671, 1.554088078196739 ], [ 103.785692840426705, 1.563131528301641 ], [ 103.79467931484858, 1.563129968559303 ], [ 103.794677750316126, 1.554086527482505 ], [ 103.785691314228671, 1.554088078196739 ] ] ] } },
{ "type": "Feature", "properties": { "grid_id": "JB1000_R0030_C0029", "grid_m": 1000, "row_id": 30, "col_id": 29, "x_min": 26000.0, "y_min": -54000.0, "x_max": 27000.0, "y_max": -53000.0, "center_x": 26500.0, "center_y": -53500.0, "full_area_m2": 1000000, "inside_area_m2": 1000000.0, "coverage_frac": 1.0, "is_edge": 0, "center_lon": 103.79917175905466, "center_lat": 1.558607456036653 }, "geometry": { "type": "Polygon", "coordinates": [ [ [ 103.794677750316126, 1.554086527482505 ], [ 103.79467931484858, 1.563129968559303 ], [ 103.803665789257025, 1.563128370124357 ], [ 103.803664186390293, 1.554084938299624 ], [ 103.794677750316126, 1.554086527482505 ] ] ] } },
{ "type": "Feature", "properties": { "grid_id": "JB1000_R0030_C0030", "grid_m": 1000, "row_id": 30, "col_id": 30, "x_min": 27000.0, "y_min": -54000.0, "x_max": 28000.0, "y_max": -53000.0, "center_x": 27500.0, "center_y": -53500.0, "full_area_m2": 1000000, "inside_area_m2": 1000000.0, "coverage_frac": 1.0, "is_edge": 0, "center_lon": 103.80815821426134, "center_lat": 1.5586058429374503 }, "geometry": { "type": "Polygon", "coordinates": [ [ [ 103.803664186390293, 1.554084938299624 ], [ 103.803665789257025, 1.563128370124357 ], [ 103.812652263651714, 1.563126732996843 ], [ 103.81265062245086, 1.554083310648136 ], [ 103.803664186390293, 1.554084938299624 ] ] ] } },
{ "type": "Feature", "properties": { "grid_id": "JB1000_R0030_C0031", "grid_m": 1000, "row_id": 30, "col_id": 31, "x_min": 28000.0, "y_min": -54000.0, "x_max": 29000.0, "y_max": -53000.0, "center_x": 28500.0, "center_y": -53500.0, "full_area_m2": 1000000, "inside_area_m2": 1000000.0, "coverage_frac": 1.0, "is_edge": 0, "center_lon": 103.81714466945417, "center_lat": 1.5586041912576805 }, "geometry": { "type": "Polygon", "coordinates": [ [ [ 103.81265062245086, 1.554083310648136 ], [ 103.812652263651714, 1.563126732996843 ], [ 103.82163873803232, 1.563125057176802 ], [ 103.821637058497515, 1.55408164452808 ], [ 103.81265062245086, 1.554083310648136 ] ] ] } },
{ "type": "Feature", "properties": { "grid_id": "JB1000_R0030_C0032", "grid_m": 1000, "row_id": 30, "col_id": 32, "x_min": 29000.0, "y_min": -54000.0, "x_max": 30000.0, "y_max": -53000.0, "center_x": 29500.0, "center_y": -53500.0, "full_area_m2": 1000000, "inside_area_m2": 1000000.0, "coverage_frac": 1.0, "is_edge": 0, "center_lon": 103.82613112463284, "center_lat": 1.5586025009973838 }, "geometry": { "type": "Polygon", "coordinates": [ [ [ 103.821637058497515, 1.55408164452808 ], [ 103.82163873803232, 1.563125057176802 ], [ 103.830625212398502, 1.563123342664275 ], [ 103.830623494529917, 1.554079939939498 ], [ 103.821637058497515, 1.55408164452808 ] ] ] } },
{ "type": "Feature", "properties": { "grid_id": "JB1000_R0030_C0033", "grid_m": 1000, "row_id": 30, "col_id": 33, "x_min": 30000.0, "y_min": -54000.0, "x_max": 31000.0, "y_max": -53000.0, "center_x": 30500.0, "center_y": -53500.0, "full_area_m2": 1000000, "inside_area_m2": 1000000.0, "coverage_frac": 1.0, "is_edge": 0, "center_lon": 103.83511757979701, "center_lat": 1.558600772156602 }, "geometry": { "type": "Polygon", "coordinates": [ [ [ 103.830623494529917, 1.554079939939498 ], [ 103.830625212398502, 1.563123342664275 ], [ 103.839611686749947, 1.563121589459304 ], [ 103.839609930547752, 1.554078196882432 ], [ 103.830623494529917, 1.554079939939498 ] ] ] } },
{ "type": "Feature", "properties": { "grid_id": "JB1000_R0030_C0034", "grid_m": 1000, "row_id": 30, "col_id": 34, "x_min": 31000.0, "y_min": -54000.0, "x_max": 32000.0, "y_max": -53000.0, "center_x": 31500.0, "center_y": -53500.0, "full_area_m2": 1000000, "inside_area_m2": 1000000.0, "coverage_frac": 1.0, "is_edge": 0, "center_lon": 103.84410403494635, "center_lat": 1.5585990047353775 }, "geometry": { "type": "Polygon", "coordinates": [ [ [ 103.839609930547752, 1.554078196882432 ], [ 103.839611686749947, 1.563121589459304 ], [ 103.848598161086329, 1.563119797561932 ], [ 103.848596366550694, 1.554076415356924 ], [ 103.839609930547752, 1.554078196882432 ] ] ] } },
{ "type": "Feature", "properties": { "grid_id": "JB1000_R0030_C0035", "grid_m": 1000, "row_id": 30, "col_id": 35, "x_min": 32000.0, "y_min": -54000.0, "x_max": 33000.0, "y_max": -53000.0, "center_x": 32500.0, "center_y": -53500.0, "full_area_m2": 1000000, "inside_area_m2": 1000000.0, "coverage_frac": 1.0, "is_edge": 0, "center_lon": 103.85309049008056, "center_lat": 1.5585971987337544 }, "geometry": { "type": "Polygon", "coordinates": [ [ [ 103.848596366550694, 1.554076415356924 ], [ 103.848598161086329, 1.563119797561932 ], [ 103.857584635407306, 1.563117966972203 ], [ 103.857582802538403, 1.554074595363019 ], [ 103.848596366550694, 1.554076415356924 ] ] ] } },
{ "type": "Feature", "properties": { "grid_id": "JB1000_R0030_C0036", "grid_m": 1000, "row_id": 30, "col_id": 36, "x_min": 33000.0, "y_min": -54000.0, "x_max": 34000.0, "y_max": -53000.0, "center_x": 33500.0, "center_y": -53500.0, "full_area_m2": 1000000, "inside_area_m2": 1000000.0, "coverage_frac": 1.0, "is_edge": 0, "center_lon": 103.86207694519929, "center_lat": 1.5585953541517763 }, "geometry": { "type": "Polygon", "coordinates": [ [ [ 103.857582802538403, 1.554074595363019 ], [ 103.857584635407306, 1.563117966972203 ], [ 103.866571109712552, 1.563116097690163 ], [ 103.866569238510564, 1.554072736900761 ], [ 103.857582802538403, 1.554074595363019 ] ] ] } },
{ "type": "Feature", "properties": { "grid_id": "JB1000_R0030_C0037", "grid_m": 1000, "row_id": 30, "col_id": 37, "x_min": 34000.0, "y_min": -54000.0, "x_max": 35000.0, "y_max": -53000.0, "center_x": 34500.0, "center_y": -53500.0, "full_area_m2": 1000000, "inside_area_m2": 1000000.0, "coverage_frac": 1.0, "is_edge": 0, "center_lon": 103.87106340030223, "center_lat": 1.5585934709894895 }, "geometry": { "type": "Polygon", "coordinates": [ [ [ 103.866569238510564, 1.554072736900761 ], [ 103.866571109712552, 1.563116097690163 ], [ 103.87555758400174, 1.563114189715857 ], [ 103.875555674466867, 1.554070839970196 ], [ 103.866569238510564, 1.554072736900761 ] ] ] } },
{ "type": "Feature", "properties": { "grid_id": "JB1000_R0030_C0038", "grid_m": 1000, "row_id": 30, "col_id": 38, "x_min": 35000.0, "y_min": -54000.0, "x_max": 36000.0, "y_max": -53000.0, "center_x": 35500.0, "center_y": -53500.0, "full_area_m2": 1000000, "inside_area_m2": 1000000.0, "coverage_frac": 1.0, "is_edge": 0, "center_lon": 103.88004985538902, "center_lat": 1.55859154924694 }, "geometry": { "type": "Polygon", "coordinates": [ [ [ 103.875555674466867, 1.554070839970196 ], [ 103.87555758400174, 1.563114189715857 ], [ 103.884544058274528, 1.563112243049332 ], [ 103.884542110406954, 1.554068904571371 ], [ 103.875555674466867, 1.554070839970196 ] ] ] } },
{ "type": "Feature", "properties": { "grid_id": "JB1000_R0030_C0039", "grid_m": 1000, "row_id": 30, "col_id": 39, "x_min": 36000.0, "y_min": -54000.0, "x_max": 37000.0, "y_max": -53000.0, "center_x": 36500.0, "center_y": -53500.0, "full_area_m2": 1000000, "inside_area_m2": 1000000.0, "coverage_frac": 1.0, "is_edge": 0, "center_lon": 103.88903631045937, "center_lat": 1.5585895889241752 }, "geometry": { "type": "Polygon", "coordinates": [ [ [ 103.884542110406954, 1.554068904571371 ], [ 103.884544058274528, 1.563112243049332 ], [ 103.893530532530633, 1.563110257690637 ], [ 103.893528546330543, 1.554066930704333 ], [ 103.884542110406954, 1.554068904571371 ] ] ] } },
{ "type": "Feature", "properties": { "grid_id": "JB1000_R0030_C0040", "grid_m": 1000, "row_id": 30, "col_id": 40, "x_min": 37000.0, "y_min": -54000.0, "x_max": 38000.0, "y_max": -53000.0, "center_x": 37500.0, "center_y": -53500.0, "full_area_m2": 1000000, "inside_area_m2": 1000000.0, "coverage_frac": 1.0, "is_edge": 0, "center_lon": 103.89802276551292, "center_lat": 1.5585875900212431 }, "geometry": { "type": "Polygon", "coordinates": [ [ [ 103.893528546330543, 1.554066930704333 ], [ 103.893530532530633, 1.563110257690637 ], [ 103.902517006769656, 1.563108233639821 ], [ 103.902514982237264, 1.554064918369132 ], [ 103.893528546330543, 1.554066930704333 ] ] ] } },
{ "type": "Feature", "properties": { "grid_id": "JB1000_R0030_C0041", "grid_m": 1000, "row_id": 30, "col_id": 41, "x_min": 38000.0, "y_min": -54000.0, "x_max": 39000.0, "y_max": -53000.0, "center_x": 38500.0, "center_y": -53500.0, "full_area_m2": 1000000, "inside_area_m2": 1000000.0, "coverage_frac": 1.0, "is_edge": 0, "center_lon": 103.90700922054937, "center_lat": 1.5585855525381935 }, "geometry": { "type": "Polygon", "coordinates": [ [ [ 103.902514982237264, 1.554064918369132 ], [ 103.902517006769656, 1.563108233639821 ], [ 103.911503480991328, 1.563106170896932 ], [ 103.911501418126804, 1.554062867565817 ], [ 103.902514982237264, 1.554064918369132 ] ] ] } },
{ "type": "Feature", "properties": { "grid_id": "JB1000_R0030_C0042", "grid_m": 1000, "row_id": 30, "col_id": 42, "x_min": 39000.0, "y_min": -54000.0, "x_max": 40000.0, "y_max": -53000.0, "center_x": 39500.0, "center_y": -53500.0, "full_area_m2": 1000000, "inside_area_m2": 1000000.0, "coverage_frac": 1.0, "is_edge": 0, "center_lon": 103.91599567556838, "center_lat": 1.5585834764750763 }, "geometry": { "type": "Polygon", "coordinates": [ [ [ 103.911501418126804, 1.554062867565817 ], [ 103.911503480991328, 1.563106170896932 ], [ 103.920489955195293, 1.563104069462023 ], [ 103.920487853998864, 1.554060778294438 ], [ 103.911501418126804, 1.554062867565817 ] ] ] } },
{ "type": "Feature", "properties": { "grid_id": "JB1000_R0030_C0043", "grid_m": 1000, "row_id": 30, "col_id": 43, "x_min": 40000.0, "y_min": -54000.0, "x_max": 41000.0, "y_max": -53000.0, "center_x": 40500.0, "center_y": -53500.0, "full_area_m2": 1000000, "inside_area_m2": 1000000.0, "coverage_frac": 1.0, "is_edge": 0, "center_lon": 103.92498213056962, "center_lat": 1.5585813618319424 }, "geometry": { "type": "Polygon", "coordinates": [ [ [ 103.920487853998864, 1.554060778294438 ], [ 103.920489955195293, 1.563104069462023 ], [ 103.929476429381211, 1.563101929335144 ], [ 103.929474289853076, 1.554058650555046 ], [ 103.920487853998864, 1.554060778294438 ] ] ] } },
{ "type": "Feature", "properties": { "grid_id": "JB1000_R0030_C0044", "grid_m": 1000, "row_id": 30, "col_id": 44, "x_min": 41000.0, "y_min": -54000.0, "x_max": 42000.0, "y_max": -53000.0, "center_x": 41500.0, "center_y": -53500.0, "full_area_m2": 1000000, "inside_area_m2": 1000000.0, "coverage_frac": 1.0, "is_edge": 0, "center_lon": 103.93396858555279, "center_lat": 1.5585792086088446 }, "geometry": { "type": "Polygon", "coordinates": [ [ [ 103.929474289853076, 1.554058650555046 ], [ 103.929476429381211, 1.563101929335144 ], [ 103.938462903548782, 1.563099750516349 ], [ 103.938460725689154, 1.554056484347695 ], [ 103.929474289853076, 1.554058650555046 ] ] ] } },
{ "type": "Feature", "properties": { "grid_id": "JB1000_R0030_C0045", "grid_m": 1000, "row_id": 30, "col_id": 45, "x_min": 42000.0, "y_min": -54000.0, "x_max": 43000.0, "y_max": -53000.0, "center_x": 42500.0, "center_y": -53500.0, "full_area_m2": 1000000, "inside_area_m2": 1000000.0, "coverage_frac": 1.0, "is_edge": 0, "center_lon": 103.94295504051752, "center_lat": 1.5585770168058353 }, "geometry": { "type": "Polygon", "coordinates": [ [ [ 103.938460725689154, 1.554056484347695 ], [ 103.938462903548782, 1.563099750516349 ], [ 103.947449377697666, 1.563097533005692 ], [ 103.947447161506759, 1.554054279672437 ], [ 103.938460725689154, 1.554056484347695 ] ] ] } },
{ "type": "Feature", "properties": { "grid_id": "JB1000_R0030_C0046", "grid_m": 1000, "row_id": 30, "col_id": 46, "x_min": 43000.0, "y_min": -54000.0, "x_max": 44000.0, "y_max": -53000.0, "center_x": 43500.0, "center_y": -53500.0, "full_area_m2": 1000000, "inside_area_m2": 1000000.0, "coverage_frac": 1.0, "is_edge": 0, "center_lon": 103.95194149546352, "center_lat": 1.5585747864229686 }, "geometry": { "type": "Polygon", "coordinates": [ [ [ 103.947447161506759, 1.554054279672437 ], [ 103.947449377697666, 1.563097533005692 ], [ 103.956435851827521, 1.563095276803226 ], [ 103.956433597305562, 1.554052036529327 ], [ 103.947447161506759, 1.554054279672437 ] ] ] } },
{ "type": "Feature", "properties": { "grid_id": "JB1000_R0030_C0047", "grid_m": 1000, "row_id": 30, "col_id": 47, "x_min": 44000.0, "y_min": -54000.0, "x_max": 45000.0, "y_max": -53000.0, "center_x": 44500.0, "center_y": -53500.0, "full_area_m2": 1000000, "inside_area_m2": 1000000.0, "coverage_frac": 1.0, "is_edge": 0, "center_lon": 103.96092795039044, "center_lat": 1.5585725174603 }, "geometry": { "type": "Polygon", "coordinates": [ [ [ 103.956433597305562, 1.554052036529327 ], [ 103.956435851827521, 1.563095276803226 ], [ 103.965422325938022, 1.563092981909007 ], [ 103.965420033085238, 1.55404975491842 ], [ 103.956433597305562, 1.554052036529327 ] ] ] } },
{ "type": "Feature", "properties": { "grid_id": "JB1000_R0030_C0048", "grid_m": 1000, "row_id": 30, "col_id": 48, "x_min": 45000.0, "y_min": -54000.0, "x_max": 46000.0, "y_max": -53000.0, "center_x": 45500.0, "center_y": -53500.0, "full_area_m2": 1000000, "inside_area_m2": 1000000.0, "coverage_frac": 1.0, "is_edge": 0, "center_lon": 103.96991440529794, "center_lat": 1.5585702099178846 }, "geometry": { "type": "Polygon", "coordinates": [ [ [ 103.965420033085238, 1.55404975491842 ], [ 103.965422325938022, 1.563092981909007 ], [ 103.974408800028854, 1.563090648323093 ], [ 103.974406468845459, 1.554047434839772 ], [ 103.965420033085238, 1.55404975491842 ] ] ] } },
{ "type": "Feature", "properties": { "grid_id": "JB1000_R0030_C0049", "grid_m": 1000, "row_id": 30, "col_id": 49, "x_min": 46000.0, "y_min": -54000.0, "x_max": 47000.0, "y_max": -53000.0, "center_x": 46500.0, "center_y": -53500.0, "full_area_m2": 1000000, "inside_area_m2": 1000000.0, "coverage_frac": 1.0, "is_edge": 0, "center_lon": 103.97890086018575, "center_lat": 1.5585678637957796 }, "geometry": { "type": "Polygon", "coordinates": [ [ [ 103.974406468845459, 1.554047434839772 ], [ 103.974408800028854, 1.563090648323093 ], [ 103.983395274099692, 1.56308827604554 ], [ 103.983392904585912, 1.554045076293441 ], [ 103.974406468845459, 1.554047434839772 ] ] ] } },
{ "type": "Feature", "properties": { "grid_id": "JB1000_R0030_C0050", "grid_m": 1000, "row_id": 30, "col_id": 50, "x_min": 47000.0, "y_min": -54000.0, "x_max": 48000.0, "y_max": -53000.0, "center_x": 47500.0, "center_y": -53500.0, "full_area_m2": 1000000, "inside_area_m2": 1000000.0, "coverage_frac": 1.0, "is_edge": 0, "center_lon": 103.98788731505348, "center_lat": 1.5585654790940429 }, "geometry": { "type": "Polygon", "coordinates": [ [ [ 103.983392904585912, 1.554045076293441 ], [ 103.983395274099692, 1.56308827604554 ], [ 103.99238174815018, 1.563085865076407 ], [ 103.992379340306272, 1.554042679279484 ], [ 103.983392904585912, 1.554045076293441 ] ] ] } },
{ "type": "Feature", "properties": { "grid_id": "JB1000_R0030_C0051", "grid_m": 1000, "row_id": 30, "col_id": 51, "x_min": 48000.0, "y_min": -54000.0, "x_max": 49000.0, "y_max": -53000.0, "center_x": 48500.0, "center_y": -53500.0, "full_area_m2": 1000000, "inside_area_m2": 1000000.0, "coverage_frac": 1.0, "is_edge": 0, "center_lon": 103.99687376990084, "center_lat": 1.558563055812733 }, "geometry": { "type": "Polygon", "coordinates": [ [ [ 103.992379340306272, 1.554042679279484 ], [ 103.99238174815018, 1.563085865076407 ], [ 104.001368222180005, 1.563083415415753 ], [ 104.00136577600621, 1.554040243797961 ], [ 103.992379340306272, 1.554042679279484 ] ] ] } },
{ "type": "Feature", "properties": { "grid_id": "JB1000_R0030_C0052", "grid_m": 1000, "row_id": 30, "col_id": 52, "x_min": 49000.0, "y_min": -54000.0, "x_max": 50000.0, "y_max": -53000.0, "center_x": 49500.0, "center_y": -53500.0, "full_area_m2": 1000000, "inside_area_m2": 1000000.0, "coverage_frac": 1.0, "is_edge": 0, "center_lon": 104.00586022472748, "center_lat": 1.5585605939519098 }, "geometry": { "type": "Polygon", "coordinates": [ [ [ 104.00136577600621, 1.554040243797961 ], [ 104.001368222180005, 1.563083415415753 ], [ 104.010354696188841, 1.563080927063639 ], [ 104.010352211685372, 1.554037769848932 ], [ 104.00136577600621, 1.554040243797961 ] ] ] } },
{ "type": "Feature", "properties": { "grid_id": "JB1000_R0030_C0053", "grid_m": 1000, "row_id": 30, "col_id": 53, "x_min": 50000.0, "y_min": -54000.0, "x_max": 51000.0, "y_max": -53000.0, "center_x": 50500.0, "center_y": -53500.0, "full_area_m2": 1000000, "inside_area_m2": 600866.57903952803, "coverage_frac": 0.600866579039528, "is_edge": 1, "center_lon": 104.01484667953309, "center_lat": 1.5585580935116343 }, "geometry": { "type": "Polygon", "coordinates": [ [ [ 104.010352211685372, 1.554037769848932 ], [ 104.010354696188841, 1.563080927063639 ], [ 104.013559166735277, 1.563080030388292 ], [ 104.01794705251389, 1.554035649010015 ], [ 104.010352211685372, 1.554037769848932 ] ] ] } },
{ "type": "Feature", "properties": { "grid_id": "JB1000_R0031_C0004", "grid_m": 1000, "row_id": 31, "col_id": 4, "x_min": 1000.0, "y_min": -53000.0, "x_max": 2000.0, "y_max": -52000.0, "center_x": 1500.0, "center_y": -52500.0, "full_area_m2": 1000000, "inside_area_m2": 10126.906426926656, "coverage_frac": 0.010126906426926657, "is_edge": 1, "center_lon": 103.57451100246662, "center_lat": 1.5676788421345182 }, "geometry": { "type": "Polygon", "coordinates": [ [ [ 103.576685818247881, 1.563156889640914 ], [ 103.57676344642887, 1.563253968284026 ], [ 103.577635610639703, 1.563697979455112 ], [ 103.578077702303801, 1.563743886501356 ], [ 103.578467382901579, 1.563575156276647 ], [ 103.578825599978629, 1.563268529328333 ], [ 103.578837281136018, 1.563156735194882 ], [ 103.576685818247881, 1.563156889640914 ] ] ] } },
{ "type": "Feature", "properties": { "grid_id": "JB1000_R0031_C0007", "grid_m": 1000, "row_id": 31, "col_id": 7, "x_min": 4000.0, "y_min": -53000.0, "x_max": 5000.0, "y_max": -52000.0, "center_x": 4500.0, "center_y": -52500.0, "full_area_m2": 1000000, "inside_area_m2": 173260.34248726, "coverage_frac": 0.17326034248725999, "is_edge": 1, "center_lon": 103.60147048413319, "center_lat": 1.5676767687001198 }, "geometry": { "type": "Polygon", "coordinates": [ [ [ 103.60596334967633, 1.563154597648681 ], [ 103.600620218551327, 1.563155046572722 ], [ 103.60130413596093, 1.563770072039204 ], [ 103.601414538720249, 1.564393575035871 ], [ 103.602467993282033, 1.56597244795068 ], [ 103.603573535609272, 1.566507049040344 ], [ 103.604868682786247, 1.566987997885885 ], [ 103.605155717984488, 1.56688449429147 ], [ 103.605457205514725, 1.566166689463497 ], [ 103.605665920343583, 1.565974013228279 ], [ 103.60596359804525, 1.566100718951348 ], [ 103.60596334967633, 1.563154597648681 ] ] ] } },
{ "type": "Feature", "properties": { "grid_id": "JB1000_R0031_C0008", "grid_m": 1000, "row_id": 31, "col_id": 8, "x_min": 5000.0, "y_min": -53000.0, "x_max": 6000.0, "y_max": -52000.0, "center_x": 5500.0, "center_y": -52500.0, "full_area_m2": 1000000, "inside_area_m2": 289694.19658190088, "coverage_frac": 0.28969419658190088, "is_edge": 1, "center_lon": 103.61045697800971, "center_lat": 1.5676759999448842 }, "geometry": { "type": "Polygon", "coordinates": [ [ [ 103.614949824297639, 1.563153811765289 ], [ 103.60596334967633, 1.563154597648681 ], [ 103.60596359804525, 1.566100718951348 ], [ 103.607056640751836, 1.56656596914098 ], [ 103.607630680662183, 1.56663261056688 ], [ 103.608521017753745, 1.566536343309519 ], [ 103.609483191307731, 1.566335787160509 ], [ 103.610955589822765, 1.565739832221969 ], [ 103.613363954217448, 1.564963783540022 ], [ 103.614381010328927, 1.564573834716814 ], [ 103.614949915923702, 1.564189075575244 ], [ 103.614949824297639, 1.563153811765289 ] ] ] } },
{ "type": "Feature", "properties": { "grid_id": "JB1000_R0031_C0009", "grid_m": 1000, "row_id": 31, "col_id": 9, "x_min": 6000.0, "y_min": -53000.0, "x_max": 7000.0, "y_max": -52000.0, "center_x": 6500.0, "center_y": -52500.0, "full_area_m2": 1000000, "inside_area_m2": 9768.0395720281704, "coverage_frac": 0.0097680395720281706, "is_edge": 1, "center_lon": 103.61944347187951, "center_lat": 1.5676751923844616 }, "geometry": { "type": "Polygon", "coordinates": [ [ [ 103.614949824297639, 1.563153811765289 ], [ 103.614949915923702, 1.564189075575244 ], [ 103.616236905178951, 1.563318665011743 ], [ 103.616497036133055, 1.563153672554411 ], [ 103.614949824297639, 1.563153811765289 ] ] ] } },
{ "type": "Feature", "properties": { "grid_id": "JB1000_R0031_C0014", "grid_m": 1000, "row_id": 31, "col_id": 14, "x_min": 11000.0, "y_min": -53000.0, "x_max": 12000.0, "y_max": -52000.0, "center_x": 11500.0, "center_y": -52500.0, "full_area_m2": 1000000, "inside_area_m2": 792768.89483369829, "coverage_frac": 0.79276889483369828, "is_edge": 1, "center_lon": 103.66437594111609, "center_lat": 1.56767057250527 }, "geometry": { "type": "Polygon", "coordinates": [ [ [ 103.668869705679484, 1.572191830215943 ], [ 103.668868671870243, 1.563148283908597 ], [ 103.661188556223252, 1.563149156362145 ], [ 103.661200473383857, 1.564153834513462 ], [ 103.661664491238895, 1.564838566598816 ], [ 103.661878161181704, 1.565435581808923 ], [ 103.661863685995286, 1.565900853071348 ], [ 103.661673501074105, 1.566422866061067 ], [ 103.661809502619249, 1.567272819233889 ], [ 103.662239021468594, 1.56859040467487 ], [ 103.662092018691638, 1.569780694514983 ], [ 103.661791175345613, 1.570809949296624 ], [ 103.661185139772584, 1.572096261941951 ], [ 103.661117065234151, 1.572192715866688 ], [ 103.668869705679484, 1.572191830215943 ] ] ] } },
{ "type": "Feature", "properties": { "grid_id": "JB1000_R0031_C0015", "grid_m": 1000, "row_id": 31, "col_id": 15, "x_min": 12000.0, "y_min": -53000.0, "x_max": 13000.0, "y_max": -52000.0, "center_x": 12500.0, "center_y": -52500.0, "full_area_m2": 1000000, "inside_area_m2": 1000000.0, "coverage_frac": 1.0, "is_edge": 0, "center_lon": 103.67336243493861, "center_lat": 1.5676695321141751 }, "geometry": { "type": "Polygon", "coordinates": [ [ [ 103.668868671870243, 1.563148283908597 ], [ 103.668869705679484, 1.572191830215943 ], [ 103.677856218804763, 1.572190767364001 ], [ 103.677855146436727, 1.563147227173302 ], [ 103.668868671870243, 1.563148283908597 ] ] ] } },
{ "type": "Feature", "properties": { "grid_id": "JB1000_R0031_C0016", "grid_m": 1000, "row_id": 31, "col_id": 16, "x_min": 13000.0, "y_min": -53000.0, "x_max": 14000.0, "y_max": -52000.0, "center_x": 13500.0, "center_y": -52500.0, "full_area_m2": 1000000, "inside_area_m2": 1000000.0, "coverage_frac": 1.0, "is_edge": 0, "center_lon": 103.68234892875209, "center_lat": 1.5676684529180527 }, "geometry": { "type": "Polygon", "coordinates": [ [ [ 103.677855146436727, 1.563147227173302 ], [ 103.677856218804763, 1.572190767364001 ], [ 103.686842731920805, 1.572189665595062 ], [ 103.686841620994059, 1.563146131744976 ], [ 103.677855146436727, 1.563147227173302 ] ] ] } },
{ "type": "Feature", "properties": { "grid_id": "JB1000_R0031_C0017", "grid_m": 1000, "row_id": 31, "col_id": 17, "x_min": 14000.0, "y_min": -53000.0, "x_max": 15000.0, "y_max": -52000.0, "center_x": 14500.0, "center_y": -52500.0, "full_area_m2": 1000000, "inside_area_m2": 1000000.0, "coverage_frac": 1.0, "is_edge": 0, "center_lon": 103.69133542255622, "center_lat": 1.567667334916929 }, "geometry": { "type": "Polygon", "coordinates": [ [ [ 103.686841620994059, 1.563146131744976 ], [ 103.686842731920805, 1.572189665595062 ], [ 103.695829245027241, 1.572188524909152 ], [ 103.695828095541913, 1.563144997623644 ], [ 103.686841620994059, 1.563146131744976 ] ] ] } },
{ "type": "Feature", "properties": { "grid_id": "JB1000_R0031_C0018", "grid_m": 1000, "row_id": 31, "col_id": 18, "x_min": 15000.0, "y_min": -53000.0, "x_max": 16000.0, "y_max": -52000.0, "center_x": 15500.0, "center_y": -52500.0, "full_area_m2": 1000000, "inside_area_m2": 1000000.0, "coverage_frac": 1.0, "is_edge": 0, "center_lon": 103.70032191635063, "center_lat": 1.5676661781108314 }, "geometry": { "type": "Polygon", "coordinates": [ [ [ 103.695828095541913, 1.563144997623644 ], [ 103.695829245027241, 1.572188524909152 ], [ 103.704815758123758, 1.5721873453063 ], [ 103.704814570079947, 1.563143824809334 ], [ 103.695828095541913, 1.563144997623644 ] ] ] } },
{ "type": "Feature", "properties": { "grid_id": "JB1000_R0031_C0019", "grid_m": 1000, "row_id": 31, "col_id": 19, "x_min": 16000.0, "y_min": -53000.0, "x_max": 17000.0, "y_max": -52000.0, "center_x": 16500.0, "center_y": -52500.0, "full_area_m2": 1000000, "inside_area_m2": 1000000.0, "coverage_frac": 1.0, "is_edge": 0, "center_lon": 103.70930841013502, "center_lat": 1.5676649824997888 }, "geometry": { "type": "Polygon", "coordinates": [ [ [ 103.704814570079947, 1.563143824809334 ], [ 103.704815758123758, 1.5721873453063 ], [ 103.713802271210028, 1.572186126786536 ], [ 103.713801044607862, 1.563142613302076 ], [ 103.704814570079947, 1.563143824809334 ] ] ] } },
{ "type": "Feature", "properties": { "grid_id": "JB1000_R0031_C0020", "grid_m": 1000, "row_id": 31, "col_id": 20, "x_min": 17000.0, "y_min": -53000.0, "x_max": 18000.0, "y_max": -52000.0, "center_x": 17500.0, "center_y": -52500.0, "full_area_m2": 1000000, "inside_area_m2": 1000000.0, "coverage_frac": 1.0, "is_edge": 0, "center_lon": 103.71829490390904, "center_lat": 1.5676637480838302 }, "geometry": { "type": "Polygon", "coordinates": [ [ [ 103.713801044607862, 1.563142613302076 ], [ 103.713802271210028, 1.572186126786536 ], [ 103.722788784285711, 1.572184869349888 ], [ 103.722787519125305, 1.563141363101899 ], [ 103.713801044607862, 1.563142613302076 ] ] ] } },
{ "type": "Feature", "properties": { "grid_id": "JB1000_R0031_C0021", "grid_m": 1000, "row_id": 31, "col_id": 21, "x_min": 18000.0, "y_min": -53000.0, "x_max": 19000.0, "y_max": -52000.0, "center_x": 18500.0, "center_y": -52500.0, "full_area_m2": 1000000, "inside_area_m2": 1000000.0, "coverage_frac": 1.0, "is_edge": 0, "center_lon": 103.72728139767239, "center_lat": 1.5676624748629864 }, "geometry": { "type": "Polygon", "coordinates": [ [ [ 103.722787519125305, 1.563141363101899 ], [ 103.722788784285711, 1.572184869349888 ], [ 103.731775297350467, 1.572183572996388 ], [ 103.731773993631947, 1.563140074208834 ], [ 103.722787519125305, 1.563141363101899 ] ] ] } },
{ "type": "Feature", "properties": { "grid_id": "JB1000_R0031_C0022", "grid_m": 1000, "row_id": 31, "col_id": 22, "x_min": 19000.0, "y_min": -53000.0, "x_max": 20000.0, "y_max": -52000.0, "center_x": 19500.0, "center_y": -52500.0, "full_area_m2": 1000000, "inside_area_m2": 1000000.0, "coverage_frac": 1.0, "is_edge": 0, "center_lon": 103.73626789142469, "center_lat": 1.5676611628372885 }, "geometry": { "type": "Polygon", "coordinates": [ [ [ 103.731773993631947, 1.563140074208834 ], [ 103.731775297350467, 1.572183572996388 ], [ 103.740761810403981, 1.572182237726068 ], [ 103.740760468127462, 1.563138746622912 ], [ 103.731773993631947, 1.563140074208834 ] ] ] } },
{ "type": "Feature", "properties": { "grid_id": "JB1000_R0031_C0023", "grid_m": 1000, "row_id": 31, "col_id": 23, "x_min": 20000.0, "y_min": -53000.0, "x_max": 21000.0, "y_max": -52000.0, "center_x": 20500.0, "center_y": -52500.0, "full_area_m2": 1000000, "inside_area_m2": 1000000.0, "coverage_frac": 1.0, "is_edge": 0, "center_lon": 103.74525438516565, "center_lat": 1.5676598120067691 }, "geometry": { "type": "Polygon", "coordinates": [ [ [ 103.740760468127462, 1.563138746622912 ], [ 103.740761810403981, 1.572182237726068 ], [ 103.749748323445885, 1.57218086353896 ], [ 103.749746942611537, 1.563137380344167 ], [ 103.740760468127462, 1.563138746622912 ] ] ] } },
{ "type": "Feature", "properties": { "grid_id": "JB1000_R0031_C0024", "grid_m": 1000, "row_id": 31, "col_id": 24, "x_min": 21000.0, "y_min": -53000.0, "x_max": 22000.0, "y_max": -52000.0, "center_x": 21500.0, "center_y": -52500.0, "full_area_m2": 1000000, "inside_area_m2": 1000000.0, "coverage_frac": 1.0, "is_edge": 0, "center_lon": 103.75424087889492, "center_lat": 1.5676584223714611 }, "geometry": { "type": "Polygon", "coordinates": [ [ [ 103.749746942611537, 1.563137380344167 ], [ 103.749748323445885, 1.57218086353896 ], [ 103.758734836475895, 1.5721794504351 ], [ 103.758733417083818, 1.563135975372633 ], [ 103.749746942611537, 1.563137380344167 ] ] ] } },
{ "type": "Feature", "properties": { "grid_id": "JB1000_R0031_C0025", "grid_m": 1000, "row_id": 31, "col_id": 25, "x_min": 22000.0, "y_min": -53000.0, "x_max": 23000.0, "y_max": -52000.0, "center_x": 22500.0, "center_y": -52500.0, "full_area_m2": 1000000, "inside_area_m2": 1000000.0, "coverage_frac": 1.0, "is_edge": 0, "center_lon": 103.76322737261218, "center_lat": 1.5676569939313989 }, "geometry": { "type": "Polygon", "coordinates": [ [ [ 103.758733417083818, 1.563135975372633 ], [ 103.758734836475895, 1.5721794504351 ], [ 103.767721349493641, 1.572177998414521 ], [ 103.767719891544004, 1.563134531708343 ], [ 103.758733417083818, 1.563135975372633 ] ] ] } },
{ "type": "Feature", "properties": { "grid_id": "JB1000_R0031_C0026", "grid_m": 1000, "row_id": 31, "col_id": 26, "x_min": 23000.0, "y_min": -53000.0, "x_max": 24000.0, "y_max": -52000.0, "center_x": 23500.0, "center_y": -52500.0, "full_area_m2": 1000000, "inside_area_m2": 1000000.0, "coverage_frac": 1.0, "is_edge": 0, "center_lon": 103.77221386631709, "center_lat": 1.5676555266866181 }, "geometry": { "type": "Polygon", "coordinates": [ [ [ 103.767719891544004, 1.563134531708343 ], [ 103.767721349493641, 1.572177998414521 ], [ 103.77670786249881, 1.572176507477259 ], [ 103.776706365991743, 1.563133049351334 ], [ 103.767719891544004, 1.563134531708343 ] ] ] } },
{ "type": "Feature", "properties": { "grid_id": "JB1000_R0031_C0027", "grid_m": 1000, "row_id": 31, "col_id": 27, "x_min": 24000.0, "y_min": -53000.0, "x_max": 25000.0, "y_max": -52000.0, "center_x": 24500.0, "center_y": -52500.0, "full_area_m2": 1000000, "inside_area_m2": 1000000.0, "coverage_frac": 1.0, "is_edge": 0, "center_lon": 103.78120036000932, "center_lat": 1.5676540206371543 }, "geometry": { "type": "Polygon", "coordinates": [ [ [ 103.776706365991743, 1.563133049351334 ], [ 103.77670786249881, 1.572176507477259 ], [ 103.785694375491062, 1.57217497762335 ], [ 103.785692840426705, 1.563131528301641 ], [ 103.776706365991743, 1.563133049351334 ] ] ] } },
{ "type": "Feature", "properties": { "grid_id": "JB1000_R0031_C0028", "grid_m": 1000, "row_id": 31, "col_id": 28, "x_min": 25000.0, "y_min": -53000.0, "x_max": 26000.0, "y_max": -52000.0, "center_x": 25500.0, "center_y": -52500.0, "full_area_m2": 1000000, "inside_area_m2": 1000000.0, "coverage_frac": 1.0, "is_edge": 0, "center_lon": 103.79018685368855, "center_lat": 1.5676524757830448 }, "geometry": { "type": "Polygon", "coordinates": [ [ [ 103.785692840426705, 1.563131528301641 ], [ 103.785694375491062, 1.57217497762335 ], [ 103.794680888470069, 1.572173408852834 ], [ 103.79467931484858, 1.563129968559303 ], [ 103.785692840426705, 1.563131528301641 ] ] ] } },
{ "type": "Feature", "properties": { "grid_id": "JB1000_R0031_C0029", "grid_m": 1000, "row_id": 31, "col_id": 29, "x_min": 26000.0, "y_min": -53000.0, "x_max": 27000.0, "y_max": -52000.0, "center_x": 26500.0, "center_y": -52500.0, "full_area_m2": 1000000, "inside_area_m2": 1000000.0, "coverage_frac": 1.0, "is_edge": 0, "center_lon": 103.79917334735444, "center_lat": 1.5676508921243275 }, "geometry": { "type": "Polygon", "coordinates": [ [ [ 103.79467931484858, 1.563129968559303 ], [ 103.794680888470069, 1.572173408852834 ], [ 103.803667401435476, 1.572171801165748 ], [ 103.803665789257025, 1.563128370124357 ], [ 103.79467931484858, 1.563129968559303 ] ] ] } },
{ "type": "Feature", "properties": { "grid_id": "JB1000_R0031_C0030", "grid_m": 1000, "row_id": 31, "col_id": 30, "x_min": 27000.0, "y_min": -53000.0, "x_max": 28000.0, "y_max": -52000.0, "center_x": 27500.0, "center_y": -52500.0, "full_area_m2": 1000000, "inside_area_m2": 1000000.0, "coverage_frac": 1.0, "is_edge": 0, "center_lon": 103.80815984100664, "center_lat": 1.567649269661042 }, "geometry": { "type": "Polygon", "coordinates": [ [ [ 103.803665789257025, 1.563128370124357 ], [ 103.803667401435476, 1.572171801165748 ], [ 103.812653914386985, 1.572170154562132 ], [ 103.812652263651714, 1.563126732996843 ], [ 103.803665789257025, 1.563128370124357 ] ] ] } },
{ "type": "Feature", "properties": { "grid_id": "JB1000_R0031_C0031", "grid_m": 1000, "row_id": 31, "col_id": 31, "x_min": 28000.0, "y_min": -53000.0, "x_max": 29000.0, "y_max": -52000.0, "center_x": 28500.0, "center_y": -52500.0, "full_area_m2": 1000000, "inside_area_m2": 1000000.0, "coverage_frac": 1.0, "is_edge": 0, "center_lon": 103.81714633464486, "center_lat": 1.5676476083932276 }, "geometry": { "type": "Polygon", "coordinates": [ [ [ 103.812652263651714, 1.563126732996843 ], [ 103.812653914386985, 1.572170154562132 ], [ 103.821640427324226, 1.572168469042026 ], [ 103.82163873803232, 1.563125057176802 ], [ 103.812652263651714, 1.563126732996843 ] ] ] } },
{ "type": "Feature", "properties": { "grid_id": "JB1000_R0031_C0032", "grid_m": 1000, "row_id": 31, "col_id": 32, "x_min": 29000.0, "y_min": -53000.0, "x_max": 30000.0, "y_max": -52000.0, "center_x": 29500.0, "center_y": -52500.0, "full_area_m2": 1000000, "inside_area_m2": 1000000.0, "coverage_frac": 1.0, "is_edge": 0, "center_lon": 103.82613282826874, "center_lat": 1.5676459083209253 }, "geometry": { "type": "Polygon", "coordinates": [ [ [ 103.82163873803232, 1.563125057176802 ], [ 103.821640427324226, 1.572168469042026 ], [ 103.830626940246901, 1.572166744605472 ], [ 103.830625212398502, 1.563123342664275 ], [ 103.82163873803232, 1.563125057176802 ] ] ] } },
{ "type": "Feature", "properties": { "grid_id": "JB1000_R0031_C0033", "grid_m": 1000, "row_id": 31, "col_id": 33, "x_min": 30000.0, "y_min": -53000.0, "x_max": 31000.0, "y_max": -52000.0, "center_x": 30500.0, "center_y": -52500.0, "full_area_m2": 1000000, "inside_area_m2": 1000000.0, "coverage_frac": 1.0, "is_edge": 0, "center_lon": 103.83511932187797, "center_lat": 1.5676441694441772 }, "geometry": { "type": "Polygon", "coordinates": [ [ [ 103.830625212398502, 1.563123342664275 ], [ 103.830626940246901, 1.572166744605472 ], [ 103.839613453154655, 1.572164981252513 ], [ 103.839611686749947, 1.563121589459304 ], [ 103.830625212398502, 1.563123342664275 ] ] ] } },
{ "type": "Feature", "properties": { "grid_id": "JB1000_R0031_C0034", "grid_m": 1000, "row_id": 31, "col_id": 34, "x_min": 31000.0, "y_min": -53000.0, "x_max": 32000.0, "y_max": -52000.0, "center_x": 31500.0, "center_y": -52500.0, "full_area_m2": 1000000, "inside_area_m2": 1000000.0, "coverage_frac": 1.0, "is_edge": 0, "center_lon": 103.8441058154722, "center_lat": 1.5676423917630262 }, "geometry": { "type": "Polygon", "coordinates": [ [ [ 103.839611686749947, 1.563121589459304 ], [ 103.839613453154655, 1.572164981252513 ], [ 103.848599966047175, 1.572163178983192 ], [ 103.848598161086329, 1.563119797561932 ], [ 103.839611686749947, 1.563121589459304 ] ] ] } },
{ "type": "Feature", "properties": { "grid_id": "JB1000_R0031_C0035", "grid_m": 1000, "row_id": 31, "col_id": 35, "x_min": 32000.0, "y_min": -53000.0, "x_max": 33000.0, "y_max": -52000.0, "center_x": 32500.0, "center_y": -52500.0, "full_area_m2": 1000000, "inside_area_m2": 1000000.0, "coverage_frac": 1.0, "is_edge": 0, "center_lon": 103.85309230905111, "center_lat": 1.5676405752775162 }, "geometry": { "type": "Polygon", "coordinates": [ [ [ 103.848598161086329, 1.563119797561932 ], [ 103.848599966047175, 1.572163178983192 ], [ 103.857586478924105, 1.572161337797553 ], [ 103.857584635407306, 1.563117966972203 ], [ 103.848598161086329, 1.563119797561932 ] ] ] } },
{ "type": "Feature", "properties": { "grid_id": "JB1000_R0031_C0036", "grid_m": 1000, "row_id": 31, "col_id": 36, "x_min": 33000.0, "y_min": -53000.0, "x_max": 34000.0, "y_max": -52000.0, "center_x": 33500.0, "center_y": -52500.0, "full_area_m2": 1000000, "inside_area_m2": 1000000.0, "coverage_frac": 1.0, "is_edge": 0, "center_lon": 103.86207880261435, "center_lat": 1.5676387199876916 }, "geometry": { "type": "Polygon", "coordinates": [ [ [ 103.857584635407306, 1.563117966972203 ], [ 103.857586478924105, 1.572161337797553 ], [ 103.866572991785119, 1.572159457695641 ], [ 103.866571109712552, 1.563116097690163 ], [ 103.857584635407306, 1.563117966972203 ] ] ] } },
{ "type": "Feature", "properties": { "grid_id": "JB1000_R0031_C0037", "grid_m": 1000, "row_id": 31, "col_id": 37, "x_min": 34000.0, "y_min": -53000.0, "x_max": 35000.0, "y_max": -52000.0, "center_x": 34500.0, "center_y": -52500.0, "full_area_m2": 1000000, "inside_area_m2": 1000000.0, "coverage_frac": 1.0, "is_edge": 0, "center_lon": 103.87106529616162, "center_lat": 1.5676368258935982 }, "geometry": { "type": "Polygon", "coordinates": [ [ [ 103.866571109712552, 1.563116097690163 ], [ 103.866572991785119, 1.572159457695641 ], [ 103.875559504629891, 1.572157538677504 ], [ 103.87555758400174, 1.563114189715857 ], [ 103.866571109712552, 1.563116097690163 ] ] ] } },
{ "type": "Feature", "properties": { "grid_id": "JB1000_R0031_C0038", "grid_m": 1000, "row_id": 31, "col_id": 38, "x_min": 35000.0, "y_min": -53000.0, "x_max": 36000.0, "y_max": -52000.0, "center_x": 35500.0, "center_y": -52500.0, "full_area_m2": 1000000, "inside_area_m2": 1000000.0, "coverage_frac": 1.0, "is_edge": 0, "center_lon": 103.88005178969256, "center_lat": 1.5676348929952826 }, "geometry": { "type": "Polygon", "coordinates": [ [ [ 103.87555758400174, 1.563114189715857 ], [ 103.875559504629891, 1.572157538677504 ], [ 103.884546017458092, 1.572155580743188 ], [ 103.884544058274528, 1.563112243049332 ], [ 103.87555758400174, 1.563114189715857 ] ] ] } },
{ "type": "Feature", "properties": { "grid_id": "JB1000_R0031_C0039", "grid_m": 1000, "row_id": 31, "col_id": 39, "x_min": 36000.0, "y_min": -53000.0, "x_max": 37000.0, "y_max": -52000.0, "center_x": 36500.0, "center_y": -52500.0, "full_area_m2": 1000000, "inside_area_m2": 1000000.0, "coverage_frac": 1.0, "is_edge": 0, "center_lon": 103.88903828320686, "center_lat": 1.5676329212927929 }, "geometry": { "type": "Polygon", "coordinates": [ [ [ 103.884544058274528, 1.563112243049332 ], [ 103.884546017458092, 1.572155580743188 ], [ 103.893532530269383, 1.572153583892741 ], [ 103.893530532530633, 1.563110257690637 ], [ 103.884544058274528, 1.563112243049332 ] ] ] } },
{ "type": "Feature", "properties": { "grid_id": "JB1000_R0031_C0040", "grid_m": 1000, "row_id": 31, "col_id": 40, "x_min": 37000.0, "y_min": -53000.0, "x_max": 38000.0, "y_max": -52000.0, "center_x": 37500.0, "center_y": -52500.0, "full_area_m2": 1000000, "inside_area_m2": 1000000.0, "coverage_frac": 1.0, "is_edge": 0, "center_lon": 103.89802477670418, "center_lat": 1.567630910786177 }, "geometry": { "type": "Polygon", "coordinates": [ [ [ 103.893530532530633, 1.563110257690637 ], [ 103.893532530269383, 1.572153583892741 ], [ 103.902519043063421, 1.572151548126213 ], [ 103.902517006769656, 1.563108233639821 ], [ 103.893530532530633, 1.563110257690637 ] ] ] } },
{ "type": "Feature", "properties": { "grid_id": "JB1000_R0031_C0041", "grid_m": 1000, "row_id": 31, "col_id": 41, "x_min": 38000.0, "y_min": -53000.0, "x_max": 39000.0, "y_max": -52000.0, "center_x": 38500.0, "center_y": -52500.0, "full_area_m2": 1000000, "inside_area_m2": 1000000.0, "coverage_frac": 1.0, "is_edge": 0, "center_lon": 103.90701127018417, "center_lat": 1.567628861475485 }, "geometry": { "type": "Polygon", "coordinates": [ [ [ 103.902517006769656, 1.563108233639821 ], [ 103.902519043063421, 1.572151548126213 ], [ 103.911505555839895, 1.572149473443654 ], [ 103.911503480991328, 1.563106170896932 ], [ 103.902517006769656, 1.563108233639821 ] ] ] } },
{ "type": "Feature", "properties": { "grid_id": "JB1000_R0031_C0042", "grid_m": 1000, "row_id": 31, "col_id": 42, "x_min": 39000.0, "y_min": -53000.0, "x_max": 40000.0, "y_max": -52000.0, "center_x": 39500.0, "center_y": -52500.0, "full_area_m2": 1000000, "inside_area_m2": 1000000.0, "coverage_frac": 1.0, "is_edge": 0, "center_lon": 103.91599776364654, "center_lat": 1.5676267733607669 }, "geometry": { "type": "Polygon", "coordinates": [ [ [ 103.911503480991328, 1.563106170896932 ], [ 103.911505555839895, 1.572149473443654 ], [ 103.920492068598449, 1.572147359845115 ], [ 103.920489955195293, 1.563104069462023 ], [ 103.911503480991328, 1.563106170896932 ] ] ] } },
{ "type": "Feature", "properties": { "grid_id": "JB1000_R0031_C0043", "grid_m": 1000, "row_id": 31, "col_id": 43, "x_min": 40000.0, "y_min": -53000.0, "x_max": 41000.0, "y_max": -52000.0, "center_x": 40500.0, "center_y": -52500.0, "full_area_m2": 1000000, "inside_area_m2": 1000000.0, "coverage_frac": 1.0, "is_edge": 0, "center_lon": 103.92498425709094, "center_lat": 1.5676246464420744 }, "geometry": { "type": "Polygon", "coordinates": [ [ [ 103.920489955195293, 1.563104069462023 ], [ 103.920492068598449, 1.572147359845115 ], [ 103.92947858133877, 1.572145207330649 ], [ 103.929476429381211, 1.563101929335144 ], [ 103.920489955195293, 1.563104069462023 ] ] ] } },
{ "type": "Feature", "properties": { "grid_id": "JB1000_R0031_C0044", "grid_m": 1000, "row_id": 31, "col_id": 44, "x_min": 41000.0, "y_min": -53000.0, "x_max": 42000.0, "y_max": -52000.0, "center_x": 41500.0, "center_y": -52500.0, "full_area_m2": 1000000, "inside_area_m2": 1000000.0, "coverage_frac": 1.0, "is_edge": 0, "center_lon": 103.93397075051703, "center_lat": 1.5676224807194601 }, "geometry": { "type": "Polygon", "coordinates": [ [ [ 103.929476429381211, 1.563101929335144 ], [ 103.92947858133877, 1.572145207330649 ], [ 103.938465094060504, 1.572143015900307 ], [ 103.938462903548782, 1.563099750516349 ], [ 103.929476429381211, 1.563101929335144 ] ] ] } },
{ "type": "Feature", "properties": { "grid_id": "JB1000_R0031_C0045", "grid_m": 1000, "row_id": 31, "col_id": 45, "x_min": 42000.0, "y_min": -53000.0, "x_max": 43000.0, "y_max": -52000.0, "center_x": 42500.0, "center_y": -52500.0, "full_area_m2": 1000000, "inside_area_m2": 1000000.0, "coverage_frac": 1.0, "is_edge": 0, "center_lon": 103.9429572439245, "center_lat": 1.5676202761929772 }, "geometry": { "type": "Polygon", "coordinates": [ [ [ 103.938462903548782, 1.563099750516349 ], [ 103.938465094060504, 1.572143015900307 ], [ 103.947451606763337, 1.572140785554144 ], [ 103.947449377697666, 1.563097533005692 ], [ 103.938462903548782, 1.563099750516349 ] ] ] } },
{ "type": "Feature", "properties": { "grid_id": "JB1000_R0031_C0046", "grid_m": 1000, "row_id": 31, "col_id": 46, "x_min": 43000.0, "y_min": -53000.0, "x_max": 44000.0, "y_max": -52000.0, "center_x": 43500.0, "center_y": -52500.0, "full_area_m2": 1000000, "inside_area_m2": 1000000.0, "coverage_frac": 1.0, "is_edge": 0, "center_lon": 103.95194373731299, "center_lat": 1.5676180328626796 }, "geometry": { "type": "Polygon", "coordinates": [ [ [ 103.947449377697666, 1.563097533005692 ], [ 103.947451606763337, 1.572140785554144 ], [ 103.956438119446929, 1.572138516292215 ], [ 103.956435851827521, 1.563095276803226 ], [ 103.947449377697666, 1.563097533005692 ] ] ] } },
{ "type": "Feature", "properties": { "grid_id": "JB1000_R0031_C0047", "grid_m": 1000, "row_id": 31, "col_id": 47, "x_min": 44000.0, "y_min": -53000.0, "x_max": 45000.0, "y_max": -52000.0, "center_x": 44500.0, "center_y": -52500.0, "full_area_m2": 1000000, "inside_area_m2": 1000000.0, "coverage_frac": 1.0, "is_edge": 0, "center_lon": 103.96093023068219, "center_lat": 1.5676157507286232 }, "geometry": { "type": "Polygon", "coordinates": [ [ [ 103.956435851827521, 1.563095276803226 ], [ 103.956438119446929, 1.572138516292215 ], [ 103.965424632110953, 1.572136208114577 ], [ 103.965422325938022, 1.563092981909007 ], [ 103.956435851827521, 1.563095276803226 ] ] ] } },
{ "type": "Feature", "properties": { "grid_id": "JB1000_R0031_C0048", "grid_m": 1000, "row_id": 31, "col_id": 48, "x_min": 45000.0, "y_min": -53000.0, "x_max": 46000.0, "y_max": -52000.0, "center_x": 45500.0, "center_y": -52500.0, "full_area_m2": 1000000, "inside_area_m2": 1000000.0, "coverage_frac": 1.0, "is_edge": 0, "center_lon": 103.96991672403176, "center_lat": 1.5676134297908639 }, "geometry": { "type": "Polygon", "coordinates": [ [ [ 103.965422325938022, 1.563092981909007 ], [ 103.965424632110953, 1.572136208114577 ], [ 103.974411144755067, 1.572133861021285 ], [ 103.974408800028854, 1.563090648323093 ], [ 103.965422325938022, 1.563092981909007 ] ] ] } },
{ "type": "Feature", "properties": { "grid_id": "JB1000_R0031_C0049", "grid_m": 1000, "row_id": 31, "col_id": 49, "x_min": 46000.0, "y_min": -53000.0, "x_max": 47000.0, "y_max": -52000.0, "center_x": 46500.0, "center_y": -52500.0, "full_area_m2": 1000000, "inside_area_m2": 1000000.0, "coverage_frac": 1.0, "is_edge": 0, "center_lon": 103.97890321736139, "center_lat": 1.567611070049459 }, "geometry": { "type": "Polygon", "coordinates": [ [ [ 103.974408800028854, 1.563090648323093 ], [ 103.974411144755067, 1.572133861021285 ], [ 103.983397657378958, 1.572131475012398 ], [ 103.983395274099692, 1.56308827604554 ], [ 103.974408800028854, 1.563090648323093 ] ] ] } },
{ "type": "Feature", "properties": { "grid_id": "JB1000_R0031_C0050", "grid_m": 1000, "row_id": 31, "col_id": 50, "x_min": 47000.0, "y_min": -53000.0, "x_max": 48000.0, "y_max": -52000.0, "center_x": 47500.0, "center_y": -52500.0, "full_area_m2": 1000000, "inside_area_m2": 1000000.0, "coverage_frac": 1.0, "is_edge": 0, "center_lon": 103.98788971067073, "center_lat": 1.5676086715044666 }, "geometry": { "type": "Polygon", "coordinates": [ [ [ 103.983395274099692, 1.56308827604554 ], [ 103.983397657378958, 1.572131475012398 ], [ 103.992384169982259, 1.572129050087974 ], [ 103.99238174815018, 1.563085865076407 ], [ 103.983395274099692, 1.56308827604554 ] ] ] } },
{ "type": "Feature", "properties": { "grid_id": "JB1000_R0031_C0051", "grid_m": 1000, "row_id": 31, "col_id": 51, "x_min": 48000.0, "y_min": -53000.0, "x_max": 49000.0, "y_max": -52000.0, "center_x": 48500.0, "center_y": -52500.0, "full_area_m2": 1000000, "inside_area_m2": 1000000.0, "coverage_frac": 1.0, "is_edge": 0, "center_lon": 103.99687620395943, "center_lat": 1.5676062341559456 }, "geometry": { "type": "Polygon", "coordinates": [ [ [ 103.99238174815018, 1.563085865076407 ], [ 103.992384169982259, 1.572129050087974 ], [ 104.001370682564655, 1.572126586248073 ], [ 104.001368222180005, 1.563083415415753 ], [ 103.99238174815018, 1.563085865076407 ] ] ] } },
{ "type": "Feature", "properties": { "grid_id": "JB1000_R0031_C0052", "grid_m": 1000, "row_id": 31, "col_id": 52, "x_min": 49000.0, "y_min": -53000.0, "x_max": 50000.0, "y_max": -52000.0, "center_x": 49500.0, "center_y": -52500.0, "full_area_m2": 1000000, "inside_area_m2": 977877.81483047875, "coverage_frac": 0.97787781483047875, "is_edge": 1, "center_lon": 104.0058626972272, "center_lat": 1.5676037580039563 }, "geometry": { "type": "Polygon", "coordinates": [ [ [ 104.010354696188841, 1.563080927063639 ], [ 104.001368222180005, 1.563083415415753 ], [ 104.001370682564655, 1.572126586248073 ], [ 104.008594921321261, 1.572124577355708 ], [ 104.009759460234704, 1.570912012159014 ], [ 104.010356518692092, 1.569681353237356 ], [ 104.010354696188841, 1.563080927063639 ] ] ] } },
{ "type": "Feature", "properties": { "grid_id": "JB1000_R0031_C0053", "grid_m": 1000, "row_id": 31, "col_id": 53, "x_min": 50000.0, "y_min": -53000.0, "x_max": 51000.0, "y_max": -52000.0, "center_x": 50500.0, "center_y": -52500.0, "full_area_m2": 1000000, "inside_area_m2": 130133.43571963378, "coverage_frac": 0.13013343571963379, "is_edge": 1, "center_lon": 104.01484919047368, "center_lat": 1.5676012430485597 }, "geometry": { "type": "Polygon", "coordinates": [ [ [ 104.010354696188841, 1.563080927063639 ], [ 104.010356518692092, 1.569681353237356 ], [ 104.013559166735277, 1.563080030388292 ], [ 104.010354696188841, 1.563080927063639 ] ] ] } },
{ "type": "Feature", "properties": { "grid_id": "JB1000_R0032_C0013", "grid_m": 1000, "row_id": 32, "col_id": 13, "x_min": 10000.0, "y_min": -52000.0, "x_max": 11000.0, "y_max": -51000.0, "center_x": 10500.0, "center_y": -51500.0, "full_area_m2": 1000000, "inside_area_m2": 161586.47978930321, "coverage_frac": 0.16158647978930321, "is_edge": 1, "center_lon": 103.65539042607428, "center_lat": 1.5767151287608356 }, "geometry": { "type": "Polygon", "coordinates": [ [ [ 103.659884193544144, 1.581236405564019 ], [ 103.659883385234266, 1.573937751784966 ], [ 103.659221121601519, 1.574869187153818 ], [ 103.658762130423469, 1.576341625101481 ], [ 103.657701381666612, 1.57821366193726 ], [ 103.657247637690986, 1.579692158517054 ], [ 103.656773203504144, 1.580554889420794 ], [ 103.656284284511983, 1.581031946238227 ], [ 103.65590578429368, 1.581236848976294 ], [ 103.659884193544144, 1.581236405564019 ] ] ] } },
{ "type": "Feature", "properties": { "grid_id": "JB1000_R0032_C0014", "grid_m": 1000, "row_id": 32, "col_id": 14, "x_min": 11000.0, "y_min": -52000.0, "x_max": 12000.0, "y_max": -51000.0, "center_x": 11500.0, "center_y": -51500.0, "full_area_m2": 1000000, "inside_area_m2": 986736.88988941594, "coverage_frac": 0.98673688988941588, "is_edge": 1, "center_lon": 103.66437695857583, "center_lat": 1.5767141213940707 }, "geometry": { "type": "Polygon", "coordinates": [ [ [ 103.659884193544144, 1.581236405564019 ], [ 103.668870745459984, 1.58123537573637 ], [ 103.668869705679484, 1.572191830215943 ], [ 103.661117065234151, 1.572192715866688 ], [ 103.6601656700673, 1.57354073428257 ], [ 103.659883385234266, 1.573937751784966 ], [ 103.659884193544144, 1.581236405564019 ] ] ] } },
{ "type": "Feature", "properties": { "grid_id": "JB1000_R0032_C0015", "grid_m": 1000, "row_id": 32, "col_id": 15, "x_min": 12000.0, "y_min": -52000.0, "x_max": 13000.0, "y_max": -51000.0, "center_x": 12500.0, "center_y": -51500.0, "full_area_m2": 1000000, "inside_area_m2": 1000000.0, "coverage_frac": 1.0, "is_edge": 0, "center_lon": 103.67336349106856, "center_lat": 1.5767130749982861 }, "geometry": { "type": "Polygon", "coordinates": [ [ [ 103.668869705679484, 1.572191830215943 ], [ 103.668870745459984, 1.58123537573637 ], [ 103.677857297366785, 1.581234306767729 ], [ 103.677856218804763, 1.572190767364001 ], [ 103.668869705679484, 1.572191830215943 ] ] ] } },
{ "type": "Feature", "properties": { "grid_id": "JB1000_R0032_C0016", "grid_m": 1000, "row_id": 32, "col_id": 16, "x_min": 13000.0, "y_min": -52000.0, "x_max": 14000.0, "y_max": -51000.0, "center_x": 13500.0, "center_y": -51500.0, "full_area_m2": 1000000, "inside_area_m2": 1000000.0, "coverage_frac": 1.0, "is_edge": 0, "center_lon": 103.68235002355215, "center_lat": 1.5767119895735078 }, "geometry": { "type": "Polygon", "coordinates": [ [ [ 103.677856218804763, 1.572190767364001 ], [ 103.677857297366785, 1.581234306767729 ], [ 103.686843849264235, 1.581233198658125 ], [ 103.686842731920805, 1.572189665595062 ], [ 103.677856218804763, 1.572190767364001 ] ] ] } },
{ "type": "Feature", "properties": { "grid_id": "JB1000_R0032_C0017", "grid_m": 1000, "row_id": 32, "col_id": 17, "x_min": 14000.0, "y_min": -52000.0, "x_max": 15000.0, "y_max": -51000.0, "center_x": 14500.0, "center_y": -51500.0, "full_area_m2": 1000000, "inside_area_m2": 1000000.0, "coverage_frac": 1.0, "is_edge": 0, "center_lon": 103.69133655602627, "center_lat": 1.5767108651197623 }, "geometry": { "type": "Polygon", "coordinates": [ [ [ 103.686842731920805, 1.572189665595062 ], [ 103.686843849264235, 1.581233198658125 ], [ 103.695830401151994, 1.581232051407584 ], [ 103.695829245027241, 1.572188524909152 ], [ 103.686842731920805, 1.572189665595062 ] ] ] } },
{ "type": "Feature", "properties": { "grid_id": "JB1000_R0032_C0018", "grid_m": 1000, "row_id": 32, "col_id": 18, "x_min": 15000.0, "y_min": -52000.0, "x_max": 16000.0, "y_max": -51000.0, "center_x": 15500.0, "center_y": -51500.0, "full_area_m2": 1000000, "inside_area_m2": 1000000.0, "coverage_frac": 1.0, "is_edge": 0, "center_lon": 103.70032308849058, "center_lat": 1.5767097016370775 }, "geometry": { "type": "Polygon", "coordinates": [ [ [ 103.695829245027241, 1.572188524909152 ], [ 103.695830401151994, 1.581232051407584 ], [ 103.704816953029692, 1.581230865016134 ], [ 103.704815758123758, 1.5721873453063 ], [ 103.695829245027241, 1.572188524909152 ] ] ] } },
{ "type": "Feature", "properties": { "grid_id": "JB1000_R0032_C0019", "grid_m": 1000, "row_id": 32, "col_id": 19, "x_min": 16000.0, "y_min": -52000.0, "x_max": 17000.0, "y_max": -51000.0, "center_x": 16500.0, "center_y": -51500.0, "full_area_m2": 1000000, "inside_area_m2": 1000000.0, "coverage_frac": 1.0, "is_edge": 0, "center_lon": 103.70930962094474, "center_lat": 1.5767084991254821 }, "geometry": { "type": "Polygon", "coordinates": [ [ [ 103.704815758123758, 1.5721873453063 ], [ 103.704816953029692, 1.581230865016134 ], [ 103.713803504897044, 1.581229639483805 ], [ 103.713802271210028, 1.572186126786536 ], [ 103.704815758123758, 1.5721873453063 ] ] ] } },
{ "type": "Feature", "properties": { "grid_id": "JB1000_R0032_C0020", "grid_m": 1000, "row_id": 32, "col_id": 20, "x_min": 17000.0, "y_min": -52000.0, "x_max": 18000.0, "y_max": -51000.0, "center_x": 17500.0, "center_y": -51500.0, "full_area_m2": 1000000, "inside_area_m2": 1000000.0, "coverage_frac": 1.0, "is_edge": 0, "center_lon": 103.71829615338842, "center_lat": 1.5767072575850056 }, "geometry": { "type": "Polygon", "coordinates": [ [ [ 103.713802271210028, 1.572186126786536 ], [ 103.713803504897044, 1.581229639483805 ], [ 103.722790056753666, 1.581228374810627 ], [ 103.722788784285711, 1.572184869349888 ], [ 103.713802271210028, 1.572186126786536 ] ] ] } },
{ "type": "Feature", "properties": { "grid_id": "JB1000_R0032_C0021", "grid_m": 1000, "row_id": 32, "col_id": 21, "x_min": 18000.0, "y_min": -52000.0, "x_max": 19000.0, "y_max": -51000.0, "center_x": 18500.0, "center_y": -51500.0, "full_area_m2": 1000000, "inside_area_m2": 1000000.0, "coverage_frac": 1.0, "is_edge": 0, "center_lon": 103.72728268582129, "center_lat": 1.5767059770156786 }, "geometry": { "type": "Polygon", "coordinates": [ [ [ 103.722788784285711, 1.572184869349888 ], [ 103.722790056753666, 1.581228374810627 ], [ 103.731776608599247, 1.581227070996631 ], [ 103.731775297350467, 1.572183572996388 ], [ 103.722788784285711, 1.572184869349888 ] ] ] } },
{ "type": "Feature", "properties": { "grid_id": "JB1000_R0032_C0022", "grid_m": 1000, "row_id": 32, "col_id": 22, "x_min": 19000.0, "y_min": -52000.0, "x_max": 20000.0, "y_max": -51000.0, "center_x": 19500.0, "center_y": -51500.0, "full_area_m2": 1000000, "inside_area_m2": 1000000.0, "coverage_frac": 1.0, "is_edge": 0, "center_lon": 103.73626921824301, "center_lat": 1.5767046574175327 }, "geometry": { "type": "Polygon", "coordinates": [ [ [ 103.731775297350467, 1.572183572996388 ], [ 103.731776608599247, 1.581227070996631 ], [ 103.740763160433445, 1.581225728041849 ], [ 103.740761810403981, 1.572182237726068 ], [ 103.731775297350467, 1.572183572996388 ] ] ] } },
{ "type": "Feature", "properties": { "grid_id": "JB1000_R0032_C0023", "grid_m": 1000, "row_id": 32, "col_id": 23, "x_min": 20000.0, "y_min": -52000.0, "x_max": 21000.0, "y_max": -51000.0, "center_x": 20500.0, "center_y": -51500.0, "full_area_m2": 1000000, "inside_area_m2": 1000000.0, "coverage_frac": 1.0, "is_edge": 0, "center_lon": 103.74525575065323, "center_lat": 1.5767032987906007 }, "geometry": { "type": "Polygon", "coordinates": [ [ [ 103.740761810403981, 1.572182237726068 ], [ 103.740763160433445, 1.581225728041849 ], [ 103.749749712255934, 1.581224345946314 ], [ 103.749748323445885, 1.57218086353896 ], [ 103.740761810403981, 1.572182237726068 ] ] ] } },
{ "type": "Feature", "properties": { "grid_id": "JB1000_R0032_C0024", "grid_m": 1000, "row_id": 32, "col_id": 24, "x_min": 21000.0, "y_min": -52000.0, "x_max": 22000.0, "y_max": -51000.0, "center_x": 21500.0, "center_y": -51500.0, "full_area_m2": 1000000, "inside_area_m2": 1000000.0, "coverage_frac": 1.0, "is_edge": 0, "center_lon": 103.75424228305165, "center_lat": 1.5767019011349155 }, "geometry": { "type": "Polygon", "coordinates": [ [ [ 103.749748323445885, 1.57218086353896 ], [ 103.749749712255934, 1.581224345946314 ], [ 103.758736264066357, 1.58122292471006 ], [ 103.758734836475895, 1.5721794504351 ], [ 103.749748323445885, 1.57218086353896 ] ] ] } },
{ "type": "Feature", "properties": { "grid_id": "JB1000_R0032_C0025", "grid_m": 1000, "row_id": 32, "col_id": 25, "x_min": 22000.0, "y_min": -52000.0, "x_max": 23000.0, "y_max": -51000.0, "center_x": 22500.0, "center_y": -51500.0, "full_area_m2": 1000000, "inside_area_m2": 1000000.0, "coverage_frac": 1.0, "is_edge": 0, "center_lon": 103.7632288154379, "center_lat": 1.5767004644505116 }, "geometry": { "type": "Polygon", "coordinates": [ [ [ 103.758734836475895, 1.5721794504351 ], [ 103.758736264066357, 1.58122292471006 ], [ 103.767722815864389, 1.581221464333123 ], [ 103.767721349493641, 1.572177998414521 ], [ 103.758734836475895, 1.5721794504351 ] ] ] } },
{ "type": "Feature", "properties": { "grid_id": "JB1000_R0032_C0026", "grid_m": 1000, "row_id": 32, "col_id": 26, "x_min": 23000.0, "y_min": -52000.0, "x_max": 24000.0, "y_max": -51000.0, "center_x": 23500.0, "center_y": -51500.0, "full_area_m2": 1000000, "inside_area_m2": 1000000.0, "coverage_frac": 1.0, "is_edge": 0, "center_lon": 103.77221534781167, "center_lat": 1.576698988737425 }, "geometry": { "type": "Polygon", "coordinates": [ [ [ 103.767721349493641, 1.572177998414521 ], [ 103.767722815864389, 1.581221464333123 ], [ 103.776709367649687, 1.581219964815538 ], [ 103.77670786249881, 1.572176507477259 ], [ 103.767721349493641, 1.572177998414521 ] ] ] } },
{ "type": "Feature", "properties": { "grid_id": "JB1000_R0032_C0027", "grid_m": 1000, "row_id": 32, "col_id": 27, "x_min": 24000.0, "y_min": -52000.0, "x_max": 25000.0, "y_max": -51000.0, "center_x": 24500.0, "center_y": -51500.0, "full_area_m2": 1000000, "inside_area_m2": 1000000.0, "coverage_frac": 1.0, "is_edge": 0, "center_lon": 103.7812018801726, "center_lat": 1.5766974739956914 }, "geometry": { "type": "Polygon", "coordinates": [ [ [ 103.77670786249881, 1.572176507477259 ], [ 103.776709367649687, 1.581219964815538 ], [ 103.785695919421912, 1.581218426157342 ], [ 103.785694375491062, 1.57217497762335 ], [ 103.77670786249881, 1.572176507477259 ] ] ] } },
{ "type": "Feature", "properties": { "grid_id": "JB1000_R0032_C0028", "grid_m": 1000, "row_id": 32, "col_id": 28, "x_min": 25000.0, "y_min": -52000.0, "x_max": 26000.0, "y_max": -51000.0, "center_x": 25500.0, "center_y": -51500.0, "full_area_m2": 1000000, "inside_area_m2": 1000000.0, "coverage_frac": 1.0, "is_edge": 0, "center_lon": 103.79018841252038, "center_lat": 1.5766959202253488 }, "geometry": { "type": "Polygon", "coordinates": [ [ [ 103.785694375491062, 1.57217497762335 ], [ 103.785695919421912, 1.581218426157342 ], [ 103.794682471180749, 1.581216848358573 ], [ 103.794680888470069, 1.572173408852834 ], [ 103.785694375491062, 1.57217497762335 ] ] ] } },
{ "type": "Feature", "properties": { "grid_id": "JB1000_R0032_C0029", "grid_m": 1000, "row_id": 32, "col_id": 29, "x_min": 26000.0, "y_min": -52000.0, "x_max": 27000.0, "y_max": -51000.0, "center_x": 26500.0, "center_y": -51500.0, "full_area_m2": 1000000, "inside_area_m2": 1000000.0, "coverage_frac": 1.0, "is_edge": 0, "center_lon": 103.79917494485468, "center_lat": 1.5766943274264347 }, "geometry": { "type": "Polygon", "coordinates": [ [ [ 103.794680888470069, 1.572173408852834 ], [ 103.794682471180749, 1.581216848358573 ], [ 103.803669022925845, 1.58121523141927 ], [ 103.803667401435476, 1.572171801165748 ], [ 103.794680888470069, 1.572173408852834 ] ] ] } },
{ "type": "Feature", "properties": { "grid_id": "JB1000_R0032_C0030", "grid_m": 1000, "row_id": 32, "col_id": 30, "x_min": 27000.0, "y_min": -52000.0, "x_max": 28000.0, "y_max": -51000.0, "center_x": 27500.0, "center_y": -51500.0, "full_area_m2": 1000000, "inside_area_m2": 1000000.0, "coverage_frac": 1.0, "is_edge": 0, "center_lon": 103.80816147717515, "center_lat": 1.5766926955989888 }, "geometry": { "type": "Polygon", "coordinates": [ [ [ 103.803667401435476, 1.572171801165748 ], [ 103.803669022925845, 1.58121523141927 ], [ 103.812655574656858, 1.581213575339473 ], [ 103.812653914386985, 1.572170154562132 ], [ 103.803667401435476, 1.572171801165748 ] ] ] } },
{ "type": "Feature", "properties": { "grid_id": "JB1000_R0032_C0031", "grid_m": 1000, "row_id": 32, "col_id": 31, "x_min": 28000.0, "y_min": -52000.0, "x_max": 29000.0, "y_max": -51000.0, "center_x": 28500.0, "center_y": -51500.0, "full_area_m2": 1000000, "inside_area_m2": 1000000.0, "coverage_frac": 1.0, "is_edge": 0, "center_lon": 103.81714800948144, "center_lat": 1.5766910247430512 }, "geometry": { "type": "Polygon", "coordinates": [ [ [ 103.812653914386985, 1.572170154562132 ], [ 103.812655574656858, 1.581213575339473 ], [ 103.821642126373476, 1.581211880119223 ], [ 103.821640427324226, 1.572168469042026 ], [ 103.812653914386985, 1.572170154562132 ] ] ] } },
{ "type": "Feature", "properties": { "grid_id": "JB1000_R0032_C0032", "grid_m": 1000, "row_id": 32, "col_id": 32, "x_min": 29000.0, "y_min": -52000.0, "x_max": 30000.0, "y_max": -51000.0, "center_x": 29500.0, "center_y": -51500.0, "full_area_m2": 1000000, "inside_area_m2": 1000000.0, "coverage_frac": 1.0, "is_edge": 0, "center_lon": 103.82613454177324, "center_lat": 1.5766893148586629 }, "geometry": { "type": "Polygon", "coordinates": [ [ [ 103.821640427324226, 1.572168469042026 ], [ 103.821642126373476, 1.581211880119223 ], [ 103.830628678075328, 1.581210145758561 ], [ 103.830626940246901, 1.572166744605472 ], [ 103.821640427324226, 1.572168469042026 ] ] ] } },
{ "type": "Feature", "properties": { "grid_id": "JB1000_R0032_C0033", "grid_m": 1000, "row_id": 32, "col_id": 33, "x_min": 30000.0, "y_min": -52000.0, "x_max": 31000.0, "y_max": -51000.0, "center_x": 30500.0, "center_y": -51500.0, "full_area_m2": 1000000, "inside_area_m2": 1000000.0, "coverage_frac": 1.0, "is_edge": 0, "center_lon": 103.83512107405021, "center_lat": 1.5766875659458666 }, "geometry": { "type": "Polygon", "coordinates": [ [ [ 103.830626940246901, 1.572166744605472 ], [ 103.830628678075328, 1.581210145758561 ], [ 103.839615229762089, 1.58120837225753 ], [ 103.839613453154655, 1.572164981252513 ], [ 103.830626940246901, 1.572166744605472 ] ] ] } },
{ "type": "Feature", "properties": { "grid_id": "JB1000_R0032_C0034", "grid_m": 1000, "row_id": 32, "col_id": 34, "x_min": 31000.0, "y_min": -52000.0, "x_max": 32000.0, "y_max": -51000.0, "center_x": 31500.0, "center_y": -51500.0, "full_area_m2": 1000000, "inside_area_m2": 1000000.0, "coverage_frac": 1.0, "is_edge": 0, "center_lon": 103.84410760631199, "center_lat": 1.576685778004705 }, "geometry": { "type": "Polygon", "coordinates": [ [ [ 103.839613453154655, 1.572164981252513 ], [ 103.839615229762089, 1.58120837225753 ], [ 103.84860178143343, 1.581206559616174 ], [ 103.848599966047175, 1.572163178983192 ], [ 103.839613453154655, 1.572164981252513 ] ] ] } },
{ "type": "Feature", "properties": { "grid_id": "JB1000_R0032_C0035", "grid_m": 1000, "row_id": 32, "col_id": 35, "x_min": 32000.0, "y_min": -52000.0, "x_max": 33000.0, "y_max": -51000.0, "center_x": 32500.0, "center_y": -51500.0, "full_area_m2": 1000000, "inside_area_m2": 1000000.0, "coverage_frac": 1.0, "is_edge": 0, "center_lon": 103.8530941385583, "center_lat": 1.5766839510352217 }, "geometry": { "type": "Polygon", "coordinates": [ [ [ 103.848599966047175, 1.572163178983192 ], [ 103.84860178143343, 1.581206559616174 ], [ 103.857588333089026, 1.581204707834538 ], [ 103.857586478924105, 1.572161337797553 ], [ 103.848599966047175, 1.572163178983192 ] ] ] } },
{ "type": "Feature", "properties": { "grid_id": "JB1000_R0032_C0036", "grid_m": 1000, "row_id": 32, "col_id": 36, "x_min": 33000.0, "y_min": -52000.0, "x_max": 34000.0, "y_max": -51000.0, "center_x": 33500.0, "center_y": -51500.0, "full_area_m2": 1000000, "inside_area_m2": 1000000.0, "coverage_frac": 1.0, "is_edge": 0, "center_lon": 103.86208067078876, "center_lat": 1.5766820850374625 }, "geometry": { "type": "Polygon", "coordinates": [ [ [ 103.857586478924105, 1.572161337797553 ], [ 103.857588333089026, 1.581204707834538 ], [ 103.866574884728507, 1.581202816912666 ], [ 103.866572991785119, 1.572159457695641 ], [ 103.857586478924105, 1.572161337797553 ] ] ] } },
{ "type": "Feature", "properties": { "grid_id": "JB1000_R0032_C0037", "grid_m": 1000, "row_id": 32, "col_id": 37, "x_min": 34000.0, "y_min": -52000.0, "x_max": 35000.0, "y_max": -51000.0, "center_x": 34500.0, "center_y": -51500.0, "full_area_m2": 1000000, "inside_area_m2": 1000000.0, "coverage_frac": 1.0, "is_edge": 0, "center_lon": 103.87106720300305, "center_lat": 1.5766801800114729 }, "geometry": { "type": "Polygon", "coordinates": [ [ [ 103.866572991785119, 1.572159457695641 ], [ 103.866574884728507, 1.581202816912666 ], [ 103.875561436351575, 1.581200886850606 ], [ 103.875559504629891, 1.572157538677504 ], [ 103.866572991785119, 1.572159457695641 ] ] ] } },
{ "type": "Feature", "properties": { "grid_id": "JB1000_R0032_C0038", "grid_m": 1000, "row_id": 32, "col_id": 38, "x_min": 35000.0, "y_min": -52000.0, "x_max": 36000.0, "y_max": -51000.0, "center_x": 35500.0, "center_y": -51500.0, "full_area_m2": 1000000, "inside_area_m2": 1000000.0, "coverage_frac": 1.0, "is_edge": 0, "center_lon": 103.88005373520083, "center_lat": 1.5766782359573002 }, "geometry": { "type": "Polygon", "coordinates": [ [ [ 103.875559504629891, 1.572157538677504 ], [ 103.875561436351575, 1.581200886850606 ], [ 103.884547987957859, 1.581198917648406 ], [ 103.884546017458092, 1.572155580743188 ], [ 103.875559504629891, 1.572157538677504 ] ] ] } },
{ "type": "Feature", "properties": { "grid_id": "JB1000_R0032_C0039", "grid_m": 1000, "row_id": 32, "col_id": 39, "x_min": 36000.0, "y_min": -52000.0, "x_max": 37000.0, "y_max": -51000.0, "center_x": 36500.0, "center_y": -51500.0, "full_area_m2": 1000000, "inside_area_m2": 1000000.0, "coverage_frac": 1.0, "is_edge": 0, "center_lon": 103.88904026738179, "center_lat": 1.5766762528749916 }, "geometry": { "type": "Polygon", "coordinates": [ [ [ 103.884546017458092, 1.572155580743188 ], [ 103.884547987957859, 1.581198917648406 ], [ 103.893534539547034, 1.581196909306113 ], [ 103.893532530269383, 1.572153583892741 ], [ 103.884546017458092, 1.572155580743188 ] ] ] } },
{ "type": "Feature", "properties": { "grid_id": "JB1000_R0032_C0040", "grid_m": 1000, "row_id": 32, "col_id": 40, "x_min": 37000.0, "y_min": -52000.0, "x_max": 38000.0, "y_max": -51000.0, "center_x": 37500.0, "center_y": -51500.0, "full_area_m2": 1000000, "inside_area_m2": 1000000.0, "coverage_frac": 1.0, "is_edge": 0, "center_lon": 103.89802679954555, "center_lat": 1.5766742307645969 }, "geometry": { "type": "Polygon", "coordinates": [ [ [ 103.893532530269383, 1.572153583892741 ], [ 103.893534539547034, 1.581196909306113 ], [ 103.902521091118786, 1.581194861823778 ], [ 103.902519043063421, 1.572151548126213 ], [ 103.893532530269383, 1.572153583892741 ] ] ] } },
{ "type": "Feature", "properties": { "grid_id": "JB1000_R0032_C0041", "grid_m": 1000, "row_id": 32, "col_id": 41, "x_min": 38000.0, "y_min": -52000.0, "x_max": 39000.0, "y_max": -51000.0, "center_x": 38500.0, "center_y": -51500.0, "full_area_m2": 1000000, "inside_area_m2": 1000000.0, "coverage_frac": 1.0, "is_edge": 0, "center_lon": 103.90701333169181, "center_lat": 1.5766721696261652 }, "geometry": { "type": "Polygon", "coordinates": [ [ [ 103.902519043063421, 1.572151548126213 ], [ 103.902521091118786, 1.581194861823778 ], [ 103.911507642672746, 1.58119277520145 ], [ 103.911505555839895, 1.572149473443654 ], [ 103.902519043063421, 1.572151548126213 ] ] ] } },
{ "type": "Feature", "properties": { "grid_id": "JB1000_R0032_C0042", "grid_m": 1000, "row_id": 32, "col_id": 42, "x_min": 39000.0, "y_min": -52000.0, "x_max": 40000.0, "y_max": -51000.0, "center_x": 39500.0, "center_y": -51500.0, "full_area_m2": 1000000, "inside_area_m2": 1000000.0, "coverage_frac": 1.0, "is_edge": 0, "center_lon": 103.91599986382022, "center_lat": 1.5766700694597477 }, "geometry": { "type": "Polygon", "coordinates": [ [ [ 103.911505555839895, 1.572149473443654 ], [ 103.911507642672746, 1.58119277520145 ], [ 103.920494194208587, 1.581190649439182 ], [ 103.920492068598449, 1.572147359845115 ], [ 103.911505555839895, 1.572149473443654 ] ] ] } },
{ "type": "Feature", "properties": { "grid_id": "JB1000_R0032_C0043", "grid_m": 1000, "row_id": 32, "col_id": 43, "x_min": 40000.0, "y_min": -52000.0, "x_max": 41000.0, "y_max": -51000.0, "center_x": 40500.0, "center_y": -51500.0, "full_area_m2": 1000000, "inside_area_m2": 1000000.0, "coverage_frac": 1.0, "is_edge": 0, "center_lon": 103.92498639593045, "center_lat": 1.5766679302653959 }, "geometry": { "type": "Polygon", "coordinates": [ [ [ 103.920492068598449, 1.572147359845115 ], [ 103.920494194208587, 1.581190649439182 ], [ 103.929480745725982, 1.581188484537024 ], [ 103.92947858133877, 1.572145207330649 ], [ 103.920492068598449, 1.572147359845115 ] ] ] } },
{ "type": "Feature", "properties": { "grid_id": "JB1000_R0032_C0044", "grid_m": 1000, "row_id": 32, "col_id": 44, "x_min": 41000.0, "y_min": -52000.0, "x_max": 42000.0, "y_max": -51000.0, "center_x": 41500.0, "center_y": -51500.0, "full_area_m2": 1000000, "inside_area_m2": 1000000.0, "coverage_frac": 1.0, "is_edge": 0, "center_lon": 103.93397292802217, "center_lat": 1.5766657520431626 }, "geometry": { "type": "Polygon", "coordinates": [ [ [ 103.92947858133877, 1.572145207330649 ], [ 103.929480745725982, 1.581188484537024 ], [ 103.938467297224577, 1.581186280495032 ], [ 103.938465094060504, 1.572143015900307 ], [ 103.92947858133877, 1.572145207330649 ] ] ] } },
{ "type": "Feature", "properties": { "grid_id": "JB1000_R0032_C0045", "grid_m": 1000, "row_id": 32, "col_id": 45, "x_min": 42000.0, "y_min": -52000.0, "x_max": 43000.0, "y_max": -51000.0, "center_x": 42500.0, "center_y": -51500.0, "full_area_m2": 1000000, "inside_area_m2": 1000000.0, "coverage_frac": 1.0, "is_edge": 0, "center_lon": 103.94295946009504, "center_lat": 1.5766635347931013 }, "geometry": { "type": "Polygon", "coordinates": [ [ [ 103.938465094060504, 1.572143015900307 ], [ 103.938467297224577, 1.581186280495032 ], [ 103.947453848704058, 1.581184037313259 ], [ 103.947451606763337, 1.572140785554144 ], [ 103.938465094060504, 1.572143015900307 ] ] ] } },
{ "type": "Feature", "properties": { "grid_id": "JB1000_R0032_C0046", "grid_m": 1000, "row_id": 32, "col_id": 46, "x_min": 43000.0, "y_min": -52000.0, "x_max": 44000.0, "y_max": -51000.0, "center_x": 43500.0, "center_y": -51500.0, "full_area_m2": 1000000, "inside_area_m2": 1000000.0, "coverage_frac": 1.0, "is_edge": 0, "center_lon": 103.95194599214874, "center_lat": 1.5766612785152669 }, "geometry": { "type": "Polygon", "coordinates": [ [ [ 103.947451606763337, 1.572140785554144 ], [ 103.947453848704058, 1.581184037313259 ], [ 103.956440400164084, 1.58118175499176 ], [ 103.956438119446929, 1.572138516292215 ], [ 103.947451606763337, 1.572140785554144 ] ] ] } },
{ "type": "Feature", "properties": { "grid_id": "JB1000_R0032_C0047", "grid_m": 1000, "row_id": 32, "col_id": 47, "x_min": 44000.0, "y_min": -52000.0, "x_max": 45000.0, "y_max": -51000.0, "center_x": 44500.0, "center_y": -51500.0, "full_area_m2": 1000000, "inside_area_m2": 1000000.0, "coverage_frac": 1.0, "is_edge": 0, "center_lon": 103.96093252418289, "center_lat": 1.5766589832097149 }, "geometry": { "type": "Polygon", "coordinates": [ [ [ 103.956438119446929, 1.572138516292215 ], [ 103.956440400164084, 1.58118175499176 ], [ 103.9654269516043, 1.581179433530592 ], [ 103.965424632110953, 1.572136208114577 ], [ 103.956438119446929, 1.572138516292215 ] ] ] } },
{ "type": "Feature", "properties": { "grid_id": "JB1000_R0032_C0048", "grid_m": 1000, "row_id": 32, "col_id": 48, "x_min": 45000.0, "y_min": -52000.0, "x_max": 46000.0, "y_max": -51000.0, "center_x": 45500.0, "center_y": -51500.0, "full_area_m2": 1000000, "inside_area_m2": 1000000.0, "coverage_frac": 1.0, "is_edge": 0, "center_lon": 103.96991905619721, "center_lat": 1.5766566488765017 }, "geometry": { "type": "Polygon", "coordinates": [ [ [ 103.965424632110953, 1.572136208114577 ], [ 103.9654269516043, 1.581179433530592 ], [ 103.97441350302438, 1.581177072929811 ], [ 103.974411144755067, 1.572133861021285 ], [ 103.965424632110953, 1.572136208114577 ] ] ] } },
{ "type": "Feature", "properties": { "grid_id": "JB1000_R0032_C0049", "grid_m": 1000, "row_id": 32, "col_id": 49, "x_min": 46000.0, "y_min": -52000.0, "x_max": 47000.0, "y_max": -51000.0, "center_x": 46500.0, "center_y": -51500.0, "full_area_m2": 1000000, "inside_area_m2": 1000000.0, "coverage_frac": 1.0, "is_edge": 0, "center_lon": 103.97890558819134, "center_lat": 1.5766542755156849 }, "geometry": { "type": "Polygon", "coordinates": [ [ [ 103.974411144755067, 1.572133861021285 ], [ 103.97441350302438, 1.581177072929811 ], [ 103.983400054423996, 1.581174673189477 ], [ 103.983397657378958, 1.572131475012398 ], [ 103.974411144755067, 1.572133861021285 ] ] ] } },
{ "type": "Feature", "properties": { "grid_id": "JB1000_R0032_C0050", "grid_m": 1000, "row_id": 32, "col_id": 50, "x_min": 47000.0, "y_min": -52000.0, "x_max": 48000.0, "y_max": -51000.0, "center_x": 47500.0, "center_y": -51500.0, "full_area_m2": 1000000, "inside_area_m2": 1000000.0, "coverage_frac": 1.0, "is_edge": 0, "center_lon": 103.98789212016494, "center_lat": 1.576651863127323 }, "geometry": { "type": "Polygon", "coordinates": [ [ [ 103.983397657378958, 1.572131475012398 ], [ 103.983400054423996, 1.581174673189477 ], [ 103.992386605802793, 1.581172234309648 ], [ 103.992384169982259, 1.572129050087974 ], [ 103.983397657378958, 1.572131475012398 ] ] ] } },
{ "type": "Feature", "properties": { "grid_id": "JB1000_R0032_C0051", "grid_m": 1000, "row_id": 32, "col_id": 51, "x_min": 48000.0, "y_min": -52000.0, "x_max": 49000.0, "y_max": -51000.0, "center_x": 48500.0, "center_y": -51500.0, "full_area_m2": 1000000, "inside_area_m2": 986247.24648152408, "coverage_frac": 0.98624724648152406, "is_edge": 1, "center_lon": 103.99687865211769, "center_lat": 1.5766494117114755 }, "geometry": { "type": "Polygon", "coordinates": [ [ [ 104.001370682564655, 1.572126586248073 ], [ 103.992384169982259, 1.572129050087974 ], [ 103.992386605802793, 1.581172234309648 ], [ 103.999907566228515, 1.581170163094514 ], [ 104.001372738810517, 1.579644577955759 ], [ 104.001370682564655, 1.572126586248073 ] ] ] } },
{ "type": "Feature", "properties": { "grid_id": "JB1000_R0032_C0052", "grid_m": 1000, "row_id": 32, "col_id": 52, "x_min": 49000.0, "y_min": -52000.0, "x_max": 50000.0, "y_max": -51000.0, "center_x": 49500.0, "center_y": -51500.0, "full_area_m2": 1000000, "inside_area_m2": 334158.14490657905, "coverage_frac": 0.33415814490657902, "is_edge": 1, "center_lon": 104.00586518404926, "center_lat": 1.5766469212682028 }, "geometry": { "type": "Polygon", "coordinates": [ [ [ 104.001370682564655, 1.572126586248073 ], [ 104.001372738810517, 1.579644577955759 ], [ 104.008594921321261, 1.572124577355708 ], [ 104.001370682564655, 1.572126586248073 ] ] ] } },
{ "type": "Feature", "properties": { "grid_id": "JB1000_R0033_C0013", "grid_m": 1000, "row_id": 33, "col_id": 13, "x_min": 10000.0, "y_min": -51000.0, "x_max": 11000.0, "y_max": -50000.0, "center_x": 10500.0, "center_y": -50500.0, "full_area_m2": 1000000, "inside_area_m2": 524456.59293864516, "coverage_frac": 0.52445659293864511, "is_edge": 1, "center_lon": 103.65539141050094, "center_lat": 1.5857586826412511 }, "geometry": { "type": "Polygon", "coordinates": [ [ [ 103.659884193544144, 1.581236405564019 ], [ 103.65590578429368, 1.581236848976294 ], [ 103.655603576008687, 1.58140045067463 ], [ 103.654661127774119, 1.581814688995643 ], [ 103.65411423278033, 1.582195661199625 ], [ 103.653504754186628, 1.582840347029402 ], [ 103.65306824918126, 1.583542137331079 ], [ 103.652866954449706, 1.584114815255151 ], [ 103.652186046648836, 1.587021725248785 ], [ 103.652077861052902, 1.587313012535325 ], [ 103.651604099608292, 1.589282546797851 ], [ 103.651370577350363, 1.59028090119292 ], [ 103.652809250866071, 1.590280744000821 ], [ 103.653406111126273, 1.589783621555714 ], [ 103.656041005987333, 1.587542080932794 ], [ 103.65724393528329, 1.586312985646572 ], [ 103.658915395359941, 1.58409740949471 ], [ 103.659573644518204, 1.584703202301293 ], [ 103.659884605881572, 1.584946654247931 ], [ 103.659884193544144, 1.581236405564019 ] ] ] } },
{ "type": "Feature", "properties": { "grid_id": "JB1000_R0033_C0014", "grid_m": 1000, "row_id": 33, "col_id": 14, "x_min": 11000.0, "y_min": -51000.0, "x_max": 12000.0, "y_max": -50000.0, "center_x": 11500.0, "center_y": -50500.0, "full_area_m2": 1000000, "inside_area_m2": 821288.05421618873, "coverage_frac": 0.82128805421618878, "is_edge": 1, "center_lon": 103.66437798189553, "center_lat": 1.5857576694937146 }, "geometry": { "type": "Polygon", "coordinates": [ [ [ 103.668871791211885, 1.590278920465353 ], [ 103.668870745459984, 1.58123537573637 ], [ 103.659884193544144, 1.581236405564019 ], [ 103.659884605881572, 1.584946654247931 ], [ 103.662300005509422, 1.586837668874607 ], [ 103.663020819761925, 1.587405991126308 ], [ 103.662490294437021, 1.588171005735501 ], [ 103.665310179614067, 1.590279335656427 ], [ 103.668871791211885, 1.590278920465353 ] ] ] } },
{ "type": "Feature", "properties": { "grid_id": "JB1000_R0033_C0015", "grid_m": 1000, "row_id": 33, "col_id": 15, "x_min": 12000.0, "y_min": -51000.0, "x_max": 13000.0, "y_max": -50000.0, "center_x": 12500.0, "center_y": -50500.0, "full_area_m2": 1000000, "inside_area_m2": 1000000.0, "coverage_frac": 1.0, "is_edge": 0, "center_lon": 103.6733645532812, "center_lat": 1.5857566170931903 }, "geometry": { "type": "Polygon", "coordinates": [ [ [ 103.668870745459984, 1.58123537573637 ], [ 103.668871791211885, 1.590278920465353 ], [ 103.677858382122935, 1.590277845379964 ], [ 103.677857297366785, 1.581234306767729 ], [ 103.668870745459984, 1.58123537573637 ] ] ] } },
{ "type": "Feature", "properties": { "grid_id": "JB1000_R0033_C0016", "grid_m": 1000, "row_id": 33, "col_id": 16, "x_min": 13000.0, "y_min": -51000.0, "x_max": 14000.0, "y_max": -50000.0, "center_x": 13500.0, "center_y": -50500.0, "full_area_m2": 1000000, "inside_area_m2": 1000000.0, "coverage_frac": 1.0, "is_edge": 0, "center_lon": 103.68235112465763, "center_lat": 1.5857555254397047 }, "geometry": { "type": "Polygon", "coordinates": [ [ [ 103.677857297366785, 1.581234306767729 ], [ 103.677858382122935, 1.590277845379964 ], [ 103.68684497302452, 1.590276730929643 ], [ 103.686843849264235, 1.581233198658125 ], [ 103.677857297366785, 1.581234306767729 ] ] ] } },
{ "type": "Feature", "properties": { "grid_id": "JB1000_R0033_C0017", "grid_m": 1000, "row_id": 33, "col_id": 17, "x_min": 14000.0, "y_min": -51000.0, "x_max": 15000.0, "y_max": -50000.0, "center_x": 14500.0, "center_y": -50500.0, "full_area_m2": 1000000, "inside_area_m2": 1000000.0, "coverage_frac": 1.0, "is_edge": 0, "center_lon": 103.69133769602446, "center_lat": 1.5857543945332844 }, "geometry": { "type": "Polygon", "coordinates": [ [ [ 103.686843849264235, 1.581233198658125 ], [ 103.68684497302452, 1.590276730929643 ], [ 103.695831563916286, 1.590275577114416 ], [ 103.695830401151994, 1.581232051407584 ], [ 103.686843849264235, 1.581233198658125 ] ] ] } },
{ "type": "Feature", "properties": { "grid_id": "JB1000_R0033_C0018", "grid_m": 1000, "row_id": 33, "col_id": 18, "x_min": 15000.0, "y_min": -51000.0, "x_max": 16000.0, "y_max": -50000.0, "center_x": 15500.0, "center_y": -50500.0, "full_area_m2": 1000000, "inside_area_m2": 1000000.0, "coverage_frac": 1.0, "is_edge": 0, "center_lon": 103.70032426738138, "center_lat": 1.5857532243739572 }, "geometry": { "type": "Polygon", "coordinates": [ [ [ 103.695830401151994, 1.581232051407584 ], [ 103.695831563916286, 1.590275577114416 ], [ 103.704818154797906, 1.590274383934312 ], [ 103.704816953029692, 1.581230865016134 ], [ 103.695830401151994, 1.581232051407584 ] ] ] } },
{ "type": "Feature", "properties": { "grid_id": "JB1000_R0033_C0019", "grid_m": 1000, "row_id": 33, "col_id": 19, "x_min": 16000.0, "y_min": -51000.0, "x_max": 17000.0, "y_max": -50000.0, "center_x": 16500.0, "center_y": -50500.0, "full_area_m2": 1000000, "inside_area_m2": 1000000.0, "coverage_frac": 1.0, "is_edge": 0, "center_lon": 103.70931083872804, "center_lat": 1.5857520149617523 }, "geometry": { "type": "Polygon", "coordinates": [ [ [ 103.704816953029692, 1.581230865016134 ], [ 103.704818154797906, 1.590274383934312 ], [ 103.713804745669037, 1.59027315138936 ], [ 103.713803504897044, 1.581229639483805 ], [ 103.704816953029692, 1.581230865016134 ] ] ] } },
{ "type": "Feature", "properties": { "grid_id": "JB1000_R0033_C0020", "grid_m": 1000, "row_id": 33, "col_id": 20, "x_min": 17000.0, "y_min": -51000.0, "x_max": 18000.0, "y_max": -50000.0, "center_x": 17500.0, "center_y": -50500.0, "full_area_m2": 1000000, "inside_area_m2": 1000000.0, "coverage_frac": 1.0, "is_edge": 0, "center_lon": 103.71829741006408, "center_lat": 1.5857507662966988 }, "geometry": { "type": "Polygon", "coordinates": [ [ [ 103.713803504897044, 1.581229639483805 ], [ 103.713804745669037, 1.59027315138936 ], [ 103.722791336529326, 1.590271879479592 ], [ 103.722790056753666, 1.581228374810627 ], [ 103.713803504897044, 1.581229639483805 ] ] ] } },
{ "type": "Feature", "properties": { "grid_id": "JB1000_R0033_C0021", "grid_m": 1000, "row_id": 33, "col_id": 21, "x_min": 18000.0, "y_min": -51000.0, "x_max": 19000.0, "y_max": -50000.0, "center_x": 18500.0, "center_y": -50500.0, "full_area_m2": 1000000, "inside_area_m2": 1000000.0, "coverage_frac": 1.0, "is_edge": 0, "center_lon": 103.72728398138919, "center_lat": 1.5857494783788282 }, "geometry": { "type": "Polygon", "coordinates": [ [ [ 103.722790056753666, 1.581228374810627 ], [ 103.722791336529326, 1.590271879479592 ], [ 103.731777927378445, 1.590270568205038 ], [ 103.731776608599247, 1.581227070996631 ], [ 103.722790056753666, 1.581228374810627 ] ] ] } },
{ "type": "Feature", "properties": { "grid_id": "JB1000_R0033_C0022", "grid_m": 1000, "row_id": 33, "col_id": 22, "x_min": 19000.0, "y_min": -51000.0, "x_max": 20000.0, "y_max": -50000.0, "center_x": 19500.0, "center_y": -50500.0, "full_area_m2": 1000000, "inside_area_m2": 1000000.0, "coverage_frac": 1.0, "is_edge": 0, "center_lon": 103.73627055270302, "center_lat": 1.5857481512081719 }, "geometry": { "type": "Polygon", "coordinates": [ [ [ 103.731776608599247, 1.581227070996631 ], [ 103.731777927378445, 1.590270568205038 ], [ 103.740764518216054, 1.59026921756573 ], [ 103.740763160433445, 1.581225728041849 ], [ 103.731776608599247, 1.581227070996631 ] ] ] } },
{ "type": "Feature", "properties": { "grid_id": "JB1000_R0033_C0023", "grid_m": 1000, "row_id": 33, "col_id": 23, "x_min": 20000.0, "y_min": -51000.0, "x_max": 21000.0, "y_max": -50000.0, "center_x": 20500.0, "center_y": -50500.0, "full_area_m2": 1000000, "inside_area_m2": 1000000.0, "coverage_frac": 1.0, "is_edge": 0, "center_lon": 103.74525712400524, "center_lat": 1.5857467847847626 }, "geometry": { "type": "Polygon", "coordinates": [ [ [ 103.740763160433445, 1.581225728041849 ], [ 103.740764518216054, 1.59026921756573 ], [ 103.74975110904181, 1.590267827561702 ], [ 103.749749712255934, 1.581224345946314 ], [ 103.740763160433445, 1.581225728041849 ] ] ] } },
{ "type": "Feature", "properties": { "grid_id": "JB1000_R0033_C0024", "grid_m": 1000, "row_id": 33, "col_id": 24, "x_min": 21000.0, "y_min": -51000.0, "x_max": 22000.0, "y_max": -50000.0, "center_x": 21500.0, "center_y": -50500.0, "full_area_m2": 1000000, "inside_area_m2": 1000000.0, "coverage_frac": 1.0, "is_edge": 0, "center_lon": 103.75424369529549, "center_lat": 1.585745379108634 }, "geometry": { "type": "Polygon", "coordinates": [ [ [ 103.749749712255934, 1.581224345946314 ], [ 103.74975110904181, 1.590267827561702 ], [ 103.758737699855374, 1.590266398192988 ], [ 103.758736264066357, 1.58122292471006 ], [ 103.749749712255934, 1.581224345946314 ] ] ] } },
{ "type": "Feature", "properties": { "grid_id": "JB1000_R0033_C0025", "grid_m": 1000, "row_id": 33, "col_id": 25, "x_min": 22000.0, "y_min": -51000.0, "x_max": 23000.0, "y_max": -50000.0, "center_x": 22500.0, "center_y": -50500.0, "full_area_m2": 1000000, "inside_area_m2": 1000000.0, "coverage_frac": 1.0, "is_edge": 0, "center_lon": 103.76323026657346, "center_lat": 1.5857439341798207 }, "geometry": { "type": "Polygon", "coordinates": [ [ [ 103.758736264066357, 1.58122292471006 ], [ 103.758737699855374, 1.590266398192988 ], [ 103.767724290656403, 1.590264929459623 ], [ 103.767722815864389, 1.581221464333123 ], [ 103.758736264066357, 1.58122292471006 ] ] ] } },
{ "type": "Feature", "properties": { "grid_id": "JB1000_R0033_C0026", "grid_m": 1000, "row_id": 33, "col_id": 26, "x_min": 23000.0, "y_min": -51000.0, "x_max": 24000.0, "y_max": -50000.0, "center_x": 23500.0, "center_y": -50500.0, "full_area_m2": 1000000, "inside_area_m2": 1000000.0, "coverage_frac": 1.0, "is_edge": 0, "center_lon": 103.77221683783878, "center_lat": 1.5857424499983583 }, "geometry": { "type": "Polygon", "coordinates": [ [ [ 103.767722815864389, 1.581221464333123 ], [ 103.767724290656403, 1.590264929459623 ], [ 103.776710881444544, 1.590263421361644 ], [ 103.776709367649687, 1.581219964815538 ], [ 103.767722815864389, 1.581221464333123 ] ] ] } },
{ "type": "Feature", "properties": { "grid_id": "JB1000_R0033_C0027", "grid_m": 1000, "row_id": 33, "col_id": 27, "x_min": 24000.0, "y_min": -51000.0, "x_max": 25000.0, "y_max": -50000.0, "center_x": 24500.0, "center_y": -50500.0, "full_area_m2": 1000000, "inside_area_m2": 1000000.0, "coverage_frac": 1.0, "is_edge": 0, "center_lon": 103.78120340909115, "center_lat": 1.5857409265642832 }, "geometry": { "type": "Polygon", "coordinates": [ [ [ 103.776709367649687, 1.581219964815538 ], [ 103.776710881444544, 1.590263421361644 ], [ 103.785697472219482, 1.590261873899087 ], [ 103.785695919421912, 1.581218426157342 ], [ 103.776709367649687, 1.581219964815538 ] ] ] } },
{ "type": "Feature", "properties": { "grid_id": "JB1000_R0033_C0028", "grid_m": 1000, "row_id": 33, "col_id": 28, "x_min": 25000.0, "y_min": -51000.0, "x_max": 26000.0, "y_max": -50000.0, "center_x": 25500.0, "center_y": -50500.0, "full_area_m2": 1000000, "inside_area_m2": 1000000.0, "coverage_frac": 1.0, "is_edge": 0, "center_lon": 103.79018998033018, "center_lat": 1.5857393638776336 }, "geometry": { "type": "Polygon", "coordinates": [ [ [ 103.785695919421912, 1.581218426157342 ], [ 103.785697472219482, 1.590261873899087 ], [ 103.794684062980849, 1.590260287071991 ], [ 103.794682471180749, 1.581216848358573 ], [ 103.785695919421912, 1.581218426157342 ] ] ] } },
{ "type": "Feature", "properties": { "grid_id": "JB1000_R0033_C0029", "grid_m": 1000, "row_id": 33, "col_id": 29, "x_min": 26000.0, "y_min": -51000.0, "x_max": 27000.0, "y_max": -50000.0, "center_x": 26500.0, "center_y": -50500.0, "full_area_m2": 1000000, "inside_area_m2": 1000000.0, "coverage_frac": 1.0, "is_edge": 0, "center_lon": 103.79917655155559, "center_lat": 1.5857377619384472 }, "geometry": { "type": "Polygon", "coordinates": [ [ [ 103.794682471180749, 1.581216848358573 ], [ 103.794684062980849, 1.590260287071991 ], [ 103.803670653728332, 1.590258660880395 ], [ 103.803669022925845, 1.58121523141927 ], [ 103.794682471180749, 1.581216848358573 ] ] ] } },
{ "type": "Feature", "properties": { "grid_id": "JB1000_R0033_C0030", "grid_m": 1000, "row_id": 33, "col_id": 30, "x_min": 27000.0, "y_min": -51000.0, "x_max": 28000.0, "y_max": -50000.0, "center_x": 27500.0, "center_y": -50500.0, "full_area_m2": 1000000, "inside_area_m2": 1000000.0, "coverage_frac": 1.0, "is_edge": 0, "center_lon": 103.808163122767, "center_lat": 1.585736120746764 }, "geometry": { "type": "Polygon", "coordinates": [ [ [ 103.803669022925845, 1.58121523141927 ], [ 103.803670653728332, 1.590258660880395 ], [ 103.812657244461576, 1.59025699532434 ], [ 103.812655574656858, 1.581213575339473 ], [ 103.803669022925845, 1.58121523141927 ] ] ] } },
{ "type": "Feature", "properties": { "grid_id": "JB1000_R0033_C0031", "grid_m": 1000, "row_id": 33, "col_id": 31, "x_min": 28000.0, "y_min": -51000.0, "x_max": 29000.0, "y_max": -50000.0, "center_x": 28500.0, "center_y": -50500.0, "full_area_m2": 1000000, "inside_area_m2": 1000000.0, "coverage_frac": 1.0, "is_edge": 0, "center_lon": 103.81714969396408, "center_lat": 1.5857344403026241 }, "geometry": { "type": "Polygon", "coordinates": [ [ [ 103.812655574656858, 1.581213575339473 ], [ 103.812657244461576, 1.59025699532434 ], [ 103.82164383518024, 1.590255290403864 ], [ 103.821642126373476, 1.581211880119223 ], [ 103.812655574656858, 1.581213575339473 ] ] ] } },
{ "type": "Feature", "properties": { "grid_id": "JB1000_R0033_C0032", "grid_m": 1000, "row_id": 33, "col_id": 32, "x_min": 29000.0, "y_min": -51000.0, "x_max": 30000.0, "y_max": -50000.0, "center_x": 29500.0, "center_y": -50500.0, "full_area_m2": 1000000, "inside_area_m2": 1000000.0, "coverage_frac": 1.0, "is_edge": 0, "center_lon": 103.8261362651465, "center_lat": 1.585732720606069 }, "geometry": { "type": "Polygon", "coordinates": [ [ [ 103.821642126373476, 1.581211880119223 ], [ 103.82164383518024, 1.590255290403864 ], [ 103.830630425883982, 1.590253546119012 ], [ 103.830628678075328, 1.581210145758561 ], [ 103.821642126373476, 1.581211880119223 ] ] ] } },
{ "type": "Feature", "properties": { "grid_id": "JB1000_R0033_C0033", "grid_m": 1000, "row_id": 33, "col_id": 33, "x_min": 30000.0, "y_min": -51000.0, "x_max": 31000.0, "y_max": -50000.0, "center_x": 30500.0, "center_y": -50500.0, "full_area_m2": 1000000, "inside_area_m2": 1000000.0, "coverage_frac": 1.0, "is_edge": 0, "center_lon": 103.83512283631391, "center_lat": 1.5857309616571411 }, "geometry": { "type": "Polygon", "coordinates": [ [ [ 103.830628678075328, 1.581210145758561 ], [ 103.830630425883982, 1.590253546119012 ], [ 103.839617016572461, 1.590251762469826 ], [ 103.839615229762089, 1.58120837225753 ], [ 103.830628678075328, 1.581210145758561 ] ] ] } },
{ "type": "Feature", "properties": { "grid_id": "JB1000_R0033_C0034", "grid_m": 1000, "row_id": 33, "col_id": 34, "x_min": 31000.0, "y_min": -51000.0, "x_max": 32000.0, "y_max": -50000.0, "center_x": 31500.0, "center_y": -50500.0, "full_area_m2": 1000000, "inside_area_m2": 1000000.0, "coverage_frac": 1.0, "is_edge": 0, "center_lon": 103.84410940746599, "center_lat": 1.5857291634558839 }, "geometry": { "type": "Polygon", "coordinates": [ [ [ 103.839615229762089, 1.58120837225753 ], [ 103.839617016572461, 1.590251762469826 ], [ 103.848603607245352, 1.590249939456349 ], [ 103.84860178143343, 1.581206559616174 ], [ 103.839615229762089, 1.58120837225753 ] ] ] } },
{ "type": "Feature", "properties": { "grid_id": "JB1000_R0033_C0035", "grid_m": 1000, "row_id": 33, "col_id": 35, "x_min": 32000.0, "y_min": -51000.0, "x_max": 33000.0, "y_max": -50000.0, "center_x": 32500.0, "center_y": -50500.0, "full_area_m2": 1000000, "inside_area_m2": 1000000.0, "coverage_frac": 1.0, "is_edge": 0, "center_lon": 103.8530959786024, "center_lat": 1.5857273260023417 }, "geometry": { "type": "Polygon", "coordinates": [ [ [ 103.84860178143343, 1.581206559616174 ], [ 103.848603607245352, 1.590249939456349 ], [ 103.857590197902297, 1.590248077078628 ], [ 103.857588333089026, 1.581204707834538 ], [ 103.84860178143343, 1.581206559616174 ] ] ] } },
{ "type": "Feature", "properties": { "grid_id": "JB1000_R0033_C0036", "grid_m": 1000, "row_id": 33, "col_id": 36, "x_min": 33000.0, "y_min": -51000.0, "x_max": 34000.0, "y_max": -50000.0, "center_x": 33500.0, "center_y": -50500.0, "full_area_m2": 1000000, "inside_area_m2": 1000000.0, "coverage_frac": 1.0, "is_edge": 0, "center_lon": 103.86208254972276, "center_lat": 1.5857254492965591 }, "geometry": { "type": "Polygon", "coordinates": [ [ [ 103.857588333089026, 1.581204707834538 ], [ 103.857590197902297, 1.590248077078628 ], [ 103.866576788542957, 1.590246175336707 ], [ 103.866574884728507, 1.581202816912666 ], [ 103.857588333089026, 1.581204707834538 ] ] ] } },
{ "type": "Feature", "properties": { "grid_id": "JB1000_R0033_C0037", "grid_m": 1000, "row_id": 33, "col_id": 37, "x_min": 34000.0, "y_min": -51000.0, "x_max": 35000.0, "y_max": -50000.0, "center_x": 34500.0, "center_y": -50500.0, "full_area_m2": 1000000, "inside_area_m2": 1000000.0, "coverage_frac": 1.0, "is_edge": 0, "center_lon": 103.87106912082679, "center_lat": 1.5857235333385833 }, "geometry": { "type": "Polygon", "coordinates": [ [ [ 103.866574884728507, 1.581202816912666 ], [ 103.866576788542957, 1.590246175336707 ], [ 103.875563379167005, 1.590244234230633 ], [ 103.875561436351575, 1.581200886850606 ], [ 103.866574884728507, 1.581202816912666 ] ] ] } },
{ "type": "Feature", "properties": { "grid_id": "JB1000_R0033_C0038", "grid_m": 1000, "row_id": 33, "col_id": 38, "x_min": 35000.0, "y_min": -51000.0, "x_max": 36000.0, "y_max": -50000.0, "center_x": 35500.0, "center_y": -50500.0, "full_area_m2": 1000000, "inside_area_m2": 1000000.0, "coverage_frac": 1.0, "is_edge": 0, "center_lon": 103.88005569191409, "center_lat": 1.585721578128461 }, "geometry": { "type": "Polygon", "coordinates": [ [ [ 103.875561436351575, 1.581200886850606 ], [ 103.875563379167005, 1.590244234230633 ], [ 103.884549969774085, 1.590242253760455 ], [ 103.884547987957859, 1.581198917648406 ], [ 103.875561436351575, 1.581200886850606 ] ] ] } },
{ "type": "Feature", "properties": { "grid_id": "JB1000_R0033_C0039", "grid_m": 1000, "row_id": 33, "col_id": 39, "x_min": 36000.0, "y_min": -51000.0, "x_max": 37000.0, "y_max": -50000.0, "center_x": 36500.0, "center_y": -50500.0, "full_area_m2": 1000000, "inside_area_m2": 1000000.0, "coverage_frac": 1.0, "is_edge": 0, "center_lon": 103.8890422629844, "center_lat": 1.5857195836662403 }, "geometry": { "type": "Polygon", "coordinates": [ [ [ 103.884547987957859, 1.581198917648406 ], [ 103.884549969774085, 1.590242253760455 ], [ 103.89353656036387, 1.590240233926221 ], [ 103.893534539547034, 1.581196909306113 ], [ 103.884547987957859, 1.581198917648406 ] ] ] } },
{ "type": "Feature", "properties": { "grid_id": "JB1000_R0033_C0040", "grid_m": 1000, "row_id": 33, "col_id": 40, "x_min": 37000.0, "y_min": -51000.0, "x_max": 38000.0, "y_max": -50000.0, "center_x": 37500.0, "center_y": -50500.0, "full_area_m2": 1000000, "inside_area_m2": 1000000.0, "coverage_frac": 1.0, "is_edge": 0, "center_lon": 103.89802883403732, "center_lat": 1.5857175499519705 }, "geometry": { "type": "Polygon", "coordinates": [ [ [ 103.893534539547034, 1.581196909306113 ], [ 103.89353656036387, 1.590240233926221 ], [ 103.902523150935991, 1.590238174727981 ], [ 103.902521091118786, 1.581194861823778 ], [ 103.893534539547034, 1.581196909306113 ] ] ] } },
{ "type": "Feature", "properties": { "grid_id": "JB1000_R0033_C0041", "grid_m": 1000, "row_id": 33, "col_id": 41, "x_min": 38000.0, "y_min": -51000.0, "x_max": 39000.0, "y_max": -50000.0, "center_x": 38500.0, "center_y": -50500.0, "full_area_m2": 1000000, "inside_area_m2": 1000000.0, "coverage_frac": 1.0, "is_edge": 0, "center_lon": 103.90701540507251, "center_lat": 1.5857154769857018 }, "geometry": { "type": "Polygon", "coordinates": [ [ [ 103.902521091118786, 1.581194861823778 ], [ 103.902523150935991, 1.590238174727981 ], [ 103.91150974149015, 1.590236076165786 ], [ 103.911507642672746, 1.58119277520145 ], [ 103.902521091118786, 1.581194861823778 ] ] ] } },
{ "type": "Feature", "properties": { "grid_id": "JB1000_R0033_C0042", "grid_m": 1000, "row_id": 33, "col_id": 42, "x_min": 39000.0, "y_min": -51000.0, "x_max": 40000.0, "y_max": -50000.0, "center_x": 39500.0, "center_y": -50500.0, "full_area_m2": 1000000, "inside_area_m2": 1000000.0, "coverage_frac": 1.0, "is_edge": 0, "center_lon": 103.91600197608966, "center_lat": 1.585713364767485 }, "geometry": { "type": "Polygon", "coordinates": [ [ [ 103.911507642672746, 1.58119277520145 ], [ 103.91150974149015, 1.590236076165786 ], [ 103.920496332025976, 1.590233938239687 ], [ 103.920494194208587, 1.581190649439182 ], [ 103.911507642672746, 1.58119277520145 ] ] ] } },
{ "type": "Feature", "properties": { "grid_id": "JB1000_R0033_C0043", "grid_m": 1000, "row_id": 33, "col_id": 43, "x_min": 40000.0, "y_min": -51000.0, "x_max": 41000.0, "y_max": -50000.0, "center_x": 40500.0, "center_y": -50500.0, "full_area_m2": 1000000, "inside_area_m2": 1000000.0, "coverage_frac": 1.0, "is_edge": 0, "center_lon": 103.92498854708842, "center_lat": 1.5857112132973725 }, "geometry": { "type": "Polygon", "coordinates": [ [ [ 103.920494194208587, 1.581190649439182 ], [ 103.920496332025976, 1.590233938239687 ], [ 103.929482922543144, 1.590231760949737 ], [ 103.929480745725982, 1.581188484537024 ], [ 103.920494194208587, 1.581190649439182 ] ] ] } },
{ "type": "Feature", "properties": { "grid_id": "JB1000_R0033_C0044", "grid_m": 1000, "row_id": 33, "col_id": 44, "x_min": 41000.0, "y_min": -51000.0, "x_max": 42000.0, "y_max": -50000.0, "center_x": 41500.0, "center_y": -50500.0, "full_area_m2": 1000000, "inside_area_m2": 1000000.0, "coverage_frac": 1.0, "is_edge": 0, "center_lon": 103.93397511806846, "center_lat": 1.5857090225754171 }, "geometry": { "type": "Polygon", "coordinates": [ [ [ 103.929480745725982, 1.581188484537024 ], [ 103.929482922543144, 1.590231760949737 ], [ 103.938469513041312, 1.59022954429599 ], [ 103.938467297224577, 1.581186280495032 ], [ 103.929480745725982, 1.581188484537024 ] ] ] } },
{ "type": "Feature", "properties": { "grid_id": "JB1000_R0033_C0045", "grid_m": 1000, "row_id": 33, "col_id": 45, "x_min": 42000.0, "y_min": -51000.0, "x_max": 43000.0, "y_max": -50000.0, "center_x": 42500.0, "center_y": -50500.0, "full_area_m2": 1000000, "inside_area_m2": 1000000.0, "coverage_frac": 1.0, "is_edge": 0, "center_lon": 103.94296168902943, "center_lat": 1.5857067926016728 }, "geometry": { "type": "Polygon", "coordinates": [ [ [ 103.938467297224577, 1.581186280495032 ], [ 103.938469513041312, 1.59022954429599 ], [ 103.947456103520125, 1.5902272882785 ], [ 103.947453848704058, 1.581184037313259 ], [ 103.938467297224577, 1.581186280495032 ] ] ] } },
{ "type": "Feature", "properties": { "grid_id": "JB1000_R0033_C0046", "grid_m": 1000, "row_id": 33, "col_id": 46, "x_min": 43000.0, "y_min": -51000.0, "x_max": 44000.0, "y_max": -50000.0, "center_x": 43500.0, "center_y": -50500.0, "full_area_m2": 1000000, "inside_area_m2": 1000000.0, "coverage_frac": 1.0, "is_edge": 0, "center_lon": 103.951948259971, "center_lat": 1.5857045233761944 }, "geometry": { "type": "Polygon", "coordinates": [ [ [ 103.947453848704058, 1.581184037313259 ], [ 103.947456103520125, 1.5902272882785 ], [ 103.956442693979241, 1.590224992897322 ], [ 103.956440400164084, 1.58118175499176 ], [ 103.947453848704058, 1.581184037313259 ] ] ] } },
{ "type": "Feature", "properties": { "grid_id": "JB1000_R0033_C0047", "grid_m": 1000, "row_id": 33, "col_id": 47, "x_min": 44000.0, "y_min": -51000.0, "x_max": 45000.0, "y_max": -50000.0, "center_x": 44500.0, "center_y": -50500.0, "full_area_m2": 1000000, "inside_area_m2": 1000000.0, "coverage_frac": 1.0, "is_edge": 0, "center_lon": 103.96093483089282, "center_lat": 1.5857022148990381 }, "geometry": { "type": "Polygon", "coordinates": [ [ [ 103.956440400164084, 1.58118175499176 ], [ 103.956442693979241, 1.590224992897322 ], [ 103.965429284418349, 1.590222658152515 ], [ 103.9654269516043, 1.581179433530592 ], [ 103.956440400164084, 1.58118175499176 ] ] ] } },
{ "type": "Feature", "properties": { "grid_id": "JB1000_R0033_C0048", "grid_m": 1000, "row_id": 33, "col_id": 48, "x_min": 45000.0, "y_min": -51000.0, "x_max": 46000.0, "y_max": -50000.0, "center_x": 45500.0, "center_y": -50500.0, "full_area_m2": 1000000, "inside_area_m2": 1000000.0, "coverage_frac": 1.0, "is_edge": 0, "center_lon": 103.96992140179456, "center_lat": 1.5856998671702605 }, "geometry": { "type": "Polygon", "coordinates": [ [ [ 103.9654269516043, 1.581179433530592 ], [ 103.965429284418349, 1.590222658152515 ], [ 103.974415874837078, 1.590220284044134 ], [ 103.97441350302438, 1.581177072929811 ], [ 103.9654269516043, 1.581179433530592 ] ] ] } },
{ "type": "Feature", "properties": { "grid_id": "JB1000_R0033_C0049", "grid_m": 1000, "row_id": 33, "col_id": 49, "x_min": 46000.0, "y_min": -51000.0, "x_max": 47000.0, "y_max": -50000.0, "center_x": 46500.0, "center_y": -50500.0, "full_area_m2": 1000000, "inside_area_m2": 1000000.0, "coverage_frac": 1.0, "is_edge": 0, "center_lon": 103.97890797267588, "center_lat": 1.5856974801899195 }, "geometry": { "type": "Polygon", "coordinates": [ [ [ 103.97441350302438, 1.581177072929811 ], [ 103.974415874837078, 1.590220284044134 ], [ 103.983402465235116, 1.590217870572239 ], [ 103.983400054423996, 1.581174673189477 ], [ 103.97441350302438, 1.581177072929811 ] ] ] } },
{ "type": "Feature", "properties": { "grid_id": "JB1000_R0033_C0050", "grid_m": 1000, "row_id": 33, "col_id": 50, "x_min": 47000.0, "y_min": -51000.0, "x_max": 48000.0, "y_max": -50000.0, "center_x": 47500.0, "center_y": -50500.0, "full_area_m2": 1000000, "inside_area_m2": 983212.50074016361, "coverage_frac": 0.98321250074016364, "is_edge": 1, "center_lon": 103.98789454353644, "center_lat": 1.5856950539580741 }, "geometry": { "type": "Polygon", "coordinates": [ [ [ 103.992386605802793, 1.581172234309648 ], [ 103.983400054423996, 1.581174673189477 ], [ 103.983402465235116, 1.590217870572239 ], [ 103.990566095189195, 1.590215918485492 ], [ 103.992388649169243, 1.588718647867734 ], [ 103.992386605802793, 1.581172234309648 ] ] ] } },
{ "type": "Feature", "properties": { "grid_id": "JB1000_R0033_C0051", "grid_m": 1000, "row_id": 33, "col_id": 51, "x_min": 48000.0, "y_min": -51000.0, "x_max": 49000.0, "y_max": -50000.0, "center_x": 48500.0, "center_y": -50500.0, "full_area_m2": 1000000, "inside_area_m2": 359966.5195397737, "coverage_frac": 0.35996651953977371, "is_edge": 1, "center_lon": 103.99688111437591, "center_lat": 1.5856925884747839 }, "geometry": { "type": "Polygon", "coordinates": [ [ [ 103.992386605802793, 1.581172234309648 ], [ 103.992388649169243, 1.588718647867734 ], [ 103.993665033509188, 1.587670066841491 ], [ 103.999907566228515, 1.581170163094514 ], [ 103.992386605802793, 1.581172234309648 ] ] ] } },
{ "type": "Feature", "properties": { "grid_id": "JB1000_R0034_C0013", "grid_m": 1000, "row_id": 34, "col_id": 13, "x_min": 10000.0, "y_min": -50000.0, "x_max": 11000.0, "y_max": -49000.0, "center_x": 10500.0, "center_y": -49500.0, "full_area_m2": 1000000, "inside_area_m2": 13360.552124754875, "coverage_frac": 0.013360552124754874, "is_edge": 1, "center_lon": 103.65539240056499, "center_lat": 1.5948022357280363 }, "geometry": { "type": "Polygon", "coordinates": [ [ [ 103.651370577350363, 1.59028090119292 ], [ 103.651104123238994, 1.591420045027759 ], [ 103.650977735334962, 1.591904875719473 ], [ 103.650977771306046, 1.591904835939611 ], [ 103.650977735288023, 1.591904971595734 ], [ 103.651290030067486, 1.591546095107395 ], [ 103.652809250866071, 1.590280744000821 ], [ 103.651370577350363, 1.59028090119292 ] ] ] } },
{ "type": "Feature", "properties": { "grid_id": "JB1000_R0034_C0014", "grid_m": 1000, "row_id": 34, "col_id": 14, "x_min": 11000.0, "y_min": -50000.0, "x_max": 12000.0, "y_max": -49000.0, "center_x": 11500.0, "center_y": -49500.0, "full_area_m2": 1000000, "inside_area_m2": 57855.245717195794, "coverage_frac": 0.057855245717195795, "is_edge": 1, "center_lon": 103.66437901107533, "center_lat": 1.5948012167996799 }, "geometry": { "type": "Polygon", "coordinates": [ [ [ 103.668871791211885, 1.590278920465353 ], [ 103.665310179614067, 1.590279335656427 ], [ 103.666013621157461, 1.590805272946528 ], [ 103.668872096991493, 1.592913554372993 ], [ 103.668871791211885, 1.590278920465353 ] ] ] } },
{ "type": "Feature", "properties": { "grid_id": "JB1000_R0034_C0015", "grid_m": 1000, "row_id": 34, "col_id": 15, "x_min": 12000.0, "y_min": -50000.0, "x_max": 13000.0, "y_max": -49000.0, "center_x": 12500.0, "center_y": -49500.0, "full_area_m2": 1000000, "inside_area_m2": 658887.04282446695, "coverage_frac": 0.65888704282446697, "is_edge": 1, "center_lon": 103.67336562157666, "center_lat": 1.5948001583943665 }, "geometry": { "type": "Polygon", "coordinates": [ [ [ 103.677859473073326, 1.599321383196184 ], [ 103.677858382122935, 1.590277845379964 ], [ 103.668871791211885, 1.590278920465353 ], [ 103.668872096991493, 1.592913554372993 ], [ 103.671435218237647, 1.594803987690928 ], [ 103.676328425689491, 1.598444173910676 ], [ 103.677514685694831, 1.599321425408659 ], [ 103.677859473073326, 1.599321383196184 ] ] ] } },
{ "type": "Feature", "properties": { "grid_id": "JB1000_R0034_C0016", "grid_m": 1000, "row_id": 34, "col_id": 16, "x_min": 13000.0, "y_min": -50000.0, "x_max": 14000.0, "y_max": -49000.0, "center_x": 13500.0, "center_y": -49500.0, "full_area_m2": 1000000, "inside_area_m2": 1000000.0, "coverage_frac": 1.0, "is_edge": 0, "center_lon": 103.68235223206864, "center_lat": 1.5947990605121218 }, "geometry": { "type": "Polygon", "coordinates": [ [ [ 103.677858382122935, 1.590277845379964 ], [ 103.677859473073326, 1.599321383196184 ], [ 103.686846103201773, 1.599320262405092 ], [ 103.68684497302452, 1.590276730929643 ], [ 103.677858382122935, 1.590277845379964 ] ] ] } },
{ "type": "Feature", "properties": { "grid_id": "JB1000_R0034_C0017", "grid_m": 1000, "row_id": 34, "col_id": 17, "x_min": 14000.0, "y_min": -50000.0, "x_max": 15000.0, "y_max": -49000.0, "center_x": 14500.0, "center_y": -49500.0, "full_area_m2": 1000000, "inside_area_m2": 1000000.0, "coverage_frac": 1.0, "is_edge": 0, "center_lon": 103.69133884255092, "center_lat": 1.594797923152973 }, "geometry": { "type": "Polygon", "coordinates": [ [ [ 103.68684497302452, 1.590276730929643 ], [ 103.686846103201773, 1.599320262405092 ], [ 103.695832733320287, 1.599319102025125 ], [ 103.695831563916286, 1.590275577114416 ], [ 103.68684497302452, 1.590276730929643 ] ] ] } },
{ "type": "Feature", "properties": { "grid_id": "JB1000_R0034_C0018", "grid_m": 1000, "row_id": 34, "col_id": 18, "x_min": 15000.0, "y_min": -50000.0, "x_max": 16000.0, "y_max": -49000.0, "center_x": 15500.0, "center_y": -49500.0, "full_area_m2": 1000000, "inside_area_m2": 1000000.0, "coverage_frac": 1.0, "is_edge": 0, "center_lon": 103.70032545302315, "center_lat": 1.5947967463169481 }, "geometry": { "type": "Polygon", "coordinates": [ [ [ 103.695831563916286, 1.590275577114416 ], [ 103.695832733320287, 1.599319102025125 ], [ 103.704819363428527, 1.59931790205631 ], [ 103.704818154797906, 1.590274383934312 ], [ 103.695831563916286, 1.590275577114416 ] ] ] } },
{ "type": "Feature", "properties": { "grid_id": "JB1000_R0034_C0019", "grid_m": 1000, "row_id": 34, "col_id": 19, "x_min": 16000.0, "y_min": -50000.0, "x_max": 17000.0, "y_max": -49000.0, "center_x": 16500.0, "center_y": -49500.0, "full_area_m2": 1000000, "inside_area_m2": 1000000.0, "coverage_frac": 1.0, "is_edge": 0, "center_lon": 103.70931206348502, "center_lat": 1.5947955300040761 }, "geometry": { "type": "Polygon", "coordinates": [ [ [ 103.704818154797906, 1.590274383934312 ], [ 103.704819363428527, 1.59931790205631 ], [ 103.713805993526165, 1.599316662498678 ], [ 103.713804745669037, 1.59027315138936 ], [ 103.704818154797906, 1.590274383934312 ] ] ] } },
{ "type": "Feature", "properties": { "grid_id": "JB1000_R0034_C0020", "grid_m": 1000, "row_id": 34, "col_id": 20, "x_min": 17000.0, "y_min": -50000.0, "x_max": 18000.0, "y_max": -49000.0, "center_x": 17500.0, "center_y": -49500.0, "full_area_m2": 1000000, "inside_area_m2": 1000000.0, "coverage_frac": 1.0, "is_edge": 0, "center_lon": 103.71829867393616, "center_lat": 1.5947942742143868 }, "geometry": { "type": "Polygon", "coordinates": [ [ [ 103.713804745669037, 1.59027315138936 ], [ 103.713805993526165, 1.599316662498678 ], [ 103.722792623612847, 1.599315383352259 ], [ 103.722791336529326, 1.590271879479592 ], [ 103.713804745669037, 1.59027315138936 ] ] ] } },
{ "type": "Feature", "properties": { "grid_id": "JB1000_R0034_C0021", "grid_m": 1000, "row_id": 34, "col_id": 21, "x_min": 18000.0, "y_min": -50000.0, "x_max": 19000.0, "y_max": -49000.0, "center_x": 18500.0, "center_y": -49500.0, "full_area_m2": 1000000, "inside_area_m2": 1000000.0, "coverage_frac": 1.0, "is_edge": 0, "center_lon": 103.72728528437624, "center_lat": 1.5947929789479114 }, "geometry": { "type": "Polygon", "coordinates": [ [ [ 103.722791336529326, 1.590271879479592 ], [ 103.722792623612847, 1.599315383352259 ], [ 103.731779253688245, 1.599314064617085 ], [ 103.731777927378445, 1.590270568205038 ], [ 103.722791336529326, 1.590271879479592 ] ] ] } },
{ "type": "Feature", "properties": { "grid_id": "JB1000_R0034_C0022", "grid_m": 1000, "row_id": 34, "col_id": 22, "x_min": 19000.0, "y_min": -50000.0, "x_max": 20000.0, "y_max": -49000.0, "center_x": 19500.0, "center_y": -49500.0, "full_area_m2": 1000000, "inside_area_m2": 1000000.0, "coverage_frac": 1.0, "is_edge": 0, "center_lon": 103.7362718948049, "center_lat": 1.5947916442046819 }, "geometry": { "type": "Polygon", "coordinates": [ [ [ 103.731777927378445, 1.590270568205038 ], [ 103.731779253688245, 1.599314064617085 ], [ 103.740765883751976, 1.599312706293187 ], [ 103.740764518216054, 1.59026921756573 ], [ 103.731777927378445, 1.590270568205038 ] ] ] } },
{ "type": "Feature", "properties": { "grid_id": "JB1000_R0034_C0023", "grid_m": 1000, "row_id": 34, "col_id": 23, "x_min": 20000.0, "y_min": -50000.0, "x_max": 21000.0, "y_max": -49000.0, "center_x": 20500.0, "center_y": -49500.0, "full_area_m2": 1000000, "inside_area_m2": 1000000.0, "coverage_frac": 1.0, "is_edge": 0, "center_lon": 103.74525850522181, "center_lat": 1.5947902699847307 }, "geometry": { "type": "Polygon", "coordinates": [ [ [ 103.740764518216054, 1.59026921756573 ], [ 103.740765883751976, 1.599312706293187 ], [ 103.749752513803713, 1.5993113083806 ], [ 103.74975110904181, 1.590267827561702 ], [ 103.740764518216054, 1.59026921756573 ] ] ] } },
{ "type": "Feature", "properties": { "grid_id": "JB1000_R0034_C0024", "grid_m": 1000, "row_id": 34, "col_id": 24, "x_min": 21000.0, "y_min": -50000.0, "x_max": 22000.0, "y_max": -49000.0, "center_x": 21500.0, "center_y": -49500.0, "full_area_m2": 1000000, "inside_area_m2": 1000000.0, "coverage_frac": 1.0, "is_edge": 0, "center_lon": 103.75424511562663, "center_lat": 1.5947888562880921 }, "geometry": { "type": "Polygon", "coordinates": [ [ [ 103.74975110904181, 1.590267827561702 ], [ 103.749752513803713, 1.5993113083806 ], [ 103.758739143843144, 1.599309870879358 ], [ 103.758737699855374, 1.590266398192988 ], [ 103.74975110904181, 1.590267827561702 ] ] ] } },
{ "type": "Feature", "properties": { "grid_id": "JB1000_R0034_C0025", "grid_m": 1000, "row_id": 34, "col_id": 25, "x_min": 22000.0, "y_min": -50000.0, "x_max": 23000.0, "y_max": -49000.0, "center_x": 22500.0, "center_y": -49500.0, "full_area_m2": 1000000, "inside_area_m2": 1000000.0, "coverage_frac": 1.0, "is_edge": 0, "center_lon": 103.76323172601901, "center_lat": 1.5947874031148006 }, "geometry": { "type": "Polygon", "coordinates": [ [ [ 103.758737699855374, 1.590266398192988 ], [ 103.758739143843144, 1.599309870879358 ], [ 103.76772577386987, 1.599308393789497 ], [ 103.767724290656403, 1.590264929459623 ], [ 103.758737699855374, 1.590266398192988 ] ] ] } },
{ "type": "Feature", "properties": { "grid_id": "JB1000_R0034_C0026", "grid_m": 1000, "row_id": 34, "col_id": 26, "x_min": 23000.0, "y_min": -50000.0, "x_max": 24000.0, "y_max": -49000.0, "center_x": 23500.0, "center_y": -49500.0, "full_area_m2": 1000000, "inside_area_m2": 1000000.0, "coverage_frac": 1.0, "is_edge": 0, "center_lon": 103.77221833639862, "center_lat": 1.5947859104648923 }, "geometry": { "type": "Polygon", "coordinates": [ [ [ 103.767724290656403, 1.590264929459623 ], [ 103.76772577386987, 1.599308393789497 ], [ 103.776712403883579, 1.599306877111052 ], [ 103.776710881444544, 1.590263421361644 ], [ 103.767724290656403, 1.590264929459623 ] ] ] } },
{ "type": "Feature", "properties": { "grid_id": "JB1000_R0034_C0027", "grid_m": 1000, "row_id": 34, "col_id": 27, "x_min": 24000.0, "y_min": -50000.0, "x_max": 25000.0, "y_max": -49000.0, "center_x": 24500.0, "center_y": -49500.0, "full_area_m2": 1000000, "inside_area_m2": 1000000.0, "coverage_frac": 1.0, "is_edge": 0, "center_lon": 103.78120494676511, "center_lat": 1.5947843783384039 }, "geometry": { "type": "Polygon", "coordinates": [ [ [ 103.776710881444544, 1.590263421361644 ], [ 103.776712403883579, 1.599306877111052 ], [ 103.78569903388393, 1.599305320844062 ], [ 103.785697472219482, 1.590261873899087 ], [ 103.776710881444544, 1.590263421361644 ] ] ] } },
{ "type": "Feature", "properties": { "grid_id": "JB1000_R0034_C0028", "grid_m": 1000, "row_id": 34, "col_id": 28, "x_min": 25000.0, "y_min": -50000.0, "x_max": 26000.0, "y_max": -49000.0, "center_x": 25500.0, "center_y": -49500.0, "full_area_m2": 1000000, "inside_area_m2": 1000000.0, "coverage_frac": 1.0, "is_edge": 0, "center_lon": 103.79019155711815, "center_lat": 1.5947828067353731 }, "geometry": { "type": "Polygon", "coordinates": [ [ [ 103.785697472219482, 1.590261873899087 ], [ 103.78569903388393, 1.599305320844062 ], [ 103.794685663870567, 1.599303724988564 ], [ 103.794684062980849, 1.590260287071991 ], [ 103.785697472219482, 1.590261873899087 ] ] ] } },
{ "type": "Feature", "properties": { "grid_id": "JB1000_R0034_C0029", "grid_m": 1000, "row_id": 34, "col_id": 29, "x_min": 26000.0, "y_min": -50000.0, "x_max": 27000.0, "y_max": -49000.0, "center_x": 26500.0, "center_y": -49500.0, "full_area_m2": 1000000, "inside_area_m2": 1000000.0, "coverage_frac": 1.0, "is_edge": 0, "center_lon": 103.79917816745736, "center_lat": 1.5947811956558386 }, "geometry": { "type": "Polygon", "coordinates": [ [ [ 103.794684062980849, 1.590260287071991 ], [ 103.794685663870567, 1.599303724988564 ], [ 103.80367229384315, 1.599302089544597 ], [ 103.803670653728332, 1.590258660880395 ], [ 103.794684062980849, 1.590260287071991 ] ] ] } },
{ "type": "Feature", "properties": { "grid_id": "JB1000_R0034_C0030", "grid_m": 1000, "row_id": 34, "col_id": 30, "x_min": 27000.0, "y_min": -50000.0, "x_max": 28000.0, "y_max": -49000.0, "center_x": 27500.0, "center_y": -49500.0, "full_area_m2": 1000000, "inside_area_m2": 1000000.0, "coverage_frac": 1.0, "is_edge": 0, "center_lon": 103.80816477778244, "center_lat": 1.5947795450998399 }, "geometry": { "type": "Polygon", "coordinates": [ [ [ 103.803670653728332, 1.590258660880395 ], [ 103.80367229384315, 1.599302089544597 ], [ 103.812658923801322, 1.599300414512203 ], [ 103.812657244461576, 1.59025699532434 ], [ 103.803670653728332, 1.590258660880395 ] ] ] } },
{ "type": "Feature", "properties": { "grid_id": "JB1000_R0034_C0031", "grid_m": 1000, "row_id": 34, "col_id": 31, "x_min": 28000.0, "y_min": -50000.0, "x_max": 29000.0, "y_max": -49000.0, "center_x": 28500.0, "center_y": -49500.0, "full_area_m2": 1000000, "inside_area_m2": 1000000.0, "coverage_frac": 1.0, "is_edge": 0, "center_lon": 103.81715138809301, "center_lat": 1.5947778550674183 }, "geometry": { "type": "Polygon", "coordinates": [ [ [ 103.812657244461576, 1.59025699532434 ], [ 103.812658923801322, 1.599300414512203 ], [ 103.821645553744759, 1.599298699891422 ], [ 103.82164383518024, 1.590255290403864 ], [ 103.812657244461576, 1.59025699532434 ] ] ] } },
{ "type": "Feature", "properties": { "grid_id": "JB1000_R0034_C0032", "grid_m": 1000, "row_id": 34, "col_id": 32, "x_min": 29000.0, "y_min": -50000.0, "x_max": 30000.0, "y_max": -49000.0, "center_x": 29500.0, "center_y": -49500.0, "full_area_m2": 1000000, "inside_area_m2": 1000000.0, "coverage_frac": 1.0, "is_edge": 0, "center_lon": 103.82613799838877, "center_lat": 1.5947761255586148 }, "geometry": { "type": "Polygon", "coordinates": [ [ [ 103.82164383518024, 1.590255290403864 ], [ 103.821645553744759, 1.599298699891422 ], [ 103.830632183673103, 1.599296945682297 ], [ 103.830630425883982, 1.590253546119012 ], [ 103.82164383518024, 1.590255290403864 ] ] ] } },
{ "type": "Feature", "properties": { "grid_id": "JB1000_R0034_C0033", "grid_m": 1000, "row_id": 34, "col_id": 33, "x_min": 30000.0, "y_min": -50000.0, "x_max": 31000.0, "y_max": -49000.0, "center_x": 30500.0, "center_y": -49500.0, "full_area_m2": 1000000, "inside_area_m2": 1000000.0, "coverage_frac": 1.0, "is_edge": 0, "center_lon": 103.83512460866933, "center_lat": 1.5947743565734724 }, "geometry": { "type": "Polygon", "coordinates": [ [ [ 103.830630425883982, 1.590253546119012 ], [ 103.830632183673103, 1.599296945682297 ], [ 103.839618813586014, 1.599295151884871 ], [ 103.839617016572461, 1.590251762469826 ], [ 103.830630425883982, 1.590253546119012 ] ] ] } },
{ "type": "Feature", "properties": { "grid_id": "JB1000_R0034_C0034", "grid_m": 1000, "row_id": 34, "col_id": 34, "x_min": 31000.0, "y_min": -50000.0, "x_max": 32000.0, "y_max": -49000.0, "center_x": 31500.0, "center_y": -49500.0, "full_area_m2": 1000000, "inside_area_m2": 994152.01275461051, "coverage_frac": 0.99415201275461051, "is_edge": 1, "center_lon": 103.8441112189344, "center_lat": 1.5947725481120345 }, "geometry": { "type": "Polygon", "coordinates": [ [ [ 103.848605443483137, 1.599293318499188 ], [ 103.848603607245352, 1.590249939456349 ], [ 103.839617016572461, 1.590251762469826 ], [ 103.839618813586014, 1.599295151884871 ], [ 103.846010859874013, 1.599293851891823 ], [ 103.846841733706668, 1.598622320110813 ], [ 103.847426679013893, 1.599293561237792 ], [ 103.848605443483137, 1.599293318499188 ] ] ] } },
{ "type": "Feature", "properties": { "grid_id": "JB1000_R0034_C0035", "grid_m": 1000, "row_id": 34, "col_id": 35, "x_min": 32000.0, "y_min": -50000.0, "x_max": 33000.0, "y_max": -49000.0, "center_x": 32500.0, "center_y": -49500.0, "full_area_m2": 1000000, "inside_area_m2": 994210.82955897681, "coverage_frac": 0.99421082955897677, "is_edge": 1, "center_lon": 103.8530978291836, "center_lat": 1.5947707001743459 }, "geometry": { "type": "Polygon", "coordinates": [ [ [ 103.857590197902297, 1.590248077078628 ], [ 103.848603607245352, 1.590249939456349 ], [ 103.848605443483137, 1.599293318499188 ], [ 103.856559124158409, 1.599291662823997 ], [ 103.857591883964247, 1.598380495759149 ], [ 103.857590197902297, 1.590248077078628 ] ] ] } },
{ "type": "Feature", "properties": { "grid_id": "JB1000_R0034_C0036", "grid_m": 1000, "row_id": 34, "col_id": 36, "x_min": 33000.0, "y_min": -50000.0, "x_max": 34000.0, "y_max": -49000.0, "center_x": 33500.0, "center_y": -49500.0, "full_area_m2": 1000000, "inside_area_m2": 956007.59285950917, "coverage_frac": 0.9560075928595092, "is_edge": 1, "center_lon": 103.86208443941659, "center_lat": 1.5947688127604516 }, "geometry": { "type": "Polygon", "coordinates": [ [ [ 103.866576788542957, 1.590246175336707 ], [ 103.857590197902297, 1.590248077078628 ], [ 103.857591883964247, 1.598380495759149 ], [ 103.857742160370321, 1.598247912174465 ], [ 103.858972890732062, 1.599291154229604 ], [ 103.864261424188769, 1.599290029921588 ], [ 103.866378639784969, 1.597057774853602 ], [ 103.866578276959658, 1.597280634487625 ], [ 103.866576788542957, 1.590246175336707 ] ] ] } },
{ "type": "Feature", "properties": { "grid_id": "JB1000_R0034_C0037", "grid_m": 1000, "row_id": 34, "col_id": 37, "x_min": 34000.0, "y_min": -50000.0, "x_max": 35000.0, "y_max": -49000.0, "center_x": 34500.0, "center_y": -49500.0, "full_area_m2": 1000000, "inside_area_m2": 977767.74113688641, "coverage_frac": 0.97776774113688636, "is_edge": 1, "center_lon": 103.87107104963304, "center_lat": 1.5947668858703983 }, "geometry": { "type": "Polygon", "coordinates": [ [ [ 103.875565333076437, 1.599287580813053 ], [ 103.875563379167005, 1.590244234230633 ], [ 103.866576788542957, 1.590246175336707 ], [ 103.866578276959658, 1.597280634487625 ], [ 103.868377500176038, 1.59928914538265 ], [ 103.875565333076437, 1.599287580813053 ] ] ] } },
{ "type": "Feature", "properties": { "grid_id": "JB1000_R0034_C0038", "grid_m": 1000, "row_id": 34, "col_id": 38, "x_min": 35000.0, "y_min": -50000.0, "x_max": 36000.0, "y_max": -49000.0, "center_x": 35500.0, "center_y": -49500.0, "full_area_m2": 1000000, "inside_area_m2": 1000000.0, "coverage_frac": 1.0, "is_edge": 0, "center_lon": 103.8800576598326, "center_lat": 1.5947649195042339 }, "geometry": { "type": "Polygon", "coordinates": [ [ [ 103.875563379167005, 1.590244234230633 ], [ 103.875565333076437, 1.599287580813053 ], [ 103.884551962907011, 1.599285589074803 ], [ 103.884549969774085, 1.590242253760455 ], [ 103.875563379167005, 1.590244234230633 ] ] ] } },
{ "type": "Feature", "properties": { "grid_id": "JB1000_R0034_C0039", "grid_m": 1000, "row_id": 34, "col_id": 39, "x_min": 36000.0, "y_min": -50000.0, "x_max": 37000.0, "y_max": -49000.0, "center_x": 36500.0, "center_y": -49500.0, "full_area_m2": 1000000, "inside_area_m2": 1000000.0, "coverage_frac": 1.0, "is_edge": 0, "center_lon": 103.88904427001494, "center_lat": 1.5947629136620065 }, "geometry": { "type": "Polygon", "coordinates": [ [ [ 103.884549969774085, 1.590242253760455 ], [ 103.884551962907011, 1.599285589074803 ], [ 103.893538592720091, 1.599283557748532 ], [ 103.89353656036387, 1.590240233926221 ], [ 103.884549969774085, 1.590242253760455 ] ] ] } },
{ "type": "Feature", "properties": { "grid_id": "JB1000_R0034_C0040", "grid_m": 1000, "row_id": 34, "col_id": 40, "x_min": 37000.0, "y_min": -50000.0, "x_max": 38000.0, "y_max": -49000.0, "center_x": 37500.0, "center_y": -49500.0, "full_area_m2": 1000000, "inside_area_m2": 1000000.0, "coverage_frac": 1.0, "is_edge": 0, "center_lon": 103.8980308801797, "center_lat": 1.5947608683437657 }, "geometry": { "type": "Polygon", "coordinates": [ [ [ 103.89353656036387, 1.590240233926221 ], [ 103.893538592720091, 1.599283557748532 ], [ 103.902525222515322, 1.59928148683429 ], [ 103.902523150935991, 1.590238174727981 ], [ 103.89353656036387, 1.590240233926221 ] ] ] } },
{ "type": "Feature", "properties": { "grid_id": "JB1000_R0034_C0041", "grid_m": 1000, "row_id": 34, "col_id": 41, "x_min": 38000.0, "y_min": -50000.0, "x_max": 39000.0, "y_max": -49000.0, "center_x": 38500.0, "center_y": -49500.0, "full_area_m2": 1000000, "inside_area_m2": 1000000.0, "coverage_frac": 1.0, "is_edge": 0, "center_lon": 103.90701749032655, "center_lat": 1.5947587835495616 }, "geometry": { "type": "Polygon", "coordinates": [ [ [ 103.902523150935991, 1.590238174727981 ], [ 103.902525222515322, 1.59928148683429 ], [ 103.911511852292364, 1.599279376332128 ], [ 103.91150974149015, 1.590236076165786 ], [ 103.902523150935991, 1.590238174727981 ] ] ] } },
{ "type": "Feature", "properties": { "grid_id": "JB1000_R0034_C0042", "grid_m": 1000, "row_id": 34, "col_id": 42, "x_min": 39000.0, "y_min": -50000.0, "x_max": 40000.0, "y_max": -49000.0, "center_x": 39500.0, "center_y": -49500.0, "full_area_m2": 1000000, "inside_area_m2": 1000000.0, "coverage_frac": 1.0, "is_edge": 0, "center_lon": 103.91600410045514, "center_lat": 1.5947566592794458 }, "geometry": { "type": "Polygon", "coordinates": [ [ [ 103.91150974149015, 1.590236076165786 ], [ 103.911511852292364, 1.599279376332128 ], [ 103.920498482050874, 1.599277226242097 ], [ 103.920496332025976, 1.590233938239687 ], [ 103.91150974149015, 1.590236076165786 ] ] ] } },
{ "type": "Feature", "properties": { "grid_id": "JB1000_R0034_C0043", "grid_m": 1000, "row_id": 34, "col_id": 43, "x_min": 40000.0, "y_min": -50000.0, "x_max": 41000.0, "y_max": -49000.0, "center_x": 40500.0, "center_y": -49500.0, "full_area_m2": 1000000, "inside_area_m2": 1000000.0, "coverage_frac": 1.0, "is_edge": 0, "center_lon": 103.92499071056513, "center_lat": 1.5947544955334705 }, "geometry": { "type": "Polygon", "coordinates": [ [ [ 103.920496332025976, 1.590233938239687 ], [ 103.920498482050874, 1.599277226242097 ], [ 103.929485111790513, 1.599275036564251 ], [ 103.929482922543144, 1.590231760949737 ], [ 103.920496332025976, 1.590233938239687 ] ] ] } },
{ "type": "Feature", "properties": { "grid_id": "JB1000_R0034_C0044", "grid_m": 1000, "row_id": 34, "col_id": 44, "x_min": 41000.0, "y_min": -50000.0, "x_max": 42000.0, "y_max": -49000.0, "center_x": 41500.0, "center_y": -49500.0, "full_area_m2": 1000000, "inside_area_m2": 1000000.0, "coverage_frac": 1.0, "is_edge": 0, "center_lon": 103.93397732065617, "center_lat": 1.5947522923116892 }, "geometry": { "type": "Polygon", "coordinates": [ [ [ 103.929482922543144, 1.590231760949737 ], [ 103.929485111790513, 1.599275036564251 ], [ 103.938471741510924, 1.599272807298644 ], [ 103.938469513041312, 1.59022954429599 ], [ 103.929482922543144, 1.590231760949737 ] ] ] } },
{ "type": "Feature", "properties": { "grid_id": "JB1000_R0034_C0045", "grid_m": 1000, "row_id": 34, "col_id": 45, "x_min": 42000.0, "y_min": -50000.0, "x_max": 43000.0, "y_max": -49000.0, "center_x": 42500.0, "center_y": -49500.0, "full_area_m2": 1000000, "inside_area_m2": 1000000.0, "coverage_frac": 1.0, "is_edge": 0, "center_lon": 103.94296393072794, "center_lat": 1.5947500496141562 }, "geometry": { "type": "Polygon", "coordinates": [ [ [ 103.938469513041312, 1.59022954429599 ], [ 103.938471741510924, 1.599272807298644 ], [ 103.947458371211781, 1.599270538445331 ], [ 103.947456103520125, 1.5902272882785 ], [ 103.938469513041312, 1.59022954429599 ] ] ] } },
{ "type": "Feature", "properties": { "grid_id": "JB1000_R0034_C0046", "grid_m": 1000, "row_id": 34, "col_id": 46, "x_min": 43000.0, "y_min": -50000.0, "x_max": 44000.0, "y_max": -49000.0, "center_x": 43500.0, "center_y": -49500.0, "full_area_m2": 1000000, "inside_area_m2": 1000000.0, "coverage_frac": 1.0, "is_edge": 0, "center_lon": 103.95195054078008, "center_lat": 1.5947477674409263 }, "geometry": { "type": "Polygon", "coordinates": [ [ [ 103.947456103520125, 1.5902272882785 ], [ 103.947458371211781, 1.599270538445331 ], [ 103.956445000892714, 1.599268230004367 ], [ 103.956442693979241, 1.590224992897322 ], [ 103.947456103520125, 1.5902272882785 ] ] ] } },
{ "type": "Feature", "properties": { "grid_id": "JB1000_R0034_C0047", "grid_m": 1000, "row_id": 34, "col_id": 47, "x_min": 44000.0, "y_min": -50000.0, "x_max": 45000.0, "y_max": -49000.0, "center_x": 44500.0, "center_y": -49500.0, "full_area_m2": 1000000, "inside_area_m2": 1000000.0, "coverage_frac": 1.0, "is_edge": 0, "center_lon": 103.96093715081224, "center_lat": 1.5947454457920565 }, "geometry": { "type": "Polygon", "coordinates": [ [ [ 103.956442693979241, 1.590224992897322 ], [ 103.956445000892714, 1.599268230004367 ], [ 103.965431630553397, 1.599265881975809 ], [ 103.965429284418349, 1.590222658152515 ], [ 103.956442693979241, 1.590224992897322 ] ] ] } },
{ "type": "Feature", "properties": { "grid_id": "JB1000_R0034_C0048", "grid_m": 1000, "row_id": 34, "col_id": 48, "x_min": 45000.0, "y_min": -50000.0, "x_max": 46000.0, "y_max": -49000.0, "center_x": 45500.0, "center_y": -49500.0, "full_area_m2": 1000000, "inside_area_m2": 1000000.0, "coverage_frac": 1.0, "is_edge": 0, "center_lon": 103.9699237608241, "center_lat": 1.5947430846676032 }, "geometry": { "type": "Polygon", "coordinates": [ [ [ 103.965429284418349, 1.590222658152515 ], [ 103.965431630553397, 1.599265881975809 ], [ 103.974418260193474, 1.599263494359715 ], [ 103.974415874837078, 1.590220284044134 ], [ 103.965429284418349, 1.590222658152515 ] ] ] } },
{ "type": "Feature", "properties": { "grid_id": "JB1000_R0034_C0049", "grid_m": 1000, "row_id": 34, "col_id": 49, "x_min": 46000.0, "y_min": -50000.0, "x_max": 47000.0, "y_max": -49000.0, "center_x": 46500.0, "center_y": -49500.0, "full_area_m2": 1000000, "inside_area_m2": 925109.34007506934, "coverage_frac": 0.92510934007506929, "is_edge": 1, "center_lon": 103.97891037081531, "center_lat": 1.594740684067625 }, "geometry": { "type": "Polygon", "coordinates": [ [ [ 103.983402465235116, 1.590217870572239 ], [ 103.974415874837078, 1.590220284044134 ], [ 103.974418260193474, 1.599263494359715 ], [ 103.979554542001424, 1.59926211194574 ], [ 103.983404040648196, 1.596099688675194 ], [ 103.983402465235116, 1.590217870572239 ] ] ] } },
{ "type": "Feature", "properties": { "grid_id": "JB1000_R0034_C0050", "grid_m": 1000, "row_id": 34, "col_id": 50, "x_min": 47000.0, "y_min": -50000.0, "x_max": 48000.0, "y_max": -49000.0, "center_x": 47500.0, "center_y": -49500.0, "full_area_m2": 1000000, "inside_area_m2": 259237.4929843233, "coverage_frac": 0.2592374929843233, "is_edge": 1, "center_lon": 103.98789698078551, "center_lat": 1.5947382439921811 }, "geometry": { "type": "Polygon", "coordinates": [ [ [ 103.983402465235116, 1.590217870572239 ], [ 103.983404040648196, 1.596099688675194 ], [ 103.990566095189195, 1.590215918485492 ], [ 103.983402465235116, 1.590217870572239 ] ] ] } },
{ "type": "Feature", "properties": { "grid_id": "JB1000_R0035_C0015", "grid_m": 1000, "row_id": 35, "col_id": 15, "x_min": 12000.0, "y_min": -49000.0, "x_max": 13000.0, "y_max": -48000.0, "center_x": 12500.0, "center_y": -48500.0, "full_area_m2": 1000000, "inside_area_m2": 540.99340792066937, "coverage_frac": 0.00054099340792066939, "is_edge": 1, "center_lon": 103.67336669595507, "center_lat": 1.6038436988972919 }, "geometry": { "type": "Polygon", "coordinates": [ [ [ 103.677859473073326, 1.599321383196184 ], [ 103.677514685694831, 1.599321425408659 ], [ 103.677859503929227, 1.599576421737823 ], [ 103.677859473073326, 1.599321383196184 ] ] ] } },
{ "type": "Feature", "properties": { "grid_id": "JB1000_R0035_C0016", "grid_m": 1000, "row_id": 35, "col_id": 16, "x_min": 13000.0, "y_min": -49000.0, "x_max": 14000.0, "y_max": -48000.0, "center_x": 13500.0, "center_y": -48500.0, "full_area_m2": 1000000, "inside_area_m2": 395478.48728614248, "coverage_frac": 0.39547848728614249, "is_edge": 1, "center_lon": 103.68235334578533, "center_lat": 1.6038425947862363 }, "geometry": { "type": "Polygon", "coordinates": [ [ [ 103.686846103201773, 1.599320262405092 ], [ 103.677859473073326, 1.599321383196184 ], [ 103.677859503929227, 1.599576421737823 ], [ 103.685043754339233, 1.604889210840751 ], [ 103.686846967348259, 1.60620065538356 ], [ 103.686846103201773, 1.599320262405092 ] ] ] } },
{ "type": "Feature", "properties": { "grid_id": "JB1000_R0035_C0017", "grid_m": 1000, "row_id": 35, "col_id": 17, "x_min": 14000.0, "y_min": -49000.0, "x_max": 15000.0, "y_max": -48000.0, "center_x": 14500.0, "center_y": -48500.0, "full_area_m2": 1000000, "inside_area_m2": 970217.76682340889, "coverage_frac": 0.97021776682340888, "is_edge": 1, "center_lon": 103.69133999560577, "center_lat": 1.6038414509743053 }, "geometry": { "type": "Polygon", "coordinates": [ [ [ 103.695833909364111, 1.608362626135188 ], [ 103.695832733320287, 1.599319102025125 ], [ 103.686846103201773, 1.599320262405092 ], [ 103.686846967348259, 1.60620065538356 ], [ 103.688631586750972, 1.607498573424223 ], [ 103.687981183372145, 1.608363648028996 ], [ 103.695833909364111, 1.608362626135188 ] ] ] } },
{ "type": "Feature", "properties": { "grid_id": "JB1000_R0035_C0018", "grid_m": 1000, "row_id": 35, "col_id": 18, "x_min": 15000.0, "y_min": -49000.0, "x_max": 16000.0, "y_max": -48000.0, "center_x": 15500.0, "center_y": -48500.0, "full_area_m2": 1000000, "inside_area_m2": 1000000.0, "coverage_frac": 1.0, "is_edge": 0, "center_lon": 103.70032664541607, "center_lat": 1.6038402674615266 }, "geometry": { "type": "Polygon", "coordinates": [ [ [ 103.695832733320287, 1.599319102025125 ], [ 103.695833909364111, 1.608362626135188 ], [ 103.704820578921726, 1.608361419377607 ], [ 103.704819363428527, 1.59931790205631 ], [ 103.695832733320287, 1.599319102025125 ] ] ] } },
{ "type": "Feature", "properties": { "grid_id": "JB1000_R0035_C0019", "grid_m": 1000, "row_id": 35, "col_id": 19, "x_min": 16000.0, "y_min": -49000.0, "x_max": 17000.0, "y_max": -48000.0, "center_x": 16500.0, "center_y": -48500.0, "full_area_m2": 1000000, "inside_area_m2": 1000000.0, "coverage_frac": 1.0, "is_edge": 0, "center_lon": 103.70931329521588, "center_lat": 1.60383904424793 }, "geometry": { "type": "Polygon", "coordinates": [ [ [ 103.704819363428527, 1.59931790205631 ], [ 103.704820578921726, 1.608361419377607 ], [ 103.713807248468612, 1.608360172807235 ], [ 103.713805993526165, 1.599316662498678 ], [ 103.704819363428527, 1.59931790205631 ] ] ] } },
{ "type": "Feature", "properties": { "grid_id": "JB1000_R0035_C0020", "grid_m": 1000, "row_id": 35, "col_id": 20, "x_min": 17000.0, "y_min": -49000.0, "x_max": 18000.0, "y_max": -48000.0, "center_x": 17500.0, "center_y": -48500.0, "full_area_m2": 1000000, "inside_area_m2": 1000000.0, "coverage_frac": 1.0, "is_edge": 0, "center_lon": 103.71829994500482, "center_lat": 1.6038377813335454 }, "geometry": { "type": "Polygon", "coordinates": [ [ [ 103.713805993526165, 1.599316662498678 ], [ 103.713807248468612, 1.608360172807235 ], [ 103.722793918004399, 1.608358886424105 ], [ 103.722792623612847, 1.599315383352259 ], [ 103.713805993526165, 1.599316662498678 ] ] ] } },
{ "type": "Feature", "properties": { "grid_id": "JB1000_R0035_C0021", "grid_m": 1000, "row_id": 35, "col_id": 21, "x_min": 18000.0, "y_min": -49000.0, "x_max": 19000.0, "y_max": -48000.0, "center_x": 18500.0, "center_y": -48500.0, "full_area_m2": 1000000, "inside_area_m2": 1000000.0, "coverage_frac": 1.0, "is_edge": 0, "center_lon": 103.72728659478258, "center_lat": 1.6038364787184041 }, "geometry": { "type": "Polygon", "coordinates": [ [ [ 103.722792623612847, 1.599315383352259 ], [ 103.722793918004399, 1.608358886424105 ], [ 103.731780587528775, 1.608357560228248 ], [ 103.731779253688245, 1.599314064617085 ], [ 103.722792623612847, 1.599315383352259 ] ] ] } },
{ "type": "Feature", "properties": { "grid_id": "JB1000_R0035_C0022", "grid_m": 1000, "row_id": 35, "col_id": 22, "x_min": 19000.0, "y_min": -49000.0, "x_max": 20000.0, "y_max": -48000.0, "center_x": 19500.0, "center_y": -48500.0, "full_area_m2": 1000000, "inside_area_m2": 1000000.0, "coverage_frac": 1.0, "is_edge": 0, "center_lon": 103.7362732445488, "center_lat": 1.6038351364025376 }, "geometry": { "type": "Polygon", "coordinates": [ [ [ 103.731779253688245, 1.599314064617085 ], [ 103.731780587528775, 1.608357560228248 ], [ 103.740767257041369, 1.608356194219696 ], [ 103.740765883751976, 1.599312706293187 ], [ 103.731779253688245, 1.599314064617085 ] ] ] } },
{ "type": "Feature", "properties": { "grid_id": "JB1000_R0035_C0023", "grid_m": 1000, "row_id": 35, "col_id": 23, "x_min": 20000.0, "y_min": -49000.0, "x_max": 21000.0, "y_max": -48000.0, "center_x": 20500.0, "center_y": -48500.0, "full_area_m2": 1000000, "inside_area_m2": 1000000.0, "coverage_frac": 1.0, "is_edge": 0, "center_lon": 103.74525989430315, "center_lat": 1.6038337543859797 }, "geometry": { "type": "Polygon", "coordinates": [ [ [ 103.740765883751976, 1.599312706293187 ], [ 103.740767257041369, 1.608356194219696 ], [ 103.749753926541828, 1.608354788398484 ], [ 103.749752513803713, 1.5993113083806 ], [ 103.740765883751976, 1.599312706293187 ] ] ] } },
{ "type": "Feature", "properties": { "grid_id": "JB1000_R0035_C0024", "grid_m": 1000, "row_id": 35, "col_id": 24, "x_min": 21000.0, "y_min": -49000.0, "x_max": 22000.0, "y_max": -48000.0, "center_x": 21500.0, "center_y": -48500.0, "full_area_m2": 1000000, "inside_area_m2": 1000000.0, "coverage_frac": 1.0, "is_edge": 0, "center_lon": 103.75424654404524, "center_lat": 1.603832332668764 }, "geometry": { "type": "Polygon", "coordinates": [ [ [ 103.749752513803713, 1.5993113083806 ], [ 103.749753926541828, 1.608354788398484 ], [ 103.75874059602981, 1.608353342764646 ], [ 103.758739143843144, 1.599309870879358 ], [ 103.749752513803713, 1.5993113083806 ] ] ] } },
{ "type": "Feature", "properties": { "grid_id": "JB1000_R0035_C0025", "grid_m": 1000, "row_id": 35, "col_id": 25, "x_min": 22000.0, "y_min": -49000.0, "x_max": 23000.0, "y_max": -48000.0, "center_x": 22500.0, "center_y": -48500.0, "full_area_m2": 1000000, "inside_area_m2": 1000000.0, "coverage_frac": 1.0, "is_edge": 0, "center_lon": 103.76323319377478, "center_lat": 1.6038308712509257 }, "geometry": { "type": "Polygon", "coordinates": [ [ [ 103.758739143843144, 1.599309870879358 ], [ 103.75874059602981, 1.608353342764646 ], [ 103.767727265504988, 1.608351857318218 ], [ 103.76772577386987, 1.599308393789497 ], [ 103.758739143843144, 1.599309870879358 ] ] ] } },
{ "type": "Feature", "properties": { "grid_id": "JB1000_R0035_C0026", "grid_m": 1000, "row_id": 35, "col_id": 26, "x_min": 23000.0, "y_min": -49000.0, "x_max": 24000.0, "y_max": -48000.0, "center_x": 23500.0, "center_y": -48500.0, "full_area_m2": 1000000, "inside_area_m2": 1000000.0, "coverage_frac": 1.0, "is_edge": 0, "center_lon": 103.77221984349137, "center_lat": 1.6038293701325008 }, "geometry": { "type": "Polygon", "coordinates": [ [ [ 103.76772577386987, 1.599308393789497 ], [ 103.767727265504988, 1.608351857318218 ], [ 103.776713934966992, 1.608350332059236 ], [ 103.776712403883579, 1.599306877111052 ], [ 103.76772577386987, 1.599308393789497 ] ] ] } },
{ "type": "Feature", "properties": { "grid_id": "JB1000_R0035_C0027", "grid_m": 1000, "row_id": 35, "col_id": 27, "x_min": 24000.0, "y_min": -49000.0, "x_max": 25000.0, "y_max": -48000.0, "center_x": 24500.0, "center_y": -48500.0, "full_area_m2": 1000000, "inside_area_m2": 1000000.0, "coverage_frac": 1.0, "is_edge": 0, "center_lon": 103.78120649319472, "center_lat": 1.6038278293135262 }, "geometry": { "type": "Polygon", "coordinates": [ [ [ 103.776712403883579, 1.599306877111052 ], [ 103.776713934966992, 1.608350332059236 ], [ 103.785700604415467, 1.608348766987738 ], [ 103.78569903388393, 1.599305320844062 ], [ 103.776712403883579, 1.599306877111052 ] ] ] } },
{ "type": "Feature", "properties": { "grid_id": "JB1000_R0035_C0028", "grid_m": 1000, "row_id": 35, "col_id": 28, "x_min": 25000.0, "y_min": -49000.0, "x_max": 26000.0, "y_max": -48000.0, "center_x": 25500.0, "center_y": -48500.0, "full_area_m2": 1000000, "inside_area_m2": 1000000.0, "coverage_frac": 1.0, "is_edge": 0, "center_lon": 103.79019314288445, "center_lat": 1.60382624879404 }, "geometry": { "type": "Polygon", "coordinates": [ [ [ 103.78569903388393, 1.599305320844062 ], [ 103.785700604415467, 1.608348766987738 ], [ 103.794687273850073, 1.608347162103762 ], [ 103.794685663870567, 1.599303724988564 ], [ 103.78569903388393, 1.599305320844062 ] ] ] } },
{ "type": "Feature", "properties": { "grid_id": "JB1000_R0035_C0029", "grid_m": 1000, "row_id": 35, "col_id": 29, "x_min": 26000.0, "y_min": -49000.0, "x_max": 27000.0, "y_max": -48000.0, "center_x": 26500.0, "center_y": -48500.0, "full_area_m2": 1000000, "inside_area_m2": 1000000.0, "coverage_frac": 1.0, "is_edge": 0, "center_lon": 103.7991797925602, "center_lat": 1.6038246285740811 }, "geometry": { "type": "Polygon", "coordinates": [ [ [ 103.794685663870567, 1.599303724988564 ], [ 103.794687273850073, 1.608347162103762 ], [ 103.803673943270468, 1.608345517407348 ], [ 103.80367229384315, 1.599302089544597 ], [ 103.794685663870567, 1.599303724988564 ] ] ] } },
{ "type": "Feature", "properties": { "grid_id": "JB1000_R0035_C0030", "grid_m": 1000, "row_id": 35, "col_id": 30, "x_min": 27000.0, "y_min": -49000.0, "x_max": 28000.0, "y_max": -48000.0, "center_x": 27500.0, "center_y": -48500.0, "full_area_m2": 1000000, "inside_area_m2": 1000000.0, "coverage_frac": 1.0, "is_edge": 0, "center_lon": 103.80816644222165, "center_lat": 1.6038229686536893 }, "geometry": { "type": "Polygon", "coordinates": [ [ [ 103.80367229384315, 1.599302089544597 ], [ 103.803673943270468, 1.608345517407348 ], [ 103.812660612676311, 1.608343832898536 ], [ 103.812658923801322, 1.599300414512203 ], [ 103.80367229384315, 1.599302089544597 ] ] ] } },
{ "type": "Feature", "properties": { "grid_id": "JB1000_R0035_C0031", "grid_m": 1000, "row_id": 35, "col_id": 31, "x_min": 28000.0, "y_min": -49000.0, "x_max": 29000.0, "y_max": -48000.0, "center_x": 28500.0, "center_y": -48500.0, "full_area_m2": 1000000, "inside_area_m2": 1000000.0, "coverage_frac": 1.0, "is_edge": 0, "center_lon": 103.81715309186845, "center_lat": 1.6038212690329057 }, "geometry": { "type": "Polygon", "coordinates": [ [ [ 103.812658923801322, 1.599300414512203 ], [ 103.812660612676311, 1.608343832898536 ], [ 103.821647282067232, 1.608342108577369 ], [ 103.821645553744759, 1.599298699891422 ], [ 103.812658923801322, 1.599300414512203 ] ] ] } },
{ "type": "Feature", "properties": { "grid_id": "JB1000_R0035_C0032", "grid_m": 1000, "row_id": 35, "col_id": 32, "x_min": 29000.0, "y_min": -49000.0, "x_max": 30000.0, "y_max": -48000.0, "center_x": 29500.0, "center_y": -48500.0, "full_area_m2": 1000000, "inside_area_m2": 1000000.0, "coverage_frac": 1.0, "is_edge": 0, "center_lon": 103.82613974150024, "center_lat": 1.6038195297117719 }, "geometry": { "type": "Polygon", "coordinates": [ [ [ 103.821645553744759, 1.599298699891422 ], [ 103.821647282067232, 1.608342108577369 ], [ 103.830633951442891, 1.608340344443887 ], [ 103.830632183673103, 1.599296945682297 ], [ 103.821645553744759, 1.599298699891422 ] ] ] } },
{ "type": "Feature", "properties": { "grid_id": "JB1000_R0035_C0033", "grid_m": 1000, "row_id": 35, "col_id": 33, "x_min": 30000.0, "y_min": -49000.0, "x_max": 31000.0, "y_max": -48000.0, "center_x": 30500.0, "center_y": -48500.0, "full_area_m2": 1000000, "inside_area_m2": 930560.81146042049, "coverage_frac": 0.93056081146042047, "is_edge": 1, "center_lon": 103.83512639111669, "center_lat": 1.6038177506903311 }, "geometry": { "type": "Polygon", "coordinates": [ [ [ 103.839618813586014, 1.599295151884871 ], [ 103.830632183673103, 1.599296945682297 ], [ 103.830633951442891, 1.608340344443887 ], [ 103.836209460034155, 1.608339229927901 ], [ 103.837645089546612, 1.606885738014872 ], [ 103.838902484820593, 1.60578605473811 ], [ 103.839395404996182, 1.605306734691336 ], [ 103.839619971975154, 1.605097649610919 ], [ 103.839618813586014, 1.599295151884871 ] ] ] } },
{ "type": "Feature", "properties": { "grid_id": "JB1000_R0035_C0034", "grid_m": 1000, "row_id": 35, "col_id": 34, "x_min": 31000.0, "y_min": -49000.0, "x_max": 32000.0, "y_max": -48000.0, "center_x": 31500.0, "center_y": -48500.0, "full_area_m2": 1000000, "inside_area_m2": 235777.34646624938, "coverage_frac": 0.23577734646624937, "is_edge": 1, "center_lon": 103.84411304071743, "center_lat": 1.6038159319686267 }, "geometry": { "type": "MultiPolygon", "coordinates": [ [ [ [ 103.848605443483137, 1.599293318499188 ], [ 103.847426679013893, 1.599293561237792 ], [ 103.848056623180682, 1.600016438950131 ], [ 103.848605713438332, 1.600618520708382 ], [ 103.848605443483137, 1.599293318499188 ] ] ], [ [ [ 103.839618813586014, 1.599295151884871 ], [ 103.839619971975154, 1.605097649610919 ], [ 103.839926517520439, 1.604812237576194 ], [ 103.840325712615623, 1.604440668053362 ], [ 103.840718743023245, 1.604075056680342 ], [ 103.842151550323976, 1.602764672953304 ], [ 103.843556598256001, 1.601478890468374 ], [ 103.844133662117684, 1.600962872115777 ], [ 103.844617629377396, 1.600530181460675 ], [ 103.845935753075906, 1.599354554944146 ], [ 103.846010859874013, 1.599293851891823 ], [ 103.839618813586014, 1.599295151884871 ] ] ] ] } },
{ "type": "Feature", "properties": { "grid_id": "JB1000_R0035_C0035", "grid_m": 1000, "row_id": 35, "col_id": 35, "x_min": 32000.0, "y_min": -49000.0, "x_max": 33000.0, "y_max": -48000.0, "center_x": 32500.0, "center_y": -48500.0, "full_area_m2": 1000000, "inside_area_m2": 189600.41562149476, "coverage_frac": 0.18960041562149477, "is_edge": 1, "center_lon": 103.85309969030214, "center_lat": 1.6038140735467039 }, "geometry": { "type": "Polygon", "coordinates": [ [ [ 103.848605443483137, 1.599293318499188 ], [ 103.848605713438332, 1.600618520708382 ], [ 103.849265953673196, 1.601342478439679 ], [ 103.850942112605651, 1.603182059649336 ], [ 103.855416848515944, 1.599398829781153 ], [ 103.855858100468453, 1.599910150404958 ], [ 103.856559124158409, 1.599291662823997 ], [ 103.848605443483137, 1.599293318499188 ] ] ] } },
{ "type": "Feature", "properties": { "grid_id": "JB1000_R0035_C0036", "grid_m": 1000, "row_id": 35, "col_id": 36, "x_min": 33000.0, "y_min": -49000.0, "x_max": 34000.0, "y_max": -48000.0, "center_x": 33500.0, "center_y": -48500.0, "full_area_m2": 1000000, "inside_area_m2": 64412.981425265767, "coverage_frac": 0.064412981425265761, "is_edge": 1, "center_lon": 103.86208633987047, "center_lat": 1.6038121754246084 }, "geometry": { "type": "Polygon", "coordinates": [ [ [ 103.858972890732062, 1.599291154229604 ], [ 103.859318693906161, 1.599584277665433 ], [ 103.862447520239371, 1.601202488758163 ], [ 103.864261424188769, 1.599290029921588 ], [ 103.858972890732062, 1.599291154229604 ] ] ] } },
{ "type": "Feature", "properties": { "grid_id": "JB1000_R0035_C0037", "grid_m": 1000, "row_id": 35, "col_id": 37, "x_min": 34000.0, "y_min": -49000.0, "x_max": 35000.0, "y_max": -48000.0, "center_x": 34500.0, "center_y": -48500.0, "full_area_m2": 1000000, "inside_area_m2": 350552.6310548734, "coverage_frac": 0.35055263105487339, "is_edge": 1, "center_lon": 103.87107298942206, "center_lat": 1.6038102376023871 }, "geometry": { "type": "Polygon", "coordinates": [ [ [ 103.875565333076437, 1.599287580813053 ], [ 103.868377500176038, 1.59928914538265 ], [ 103.868797330824407, 1.599757810184469 ], [ 103.875295188340985, 1.606929354638021 ], [ 103.875566944257088, 1.606706323683843 ], [ 103.875565333076437, 1.599287580813053 ] ] ] } },
{ "type": "Feature", "properties": { "grid_id": "JB1000_R0035_C0038", "grid_m": 1000, "row_id": 35, "col_id": 38, "x_min": 35000.0, "y_min": -49000.0, "x_max": 36000.0, "y_max": -48000.0, "center_x": 35500.0, "center_y": -48500.0, "full_area_m2": 1000000, "inside_area_m2": 466424.17148426233, "coverage_frac": 0.46642417148426235, "is_edge": 1, "center_lon": 103.88005963895657, "center_lat": 1.6038082600800874 }, "geometry": { "type": "Polygon", "coordinates": [ [ [ 103.884551962907011, 1.599285589074803 ], [ 103.875565333076437, 1.599287580813053 ], [ 103.875566944257088, 1.606706323683843 ], [ 103.875928962469345, 1.606409214075004 ], [ 103.881864096857782, 1.600918692502788 ], [ 103.884553131573412, 1.604564381985525 ], [ 103.884551962907011, 1.599285589074803 ] ] ] } },
{ "type": "Feature", "properties": { "grid_id": "JB1000_R0035_C0039", "grid_m": 1000, "row_id": 35, "col_id": 39, "x_min": 36000.0, "y_min": -49000.0, "x_max": 37000.0, "y_max": -48000.0, "center_x": 36500.0, "center_y": -48500.0, "full_area_m2": 1000000, "inside_area_m2": 935778.45378609456, "coverage_frac": 0.93577845378609459, "is_edge": 1, "center_lon": 103.88904628847365, "center_lat": 1.6038062428577582 }, "geometry": { "type": "Polygon", "coordinates": [ [ [ 103.893540636615967, 1.608326880768515 ], [ 103.893538592720091, 1.599283557748532 ], [ 103.884551962907011, 1.599285589074803 ], [ 103.884553131573412, 1.604564381985525 ], [ 103.884565972869751, 1.604581791667166 ], [ 103.886250559872749, 1.606869517455096 ], [ 103.887330024030021, 1.608328296792979 ], [ 103.893540636615967, 1.608326880768515 ] ] ] } },
{ "type": "Feature", "properties": { "grid_id": "JB1000_R0035_C0040", "grid_m": 1000, "row_id": 35, "col_id": 40, "x_min": 37000.0, "y_min": -49000.0, "x_max": 38000.0, "y_max": -48000.0, "center_x": 37500.0, "center_y": -48500.0, "full_area_m2": 1000000, "inside_area_m2": 1000000.0, "coverage_frac": 1.0, "is_edge": 0, "center_lon": 103.89803293797297, "center_lat": 1.6038041859354493 }, "geometry": { "type": "Polygon", "coordinates": [ [ [ 103.893538592720091, 1.599283557748532 ], [ 103.893540636615967, 1.608326880768515 ], [ 103.902527305857021, 1.608324798138173 ], [ 103.902525222515322, 1.59928148683429 ], [ 103.893538592720091, 1.599283557748532 ] ] ] } },
{ "type": "Feature", "properties": { "grid_id": "JB1000_R0035_C0041", "grid_m": 1000, "row_id": 35, "col_id": 41, "x_min": 38000.0, "y_min": -49000.0, "x_max": 39000.0, "y_max": -48000.0, "center_x": 38500.0, "center_y": -48500.0, "full_area_m2": 1000000, "inside_area_m2": 1000000.0, "coverage_frac": 1.0, "is_edge": 0, "center_lon": 103.90701958745417, "center_lat": 1.6038020893132112 }, "geometry": { "type": "Polygon", "coordinates": [ [ [ 103.902525222515322, 1.59928148683429 ], [ 103.902527305857021, 1.608324798138173 ], [ 103.911513975079657, 1.608322675695943 ], [ 103.911511852292364, 1.599279376332128 ], [ 103.902525222515322, 1.59928148683429 ] ] ] } },
{ "type": "Feature", "properties": { "grid_id": "JB1000_R0035_C0042", "grid_m": 1000, "row_id": 35, "col_id": 42, "x_min": 39000.0, "y_min": -49000.0, "x_max": 40000.0, "y_max": -48000.0, "center_x": 39500.0, "center_y": -48500.0, "full_area_m2": 1000000, "inside_area_m2": 1000000.0, "coverage_frac": 1.0, "is_edge": 0, "center_lon": 103.91600623691689, "center_lat": 1.6037999529910956 }, "geometry": { "type": "Polygon", "coordinates": [ [ [ 103.911511852292364, 1.599279376332128 ], [ 103.911513975079657, 1.608322675695943 ], [ 103.92050064428355, 1.608320513441879 ], [ 103.920498482050874, 1.599277226242097 ], [ 103.911511852292364, 1.599279376332128 ] ] ] } },
{ "type": "Feature", "properties": { "grid_id": "JB1000_R0035_C0043", "grid_m": 1000, "row_id": 35, "col_id": 43, "x_min": 40000.0, "y_min": -49000.0, "x_max": 41000.0, "y_max": -48000.0, "center_x": 40500.0, "center_y": -48500.0, "full_area_m2": 1000000, "inside_area_m2": 1000000.0, "coverage_frac": 1.0, "is_edge": 0, "center_lon": 103.92499288636081, "center_lat": 1.6037977769691552 }, "geometry": { "type": "Polygon", "coordinates": [ [ [ 103.920498482050874, 1.599277226242097 ], [ 103.92050064428355, 1.608320513441879 ], [ 103.929487313468357, 1.608318311376034 ], [ 103.929485111790513, 1.599275036564251 ], [ 103.920498482050874, 1.599277226242097 ] ] ] } },
{ "type": "Feature", "properties": { "grid_id": "JB1000_R0035_C0044", "grid_m": 1000, "row_id": 35, "col_id": 44, "x_min": 41000.0, "y_min": -49000.0, "x_max": 42000.0, "y_max": -48000.0, "center_x": 41500.0, "center_y": -48500.0, "full_area_m2": 1000000, "inside_area_m2": 1000000.0, "coverage_frac": 1.0, "is_edge": 0, "center_lon": 103.93397953578557, "center_lat": 1.6037955612474435 }, "geometry": { "type": "Polygon", "coordinates": [ [ [ 103.929485111790513, 1.599275036564251 ], [ 103.929487313468357, 1.608318311376034 ], [ 103.938473982633738, 1.608316069498461 ], [ 103.938471741510924, 1.599272807298644 ], [ 103.929485111790513, 1.599275036564251 ] ] ] } },
{ "type": "Feature", "properties": { "grid_id": "JB1000_R0035_C0045", "grid_m": 1000, "row_id": 35, "col_id": 45, "x_min": 42000.0, "y_min": -49000.0, "x_max": 43000.0, "y_max": -48000.0, "center_x": 42500.0, "center_y": -48500.0, "full_area_m2": 1000000, "inside_area_m2": 1000000.0, "coverage_frac": 1.0, "is_edge": 0, "center_lon": 103.94296618519083, "center_lat": 1.6037933058260156 }, "geometry": { "type": "Polygon", "coordinates": [ [ [ 103.938471741510924, 1.599272807298644 ], [ 103.938473982633738, 1.608316069498461 ], [ 103.947460651779323, 1.608313787809216 ], [ 103.947458371211781, 1.599270538445331 ], [ 103.938471741510924, 1.599272807298644 ] ] ] } },
{ "type": "Feature", "properties": { "grid_id": "JB1000_R0035_C0046", "grid_m": 1000, "row_id": 35, "col_id": 46, "x_min": 43000.0, "y_min": -49000.0, "x_max": 44000.0, "y_max": -48000.0, "center_x": 43500.0, "center_y": -48500.0, "full_area_m2": 1000000, "inside_area_m2": 1000000.0, "coverage_frac": 1.0, "is_edge": 0, "center_lon": 103.95195283457625, "center_lat": 1.6037910107049265 }, "geometry": { "type": "Polygon", "coordinates": [ [ [ 103.947458371211781, 1.599270538445331 ], [ 103.947460651779323, 1.608313787809216 ], [ 103.956447320904772, 1.608311466308356 ], [ 103.956445000892714, 1.599268230004367 ], [ 103.947458371211781, 1.599270538445331 ] ] ] } },
{ "type": "Feature", "properties": { "grid_id": "JB1000_R0035_C0047", "grid_m": 1000, "row_id": 35, "col_id": 47, "x_min": 44000.0, "y_min": -49000.0, "x_max": 45000.0, "y_max": -48000.0, "center_x": 44500.0, "center_y": -48500.0, "full_area_m2": 1000000, "inside_area_m2": 1000000.0, "coverage_frac": 1.0, "is_edge": 0, "center_lon": 103.96093948394146, "center_lat": 1.6037886758842328 }, "geometry": { "type": "Polygon", "coordinates": [ [ [ 103.956445000892714, 1.599268230004367 ], [ 103.956447320904772, 1.608311466308356 ], [ 103.965433990009714, 1.608309104995937 ], [ 103.965431630553397, 1.599265881975809 ], [ 103.956445000892714, 1.599268230004367 ] ] ] } },
{ "type": "Feature", "properties": { "grid_id": "JB1000_R0035_C0048", "grid_m": 1000, "row_id": 35, "col_id": 48, "x_min": 45000.0, "y_min": -49000.0, "x_max": 46000.0, "y_max": -48000.0, "center_x": 45500.0, "center_y": -48500.0, "full_area_m2": 1000000, "inside_area_m2": 1000000.0, "coverage_frac": 1.0, "is_edge": 0, "center_lon": 103.96992613328612, "center_lat": 1.6037863013639921 }, "geometry": { "type": "Polygon", "coordinates": [ [ [ 103.965431630553397, 1.599265881975809 ], [ 103.965433990009714, 1.608309104995937 ], [ 103.974420659093852, 1.608306703872018 ], [ 103.974418260193474, 1.599263494359715 ], [ 103.965431630553397, 1.599265881975809 ] ] ] } },
{ "type": "Feature", "properties": { "grid_id": "JB1000_R0035_C0049", "grid_m": 1000, "row_id": 35, "col_id": 49, "x_min": 46000.0, "y_min": -49000.0, "x_max": 47000.0, "y_max": -48000.0, "center_x": 46500.0, "center_y": -48500.0, "full_area_m2": 1000000, "inside_area_m2": 315986.74572538381, "coverage_frac": 0.31598674572538382, "is_edge": 1, "center_lon": 103.97891278260991, "center_lat": 1.6037838871442631 }, "geometry": { "type": "Polygon", "coordinates": [ [ [ 103.974418260193474, 1.599263494359715 ], [ 103.974420659093852, 1.608306703872018 ], [ 103.975268918494905, 1.6083064751716 ], [ 103.979054834646192, 1.599672628497924 ], [ 103.979554542001424, 1.59926211194574 ], [ 103.974418260193474, 1.599263494359715 ] ] ] } },
{ "type": "Feature", "properties": { "grid_id": "JB1000_R0036_C0016", "grid_m": 1000, "row_id": 36, "col_id": 16, "x_min": 13000.0, "y_min": -48000.0, "x_max": 14000.0, "y_max": -47000.0, "center_x": 13500.0, "center_y": -47500.0, "full_area_m2": 1000000, "inside_area_m2": 181103.15188881656, "coverage_frac": 0.18110315188881657, "is_edge": 1, "center_lon": 103.68235446580783, "center_lat": 1.6128861282575266 }, "geometry": { "type": "Polygon", "coordinates": [ [ [ 103.686848382807739, 1.617407322949699 ], [ 103.686847429922622, 1.609871604693009 ], [ 103.683086328125498, 1.614874067348759 ], [ 103.68641831606017, 1.617407378105173 ], [ 103.686848382807739, 1.617407322949699 ] ] ] } },
{ "type": "Feature", "properties": { "grid_id": "JB1000_R0036_C0017", "grid_m": 1000, "row_id": 36, "col_id": 17, "x_min": 14000.0, "y_min": -48000.0, "x_max": 15000.0, "y_max": -47000.0, "center_x": 14500.0, "center_y": -47500.0, "full_area_m2": 1000000, "inside_area_m2": 761769.41708429845, "coverage_frac": 0.76176941708429846, "is_edge": 1, "center_lon": 103.69134115518918, "center_lat": 1.612884977992759 }, "geometry": { "type": "Polygon", "coordinates": [ [ [ 103.695833909364111, 1.608362626135188 ], [ 103.687981183372145, 1.608363648028996 ], [ 103.686847429922622, 1.609871604693009 ], [ 103.686848382807739, 1.617407322949699 ], [ 103.690449767170207, 1.617406857478253 ], [ 103.69293958097154, 1.614256569329524 ], [ 103.695834185787021, 1.610480878110903 ], [ 103.695833909364111, 1.608362626135188 ] ] ] } },
{ "type": "Feature", "properties": { "grid_id": "JB1000_R0036_C0018", "grid_m": 1000, "row_id": 36, "col_id": 18, "x_min": 15000.0, "y_min": -48000.0, "x_max": 16000.0, "y_max": -47000.0, "center_x": 15500.0, "center_y": -47500.0, "full_area_m2": 1000000, "inside_area_m2": 663785.13287605718, "coverage_frac": 0.66378513287605723, "is_edge": 1, "center_lon": 103.70032784456026, "center_lat": 1.612883787803171 }, "geometry": { "type": "Polygon", "coordinates": [ [ [ 103.704821801277646, 1.617404935893678 ], [ 103.704820578921726, 1.608361419377607 ], [ 103.695833909364111, 1.608362626135188 ], [ 103.695834185787021, 1.610480878110903 ], [ 103.697387660690154, 1.608454536109246 ], [ 103.699913081328418, 1.610499636026901 ], [ 103.701290359357003, 1.612136795864303 ], [ 103.69919686994082, 1.61495355649251 ], [ 103.698259307871808, 1.61446331292492 ], [ 103.696497523743332, 1.616768982885159 ], [ 103.697459134745117, 1.617301641669766 ], [ 103.697381341408132, 1.617405943489529 ], [ 103.704821801277646, 1.617404935893678 ] ] ] } },
{ "type": "Feature", "properties": { "grid_id": "JB1000_R0036_C0019", "grid_m": 1000, "row_id": 36, "col_id": 19, "x_min": 16000.0, "y_min": -48000.0, "x_max": 17000.0, "y_max": -47000.0, "center_x": 16500.0, "center_y": -47500.0, "full_area_m2": 1000000, "inside_area_m2": 1000000.0, "coverage_frac": 1.0, "is_edge": 0, "center_lon": 103.70931453392072, "center_lat": 1.6128825576887917 }, "geometry": { "type": "Polygon", "coordinates": [ [ [ 103.704820578921726, 1.608361419377607 ], [ 103.704821801277646, 1.617404935893678 ], [ 103.713808510496492, 1.617403682310508 ], [ 103.713807248468612, 1.608360172807235 ], [ 103.704820578921726, 1.608361419377607 ] ] ] } },
{ "type": "Feature", "properties": { "grid_id": "JB1000_R0036_C0020", "grid_m": 1000, "row_id": 36, "col_id": 20, "x_min": 17000.0, "y_min": -48000.0, "x_max": 18000.0, "y_max": -47000.0, "center_x": 17500.0, "center_y": -47500.0, "full_area_m2": 1000000, "inside_area_m2": 1000000.0, "coverage_frac": 1.0, "is_edge": 0, "center_lon": 103.71830122327022, "center_lat": 1.6128812876496521 }, "geometry": { "type": "Polygon", "coordinates": [ [ [ 103.713807248468612, 1.608360172807235 ], [ 103.713808510496492, 1.617403682310508 ], [ 103.722795219704139, 1.617402388690606 ], [ 103.722793918004399, 1.608358886424105 ], [ 103.713807248468612, 1.608360172807235 ] ] ] } },
{ "type": "Feature", "properties": { "grid_id": "JB1000_R0036_C0021", "grid_m": 1000, "row_id": 36, "col_id": 21, "x_min": 18000.0, "y_min": -48000.0, "x_max": 19000.0, "y_max": -47000.0, "center_x": 18500.0, "center_y": -47500.0, "full_area_m2": 1000000, "inside_area_m2": 1000000.0, "coverage_frac": 1.0, "is_edge": 0, "center_lon": 103.72728791260838, "center_lat": 1.6128799776857827 }, "geometry": { "type": "Polygon", "coordinates": [ [ [ 103.722793918004399, 1.608358886424105 ], [ 103.722795219704139, 1.617402388690606 ], [ 103.731781928900219, 1.617401055034004 ], [ 103.731780587528775, 1.608357560228248 ], [ 103.722793918004399, 1.608358886424105 ] ] ] } },
{ "type": "Feature", "properties": { "grid_id": "JB1000_R0036_C0022", "grid_m": 1000, "row_id": 36, "col_id": 22, "x_min": 19000.0, "y_min": -48000.0, "x_max": 20000.0, "y_max": -47000.0, "center_x": 19500.0, "center_y": -47500.0, "full_area_m2": 1000000, "inside_area_m2": 1000000.0, "coverage_frac": 1.0, "is_edge": 0, "center_lon": 103.73627460193489, "center_lat": 1.6128786277972162 }, "geometry": { "type": "Polygon", "coordinates": [ [ [ 103.731780587528775, 1.608357560228248 ], [ 103.731781928900219, 1.617401055034004 ], [ 103.74076863808439, 1.617399681340734 ], [ 103.740767257041369, 1.608356194219696 ], [ 103.731780587528775, 1.608357560228248 ] ] ] } },
{ "type": "Feature", "properties": { "grid_id": "JB1000_R0036_C0023", "grid_m": 1000, "row_id": 36, "col_id": 23, "x_min": 20000.0, "y_min": -48000.0, "x_max": 21000.0, "y_max": -47000.0, "center_x": 20500.0, "center_y": -47500.0, "full_area_m2": 1000000, "inside_area_m2": 1000000.0, "coverage_frac": 1.0, "is_edge": 0, "center_lon": 103.74526129124938, "center_lat": 1.612877237983986 }, "geometry": { "type": "Polygon", "coordinates": [ [ [ 103.740767257041369, 1.608356194219696 ], [ 103.74076863808439, 1.617399681340734 ], [ 103.749755347256297, 1.61739826761083 ], [ 103.749753926541828, 1.608354788398484 ], [ 103.740767257041369, 1.608356194219696 ] ] ] } },
{ "type": "Feature", "properties": { "grid_id": "JB1000_R0036_C0024", "grid_m": 1000, "row_id": 36, "col_id": 24, "x_min": 21000.0, "y_min": -48000.0, "x_max": 22000.0, "y_max": -47000.0, "center_x": 21500.0, "center_y": -47500.0, "full_area_m2": 1000000, "inside_area_m2": 1000000.0, "coverage_frac": 1.0, "is_edge": 0, "center_lon": 103.7542479805515, "center_lat": 1.6128758082461259 }, "geometry": { "type": "Polygon", "coordinates": [ [ [ 103.749753926541828, 1.608354788398484 ], [ 103.749755347256297, 1.61739826761083 ], [ 103.758742056415599, 1.617396813844327 ], [ 103.75874059602981, 1.608353342764646 ], [ 103.749753926541828, 1.608354788398484 ] ] ] } },
{ "type": "Feature", "properties": { "grid_id": "JB1000_R0036_C0025", "grid_m": 1000, "row_id": 36, "col_id": 25, "x_min": 22000.0, "y_min": -48000.0, "x_max": 23000.0, "y_max": -47000.0, "center_x": 22500.0, "center_y": -47500.0, "full_area_m2": 1000000, "inside_area_m2": 1000000.0, "coverage_frac": 1.0, "is_edge": 0, "center_lon": 103.7632346698409, "center_lat": 1.6128743385836715 }, "geometry": { "type": "Polygon", "coordinates": [ [ [ 103.75874059602981, 1.608353342764646 ], [ 103.758742056415599, 1.617396813844327 ], [ 103.767728765561927, 1.617395320041262 ], [ 103.767727265504988, 1.608351857318218 ], [ 103.75874059602981, 1.608353342764646 ] ] ] } },
{ "type": "Feature", "properties": { "grid_id": "JB1000_R0036_C0026", "grid_m": 1000, "row_id": 36, "col_id": 26, "x_min": 23000.0, "y_min": -48000.0, "x_max": 24000.0, "y_max": -47000.0, "center_x": 23500.0, "center_y": -47500.0, "full_area_m2": 1000000, "inside_area_m2": 1000000.0, "coverage_frac": 1.0, "is_edge": 0, "center_lon": 103.77222135911722, "center_lat": 1.612872828996659 }, "geometry": { "type": "Polygon", "coordinates": [ [ [ 103.767727265504988, 1.608351857318218 ], [ 103.767728765561927, 1.617395320041262 ], [ 103.776715474694939, 1.61739378620167 ], [ 103.776713934966992, 1.608350332059236 ], [ 103.767727265504988, 1.608351857318218 ] ] ] } },
{ "type": "Feature", "properties": { "grid_id": "JB1000_R0036_C0027", "grid_m": 1000, "row_id": 36, "col_id": 27, "x_min": 24000.0, "y_min": -48000.0, "x_max": 25000.0, "y_max": -47000.0, "center_x": 24500.0, "center_y": -47500.0, "full_area_m2": 1000000, "inside_area_m2": 1000000.0, "coverage_frac": 1.0, "is_edge": 0, "center_lon": 103.78120804838014, "center_lat": 1.6128712794851252 }, "geometry": { "type": "Polygon", "coordinates": [ [ [ 103.776713934966992, 1.608350332059236 ], [ 103.776715474694939, 1.61739378620167 ], [ 103.78570218381428, 1.61739221232559 ], [ 103.785700604415467, 1.608348766987738 ], [ 103.776713934966992, 1.608350332059236 ] ] ] } },
{ "type": "Feature", "properties": { "grid_id": "JB1000_R0036_C0028", "grid_m": 1000, "row_id": 36, "col_id": 28, "x_min": 25000.0, "y_min": -48000.0, "x_max": 26000.0, "y_max": -47000.0, "center_x": 25500.0, "center_y": -47500.0, "full_area_m2": 1000000, "inside_area_m2": 1000000.0, "coverage_frac": 1.0, "is_edge": 0, "center_lon": 103.79019473762928, "center_lat": 1.6128696900491089 }, "geometry": { "type": "Polygon", "coordinates": [ [ [ 103.785700604415467, 1.608348766987738 ], [ 103.78570218381428, 1.61739221232559 ], [ 103.794688892919595, 1.61739059841306 ], [ 103.794687273850073, 1.608347162103762 ], [ 103.785700604415467, 1.608348766987738 ] ] ] } },
{ "type": "Feature", "properties": { "grid_id": "JB1000_R0036_C0029", "grid_m": 1000, "row_id": 36, "col_id": 29, "x_min": 26000.0, "y_min": -48000.0, "x_max": 27000.0, "y_max": -47000.0, "center_x": 26500.0, "center_y": -47500.0, "full_area_m2": 1000000, "inside_area_m2": 1000000.0, "coverage_frac": 1.0, "is_edge": 0, "center_lon": 103.79918142686429, "center_lat": 1.6128680606886485 }, "geometry": { "type": "Polygon", "coordinates": [ [ [ 103.794687273850073, 1.608347162103762 ], [ 103.794688892919595, 1.61739059841306 ], [ 103.803675602010529, 1.617388944464121 ], [ 103.803673943270468, 1.608345517407348 ], [ 103.794687273850073, 1.608347162103762 ] ] ] } },
{ "type": "Feature", "properties": { "grid_id": "JB1000_R0036_C0030", "grid_m": 1000, "row_id": 36, "col_id": 30, "x_min": 27000.0, "y_min": -48000.0, "x_max": 28000.0, "y_max": -47000.0, "center_x": 27500.0, "center_y": -47500.0, "full_area_m2": 1000000, "inside_area_m2": 1000000.0, "coverage_frac": 1.0, "is_edge": 0, "center_lon": 103.80816811608484, "center_lat": 1.6128663914037846 }, "geometry": { "type": "Polygon", "coordinates": [ [ [ 103.803673943270468, 1.608345517407348 ], [ 103.803675602010529, 1.617388944464121 ], [ 103.81266231108674, 1.617387250478812 ], [ 103.812660612676311, 1.608343832898536 ], [ 103.803673943270468, 1.608345517407348 ] ] ] } },
{ "type": "Feature", "properties": { "grid_id": "JB1000_R0036_C0031", "grid_m": 1000, "row_id": 36, "col_id": 31, "x_min": 28000.0, "y_min": -48000.0, "x_max": 29000.0, "y_max": -47000.0, "center_x": 28500.0, "center_y": -47500.0, "full_area_m2": 1000000, "inside_area_m2": 1000000.0, "coverage_frac": 1.0, "is_edge": 0, "center_lon": 103.81715480529057, "center_lat": 1.6128646821945587 }, "geometry": { "type": "Polygon", "coordinates": [ [ [ 103.812660612676311, 1.608343832898536 ], [ 103.81266231108674, 1.617387250478812 ], [ 103.821649020147873, 1.617385516457176 ], [ 103.821647282067232, 1.608342108577369 ], [ 103.812660612676311, 1.608343832898536 ] ] ] } },
{ "type": "Feature", "properties": { "grid_id": "JB1000_R0036_C0032", "grid_m": 1000, "row_id": 36, "col_id": 32, "x_min": 29000.0, "y_min": -48000.0, "x_max": 30000.0, "y_max": -47000.0, "center_x": 29500.0, "center_y": -47500.0, "full_area_m2": 1000000, "inside_area_m2": 906295.36366351775, "coverage_frac": 0.90629536366351771, "is_edge": 1, "center_lon": 103.82614149448113, "center_lat": 1.6128629330610122 }, "geometry": { "type": "Polygon", "coordinates": [ [ [ 103.830633951442891, 1.608340344443887 ], [ 103.821647282067232, 1.608342108577369 ], [ 103.821649020147873, 1.617385516457176 ], [ 103.82656869042232, 1.617384550229102 ], [ 103.82760562236858, 1.616445198047051 ], [ 103.828679322567581, 1.615447371297939 ], [ 103.829757945672995, 1.614439639733198 ], [ 103.830493758787213, 1.613734460305296 ], [ 103.830634984003808, 1.613599148431556 ], [ 103.830633951442891, 1.608340344443887 ] ] ] } },
{ "type": "Feature", "properties": { "grid_id": "JB1000_R0036_C0033", "grid_m": 1000, "row_id": 36, "col_id": 33, "x_min": 30000.0, "y_min": -48000.0, "x_max": 31000.0, "y_max": -47000.0, "center_x": 30500.0, "center_y": -47500.0, "full_area_m2": 1000000, "inside_area_m2": 178337.21381694998, "coverage_frac": 0.17833721381694997, "is_edge": 1, "center_lon": 103.83512818365615, "center_lat": 1.6128611440031888 }, "geometry": { "type": "Polygon", "coordinates": [ [ [ 103.830633951442891, 1.608340344443887 ], [ 103.830634984003808, 1.613599148431556 ], [ 103.831436100643657, 1.612831575525315 ], [ 103.832520255050554, 1.611789135028162 ], [ 103.833604105401051, 1.610721597373101 ], [ 103.834895401594963, 1.609547987385755 ], [ 103.835327273045706, 1.609155662831221 ], [ 103.836065574482845, 1.608484905606007 ], [ 103.836209460034155, 1.608339229927901 ], [ 103.830633951442891, 1.608340344443887 ] ] ] } },
{ "type": "Feature", "properties": { "grid_id": "JB1000_R0036_C0039", "grid_m": 1000, "row_id": 36, "col_id": 39, "x_min": 36000.0, "y_min": -48000.0, "x_max": 37000.0, "y_max": -47000.0, "center_x": 36500.0, "center_y": -47500.0, "full_area_m2": 1000000, "inside_area_m2": 318298.00900163362, "coverage_frac": 0.31829800900163363, "is_edge": 1, "center_lon": 103.88904831836081, "center_lat": 1.6128495712489639 }, "geometry": { "type": "Polygon", "coordinates": [ [ [ 103.893540636615967, 1.608326880768515 ], [ 103.887330024030021, 1.608328296792979 ], [ 103.889476381513205, 1.611228856913521 ], [ 103.89299207345195, 1.615889356239098 ], [ 103.893542525687891, 1.616640134181132 ], [ 103.893540636615967, 1.608326880768515 ] ] ] } },
{ "type": "Feature", "properties": { "grid_id": "JB1000_R0036_C0040", "grid_m": 1000, "row_id": 36, "col_id": 40, "x_min": 37000.0, "y_min": -48000.0, "x_max": 38000.0, "y_max": -47000.0, "center_x": 37500.0, "center_y": -47500.0, "full_area_m2": 1000000, "inside_area_m2": 997596.91543241462, "coverage_frac": 0.99759691543241458, "is_edge": 1, "center_lon": 103.89803500741739, "center_lat": 1.6128475027224896 }, "geometry": { "type": "Polygon", "coordinates": [ [ [ 103.902529400961328, 1.617368108635096 ], [ 103.902527305857021, 1.608324798138173 ], [ 103.893540636615967, 1.608326880768515 ], [ 103.893542525687891, 1.616640134181132 ], [ 103.894077704544401, 1.617370079418126 ], [ 103.902529400961328, 1.617368108635096 ] ] ] } },
{ "type": "Feature", "properties": { "grid_id": "JB1000_R0036_C0041", "grid_m": 1000, "row_id": 36, "col_id": 41, "x_min": 38000.0, "y_min": -48000.0, "x_max": 39000.0, "y_max": -47000.0, "center_x": 38500.0, "center_y": -47500.0, "full_area_m2": 1000000, "inside_area_m2": 1000000.0, "coverage_frac": 1.0, "is_edge": 0, "center_lon": 103.90702169645564, "center_lat": 1.6128453942721181 }, "geometry": { "type": "Polygon", "coordinates": [ [ [ 103.902527305857021, 1.608324798138173 ], [ 103.902529400961328, 1.617368108635096 ], [ 103.911516109852272, 1.617365974252699 ], [ 103.911513975079657, 1.608322675695943 ], [ 103.902527305857021, 1.608324798138173 ] ] ] } },
{ "type": "Feature", "properties": { "grid_id": "JB1000_R0036_C0042", "grid_m": 1000, "row_id": 36, "col_id": 42, "x_min": 39000.0, "y_min": -48000.0, "x_max": 40000.0, "y_max": -47000.0, "center_x": 39500.0, "center_y": -47500.0, "full_area_m2": 1000000, "inside_area_m2": 1000000.0, "coverage_frac": 1.0, "is_edge": 0, "center_lon": 103.91600838547521, "center_lat": 1.6128432458979016 }, "geometry": { "type": "Polygon", "coordinates": [ [ [ 103.911513975079657, 1.608322675695943 ], [ 103.911516109852272, 1.617365974252699 ], [ 103.920502818724273, 1.617363799834499 ], [ 103.92050064428355, 1.608320513441879 ], [ 103.911513975079657, 1.608322675695943 ] ] ] } },
{ "type": "Feature", "properties": { "grid_id": "JB1000_R0036_C0043", "grid_m": 1000, "row_id": 36, "col_id": 43, "x_min": 40000.0, "y_min": -48000.0, "x_max": 41000.0, "y_max": -47000.0, "center_x": 40500.0, "center_y": -47500.0, "full_area_m2": 1000000, "inside_area_m2": 1000000.0, "coverage_frac": 1.0, "is_edge": 0, "center_lon": 103.92499507447577, "center_lat": 1.6128410575998933 }, "geometry": { "type": "Polygon", "coordinates": [ [ [ 103.92050064428355, 1.608320513441879 ], [ 103.920502818724273, 1.617363799834499 ], [ 103.929489527576962, 1.61736158538055 ], [ 103.929487313468357, 1.608318311376034 ], [ 103.92050064428355, 1.608320513441879 ] ] ] } },
{ "type": "Feature", "properties": { "grid_id": "JB1000_R0036_C0044", "grid_m": 1000, "row_id": 36, "col_id": 44, "x_min": 41000.0, "y_min": -48000.0, "x_max": 42000.0, "y_max": -47000.0, "center_x": 41500.0, "center_y": -47500.0, "full_area_m2": 1000000, "inside_area_m2": 1000000.0, "coverage_frac": 1.0, "is_edge": 0, "center_lon": 103.93398176345696, "center_lat": 1.6128388293781466 }, "geometry": { "type": "Polygon", "coordinates": [ [ [ 103.929487313468357, 1.608318311376034 ], [ 103.929489527576962, 1.61736158538055 ], [ 103.938476236409997, 1.617359330890906 ], [ 103.938473982633738, 1.608316069498461 ], [ 103.929487313468357, 1.608318311376034 ] ] ] } },
{ "type": "Feature", "properties": { "grid_id": "JB1000_R0036_C0045", "grid_m": 1000, "row_id": 36, "col_id": 45, "x_min": 42000.0, "y_min": -48000.0, "x_max": 43000.0, "y_max": -47000.0, "center_x": 42500.0, "center_y": -47500.0, "full_area_m2": 1000000, "inside_area_m2": 1000000.0, "coverage_frac": 1.0, "is_edge": 0, "center_lon": 103.94296845241841, "center_lat": 1.6128365612327165 }, "geometry": { "type": "Polygon", "coordinates": [ [ [ 103.938473982633738, 1.608316069498461 ], [ 103.938476236409997, 1.617359330890906 ], [ 103.947462945223009, 1.617357036365622 ], [ 103.947460651779323, 1.608313787809216 ], [ 103.938473982633738, 1.608316069498461 ] ] ] } },
{ "type": "Feature", "properties": { "grid_id": "JB1000_R0036_C0046", "grid_m": 1000, "row_id": 36, "col_id": 46, "x_min": 43000.0, "y_min": -48000.0, "x_max": 44000.0, "y_max": -47000.0, "center_x": 43500.0, "center_y": -47500.0, "full_area_m2": 1000000, "inside_area_m2": 1000000.0, "coverage_frac": 1.0, "is_edge": 0, "center_lon": 103.95195514135979, "center_lat": 1.6128342531636592 }, "geometry": { "type": "Polygon", "coordinates": [ [ [ 103.947460651779323, 1.608313787809216 ], [ 103.947462945223009, 1.617357036365622 ], [ 103.956449654015685, 1.617354701804755 ], [ 103.956447320904772, 1.608311466308356 ], [ 103.947460651779323, 1.608313787809216 ] ] ] } },
{ "type": "Feature", "properties": { "grid_id": "JB1000_R0036_C0047", "grid_m": 1000, "row_id": 36, "col_id": 47, "x_min": 44000.0, "y_min": -48000.0, "x_max": 45000.0, "y_max": -47000.0, "center_x": 44500.0, "center_y": -47500.0, "full_area_m2": 1000000, "inside_area_m2": 1000000.0, "coverage_frac": 1.0, "is_edge": 0, "center_lon": 103.96094183028075, "center_lat": 1.6128319051710314 }, "geometry": { "type": "Polygon", "coordinates": [ [ [ 103.956447320904772, 1.608311466308356 ], [ 103.956449654015685, 1.617354701804755 ], [ 103.965436362787614, 1.617352327208363 ], [ 103.965433990009714, 1.608309104995937 ], [ 103.956447320904772, 1.608311466308356 ] ] ] } },
{ "type": "Feature", "properties": { "grid_id": "JB1000_R0036_C0048", "grid_m": 1000, "row_id": 36, "col_id": 48, "x_min": 45000.0, "y_min": -48000.0, "x_max": 46000.0, "y_max": -47000.0, "center_x": 45500.0, "center_y": -47500.0, "full_area_m2": 1000000, "inside_area_m2": 866733.29212126788, "coverage_frac": 0.86673329212126793, "is_edge": 1, "center_lon": 103.96992851918093, "center_lat": 1.612829517254891 }, "geometry": { "type": "Polygon", "coordinates": [ [ [ 103.974420659093852, 1.608306703872018 ], [ 103.965433990009714, 1.608309104995937 ], [ 103.965436362787614, 1.617352327208363 ], [ 103.971814010351764, 1.617350617727521 ], [ 103.971752100492637, 1.6163266019645 ], [ 103.974421173636102, 1.610239766225102 ], [ 103.974420659093852, 1.608306703872018 ] ] ] } },
{ "type": "Feature", "properties": { "grid_id": "JB1000_R0036_C0049", "grid_m": 1000, "row_id": 36, "col_id": 49, "x_min": 46000.0, "y_min": -48000.0, "x_max": 47000.0, "y_max": -47000.0, "center_x": 46500.0, "center_y": -47500.0, "full_area_m2": 1000000, "inside_area_m2": 10088.421760089452, "coverage_frac": 0.010088421760089452, "is_edge": 1, "center_lon": 103.97891520805999, "center_lat": 1.6128270894152967 }, "geometry": { "type": "Polygon", "coordinates": [ [ [ 103.974420659093852, 1.608306703872018 ], [ 103.974421173636102, 1.610239766225102 ], [ 103.975268918494905, 1.6083064751716 ], [ 103.974420659093852, 1.608306703872018 ] ] ] } },
{ "type": "Feature", "properties": { "grid_id": "JB1000_R0037_C0016", "grid_m": 1000, "row_id": 37, "col_id": 16, "x_min": 13000.0, "y_min": -47000.0, "x_max": 14000.0, "y_max": -46000.0, "center_x": 13500.0, "center_y": -46500.0, "full_area_m2": 1000000, "inside_area_m2": 865.37018515569457, "coverage_frac": 0.00086537018515569456, "is_edge": 1, "center_lon": 103.68235559213629, "center_lat": 1.62192966092147 }, "geometry": { "type": "Polygon", "coordinates": [ [ [ 103.686848382807739, 1.617407322949699 ], [ 103.68641831606017, 1.617407378105173 ], [ 103.68684842426579, 1.61773438842846 ], [ 103.686848382807739, 1.617407322949699 ] ] ] } },
{ "type": "Feature", "properties": { "grid_id": "JB1000_R0037_C0017", "grid_m": 1000, "row_id": 37, "col_id": 17, "x_min": 14000.0, "y_min": -47000.0, "x_max": 15000.0, "y_max": -46000.0, "center_x": 14500.0, "center_y": -46500.0, "full_area_m2": 1000000, "inside_area_m2": 46624.696083866154, "coverage_frac": 0.046624696083866157, "is_edge": 1, "center_lon": 103.69134232130128, "center_lat": 1.6219285042038114 }, "geometry": { "type": "Polygon", "coordinates": [ [ [ 103.686848382807739, 1.617407322949699 ], [ 103.68684842426579, 1.61773438842846 ], [ 103.688936302579606, 1.61932179450539 ], [ 103.690449767170207, 1.617406857478253 ], [ 103.686848382807739, 1.617407322949699 ] ] ] } },
{ "type": "Feature", "properties": { "grid_id": "JB1000_R0037_C0018", "grid_m": 1000, "row_id": 37, "col_id": 18, "x_min": 15000.0, "y_min": -47000.0, "x_max": 16000.0, "y_max": -46000.0, "center_x": 15500.0, "center_y": -46500.0, "full_area_m2": 1000000, "inside_area_m2": 480442.45946012362, "coverage_frac": 0.48044245946012359, "is_edge": 1, "center_lon": 103.70032905045588, "center_lat": 1.6219273073373575 }, "geometry": { "type": "Polygon", "coordinates": [ [ [ 103.704821801277646, 1.617404935893678 ], [ 103.697381341408132, 1.617405943489529 ], [ 103.696148357590829, 1.619059071432378 ], [ 103.697797838618953, 1.620188775997479 ], [ 103.699333239610013, 1.621237753444197 ], [ 103.700739472797565, 1.622198209171977 ], [ 103.702079105434265, 1.623113056883804 ], [ 103.704378525990307, 1.624685650985143 ], [ 103.704822831524169, 1.624988006615795 ], [ 103.704821801277646, 1.617404935893678 ] ] ] } },
{ "type": "Feature", "properties": { "grid_id": "JB1000_R0037_C0019", "grid_m": 1000, "row_id": 37, "col_id": 19, "x_min": 16000.0, "y_min": -47000.0, "x_max": 17000.0, "y_max": -46000.0, "center_x": 16500.0, "center_y": -46500.0, "full_area_m2": 1000000, "inside_area_m2": 977301.54035099305, "coverage_frac": 0.97730154035099304, "is_edge": 1, "center_lon": 103.70931577959973, "center_lat": 1.6219260703221376 }, "geometry": { "type": "Polygon", "coordinates": [ [ [ 103.713809779609974, 1.626447191003974 ], [ 103.713808510496492, 1.617403682310508 ], [ 103.704821801277646, 1.617404935893678 ], [ 103.704822831524169, 1.624988006615795 ], [ 103.705725564129892, 1.625602327096378 ], [ 103.70598022042843, 1.625555235180384 ], [ 103.706730366921178, 1.626068655543113 ], [ 103.707284173025258, 1.626448110371937 ], [ 103.713809779609974, 1.626447191003974 ] ] ] } },
{ "type": "Feature", "properties": { "grid_id": "JB1000_R0037_C0020", "grid_m": 1000, "row_id": 37, "col_id": 20, "x_min": 17000.0, "y_min": -47000.0, "x_max": 18000.0, "y_max": -46000.0, "center_x": 17500.0, "center_y": -46500.0, "full_area_m2": 1000000, "inside_area_m2": 1000000.0, "coverage_frac": 1.0, "is_edge": 0, "center_lon": 103.71830250873249, "center_lat": 1.6219247931581824 }, "geometry": { "type": "Polygon", "coordinates": [ [ [ 103.713808510496492, 1.617403682310508 ], [ 103.713809779609974, 1.626447191003974 ], [ 103.722796528712209, 1.626445890147239 ], [ 103.722795219704139, 1.617402388690606 ], [ 103.713808510496492, 1.617403682310508 ] ] ] } },
{ "type": "Feature", "properties": { "grid_id": "JB1000_R0037_C0021", "grid_m": 1000, "row_id": 37, "col_id": 21, "x_min": 18000.0, "y_min": -47000.0, "x_max": 19000.0, "y_max": -46000.0, "center_x": 18500.0, "center_y": -46500.0, "full_area_m2": 1000000, "inside_area_m2": 1000000.0, "coverage_frac": 1.0, "is_edge": 0, "center_lon": 103.72728923785382, "center_lat": 1.6219234758455232 }, "geometry": { "type": "Polygon", "coordinates": [ [ [ 103.722795219704139, 1.617402388690606 ], [ 103.722796528712209, 1.626445890147239 ], [ 103.731783277802734, 1.626444549029828 ], [ 103.731781928900219, 1.617401055034004 ], [ 103.722795219704139, 1.617402388690606 ] ] ] } },
{ "type": "Feature", "properties": { "grid_id": "JB1000_R0037_C0022", "grid_m": 1000, "row_id": 37, "col_id": 22, "x_min": 19000.0, "y_min": -47000.0, "x_max": 20000.0, "y_max": -46000.0, "center_x": 19500.0, "center_y": -46500.0, "full_area_m2": 1000000, "inside_area_m2": 1000000.0, "coverage_frac": 1.0, "is_edge": 0, "center_lon": 103.73627596696335, "center_lat": 1.6219221183841928 }, "geometry": { "type": "Polygon", "coordinates": [ [ [ 103.731781928900219, 1.617401055034004 ], [ 103.731783277802734, 1.626444549029828 ], [ 103.740770026881222, 1.626443167651774 ], [ 103.74076863808439, 1.617399681340734 ], [ 103.731781928900219, 1.617401055034004 ] ] ] } },
{ "type": "Feature", "properties": { "grid_id": "JB1000_R0037_C0023", "grid_m": 1000, "row_id": 37, "col_id": 23, "x_min": 20000.0, "y_min": -47000.0, "x_max": 21000.0, "y_max": -46000.0, "center_x": 20500.0, "center_y": -46500.0, "full_area_m2": 1000000, "inside_area_m2": 1000000.0, "coverage_frac": 1.0, "is_edge": 0, "center_lon": 103.74526269606072, "center_lat": 1.6219207207742243 }, "geometry": { "type": "Polygon", "coordinates": [ [ [ 103.74076863808439, 1.617399681340734 ], [ 103.740770026881222, 1.626443167651774 ], [ 103.749756775947318, 1.626441746013112 ], [ 103.749755347256297, 1.61739826761083 ], [ 103.74076863808439, 1.617399681340734 ] ] ] } },
{ "type": "Feature", "properties": { "grid_id": "JB1000_R0037_C0024", "grid_m": 1000, "row_id": 37, "col_id": 24, "x_min": 21000.0, "y_min": -47000.0, "x_max": 22000.0, "y_max": -46000.0, "center_x": 21500.0, "center_y": -46500.0, "full_area_m2": 1000000, "inside_area_m2": 1000000.0, "coverage_frac": 1.0, "is_edge": 0, "center_lon": 103.75424942514557, "center_lat": 1.6219192830156521 }, "geometry": { "type": "Polygon", "coordinates": [ [ [ 103.749755347256297, 1.61739826761083 ], [ 103.749756775947318, 1.626441746013112 ], [ 103.758743525000654, 1.626440284113876 ], [ 103.758742056415599, 1.617396813844327 ], [ 103.749755347256297, 1.61739826761083 ] ] ] } },
{ "type": "Feature", "properties": { "grid_id": "JB1000_R0037_C0025", "grid_m": 1000, "row_id": 37, "col_id": 25, "x_min": 22000.0, "y_min": -47000.0, "x_max": 23000.0, "y_max": -46000.0, "center_x": 22500.0, "center_y": -46500.0, "full_area_m2": 1000000, "inside_area_m2": 1000000.0, "coverage_frac": 1.0, "is_edge": 0, "center_lon": 103.76323615421757, "center_lat": 1.6219178051085119 }, "geometry": { "type": "Polygon", "coordinates": [ [ [ 103.758742056415599, 1.617396813844327 ], [ 103.758743525000654, 1.626440284113876 ], [ 103.767730274040886, 1.626438781954102 ], [ 103.767728765561927, 1.617395320041262 ], [ 103.758742056415599, 1.617396813844327 ] ] ] } },
{ "type": "Feature", "properties": { "grid_id": "JB1000_R0037_C0026", "grid_m": 1000, "row_id": 37, "col_id": 26, "x_min": 23000.0, "y_min": -47000.0, "x_max": 24000.0, "y_max": -46000.0, "center_x": 23500.0, "center_y": -46500.0, "full_area_m2": 1000000, "inside_area_m2": 1000000.0, "coverage_frac": 1.0, "is_edge": 0, "center_lon": 103.77222288327636, "center_lat": 1.6219162870528403 }, "geometry": { "type": "Polygon", "coordinates": [ [ [ 103.767728765561927, 1.617395320041262 ], [ 103.767730274040886, 1.626438781954102 ], [ 103.776717023067619, 1.626437239533828 ], [ 103.776715474694939, 1.61739378620167 ], [ 103.767728765561927, 1.617395320041262 ] ] ] } },
{ "type": "Feature", "properties": { "grid_id": "JB1000_R0037_C0027", "grid_m": 1000, "row_id": 37, "col_id": 27, "x_min": 24000.0, "y_min": -47000.0, "x_max": 25000.0, "y_max": -46000.0, "center_x": 24500.0, "center_y": -46500.0, "full_area_m2": 1000000, "inside_area_m2": 1000000.0, "coverage_frac": 1.0, "is_edge": 0, "center_lon": 103.78120961232156, "center_lat": 1.6219147288486739 }, "geometry": { "type": "Polygon", "coordinates": [ [ [ 103.776715474694939, 1.61739378620167 ], [ 103.776717023067619, 1.626437239533828 ], [ 103.785703772080552, 1.626435656853092 ], [ 103.78570218381428, 1.61739221232559 ], [ 103.776715474694939, 1.61739378620167 ] ] ] } },
{ "type": "Feature", "properties": { "grid_id": "JB1000_R0037_C0028", "grid_m": 1000, "row_id": 37, "col_id": 28, "x_min": 25000.0, "y_min": -47000.0, "x_max": 26000.0, "y_max": -46000.0, "center_x": 25500.0, "center_y": -46500.0, "full_area_m2": 1000000, "inside_area_m2": 1000000.0, "coverage_frac": 1.0, "is_edge": 0, "center_lon": 103.79019634135284, "center_lat": 1.6219131304960519 }, "geometry": { "type": "Polygon", "coordinates": [ [ [ 103.78570218381428, 1.61739221232559 ], [ 103.785703772080552, 1.626435656853092 ], [ 103.794690521079303, 1.626434033911932 ], [ 103.794688892919595, 1.61739059841306 ], [ 103.78570218381428, 1.61739221232559 ] ] ] } },
{ "type": "Feature", "properties": { "grid_id": "JB1000_R0037_C0029", "grid_m": 1000, "row_id": 37, "col_id": 29, "x_min": 26000.0, "y_min": -47000.0, "x_max": 27000.0, "y_max": -46000.0, "center_x": 26500.0, "center_y": -46500.0, "full_area_m2": 1000000, "inside_area_m2": 1000000.0, "coverage_frac": 1.0, "is_edge": 0, "center_lon": 103.79918307036985, "center_lat": 1.6219114919950133 }, "geometry": { "type": "Polygon", "coordinates": [ [ [ 103.794688892919595, 1.61739059841306 ], [ 103.794690521079303, 1.626434033911932 ], [ 103.803677270063517, 1.626432370710388 ], [ 103.803675602010529, 1.617388944464121 ], [ 103.794688892919595, 1.61739059841306 ] ] ] } },
{ "type": "Feature", "properties": { "grid_id": "JB1000_R0037_C0030", "grid_m": 1000, "row_id": 37, "col_id": 30, "x_min": 27000.0, "y_min": -47000.0, "x_max": 28000.0, "y_max": -46000.0, "center_x": 27500.0, "center_y": -46500.0, "full_area_m2": 1000000, "inside_area_m2": 999929.1989073283, "coverage_frac": 0.99992919890732834, "is_edge": 1, "center_lon": 103.80816979937224, "center_lat": 1.6219098133455985 }, "geometry": { "type": "Polygon", "coordinates": [ [ [ 103.81266231108674, 1.617387250478812 ], [ 103.803675602010529, 1.617388944464121 ], [ 103.803677270063517, 1.626432370710388 ], [ 103.812491923053869, 1.626430700247857 ], [ 103.812664006368635, 1.626363796779454 ], [ 103.81266231108674, 1.617387250478812 ] ] ] } },
{ "type": "Feature", "properties": { "grid_id": "JB1000_R0037_C0031", "grid_m": 1000, "row_id": 37, "col_id": 31, "x_min": 28000.0, "y_min": -47000.0, "x_max": 29000.0, "y_max": -46000.0, "center_x": 28500.0, "center_y": -46500.0, "full_area_m2": 1000000, "inside_area_m2": 789068.60811012704, "coverage_frac": 0.78906860811012702, "is_edge": 1, "center_lon": 103.81715652835962, "center_lat": 1.621908094547849 }, "geometry": { "type": "Polygon", "coordinates": [ [ [ 103.821649020147873, 1.617385516457176 ], [ 103.81266231108674, 1.617387250478812 ], [ 103.812664006368635, 1.626363796779454 ], [ 103.816033729006264, 1.625053694768643 ], [ 103.819441525291936, 1.623750770489687 ], [ 103.819560227596682, 1.62370716388435 ], [ 103.819758132482605, 1.623634457274852 ], [ 103.821649890228187, 1.621893667180642 ], [ 103.821649020147873, 1.617385516457176 ] ] ] } },
{ "type": "Feature", "properties": { "grid_id": "JB1000_R0037_C0032", "grid_m": 1000, "row_id": 37, "col_id": 32, "x_min": 29000.0, "y_min": -47000.0, "x_max": 30000.0, "y_max": -46000.0, "center_x": 29500.0, "center_y": -46500.0, "full_area_m2": 1000000, "inside_area_m2": 135082.73198391747, "coverage_frac": 0.13508273198391749, "is_edge": 1, "center_lon": 103.82614325733165, "center_lat": 1.6219063356018073 }, "geometry": { "type": "Polygon", "coordinates": [ [ [ 103.821649020147873, 1.617385516457176 ], [ 103.821649890228187, 1.621893667180642 ], [ 103.821695596906281, 1.621851607980234 ], [ 103.823232910352971, 1.620427723836136 ], [ 103.825250175363806, 1.618541923338775 ], [ 103.826519005116566, 1.617429559906606 ], [ 103.82656869042232, 1.617384550229102 ], [ 103.821649020147873, 1.617385516457176 ] ] ] } },
{ "type": "Feature", "properties": { "grid_id": "JB1000_R0037_C0038", "grid_m": 1000, "row_id": 37, "col_id": 38, "x_min": 35000.0, "y_min": -47000.0, "x_max": 36000.0, "y_max": -46000.0, "center_x": 35500.0, "center_y": -46500.0, "full_area_m2": 1000000, "inside_area_m2": 5794.6914486978694, "coverage_frac": 0.005794691448697869, "is_edge": 1, "center_lon": 103.88006363082189, "center_lat": 1.6218949388139112 }, "geometry": { "type": "Polygon", "coordinates": [ [ [ 103.884558010208465, 1.626415590186327 ], [ 103.884557824742046, 1.625590271624764 ], [ 103.883946584275847, 1.626031316085774 ], [ 103.883420377342262, 1.626415848825565 ], [ 103.884558010208465, 1.626415590186327 ] ] ] } },
{ "type": "Feature", "properties": { "grid_id": "JB1000_R0037_C0039", "grid_m": 1000, "row_id": 37, "col_id": 39, "x_min": 36000.0, "y_min": -47000.0, "x_max": 37000.0, "y_max": -46000.0, "center_x": 36500.0, "center_y": -46500.0, "full_area_m2": 1000000, "inside_area_m2": 452784.75298072351, "coverage_frac": 0.45278475298072351, "is_edge": 1, "center_lon": 103.88905035967663, "center_lat": 1.6218928988310914 }, "geometry": { "type": "Polygon", "coordinates": [ [ [ 103.884558010208465, 1.626415590186327 ], [ 103.893544759027719, 1.626413524383366 ], [ 103.893543062992137, 1.618996845435754 ], [ 103.892697933517013, 1.619626242286164 ], [ 103.891039768325498, 1.620863794648705 ], [ 103.889297157750192, 1.622164199022429 ], [ 103.886593052356531, 1.624121738094351 ], [ 103.884557824742046, 1.625590271624764 ], [ 103.884558010208465, 1.626415590186327 ] ] ] } },
{ "type": "Feature", "properties": { "grid_id": "JB1000_R0037_C0040", "grid_m": 1000, "row_id": 37, "col_id": 40, "x_min": 37000.0, "y_min": -47000.0, "x_max": 38000.0, "y_max": -46000.0, "center_x": 37500.0, "center_y": -46500.0, "full_area_m2": 1000000, "inside_area_m2": 986200.44816080062, "coverage_frac": 0.98620044816080066, "is_edge": 1, "center_lon": 103.89803708851318, "center_lat": 1.6218908187003536 }, "geometry": { "type": "Polygon", "coordinates": [ [ [ 103.893544759027719, 1.626413524383366 ], [ 103.902531507828499, 1.626411418320527 ], [ 103.902529400961328, 1.617368108635096 ], [ 103.894077704544401, 1.617370079418126 ], [ 103.894660349073988, 1.618164763394824 ], [ 103.893543062992137, 1.618996845435754 ], [ 103.893544759027719, 1.626413524383366 ] ] ] } },
{ "type": "Feature", "properties": { "grid_id": "JB1000_R0037_C0041", "grid_m": 1000, "row_id": 37, "col_id": 41, "x_min": 38000.0, "y_min": -47000.0, "x_max": 39000.0, "y_max": -46000.0, "center_x": 38500.0, "center_y": -46500.0, "full_area_m2": 1000000, "inside_area_m2": 1000000.0, "coverage_frac": 1.0, "is_edge": 0, "center_lon": 103.90702381733122, "center_lat": 1.6218886984217491 }, "geometry": { "type": "Polygon", "coordinates": [ [ [ 103.902529400961328, 1.617368108635096 ], [ 103.902531507828499, 1.626411418320527 ], [ 103.911518256610478, 1.626409271997862 ], [ 103.911516109852272, 1.617365974252699 ], [ 103.902529400961328, 1.617368108635096 ] ] ] } },
{ "type": "Feature", "properties": { "grid_id": "JB1000_R0037_C0042", "grid_m": 1000, "row_id": 37, "col_id": 42, "x_min": 39000.0, "y_min": -47000.0, "x_max": 40000.0, "y_max": -46000.0, "center_x": 39500.0, "center_y": -46500.0, "full_area_m2": 1000000, "inside_area_m2": 1000000.0, "coverage_frac": 1.0, "is_edge": 0, "center_lon": 103.91601054613035, "center_lat": 1.6218865379953298 }, "geometry": { "type": "Polygon", "coordinates": [ [ [ 103.911516109852272, 1.617365974252699 ], [ 103.911518256610478, 1.626409271997862 ], [ 103.9205050053733, 1.626407085415423 ], [ 103.920502818724273, 1.617363799834499 ], [ 103.911516109852272, 1.617365974252699 ] ] ] } },
{ "type": "Feature", "properties": { "grid_id": "JB1000_R0037_C0043", "grid_m": 1000, "row_id": 37, "col_id": 43, "x_min": 40000.0, "y_min": -47000.0, "x_max": 41000.0, "y_max": -46000.0, "center_x": 40500.0, "center_y": -46500.0, "full_area_m2": 1000000, "inside_area_m2": 1000000.0, "coverage_frac": 1.0, "is_edge": 0, "center_lon": 103.92499727491025, "center_lat": 1.6218843374211496 }, "geometry": { "type": "Polygon", "coordinates": [ [ [ 103.920502818724273, 1.617363799834499 ], [ 103.9205050053733, 1.626407085415423 ], [ 103.929491754116583, 1.626404858573265 ], [ 103.929489527576962, 1.61736158538055 ], [ 103.920502818724273, 1.617363799834499 ] ] ] } },
{ "type": "Feature", "properties": { "grid_id": "JB1000_R0037_C0044", "grid_m": 1000, "row_id": 37, "col_id": 44, "x_min": 41000.0, "y_min": -47000.0, "x_max": 42000.0, "y_max": -46000.0, "center_x": 41500.0, "center_y": -46500.0, "full_area_m2": 1000000, "inside_area_m2": 1000000.0, "coverage_frac": 1.0, "is_edge": 0, "center_lon": 103.93398400367056, "center_lat": 1.621882096699262 }, "geometry": { "type": "Polygon", "coordinates": [ [ [ 103.929489527576962, 1.61736158538055 ], [ 103.929491754116583, 1.626404858573265 ], [ 103.938478502839999, 1.626402591471442 ], [ 103.938476236409997, 1.617359330890906 ], [ 103.929489527576962, 1.61736158538055 ] ] ] } },
{ "type": "Feature", "properties": { "grid_id": "JB1000_R0037_C0045", "grid_m": 1000, "row_id": 37, "col_id": 45, "x_min": 42000.0, "y_min": -47000.0, "x_max": 43000.0, "y_max": -46000.0, "center_x": 42500.0, "center_y": -46500.0, "full_area_m2": 1000000, "inside_area_m2": 1000000.0, "coverage_frac": 1.0, "is_edge": 0, "center_lon": 103.94297073241093, "center_lat": 1.621879815829723 }, "geometry": { "type": "Polygon", "coordinates": [ [ [ 103.938476236409997, 1.617359330890906 ], [ 103.938478502839999, 1.626402591471442 ], [ 103.947465251543179, 1.62640028411001 ], [ 103.947462945223009, 1.617357036365622 ], [ 103.938476236409997, 1.617359330890906 ] ] ] } },
{ "type": "Feature", "properties": { "grid_id": "JB1000_R0037_C0046", "grid_m": 1000, "row_id": 37, "col_id": 46, "x_min": 43000.0, "y_min": -47000.0, "x_max": 44000.0, "y_max": -46000.0, "center_x": 43500.0, "center_y": -46500.0, "full_area_m2": 1000000, "inside_area_m2": 1000000.0, "coverage_frac": 1.0, "is_edge": 0, "center_lon": 103.95195746113099, "center_lat": 1.621877494812588 }, "geometry": { "type": "Polygon", "coordinates": [ [ [ 103.947462945223009, 1.617357036365622 ], [ 103.947465251543179, 1.62640028411001 ], [ 103.956452000225752, 1.626397936489027 ], [ 103.956449654015685, 1.617354701804755 ], [ 103.947462945223009, 1.617357036365622 ] ] ] } },
{ "type": "Feature", "properties": { "grid_id": "JB1000_R0037_C0047", "grid_m": 1000, "row_id": 37, "col_id": 47, "x_min": 44000.0, "y_min": -47000.0, "x_max": 45000.0, "y_max": -46000.0, "center_x": 44500.0, "center_y": -46500.0, "full_area_m2": 1000000, "inside_area_m2": 1000000.0, "coverage_frac": 1.0, "is_edge": 0, "center_lon": 103.9609441898304, "center_lat": 1.6218751336479151 }, "geometry": { "type": "Polygon", "coordinates": [ [ [ 103.956449654015685, 1.617354701804755 ], [ 103.956452000225752, 1.626397936489027 ], [ 103.965438748887379, 1.62639554860855 ], [ 103.965436362787614, 1.617352327208363 ], [ 103.956449654015685, 1.617354701804755 ] ] ] } },
{ "type": "Feature", "properties": { "grid_id": "JB1000_R0037_C0048", "grid_m": 1000, "row_id": 37, "col_id": 48, "x_min": 45000.0, "y_min": -47000.0, "x_max": 46000.0, "y_max": -46000.0, "center_x": 45500.0, "center_y": -46500.0, "full_area_m2": 1000000, "inside_area_m2": 739960.18809164886, "coverage_frac": 0.73996018809164887, "is_edge": 1, "center_lon": 103.96993091850879, "center_lat": 1.6218727323357616 }, "geometry": { "type": "Polygon", "coordinates": [ [ [ 103.965436362787614, 1.617352327208363 ], [ 103.965438748887379, 1.62639554860855 ], [ 103.972360745447219, 1.626393681908675 ], [ 103.971814010351764, 1.617350617727521 ], [ 103.965436362787614, 1.617352327208363 ] ] ] } },
{ "type": "Feature", "properties": { "grid_id": "JB1000_R0038_C0019", "grid_m": 1000, "row_id": 38, "col_id": 19, "x_min": 16000.0, "y_min": -46000.0, "x_max": 17000.0, "y_max": -45000.0, "center_x": 16500.0, "center_y": -45500.0, "full_area_m2": 1000000, "inside_area_m2": 182480.20883931653, "coverage_frac": 0.18248020883931654, "is_edge": 1, "center_lon": 103.70931703225305, "center_lat": 1.6309695821434451 }, "geometry": { "type": "Polygon", "coordinates": [ [ [ 103.713809779609974, 1.626447191003974 ], [ 103.707284173025258, 1.626448110371937 ], [ 103.70739908738112, 1.626526846924856 ], [ 103.708269167464451, 1.627120128519175 ], [ 103.70841777019281, 1.627224043357751 ], [ 103.709217547222551, 1.627771715898387 ], [ 103.710703643320741, 1.628782586825035 ], [ 103.712298259945044, 1.629875908856238 ], [ 103.712714180307628, 1.630160617663702 ], [ 103.71276198385462, 1.630408808945946 ], [ 103.713810450141708, 1.63120502748148 ], [ 103.713809779609974, 1.626447191003974 ] ] ] } },
{ "type": "Feature", "properties": { "grid_id": "JB1000_R0038_C0020", "grid_m": 1000, "row_id": 38, "col_id": 20, "x_min": 17000.0, "y_min": -46000.0, "x_max": 18000.0, "y_max": -45000.0, "center_x": 17500.0, "center_y": -45500.0, "full_area_m2": 1000000, "inside_area_m2": 850737.96446887322, "coverage_frac": 0.85073796446887318, "is_edge": 1, "center_lon": 103.71830380139184, "center_lat": 1.6309682978546141 }, "geometry": { "type": "Polygon", "coordinates": [ [ [ 103.722797845028779, 1.635489390789481 ], [ 103.722796528712209, 1.626445890147239 ], [ 103.713809779609974, 1.626447191003974 ], [ 103.713810450141708, 1.63120502748148 ], [ 103.714062477396439, 1.631396419956463 ], [ 103.715021667071994, 1.632114738409384 ], [ 103.716044977075981, 1.632884145116409 ], [ 103.716578681652805, 1.633297366498979 ], [ 103.716957925182157, 1.633577057485711 ], [ 103.717602609751907, 1.634074272901023 ], [ 103.718272281970357, 1.63459851706516 ], [ 103.718991904906446, 1.63513941964443 ], [ 103.719453666177898, 1.635489882289007 ], [ 103.722797845028779, 1.635489390789481 ] ] ] } },
{ "type": "Feature", "properties": { "grid_id": "JB1000_R0038_C0021", "grid_m": 1000, "row_id": 38, "col_id": 21, "x_min": 18000.0, "y_min": -46000.0, "x_max": 19000.0, "y_max": -45000.0, "center_x": 18500.0, "center_y": -45500.0, "full_area_m2": 1000000, "inside_area_m2": 1000000.0, "coverage_frac": 1.0, "is_edge": 0, "center_lon": 103.72729057051905, "center_lat": 1.6309669731931027 }, "geometry": { "type": "Polygon", "coordinates": [ [ [ 103.722796528712209, 1.626445890147239 ], [ 103.722797845028779, 1.635489390789481 ], [ 103.731784634236504, 1.635488042211197 ], [ 103.731783277802734, 1.626444549029828 ], [ 103.722796528712209, 1.626445890147239 ] ] ] } },
{ "type": "Feature", "properties": { "grid_id": "JB1000_R0038_C0022", "grid_m": 1000, "row_id": 38, "col_id": 22, "x_min": 19000.0, "y_min": -46000.0, "x_max": 20000.0, "y_max": -45000.0, "center_x": 19500.0, "center_y": -45500.0, "full_area_m2": 1000000, "inside_area_m2": 1000000.0, "coverage_frac": 1.0, "is_edge": 0, "center_lon": 103.73627733963433, "center_lat": 1.6309656081589439 }, "geometry": { "type": "Polygon", "coordinates": [ [ [ 103.731783277802734, 1.626444549029828 ], [ 103.731784634236504, 1.635488042211197 ], [ 103.740771423432051, 1.635486653148294 ], [ 103.740770026881222, 1.626443167651774 ], [ 103.731783277802734, 1.626444549029828 ] ] ] } },
{ "type": "Feature", "properties": { "grid_id": "JB1000_R0038_C0023", "grid_m": 1000, "row_id": 38, "col_id": 23, "x_min": 20000.0, "y_min": -46000.0, "x_max": 21000.0, "y_max": -45000.0, "center_x": 20500.0, "center_y": -45500.0, "full_area_m2": 1000000, "inside_area_m2": 1000000.0, "coverage_frac": 1.0, "is_edge": 0, "center_lon": 103.74526410873732, "center_lat": 1.6309642027521709 }, "geometry": { "type": "Polygon", "coordinates": [ [ [ 103.740770026881222, 1.626443167651774 ], [ 103.740771423432051, 1.635486653148294 ], [ 103.749758212615063, 1.635485223600806 ], [ 103.749756775947318, 1.626441746013112 ], [ 103.740770026881222, 1.626443167651774 ] ] ] } },
{ "type": "Feature", "properties": { "grid_id": "JB1000_R0038_C0024", "grid_m": 1000, "row_id": 38, "col_id": 24, "x_min": 21000.0, "y_min": -46000.0, "x_max": 22000.0, "y_max": -45000.0, "center_x": 21500.0, "center_y": -45500.0, "full_area_m2": 1000000, "inside_area_m2": 1000000.0, "coverage_frac": 1.0, "is_edge": 0, "center_lon": 103.75425087782766, "center_lat": 1.6309627569728187 }, "geometry": { "type": "Polygon", "coordinates": [ [ [ 103.749756775947318, 1.626441746013112 ], [ 103.749758212615063, 1.635485223600806 ], [ 103.758745001785158, 1.635483753568767 ], [ 103.758743525000654, 1.626440284113876 ], [ 103.749756775947318, 1.626441746013112 ] ] ] } },
{ "type": "Feature", "properties": { "grid_id": "JB1000_R0038_C0025", "grid_m": 1000, "row_id": 38, "col_id": 25, "x_min": 22000.0, "y_min": -46000.0, "x_max": 23000.0, "y_max": -45000.0, "center_x": 22500.0, "center_y": -45500.0, "full_area_m2": 1000000, "inside_area_m2": 1000000.0, "coverage_frac": 1.0, "is_edge": 0, "center_lon": 103.76323764690498, "center_lat": 1.6309612708209227 }, "geometry": { "type": "Polygon", "coordinates": [ [ [ 103.758743525000654, 1.626440284113876 ], [ 103.758745001785158, 1.635483753568767 ], [ 103.767731790942022, 1.635482243052215 ], [ 103.767730274040886, 1.626438781954102 ], [ 103.758743525000654, 1.626440284113876 ] ] ] } },
{ "type": "Feature", "properties": { "grid_id": "JB1000_R0038_C0026", "grid_m": 1000, "row_id": 38, "col_id": 26, "x_min": 23000.0, "y_min": -46000.0, "x_max": 24000.0, "y_max": -45000.0, "center_x": 23500.0, "center_y": -45500.0, "full_area_m2": 1000000, "inside_area_m2": 1000000.0, "coverage_frac": 1.0, "is_edge": 0, "center_lon": 103.77222441596896, "center_lat": 1.6309597442965198 }, "geometry": { "type": "Polygon", "coordinates": [ [ [ 103.767730274040886, 1.626438781954102 ], [ 103.767731790942022, 1.635482243052215 ], [ 103.776718580085259, 1.635480692051186 ], [ 103.776717023067619, 1.626437239533828 ], [ 103.767730274040886, 1.626438781954102 ] ] ] } },
{ "type": "Feature", "properties": { "grid_id": "JB1000_R0038_C0027", "grid_m": 1000, "row_id": 38, "col_id": 27, "x_min": 24000.0, "y_min": -46000.0, "x_max": 25000.0, "y_max": -45000.0, "center_x": 24500.0, "center_y": -45500.0, "full_area_m2": 1000000, "inside_area_m2": 1000000.0, "coverage_frac": 1.0, "is_edge": 0, "center_lon": 103.7812111850192, "center_lat": 1.6309581773996473 }, "geometry": { "type": "Polygon", "coordinates": [ [ [ 103.776717023067619, 1.626437239533828 ], [ 103.776718580085259, 1.635480692051186 ], [ 103.785705369214512, 1.635479100565718 ], [ 103.785703772080552, 1.626435656853092 ], [ 103.776717023067619, 1.626437239533828 ] ] ] } },
{ "type": "Feature", "properties": { "grid_id": "JB1000_R0038_C0028", "grid_m": 1000, "row_id": 38, "col_id": 28, "x_min": 25000.0, "y_min": -46000.0, "x_max": 26000.0, "y_max": -45000.0, "center_x": 25500.0, "center_y": -45500.0, "full_area_m2": 1000000, "inside_area_m2": 749247.26087114238, "coverage_frac": 0.74924726087114235, "is_edge": 1, "center_lon": 103.79019795405536, "center_lat": 1.6309565701303441 }, "geometry": { "type": "Polygon", "coordinates": [ [ [ 103.794690521079303, 1.626434033911932 ], [ 103.785703772080552, 1.626435656853092 ], [ 103.785705369214512, 1.635479100565718 ], [ 103.789111621227775, 1.635478486766439 ], [ 103.790319694665484, 1.63501463005772 ], [ 103.791527333498848, 1.629508368059935 ], [ 103.79469138261878, 1.631199049607638 ], [ 103.794690521079303, 1.626434033911932 ] ] ] } },
{ "type": "Feature", "properties": { "grid_id": "JB1000_R0038_C0029", "grid_m": 1000, "row_id": 38, "col_id": 29, "x_min": 26000.0, "y_min": -46000.0, "x_max": 27000.0, "y_max": -45000.0, "center_x": 26500.0, "center_y": -45500.0, "full_area_m2": 1000000, "inside_area_m2": 537725.17938797688, "coverage_frac": 0.53772517938797693, "is_edge": 1, "center_lon": 103.79918472307709, "center_lat": 1.6309549224886495 }, "geometry": { "type": "Polygon", "coordinates": [ [ [ 103.803677270063517, 1.626432370710388 ], [ 103.794690521079303, 1.626434033911932 ], [ 103.79469138261878, 1.631199049607638 ], [ 103.796960255026747, 1.632411395749056 ], [ 103.799882220325131, 1.631294648695104 ], [ 103.802152765164777, 1.630418874473577 ], [ 103.803677899673119, 1.629832766209968 ], [ 103.803677270063517, 1.626432370710388 ] ] ] } },
{ "type": "Feature", "properties": { "grid_id": "JB1000_R0038_C0030", "grid_m": 1000, "row_id": 38, "col_id": 30, "x_min": 27000.0, "y_min": -46000.0, "x_max": 28000.0, "y_max": -45000.0, "center_x": 27500.0, "center_y": -45500.0, "full_area_m2": 1000000, "inside_area_m2": 184722.56435263625, "coverage_frac": 0.18472256435263626, "is_edge": 1, "center_lon": 103.80817149208401, "center_lat": 1.6309532344746043 }, "geometry": { "type": "Polygon", "coordinates": [ [ [ 103.803677270063517, 1.626432370710388 ], [ 103.803677899673119, 1.629832766209968 ], [ 103.804681329216677, 1.629447148146772 ], [ 103.810709607540602, 1.627123797715298 ], [ 103.81113042565984, 1.626960029887389 ], [ 103.812491923053869, 1.626430700247857 ], [ 103.803677270063517, 1.626432370710388 ] ] ] } },
{ "type": "Feature", "properties": { "grid_id": "JB1000_R0038_C0038", "grid_m": 1000, "row_id": 38, "col_id": 38, "x_min": 35000.0, "y_min": -46000.0, "x_max": 36000.0, "y_max": -45000.0, "center_x": 35500.0, "center_y": -45500.0, "full_area_m2": 1000000, "inside_area_m2": 432973.8644606754, "coverage_frac": 0.43297386446067537, "is_edge": 1, "center_lon": 103.88006564356374, "center_lat": 1.6309382769628196 }, "geometry": { "type": "Polygon", "coordinates": [ [ [ 103.884560048610666, 1.635458922264557 ], [ 103.884558010208465, 1.626415590186327 ], [ 103.883420377342262, 1.626415848825565 ], [ 103.88130043293603, 1.627965024328124 ], [ 103.878157652199903, 1.630275846946436 ], [ 103.878724109995773, 1.630984996847587 ], [ 103.878840039309054, 1.631131098153233 ], [ 103.879491941946725, 1.631949509864401 ], [ 103.881049401249555, 1.633373066010598 ], [ 103.882967306870881, 1.635106080483782 ], [ 103.883323562682477, 1.635459204909887 ], [ 103.884560048610666, 1.635458922264557 ] ] ] } },
{ "type": "Feature", "properties": { "grid_id": "JB1000_R0038_C0039", "grid_m": 1000, "row_id": 38, "col_id": 39, "x_min": 36000.0, "y_min": -46000.0, "x_max": 37000.0, "y_max": -45000.0, "center_x": 36500.0, "center_y": -45500.0, "full_area_m2": 1000000, "inside_area_m2": 1000000.0, "coverage_frac": 1.0, "is_edge": 0, "center_lon": 103.88905241242139, "center_lat": 1.6309362255996096 }, "geometry": { "type": "Polygon", "coordinates": [ [ [ 103.884558010208465, 1.626415590186327 ], [ 103.884560048610666, 1.635458922264557 ], [ 103.893546837544079, 1.635456844969171 ], [ 103.893544759027719, 1.626413524383366 ], [ 103.884558010208465, 1.626415590186327 ] ] ] } },
{ "type": "Feature", "properties": { "grid_id": "JB1000_R0038_C0040", "grid_m": 1000, "row_id": 38, "col_id": 40, "x_min": 37000.0, "y_min": -46000.0, "x_max": 38000.0, "y_max": -45000.0, "center_x": 37500.0, "center_y": -45500.0, "full_area_m2": 1000000, "inside_area_m2": 1000000.0, "coverage_frac": 1.0, "is_edge": 0, "center_lon": 103.89803918126063, "center_lat": 1.6309341338645098 }, "geometry": { "type": "Polygon", "coordinates": [ [ [ 103.893544759027719, 1.626413524383366 ], [ 103.893546837544079, 1.635456844969171 ], [ 103.902533626458819, 1.635454727189934 ], [ 103.902531507828499, 1.626411418320527 ], [ 103.893544759027719, 1.626413524383366 ] ] ] } },
{ "type": "Feature", "properties": { "grid_id": "JB1000_R0038_C0041", "grid_m": 1000, "row_id": 38, "col_id": 41, "x_min": 38000.0, "y_min": -46000.0, "x_max": 39000.0, "y_max": -45000.0, "center_x": 38500.0, "center_y": -45500.0, "full_area_m2": 1000000, "inside_area_m2": 1000000.0, "coverage_frac": 1.0, "is_edge": 0, "center_lon": 103.90702595008115, "center_lat": 1.6309320017575715 }, "geometry": { "type": "Polygon", "coordinates": [ [ [ 103.902531507828499, 1.626411418320527 ], [ 103.902533626458819, 1.635454727189934 ], [ 103.911520415354559, 1.635452568926899 ], [ 103.911518256610478, 1.626409271997862 ], [ 103.902531507828499, 1.626411418320527 ] ] ] } },
{ "type": "Feature", "properties": { "grid_id": "JB1000_R0038_C0042", "grid_m": 1000, "row_id": 38, "col_id": 42, "x_min": 39000.0, "y_min": -46000.0, "x_max": 40000.0, "y_max": -45000.0, "center_x": 39500.0, "center_y": -45500.0, "full_area_m2": 1000000, "inside_area_m2": 1000000.0, "coverage_frac": 1.0, "is_edge": 0, "center_lon": 103.91601271888257, "center_lat": 1.6309298292788474 }, "geometry": { "type": "Polygon", "coordinates": [ [ [ 103.911518256610478, 1.626409271997862 ], [ 103.911520415354559, 1.635452568926899 ], [ 103.920507204230901, 1.635450370180118 ], [ 103.9205050053733, 1.626407085415423 ], [ 103.911518256610478, 1.626409271997862 ] ] ] } },
{ "type": "Feature", "properties": { "grid_id": "JB1000_R0038_C0043", "grid_m": 1000, "row_id": 38, "col_id": 43, "x_min": 40000.0, "y_min": -46000.0, "x_max": 41000.0, "y_max": -45000.0, "center_x": 40500.0, "center_y": -45500.0, "full_area_m2": 1000000, "inside_area_m2": 1000000.0, "coverage_frac": 1.0, "is_edge": 0, "center_lon": 103.92499948766455, "center_lat": 1.630927616428391 }, "geometry": { "type": "Polygon", "coordinates": [ [ [ 103.9205050053733, 1.626407085415423 ], [ 103.920507204230901, 1.635450370180118 ], [ 103.929493993087505, 1.635448130949645 ], [ 103.929491754116583, 1.626404858573265 ], [ 103.9205050053733, 1.626407085415423 ] ] ] } },
{ "type": "Feature", "properties": { "grid_id": "JB1000_R0038_C0044", "grid_m": 1000, "row_id": 38, "col_id": 44, "x_min": 41000.0, "y_min": -46000.0, "x_max": 42000.0, "y_max": -45000.0, "center_x": 41500.0, "center_y": -45500.0, "full_area_m2": 1000000, "inside_area_m2": 1000000.0, "coverage_frac": 1.0, "is_edge": 0, "center_lon": 103.93398625642669, "center_lat": 1.6309253632062568 }, "geometry": { "type": "Polygon", "coordinates": [ [ [ 103.929491754116583, 1.626404858573265 ], [ 103.929493993087505, 1.635448130949645 ], [ 103.938480781924, 1.635445851235536 ], [ 103.938478502839999, 1.626402591471442 ], [ 103.929491754116583, 1.626404858573265 ] ] ] } },
{ "type": "Feature", "properties": { "grid_id": "JB1000_R0038_C0045", "grid_m": 1000, "row_id": 38, "col_id": 45, "x_min": 42000.0, "y_min": -46000.0, "x_max": 43000.0, "y_max": -45000.0, "center_x": 42500.0, "center_y": -45500.0, "full_area_m2": 1000000, "inside_area_m2": 1000000.0, "coverage_frac": 1.0, "is_edge": 0, "center_lon": 103.94297302516868, "center_lat": 1.6309230696125003 }, "geometry": { "type": "Polygon", "coordinates": [ [ [ 103.938478502839999, 1.626402591471442 ], [ 103.938480781924, 1.635445851235536 ], [ 103.947467570740045, 1.635443531037848 ], [ 103.947465251543179, 1.62640028411001 ], [ 103.938478502839999, 1.626402591471442 ] ] ] } },
{ "type": "Feature", "properties": { "grid_id": "JB1000_R0038_C0046", "grid_m": 1000, "row_id": 38, "col_id": 46, "x_min": 43000.0, "y_min": -46000.0, "x_max": 44000.0, "y_max": -45000.0, "center_x": 43500.0, "center_y": -45500.0, "full_area_m2": 1000000, "inside_area_m2": 1000000.0, "coverage_frac": 1.0, "is_edge": 0, "center_lon": 103.95195979389014, "center_lat": 1.6309207356471782 }, "geometry": { "type": "Polygon", "coordinates": [ [ [ 103.947465251543179, 1.62640028411001 ], [ 103.947467570740045, 1.635443531037848 ], [ 103.956454359535272, 1.635441170356636 ], [ 103.956452000225752, 1.626397936489027 ], [ 103.947465251543179, 1.62640028411001 ] ] ] } },
{ "type": "Feature", "properties": { "grid_id": "JB1000_R0038_C0047", "grid_m": 1000, "row_id": 38, "col_id": 47, "x_min": 44000.0, "y_min": -46000.0, "x_max": 45000.0, "y_max": -45000.0, "center_x": 44500.0, "center_y": -45500.0, "full_area_m2": 1000000, "inside_area_m2": 1000000.0, "coverage_frac": 1.0, "is_edge": 0, "center_lon": 103.96094656259072, "center_lat": 1.6309183613103477 }, "geometry": { "type": "Polygon", "coordinates": [ [ [ 103.956452000225752, 1.626397936489027 ], [ 103.956454359535272, 1.635441170356636 ], [ 103.96544114830931, 1.63543876919196 ], [ 103.965438748887379, 1.62639554860855 ], [ 103.956452000225752, 1.626397936489027 ] ] ] } },
{ "type": "Feature", "properties": { "grid_id": "JB1000_R0038_C0048", "grid_m": 1000, "row_id": 38, "col_id": 48, "x_min": 45000.0, "y_min": -46000.0, "x_max": 46000.0, "y_max": -45000.0, "center_x": 45500.0, "center_y": -45500.0, "full_area_m2": 1000000, "inside_area_m2": 803791.91246444336, "coverage_frac": 0.80379191246444337, "is_edge": 1, "center_lon": 103.96993333127004, "center_lat": 1.6309159466020677 }, "geometry": { "type": "Polygon", "coordinates": [ [ [ 103.965438748887379, 1.62639554860855 ], [ 103.96544114830931, 1.63543876919196 ], [ 103.973087397646083, 1.635436694328136 ], [ 103.972729281947238, 1.6324891473375 ], [ 103.972360745447219, 1.626393681908675 ], [ 103.965438748887379, 1.62639554860855 ] ] ] } },
{ "type": "Feature", "properties": { "grid_id": "JB1000_R0039_C0020", "grid_m": 1000, "row_id": 39, "col_id": 20, "x_min": 17000.0, "y_min": -45000.0, "x_max": 18000.0, "y_max": -44000.0, "center_x": 17500.0, "center_y": -44500.0, "full_area_m2": 1000000, "inside_area_m2": 51654.054164157933, "coverage_frac": 0.051654054164157935, "is_edge": 1, "center_lon": 103.71830510124839, "center_lat": 1.6400118017344236 }, "geometry": { "type": "Polygon", "coordinates": [ [ [ 103.722797845028779, 1.635489390789481 ], [ 103.719453666177898, 1.635489882289007 ], [ 103.719924262992407, 1.635847050565253 ], [ 103.720669792586477, 1.6363958481773 ], [ 103.722795666838124, 1.638004979341329 ], [ 103.722798212762498, 1.638006900127545 ], [ 103.722797845028779, 1.635489390789481 ] ] ] } },
{ "type": "Feature", "properties": { "grid_id": "JB1000_R0039_C0021", "grid_m": 1000, "row_id": 39, "col_id": 21, "x_min": 18000.0, "y_min": -45000.0, "x_max": 19000.0, "y_max": -44000.0, "center_x": 18500.0, "center_y": -44500.0, "full_area_m2": 1000000, "inside_area_m2": 394800.72012161551, "coverage_frac": 0.39480072012161549, "is_edge": 1, "center_lon": 103.72729191060422, "center_lat": 1.6400104697239974 }, "geometry": { "type": "Polygon", "coordinates": [ [ [ 103.731784634236504, 1.635488042211197 ], [ 103.722797845028779, 1.635489390789481 ], [ 103.722798212762498, 1.638006900127545 ], [ 103.724289485041766, 1.63913199705878 ], [ 103.725699987507284, 1.63914072120925 ], [ 103.727336157895309, 1.639153489320965 ], [ 103.730242848256765, 1.639169814969754 ], [ 103.730871781429855, 1.639173563969276 ], [ 103.731785190407322, 1.639181651906337 ], [ 103.731784634236504, 1.635488042211197 ] ] ] } },
{ "type": "Feature", "properties": { "grid_id": "JB1000_R0039_C0022", "grid_m": 1000, "row_id": 39, "col_id": 22, "x_min": 19000.0, "y_min": -45000.0, "x_max": 20000.0, "y_max": -44000.0, "center_x": 19500.0, "center_y": -44500.0, "full_area_m2": 1000000, "inside_area_m2": 694262.22594527272, "coverage_frac": 0.69426222594527276, "is_edge": 1, "center_lon": 103.736278719948, "center_lat": 1.6400090971169454 }, "geometry": { "type": "Polygon", "coordinates": [ [ [ 103.740772827737018, 1.64453013782577 ], [ 103.740771423432051, 1.635486653148294 ], [ 103.731784634236504, 1.635488042211197 ], [ 103.731785190407322, 1.639181651906337 ], [ 103.734054093103765, 1.639201740475772 ], [ 103.736022319121503, 1.639212345026857 ], [ 103.736925325089175, 1.639216791266778 ], [ 103.737593132467794, 1.639220361984732 ], [ 103.738401811166241, 1.639224862564698 ], [ 103.737354926605292, 1.64064475689964 ], [ 103.736272911946287, 1.642110691779655 ], [ 103.735214935613484, 1.643543942756285 ], [ 103.734487316004575, 1.644531119009503 ], [ 103.740772827737018, 1.64453013782577 ] ] ] } },
{ "type": "Feature", "properties": { "grid_id": "JB1000_R0039_C0023", "grid_m": 1000, "row_id": 39, "col_id": 23, "x_min": 20000.0, "y_min": -45000.0, "x_max": 21000.0, "y_max": -44000.0, "center_x": 20500.0, "center_y": -44500.0, "full_area_m2": 1000000, "inside_area_m2": 1000000.0, "coverage_frac": 1.0, "is_edge": 0, "center_lon": 103.74526552927935, "center_lat": 1.6400076839133015 }, "geometry": { "type": "Polygon", "coordinates": [ [ [ 103.740771423432051, 1.635486653148294 ], [ 103.740772827737018, 1.64453013782577 ], [ 103.749759657259688, 1.644528700369388 ], [ 103.749758212615063, 1.635485223600806 ], [ 103.740771423432051, 1.635486653148294 ] ] ] } },
{ "type": "Feature", "properties": { "grid_id": "JB1000_R0039_C0024", "grid_m": 1000, "row_id": 39, "col_id": 24, "x_min": 21000.0, "y_min": -45000.0, "x_max": 22000.0, "y_max": -44000.0, "center_x": 21500.0, "center_y": -44500.0, "full_area_m2": 1000000, "inside_area_m2": 1000000.0, "coverage_frac": 1.0, "is_edge": 0, "center_lon": 103.75425233859791, "center_lat": 1.6400062301131009 }, "geometry": { "type": "Polygon", "coordinates": [ [ [ 103.749758212615063, 1.635485223600806 ], [ 103.749759657259688, 1.644528700369388 ], [ 103.758746486769326, 1.644527222204477 ], [ 103.758745001785158, 1.635483753568767 ], [ 103.749758212615063, 1.635485223600806 ] ] ] } },
{ "type": "Feature", "properties": { "grid_id": "JB1000_R0039_C0025", "grid_m": 1000, "row_id": 39, "col_id": 25, "x_min": 22000.0, "y_min": -45000.0, "x_max": 23000.0, "y_max": -44000.0, "center_x": 22500.0, "center_y": -44500.0, "full_area_m2": 1000000, "inside_area_m2": 1000000.0, "coverage_frac": 1.0, "is_edge": 0, "center_lon": 103.76323914790332, "center_lat": 1.6400047357163787 }, "geometry": { "type": "Polygon", "coordinates": [ [ [ 103.758745001785158, 1.635483753568767 ], [ 103.758746486769326, 1.644527222204477 ], [ 103.767733316265549, 1.644525703331074 ], [ 103.767731790942022, 1.635482243052215 ], [ 103.758745001785158, 1.635483753568767 ] ] ] } },
{ "type": "Feature", "properties": { "grid_id": "JB1000_R0039_C0026", "grid_m": 1000, "row_id": 39, "col_id": 26, "x_min": 23000.0, "y_min": -45000.0, "x_max": 24000.0, "y_max": -44000.0, "center_x": 23500.0, "center_y": -44500.0, "full_area_m2": 1000000, "inside_area_m2": 865604.05247068394, "coverage_frac": 0.86560405247068395, "is_edge": 1, "center_lon": 103.7722259571952, "center_lat": 1.6400032007231722 }, "geometry": { "type": "Polygon", "coordinates": [ [ [ 103.776718580085259, 1.635480692051186 ], [ 103.767731790942022, 1.635482243052215 ], [ 103.767733316265549, 1.644525703331074 ], [ 103.774948465783353, 1.644524454429632 ], [ 103.774935104874473, 1.644135650932096 ], [ 103.774898553162245, 1.642589114288068 ], [ 103.774858350959477, 1.641437570253022 ], [ 103.774757252088136, 1.638653804857249 ], [ 103.775680632087358, 1.638650261438435 ], [ 103.776719129198682, 1.638658125993705 ], [ 103.776718580085259, 1.635480692051186 ] ] ] } },
{ "type": "Feature", "properties": { "grid_id": "JB1000_R0039_C0027", "grid_m": 1000, "row_id": 39, "col_id": 27, "x_min": 24000.0, "y_min": -45000.0, "x_max": 25000.0, "y_max": -44000.0, "center_x": 24500.0, "center_y": -44500.0, "full_area_m2": 1000000, "inside_area_m2": 298790.57630352251, "coverage_frac": 0.29879057630352251, "is_edge": 1, "center_lon": 103.78121276647323, "center_lat": 1.6400016251335192 }, "geometry": { "type": "Polygon", "coordinates": [ [ [ 103.785705369214512, 1.635479100565718 ], [ 103.776718580085259, 1.635480692051186 ], [ 103.776719129198682, 1.638658125993705 ], [ 103.777511646765745, 1.63866412737629 ], [ 103.780738979504932, 1.638745512643073 ], [ 103.784820411430886, 1.637134580410144 ], [ 103.785447476003597, 1.636890906973451 ], [ 103.785575423956359, 1.636841251832027 ], [ 103.785705601587154, 1.636790693758677 ], [ 103.785705369214512, 1.635479100565718 ] ] ] } },
{ "type": "Feature", "properties": { "grid_id": "JB1000_R0039_C0028", "grid_m": 1000, "row_id": 39, "col_id": 28, "x_min": 25000.0, "y_min": -45000.0, "x_max": 26000.0, "y_max": -44000.0, "center_x": 25500.0, "center_y": -44500.0, "full_area_m2": 1000000, "inside_area_m2": 27420.230283502919, "coverage_frac": 0.027420230283502919, "is_edge": 1, "center_lon": 103.79019957573701, "center_lat": 1.6400000089474587 }, "geometry": { "type": "Polygon", "coordinates": [ [ [ 103.785705369214512, 1.635479100565718 ], [ 103.785705601587154, 1.636790693758677 ], [ 103.786279254538513, 1.636567899699838 ], [ 103.786698833984332, 1.636404907769879 ], [ 103.789111621227775, 1.635478486766439 ], [ 103.785705369214512, 1.635479100565718 ] ] ] } },
{ "type": "Feature", "properties": { "grid_id": "JB1000_R0039_C0038", "grid_m": 1000, "row_id": 39, "col_id": 38, "x_min": 35000.0, "y_min": -45000.0, "x_max": 36000.0, "y_max": -44000.0, "center_x": 35500.0, "center_y": -44500.0, "full_area_m2": 1000000, "inside_area_m2": 9327.7735343584918, "coverage_frac": 0.0093277735343584925, "is_edge": 1, "center_lon": 103.88006766751205, "center_lat": 1.6399816142936836 }, "geometry": { "type": "Polygon", "coordinates": [ [ [ 103.884560048610666, 1.635458922264557 ], [ 103.883323562682477, 1.635459204909887 ], [ 103.884560325866204, 1.636685095436242 ], [ 103.884560048610666, 1.635458922264557 ] ] ] } },
{ "type": "Feature", "properties": { "grid_id": "JB1000_R0039_C0039", "grid_m": 1000, "row_id": 39, "col_id": 39, "x_min": 36000.0, "y_min": -45000.0, "x_max": 37000.0, "y_max": -44000.0, "center_x": 36500.0, "center_y": -44500.0, "full_area_m2": 1000000, "inside_area_m2": 591957.6480807527, "coverage_frac": 0.59195764808075269, "is_edge": 1, "center_lon": 103.88905447659531, "center_lat": 1.6399795515499866 }, "geometry": { "type": "Polygon", "coordinates": [ [ [ 103.893548927601117, 1.64450016473452 ], [ 103.893546837544079, 1.635456844969171 ], [ 103.884560048610666, 1.635458922264557 ], [ 103.884560325866204, 1.636685095436242 ], [ 103.884725234734589, 1.636848554335316 ], [ 103.886322205270616, 1.638491445876784 ], [ 103.886613534025813, 1.638524150973803 ], [ 103.887315904151265, 1.638814121909755 ], [ 103.889261316294991, 1.640810697559472 ], [ 103.891154300247337, 1.642728983378716 ], [ 103.892111378547639, 1.644500501595755 ], [ 103.893548927601117, 1.64450016473452 ] ] ] } },
{ "type": "Feature", "properties": { "grid_id": "JB1000_R0039_C0040", "grid_m": 1000, "row_id": 39, "col_id": 40, "x_min": 37000.0, "y_min": -45000.0, "x_max": 38000.0, "y_max": -44000.0, "center_x": 37500.0, "center_y": -44500.0, "full_area_m2": 1000000, "inside_area_m2": 1000000.0, "coverage_frac": 1.0, "is_edge": 0, "center_lon": 103.89804128566, "center_lat": 1.6399774482104257 }, "geometry": { "type": "Polygon", "coordinates": [ [ [ 103.893546837544079, 1.635456844969171 ], [ 103.893548927601117, 1.64450016473452 ], [ 103.902535756852558, 1.644498035238785 ], [ 103.902533626458819, 1.635454727189934 ], [ 103.893546837544079, 1.635456844969171 ] ] ] } },
{ "type": "Feature", "properties": { "grid_id": "JB1000_R0039_C0041", "grid_m": 1000, "row_id": 39, "col_id": 41, "x_min": 38000.0, "y_min": -45000.0, "x_max": 39000.0, "y_max": -44000.0, "center_x": 38500.0, "center_y": -44500.0, "full_area_m2": 1000000, "inside_area_m2": 1000000.0, "coverage_frac": 1.0, "is_edge": 0, "center_lon": 103.90702809470572, "center_lat": 1.6399753042750527 }, "geometry": { "type": "Polygon", "coordinates": [ [ [ 103.902533626458819, 1.635454727189934 ], [ 103.902535756852558, 1.644498035238785 ], [ 103.911522586084757, 1.644495865035277 ], [ 103.911520415354559, 1.635452568926899 ], [ 103.902533626458819, 1.635454727189934 ] ] ] } },
{ "type": "Feature", "properties": { "grid_id": "JB1000_R0039_C0042", "grid_m": 1000, "row_id": 39, "col_id": 42, "x_min": 39000.0, "y_min": -45000.0, "x_max": 40000.0, "y_max": -44000.0, "center_x": 39500.0, "center_y": -44500.0, "full_area_m2": 1000000, "inside_area_m2": 1000000.0, "coverage_frac": 1.0, "is_edge": 0, "center_lon": 103.91601490373215, "center_lat": 1.6399731197439209 }, "geometry": { "type": "Polygon", "coordinates": [ [ [ 103.911520415354559, 1.635452568926899 ], [ 103.911522586084757, 1.644495865035277 ], [ 103.92050941529736, 1.644493654124049 ], [ 103.920507204230901, 1.635450370180118 ], [ 103.911520415354559, 1.635452568926899 ] ] ] } },
{ "type": "Feature", "properties": { "grid_id": "JB1000_R0039_C0043", "grid_m": 1000, "row_id": 39, "col_id": 43, "x_min": 40000.0, "y_min": -45000.0, "x_max": 41000.0, "y_max": -44000.0, "center_x": 40500.0, "center_y": -44500.0, "full_area_m2": 1000000, "inside_area_m2": 1000000.0, "coverage_frac": 1.0, "is_edge": 0, "center_lon": 103.9250017127389, "center_lat": 1.6399708946170837 }, "geometry": { "type": "Polygon", "coordinates": [ [ [ 103.920507204230901, 1.635450370180118 ], [ 103.92050941529736, 1.644493654124049 ], [ 103.929496244490011, 1.644491402505156 ], [ 103.929493993087505, 1.635448130949645 ], [ 103.920507204230901, 1.635450370180118 ] ] ] } },
{ "type": "Feature", "properties": { "grid_id": "JB1000_R0039_C0044", "grid_m": 1000, "row_id": 39, "col_id": 44, "x_min": 41000.0, "y_min": -45000.0, "x_max": 42000.0, "y_max": -44000.0, "center_x": 41500.0, "center_y": -44500.0, "full_area_m2": 1000000, "inside_area_m2": 1000000.0, "coverage_frac": 1.0, "is_edge": 0, "center_lon": 103.93398852172562, "center_lat": 1.6399686288945958 }, "geometry": { "type": "Polygon", "coordinates": [ [ [ 103.929493993087505, 1.635448130949645 ], [ 103.929496244490011, 1.644491402505156 ], [ 103.938483073662312, 1.644489110178654 ], [ 103.938480781924, 1.635445851235536 ], [ 103.929493993087505, 1.635448130949645 ] ] ] } },
{ "type": "Feature", "properties": { "grid_id": "JB1000_R0039_C0045", "grid_m": 1000, "row_id": 39, "col_id": 45, "x_min": 42000.0, "y_min": -45000.0, "x_max": 43000.0, "y_max": -44000.0, "center_x": 42500.0, "center_y": -44500.0, "full_area_m2": 1000000, "inside_area_m2": 1000000.0, "coverage_frac": 1.0, "is_edge": 0, "center_lon": 103.94297533069195, "center_lat": 1.6399663225765135 }, "geometry": { "type": "Polygon", "coordinates": [ [ [ 103.938480781924, 1.635445851235536 ], [ 103.938483073662312, 1.644489110178654 ], [ 103.94746990281395, 1.644486777144598 ], [ 103.947467570740045, 1.635443531037848 ], [ 103.938480781924, 1.635445851235536 ] ] ] } },
{ "type": "Feature", "properties": { "grid_id": "JB1000_R0039_C0046", "grid_m": 1000, "row_id": 39, "col_id": 46, "x_min": 43000.0, "y_min": -45000.0, "x_max": 44000.0, "y_max": -44000.0, "center_x": 43500.0, "center_y": -44500.0, "full_area_m2": 1000000, "inside_area_m2": 1000000.0, "coverage_frac": 1.0, "is_edge": 0, "center_lon": 103.95196213963753, "center_lat": 1.6399639756628936 }, "geometry": { "type": "Polygon", "coordinates": [ [ [ 103.947467570740045, 1.635443531037848 ], [ 103.94746990281395, 1.644486777144598 ], [ 103.956456731944527, 1.644484403403047 ], [ 103.956454359535272, 1.635441170356636 ], [ 103.947467570740045, 1.635443531037848 ] ] ] } },
{ "type": "Feature", "properties": { "grid_id": "JB1000_R0039_C0047", "grid_m": 1000, "row_id": 39, "col_id": 47, "x_min": 44000.0, "y_min": -45000.0, "x_max": 45000.0, "y_max": -44000.0, "center_x": 44500.0, "center_y": -44500.0, "full_area_m2": 1000000, "inside_area_m2": 999257.80862254417, "coverage_frac": 0.99925780862254421, "is_edge": 1, "center_lon": 103.96094894856198, "center_lat": 1.6399615881537934 }, "geometry": { "type": "Polygon", "coordinates": [ [ [ 103.96544114830931, 1.63543876919196 ], [ 103.956454359535272, 1.635441170356636 ], [ 103.956456731944527, 1.644484403403047 ], [ 103.964686632944833, 1.644482193884291 ], [ 103.965443518416805, 1.644322613727448 ], [ 103.96544114830931, 1.63543876919196 ] ] ] } },
{ "type": "Feature", "properties": { "grid_id": "JB1000_R0039_C0048", "grid_m": 1000, "row_id": 39, "col_id": 48, "x_min": 45000.0, "y_min": -45000.0, "x_max": 46000.0, "y_max": -44000.0, "center_x": 45500.0, "center_y": -44500.0, "full_area_m2": 1000000, "inside_area_m2": 798578.8564703603, "coverage_frac": 0.79857885647036031, "is_edge": 1, "center_lon": 103.96993575746494, "center_lat": 1.6399591600492724 }, "geometry": { "type": "Polygon", "coordinates": [ [ [ 103.96544114830931, 1.63543876919196 ], [ 103.965443518416805, 1.644322613727448 ], [ 103.969496781404558, 1.643468027543742 ], [ 103.97394913295696, 1.642529303337213 ], [ 103.973087397646083, 1.635436694328136 ], [ 103.96544114830931, 1.63543876919196 ] ] ] } },
{ "type": "Feature", "properties": { "grid_id": "JB1000_R0040_C0021", "grid_m": 1000, "row_id": 40, "col_id": 21, "x_min": 18000.0, "y_min": -44000.0, "x_max": 19000.0, "y_max": -43000.0, "center_x": 18500.0, "center_y": -43500.0, "full_area_m2": 1000000, "inside_area_m2": 131708.68634427374, "coverage_frac": 0.13170868634427374, "is_edge": 1, "center_lon": 103.72729325810953, "center_lat": 1.6490539654336835 }, "geometry": { "type": "Polygon", "coordinates": [ [ [ 103.731787369698424, 1.653575026112476 ], [ 103.73178655217535, 1.648190355065367 ], [ 103.731024930612193, 1.649221775111345 ], [ 103.730145118995466, 1.650413090454888 ], [ 103.72927025002609, 1.651599790996405 ], [ 103.728391987973765, 1.652789951923278 ], [ 103.72781246947649, 1.65357563423821 ], [ 103.731787369698424, 1.653575026112476 ] ] ] } },
{ "type": "Feature", "properties": { "grid_id": "JB1000_R0040_C0022", "grid_m": 1000, "row_id": 40, "col_id": 22, "x_min": 19000.0, "y_min": -44000.0, "x_max": 20000.0, "y_max": -43000.0, "center_x": 19500.0, "center_y": -43500.0, "full_area_m2": 1000000, "inside_area_m2": 939192.02400056401, "coverage_frac": 0.93919202400056401, "is_edge": 1, "center_lon": 103.73628010790455, "center_lat": 1.6490525852536735 }, "geometry": { "type": "Polygon", "coordinates": [ [ [ 103.731787369698424, 1.653575026112476 ], [ 103.740774239796323, 1.653573621679677 ], [ 103.740772827737018, 1.64453013782577 ], [ 103.734487316004575, 1.644531119009503 ], [ 103.734222004286991, 1.64489107254164 ], [ 103.733178506570212, 1.646304138472916 ], [ 103.733139364179337, 1.646357388493117 ], [ 103.731911506193086, 1.648021136960215 ], [ 103.73178655217535, 1.648190355065367 ], [ 103.731787369698424, 1.653575026112476 ] ] ] } },
{ "type": "Feature", "properties": { "grid_id": "JB1000_R0040_C0023", "grid_m": 1000, "row_id": 40, "col_id": 23, "x_min": 20000.0, "y_min": -44000.0, "x_max": 21000.0, "y_max": -43000.0, "center_x": 20500.0, "center_y": -43500.0, "full_area_m2": 1000000, "inside_area_m2": 1000000.0, "coverage_frac": 1.0, "is_edge": 0, "center_lon": 103.74526695768701, "center_lat": 1.6490511642530918 }, "geometry": { "type": "Polygon", "coordinates": [ [ [ 103.740772827737018, 1.64453013782577 ], [ 103.740774239796323, 1.653573621679677 ], [ 103.749761109881405, 1.653572176314333 ], [ 103.749759657259688, 1.644528700369388 ], [ 103.740772827737018, 1.64453013782577 ] ] ] } },
{ "type": "Feature", "properties": { "grid_id": "JB1000_R0040_C0024", "grid_m": 1000, "row_id": 40, "col_id": 24, "x_min": 21000.0, "y_min": -44000.0, "x_max": 22000.0, "y_max": -43000.0, "center_x": 21500.0, "center_y": -43500.0, "full_area_m2": 1000000, "inside_area_m2": 1000000.0, "coverage_frac": 1.0, "is_edge": 0, "center_lon": 103.75425380745652, "center_lat": 1.6490497024319735 }, "geometry": { "type": "Polygon", "coordinates": [ [ [ 103.749759657259688, 1.644528700369388 ], [ 103.749761109881405, 1.653572176314333 ], [ 103.758747979953299, 1.65357069001648 ], [ 103.758746486769326, 1.644527222204477 ], [ 103.749759657259688, 1.644528700369388 ] ] ] } },
{ "type": "Feature", "properties": { "grid_id": "JB1000_R0040_C0025", "grid_m": 1000, "row_id": 40, "col_id": 25, "x_min": 22000.0, "y_min": -44000.0, "x_max": 23000.0, "y_max": -43000.0, "center_x": 22500.0, "center_y": -43500.0, "full_area_m2": 1000000, "inside_area_m2": 1000000.0, "coverage_frac": 1.0, "is_edge": 0, "center_lon": 103.76324065721275, "center_lat": 1.6490481997903546 }, "geometry": { "type": "Polygon", "coordinates": [ [ [ 103.758746486769326, 1.644527222204477 ], [ 103.758747979953299, 1.65357069001648 ], [ 103.767734850011635, 1.653569162786154 ], [ 103.767733316265549, 1.644525703331074 ], [ 103.758746486769326, 1.644527222204477 ] ] ] } },
{ "type": "Feature", "properties": { "grid_id": "JB1000_R0040_C0026", "grid_m": 1000, "row_id": 40, "col_id": 26, "x_min": 23000.0, "y_min": -44000.0, "x_max": 24000.0, "y_max": -43000.0, "center_x": 23500.0, "center_y": -43500.0, "full_area_m2": 1000000, "inside_area_m2": 737040.10393370362, "coverage_frac": 0.73704010393370367, "is_edge": 1, "center_lon": 103.77222750695532, "center_lat": 1.649046656328272 }, "geometry": { "type": "Polygon", "coordinates": [ [ [ 103.767733316265549, 1.644525703331074 ], [ 103.767734850011635, 1.653569162786154 ], [ 103.776375913087193, 1.653567655722156 ], [ 103.776370263711456, 1.652883007213208 ], [ 103.776363694858802, 1.652069263642887 ], [ 103.774607434932861, 1.650636980503661 ], [ 103.772934439160721, 1.64927252084217 ], [ 103.77283560087659, 1.647637784470011 ], [ 103.773012517164915, 1.647106039334479 ], [ 103.77323687871899, 1.64643104705568 ], [ 103.773490923415622, 1.6462636595503 ], [ 103.77497468672918, 1.64528748422362 ], [ 103.774948465783353, 1.644524454429632 ], [ 103.767733316265549, 1.644525703331074 ] ] ] } },
{ "type": "Feature", "properties": { "grid_id": "JB1000_R0040_C0039", "grid_m": 1000, "row_id": 40, "col_id": 39, "x_min": 36000.0, "y_min": -44000.0, "x_max": 37000.0, "y_max": -43000.0, "center_x": 36500.0, "center_y": -43500.0, "full_area_m2": 1000000, "inside_area_m2": 23546.106812054237, "coverage_frac": 0.023546106812054237, "is_edge": 1, "center_lon": 103.88905655219868, "center_lat": 1.6490228766776907 }, "geometry": { "type": "Polygon", "coordinates": [ [ [ 103.893548927601117, 1.64450016473452 ], [ 103.892111378547639, 1.644500501595755 ], [ 103.893549545105898, 1.64716248798542 ], [ 103.893548927601117, 1.64450016473452 ] ] ] } },
{ "type": "Feature", "properties": { "grid_id": "JB1000_R0040_C0040", "grid_m": 1000, "row_id": 40, "col_id": 40, "x_min": 37000.0, "y_min": -44000.0, "x_max": 38000.0, "y_max": -43000.0, "center_x": 37500.0, "center_y": -43500.0, "full_area_m2": 1000000, "inside_area_m2": 800118.57615517022, "coverage_frac": 0.80011857615517024, "is_edge": 1, "center_lon": 103.8980434017115, "center_lat": 1.649020761733569 }, "geometry": { "type": "Polygon", "coordinates": [ [ [ 103.902537899009928, 1.653541342462546 ], [ 103.902535756852558, 1.644498035238785 ], [ 103.893548927601117, 1.64450016473452 ], [ 103.893549545105898, 1.64716248798542 ], [ 103.893910159030781, 1.647829967595231 ], [ 103.895847205058374, 1.651304120245662 ], [ 103.898211467343373, 1.650432782929411 ], [ 103.89823984893485, 1.653542371623106 ], [ 103.902537899009928, 1.653541342462546 ] ] ] } },
{ "type": "Feature", "properties": { "grid_id": "JB1000_R0040_C0041", "grid_m": 1000, "row_id": 40, "col_id": 41, "x_min": 38000.0, "y_min": -44000.0, "x_max": 39000.0, "y_max": -43000.0, "center_x": 38500.0, "center_y": -43500.0, "full_area_m2": 1000000, "inside_area_m2": 1000000.0, "coverage_frac": 1.0, "is_edge": 0, "center_lon": 103.90703025120519, "center_lat": 1.6490186059696601 }, "geometry": { "type": "Polygon", "coordinates": [ [ [ 103.902535756852558, 1.644498035238785 ], [ 103.902537899009928, 1.653541342462546 ], [ 103.911524768801328, 1.653539160318463 ], [ 103.911522586084757, 1.644495865035277 ], [ 103.902535756852558, 1.644498035238785 ] ] ] } },
{ "type": "Feature", "properties": { "grid_id": "JB1000_R0040_C0042", "grid_m": 1000, "row_id": 40, "col_id": 42, "x_min": 39000.0, "y_min": -44000.0, "x_max": 40000.0, "y_max": -43000.0, "center_x": 39500.0, "center_y": -43500.0, "full_area_m2": 1000000, "inside_area_m2": 1000000.0, "coverage_frac": 1.0, "is_edge": 0, "center_lon": 103.91601710067934, "center_lat": 1.6490164093860169 }, "geometry": { "type": "Polygon", "coordinates": [ [ [ 103.911522586084757, 1.644495865035277 ], [ 103.911524768801328, 1.653539160318463 ], [ 103.920511638572918, 1.653536937242684 ], [ 103.92050941529736, 1.644493654124049 ], [ 103.911522586084757, 1.644495865035277 ] ] ] } },
{ "type": "Feature", "properties": { "grid_id": "JB1000_R0040_C0043", "grid_m": 1000, "row_id": 40, "col_id": 43, "x_min": 40000.0, "y_min": -44000.0, "x_max": 41000.0, "y_max": -43000.0, "center_x": 40500.0, "center_y": -43500.0, "full_area_m2": 1000000, "inside_area_m2": 1000000.0, "coverage_frac": 1.0, "is_edge": 0, "center_lon": 103.92500395013361, "center_lat": 1.6490141719826936 }, "geometry": { "type": "Polygon", "coordinates": [ [ [ 103.92050941529736, 1.644493654124049 ], [ 103.920511638572918, 1.653536937242684 ], [ 103.929498508324343, 1.653534673235264 ], [ 103.929496244490011, 1.644491402505156 ], [ 103.92050941529736, 1.644493654124049 ] ] ] } },
{ "type": "Feature", "properties": { "grid_id": "JB1000_R0040_C0044", "grid_m": 1000, "row_id": 40, "col_id": 44, "x_min": 41000.0, "y_min": -44000.0, "x_max": 42000.0, "y_max": -43000.0, "center_x": 41500.0, "center_y": -43500.0, "full_area_m2": 1000000, "inside_area_m2": 1000000.0, "coverage_frac": 1.0, "is_edge": 0, "center_lon": 103.93399079956762, "center_lat": 1.6490118937597451 }, "geometry": { "type": "Polygon", "coordinates": [ [ [ 103.929496244490011, 1.644491402505156 ], [ 103.929498508324343, 1.653534673235264 ], [ 103.938485378055205, 1.653532368296259 ], [ 103.938483073662312, 1.644489110178654 ], [ 103.929496244490011, 1.644491402505156 ] ] ] } },
{ "type": "Feature", "properties": { "grid_id": "JB1000_R0040_C0045", "grid_m": 1000, "row_id": 40, "col_id": 45, "x_min": 42000.0, "y_min": -44000.0, "x_max": 43000.0, "y_max": -43000.0, "center_x": 42500.0, "center_y": -43500.0, "full_area_m2": 1000000, "inside_area_m2": 935627.9509065192, "coverage_frac": 0.93562795090651918, "is_edge": 1, "center_lon": 103.94297764898101, "center_lat": 1.6490095747172275 }, "geometry": { "type": "Polygon", "coordinates": [ [ [ 103.94746990281395, 1.644486777144598 ], [ 103.938483073662312, 1.644489110178654 ], [ 103.938485378055205, 1.653532368296259 ], [ 103.941315058627538, 1.653531634070945 ], [ 103.944922609569304, 1.65242827812611 ], [ 103.947471873071436, 1.652088353024385 ], [ 103.94746990281395, 1.644486777144598 ] ] ] } },
{ "type": "Feature", "properties": { "grid_id": "JB1000_R0040_C0046", "grid_m": 1000, "row_id": 40, "col_id": 46, "x_min": 43000.0, "y_min": -44000.0, "x_max": 44000.0, "y_max": -43000.0, "center_x": 43500.0, "center_y": -43500.0, "full_area_m2": 1000000, "inside_area_m2": 710195.97884088033, "coverage_frac": 0.71019597884088037, "is_edge": 1, "center_lon": 103.95196449837341, "center_lat": 1.6490072148551984 }, "geometry": { "type": "Polygon", "coordinates": [ [ [ 103.956456731944527, 1.644484403403047 ], [ 103.94746990281395, 1.644486777144598 ], [ 103.947471873071436, 1.652088353024385 ], [ 103.952754610704588, 1.651383929759805 ], [ 103.954860075482458, 1.650009552619917 ], [ 103.955542685742188, 1.648578252953689 ], [ 103.956457409779588, 1.647059066637959 ], [ 103.956456731944527, 1.644484403403047 ] ] ] } },
{ "type": "Feature", "properties": { "grid_id": "JB1000_R0040_C0047", "grid_m": 1000, "row_id": 40, "col_id": 47, "x_min": 44000.0, "y_min": -44000.0, "x_max": 45000.0, "y_max": -43000.0, "center_x": 44500.0, "center_y": -43500.0, "full_area_m2": 1000000, "inside_area_m2": 93828.796216687202, "coverage_frac": 0.093828796216687202, "is_edge": 1, "center_lon": 103.96095134774447, "center_lat": 1.6490048141737155 }, "geometry": { "type": "Polygon", "coordinates": [ [ [ 103.956456731944527, 1.644484403403047 ], [ 103.956457409779588, 1.647059066637959 ], [ 103.956680271959371, 1.646688933796341 ], [ 103.958159654687435, 1.645829916354544 ], [ 103.959534026292317, 1.64556855146059 ], [ 103.964686632944833, 1.644482193884291 ], [ 103.956456731944527, 1.644484403403047 ] ] ] } },
{ "type": "Feature", "properties": { "grid_id": "JB1000_R0041_C0021", "grid_m": 1000, "row_id": 41, "col_id": 21, "x_min": 18000.0, "y_min": -43000.0, "x_max": 19000.0, "y_max": -42000.0, "center_x": 18500.0, "center_y": -42500.0, "full_area_m2": 1000000, "inside_area_m2": 728323.55547101423, "coverage_frac": 0.72832355547101424, "is_edge": 1, "center_lon": 103.72729461303511, "center_lat": 1.6580974603176386 }, "geometry": { "type": "Polygon", "coordinates": [ [ [ 103.731788748726913, 1.662618516823339 ], [ 103.731787369698424, 1.653575026112476 ], [ 103.72781246947649, 1.65357563423821 ], [ 103.727496756882871, 1.654003661381131 ], [ 103.726380841001685, 1.655516014564569 ], [ 103.723850205537587, 1.65894663453313 ], [ 103.722890872935068, 1.660207716683633 ], [ 103.724826501351416, 1.661374457834984 ], [ 103.726967986934028, 1.662619257352133 ], [ 103.731788748726913, 1.662618516823339 ] ] ] } },
{ "type": "Feature", "properties": { "grid_id": "JB1000_R0041_C0022", "grid_m": 1000, "row_id": 41, "col_id": 22, "x_min": 19000.0, "y_min": -43000.0, "x_max": 20000.0, "y_max": -42000.0, "center_x": 19500.0, "center_y": -42500.0, "full_area_m2": 1000000, "inside_area_m2": 1000000.0, "coverage_frac": 1.0, "is_edge": 0, "center_lon": 103.73628150350413, "center_lat": 1.6580960725646052 }, "geometry": { "type": "Polygon", "coordinates": [ [ [ 103.731787369698424, 1.653575026112476 ], [ 103.731788748726913, 1.662618516823339 ], [ 103.740775659610122, 1.662617104705492 ], [ 103.740774239796323, 1.653573621679677 ], [ 103.731787369698424, 1.653575026112476 ] ] ] } },
{ "type": "Feature", "properties": { "grid_id": "JB1000_R0041_C0023", "grid_m": 1000, "row_id": 41, "col_id": 23, "x_min": 20000.0, "y_min": -43000.0, "x_max": 21000.0, "y_max": -42000.0, "center_x": 20500.0, "center_y": -42500.0, "full_area_m2": 1000000, "inside_area_m2": 1000000.0, "coverage_frac": 1.0, "is_edge": 0, "center_lon": 103.74526839396043, "center_lat": 1.6580946437670183 }, "geometry": { "type": "Polygon", "coordinates": [ [ [ 103.740774239796323, 1.653573621679677 ], [ 103.740775659610122, 1.662617104705492 ], [ 103.749762570480371, 1.662615651431118 ], [ 103.749761109881405, 1.653572176314333 ], [ 103.740774239796323, 1.653573621679677 ] ] ] } },
{ "type": "Feature", "properties": { "grid_id": "JB1000_R0041_C0024", "grid_m": 1000, "row_id": 41, "col_id": 24, "x_min": 21000.0, "y_min": -43000.0, "x_max": 22000.0, "y_max": -42000.0, "center_x": 21500.0, "center_y": -42500.0, "full_area_m2": 1000000, "inside_area_m2": 1000000.0, "coverage_frac": 1.0, "is_edge": 0, "center_lon": 103.75425528440367, "center_lat": 1.6580931739249132 }, "geometry": { "type": "Polygon", "coordinates": [ [ [ 103.749761109881405, 1.653572176314333 ], [ 103.749762570480371, 1.662615651431118 ], [ 103.758749481337276, 1.662614157000252 ], [ 103.758747979953299, 1.65357069001648 ], [ 103.749761109881405, 1.653572176314333 ] ] ] } },
{ "type": "Feature", "properties": { "grid_id": "JB1000_R0041_C0025", "grid_m": 1000, "row_id": 41, "col_id": 25, "x_min": 22000.0, "y_min": -43000.0, "x_max": 23000.0, "y_max": -42000.0, "center_x": 22500.0, "center_y": -42500.0, "full_area_m2": 1000000, "inside_area_m2": 837484.73489407392, "coverage_frac": 0.83748473489407393, "is_edge": 1, "center_lon": 103.76324217483347, "center_lat": 1.6580916630383262 }, "geometry": { "type": "Polygon", "coordinates": [ [ [ 103.767734850011635, 1.653569162786154 ], [ 103.758747979953299, 1.65357069001648 ], [ 103.758749481337276, 1.662614157000252 ], [ 103.765409284188834, 1.662613022993082 ], [ 103.765420800598832, 1.662146133403974 ], [ 103.765435218316981, 1.661558741743002 ], [ 103.765452112281523, 1.660877794931013 ], [ 103.765474534896924, 1.659970218574531 ], [ 103.765487415957381, 1.659452538031042 ], [ 103.765496325096763, 1.659094948954004 ], [ 103.765509833078738, 1.658557460105556 ], [ 103.765543000936262, 1.657298545641817 ], [ 103.76556635066764, 1.656349912618206 ], [ 103.766890569299989, 1.65680885138306 ], [ 103.767531270235523, 1.657137204795608 ], [ 103.76773547529713, 1.657241866539941 ], [ 103.767734850011635, 1.653569162786154 ] ] ] } },
{ "type": "Feature", "properties": { "grid_id": "JB1000_R0041_C0026", "grid_m": 1000, "row_id": 41, "col_id": 26, "x_min": 23000.0, "y_min": -43000.0, "x_max": 24000.0, "y_max": -42000.0, "center_x": 23500.0, "center_y": -42500.0, "full_area_m2": 1000000, "inside_area_m2": 442280.06218805129, "coverage_frac": 0.44228006218805127, "is_edge": 1, "center_lon": 103.77222906524945, "center_lat": 1.6580901111072945 }, "geometry": { "type": "Polygon", "coordinates": [ [ [ 103.767734850011635, 1.653569162786154 ], [ 103.76773547529713, 1.657241866539941 ], [ 103.767927448931175, 1.657340259245295 ], [ 103.769363756698155, 1.659437017871957 ], [ 103.770175727445974, 1.658355075049847 ], [ 103.770897473049772, 1.658240198790672 ], [ 103.771696287595717, 1.658113047247123 ], [ 103.772126969803054, 1.657862274702353 ], [ 103.773341604049946, 1.657154442465759 ], [ 103.773652661687237, 1.656973137725933 ], [ 103.774718187815012, 1.657019847941374 ], [ 103.775010455978787, 1.657032762193984 ], [ 103.775674511311109, 1.65665064922079 ], [ 103.775885364177668, 1.656371417373653 ], [ 103.776419304333018, 1.655863959882626 ], [ 103.776641558073209, 1.65556280953452 ], [ 103.776609390620536, 1.654698381031592 ], [ 103.776593633562129, 1.654277898320947 ], [ 103.77637932684361, 1.653981366131825 ], [ 103.776375913087193, 1.653567655722156 ], [ 103.767734850011635, 1.653569162786154 ] ] ] } },
{ "type": "Feature", "properties": { "grid_id": "JB1000_R0041_C0040", "grid_m": 1000, "row_id": 41, "col_id": 40, "x_min": 37000.0, "y_min": -43000.0, "x_max": 38000.0, "y_max": -42000.0, "center_x": 37500.0, "center_y": -42500.0, "full_area_m2": 1000000, "inside_area_m2": 473299.82903604052, "coverage_frac": 0.47329982903604051, "is_edge": 1, "center_lon": 103.89804552941546, "center_lat": 1.6580640744294088 }, "geometry": { "type": "Polygon", "coordinates": [ [ [ 103.902540052931244, 1.662584648856687 ], [ 103.902537899009928, 1.653541342462546 ], [ 103.89823984893485, 1.653542371623106 ], [ 103.898282754494858, 1.658242953446771 ], [ 103.898340554105403, 1.662585660022637 ], [ 103.902540052931244, 1.662584648856687 ] ] ] } },
{ "type": "Feature", "properties": { "grid_id": "JB1000_R0041_C0041", "grid_m": 1000, "row_id": 41, "col_id": 41, "x_min": 38000.0, "y_min": -43000.0, "x_max": 39000.0, "y_max": -42000.0, "center_x": 38500.0, "center_y": -42500.0, "full_area_m2": 1000000, "inside_area_m2": 1000000.0, "coverage_frac": 1.0, "is_edge": 0, "center_lon": 103.90703241957981, "center_lat": 1.6580619068368616 }, "geometry": { "type": "Polygon", "coordinates": [ [ [ 103.902537899009928, 1.653541342462546 ], [ 103.902540052931244, 1.662584648856687 ], [ 103.911526963504585, 1.662582454771925 ], [ 103.911524768801328, 1.653539160318463 ], [ 103.902537899009928, 1.653541342462546 ] ] ] } },
{ "type": "Feature", "properties": { "grid_id": "JB1000_R0041_C0042", "grid_m": 1000, "row_id": 41, "col_id": 42, "x_min": 39000.0, "y_min": -43000.0, "x_max": 40000.0, "y_max": -42000.0, "center_x": 39500.0, "center_y": -42500.0, "full_area_m2": 1000000, "inside_area_m2": 1000000.0, "coverage_frac": 1.0, "is_edge": 0, "center_lon": 103.91601930972443, "center_lat": 1.6580596982006028 }, "geometry": { "type": "Polygon", "coordinates": [ [ [ 103.911524768801328, 1.653539160318463 ], [ 103.911526963504585, 1.662582454771925 ], [ 103.920513874057889, 1.66258021953149 ], [ 103.920511638572918, 1.653536937242684 ], [ 103.911524768801328, 1.653539160318463 ] ] ] } },
{ "type": "Feature", "properties": { "grid_id": "JB1000_R0041_C0043", "grid_m": 1000, "row_id": 41, "col_id": 43, "x_min": 40000.0, "y_min": -43000.0, "x_max": 41000.0, "y_max": -42000.0, "center_x": 40500.0, "center_y": -42500.0, "full_area_m2": 1000000, "inside_area_m2": 833498.37891750003, "coverage_frac": 0.8334983789175, "is_edge": 1, "center_lon": 103.92500619984894, "center_lat": 1.6580574485206874 }, "geometry": { "type": "Polygon", "coordinates": [ [ [ 103.929498508324343, 1.653534673235264 ], [ 103.920511638572918, 1.653536937242684 ], [ 103.920513874057889, 1.66258021953149 ], [ 103.92810840396983, 1.66257829852149 ], [ 103.927830354992849, 1.66216277287548 ], [ 103.927110509503066, 1.66071300881963 ], [ 103.926920696120064, 1.659568332905715 ], [ 103.927039283213432, 1.659028954297004 ], [ 103.927174183173804, 1.658233334823095 ], [ 103.927367366394023, 1.657521963446612 ], [ 103.927830952750142, 1.656928283740239 ], [ 103.928673731513811, 1.656228584185526 ], [ 103.929499027229866, 1.655600560966956 ], [ 103.929498508324343, 1.653534673235264 ] ] ] } },
{ "type": "Feature", "properties": { "grid_id": "JB1000_R0041_C0044", "grid_m": 1000, "row_id": 41, "col_id": 44, "x_min": 41000.0, "y_min": -43000.0, "x_max": 42000.0, "y_max": -42000.0, "center_x": 41500.0, "center_y": -42500.0, "full_area_m2": 1000000, "inside_area_m2": 102149.40901930172, "coverage_frac": 0.10214940901930172, "is_edge": 1, "center_lon": 103.93399308995298, "center_lat": 1.6580551577971701 }, "geometry": { "type": "Polygon", "coordinates": [ [ [ 103.938485378055205, 1.653532368296259 ], [ 103.929498508324343, 1.653534673235264 ], [ 103.929499027229866, 1.655600560966956 ], [ 103.929537486304014, 1.655571294848234 ], [ 103.930043630988663, 1.655087338860409 ], [ 103.930811575545547, 1.654797514431219 ], [ 103.932010784359647, 1.654314666751145 ], [ 103.933773057313786, 1.654298453890219 ], [ 103.934578084587102, 1.654386617735869 ], [ 103.935297641145993, 1.654362350365686 ], [ 103.936231798827478, 1.654312194260353 ], [ 103.93848555030489, 1.65420634882608 ], [ 103.938485378055205, 1.653532368296259 ] ] ] } },
{ "type": "Feature", "properties": { "grid_id": "JB1000_R0041_C0045", "grid_m": 1000, "row_id": 41, "col_id": 45, "x_min": 42000.0, "y_min": -43000.0, "x_max": 43000.0, "y_max": -42000.0, "center_x": 42500.0, "center_y": -42500.0, "full_area_m2": 1000000, "inside_area_m2": 12639.822554622304, "coverage_frac": 0.012639822554622303, "is_edge": 1, "center_lon": 103.94297998003617, "center_lat": 1.6580528260301077 }, "geometry": { "type": "Polygon", "coordinates": [ [ [ 103.938485378055205, 1.653532368296259 ], [ 103.93848555030489, 1.65420634882608 ], [ 103.938678813293365, 1.654197272284699 ], [ 103.941011973886319, 1.653624331107382 ], [ 103.941315058627538, 1.653531634070945 ], [ 103.938485378055205, 1.653532368296259 ] ] ] } },
{ "type": "Feature", "properties": { "grid_id": "JB1000_R0042_C0021", "grid_m": 1000, "row_id": 42, "col_id": 21, "x_min": 18000.0, "y_min": -42000.0, "x_max": 19000.0, "y_max": -41000.0, "center_x": 18500.0, "center_y": -41500.0, "full_area_m2": 1000000, "inside_area_m2": 83144.17119050039, "coverage_frac": 0.083144171190500396, "is_edge": 1, "center_lon": 103.72729597538115, "center_lat": 1.6671409543713389 }, "geometry": { "type": "Polygon", "coordinates": [ [ [ 103.731788748726913, 1.662618516823339 ], [ 103.726967986934028, 1.662619257352133 ], [ 103.730210749006275, 1.664504196675206 ], [ 103.731789177835054, 1.665422520844394 ], [ 103.731788748726913, 1.662618516823339 ] ] ] } },
{ "type": "Feature", "properties": { "grid_id": "JB1000_R0042_C0022", "grid_m": 1000, "row_id": 42, "col_id": 22, "x_min": 19000.0, "y_min": -42000.0, "x_max": 20000.0, "y_max": -41000.0, "center_x": 19500.0, "center_y": -41500.0, "full_area_m2": 1000000, "inside_area_m2": 595464.8614113956, "coverage_frac": 0.59546486141139565, "is_edge": 1, "center_lon": 103.73628290674692, "center_lat": 1.667139559045216 }, "geometry": { "type": "Polygon", "coordinates": [ [ [ 103.740775659610122, 1.662617104705492 ], [ 103.731788748726913, 1.662618516823339 ], [ 103.731789177835054, 1.665422520844394 ], [ 103.737310826991489, 1.66863497704238 ], [ 103.739885645026845, 1.670131798529635 ], [ 103.74077681936663, 1.669967766172513 ], [ 103.740775659610122, 1.662617104705492 ] ] ] } },
{ "type": "Feature", "properties": { "grid_id": "JB1000_R0042_C0023", "grid_m": 1000, "row_id": 42, "col_id": 23, "x_min": 20000.0, "y_min": -42000.0, "x_max": 21000.0, "y_max": -41000.0, "center_x": 20500.0, "center_y": -41500.0, "full_area_m2": 1000000, "inside_area_m2": 736930.00737416837, "coverage_frac": 0.73693000737416836, "is_edge": 1, "center_lon": 103.74526983809984, "center_lat": 1.6671381224505564 }, "geometry": { "type": "Polygon", "coordinates": [ [ [ 103.749762570480371, 1.662615651431118 ], [ 103.740775659610122, 1.662617104705492 ], [ 103.74077681936663, 1.669967766172513 ], [ 103.742059192074038, 1.669731727899619 ], [ 103.744293760866867, 1.669415044481418 ], [ 103.746017510187215, 1.669170917927199 ], [ 103.747131093177444, 1.669013726570391 ], [ 103.749763547937889, 1.668640284465111 ], [ 103.749762570480371, 1.662615651431118 ] ] ] } },
{ "type": "Feature", "properties": { "grid_id": "JB1000_R0042_C0024", "grid_m": 1000, "row_id": 42, "col_id": 24, "x_min": 21000.0, "y_min": -42000.0, "x_max": 22000.0, "y_max": -41000.0, "center_x": 21500.0, "center_y": -41500.0, "full_area_m2": 1000000, "inside_area_m2": 595919.34115117043, "coverage_frac": 0.5959193411511704, "is_edge": 1, "center_lon": 103.75425676943955, "center_lat": 1.667136644587395 }, "geometry": { "type": "Polygon", "coordinates": [ [ [ 103.758749481337276, 1.662614157000252 ], [ 103.749762570480371, 1.662615651431118 ], [ 103.749763547937889, 1.668640284465111 ], [ 103.749772949212129, 1.668638950786686 ], [ 103.751222601333609, 1.668433447394046 ], [ 103.752141950308044, 1.668303281438668 ], [ 103.753024327898501, 1.668178386278502 ], [ 103.753717411976822, 1.668080619385396 ], [ 103.754804795217183, 1.667926776341631 ], [ 103.755889406331875, 1.667772933216868 ], [ 103.757181818476894, 1.667590045607695 ], [ 103.758473919405048, 1.667407252805043 ], [ 103.758750273847227, 1.667367971052111 ], [ 103.758749481337276, 1.662614157000252 ] ] ] } },
{ "type": "Feature", "properties": { "grid_id": "JB1000_R0042_C0025", "grid_m": 1000, "row_id": 42, "col_id": 25, "x_min": 22000.0, "y_min": -42000.0, "x_max": 23000.0, "y_max": -41000.0, "center_x": 22500.0, "center_y": -41500.0, "full_area_m2": 1000000, "inside_area_m2": 348739.23984027805, "coverage_frac": 0.34873923984027805, "is_edge": 1, "center_lon": 103.76324370076567, "center_lat": 1.6671351254557683 }, "geometry": { "type": "Polygon", "coordinates": [ [ [ 103.758749481337276, 1.662614157000252 ], [ 103.758750273847227, 1.667367971052111 ], [ 103.759662130662605, 1.66723835703511 ], [ 103.759786987943855, 1.667220720064703 ], [ 103.760833053882109, 1.667073009361766 ], [ 103.761334674495998, 1.667001980871637 ], [ 103.761765987650207, 1.666941017353318 ], [ 103.761927528493686, 1.666918204535463 ], [ 103.762520714813263, 1.666834907535409 ], [ 103.762969913997054, 1.666771357479422 ], [ 103.763541511020122, 1.666690550698895 ], [ 103.764484598804401, 1.666556061691672 ], [ 103.765315174467531, 1.666437773184142 ], [ 103.765334217497298, 1.665659808557701 ], [ 103.765353867912509, 1.664857326781121 ], [ 103.765370448390229, 1.664186667588931 ], [ 103.765387640513467, 1.663485816401143 ], [ 103.765404514132641, 1.662806407205591 ], [ 103.765409284188834, 1.662613022993082 ], [ 103.758749481337276, 1.662614157000252 ] ] ] } },
{ "type": "Feature", "properties": { "grid_id": "JB1000_R0042_C0040", "grid_m": 1000, "row_id": 42, "col_id": 40, "x_min": 37000.0, "y_min": -42000.0, "x_max": 38000.0, "y_max": -41000.0, "center_x": 37500.0, "center_y": -41500.0, "full_area_m2": 1000000, "inside_area_m2": 192148.96405171204, "coverage_frac": 0.19214896405171203, "is_edge": 1, "center_lon": 103.89804766877209, "center_lat": 1.667107386293412 }, "geometry": { "type": "Polygon", "coordinates": [ [ [ 103.902540052931244, 1.662584648856687 ], [ 103.898340554105403, 1.662585660022637 ], [ 103.898345519469245, 1.662958716561849 ], [ 103.900899227929159, 1.662889460287573 ], [ 103.901003424253929, 1.66287988347574 ], [ 103.900401178420495, 1.66946260387988 ], [ 103.900373808335885, 1.669827109698221 ], [ 103.901135753456586, 1.670462961081333 ], [ 103.902270078526044, 1.670790104605278 ], [ 103.90254195847163, 1.670544250884748 ], [ 103.902540052931244, 1.662584648856687 ] ] ] } },
{ "type": "Feature", "properties": { "grid_id": "JB1000_R0042_C0041", "grid_m": 1000, "row_id": 42, "col_id": 41, "x_min": 38000.0, "y_min": -42000.0, "x_max": 39000.0, "y_max": -41000.0, "center_x": 38500.0, "center_y": -41500.0, "full_area_m2": 1000000, "inside_area_m2": 873004.70240108878, "coverage_frac": 0.87300470240108874, "is_edge": 1, "center_lon": 103.90703459982987, "center_lat": 1.6671052068721242 }, "geometry": { "type": "Polygon", "coordinates": [ [ [ 103.911529170194768, 1.67162574839113 ], [ 103.911526963504585, 1.662582454771925 ], [ 103.902540052931244, 1.662584648856687 ], [ 103.90254195847163, 1.670544250884748 ], [ 103.903246343724035, 1.669907293914498 ], [ 103.905271238262927, 1.669500341032481 ], [ 103.905863073146165, 1.668786135642716 ], [ 103.906928351895544, 1.669252096590413 ], [ 103.907293218659802, 1.669985878975662 ], [ 103.907707788332019, 1.671185829081014 ], [ 103.907825545724606, 1.671626662531871 ], [ 103.911529170194768, 1.67162574839113 ] ] ] } },
{ "type": "Feature", "properties": { "grid_id": "JB1000_R0042_C0042", "grid_m": 1000, "row_id": 42, "col_id": 42, "x_min": 39000.0, "y_min": -42000.0, "x_max": 40000.0, "y_max": -41000.0, "center_x": 39500.0, "center_y": -41500.0, "full_area_m2": 1000000, "inside_area_m2": 757324.87152628356, "coverage_frac": 0.75732487152628358, "is_edge": 1, "center_lon": 103.91602153086768, "center_lat": 1.6671029861831455 }, "geometry": { "type": "Polygon", "coordinates": [ [ [ 103.920513874057889, 1.66258021953149 ], [ 103.911526963504585, 1.662582454771925 ], [ 103.911529170194768, 1.67162574839113 ], [ 103.913618915513609, 1.671625229491942 ], [ 103.913625542426516, 1.671609979950427 ], [ 103.913751599789492, 1.671455987832426 ], [ 103.913895564702429, 1.671365366394964 ], [ 103.914100587055572, 1.671286690050352 ], [ 103.914365705205967, 1.671184094771061 ], [ 103.914555925903954, 1.671099067054142 ], [ 103.914720243762844, 1.670988933609936 ], [ 103.914844761036505, 1.670863593805466 ], [ 103.91502973084684, 1.670706930900373 ], [ 103.915191873413988, 1.670607086294971 ], [ 103.915380564452548, 1.670582345080218 ], [ 103.915481390009248, 1.670640265948157 ], [ 103.915556329704472, 1.670757312338458 ], [ 103.915601983315682, 1.670895115700921 ], [ 103.915637466624943, 1.67108618539933 ], [ 103.91577345569452, 1.671177098937919 ], [ 103.915897391571349, 1.671191085344379 ], [ 103.916021940921397, 1.671163052230644 ], [ 103.916148936538036, 1.671049540546488 ], [ 103.916188681757646, 1.670849941137126 ], [ 103.916140552307624, 1.670692905294925 ], [ 103.916087820828537, 1.670576541632329 ], [ 103.916005768554029, 1.670390936588337 ], [ 103.915928045720491, 1.670244273883436 ], [ 103.91586264246574, 1.669990502172314 ], [ 103.915871855248213, 1.66975733467132 ], [ 103.915925783781944, 1.669558700927972 ], [ 103.916074970881695, 1.669370870307825 ], [ 103.916246650455179, 1.669188143705829 ], [ 103.916483086937973, 1.668900441560556 ], [ 103.916732779077464, 1.668735917942991 ], [ 103.916892488968458, 1.668682417397092 ], [ 103.917142211146555, 1.668682313032948 ], [ 103.917407048135658, 1.668682311718821 ], [ 103.917649680250591, 1.66867211046994 ], [ 103.917902194183725, 1.668672104689509 ], [ 103.91813372036782, 1.668605456430874 ], [ 103.918351058376786, 1.668490341460602 ], [ 103.918497770691744, 1.66827433801505 ], [ 103.918644455437814, 1.667947565118212 ], [ 103.918767719326908, 1.667541073364299 ], [ 103.918828109883179, 1.667435133803091 ], [ 103.919030665684076, 1.667375591764283 ], [ 103.919179588263574, 1.667366125772052 ], [ 103.919416983717028, 1.667376016936483 ], [ 103.91971419502849, 1.667395929572292 ], [ 103.920008334019201, 1.667457091973444 ], [ 103.920271926440961, 1.667468531817637 ], [ 103.920342532420449, 1.667425961915299 ], [ 103.920433779193829, 1.667373397317792 ], [ 103.920515023235012, 1.667209908220044 ], [ 103.920514958285352, 1.666948588964366 ], [ 103.920470367671427, 1.666813799647284 ], [ 103.920406184294933, 1.6665556054774 ], [ 103.920245831678614, 1.666351414124163 ], [ 103.920058336657704, 1.666063560768104 ], [ 103.91990688958326, 1.665752450892911 ], [ 103.919741900349564, 1.66550373987239 ], [ 103.9195722809919, 1.665248104102052 ], [ 103.919311104576352, 1.665048493398478 ], [ 103.9191418247201, 1.664896126979349 ], [ 103.919108198914515, 1.664718231227984 ], [ 103.919117375582232, 1.664397370016609 ], [ 103.919208297123504, 1.664195769895549 ], [ 103.91938336833114, 1.663951121714211 ], [ 103.919525471671022, 1.66378934529398 ], [ 103.919804137329095, 1.663605504074066 ], [ 103.920067729689464, 1.663487617653816 ], [ 103.92032175952798, 1.663402420265457 ], [ 103.920514081458322, 1.663416727719649 ], [ 103.920513874057889, 1.66258021953149 ] ] ] } },
{ "type": "Feature", "properties": { "grid_id": "JB1000_R0042_C0043", "grid_m": 1000, "row_id": 42, "col_id": 43, "x_min": 40000.0, "y_min": -42000.0, "x_max": 41000.0, "y_max": -41000.0, "center_x": 40500.0, "center_y": -41500.0, "full_area_m2": 1000000, "inside_area_m2": 285255.91503394762, "coverage_frac": 0.28525591503394759, "is_edge": 1, "center_lon": 103.92500846188518, "center_lat": 1.6671007242265312 }, "geometry": { "type": "MultiPolygon", "coordinates": [ [ [ [ 103.920515023235012, 1.667209908220044 ], [ 103.920524071769478, 1.667191699662104 ], [ 103.920524035993068, 1.666976029220338 ], [ 103.920514958285352, 1.666948588964366 ], [ 103.920515023235012, 1.667209908220044 ] ] ], [ [ [ 103.920513874057889, 1.66258021953149 ], [ 103.920514081458322, 1.663416727719649 ], [ 103.920578898666776, 1.663421549678209 ], [ 103.920857913583561, 1.663440878580494 ], [ 103.921078674902773, 1.663542592694257 ], [ 103.921427108062275, 1.663815021532982 ], [ 103.92163280408343, 1.664088649711923 ], [ 103.921871143753691, 1.664245079928737 ], [ 103.922185989983817, 1.664541728444413 ], [ 103.922535696118587, 1.664973773925363 ], [ 103.922783344126827, 1.665392897612677 ], [ 103.922866000547657, 1.66562571419247 ], [ 103.92292404252494, 1.665958328876009 ], [ 103.923023379410466, 1.66634076571173 ], [ 103.923114401676287, 1.666739833467518 ], [ 103.923213409434197, 1.666989193812958 ], [ 103.923453323381324, 1.667271873558096 ], [ 103.923783868762726, 1.667488046240878 ], [ 103.923999076714637, 1.667499853781173 ], [ 103.924198225571828, 1.667482134350772 ], [ 103.924481555070372, 1.667337909661095 ], [ 103.92469116434674, 1.667197119534453 ], [ 103.924890624548738, 1.667049400901913 ], [ 103.925033950774107, 1.666880511462588 ], [ 103.925994507926234, 1.666076623121494 ], [ 103.926689939087538, 1.665461774991087 ], [ 103.92700588490861, 1.665080061600856 ], [ 103.92738499261776, 1.664592409284947 ], [ 103.928438376423586, 1.663957687733161 ], [ 103.928698515071304, 1.663637395746398 ], [ 103.928505450407187, 1.663171657431374 ], [ 103.92810840396983, 1.66257829852149 ], [ 103.920513874057889, 1.66258021953149 ] ] ] ] } },
{ "type": "Feature", "properties": { "grid_id": "JB1000_R0043_C0041", "grid_m": 1000, "row_id": 43, "col_id": 41, "x_min": 38000.0, "y_min": -41000.0, "x_max": 39000.0, "y_max": -40000.0, "center_x": 38500.0, "center_y": -40500.0, "full_area_m2": 1000000, "inside_area_m2": 44434.894817047047, "coverage_frac": 0.044434894817047044, "is_edge": 1, "center_lon": 103.9070367919556, "center_lat": 1.6761485060709154 }, "geometry": { "type": "Polygon", "coordinates": [ [ [ 103.911529170194768, 1.67162574839113 ], [ 103.907825545724606, 1.671626662531871 ], [ 103.907853410163085, 1.671730975056701 ], [ 103.907892901398355, 1.671872142928132 ], [ 103.907944398465347, 1.671965428793146 ], [ 103.907964772704688, 1.672077839118103 ], [ 103.908013480633073, 1.672163723304541 ], [ 103.90809491107288, 1.672286539455649 ], [ 103.90815412, 1.672385407099285 ], [ 103.908205308097834, 1.672478117580565 ], [ 103.908295353730935, 1.672619110174386 ], [ 103.908353028640136, 1.672734804685599 ], [ 103.908403629225106, 1.672856840840517 ], [ 103.908455433389918, 1.672961185293932 ], [ 103.908518357321881, 1.673087553060449 ], [ 103.908693165365676, 1.67308752040556 ], [ 103.908852241685821, 1.673073058795535 ], [ 103.908911750034548, 1.67301317669073 ], [ 103.908998683015227, 1.672935228850613 ], [ 103.909122593448458, 1.672839312792278 ], [ 103.909267485273361, 1.672761575830765 ], [ 103.909345804416915, 1.672722086263023 ], [ 103.909430573042158, 1.672684232559432 ], [ 103.909523051967014, 1.672656284167776 ], [ 103.90960783475137, 1.67263919972653 ], [ 103.909680596057626, 1.672648457389491 ], [ 103.909783879863809, 1.67264839880474 ], [ 103.909909669764218, 1.672625462529397 ], [ 103.910004632319172, 1.67258953545921 ], [ 103.910134099110735, 1.672509294617432 ], [ 103.910283013863108, 1.672462426198397 ], [ 103.910362234824632, 1.672444762641764 ], [ 103.910471060861369, 1.67244470420971 ], [ 103.910575583428368, 1.672454262735757 ], [ 103.910697699593811, 1.67247469071627 ], [ 103.910839190923937, 1.672485606652979 ], [ 103.910974860327016, 1.672474213555119 ], [ 103.911045748208537, 1.672453855156792 ], [ 103.911155817928488, 1.672444567555093 ], [ 103.911275458759675, 1.672444610660553 ], [ 103.911408034543456, 1.672473119602162 ], [ 103.911529384679071, 1.672502121035793 ], [ 103.911529170194768, 1.67162574839113 ] ] ] } },
{ "type": "Feature", "properties": { "grid_id": "JB1000_R0043_C0042", "grid_m": 1000, "row_id": 43, "col_id": 42, "x_min": 39000.0, "y_min": -41000.0, "x_max": 40000.0, "y_max": -40000.0, "center_x": 39500.0, "center_y": -40500.0, "full_area_m2": 1000000, "inside_area_m2": 28553.30544860569, "coverage_frac": 0.028553305448605688, "is_edge": 1, "center_lon": 103.91602376410937, "center_lat": 1.6761462733291117 }, "geometry": { "type": "Polygon", "coordinates": [ [ [ 103.911529170194768, 1.67162574839113 ], [ 103.911529384679071, 1.672502121035793 ], [ 103.911616757755979, 1.672523002296169 ], [ 103.91181563574149, 1.672586246403752 ], [ 103.911992300620156, 1.67259669552862 ], [ 103.912348408492818, 1.672666244487016 ], [ 103.912476658811229, 1.672700618425118 ], [ 103.912608022146884, 1.67283277961531 ], [ 103.912756329901541, 1.67293600631508 ], [ 103.912947807486518, 1.672992612190718 ], [ 103.913158402984351, 1.673014900723173 ], [ 103.91331285071881, 1.672988993267176 ], [ 103.913416720084371, 1.672899128105983 ], [ 103.913492840541238, 1.672687426871706 ], [ 103.913534124190519, 1.672459365083974 ], [ 103.913598204162824, 1.672200927314762 ], [ 103.913566108627933, 1.67201784016068 ], [ 103.913566050100428, 1.671746880898479 ], [ 103.913618915513609, 1.671625229491942 ], [ 103.911529170194768, 1.67162574839113 ] ] ] } }
]
}
