grid_id,grid_m,row_id,col_id,x_min,y_min,x_max,y_max,center_x,center_y,full_area_m2,inside_area_m2,coverage_frac,is_edge,center_lon,center_lat
JB1000_R0000_C0007,1000,0,7,4000.0,-84000.0,5000.0,-83000.0,4500.0,-83500.0,1000000,31167.41869601966,0.03116741869601966,1,103.60144946718162,1.2873252779214877
JB1000_R0000_C0008,1000,0,8,5000.0,-84000.0,6000.0,-83000.0,5500.0,-83500.0,1000000,83428.62711374275,0.08342862711374276,1,103.61043487270699,1.2873246466938995
JB1000_R0001_C0006,1000,1,6,3000.0,-83000.0,4000.0,-82000.0,3500.0,-82500.0,1000000,36588.0878159483,0.0365880878159483,1,103.59246464336287,1.296369488360927
JB1000_R0001_C0007,1000,1,7,4000.0,-83000.0,5000.0,-82000.0,4500.0,-82500.0,1000000,726226.5727942389,0.726226572794239,1,103.60145008066132,1.2963688847844492
JB1000_R0001_C0008,1000,1,8,5000.0,-83000.0,6000.0,-82000.0,5500.0,-82500.0,1000000,424540.8474642909,0.42454084746429094,1,103.6104355179554,1.2963682491209674
JB1000_R0002_C0005,1000,2,5,2000.0,-82000.0,3000.0,-81000.0,2500.0,-81500.0,1000000,42443.124917295034,0.04244312491729504,1,103.58347975985554,1.3054136742647398
JB1000_R0002_C0006,1000,2,6,3000.0,-82000.0,4000.0,-81000.0,3500.0,-81500.0,1000000,741431.3478840939,0.7414313478840939,1,103.59246522914954,1.3054130987871904
JB1000_R0002_C0007,1000,2,7,4000.0,-82000.0,5000.0,-81000.0,4500.0,-81500.0,1000000,1000000.0,1.0,0,103.60145069843935,1.3054124909987053
JB1000_R0002_C0008,1000,2,8,5000.0,-82000.0,6000.0,-81000.0,5500.0,-81500.0,1000000,691527.3685807507,0.6915273685807507,1,103.61043616772471,1.3054118508992996
JB1000_R0003_C0004,1000,3,4,1000.0,-81000.0,2000.0,-80000.0,1500.0,-80500.0,1000000,48734.54536792459,0.04873454536792459,1,103.57449481599201,1.314457834956723
JB1000_R0003_C0005,1000,3,5,2000.0,-81000.0,3000.0,-80000.0,2500.0,-80500.0,1000000,756202.303565033,0.756202303565033,1,103.58348031750403,1.3144572880259238
JB1000_R0003_C0006,1000,3,6,3000.0,-81000.0,4000.0,-80000.0,3500.0,-80500.0,1000000,1000000.0,1.0,0,103.59246581901203,1.3144567085602563
JB1000_R0003_C0007,1000,3,7,4000.0,-81000.0,5000.0,-80000.0,4500.0,-80500.0,1000000,1000000.0,1.0,0,103.60145132051578,1.314456096559735
JB1000_R0003_C0008,1000,3,8,5000.0,-81000.0,6000.0,-80000.0,5500.0,-80500.0,1000000,946279.7422239408,0.9462797422239408,1,103.61043682201503,1.314455452024375
JB1000_R0003_C0009,1000,3,9,6000.0,-81000.0,7000.0,-80000.0,6500.0,-80500.0,1000000,32750.329314954524,0.03275032931495452,1,103.61942232350955,1.3144547749541924
JB1000_R0004_C0003,1000,4,3,0.0,-80000.0,1000.0,-79000.0,500.0,-79500.0,1000000,55463.51449311034,0.05546351449311034,1,103.56550981110459,1.3235019697606631
JB1000_R0004_C0004,1000,4,4,1000.0,-80000.0,2000.0,-79000.0,1500.0,-79500.0,1000000,770547.2612227774,0.7705472612227774,1,103.57449534505713,1.3235014518244392
JB1000_R0004_C0005,1000,4,5,2000.0,-80000.0,3000.0,-79000.0,2500.0,-79500.0,1000000,1000000.0,1.0,0,103.5834808790058,1.3235009011294139
JB1000_R0004_C0006,1000,4,6,3000.0,-80000.0,4000.0,-79000.0,3500.0,-79500.0,1000000,1000000.0,1.0,0,103.5924664129504,1.3235003176756008
JB1000_R0004_C0007,1000,4,7,4000.0,-80000.0,5000.0,-79000.0,4500.0,-79500.0,1000000,1000000.0,1.0,0,103.60145194689068,1.3234997014630145
JB1000_R0004_C0008,1000,4,8,5000.0,-80000.0,6000.0,-79000.0,5500.0,-79500.0,1000000,1000000.0,1.0,0,103.61043748082642,1.3234990524916699
JB1000_R0004_C0009,1000,4,9,6000.0,-80000.0,7000.0,-79000.0,6500.0,-79500.0,1000000,299464.300116863,0.299464300116863,1,103.61942301475734,1.3234983707615833
JB1000_R0005_C0002,1000,5,2,-1000.0,-79000.0,0.0,-78000.0,-500.0,-78500.0,1000000,62627.485308014664,0.06262748530801467,1,103.55652474452567,1.3325460780003409
JB1000_R0005_C0003,1000,5,3,0.0,-79000.0,1000.0,-78000.0,500.0,-78500.0,1000000,784458.6194315825,0.7844586194315825,1,103.56551031114117,1.3325455895065217
JB1000_R0005_C0004,1000,5,4,1000.0,-79000.0,2000.0,-78000.0,1500.0,-78500.0,1000000,1000000.0,1.0,0,103.574495877753,1.332545068029967
JB1000_R0005_C0005,1000,5,5,2000.0,-79000.0,3000.0,-78000.0,2500.0,-78500.0,1000000,1000000.0,1.0,0,103.58348144436094,1.33254451357069
JB1000_R0005_C0006,1000,5,6,3000.0,-79000.0,4000.0,-78000.0,3500.0,-78500.0,1000000,1000000.0,1.0,0,103.59246701096473,1.3325439261287038
JB1000_R0005_C0007,1000,5,7,4000.0,-79000.0,5000.0,-78000.0,4500.0,-78500.0,1000000,1000000.0,1.0,0,103.60145257756415,1.332543305704023
JB1000_R0005_C0008,1000,5,8,5000.0,-79000.0,6000.0,-78000.0,5500.0,-78500.0,1000000,1000000.0,1.0,0,103.61043814415895,1.332542652296663
JB1000_R0005_C0009,1000,5,9,6000.0,-79000.0,7000.0,-78000.0,6500.0,-78500.0,1000000,872246.6242325231,0.8722466242325232,1,103.6194237107489,1.33254196590664
JB1000_R0005_C0010,1000,5,10,7000.0,-79000.0,8000.0,-78000.0,7500.0,-78500.0,1000000,41993.49665965155,0.041993496659651554,1,103.62840927733374,1.3325412465339705
JB1000_R0006_C0001,1000,6,1,-2000.0,-78000.0,-1000.0,-77000.0,-1500.0,-77500.0,1000000,105394.34853368522,0.10539434853368522,1,103.5475396155876,1.3415901589995265
JB1000_R0006_C0002,1000,6,2,-1000.0,-78000.0,0.0,-77000.0,-500.0,-77500.0,1000000,807219.0701590996,0.8072190701590997,1,103.55652521508851,1.341589700395946
JB1000_R0006_C0003,1000,6,3,0.0,-78000.0,1000.0,-77000.0,500.0,-77500.0,1000000,1000000.0,1.0,0,103.56551081458596,1.3415892085856946
JB1000_R0006_C0004,1000,6,4,1000.0,-78000.0,2000.0,-77000.0,1500.0,-77500.0,1000000,1000000.0,1.0,0,103.5744964140797,1.3415886835687847
JB1000_R0006_C0005,1000,6,5,2000.0,-78000.0,3000.0,-77000.0,2500.0,-77500.0,1000000,1000000.0,1.0,0,103.5834820135695,1.3415881253452295
JB1000_R0006_C0006,1000,6,6,3000.0,-78000.0,4000.0,-77000.0,3500.0,-77500.0,1000000,1000000.0,1.0,0,103.59246761305509,1.3415875339150423
JB1000_R0006_C0007,1000,6,7,4000.0,-78000.0,5000.0,-77000.0,4500.0,-77500.0,1000000,1000000.0,1.0,0,103.60145321253624,1.3415869092782378
JB1000_R0006_C0008,1000,6,8,5000.0,-78000.0,6000.0,-77000.0,5500.0,-77500.0,1000000,1000000.0,1.0,0,103.61043881201273,1.3415862514348316
JB1000_R0006_C0009,1000,6,9,6000.0,-78000.0,7000.0,-77000.0,6500.0,-77500.0,1000000,1000000.0,1.0,0,103.61942441148427,1.3415855603848397
JB1000_R0006_C0010,1000,6,10,7000.0,-78000.0,8000.0,-77000.0,7500.0,-77500.0,1000000,524670.4286030534,0.5246704286030535,1,103.62841001095067,1.3415848361282792
JB1000_R0007_C0000,1000,7,0,-3000.0,-77000.0,-2000.0,-76000.0,-2500.0,-76500.0,1000000,41728.76685172186,0.04172876685172186,1,103.53855442362268,1.3506342120819839
JB1000_R0007_C0001,1000,7,1,-2000.0,-77000.0,-1000.0,-76000.0,-1500.0,-76500.0,1000000,849455.1974954461,0.8494551974954461,1,103.5475400562315,1.3506337838164788
JB1000_R0007_C0002,1000,7,2,-1000.0,-77000.0,0.0,-76000.0,-500.0,-76500.0,1000000,1000000.0,1.0,0,103.55652568883703,1.3506333221203672
JB1000_R0007_C0003,1000,7,3,0.0,-77000.0,1000.0,-76000.0,500.0,-76500.0,1000000,1000000.0,1.0,0,103.56551132143903,1.3506328269936605
JB1000_R0007_C0004,1000,7,4,1000.0,-77000.0,2000.0,-76000.0,1500.0,-76500.0,1000000,1000000.0,1.0,0,103.5744969540373,1.3506322984363706
JB1000_R0007_C0005,1000,7,5,2000.0,-77000.0,3000.0,-76000.0,2500.0,-76500.0,1000000,1000000.0,1.0,0,103.58348258663155,1.3506317364485105
JB1000_R0007_C0006,1000,7,6,3000.0,-77000.0,4000.0,-76000.0,3500.0,-76500.0,1000000,1000000.0,1.0,0,103.59246821922156,1.3506311410300944
JB1000_R0007_C0007,1000,7,7,4000.0,-77000.0,5000.0,-76000.0,4500.0,-76500.0,1000000,1000000.0,1.0,0,103.60145385180707,1.3506305121811368
JB1000_R0007_C0008,1000,7,8,5000.0,-77000.0,6000.0,-76000.0,5500.0,-76500.0,1000000,1000000.0,1.0,0,103.61043948438781,1.3506298499016531
JB1000_R0007_C0009,1000,7,9,6000.0,-77000.0,7000.0,-76000.0,6500.0,-76500.0,1000000,1000000.0,1.0,0,103.6194251169636,1.3506291541916595
JB1000_R0007_C0010,1000,7,10,7000.0,-77000.0,8000.0,-76000.0,7500.0,-76500.0,1000000,955359.6007163392,0.9553596007163392,1,103.62841074953414,1.3506284250511733
JB1000_R0007_C0011,1000,7,11,8000.0,-77000.0,9000.0,-76000.0,8500.0,-76500.0,1000000,76716.38812629307,0.07671638812629307,1,103.63739638209921,1.3506276624802127
JB1000_R0008_C0000,1000,8,0,-3000.0,-76000.0,-2000.0,-75000.0,-2500.0,-75500.0,1000000,191144.38534798112,0.19114438534798112,1,103.53855483390244,1.3596778390918802
JB1000_R0008_C0001,1000,8,1,-2000.0,-76000.0,-1000.0,-75000.0,-1500.0,-75500.0,1000000,1000000.0,1.0,0,103.5475404998385,1.359677407957749
JB1000_R0008_C0002,1000,8,2,-1000.0,-76000.0,0.0,-75000.0,-500.0,-75500.0,1000000,1000000.0,1.0,0,103.55652616577127,1.3596769431690845
JB1000_R0008_C0003,1000,8,3,0.0,-76000.0,1000.0,-75000.0,500.0,-75500.0,1000000,1000000.0,1.0,0,103.56551183170046,1.3596764447258989
JB1000_R0008_C0004,1000,8,4,1000.0,-76000.0,2000.0,-75000.0,1500.0,-75500.0,1000000,1000000.0,1.0,0,103.57449749762584,1.3596759126282039
JB1000_R0008_C0005,1000,8,5,2000.0,-76000.0,3000.0,-75000.0,2500.0,-75500.0,1000000,1000000.0,1.0,0,103.58348316354717,1.3596753468760128
JB1000_R0008_C0006,1000,8,6,3000.0,-76000.0,4000.0,-75000.0,3500.0,-75500.0,1000000,1000000.0,1.0,0,103.59246882946421,1.3596747474693394
JB1000_R0008_C0007,1000,8,7,4000.0,-76000.0,5000.0,-75000.0,4500.0,-75500.0,1000000,1000000.0,1.0,0,103.60145449537666,1.3596741144081987
JB1000_R0008_C0008,1000,8,8,5000.0,-76000.0,6000.0,-75000.0,5500.0,-75500.0,1000000,1000000.0,1.0,0,103.61044016128432,1.359673447692606
JB1000_R0008_C0009,1000,8,9,6000.0,-76000.0,7000.0,-75000.0,6500.0,-75500.0,1000000,1000000.0,1.0,0,103.61942582718693,1.359672747322578
JB1000_R0008_C0010,1000,8,10,7000.0,-76000.0,8000.0,-75000.0,7500.0,-75500.0,1000000,1000000.0,1.0,0,103.62841149308423,1.359672013298132
JB1000_R0008_C0011,1000,8,11,8000.0,-76000.0,9000.0,-75000.0,8500.0,-75500.0,1000000,503394.9926670946,0.5033949926670945,1,103.63739715897597,1.3596712456192854
JB1000_R0009_C0000,1000,9,0,-3000.0,-75000.0,-2000.0,-74000.0,-2500.0,-74500.0,1000000,319933.40560170554,0.3199334056017055,1,103.53855524692274,1.3687214654215931
JB1000_R0009_C0001,1000,9,1,-2000.0,-75000.0,-1000.0,-74000.0,-1500.0,-74500.0,1000000,1000000.0,1.0,0,103.5475409464087,1.368721031418815
JB1000_R0009_C0002,1000,9,2,-1000.0,-75000.0,0.0,-74000.0,-500.0,-74500.0,1000000,1000000.0,1.0,0,103.55652664589131,1.368720563537576
JB1000_R0009_C0003,1000,9,3,0.0,-75000.0,1000.0,-74000.0,500.0,-74500.0,1000000,1000000.0,1.0,0,103.5655123453703,1.3687200617778876
JB1000_R0009_C0004,1000,9,4,1000.0,-75000.0,2000.0,-74000.0,1500.0,-74500.0,1000000,1000000.0,1.0,0,103.57449804484543,1.3687195261397624
JB1000_R0009_C0005,1000,9,5,2000.0,-75000.0,3000.0,-74000.0,2500.0,-74500.0,1000000,1000000.0,1.0,0,103.58348374431645,1.3687189566232132
JB1000_R0009_C0006,1000,9,6,3000.0,-75000.0,4000.0,-74000.0,3500.0,-74500.0,1000000,1000000.0,1.0,0,103.5924694437831,1.3687183532282545
JB1000_R0009_C0007,1000,9,7,4000.0,-75000.0,5000.0,-74000.0,4500.0,-74500.0,1000000,1000000.0,1.0,0,103.60145514324515,1.3687177159549007
JB1000_R0009_C0008,1000,9,8,5000.0,-75000.0,6000.0,-74000.0,5500.0,-74500.0,1000000,1000000.0,1.0,0,103.6104408427023,1.3687170448031676
JB1000_R0009_C0009,1000,9,9,6000.0,-75000.0,7000.0,-74000.0,6500.0,-74500.0,1000000,1000000.0,1.0,0,103.61942654215434,1.368716339773072
JB1000_R0009_C0010,1000,9,10,7000.0,-75000.0,8000.0,-74000.0,7500.0,-74500.0,1000000,1000000.0,1.0,0,103.62841224160101,1.3687156008646308
JB1000_R0009_C0011,1000,9,11,8000.0,-75000.0,9000.0,-74000.0,8500.0,-74500.0,1000000,949888.4464769857,0.9498884464769857,1,103.63739794104207,1.3687148280778627
JB1000_R0009_C0012,1000,9,12,9000.0,-75000.0,10000.0,-74000.0,9500.0,-74500.0,1000000,74372.94266565051,0.0743729426656505,1,103.64638364047723,1.3687140214127866
JB1000_R0010_C0000,1000,10,0,-3000.0,-74000.0,-2000.0,-73000.0,-2500.0,-73500.0,1000000,582511.0653410265,0.5825110653410265,1,103.53855566268365,1.377765091066603
JB1000_R0010_C0001,1000,10,1,-2000.0,-74000.0,-1000.0,-73000.0,-1500.0,-73500.0,1000000,1000000.0,1.0,0,103.54754139594212,1.3777646541951574
JB1000_R0010_C0002,1000,10,2,-1000.0,-74000.0,0.0,-73000.0,-500.0,-73500.0,1000000,1000000.0,1.0,0,103.55652712919719,1.3777641832213217
JB1000_R0010_C0003,1000,10,3,0.0,-74000.0,1000.0,-73000.0,500.0,-73500.0,1000000,1000000.0,1.0,0,103.5655128624486,1.3777636781451068
JB1000_R0010_C0004,1000,10,4,1000.0,-74000.0,2000.0,-73000.0,1500.0,-73500.0,1000000,1000000.0,1.0,0,103.57449859569611,1.377763138966526
JB1000_R0010_C0005,1000,10,5,2000.0,-74000.0,3000.0,-73000.0,2500.0,-73500.0,1000000,1000000.0,1.0,0,103.58348432893943,1.3777625656855919
JB1000_R0010_C0006,1000,10,6,3000.0,-74000.0,4000.0,-73000.0,3500.0,-73500.0,1000000,1000000.0,1.0,0,103.59247006217835,1.3777619583023188
JB1000_R0010_C0007,1000,10,7,4000.0,-74000.0,5000.0,-73000.0,4500.0,-73500.0,1000000,1000000.0,1.0,0,103.60145579541256,1.377761316816722
JB1000_R0010_C0008,1000,10,8,5000.0,-74000.0,6000.0,-73000.0,5500.0,-73500.0,1000000,1000000.0,1.0,0,103.61044152864186,1.3777606412288166
JB1000_R0010_C0009,1000,10,9,6000.0,-74000.0,7000.0,-73000.0,6500.0,-73500.0,1000000,1000000.0,1.0,0,103.61942726186597,1.3777599315386198
JB1000_R0010_C0010,1000,10,10,7000.0,-74000.0,8000.0,-73000.0,7500.0,-73500.0,1000000,1000000.0,1.0,0,103.62841299508462,1.3777591877461492
JB1000_R0010_C0011,1000,10,11,8000.0,-74000.0,9000.0,-73000.0,8500.0,-73500.0,1000000,1000000.0,1.0,0,103.63739872829758,1.3777584098514226
JB1000_R0010_C0012,1000,10,12,9000.0,-74000.0,10000.0,-73000.0,9500.0,-73500.0,1000000,519000.20157548354,0.5190002015754835,1,103.64638446150457,1.3777575978544592
JB1000_R0011_C0000,1000,11,0,-3000.0,-73000.0,-2000.0,-72000.0,-2500.0,-72500.0,1000000,798775.7280545161,0.7987757280545161,1,103.53855608118522,1.3868087160223885
JB1000_R0011_C0001,1000,11,1,-2000.0,-73000.0,-1000.0,-72000.0,-1500.0,-72500.0,1000000,1000000.0,1.0,0,103.54754184843883,1.3868082762822551
JB1000_R0011_C0002,1000,11,2,-1000.0,-73000.0,0.0,-72000.0,-500.0,-72500.0,1000000,1000000.0,1.0,0,103.55652761568899,1.3868078022158
JB1000_R0011_C0003,1000,11,3,0.0,-73000.0,1000.0,-72000.0,500.0,-72500.0,1000000,1000000.0,1.0,0,103.56551338293544,1.386807293823035
JB1000_R0011_C0004,1000,11,4,1000.0,-73000.0,2000.0,-72000.0,1500.0,-72500.0,1000000,1000000.0,1.0,0,103.57449915017793,1.3868067511039728
JB1000_R0011_C0005,1000,11,5,2000.0,-73000.0,3000.0,-72000.0,2500.0,-72500.0,1000000,1000000.0,1.0,0,103.5834849174162,1.3868061740586266
JB1000_R0011_C0006,1000,11,6,3000.0,-73000.0,4000.0,-72000.0,3500.0,-72500.0,1000000,1000000.0,1.0,0,103.59247068464998,1.3868055626870108
JB1000_R0011_C0007,1000,11,7,4000.0,-73000.0,5000.0,-72000.0,4500.0,-72500.0,1000000,1000000.0,1.0,0,103.60145645187903,1.3868049169891403
JB1000_R0011_C0008,1000,11,8,5000.0,-73000.0,6000.0,-72000.0,5500.0,-72500.0,1000000,1000000.0,1.0,0,103.61044221910306,1.3868042369650309
JB1000_R0011_C0009,1000,11,9,6000.0,-73000.0,7000.0,-72000.0,6500.0,-72500.0,1000000,1000000.0,1.0,0,103.61942798632185,1.3868035226146995
JB1000_R0011_C0010,1000,11,10,7000.0,-73000.0,8000.0,-72000.0,7500.0,-72500.0,1000000,1000000.0,1.0,0,103.62841375353513,1.3868027739381634
JB1000_R0011_C0011,1000,11,11,8000.0,-73000.0,9000.0,-72000.0,8500.0,-72500.0,1000000,1000000.0,1.0,0,103.6373995207426,1.3868019909354417
JB1000_R0011_C0012,1000,11,12,9000.0,-73000.0,10000.0,-72000.0,9500.0,-72500.0,1000000,952193.2988645692,0.9521932988645692,1,103.64638528794407,1.3868011736065529
JB1000_R0011_C0013,1000,11,13,10000.0,-73000.0,11000.0,-72000.0,10500.0,-72500.0,1000000,38066.438626230294,0.03806643862623029,1,103.65537105513924,1.3868003219515177
JB1000_R0012_C0000,1000,12,0,-3000.0,-72000.0,-2000.0,-71000.0,-2500.0,-71500.0,1000000,598550.431552153,0.5985504315521529,1,103.53855650242751,1.3958523402844296
JB1000_R0012_C0001,1000,12,1,-2000.0,-72000.0,-1000.0,-71000.0,-1500.0,-71500.0,1000000,1000000.0,1.0,0,103.54754230389888,1.3958518976755874
JB1000_R0012_C0002,1000,12,2,-1000.0,-72000.0,0.0,-71000.0,-500.0,-71500.0,1000000,1000000.0,1.0,0,103.55652810536675,1.3958514205164905
JB1000_R0012_C0003,1000,12,3,0.0,-72000.0,1000.0,-71000.0,500.0,-71500.0,1000000,1000000.0,1.0,0,103.56551390683089,1.3958509088071513
JB1000_R0012_C0004,1000,12,4,1000.0,-72000.0,2000.0,-71000.0,1500.0,-71500.0,1000000,1000000.0,1.0,0,103.57449970829099,1.3958503625475822
JB1000_R0012_C0005,1000,12,5,2000.0,-72000.0,3000.0,-71000.0,2500.0,-71500.0,1000000,1000000.0,1.0,0,103.58348550974682,1.3958497817377968
JB1000_R0012_C0006,1000,12,6,3000.0,-72000.0,4000.0,-71000.0,3500.0,-71500.0,1000000,1000000.0,1.0,0,103.59247131119811,1.395849166377809
JB1000_R0012_C0007,1000,12,7,4000.0,-72000.0,5000.0,-71000.0,4500.0,-71500.0,1000000,1000000.0,1.0,0,103.6014571126446,1.3958485164676342
JB1000_R0012_C0008,1000,12,8,5000.0,-72000.0,6000.0,-71000.0,5500.0,-71500.0,1000000,1000000.0,1.0,0,103.61044291408602,1.3958478320072885
JB1000_R0012_C0009,1000,12,9,6000.0,-72000.0,7000.0,-71000.0,6500.0,-71500.0,1000000,1000000.0,1.0,0,103.61942871552212,1.3958471129967884
JB1000_R0012_C0010,1000,12,10,7000.0,-72000.0,8000.0,-71000.0,7500.0,-71500.0,1000000,1000000.0,1.0,0,103.62841451695262,1.395846359436152
JB1000_R0012_C0011,1000,12,11,8000.0,-72000.0,9000.0,-71000.0,8500.0,-71500.0,1000000,1000000.0,1.0,0,103.63740031837726,1.3958455713253979
JB1000_R0012_C0012,1000,12,12,9000.0,-72000.0,10000.0,-71000.0,9500.0,-71500.0,1000000,1000000.0,1.0,0,103.6463861197958,1.3958447486645449
JB1000_R0012_C0013,1000,12,13,10000.0,-72000.0,11000.0,-71000.0,10500.0,-71500.0,1000000,315559.6125053788,0.3155596125053788,1,103.65537192120796,1.395843891453614
JB1000_R0013_C0000,1000,13,0,-3000.0,-71000.0,-2000.0,-70000.0,-2500.0,-70500.0,1000000,432908.10690318566,0.43290810690318565,1,103.53855692641055,1.4048959638482057
JB1000_R0013_C0001,1000,13,1,-2000.0,-71000.0,-1000.0,-70000.0,-1500.0,-70500.0,1000000,1000000.0,1.0,0,103.54754276232232,1.4048955183706333
JB1000_R0013_C0002,1000,13,2,-1000.0,-71000.0,0.0,-70000.0,-500.0,-70500.0,1000000,1000000.0,1.0,0,103.55652859823056,1.4048950381188725
JB1000_R0013_C0003,1000,13,3,0.0,-71000.0,1000.0,-70000.0,500.0,-70500.0,1000000,1000000.0,1.0,0,103.565514434135,1.4048945230929348
JB1000_R0013_C0004,1000,13,4,1000.0,-71000.0,2000.0,-70000.0,1500.0,-70500.0,1000000,1000000.0,1.0,0,103.57450027003536,1.404893973292833
JB1000_R0013_C0005,1000,13,5,2000.0,-71000.0,3000.0,-70000.0,2500.0,-70500.0,1000000,1000000.0,1.0,0,103.58348610593137,1.4048933887185804
JB1000_R0013_C0006,1000,13,6,3000.0,-71000.0,4000.0,-70000.0,3500.0,-70500.0,1000000,1000000.0,1.0,0,103.59247194182281,1.4048927693701916
JB1000_R0013_C0007,1000,13,7,4000.0,-71000.0,5000.0,-70000.0,4500.0,-70500.0,1000000,1000000.0,1.0,0,103.60145777770936,1.4048921152476819
JB1000_R0013_C0008,1000,13,8,5000.0,-71000.0,6000.0,-70000.0,5500.0,-70500.0,1000000,1000000.0,1.0,0,103.61044361359079,1.4048914263510675
JB1000_R0013_C0009,1000,13,9,6000.0,-71000.0,7000.0,-70000.0,6500.0,-70500.0,1000000,1000000.0,1.0,0,103.61942944946682,1.404890702680365
JB1000_R0013_C0010,1000,13,10,7000.0,-71000.0,8000.0,-70000.0,7500.0,-70500.0,1000000,1000000.0,1.0,0,103.6284152853372,1.4048899442355924
JB1000_R0013_C0011,1000,13,11,8000.0,-71000.0,9000.0,-70000.0,8500.0,-70500.0,1000000,1000000.0,1.0,0,103.63740112120163,1.4048891510167685
JB1000_R0013_C0012,1000,13,12,9000.0,-71000.0,10000.0,-70000.0,9500.0,-70500.0,1000000,1000000.0,1.0,0,103.64638695705989,1.4048883230239124
JB1000_R0013_C0013,1000,13,13,10000.0,-71000.0,11000.0,-70000.0,10500.0,-70500.0,1000000,831911.8286802795,0.8319118286802796,1,103.65537279291168,1.4048874602570454
JB1000_R0013_C0014,1000,13,14,11000.0,-71000.0,12000.0,-70000.0,11500.0,-70500.0,1000000,29287.483425026538,0.029287483425026538,1,103.66435862875674,1.4048865627161877
JB1000_R0014_C0000,1000,14,0,-3000.0,-70000.0,-2000.0,-69000.0,-2500.0,-69500.0,1000000,176063.54777760373,0.17606354777760372,1,103.53855735313442,1.4139395867091964
JB1000_R0014_C0001,1000,14,1,-2000.0,-70000.0,-1000.0,-69000.0,-1500.0,-69500.0,1000000,1000000.0,1.0,0,103.54754322370923,1.4139391383628732
JB1000_R0014_C0002,1000,14,2,-1000.0,-70000.0,0.0,-69000.0,-500.0,-69500.0,1000000,1000000.0,1.0,0,103.55652909428045,1.4139386550184254
JB1000_R0014_C0003,1000,14,3,0.0,-70000.0,1000.0,-69000.0,500.0,-69500.0,1000000,1000000.0,1.0,0,103.56551496484782,1.4139381366758648
JB1000_R0014_C0004,1000,14,4,1000.0,-70000.0,2000.0,-69000.0,1500.0,-69500.0,1000000,1000000.0,1.0,0,103.57450083541107,1.4139375833352041
JB1000_R0014_C0005,1000,14,5,2000.0,-70000.0,3000.0,-69000.0,2500.0,-69500.0,1000000,1000000.0,1.0,0,103.58348670596993,1.4139369949964569
JB1000_R0014_C0006,1000,14,6,3000.0,-70000.0,4000.0,-69000.0,3500.0,-69500.0,1000000,1000000.0,1.0,0,103.59247257652413,1.4139363716596378
JB1000_R0014_C0007,1000,14,7,4000.0,-70000.0,5000.0,-69000.0,4500.0,-69500.0,1000000,1000000.0,1.0,0,103.6014584470734,1.4139357133247623
JB1000_R0014_C0008,1000,14,8,5000.0,-70000.0,6000.0,-69000.0,5500.0,-69500.0,1000000,1000000.0,1.0,0,103.61044431761748,1.4139350199918463
JB1000_R0014_C0009,1000,14,9,6000.0,-70000.0,7000.0,-69000.0,6500.0,-69500.0,1000000,1000000.0,1.0,0,103.61943018815609,1.413934291660907
JB1000_R0014_C0010,1000,14,10,7000.0,-70000.0,8000.0,-69000.0,7500.0,-69500.0,1000000,1000000.0,1.0,0,103.62841605868896,1.4139335283319623
JB1000_R0014_C0011,1000,14,11,8000.0,-70000.0,9000.0,-69000.0,8500.0,-69500.0,1000000,1000000.0,1.0,0,103.63740192921583,1.413932730005031
JB1000_R0014_C0012,1000,14,12,9000.0,-70000.0,10000.0,-69000.0,9500.0,-69500.0,1000000,1000000.0,1.0,0,103.64638779973642,1.4139318966801329
JB1000_R0014_C0013,1000,14,13,10000.0,-70000.0,11000.0,-69000.0,10500.0,-69500.0,1000000,1000000.0,1.0,0,103.65537367025047,1.4139310283572886
JB1000_R0014_C0014,1000,14,14,11000.0,-70000.0,12000.0,-69000.0,11500.0,-69500.0,1000000,656480.1464947604,0.6564801464947604,1,103.6643595407577,1.413930125036519
JB1000_R0015_C0000,1000,15,0,-3000.0,-69000.0,-2000.0,-68000.0,-2500.0,-68500.0,1000000,189.5849079128621,0.0001895849079128621,1,103.53855778259916,1.4229832088628815
JB1000_R0015_C0001,1000,15,1,-2000.0,-69000.0,-1000.0,-68000.0,-1500.0,-68500.0,1000000,807360.1449324505,0.8073601449324505,1,103.54754368805963,1.4229827576477863
JB1000_R0015_C0002,1000,15,2,-1000.0,-69000.0,0.0,-68000.0,-500.0,-68500.0,1000000,1000000.0,1.0,0,103.5565295935165,1.4229822712106286
JB1000_R0015_C0003,1000,15,3,0.0,-69000.0,1000.0,-68000.0,500.0,-68500.0,1000000,1000000.0,1.0,0,103.56551549896945,1.4229817495514203
JB1000_R0015_C0004,1000,15,4,1000.0,-69000.0,2000.0,-68000.0,1500.0,-68500.0,1000000,1000000.0,1.0,0,103.57450140441823,1.4229811926701748
JB1000_R0015_C0005,1000,15,5,2000.0,-69000.0,3000.0,-68000.0,2500.0,-68500.0,1000000,1000000.0,1.0,0,103.58348730986256,1.4229806005669052
JB1000_R0015_C0006,1000,15,6,3000.0,-69000.0,4000.0,-68000.0,3500.0,-68500.0,1000000,1000000.0,1.0,0,103.59247321530218,1.4229799732416262
JB1000_R0015_C0007,1000,15,7,4000.0,-69000.0,5000.0,-68000.0,4500.0,-68500.0,1000000,1000000.0,1.0,0,103.6014591207368,1.4229793106943536
JB1000_R0015_C0008,1000,15,8,5000.0,-69000.0,6000.0,-68000.0,5500.0,-68500.0,1000000,1000000.0,1.0,0,103.61044502616616,1.4229786129251032
JB1000_R0015_C0009,1000,15,9,6000.0,-69000.0,7000.0,-68000.0,6500.0,-68500.0,1000000,1000000.0,1.0,0,103.61943093158997,1.4229778799338928
JB1000_R0015_C0010,1000,15,10,7000.0,-69000.0,8000.0,-68000.0,7500.0,-68500.0,1000000,1000000.0,1.0,0,103.62841683700799,1.4229771117207397
JB1000_R0015_C0011,1000,15,11,8000.0,-69000.0,9000.0,-68000.0,8500.0,-68500.0,1000000,1000000.0,1.0,0,103.63740274241994,1.4229763082856635
JB1000_R0015_C0012,1000,15,12,9000.0,-69000.0,10000.0,-68000.0,9500.0,-68500.0,1000000,1000000.0,1.0,0,103.6463886478255,1.4229754696286836
JB1000_R0015_C0013,1000,15,13,10000.0,-69000.0,11000.0,-68000.0,10500.0,-68500.0,1000000,1000000.0,1.0,0,103.65537455322445,1.4229745957498208
JB1000_R0015_C0014,1000,15,14,11000.0,-69000.0,12000.0,-68000.0,11500.0,-68500.0,1000000,999917.2193654205,0.9999172193654206,1,103.6643604586165,1.4229736866490967
JB1000_R0015_C0015,1000,15,15,12000.0,-69000.0,13000.0,-68000.0,12500.0,-68500.0,1000000,172808.0577258261,0.1728080577258261,1,103.67334636400138,1.4229727423265335
JB1000_R0015_C0041,1000,15,41,38000.0,-69000.0,39000.0,-68000.0,38500.0,-68500.0,1000000,9310.543003246195,0.009310543003246196,1,103.90697990059768,1.4229358271683388
JB1000_R0015_C0042,1000,15,42,39000.0,-69000.0,40000.0,-68000.0,39500.0,-68500.0,1000000,57530.755014629525,0.05753075501462952,1,103.91596580568584,1.4229339318677545
JB1000_R0015_C0045,1000,15,45,42000.0,-69000.0,43000.0,-68000.0,42500.0,-68500.0,1000000,57367.139524860955,0.05736713952486096,1,103.94292352086049,1.4229280346410325
JB1000_R0015_C0046,1000,15,46,43000.0,-69000.0,44000.0,-68000.0,43500.0,-68500.0,1000000,278315.2358956342,0.2783152358956342,1,103.9519094258878,1.4229259984572966
JB1000_R0015_C0047,1000,15,47,44000.0,-69000.0,45000.0,-68000.0,44500.0,-68500.0,1000000,439308.72184007947,0.43930872184007946,1,103.96089533089925,1.4229239270528966
JB1000_R0015_C0048,1000,15,48,45000.0,-69000.0,46000.0,-68000.0,45500.0,-68500.0,1000000,602207.4541315188,0.6022074541315189,1,103.96988123589452,1.4229218204278828
JB1000_R0015_C0049,1000,15,49,46000.0,-69000.0,47000.0,-68000.0,46500.0,-68500.0,1000000,394628.34300531715,0.39462834300531713,1,103.97886714087335,1.4229196785823073
JB1000_R0015_C0050,1000,15,50,47000.0,-69000.0,48000.0,-68000.0,47500.0,-68500.0,1000000,316888.4486451091,0.31688844864510907,1,103.98785304583546,1.422917501516223
JB1000_R0015_C0051,1000,15,51,48000.0,-69000.0,49000.0,-68000.0,48500.0,-68500.0,1000000,590843.9041220174,0.5908439041220175,1,103.99683895078059,1.4229152892296832
JB1000_R0015_C0052,1000,15,52,49000.0,-69000.0,50000.0,-68000.0,49500.0,-68500.0,1000000,321322.8523978032,0.3213228523978032,1,104.00582485570847,1.4229130417227425
JB1000_R0016_C0001,1000,16,1,-2000.0,-68000.0,-1000.0,-67000.0,-1500.0,-67500.0,1000000,487050.9528201823,0.4870509528201823,1,103.54754415537363,1.4320263762208523
JB1000_R0016_C0002,1000,16,2,-1000.0,-68000.0,0.0,-67000.0,-500.0,-67500.0,1000000,1000000.0,1.0,0,103.55653009593875,1.4320258866909616
JB1000_R0016_C0003,1000,16,3,0.0,-68000.0,1000.0,-67000.0,500.0,-67500.0,1000000,1000000.0,1.0,0,103.56551603649994,1.4320253617150813
JB1000_R0016_C0004,1000,16,4,1000.0,-68000.0,2000.0,-67000.0,1500.0,-67500.0,1000000,1000000.0,1.0,0,103.5745019770569,1.4320248012932244
JB1000_R0016_C0005,1000,16,5,2000.0,-68000.0,3000.0,-67000.0,2500.0,-67500.0,1000000,1000000.0,1.0,0,103.58348791760935,1.4320242054254042
JB1000_R0016_C0006,1000,16,6,3000.0,-68000.0,4000.0,-67000.0,3500.0,-67500.0,1000000,1000000.0,1.0,0,103.59247385815702,1.4320235741116358
JB1000_R0016_C0007,1000,16,7,4000.0,-68000.0,5000.0,-67000.0,4500.0,-67500.0,1000000,1000000.0,1.0,0,103.60145979869965,1.4320229073519346
JB1000_R0016_C0008,1000,16,8,5000.0,-68000.0,6000.0,-67000.0,5500.0,-67500.0,1000000,1000000.0,1.0,0,103.61044573923694,1.432022205146317
JB1000_R0016_C0009,1000,16,9,6000.0,-68000.0,7000.0,-67000.0,6500.0,-67500.0,1000000,1000000.0,1.0,0,103.61943167976861,1.4320214674948004
JB1000_R0016_C0010,1000,16,10,7000.0,-68000.0,8000.0,-67000.0,7500.0,-67500.0,1000000,1000000.0,1.0,0,103.6284176202944,1.432020694397403
JB1000_R0016_C0011,1000,16,11,8000.0,-68000.0,9000.0,-67000.0,8500.0,-67500.0,1000000,1000000.0,1.0,0,103.63740356081404,1.4320198858541435
JB1000_R0016_C0012,1000,16,12,9000.0,-68000.0,10000.0,-67000.0,9500.0,-67500.0,1000000,1000000.0,1.0,0,103.64638950132725,1.4320190418650423
JB1000_R0016_C0013,1000,16,13,10000.0,-68000.0,11000.0,-67000.0,10500.0,-67500.0,1000000,1000000.0,1.0,0,103.65537544183374,1.4320181624301196
JB1000_R0016_C0014,1000,16,14,11000.0,-68000.0,12000.0,-67000.0,11500.0,-67500.0,1000000,1000000.0,1.0,0,103.66436138233324,1.4320172475493975
JB1000_R0016_C0015,1000,16,15,12000.0,-68000.0,13000.0,-67000.0,12500.0,-67500.0,1000000,781571.8790552036,0.7815718790552036,1,103.67334732282548,1.4320162972228987
JB1000_R0016_C0016,1000,16,16,13000.0,-68000.0,14000.0,-67000.0,13500.0,-67500.0,1000000,64570.02917816089,0.06457002917816089,1,103.68233326331017,1.4320153114506462
JB1000_R0016_C0038,1000,16,38,35000.0,-68000.0,36000.0,-67000.0,35500.0,-67500.0,1000000,15604.372459393611,0.015604372459393612,1,103.88002395150714,1.431984656743853
JB1000_R0016_C0039,1000,16,39,36000.0,-68000.0,37000.0,-67000.0,36500.0,-67500.0,1000000,493056.7340244743,0.4930567340244743,1,103.88900989174223,1.4319828557277359
JB1000_R0016_C0040,1000,16,40,37000.0,-68000.0,38000.0,-67000.0,37500.0,-67500.0,1000000,956329.8308258369,0.9563298308258369,1,103.89799583196314,1.4319810192666886
JB1000_R0016_C0041,1000,16,41,38000.0,-68000.0,39000.0,-67000.0,38500.0,-67500.0,1000000,999502.2988751432,0.9995022988751432,1,103.90698177216963,1.4319791473607568
JB1000_R0016_C0042,1000,16,42,39000.0,-68000.0,40000.0,-67000.0,39500.0,-67500.0,1000000,998285.9658903937,0.9982859658903938,1,103.91596771236138,1.4319772400099866
JB1000_R0016_C0043,1000,16,43,40000.0,-68000.0,41000.0,-67000.0,40500.0,-67500.0,1000000,860963.1748609007,0.8609631748609007,1,103.92495365253815,1.4319752972144244
JB1000_R0016_C0044,1000,16,44,41000.0,-68000.0,42000.0,-67000.0,41500.0,-67500.0,1000000,725116.2713427189,0.7251162713427188,1,103.93393959269964,1.4319733189741186
JB1000_R0016_C0045,1000,16,45,42000.0,-68000.0,43000.0,-67000.0,42500.0,-67500.0,1000000,977603.7938665084,0.9776037938665084,1,103.9429255328456,1.4319713052891174
JB1000_R0016_C0046,1000,16,46,43000.0,-68000.0,44000.0,-67000.0,43500.0,-67500.0,1000000,1000000.0,1.0,0,103.95191147297572,1.431969256159471
JB1000_R0016_C0047,1000,16,47,44000.0,-68000.0,45000.0,-67000.0,44500.0,-67500.0,1000000,1000000.0,1.0,0,103.96089741308977,1.4319671715852296
JB1000_R0016_C0048,1000,16,48,45000.0,-68000.0,46000.0,-67000.0,45500.0,-67500.0,1000000,1000000.0,1.0,0,103.96988335318741,1.4319650515664444
JB1000_R0016_C0049,1000,16,49,46000.0,-68000.0,47000.0,-67000.0,46500.0,-67500.0,1000000,1000000.0,1.0,0,103.97886929326842,1.4319628961031676
JB1000_R0016_C0050,1000,16,50,47000.0,-68000.0,48000.0,-67000.0,47500.0,-67500.0,1000000,1000000.0,1.0,0,103.9878552333325,1.4319607051954524
JB1000_R0016_C0051,1000,16,51,48000.0,-68000.0,49000.0,-67000.0,48500.0,-67500.0,1000000,1000000.0,1.0,0,103.99684117337938,1.431958478843353
JB1000_R0016_C0052,1000,16,52,49000.0,-68000.0,50000.0,-67000.0,49500.0,-67500.0,1000000,989115.6735807481,0.9891156735807481,1,104.00582711340878,1.4319562170469236
JB1000_R0016_C0053,1000,16,53,50000.0,-68000.0,51000.0,-67000.0,50500.0,-67500.0,1000000,410402.3684789672,0.4104023684789672,1,104.01481305342044,1.4319539198062206
JB1000_R0017_C0001,1000,17,1,-2000.0,-67000.0,-1000.0,-66000.0,-1500.0,-66500.0,1000000,362338.9451082782,0.3623389451082782,1,103.54754462565123,1.441069994077551
JB1000_R0017_C0002,1000,17,2,-1000.0,-67000.0,0.0,-66000.0,-500.0,-66500.0,1000000,1000000.0,1.0,0,103.5565306015473,1.4410695014549044
JB1000_R0017_C0003,1000,17,3,0.0,-67000.0,1000.0,-66000.0,500.0,-66500.0,1000000,1000000.0,1.0,0,103.56551657743935,1.4410689731623272
JB1000_R0017_C0004,1000,17,4,1000.0,-67000.0,2000.0,-66000.0,1500.0,-66500.0,1000000,1000000.0,1.0,0,103.57450255332714,1.441068409199832
JB1000_R0017_C0005,1000,17,5,2000.0,-67000.0,3000.0,-66000.0,2500.0,-66500.0,1000000,1000000.0,1.0,0,103.58348852921037,1.4410678095674332
JB1000_R0017_C0006,1000,17,6,3000.0,-67000.0,4000.0,-66000.0,3500.0,-66500.0,1000000,1000000.0,1.0,0,103.59247450508875,1.4410671742651453
JB1000_R0017_C0007,1000,17,7,4000.0,-67000.0,5000.0,-66000.0,4500.0,-66500.0,1000000,1000000.0,1.0,0,103.601460480962,1.4410665032929841
JB1000_R0017_C0008,1000,17,8,5000.0,-67000.0,6000.0,-66000.0,5500.0,-66500.0,1000000,1000000.0,1.0,0,103.61044645682986,1.441065796650966
JB1000_R0017_C0009,1000,17,9,6000.0,-67000.0,7000.0,-66000.0,6500.0,-66500.0,1000000,1000000.0,1.0,0,103.61943243269207,1.4410650543391084
JB1000_R0017_C0010,1000,17,10,7000.0,-67000.0,8000.0,-66000.0,7500.0,-66500.0,1000000,1000000.0,1.0,0,103.62841840854828,1.4410642763574297
JB1000_R0017_C0011,1000,17,11,8000.0,-67000.0,9000.0,-66000.0,8500.0,-66500.0,1000000,1000000.0,1.0,0,103.63740438439827,1.4410634627059487
JB1000_R0017_C0012,1000,17,12,9000.0,-67000.0,10000.0,-66000.0,9500.0,-66500.0,1000000,1000000.0,1.0,0,103.64639036024175,1.441062613384686
JB1000_R0017_C0013,1000,17,13,10000.0,-67000.0,11000.0,-66000.0,10500.0,-66500.0,1000000,1000000.0,1.0,0,103.65537633607842,1.4410617283936622
JB1000_R0017_C0014,1000,17,14,11000.0,-67000.0,12000.0,-66000.0,11500.0,-66500.0,1000000,1000000.0,1.0,0,103.66436231190802,1.4410608077328992
JB1000_R0017_C0015,1000,17,15,12000.0,-67000.0,13000.0,-66000.0,12500.0,-66500.0,1000000,1000000.0,1.0,0,103.67334828773026,1.4410598514024195
JB1000_R0017_C0016,1000,17,16,13000.0,-67000.0,14000.0,-66000.0,13500.0,-66500.0,1000000,928268.6085713345,0.9282686085713345,1,103.68233426354487,1.4410588594022469
JB1000_R0017_C0017,1000,17,17,14000.0,-67000.0,15000.0,-66000.0,14500.0,-66500.0,1000000,650666.6026632722,0.6506666026632721,1,103.69132023935157,1.4410578317324054
JB1000_R0017_C0018,1000,17,18,15000.0,-67000.0,16000.0,-66000.0,15500.0,-66500.0,1000000,74663.49343284193,0.07466349343284193,1,103.70030621515006,1.441056768392921
JB1000_R0017_C0038,1000,17,38,35000.0,-67000.0,36000.0,-66000.0,35500.0,-66500.0,1000000,563467.0991685853,0.5634670991685853,1,103.8800257289686,1.4410280110248928
JB1000_R0017_C0039,1000,17,39,36000.0,-67000.0,37000.0,-66000.0,36500.0,-66500.0,1000000,1000000.0,1.0,0,103.88901170453043,1.4410261986303012
JB1000_R0017_C0040,1000,17,40,37000.0,-67000.0,38000.0,-66000.0,37500.0,-66500.0,1000000,1000000.0,1.0,0,103.8979976800779,1.4410243505668456
JB1000_R0017_C0041,1000,17,41,38000.0,-67000.0,39000.0,-66000.0,38500.0,-66500.0,1000000,1000000.0,1.0,0,103.90698365561077,1.4410224668345712
JB1000_R0017_C0042,1000,17,42,39000.0,-67000.0,40000.0,-66000.0,39500.0,-66500.0,1000000,1000000.0,1.0,0,103.91596963112873,1.4410205474335245
JB1000_R0017_C0043,1000,17,43,40000.0,-67000.0,41000.0,-66000.0,40500.0,-66500.0,1000000,1000000.0,1.0,0,103.9249556066315,1.4410185923637528
JB1000_R0017_C0044,1000,17,44,41000.0,-67000.0,42000.0,-66000.0,41500.0,-66500.0,1000000,1000000.0,1.0,0,103.9339415821188,1.441016601625304
JB1000_R0017_C0045,1000,17,45,42000.0,-67000.0,43000.0,-66000.0,42500.0,-66500.0,1000000,1000000.0,1.0,0,103.94292755759038,1.4410145752182277
JB1000_R0017_C0046,1000,17,46,43000.0,-67000.0,44000.0,-66000.0,43500.0,-66500.0,1000000,1000000.0,1.0,0,103.95191353304592,1.4410125131425733
JB1000_R0017_C0047,1000,17,47,44000.0,-67000.0,45000.0,-66000.0,44500.0,-66500.0,1000000,1000000.0,1.0,0,103.96089950848516,1.4410104153983916
JB1000_R0017_C0048,1000,17,48,45000.0,-67000.0,46000.0,-66000.0,45500.0,-66500.0,1000000,1000000.0,1.0,0,103.96988548390782,1.4410082819857346
JB1000_R0017_C0049,1000,17,49,46000.0,-67000.0,47000.0,-66000.0,46500.0,-66500.0,1000000,1000000.0,1.0,0,103.97887145931362,1.4410061129046545
JB1000_R0017_C0050,1000,17,50,47000.0,-67000.0,48000.0,-66000.0,47500.0,-66500.0,1000000,1000000.0,1.0,0,103.98785743470226,1.4410039081552048
JB1000_R0017_C0051,1000,17,51,48000.0,-67000.0,49000.0,-66000.0,48500.0,-66500.0,1000000,1000000.0,1.0,0,103.99684341007351,1.4410016677374402
JB1000_R0017_C0052,1000,17,52,49000.0,-67000.0,50000.0,-66000.0,49500.0,-66500.0,1000000,1000000.0,1.0,0,104.00582938542705,1.4409993916514152
JB1000_R0017_C0053,1000,17,53,50000.0,-67000.0,51000.0,-66000.0,50500.0,-66500.0,1000000,999066.3693339056,0.9990663693339056,1,104.01481536076261,1.4409970798971865
JB1000_R0017_C0054,1000,17,54,51000.0,-67000.0,52000.0,-66000.0,51500.0,-66500.0,1000000,618872.2863221931,0.6188722863221932,1,104.02380133607991,1.4409947324748102
JB1000_R0018_C0001,1000,18,1,-2000.0,-66000.0,-1000.0,-65000.0,-1500.0,-65500.0,1000000,107205.50039800117,0.10720550039800117,1,103.54754509889251,1.4501136112133621
JB1000_R0018_C0002,1000,18,2,-1000.0,-66000.0,0.0,-65000.0,-500.0,-65500.0,1000000,999068.0748726756,0.9990680748726756,1,103.55653111034216,1.450113115497936
JB1000_R0018_C0003,1000,18,3,0.0,-66000.0,1000.0,-65000.0,500.0,-65500.0,1000000,1000000.0,1.0,0,103.56551712178775,1.4501125838886366
JB1000_R0018_C0004,1000,18,4,1000.0,-66000.0,2000.0,-65000.0,1500.0,-65500.0,1000000,1000000.0,1.0,0,103.57450313322903,1.450112016385477
JB1000_R0018_C0005,1000,18,5,2000.0,-66000.0,3000.0,-65000.0,2500.0,-65500.0,1000000,1000000.0,1.0,0,103.58348914466568,1.4501114129884711
JB1000_R0018_C0006,1000,18,6,3000.0,-66000.0,4000.0,-65000.0,3500.0,-65500.0,1000000,1000000.0,1.0,0,103.59247515609741,1.4501107736976337
JB1000_R0018_C0007,1000,18,7,4000.0,-66000.0,5000.0,-65000.0,4500.0,-65500.0,1000000,1000000.0,1.0,0,103.60146116752398,1.4501100985129807
JB1000_R0018_C0008,1000,18,8,5000.0,-66000.0,6000.0,-65000.0,5500.0,-65500.0,1000000,1000000.0,1.0,0,103.61044717894507,1.4501093874345283
JB1000_R0018_C0009,1000,18,9,6000.0,-66000.0,7000.0,-65000.0,6500.0,-65500.0,1000000,1000000.0,1.0,0,103.61943319036041,1.4501086404622947
JB1000_R0018_C0010,1000,18,10,7000.0,-66000.0,8000.0,-65000.0,7500.0,-65500.0,1000000,1000000.0,1.0,0,103.62841920176972,1.450107857596298
JB1000_R0018_C0011,1000,18,11,8000.0,-66000.0,9000.0,-65000.0,8500.0,-65500.0,1000000,1000000.0,1.0,0,103.63740521317271,1.4501070388365573
JB1000_R0018_C0012,1000,18,12,9000.0,-66000.0,10000.0,-65000.0,9500.0,-65500.0,1000000,1000000.0,1.0,0,103.64639122456911,1.450106184183093
JB1000_R0018_C0013,1000,18,13,10000.0,-66000.0,11000.0,-65000.0,10500.0,-65500.0,1000000,1000000.0,1.0,0,103.65537723595862,1.4501052936359258
JB1000_R0018_C0014,1000,18,14,11000.0,-66000.0,12000.0,-65000.0,11500.0,-65500.0,1000000,1000000.0,1.0,0,103.66436324734097,1.450104367195078
JB1000_R0018_C0015,1000,18,15,12000.0,-66000.0,13000.0,-65000.0,12500.0,-65500.0,1000000,1000000.0,1.0,0,103.67334925871587,1.4501034048605723
JB1000_R0018_C0016,1000,18,16,13000.0,-66000.0,14000.0,-65000.0,13500.0,-65500.0,1000000,1000000.0,1.0,0,103.68233527008304,1.4501024066324326
JB1000_R0018_C0017,1000,18,17,14000.0,-66000.0,15000.0,-65000.0,14500.0,-65500.0,1000000,1000000.0,1.0,0,103.69132128144219,1.450101372510683
JB1000_R0018_C0018,1000,18,18,15000.0,-66000.0,16000.0,-65000.0,15500.0,-65500.0,1000000,702386.3152696664,0.7023863152696663,1,103.70030729279306,1.4501003024953494
JB1000_R0018_C0019,1000,18,19,16000.0,-66000.0,17000.0,-65000.0,16500.0,-65500.0,1000000,50761.94887233485,0.050761948872334844,1,103.70929330413531,1.450099196586458
JB1000_R0018_C0022,1000,18,22,19000.0,-66000.0,20000.0,-65000.0,19500.0,-65500.0,1000000,36165.50492360087,0.03616550492360087,1,103.73625133810782,1.4500956634987137
JB1000_R0018_C0023,1000,18,23,20000.0,-66000.0,21000.0,-65000.0,20500.0,-65500.0,1000000,446544.5525260677,0.44654455252606773,1,103.74523734941295,1.4500944140158722
JB1000_R0018_C0024,1000,18,24,21000.0,-66000.0,22000.0,-65000.0,21500.0,-65500.0,1000000,641846.2518831657,0.6418462518831657,1,103.75422336070805,1.4500931286396181
JB1000_R0018_C0025,1000,18,25,22000.0,-66000.0,23000.0,-65000.0,22500.0,-65500.0,1000000,518979.413784095,0.5189794137840951,1,103.7632093719929,1.4500918073699829
JB1000_R0018_C0026,1000,18,26,23000.0,-66000.0,24000.0,-65000.0,23500.0,-65500.0,1000000,92857.44938575174,0.09285744938575173,1,103.77219538326717,1.4500904502069991
JB1000_R0018_C0037,1000,18,37,34000.0,-66000.0,35000.0,-65000.0,34500.0,-65500.0,1000000,395070.77518237307,0.39507077518237305,1,103.87104150650615,1.4500731524633634
JB1000_R0018_C0038,1000,18,38,35000.0,-66000.0,36000.0,-65000.0,35500.0,-65500.0,1000000,999358.0049495946,0.9993580049495946,1,103.88002751763159,1.4500713645830567
JB1000_R0018_C0039,1000,18,39,36000.0,-66000.0,37000.0,-65000.0,36500.0,-65500.0,1000000,1000000.0,1.0,0,103.8890135287428,1.4500695408099051
JB1000_R0018_C0040,1000,18,40,37000.0,-66000.0,38000.0,-65000.0,37500.0,-65500.0,1000000,1000000.0,1.0,0,103.89799953983946,1.4500676811439535
JB1000_R0018_C0041,1000,18,41,38000.0,-66000.0,39000.0,-65000.0,38500.0,-65500.0,1000000,1000000.0,1.0,0,103.90698555092135,1.4500657855852472
JB1000_R0018_C0042,1000,18,42,39000.0,-66000.0,40000.0,-65000.0,39500.0,-65500.0,1000000,1000000.0,1.0,0,103.91597156198812,1.4500638541338333
JB1000_R0018_C0043,1000,18,43,40000.0,-66000.0,41000.0,-65000.0,40500.0,-65500.0,1000000,1000000.0,1.0,0,103.9249575730395,1.4500618867897594
JB1000_R0018_C0044,1000,18,44,41000.0,-66000.0,42000.0,-65000.0,41500.0,-65500.0,1000000,1000000.0,1.0,0,103.93394358407527,1.4500598835530738
JB1000_R0018_C0045,1000,18,45,42000.0,-66000.0,43000.0,-65000.0,42500.0,-65500.0,1000000,1000000.0,1.0,0,103.94292959509507,1.450057844423826
JB1000_R0018_C0046,1000,18,46,43000.0,-66000.0,44000.0,-65000.0,43500.0,-65500.0,1000000,1000000.0,1.0,0,103.95191560609864,1.450055769402066
JB1000_R0018_C0047,1000,18,47,44000.0,-66000.0,45000.0,-65000.0,44500.0,-65500.0,1000000,1000000.0,1.0,0,103.96090161708571,1.450053658487845
JB1000_R0018_C0048,1000,18,48,45000.0,-66000.0,46000.0,-65000.0,45500.0,-65500.0,1000000,1000000.0,1.0,0,103.96988762805599,1.450051511681215
JB1000_R0018_C0049,1000,18,49,46000.0,-66000.0,47000.0,-65000.0,46500.0,-65500.0,1000000,1000000.0,1.0,0,103.9788736390092,1.4500493289822287
JB1000_R0018_C0050,1000,18,50,47000.0,-66000.0,48000.0,-65000.0,47500.0,-65500.0,1000000,1000000.0,1.0,0,103.98785964994504,1.4500471103909405
JB1000_R0018_C0051,1000,18,51,48000.0,-66000.0,49000.0,-65000.0,48500.0,-65500.0,1000000,1000000.0,1.0,0,103.99684566086326,1.4500448559074042
JB1000_R0018_C0052,1000,18,52,49000.0,-66000.0,50000.0,-65000.0,49500.0,-65500.0,1000000,1000000.0,1.0,0,104.00583167176354,1.450042565531676
JB1000_R0018_C0053,1000,18,53,50000.0,-66000.0,51000.0,-65000.0,50500.0,-65500.0,1000000,1000000.0,1.0,0,104.01481768264563,1.4500402392638116
JB1000_R0018_C0054,1000,18,54,51000.0,-66000.0,52000.0,-65000.0,51500.0,-65500.0,1000000,743456.1230247023,0.7434561230247023,1,104.02380369350922,1.450037877103869
JB1000_R0019_C0001,1000,19,1,-2000.0,-65000.0,-1000.0,-64000.0,-1500.0,-64500.0,1000000,3312.961802707128,0.003312961802707128,1,103.54754557509754,1.4591572276237659
JB1000_R0019_C0002,1000,19,2,-1000.0,-65000.0,0.0,-64000.0,-500.0,-64500.0,1000000,927480.6544993431,0.9274806544993431,1,103.55653162232345,1.459156728815537
JB1000_R0019_C0003,1000,19,3,0.0,-65000.0,1000.0,-64000.0,500.0,-64500.0,1000000,1000000.0,1.0,0,103.56551766954523,1.4591561938894901
JB1000_R0019_C0004,1000,19,4,1000.0,-65000.0,2000.0,-64000.0,1500.0,-64500.0,1000000,1000000.0,1.0,0,103.57450371676264,1.459155622845639
JB1000_R0019_C0005,1000,19,5,2000.0,-65000.0,3000.0,-64000.0,2500.0,-64500.0,1000000,1000000.0,1.0,0,103.58348976397536,1.4591550156839974
JB1000_R0019_C0006,1000,19,6,3000.0,-65000.0,4000.0,-64000.0,3500.0,-64500.0,1000000,1000000.0,1.0,0,103.59247581118312,1.4591543724045803
JB1000_R0019_C0007,1000,19,7,4000.0,-65000.0,5000.0,-64000.0,4500.0,-64500.0,1000000,1000000.0,1.0,0,103.60146185838563,1.4591536930074034
JB1000_R0019_C0008,1000,19,8,5000.0,-65000.0,6000.0,-64000.0,5500.0,-64500.0,1000000,1000000.0,1.0,0,103.61044790558262,1.4591529774924834
JB1000_R0019_C0009,1000,19,9,6000.0,-65000.0,7000.0,-64000.0,6500.0,-64500.0,1000000,1000000.0,1.0,0,103.61943395277378,1.4591522258598384
JB1000_R0019_C0010,1000,19,10,7000.0,-65000.0,8000.0,-64000.0,7500.0,-64500.0,1000000,1000000.0,1.0,0,103.62841999995884,1.4591514381094863
JB1000_R0019_C0011,1000,19,11,8000.0,-65000.0,9000.0,-64000.0,8500.0,-64500.0,1000000,1000000.0,1.0,0,103.63740604713749,1.4591506142414468
JB1000_R0019_C0012,1000,19,12,9000.0,-65000.0,10000.0,-64000.0,9500.0,-64500.0,1000000,1000000.0,1.0,0,103.64639209430946,1.4591497542557403
JB1000_R0019_C0013,1000,19,13,10000.0,-65000.0,11000.0,-64000.0,10500.0,-64500.0,1000000,1000000.0,1.0,0,103.65537814147447,1.459148858152388
JB1000_R0019_C0014,1000,19,14,11000.0,-65000.0,12000.0,-64000.0,11500.0,-64500.0,1000000,1000000.0,1.0,0,103.66436418863222,1.4591479259314115
JB1000_R0019_C0015,1000,19,15,12000.0,-65000.0,13000.0,-64000.0,12500.0,-64500.0,1000000,1000000.0,1.0,0,103.67335023578242,1.4591469575928344
JB1000_R0019_C0016,1000,19,16,13000.0,-65000.0,14000.0,-64000.0,13500.0,-64500.0,1000000,1000000.0,1.0,0,103.68233628292481,1.4591459531366802
JB1000_R0019_C0017,1000,19,17,14000.0,-65000.0,15000.0,-64000.0,14500.0,-64500.0,1000000,1000000.0,1.0,0,103.69132233005905,1.4591449125629734
JB1000_R0019_C0018,1000,19,18,15000.0,-65000.0,16000.0,-64000.0,15500.0,-64500.0,1000000,1000000.0,1.0,0,103.70030837718492,1.45914383587174
JB1000_R0019_C0019,1000,19,19,16000.0,-65000.0,17000.0,-64000.0,16500.0,-64500.0,1000000,889029.6031958845,0.8890296031958845,1,103.7092944243021,1.4591427230630065
JB1000_R0019_C0020,1000,19,20,17000.0,-65000.0,18000.0,-64000.0,17500.0,-64500.0,1000000,591060.0443180497,0.5910600443180497,1,103.7182804714103,1.4591415741368001
JB1000_R0019_C0021,1000,19,21,18000.0,-65000.0,19000.0,-64000.0,18500.0,-64500.0,1000000,514034.29170629825,0.5140342917062982,1,103.72726651850923,1.4591403890931494
JB1000_R0019_C0022,1000,19,22,19000.0,-65000.0,20000.0,-64000.0,19500.0,-64500.0,1000000,901484.9123257166,0.9014849123257166,1,103.73625256559862,1.4591391679320833
JB1000_R0019_C0023,1000,19,23,20000.0,-65000.0,21000.0,-64000.0,20500.0,-64500.0,1000000,1000000.0,1.0,0,103.74523861267816,1.4591379106536322
JB1000_R0019_C0024,1000,19,24,21000.0,-65000.0,22000.0,-64000.0,21500.0,-64500.0,1000000,1000000.0,1.0,0,103.7542246597476,1.4591366172578268
JB1000_R0019_C0025,1000,19,25,22000.0,-65000.0,23000.0,-64000.0,22500.0,-64500.0,1000000,1000000.0,1.0,0,103.76321070680663,1.4591352877446988
JB1000_R0019_C0026,1000,19,26,23000.0,-65000.0,24000.0,-64000.0,23500.0,-64500.0,1000000,936265.7150793629,0.9362657150793628,1,103.77219675385496,1.4591339221142814
JB1000_R0019_C0027,1000,19,27,24000.0,-65000.0,25000.0,-64000.0,24500.0,-64500.0,1000000,398176.11050263495,0.39817611050263496,1,103.7811828008923,1.4591325203666077
JB1000_R0019_C0028,1000,19,28,25000.0,-65000.0,26000.0,-64000.0,25500.0,-64500.0,1000000,5142.6817186972385,0.0051426817186972385,1,103.79016884791838,1.4591310825017128
JB1000_R0019_C0035,1000,19,35,32000.0,-65000.0,33000.0,-64000.0,32500.0,-64500.0,1000000,20871.1914241447,0.020871191424144703,1,103.85307117676133,1.4591200061683332
JB1000_R0019_C0036,1000,19,36,33000.0,-65000.0,34000.0,-64000.0,33500.0,-64500.0,1000000,479040.7631959617,0.4790407631959617,1,103.86205722368695,1.459118279367016
JB1000_R0019_C0037,1000,19,37,34000.0,-65000.0,35000.0,-64000.0,34500.0,-64500.0,1000000,986872.8641073945,0.9868728641073945,1,103.8710432705987,1.4591165164488282
JB1000_R0019_C0038,1000,19,38,35000.0,-65000.0,36000.0,-64000.0,35500.0,-64500.0,1000000,1000000.0,1.0,0,103.88002931749634,1.4591147174138128
JB1000_R0019_C0039,1000,19,39,36000.0,-65000.0,37000.0,-64000.0,36500.0,-64500.0,1000000,1000000.0,1.0,0,103.88901536437955,1.4591128822620147
JB1000_R0019_C0040,1000,19,40,37000.0,-65000.0,38000.0,-64000.0,37500.0,-64500.0,1000000,1000000.0,1.0,0,103.89800141124806,1.4591110109934786
JB1000_R0019_C0041,1000,19,41,38000.0,-65000.0,39000.0,-64000.0,38500.0,-64500.0,1000000,1000000.0,1.0,0,103.90698745810155,1.4591091036082509
JB1000_R0019_C0042,1000,19,42,39000.0,-65000.0,40000.0,-64000.0,39500.0,-64500.0,1000000,1000000.0,1.0,0,103.91597350493979,1.4591071601063783
JB1000_R0019_C0043,1000,19,43,40000.0,-65000.0,41000.0,-64000.0,40500.0,-64500.0,1000000,1000000.0,1.0,0,103.92495955176246,1.4591051804879092
JB1000_R0019_C0044,1000,19,44,41000.0,-65000.0,42000.0,-64000.0,41500.0,-64500.0,1000000,1000000.0,1.0,0,103.93394559856925,1.4591031647528916
JB1000_R0019_C0045,1000,19,45,42000.0,-65000.0,43000.0,-64000.0,42500.0,-64500.0,1000000,1000000.0,1.0,0,103.9429316453599,1.4591011129013758
JB1000_R0019_C0046,1000,19,46,43000.0,-65000.0,44000.0,-64000.0,43500.0,-64500.0,1000000,1000000.0,1.0,0,103.95191769213415,1.459099024933412
JB1000_R0019_C0047,1000,19,47,44000.0,-65000.0,45000.0,-64000.0,44500.0,-64500.0,1000000,1000000.0,1.0,0,103.96090373889167,1.4590969008490515
JB1000_R0019_C0048,1000,19,48,45000.0,-65000.0,46000.0,-64000.0,45500.0,-64500.0,1000000,1000000.0,1.0,0,103.9698897856322,1.459094740648347
JB1000_R0019_C0049,1000,19,49,46000.0,-65000.0,47000.0,-64000.0,46500.0,-64500.0,1000000,1000000.0,1.0,0,103.97887583235543,1.4590925443313516
JB1000_R0019_C0050,1000,19,50,47000.0,-65000.0,48000.0,-64000.0,47500.0,-64500.0,1000000,1000000.0,1.0,0,103.98786187906109,1.459090311898119
JB1000_R0019_C0051,1000,19,51,48000.0,-65000.0,49000.0,-64000.0,48500.0,-64500.0,1000000,1000000.0,1.0,0,103.9968479257489,1.4590880433487048
JB1000_R0019_C0052,1000,19,52,49000.0,-65000.0,50000.0,-64000.0,49500.0,-64500.0,1000000,1000000.0,1.0,0,104.00583397241854,1.4590857386831646
JB1000_R0019_C0053,1000,19,53,50000.0,-65000.0,51000.0,-64000.0,50500.0,-64500.0,1000000,1000000.0,1.0,0,104.01482001906976,1.4590833979015552
JB1000_R0019_C0054,1000,19,54,51000.0,-65000.0,52000.0,-64000.0,51500.0,-64500.0,1000000,677775.9410802828,0.6777759410802828,1,104.02380606570226,1.459081021003934
JB1000_R0020_C0002,1000,20,2,-1000.0,-64000.0,0.0,-63000.0,-500.0,-63500.0,1000000,731069.4261691169,0.7310694261691169,1,103.55653213749117,1.4682003414031863
JB1000_R0020_C0003,1000,20,3,0.0,-64000.0,1000.0,-63000.0,500.0,-63500.0,1000000,1000000.0,1.0,0,103.56551822071182,1.4681998031603674
JB1000_R0020_C0004,1000,20,4,1000.0,-64000.0,2000.0,-63000.0,1500.0,-63500.0,1000000,1000000.0,1.0,0,103.57450430392804,1.4681992285757974
JB1000_R0020_C0005,1000,20,5,2000.0,-64000.0,3000.0,-63000.0,2500.0,-63500.0,1000000,1000000.0,1.0,0,103.58349038713949,1.4681986176494914
JB1000_R0020_C0006,1000,20,6,3000.0,-64000.0,4000.0,-63000.0,3500.0,-63500.0,1000000,1000000.0,1.0,0,103.59247647034594,1.468197970381464
JB1000_R0020_C0007,1000,20,7,4000.0,-64000.0,5000.0,-63000.0,4500.0,-63500.0,1000000,1000000.0,1.0,0,103.60146255354708,1.468197286771731
JB1000_R0020_C0008,1000,20,8,5000.0,-64000.0,6000.0,-63000.0,5500.0,-63500.0,1000000,1000000.0,1.0,0,103.61044863674262,1.4681965668203096
JB1000_R0020_C0009,1000,20,9,6000.0,-64000.0,7000.0,-63000.0,6500.0,-63500.0,1000000,1000000.0,1.0,0,103.61943471993224,1.4681958105272175
JB1000_R0020_C0010,1000,20,10,7000.0,-64000.0,8000.0,-63000.0,7500.0,-63500.0,1000000,1000000.0,1.0,0,103.6284208031157,1.468195017892473
JB1000_R0020_C0011,1000,20,11,8000.0,-64000.0,9000.0,-63000.0,8500.0,-63500.0,1000000,1000000.0,1.0,0,103.63740688629268,1.4681941889160959
JB1000_R0020_C0012,1000,20,12,9000.0,-64000.0,10000.0,-63000.0,9500.0,-63500.0,1000000,1000000.0,1.0,0,103.64639296946288,1.4681933235981064
JB1000_R0020_C0013,1000,20,13,10000.0,-64000.0,11000.0,-63000.0,10500.0,-63500.0,1000000,1000000.0,1.0,0,103.65537905262605,1.468192421938526
JB1000_R0020_C0014,1000,20,14,11000.0,-64000.0,12000.0,-63000.0,11500.0,-63500.0,1000000,1000000.0,1.0,0,103.66436513578185,1.4681914839373769
JB1000_R0020_C0015,1000,20,15,12000.0,-64000.0,13000.0,-63000.0,12500.0,-63500.0,1000000,1000000.0,1.0,0,103.67335121893002,1.4681905095946823
JB1000_R0020_C0016,1000,20,16,13000.0,-64000.0,14000.0,-63000.0,13500.0,-63500.0,1000000,1000000.0,1.0,0,103.68233730207027,1.468189498910466
JB1000_R0020_C0017,1000,20,17,14000.0,-64000.0,15000.0,-63000.0,14500.0,-63500.0,1000000,1000000.0,1.0,0,103.6913233852023,1.468188451884753
JB1000_R0020_C0018,1000,20,18,15000.0,-64000.0,16000.0,-63000.0,15500.0,-63500.0,1000000,1000000.0,1.0,0,103.70030946832583,1.4681873685175688
JB1000_R0020_C0019,1000,20,19,16000.0,-64000.0,17000.0,-63000.0,16500.0,-63500.0,1000000,1000000.0,1.0,0,103.70929555144056,1.4681862488089406
JB1000_R0020_C0020,1000,20,20,17000.0,-64000.0,18000.0,-63000.0,17500.0,-63500.0,1000000,1000000.0,1.0,0,103.7182816345462,1.4681850927588955
JB1000_R0020_C0021,1000,20,21,18000.0,-64000.0,19000.0,-63000.0,18500.0,-63500.0,1000000,1000000.0,1.0,0,103.72726771764246,1.4681839003674624
JB1000_R0020_C0022,1000,20,22,19000.0,-64000.0,20000.0,-63000.0,19500.0,-63500.0,1000000,1000000.0,1.0,0,103.73625380072906,1.4681826716346702
JB1000_R0020_C0023,1000,20,23,20000.0,-64000.0,21000.0,-63000.0,20500.0,-63500.0,1000000,1000000.0,1.0,0,103.74523988380571,1.4681814065605496
JB1000_R0020_C0024,1000,20,24,21000.0,-64000.0,22000.0,-63000.0,21500.0,-63500.0,1000000,1000000.0,1.0,0,103.7542259668721,1.4681801051451315
JB1000_R0020_C0025,1000,20,25,22000.0,-64000.0,23000.0,-63000.0,22500.0,-63500.0,1000000,1000000.0,1.0,0,103.76321204992796,1.4681787673884483
JB1000_R0020_C0026,1000,20,26,23000.0,-64000.0,24000.0,-63000.0,23500.0,-63500.0,1000000,1000000.0,1.0,0,103.77219813297297,1.4681773932905322
JB1000_R0020_C0027,1000,20,27,24000.0,-64000.0,25000.0,-63000.0,24500.0,-63500.0,1000000,1000000.0,1.0,0,103.78118421600688,1.4681759828514178
JB1000_R0020_C0028,1000,20,28,25000.0,-64000.0,26000.0,-63000.0,25500.0,-63500.0,1000000,710199.4155037088,0.7101994155037088,1,103.79017029902938,1.4681745360711396
JB1000_R0020_C0029,1000,20,29,26000.0,-64000.0,27000.0,-63000.0,26500.0,-63500.0,1000000,52654.992872313414,0.052654992872313414,1,103.79915638204018,1.468173052949733
JB1000_R0020_C0033,1000,20,33,30000.0,-64000.0,31000.0,-63000.0,30500.0,-63500.0,1000000,116766.4736482371,0.1167664736482371,1,103.8351007139606,1.468166757053569
JB1000_R0020_C0034,1000,20,34,31000.0,-64000.0,32000.0,-63000.0,31500.0,-63500.0,1000000,488402.8655797702,0.4884028655797702,1,103.84408679690856,1.4681650922270875
JB1000_R0020_C0035,1000,20,35,32000.0,-64000.0,33000.0,-63000.0,32500.0,-63500.0,1000000,881399.0701914452,0.8813990701914451,1,103.85307287984307,1.46816339105971
JB1000_R0020_C0036,1000,20,36,33000.0,-64000.0,34000.0,-63000.0,33500.0,-63500.0,1000000,1000000.0,1.0,0,103.86205896276385,1.4681616535514792
JB1000_R0020_C0037,1000,20,37,34000.0,-64000.0,35000.0,-63000.0,34500.0,-63500.0,1000000,1000000.0,1.0,0,103.87104504567061,1.4681598797024373
JB1000_R0020_C0038,1000,20,38,35000.0,-64000.0,36000.0,-63000.0,35500.0,-63500.0,1000000,1000000.0,1.0,0,103.88003112856306,1.4681580695126282
JB1000_R0020_C0039,1000,20,39,36000.0,-64000.0,37000.0,-63000.0,36500.0,-63500.0,1000000,1000000.0,1.0,0,103.88901721144093,1.4681562229820964
JB1000_R0020_C0040,1000,20,40,37000.0,-64000.0,38000.0,-63000.0,37500.0,-63500.0,1000000,1000000.0,1.0,0,103.89800329430389,1.4681543401108874
JB1000_R0020_C0041,1000,20,41,38000.0,-64000.0,39000.0,-63000.0,38500.0,-63500.0,1000000,1000000.0,1.0,0,103.90698937715166,1.468152420899048
JB1000_R0020_C0042,1000,20,42,39000.0,-64000.0,40000.0,-63000.0,39500.0,-63500.0,1000000,1000000.0,1.0,0,103.91597545998398,1.4681504653466249
JB1000_R0020_C0043,1000,20,43,40000.0,-64000.0,41000.0,-63000.0,40500.0,-63500.0,1000000,1000000.0,1.0,0,103.92496154280053,1.4681484734536663
JB1000_R0020_C0044,1000,20,44,41000.0,-64000.0,42000.0,-63000.0,41500.0,-63500.0,1000000,1000000.0,1.0,0,103.93394762560104,1.4681464452202215
JB1000_R0020_C0045,1000,20,45,42000.0,-64000.0,43000.0,-63000.0,42500.0,-63500.0,1000000,1000000.0,1.0,0,103.9429337083852,1.4681443806463406
JB1000_R0020_C0046,1000,20,46,43000.0,-64000.0,44000.0,-63000.0,43500.0,-63500.0,1000000,1000000.0,1.0,0,103.95191979115272,1.468142279732074
JB1000_R0020_C0047,1000,20,47,44000.0,-64000.0,45000.0,-63000.0,44500.0,-63500.0,1000000,1000000.0,1.0,0,103.96090587390331,1.4681401424774736
JB1000_R0020_C0048,1000,20,48,45000.0,-64000.0,46000.0,-63000.0,45500.0,-63500.0,1000000,1000000.0,1.0,0,103.9698919566367,1.4681379688825924
JB1000_R0020_C0049,1000,20,49,46000.0,-64000.0,47000.0,-63000.0,46500.0,-63500.0,1000000,1000000.0,1.0,0,103.9788780393526,1.4681357589474835
JB1000_R0020_C0050,1000,20,50,47000.0,-64000.0,48000.0,-63000.0,47500.0,-63500.0,1000000,1000000.0,1.0,0,103.9878641220507,1.4681335126722015
JB1000_R0020_C0051,1000,20,51,48000.0,-64000.0,49000.0,-63000.0,48500.0,-63500.0,1000000,1000000.0,1.0,0,103.99685020473069,1.4681312300568017
JB1000_R0020_C0052,1000,20,52,49000.0,-64000.0,50000.0,-63000.0,49500.0,-63500.0,1000000,1000000.0,1.0,0,104.00583628739234,1.4681289111013405
JB1000_R0020_C0053,1000,20,53,50000.0,-64000.0,51000.0,-63000.0,50500.0,-63500.0,1000000,1000000.0,1.0,0,104.01482237003532,1.4681265558058745
JB1000_R0020_C0054,1000,20,54,51000.0,-64000.0,52000.0,-63000.0,51500.0,-63500.0,1000000,656267.8152085359,0.6562678152085358,1,104.02380845265934,1.4681241641704623
JB1000_R0021_C0002,1000,21,2,-1000.0,-63000.0,0.0,-62000.0,-500.0,-62500.0,1000000,98625.21563480218,0.09862521563480219,1,103.55653265584543,1.4772439532563648
JB1000_R0021_C0003,1000,21,3,0.0,-63000.0,1000.0,-62000.0,500.0,-62500.0,1000000,669974.5635991558,0.6699745635991557,1,103.56551877528761,1.4772434116967477
JB1000_R0021_C0004,1000,21,4,1000.0,-63000.0,2000.0,-62000.0,1500.0,-62500.0,1000000,577321.0871693264,0.5773210871693264,1,103.5745048947253,1.477242833571432
JB1000_R0021_C0005,1000,21,5,2000.0,-63000.0,3000.0,-62000.0,2500.0,-62500.0,1000000,968863.524503858,0.9688635245038579,1,103.58349101415818,1.4772422188804324
JB1000_R0021_C0006,1000,21,6,3000.0,-63000.0,4000.0,-62000.0,3500.0,-62500.0,1000000,1000000.0,1.0,0,103.59247713358597,1.477241567623764
JB1000_R0021_C0007,1000,21,7,4000.0,-63000.0,5000.0,-62000.0,4500.0,-62500.0,1000000,1000000.0,1.0,0,103.60146325300839,1.4772408798014427
JB1000_R0021_C0008,1000,21,8,5000.0,-63000.0,6000.0,-62000.0,5500.0,-62500.0,1000000,1000000.0,1.0,0,103.61044937242514,1.4772401554134857
JB1000_R0021_C0009,1000,21,9,6000.0,-63000.0,7000.0,-62000.0,6500.0,-62500.0,1000000,1000000.0,1.0,0,103.61943549183592,1.4772393944599105
JB1000_R0021_C0010,1000,21,10,7000.0,-63000.0,8000.0,-62000.0,7500.0,-62500.0,1000000,1000000.0,1.0,0,103.62842161124043,1.477238596940736
JB1000_R0021_C0011,1000,21,11,8000.0,-63000.0,9000.0,-62000.0,8500.0,-62500.0,1000000,1000000.0,1.0,0,103.63740773063839,1.477237762855982
JB1000_R0021_C0012,1000,21,12,9000.0,-63000.0,10000.0,-62000.0,9500.0,-62500.0,1000000,1000000.0,1.0,0,103.6463938500295,1.4772368922056687
JB1000_R0021_C0013,1000,21,13,10000.0,-63000.0,11000.0,-62000.0,10500.0,-62500.0,1000000,1000000.0,1.0,0,103.65537996941347,1.477235984989818
JB1000_R0021_C0014,1000,21,14,11000.0,-63000.0,12000.0,-62000.0,11500.0,-62500.0,1000000,1000000.0,1.0,0,103.66436608879,1.4772350412084516
JB1000_R0021_C0015,1000,21,15,12000.0,-63000.0,13000.0,-62000.0,12500.0,-62500.0,1000000,1000000.0,1.0,0,103.6733522081588,1.4772340608615933
JB1000_R0021_C0016,1000,21,16,13000.0,-63000.0,14000.0,-62000.0,13500.0,-62500.0,1000000,1000000.0,1.0,0,103.68233832751959,1.4772330439492671
JB1000_R0021_C0017,1000,21,17,14000.0,-63000.0,15000.0,-62000.0,14500.0,-62500.0,1000000,1000000.0,1.0,0,103.69132444687204,1.4772319904714981
JB1000_R0021_C0018,1000,21,18,15000.0,-63000.0,16000.0,-62000.0,15500.0,-62500.0,1000000,1000000.0,1.0,0,103.7003105662159,1.4772309004283122
JB1000_R0021_C0019,1000,21,19,16000.0,-63000.0,17000.0,-62000.0,16500.0,-62500.0,1000000,1000000.0,1.0,0,103.70929668555084,1.477229773819736
JB1000_R0021_C0020,1000,21,20,17000.0,-63000.0,18000.0,-62000.0,17500.0,-62500.0,1000000,1000000.0,1.0,0,103.71828280487658,1.4772286106457975
JB1000_R0021_C0021,1000,21,21,18000.0,-63000.0,19000.0,-62000.0,18500.0,-62500.0,1000000,1000000.0,1.0,0,103.72726892419284,1.4772274109065253
JB1000_R0021_C0022,1000,21,22,19000.0,-63000.0,20000.0,-62000.0,19500.0,-62500.0,1000000,1000000.0,1.0,0,103.7362550434993,1.477226174601949
JB1000_R0021_C0023,1000,21,23,20000.0,-63000.0,21000.0,-62000.0,20500.0,-62500.0,1000000,1000000.0,1.0,0,103.74524116279568,1.477224901732099
JB1000_R0021_C0024,1000,21,24,21000.0,-63000.0,22000.0,-62000.0,21500.0,-62500.0,1000000,1000000.0,1.0,0,103.7542272820817,1.477223592297007
JB1000_R0021_C0025,1000,21,25,22000.0,-63000.0,23000.0,-62000.0,22500.0,-62500.0,1000000,1000000.0,1.0,0,103.76321340135704,1.4772222462967044
JB1000_R0021_C0026,1000,21,26,23000.0,-63000.0,24000.0,-62000.0,23500.0,-62500.0,1000000,1000000.0,1.0,0,103.77219952062143,1.4772208637312252
JB1000_R0021_C0027,1000,21,27,24000.0,-63000.0,25000.0,-62000.0,24500.0,-62500.0,1000000,1000000.0,1.0,0,103.78118563987454,1.477219444600603
JB1000_R0021_C0028,1000,21,28,25000.0,-63000.0,26000.0,-62000.0,25500.0,-62500.0,1000000,1000000.0,1.0,0,103.7901717591161,1.4772179889048729
JB1000_R0021_C0029,1000,21,29,26000.0,-63000.0,27000.0,-62000.0,26500.0,-62500.0,1000000,831308.8488026247,0.8313088488026248,1,103.79915787834584,1.4772164966440706
JB1000_R0021_C0030,1000,21,30,27000.0,-63000.0,28000.0,-62000.0,27500.0,-62500.0,1000000,464761.4455577399,0.46476144555773985,1,103.80814399756343,1.4772149678182334
JB1000_R0021_C0031,1000,21,31,28000.0,-63000.0,29000.0,-62000.0,28500.0,-62500.0,1000000,519166.8053242187,0.5191668053242187,1,103.8171301167686,1.4772134024273982
JB1000_R0021_C0032,1000,21,32,29000.0,-63000.0,30000.0,-62000.0,29500.0,-62500.0,1000000,779818.7843721462,0.7798187843721462,1,103.82611623596104,1.477211800471604
JB1000_R0021_C0033,1000,21,33,30000.0,-63000.0,31000.0,-62000.0,30500.0,-62500.0,1000000,992602.1974090759,0.992602197409076,1,103.83510235514046,1.4772101619508902
JB1000_R0021_C0034,1000,21,34,31000.0,-63000.0,32000.0,-62000.0,31500.0,-62500.0,1000000,1000000.0,1.0,0,103.84408847430657,1.477208486865297
JB1000_R0021_C0035,1000,21,35,32000.0,-63000.0,33000.0,-62000.0,32500.0,-62500.0,1000000,1000000.0,1.0,0,103.85307459345907,1.4772067752148657
JB1000_R0021_C0036,1000,21,36,33000.0,-63000.0,34000.0,-62000.0,33500.0,-62500.0,1000000,1000000.0,1.0,0,103.86206071259767,1.4772050269996388
JB1000_R0021_C0037,1000,21,37,34000.0,-63000.0,35000.0,-62000.0,34500.0,-62500.0,1000000,1000000.0,1.0,0,103.87104683172208,1.477203242219659
JB1000_R0021_C0038,1000,21,38,35000.0,-63000.0,36000.0,-62000.0,35500.0,-62500.0,1000000,1000000.0,1.0,0,103.880032950832,1.4772014208749704
JB1000_R0021_C0039,1000,21,39,36000.0,-63000.0,37000.0,-62000.0,36500.0,-62500.0,1000000,1000000.0,1.0,0,103.88901906992714,1.4771995629656176
JB1000_R0021_C0040,1000,21,40,37000.0,-63000.0,38000.0,-62000.0,37500.0,-62500.0,1000000,1000000.0,1.0,0,103.89800518900721,1.4771976684916468
JB1000_R0021_C0041,1000,21,41,38000.0,-63000.0,39000.0,-62000.0,38500.0,-62500.0,1000000,1000000.0,1.0,0,103.90699130807191,1.4771957374531044
JB1000_R0021_C0042,1000,21,42,39000.0,-63000.0,40000.0,-62000.0,39500.0,-62500.0,1000000,1000000.0,1.0,0,103.91597742712095,1.477193769850038
JB1000_R0021_C0043,1000,21,43,40000.0,-63000.0,41000.0,-62000.0,40500.0,-62500.0,1000000,1000000.0,1.0,0,103.92496354615402,1.477191765682496
JB1000_R0021_C0044,1000,21,44,41000.0,-63000.0,42000.0,-62000.0,41500.0,-62500.0,1000000,1000000.0,1.0,0,103.93394966517084,1.477189724950528
JB1000_R0021_C0045,1000,21,45,42000.0,-63000.0,43000.0,-62000.0,42500.0,-62500.0,1000000,1000000.0,1.0,0,103.94293578417113,1.477187647654184
JB1000_R0021_C0046,1000,21,46,43000.0,-63000.0,44000.0,-62000.0,43500.0,-62500.0,1000000,1000000.0,1.0,0,103.95192190315458,1.4771855337935151
JB1000_R0021_C0047,1000,21,47,44000.0,-63000.0,45000.0,-62000.0,44500.0,-62500.0,1000000,1000000.0,1.0,0,103.96090802212089,1.477183383368574
JB1000_R0021_C0048,1000,21,48,45000.0,-63000.0,46000.0,-62000.0,45500.0,-62500.0,1000000,1000000.0,1.0,0,103.96989414106979,1.4771811963794128
JB1000_R0021_C0049,1000,21,49,46000.0,-63000.0,47000.0,-62000.0,46500.0,-62500.0,1000000,1000000.0,1.0,0,103.97888026000095,1.4771789728260858
JB1000_R0021_C0050,1000,21,50,47000.0,-63000.0,48000.0,-62000.0,47500.0,-62500.0,1000000,1000000.0,1.0,0,103.98786637891412,1.4771767127086477
JB1000_R0021_C0051,1000,21,51,48000.0,-63000.0,49000.0,-62000.0,48500.0,-62500.0,1000000,1000000.0,1.0,0,103.99685249780896,1.4771744160271545
JB1000_R0021_C0052,1000,21,52,49000.0,-63000.0,50000.0,-62000.0,49500.0,-62500.0,1000000,1000000.0,1.0,0,104.00583861668521,1.4771720827816623
JB1000_R0021_C0053,1000,21,53,50000.0,-63000.0,51000.0,-62000.0,50500.0,-62500.0,1000000,1000000.0,1.0,0,104.01482473554258,1.4771697129722285
JB1000_R0021_C0054,1000,21,54,51000.0,-63000.0,52000.0,-62000.0,51500.0,-62500.0,1000000,652448.4642827774,0.6524484642827774,1,104.02381085438074,1.4771673065989122
JB1000_R0022_C0004,1000,22,4,1000.0,-62000.0,2000.0,-61000.0,1500.0,-61500.0,1000000,28602.405381350014,0.028602405381350015,1,103.57450548915449,1.486286437828022
JB1000_R0022_C0005,1000,22,5,2000.0,-62000.0,3000.0,-61000.0,2500.0,-61500.0,1000000,924114.6594913165,0.9241146594913165,1,103.58349164503146,1.4862858193722999
JB1000_R0022_C0006,1000,22,6,3000.0,-62000.0,4000.0,-61000.0,3500.0,-61500.0,1000000,1000000.0,1.0,0,103.59247780090328,1.4862851641269599
JB1000_R0022_C0007,1000,22,7,4000.0,-62000.0,5000.0,-61000.0,4500.0,-61500.0,1000000,1000000.0,1.0,0,103.60146395676965,1.4862844720920176
JB1000_R0022_C0008,1000,22,8,5000.0,-62000.0,6000.0,-61000.0,5500.0,-61500.0,1000000,1000000.0,1.0,0,103.61045011263028,1.4862837432674905
JB1000_R0022_C0009,1000,22,9,6000.0,-62000.0,7000.0,-61000.0,6500.0,-61500.0,1000000,1000000.0,1.0,0,103.61943626848488,1.4862829776533963
JB1000_R0022_C0010,1000,22,10,7000.0,-62000.0,8000.0,-61000.0,7500.0,-61500.0,1000000,1000000.0,1.0,0,103.62842242433311,1.4862821752497544
JB1000_R0022_C0011,1000,22,11,8000.0,-62000.0,9000.0,-61000.0,8500.0,-61500.0,1000000,1000000.0,1.0,0,103.63740858017474,1.4862813360565836
JB1000_R0022_C0012,1000,22,12,9000.0,-62000.0,10000.0,-61000.0,9500.0,-61500.0,1000000,1000000.0,1.0,0,103.64639473600941,1.4862804600739055
JB1000_R0022_C0013,1000,22,13,10000.0,-62000.0,11000.0,-61000.0,10500.0,-61500.0,1000000,1000000.0,1.0,0,103.65538089183686,1.486279547301741
JB1000_R0022_C0014,1000,22,14,11000.0,-62000.0,12000.0,-61000.0,11500.0,-61500.0,1000000,1000000.0,1.0,0,103.66436704765678,1.486278597740113
JB1000_R0022_C0015,1000,22,15,12000.0,-62000.0,13000.0,-61000.0,12500.0,-61500.0,1000000,1000000.0,1.0,0,103.67335320346889,1.4862776113890448
JB1000_R0022_C0016,1000,22,16,13000.0,-62000.0,14000.0,-61000.0,13500.0,-61500.0,1000000,1000000.0,1.0,0,103.68233935927286,1.4862765882485605
JB1000_R0022_C0017,1000,22,17,14000.0,-62000.0,15000.0,-61000.0,14500.0,-61500.0,1000000,1000000.0,1.0,0,103.69132551506843,1.4862755283186855
JB1000_R0022_C0018,1000,22,18,15000.0,-62000.0,16000.0,-61000.0,15500.0,-61500.0,1000000,1000000.0,1.0,0,103.70031167085526,1.4862744315994456
JB1000_R0022_C0019,1000,22,19,16000.0,-62000.0,17000.0,-61000.0,16500.0,-61500.0,1000000,1000000.0,1.0,0,103.70929782663309,1.4862732980908684
JB1000_R0022_C0020,1000,22,20,17000.0,-62000.0,18000.0,-61000.0,17500.0,-61500.0,1000000,1000000.0,1.0,0,103.71828398240159,1.4862721277929813
JB1000_R0022_C0021,1000,22,21,18000.0,-62000.0,19000.0,-61000.0,18500.0,-61500.0,1000000,1000000.0,1.0,0,103.7272701381605,1.4862709207058136
JB1000_R0022_C0022,1000,22,22,19000.0,-62000.0,20000.0,-61000.0,19500.0,-61500.0,1000000,1000000.0,1.0,0,103.73625629390949,1.4862696768293946
JB1000_R0022_C0023,1000,22,23,20000.0,-62000.0,21000.0,-61000.0,20500.0,-61500.0,1000000,1000000.0,1.0,0,103.74524244964829,1.486268396163755
JB1000_R0022_C0024,1000,22,24,21000.0,-62000.0,22000.0,-61000.0,21500.0,-61500.0,1000000,1000000.0,1.0,0,103.75422860537657,1.4862670787089265
JB1000_R0022_C0025,1000,22,25,22000.0,-62000.0,23000.0,-61000.0,22500.0,-61500.0,1000000,1000000.0,1.0,0,103.76321476109406,1.4862657244649415
JB1000_R0022_C0026,1000,22,26,23000.0,-62000.0,24000.0,-61000.0,23500.0,-61500.0,1000000,1000000.0,1.0,0,103.77220091680046,1.4862643334318333
JB1000_R0022_C0027,1000,22,27,24000.0,-62000.0,25000.0,-61000.0,24500.0,-61500.0,1000000,1000000.0,1.0,0,103.78118707249544,1.486262905609636
JB1000_R0022_C0028,1000,22,28,25000.0,-62000.0,26000.0,-61000.0,25500.0,-61500.0,1000000,1000000.0,1.0,0,103.79017322817876,1.4862614409983852
JB1000_R0022_C0029,1000,22,29,26000.0,-62000.0,27000.0,-61000.0,26500.0,-61500.0,1000000,1000000.0,1.0,0,103.79915938385008,1.4862599395981169
JB1000_R0022_C0030,1000,22,30,27000.0,-62000.0,28000.0,-61000.0,27500.0,-61500.0,1000000,1000000.0,1.0,0,103.80814553950911,1.4862584014088676
JB1000_R0022_C0031,1000,22,31,28000.0,-62000.0,29000.0,-61000.0,28500.0,-61500.0,1000000,1000000.0,1.0,0,103.81713169515555,1.4862568264306757
JB1000_R0022_C0032,1000,22,32,29000.0,-62000.0,30000.0,-61000.0,29500.0,-61500.0,1000000,1000000.0,1.0,0,103.82611785078912,1.4862552146635797
JB1000_R0022_C0033,1000,22,33,30000.0,-62000.0,31000.0,-61000.0,30500.0,-61500.0,1000000,1000000.0,1.0,0,103.83510400640951,1.4862535661076195
JB1000_R0022_C0034,1000,22,34,31000.0,-62000.0,32000.0,-61000.0,31500.0,-61500.0,1000000,1000000.0,1.0,0,103.84409016201641,1.4862518807628355
JB1000_R0022_C0035,1000,22,35,32000.0,-62000.0,33000.0,-61000.0,32500.0,-61500.0,1000000,1000000.0,1.0,0,103.85307631760956,1.4862501586292693
JB1000_R0022_C0036,1000,22,36,33000.0,-62000.0,34000.0,-61000.0,33500.0,-61500.0,1000000,1000000.0,1.0,0,103.86206247318863,1.4862483997069635
JB1000_R0022_C0037,1000,22,37,34000.0,-62000.0,35000.0,-61000.0,34500.0,-61500.0,1000000,1000000.0,1.0,0,103.87104862875333,1.4862466039959614
JB1000_R0022_C0038,1000,22,38,35000.0,-62000.0,36000.0,-61000.0,35500.0,-61500.0,1000000,1000000.0,1.0,0,103.88003478430336,1.486244771496307
JB1000_R0022_C0039,1000,22,39,36000.0,-62000.0,37000.0,-61000.0,36500.0,-61500.0,1000000,1000000.0,1.0,0,103.88902093983843,1.4862429022080452
JB1000_R0022_C0040,1000,22,40,37000.0,-62000.0,38000.0,-61000.0,37500.0,-61500.0,1000000,1000000.0,1.0,0,103.89800709535825,1.4862409961312228
JB1000_R0022_C0041,1000,22,41,38000.0,-62000.0,39000.0,-61000.0,38500.0,-61500.0,1000000,1000000.0,1.0,0,103.9069932508625,1.4862390532658862
JB1000_R0022_C0042,1000,22,42,39000.0,-62000.0,40000.0,-61000.0,39500.0,-61500.0,1000000,1000000.0,1.0,0,103.9159794063509,1.4862370736120833
JB1000_R0022_C0043,1000,22,43,40000.0,-62000.0,41000.0,-61000.0,40500.0,-61500.0,1000000,1000000.0,1.0,0,103.92496556182316,1.486235057169863
JB1000_R0022_C0044,1000,22,44,41000.0,-62000.0,42000.0,-61000.0,41500.0,-61500.0,1000000,1000000.0,1.0,0,103.93395171727894,1.4862330039392748
JB1000_R0022_C0045,1000,22,45,42000.0,-62000.0,43000.0,-61000.0,42500.0,-61500.0,1000000,1000000.0,1.0,0,103.94293787271799,1.4862309139203695
JB1000_R0022_C0046,1000,22,46,43000.0,-62000.0,44000.0,-61000.0,43500.0,-61500.0,1000000,1000000.0,1.0,0,103.95192402814,1.4862287871131985
JB1000_R0022_C0047,1000,22,47,44000.0,-62000.0,45000.0,-61000.0,44500.0,-61500.0,1000000,1000000.0,1.0,0,103.96091018354467,1.4862266235178143
JB1000_R0022_C0048,1000,22,48,45000.0,-62000.0,46000.0,-61000.0,45500.0,-61500.0,1000000,1000000.0,1.0,0,103.96989633893169,1.4862244231342698
JB1000_R0022_C0049,1000,22,49,46000.0,-62000.0,47000.0,-61000.0,46500.0,-61500.0,1000000,1000000.0,1.0,0,103.97888249430078,1.4862221859626197
JB1000_R0022_C0050,1000,22,50,47000.0,-62000.0,48000.0,-61000.0,47500.0,-61500.0,1000000,1000000.0,1.0,0,103.98786864965165,1.4862199120029187
JB1000_R0022_C0051,1000,22,51,48000.0,-62000.0,49000.0,-61000.0,48500.0,-61500.0,1000000,1000000.0,1.0,0,103.99685480498395,1.4862176012552228
JB1000_R0022_C0052,1000,22,52,49000.0,-62000.0,50000.0,-61000.0,49500.0,-61500.0,1000000,1000000.0,1.0,0,104.00584096029745,1.4862152537195892
JB1000_R0022_C0053,1000,22,53,50000.0,-62000.0,51000.0,-61000.0,50500.0,-61500.0,1000000,1000000.0,1.0,0,104.01482711559183,1.4862128693960759
JB1000_R0022_C0054,1000,22,54,51000.0,-62000.0,52000.0,-61000.0,51500.0,-61500.0,1000000,607581.4484821113,0.6075814484821114,1,104.02381327086677,1.486210448284741
JB1000_R0023_C0004,1000,23,4,1000.0,-61000.0,2000.0,-60000.0,1500.0,-60500.0,1000000,444334.97572370426,0.4443349757237043,1,103.5745060872157,1.4953300413410475
JB1000_R0023_C0005,1000,23,5,2000.0,-61000.0,3000.0,-60000.0,2500.0,-60500.0,1000000,1000000.0,1.0,0,103.58349227975943,1.4953294191205735
JB1000_R0023_C0006,1000,23,6,3000.0,-61000.0,4000.0,-60000.0,3500.0,-60500.0,1000000,1000000.0,1.0,0,103.59247847229794,1.4953287598865306
JB1000_R0023_C0007,1000,23,7,4000.0,-61000.0,5000.0,-60000.0,4500.0,-60500.0,1000000,1000000.0,1.0,0,103.60146466483094,1.495328063638935
JB1000_R0023_C0008,1000,23,8,5000.0,-61000.0,6000.0,-60000.0,5500.0,-60500.0,1000000,1000000.0,1.0,0,103.61045085735813,1.4953273303778032
JB1000_R0023_C0009,1000,23,9,6000.0,-61000.0,7000.0,-60000.0,6500.0,-60500.0,1000000,1000000.0,1.0,0,103.61943704987921,1.495326560103154
JB1000_R0023_C0010,1000,23,10,7000.0,-61000.0,8000.0,-60000.0,7500.0,-60500.0,1000000,1000000.0,1.0,0,103.62842324239386,1.495325752815006
JB1000_R0023_C0011,1000,23,11,8000.0,-61000.0,9000.0,-60000.0,8500.0,-60500.0,1000000,1000000.0,1.0,0,103.63740943490181,1.495324908513379
JB1000_R0023_C0012,1000,23,12,9000.0,-61000.0,10000.0,-60000.0,9500.0,-60500.0,1000000,1000000.0,1.0,0,103.64639562740274,1.4953240271982942
JB1000_R0023_C0013,1000,23,13,10000.0,-61000.0,11000.0,-60000.0,10500.0,-60500.0,1000000,1000000.0,1.0,0,103.65538181989635,1.4953231088697732
JB1000_R0023_C0014,1000,23,14,11000.0,-61000.0,12000.0,-60000.0,11500.0,-60500.0,1000000,1000000.0,1.0,0,103.66436801238233,1.4953221535278383
JB1000_R0023_C0015,1000,23,15,12000.0,-61000.0,13000.0,-60000.0,12500.0,-60500.0,1000000,1000000.0,1.0,0,103.6733542048604,1.4953211611725132
JB1000_R0023_C0016,1000,23,16,13000.0,-61000.0,14000.0,-60000.0,13500.0,-60500.0,1000000,1000000.0,1.0,0,103.68234039733024,1.4953201318038225
JB1000_R0023_C0017,1000,23,17,14000.0,-61000.0,15000.0,-60000.0,14500.0,-60500.0,1000000,1000000.0,1.0,0,103.69132658979157,1.4953190654217914
JB1000_R0023_C0018,1000,23,18,15000.0,-61000.0,16000.0,-60000.0,15500.0,-60500.0,1000000,1000000.0,1.0,0,103.70031278224405,1.495317962026446
JB1000_R0023_C0019,1000,23,19,16000.0,-61000.0,17000.0,-60000.0,16500.0,-60500.0,1000000,1000000.0,1.0,0,103.70929897468743,1.495316821617814
JB1000_R0023_C0020,1000,23,20,17000.0,-61000.0,18000.0,-60000.0,17500.0,-60500.0,1000000,1000000.0,1.0,0,103.71828516712138,1.4953156441959232
JB1000_R0023_C0021,1000,23,21,18000.0,-61000.0,19000.0,-60000.0,18500.0,-60500.0,1000000,1000000.0,1.0,0,103.7272713595456,1.4953144297608023
JB1000_R0023_C0022,1000,23,22,19000.0,-61000.0,20000.0,-60000.0,19500.0,-60500.0,1000000,1000000.0,1.0,0,103.7362575519598,1.4953131783124816
JB1000_R0023_C0023,1000,23,23,20000.0,-61000.0,21000.0,-60000.0,20500.0,-60500.0,1000000,1000000.0,1.0,0,103.74524374436365,1.4953118898509918
JB1000_R0023_C0024,1000,23,24,21000.0,-61000.0,22000.0,-60000.0,21500.0,-60500.0,1000000,1000000.0,1.0,0,103.75422993675687,1.4953105643763647
JB1000_R0023_C0025,1000,23,25,22000.0,-61000.0,23000.0,-60000.0,22500.0,-60500.0,1000000,1000000.0,1.0,0,103.76321612913918,1.495309201888633
JB1000_R0023_C0026,1000,23,26,23000.0,-61000.0,24000.0,-60000.0,23500.0,-60500.0,1000000,1000000.0,1.0,0,103.77220232151025,1.49530780238783
JB1000_R0023_C0027,1000,23,27,24000.0,-61000.0,25000.0,-60000.0,24500.0,-60500.0,1000000,1000000.0,1.0,0,103.7811885138698,1.4953063658739902
JB1000_R0023_C0028,1000,23,28,25000.0,-61000.0,26000.0,-60000.0,25500.0,-60500.0,1000000,1000000.0,1.0,0,103.79017470621748,1.4953048923471493
JB1000_R0023_C0029,1000,23,29,26000.0,-61000.0,27000.0,-60000.0,26500.0,-60500.0,1000000,1000000.0,1.0,0,103.79916089855305,1.4953033818073433
JB1000_R0023_C0030,1000,23,30,27000.0,-61000.0,28000.0,-60000.0,27500.0,-60500.0,1000000,1000000.0,1.0,0,103.80814709087618,1.4953018342546096
JB1000_R0023_C0031,1000,23,31,28000.0,-61000.0,29000.0,-60000.0,28500.0,-60500.0,1000000,1000000.0,1.0,0,103.81713328318656,1.4953002496889862
JB1000_R0023_C0032,1000,23,32,29000.0,-61000.0,30000.0,-60000.0,29500.0,-60500.0,1000000,1000000.0,1.0,0,103.82611947548392,1.495298628110512
JB1000_R0023_C0033,1000,23,33,30000.0,-61000.0,31000.0,-60000.0,30500.0,-60500.0,1000000,1000000.0,1.0,0,103.83510566776793,1.4952969695192275
JB1000_R0023_C0034,1000,23,34,31000.0,-61000.0,32000.0,-60000.0,31500.0,-60500.0,1000000,1000000.0,1.0,0,103.8440918600383,1.495295273915173
JB1000_R0023_C0035,1000,23,35,32000.0,-61000.0,33000.0,-60000.0,32500.0,-60500.0,1000000,1000000.0,1.0,0,103.85307805229475,1.4952935412983903
JB1000_R0023_C0036,1000,23,36,33000.0,-61000.0,34000.0,-60000.0,33500.0,-60500.0,1000000,1000000.0,1.0,0,103.86206424453692,1.4952917716689222
JB1000_R0023_C0037,1000,23,37,34000.0,-61000.0,35000.0,-60000.0,34500.0,-60500.0,1000000,1000000.0,1.0,0,103.87105043676458,1.4952899650268126
JB1000_R0023_C0038,1000,23,38,35000.0,-61000.0,36000.0,-60000.0,35500.0,-60500.0,1000000,1000000.0,1.0,0,103.88003662897738,1.4952881213721054
JB1000_R0023_C0039,1000,23,39,36000.0,-61000.0,37000.0,-60000.0,36500.0,-60500.0,1000000,1000000.0,1.0,0,103.88902282117503,1.4952862407048466
JB1000_R0023_C0040,1000,23,40,37000.0,-61000.0,38000.0,-60000.0,37500.0,-60500.0,1000000,1000000.0,1.0,0,103.89800901335724,1.495284323025082
JB1000_R0023_C0041,1000,23,41,38000.0,-61000.0,39000.0,-60000.0,38500.0,-60500.0,1000000,1000000.0,1.0,0,103.9069952055237,1.4952823683328593
JB1000_R0023_C0042,1000,23,42,39000.0,-61000.0,40000.0,-60000.0,39500.0,-60500.0,1000000,1000000.0,1.0,0,103.91598139767412,1.495280376628226
JB1000_R0023_C0043,1000,23,43,40000.0,-61000.0,41000.0,-60000.0,40500.0,-60500.0,1000000,1000000.0,1.0,0,103.92496758980818,1.495278347911232
JB1000_R0023_C0044,1000,23,44,41000.0,-61000.0,42000.0,-60000.0,41500.0,-60500.0,1000000,1000000.0,1.0,0,103.9339537819256,1.4952762821819268
JB1000_R0023_C0045,1000,23,45,42000.0,-61000.0,43000.0,-60000.0,42500.0,-60500.0,1000000,1000000.0,1.0,0,103.94293997402605,1.4952741794403612
JB1000_R0023_C0046,1000,23,46,43000.0,-61000.0,44000.0,-60000.0,43500.0,-60500.0,1000000,1000000.0,1.0,0,103.95192616610926,1.495272039686587
JB1000_R0023_C0047,1000,23,47,44000.0,-61000.0,45000.0,-60000.0,44500.0,-60500.0,1000000,1000000.0,1.0,0,103.96091235817491,1.4952698629206576
JB1000_R0023_C0048,1000,23,48,45000.0,-61000.0,46000.0,-60000.0,45500.0,-60500.0,1000000,1000000.0,1.0,0,103.96989855022271,1.4952676491426256
JB1000_R0023_C0049,1000,23,49,46000.0,-61000.0,47000.0,-60000.0,46500.0,-60500.0,1000000,1000000.0,1.0,0,103.97888474225235,1.4952653983525461
JB1000_R0023_C0050,1000,23,50,47000.0,-61000.0,48000.0,-60000.0,47500.0,-60500.0,1000000,1000000.0,1.0,0,103.98787093426354,1.4952631105504743
JB1000_R0023_C0051,1000,23,51,48000.0,-61000.0,49000.0,-60000.0,48500.0,-60500.0,1000000,1000000.0,1.0,0,103.99685712625597,1.4952607857364668
JB1000_R0023_C0052,1000,23,52,49000.0,-61000.0,50000.0,-60000.0,49500.0,-60500.0,1000000,1000000.0,1.0,0,104.00584331822935,1.4952584239105808
JB1000_R0023_C0053,1000,23,53,50000.0,-61000.0,51000.0,-60000.0,50500.0,-60500.0,1000000,1000000.0,1.0,0,104.01482951018335,1.4952560250728744
JB1000_R0023_C0054,1000,23,54,51000.0,-61000.0,52000.0,-60000.0,51500.0,-60500.0,1000000,473199.109152094,0.473199109152094,1,104.0238157021177,1.4952535892234067
JB1000_R0024_C0004,1000,24,4,1000.0,-60000.0,2000.0,-59000.0,1500.0,-59500.0,1000000,429667.8877497834,0.42966788774978343,1,103.57450668890898,1.504373644105988
JB1000_R0024_C0005,1000,24,5,2000.0,-60000.0,3000.0,-59000.0,2500.0,-59500.0,1000000,1000000.0,1.0,0,103.58349291834215,1.504373018120733
JB1000_R0024_C0006,1000,24,6,3000.0,-60000.0,4000.0,-59000.0,3500.0,-59500.0,1000000,1000000.0,1.0,0,103.59247914777005,1.5043723548979562
JB1000_R0024_C0007,1000,24,7,4000.0,-60000.0,5000.0,-59000.0,4500.0,-59500.0,1000000,1000000.0,1.0,0,103.60146537719235,1.5043716544376735
JB1000_R0024_C0008,1000,24,8,5000.0,-60000.0,6000.0,-59000.0,5500.0,-59500.0,1000000,1000000.0,1.0,0,103.61045160660879,1.5043709167399029
JB1000_R0024_C0009,1000,24,9,6000.0,-60000.0,7000.0,-59000.0,6500.0,-59500.0,1000000,1000000.0,1.0,0,103.61943783601903,1.504370141804662
JB1000_R0024_C0010,1000,24,10,7000.0,-60000.0,8000.0,-59000.0,7500.0,-59500.0,1000000,1000000.0,1.0,0,103.62842406542278,1.5043693296319698
JB1000_R0024_C0011,1000,24,11,8000.0,-60000.0,9000.0,-59000.0,8500.0,-59500.0,1000000,1000000.0,1.0,0,103.63741029481973,1.5043684802218467
JB1000_R0024_C0012,1000,24,12,9000.0,-60000.0,10000.0,-59000.0,9500.0,-59500.0,1000000,1000000.0,1.0,0,103.64639652420958,1.5043675935743137
JB1000_R0024_C0013,1000,24,13,10000.0,-60000.0,11000.0,-59000.0,10500.0,-59500.0,1000000,1000000.0,1.0,0,103.65538275359201,1.5043666696893923
JB1000_R0024_C0014,1000,24,14,11000.0,-60000.0,12000.0,-59000.0,11500.0,-59500.0,1000000,1000000.0,1.0,0,103.66436898296674,1.5043657085671054
JB1000_R0024_C0015,1000,24,15,12000.0,-60000.0,13000.0,-59000.0,12500.0,-59500.0,1000000,1000000.0,1.0,0,103.67335521233345,1.5043647102074766
JB1000_R0024_C0016,1000,24,16,13000.0,-60000.0,14000.0,-59000.0,13500.0,-59500.0,1000000,1000000.0,1.0,0,103.68234144169183,1.5043636746105307
JB1000_R0024_C0017,1000,24,17,14000.0,-60000.0,15000.0,-59000.0,14500.0,-59500.0,1000000,1000000.0,1.0,0,103.6913276710416,1.5043626017762928
JB1000_R0024_C0018,1000,24,18,15000.0,-60000.0,16000.0,-59000.0,15500.0,-59500.0,1000000,1000000.0,1.0,0,103.70031390038243,1.5043614917047898
JB1000_R0024_C0019,1000,24,19,16000.0,-60000.0,17000.0,-59000.0,16500.0,-59500.0,1000000,1000000.0,1.0,0,103.70930012971402,1.504360344396049
JB1000_R0024_C0020,1000,24,20,17000.0,-60000.0,18000.0,-59000.0,17500.0,-59500.0,1000000,1000000.0,1.0,0,103.71828635903607,1.5043591598500983
JB1000_R0024_C0021,1000,24,21,18000.0,-60000.0,19000.0,-59000.0,18500.0,-59500.0,1000000,1000000.0,1.0,0,103.72727258834828,1.504357938066967
JB1000_R0024_C0022,1000,24,22,19000.0,-60000.0,20000.0,-59000.0,19500.0,-59500.0,1000000,1000000.0,1.0,0,103.73625881765034,1.5043566790466854
JB1000_R0024_C0023,1000,24,23,20000.0,-60000.0,21000.0,-59000.0,20500.0,-59500.0,1000000,1000000.0,1.0,0,103.74524504694195,1.5043553827892844
JB1000_R0024_C0024,1000,24,24,21000.0,-60000.0,22000.0,-59000.0,21500.0,-59500.0,1000000,1000000.0,1.0,0,103.75423127622278,1.5043540492947958
JB1000_R0024_C0025,1000,24,25,22000.0,-60000.0,23000.0,-59000.0,22500.0,-59500.0,1000000,1000000.0,1.0,0,103.76321750549258,1.5043526785632524
JB1000_R0024_C0026,1000,24,26,23000.0,-60000.0,24000.0,-59000.0,23500.0,-59500.0,1000000,1000000.0,1.0,0,103.77220373475099,1.5043512705946884
JB1000_R0024_C0027,1000,24,27,24000.0,-60000.0,25000.0,-59000.0,24500.0,-59500.0,1000000,1000000.0,1.0,0,103.78118996399772,1.5043498253891383
JB1000_R0024_C0028,1000,24,28,25000.0,-60000.0,26000.0,-59000.0,25500.0,-59500.0,1000000,1000000.0,1.0,0,103.79017619323248,1.5043483429466373
JB1000_R0024_C0029,1000,24,29,26000.0,-60000.0,27000.0,-59000.0,26500.0,-59500.0,1000000,1000000.0,1.0,0,103.79916242245497,1.5043468232672226
JB1000_R0024_C0030,1000,24,30,27000.0,-60000.0,28000.0,-59000.0,27500.0,-59500.0,1000000,1000000.0,1.0,0,103.80814865166485,1.504345266350931
JB1000_R0024_C0031,1000,24,31,28000.0,-60000.0,29000.0,-59000.0,28500.0,-59500.0,1000000,1000000.0,1.0,0,103.81713488086186,1.5043436721978012
JB1000_R0024_C0032,1000,24,32,29000.0,-60000.0,30000.0,-59000.0,29500.0,-59500.0,1000000,1000000.0,1.0,0,103.82612111004565,1.5043420408078723
JB1000_R0024_C0033,1000,24,33,30000.0,-60000.0,31000.0,-59000.0,30500.0,-59500.0,1000000,1000000.0,1.0,0,103.83510733921595,1.5043403721811845
JB1000_R0024_C0034,1000,24,34,31000.0,-60000.0,32000.0,-59000.0,31500.0,-59500.0,1000000,1000000.0,1.0,0,103.84409356837244,1.5043386663177791
JB1000_R0024_C0035,1000,24,35,32000.0,-60000.0,33000.0,-59000.0,32500.0,-59500.0,1000000,1000000.0,1.0,0,103.85307979751482,1.504336923217698
JB1000_R0024_C0036,1000,24,36,33000.0,-60000.0,34000.0,-59000.0,33500.0,-59500.0,1000000,1000000.0,1.0,0,103.8620660266428,1.504335142880984
JB1000_R0024_C0037,1000,24,37,34000.0,-60000.0,35000.0,-59000.0,34500.0,-59500.0,1000000,1000000.0,1.0,0,103.87105225575606,1.5043333253076812
JB1000_R0024_C0038,1000,24,38,35000.0,-60000.0,36000.0,-59000.0,35500.0,-59500.0,1000000,1000000.0,1.0,0,103.88003848485428,1.5043314704978343
JB1000_R0024_C0039,1000,24,39,36000.0,-60000.0,37000.0,-59000.0,36500.0,-59500.0,1000000,1000000.0,1.0,0,103.88902471393716,1.504329578451489
JB1000_R0024_C0040,1000,24,40,37000.0,-60000.0,38000.0,-59000.0,37500.0,-59500.0,1000000,1000000.0,1.0,0,103.89801094300442,1.5043276491686914
JB1000_R0024_C0041,1000,24,41,38000.0,-60000.0,39000.0,-59000.0,38500.0,-59500.0,1000000,1000000.0,1.0,0,103.90699717205574,1.5043256826494897
JB1000_R0024_C0042,1000,24,42,39000.0,-60000.0,40000.0,-59000.0,39500.0,-59500.0,1000000,1000000.0,1.0,0,103.91598340109083,1.5043236788939325
JB1000_R0024_C0043,1000,24,43,40000.0,-60000.0,41000.0,-59000.0,40500.0,-59500.0,1000000,1000000.0,1.0,0,103.92496963010935,1.5043216379020683
JB1000_R0024_C0044,1000,24,44,41000.0,-60000.0,42000.0,-59000.0,41500.0,-59500.0,1000000,1000000.0,1.0,0,103.93395585911102,1.5043195596739478
JB1000_R0024_C0045,1000,24,45,42000.0,-60000.0,43000.0,-59000.0,42500.0,-59500.0,1000000,1000000.0,1.0,0,103.94294208809555,1.5043174442096225
JB1000_R0024_C0046,1000,24,46,43000.0,-60000.0,44000.0,-59000.0,43500.0,-59500.0,1000000,1000000.0,1.0,0,103.9519283170626,1.5043152915091442
JB1000_R0024_C0047,1000,24,47,44000.0,-60000.0,45000.0,-59000.0,44500.0,-59500.0,1000000,1000000.0,1.0,0,103.96091454601189,1.504313101572566
JB1000_R0024_C0048,1000,24,48,45000.0,-60000.0,46000.0,-59000.0,45500.0,-59500.0,1000000,1000000.0,1.0,0,103.96990077494311,1.5043108743999418
JB1000_R0024_C0049,1000,24,49,46000.0,-60000.0,47000.0,-59000.0,46500.0,-59500.0,1000000,1000000.0,1.0,0,103.97888700385596,1.5043086099913263
JB1000_R0024_C0050,1000,24,50,47000.0,-60000.0,48000.0,-59000.0,47500.0,-59500.0,1000000,1000000.0,1.0,0,103.9878732327501,1.5043063083467756
JB1000_R0024_C0051,1000,24,51,48000.0,-60000.0,49000.0,-59000.0,48500.0,-59500.0,1000000,1000000.0,1.0,0,103.99685946162529,1.5043039694663463
JB1000_R0024_C0052,1000,24,52,49000.0,-60000.0,50000.0,-59000.0,49500.0,-59500.0,1000000,1000000.0,1.0,0,104.00584569048118,1.5043015933500958
JB1000_R0024_C0053,1000,24,53,50000.0,-60000.0,51000.0,-59000.0,50500.0,-59500.0,1000000,1000000.0,1.0,0,104.01483191931747,1.504299179998083
JB1000_R0024_C0054,1000,24,54,51000.0,-60000.0,52000.0,-59000.0,51500.0,-59500.0,1000000,339479.74385316414,0.33947974385316415,1,104.02381814813387,1.5042967294103669
JB1000_R0025_C0004,1000,25,4,1000.0,-59000.0,2000.0,-58000.0,1500.0,-58500.0,1000000,397810.21694091405,0.39781021694091406,1,103.57450729423442,1.5134172461183235
JB1000_R0025_C0005,1000,25,5,2000.0,-59000.0,3000.0,-58000.0,2500.0,-58500.0,1000000,1000000.0,1.0,0,103.58349356077973,1.5134166163682576
JB1000_R0025_C0006,1000,25,6,3000.0,-59000.0,4000.0,-58000.0,3500.0,-58500.0,1000000,1000000.0,1.0,0,103.59247982731968,1.5134159491567152
JB1000_R0025_C0007,1000,25,7,4000.0,-59000.0,5000.0,-58000.0,4500.0,-58500.0,1000000,1000000.0,1.0,0,103.60146609385399,1.5134152444837128
JB1000_R0025_C0008,1000,25,8,5000.0,-59000.0,6000.0,-58000.0,5500.0,-58500.0,1000000,1000000.0,1.0,0,103.61045236038234,1.5134145023492678
JB1000_R0025_C0009,1000,25,9,6000.0,-59000.0,7000.0,-58000.0,6500.0,-58500.0,1000000,1000000.0,1.0,0,103.61943862690444,1.5134137227533984
JB1000_R0025_C0010,1000,25,10,7000.0,-59000.0,8000.0,-58000.0,7500.0,-58500.0,1000000,1000000.0,1.0,0,103.62842489341996,1.5134129056961239
JB1000_R0025_C0011,1000,25,11,8000.0,-59000.0,9000.0,-58000.0,8500.0,-58500.0,1000000,1000000.0,1.0,0,103.63741115992859,1.5134120511774645
JB1000_R0025_C0012,1000,25,12,9000.0,-59000.0,10000.0,-58000.0,9500.0,-58500.0,1000000,1000000.0,1.0,0,103.64639742643004,1.513411159197441
JB1000_R0025_C0013,1000,25,13,10000.0,-59000.0,11000.0,-58000.0,10500.0,-58500.0,1000000,1000000.0,1.0,0,103.65538369292399,1.5134102297560756
JB1000_R0025_C0014,1000,25,14,11000.0,-59000.0,12000.0,-58000.0,11500.0,-58500.0,1000000,1000000.0,1.0,0,103.66436995941014,1.5134092628533913
JB1000_R0025_C0015,1000,25,15,12000.0,-59000.0,13000.0,-58000.0,12500.0,-58500.0,1000000,1000000.0,1.0,0,103.67335622588817,1.5134082584894115
JB1000_R0025_C0016,1000,25,16,13000.0,-59000.0,14000.0,-58000.0,13500.0,-58500.0,1000000,1000000.0,1.0,0,103.68234249235778,1.5134072166641612
JB1000_R0025_C0017,1000,25,17,14000.0,-59000.0,15000.0,-58000.0,14500.0,-58500.0,1000000,1000000.0,1.0,0,103.69132875881866,1.5134061373776662
JB1000_R0025_C0018,1000,25,18,15000.0,-59000.0,16000.0,-58000.0,15500.0,-58500.0,1000000,1000000.0,1.0,0,103.7003150252705,1.5134050206299527
JB1000_R0025_C0019,1000,25,19,16000.0,-59000.0,17000.0,-58000.0,16500.0,-58500.0,1000000,1000000.0,1.0,0,103.70930129171299,1.5134038664210485
JB1000_R0025_C0020,1000,25,20,17000.0,-59000.0,18000.0,-58000.0,17500.0,-58500.0,1000000,1000000.0,1.0,0,103.71828755814583,1.513402674750982
JB1000_R0025_C0021,1000,25,21,18000.0,-59000.0,19000.0,-58000.0,18500.0,-58500.0,1000000,1000000.0,1.0,0,103.7272738245687,1.5134014456197824
JB1000_R0025_C0022,1000,25,22,19000.0,-59000.0,20000.0,-58000.0,19500.0,-58500.0,1000000,1000000.0,1.0,0,103.73626009098132,1.5134001790274803
JB1000_R0025_C0023,1000,25,23,20000.0,-59000.0,21000.0,-58000.0,20500.0,-58500.0,1000000,1000000.0,1.0,0,103.74524635738334,1.5133988749741065
JB1000_R0025_C0024,1000,25,24,21000.0,-59000.0,22000.0,-58000.0,21500.0,-58500.0,1000000,1000000.0,1.0,0,103.75423262377447,1.5133975334596934
JB1000_R0025_C0025,1000,25,25,22000.0,-59000.0,23000.0,-58000.0,22500.0,-58500.0,1000000,1000000.0,1.0,0,103.76321889015439,1.5133961544842742
JB1000_R0025_C0026,1000,25,26,23000.0,-59000.0,24000.0,-58000.0,23500.0,-58500.0,1000000,1000000.0,1.0,0,103.77220515652283,1.5133947380478823
JB1000_R0025_C0027,1000,25,27,24000.0,-59000.0,25000.0,-58000.0,24500.0,-58500.0,1000000,1000000.0,1.0,0,103.78119142287943,1.5133932841505529
JB1000_R0025_C0028,1000,25,28,25000.0,-59000.0,26000.0,-58000.0,25500.0,-58500.0,1000000,1000000.0,1.0,0,103.79017768922392,1.513391792792322
JB1000_R0025_C0029,1000,25,29,26000.0,-59000.0,27000.0,-58000.0,26500.0,-58500.0,1000000,1000000.0,1.0,0,103.799163955556,1.5133902639732262
JB1000_R0025_C0030,1000,25,30,27000.0,-59000.0,28000.0,-58000.0,27500.0,-58500.0,1000000,1000000.0,1.0,0,103.80815022187532,1.513388697693303
JB1000_R0025_C0031,1000,25,31,28000.0,-59000.0,29000.0,-58000.0,28500.0,-58500.0,1000000,1000000.0,1.0,0,103.81713648818159,1.5133870939525913
JB1000_R0025_C0032,1000,25,32,29000.0,-59000.0,30000.0,-58000.0,29500.0,-58500.0,1000000,1000000.0,1.0,0,103.8261227544745,1.5133854527511303
JB1000_R0025_C0033,1000,25,33,30000.0,-59000.0,31000.0,-58000.0,30500.0,-58500.0,1000000,1000000.0,1.0,0,103.83510902075376,1.5133837740889606
JB1000_R0025_C0034,1000,25,34,31000.0,-59000.0,32000.0,-58000.0,31500.0,-58500.0,1000000,1000000.0,1.0,0,103.84409528701904,1.5133820579661235
JB1000_R0025_C0035,1000,25,35,32000.0,-59000.0,33000.0,-58000.0,32500.0,-58500.0,1000000,1000000.0,1.0,0,103.85308155327004,1.5133803043826612
JB1000_R0025_C0036,1000,25,36,33000.0,-59000.0,34000.0,-58000.0,33500.0,-58500.0,1000000,1000000.0,1.0,0,103.86206781950646,1.513378513338617
JB1000_R0025_C0037,1000,25,37,34000.0,-59000.0,35000.0,-58000.0,34500.0,-58500.0,1000000,1000000.0,1.0,0,103.87105408572796,1.513376684834035
JB1000_R0025_C0038,1000,25,38,35000.0,-59000.0,36000.0,-58000.0,35500.0,-58500.0,1000000,1000000.0,1.0,0,103.88004035193427,1.5133748188689602
JB1000_R0025_C0039,1000,25,39,36000.0,-59000.0,37000.0,-58000.0,36500.0,-58500.0,1000000,1000000.0,1.0,0,103.88902661812507,1.5133729154434388
JB1000_R0025_C0040,1000,25,40,37000.0,-59000.0,38000.0,-58000.0,37500.0,-58500.0,1000000,1000000.0,1.0,0,103.89801288430004,1.5133709745575172
JB1000_R0025_C0041,1000,25,41,38000.0,-59000.0,39000.0,-58000.0,38500.0,-58500.0,1000000,1000000.0,1.0,0,103.90699915045887,1.5133689962112438
JB1000_R0025_C0042,1000,25,42,39000.0,-59000.0,40000.0,-58000.0,39500.0,-58500.0,1000000,1000000.0,1.0,0,103.91598541660126,1.5133669804046668
JB1000_R0025_C0043,1000,25,43,40000.0,-59000.0,41000.0,-58000.0,40500.0,-58500.0,1000000,1000000.0,1.0,0,103.92497168272692,1.5133649271378362
JB1000_R0025_C0044,1000,25,44,41000.0,-59000.0,42000.0,-58000.0,41500.0,-58500.0,1000000,1000000.0,1.0,0,103.93395794883553,1.5133628364108025
JB1000_R0025_C0045,1000,25,45,42000.0,-59000.0,43000.0,-58000.0,42500.0,-58500.0,1000000,1000000.0,1.0,0,103.94294421492674,1.5133607082236171
JB1000_R0025_C0046,1000,25,46,43000.0,-59000.0,44000.0,-58000.0,43500.0,-58500.0,1000000,1000000.0,1.0,0,103.9519304810003,1.5133585425763325
JB1000_R0025_C0047,1000,25,47,44000.0,-59000.0,45000.0,-58000.0,44500.0,-58500.0,1000000,1000000.0,1.0,0,103.96091674705588,1.5133563394690022
JB1000_R0025_C0048,1000,25,48,45000.0,-59000.0,46000.0,-58000.0,45500.0,-58500.0,1000000,1000000.0,1.0,0,103.96990301309317,1.5133540989016798
JB1000_R0025_C0049,1000,25,49,46000.0,-59000.0,47000.0,-58000.0,46500.0,-58500.0,1000000,1000000.0,1.0,0,103.97888927911185,1.5133518208744217
JB1000_R0025_C0050,1000,25,50,47000.0,-59000.0,48000.0,-58000.0,47500.0,-58500.0,1000000,1000000.0,1.0,0,103.98787554511165,1.5133495053872827
JB1000_R0025_C0051,1000,25,51,48000.0,-59000.0,49000.0,-58000.0,48500.0,-58500.0,1000000,1000000.0,1.0,0,103.9968618110922,1.5133471524403208
JB1000_R0025_C0052,1000,25,52,49000.0,-59000.0,50000.0,-58000.0,49500.0,-58500.0,1000000,1000000.0,1.0,0,104.00584807705324,1.5133447620335936
JB1000_R0025_C0053,1000,25,53,50000.0,-59000.0,51000.0,-58000.0,50500.0,-58500.0,1000000,1000000.0,1.0,0,104.01483434299446,1.51334233416716
JB1000_R0025_C0054,1000,25,54,51000.0,-59000.0,52000.0,-58000.0,51500.0,-58500.0,1000000,250203.83544842116,0.2502038354484212,1,104.02382060891554,1.5133398688410795
JB1000_R0026_C0001,1000,26,1,-2000.0,-58000.0,-1000.0,-57000.0,-1500.0,-57500.0,1000000,343888.11527260905,0.34388811527260904,1,103.54754899152249,1.5224625218055072
JB1000_R0026_C0002,1000,26,2,-1000.0,-58000.0,0.0,-57000.0,-500.0,-57500.0,1000000,261462.39014205773,0.26146239014205774,1,103.55653529541694,1.5224620013469885
JB1000_R0026_C0003,1000,26,3,0.0,-58000.0,1000.0,-57000.0,500.0,-57500.0,1000000,143274.7507705739,0.14327475077057392,1,103.56552159930692,1.522461443202993
JB1000_R0026_C0004,1000,26,4,1000.0,-58000.0,2000.0,-57000.0,1500.0,-57500.0,1000000,399130.2016721199,0.3991302016721199,1,103.5745079031921,1.5224608473735348
JB1000_R0026_C0005,1000,26,5,2000.0,-58000.0,3000.0,-57000.0,2500.0,-57500.0,1000000,1000000.0,1.0,0,103.58349420707222,1.522460213858628
JB1000_R0026_C0006,1000,26,6,3000.0,-58000.0,4000.0,-57000.0,3500.0,-57500.0,1000000,1000000.0,1.0,0,103.59248051094693,1.5224595426582885
JB1000_R0026_C0007,1000,26,7,4000.0,-58000.0,5000.0,-57000.0,4500.0,-57500.0,1000000,1000000.0,1.0,0,103.60146681481592,1.5224588337725329
JB1000_R0026_C0008,1000,26,8,5000.0,-58000.0,6000.0,-57000.0,5500.0,-57500.0,1000000,1000000.0,1.0,0,103.61045311867889,1.5224580872013787
JB1000_R0026_C0009,1000,26,9,6000.0,-58000.0,7000.0,-57000.0,6500.0,-57500.0,1000000,1000000.0,1.0,0,103.6194394225355,1.522457302944844
JB1000_R0026_C0010,1000,26,10,7000.0,-58000.0,8000.0,-57000.0,7500.0,-57500.0,1000000,1000000.0,1.0,0,103.62842572638549,1.5224564810029484
JB1000_R0026_C0011,1000,26,11,8000.0,-58000.0,9000.0,-57000.0,8500.0,-57500.0,1000000,1000000.0,1.0,0,103.6374120302285,1.522455621375712
JB1000_R0026_C0012,1000,26,12,9000.0,-58000.0,10000.0,-57000.0,9500.0,-57500.0,1000000,1000000.0,1.0,0,103.64639833406424,1.5224547240631559
JB1000_R0026_C0013,1000,26,13,10000.0,-58000.0,11000.0,-57000.0,10500.0,-57500.0,1000000,1000000.0,1.0,0,103.65538463789238,1.5224537890653025
JB1000_R0026_C0014,1000,26,14,11000.0,-58000.0,12000.0,-57000.0,11500.0,-57500.0,1000000,1000000.0,1.0,0,103.66437094171265,1.5224528163821747
JB1000_R0026_C0015,1000,26,15,12000.0,-58000.0,13000.0,-57000.0,12500.0,-57500.0,1000000,1000000.0,1.0,0,103.67335724552468,1.5224518060137964
JB1000_R0026_C0016,1000,26,16,13000.0,-58000.0,14000.0,-57000.0,13500.0,-57500.0,1000000,1000000.0,1.0,0,103.68234354932821,1.5224507579601925
JB1000_R0026_C0017,1000,26,17,14000.0,-58000.0,15000.0,-57000.0,14500.0,-57500.0,1000000,1000000.0,1.0,0,103.69132985312288,1.5224496722213887
JB1000_R0026_C0018,1000,26,18,15000.0,-58000.0,16000.0,-57000.0,15500.0,-57500.0,1000000,1000000.0,1.0,0,103.70031615690841,1.5224485487974122
JB1000_R0026_C0019,1000,26,19,16000.0,-58000.0,17000.0,-57000.0,16500.0,-57500.0,1000000,1000000.0,1.0,0,103.7093024606845,1.52244738768829
JB1000_R0026_C0020,1000,26,20,17000.0,-58000.0,18000.0,-57000.0,17500.0,-57500.0,1000000,1000000.0,1.0,0,103.7182887644508,1.5224461888940513
JB1000_R0026_C0021,1000,26,21,18000.0,-58000.0,19000.0,-57000.0,18500.0,-57500.0,1000000,1000000.0,1.0,0,103.72727506820702,1.5224449524147254
JB1000_R0026_C0022,1000,26,22,19000.0,-58000.0,20000.0,-57000.0,19500.0,-57500.0,1000000,1000000.0,1.0,0,103.73626137195285,1.5224436782503425
JB1000_R0026_C0023,1000,26,23,20000.0,-58000.0,21000.0,-57000.0,20500.0,-57500.0,1000000,1000000.0,1.0,0,103.74524767568798,1.5224423664009343
JB1000_R0026_C0024,1000,26,24,21000.0,-58000.0,22000.0,-57000.0,21500.0,-57500.0,1000000,1000000.0,1.0,0,103.75423397941206,1.5224410168665334
JB1000_R0026_C0025,1000,26,25,22000.0,-58000.0,23000.0,-57000.0,22500.0,-57500.0,1000000,1000000.0,1.0,0,103.76322028312482,1.5224396296471725
JB1000_R0026_C0026,1000,26,26,23000.0,-58000.0,24000.0,-57000.0,23500.0,-57500.0,1000000,1000000.0,1.0,0,103.77220658682596,1.5224382047428857
JB1000_R0026_C0027,1000,26,27,24000.0,-58000.0,25000.0,-57000.0,24500.0,-57500.0,1000000,1000000.0,1.0,0,103.78119289051513,1.5224367421537084
JB1000_R0026_C0028,1000,26,28,25000.0,-58000.0,26000.0,-57000.0,25500.0,-57500.0,1000000,1000000.0,1.0,0,103.79017919419202,1.522435241879677
JB1000_R0026_C0029,1000,26,29,26000.0,-58000.0,27000.0,-57000.0,26500.0,-57500.0,1000000,1000000.0,1.0,0,103.79916549785635,1.5224337039208276
JB1000_R0026_C0030,1000,26,30,27000.0,-58000.0,28000.0,-57000.0,27500.0,-57500.0,1000000,1000000.0,1.0,0,103.80815180150776,1.5224321282771989
JB1000_R0026_C0031,1000,26,31,28000.0,-58000.0,29000.0,-57000.0,28500.0,-57500.0,1000000,1000000.0,1.0,0,103.817138105146,1.522430514948829
JB1000_R0026_C0032,1000,26,32,29000.0,-58000.0,30000.0,-57000.0,29500.0,-57500.0,1000000,1000000.0,1.0,0,103.8261244087707,1.5224288639357584
JB1000_R0026_C0033,1000,26,33,30000.0,-58000.0,31000.0,-57000.0,30500.0,-57500.0,1000000,1000000.0,1.0,0,103.83511071238158,1.5224271752380272
JB1000_R0026_C0034,1000,26,34,31000.0,-58000.0,32000.0,-57000.0,31500.0,-57500.0,1000000,1000000.0,1.0,0,103.8440970159783,1.522425448855677
JB1000_R0026_C0035,1000,26,35,32000.0,-58000.0,33000.0,-57000.0,32500.0,-57500.0,1000000,1000000.0,1.0,0,103.8530833195606,1.5224236847887507
JB1000_R0026_C0036,1000,26,36,33000.0,-58000.0,34000.0,-57000.0,33500.0,-57500.0,1000000,1000000.0,1.0,0,103.86206962312812,1.5224218830372913
JB1000_R0026_C0037,1000,26,37,34000.0,-58000.0,35000.0,-57000.0,34500.0,-57500.0,1000000,1000000.0,1.0,0,103.87105592668055,1.5224200436013438
JB1000_R0026_C0038,1000,26,38,35000.0,-58000.0,36000.0,-57000.0,35500.0,-57500.0,1000000,1000000.0,1.0,0,103.88004223021763,1.5224181664809529
JB1000_R0026_C0039,1000,26,39,36000.0,-58000.0,37000.0,-57000.0,36500.0,-57500.0,1000000,1000000.0,1.0,0,103.88902853373897,1.522416251676165
JB1000_R0026_C0040,1000,26,40,37000.0,-58000.0,38000.0,-57000.0,37500.0,-57500.0,1000000,1000000.0,1.0,0,103.89801483724432,1.5224142991870275
JB1000_R0026_C0041,1000,26,41,38000.0,-58000.0,39000.0,-57000.0,38500.0,-57500.0,1000000,1000000.0,1.0,0,103.90700114073333,1.5224123090135884
JB1000_R0026_C0042,1000,26,42,39000.0,-58000.0,40000.0,-57000.0,39500.0,-57500.0,1000000,1000000.0,1.0,0,103.91598744420571,1.5224102811558966
JB1000_R0026_C0043,1000,26,43,40000.0,-58000.0,41000.0,-57000.0,40500.0,-57500.0,1000000,1000000.0,1.0,0,103.92497374766114,1.5224082156140022
JB1000_R0026_C0044,1000,26,44,41000.0,-58000.0,42000.0,-57000.0,41500.0,-57500.0,1000000,1000000.0,1.0,0,103.9339600510993,1.522406112387956
JB1000_R0026_C0045,1000,26,45,42000.0,-58000.0,43000.0,-57000.0,42500.0,-57500.0,1000000,1000000.0,1.0,0,103.9429463545199,1.5224039714778097
JB1000_R0026_C0046,1000,26,46,43000.0,-58000.0,44000.0,-57000.0,43500.0,-57500.0,1000000,1000000.0,1.0,0,103.95193265792263,1.5224017928836162
JB1000_R0026_C0047,1000,26,47,44000.0,-58000.0,45000.0,-57000.0,44500.0,-57500.0,1000000,1000000.0,1.0,0,103.96091896130714,1.5223995766054295
JB1000_R0026_C0048,1000,26,48,45000.0,-58000.0,46000.0,-57000.0,45500.0,-57500.0,1000000,1000000.0,1.0,0,103.96990526467316,1.5223973226433034
JB1000_R0026_C0049,1000,26,49,46000.0,-58000.0,47000.0,-57000.0,46500.0,-57500.0,1000000,1000000.0,1.0,0,103.97889156802033,1.522395030997294
JB1000_R0026_C0050,1000,26,50,47000.0,-58000.0,48000.0,-57000.0,47500.0,-57500.0,1000000,1000000.0,1.0,0,103.98787787134839,1.5223927016674574
JB1000_R0026_C0051,1000,26,51,48000.0,-58000.0,49000.0,-57000.0,48500.0,-57500.0,1000000,1000000.0,1.0,0,103.996864174657,1.5223903346538514
JB1000_R0026_C0052,1000,26,52,49000.0,-58000.0,50000.0,-57000.0,49500.0,-57500.0,1000000,1000000.0,1.0,0,104.00585047794586,1.5223879299565342
JB1000_R0026_C0053,1000,26,53,50000.0,-58000.0,51000.0,-57000.0,50500.0,-57500.0,1000000,1000000.0,1.0,0,104.01483678121463,1.5223854875755647
JB1000_R0026_C0054,1000,26,54,51000.0,-58000.0,52000.0,-57000.0,51500.0,-57500.0,1000000,173740.91875692102,0.17374091875692102,1,104.02382308446303,1.5223830075110034
JB1000_R0027_C0001,1000,27,1,-2000.0,-57000.0,-1000.0,-56000.0,-1500.0,-56500.0,1000000,626704.4686229741,0.6267044686229741,1,103.54754949143958,1.531506132249936
JB1000_R0027_C0002,1000,27,2,-1000.0,-57000.0,0.0,-56000.0,-500.0,-56500.0,1000000,1000000.0,1.0,0,103.55653583289173,1.5315056086984211
JB1000_R0027_C0003,1000,27,3,0.0,-57000.0,1000.0,-56000.0,500.0,-56500.0,1000000,1000000.0,1.0,0,103.56552217433934,1.5315050472374716
JB1000_R0027_C0004,1000,27,4,1000.0,-57000.0,2000.0,-56000.0,1500.0,-56500.0,1000000,1000000.0,1.0,0,103.57450851578209,1.5315044478671005
JB1000_R0027_C0005,1000,27,5,2000.0,-57000.0,3000.0,-56000.0,2500.0,-56500.0,1000000,1000000.0,1.0,0,103.5834948572197,1.531503810587323
JB1000_R0027_C0006,1000,27,6,3000.0,-57000.0,4000.0,-56000.0,3500.0,-56500.0,1000000,1000000.0,1.0,0,103.59248119865187,1.5315031353981547
JB1000_R0027_C0007,1000,27,7,4000.0,-57000.0,5000.0,-56000.0,4500.0,-56500.0,1000000,1000000.0,1.0,0,103.60146754007825,1.5315024222996123
JB1000_R0027_C0008,1000,27,8,5000.0,-57000.0,6000.0,-56000.0,5500.0,-56500.0,1000000,1000000.0,1.0,0,103.6104538814985,1.5315016712917133
JB1000_R0027_C0009,1000,27,9,6000.0,-57000.0,7000.0,-56000.0,6500.0,-56500.0,1000000,1000000.0,1.0,0,103.61944022291236,1.5315008823744762
JB1000_R0027_C0010,1000,27,10,7000.0,-57000.0,8000.0,-56000.0,7500.0,-56500.0,1000000,1000000.0,1.0,0,103.6284265643195,1.5315000555479206
JB1000_R0027_C0011,1000,27,11,8000.0,-57000.0,9000.0,-56000.0,8500.0,-56500.0,1000000,1000000.0,1.0,0,103.63741290571957,1.5314991908120665
JB1000_R0027_C0012,1000,27,12,9000.0,-57000.0,10000.0,-56000.0,9500.0,-56500.0,1000000,1000000.0,1.0,0,103.6463992471123,1.5314982881669357
JB1000_R0027_C0013,1000,27,13,10000.0,-57000.0,11000.0,-56000.0,10500.0,-56500.0,1000000,1000000.0,1.0,0,103.65538558849732,1.5314973476125497
JB1000_R0027_C0014,1000,27,14,11000.0,-57000.0,12000.0,-56000.0,11500.0,-56500.0,1000000,1000000.0,1.0,0,103.66437192987438,1.5314963691489327
JB1000_R0027_C0015,1000,27,15,12000.0,-57000.0,13000.0,-56000.0,12500.0,-56500.0,1000000,1000000.0,1.0,0,103.67335827124312,1.531495352776108
JB1000_R0027_C0016,1000,27,16,13000.0,-57000.0,14000.0,-56000.0,13500.0,-56500.0,1000000,1000000.0,1.0,0,103.68234461260323,1.5314942984941005
JB1000_R0027_C0017,1000,27,17,14000.0,-57000.0,15000.0,-56000.0,14500.0,-56500.0,1000000,1000000.0,1.0,0,103.6913309539544,1.531493206302937
JB1000_R0027_C0018,1000,27,18,15000.0,-57000.0,16000.0,-56000.0,15500.0,-56500.0,1000000,1000000.0,1.0,0,103.70031729529633,1.5314920762026438
JB1000_R0027_C0019,1000,27,19,16000.0,-57000.0,17000.0,-56000.0,16500.0,-56500.0,1000000,1000000.0,1.0,0,103.70930363662868,1.5314909081932488
JB1000_R0027_C0020,1000,27,20,17000.0,-57000.0,18000.0,-56000.0,17500.0,-56500.0,1000000,1000000.0,1.0,0,103.71828997795113,1.531489702274781
JB1000_R0027_C0021,1000,27,21,18000.0,-57000.0,19000.0,-56000.0,18500.0,-56500.0,1000000,1000000.0,1.0,0,103.72727631926338,1.53148845844727
JB1000_R0027_C0022,1000,27,22,19000.0,-57000.0,20000.0,-56000.0,19500.0,-56500.0,1000000,1000000.0,1.0,0,103.73626266056512,1.5314871767107465
JB1000_R0027_C0023,1000,27,23,20000.0,-57000.0,21000.0,-56000.0,20500.0,-56500.0,1000000,1000000.0,1.0,0,103.74524900185602,1.5314858570652417
JB1000_R0027_C0024,1000,27,24,21000.0,-57000.0,22000.0,-56000.0,21500.0,-56500.0,1000000,1000000.0,1.0,0,103.75423534313578,1.5314844995107886
JB1000_R0027_C0025,1000,27,25,22000.0,-57000.0,23000.0,-56000.0,22500.0,-56500.0,1000000,1000000.0,1.0,0,103.76322168440404,1.5314831040474204
JB1000_R0027_C0026,1000,27,26,23000.0,-57000.0,24000.0,-56000.0,23500.0,-56500.0,1000000,1000000.0,1.0,0,103.77220802566055,1.5314816706751715
JB1000_R0027_C0027,1000,27,27,24000.0,-57000.0,25000.0,-56000.0,24500.0,-56500.0,1000000,1000000.0,1.0,0,103.78119436690494,1.5314801993940772
JB1000_R0027_C0028,1000,27,28,25000.0,-57000.0,26000.0,-56000.0,25500.0,-56500.0,1000000,1000000.0,1.0,0,103.79018070813693,1.5314786902041737
JB1000_R0027_C0029,1000,27,29,26000.0,-57000.0,27000.0,-56000.0,26500.0,-56500.0,1000000,1000000.0,1.0,0,103.79916704935619,1.5314771431054983
JB1000_R0027_C0030,1000,27,30,27000.0,-57000.0,28000.0,-56000.0,27500.0,-56500.0,1000000,1000000.0,1.0,0,103.8081533905624,1.5314755580980892
JB1000_R0027_C0031,1000,27,31,28000.0,-57000.0,29000.0,-56000.0,28500.0,-56500.0,1000000,1000000.0,1.0,0,103.81713973175525,1.531473935181985
JB1000_R0027_C0032,1000,27,32,29000.0,-57000.0,30000.0,-56000.0,29500.0,-56500.0,1000000,1000000.0,1.0,0,103.82612607293441,1.5314722743572262
JB1000_R0027_C0033,1000,27,33,30000.0,-57000.0,31000.0,-56000.0,30500.0,-56500.0,1000000,1000000.0,1.0,0,103.8351124140996,1.5314705756238536
JB1000_R0027_C0034,1000,27,34,31000.0,-57000.0,32000.0,-56000.0,31500.0,-56500.0,1000000,1000000.0,1.0,0,103.84409875525046,1.5314688389819089
JB1000_R0027_C0035,1000,27,35,32000.0,-57000.0,33000.0,-56000.0,32500.0,-56500.0,1000000,1000000.0,1.0,0,103.85308509638669,1.5314670644314345
JB1000_R0027_C0036,1000,27,36,33000.0,-57000.0,34000.0,-56000.0,33500.0,-56500.0,1000000,1000000.0,1.0,0,103.862071437508,1.5314652519724752
JB1000_R0027_C0037,1000,27,37,34000.0,-57000.0,35000.0,-56000.0,34500.0,-56500.0,1000000,1000000.0,1.0,0,103.87105777861406,1.5314634016050745
JB1000_R0027_C0038,1000,27,38,35000.0,-57000.0,36000.0,-56000.0,35500.0,-56500.0,1000000,1000000.0,1.0,0,103.88004411970452,1.5314615133292786
JB1000_R0027_C0039,1000,27,39,36000.0,-57000.0,37000.0,-56000.0,36500.0,-56500.0,1000000,1000000.0,1.0,0,103.88903046077911,1.531459587145134
JB1000_R0027_C0040,1000,27,40,37000.0,-57000.0,38000.0,-56000.0,37500.0,-56500.0,1000000,1000000.0,1.0,0,103.8980168018375,1.5314576230526877
JB1000_R0027_C0041,1000,27,41,38000.0,-57000.0,39000.0,-56000.0,38500.0,-56500.0,1000000,1000000.0,1.0,0,103.90700314287936,1.531455621051989
JB1000_R0027_C0042,1000,27,42,39000.0,-57000.0,40000.0,-56000.0,39500.0,-56500.0,1000000,1000000.0,1.0,0,103.91598948390438,1.5314535811430863
JB1000_R0027_C0043,1000,27,43,40000.0,-57000.0,41000.0,-56000.0,40500.0,-56500.0,1000000,1000000.0,1.0,0,103.92497582491227,1.5314515033260303
JB1000_R0027_C0044,1000,27,44,41000.0,-57000.0,42000.0,-56000.0,41500.0,-56500.0,1000000,1000000.0,1.0,0,103.93396216590268,1.531449387600872
JB1000_R0027_C0045,1000,27,45,42000.0,-57000.0,43000.0,-56000.0,42500.0,-56500.0,1000000,1000000.0,1.0,0,103.94294850687531,1.5314472339676637
JB1000_R0027_C0046,1000,27,46,43000.0,-57000.0,44000.0,-56000.0,43500.0,-56500.0,1000000,1000000.0,1.0,0,103.95193484782983,1.531445042426458
JB1000_R0027_C0047,1000,27,47,44000.0,-57000.0,45000.0,-56000.0,44500.0,-56500.0,1000000,1000000.0,1.0,0,103.96092118876595,1.5314428129773097
JB1000_R0027_C0048,1000,27,48,45000.0,-57000.0,46000.0,-56000.0,45500.0,-56500.0,1000000,1000000.0,1.0,0,103.96990752968334,1.5314405456202729
JB1000_R0027_C0049,1000,27,49,46000.0,-57000.0,47000.0,-56000.0,46500.0,-56500.0,1000000,1000000.0,1.0,0,103.97889387058167,1.531438240355404
JB1000_R0027_C0050,1000,27,50,47000.0,-57000.0,48000.0,-56000.0,47500.0,-56500.0,1000000,1000000.0,1.0,0,103.98788021146066,1.5314358971827597
JB1000_R0027_C0051,1000,27,51,48000.0,-57000.0,49000.0,-56000.0,48500.0,-56500.0,1000000,1000000.0,1.0,0,103.99686655231997,1.5314335161023975
JB1000_R0027_C0052,1000,27,52,49000.0,-57000.0,50000.0,-56000.0,49500.0,-56500.0,1000000,1000000.0,1.0,0,104.00585289315927,1.5314310971143763
JB1000_R0027_C0053,1000,27,53,50000.0,-57000.0,51000.0,-56000.0,50500.0,-56500.0,1000000,1000000.0,1.0,0,104.01483923397828,1.5314286402187556
JB1000_R0027_C0054,1000,27,54,51000.0,-57000.0,52000.0,-56000.0,51500.0,-56500.0,1000000,109526.12461687601,0.10952612461687601,1,104.02382557477665,1.5314261454155957
JB1000_R0028_C0001,1000,28,1,-2000.0,-56000.0,-1000.0,-55000.0,-1500.0,-55500.0,1000000,72132.68101890078,0.07213268101890079,1,103.54754999432099,1.5405497419282796
JB1000_R0028_C0002,1000,28,2,-1000.0,-56000.0,0.0,-55000.0,-500.0,-55500.0,1000000,998489.2456000488,0.9984892456000488,1,103.55653637355348,1.5405492152837441
JB1000_R0028_C0003,1000,28,3,0.0,-56000.0,1000.0,-55000.0,500.0,-55500.0,1000000,1000000.0,1.0,0,103.56552275278142,1.5405486505058135
JB1000_R0028_C0004,1000,28,4,1000.0,-56000.0,2000.0,-55000.0,1500.0,-55500.0,1000000,1000000.0,1.0,0,103.57450913200445,1.5405480475945015
JB1000_R0028_C0005,1000,28,5,2000.0,-56000.0,3000.0,-55000.0,2500.0,-55500.0,1000000,1000000.0,1.0,0,103.5834955112223,1.540547406549823
JB1000_R0028_C0006,1000,28,6,3000.0,-56000.0,4000.0,-55000.0,3500.0,-55500.0,1000000,1000000.0,1.0,0,103.59248189043458,1.5405467273717939
JB1000_R0028_C0007,1000,28,7,4000.0,-56000.0,5000.0,-55000.0,4500.0,-55500.0,1000000,1000000.0,1.0,0,103.60146826964103,1.5405460100604311
JB1000_R0028_C0008,1000,28,8,5000.0,-56000.0,6000.0,-55000.0,5500.0,-55500.0,1000000,1000000.0,1.0,0,103.6104546488413,1.5405452546157519
JB1000_R0028_C0009,1000,28,9,6000.0,-56000.0,7000.0,-55000.0,6500.0,-55500.0,1000000,1000000.0,1.0,0,103.61944102803508,1.540544461037775
JB1000_R0028_C0010,1000,28,10,7000.0,-56000.0,8000.0,-55000.0,7500.0,-55500.0,1000000,956118.5991243789,0.9561185991243789,1,103.62842740722206,1.54054362932652
JB1000_R0028_C0011,1000,28,11,8000.0,-56000.0,9000.0,-55000.0,8500.0,-55500.0,1000000,659308.2663916993,0.6593082663916994,1,103.63741378640191,1.5405427594820074
JB1000_R0028_C0012,1000,28,12,9000.0,-56000.0,10000.0,-55000.0,9500.0,-55500.0,1000000,951581.7986201824,0.9515817986201824,1,103.6464001655743,1.5405418515042586
JB1000_R0028_C0013,1000,28,13,10000.0,-56000.0,11000.0,-55000.0,10500.0,-55500.0,1000000,1000000.0,1.0,0,103.65538654473893,1.5405409053932961
JB1000_R0028_C0014,1000,28,14,11000.0,-56000.0,12000.0,-55000.0,11500.0,-55500.0,1000000,1000000.0,1.0,0,103.66437292389547,1.540539921149143
JB1000_R0028_C0015,1000,28,15,12000.0,-56000.0,13000.0,-55000.0,12500.0,-55500.0,1000000,1000000.0,1.0,0,103.67335930304361,1.5405388987718236
JB1000_R0028_C0016,1000,28,16,13000.0,-56000.0,14000.0,-55000.0,13500.0,-55500.0,1000000,1000000.0,1.0,0,103.68234568218301,1.5405378382613633
JB1000_R0028_C0017,1000,28,17,14000.0,-56000.0,15000.0,-55000.0,14500.0,-55500.0,1000000,1000000.0,1.0,0,103.69133206131337,1.540536739617788
JB1000_R0028_C0018,1000,28,18,15000.0,-56000.0,16000.0,-55000.0,15500.0,-55500.0,1000000,1000000.0,1.0,0,103.70031844043436,1.5405356028411248
JB1000_R0028_C0019,1000,28,19,16000.0,-56000.0,17000.0,-55000.0,16500.0,-55500.0,1000000,1000000.0,1.0,0,103.70930481954566,1.5405344279314017
JB1000_R0028_C0020,1000,28,20,17000.0,-56000.0,18000.0,-55000.0,17500.0,-55500.0,1000000,1000000.0,1.0,0,103.71829119864697,1.540533214888648
JB1000_R0028_C0021,1000,28,21,18000.0,-56000.0,19000.0,-55000.0,18500.0,-55500.0,1000000,1000000.0,1.0,0,103.72727757773794,1.540531963712893
JB1000_R0028_C0022,1000,28,22,19000.0,-56000.0,20000.0,-55000.0,19500.0,-55500.0,1000000,1000000.0,1.0,0,103.73626395681828,1.5405306744041676
JB1000_R0028_C0023,1000,28,23,20000.0,-56000.0,21000.0,-55000.0,20500.0,-55500.0,1000000,1000000.0,1.0,0,103.74525033588765,1.5405293469625039
JB1000_R0028_C0024,1000,28,24,21000.0,-56000.0,22000.0,-55000.0,21500.0,-55500.0,1000000,1000000.0,1.0,0,103.75423671494573,1.5405279813879345
JB1000_R0028_C0025,1000,28,25,22000.0,-56000.0,23000.0,-55000.0,22500.0,-55500.0,1000000,1000000.0,1.0,0,103.76322309399221,1.5405265776804928
JB1000_R0028_C0026,1000,28,26,23000.0,-56000.0,24000.0,-55000.0,23500.0,-55500.0,1000000,1000000.0,1.0,0,103.77220947302678,1.5405251358402139
JB1000_R0028_C0027,1000,28,27,24000.0,-56000.0,25000.0,-55000.0,24500.0,-55500.0,1000000,1000000.0,1.0,0,103.7811958520491,1.5405236558671327
JB1000_R0028_C0028,1000,28,28,25000.0,-56000.0,26000.0,-55000.0,25500.0,-55500.0,1000000,1000000.0,1.0,0,103.79018223105885,1.540522137761286
JB1000_R0028_C0029,1000,28,29,26000.0,-56000.0,27000.0,-55000.0,26500.0,-55500.0,1000000,1000000.0,1.0,0,103.79916861005573,1.5405205815227112
JB1000_R0028_C0030,1000,28,30,27000.0,-56000.0,28000.0,-55000.0,27500.0,-55500.0,1000000,1000000.0,1.0,0,103.80815498903941,1.5405189871514466
JB1000_R0028_C0031,1000,28,31,28000.0,-56000.0,29000.0,-55000.0,28500.0,-55500.0,1000000,1000000.0,1.0,0,103.81714136800956,1.5405173546475313
JB1000_R0028_C0032,1000,28,32,29000.0,-56000.0,30000.0,-55000.0,29500.0,-55500.0,1000000,1000000.0,1.0,0,103.82612774696587,1.5405156840110057
JB1000_R0028_C0033,1000,28,33,30000.0,-56000.0,31000.0,-55000.0,30500.0,-55500.0,1000000,1000000.0,1.0,0,103.83511412590804,1.5405139752419112
JB1000_R0028_C0034,1000,28,34,31000.0,-56000.0,32000.0,-55000.0,31500.0,-55500.0,1000000,1000000.0,1.0,0,103.84410050483571,1.5405122283402892
JB1000_R0028_C0035,1000,28,35,32000.0,-56000.0,33000.0,-55000.0,32500.0,-55500.0,1000000,1000000.0,1.0,0,103.85308688374859,1.5405104433061836
JB1000_R0028_C0036,1000,28,36,33000.0,-56000.0,34000.0,-55000.0,33500.0,-55500.0,1000000,1000000.0,1.0,0,103.86207326264635,1.5405086201396376
JB1000_R0028_C0037,1000,28,37,34000.0,-56000.0,35000.0,-55000.0,34500.0,-55500.0,1000000,1000000.0,1.0,0,103.87105964152867,1.5405067588406967
JB1000_R0028_C0038,1000,28,38,35000.0,-56000.0,36000.0,-55000.0,35500.0,-55500.0,1000000,1000000.0,1.0,0,103.88004602039526,1.5405048594094062
JB1000_R0028_C0039,1000,28,39,36000.0,-56000.0,37000.0,-55000.0,36500.0,-55500.0,1000000,1000000.0,1.0,0,103.88903239924574,1.5405029218458135
JB1000_R0028_C0040,1000,28,40,37000.0,-56000.0,38000.0,-55000.0,37500.0,-55500.0,1000000,1000000.0,1.0,0,103.89801877807983,1.540500946149966
JB1000_R0028_C0041,1000,28,41,38000.0,-56000.0,39000.0,-55000.0,38500.0,-55500.0,1000000,1000000.0,1.0,0,103.90700515689721,1.5404989323219123
JB1000_R0028_C0042,1000,28,42,39000.0,-56000.0,40000.0,-55000.0,39500.0,-55500.0,1000000,1000000.0,1.0,0,103.91599153569756,1.5404968803617023
JB1000_R0028_C0043,1000,28,43,40000.0,-56000.0,41000.0,-55000.0,40500.0,-55500.0,1000000,1000000.0,1.0,0,103.92497791448055,1.5404947902693862
JB1000_R0028_C0044,1000,28,44,41000.0,-56000.0,42000.0,-55000.0,41500.0,-55500.0,1000000,1000000.0,1.0,0,103.93396429324586,1.5404926620450154
JB1000_R0028_C0045,1000,28,45,42000.0,-56000.0,43000.0,-55000.0,42500.0,-55500.0,1000000,1000000.0,1.0,0,103.9429506719932,1.540490495688643
JB1000_R0028_C0046,1000,28,46,43000.0,-56000.0,44000.0,-55000.0,43500.0,-55500.0,1000000,1000000.0,1.0,0,103.95193705072221,1.5404882912003217
JB1000_R0028_C0047,1000,28,47,44000.0,-56000.0,45000.0,-55000.0,44500.0,-55500.0,1000000,1000000.0,1.0,0,103.96092342943258,1.5404860485801064
JB1000_R0028_C0048,1000,28,48,45000.0,-56000.0,46000.0,-55000.0,45500.0,-55500.0,1000000,1000000.0,1.0,0,103.96990980812402,1.5404837678280514
JB1000_R0028_C0049,1000,28,49,46000.0,-56000.0,47000.0,-55000.0,46500.0,-55500.0,1000000,1000000.0,1.0,0,103.97889618679618,1.540481448944214
JB1000_R0028_C0050,1000,28,50,47000.0,-56000.0,48000.0,-55000.0,47500.0,-55500.0,1000000,1000000.0,1.0,0,103.98788256544873,1.5404790919286506
JB1000_R0028_C0051,1000,28,51,48000.0,-56000.0,49000.0,-55000.0,48500.0,-55500.0,1000000,1000000.0,1.0,0,103.9968689440814,1.5404766967814196
JB1000_R0028_C0052,1000,28,52,49000.0,-56000.0,50000.0,-55000.0,49500.0,-55500.0,1000000,1000000.0,1.0,0,104.00585532269383,1.54047426350258
JB1000_R0028_C0053,1000,28,53,50000.0,-56000.0,51000.0,-55000.0,50500.0,-55500.0,1000000,1000000.0,1.0,0,104.01484170128569,1.5404717920921915
JB1000_R0028_C0054,1000,28,54,51000.0,-56000.0,52000.0,-55000.0,51500.0,-55500.0,1000000,77681.40941567981,0.0776814094156798,1,104.02382807985671,1.540469282550315
JB1000_R0029_C0002,1000,29,2,-1000.0,-55000.0,0.0,-54000.0,-500.0,-54500.0,1000000,637519.0044452806,0.6375190044452806,1,103.55653691740231,1.549592821098438
JB1000_R0029_C0003,1000,29,3,0.0,-55000.0,1000.0,-54000.0,500.0,-54500.0,1000000,996770.9427946403,0.9967709427946403,1,103.56552333463327,1.5495922530034996
JB1000_R0029_C0004,1000,29,4,1000.0,-55000.0,2000.0,-54000.0,1500.0,-54500.0,1000000,1000000.0,1.0,0,103.57450975185928,1.5495916465512183
JB1000_R0029_C0005,1000,29,5,2000.0,-55000.0,3000.0,-54000.0,2500.0,-54500.0,1000000,1000000.0,1.0,0,103.58349616908002,1.5495910017416084
JB1000_R0029_C0006,1000,29,6,3000.0,-55000.0,4000.0,-54000.0,3500.0,-54500.0,1000000,1000000.0,1.0,0,103.59248258629516,1.5495903185746864
JB1000_R0029_C0007,1000,29,7,4000.0,-55000.0,5000.0,-54000.0,4500.0,-54500.0,1000000,1000000.0,1.0,0,103.60146900350439,1.5495895970504692
JB1000_R0029_C0008,1000,29,8,5000.0,-55000.0,6000.0,-54000.0,5500.0,-54500.0,1000000,1000000.0,1.0,0,103.61045542070737,1.5495888371689737
JB1000_R0029_C0009,1000,29,9,6000.0,-55000.0,7000.0,-54000.0,6500.0,-54500.0,1000000,1000000.0,1.0,0,103.61944183790378,1.5495880389302195
JB1000_R0029_C0010,1000,29,10,7000.0,-55000.0,8000.0,-54000.0,7500.0,-54500.0,1000000,371375.1762261125,0.37137517622611255,1,103.62842825509331,1.5495872023342259
JB1000_R0029_C0012,1000,29,12,9000.0,-55000.0,10000.0,-54000.0,9500.0,-54500.0,1000000,405198.19647244766,0.40519819647244765,1,103.64640108945039,1.549585414070604
JB1000_R0029_C0013,1000,29,13,10000.0,-55000.0,11000.0,-54000.0,10500.0,-54500.0,1000000,372395.4366245708,0.3723954366245708,1,103.6553875066173,1.5495844624030197
JB1000_R0029_C0014,1000,29,14,11000.0,-55000.0,12000.0,-54000.0,11500.0,-54500.0,1000000,1000000.0,1.0,0,103.66437392377604,1.5495834723782842
JB1000_R0029_C0015,1000,29,15,12000.0,-55000.0,13000.0,-54000.0,12500.0,-54500.0,1000000,1000000.0,1.0,0,103.67336034092625,1.549582443996422
JB1000_R0029_C0016,1000,29,16,13000.0,-55000.0,14000.0,-54000.0,13500.0,-54500.0,1000000,1000000.0,1.0,0,103.68234675806765,1.5495813772574583
JB1000_R0029_C0017,1000,29,17,14000.0,-55000.0,15000.0,-54000.0,14500.0,-54500.0,1000000,1000000.0,1.0,0,103.69133317519989,1.5495802721614191
JB1000_R0029_C0018,1000,29,18,15000.0,-55000.0,16000.0,-54000.0,15500.0,-54500.0,1000000,1000000.0,1.0,0,103.70031959232266,1.5495791287083323
JB1000_R0029_C0019,1000,29,19,16000.0,-55000.0,17000.0,-54000.0,16500.0,-54500.0,1000000,1000000.0,1.0,0,103.70930600943562,1.5495779468982254
JB1000_R0029_C0020,1000,29,20,17000.0,-55000.0,18000.0,-54000.0,17500.0,-54500.0,1000000,1000000.0,1.0,0,103.71829242653847,1.5495767267311278
JB1000_R0029_C0021,1000,29,21,18000.0,-55000.0,19000.0,-54000.0,18500.0,-54500.0,1000000,1000000.0,1.0,0,103.72727884363086,1.5495754682070695
JB1000_R0029_C0022,1000,29,22,19000.0,-55000.0,20000.0,-54000.0,19500.0,-54500.0,1000000,1000000.0,1.0,0,103.73626526071249,1.5495741713260816
JB1000_R0029_C0023,1000,29,23,20000.0,-55000.0,21000.0,-54000.0,20500.0,-54500.0,1000000,1000000.0,1.0,0,103.74525167778302,1.549572836088196
JB1000_R0029_C0024,1000,29,24,21000.0,-55000.0,22000.0,-54000.0,21500.0,-54500.0,1000000,1000000.0,1.0,0,103.75423809484212,1.5495714624934456
JB1000_R0029_C0025,1000,29,25,22000.0,-55000.0,23000.0,-54000.0,22500.0,-54500.0,1000000,1000000.0,1.0,0,103.7632245118895,1.5495700505418641
JB1000_R0029_C0026,1000,29,26,23000.0,-55000.0,24000.0,-54000.0,23500.0,-54500.0,1000000,1000000.0,1.0,0,103.77221092892484,1.5495686002334865
JB1000_R0029_C0027,1000,29,27,24000.0,-55000.0,25000.0,-54000.0,24500.0,-54500.0,1000000,1000000.0,1.0,0,103.78119734594775,1.5495671115683485
JB1000_R0029_C0028,1000,29,28,25000.0,-55000.0,26000.0,-54000.0,25500.0,-54500.0,1000000,1000000.0,1.0,0,103.79018376295797,1.5495655845464869
JB1000_R0029_C0029,1000,29,29,26000.0,-55000.0,27000.0,-54000.0,26500.0,-54500.0,1000000,1000000.0,1.0,0,103.79917017995515,1.5495640191679387
JB1000_R0029_C0030,1000,29,30,27000.0,-55000.0,28000.0,-54000.0,27500.0,-54500.0,1000000,1000000.0,1.0,0,103.80815659693899,1.5495624154327432
JB1000_R0029_C0031,1000,29,31,28000.0,-55000.0,29000.0,-54000.0,28500.0,-54500.0,1000000,1000000.0,1.0,0,103.81714301390913,1.5495607733409393
JB1000_R0029_C0032,1000,29,32,29000.0,-55000.0,30000.0,-54000.0,29500.0,-54500.0,1000000,1000000.0,1.0,0,103.82612943086528,1.5495590928925682
JB1000_R0029_C0033,1000,29,33,30000.0,-55000.0,31000.0,-54000.0,30500.0,-54500.0,1000000,1000000.0,1.0,0,103.83511584780709,1.5495573740876705
JB1000_R0029_C0034,1000,29,34,31000.0,-55000.0,32000.0,-54000.0,31500.0,-54500.0,1000000,1000000.0,1.0,0,103.84410226473427,1.5495556169262892
JB1000_R0029_C0035,1000,29,35,32000.0,-55000.0,33000.0,-54000.0,32500.0,-54500.0,1000000,1000000.0,1.0,0,103.85308868164647,1.549553821408467
JB1000_R0029_C0036,1000,29,36,33000.0,-55000.0,34000.0,-54000.0,33500.0,-54500.0,1000000,1000000.0,1.0,0,103.86207509854337,1.5495519875342487
JB1000_R0029_C0037,1000,29,37,34000.0,-55000.0,35000.0,-54000.0,34500.0,-54500.0,1000000,1000000.0,1.0,0,103.87106151542464,1.549550115303679
JB1000_R0029_C0038,1000,29,38,35000.0,-55000.0,36000.0,-54000.0,35500.0,-54500.0,1000000,1000000.0,1.0,0,103.88004793229,1.5495482047168045
JB1000_R0029_C0039,1000,29,39,36000.0,-55000.0,37000.0,-54000.0,36500.0,-54500.0,1000000,1000000.0,1.0,0,103.88903434913907,1.5495462557736717
JB1000_R0029_C0040,1000,29,40,37000.0,-55000.0,38000.0,-54000.0,37500.0,-54500.0,1000000,1000000.0,1.0,0,103.89802076597155,1.549544268474329
JB1000_R0029_C0041,1000,29,41,38000.0,-55000.0,39000.0,-54000.0,38500.0,-54500.0,1000000,1000000.0,1.0,0,103.90700718278714,1.5495422428188252
JB1000_R0029_C0042,1000,29,42,39000.0,-55000.0,40000.0,-54000.0,39500.0,-54500.0,1000000,1000000.0,1.0,0,103.91599359958546,1.5495401788072105
JB1000_R0029_C0043,1000,29,43,40000.0,-55000.0,41000.0,-54000.0,40500.0,-54500.0,1000000,1000000.0,1.0,0,103.92498001636625,1.5495380764395355
JB1000_R0029_C0044,1000,29,44,41000.0,-55000.0,42000.0,-54000.0,41500.0,-54500.0,1000000,1000000.0,1.0,0,103.93396643312916,1.5495359357158518
JB1000_R0029_C0045,1000,29,45,42000.0,-55000.0,43000.0,-54000.0,42500.0,-54500.0,1000000,1000000.0,1.0,0,103.94295284987385,1.5495337566362124
JB1000_R0029_C0046,1000,29,46,43000.0,-55000.0,44000.0,-54000.0,43500.0,-54500.0,1000000,1000000.0,1.0,0,103.95193926660001,1.549531539200671
JB1000_R0029_C0047,1000,29,47,44000.0,-55000.0,45000.0,-54000.0,44500.0,-54500.0,1000000,1000000.0,1.0,0,103.96092568330732,1.5495292834092824
JB1000_R0029_C0048,1000,29,48,45000.0,-55000.0,46000.0,-54000.0,45500.0,-54500.0,1000000,1000000.0,1.0,0,103.96991209999545,1.5495269892621015
JB1000_R0029_C0049,1000,29,49,46000.0,-55000.0,47000.0,-54000.0,46500.0,-54500.0,1000000,1000000.0,1.0,0,103.9788985166641,1.5495246567591858
JB1000_R0029_C0050,1000,29,50,47000.0,-55000.0,48000.0,-54000.0,47500.0,-54500.0,1000000,1000000.0,1.0,0,103.98788493331291,1.5495222859005917
JB1000_R0029_C0051,1000,29,51,48000.0,-55000.0,49000.0,-54000.0,48500.0,-54500.0,1000000,1000000.0,1.0,0,103.99687134994159,1.5495198766863785
JB1000_R0029_C0052,1000,29,52,49000.0,-55000.0,50000.0,-54000.0,49500.0,-54500.0,1000000,1000000.0,1.0,0,104.0058577665498,1.549517429116605
JB1000_R0029_C0053,1000,29,53,50000.0,-55000.0,51000.0,-54000.0,50500.0,-54500.0,1000000,975458.2432691592,0.9754582432691592,1,104.0148441831372,1.5495149431913315
JB1000_R0029_C0054,1000,29,54,51000.0,-55000.0,52000.0,-54000.0,51500.0,-54500.0,1000000,33819.17922672731,0.033819179226727315,1,104.0238305997035,1.5495124189106197
JB1000_R0030_C0003,1000,30,3,0.0,-54000.0,1000.0,-53000.0,500.0,-53500.0,1000000,277904.9446610489,0.27790494466104887,1,103.56552391989496,1.5586358547260097
JB1000_R0030_C0004,1000,30,4,1000.0,-54000.0,2000.0,-53000.0,1500.0,-53500.0,1000000,788875.8175750936,0.7888758175750936,1,103.57451037534663,1.5586352447327299
JB1000_R0030_C0005,1000,30,5,2000.0,-54000.0,3000.0,-53000.0,2500.0,-53500.0,1000000,762761.5788591054,0.7627615788591053,1,103.58349683079301,1.5586345961581582
JB1000_R0030_C0006,1000,30,6,3000.0,-54000.0,4000.0,-53000.0,3500.0,-53500.0,1000000,486810.4290935868,0.4868104290935868,1,103.5924832862337,1.5586339090023111
JB1000_R0030_C0007,1000,30,7,4000.0,-54000.0,5000.0,-53000.0,4500.0,-53500.0,1000000,926551.047653805,0.926551047653805,1,103.60146974166842,1.558633183265205
JB1000_R0030_C0008,1000,30,8,5000.0,-54000.0,6000.0,-53000.0,5500.0,-53500.0,1000000,1000000.0,1.0,0,103.61045619709681,1.5586324189468577
JB1000_R0030_C0009,1000,30,9,6000.0,-54000.0,7000.0,-53000.0,6500.0,-53500.0,1000000,680644.9462906201,0.6806449462906201,1,103.61944265251856,1.5586316160472882
JB1000_R0030_C0010,1000,30,10,7000.0,-54000.0,8000.0,-53000.0,7500.0,-53500.0,1000000,1992.1986393241777,0.001992198639324178,1,103.62842910793333,1.5586307745665162
JB1000_R0030_C0013,1000,30,13,10000.0,-54000.0,11000.0,-53000.0,10500.0,-53500.0,1000000,1074.9763756047196,0.0010749763756047195,1,103.65538847413258,1.5586280186371981
JB1000_R0030_C0014,1000,30,14,11000.0,-54000.0,12000.0,-53000.0,11500.0,-53500.0,1000000,948200.0679102927,0.9482000679102927,1,103.6643749295162,1.5586270228318333
JB1000_R0030_C0015,1000,30,15,12000.0,-54000.0,13000.0,-53000.0,12500.0,-53500.0,1000000,1000000.0,1.0,0,103.67336138489122,1.5586259884453793
JB1000_R0030_C0016,1000,30,16,13000.0,-54000.0,14000.0,-53000.0,13500.0,-53500.0,1000000,1000000.0,1.0,0,103.68234784025731,1.5586249154778617
JB1000_R0030_C0017,1000,30,17,14000.0,-54000.0,15000.0,-53000.0,14500.0,-53500.0,1000000,1000000.0,1.0,0,103.69133429561413,1.5586238039293068
JB1000_R0030_C0018,1000,30,18,15000.0,-54000.0,16000.0,-53000.0,15500.0,-53500.0,1000000,1000000.0,1.0,0,103.70032075096137,1.5586226537997416
JB1000_R0030_C0019,1000,30,19,16000.0,-54000.0,17000.0,-53000.0,16500.0,-53500.0,1000000,1000000.0,1.0,0,103.7093072062987,1.558621465089195
JB1000_R0030_C0020,1000,30,20,17000.0,-54000.0,18000.0,-53000.0,17500.0,-53500.0,1000000,1000000.0,1.0,0,103.71829366162576,1.5586202377976959
JB1000_R0030_C0021,1000,30,21,18000.0,-54000.0,19000.0,-53000.0,18500.0,-53500.0,1000000,1000000.0,1.0,0,103.72728011694228,1.558618971925275
JB1000_R0030_C0022,1000,30,22,19000.0,-54000.0,20000.0,-53000.0,19500.0,-53500.0,1000000,1000000.0,1.0,0,103.73626657224791,1.558617667471963
JB1000_R0030_C0023,1000,30,23,20000.0,-54000.0,21000.0,-53000.0,20500.0,-53500.0,1000000,1000000.0,1.0,0,103.7452530275423,1.5586163244377922
JB1000_R0030_C0024,1000,30,24,21000.0,-54000.0,22000.0,-53000.0,21500.0,-53500.0,1000000,1000000.0,1.0,0,103.75423948282514,1.5586149428227958
JB1000_R0030_C0025,1000,30,25,22000.0,-54000.0,23000.0,-53000.0,22500.0,-53500.0,1000000,1000000.0,1.0,0,103.7632259380961,1.5586135226270077
JB1000_R0030_C0026,1000,30,26,23000.0,-54000.0,24000.0,-53000.0,23500.0,-53500.0,1000000,1000000.0,1.0,0,103.77221239335488,1.5586120638504628
JB1000_R0030_C0027,1000,30,27,24000.0,-54000.0,25000.0,-53000.0,24500.0,-53500.0,1000000,1000000.0,1.0,0,103.7811988486011,1.5586105664931975
JB1000_R0030_C0028,1000,30,28,25000.0,-54000.0,26000.0,-53000.0,25500.0,-53500.0,1000000,1000000.0,1.0,0,103.79018530383448,1.5586090305552482
JB1000_R0030_C0029,1000,30,29,26000.0,-54000.0,27000.0,-53000.0,26500.0,-53500.0,1000000,1000000.0,1.0,0,103.79917175905466,1.558607456036653
JB1000_R0030_C0030,1000,30,30,27000.0,-54000.0,28000.0,-53000.0,27500.0,-53500.0,1000000,1000000.0,1.0,0,103.80815821426134,1.5586058429374503
JB1000_R0030_C0031,1000,30,31,28000.0,-54000.0,29000.0,-53000.0,28500.0,-53500.0,1000000,1000000.0,1.0,0,103.81714466945417,1.5586041912576805
JB1000_R0030_C0032,1000,30,32,29000.0,-54000.0,30000.0,-53000.0,29500.0,-53500.0,1000000,1000000.0,1.0,0,103.82613112463284,1.5586025009973838
JB1000_R0030_C0033,1000,30,33,30000.0,-54000.0,31000.0,-53000.0,30500.0,-53500.0,1000000,1000000.0,1.0,0,103.83511757979701,1.558600772156602
JB1000_R0030_C0034,1000,30,34,31000.0,-54000.0,32000.0,-53000.0,31500.0,-53500.0,1000000,1000000.0,1.0,0,103.84410403494635,1.5585990047353775
JB1000_R0030_C0035,1000,30,35,32000.0,-54000.0,33000.0,-53000.0,32500.0,-53500.0,1000000,1000000.0,1.0,0,103.85309049008056,1.5585971987337544
JB1000_R0030_C0036,1000,30,36,33000.0,-54000.0,34000.0,-53000.0,33500.0,-53500.0,1000000,1000000.0,1.0,0,103.86207694519929,1.5585953541517763
JB1000_R0030_C0037,1000,30,37,34000.0,-54000.0,35000.0,-53000.0,34500.0,-53500.0,1000000,1000000.0,1.0,0,103.87106340030223,1.5585934709894895
JB1000_R0030_C0038,1000,30,38,35000.0,-54000.0,36000.0,-53000.0,35500.0,-53500.0,1000000,1000000.0,1.0,0,103.88004985538902,1.55859154924694
JB1000_R0030_C0039,1000,30,39,36000.0,-54000.0,37000.0,-53000.0,36500.0,-53500.0,1000000,1000000.0,1.0,0,103.88903631045937,1.5585895889241752
JB1000_R0030_C0040,1000,30,40,37000.0,-54000.0,38000.0,-53000.0,37500.0,-53500.0,1000000,1000000.0,1.0,0,103.89802276551292,1.5585875900212431
JB1000_R0030_C0041,1000,30,41,38000.0,-54000.0,39000.0,-53000.0,38500.0,-53500.0,1000000,1000000.0,1.0,0,103.90700922054937,1.5585855525381935
JB1000_R0030_C0042,1000,30,42,39000.0,-54000.0,40000.0,-53000.0,39500.0,-53500.0,1000000,1000000.0,1.0,0,103.91599567556838,1.5585834764750763
JB1000_R0030_C0043,1000,30,43,40000.0,-54000.0,41000.0,-53000.0,40500.0,-53500.0,1000000,1000000.0,1.0,0,103.92498213056962,1.5585813618319424
JB1000_R0030_C0044,1000,30,44,41000.0,-54000.0,42000.0,-53000.0,41500.0,-53500.0,1000000,1000000.0,1.0,0,103.93396858555279,1.5585792086088446
JB1000_R0030_C0045,1000,30,45,42000.0,-54000.0,43000.0,-53000.0,42500.0,-53500.0,1000000,1000000.0,1.0,0,103.94295504051752,1.5585770168058353
JB1000_R0030_C0046,1000,30,46,43000.0,-54000.0,44000.0,-53000.0,43500.0,-53500.0,1000000,1000000.0,1.0,0,103.95194149546352,1.5585747864229686
JB1000_R0030_C0047,1000,30,47,44000.0,-54000.0,45000.0,-53000.0,44500.0,-53500.0,1000000,1000000.0,1.0,0,103.96092795039044,1.5585725174603
JB1000_R0030_C0048,1000,30,48,45000.0,-54000.0,46000.0,-53000.0,45500.0,-53500.0,1000000,1000000.0,1.0,0,103.96991440529794,1.5585702099178846
JB1000_R0030_C0049,1000,30,49,46000.0,-54000.0,47000.0,-53000.0,46500.0,-53500.0,1000000,1000000.0,1.0,0,103.97890086018575,1.5585678637957796
JB1000_R0030_C0050,1000,30,50,47000.0,-54000.0,48000.0,-53000.0,47500.0,-53500.0,1000000,1000000.0,1.0,0,103.98788731505348,1.5585654790940429
JB1000_R0030_C0051,1000,30,51,48000.0,-54000.0,49000.0,-53000.0,48500.0,-53500.0,1000000,1000000.0,1.0,0,103.99687376990084,1.558563055812733
JB1000_R0030_C0052,1000,30,52,49000.0,-54000.0,50000.0,-53000.0,49500.0,-53500.0,1000000,1000000.0,1.0,0,104.00586022472748,1.5585605939519098
JB1000_R0030_C0053,1000,30,53,50000.0,-54000.0,51000.0,-53000.0,50500.0,-53500.0,1000000,600866.579039528,0.600866579039528,1,104.0148466795331,1.5585580935116343
JB1000_R0031_C0004,1000,31,4,1000.0,-53000.0,2000.0,-52000.0,1500.0,-52500.0,1000000,10126.906426926656,0.010126906426926657,1,103.57451100246662,1.5676788421345182
JB1000_R0031_C0007,1000,31,7,4000.0,-53000.0,5000.0,-52000.0,4500.0,-52500.0,1000000,173260.34248726,0.17326034248726,1,103.60147048413319,1.5676767687001198
JB1000_R0031_C0008,1000,31,8,5000.0,-53000.0,6000.0,-52000.0,5500.0,-52500.0,1000000,289694.1965819009,0.2896941965819009,1,103.61045697800971,1.5676759999448842
JB1000_R0031_C0009,1000,31,9,6000.0,-53000.0,7000.0,-52000.0,6500.0,-52500.0,1000000,9768.03957202817,0.00976803957202817,1,103.6194434718795,1.5676751923844616
JB1000_R0031_C0014,1000,31,14,11000.0,-53000.0,12000.0,-52000.0,11500.0,-52500.0,1000000,792768.8948336983,0.7927688948336983,1,103.66437594111609,1.56767057250527
JB1000_R0031_C0015,1000,31,15,12000.0,-53000.0,13000.0,-52000.0,12500.0,-52500.0,1000000,1000000.0,1.0,0,103.67336243493861,1.5676695321141751
JB1000_R0031_C0016,1000,31,16,13000.0,-53000.0,14000.0,-52000.0,13500.0,-52500.0,1000000,1000000.0,1.0,0,103.68234892875209,1.5676684529180527
JB1000_R0031_C0017,1000,31,17,14000.0,-53000.0,15000.0,-52000.0,14500.0,-52500.0,1000000,1000000.0,1.0,0,103.69133542255622,1.567667334916929
JB1000_R0031_C0018,1000,31,18,15000.0,-53000.0,16000.0,-52000.0,15500.0,-52500.0,1000000,1000000.0,1.0,0,103.70032191635063,1.5676661781108314
JB1000_R0031_C0019,1000,31,19,16000.0,-53000.0,17000.0,-52000.0,16500.0,-52500.0,1000000,1000000.0,1.0,0,103.70930841013502,1.5676649824997888
JB1000_R0031_C0020,1000,31,20,17000.0,-53000.0,18000.0,-52000.0,17500.0,-52500.0,1000000,1000000.0,1.0,0,103.71829490390904,1.5676637480838302
JB1000_R0031_C0021,1000,31,21,18000.0,-53000.0,19000.0,-52000.0,18500.0,-52500.0,1000000,1000000.0,1.0,0,103.72728139767239,1.5676624748629864
JB1000_R0031_C0022,1000,31,22,19000.0,-53000.0,20000.0,-52000.0,19500.0,-52500.0,1000000,1000000.0,1.0,0,103.73626789142469,1.5676611628372885
JB1000_R0031_C0023,1000,31,23,20000.0,-53000.0,21000.0,-52000.0,20500.0,-52500.0,1000000,1000000.0,1.0,0,103.74525438516565,1.567659812006769
JB1000_R0031_C0024,1000,31,24,21000.0,-53000.0,22000.0,-52000.0,21500.0,-52500.0,1000000,1000000.0,1.0,0,103.75424087889492,1.5676584223714611
JB1000_R0031_C0025,1000,31,25,22000.0,-53000.0,23000.0,-52000.0,22500.0,-52500.0,1000000,1000000.0,1.0,0,103.76322737261218,1.567656993931399
JB1000_R0031_C0026,1000,31,26,23000.0,-53000.0,24000.0,-52000.0,23500.0,-52500.0,1000000,1000000.0,1.0,0,103.77221386631709,1.5676555266866181
JB1000_R0031_C0027,1000,31,27,24000.0,-53000.0,25000.0,-52000.0,24500.0,-52500.0,1000000,1000000.0,1.0,0,103.78120036000932,1.5676540206371543
JB1000_R0031_C0028,1000,31,28,25000.0,-53000.0,26000.0,-52000.0,25500.0,-52500.0,1000000,1000000.0,1.0,0,103.79018685368855,1.5676524757830448
JB1000_R0031_C0029,1000,31,29,26000.0,-53000.0,27000.0,-52000.0,26500.0,-52500.0,1000000,1000000.0,1.0,0,103.79917334735444,1.5676508921243275
JB1000_R0031_C0030,1000,31,30,27000.0,-53000.0,28000.0,-52000.0,27500.0,-52500.0,1000000,1000000.0,1.0,0,103.80815984100664,1.567649269661042
JB1000_R0031_C0031,1000,31,31,28000.0,-53000.0,29000.0,-52000.0,28500.0,-52500.0,1000000,1000000.0,1.0,0,103.81714633464486,1.5676476083932276
JB1000_R0031_C0032,1000,31,32,29000.0,-53000.0,30000.0,-52000.0,29500.0,-52500.0,1000000,1000000.0,1.0,0,103.82613282826874,1.5676459083209253
JB1000_R0031_C0033,1000,31,33,30000.0,-53000.0,31000.0,-52000.0,30500.0,-52500.0,1000000,1000000.0,1.0,0,103.83511932187797,1.5676441694441772
JB1000_R0031_C0034,1000,31,34,31000.0,-53000.0,32000.0,-52000.0,31500.0,-52500.0,1000000,1000000.0,1.0,0,103.8441058154722,1.5676423917630262
JB1000_R0031_C0035,1000,31,35,32000.0,-53000.0,33000.0,-52000.0,32500.0,-52500.0,1000000,1000000.0,1.0,0,103.8530923090511,1.5676405752775162
JB1000_R0031_C0036,1000,31,36,33000.0,-53000.0,34000.0,-52000.0,33500.0,-52500.0,1000000,1000000.0,1.0,0,103.86207880261435,1.5676387199876916
JB1000_R0031_C0037,1000,31,37,34000.0,-53000.0,35000.0,-52000.0,34500.0,-52500.0,1000000,1000000.0,1.0,0,103.87106529616162,1.5676368258935982
JB1000_R0031_C0038,1000,31,38,35000.0,-53000.0,36000.0,-52000.0,35500.0,-52500.0,1000000,1000000.0,1.0,0,103.88005178969256,1.5676348929952826
JB1000_R0031_C0039,1000,31,39,36000.0,-53000.0,37000.0,-52000.0,36500.0,-52500.0,1000000,1000000.0,1.0,0,103.88903828320686,1.5676329212927929
JB1000_R0031_C0040,1000,31,40,37000.0,-53000.0,38000.0,-52000.0,37500.0,-52500.0,1000000,1000000.0,1.0,0,103.89802477670418,1.567630910786177
JB1000_R0031_C0041,1000,31,41,38000.0,-53000.0,39000.0,-52000.0,38500.0,-52500.0,1000000,1000000.0,1.0,0,103.90701127018417,1.567628861475485
JB1000_R0031_C0042,1000,31,42,39000.0,-53000.0,40000.0,-52000.0,39500.0,-52500.0,1000000,1000000.0,1.0,0,103.91599776364654,1.567626773360767
JB1000_R0031_C0043,1000,31,43,40000.0,-53000.0,41000.0,-52000.0,40500.0,-52500.0,1000000,1000000.0,1.0,0,103.92498425709094,1.5676246464420744
JB1000_R0031_C0044,1000,31,44,41000.0,-53000.0,42000.0,-52000.0,41500.0,-52500.0,1000000,1000000.0,1.0,0,103.93397075051703,1.56762248071946
JB1000_R0031_C0045,1000,31,45,42000.0,-53000.0,43000.0,-52000.0,42500.0,-52500.0,1000000,1000000.0,1.0,0,103.9429572439245,1.5676202761929772
JB1000_R0031_C0046,1000,31,46,43000.0,-53000.0,44000.0,-52000.0,43500.0,-52500.0,1000000,1000000.0,1.0,0,103.95194373731299,1.5676180328626796
JB1000_R0031_C0047,1000,31,47,44000.0,-53000.0,45000.0,-52000.0,44500.0,-52500.0,1000000,1000000.0,1.0,0,103.9609302306822,1.5676157507286232
JB1000_R0031_C0048,1000,31,48,45000.0,-53000.0,46000.0,-52000.0,45500.0,-52500.0,1000000,1000000.0,1.0,0,103.96991672403176,1.567613429790864
JB1000_R0031_C0049,1000,31,49,46000.0,-53000.0,47000.0,-52000.0,46500.0,-52500.0,1000000,1000000.0,1.0,0,103.97890321736139,1.567611070049459
JB1000_R0031_C0050,1000,31,50,47000.0,-53000.0,48000.0,-52000.0,47500.0,-52500.0,1000000,1000000.0,1.0,0,103.98788971067073,1.5676086715044666
JB1000_R0031_C0051,1000,31,51,48000.0,-53000.0,49000.0,-52000.0,48500.0,-52500.0,1000000,1000000.0,1.0,0,103.99687620395943,1.5676062341559456
JB1000_R0031_C0052,1000,31,52,49000.0,-53000.0,50000.0,-52000.0,49500.0,-52500.0,1000000,977877.8148304787,0.9778778148304788,1,104.0058626972272,1.5676037580039563
JB1000_R0031_C0053,1000,31,53,50000.0,-53000.0,51000.0,-52000.0,50500.0,-52500.0,1000000,130133.43571963378,0.1301334357196338,1,104.01484919047368,1.5676012430485597
JB1000_R0032_C0013,1000,32,13,10000.0,-52000.0,11000.0,-51000.0,10500.0,-51500.0,1000000,161586.4797893032,0.1615864797893032,1,103.65539042607428,1.5767151287608356
JB1000_R0032_C0014,1000,32,14,11000.0,-52000.0,12000.0,-51000.0,11500.0,-51500.0,1000000,986736.8898894159,0.9867368898894159,1,103.66437695857583,1.5767141213940707
JB1000_R0032_C0015,1000,32,15,12000.0,-52000.0,13000.0,-51000.0,12500.0,-51500.0,1000000,1000000.0,1.0,0,103.67336349106856,1.576713074998286
JB1000_R0032_C0016,1000,32,16,13000.0,-52000.0,14000.0,-51000.0,13500.0,-51500.0,1000000,1000000.0,1.0,0,103.68235002355215,1.5767119895735078
JB1000_R0032_C0017,1000,32,17,14000.0,-52000.0,15000.0,-51000.0,14500.0,-51500.0,1000000,1000000.0,1.0,0,103.69133655602627,1.5767108651197623
JB1000_R0032_C0018,1000,32,18,15000.0,-52000.0,16000.0,-51000.0,15500.0,-51500.0,1000000,1000000.0,1.0,0,103.70032308849058,1.5767097016370775
JB1000_R0032_C0019,1000,32,19,16000.0,-52000.0,17000.0,-51000.0,16500.0,-51500.0,1000000,1000000.0,1.0,0,103.70930962094474,1.576708499125482
JB1000_R0032_C0020,1000,32,20,17000.0,-52000.0,18000.0,-51000.0,17500.0,-51500.0,1000000,1000000.0,1.0,0,103.71829615338842,1.5767072575850056
JB1000_R0032_C0021,1000,32,21,18000.0,-52000.0,19000.0,-51000.0,18500.0,-51500.0,1000000,1000000.0,1.0,0,103.7272826858213,1.5767059770156786
JB1000_R0032_C0022,1000,32,22,19000.0,-52000.0,20000.0,-51000.0,19500.0,-51500.0,1000000,1000000.0,1.0,0,103.73626921824301,1.5767046574175327
JB1000_R0032_C0023,1000,32,23,20000.0,-52000.0,21000.0,-51000.0,20500.0,-51500.0,1000000,1000000.0,1.0,0,103.74525575065323,1.5767032987906007
JB1000_R0032_C0024,1000,32,24,21000.0,-52000.0,22000.0,-51000.0,21500.0,-51500.0,1000000,1000000.0,1.0,0,103.75424228305165,1.5767019011349155
JB1000_R0032_C0025,1000,32,25,22000.0,-52000.0,23000.0,-51000.0,22500.0,-51500.0,1000000,1000000.0,1.0,0,103.7632288154379,1.5767004644505116
JB1000_R0032_C0026,1000,32,26,23000.0,-52000.0,24000.0,-51000.0,23500.0,-51500.0,1000000,1000000.0,1.0,0,103.77221534781167,1.576698988737425
JB1000_R0032_C0027,1000,32,27,24000.0,-52000.0,25000.0,-51000.0,24500.0,-51500.0,1000000,1000000.0,1.0,0,103.7812018801726,1.5766974739956914
JB1000_R0032_C0028,1000,32,28,25000.0,-52000.0,26000.0,-51000.0,25500.0,-51500.0,1000000,1000000.0,1.0,0,103.79018841252038,1.5766959202253488
JB1000_R0032_C0029,1000,32,29,26000.0,-52000.0,27000.0,-51000.0,26500.0,-51500.0,1000000,1000000.0,1.0,0,103.79917494485468,1.5766943274264347
JB1000_R0032_C0030,1000,32,30,27000.0,-52000.0,28000.0,-51000.0,27500.0,-51500.0,1000000,1000000.0,1.0,0,103.80816147717515,1.5766926955989888
JB1000_R0032_C0031,1000,32,31,28000.0,-52000.0,29000.0,-51000.0,28500.0,-51500.0,1000000,1000000.0,1.0,0,103.81714800948144,1.5766910247430512
JB1000_R0032_C0032,1000,32,32,29000.0,-52000.0,30000.0,-51000.0,29500.0,-51500.0,1000000,1000000.0,1.0,0,103.82613454177324,1.576689314858663
JB1000_R0032_C0033,1000,32,33,30000.0,-52000.0,31000.0,-51000.0,30500.0,-51500.0,1000000,1000000.0,1.0,0,103.8351210740502,1.5766875659458666
JB1000_R0032_C0034,1000,32,34,31000.0,-52000.0,32000.0,-51000.0,31500.0,-51500.0,1000000,1000000.0,1.0,0,103.844107606312,1.576685778004705
JB1000_R0032_C0035,1000,32,35,32000.0,-52000.0,33000.0,-51000.0,32500.0,-51500.0,1000000,1000000.0,1.0,0,103.8530941385583,1.5766839510352217
JB1000_R0032_C0036,1000,32,36,33000.0,-52000.0,34000.0,-51000.0,33500.0,-51500.0,1000000,1000000.0,1.0,0,103.86208067078876,1.5766820850374625
JB1000_R0032_C0037,1000,32,37,34000.0,-52000.0,35000.0,-51000.0,34500.0,-51500.0,1000000,1000000.0,1.0,0,103.87106720300305,1.576680180011473
JB1000_R0032_C0038,1000,32,38,35000.0,-52000.0,36000.0,-51000.0,35500.0,-51500.0,1000000,1000000.0,1.0,0,103.88005373520083,1.5766782359573002
JB1000_R0032_C0039,1000,32,39,36000.0,-52000.0,37000.0,-51000.0,36500.0,-51500.0,1000000,1000000.0,1.0,0,103.88904026738179,1.5766762528749916
JB1000_R0032_C0040,1000,32,40,37000.0,-52000.0,38000.0,-51000.0,37500.0,-51500.0,1000000,1000000.0,1.0,0,103.89802679954555,1.576674230764597
JB1000_R0032_C0041,1000,32,41,38000.0,-52000.0,39000.0,-51000.0,38500.0,-51500.0,1000000,1000000.0,1.0,0,103.90701333169181,1.5766721696261652
JB1000_R0032_C0042,1000,32,42,39000.0,-52000.0,40000.0,-51000.0,39500.0,-51500.0,1000000,1000000.0,1.0,0,103.91599986382022,1.5766700694597477
JB1000_R0032_C0043,1000,32,43,40000.0,-52000.0,41000.0,-51000.0,40500.0,-51500.0,1000000,1000000.0,1.0,0,103.92498639593045,1.5766679302653959
JB1000_R0032_C0044,1000,32,44,41000.0,-52000.0,42000.0,-51000.0,41500.0,-51500.0,1000000,1000000.0,1.0,0,103.93397292802217,1.5766657520431626
JB1000_R0032_C0045,1000,32,45,42000.0,-52000.0,43000.0,-51000.0,42500.0,-51500.0,1000000,1000000.0,1.0,0,103.94295946009504,1.5766635347931013
JB1000_R0032_C0046,1000,32,46,43000.0,-52000.0,44000.0,-51000.0,43500.0,-51500.0,1000000,1000000.0,1.0,0,103.95194599214874,1.576661278515267
JB1000_R0032_C0047,1000,32,47,44000.0,-52000.0,45000.0,-51000.0,44500.0,-51500.0,1000000,1000000.0,1.0,0,103.9609325241829,1.5766589832097149
JB1000_R0032_C0048,1000,32,48,45000.0,-52000.0,46000.0,-51000.0,45500.0,-51500.0,1000000,1000000.0,1.0,0,103.96991905619721,1.5766566488765017
JB1000_R0032_C0049,1000,32,49,46000.0,-52000.0,47000.0,-51000.0,46500.0,-51500.0,1000000,1000000.0,1.0,0,103.97890558819134,1.576654275515685
JB1000_R0032_C0050,1000,32,50,47000.0,-52000.0,48000.0,-51000.0,47500.0,-51500.0,1000000,1000000.0,1.0,0,103.98789212016494,1.576651863127323
JB1000_R0032_C0051,1000,32,51,48000.0,-52000.0,49000.0,-51000.0,48500.0,-51500.0,1000000,986247.2464815241,0.9862472464815241,1,103.99687865211769,1.5766494117114755
JB1000_R0032_C0052,1000,32,52,49000.0,-52000.0,50000.0,-51000.0,49500.0,-51500.0,1000000,334158.14490657905,0.334158144906579,1,104.00586518404926,1.5766469212682028
JB1000_R0033_C0013,1000,33,13,10000.0,-51000.0,11000.0,-50000.0,10500.0,-50500.0,1000000,524456.5929386452,0.5244565929386451,1,103.65539141050094,1.585758682641251
JB1000_R0033_C0014,1000,33,14,11000.0,-51000.0,12000.0,-50000.0,11500.0,-50500.0,1000000,821288.0542161887,0.8212880542161888,1,103.66437798189553,1.5857576694937146
JB1000_R0033_C0015,1000,33,15,12000.0,-51000.0,13000.0,-50000.0,12500.0,-50500.0,1000000,1000000.0,1.0,0,103.6733645532812,1.5857566170931903
JB1000_R0033_C0016,1000,33,16,13000.0,-51000.0,14000.0,-50000.0,13500.0,-50500.0,1000000,1000000.0,1.0,0,103.68235112465763,1.5857555254397047
JB1000_R0033_C0017,1000,33,17,14000.0,-51000.0,15000.0,-50000.0,14500.0,-50500.0,1000000,1000000.0,1.0,0,103.69133769602446,1.5857543945332844
JB1000_R0033_C0018,1000,33,18,15000.0,-51000.0,16000.0,-50000.0,15500.0,-50500.0,1000000,1000000.0,1.0,0,103.70032426738138,1.5857532243739572
JB1000_R0033_C0019,1000,33,19,16000.0,-51000.0,17000.0,-50000.0,16500.0,-50500.0,1000000,1000000.0,1.0,0,103.70931083872804,1.5857520149617523
JB1000_R0033_C0020,1000,33,20,17000.0,-51000.0,18000.0,-50000.0,17500.0,-50500.0,1000000,1000000.0,1.0,0,103.71829741006408,1.5857507662966988
JB1000_R0033_C0021,1000,33,21,18000.0,-51000.0,19000.0,-50000.0,18500.0,-50500.0,1000000,1000000.0,1.0,0,103.72728398138919,1.5857494783788282
JB1000_R0033_C0022,1000,33,22,19000.0,-51000.0,20000.0,-50000.0,19500.0,-50500.0,1000000,1000000.0,1.0,0,103.73627055270302,1.585748151208172
JB1000_R0033_C0023,1000,33,23,20000.0,-51000.0,21000.0,-50000.0,20500.0,-50500.0,1000000,1000000.0,1.0,0,103.74525712400524,1.5857467847847626
JB1000_R0033_C0024,1000,33,24,21000.0,-51000.0,22000.0,-50000.0,21500.0,-50500.0,1000000,1000000.0,1.0,0,103.75424369529549,1.585745379108634
JB1000_R0033_C0025,1000,33,25,22000.0,-51000.0,23000.0,-50000.0,22500.0,-50500.0,1000000,1000000.0,1.0,0,103.76323026657346,1.5857439341798207
JB1000_R0033_C0026,1000,33,26,23000.0,-51000.0,24000.0,-50000.0,23500.0,-50500.0,1000000,1000000.0,1.0,0,103.77221683783878,1.5857424499983583
JB1000_R0033_C0027,1000,33,27,24000.0,-51000.0,25000.0,-50000.0,24500.0,-50500.0,1000000,1000000.0,1.0,0,103.78120340909115,1.5857409265642832
JB1000_R0033_C0028,1000,33,28,25000.0,-51000.0,26000.0,-50000.0,25500.0,-50500.0,1000000,1000000.0,1.0,0,103.79018998033018,1.5857393638776336
JB1000_R0033_C0029,1000,33,29,26000.0,-51000.0,27000.0,-50000.0,26500.0,-50500.0,1000000,1000000.0,1.0,0,103.79917655155559,1.5857377619384472
JB1000_R0033_C0030,1000,33,30,27000.0,-51000.0,28000.0,-50000.0,27500.0,-50500.0,1000000,1000000.0,1.0,0,103.808163122767,1.585736120746764
JB1000_R0033_C0031,1000,33,31,28000.0,-51000.0,29000.0,-50000.0,28500.0,-50500.0,1000000,1000000.0,1.0,0,103.81714969396408,1.5857344403026241
JB1000_R0033_C0032,1000,33,32,29000.0,-51000.0,30000.0,-50000.0,29500.0,-50500.0,1000000,1000000.0,1.0,0,103.8261362651465,1.585732720606069
JB1000_R0033_C0033,1000,33,33,30000.0,-51000.0,31000.0,-50000.0,30500.0,-50500.0,1000000,1000000.0,1.0,0,103.83512283631391,1.5857309616571411
JB1000_R0033_C0034,1000,33,34,31000.0,-51000.0,32000.0,-50000.0,31500.0,-50500.0,1000000,1000000.0,1.0,0,103.844109407466,1.5857291634558839
JB1000_R0033_C0035,1000,33,35,32000.0,-51000.0,33000.0,-50000.0,32500.0,-50500.0,1000000,1000000.0,1.0,0,103.8530959786024,1.5857273260023417
JB1000_R0033_C0036,1000,33,36,33000.0,-51000.0,34000.0,-50000.0,33500.0,-50500.0,1000000,1000000.0,1.0,0,103.86208254972276,1.5857254492965591
JB1000_R0033_C0037,1000,33,37,34000.0,-51000.0,35000.0,-50000.0,34500.0,-50500.0,1000000,1000000.0,1.0,0,103.87106912082679,1.5857235333385833
JB1000_R0033_C0038,1000,33,38,35000.0,-51000.0,36000.0,-50000.0,35500.0,-50500.0,1000000,1000000.0,1.0,0,103.8800556919141,1.585721578128461
JB1000_R0033_C0039,1000,33,39,36000.0,-51000.0,37000.0,-50000.0,36500.0,-50500.0,1000000,1000000.0,1.0,0,103.8890422629844,1.5857195836662403
JB1000_R0033_C0040,1000,33,40,37000.0,-51000.0,38000.0,-50000.0,37500.0,-50500.0,1000000,1000000.0,1.0,0,103.89802883403732,1.5857175499519705
JB1000_R0033_C0041,1000,33,41,38000.0,-51000.0,39000.0,-50000.0,38500.0,-50500.0,1000000,1000000.0,1.0,0,103.90701540507251,1.5857154769857018
JB1000_R0033_C0042,1000,33,42,39000.0,-51000.0,40000.0,-50000.0,39500.0,-50500.0,1000000,1000000.0,1.0,0,103.91600197608966,1.585713364767485
JB1000_R0033_C0043,1000,33,43,40000.0,-51000.0,41000.0,-50000.0,40500.0,-50500.0,1000000,1000000.0,1.0,0,103.92498854708842,1.5857112132973725
JB1000_R0033_C0044,1000,33,44,41000.0,-51000.0,42000.0,-50000.0,41500.0,-50500.0,1000000,1000000.0,1.0,0,103.93397511806846,1.5857090225754171
JB1000_R0033_C0045,1000,33,45,42000.0,-51000.0,43000.0,-50000.0,42500.0,-50500.0,1000000,1000000.0,1.0,0,103.94296168902943,1.5857067926016728
JB1000_R0033_C0046,1000,33,46,43000.0,-51000.0,44000.0,-50000.0,43500.0,-50500.0,1000000,1000000.0,1.0,0,103.951948259971,1.5857045233761944
JB1000_R0033_C0047,1000,33,47,44000.0,-51000.0,45000.0,-50000.0,44500.0,-50500.0,1000000,1000000.0,1.0,0,103.96093483089282,1.585702214899038
JB1000_R0033_C0048,1000,33,48,45000.0,-51000.0,46000.0,-50000.0,45500.0,-50500.0,1000000,1000000.0,1.0,0,103.96992140179456,1.5856998671702605
JB1000_R0033_C0049,1000,33,49,46000.0,-51000.0,47000.0,-50000.0,46500.0,-50500.0,1000000,1000000.0,1.0,0,103.97890797267588,1.5856974801899195
JB1000_R0033_C0050,1000,33,50,47000.0,-51000.0,48000.0,-50000.0,47500.0,-50500.0,1000000,983212.5007401636,0.9832125007401636,1,103.98789454353644,1.585695053958074
JB1000_R0033_C0051,1000,33,51,48000.0,-51000.0,49000.0,-50000.0,48500.0,-50500.0,1000000,359966.5195397737,0.3599665195397737,1,103.99688111437591,1.585692588474784
JB1000_R0034_C0013,1000,34,13,10000.0,-50000.0,11000.0,-49000.0,10500.0,-49500.0,1000000,13360.552124754875,0.013360552124754874,1,103.65539240056499,1.5948022357280363
JB1000_R0034_C0014,1000,34,14,11000.0,-50000.0,12000.0,-49000.0,11500.0,-49500.0,1000000,57855.245717195794,0.057855245717195795,1,103.66437901107533,1.59480121679968
JB1000_R0034_C0015,1000,34,15,12000.0,-50000.0,13000.0,-49000.0,12500.0,-49500.0,1000000,658887.042824467,0.658887042824467,1,103.67336562157666,1.5948001583943665
JB1000_R0034_C0016,1000,34,16,13000.0,-50000.0,14000.0,-49000.0,13500.0,-49500.0,1000000,1000000.0,1.0,0,103.68235223206864,1.5947990605121218
JB1000_R0034_C0017,1000,34,17,14000.0,-50000.0,15000.0,-49000.0,14500.0,-49500.0,1000000,1000000.0,1.0,0,103.69133884255092,1.594797923152973
JB1000_R0034_C0018,1000,34,18,15000.0,-50000.0,16000.0,-49000.0,15500.0,-49500.0,1000000,1000000.0,1.0,0,103.70032545302315,1.5947967463169481
JB1000_R0034_C0019,1000,34,19,16000.0,-50000.0,17000.0,-49000.0,16500.0,-49500.0,1000000,1000000.0,1.0,0,103.70931206348502,1.5947955300040761
JB1000_R0034_C0020,1000,34,20,17000.0,-50000.0,18000.0,-49000.0,17500.0,-49500.0,1000000,1000000.0,1.0,0,103.71829867393616,1.5947942742143868
JB1000_R0034_C0021,1000,34,21,18000.0,-50000.0,19000.0,-49000.0,18500.0,-49500.0,1000000,1000000.0,1.0,0,103.72728528437624,1.5947929789479114
JB1000_R0034_C0022,1000,34,22,19000.0,-50000.0,20000.0,-49000.0,19500.0,-49500.0,1000000,1000000.0,1.0,0,103.7362718948049,1.594791644204682
JB1000_R0034_C0023,1000,34,23,20000.0,-50000.0,21000.0,-49000.0,20500.0,-49500.0,1000000,1000000.0,1.0,0,103.74525850522181,1.5947902699847307
JB1000_R0034_C0024,1000,34,24,21000.0,-50000.0,22000.0,-49000.0,21500.0,-49500.0,1000000,1000000.0,1.0,0,103.75424511562663,1.594788856288092
JB1000_R0034_C0025,1000,34,25,22000.0,-50000.0,23000.0,-49000.0,22500.0,-49500.0,1000000,1000000.0,1.0,0,103.76323172601901,1.5947874031148006
JB1000_R0034_C0026,1000,34,26,23000.0,-50000.0,24000.0,-49000.0,23500.0,-49500.0,1000000,1000000.0,1.0,0,103.77221833639862,1.5947859104648923
JB1000_R0034_C0027,1000,34,27,24000.0,-50000.0,25000.0,-49000.0,24500.0,-49500.0,1000000,1000000.0,1.0,0,103.78120494676511,1.594784378338404
JB1000_R0034_C0028,1000,34,28,25000.0,-50000.0,26000.0,-49000.0,25500.0,-49500.0,1000000,1000000.0,1.0,0,103.79019155711815,1.594782806735373
JB1000_R0034_C0029,1000,34,29,26000.0,-50000.0,27000.0,-49000.0,26500.0,-49500.0,1000000,1000000.0,1.0,0,103.79917816745736,1.5947811956558386
JB1000_R0034_C0030,1000,34,30,27000.0,-50000.0,28000.0,-49000.0,27500.0,-49500.0,1000000,1000000.0,1.0,0,103.80816477778244,1.5947795450998399
JB1000_R0034_C0031,1000,34,31,28000.0,-50000.0,29000.0,-49000.0,28500.0,-49500.0,1000000,1000000.0,1.0,0,103.81715138809301,1.5947778550674183
JB1000_R0034_C0032,1000,34,32,29000.0,-50000.0,30000.0,-49000.0,29500.0,-49500.0,1000000,1000000.0,1.0,0,103.82613799838877,1.5947761255586148
JB1000_R0034_C0033,1000,34,33,30000.0,-50000.0,31000.0,-49000.0,30500.0,-49500.0,1000000,1000000.0,1.0,0,103.83512460866933,1.5947743565734724
JB1000_R0034_C0034,1000,34,34,31000.0,-50000.0,32000.0,-49000.0,31500.0,-49500.0,1000000,994152.0127546105,0.9941520127546105,1,103.8441112189344,1.5947725481120345
JB1000_R0034_C0035,1000,34,35,32000.0,-50000.0,33000.0,-49000.0,32500.0,-49500.0,1000000,994210.8295589768,0.9942108295589768,1,103.8530978291836,1.5947707001743459
JB1000_R0034_C0036,1000,34,36,33000.0,-50000.0,34000.0,-49000.0,33500.0,-49500.0,1000000,956007.5928595092,0.9560075928595092,1,103.86208443941659,1.5947688127604516
JB1000_R0034_C0037,1000,34,37,34000.0,-50000.0,35000.0,-49000.0,34500.0,-49500.0,1000000,977767.7411368864,0.9777677411368864,1,103.87107104963304,1.5947668858703983
JB1000_R0034_C0038,1000,34,38,35000.0,-50000.0,36000.0,-49000.0,35500.0,-49500.0,1000000,1000000.0,1.0,0,103.8800576598326,1.594764919504234
JB1000_R0034_C0039,1000,34,39,36000.0,-50000.0,37000.0,-49000.0,36500.0,-49500.0,1000000,1000000.0,1.0,0,103.88904427001494,1.5947629136620065
JB1000_R0034_C0040,1000,34,40,37000.0,-50000.0,38000.0,-49000.0,37500.0,-49500.0,1000000,1000000.0,1.0,0,103.8980308801797,1.5947608683437657
JB1000_R0034_C0041,1000,34,41,38000.0,-50000.0,39000.0,-49000.0,38500.0,-49500.0,1000000,1000000.0,1.0,0,103.90701749032655,1.5947587835495616
JB1000_R0034_C0042,1000,34,42,39000.0,-50000.0,40000.0,-49000.0,39500.0,-49500.0,1000000,1000000.0,1.0,0,103.91600410045514,1.5947566592794458
JB1000_R0034_C0043,1000,34,43,40000.0,-50000.0,41000.0,-49000.0,40500.0,-49500.0,1000000,1000000.0,1.0,0,103.92499071056513,1.5947544955334705
JB1000_R0034_C0044,1000,34,44,41000.0,-50000.0,42000.0,-49000.0,41500.0,-49500.0,1000000,1000000.0,1.0,0,103.93397732065617,1.5947522923116892
JB1000_R0034_C0045,1000,34,45,42000.0,-50000.0,43000.0,-49000.0,42500.0,-49500.0,1000000,1000000.0,1.0,0,103.94296393072794,1.5947500496141562
JB1000_R0034_C0046,1000,34,46,43000.0,-50000.0,44000.0,-49000.0,43500.0,-49500.0,1000000,1000000.0,1.0,0,103.95195054078008,1.5947477674409263
JB1000_R0034_C0047,1000,34,47,44000.0,-50000.0,45000.0,-49000.0,44500.0,-49500.0,1000000,1000000.0,1.0,0,103.96093715081224,1.5947454457920565
JB1000_R0034_C0048,1000,34,48,45000.0,-50000.0,46000.0,-49000.0,45500.0,-49500.0,1000000,1000000.0,1.0,0,103.9699237608241,1.5947430846676032
JB1000_R0034_C0049,1000,34,49,46000.0,-50000.0,47000.0,-49000.0,46500.0,-49500.0,1000000,925109.3400750693,0.9251093400750693,1,103.97891037081531,1.594740684067625
JB1000_R0034_C0050,1000,34,50,47000.0,-50000.0,48000.0,-49000.0,47500.0,-49500.0,1000000,259237.4929843233,0.2592374929843233,1,103.98789698078551,1.5947382439921811
JB1000_R0035_C0015,1000,35,15,12000.0,-49000.0,13000.0,-48000.0,12500.0,-48500.0,1000000,540.9934079206694,0.0005409934079206694,1,103.67336669595507,1.603843698897292
JB1000_R0035_C0016,1000,35,16,13000.0,-49000.0,14000.0,-48000.0,13500.0,-48500.0,1000000,395478.4872861425,0.3954784872861425,1,103.68235334578533,1.6038425947862363
JB1000_R0035_C0017,1000,35,17,14000.0,-49000.0,15000.0,-48000.0,14500.0,-48500.0,1000000,970217.7668234089,0.9702177668234089,1,103.69133999560577,1.6038414509743053
JB1000_R0035_C0018,1000,35,18,15000.0,-49000.0,16000.0,-48000.0,15500.0,-48500.0,1000000,1000000.0,1.0,0,103.70032664541607,1.6038402674615266
JB1000_R0035_C0019,1000,35,19,16000.0,-49000.0,17000.0,-48000.0,16500.0,-48500.0,1000000,1000000.0,1.0,0,103.70931329521588,1.60383904424793
JB1000_R0035_C0020,1000,35,20,17000.0,-49000.0,18000.0,-48000.0,17500.0,-48500.0,1000000,1000000.0,1.0,0,103.71829994500482,1.6038377813335454
JB1000_R0035_C0021,1000,35,21,18000.0,-49000.0,19000.0,-48000.0,18500.0,-48500.0,1000000,1000000.0,1.0,0,103.72728659478258,1.603836478718404
JB1000_R0035_C0022,1000,35,22,19000.0,-49000.0,20000.0,-48000.0,19500.0,-48500.0,1000000,1000000.0,1.0,0,103.7362732445488,1.6038351364025376
JB1000_R0035_C0023,1000,35,23,20000.0,-49000.0,21000.0,-48000.0,20500.0,-48500.0,1000000,1000000.0,1.0,0,103.74525989430315,1.6038337543859797
JB1000_R0035_C0024,1000,35,24,21000.0,-49000.0,22000.0,-48000.0,21500.0,-48500.0,1000000,1000000.0,1.0,0,103.75424654404524,1.603832332668764
JB1000_R0035_C0025,1000,35,25,22000.0,-49000.0,23000.0,-48000.0,22500.0,-48500.0,1000000,1000000.0,1.0,0,103.76323319377478,1.6038308712509257
JB1000_R0035_C0026,1000,35,26,23000.0,-49000.0,24000.0,-48000.0,23500.0,-48500.0,1000000,1000000.0,1.0,0,103.77221984349137,1.6038293701325008
JB1000_R0035_C0027,1000,35,27,24000.0,-49000.0,25000.0,-48000.0,24500.0,-48500.0,1000000,1000000.0,1.0,0,103.78120649319472,1.6038278293135262
JB1000_R0035_C0028,1000,35,28,25000.0,-49000.0,26000.0,-48000.0,25500.0,-48500.0,1000000,1000000.0,1.0,0,103.79019314288445,1.60382624879404
JB1000_R0035_C0029,1000,35,29,26000.0,-49000.0,27000.0,-48000.0,26500.0,-48500.0,1000000,1000000.0,1.0,0,103.7991797925602,1.6038246285740811
JB1000_R0035_C0030,1000,35,30,27000.0,-49000.0,28000.0,-48000.0,27500.0,-48500.0,1000000,1000000.0,1.0,0,103.80816644222165,1.6038229686536893
JB1000_R0035_C0031,1000,35,31,28000.0,-49000.0,29000.0,-48000.0,28500.0,-48500.0,1000000,1000000.0,1.0,0,103.81715309186845,1.6038212690329057
JB1000_R0035_C0032,1000,35,32,29000.0,-49000.0,30000.0,-48000.0,29500.0,-48500.0,1000000,1000000.0,1.0,0,103.82613974150024,1.6038195297117719
JB1000_R0035_C0033,1000,35,33,30000.0,-49000.0,31000.0,-48000.0,30500.0,-48500.0,1000000,930560.8114604205,0.9305608114604205,1,103.83512639111669,1.603817750690331
JB1000_R0035_C0034,1000,35,34,31000.0,-49000.0,32000.0,-48000.0,31500.0,-48500.0,1000000,235777.34646624938,0.23577734646624937,1,103.84411304071743,1.6038159319686267
JB1000_R0035_C0035,1000,35,35,32000.0,-49000.0,33000.0,-48000.0,32500.0,-48500.0,1000000,189600.41562149476,0.18960041562149477,1,103.85309969030214,1.603814073546704
JB1000_R0035_C0036,1000,35,36,33000.0,-49000.0,34000.0,-48000.0,33500.0,-48500.0,1000000,64412.98142526577,0.06441298142526576,1,103.86208633987047,1.6038121754246084
JB1000_R0035_C0037,1000,35,37,34000.0,-49000.0,35000.0,-48000.0,34500.0,-48500.0,1000000,350552.6310548734,0.3505526310548734,1,103.87107298942206,1.603810237602387
JB1000_R0035_C0038,1000,35,38,35000.0,-49000.0,36000.0,-48000.0,35500.0,-48500.0,1000000,466424.17148426233,0.46642417148426235,1,103.88005963895657,1.6038082600800874
JB1000_R0035_C0039,1000,35,39,36000.0,-49000.0,37000.0,-48000.0,36500.0,-48500.0,1000000,935778.4537860946,0.9357784537860946,1,103.88904628847365,1.6038062428577582
JB1000_R0035_C0040,1000,35,40,37000.0,-49000.0,38000.0,-48000.0,37500.0,-48500.0,1000000,1000000.0,1.0,0,103.89803293797297,1.6038041859354493
JB1000_R0035_C0041,1000,35,41,38000.0,-49000.0,39000.0,-48000.0,38500.0,-48500.0,1000000,1000000.0,1.0,0,103.90701958745417,1.6038020893132112
JB1000_R0035_C0042,1000,35,42,39000.0,-49000.0,40000.0,-48000.0,39500.0,-48500.0,1000000,1000000.0,1.0,0,103.91600623691689,1.6037999529910956
JB1000_R0035_C0043,1000,35,43,40000.0,-49000.0,41000.0,-48000.0,40500.0,-48500.0,1000000,1000000.0,1.0,0,103.92499288636081,1.6037977769691552
JB1000_R0035_C0044,1000,35,44,41000.0,-49000.0,42000.0,-48000.0,41500.0,-48500.0,1000000,1000000.0,1.0,0,103.93397953578557,1.6037955612474435
JB1000_R0035_C0045,1000,35,45,42000.0,-49000.0,43000.0,-48000.0,42500.0,-48500.0,1000000,1000000.0,1.0,0,103.94296618519083,1.6037933058260156
JB1000_R0035_C0046,1000,35,46,43000.0,-49000.0,44000.0,-48000.0,43500.0,-48500.0,1000000,1000000.0,1.0,0,103.95195283457625,1.6037910107049265
JB1000_R0035_C0047,1000,35,47,44000.0,-49000.0,45000.0,-48000.0,44500.0,-48500.0,1000000,1000000.0,1.0,0,103.96093948394146,1.6037886758842328
JB1000_R0035_C0048,1000,35,48,45000.0,-49000.0,46000.0,-48000.0,45500.0,-48500.0,1000000,1000000.0,1.0,0,103.96992613328612,1.6037863013639921
JB1000_R0035_C0049,1000,35,49,46000.0,-49000.0,47000.0,-48000.0,46500.0,-48500.0,1000000,315986.7457253838,0.3159867457253838,1,103.97891278260991,1.6037838871442631
JB1000_R0036_C0016,1000,36,16,13000.0,-48000.0,14000.0,-47000.0,13500.0,-47500.0,1000000,181103.15188881656,0.18110315188881657,1,103.68235446580783,1.6128861282575266
JB1000_R0036_C0017,1000,36,17,14000.0,-48000.0,15000.0,-47000.0,14500.0,-47500.0,1000000,761769.4170842984,0.7617694170842985,1,103.69134115518918,1.612884977992759
JB1000_R0036_C0018,1000,36,18,15000.0,-48000.0,16000.0,-47000.0,15500.0,-47500.0,1000000,663785.1328760572,0.6637851328760572,1,103.70032784456026,1.612883787803171
JB1000_R0036_C0019,1000,36,19,16000.0,-48000.0,17000.0,-47000.0,16500.0,-47500.0,1000000,1000000.0,1.0,0,103.70931453392072,1.6128825576887917
JB1000_R0036_C0020,1000,36,20,17000.0,-48000.0,18000.0,-47000.0,17500.0,-47500.0,1000000,1000000.0,1.0,0,103.71830122327022,1.612881287649652
JB1000_R0036_C0021,1000,36,21,18000.0,-48000.0,19000.0,-47000.0,18500.0,-47500.0,1000000,1000000.0,1.0,0,103.72728791260838,1.6128799776857827
JB1000_R0036_C0022,1000,36,22,19000.0,-48000.0,20000.0,-47000.0,19500.0,-47500.0,1000000,1000000.0,1.0,0,103.7362746019349,1.6128786277972162
JB1000_R0036_C0023,1000,36,23,20000.0,-48000.0,21000.0,-47000.0,20500.0,-47500.0,1000000,1000000.0,1.0,0,103.74526129124938,1.612877237983986
JB1000_R0036_C0024,1000,36,24,21000.0,-48000.0,22000.0,-47000.0,21500.0,-47500.0,1000000,1000000.0,1.0,0,103.7542479805515,1.6128758082461259
JB1000_R0036_C0025,1000,36,25,22000.0,-48000.0,23000.0,-47000.0,22500.0,-47500.0,1000000,1000000.0,1.0,0,103.7632346698409,1.6128743385836715
JB1000_R0036_C0026,1000,36,26,23000.0,-48000.0,24000.0,-47000.0,23500.0,-47500.0,1000000,1000000.0,1.0,0,103.77222135911722,1.612872828996659
JB1000_R0036_C0027,1000,36,27,24000.0,-48000.0,25000.0,-47000.0,24500.0,-47500.0,1000000,1000000.0,1.0,0,103.78120804838014,1.6128712794851252
JB1000_R0036_C0028,1000,36,28,25000.0,-48000.0,26000.0,-47000.0,25500.0,-47500.0,1000000,1000000.0,1.0,0,103.79019473762928,1.6128696900491089
JB1000_R0036_C0029,1000,36,29,26000.0,-48000.0,27000.0,-47000.0,26500.0,-47500.0,1000000,1000000.0,1.0,0,103.7991814268643,1.6128680606886485
JB1000_R0036_C0030,1000,36,30,27000.0,-48000.0,28000.0,-47000.0,27500.0,-47500.0,1000000,1000000.0,1.0,0,103.80816811608484,1.6128663914037846
JB1000_R0036_C0031,1000,36,31,28000.0,-48000.0,29000.0,-47000.0,28500.0,-47500.0,1000000,1000000.0,1.0,0,103.81715480529057,1.6128646821945587
JB1000_R0036_C0032,1000,36,32,29000.0,-48000.0,30000.0,-47000.0,29500.0,-47500.0,1000000,906295.3636635178,0.9062953636635177,1,103.82614149448113,1.6128629330610122
JB1000_R0036_C0033,1000,36,33,30000.0,-48000.0,31000.0,-47000.0,30500.0,-47500.0,1000000,178337.21381694998,0.17833721381694997,1,103.83512818365615,1.6128611440031888
JB1000_R0036_C0039,1000,36,39,36000.0,-48000.0,37000.0,-47000.0,36500.0,-47500.0,1000000,318298.0090016336,0.31829800900163363,1,103.8890483183608,1.6128495712489639
JB1000_R0036_C0040,1000,36,40,37000.0,-48000.0,38000.0,-47000.0,37500.0,-47500.0,1000000,997596.9154324146,0.9975969154324146,1,103.89803500741739,1.6128475027224896
JB1000_R0036_C0041,1000,36,41,38000.0,-48000.0,39000.0,-47000.0,38500.0,-47500.0,1000000,1000000.0,1.0,0,103.90702169645564,1.6128453942721181
JB1000_R0036_C0042,1000,36,42,39000.0,-48000.0,40000.0,-47000.0,39500.0,-47500.0,1000000,1000000.0,1.0,0,103.91600838547521,1.6128432458979016
JB1000_R0036_C0043,1000,36,43,40000.0,-48000.0,41000.0,-47000.0,40500.0,-47500.0,1000000,1000000.0,1.0,0,103.92499507447577,1.6128410575998933
JB1000_R0036_C0044,1000,36,44,41000.0,-48000.0,42000.0,-47000.0,41500.0,-47500.0,1000000,1000000.0,1.0,0,103.93398176345696,1.6128388293781466
JB1000_R0036_C0045,1000,36,45,42000.0,-48000.0,43000.0,-47000.0,42500.0,-47500.0,1000000,1000000.0,1.0,0,103.94296845241841,1.6128365612327165
JB1000_R0036_C0046,1000,36,46,43000.0,-48000.0,44000.0,-47000.0,43500.0,-47500.0,1000000,1000000.0,1.0,0,103.95195514135979,1.6128342531636592
JB1000_R0036_C0047,1000,36,47,44000.0,-48000.0,45000.0,-47000.0,44500.0,-47500.0,1000000,1000000.0,1.0,0,103.96094183028075,1.6128319051710314
JB1000_R0036_C0048,1000,36,48,45000.0,-48000.0,46000.0,-47000.0,45500.0,-47500.0,1000000,866733.2921212679,0.8667332921212679,1,103.96992851918093,1.612829517254891
JB1000_R0036_C0049,1000,36,49,46000.0,-48000.0,47000.0,-47000.0,46500.0,-47500.0,1000000,10088.421760089452,0.010088421760089452,1,103.97891520805999,1.6128270894152967
JB1000_R0037_C0016,1000,37,16,13000.0,-47000.0,14000.0,-46000.0,13500.0,-46500.0,1000000,865.3701851556946,0.0008653701851556946,1,103.68235559213629,1.62192966092147
JB1000_R0037_C0017,1000,37,17,14000.0,-47000.0,15000.0,-46000.0,14500.0,-46500.0,1000000,46624.696083866154,0.04662469608386616,1,103.69134232130128,1.6219285042038114
JB1000_R0037_C0018,1000,37,18,15000.0,-47000.0,16000.0,-46000.0,15500.0,-46500.0,1000000,480442.4594601236,0.4804424594601236,1,103.70032905045588,1.6219273073373575
JB1000_R0037_C0019,1000,37,19,16000.0,-47000.0,17000.0,-46000.0,16500.0,-46500.0,1000000,977301.540350993,0.977301540350993,1,103.70931577959973,1.6219260703221376
JB1000_R0037_C0020,1000,37,20,17000.0,-47000.0,18000.0,-46000.0,17500.0,-46500.0,1000000,1000000.0,1.0,0,103.71830250873249,1.6219247931581824
JB1000_R0037_C0021,1000,37,21,18000.0,-47000.0,19000.0,-46000.0,18500.0,-46500.0,1000000,1000000.0,1.0,0,103.72728923785382,1.6219234758455232
JB1000_R0037_C0022,1000,37,22,19000.0,-47000.0,20000.0,-46000.0,19500.0,-46500.0,1000000,1000000.0,1.0,0,103.73627596696335,1.6219221183841928
JB1000_R0037_C0023,1000,37,23,20000.0,-47000.0,21000.0,-46000.0,20500.0,-46500.0,1000000,1000000.0,1.0,0,103.74526269606072,1.6219207207742243
JB1000_R0037_C0024,1000,37,24,21000.0,-47000.0,22000.0,-46000.0,21500.0,-46500.0,1000000,1000000.0,1.0,0,103.75424942514557,1.6219192830156521
JB1000_R0037_C0025,1000,37,25,22000.0,-47000.0,23000.0,-46000.0,22500.0,-46500.0,1000000,1000000.0,1.0,0,103.76323615421757,1.621917805108512
JB1000_R0037_C0026,1000,37,26,23000.0,-47000.0,24000.0,-46000.0,23500.0,-46500.0,1000000,1000000.0,1.0,0,103.77222288327636,1.6219162870528403
JB1000_R0037_C0027,1000,37,27,24000.0,-47000.0,25000.0,-46000.0,24500.0,-46500.0,1000000,1000000.0,1.0,0,103.78120961232156,1.621914728848674
JB1000_R0037_C0028,1000,37,28,25000.0,-47000.0,26000.0,-46000.0,25500.0,-46500.0,1000000,1000000.0,1.0,0,103.79019634135284,1.621913130496052
JB1000_R0037_C0029,1000,37,29,26000.0,-47000.0,27000.0,-46000.0,26500.0,-46500.0,1000000,1000000.0,1.0,0,103.79918307036985,1.6219114919950133
JB1000_R0037_C0030,1000,37,30,27000.0,-47000.0,28000.0,-46000.0,27500.0,-46500.0,1000000,999929.1989073283,0.9999291989073283,1,103.80816979937224,1.6219098133455985
JB1000_R0037_C0031,1000,37,31,28000.0,-47000.0,29000.0,-46000.0,28500.0,-46500.0,1000000,789068.608110127,0.789068608110127,1,103.81715652835962,1.621908094547849
JB1000_R0037_C0032,1000,37,32,29000.0,-47000.0,30000.0,-46000.0,29500.0,-46500.0,1000000,135082.73198391747,0.1350827319839175,1,103.82614325733165,1.6219063356018073
JB1000_R0037_C0038,1000,37,38,35000.0,-47000.0,36000.0,-46000.0,35500.0,-46500.0,1000000,5794.691448697869,0.005794691448697869,1,103.8800636308219,1.6218949388139112
JB1000_R0037_C0039,1000,37,39,36000.0,-47000.0,37000.0,-46000.0,36500.0,-46500.0,1000000,452784.7529807235,0.4527847529807235,1,103.88905035967663,1.6218928988310914
JB1000_R0037_C0040,1000,37,40,37000.0,-47000.0,38000.0,-46000.0,37500.0,-46500.0,1000000,986200.4481608006,0.9862004481608007,1,103.89803708851318,1.6218908187003536
JB1000_R0037_C0041,1000,37,41,38000.0,-47000.0,39000.0,-46000.0,38500.0,-46500.0,1000000,1000000.0,1.0,0,103.90702381733122,1.621888698421749
JB1000_R0037_C0042,1000,37,42,39000.0,-47000.0,40000.0,-46000.0,39500.0,-46500.0,1000000,1000000.0,1.0,0,103.91601054613035,1.6218865379953298
JB1000_R0037_C0043,1000,37,43,40000.0,-47000.0,41000.0,-46000.0,40500.0,-46500.0,1000000,1000000.0,1.0,0,103.92499727491025,1.6218843374211496
JB1000_R0037_C0044,1000,37,44,41000.0,-47000.0,42000.0,-46000.0,41500.0,-46500.0,1000000,1000000.0,1.0,0,103.93398400367056,1.621882096699262
JB1000_R0037_C0045,1000,37,45,42000.0,-47000.0,43000.0,-46000.0,42500.0,-46500.0,1000000,1000000.0,1.0,0,103.94297073241093,1.621879815829723
JB1000_R0037_C0046,1000,37,46,43000.0,-47000.0,44000.0,-46000.0,43500.0,-46500.0,1000000,1000000.0,1.0,0,103.95195746113099,1.621877494812588
JB1000_R0037_C0047,1000,37,47,44000.0,-47000.0,45000.0,-46000.0,44500.0,-46500.0,1000000,1000000.0,1.0,0,103.9609441898304,1.6218751336479151
JB1000_R0037_C0048,1000,37,48,45000.0,-47000.0,46000.0,-46000.0,45500.0,-46500.0,1000000,739960.1880916489,0.7399601880916489,1,103.9699309185088,1.6218727323357616
JB1000_R0038_C0019,1000,38,19,16000.0,-46000.0,17000.0,-45000.0,16500.0,-45500.0,1000000,182480.20883931653,0.18248020883931654,1,103.70931703225305,1.6309695821434451
JB1000_R0038_C0020,1000,38,20,17000.0,-46000.0,18000.0,-45000.0,17500.0,-45500.0,1000000,850737.9644688732,0.8507379644688732,1,103.71830380139184,1.630968297854614
JB1000_R0038_C0021,1000,38,21,18000.0,-46000.0,19000.0,-45000.0,18500.0,-45500.0,1000000,1000000.0,1.0,0,103.72729057051905,1.6309669731931027
JB1000_R0038_C0022,1000,38,22,19000.0,-46000.0,20000.0,-45000.0,19500.0,-45500.0,1000000,1000000.0,1.0,0,103.73627733963433,1.6309656081589439
JB1000_R0038_C0023,1000,38,23,20000.0,-46000.0,21000.0,-45000.0,20500.0,-45500.0,1000000,1000000.0,1.0,0,103.74526410873732,1.630964202752171
JB1000_R0038_C0024,1000,38,24,21000.0,-46000.0,22000.0,-45000.0,21500.0,-45500.0,1000000,1000000.0,1.0,0,103.75425087782766,1.6309627569728187
JB1000_R0038_C0025,1000,38,25,22000.0,-46000.0,23000.0,-45000.0,22500.0,-45500.0,1000000,1000000.0,1.0,0,103.76323764690498,1.6309612708209227
JB1000_R0038_C0026,1000,38,26,23000.0,-46000.0,24000.0,-45000.0,23500.0,-45500.0,1000000,1000000.0,1.0,0,103.77222441596896,1.6309597442965198
JB1000_R0038_C0027,1000,38,27,24000.0,-46000.0,25000.0,-45000.0,24500.0,-45500.0,1000000,1000000.0,1.0,0,103.7812111850192,1.6309581773996473
JB1000_R0038_C0028,1000,38,28,25000.0,-46000.0,26000.0,-45000.0,25500.0,-45500.0,1000000,749247.2608711424,0.7492472608711424,1,103.79019795405536,1.6309565701303441
JB1000_R0038_C0029,1000,38,29,26000.0,-46000.0,27000.0,-45000.0,26500.0,-45500.0,1000000,537725.1793879769,0.5377251793879769,1,103.79918472307709,1.6309549224886495
JB1000_R0038_C0030,1000,38,30,27000.0,-46000.0,28000.0,-45000.0,27500.0,-45500.0,1000000,184722.56435263625,0.18472256435263626,1,103.80817149208401,1.6309532344746043
JB1000_R0038_C0038,1000,38,38,35000.0,-46000.0,36000.0,-45000.0,35500.0,-45500.0,1000000,432973.8644606754,0.4329738644606754,1,103.88006564356374,1.6309382769628196
JB1000_R0038_C0039,1000,38,39,36000.0,-46000.0,37000.0,-45000.0,36500.0,-45500.0,1000000,1000000.0,1.0,0,103.88905241242139,1.6309362255996096
JB1000_R0038_C0040,1000,38,40,37000.0,-46000.0,38000.0,-45000.0,37500.0,-45500.0,1000000,1000000.0,1.0,0,103.89803918126063,1.6309341338645098
JB1000_R0038_C0041,1000,38,41,38000.0,-46000.0,39000.0,-45000.0,38500.0,-45500.0,1000000,1000000.0,1.0,0,103.90702595008115,1.6309320017575715
JB1000_R0038_C0042,1000,38,42,39000.0,-46000.0,40000.0,-45000.0,39500.0,-45500.0,1000000,1000000.0,1.0,0,103.91601271888257,1.6309298292788474
JB1000_R0038_C0043,1000,38,43,40000.0,-46000.0,41000.0,-45000.0,40500.0,-45500.0,1000000,1000000.0,1.0,0,103.92499948766455,1.630927616428391
JB1000_R0038_C0044,1000,38,44,41000.0,-46000.0,42000.0,-45000.0,41500.0,-45500.0,1000000,1000000.0,1.0,0,103.93398625642669,1.6309253632062568
JB1000_R0038_C0045,1000,38,45,42000.0,-46000.0,43000.0,-45000.0,42500.0,-45500.0,1000000,1000000.0,1.0,0,103.94297302516868,1.6309230696125003
JB1000_R0038_C0046,1000,38,46,43000.0,-46000.0,44000.0,-45000.0,43500.0,-45500.0,1000000,1000000.0,1.0,0,103.95195979389014,1.6309207356471782
JB1000_R0038_C0047,1000,38,47,44000.0,-46000.0,45000.0,-45000.0,44500.0,-45500.0,1000000,1000000.0,1.0,0,103.96094656259072,1.6309183613103477
JB1000_R0038_C0048,1000,38,48,45000.0,-46000.0,46000.0,-45000.0,45500.0,-45500.0,1000000,803791.9124644434,0.8037919124644434,1,103.96993333127004,1.6309159466020677
JB1000_R0039_C0020,1000,39,20,17000.0,-45000.0,18000.0,-44000.0,17500.0,-44500.0,1000000,51654.05416415793,0.051654054164157935,1,103.71830510124839,1.6400118017344236
JB1000_R0039_C0021,1000,39,21,18000.0,-45000.0,19000.0,-44000.0,18500.0,-44500.0,1000000,394800.7201216155,0.3948007201216155,1,103.72729191060422,1.6400104697239974
JB1000_R0039_C0022,1000,39,22,19000.0,-45000.0,20000.0,-44000.0,19500.0,-44500.0,1000000,694262.2259452727,0.6942622259452728,1,103.736278719948,1.6400090971169454
JB1000_R0039_C0023,1000,39,23,20000.0,-45000.0,21000.0,-44000.0,20500.0,-44500.0,1000000,1000000.0,1.0,0,103.74526552927935,1.6400076839133015
JB1000_R0039_C0024,1000,39,24,21000.0,-45000.0,22000.0,-44000.0,21500.0,-44500.0,1000000,1000000.0,1.0,0,103.75425233859791,1.6400062301131009
JB1000_R0039_C0025,1000,39,25,22000.0,-45000.0,23000.0,-44000.0,22500.0,-44500.0,1000000,1000000.0,1.0,0,103.76323914790332,1.6400047357163787
JB1000_R0039_C0026,1000,39,26,23000.0,-45000.0,24000.0,-44000.0,23500.0,-44500.0,1000000,865604.0524706839,0.865604052470684,1,103.7722259571952,1.6400032007231722
JB1000_R0039_C0027,1000,39,27,24000.0,-45000.0,25000.0,-44000.0,24500.0,-44500.0,1000000,298790.5763035225,0.2987905763035225,1,103.78121276647323,1.6400016251335192
JB1000_R0039_C0028,1000,39,28,25000.0,-45000.0,26000.0,-44000.0,25500.0,-44500.0,1000000,27420.23028350292,0.02742023028350292,1,103.790199575737,1.6400000089474587
JB1000_R0039_C0038,1000,39,38,35000.0,-45000.0,36000.0,-44000.0,35500.0,-44500.0,1000000,9327.773534358492,0.009327773534358492,1,103.88006766751205,1.6399816142936836
JB1000_R0039_C0039,1000,39,39,36000.0,-45000.0,37000.0,-44000.0,36500.0,-44500.0,1000000,591957.6480807527,0.5919576480807527,1,103.8890544765953,1.6399795515499866
JB1000_R0039_C0040,1000,39,40,37000.0,-45000.0,38000.0,-44000.0,37500.0,-44500.0,1000000,1000000.0,1.0,0,103.89804128566,1.6399774482104257
JB1000_R0039_C0041,1000,39,41,38000.0,-45000.0,39000.0,-44000.0,38500.0,-44500.0,1000000,1000000.0,1.0,0,103.90702809470572,1.6399753042750527
JB1000_R0039_C0042,1000,39,42,39000.0,-45000.0,40000.0,-44000.0,39500.0,-44500.0,1000000,1000000.0,1.0,0,103.91601490373215,1.639973119743921
JB1000_R0039_C0043,1000,39,43,40000.0,-45000.0,41000.0,-44000.0,40500.0,-44500.0,1000000,1000000.0,1.0,0,103.9250017127389,1.6399708946170837
JB1000_R0039_C0044,1000,39,44,41000.0,-45000.0,42000.0,-44000.0,41500.0,-44500.0,1000000,1000000.0,1.0,0,103.93398852172562,1.6399686288945958
JB1000_R0039_C0045,1000,39,45,42000.0,-45000.0,43000.0,-44000.0,42500.0,-44500.0,1000000,1000000.0,1.0,0,103.94297533069195,1.6399663225765135
JB1000_R0039_C0046,1000,39,46,43000.0,-45000.0,44000.0,-44000.0,43500.0,-44500.0,1000000,1000000.0,1.0,0,103.95196213963753,1.6399639756628936
JB1000_R0039_C0047,1000,39,47,44000.0,-45000.0,45000.0,-44000.0,44500.0,-44500.0,1000000,999257.8086225442,0.9992578086225442,1,103.96094894856198,1.6399615881537934
JB1000_R0039_C0048,1000,39,48,45000.0,-45000.0,46000.0,-44000.0,45500.0,-44500.0,1000000,798578.8564703603,0.7985788564703603,1,103.96993575746494,1.6399591600492724
JB1000_R0040_C0021,1000,40,21,18000.0,-44000.0,19000.0,-43000.0,18500.0,-43500.0,1000000,131708.68634427374,0.13170868634427374,1,103.72729325810953,1.6490539654336835
JB1000_R0040_C0022,1000,40,22,19000.0,-44000.0,20000.0,-43000.0,19500.0,-43500.0,1000000,939192.024000564,0.939192024000564,1,103.73628010790455,1.6490525852536735
JB1000_R0040_C0023,1000,40,23,20000.0,-44000.0,21000.0,-43000.0,20500.0,-43500.0,1000000,1000000.0,1.0,0,103.74526695768701,1.6490511642530918
JB1000_R0040_C0024,1000,40,24,21000.0,-44000.0,22000.0,-43000.0,21500.0,-43500.0,1000000,1000000.0,1.0,0,103.75425380745652,1.6490497024319735
JB1000_R0040_C0025,1000,40,25,22000.0,-44000.0,23000.0,-43000.0,22500.0,-43500.0,1000000,1000000.0,1.0,0,103.76324065721275,1.6490481997903546
JB1000_R0040_C0026,1000,40,26,23000.0,-44000.0,24000.0,-43000.0,23500.0,-43500.0,1000000,737040.1039337036,0.7370401039337037,1,103.77222750695532,1.649046656328272
JB1000_R0040_C0039,1000,40,39,36000.0,-44000.0,37000.0,-43000.0,36500.0,-43500.0,1000000,23546.106812054237,0.023546106812054237,1,103.88905655219868,1.6490228766776907
JB1000_R0040_C0040,1000,40,40,37000.0,-44000.0,38000.0,-43000.0,37500.0,-43500.0,1000000,800118.5761551702,0.8001185761551702,1,103.8980434017115,1.649020761733569
JB1000_R0040_C0041,1000,40,41,38000.0,-44000.0,39000.0,-43000.0,38500.0,-43500.0,1000000,1000000.0,1.0,0,103.90703025120519,1.64901860596966
JB1000_R0040_C0042,1000,40,42,39000.0,-44000.0,40000.0,-43000.0,39500.0,-43500.0,1000000,1000000.0,1.0,0,103.91601710067934,1.649016409386017
JB1000_R0040_C0043,1000,40,43,40000.0,-44000.0,41000.0,-43000.0,40500.0,-43500.0,1000000,1000000.0,1.0,0,103.92500395013361,1.6490141719826936
JB1000_R0040_C0044,1000,40,44,41000.0,-44000.0,42000.0,-43000.0,41500.0,-43500.0,1000000,1000000.0,1.0,0,103.93399079956762,1.649011893759745
JB1000_R0040_C0045,1000,40,45,42000.0,-44000.0,43000.0,-43000.0,42500.0,-43500.0,1000000,935627.9509065192,0.9356279509065192,1,103.94297764898101,1.6490095747172275
JB1000_R0040_C0046,1000,40,46,43000.0,-44000.0,44000.0,-43000.0,43500.0,-43500.0,1000000,710195.9788408803,0.7101959788408804,1,103.95196449837341,1.6490072148551984
JB1000_R0040_C0047,1000,40,47,44000.0,-44000.0,45000.0,-43000.0,44500.0,-43500.0,1000000,93828.7962166872,0.0938287962166872,1,103.96095134774447,1.6490048141737155
JB1000_R0041_C0021,1000,41,21,18000.0,-43000.0,19000.0,-42000.0,18500.0,-42500.0,1000000,728323.5554710142,0.7283235554710142,1,103.72729461303511,1.6580974603176386
JB1000_R0041_C0022,1000,41,22,19000.0,-43000.0,20000.0,-42000.0,19500.0,-42500.0,1000000,1000000.0,1.0,0,103.73628150350413,1.6580960725646052
JB1000_R0041_C0023,1000,41,23,20000.0,-43000.0,21000.0,-42000.0,20500.0,-42500.0,1000000,1000000.0,1.0,0,103.74526839396043,1.6580946437670183
JB1000_R0041_C0024,1000,41,24,21000.0,-43000.0,22000.0,-42000.0,21500.0,-42500.0,1000000,1000000.0,1.0,0,103.75425528440367,1.6580931739249132
JB1000_R0041_C0025,1000,41,25,22000.0,-43000.0,23000.0,-42000.0,22500.0,-42500.0,1000000,837484.7348940739,0.8374847348940739,1,103.76324217483347,1.6580916630383262
JB1000_R0041_C0026,1000,41,26,23000.0,-43000.0,24000.0,-42000.0,23500.0,-42500.0,1000000,442280.0621880513,0.44228006218805127,1,103.77222906524945,1.6580901111072945
JB1000_R0041_C0040,1000,41,40,37000.0,-43000.0,38000.0,-42000.0,37500.0,-42500.0,1000000,473299.8290360405,0.4732998290360405,1,103.89804552941546,1.6580640744294088
JB1000_R0041_C0041,1000,41,41,38000.0,-43000.0,39000.0,-42000.0,38500.0,-42500.0,1000000,1000000.0,1.0,0,103.9070324195798,1.6580619068368616
JB1000_R0041_C0042,1000,41,42,39000.0,-43000.0,40000.0,-42000.0,39500.0,-42500.0,1000000,1000000.0,1.0,0,103.91601930972443,1.6580596982006028
JB1000_R0041_C0043,1000,41,43,40000.0,-43000.0,41000.0,-42000.0,40500.0,-42500.0,1000000,833498.3789175,0.8334983789175,1,103.92500619984894,1.6580574485206874
JB1000_R0041_C0044,1000,41,44,41000.0,-43000.0,42000.0,-42000.0,41500.0,-42500.0,1000000,102149.40901930172,0.10214940901930172,1,103.93399308995298,1.65805515779717
JB1000_R0041_C0045,1000,41,45,42000.0,-43000.0,43000.0,-42000.0,42500.0,-42500.0,1000000,12639.822554622304,0.012639822554622303,1,103.94297998003617,1.6580528260301077
JB1000_R0042_C0021,1000,42,21,18000.0,-42000.0,19000.0,-41000.0,18500.0,-41500.0,1000000,83144.17119050039,0.0831441711905004,1,103.72729597538115,1.667140954371339
JB1000_R0042_C0022,1000,42,22,19000.0,-42000.0,20000.0,-41000.0,19500.0,-41500.0,1000000,595464.8614113956,0.5954648614113957,1,103.73628290674692,1.667139559045216
JB1000_R0042_C0023,1000,42,23,20000.0,-42000.0,21000.0,-41000.0,20500.0,-41500.0,1000000,736930.0073741684,0.7369300073741684,1,103.74526983809984,1.6671381224505564
JB1000_R0042_C0024,1000,42,24,21000.0,-42000.0,22000.0,-41000.0,21500.0,-41500.0,1000000,595919.3411511704,0.5959193411511704,1,103.75425676943955,1.667136644587395
JB1000_R0042_C0025,1000,42,25,22000.0,-42000.0,23000.0,-41000.0,22500.0,-41500.0,1000000,348739.23984027805,0.34873923984027805,1,103.76324370076567,1.6671351254557683
JB1000_R0042_C0040,1000,42,40,37000.0,-42000.0,38000.0,-41000.0,37500.0,-41500.0,1000000,192148.96405171204,0.19214896405171203,1,103.8980476687721,1.667107386293412
JB1000_R0042_C0041,1000,42,41,38000.0,-42000.0,39000.0,-41000.0,38500.0,-41500.0,1000000,873004.7024010888,0.8730047024010887,1,103.90703459982987,1.6671052068721242
JB1000_R0042_C0042,1000,42,42,39000.0,-42000.0,40000.0,-41000.0,39500.0,-41500.0,1000000,757324.8715262836,0.7573248715262836,1,103.91602153086768,1.6671029861831455
JB1000_R0042_C0043,1000,42,43,40000.0,-42000.0,41000.0,-41000.0,40500.0,-41500.0,1000000,285255.9150339476,0.2852559150339476,1,103.92500846188518,1.6671007242265312
JB1000_R0043_C0041,1000,43,41,38000.0,-41000.0,39000.0,-40000.0,38500.0,-40500.0,1000000,44434.89481704705,0.044434894817047044,1,103.9070367919556,1.6761485060709154
JB1000_R0043_C0042,1000,43,42,39000.0,-41000.0,40000.0,-40000.0,39500.0,-40500.0,1000000,28553.30544860569,0.02855330544860569,1,103.91602376410937,1.6761462733291117
