grid_id,grid_m,row_id,col_id,x_min,y_min,x_max,y_max,center_x,center_y,full_area_m2,inside_area_m2,coverage_frac,is_edge,center_lon,center_lat
JB0500_R0001_C0015,500,1,15,4500.0,-83500.0,5000.0,-83000.0,4750.0,-83250.0,250000,31167.41869601966,0.12466967478407864,1,103.60369597351068,1.289586024606069
JB0500_R0001_C0016,500,1,16,5000.0,-83500.0,5500.0,-83000.0,5250.0,-83250.0,250000,83428.62711374275,0.333714508454971,1,103.60818868023401,1.2895857084377895
JB0500_R0002_C0014,500,2,14,4000.0,-83000.0,4500.0,-82500.0,4250.0,-82750.0,250000,33823.45725830674,0.13529382903322698,1,103.59920356955499,1.2941081367631275
JB0500_R0002_C0015,500,2,15,4500.0,-83000.0,5000.0,-82500.0,4750.0,-82750.0,250000,219951.39652288647,0.8798055860915459,1,103.60369628422161,1.2941078274936297
JB0500_R0002_C0016,500,2,16,5000.0,-83000.0,5500.0,-82500.0,5250.0,-82750.0,250000,178897.108592588,0.7155884343703519,1,103.60818899888713,1.2941075102163768
JB0500_R0003_C0013,500,3,13,3500.0,-82500.0,4000.0,-82000.0,3750.0,-82250.0,250000,36588.0878159483,0.1463523512637932,1,103.5947111507467,1.298630242884519
JB0500_R0003_C0014,500,3,14,4000.0,-82500.0,4500.0,-82000.0,4250.0,-82250.0,250000,222451.71901304537,0.8898068760521815,1,103.59920387338441,1.2986299405697803
JB0500_R0003_C0015,500,3,15,4500.0,-82500.0,5000.0,-82000.0,4750.0,-82250.0,250000,250000.0,1.0,0,103.60369659602104,1.2986296302192948
JB0500_R0003_C0016,500,3,16,5000.0,-82500.0,5500.0,-82000.0,5250.0,-82250.0,250000,239336.3835792225,0.9573455343168901,1,103.60818931865656,1.2986293118330645
JB0500_R0003_C0017,500,3,17,5500.0,-82500.0,6000.0,-82000.0,5750.0,-82250.0,250000,6307.35529248022,0.025229421169920878,1,103.61268204129094,1.2986289854110915
JB0500_R0004_C0012,500,4,12,3000.0,-82000.0,3500.0,-81500.0,3250.0,-81750.0,250000,39461.310368944396,0.15784524147577758,1,103.59021871700234,1.303152342885719
JB0500_R0004_C0013,500,4,13,3500.0,-82000.0,4000.0,-81500.0,3750.0,-81750.0,250000,224843.44950784967,0.8993737980313987,1,103.59471144763894,1.3031520475817169
JB0500_R0004_C0014,500,4,14,4000.0,-82000.0,4500.0,-81500.0,4250.0,-81750.0,250000,250000.0,1.0,0,103.5992041782745,1.3031517442139764
JB0500_R0004_C0015,500,4,15,4500.0,-82000.0,5000.0,-81500.0,4750.0,-81750.0,250000,250000.0,1.0,0,103.60369690890896,1.3031514327824996
JB0500_R0004_C0016,500,4,16,5000.0,-82000.0,5500.0,-81500.0,5250.0,-81750.0,250000,250000.0,1.0,0,103.6081896395423,1.3031511132872884
JB0500_R0004_C0017,500,4,17,5500.0,-82000.0,6000.0,-81500.0,5750.0,-81750.0,250000,62390.36915081783,0.24956147660327133,1,103.61268237017451,1.3031507857283446
JB0500_R0005_C0011,500,5,11,2500.0,-81500.0,3000.0,-81000.0,2750.0,-81250.0,250000,42443.124917295034,0.16977249966918015,1,103.58572626823847,1.3076744366822024
JB0500_R0005_C0012,500,5,12,3000.0,-81500.0,3500.0,-81000.0,3250.0,-81250.0,250000,227126.58800729943,0.9085063520291977,1,103.59021900690179,1.307674148444914
JB0500_R0005_C0013,500,5,13,3500.0,-81500.0,4000.0,-81000.0,3750.0,-81250.0,250000,250000.0,1.0,0,103.59471174556406,1.307673852115896
JB0500_R0005_C0014,500,5,14,4000.0,-81500.0,4500.0,-81000.0,4250.0,-81250.0,250000,250000.0,1.0,0,103.59920448422528,1.30767354769515
JB0500_R0005_C0015,500,5,15,4500.0,-81500.0,5000.0,-81000.0,4750.0,-81250.0,250000,250000.0,1.0,0,103.60369722288539,1.3076732351826779
JB0500_R0005_C0016,500,5,16,5000.0,-81500.0,5500.0,-81000.0,5250.0,-81250.0,250000,250000.0,1.0,0,103.60818996154438,1.307672914578482
JB0500_R0005_C0017,500,5,17,5500.0,-81500.0,6000.0,-81000.0,5750.0,-81250.0,250000,129136.99942993275,0.516547997719731,1,103.61268270020221,1.307672585882564
JB0500_R0006_C0010,500,6,10,2000.0,-81000.0,2500.0,-80500.0,2250.0,-80750.0,250000,45533.57494751427,0.1821342997900571,1,103.58123380437162,1.3121965241894429
JB0500_R0006_C0011,500,6,11,2500.0,-81000.0,3000.0,-80500.0,2750.0,-80750.0,250000,229301.13451139466,0.9172045380455787,1,103.58572655108945,1.3121962430748462
JB0500_R0006_C0012,500,6,12,3000.0,-81000.0,3500.0,-80500.0,3250.0,-80750.0,250000,250000.0,1.0,0,103.59021929780629,1.3121959538405283
JB0500_R0006_C0013,500,6,13,3500.0,-81000.0,4000.0,-80500.0,3750.0,-80750.0,250000,250000.0,1.0,0,103.59471204452205,1.312195656486491
JB0500_R0006_C0014,500,6,14,4000.0,-81000.0,4500.0,-80500.0,4250.0,-80750.0,250000,250000.0,1.0,0,103.59920479123676,1.3121953510127358
JB0500_R0006_C0015,500,6,15,4500.0,-81000.0,5000.0,-80500.0,4750.0,-80750.0,250000,250000.0,1.0,0,103.60369753795035,1.3121950374192652
JB0500_R0006_C0016,500,6,16,5000.0,-81000.0,5500.0,-80500.0,5250.0,-80750.0,250000,250000.0,1.0,0,103.60819028466281,1.3121947157060807
JB0500_R0006_C0017,500,6,17,5500.0,-81000.0,6000.0,-80500.0,5750.0,-80750.0,250000,196441.93815256335,0.7857677526102534,1,103.6126830313741,1.3121943858731844
JB0500_R0007_C0009,500,7,9,1500.0,-80500.0,2000.0,-80000.0,1750.0,-80250.0,250000,48734.54536792459,0.19493818147169836,1,103.57674132531835,1.3167186053229145
JB0500_R0007_C0010,500,7,10,2000.0,-80500.0,2500.0,-80000.0,2250.0,-80250.0,250000,231367.5941061254,0.9254703764245017,1,103.58123408011852,1.3167183313869877
JB0500_R0007_C0011,500,7,11,2500.0,-80500.0,3000.0,-80000.0,2750.0,-80250.0,250000,250000.0,1.0,0,103.58572683491768,1.316718049303348
JB0500_R0007_C0012,500,7,12,3000.0,-80500.0,3500.0,-80000.0,3250.0,-80250.0,250000,250000.0,1.0,0,103.59021958971583,1.316717759071997
JB0500_R0007_C0013,500,7,13,3500.0,-80500.0,4000.0,-80000.0,3750.0,-80250.0,250000,250000.0,1.0,0,103.59471234451291,1.3167174606929368
JB0500_R0007_C0014,500,7,14,4000.0,-80500.0,4500.0,-80000.0,4250.0,-80250.0,250000,250000.0,1.0,0,103.59920509930893,1.3167171541661693
JB0500_R0007_C0015,500,7,15,4500.0,-80500.0,5000.0,-80000.0,4750.0,-80250.0,250000,250000.0,1.0,0,103.60369785410381,1.316716839491696
JB0500_R0007_C0016,500,7,16,5000.0,-80500.0,5500.0,-80000.0,5250.0,-80250.0,250000,250000.0,1.0,0,103.60819060889757,1.3167165166695192
JB0500_R0007_C0017,500,7,17,5500.0,-80500.0,6000.0,-80000.0,5750.0,-80250.0,250000,249837.80407137747,0.9993512162855098,1,103.61268336369017,1.3167161856996408
JB0500_R0007_C0018,500,7,18,6000.0,-80500.0,6500.0,-80000.0,6250.0,-80250.0,250000,32750.329314954524,0.1310013172598181,1,103.61717611848155,1.3167158465820625
JB0500_R0008_C0008,500,8,8,1000.0,-80000.0,1500.0,-79500.0,1250.0,-79750.0,250000,52044.65471930231,0.20817861887720923,1,103.57224883099519,1.3212406799980903
JB0500_R0008_C0009,500,8,9,1500.0,-80000.0,2000.0,-79500.0,1750.0,-79750.0,250000,233326.31701067687,0.9333052680427074,1,103.5767415939055,1.3212404132968114
JB0500_R0008_C0010,500,8,10,2000.0,-80000.0,2500.0,-79500.0,2250.0,-79750.0,250000,250000.0,1.0,0,103.58123435681482,1.3212401384198278
JB0500_R0008_C0011,500,8,11,2500.0,-80000.0,3000.0,-79500.0,2750.0,-79750.0,250000,250000.0,1.0,0,103.58572711972315,1.3212398553671418
JB0500_R0008_C0012,500,8,12,3000.0,-80000.0,3500.0,-79500.0,3250.0,-79750.0,250000,250000.0,1.0,0,103.59021988263044,1.3212395641387547
JB0500_R0008_C0013,500,8,13,3500.0,-80000.0,4000.0,-79500.0,3750.0,-79750.0,250000,250000.0,1.0,0,103.59471264553667,1.321239264734668
JB0500_R0008_C0014,500,8,14,4000.0,-80000.0,4500.0,-79500.0,4250.0,-79750.0,250000,250000.0,1.0,0,103.59920540844182,1.321238957154884
JB0500_R0008_C0015,500,8,15,4500.0,-80000.0,5000.0,-79500.0,4750.0,-79750.0,250000,250000.0,1.0,0,103.60369817134584,1.3212386413994048
JB0500_R0008_C0016,500,8,16,5000.0,-80000.0,5500.0,-79500.0,5250.0,-79750.0,250000,250000.0,1.0,0,103.60819093424871,1.3212383174682316
JB0500_R0008_C0017,500,8,17,5500.0,-80000.0,6000.0,-79500.0,5750.0,-79750.0,250000,250000.0,1.0,0,103.6126836971504,1.321237985361367
JB0500_R0008_C0018,500,8,18,6000.0,-80000.0,6500.0,-79500.0,6250.0,-79750.0,250000,79521.698758006,0.318086795032024,1,103.6171764600509,1.321237645078813
JB0500_R0009_C0007,500,9,7,500.0,-79500.0,1000.0,-79000.0,750.0,-79250.0,250000,55463.51449311034,0.22185405797244137,1,103.5677563213187,1.325762748130443
JB0500_R0009_C0008,500,9,8,1000.0,-79500.0,1500.0,-79000.0,1250.0,-79250.0,250000,235176.28949279804,0.9407051579711921,1,103.57224909236695,1.3257624887197905
JB0500_R0009_C0009,500,9,9,1500.0,-79500.0,2000.0,-79000.0,1750.0,-79250.0,250000,250000.0,1.0,0,103.57674186341423,1.325762221105442
JB0500_R0009_C0010,500,9,10,2000.0,-79500.0,2500.0,-79000.0,2250.0,-79250.0,250000,250000.0,1.0,0,103.58123463446054,1.325761945287399
JB0500_R0009_C0011,500,9,11,2500.0,-79500.0,3000.0,-79000.0,2750.0,-79250.0,250000,250000.0,1.0,0,103.58572740550585,1.3257616612656629
JB0500_R0009_C0012,500,9,12,3000.0,-79500.0,3500.0,-79000.0,3250.0,-79250.0,250000,250000.0,1.0,0,103.59022017655012,1.325761369040236
JB0500_R0009_C0013,500,9,13,3500.0,-79500.0,4000.0,-79000.0,3750.0,-79250.0,250000,250000.0,1.0,0,103.59471294759332,1.3257610686111194
JB0500_R0009_C0014,500,9,14,4000.0,-79500.0,4500.0,-79000.0,4250.0,-79250.0,250000,250000.0,1.0,0,103.59920571863542,1.3257607599783154
JB0500_R0009_C0015,500,9,15,4500.0,-79500.0,5000.0,-79000.0,4750.0,-79250.0,250000,250000.0,1.0,0,103.6036984896764,1.3257604431418262
JB0500_R0009_C0016,500,9,16,5000.0,-79500.0,5500.0,-79000.0,5250.0,-79250.0,250000,250000.0,1.0,0,103.60819126071621,1.3257601181016532
JB0500_R0009_C0017,500,9,17,5500.0,-79500.0,6000.0,-79000.0,5750.0,-79250.0,250000,250000.0,1.0,0,103.61268403175484,1.3257597848577987
JB0500_R0009_C0018,500,9,18,6000.0,-79500.0,6500.0,-79000.0,6250.0,-79250.0,250000,212349.64140072136,0.8493985656028854,1,103.61717680279226,1.3257594434102644
JB0500_R0009_C0019,500,9,19,6500.0,-79500.0,7000.0,-79000.0,6750.0,-79250.0,250000,7592.959958134607,0.030371839832538428,1,103.62166957382843,1.3257590937590527
JB0500_R0010_C0006,500,10,6,0.0,-79000.0,500.0,-78500.0,250.0,-78750.0,250000,58991.12468934614,0.23596449875738457,1,103.56326379620539,1.3302848096354445
JB0500_R0010_C0007,500,10,7,500.0,-79000.0,1000.0,-78500.0,750.0,-78750.0,250000,236917.51155248773,0.9476700462099509,1,103.5677565754194,1.3302845575713975
JB0500_R0010_C0008,500,10,8,1000.0,-79000.0,1500.0,-78500.0,1250.0,-78750.0,250000,250000.0,1.0,0,103.57224935463246,1.3302842972756626
JB0500_R0010_C0009,500,10,9,1500.0,-79000.0,2000.0,-78500.0,1750.0,-78750.0,250000,250000.0,1.0,0,103.57674213384458,1.3302840287482411
JB0500_R0010_C0010,500,10,10,2000.0,-79000.0,2500.0,-78500.0,2250.0,-78750.0,250000,250000.0,1.0,0,103.58123491305571,1.330283751989135
JB0500_R0010_C0011,500,10,11,2500.0,-79000.0,3000.0,-78500.0,2750.0,-78750.0,250000,250000.0,1.0,0,103.58572769226582,1.3302834669983459
JB0500_R0010_C0012,500,10,12,3000.0,-79000.0,3500.0,-78500.0,3250.0,-78750.0,250000,250000.0,1.0,0,103.5902204714749,1.3302831737758756
JB0500_R0010_C0013,500,10,13,3500.0,-79000.0,4000.0,-78500.0,3750.0,-78750.0,250000,250000.0,1.0,0,103.59471325068287,1.3302828723217257
JB0500_R0010_C0014,500,10,14,4000.0,-79000.0,4500.0,-78500.0,4250.0,-78750.0,250000,250000.0,1.0,0,103.59920602988977,1.3302825626358983
JB0500_R0010_C0015,500,10,15,4500.0,-79000.0,5000.0,-78500.0,4750.0,-78750.0,250000,250000.0,1.0,0,103.60369880909552,1.330282244718395
JB0500_R0010_C0016,500,10,16,5000.0,-79000.0,5500.0,-78500.0,5250.0,-78750.0,250000,250000.0,1.0,0,103.6081915883001,1.3302819185692183
JB0500_R0010_C0017,500,10,17,5500.0,-79000.0,6000.0,-78500.0,5750.0,-78750.0,250000,250000.0,1.0,0,103.61268436750349,1.3302815841883697
JB0500_R0010_C0018,500,10,18,6000.0,-79000.0,6500.0,-78500.0,6250.0,-78750.0,250000,250000.0,1.0,0,103.61717714670567,1.3302812415758516
JB0500_R0010_C0019,500,10,19,6500.0,-79000.0,7000.0,-78500.0,6750.0,-78750.0,250000,128060.90741700996,0.5122436296680398,1,103.62166992590657,1.3302808907316657
JB0500_R0011_C0005,500,11,5,-500.0,-78500.0,0.0,-78000.0,-250.0,-78250.0,250000,62627.485308014664,0.25050994123205866,1,103.55877125557184,1.3348068644285673
JB0500_R0011_C0006,500,11,6,0.0,-78500.0,500.0,-78000.0,250.0,-78250.0,250000,238549.9831897484,0.9541999327589936,1,103.5632640429794,1.3348066197671047
JB0500_R0011_C0007,500,11,7,500.0,-78500.0,1000.0,-78000.0,750.0,-78250.0,250000,250000.0,1.0,0,103.56775683038605,1.3348063668459622
JB0500_R0011_C0008,500,11,8,1000.0,-78500.0,1500.0,-78000.0,1250.0,-78250.0,250000,250000.0,1.0,0,103.57224961779177,1.3348061056651415
JB0500_R0011_C0009,500,11,9,1500.0,-78500.0,2000.0,-78000.0,1750.0,-78250.0,250000,250000.0,1.0,0,103.57674240519654,1.334805836224644
JB0500_R0011_C0010,500,11,10,2000.0,-78500.0,2500.0,-78000.0,2250.0,-78250.0,250000,250000.0,1.0,0,103.58123519260032,1.3348055585244718
JB0500_R0011_C0011,500,11,11,2500.0,-78500.0,3000.0,-78000.0,2750.0,-78250.0,250000,250000.0,1.0,0,103.58572798000304,1.3348052725646262
JB0500_R0011_C0012,500,11,12,3000.0,-78500.0,3500.0,-78000.0,3250.0,-78250.0,250000,250000.0,1.0,0,103.59022076740474,1.334804978345109
JB0500_R0011_C0013,500,11,13,3500.0,-78500.0,4000.0,-78000.0,3750.0,-78250.0,250000,250000.0,1.0,0,103.59471355480535,1.3348046758659222
JB0500_R0011_C0014,500,11,14,4000.0,-78500.0,4500.0,-78000.0,4250.0,-78250.0,250000,250000.0,1.0,0,103.59920634220484,1.3348043651270676
JB0500_R0011_C0015,500,11,15,4500.0,-78500.0,5000.0,-78000.0,4750.0,-78250.0,250000,250000.0,1.0,0,103.6036991296032,1.334804046128547
JB0500_R0011_C0016,500,11,16,5000.0,-78500.0,5500.0,-78000.0,5250.0,-78250.0,250000,250000.0,1.0,0,103.60819191700038,1.3348037188703623
JB0500_R0011_C0017,500,11,17,5500.0,-78500.0,6000.0,-78000.0,5750.0,-78250.0,250000,250000.0,1.0,0,103.61268470439636,1.334803383352516
JB0500_R0011_C0018,500,11,18,6000.0,-78500.0,6500.0,-78000.0,6250.0,-78250.0,250000,250000.0,1.0,0,103.61717749179111,1.3348030395750095
JB0500_R0011_C0019,500,11,19,6500.0,-78500.0,7000.0,-78000.0,6750.0,-78250.0,250000,244185.71681551228,0.9767428672620491,1,103.62167027918458,1.3348026875378454
JB0500_R0011_C0020,500,11,20,7000.0,-78500.0,7500.0,-78000.0,7250.0,-78250.0,250000,41993.49665965155,0.16797398663860622,1,103.62616306657677,1.3348023272410254
JB0500_R0012_C0004,500,12,4,-1000.0,-78000.0,-500.0,-77500.0,-750.0,-77750.0,250000,70814.91069094131,0.28325964276376525,1,103.55427869933457,1.3393289124252818
JB0500_R0012_C0005,500,12,5,-500.0,-78000.0,0.0,-77500.0,-250.0,-77750.0,250000,240073.70440457878,0.9602948176183151,1,103.5587714949635,1.3393286752223827
JB0500_R0012_C0006,500,12,6,0.0,-78000.0,500.0,-77500.0,250.0,-77750.0,250000,250000.0,1.0,0,103.56326429059156,1.3393284297318122
JB0500_R0012_C0007,500,12,7,500.0,-78000.0,1000.0,-77500.0,750.0,-77750.0,250000,250000.0,1.0,0,103.5677570862187,1.3393281759535713
JB0500_R0012_C0008,500,12,8,1000.0,-78000.0,1500.0,-77500.0,1250.0,-77750.0,250000,250000.0,1.0,0,103.5722498818449,1.3393279138876617
JB0500_R0012_C0009,500,12,9,1500.0,-78000.0,2000.0,-77500.0,1750.0,-77750.0,250000,250000.0,1.0,0,103.57674267747014,1.339327643534085
JB0500_R0012_C0010,500,12,10,2000.0,-78000.0,2500.0,-77500.0,2250.0,-77750.0,250000,250000.0,1.0,0,103.58123547309435,1.3393273648928432
JB0500_R0012_C0011,500,12,11,2500.0,-78000.0,3000.0,-77500.0,2750.0,-77750.0,250000,250000.0,1.0,0,103.58572826871756,1.339327077963938
JB0500_R0012_C0012,500,12,12,3000.0,-78000.0,3500.0,-77500.0,3250.0,-77750.0,250000,250000.0,1.0,0,103.5902210643397,1.3393267827473703
JB0500_R0012_C0013,500,12,13,3500.0,-78000.0,4000.0,-77500.0,3750.0,-77750.0,250000,250000.0,1.0,0,103.59471385996076,1.339326479243143
JB0500_R0012_C0014,500,12,14,4000.0,-78000.0,4500.0,-77500.0,4250.0,-77750.0,250000,250000.0,1.0,0,103.59920665558069,1.3393261674512573
JB0500_R0012_C0015,500,12,15,4500.0,-78000.0,5000.0,-77500.0,4750.0,-77750.0,250000,250000.0,1.0,0,103.60369945119947,1.3393258473717156
JB0500_R0012_C0016,500,12,16,5000.0,-78000.0,5500.0,-77500.0,5250.0,-77750.0,250000,250000.0,1.0,0,103.60819224681707,1.3393255190045195
JB0500_R0012_C0017,500,12,17,5500.0,-78000.0,6000.0,-77500.0,5750.0,-77750.0,250000,250000.0,1.0,0,103.61268504243344,1.339325182349671
JB0500_R0012_C0018,500,12,18,6000.0,-78000.0,6500.0,-77500.0,6250.0,-77750.0,250000,250000.0,1.0,0,103.6171778380486,1.3393248374071722
JB0500_R0012_C0019,500,12,19,6500.0,-78000.0,7000.0,-77500.0,6750.0,-77750.0,250000,250000.0,1.0,0,103.62167063366248,1.3393244841770255
JB0500_R0012_C0020,500,12,20,7000.0,-78000.0,7500.0,-77500.0,7250.0,-77750.0,250000,192559.35658596834,0.7702374263438734,1,103.62616342927505,1.3393241226592332
JB0500_R0012_C0021,500,12,21,7500.0,-78000.0,8000.0,-77500.0,7750.0,-77750.0,250000,1257.5606190590909,0.005030242476236364,1,103.63065622488628,1.339323752853797
JB0500_R0013_C0002,500,13,2,-2000.0,-77500.0,-1500.0,-77000.0,-1750.0,-77250.0,250000,0.02449543874337041,9.798175497348164e-08,1,103.54529332353121,1.3438511749137498
JB0500_R0013_C0003,500,13,3,-1500.0,-77500.0,-1000.0,-77000.0,-1250.0,-77250.0,250000,105394.32403824685,0.4215772961529874,1,103.54978612741014,1.343850953541059
JB0500_R0013_C0004,500,13,4,-1000.0,-77500.0,-500.0,-77000.0,-750.0,-77250.0,250000,246330.45506357827,0.985321820254313,1,103.55427893128825,1.343850723852703
JB0500_R0013_C0005,500,13,5,-500.0,-77500.0,0.0,-77000.0,-250.0,-77250.0,250000,250000.0,1.0,0,103.5587717351655,1.3438504858486837
JB0500_R0013_C0006,500,13,6,0.0,-77500.0,500.0,-77000.0,250.0,-77250.0,250000,250000.0,1.0,0,103.56326453904185,1.343850239529002
JB0500_R0013_C0007,500,13,7,500.0,-77500.0,1000.0,-77000.0,750.0,-77250.0,250000,250000.0,1.0,0,103.5677573429173,1.3438499848936596
JB0500_R0013_C0008,500,13,8,1000.0,-77500.0,1500.0,-77000.0,1250.0,-77250.0,250000,250000.0,1.0,0,103.57225014679182,1.3438497219426582
JB0500_R0013_C0009,500,13,9,1500.0,-77500.0,2000.0,-77000.0,1750.0,-77250.0,250000,250000.0,1.0,0,103.57674295066533,1.3438494506759993
JB0500_R0013_C0010,500,13,10,2000.0,-77500.0,2500.0,-77000.0,2250.0,-77250.0,250000,250000.0,1.0,0,103.58123575453786,1.3438491710936844
JB0500_R0013_C0011,500,13,11,2500.0,-77500.0,3000.0,-77000.0,2750.0,-77250.0,250000,250000.0,1.0,0,103.58572855840934,1.3438488831957158
JB0500_R0013_C0012,500,13,12,3000.0,-77500.0,3500.0,-77000.0,3250.0,-77250.0,250000,250000.0,1.0,0,103.59022136227978,1.3438485869820946
JB0500_R0013_C0013,500,13,13,3500.0,-77500.0,4000.0,-77000.0,3750.0,-77250.0,250000,250000.0,1.0,0,103.59471416614909,1.343848282452823
JB0500_R0013_C0014,500,13,14,4000.0,-77500.0,4500.0,-77000.0,4250.0,-77250.0,250000,250000.0,1.0,0,103.59920697001728,1.3438479696079029
JB0500_R0013_C0015,500,13,15,4500.0,-77500.0,5000.0,-77000.0,4750.0,-77250.0,250000,250000.0,1.0,0,103.60369977388432,1.3438476484473358
JB0500_R0013_C0016,500,13,16,5000.0,-77500.0,5500.0,-77000.0,5250.0,-77250.0,250000,250000.0,1.0,0,103.60819257775016,1.3438473189711244
JB0500_R0013_C0017,500,13,17,5500.0,-77500.0,6000.0,-77000.0,5750.0,-77250.0,250000,250000.0,1.0,0,103.61268538161478,1.34384698117927
JB0500_R0013_C0018,500,13,18,6000.0,-77500.0,6500.0,-77000.0,6250.0,-77250.0,250000,250000.0,1.0,0,103.61717818547815,1.343846635071775
JB0500_R0013_C0019,500,13,19,6500.0,-77500.0,7000.0,-77000.0,6750.0,-77250.0,250000,250000.0,1.0,0,103.62167098934026,1.3438462806486418
JB0500_R0013_C0020,500,13,20,7000.0,-77500.0,7500.0,-77000.0,7250.0,-77250.0,250000,250000.0,1.0,0,103.62616379320103,1.343845917909872
JB0500_R0013_C0021,500,13,21,7500.0,-77500.0,8000.0,-77000.0,7750.0,-77250.0,250000,80853.51139802583,0.32341404559210335,1,103.63065659706048,1.3438455468554684
JB0500_R0014_C0002,500,14,2,-2000.0,-77000.0,-1500.0,-76500.0,-1750.0,-76750.0,250000,106753.50746633412,0.4270140298653365,1,103.54529353971508,1.348372987691369
JB0500_R0014_C0003,500,14,3,-1500.0,-77000.0,-1000.0,-76500.0,-1250.0,-76750.0,250000,250000.0,1.0,0,103.54978635187017,1.348372765573536
JB0500_R0014_C0004,500,14,4,-1000.0,-77000.0,-500.0,-76500.0,-750.0,-76750.0,250000,250000.0,1.0,0,103.55427916402444,1.3483725351120475
JB0500_R0014_C0005,500,14,5,-500.0,-77000.0,0.0,-76500.0,-250.0,-76750.0,250000,250000.0,1.0,0,103.55877197617782,1.3483722963069047
JB0500_R0014_C0006,500,14,6,0.0,-77000.0,500.0,-76500.0,250.0,-76750.0,250000,250000.0,1.0,0,103.56326478833033,1.348372049158109
JB0500_R0014_C0007,500,14,7,500.0,-77000.0,1000.0,-76500.0,750.0,-76750.0,250000,250000.0,1.0,0,103.56775760048191,1.3483717936656623
JB0500_R0014_C0008,500,14,8,1000.0,-77000.0,1500.0,-76500.0,1250.0,-76750.0,250000,250000.0,1.0,0,103.57225041263256,1.3483715298295658
JB0500_R0014_C0009,500,14,9,1500.0,-77000.0,2000.0,-76500.0,1750.0,-76750.0,250000,250000.0,1.0,0,103.5767432247822,1.3483712576498212
JB0500_R0014_C0010,500,14,10,2000.0,-77000.0,2500.0,-76500.0,2250.0,-76750.0,250000,250000.0,1.0,0,103.58123603693085,1.3483709771264305
JB0500_R0014_C0011,500,14,11,2500.0,-77000.0,3000.0,-76500.0,2750.0,-76750.0,250000,250000.0,1.0,0,103.58572884907844,1.348370688259395
JB0500_R0014_C0012,500,14,12,3000.0,-77000.0,3500.0,-76500.0,3250.0,-76750.0,250000,250000.0,1.0,0,103.59022166122496,1.3483703910487166
JB0500_R0014_C0013,500,14,13,3500.0,-77000.0,4000.0,-76500.0,3750.0,-76750.0,250000,250000.0,1.0,0,103.59471447337037,1.3483700854943972
JB0500_R0014_C0014,500,14,14,4000.0,-77000.0,4500.0,-76500.0,4250.0,-76750.0,250000,250000.0,1.0,0,103.59920728551464,1.3483697715964387
JB0500_R0014_C0015,500,14,15,4500.0,-77000.0,5000.0,-76500.0,4750.0,-76750.0,250000,250000.0,1.0,0,103.60370009765775,1.348369449354843
JB0500_R0014_C0016,500,14,16,5000.0,-77000.0,5500.0,-76500.0,5250.0,-76750.0,250000,250000.0,1.0,0,103.60819290979967,1.348369118769612
JB0500_R0014_C0017,500,14,17,5500.0,-77000.0,6000.0,-76500.0,5750.0,-76750.0,250000,250000.0,1.0,0,103.61268572194035,1.3483687798407478
JB0500_R0014_C0018,500,14,18,6000.0,-77000.0,6500.0,-76500.0,6250.0,-76750.0,250000,250000.0,1.0,0,103.61717853407978,1.3483684325682526
JB0500_R0014_C0019,500,14,19,6500.0,-77000.0,7000.0,-76500.0,6750.0,-76750.0,250000,250000.0,1.0,0,103.62167134621792,1.3483680769521282
JB0500_R0014_C0020,500,14,20,7000.0,-77000.0,7500.0,-76500.0,7250.0,-76750.0,250000,250000.0,1.0,0,103.62616415835475,1.3483677129923772
JB0500_R0014_C0021,500,14,21,7500.0,-77000.0,8000.0,-76500.0,7750.0,-76750.0,250000,205359.60071633916,0.8214384028653566,1,103.63065697049022,1.3483673406890018
JB0500_R0014_C0022,500,14,22,8000.0,-77000.0,8500.0,-76500.0,8250.0,-76750.0,250000,1584.4736410116625,0.00633789456404665,1,103.63514978262431,1.3483669600420036
JB0500_R0015_C0001,500,15,1,-2500.0,-76500.0,-2000.0,-76000.0,-2250.0,-76250.0,250000,41728.76685172186,0.16691506740688744,1,103.54080093616594,1.3528950147916812
JB0500_R0015_C0002,500,15,2,-2000.0,-76500.0,-1500.0,-76000.0,-1750.0,-76250.0,250000,242701.69002911195,0.9708067601164478,1,103.54529375662581,1.3528948003003511
JB0500_R0015_C0003,500,15,3,-1500.0,-76500.0,-1000.0,-76000.0,-1250.0,-76250.0,250000,250000.0,1.0,0,103.54978657708489,1.3528945774373735
JB0500_R0015_C0004,500,15,4,-1000.0,-76500.0,-500.0,-76000.0,-750.0,-76250.0,250000,250000.0,1.0,0,103.55427939754313,1.3528943462027494
JB0500_R0015_C0005,500,15,5,-500.0,-76500.0,0.0,-76000.0,-250.0,-76250.0,250000,250000.0,1.0,0,103.5587722180005,1.3528941065964806
JB0500_R0015_C0006,500,15,6,0.0,-76500.0,500.0,-76000.0,250.0,-76250.0,250000,250000.0,1.0,0,103.56326503845698,1.3528938586185684
JB0500_R0015_C0007,500,15,7,500.0,-76500.0,1000.0,-76000.0,750.0,-76250.0,250000,250000.0,1.0,0,103.56775785891251,1.352893602269014
JB0500_R0015_C0008,500,15,8,1000.0,-76500.0,1500.0,-76000.0,1250.0,-76250.0,250000,250000.0,1.0,0,103.5722506793671,1.3528933375478194
JB0500_R0015_C0009,500,15,9,1500.0,-76500.0,2000.0,-76000.0,1750.0,-76250.0,250000,250000.0,1.0,0,103.57674349982071,1.352893064454986
JB0500_R0015_C0010,500,15,10,2000.0,-76500.0,2500.0,-76000.0,2250.0,-76250.0,250000,250000.0,1.0,0,103.58123632027329,1.3528927829905157
JB0500_R0015_C0011,500,15,11,2500.0,-76500.0,3000.0,-76000.0,2750.0,-76250.0,250000,250000.0,1.0,0,103.58572914072481,1.35289249315441
JB0500_R0015_C0012,500,15,12,3000.0,-76500.0,3500.0,-76000.0,3250.0,-76250.0,250000,250000.0,1.0,0,103.59022196117527,1.352892194946671
JB0500_R0015_C0013,500,15,13,3500.0,-76500.0,4000.0,-76000.0,3750.0,-76250.0,250000,250000.0,1.0,0,103.59471478162459,1.3528918883673002
JB0500_R0015_C0014,500,15,14,4000.0,-76500.0,4500.0,-76000.0,4250.0,-76250.0,250000,250000.0,1.0,0,103.5992076020728,1.3528915734162996
JB0500_R0015_C0015,500,15,15,4500.0,-76500.0,5000.0,-76000.0,4750.0,-76250.0,250000,250000.0,1.0,0,103.6037004225198,1.3528912500936712
JB0500_R0015_C0016,500,15,16,5000.0,-76500.0,5500.0,-76000.0,5250.0,-76250.0,250000,250000.0,1.0,0,103.60819324296563,1.3528909183994169
JB0500_R0015_C0017,500,15,17,5500.0,-76500.0,6000.0,-76000.0,5750.0,-76250.0,250000,250000.0,1.0,0,103.61268606341018,1.3528905783335388
JB0500_R0015_C0018,500,15,18,6000.0,-76500.0,6500.0,-76000.0,6250.0,-76250.0,250000,250000.0,1.0,0,103.6171788838535,1.352890229896039
JB0500_R0015_C0019,500,15,19,6500.0,-76500.0,7000.0,-76000.0,6750.0,-76250.0,250000,250000.0,1.0,0,103.62167170429551,1.3528898730869197
JB0500_R0015_C0020,500,15,20,7000.0,-76500.0,7500.0,-76000.0,7250.0,-76250.0,250000,250000.0,1.0,0,103.6261645247362,1.352889507906183
JB0500_R0015_C0021,500,15,21,7500.0,-76500.0,8000.0,-76000.0,7750.0,-76250.0,250000,250000.0,1.0,0,103.63065734517554,1.3528891343538312
JB0500_R0015_C0022,500,15,22,8000.0,-76500.0,8500.0,-76000.0,8250.0,-76250.0,250000,75131.91448528155,0.3005276579411262,1,103.63515016561347,1.3528887524298665
JB0500_R0016_C0001,500,16,1,-2500.0,-76000.0,-2000.0,-75500.0,-2250.0,-75750.0,250000,92373.3424312552,0.3694933697250208,1,103.54080114547172,1.3574168279486183
JB0500_R0016_C0002,500,16,2,-2000.0,-76000.0,-1500.0,-75500.0,-1750.0,-75750.0,250000,250000.0,1.0,0,103.54529397426342,1.3574166127401317
JB0500_R0016_C0003,500,16,3,-1500.0,-76000.0,-1000.0,-75500.0,-1250.0,-75750.0,250000,250000.0,1.0,0,103.5497868030543,1.3574163891320068
JB0500_R0016_C0004,500,16,4,-1000.0,-76000.0,-500.0,-75500.0,-750.0,-75750.0,250000,250000.0,1.0,0,103.55427963184434,1.3574161571242442
JB0500_R0016_C0005,500,16,5,-500.0,-76000.0,0.0,-75500.0,-250.0,-75750.0,250000,250000.0,1.0,0,103.55877246063352,1.3574159167168465
JB0500_R0016_C0006,500,16,6,0.0,-76000.0,500.0,-75500.0,250.0,-75750.0,250000,250000.0,1.0,0,103.56326528942179,1.3574156679098144
JB0500_R0016_C0007,500,16,7,500.0,-76000.0,1000.0,-75500.0,750.0,-75750.0,250000,250000.0,1.0,0,103.56775811820913,1.3574154107031495
JB0500_R0016_C0008,500,16,8,1000.0,-76000.0,1500.0,-75500.0,1250.0,-75750.0,250000,250000.0,1.0,0,103.5722509469955,1.3574151450968537
JB0500_R0016_C0009,500,16,9,1500.0,-76000.0,2000.0,-75500.0,1750.0,-75750.0,250000,250000.0,1.0,0,103.57674377578087,1.3574148710909284
JB0500_R0016_C0010,500,16,10,2000.0,-76000.0,2500.0,-75500.0,2250.0,-75750.0,250000,250000.0,1.0,0,103.58123660456522,1.3574145886853752
JB0500_R0016_C0011,500,16,11,2500.0,-76000.0,3000.0,-75500.0,2750.0,-75750.0,250000,250000.0,1.0,0,103.5857294333485,1.3574142978801962
JB0500_R0016_C0012,500,16,12,3000.0,-76000.0,3500.0,-75500.0,3250.0,-75750.0,250000,250000.0,1.0,0,103.59022226213071,1.3574139986753928
JB0500_R0016_C0013,500,16,13,3500.0,-76000.0,4000.0,-75500.0,3750.0,-75750.0,250000,250000.0,1.0,0,103.59471509091179,1.3574136910709669
JB0500_R0016_C0014,500,16,14,4000.0,-76000.0,4500.0,-75500.0,4250.0,-75750.0,250000,250000.0,1.0,0,103.59920791969172,1.3574133750669204
JB0500_R0016_C0015,500,16,15,4500.0,-76000.0,5000.0,-75500.0,4750.0,-75750.0,250000,250000.0,1.0,0,103.60370074847047,1.3574130506632556
JB0500_R0016_C0016,500,16,16,5000.0,-76000.0,5500.0,-75500.0,5250.0,-75750.0,250000,250000.0,1.0,0,103.608193577248,1.3574127178599742
JB0500_R0016_C0017,500,16,17,5500.0,-76000.0,6000.0,-75500.0,5750.0,-75750.0,250000,250000.0,1.0,0,103.6126864060243,1.3574123766570783
JB0500_R0016_C0018,500,16,18,6000.0,-76000.0,6500.0,-75500.0,6250.0,-75750.0,250000,250000.0,1.0,0,103.61717923479932,1.3574120270545698
JB0500_R0016_C0019,500,16,19,6500.0,-76000.0,7000.0,-75500.0,6750.0,-75750.0,250000,250000.0,1.0,0,103.62167206357303,1.357411669052451
JB0500_R0016_C0020,500,16,20,7000.0,-76000.0,7500.0,-75500.0,7250.0,-75750.0,250000,250000.0,1.0,0,103.6261648923454,1.3574113026507242
JB0500_R0016_C0021,500,16,21,7500.0,-76000.0,8000.0,-75500.0,7750.0,-75750.0,250000,250000.0,1.0,0,103.6306577211164,1.3574109278493918
JB0500_R0016_C0022,500,16,22,8000.0,-76000.0,8500.0,-75500.0,8250.0,-75750.0,250000,181448.42006464244,0.7257936802585697,1,103.635150549886,1.3574105446484557
JB0500_R0017_C0001,500,17,1,-2500.0,-75500.0,-2000.0,-75000.0,-2250.0,-75250.0,250000,98771.04291672583,0.3950841716669033,1,103.54080135547655,1.3619386409357905
JB0500_R0017_C0002,500,17,2,-2000.0,-75500.0,-1500.0,-75000.0,-1750.0,-75250.0,250000,250000.0,1.0,0,103.54529419262789,1.361938425010145
JB0500_R0017_C0003,500,17,3,-1500.0,-75500.0,-1000.0,-75000.0,-1250.0,-75250.0,250000,250000.0,1.0,0,103.54978702977841,1.3619382006568699
JB0500_R0017_C0004,500,17,4,-1000.0,-75500.0,-500.0,-75000.0,-750.0,-75250.0,250000,250000.0,1.0,0,103.5542798669281,1.3619379678759667
JB0500_R0017_C0005,500,17,5,-500.0,-75500.0,0.0,-75000.0,-250.0,-75250.0,250000,250000.0,1.0,0,103.5587727040769,1.361937726667437
JB0500_R0017_C0006,500,17,6,0.0,-75500.0,500.0,-75000.0,250.0,-75250.0,250000,250000.0,1.0,0,103.5632655412248,1.3619374770312822
JB0500_R0017_C0007,500,17,7,500.0,-75500.0,1000.0,-75000.0,750.0,-75250.0,250000,250000.0,1.0,0,103.56775837837174,1.3619372189675039
JB0500_R0017_C0008,500,17,8,1000.0,-75500.0,1500.0,-75000.0,1250.0,-75250.0,250000,250000.0,1.0,0,103.57225121551772,1.3619369524761036
JB0500_R0017_C0009,500,17,9,1500.0,-75500.0,2000.0,-75000.0,1750.0,-75250.0,250000,250000.0,1.0,0,103.5767440526627,1.361936677557083
JB0500_R0017_C0010,500,17,10,2000.0,-75500.0,2500.0,-75000.0,2250.0,-75250.0,250000,250000.0,1.0,0,103.58123688980665,1.3619363942104437
JB0500_R0017_C0011,500,17,11,2500.0,-75500.0,3000.0,-75000.0,2750.0,-75250.0,250000,250000.0,1.0,0,103.58572972694952,1.3619361024361876
JB0500_R0017_C0012,500,17,12,3000.0,-75500.0,3500.0,-75000.0,3250.0,-75250.0,250000,250000.0,1.0,0,103.5902225640913,1.3619358022343164
JB0500_R0017_C0013,500,17,13,3500.0,-75500.0,4000.0,-75000.0,3750.0,-75250.0,250000,250000.0,1.0,0,103.59471540123197,1.3619354936048318
JB0500_R0017_C0014,500,17,14,4000.0,-75500.0,4500.0,-75000.0,4250.0,-75250.0,250000,250000.0,1.0,0,103.59920823837146,1.3619351765477359
JB0500_R0017_C0015,500,17,15,4500.0,-75500.0,5000.0,-75000.0,4750.0,-75250.0,250000,250000.0,1.0,0,103.60370107550976,1.3619348510630307
JB0500_R0017_C0016,500,17,16,5000.0,-75500.0,5500.0,-75000.0,5250.0,-75250.0,250000,250000.0,1.0,0,103.60819391264684,1.3619345171507182
JB0500_R0017_C0017,500,17,17,5500.0,-75500.0,6000.0,-75000.0,5750.0,-75250.0,250000,250000.0,1.0,0,103.61268674978268,1.3619341748108003
JB0500_R0017_C0018,500,17,18,6000.0,-75500.0,6500.0,-75000.0,6250.0,-75250.0,250000,250000.0,1.0,0,103.61717958691723,1.361933824043279
JB0500_R0017_C0019,500,17,19,6500.0,-75500.0,7000.0,-75000.0,6750.0,-75250.0,250000,250000.0,1.0,0,103.62167242405047,1.3619334648481567
JB0500_R0017_C0020,500,17,20,7000.0,-75500.0,7500.0,-75000.0,7250.0,-75250.0,250000,250000.0,1.0,0,103.62616526118236,1.3619330972254358
JB0500_R0017_C0021,500,17,21,7500.0,-75500.0,8000.0,-75000.0,7750.0,-75250.0,250000,250000.0,1.0,0,103.63065809831286,1.3619327211751178
JB0500_R0017_C0022,500,17,22,8000.0,-75500.0,8500.0,-75000.0,8250.0,-75250.0,250000,249999.99680440754,0.9999999872176302,0,103.63515093544197,1.361932336697206
JB0500_R0017_C0023,500,17,23,8500.0,-75500.0,9000.0,-75000.0,8750.0,-75250.0,250000,71946.57579804401,0.287786303192176,1,103.63964377256964,1.3619319437917021
JB0500_R0018_C0001,500,18,1,-2500.0,-75000.0,-2000.0,-74500.0,-2250.0,-74750.0,250000,127349.59708248626,0.509398388329945,1,103.54080156618043,1.366460453752634
JB0500_R0018_C0002,500,18,2,-2000.0,-75000.0,-1500.0,-74500.0,-1750.0,-74750.0,250000,250000.0,1.0,0,103.54529441171925,1.3664602371098264
JB0500_R0018_C0003,500,18,3,-1500.0,-75000.0,-1000.0,-74500.0,-1250.0,-74750.0,250000,250000.0,1.0,0,103.54978725725724,1.3664600120113988
JB0500_R0018_C0004,500,18,4,-1000.0,-75000.0,-500.0,-74500.0,-750.0,-74750.0,250000,250000.0,1.0,0,103.55428010279438,1.3664597784573518
JB0500_R0018_C0005,500,18,5,-500.0,-75000.0,0.0,-74500.0,-250.0,-74750.0,250000,250000.0,1.0,0,103.55877294833063,1.3664595364476873
JB0500_R0018_C0006,500,18,6,0.0,-75000.0,500.0,-74500.0,250.0,-74750.0,250000,250000.0,1.0,0,103.56326579386598,1.366459285982407
JB0500_R0018_C0007,500,18,7,500.0,-75000.0,1000.0,-74500.0,750.0,-74750.0,250000,250000.0,1.0,0,103.56775863940038,1.366459027061512
JB0500_R0018_C0008,500,18,8,1000.0,-75000.0,1500.0,-74500.0,1250.0,-74750.0,250000,250000.0,1.0,0,103.57225148493379,1.3664587596850042
JB0500_R0018_C0009,500,18,9,1500.0,-75000.0,2000.0,-74500.0,1750.0,-74750.0,250000,250000.0,1.0,0,103.5767443304662,1.366458483852885
JB0500_R0018_C0010,500,18,10,2000.0,-75000.0,2500.0,-74500.0,2250.0,-74750.0,250000,250000.0,1.0,0,103.58123717599757,1.3664581995651561
JB0500_R0018_C0011,500,18,11,2500.0,-75000.0,3000.0,-74500.0,2750.0,-74750.0,250000,250000.0,1.0,0,103.58573002152785,1.3664579068218197
JB0500_R0018_C0012,500,18,12,3000.0,-75000.0,3500.0,-74500.0,3250.0,-74750.0,250000,250000.0,1.0,0,103.59022286705705,1.366457605622877
JB0500_R0018_C0013,500,18,13,3500.0,-75000.0,4000.0,-74500.0,3750.0,-74750.0,250000,250000.0,1.0,0,103.59471571258511,1.36645729596833
JB0500_R0018_C0014,500,18,14,4000.0,-75000.0,4500.0,-74500.0,4250.0,-74750.0,250000,250000.0,1.0,0,103.599208558112,1.3664569778581812
JB0500_R0018_C0015,500,18,15,4500.0,-75000.0,5000.0,-74500.0,4750.0,-74750.0,250000,250000.0,1.0,0,103.60370140363769,1.3664566512924317
JB0500_R0018_C0016,500,18,16,5000.0,-75000.0,5500.0,-74500.0,5250.0,-74750.0,250000,250000.0,1.0,0,103.60819424916215,1.3664563162710839
JB0500_R0018_C0017,500,18,17,5500.0,-75000.0,6000.0,-74500.0,5750.0,-74750.0,250000,250000.0,1.0,0,103.61268709468536,1.3664559727941399
JB0500_R0018_C0018,500,18,18,6000.0,-75000.0,6500.0,-74500.0,6250.0,-74750.0,250000,250000.0,1.0,0,103.61717994020727,1.3664556208616019
JB0500_R0018_C0019,500,18,19,6500.0,-75000.0,7000.0,-74500.0,6750.0,-74750.0,250000,250000.0,1.0,0,103.62167278572785,1.3664552604734717
JB0500_R0018_C0020,500,18,20,7000.0,-75000.0,7500.0,-74500.0,7250.0,-74750.0,250000,250000.0,1.0,0,103.62616563124709,1.3664548916297519
JB0500_R0018_C0021,500,18,21,7500.0,-75000.0,8000.0,-74500.0,7750.0,-74750.0,250000,250000.0,1.0,0,103.63065847676492,1.3664545143304447
JB0500_R0018_C0022,500,18,22,8000.0,-75000.0,8500.0,-74500.0,8250.0,-74750.0,250000,250000.0,1.0,0,103.63515132228136,1.3664541285755523
JB0500_R0018_C0023,500,18,23,8500.0,-75000.0,9000.0,-74500.0,8750.0,-74750.0,250000,199888.44647698564,0.7995537859079426,1,103.63964416779633,1.366453734365077
JB0500_R0018_C0024,500,18,24,9000.0,-75000.0,9500.0,-74500.0,9250.0,-74750.0,250000,596.7743528081754,0.002387097411232702,1,103.64413701330983,1.3664533316990215
JB0500_R0019_C0001,500,19,1,-2500.0,-74500.0,-2000.0,-74000.0,-2250.0,-74250.0,250000,192583.80851921928,0.7703352340768771,1,103.5408017775834,1.3709822663985822
JB0500_R0019_C0002,500,19,2,-2000.0,-74500.0,-1500.0,-74000.0,-1750.0,-74250.0,250000,250000.0,1.0,0,103.5452946315375,1.3709820490386104
JB0500_R0019_C0003,500,19,3,-1500.0,-74500.0,-1000.0,-74000.0,-1250.0,-74250.0,250000,250000.0,1.0,0,103.54978748549078,1.3709818231950273
JB0500_R0019_C0004,500,19,4,-1000.0,-74500.0,-500.0,-74000.0,-750.0,-74250.0,250000,250000.0,1.0,0,103.55428033944322,1.370981588867834
JB0500_R0019_C0005,500,19,5,-500.0,-74500.0,0.0,-74000.0,-250.0,-74250.0,250000,250000.0,1.0,0,103.55877319339476,1.3709813460570321
JB0500_R0019_C0006,500,19,6,0.0,-74500.0,500.0,-74000.0,250.0,-74250.0,250000,250000.0,1.0,0,103.56326604734538,1.3709810947626233
JB0500_R0019_C0007,500,19,7,500.0,-74500.0,1000.0,-74000.0,750.0,-74250.0,250000,250000.0,1.0,0,103.56775890129504,1.3709808349846087
JB0500_R0019_C0008,500,19,8,1000.0,-74500.0,1500.0,-74000.0,1250.0,-74250.0,250000,250000.0,1.0,0,103.57225175524371,1.37098056672299
JB0500_R0019_C0009,500,19,9,1500.0,-74500.0,2000.0,-74000.0,1750.0,-74250.0,250000,250000.0,1.0,0,103.5767446091914,1.3709802899777688
JB0500_R0019_C0010,500,19,10,2000.0,-74500.0,2500.0,-74000.0,2250.0,-74250.0,250000,250000.0,1.0,0,103.581237463138,1.3709800047489473
JB0500_R0019_C0011,500,19,11,2500.0,-74500.0,3000.0,-74000.0,2750.0,-74250.0,250000,250000.0,1.0,0,103.58573031708353,1.3709797110365267
JB0500_R0019_C0012,500,19,12,3000.0,-74500.0,3500.0,-74000.0,3250.0,-74250.0,250000,250000.0,1.0,0,103.59022317102796,1.3709794088405092
JB0500_R0019_C0013,500,19,13,3500.0,-74500.0,4000.0,-74000.0,3750.0,-74250.0,250000,250000.0,1.0,0,103.59471602497125,1.3709790981608965
JB0500_R0019_C0014,500,19,14,4000.0,-74500.0,4500.0,-74000.0,4250.0,-74250.0,250000,250000.0,1.0,0,103.59920887891336,1.3709787789976902
JB0500_R0019_C0015,500,19,15,4500.0,-74500.0,5000.0,-74000.0,4750.0,-74250.0,250000,250000.0,1.0,0,103.60370173285428,1.370978451350893
JB0500_R0019_C0016,500,19,16,5000.0,-74500.0,5500.0,-74000.0,5250.0,-74250.0,250000,250000.0,1.0,0,103.60819458679393,1.370978115220506
JB0500_R0019_C0017,500,19,17,5500.0,-74500.0,6000.0,-74000.0,5750.0,-74250.0,250000,250000.0,1.0,0,103.61268744073233,1.370977770606532
JB0500_R0019_C0018,500,19,18,6000.0,-74500.0,6500.0,-74000.0,6250.0,-74250.0,250000,250000.0,1.0,0,103.61718029466944,1.3709774175089726
JB0500_R0019_C0019,500,19,19,6500.0,-74500.0,7000.0,-74000.0,6750.0,-74250.0,250000,250000.0,1.0,0,103.6216731486052,1.3709770559278307
JB0500_R0019_C0020,500,19,20,7000.0,-74500.0,7500.0,-74000.0,7250.0,-74250.0,250000,250000.0,1.0,0,103.62616600253959,1.3709766858631078
JB0500_R0019_C0021,500,19,21,7500.0,-74500.0,8000.0,-74000.0,7750.0,-74250.0,250000,250000.0,1.0,0,103.63065885647259,1.3709763073148062
JB0500_R0019_C0022,500,19,22,8000.0,-74500.0,8500.0,-74000.0,8250.0,-74250.0,250000,250000.0,1.0,0,103.63515171040417,1.3709759202829288
JB0500_R0019_C0023,500,19,23,8500.0,-74500.0,9000.0,-74000.0,8750.0,-74250.0,250000,250000.0,1.0,0,103.6396445643343,1.3709755247674775
JB0500_R0019_C0024,500,19,24,9000.0,-74500.0,9500.0,-74000.0,9250.0,-74250.0,250000,73776.16831284286,0.2951046732513714,1,103.64413741826293,1.370975120768455
JB0500_R0020_C0000,500,20,0,-3000.0,-74000.0,-2500.0,-73500.0,-2750.0,-73750.0,250000,12936.955438897132,0.05174782175558853,1,103.53630912728737,1.3755042884386055
JB0500_R0020_C0001,500,20,1,-2500.0,-74000.0,-2000.0,-73500.0,-2250.0,-73750.0,250000,245427.9419755654,0.9817117679022616,1,103.5408019896854,1.3755040788730708
JB0500_R0020_C0002,500,20,2,-2000.0,-74000.0,-1500.0,-73500.0,-1750.0,-73750.0,250000,250000.0,1.0,0,103.54529485208265,1.3755038607959322
JB0500_R0020_C0003,500,20,3,-1500.0,-74000.0,-1000.0,-73500.0,-1250.0,-73750.0,250000,250000.0,1.0,0,103.54978771447907,1.3755036342071911
JB0500_R0020_C0004,500,20,4,-1000.0,-74000.0,-500.0,-73500.0,-750.0,-73750.0,250000,250000.0,1.0,0,103.5542805768746,1.3755033991068486
JB0500_R0020_C0005,500,20,5,-500.0,-74000.0,0.0,-73500.0,-250.0,-73750.0,250000,250000.0,1.0,0,103.55877343926925,1.3755031554949064
JB0500_R0020_C0006,500,20,6,0.0,-74000.0,500.0,-73500.0,250.0,-73750.0,250000,250000.0,1.0,0,103.56326630166298,1.375502903371366
JB0500_R0020_C0007,500,20,7,500.0,-74000.0,1000.0,-73500.0,750.0,-73750.0,250000,250000.0,1.0,0,103.56775916405573,1.3755026427362285
JB0500_R0020_C0008,500,20,8,1000.0,-74000.0,1500.0,-73500.0,1250.0,-73750.0,250000,250000.0,1.0,0,103.57225202644752,1.3755023735894958
JB0500_R0020_C0009,500,20,9,1500.0,-74000.0,2000.0,-73500.0,1750.0,-73750.0,250000,250000.0,1.0,0,103.57674488883826,1.37550209593117
JB0500_R0020_C0010,500,20,10,2000.0,-74000.0,2500.0,-73500.0,2250.0,-73750.0,250000,250000.0,1.0,0,103.58123775122796,1.3755018097612521
JB0500_R0020_C0011,500,20,11,2500.0,-74000.0,3000.0,-73500.0,2750.0,-73750.0,250000,250000.0,1.0,0,103.58573061361658,1.375501515079744
JB0500_R0020_C0012,500,20,12,3000.0,-74000.0,3500.0,-73500.0,3250.0,-73750.0,250000,250000.0,1.0,0,103.59022347600406,1.3755012118866479
JB0500_R0020_C0013,500,20,13,3500.0,-74000.0,4000.0,-73500.0,3750.0,-73750.0,250000,250000.0,1.0,0,103.5947163383904,1.3755009001819656
JB0500_R0020_C0014,500,20,14,4000.0,-74000.0,4500.0,-73500.0,4250.0,-73750.0,250000,250000.0,1.0,0,103.59920920077555,1.3755005799656985
JB0500_R0020_C0015,500,20,15,4500.0,-74000.0,5000.0,-73500.0,4750.0,-73750.0,250000,250000.0,1.0,0,103.60370206315949,1.3755002512378491
JB0500_R0020_C0016,500,20,16,5000.0,-74000.0,5500.0,-73500.0,5250.0,-73750.0,250000,250000.0,1.0,0,103.60819492554221,1.3754999139984192
JB0500_R0020_C0017,500,20,17,5500.0,-74000.0,6000.0,-73500.0,5750.0,-73750.0,250000,250000.0,1.0,0,103.61268778792362,1.3754995682474112
JB0500_R0020_C0018,500,20,18,6000.0,-74000.0,6500.0,-73500.0,6250.0,-73750.0,250000,250000.0,1.0,0,103.61718065030372,1.3754992139848268
JB0500_R0020_C0019,500,20,19,6500.0,-74000.0,7000.0,-73500.0,6750.0,-73750.0,250000,250000.0,1.0,0,103.6216735126825,1.375498851210668
JB0500_R0020_C0020,500,20,20,7000.0,-74000.0,7500.0,-73500.0,7250.0,-73750.0,250000,250000.0,1.0,0,103.6261663750599,1.375498479924938
JB0500_R0020_C0021,500,20,21,7500.0,-74000.0,8000.0,-73500.0,7750.0,-73750.0,250000,250000.0,1.0,0,103.6306592374359,1.375498100127638
JB0500_R0020_C0022,500,20,22,8000.0,-74000.0,8500.0,-73500.0,8250.0,-73750.0,250000,250000.0,1.0,0,103.63515209981045,1.3754977118187708
JB0500_R0020_C0023,500,20,23,8500.0,-74000.0,9000.0,-73500.0,8750.0,-73750.0,250000,250000.0,1.0,0,103.63964496218355,1.375497314998339
JB0500_R0020_C0024,500,20,24,9000.0,-74000.0,9500.0,-73500.0,9250.0,-73750.0,250000,196762.53298213135,0.7870501319285254,1,103.64413782455513,1.3754969096663447
JB0500_R0020_C0025,500,20,25,9500.0,-74000.0,10000.0,-73500.0,9750.0,-73750.0,250000,308.40905217339173,0.001233636208693567,1,103.64863068692519,1.3754964958227907
JB0500_R0021_C0000,500,21,0,-3000.0,-73500.0,-2500.0,-73000.0,-2750.0,-73250.0,250000,74146.16792656417,0.2965846717062567,1,103.53630933161752,1.3800261014302477
JB0500_R0021_C0001,500,21,1,-2500.0,-73500.0,-2000.0,-73000.0,-2250.0,-73250.0,250000,250000.0,1.0,0,103.54080220248652,1.380025891175535
JB0500_R0021_C0002,500,21,2,-2000.0,-73500.0,-1500.0,-73000.0,-1750.0,-73250.0,250000,250000.0,1.0,0,103.54529507335471,1.380025672381227
JB0500_R0021_C0003,500,21,3,-1500.0,-73500.0,-1000.0,-73000.0,-1250.0,-73250.0,250000,250000.0,1.0,0,103.54978794422206,1.380025445047325
JB0500_R0021_C0004,500,21,4,-1000.0,-73500.0,-500.0,-73000.0,-750.0,-73250.0,250000,250000.0,1.0,0,103.55428081508855,1.3800252091738308
JB0500_R0021_C0005,500,21,5,-500.0,-73500.0,0.0,-73000.0,-250.0,-73250.0,250000,250000.0,1.0,0,103.55877368595414,1.3800249647607452
JB0500_R0021_C0006,500,21,6,0.0,-73500.0,500.0,-73000.0,250.0,-73250.0,250000,250000.0,1.0,0,103.56326655681879,1.3800247118080697
JB0500_R0021_C0007,500,21,7,500.0,-73500.0,1000.0,-73000.0,750.0,-73250.0,250000,250000.0,1.0,0,103.56775942768249,1.3800244503158066
JB0500_R0021_C0008,500,21,8,1000.0,-73500.0,1500.0,-73000.0,1250.0,-73250.0,250000,250000.0,1.0,0,103.57225229854518,1.380024180283957
JB0500_R0021_C0009,500,21,9,1500.0,-73500.0,2000.0,-73000.0,1750.0,-73250.0,250000,250000.0,1.0,0,103.57674516940683,1.3800239017125226
JB0500_R0021_C0010,500,21,10,2000.0,-73500.0,2500.0,-73000.0,2250.0,-73250.0,250000,250000.0,1.0,0,103.58123804026744,1.380023614601505
JB0500_R0021_C0011,500,21,11,2500.0,-73500.0,3000.0,-73000.0,2750.0,-73250.0,250000,250000.0,1.0,0,103.58573091112694,1.3800233189509064
JB0500_R0021_C0012,500,21,12,3000.0,-73500.0,3500.0,-73000.0,3250.0,-73250.0,250000,250000.0,1.0,0,103.59022378198533,1.3800230147607282
JB0500_R0021_C0013,500,21,13,3500.0,-73500.0,4000.0,-73000.0,3750.0,-73250.0,250000,250000.0,1.0,0,103.59471665284255,1.3800227020309723
JB0500_R0021_C0014,500,21,14,4000.0,-73500.0,4500.0,-73000.0,4250.0,-73250.0,250000,250000.0,1.0,0,103.59920952369859,1.3800223807616407
JB0500_R0021_C0015,500,21,15,4500.0,-73500.0,5000.0,-73000.0,4750.0,-73250.0,250000,250000.0,1.0,0,103.6037023945534,1.3800220509527357
JB0500_R0021_C0016,500,21,16,5000.0,-73500.0,5500.0,-73000.0,5250.0,-73250.0,250000,250000.0,1.0,0,103.60819526540695,1.3800217126042587
JB0500_R0021_C0017,500,21,17,5500.0,-73500.0,6000.0,-73000.0,5750.0,-73250.0,250000,250000.0,1.0,0,103.61268813625922,1.3800213657162121
JB0500_R0021_C0018,500,21,18,6000.0,-73500.0,6500.0,-73000.0,6250.0,-73250.0,250000,250000.0,1.0,0,103.61718100711019,1.3800210102885981
JB0500_R0021_C0019,500,21,19,6500.0,-73500.0,7000.0,-73000.0,6750.0,-73250.0,250000,250000.0,1.0,0,103.62167387795978,1.380020646321419
JB0500_R0021_C0020,500,21,20,7000.0,-73500.0,7500.0,-73000.0,7250.0,-73250.0,250000,250000.0,1.0,0,103.626166748808,1.380020273814677
JB0500_R0021_C0021,500,21,21,7500.0,-73500.0,8000.0,-73000.0,7750.0,-73250.0,250000,250000.0,1.0,0,103.63065961965482,1.380019892768374
JB0500_R0021_C0022,500,21,22,8000.0,-73500.0,8500.0,-73000.0,8250.0,-73250.0,250000,250000.0,1.0,0,103.63515249050019,1.3800195031825127
JB0500_R0021_C0023,500,21,23,8500.0,-73500.0,9000.0,-73000.0,8750.0,-73250.0,250000,250000.0,1.0,0,103.63964536134408,1.3800191050570956
JB0500_R0021_C0024,500,21,24,9000.0,-73500.0,9500.0,-73000.0,9250.0,-73250.0,250000,250000.0,1.0,0,103.64413823218645,1.3800186983921248
JB0500_R0021_C0025,500,21,25,9500.0,-73500.0,10000.0,-73000.0,9750.0,-73250.0,250000,71929.2595411791,0.2877170381647164,1,103.64863110302727,1.380018283187603
JB0500_R0022_C0000,500,22,0,-3000.0,-73000.0,-2500.0,-72500.0,-2750.0,-72750.0,250000,139927.6945101951,0.5597107780407804,1,103.5363095366189,1.3845479142493027
JB0500_R0022_C0001,500,22,1,-2500.0,-73000.0,-2000.0,-72500.0,-2250.0,-72750.0,250000,250000.0,1.0,0,103.54080241598669,1.3845477033054092
JB0500_R0022_C0002,500,22,2,-2000.0,-73000.0,-1500.0,-72500.0,-1750.0,-72750.0,250000,250000.0,1.0,0,103.54529529535367,1.3845474837939293
JB0500_R0022_C0003,500,22,3,-1500.0,-73000.0,-1000.0,-72500.0,-1250.0,-72750.0,250000,250000.0,1.0,0,103.5497881747198,1.384547255714864
JB0500_R0022_C0004,500,22,4,-1000.0,-73000.0,-500.0,-72500.0,-750.0,-72750.0,250000,250000.0,1.0,0,103.55428105408507,1.3845470190682148
JB0500_R0022_C0005,500,22,5,-500.0,-73000.0,0.0,-72500.0,-250.0,-72750.0,250000,250000.0,1.0,0,103.55877393344942,1.384546773853983
JB0500_R0022_C0006,500,22,6,0.0,-73000.0,500.0,-72500.0,250.0,-72750.0,250000,250000.0,1.0,0,103.56326681281283,1.3845465200721703
JB0500_R0022_C0007,500,22,7,500.0,-73000.0,1000.0,-72500.0,750.0,-72750.0,250000,250000.0,1.0,0,103.56775969217527,1.3845462577227783
JB0500_R0022_C0008,500,22,8,1000.0,-73000.0,1500.0,-72500.0,1250.0,-72750.0,250000,250000.0,1.0,0,103.57225257153671,1.3845459868058083
JB0500_R0022_C0009,500,22,9,1500.0,-73000.0,2000.0,-72500.0,1750.0,-72750.0,250000,250000.0,1.0,0,103.57674545089712,1.3845457073212621
JB0500_R0022_C0010,500,22,10,2000.0,-73000.0,2500.0,-72500.0,2250.0,-72750.0,250000,250000.0,1.0,0,103.58123833025645,1.3845454192691418
JB0500_R0022_C0011,500,22,11,2500.0,-73000.0,3000.0,-72500.0,2750.0,-72750.0,250000,250000.0,1.0,0,103.58573120961469,1.3845451226494483
JB0500_R0022_C0012,500,22,12,3000.0,-73000.0,3500.0,-72500.0,3250.0,-72750.0,250000,250000.0,1.0,0,103.5902240889718,1.3845448174621844
JB0500_R0022_C0013,500,22,13,3500.0,-73000.0,4000.0,-72500.0,3750.0,-72750.0,250000,250000.0,1.0,0,103.59471696832773,1.3845445037073516
JB0500_R0022_C0014,500,22,14,4000.0,-73000.0,4500.0,-72500.0,4250.0,-72750.0,250000,250000.0,1.0,0,103.59920984768246,1.3845441813849517
JB0500_R0022_C0015,500,22,15,4500.0,-73000.0,5000.0,-72500.0,4750.0,-72750.0,250000,250000.0,1.0,0,103.60370272703597,1.3845438504949867
JB0500_R0022_C0016,500,22,16,5000.0,-73000.0,5500.0,-72500.0,5250.0,-72750.0,250000,250000.0,1.0,0,103.60819560638821,1.3845435110374587
JB0500_R0022_C0017,500,22,17,5500.0,-73000.0,6000.0,-72500.0,5750.0,-72750.0,250000,250000.0,1.0,0,103.61268848573917,1.3845431630123701
JB0500_R0022_C0018,500,22,18,6000.0,-73000.0,6500.0,-72500.0,6250.0,-72750.0,250000,250000.0,1.0,0,103.6171813650888,1.3845428064197225
JB0500_R0022_C0019,500,22,19,6500.0,-73000.0,7000.0,-72500.0,6750.0,-72750.0,250000,250000.0,1.0,0,103.62167424443706,1.3845424412595182
JB0500_R0022_C0020,500,22,20,7000.0,-73000.0,7500.0,-72500.0,7250.0,-72750.0,250000,250000.0,1.0,0,103.62616712378394,1.38454206753176
JB0500_R0022_C0021,500,22,21,7500.0,-73000.0,8000.0,-72500.0,7750.0,-72750.0,250000,250000.0,1.0,0,103.63066000312939,1.3845416852364494
JB0500_R0022_C0022,500,22,22,8000.0,-73000.0,8500.0,-72500.0,8250.0,-72750.0,250000,250000.0,1.0,0,103.63515288247339,1.3845412943735893
JB0500_R0022_C0023,500,22,23,8500.0,-73000.0,9000.0,-72500.0,8750.0,-72750.0,250000,250000.0,1.0,0,103.6396457618159,1.3845408949431819
JB0500_R0022_C0024,500,22,24,9000.0,-73000.0,9500.0,-72500.0,9250.0,-72750.0,250000,250000.0,1.0,0,103.64413864115689,1.3845404869452298
JB0500_R0022_C0025,500,22,25,9500.0,-73000.0,10000.0,-72500.0,9750.0,-72750.0,250000,202193.29886456922,0.8087731954582769,1,103.64863152049632,1.3845400703797355
JB0500_R0022_C0026,500,22,26,10000.0,-73000.0,10500.0,-72500.0,10250.0,-72750.0,250000,1508.2754440917001,0.006033101776366801,1,103.65312439983417,1.3845396452467011
JB0500_R0023_C0000,500,23,0,-3000.0,-72500.0,-2500.0,-72000.0,-2750.0,-72250.0,250000,158848.03354432102,0.6353921341772841,1,103.53630974229155,1.389069726895205
JB0500_R0023_C0001,500,23,1,-2500.0,-72500.0,-2000.0,-72000.0,-2250.0,-72250.0,250000,250000.0,1.0,0,103.54080263018595,1.3890695152621284
JB0500_R0023_C0002,500,23,2,-2000.0,-72500.0,-1500.0,-72000.0,-1750.0,-72250.0,250000,250000.0,1.0,0,103.54529551807956,1.3890692950334738
JB0500_R0023_C0003,500,23,3,-1500.0,-72500.0,-1000.0,-72000.0,-1250.0,-72250.0,250000,250000.0,1.0,0,103.5497884059723,1.3890690662092426
JB0500_R0023_C0004,500,23,4,-1000.0,-72500.0,-500.0,-72000.0,-750.0,-72250.0,250000,250000.0,1.0,0,103.55428129386416,1.3890688287894357
JB0500_R0023_C0005,500,23,5,-500.0,-72500.0,0.0,-72000.0,-250.0,-72250.0,250000,250000.0,1.0,0,103.55877418175511,1.3890685827740548
JB0500_R0023_C0006,500,23,6,0.0,-72500.0,500.0,-72000.0,250.0,-72250.0,250000,250000.0,1.0,0,103.56326706964511,1.3890683281631016
JB0500_R0023_C0007,500,23,7,500.0,-72500.0,1000.0,-72000.0,750.0,-72250.0,250000,250000.0,1.0,0,103.56775995753414,1.3890680649565774
JB0500_R0023_C0008,500,23,8,1000.0,-72500.0,1500.0,-72000.0,1250.0,-72250.0,250000,250000.0,1.0,0,103.57225284542216,1.389067793154484
JB0500_R0023_C0009,500,23,9,1500.0,-72500.0,2000.0,-72000.0,1750.0,-72250.0,250000,250000.0,1.0,0,103.57674573330912,1.3890675127568228
JB0500_R0023_C0010,500,23,10,2000.0,-72500.0,2500.0,-72000.0,2250.0,-72250.0,250000,250000.0,1.0,0,103.58123862119501,1.389067223763596
JB0500_R0023_C0011,500,23,11,2500.0,-72500.0,3000.0,-72000.0,2750.0,-72250.0,250000,250000.0,1.0,0,103.5857315090798,1.3890669261748048
JB0500_R0023_C0012,500,23,12,3000.0,-72500.0,3500.0,-72000.0,3250.0,-72250.0,250000,250000.0,1.0,0,103.59022439696345,1.3890666199904516
JB0500_R0023_C0013,500,23,13,3500.0,-72500.0,4000.0,-72000.0,3750.0,-72250.0,250000,250000.0,1.0,0,103.59471728484593,1.3890663052105379
JB0500_R0023_C0014,500,23,14,4000.0,-72500.0,4500.0,-72000.0,4250.0,-72250.0,250000,250000.0,1.0,0,103.5992101727272,1.389065981835066
JB0500_R0023_C0015,500,23,15,4500.0,-72500.0,5000.0,-72000.0,4750.0,-72250.0,250000,250000.0,1.0,0,103.60370306060723,1.3890656498640372
JB0500_R0023_C0016,500,23,16,5000.0,-72500.0,5500.0,-72000.0,5250.0,-72250.0,250000,250000.0,1.0,0,103.60819594848599,1.3890653092974543
JB0500_R0023_C0017,500,23,17,5500.0,-72500.0,6000.0,-72000.0,5750.0,-72250.0,250000,250000.0,1.0,0,103.61268883636345,1.3890649601353189
JB0500_R0023_C0018,500,23,18,6000.0,-72500.0,6500.0,-72000.0,6250.0,-72250.0,250000,250000.0,1.0,0,103.61718172423959,1.3890646023776334
JB0500_R0023_C0019,500,23,19,6500.0,-72500.0,7000.0,-72000.0,6750.0,-72250.0,250000,250000.0,1.0,0,103.62167461211433,1.3890642360244
JB0500_R0023_C0020,500,23,20,7000.0,-72500.0,7500.0,-72000.0,7250.0,-72250.0,250000,250000.0,1.0,0,103.62616749998769,1.3890638610756207
JB0500_R0023_C0021,500,23,21,7500.0,-72500.0,8000.0,-72000.0,7750.0,-72250.0,250000,250000.0,1.0,0,103.63066038785962,1.3890634775312982
JB0500_R0023_C0022,500,23,22,8000.0,-72500.0,8500.0,-72000.0,8250.0,-72250.0,250000,250000.0,1.0,0,103.63515327573008,1.3890630853914347
JB0500_R0023_C0023,500,23,23,8500.0,-72500.0,9000.0,-72000.0,8750.0,-72250.0,250000,250000.0,1.0,0,103.63964616359904,1.3890626846560326
JB0500_R0023_C0024,500,23,24,9000.0,-72500.0,9500.0,-72000.0,9250.0,-72250.0,250000,250000.0,1.0,0,103.64413905146647,1.389062275325094
JB0500_R0023_C0025,500,23,25,9500.0,-72500.0,10000.0,-72000.0,9750.0,-72250.0,250000,250000.0,1.0,0,103.64863193933233,1.3890618573986224
JB0500_R0023_C0026,500,23,26,10000.0,-72500.0,10500.0,-72000.0,10250.0,-72250.0,250000,36558.163182138596,0.14623265272855437,1,103.65312482719662,1.3890614308766194
JB0500_R0024_C0000,500,24,0,-3000.0,-72000.0,-2500.0,-71500.0,-2750.0,-71750.0,250000,86000.87924529953,0.3440035169811981,1,103.53630994863546,1.3935915393673894
JB0500_R0024_C0001,500,24,1,-2500.0,-72000.0,-2000.0,-71500.0,-2250.0,-71750.0,250000,250000.0,1.0,0,103.54080284508431,1.3935913270451277
JB0500_R0024_C0002,500,24,2,-2000.0,-72000.0,-1500.0,-71500.0,-1750.0,-71750.0,250000,250000.0,1.0,0,103.54529574153236,1.3935911060992958
JB0500_R0024_C0003,500,24,3,-1500.0,-72000.0,-1000.0,-71500.0,-1250.0,-71750.0,250000,250000.0,1.0,0,103.54978863797953,1.3935908765298957
JB0500_R0024_C0004,500,24,4,-1000.0,-72000.0,-500.0,-71500.0,-750.0,-71750.0,250000,250000.0,1.0,0,103.55428153442583,1.3935906383369285
JB0500_R0024_C0005,500,24,5,-500.0,-72000.0,0.0,-71500.0,-250.0,-71750.0,250000,250000.0,1.0,0,103.5587744308712,1.3935903915203955
JB0500_R0024_C0006,500,24,6,0.0,-72000.0,500.0,-71500.0,250.0,-71750.0,250000,250000.0,1.0,0,103.56326732731561,1.3935901360802987
JB0500_R0024_C0007,500,24,7,500.0,-72000.0,1000.0,-71500.0,750.0,-71750.0,250000,250000.0,1.0,0,103.56776022375907,1.3935898720166395
JB0500_R0024_C0008,500,24,8,1000.0,-72000.0,1500.0,-71500.0,1250.0,-71750.0,250000,250000.0,1.0,0,103.57225312020148,1.3935895993294192
JB0500_R0024_C0009,500,24,9,1500.0,-72000.0,2000.0,-71500.0,1750.0,-71750.0,250000,250000.0,1.0,0,103.57674601664286,1.3935893180186398
JB0500_R0024_C0010,500,24,10,2000.0,-72000.0,2500.0,-71500.0,2250.0,-71750.0,250000,250000.0,1.0,0,103.58123891308313,1.393589028084303
JB0500_R0024_C0011,500,24,11,2500.0,-72000.0,3000.0,-71500.0,2750.0,-71750.0,250000,250000.0,1.0,0,103.5857318095223,1.3935887295264107
JB0500_R0024_C0012,500,24,12,3000.0,-72000.0,3500.0,-71500.0,3250.0,-71750.0,250000,250000.0,1.0,0,103.59022470596034,1.3935884223449644
JB0500_R0024_C0013,500,24,13,3500.0,-72000.0,4000.0,-71500.0,3750.0,-71750.0,250000,250000.0,1.0,0,103.59471760239718,1.3935881065399662
JB0500_R0024_C0014,500,24,14,4000.0,-72000.0,4500.0,-71500.0,4250.0,-71750.0,250000,250000.0,1.0,0,103.59921049883282,1.393587782111418
JB0500_R0024_C0015,500,24,15,4500.0,-72000.0,5000.0,-71500.0,4750.0,-71750.0,250000,250000.0,1.0,0,103.60370339526719,1.3935874490593216
JB0500_R0024_C0016,500,24,16,5000.0,-72000.0,5500.0,-71500.0,5250.0,-71750.0,250000,250000.0,1.0,0,103.6081962917003,1.3935871073836796
JB0500_R0024_C0017,500,24,17,5500.0,-72000.0,6000.0,-71500.0,5750.0,-71750.0,250000,250000.0,1.0,0,103.6126891881321,1.3935867570844938
JB0500_R0024_C0018,500,24,18,6000.0,-72000.0,6500.0,-71500.0,6250.0,-71750.0,250000,250000.0,1.0,0,103.61718208456254,1.3935863981617662
JB0500_R0024_C0019,500,24,19,6500.0,-72000.0,7000.0,-71500.0,6750.0,-71750.0,250000,250000.0,1.0,0,103.62167498099161,1.393586030615499
JB0500_R0024_C0020,500,24,20,7000.0,-72000.0,7500.0,-71500.0,7250.0,-71750.0,250000,250000.0,1.0,0,103.62616787741929,1.393585654445695
JB0500_R0024_C0021,500,24,21,7500.0,-72000.0,8000.0,-71500.0,7750.0,-71750.0,250000,250000.0,1.0,0,103.6306607738455,1.3935852696523556
JB0500_R0024_C0022,500,24,22,8000.0,-72000.0,8500.0,-71500.0,8250.0,-71750.0,250000,250000.0,1.0,0,103.63515367027026,1.393584876235484
JB0500_R0024_C0023,500,24,23,8500.0,-72000.0,9000.0,-71500.0,8750.0,-71750.0,250000,250000.0,1.0,0,103.6396465666935,1.3935844741950825
JB0500_R0024_C0024,500,24,24,9000.0,-72000.0,9500.0,-71500.0,9250.0,-71750.0,250000,250000.0,1.0,0,103.64413946311521,1.393584063531153
JB0500_R0024_C0025,500,24,25,9500.0,-72000.0,10000.0,-71500.0,9750.0,-71750.0,250000,250000.0,1.0,0,103.64863235953534,1.3935836442436986
JB0500_R0024_C0026,500,24,26,10000.0,-72000.0,10500.0,-71500.0,10250.0,-71750.0,250000,107287.11344133718,0.4291484537653487,1,103.65312525595385,1.3935832163327218
JB0500_R0025_C0000,500,25,0,-3000.0,-71500.0,-2500.0,-71000.0,-2750.0,-71250.0,250000,15546.554101887781,0.06218621640755113,1,103.53631015565065,1.3981133516652924
JB0500_R0025_C0001,500,25,1,-2500.0,-71500.0,-2000.0,-71000.0,-2250.0,-71250.0,250000,247002.99820496526,0.9880119928198611,1,103.5408030606818,1.3981131386538421
JB0500_R0025_C0002,500,25,2,-2000.0,-71500.0,-1500.0,-71000.0,-1750.0,-71250.0,250000,250000.0,1.0,0,103.54529596571209,1.3981129169908306
JB0500_R0025_C0003,500,25,3,-1500.0,-71500.0,-1000.0,-71000.0,-1250.0,-71250.0,250000,250000.0,1.0,0,103.54978887074154,1.3981126866762588
JB0500_R0025_C0004,500,25,4,-1000.0,-71500.0,-500.0,-71000.0,-750.0,-71250.0,250000,250000.0,1.0,0,103.5542817757701,1.3981124477101283
JB0500_R0025_C0005,500,25,5,-500.0,-71500.0,0.0,-71000.0,-250.0,-71250.0,250000,250000.0,1.0,0,103.55877468079771,1.3981122000924404
JB0500_R0025_C0006,500,25,6,0.0,-71500.0,500.0,-71000.0,250.0,-71250.0,250000,250000.0,1.0,0,103.56326758582438,1.398111943823197
JB0500_R0025_C0007,500,25,7,500.0,-71500.0,1000.0,-71000.0,750.0,-71250.0,250000,250000.0,1.0,0,103.56776049085006,1.3981116789023995
JB0500_R0025_C0008,500,25,8,1000.0,-71500.0,1500.0,-71000.0,1250.0,-71250.0,250000,250000.0,1.0,0,103.57225339587471,1.3981114053300494
JB0500_R0025_C0009,500,25,9,1500.0,-71500.0,2000.0,-71000.0,1750.0,-71250.0,250000,250000.0,1.0,0,103.57674630089831,1.3981111231061483
JB0500_R0025_C0010,500,25,10,2000.0,-71500.0,2500.0,-71000.0,2250.0,-71250.0,250000,250000.0,1.0,0,103.58123920592082,1.3981108322306983
JB0500_R0025_C0011,500,25,11,2500.0,-71500.0,3000.0,-71000.0,2750.0,-71250.0,250000,250000.0,1.0,0,103.5857321109422,1.398110532703701
JB0500_R0025_C0012,500,25,12,3000.0,-71500.0,3500.0,-71000.0,3250.0,-71250.0,250000,250000.0,1.0,0,103.59022501596243,1.398110224525158
JB0500_R0025_C0013,500,25,13,3500.0,-71500.0,4000.0,-71000.0,3750.0,-71250.0,250000,250000.0,1.0,0,103.59471792098147,1.3981099076950716
JB0500_R0025_C0014,500,25,14,4000.0,-71500.0,4500.0,-71000.0,4250.0,-71250.0,250000,250000.0,1.0,0,103.5992108259993,1.3981095822134435
JB0500_R0025_C0015,500,25,15,4500.0,-71500.0,5000.0,-71000.0,4750.0,-71250.0,250000,250000.0,1.0,0,103.60370373101586,1.398109248080276
JB0500_R0025_C0016,500,25,16,5000.0,-71500.0,5500.0,-71000.0,5250.0,-71250.0,250000,250000.0,1.0,0,103.60819663603114,1.3981089052955706
JB0500_R0025_C0017,500,25,17,5500.0,-71500.0,6000.0,-71000.0,5750.0,-71250.0,250000,250000.0,1.0,0,103.6126895410451,1.3981085538593299
JB0500_R0025_C0018,500,25,18,6000.0,-71500.0,6500.0,-71000.0,6250.0,-71250.0,250000,250000.0,1.0,0,103.61718244605771,1.398108193771556
JB0500_R0025_C0019,500,25,19,6500.0,-71500.0,7000.0,-71000.0,6750.0,-71250.0,250000,250000.0,1.0,0,103.62167535106893,1.3981078250322512
JB0500_R0025_C0020,500,25,20,7000.0,-71500.0,7500.0,-71000.0,7250.0,-71250.0,250000,250000.0,1.0,0,103.62616825607874,1.398107447641417
JB0500_R0025_C0021,500,25,21,7500.0,-71500.0,8000.0,-71000.0,7750.0,-71250.0,250000,250000.0,1.0,0,103.63066116108709,1.398107061599057
JB0500_R0025_C0022,500,25,22,8000.0,-71500.0,8500.0,-71000.0,8250.0,-71250.0,250000,250000.0,1.0,0,103.63515406609395,1.3981066669051725
JB0500_R0025_C0023,500,25,23,8500.0,-71500.0,9000.0,-71000.0,8750.0,-71250.0,250000,250000.0,1.0,0,103.6396469710993,1.3981062635597665
JB0500_R0025_C0024,500,25,24,9000.0,-71500.0,9500.0,-71000.0,9250.0,-71250.0,250000,250000.0,1.0,0,103.64413987610311,1.3981058515628413
JB0500_R0025_C0025,500,25,25,9500.0,-71500.0,10000.0,-71000.0,9750.0,-71250.0,250000,250000.0,1.0,0,103.64863278110532,1.3981054309143992
JB0500_R0025_C0026,500,25,26,10000.0,-71500.0,10500.0,-71000.0,10250.0,-71250.0,250000,207830.71797079936,0.8313228718831974,1,103.65312568610592,1.3981050016144434
JB0500_R0025_C0027,500,25,27,10500.0,-71500.0,11000.0,-71000.0,10750.0,-71250.0,250000,441.78109324252887,0.0017671243729701154,1,103.65761859110488,1.398104563662976
JB0500_R0026_C0001,500,26,1,-2500.0,-71000.0,-2000.0,-70500.0,-2250.0,-70750.0,250000,233488.83461726987,0.9339553384690794,1,103.54080327697837,1.4026349500877067
JB0500_R0026_C0002,500,26,2,-2000.0,-71000.0,-1500.0,-70500.0,-1750.0,-70750.0,250000,250000.0,1.0,0,103.54529619061877,1.4026347277075126
JB0500_R0026_C0003,500,26,3,-1500.0,-71000.0,-1000.0,-70500.0,-1250.0,-70750.0,250000,250000.0,1.0,0,103.54978910425831,1.4026344966477666
JB0500_R0026_C0004,500,26,4,-1000.0,-71000.0,-500.0,-70500.0,-750.0,-70750.0,250000,250000.0,1.0,0,103.55428201789695,1.4026342569084702
JB0500_R0026_C0005,500,26,5,-500.0,-71000.0,0.0,-70500.0,-250.0,-70750.0,250000,250000.0,1.0,0,103.55877493153466,1.4026340084896245
JB0500_R0026_C0006,500,26,6,0.0,-71000.0,500.0,-70500.0,250.0,-70750.0,250000,250000.0,1.0,0,103.5632678451714,1.4026337513912315
JB0500_R0026_C0007,500,26,7,500.0,-71000.0,1000.0,-70500.0,750.0,-70750.0,250000,250000.0,1.0,0,103.56776075880715,1.4026334856132923
JB0500_R0026_C0008,500,26,8,1000.0,-71000.0,1500.0,-70500.0,1250.0,-70750.0,250000,250000.0,1.0,0,103.57225367244186,1.402633211155809
JB0500_R0026_C0009,500,26,9,1500.0,-71000.0,2000.0,-70500.0,1750.0,-70750.0,250000,250000.0,1.0,0,103.57674658607552,1.402632928018783
JB0500_R0026_C0010,500,26,10,2000.0,-71000.0,2500.0,-70500.0,2250.0,-70750.0,250000,250000.0,1.0,0,103.58123949970808,1.4026326362022163
JB0500_R0026_C0011,500,26,11,2500.0,-71000.0,3000.0,-70500.0,2750.0,-70750.0,250000,250000.0,1.0,0,103.5857324133395,1.4026323357061103
JB0500_R0026_C0012,500,26,12,3000.0,-71000.0,3500.0,-70500.0,3250.0,-70750.0,250000,250000.0,1.0,0,103.59022532696977,1.4026320265304675
JB0500_R0026_C0013,500,26,13,3500.0,-71000.0,4000.0,-70500.0,3750.0,-70750.0,250000,250000.0,1.0,0,103.59471824059884,1.4026317086752889
JB0500_R0026_C0014,500,26,14,4000.0,-71000.0,4500.0,-70500.0,4250.0,-70750.0,250000,250000.0,1.0,0,103.59921115422667,1.4026313821405771
JB0500_R0026_C0015,500,26,15,4500.0,-71000.0,5000.0,-70500.0,4750.0,-70750.0,250000,250000.0,1.0,0,103.60370406785324,1.402631046926334
JB0500_R0026_C0016,500,26,16,5000.0,-71000.0,5500.0,-70500.0,5250.0,-70750.0,250000,250000.0,1.0,0,103.60819698147853,1.4026307030325615
JB0500_R0026_C0017,500,26,17,5500.0,-71000.0,6000.0,-70500.0,5750.0,-70750.0,250000,250000.0,1.0,0,103.61268989510249,1.4026303504592619
JB0500_R0026_C0018,500,26,18,6000.0,-71000.0,6500.0,-70500.0,6250.0,-70750.0,250000,250000.0,1.0,0,103.61718280872508,1.4026299892064373
JB0500_R0026_C0019,500,26,19,6500.0,-71000.0,7000.0,-70500.0,6750.0,-70750.0,250000,250000.0,1.0,0,103.62167572234627,1.4026296192740901
JB0500_R0026_C0020,500,26,20,7000.0,-71000.0,7500.0,-70500.0,7250.0,-70750.0,250000,250000.0,1.0,0,103.62616863596605,1.402629240662222
JB0500_R0026_C0021,500,26,21,7500.0,-71000.0,8000.0,-70500.0,7750.0,-70750.0,250000,250000.0,1.0,0,103.63066154958435,1.402628853370836
JB0500_R0026_C0022,500,26,22,8000.0,-71000.0,8500.0,-70500.0,8250.0,-70750.0,250000,250000.0,1.0,0,103.63515446320116,1.4026284573999344
JB0500_R0026_C0023,500,26,23,8500.0,-71000.0,9000.0,-70500.0,8750.0,-70750.0,250000,250000.0,1.0,0,103.63964737681646,1.4026280527495192
JB0500_R0026_C0024,500,26,24,9000.0,-71000.0,9500.0,-70500.0,9250.0,-70750.0,250000,250000.0,1.0,0,103.64414029043019,1.4026276394195931
JB0500_R0026_C0025,500,26,25,9500.0,-71000.0,10000.0,-70500.0,9750.0,-70750.0,250000,250000.0,1.0,0,103.64863320404233,1.4026272174101586
JB0500_R0026_C0026,500,26,26,10000.0,-71000.0,10500.0,-70500.0,10250.0,-70750.0,250000,250000.0,1.0,0,103.65312611765282,1.4026267867212188
JB0500_R0026_C0027,500,26,27,10500.0,-71000.0,11000.0,-70500.0,10750.0,-70750.0,250000,96174.12491704864,0.3846964996681946,1,103.65761903126167,1.4026263473527756
JB0500_R0027_C0001,500,27,1,-2500.0,-70500.0,-2000.0,-70000.0,-2250.0,-70250.0,250000,199419.27228591577,0.7976770891436631,1,103.54080349397405,1.4071567613461557
JB0500_R0027_C0002,500,27,2,-2000.0,-70500.0,-1500.0,-70000.0,-1750.0,-70250.0,250000,250000.0,1.0,0,103.5452964162524,1.4071565382487767
JB0500_R0027_C0003,500,27,3,-1500.0,-70500.0,-1000.0,-70000.0,-1250.0,-70250.0,250000,250000.0,1.0,0,103.54978933852985,1.4071563064438537
JB0500_R0027_C0004,500,27,4,-1000.0,-70500.0,-500.0,-70000.0,-750.0,-70250.0,250000,250000.0,1.0,0,103.5542822608064,1.4071560659313882
JB0500_R0027_C0005,500,27,5,-500.0,-70500.0,0.0,-70000.0,-250.0,-70250.0,250000,250000.0,1.0,0,103.55877518308203,1.4071558167113818
JB0500_R0027_C0006,500,27,6,0.0,-70500.0,500.0,-70000.0,250.0,-70250.0,250000,250000.0,1.0,0,103.56326810535668,1.407155558783836
JB0500_R0027_C0007,500,27,7,500.0,-70500.0,1000.0,-70000.0,750.0,-70250.0,250000,250000.0,1.0,0,103.56776102763033,1.4071552921487525
JB0500_R0027_C0008,500,27,8,1000.0,-70500.0,1500.0,-70000.0,1250.0,-70250.0,250000,250000.0,1.0,0,103.57225394990293,1.4071550168061326
JB0500_R0027_C0009,500,27,9,1500.0,-70500.0,2000.0,-70000.0,1750.0,-70250.0,250000,250000.0,1.0,0,103.57674687217447,1.4071547327559784
JB0500_R0027_C0010,500,27,10,2000.0,-70500.0,2500.0,-70000.0,2250.0,-70250.0,250000,250000.0,1.0,0,103.58123979444491,1.4071544399982914
JB0500_R0027_C0011,500,27,11,2500.0,-70500.0,3000.0,-70000.0,2750.0,-70250.0,250000,250000.0,1.0,0,103.5857327167142,1.4071541385330735
JB0500_R0027_C0012,500,27,12,3000.0,-70500.0,3500.0,-70000.0,3250.0,-70250.0,250000,250000.0,1.0,0,103.59022563898233,1.4071538283603264
JB0500_R0027_C0013,500,27,13,3500.0,-70500.0,4000.0,-70000.0,3750.0,-70250.0,250000,250000.0,1.0,0,103.59471856124925,1.4071535094800522
JB0500_R0027_C0014,500,27,14,4000.0,-70500.0,4500.0,-70000.0,4250.0,-70250.0,250000,250000.0,1.0,0,103.59921148351495,1.407153181892253
JB0500_R0027_C0015,500,27,15,4500.0,-70500.0,5000.0,-70000.0,4750.0,-70250.0,250000,250000.0,1.0,0,103.60370440577935,1.4071528455969302
JB0500_R0027_C0016,500,27,16,5000.0,-70500.0,5500.0,-70000.0,5250.0,-70250.0,250000,250000.0,1.0,0,103.60819732804248,1.4071525005940866
JB0500_R0027_C0017,500,27,17,5500.0,-70500.0,6000.0,-70000.0,5750.0,-70250.0,250000,250000.0,1.0,0,103.61269025030425,1.407152146883724
JB0500_R0027_C0018,500,27,18,6000.0,-70500.0,6500.0,-70000.0,6250.0,-70250.0,250000,250000.0,1.0,0,103.61718317256465,1.4071517844658443
JB0500_R0027_C0019,500,27,19,6500.0,-70500.0,7000.0,-70000.0,6750.0,-70250.0,250000,250000.0,1.0,0,103.62167609482366,1.4071514133404504
JB0500_R0027_C0020,500,27,20,7000.0,-70500.0,7500.0,-70000.0,7250.0,-70250.0,250000,250000.0,1.0,0,103.62616901708122,1.407151033507544
JB0500_R0027_C0021,500,27,21,7500.0,-70500.0,8000.0,-70000.0,7750.0,-70250.0,250000,250000.0,1.0,0,103.63066193933732,1.4071506449671276
JB0500_R0027_C0022,500,27,22,8000.0,-70500.0,8500.0,-70000.0,8250.0,-70250.0,250000,250000.0,1.0,0,103.63515486159191,1.4071502477192037
JB0500_R0027_C0023,500,27,23,8500.0,-70500.0,9000.0,-70000.0,8750.0,-70250.0,250000,250000.0,1.0,0,103.63964778384498,1.4071498417637744
JB0500_R0027_C0024,500,27,24,9000.0,-70500.0,9500.0,-70000.0,9250.0,-70250.0,250000,250000.0,1.0,0,103.64414070609647,1.407149427100843
JB0500_R0027_C0025,500,27,25,9500.0,-70500.0,10000.0,-70000.0,9750.0,-70250.0,250000,250000.0,1.0,0,103.64863362834635,1.407149003730411
JB0500_R0027_C0026,500,27,26,10000.0,-70500.0,10500.0,-70000.0,10250.0,-70250.0,250000,250000.0,1.0,0,103.65312655059458,1.4071485716524819
JB0500_R0027_C0027,500,27,27,10500.0,-70500.0,11000.0,-70000.0,10750.0,-70250.0,250000,235737.7037632316,0.9429508150529264,1,103.65761947284116,1.407148130867058
JB0500_R0027_C0028,500,27,28,11000.0,-70500.0,11500.0,-70000.0,11250.0,-70250.0,250000,29287.483425026538,0.11714993370010615,1,103.66211239508603,1.4071476813741417
JB0500_R0028_C0001,500,28,1,-2500.0,-70000.0,-2000.0,-69500.0,-2250.0,-69750.0,250000,126361.50481863582,0.5054460192745432,1,103.54080371166887,1.411678572428625
JB0500_R0028_C0002,500,28,2,-2000.0,-70000.0,-1500.0,-69500.0,-1750.0,-69750.0,250000,250000.0,1.0,0,103.54529664261295,1.411678348614058
JB0500_R0028_C0003,500,28,3,-1500.0,-70000.0,-1000.0,-69500.0,-1250.0,-69750.0,250000,250000.0,1.0,0,103.54978957355617,1.4116781160639553
JB0500_R0028_C0004,500,28,4,-1000.0,-70000.0,-500.0,-69500.0,-750.0,-69750.0,250000,250000.0,1.0,0,103.55428250449849,1.411677874778318
JB0500_R0028_C0005,500,28,5,-500.0,-70000.0,0.0,-69500.0,-250.0,-69750.0,250000,250000.0,1.0,0,103.55877543543984,1.411677624757148
JB0500_R0028_C0006,500,28,6,0.0,-70000.0,500.0,-69500.0,250.0,-69750.0,250000,250000.0,1.0,0,103.56326836638023,1.4116773660004467
JB0500_R0028_C0007,500,28,7,500.0,-70000.0,1000.0,-69500.0,750.0,-69750.0,250000,250000.0,1.0,0,103.56776129731959,1.4116770985082152
JB0500_R0028_C0008,500,28,8,1000.0,-70000.0,1500.0,-69500.0,1250.0,-69750.0,250000,250000.0,1.0,0,103.57225422825793,1.4116768222804557
JB0500_R0028_C0009,500,28,9,1500.0,-70000.0,2000.0,-69500.0,1750.0,-69750.0,250000,250000.0,1.0,0,103.5767471591952,1.4116765373171698
JB0500_R0028_C0010,500,28,10,2000.0,-70000.0,2500.0,-69500.0,2250.0,-69750.0,250000,250000.0,1.0,0,103.58124009013133,1.4116762436183592
JB0500_R0028_C0011,500,28,11,2500.0,-70000.0,3000.0,-69500.0,2750.0,-69750.0,250000,250000.0,1.0,0,103.58573302106633,1.4116759411840256
JB0500_R0028_C0012,500,28,12,3000.0,-70000.0,3500.0,-69500.0,3250.0,-69750.0,250000,250000.0,1.0,0,103.59022595200015,1.411675630014171
JB0500_R0028_C0013,500,28,13,3500.0,-70000.0,4000.0,-69500.0,3750.0,-69750.0,250000,250000.0,1.0,0,103.59471888293277,1.4116753101087973
JB0500_R0028_C0014,500,28,14,4000.0,-70000.0,4500.0,-69500.0,4250.0,-69750.0,250000,250000.0,1.0,0,103.59921181386413,1.4116749814679064
JB0500_R0028_C0015,500,28,15,4500.0,-70000.0,5000.0,-69500.0,4750.0,-69750.0,250000,250000.0,1.0,0,103.60370474479421,1.4116746440915005
JB0500_R0028_C0016,500,28,16,5000.0,-70000.0,5500.0,-69500.0,5250.0,-69750.0,250000,250000.0,1.0,0,103.60819767572299,1.4116742979795813
JB0500_R0028_C0017,500,28,17,5500.0,-70000.0,6000.0,-69500.0,5750.0,-69750.0,250000,250000.0,1.0,0,103.61269060665042,1.4116739431321514
JB0500_R0028_C0018,500,28,18,6000.0,-70000.0,6500.0,-69500.0,6250.0,-69750.0,250000,250000.0,1.0,0,103.61718353757647,1.4116735795492128
JB0500_R0028_C0019,500,28,19,6500.0,-70000.0,7000.0,-69500.0,6750.0,-69750.0,250000,250000.0,1.0,0,103.62167646850111,1.4116732072307676
JB0500_R0028_C0020,500,28,20,7000.0,-70000.0,7500.0,-69500.0,7250.0,-69750.0,250000,250000.0,1.0,0,103.6261693994243,1.4116728261768179
JB0500_R0028_C0021,500,28,21,7500.0,-70000.0,8000.0,-69500.0,7750.0,-69750.0,250000,250000.0,1.0,0,103.63066233034601,1.411672436387367
JB0500_R0028_C0022,500,28,22,8000.0,-70000.0,8500.0,-69500.0,8250.0,-69750.0,250000,250000.0,1.0,0,103.6351552612662,1.4116720378624161
JB0500_R0028_C0023,500,28,23,8500.0,-70000.0,9000.0,-69500.0,8750.0,-69750.0,250000,250000.0,1.0,0,103.63964819218486,1.4116716306019683
JB0500_R0028_C0024,500,28,24,9000.0,-70000.0,9500.0,-69500.0,9250.0,-69750.0,250000,250000.0,1.0,0,103.64414112310193,1.411671214606026
JB0500_R0028_C0025,500,28,25,9500.0,-70000.0,10000.0,-69500.0,9750.0,-69750.0,250000,250000.0,1.0,0,103.64863405401739,1.411670789874592
JB0500_R0028_C0026,500,28,26,10000.0,-70000.0,10500.0,-69500.0,10250.0,-69750.0,250000,250000.0,1.0,0,103.65312698493119,1.4116703564076685
JB0500_R0028_C0027,500,28,27,10500.0,-70000.0,11000.0,-69500.0,10750.0,-69750.0,250000,250000.0,1.0,0,103.65761991584333,1.4116699142052582
JB0500_R0028_C0028,500,28,28,11000.0,-70000.0,11500.0,-69500.0,11250.0,-69750.0,250000,198305.59441555117,0.7932223776622047,1,103.66211284675374,1.411669463267364
JB0500_R0028_C0029,500,28,29,11500.0,-70000.0,12000.0,-69500.0,11750.0,-69750.0,250000,17501.585314036158,0.07000634125614463,1,103.66660577766241,1.4116690035939887
JB0500_R0029_C0001,500,29,1,-2500.0,-69500.0,-2000.0,-69000.0,-2250.0,-69250.0,250000,49702.042958967984,0.19880817183587193,1,103.54080393006282,1.4162003833345491
JB0500_R0029_C0002,500,29,2,-2000.0,-69500.0,-1500.0,-69000.0,-1750.0,-69250.0,250000,250000.0,1.0,0,103.5452968697005,1.4162001588027917
JB0500_R0029_C0003,500,29,3,-1500.0,-69500.0,-1000.0,-69000.0,-1250.0,-69250.0,250000,250000.0,1.0,0,103.5497898093373,1.4161999255075066
JB0500_R0029_C0004,500,29,4,-1000.0,-69500.0,-500.0,-69000.0,-750.0,-69250.0,250000,250000.0,1.0,0,103.55428274897316,1.416199683448695
JB0500_R0029_C0005,500,29,5,-500.0,-69500.0,0.0,-69000.0,-250.0,-69250.0,250000,250000.0,1.0,0,103.55877568860811,1.416199432626358
JB0500_R0029_C0006,500,29,6,0.0,-69500.0,500.0,-69000.0,250.0,-69250.0,250000,250000.0,1.0,0,103.56326862824206,1.4161991730404977
JB0500_R0029_C0007,500,29,7,500.0,-69500.0,1000.0,-69000.0,750.0,-69250.0,250000,250000.0,1.0,0,103.567761567875,1.4161989046911156
JB0500_R0029_C0008,500,29,8,1000.0,-69500.0,1500.0,-69000.0,1250.0,-69250.0,250000,250000.0,1.0,0,103.57225450750687,1.416198627578213
JB0500_R0029_C0009,500,29,9,1500.0,-69500.0,2000.0,-69000.0,1750.0,-69250.0,250000,250000.0,1.0,0,103.57674744713768,1.416198341701792
JB0500_R0029_C0010,500,29,10,2000.0,-69500.0,2500.0,-69000.0,2250.0,-69250.0,250000,250000.0,1.0,0,103.58124038676736,1.4161980470618543
JB0500_R0029_C0011,500,29,11,2500.0,-69500.0,3000.0,-69000.0,2750.0,-69250.0,250000,250000.0,1.0,0,103.58573332639588,1.4161977436584015
JB0500_R0029_C0012,500,29,12,3000.0,-69500.0,3500.0,-69000.0,3250.0,-69250.0,250000,250000.0,1.0,0,103.59022626602324,1.4161974314914356
JB0500_R0029_C0013,500,29,13,3500.0,-69500.0,4000.0,-69000.0,3750.0,-69250.0,250000,250000.0,1.0,0,103.59471920564935,1.4161971105609585
JB0500_R0029_C0014,500,29,14,4000.0,-69500.0,4500.0,-69000.0,4250.0,-69250.0,250000,250000.0,1.0,0,103.59921214527424,1.4161967808669724
JB0500_R0029_C0015,500,29,15,4500.0,-69500.0,5000.0,-69000.0,4750.0,-69250.0,250000,250000.0,1.0,0,103.60370508489783,1.416196442409479
JB0500_R0029_C0016,500,29,16,5000.0,-69500.0,5500.0,-69000.0,5250.0,-69250.0,250000,250000.0,1.0,0,103.60819802452008,1.4161960951884804
JB0500_R0029_C0017,500,29,17,5500.0,-69500.0,6000.0,-69000.0,5750.0,-69250.0,250000,250000.0,1.0,0,103.61269096414098,1.416195739203979
JB0500_R0029_C0018,500,29,18,6000.0,-69500.0,6500.0,-69000.0,6250.0,-69250.0,250000,250000.0,1.0,0,103.61718390376052,1.416195374455977
JB0500_R0029_C0019,500,29,19,6500.0,-69500.0,7000.0,-69000.0,6750.0,-69250.0,250000,250000.0,1.0,0,103.62167684337862,1.416195000944476
JB0500_R0029_C0020,500,29,20,7000.0,-69500.0,7500.0,-69000.0,7250.0,-69250.0,250000,250000.0,1.0,0,103.62616978299528,1.4161946186694792
JB0500_R0029_C0021,500,29,21,7500.0,-69500.0,8000.0,-69000.0,7750.0,-69250.0,250000,250000.0,1.0,0,103.63066272261042,1.4161942276309885
JB0500_R0029_C0022,500,29,22,8000.0,-69500.0,8500.0,-69000.0,8250.0,-69250.0,250000,250000.0,1.0,0,103.63515566222407,1.416193827829006
JB0500_R0029_C0023,500,29,23,8500.0,-69500.0,9000.0,-69000.0,8750.0,-69250.0,250000,250000.0,1.0,0,103.63964860183613,1.4161934192635346
JB0500_R0029_C0024,500,29,24,9000.0,-69500.0,9500.0,-69000.0,9250.0,-69250.0,250000,250000.0,1.0,0,103.64414154144663,1.416193001934577
JB0500_R0029_C0025,500,29,25,9500.0,-69500.0,10000.0,-69000.0,9750.0,-69250.0,250000,250000.0,1.0,0,103.64863448105548,1.4161925758421354
JB0500_R0029_C0026,500,29,26,10000.0,-69500.0,10500.0,-69000.0,10250.0,-69250.0,250000,250000.0,1.0,0,103.6531274206627,1.4161921409862124
JB0500_R0029_C0027,500,29,27,10500.0,-69500.0,11000.0,-69000.0,10750.0,-69250.0,250000,250000.0,1.0,0,103.6576203602682,1.416191697366811
JB0500_R0029_C0028,500,29,28,11000.0,-69500.0,11500.0,-69000.0,11250.0,-69250.0,250000,250000.0,1.0,0,103.66211329987199,1.4161912449839336
JB0500_R0029_C0029,500,29,29,11500.0,-69500.0,12000.0,-69000.0,11750.0,-69250.0,250000,190672.96676517406,0.7626918670606962,1,103.66660623947402,1.416190783837583
JB0500_R0030_C0001,500,30,1,-2500.0,-69000.0,-2000.0,-68500.0,-2250.0,-68750.0,250000,189.5849079128621,0.0007583396316514484,1,103.54080414915589,1.4207221940633628
JB0500_R0030_C0002,500,30,2,-2000.0,-69000.0,-1500.0,-68500.0,-1750.0,-68750.0,250000,203615.06203811476,0.814460248152459,1,103.54529709751499,1.4207219688144124
JB0500_R0030_C0003,500,30,3,-1500.0,-69000.0,-1000.0,-68500.0,-1250.0,-68750.0,250000,250000.0,1.0,0,103.5497900458732,1.4207217347739418
JB0500_R0030_C0004,500,30,4,-1000.0,-69000.0,-500.0,-68500.0,-750.0,-68750.0,250000,250000.0,1.0,0,103.55428299423049,1.4207214919419529
JB0500_R0030_C0005,500,30,5,-500.0,-69000.0,0.0,-68500.0,-250.0,-68750.0,250000,250000.0,1.0,0,103.55877594258683,1.4207212403184462
JB0500_R0030_C0006,500,30,6,0.0,-69000.0,500.0,-68500.0,250.0,-68750.0,250000,250000.0,1.0,0,103.56326889094217,1.4207209799034242
JB0500_R0030_C0007,500,30,7,500.0,-69000.0,1000.0,-68500.0,750.0,-68750.0,250000,250000.0,1.0,0,103.5677618392965,1.420720710696888
JB0500_R0030_C0008,500,30,8,1000.0,-69000.0,1500.0,-68500.0,1250.0,-68750.0,250000,250000.0,1.0,0,103.57225478764977,1.4207204326988392
JB0500_R0030_C0009,500,30,9,1500.0,-69000.0,2000.0,-68500.0,1750.0,-68750.0,250000,250000.0,1.0,0,103.57674773600193,1.4207201459092798
JB0500_R0030_C0010,500,30,10,2000.0,-69000.0,2500.0,-68500.0,2250.0,-68750.0,250000,250000.0,1.0,0,103.58124068435299,1.4207198503282112
JB0500_R0030_C0011,500,30,11,2500.0,-69000.0,3000.0,-68500.0,2750.0,-68750.0,250000,250000.0,1.0,0,103.58573363270287,1.4207195459556357
JB0500_R0030_C0012,500,30,12,3000.0,-69000.0,3500.0,-68500.0,3250.0,-68750.0,250000,250000.0,1.0,0,103.59022658105158,1.4207192327915548
JB0500_R0030_C0013,500,30,13,3500.0,-69000.0,4000.0,-68500.0,3750.0,-68750.0,250000,250000.0,1.0,0,103.59471952939906,1.4207189108359708
JB0500_R0030_C0014,500,30,14,4000.0,-69000.0,4500.0,-68500.0,4250.0,-68750.0,250000,250000.0,1.0,0,103.59921247774525,1.420718580088885
JB0500_R0030_C0015,500,30,15,4500.0,-69000.0,5000.0,-68500.0,4750.0,-68750.0,250000,250000.0,1.0,0,103.60370542609017,1.4207182405503003
JB0500_R0030_C0016,500,30,16,5000.0,-69000.0,5500.0,-68500.0,5250.0,-68750.0,250000,250000.0,1.0,0,103.60819837443377,1.4207178922202184
JB0500_R0030_C0017,500,30,17,5500.0,-69000.0,6000.0,-68500.0,5750.0,-68750.0,250000,250000.0,1.0,0,103.61269132277599,1.4207175350986412
JB0500_R0030_C0018,500,30,18,6000.0,-69000.0,6500.0,-68500.0,6250.0,-68750.0,250000,250000.0,1.0,0,103.61718427111681,1.4207171691855711
JB0500_R0030_C0019,500,30,19,6500.0,-69000.0,7000.0,-68500.0,6750.0,-68750.0,250000,250000.0,1.0,0,103.6216772194562,1.4207167944810104
JB0500_R0030_C0020,500,30,20,7000.0,-69000.0,7500.0,-68500.0,7250.0,-68750.0,250000,250000.0,1.0,0,103.62617016779414,1.4207164109849615
JB0500_R0030_C0021,500,30,21,7500.0,-69000.0,8000.0,-68500.0,7750.0,-68750.0,250000,250000.0,1.0,0,103.63066311613058,1.4207160186974266
JB0500_R0030_C0022,500,30,22,8000.0,-69000.0,8500.0,-68500.0,8250.0,-68750.0,250000,250000.0,1.0,0,103.63515606446548,1.420715617618408
JB0500_R0030_C0023,500,30,23,8500.0,-69000.0,9000.0,-68500.0,8750.0,-68750.0,250000,250000.0,1.0,0,103.63964901279881,1.4207152077479084
JB0500_R0030_C0024,500,30,24,9000.0,-69000.0,9500.0,-68500.0,9250.0,-68750.0,250000,250000.0,1.0,0,103.64414196113054,1.42071478908593
JB0500_R0030_C0025,500,30,25,9500.0,-69000.0,10000.0,-68500.0,9750.0,-68750.0,250000,250000.0,1.0,0,103.64863490946064,1.420714361632476
JB0500_R0030_C0026,500,30,26,10000.0,-69000.0,10500.0,-68500.0,10250.0,-68750.0,250000,250000.0,1.0,0,103.65312785778907,1.4207139253875485
JB0500_R0030_C0027,500,30,27,10500.0,-69000.0,11000.0,-68500.0,10750.0,-68750.0,250000,250000.0,1.0,0,103.6576208061158,1.42071348035115
JB0500_R0030_C0028,500,30,28,11000.0,-69000.0,11500.0,-68500.0,11250.0,-68750.0,250000,250000.0,1.0,0,103.66211375444078,1.4207130265232841
JB0500_R0030_C0029,500,30,29,11500.0,-69000.0,12000.0,-68500.0,11750.0,-68750.0,250000,249917.21936542055,0.9996688774616822,1,103.666606702764,1.4207125639039528
JB0500_R0030_C0030,500,30,30,12000.0,-69000.0,12500.0,-68500.0,12250.0,-68750.0,250000,41331.60140447434,0.16532640561789738,1,103.67109965108543,1.4207120924931596
JB0500_R0030_C0095,500,30,95,44500.0,-69000.0,45000.0,-68500.0,44750.0,-68750.0,250000,19344.467896876333,0.07737787158750534,1,103.96314128648,1.4206625932855101
JB0500_R0030_C0096,500,30,96,45000.0,-69000.0,45500.0,-68500.0,45250.0,-68750.0,250000,61845.99175502808,0.2473839670201123,1,103.96763423460722,1.4206615416472161
JB0500_R0030_C0097,500,30,97,45500.0,-69000.0,46000.0,-68500.0,45750.0,-68750.0,250000,40361.462376491516,0.16144584950596608,1,103.97212718273038,1.4206604812177739
JB0500_R0030_C0098,500,30,98,46000.0,-69000.0,46500.0,-68500.0,46250.0,-68750.0,250000,3.7195991786207694,1.4878396714483078e-05,1,103.97662013084941,1.42065941199719
JB0500_R0030_C0102,500,30,102,48000.0,-69000.0,48500.0,-68500.0,48250.0,-68750.0,250000,10637.226271609872,0.042548905086439485,1,103.99459192328375,1.420655047203571
JB0500_R0030_C0103,500,30,103,48500.0,-69000.0,49000.0,-68500.0,48750.0,-68750.0,250000,96127.15614549523,0.38450862458198093,1,103.9990848713817,1.420653934027379
JB0500_R0030_C0104,500,30,104,49000.0,-69000.0,49500.0,-68500.0,49250.0,-68750.0,250000,37781.82014603281,0.15112728058413125,1,104.00357781947534,1.4206528120600854
JB0500_R0031_C0002,500,31,2,-2000.0,-68500.0,-1500.0,-68000.0,-1750.0,-68250.0,250000,103745.0828943357,0.4149803315773428,1,103.54529732605646,1.4252437786483552
JB0500_R0031_C0003,500,31,3,-1500.0,-68500.0,-1000.0,-68000.0,-1250.0,-68250.0,250000,250000.0,1.0,0,103.54979028316392,1.4252435438626967
JB0500_R0031_C0004,500,31,4,-1000.0,-68500.0,-500.0,-68000.0,-750.0,-68250.0,250000,250000.0,1.0,0,103.55428324027045,1.425243300257527
JB0500_R0031_C0005,500,31,5,-500.0,-68500.0,0.0,-68000.0,-250.0,-68250.0,250000,250000.0,1.0,0,103.55877619737602,1.425243047832848
JB0500_R0031_C0006,500,31,6,0.0,-68500.0,500.0,-68000.0,250.0,-68250.0,250000,250000.0,1.0,0,103.5632691544806,1.4252427865886608
JB0500_R0031_C0007,500,31,7,500.0,-68500.0,1000.0,-68000.0,750.0,-68250.0,250000,250000.0,1.0,0,103.56776211158413,1.4252425165249674
JB0500_R0031_C0008,500,31,8,1000.0,-68500.0,1500.0,-68000.0,1250.0,-68250.0,250000,250000.0,1.0,0,103.57225506868662,1.425242237641769
JB0500_R0031_C0009,500,31,9,1500.0,-68500.0,2000.0,-68000.0,1750.0,-68250.0,250000,250000.0,1.0,0,103.57674802578799,1.4252419499390678
JB0500_R0031_C0010,500,31,10,2000.0,-68500.0,2500.0,-68000.0,2250.0,-68250.0,250000,250000.0,1.0,0,103.58124098288823,1.4252416534168653
JB0500_R0031_C0011,500,31,11,2500.0,-68500.0,3000.0,-68000.0,2750.0,-68250.0,250000,250000.0,1.0,0,103.58573393998732,1.4252413480751633
JB0500_R0031_C0012,500,31,12,3000.0,-68500.0,3500.0,-68000.0,3250.0,-68250.0,250000,250000.0,1.0,0,103.5902268970852,1.4252410339139638
JB0500_R0031_C0013,500,31,13,3500.0,-68500.0,4000.0,-68000.0,3750.0,-68250.0,250000,250000.0,1.0,0,103.59471985418185,1.425240710933269
JB0500_R0031_C0014,500,31,14,4000.0,-68500.0,4500.0,-68000.0,4250.0,-68250.0,250000,250000.0,1.0,0,103.59921281127723,1.42524037913308
JB0500_R0031_C0015,500,31,15,4500.0,-68500.0,5000.0,-68000.0,4750.0,-68250.0,250000,250000.0,1.0,0,103.60370576837131,1.4252400385133999
JB0500_R0031_C0016,500,31,16,5000.0,-68500.0,5500.0,-68000.0,5250.0,-68250.0,250000,250000.0,1.0,0,103.60819872546405,1.42523968907423
JB0500_R0031_C0017,500,31,17,5500.0,-68500.0,6000.0,-68000.0,5750.0,-68250.0,250000,250000.0,1.0,0,103.61269168255542,1.425239330815573
JB0500_R0031_C0018,500,31,18,6000.0,-68500.0,6500.0,-68000.0,6250.0,-68250.0,250000,250000.0,1.0,0,103.61718463964537,1.4252389637374308
JB0500_R0031_C0019,500,31,19,6500.0,-68500.0,7000.0,-68000.0,6750.0,-68250.0,250000,250000.0,1.0,0,103.62167759673389,1.4252385878398057
JB0500_R0031_C0020,500,31,20,7000.0,-68500.0,7500.0,-68000.0,7250.0,-68250.0,250000,250000.0,1.0,0,103.62617055382094,1.4252382031227
JB0500_R0031_C0021,500,31,21,7500.0,-68500.0,8000.0,-68000.0,7750.0,-68250.0,250000,250000.0,1.0,0,103.63066351090649,1.4252378095861162
JB0500_R0031_C0022,500,31,22,8000.0,-68500.0,8500.0,-68000.0,8250.0,-68250.0,250000,250000.0,1.0,0,103.63515646799048,1.4252374072300569
JB0500_R0031_C0023,500,31,23,8500.0,-68500.0,9000.0,-68000.0,8750.0,-68250.0,250000,250000.0,1.0,0,103.63964942507289,1.425236996054524
JB0500_R0031_C0024,500,31,24,9000.0,-68500.0,9500.0,-68000.0,9250.0,-68250.0,250000,250000.0,1.0,0,103.6441423821537,1.4252365760595203
JB0500_R0031_C0025,500,31,25,9500.0,-68500.0,10000.0,-68000.0,9750.0,-68250.0,250000,250000.0,1.0,0,103.64863533923287,1.4252361472450488
JB0500_R0031_C0026,500,31,26,10000.0,-68500.0,10500.0,-68000.0,10250.0,-68250.0,250000,250000.0,1.0,0,103.65312829631036,1.4252357096111115
JB0500_R0031_C0027,500,31,27,10500.0,-68500.0,11000.0,-68000.0,10750.0,-68250.0,250000,250000.0,1.0,0,103.65762125338613,1.4252352631577112
JB0500_R0031_C0028,500,31,28,11000.0,-68500.0,11500.0,-68000.0,11250.0,-68250.0,250000,250000.0,1.0,0,103.66211421046016,1.4252348078848511
JB0500_R0031_C0029,500,31,29,11500.0,-68500.0,12000.0,-68000.0,11750.0,-68250.0,250000,250000.0,1.0,0,103.66660716753239,1.4252343437925337
JB0500_R0031_C0030,500,31,30,12000.0,-68500.0,12500.0,-68000.0,12250.0,-68250.0,250000,131476.4563213521,0.5259058252854084,1,103.67110012460282,1.425233870880762
JB0500_R0031_C0082,500,31,82,38000.0,-68500.0,38500.0,-68000.0,38250.0,-68250.0,250000,1327.949021663011,0.005311796086652045,1,103.90473388891485,1.425197126349833
JB0500_R0031_C0083,500,31,83,38500.0,-68500.0,39000.0,-68000.0,38750.0,-68250.0,250000,7982.593981582416,0.03193037592632966,1,103.90922684584011,1.4251961860124904
JB0500_R0031_C0084,500,31,84,39000.0,-68500.0,39500.0,-68000.0,39250.0,-68250.0,250000,39943.281327249664,0.15977312530899865,1,103.91371980276172,1.4251952368559284
JB0500_R0031_C0085,500,31,85,39500.0,-68500.0,40000.0,-68000.0,39750.0,-68250.0,250000,17587.47368738115,0.07034989474952459,1,103.91821275967963,1.4251942788801528
JB0500_R0031_C0090,500,31,90,42000.0,-68500.0,42500.0,-68000.0,42250.0,-68250.0,250000,4142.096442117355,0.016568385768469418,1,103.94067754421256,1.4251893567132783
JB0500_R0031_C0091,500,31,91,42500.0,-68500.0,43000.0,-68000.0,42750.0,-68250.0,250000,53225.04308274311,0.21290017233097244,1,103.94517050110758,1.4251883458223467
JB0500_R0031_C0092,500,31,92,43000.0,-68500.0,43500.0,-68000.0,43250.0,-68250.0,250000,114115.10180530153,0.4564604072212061,1,103.94966345799867,1.4251873261122439
JB0500_R0031_C0093,500,31,93,43500.0,-68500.0,44000.0,-68000.0,43750.0,-68250.0,250000,164200.13409033365,0.6568005363613346,1,103.95415641488579,1.4251862975829759
JB0500_R0031_C0094,500,31,94,44000.0,-68500.0,44500.0,-68000.0,44250.0,-68250.0,250000,177801.51290134527,0.7112060516053811,1,103.95864937176889,1.4251852602345494
JB0500_R0031_C0095,500,31,95,44500.0,-68500.0,45000.0,-68000.0,44750.0,-68250.0,250000,242162.74104185795,0.9686509641674318,1,103.96314232864796,1.4251842140669708
JB0500_R0031_C0096,500,31,96,45000.0,-68500.0,45500.0,-68000.0,45250.0,-68250.0,250000,250000.0,1.0,0,103.96763528552297,1.4251831590802464
JB0500_R0031_C0097,500,31,97,45500.0,-68500.0,46000.0,-68000.0,45750.0,-68250.0,250000,250000.0,1.0,0,103.97212824239386,1.4251820952743826
JB0500_R0031_C0098,500,31,98,46000.0,-68500.0,46500.0,-68000.0,46250.0,-68250.0,250000,210922.42482268205,0.8436896992907282,1,103.9766211992606,1.4251810226493862
JB0500_R0031_C0099,500,31,99,46500.0,-68500.0,47000.0,-68000.0,46750.0,-68250.0,250000,183702.19858345613,0.7348087943338245,1,103.9811141561232,1.4251799412052635
JB0500_R0031_C0100,500,31,100,47000.0,-68500.0,47500.0,-68000.0,47250.0,-68250.0,250000,158938.95125546202,0.635755805021848,1,103.98560711298157,1.4251788509420216
JB0500_R0031_C0101,500,31,101,47500.0,-68500.0,48000.0,-68000.0,47750.0,-68250.0,250000,157949.49738964654,0.6317979895585861,1,103.9901000698357,1.4251777518596669
JB0500_R0031_C0102,500,31,102,48000.0,-68500.0,48500.0,-68000.0,48250.0,-68250.0,250000,234079.52170491283,0.9363180868196513,1,103.99459302668555,1.4251766439582059
JB0500_R0031_C0103,500,31,103,48500.0,-68500.0,49000.0,-68000.0,48750.0,-68250.0,250000,250000.0,1.0,0,103.99908598353109,1.425175527237646
JB0500_R0031_C0104,500,31,104,49000.0,-68500.0,49500.0,-68000.0,49250.0,-68250.0,250000,230058.46548014315,0.9202338619205725,1,104.0035789403723,1.4251744016979937
JB0500_R0031_C0105,500,31,105,49500.0,-68500.0,50000.0,-68000.0,49750.0,-68250.0,250000,53482.56677162841,0.21393026708651364,1,104.0080718972091,1.4251732673392563
JB0500_R0032_C0002,500,32,2,-2000.0,-68000.0,-1500.0,-67500.0,-1750.0,-67750.0,250000,25538.919249053786,0.10215567699621514,1,103.54529755532491,1.4297655883040554
JB0500_R0032_C0003,500,32,3,-1500.0,-68000.0,-1000.0,-67500.0,-1250.0,-67750.0,250000,248644.32408032575,0.994577296321303,1,103.54979052120943,1.4297653527732062
JB0500_R0032_C0004,500,32,4,-1000.0,-68000.0,-500.0,-67500.0,-750.0,-67750.0,250000,250000.0,1.0,0,103.55428348709304,1.4297651083948533
JB0500_R0032_C0005,500,32,5,-500.0,-68000.0,0.0,-67500.0,-250.0,-67750.0,250000,250000.0,1.0,0,103.55877645297566,1.4297648551689985
JB0500_R0032_C0006,500,32,6,0.0,-68000.0,500.0,-67500.0,250.0,-67750.0,250000,250000.0,1.0,0,103.5632694188573,1.4297645930956435
JB0500_R0032_C0007,500,32,7,500.0,-68000.0,1000.0,-67500.0,750.0,-67750.0,250000,250000.0,1.0,0,103.5677623847379,1.4297643221747895
JB0500_R0032_C0008,500,32,8,1000.0,-68000.0,1500.0,-67500.0,1250.0,-67750.0,250000,250000.0,1.0,0,103.57225535061743,1.4297640424064384
JB0500_R0032_C0009,500,32,9,1500.0,-68000.0,2000.0,-67500.0,1750.0,-67750.0,250000,250000.0,1.0,0,103.57674831649584,1.4297637537905918
JB0500_R0032_C0010,500,32,10,2000.0,-68000.0,2500.0,-67500.0,2250.0,-67750.0,250000,250000.0,1.0,0,103.58124128237313,1.4297634563272517
JB0500_R0032_C0011,500,32,11,2500.0,-68000.0,3000.0,-67500.0,2750.0,-67750.0,250000,250000.0,1.0,0,103.58573424824922,1.4297631500164196
JB0500_R0032_C0012,500,32,12,3000.0,-68000.0,3500.0,-67500.0,3250.0,-67750.0,250000,250000.0,1.0,0,103.59022721412413,1.429762834858098
JB0500_R0032_C0013,500,32,13,3500.0,-68000.0,4000.0,-67500.0,3750.0,-67750.0,250000,250000.0,1.0,0,103.59472017999778,1.429762510852288
JB0500_R0032_C0014,500,32,14,4000.0,-68000.0,4500.0,-67500.0,4250.0,-67750.0,250000,250000.0,1.0,0,103.59921314587017,1.4297621779989922
JB0500_R0032_C0015,500,32,15,4500.0,-68000.0,5000.0,-67500.0,4750.0,-67750.0,250000,250000.0,1.0,0,103.60370611174122,1.4297618362982125
JB0500_R0032_C0016,500,32,16,5000.0,-68000.0,5500.0,-67500.0,5250.0,-67750.0,250000,250000.0,1.0,0,103.60819907761093,1.4297614857499508
JB0500_R0032_C0017,500,32,17,5500.0,-68000.0,6000.0,-67500.0,5750.0,-67750.0,250000,250000.0,1.0,0,103.61269204347927,1.4297611263542096
JB0500_R0032_C0018,500,32,18,6000.0,-68000.0,6500.0,-67500.0,6250.0,-67750.0,250000,250000.0,1.0,0,103.6171850093462,1.4297607581109908
JB0500_R0032_C0019,500,32,19,6500.0,-68000.0,7000.0,-67500.0,6750.0,-67750.0,250000,250000.0,1.0,0,103.62167797521168,1.429760381020297
JB0500_R0032_C0020,500,32,20,7000.0,-68000.0,7500.0,-67500.0,7250.0,-67750.0,250000,250000.0,1.0,0,103.62617094107567,1.4297599950821303
JB0500_R0032_C0021,500,32,21,7500.0,-68000.0,8000.0,-67500.0,7750.0,-67750.0,250000,250000.0,1.0,0,103.63066390693815,1.429759600296493
JB0500_R0032_C0022,500,32,22,8000.0,-68000.0,8500.0,-67500.0,8250.0,-67750.0,250000,250000.0,1.0,0,103.63515687279907,1.4297591966633876
JB0500_R0032_C0023,500,32,23,8500.0,-68000.0,9000.0,-67500.0,8750.0,-67750.0,250000,250000.0,1.0,0,103.6396498386584,1.4297587841828168
JB0500_R0032_C0024,500,32,24,9000.0,-68000.0,9500.0,-67500.0,9250.0,-67750.0,250000,250000.0,1.0,0,103.64414280451612,1.429758362854783
JB0500_R0032_C0025,500,32,25,9500.0,-68000.0,10000.0,-67500.0,9750.0,-67750.0,250000,250000.0,1.0,0,103.64863577037218,1.4297579326792884
JB0500_R0032_C0026,500,32,26,10000.0,-68000.0,10500.0,-67500.0,10250.0,-67750.0,250000,250000.0,1.0,0,103.65312873622656,1.4297574936563362
JB0500_R0032_C0027,500,32,27,10500.0,-68000.0,11000.0,-67500.0,10750.0,-67750.0,250000,250000.0,1.0,0,103.6576217020792,1.429757045785929
JB0500_R0032_C0028,500,32,28,11000.0,-68000.0,11500.0,-67500.0,11250.0,-67750.0,250000,250000.0,1.0,0,103.66211466793008,1.4297565890680695
JB0500_R0032_C0029,500,32,29,11500.0,-68000.0,12000.0,-67500.0,11750.0,-67750.0,250000,250000.0,1.0,0,103.66660763377918,1.4297561235027603
JB0500_R0032_C0030,500,32,30,12000.0,-68000.0,12500.0,-67500.0,12250.0,-67750.0,250000,235779.28797202237,0.9431171518880895,1,103.67110059962646,1.4297556490900045
JB0500_R0032_C0031,500,32,31,12500.0,-68000.0,13000.0,-67500.0,12750.0,-67750.0,250000,57233.255890563196,0.22893302356225279,1,103.67559356547186,1.4297551658298049
JB0500_R0032_C0079,500,32,79,36500.0,-68000.0,37000.0,-67500.0,36750.0,-67750.0,250000,72767.92275825779,0.29107169103303115,1,103.89125592318753,1.4297215648172605
JB0500_R0032_C0080,500,32,80,37000.0,-68000.0,37500.0,-67500.0,37250.0,-67750.0,250000,212402.76691454198,0.849611067658168,1,103.89574888889958,1.4297206480370306
JB0500_R0032_C0081,500,32,81,37500.0,-68000.0,38000.0,-67500.0,37750.0,-67750.0,250000,243927.06391129468,0.9757082556451787,1,103.90024185460801,1.4297197224095723
JB0500_R0032_C0082,500,32,82,38000.0,-68000.0,38500.0,-67500.0,38250.0,-67750.0,250000,249502.2988751432,0.9980091955005728,1,103.90473482031285,1.4297187879348916
JB0500_R0032_C0083,500,32,83,38500.0,-68000.0,39000.0,-67500.0,38750.0,-67750.0,250000,250000.0,1.0,0,103.90922778601404,1.4297178446129941
JB0500_R0032_C0084,500,32,84,39000.0,-68000.0,39500.0,-67500.0,39250.0,-67750.0,250000,250000.0,1.0,0,103.91372075171154,1.4297168924438857
JB0500_R0032_C0085,500,32,85,39500.0,-68000.0,40000.0,-67500.0,39750.0,-67750.0,250000,248285.96589039383,0.9931438635615752,1,103.91821371740532,1.4297159314275723
JB0500_R0032_C0086,500,32,86,40000.0,-68000.0,40500.0,-67500.0,40250.0,-67750.0,250000,207310.72730809907,0.8292429092323963,1,103.92270668309536,1.4297149615640592
JB0500_R0032_C0087,500,32,87,40500.0,-68000.0,41000.0,-67500.0,40750.0,-67750.0,250000,153652.4475528022,0.6146097902112088,1,103.9271996487816,1.4297139828533534
JB0500_R0032_C0088,500,32,88,41000.0,-68000.0,41500.0,-67500.0,41250.0,-67750.0,250000,106627.29846262738,0.4265091938505095,1,103.93169261446401,1.4297129952954601
JB0500_R0032_C0089,500,32,89,41500.0,-68000.0,42000.0,-67500.0,41750.0,-67750.0,250000,118488.97288009015,0.4739558915203606,1,103.93618558014258,1.4297119988903857
JB0500_R0032_C0090,500,32,90,42000.0,-68000.0,42500.0,-67500.0,42250.0,-67750.0,250000,227603.7938665084,0.9104151754660337,1,103.94067854581725,1.4297109936381365
JB0500_R0032_C0091,500,32,91,42500.0,-68000.0,43000.0,-67500.0,42750.0,-67750.0,250000,250000.0,1.0,0,103.94517151148798,1.4297099795387183
JB0500_R0032_C0092,500,32,92,43000.0,-68000.0,43500.0,-67500.0,43250.0,-67750.0,250000,250000.0,1.0,0,103.94966447715477,1.429708956592138
JB0500_R0032_C0093,500,32,93,43500.0,-68000.0,44000.0,-67500.0,43750.0,-67750.0,250000,250000.0,1.0,0,103.95415744281756,1.4297079247984008
JB0500_R0032_C0094,500,32,94,44000.0,-68000.0,44500.0,-67500.0,44250.0,-67750.0,250000,250000.0,1.0,0,103.95865040847633,1.429706884157514
JB0500_R0032_C0095,500,32,95,44500.0,-68000.0,45000.0,-67500.0,44750.0,-67750.0,250000,250000.0,1.0,0,103.96314337413102,1.429705834669484
JB0500_R0032_C0096,500,32,96,45000.0,-68000.0,45500.0,-67500.0,45250.0,-67750.0,250000,250000.0,1.0,0,103.96763633978162,1.4297047763343165
JB0500_R0032_C0097,500,32,97,45500.0,-68000.0,46000.0,-67500.0,45750.0,-67750.0,250000,250000.0,1.0,0,103.97212930542808,1.4297037091520186
JB0500_R0032_C0098,500,32,98,46000.0,-68000.0,46500.0,-67500.0,46250.0,-67750.0,250000,250000.0,1.0,0,103.9766222710704,1.4297026331225968
JB0500_R0032_C0099,500,32,99,46500.0,-68000.0,47000.0,-67500.0,46750.0,-67750.0,250000,250000.0,1.0,0,103.98111523670849,1.4297015482460578
JB0500_R0032_C0100,500,32,100,47000.0,-68000.0,47500.0,-67500.0,47250.0,-67750.0,250000,250000.0,1.0,0,103.98560820234235,1.4297004545224081
JB0500_R0032_C0101,500,32,101,47500.0,-68000.0,48000.0,-67500.0,47750.0,-67750.0,250000,250000.0,1.0,0,103.99010116797194,1.4296993519516545
JB0500_R0032_C0102,500,32,102,48000.0,-68000.0,48500.0,-67500.0,48250.0,-67750.0,250000,250000.0,1.0,0,103.99459413359723,1.4296982405338037
JB0500_R0032_C0103,500,32,103,48500.0,-68000.0,49000.0,-67500.0,48750.0,-67750.0,250000,250000.0,1.0,0,103.99908709921819,1.4296971202688626
JB0500_R0032_C0104,500,32,104,49000.0,-68000.0,49500.0,-67500.0,49250.0,-67750.0,250000,250000.0,1.0,0,104.00358006483476,1.4296959911568383
JB0500_R0032_C0105,500,32,105,49500.0,-68000.0,50000.0,-67500.0,49750.0,-67750.0,250000,239115.6735807482,0.9564626943229928,1,104.00807303044694,1.4296948531977374
JB0500_R0032_C0106,500,32,106,50000.0,-68000.0,50500.0,-67500.0,50250.0,-67750.0,250000,71904.03862810096,0.2876161545124038,1,104.01256599605468,1.4296937063915671
JB0500_R0033_C0003,500,33,3,-1500.0,-67500.0,-1000.0,-67000.0,-1250.0,-67250.0,250000,212867.70949080284,0.8514708379632113,1,103.54979076000978,1.4342871615049047
JB0500_R0033_C0004,500,33,4,-1000.0,-67500.0,-500.0,-67000.0,-750.0,-67250.0,250000,250000.0,1.0,0,103.55428373469829,1.4342869163533656
JB0500_R0033_C0005,500,33,5,-500.0,-67500.0,0.0,-67000.0,-250.0,-67250.0,250000,250000.0,1.0,0,103.55877670938582,1.4342866623263324
JB0500_R0033_C0006,500,33,6,0.0,-67500.0,500.0,-67000.0,250.0,-67250.0,250000,250000.0,1.0,0,103.56326968407234,1.434286399423806
JB0500_R0033_C0007,500,33,7,500.0,-67500.0,1000.0,-67000.0,750.0,-67250.0,250000,250000.0,1.0,0,103.56776265875781,1.4342861276457883
JB0500_R0033_C0008,500,33,8,1000.0,-67500.0,1500.0,-67000.0,1250.0,-67250.0,250000,250000.0,1.0,0,103.5722556334422,1.434285846992281
JB0500_R0033_C0009,500,33,9,1500.0,-67500.0,2000.0,-67000.0,1750.0,-67250.0,250000,250000.0,1.0,0,103.57674860812548,1.434285557463286
JB0500_R0033_C0010,500,33,10,2000.0,-67500.0,2500.0,-67000.0,2250.0,-67250.0,250000,250000.0,1.0,0,103.58124158280764,1.4342852590588047
JB0500_R0033_C0011,500,33,11,2500.0,-67500.0,3000.0,-67000.0,2750.0,-67250.0,250000,250000.0,1.0,0,103.5857345574886,1.434284951778839
JB0500_R0033_C0012,500,33,12,3000.0,-67500.0,3500.0,-67000.0,3250.0,-67250.0,250000,250000.0,1.0,0,103.59022753216834,1.4342846356233911
JB0500_R0033_C0013,500,33,13,3500.0,-67500.0,4000.0,-67000.0,3750.0,-67250.0,250000,250000.0,1.0,0,103.59472050684683,1.4342843105924625
JB0500_R0033_C0014,500,33,14,4000.0,-67500.0,4500.0,-67000.0,4250.0,-67250.0,250000,250000.0,1.0,0,103.59921348152403,1.4342839766860558
JB0500_R0033_C0015,500,33,15,4500.0,-67500.0,5000.0,-67000.0,4750.0,-67250.0,250000,250000.0,1.0,0,103.60370645619993,1.4342836339041725
JB0500_R0033_C0016,500,33,16,5000.0,-67500.0,5500.0,-67000.0,5250.0,-67250.0,250000,250000.0,1.0,0,103.60819943087446,1.434283282246815
JB0500_R0033_C0017,500,33,17,5500.0,-67500.0,6000.0,-67000.0,5750.0,-67250.0,250000,250000.0,1.0,0,103.6126924055476,1.4342829217139854
JB0500_R0033_C0018,500,33,18,6000.0,-67500.0,6500.0,-67000.0,6250.0,-67250.0,250000,250000.0,1.0,0,103.61718538021933,1.4342825523056857
JB0500_R0033_C0019,500,33,19,6500.0,-67500.0,7000.0,-67000.0,6750.0,-67250.0,250000,250000.0,1.0,0,103.62167835488958,1.4342821740219185
JB0500_R0033_C0020,500,33,20,7000.0,-67500.0,7500.0,-67000.0,7250.0,-67250.0,250000,250000.0,1.0,0,103.62617132955836,1.434281786862686
JB0500_R0033_C0021,500,33,21,7500.0,-67500.0,8000.0,-67000.0,7750.0,-67250.0,250000,250000.0,1.0,0,103.6306643042256,1.4342813908279906
JB0500_R0033_C0022,500,33,22,8000.0,-67500.0,8500.0,-67000.0,8250.0,-67250.0,250000,250000.0,1.0,0,103.63515727889127,1.4342809859178347
JB0500_R0033_C0023,500,33,23,8500.0,-67500.0,9000.0,-67000.0,8750.0,-67250.0,250000,250000.0,1.0,0,103.63965025355536,1.434280572132221
JB0500_R0033_C0024,500,33,24,9000.0,-67500.0,9500.0,-67000.0,9250.0,-67250.0,250000,250000.0,1.0,0,103.64414322821781,1.4342801494711515
JB0500_R0033_C0025,500,33,25,9500.0,-67500.0,10000.0,-67000.0,9750.0,-67250.0,250000,250000.0,1.0,0,103.6486362028786,1.4342797179346294
JB0500_R0033_C0026,500,33,26,10000.0,-67500.0,10500.0,-67000.0,10250.0,-67250.0,250000,250000.0,1.0,0,103.65312917753768,1.4342792775226572
JB0500_R0033_C0027,500,33,27,10500.0,-67500.0,11000.0,-67000.0,10750.0,-67250.0,250000,250000.0,1.0,0,103.65762215219505,1.4342788282352374
JB0500_R0033_C0028,500,33,28,11000.0,-67500.0,11500.0,-67000.0,11250.0,-67250.0,250000,250000.0,1.0,0,103.66211512685062,1.4342783700723731
JB0500_R0033_C0029,500,33,29,11500.0,-67500.0,12000.0,-67000.0,11750.0,-67250.0,250000,250000.0,1.0,0,103.6666081015044,1.4342779030340667
JB0500_R0033_C0030,500,33,30,12000.0,-67500.0,12500.0,-67000.0,12250.0,-67250.0,250000,250000.0,1.0,0,103.67110107615633,1.4342774271203214
JB0500_R0033_C0031,500,33,31,12500.0,-67500.0,13000.0,-67000.0,12750.0,-67250.0,250000,238559.33519261662,0.9542373407704665,1,103.6755940508064,1.4342769423311401
JB0500_R0033_C0032,500,33,32,13000.0,-67500.0,13500.0,-67000.0,13250.0,-67250.0,250000,64570.02917816089,0.25828011671264356,1,103.68008702545455,1.4342764486665254
JB0500_R0033_C0077,500,33,77,35500.0,-67500.0,36000.0,-67000.0,35750.0,-67250.0,250000,15604.372459393611,0.06241748983757445,1,103.88227088208517,1.434245047744666
JB0500_R0033_C0078,500,33,78,36000.0,-67500.0,36500.0,-67000.0,36250.0,-67250.0,250000,170328.35271418298,0.6813134108567319,1,103.88676385660811,1.4342441458143014
JB0500_R0033_C0079,500,33,79,36500.0,-67500.0,37000.0,-67000.0,36750.0,-67250.0,250000,249960.45855203326,0.999841834208133,1,103.89125683112755,1.4342432350087058
JB0500_R0033_C0080,500,33,80,37000.0,-67500.0,37500.0,-67000.0,37250.0,-67250.0,250000,250000.0,1.0,0,103.89574980564339,1.4342423153278845
JB0500_R0033_C0081,500,33,81,37500.0,-67500.0,38000.0,-67000.0,37750.0,-67250.0,250000,250000.0,1.0,0,103.90024278015564,1.4342413867718433
JB0500_R0033_C0082,500,33,82,38000.0,-67500.0,38500.0,-67000.0,38250.0,-67250.0,250000,250000.0,1.0,0,103.90473575466423,1.4342404493405883
JB0500_R0033_C0083,500,33,83,38500.0,-67500.0,39000.0,-67000.0,38750.0,-67250.0,250000,250000.0,1.0,0,103.90922872916917,1.4342395030341246
JB0500_R0033_C0084,500,33,84,39000.0,-67500.0,39500.0,-67000.0,39250.0,-67250.0,250000,250000.0,1.0,0,103.91372170367039,1.4342385478524582
JB0500_R0033_C0085,500,33,85,39500.0,-67500.0,40000.0,-67000.0,39750.0,-67250.0,250000,250000.0,1.0,0,103.91821467816789,1.4342375837955954
JB0500_R0033_C0086,500,33,86,40000.0,-67500.0,40500.0,-67000.0,40250.0,-67250.0,250000,250000.0,1.0,0,103.92270765266157,1.4342366108635416
JB0500_R0033_C0087,500,33,87,40500.0,-67500.0,41000.0,-67000.0,40750.0,-67250.0,250000,250000.0,1.0,0,103.92720062715146,1.4342356290563032
JB0500_R0033_C0088,500,33,88,41000.0,-67500.0,41500.0,-67000.0,41250.0,-67250.0,250000,250000.0,1.0,0,103.93169360163752,1.434234638373886
JB0500_R0033_C0089,500,33,89,41500.0,-67500.0,42000.0,-67000.0,41750.0,-67250.0,250000,250000.0,1.0,0,103.93618657611968,1.4342336388162964
JB0500_R0033_C0090,500,33,90,42000.0,-67500.0,42500.0,-67000.0,42250.0,-67250.0,250000,250000.0,1.0,0,103.94067955059792,1.43423263038354
JB0500_R0033_C0091,500,33,91,42500.0,-67500.0,43000.0,-67000.0,42750.0,-67250.0,250000,250000.0,1.0,0,103.94517252507221,1.4342316130756234
JB0500_R0033_C0092,500,33,92,43000.0,-67500.0,43500.0,-67000.0,43250.0,-67250.0,250000,250000.0,1.0,0,103.94966549954252,1.4342305868925531
JB0500_R0033_C0093,500,33,93,43500.0,-67500.0,44000.0,-67000.0,43750.0,-67250.0,250000,250000.0,1.0,0,103.95415847400882,1.4342295518343349
JB0500_R0033_C0094,500,33,94,44000.0,-67500.0,44500.0,-67000.0,44250.0,-67250.0,250000,250000.0,1.0,0,103.95865144847106,1.4342285079009756
JB0500_R0033_C0095,500,33,95,44500.0,-67500.0,45000.0,-67000.0,44750.0,-67250.0,250000,250000.0,1.0,0,103.96314442292919,1.4342274550924812
JB0500_R0033_C0096,500,33,96,45000.0,-67500.0,45500.0,-67000.0,45250.0,-67250.0,250000,250000.0,1.0,0,103.96763739738323,1.4342263934088584
JB0500_R0033_C0097,500,33,97,45500.0,-67500.0,46000.0,-67000.0,45750.0,-67250.0,250000,250000.0,1.0,0,103.97213037183309,1.4342253228501138
JB0500_R0033_C0098,500,33,98,46000.0,-67500.0,46500.0,-67000.0,46250.0,-67250.0,250000,250000.0,1.0,0,103.97662334627876,1.4342242434162542
JB0500_R0033_C0099,500,33,99,46500.0,-67500.0,47000.0,-67000.0,46750.0,-67250.0,250000,250000.0,1.0,0,103.9811163207202,1.4342231551072857
JB0500_R0033_C0100,500,33,100,47000.0,-67500.0,47500.0,-67000.0,47250.0,-67250.0,250000,250000.0,1.0,0,103.98560929515737,1.4342220579232154
JB0500_R0033_C0101,500,33,101,47500.0,-67500.0,48000.0,-67000.0,47750.0,-67250.0,250000,250000.0,1.0,0,103.99010226959027,1.4342209518640499
JB0500_R0033_C0102,500,33,102,48000.0,-67500.0,48500.0,-67000.0,48250.0,-67250.0,250000,250000.0,1.0,0,103.99459524401881,1.434219836929796
JB0500_R0033_C0103,500,33,103,48500.0,-67500.0,49000.0,-67000.0,48750.0,-67250.0,250000,250000.0,1.0,0,103.99908821844302,1.4342187131204607
JB0500_R0033_C0104,500,33,104,49000.0,-67500.0,49500.0,-67000.0,49250.0,-67250.0,250000,250000.0,1.0,0,104.0035811928628,1.4342175804360509
JB0500_R0033_C0105,500,33,105,49500.0,-67500.0,50000.0,-67000.0,49750.0,-67250.0,250000,250000.0,1.0,0,104.00807416727815,1.4342164388765732
JB0500_R0033_C0106,500,33,106,50000.0,-67500.0,50500.0,-67000.0,50250.0,-67250.0,250000,245451.62076031617,0.9818064830412647,1,104.01256714168903,1.4342152884420354
JB0500_R0033_C0107,500,33,107,50500.0,-67500.0,51000.0,-67000.0,50750.0,-67250.0,250000,93046.7090905504,0.3721868363622016,1,104.01706011609541,1.4342141291324437
JB0500_R0034_C0003,500,34,3,-1500.0,-67000.0,-1000.0,-66500.0,-1250.0,-66750.0,250000,196324.3123367415,0.785297249346966,1,103.54979099956496,1.4388089700572273
JB0500_R0034_C0004,500,34,4,-1000.0,-67000.0,-500.0,-66500.0,-750.0,-66750.0,250000,250000.0,1.0,0,103.5542839830862,1.4388087241324992
JB0500_R0034_C0005,500,34,5,-500.0,-67000.0,0.0,-66500.0,-250.0,-66750.0,250000,250000.0,1.0,0,103.55877696660644,1.4388084693042842
JB0500_R0034_C0006,500,34,6,0.0,-67000.0,500.0,-66500.0,250.0,-66750.0,250000,250000.0,1.0,0,103.56326995012569,1.4388082055725837
JB0500_R0034_C0007,500,34,7,500.0,-67000.0,1000.0,-66500.0,750.0,-66750.0,250000,250000.0,1.0,0,103.56776293364388,1.438807932937399
JB0500_R0034_C0008,500,34,8,1000.0,-67000.0,1500.0,-66500.0,1250.0,-66750.0,250000,250000.0,1.0,0,103.57225591716097,1.4388076513987322
JB0500_R0034_C0009,500,34,9,1500.0,-67000.0,2000.0,-66500.0,1750.0,-66750.0,250000,250000.0,1.0,0,103.57674890067696,1.438807360956585
JB0500_R0034_C0010,500,34,10,2000.0,-67000.0,2500.0,-66500.0,2250.0,-66750.0,250000,250000.0,1.0,0,103.5812418841918,1.4388070616109592
JB0500_R0034_C0011,500,34,11,2500.0,-67000.0,3000.0,-66500.0,2750.0,-66750.0,250000,250000.0,1.0,0,103.58573486770544,1.4388067533618563
JB0500_R0034_C0012,500,34,12,3000.0,-67000.0,3500.0,-66500.0,3250.0,-66750.0,250000,250000.0,1.0,0,103.59022785121786,1.4388064362092783
JB0500_R0034_C0013,500,34,13,3500.0,-67000.0,4000.0,-66500.0,3750.0,-66750.0,250000,250000.0,1.0,0,103.59472083472903,1.4388061101532275
JB0500_R0034_C0014,500,34,14,4000.0,-67000.0,4500.0,-66500.0,4250.0,-66750.0,250000,250000.0,1.0,0,103.59921381823888,1.4388057751937058
JB0500_R0034_C0015,500,34,15,4500.0,-67000.0,5000.0,-66500.0,4750.0,-66750.0,250000,250000.0,1.0,0,103.60370680174744,1.4388054313307148
JB0500_R0034_C0016,500,34,16,5000.0,-67000.0,5500.0,-66500.0,5250.0,-66750.0,250000,250000.0,1.0,0,103.60819978525461,1.4388050785642572
JB0500_R0034_C0017,500,34,17,5500.0,-67000.0,6000.0,-66500.0,5750.0,-66750.0,250000,250000.0,1.0,0,103.61269276876038,1.4388047168943345
JB0500_R0034_C0018,500,34,18,6000.0,-67000.0,6500.0,-66500.0,6250.0,-66750.0,250000,250000.0,1.0,0,103.61718575226473,1.43880434632095
JB0500_R0034_C0019,500,34,19,6500.0,-67000.0,7000.0,-66500.0,6750.0,-66750.0,250000,250000.0,1.0,0,103.62167873576762,1.438803966844105
JB0500_R0034_C0020,500,34,20,7000.0,-67000.0,7500.0,-66500.0,7250.0,-66750.0,250000,250000.0,1.0,0,103.626171719269,1.438803578463802
JB0500_R0034_C0021,500,34,21,7500.0,-67000.0,8000.0,-66500.0,7750.0,-66750.0,250000,250000.0,1.0,0,103.63066470276883,1.438803181180044
JB0500_R0034_C0022,500,34,22,8000.0,-67000.0,8500.0,-66500.0,8250.0,-66750.0,250000,250000.0,1.0,0,103.6351576862671,1.4388027749928327
JB0500_R0034_C0023,500,34,23,8500.0,-67000.0,9000.0,-66500.0,8750.0,-66750.0,250000,250000.0,1.0,0,103.63965066976377,1.438802359902171
JB0500_R0034_C0024,500,34,24,9000.0,-67000.0,9500.0,-66500.0,9250.0,-66750.0,250000,250000.0,1.0,0,103.64414365325878,1.4388019359080615
JB0500_R0034_C0025,500,34,25,9500.0,-67000.0,10000.0,-66500.0,9750.0,-66750.0,250000,250000.0,1.0,0,103.64863663675213,1.4388015030105064
JB0500_R0034_C0026,500,34,26,10000.0,-67000.0,10500.0,-66500.0,10250.0,-66750.0,250000,250000.0,1.0,0,103.65312962024376,1.4388010612095088
JB0500_R0034_C0027,500,34,27,10500.0,-67000.0,11000.0,-66500.0,10750.0,-66750.0,250000,250000.0,1.0,0,103.65762260373364,1.4388006105050712
JB0500_R0034_C0028,500,34,28,11000.0,-67000.0,11500.0,-66500.0,11250.0,-66750.0,250000,250000.0,1.0,0,103.66211558722175,1.4388001508971966
JB0500_R0034_C0029,500,34,29,11500.0,-67000.0,12000.0,-66500.0,11750.0,-66750.0,250000,250000.0,1.0,0,103.66660857070805,1.4387996823858873
JB0500_R0034_C0030,500,34,30,12000.0,-67000.0,12500.0,-66500.0,12250.0,-66750.0,250000,250000.0,1.0,0,103.67110155419249,1.4387992049711469
JB0500_R0034_C0031,500,34,31,12500.0,-67000.0,13000.0,-66500.0,12750.0,-66750.0,250000,250000.0,1.0,0,103.67559453767502,1.438798718652978
JB0500_R0034_C0032,500,34,32,13000.0,-67000.0,13500.0,-66500.0,13250.0,-66750.0,250000,243838.5474861092,0.9753541899444368,1,103.68008752115567,1.4387982234313834
JB0500_R0034_C0033,500,34,33,13500.0,-67000.0,14000.0,-66500.0,13750.0,-66750.0,250000,184430.06108522604,0.7377202443409042,1,103.68458050463434,1.4387977193063666
JB0500_R0034_C0034,500,34,34,14000.0,-67000.0,14500.0,-66500.0,14250.0,-66750.0,250000,123262.32850666202,0.4930493140266481,1,103.68907348811103,1.4387972062779302
JB0500_R0034_C0035,500,34,35,14500.0,-67000.0,15000.0,-66500.0,14750.0,-66750.0,250000,36926.78606679481,0.14770714426717924,1,103.6935664715857,1.4387966843460775
JB0500_R0034_C0076,500,34,76,35000.0,-67000.0,35500.0,-66500.0,35250.0,-66750.0,250000,2490.702963677283,0.009962811854709132,1,103.87777879187358,1.4387676193451986
JB0500_R0034_C0077,500,34,77,35500.0,-67000.0,36000.0,-66500.0,35750.0,-66750.0,250000,178165.140456482,0.7126605618259281,1,103.88227177523174,1.438766723473444
JB0500_R0034_C0078,500,34,78,36000.0,-67000.0,36500.0,-66500.0,36250.0,-66750.0,250000,250000.0,1.0,0,103.88676475858638,1.4387658186984609
JB0500_R0034_C0079,500,34,79,36500.0,-67000.0,37000.0,-66500.0,36750.0,-66750.0,250000,250000.0,1.0,0,103.89125774193747,1.438764905020255
JB0500_R0034_C0080,500,34,80,37000.0,-67000.0,37500.0,-66500.0,37250.0,-66750.0,250000,250000.0,1.0,0,103.89575072528496,1.4387639824388316
JB0500_R0034_C0081,500,34,81,37500.0,-67000.0,38000.0,-66500.0,37750.0,-66750.0,250000,250000.0,1.0,0,103.90024370862882,1.4387630509541964
JB0500_R0034_C0082,500,34,82,38000.0,-67000.0,38500.0,-66500.0,38250.0,-66750.0,250000,250000.0,1.0,0,103.90473669196902,1.4387621105663555
JB0500_R0034_C0083,500,34,83,38500.0,-67000.0,39000.0,-66500.0,38750.0,-66750.0,250000,250000.0,1.0,0,103.90922967530553,1.4387611612753146
JB0500_R0034_C0084,500,34,84,39000.0,-67000.0,39500.0,-66500.0,39250.0,-66750.0,250000,250000.0,1.0,0,103.91372265863829,1.4387602030810793
JB0500_R0034_C0085,500,34,85,39500.0,-67000.0,40000.0,-66500.0,39750.0,-66750.0,250000,250000.0,1.0,0,103.91821564196731,1.4387592359836554
JB0500_R0034_C0086,500,34,86,40000.0,-67000.0,40500.0,-66500.0,40250.0,-66750.0,250000,250000.0,1.0,0,103.9227086252925,1.4387582599830495
JB0500_R0034_C0087,500,34,87,40500.0,-67000.0,41000.0,-66500.0,40750.0,-66750.0,250000,250000.0,1.0,0,103.92720160861387,1.438757275079267
JB0500_R0034_C0088,500,34,88,41000.0,-67000.0,41500.0,-66500.0,41250.0,-66750.0,250000,250000.0,1.0,0,103.93169459193138,1.438756281272314
JB0500_R0034_C0089,500,34,89,41500.0,-67000.0,42000.0,-66500.0,41750.0,-66750.0,250000,250000.0,1.0,0,103.93618757524496,1.438755278562197
JB0500_R0034_C0090,500,34,90,42000.0,-67000.0,42500.0,-66500.0,42250.0,-66750.0,250000,250000.0,1.0,0,103.94068055855462,1.4387542669489222
JB0500_R0034_C0091,500,34,91,42500.0,-67000.0,43000.0,-66500.0,42750.0,-66750.0,250000,250000.0,1.0,0,103.94517354186029,1.4387532464324952
JB0500_R0034_C0092,500,34,92,43000.0,-67000.0,43500.0,-66500.0,43250.0,-66750.0,250000,250000.0,1.0,0,103.94966652516194,1.4387522170129228
JB0500_R0034_C0093,500,34,93,43500.0,-67000.0,44000.0,-66500.0,43750.0,-66750.0,250000,250000.0,1.0,0,103.95415950845957,1.4387511786902112
JB0500_R0034_C0094,500,34,94,44000.0,-67000.0,44500.0,-66500.0,44250.0,-66750.0,250000,250000.0,1.0,0,103.9586524917531,1.4387501314643665
JB0500_R0034_C0095,500,34,95,44500.0,-67000.0,45000.0,-66500.0,44750.0,-66750.0,250000,250000.0,1.0,0,103.96314547504252,1.4387490753353958
JB0500_R0034_C0096,500,34,96,45000.0,-67000.0,45500.0,-66500.0,45250.0,-66750.0,250000,250000.0,1.0,0,103.9676384583278,1.438748010303305
JB0500_R0034_C0097,500,34,97,45500.0,-67000.0,46000.0,-66500.0,45750.0,-66750.0,250000,250000.0,1.0,0,103.97213144160888,1.4387469363681011
JB0500_R0034_C0098,500,34,98,46000.0,-67000.0,46500.0,-66500.0,46250.0,-66750.0,250000,250000.0,1.0,0,103.97662442488576,1.4387458535297903
JB0500_R0034_C0099,500,34,99,46500.0,-67000.0,47000.0,-66500.0,46750.0,-66750.0,250000,250000.0,1.0,0,103.98111740815838,1.43874476178838
JB0500_R0034_C0100,500,34,100,47000.0,-67000.0,47500.0,-66500.0,47250.0,-66750.0,250000,250000.0,1.0,0,103.9856103914267,1.438743661143876
JB0500_R0034_C0101,500,34,101,47500.0,-67000.0,48000.0,-66500.0,47750.0,-66750.0,250000,250000.0,1.0,0,103.9901033746907,1.4387425515962855
JB0500_R0034_C0102,500,34,102,48000.0,-67000.0,48500.0,-66500.0,48250.0,-66750.0,250000,250000.0,1.0,0,103.99459635795034,1.4387414331456152
JB0500_R0034_C0103,500,34,103,48500.0,-67000.0,49000.0,-66500.0,48750.0,-66750.0,250000,250000.0,1.0,0,103.9990893412056,1.4387403057918722
JB0500_R0034_C0104,500,34,104,49000.0,-67000.0,49500.0,-66500.0,49250.0,-66750.0,250000,250000.0,1.0,0,104.00358232445642,1.4387391695350633
JB0500_R0034_C0105,500,34,105,49500.0,-67000.0,50000.0,-66500.0,49750.0,-66750.0,250000,250000.0,1.0,0,104.00807530770278,1.4387380243751957
JB0500_R0034_C0106,500,34,106,50000.0,-67000.0,50500.0,-66500.0,50250.0,-66750.0,250000,250000.0,1.0,0,104.01256829094464,1.4387368703122763
JB0500_R0034_C0107,500,34,107,50500.0,-67000.0,51000.0,-66500.0,50750.0,-66750.0,250000,249066.36933390563,0.9962654773356225,1,104.01706127418197,1.438735707346312
JB0500_R0034_C0108,500,34,108,51000.0,-67000.0,51500.0,-66500.0,51250.0,-66750.0,250000,134898.7932955938,0.5395951731823752,1,104.02155425741472,1.4387345354773102
JB0500_R0034_C0109,500,34,109,51500.0,-67000.0,52000.0,-66500.0,51750.0,-66750.0,250000,35438.31014047239,0.14175324056188957,1,104.02604724064288,1.438733354705278
JB0500_R0035_C0003,500,35,3,-1500.0,-66500.0,-1000.0,-66000.0,-1250.0,-66250.0,250000,166014.63277153668,0.6640585310861468,1,103.54979123987496,1.443330778429609
JB0500_R0035_C0004,500,35,4,-1000.0,-66500.0,-500.0,-66000.0,-750.0,-66250.0,250000,250000.0,1.0,0,103.55428423225675,1.4433305317316893
JB0500_R0035_C0005,500,35,5,-500.0,-66500.0,0.0,-66000.0,-250.0,-66250.0,250000,250000.0,1.0,0,103.55877722463757,1.4433302761022897
JB0500_R0035_C0006,500,35,6,0.0,-66500.0,500.0,-66000.0,250.0,-66250.0,250000,250000.0,1.0,0,103.56327021701736,1.4433300115414116
JB0500_R0035_C0007,500,35,7,500.0,-66500.0,1000.0,-66000.0,750.0,-66250.0,250000,250000.0,1.0,0,103.56776320939609,1.443329738049057
JB0500_R0035_C0008,500,35,8,1000.0,-66500.0,1500.0,-66000.0,1250.0,-66250.0,250000,250000.0,1.0,0,103.57225620177374,1.4433294556252274
JB0500_R0035_C0009,500,35,9,1500.0,-66500.0,2000.0,-66000.0,1750.0,-66250.0,250000,250000.0,1.0,0,103.57674919415025,1.4433291642699246
JB0500_R0035_C0010,500,35,10,2000.0,-66500.0,2500.0,-66000.0,2250.0,-66250.0,250000,250000.0,1.0,0,103.58124218652561,1.4433288639831505
JB0500_R0035_C0011,500,35,11,2500.0,-66500.0,3000.0,-66000.0,2750.0,-66250.0,250000,250000.0,1.0,0,103.58573517889978,1.4433285547649066
JB0500_R0035_C0012,500,35,12,3000.0,-66500.0,3500.0,-66000.0,3250.0,-66250.0,250000,250000.0,1.0,0,103.5902281712727,1.4433282366151952
JB0500_R0035_C0013,500,35,13,3500.0,-66500.0,4000.0,-66000.0,3750.0,-66250.0,250000,250000.0,1.0,0,103.59472116364435,1.443327909534018
JB0500_R0035_C0014,500,35,14,4000.0,-66500.0,4500.0,-66000.0,4250.0,-66250.0,250000,250000.0,1.0,0,103.59921415601472,1.4433275735213773
JB0500_R0035_C0015,500,35,15,4500.0,-66500.0,5000.0,-66000.0,4750.0,-66250.0,250000,250000.0,1.0,0,103.60370714838375,1.4433272285772747
JB0500_R0035_C0016,500,35,16,5000.0,-66500.0,5500.0,-66000.0,5250.0,-66250.0,250000,250000.0,1.0,0,103.6082001407514,1.4433268747017127
JB0500_R0035_C0017,500,35,17,5500.0,-66500.0,6000.0,-66000.0,5750.0,-66250.0,250000,250000.0,1.0,0,103.61269313311765,1.4433265118946934
JB0500_R0035_C0018,500,35,18,6000.0,-66500.0,6500.0,-66000.0,6250.0,-66250.0,250000,250000.0,1.0,0,103.61718612548246,1.443326140156219
JB0500_R0035_C0019,500,35,19,6500.0,-66500.0,7000.0,-66000.0,6750.0,-66250.0,250000,250000.0,1.0,0,103.62167911784579,1.4433257594862916
JB0500_R0035_C0020,500,35,20,7000.0,-66500.0,7500.0,-66000.0,7250.0,-66250.0,250000,250000.0,1.0,0,103.6261721102076,1.443325369884914
JB0500_R0035_C0021,500,35,21,7500.0,-66500.0,8000.0,-66000.0,7750.0,-66250.0,250000,250000.0,1.0,0,103.63066510256786,1.4433249713520881
JB0500_R0035_C0022,500,35,22,8000.0,-66500.0,8500.0,-66000.0,8250.0,-66250.0,250000,250000.0,1.0,0,103.63515809492657,1.4433245638878167
JB0500_R0035_C0023,500,35,23,8500.0,-66500.0,9000.0,-66000.0,8750.0,-66250.0,250000,250000.0,1.0,0,103.63965108728362,1.4433241474921024
JB0500_R0035_C0024,500,35,24,9000.0,-66500.0,9500.0,-66000.0,9250.0,-66250.0,250000,250000.0,1.0,0,103.64414407963905,1.4433237221649473
JB0500_R0035_C0025,500,35,25,9500.0,-66500.0,10000.0,-66000.0,9750.0,-66250.0,250000,250000.0,1.0,0,103.64863707199278,1.4433232879063544
JB0500_R0035_C0026,500,35,26,10000.0,-66500.0,10500.0,-66000.0,10250.0,-66250.0,250000,250000.0,1.0,0,103.65313006434478,1.4433228447163262
JB0500_R0035_C0027,500,35,27,10500.0,-66500.0,11000.0,-66000.0,10750.0,-66250.0,250000,250000.0,1.0,0,103.65762305669504,1.4433223925948655
JB0500_R0035_C0028,500,35,28,11000.0,-66500.0,11500.0,-66000.0,11250.0,-66250.0,250000,250000.0,1.0,0,103.6621160490435,1.443321931541975
JB0500_R0035_C0029,500,35,29,11500.0,-66500.0,12000.0,-66000.0,11750.0,-66250.0,250000,250000.0,1.0,0,103.66660904139013,1.4433214615576577
JB0500_R0035_C0030,500,35,30,12000.0,-66500.0,12500.0,-66000.0,12250.0,-66250.0,250000,250000.0,1.0,0,103.67110203373491,1.4433209826419162
JB0500_R0035_C0031,500,35,31,12500.0,-66500.0,13000.0,-66000.0,12750.0,-66250.0,250000,250000.0,1.0,0,103.67559502607779,1.443320494794754
JB0500_R0035_C0032,500,35,32,13000.0,-66500.0,13500.0,-66000.0,13250.0,-66250.0,250000,250000.0,1.0,0,103.68008801841873,1.4433199980161735
JB0500_R0035_C0033,500,35,33,13500.0,-66500.0,14000.0,-66000.0,13750.0,-66250.0,250000,250000.0,1.0,0,103.6845810107577,1.4433194923061783
JB0500_R0035_C0034,500,35,34,14000.0,-66500.0,14500.0,-66000.0,14250.0,-66250.0,250000,250000.0,1.0,0,103.68907400309467,1.4433189776647708
JB0500_R0035_C0035,500,35,35,14500.0,-66500.0,15000.0,-66000.0,14750.0,-66250.0,250000,240477.48808981376,0.961909952359255,1,103.6935669954296,1.4433184540919548
JB0500_R0035_C0036,500,35,36,15000.0,-66500.0,15500.0,-66000.0,15250.0,-66250.0,250000,74663.49343284193,0.2986539737313677,1,103.69805998776246,1.4433179215877334
JB0500_R0035_C0076,500,35,76,35000.0,-66500.0,35500.0,-66000.0,35250.0,-66250.0,250000,132811.25574842736,0.5312450229937095,1,103.8777796789749,1.4432892977101737
JB0500_R0035_C0077,500,35,77,35500.0,-66500.0,36000.0,-66000.0,35750.0,-66250.0,250000,250000.0,1.0,0,103.88227267119261,1.4432883990217815
JB0500_R0035_C0078,500,35,78,36000.0,-66500.0,36500.0,-66000.0,36250.0,-66250.0,250000,250000.0,1.0,0,103.88676566340676,1.4432874914021692
JB0500_R0035_C0079,500,35,79,36500.0,-66500.0,37000.0,-66000.0,36750.0,-66250.0,250000,250000.0,1.0,0,103.89125865561734,1.4432865748513417
JB0500_R0035_C0080,500,35,80,37000.0,-66500.0,37500.0,-66000.0,37250.0,-66250.0,250000,250000.0,1.0,0,103.89575164782428,1.4432856493693056
JB0500_R0035_C0081,500,35,81,37500.0,-66500.0,38000.0,-66000.0,37750.0,-66250.0,250000,250000.0,1.0,0,103.9002446400276,1.4432847149560655
JB0500_R0035_C0082,500,35,82,38000.0,-66500.0,38500.0,-66000.0,38250.0,-66250.0,250000,250000.0,1.0,0,103.90473763222722,1.4432837716116278
JB0500_R0035_C0083,500,35,83,38500.0,-66500.0,39000.0,-66000.0,38750.0,-66250.0,250000,250000.0,1.0,0,103.90923062442313,1.4432828193359981
JB0500_R0035_C0084,500,35,84,39000.0,-66500.0,39500.0,-66000.0,39250.0,-66250.0,250000,250000.0,1.0,0,103.91372361661529,1.4432818581291824
JB0500_R0035_C0085,500,35,85,39500.0,-66500.0,40000.0,-66000.0,39750.0,-66250.0,250000,250000.0,1.0,0,103.91821660880365,1.4432808879911865
JB0500_R0035_C0086,500,35,86,40000.0,-66500.0,40500.0,-66000.0,40250.0,-66250.0,250000,250000.0,1.0,0,103.92270960098817,1.4432799089220165
JB0500_R0035_C0087,500,35,87,40500.0,-66500.0,41000.0,-66000.0,40750.0,-66250.0,250000,250000.0,1.0,0,103.92720259316884,1.4432789209216783
JB0500_R0035_C0088,500,35,88,41000.0,-66500.0,41500.0,-66000.0,41250.0,-66250.0,250000,250000.0,1.0,0,103.93169558534562,1.443277923990178
JB0500_R0035_C0089,500,35,89,41500.0,-66500.0,42000.0,-66000.0,41750.0,-66250.0,250000,250000.0,1.0,0,103.93618857751846,1.4432769181275218
JB0500_R0035_C0090,500,35,90,42000.0,-66500.0,42500.0,-66000.0,42250.0,-66250.0,250000,250000.0,1.0,0,103.94068156968734,1.443275903333716
JB0500_R0035_C0091,500,35,91,42500.0,-66500.0,43000.0,-66000.0,42750.0,-66250.0,250000,250000.0,1.0,0,103.94517456185224,1.4432748796087664
JB0500_R0035_C0092,500,35,92,43000.0,-66500.0,43500.0,-66000.0,43250.0,-66250.0,250000,250000.0,1.0,0,103.94966755401308,1.4432738469526798
JB0500_R0035_C0093,500,35,93,43500.0,-66500.0,44000.0,-66000.0,43750.0,-66250.0,250000,250000.0,1.0,0,103.95416054616985,1.4432728053654624
JB0500_R0035_C0094,500,35,94,44000.0,-66500.0,44500.0,-66000.0,44250.0,-66250.0,250000,250000.0,1.0,0,103.95865353832252,1.4432717548471206
JB0500_R0035_C0095,500,35,95,44500.0,-66500.0,45000.0,-66000.0,44750.0,-66250.0,250000,250000.0,1.0,0,103.96314653047105,1.4432706953976608
JB0500_R0035_C0096,500,35,96,45000.0,-66500.0,45500.0,-66000.0,45250.0,-66250.0,250000,250000.0,1.0,0,103.9676395226154,1.4432696270170895
JB0500_R0035_C0097,500,35,97,45500.0,-66500.0,46000.0,-66000.0,45750.0,-66250.0,250000,250000.0,1.0,0,103.97213251475554,1.4432685497054136
JB0500_R0035_C0098,500,35,98,46000.0,-66500.0,46500.0,-66000.0,46250.0,-66250.0,250000,250000.0,1.0,0,103.97662550689144,1.4432674634626392
JB0500_R0035_C0099,500,35,99,46500.0,-66500.0,47000.0,-66000.0,46750.0,-66250.0,250000,250000.0,1.0,0,103.98111849902304,1.4432663682887732
JB0500_R0035_C0100,500,35,100,47000.0,-66500.0,47500.0,-66000.0,47250.0,-66250.0,250000,250000.0,1.0,0,103.98561149115034,1.4432652641838228
JB0500_R0035_C0101,500,35,101,47500.0,-66500.0,48000.0,-66000.0,47750.0,-66250.0,250000,250000.0,1.0,0,103.99010448327329,1.4432641511477942
JB0500_R0035_C0102,500,35,102,48000.0,-66500.0,48500.0,-66000.0,48250.0,-66250.0,250000,250000.0,1.0,0,103.99459747539186,1.4432630291806943
JB0500_R0035_C0103,500,35,103,48500.0,-66500.0,49000.0,-66000.0,48750.0,-66250.0,250000,250000.0,1.0,0,103.999090467506,1.4432618982825305
JB0500_R0035_C0104,500,35,104,49000.0,-66500.0,49500.0,-66000.0,49250.0,-66250.0,250000,250000.0,1.0,0,104.00358345961567,1.4432607584533093
JB0500_R0035_C0105,500,35,105,49500.0,-66500.0,50000.0,-66000.0,49750.0,-66250.0,250000,250000.0,1.0,0,104.00807645172085,1.443259609693038
JB0500_R0035_C0106,500,35,106,50000.0,-66500.0,50500.0,-66000.0,50250.0,-66250.0,250000,250000.0,1.0,0,104.01256944382152,1.4432584520017233
JB0500_R0035_C0107,500,35,107,50500.0,-66500.0,51000.0,-66000.0,50750.0,-66250.0,250000,250000.0,1.0,0,104.01706243591764,1.4432572853793728
JB0500_R0035_C0108,500,35,108,51000.0,-66500.0,51500.0,-66000.0,51250.0,-66250.0,250000,250000.0,1.0,0,104.02155542800914,1.4432561098259933
JB0500_R0035_C0109,500,35,109,51500.0,-66500.0,52000.0,-66000.0,51750.0,-66250.0,250000,198535.18288612575,0.794140731544503,1,104.026048420096,1.443254925341592
JB0500_R0036_C0003,500,36,3,-1500.0,-66000.0,-1000.0,-65500.0,-1250.0,-65750.0,250000,86680.15175761192,0.3467206070304477,1,103.5497914809398,1.447852586621485
JB0500_R0036_C0004,500,36,4,-1000.0,-66000.0,-500.0,-65500.0,-750.0,-65750.0,250000,250000.0,1.0,0,103.55428448221,1.4478523391503706
JB0500_R0036_C0005,500,36,5,-500.0,-66000.0,0.0,-65500.0,-250.0,-65750.0,250000,250000.0,1.0,0,103.5587774834792,1.4478520827197832
JB0500_R0036_C0006,500,36,6,0.0,-66000.0,500.0,-65500.0,250.0,-65750.0,250000,250000.0,1.0,0,103.56327048474738,1.4478518173297246
JB0500_R0036_C0007,500,36,7,500.0,-66000.0,1000.0,-65500.0,750.0,-65750.0,250000,250000.0,1.0,0,103.56776348601448,1.4478515429801966
JB0500_R0036_C0008,500,36,8,1000.0,-66000.0,1500.0,-65500.0,1250.0,-65750.0,250000,250000.0,1.0,0,103.5722564872805,1.447851259671201
JB0500_R0036_C0009,500,36,9,1500.0,-66000.0,2000.0,-65500.0,1750.0,-65750.0,250000,250000.0,1.0,0,103.57674948854537,1.447850967402739
JB0500_R0036_C0010,500,36,10,2000.0,-66000.0,2500.0,-65500.0,2250.0,-65750.0,250000,250000.0,1.0,0,103.58124248980909,1.4478506661748134
JB0500_R0036_C0011,500,36,11,2500.0,-66000.0,3000.0,-65500.0,2750.0,-65750.0,250000,250000.0,1.0,0,103.5857354910716,1.4478503559874247
JB0500_R0036_C0012,500,36,12,3000.0,-66000.0,3500.0,-65500.0,3250.0,-65750.0,250000,250000.0,1.0,0,103.59022849233287,1.447850036840576
JB0500_R0036_C0013,500,36,13,3500.0,-66000.0,4000.0,-65500.0,3750.0,-65750.0,250000,250000.0,1.0,0,103.59472149359286,1.4478497087342688
JB0500_R0036_C0014,500,36,14,4000.0,-66000.0,4500.0,-65500.0,4250.0,-65750.0,250000,250000.0,1.0,0,103.59921449485155,1.4478493716685048
JB0500_R0036_C0015,500,36,15,4500.0,-66000.0,5000.0,-65500.0,4750.0,-65750.0,250000,250000.0,1.0,0,103.6037074961089,1.4478490256432865
JB0500_R0036_C0016,500,36,16,5000.0,-66000.0,5500.0,-65500.0,5250.0,-65750.0,250000,250000.0,1.0,0,103.60820049736485,1.447848670658616
JB0500_R0036_C0017,500,36,17,5500.0,-66000.0,6000.0,-65500.0,5750.0,-65750.0,250000,250000.0,1.0,0,103.6126934986194,1.4478483067144956
JB0500_R0036_C0018,500,36,18,6000.0,-66000.0,6500.0,-65500.0,6250.0,-65750.0,250000,250000.0,1.0,0,103.6171864998725,1.4478479338109271
JB0500_R0036_C0019,500,36,19,6500.0,-66000.0,7000.0,-65500.0,6750.0,-65750.0,250000,250000.0,1.0,0,103.6216795011241,1.447847551947913
JB0500_R0036_C0020,500,36,20,7000.0,-66000.0,7500.0,-65500.0,7250.0,-65750.0,250000,250000.0,1.0,0,103.62617250237419,1.4478471611254558
JB0500_R0036_C0021,500,36,21,7500.0,-66000.0,8000.0,-65500.0,7750.0,-65750.0,250000,250000.0,1.0,0,103.63066550362272,1.4478467613435577
JB0500_R0036_C0022,500,36,22,8000.0,-66000.0,8500.0,-65500.0,8250.0,-65750.0,250000,250000.0,1.0,0,103.63515850486965,1.4478463526022214
JB0500_R0036_C0023,500,36,23,8500.0,-66000.0,9000.0,-65500.0,8750.0,-65750.0,250000,250000.0,1.0,0,103.63965150611497,1.4478459349014492
JB0500_R0036_C0024,500,36,24,9000.0,-66000.0,9500.0,-65500.0,9250.0,-65750.0,250000,250000.0,1.0,0,103.64414450735862,1.4478455082412438
JB0500_R0036_C0025,500,36,25,9500.0,-66000.0,10000.0,-65500.0,9750.0,-65750.0,250000,250000.0,1.0,0,103.64863750860057,1.4478450726216077
JB0500_R0036_C0026,500,36,26,10000.0,-66000.0,10500.0,-65500.0,10250.0,-65750.0,250000,250000.0,1.0,0,103.65313050984079,1.4478446280425437
JB0500_R0036_C0027,500,36,27,10500.0,-66000.0,11000.0,-65500.0,10750.0,-65750.0,250000,250000.0,1.0,0,103.65762351107924,1.4478441745040544
JB0500_R0036_C0028,500,36,28,11000.0,-66000.0,11500.0,-65500.0,11250.0,-65750.0,250000,250000.0,1.0,0,103.66211651231589,1.447843712006143
JB0500_R0036_C0029,500,36,29,11500.0,-66000.0,12000.0,-65500.0,11750.0,-65750.0,250000,250000.0,1.0,0,103.6666095135507,1.4478432405488117
JB0500_R0036_C0030,500,36,30,12000.0,-66000.0,12500.0,-65500.0,12250.0,-65750.0,250000,250000.0,1.0,0,103.67110251478364,1.447842760132064
JB0500_R0036_C0031,500,36,31,12500.0,-66000.0,13000.0,-65500.0,12750.0,-65750.0,250000,250000.0,1.0,0,103.67559551601465,1.4478422707559024
JB0500_R0036_C0032,500,36,32,13000.0,-66000.0,13500.0,-65500.0,13250.0,-65750.0,250000,250000.0,1.0,0,103.68008851724375,1.4478417724203303
JB0500_R0036_C0033,500,36,33,13500.0,-66000.0,14000.0,-65500.0,13750.0,-65750.0,250000,250000.0,1.0,0,103.68458151847084,1.4478412651253505
JB0500_R0036_C0034,500,36,34,14000.0,-66000.0,14500.0,-65500.0,14250.0,-65750.0,250000,250000.0,1.0,0,103.68907451969594,1.4478407488709661
JB0500_R0036_C0035,500,36,35,14500.0,-66000.0,15000.0,-65500.0,14750.0,-65750.0,250000,250000.0,1.0,0,103.69356752091896,1.4478402236571803
JB0500_R0036_C0036,500,36,36,15000.0,-66000.0,15500.0,-65500.0,15250.0,-65750.0,250000,228430.83241232415,0.9137233296492966,1,103.69806052213993,1.4478396894839967
JB0500_R0036_C0037,500,36,37,15500.0,-66000.0,16000.0,-65500.0,15750.0,-65750.0,250000,19596.780953179947,0.07838712381271978,1,103.70255352335874,1.4478391463514182
JB0500_R0036_C0047,500,36,47,20500.0,-66000.0,21000.0,-65500.0,20750.0,-65750.0,250000,17421.174744904496,0.06968469897961799,1,103.74748353542262,1.4478332222596821
JB0500_R0036_C0048,500,36,48,21000.0,-66000.0,21500.0,-65500.0,21250.0,-65750.0,250000,53088.33343117294,0.21235333372469176,1,103.75197653661579,1.4478325805739938
JB0500_R0036_C0049,500,36,49,21500.0,-66000.0,22000.0,-65500.0,21750.0,-65750.0,250000,88757.91845199274,0.35503167380797096,1,103.75646953780642,1.4478319299289544
JB0500_R0036_C0050,500,36,50,22000.0,-66000.0,22500.0,-65500.0,22250.0,-65750.0,250000,61738.43334729526,0.24695373338918103,1,103.76096253899446,1.4478312703245677
JB0500_R0036_C0051,500,36,51,22500.0,-66000.0,23000.0,-65500.0,22750.0,-65750.0,250000,439.6748363151132,0.001758699345260453,1,103.7654555401799,1.4478306017608384
JB0500_R0036_C0075,500,36,75,34500.0,-66000.0,35000.0,-65500.0,34750.0,-65750.0,250000,86805.47235289711,0.34722188941158844,1,103.8732875677541,1.4478118684399734
JB0500_R0036_C0076,500,36,76,35000.0,-66000.0,35500.0,-65500.0,35250.0,-65750.0,250000,249358.00494959462,0.9974320197983785,1,103.87778056886272,1.4478109758941513
JB0500_R0036_C0077,500,36,77,35500.0,-66000.0,36000.0,-65500.0,35750.0,-65750.0,250000,250000.0,1.0,0,103.88227356996777,1.4478100743891114
JB0500_R0036_C0078,500,36,78,36000.0,-66000.0,36500.0,-65500.0,36250.0,-65750.0,250000,250000.0,1.0,0,103.88676657106927,1.447809163924859
JB0500_R0036_C0079,500,36,79,36500.0,-66000.0,37000.0,-65500.0,36750.0,-65750.0,250000,250000.0,1.0,0,103.89125957216717,1.4478082445013996
JB0500_R0036_C0080,500,36,80,37000.0,-66000.0,37500.0,-65500.0,37250.0,-65750.0,250000,250000.0,1.0,0,103.89575257326143,1.447807316118739
JB0500_R0036_C0081,500,36,81,37500.0,-66000.0,38000.0,-65500.0,37750.0,-65750.0,250000,250000.0,1.0,0,103.90024557435201,1.4478063787768831
JB0500_R0036_C0082,500,36,82,38000.0,-66000.0,38500.0,-65500.0,38250.0,-65750.0,250000,250000.0,1.0,0,103.90473857543888,1.4478054324758376
JB0500_R0036_C0083,500,36,83,38500.0,-66000.0,39000.0,-65500.0,38750.0,-65750.0,250000,250000.0,1.0,0,103.90923157652202,1.447804477215608
JB0500_R0036_C0084,500,36,84,39000.0,-66000.0,39500.0,-65500.0,39250.0,-65750.0,250000,250000.0,1.0,0,103.91372457760139,1.4478035129962004
JB0500_R0036_C0085,500,36,85,39500.0,-66000.0,40000.0,-65500.0,39750.0,-65750.0,250000,250000.0,1.0,0,103.91821757867692,1.4478025398176209
JB0500_R0036_C0086,500,36,86,40000.0,-66000.0,40500.0,-65500.0,40250.0,-65750.0,250000,250000.0,1.0,0,103.92271057974861,1.4478015576798755
JB0500_R0036_C0087,500,36,87,40500.0,-66000.0,41000.0,-65500.0,40750.0,-65750.0,250000,250000.0,1.0,0,103.92720358081641,1.4478005665829699
JB0500_R0036_C0088,500,36,88,41000.0,-66000.0,41500.0,-65500.0,41250.0,-65750.0,250000,250000.0,1.0,0,103.9316965818803,1.44779956652691
JB0500_R0036_C0089,500,36,89,41500.0,-66000.0,42000.0,-65500.0,41750.0,-65750.0,250000,250000.0,1.0,0,103.93618958294023,1.4477985575117032
JB0500_R0036_C0090,500,36,90,42000.0,-66000.0,42500.0,-65500.0,42250.0,-65750.0,250000,250000.0,1.0,0,103.94068258399616,1.4477975395373541
JB0500_R0036_C0091,500,36,91,42500.0,-66000.0,43000.0,-65500.0,42750.0,-65750.0,250000,250000.0,1.0,0,103.94517558504809,1.44779651260387
JB0500_R0036_C0092,500,36,92,43000.0,-66000.0,43500.0,-65500.0,43250.0,-65750.0,250000,250000.0,1.0,0,103.94966858609594,1.4477954767112573
JB0500_R0036_C0093,500,36,93,43500.0,-66000.0,44000.0,-65500.0,43750.0,-65750.0,250000,250000.0,1.0,0,103.9541615871397,1.4477944318595215
JB0500_R0036_C0094,500,36,94,44000.0,-66000.0,44500.0,-65500.0,44250.0,-65750.0,250000,250000.0,1.0,0,103.95865458817931,1.4477933780486698
JB0500_R0036_C0095,500,36,95,44500.0,-66000.0,45000.0,-65500.0,44750.0,-65750.0,250000,250000.0,1.0,0,103.96314758921477,1.4477923152787084
JB0500_R0036_C0096,500,36,96,45000.0,-66000.0,45500.0,-65500.0,45250.0,-65750.0,250000,250000.0,1.0,0,103.96764059024603,1.4477912435496438
JB0500_R0036_C0097,500,36,97,45500.0,-66000.0,46000.0,-65500.0,45750.0,-65750.0,250000,250000.0,1.0,0,103.97213359127305,1.447790162861483
JB0500_R0036_C0098,500,36,98,46000.0,-66000.0,46500.0,-65500.0,46250.0,-65750.0,250000,250000.0,1.0,0,103.9766265922958,1.4477890732142322
JB0500_R0036_C0099,500,36,99,46500.0,-66000.0,47000.0,-65500.0,46750.0,-65750.0,250000,250000.0,1.0,0,103.98111959331423,1.4477879746078983
JB0500_R0036_C0100,500,36,100,47000.0,-66000.0,47500.0,-65500.0,47250.0,-65750.0,250000,250000.0,1.0,0,103.98561259432833,1.447786867042488
JB0500_R0036_C0101,500,36,101,47500.0,-66000.0,48000.0,-65500.0,47750.0,-65750.0,250000,250000.0,1.0,0,103.99010559533805,1.447785750518008
JB0500_R0036_C0102,500,36,102,48000.0,-66000.0,48500.0,-65500.0,48250.0,-65750.0,250000,250000.0,1.0,0,103.99459859634335,1.4477846250344655
JB0500_R0036_C0103,500,36,103,48500.0,-66000.0,49000.0,-65500.0,48750.0,-65750.0,250000,250000.0,1.0,0,103.9990915973442,1.4477834905918674
JB0500_R0036_C0104,500,36,104,49000.0,-66000.0,49500.0,-65500.0,49250.0,-65750.0,250000,250000.0,1.0,0,104.00358459834058,1.4477823471902203
JB0500_R0036_C0105,500,36,105,49500.0,-66000.0,50000.0,-65500.0,49750.0,-65750.0,250000,250000.0,1.0,0,104.00807759933242,1.4477811948295314
JB0500_R0036_C0106,500,36,106,50000.0,-66000.0,50500.0,-65500.0,50250.0,-65750.0,250000,250000.0,1.0,0,104.01257060031972,1.4477800335098079
JB0500_R0036_C0107,500,36,107,50500.0,-66000.0,51000.0,-65500.0,50750.0,-65750.0,250000,250000.0,1.0,0,104.01706360130243,1.447778863231057
JB0500_R0036_C0108,500,36,108,51000.0,-66000.0,51500.0,-65500.0,51250.0,-65750.0,250000,250000.0,1.0,0,104.02155660228051,1.447777683993286
JB0500_R0036_C0109,500,36,109,51500.0,-66000.0,52000.0,-65500.0,51750.0,-65750.0,250000,140537.33088687842,0.5621493235475137,1,104.02604960325392,1.4477764957965018
JB0500_R0037_C0003,500,37,3,-1500.0,-65500.0,-1000.0,-65000.0,-1250.0,-65250.0,250000,20525.34864038924,0.08210139456155695,1,103.5497917227595,1.4523743946322907
JB0500_R0037_C0004,500,37,4,-1000.0,-65500.0,-500.0,-65000.0,-750.0,-65250.0,250000,249068.07487267558,0.9962722994907023,1,103.55428473294592,1.452374146387978
JB0500_R0037_C0005,500,37,5,-500.0,-65500.0,0.0,-65000.0,-250.0,-65250.0,250000,250000.0,1.0,0,103.55877774313134,1.4523738891562
JB0500_R0037_C0006,500,37,6,0.0,-65500.0,500.0,-65000.0,250.0,-65250.0,250000,250000.0,1.0,0,103.56327075331572,1.452373622936958
JB0500_R0037_C0007,500,37,7,500.0,-65500.0,1000.0,-65000.0,750.0,-65250.0,250000,250000.0,1.0,0,103.56776376349904,1.4523733477302534
JB0500_R0037_C0008,500,37,8,1000.0,-65500.0,1500.0,-65000.0,1250.0,-65250.0,250000,250000.0,1.0,0,103.57225677368127,1.452373063536088
JB0500_R0037_C0009,500,37,9,1500.0,-65500.0,2000.0,-65000.0,1750.0,-65250.0,250000,250000.0,1.0,0,103.57674978386234,1.4523727703544638
JB0500_R0037_C0010,500,37,10,2000.0,-65500.0,2500.0,-65000.0,2250.0,-65250.0,250000,250000.0,1.0,0,103.58124279404224,1.4523724681853827
JB0500_R0037_C0011,500,37,11,2500.0,-65500.0,3000.0,-65000.0,2750.0,-65250.0,250000,250000.0,1.0,0,103.58573580422093,1.452372157028846
JB0500_R0037_C0012,500,37,12,3000.0,-65500.0,3500.0,-65000.0,3250.0,-65250.0,250000,250000.0,1.0,0,103.59022881439837,1.4523718368848562
JB0500_R0037_C0013,500,37,13,3500.0,-65500.0,4000.0,-65000.0,3750.0,-65250.0,250000,250000.0,1.0,0,103.59472182457453,1.4523715077534145
JB0500_R0037_C0014,500,37,14,4000.0,-65500.0,4500.0,-65000.0,4250.0,-65250.0,250000,250000.0,1.0,0,103.59921483474938,1.4523711696345238
JB0500_R0037_C0015,500,37,15,4500.0,-65500.0,5000.0,-65000.0,4750.0,-65250.0,250000,250000.0,1.0,0,103.60370784492287,1.4523708225281857
JB0500_R0037_C0016,500,37,16,5000.0,-65500.0,5500.0,-65000.0,5250.0,-65250.0,250000,250000.0,1.0,0,103.60820085509496,1.4523704664344026
JB0500_R0037_C0017,500,37,17,5500.0,-65500.0,6000.0,-65000.0,5750.0,-65250.0,250000,250000.0,1.0,0,103.61269386526564,1.4523701013531762
JB0500_R0037_C0018,500,37,18,6000.0,-65500.0,6500.0,-65000.0,6250.0,-65250.0,250000,250000.0,1.0,0,103.61718687543487,1.4523697272845095
JB0500_R0037_C0019,500,37,19,6500.0,-65500.0,7000.0,-65000.0,6750.0,-65250.0,250000,250000.0,1.0,0,103.62167988560257,1.452369344228404
JB0500_R0037_C0020,500,37,20,7000.0,-65500.0,7500.0,-65000.0,7250.0,-65250.0,250000,250000.0,1.0,0,103.62617289576878,1.4523689521848628
JB0500_R0037_C0021,500,37,21,7500.0,-65500.0,8000.0,-65000.0,7750.0,-65250.0,250000,250000.0,1.0,0,103.6306659059334,1.4523685511538877
JB0500_R0037_C0022,500,37,22,8000.0,-65500.0,8500.0,-65000.0,8250.0,-65250.0,250000,250000.0,1.0,0,103.63515891609642,1.4523681411354816
JB0500_R0037_C0023,500,37,23,8500.0,-65500.0,9000.0,-65000.0,8750.0,-65250.0,250000,250000.0,1.0,0,103.6396519262578,1.4523677221296467
JB0500_R0037_C0024,500,37,24,9000.0,-65500.0,9500.0,-65000.0,9250.0,-65250.0,250000,250000.0,1.0,0,103.64414493641752,1.4523672941363857
JB0500_R0037_C0025,500,37,25,9500.0,-65500.0,10000.0,-65000.0,9750.0,-65250.0,250000,250000.0,1.0,0,103.64863794657552,1.4523668571557014
JB0500_R0037_C0026,500,37,26,10000.0,-65500.0,10500.0,-65000.0,10250.0,-65250.0,250000,250000.0,1.0,0,103.65313095673177,1.4523664111875965
JB0500_R0037_C0027,500,37,27,10500.0,-65500.0,11000.0,-65000.0,10750.0,-65250.0,250000,250000.0,1.0,0,103.65762396688626,1.4523659562320734
JB0500_R0037_C0028,500,37,28,11000.0,-65500.0,11500.0,-65000.0,11250.0,-65250.0,250000,250000.0,1.0,0,103.66211697703893,1.452365492289135
JB0500_R0037_C0029,500,37,29,11500.0,-65500.0,12000.0,-65000.0,11750.0,-65250.0,250000,250000.0,1.0,0,103.66660998718974,1.4523650193587845
JB0500_R0037_C0030,500,37,30,12000.0,-65500.0,12500.0,-65000.0,12250.0,-65250.0,250000,250000.0,1.0,0,103.67110299733868,1.4523645374410243
JB0500_R0037_C0031,500,37,31,12500.0,-65500.0,13000.0,-65000.0,12750.0,-65250.0,250000,250000.0,1.0,0,103.67559600748568,1.452364046535858
JB0500_R0037_C0032,500,37,32,13000.0,-65500.0,13500.0,-65000.0,13250.0,-65250.0,250000,250000.0,1.0,0,103.68008901763072,1.452363546643288
JB0500_R0037_C0033,500,37,33,13500.0,-65500.0,14000.0,-65000.0,13750.0,-65250.0,250000,250000.0,1.0,0,103.68458202777379,1.4523630377633179
JB0500_R0037_C0034,500,37,34,14000.0,-65500.0,14500.0,-65000.0,14250.0,-65250.0,250000,250000.0,1.0,0,103.68907503791483,1.4523625198959504
JB0500_R0037_C0035,500,37,35,14500.0,-65500.0,15000.0,-65000.0,14750.0,-65250.0,250000,250000.0,1.0,0,103.69356804805379,1.4523619930411888
JB0500_R0037_C0036,500,37,36,15000.0,-65500.0,15500.0,-65000.0,15250.0,-65250.0,250000,250000.0,1.0,0,103.69806105819067,1.4523614571990364
JB0500_R0037_C0037,500,37,37,15500.0,-65500.0,16000.0,-65000.0,15750.0,-65250.0,250000,204358.70190416145,0.8174348076166458,1,103.7025540683254,1.4523609123694967
JB0500_R0037_C0038,500,37,38,16000.0,-65500.0,16500.0,-65000.0,16250.0,-65250.0,250000,50761.94887233485,0.20304779548933938,1,103.70704707845796,1.4523603585525728
JB0500_R0037_C0045,500,37,45,19500.0,-65500.0,20000.0,-65000.0,19750.0,-65250.0,250000,36165.50492360087,0.14466201969440348,1,103.7384981493222,1.4523562301876427
JB0500_R0037_C0046,500,37,46,20000.0,-65500.0,20500.0,-65000.0,20250.0,-65250.0,250000,179125.80411571535,0.7165032164628614,1,103.74299115943613,1.4523556044717731
JB0500_R0037_C0047,500,37,47,20500.0,-65500.0,21000.0,-65000.0,20750.0,-65250.0,250000,249997.57366544785,0.9999902946617915,1,103.74748416954756,1.452354969768552
JB0500_R0037_C0048,500,37,48,21000.0,-65500.0,21500.0,-65000.0,21250.0,-65250.0,250000,250000.0,1.0,0,103.75197717965648,1.4523543260779834
JB0500_R0037_C0049,500,37,49,21500.0,-65500.0,22000.0,-65000.0,21750.0,-65250.0,250000,250000.0,1.0,0,103.75647018976284,1.4523536734000713
JB0500_R0037_C0050,500,37,50,22000.0,-65500.0,22500.0,-65000.0,22250.0,-65250.0,250000,250000.0,1.0,0,103.76096319986661,1.4523530117348193
JB0500_R0037_C0051,500,37,51,22500.0,-65500.0,23000.0,-65000.0,22750.0,-65250.0,250000,206801.3056004837,0.8272052224019348,1,103.76545620996774,1.452352341082232
JB0500_R0037_C0052,500,37,52,23000.0,-65500.0,23500.0,-65000.0,23250.0,-65250.0,250000,92003.41540748358,0.3680136616299343,1,103.7699492200662,1.4523516614423135
JB0500_R0037_C0053,500,37,53,23500.0,-65500.0,24000.0,-65000.0,23750.0,-65250.0,250000,854.0339782679334,0.003416135913071734,1,103.77444223016197,1.4523509728150679
JB0500_R0037_C0074,500,37,74,34000.0,-65500.0,34500.0,-65000.0,34250.0,-65250.0,250000,65127.95734533251,0.26051182938133005,1,103.86879544148589,1.4523344355783276
JB0500_R0037_C0075,500,37,75,34500.0,-65500.0,35000.0,-65000.0,34750.0,-65250.0,250000,243137.34548414245,0.9725493819365698,1,103.8732884515132,1.4523335492310547
JB0500_R0037_C0076,500,37,76,35000.0,-65500.0,35500.0,-65000.0,35250.0,-65250.0,250000,250000.0,1.0,0,103.87778146153703,1.452332653896566
JB0500_R0037_C0077,500,37,77,35500.0,-65500.0,36000.0,-65000.0,35750.0,-65250.0,250000,250000.0,1.0,0,103.8822744715573,1.4523317495748673
JB0500_R0037_C0078,500,37,78,36000.0,-65500.0,36500.0,-65000.0,36250.0,-65250.0,250000,250000.0,1.0,0,103.88676748157395,1.452330836265964
JB0500_R0037_C0079,500,37,79,36500.0,-65500.0,37000.0,-65000.0,36750.0,-65250.0,250000,250000.0,1.0,0,103.891260491587,1.4523299139698618
JB0500_R0037_C0080,500,37,80,37000.0,-65500.0,37500.0,-65000.0,37250.0,-65250.0,250000,250000.0,1.0,0,103.89575350159639,1.4523289826865662
JB0500_R0037_C0081,500,37,81,37500.0,-65500.0,38000.0,-65000.0,37750.0,-65250.0,250000,250000.0,1.0,0,103.90024651160208,1.4523280424160832
JB0500_R0037_C0082,500,37,82,38000.0,-65500.0,38500.0,-65000.0,38250.0,-65250.0,250000,250000.0,1.0,0,103.90473952160403,1.4523270931584185
JB0500_R0037_C0083,500,37,83,38500.0,-65500.0,39000.0,-65000.0,38750.0,-65250.0,250000,250000.0,1.0,0,103.90923253160223,1.4523261349135776
JB0500_R0037_C0084,500,37,84,39000.0,-65500.0,39500.0,-65000.0,39250.0,-65250.0,250000,250000.0,1.0,0,103.91372554159662,1.4523251676815672
JB0500_R0037_C0085,500,37,85,39500.0,-65500.0,40000.0,-65000.0,39750.0,-65250.0,250000,250000.0,1.0,0,103.91821855158716,1.4523241914623921
JB0500_R0037_C0086,500,37,86,40000.0,-65500.0,40500.0,-65000.0,40250.0,-65250.0,250000,250000.0,1.0,0,103.92271156157385,1.4523232062560594
JB0500_R0037_C0087,500,37,87,40500.0,-65500.0,41000.0,-65000.0,40750.0,-65250.0,250000,250000.0,1.0,0,103.9272045715566,1.4523222120625747
JB0500_R0037_C0088,500,37,88,41000.0,-65500.0,41500.0,-65000.0,41250.0,-65250.0,250000,250000.0,1.0,0,103.93169758153543,1.4523212088819442
JB0500_R0037_C0089,500,37,89,41500.0,-65500.0,42000.0,-65000.0,41750.0,-65250.0,250000,250000.0,1.0,0,103.93619059151028,1.452320196714174
JB0500_R0037_C0090,500,37,90,42000.0,-65500.0,42500.0,-65000.0,42250.0,-65250.0,250000,250000.0,1.0,0,103.9406836014811,1.4523191755592701
JB0500_R0037_C0091,500,37,91,42500.0,-65500.0,43000.0,-65000.0,42750.0,-65250.0,250000,250000.0,1.0,0,103.94517661144788,1.4523181454172394
JB0500_R0037_C0092,500,37,92,43000.0,-65500.0,43500.0,-65000.0,43250.0,-65250.0,250000,250000.0,1.0,0,103.94966962141056,1.4523171062880875
JB0500_R0037_C0093,500,37,93,43500.0,-65500.0,44000.0,-65000.0,43750.0,-65250.0,250000,250000.0,1.0,0,103.95416263136914,1.4523160581718217
JB0500_R0037_C0094,500,37,94,44000.0,-65500.0,44500.0,-65000.0,44250.0,-65250.0,250000,250000.0,1.0,0,103.95865564132355,1.4523150010684474
JB0500_R0037_C0095,500,37,95,44500.0,-65500.0,45000.0,-65000.0,44750.0,-65250.0,250000,250000.0,1.0,0,103.96314865127376,1.4523139349779721
JB0500_R0037_C0096,500,37,96,45000.0,-65500.0,45500.0,-65000.0,45250.0,-65250.0,250000,250000.0,1.0,0,103.96764166121976,1.4523128599004016
JB0500_R0037_C0097,500,37,97,45500.0,-65500.0,46000.0,-65000.0,45750.0,-65250.0,250000,250000.0,1.0,0,103.97213467116147,1.4523117758357431
JB0500_R0037_C0098,500,37,98,46000.0,-65500.0,46500.0,-65000.0,46250.0,-65250.0,250000,250000.0,1.0,0,103.9766276810989,1.4523106827840029
JB0500_R0037_C0099,500,37,99,46500.0,-65500.0,47000.0,-65000.0,46750.0,-65250.0,250000,250000.0,1.0,0,103.981120691032,1.4523095807451878
JB0500_R0037_C0100,500,37,100,47000.0,-65500.0,47500.0,-65000.0,47250.0,-65250.0,250000,250000.0,1.0,0,103.98561370096071,1.4523084697193045
JB0500_R0037_C0101,500,37,101,47500.0,-65500.0,48000.0,-65000.0,47750.0,-65250.0,250000,250000.0,1.0,0,103.99010671088503,1.4523073497063603
JB0500_R0037_C0102,500,37,102,48000.0,-65500.0,48500.0,-65000.0,48250.0,-65250.0,250000,250000.0,1.0,0,103.99459972080491,1.4523062207063615
JB0500_R0037_C0103,500,37,103,48500.0,-65500.0,49000.0,-65000.0,48750.0,-65250.0,250000,250000.0,1.0,0,103.9990927307203,1.4523050827193156
JB0500_R0037_C0104,500,37,104,49000.0,-65500.0,49500.0,-65000.0,49250.0,-65250.0,250000,250000.0,1.0,0,104.00358574063118,1.452303935745229
JB0500_R0037_C0105,500,37,105,49500.0,-65500.0,50000.0,-65000.0,49750.0,-65250.0,250000,250000.0,1.0,0,104.00807875053752,1.4523027797841093
JB0500_R0037_C0106,500,37,106,50000.0,-65500.0,50500.0,-65000.0,50250.0,-65250.0,250000,250000.0,1.0,0,104.01257176043927,1.4523016148359633
JB0500_R0037_C0107,500,37,107,50500.0,-65500.0,51000.0,-65000.0,50750.0,-65250.0,250000,250000.0,1.0,0,104.01706477033642,1.4523004409007985
JB0500_R0037_C0108,500,37,108,51000.0,-65500.0,51500.0,-65000.0,51250.0,-65250.0,250000,250000.0,1.0,0,104.02155778022889,1.4522992579786216
JB0500_R0037_C0109,500,37,109,51500.0,-65500.0,52000.0,-65000.0,51750.0,-65250.0,250000,102918.7921378235,0.411675168551294,1,104.02605079011667,1.4522980660694402
JB0500_R0038_C0004,500,38,4,-1000.0,-65000.0,-500.0,-64500.0,-750.0,-64750.0,250000,207417.83273331844,0.8296713309332737,1,103.55428498446452,1.4568959534439467
JB0500_R0038_C0005,500,38,5,-500.0,-65000.0,0.0,-64500.0,-250.0,-64750.0,250000,250000.0,1.0,0,103.558778003594,1.4568956954109749
JB0500_R0038_C0006,500,38,6,0.0,-65000.0,500.0,-64500.0,250.0,-64750.0,250000,250000.0,1.0,0,103.56327102272245,1.456895428362546
JB0500_R0038_C0007,500,38,7,500.0,-65000.0,1000.0,-64500.0,750.0,-64750.0,250000,250000.0,1.0,0,103.5677640418498,1.4568951522986615
JB0500_R0038_C0008,500,38,8,1000.0,-65000.0,1500.0,-64500.0,1250.0,-64750.0,250000,250000.0,1.0,0,103.57225706097606,1.4568948672193236
JB0500_R0038_C0009,500,38,9,1500.0,-65000.0,2000.0,-64500.0,1750.0,-64750.0,250000,250000.0,1.0,0,103.57675008010115,1.4568945731245335
JB0500_R0038_C0010,500,38,10,2000.0,-65000.0,2500.0,-64500.0,2250.0,-64750.0,250000,250000.0,1.0,0,103.58124309922509,1.456894270014293
JB0500_R0038_C0011,500,38,11,2500.0,-65000.0,3000.0,-64500.0,2750.0,-64750.0,250000,250000.0,1.0,0,103.58573611834778,1.4568939578886047
JB0500_R0038_C0012,500,38,12,3000.0,-65000.0,3500.0,-64500.0,3250.0,-64750.0,250000,250000.0,1.0,0,103.59022913746924,1.4568936367474696
JB0500_R0038_C0013,500,38,13,3500.0,-65000.0,4000.0,-64500.0,3750.0,-64750.0,250000,250000.0,1.0,0,103.59472215658938,1.4568933065908902
JB0500_R0038_C0014,500,38,14,4000.0,-65000.0,4500.0,-64500.0,4250.0,-64750.0,250000,250000.0,1.0,0,103.59921517570822,1.4568929674188686
JB0500_R0038_C0015,500,38,15,4500.0,-65000.0,5000.0,-64500.0,4750.0,-64750.0,250000,250000.0,1.0,0,103.60370819482569,1.4568926192314064
JB0500_R0038_C0016,500,38,16,5000.0,-65000.0,5500.0,-64500.0,5250.0,-64750.0,250000,250000.0,1.0,0,103.60820121394175,1.4568922620285063
JB0500_R0038_C0017,500,38,17,5500.0,-65000.0,6000.0,-64500.0,5750.0,-64750.0,250000,250000.0,1.0,0,103.6126942330564,1.4568918958101702
JB0500_R0038_C0018,500,38,18,6000.0,-65000.0,6500.0,-64500.0,6250.0,-64750.0,250000,250000.0,1.0,0,103.61718725216957,1.4568915205764006
JB0500_R0038_C0019,500,38,19,6500.0,-65000.0,7000.0,-64500.0,6750.0,-64750.0,250000,250000.0,1.0,0,103.62168027128124,1.4568911363271995
JB0500_R0038_C0020,500,38,20,7000.0,-65000.0,7500.0,-64500.0,7250.0,-64750.0,250000,250000.0,1.0,0,103.62617329039136,1.4568907430625693
JB0500_R0038_C0021,500,38,21,7500.0,-65000.0,8000.0,-64500.0,7750.0,-64750.0,250000,250000.0,1.0,0,103.6306663094999,1.4568903407825124
JB0500_R0038_C0022,500,38,22,8000.0,-65000.0,8500.0,-64500.0,8250.0,-64750.0,250000,250000.0,1.0,0,103.63515932860685,1.4568899294870317
JB0500_R0038_C0023,500,38,23,8500.0,-65000.0,9000.0,-64500.0,8750.0,-64750.0,250000,250000.0,1.0,0,103.63965234771213,1.4568895091761291
JB0500_R0038_C0024,500,38,24,9000.0,-65000.0,9500.0,-64500.0,9250.0,-64750.0,250000,250000.0,1.0,0,103.64414536681575,1.4568890798498078
JB0500_R0038_C0025,500,38,25,9500.0,-65000.0,10000.0,-64500.0,9750.0,-64750.0,250000,250000.0,1.0,0,103.64863838591762,1.45688864150807
JB0500_R0038_C0026,500,38,26,10000.0,-65000.0,10500.0,-64500.0,10250.0,-64750.0,250000,250000.0,1.0,0,103.65313140501776,1.4568881941509186
JB0500_R0038_C0027,500,38,27,10500.0,-65000.0,11000.0,-64500.0,10750.0,-64750.0,250000,250000.0,1.0,0,103.6576244241161,1.4568877377783562
JB0500_R0038_C0028,500,38,28,11000.0,-65000.0,11500.0,-64500.0,11250.0,-64750.0,250000,250000.0,1.0,0,103.66211744321262,1.4568872723903858
JB0500_R0038_C0029,500,38,29,11500.0,-65000.0,12000.0,-64500.0,11750.0,-64750.0,250000,250000.0,1.0,0,103.66661046230728,1.4568867979870102
JB0500_R0038_C0030,500,38,30,12000.0,-65000.0,12500.0,-64500.0,12250.0,-64750.0,250000,250000.0,1.0,0,103.67110348140002,1.4568863145682323
JB0500_R0038_C0031,500,38,31,12500.0,-65000.0,13000.0,-64500.0,12750.0,-64750.0,250000,250000.0,1.0,0,103.67559650049085,1.456885822134055
JB0500_R0038_C0032,500,38,32,13000.0,-65000.0,13500.0,-64500.0,13250.0,-64750.0,250000,250000.0,1.0,0,103.68008951957971,1.4568853206844814
JB0500_R0038_C0033,500,38,33,13500.0,-65000.0,14000.0,-64500.0,13750.0,-64750.0,250000,250000.0,1.0,0,103.68458253866656,1.4568848102195149
JB0500_R0038_C0034,500,38,34,14000.0,-65000.0,14500.0,-64500.0,14250.0,-64750.0,250000,250000.0,1.0,0,103.68907555775138,1.456884290739158
JB0500_R0038_C0035,500,38,35,14500.0,-65000.0,15000.0,-64500.0,14750.0,-64750.0,250000,250000.0,1.0,0,103.69356857683411,1.4568837622434145
JB0500_R0038_C0036,500,38,36,15000.0,-65000.0,15500.0,-64500.0,15250.0,-64750.0,250000,250000.0,1.0,0,103.69806159591474,1.4568832247322872
JB0500_R0038_C0037,500,38,37,15500.0,-65000.0,16000.0,-64500.0,15750.0,-64750.0,250000,250000.0,1.0,0,103.7025546149932,1.4568826782057798
JB0500_R0038_C0038,500,38,38,16000.0,-65000.0,16500.0,-64500.0,16250.0,-64750.0,250000,246633.06583379168,0.9865322633351667,1,103.7070476340695,1.4568821226638953
JB0500_R0038_C0039,500,38,39,16500.0,-65000.0,17000.0,-64500.0,16750.0,-64750.0,250000,142396.5373620937,0.5695861494483747,1,103.71154065314356,1.4568815581066372
JB0500_R0038_C0040,500,38,40,17000.0,-65000.0,17500.0,-64500.0,17250.0,-64750.0,250000,68835.06999223391,0.2753402799689356,1,103.71603367221539,1.4568809845340094
JB0500_R0038_C0041,500,38,41,17500.0,-65000.0,18000.0,-64500.0,17750.0,-64750.0,250000,22237.4884100009,0.0889499536400036,1,103.72052669128492,1.4568804019460146
JB0500_R0038_C0043,500,38,43,18500.0,-65000.0,19000.0,-64500.0,18750.0,-64750.0,250000,38869.67087800692,0.15547868351202768,1,103.72951272941695,1.4568792097239407
JB0500_R0038_C0044,500,38,44,19000.0,-65000.0,19500.0,-64500.0,19250.0,-64750.0,250000,156282.50725086036,0.6251300290034415,1,103.73400574847939,1.4568786000898684
JB0500_R0038_C0045,500,38,45,19500.0,-65000.0,20000.0,-64500.0,19750.0,-64750.0,250000,245202.40507485735,0.9808096202994294,1,103.73849876753941,1.4568779814404442
JB0500_R0038_C0046,500,38,46,20000.0,-65000.0,20500.0,-64500.0,20250.0,-64750.0,250000,250000.0,1.0,0,103.74299178659695,1.4568773537756723
JB0500_R0038_C0047,500,38,47,20500.0,-65000.0,21000.0,-64500.0,20750.0,-64750.0,250000,250000.0,1.0,0,103.74748480565198,1.456876717095556
JB0500_R0038_C0048,500,38,48,21000.0,-65000.0,21500.0,-64500.0,21250.0,-64750.0,250000,250000.0,1.0,0,103.75197782470447,1.4568760714000994
JB0500_R0038_C0049,500,38,49,21500.0,-65000.0,22000.0,-64500.0,21750.0,-64750.0,250000,250000.0,1.0,0,103.7564708437544,1.4568754166893068
JB0500_R0038_C0050,500,38,50,22000.0,-65000.0,22500.0,-64500.0,22250.0,-64750.0,250000,250000.0,1.0,0,103.7609638628017,1.4568747529631818
JB0500_R0038_C0051,500,38,51,22500.0,-65000.0,23000.0,-64500.0,22750.0,-64750.0,250000,250000.0,1.0,0,103.76545688184636,1.4568740802217288
JB0500_R0038_C0052,500,38,52,23000.0,-65000.0,23500.0,-64500.0,23250.0,-64750.0,250000,250000.0,1.0,0,103.76994990088834,1.4568733984649518
JB0500_R0038_C0053,500,38,53,23500.0,-65000.0,24000.0,-64500.0,23750.0,-64750.0,250000,186265.71507936282,0.7450628603174513,1,103.7744429199276,1.456872707692855
JB0500_R0038_C0054,500,38,54,24000.0,-65000.0,24500.0,-64500.0,24250.0,-64750.0,250000,36599.09016283079,0.14639636065132317,1,103.7789359389641,1.4568720079054425
JB0500_R0038_C0073,500,38,73,33500.0,-65000.0,34000.0,-64500.0,33750.0,-64750.0,250000,73301.96599619693,0.2932078639847877,1,103.86430330008672,1.4568569990407183
JB0500_R0038_C0074,500,38,74,34000.0,-65000.0,34500.0,-64500.0,34250.0,-64750.0,250000,236872.86410739453,0.9474914564295781,1,103.86879631906062,1.4568561189479738
JB0500_R0038_C0075,500,38,75,34500.0,-65000.0,35000.0,-64500.0,34750.0,-64750.0,250000,250000.0,1.0,0,103.87328933803103,1.4568552298400161
JB0500_R0038_C0076,500,38,76,35000.0,-65000.0,35500.0,-64500.0,35250.0,-64750.0,250000,250000.0,1.0,0,103.87778235699788,1.4568543317168503
JB0500_R0038_C0077,500,38,77,35500.0,-65000.0,36000.0,-64500.0,35750.0,-64750.0,250000,250000.0,1.0,0,103.88227537596117,1.456853424578482
JB0500_R0038_C0078,500,38,78,36000.0,-65000.0,36500.0,-64500.0,36250.0,-64750.0,250000,250000.0,1.0,0,103.88676839492085,1.4568525084249173
JB0500_R0038_C0079,500,38,79,36500.0,-65000.0,37000.0,-64500.0,36750.0,-64750.0,250000,250000.0,1.0,0,103.89126141387686,1.4568515832561613
JB0500_R0038_C0080,500,38,80,37000.0,-65000.0,37500.0,-64500.0,37250.0,-64750.0,250000,250000.0,1.0,0,103.89575443282921,1.4568506490722195
JB0500_R0038_C0081,500,38,81,37500.0,-65000.0,38000.0,-64500.0,37750.0,-64750.0,250000,250000.0,1.0,0,103.90024745177783,1.4568497058730985
JB0500_R0038_C0082,500,38,82,38000.0,-65000.0,38500.0,-64500.0,38250.0,-64750.0,250000,250000.0,1.0,0,103.90474047072269,1.456848753658803
JB0500_R0038_C0083,500,38,83,38500.0,-65000.0,39000.0,-64500.0,38750.0,-64750.0,250000,250000.0,1.0,0,103.90923348966378,1.45684779242934
JB0500_R0038_C0084,500,38,84,39000.0,-65000.0,39500.0,-64500.0,39250.0,-64750.0,250000,250000.0,1.0,0,103.91372650860103,1.4568468221847146
JB0500_R0038_C0085,500,38,85,39500.0,-65000.0,40000.0,-64500.0,39750.0,-64750.0,250000,250000.0,1.0,0,103.91821952753442,1.4568458429249331
JB0500_R0038_C0086,500,38,86,40000.0,-65000.0,40500.0,-64500.0,40250.0,-64750.0,250000,250000.0,1.0,0,103.92271254646391,1.4568448546500015
JB0500_R0038_C0087,500,38,87,40500.0,-65000.0,41000.0,-64500.0,40750.0,-64750.0,250000,250000.0,1.0,0,103.92720556538946,1.4568438573599258
JB0500_R0038_C0088,500,38,88,41000.0,-65000.0,41500.0,-64500.0,41250.0,-64750.0,250000,250000.0,1.0,0,103.93169858431105,1.4568428510547122
JB0500_R0038_C0089,500,38,89,41500.0,-65000.0,42000.0,-64500.0,41750.0,-64750.0,250000,250000.0,1.0,0,103.93619160322864,1.456841835734367
JB0500_R0038_C0090,500,38,90,42000.0,-65000.0,42500.0,-64500.0,42250.0,-64750.0,250000,250000.0,1.0,0,103.94068462214217,1.4568408113988964
JB0500_R0038_C0091,500,38,91,42500.0,-65000.0,43000.0,-64500.0,42750.0,-64750.0,250000,250000.0,1.0,0,103.94517764105164,1.4568397780483064
JB0500_R0038_C0092,500,38,92,43000.0,-65000.0,43500.0,-64500.0,43250.0,-64750.0,250000,250000.0,1.0,0,103.949670659957,1.4568387356826038
JB0500_R0038_C0093,500,38,93,43500.0,-65000.0,44000.0,-64500.0,43750.0,-64750.0,250000,250000.0,1.0,0,103.95416367885821,1.4568376843017947
JB0500_R0038_C0094,500,38,94,44000.0,-65000.0,44500.0,-64500.0,44250.0,-64750.0,250000,250000.0,1.0,0,103.95865669775523,1.4568366239058859
JB0500_R0038_C0095,500,38,95,44500.0,-65000.0,45000.0,-64500.0,44750.0,-64750.0,250000,250000.0,1.0,0,103.96314971664803,1.4568355544948837
JB0500_R0038_C0096,500,38,96,45000.0,-65000.0,45500.0,-64500.0,45250.0,-64750.0,250000,250000.0,1.0,0,103.96764273553659,1.4568344760687948
JB0500_R0038_C0097,500,38,97,45500.0,-65000.0,46000.0,-64500.0,45750.0,-64750.0,250000,250000.0,1.0,0,103.97213575442085,1.4568333886276257
JB0500_R0038_C0098,500,38,98,46000.0,-65000.0,46500.0,-64500.0,46250.0,-64750.0,250000,250000.0,1.0,0,103.97662877330077,1.4568322921713832
JB0500_R0038_C0099,500,38,99,46500.0,-65000.0,47000.0,-64500.0,46750.0,-64750.0,250000,250000.0,1.0,0,103.98112179217634,1.4568311867000738
JB0500_R0038_C0100,500,38,100,47000.0,-65000.0,47500.0,-64500.0,47250.0,-64750.0,250000,250000.0,1.0,0,103.98561481104751,1.4568300722137046
JB0500_R0038_C0101,500,38,101,47500.0,-65000.0,48000.0,-64500.0,47750.0,-64750.0,250000,250000.0,1.0,0,103.99010782991425,1.4568289487122825
JB0500_R0038_C0102,500,38,102,48000.0,-65000.0,48500.0,-64500.0,48250.0,-64750.0,250000,250000.0,1.0,0,103.99460084877653,1.4568278161958144
JB0500_R0038_C0103,500,38,103,48500.0,-65000.0,49000.0,-64500.0,48750.0,-64750.0,250000,250000.0,1.0,0,103.9990938676343,1.456826674664307
JB0500_R0038_C0104,500,38,104,49000.0,-65000.0,49500.0,-64500.0,49250.0,-64750.0,250000,250000.0,1.0,0,104.00358688648753,1.4568255241177677
JB0500_R0038_C0105,500,38,105,49500.0,-65000.0,50000.0,-64500.0,49750.0,-64750.0,250000,250000.0,1.0,0,104.00807990533617,1.4568243645562033
JB0500_R0038_C0106,500,38,106,50000.0,-65000.0,50500.0,-64500.0,50250.0,-64750.0,250000,250000.0,1.0,0,104.0125729241802,1.456823195979621
JB0500_R0038_C0107,500,38,107,50500.0,-65000.0,51000.0,-64500.0,50750.0,-64750.0,250000,250000.0,1.0,0,104.01706594301959,1.4568220183880278
JB0500_R0038_C0108,500,38,108,51000.0,-65000.0,51500.0,-64500.0,51250.0,-64750.0,250000,250000.0,1.0,0,104.0215589618543,1.4568208317814315
JB0500_R0038_C0109,500,38,109,51500.0,-65000.0,52000.0,-64500.0,51750.0,-64750.0,250000,93505.14306885088,0.37402057227540353,1,104.02605198068429,1.456819636159839
JB0500_R0039_C0003,500,39,3,-1500.0,-64500.0,-1000.0,-64000.0,-1250.0,-64250.0,250000,3312.961802707128,0.013251847210828512,1,103.54979220866345,1.4614180101084286
JB0500_R0039_C0004,500,39,4,-1000.0,-64500.0,-500.0,-64000.0,-750.0,-64250.0,250000,220062.82176602463,0.8802512870640985,1,103.55428523676582,1.4614177603177116
JB0500_R0039_C0005,500,39,5,-500.0,-64500.0,0.0,-64000.0,-250.0,-64250.0,250000,250000.0,1.0,0,103.55877826486719,1.461417501483543
JB0500_R0039_C0006,500,39,6,0.0,-64500.0,500.0,-64000.0,250.0,-64250.0,250000,250000.0,1.0,0,103.56327129296751,1.4614172336059241
JB0500_R0039_C0007,500,39,7,500.0,-64500.0,1000.0,-64000.0,750.0,-64250.0,250000,250000.0,1.0,0,103.56776432106675,1.4614169566848567
JB0500_R0039_C0008,500,39,8,1000.0,-64500.0,1500.0,-64000.0,1250.0,-64250.0,250000,250000.0,1.0,0,103.57225734916487,1.4614166707203422
JB0500_R0039_C0009,500,39,9,1500.0,-64500.0,2000.0,-64000.0,1750.0,-64250.0,250000,250000.0,1.0,0,103.57675037726183,1.4614163757123828
JB0500_R0039_C0010,500,39,10,2000.0,-64500.0,2500.0,-64000.0,2250.0,-64250.0,250000,250000.0,1.0,0,103.58124340535761,1.46141607166098
JB0500_R0039_C0011,500,39,11,2500.0,-64500.0,3000.0,-64000.0,2750.0,-64250.0,250000,250000.0,1.0,0,103.58573643345215,1.4614157585661358
JB0500_R0039_C0012,500,39,12,3000.0,-64500.0,3500.0,-64000.0,3250.0,-64250.0,250000,250000.0,1.0,0,103.59022946154543,1.461415436427852
JB0500_R0039_C0013,500,39,13,3500.0,-64500.0,4000.0,-64000.0,3750.0,-64250.0,250000,250000.0,1.0,0,103.59472248963742,1.4614151052461308
JB0500_R0039_C0014,500,39,14,4000.0,-64500.0,4500.0,-64000.0,4250.0,-64250.0,250000,250000.0,1.0,0,103.59921551772808,1.4614147650209741
JB0500_R0039_C0015,500,39,15,4500.0,-64500.0,5000.0,-64000.0,4750.0,-64250.0,250000,250000.0,1.0,0,103.60370854581737,1.4614144157523843
JB0500_R0039_C0016,500,39,16,5000.0,-64500.0,5500.0,-64000.0,5250.0,-64250.0,250000,250000.0,1.0,0,103.60820157390525,1.4614140574403627
JB0500_R0039_C0017,500,39,17,5500.0,-64500.0,6000.0,-64000.0,5750.0,-64250.0,250000,250000.0,1.0,0,103.61269460199168,1.4614136900849124
JB0500_R0039_C0018,500,39,18,6000.0,-64500.0,6500.0,-64000.0,6250.0,-64250.0,250000,250000.0,1.0,0,103.61718763007663,1.4614133136860354
JB0500_R0039_C0019,500,39,19,6500.0,-64500.0,7000.0,-64000.0,6750.0,-64250.0,250000,250000.0,1.0,0,103.62168065816007,1.4614129282437338
JB0500_R0039_C0020,500,39,20,7000.0,-64500.0,7500.0,-64000.0,7250.0,-64250.0,250000,250000.0,1.0,0,103.62617368624196,1.4614125337580102
JB0500_R0039_C0021,500,39,21,7500.0,-64500.0,8000.0,-64000.0,7750.0,-64250.0,250000,250000.0,1.0,0,103.63066671432227,1.461412130228867
JB0500_R0039_C0022,500,39,22,8000.0,-64500.0,8500.0,-64000.0,8250.0,-64250.0,250000,250000.0,1.0,0,103.63515974240096,1.4614117176563066
JB0500_R0039_C0023,500,39,23,8500.0,-64500.0,9000.0,-64000.0,8750.0,-64250.0,250000,250000.0,1.0,0,103.63965277047798,1.4614112960403316
JB0500_R0039_C0024,500,39,24,9000.0,-64500.0,9500.0,-64000.0,9250.0,-64250.0,250000,250000.0,1.0,0,103.64414579855332,1.4614108653809446
JB0500_R0039_C0025,500,39,25,9500.0,-64500.0,10000.0,-64000.0,9750.0,-64250.0,250000,250000.0,1.0,0,103.64863882662692,1.4614104256781482
JB0500_R0039_C0026,500,39,26,10000.0,-64500.0,10500.0,-64000.0,10250.0,-64250.0,250000,250000.0,1.0,0,103.65313185469876,1.461409976931945
JB0500_R0039_C0027,500,39,27,10500.0,-64500.0,11000.0,-64000.0,10750.0,-64250.0,250000,250000.0,1.0,0,103.6576248827688,1.4614095191423382
JB0500_R0039_C0028,500,39,28,11000.0,-64500.0,11500.0,-64000.0,11250.0,-64250.0,250000,250000.0,1.0,0,103.662117910837,1.46140905230933
JB0500_R0039_C0029,500,39,29,11500.0,-64500.0,12000.0,-64000.0,11750.0,-64250.0,250000,250000.0,1.0,0,103.66661093890332,1.4614085764329239
JB0500_R0039_C0030,500,39,30,12000.0,-64500.0,12500.0,-64000.0,12250.0,-64250.0,250000,250000.0,1.0,0,103.67110396696775,1.4614080915131222
JB0500_R0039_C0031,500,39,31,12500.0,-64500.0,13000.0,-64000.0,12750.0,-64250.0,250000,250000.0,1.0,0,103.67559699503022,1.4614075975499283
JB0500_R0039_C0032,500,39,32,13000.0,-64500.0,13500.0,-64000.0,13250.0,-64250.0,250000,250000.0,1.0,0,103.6800900230907,1.4614070945433453
JB0500_R0039_C0033,500,39,33,13500.0,-64500.0,14000.0,-64000.0,13750.0,-64250.0,250000,250000.0,1.0,0,103.68458305114918,1.4614065824933762
JB0500_R0039_C0034,500,39,34,14000.0,-64500.0,14500.0,-64000.0,14250.0,-64250.0,250000,250000.0,1.0,0,103.68907607920559,1.461406061400024
JB0500_R0039_C0035,500,39,35,14500.0,-64500.0,15000.0,-64000.0,14750.0,-64250.0,250000,250000.0,1.0,0,103.69356910725992,1.461405531263292
JB0500_R0039_C0036,500,39,36,15000.0,-64500.0,15500.0,-64000.0,15250.0,-64250.0,250000,250000.0,1.0,0,103.69806213531213,1.4614049920831835
JB0500_R0039_C0037,500,39,37,15500.0,-64500.0,16000.0,-64000.0,15750.0,-64250.0,250000,250000.0,1.0,0,103.70255516336216,1.4614044438597018
JB0500_R0039_C0038,500,39,38,16000.0,-64500.0,16500.0,-64000.0,16250.0,-64250.0,250000,250000.0,1.0,0,103.70704819141002,1.4614038865928503
JB0500_R0039_C0039,500,39,39,16500.0,-64500.0,17000.0,-64000.0,16750.0,-64250.0,250000,250000.0,1.0,0,103.71154121945564,1.4614033202826322
JB0500_R0039_C0040,500,39,40,17000.0,-64500.0,17500.0,-64000.0,17250.0,-64250.0,250000,250000.0,1.0,0,103.71603424749898,1.4614027449290512
JB0500_R0039_C0041,500,39,41,17500.0,-64500.0,18000.0,-64000.0,17750.0,-64250.0,250000,249987.48591581473,0.999949943663259,1,103.72052727554002,1.461402160532111
JB0500_R0039_C0042,500,39,42,18000.0,-64500.0,18500.0,-64000.0,18250.0,-64250.0,250000,227416.33305232148,0.9096653322092859,1,103.72502030357873,1.461401567091815
JB0500_R0039_C0043,500,39,43,18500.0,-64500.0,19000.0,-64000.0,18750.0,-64250.0,250000,247748.28777596986,0.9909931511038794,1,103.72951333161505,1.461400964608167
JB0500_R0039_C0044,500,39,44,19000.0,-64500.0,19500.0,-64000.0,19250.0,-64250.0,250000,250000.0,1.0,0,103.73400635964897,1.4614003530811703
JB0500_R0039_C0045,500,39,45,19500.0,-64500.0,20000.0,-64000.0,19750.0,-64250.0,250000,250000.0,1.0,0,103.73849938768043,1.4613997325108292
JB0500_R0039_C0046,500,39,46,20000.0,-64500.0,20500.0,-64000.0,20250.0,-64250.0,250000,250000.0,1.0,0,103.74299241570941,1.4613991028971474
JB0500_R0039_C0047,500,39,47,20500.0,-64500.0,21000.0,-64000.0,20750.0,-64250.0,250000,250000.0,1.0,0,103.74748544373587,1.4613984642401283
JB0500_R0039_C0048,500,39,48,21000.0,-64500.0,21500.0,-64000.0,21250.0,-64250.0,250000,250000.0,1.0,0,103.75197847175977,1.4613978165397763
JB0500_R0039_C0049,500,39,49,21500.0,-64500.0,22000.0,-64000.0,21750.0,-64250.0,250000,250000.0,1.0,0,103.75647149978109,1.4613971597960953
JB0500_R0039_C0050,500,39,50,22000.0,-64500.0,22500.0,-64000.0,22250.0,-64250.0,250000,250000.0,1.0,0,103.76096452779977,1.4613964940090896
JB0500_R0039_C0051,500,39,51,22500.0,-64500.0,23000.0,-64000.0,22750.0,-64250.0,250000,250000.0,1.0,0,103.76545755581579,1.4613958191787626
JB0500_R0039_C0052,500,39,52,23000.0,-64500.0,23500.0,-64000.0,23250.0,-64250.0,250000,250000.0,1.0,0,103.7699505838291,1.461395135305119
JB0500_R0039_C0053,500,39,53,23500.0,-64500.0,24000.0,-64000.0,23750.0,-64250.0,250000,250000.0,1.0,0,103.77444361183969,1.4613944423881633
JB0500_R0039_C0054,500,39,54,24000.0,-64500.0,24500.0,-64000.0,24250.0,-64250.0,250000,241832.95691504193,0.9673318276601677,1,103.7789366398475,1.461393740427899
JB0500_R0039_C0055,500,39,55,24500.0,-64500.0,25000.0,-64000.0,24750.0,-64250.0,250000,119744.06342476323,0.4789762536990529,1,103.7834296678525,1.4613930294243305
JB0500_R0039_C0056,500,39,56,25000.0,-64500.0,25500.0,-64000.0,25250.0,-64250.0,250000,5142.6817186972385,0.020570726874788954,1,103.78792269585466,1.461392309377463
JB0500_R0039_C0071,500,39,71,32500.0,-64500.0,33000.0,-64000.0,32750.0,-64250.0,250000,20871.1914241447,0.08348476569657881,1,103.85531811552136,1.4613804234816485
JB0500_R0039_C0072,500,39,72,33000.0,-64500.0,33500.0,-64000.0,33250.0,-64250.0,250000,156289.07397286093,0.6251562958914437,1,103.85981114347314,1.4613795587426288
JB0500_R0039_C0073,500,39,73,33500.0,-64500.0,34000.0,-64000.0,33750.0,-64250.0,250000,249449.72322690356,0.9977988929076143,1,103.86430417142145,1.4613786849603925
JB0500_R0039_C0074,500,39,74,34000.0,-64500.0,34500.0,-64000.0,34250.0,-64250.0,250000,250000.0,1.0,0,103.86879719936627,1.461377802134945
JB0500_R0039_C0075,500,39,75,34500.0,-64500.0,35000.0,-64000.0,34750.0,-64250.0,250000,250000.0,1.0,0,103.87329022730758,1.4613769102662917
JB0500_R0039_C0076,500,39,76,35000.0,-64500.0,35500.0,-64000.0,35250.0,-64250.0,250000,250000.0,1.0,0,103.8777832552453,1.4613760093544383
JB0500_R0039_C0077,500,39,77,35500.0,-64500.0,36000.0,-64000.0,35750.0,-64250.0,250000,250000.0,1.0,0,103.88227628317945,1.4613750993993901
JB0500_R0039_C0078,500,39,78,36000.0,-64500.0,36500.0,-64000.0,36250.0,-64250.0,250000,250000.0,1.0,0,103.88676931110994,1.4613741804011526
JB0500_R0039_C0079,500,39,79,36500.0,-64500.0,37000.0,-64000.0,36750.0,-64250.0,250000,250000.0,1.0,0,103.89126233903677,1.4613732523597318
JB0500_R0039_C0080,500,39,80,37000.0,-64500.0,37500.0,-64000.0,37250.0,-64250.0,250000,250000.0,1.0,0,103.89575536695992,1.4613723152751328
JB0500_R0039_C0081,500,39,81,37500.0,-64500.0,38000.0,-64000.0,37750.0,-64250.0,250000,250000.0,1.0,0,103.9002483948793,1.4613713691473624
JB0500_R0039_C0082,500,39,82,38000.0,-64500.0,38500.0,-64000.0,38250.0,-64250.0,250000,250000.0,1.0,0,103.9047414227949,1.4613704139764254
JB0500_R0039_C0083,500,39,83,38500.0,-64500.0,39000.0,-64000.0,38750.0,-64250.0,250000,250000.0,1.0,0,103.90923445070669,1.4613694497623284
JB0500_R0039_C0084,500,39,84,39000.0,-64500.0,39500.0,-64000.0,39250.0,-64250.0,250000,250000.0,1.0,0,103.91372747861463,1.4613684765050767
JB0500_R0039_C0085,500,39,85,39500.0,-64500.0,40000.0,-64000.0,39750.0,-64250.0,250000,250000.0,1.0,0,103.9182205065187,1.4613674942046768
JB0500_R0039_C0086,500,39,86,40000.0,-64500.0,40500.0,-64000.0,40250.0,-64250.0,250000,250000.0,1.0,0,103.92271353441882,1.4613665028611347
JB0500_R0039_C0087,500,39,87,40500.0,-64500.0,41000.0,-64000.0,40750.0,-64250.0,250000,250000.0,1.0,0,103.927206562315,1.4613655024744565
JB0500_R0039_C0088,500,39,88,41000.0,-64500.0,41500.0,-64000.0,41250.0,-64250.0,250000,250000.0,1.0,0,103.93169959020719,1.4613644930446479
JB0500_R0039_C0089,500,39,89,41500.0,-64500.0,42000.0,-64000.0,41750.0,-64250.0,250000,250000.0,1.0,0,103.93619261809533,1.4613634745717157
JB0500_R0039_C0090,500,39,90,42000.0,-64500.0,42500.0,-64000.0,42250.0,-64250.0,250000,250000.0,1.0,0,103.94068564597943,1.4613624470556659
JB0500_R0039_C0091,500,39,91,42500.0,-64500.0,43000.0,-64000.0,42750.0,-64250.0,250000,250000.0,1.0,0,103.94517867385942,1.4613614104965047
JB0500_R0039_C0092,500,39,92,43000.0,-64500.0,43500.0,-64000.0,43250.0,-64250.0,250000,250000.0,1.0,0,103.94967170173527,1.461360364894239
JB0500_R0039_C0093,500,39,93,43500.0,-64500.0,44000.0,-64000.0,43750.0,-64250.0,250000,250000.0,1.0,0,103.95416472960693,1.4613593102488747
JB0500_R0039_C0094,500,39,94,44000.0,-64500.0,44500.0,-64000.0,44250.0,-64250.0,250000,250000.0,1.0,0,103.9586577574744,1.4613582465604185
JB0500_R0039_C0095,500,39,95,44500.0,-64500.0,45000.0,-64000.0,44750.0,-64250.0,250000,250000.0,1.0,0,103.96315078533762,1.4613571738288766
JB0500_R0039_C0096,500,39,96,45000.0,-64500.0,45500.0,-64000.0,45250.0,-64250.0,250000,250000.0,1.0,0,103.96764381319655,1.4613560920542563
JB0500_R0039_C0097,500,39,97,45500.0,-64500.0,46000.0,-64000.0,45750.0,-64250.0,250000,250000.0,1.0,0,103.97213684105118,1.461355001236564
JB0500_R0039_C0098,500,39,98,46000.0,-64500.0,46500.0,-64000.0,46250.0,-64250.0,250000,250000.0,1.0,0,103.97662986890144,1.4613539013758061
JB0500_R0039_C0099,500,39,99,46500.0,-64500.0,47000.0,-64000.0,46750.0,-64250.0,250000,250000.0,1.0,0,103.98112289674732,1.4613527924719896
JB0500_R0039_C0100,500,39,100,47000.0,-64500.0,47500.0,-64000.0,47250.0,-64250.0,250000,250000.0,1.0,0,103.98561592458879,1.4613516745251214
JB0500_R0039_C0101,500,39,101,47500.0,-64500.0,48000.0,-64000.0,47750.0,-64250.0,250000,250000.0,1.0,0,103.99010895242577,1.461350547535208
JB0500_R0039_C0102,500,39,102,48000.0,-64500.0,48500.0,-64000.0,48250.0,-64250.0,250000,250000.0,1.0,0,103.99460198025827,1.461349411502257
JB0500_R0039_C0103,500,39,103,48500.0,-64500.0,49000.0,-64000.0,48750.0,-64250.0,250000,250000.0,1.0,0,103.99909500808623,1.461348266426275
JB0500_R0039_C0104,500,39,104,49000.0,-64500.0,49500.0,-64000.0,49250.0,-64250.0,250000,250000.0,1.0,0,104.00358803590963,1.4613471123072688
JB0500_R0039_C0105,500,39,105,49500.0,-64500.0,50000.0,-64000.0,49750.0,-64250.0,250000,250000.0,1.0,0,104.00808106372841,1.4613459491452458
JB0500_R0039_C0106,500,39,106,50000.0,-64500.0,50500.0,-64000.0,50250.0,-64250.0,250000,250000.0,1.0,0,104.01257409154256,1.4613447769402135
JB0500_R0039_C0107,500,39,107,50500.0,-64500.0,51000.0,-64000.0,50750.0,-64250.0,250000,250000.0,1.0,0,104.01706711935203,1.4613435956921783
JB0500_R0039_C0108,500,39,108,51000.0,-64500.0,51500.0,-64000.0,51250.0,-64250.0,250000,250000.0,1.0,0,104.0215601471568,1.4613424054011483
JB0500_R0039_C0109,500,39,109,51500.0,-64500.0,52000.0,-64000.0,51750.0,-64250.0,250000,84270.7980114319,0.3370831920457276,1,104.0260531749568,1.4613412060671305
JB0500_R0040_C0004,500,40,4,-1000.0,-64000.0,-500.0,-63500.0,-750.0,-63750.0,250000,176548.82239798387,0.7061952895919354,1,103.55428548984985,1.465939567008708
JB0500_R0040_C0005,500,40,5,-500.0,-64000.0,0.0,-63500.0,-250.0,-63750.0,250000,250000.0,1.0,0,103.55877852695093,1.4659393073733396
JB0500_R0040_C0006,500,40,6,0.0,-64000.0,500.0,-63500.0,250.0,-63750.0,250000,250000.0,1.0,0,103.56327156405095,1.4659390386665274
JB0500_R0040_C0007,500,40,7,500.0,-64000.0,1000.0,-63500.0,750.0,-63750.0,250000,250000.0,1.0,0,103.5677646011499,1.4659387608882735
JB0500_R0040_C0008,500,40,8,1000.0,-64000.0,1500.0,-63500.0,1250.0,-63750.0,250000,250000.0,1.0,0,103.57225763824772,1.4659384740385795
JB0500_R0040_C0009,500,40,9,1500.0,-64000.0,2000.0,-63500.0,1750.0,-63750.0,250000,250000.0,1.0,0,103.57675067534439,1.4659381781174472
JB0500_R0040_C0010,500,40,10,2000.0,-64000.0,2500.0,-63500.0,2250.0,-63750.0,250000,250000.0,1.0,0,103.58124371243983,1.4659378731248782
JB0500_R0040_C0011,500,40,11,2500.0,-64000.0,3000.0,-63500.0,2750.0,-63750.0,250000,250000.0,1.0,0,103.58573674953406,1.4659375590608748
JB0500_R0040_C0012,500,40,12,3000.0,-64000.0,3500.0,-63500.0,3250.0,-63750.0,250000,250000.0,1.0,0,103.59022978662702,1.4659372359254386
JB0500_R0040_C0013,500,40,13,3500.0,-64000.0,4000.0,-63500.0,3750.0,-63750.0,250000,250000.0,1.0,0,103.59472282371867,1.4659369037185714
JB0500_R0040_C0014,500,40,14,4000.0,-64000.0,4500.0,-63500.0,4250.0,-63750.0,250000,250000.0,1.0,0,103.59921586080898,1.4659365624402758
JB0500_R0040_C0015,500,40,15,4500.0,-64000.0,5000.0,-63500.0,4750.0,-63750.0,250000,250000.0,1.0,0,103.6037088978979,1.4659362120905535
JB0500_R0040_C0016,500,40,16,5000.0,-64000.0,5500.0,-63500.0,5250.0,-63750.0,250000,250000.0,1.0,0,103.60820193498543,1.4659358526694068
JB0500_R0040_C0017,500,40,17,5500.0,-64000.0,6000.0,-63500.0,5750.0,-63750.0,250000,250000.0,1.0,0,103.61269497207148,1.465935484176838
JB0500_R0040_C0018,500,40,18,6000.0,-64000.0,6500.0,-63500.0,6250.0,-63750.0,250000,250000.0,1.0,0,103.61718800915605,1.465935106612849
JB0500_R0040_C0019,500,40,19,6500.0,-64000.0,7000.0,-63500.0,6750.0,-63750.0,250000,250000.0,1.0,0,103.6216810462391,1.4659347199774426
JB0500_R0040_C0020,500,40,20,7000.0,-64000.0,7500.0,-63500.0,7250.0,-63750.0,250000,250000.0,1.0,0,103.6261740833206,1.4659343242706209
JB0500_R0040_C0021,500,40,21,7500.0,-64000.0,8000.0,-63500.0,7750.0,-63750.0,250000,250000.0,1.0,0,103.6306671204005,1.4659339194923864
JB0500_R0040_C0022,500,40,22,8000.0,-64000.0,8500.0,-63500.0,8250.0,-63750.0,250000,250000.0,1.0,0,103.63516015747877,1.4659335056427414
JB0500_R0040_C0023,500,40,23,8500.0,-64000.0,9000.0,-63500.0,8750.0,-63750.0,250000,250000.0,1.0,0,103.63965319455536,1.465933082721689
JB0500_R0040_C0024,500,40,24,9000.0,-64000.0,9500.0,-63500.0,9250.0,-63750.0,250000,250000.0,1.0,0,103.64414623163026,1.4659326507292312
JB0500_R0040_C0025,500,40,25,9500.0,-64000.0,10000.0,-63500.0,9750.0,-63750.0,250000,250000.0,1.0,0,103.6486392687034,1.465932209665371
JB0500_R0040_C0026,500,40,26,10000.0,-64000.0,10500.0,-63500.0,10250.0,-63750.0,250000,250000.0,1.0,0,103.65313230577478,1.465931759530111
JB0500_R0040_C0027,500,40,27,10500.0,-64000.0,11000.0,-63500.0,10750.0,-63750.0,250000,250000.0,1.0,0,103.65762534284434,1.4659313003234538
JB0500_R0040_C0028,500,40,28,11000.0,-64000.0,11500.0,-63500.0,11250.0,-63750.0,250000,250000.0,1.0,0,103.66211837991206,1.4659308320454025
JB0500_R0040_C0029,500,40,29,11500.0,-64000.0,12000.0,-63500.0,11750.0,-63750.0,250000,250000.0,1.0,0,103.66661141697789,1.4659303546959601
JB0500_R0040_C0030,500,40,30,12000.0,-64000.0,12500.0,-63500.0,12250.0,-63750.0,250000,250000.0,1.0,0,103.6711044540418,1.4659298682751292
JB0500_R0040_C0031,500,40,31,12500.0,-64000.0,13000.0,-63500.0,12750.0,-63750.0,250000,250000.0,1.0,0,103.67559749110374,1.465929372782913
JB0500_R0040_C0032,500,40,32,13000.0,-64000.0,13500.0,-63500.0,13250.0,-63750.0,250000,250000.0,1.0,0,103.6800905281637,1.4659288682193143
JB0500_R0040_C0033,500,40,33,13500.0,-64000.0,14000.0,-63500.0,13750.0,-63750.0,250000,250000.0,1.0,0,103.68458356522163,1.4659283545843365
JB0500_R0040_C0034,500,40,34,14000.0,-64000.0,14500.0,-63500.0,14250.0,-63750.0,250000,250000.0,1.0,0,103.6890766022775,1.4659278318779827
JB0500_R0040_C0035,500,40,35,14500.0,-64000.0,15000.0,-63500.0,14750.0,-63750.0,250000,250000.0,1.0,0,103.69356963933126,1.465927300100256
JB0500_R0040_C0036,500,40,36,15000.0,-64000.0,15500.0,-63500.0,15250.0,-63750.0,250000,250000.0,1.0,0,103.69806267638288,1.4659267592511598
JB0500_R0040_C0037,500,40,37,15500.0,-64000.0,16000.0,-63500.0,15750.0,-63750.0,250000,250000.0,1.0,0,103.70255571343232,1.4659262093306975
JB0500_R0040_C0038,500,40,38,16000.0,-64000.0,16500.0,-63500.0,16250.0,-63750.0,250000,250000.0,1.0,0,103.70704875047957,1.4659256503388722
JB0500_R0040_C0039,500,40,39,16500.0,-64000.0,17000.0,-63500.0,16750.0,-63750.0,250000,250000.0,1.0,0,103.71154178752455,1.4659250822756875
JB0500_R0040_C0040,500,40,40,17000.0,-64000.0,17500.0,-63500.0,17250.0,-63750.0,250000,250000.0,1.0,0,103.71603482456726,1.4659245051411471
JB0500_R0040_C0041,500,40,41,17500.0,-64000.0,18000.0,-63500.0,17750.0,-63750.0,250000,250000.0,1.0,0,103.72052786160765,1.4659239189352542
JB0500_R0040_C0042,500,40,42,18000.0,-64000.0,18500.0,-63500.0,18250.0,-63750.0,250000,250000.0,1.0,0,103.7250208986457,1.4659233236580127
JB0500_R0040_C0043,500,40,43,18500.0,-64000.0,19000.0,-63500.0,18750.0,-63750.0,250000,250000.0,1.0,0,103.72951393568133,1.4659227193094257
JB0500_R0040_C0044,500,40,44,19000.0,-64000.0,19500.0,-63500.0,19250.0,-63750.0,250000,250000.0,1.0,0,103.73400697271454,1.465922105889498
JB0500_R0040_C0045,500,40,45,19500.0,-64000.0,20000.0,-63500.0,19750.0,-63750.0,250000,250000.0,1.0,0,103.7385000097453,1.4659214833982324
JB0500_R0040_C0046,500,40,46,20000.0,-64000.0,20500.0,-63500.0,20250.0,-63750.0,250000,250000.0,1.0,0,103.74299304677355,1.465920851835633
JB0500_R0040_C0047,500,40,47,20500.0,-64000.0,21000.0,-63500.0,20750.0,-63750.0,250000,250000.0,1.0,0,103.74748608379926,1.4659202112017038
JB0500_R0040_C0048,500,40,48,21000.0,-64000.0,21500.0,-63500.0,21250.0,-63750.0,250000,250000.0,1.0,0,103.7519791208224,1.4659195614964486
JB0500_R0040_C0049,500,40,49,21500.0,-64000.0,22000.0,-63500.0,21750.0,-63750.0,250000,250000.0,1.0,0,103.75647215784294,1.4659189027198716
JB0500_R0040_C0050,500,40,50,22000.0,-64000.0,22500.0,-63500.0,22250.0,-63750.0,250000,250000.0,1.0,0,103.76096519486083,1.4659182348719768
JB0500_R0040_C0051,500,40,51,22500.0,-64000.0,23000.0,-63500.0,22750.0,-63750.0,250000,250000.0,1.0,0,103.76545823187604,1.4659175579527683
JB0500_R0040_C0052,500,40,52,23000.0,-64000.0,23500.0,-63500.0,23250.0,-63750.0,250000,250000.0,1.0,0,103.76995126888853,1.4659168719622502
JB0500_R0040_C0053,500,40,53,23500.0,-64000.0,24000.0,-63500.0,23750.0,-63750.0,250000,250000.0,1.0,0,103.77444430589827,1.4659161769004267
JB0500_R0040_C0054,500,40,54,24000.0,-64000.0,24500.0,-63500.0,24250.0,-63750.0,250000,250000.0,1.0,0,103.77893734290522,1.4659154727673023
JB0500_R0040_C0055,500,40,55,24500.0,-64000.0,25000.0,-63500.0,24750.0,-63750.0,250000,250000.0,1.0,0,103.78343037990935,1.465914759562881
JB0500_R0040_C0056,500,40,56,25000.0,-64000.0,25500.0,-63500.0,25250.0,-63750.0,250000,203103.5996976953,0.8124143987907811,1,103.78792341691062,1.4659140372871673
JB0500_R0040_C0057,500,40,57,25500.0,-64000.0,26000.0,-63500.0,25750.0,-63750.0,250000,30411.85466344088,0.12164741865376352,1,103.79241645390898,1.465913305940166
JB0500_R0040_C0069,500,40,69,31500.0,-64000.0,32000.0,-63500.0,31750.0,-63750.0,250000,41949.06153085637,0.16779624612342547,1,103.84633289765021,1.4659038222173881
JB0500_R0040_C0070,500,40,70,32000.0,-64000.0,32500.0,-63500.0,32250.0,-63750.0,250000,141789.65315480463,0.5671586126192185,1,103.85082593460761,1.4659029729440742
JB0500_R0040_C0071,500,40,71,32500.0,-64000.0,33000.0,-63500.0,32750.0,-63750.0,250000,239609.41703664005,0.9584376681465602,1,103.85531897156162,1.4659021145995408
JB0500_R0040_C0072,500,40,72,33000.0,-64000.0,33500.0,-63500.0,33250.0,-63750.0,250000,250000.0,1.0,0,103.8598120085122,1.4659012471837927
JB0500_R0040_C0073,500,40,73,33500.0,-64000.0,34000.0,-63500.0,33750.0,-63750.0,250000,250000.0,1.0,0,103.86430504545928,1.4659003706968354
JB0500_R0040_C0074,500,40,74,34000.0,-64000.0,34500.0,-63500.0,34250.0,-63750.0,250000,250000.0,1.0,0,103.86879808240286,1.4658994851386744
JB0500_R0040_C0075,500,40,75,34500.0,-64000.0,35000.0,-63500.0,34750.0,-63750.0,250000,250000.0,1.0,0,103.87329111934288,1.4658985905093151
JB0500_R0040_C0076,500,40,76,35000.0,-64000.0,35500.0,-63500.0,35250.0,-63750.0,250000,250000.0,1.0,0,103.87778415627932,1.4658976868087634
JB0500_R0040_C0077,500,40,77,35500.0,-64000.0,36000.0,-63500.0,35750.0,-63750.0,250000,250000.0,1.0,0,103.88227719321215,1.4658967740370241
JB0500_R0040_C0078,500,40,78,36000.0,-64000.0,36500.0,-63500.0,36250.0,-63750.0,250000,250000.0,1.0,0,103.88677023014131,1.4658958521941032
JB0500_R0040_C0079,500,40,79,36500.0,-64000.0,37000.0,-63500.0,36750.0,-63750.0,250000,250000.0,1.0,0,103.89126326706678,1.4658949212800065
JB0500_R0040_C0080,500,40,80,37000.0,-64000.0,37500.0,-63500.0,37250.0,-63750.0,250000,250000.0,1.0,0,103.89575630398852,1.4658939812947396
JB0500_R0040_C0081,500,40,81,37500.0,-64000.0,38000.0,-63500.0,37750.0,-63750.0,250000,250000.0,1.0,0,103.9002493409065,1.4658930322383084
JB0500_R0040_C0082,500,40,82,38000.0,-64000.0,38500.0,-63500.0,38250.0,-63750.0,250000,250000.0,1.0,0,103.90474237782067,1.4658920741107184
JB0500_R0040_C0083,500,40,83,38500.0,-64000.0,39000.0,-63500.0,38750.0,-63750.0,250000,250000.0,1.0,0,103.90923541473101,1.4658911069119762
JB0500_R0040_C0084,500,40,84,39000.0,-64000.0,39500.0,-63500.0,39250.0,-63750.0,250000,250000.0,1.0,0,103.91372845163747,1.4658901306420868
JB0500_R0040_C0085,500,40,85,39500.0,-64000.0,40000.0,-63500.0,39750.0,-63750.0,250000,250000.0,1.0,0,103.91822148854003,1.4658891453010572
JB0500_R0040_C0086,500,40,86,40000.0,-64000.0,40500.0,-63500.0,40250.0,-63750.0,250000,250000.0,1.0,0,103.92271452543865,1.4658881508888928
JB0500_R0040_C0087,500,40,87,40500.0,-64000.0,41000.0,-63500.0,40750.0,-63750.0,250000,250000.0,1.0,0,103.92720756233327,1.4658871474055999
JB0500_R0040_C0088,500,40,88,41000.0,-64000.0,41500.0,-63500.0,41250.0,-63750.0,250000,250000.0,1.0,0,103.93170059922387,1.4658861348511845
JB0500_R0040_C0089,500,40,89,41500.0,-64000.0,42000.0,-63500.0,41750.0,-63750.0,250000,250000.0,1.0,0,103.93619363611042,1.4658851132256532
JB0500_R0040_C0090,500,40,90,42000.0,-64000.0,42500.0,-63500.0,42250.0,-63750.0,250000,250000.0,1.0,0,103.94068667299288,1.465884082529012
JB0500_R0040_C0091,500,40,91,42500.0,-64000.0,43000.0,-63500.0,42750.0,-63750.0,250000,250000.0,1.0,0,103.94517970987121,1.4658830427612675
JB0500_R0040_C0092,500,40,92,43000.0,-64000.0,43500.0,-63500.0,43250.0,-63750.0,250000,250000.0,1.0,0,103.94967274674538,1.465881993922426
JB0500_R0040_C0093,500,40,93,43500.0,-64000.0,44000.0,-63500.0,43750.0,-63750.0,250000,250000.0,1.0,0,103.95416578361535,1.4658809360124938
JB0500_R0040_C0094,500,40,94,44000.0,-64000.0,44500.0,-63500.0,44250.0,-63750.0,250000,250000.0,1.0,0,103.95865882048108,1.4658798690314774
JB0500_R0040_C0095,500,40,95,44500.0,-64000.0,45000.0,-63500.0,44750.0,-63750.0,250000,250000.0,1.0,0,103.96315185734255,1.4658787929793837
JB0500_R0040_C0096,500,40,96,45000.0,-64000.0,45500.0,-63500.0,45250.0,-63750.0,250000,250000.0,1.0,0,103.96764489419971,1.4658777078562193
JB0500_R0040_C0097,500,40,97,45500.0,-64000.0,46000.0,-63500.0,45750.0,-63750.0,250000,250000.0,1.0,0,103.97213793105253,1.4658766136619903
JB0500_R0040_C0098,500,40,98,46000.0,-64000.0,46500.0,-63500.0,46250.0,-63750.0,250000,250000.0,1.0,0,103.97663096790095,1.4658755103967043
JB0500_R0040_C0099,500,40,99,46500.0,-64000.0,47000.0,-63500.0,46750.0,-63750.0,250000,250000.0,1.0,0,103.98112400474497,1.4658743980603675
JB0500_R0040_C0100,500,40,100,47000.0,-64000.0,47500.0,-63500.0,47250.0,-63750.0,250000,250000.0,1.0,0,103.98561704158452,1.4658732766529867
JB0500_R0040_C0101,500,40,101,47500.0,-64000.0,48000.0,-63500.0,47750.0,-63750.0,250000,250000.0,1.0,0,103.9901100784196,1.465872146174569
JB0500_R0040_C0102,500,40,102,48000.0,-64000.0,48500.0,-63500.0,48250.0,-63750.0,250000,250000.0,1.0,0,103.99460311525014,1.4658710066251215
JB0500_R0040_C0103,500,40,103,48500.0,-64000.0,49000.0,-63500.0,48750.0,-63750.0,250000,250000.0,1.0,0,103.99909615207615,1.465869858004651
JB0500_R0040_C0104,500,40,104,49000.0,-64000.0,49500.0,-63500.0,49250.0,-63750.0,250000,250000.0,1.0,0,104.00358918889754,1.4658687003131647
JB0500_R0040_C0105,500,40,105,49500.0,-64000.0,50000.0,-63500.0,49750.0,-63750.0,250000,250000.0,1.0,0,104.00808222571429,1.46586753355067
JB0500_R0040_C0106,500,40,106,50000.0,-64000.0,50500.0,-63500.0,50250.0,-63750.0,250000,250000.0,1.0,0,104.01257526252638,1.4658663577171733
JB0500_R0040_C0107,500,40,107,50500.0,-64000.0,51000.0,-63500.0,50750.0,-63750.0,250000,250000.0,1.0,0,104.01706829933376,1.4658651728126824
JB0500_R0040_C0108,500,40,108,51000.0,-64000.0,51500.0,-63500.0,51250.0,-63750.0,250000,250000.0,1.0,0,104.0215613361364,1.4658639788372045
JB0500_R0040_C0109,500,40,109,51500.0,-64000.0,52000.0,-63500.0,51750.0,-63750.0,250000,78619.49611199164,0.31447798444796654,1,104.02605437293425,1.465862775790747
JB0500_R0041_C0004,500,41,4,-1000.0,-63500.0,-500.0,-63000.0,-750.0,-63250.0,250000,70692.93899794914,0.28277175599179655,1,103.55428574371655,1.4704613735163703
JB0500_R0041_C0005,500,41,5,-500.0,-63500.0,0.0,-63000.0,-250.0,-63250.0,250000,233827.66477318373,0.9353106590927349,1,103.55877878984519,1.4704611130797987
JB0500_R0041_C0006,500,41,6,0.0,-63500.0,500.0,-63000.0,250.0,-63250.0,250000,250000.0,1.0,0,103.56327183597277,1.4704608435437905
JB0500_R0041_C0007,500,41,7,500.0,-63500.0,1000.0,-63000.0,750.0,-63250.0,250000,250000.0,1.0,0,103.56776488209927,1.4704605649083469
JB0500_R0041_C0008,500,41,8,1000.0,-63500.0,1500.0,-63000.0,1250.0,-63250.0,250000,250000.0,1.0,0,103.57225792822462,1.4704602771734698
JB0500_R0041_C0009,500,41,9,1500.0,-63500.0,2000.0,-63000.0,1750.0,-63250.0,250000,250000.0,1.0,0,103.5767509743488,1.4704599803391611
JB0500_R0041_C0010,500,41,10,2000.0,-63500.0,2500.0,-63000.0,2250.0,-63250.0,250000,250000.0,1.0,0,103.58124402047179,1.4704596744054226
JB0500_R0041_C0011,500,41,11,2500.0,-63500.0,3000.0,-63000.0,2750.0,-63250.0,250000,250000.0,1.0,0,103.58573706659352,1.4704593593722557
JB0500_R0041_C0012,500,41,12,3000.0,-63500.0,3500.0,-63000.0,3250.0,-63250.0,250000,250000.0,1.0,0,103.59023011271397,1.4704590352396631
JB0500_R0041_C0013,500,41,13,3500.0,-63500.0,4000.0,-63000.0,3750.0,-63250.0,250000,250000.0,1.0,0,103.59472315883313,1.4704587020076465
JB0500_R0041_C0014,500,41,14,4000.0,-63500.0,4500.0,-63000.0,4250.0,-63250.0,250000,250000.0,1.0,0,103.59921620495092,1.4704583596762077
JB0500_R0041_C0015,500,41,15,4500.0,-63500.0,5000.0,-63000.0,4750.0,-63250.0,250000,250000.0,1.0,0,103.60370925106733,1.4704580082453491
JB0500_R0041_C0016,500,41,16,5000.0,-63500.0,5500.0,-63000.0,5250.0,-63250.0,250000,250000.0,1.0,0,103.60820229718232,1.4704576477150728
JB0500_R0041_C0017,500,41,17,5500.0,-63500.0,6000.0,-63000.0,5750.0,-63250.0,250000,250000.0,1.0,0,103.61269534329583,1.4704572780853808
JB0500_R0041_C0018,500,41,18,6000.0,-63500.0,6500.0,-63000.0,6250.0,-63250.0,250000,250000.0,1.0,0,103.61718838940786,1.4704568993562759
JB0500_R0041_C0019,500,41,19,6500.0,-63500.0,7000.0,-63000.0,6750.0,-63250.0,250000,250000.0,1.0,0,103.62168143551835,1.47045651152776
JB0500_R0041_C0020,500,41,20,7000.0,-63500.0,7500.0,-63000.0,7250.0,-63250.0,250000,250000.0,1.0,0,103.62617448162727,1.4704561145998352
JB0500_R0041_C0021,500,41,21,7500.0,-63500.0,8000.0,-63000.0,7750.0,-63250.0,250000,250000.0,1.0,0,103.6306675277346,1.4704557085725047
JB0500_R0041_C0022,500,41,22,8000.0,-63500.0,8500.0,-63000.0,8250.0,-63250.0,250000,250000.0,1.0,0,103.63516057384028,1.4704552934457704
JB0500_R0041_C0023,500,41,23,8500.0,-63500.0,9000.0,-63000.0,8750.0,-63250.0,250000,250000.0,1.0,0,103.63965361994427,1.4704548692196355
JB0500_R0041_C0024,500,41,24,9000.0,-63500.0,9500.0,-63000.0,9250.0,-63250.0,250000,250000.0,1.0,0,103.64414666604655,1.4704544358941019
JB0500_R0041_C0025,500,41,25,9500.0,-63500.0,10000.0,-63000.0,9750.0,-63250.0,250000,250000.0,1.0,0,103.6486397121471,1.4704539934691725
JB0500_R0041_C0026,500,41,26,10000.0,-63500.0,10500.0,-63000.0,10250.0,-63250.0,250000,250000.0,1.0,0,103.65313275824585,1.4704535419448501
JB0500_R0041_C0027,500,41,27,10500.0,-63500.0,11000.0,-63000.0,10750.0,-63250.0,250000,250000.0,1.0,0,103.65762580434276,1.4704530813211376
JB0500_R0041_C0028,500,41,28,11000.0,-63500.0,11500.0,-63000.0,11250.0,-63250.0,250000,250000.0,1.0,0,103.66211885043782,1.4704526115980376
JB0500_R0041_C0029,500,41,29,11500.0,-63500.0,12000.0,-63000.0,11750.0,-63250.0,250000,250000.0,1.0,0,103.666611896531,1.470452132775553
JB0500_R0041_C0030,500,41,30,12000.0,-63500.0,12500.0,-63000.0,12250.0,-63250.0,250000,250000.0,1.0,0,103.67110494262222,1.470451644853687
JB0500_R0041_C0031,500,41,31,12500.0,-63500.0,13000.0,-63000.0,12750.0,-63250.0,250000,250000.0,1.0,0,103.67559798871149,1.4704511478324425
JB0500_R0041_C0032,500,41,32,13000.0,-63500.0,13500.0,-63000.0,13250.0,-63250.0,250000,250000.0,1.0,0,103.68009103479875,1.4704506417118226
JB0500_R0041_C0033,500,41,33,13500.0,-63500.0,14000.0,-63000.0,13750.0,-63250.0,250000,250000.0,1.0,0,103.68458408088395,1.4704501264918302
JB0500_R0041_C0034,500,41,34,14000.0,-63500.0,14500.0,-63000.0,14250.0,-63250.0,250000,250000.0,1.0,0,103.68907712696709,1.4704496021724687
JB0500_R0041_C0035,500,41,35,14500.0,-63500.0,15000.0,-63000.0,14750.0,-63250.0,250000,250000.0,1.0,0,103.69357017304812,1.470449068753741
JB0500_R0041_C0036,500,41,36,15000.0,-63500.0,15500.0,-63000.0,15250.0,-63250.0,250000,250000.0,1.0,0,103.69806321912698,1.4704485262356508
JB0500_R0041_C0037,500,41,37,15500.0,-63500.0,16000.0,-63000.0,15750.0,-63250.0,250000,250000.0,1.0,0,103.70255626520367,1.470447974618201
JB0500_R0041_C0038,500,41,38,16000.0,-63500.0,16500.0,-63000.0,16250.0,-63250.0,250000,250000.0,1.0,0,103.70704931127814,1.4704474139013954
JB0500_R0041_C0039,500,41,39,16500.0,-63500.0,17000.0,-63000.0,16750.0,-63250.0,250000,250000.0,1.0,0,103.71154235735034,1.4704468440852374
JB0500_R0041_C0040,500,41,40,17000.0,-63500.0,17500.0,-63000.0,17250.0,-63250.0,250000,250000.0,1.0,0,103.71603540342022,1.4704462651697303
JB0500_R0041_C0041,500,41,41,17500.0,-63500.0,18000.0,-63000.0,17750.0,-63250.0,250000,250000.0,1.0,0,103.72052844948779,1.470445677154878
JB0500_R0041_C0042,500,41,42,18000.0,-63500.0,18500.0,-63000.0,18250.0,-63250.0,250000,250000.0,1.0,0,103.725021495553,1.4704450800406836
JB0500_R0041_C0043,500,41,43,18500.0,-63500.0,19000.0,-63000.0,18750.0,-63250.0,250000,250000.0,1.0,0,103.72951454161579,1.4704444738271512
JB0500_R0041_C0044,500,41,44,19000.0,-63500.0,19500.0,-63000.0,19250.0,-63250.0,250000,250000.0,1.0,0,103.73400758767615,1.4704438585142845
JB0500_R0041_C0045,500,41,45,19500.0,-63500.0,20000.0,-63000.0,19750.0,-63250.0,250000,250000.0,1.0,0,103.73850063373402,1.470443234102087
JB0500_R0041_C0046,500,41,46,20000.0,-63500.0,20500.0,-63000.0,20250.0,-63250.0,250000,250000.0,1.0,0,103.74299367978936,1.470442600590563
JB0500_R0041_C0047,500,41,47,20500.0,-63500.0,21000.0,-63000.0,20750.0,-63250.0,250000,250000.0,1.0,0,103.74748672584217,1.4704419579797159
JB0500_R0041_C0048,500,41,48,21000.0,-63500.0,21500.0,-63000.0,21250.0,-63250.0,250000,250000.0,1.0,0,103.7519797718924,1.47044130626955
JB0500_R0041_C0049,500,41,49,21500.0,-63500.0,22000.0,-63000.0,21750.0,-63250.0,250000,250000.0,1.0,0,103.75647281793998,1.4704406454600691
JB0500_R0041_C0050,500,41,50,22000.0,-63500.0,22500.0,-63000.0,22250.0,-63250.0,250000,250000.0,1.0,0,103.76096586398491,1.4704399755512776
JB0500_R0041_C0051,500,41,51,22500.0,-63500.0,23000.0,-63000.0,22750.0,-63250.0,250000,250000.0,1.0,0,103.76545891002714,1.4704392965431794
JB0500_R0041_C0052,500,41,52,23000.0,-63500.0,23500.0,-63000.0,23250.0,-63250.0,250000,250000.0,1.0,0,103.76995195606663,1.4704386084357783
JB0500_R0041_C0053,500,41,53,23500.0,-63500.0,24000.0,-63000.0,23750.0,-63250.0,250000,250000.0,1.0,0,103.77444500210336,1.4704379112290793
JB0500_R0041_C0054,500,41,54,24000.0,-63500.0,24500.0,-63000.0,24250.0,-63250.0,250000,250000.0,1.0,0,103.77893804813729,1.470437204923086
JB0500_R0041_C0055,500,41,55,24500.0,-63500.0,25000.0,-63000.0,24750.0,-63250.0,250000,250000.0,1.0,0,103.78343109416838,1.4704364895178035
JB0500_R0041_C0056,500,41,56,25000.0,-63500.0,25500.0,-63000.0,25250.0,-63250.0,250000,250000.0,1.0,0,103.78792414019658,1.4704357650132356
JB0500_R0041_C0057,500,41,57,25500.0,-63500.0,26000.0,-63000.0,25750.0,-63250.0,250000,226683.96114257257,0.9067358445702903,1,103.79241718622185,1.4704350314093868
JB0500_R0041_C0058,500,41,58,26000.0,-63500.0,26500.0,-63000.0,26250.0,-63250.0,250000,52654.992872313414,0.21061997148925365,1,103.79691023224419,1.4704342887062618
JB0500_R0041_C0066,500,41,66,30000.0,-63500.0,30500.0,-63000.0,30250.0,-63250.0,250000,15277.823136858966,0.061111292547435865,1,103.83285460031223,1.4704280195078776
JB0500_R0041_C0067,500,41,67,30500.0,-63500.0,31000.0,-63000.0,30750.0,-63250.0,250000,101488.65051137909,0.40595460204551637,1,103.83734764630637,1.4704271949114789
JB0500_R0041_C0068,500,41,68,31000.0,-63500.0,31500.0,-63000.0,31250.0,-63250.0,250000,196630.50536371703,0.7865220214548682,1,103.84184069229718,1.4704263612158521
JB0500_R0041_C0069,500,41,69,31500.0,-63500.0,32000.0,-63000.0,31750.0,-63250.0,250000,249823.29868519807,0.9992931947407923,1,103.84633373828464,1.4704255184210024
JB0500_R0041_C0070,500,41,70,32000.0,-63500.0,32500.0,-63000.0,32250.0,-63250.0,250000,250000.0,1.0,0,103.85082678426872,1.4704246665269354
JB0500_R0041_C0071,500,41,71,32500.0,-63500.0,33000.0,-63000.0,32750.0,-63250.0,250000,250000.0,1.0,0,103.85531983024937,1.4704238055336558
JB0500_R0041_C0072,500,41,72,33000.0,-63500.0,33500.0,-63000.0,33250.0,-63250.0,250000,250000.0,1.0,0,103.85981287622656,1.4704229354411689
JB0500_R0041_C0073,500,41,73,33500.0,-63500.0,34000.0,-63000.0,33750.0,-63250.0,250000,250000.0,1.0,0,103.86430592220024,1.4704220562494803
JB0500_R0041_C0074,500,41,74,34000.0,-63500.0,34500.0,-63000.0,34250.0,-63250.0,250000,250000.0,1.0,0,103.8687989681704,1.4704211679585955
JB0500_R0041_C0075,500,41,75,34500.0,-63500.0,35000.0,-63000.0,34750.0,-63250.0,250000,250000.0,1.0,0,103.87329201413698,1.4704202705685194
JB0500_R0041_C0076,500,41,76,35000.0,-63500.0,35500.0,-63000.0,35250.0,-63250.0,250000,250000.0,1.0,0,103.87778506009997,1.4704193640792584
JB0500_R0041_C0077,500,41,77,35500.0,-63500.0,36000.0,-63000.0,35750.0,-63250.0,250000,250000.0,1.0,0,103.8822781060593,1.4704184484908174
JB0500_R0041_C0078,500,41,78,36000.0,-63500.0,36500.0,-63000.0,36250.0,-63250.0,250000,250000.0,1.0,0,103.88677115201494,1.4704175238032025
JB0500_R0041_C0079,500,41,79,36500.0,-63500.0,37000.0,-63000.0,36750.0,-63250.0,250000,250000.0,1.0,0,103.89126419796689,1.470416590016419
JB0500_R0041_C0080,500,41,80,37000.0,-63500.0,37500.0,-63000.0,37250.0,-63250.0,250000,250000.0,1.0,0,103.89575724391507,1.4704156471304726
JB0500_R0041_C0081,500,41,81,37500.0,-63500.0,38000.0,-63000.0,37750.0,-63250.0,250000,250000.0,1.0,0,103.90025028985947,1.4704146951453696
JB0500_R0041_C0082,500,41,82,38000.0,-63500.0,38500.0,-63000.0,38250.0,-63250.0,250000,250000.0,1.0,0,103.90474333580005,1.4704137340611154
JB0500_R0041_C0083,500,41,83,38500.0,-63500.0,39000.0,-63000.0,38750.0,-63250.0,250000,250000.0,1.0,0,103.90923638173678,1.4704127638777162
JB0500_R0041_C0084,500,41,84,39000.0,-63500.0,39500.0,-63000.0,39250.0,-63250.0,250000,250000.0,1.0,0,103.91372942766958,1.4704117845951779
JB0500_R0041_C0085,500,41,85,39500.0,-63500.0,40000.0,-63000.0,39750.0,-63250.0,250000,250000.0,1.0,0,103.91822247359846,1.4704107962135062
JB0500_R0041_C0086,500,41,86,40000.0,-63500.0,40500.0,-63000.0,40250.0,-63250.0,250000,250000.0,1.0,0,103.92271551952338,1.4704097987327078
JB0500_R0041_C0087,500,41,87,40500.0,-63500.0,41000.0,-63000.0,40750.0,-63250.0,250000,250000.0,1.0,0,103.92720856544426,1.4704087921527884
JB0500_R0041_C0088,500,41,88,41000.0,-63500.0,41500.0,-63000.0,41250.0,-63250.0,250000,250000.0,1.0,0,103.93170161136112,1.4704077764737542
JB0500_R0041_C0089,500,41,89,41500.0,-63500.0,42000.0,-63000.0,41750.0,-63250.0,250000,250000.0,1.0,0,103.93619465727392,1.4704067516956119
JB0500_R0041_C0090,500,41,90,42000.0,-63500.0,42500.0,-63000.0,42250.0,-63250.0,250000,250000.0,1.0,0,103.94068770318256,1.4704057178183672
JB0500_R0041_C0091,500,41,91,42500.0,-63500.0,43000.0,-63000.0,42750.0,-63250.0,250000,250000.0,1.0,0,103.94518074908709,1.470404674842027
JB0500_R0041_C0092,500,41,92,43000.0,-63500.0,43500.0,-63000.0,43250.0,-63250.0,250000,250000.0,1.0,0,103.9496737949874,1.4704036227665973
JB0500_R0041_C0093,500,41,93,43500.0,-63500.0,44000.0,-63000.0,43750.0,-63250.0,250000,250000.0,1.0,0,103.9541668408835,1.4704025615920846
JB0500_R0041_C0094,500,41,94,44000.0,-63500.0,44500.0,-63000.0,44250.0,-63250.0,250000,250000.0,1.0,0,103.95865988677534,1.470401491318496
JB0500_R0041_C0095,500,41,95,44500.0,-63500.0,45000.0,-63000.0,44750.0,-63250.0,250000,250000.0,1.0,0,103.96315293266287,1.4704004119458374
JB0500_R0041_C0096,500,41,96,45000.0,-63500.0,45500.0,-63000.0,45250.0,-63250.0,250000,250000.0,1.0,0,103.96764597854606,1.4703993234741157
JB0500_R0041_C0097,500,41,97,45500.0,-63500.0,46000.0,-63000.0,45750.0,-63250.0,250000,250000.0,1.0,0,103.97213902442489,1.4703982259033377
JB0500_R0041_C0098,500,41,98,46000.0,-63500.0,46500.0,-63000.0,46250.0,-63250.0,250000,250000.0,1.0,0,103.97663207029933,1.4703971192335101
JB0500_R0041_C0099,500,41,99,46500.0,-63500.0,47000.0,-63000.0,46750.0,-63250.0,250000,250000.0,1.0,0,103.98112511616931,1.4703960034646395
JB0500_R0041_C0100,500,41,100,47000.0,-63500.0,47500.0,-63000.0,47250.0,-63250.0,250000,250000.0,1.0,0,103.98561816203481,1.4703948785967333
JB0500_R0041_C0101,500,41,101,47500.0,-63500.0,48000.0,-63000.0,47750.0,-63250.0,250000,250000.0,1.0,0,103.9901112078958,1.4703937446297979
JB0500_R0041_C0102,500,41,102,48000.0,-63500.0,48500.0,-63000.0,48250.0,-63250.0,250000,250000.0,1.0,0,103.99460425375221,1.4703926015638404
JB0500_R0041_C0103,500,41,103,48500.0,-63500.0,49000.0,-63000.0,48750.0,-63250.0,250000,250000.0,1.0,0,103.99909729960406,1.4703914493988681
JB0500_R0041_C0104,500,41,104,49000.0,-63500.0,49500.0,-63000.0,49250.0,-63250.0,250000,250000.0,1.0,0,104.00359034545127,1.4703902881348878
JB0500_R0041_C0105,500,41,105,49500.0,-63500.0,50000.0,-63000.0,49750.0,-63250.0,250000,250000.0,1.0,0,104.00808339129382,1.4703891177719068
JB0500_R0041_C0106,500,41,106,50000.0,-63500.0,50500.0,-63000.0,50250.0,-63250.0,250000,250000.0,1.0,0,104.01257643713168,1.4703879383099323
JB0500_R0041_C0107,500,41,107,50500.0,-63500.0,51000.0,-63000.0,50750.0,-63250.0,250000,250000.0,1.0,0,104.0170694829648,1.4703867497489715
JB0500_R0041_C0108,500,41,108,51000.0,-63500.0,51500.0,-63000.0,51250.0,-63250.0,250000,250000.0,1.0,0,104.02156252879315,1.4703855520890317
JB0500_R0041_C0109,500,41,109,51500.0,-63500.0,52000.0,-63000.0,51750.0,-63250.0,250000,77648.31909654458,0.31059327638617834,1,104.02605557461669,1.4703843453301204
JB0500_R0042_C0005,500,42,5,-500.0,-63000.0,0.0,-62500.0,-250.0,-62750.0,250000,95612.01500742533,0.38244806002970133,1,103.55877905355003,1.4749829186023564
JB0500_R0042_C0006,500,42,6,0.0,-63000.0,500.0,-62500.0,250.0,-62750.0,250000,250000.0,1.0,0,103.56327210873299,1.4749826482371486
JB0500_R0042_C0007,500,42,7,500.0,-63000.0,1000.0,-62500.0,750.0,-62750.0,250000,250000.0,1.0,0,103.56776516391484,1.474982368744512
JB0500_R0042_C0008,500,42,8,1000.0,-63000.0,1500.0,-62500.0,1250.0,-62750.0,250000,250000.0,1.0,0,103.57225821909557,1.4749820801244486
JB0500_R0042_C0009,500,42,9,1500.0,-63000.0,2000.0,-62500.0,1750.0,-62750.0,250000,243870.6934823784,0.9754827739295137,1,103.57675127427511,1.47498178237696
JB0500_R0042_C0010,500,42,10,2000.0,-63000.0,2500.0,-62500.0,2250.0,-62750.0,250000,250000.0,1.0,0,103.58124432945344,1.474981475502048
JB0500_R0042_C0011,500,42,11,2500.0,-63000.0,3000.0,-62500.0,2750.0,-62750.0,250000,250000.0,1.0,0,103.58573738463053,1.4749811594997146
JB0500_R0042_C0012,500,42,12,3000.0,-63000.0,3500.0,-62500.0,3250.0,-62750.0,250000,250000.0,1.0,0,103.59023043980632,1.4749808343699617
JB0500_R0042_C0013,500,42,13,3500.0,-63000.0,4000.0,-62500.0,3750.0,-62750.0,250000,250000.0,1.0,0,103.5947234949808,1.4749805001127914
JB0500_R0042_C0014,500,42,14,4000.0,-63000.0,4500.0,-62500.0,4250.0,-62750.0,250000,250000.0,1.0,0,103.59921655015391,1.4749801567282055
JB0500_R0042_C0015,500,42,15,4500.0,-63000.0,5000.0,-62500.0,4750.0,-62750.0,250000,250000.0,1.0,0,103.60370960532563,1.4749798042162063
JB0500_R0042_C0016,500,42,16,5000.0,-63000.0,5500.0,-62500.0,5250.0,-62750.0,250000,250000.0,1.0,0,103.60820266049592,1.4749794425767961
JB0500_R0042_C0017,500,42,17,5500.0,-63000.0,6000.0,-62500.0,5750.0,-62750.0,250000,250000.0,1.0,0,103.61269571566474,1.474979071809977
JB0500_R0042_C0018,500,42,18,6000.0,-63000.0,6500.0,-62500.0,6250.0,-62750.0,250000,250000.0,1.0,0,103.61718877083204,1.474978691915751
JB0500_R0042_C0019,500,42,19,6500.0,-63000.0,7000.0,-62500.0,6750.0,-62750.0,250000,250000.0,1.0,0,103.62168182599783,1.474978302894121
JB0500_R0042_C0020,500,42,20,7000.0,-63000.0,7500.0,-62500.0,7250.0,-62750.0,250000,250000.0,1.0,0,103.62617488116202,1.474977904745089
JB0500_R0042_C0021,500,42,21,7500.0,-63000.0,8000.0,-62500.0,7750.0,-62750.0,250000,250000.0,1.0,0,103.6306679363246,1.4749774974686576
JB0500_R0042_C0022,500,42,22,8000.0,-63000.0,8500.0,-62500.0,8250.0,-62750.0,250000,250000.0,1.0,0,103.63516099148552,1.474977081064829
JB0500_R0042_C0023,500,42,23,8500.0,-63000.0,9000.0,-62500.0,8750.0,-62750.0,250000,250000.0,1.0,0,103.63965404664475,1.4749766555336064
JB0500_R0042_C0024,500,42,24,9000.0,-63000.0,9500.0,-62500.0,9250.0,-62750.0,250000,250000.0,1.0,0,103.64414710180226,1.474976220874992
JB0500_R0042_C0025,500,42,25,9500.0,-63000.0,10000.0,-62500.0,9750.0,-62750.0,250000,250000.0,1.0,0,103.648640156958,1.4749757770889882
JB0500_R0042_C0026,500,42,26,10000.0,-63000.0,10500.0,-62500.0,10250.0,-62750.0,250000,250000.0,1.0,0,103.65313321211195,1.4749753241755983
JB0500_R0042_C0027,500,42,27,10500.0,-63000.0,11000.0,-62500.0,10750.0,-62750.0,250000,250000.0,1.0,0,103.65762626726408,1.4749748621348246
JB0500_R0042_C0028,500,42,28,11000.0,-63000.0,11500.0,-62500.0,11250.0,-62750.0,250000,250000.0,1.0,0,103.66211932241431,1.4749743909666706
JB0500_R0042_C0029,500,42,29,11500.0,-63000.0,12000.0,-62500.0,11750.0,-62750.0,250000,250000.0,1.0,0,103.66661237756266,1.4749739106711384
JB0500_R0042_C0030,500,42,30,12000.0,-63000.0,12500.0,-62500.0,12250.0,-62750.0,250000,250000.0,1.0,0,103.67110543270904,1.4749734212482315
JB0500_R0042_C0031,500,42,31,12500.0,-63000.0,13000.0,-62500.0,12750.0,-62750.0,250000,250000.0,1.0,0,103.67559848785345,1.4749729226979529
JB0500_R0042_C0032,500,42,32,13000.0,-63000.0,13500.0,-62500.0,13250.0,-62750.0,250000,250000.0,1.0,0,103.68009154299584,1.4749724150203054
JB0500_R0042_C0033,500,42,33,13500.0,-63000.0,14000.0,-62500.0,13750.0,-62750.0,250000,250000.0,1.0,0,103.68458459813618,1.474971898215292
JB0500_R0042_C0034,500,42,34,14000.0,-63000.0,14500.0,-62500.0,14250.0,-62750.0,250000,250000.0,1.0,0,103.68907765327442,1.4749713722829165
JB0500_R0042_C0035,500,42,35,14500.0,-63000.0,15000.0,-62500.0,14750.0,-62750.0,250000,250000.0,1.0,0,103.69357070841053,1.4749708372231816
JB0500_R0042_C0036,500,42,36,15000.0,-63000.0,15500.0,-62500.0,15250.0,-62750.0,250000,250000.0,1.0,0,103.6980637635445,1.4749702930360908
JB0500_R0042_C0037,500,42,37,15500.0,-63000.0,16000.0,-62500.0,15750.0,-62750.0,250000,250000.0,1.0,0,103.70255681867623,1.4749697397216475
JB0500_R0042_C0038,500,42,38,16000.0,-63000.0,16500.0,-62500.0,16250.0,-62750.0,250000,250000.0,1.0,0,103.70704987380574,1.474969177279855
JB0500_R0042_C0039,500,42,39,16500.0,-63000.0,17000.0,-62500.0,16750.0,-62750.0,250000,250000.0,1.0,0,103.71154292893299,1.4749686057107168
JB0500_R0042_C0040,500,42,40,17000.0,-63000.0,17500.0,-62500.0,17250.0,-62750.0,250000,250000.0,1.0,0,103.71603598405791,1.4749680250142365
JB0500_R0042_C0041,500,42,41,17500.0,-63000.0,18000.0,-62500.0,17750.0,-62750.0,250000,250000.0,1.0,0,103.72052903918049,1.4749674351904174
JB0500_R0042_C0042,500,42,42,18000.0,-63000.0,18500.0,-62500.0,18250.0,-62750.0,250000,250000.0,1.0,0,103.72502209430068,1.4749668362392632
JB0500_R0042_C0043,500,42,43,18500.0,-63000.0,19000.0,-62500.0,18750.0,-62750.0,250000,250000.0,1.0,0,103.72951514941846,1.474966228160778
JB0500_R0042_C0044,500,42,44,19000.0,-63000.0,19500.0,-62500.0,19250.0,-62750.0,250000,250000.0,1.0,0,103.73400820453378,1.4749656109549654
JB0500_R0042_C0045,500,42,45,19500.0,-63000.0,20000.0,-62500.0,19750.0,-62750.0,250000,250000.0,1.0,0,103.7385012596466,1.4749649846218285
JB0500_R0042_C0046,500,42,46,20000.0,-63000.0,20500.0,-62500.0,20250.0,-62750.0,250000,250000.0,1.0,0,103.7429943147569,1.4749643491613722
JB0500_R0042_C0047,500,42,47,20500.0,-63000.0,21000.0,-62500.0,20750.0,-62750.0,250000,250000.0,1.0,0,103.74748736986461,1.4749637045735997
JB0500_R0042_C0048,500,42,48,21000.0,-63000.0,21500.0,-62500.0,21250.0,-62750.0,250000,250000.0,1.0,0,103.75198042496974,1.4749630508585152
JB0500_R0042_C0049,500,42,49,21500.0,-63000.0,22000.0,-62500.0,21750.0,-62750.0,250000,250000.0,1.0,0,103.75647348007222,1.4749623880161227
JB0500_R0042_C0050,500,42,50,22000.0,-63000.0,22500.0,-62500.0,22250.0,-62750.0,250000,250000.0,1.0,0,103.76096653517202,1.4749617160464263
JB0500_R0042_C0051,500,42,51,22500.0,-63000.0,23000.0,-62500.0,22750.0,-62750.0,250000,250000.0,1.0,0,103.7654595902691,1.4749610349494302
JB0500_R0042_C0052,500,42,52,23000.0,-63000.0,23500.0,-62500.0,23250.0,-62750.0,250000,250000.0,1.0,0,103.76995264536345,1.4749603447251385
JB0500_R0042_C0053,500,42,53,23500.0,-63000.0,24000.0,-62500.0,23750.0,-62750.0,250000,250000.0,1.0,0,103.77444570045499,1.4749596453735556
JB0500_R0042_C0054,500,42,54,24000.0,-63000.0,24500.0,-62500.0,24250.0,-62750.0,250000,250000.0,1.0,0,103.77893875554372,1.4749589368946856
JB0500_R0042_C0055,500,42,55,24500.0,-63000.0,25000.0,-62500.0,24750.0,-62750.0,250000,250000.0,1.0,0,103.78343181062958,1.4749582192885329
JB0500_R0042_C0056,500,42,56,25000.0,-63000.0,25500.0,-62500.0,25250.0,-62750.0,250000,250000.0,1.0,0,103.78792486571257,1.474957492555102
JB0500_R0042_C0057,500,42,57,25500.0,-63000.0,26000.0,-62500.0,25750.0,-62750.0,250000,250000.0,1.0,0,103.7924179207926,1.4749567566943973
JB0500_R0042_C0058,500,42,58,26000.0,-63000.0,26500.0,-62500.0,26250.0,-62750.0,250000,240470.51218299865,0.9618820487319946,1,103.79691097586966,1.4749560117064233
JB0500_R0042_C0059,500,42,59,26500.0,-63000.0,27000.0,-62500.0,26750.0,-62750.0,250000,90838.33661962589,0.36335334647850354,1,103.80140403094373,1.4749552575911848
JB0500_R0042_C0060,500,42,60,27000.0,-63000.0,27500.0,-62500.0,27250.0,-62750.0,250000,10126.417589953797,0.040505670359815185,1,103.80589708601475,1.4749544943486863
JB0500_R0042_C0062,500,42,62,28000.0,-63000.0,28500.0,-62500.0,28250.0,-62750.0,250000,882.4618264871067,0.0035298473059484268,1,103.8148831961475,1.4749529404819282
JB0500_R0042_C0063,500,42,63,28500.0,-63000.0,29000.0,-62500.0,28750.0,-62750.0,250000,33335.67566691413,0.13334270266765652,1,103.81937625120918,1.474952149857678
JB0500_R0042_C0064,500,42,64,29000.0,-63000.0,29500.0,-62500.0,29250.0,-62750.0,250000,101689.66579608605,0.40675866318434417,1,103.82386930626764,1.4749513501061873
JB0500_R0042_C0065,500,42,65,29500.0,-63000.0,30000.0,-62500.0,29750.0,-62750.0,250000,178129.11857606014,0.7125164743042406,1,103.8283623613229,1.4749505412274602
JB0500_R0042_C0066,500,42,66,30000.0,-63000.0,30500.0,-62500.0,30250.0,-62750.0,250000,242602.19740907598,0.970408789636304,1,103.83285541637488,1.4749497232215023
JB0500_R0042_C0067,500,42,67,30500.0,-63000.0,31000.0,-62500.0,30750.0,-62750.0,250000,250000.0,1.0,0,103.83734847142357,1.4749488960883186
JB0500_R0042_C0068,500,42,68,31000.0,-63000.0,31500.0,-62500.0,31250.0,-62750.0,250000,250000.0,1.0,0,103.84184152646893,1.474948059827914
JB0500_R0042_C0069,500,42,69,31500.0,-63000.0,32000.0,-62500.0,31750.0,-62750.0,250000,250000.0,1.0,0,103.8463345815109,1.4749472144402938
JB0500_R0042_C0070,500,42,70,32000.0,-63000.0,32500.0,-62500.0,32250.0,-62750.0,250000,250000.0,1.0,0,103.85082763654947,1.474946359925463
JB0500_R0042_C0071,500,42,71,32500.0,-63000.0,33000.0,-62500.0,32750.0,-62750.0,250000,250000.0,1.0,0,103.85532069158461,1.4749454962834274
JB0500_R0042_C0072,500,42,72,33000.0,-63000.0,33500.0,-62500.0,33250.0,-62750.0,250000,250000.0,1.0,0,103.85981374661624,1.4749446235141914
JB0500_R0042_C0073,500,42,73,33500.0,-63000.0,34000.0,-62500.0,33750.0,-62750.0,250000,250000.0,1.0,0,103.86430680164436,1.474943741617761
JB0500_R0042_C0074,500,42,74,34000.0,-63000.0,34500.0,-62500.0,34250.0,-62750.0,250000,250000.0,1.0,0,103.86879985666893,1.4749428505941418
JB0500_R0042_C0075,500,42,75,34500.0,-63000.0,35000.0,-62500.0,34750.0,-62750.0,250000,250000.0,1.0,0,103.87329291168992,1.4749419504433388
JB0500_R0042_C0076,500,42,76,35000.0,-63000.0,35500.0,-62500.0,35250.0,-62750.0,250000,250000.0,1.0,0,103.87778596670725,1.4749410411653576
JB0500_R0042_C0077,500,42,77,35500.0,-63000.0,36000.0,-62500.0,35750.0,-62750.0,250000,250000.0,1.0,0,103.88227902172093,1.4749401227602041
JB0500_R0042_C0078,500,42,78,36000.0,-63000.0,36500.0,-62500.0,36250.0,-62750.0,250000,250000.0,1.0,0,103.8867720767309,1.4749391952278839
JB0500_R0042_C0079,500,42,79,36500.0,-63000.0,37000.0,-62500.0,36750.0,-62750.0,250000,250000.0,1.0,0,103.89126513173716,1.4749382585684023
JB0500_R0042_C0080,500,42,80,37000.0,-63000.0,37500.0,-62500.0,37250.0,-62750.0,250000,250000.0,1.0,0,103.89575818673961,1.4749373127817655
JB0500_R0042_C0081,500,42,81,37500.0,-63000.0,38000.0,-62500.0,37750.0,-62750.0,250000,250000.0,1.0,0,103.90025124173826,1.4749363578679795
JB0500_R0042_C0082,500,42,82,38000.0,-63000.0,38500.0,-62500.0,38250.0,-62750.0,250000,250000.0,1.0,0,103.90474429673306,1.4749353938270497
JB0500_R0042_C0083,500,42,83,38500.0,-63000.0,39000.0,-62500.0,38750.0,-62750.0,250000,250000.0,1.0,0,103.90923735172397,1.474934420658982
JB0500_R0042_C0084,500,42,84,39000.0,-63000.0,39500.0,-62500.0,39250.0,-62750.0,250000,250000.0,1.0,0,103.91373040671098,1.474933438363783
JB0500_R0042_C0085,500,42,85,39500.0,-63000.0,40000.0,-62500.0,39750.0,-62750.0,250000,250000.0,1.0,0,103.91822346169401,1.4749324469414582
JB0500_R0042_C0086,500,42,86,40000.0,-63000.0,40500.0,-62500.0,40250.0,-62750.0,250000,250000.0,1.0,0,103.92271651667305,1.4749314463920138
JB0500_R0042_C0087,500,42,87,40500.0,-63000.0,41000.0,-62500.0,40750.0,-62750.0,250000,250000.0,1.0,0,103.92720957164806,1.474930436715456
JB0500_R0042_C0088,500,42,88,41000.0,-63000.0,41500.0,-62500.0,41250.0,-62750.0,250000,250000.0,1.0,0,103.931702626619,1.4749294179117913
JB0500_R0042_C0089,500,42,89,41500.0,-63000.0,42000.0,-62500.0,41750.0,-62750.0,250000,250000.0,1.0,0,103.93619568158583,1.4749283899810253
JB0500_R0042_C0090,500,42,90,42000.0,-63000.0,42500.0,-62500.0,42250.0,-62750.0,250000,250000.0,1.0,0,103.94068873654854,1.474927352923165
JB0500_R0042_C0091,500,42,91,42500.0,-63000.0,43000.0,-62500.0,42750.0,-62750.0,250000,250000.0,1.0,0,103.94518179150705,1.4749263067382166
JB0500_R0042_C0092,500,42,92,43000.0,-63000.0,43500.0,-62500.0,43250.0,-62750.0,250000,250000.0,1.0,0,103.94967484646135,1.4749252514261864
JB0500_R0042_C0093,500,42,93,43500.0,-63000.0,44000.0,-62500.0,43750.0,-62750.0,250000,250000.0,1.0,0,103.9541679014114,1.474924186987081
JB0500_R0042_C0094,500,42,94,44000.0,-63000.0,44500.0,-62500.0,44250.0,-62750.0,250000,250000.0,1.0,0,103.95866095635716,1.4749231134209067
JB0500_R0042_C0095,500,42,95,44500.0,-63000.0,45000.0,-62500.0,44750.0,-62750.0,250000,250000.0,1.0,0,103.9631540112986,1.4749220307276705
JB0500_R0042_C0096,500,42,96,45000.0,-63000.0,45500.0,-62500.0,45250.0,-62750.0,250000,250000.0,1.0,0,103.96764706623568,1.4749209389073792
JB0500_R0042_C0097,500,42,97,45500.0,-63000.0,46000.0,-62500.0,45750.0,-62750.0,250000,250000.0,1.0,0,103.97214012116835,1.4749198379600388
JB0500_R0042_C0098,500,42,98,46000.0,-63000.0,46500.0,-62500.0,46250.0,-62750.0,250000,250000.0,1.0,0,103.9766331760966,1.4749187278856566
JB0500_R0042_C0099,500,42,99,46500.0,-63000.0,47000.0,-62500.0,46750.0,-62750.0,250000,250000.0,1.0,0,103.98112623102037,1.4749176086842395
JB0500_R0042_C0100,500,42,100,47000.0,-63000.0,47500.0,-62500.0,47250.0,-62750.0,250000,250000.0,1.0,0,103.98561928593963,1.4749164803557941
JB0500_R0042_C0101,500,42,101,47500.0,-63000.0,48000.0,-62500.0,47750.0,-62750.0,250000,250000.0,1.0,0,103.99011234085437,1.4749153429003274
JB0500_R0042_C0102,500,42,102,48000.0,-63000.0,48500.0,-62500.0,48250.0,-62750.0,250000,250000.0,1.0,0,103.9946053957645,1.4749141963178467
JB0500_R0042_C0103,500,42,103,48500.0,-63000.0,49000.0,-62500.0,48750.0,-62750.0,250000,250000.0,1.0,0,103.99909845067002,1.4749130406083588
JB0500_R0042_C0104,500,42,104,49000.0,-63000.0,49500.0,-62500.0,49250.0,-62750.0,250000,250000.0,1.0,0,104.0035915055709,1.4749118757718709
JB0500_R0042_C0105,500,42,105,49500.0,-63000.0,50000.0,-62500.0,49750.0,-62750.0,250000,250000.0,1.0,0,104.00808456046707,1.47491070180839
JB0500_R0042_C0106,500,42,106,50000.0,-63000.0,50500.0,-62500.0,50250.0,-62750.0,250000,250000.0,1.0,0,104.01257761535852,1.4749095187179235
JB0500_R0042_C0107,500,42,107,50500.0,-63000.0,51000.0,-62500.0,50750.0,-62750.0,250000,250000.0,1.0,0,104.0170706702452,1.4749083265004785
JB0500_R0042_C0108,500,42,108,51000.0,-63000.0,51500.0,-62500.0,51250.0,-62750.0,250000,250000.0,1.0,0,104.0215637251271,1.4749071251560628
JB0500_R0042_C0109,500,42,109,51500.0,-63000.0,52000.0,-62500.0,51750.0,-62750.0,250000,76698.244883597,0.306792979534388,1,104.02605678000414,1.4749059146846835
JB0500_R0043_C0005,500,43,5,-500.0,-62500.0,0.0,-62000.0,-250.0,-62250.0,250000,3013.2006273768475,0.01205280250950739,1,103.5587793180654,1.479504723940447
JB0500_R0043_C0006,500,43,6,0.0,-62500.0,500.0,-62000.0,250.0,-62250.0,250000,102417.35910131103,0.4096694364052441,1,103.56327238233159,1.4795044527460366
JB0500_R0043_C0007,500,43,7,500.0,-62500.0,1000.0,-62000.0,750.0,-62250.0,250000,67557.2044978448,0.27022881799137916,1,103.56776544659665,1.4795041723962037
JB0500_R0043_C0008,500,43,8,1000.0,-62500.0,1500.0,-62000.0,1250.0,-62250.0,250000,61997.51935051893,0.24799007740207574,1,103.57225851086056,1.4795038828909504
JB0500_R0043_C0009,500,43,9,1500.0,-62500.0,2000.0,-62000.0,1750.0,-62250.0,250000,21452.874336429173,0.08581149734571669,1,103.57675157512331,1.4795035842302782
JB0500_R0043_C0010,500,43,10,2000.0,-62500.0,2500.0,-62000.0,2250.0,-62250.0,250000,218863.52450385792,0.8754540980154316,1,103.58124463938483,1.4795032764141893
JB0500_R0043_C0011,500,43,11,2500.0,-62500.0,3000.0,-62000.0,2750.0,-62250.0,250000,250000.0,1.0,0,103.5857377036451,1.4795029594426854
JB0500_R0043_C0012,500,43,12,3000.0,-62500.0,3500.0,-62000.0,3250.0,-62250.0,250000,250000.0,1.0,0,103.59023076790406,1.4795026333157684
JB0500_R0043_C0013,500,43,13,3500.0,-62500.0,4000.0,-62000.0,3750.0,-62250.0,250000,250000.0,1.0,0,103.5947238321617,1.4795022980334402
JB0500_R0043_C0014,500,43,14,4000.0,-62500.0,4500.0,-62000.0,4250.0,-62250.0,250000,250000.0,1.0,0,103.59921689641797,1.4795019535957035
JB0500_R0043_C0015,500,43,15,4500.0,-62500.0,5000.0,-62000.0,4750.0,-62250.0,250000,250000.0,1.0,0,103.60370996067284,1.4795016000025596
JB0500_R0043_C0016,500,43,16,5000.0,-62500.0,5500.0,-62000.0,5250.0,-62250.0,250000,250000.0,1.0,0,103.60820302492625,1.4795012372540113
JB0500_R0043_C0017,500,43,17,5500.0,-62500.0,6000.0,-62000.0,5750.0,-62250.0,250000,250000.0,1.0,0,103.61269608917821,1.4795008653500603
JB0500_R0043_C0018,500,43,18,6000.0,-62500.0,6500.0,-62000.0,6250.0,-62250.0,250000,250000.0,1.0,0,103.61718915342864,1.4795004842907091
JB0500_R0043_C0019,500,43,19,6500.0,-62500.0,7000.0,-62000.0,6750.0,-62250.0,250000,250000.0,1.0,0,103.62168221767752,1.4795000940759604
JB0500_R0043_C0020,500,43,20,7000.0,-62500.0,7500.0,-62000.0,7250.0,-62250.0,250000,250000.0,1.0,0,103.62617528192482,1.4794996947058163
JB0500_R0043_C0021,500,43,21,7500.0,-62500.0,8000.0,-62000.0,7750.0,-62250.0,250000,250000.0,1.0,0,103.63066834617048,1.479499286180279
JB0500_R0043_C0022,500,43,22,8000.0,-62500.0,8500.0,-62000.0,8250.0,-62250.0,250000,250000.0,1.0,0,103.63516141041448,1.4794988684993513
JB0500_R0043_C0023,500,43,23,8500.0,-62500.0,9000.0,-62000.0,8750.0,-62250.0,250000,250000.0,1.0,0,103.6396544746568,1.4794984416630361
JB0500_R0043_C0024,500,43,24,9000.0,-62500.0,9500.0,-62000.0,9250.0,-62250.0,250000,250000.0,1.0,0,103.64414753889736,1.4794980056713354
JB0500_R0043_C0025,500,43,25,9500.0,-62500.0,10000.0,-62000.0,9750.0,-62250.0,250000,250000.0,1.0,0,103.64864060313614,1.4794975605242522
JB0500_R0043_C0026,500,43,26,10000.0,-62500.0,10500.0,-62000.0,10250.0,-62250.0,250000,250000.0,1.0,0,103.65313366737314,1.4794971062217892
JB0500_R0043_C0027,500,43,27,10500.0,-62500.0,11000.0,-62000.0,10750.0,-62250.0,250000,250000.0,1.0,0,103.65762673160827,1.479496642763949
JB0500_R0043_C0028,500,43,28,11000.0,-62500.0,11500.0,-62000.0,11250.0,-62250.0,250000,250000.0,1.0,0,103.66211979584155,1.4794961701507352
JB0500_R0043_C0029,500,43,29,11500.0,-62500.0,12000.0,-62000.0,11750.0,-62250.0,250000,250000.0,1.0,0,103.66661286007287,1.4794956883821497
JB0500_R0043_C0030,500,43,30,12000.0,-62500.0,12500.0,-62000.0,12250.0,-62250.0,250000,250000.0,1.0,0,103.67110592430227,1.4794951974581962
JB0500_R0043_C0031,500,43,31,12500.0,-62500.0,13000.0,-62000.0,12750.0,-62250.0,250000,250000.0,1.0,0,103.67559898852964,1.4794946973788774
JB0500_R0043_C0032,500,43,32,13000.0,-62500.0,13500.0,-62000.0,13250.0,-62250.0,250000,250000.0,1.0,0,103.680092052755,1.4794941881441965
JB0500_R0043_C0033,500,43,33,13500.0,-62500.0,14000.0,-62000.0,13750.0,-62250.0,250000,250000.0,1.0,0,103.68458511697828,1.4794936697541563
JB0500_R0043_C0034,500,43,34,14000.0,-62500.0,14500.0,-62000.0,14250.0,-62250.0,250000,250000.0,1.0,0,103.68907818119948,1.4794931422087605
JB0500_R0043_C0035,500,43,35,14500.0,-62500.0,15000.0,-62000.0,14750.0,-62250.0,250000,250000.0,1.0,0,103.69357124541852,1.4794926055080122
JB0500_R0043_C0036,500,43,36,15000.0,-62500.0,15500.0,-62000.0,15250.0,-62250.0,250000,250000.0,1.0,0,103.69806430963538,1.4794920596519143
JB0500_R0043_C0037,500,43,37,15500.0,-62500.0,16000.0,-62000.0,15750.0,-62250.0,250000,250000.0,1.0,0,103.70255737385003,1.4794915046404706
JB0500_R0043_C0038,500,43,38,16000.0,-62500.0,16500.0,-62000.0,16250.0,-62250.0,250000,250000.0,1.0,0,103.70705043806242,1.4794909404736847
JB0500_R0043_C0039,500,43,39,16500.0,-62500.0,17000.0,-62000.0,16750.0,-62250.0,250000,250000.0,1.0,0,103.71154350227253,1.4794903671515596
JB0500_R0043_C0040,500,43,40,17000.0,-62500.0,17500.0,-62000.0,17250.0,-62250.0,250000,250000.0,1.0,0,103.71603656648033,1.4794897846740989
JB0500_R0043_C0041,500,43,41,17500.0,-62500.0,18000.0,-62000.0,17750.0,-62250.0,250000,250000.0,1.0,0,103.72052963068576,1.4794891930413063
JB0500_R0043_C0042,500,43,42,18000.0,-62500.0,18500.0,-62000.0,18250.0,-62250.0,250000,250000.0,1.0,0,103.72502269488878,1.4794885922531855
JB0500_R0043_C0043,500,43,43,18500.0,-62500.0,19000.0,-62000.0,18750.0,-62250.0,250000,250000.0,1.0,0,103.72951575908937,1.4794879823097402
JB0500_R0043_C0044,500,43,44,19000.0,-62500.0,19500.0,-62000.0,19250.0,-62250.0,250000,250000.0,1.0,0,103.73400882328748,1.4794873632109737
JB0500_R0043_C0045,500,43,45,19500.0,-62500.0,20000.0,-62000.0,19750.0,-62250.0,250000,250000.0,1.0,0,103.73850188748308,1.4794867349568908
JB0500_R0043_C0046,500,43,46,20000.0,-62500.0,20500.0,-62000.0,20250.0,-62250.0,250000,250000.0,1.0,0,103.74299495167615,1.4794860975474944
JB0500_R0043_C0047,500,43,47,20500.0,-62500.0,21000.0,-62000.0,20750.0,-62250.0,250000,250000.0,1.0,0,103.74748801586662,1.4794854509827886
JB0500_R0043_C0048,500,43,48,21000.0,-62500.0,21500.0,-62000.0,21250.0,-62250.0,250000,250000.0,1.0,0,103.75198108005448,1.479484795262778
JB0500_R0043_C0049,500,43,49,21500.0,-62500.0,22000.0,-62000.0,21750.0,-62250.0,250000,250000.0,1.0,0,103.75647414423968,1.479484130387466
JB0500_R0043_C0050,500,43,50,22000.0,-62500.0,22500.0,-62000.0,22250.0,-62250.0,250000,250000.0,1.0,0,103.76096720842219,1.479483456356857
JB0500_R0043_C0051,500,43,51,22500.0,-62500.0,23000.0,-62000.0,22750.0,-62250.0,250000,250000.0,1.0,0,103.76546027260197,1.479482773170955
JB0500_R0043_C0052,500,43,52,23000.0,-62500.0,23500.0,-62000.0,23250.0,-62250.0,250000,250000.0,1.0,0,103.76995333677897,1.4794820808297644
JB0500_R0043_C0053,500,43,53,23500.0,-62500.0,24000.0,-62000.0,23750.0,-62250.0,250000,250000.0,1.0,0,103.77444640095317,1.479481379333289
JB0500_R0043_C0054,500,43,54,24000.0,-62500.0,24500.0,-62000.0,24250.0,-62250.0,250000,250000.0,1.0,0,103.77893946512454,1.4794806686815338
JB0500_R0043_C0055,500,43,55,24500.0,-62500.0,25000.0,-62000.0,24750.0,-62250.0,250000,250000.0,1.0,0,103.78343252929302,1.4794799488745027
JB0500_R0043_C0056,500,43,56,25000.0,-62500.0,25500.0,-62000.0,25250.0,-62250.0,250000,250000.0,1.0,0,103.7879255934586,1.4794792199122002
JB0500_R0043_C0057,500,43,57,25500.0,-62500.0,26000.0,-62000.0,25750.0,-62250.0,250000,250000.0,1.0,0,103.79241865762121,1.4794784817946307
JB0500_R0043_C0058,500,43,58,26000.0,-62500.0,26500.0,-62000.0,26250.0,-62250.0,250000,250000.0,1.0,0,103.79691172178084,1.4794777345217993
JB0500_R0043_C0059,500,43,59,26500.0,-62500.0,27000.0,-62000.0,26750.0,-62250.0,250000,250000.0,1.0,0,103.80140478593745,1.47947697809371
JB0500_R0043_C0060,500,43,60,27000.0,-62500.0,27500.0,-62000.0,27250.0,-62250.0,250000,245850.80927288064,0.9834032370915226,1,103.805897850091,1.4794762125103675
JB0500_R0043_C0061,500,43,61,27500.0,-62500.0,28000.0,-62000.0,27750.0,-62250.0,250000,208784.21869490572,0.8351368747796228,1,103.81039091424144,1.4794754377717767
JB0500_R0043_C0062,500,43,62,28000.0,-62500.0,28500.0,-62000.0,28250.0,-62250.0,250000,234948.6678308175,0.93979467132327,1,103.81488397838876,1.4794746538779426
JB0500_R0043_C0063,500,43,63,28500.0,-62500.0,29000.0,-62000.0,28750.0,-62250.0,250000,250000.0,1.0,0,103.81937704253289,1.4794738608288696
JB0500_R0043_C0064,500,43,64,29000.0,-62500.0,29500.0,-62000.0,29250.0,-62250.0,250000,250000.0,1.0,0,103.82387010667382,1.4794730586245626
JB0500_R0043_C0065,500,43,65,29500.0,-62500.0,30000.0,-62000.0,29750.0,-62250.0,250000,250000.0,1.0,0,103.8283631708115,1.4794722472650268
JB0500_R0043_C0066,500,43,66,30000.0,-62500.0,30500.0,-62000.0,30250.0,-62250.0,250000,250000.0,1.0,0,103.8328562349459,1.479471426750267
JB0500_R0043_C0067,500,43,67,30500.0,-62500.0,31000.0,-62000.0,30750.0,-62250.0,250000,250000.0,1.0,0,103.83734929907698,1.4794705970802886
JB0500_R0043_C0068,500,43,68,31000.0,-62500.0,31500.0,-62000.0,31250.0,-62250.0,250000,250000.0,1.0,0,103.8418423632047,1.4794697582550962
JB0500_R0043_C0069,500,43,69,31500.0,-62500.0,32000.0,-62000.0,31750.0,-62250.0,250000,250000.0,1.0,0,103.84633542732902,1.4794689102746954
JB0500_R0043_C0070,500,43,70,32000.0,-62500.0,32500.0,-62000.0,32250.0,-62250.0,250000,250000.0,1.0,0,103.85082849144993,1.4794680531390911
JB0500_R0043_C0071,500,43,71,32500.0,-62500.0,33000.0,-62000.0,32750.0,-62250.0,250000,250000.0,1.0,0,103.85532155556736,1.4794671868482887
JB0500_R0043_C0072,500,43,72,33000.0,-62500.0,33500.0,-62000.0,33250.0,-62250.0,250000,250000.0,1.0,0,103.85981461968129,1.4794663114022935
JB0500_R0043_C0073,500,43,73,33500.0,-62500.0,34000.0,-62000.0,33750.0,-62250.0,250000,250000.0,1.0,0,103.86430768379167,1.479465426801111
JB0500_R0043_C0074,500,43,74,34000.0,-62500.0,34500.0,-62000.0,34250.0,-62250.0,250000,250000.0,1.0,0,103.86880074789848,1.4794645330447465
JB0500_R0043_C0075,500,43,75,34500.0,-62500.0,35000.0,-62000.0,34750.0,-62250.0,250000,250000.0,1.0,0,103.87329381200168,1.4794636301332058
JB0500_R0043_C0076,500,43,76,35000.0,-62500.0,35500.0,-62000.0,35250.0,-62250.0,250000,250000.0,1.0,0,103.87778687610121,1.479462718066494
JB0500_R0043_C0077,500,43,77,35500.0,-62500.0,36000.0,-62000.0,35750.0,-62250.0,250000,250000.0,1.0,0,103.88227994019707,1.479461796844617
JB0500_R0043_C0078,500,43,78,36000.0,-62500.0,36500.0,-62000.0,36250.0,-62250.0,250000,250000.0,1.0,0,103.8867730042892,1.4794608664675806
JB0500_R0043_C0079,500,43,79,36500.0,-62500.0,37000.0,-62000.0,36750.0,-62250.0,250000,250000.0,1.0,0,103.89126606837758,1.47945992693539
JB0500_R0043_C0080,500,43,80,37000.0,-62500.0,37500.0,-62000.0,37250.0,-62250.0,250000,250000.0,1.0,0,103.89575913246213,1.4794589782480518
JB0500_R0043_C0081,500,43,81,37500.0,-62500.0,38000.0,-62000.0,37750.0,-62250.0,250000,250000.0,1.0,0,103.90025219654287,1.4794580204055712
JB0500_R0043_C0082,500,43,82,38000.0,-62500.0,38500.0,-62000.0,38250.0,-62250.0,250000,250000.0,1.0,0,103.90474526061973,1.479457053407954
JB0500_R0043_C0083,500,43,83,38500.0,-62500.0,39000.0,-62000.0,38750.0,-62250.0,250000,250000.0,1.0,0,103.9092383246927,1.479456077255207
JB0500_R0043_C0084,500,43,84,39000.0,-62500.0,39500.0,-62000.0,39250.0,-62250.0,250000,250000.0,1.0,0,103.91373138876169,1.4794550919473353
JB0500_R0043_C0085,500,43,85,39500.0,-62500.0,40000.0,-62000.0,39750.0,-62250.0,250000,250000.0,1.0,0,103.91822445282672,1.4794540974843453
JB0500_R0043_C0086,500,43,86,40000.0,-62500.0,40500.0,-62000.0,40250.0,-62250.0,250000,250000.0,1.0,0,103.92271751688772,1.4794530938662431
JB0500_R0043_C0087,500,43,87,40500.0,-62500.0,41000.0,-62000.0,40750.0,-62250.0,250000,250000.0,1.0,0,103.92721058094466,1.4794520810930352
JB0500_R0043_C0088,500,43,88,41000.0,-62500.0,41500.0,-62000.0,41250.0,-62250.0,250000,250000.0,1.0,0,103.93170364499751,1.4794510591647274
JB0500_R0043_C0089,500,43,89,41500.0,-62500.0,42000.0,-62000.0,41750.0,-62250.0,250000,250000.0,1.0,0,103.93619670904624,1.479450028081326
JB0500_R0043_C0090,500,43,90,42000.0,-62500.0,42500.0,-62000.0,42250.0,-62250.0,250000,250000.0,1.0,0,103.9406897730908,1.4794489878428378
JB0500_R0043_C0091,500,43,91,42500.0,-62500.0,43000.0,-62000.0,42750.0,-62250.0,250000,250000.0,1.0,0,103.94518283713114,1.479447938449269
JB0500_R0043_C0092,500,43,92,43000.0,-62500.0,43500.0,-62000.0,43250.0,-62250.0,250000,250000.0,1.0,0,103.94967590116725,1.4794468799006257
JB0500_R0043_C0093,500,43,93,43500.0,-62500.0,44000.0,-62000.0,43750.0,-62250.0,250000,250000.0,1.0,0,103.95416896519909,1.4794458121969145
JB0500_R0043_C0094,500,43,94,44000.0,-62500.0,44500.0,-62000.0,44250.0,-62250.0,250000,250000.0,1.0,0,103.95866202922662,1.4794447353381426
JB0500_R0043_C0095,500,43,95,44500.0,-62500.0,45000.0,-62000.0,44750.0,-62250.0,250000,250000.0,1.0,0,103.96315509324978,1.479443649324316
JB0500_R0043_C0096,500,43,96,45000.0,-62500.0,45500.0,-62000.0,45250.0,-62250.0,250000,250000.0,1.0,0,103.96764815726857,1.4794425541554415
JB0500_R0043_C0097,500,43,97,45500.0,-62500.0,46000.0,-62000.0,45750.0,-62250.0,250000,250000.0,1.0,0,103.97214122128293,1.4794414498315258
JB0500_R0043_C0098,500,43,98,46000.0,-62500.0,46500.0,-62000.0,46250.0,-62250.0,250000,250000.0,1.0,0,103.9766342852928,1.4794403363525763
JB0500_R0043_C0099,500,43,99,46500.0,-62500.0,47000.0,-62000.0,46750.0,-62250.0,250000,250000.0,1.0,0,103.9811273492982,1.479439213718599
JB0500_R0043_C0100,500,43,100,47000.0,-62500.0,47500.0,-62000.0,47250.0,-62250.0,250000,250000.0,1.0,0,103.98562041329906,1.4794380819296014
JB0500_R0043_C0101,500,43,101,47500.0,-62500.0,48000.0,-62000.0,47750.0,-62250.0,250000,250000.0,1.0,0,103.99011347729535,1.4794369409855899
JB0500_R0043_C0102,500,43,102,48000.0,-62500.0,48500.0,-62000.0,48250.0,-62250.0,250000,250000.0,1.0,0,103.99460654128704,1.4794357908865723
JB0500_R0043_C0103,500,43,103,48500.0,-62500.0,49000.0,-62000.0,48750.0,-62250.0,250000,250000.0,1.0,0,103.99909960527407,1.479434631632555
JB0500_R0043_C0104,500,43,104,49000.0,-62500.0,49500.0,-62000.0,49250.0,-62250.0,250000,250000.0,1.0,0,104.0035926692564,1.4794334632235455
JB0500_R0043_C0105,500,43,105,49500.0,-62500.0,50000.0,-62000.0,49750.0,-62250.0,250000,250000.0,1.0,0,104.00808573323405,1.4794322856595512
JB0500_R0043_C0106,500,43,106,50000.0,-62500.0,50500.0,-62000.0,50250.0,-62250.0,250000,250000.0,1.0,0,104.01257879720691,1.4794310989405786
JB0500_R0043_C0107,500,43,107,50500.0,-62500.0,51000.0,-62000.0,50750.0,-62250.0,250000,250000.0,1.0,0,104.017071861175,1.4794299030666358
JB0500_R0043_C0108,500,43,108,51000.0,-62500.0,51500.0,-62000.0,51250.0,-62250.0,250000,250000.0,1.0,0,104.02156492513825,1.4794286980377296
JB0500_R0043_C0109,500,43,109,51500.0,-62500.0,52000.0,-62000.0,51750.0,-62250.0,250000,75750.21939917881,0.30300087759671523,1,104.02605798909664,1.4794274838538677
JB0500_R0044_C0010,500,44,10,2000.0,-62000.0,2500.0,-61500.0,2250.0,-61750.0,250000,191219.77947469888,0.7648791178987955,1,103.58124495026597,1.4840250771412815
JB0500_R0044_C0011,500,44,11,2500.0,-62000.0,3000.0,-61500.0,2750.0,-61750.0,250000,250000.0,1.0,0,103.58573802363725,1.4840247592006033
JB0500_R0044_C0012,500,44,12,3000.0,-62000.0,3500.0,-61500.0,3250.0,-61750.0,250000,250000.0,1.0,0,103.59023109700722,1.4840244320765184
JB0500_R0044_C0013,500,44,13,3500.0,-62000.0,4000.0,-61500.0,3750.0,-61750.0,250000,250000.0,1.0,0,103.59472417037584,1.4840240957690287
JB0500_R0044_C0014,500,44,14,4000.0,-62000.0,4500.0,-61500.0,4250.0,-61750.0,250000,250000.0,1.0,0,103.59921724374311,1.4840237502781366
JB0500_R0044_C0015,500,44,15,4500.0,-62000.0,5000.0,-61500.0,4750.0,-61750.0,250000,250000.0,1.0,0,103.60371031710895,1.484023395603844
JB0500_R0044_C0016,500,44,16,5000.0,-62000.0,5500.0,-61500.0,5250.0,-61750.0,250000,250000.0,1.0,0,103.60820339047335,1.484023031746153
JB0500_R0044_C0017,500,44,17,5500.0,-62000.0,6000.0,-61500.0,5750.0,-61750.0,250000,250000.0,1.0,0,103.61269646383626,1.484022658705066
JB0500_R0044_C0018,500,44,18,6000.0,-62000.0,6500.0,-61500.0,6250.0,-61750.0,250000,250000.0,1.0,0,103.61718953719765,1.4840222764805853
JB0500_R0044_C0019,500,44,19,6500.0,-62000.0,7000.0,-61500.0,6750.0,-61750.0,250000,250000.0,1.0,0,103.62168261055747,1.484021885072713
JB0500_R0044_C0020,500,44,20,7000.0,-62000.0,7500.0,-61500.0,7250.0,-61750.0,250000,250000.0,1.0,0,103.6261756839157,1.4840214844814517
JB0500_R0044_C0021,500,44,21,7500.0,-62000.0,8000.0,-61500.0,7750.0,-61750.0,250000,250000.0,1.0,0,103.63066875727229,1.484021074706804
JB0500_R0044_C0022,500,44,22,8000.0,-62000.0,8500.0,-61500.0,8250.0,-61750.0,250000,250000.0,1.0,0,103.6351618306272,1.4840206557487725
JB0500_R0044_C0023,500,44,23,8500.0,-62000.0,9000.0,-61500.0,8750.0,-61750.0,250000,250000.0,1.0,0,103.6396549039804,1.4840202276073593
JB0500_R0044_C0024,500,44,24,9000.0,-62000.0,9500.0,-61500.0,9250.0,-61750.0,250000,250000.0,1.0,0,103.64414797733187,1.4840197902825674
JB0500_R0044_C0025,500,44,25,9500.0,-62000.0,10000.0,-61500.0,9750.0,-61750.0,250000,250000.0,1.0,0,103.64864105068155,1.4840193437743994
JB0500_R0044_C0026,500,44,26,10000.0,-62000.0,10500.0,-61500.0,10250.0,-61750.0,250000,250000.0,1.0,0,103.6531341240294,1.484018888082858
JB0500_R0044_C0027,500,44,27,10500.0,-62000.0,11000.0,-61500.0,10750.0,-61750.0,250000,250000.0,1.0,0,103.6576271973754,1.484018423207946
JB0500_R0044_C0028,500,44,28,11000.0,-62000.0,11500.0,-61500.0,11250.0,-61750.0,250000,250000.0,1.0,0,103.66212027071951,1.4840179491496666
JB0500_R0044_C0029,500,44,29,11500.0,-62000.0,12000.0,-61500.0,11750.0,-61750.0,250000,250000.0,1.0,0,103.66661334406169,1.4840174659080223
JB0500_R0044_C0030,500,44,30,12000.0,-62000.0,12500.0,-61500.0,12250.0,-61750.0,250000,250000.0,1.0,0,103.67110641740189,1.4840169734830162
JB0500_R0044_C0031,500,44,31,12500.0,-62000.0,13000.0,-61500.0,12750.0,-61750.0,250000,250000.0,1.0,0,103.67559949074008,1.4840164718746516
JB0500_R0044_C0032,500,44,32,13000.0,-62000.0,13500.0,-61500.0,13250.0,-61750.0,250000,250000.0,1.0,0,103.68009256407625,1.4840159610829309
JB0500_R0044_C0033,500,44,33,13500.0,-62000.0,14000.0,-61500.0,13750.0,-61750.0,250000,250000.0,1.0,0,103.68458563741032,1.4840154411078579
JB0500_R0044_C0034,500,44,34,14000.0,-62000.0,14500.0,-61500.0,14250.0,-61750.0,250000,250000.0,1.0,0,103.68907871074228,1.4840149119494355
JB0500_R0044_C0035,500,44,35,14500.0,-62000.0,15000.0,-61500.0,14750.0,-61750.0,250000,250000.0,1.0,0,103.69357178407208,1.4840143736076672
JB0500_R0044_C0036,500,44,36,15000.0,-62000.0,15500.0,-61500.0,15250.0,-61750.0,250000,250000.0,1.0,0,103.6980648573997,1.484013826082556
JB0500_R0044_C0037,500,44,37,15500.0,-62000.0,16000.0,-61500.0,15750.0,-61750.0,250000,250000.0,1.0,0,103.70255793072508,1.4840132693741055
JB0500_R0044_C0038,500,44,38,16000.0,-62000.0,16500.0,-61500.0,16250.0,-61750.0,250000,250000.0,1.0,0,103.7070510040482,1.4840127034823192
JB0500_R0044_C0039,500,44,39,16500.0,-62000.0,17000.0,-61500.0,16750.0,-61750.0,250000,250000.0,1.0,0,103.71154407736901,1.4840121284072003
JB0500_R0044_C0040,500,44,40,17000.0,-62000.0,17500.0,-61500.0,17250.0,-61750.0,250000,250000.0,1.0,0,103.7160371506875,1.4840115441487525
JB0500_R0044_C0041,500,44,41,17500.0,-62000.0,18000.0,-61500.0,17750.0,-61750.0,250000,250000.0,1.0,0,103.72053022400358,1.4840109507069794
JB0500_R0044_C0042,500,44,42,18000.0,-62000.0,18500.0,-61500.0,18250.0,-61750.0,250000,250000.0,1.0,0,103.72502329731728,1.4840103480818847
JB0500_R0044_C0043,500,44,43,18500.0,-62000.0,19000.0,-61500.0,18750.0,-61750.0,250000,250000.0,1.0,0,103.72951637062852,1.4840097362734719
JB0500_R0044_C0044,500,44,44,19000.0,-62000.0,19500.0,-61500.0,19250.0,-61750.0,250000,250000.0,1.0,0,103.73400944393727,1.484009115281745
JB0500_R0044_C0045,500,44,45,19500.0,-62000.0,20000.0,-61500.0,19750.0,-61750.0,250000,250000.0,1.0,0,103.73850251724349,1.4840084851067077
JB0500_R0044_C0046,500,44,46,20000.0,-62000.0,20500.0,-61500.0,20250.0,-61750.0,250000,250000.0,1.0,0,103.74299559054714,1.484007845748364
JB0500_R0044_C0047,500,44,47,20500.0,-62000.0,21000.0,-61500.0,20750.0,-61750.0,250000,250000.0,1.0,0,103.74748866384822,1.484007197206718
JB0500_R0044_C0048,500,44,48,21000.0,-62000.0,21500.0,-61500.0,21250.0,-61750.0,250000,250000.0,1.0,0,103.75198173714664,1.484006539481773
JB0500_R0044_C0049,500,44,49,21500.0,-62000.0,22000.0,-61500.0,21750.0,-61750.0,250000,250000.0,1.0,0,103.75647481044238,1.4840058725735337
JB0500_R0044_C0050,500,44,50,22000.0,-62000.0,22500.0,-61500.0,22250.0,-61750.0,250000,250000.0,1.0,0,103.76096788373543,1.4840051964820038
JB0500_R0044_C0051,500,44,51,22500.0,-62000.0,23000.0,-61500.0,22750.0,-61750.0,250000,250000.0,1.0,0,103.76546095702574,1.484004511207188
JB0500_R0044_C0052,500,44,52,23000.0,-62000.0,23500.0,-61500.0,23250.0,-61750.0,250000,250000.0,1.0,0,103.76995403031323,1.48400381674909
JB0500_R0044_C0053,500,44,53,23500.0,-62000.0,24000.0,-61500.0,23750.0,-61750.0,250000,250000.0,1.0,0,103.77444710359792,1.4840031131077143
JB0500_R0044_C0054,500,44,54,24000.0,-62000.0,24500.0,-61500.0,24250.0,-61750.0,250000,250000.0,1.0,0,103.77894017687976,1.4840024002830652
JB0500_R0044_C0055,500,44,55,24500.0,-62000.0,25000.0,-61500.0,24750.0,-61750.0,250000,250000.0,1.0,0,103.7834332501587,1.4840016782751473
JB0500_R0044_C0056,500,44,56,25000.0,-62000.0,25500.0,-61500.0,25250.0,-61750.0,250000,250000.0,1.0,0,103.7879263234347,1.4840009470839644
JB0500_R0044_C0057,500,44,57,25500.0,-62000.0,26000.0,-61500.0,25750.0,-61750.0,250000,250000.0,1.0,0,103.79241939670774,1.4840002067095217
JB0500_R0044_C0058,500,44,58,26000.0,-62000.0,26500.0,-61500.0,26250.0,-61750.0,250000,250000.0,1.0,0,103.79691246997777,1.4839994571518236
JB0500_R0044_C0059,500,44,59,26500.0,-62000.0,27000.0,-61500.0,26750.0,-61750.0,250000,250000.0,1.0,0,103.80140554324474,1.4839986984108746
JB0500_R0044_C0060,500,44,60,27000.0,-62000.0,27500.0,-61500.0,27250.0,-61750.0,250000,250000.0,1.0,0,103.80589861650866,1.4839979304866793
JB0500_R0044_C0061,500,44,61,27500.0,-62000.0,28000.0,-61500.0,27750.0,-61750.0,250000,250000.0,1.0,0,103.81039168976943,1.4839971533792424
JB0500_R0044_C0062,500,44,62,28000.0,-62000.0,28500.0,-61500.0,28250.0,-61750.0,250000,250000.0,1.0,0,103.81488476302707,1.483996367088569
JB0500_R0044_C0063,500,44,63,28500.0,-62000.0,29000.0,-61500.0,28750.0,-61750.0,250000,250000.0,1.0,0,103.8193778362815,1.4839955716146638
JB0500_R0044_C0064,500,44,64,29000.0,-62000.0,29500.0,-61500.0,29250.0,-61750.0,250000,250000.0,1.0,0,103.82387090953272,1.4839947669575313
JB0500_R0044_C0065,500,44,65,29500.0,-62000.0,30000.0,-61500.0,29750.0,-61750.0,250000,250000.0,1.0,0,103.82836398278067,1.483993953117177
JB0500_R0044_C0066,500,44,66,30000.0,-62000.0,30500.0,-61500.0,30250.0,-61750.0,250000,250000.0,1.0,0,103.8328570560253,1.4839931300936056
JB0500_R0044_C0067,500,44,67,30500.0,-62000.0,31000.0,-61500.0,30750.0,-61750.0,250000,250000.0,1.0,0,103.83735012926661,1.4839922978868223
JB0500_R0044_C0068,500,44,68,31000.0,-62000.0,31500.0,-61500.0,31250.0,-61750.0,250000,250000.0,1.0,0,103.84184320250453,1.4839914564968324
JB0500_R0044_C0069,500,44,69,31500.0,-62000.0,32000.0,-61500.0,31750.0,-61750.0,250000,250000.0,1.0,0,103.84633627573903,1.4839906059236407
JB0500_R0044_C0070,500,44,70,32000.0,-62000.0,32500.0,-61500.0,32250.0,-61750.0,250000,250000.0,1.0,0,103.8508293489701,1.4839897461672529
JB0500_R0044_C0071,500,44,71,32500.0,-62000.0,33000.0,-61500.0,32750.0,-61750.0,250000,250000.0,1.0,0,103.85532242219766,1.4839888772276737
JB0500_R0044_C0072,500,44,72,33000.0,-62000.0,33500.0,-61500.0,33250.0,-61750.0,250000,250000.0,1.0,0,103.8598154954217,1.4839879991049088
JB0500_R0044_C0073,500,44,73,33500.0,-62000.0,34000.0,-61500.0,33750.0,-61750.0,250000,250000.0,1.0,0,103.86430856864219,1.4839871117989636
JB0500_R0044_C0074,500,44,74,34000.0,-62000.0,34500.0,-61500.0,34250.0,-61750.0,250000,250000.0,1.0,0,103.86880164185906,1.4839862153098435
JB0500_R0044_C0075,500,44,75,34500.0,-62000.0,35000.0,-61500.0,34750.0,-61750.0,250000,250000.0,1.0,0,103.87329471507232,1.4839853096375542
JB0500_R0044_C0076,500,44,76,35000.0,-62000.0,35500.0,-61500.0,35250.0,-61750.0,250000,250000.0,1.0,0,103.87778778828188,1.483984394782101
JB0500_R0044_C0077,500,44,77,35500.0,-62000.0,36000.0,-61500.0,35750.0,-61750.0,250000,250000.0,1.0,0,103.88228086148774,1.4839834707434898
JB0500_R0044_C0078,500,44,78,36000.0,-62000.0,36500.0,-61500.0,36250.0,-61750.0,250000,250000.0,1.0,0,103.88677393468986,1.483982537521726
JB0500_R0044_C0079,500,44,79,36500.0,-62000.0,37000.0,-61500.0,36750.0,-61750.0,250000,250000.0,1.0,0,103.89126700788819,1.4839815951168156
JB0500_R0044_C0080,500,44,80,37000.0,-62000.0,37500.0,-61500.0,37250.0,-61750.0,250000,250000.0,1.0,0,103.8957600810827,1.4839806435287641
JB0500_R0044_C0081,500,44,81,37500.0,-62000.0,38000.0,-61500.0,37750.0,-61750.0,250000,250000.0,1.0,0,103.90025315427333,1.4839796827575777
JB0500_R0044_C0082,500,44,82,38000.0,-62000.0,38500.0,-61500.0,38250.0,-61750.0,250000,250000.0,1.0,0,103.9047462274601,1.4839787128032622
JB0500_R0044_C0083,500,44,83,38500.0,-62000.0,39000.0,-61500.0,38750.0,-61750.0,250000,250000.0,1.0,0,103.90923930064291,1.4839777336658238
JB0500_R0044_C0084,500,44,84,39000.0,-62000.0,39500.0,-61500.0,39250.0,-61750.0,250000,250000.0,1.0,0,103.91373237382176,1.483976745345268
JB0500_R0044_C0085,500,44,85,39500.0,-62000.0,40000.0,-61500.0,39750.0,-61750.0,250000,250000.0,1.0,0,103.9182254469966,1.4839757478416014
JB0500_R0044_C0086,500,44,86,40000.0,-62000.0,40500.0,-61500.0,40250.0,-61750.0,250000,250000.0,1.0,0,103.92271852016738,1.4839747411548296
JB0500_R0044_C0087,500,44,87,40500.0,-62000.0,41000.0,-61500.0,40750.0,-61750.0,250000,250000.0,1.0,0,103.9272115933341,1.4839737252849592
JB0500_R0044_C0088,500,44,88,41000.0,-62000.0,41500.0,-61500.0,41250.0,-61750.0,250000,250000.0,1.0,0,103.9317046664967,1.4839727002319965
JB0500_R0044_C0089,500,44,89,41500.0,-62000.0,42000.0,-61500.0,41750.0,-61750.0,250000,250000.0,1.0,0,103.93619773965514,1.4839716659959474
JB0500_R0044_C0090,500,44,90,42000.0,-62000.0,42500.0,-61500.0,42250.0,-61750.0,250000,250000.0,1.0,0,103.9406908128094,1.483970622576819
JB0500_R0044_C0091,500,44,91,42500.0,-62000.0,43000.0,-61500.0,42750.0,-61750.0,250000,250000.0,1.0,0,103.94518388595941,1.4839695699746167
JB0500_R0044_C0092,500,44,92,43000.0,-62000.0,43500.0,-61500.0,43250.0,-61750.0,250000,250000.0,1.0,0,103.94967695910516,1.4839685081893481
JB0500_R0044_C0093,500,44,93,43500.0,-62000.0,44000.0,-61500.0,43750.0,-61750.0,250000,250000.0,1.0,0,103.95417003224661,1.483967437221019
JB0500_R0044_C0094,500,44,94,44000.0,-62000.0,44500.0,-61500.0,44250.0,-61750.0,250000,250000.0,1.0,0,103.9586631053837,1.483966357069636
JB0500_R0044_C0095,500,44,95,44500.0,-62000.0,45000.0,-61500.0,44750.0,-61750.0,250000,250000.0,1.0,0,103.96315617851644,1.4839652677352062
JB0500_R0044_C0096,500,44,96,45000.0,-62000.0,45500.0,-61500.0,45250.0,-61750.0,250000,250000.0,1.0,0,103.96764925164476,1.4839641692177359
JB0500_R0044_C0097,500,44,97,45500.0,-62000.0,46000.0,-61500.0,45750.0,-61750.0,250000,250000.0,1.0,0,103.97214232476863,1.483963061517232
JB0500_R0044_C0098,500,44,98,46000.0,-62000.0,46500.0,-61500.0,46250.0,-61750.0,250000,250000.0,1.0,0,103.97663539788799,1.4839619446337013
JB0500_R0044_C0099,500,44,99,46500.0,-62000.0,47000.0,-61500.0,46750.0,-61750.0,250000,250000.0,1.0,0,103.98112847100283,1.483960818567151
JB0500_R0044_C0100,500,44,100,47000.0,-62000.0,47500.0,-61500.0,47250.0,-61750.0,250000,250000.0,1.0,0,103.98562154411312,1.4839596833175874
JB0500_R0044_C0101,500,44,101,47500.0,-62000.0,48000.0,-61500.0,47750.0,-61750.0,250000,250000.0,1.0,0,103.99011461721881,1.483958538885018
JB0500_R0044_C0102,500,44,102,48000.0,-62000.0,48500.0,-61500.0,48250.0,-61750.0,250000,250000.0,1.0,0,103.99460769031985,1.4839573852694496
JB0500_R0044_C0103,500,44,103,48500.0,-62000.0,49000.0,-61500.0,48750.0,-61750.0,250000,250000.0,1.0,0,103.99910076341622,1.4839562224708895
JB0500_R0044_C0104,500,44,104,49000.0,-62000.0,49500.0,-61500.0,49250.0,-61750.0,250000,250000.0,1.0,0,104.00359383650787,1.4839550504893446
JB0500_R0044_C0105,500,44,105,49500.0,-62000.0,50000.0,-61500.0,49750.0,-61750.0,250000,250000.0,1.0,0,104.0080869095948,1.4839538693248226
JB0500_R0044_C0106,500,44,106,50000.0,-62000.0,50500.0,-61500.0,50250.0,-61750.0,250000,250000.0,1.0,0,104.01257998267693,1.48395267897733
JB0500_R0044_C0107,500,44,107,50500.0,-62000.0,51000.0,-61500.0,50750.0,-61750.0,250000,250000.0,1.0,0,104.01707305575422,1.4839514794468749
JB0500_R0044_C0108,500,44,108,51000.0,-62000.0,51500.0,-61500.0,51250.0,-61750.0,250000,250000.0,1.0,0,104.02156612882668,1.4839502707334642
JB0500_R0044_C0109,500,44,109,51500.0,-62000.0,52000.0,-61500.0,51750.0,-61750.0,250000,69418.59818000496,0.27767439272001987,1,104.02605920189423,1.4839490528371053
JB0500_R0045_C0009,500,45,9,1500.0,-61500.0,2000.0,-61000.0,1750.0,-61250.0,250000,28602.405381350014,0.11440962152540006,1,103.57675217958545,1.4885471873812135
JB0500_R0045_C0010,500,45,10,2000.0,-61500.0,2500.0,-61000.0,2250.0,-61250.0,250000,232894.88001661745,0.9315795200664698,1,103.58124526209684,1.4885468776827597
JB0500_R0045_C0011,500,45,11,2500.0,-61500.0,3000.0,-61000.0,2750.0,-61250.0,250000,250000.0,1.0,0,103.58573834460697,1.4885465587729032
JB0500_R0045_C0012,500,45,12,3000.0,-61500.0,3500.0,-61000.0,3250.0,-61250.0,250000,250000.0,1.0,0,103.59023142711578,1.4885462306516466
JB0500_R0045_C0013,500,45,13,3500.0,-61500.0,4000.0,-61000.0,3750.0,-61250.0,250000,250000.0,1.0,0,103.59472450962325,1.4885458933189915
JB0500_R0045_C0014,500,45,14,4000.0,-61500.0,4500.0,-61000.0,4250.0,-61250.0,250000,250000.0,1.0,0,103.59921759212932,1.48854554677494
JB0500_R0045_C0015,500,45,15,4500.0,-61500.0,5000.0,-61000.0,4750.0,-61250.0,250000,250000.0,1.0,0,103.60371067463399,1.4885451910194942
JB0500_R0045_C0016,500,45,16,5000.0,-61500.0,5500.0,-61000.0,5250.0,-61250.0,250000,250000.0,1.0,0,103.6082037571372,1.4885448260526566
JB0500_R0045_C0017,500,45,17,5500.0,-61500.0,6000.0,-61000.0,5750.0,-61250.0,250000,250000.0,1.0,0,103.6126968396389,1.4885444518744289
JB0500_R0045_C0018,500,45,18,6000.0,-61500.0,6500.0,-61000.0,6250.0,-61250.0,250000,250000.0,1.0,0,103.61718992213906,1.488544068484814
JB0500_R0045_C0019,500,45,19,6500.0,-61500.0,7000.0,-61000.0,6750.0,-61250.0,250000,250000.0,1.0,0,103.62168300463767,1.4885436758838138
JB0500_R0045_C0020,500,45,20,7000.0,-61500.0,7500.0,-61000.0,7250.0,-61250.0,250000,250000.0,1.0,0,103.62617608713467,1.4885432740714308
JB0500_R0045_C0021,500,45,21,7500.0,-61500.0,8000.0,-61000.0,7750.0,-61250.0,250000,250000.0,1.0,0,103.63066916963001,1.4885428630476678
JB0500_R0045_C0022,500,45,22,8000.0,-61500.0,8500.0,-61000.0,8250.0,-61250.0,250000,250000.0,1.0,0,103.63516225212368,1.4885424428125271
JB0500_R0045_C0023,500,45,23,8500.0,-61500.0,9000.0,-61000.0,8750.0,-61250.0,250000,250000.0,1.0,0,103.63965533461563,1.488542013366011
JB0500_R0045_C0024,500,45,24,9000.0,-61500.0,9500.0,-61000.0,9250.0,-61250.0,250000,250000.0,1.0,0,103.64414841710581,1.4885415747081228
JB0500_R0045_C0025,500,45,25,9500.0,-61500.0,10000.0,-61000.0,9750.0,-61250.0,250000,250000.0,1.0,0,103.6486414995942,1.4885411268388646
JB0500_R0045_C0026,500,45,26,10000.0,-61500.0,10500.0,-61000.0,10250.0,-61250.0,250000,250000.0,1.0,0,103.65313458208077,1.4885406697582395
JB0500_R0045_C0027,500,45,27,10500.0,-61500.0,11000.0,-61000.0,10750.0,-61250.0,250000,250000.0,1.0,0,103.65762766456545,1.4885402034662503
JB0500_R0045_C0028,500,45,28,11000.0,-61500.0,11500.0,-61000.0,11250.0,-61250.0,250000,250000.0,1.0,0,103.66212074704825,1.4885397279628996
JB0500_R0045_C0029,500,45,29,11500.0,-61500.0,12000.0,-61000.0,11750.0,-61250.0,250000,250000.0,1.0,0,103.66661382952908,1.4885392432481905
JB0500_R0045_C0030,500,45,30,12000.0,-61500.0,12500.0,-61000.0,12250.0,-61250.0,250000,250000.0,1.0,0,103.67110691200794,1.4885387493221263
JB0500_R0045_C0031,500,45,31,12500.0,-61500.0,13000.0,-61000.0,12750.0,-61250.0,250000,250000.0,1.0,0,103.6755999944848,1.4885382461847094
JB0500_R0045_C0032,500,45,32,13000.0,-61500.0,13500.0,-61000.0,13250.0,-61250.0,250000,250000.0,1.0,0,103.6800930769596,1.4885377338359433
JB0500_R0045_C0033,500,45,33,13500.0,-61500.0,14000.0,-61000.0,13750.0,-61250.0,250000,250000.0,1.0,0,103.68458615943229,1.4885372122758311
JB0500_R0045_C0034,500,45,34,14000.0,-61500.0,14500.0,-61000.0,14250.0,-61250.0,250000,250000.0,1.0,0,103.68907924190285,1.4885366815043761
JB0500_R0045_C0035,500,45,35,14500.0,-61500.0,15000.0,-61000.0,14750.0,-61250.0,250000,250000.0,1.0,0,103.69357232437123,1.4885361415215814
JB0500_R0045_C0036,500,45,36,15000.0,-61500.0,15500.0,-61000.0,15250.0,-61250.0,250000,250000.0,1.0,0,103.69806540683744,1.4885355923274506
JB0500_R0045_C0037,500,45,37,15500.0,-61500.0,16000.0,-61000.0,15750.0,-61250.0,250000,250000.0,1.0,0,103.7025584893014,1.4885350339219865
JB0500_R0045_C0038,500,45,38,16000.0,-61500.0,16500.0,-61000.0,16250.0,-61250.0,250000,250000.0,1.0,0,103.70705157176306,1.4885344663051931
JB0500_R0045_C0039,500,45,39,16500.0,-61500.0,17000.0,-61000.0,16750.0,-61250.0,250000,250000.0,1.0,0,103.71154465422241,1.4885338894770737
JB0500_R0045_C0040,500,45,40,17000.0,-61500.0,17500.0,-61000.0,17250.0,-61250.0,250000,250000.0,1.0,0,103.71603773667941,1.4885333034376318
JB0500_R0045_C0041,500,45,41,17500.0,-61500.0,18000.0,-61000.0,17750.0,-61250.0,250000,250000.0,1.0,0,103.72053081913403,1.4885327081868713
JB0500_R0045_C0042,500,45,42,18000.0,-61500.0,18500.0,-61000.0,18250.0,-61250.0,250000,250000.0,1.0,0,103.72502390158621,1.4885321037247954
JB0500_R0045_C0043,500,45,43,18500.0,-61500.0,19000.0,-61000.0,18750.0,-61250.0,250000,250000.0,1.0,0,103.72951698403593,1.488531490051408
JB0500_R0045_C0044,500,45,44,19000.0,-61500.0,19500.0,-61000.0,19250.0,-61250.0,250000,250000.0,1.0,0,103.73401006648315,1.4885308671667132
JB0500_R0045_C0045,500,45,45,19500.0,-61500.0,20000.0,-61000.0,19750.0,-61250.0,250000,250000.0,1.0,0,103.73850314892782,1.4885302350707144
JB0500_R0045_C0046,500,45,46,20000.0,-61500.0,20500.0,-61000.0,20250.0,-61250.0,250000,250000.0,1.0,0,103.7429962313699,1.4885295937634155
JB0500_R0045_C0047,500,45,47,20500.0,-61500.0,21000.0,-61000.0,20750.0,-61250.0,250000,250000.0,1.0,0,103.7474893138094,1.488528943244821
JB0500_R0045_C0048,500,45,48,21000.0,-61500.0,21500.0,-61000.0,21250.0,-61250.0,250000,250000.0,1.0,0,103.75198239624622,1.4885282835149343
JB0500_R0045_C0049,500,45,49,21500.0,-61500.0,22000.0,-61000.0,21750.0,-61250.0,250000,250000.0,1.0,0,103.75647547868036,1.4885276145737596
JB0500_R0045_C0050,500,45,50,22000.0,-61500.0,22500.0,-61000.0,22250.0,-61250.0,250000,250000.0,1.0,0,103.76096856111177,1.4885269364213014
JB0500_R0045_C0051,500,45,51,22500.0,-61500.0,23000.0,-61000.0,22750.0,-61250.0,250000,250000.0,1.0,0,103.76546164354043,1.4885262490575635
JB0500_R0045_C0052,500,45,52,23000.0,-61500.0,23500.0,-61000.0,23250.0,-61250.0,250000,250000.0,1.0,0,103.76995472596627,1.48852555248255
JB0500_R0045_C0053,500,45,53,23500.0,-61500.0,24000.0,-61000.0,23750.0,-61250.0,250000,250000.0,1.0,0,103.77444780838928,1.4885248466962655
JB0500_R0045_C0054,500,45,54,24000.0,-61500.0,24500.0,-61000.0,24250.0,-61250.0,250000,250000.0,1.0,0,103.77894089080941,1.4885241316987141
JB0500_R0045_C0055,500,45,55,24500.0,-61500.0,25000.0,-61000.0,24750.0,-61250.0,250000,250000.0,1.0,0,103.78343397322664,1.4885234074899008
JB0500_R0045_C0056,500,45,56,25000.0,-61500.0,25500.0,-61000.0,25250.0,-61250.0,250000,250000.0,1.0,0,103.7879270556409,1.4885226740698292
JB0500_R0045_C0057,500,45,57,25500.0,-61500.0,26000.0,-61000.0,25750.0,-61250.0,250000,250000.0,1.0,0,103.7924201380522,1.4885219314385043
JB0500_R0045_C0058,500,45,58,26000.0,-61500.0,26500.0,-61000.0,26250.0,-61250.0,250000,250000.0,1.0,0,103.79691322046044,1.4885211795959306
JB0500_R0045_C0059,500,45,59,26500.0,-61500.0,27000.0,-61000.0,26750.0,-61250.0,250000,250000.0,1.0,0,103.80140630286564,1.4885204185421128
JB0500_R0045_C0060,500,45,60,27000.0,-61500.0,27500.0,-61000.0,27250.0,-61250.0,250000,250000.0,1.0,0,103.80589938526774,1.4885196482770553
JB0500_R0045_C0061,500,45,61,27500.0,-61500.0,28000.0,-61000.0,27750.0,-61250.0,250000,250000.0,1.0,0,103.81039246766669,1.4885188688007633
JB0500_R0045_C0062,500,45,62,28000.0,-61500.0,28500.0,-61000.0,28250.0,-61250.0,250000,250000.0,1.0,0,103.81488555006247,1.4885180801132412
JB0500_R0045_C0063,500,45,63,28500.0,-61500.0,29000.0,-61000.0,28750.0,-61250.0,250000,250000.0,1.0,0,103.81937863245506,1.4885172822144943
JB0500_R0045_C0064,500,45,64,29000.0,-61500.0,29500.0,-61000.0,29250.0,-61250.0,250000,250000.0,1.0,0,103.82387171484437,1.488516475104527
JB0500_R0045_C0065,500,45,65,29500.0,-61500.0,30000.0,-61000.0,29750.0,-61250.0,250000,250000.0,1.0,0,103.82836479723042,1.4885156587833446
JB0500_R0045_C0066,500,45,66,30000.0,-61500.0,30500.0,-61000.0,30250.0,-61250.0,250000,250000.0,1.0,0,103.83285787961313,1.488514833250952
JB0500_R0045_C0067,500,45,67,30500.0,-61500.0,31000.0,-61000.0,30750.0,-61250.0,250000,250000.0,1.0,0,103.83735096199248,1.488513998507354
JB0500_R0045_C0068,500,45,68,31000.0,-61500.0,31500.0,-61000.0,31250.0,-61250.0,250000,250000.0,1.0,0,103.84184404436844,1.4885131545525565
JB0500_R0045_C0069,500,45,69,31500.0,-61500.0,32000.0,-61000.0,31750.0,-61250.0,250000,250000.0,1.0,0,103.84633712674095,1.488512301386564
JB0500_R0045_C0070,500,45,70,32000.0,-61500.0,32500.0,-61000.0,32250.0,-61250.0,250000,250000.0,1.0,0,103.85083020911001,1.488511439009382
JB0500_R0045_C0071,500,45,71,32500.0,-61500.0,33000.0,-61000.0,32750.0,-61250.0,250000,250000.0,1.0,0,103.85532329147554,1.488510567421016
JB0500_R0045_C0072,500,45,72,33000.0,-61500.0,33500.0,-61000.0,33250.0,-61250.0,250000,250000.0,1.0,0,103.85981637383753,1.488509686621471
JB0500_R0045_C0073,500,45,73,33500.0,-61500.0,34000.0,-61000.0,33750.0,-61250.0,250000,250000.0,1.0,0,103.86430945619594,1.4885087966107526
JB0500_R0045_C0074,500,45,74,34000.0,-61500.0,34500.0,-61000.0,34250.0,-61250.0,250000,250000.0,1.0,0,103.86880253855074,1.4885078973888664
JB0500_R0045_C0075,500,45,75,34500.0,-61500.0,35000.0,-61000.0,34750.0,-61250.0,250000,250000.0,1.0,0,103.87329562090186,1.4885069889558176
JB0500_R0045_C0076,500,45,76,35000.0,-61500.0,35500.0,-61000.0,35250.0,-61250.0,250000,250000.0,1.0,0,103.87778870324928,1.4885060713116123
JB0500_R0045_C0077,500,45,77,35500.0,-61500.0,36000.0,-61000.0,35750.0,-61250.0,250000,250000.0,1.0,0,103.88228178559298,1.4885051444562558
JB0500_R0045_C0078,500,45,78,36000.0,-61500.0,36500.0,-61000.0,36250.0,-61250.0,250000,250000.0,1.0,0,103.88677486793293,1.4885042083897537
JB0500_R0045_C0079,500,45,79,36500.0,-61500.0,37000.0,-61000.0,36750.0,-61250.0,250000,250000.0,1.0,0,103.89126795026904,1.488503263112112
JB0500_R0045_C0080,500,45,80,37000.0,-61500.0,37500.0,-61000.0,37250.0,-61250.0,250000,250000.0,1.0,0,103.8957610326013,1.4885023086233364
JB0500_R0045_C0081,500,45,81,37500.0,-61500.0,38000.0,-61000.0,37750.0,-61250.0,250000,250000.0,1.0,0,103.9002541149297,1.488501344923433
JB0500_R0045_C0082,500,45,82,38000.0,-61500.0,38500.0,-61000.0,38250.0,-61250.0,250000,250000.0,1.0,0,103.90474719725418,1.4885003720124075
JB0500_R0045_C0083,500,45,83,38500.0,-61500.0,39000.0,-61000.0,38750.0,-61250.0,250000,250000.0,1.0,0,103.90924027957469,1.4884993898902659
JB0500_R0045_C0084,500,45,84,39000.0,-61500.0,39500.0,-61000.0,39250.0,-61250.0,250000,250000.0,1.0,0,103.9137333618912,1.4884983985570144
JB0500_R0045_C0085,500,45,85,39500.0,-61500.0,40000.0,-61000.0,39750.0,-61250.0,250000,250000.0,1.0,0,103.9182264442037,1.488497398012659
JB0500_R0045_C0086,500,45,86,40000.0,-61500.0,40500.0,-61000.0,40250.0,-61250.0,250000,250000.0,1.0,0,103.92271952651211,1.4884963882572058
JB0500_R0045_C0087,500,45,87,40500.0,-61500.0,41000.0,-61000.0,40750.0,-61250.0,250000,250000.0,1.0,0,103.92721260881643,1.488495369290661
JB0500_R0045_C0088,500,45,88,41000.0,-61500.0,41500.0,-61000.0,41250.0,-61250.0,250000,250000.0,1.0,0,103.93170569111659,1.4884943411130311
JB0500_R0045_C0089,500,45,89,41500.0,-61500.0,42000.0,-61000.0,41750.0,-61250.0,250000,250000.0,1.0,0,103.93619877341258,1.4884933037243224
JB0500_R0045_C0090,500,45,90,42000.0,-61500.0,42500.0,-61000.0,42250.0,-61250.0,250000,250000.0,1.0,0,103.94069185570436,1.488492257124541
JB0500_R0045_C0091,500,45,91,42500.0,-61500.0,43000.0,-61000.0,42750.0,-61250.0,250000,250000.0,1.0,0,103.94518493799185,1.4884912013136937
JB0500_R0045_C0092,500,45,92,43000.0,-61500.0,43500.0,-61000.0,43250.0,-61250.0,250000,250000.0,1.0,0,103.94967802027507,1.4884901362917866
JB0500_R0045_C0093,500,45,93,43500.0,-61500.0,44000.0,-61000.0,43750.0,-61250.0,250000,250000.0,1.0,0,103.95417110255397,1.4884890620588267
JB0500_R0045_C0094,500,45,94,44000.0,-61500.0,44500.0,-61000.0,44250.0,-61250.0,250000,250000.0,1.0,0,103.9586641848285,1.4884879786148204
JB0500_R0045_C0095,500,45,95,44500.0,-61500.0,45000.0,-61000.0,44750.0,-61250.0,250000,250000.0,1.0,0,103.96315726709862,1.4884868859597742
JB0500_R0045_C0096,500,45,96,45000.0,-61500.0,45500.0,-61000.0,45250.0,-61250.0,250000,250000.0,1.0,0,103.96765034936429,1.4884857840936951
JB0500_R0045_C0097,500,45,97,45500.0,-61500.0,46000.0,-61000.0,45750.0,-61250.0,250000,250000.0,1.0,0,103.97214343162548,1.48848467301659
JB0500_R0045_C0098,500,45,98,46000.0,-61500.0,46500.0,-61000.0,46250.0,-61250.0,250000,250000.0,1.0,0,103.97663651388218,1.4884835527284652
JB0500_R0045_C0099,500,45,99,46500.0,-61500.0,47000.0,-61000.0,46750.0,-61250.0,250000,250000.0,1.0,0,103.98112959613431,1.488482423229328
JB0500_R0045_C0100,500,45,100,47000.0,-61500.0,47500.0,-61000.0,47250.0,-61250.0,250000,250000.0,1.0,0,103.98562267838184,1.4884812845191855
JB0500_R0045_C0101,500,45,101,47500.0,-61500.0,48000.0,-61000.0,47750.0,-61250.0,250000,250000.0,1.0,0,103.99011576062476,1.4884801365980442
JB0500_R0045_C0102,500,45,102,48000.0,-61500.0,48500.0,-61000.0,48250.0,-61250.0,250000,250000.0,1.0,0,103.99460884286299,1.4884789794659115
JB0500_R0045_C0103,500,45,103,48500.0,-61500.0,49000.0,-61000.0,48750.0,-61250.0,250000,250000.0,1.0,0,103.99910192509653,1.4884778131227947
JB0500_R0045_C0104,500,45,104,49000.0,-61500.0,49500.0,-61000.0,49250.0,-61250.0,250000,250000.0,1.0,0,104.00359500732533,1.4884766375687009
JB0500_R0045_C0105,500,45,105,49500.0,-61500.0,50000.0,-61000.0,49750.0,-61250.0,250000,250000.0,1.0,0,104.00808808954936,1.4884754528036368
JB0500_R0045_C0106,500,45,106,50000.0,-61500.0,50500.0,-61000.0,50250.0,-61250.0,250000,250000.0,1.0,0,104.01258117176857,1.4884742588276103
JB0500_R0045_C0107,500,45,107,50500.0,-61500.0,51000.0,-61000.0,50750.0,-61250.0,250000,250000.0,1.0,0,104.01707425398293,1.4884730556406287
JB0500_R0045_C0108,500,45,108,51000.0,-61500.0,51500.0,-61000.0,51250.0,-61250.0,250000,250000.0,1.0,0,104.02156733619239,1.488471843242699
JB0500_R0045_C0109,500,45,109,51500.0,-61500.0,52000.0,-61000.0,51750.0,-61250.0,250000,38162.85030210565,0.1526514012084226,1,104.02606041839692,1.4884706216338293
JB0500_R0046_C0009,500,46,9,1500.0,-61000.0,2000.0,-60500.0,1750.0,-60750.0,250000,211446.36759723685,0.8457854703889474,1,103.5767524831994,1.4930689886777009
JB0500_R0046_C0010,500,46,10,2000.0,-61000.0,2500.0,-60500.0,2250.0,-60750.0,250000,250000.0,1.0,0,103.58124557487749,1.4930686780380589
JB0500_R0046_C0011,500,46,11,2500.0,-61000.0,3000.0,-60500.0,2750.0,-60750.0,250000,250000.0,1.0,0,103.58573866655429,1.493068358159021
JB0500_R0046_C0012,500,46,12,3000.0,-61000.0,3500.0,-60500.0,3250.0,-60750.0,250000,250000.0,1.0,0,103.59023175822978,1.4930680290405884
JB0500_R0046_C0013,500,46,13,3500.0,-61000.0,4000.0,-60500.0,3750.0,-60750.0,250000,250000.0,1.0,0,103.59472484990391,1.4930676906827638
JB0500_R0046_C0014,500,46,14,4000.0,-61000.0,4500.0,-60500.0,4250.0,-60750.0,250000,250000.0,1.0,0,103.59921794157665,1.4930673430855488
JB0500_R0046_C0015,500,46,15,4500.0,-61000.0,5000.0,-60500.0,4750.0,-60750.0,250000,250000.0,1.0,0,103.60371103324796,1.4930669862489458
JB0500_R0046_C0016,500,46,16,5000.0,-61000.0,5500.0,-60500.0,5250.0,-60750.0,250000,250000.0,1.0,0,103.6082041249178,1.4930666201729568
JB0500_R0046_C0017,500,46,17,5500.0,-61000.0,6000.0,-60500.0,5750.0,-60750.0,250000,250000.0,1.0,0,103.61269721658614,1.4930662448575844
JB0500_R0046_C0018,500,46,18,6000.0,-61000.0,6500.0,-60500.0,6250.0,-60750.0,250000,250000.0,1.0,0,103.61719030825293,1.4930658603028304
JB0500_R0046_C0019,500,46,19,6500.0,-61000.0,7000.0,-60500.0,6750.0,-60750.0,250000,250000.0,1.0,0,103.62168339991814,1.4930654665086978
JB0500_R0046_C0020,500,46,20,7000.0,-61000.0,7500.0,-60500.0,7250.0,-60750.0,250000,250000.0,1.0,0,103.62617649158173,1.4930650634751883
JB0500_R0046_C0021,500,46,21,7500.0,-61000.0,8000.0,-60500.0,7750.0,-60750.0,250000,250000.0,1.0,0,103.63066958324369,1.4930646512023051
JB0500_R0046_C0022,500,46,22,8000.0,-61000.0,8500.0,-60500.0,8250.0,-60750.0,250000,250000.0,1.0,0,103.63516267490392,1.4930642296900503
JB0500_R0046_C0023,500,46,23,8500.0,-61000.0,9000.0,-60500.0,8750.0,-60750.0,250000,250000.0,1.0,0,103.63965576656244,1.4930637989384266
JB0500_R0046_C0024,500,46,24,9000.0,-61000.0,9500.0,-60500.0,9250.0,-60750.0,250000,250000.0,1.0,0,103.6441488582192,1.4930633589474367
JB0500_R0046_C0025,500,46,25,9500.0,-61000.0,10000.0,-60500.0,9750.0,-60750.0,250000,250000.0,1.0,0,103.64864194987415,1.493062909717083
JB0500_R0046_C0026,500,46,26,10000.0,-61000.0,10500.0,-60500.0,10250.0,-60750.0,250000,250000.0,1.0,0,103.65313504152724,1.4930624512473687
JB0500_R0046_C0027,500,46,27,10500.0,-61000.0,11000.0,-60500.0,10750.0,-60750.0,250000,250000.0,1.0,0,103.65762813317846,1.4930619835382966
JB0500_R0046_C0028,500,46,28,11000.0,-61000.0,11500.0,-60500.0,11250.0,-60750.0,250000,250000.0,1.0,0,103.66212122482776,1.4930615065898691
JB0500_R0046_C0029,500,46,29,11500.0,-61000.0,12000.0,-60500.0,11750.0,-60750.0,250000,250000.0,1.0,0,103.6666143164751,1.4930610204020895
JB0500_R0046_C0030,500,46,30,12000.0,-61000.0,12500.0,-60500.0,12250.0,-60750.0,250000,250000.0,1.0,0,103.67110740812046,1.4930605249749611
JB0500_R0046_C0031,500,46,31,12500.0,-61000.0,13000.0,-60500.0,12750.0,-60750.0,250000,250000.0,1.0,0,103.67560049976379,1.4930600203084863
JB0500_R0046_C0032,500,46,32,13000.0,-61000.0,13500.0,-60500.0,13250.0,-60750.0,250000,250000.0,1.0,0,103.68009359140504,1.4930595064026686
JB0500_R0046_C0033,500,46,33,13500.0,-61000.0,14000.0,-60500.0,13750.0,-60750.0,250000,250000.0,1.0,0,103.68458668304419,1.4930589832575112
JB0500_R0046_C0034,500,46,34,14000.0,-61000.0,14500.0,-60500.0,14250.0,-60750.0,250000,250000.0,1.0,0,103.6890797746812,1.493058450873017
JB0500_R0046_C0035,500,46,35,14500.0,-61000.0,15000.0,-60500.0,14750.0,-60750.0,250000,250000.0,1.0,0,103.69357286631603,1.4930579092491898
JB0500_R0046_C0036,500,46,36,15000.0,-61000.0,15500.0,-60500.0,15250.0,-60750.0,250000,250000.0,1.0,0,103.69806595794863,1.4930573583860323
JB0500_R0046_C0037,500,46,37,15500.0,-61000.0,16000.0,-60500.0,15750.0,-60750.0,250000,250000.0,1.0,0,103.70255904957898,1.4930567982835483
JB0500_R0046_C0038,500,46,38,16000.0,-61000.0,16500.0,-60500.0,16250.0,-60750.0,250000,250000.0,1.0,0,103.70705214120704,1.493056228941741
JB0500_R0046_C0039,500,46,39,16500.0,-61000.0,17000.0,-60500.0,16750.0,-60750.0,250000,250000.0,1.0,0,103.71154523283278,1.4930556503606145
JB0500_R0046_C0040,500,46,40,17000.0,-61000.0,17500.0,-60500.0,17250.0,-60750.0,250000,250000.0,1.0,0,103.71603832445614,1.4930550625401715
JB0500_R0046_C0041,500,46,41,17500.0,-61000.0,18000.0,-60500.0,17750.0,-60750.0,250000,250000.0,1.0,0,103.72053141607708,1.4930544654804163
JB0500_R0046_C0042,500,46,42,18000.0,-61000.0,18500.0,-60500.0,18250.0,-60750.0,250000,250000.0,1.0,0,103.7250245076956,1.4930538591813522
JB0500_R0046_C0043,500,46,43,18500.0,-61000.0,19000.0,-60500.0,18750.0,-60750.0,250000,250000.0,1.0,0,103.72951759931163,1.493053243642983
JB0500_R0046_C0044,500,46,44,19000.0,-61000.0,19500.0,-60500.0,19250.0,-60750.0,250000,250000.0,1.0,0,103.73401069092513,1.4930526188653128
JB0500_R0046_C0045,500,46,45,19500.0,-61000.0,20000.0,-60500.0,19750.0,-60750.0,250000,250000.0,1.0,0,103.7385037825361,1.4930519848483452
JB0500_R0046_C0046,500,46,46,20000.0,-61000.0,20500.0,-60500.0,20250.0,-60750.0,250000,250000.0,1.0,0,103.74299687414447,1.4930513415920839
JB0500_R0046_C0047,500,46,47,20500.0,-61000.0,21000.0,-60500.0,20750.0,-60750.0,250000,250000.0,1.0,0,103.74748996575019,1.493050689096533
JB0500_R0046_C0048,500,46,48,21000.0,-61000.0,21500.0,-60500.0,21250.0,-60750.0,250000,250000.0,1.0,0,103.75198305735326,1.4930500273616967
JB0500_R0046_C0049,500,46,49,21500.0,-61000.0,22000.0,-60500.0,21750.0,-60750.0,250000,250000.0,1.0,0,103.75647614895362,1.493049356387579
JB0500_R0046_C0050,500,46,50,22000.0,-61000.0,22500.0,-60500.0,22250.0,-60750.0,250000,250000.0,1.0,0,103.76096924055123,1.493048676174184
JB0500_R0046_C0051,500,46,51,22500.0,-61000.0,23000.0,-60500.0,22750.0,-60750.0,250000,250000.0,1.0,0,103.76546233214609,1.4930479867215156
JB0500_R0046_C0052,500,46,52,23000.0,-61000.0,23500.0,-60500.0,23250.0,-60750.0,250000,250000.0,1.0,0,103.7699554237381,1.4930472880295784
JB0500_R0046_C0053,500,46,53,23500.0,-61000.0,24000.0,-60500.0,23750.0,-60750.0,250000,250000.0,1.0,0,103.77444851532725,1.493046580098377
JB0500_R0046_C0054,500,46,54,24000.0,-61000.0,24500.0,-60500.0,24250.0,-60750.0,250000,250000.0,1.0,0,103.77894160691352,1.493045862927915
JB0500_R0046_C0055,500,46,55,24500.0,-61000.0,25000.0,-60500.0,24750.0,-60750.0,250000,250000.0,1.0,0,103.78343469849685,1.4930451365181974
JB0500_R0046_C0056,500,46,56,25000.0,-61000.0,25500.0,-60500.0,25250.0,-60750.0,250000,250000.0,1.0,0,103.78792779007723,1.4930444008692283
JB0500_R0046_C0057,500,46,57,25500.0,-61000.0,26000.0,-60500.0,25750.0,-60750.0,250000,250000.0,1.0,0,103.79242088165459,1.4930436559810125
JB0500_R0046_C0058,500,46,58,26000.0,-61000.0,26500.0,-60500.0,26250.0,-60750.0,250000,250000.0,1.0,0,103.79691397322891,1.4930429018535545
JB0500_R0046_C0059,500,46,59,26500.0,-61000.0,27000.0,-60500.0,26750.0,-60750.0,250000,250000.0,1.0,0,103.80140706480015,1.4930421384868588
JB0500_R0046_C0060,500,46,60,27000.0,-61000.0,27500.0,-60500.0,27250.0,-60750.0,250000,250000.0,1.0,0,103.80590015636825,1.4930413658809303
JB0500_R0046_C0061,500,46,61,27500.0,-61000.0,28000.0,-60500.0,27750.0,-60750.0,250000,250000.0,1.0,0,103.81039324793322,1.4930405840357739
JB0500_R0046_C0062,500,46,62,28000.0,-61000.0,28500.0,-60500.0,28250.0,-60750.0,250000,250000.0,1.0,0,103.814886339495,1.493039792951394
JB0500_R0046_C0063,500,46,63,28500.0,-61000.0,29000.0,-60500.0,28750.0,-60750.0,250000,250000.0,1.0,0,103.81937943105353,1.4930389926277958
JB0500_R0046_C0064,500,46,64,29000.0,-61000.0,29500.0,-60500.0,29250.0,-60750.0,250000,250000.0,1.0,0,103.82387252260881,1.493038183064984
JB0500_R0046_C0065,500,46,65,29500.0,-61000.0,30000.0,-60500.0,29750.0,-60750.0,250000,250000.0,1.0,0,103.82836561416077,1.4930373642629635
JB0500_R0046_C0066,500,46,66,30000.0,-61000.0,30500.0,-60500.0,30250.0,-60750.0,250000,250000.0,1.0,0,103.8328587057094,1.49303653622174
JB0500_R0046_C0067,500,46,67,30500.0,-61000.0,31000.0,-60500.0,30750.0,-60750.0,250000,250000.0,1.0,0,103.83735179725463,1.4930356989413178
JB0500_R0046_C0068,500,46,68,31000.0,-61000.0,31500.0,-60500.0,31250.0,-60750.0,250000,250000.0,1.0,0,103.84184488879646,1.4930348524217025
JB0500_R0046_C0069,500,46,69,31500.0,-61000.0,32000.0,-60500.0,31750.0,-60750.0,250000,250000.0,1.0,0,103.84633798033482,1.4930339966628992
JB0500_R0046_C0070,500,46,70,32000.0,-61000.0,32500.0,-60500.0,32250.0,-60750.0,250000,250000.0,1.0,0,103.85083107186969,1.493033131664913
JB0500_R0046_C0071,500,46,71,32500.0,-61000.0,33000.0,-60500.0,32750.0,-60750.0,250000,250000.0,1.0,0,103.85532416340104,1.4930322574277495
JB0500_R0046_C0072,500,46,72,33000.0,-61000.0,33500.0,-60500.0,33250.0,-60750.0,250000,250000.0,1.0,0,103.8598172549288,1.493031373951414
JB0500_R0046_C0073,500,46,73,33500.0,-61000.0,34000.0,-60500.0,33750.0,-60750.0,250000,250000.0,1.0,0,103.86431034645297,1.4930304812359119
JB0500_R0046_C0074,500,46,74,34000.0,-61000.0,34500.0,-60500.0,34250.0,-60750.0,250000,250000.0,1.0,0,103.86880343797348,1.493029579281249
JB0500_R0046_C0075,500,46,75,34500.0,-61000.0,35000.0,-60500.0,34750.0,-60750.0,250000,250000.0,1.0,0,103.87329652949035,1.4930286680874303
JB0500_R0046_C0076,500,46,76,35000.0,-61000.0,35500.0,-60500.0,35250.0,-60750.0,250000,250000.0,1.0,0,103.87778962100346,1.4930277476544616
JB0500_R0046_C0077,500,46,77,35500.0,-61000.0,36000.0,-60500.0,35750.0,-60750.0,250000,250000.0,1.0,0,103.88228271251283,1.4930268179823487
JB0500_R0046_C0078,500,46,78,36000.0,-61000.0,36500.0,-60500.0,36250.0,-60750.0,250000,250000.0,1.0,0,103.8867758040184,1.4930258790710973
JB0500_R0046_C0079,500,46,79,36500.0,-61000.0,37000.0,-60500.0,36750.0,-60750.0,250000,250000.0,1.0,0,103.89126889552013,1.4930249309207133
JB0500_R0046_C0080,500,46,80,37000.0,-61000.0,37500.0,-60500.0,37250.0,-60750.0,250000,250000.0,1.0,0,103.895761987018,1.4930239735312023
JB0500_R0046_C0081,500,46,81,37500.0,-61000.0,38000.0,-60500.0,37750.0,-60750.0,250000,250000.0,1.0,0,103.90025507851199,1.49302300690257
JB0500_R0046_C0082,500,46,82,38000.0,-61000.0,38500.0,-60500.0,38250.0,-60750.0,250000,250000.0,1.0,0,103.90474817000201,1.4930220310348232
JB0500_R0046_C0083,500,46,83,38500.0,-61000.0,39000.0,-60500.0,38750.0,-60750.0,250000,250000.0,1.0,0,103.90924126148805,1.493021045927967
JB0500_R0046_C0084,500,46,84,39000.0,-61000.0,39500.0,-60500.0,39250.0,-60750.0,250000,250000.0,1.0,0,103.91373435297007,1.493020051582008
JB0500_R0046_C0085,500,46,85,39500.0,-61000.0,40000.0,-60500.0,39750.0,-60750.0,250000,250000.0,1.0,0,103.91822744444802,1.493019047996952
JB0500_R0046_C0086,500,46,86,40000.0,-61000.0,40500.0,-60500.0,40250.0,-60750.0,250000,250000.0,1.0,0,103.9227205359219,1.4930180351728053
JB0500_R0046_C0087,500,46,87,40500.0,-61000.0,41000.0,-60500.0,40750.0,-60750.0,250000,250000.0,1.0,0,103.92721362739165,1.4930170131095744
JB0500_R0046_C0088,500,46,88,41000.0,-61000.0,41500.0,-60500.0,41250.0,-60750.0,250000,250000.0,1.0,0,103.93170671885721,1.493015981807265
JB0500_R0046_C0089,500,46,89,41500.0,-61000.0,42000.0,-60500.0,41750.0,-60750.0,250000,250000.0,1.0,0,103.93619981031858,1.4930149412658842
JB0500_R0046_C0090,500,46,90,42000.0,-61000.0,42500.0,-60500.0,42250.0,-60750.0,250000,250000.0,1.0,0,103.9406929017757,1.4930138914854378
JB0500_R0046_C0091,500,46,91,42500.0,-61000.0,43000.0,-60500.0,42750.0,-60750.0,250000,250000.0,1.0,0,103.94518599322855,1.4930128324659324
JB0500_R0046_C0092,500,46,92,43000.0,-61000.0,43500.0,-60500.0,43250.0,-60750.0,250000,250000.0,1.0,0,103.94967908467706,1.4930117642073746
JB0500_R0046_C0093,500,46,93,43500.0,-61000.0,44000.0,-60500.0,43750.0,-60750.0,250000,250000.0,1.0,0,103.95417217612123,1.4930106867097712
JB0500_R0046_C0094,500,46,94,44000.0,-61000.0,44500.0,-60500.0,44250.0,-60750.0,250000,250000.0,1.0,0,103.958665267561,1.4930095999731283
JB0500_R0046_C0095,500,46,95,44500.0,-61000.0,45000.0,-60500.0,44750.0,-60750.0,250000,250000.0,1.0,0,103.96315835899635,1.4930085039974532
JB0500_R0046_C0096,500,46,96,45000.0,-61000.0,45500.0,-60500.0,45250.0,-60750.0,250000,250000.0,1.0,0,103.96765145042721,1.4930073987827523
JB0500_R0046_C0097,500,46,97,45500.0,-61000.0,46000.0,-60500.0,45750.0,-60750.0,250000,250000.0,1.0,0,103.97214454185358,1.4930062843290322
JB0500_R0046_C0098,500,46,98,46000.0,-61000.0,46500.0,-60500.0,46250.0,-60750.0,250000,250000.0,1.0,0,103.9766376332754,1.4930051606363004
JB0500_R0046_C0099,500,46,99,46500.0,-61000.0,47000.0,-60500.0,46750.0,-60750.0,250000,250000.0,1.0,0,103.98113072469263,1.4930040277045633
JB0500_R0046_C0100,500,46,100,47000.0,-61000.0,47500.0,-60500.0,47250.0,-60750.0,250000,250000.0,1.0,0,103.98562381610526,1.4930028855338278
JB0500_R0046_C0101,500,46,101,47500.0,-61000.0,48000.0,-60500.0,47750.0,-60750.0,250000,250000.0,1.0,0,103.99011690751323,1.4930017341241013
JB0500_R0046_C0102,500,46,102,48000.0,-61000.0,48500.0,-60500.0,48250.0,-60750.0,250000,250000.0,1.0,0,103.99460999891649,1.4930005734753908
JB0500_R0046_C0103,500,46,103,48500.0,-61000.0,49000.0,-60500.0,48750.0,-60750.0,250000,250000.0,1.0,0,103.99910309031505,1.4929994035877034
JB0500_R0046_C0104,500,46,104,49000.0,-61000.0,49500.0,-60500.0,49250.0,-60750.0,250000,250000.0,1.0,0,104.0035961817088,1.4929982244610462
JB0500_R0046_C0105,500,46,105,49500.0,-61000.0,50000.0,-60500.0,49750.0,-60750.0,250000,250000.0,1.0,0,104.00808927309777,1.4929970360954266
JB0500_R0046_C0106,500,46,106,50000.0,-61000.0,50500.0,-60500.0,50250.0,-60750.0,250000,250000.0,1.0,0,104.01258236448189,1.492995838490852
JB0500_R0046_C0107,500,46,107,50500.0,-61000.0,51000.0,-60500.0,50750.0,-60750.0,250000,250000.0,1.0,0,104.01707545586112,1.4929946316473295
JB0500_R0046_C0108,500,46,108,51000.0,-61000.0,51500.0,-60500.0,51250.0,-60750.0,250000,247388.0848523386,0.9895523394093544,1,104.02156854723545,1.4929934155648668
JB0500_R0046_C0109,500,46,109,51500.0,-61000.0,52000.0,-60500.0,51750.0,-60750.0,250000,6399.234965728599,0.025596939862914395,1,104.0260616386048,1.492992190243471
JB0500_R0047_C0009,500,47,9,1500.0,-60500.0,2000.0,-60000.0,1750.0,-60250.0,250000,232888.60812646744,0.9315544325058698,1,103.57675278773529,1.4975907897874474
JB0500_R0047_C0010,500,47,10,2000.0,-60500.0,2500.0,-60000.0,2250.0,-60250.0,250000,250000.0,1.0,0,103.5812458886079,1.4975904782066143
JB0500_R0047_C0011,500,47,11,2500.0,-60500.0,3000.0,-60000.0,2750.0,-60250.0,250000,250000.0,1.0,0,103.58573898947921,1.4975901573583905
JB0500_R0047_C0012,500,47,12,3000.0,-60500.0,3500.0,-60000.0,3250.0,-60250.0,250000,250000.0,1.0,0,103.5902320903492,1.4975898272427783
JB0500_R0047_C0013,500,47,13,3500.0,-60500.0,4000.0,-60000.0,3750.0,-60250.0,250000,250000.0,1.0,0,103.59472519121785,1.4975894878597802
JB0500_R0047_C0014,500,47,14,4000.0,-60500.0,4500.0,-60000.0,4250.0,-60250.0,250000,250000.0,1.0,0,103.59921829208507,1.4975891392093976
JB0500_R0047_C0015,500,47,15,4500.0,-60500.0,5000.0,-60000.0,4750.0,-60250.0,250000,250000.0,1.0,0,103.60371139295087,1.497588781291633
JB0500_R0047_C0016,500,47,16,5000.0,-60500.0,5500.0,-60000.0,5250.0,-60250.0,250000,250000.0,1.0,0,103.6082044938152,1.4975884141064886
JB0500_R0047_C0017,500,47,17,5500.0,-60500.0,6000.0,-60000.0,5750.0,-60250.0,250000,250000.0,1.0,0,103.61269759467798,1.4975880376539668
JB0500_R0047_C0018,500,47,18,6000.0,-60500.0,6500.0,-60000.0,6250.0,-60250.0,250000,250000.0,1.0,0,103.61719069553925,1.4975876519340696
JB0500_R0047_C0019,500,47,19,6500.0,-60500.0,7000.0,-60000.0,6750.0,-60250.0,250000,250000.0,1.0,0,103.6216837963989,1.4975872569467996
JB0500_R0047_C0020,500,47,20,7000.0,-60500.0,7500.0,-60000.0,7250.0,-60250.0,250000,250000.0,1.0,0,103.62617689725693,1.497586852692159
JB0500_R0047_C0021,500,47,21,7500.0,-60500.0,8000.0,-60000.0,7750.0,-60250.0,250000,250000.0,1.0,0,103.6306699981133,1.4975864391701506
JB0500_R0047_C0022,500,47,22,8000.0,-60500.0,8500.0,-60000.0,8250.0,-60250.0,250000,250000.0,1.0,0,103.63516309896796,1.4975860163807768
JB0500_R0047_C0023,500,47,23,8500.0,-60500.0,9000.0,-60000.0,8750.0,-60250.0,250000,250000.0,1.0,0,103.63965619982089,1.49758558432404
JB0500_R0047_C0024,500,47,24,9000.0,-60500.0,9500.0,-60000.0,9250.0,-60250.0,250000,250000.0,1.0,0,103.64414930067203,1.4975851429999432
JB0500_R0047_C0025,500,47,25,9500.0,-60500.0,10000.0,-60000.0,9750.0,-60250.0,250000,250000.0,1.0,0,103.64864240152136,1.497584692408489
JB0500_R0047_C0026,500,47,26,10000.0,-60500.0,10500.0,-60000.0,10250.0,-60250.0,250000,250000.0,1.0,0,103.65313550236884,1.49758423254968
JB0500_R0047_C0027,500,47,27,10500.0,-60500.0,11000.0,-60000.0,10750.0,-60250.0,250000,250000.0,1.0,0,103.6576286032144,1.4975837634235194
JB0500_R0047_C0028,500,47,28,11000.0,-60500.0,11500.0,-60000.0,11250.0,-60250.0,250000,250000.0,1.0,0,103.66212170405807,1.4975832850300095
JB0500_R0047_C0029,500,47,29,11500.0,-60500.0,12000.0,-60000.0,11750.0,-60250.0,250000,250000.0,1.0,0,103.66661480489975,1.497582797369154
JB0500_R0047_C0030,500,47,30,12000.0,-60500.0,12500.0,-60000.0,12250.0,-60250.0,250000,250000.0,1.0,0,103.67110790573943,1.4975823004409552
JB0500_R0047_C0031,500,47,31,12500.0,-60500.0,13000.0,-60000.0,12750.0,-60250.0,250000,250000.0,1.0,0,103.67560100657707,1.4975817942454166
JB0500_R0047_C0032,500,47,32,13000.0,-60500.0,13500.0,-60000.0,13250.0,-60250.0,250000,250000.0,1.0,0,103.68009410741263,1.4975812787825413
JB0500_R0047_C0033,500,47,33,13500.0,-60500.0,14000.0,-60000.0,13750.0,-60250.0,250000,250000.0,1.0,0,103.68458720824606,1.4975807540523323
JB0500_R0047_C0034,500,47,34,14000.0,-60500.0,14500.0,-60000.0,14250.0,-60250.0,250000,250000.0,1.0,0,103.68908030907735,1.497580220054793
JB0500_R0047_C0035,500,47,35,14500.0,-60500.0,15000.0,-60000.0,14750.0,-60250.0,250000,250000.0,1.0,0,103.69357340990643,1.4975796767899263
JB0500_R0047_C0036,500,47,36,15000.0,-60500.0,15500.0,-60000.0,15250.0,-60250.0,250000,250000.0,1.0,0,103.6980665107333,1.497579124257736
JB0500_R0047_C0037,500,47,37,15500.0,-60500.0,16000.0,-60000.0,15750.0,-60250.0,250000,250000.0,1.0,0,103.70255961155789,1.4975785624582254
JB0500_R0047_C0038,500,47,38,16000.0,-60500.0,16500.0,-60000.0,16250.0,-60250.0,250000,250000.0,1.0,0,103.70705271238016,1.4975779913913978
JB0500_R0047_C0039,500,47,39,16500.0,-60500.0,17000.0,-60000.0,16750.0,-60250.0,250000,250000.0,1.0,0,103.7115458132001,1.4975774110572568
JB0500_R0047_C0040,500,47,40,17000.0,-60500.0,17500.0,-60000.0,17250.0,-60250.0,250000,250000.0,1.0,0,103.71603891401764,1.497576821455806
JB0500_R0047_C0041,500,47,41,17500.0,-60500.0,18000.0,-60000.0,17750.0,-60250.0,250000,250000.0,1.0,0,103.72053201483278,1.497576222587049
JB0500_R0047_C0042,500,47,42,18000.0,-60500.0,18500.0,-60000.0,18250.0,-60250.0,250000,250000.0,1.0,0,103.72502511564547,1.4975756144509895
JB0500_R0047_C0043,500,47,43,18500.0,-60500.0,19000.0,-60000.0,18750.0,-60250.0,250000,250000.0,1.0,0,103.72951821645565,1.4975749970476315
JB0500_R0047_C0044,500,47,44,19000.0,-60500.0,19500.0,-60000.0,19250.0,-60250.0,250000,250000.0,1.0,0,103.73401131726328,1.4975743703769782
JB0500_R0047_C0045,500,47,45,19500.0,-60500.0,20000.0,-60000.0,19750.0,-60250.0,250000,250000.0,1.0,0,103.73850441806836,1.4975737344390339
JB0500_R0047_C0046,500,47,46,20000.0,-60500.0,20500.0,-60000.0,20250.0,-60250.0,250000,250000.0,1.0,0,103.74299751887082,1.4975730892338024
JB0500_R0047_C0047,500,47,47,20500.0,-60500.0,21000.0,-60000.0,20750.0,-60250.0,250000,250000.0,1.0,0,103.74749061967064,1.4975724347612878
JB0500_R0047_C0048,500,47,48,21000.0,-60500.0,21500.0,-60000.0,21250.0,-60250.0,250000,250000.0,1.0,0,103.75198372046778,1.497571771021494
JB0500_R0047_C0049,500,47,49,21500.0,-60500.0,22000.0,-60000.0,21750.0,-60250.0,250000,250000.0,1.0,0,103.75647682126218,1.4975710980144252
JB0500_R0047_C0050,500,47,50,22000.0,-60500.0,22500.0,-60000.0,22250.0,-60250.0,250000,250000.0,1.0,0,103.76096992205385,1.4975704157400853
JB0500_R0047_C0051,500,47,51,22500.0,-60500.0,23000.0,-60000.0,22750.0,-60250.0,250000,250000.0,1.0,0,103.7654630228427,1.497569724198479
JB0500_R0047_C0052,500,47,52,23000.0,-60500.0,23500.0,-60000.0,23250.0,-60250.0,250000,250000.0,1.0,0,103.76995612362872,1.4975690233896097
JB0500_R0047_C0053,500,47,53,23500.0,-60500.0,24000.0,-60000.0,23750.0,-60250.0,250000,250000.0,1.0,0,103.77444922441187,1.4975683133134825
JB0500_R0047_C0054,500,47,54,24000.0,-60500.0,24500.0,-60000.0,24250.0,-60250.0,250000,250000.0,1.0,0,103.77894232519209,1.4975675939701014
JB0500_R0047_C0055,500,47,55,24500.0,-60500.0,25000.0,-60000.0,24750.0,-60250.0,250000,250000.0,1.0,0,103.78343542596939,1.4975668653594711
JB0500_R0047_C0056,500,47,56,25000.0,-60500.0,25500.0,-60000.0,25250.0,-60250.0,250000,250000.0,1.0,0,103.78792852674368,1.497566127481596
JB0500_R0047_C0057,500,47,57,25500.0,-60500.0,26000.0,-60000.0,25750.0,-60250.0,250000,250000.0,1.0,0,103.79242162751495,1.4975653803364803
JB0500_R0047_C0058,500,47,58,26000.0,-60500.0,26500.0,-60000.0,26250.0,-60250.0,250000,250000.0,1.0,0,103.79691472828317,1.4975646239241291
JB0500_R0047_C0059,500,47,59,26500.0,-60500.0,27000.0,-60000.0,26750.0,-60250.0,250000,250000.0,1.0,0,103.80140782904829,1.4975638582445467
JB0500_R0047_C0060,500,47,60,27000.0,-60500.0,27500.0,-60000.0,27250.0,-60250.0,250000,250000.0,1.0,0,103.80590092981026,1.4975630832977378
JB0500_R0047_C0061,500,47,61,27500.0,-60500.0,28000.0,-60000.0,27750.0,-60250.0,250000,250000.0,1.0,0,103.81039403056906,1.4975622990837074
JB0500_R0047_C0062,500,47,62,28000.0,-60500.0,28500.0,-60000.0,28250.0,-60250.0,250000,250000.0,1.0,0,103.81488713132465,1.4975615056024605
JB0500_R0047_C0063,500,47,63,28500.0,-60500.0,29000.0,-60000.0,28750.0,-60250.0,250000,250000.0,1.0,0,103.819380232077,1.4975607028540017
JB0500_R0047_C0064,500,47,64,29000.0,-60500.0,29500.0,-60000.0,29250.0,-60250.0,250000,250000.0,1.0,0,103.82387333282604,1.4975598908383356
JB0500_R0047_C0065,500,47,65,29500.0,-60500.0,30000.0,-60000.0,29750.0,-60250.0,250000,250000.0,1.0,0,103.82836643357177,1.497559069555468
JB0500_R0047_C0066,500,47,66,30000.0,-60500.0,30500.0,-60000.0,30250.0,-60250.0,250000,250000.0,1.0,0,103.83285953431412,1.4975582390054032
JB0500_R0047_C0067,500,47,67,30500.0,-60500.0,31000.0,-60000.0,30750.0,-60250.0,250000,250000.0,1.0,0,103.8373526350531,1.4975573991881468
JB0500_R0047_C0068,500,47,68,31000.0,-60500.0,31500.0,-60000.0,31250.0,-60250.0,250000,250000.0,1.0,0,103.8418457357886,1.4975565501037038
JB0500_R0047_C0069,500,47,69,31500.0,-60500.0,32000.0,-60000.0,31750.0,-60250.0,250000,250000.0,1.0,0,103.84633883652066,1.4975556917520794
JB0500_R0047_C0070,500,47,70,32000.0,-60500.0,32500.0,-60000.0,32250.0,-60250.0,250000,250000.0,1.0,0,103.85083193724917,1.497554824133279
JB0500_R0047_C0071,500,47,71,32500.0,-60500.0,33000.0,-60000.0,32750.0,-60250.0,250000,250000.0,1.0,0,103.85532503797414,1.4975539472473078
JB0500_R0047_C0072,500,47,72,33000.0,-60500.0,33500.0,-60000.0,33250.0,-60250.0,250000,250000.0,1.0,0,103.85981813869554,1.4975530610941714
JB0500_R0047_C0073,500,47,73,33500.0,-60500.0,34000.0,-60000.0,33750.0,-60250.0,250000,250000.0,1.0,0,103.8643112394133,1.497552165673875
JB0500_R0047_C0074,500,47,74,34000.0,-60500.0,34500.0,-60000.0,34250.0,-60250.0,250000,250000.0,1.0,0,103.86880434012738,1.497551260986424
JB0500_R0047_C0075,500,47,75,34500.0,-60500.0,35000.0,-60000.0,34750.0,-60250.0,250000,250000.0,1.0,0,103.87329744083776,1.497550347031825
JB0500_R0047_C0076,500,47,76,35000.0,-60500.0,35500.0,-60000.0,35250.0,-60250.0,250000,250000.0,1.0,0,103.87779054154441,1.4975494238100822
JB0500_R0047_C0077,500,47,77,35500.0,-60500.0,36000.0,-60000.0,35750.0,-60250.0,250000,250000.0,1.0,0,103.88228364224727,1.497548491321202
JB0500_R0047_C0078,500,47,78,36000.0,-60500.0,36500.0,-60000.0,36250.0,-60250.0,250000,250000.0,1.0,0,103.88677674294632,1.4975475495651902
JB0500_R0047_C0079,500,47,79,36500.0,-60500.0,37000.0,-60000.0,36750.0,-60250.0,250000,250000.0,1.0,0,103.89126984364152,1.4975465985420526
JB0500_R0047_C0080,500,47,80,37000.0,-60500.0,37500.0,-60000.0,37250.0,-60250.0,250000,250000.0,1.0,0,103.89576294433283,1.4975456382517947
JB0500_R0047_C0081,500,47,81,37500.0,-60500.0,38000.0,-60000.0,37750.0,-60250.0,250000,250000.0,1.0,0,103.9002560450202,1.4975446686944227
JB0500_R0047_C0082,500,47,82,38000.0,-60500.0,38500.0,-60000.0,38250.0,-60250.0,250000,250000.0,1.0,0,103.90474914570362,1.4975436898699426
JB0500_R0047_C0083,500,47,83,38500.0,-60500.0,39000.0,-60000.0,38750.0,-60250.0,250000,250000.0,1.0,0,103.90924224638302,1.49754270177836
JB0500_R0047_C0084,500,47,84,39000.0,-60500.0,39500.0,-60000.0,39250.0,-60250.0,250000,250000.0,1.0,0,103.91373534705838,1.4975417044196817
JB0500_R0047_C0085,500,47,85,39500.0,-60500.0,40000.0,-60000.0,39750.0,-60250.0,250000,250000.0,1.0,0,103.91822844772965,1.4975406977939132
JB0500_R0047_C0086,500,47,86,40000.0,-60500.0,40500.0,-60000.0,40250.0,-60250.0,250000,250000.0,1.0,0,103.92272154839681,1.4975396819010611
JB0500_R0047_C0087,500,47,87,40500.0,-60500.0,41000.0,-60000.0,40750.0,-60250.0,250000,250000.0,1.0,0,103.9272146490598,1.4975386567411317
JB0500_R0047_C0088,500,47,88,41000.0,-60500.0,41500.0,-60000.0,41250.0,-60250.0,250000,250000.0,1.0,0,103.93170774971861,1.497537622314131
JB0500_R0047_C0089,500,47,89,41500.0,-60500.0,42000.0,-60000.0,41750.0,-60250.0,250000,250000.0,1.0,0,103.93620085037318,1.4975365786200654
JB0500_R0047_C0090,500,47,90,42000.0,-60500.0,42500.0,-60000.0,42250.0,-60250.0,250000,250000.0,1.0,0,103.94069395102349,1.4975355256589415
JB0500_R0047_C0091,500,47,91,42500.0,-60500.0,43000.0,-60000.0,42750.0,-60250.0,250000,250000.0,1.0,0,103.94518705166948,1.497534463430766
JB0500_R0047_C0092,500,47,92,43000.0,-60500.0,43500.0,-60000.0,43250.0,-60250.0,250000,250000.0,1.0,0,103.94968015231115,1.4975333919355447
JB0500_R0047_C0093,500,47,93,43500.0,-60500.0,44000.0,-60000.0,43750.0,-60250.0,250000,250000.0,1.0,0,103.95417325294842,1.497532311173285
JB0500_R0047_C0094,500,47,94,44000.0,-60500.0,44500.0,-60000.0,44250.0,-60250.0,250000,250000.0,1.0,0,103.95866635358126,1.4975312211439928
JB0500_R0047_C0095,500,47,95,44500.0,-60500.0,45000.0,-60000.0,44750.0,-60250.0,250000,250000.0,1.0,0,103.96315945420965,1.4975301218476758
JB0500_R0047_C0096,500,47,96,45000.0,-60500.0,45500.0,-60000.0,45250.0,-60250.0,250000,250000.0,1.0,0,103.96765255483355,1.4975290132843397
JB0500_R0047_C0097,500,47,97,45500.0,-60500.0,46000.0,-60000.0,45750.0,-60250.0,250000,250000.0,1.0,0,103.9721456554529,1.4975278954539921
JB0500_R0047_C0098,500,47,98,46000.0,-60500.0,46500.0,-60000.0,46250.0,-60250.0,250000,250000.0,1.0,0,103.9766387560677,1.4975267683566393
JB0500_R0047_C0099,500,47,99,46500.0,-60500.0,47000.0,-60000.0,46750.0,-60250.0,250000,250000.0,1.0,0,103.98113185667788,1.497525631992289
JB0500_R0047_C0100,500,47,100,47000.0,-60500.0,47500.0,-60000.0,47250.0,-60250.0,250000,250000.0,1.0,0,103.98562495728342,1.4975244863609474
JB0500_R0047_C0101,500,47,101,47500.0,-60500.0,48000.0,-60000.0,47750.0,-60250.0,250000,250000.0,1.0,0,103.99011805788426,1.497523331462622
JB0500_R0047_C0102,500,47,102,48000.0,-60500.0,48500.0,-60000.0,48250.0,-60250.0,250000,250000.0,1.0,0,103.9946111584804,1.4975221672973198
JB0500_R0047_C0103,500,47,103,48500.0,-60500.0,49000.0,-60000.0,48750.0,-60250.0,250000,250000.0,1.0,0,103.99910425907176,1.4975209938650478
JB0500_R0047_C0104,500,47,104,49000.0,-60500.0,49500.0,-60000.0,49250.0,-60250.0,250000,250000.0,1.0,0,104.00359735965833,1.4975198111658137
JB0500_R0047_C0105,500,47,105,49500.0,-60500.0,50000.0,-60000.0,49750.0,-60250.0,250000,250000.0,1.0,0,104.00809046024006,1.4975186191996244
JB0500_R0047_C0106,500,47,106,50000.0,-60500.0,50500.0,-60000.0,50250.0,-60250.0,250000,250000.0,1.0,0,104.01258356081692,1.4975174179664874
JB0500_R0047_C0107,500,47,107,50500.0,-60500.0,51000.0,-60000.0,50750.0,-60250.0,250000,250000.0,1.0,0,104.01707666138886,1.4975162074664097
JB0500_R0047_C0108,500,47,108,51000.0,-60500.0,51500.0,-60000.0,51250.0,-60250.0,250000,219411.7893340281,0.8776471573361123,1,104.02156976195587,1.4975149876993994
JB0500_R0048_C0009,500,48,9,1500.0,-60000.0,2000.0,-59500.0,1750.0,-59750.0,250000,219684.4551353487,0.8787378205413947,1,103.5767530931931,1.5021125907098885
JB0500_R0048_C0010,500,48,10,2000.0,-60000.0,2500.0,-59500.0,2250.0,-59750.0,250000,250000.0,1.0,0,103.58124620328807,1.5021122781878598
JB0500_R0048_C0011,500,48,11,2500.0,-60000.0,3000.0,-59500.0,2750.0,-59750.0,250000,250000.0,1.0,0,103.58573931338177,1.5021119563704466
JB0500_R0048_C0012,500,48,12,3000.0,-60000.0,3500.0,-59500.0,3250.0,-59750.0,250000,250000.0,1.0,0,103.59023242347409,1.5021116252576512
JB0500_R0048_C0013,500,48,13,3500.0,-60000.0,4000.0,-59500.0,3750.0,-59750.0,250000,250000.0,1.0,0,103.59472553356507,1.5021112848494753
JB0500_R0048_C0014,500,48,14,4000.0,-60000.0,4500.0,-59500.0,4250.0,-59750.0,250000,250000.0,1.0,0,103.59921864365462,1.5021109351459212
JB0500_R0048_C0015,500,48,15,4500.0,-60000.0,5000.0,-59500.0,4750.0,-59750.0,250000,250000.0,1.0,0,103.60371175374273,1.5021105761469908
JB0500_R0048_C0016,500,48,16,5000.0,-60000.0,5500.0,-59500.0,5250.0,-59750.0,250000,250000.0,1.0,0,103.60820486382937,1.5021102078526867
JB0500_R0048_C0017,500,48,17,5500.0,-60000.0,6000.0,-59500.0,5750.0,-59750.0,250000,250000.0,1.0,0,103.61269797391446,1.502109830263011
JB0500_R0048_C0018,500,48,18,6000.0,-60000.0,6500.0,-59500.0,6250.0,-59750.0,250000,250000.0,1.0,0,103.61719108399801,1.5021094433779658
JB0500_R0048_C0019,500,48,19,6500.0,-60000.0,7000.0,-59500.0,6750.0,-59750.0,250000,250000.0,1.0,0,103.62168419407995,1.5021090471975538
JB0500_R0048_C0020,500,48,20,7000.0,-60000.0,7500.0,-59500.0,7250.0,-59750.0,250000,250000.0,1.0,0,103.62617730416025,1.5021086417217773
JB0500_R0048_C0021,500,48,21,7500.0,-60000.0,8000.0,-59500.0,7750.0,-59750.0,250000,250000.0,1.0,0,103.63067041423888,1.5021082269506387
JB0500_R0048_C0022,500,48,22,8000.0,-60000.0,8500.0,-59500.0,8250.0,-59750.0,250000,250000.0,1.0,0,103.6351635243158,1.5021078028841408
JB0500_R0048_C0023,500,48,23,8500.0,-60000.0,9000.0,-59500.0,8750.0,-59750.0,250000,250000.0,1.0,0,103.63965663439096,1.5021073695222862
JB0500_R0048_C0024,500,48,24,9000.0,-60000.0,9500.0,-59500.0,9250.0,-59750.0,250000,250000.0,1.0,0,103.64414974446434,1.5021069268650773
JB0500_R0048_C0025,500,48,25,9500.0,-60000.0,10000.0,-59500.0,9750.0,-59750.0,250000,250000.0,1.0,0,103.6486428545359,1.5021064749125168
JB0500_R0048_C0026,500,48,26,10000.0,-60000.0,10500.0,-59500.0,10250.0,-59750.0,250000,250000.0,1.0,0,103.65313596460557,1.5021060136646078
JB0500_R0048_C0027,500,48,27,10500.0,-60000.0,11000.0,-59500.0,10750.0,-59750.0,250000,250000.0,1.0,0,103.65762907467335,1.502105543121353
JB0500_R0048_C0028,500,48,28,11000.0,-60000.0,11500.0,-59500.0,11250.0,-59750.0,250000,250000.0,1.0,0,103.66212218473918,1.5021050632827555
JB0500_R0048_C0029,500,48,29,11500.0,-60000.0,12000.0,-59500.0,11750.0,-59750.0,250000,250000.0,1.0,0,103.66661529480305,1.5021045741488177
JB0500_R0048_C0030,500,48,30,12000.0,-60000.0,12500.0,-59500.0,12250.0,-59750.0,250000,250000.0,1.0,0,103.67110840486488,1.5021040757195432
JB0500_R0048_C0031,500,48,31,12500.0,-60000.0,13000.0,-59500.0,12750.0,-59750.0,250000,250000.0,1.0,0,103.67560151492467,1.5021035679949346
JB0500_R0048_C0032,500,48,32,13000.0,-60000.0,13500.0,-59500.0,13250.0,-59750.0,250000,250000.0,1.0,0,103.68009462498236,1.5021030509749955
JB0500_R0048_C0033,500,48,33,13500.0,-60000.0,14000.0,-59500.0,13750.0,-59750.0,250000,250000.0,1.0,0,103.68458773503792,1.5021025246597288
JB0500_R0048_C0034,500,48,34,14000.0,-60000.0,14500.0,-59500.0,14250.0,-59750.0,250000,250000.0,1.0,0,103.68908084509131,1.5021019890491378
JB0500_R0048_C0035,500,48,35,14500.0,-60000.0,15000.0,-59500.0,14750.0,-59750.0,250000,250000.0,1.0,0,103.6935739551425,1.5021014441432257
JB0500_R0048_C0036,500,48,36,15000.0,-60000.0,15500.0,-59500.0,15250.0,-59750.0,250000,250000.0,1.0,0,103.69806706519144,1.5021008899419959
JB0500_R0048_C0037,500,48,37,15500.0,-60000.0,16000.0,-59500.0,15750.0,-59750.0,250000,250000.0,1.0,0,103.7025601752381,1.5021003264454518
JB0500_R0048_C0038,500,48,38,16000.0,-60000.0,16500.0,-59500.0,16250.0,-59750.0,250000,250000.0,1.0,0,103.70705328528244,1.5020997536535972
JB0500_R0048_C0039,500,48,39,16500.0,-60000.0,17000.0,-59500.0,16750.0,-59750.0,250000,250000.0,1.0,0,103.7115463953244,1.5020991715664351
JB0500_R0048_C0040,500,48,40,17000.0,-60000.0,17500.0,-59500.0,17250.0,-59750.0,250000,250000.0,1.0,0,103.716039505364,1.5020985801839692
JB0500_R0048_C0041,500,48,41,17500.0,-60000.0,18000.0,-59500.0,17750.0,-59750.0,250000,250000.0,1.0,0,103.72053261540114,1.5020979795062035
JB0500_R0048_C0042,500,48,42,18000.0,-60000.0,18500.0,-59500.0,18250.0,-59750.0,250000,250000.0,1.0,0,103.7250257254358,1.5020973695331414
JB0500_R0048_C0043,500,48,43,18500.0,-60000.0,19000.0,-59500.0,18750.0,-59750.0,250000,250000.0,1.0,0,103.72951883546797,1.5020967502647868
JB0500_R0048_C0044,500,48,44,19000.0,-60000.0,19500.0,-59500.0,19250.0,-59750.0,250000,250000.0,1.0,0,103.73401194549758,1.5020961217011435
JB0500_R0048_C0045,500,48,45,19500.0,-60000.0,20000.0,-59500.0,19750.0,-59750.0,250000,250000.0,1.0,0,103.73850505552461,1.5020954838422151
JB0500_R0048_C0046,500,48,46,20000.0,-60000.0,20500.0,-59500.0,20250.0,-59750.0,250000,250000.0,1.0,0,103.74299816554901,1.5020948366880058
JB0500_R0048_C0047,500,48,47,20500.0,-60000.0,21000.0,-59500.0,20750.0,-59750.0,250000,250000.0,1.0,0,103.74749127557075,1.5020941802385197
JB0500_R0048_C0048,500,48,48,21000.0,-60000.0,21500.0,-59500.0,21250.0,-59750.0,250000,250000.0,1.0,0,103.75198438558978,1.5020935144937604
JB0500_R0048_C0049,500,48,49,21500.0,-60000.0,22000.0,-59500.0,21750.0,-59750.0,250000,250000.0,1.0,0,103.75647749560609,1.5020928394537325
JB0500_R0048_C0050,500,48,50,22000.0,-60000.0,22500.0,-59500.0,22250.0,-59750.0,250000,250000.0,1.0,0,103.7609706056196,1.5020921551184399
JB0500_R0048_C0051,500,48,51,22500.0,-60000.0,23000.0,-59500.0,22750.0,-59750.0,250000,250000.0,1.0,0,103.76546371563032,1.5020914614878869
JB0500_R0048_C0052,500,48,52,23000.0,-60000.0,23500.0,-59500.0,23250.0,-59750.0,250000,250000.0,1.0,0,103.76995682563816,1.5020907585620773
JB0500_R0048_C0053,500,48,53,23500.0,-60000.0,24000.0,-59500.0,23750.0,-59750.0,250000,250000.0,1.0,0,103.77444993564313,1.5020900463410163
JB0500_R0048_C0054,500,48,54,24000.0,-60000.0,24500.0,-59500.0,24250.0,-59750.0,250000,250000.0,1.0,0,103.77894304564518,1.5020893248247076
JB0500_R0048_C0055,500,48,55,24500.0,-60000.0,25000.0,-59500.0,24750.0,-59750.0,250000,250000.0,1.0,0,103.78343615564424,1.5020885940131559
JB0500_R0048_C0056,500,48,56,25000.0,-60000.0,25500.0,-59500.0,25250.0,-59750.0,250000,250000.0,1.0,0,103.7879292656403,1.5020878539063658
JB0500_R0048_C0057,500,48,57,25500.0,-60000.0,26000.0,-59500.0,25750.0,-59750.0,250000,250000.0,1.0,0,103.79242237563332,1.5020871045043416
JB0500_R0048_C0058,500,48,58,26000.0,-60000.0,26500.0,-59500.0,26250.0,-59750.0,250000,250000.0,1.0,0,103.79691548562327,1.5020863458070879
JB0500_R0048_C0059,500,48,59,26500.0,-60000.0,27000.0,-59500.0,26750.0,-59750.0,250000,250000.0,1.0,0,103.8014085956101,1.5020855778146098
JB0500_R0048_C0060,500,48,60,27000.0,-60000.0,27500.0,-59500.0,27250.0,-59750.0,250000,250000.0,1.0,0,103.80590170559375,1.5020848005269116
JB0500_R0048_C0061,500,48,61,27500.0,-60000.0,28000.0,-59500.0,27750.0,-59750.0,250000,250000.0,1.0,0,103.81039481557423,1.5020840139439982
JB0500_R0048_C0062,500,48,62,28000.0,-60000.0,28500.0,-59500.0,28250.0,-59750.0,250000,250000.0,1.0,0,103.81488792555147,1.5020832180658745
JB0500_R0048_C0063,500,48,63,28500.0,-60000.0,29000.0,-59500.0,28750.0,-59750.0,250000,250000.0,1.0,0,103.81938103552545,1.5020824128925454
JB0500_R0048_C0064,500,48,64,29000.0,-60000.0,29500.0,-59500.0,29250.0,-59750.0,250000,250000.0,1.0,0,103.8238741454961,1.502081598424016
JB0500_R0048_C0065,500,48,65,29500.0,-60000.0,30000.0,-59500.0,29750.0,-59750.0,250000,250000.0,1.0,0,103.82836725546342,1.5020807746602907
JB0500_R0048_C0066,500,48,66,30000.0,-60000.0,30500.0,-59500.0,30250.0,-59750.0,250000,250000.0,1.0,0,103.83286036542735,1.5020799416013753
JB0500_R0048_C0067,500,48,67,30500.0,-60000.0,31000.0,-59500.0,30750.0,-59750.0,250000,250000.0,1.0,0,103.83735347538786,1.5020790992472746
JB0500_R0048_C0068,500,48,68,31000.0,-60000.0,31500.0,-59500.0,31250.0,-59750.0,250000,250000.0,1.0,0,103.84184658534491,1.502078247597994
JB0500_R0048_C0069,500,48,69,31500.0,-60000.0,32000.0,-59500.0,31750.0,-59750.0,250000,250000.0,1.0,0,103.84633969529847,1.5020773866535384
JB0500_R0048_C0070,500,48,70,32000.0,-60000.0,32500.0,-59500.0,32250.0,-59750.0,250000,250000.0,1.0,0,103.85083280524849,1.5020765164139132
JB0500_R0048_C0071,500,48,71,32500.0,-60000.0,33000.0,-59500.0,32750.0,-59750.0,250000,250000.0,1.0,0,103.85532591519492,1.502075636879124
JB0500_R0048_C0072,500,48,72,33000.0,-60000.0,33500.0,-59500.0,33250.0,-59750.0,250000,250000.0,1.0,0,103.85981902513775,1.502074748049176
JB0500_R0048_C0073,500,48,73,33500.0,-60000.0,34000.0,-59500.0,33750.0,-59750.0,250000,250000.0,1.0,0,103.86431213507693,1.5020738499240749
JB0500_R0048_C0074,500,48,74,34000.0,-60000.0,34500.0,-59500.0,34250.0,-59750.0,250000,250000.0,1.0,0,103.86880524501242,1.502072942503826
JB0500_R0048_C0075,500,48,75,34500.0,-60000.0,35000.0,-59500.0,34750.0,-59750.0,250000,250000.0,1.0,0,103.8732983549442,1.5020720257884348
JB0500_R0048_C0076,500,48,76,35000.0,-60000.0,35500.0,-59500.0,35250.0,-59750.0,250000,250000.0,1.0,0,103.87779146487219,1.5020710997779072
JB0500_R0048_C0077,500,48,77,35500.0,-60000.0,36000.0,-59500.0,35750.0,-59750.0,250000,250000.0,1.0,0,103.88228457479639,1.502070164472249
JB0500_R0048_C0078,500,48,78,36000.0,-60000.0,36500.0,-59500.0,36250.0,-59750.0,250000,250000.0,1.0,0,103.88677768471675,1.5020692198714654
JB0500_R0048_C0079,500,48,79,36500.0,-60000.0,37000.0,-59500.0,36750.0,-59750.0,250000,250000.0,1.0,0,103.89127079463323,1.5020682659755626
JB0500_R0048_C0080,500,48,80,37000.0,-60000.0,37500.0,-59500.0,37250.0,-59750.0,250000,250000.0,1.0,0,103.8957639045458,1.5020673027845466
JB0500_R0048_C0081,500,48,81,37500.0,-60000.0,38000.0,-59500.0,37750.0,-59750.0,250000,250000.0,1.0,0,103.90025701445441,1.5020663302984232
JB0500_R0048_C0082,500,48,82,38000.0,-60000.0,38500.0,-59500.0,38250.0,-59750.0,250000,250000.0,1.0,0,103.90475012435903,1.5020653485171982
JB0500_R0048_C0083,500,48,83,38500.0,-60000.0,39000.0,-59500.0,38750.0,-59750.0,250000,250000.0,1.0,0,103.90924323425962,1.502064357440878
JB0500_R0048_C0084,500,48,84,39000.0,-60000.0,39500.0,-59500.0,39250.0,-59750.0,250000,250000.0,1.0,0,103.91373634415615,1.5020633570694686
JB0500_R0048_C0085,500,48,85,39500.0,-60000.0,40000.0,-59500.0,39750.0,-59750.0,250000,250000.0,1.0,0,103.91822945404856,1.502062347402976
JB0500_R0048_C0086,500,48,86,40000.0,-60000.0,40500.0,-59500.0,40250.0,-59750.0,250000,250000.0,1.0,0,103.92272256393683,1.5020613284414064
JB0500_R0048_C0087,500,48,87,40500.0,-60000.0,41000.0,-59500.0,40750.0,-59750.0,250000,250000.0,1.0,0,103.92721567382094,1.502060300184766
JB0500_R0048_C0088,500,48,88,41000.0,-60000.0,41500.0,-59500.0,41250.0,-59750.0,250000,250000.0,1.0,0,103.93170878370081,1.5020592626330616
JB0500_R0048_C0089,500,48,89,41500.0,-60000.0,42000.0,-59500.0,41750.0,-59750.0,250000,250000.0,1.0,0,103.93620189357642,1.5020582157862992
JB0500_R0048_C0090,500,48,90,42000.0,-60000.0,42500.0,-59500.0,42250.0,-59750.0,250000,250000.0,1.0,0,103.94069500344773,1.5020571596444854
JB0500_R0048_C0091,500,48,91,42500.0,-60000.0,43000.0,-59500.0,42750.0,-59750.0,250000,250000.0,1.0,0,103.94518811331471,1.5020560942076266
JB0500_R0048_C0092,500,48,92,43000.0,-60000.0,43500.0,-59500.0,43250.0,-59750.0,250000,250000.0,1.0,0,103.94968122317734,1.5020550194757294
JB0500_R0048_C0093,500,48,93,43500.0,-60000.0,44000.0,-59500.0,43750.0,-59750.0,250000,250000.0,1.0,0,103.95417433303555,1.5020539354488005
JB0500_R0048_C0094,500,48,94,44000.0,-60000.0,44500.0,-59500.0,44250.0,-59750.0,250000,250000.0,1.0,0,103.95866744288931,1.5020528421268464
JB0500_R0048_C0095,500,48,95,44500.0,-60000.0,45000.0,-59500.0,44750.0,-59750.0,250000,250000.0,1.0,0,103.96316055273857,1.502051739509874
JB0500_R0048_C0096,500,48,96,45000.0,-60000.0,45500.0,-59500.0,45250.0,-59750.0,250000,250000.0,1.0,0,103.96765366258333,1.50205062759789
JB0500_R0048_C0097,500,48,97,45500.0,-60000.0,46000.0,-59500.0,45750.0,-59750.0,250000,250000.0,1.0,0,103.97214677242351,1.5020495063909012
JB0500_R0048_C0098,500,48,98,46000.0,-60000.0,46500.0,-59500.0,46250.0,-59750.0,250000,250000.0,1.0,0,103.97663988225911,1.5020483758889147
JB0500_R0048_C0099,500,48,99,46500.0,-60000.0,47000.0,-59500.0,46750.0,-59750.0,250000,250000.0,1.0,0,103.98113299209005,1.5020472360919372
JB0500_R0048_C0100,500,48,100,47000.0,-60000.0,47500.0,-59500.0,47250.0,-59750.0,250000,250000.0,1.0,0,103.98562610191634,1.502046086999976
JB0500_R0048_C0101,500,48,101,47500.0,-60000.0,48000.0,-59500.0,47750.0,-59750.0,250000,250000.0,1.0,0,103.9901192117379,1.502044928613038
JB0500_R0048_C0102,500,48,102,48000.0,-60000.0,48500.0,-59500.0,48250.0,-59750.0,250000,250000.0,1.0,0,103.99461232155471,1.5020437609311301
JB0500_R0048_C0103,500,48,103,48500.0,-60000.0,49000.0,-59500.0,48750.0,-59750.0,250000,250000.0,1.0,0,103.99910543136674,1.5020425839542602
JB0500_R0048_C0104,500,48,104,49000.0,-60000.0,49500.0,-59500.0,49250.0,-59750.0,250000,250000.0,1.0,0,104.00359854117393,1.502041397682435
JB0500_R0048_C0105,500,48,105,49500.0,-60000.0,50000.0,-59500.0,49750.0,-59750.0,250000,250000.0,1.0,0,104.00809165097627,1.5020402021156618
JB0500_R0048_C0106,500,48,106,50000.0,-60000.0,50500.0,-59500.0,50250.0,-59750.0,250000,250000.0,1.0,0,104.0125847607737,1.5020389972539478
JB0500_R0048_C0107,500,48,107,50500.0,-60000.0,51000.0,-59500.0,50750.0,-59750.0,250000,250000.0,1.0,0,104.01707787056618,1.502037783097301
JB0500_R0048_C0108,500,48,108,51000.0,-60000.0,51500.0,-59500.0,51250.0,-59750.0,250000,185036.25884998837,0.7401450353999535,1,104.0215709803537,1.5020365596457286
JB0500_R0049_C0009,500,49,9,1500.0,-59500.0,2000.0,-59000.0,1750.0,-59250.0,250000,209983.43261443466,0.8399337304577387,1,103.57675339957288,1.506634391444459
JB0500_R0049_C0010,500,49,10,2000.0,-59500.0,2500.0,-59000.0,2250.0,-59250.0,250000,250000.0,1.0,0,103.58124651891805,1.5066340779812313
JB0500_R0049_C0011,500,49,11,2500.0,-59500.0,3000.0,-59000.0,2750.0,-59250.0,250000,250000.0,1.0,0,103.58573963826193,1.5066337551946247
JB0500_R0049_C0012,500,49,12,3000.0,-59500.0,3500.0,-59000.0,3250.0,-59250.0,250000,250000.0,1.0,0,103.59023275760444,1.5066334230846419
JB0500_R0049_C0013,500,49,13,3500.0,-59500.0,4000.0,-59000.0,3750.0,-59250.0,250000,250000.0,1.0,0,103.59472587694557,1.5066330816512845
JB0500_R0049_C0014,500,49,14,4000.0,-59500.0,4500.0,-59000.0,4250.0,-59250.0,250000,250000.0,1.0,0,103.5992189962853,1.5066327308945544
JB0500_R0049_C0015,500,49,15,4500.0,-59500.0,5000.0,-59000.0,4750.0,-59250.0,250000,250000.0,1.0,0,103.60371211562357,1.5066323708144542
JB0500_R0049_C0016,500,49,16,5000.0,-59500.0,5500.0,-59000.0,5250.0,-59250.0,250000,250000.0,1.0,0,103.60820523496034,1.506632001410986
JB0500_R0049_C0017,500,49,17,5500.0,-59500.0,6000.0,-59000.0,5750.0,-59250.0,250000,250000.0,1.0,0,103.61269835429557,1.5066316226841518
JB0500_R0049_C0018,500,49,18,6000.0,-59500.0,6500.0,-59000.0,6250.0,-59250.0,250000,250000.0,1.0,0,103.61719147362925,1.506631234633954
JB0500_R0049_C0019,500,49,19,6500.0,-59500.0,7000.0,-59000.0,6750.0,-59250.0,250000,250000.0,1.0,0,103.6216845929613,1.5066308372603954
JB0500_R0049_C0020,500,49,20,7000.0,-59500.0,7500.0,-59000.0,7250.0,-59250.0,250000,250000.0,1.0,0,103.6261777122917,1.5066304305634781
JB0500_R0049_C0021,500,49,21,7500.0,-59500.0,8000.0,-59000.0,7750.0,-59250.0,250000,250000.0,1.0,0,103.63067083162044,1.5066300145432048
JB0500_R0049_C0022,500,49,22,8000.0,-59500.0,8500.0,-59000.0,8250.0,-59250.0,250000,250000.0,1.0,0,103.63516395094744,1.5066295891995776
JB0500_R0049_C0023,500,49,23,8500.0,-59500.0,9000.0,-59000.0,8750.0,-59250.0,250000,250000.0,1.0,0,103.63965707027269,1.5066291545325998
JB0500_R0049_C0024,500,49,24,9000.0,-59500.0,9500.0,-59000.0,9250.0,-59250.0,250000,250000.0,1.0,0,103.64415018959612,1.5066287105422738
JB0500_R0049_C0025,500,49,25,9500.0,-59500.0,10000.0,-59000.0,9750.0,-59250.0,250000,250000.0,1.0,0,103.64864330891773,1.5066282572286018
JB0500_R0049_C0026,500,49,26,10000.0,-59500.0,10500.0,-59000.0,10250.0,-59250.0,250000,250000.0,1.0,0,103.65313642823745,1.5066277945915871
JB0500_R0049_C0027,500,49,27,10500.0,-59500.0,11000.0,-59000.0,10750.0,-59250.0,250000,250000.0,1.0,0,103.65762954755526,1.5066273226312328
JB0500_R0049_C0028,500,49,28,11000.0,-59500.0,11500.0,-59000.0,11250.0,-59250.0,250000,250000.0,1.0,0,103.66212266687111,1.5066268413475414
JB0500_R0049_C0029,500,49,29,11500.0,-59500.0,12000.0,-59000.0,11750.0,-59250.0,250000,250000.0,1.0,0,103.66661578618498,1.5066263507405162
JB0500_R0049_C0030,500,49,30,12000.0,-59500.0,12500.0,-59000.0,12250.0,-59250.0,250000,250000.0,1.0,0,103.67110890549682,1.5066258508101598
JB0500_R0049_C0031,500,49,31,12500.0,-59500.0,13000.0,-59000.0,12750.0,-59250.0,250000,250000.0,1.0,0,103.67560202480658,1.5066253415564754
JB0500_R0049_C0032,500,49,32,13000.0,-59500.0,13500.0,-59000.0,13250.0,-59250.0,250000,250000.0,1.0,0,103.68009514411425,1.5066248229794663
JB0500_R0049_C0033,500,49,33,13500.0,-59500.0,14000.0,-59000.0,13750.0,-59250.0,250000,250000.0,1.0,0,103.68458826341977,1.5066242950791355
JB0500_R0049_C0034,500,49,34,14000.0,-59500.0,14500.0,-59000.0,14250.0,-59250.0,250000,250000.0,1.0,0,103.6890813827231,1.5066237578554864
JB0500_R0049_C0035,500,49,35,14500.0,-59500.0,15000.0,-59000.0,14750.0,-59250.0,250000,250000.0,1.0,0,103.69357450202422,1.5066232113085225
JB0500_R0049_C0036,500,49,36,15000.0,-59500.0,15500.0,-59000.0,15250.0,-59250.0,250000,250000.0,1.0,0,103.69806762132308,1.5066226554382465
JB0500_R0049_C0037,500,49,37,15500.0,-59500.0,16000.0,-59000.0,15750.0,-59250.0,250000,250000.0,1.0,0,103.70256074061965,1.5066220902446625
JB0500_R0049_C0038,500,49,38,16000.0,-59500.0,16500.0,-59000.0,16250.0,-59250.0,250000,250000.0,1.0,0,103.70705385991387,1.5066215157277738
JB0500_R0049_C0039,500,49,39,16500.0,-59500.0,17000.0,-59000.0,16750.0,-59250.0,250000,250000.0,1.0,0,103.71154697920572,1.5066209318875838
JB0500_R0049_C0040,500,49,40,17000.0,-59500.0,17500.0,-59000.0,17250.0,-59250.0,250000,250000.0,1.0,0,103.71604009849517,1.5066203387240962
JB0500_R0049_C0041,500,49,41,17500.0,-59500.0,18000.0,-59000.0,17750.0,-59250.0,250000,250000.0,1.0,0,103.72053321778215,1.5066197362373146
JB0500_R0049_C0042,500,49,42,18000.0,-59500.0,18500.0,-59000.0,18250.0,-59250.0,250000,250000.0,1.0,0,103.72502633706667,1.5066191244272427
JB0500_R0049_C0043,500,49,43,18500.0,-59500.0,19000.0,-59000.0,18750.0,-59250.0,250000,250000.0,1.0,0,103.72951945634864,1.5066185032938844
JB0500_R0049_C0044,500,49,44,19000.0,-59500.0,19500.0,-59000.0,19250.0,-59250.0,250000,250000.0,1.0,0,103.73401257562806,1.506617872837243
JB0500_R0049_C0045,500,49,45,19500.0,-59500.0,20000.0,-59000.0,19750.0,-59250.0,250000,250000.0,1.0,0,103.73850569490486,1.5066172330573233
JB0500_R0049_C0046,500,49,46,20000.0,-59500.0,20500.0,-59000.0,20250.0,-59250.0,250000,250000.0,1.0,0,103.74299881417905,1.5066165839541286
JB0500_R0049_C0047,500,49,47,20500.0,-59500.0,21000.0,-59000.0,20750.0,-59250.0,250000,250000.0,1.0,0,103.74749193345052,1.506615925527663
JB0500_R0049_C0048,500,49,48,21000.0,-59500.0,21500.0,-59000.0,21250.0,-59250.0,250000,250000.0,1.0,0,103.7519850527193,1.5066152577779306
JB0500_R0049_C0049,500,49,49,21500.0,-59500.0,22000.0,-59000.0,21750.0,-59250.0,250000,250000.0,1.0,0,103.75647817198532,1.5066145807049354
JB0500_R0049_C0050,500,49,50,22000.0,-59500.0,22500.0,-59000.0,22250.0,-59250.0,250000,250000.0,1.0,0,103.76097129124855,1.506613894308682
JB0500_R0049_C0051,500,49,51,22500.0,-59500.0,23000.0,-59000.0,22750.0,-59250.0,250000,250000.0,1.0,0,103.76546441050895,1.506613198589174
JB0500_R0049_C0052,500,49,52,23000.0,-59500.0,23500.0,-59000.0,23250.0,-59250.0,250000,250000.0,1.0,0,103.76995752976647,1.506612493546416
JB0500_R0049_C0053,500,49,53,23500.0,-59500.0,24000.0,-59000.0,23750.0,-59250.0,250000,250000.0,1.0,0,103.77445064902108,1.5066117791804126
JB0500_R0049_C0054,500,49,54,24000.0,-59500.0,24500.0,-59000.0,24250.0,-59250.0,250000,250000.0,1.0,0,103.77894376827275,1.5066110554911678
JB0500_R0049_C0055,500,49,55,24500.0,-59500.0,25000.0,-59000.0,24750.0,-59250.0,250000,250000.0,1.0,0,103.78343688752145,1.5066103224786862
JB0500_R0049_C0056,500,49,56,25000.0,-59500.0,25500.0,-59000.0,25250.0,-59250.0,250000,250000.0,1.0,0,103.7879300067671,1.5066095801429722
JB0500_R0049_C0057,500,49,57,25500.0,-59500.0,26000.0,-59000.0,25750.0,-59250.0,250000,250000.0,1.0,0,103.79242312600972,1.5066088284840304
JB0500_R0049_C0058,500,49,58,26000.0,-59500.0,26500.0,-59000.0,26250.0,-59250.0,250000,250000.0,1.0,0,103.79691624524921,1.5066080675018656
JB0500_R0049_C0059,500,49,59,26500.0,-59500.0,27000.0,-59000.0,26750.0,-59250.0,250000,250000.0,1.0,0,103.80140936448558,1.5066072971964823
JB0500_R0049_C0060,500,49,60,27000.0,-59500.0,27500.0,-59000.0,27250.0,-59250.0,250000,250000.0,1.0,0,103.80590248371878,1.5066065175678856
JB0500_R0049_C0061,500,49,61,27500.0,-59500.0,28000.0,-59000.0,27750.0,-59250.0,250000,250000.0,1.0,0,103.81039560294876,1.5066057286160799
JB0500_R0049_C0062,500,49,62,28000.0,-59500.0,28500.0,-59000.0,28250.0,-59250.0,250000,250000.0,1.0,0,103.81488872217548,1.50660493034107
JB0500_R0049_C0063,500,49,63,28500.0,-59500.0,29000.0,-59000.0,28750.0,-59250.0,250000,250000.0,1.0,0,103.81938184139891,1.5066041227428615
JB0500_R0049_C0064,500,49,64,29000.0,-59500.0,29500.0,-59000.0,29250.0,-59250.0,250000,250000.0,1.0,0,103.82387496061902,1.5066033058214585
JB0500_R0049_C0065,500,49,65,29500.0,-59500.0,30000.0,-59000.0,29750.0,-59250.0,250000,250000.0,1.0,0,103.82836807983577,1.5066024795768662
JB0500_R0049_C0066,500,49,66,30000.0,-59500.0,30500.0,-59000.0,30250.0,-59250.0,250000,250000.0,1.0,0,103.8328611990491,1.5066016440090904
JB0500_R0049_C0067,500,49,67,30500.0,-59500.0,31000.0,-59000.0,30750.0,-59250.0,250000,250000.0,1.0,0,103.837354318259,1.5066007991181354
JB0500_R0049_C0068,500,49,68,31000.0,-59500.0,31500.0,-59000.0,31250.0,-59250.0,250000,250000.0,1.0,0,103.8418474374654,1.5065999449040068
JB0500_R0049_C0069,500,49,69,31500.0,-59500.0,32000.0,-59000.0,31750.0,-59250.0,250000,250000.0,1.0,0,103.8463405566683,1.50659908136671
JB0500_R0049_C0070,500,49,70,32000.0,-59500.0,32500.0,-59000.0,32250.0,-59250.0,250000,250000.0,1.0,0,103.85083367586763,1.50659820850625
JB0500_R0049_C0071,500,49,71,32500.0,-59500.0,33000.0,-59000.0,32750.0,-59250.0,250000,250000.0,1.0,0,103.85532679506338,1.5065973263226322
JB0500_R0049_C0072,500,49,72,33000.0,-59500.0,33500.0,-59000.0,33250.0,-59250.0,250000,250000.0,1.0,0,103.85981991425548,1.5065964348158623
JB0500_R0049_C0073,500,49,73,33500.0,-59500.0,34000.0,-59000.0,33750.0,-59250.0,250000,250000.0,1.0,0,103.86431303344392,1.5065955339859456
JB0500_R0049_C0074,500,49,74,34000.0,-59500.0,34500.0,-59000.0,34250.0,-59250.0,250000,250000.0,1.0,0,103.86880615262864,1.5065946238328876
JB0500_R0049_C0075,500,49,75,34500.0,-59500.0,35000.0,-59000.0,34750.0,-59250.0,250000,250000.0,1.0,0,103.87329927180963,1.5065937043566942
JB0500_R0049_C0076,500,49,76,35000.0,-59500.0,35500.0,-59000.0,35250.0,-59250.0,250000,250000.0,1.0,0,103.87779239098681,1.5065927755573705
JB0500_R0049_C0077,500,49,77,35500.0,-59500.0,36000.0,-59000.0,35750.0,-59250.0,250000,250000.0,1.0,0,103.88228551016017,1.5065918374349228
JB0500_R0049_C0078,500,49,78,36000.0,-59500.0,36500.0,-59000.0,36250.0,-59250.0,250000,250000.0,1.0,0,103.88677862932967,1.5065908899893565
JB0500_R0049_C0079,500,49,79,36500.0,-59500.0,37000.0,-59000.0,36750.0,-59250.0,250000,250000.0,1.0,0,103.89127174849527,1.5065899332206774
JB0500_R0049_C0080,500,49,80,37000.0,-59500.0,37500.0,-59000.0,37250.0,-59250.0,250000,250000.0,1.0,0,103.89576486765694,1.506588967128892
JB0500_R0049_C0081,500,49,81,37500.0,-59500.0,38000.0,-59000.0,37750.0,-59250.0,250000,250000.0,1.0,0,103.90025798681462,1.5065879917140055
JB0500_R0049_C0082,500,49,82,38000.0,-59500.0,38500.0,-59000.0,38250.0,-59250.0,250000,250000.0,1.0,0,103.90475110596829,1.5065870069760243
JB0500_R0049_C0083,500,49,83,38500.0,-59500.0,39000.0,-59000.0,38750.0,-59250.0,250000,250000.0,1.0,0,103.9092442251179,1.5065860129149544
JB0500_R0049_C0084,500,49,84,39000.0,-59500.0,39500.0,-59000.0,39250.0,-59250.0,250000,250000.0,1.0,0,103.91373734426342,1.506585009530802
JB0500_R0049_C0085,500,49,85,39500.0,-59500.0,40000.0,-59000.0,39750.0,-59250.0,250000,250000.0,1.0,0,103.91823046340481,1.506583996823573
JB0500_R0049_C0086,500,49,86,40000.0,-59500.0,40500.0,-59000.0,40250.0,-59250.0,250000,250000.0,1.0,0,103.92272358254203,1.506582974793274
JB0500_R0049_C0087,500,49,87,40500.0,-59500.0,41000.0,-59000.0,40750.0,-59250.0,250000,250000.0,1.0,0,103.92721670167505,1.506581943439911
JB0500_R0049_C0088,500,49,88,41000.0,-59500.0,41500.0,-59000.0,41250.0,-59250.0,250000,250000.0,1.0,0,103.93170982080383,1.5065809027634904
JB0500_R0049_C0089,500,49,89,41500.0,-59500.0,42000.0,-59000.0,41750.0,-59250.0,250000,250000.0,1.0,0,103.93620293992831,1.5065798527640186
JB0500_R0049_C0090,500,49,90,42000.0,-59500.0,42500.0,-59000.0,42250.0,-59250.0,250000,250000.0,1.0,0,103.94069605904848,1.5065787934415025
JB0500_R0049_C0091,500,49,91,42500.0,-59500.0,43000.0,-59000.0,42750.0,-59250.0,250000,250000.0,1.0,0,103.94518917816428,1.506577724795948
JB0500_R0049_C0092,500,49,92,43000.0,-59500.0,43500.0,-59000.0,43250.0,-59250.0,250000,250000.0,1.0,0,103.9496822972757,1.506576646827362
JB0500_R0049_C0093,500,49,93,43500.0,-59500.0,44000.0,-59000.0,43750.0,-59250.0,250000,250000.0,1.0,0,103.95417541638267,1.506575559535751
JB0500_R0049_C0094,500,49,94,44000.0,-59500.0,44500.0,-59000.0,44250.0,-59250.0,250000,250000.0,1.0,0,103.95866853548517,1.506574462921122
JB0500_R0049_C0095,500,49,95,44500.0,-59500.0,45000.0,-59000.0,44750.0,-59250.0,250000,250000.0,1.0,0,103.96316165458316,1.5065733569834814
JB0500_R0049_C0096,500,49,96,45000.0,-59500.0,45500.0,-59000.0,45250.0,-59250.0,250000,250000.0,1.0,0,103.96765477367659,1.5065722417228362
JB0500_R0049_C0097,500,49,97,45500.0,-59500.0,46000.0,-59000.0,45750.0,-59250.0,250000,250000.0,1.0,0,103.97214789276542,1.5065711171391931
JB0500_R0049_C0098,500,49,98,46000.0,-59500.0,46500.0,-59000.0,46250.0,-59250.0,250000,250000.0,1.0,0,103.97664101184965,1.5065699832325592
JB0500_R0049_C0099,500,49,99,46500.0,-59500.0,47000.0,-59000.0,46750.0,-59250.0,250000,250000.0,1.0,0,103.98113413092922,1.5065688400029413
JB0500_R0049_C0100,500,49,100,47000.0,-59500.0,47500.0,-59000.0,47250.0,-59250.0,250000,250000.0,1.0,0,103.98562725000406,1.5065676874503466
JB0500_R0049_C0101,500,49,101,47500.0,-59500.0,48000.0,-59000.0,47750.0,-59250.0,250000,250000.0,1.0,0,103.99012036907418,1.5065665255747824
JB0500_R0049_C0102,500,49,102,48000.0,-59500.0,48500.0,-59000.0,48250.0,-59250.0,250000,250000.0,1.0,0,103.9946134881395,1.5065653543762554
JB0500_R0049_C0103,500,49,103,48500.0,-59500.0,49000.0,-59000.0,48750.0,-59250.0,250000,250000.0,1.0,0,103.9991066072,1.506564173854773
JB0500_R0049_C0104,500,49,104,49000.0,-59500.0,49500.0,-59000.0,49250.0,-59250.0,250000,250000.0,1.0,0,104.00359972625567,1.5065629840103427
JB0500_R0049_C0105,500,49,105,49500.0,-59500.0,50000.0,-59000.0,49750.0,-59250.0,250000,250000.0,1.0,0,104.00809284530644,1.5065617848429715
JB0500_R0049_C0106,500,49,106,50000.0,-59500.0,50500.0,-59000.0,50250.0,-59250.0,250000,250000.0,1.0,0,104.01258596435225,1.5065605763526668
JB0500_R0049_C0107,500,49,107,50500.0,-59500.0,51000.0,-59000.0,50750.0,-59250.0,250000,250000.0,1.0,0,104.01707908339313,1.5065593585394363
JB0500_R0049_C0108,500,49,108,51000.0,-59500.0,51500.0,-59000.0,51250.0,-59250.0,250000,154443.48500317623,0.6177739400127049,1,104.02157220242897,1.5065581314032872
JB0500_R0050_C0009,500,50,9,1500.0,-59000.0,2000.0,-58500.0,1750.0,-58750.0,250000,202333.61339934292,0.8093344535973717,1,103.57675370687463,1.5111561919905943
JB0500_R0050_C0010,500,50,10,2000.0,-59000.0,2500.0,-58500.0,2250.0,-58750.0,250000,250000.0,1.0,0,103.58124683549784,1.5111558775861638
JB0500_R0050_C0011,500,50,11,2500.0,-59000.0,3000.0,-58500.0,2750.0,-58750.0,250000,250000.0,1.0,0,103.58573996411971,1.5111555538303603
JB0500_R0050_C0012,500,50,12,3000.0,-59000.0,3500.0,-58500.0,3250.0,-58750.0,250000,250000.0,1.0,0,103.59023309274025,1.511155220723186
JB0500_R0050_C0013,500,50,13,3500.0,-59000.0,4000.0,-58500.0,3750.0,-58750.0,250000,250000.0,1.0,0,103.5947262213594,1.5111548782646427
JB0500_R0050_C0014,500,50,14,4000.0,-59000.0,4500.0,-58500.0,4250.0,-58750.0,250000,250000.0,1.0,0,103.59921934997712,1.511154526454733
JB0500_R0050_C0015,500,50,15,4500.0,-59000.0,5000.0,-58500.0,4750.0,-58750.0,250000,250000.0,1.0,0,103.60371247859337,1.5111541652934584
JB0500_R0050_C0016,500,50,16,5000.0,-59000.0,5500.0,-58500.0,5250.0,-58750.0,250000,250000.0,1.0,0,103.60820560720812,1.5111537947808216
JB0500_R0050_C0017,500,50,17,5500.0,-59000.0,6000.0,-58500.0,5750.0,-58750.0,250000,250000.0,1.0,0,103.61269873582134,1.5111534149168246
JB0500_R0050_C0018,500,50,18,6000.0,-59000.0,6500.0,-58500.0,6250.0,-58750.0,250000,250000.0,1.0,0,103.61719186443297,1.51115302570147
JB0500_R0050_C0019,500,50,19,6500.0,-59000.0,7000.0,-58500.0,6750.0,-58750.0,250000,250000.0,1.0,0,103.62168499304298,1.51115262713476
JB0500_R0050_C0020,500,50,20,7000.0,-59000.0,7500.0,-58500.0,7250.0,-58750.0,250000,250000.0,1.0,0,103.62617812165134,1.5111522192166968
JB0500_R0050_C0021,500,50,21,7500.0,-59000.0,8000.0,-58500.0,7750.0,-58750.0,250000,250000.0,1.0,0,103.63067125025799,1.5111518019472836
JB0500_R0050_C0022,500,50,22,8000.0,-59000.0,8500.0,-58500.0,8250.0,-58750.0,250000,250000.0,1.0,0,103.63516437886292,1.5111513753265227
JB0500_R0050_C0023,500,50,23,8500.0,-59000.0,9000.0,-58500.0,8750.0,-58750.0,250000,250000.0,1.0,0,103.63965750746607,1.5111509393544162
JB0500_R0050_C0024,500,50,24,9000.0,-59000.0,9500.0,-58500.0,9250.0,-58750.0,250000,250000.0,1.0,0,103.64415063606741,1.5111504940309672
JB0500_R0050_C0025,500,50,25,9500.0,-59000.0,10000.0,-58500.0,9750.0,-58750.0,250000,250000.0,1.0,0,103.6486437646669,1.5111500393561788
JB0500_R0050_C0026,500,50,26,10000.0,-59000.0,10500.0,-58500.0,10250.0,-58750.0,250000,250000.0,1.0,0,103.6531368932645,1.5111495753300532
JB0500_R0050_C0027,500,50,27,10500.0,-59000.0,11000.0,-58500.0,10750.0,-58750.0,250000,250000.0,1.0,0,103.65763002186017,1.5111491019525938
JB0500_R0050_C0028,500,50,28,11000.0,-59000.0,11500.0,-58500.0,11250.0,-58750.0,250000,250000.0,1.0,0,103.6621231504539,1.5111486192238028
JB0500_R0050_C0029,500,50,29,11500.0,-59000.0,12000.0,-58500.0,11750.0,-58750.0,250000,250000.0,1.0,0,103.6666162790456,1.511148127143684
JB0500_R0050_C0030,500,50,30,12000.0,-59000.0,12500.0,-58500.0,12250.0,-58750.0,250000,250000.0,1.0,0,103.67110940763527,1.5111476257122398
JB0500_R0050_C0031,500,50,31,12500.0,-59000.0,13000.0,-58500.0,12750.0,-58750.0,250000,250000.0,1.0,0,103.67560253622285,1.5111471149294737
JB0500_R0050_C0032,500,50,32,13000.0,-59000.0,13500.0,-58500.0,13250.0,-58750.0,250000,250000.0,1.0,0,103.68009566480832,1.5111465947953884
JB0500_R0050_C0033,500,50,33,13500.0,-59000.0,14000.0,-58500.0,13750.0,-58750.0,250000,250000.0,1.0,0,103.68458879339164,1.5111460653099873
JB0500_R0050_C0034,500,50,34,14000.0,-59000.0,14500.0,-58500.0,14250.0,-58750.0,250000,250000.0,1.0,0,103.68908192197276,1.511145526473274
JB0500_R0050_C0035,500,50,35,14500.0,-59000.0,15000.0,-58500.0,14750.0,-58750.0,250000,250000.0,1.0,0,103.69357505055163,1.5111449782852515
JB0500_R0050_C0036,500,50,36,15000.0,-59000.0,15500.0,-58500.0,15250.0,-58750.0,250000,250000.0,1.0,0,103.69806817912824,1.5111444207459233
JB0500_R0050_C0037,500,50,37,15500.0,-59000.0,16000.0,-58500.0,15750.0,-58750.0,250000,250000.0,1.0,0,103.70256130770255,1.5111438538552924
JB0500_R0050_C0038,500,50,38,16000.0,-59000.0,16500.0,-58500.0,16250.0,-58750.0,250000,250000.0,1.0,0,103.7070544362745,1.5111432776133629
JB0500_R0050_C0039,500,50,39,16500.0,-59000.0,17000.0,-58500.0,16750.0,-58750.0,250000,250000.0,1.0,0,103.71154756484407,1.511142692020138
JB0500_R0050_C0040,500,50,40,17000.0,-59000.0,17500.0,-58500.0,17250.0,-58750.0,250000,250000.0,1.0,0,103.7160406934112,1.5111420970756213
JB0500_R0050_C0041,500,50,41,17500.0,-59000.0,18000.0,-58500.0,17750.0,-58750.0,250000,250000.0,1.0,0,103.72053382197588,1.5111414927798166
JB0500_R0050_C0042,500,50,42,18000.0,-59000.0,18500.0,-58500.0,18250.0,-58750.0,250000,250000.0,1.0,0,103.72502695053804,1.5111408791327279
JB0500_R0050_C0043,500,50,43,18500.0,-59000.0,19000.0,-58500.0,18750.0,-58750.0,250000,250000.0,1.0,0,103.72952007909767,1.5111402561343583
JB0500_R0050_C0044,500,50,44,19000.0,-59000.0,19500.0,-58500.0,19250.0,-58750.0,250000,250000.0,1.0,0,103.73401320765473,1.511139623784712
JB0500_R0050_C0045,500,50,45,19500.0,-59000.0,20000.0,-58500.0,19750.0,-58750.0,250000,250000.0,1.0,0,103.73850633620916,1.511138982083793
JB0500_R0050_C0046,500,50,46,20000.0,-59000.0,20500.0,-58500.0,20250.0,-58750.0,250000,250000.0,1.0,0,103.74299946476093,1.511138331031605
JB0500_R0050_C0047,500,50,47,20500.0,-59000.0,21000.0,-58500.0,20750.0,-58750.0,250000,250000.0,1.0,0,103.74749259331001,1.5111376706281523
JB0500_R0050_C0048,500,50,48,21000.0,-59000.0,21500.0,-58500.0,21250.0,-58750.0,250000,250000.0,1.0,0,103.75198572185636,1.5111370008734388
JB0500_R0050_C0049,500,50,49,21500.0,-59000.0,22000.0,-58500.0,21750.0,-58750.0,250000,250000.0,1.0,0,103.75647885039993,1.5111363217674685
JB0500_R0050_C0050,500,50,50,22000.0,-59000.0,22500.0,-58500.0,22250.0,-58750.0,250000,250000.0,1.0,0,103.76097197894069,1.511135633310246
JB0500_R0050_C0051,500,50,51,22500.0,-59000.0,23000.0,-58500.0,22750.0,-58750.0,250000,250000.0,1.0,0,103.76546510747862,1.5111349355017751
JB0500_R0050_C0052,500,50,52,23000.0,-59000.0,23500.0,-58500.0,23250.0,-58750.0,250000,250000.0,1.0,0,103.76995823601364,1.5111342283420603
JB0500_R0050_C0053,500,50,53,23500.0,-59000.0,24000.0,-58500.0,23750.0,-58750.0,250000,250000.0,1.0,0,103.77445136454575,1.5111335118311058
JB0500_R0050_C0054,500,50,54,24000.0,-59000.0,24500.0,-58500.0,24250.0,-58750.0,250000,250000.0,1.0,0,103.77894449307489,1.5111327859689163
JB0500_R0050_C0055,500,50,55,24500.0,-59000.0,25000.0,-58500.0,24750.0,-58750.0,250000,250000.0,1.0,0,103.78343762160102,1.511132050755496
JB0500_R0050_C0056,500,50,56,25000.0,-59000.0,25500.0,-58500.0,25250.0,-58750.0,250000,250000.0,1.0,0,103.78793075012412,1.5111313061908493
JB0500_R0050_C0057,500,50,57,25500.0,-59000.0,26000.0,-58500.0,25750.0,-58750.0,250000,250000.0,1.0,0,103.79242387864414,1.5111305522749814
JB0500_R0050_C0058,500,50,58,26000.0,-59000.0,26500.0,-58500.0,26250.0,-58750.0,250000,250000.0,1.0,0,103.79691700716104,1.5111297890078965
JB0500_R0050_C0059,500,50,59,26500.0,-59000.0,27000.0,-58500.0,26750.0,-58750.0,250000,250000.0,1.0,0,103.80141013567479,1.5111290163895992
JB0500_R0050_C0060,500,50,60,27000.0,-59000.0,27500.0,-58500.0,27250.0,-58750.0,250000,250000.0,1.0,0,103.80590326418533,1.5111282344200943
JB0500_R0050_C0061,500,50,61,27500.0,-59000.0,28000.0,-58500.0,27750.0,-58750.0,250000,250000.0,1.0,0,103.81039639269265,1.511127443099387
JB0500_R0050_C0062,500,50,62,28000.0,-59000.0,28500.0,-58500.0,28250.0,-58750.0,250000,250000.0,1.0,0,103.81488952119669,1.5111266424274818
JB0500_R0050_C0063,500,50,63,28500.0,-59000.0,29000.0,-58500.0,28750.0,-58750.0,250000,250000.0,1.0,0,103.81938264969743,1.5111258324043837
JB0500_R0050_C0064,500,50,64,29000.0,-59000.0,29500.0,-58500.0,29250.0,-58750.0,250000,250000.0,1.0,0,103.8238757781948,1.5111250130300977
JB0500_R0050_C0065,500,50,65,29500.0,-59000.0,30000.0,-58500.0,29750.0,-58750.0,250000,250000.0,1.0,0,103.82836890668882,1.5111241843046288
JB0500_R0050_C0066,500,50,66,30000.0,-59000.0,30500.0,-58500.0,30250.0,-58750.0,250000,250000.0,1.0,0,103.83286203517939,1.5111233462279825
JB0500_R0050_C0067,500,50,67,30500.0,-59000.0,31000.0,-58500.0,30750.0,-58750.0,250000,250000.0,1.0,0,103.8373551636665,1.5111224988001632
JB0500_R0050_C0068,500,50,68,31000.0,-59000.0,31500.0,-58500.0,31250.0,-58750.0,250000,250000.0,1.0,0,103.84184829215012,1.5111216420211768
JB0500_R0050_C0069,500,50,69,31500.0,-59000.0,32000.0,-58500.0,31750.0,-58750.0,250000,250000.0,1.0,0,103.84634142063018,1.5111207758910283
JB0500_R0050_C0070,500,50,70,32000.0,-59000.0,32500.0,-58500.0,32250.0,-58750.0,250000,250000.0,1.0,0,103.85083454910666,1.511119900409723
JB0500_R0050_C0071,500,50,71,32500.0,-59000.0,33000.0,-58500.0,32750.0,-58750.0,250000,250000.0,1.0,0,103.85532767757954,1.5111190155772665
JB0500_R0050_C0072,500,50,72,33000.0,-59000.0,33500.0,-58500.0,33250.0,-58750.0,250000,250000.0,1.0,0,103.85982080604876,1.511118121393664
JB0500_R0050_C0073,500,50,73,33500.0,-59000.0,34000.0,-58500.0,33750.0,-58750.0,250000,250000.0,1.0,0,103.86431393451429,1.511117217858921
JB0500_R0050_C0074,500,50,74,34000.0,-59000.0,34500.0,-58500.0,34250.0,-58750.0,250000,250000.0,1.0,0,103.86880706297607,1.5111163049730432
JB0500_R0050_C0075,500,50,75,34500.0,-59000.0,35000.0,-58500.0,34750.0,-58750.0,250000,250000.0,1.0,0,103.8733001914341,1.5111153827360362
JB0500_R0050_C0076,500,50,76,35000.0,-59000.0,35500.0,-58500.0,35250.0,-58750.0,250000,250000.0,1.0,0,103.87779331988831,1.5111144511479058
JB0500_R0050_C0077,500,50,77,35500.0,-59000.0,36000.0,-58500.0,35750.0,-58750.0,250000,250000.0,1.0,0,103.88228644833866,1.5111135102086575
JB0500_R0050_C0078,500,50,78,36000.0,-59000.0,36500.0,-58500.0,36250.0,-58750.0,250000,250000.0,1.0,0,103.88677957678514,1.511112559918297
JB0500_R0050_C0079,500,50,79,36500.0,-59000.0,37000.0,-58500.0,36750.0,-58750.0,250000,250000.0,1.0,0,103.89127270522769,1.5111116002768308
JB0500_R0050_C0080,500,50,80,37000.0,-59000.0,37500.0,-58500.0,37250.0,-58750.0,250000,250000.0,1.0,0,103.89576583366627,1.5111106312842641
JB0500_R0050_C0081,500,50,81,37500.0,-59000.0,38000.0,-58500.0,37750.0,-58750.0,250000,250000.0,1.0,0,103.90025896210088,1.5111096529406032
JB0500_R0050_C0082,500,50,82,38000.0,-59000.0,38500.0,-58500.0,38250.0,-58750.0,250000,250000.0,1.0,0,103.90475209053142,1.5111086652458539
JB0500_R0050_C0083,500,50,83,38500.0,-59000.0,39000.0,-58500.0,38750.0,-58750.0,250000,250000.0,1.0,0,103.90924521895789,1.5111076682000228
JB0500_R0050_C0084,500,50,84,39000.0,-59000.0,39500.0,-58500.0,39250.0,-58750.0,250000,250000.0,1.0,0,103.91373834738025,1.5111066618031153
JB0500_R0050_C0085,500,50,85,39500.0,-59000.0,40000.0,-58500.0,39750.0,-58750.0,250000,250000.0,1.0,0,103.91823147579844,1.511105646055138
JB0500_R0050_C0086,500,50,86,40000.0,-59000.0,40500.0,-58500.0,40250.0,-58750.0,250000,250000.0,1.0,0,103.92272460421243,1.5111046209560974
JB0500_R0050_C0087,500,50,87,40500.0,-59000.0,41000.0,-58500.0,40750.0,-58750.0,250000,250000.0,1.0,0,103.92721773262221,1.5111035865059994
JB0500_R0050_C0088,500,50,88,41000.0,-59000.0,41500.0,-58500.0,41250.0,-58750.0,250000,250000.0,1.0,0,103.93171086102771,1.5111025427048506
JB0500_R0050_C0089,500,50,89,41500.0,-59000.0,42000.0,-58500.0,41750.0,-58750.0,250000,250000.0,1.0,0,103.9362039894289,1.511101489552657
JB0500_R0050_C0090,500,50,90,42000.0,-59000.0,42500.0,-58500.0,42250.0,-58750.0,250000,250000.0,1.0,0,103.94069711782574,1.511100427049426
JB0500_R0050_C0091,500,50,91,42500.0,-59000.0,43000.0,-58500.0,42750.0,-58750.0,250000,250000.0,1.0,0,103.9451902462182,1.511099355195163
JB0500_R0050_C0092,500,50,92,43000.0,-59000.0,43500.0,-58500.0,43250.0,-58750.0,250000,250000.0,1.0,0,103.94968337460622,1.5110982739898757
JB0500_R0050_C0093,500,50,93,43500.0,-59000.0,44000.0,-58500.0,43750.0,-58750.0,250000,250000.0,1.0,0,103.95417650298981,1.5110971834335698
JB0500_R0050_C0094,500,50,94,44000.0,-59000.0,44500.0,-58500.0,44250.0,-58750.0,250000,250000.0,1.0,0,103.95866963136888,1.5110960835262526
JB0500_R0050_C0095,500,50,95,44500.0,-59000.0,45000.0,-58500.0,44750.0,-58750.0,250000,250000.0,1.0,0,103.9631627597434,1.511094974267931
JB0500_R0050_C0096,500,50,96,45000.0,-59000.0,45500.0,-58500.0,45250.0,-58750.0,250000,250000.0,1.0,0,103.96765588811336,1.511093855658611
JB0500_R0050_C0097,500,50,97,45500.0,-59000.0,46000.0,-58500.0,45750.0,-58750.0,250000,250000.0,1.0,0,103.9721490164787,1.5110927276983004
JB0500_R0050_C0098,500,50,98,46000.0,-59000.0,46500.0,-58500.0,46250.0,-58750.0,250000,250000.0,1.0,0,103.97664214483937,1.5110915903870057
JB0500_R0050_C0099,500,50,99,46500.0,-59000.0,47000.0,-58500.0,46750.0,-58750.0,250000,250000.0,1.0,0,103.98113527319536,1.5110904437247341
JB0500_R0050_C0100,500,50,100,47000.0,-59000.0,47500.0,-58500.0,47250.0,-58750.0,250000,250000.0,1.0,0,103.98562840154663,1.5110892877114925
JB0500_R0050_C0101,500,50,101,47500.0,-59000.0,48000.0,-58500.0,47750.0,-58750.0,250000,250000.0,1.0,0,103.9901215298931,1.511088122347288
JB0500_R0050_C0102,500,50,102,48000.0,-59000.0,48500.0,-58500.0,48250.0,-58750.0,250000,250000.0,1.0,0,103.9946146582348,1.511086947632128
JB0500_R0050_C0103,500,50,103,48500.0,-59000.0,49000.0,-58500.0,48750.0,-58750.0,250000,250000.0,1.0,0,103.99910778657161,1.5110857635660195
JB0500_R0050_C0104,500,50,104,49000.0,-59000.0,49500.0,-58500.0,49250.0,-58750.0,250000,250000.0,1.0,0,104.00360091490357,1.5110845701489697
JB0500_R0050_C0105,500,50,105,49500.0,-59000.0,50000.0,-58500.0,49750.0,-58750.0,250000,250000.0,1.0,0,104.00809404323059,1.5110833673809865
JB0500_R0050_C0106,500,50,106,50000.0,-59000.0,50500.0,-58500.0,50250.0,-58750.0,250000,250000.0,1.0,0,104.01258717155265,1.5110821552620766
JB0500_R0050_C0107,500,50,107,50500.0,-59000.0,51000.0,-58500.0,50750.0,-58750.0,250000,250000.0,1.0,0,104.0170802998697,1.5110809337922477
JB0500_R0050_C0108,500,50,108,51000.0,-59000.0,51500.0,-58500.0,51250.0,-58750.0,250000,134659.78231064946,0.5386391292425978,1,104.02157342818172,1.5110797029715077
JB0500_R0051_C0009,500,51,9,1500.0,-58500.0,2000.0,-58000.0,1750.0,-58250.0,250000,195476.6035415712,0.7819064141662848,1,103.57675401509835,1.5156779923477284
JB0500_R0051_C0010,500,51,10,2000.0,-58500.0,2500.0,-58000.0,2250.0,-58250.0,250000,250000.0,1.0,0,103.5812471530274,1.5156776770020914
JB0500_R0051_C0011,500,51,11,2500.0,-58500.0,3000.0,-58000.0,2750.0,-58250.0,250000,250000.0,1.0,0,103.58574029095516,1.5156773522770872
JB0500_R0051_C0012,500,51,12,3000.0,-58500.0,3500.0,-58000.0,3250.0,-58250.0,250000,250000.0,1.0,0,103.59023342888153,1.5156770181727177
JB0500_R0051_C0013,500,51,13,3500.0,-58500.0,4000.0,-58000.0,3750.0,-58250.0,250000,250000.0,1.0,0,103.59472656680653,1.5156766746889847
JB0500_R0051_C0014,500,51,14,4000.0,-58500.0,4500.0,-58000.0,4250.0,-58250.0,250000,250000.0,1.0,0,103.59921970473009,1.5156763218258906
JB0500_R0051_C0015,500,51,15,4500.0,-58500.0,5000.0,-58000.0,4750.0,-58250.0,250000,250000.0,1.0,0,103.60371284265216,1.5156759595834375
JB0500_R0051_C0016,500,51,16,5000.0,-58500.0,5500.0,-58000.0,5250.0,-58250.0,250000,250000.0,1.0,0,103.60820598057273,1.515675587961628
JB0500_R0051_C0017,500,51,17,5500.0,-58500.0,6000.0,-58000.0,5750.0,-58250.0,250000,250000.0,1.0,0,103.61269911849176,1.5156752069604635
JB0500_R0051_C0018,500,51,18,6000.0,-58500.0,6500.0,-58000.0,6250.0,-58250.0,250000,250000.0,1.0,0,103.61719225640918,1.5156748165799472
JB0500_R0051_C0019,500,51,19,6500.0,-58500.0,7000.0,-58000.0,6750.0,-58250.0,250000,250000.0,1.0,0,103.62168539432498,1.515674416820081
JB0500_R0051_C0020,500,51,20,7000.0,-58500.0,7500.0,-58000.0,7250.0,-58250.0,250000,250000.0,1.0,0,103.62617853223911,1.5156740076808677
JB0500_R0051_C0021,500,51,21,7500.0,-58500.0,8000.0,-58000.0,7750.0,-58250.0,250000,250000.0,1.0,0,103.63067167015154,1.5156735891623097
JB0500_R0051_C0022,500,51,22,8000.0,-58500.0,8500.0,-58000.0,8250.0,-58250.0,250000,250000.0,1.0,0,103.63516480806223,1.5156731612644094
JB0500_R0051_C0023,500,51,23,8500.0,-58500.0,9000.0,-58000.0,8750.0,-58250.0,250000,250000.0,1.0,0,103.63965794597112,1.5156727239871695
JB0500_R0051_C0024,500,51,24,9000.0,-58500.0,9500.0,-58000.0,9250.0,-58250.0,250000,250000.0,1.0,0,103.6441510838782,1.5156722773305928
JB0500_R0051_C0025,500,51,25,9500.0,-58500.0,10000.0,-58000.0,9750.0,-58250.0,250000,250000.0,1.0,0,103.64864422178343,1.515671821294682
JB0500_R0051_C0026,500,51,26,10000.0,-58500.0,10500.0,-58000.0,10250.0,-58250.0,250000,250000.0,1.0,0,103.65313735968672,1.5156713558794401
JB0500_R0051_C0027,500,51,27,10500.0,-58500.0,11000.0,-58000.0,10750.0,-58250.0,250000,250000.0,1.0,0,103.65763049758812,1.5156708810848696
JB0500_R0051_C0028,500,51,28,11000.0,-58500.0,11500.0,-58000.0,11250.0,-58250.0,250000,250000.0,1.0,0,103.66212363548752,1.515670396910974
JB0500_R0051_C0029,500,51,29,11500.0,-58500.0,12000.0,-58000.0,11750.0,-58250.0,250000,250000.0,1.0,0,103.6666167733849,1.5156699033577554
JB0500_R0051_C0030,500,51,30,12000.0,-58500.0,12500.0,-58000.0,12250.0,-58250.0,250000,250000.0,1.0,0,103.67110991128024,1.5156694004252176
JB0500_R0051_C0031,500,51,31,12500.0,-58500.0,13000.0,-58000.0,12750.0,-58250.0,250000,250000.0,1.0,0,103.67560304917347,1.5156688881133635
JB0500_R0051_C0032,500,51,32,13000.0,-58500.0,13500.0,-58000.0,13250.0,-58250.0,250000,250000.0,1.0,0,103.68009618706459,1.515668366422196
JB0500_R0051_C0033,500,51,33,13500.0,-58500.0,14000.0,-58000.0,13750.0,-58250.0,250000,250000.0,1.0,0,103.68458932495354,1.5156678353517186
JB0500_R0051_C0034,500,51,34,14000.0,-58500.0,14500.0,-58000.0,14250.0,-58250.0,250000,250000.0,1.0,0,103.68908246284026,1.5156672949019343
JB0500_R0051_C0035,500,51,35,14500.0,-58500.0,15000.0,-58000.0,14750.0,-58250.0,250000,250000.0,1.0,0,103.69357560072474,1.515666745072847
JB0500_R0051_C0036,500,51,36,15000.0,-58500.0,15500.0,-58000.0,15250.0,-58250.0,250000,250000.0,1.0,0,103.69806873860695,1.5156661858644593
JB0500_R0051_C0037,500,51,37,15500.0,-58500.0,16000.0,-58000.0,15750.0,-58250.0,250000,250000.0,1.0,0,103.70256187648683,1.515665617276775
JB0500_R0051_C0038,500,51,38,16000.0,-58500.0,16500.0,-58000.0,16250.0,-58250.0,250000,250000.0,1.0,0,103.70705501436433,1.515665039309798
JB0500_R0051_C0039,500,51,39,16500.0,-58500.0,17000.0,-58000.0,16750.0,-58250.0,250000,250000.0,1.0,0,103.71154815223944,1.5156644519635314
JB0500_R0051_C0040,500,51,40,17000.0,-58500.0,17500.0,-58000.0,17250.0,-58250.0,250000,250000.0,1.0,0,103.71604129011212,1.5156638552379786
JB0500_R0051_C0041,500,51,41,17500.0,-58500.0,18000.0,-58000.0,17750.0,-58250.0,250000,250000.0,1.0,0,103.7205344279823,1.5156632491331439
JB0500_R0051_C0042,500,51,42,18000.0,-58500.0,18500.0,-58000.0,18250.0,-58250.0,250000,250000.0,1.0,0,103.72502756584997,1.5156626336490304
JB0500_R0051_C0043,500,51,43,18500.0,-58500.0,19000.0,-58000.0,18750.0,-58250.0,250000,250000.0,1.0,0,103.72952070371508,1.5156620087856425
JB0500_R0051_C0044,500,51,44,19000.0,-58500.0,19500.0,-58000.0,19250.0,-58250.0,250000,250000.0,1.0,0,103.7340138415776,1.5156613745429837
JB0500_R0051_C0045,500,51,45,19500.0,-58500.0,20000.0,-58000.0,19750.0,-58250.0,250000,250000.0,1.0,0,103.73850697943749,1.515660730921058
JB0500_R0051_C0046,500,51,46,20000.0,-58500.0,20500.0,-58000.0,20250.0,-58250.0,250000,250000.0,1.0,0,103.74300011729471,1.5156600779198692
JB0500_R0051_C0047,500,51,47,20500.0,-58500.0,21000.0,-58000.0,20750.0,-58250.0,250000,250000.0,1.0,0,103.74749325514922,1.5156594155394214
JB0500_R0051_C0048,500,51,48,21000.0,-58500.0,21500.0,-58000.0,21250.0,-58250.0,250000,250000.0,1.0,0,103.75198639300096,1.5156587437797189
JB0500_R0051_C0049,500,51,49,21500.0,-58500.0,22000.0,-58000.0,21750.0,-58250.0,250000,250000.0,1.0,0,103.75647953084993,1.5156580626407654
JB0500_R0051_C0050,500,51,50,22000.0,-58500.0,22500.0,-58000.0,22250.0,-58250.0,250000,250000.0,1.0,0,103.76097266869607,1.5156573721225657
JB0500_R0051_C0051,500,51,51,22500.0,-58500.0,23000.0,-58000.0,22750.0,-58250.0,250000,250000.0,1.0,0,103.76546580653934,1.5156566722251235
JB0500_R0051_C0052,500,51,52,23000.0,-58500.0,23500.0,-58000.0,23250.0,-58250.0,250000,250000.0,1.0,0,103.76995894437971,1.5156559629484434
JB0500_R0051_C0053,500,51,53,23500.0,-58500.0,24000.0,-58000.0,23750.0,-58250.0,250000,250000.0,1.0,0,103.77445208221714,1.5156552442925297
JB0500_R0051_C0054,500,51,54,24000.0,-58500.0,24500.0,-58000.0,24250.0,-58250.0,250000,250000.0,1.0,0,103.77894522005158,1.5156545162573867
JB0500_R0051_C0055,500,51,55,24500.0,-58500.0,25000.0,-58000.0,24750.0,-58250.0,250000,250000.0,1.0,0,103.783438357883,1.515653778843019
JB0500_R0051_C0056,500,51,56,25000.0,-58500.0,25500.0,-58000.0,25250.0,-58250.0,250000,250000.0,1.0,0,103.78793149571136,1.5156530320494312
JB0500_R0051_C0057,500,51,57,25500.0,-58500.0,26000.0,-58000.0,25750.0,-58250.0,250000,250000.0,1.0,0,103.79242463353663,1.5156522758766278
JB0500_R0051_C0058,500,51,58,26000.0,-58500.0,26500.0,-58000.0,26250.0,-58250.0,250000,250000.0,1.0,0,103.79691777135876,1.5156515103246135
JB0500_R0051_C0059,500,51,59,26500.0,-58500.0,27000.0,-58000.0,26750.0,-58250.0,250000,250000.0,1.0,0,103.80141090917772,1.515650735393393
JB0500_R0051_C0060,500,51,60,27000.0,-58500.0,27500.0,-58000.0,27250.0,-58250.0,250000,250000.0,1.0,0,103.80590404699345,1.5156499510829713
JB0500_R0051_C0061,500,51,61,27500.0,-58500.0,28000.0,-58000.0,27750.0,-58250.0,250000,250000.0,1.0,0,103.81039718480595,1.5156491573933528
JB0500_R0051_C0062,500,51,62,28000.0,-58500.0,28500.0,-58000.0,28250.0,-58250.0,250000,250000.0,1.0,0,103.81489032261514,1.5156483543245427
JB0500_R0051_C0063,500,51,63,28500.0,-58500.0,29000.0,-58000.0,28750.0,-58250.0,250000,250000.0,1.0,0,103.81938346042101,1.5156475418765456
JB0500_R0051_C0064,500,51,64,29000.0,-58500.0,29500.0,-58000.0,29250.0,-58250.0,250000,250000.0,1.0,0,103.8238765982235,1.5156467200493668
JB0500_R0051_C0065,500,51,65,29500.0,-58500.0,30000.0,-58000.0,29750.0,-58250.0,250000,250000.0,1.0,0,103.82836973602261,1.5156458888430115
JB0500_R0051_C0066,500,51,66,30000.0,-58500.0,30500.0,-58000.0,30250.0,-58250.0,250000,250000.0,1.0,0,103.83286287381826,1.5156450482574844
JB0500_R0051_C0067,500,51,67,30500.0,-58500.0,31000.0,-58000.0,30750.0,-58250.0,250000,250000.0,1.0,0,103.83735601161042,1.515644198292791
JB0500_R0051_C0068,500,51,68,31000.0,-58500.0,31500.0,-58000.0,31250.0,-58250.0,250000,250000.0,1.0,0,103.84184914939905,1.5156433389489368
JB0500_R0051_C0069,500,51,69,31500.0,-58500.0,32000.0,-58000.0,31750.0,-58250.0,250000,250000.0,1.0,0,103.84634228718413,1.5156424702259264
JB0500_R0051_C0070,500,51,70,32000.0,-58500.0,32500.0,-58000.0,32250.0,-58250.0,250000,250000.0,1.0,0,103.85083542496561,1.5156415921237654
JB0500_R0051_C0071,500,51,71,32500.0,-58500.0,33000.0,-58000.0,32750.0,-58250.0,250000,250000.0,1.0,0,103.85532856274344,1.5156407046424594
JB0500_R0051_C0072,500,51,72,33000.0,-58500.0,33500.0,-58000.0,33250.0,-58250.0,250000,250000.0,1.0,0,103.85982170051761,1.5156398077820135
JB0500_R0051_C0073,500,51,73,33500.0,-58500.0,34000.0,-58000.0,33750.0,-58250.0,250000,250000.0,1.0,0,103.86431483828805,1.5156389015424339
JB0500_R0051_C0074,500,51,74,34000.0,-58500.0,34500.0,-58000.0,34250.0,-58250.0,250000,250000.0,1.0,0,103.86880797605474,1.5156379859237257
JB0500_R0051_C0075,500,51,75,34500.0,-58500.0,35000.0,-58000.0,34750.0,-58250.0,250000,250000.0,1.0,0,103.87330111381763,1.5156370609258942
JB0500_R0051_C0076,500,51,76,35000.0,-58500.0,35500.0,-58000.0,35250.0,-58250.0,250000,250000.0,1.0,0,103.8777942515767,1.5156361265489458
JB0500_R0051_C0077,500,51,77,35500.0,-58500.0,36000.0,-58000.0,35750.0,-58250.0,250000,250000.0,1.0,0,103.8822873893319,1.515635182792886
JB0500_R0051_C0078,500,51,78,36000.0,-58500.0,36500.0,-58000.0,36250.0,-58250.0,250000,250000.0,1.0,0,103.88678052708318,1.5156342296577205
JB0500_R0051_C0079,500,51,79,36500.0,-58500.0,37000.0,-58000.0,36750.0,-58250.0,250000,250000.0,1.0,0,103.89127366483052,1.5156332671434551
JB0500_R0051_C0080,500,51,80,37000.0,-58500.0,37500.0,-58000.0,37250.0,-58250.0,250000,250000.0,1.0,0,103.89576680257387,1.515632295250096
JB0500_R0051_C0081,500,51,81,37500.0,-58500.0,38000.0,-58000.0,37750.0,-58250.0,250000,250000.0,1.0,0,103.90025994031319,1.5156313139776487
JB0500_R0051_C0082,500,51,82,38000.0,-58500.0,38500.0,-58000.0,38250.0,-58250.0,250000,250000.0,1.0,0,103.90475307804844,1.51563032332612
JB0500_R0051_C0083,500,51,83,38500.0,-58500.0,39000.0,-58000.0,38750.0,-58250.0,250000,250000.0,1.0,0,103.9092462157796,1.5156293232955156
JB0500_R0051_C0084,500,51,84,39000.0,-58500.0,39500.0,-58000.0,39250.0,-58250.0,250000,250000.0,1.0,0,103.91373935350661,1.5156283138858413
JB0500_R0051_C0085,500,51,85,39500.0,-58500.0,40000.0,-58000.0,39750.0,-58250.0,250000,250000.0,1.0,0,103.91823249122945,1.515627295097104
JB0500_R0051_C0086,500,51,86,40000.0,-58500.0,40500.0,-58000.0,40250.0,-58250.0,250000,250000.0,1.0,0,103.92272562894807,1.5156262669293095
JB0500_R0051_C0087,500,51,87,40500.0,-58500.0,41000.0,-58000.0,40750.0,-58250.0,250000,250000.0,1.0,0,103.92721876666243,1.5156252293824641
JB0500_R0051_C0088,500,51,88,41000.0,-58500.0,41500.0,-58000.0,41250.0,-58250.0,250000,250000.0,1.0,0,103.93171190437249,1.5156241824565744
JB0500_R0051_C0089,500,51,89,41500.0,-58500.0,42000.0,-58000.0,41750.0,-58250.0,250000,250000.0,1.0,0,103.93620504207823,1.515623126151647
JB0500_R0051_C0090,500,51,90,42000.0,-58500.0,42500.0,-58000.0,42250.0,-58250.0,250000,250000.0,1.0,0,103.94069817977956,1.5156220604676882
JB0500_R0051_C0091,500,51,91,42500.0,-58500.0,43000.0,-58000.0,42750.0,-58250.0,250000,250000.0,1.0,0,103.94519131747651,1.5156209854047045
JB0500_R0051_C0092,500,51,92,43000.0,-58500.0,43500.0,-58000.0,43250.0,-58250.0,250000,250000.0,1.0,0,103.94968445516899,1.5156199009627027
JB0500_R0051_C0093,500,51,93,43500.0,-58500.0,44000.0,-58000.0,43750.0,-58250.0,250000,250000.0,1.0,0,103.95417759285701,1.515618807141689
JB0500_R0051_C0094,500,51,94,44000.0,-58500.0,44500.0,-58000.0,44250.0,-58250.0,250000,250000.0,1.0,0,103.95867073054048,1.5156177039416707
JB0500_R0051_C0095,500,51,95,44500.0,-58500.0,45000.0,-58000.0,44750.0,-58250.0,250000,250000.0,1.0,0,103.96316386821938,1.5156165913626547
JB0500_R0051_C0096,500,51,96,45000.0,-58500.0,45500.0,-58000.0,45250.0,-58250.0,250000,250000.0,1.0,0,103.96765700589368,1.5156154694046473
JB0500_R0051_C0097,500,51,97,45500.0,-58500.0,46000.0,-58000.0,45750.0,-58250.0,250000,250000.0,1.0,0,103.97215014356334,1.5156143380676554
JB0500_R0051_C0098,500,51,98,46000.0,-58500.0,46500.0,-58000.0,46250.0,-58250.0,250000,250000.0,1.0,0,103.9766432812283,1.5156131973516866
JB0500_R0051_C0099,500,51,99,46500.0,-58500.0,47000.0,-58000.0,46750.0,-58250.0,250000,250000.0,1.0,0,103.98113641888857,1.5156120472567476
JB0500_R0051_C0100,500,51,100,47000.0,-58500.0,47500.0,-58000.0,47250.0,-58250.0,250000,250000.0,1.0,0,103.98562955654405,1.5156108877828451
JB0500_R0051_C0101,500,51,101,47500.0,-58500.0,48000.0,-58000.0,47750.0,-58250.0,250000,250000.0,1.0,0,103.99012269419475,1.5156097189299869
JB0500_R0051_C0102,500,51,102,48000.0,-58500.0,48500.0,-58000.0,48250.0,-58250.0,250000,250000.0,1.0,0,103.99461583184062,1.5156085406981796
JB0500_R0051_C0103,500,51,103,48500.0,-58500.0,49000.0,-58000.0,48750.0,-58250.0,250000,250000.0,1.0,0,103.9991089694816,1.515607353087431
JB0500_R0051_C0104,500,51,104,49000.0,-58500.0,49500.0,-58000.0,49250.0,-58250.0,250000,250000.0,1.0,0,104.00360210711766,1.515606156097748
JB0500_R0051_C0105,500,51,105,49500.0,-58500.0,50000.0,-58000.0,49750.0,-58250.0,250000,250000.0,1.0,0,104.00809524474877,1.5156049497291382
JB0500_R0051_C0106,500,51,106,50000.0,-58500.0,50500.0,-58000.0,50250.0,-58250.0,250000,250000.0,1.0,0,104.0125883823749,1.5156037339816086
JB0500_R0051_C0107,500,51,107,50500.0,-58500.0,51000.0,-58000.0,50750.0,-58250.0,250000,250000.0,1.0,0,104.01708151999598,1.5156025088551675
JB0500_R0051_C0108,500,51,108,51000.0,-58500.0,51500.0,-58000.0,51250.0,-58250.0,250000,115544.05313777352,0.4621762125510941,1,104.021574657612,1.5156012743498217
JB0500_R0052_C0009,500,52,9,1500.0,-58000.0,2000.0,-57500.0,1750.0,-57750.0,250000,189714.00941097544,0.7588560376439017,1,103.57675432424404,1.5201997925152972
JB0500_R0052_C0010,500,52,10,2000.0,-58000.0,2500.0,-57500.0,2250.0,-57750.0,250000,250000.0,1.0,0,103.5812474715068,1.52019947622845
JB0500_R0052_C0011,500,52,11,2500.0,-58000.0,3000.0,-57500.0,2750.0,-57750.0,250000,250000.0,1.0,0,103.58574061876824,1.5201991505342412
JB0500_R0052_C0012,500,52,12,3000.0,-58000.0,3500.0,-57500.0,3250.0,-57750.0,250000,250000.0,1.0,0,103.59023376602832,1.5201988154326724
JB0500_R0052_C0013,500,52,13,3500.0,-58000.0,4000.0,-57500.0,3750.0,-57750.0,250000,250000.0,1.0,0,103.59472691328699,1.5201984709237455
JB0500_R0052_C0014,500,52,14,4000.0,-58000.0,4500.0,-57500.0,4250.0,-57750.0,250000,250000.0,1.0,0,103.59922006054421,1.5201981170074634
JB0500_R0052_C0015,500,52,15,4500.0,-58000.0,5000.0,-57500.0,4750.0,-57750.0,250000,250000.0,1.0,0,103.60371320779996,1.5201977536838274
JB0500_R0052_C0016,500,52,16,5000.0,-58000.0,5500.0,-57500.0,5250.0,-57750.0,250000,250000.0,1.0,0,103.60820635505418,1.5201973809528404
JB0500_R0052_C0017,500,52,17,5500.0,-58000.0,6000.0,-57500.0,5750.0,-57750.0,250000,250000.0,1.0,0,103.61269950230685,1.5201969988145043
JB0500_R0052_C0018,500,52,18,6000.0,-58000.0,6500.0,-57500.0,6250.0,-57750.0,250000,250000.0,1.0,0,103.61719264955791,1.5201966072688213
JB0500_R0052_C0019,500,52,19,6500.0,-58000.0,7000.0,-57500.0,6750.0,-57750.0,250000,250000.0,1.0,0,103.62168579680733,1.5201962063157946
JB0500_R0052_C0020,500,52,20,7000.0,-58000.0,7500.0,-57500.0,7250.0,-57750.0,250000,250000.0,1.0,0,103.62617894405508,1.520195795955426
JB0500_R0052_C0021,500,52,21,7500.0,-58000.0,8000.0,-57500.0,7750.0,-57750.0,250000,250000.0,1.0,0,103.63067209130111,1.520195376187718
JB0500_R0052_C0022,500,52,22,8000.0,-58000.0,8500.0,-57500.0,8250.0,-57750.0,250000,250000.0,1.0,0,103.63516523854538,1.5201949470126734
JB0500_R0052_C0023,500,52,23,8500.0,-58000.0,9000.0,-57500.0,8750.0,-57750.0,250000,250000.0,1.0,0,103.63965838578787,1.520194508430295
JB0500_R0052_C0024,500,52,24,9000.0,-58000.0,9500.0,-57500.0,9250.0,-57750.0,250000,250000.0,1.0,0,103.64415153302852,1.5201940604405855
JB0500_R0052_C0025,500,52,25,9500.0,-58000.0,10000.0,-57500.0,9750.0,-57750.0,250000,250000.0,1.0,0,103.6486446802673,1.520193603043547
JB0500_R0052_C0026,500,52,26,10000.0,-58000.0,10500.0,-57500.0,10250.0,-57750.0,250000,250000.0,1.0,0,103.65313782750417,1.5201931362391832
JB0500_R0052_C0027,500,52,27,10500.0,-58000.0,11000.0,-57500.0,10750.0,-57750.0,250000,250000.0,1.0,0,103.65763097473908,1.5201926600274962
JB0500_R0052_C0028,500,52,28,11000.0,-58000.0,11500.0,-57500.0,11250.0,-57750.0,250000,250000.0,1.0,0,103.66212412197201,1.5201921744084894
JB0500_R0052_C0029,500,52,29,11500.0,-58000.0,12000.0,-57500.0,11750.0,-57750.0,250000,250000.0,1.0,0,103.6666172692029,1.5201916793821657
JB0500_R0052_C0030,500,52,30,12000.0,-58000.0,12500.0,-57500.0,12250.0,-57750.0,250000,250000.0,1.0,0,103.67111041643174,1.5201911749485284
JB0500_R0052_C0031,500,52,31,12500.0,-58000.0,13000.0,-57500.0,12750.0,-57750.0,250000,250000.0,1.0,0,103.67560356365848,1.52019066110758
JB0500_R0052_C0032,500,52,32,13000.0,-58000.0,13500.0,-57500.0,13250.0,-57750.0,250000,250000.0,1.0,0,103.68009671088306,1.5201901378593243
JB0500_R0052_C0033,500,52,33,13500.0,-58000.0,14000.0,-57500.0,13750.0,-57750.0,250000,250000.0,1.0,0,103.68458985810548,1.5201896052037642
JB0500_R0052_C0034,500,52,34,14000.0,-58000.0,14500.0,-57500.0,14250.0,-57750.0,250000,250000.0,1.0,0,103.68908300532564,1.5201890631409027
JB0500_R0052_C0035,500,52,35,14500.0,-58000.0,15000.0,-57500.0,14750.0,-57750.0,250000,250000.0,1.0,0,103.69357615254359,1.5201885116707439
JB0500_R0052_C0036,500,52,36,15000.0,-58000.0,15500.0,-57500.0,15250.0,-57750.0,250000,250000.0,1.0,0,103.6980692997592,1.5201879507932905
JB0500_R0052_C0037,500,52,37,15500.0,-58000.0,16000.0,-57500.0,15750.0,-57750.0,250000,250000.0,1.0,0,103.7025624469725,1.520187380508546
JB0500_R0052_C0038,500,52,38,16000.0,-58000.0,16500.0,-57500.0,16250.0,-57750.0,250000,250000.0,1.0,0,103.70705559418339,1.5201868008165145
JB0500_R0052_C0039,500,52,39,16500.0,-58000.0,17000.0,-57500.0,16750.0,-57750.0,250000,250000.0,1.0,0,103.71154874139188,1.520186211717199
JB0500_R0052_C0040,500,52,40,17000.0,-58000.0,17500.0,-57500.0,17250.0,-57750.0,250000,250000.0,1.0,0,103.71604188859791,1.5201856132106033
JB0500_R0052_C0041,500,52,41,17500.0,-58000.0,18000.0,-57500.0,17750.0,-57750.0,250000,250000.0,1.0,0,103.72053503580146,1.5201850052967312
JB0500_R0052_C0042,500,52,42,18000.0,-58000.0,18500.0,-57500.0,18250.0,-57750.0,250000,250000.0,1.0,0,103.72502818300246,1.5201843879755863
JB0500_R0052_C0043,500,52,43,18500.0,-58000.0,19000.0,-57500.0,18750.0,-57750.0,250000,250000.0,1.0,0,103.7295213302009,1.5201837612471722
JB0500_R0052_C0044,500,52,44,19000.0,-58000.0,19500.0,-57500.0,19250.0,-57750.0,250000,250000.0,1.0,0,103.73401447739673,1.5201831251114932
JB0500_R0052_C0045,500,52,45,19500.0,-58000.0,20000.0,-57500.0,19750.0,-57750.0,250000,250000.0,1.0,0,103.73850762458991,1.5201824795685532
JB0500_R0052_C0046,500,52,46,20000.0,-58000.0,20500.0,-57500.0,20250.0,-57750.0,250000,250000.0,1.0,0,103.7430007717804,1.5201818246183558
JB0500_R0052_C0047,500,52,47,20500.0,-58000.0,21000.0,-57500.0,20750.0,-57750.0,250000,250000.0,1.0,0,103.74749391896816,1.5201811602609052
JB0500_R0052_C0048,500,52,48,21000.0,-58000.0,21500.0,-57500.0,21250.0,-57750.0,250000,250000.0,1.0,0,103.75198706615315,1.5201804864962056
JB0500_R0052_C0049,500,52,49,21500.0,-58000.0,22000.0,-57500.0,21750.0,-57750.0,250000,250000.0,1.0,0,103.75648021333535,1.520179803324261
JB0500_R0052_C0050,500,52,50,22000.0,-58000.0,22500.0,-57500.0,22250.0,-57750.0,250000,250000.0,1.0,0,103.7609733605147,1.5201791107450757
JB0500_R0052_C0051,500,52,51,22500.0,-58000.0,23000.0,-57500.0,22750.0,-57750.0,250000,250000.0,1.0,0,103.76546650769114,1.520178408758654
JB0500_R0052_C0052,500,52,52,23000.0,-58000.0,23500.0,-57500.0,23250.0,-57750.0,250000,250000.0,1.0,0,103.76995965486469,1.5201776973650003
JB0500_R0052_C0053,500,52,53,23500.0,-58000.0,24000.0,-57500.0,23750.0,-57750.0,250000,250000.0,1.0,0,103.77445280203527,1.5201769765641189
JB0500_R0052_C0054,500,52,54,24000.0,-58000.0,24500.0,-57500.0,24250.0,-57750.0,250000,250000.0,1.0,0,103.77894594920285,1.5201762463560138
JB0500_R0052_C0055,500,52,55,24500.0,-58000.0,25000.0,-57500.0,24750.0,-57750.0,250000,250000.0,1.0,0,103.7834390963674,1.5201755067406901
JB0500_R0052_C0056,500,52,56,25000.0,-58000.0,25500.0,-57500.0,25250.0,-57750.0,250000,250000.0,1.0,0,103.78793224352886,1.5201747577181521
JB0500_R0052_C0057,500,52,57,25500.0,-58000.0,26000.0,-57500.0,25750.0,-57750.0,250000,250000.0,1.0,0,103.79242539068721,1.5201739992884045
JB0500_R0052_C0058,500,52,58,26000.0,-58000.0,26500.0,-57500.0,26250.0,-57750.0,250000,250000.0,1.0,0,103.7969185378424,1.5201732314514518
JB0500_R0052_C0059,500,52,59,26500.0,-58000.0,27000.0,-57500.0,26750.0,-57750.0,250000,250000.0,1.0,0,103.8014116849944,1.520172454207299
JB0500_R0052_C0060,500,52,60,27000.0,-58000.0,27500.0,-57500.0,27250.0,-57750.0,250000,250000.0,1.0,0,103.80590483214317,1.5201716675559507
JB0500_R0052_C0061,500,52,61,27500.0,-58000.0,28000.0,-57500.0,27750.0,-57750.0,250000,250000.0,1.0,0,103.81039797928867,1.5201708714974118
JB0500_R0052_C0062,500,52,62,28000.0,-58000.0,28500.0,-57500.0,28250.0,-57750.0,250000,250000.0,1.0,0,103.81489112643087,1.520170066031687
JB0500_R0052_C0063,500,52,63,28500.0,-58000.0,29000.0,-57500.0,28750.0,-57750.0,250000,250000.0,1.0,0,103.81938427356968,1.5201692511587817
JB0500_R0052_C0064,500,52,64,29000.0,-58000.0,29500.0,-57500.0,29250.0,-57750.0,250000,250000.0,1.0,0,103.82387742070514,1.5201684268787004
JB0500_R0052_C0065,500,52,65,29500.0,-58000.0,30000.0,-57500.0,29750.0,-57750.0,250000,250000.0,1.0,0,103.82837056783715,1.5201675931914487
JB0500_R0052_C0066,500,52,66,30000.0,-58000.0,30500.0,-57500.0,30250.0,-57750.0,250000,250000.0,1.0,0,103.83286371496571,1.5201667500970315
JB0500_R0052_C0067,500,52,67,30500.0,-58000.0,31000.0,-57500.0,30750.0,-57750.0,250000,250000.0,1.0,0,103.83735686209076,1.5201658975954535
JB0500_R0052_C0068,500,52,68,31000.0,-58000.0,31500.0,-57500.0,31250.0,-57750.0,250000,250000.0,1.0,0,103.84185000921227,1.520165035686721
JB0500_R0052_C0069,500,52,69,31500.0,-58000.0,32000.0,-57500.0,31750.0,-57750.0,250000,250000.0,1.0,0,103.84634315633018,1.5201641643708383
JB0500_R0052_C0070,500,52,70,32000.0,-58000.0,32500.0,-57500.0,32250.0,-57750.0,250000,250000.0,1.0,0,103.85083630344448,1.5201632836478114
JB0500_R0052_C0071,500,52,71,32500.0,-58000.0,33000.0,-57500.0,32750.0,-57750.0,250000,250000.0,1.0,0,103.85532945055512,1.5201623935176454
JB0500_R0052_C0072,500,52,72,33000.0,-58000.0,33500.0,-57500.0,33250.0,-57750.0,250000,250000.0,1.0,0,103.85982259766206,1.520161493980346
JB0500_R0052_C0073,500,52,73,33500.0,-58000.0,34000.0,-57500.0,33750.0,-57750.0,250000,250000.0,1.0,0,103.86431574476525,1.5201605850359186
JB0500_R0052_C0074,500,52,74,34000.0,-58000.0,34500.0,-57500.0,34250.0,-57750.0,250000,250000.0,1.0,0,103.86880889186467,1.5201596666843689
JB0500_R0052_C0075,500,52,75,34500.0,-58000.0,35000.0,-57500.0,34750.0,-57750.0,250000,250000.0,1.0,0,103.87330203896029,1.5201587389257023
JB0500_R0052_C0076,500,52,76,35000.0,-58000.0,35500.0,-57500.0,35250.0,-57750.0,250000,250000.0,1.0,0,103.87779518605204,1.5201578017599249
JB0500_R0052_C0077,500,52,77,35500.0,-58000.0,36000.0,-57500.0,35750.0,-57750.0,250000,250000.0,1.0,0,103.8822883331399,1.5201568551870424
JB0500_R0052_C0078,500,52,78,36000.0,-58000.0,36500.0,-57500.0,36250.0,-57750.0,250000,250000.0,1.0,0,103.88678148022382,1.52015589920706
JB0500_R0052_C0079,500,52,79,36500.0,-58000.0,37000.0,-57500.0,36750.0,-57750.0,250000,250000.0,1.0,0,103.89127462730377,1.5201549338199847
JB0500_R0052_C0080,500,52,80,37000.0,-58000.0,37500.0,-57500.0,37250.0,-57750.0,250000,250000.0,1.0,0,103.89576777437972,1.5201539590258215
JB0500_R0052_C0081,500,52,81,37500.0,-58000.0,38000.0,-57500.0,37750.0,-57750.0,250000,250000.0,1.0,0,103.9002609214516,1.5201529748245766
JB0500_R0052_C0082,500,52,82,38000.0,-58000.0,38500.0,-57500.0,38250.0,-57750.0,250000,250000.0,1.0,0,103.90475406851941,1.5201519812162563
JB0500_R0052_C0083,500,52,83,38500.0,-58000.0,39000.0,-57500.0,38750.0,-57750.0,250000,250000.0,1.0,0,103.90924721558308,1.5201509782008669
JB0500_R0052_C0084,500,52,84,39000.0,-58000.0,39500.0,-57500.0,39250.0,-57750.0,250000,250000.0,1.0,0,103.9137403626426,1.520149965778414
JB0500_R0052_C0085,500,52,85,39500.0,-58000.0,40000.0,-57500.0,39750.0,-57750.0,250000,250000.0,1.0,0,103.9182335096979,1.5201489439489042
JB0500_R0052_C0086,500,52,86,40000.0,-58000.0,40500.0,-57500.0,40250.0,-57750.0,250000,250000.0,1.0,0,103.92272665674896,1.5201479127123436
JB0500_R0052_C0087,500,52,87,40500.0,-58000.0,41000.0,-57500.0,40750.0,-57750.0,250000,250000.0,1.0,0,103.92721980379574,1.520146872068739
JB0500_R0052_C0088,500,52,88,41000.0,-58000.0,41500.0,-57500.0,41250.0,-57750.0,250000,250000.0,1.0,0,103.93171295083819,1.5201458220180961
JB0500_R0052_C0089,500,52,89,41500.0,-58000.0,42000.0,-57500.0,41750.0,-57750.0,250000,250000.0,1.0,0,103.93620609787628,1.520144762560422
JB0500_R0052_C0090,500,52,90,42000.0,-58000.0,42500.0,-57500.0,42250.0,-57750.0,250000,250000.0,1.0,0,103.94069924491,1.5201436936957229
JB0500_R0052_C0091,500,52,91,42500.0,-58000.0,43000.0,-57500.0,42750.0,-57750.0,250000,250000.0,1.0,0,103.94519239193924,1.5201426154240054
JB0500_R0052_C0092,500,52,92,43000.0,-58000.0,43500.0,-57500.0,43250.0,-57750.0,250000,250000.0,1.0,0,103.94968553896402,1.5201415277452763
JB0500_R0052_C0093,500,52,93,43500.0,-58000.0,44000.0,-57500.0,43750.0,-57750.0,250000,250000.0,1.0,0,103.95417868598429,1.5201404306595423
JB0500_R0052_C0094,500,52,94,44000.0,-58000.0,44500.0,-57500.0,44250.0,-57750.0,250000,250000.0,1.0,0,103.958671833,1.5201393241668097
JB0500_R0052_C0095,500,52,95,44500.0,-58000.0,45000.0,-57500.0,44750.0,-57750.0,250000,250000.0,1.0,0,103.96316498001111,1.520138208267086
JB0500_R0052_C0096,500,52,96,45000.0,-58000.0,45500.0,-57500.0,45250.0,-57750.0,250000,250000.0,1.0,0,103.96765812701759,1.5201370829603775
JB0500_R0052_C0097,500,52,97,45500.0,-58000.0,46000.0,-57500.0,45750.0,-57750.0,250000,250000.0,1.0,0,103.97215127401941,1.5201359482466916
JB0500_R0052_C0098,500,52,98,46000.0,-58000.0,46500.0,-57500.0,46250.0,-57750.0,250000,250000.0,1.0,0,103.9766444210165,1.520134804126035
JB0500_R0052_C0099,500,52,99,46500.0,-58000.0,47000.0,-57500.0,46750.0,-57750.0,250000,250000.0,1.0,0,103.98113756800885,1.5201336505984147
JB0500_R0052_C0100,500,52,100,47000.0,-58000.0,47500.0,-57500.0,47250.0,-57750.0,250000,250000.0,1.0,0,103.9856307149964,1.520132487663838
JB0500_R0052_C0101,500,52,101,47500.0,-58000.0,48000.0,-57500.0,47750.0,-57750.0,250000,250000.0,1.0,0,103.99012386197914,1.520131315322312
JB0500_R0052_C0102,500,52,102,48000.0,-58000.0,48500.0,-57500.0,48250.0,-57750.0,250000,250000.0,1.0,0,103.99461700895701,1.5201301335738437
JB0500_R0052_C0103,500,52,103,48500.0,-58000.0,49000.0,-57500.0,48750.0,-57750.0,250000,250000.0,1.0,0,103.99911015592997,1.5201289424184408
JB0500_R0052_C0104,500,52,104,49000.0,-58000.0,49500.0,-57500.0,49250.0,-57750.0,250000,250000.0,1.0,0,104.00360330289799,1.5201277418561103
JB0500_R0052_C0105,500,52,105,49500.0,-58000.0,50000.0,-57500.0,49750.0,-57750.0,250000,250000.0,1.0,0,104.00809644986103,1.5201265318868598
JB0500_R0052_C0106,500,52,106,50000.0,-58000.0,50500.0,-57500.0,50250.0,-57750.0,250000,250000.0,1.0,0,104.01258959681904,1.5201253125106964
JB0500_R0052_C0107,500,52,107,50500.0,-58000.0,51000.0,-57500.0,50750.0,-57750.0,250000,250000.0,1.0,0,104.017082743772,1.520124083727628
JB0500_R0052_C0108,500,52,108,51000.0,-58000.0,51500.0,-57500.0,51250.0,-57750.0,250000,96428.32396489757,0.3857132958595903,1,104.02157589071984,1.520122845537662
JB0500_R0053_C0002,500,53,2,-2000.0,-57500.0,-1500.0,-57000.0,-1750.0,-57250.0,250000,168548.61051772255,0.6741944420708902,1,103.54530253790746,1.5247235488990234
JB0500_R0053_C0003,500,53,3,-1500.0,-57500.0,-1000.0,-57000.0,-1250.0,-57250.0,250000,175339.50475488632,0.7013580190195453,1,103.54979569454001,1.5247232977185095
JB0500_R0053_C0004,500,53,4,-1000.0,-57500.0,-500.0,-57000.0,-750.0,-57250.0,250000,145912.63903177145,0.5836505561270858,1,103.5542888511715,1.5247230371026266
JB0500_R0053_C0005,500,53,5,-500.0,-57500.0,0.0,-57000.0,-250.0,-57250.0,250000,115549.75111028616,0.46219900444114465,1,103.55878200780191,1.5247227670513765
JB0500_R0053_C0006,500,53,6,0.0,-57500.0,500.0,-57000.0,250.0,-57250.0,250000,86029.05852787275,0.344116234111491,1,103.56327516443118,1.5247224875647605
JB0500_R0053_C0007,500,53,7,500.0,-57500.0,1000.0,-57000.0,750.0,-57250.0,250000,57245.692242701334,0.22898276897080533,1,103.56776832105925,1.5247221986427806
JB0500_R0053_C0008,500,53,8,1000.0,-57500.0,1500.0,-57000.0,1250.0,-57250.0,250000,28552.228384730523,0.1142089135389221,1,103.57226147768611,1.5247219002854382
JB0500_R0053_C0009,500,53,9,1500.0,-57500.0,2000.0,-57000.0,1750.0,-57250.0,250000,180863.96387641417,0.7234558555056567,1,103.57675463431171,1.5247215924927358
JB0500_R0053_C0010,500,53,10,2000.0,-57500.0,2500.0,-57000.0,2250.0,-57250.0,250000,250000.0,1.0,0,103.58124779093603,1.5247212752646748
JB0500_R0053_C0011,500,53,11,2500.0,-57500.0,3000.0,-57000.0,2750.0,-57250.0,250000,250000.0,1.0,0,103.585740947559,1.5247209486012572
JB0500_R0053_C0012,500,53,12,3000.0,-57500.0,3500.0,-57000.0,3250.0,-57250.0,250000,250000.0,1.0,0,103.5902341041806,1.524720612502485
JB0500_R0053_C0013,500,53,13,3500.0,-57500.0,4000.0,-57000.0,3750.0,-57250.0,250000,250000.0,1.0,0,103.59472726080078,1.5247202669683604
JB0500_R0053_C0014,500,53,14,4000.0,-57500.0,4500.0,-57000.0,4250.0,-57250.0,250000,250000.0,1.0,0,103.59922041741952,1.5247199119988857
JB0500_R0053_C0015,500,53,15,4500.0,-57500.0,5000.0,-57000.0,4750.0,-57250.0,250000,250000.0,1.0,0,103.60371357403677,1.5247195475940627
JB0500_R0053_C0016,500,53,16,5000.0,-57500.0,5500.0,-57000.0,5250.0,-57250.0,250000,250000.0,1.0,0,103.60820673065248,1.5247191737538939
JB0500_R0053_C0017,500,53,17,5500.0,-57500.0,6000.0,-57000.0,5750.0,-57250.0,250000,250000.0,1.0,0,103.61269988726661,1.5247187904783812
JB0500_R0053_C0018,500,53,18,6000.0,-57500.0,6500.0,-57000.0,6250.0,-57250.0,250000,250000.0,1.0,0,103.61719304387915,1.5247183977675276
JB0500_R0053_C0019,500,53,19,6500.0,-57500.0,7000.0,-57000.0,6750.0,-57250.0,250000,250000.0,1.0,0,103.62168620049003,1.5247179956213353
JB0500_R0053_C0020,500,53,20,7000.0,-57500.0,7500.0,-57000.0,7250.0,-57250.0,250000,250000.0,1.0,0,103.62617935709923,1.5247175840398064
JB0500_R0053_C0021,500,53,21,7500.0,-57500.0,8000.0,-57000.0,7750.0,-57250.0,250000,250000.0,1.0,0,103.63067251370671,1.5247171630229437
JB0500_R0053_C0022,500,53,22,8000.0,-57500.0,8500.0,-57000.0,8250.0,-57250.0,250000,250000.0,1.0,0,103.63516567031242,1.52471673257075
JB0500_R0053_C0023,500,53,23,8500.0,-57500.0,9000.0,-57000.0,8750.0,-57250.0,250000,250000.0,1.0,0,103.63965882691632,1.5247162926832276
JB0500_R0053_C0024,500,53,24,9000.0,-57500.0,9500.0,-57000.0,9250.0,-57250.0,250000,250000.0,1.0,0,103.64415198351837,1.5247158433603794
JB0500_R0053_C0025,500,53,25,9500.0,-57500.0,10000.0,-57000.0,9750.0,-57250.0,250000,250000.0,1.0,0,103.64864514011855,1.5247153846022081
JB0500_R0053_C0026,500,53,26,10000.0,-57500.0,10500.0,-57000.0,10250.0,-57250.0,250000,250000.0,1.0,0,103.6531382967168,1.5247149164087166
JB0500_R0053_C0027,500,53,27,10500.0,-57500.0,11000.0,-57000.0,10750.0,-57250.0,250000,250000.0,1.0,0,103.6576314533131,1.5247144387799076
JB0500_R0053_C0028,500,53,28,11000.0,-57500.0,11500.0,-57000.0,11250.0,-57250.0,250000,250000.0,1.0,0,103.66212460990738,1.5247139517157844
JB0500_R0053_C0029,500,53,29,11500.0,-57500.0,12000.0,-57000.0,11750.0,-57250.0,250000,250000.0,1.0,0,103.66661776649964,1.5247134552163497
JB0500_R0053_C0030,500,53,30,12000.0,-57500.0,12500.0,-57000.0,12250.0,-57250.0,250000,250000.0,1.0,0,103.67111092308981,1.5247129492816067
JB0500_R0053_C0031,500,53,31,12500.0,-57500.0,13000.0,-57000.0,12750.0,-57250.0,250000,250000.0,1.0,0,103.67560407967787,1.5247124339115583
JB0500_R0053_C0032,500,53,32,13000.0,-57500.0,13500.0,-57000.0,13250.0,-57250.0,250000,250000.0,1.0,0,103.68009723626376,1.5247119091062078
JB0500_R0053_C0033,500,53,33,13500.0,-57500.0,14000.0,-57000.0,13750.0,-57250.0,250000,250000.0,1.0,0,103.68459039284748,1.5247113748655585
JB0500_R0053_C0034,500,53,34,14000.0,-57500.0,14500.0,-57000.0,14250.0,-57250.0,250000,250000.0,1.0,0,103.68908354942894,1.5247108311896138
JB0500_R0053_C0035,500,53,35,14500.0,-57500.0,15000.0,-57000.0,14750.0,-57250.0,250000,250000.0,1.0,0,103.69357670600813,1.5247102780783766
JB0500_R0053_C0036,500,53,36,15000.0,-57500.0,15500.0,-57000.0,15250.0,-57250.0,250000,250000.0,1.0,0,103.69806986258502,1.5247097155318508
JB0500_R0053_C0037,500,53,37,15500.0,-57500.0,16000.0,-57000.0,15750.0,-57250.0,250000,250000.0,1.0,0,103.70256301915956,1.5247091435500395
JB0500_R0053_C0038,500,53,38,16000.0,-57500.0,16500.0,-57000.0,16250.0,-57250.0,250000,250000.0,1.0,0,103.7070561757317,1.5247085621329466
JB0500_R0053_C0039,500,53,39,16500.0,-57500.0,17000.0,-57000.0,16750.0,-57250.0,250000,250000.0,1.0,0,103.71154933230139,1.5247079712805753
JB0500_R0053_C0040,500,53,40,17000.0,-57500.0,17500.0,-57000.0,17250.0,-57250.0,250000,250000.0,1.0,0,103.71604248886862,1.5247073709929295
JB0500_R0053_C0041,500,53,41,17500.0,-57500.0,18000.0,-57000.0,17750.0,-57250.0,250000,250000.0,1.0,0,103.72053564543336,1.5247067612700127
JB0500_R0053_C0042,500,53,42,18000.0,-57500.0,18500.0,-57000.0,18250.0,-57250.0,250000,250000.0,1.0,0,103.72502880199555,1.5247061421118289
JB0500_R0053_C0043,500,53,43,18500.0,-57500.0,19000.0,-57000.0,18750.0,-57250.0,250000,250000.0,1.0,0,103.72952195855514,1.5247055135183818
JB0500_R0053_C0044,500,53,44,19000.0,-57500.0,19500.0,-57000.0,19250.0,-57250.0,250000,250000.0,1.0,0,103.7340151151121,1.524704875489675
JB0500_R0053_C0045,500,53,45,19500.0,-57500.0,20000.0,-57000.0,19750.0,-57250.0,250000,250000.0,1.0,0,103.7385082716664,1.5247042280257128
JB0500_R0053_C0046,500,53,46,20000.0,-57500.0,20500.0,-57000.0,20250.0,-57250.0,250000,250000.0,1.0,0,103.74300142821801,1.5247035711264993
JB0500_R0053_C0047,500,53,47,20500.0,-57500.0,21000.0,-57000.0,20750.0,-57250.0,250000,250000.0,1.0,0,103.74749458476686,1.524702904792038
JB0500_R0053_C0048,500,53,48,21000.0,-57500.0,21500.0,-57000.0,21250.0,-57250.0,250000,250000.0,1.0,0,103.75198774131294,1.5247022290223333
JB0500_R0053_C0049,500,53,49,21500.0,-57500.0,22000.0,-57000.0,21750.0,-57250.0,250000,250000.0,1.0,0,103.75648089785618,1.5247015438173896
JB0500_R0053_C0050,500,53,50,22000.0,-57500.0,22500.0,-57000.0,22250.0,-57250.0,250000,250000.0,1.0,0,103.76097405439657,1.5247008491772107
JB0500_R0053_C0051,500,53,51,22500.0,-57500.0,23000.0,-57000.0,22750.0,-57250.0,250000,250000.0,1.0,0,103.76546721093406,1.5247001451018012
JB0500_R0053_C0052,500,53,52,23000.0,-57500.0,23500.0,-57000.0,23250.0,-57250.0,250000,250000.0,1.0,0,103.76996036746861,1.5246994315911653
JB0500_R0053_C0053,500,53,53,23500.0,-57500.0,24000.0,-57000.0,23750.0,-57250.0,250000,250000.0,1.0,0,103.77445352400018,1.5246987086453072
JB0500_R0053_C0054,500,53,54,24000.0,-57500.0,24500.0,-57000.0,24250.0,-57250.0,250000,250000.0,1.0,0,103.77894668052873,1.5246979762642319
JB0500_R0053_C0055,500,53,55,24500.0,-57500.0,25000.0,-57000.0,24750.0,-57250.0,250000,250000.0,1.0,0,103.78343983705425,1.5246972344479433
JB0500_R0053_C0056,500,53,56,25000.0,-57500.0,25500.0,-57000.0,25250.0,-57250.0,250000,250000.0,1.0,0,103.78793299357665,1.5246964831964462
JB0500_R0053_C0057,500,53,57,25500.0,-57500.0,26000.0,-57000.0,25750.0,-57250.0,250000,250000.0,1.0,0,103.7924261500959,1.5246957225097453
JB0500_R0053_C0058,500,53,58,26000.0,-57500.0,26500.0,-57000.0,26250.0,-57250.0,250000,250000.0,1.0,0,103.796919306612,1.5246949523878452
JB0500_R0053_C0059,500,53,59,26500.0,-57500.0,27000.0,-57000.0,26750.0,-57250.0,250000,250000.0,1.0,0,103.80141246312488,1.5246941728307508
JB0500_R0053_C0060,500,53,60,27000.0,-57500.0,27500.0,-57000.0,27250.0,-57250.0,250000,250000.0,1.0,0,103.8059056196345,1.5246933838384666
JB0500_R0053_C0061,500,53,61,27500.0,-57500.0,28000.0,-57000.0,27750.0,-57250.0,250000,250000.0,1.0,0,103.81039877614084,1.5246925854109978
JB0500_R0053_C0062,500,53,62,28000.0,-57500.0,28500.0,-57000.0,28250.0,-57250.0,250000,250000.0,1.0,0,103.81489193264385,1.5246917775483493
JB0500_R0053_C0063,500,53,63,28500.0,-57500.0,29000.0,-57000.0,28750.0,-57250.0,250000,250000.0,1.0,0,103.81938508914348,1.5246909602505256
JB0500_R0053_C0064,500,53,64,29000.0,-57500.0,29500.0,-57000.0,29250.0,-57250.0,250000,250000.0,1.0,0,103.82387824563972,1.5246901335175322
JB0500_R0053_C0065,500,53,65,29500.0,-57500.0,30000.0,-57000.0,29750.0,-57250.0,250000,250000.0,1.0,0,103.82837140213249,1.5246892973493742
JB0500_R0053_C0066,500,53,66,30000.0,-57500.0,30500.0,-57000.0,30250.0,-57250.0,250000,250000.0,1.0,0,103.8328645586218,1.5246884517460564
JB0500_R0053_C0067,500,53,67,30500.0,-57500.0,31000.0,-57000.0,30750.0,-57250.0,250000,250000.0,1.0,0,103.83735771510756,1.5246875967075844
JB0500_R0053_C0068,500,53,68,31000.0,-57500.0,31500.0,-57000.0,31250.0,-57250.0,250000,250000.0,1.0,0,103.84185087158976,1.5246867322339632
JB0500_R0053_C0069,500,53,69,31500.0,-57500.0,32000.0,-57000.0,31750.0,-57250.0,250000,250000.0,1.0,0,103.84634402806836,1.524685858325198
JB0500_R0053_C0070,500,53,70,32000.0,-57500.0,32500.0,-57000.0,32250.0,-57250.0,250000,250000.0,1.0,0,103.85083718454331,1.5246849749812947
JB0500_R0053_C0071,500,53,71,32500.0,-57500.0,33000.0,-57000.0,32750.0,-57250.0,250000,250000.0,1.0,0,103.85533034101458,1.5246840822022583
JB0500_R0053_C0072,500,53,72,33000.0,-57500.0,33500.0,-57000.0,33250.0,-57250.0,250000,250000.0,1.0,0,103.85982349748213,1.5246831799880947
JB0500_R0053_C0073,500,53,73,33500.0,-57500.0,34000.0,-57000.0,33750.0,-57250.0,250000,250000.0,1.0,0,103.86431665394592,1.5246822683388088
JB0500_R0053_C0074,500,53,74,34000.0,-57500.0,34500.0,-57000.0,34250.0,-57250.0,250000,250000.0,1.0,0,103.8688098104059,1.5246813472544065
JB0500_R0053_C0075,500,53,75,34500.0,-57500.0,35000.0,-57000.0,34750.0,-57250.0,250000,250000.0,1.0,0,103.87330296686207,1.5246804167348942
JB0500_R0053_C0076,500,53,76,35000.0,-57500.0,35500.0,-57000.0,35250.0,-57250.0,250000,250000.0,1.0,0,103.87779612331433,1.5246794767802765
JB0500_R0053_C0077,500,53,77,35500.0,-57500.0,36000.0,-57000.0,35750.0,-57250.0,250000,250000.0,1.0,0,103.88228927976269,1.5246785273905596
JB0500_R0053_C0078,500,53,78,36000.0,-57500.0,36500.0,-57000.0,36250.0,-57250.0,250000,250000.0,1.0,0,103.88678243620708,1.5246775685657499
JB0500_R0053_C0079,500,53,79,36500.0,-57500.0,37000.0,-57000.0,36750.0,-57250.0,250000,250000.0,1.0,0,103.89127559264749,1.5246766003058523
JB0500_R0053_C0080,500,53,80,37000.0,-57500.0,37500.0,-57000.0,37250.0,-57250.0,250000,250000.0,1.0,0,103.89576874908386,1.5246756226108735
JB0500_R0053_C0081,500,53,81,37500.0,-57500.0,38000.0,-57000.0,37750.0,-57250.0,250000,250000.0,1.0,0,103.90026190551615,1.5246746354808196
JB0500_R0053_C0082,500,53,82,38000.0,-57500.0,38500.0,-57000.0,38250.0,-57250.0,250000,250000.0,1.0,0,103.90475506194433,1.5246736389156963
JB0500_R0053_C0083,500,53,83,38500.0,-57500.0,39000.0,-57000.0,38750.0,-57250.0,250000,250000.0,1.0,0,103.90924821836836,1.5246726329155096
JB0500_R0053_C0084,500,53,84,39000.0,-57500.0,39500.0,-57000.0,39250.0,-57250.0,250000,250000.0,1.0,0,103.9137413747882,1.5246716174802661
JB0500_R0053_C0085,500,53,85,39500.0,-57500.0,40000.0,-57000.0,39750.0,-57250.0,250000,250000.0,1.0,0,103.91823453120381,1.524670592609972
JB0500_R0053_C0086,500,53,86,40000.0,-57500.0,40500.0,-57000.0,40250.0,-57250.0,250000,250000.0,1.0,0,103.92272768761515,1.5246695583046332
JB0500_R0053_C0087,500,53,87,40500.0,-57500.0,41000.0,-57000.0,40750.0,-57250.0,250000,250000.0,1.0,0,103.92722084402217,1.5246685145642567
JB0500_R0053_C0088,500,53,88,41000.0,-57500.0,41500.0,-57000.0,41250.0,-57250.0,250000,250000.0,1.0,0,103.93171400042486,1.5246674613888485
JB0500_R0053_C0089,500,53,89,41500.0,-57500.0,42000.0,-57000.0,41750.0,-57250.0,250000,250000.0,1.0,0,103.93620715682316,1.524666398778415
JB0500_R0053_C0090,500,53,90,42000.0,-57500.0,42500.0,-57000.0,42250.0,-57250.0,250000,250000.0,1.0,0,103.94070031321702,1.524665326732963
JB0500_R0053_C0091,500,53,91,42500.0,-57500.0,43000.0,-57000.0,42750.0,-57250.0,250000,250000.0,1.0,0,103.94519346960642,1.524664245252499
JB0500_R0053_C0092,500,53,92,43000.0,-57500.0,43500.0,-57000.0,43250.0,-57250.0,250000,250000.0,1.0,0,103.94968662599133,1.52466315433703
JB0500_R0053_C0093,500,53,93,43500.0,-57500.0,44000.0,-57000.0,43750.0,-57250.0,250000,250000.0,1.0,0,103.9541797823717,1.524662053986562
JB0500_R0053_C0094,500,53,94,44000.0,-57500.0,44500.0,-57000.0,44250.0,-57250.0,250000,250000.0,1.0,0,103.95867293874747,1.5246609442011023
JB0500_R0053_C0095,500,53,95,44500.0,-57500.0,45000.0,-57000.0,44750.0,-57250.0,250000,250000.0,1.0,0,103.96316609511862,1.5246598249806578
JB0500_R0053_C0096,500,53,96,45000.0,-57500.0,45500.0,-57000.0,45250.0,-57250.0,250000,250000.0,1.0,0,103.96765925148512,1.5246586963252353
JB0500_R0053_C0097,500,53,97,45500.0,-57500.0,46000.0,-57000.0,45750.0,-57250.0,250000,250000.0,1.0,0,103.9721524078469,1.5246575582348414
JB0500_R0053_C0098,500,53,98,46000.0,-57500.0,46500.0,-57000.0,46250.0,-57250.0,250000,250000.0,1.0,0,103.97664556420396,1.5246564107094835
JB0500_R0053_C0099,500,53,99,46500.0,-57500.0,47000.0,-57000.0,46750.0,-57250.0,250000,250000.0,1.0,0,103.98113872055625,1.5246552537491687
JB0500_R0053_C0100,500,53,100,47000.0,-57500.0,47500.0,-57000.0,47250.0,-57250.0,250000,250000.0,1.0,0,103.98563187690371,1.5246540873539036
JB0500_R0053_C0101,500,53,101,47500.0,-57500.0,48000.0,-57000.0,47750.0,-57250.0,250000,250000.0,1.0,0,103.9901250332463,1.524652911523696
JB0500_R0053_C0102,500,53,102,48000.0,-57500.0,48500.0,-57000.0,48250.0,-57250.0,250000,250000.0,1.0,0,103.99461818958402,1.5246517262585528
JB0500_R0053_C0103,500,53,103,48500.0,-57500.0,49000.0,-57000.0,48750.0,-57250.0,250000,250000.0,1.0,0,103.99911134591679,1.5246505315584813
JB0500_R0053_C0104,500,53,104,49000.0,-57500.0,49500.0,-57000.0,49250.0,-57250.0,250000,250000.0,1.0,0,104.00360450224458,1.5246493274234891
JB0500_R0053_C0105,500,53,105,49500.0,-57500.0,50000.0,-57000.0,49750.0,-57250.0,250000,250000.0,1.0,0,104.00809765856738,1.5246481138535835
JB0500_R0053_C0106,500,53,106,50000.0,-57500.0,50500.0,-57000.0,50250.0,-57250.0,250000,250000.0,1.0,0,104.01259081488512,1.524646890848772
JB0500_R0053_C0107,500,53,107,50500.0,-57500.0,51000.0,-57000.0,50750.0,-57250.0,250000,250000.0,1.0,0,104.01708397119776,1.5246456584090617
JB0500_R0053_C0108,500,53,108,51000.0,-57500.0,51500.0,-57000.0,51250.0,-57250.0,250000,77312.59479202345,0.3092503791680938,1,104.02157712750528,1.5246444165344608
JB0500_R0054_C0002,500,54,2,-2000.0,-57000.0,-1500.0,-56500.0,-1750.0,-56750.0,250000,146930.44502745496,0.5877217801098198,1,103.5453027831713,1.529245354490436
JB0500_R0054_C0003,500,54,3,-1500.0,-57000.0,-1000.0,-56500.0,-1250.0,-56750.0,250000,250000.0,1.0,0,103.54979594919328,1.529245102564668
JB0500_R0054_C0004,500,54,4,-1000.0,-57000.0,-500.0,-56500.0,-750.0,-56750.0,250000,250000.0,1.0,0,103.5542891152142,1.5292448411755362
JB0500_R0054_C0005,500,54,5,-500.0,-57000.0,0.0,-56500.0,-250.0,-56750.0,250000,250000.0,1.0,0,103.55878228123402,1.5292445703230422
JB0500_R0054_C0006,500,54,6,0.0,-57000.0,500.0,-56500.0,250.0,-56750.0,250000,250000.0,1.0,0,103.56327544725268,1.5292442900071874
JB0500_R0054_C0007,500,54,7,500.0,-57000.0,1000.0,-56500.0,750.0,-56750.0,250000,250000.0,1.0,0,103.56776861327015,1.5292440002279741
JB0500_R0054_C0008,500,54,8,1000.0,-57000.0,1500.0,-56500.0,1250.0,-56750.0,250000,250000.0,1.0,0,103.5722617792864,1.5292437009854039
JB0500_R0054_C0009,500,54,9,1500.0,-57000.0,2000.0,-56500.0,1750.0,-56750.0,250000,250000.0,1.0,0,103.57675494530139,1.5292433922794784
JB0500_R0054_C0010,500,54,10,2000.0,-57000.0,2500.0,-56500.0,2250.0,-56750.0,250000,250000.0,1.0,0,103.58124811131508,1.5292430741101997
JB0500_R0054_C0011,500,54,11,2500.0,-57000.0,3000.0,-56500.0,2750.0,-56750.0,250000,250000.0,1.0,0,103.58574127732743,1.5292427464775697
JB0500_R0054_C0012,500,54,12,3000.0,-57000.0,3500.0,-56500.0,3250.0,-56750.0,250000,250000.0,1.0,0,103.59023444333839,1.5292424093815902
JB0500_R0054_C0013,500,54,13,3500.0,-57000.0,4000.0,-56500.0,3750.0,-56750.0,250000,250000.0,1.0,0,103.59472760934793,1.5292420628222638
JB0500_R0054_C0014,500,54,14,4000.0,-57000.0,4500.0,-56500.0,4250.0,-56750.0,250000,250000.0,1.0,0,103.59922077535602,1.5292417067995923
JB0500_R0054_C0015,500,54,15,4500.0,-57000.0,5000.0,-56500.0,4750.0,-56750.0,250000,250000.0,1.0,0,103.60371394136259,1.529241341313578
JB0500_R0054_C0016,500,54,16,5000.0,-57000.0,5500.0,-56500.0,5250.0,-56750.0,250000,250000.0,1.0,0,103.60820710736763,1.5292409663642228
JB0500_R0054_C0017,500,54,17,5500.0,-57000.0,6000.0,-56500.0,5750.0,-56750.0,250000,250000.0,1.0,0,103.61270027337109,1.5292405819515293
JB0500_R0054_C0018,500,54,18,6000.0,-57000.0,6500.0,-56500.0,6250.0,-56750.0,250000,250000.0,1.0,0,103.61719343937293,1.5292401880755002
JB0500_R0054_C0019,500,54,19,6500.0,-57000.0,7000.0,-56500.0,6750.0,-56750.0,250000,250000.0,1.0,0,103.6216866053731,1.5292397847361374
JB0500_R0054_C0020,500,54,20,7000.0,-57000.0,7500.0,-56500.0,7250.0,-56750.0,250000,250000.0,1.0,0,103.6261797713716,1.5292393719334434
JB0500_R0054_C0021,500,54,21,7500.0,-57000.0,8000.0,-56500.0,7750.0,-56750.0,250000,250000.0,1.0,0,103.63067293736835,1.5292389496674212
JB0500_R0054_C0022,500,54,22,8000.0,-57000.0,8500.0,-56500.0,8250.0,-56750.0,250000,250000.0,1.0,0,103.63516610336332,1.529238517938073
JB0500_R0054_C0023,500,54,23,8500.0,-57000.0,9000.0,-56500.0,8750.0,-56750.0,250000,250000.0,1.0,0,103.63965926935647,1.5292380767454017
JB0500_R0054_C0024,500,54,24,9000.0,-57000.0,9500.0,-56500.0,9250.0,-56750.0,250000,250000.0,1.0,0,103.64415243534778,1.5292376260894098
JB0500_R0054_C0025,500,54,25,9500.0,-57000.0,10000.0,-56500.0,9750.0,-56750.0,250000,250000.0,1.0,0,103.64864560133718,1.5292371659701
JB0500_R0054_C0026,500,54,26,10000.0,-57000.0,10500.0,-56500.0,10250.0,-56750.0,250000,250000.0,1.0,0,103.65313876732466,1.5292366963874753
JB0500_R0054_C0027,500,54,27,10500.0,-57000.0,11000.0,-56500.0,10750.0,-56750.0,250000,250000.0,1.0,0,103.65763193331017,1.5292362173415386
JB0500_R0054_C0028,500,54,28,11000.0,-57000.0,11500.0,-56500.0,11250.0,-56750.0,250000,250000.0,1.0,0,103.66212509929366,1.529235728832293
JB0500_R0054_C0029,500,54,29,11500.0,-57000.0,12000.0,-56500.0,11750.0,-56750.0,250000,250000.0,1.0,0,103.66661826527509,1.5292352308597412
JB0500_R0054_C0030,500,54,30,12000.0,-57000.0,12500.0,-56500.0,12250.0,-56750.0,250000,250000.0,1.0,0,103.67111143125445,1.5292347234238866
JB0500_R0054_C0031,500,54,31,12500.0,-57000.0,13000.0,-56500.0,12750.0,-56750.0,250000,250000.0,1.0,0,103.67560459723167,1.529234206524732
JB0500_R0054_C0032,500,54,32,13000.0,-57000.0,13500.0,-56500.0,13250.0,-56750.0,250000,250000.0,1.0,0,103.68009776320672,1.5292336801622808
JB0500_R0054_C0033,500,54,33,13500.0,-57000.0,14000.0,-56500.0,13750.0,-56750.0,250000,250000.0,1.0,0,103.68459092917955,1.5292331443365361
JB0500_R0054_C0034,500,54,34,14000.0,-57000.0,14500.0,-56500.0,14250.0,-56750.0,250000,250000.0,1.0,0,103.68908409515015,1.5292325990475013
JB0500_R0054_C0035,500,54,35,14500.0,-57000.0,15000.0,-56500.0,14750.0,-56750.0,250000,250000.0,1.0,0,103.69357726111845,1.5292320442951797
JB0500_R0054_C0036,500,54,36,15000.0,-57000.0,15500.0,-56500.0,15250.0,-56750.0,250000,250000.0,1.0,0,103.69807042708443,1.5292314800795748
JB0500_R0054_C0037,500,54,37,15500.0,-57000.0,16000.0,-56500.0,15750.0,-56750.0,250000,250000.0,1.0,0,103.70256359304804,1.52923090640069
JB0500_R0054_C0038,500,54,38,16000.0,-57000.0,16500.0,-56500.0,16250.0,-56750.0,250000,250000.0,1.0,0,103.70705675900925,1.5292303232585287
JB0500_R0054_C0039,500,54,39,16500.0,-57000.0,17000.0,-56500.0,16750.0,-56750.0,250000,250000.0,1.0,0,103.711549924968,1.5292297306530949
JB0500_R0054_C0040,500,54,40,17000.0,-57000.0,17500.0,-56500.0,17250.0,-56750.0,250000,250000.0,1.0,0,103.71604309092429,1.5292291285843918
JB0500_R0054_C0041,500,54,41,17500.0,-57000.0,18000.0,-56500.0,17750.0,-56750.0,250000,250000.0,1.0,0,103.72053625687803,1.5292285170524231
JB0500_R0054_C0042,500,54,42,18000.0,-57000.0,18500.0,-56500.0,18250.0,-56750.0,250000,250000.0,1.0,0,103.72502942282922,1.529227896057193
JB0500_R0054_C0043,500,54,43,18500.0,-57000.0,19000.0,-56500.0,18750.0,-56750.0,250000,250000.0,1.0,0,103.72952258877781,1.5292272655987051
JB0500_R0054_C0044,500,54,44,19000.0,-57000.0,19500.0,-56500.0,19250.0,-56750.0,250000,250000.0,1.0,0,103.73401575472376,1.529226625676963
JB0500_R0054_C0045,500,54,45,19500.0,-57000.0,20000.0,-56500.0,19750.0,-56750.0,250000,250000.0,1.0,0,103.73850892066702,1.5292259762919713
JB0500_R0054_C0046,500,54,46,20000.0,-57000.0,20500.0,-56500.0,20250.0,-56750.0,250000,250000.0,1.0,0,103.74300208660756,1.5292253174437336
JB0500_R0054_C0047,500,54,47,20500.0,-57000.0,21000.0,-56500.0,20750.0,-56750.0,250000,250000.0,1.0,0,103.74749525254535,1.5292246491322539
JB0500_R0054_C0048,500,54,48,21000.0,-57000.0,21500.0,-56500.0,21250.0,-56750.0,250000,250000.0,1.0,0,103.75198841848034,1.5292239713575362
JB0500_R0054_C0049,500,54,49,21500.0,-57000.0,22000.0,-56500.0,21750.0,-56750.0,250000,250000.0,1.0,0,103.75648158441248,1.529223284119585
JB0500_R0054_C0050,500,54,50,22000.0,-57000.0,22500.0,-56500.0,22250.0,-56750.0,250000,250000.0,1.0,0,103.76097475034175,1.5292225874184044
JB0500_R0054_C0051,500,54,51,22500.0,-57000.0,23000.0,-56500.0,22750.0,-56750.0,250000,250000.0,1.0,0,103.7654679162681,1.5292218812539986
JB0500_R0054_C0052,500,54,52,23000.0,-57000.0,23500.0,-56500.0,23250.0,-56750.0,250000,250000.0,1.0,0,103.7699610821915,1.5292211656263721
JB0500_R0054_C0053,500,54,53,23500.0,-57000.0,24000.0,-56500.0,23750.0,-56750.0,250000,250000.0,1.0,0,103.7744542481119,1.5292204405355292
JB0500_R0054_C0054,500,54,54,24000.0,-57000.0,24500.0,-56500.0,24250.0,-56750.0,250000,250000.0,1.0,0,103.77894741402925,1.5292197059814743
JB0500_R0054_C0055,500,54,55,24500.0,-57000.0,25000.0,-56500.0,24750.0,-56750.0,250000,250000.0,1.0,0,103.78344057994353,1.529218961964212
JB0500_R0054_C0056,500,54,56,25000.0,-57000.0,25500.0,-56500.0,25250.0,-56750.0,250000,250000.0,1.0,0,103.7879337458547,1.5292182084837471
JB0500_R0054_C0057,500,54,57,25500.0,-57000.0,26000.0,-56500.0,25750.0,-56750.0,250000,250000.0,1.0,0,103.79242691176273,1.529217445540084
JB0500_R0054_C0058,500,54,58,26000.0,-57000.0,26500.0,-56500.0,26250.0,-56750.0,250000,250000.0,1.0,0,103.79692007766756,1.5292166731332275
JB0500_R0054_C0059,500,54,59,26500.0,-57000.0,27000.0,-56500.0,26750.0,-56750.0,250000,250000.0,1.0,0,103.80141324356914,1.529215891263182
JB0500_R0054_C0060,500,54,60,27000.0,-57000.0,27500.0,-56500.0,27250.0,-56750.0,250000,250000.0,1.0,0,103.80590640946747,1.529215099929953
JB0500_R0054_C0061,500,54,61,27500.0,-57000.0,28000.0,-56500.0,27750.0,-56750.0,250000,250000.0,1.0,0,103.81039957536248,1.5292142991335447
JB0500_R0054_C0062,500,54,62,28000.0,-57000.0,28500.0,-56500.0,28250.0,-56750.0,250000,250000.0,1.0,0,103.81489274125416,1.5292134888739626
JB0500_R0054_C0063,500,54,63,28500.0,-57000.0,29000.0,-56500.0,28750.0,-56750.0,250000,250000.0,1.0,0,103.81938590714243,1.5292126691512113
JB0500_R0054_C0064,500,54,64,29000.0,-57000.0,29500.0,-56500.0,29250.0,-56750.0,250000,250000.0,1.0,0,103.82387907302727,1.5292118399652959
JB0500_R0054_C0065,500,54,65,29500.0,-57000.0,30000.0,-56500.0,29750.0,-56750.0,250000,250000.0,1.0,0,103.82837223890864,1.5292110013162215
JB0500_R0054_C0066,500,54,66,30000.0,-57000.0,30500.0,-56500.0,30250.0,-56750.0,250000,250000.0,1.0,0,103.8328654047865,1.5292101532039934
JB0500_R0054_C0067,500,54,67,30500.0,-57000.0,31000.0,-56500.0,30750.0,-56750.0,250000,250000.0,1.0,0,103.83735857066084,1.5292092956286167
JB0500_R0054_C0068,500,54,68,31000.0,-57000.0,31500.0,-56500.0,31250.0,-56750.0,250000,250000.0,1.0,0,103.84185173653157,1.5292084285900969
JB0500_R0054_C0069,500,54,69,31500.0,-57000.0,32000.0,-56500.0,31750.0,-56750.0,250000,250000.0,1.0,0,103.84634490239868,1.5292075520884392
JB0500_R0054_C0070,500,54,70,32000.0,-57000.0,32500.0,-56500.0,32250.0,-56750.0,250000,250000.0,1.0,0,103.85083806826212,1.5292066661236488
JB0500_R0054_C0071,500,54,71,32500.0,-57000.0,33000.0,-56500.0,32750.0,-56750.0,250000,250000.0,1.0,0,103.85533123412186,1.5292057706957314
JB0500_R0054_C0072,500,54,72,33000.0,-57000.0,33500.0,-56500.0,33250.0,-56750.0,250000,250000.0,1.0,0,103.85982439997787,1.5292048658046924
JB0500_R0054_C0073,500,54,73,33500.0,-57000.0,34000.0,-56500.0,33750.0,-56750.0,250000,250000.0,1.0,0,103.86431756583006,1.5292039514505376
JB0500_R0054_C0074,500,54,74,34000.0,-57000.0,34500.0,-56500.0,34250.0,-56750.0,250000,250000.0,1.0,0,103.86881073167845,1.5292030276332722
JB0500_R0054_C0075,500,54,75,34500.0,-57000.0,35000.0,-56500.0,34750.0,-56750.0,250000,250000.0,1.0,0,103.87330389752299,1.529202094352902
JB0500_R0054_C0076,500,54,76,35000.0,-57000.0,35500.0,-56500.0,35250.0,-56750.0,250000,250000.0,1.0,0,103.87779706336362,1.5292011516094335
JB0500_R0054_C0077,500,54,77,35500.0,-57000.0,36000.0,-56500.0,35750.0,-56750.0,250000,250000.0,1.0,0,103.8822902292003,1.5292001994028714
JB0500_R0054_C0078,500,54,78,36000.0,-57000.0,36500.0,-56500.0,36250.0,-56750.0,250000,250000.0,1.0,0,103.886783395033,1.5291992377332224
JB0500_R0054_C0079,500,54,79,36500.0,-57000.0,37000.0,-56500.0,36750.0,-56750.0,250000,250000.0,1.0,0,103.8912765608617,1.5291982666004917
JB0500_R0054_C0080,500,54,80,37000.0,-57000.0,37500.0,-56500.0,37250.0,-56750.0,250000,250000.0,1.0,0,103.89576972668632,1.5291972860046859
JB0500_R0054_C0081,500,54,81,37500.0,-57000.0,38000.0,-56500.0,37750.0,-56750.0,250000,250000.0,1.0,0,103.90026289250686,1.5291962959458107
JB0500_R0054_C0082,500,54,82,38000.0,-57000.0,38500.0,-56500.0,38250.0,-56750.0,250000,250000.0,1.0,0,103.90475605832324,1.5291952964238724
JB0500_R0054_C0083,500,54,83,38500.0,-57000.0,39000.0,-56500.0,38750.0,-56750.0,250000,250000.0,1.0,0,103.90924922413546,1.5291942874388769
JB0500_R0054_C0084,500,54,84,39000.0,-57000.0,39500.0,-56500.0,39250.0,-56750.0,250000,250000.0,1.0,0,103.91374238994347,1.5291932689908307
JB0500_R0054_C0085,500,54,85,39500.0,-57000.0,40000.0,-56500.0,39750.0,-56750.0,250000,250000.0,1.0,0,103.9182355557472,1.5291922410797398
JB0500_R0054_C0086,500,54,86,40000.0,-57000.0,40500.0,-56500.0,40250.0,-56750.0,250000,250000.0,1.0,0,103.92272872154666,1.529191203705611
JB0500_R0054_C0087,500,54,87,40500.0,-57000.0,41000.0,-56500.0,40750.0,-56750.0,250000,250000.0,1.0,0,103.92722188734179,1.52919015686845
JB0500_R0054_C0088,500,54,88,41000.0,-57000.0,41500.0,-56500.0,41250.0,-56750.0,250000,250000.0,1.0,0,103.93171505313252,1.5291891005682636
JB0500_R0054_C0089,500,54,89,41500.0,-57000.0,42000.0,-56500.0,41750.0,-56750.0,250000,250000.0,1.0,0,103.93620821891885,1.5291880348050588
JB0500_R0054_C0090,500,54,90,42000.0,-57000.0,42500.0,-56500.0,42250.0,-56750.0,250000,250000.0,1.0,0,103.94070138470073,1.5291869595788412
JB0500_R0054_C0091,500,54,91,42500.0,-57000.0,43000.0,-56500.0,42750.0,-56750.0,250000,250000.0,1.0,0,103.94519455047812,1.5291858748896179
JB0500_R0054_C0092,500,54,92,43000.0,-57000.0,43500.0,-56500.0,43250.0,-56750.0,250000,250000.0,1.0,0,103.94968771625098,1.5291847807373957
JB0500_R0054_C0093,500,54,93,43500.0,-57000.0,44000.0,-56500.0,43750.0,-56750.0,250000,250000.0,1.0,0,103.95418088201926,1.5291836771221812
JB0500_R0054_C0094,500,54,94,44000.0,-57000.0,44500.0,-56500.0,44250.0,-56750.0,250000,250000.0,1.0,0,103.95867404778294,1.5291825640439813
JB0500_R0054_C0095,500,54,95,44500.0,-57000.0,45000.0,-56500.0,44750.0,-56750.0,250000,250000.0,1.0,0,103.96316721354196,1.5291814415028027
JB0500_R0054_C0096,500,54,96,45000.0,-57000.0,45500.0,-56500.0,45250.0,-56750.0,250000,250000.0,1.0,0,103.96766037929629,1.5291803094986525
JB0500_R0054_C0097,500,54,97,45500.0,-57000.0,46000.0,-56500.0,45750.0,-56750.0,250000,250000.0,1.0,0,103.9721535450459,1.5291791680315372
JB0500_R0054_C0098,500,54,98,46000.0,-57000.0,46500.0,-56500.0,46250.0,-56750.0,250000,250000.0,1.0,0,103.97664671079076,1.5291780171014644
JB0500_R0054_C0099,500,54,99,46500.0,-57000.0,47000.0,-56500.0,46750.0,-56750.0,250000,250000.0,1.0,0,103.98113987653079,1.5291768567084412
JB0500_R0054_C0100,500,54,100,47000.0,-57000.0,47500.0,-56500.0,47250.0,-56750.0,250000,250000.0,1.0,0,103.98563304226597,1.5291756868524742
JB0500_R0054_C0101,500,54,101,47500.0,-57000.0,48000.0,-56500.0,47750.0,-56750.0,250000,250000.0,1.0,0,103.99012620799628,1.529174507533571
JB0500_R0054_C0102,500,54,102,48000.0,-57000.0,48500.0,-56500.0,48250.0,-56750.0,250000,250000.0,1.0,0,103.99461937372166,1.5291733187517387
JB0500_R0054_C0103,500,54,103,48500.0,-57000.0,49000.0,-56500.0,48750.0,-56750.0,250000,250000.0,1.0,0,103.9991125394421,1.5291721205069848
JB0500_R0054_C0104,500,54,104,49000.0,-57000.0,49500.0,-56500.0,49250.0,-56750.0,250000,250000.0,1.0,0,104.00360570515751,1.5291709127993167
JB0500_R0054_C0105,500,54,105,49500.0,-57000.0,50000.0,-56500.0,49750.0,-56750.0,250000,250000.0,1.0,0,104.00809887086787,1.5291696956287415
JB0500_R0054_C0106,500,54,106,50000.0,-57000.0,50500.0,-56500.0,50250.0,-56750.0,250000,250000.0,1.0,0,104.01259203657317,1.5291684689952671
JB0500_R0054_C0107,500,54,107,50500.0,-57000.0,51000.0,-56500.0,50750.0,-56750.0,250000,250000.0,1.0,0,104.01708520227334,1.5291672328989008
JB0500_R0054_C0108,500,54,108,51000.0,-57000.0,51500.0,-56500.0,51250.0,-56750.0,250000,59391.17085630948,0.23756468342523793,1,104.02157836796835,1.5291659873396504
JB0500_R0055_C0002,500,55,2,-2000.0,-56500.0,-1500.0,-56000.0,-1750.0,-56250.0,250000,21916.890444587054,0.08766756177834821,1,103.54530302916227,1.5337671598906115
JB0500_R0055_C0003,500,55,3,-1500.0,-56500.0,-1000.0,-56000.0,-1250.0,-56250.0,250000,207857.13315093212,0.8314285326037285,1,103.54979620460152,1.5337669072195863
JB0500_R0055_C0004,500,55,4,-1000.0,-56500.0,-500.0,-56000.0,-750.0,-56250.0,250000,250000.0,1.0,0,103.5542893800397,1.533766645057202
JB0500_R0055_C0005,500,55,5,-500.0,-56500.0,0.0,-56000.0,-250.0,-56250.0,250000,250000.0,1.0,0,103.55878255547677,1.5337663734034612
JB0500_R0055_C0006,500,55,6,0.0,-56500.0,500.0,-56000.0,250.0,-56250.0,250000,250000.0,1.0,0,103.56327573091268,1.533766092258365
JB0500_R0055_C0007,500,55,7,500.0,-56500.0,1000.0,-56000.0,750.0,-56250.0,250000,250000.0,1.0,0,103.5677689063474,1.5337658016219147
JB0500_R0055_C0008,500,55,8,1000.0,-56500.0,1500.0,-56000.0,1250.0,-56250.0,250000,250000.0,1.0,0,103.57226208178088,1.5337655014941125
JB0500_R0055_C0009,500,55,9,1500.0,-56500.0,2000.0,-56000.0,1750.0,-56250.0,250000,250000.0,1.0,0,103.57675525721308,1.5337651918749606
JB0500_R0055_C0010,500,55,10,2000.0,-56500.0,2500.0,-56000.0,2250.0,-56250.0,250000,250000.0,1.0,0,103.58124843264399,1.5337648727644602
JB0500_R0055_C0011,500,55,11,2500.0,-56500.0,3000.0,-56000.0,2750.0,-56250.0,250000,250000.0,1.0,0,103.58574160807355,1.533764544162614
JB0500_R0055_C0012,500,55,12,3000.0,-56500.0,3500.0,-56000.0,3250.0,-56250.0,250000,250000.0,1.0,0,103.5902347835017,1.5337642060694234
JB0500_R0055_C0013,500,55,13,3500.0,-56500.0,4000.0,-56000.0,3750.0,-56250.0,250000,250000.0,1.0,0,103.59472795892843,1.533763858484891
JB0500_R0055_C0014,500,55,14,4000.0,-56500.0,4500.0,-56000.0,4250.0,-56250.0,250000,250000.0,1.0,0,103.5992211343537,1.5337635014090185
JB0500_R0055_C0015,500,55,15,4500.0,-56500.0,5000.0,-56000.0,4750.0,-56250.0,250000,250000.0,1.0,0,103.60371430977744,1.5337631348418082
JB0500_R0055_C0016,500,55,16,5000.0,-56500.0,5500.0,-56000.0,5250.0,-56250.0,250000,250000.0,1.0,0,103.60820748519964,1.5337627587832627
JB0500_R0055_C0017,500,55,17,5500.0,-56500.0,6000.0,-56000.0,5750.0,-56250.0,250000,250000.0,1.0,0,103.61270066062026,1.5337623732333838
JB0500_R0055_C0018,500,55,18,6000.0,-56500.0,6500.0,-56000.0,6250.0,-56250.0,250000,250000.0,1.0,0,103.61719383603925,1.5337619781921743
JB0500_R0055_C0019,500,55,19,6500.0,-56500.0,7000.0,-56000.0,6750.0,-56250.0,250000,250000.0,1.0,0,103.62168701145656,1.5337615736596364
JB0500_R0055_C0020,500,55,20,7000.0,-56500.0,7500.0,-56000.0,7250.0,-56250.0,250000,250000.0,1.0,0,103.62618018687216,1.5337611596357725
JB0500_R0055_C0021,500,55,21,7500.0,-56500.0,8000.0,-56000.0,7750.0,-56250.0,250000,250000.0,1.0,0,103.63067336228603,1.5337607361205858
JB0500_R0055_C0022,500,55,22,8000.0,-56500.0,8500.0,-56000.0,8250.0,-56250.0,250000,250000.0,1.0,0,103.63516653769811,1.5337603031140778
JB0500_R0055_C0023,500,55,23,8500.0,-56500.0,9000.0,-56000.0,8750.0,-56250.0,250000,250000.0,1.0,0,103.63965971310836,1.5337598606162524
JB0500_R0055_C0024,500,55,24,9000.0,-56500.0,9500.0,-56000.0,9250.0,-56250.0,250000,250000.0,1.0,0,103.64415288851674,1.5337594086271111
JB0500_R0055_C0025,500,55,25,9500.0,-56500.0,10000.0,-56000.0,9750.0,-56250.0,250000,250000.0,1.0,0,103.64864606392322,1.5337589471466575
JB0500_R0055_C0026,500,55,26,10000.0,-56500.0,10500.0,-56000.0,10250.0,-56250.0,250000,250000.0,1.0,0,103.65313923932777,1.5337584761748944
JB0500_R0055_C0027,500,55,27,10500.0,-56500.0,11000.0,-56000.0,10750.0,-56250.0,250000,250000.0,1.0,0,103.65763241473032,1.5337579957118244
JB0500_R0055_C0028,500,55,28,11000.0,-56500.0,11500.0,-56000.0,11250.0,-56250.0,250000,250000.0,1.0,0,103.66212559013084,1.5337575057574504
JB0500_R0055_C0029,500,55,29,11500.0,-56500.0,12000.0,-56000.0,11750.0,-56250.0,250000,250000.0,1.0,0,103.66661876552931,1.5337570063117758
JB0500_R0055_C0030,500,55,30,12000.0,-56500.0,12500.0,-56000.0,12250.0,-56250.0,250000,250000.0,1.0,0,103.67111194092567,1.5337564973748037
JB0500_R0055_C0031,500,55,31,12500.0,-56500.0,13000.0,-56000.0,12750.0,-56250.0,250000,250000.0,1.0,0,103.67560511631989,1.5337559789465367
JB0500_R0055_C0032,500,55,32,13000.0,-56500.0,13500.0,-56000.0,13250.0,-56250.0,250000,250000.0,1.0,0,103.68009829171191,1.5337554510269784
JB0500_R0055_C0033,500,55,33,13500.0,-56500.0,14000.0,-56000.0,13750.0,-56250.0,250000,250000.0,1.0,0,103.68459146710173,1.533754913616132
JB0500_R0055_C0034,500,55,34,14000.0,-56500.0,14500.0,-56000.0,14250.0,-56250.0,250000,250000.0,1.0,0,103.68908464248929,1.5337543667140008
JB0500_R0055_C0035,500,55,35,14500.0,-56500.0,15000.0,-56000.0,14750.0,-56250.0,250000,250000.0,1.0,0,103.69357781787453,1.5337538103205879
JB0500_R0055_C0036,500,55,36,15000.0,-56500.0,15500.0,-56000.0,15250.0,-56250.0,250000,250000.0,1.0,0,103.69807099325745,1.5337532444358972
JB0500_R0055_C0037,500,55,37,15500.0,-56500.0,16000.0,-56000.0,15750.0,-56250.0,250000,250000.0,1.0,0,103.70256416863796,1.533752669059932
JB0500_R0055_C0038,500,55,38,16000.0,-56500.0,16500.0,-56000.0,16250.0,-56250.0,250000,250000.0,1.0,0,103.70705734401608,1.5337520841926955
JB0500_R0055_C0039,500,55,39,16500.0,-56500.0,17000.0,-56000.0,16750.0,-56250.0,250000,250000.0,1.0,0,103.71155051939172,1.5337514898341917
JB0500_R0055_C0040,500,55,40,17000.0,-56500.0,17500.0,-56000.0,17250.0,-56250.0,250000,250000.0,1.0,0,103.71604369476488,1.5337508859844244
JB0500_R0055_C0041,500,55,41,17500.0,-56500.0,18000.0,-56000.0,17750.0,-56250.0,250000,250000.0,1.0,0,103.72053687013549,1.533750272643397
JB0500_R0055_C0042,500,55,42,18000.0,-56500.0,18500.0,-56000.0,18250.0,-56250.0,250000,250000.0,1.0,0,103.72503004550353,1.5337496498111132
JB0500_R0055_C0043,500,55,43,18500.0,-56500.0,19000.0,-56000.0,18750.0,-56250.0,250000,250000.0,1.0,0,103.72952322086894,1.533749017487577
JB0500_R0055_C0044,500,55,44,19000.0,-56500.0,19500.0,-56000.0,19250.0,-56250.0,250000,250000.0,1.0,0,103.7340163962317,1.5337483756727923
JB0500_R0055_C0045,500,55,45,19500.0,-56500.0,20000.0,-56000.0,19750.0,-56250.0,250000,250000.0,1.0,0,103.73850957159176,1.533747724366763
JB0500_R0055_C0046,500,55,46,20000.0,-56500.0,20500.0,-56000.0,20250.0,-56250.0,250000,250000.0,1.0,0,103.74300274694909,1.5337470635694934
JB0500_R0055_C0047,500,55,47,20500.0,-56500.0,21000.0,-56000.0,20750.0,-56250.0,250000,250000.0,1.0,0,103.74749592230364,1.533746393280987
JB0500_R0055_C0048,500,55,48,21000.0,-56500.0,21500.0,-56000.0,21250.0,-56250.0,250000,250000.0,1.0,0,103.75198909765537,1.5337457135012484
JB0500_R0055_C0049,500,55,49,21500.0,-56500.0,22000.0,-56000.0,21750.0,-56250.0,250000,250000.0,1.0,0,103.75648227300424,1.5337450242302817
JB0500_R0055_C0050,500,55,50,22000.0,-56500.0,22500.0,-56000.0,22250.0,-56250.0,250000,250000.0,1.0,0,103.76097544835022,1.533744325468091
JB0500_R0055_C0051,500,55,51,22500.0,-56500.0,23000.0,-56000.0,22750.0,-56250.0,250000,250000.0,1.0,0,103.76546862369328,1.5337436172146806
JB0500_R0055_C0052,500,55,52,23000.0,-56500.0,23500.0,-56000.0,23250.0,-56250.0,250000,250000.0,1.0,0,103.76996179903334,1.533742899470055
JB0500_R0055_C0053,500,55,53,23500.0,-56500.0,24000.0,-56000.0,23750.0,-56250.0,250000,250000.0,1.0,0,103.7744549743704,1.5337421722342186
JB0500_R0055_C0054,500,55,54,24000.0,-56500.0,24500.0,-56000.0,24250.0,-56250.0,250000,250000.0,1.0,0,103.77894814970442,1.533741435507176
JB0500_R0055_C0055,500,55,55,24500.0,-56500.0,25000.0,-56000.0,24750.0,-56250.0,250000,250000.0,1.0,0,103.78344132503533,1.5337406892889311
JB0500_R0055_C0056,500,55,56,25000.0,-56500.0,25500.0,-56000.0,25250.0,-56250.0,250000,250000.0,1.0,0,103.78793450036311,1.5337399335794895
JB0500_R0055_C0057,500,55,57,25500.0,-56500.0,26000.0,-56000.0,25750.0,-56250.0,250000,250000.0,1.0,0,103.79242767568772,1.5337391683788548
JB0500_R0055_C0058,500,55,58,26000.0,-56500.0,26500.0,-56000.0,26250.0,-56250.0,250000,250000.0,1.0,0,103.7969208510091,1.5337383936870328
JB0500_R0055_C0059,500,55,59,26500.0,-56500.0,27000.0,-56000.0,26750.0,-56250.0,250000,250000.0,1.0,0,103.80141402632725,1.5337376095040274
JB0500_R0055_C0060,500,55,60,27000.0,-56500.0,27500.0,-56000.0,27250.0,-56250.0,250000,250000.0,1.0,0,103.80590720164211,1.5337368158298437
JB0500_R0055_C0061,500,55,61,27500.0,-56500.0,28000.0,-56000.0,27750.0,-56250.0,250000,250000.0,1.0,0,103.81040037695364,1.5337360126644866
JB0500_R0055_C0062,500,55,62,28000.0,-56500.0,28500.0,-56000.0,28250.0,-56250.0,250000,250000.0,1.0,0,103.81489355226178,1.5337352000079614
JB0500_R0055_C0063,500,55,63,28500.0,-56500.0,29000.0,-56000.0,28750.0,-56250.0,250000,250000.0,1.0,0,103.81938672756654,1.5337343778602726
JB0500_R0055_C0064,500,55,64,29000.0,-56500.0,29500.0,-56000.0,29250.0,-56250.0,250000,250000.0,1.0,0,103.82387990286783,1.5337335462214252
JB0500_R0055_C0065,500,55,65,29500.0,-56500.0,30000.0,-56000.0,29750.0,-56250.0,250000,250000.0,1.0,0,103.82837307816564,1.533732705091425
JB0500_R0055_C0066,500,55,66,30000.0,-56500.0,30500.0,-56000.0,30250.0,-56250.0,250000,250000.0,1.0,0,103.83286625345991,1.5337318544702763
JB0500_R0055_C0067,500,55,67,30500.0,-56500.0,31000.0,-56000.0,30750.0,-56250.0,250000,250000.0,1.0,0,103.83735942875062,1.533730994357985
JB0500_R0055_C0068,500,55,68,31000.0,-56500.0,31500.0,-56000.0,31250.0,-56250.0,250000,250000.0,1.0,0,103.84185260403773,1.533730124754556
JB0500_R0055_C0069,500,55,69,31500.0,-56500.0,32000.0,-56000.0,31750.0,-56250.0,250000,250000.0,1.0,0,103.84634577932118,1.5337292456599954
JB0500_R0055_C0070,500,55,70,32000.0,-56500.0,32500.0,-56000.0,32250.0,-56250.0,250000,250000.0,1.0,0,103.85083895460096,1.5337283570743074
JB0500_R0055_C0071,500,55,71,32500.0,-56500.0,33000.0,-56000.0,32750.0,-56250.0,250000,250000.0,1.0,0,103.85533212987698,1.5337274589974983
JB0500_R0055_C0072,500,55,72,33000.0,-56500.0,33500.0,-56000.0,33250.0,-56250.0,250000,250000.0,1.0,0,103.85982530514927,1.5337265514295737
JB0500_R0055_C0073,500,55,73,33500.0,-56500.0,34000.0,-56000.0,33750.0,-56250.0,250000,250000.0,1.0,0,103.86431848041774,1.5337256343705388
JB0500_R0055_C0074,500,55,74,34000.0,-56500.0,34500.0,-56000.0,34250.0,-56250.0,250000,250000.0,1.0,0,103.86881165568236,1.5337247078203995
JB0500_R0055_C0075,500,55,75,34500.0,-56500.0,35000.0,-56000.0,34750.0,-56250.0,250000,250000.0,1.0,0,103.8733048309431,1.533723771779161
JB0500_R0055_C0076,500,55,76,35000.0,-56500.0,35500.0,-56000.0,35250.0,-56250.0,250000,250000.0,1.0,0,103.87779800619991,1.5337228262468299
JB0500_R0055_C0077,500,55,77,35500.0,-56500.0,36000.0,-56000.0,35750.0,-56250.0,250000,250000.0,1.0,0,103.88229118145277,1.5337218712234115
JB0500_R0055_C0078,500,55,78,36000.0,-56500.0,36500.0,-56000.0,36250.0,-56250.0,250000,250000.0,1.0,0,103.88678435670163,1.5337209067089115
JB0500_R0055_C0079,500,55,79,36500.0,-56500.0,37000.0,-56000.0,36750.0,-56250.0,250000,250000.0,1.0,0,103.89127753194641,1.5337199327033364
JB0500_R0055_C0080,500,55,80,37000.0,-56500.0,37500.0,-56000.0,37250.0,-56250.0,250000,250000.0,1.0,0,103.89577070718714,1.5337189492066916
JB0500_R0055_C0081,500,55,81,37500.0,-56500.0,38000.0,-56000.0,37750.0,-56250.0,250000,250000.0,1.0,0,103.90026388242374,1.533717956218984
JB0500_R0055_C0082,500,55,82,38000.0,-56500.0,38500.0,-56000.0,38250.0,-56250.0,250000,250000.0,1.0,0,103.90475705765618,1.5337169537402187
JB0500_R0055_C0083,500,55,83,38500.0,-56500.0,39000.0,-56000.0,38750.0,-56250.0,250000,250000.0,1.0,0,103.90925023288442,1.5337159417704025
JB0500_R0055_C0084,500,55,84,39000.0,-56500.0,39500.0,-56000.0,39250.0,-56250.0,250000,250000.0,1.0,0,103.91374340810843,1.5337149203095415
JB0500_R0055_C0085,500,55,85,39500.0,-56500.0,40000.0,-56000.0,39750.0,-56250.0,250000,250000.0,1.0,0,103.91823658332814,1.5337138893576419
JB0500_R0055_C0086,500,55,86,40000.0,-56500.0,40500.0,-56000.0,40250.0,-56250.0,250000,250000.0,1.0,0,103.92272975854353,1.5337128489147103
JB0500_R0055_C0087,500,55,87,40500.0,-56500.0,41000.0,-56000.0,40750.0,-56250.0,250000,250000.0,1.0,0,103.92722293375456,1.5337117989807527
JB0500_R0055_C0088,500,55,88,41000.0,-56500.0,41500.0,-56000.0,41250.0,-56250.0,250000,250000.0,1.0,0,103.9317161089612,1.5337107395557759
JB0500_R0055_C0089,500,55,89,41500.0,-56500.0,42000.0,-56000.0,41750.0,-56250.0,250000,250000.0,1.0,0,103.9362092841634,1.5337096706397864
JB0500_R0055_C0090,500,55,90,42000.0,-56500.0,42500.0,-56000.0,42250.0,-56250.0,250000,250000.0,1.0,0,103.94070245936112,1.5337085922327907
JB0500_R0055_C0091,500,55,91,42500.0,-56500.0,43000.0,-56000.0,42750.0,-56250.0,250000,250000.0,1.0,0,103.94519563455431,1.5337075043347954
JB0500_R0055_C0092,500,55,92,43000.0,-56500.0,43500.0,-56000.0,43250.0,-56250.0,250000,250000.0,1.0,0,103.94968880974297,1.533706406945807
JB0500_R0055_C0093,500,55,93,43500.0,-56500.0,44000.0,-56000.0,43750.0,-56250.0,250000,250000.0,1.0,0,103.954181984927,1.533705300065833
JB0500_R0055_C0094,500,55,94,44000.0,-56500.0,44500.0,-56000.0,44250.0,-56250.0,250000,250000.0,1.0,0,103.95867516010641,1.5337041836948793
JB0500_R0055_C0095,500,55,95,44500.0,-56500.0,45000.0,-56000.0,44750.0,-56250.0,250000,250000.0,1.0,0,103.96316833528114,1.5337030578329536
JB0500_R0055_C0096,500,55,96,45000.0,-56500.0,45500.0,-56000.0,45250.0,-56250.0,250000,250000.0,1.0,0,103.96766151045117,1.533701922480062
JB0500_R0055_C0097,500,55,97,45500.0,-56500.0,46000.0,-56000.0,45750.0,-56250.0,250000,250000.0,1.0,0,103.97215468561643,1.5337007776362122
JB0500_R0055_C0098,500,55,98,46000.0,-56500.0,46500.0,-56000.0,46250.0,-56250.0,250000,250000.0,1.0,0,103.9766478607769,1.5336996233014109
JB0500_R0055_C0099,500,55,99,46500.0,-56500.0,47000.0,-56000.0,46750.0,-56250.0,250000,250000.0,1.0,0,103.98114103593252,1.5336984594756653
JB0500_R0055_C0100,500,55,100,47000.0,-56500.0,47500.0,-56000.0,47250.0,-56250.0,250000,250000.0,1.0,0,103.98563421108327,1.5336972861589826
JB0500_R0055_C0101,500,55,101,47500.0,-56500.0,48000.0,-56000.0,47750.0,-56250.0,250000,250000.0,1.0,0,103.99012738622912,1.53369610335137
JB0500_R0055_C0102,500,55,102,48000.0,-56500.0,48500.0,-56000.0,48250.0,-56250.0,250000,250000.0,1.0,0,103.99462056137001,1.5336949110528346
JB0500_R0055_C0103,500,55,103,48500.0,-56500.0,49000.0,-56000.0,48750.0,-56250.0,250000,250000.0,1.0,0,103.99911373650589,1.5336937092633842
JB0500_R0055_C0104,500,55,104,49000.0,-56500.0,49500.0,-56000.0,49250.0,-56250.0,250000,250000.0,1.0,0,104.00360691163677,1.5336924979830255
JB0500_R0055_C0105,500,55,105,49500.0,-56500.0,50000.0,-56000.0,49750.0,-56250.0,250000,250000.0,1.0,0,104.00810008676255,1.5336912772117666
JB0500_R0055_C0106,500,55,106,50000.0,-56500.0,50500.0,-56000.0,50250.0,-56250.0,250000,250000.0,1.0,0,104.01259326188323,1.5336900469496146
JB0500_R0055_C0107,500,55,107,50500.0,-56500.0,51000.0,-56000.0,50750.0,-56250.0,250000,250000.0,1.0,0,104.01708643699875,1.5336888071965775
JB0500_R0055_C0108,500,55,108,51000.0,-56500.0,51500.0,-56000.0,51250.0,-56250.0,250000,50134.95376056744,0.20053981504226975,1,104.0215796121091,1.5336875579526628
JB0500_R0056_C0003,500,56,3,-1500.0,-56000.0,-1000.0,-55500.0,-1250.0,-55750.0,250000,54855.12687862382,0.2194205075144953,1,103.54979646076477,1.538288711682699
JB0500_R0056_C0004,500,56,4,-1000.0,-56000.0,-500.0,-55500.0,-750.0,-55750.0,250000,250000.0,1.0,0,103.55428964564804,1.53828844874706
JB0500_R0056_C0005,500,56,5,-500.0,-56000.0,0.0,-55500.0,-250.0,-55750.0,250000,250000.0,1.0,0,103.55878283053019,1.5382881762920688
JB0500_R0056_C0006,500,56,6,0.0,-56000.0,500.0,-55500.0,250.0,-55750.0,250000,250000.0,1.0,0,103.56327601541119,1.5382878943177272
JB0500_R0056_C0007,500,56,7,500.0,-56000.0,1000.0,-55500.0,750.0,-55750.0,250000,250000.0,1.0,0,103.56776920029098,1.5382876028240369
JB0500_R0056_C0008,500,56,8,1000.0,-56000.0,1500.0,-55500.0,1250.0,-55750.0,250000,250000.0,1.0,0,103.57226238516954,1.5382873018109997
JB0500_R0056_C0009,500,56,9,1500.0,-56000.0,2000.0,-55500.0,1750.0,-55750.0,250000,250000.0,1.0,0,103.57675557004681,1.5382869912786172
JB0500_R0056_C0010,500,56,10,2000.0,-56000.0,2500.0,-55500.0,2250.0,-55750.0,250000,250000.0,1.0,0,103.58124875492275,1.5382866712268919
JB0500_R0056_C0011,500,56,11,2500.0,-56000.0,3000.0,-55500.0,2750.0,-55750.0,250000,250000.0,1.0,0,103.58574193979736,1.5382863416558252
JB0500_R0056_C0012,500,56,12,3000.0,-56000.0,3500.0,-55500.0,3250.0,-55750.0,250000,250000.0,1.0,0,103.59023512467056,1.5382860025654195
JB0500_R0056_C0013,500,56,13,3500.0,-56000.0,4000.0,-55500.0,3750.0,-55750.0,250000,250000.0,1.0,0,103.5947283095423,1.5382856539556768
JB0500_R0056_C0014,500,56,14,4000.0,-56000.0,4500.0,-55500.0,4250.0,-55750.0,250000,250000.0,1.0,0,103.59922149441259,1.5382852958265993
JB0500_R0056_C0015,500,56,15,4500.0,-56000.0,5000.0,-55500.0,4750.0,-55750.0,250000,250000.0,1.0,0,103.60371467928134,1.538284928178189
JB0500_R0056_C0016,500,56,16,5000.0,-56000.0,5500.0,-55500.0,5250.0,-55750.0,250000,250000.0,1.0,0,103.60820786414854,1.5382845510104484
JB0500_R0056_C0017,500,56,17,5500.0,-56000.0,6000.0,-55500.0,5750.0,-55750.0,250000,250000.0,1.0,0,103.61270104901415,1.5382841643233796
JB0500_R0056_C0018,500,56,18,6000.0,-56000.0,6500.0,-55500.0,6250.0,-55750.0,250000,250000.0,1.0,0,103.61719423387812,1.538283768116985
JB0500_R0056_C0019,500,56,19,6500.0,-56000.0,7000.0,-55500.0,6750.0,-55750.0,250000,250000.0,1.0,0,103.62168741874041,1.5382833623912673
JB0500_R0056_C0020,500,56,20,7000.0,-56000.0,7500.0,-55500.0,7250.0,-55750.0,250000,250000.0,1.0,0,103.62618060360099,1.5382829471462287
JB0500_R0056_C0021,500,56,21,7500.0,-56000.0,8000.0,-55500.0,7750.0,-55750.0,250000,250000.0,1.0,0,103.63067378845979,1.538282522381872
JB0500_R0056_C0022,500,56,22,8000.0,-56000.0,8500.0,-55500.0,8250.0,-55750.0,250000,250000.0,1.0,0,103.63516697331681,1.5382820880981996
JB0500_R0056_C0023,500,56,23,8500.0,-56000.0,9000.0,-55500.0,8750.0,-55750.0,250000,249519.21006025726,0.998076840241029,1,103.63966015817199,1.5382816442952143
JB0500_R0056_C0024,500,56,24,9000.0,-56000.0,9500.0,-55500.0,9250.0,-55750.0,250000,250000.0,1.0,0,103.64415334302531,1.5382811909729186
JB0500_R0056_C0025,500,56,25,9500.0,-56000.0,10000.0,-55500.0,9750.0,-55750.0,250000,250000.0,1.0,0,103.64864652787669,1.5382807281313158
JB0500_R0056_C0026,500,56,26,10000.0,-56000.0,10500.0,-55500.0,10250.0,-55750.0,250000,250000.0,1.0,0,103.65313971272612,1.5382802557704083
JB0500_R0056_C0027,500,56,27,10500.0,-56000.0,11000.0,-55500.0,10750.0,-55750.0,250000,250000.0,1.0,0,103.65763289757355,1.5382797738901994
JB0500_R0056_C0028,500,56,28,11000.0,-56000.0,11500.0,-55500.0,11250.0,-55750.0,250000,250000.0,1.0,0,103.66212608241896,1.5382792824906915
JB0500_R0056_C0029,500,56,29,11500.0,-56000.0,12000.0,-55500.0,11750.0,-55750.0,250000,250000.0,1.0,0,103.66661926726228,1.5382787815718881
JB0500_R0056_C0030,500,56,30,12000.0,-56000.0,12500.0,-55500.0,12250.0,-55750.0,250000,250000.0,1.0,0,103.67111245210349,1.5382782711337921
JB0500_R0056_C0031,500,56,31,12500.0,-56000.0,13000.0,-55500.0,12750.0,-55750.0,250000,250000.0,1.0,0,103.67560563694254,1.538277751176407
JB0500_R0056_C0032,500,56,32,13000.0,-56000.0,13500.0,-55500.0,13250.0,-55750.0,250000,250000.0,1.0,0,103.6800988217794,1.5382772216997351
JB0500_R0056_C0033,500,56,33,13500.0,-56000.0,14000.0,-55500.0,13750.0,-55750.0,250000,250000.0,1.0,0,103.68459200661401,1.5382766827037806
JB0500_R0056_C0034,500,56,34,14000.0,-56000.0,14500.0,-55500.0,14250.0,-55750.0,250000,250000.0,1.0,0,103.68908519144637,1.5382761341885465
JB0500_R0056_C0035,500,56,35,14500.0,-56000.0,15000.0,-55500.0,14750.0,-55750.0,250000,250000.0,1.0,0,103.6935783762764,1.538275576154036
JB0500_R0056_C0036,500,56,36,15000.0,-56000.0,15500.0,-55500.0,15250.0,-55750.0,250000,250000.0,1.0,0,103.69807156110407,1.5382750086002528
JB0500_R0056_C0037,500,56,37,15500.0,-56000.0,16000.0,-55500.0,15750.0,-55750.0,250000,250000.0,1.0,0,103.70256474592935,1.5382744315272001
JB0500_R0056_C0038,500,56,38,16000.0,-56000.0,16500.0,-55500.0,16250.0,-55750.0,250000,250000.0,1.0,0,103.70705793075221,1.5382738449348818
JB0500_R0056_C0039,500,56,39,16500.0,-56000.0,17000.0,-55500.0,16750.0,-55750.0,250000,250000.0,1.0,0,103.71155111557259,1.5382732488233013
JB0500_R0056_C0040,500,56,40,17000.0,-56000.0,17500.0,-55500.0,17250.0,-55750.0,250000,250000.0,1.0,0,103.71604430039045,1.5382726431924623
JB0500_R0056_C0041,500,56,41,17500.0,-56000.0,18000.0,-55500.0,17750.0,-55750.0,250000,250000.0,1.0,0,103.72053748520575,1.5382720280423685
JB0500_R0056_C0042,500,56,42,18000.0,-56000.0,18500.0,-55500.0,18250.0,-55750.0,250000,250000.0,1.0,0,103.72503067001847,1.5382714033730238
JB0500_R0056_C0043,500,56,43,18500.0,-56000.0,19000.0,-55500.0,18750.0,-55750.0,250000,250000.0,1.0,0,103.72952385482856,1.538270769184432
JB0500_R0056_C0044,500,56,44,19000.0,-56000.0,19500.0,-55500.0,19250.0,-55750.0,250000,250000.0,1.0,0,103.73401703963596,1.538270125476597
JB0500_R0056_C0045,500,56,45,19500.0,-56000.0,20000.0,-55500.0,19750.0,-55750.0,250000,250000.0,1.0,0,103.73851022444066,1.5382694722495227
JB0500_R0056_C0046,500,56,46,20000.0,-56000.0,20500.0,-55500.0,20250.0,-55750.0,250000,250000.0,1.0,0,103.74300340924259,1.538268809503213
JB0500_R0056_C0047,500,56,47,20500.0,-56000.0,21000.0,-55500.0,20750.0,-55750.0,250000,250000.0,1.0,0,103.74749659404175,1.5382681372376725
JB0500_R0056_C0048,500,56,48,21000.0,-56000.0,21500.0,-55500.0,21250.0,-55750.0,250000,250000.0,1.0,0,103.75198977883807,1.5382674554529048
JB0500_R0056_C0049,500,56,49,21500.0,-56000.0,22000.0,-55500.0,21750.0,-55750.0,250000,250000.0,1.0,0,103.75648296363151,1.5382667641489143
JB0500_R0056_C0050,500,56,50,22000.0,-56000.0,22500.0,-55500.0,22250.0,-55750.0,250000,250000.0,1.0,0,103.76097614842203,1.538266063325705
JB0500_R0056_C0051,500,56,51,22500.0,-56000.0,23000.0,-55500.0,22750.0,-55750.0,250000,250000.0,1.0,0,103.76546933320962,1.538265352983282
JB0500_R0056_C0052,500,56,52,23000.0,-56000.0,23500.0,-55500.0,23250.0,-55750.0,250000,250000.0,1.0,0,103.7699625179942,1.5382646331216487
JB0500_R0056_C0053,500,56,53,23500.0,-56000.0,24000.0,-55500.0,23750.0,-55750.0,250000,250000.0,1.0,0,103.77445570277575,1.5382639037408103
JB0500_R0056_C0054,500,56,54,24000.0,-56000.0,24500.0,-55500.0,24250.0,-55750.0,250000,250000.0,1.0,0,103.77894888755425,1.5382631648407705
JB0500_R0056_C0055,500,56,55,24500.0,-56000.0,25000.0,-55500.0,24750.0,-55750.0,250000,250000.0,1.0,0,103.78344207232962,1.5382624164215346
JB0500_R0056_C0056,500,56,56,25000.0,-56000.0,25500.0,-55500.0,25250.0,-55750.0,250000,250000.0,1.0,0,103.78793525710185,1.5382616584831073
JB0500_R0056_C0057,500,56,57,25500.0,-56000.0,26000.0,-55500.0,25750.0,-55750.0,250000,250000.0,1.0,0,103.79242844187088,1.5382608910254925
JB0500_R0056_C0058,500,56,58,26000.0,-56000.0,26500.0,-55500.0,26250.0,-55750.0,250000,250000.0,1.0,0,103.79692162663669,1.5382601140486953
JB0500_R0056_C0059,500,56,59,26500.0,-56000.0,27000.0,-55500.0,26750.0,-55750.0,250000,250000.0,1.0,0,103.80141481139921,1.5382593275527205
JB0500_R0056_C0060,500,56,60,27000.0,-56000.0,27500.0,-55500.0,27250.0,-55750.0,250000,250000.0,1.0,0,103.80590799615844,1.538258531537573
JB0500_R0056_C0061,500,56,61,27500.0,-56000.0,28000.0,-55500.0,27750.0,-55750.0,250000,250000.0,1.0,0,103.8104011809143,1.5382577260032577
JB0500_R0056_C0062,500,56,62,28000.0,-56000.0,28500.0,-55500.0,28250.0,-55750.0,250000,250000.0,1.0,0,103.81489436566679,1.5382569109497795
JB0500_R0056_C0063,500,56,63,28500.0,-56000.0,29000.0,-55500.0,28750.0,-55750.0,250000,250000.0,1.0,0,103.81938755041584,1.5382560863771433
JB0500_R0056_C0064,500,56,64,29000.0,-56000.0,29500.0,-55500.0,29250.0,-55750.0,250000,250000.0,1.0,0,103.82388073516141,1.5382552522853545
JB0500_R0056_C0065,500,56,65,29500.0,-56000.0,30000.0,-55500.0,29750.0,-55750.0,250000,250000.0,1.0,0,103.8283739199035,1.538254408674418
JB0500_R0056_C0066,500,56,66,30000.0,-56000.0,30500.0,-55500.0,30250.0,-55750.0,250000,250000.0,1.0,0,103.832867104642,1.538253555544339
JB0500_R0056_C0067,500,56,67,30500.0,-56000.0,31000.0,-55500.0,30750.0,-55750.0,250000,250000.0,1.0,0,103.83736028937695,1.538252692895123
JB0500_R0056_C0068,500,56,68,31000.0,-56000.0,31500.0,-55500.0,31250.0,-55750.0,250000,250000.0,1.0,0,103.84185347410825,1.5382518207267748
JB0500_R0056_C0069,500,56,69,31500.0,-56000.0,32000.0,-55500.0,31750.0,-55750.0,250000,250000.0,1.0,0,103.8463466588359,1.5382509390393004
JB0500_R0056_C0070,500,56,70,32000.0,-56000.0,32500.0,-55500.0,32250.0,-55750.0,250000,250000.0,1.0,0,103.85083984355981,1.5382500478327046
JB0500_R0056_C0071,500,56,71,32500.0,-56000.0,33000.0,-55500.0,32750.0,-55750.0,250000,250000.0,1.0,0,103.85533302828,1.5382491471069932
JB0500_R0056_C0072,500,56,72,33000.0,-56000.0,33500.0,-55500.0,33250.0,-55750.0,250000,250000.0,1.0,0,103.85982621299638,1.5382482368621722
JB0500_R0056_C0073,500,56,73,33500.0,-56000.0,34000.0,-55500.0,33750.0,-55750.0,250000,250000.0,1.0,0,103.86431939770894,1.5382473170982462
JB0500_R0056_C0074,500,56,74,34000.0,-56000.0,34500.0,-55500.0,34250.0,-55750.0,250000,250000.0,1.0,0,103.86881258241763,1.5382463878152217
JB0500_R0056_C0075,500,56,75,34500.0,-56000.0,35000.0,-55500.0,34750.0,-55750.0,250000,250000.0,1.0,0,103.87330576712243,1.5382454490131041
JB0500_R0056_C0076,500,56,76,35000.0,-56000.0,35500.0,-55500.0,35250.0,-55750.0,250000,250000.0,1.0,0,103.87779895182328,1.5382445006918992
JB0500_R0056_C0077,500,56,77,35500.0,-56000.0,36000.0,-55500.0,35750.0,-55750.0,250000,250000.0,1.0,0,103.88229213652012,1.538243542851613
JB0500_R0056_C0078,500,56,78,36000.0,-56000.0,36500.0,-55500.0,36250.0,-55750.0,250000,250000.0,1.0,0,103.88678532121294,1.538242575492251
JB0500_R0056_C0079,500,56,79,36500.0,-56000.0,37000.0,-55500.0,36750.0,-55750.0,250000,250000.0,1.0,0,103.8912785059017,1.5382415986138196
JB0500_R0056_C0080,500,56,80,37000.0,-56000.0,37500.0,-55500.0,37250.0,-55750.0,250000,250000.0,1.0,0,103.89577169058636,1.5382406122163248
JB0500_R0056_C0081,500,56,81,37500.0,-56000.0,38000.0,-55500.0,37750.0,-55750.0,250000,250000.0,1.0,0,103.90026487526686,1.5382396162997722
JB0500_R0056_C0082,500,56,82,38000.0,-56000.0,38500.0,-55500.0,38250.0,-55750.0,250000,250000.0,1.0,0,103.90475805994318,1.5382386108641684
JB0500_R0056_C0083,500,56,83,38500.0,-56000.0,39000.0,-55500.0,38750.0,-55750.0,250000,250000.0,1.0,0,103.90925124461526,1.5382375959095194
JB0500_R0056_C0084,500,56,84,39000.0,-56000.0,39500.0,-55500.0,39250.0,-55750.0,250000,250000.0,1.0,0,103.9137444292831,1.5382365714358315
JB0500_R0056_C0085,500,56,85,39500.0,-56000.0,40000.0,-55500.0,39750.0,-55750.0,250000,250000.0,1.0,0,103.91823761394662,1.5382355374431111
JB0500_R0056_C0086,500,56,86,40000.0,-56000.0,40500.0,-55500.0,40250.0,-55750.0,250000,250000.0,1.0,0,103.92273079860578,1.5382344939313644
JB0500_R0056_C0087,500,56,87,40500.0,-56000.0,41000.0,-55500.0,40750.0,-55750.0,250000,250000.0,1.0,0,103.92722398326057,1.538233440900598
JB0500_R0056_C0088,500,56,88,41000.0,-56000.0,41500.0,-55500.0,41250.0,-55750.0,250000,250000.0,1.0,0,103.93171716791095,1.538232378350818
JB0500_R0056_C0089,500,56,89,41500.0,-56000.0,42000.0,-55500.0,41750.0,-55750.0,250000,250000.0,1.0,0,103.93621035255684,1.5382313062820314
JB0500_R0056_C0090,500,56,90,42000.0,-56000.0,42500.0,-55500.0,42250.0,-55750.0,250000,250000.0,1.0,0,103.94070353719823,1.5382302246942445
JB0500_R0056_C0091,500,56,91,42500.0,-56000.0,43000.0,-55500.0,42750.0,-55750.0,250000,250000.0,1.0,0,103.94519672183507,1.5382291335874643
JB0500_R0056_C0092,500,56,92,43000.0,-56000.0,43500.0,-55500.0,43250.0,-55750.0,250000,250000.0,1.0,0,103.94968990646734,1.5382280329616973
JB0500_R0056_C0093,500,56,93,43500.0,-56000.0,44000.0,-55500.0,43750.0,-55750.0,250000,250000.0,1.0,0,103.95418309109498,1.53822692281695
JB0500_R0056_C0094,500,56,94,44000.0,-56000.0,44500.0,-55500.0,44250.0,-55750.0,250000,250000.0,1.0,0,103.95867627571795,1.5382258031532299
JB0500_R0056_C0095,500,56,95,44500.0,-56000.0,45000.0,-55500.0,44750.0,-55750.0,250000,250000.0,1.0,0,103.96316946033623,1.5382246739705432
JB0500_R0056_C0096,500,56,96,45000.0,-56000.0,45500.0,-55500.0,45250.0,-55750.0,250000,250000.0,1.0,0,103.96766264494975,1.5382235352688973
JB0500_R0056_C0097,500,56,97,45500.0,-56000.0,46000.0,-55500.0,45750.0,-55750.0,250000,250000.0,1.0,0,103.9721558295585,1.5382223870482992
JB0500_R0056_C0098,500,56,98,46000.0,-56000.0,46500.0,-55500.0,46250.0,-55750.0,250000,250000.0,1.0,0,103.97664901416242,1.5382212293087556
JB0500_R0056_C0099,500,56,99,46500.0,-56000.0,47000.0,-55500.0,46750.0,-55750.0,250000,250000.0,1.0,0,103.98114219876148,1.538220062050274
JB0500_R0056_C0100,500,56,100,47000.0,-56000.0,47500.0,-55500.0,47250.0,-55750.0,250000,250000.0,1.0,0,103.98563538335563,1.5382188852728615
JB0500_R0056_C0101,500,56,101,47500.0,-56000.0,48000.0,-55500.0,47750.0,-55750.0,250000,250000.0,1.0,0,103.99012856794484,1.5382176989765255
JB0500_R0056_C0102,500,56,102,48000.0,-56000.0,48500.0,-55500.0,48250.0,-55750.0,250000,250000.0,1.0,0,103.99462175252906,1.538216503161273
JB0500_R0056_C0103,500,56,103,48500.0,-56000.0,49000.0,-55500.0,48750.0,-55750.0,250000,250000.0,1.0,0,103.99911493710826,1.5382152978271115
JB0500_R0056_C0104,500,56,104,49000.0,-56000.0,49500.0,-55500.0,49250.0,-55750.0,250000,250000.0,1.0,0,104.00360812168239,1.5382140829740483
JB0500_R0056_C0105,500,56,105,49500.0,-56000.0,50000.0,-55500.0,49750.0,-55750.0,250000,250000.0,1.0,0,104.00810130625145,1.5382128586020911
JB0500_R0056_C0106,500,56,106,50000.0,-56000.0,50500.0,-55500.0,50250.0,-55750.0,250000,250000.0,1.0,0,104.01259449081535,1.5382116247112474
JB0500_R0056_C0107,500,56,107,50500.0,-56000.0,51000.0,-55500.0,50750.0,-55750.0,250000,250000.0,1.0,0,104.01708767537406,1.5382103813015247
JB0500_R0056_C0108,500,56,108,51000.0,-56000.0,51500.0,-55500.0,51250.0,-55750.0,250000,42605.45439208181,0.17042181756832725,1,104.02158085992754,1.5382091283729304
JB0500_R0057_C0003,500,57,3,-1500.0,-55500.0,-1000.0,-55000.0,-1250.0,-55250.0,250000,17277.55414027695,0.0691102165611078,1,103.54979671768302,1.5428105159534422
JB0500_R0057_C0004,500,57,4,-1000.0,-55500.0,-500.0,-55000.0,-750.0,-55250.0,250000,248489.24560004892,0.9939569824001957,1,103.55428991203921,1.542810252244545
JB0500_R0057_C0005,500,57,5,-500.0,-55500.0,0.0,-55000.0,-250.0,-55250.0,250000,250000.0,1.0,0,103.5587831063943,1.5428099789883
JB0500_R0057_C0006,500,57,6,0.0,-55500.0,500.0,-55000.0,250.0,-55250.0,250000,250000.0,1.0,0,103.56327630074821,1.54280969618471
JB0500_R0057_C0007,500,57,7,500.0,-55500.0,1000.0,-55000.0,750.0,-55250.0,250000,250000.0,1.0,0,103.56776949510092,1.5428094038337758
JB0500_R0057_C0008,500,57,8,1000.0,-55500.0,1500.0,-55000.0,1250.0,-55250.0,250000,250000.0,1.0,0,103.57226268945237,1.5428091019355
JB0500_R0057_C0009,500,57,9,1500.0,-55500.0,2000.0,-55000.0,1750.0,-55250.0,250000,250000.0,1.0,0,103.57675588380255,1.5428087904898835
JB0500_R0057_C0010,500,57,10,2000.0,-55500.0,2500.0,-55000.0,2250.0,-55250.0,250000,250000.0,1.0,0,103.58124907815139,1.5428084694969293
JB0500_R0057_C0011,500,57,11,2500.0,-55500.0,3000.0,-55000.0,2750.0,-55250.0,250000,250000.0,1.0,0,103.58574227249886,1.5428081389566386
JB0500_R0057_C0012,500,57,12,3000.0,-55500.0,3500.0,-55000.0,3250.0,-55250.0,250000,250000.0,1.0,0,103.59023546684493,1.5428077988690134
JB0500_R0057_C0013,500,57,13,3500.0,-55500.0,4000.0,-55000.0,3750.0,-55250.0,250000,250000.0,1.0,0,103.59472866118956,1.5428074492340564
JB0500_R0057_C0014,500,57,14,4000.0,-55500.0,4500.0,-55000.0,4250.0,-55250.0,250000,250000.0,1.0,0,103.59922185553269,1.5428070900517696
JB0500_R0057_C0015,500,57,15,4500.0,-55500.0,5000.0,-55000.0,4750.0,-55250.0,250000,250000.0,1.0,0,103.60371504987431,1.5428067213221548
JB0500_R0057_C0016,500,57,16,5000.0,-55500.0,5500.0,-55000.0,5250.0,-55250.0,250000,250000.0,1.0,0,103.60820824421434,1.5428063430452146
JB0500_R0057_C0017,500,57,17,5500.0,-55500.0,6000.0,-55000.0,5750.0,-55250.0,250000,250000.0,1.0,0,103.61270143855278,1.5428059552209512
JB0500_R0057_C0018,500,57,18,6000.0,-55500.0,6500.0,-55000.0,6250.0,-55250.0,250000,250000.0,1.0,0,103.61719463288956,1.5428055578493671
JB0500_R0057_C0019,500,57,19,6500.0,-55500.0,7000.0,-55000.0,6750.0,-55250.0,250000,250000.0,1.0,0,103.62168782722466,1.5428051509304648
JB0500_R0057_C0020,500,57,20,7000.0,-55500.0,7500.0,-55000.0,7250.0,-55250.0,250000,250000.0,1.0,0,103.62618102155804,1.5428047344642464
JB0500_R0057_C0021,500,57,21,7500.0,-55500.0,8000.0,-55000.0,7750.0,-55250.0,250000,206118.599124379,0.824474396497516,1,103.63067421588964,1.5428043084507148
JB0500_R0057_C0022,500,57,22,8000.0,-55500.0,8500.0,-55000.0,8250.0,-55250.0,250000,97707.61784923612,0.3908304713969445,1,103.63516741021944,1.5428038728898728
JB0500_R0057_C0023,500,57,23,8500.0,-55500.0,9000.0,-55000.0,8750.0,-55250.0,250000,62081.43848220595,0.2483257539288238,1,103.63966060454739,1.5428034277817226
JB0500_R0057_C0024,500,57,24,9000.0,-55500.0,9500.0,-55000.0,9250.0,-55250.0,250000,201581.7986201825,0.80632719448073,1,103.64415379887345,1.5428029731262674
JB0500_R0057_C0025,500,57,25,9500.0,-55500.0,10000.0,-55000.0,9750.0,-55250.0,250000,250000.0,1.0,0,103.64864699319757,1.5428025089235096
JB0500_R0057_C0026,500,57,26,10000.0,-55500.0,10500.0,-55000.0,10250.0,-55250.0,250000,250000.0,1.0,0,103.65314018751974,1.5428020351734524
JB0500_R0057_C0027,500,57,27,10500.0,-55500.0,11000.0,-55000.0,10750.0,-55250.0,250000,250000.0,1.0,0,103.6576333818399,1.5428015518760985
JB0500_R0057_C0028,500,57,28,11000.0,-55500.0,11500.0,-55000.0,11250.0,-55250.0,250000,250000.0,1.0,0,103.66212657615802,1.5428010590314507
JB0500_R0057_C0029,500,57,29,11500.0,-55500.0,12000.0,-55000.0,11750.0,-55250.0,250000,250000.0,1.0,0,103.66661977047403,1.5428005566395127
JB0500_R0057_C0030,500,57,30,12000.0,-55500.0,12500.0,-55000.0,12250.0,-55250.0,250000,250000.0,1.0,0,103.67111296478792,1.5428000447002872
JB0500_R0057_C0031,500,57,31,12500.0,-55500.0,13000.0,-55000.0,12750.0,-55250.0,250000,250000.0,1.0,0,103.67560615909964,1.5427995232137772
JB0500_R0057_C0032,500,57,32,13000.0,-55500.0,13500.0,-55000.0,13250.0,-55250.0,250000,250000.0,1.0,0,103.68009935340916,1.542798992179986
JB0500_R0057_C0033,500,57,33,13500.0,-55500.0,14000.0,-55000.0,13750.0,-55250.0,250000,250000.0,1.0,0,103.68459254771643,1.542798451598917
JB0500_R0057_C0034,500,57,34,14000.0,-55500.0,14500.0,-55000.0,14250.0,-55250.0,250000,250000.0,1.0,0,103.68908574202142,1.5427979014705733
JB0500_R0057_C0035,500,57,35,14500.0,-55500.0,15000.0,-55000.0,14750.0,-55250.0,250000,250000.0,1.0,0,103.69357893632407,1.5427973417949585
JB0500_R0057_C0036,500,57,36,15000.0,-55500.0,15500.0,-55000.0,15250.0,-55250.0,250000,250000.0,1.0,0,103.69807213062435,1.5427967725720761
JB0500_R0057_C0037,500,57,37,15500.0,-55500.0,16000.0,-55000.0,15750.0,-55250.0,250000,250000.0,1.0,0,103.70256532492222,1.5427961938019292
JB0500_R0057_C0038,500,57,38,16000.0,-55500.0,16500.0,-55000.0,16250.0,-55250.0,250000,250000.0,1.0,0,103.70705851921765,1.5427956054845222
JB0500_R0057_C0039,500,57,39,16500.0,-55500.0,17000.0,-55000.0,16750.0,-55250.0,250000,250000.0,1.0,0,103.71155171351059,1.5427950076198576
JB0500_R0057_C0040,500,57,40,17000.0,-55500.0,17500.0,-55000.0,17250.0,-55250.0,250000,250000.0,1.0,0,103.71604490780099,1.54279440020794
JB0500_R0057_C0041,500,57,41,17500.0,-55500.0,18000.0,-55000.0,17750.0,-55250.0,250000,250000.0,1.0,0,103.72053810208885,1.5427937832487726
JB0500_R0057_C0042,500,57,42,18000.0,-55500.0,18500.0,-55000.0,18250.0,-55250.0,250000,250000.0,1.0,0,103.72503129637408,1.5427931567423594
JB0500_R0057_C0043,500,57,43,18500.0,-55500.0,19000.0,-55000.0,18750.0,-55250.0,250000,250000.0,1.0,0,103.72952449065664,1.5427925206887045
JB0500_R0057_C0044,500,57,44,19000.0,-55500.0,19500.0,-55000.0,19250.0,-55250.0,250000,250000.0,1.0,0,103.73401768493655,1.5427918750878113
JB0500_R0057_C0045,500,57,45,19500.0,-55500.0,20000.0,-55000.0,19750.0,-55250.0,250000,250000.0,1.0,0,103.73851087921372,1.5427912199396843
JB0500_R0057_C0046,500,57,46,20000.0,-55500.0,20500.0,-55000.0,20250.0,-55250.0,250000,250000.0,1.0,0,103.74300407348811,1.5427905552443273
JB0500_R0057_C0047,500,57,47,20500.0,-55500.0,21000.0,-55000.0,20750.0,-55250.0,250000,250000.0,1.0,0,103.7474972677597,1.5427898810017442
JB0500_R0057_C0048,500,57,48,21000.0,-55500.0,21500.0,-55000.0,21250.0,-55250.0,250000,250000.0,1.0,0,103.75199046202843,1.5427891972119394
JB0500_R0057_C0049,500,57,49,21500.0,-55500.0,22000.0,-55000.0,21750.0,-55250.0,250000,250000.0,1.0,0,103.7564836562943,1.542788503874917
JB0500_R0057_C0050,500,57,50,22000.0,-55500.0,22500.0,-55000.0,22250.0,-55250.0,250000,250000.0,1.0,0,103.7609768505572,1.5427878009906812
JB0500_R0057_C0051,500,57,51,22500.0,-55500.0,23000.0,-55000.0,22750.0,-55250.0,250000,250000.0,1.0,0,103.76547004481715,1.5427870885592365
JB0500_R0057_C0052,500,57,52,23000.0,-55500.0,23500.0,-55000.0,23250.0,-55250.0,250000,250000.0,1.0,0,103.76996323907409,1.5427863665805872
JB0500_R0057_C0053,500,57,53,23500.0,-55500.0,24000.0,-55000.0,23750.0,-55250.0,250000,250000.0,1.0,0,103.77445643332798,1.542785635054738
JB0500_R0057_C0054,500,57,54,24000.0,-55500.0,24500.0,-55000.0,24250.0,-55250.0,250000,250000.0,1.0,0,103.7789496275788,1.542784893981693
JB0500_R0057_C0055,500,57,55,24500.0,-55500.0,25000.0,-55000.0,24750.0,-55250.0,250000,250000.0,1.0,0,103.78344282182645,1.542784143361457
JB0500_R0057_C0056,500,57,56,25000.0,-55500.0,25500.0,-55000.0,25250.0,-55250.0,250000,250000.0,1.0,0,103.78793601607096,1.5427833831940345
JB0500_R0057_C0057,500,57,57,25500.0,-55500.0,26000.0,-55000.0,25750.0,-55250.0,250000,250000.0,1.0,0,103.79242921031225,1.5427826134794305
JB0500_R0057_C0058,500,57,58,26000.0,-55500.0,26500.0,-55000.0,26250.0,-55250.0,250000,250000.0,1.0,0,103.7969224045503,1.5427818342176494
JB0500_R0057_C0059,500,57,59,26500.0,-55500.0,27000.0,-55000.0,26750.0,-55250.0,250000,250000.0,1.0,0,103.80141559878504,1.5427810454086959
JB0500_R0057_C0060,500,57,60,27000.0,-55500.0,27500.0,-55000.0,27250.0,-55250.0,250000,250000.0,1.0,0,103.80590879301647,1.5427802470525749
JB0500_R0057_C0061,500,57,61,27500.0,-55500.0,28000.0,-55000.0,27750.0,-55250.0,250000,250000.0,1.0,0,103.81040198724453,1.542779439149292
JB0500_R0057_C0062,500,57,62,28000.0,-55500.0,28500.0,-55000.0,28250.0,-55250.0,250000,250000.0,1.0,0,103.81489518146917,1.5427786216988513
JB0500_R0057_C0063,500,57,63,28500.0,-55500.0,29000.0,-55000.0,28750.0,-55250.0,250000,250000.0,1.0,0,103.81938837569037,1.542777794701258
JB0500_R0057_C0064,500,57,64,29000.0,-55500.0,29500.0,-55000.0,29250.0,-55250.0,250000,250000.0,1.0,0,103.82388156990807,1.5427769581565176
JB0500_R0057_C0065,500,57,65,29500.0,-55500.0,30000.0,-55000.0,29750.0,-55250.0,250000,250000.0,1.0,0,103.82837476412224,1.542776112064635
JB0500_R0057_C0066,500,57,66,30000.0,-55500.0,30500.0,-55000.0,30250.0,-55250.0,250000,250000.0,1.0,0,103.83286795833284,1.5427752564256156
JB0500_R0057_C0067,500,57,67,30500.0,-55500.0,31000.0,-55000.0,30750.0,-55250.0,250000,250000.0,1.0,0,103.83736115253984,1.5427743912394642
JB0500_R0057_C0068,500,57,68,31000.0,-55500.0,31500.0,-55000.0,31250.0,-55250.0,250000,250000.0,1.0,0,103.84185434674318,1.5427735165061867
JB0500_R0057_C0069,500,57,69,31500.0,-55500.0,32000.0,-55000.0,31750.0,-55250.0,250000,250000.0,1.0,0,103.84634754094283,1.5427726322257882
JB0500_R0057_C0070,500,57,70,32000.0,-55500.0,32500.0,-55000.0,32250.0,-55250.0,250000,250000.0,1.0,0,103.85084073513875,1.542771738398274
JB0500_R0057_C0071,500,57,71,32500.0,-55500.0,33000.0,-55000.0,32750.0,-55250.0,250000,250000.0,1.0,0,103.8553339293309,1.5427708350236498
JB0500_R0057_C0072,500,57,72,33000.0,-55500.0,33500.0,-55000.0,33250.0,-55250.0,250000,250000.0,1.0,0,103.85982712351924,1.542769922101921
JB0500_R0057_C0073,500,57,73,33500.0,-55500.0,34000.0,-55000.0,33750.0,-55250.0,250000,250000.0,1.0,0,103.86432031770373,1.5427689996330936
JB0500_R0057_C0074,500,57,74,34000.0,-55500.0,34500.0,-55000.0,34250.0,-55250.0,250000,250000.0,1.0,0,103.86881351188433,1.5427680676171731
JB0500_R0057_C0075,500,57,75,34500.0,-55500.0,35000.0,-55000.0,34750.0,-55250.0,250000,250000.0,1.0,0,103.873306706061,1.5427671260541649
JB0500_R0057_C0076,500,57,76,35000.0,-55500.0,35500.0,-55000.0,35250.0,-55250.0,250000,250000.0,1.0,0,103.8777999002337,1.542766174944075
JB0500_R0057_C0077,500,57,77,35500.0,-55500.0,36000.0,-55000.0,35750.0,-55250.0,250000,250000.0,1.0,0,103.88229309440239,1.5427652142869097
JB0500_R0057_C0078,500,57,78,36000.0,-55500.0,36500.0,-55000.0,36250.0,-55250.0,250000,250000.0,1.0,0,103.88678628856702,1.5427642440826743
JB0500_R0057_C0079,500,57,79,36500.0,-55500.0,37000.0,-55000.0,36750.0,-55250.0,250000,250000.0,1.0,0,103.89127948272755,1.5427632643313751
JB0500_R0057_C0080,500,57,80,37000.0,-55500.0,37500.0,-55000.0,37250.0,-55250.0,250000,250000.0,1.0,0,103.89577267688398,1.542762275033018
JB0500_R0057_C0081,500,57,81,37500.0,-55500.0,38000.0,-55000.0,37750.0,-55250.0,250000,250000.0,1.0,0,103.90026587103623,1.5427612761876095
JB0500_R0057_C0082,500,57,82,38000.0,-55500.0,38500.0,-55000.0,38250.0,-55250.0,250000,250000.0,1.0,0,103.90475906518425,1.5427602677951548
JB0500_R0057_C0083,500,57,83,38500.0,-55500.0,39000.0,-55000.0,38750.0,-55250.0,250000,250000.0,1.0,0,103.90925225932803,1.5427592498556613
JB0500_R0057_C0084,500,57,84,39000.0,-55500.0,39500.0,-55000.0,39250.0,-55250.0,250000,250000.0,1.0,0,103.91374545346751,1.5427582223691343
JB0500_R0057_C0085,500,57,85,39500.0,-55500.0,40000.0,-55000.0,39750.0,-55250.0,250000,250000.0,1.0,0,103.91823864760268,1.5427571853355806
JB0500_R0057_C0086,500,57,86,40000.0,-55500.0,40500.0,-55000.0,40250.0,-55250.0,250000,250000.0,1.0,0,103.92273184173347,1.5427561387550066
JB0500_R0057_C0087,500,57,87,40500.0,-55500.0,41000.0,-55000.0,40750.0,-55250.0,250000,250000.0,1.0,0,103.92722503585985,1.5427550826274186
JB0500_R0057_C0088,500,57,88,41000.0,-55500.0,41500.0,-55000.0,41250.0,-55250.0,250000,250000.0,1.0,0,103.93171822998177,1.542754016952823
JB0500_R0057_C0089,500,57,89,41500.0,-55500.0,42000.0,-55000.0,41750.0,-55250.0,250000,250000.0,1.0,0,103.9362114240992,1.5427529417312267
JB0500_R0057_C0090,500,57,90,42000.0,-55500.0,42500.0,-55000.0,42250.0,-55250.0,250000,250000.0,1.0,0,103.9407046182121,1.542751856962636
JB0500_R0057_C0091,500,57,91,42500.0,-55500.0,43000.0,-55000.0,42750.0,-55250.0,250000,250000.0,1.0,0,103.94519781232043,1.5427507626470578
JB0500_R0057_C0092,500,57,92,43000.0,-55500.0,43500.0,-55000.0,43250.0,-55250.0,250000,250000.0,1.0,0,103.94969100642415,1.5427496587844989
JB0500_R0057_C0093,500,57,93,43500.0,-55500.0,44000.0,-55000.0,43750.0,-55250.0,250000,250000.0,1.0,0,103.95418420052322,1.5427485453749656
JB0500_R0057_C0094,500,57,94,44000.0,-55500.0,44500.0,-55000.0,44250.0,-55250.0,250000,250000.0,1.0,0,103.95867739461758,1.5427474224184654
JB0500_R0057_C0095,500,57,95,44500.0,-55500.0,45000.0,-55000.0,44750.0,-55250.0,250000,250000.0,1.0,0,103.96317058870723,1.5427462899150048
JB0500_R0057_C0096,500,57,96,45000.0,-55500.0,45500.0,-55000.0,45250.0,-55250.0,250000,250000.0,1.0,0,103.96766378279209,1.542745147864591
JB0500_R0057_C0097,500,57,97,45500.0,-55500.0,46000.0,-55000.0,45750.0,-55250.0,250000,250000.0,1.0,0,103.97215697687216,1.5427439962672307
JB0500_R0057_C0098,500,57,98,46000.0,-55500.0,46500.0,-55000.0,46250.0,-55250.0,250000,250000.0,1.0,0,103.97665017094737,1.5427428351229315
JB0500_R0057_C0099,500,57,99,46500.0,-55500.0,47000.0,-55000.0,46750.0,-55250.0,250000,250000.0,1.0,0,103.98114336501767,1.5427416644317
JB0500_R0057_C0100,500,57,100,47000.0,-55500.0,47500.0,-55000.0,47250.0,-55250.0,250000,250000.0,1.0,0,103.98563655908306,1.542740484193544
JB0500_R0057_C0101,500,57,101,47500.0,-55500.0,48000.0,-55000.0,47750.0,-55250.0,250000,250000.0,1.0,0,103.99012975314346,1.5427392944084704
JB0500_R0057_C0102,500,57,102,48000.0,-55500.0,48500.0,-55000.0,48250.0,-55250.0,250000,250000.0,1.0,0,103.99462294719886,1.5427380950764864
JB0500_R0057_C0103,500,57,103,48500.0,-55500.0,49000.0,-55000.0,48750.0,-55250.0,250000,250000.0,1.0,0,103.9991161412492,1.5427368861975996
JB0500_R0057_C0104,500,57,104,49000.0,-55500.0,49500.0,-55000.0,49250.0,-55250.0,250000,250000.0,1.0,0,104.00360933529446,1.5427356677718176
JB0500_R0057_C0105,500,57,105,49500.0,-55500.0,50000.0,-55000.0,49750.0,-55250.0,250000,250000.0,1.0,0,104.00810252933458,1.5427344397991476
JB0500_R0057_C0106,500,57,106,50000.0,-55500.0,50500.0,-55000.0,50250.0,-55250.0,250000,250000.0,1.0,0,104.01259572336953,1.5427332022795972
JB0500_R0057_C0107,500,57,107,50500.0,-55500.0,51000.0,-55000.0,50750.0,-55250.0,250000,250000.0,1.0,0,104.01708891739928,1.5427319552131744
JB0500_R0057_C0108,500,57,108,51000.0,-55500.0,51500.0,-55000.0,51250.0,-55250.0,250000,35075.955023598,0.140303820094392,1,104.02158211142375,1.542730698599886
JB0500_R0058_C0004,500,58,4,-1000.0,-55000.0,-500.0,-54500.0,-750.0,-54750.0,250000,209584.22187161,0.83833688748644,1,103.55429017921325,1.547332055549091
JB0500_R0058_C0005,500,58,5,-500.0,-55000.0,0.0,-54500.0,-250.0,-54750.0,250000,250000.0,1.0,0,103.55878338306908,1.5473317814915897
JB0500_R0058_C0006,500,58,6,0.0,-55000.0,500.0,-54500.0,250.0,-54750.0,250000,250000.0,1.0,0,103.56327658692376,1.5473314978587474
JB0500_R0058_C0007,500,58,7,500.0,-55000.0,1000.0,-54500.0,750.0,-54750.0,250000,250000.0,1.0,0,103.56776979077722,1.5473312046505665
JB0500_R0058_C0008,500,58,8,1000.0,-55000.0,1500.0,-54500.0,1250.0,-54750.0,250000,250000.0,1.0,0,103.57226299462941,1.5473309018670478
JB0500_R0058_C0009,500,58,9,1500.0,-55000.0,2000.0,-54500.0,1750.0,-54750.0,250000,250000.0,1.0,0,103.57675619848033,1.5473305895081941
JB0500_R0058_C0010,500,58,10,2000.0,-55000.0,2500.0,-54500.0,2250.0,-54750.0,250000,250000.0,1.0,0,103.5812494023299,1.5473302675740068
JB0500_R0058_C0011,500,58,11,2500.0,-55000.0,3000.0,-54500.0,2750.0,-54750.0,250000,250000.0,1.0,0,103.58574260617809,1.547329936064488
JB0500_R0058_C0012,500,58,12,3000.0,-55000.0,3500.0,-54500.0,3250.0,-54750.0,250000,250000.0,1.0,0,103.59023581002486,1.54732959497964
JB0500_R0058_C0013,500,58,13,3500.0,-55000.0,4000.0,-54500.0,3750.0,-54750.0,250000,250000.0,1.0,0,103.5947290138702,1.5473292443194644
JB0500_R0058_C0014,500,58,14,4000.0,-55000.0,4500.0,-54500.0,4250.0,-54750.0,250000,250000.0,1.0,0,103.59922221771403,1.5473288840839639
JB0500_R0058_C0015,500,58,15,4500.0,-55000.0,5000.0,-54500.0,4750.0,-54750.0,250000,250000.0,1.0,0,103.60371542155632,1.5473285142731403
JB0500_R0058_C0016,500,58,16,5000.0,-55000.0,5500.0,-54500.0,5250.0,-54750.0,250000,250000.0,1.0,0,103.60820862539704,1.547328134886996
JB0500_R0058_C0017,500,58,17,5500.0,-55000.0,6000.0,-54500.0,5750.0,-54750.0,250000,250000.0,1.0,0,103.61270182923613,1.5473277459255335
JB0500_R0058_C0018,500,58,18,6000.0,-55000.0,6500.0,-54500.0,6250.0,-54750.0,250000,250000.0,1.0,0,103.61719503307357,1.547327347388755
JB0500_R0058_C0019,500,58,19,6500.0,-55000.0,7000.0,-54500.0,6750.0,-54750.0,250000,250000.0,1.0,0,103.62168823690932,1.547326939276663
JB0500_R0058_C0020,500,58,20,7000.0,-55000.0,7500.0,-54500.0,7250.0,-54750.0,250000,230628.01118933733,0.9225120447573493,1,103.62618144074334,1.54732652158926
JB0500_R0058_C0021,500,58,21,7500.0,-55000.0,8000.0,-54500.0,7750.0,-54750.0,250000,31505.524824613305,0.12602209929845323,1,103.63067464457558,1.5473260943265488
JB0500_R0058_C0024,500,58,24,9000.0,-55000.0,9500.0,-54500.0,9250.0,-54750.0,250000,105486.73609223636,0.4219469443689454,1,103.6441542560612,1.547324755086591
JB0500_R0058_C0025,500,58,25,9500.0,-55000.0,10000.0,-54500.0,9750.0,-54750.0,250000,249999.58139182642,0.9999983255673057,1,103.64864745988591,1.5473242895226729
JB0500_R0058_C0026,500,58,26,10000.0,-55000.0,10500.0,-54500.0,10250.0,-54750.0,250000,228282.64380275953,0.9131305752110381,1,103.65314066370865,1.5473238143834602
JB0500_R0058_C0027,500,58,27,10500.0,-55000.0,11000.0,-54500.0,10750.0,-54750.0,250000,134275.84218208294,0.5371033687283318,1,103.65763386752936,1.547323329668956
JB0500_R0058_C0028,500,58,28,11000.0,-55000.0,11500.0,-54500.0,11250.0,-54750.0,250000,250000.0,1.0,0,103.66212707134802,1.547322835379163
JB0500_R0058_C0029,500,58,29,11500.0,-55000.0,12000.0,-54500.0,11750.0,-54750.0,250000,250000.0,1.0,0,103.66662027516458,1.547322331514084
JB0500_R0058_C0030,500,58,30,12000.0,-55000.0,12500.0,-54500.0,12250.0,-54750.0,250000,250000.0,1.0,0,103.671113478979,1.5473218180737225
JB0500_R0058_C0031,500,58,31,12500.0,-55000.0,13000.0,-54500.0,12750.0,-54750.0,250000,250000.0,1.0,0,103.67560668279123,1.5473212950580817
JB0500_R0058_C0032,500,58,32,13000.0,-55000.0,13500.0,-54500.0,13250.0,-54750.0,250000,250000.0,1.0,0,103.68009988660124,1.5473207624671648
JB0500_R0058_C0033,500,58,33,13500.0,-55000.0,14000.0,-54500.0,13750.0,-54750.0,250000,250000.0,1.0,0,103.684593090409,1.547320220300975
JB0500_R0058_C0034,500,58,34,14000.0,-55000.0,14500.0,-54500.0,14250.0,-54750.0,250000,250000.0,1.0,0,103.68908629421445,1.5473196685595154
JB0500_R0058_C0035,500,58,35,14500.0,-55000.0,15000.0,-54500.0,14750.0,-54750.0,250000,250000.0,1.0,0,103.69357949801756,1.5473191072427896
JB0500_R0058_C0036,500,58,36,15000.0,-55000.0,15500.0,-54500.0,15250.0,-54750.0,250000,250000.0,1.0,0,103.69807270181828,1.5473185363508013
JB0500_R0058_C0037,500,58,37,15500.0,-55000.0,16000.0,-54500.0,15750.0,-54750.0,250000,250000.0,1.0,0,103.7025659056166,1.5473179558835535
JB0500_R0058_C0038,500,58,38,16000.0,-55000.0,16500.0,-54500.0,16250.0,-54750.0,250000,250000.0,1.0,0,103.70705910941243,1.5473173658410504
JB0500_R0058_C0039,500,58,39,16500.0,-55000.0,17000.0,-54500.0,16750.0,-54750.0,250000,250000.0,1.0,0,103.71155231320576,1.547316766223295
JB0500_R0058_C0040,500,58,40,17000.0,-55000.0,17500.0,-54500.0,17250.0,-54750.0,250000,250000.0,1.0,0,103.71604551699656,1.5473161570302914
JB0500_R0058_C0041,500,58,41,17500.0,-55000.0,18000.0,-54500.0,17750.0,-54750.0,250000,250000.0,1.0,0,103.72053872078477,1.5473155382620432
JB0500_R0058_C0042,500,58,42,18000.0,-55000.0,18500.0,-54500.0,18250.0,-54750.0,250000,250000.0,1.0,0,103.72503192457036,1.5473149099185544
JB0500_R0058_C0043,500,58,43,18500.0,-55000.0,19000.0,-54500.0,18750.0,-54750.0,250000,250000.0,1.0,0,103.72952512835329,1.5473142719998285
JB0500_R0058_C0044,500,58,44,19000.0,-55000.0,19500.0,-54500.0,19250.0,-54750.0,250000,250000.0,1.0,0,103.7340183321335,1.5473136245058698
JB0500_R0058_C0045,500,58,45,19500.0,-55000.0,20000.0,-54500.0,19750.0,-54750.0,250000,250000.0,1.0,0,103.73851153591097,1.5473129674366821
JB0500_R0058_C0046,500,58,46,20000.0,-55000.0,20500.0,-54500.0,20250.0,-54750.0,250000,250000.0,1.0,0,103.74300473968566,1.5473123007922693
JB0500_R0058_C0047,500,58,47,20500.0,-55000.0,21000.0,-54500.0,20750.0,-54750.0,250000,250000.0,1.0,0,103.74749794345752,1.547311624572636
JB0500_R0058_C0048,500,58,48,21000.0,-55000.0,21500.0,-54500.0,21250.0,-54750.0,250000,250000.0,1.0,0,103.7519911472265,1.547310938777786
JB0500_R0058_C0049,500,58,49,21500.0,-55000.0,22000.0,-54500.0,21750.0,-54750.0,250000,250000.0,1.0,0,103.75648435099261,1.5473102434077235
JB0500_R0058_C0050,500,58,50,22000.0,-55000.0,22500.0,-54500.0,22250.0,-54750.0,250000,250000.0,1.0,0,103.76097755475575,1.547309538462453
JB0500_R0058_C0051,500,58,51,22500.0,-55000.0,23000.0,-54500.0,22750.0,-54750.0,250000,250000.0,1.0,0,103.7654707585159,1.5473088239419783
JB0500_R0058_C0052,500,58,52,23000.0,-55000.0,23500.0,-54500.0,23250.0,-54750.0,250000,250000.0,1.0,0,103.76996396227302,1.5473080998463045
JB0500_R0058_C0053,500,58,53,23500.0,-55000.0,24000.0,-54500.0,23750.0,-54750.0,250000,250000.0,1.0,0,103.77445716602709,1.5473073661754357
JB0500_R0058_C0054,500,58,54,24000.0,-55000.0,24500.0,-54500.0,24250.0,-54750.0,250000,250000.0,1.0,0,103.77895036977804,1.5473066229293764
JB0500_R0058_C0055,500,58,55,24500.0,-55000.0,25000.0,-54500.0,24750.0,-54750.0,250000,250000.0,1.0,0,103.78344357352584,1.5473058701081315
JB0500_R0058_C0056,500,58,56,25000.0,-55000.0,25500.0,-54500.0,25250.0,-54750.0,250000,250000.0,1.0,0,103.78793677727047,1.5473051077117053
JB0500_R0058_C0057,500,58,57,25500.0,-55000.0,26000.0,-54500.0,25750.0,-54750.0,250000,250000.0,1.0,0,103.79242998101185,1.5473043357401026
JB0500_R0058_C0058,500,58,58,26000.0,-55000.0,26500.0,-54500.0,26250.0,-54750.0,250000,250000.0,1.0,0,103.79692318474997,1.5473035541933282
JB0500_R0058_C0059,500,58,59,26500.0,-55000.0,27000.0,-54500.0,26750.0,-54750.0,250000,250000.0,1.0,0,103.80141638848478,1.5473027630713867
JB0500_R0058_C0060,500,58,60,27000.0,-55000.0,27500.0,-54500.0,27250.0,-54750.0,250000,250000.0,1.0,0,103.80590959221625,1.5473019623742832
JB0500_R0058_C0061,500,58,61,27500.0,-55000.0,28000.0,-54500.0,27750.0,-54750.0,250000,250000.0,1.0,0,103.81040279594433,1.5473011521020226
JB0500_R0058_C0062,500,58,62,28000.0,-55000.0,28500.0,-54500.0,28250.0,-54750.0,250000,250000.0,1.0,0,103.81489599966896,1.5473003322546097
JB0500_R0058_C0063,500,58,63,28500.0,-55000.0,29000.0,-54500.0,28750.0,-54750.0,250000,250000.0,1.0,0,103.81938920339013,1.54729950283205
JB0500_R0058_C0064,500,58,64,29000.0,-55000.0,29500.0,-54500.0,29250.0,-54750.0,250000,250000.0,1.0,0,103.82388240710779,1.547298663834348
JB0500_R0058_C0065,500,58,65,29500.0,-55000.0,30000.0,-54500.0,29750.0,-54750.0,250000,250000.0,1.0,0,103.82837561082191,1.5472978152615096
JB0500_R0058_C0066,500,58,66,30000.0,-55000.0,30500.0,-54500.0,30250.0,-54750.0,250000,250000.0,1.0,0,103.83286881453242,1.5472969571135393
JB0500_R0058_C0067,500,58,67,30500.0,-55000.0,31000.0,-54500.0,30750.0,-54750.0,250000,250000.0,1.0,0,103.83736201823932,1.5472960893904426
JB0500_R0058_C0068,500,58,68,31000.0,-55000.0,31500.0,-54500.0,31250.0,-54750.0,250000,250000.0,1.0,0,103.84185522194252,1.547295212092225
JB0500_R0058_C0069,500,58,69,31500.0,-55000.0,32000.0,-54500.0,31750.0,-54750.0,250000,250000.0,1.0,0,103.84634842564203,1.547294325218892
JB0500_R0058_C0070,500,58,70,32000.0,-55000.0,32500.0,-54500.0,32250.0,-54750.0,250000,250000.0,1.0,0,103.85084162933778,1.5472934287704487
JB0500_R0058_C0071,500,58,71,32500.0,-55000.0,33000.0,-54500.0,32750.0,-54750.0,250000,250000.0,1.0,0,103.85533483302974,1.547292522746901
JB0500_R0058_C0072,500,58,72,33000.0,-55000.0,33500.0,-54500.0,33250.0,-54750.0,250000,250000.0,1.0,0,103.85982803671786,1.547291607148254
JB0500_R0058_C0073,500,58,73,33500.0,-55000.0,34000.0,-54500.0,33750.0,-54750.0,250000,250000.0,1.0,0,103.86432124040212,1.5472906819745138
JB0500_R0058_C0074,500,58,74,34000.0,-55000.0,34500.0,-54500.0,34250.0,-54750.0,250000,250000.0,1.0,0,103.86881444408246,1.5472897472256861
JB0500_R0058_C0075,500,58,75,34500.0,-55000.0,35000.0,-54500.0,34750.0,-54750.0,250000,250000.0,1.0,0,103.87330764775884,1.5472888029017764
JB0500_R0058_C0076,500,58,76,35000.0,-55000.0,35500.0,-54500.0,35250.0,-54750.0,250000,250000.0,1.0,0,103.87780085143123,1.5472878490027906
JB0500_R0058_C0077,500,58,77,35500.0,-55000.0,36000.0,-54500.0,35750.0,-54750.0,250000,250000.0,1.0,0,103.88229405509959,1.5472868855287345
JB0500_R0058_C0078,500,58,78,36000.0,-55000.0,36500.0,-54500.0,36250.0,-54750.0,250000,250000.0,1.0,0,103.88678725876386,1.5472859124796143
JB0500_R0058_C0079,500,58,79,36500.0,-55000.0,37000.0,-54500.0,36750.0,-54750.0,250000,250000.0,1.0,0,103.89128046242404,1.5472849298554359
JB0500_R0058_C0080,500,58,80,37000.0,-55000.0,37500.0,-54500.0,37250.0,-54750.0,250000,250000.0,1.0,0,103.89577366608005,1.547283937656205
JB0500_R0058_C0081,500,58,81,37500.0,-55000.0,38000.0,-54500.0,37750.0,-54750.0,250000,250000.0,1.0,0,103.90026686973187,1.547282935881928
JB0500_R0058_C0082,500,58,82,38000.0,-55000.0,38500.0,-54500.0,38250.0,-54750.0,250000,250000.0,1.0,0,103.90476007337945,1.547281924532611
JB0500_R0058_C0083,500,58,83,38500.0,-55000.0,39000.0,-54500.0,38750.0,-54750.0,250000,250000.0,1.0,0,103.90925327702274,1.5472809036082604
JB0500_R0058_C0084,500,58,84,39000.0,-55000.0,39500.0,-54500.0,39250.0,-54750.0,250000,250000.0,1.0,0,103.91374648066173,1.5472798731088824
JB0500_R0058_C0085,500,58,85,39500.0,-55000.0,40000.0,-54500.0,39750.0,-54750.0,250000,250000.0,1.0,0,103.91823968429637,1.5472788330344833
JB0500_R0058_C0086,500,58,86,40000.0,-55000.0,40500.0,-54500.0,40250.0,-54750.0,250000,250000.0,1.0,0,103.9227328879266,1.5472777833850695
JB0500_R0058_C0087,500,58,87,40500.0,-55000.0,41000.0,-54500.0,40750.0,-54750.0,250000,250000.0,1.0,0,103.92722609155238,1.5472767241606473
JB0500_R0058_C0088,500,58,88,41000.0,-55000.0,41500.0,-54500.0,41250.0,-54750.0,250000,250000.0,1.0,0,103.93171929517372,1.5472756553612237
JB0500_R0058_C0089,500,58,89,41500.0,-55000.0,42000.0,-54500.0,41750.0,-54750.0,250000,250000.0,1.0,0,103.93621249879052,1.5472745769868048
JB0500_R0058_C0090,500,58,90,42000.0,-55000.0,42500.0,-54500.0,42250.0,-54750.0,250000,250000.0,1.0,0,103.94070570240275,1.5472734890373976
JB0500_R0058_C0091,500,58,91,42500.0,-55000.0,43000.0,-54500.0,42750.0,-54750.0,250000,250000.0,1.0,0,103.9451989060104,1.5472723915130084
JB0500_R0058_C0092,500,58,92,43000.0,-55000.0,43500.0,-54500.0,43250.0,-54750.0,250000,250000.0,1.0,0,103.94969210961341,1.5472712844136443
JB0500_R0058_C0093,500,58,93,43500.0,-55000.0,44000.0,-54500.0,43750.0,-54750.0,250000,250000.0,1.0,0,103.95418531321172,1.5472701677393121
JB0500_R0058_C0094,500,58,94,44000.0,-55000.0,44500.0,-54500.0,44250.0,-54750.0,250000,250000.0,1.0,0,103.95867851680534,1.5472690414900183
JB0500_R0058_C0095,500,58,95,44500.0,-55000.0,45000.0,-54500.0,44750.0,-54750.0,250000,250000.0,1.0,0,103.96317172039419,1.5472679056657703
JB0500_R0058_C0096,500,58,96,45000.0,-55000.0,45500.0,-54500.0,45250.0,-54750.0,250000,250000.0,1.0,0,103.96766492397825,1.5472667602665748
JB0500_R0058_C0097,500,58,97,45500.0,-55000.0,46000.0,-54500.0,45750.0,-54750.0,250000,250000.0,1.0,0,103.97215812755745,1.5472656052924394
JB0500_R0058_C0098,500,58,98,46000.0,-55000.0,46500.0,-54500.0,46250.0,-54750.0,250000,250000.0,1.0,0,103.97665133113176,1.5472644407433702
JB0500_R0058_C0099,500,58,99,46500.0,-55000.0,47000.0,-54500.0,46750.0,-54750.0,250000,250000.0,1.0,0,103.98114453470117,1.5472632666193753
JB0500_R0058_C0100,500,58,100,47000.0,-55000.0,47500.0,-54500.0,47250.0,-54750.0,250000,250000.0,1.0,0,103.98563773826561,1.5472620829204617
JB0500_R0058_C0101,500,58,101,47500.0,-55000.0,48000.0,-54500.0,47750.0,-54750.0,250000,250000.0,1.0,0,103.99013094182506,1.5472608896466362
JB0500_R0058_C0102,500,58,102,48000.0,-55000.0,48500.0,-54500.0,48250.0,-54750.0,250000,250000.0,1.0,0,103.99462414537946,1.5472596867979067
JB0500_R0058_C0103,500,58,103,48500.0,-55000.0,49000.0,-54500.0,48750.0,-54750.0,250000,250000.0,1.0,0,103.99911734892878,1.5472584743742808
JB0500_R0058_C0104,500,58,104,49000.0,-55000.0,49500.0,-54500.0,49250.0,-54750.0,250000,250000.0,1.0,0,104.00361055247298,1.547257252375765
JB0500_R0058_C0105,500,58,105,49500.0,-55000.0,50000.0,-54500.0,49750.0,-54750.0,250000,250000.0,1.0,0,104.00810375601202,1.5472560208023676
JB0500_R0058_C0106,500,58,106,50000.0,-55000.0,50500.0,-54500.0,50250.0,-54750.0,250000,250000.0,1.0,0,104.01259695954585,1.5472547796540963
JB0500_R0058_C0107,500,58,107,50500.0,-55000.0,51000.0,-54500.0,50750.0,-54750.0,250000,250000.0,1.0,0,104.01709016307444,1.5472535289309584
JB0500_R0058_C0108,500,58,108,51000.0,-55000.0,51500.0,-54500.0,51250.0,-54750.0,250000,27546.455655112368,0.11018582262044947,1,104.02158336659775,1.5472522686329613
JB0500_R0059_C0004,500,59,4,-1000.0,-54500.0,-500.0,-54000.0,-750.0,-54250.0,250000,38316.68798073824,0.15326675192295297,1,103.55429044717012,1.5518538586601343
JB0500_R0059_C0005,500,59,5,-500.0,-54500.0,0.0,-54000.0,-250.0,-54250.0,250000,139618.0945929326,0.5584723783717305,1,103.55878366055457,1.5518535838013732
JB0500_R0059_C0006,500,59,6,0.0,-54500.0,500.0,-54000.0,250.0,-54250.0,250000,246770.94279464032,0.9870837711785613,1,103.56327687393784,1.5518532993392755
JB0500_R0059_C0007,500,59,7,500.0,-54500.0,1000.0,-54000.0,750.0,-54250.0,250000,250000.0,1.0,0,103.56777008731989,1.551853005273844
JB0500_R0059_C0008,500,59,8,1000.0,-54500.0,1500.0,-54000.0,1250.0,-54250.0,250000,250000.0,1.0,0,103.57226330070067,1.5518527016050796
JB0500_R0059_C0009,500,59,9,1500.0,-54500.0,2000.0,-54000.0,1750.0,-54250.0,250000,250000.0,1.0,0,103.57675651408015,1.5518523883329842
JB0500_R0059_C0010,500,59,10,2000.0,-54500.0,2500.0,-54000.0,2250.0,-54250.0,250000,250000.0,1.0,0,103.58124972745829,1.5518520654575605
JB0500_R0059_C0011,500,59,11,2500.0,-54500.0,3000.0,-54000.0,2750.0,-54250.0,250000,250000.0,1.0,0,103.58574294083503,1.5518517329788097
JB0500_R0059_C0012,500,59,12,3000.0,-54500.0,3500.0,-54000.0,3250.0,-54250.0,250000,250000.0,1.0,0,103.59023615421037,1.5518513908967344
JB0500_R0059_C0013,500,59,13,3500.0,-54500.0,4000.0,-54000.0,3750.0,-54250.0,250000,250000.0,1.0,0,103.59472936758424,1.5518510392113363
JB0500_R0059_C0014,500,59,14,4000.0,-54500.0,4500.0,-54000.0,4250.0,-54250.0,250000,250000.0,1.0,0,103.5992225809566,1.5518506779226178
JB0500_R0059_C0015,500,59,15,4500.0,-54500.0,5000.0,-54000.0,4750.0,-54250.0,250000,250000.0,1.0,0,103.60371579432743,1.5518503070305811
JB0500_R0059_C0016,500,59,16,5000.0,-54500.0,5500.0,-54000.0,5250.0,-54250.0,250000,250000.0,1.0,0,103.60820900769666,1.5518499265352284
JB0500_R0059_C0017,500,59,17,5500.0,-54500.0,6000.0,-54000.0,5750.0,-54250.0,250000,250000.0,1.0,0,103.61270222106427,1.5518495364365619
JB0500_R0059_C0018,500,59,18,6000.0,-54500.0,6500.0,-54000.0,6250.0,-54250.0,250000,250000.0,1.0,0,103.6171954344302,1.5518491367345844
JB0500_R0059_C0019,500,59,19,6500.0,-54500.0,7000.0,-54000.0,6750.0,-54250.0,250000,250000.0,1.0,0,103.62168864779444,1.551848727429298
JB0500_R0059_C0020,500,59,20,7000.0,-54500.0,7500.0,-54000.0,7250.0,-54250.0,250000,109241.64021216198,0.4369665608486479,1,103.62618186115691,1.5518483085207053
JB0500_R0059_C0025,500,59,25,9500.0,-54500.0,10000.0,-54000.0,9750.0,-54250.0,250000,49711.87898838486,0.19884751595353944,1,103.6486479279417,1.5518460699282417
JB0500_R0059_C0026,500,59,26,10000.0,-54500.0,10500.0,-54000.0,10250.0,-54250.0,250000,8406.838485258573,0.03362735394103429,1,103.65314114129285,1.5518455933998678
JB0500_R0059_C0027,500,59,27,10500.0,-54500.0,11000.0,-54000.0,10750.0,-54250.0,250000,1430.1121544696969,0.005720448617878788,1,103.65763435464196,1.5518451072682073
JB0500_R0059_C0028,500,59,28,11000.0,-54500.0,11500.0,-54000.0,11250.0,-54250.0,250000,250000.0,1.0,0,103.662127567989,1.5518446115332627
JB0500_R0059_C0029,500,59,29,11500.0,-54500.0,12000.0,-54000.0,11750.0,-54250.0,250000,250000.0,1.0,0,103.66662078133393,1.5518441061950372
JB0500_R0059_C0030,500,59,30,12000.0,-54500.0,12500.0,-54000.0,12250.0,-54250.0,250000,250000.0,1.0,0,103.67111399467672,1.551843591253534
JB0500_R0059_C0031,500,59,31,12500.0,-54500.0,13000.0,-54000.0,12750.0,-54250.0,250000,250000.0,1.0,0,103.6756072080173,1.5518430667087564
JB0500_R0059_C0032,500,59,32,13000.0,-54500.0,13500.0,-54000.0,13250.0,-54250.0,250000,250000.0,1.0,0,103.68010042135565,1.551842532560707
JB0500_R0059_C0033,500,59,33,13500.0,-54500.0,14000.0,-54000.0,13750.0,-54250.0,250000,250000.0,1.0,0,103.68459363469172,1.55184198880939
JB0500_R0059_C0034,500,59,34,14000.0,-54500.0,14500.0,-54000.0,14250.0,-54250.0,250000,250000.0,1.0,0,103.68908684802548,1.5518414354548078
JB0500_R0059_C0035,500,59,35,14500.0,-54500.0,15000.0,-54000.0,14750.0,-54250.0,250000,250000.0,1.0,0,103.69358006135688,1.5518408724969646
JB0500_R0059_C0036,500,59,36,15000.0,-54500.0,15500.0,-54000.0,15250.0,-54250.0,250000,250000.0,1.0,0,103.69807327468588,1.5518402999358636
JB0500_R0059_C0037,500,59,37,15500.0,-54500.0,16000.0,-54000.0,15750.0,-54250.0,250000,250000.0,1.0,0,103.70256648801247,1.5518397177715078
JB0500_R0059_C0038,500,59,38,16000.0,-54500.0,16500.0,-54000.0,16250.0,-54250.0,250000,250000.0,1.0,0,103.70705970133656,1.5518391260039017
JB0500_R0059_C0039,500,59,39,16500.0,-54500.0,17000.0,-54000.0,16750.0,-54250.0,250000,250000.0,1.0,0,103.71155291465813,1.5518385246330484
JB0500_R0059_C0040,500,59,40,17000.0,-54500.0,17500.0,-54000.0,17250.0,-54250.0,250000,250000.0,1.0,0,103.71604612797715,1.5518379136589515
JB0500_R0059_C0041,500,59,41,17500.0,-54500.0,18000.0,-54000.0,17750.0,-54250.0,250000,250000.0,1.0,0,103.72053934129356,1.5518372930816153
JB0500_R0059_C0042,500,59,42,18000.0,-54500.0,18500.0,-54000.0,18250.0,-54250.0,250000,250000.0,1.0,0,103.72503255460734,1.5518366629010432
JB0500_R0059_C0043,500,59,43,18500.0,-54500.0,19000.0,-54000.0,18750.0,-54250.0,250000,250000.0,1.0,0,103.72952576791845,1.551836023117239
JB0500_R0059_C0044,500,59,44,19000.0,-54500.0,19500.0,-54000.0,19250.0,-54250.0,250000,250000.0,1.0,0,103.73401898122681,1.5518353737302069
JB0500_R0059_C0045,500,59,45,19500.0,-54500.0,20000.0,-54000.0,19750.0,-54250.0,250000,250000.0,1.0,0,103.73851219453243,1.551834714739951
JB0500_R0059_C0046,500,59,46,20000.0,-54500.0,20500.0,-54000.0,20250.0,-54250.0,250000,250000.0,1.0,0,103.74300540783524,1.5518340461464748
JB0500_R0059_C0047,500,59,47,20500.0,-54500.0,21000.0,-54000.0,20750.0,-54250.0,250000,250000.0,1.0,0,103.74749862113522,1.551833367949783
JB0500_R0059_C0048,500,59,48,21000.0,-54500.0,21500.0,-54000.0,21250.0,-54250.0,250000,250000.0,1.0,0,103.7519918344323,1.5518326801498796
JB0500_R0059_C0049,500,59,49,21500.0,-54500.0,22000.0,-54000.0,21750.0,-54250.0,250000,250000.0,1.0,0,103.75648504772647,1.5518319827467688
JB0500_R0059_C0050,500,59,50,22000.0,-54500.0,22500.0,-54000.0,22250.0,-54250.0,250000,250000.0,1.0,0,103.76097826101767,1.5518312757404549
JB0500_R0059_C0051,500,59,51,22500.0,-54500.0,23000.0,-54000.0,22750.0,-54250.0,250000,250000.0,1.0,0,103.76547147430588,1.5518305591309423
JB0500_R0059_C0052,500,59,52,23000.0,-54500.0,23500.0,-54000.0,23250.0,-54250.0,250000,250000.0,1.0,0,103.76996468759103,1.5518298329182352
JB0500_R0059_C0053,500,59,53,23500.0,-54500.0,24000.0,-54000.0,23750.0,-54250.0,250000,250000.0,1.0,0,103.7744579008731,1.5518290971023383
JB0500_R0059_C0054,500,59,54,24000.0,-54500.0,24500.0,-54000.0,24250.0,-54250.0,250000,250000.0,1.0,0,103.77895111415204,1.551828351683256
JB0500_R0059_C0055,500,59,55,24500.0,-54500.0,25000.0,-54000.0,24750.0,-54250.0,250000,250000.0,1.0,0,103.78344432742782,1.5518275966609931
JB0500_R0059_C0056,500,59,56,25000.0,-54500.0,25500.0,-54000.0,25250.0,-54250.0,250000,250000.0,1.0,0,103.78793754070038,1.551826832035554
JB0500_R0059_C0057,500,59,57,25500.0,-54500.0,26000.0,-54000.0,25750.0,-54250.0,250000,250000.0,1.0,0,103.79243075396971,1.5518260578069436
JB0500_R0059_C0058,500,59,58,26000.0,-54500.0,26500.0,-54000.0,26250.0,-54250.0,250000,250000.0,1.0,0,103.79692396723574,1.5518252739751666
JB0500_R0059_C0059,500,59,59,26500.0,-54500.0,27000.0,-54000.0,26750.0,-54250.0,250000,250000.0,1.0,0,103.80141718049845,1.5518244805402277
JB0500_R0059_C0060,500,59,60,27000.0,-54500.0,27500.0,-54000.0,27250.0,-54250.0,250000,250000.0,1.0,0,103.80591039375778,1.5518236775021323
JB0500_R0059_C0061,500,59,61,27500.0,-54500.0,28000.0,-54000.0,27750.0,-54250.0,250000,250000.0,1.0,0,103.81040360701371,1.5518228648608845
JB0500_R0059_C0062,500,59,62,28000.0,-54500.0,28500.0,-54000.0,28250.0,-54250.0,250000,250000.0,1.0,0,103.81489682026618,1.55182204261649
JB0500_R0059_C0063,500,59,63,28500.0,-54500.0,29000.0,-54000.0,28750.0,-54250.0,250000,250000.0,1.0,0,103.81939003351516,1.5518212107689533
JB0500_R0059_C0064,500,59,64,29000.0,-54500.0,29500.0,-54000.0,29250.0,-54250.0,250000,250000.0,1.0,0,103.82388324676063,1.5518203693182802
JB0500_R0059_C0065,500,59,65,29500.0,-54500.0,30000.0,-54000.0,29750.0,-54250.0,250000,250000.0,1.0,0,103.82837646000252,1.5518195182644754
JB0500_R0059_C0066,500,59,66,30000.0,-54500.0,30500.0,-54000.0,30250.0,-54250.0,250000,250000.0,1.0,0,103.83286967324078,1.5518186576075441
JB0500_R0059_C0067,500,59,67,30500.0,-54500.0,31000.0,-54000.0,30750.0,-54250.0,250000,250000.0,1.0,0,103.8373628864754,1.551817787347492
JB0500_R0059_C0068,500,59,68,31000.0,-54500.0,31500.0,-54000.0,31250.0,-54250.0,250000,250000.0,1.0,0,103.84185609970632,1.5518169074843242
JB0500_R0059_C0069,500,59,69,31500.0,-54500.0,32000.0,-54000.0,31750.0,-54250.0,250000,250000.0,1.0,0,103.84634931293351,1.551816018018046
JB0500_R0059_C0070,500,59,70,32000.0,-54500.0,32500.0,-54000.0,32250.0,-54250.0,250000,250000.0,1.0,0,103.85084252615694,1.5518151189486633
JB0500_R0059_C0071,500,59,71,32500.0,-54500.0,33000.0,-54000.0,32750.0,-54250.0,250000,250000.0,1.0,0,103.85533573937653,1.551814210276181
JB0500_R0059_C0072,500,59,72,33000.0,-54500.0,33500.0,-54000.0,33250.0,-54250.0,250000,250000.0,1.0,0,103.85982895259228,1.5518132920006054
JB0500_R0059_C0073,500,59,73,33500.0,-54500.0,34000.0,-54000.0,33750.0,-54250.0,250000,250000.0,1.0,0,103.86432216580413,1.5518123641219417
JB0500_R0059_C0074,500,59,74,34000.0,-54500.0,34500.0,-54000.0,34250.0,-54250.0,250000,250000.0,1.0,0,103.86881537901205,1.5518114266401954
JB0500_R0059_C0075,500,59,75,34500.0,-54500.0,35000.0,-54000.0,34750.0,-54250.0,250000,250000.0,1.0,0,103.87330859221598,1.5518104795553729
JB0500_R0059_C0076,500,59,76,35000.0,-54500.0,35500.0,-54000.0,35250.0,-54250.0,250000,250000.0,1.0,0,103.8778018054159,1.5518095228674798
JB0500_R0059_C0077,500,59,77,35500.0,-54500.0,36000.0,-54000.0,35750.0,-54250.0,250000,250000.0,1.0,0,103.88229501861176,1.5518085565765218
JB0500_R0059_C0078,500,59,78,36000.0,-54500.0,36500.0,-54000.0,36250.0,-54250.0,250000,250000.0,1.0,0,103.88678823180354,1.5518075806825051
JB0500_R0059_C0079,500,59,79,36500.0,-54500.0,37000.0,-54000.0,36750.0,-54250.0,250000,250000.0,1.0,0,103.89128144499115,1.5518065951854356
JB0500_R0059_C0080,500,59,80,37000.0,-54500.0,37500.0,-54000.0,37250.0,-54250.0,250000,250000.0,1.0,0,103.89577465817459,1.5518056000853193
JB0500_R0059_C0081,500,59,81,37500.0,-54500.0,38000.0,-54000.0,37750.0,-54250.0,250000,250000.0,1.0,0,103.90026787135382,1.5518045953821622
JB0500_R0059_C0082,500,59,82,38000.0,-54500.0,38500.0,-54000.0,38250.0,-54250.0,250000,250000.0,1.0,0,103.90476108452879,1.551803581075971
JB0500_R0059_C0083,500,59,83,38500.0,-54500.0,39000.0,-54000.0,38750.0,-54250.0,250000,250000.0,1.0,0,103.90925429769945,1.5518025571667513
JB0500_R0059_C0084,500,59,84,39000.0,-54500.0,39500.0,-54000.0,39250.0,-54250.0,250000,250000.0,1.0,0,103.91374751086576,1.5518015236545097
JB0500_R0059_C0085,500,59,85,39500.0,-54500.0,40000.0,-54000.0,39750.0,-54250.0,250000,250000.0,1.0,0,103.9182407240277,1.551800480539253
JB0500_R0059_C0086,500,59,86,40000.0,-54500.0,40500.0,-54000.0,40250.0,-54250.0,250000,250000.0,1.0,0,103.92273393718523,1.551799427820987
JB0500_R0059_C0087,500,59,87,40500.0,-54500.0,41000.0,-54000.0,40750.0,-54250.0,250000,250000.0,1.0,0,103.92722715033827,1.5517983654997185
JB0500_R0059_C0088,500,59,88,41000.0,-54500.0,41500.0,-54000.0,41250.0,-54250.0,250000,250000.0,1.0,0,103.93172036348682,1.5517972935754538
JB0500_R0059_C0089,500,59,89,41500.0,-54500.0,42000.0,-54000.0,41750.0,-54250.0,250000,250000.0,1.0,0,103.93621357663082,1.5517962120481996
JB0500_R0059_C0090,500,59,90,42000.0,-54500.0,42500.0,-54000.0,42250.0,-54250.0,250000,250000.0,1.0,0,103.94070678977025,1.5517951209179628
JB0500_R0059_C0091,500,59,91,42500.0,-54500.0,43000.0,-54000.0,42750.0,-54250.0,250000,250000.0,1.0,0,103.94520000290503,1.5517940201847495
JB0500_R0059_C0092,500,59,92,43000.0,-54500.0,43500.0,-54000.0,43250.0,-54250.0,250000,250000.0,1.0,0,103.94969321603516,1.5517929098485674
JB0500_R0059_C0093,500,59,93,43500.0,-54500.0,44000.0,-54000.0,43750.0,-54250.0,250000,250000.0,1.0,0,103.95418642916059,1.5517917899094227
JB0500_R0059_C0094,500,59,94,44000.0,-54500.0,44500.0,-54000.0,44250.0,-54250.0,250000,250000.0,1.0,0,103.95867964228125,1.5517906603673224
JB0500_R0059_C0095,500,59,95,44500.0,-54500.0,45000.0,-54000.0,44750.0,-54250.0,250000,250000.0,1.0,0,103.96317285539715,1.5517895212222736
JB0500_R0059_C0096,500,59,96,45000.0,-54500.0,45500.0,-54000.0,45250.0,-54250.0,250000,250000.0,1.0,0,103.9676660685082,1.5517883724742831
JB0500_R0059_C0097,500,59,97,45500.0,-54500.0,46000.0,-54000.0,45750.0,-54250.0,250000,250000.0,1.0,0,103.97215928161438,1.5517872141233584
JB0500_R0059_C0098,500,59,98,46000.0,-54500.0,46500.0,-54000.0,46250.0,-54250.0,250000,250000.0,1.0,0,103.97665249471568,1.5517860461695059
JB0500_R0059_C0099,500,59,99,46500.0,-54500.0,47000.0,-54000.0,46750.0,-54250.0,250000,250000.0,1.0,0,103.981145707812,1.5517848686127333
JB0500_R0059_C0100,500,59,100,47000.0,-54500.0,47500.0,-54000.0,47250.0,-54250.0,250000,250000.0,1.0,0,103.98563892090334,1.551783681453048
JB0500_R0059_C0101,500,59,101,47500.0,-54500.0,48000.0,-54000.0,47750.0,-54250.0,250000,250000.0,1.0,0,103.99013213398965,1.551782484690457
JB0500_R0059_C0102,500,59,102,48000.0,-54500.0,48500.0,-54000.0,48250.0,-54250.0,250000,250000.0,1.0,0,103.9946253470709,1.5517812783249676
JB0500_R0059_C0103,500,59,103,48500.0,-54500.0,49000.0,-54000.0,48750.0,-54250.0,250000,250000.0,1.0,0,103.99911856014702,1.5517800623565876
JB0500_R0059_C0104,500,59,104,49000.0,-54500.0,49500.0,-54000.0,49250.0,-54250.0,250000,250000.0,1.0,0,104.003611773218,1.551778836785324
JB0500_R0059_C0105,500,59,105,49500.0,-54500.0,50000.0,-54000.0,49750.0,-54250.0,250000,250000.0,1.0,0,104.00810498628377,1.551777601611185
JB0500_R0059_C0106,500,59,106,50000.0,-54500.0,50500.0,-54000.0,50250.0,-54250.0,250000,250000.0,1.0,0,104.01259819934432,1.5517763568341776
JB0500_R0059_C0107,500,59,107,50500.0,-54500.0,51000.0,-54000.0,50750.0,-54250.0,250000,225458.24326915928,0.9018329730766371,1,104.01709141239961,1.5517751024543096
JB0500_R0059_C0108,500,59,108,51000.0,-54500.0,51500.0,-54000.0,51250.0,-54250.0,250000,6272.723571614139,0.025090894286456555,1,104.02158462544956,1.5517738384715891
JB0500_R0060_C0006,500,60,6,0.0,-54000.0,500.0,-53500.0,250.0,-53750.0,250000,62067.124648183504,0.248268498592734,1,103.56327716179045,1.556375100625729
JB0500_R0060_C0007,500,60,7,500.0,-54000.0,1000.0,-53500.0,750.0,-53750.0,250000,212353.42500157745,0.8494137000063098,1,103.56777038472893,1.556374805703043
JB0500_R0060_C0008,500,60,8,1000.0,-54000.0,1500.0,-53500.0,1250.0,-53750.0,250000,250000.0,1.0,0,103.57226360766614,1.556374501149029
JB0500_R0060_C0009,500,60,9,1500.0,-54000.0,2000.0,-53500.0,1750.0,-53750.0,250000,250000.0,1.0,0,103.57675683060202,1.556374186963689
JB0500_R0060_C0010,500,60,10,2000.0,-54000.0,2500.0,-53500.0,2250.0,-53750.0,250000,250000.0,1.0,0,103.58125005353658,1.5563738631470247
JB0500_R0060_C0011,500,60,11,2500.0,-54000.0,3000.0,-53500.0,2750.0,-53750.0,250000,250000.0,1.0,0,103.58574327646973,1.5563735296990382
JB0500_R0060_C0012,500,60,12,3000.0,-54000.0,3500.0,-53500.0,3250.0,-53750.0,250000,239883.83437671512,0.9595353375068605,1,103.59023649940144,1.5563731866197312
JB0500_R0060_C0013,500,60,13,3500.0,-54000.0,4000.0,-53500.0,3750.0,-53750.0,250000,213623.150883847,0.854492603535388,1,103.59472972233169,1.5563728339091065
JB0500_R0060_C0014,500,60,14,4000.0,-54000.0,4500.0,-53500.0,4250.0,-53750.0,250000,250000.0,1.0,0,103.59922294526042,1.5563724715671658
JB0500_R0060_C0015,500,60,15,4500.0,-54000.0,5000.0,-53500.0,4750.0,-53750.0,250000,250000.0,1.0,0,103.6037161681876,1.5563720995939114
JB0500_R0060_C0016,500,60,16,5000.0,-54000.0,5500.0,-53500.0,5250.0,-53750.0,250000,250000.0,1.0,0,103.6082093911132,1.5563717179893457
JB0500_R0060_C0017,500,60,17,5500.0,-54000.0,6000.0,-53500.0,5750.0,-53750.0,250000,250000.0,1.0,0,103.61270261403715,1.556371326753471
JB0500_R0060_C0018,500,60,18,6000.0,-54000.0,6500.0,-53500.0,6250.0,-53750.0,250000,250000.0,1.0,0,103.61719583695943,1.5563709258862897
JB0500_R0060_C0019,500,60,19,6500.0,-54000.0,7000.0,-53500.0,6750.0,-53750.0,250000,199864.5508748401,0.7994582034993604,1,103.62168905987997,1.5563705153878042
JB0500_R0060_C0020,500,60,20,7000.0,-54000.0,7500.0,-53500.0,7250.0,-53750.0,250000,1992.1986393241777,0.007968794557296712,1,103.62618228279878,1.556370095258017
JB0500_R0060_C0027,500,60,27,10500.0,-54000.0,11000.0,-53500.0,10750.0,-53750.0,250000,1074.9763756047196,0.004299905502418878,1,103.65763484317772,1.556366884673287
JB0500_R0060_C0028,500,60,28,11000.0,-54000.0,11500.0,-53500.0,11250.0,-53750.0,250000,246598.8563555561,0.9863954254222245,1,103.66212806608098,1.556366387493185
JB0500_R0060_C0029,500,60,29,11500.0,-54000.0,12000.0,-53500.0,11750.0,-53750.0,250000,250000.0,1.0,0,103.66662128898211,1.5563658806818068
JB0500_R0060_C0030,500,60,30,12000.0,-54000.0,12500.0,-53500.0,12250.0,-53750.0,250000,250000.0,1.0,0,103.6711145118811,1.5563653642391557
JB0500_R0060_C0031,500,60,31,12500.0,-54000.0,13000.0,-53500.0,12750.0,-53750.0,250000,250000.0,1.0,0,103.67560773477787,1.5563648381652346
JB0500_R0060_C0032,500,60,32,13000.0,-54000.0,13500.0,-53500.0,13250.0,-53750.0,250000,250000.0,1.0,0,103.68010095767238,1.556364302460047
JB0500_R0060_C0033,500,60,33,13500.0,-54000.0,14000.0,-53500.0,13750.0,-53750.0,250000,250000.0,1.0,0,103.68459418056462,1.5563637571235962
JB0500_R0060_C0034,500,60,34,14000.0,-54000.0,14500.0,-53500.0,14250.0,-53750.0,250000,250000.0,1.0,0,103.68908740345452,1.556363202155885
JB0500_R0060_C0035,500,60,35,14500.0,-54000.0,15000.0,-53500.0,14750.0,-53750.0,250000,250000.0,1.0,0,103.69358062634207,1.5563626375569175
JB0500_R0060_C0036,500,60,36,15000.0,-54000.0,15500.0,-53500.0,15250.0,-53750.0,250000,250000.0,1.0,0,103.69807384922719,1.556362063326697
JB0500_R0060_C0037,500,60,37,15500.0,-54000.0,16000.0,-53500.0,15750.0,-53750.0,250000,250000.0,1.0,0,103.70256707210986,1.5563614794652267
JB0500_R0060_C0038,500,60,38,16000.0,-54000.0,16500.0,-53500.0,16250.0,-53750.0,250000,250000.0,1.0,0,103.70706029499004,1.5563608859725107
JB0500_R0060_C0039,500,60,39,16500.0,-54000.0,17000.0,-53500.0,16750.0,-53750.0,250000,250000.0,1.0,0,103.71155351786769,1.556360282848552
JB0500_R0060_C0040,500,60,40,17000.0,-54000.0,17500.0,-53500.0,17250.0,-53750.0,250000,250000.0,1.0,0,103.71604674074278,1.5563596700933549
JB0500_R0060_C0041,500,60,41,17500.0,-54000.0,18000.0,-53500.0,17750.0,-53750.0,250000,250000.0,1.0,0,103.72053996361524,1.556359047706923
JB0500_R0060_C0042,500,60,42,18000.0,-54000.0,18500.0,-53500.0,18250.0,-53750.0,250000,250000.0,1.0,0,103.72503318648505,1.5563584156892603
JB0500_R0060_C0043,500,60,43,18500.0,-54000.0,19000.0,-53500.0,18750.0,-53750.0,250000,250000.0,1.0,0,103.72952640935215,1.5563577740403702
JB0500_R0060_C0044,500,60,44,19000.0,-54000.0,19500.0,-53500.0,19250.0,-53750.0,250000,250000.0,1.0,0,103.73401963221653,1.556357122760257
JB0500_R0060_C0045,500,60,45,19500.0,-54000.0,20000.0,-53500.0,19750.0,-53750.0,250000,250000.0,1.0,0,103.73851285507813,1.556356461848925
JB0500_R0060_C0046,500,60,46,20000.0,-54000.0,20500.0,-53500.0,20250.0,-53750.0,250000,250000.0,1.0,0,103.74300607793691,1.5563557913063777
JB0500_R0060_C0047,500,60,47,20500.0,-54000.0,21000.0,-53500.0,20750.0,-53750.0,250000,250000.0,1.0,0,103.74749930079282,1.5563551111326195
JB0500_R0060_C0048,500,60,48,21000.0,-54000.0,21500.0,-53500.0,21250.0,-53750.0,250000,250000.0,1.0,0,103.75199252364585,1.5563544213276546
JB0500_R0060_C0049,500,60,49,21500.0,-54000.0,22000.0,-53500.0,21750.0,-53750.0,250000,250000.0,1.0,0,103.75648574649593,1.5563537218914871
JB0500_R0060_C0050,500,60,50,22000.0,-54000.0,22500.0,-53500.0,22250.0,-53750.0,250000,250000.0,1.0,0,103.76097896934303,1.5563530128241214
JB0500_R0060_C0051,500,60,51,22500.0,-54000.0,23000.0,-53500.0,22750.0,-53750.0,250000,250000.0,1.0,0,103.7654721921871,1.556352294125562
JB0500_R0060_C0052,500,60,52,23000.0,-54000.0,23500.0,-53500.0,23250.0,-53750.0,250000,250000.0,1.0,0,103.76996541502812,1.5563515657958134
JB0500_R0060_C0053,500,60,53,23500.0,-54000.0,24000.0,-53500.0,23750.0,-53750.0,250000,250000.0,1.0,0,103.77445863786603,1.5563508278348797
JB0500_R0060_C0054,500,60,54,24000.0,-54000.0,24500.0,-53500.0,24250.0,-53750.0,250000,250000.0,1.0,0,103.7789518607008,1.5563500802427654
JB0500_R0060_C0055,500,60,55,24500.0,-54000.0,25000.0,-53500.0,24750.0,-53750.0,250000,250000.0,1.0,0,103.78344508353238,1.5563493230194758
JB0500_R0060_C0056,500,60,56,25000.0,-54000.0,25500.0,-53500.0,25250.0,-53750.0,250000,250000.0,1.0,0,103.78793830636074,1.5563485561650148
JB0500_R0060_C0057,500,60,57,25500.0,-54000.0,26000.0,-53500.0,25750.0,-53750.0,250000,250000.0,1.0,0,103.79243152918585,1.5563477796793874
JB0500_R0060_C0058,500,60,58,26000.0,-54000.0,26500.0,-53500.0,26250.0,-53750.0,250000,250000.0,1.0,0,103.79692475200763,1.5563469935625989
JB0500_R0060_C0059,500,60,59,26500.0,-54000.0,27000.0,-53500.0,26750.0,-53750.0,250000,250000.0,1.0,0,103.80141797482607,1.556346197814653
JB0500_R0060_C0060,500,60,60,27000.0,-54000.0,27500.0,-53500.0,27250.0,-53750.0,250000,250000.0,1.0,0,103.80591119764111,1.5563453924355557
JB0500_R0060_C0061,500,60,61,27500.0,-54000.0,28000.0,-53500.0,27750.0,-53750.0,250000,250000.0,1.0,0,103.81040442045273,1.5563445774253115
JB0500_R0060_C0062,500,60,62,28000.0,-54000.0,28500.0,-53500.0,28250.0,-53750.0,250000,250000.0,1.0,0,103.81489764326088,1.5563437527839252
JB0500_R0060_C0063,500,60,63,28500.0,-54000.0,29000.0,-53500.0,28750.0,-53750.0,250000,250000.0,1.0,0,103.8193908660655,1.5563429185114024
JB0500_R0060_C0064,500,60,64,29000.0,-54000.0,29500.0,-53500.0,29250.0,-53750.0,250000,250000.0,1.0,0,103.8238840888666,1.5563420746077476
JB0500_R0060_C0065,500,60,65,29500.0,-54000.0,30000.0,-53500.0,29750.0,-53750.0,250000,250000.0,1.0,0,103.8283773116641,1.5563412210729668
JB0500_R0060_C0066,500,60,66,30000.0,-54000.0,30500.0,-53500.0,30250.0,-53750.0,250000,250000.0,1.0,0,103.83287053445794,1.5563403579070643
JB0500_R0060_C0067,500,60,67,30500.0,-54000.0,31000.0,-53500.0,30750.0,-53750.0,250000,250000.0,1.0,0,103.83736375724813,1.5563394851100463
JB0500_R0060_C0068,500,60,68,31000.0,-54000.0,31500.0,-53500.0,31250.0,-53750.0,250000,250000.0,1.0,0,103.8418569800346,1.5563386026819177
JB0500_R0060_C0069,500,60,69,31500.0,-54000.0,32000.0,-53500.0,31750.0,-53750.0,250000,250000.0,1.0,0,103.84635020281732,1.5563377106226841
JB0500_R0060_C0070,500,60,70,32000.0,-54000.0,32500.0,-53500.0,32250.0,-53750.0,250000,250000.0,1.0,0,103.85084342559624,1.5563368089323508
JB0500_R0060_C0071,500,60,71,32500.0,-54000.0,33000.0,-53500.0,32750.0,-53750.0,250000,250000.0,1.0,0,103.85533664837132,1.5563358976109236
JB0500_R0060_C0072,500,60,72,33000.0,-54000.0,33500.0,-53500.0,33250.0,-53750.0,250000,250000.0,1.0,0,103.85982987114252,1.556334976658408
JB0500_R0060_C0073,500,60,73,33500.0,-54000.0,34000.0,-53500.0,33750.0,-53750.0,250000,250000.0,1.0,0,103.8643230939098,1.5563340460748099
JB0500_R0060_C0074,500,60,74,34000.0,-54000.0,34500.0,-53500.0,34250.0,-53750.0,250000,250000.0,1.0,0,103.86881631667312,1.5563331058601344
JB0500_R0060_C0075,500,60,75,34500.0,-54000.0,35000.0,-53500.0,34750.0,-53750.0,250000,250000.0,1.0,0,103.87330953943246,1.5563321560143877
JB0500_R0060_C0076,500,60,76,35000.0,-54000.0,35500.0,-53500.0,35250.0,-53750.0,250000,250000.0,1.0,0,103.87780276218774,1.556331196537576
JB0500_R0060_C0077,500,60,77,35500.0,-54000.0,36000.0,-53500.0,35750.0,-53750.0,250000,250000.0,1.0,0,103.88229598493893,1.5563302274297046
JB0500_R0060_C0078,500,60,78,36000.0,-54000.0,36500.0,-53500.0,36250.0,-53750.0,250000,250000.0,1.0,0,103.88678920768602,1.5563292486907798
JB0500_R0060_C0079,500,60,79,36500.0,-54000.0,37000.0,-53500.0,36750.0,-53750.0,250000,250000.0,1.0,0,103.89128243042893,1.5563282603208075
JB0500_R0060_C0080,500,60,80,37000.0,-54000.0,37500.0,-53500.0,37250.0,-53750.0,250000,250000.0,1.0,0,103.89577565316765,1.556327262319794
JB0500_R0060_C0081,500,60,81,37500.0,-54000.0,38000.0,-53500.0,37750.0,-53750.0,250000,250000.0,1.0,0,103.90026887590211,1.556326254687745
JB0500_R0060_C0082,500,60,82,38000.0,-54000.0,38500.0,-53500.0,38250.0,-53750.0,250000,250000.0,1.0,0,103.90476209863229,1.5563252374246672
JB0500_R0060_C0083,500,60,83,38500.0,-54000.0,39000.0,-53500.0,38750.0,-53750.0,250000,250000.0,1.0,0,103.90925532135815,1.5563242105305666
JB0500_R0060_C0084,500,60,84,39000.0,-54000.0,39500.0,-53500.0,39250.0,-53750.0,250000,250000.0,1.0,0,103.91374854407964,1.5563231740054495
JB0500_R0060_C0085,500,60,85,39500.0,-54000.0,40000.0,-53500.0,39750.0,-53750.0,250000,250000.0,1.0,0,103.91824176679673,1.5563221278493224
JB0500_R0060_C0086,500,60,86,40000.0,-54000.0,40500.0,-53500.0,40250.0,-53750.0,250000,250000.0,1.0,0,103.92273498950935,1.5563210720621918
JB0500_R0060_C0087,500,60,87,40500.0,-54000.0,41000.0,-53500.0,40750.0,-53750.0,250000,250000.0,1.0,0,103.92722821221749,1.5563200066440641
JB0500_R0060_C0088,500,60,88,41000.0,-54000.0,41500.0,-53500.0,41250.0,-53750.0,250000,250000.0,1.0,0,103.9317214349211,1.556318931594946
JB0500_R0060_C0089,500,60,89,41500.0,-54000.0,42000.0,-53500.0,41750.0,-53750.0,250000,250000.0,1.0,0,103.93621465762016,1.5563178469148435
JB0500_R0060_C0090,500,60,90,42000.0,-54000.0,42500.0,-53500.0,42250.0,-53750.0,250000,250000.0,1.0,0,103.94070788031458,1.5563167526037642
JB0500_R0060_C0091,500,60,91,42500.0,-54000.0,43000.0,-53500.0,42750.0,-53750.0,250000,250000.0,1.0,0,103.94520110300435,1.5563156486617145
JB0500_R0060_C0092,500,60,92,43000.0,-54000.0,43500.0,-53500.0,43250.0,-53750.0,250000,250000.0,1.0,0,103.94969432568945,1.5563145350887009
JB0500_R0060_C0093,500,60,93,43500.0,-54000.0,44000.0,-53500.0,43750.0,-53750.0,250000,250000.0,1.0,0,103.95418754836979,1.5563134118847306
JB0500_R0060_C0094,500,60,94,44000.0,-54000.0,44500.0,-53500.0,44250.0,-53750.0,250000,250000.0,1.0,0,103.95868077104537,1.55631227904981
JB0500_R0060_C0095,500,60,95,44500.0,-54000.0,45000.0,-53500.0,44750.0,-53750.0,250000,250000.0,1.0,0,103.96317399371613,1.5563111365839468
JB0500_R0060_C0096,500,60,96,45000.0,-54000.0,45500.0,-53500.0,45250.0,-53750.0,250000,250000.0,1.0,0,103.96766721638204,1.5563099844871477
JB0500_R0060_C0097,500,60,97,45500.0,-54000.0,46000.0,-53500.0,45750.0,-53750.0,250000,250000.0,1.0,0,103.97216043904304,1.55630882275942
JB0500_R0060_C0098,500,60,98,46000.0,-54000.0,46500.0,-53500.0,46250.0,-53750.0,250000,250000.0,1.0,0,103.9766536616991,1.5563076514007705
JB0500_R0060_C0099,500,60,99,46500.0,-54000.0,47000.0,-53500.0,46750.0,-53750.0,250000,250000.0,1.0,0,103.9811468843502,1.5563064704112064
JB0500_R0060_C0100,500,60,100,47000.0,-54000.0,47500.0,-53500.0,47250.0,-53750.0,250000,250000.0,1.0,0,103.98564010699627,1.5563052797907353
JB0500_R0060_C0101,500,60,101,47500.0,-54000.0,48000.0,-53500.0,47750.0,-53750.0,250000,250000.0,1.0,0,103.99013332963727,1.5563040795393643
JB0500_R0060_C0102,500,60,102,48000.0,-54000.0,48500.0,-53500.0,48250.0,-53750.0,250000,250000.0,1.0,0,103.99462655227319,1.5563028696571009
JB0500_R0060_C0103,500,60,103,48500.0,-54000.0,49000.0,-53500.0,48750.0,-53750.0,250000,250000.0,1.0,0,103.99911977490396,1.5563016501439526
JB0500_R0060_C0104,500,60,104,49000.0,-54000.0,49500.0,-53500.0,49250.0,-53750.0,250000,250000.0,1.0,0,104.00361299752954,1.556300420999927
JB0500_R0060_C0105,500,60,105,49500.0,-54000.0,50000.0,-53500.0,49750.0,-53750.0,250000,250000.0,1.0,0,104.00810622014991,1.5562991822250312
JB0500_R0060_C0106,500,60,106,50000.0,-54000.0,50500.0,-53500.0,50250.0,-53750.0,250000,250000.0,1.0,0,104.01259944276501,1.556297933819273
JB0500_R0060_C0107,500,60,107,50500.0,-54000.0,51000.0,-53500.0,50750.0,-53750.0,250000,111502.88538069435,0.4460115415227774,1,104.0170926653748,1.5562966757826604
JB0500_R0061_C0007,500,61,7,500.0,-53500.0,1000.0,-53000.0,750.0,-53250.0,250000,3484.3950112877756,0.013937580045151103,1,103.56777068300437,1.5608966059375993
JB0500_R0061_C0008,500,61,8,1000.0,-53500.0,1500.0,-53000.0,1250.0,-53250.0,250000,60812.42304361401,0.24324969217445605,1,103.57226391552584,1.560896300498332
JB0500_R0061_C0009,500,61,9,1500.0,-53500.0,2000.0,-53000.0,1750.0,-53250.0,250000,228063.39453147966,0.9122535781259187,1,103.57675714804597,1.5608959853997433
JB0500_R0061_C0010,500,61,10,2000.0,-53500.0,2500.0,-53000.0,2250.0,-53250.0,250000,128229.59562802987,0.5129183825121195,1,103.58125038056477,1.5608956606418345
JB0500_R0061_C0011,500,61,11,2500.0,-53500.0,3000.0,-53000.0,2750.0,-53250.0,250000,134531.98323107543,0.5381279329243017,1,103.58574361308216,1.5608953262246081
JB0500_R0061_C0012,500,61,12,3000.0,-53500.0,3500.0,-53000.0,3250.0,-53250.0,250000,22445.567909224057,0.08978227163689623,1,103.5902368455981,1.560894982148066
JB0500_R0061_C0013,500,61,13,3500.0,-53500.0,4000.0,-53000.0,3750.0,-53250.0,250000,10857.875923800631,0.043431503695202524,1,103.59473007811258,1.5608946284122103
JB0500_R0061_C0014,500,61,14,4000.0,-53500.0,4500.0,-53000.0,4250.0,-53250.0,250000,176551.04765380506,0.7062041906152202,1,103.59922331062552,1.560894265017043
JB0500_R0061_C0015,500,61,15,4500.0,-53500.0,5000.0,-53000.0,4750.0,-53250.0,250000,250000.0,1.0,0,103.6037165431369,1.5608938919625668
JB0500_R0061_C0016,500,61,16,5000.0,-53500.0,5500.0,-53000.0,5250.0,-53250.0,250000,250000.0,1.0,0,103.60820977564667,1.5608935092487835
JB0500_R0061_C0017,500,61,17,5500.0,-53500.0,6000.0,-53000.0,5750.0,-53250.0,250000,250000.0,1.0,0,103.61270300815481,1.5608931168756957
JB0500_R0061_C0018,500,61,18,6000.0,-53500.0,6500.0,-53000.0,6250.0,-53250.0,250000,215135.32293048064,0.8605412917219226,1,103.61719624066126,1.5608927148433058
JB0500_R0061_C0019,500,61,19,6500.0,-53500.0,7000.0,-53000.0,6750.0,-53250.0,250000,15645.072485299335,0.06258028994119734,1,103.62168947316597,1.5608923031516162
JB0500_R0061_C0028,500,61,28,11000.0,-53500.0,11500.0,-53000.0,11250.0,-53250.0,250000,201601.2115547364,0.8064048462189456,1,103.66212856562396,1.5608881632583644
JB0500_R0061_C0029,500,61,29,11500.0,-53500.0,12000.0,-53000.0,11750.0,-53250.0,250000,250000.0,1.0,0,103.66662179810915,1.5608876549738278
JB0500_R0061_C0030,500,61,30,12000.0,-53500.0,12500.0,-53000.0,12250.0,-53250.0,250000,250000.0,1.0,0,103.67111503059216,1.5608871370300226
JB0500_R0061_C0031,500,61,31,12500.0,-53500.0,13000.0,-53000.0,12750.0,-53250.0,250000,250000.0,1.0,0,103.67560826307296,1.560886609426952
JB0500_R0061_C0032,500,61,32,13000.0,-53500.0,13500.0,-53000.0,13250.0,-53250.0,250000,250000.0,1.0,0,103.68010149555148,1.5608860721646196
JB0500_R0061_C0033,500,61,33,13500.0,-53500.0,14000.0,-53000.0,13750.0,-53250.0,250000,250000.0,1.0,0,103.68459472802772,1.5608855252430285
JB0500_R0061_C0034,500,61,34,14000.0,-53500.0,14500.0,-53000.0,14250.0,-53250.0,250000,250000.0,1.0,0,103.6890879605016,1.5608849686621817
JB0500_R0061_C0035,500,61,35,14500.0,-53500.0,15000.0,-53000.0,14750.0,-53250.0,250000,250000.0,1.0,0,103.69358119297311,1.5608844024220834
JB0500_R0061_C0036,500,61,36,15000.0,-53500.0,15500.0,-53000.0,15250.0,-53250.0,250000,250000.0,1.0,0,103.6980744254422,1.5608838265227363
JB0500_R0061_C0037,500,61,37,15500.0,-53500.0,16000.0,-53000.0,15750.0,-53250.0,250000,250000.0,1.0,0,103.70256765790882,1.5608832409641444
JB0500_R0061_C0038,500,61,38,16000.0,-53500.0,16500.0,-53000.0,16250.0,-53250.0,250000,250000.0,1.0,0,103.70706089037293,1.5608826457463114
JB0500_R0061_C0039,500,61,39,16500.0,-53500.0,17000.0,-53000.0,16750.0,-53250.0,250000,250000.0,1.0,0,103.71155412283449,1.5608820408692405
JB0500_R0061_C0040,500,61,40,17000.0,-53500.0,17500.0,-53000.0,17250.0,-53250.0,250000,250000.0,1.0,0,103.71604735529345,1.5608814263329358
JB0500_R0061_C0041,500,61,41,17500.0,-53500.0,18000.0,-53000.0,17750.0,-53250.0,250000,250000.0,1.0,0,103.72054058774981,1.5608808021374012
JB0500_R0061_C0042,500,61,42,18000.0,-53500.0,18500.0,-53000.0,18250.0,-53250.0,250000,250000.0,1.0,0,103.72503382020348,1.56088016828264
JB0500_R0061_C0043,500,61,43,18500.0,-53500.0,19000.0,-53000.0,18750.0,-53250.0,250000,250000.0,1.0,0,103.72952705265443,1.5608795247686567
JB0500_R0061_C0044,500,61,44,19000.0,-53500.0,19500.0,-53000.0,19250.0,-53250.0,250000,250000.0,1.0,0,103.73402028510266,1.560878871595455
JB0500_R0061_C0045,500,61,45,19500.0,-53500.0,20000.0,-53000.0,19750.0,-53250.0,250000,250000.0,1.0,0,103.73851351754807,1.5608782087630386
JB0500_R0061_C0046,500,61,46,20000.0,-53500.0,20500.0,-53000.0,20250.0,-53250.0,250000,250000.0,1.0,0,103.74300674999066,1.5608775362714122
JB0500_R0061_C0047,500,61,47,20500.0,-53500.0,21000.0,-53000.0,20750.0,-53250.0,250000,250000.0,1.0,0,103.74749998243036,1.5608768541205795
JB0500_R0061_C0048,500,61,48,21000.0,-53500.0,21500.0,-53000.0,21250.0,-53250.0,250000,250000.0,1.0,0,103.75199321486716,1.560876162310545
JB0500_R0061_C0049,500,61,49,21500.0,-53500.0,22000.0,-53000.0,21750.0,-53250.0,250000,250000.0,1.0,0,103.75648644730099,1.5608754608413127
JB0500_R0061_C0050,500,61,50,22000.0,-53500.0,22500.0,-53000.0,22250.0,-53250.0,250000,250000.0,1.0,0,103.76097967973182,1.5608747497128868
JB0500_R0061_C0051,500,61,51,22500.0,-53500.0,23000.0,-53000.0,22750.0,-53250.0,250000,250000.0,1.0,0,103.76547291215961,1.5608740289252723
JB0500_R0061_C0052,500,61,52,23000.0,-53500.0,23500.0,-53000.0,23250.0,-53250.0,250000,250000.0,1.0,0,103.76996614458434,1.560873298478473
JB0500_R0061_C0053,500,61,53,23500.0,-53500.0,24000.0,-53000.0,23750.0,-53250.0,250000,250000.0,1.0,0,103.77445937700593,1.5608725583724938
JB0500_R0061_C0054,500,61,54,24000.0,-53500.0,24500.0,-53000.0,24250.0,-53250.0,250000,250000.0,1.0,0,103.77895260942437,1.560871808607339
JB0500_R0061_C0055,500,61,55,24500.0,-53500.0,25000.0,-53000.0,24750.0,-53250.0,250000,250000.0,1.0,0,103.78344584183958,1.5608710491830133
JB0500_R0061_C0056,500,61,56,25000.0,-53500.0,25500.0,-53000.0,25250.0,-53250.0,250000,250000.0,1.0,0,103.78793907425158,1.5608702800995216
JB0500_R0061_C0057,500,61,57,25500.0,-53500.0,26000.0,-53000.0,25750.0,-53250.0,250000,250000.0,1.0,0,103.79243230666027,1.560869501356868
JB0500_R0061_C0058,500,61,58,26000.0,-53500.0,26500.0,-53000.0,26250.0,-53250.0,250000,250000.0,1.0,0,103.79692553906564,1.5608687129550582
JB0500_R0061_C0059,500,61,59,26500.0,-53500.0,27000.0,-53000.0,26750.0,-53250.0,250000,250000.0,1.0,0,103.80141877146765,1.5608679148940965
JB0500_R0061_C0060,500,61,60,27000.0,-53500.0,27500.0,-53000.0,27250.0,-53250.0,250000,250000.0,1.0,0,103.80591200386624,1.5608671071739877
JB0500_R0061_C0061,500,61,61,27500.0,-53500.0,28000.0,-53000.0,27750.0,-53250.0,250000,250000.0,1.0,0,103.81040523626139,1.560866289794737
JB0500_R0061_C0062,500,61,62,28000.0,-53500.0,28500.0,-53000.0,28250.0,-53250.0,250000,250000.0,1.0,0,103.81489846865306,1.5608654627563496
JB0500_R0061_C0063,500,61,63,28500.0,-53500.0,29000.0,-53000.0,28750.0,-53250.0,250000,250000.0,1.0,0,103.81939170104117,1.5608646260588304
JB0500_R0061_C0064,500,61,64,29000.0,-53500.0,29500.0,-53000.0,29250.0,-53250.0,250000,250000.0,1.0,0,103.82388493342572,1.5608637797021845
JB0500_R0061_C0065,500,61,65,29500.0,-53500.0,30000.0,-53000.0,29750.0,-53250.0,250000,250000.0,1.0,0,103.82837816580665,1.560862923686417
JB0500_R0061_C0066,500,61,66,30000.0,-53500.0,30500.0,-53000.0,30250.0,-53250.0,250000,250000.0,1.0,0,103.83287139818394,1.5608620580115335
JB0500_R0061_C0067,500,61,67,30500.0,-53500.0,31000.0,-53000.0,30750.0,-53250.0,250000,250000.0,1.0,0,103.83736463055753,1.5608611826775394
JB0500_R0061_C0068,500,61,68,31000.0,-53500.0,31500.0,-53000.0,31250.0,-53250.0,250000,250000.0,1.0,0,103.84185786292738,1.5608602976844395
JB0500_R0061_C0069,500,61,69,31500.0,-53500.0,32000.0,-53000.0,31750.0,-53250.0,250000,250000.0,1.0,0,103.84635109529346,1.5608594030322398
JB0500_R0061_C0070,500,61,70,32000.0,-53500.0,32500.0,-53000.0,32250.0,-53250.0,250000,250000.0,1.0,0,103.85084432765571,1.5608584987209455
JB0500_R0061_C0071,500,61,71,32500.0,-53500.0,33000.0,-53000.0,32750.0,-53250.0,250000,250000.0,1.0,0,103.85533756001412,1.5608575847505626
JB0500_R0061_C0072,500,61,72,33000.0,-53500.0,33500.0,-53000.0,33250.0,-53250.0,250000,250000.0,1.0,0,103.8598307923686,1.5608566611210961
JB0500_R0061_C0073,500,61,73,33500.0,-53500.0,34000.0,-53000.0,33750.0,-53250.0,250000,250000.0,1.0,0,103.86432402471915,1.560855727832552
JB0500_R0061_C0074,500,61,74,34000.0,-53500.0,34500.0,-53000.0,34250.0,-53250.0,250000,250000.0,1.0,0,103.86881725706573,1.5608547848849363
JB0500_R0061_C0075,500,61,75,34500.0,-53500.0,35000.0,-53000.0,34750.0,-53250.0,250000,250000.0,1.0,0,103.87331048940828,1.5608538322782544
JB0500_R0061_C0076,500,61,76,35000.0,-53500.0,35500.0,-53000.0,35250.0,-53250.0,250000,250000.0,1.0,0,103.87780372174676,1.5608528700125124
JB0500_R0061_C0077,500,61,77,35500.0,-53500.0,36000.0,-53000.0,35750.0,-53250.0,250000,250000.0,1.0,0,103.88229695408116,1.5608518980877162
JB0500_R0061_C0078,500,61,78,36000.0,-53500.0,36500.0,-53000.0,36250.0,-53250.0,250000,250000.0,1.0,0,103.88679018641137,1.5608509165038718
JB0500_R0061_C0079,500,61,79,36500.0,-53500.0,37000.0,-53000.0,36750.0,-53250.0,250000,250000.0,1.0,0,103.89128341873743,1.5608499252609853
JB0500_R0061_C0080,500,61,80,37000.0,-53500.0,37500.0,-53000.0,37250.0,-53250.0,250000,250000.0,1.0,0,103.89577665105924,1.5608489243590624
JB0500_R0061_C0081,500,61,81,37500.0,-53500.0,38000.0,-53000.0,37750.0,-53250.0,250000,250000.0,1.0,0,103.90026988337678,1.5608479137981097
JB0500_R0061_C0082,500,61,82,38000.0,-53500.0,38500.0,-53000.0,38250.0,-53250.0,250000,250000.0,1.0,0,103.90476311569002,1.5608468935781334
JB0500_R0061_C0083,500,61,83,38500.0,-53500.0,39000.0,-53000.0,38750.0,-53250.0,250000,250000.0,1.0,0,103.9092563479989,1.5608458636991396
JB0500_R0061_C0084,500,61,84,39000.0,-53500.0,39500.0,-53000.0,39250.0,-53250.0,250000,250000.0,1.0,0,103.9137495803034,1.5608448241611346
JB0500_R0061_C0085,500,61,85,39500.0,-53500.0,40000.0,-53000.0,39750.0,-53250.0,250000,250000.0,1.0,0,103.91824281260345,1.560843774964125
JB0500_R0061_C0086,500,61,86,40000.0,-53500.0,40500.0,-53000.0,40250.0,-53250.0,250000,250000.0,1.0,0,103.92273604489904,1.5608427161081173
JB0500_R0061_C0087,500,61,87,40500.0,-53500.0,41000.0,-53000.0,40750.0,-53250.0,250000,250000.0,1.0,0,103.92722927719011,1.5608416475931177
JB0500_R0061_C0088,500,61,88,41000.0,-53500.0,41500.0,-53000.0,41250.0,-53250.0,250000,250000.0,1.0,0,103.93172250947661,1.5608405694191332
JB0500_R0061_C0089,500,61,89,41500.0,-53500.0,42000.0,-53000.0,41750.0,-53250.0,250000,250000.0,1.0,0,103.93621574175853,1.5608394815861701
JB0500_R0061_C0090,500,61,90,42000.0,-53500.0,42500.0,-53000.0,42250.0,-53250.0,250000,250000.0,1.0,0,103.94070897403581,1.5608383840942353
JB0500_R0061_C0091,500,61,91,42500.0,-53500.0,43000.0,-53000.0,42750.0,-53250.0,250000,250000.0,1.0,0,103.94520220630841,1.5608372769433356
JB0500_R0061_C0092,500,61,92,43000.0,-53500.0,43500.0,-53000.0,43250.0,-53250.0,250000,250000.0,1.0,0,103.94969543857627,1.5608361601334775
JB0500_R0061_C0093,500,61,93,43500.0,-53500.0,44000.0,-53000.0,43750.0,-53250.0,250000,250000.0,1.0,0,103.95418867083939,1.5608350336646681
JB0500_R0061_C0094,500,61,94,44000.0,-53500.0,44500.0,-53000.0,44250.0,-53250.0,250000,250000.0,1.0,0,103.95868190309771,1.5608338975369145
JB0500_R0061_C0095,500,61,95,44500.0,-53500.0,45000.0,-53000.0,44750.0,-53250.0,250000,250000.0,1.0,0,103.96317513535116,1.5608327517502232
JB0500_R0061_C0096,500,61,96,45000.0,-53500.0,45500.0,-53000.0,45250.0,-53250.0,250000,250000.0,1.0,0,103.96766836759976,1.5608315963046018
JB0500_R0061_C0097,500,61,97,45500.0,-53500.0,46000.0,-53000.0,45750.0,-53250.0,250000,250000.0,1.0,0,103.97216159984342,1.5608304312000574
JB0500_R0061_C0098,500,61,98,46000.0,-53500.0,46500.0,-53000.0,46250.0,-53250.0,250000,250000.0,1.0,0,103.9766548320821,1.5608292564365966
JB0500_R0061_C0099,500,61,99,46500.0,-53500.0,47000.0,-53000.0,46750.0,-53250.0,250000,250000.0,1.0,0,103.98114806431579,1.5608280720142271
JB0500_R0061_C0100,500,61,100,47000.0,-53500.0,47500.0,-53000.0,47250.0,-53250.0,250000,250000.0,1.0,0,103.98564129654443,1.5608268779329564
JB0500_R0061_C0101,500,61,101,47500.0,-53500.0,48000.0,-53000.0,47750.0,-53250.0,250000,250000.0,1.0,0,103.99013452876797,1.560825674192791
JB0500_R0061_C0102,500,61,102,48000.0,-53500.0,48500.0,-53000.0,48250.0,-53250.0,250000,250000.0,1.0,0,103.99462776098639,1.5608244607937394
JB0500_R0061_C0103,500,61,103,48500.0,-53500.0,49000.0,-53000.0,48750.0,-53250.0,250000,250000.0,1.0,0,103.99912099319964,1.5608232377358084
JB0500_R0061_C0104,500,61,104,49000.0,-53500.0,49500.0,-53000.0,49250.0,-53250.0,250000,250000.0,1.0,0,104.00361422540766,1.5608220050190056
JB0500_R0061_C0105,500,61,105,49500.0,-53500.0,50000.0,-53000.0,49750.0,-53250.0,250000,250000.0,1.0,0,104.00810745761044,1.5608207626433386
JB0500_R0061_C0106,500,61,106,50000.0,-53500.0,50500.0,-53000.0,50250.0,-53250.0,250000,228951.32455794644,0.9158052982317858,1,104.01260068980793,1.5608195106088152
JB0500_R0061_C0107,500,61,107,50500.0,-53500.0,51000.0,-53000.0,50750.0,-53250.0,250000,10412.369100888984,0.041649476403555936,1,104.01709392200007,1.5608182489154432
JB0500_R0062_C0009,500,62,9,1500.0,-53000.0,2000.0,-52500.0,1750.0,-52750.0,250000,10126.906426926656,0.04050762570770663,1,103.576757466412,1.5654177836405823
JB0500_R0062_C0014,500,62,14,4000.0,-53000.0,4500.0,-52500.0,4250.0,-52750.0,250000,4723.488138683255,0.01889395255473302,1,103.59922367705188,1.5654160582716847
JB0500_R0062_C0015,500,62,15,4500.0,-53000.0,5000.0,-52500.0,4750.0,-52750.0,250000,168536.85434857692,0.6741474173943077,1,103.60371691917531,1.565415684135982
JB0500_R0062_C0016,500,62,16,5000.0,-53000.0,5500.0,-52500.0,5250.0,-52750.0,250000,179271.13486464423,0.717084539458577,1,103.60821016129711,1.565415300312977
JB0500_R0062_C0017,500,62,17,5500.0,-53000.0,6000.0,-52500.0,5750.0,-52750.0,250000,110423.06171725671,0.44169224686902686,1,103.61270340341726,1.5654149068026713
JB0500_R0062_C0018,500,62,18,6000.0,-53000.0,6500.0,-52500.0,6250.0,-52750.0,250000,9768.03957202817,0.03907215828811268,1,103.61719664553571,1.5654145036050682
JB0500_R0062_C0028,500,62,28,11000.0,-53000.0,11500.0,-52500.0,11250.0,-52750.0,250000,154144.74136009385,0.6165789654403754,1,103.66212906661795,1.565409938828236
JB0500_R0062_C0029,500,62,29,11500.0,-53000.0,12000.0,-52500.0,11750.0,-52750.0,250000,250000.0,1.0,0,103.66662230871503,1.5654094290705347
JB0500_R0062_C0030,500,62,30,12000.0,-53000.0,12500.0,-52500.0,12250.0,-52750.0,250000,250000.0,1.0,0,103.67111555080992,1.5654089096255694
JB0500_R0062_C0031,500,62,31,12500.0,-53000.0,13000.0,-52500.0,12750.0,-52750.0,250000,250000.0,1.0,0,103.67560879290258,1.5654083804933432
JB0500_R0062_C0032,500,62,32,13000.0,-53000.0,13500.0,-52500.0,13250.0,-52750.0,250000,250000.0,1.0,0,103.68010203499296,1.5654078416738595
JB0500_R0062_C0033,500,62,33,13500.0,-53000.0,14000.0,-52500.0,13750.0,-52750.0,250000,250000.0,1.0,0,103.68459527708103,1.5654072931671217
JB0500_R0062_C0034,500,62,34,14000.0,-53000.0,14500.0,-52500.0,14250.0,-52750.0,250000,250000.0,1.0,0,103.68908851916675,1.5654067349731329
JB0500_R0062_C0035,500,62,35,14500.0,-53000.0,15000.0,-52500.0,14750.0,-52750.0,250000,250000.0,1.0,0,103.69358176125004,1.5654061670918966
JB0500_R0062_C0036,500,62,36,15000.0,-53000.0,15500.0,-52500.0,15250.0,-52750.0,250000,250000.0,1.0,0,103.69807500333093,1.5654055895234167
JB0500_R0062_C0037,500,62,37,15500.0,-53000.0,16000.0,-52500.0,15750.0,-52750.0,250000,250000.0,1.0,0,103.70256824540932,1.5654050022676962
JB0500_R0062_C0038,500,62,38,16000.0,-53000.0,16500.0,-52500.0,16250.0,-52750.0,250000,250000.0,1.0,0,103.7070614874852,1.5654044053247391
JB0500_R0062_C0039,500,62,39,16500.0,-53000.0,17000.0,-52500.0,16750.0,-52750.0,250000,250000.0,1.0,0,103.71155472955851,1.5654037986945488
JB0500_R0062_C0040,500,62,40,17000.0,-53000.0,17500.0,-52500.0,17250.0,-52750.0,250000,250000.0,1.0,0,103.71604797162924,1.5654031823771293
JB0500_R0062_C0041,500,62,41,17500.0,-53000.0,18000.0,-52500.0,17750.0,-52750.0,250000,250000.0,1.0,0,103.7205412136973,1.5654025563724843
JB0500_R0062_C0042,500,62,42,18000.0,-53000.0,18500.0,-52500.0,18250.0,-52750.0,250000,250000.0,1.0,0,103.72503445576268,1.5654019206806173
JB0500_R0062_C0043,500,62,43,18500.0,-53000.0,19000.0,-52500.0,18750.0,-52750.0,250000,250000.0,1.0,0,103.72952769782532,1.565401275301533
JB0500_R0062_C0044,500,62,44,19000.0,-53000.0,19500.0,-52500.0,19250.0,-52750.0,250000,250000.0,1.0,0,103.73402093988521,1.5654006202352346
JB0500_R0062_C0045,500,62,45,19500.0,-53000.0,20000.0,-52500.0,19750.0,-52750.0,250000,250000.0,1.0,0,103.73851418194229,1.5653999554817266
JB0500_R0062_C0046,500,62,46,20000.0,-53000.0,20500.0,-52500.0,20250.0,-52750.0,250000,250000.0,1.0,0,103.74300742399652,1.565399281041013
JB0500_R0062_C0047,500,62,47,20500.0,-53000.0,21000.0,-52500.0,20750.0,-52750.0,250000,250000.0,1.0,0,103.74750066604784,1.5653985969130977
JB0500_R0062_C0048,500,62,48,21000.0,-53000.0,21500.0,-52500.0,21250.0,-52750.0,250000,250000.0,1.0,0,103.75199390809624,1.5653979030979852
JB0500_R0062_C0049,500,62,49,21500.0,-53000.0,22000.0,-52500.0,21750.0,-52750.0,250000,250000.0,1.0,0,103.75648715014167,1.56539719959568
JB0500_R0062_C0050,500,62,50,22000.0,-53000.0,22500.0,-52500.0,22250.0,-52750.0,250000,250000.0,1.0,0,103.76098039218408,1.5653964864061856
JB0500_R0062_C0051,500,62,51,22500.0,-53000.0,23000.0,-52500.0,22750.0,-52750.0,250000,250000.0,1.0,0,103.76547363422343,1.565395763529507
JB0500_R0062_C0052,500,62,52,23000.0,-53000.0,23500.0,-52500.0,23250.0,-52750.0,250000,250000.0,1.0,0,103.76996687625969,1.5653950309656488
JB0500_R0062_C0053,500,62,53,23500.0,-53000.0,24000.0,-52500.0,23750.0,-52750.0,250000,250000.0,1.0,0,103.7744601182928,1.5653942887146153
JB0500_R0062_C0054,500,62,54,24000.0,-53000.0,24500.0,-52500.0,24250.0,-52750.0,250000,250000.0,1.0,0,103.77895336032273,1.565393536776411
JB0500_R0062_C0055,500,62,55,24500.0,-53000.0,25000.0,-52500.0,24750.0,-52750.0,250000,250000.0,1.0,0,103.78344660234943,1.5653927751510406
JB0500_R0062_C0056,500,62,56,25000.0,-53000.0,25500.0,-52500.0,25250.0,-52750.0,250000,250000.0,1.0,0,103.78793984437289,1.5653920038385085
JB0500_R0062_C0057,500,62,57,25500.0,-53000.0,26000.0,-52500.0,25750.0,-52750.0,250000,250000.0,1.0,0,103.79243308639302,1.56539122283882
JB0500_R0062_C0058,500,62,58,26000.0,-53000.0,26500.0,-52500.0,26250.0,-52750.0,250000,250000.0,1.0,0,103.79692632840981,1.5653904321519796
JB0500_R0062_C0059,500,62,59,26500.0,-53000.0,27000.0,-52500.0,26750.0,-52750.0,250000,250000.0,1.0,0,103.80141957042322,1.565389631777992
JB0500_R0062_C0060,500,62,60,27000.0,-53000.0,27500.0,-52500.0,27250.0,-52750.0,250000,250000.0,1.0,0,103.80591281243322,1.5653888217168626
JB0500_R0062_C0061,500,62,61,27500.0,-53000.0,28000.0,-52500.0,27750.0,-52750.0,250000,250000.0,1.0,0,103.81040605443972,1.5653880019685962
JB0500_R0062_C0062,500,62,62,28000.0,-53000.0,28500.0,-52500.0,28250.0,-52750.0,250000,250000.0,1.0,0,103.81489929644272,1.5653871725331974
JB0500_R0062_C0063,500,62,63,28500.0,-53000.0,29000.0,-52500.0,28750.0,-52750.0,250000,250000.0,1.0,0,103.81939253844217,1.565386333410672
JB0500_R0062_C0064,500,62,64,29000.0,-53000.0,29500.0,-52500.0,29250.0,-52750.0,250000,250000.0,1.0,0,103.82388578043803,1.5653854846010247
JB0500_R0062_C0065,500,62,65,29500.0,-53000.0,30000.0,-52500.0,29750.0,-52750.0,250000,250000.0,1.0,0,103.82837902243025,1.565384626104261
JB0500_R0062_C0066,500,62,66,30000.0,-53000.0,30500.0,-52500.0,30250.0,-52750.0,250000,250000.0,1.0,0,103.8328722644188,1.5653837579203858
JB0500_R0062_C0067,500,62,67,30500.0,-53000.0,31000.0,-52500.0,30750.0,-52750.0,250000,250000.0,1.0,0,103.83736550640363,1.565382880049405
JB0500_R0062_C0068,500,62,68,31000.0,-53000.0,31500.0,-52500.0,31250.0,-52750.0,250000,250000.0,1.0,0,103.84185874838471,1.5653819924913235
JB0500_R0062_C0069,500,62,69,31500.0,-53000.0,32000.0,-52500.0,31750.0,-52750.0,250000,250000.0,1.0,0,103.84635199036197,1.565381095246147
JB0500_R0062_C0070,500,62,70,32000.0,-53000.0,32500.0,-52500.0,32250.0,-52750.0,250000,250000.0,1.0,0,103.8508452323354,1.5653801883138811
JB0500_R0062_C0071,500,62,71,32500.0,-53000.0,33000.0,-52500.0,32750.0,-52750.0,250000,250000.0,1.0,0,103.85533847430496,1.5653792716945312
JB0500_R0062_C0072,500,62,72,33000.0,-53000.0,33500.0,-52500.0,33250.0,-52750.0,250000,250000.0,1.0,0,103.85983171627058,1.5653783453881034
JB0500_R0062_C0073,500,62,73,33500.0,-53000.0,34000.0,-52500.0,33750.0,-52750.0,250000,250000.0,1.0,0,103.86432495823223,1.5653774093946025
JB0500_R0062_C0074,500,62,74,34000.0,-53000.0,34500.0,-52500.0,34250.0,-52750.0,250000,250000.0,1.0,0,103.86881820018989,1.5653764637140353
JB0500_R0062_C0075,500,62,75,34500.0,-53000.0,35000.0,-52500.0,34750.0,-52750.0,250000,250000.0,1.0,0,103.8733114421435,1.565375508346407
JB0500_R0062_C0076,500,62,76,35000.0,-53000.0,35500.0,-52500.0,35250.0,-52750.0,250000,250000.0,1.0,0,103.87780468409302,1.5653745432917234
JB0500_R0062_C0077,500,62,77,35500.0,-53000.0,36000.0,-52500.0,35750.0,-52750.0,250000,250000.0,1.0,0,103.8822979260384,1.5653735685499908
JB0500_R0062_C0078,500,62,78,36000.0,-53000.0,36500.0,-52500.0,36250.0,-52750.0,250000,250000.0,1.0,0,103.88679116797962,1.5653725841212152
JB0500_R0062_C0079,500,62,79,36500.0,-53000.0,37000.0,-52500.0,36750.0,-52750.0,250000,250000.0,1.0,0,103.89128440991665,1.5653715900054024
JB0500_R0062_C0080,500,62,80,37000.0,-53000.0,37500.0,-52500.0,37250.0,-52750.0,250000,250000.0,1.0,0,103.8957776518494,1.5653705862025586
JB0500_R0062_C0081,500,62,81,37500.0,-53000.0,38000.0,-52500.0,37750.0,-52750.0,250000,250000.0,1.0,0,103.90027089377786,1.5653695727126902
JB0500_R0062_C0082,500,62,82,38000.0,-53000.0,38500.0,-52500.0,38250.0,-52750.0,250000,250000.0,1.0,0,103.90476413570198,1.5653685495358032
JB0500_R0062_C0083,500,62,83,38500.0,-53000.0,39000.0,-52500.0,38750.0,-52750.0,250000,250000.0,1.0,0,103.90925737762174,1.5653675166719039
JB0500_R0062_C0084,500,62,84,39000.0,-53000.0,39500.0,-52500.0,39250.0,-52750.0,250000,250000.0,1.0,0,103.91375061953705,1.565366474120999
JB0500_R0062_C0085,500,62,85,39500.0,-53000.0,40000.0,-52500.0,39750.0,-52750.0,250000,250000.0,1.0,0,103.91824386144795,1.5653654218830944
JB0500_R0062_C0086,500,62,86,40000.0,-53000.0,40500.0,-52500.0,40250.0,-52750.0,250000,250000.0,1.0,0,103.92273710335431,1.5653643599581968
JB0500_R0062_C0087,500,62,87,40500.0,-53000.0,41000.0,-52500.0,40750.0,-52750.0,250000,250000.0,1.0,0,103.92723034525613,1.5653632883463129
JB0500_R0062_C0088,500,62,88,41000.0,-53000.0,41500.0,-52500.0,41250.0,-52750.0,250000,250000.0,1.0,0,103.93172358715339,1.5653622070474493
JB0500_R0062_C0089,500,62,89,41500.0,-53000.0,42000.0,-52500.0,41750.0,-52750.0,250000,250000.0,1.0,0,103.936216829046,1.5653611160616125
JB0500_R0062_C0090,500,62,90,42000.0,-53000.0,42500.0,-52500.0,42250.0,-52750.0,250000,250000.0,1.0,0,103.94071007093396,1.5653600153888092
JB0500_R0062_C0091,500,62,91,42500.0,-53000.0,43000.0,-52500.0,42750.0,-52750.0,250000,250000.0,1.0,0,103.94520331281721,1.5653589050290464
JB0500_R0062_C0092,500,62,92,43000.0,-53000.0,43500.0,-52500.0,43250.0,-52750.0,250000,250000.0,1.0,0,103.9496965546957,1.5653577849823306
JB0500_R0062_C0093,500,62,93,43500.0,-53000.0,44000.0,-52500.0,43750.0,-52750.0,250000,250000.0,1.0,0,103.95418979656944,1.5653566552486688
JB0500_R0062_C0094,500,62,94,44000.0,-53000.0,44500.0,-52500.0,44250.0,-52750.0,250000,250000.0,1.0,0,103.95868303843831,1.5653555158280683
JB0500_R0062_C0095,500,62,95,44500.0,-53000.0,45000.0,-52500.0,44750.0,-52750.0,250000,250000.0,1.0,0,103.96317628030232,1.5653543667205356
JB0500_R0062_C0096,500,62,96,45000.0,-53000.0,45500.0,-52500.0,45250.0,-52750.0,250000,250000.0,1.0,0,103.96766952216143,1.5653532079260786
JB0500_R0062_C0097,500,62,97,45500.0,-53000.0,46000.0,-52500.0,45750.0,-52750.0,250000,250000.0,1.0,0,103.97216276401556,1.5653520394447031
JB0500_R0062_C0098,500,62,98,46000.0,-53000.0,46500.0,-52500.0,46250.0,-52750.0,250000,250000.0,1.0,0,103.97665600586471,1.5653508612764175
JB0500_R0062_C0099,500,62,99,46500.0,-53000.0,47000.0,-52500.0,46750.0,-52750.0,250000,250000.0,1.0,0,103.98114924770883,1.5653496734212287
JB0500_R0062_C0100,500,62,100,47000.0,-53000.0,47500.0,-52500.0,47250.0,-52750.0,250000,250000.0,1.0,0,103.98564248954786,1.5653484758791438
JB0500_R0062_C0101,500,62,101,47500.0,-53000.0,48000.0,-52500.0,47750.0,-52750.0,250000,250000.0,1.0,0,103.99013573138177,1.5653472686501704
JB0500_R0062_C0102,500,62,102,48000.0,-53000.0,48500.0,-52500.0,48250.0,-52750.0,250000,250000.0,1.0,0,103.99462897321052,1.5653460517343158
JB0500_R0062_C0103,500,62,103,48500.0,-53000.0,49000.0,-52500.0,48750.0,-52750.0,250000,250000.0,1.0,0,103.99912221503408,1.5653448251315873
JB0500_R0062_C0104,500,62,104,49000.0,-53000.0,49500.0,-52500.0,49250.0,-52750.0,250000,250000.0,1.0,0,104.0036154568524,1.565343588841993
JB0500_R0062_C0105,500,62,105,49500.0,-53000.0,50000.0,-52500.0,49750.0,-52750.0,250000,250000.0,1.0,0,104.00810869866542,1.5653423428655404
JB0500_R0062_C0106,500,62,106,50000.0,-53000.0,50500.0,-52500.0,50250.0,-52750.0,250000,117224.5019369766,0.46889800774790635,1,104.01260194047312,1.5653410872022369
JB0500_R0063_C0028,500,63,28,11000.0,-52500.0,11500.0,-52000.0,11250.0,-52250.0,250000,138624.1534736045,0.554496613894418,1,103.66212956906298,1.5699317142022347
JB0500_R0063_C0029,500,63,29,11500.0,-52500.0,12000.0,-52000.0,11750.0,-52250.0,250000,250000.0,1.0,0,103.66662282079979,1.5699312029713626
JB0500_R0063_C0030,500,63,30,12000.0,-52500.0,12500.0,-52000.0,12250.0,-52250.0,250000,250000.0,1.0,0,103.67111607253439,1.569930682025231
JB0500_R0063_C0031,500,63,31,12500.0,-52500.0,13000.0,-52000.0,12750.0,-52250.0,250000,250000.0,1.0,0,103.67560932426676,1.5699301513638428
JB0500_R0063_C0032,500,63,32,13000.0,-52500.0,13500.0,-52000.0,13250.0,-52250.0,250000,250000.0,1.0,0,103.68010257599683,1.5699296109872016
JB0500_R0063_C0033,500,63,33,13500.0,-52500.0,14000.0,-52000.0,13750.0,-52250.0,250000,250000.0,1.0,0,103.68459582772456,1.5699290608953105
JB0500_R0063_C0034,500,63,34,14000.0,-52500.0,14500.0,-52000.0,14250.0,-52250.0,250000,250000.0,1.0,0,103.68908907944994,1.569928501088173
JB0500_R0063_C0035,500,63,35,14500.0,-52500.0,15000.0,-52000.0,14750.0,-52250.0,250000,250000.0,1.0,0,103.6935823311729,1.5699279315657926
JB0500_R0063_C0036,500,63,36,15000.0,-52500.0,15500.0,-52000.0,15250.0,-52250.0,250000,250000.0,1.0,0,103.69807558289341,1.5699273523281723
JB0500_R0063_C0037,500,63,37,15500.0,-52500.0,16000.0,-52000.0,15750.0,-52250.0,250000,250000.0,1.0,0,103.70256883461143,1.5699267633753164
JB0500_R0063_C0038,500,63,38,16000.0,-52500.0,16500.0,-52000.0,16250.0,-52250.0,250000,250000.0,1.0,0,103.7070620863269,1.5699261647072282
JB0500_R0063_C0039,500,63,39,16500.0,-52500.0,17000.0,-52000.0,16750.0,-52250.0,250000,250000.0,1.0,0,103.71155533803982,1.5699255563239112
JB0500_R0063_C0040,500,63,40,17000.0,-52500.0,17500.0,-52000.0,17250.0,-52250.0,250000,250000.0,1.0,0,103.7160485897501,1.5699249382253695
JB0500_R0063_C0041,500,63,41,17500.0,-52500.0,18000.0,-52000.0,17750.0,-52250.0,250000,250000.0,1.0,0,103.72054184145773,1.569924310411607
JB0500_R0063_C0042,500,63,42,18000.0,-52500.0,18500.0,-52000.0,18250.0,-52250.0,250000,250000.0,1.0,0,103.72503509316266,1.569923672882627
JB0500_R0063_C0043,500,63,43,18500.0,-52500.0,19000.0,-52000.0,18750.0,-52250.0,250000,250000.0,1.0,0,103.72952834486483,1.5699230256384336
JB0500_R0063_C0044,500,63,44,19000.0,-52500.0,19500.0,-52000.0,19250.0,-52250.0,250000,250000.0,1.0,0,103.73402159656423,1.5699223686790311
JB0500_R0063_C0045,500,63,45,19500.0,-52500.0,20000.0,-52000.0,19750.0,-52250.0,250000,250000.0,1.0,0,103.7385148482608,1.5699217020044234
JB0500_R0063_C0046,500,63,46,20000.0,-52500.0,20500.0,-52000.0,20250.0,-52250.0,250000,250000.0,1.0,0,103.7430080999545,1.5699210256146146
JB0500_R0063_C0047,500,63,47,20500.0,-52500.0,21000.0,-52000.0,20750.0,-52250.0,250000,250000.0,1.0,0,103.7475013516453,1.5699203395096089
JB0500_R0063_C0048,500,63,48,21000.0,-52500.0,21500.0,-52000.0,21250.0,-52250.0,250000,250000.0,1.0,0,103.75199460333315,1.5699196436894103
JB0500_R0063_C0049,500,63,49,21500.0,-52500.0,22000.0,-52000.0,21750.0,-52250.0,250000,250000.0,1.0,0,103.756487855018,1.569918938154023
JB0500_R0063_C0050,500,63,50,22000.0,-52500.0,22500.0,-52000.0,22250.0,-52250.0,250000,250000.0,1.0,0,103.7609811066998,1.569918222903452
JB0500_R0063_C0051,500,63,51,22500.0,-52500.0,23000.0,-52000.0,22750.0,-52250.0,250000,250000.0,1.0,0,103.76547435837855,1.5699174979377013
JB0500_R0063_C0052,500,63,52,23000.0,-52500.0,23500.0,-52000.0,23250.0,-52250.0,250000,250000.0,1.0,0,103.76996761005418,1.5699167632567752
JB0500_R0063_C0053,500,63,53,23500.0,-52500.0,24000.0,-52000.0,23750.0,-52250.0,250000,250000.0,1.0,0,103.77446086172665,1.5699160188606784
JB0500_R0063_C0054,500,63,54,24000.0,-52500.0,24500.0,-52000.0,24250.0,-52250.0,250000,250000.0,1.0,0,103.77895411339593,1.569915264749416
JB0500_R0063_C0055,500,63,55,24500.0,-52500.0,25000.0,-52000.0,24750.0,-52250.0,250000,250000.0,1.0,0,103.78344736506196,1.5699145009229913
JB0500_R0063_C0056,500,63,56,25000.0,-52500.0,25500.0,-52000.0,25250.0,-52250.0,250000,250000.0,1.0,0,103.78794061672471,1.5699137273814103
JB0500_R0063_C0057,500,63,57,25500.0,-52500.0,26000.0,-52000.0,25750.0,-52250.0,250000,250000.0,1.0,0,103.79243386838414,1.5699129441246773
JB0500_R0063_C0058,500,63,58,26000.0,-52500.0,26500.0,-52000.0,26250.0,-52250.0,250000,250000.0,1.0,0,103.79692712004018,1.5699121511527971
JB0500_R0063_C0059,500,63,59,26500.0,-52500.0,27000.0,-52000.0,26750.0,-52250.0,250000,250000.0,1.0,0,103.80142037169284,1.5699113484657745
JB0500_R0063_C0060,500,63,60,27000.0,-52500.0,27500.0,-52000.0,27250.0,-52250.0,250000,250000.0,1.0,0,103.80591362334204,1.5699105360636145
JB0500_R0063_C0061,500,63,61,27500.0,-52500.0,28000.0,-52000.0,27750.0,-52250.0,250000,250000.0,1.0,0,103.81040687498776,1.5699097139463223
JB0500_R0063_C0062,500,63,62,28000.0,-52500.0,28500.0,-52000.0,28250.0,-52250.0,250000,250000.0,1.0,0,103.81490012662995,1.5699088821139027
JB0500_R0063_C0063,500,63,63,28500.0,-52500.0,29000.0,-52000.0,28750.0,-52250.0,250000,250000.0,1.0,0,103.81939337826856,1.569908040566361
JB0500_R0063_C0064,500,63,64,29000.0,-52500.0,29500.0,-52000.0,29250.0,-52250.0,250000,250000.0,1.0,0,103.82388662990355,1.5699071893037022
JB0500_R0063_C0065,500,63,65,29500.0,-52500.0,30000.0,-52000.0,29750.0,-52250.0,250000,250000.0,1.0,0,103.8283798815349,1.5699063283259318
JB0500_R0063_C0066,500,63,66,30000.0,-52500.0,30500.0,-52000.0,30250.0,-52250.0,250000,250000.0,1.0,0,103.83287313316254,1.5699054576330551
JB0500_R0063_C0067,500,63,67,30500.0,-52500.0,31000.0,-52000.0,30750.0,-52250.0,250000,250000.0,1.0,0,103.83736638478643,1.569904577225077
JB0500_R0063_C0068,500,63,68,31000.0,-52500.0,31500.0,-52000.0,31250.0,-52250.0,250000,250000.0,1.0,0,103.84185963640658,1.5699036871020036
JB0500_R0063_C0069,500,63,69,31500.0,-52500.0,32000.0,-52000.0,31750.0,-52250.0,250000,250000.0,1.0,0,103.84635288802288,1.5699027872638398
JB0500_R0063_C0070,500,63,70,32000.0,-52500.0,32500.0,-52000.0,32250.0,-52250.0,250000,250000.0,1.0,0,103.85084613963532,1.5699018777105915
JB0500_R0063_C0071,500,63,71,32500.0,-52500.0,33000.0,-52000.0,32750.0,-52250.0,250000,250000.0,1.0,0,103.85533939124386,1.569900958442264
JB0500_R0063_C0072,500,63,72,33000.0,-52500.0,33500.0,-52000.0,33250.0,-52250.0,250000,250000.0,1.0,0,103.85983264284845,1.5699000294588634
JB0500_R0063_C0073,500,63,73,33500.0,-52500.0,34000.0,-52000.0,33750.0,-52250.0,250000,250000.0,1.0,0,103.86432589444905,1.569899090760395
JB0500_R0063_C0074,500,63,74,34000.0,-52500.0,34500.0,-52000.0,34250.0,-52250.0,250000,250000.0,1.0,0,103.86881914604562,1.5698981423468648
JB0500_R0063_C0075,500,63,75,34500.0,-52500.0,35000.0,-52000.0,34750.0,-52250.0,250000,250000.0,1.0,0,103.87331239763813,1.5698971842182785
JB0500_R0063_C0076,500,63,76,35000.0,-52500.0,35500.0,-52000.0,35250.0,-52250.0,250000,250000.0,1.0,0,103.87780564922653,1.5698962163746422
JB0500_R0063_C0077,500,63,77,35500.0,-52500.0,36000.0,-52000.0,35750.0,-52250.0,250000,250000.0,1.0,0,103.88229890081077,1.5698952388159617
JB0500_R0063_C0078,500,63,78,36000.0,-52500.0,36500.0,-52000.0,36250.0,-52250.0,250000,250000.0,1.0,0,103.88679215239083,1.5698942515422432
JB0500_R0063_C0079,500,63,79,36500.0,-52500.0,37000.0,-52000.0,36750.0,-52250.0,250000,250000.0,1.0,0,103.89128540396662,1.5698932545534925
JB0500_R0063_C0080,500,63,80,37000.0,-52500.0,37500.0,-52000.0,37250.0,-52250.0,250000,250000.0,1.0,0,103.89577865553815,1.5698922478497157
JB0500_R0063_C0081,500,63,81,37500.0,-52500.0,38000.0,-52000.0,37750.0,-52250.0,250000,250000.0,1.0,0,103.90027190710536,1.5698912314309197
JB0500_R0063_C0082,500,63,82,38000.0,-52500.0,38500.0,-52000.0,38250.0,-52250.0,250000,250000.0,1.0,0,103.90476515866821,1.56989020529711
JB0500_R0063_C0083,500,63,83,38500.0,-52500.0,39000.0,-52000.0,38750.0,-52250.0,250000,250000.0,1.0,0,103.90925841022667,1.5698891694482928
JB0500_R0063_C0084,500,63,84,39000.0,-52500.0,39500.0,-52000.0,39250.0,-52250.0,250000,250000.0,1.0,0,103.91375166178068,1.5698881238844753
JB0500_R0063_C0085,500,63,85,39500.0,-52500.0,40000.0,-52000.0,39750.0,-52250.0,250000,250000.0,1.0,0,103.9182449133302,1.5698870686056634
JB0500_R0063_C0086,500,63,86,40000.0,-52500.0,40500.0,-52000.0,40250.0,-52250.0,250000,250000.0,1.0,0,103.9227381648752,1.5698860036118638
JB0500_R0063_C0087,500,63,87,40500.0,-52500.0,41000.0,-52000.0,40750.0,-52250.0,250000,250000.0,1.0,0,103.92723141641561,1.5698849289030827
JB0500_R0063_C0088,500,63,88,41000.0,-52500.0,41500.0,-52000.0,41250.0,-52250.0,250000,250000.0,1.0,0,103.93172466795144,1.5698838444793273
JB0500_R0063_C0089,500,63,89,41500.0,-52500.0,42000.0,-52000.0,41750.0,-52250.0,250000,250000.0,1.0,0,103.9362179194826,1.5698827503406036
JB0500_R0063_C0090,500,63,90,42000.0,-52500.0,42500.0,-52000.0,42250.0,-52250.0,250000,250000.0,1.0,0,103.94071117100907,1.569881646486919
JB0500_R0063_C0091,500,63,91,42500.0,-52500.0,43000.0,-52000.0,42750.0,-52250.0,250000,250000.0,1.0,0,103.94520442253081,1.5698805329182797
JB0500_R0063_C0092,500,63,92,43000.0,-52500.0,43500.0,-52000.0,43250.0,-52250.0,250000,250000.0,1.0,0,103.94969767404777,1.569879409634693
JB0500_R0063_C0093,500,63,93,43500.0,-52500.0,44000.0,-52000.0,43750.0,-52250.0,250000,250000.0,1.0,0,103.95419092555993,1.5698782766361659
JB0500_R0063_C0094,500,63,94,44000.0,-52500.0,44500.0,-52000.0,44250.0,-52250.0,250000,250000.0,1.0,0,103.95868417706721,1.5698771339227047
JB0500_R0063_C0095,500,63,95,44500.0,-52500.0,45000.0,-52000.0,44750.0,-52250.0,250000,250000.0,1.0,0,103.96317742856961,1.569875981494317
JB0500_R0063_C0096,500,63,96,45000.0,-52500.0,45500.0,-52000.0,45250.0,-52250.0,250000,250000.0,1.0,0,103.96767068006704,1.5698748193510101
JB0500_R0063_C0097,500,63,97,45500.0,-52500.0,46000.0,-52000.0,45750.0,-52250.0,250000,250000.0,1.0,0,103.97216393155952,1.5698736474927906
JB0500_R0063_C0098,500,63,98,46000.0,-52500.0,46500.0,-52000.0,46250.0,-52250.0,250000,250000.0,1.0,0,103.97665718304695,1.569872465919666
JB0500_R0063_C0099,500,63,99,46500.0,-52500.0,47000.0,-52000.0,46750.0,-52250.0,250000,250000.0,1.0,0,103.98115043452933,1.5698712746316434
JB0500_R0063_C0100,500,63,100,47000.0,-52500.0,47500.0,-52000.0,47250.0,-52250.0,250000,250000.0,1.0,0,103.9856436860066,1.5698700736287305
JB0500_R0063_C0101,500,63,101,47500.0,-52500.0,48000.0,-52000.0,47750.0,-52250.0,250000,250000.0,1.0,0,103.99013693747872,1.5698688629109343
JB0500_R0063_C0102,500,63,102,48000.0,-52500.0,48500.0,-52000.0,48250.0,-52250.0,250000,250000.0,1.0,0,103.99463018894564,1.5698676424782627
JB0500_R0063_C0103,500,63,103,48500.0,-52500.0,49000.0,-52000.0,48750.0,-52250.0,250000,250000.0,1.0,0,103.99912344040733,1.5698664123307227
JB0500_R0063_C0104,500,63,104,49000.0,-52500.0,49500.0,-52000.0,49250.0,-52250.0,250000,250000.0,1.0,0,104.00361669186375,1.5698651724683221
JB0500_R0063_C0105,500,63,105,49500.0,-52500.0,50000.0,-52000.0,49750.0,-52250.0,250000,227877.81483047875,0.911511259321915,1,104.00810994331486,1.5698639228910687
JB0500_R0063_C0106,500,63,106,50000.0,-52500.0,50500.0,-52000.0,50250.0,-52250.0,250000,12908.93378265812,0.05163573513063248,1,104.01260319476063,1.5698626635989699
JB0500_R0064_C0027,500,64,27,10500.0,-52000.0,11000.0,-51500.0,10750.0,-51750.0,250000,25589.53871913634,0.10235815487654536,1,103.6576368115525,1.5744539923405847
JB0500_R0064_C0028,500,64,28,11000.0,-52000.0,11500.0,-51500.0,11250.0,-51750.0,250000,236736.88988941585,0.9469475595576634,1,103.66213007295906,1.5744534893797946
JB0500_R0064_C0029,500,64,29,11500.0,-52000.0,12000.0,-51500.0,11750.0,-51750.0,250000,250000.0,1.0,0,103.66662333436344,1.574452976675746
JB0500_R0064_C0030,500,64,30,12000.0,-52000.0,12500.0,-51500.0,12250.0,-51750.0,250000,250000.0,1.0,0,103.67111659576558,1.5744524542284417
JB0500_R0064_C0031,500,64,31,12500.0,-52000.0,13000.0,-51500.0,12750.0,-51750.0,250000,250000.0,1.0,0,103.6756098571655,1.5744519220378854
JB0500_R0064_C0032,500,64,32,13000.0,-52000.0,13500.0,-51500.0,13250.0,-51750.0,250000,250000.0,1.0,0,103.6801031185631,1.57445138010408
JB0500_R0064_C0033,500,64,33,13500.0,-52000.0,14000.0,-51500.0,13750.0,-51750.0,250000,250000.0,1.0,0,103.68459637995835,1.5744508284270293
JB0500_R0064_C0034,500,64,34,14000.0,-52000.0,14500.0,-51500.0,14250.0,-51750.0,250000,250000.0,1.0,0,103.68908964135123,1.5744502670067364
JB0500_R0064_C0035,500,64,35,14500.0,-52000.0,15000.0,-51500.0,14750.0,-51750.0,250000,250000.0,1.0,0,103.69358290274167,1.5744496958432048
JB0500_R0064_C0036,500,64,36,15000.0,-52000.0,15500.0,-51500.0,15250.0,-51750.0,250000,250000.0,1.0,0,103.69807616412966,1.574449114936438
JB0500_R0064_C0037,500,64,37,15500.0,-52000.0,16000.0,-51500.0,15750.0,-51750.0,250000,250000.0,1.0,0,103.70256942551514,1.5744485242864394
JB0500_R0064_C0038,500,64,38,16000.0,-52000.0,16500.0,-51500.0,16250.0,-51750.0,250000,250000.0,1.0,0,103.70706268689806,1.574447923893213
JB0500_R0064_C0039,500,64,39,16500.0,-52000.0,17000.0,-51500.0,16750.0,-51750.0,250000,250000.0,1.0,0,103.71155594827839,1.5744473137567623
JB0500_R0064_C0040,500,64,40,17000.0,-52000.0,17500.0,-51500.0,17250.0,-51750.0,250000,250000.0,1.0,0,103.71604920965609,1.5744466938770911
JB0500_R0064_C0041,500,64,41,17500.0,-52000.0,18000.0,-51500.0,17750.0,-51750.0,250000,250000.0,1.0,0,103.72054247103111,1.574446064254203
JB0500_R0064_C0042,500,64,42,18000.0,-52000.0,18500.0,-51500.0,18250.0,-51750.0,250000,250000.0,1.0,0,103.72503573240343,1.5744454248881026
JB0500_R0064_C0043,500,64,43,18500.0,-52000.0,19000.0,-51500.0,18750.0,-51750.0,250000,250000.0,1.0,0,103.72952899377296,1.5744447757787927
JB0500_R0064_C0044,500,64,44,19000.0,-52000.0,19500.0,-51500.0,19250.0,-51750.0,250000,250000.0,1.0,0,103.73402225513972,1.5744441169262784
JB0500_R0064_C0045,500,64,45,19500.0,-52000.0,20000.0,-51500.0,19750.0,-51750.0,250000,250000.0,1.0,0,103.73851551650363,1.5744434483305632
JB0500_R0064_C0046,500,64,46,20000.0,-52000.0,20500.0,-51500.0,20250.0,-51750.0,250000,250000.0,1.0,0,103.74300877786465,1.574442769991651
JB0500_R0064_C0047,500,64,47,20500.0,-52000.0,21000.0,-51500.0,20750.0,-51750.0,250000,250000.0,1.0,0,103.74750203922274,1.5744420819095464
JB0500_R0064_C0048,500,64,48,21000.0,-52000.0,21500.0,-51500.0,21250.0,-51750.0,250000,250000.0,1.0,0,103.75199530057786,1.5744413840842535
JB0500_R0064_C0049,500,64,49,21500.0,-52000.0,22000.0,-51500.0,21750.0,-51750.0,250000,250000.0,1.0,0,103.75648856192998,1.5744406765157768
JB0500_R0064_C0050,500,64,50,22000.0,-52000.0,22500.0,-51500.0,22250.0,-51750.0,250000,250000.0,1.0,0,103.76098182327905,1.5744399592041203
JB0500_R0064_C0051,500,64,51,22500.0,-52000.0,23000.0,-51500.0,22750.0,-51750.0,250000,250000.0,1.0,0,103.76547508462504,1.5744392321492884
JB0500_R0064_C0052,500,64,52,23000.0,-52000.0,23500.0,-51500.0,23250.0,-51750.0,250000,250000.0,1.0,0,103.76996834596787,1.574438495351286
JB0500_R0064_C0053,500,64,53,23500.0,-52000.0,24000.0,-51500.0,23750.0,-51750.0,250000,250000.0,1.0,0,103.77446160730754,1.5744377488101173
JB0500_R0064_C0054,500,64,54,24000.0,-52000.0,24500.0,-51500.0,24250.0,-51750.0,250000,250000.0,1.0,0,103.77895486864398,1.574436992525787
JB0500_R0064_C0055,500,64,55,24500.0,-52000.0,25000.0,-51500.0,24750.0,-51750.0,250000,250000.0,1.0,0,103.78344812997717,1.5744362264982998
JB0500_R0064_C0056,500,64,56,25000.0,-52000.0,25500.0,-51500.0,25250.0,-51750.0,250000,250000.0,1.0,0,103.78794139130706,1.5744354507276606
JB0500_R0064_C0057,500,64,57,25500.0,-52000.0,26000.0,-51500.0,25750.0,-51750.0,250000,250000.0,1.0,0,103.7924346526336,1.5744346652138737
JB0500_R0064_C0058,500,64,58,26000.0,-52000.0,26500.0,-51500.0,26250.0,-51750.0,250000,250000.0,1.0,0,103.79692791395676,1.5744338699569442
JB0500_R0064_C0059,500,64,59,26500.0,-52000.0,27000.0,-51500.0,26750.0,-51750.0,250000,250000.0,1.0,0,103.8014211752765,1.574433064956877
JB0500_R0064_C0060,500,64,60,27000.0,-52000.0,27500.0,-51500.0,27250.0,-51750.0,250000,250000.0,1.0,0,103.80591443659276,1.574432250213677
JB0500_R0064_C0061,500,64,61,27500.0,-52000.0,28000.0,-51500.0,27750.0,-51750.0,250000,250000.0,1.0,0,103.81040769790553,1.5744314257273493
JB0500_R0064_C0062,500,64,62,28000.0,-52000.0,28500.0,-51500.0,28250.0,-51750.0,250000,250000.0,1.0,0,103.81490095921473,1.5744305914978989
JB0500_R0064_C0063,500,64,63,28500.0,-52000.0,29000.0,-51500.0,28750.0,-51750.0,250000,250000.0,1.0,0,103.81939422052034,1.574429747525331
JB0500_R0064_C0064,500,64,64,29000.0,-52000.0,29500.0,-51500.0,29250.0,-51750.0,250000,250000.0,1.0,0,103.82388748182231,1.574428893809651
JB0500_R0064_C0065,500,64,65,29500.0,-52000.0,30000.0,-51500.0,29750.0,-51750.0,250000,250000.0,1.0,0,103.8283807431206,1.5744280303508638
JB0500_R0064_C0066,500,64,66,30000.0,-52000.0,30500.0,-51500.0,30250.0,-51750.0,250000,250000.0,1.0,0,103.83287400441519,1.5744271571489747
JB0500_R0064_C0067,500,64,67,30500.0,-52000.0,31000.0,-51500.0,30750.0,-51750.0,250000,250000.0,1.0,0,103.83736726570602,1.5744262742039894
JB0500_R0064_C0068,500,64,68,31000.0,-52000.0,31500.0,-51500.0,31250.0,-51750.0,250000,250000.0,1.0,0,103.84186052699303,1.5744253815159133
JB0500_R0064_C0069,500,64,69,31500.0,-52000.0,32000.0,-51500.0,31750.0,-51750.0,250000,250000.0,1.0,0,103.84635378827622,1.5744244790847512
JB0500_R0064_C0070,500,64,70,32000.0,-52000.0,32500.0,-51500.0,32250.0,-51750.0,250000,250000.0,1.0,0,103.8508470495555,1.5744235669105098
JB0500_R0064_C0071,500,64,71,32500.0,-52000.0,33000.0,-51500.0,32750.0,-51750.0,250000,250000.0,1.0,0,103.85534031083087,1.5744226449931942
JB0500_R0064_C0072,500,64,72,33000.0,-52000.0,33500.0,-51500.0,33250.0,-51750.0,250000,250000.0,1.0,0,103.85983357210226,1.5744217133328096
JB0500_R0064_C0073,500,64,73,33500.0,-52000.0,34000.0,-51500.0,33750.0,-51750.0,250000,250000.0,1.0,0,103.86432683336965,1.5744207719293624
JB0500_R0064_C0074,500,64,74,34000.0,-52000.0,34500.0,-51500.0,34250.0,-51750.0,250000,250000.0,1.0,0,103.86882009463298,1.5744198207828581
JB0500_R0064_C0075,500,64,75,34500.0,-52000.0,35000.0,-51500.0,34750.0,-51750.0,250000,250000.0,1.0,0,103.87331335589222,1.5744188598933027
JB0500_R0064_C0076,500,64,76,35000.0,-52000.0,35500.0,-51500.0,35250.0,-51750.0,250000,250000.0,1.0,0,103.87780661714731,1.574417889260702
JB0500_R0064_C0077,500,64,77,35500.0,-52000.0,36000.0,-51500.0,35750.0,-51750.0,250000,250000.0,1.0,0,103.88229987839824,1.5744169088850621
JB0500_R0064_C0078,500,64,78,36000.0,-52000.0,36500.0,-51500.0,36250.0,-51750.0,250000,250000.0,1.0,0,103.88679313964495,1.5744159187663886
JB0500_R0064_C0079,500,64,79,36500.0,-52000.0,37000.0,-51500.0,36750.0,-51750.0,250000,250000.0,1.0,0,103.8912864008874,1.5744149189046883
JB0500_R0064_C0080,500,64,80,37000.0,-52000.0,37500.0,-51500.0,37250.0,-51750.0,250000,250000.0,1.0,0,103.89577966212555,1.5744139092999672
JB0500_R0064_C0081,500,64,81,37500.0,-52000.0,38000.0,-51500.0,37750.0,-51750.0,250000,250000.0,1.0,0,103.90027292335934,1.574412889952231
JB0500_R0064_C0082,500,64,82,38000.0,-52000.0,38500.0,-51500.0,38250.0,-51750.0,250000,250000.0,1.0,0,103.90476618458877,1.5744118608614863
JB0500_R0064_C0083,500,64,83,38500.0,-52000.0,39000.0,-51500.0,38750.0,-51750.0,250000,250000.0,1.0,0,103.90925944581375,1.5744108220277397
JB0500_R0064_C0084,500,64,84,39000.0,-52000.0,39500.0,-51500.0,39250.0,-51750.0,250000,250000.0,1.0,0,103.91375270703426,1.5744097734509972
JB0500_R0064_C0085,500,64,85,39500.0,-52000.0,40000.0,-51500.0,39750.0,-51750.0,250000,250000.0,1.0,0,103.91824596825026,1.5744087151312653
JB0500_R0064_C0086,500,64,86,40000.0,-52000.0,40500.0,-51500.0,40250.0,-51750.0,250000,250000.0,1.0,0,103.92273922946171,1.5744076470685509
JB0500_R0064_C0087,500,64,87,40500.0,-52000.0,41000.0,-51500.0,40750.0,-51750.0,250000,250000.0,1.0,0,103.92723249066859,1.57440656926286
JB0500_R0064_C0088,500,64,88,41000.0,-52000.0,41500.0,-51500.0,41250.0,-51750.0,250000,250000.0,1.0,0,103.93172575187081,1.5744054817141997
JB0500_R0064_C0089,500,64,89,41500.0,-52000.0,42000.0,-51500.0,41750.0,-51750.0,250000,250000.0,1.0,0,103.93621901306835,1.5744043844225764
JB0500_R0064_C0090,500,64,90,42000.0,-52000.0,42500.0,-51500.0,42250.0,-51750.0,250000,250000.0,1.0,0,103.94071227426117,1.5744032773879972
JB0500_R0064_C0091,500,64,91,42500.0,-52000.0,43000.0,-51500.0,42750.0,-51750.0,250000,250000.0,1.0,0,103.94520553544923,1.5744021606104686
JB0500_R0064_C0092,500,64,92,43000.0,-52000.0,43500.0,-51500.0,43250.0,-51750.0,250000,250000.0,1.0,0,103.9496987966325,1.5744010340899979
JB0500_R0064_C0093,500,64,93,43500.0,-52000.0,44000.0,-51500.0,43750.0,-51750.0,250000,250000.0,1.0,0,103.95419205781091,1.5743998978265914
JB0500_R0064_C0094,500,64,94,44000.0,-52000.0,44500.0,-51500.0,44250.0,-51750.0,250000,250000.0,1.0,0,103.95868531898445,1.5743987518202565
JB0500_R0064_C0095,500,64,95,44500.0,-52000.0,45000.0,-51500.0,44750.0,-51750.0,250000,250000.0,1.0,0,103.96317858015306,1.5743975960710002
JB0500_R0064_C0096,500,64,96,45000.0,-52000.0,45500.0,-51500.0,45250.0,-51750.0,250000,250000.0,1.0,0,103.96767184131669,1.5743964305788296
JB0500_R0064_C0097,500,64,97,45500.0,-52000.0,46000.0,-51500.0,45750.0,-51750.0,250000,250000.0,1.0,0,103.9721651024753,1.574395255343752
JB0500_R0064_C0098,500,64,98,46000.0,-52000.0,46500.0,-51500.0,46250.0,-51750.0,250000,250000.0,1.0,0,103.97665836362887,1.5743940703657744
JB0500_R0064_C0099,500,64,99,46500.0,-52000.0,47000.0,-51500.0,46750.0,-51750.0,250000,250000.0,1.0,0,103.98115162477734,1.5743928756449042
JB0500_R0064_C0100,500,64,100,47000.0,-52000.0,47500.0,-51500.0,47250.0,-51750.0,250000,250000.0,1.0,0,103.98564488592068,1.574391671181149
JB0500_R0064_C0101,500,64,101,47500.0,-52000.0,48000.0,-51500.0,47750.0,-51750.0,250000,250000.0,1.0,0,103.99013814705884,1.5743904569745157
JB0500_R0064_C0102,500,64,102,48000.0,-52000.0,48500.0,-51500.0,48250.0,-51750.0,250000,250000.0,1.0,0,103.99463140819178,1.5743892330250122
JB0500_R0064_C0103,500,64,103,48500.0,-52000.0,49000.0,-51500.0,48750.0,-51750.0,250000,250000.0,1.0,0,103.99912466931944,1.5743879993326462
JB0500_R0064_C0104,500,64,104,49000.0,-52000.0,49500.0,-51500.0,49250.0,-51750.0,250000,233322.27410893206,0.9332890964357282,1,104.00361793044182,1.5743867558974247
JB0500_R0064_C0105,500,64,105,49500.0,-52000.0,50000.0,-51500.0,49750.0,-51750.0,250000,47753.55370881492,0.19101421483525968,1,104.00811119155885,1.5743855027193558
JB0500_R0065_C0027,500,65,27,10500.0,-51500.0,11000.0,-51000.0,10750.0,-51250.0,250000,135996.9410701668,0.5439877642806672,1,103.65763730720424,1.578975768766328
JB0500_R0065_C0028,500,65,28,11000.0,-51500.0,11500.0,-51000.0,11250.0,-51250.0,250000,250000.0,1.0,0,103.6621305783062,1.578975264360351
JB0500_R0065_C0029,500,65,29,11500.0,-51500.0,12000.0,-51000.0,11750.0,-51250.0,250000,250000.0,1.0,0,103.666623849406,1.5789747501831193
JB0500_R0065_C0030,500,65,30,12000.0,-51500.0,12500.0,-51000.0,12250.0,-51250.0,250000,250000.0,1.0,0,103.67111712050354,1.5789742262346365
JB0500_R0065_C0031,500,65,31,12500.0,-51500.0,13000.0,-51000.0,12750.0,-51250.0,250000,250000.0,1.0,0,103.67561039159882,1.5789736925149056
JB0500_R0065_C0032,500,65,32,13000.0,-51500.0,13500.0,-51000.0,13250.0,-51250.0,250000,250000.0,1.0,0,103.68010366269179,1.57897314902393
JB0500_R0065_C0033,500,65,33,13500.0,-51500.0,14000.0,-51000.0,13750.0,-51250.0,250000,250000.0,1.0,0,103.6845969337824,1.5789725957617131
JB0500_R0065_C0034,500,65,34,14000.0,-51500.0,14500.0,-51000.0,14250.0,-51250.0,250000,250000.0,1.0,0,103.68909020487061,1.5789720327282581
JB0500_R0065_C0035,500,65,35,14500.0,-51500.0,15000.0,-51000.0,14750.0,-51250.0,250000,250000.0,1.0,0,103.69358347595639,1.5789714599235687
JB0500_R0065_C0036,500,65,36,15000.0,-51500.0,15500.0,-51000.0,15250.0,-51250.0,250000,250000.0,1.0,0,103.69807674703969,1.578970877347648
JB0500_R0065_C0037,500,65,37,15500.0,-51500.0,16000.0,-51000.0,15750.0,-51250.0,250000,250000.0,1.0,0,103.70257001812045,1.5789702850005
JB0500_R0065_C0038,500,65,38,16000.0,-51500.0,16500.0,-51000.0,16250.0,-51250.0,250000,250000.0,1.0,0,103.70706328919867,1.5789696828821285
JB0500_R0065_C0039,500,65,39,16500.0,-51500.0,17000.0,-51000.0,16750.0,-51250.0,250000,250000.0,1.0,0,103.71155656027427,1.5789690709925366
JB0500_R0065_C0040,500,65,40,17000.0,-51500.0,17500.0,-51000.0,17250.0,-51250.0,250000,250000.0,1.0,0,103.7160498313472,1.5789684493317284
JB0500_R0065_C0041,500,65,41,17500.0,-51500.0,18000.0,-51000.0,17750.0,-51250.0,250000,250000.0,1.0,0,103.72054310241748,1.578967817899708
JB0500_R0065_C0042,500,65,42,18000.0,-51500.0,18500.0,-51000.0,18250.0,-51250.0,250000,250000.0,1.0,0,103.72503637348501,1.578967176696479
JB0500_R0065_C0043,500,65,43,18500.0,-51500.0,19000.0,-51000.0,18750.0,-51250.0,250000,250000.0,1.0,0,103.72952964454976,1.5789665257220453
JB0500_R0065_C0044,500,65,44,19000.0,-51500.0,19500.0,-51000.0,19250.0,-51250.0,250000,250000.0,1.0,0,103.73402291561169,1.578965864976411
JB0500_R0065_C0045,500,65,45,19500.0,-51500.0,20000.0,-51000.0,19750.0,-51250.0,250000,250000.0,1.0,0,103.73851618667076,1.5789651944595802
JB0500_R0065_C0046,500,65,46,20000.0,-51500.0,20500.0,-51000.0,20250.0,-51250.0,250000,250000.0,1.0,0,103.74300945772696,1.578964514171557
JB0500_R0065_C0047,500,65,47,20500.0,-51500.0,21000.0,-51000.0,20750.0,-51250.0,250000,250000.0,1.0,0,103.74750272878019,1.5789638241123454
JB0500_R0065_C0048,500,65,48,21000.0,-51500.0,21500.0,-51000.0,21250.0,-51250.0,250000,250000.0,1.0,0,103.75199599983044,1.57896312428195
JB0500_R0065_C0049,500,65,49,21500.0,-51500.0,22000.0,-51000.0,21750.0,-51250.0,250000,250000.0,1.0,0,103.75648927087767,1.578962414680375
JB0500_R0065_C0050,500,65,50,22000.0,-51500.0,22500.0,-51000.0,22250.0,-51250.0,250000,250000.0,1.0,0,103.76098254192182,1.5789616953076244
JB0500_R0065_C0051,500,65,51,22500.0,-51500.0,23000.0,-51000.0,22750.0,-51250.0,250000,250000.0,1.0,0,103.76547581296288,1.5789609661637032
JB0500_R0065_C0052,500,65,52,23000.0,-51500.0,23500.0,-51000.0,23250.0,-51250.0,250000,250000.0,1.0,0,103.76996908400076,1.5789602272486156
JB0500_R0065_C0053,500,65,53,23500.0,-51500.0,24000.0,-51000.0,23750.0,-51250.0,250000,250000.0,1.0,0,103.77446235503547,1.5789594785623662
JB0500_R0065_C0054,500,65,54,24000.0,-51500.0,24500.0,-51000.0,24250.0,-51250.0,250000,250000.0,1.0,0,103.77895562606692,1.5789587201049595
JB0500_R0065_C0055,500,65,55,24500.0,-51500.0,25000.0,-51000.0,24750.0,-51250.0,250000,250000.0,1.0,0,103.78344889709511,1.5789579518764003
JB0500_R0065_C0056,500,65,56,25000.0,-51500.0,25500.0,-51000.0,25250.0,-51250.0,250000,250000.0,1.0,0,103.78794216811997,1.5789571738766934
JB0500_R0065_C0057,500,65,57,25500.0,-51500.0,26000.0,-51000.0,25750.0,-51250.0,250000,250000.0,1.0,0,103.79243543914149,1.5789563861058435
JB0500_R0065_C0058,500,65,58,26000.0,-51500.0,26500.0,-51000.0,26250.0,-51250.0,250000,250000.0,1.0,0,103.79692871015958,1.5789555885638553
JB0500_R0065_C0059,500,65,59,26500.0,-51500.0,27000.0,-51000.0,26750.0,-51250.0,250000,250000.0,1.0,0,103.80142198117423,1.578954781250734
JB0500_R0065_C0060,500,65,60,27000.0,-51500.0,27500.0,-51000.0,27250.0,-51250.0,250000,250000.0,1.0,0,103.80591525218539,1.5789539641664845
JB0500_R0065_C0061,500,65,61,27500.0,-51500.0,28000.0,-51000.0,27750.0,-51250.0,250000,250000.0,1.0,0,103.81040852319303,1.5789531373111114
JB0500_R0065_C0062,500,65,62,28000.0,-51500.0,28500.0,-51000.0,28250.0,-51250.0,250000,250000.0,1.0,0,103.8149017941971,1.5789523006846204
JB0500_R0065_C0063,500,65,63,28500.0,-51500.0,29000.0,-51000.0,28750.0,-51250.0,250000,250000.0,1.0,0,103.81939506519754,1.5789514542870164
JB0500_R0065_C0064,500,65,64,29000.0,-51500.0,29500.0,-51000.0,29250.0,-51250.0,250000,250000.0,1.0,0,103.82388833619433,1.5789505981183047
JB0500_R0065_C0065,500,65,65,29500.0,-51500.0,30000.0,-51000.0,29750.0,-51250.0,250000,250000.0,1.0,0,103.82838160718744,1.5789497321784904
JB0500_R0065_C0066,500,65,66,30000.0,-51500.0,30500.0,-51000.0,30250.0,-51250.0,250000,250000.0,1.0,0,103.8328748781768,1.5789488564675789
JB0500_R0065_C0067,500,65,67,30500.0,-51500.0,31000.0,-51000.0,30750.0,-51250.0,250000,250000.0,1.0,0,103.83736814916236,1.5789479709855758
JB0500_R0065_C0068,500,65,68,31000.0,-51500.0,31500.0,-51000.0,31250.0,-51250.0,250000,250000.0,1.0,0,103.84186142014411,1.5789470757324862
JB0500_R0065_C0069,500,65,69,31500.0,-51500.0,32000.0,-51000.0,31750.0,-51250.0,250000,250000.0,1.0,0,103.84635469112199,1.5789461707083159
JB0500_R0065_C0070,500,65,70,32000.0,-51500.0,32500.0,-51000.0,32250.0,-51250.0,250000,250000.0,1.0,0,103.85084796209597,1.5789452559130703
JB0500_R0065_C0071,500,65,71,32500.0,-51500.0,33000.0,-51000.0,32750.0,-51250.0,250000,250000.0,1.0,0,103.855341233066,1.578944331346755
JB0500_R0065_C0072,500,65,72,33000.0,-51500.0,33500.0,-51000.0,33250.0,-51250.0,250000,250000.0,1.0,0,103.85983450403204,1.578943397009376
JB0500_R0065_C0073,500,65,73,33500.0,-51500.0,34000.0,-51000.0,33750.0,-51250.0,250000,250000.0,1.0,0,103.86432777499404,1.5789424529009388
JB0500_R0065_C0074,500,65,74,34000.0,-51500.0,34500.0,-51000.0,34250.0,-51250.0,250000,250000.0,1.0,0,103.86882104595196,1.5789414990214492
JB0500_R0065_C0075,500,65,75,34500.0,-51500.0,35000.0,-51000.0,34750.0,-51250.0,250000,250000.0,1.0,0,103.87331431690578,1.5789405353709132
JB0500_R0065_C0076,500,65,76,35000.0,-51500.0,35500.0,-51000.0,35250.0,-51250.0,250000,250000.0,1.0,0,103.87780758785543,1.5789395619493367
JB0500_R0065_C0077,500,65,77,35500.0,-51500.0,36000.0,-51000.0,35750.0,-51250.0,250000,250000.0,1.0,0,103.88230085880087,1.5789385787567256
JB0500_R0065_C0078,500,65,78,36000.0,-51500.0,36500.0,-51000.0,36250.0,-51250.0,250000,250000.0,1.0,0,103.88679412974209,1.578937585793086
JB0500_R0065_C0079,500,65,79,36500.0,-51500.0,37000.0,-51000.0,36750.0,-51250.0,250000,250000.0,1.0,0,103.891287400679,1.578936583058424
JB0500_R0065_C0080,500,65,80,37000.0,-51500.0,37500.0,-51000.0,37250.0,-51250.0,250000,250000.0,1.0,0,103.89578067161159,1.5789355705527461
JB0500_R0065_C0081,500,65,81,37500.0,-51500.0,38000.0,-51000.0,37750.0,-51250.0,250000,250000.0,1.0,0,103.90027394253983,1.5789345482760582
JB0500_R0065_C0082,500,65,82,38000.0,-51500.0,38500.0,-51000.0,38250.0,-51250.0,250000,250000.0,1.0,0,103.90476721346363,1.5789335162283664
JB0500_R0065_C0083,500,65,83,38500.0,-51500.0,39000.0,-51000.0,38750.0,-51250.0,250000,250000.0,1.0,0,103.909260484383,1.5789324744096775
JB0500_R0065_C0084,500,65,84,39000.0,-51500.0,39500.0,-51000.0,39250.0,-51250.0,250000,250000.0,1.0,0,103.91375375529785,1.5789314228199975
JB0500_R0065_C0085,500,65,85,39500.0,-51500.0,40000.0,-51000.0,39750.0,-51250.0,250000,250000.0,1.0,0,103.91824702620819,1.5789303614593335
JB0500_R0065_C0086,500,65,86,40000.0,-51500.0,40500.0,-51000.0,40250.0,-51250.0,250000,250000.0,1.0,0,103.92274029711393,1.5789292903276912
JB0500_R0065_C0087,500,65,87,40500.0,-51500.0,41000.0,-51000.0,40750.0,-51250.0,250000,250000.0,1.0,0,103.92723356801507,1.578928209425078
JB0500_R0065_C0088,500,65,88,41000.0,-51500.0,41500.0,-51000.0,41250.0,-51250.0,250000,250000.0,1.0,0,103.93172683891153,1.5789271187515002
JB0500_R0065_C0089,500,65,89,41500.0,-51500.0,42000.0,-51000.0,41750.0,-51250.0,250000,250000.0,1.0,0,103.9362201098033,1.5789260183069644
JB0500_R0065_C0090,500,65,90,42000.0,-51500.0,42500.0,-51000.0,42250.0,-51250.0,250000,250000.0,1.0,0,103.9407133806903,1.5789249080914773
JB0500_R0065_C0091,500,65,91,42500.0,-51500.0,43000.0,-51000.0,42750.0,-51250.0,250000,250000.0,1.0,0,103.94520665157252,1.5789237881050462
JB0500_R0065_C0092,500,65,92,43000.0,-51500.0,43500.0,-51000.0,43250.0,-51250.0,250000,250000.0,1.0,0,103.94969992244992,1.5789226583476776
JB0500_R0065_C0093,500,65,93,43500.0,-51500.0,44000.0,-51000.0,43750.0,-51250.0,250000,250000.0,1.0,0,103.95419319332244,1.5789215188193786
JB0500_R0065_C0094,500,65,94,44000.0,-51500.0,44500.0,-51000.0,44250.0,-51250.0,250000,250000.0,1.0,0,103.95868646419005,1.5789203695201564
JB0500_R0065_C0095,500,65,95,44500.0,-51500.0,45000.0,-51000.0,44750.0,-51250.0,250000,250000.0,1.0,0,103.9631797350527,1.5789192104500178
JB0500_R0065_C0096,500,65,96,45000.0,-51500.0,45500.0,-51000.0,45250.0,-51250.0,250000,250000.0,1.0,0,103.96767300591036,1.5789180416089699
JB0500_R0065_C0097,500,65,97,45500.0,-51500.0,46000.0,-51000.0,45750.0,-51250.0,250000,250000.0,1.0,0,103.97216627676298,1.57891686299702
JB0500_R0065_C0098,500,65,98,46000.0,-51500.0,46500.0,-51000.0,46250.0,-51250.0,250000,250000.0,1.0,0,103.97665954761051,1.5789156746141755
JB0500_R0065_C0099,500,65,99,46500.0,-51500.0,47000.0,-51000.0,46750.0,-51250.0,250000,250000.0,1.0,0,103.98115281845291,1.5789144764604437
JB0500_R0065_C0100,500,65,100,47000.0,-51500.0,47500.0,-51000.0,47250.0,-51250.0,250000,250000.0,1.0,0,103.98564608929014,1.5789132685358316
JB0500_R0065_C0101,500,65,101,47500.0,-51500.0,48000.0,-51000.0,47750.0,-51250.0,250000,250000.0,1.0,0,103.99013936012219,1.5789120508403474
JB0500_R0065_C0102,500,65,102,48000.0,-51500.0,48500.0,-51000.0,48250.0,-51250.0,250000,250000.0,1.0,0,103.99463263094896,1.5789108233739975
JB0500_R0065_C0103,500,65,103,48500.0,-51500.0,49000.0,-51000.0,48750.0,-51250.0,250000,236247.24648152408,0.9449889859260964,1,103.99912590177046,1.5789095861367906
JB0500_R0065_C0104,500,65,104,49000.0,-51500.0,49500.0,-51000.0,49250.0,-51250.0,250000,53082.31708883042,0.2123292683553217,1,104.0036191725866,1.5789083391287335
JB0500_R0066_C0026,500,66,26,10000.0,-51000.0,10500.0,-50500.0,10250.0,-50750.0,250000,108902.25564085552,0.4356090225634221,1,103.65314452345183,1.583498041046425
JB0500_R0066_C0027,500,66,27,10500.0,-51000.0,11000.0,-50500.0,10750.0,-50750.0,250000,221771.1966755561,0.8870847867022243,1,103.6576378042792,1.5834975449945083
JB0500_R0066_C0028,500,66,28,11000.0,-51000.0,11500.0,-50500.0,11250.0,-50750.0,250000,244825.88860522906,0.9793035544209162,1,103.66213108510443,1.5834970391433383
JB0500_R0066_C0029,500,66,29,11500.0,-51000.0,12000.0,-50500.0,11750.0,-50750.0,250000,250000.0,1.0,0,103.66662436592746,1.583496523492918
JB0500_R0066_C0030,500,66,30,12000.0,-51000.0,12500.0,-50500.0,12250.0,-50750.0,250000,250000.0,1.0,0,103.67111764674824,1.5834959980432501
JB0500_R0066_C0031,500,66,31,12500.0,-51000.0,13000.0,-50500.0,12750.0,-50750.0,250000,250000.0,1.0,0,103.67561092756675,1.5834954627943385
JB0500_R0066_C0032,500,66,32,13000.0,-51000.0,13500.0,-50500.0,13250.0,-50750.0,250000,250000.0,1.0,0,103.68010420838293,1.5834949177461861
JB0500_R0066_C0033,500,66,33,13500.0,-51000.0,14000.0,-50500.0,13750.0,-50750.0,250000,250000.0,1.0,0,103.68459748919672,1.5834943628987963
JB0500_R0066_C0034,500,66,34,14000.0,-51000.0,14500.0,-50500.0,14250.0,-50750.0,250000,250000.0,1.0,0,103.68909077000812,1.5834937982521726
JB0500_R0066_C0035,500,66,35,14500.0,-51000.0,15000.0,-50500.0,14750.0,-50750.0,250000,250000.0,1.0,0,103.69358405081705,1.5834932238063184
JB0500_R0066_C0036,500,66,36,15000.0,-51000.0,15500.0,-50500.0,15250.0,-50750.0,250000,250000.0,1.0,0,103.69807733162351,1.5834926395612372
JB0500_R0066_C0037,500,66,37,15500.0,-51000.0,16000.0,-50500.0,15750.0,-50750.0,250000,250000.0,1.0,0,103.70257061242742,1.5834920455169328
JB0500_R0066_C0038,500,66,38,16000.0,-51000.0,16500.0,-50500.0,16250.0,-50750.0,250000,250000.0,1.0,0,103.70706389322875,1.5834914416734087
JB0500_R0066_C0039,500,66,39,16500.0,-51000.0,17000.0,-50500.0,16750.0,-50750.0,250000,250000.0,1.0,0,103.71155717402746,1.5834908280306685
JB0500_R0066_C0040,500,66,40,17000.0,-51000.0,17500.0,-50500.0,17250.0,-50750.0,250000,250000.0,1.0,0,103.7160504548235,1.5834902045887163
JB0500_R0066_C0041,500,66,41,17500.0,-51000.0,18000.0,-50500.0,17750.0,-50750.0,250000,250000.0,1.0,0,103.72054373561684,1.5834895713475556
JB0500_R0066_C0042,500,66,42,18000.0,-51000.0,18500.0,-50500.0,18250.0,-50750.0,250000,250000.0,1.0,0,103.72503701640743,1.583488928307191
JB0500_R0066_C0043,500,66,43,18500.0,-51000.0,19000.0,-50500.0,18750.0,-50750.0,250000,250000.0,1.0,0,103.72953029719523,1.5834882754676254
JB0500_R0066_C0044,500,66,44,19000.0,-51000.0,19500.0,-50500.0,19250.0,-50750.0,250000,250000.0,1.0,0,103.7340235779802,1.5834876128288633
JB0500_R0066_C0045,500,66,45,19500.0,-51000.0,20000.0,-50500.0,19750.0,-50750.0,250000,250000.0,1.0,0,103.7385168587623,1.583486940390909
JB0500_R0066_C0046,500,66,46,20000.0,-51000.0,20500.0,-50500.0,20250.0,-50750.0,250000,250000.0,1.0,0,103.74301013954145,1.5834862581537665
JB0500_R0066_C0047,500,66,47,20500.0,-51000.0,21000.0,-50500.0,20750.0,-50750.0,250000,250000.0,1.0,0,103.74750342031767,1.5834855661174398
JB0500_R0066_C0048,500,66,48,21000.0,-51000.0,21500.0,-50500.0,21250.0,-50750.0,250000,250000.0,1.0,0,103.75199670109089,1.5834848642819337
JB0500_R0066_C0049,500,66,49,21500.0,-51000.0,22000.0,-50500.0,21750.0,-50750.0,250000,250000.0,1.0,0,103.75648998186105,1.583484152647252
JB0500_R0066_C0050,500,66,50,22000.0,-51000.0,22500.0,-50500.0,22250.0,-50750.0,250000,250000.0,1.0,0,103.76098326262813,1.5834834312133992
JB0500_R0066_C0051,500,66,51,22500.0,-51000.0,23000.0,-50500.0,22750.0,-50750.0,250000,250000.0,1.0,0,103.76547654339208,1.5834826999803797
JB0500_R0066_C0052,500,66,52,23000.0,-51000.0,23500.0,-50500.0,23250.0,-50750.0,250000,250000.0,1.0,0,103.76996982415287,1.583481958948198
JB0500_R0066_C0053,500,66,53,23500.0,-51000.0,24000.0,-50500.0,23750.0,-50750.0,250000,250000.0,1.0,0,103.77446310491045,1.5834812081168592
JB0500_R0066_C0054,500,66,54,24000.0,-51000.0,24500.0,-50500.0,24250.0,-50750.0,250000,250000.0,1.0,0,103.77895638566477,1.583480447486367
JB0500_R0066_C0055,500,66,55,24500.0,-51000.0,25000.0,-50500.0,24750.0,-50750.0,250000,250000.0,1.0,0,103.78344966641579,1.583479677056727
JB0500_R0066_C0056,500,66,56,25000.0,-51000.0,25500.0,-50500.0,25250.0,-50750.0,250000,250000.0,1.0,0,103.78794294716347,1.5834788968279434
JB0500_R0066_C0057,500,66,57,25500.0,-51000.0,26000.0,-50500.0,25750.0,-50750.0,250000,250000.0,1.0,0,103.79243622790777,1.583478106800021
JB0500_R0066_C0058,500,66,58,26000.0,-51000.0,26500.0,-50500.0,26250.0,-50750.0,250000,250000.0,1.0,0,103.79692950864865,1.5834773069729648
JB0500_R0066_C0059,500,66,59,26500.0,-51000.0,27000.0,-50500.0,26750.0,-50750.0,250000,250000.0,1.0,0,103.80142278938605,1.5834764973467796
JB0500_R0066_C0060,500,66,60,27000.0,-51000.0,27500.0,-50500.0,27250.0,-50750.0,250000,250000.0,1.0,0,103.80591607011996,1.5834756779214707
JB0500_R0066_C0061,500,66,61,27500.0,-51000.0,28000.0,-50500.0,27750.0,-50750.0,250000,250000.0,1.0,0,103.81040935085032,1.583474848697043
JB0500_R0066_C0062,500,66,62,28000.0,-51000.0,28500.0,-50500.0,28250.0,-50750.0,250000,250000.0,1.0,0,103.81490263157707,1.5834740096735014
JB0500_R0066_C0063,500,66,63,28500.0,-51000.0,29000.0,-50500.0,28750.0,-50750.0,250000,250000.0,1.0,0,103.8193959123002,1.5834731608508512
JB0500_R0066_C0064,500,66,64,29000.0,-51000.0,29500.0,-50500.0,29250.0,-50750.0,250000,250000.0,1.0,0,103.82388919301965,1.5834723022290975
JB0500_R0066_C0065,500,66,65,29500.0,-51000.0,30000.0,-50500.0,29750.0,-50750.0,250000,250000.0,1.0,0,103.82838247373537,1.583471433808246
JB0500_R0066_C0066,500,66,66,30000.0,-51000.0,30500.0,-50500.0,30250.0,-50750.0,250000,250000.0,1.0,0,103.83287575444734,1.583470555588302
JB0500_R0066_C0067,500,66,67,30500.0,-51000.0,31000.0,-50500.0,30750.0,-50750.0,250000,250000.0,1.0,0,103.8373690351555,1.5834696675692703
JB0500_R0066_C0068,500,66,68,31000.0,-51000.0,31500.0,-50500.0,31250.0,-50750.0,250000,250000.0,1.0,0,103.84186231585983,1.5834687697511567
JB0500_R0066_C0069,500,66,69,31500.0,-51000.0,32000.0,-50500.0,31750.0,-50750.0,250000,250000.0,1.0,0,103.84635559656026,1.583467862133967
JB0500_R0066_C0070,500,66,70,32000.0,-51000.0,32500.0,-50500.0,32250.0,-50750.0,250000,250000.0,1.0,0,103.85084887725677,1.5834669447177068
JB0500_R0066_C0071,500,66,71,32500.0,-51000.0,33000.0,-50500.0,32750.0,-50750.0,250000,250000.0,1.0,0,103.8553421579493,1.5834660175023811
JB0500_R0066_C0072,500,66,72,33000.0,-51000.0,33500.0,-50500.0,33250.0,-50750.0,250000,250000.0,1.0,0,103.8598354386378,1.5834650804879964
JB0500_R0066_C0073,500,66,73,33500.0,-51000.0,34000.0,-50500.0,33750.0,-50750.0,250000,250000.0,1.0,0,103.86432871932226,1.583464133674558
JB0500_R0066_C0074,500,66,74,34000.0,-51000.0,34500.0,-50500.0,34250.0,-50750.0,250000,250000.0,1.0,0,103.86882200000262,1.5834631770620717
JB0500_R0066_C0075,500,66,75,34500.0,-51000.0,35000.0,-50500.0,34750.0,-50750.0,250000,250000.0,1.0,0,103.87331528067884,1.5834622106505438
JB0500_R0066_C0076,500,66,76,35000.0,-51000.0,35500.0,-50500.0,35250.0,-50750.0,250000,250000.0,1.0,0,103.87780856135088,1.5834612344399799
JB0500_R0066_C0077,500,66,77,35500.0,-51000.0,36000.0,-50500.0,35750.0,-50750.0,250000,250000.0,1.0,0,103.88230184201868,1.5834602484303861
JB0500_R0066_C0078,500,66,78,36000.0,-51000.0,36500.0,-50500.0,36250.0,-50750.0,250000,250000.0,1.0,0,103.88679512268223,1.5834592526217683
JB0500_R0066_C0079,500,66,79,36500.0,-51000.0,37000.0,-50500.0,36750.0,-50750.0,250000,250000.0,1.0,0,103.89128840334146,1.5834582470141332
JB0500_R0066_C0080,500,66,80,37000.0,-51000.0,37500.0,-50500.0,37250.0,-50750.0,250000,250000.0,1.0,0,103.89578168399633,1.5834572316074862
JB0500_R0066_C0081,500,66,81,37500.0,-51000.0,38000.0,-50500.0,37750.0,-50750.0,250000,250000.0,1.0,0,103.90027496464681,1.5834562064018343
JB0500_R0066_C0082,500,66,82,38000.0,-51000.0,38500.0,-50500.0,38250.0,-50750.0,250000,250000.0,1.0,0,103.90476824529287,1.5834551713971834
JB0500_R0066_C0083,500,66,83,38500.0,-51000.0,39000.0,-50500.0,38750.0,-50750.0,250000,250000.0,1.0,0,103.90926152593444,1.5834541265935398
JB0500_R0066_C0084,500,66,84,39000.0,-51000.0,39500.0,-50500.0,39250.0,-50750.0,250000,250000.0,1.0,0,103.91375480657149,1.5834530719909103
JB0500_R0066_C0085,500,66,85,39500.0,-51000.0,40000.0,-50500.0,39750.0,-50750.0,250000,250000.0,1.0,0,103.91824808720398,1.583452007589301
JB0500_R0066_C0086,500,66,86,40000.0,-51000.0,40500.0,-50500.0,40250.0,-50750.0,250000,250000.0,1.0,0,103.92274136783186,1.5834509333887188
JB0500_R0066_C0087,500,66,87,40500.0,-51000.0,41000.0,-50500.0,40750.0,-50750.0,250000,250000.0,1.0,0,103.9272346484551,1.5834498493891702
JB0500_R0066_C0088,500,66,88,41000.0,-51000.0,41500.0,-50500.0,41250.0,-50750.0,250000,250000.0,1.0,0,103.93172792907365,1.5834487555906616
JB0500_R0066_C0089,500,66,89,41500.0,-51000.0,42000.0,-50500.0,41750.0,-50750.0,250000,250000.0,1.0,0,103.93622120968745,1.5834476519932001
JB0500_R0066_C0090,500,66,90,42000.0,-51000.0,42500.0,-50500.0,42250.0,-50750.0,250000,250000.0,1.0,0,103.9407144902965,1.5834465385967924
JB0500_R0066_C0091,500,66,91,42500.0,-51000.0,43000.0,-50500.0,42750.0,-50750.0,250000,250000.0,1.0,0,103.94520777090072,1.5834454154014452
JB0500_R0066_C0092,500,66,92,43000.0,-51000.0,43500.0,-50500.0,43250.0,-50750.0,250000,250000.0,1.0,0,103.94970105150007,1.583444282407166
JB0500_R0066_C0093,500,66,93,43500.0,-51000.0,44000.0,-50500.0,43750.0,-50750.0,250000,250000.0,1.0,0,103.95419433209454,1.5834431396139608
JB0500_R0066_C0094,500,66,94,44000.0,-51000.0,44500.0,-50500.0,44250.0,-50750.0,250000,250000.0,1.0,0,103.95868761268406,1.5834419870218375
JB0500_R0066_C0095,500,66,95,44500.0,-51000.0,45000.0,-50500.0,44750.0,-50750.0,250000,250000.0,1.0,0,103.9631808932686,1.5834408246308027
JB0500_R0066_C0096,500,66,96,45000.0,-51000.0,45500.0,-50500.0,45250.0,-50750.0,250000,250000.0,1.0,0,103.96767417384811,1.5834396524408638
JB0500_R0066_C0097,500,66,97,45500.0,-51000.0,46000.0,-50500.0,45750.0,-50750.0,250000,250000.0,1.0,0,103.97216745442256,1.583438470452028
JB0500_R0066_C0098,500,66,98,46000.0,-51000.0,46500.0,-50500.0,46250.0,-50750.0,250000,250000.0,1.0,0,103.97666073499188,1.5834372786643023
JB0500_R0066_C0099,500,66,99,46500.0,-51000.0,47000.0,-50500.0,46750.0,-50750.0,250000,250000.0,1.0,0,103.98115401555604,1.5834360770776945
JB0500_R0066_C0100,500,66,100,47000.0,-51000.0,47500.0,-50500.0,47250.0,-50750.0,250000,250000.0,1.0,0,103.98564729611503,1.5834348656922115
JB0500_R0066_C0101,500,66,101,47500.0,-51000.0,48000.0,-50500.0,47750.0,-50750.0,250000,250000.0,1.0,0,103.99014057666878,1.5834336445078612
JB0500_R0066_C0102,500,66,102,48000.0,-51000.0,48500.0,-50500.0,48250.0,-50750.0,250000,238890.41861994815,0.9555616744797926,1,103.99463385721722,1.5834324135246511
JB0500_R0066_C0103,500,66,103,48500.0,-51000.0,49000.0,-50500.0,48750.0,-50750.0,250000,58692.88070301275,0.234771522812051,1,103.99912713776037,1.5834311727425885
JB0500_R0067_C0026,500,67,26,10000.0,-50500.0,10500.0,-50000.0,10250.0,-50250.0,250000,158593.1833173439,0.6343727332693756,1,103.65314501219893,1.5880198184936805
JB0500_R0067_C0027,500,67,27,10500.0,-50500.0,11000.0,-50000.0,10750.0,-50250.0,250000,35189.957304889096,0.14075982921955638,1,103.65763830277743,1.5880193210245612
JB0500_R0067_C0028,500,67,28,11000.0,-50500.0,11500.0,-50000.0,11250.0,-50250.0,250000,80455.94329929068,0.3218237731971627,1,103.66213159335375,1.5880188137281923
JB0500_R0067_C0029,500,67,29,11500.0,-50500.0,12000.0,-50000.0,11750.0,-50250.0,250000,246006.222311669,0.984024889246676,1,103.66662488392787,1.5880182966045768
JB0500_R0067_C0030,500,67,30,12000.0,-50500.0,12500.0,-50000.0,12250.0,-50250.0,250000,250000.0,1.0,0,103.67111817449972,1.5880177696537179
JB0500_R0067_C0031,500,67,31,12500.0,-50500.0,13000.0,-50000.0,12750.0,-50250.0,250000,250000.0,1.0,0,103.6756114650693,1.5880172328756192
JB0500_R0067_C0032,500,67,32,13000.0,-50500.0,13500.0,-50000.0,13250.0,-50250.0,250000,250000.0,1.0,0,103.6801047556365,1.5880166862702834
JB0500_R0067_C0033,500,67,33,13500.0,-50500.0,14000.0,-50000.0,13750.0,-50250.0,250000,250000.0,1.0,0,103.68459804620134,1.5880161298377145
JB0500_R0067_C0034,500,67,34,14000.0,-50500.0,14500.0,-50000.0,14250.0,-50250.0,250000,250000.0,1.0,0,103.68909133676377,1.5880155635779152
JB0500_R0067_C0035,500,67,35,14500.0,-50500.0,15000.0,-50000.0,14750.0,-50250.0,250000,250000.0,1.0,0,103.69358462732372,1.5880149874908895
JB0500_R0067_C0036,500,67,36,15000.0,-50500.0,15500.0,-50000.0,15250.0,-50250.0,250000,250000.0,1.0,0,103.69807791788115,1.5880144015766409
JB0500_R0067_C0037,500,67,37,15500.0,-50500.0,16000.0,-50000.0,15750.0,-50250.0,250000,250000.0,1.0,0,103.70257120843604,1.5880138058351727
JB0500_R0067_C0038,500,67,38,16000.0,-50500.0,16500.0,-50000.0,16250.0,-50250.0,250000,250000.0,1.0,0,103.70706449898833,1.5880132002664893
JB0500_R0067_C0039,500,67,39,16500.0,-50500.0,17000.0,-50000.0,16750.0,-50250.0,250000,250000.0,1.0,0,103.71155778953798,1.5880125848705935
JB0500_R0067_C0040,500,67,40,17000.0,-50500.0,17500.0,-50000.0,17250.0,-50250.0,250000,250000.0,1.0,0,103.71605108008497,1.5880119596474895
JB0500_R0067_C0041,500,67,41,17500.0,-50500.0,18000.0,-50000.0,17750.0,-50250.0,250000,250000.0,1.0,0,103.72054437062921,1.5880113245971816
JB0500_R0067_C0042,500,67,42,18000.0,-50500.0,18500.0,-50000.0,18250.0,-50250.0,250000,250000.0,1.0,0,103.7250376611707,1.588010679719673
JB0500_R0067_C0043,500,67,43,18500.0,-50500.0,19000.0,-50000.0,18750.0,-50250.0,250000,250000.0,1.0,0,103.72953095170938,1.588010025014968
JB0500_R0067_C0044,500,67,44,19000.0,-50500.0,19500.0,-50000.0,19250.0,-50250.0,250000,250000.0,1.0,0,103.73402424224523,1.5880093604830707
JB0500_R0067_C0045,500,67,45,19500.0,-50500.0,20000.0,-50000.0,19750.0,-50250.0,250000,250000.0,1.0,0,103.73851753277818,1.5880086861239848
JB0500_R0067_C0046,500,67,46,20000.0,-50500.0,20500.0,-50000.0,20250.0,-50250.0,250000,250000.0,1.0,0,103.74301082330817,1.588008001937715
JB0500_R0067_C0047,500,67,47,20500.0,-50500.0,21000.0,-50000.0,20750.0,-50250.0,250000,250000.0,1.0,0,103.7475041138352,1.5880073079242651
JB0500_R0067_C0048,500,67,48,21000.0,-50500.0,21500.0,-50000.0,21250.0,-50250.0,250000,250000.0,1.0,0,103.75199740435923,1.5880066040836398
JB0500_R0067_C0049,500,67,49,21500.0,-50500.0,22000.0,-50000.0,21750.0,-50250.0,250000,250000.0,1.0,0,103.75649069488018,1.588005890415843
JB0500_R0067_C0050,500,67,50,22000.0,-50500.0,22500.0,-50000.0,22250.0,-50250.0,250000,250000.0,1.0,0,103.76098398539803,1.588005166920879
JB0500_R0067_C0051,500,67,51,22500.0,-50500.0,23000.0,-50000.0,22750.0,-50250.0,250000,250000.0,1.0,0,103.76547727591273,1.5880044335987529
JB0500_R0067_C0052,500,67,52,23000.0,-50500.0,23500.0,-50000.0,23250.0,-50250.0,250000,250000.0,1.0,0,103.76997056642425,1.5880036904494688
JB0500_R0067_C0053,500,67,53,23500.0,-50500.0,24000.0,-50000.0,23750.0,-50250.0,250000,250000.0,1.0,0,103.77446385693253,1.5880029374730311
JB0500_R0067_C0054,500,67,54,24000.0,-50500.0,24500.0,-50000.0,24250.0,-50250.0,250000,250000.0,1.0,0,103.77895714743754,1.5880021746694448
JB0500_R0067_C0055,500,67,55,24500.0,-50500.0,25000.0,-50000.0,24750.0,-50250.0,250000,250000.0,1.0,0,103.78345043793924,1.5880014020387143
JB0500_R0067_C0056,500,67,56,25000.0,-50500.0,25500.0,-50000.0,25250.0,-50250.0,250000,250000.0,1.0,0,103.78794372843757,1.5880006195808447
JB0500_R0067_C0057,500,67,57,25500.0,-50500.0,26000.0,-50000.0,25750.0,-50250.0,250000,250000.0,1.0,0,103.7924370189325,1.5879998272958407
JB0500_R0067_C0058,500,67,58,26000.0,-50500.0,26500.0,-50000.0,26250.0,-50250.0,250000,250000.0,1.0,0,103.79693030942401,1.5879990251837068
JB0500_R0067_C0059,500,67,59,26500.0,-50500.0,27000.0,-50000.0,26750.0,-50250.0,250000,250000.0,1.0,0,103.80142359991201,1.5879982132444486
JB0500_R0067_C0060,500,67,60,27000.0,-50500.0,27500.0,-50000.0,27250.0,-50250.0,250000,250000.0,1.0,0,103.80591689039649,1.5879973914780705
JB0500_R0067_C0061,500,67,61,27500.0,-50500.0,28000.0,-50000.0,27750.0,-50250.0,250000,250000.0,1.0,0,103.8104101808774,1.5879965598845778
JB0500_R0067_C0062,500,67,62,28000.0,-50500.0,28500.0,-50000.0,28250.0,-50250.0,250000,250000.0,1.0,0,103.8149034713547,1.587995718463976
JB0500_R0067_C0063,500,67,63,28500.0,-50500.0,29000.0,-50000.0,28750.0,-50250.0,250000,250000.0,1.0,0,103.81939676182833,1.5879948672162694
JB0500_R0067_C0064,500,67,64,29000.0,-50500.0,29500.0,-50000.0,29250.0,-50250.0,250000,250000.0,1.0,0,103.82389005229827,1.5879940061414641
JB0500_R0067_C0065,500,67,65,29500.0,-50500.0,30000.0,-50000.0,29750.0,-50250.0,250000,250000.0,1.0,0,103.82838334276447,1.5879931352395649
JB0500_R0067_C0066,500,67,66,30000.0,-50500.0,30500.0,-50000.0,30250.0,-50250.0,250000,250000.0,1.0,0,103.83287663322689,1.5879922545105776
JB0500_R0067_C0067,500,67,67,30500.0,-50500.0,31000.0,-50000.0,30750.0,-50250.0,250000,250000.0,1.0,0,103.83736992368549,1.587991363954507
JB0500_R0067_C0068,500,67,68,31000.0,-50500.0,31500.0,-50000.0,31250.0,-50250.0,250000,250000.0,1.0,0,103.84186321414022,1.587990463571359
JB0500_R0067_C0069,500,67,69,31500.0,-50500.0,32000.0,-50000.0,31750.0,-50250.0,250000,250000.0,1.0,0,103.84635650459103,1.587989553361139
JB0500_R0067_C0070,500,67,70,32000.0,-50500.0,32500.0,-50000.0,32250.0,-50250.0,250000,250000.0,1.0,0,103.85084979503789,1.587988633323853
JB0500_R0067_C0071,500,67,71,32500.0,-50500.0,33000.0,-50000.0,32750.0,-50250.0,250000,250000.0,1.0,0,103.85534308548077,1.5879877034595062
JB0500_R0067_C0072,500,67,72,33000.0,-50500.0,33500.0,-50000.0,33250.0,-50250.0,250000,250000.0,1.0,0,103.8598363759196,1.5879867637681047
JB0500_R0067_C0073,500,67,73,33500.0,-50500.0,34000.0,-50000.0,33750.0,-50250.0,250000,250000.0,1.0,0,103.86432966635434,1.587985814249654
JB0500_R0067_C0074,500,67,74,34000.0,-50500.0,34500.0,-50000.0,34250.0,-50250.0,250000,250000.0,1.0,0,103.86882295678497,1.5879848549041597
JB0500_R0067_C0075,500,67,75,34500.0,-50500.0,35000.0,-50000.0,34750.0,-50250.0,250000,250000.0,1.0,0,103.87331624721143,1.5879838857316282
JB0500_R0067_C0076,500,67,76,35000.0,-50500.0,35500.0,-50000.0,35250.0,-50250.0,250000,250000.0,1.0,0,103.8778095376337,1.5879829067320654
JB0500_R0067_C0077,500,67,77,35500.0,-50500.0,36000.0,-50000.0,35750.0,-50250.0,250000,250000.0,1.0,0,103.8823028280517,1.587981917905477
JB0500_R0067_C0078,500,67,78,36000.0,-50500.0,36500.0,-50000.0,36250.0,-50250.0,250000,250000.0,1.0,0,103.88679611846541,1.5879809192518697
JB0500_R0067_C0079,500,67,79,36500.0,-50500.0,37000.0,-50000.0,36750.0,-50250.0,250000,250000.0,1.0,0,103.8912894088748,1.5879799107712491
JB0500_R0067_C0080,500,67,80,37000.0,-50500.0,37500.0,-50000.0,37250.0,-50250.0,250000,250000.0,1.0,0,103.8957826992798,1.5879788924636216
JB0500_R0067_C0081,500,67,81,37500.0,-50500.0,38000.0,-50000.0,37750.0,-50250.0,250000,250000.0,1.0,0,103.90027598968038,1.5879778643289935
JB0500_R0067_C0082,500,67,82,38000.0,-50500.0,38500.0,-50000.0,38250.0,-50250.0,250000,250000.0,1.0,0,103.90476928007651,1.587976826367371
JB0500_R0067_C0083,500,67,83,38500.0,-50500.0,39000.0,-50000.0,38750.0,-50250.0,250000,250000.0,1.0,0,103.90926257046813,1.5879757785787605
JB0500_R0067_C0084,500,67,84,39000.0,-50500.0,39500.0,-50000.0,39250.0,-50250.0,250000,250000.0,1.0,0,103.9137558608552,1.5879747209631687
JB0500_R0067_C0085,500,67,85,39500.0,-50500.0,40000.0,-50000.0,39750.0,-50250.0,250000,250000.0,1.0,0,103.91824915123769,1.587973653520602
JB0500_R0067_C0086,500,67,86,40000.0,-50500.0,40500.0,-50000.0,40250.0,-50250.0,250000,250000.0,1.0,0,103.92274244161553,1.5879725762510668
JB0500_R0067_C0087,500,67,87,40500.0,-50500.0,41000.0,-50000.0,40750.0,-50250.0,250000,250000.0,1.0,0,103.92723573198872,1.58797148915457
JB0500_R0067_C0088,500,67,88,41000.0,-50500.0,41500.0,-50000.0,41250.0,-50250.0,250000,250000.0,1.0,0,103.93172902235717,1.587970392231118
JB0500_R0067_C0089,500,67,89,41500.0,-50500.0,42000.0,-50000.0,41750.0,-50250.0,250000,250000.0,1.0,0,103.93622231272087,1.5879692854807177
JB0500_R0067_C0090,500,67,90,42000.0,-50500.0,42500.0,-50000.0,42250.0,-50250.0,250000,250000.0,1.0,0,103.94071560307977,1.587968168903376
JB0500_R0067_C0091,500,67,91,42500.0,-50500.0,43000.0,-50000.0,42750.0,-50250.0,250000,250000.0,1.0,0,103.94520889343383,1.5879670424990997
JB0500_R0067_C0092,500,67,92,43000.0,-50500.0,43500.0,-50000.0,43250.0,-50250.0,250000,250000.0,1.0,0,103.949702183783,1.587965906267896
JB0500_R0067_C0093,500,67,93,43500.0,-50500.0,44000.0,-50000.0,43750.0,-50250.0,250000,250000.0,1.0,0,103.95419547412725,1.5879647602097713
JB0500_R0067_C0094,500,67,94,44000.0,-50500.0,44500.0,-50000.0,44250.0,-50250.0,250000,250000.0,1.0,0,103.95868876446652,1.5879636043247332
JB0500_R0067_C0095,500,67,95,44500.0,-50500.0,45000.0,-50000.0,44750.0,-50250.0,250000,250000.0,1.0,0,103.96318205480077,1.5879624386127886
JB0500_R0067_C0096,500,67,96,45000.0,-50500.0,45500.0,-50000.0,45250.0,-50250.0,250000,250000.0,1.0,0,103.96767534512998,1.5879612630739446
JB0500_R0067_C0097,500,67,97,45500.0,-50500.0,46000.0,-50000.0,45750.0,-50250.0,250000,250000.0,1.0,0,103.97216863545408,1.5879600777082088
JB0500_R0067_C0098,500,67,98,46000.0,-50500.0,46500.0,-50000.0,46250.0,-50250.0,250000,250000.0,1.0,0,103.97666192577304,1.587958882515588
JB0500_R0067_C0099,500,67,99,46500.0,-50500.0,47000.0,-50000.0,46750.0,-50250.0,250000,250000.0,1.0,0,103.98115521608682,1.58795767749609
JB0500_R0067_C0100,500,67,100,47000.0,-50500.0,47500.0,-50000.0,47250.0,-50250.0,250000,250000.0,1.0,0,103.98564850639538,1.5879564626497218
JB0500_R0067_C0101,500,67,101,47500.0,-50500.0,48000.0,-50000.0,47750.0,-50250.0,250000,233212.50074016358,0.9328500029606543,1,103.99014179669867,1.5879552379764912
JB0500_R0067_C0102,500,67,102,48000.0,-50500.0,48500.0,-50000.0,48250.0,-50250.0,250000,62383.220216811635,0.24953288086724654,1,103.99463508699664,1.5879540034764057
JB0500_R0068_C0026,500,68,26,10000.0,-50000.0,10500.0,-49500.0,10250.0,-49750.0,250000,13360.552124754875,0.0534422084990195,1,103.65314550234147,1.592541595742248
JB0500_R0068_C0029,500,68,29,11500.0,-50000.0,12000.0,-49500.0,11750.0,-49750.0,250000,57855.245717195794,0.23142098286878318,1,103.66662540340724,1.5925400695175298
JB0500_R0068_C0030,500,68,30,12000.0,-50000.0,12500.0,-49500.0,12250.0,-49750.0,250000,220300.87433424254,0.8812034973369702,1,103.67111870375801,1.5925395410654737
JB0500_R0068_C0031,500,68,31,12500.0,-50000.0,13000.0,-49500.0,12750.0,-49750.0,250000,250000.0,1.0,0,103.67561200410647,1.5925390027581814
JB0500_R0068_C0032,500,68,32,13000.0,-50000.0,13500.0,-49500.0,13250.0,-49750.0,250000,250000.0,1.0,0,103.68010530445258,1.5925384545956558
JB0500_R0068_C0033,500,68,33,13500.0,-50000.0,14000.0,-49500.0,13750.0,-49750.0,250000,250000.0,1.0,0,103.68459860479629,1.5925378965779007
JB0500_R0068_C0034,500,68,34,14000.0,-50000.0,14500.0,-49500.0,14250.0,-49750.0,250000,250000.0,1.0,0,103.68909190513756,1.5925373287049196
JB0500_R0068_C0035,500,68,35,14500.0,-50000.0,15000.0,-49500.0,14750.0,-49750.0,250000,250000.0,1.0,0,103.69358520547635,1.5925367509767154
JB0500_R0068_C0036,500,68,36,15000.0,-50000.0,15500.0,-49500.0,15250.0,-49750.0,250000,250000.0,1.0,0,103.69807850581263,1.5925361633932924
JB0500_R0068_C0037,500,68,37,15500.0,-50000.0,16000.0,-49500.0,15750.0,-49750.0,250000,250000.0,1.0,0,103.70257180614632,1.5925355659546538
JB0500_R0068_C0038,500,68,38,16000.0,-50000.0,16500.0,-49500.0,16250.0,-49750.0,250000,250000.0,1.0,0,103.70706510647743,1.5925349586608033
JB0500_R0068_C0039,500,68,39,16500.0,-50000.0,17000.0,-49500.0,16750.0,-49750.0,250000,250000.0,1.0,0,103.71155840680588,1.5925343415117448
JB0500_R0068_C0040,500,68,40,17000.0,-50000.0,17500.0,-49500.0,17250.0,-49750.0,250000,250000.0,1.0,0,103.71605170713163,1.592533714507482
JB0500_R0068_C0041,500,68,41,17500.0,-50000.0,18000.0,-49500.0,17750.0,-49750.0,250000,250000.0,1.0,0,103.72054500745463,1.5925330776480189
JB0500_R0068_C0042,500,68,42,18000.0,-50000.0,18500.0,-49500.0,18250.0,-49750.0,250000,250000.0,1.0,0,103.72503830777485,1.592532430933359
JB0500_R0068_C0043,500,68,43,18500.0,-50000.0,19000.0,-49500.0,18750.0,-49750.0,250000,250000.0,1.0,0,103.72953160809227,1.592531774363507
JB0500_R0068_C0044,500,68,44,19000.0,-50000.0,19500.0,-49500.0,19250.0,-49750.0,250000,250000.0,1.0,0,103.73402490840681,1.592531107938466
JB0500_R0068_C0045,500,68,45,19500.0,-50000.0,20000.0,-49500.0,19750.0,-49750.0,250000,250000.0,1.0,0,103.73851820871845,1.5925304316582412
JB0500_R0068_C0046,500,68,46,20000.0,-50000.0,20500.0,-49500.0,20250.0,-49750.0,250000,250000.0,1.0,0,103.74301150902714,1.5925297455228355
JB0500_R0068_C0047,500,68,47,20500.0,-50000.0,21000.0,-49500.0,20750.0,-49750.0,250000,250000.0,1.0,0,103.74750480933282,1.5925290495322544
JB0500_R0068_C0048,500,68,48,21000.0,-50000.0,21500.0,-49500.0,21250.0,-49750.0,250000,250000.0,1.0,0,103.75199810963548,1.5925283436865014
JB0500_R0068_C0049,500,68,49,21500.0,-50000.0,22000.0,-49500.0,21750.0,-49750.0,250000,250000.0,1.0,0,103.75649140993505,1.592527627985581
JB0500_R0068_C0050,500,68,50,22000.0,-50000.0,22500.0,-49500.0,22250.0,-49750.0,250000,250000.0,1.0,0,103.76098471023151,1.592526902429498
JB0500_R0068_C0051,500,68,51,22500.0,-50000.0,23000.0,-49500.0,22750.0,-49750.0,250000,250000.0,1.0,0,103.7654780105248,1.592526167018256
JB0500_R0068_C0052,500,68,52,23000.0,-50000.0,23500.0,-49500.0,23250.0,-49750.0,250000,250000.0,1.0,0,103.7699713108149,1.5925254217518603
JB0500_R0068_C0053,500,68,53,23500.0,-50000.0,24000.0,-49500.0,23750.0,-49750.0,250000,250000.0,1.0,0,103.77446461110172,1.5925246666303152
JB0500_R0068_C0054,500,68,54,24000.0,-50000.0,24500.0,-49500.0,24250.0,-49750.0,250000,250000.0,1.0,0,103.77895791138526,1.5925239016536257
JB0500_R0068_C0055,500,68,55,24500.0,-50000.0,25000.0,-49500.0,24750.0,-49750.0,250000,250000.0,1.0,0,103.78345121166547,1.5925231268217959
JB0500_R0068_C0056,500,68,56,25000.0,-50000.0,25500.0,-49500.0,25250.0,-49750.0,250000,250000.0,1.0,0,103.7879445119423,1.5925223421348311
JB0500_R0068_C0057,500,68,57,25500.0,-50000.0,26000.0,-49500.0,25750.0,-49750.0,250000,250000.0,1.0,0,103.79243781221572,1.5925215475927357
JB0500_R0068_C0058,500,68,58,26000.0,-50000.0,26500.0,-49500.0,26250.0,-49750.0,250000,250000.0,1.0,0,103.79693111248567,1.5925207431955148
JB0500_R0068_C0059,500,68,59,26500.0,-50000.0,27000.0,-49500.0,26750.0,-49750.0,250000,250000.0,1.0,0,103.80142441275211,1.5925199289431737
JB0500_R0068_C0060,500,68,60,27000.0,-50000.0,27500.0,-49500.0,27250.0,-49750.0,250000,250000.0,1.0,0,103.80591771301499,1.5925191048357168
JB0500_R0068_C0061,500,68,61,27500.0,-50000.0,28000.0,-49500.0,27750.0,-49750.0,250000,250000.0,1.0,0,103.8104110132743,1.5925182708731496
JB0500_R0068_C0062,500,68,62,28000.0,-50000.0,28500.0,-49500.0,28250.0,-49750.0,250000,250000.0,1.0,0,103.81490431352998,1.592517427055477
JB0500_R0068_C0063,500,68,63,28500.0,-50000.0,29000.0,-49500.0,28750.0,-49750.0,250000,250000.0,1.0,0,103.81939761378197,1.5925165733827045
JB0500_R0068_C0064,500,68,64,29000.0,-50000.0,29500.0,-49500.0,29250.0,-49750.0,250000,250000.0,1.0,0,103.82389091403024,1.5925157098548368
JB0500_R0068_C0065,500,68,65,29500.0,-50000.0,30000.0,-49500.0,29750.0,-49750.0,250000,250000.0,1.0,0,103.82838421427476,1.59251483647188
JB0500_R0068_C0066,500,68,66,30000.0,-50000.0,30500.0,-49500.0,30250.0,-49750.0,250000,250000.0,1.0,0,103.83287751451546,1.5925139532338386
JB0500_R0068_C0067,500,68,67,30500.0,-50000.0,31000.0,-49500.0,30750.0,-49750.0,250000,250000.0,1.0,0,103.83737081475232,1.5925130601407187
JB0500_R0068_C0068,500,68,68,31000.0,-50000.0,31500.0,-49500.0,31250.0,-49750.0,250000,250000.0,1.0,0,103.84186411498528,1.5925121571925256
JB0500_R0068_C0069,500,68,69,31500.0,-50000.0,32000.0,-49500.0,31750.0,-49750.0,250000,250000.0,1.0,0,103.84635741521434,1.592511244389265
JB0500_R0068_C0070,500,68,70,32000.0,-50000.0,32500.0,-49500.0,32250.0,-49750.0,250000,250000.0,1.0,0,103.85085071543939,1.5925103217309422
JB0500_R0068_C0071,500,68,71,32500.0,-50000.0,33000.0,-49500.0,32750.0,-49750.0,250000,250000.0,1.0,0,103.85534401566045,1.5925093892175632
JB0500_R0068_C0072,500,68,72,33000.0,-50000.0,33500.0,-49500.0,33250.0,-49750.0,250000,250000.0,1.0,0,103.85983731587743,1.5925084468491337
JB0500_R0068_C0073,500,68,73,33500.0,-50000.0,34000.0,-49500.0,33750.0,-49750.0,250000,250000.0,1.0,0,103.86433061609031,1.592507494625659
JB0500_R0068_C0074,500,68,74,34000.0,-50000.0,34500.0,-49500.0,34250.0,-49750.0,250000,250000.0,1.0,0,103.86882391629905,1.592506532547146
JB0500_R0068_C0075,500,68,75,34500.0,-50000.0,35000.0,-49500.0,34750.0,-49750.0,250000,250000.0,1.0,0,103.87331721650361,1.5925055606135994
JB0500_R0068_C0076,500,68,76,35000.0,-50000.0,35500.0,-49500.0,35250.0,-49750.0,250000,250000.0,1.0,0,103.87781051670392,1.5925045788250258
JB0500_R0068_C0077,500,68,77,35500.0,-50000.0,36000.0,-49500.0,35750.0,-49750.0,250000,250000.0,1.0,0,103.88230381689996,1.5925035871814317
JB0500_R0068_C0078,500,68,78,36000.0,-50000.0,36500.0,-49500.0,36250.0,-49750.0,250000,250000.0,1.0,0,103.88679711709169,1.5925025856828225
JB0500_R0068_C0079,500,68,79,36500.0,-50000.0,37000.0,-49500.0,36750.0,-49750.0,250000,250000.0,1.0,0,103.89129041727905,1.5925015743292046
JB0500_R0068_C0080,500,68,80,37000.0,-50000.0,37500.0,-49500.0,37250.0,-49750.0,250000,250000.0,1.0,0,103.89578371746202,1.5925005531205845
JB0500_R0068_C0081,500,68,81,37500.0,-50000.0,38000.0,-49500.0,37750.0,-49750.0,250000,250000.0,1.0,0,103.90027701764055,1.5924995220569678
JB0500_R0068_C0082,500,68,82,38000.0,-50000.0,38500.0,-49500.0,38250.0,-49750.0,250000,250000.0,1.0,0,103.90477031781458,1.5924984811383616
JB0500_R0068_C0083,500,68,83,38500.0,-50000.0,39000.0,-49500.0,38750.0,-49750.0,250000,250000.0,1.0,0,103.90926361798408,1.5924974303647719
JB0500_R0068_C0084,500,68,84,39000.0,-50000.0,39500.0,-49500.0,39250.0,-49750.0,250000,250000.0,1.0,0,103.913756918149,1.5924963697362051
JB0500_R0068_C0085,500,68,85,39500.0,-50000.0,40000.0,-49500.0,39750.0,-49750.0,250000,250000.0,1.0,0,103.91825021830932,1.5924952992526682
JB0500_R0068_C0086,500,68,86,40000.0,-50000.0,40500.0,-49500.0,40250.0,-49750.0,250000,250000.0,1.0,0,103.92274351846498,1.5924942189141675
JB0500_R0068_C0087,500,68,87,40500.0,-50000.0,41000.0,-49500.0,40750.0,-49750.0,250000,250000.0,1.0,0,103.92723681861594,1.5924931287207094
JB0500_R0068_C0088,500,68,88,41000.0,-50000.0,41500.0,-49500.0,41250.0,-49750.0,250000,250000.0,1.0,0,103.93173011876216,1.592492028672301
JB0500_R0068_C0089,500,68,89,41500.0,-50000.0,42000.0,-49500.0,41750.0,-49750.0,250000,250000.0,1.0,0,103.93622341890358,1.592490918768949
JB0500_R0068_C0090,500,68,90,42000.0,-50000.0,42500.0,-49500.0,42250.0,-49750.0,250000,250000.0,1.0,0,103.94071671904018,1.5924897990106601
JB0500_R0068_C0091,500,68,91,42500.0,-50000.0,43000.0,-49500.0,42750.0,-49750.0,250000,250000.0,1.0,0,103.94521001917191,1.5924886693974412
JB0500_R0068_C0092,500,68,92,43000.0,-50000.0,43500.0,-49500.0,43250.0,-49750.0,250000,250000.0,1.0,0,103.94970331929872,1.5924875299292995
JB0500_R0068_C0093,500,68,93,43500.0,-50000.0,44000.0,-49500.0,43750.0,-49750.0,250000,250000.0,1.0,0,103.95419661942059,1.592486380606242
JB0500_R0068_C0094,500,68,94,44000.0,-50000.0,44500.0,-49500.0,44250.0,-49750.0,250000,250000.0,1.0,0,103.95868991953745,1.5924852214282752
JB0500_R0068_C0095,500,68,95,44500.0,-50000.0,45000.0,-49500.0,44750.0,-49750.0,250000,250000.0,1.0,0,103.96318321964925,1.592484052395407
JB0500_R0068_C0096,500,68,96,45000.0,-50000.0,45500.0,-49500.0,45250.0,-49750.0,250000,250000.0,1.0,0,103.96767651975598,1.5924828735076442
JB0500_R0068_C0097,500,68,97,45500.0,-50000.0,46000.0,-49500.0,45750.0,-49750.0,250000,250000.0,1.0,0,103.9721698198576,1.5924816847649943
JB0500_R0068_C0098,500,68,98,46000.0,-50000.0,46500.0,-49500.0,46250.0,-49750.0,250000,250000.0,1.0,0,103.97666311995401,1.5924804861674642
JB0500_R0068_C0099,500,68,99,46500.0,-50000.0,47000.0,-49500.0,46750.0,-49750.0,250000,250000.0,1.0,0,103.98115642004524,1.5924792777150614
JB0500_R0068_C0100,500,68,100,47000.0,-50000.0,47500.0,-49500.0,47250.0,-49750.0,250000,209351.76243678166,0.8374070497471267,1,103.9856497201312,1.5924780594077939
JB0500_R0068_C0101,500,68,101,47500.0,-50000.0,48000.0,-49500.0,47750.0,-49750.0,250000,36021.59548747159,0.14408638194988635,1,103.99014302021187,1.5924768312456685
JB0500_R0069_C0030,500,69,30,12000.0,-49500.0,12500.0,-49000.0,12250.0,-49250.0,250000,17145.266814329418,0.06858106725731768,1,103.67111923452309,1.5970613122779527
JB0500_R0069_C0031,500,69,31,12500.0,-49500.0,13000.0,-49000.0,12750.0,-49250.0,250000,171440.90167589425,0.685763606703577,1,103.67561254467829,1.5970607724414603
JB0500_R0069_C0032,500,69,32,13000.0,-49500.0,13500.0,-49000.0,13250.0,-49250.0,250000,250000.0,1.0,0,103.68010585483113,1.5970602227217385
JB0500_R0069_C0033,500,69,33,13500.0,-49500.0,14000.0,-49000.0,13750.0,-49250.0,250000,250000.0,1.0,0,103.68459916498156,1.597059663118791
JB0500_R0069_C0034,500,69,34,14000.0,-49500.0,14500.0,-49000.0,14250.0,-49250.0,250000,250000.0,1.0,0,103.68909247512954,1.5970590936326208
JB0500_R0069_C0035,500,69,35,14500.0,-49500.0,15000.0,-49000.0,14750.0,-49250.0,250000,250000.0,1.0,0,103.693585785275,1.5970585142632319
JB0500_R0069_C0036,500,69,36,15000.0,-49500.0,15500.0,-49000.0,15250.0,-49250.0,250000,250000.0,1.0,0,103.69807909541797,1.5970579250106274
JB0500_R0069_C0037,500,69,37,15500.0,-49500.0,16000.0,-49000.0,15750.0,-49250.0,250000,250000.0,1.0,0,103.70257240555831,1.597057325874811
JB0500_R0069_C0038,500,69,38,16000.0,-49500.0,16500.0,-49000.0,16250.0,-49250.0,250000,250000.0,1.0,0,103.70706571569606,1.5970567168557865
JB0500_R0069_C0039,500,69,39,16500.0,-49500.0,17000.0,-49000.0,16750.0,-49250.0,250000,250000.0,1.0,0,103.71155902583112,1.5970560979535582
JB0500_R0069_C0040,500,69,40,17000.0,-49500.0,17500.0,-49000.0,17250.0,-49250.0,250000,250000.0,1.0,0,103.7160523359635,1.597055469168129
JB0500_R0069_C0041,500,69,41,17500.0,-49500.0,18000.0,-49000.0,17750.0,-49250.0,250000,250000.0,1.0,0,103.7205456460931,1.597054830499503
JB0500_R0069_C0042,500,69,42,18000.0,-49500.0,18500.0,-49000.0,18250.0,-49250.0,250000,250000.0,1.0,0,103.7250389562199,1.5970541819476842
JB0500_R0069_C0043,500,69,43,18500.0,-49500.0,19000.0,-49000.0,18750.0,-49250.0,250000,250000.0,1.0,0,103.72953226634388,1.597053523512677
JB0500_R0069_C0044,500,69,44,19000.0,-49500.0,19500.0,-49000.0,19250.0,-49250.0,250000,250000.0,1.0,0,103.73402557646497,1.5970528551944851
JB0500_R0069_C0045,500,69,45,19500.0,-49500.0,20000.0,-49000.0,19750.0,-49250.0,250000,250000.0,1.0,0,103.73851888658315,1.5970521769931125
JB0500_R0069_C0046,500,69,46,20000.0,-49500.0,20500.0,-49000.0,20250.0,-49250.0,250000,250000.0,1.0,0,103.74301219669833,1.5970514889085636
JB0500_R0069_C0047,500,69,47,20500.0,-49500.0,21000.0,-49000.0,20750.0,-49250.0,250000,250000.0,1.0,0,103.74750550681053,1.5970507909408427
JB0500_R0069_C0048,500,69,48,21000.0,-49500.0,21500.0,-49000.0,21250.0,-49250.0,250000,250000.0,1.0,0,103.75199881691967,1.5970500830899537
JB0500_R0069_C0049,500,69,49,21500.0,-49500.0,22000.0,-49000.0,21750.0,-49250.0,250000,250000.0,1.0,0,103.75649212702571,1.5970493653559015
JB0500_R0069_C0050,500,69,50,22000.0,-49500.0,22500.0,-49000.0,22250.0,-49250.0,250000,250000.0,1.0,0,103.76098543712861,1.59704863773869
JB0500_R0069_C0051,500,69,51,22500.0,-49500.0,23000.0,-49000.0,22750.0,-49250.0,250000,250000.0,1.0,0,103.76547874722834,1.5970479002383242
JB0500_R0069_C0052,500,69,52,23000.0,-49500.0,23500.0,-49000.0,23250.0,-49250.0,250000,250000.0,1.0,0,103.76997205732482,1.597047152854808
JB0500_R0069_C0053,500,69,53,23500.0,-49500.0,24000.0,-49000.0,23750.0,-49250.0,250000,250000.0,1.0,0,103.77446536741805,1.5970463955881467
JB0500_R0069_C0054,500,69,54,24000.0,-49500.0,24500.0,-49000.0,24250.0,-49250.0,250000,250000.0,1.0,0,103.77895867750796,1.5970456284383447
JB0500_R0069_C0055,500,69,55,24500.0,-49500.0,25000.0,-49000.0,24750.0,-49250.0,250000,250000.0,1.0,0,103.78345198759453,1.5970448514054063
JB0500_R0069_C0056,500,69,56,25000.0,-49500.0,25500.0,-49000.0,25250.0,-49250.0,250000,250000.0,1.0,0,103.7879452976777,1.597044064489337
JB0500_R0069_C0057,500,69,57,25500.0,-49500.0,26000.0,-49000.0,25750.0,-49250.0,250000,250000.0,1.0,0,103.79243860775742,1.5970432676901412
JB0500_R0069_C0058,500,69,58,26000.0,-49500.0,26500.0,-49000.0,26250.0,-49250.0,250000,250000.0,1.0,0,103.79693191783366,1.5970424610078238
JB0500_R0069_C0059,500,69,59,26500.0,-49500.0,27000.0,-49000.0,26750.0,-49250.0,250000,250000.0,1.0,0,103.80142522790638,1.59704164444239
JB0500_R0069_C0060,500,69,60,27000.0,-49500.0,27500.0,-49000.0,27250.0,-49250.0,250000,250000.0,1.0,0,103.80591853797553,1.5970408179938445
JB0500_R0069_C0061,500,69,61,27500.0,-49500.0,28000.0,-49000.0,27750.0,-49250.0,250000,250000.0,1.0,0,103.81041184804107,1.5970399816621927
JB0500_R0069_C0062,500,69,62,28000.0,-49500.0,28500.0,-49000.0,28250.0,-49250.0,250000,250000.0,1.0,0,103.81490515810295,1.5970391354474396
JB0500_R0069_C0063,500,69,63,28500.0,-49500.0,29000.0,-49000.0,28750.0,-49250.0,250000,250000.0,1.0,0,103.81939846816114,1.5970382793495908
JB0500_R0069_C0064,500,69,64,29000.0,-49500.0,29500.0,-49000.0,29250.0,-49250.0,250000,250000.0,1.0,0,103.82389177821558,1.597037413368651
JB0500_R0069_C0065,500,69,65,29500.0,-49500.0,30000.0,-49000.0,29750.0,-49250.0,250000,250000.0,1.0,0,103.82838508826623,1.5970365375046256
JB0500_R0069_C0066,500,69,66,30000.0,-49500.0,30500.0,-49000.0,30250.0,-49250.0,250000,250000.0,1.0,0,103.83287839831307,1.5970356517575204
JB0500_R0069_C0067,500,69,67,30500.0,-49500.0,31000.0,-49000.0,30750.0,-49250.0,250000,250000.0,1.0,0,103.83737170835605,1.5970347561273406
JB0500_R0069_C0068,500,69,68,31000.0,-49500.0,31500.0,-49000.0,31250.0,-49250.0,250000,250000.0,1.0,0,103.84186501839511,1.5970338506140915
JB0500_R0069_C0069,500,69,69,31500.0,-49500.0,32000.0,-49000.0,31750.0,-49250.0,250000,244152.01275461054,0.9766080510184422,1,103.8463583284302,1.5970329352177792
JB0500_R0069_C0070,500,69,70,32000.0,-49500.0,32500.0,-49000.0,32250.0,-49250.0,250000,250000.0,1.0,0,103.85085163846131,1.5970320099384088
JB0500_R0069_C0071,500,69,71,32500.0,-49500.0,33000.0,-49000.0,32750.0,-49250.0,250000,244210.82955897687,0.9768433182359074,1,103.85534494848837,1.5970310747759864
JB0500_R0069_C0072,500,69,72,33000.0,-49500.0,33500.0,-49000.0,33250.0,-49250.0,250000,240292.75058895833,0.9611710023558333,1,103.85983825851135,1.5970301297305176
JB0500_R0069_C0073,500,69,73,33500.0,-49500.0,34000.0,-49000.0,33750.0,-49250.0,250000,215714.84227055084,0.8628593690822034,1,103.8643315685302,1.5970291748020085
JB0500_R0069_C0074,500,69,74,34000.0,-49500.0,34500.0,-49000.0,34250.0,-49250.0,250000,227767.7411368864,0.9110709645475457,1,103.86882487854488,1.5970282099904645
JB0500_R0069_C0075,500,69,75,34500.0,-49500.0,35000.0,-49000.0,34750.0,-49250.0,250000,250000.0,1.0,0,103.87331818855536,1.5970272352958914
JB0500_R0069_C0076,500,69,76,35000.0,-49500.0,35500.0,-49000.0,35250.0,-49250.0,250000,250000.0,1.0,0,103.87781149856157,1.597026250718296
JB0500_R0069_C0077,500,69,77,35500.0,-49500.0,36000.0,-49000.0,35750.0,-49250.0,250000,250000.0,1.0,0,103.88230480856349,1.5970252562576839
JB0500_R0069_C0078,500,69,78,36000.0,-49500.0,36500.0,-49000.0,36250.0,-49250.0,250000,250000.0,1.0,0,103.88679811856106,1.5970242519140612
JB0500_R0069_C0079,500,69,79,36500.0,-49500.0,37000.0,-49000.0,36750.0,-49250.0,250000,250000.0,1.0,0,103.89129142855427,1.597023237687434
JB0500_R0069_C0080,500,69,80,37000.0,-49500.0,37500.0,-49000.0,37250.0,-49250.0,250000,250000.0,1.0,0,103.89578473854303,1.5970222135778087
JB0500_R0069_C0081,500,69,81,37500.0,-49500.0,38000.0,-49000.0,37750.0,-49250.0,250000,250000.0,1.0,0,103.90027804852731,1.5970211795851919
JB0500_R0069_C0082,500,69,82,38000.0,-49500.0,38500.0,-49000.0,38250.0,-49250.0,250000,250000.0,1.0,0,103.9047713585071,1.5970201357095895
JB0500_R0069_C0083,500,69,83,38500.0,-49500.0,39000.0,-49000.0,38750.0,-49250.0,250000,250000.0,1.0,0,103.90926466848234,1.597019081951008
JB0500_R0069_C0084,500,69,84,39000.0,-49500.0,39500.0,-49000.0,39250.0,-49250.0,250000,250000.0,1.0,0,103.91375797845296,1.597018018309454
JB0500_R0069_C0085,500,69,85,39500.0,-49500.0,40000.0,-49000.0,39750.0,-49250.0,250000,250000.0,1.0,0,103.91825128841894,1.597016944784934
JB0500_R0069_C0086,500,69,86,40000.0,-49500.0,40500.0,-49000.0,40250.0,-49250.0,250000,250000.0,1.0,0,103.92274459838025,1.5970158613774548
JB0500_R0069_C0087,500,69,87,40500.0,-49500.0,41000.0,-49000.0,40750.0,-49250.0,250000,250000.0,1.0,0,103.92723790833682,1.5970147680870228
JB0500_R0069_C0088,500,69,88,41000.0,-49500.0,41500.0,-49000.0,41250.0,-49250.0,250000,250000.0,1.0,0,103.93173121828863,1.597013664913645
JB0500_R0069_C0089,500,69,89,41500.0,-49500.0,42000.0,-49000.0,41750.0,-49250.0,250000,250000.0,1.0,0,103.93622452823563,1.597012551857328
JB0500_R0069_C0090,500,69,90,42000.0,-49500.0,42500.0,-49000.0,42250.0,-49250.0,250000,250000.0,1.0,0,103.94071783817775,1.5970114289180786
JB0500_R0069_C0091,500,69,91,42500.0,-49500.0,43000.0,-49000.0,42750.0,-49250.0,250000,250000.0,1.0,0,103.94521114811499,1.5970102960959038
JB0500_R0069_C0092,500,69,92,43000.0,-49500.0,43500.0,-49000.0,43250.0,-49250.0,250000,250000.0,1.0,0,103.9497044580473,1.5970091533908106
JB0500_R0069_C0093,500,69,93,43500.0,-49500.0,44000.0,-49000.0,43750.0,-49250.0,250000,250000.0,1.0,0,103.95419776797459,1.5970080008028062
JB0500_R0069_C0094,500,69,94,44000.0,-49500.0,44500.0,-49000.0,44250.0,-49250.0,250000,250000.0,1.0,0,103.95869107789687,1.5970068383318976
JB0500_R0069_C0095,500,69,95,44500.0,-49500.0,45000.0,-49000.0,44750.0,-49250.0,250000,250000.0,1.0,0,103.96318438781408,1.5970056659780918
JB0500_R0069_C0096,500,69,96,45000.0,-49500.0,45500.0,-49000.0,45250.0,-49250.0,250000,250000.0,1.0,0,103.96767769772617,1.5970044837413961
JB0500_R0069_C0097,500,69,97,45500.0,-49500.0,46000.0,-49000.0,45750.0,-49250.0,250000,250000.0,1.0,0,103.97217100763312,1.597003291621818
JB0500_R0069_C0098,500,69,98,46000.0,-49500.0,46500.0,-49000.0,46250.0,-49250.0,250000,250000.0,1.0,0,103.97666431753485,1.5970020896193644
JB0500_R0069_C0099,500,69,99,46500.0,-49500.0,47000.0,-49000.0,46750.0,-49250.0,250000,175109.34007506928,0.7004373603002771,1,103.98115762743136,1.597000877734043
JB0500_R0069_C0100,500,69,100,47000.0,-49500.0,47500.0,-49000.0,47250.0,-49250.0,250000,13864.135060072249,0.055456540240288996,1,103.98565093732257,1.5969996559658612
JB0500_R0070_C0031,500,70,31,12500.0,-49000.0,13000.0,-48500.0,12750.0,-48750.0,250000,540.9934079206694,0.0021639736316826775,1,103.6756130867848,1.601582541924891
JB0500_R0070_C0032,500,70,32,13000.0,-49000.0,13500.0,-48500.0,13250.0,-48750.0,250000,105981.02201049005,0.4239240880419602,1,103.6801064067722,1.6015819906479665
JB0500_R0070_C0033,500,70,33,13500.0,-49000.0,14000.0,-48500.0,13750.0,-48750.0,250000,242603.35206409072,0.9704134082563629,1,103.68459972675718,1.6015814294598196
JB0500_R0070_C0034,500,70,34,14000.0,-49000.0,14500.0,-48500.0,14250.0,-48750.0,250000,250000.0,1.0,0,103.68909304673969,1.601580858360454
JB0500_R0070_C0035,500,70,35,14500.0,-49000.0,15000.0,-48500.0,14750.0,-48750.0,250000,250000.0,1.0,0,103.6935863667197,1.6015802773498728
JB0500_R0070_C0036,500,70,36,15000.0,-49000.0,15500.0,-48500.0,15250.0,-48750.0,250000,250000.0,1.0,0,103.69807968669716,1.60157968642808
JB0500_R0070_C0037,500,70,37,15500.0,-49000.0,16000.0,-48500.0,15750.0,-48750.0,250000,250000.0,1.0,0,103.70257300667203,1.601579085595079
JB0500_R0070_C0038,500,70,38,16000.0,-49000.0,16500.0,-48500.0,16250.0,-48750.0,250000,250000.0,1.0,0,103.70706632664424,1.6015784748508735
JB0500_R0070_C0039,500,70,39,16500.0,-49000.0,17000.0,-48500.0,16750.0,-48750.0,250000,250000.0,1.0,0,103.71155964661378,1.6015778541954673
JB0500_R0070_C0040,500,70,40,17000.0,-49000.0,17500.0,-48500.0,17250.0,-48750.0,250000,250000.0,1.0,0,103.71605296658059,1.6015772236288643
JB0500_R0070_C0041,500,70,41,17500.0,-49000.0,18000.0,-48500.0,17750.0,-48750.0,250000,250000.0,1.0,0,103.72054628654463,1.6015765831510684
JB0500_R0070_C0042,500,70,42,18000.0,-49000.0,18500.0,-48500.0,18250.0,-48750.0,250000,250000.0,1.0,0,103.72503960650587,1.601575932762083
JB0500_R0070_C0043,500,70,43,18500.0,-49000.0,19000.0,-48500.0,18750.0,-48750.0,250000,250000.0,1.0,0,103.72953292646424,1.601575272461913
JB0500_R0070_C0044,500,70,44,19000.0,-49000.0,19500.0,-48500.0,19250.0,-48750.0,250000,250000.0,1.0,0,103.73402624641973,1.601574602250562
JB0500_R0070_C0045,500,70,45,19500.0,-49000.0,20000.0,-48500.0,19750.0,-48750.0,250000,250000.0,1.0,0,103.73851956637228,1.601573922128034
JB0500_R0070_C0046,500,70,46,20000.0,-49000.0,20500.0,-48500.0,20250.0,-48750.0,250000,250000.0,1.0,0,103.74301288632182,1.6015732320943334
JB0500_R0070_C0047,500,70,47,20500.0,-49000.0,21000.0,-48500.0,20750.0,-48750.0,250000,250000.0,1.0,0,103.74750620626835,1.6015725321494643
JB0500_R0070_C0048,500,70,48,21000.0,-49000.0,21500.0,-48500.0,21250.0,-48750.0,250000,250000.0,1.0,0,103.75199952621182,1.6015718222934312
JB0500_R0070_C0049,500,70,49,21500.0,-49000.0,22000.0,-48500.0,21750.0,-48750.0,250000,250000.0,1.0,0,103.75649284615217,1.6015711025262385
JB0500_R0070_C0050,500,70,50,22000.0,-49000.0,22500.0,-48500.0,22250.0,-48750.0,250000,250000.0,1.0,0,103.76098616608934,1.6015703728478903
JB0500_R0070_C0051,500,70,51,22500.0,-49000.0,23000.0,-48500.0,22750.0,-48750.0,250000,250000.0,1.0,0,103.76547948602334,1.6015696332583915
JB0500_R0070_C0052,500,70,52,23000.0,-49000.0,23500.0,-48500.0,23250.0,-48750.0,250000,250000.0,1.0,0,103.76997280595408,1.6015688837577462
JB0500_R0070_C0053,500,70,53,23500.0,-49000.0,24000.0,-48500.0,23750.0,-48750.0,250000,250000.0,1.0,0,103.77446612588155,1.6015681243459594
JB0500_R0070_C0054,500,70,54,24000.0,-49000.0,24500.0,-48500.0,24250.0,-48750.0,250000,250000.0,1.0,0,103.77895944580567,1.6015673550230358
JB0500_R0070_C0055,500,70,55,24500.0,-49000.0,25000.0,-48500.0,24750.0,-48750.0,250000,250000.0,1.0,0,103.78345276572642,1.60156657578898
JB0500_R0070_C0056,500,70,56,25000.0,-49000.0,25500.0,-48500.0,25250.0,-48750.0,250000,250000.0,1.0,0,103.78794608564377,1.6015657866437965
JB0500_R0070_C0057,500,70,57,25500.0,-49000.0,26000.0,-48500.0,25750.0,-48750.0,250000,250000.0,1.0,0,103.79243940555763,1.6015649875874907
JB0500_R0070_C0058,500,70,58,26000.0,-49000.0,26500.0,-48500.0,26250.0,-48750.0,250000,250000.0,1.0,0,103.79693272546803,1.6015641786200674
JB0500_R0070_C0059,500,70,59,26500.0,-49000.0,27000.0,-48500.0,26750.0,-48750.0,250000,250000.0,1.0,0,103.80142604537484,1.6015633597415313
JB0500_R0070_C0060,500,70,60,27000.0,-49000.0,27500.0,-48500.0,27250.0,-48750.0,250000,250000.0,1.0,0,103.8059193652781,1.6015625309518875
JB0500_R0070_C0061,500,70,61,27500.0,-49000.0,28000.0,-48500.0,27750.0,-48750.0,250000,250000.0,1.0,0,103.81041268517771,1.6015616922511413
JB0500_R0070_C0062,500,70,62,28000.0,-49000.0,28500.0,-48500.0,28250.0,-48750.0,250000,250000.0,1.0,0,103.81490600507364,1.6015608436392978
JB0500_R0070_C0063,500,70,63,28500.0,-49000.0,29000.0,-48500.0,28750.0,-48750.0,250000,250000.0,1.0,0,103.81939932496586,1.6015599851163622
JB0500_R0070_C0064,500,70,64,29000.0,-49000.0,29500.0,-48500.0,29250.0,-48750.0,250000,250000.0,1.0,0,103.82389264485433,1.60155911668234
JB0500_R0070_C0065,500,70,65,29500.0,-49000.0,30000.0,-48500.0,29750.0,-48750.0,250000,250000.0,1.0,0,103.82838596473897,1.601558238337236
JB0500_R0070_C0066,500,70,66,30000.0,-49000.0,30500.0,-48500.0,30250.0,-48750.0,250000,250000.0,1.0,0,103.83287928461978,1.6015573500810563
JB0500_R0070_C0067,500,70,67,30500.0,-49000.0,31000.0,-48500.0,30750.0,-48750.0,250000,250000.0,1.0,0,103.8373726044967,1.6015564519138057
JB0500_R0070_C0068,500,70,68,31000.0,-49000.0,31500.0,-48500.0,31250.0,-48750.0,250000,195568.86334331642,0.7822754533732657,1,103.84186592436967,1.6015555438354903
JB0500_R0070_C0069,500,70,69,31500.0,-49000.0,32000.0,-48500.0,31750.0,-48750.0,250000,29353.15047487956,0.11741260189951824,1,103.84635924423867,1.6015546258461153
JB0500_R0070_C0070,500,70,70,32000.0,-49000.0,32500.0,-48500.0,32250.0,-48750.0,250000,153975.88329707165,0.6159035331882866,1,103.85085256410365,1.6015536979456866
JB0500_R0070_C0071,500,70,71,32500.0,-49000.0,33000.0,-48500.0,32750.0,-48750.0,250000,35624.532324422784,0.14249812929769112,1,103.85534588396457,1.6015527601342097
JB0500_R0070_C0072,500,70,72,33000.0,-49000.0,33500.0,-48500.0,33250.0,-48750.0,250000,34975.806517652745,0.13990322607061098,1,103.85983920382138,1.6015518124116905
JB0500_R0070_C0073,500,70,73,33500.0,-49000.0,34000.0,-48500.0,33750.0,-48750.0,250000,29437.17490761344,0.11774869963045376,1,103.86433252367404,1.601550854778135
JB0500_R0070_C0074,500,70,74,34000.0,-49000.0,34500.0,-48500.0,34250.0,-48750.0,250000,49483.943664209204,0.19793577465683682,1,103.86882584352252,1.601549887233549
JB0500_R0070_C0075,500,70,75,34500.0,-49000.0,35000.0,-48500.0,34750.0,-48750.0,250000,236765.0536654907,0.9470602146619628,1,103.87331916336674,1.601548909777938
JB0500_R0070_C0076,500,70,76,35000.0,-49000.0,35500.0,-48500.0,35250.0,-48750.0,250000,240096.32737399256,0.9603853094959702,1,103.8778124832067,1.601547922411309
JB0500_R0070_C0077,500,70,77,35500.0,-49000.0,36000.0,-48500.0,35750.0,-48750.0,250000,166502.7547924977,0.6660110191699908,1,103.88230580304233,1.6015469251336671
JB0500_R0070_C0078,500,70,78,36000.0,-49000.0,36500.0,-48500.0,36250.0,-48750.0,250000,250000.0,1.0,0,103.8867991228736,1.6015459179450189
JB0500_R0070_C0079,500,70,79,36500.0,-49000.0,37000.0,-48500.0,36750.0,-48750.0,250000,250000.0,1.0,0,103.89129244270045,1.6015449008453704
JB0500_R0070_C0080,500,70,80,37000.0,-49000.0,37500.0,-48500.0,37250.0,-48750.0,250000,250000.0,1.0,0,103.89578576252285,1.6015438738347283
JB0500_R0070_C0081,500,70,81,37500.0,-49000.0,38000.0,-48500.0,37750.0,-48750.0,250000,250000.0,1.0,0,103.90027908234076,1.6015428369130986
JB0500_R0070_C0082,500,70,82,38000.0,-49000.0,38500.0,-48500.0,38250.0,-48750.0,250000,250000.0,1.0,0,103.90477240215414,1.6015417900804876
JB0500_R0070_C0083,500,70,83,38500.0,-49000.0,39000.0,-48500.0,38750.0,-48750.0,250000,250000.0,1.0,0,103.90926572196292,1.6015407333369018
JB0500_R0070_C0084,500,70,84,39000.0,-49000.0,39500.0,-48500.0,39250.0,-48750.0,250000,250000.0,1.0,0,103.91375904176708,1.601539666682348
JB0500_R0070_C0085,500,70,85,39500.0,-49000.0,40000.0,-48500.0,39750.0,-48750.0,250000,250000.0,1.0,0,103.91825236156657,1.6015385901168326
JB0500_R0070_C0086,500,70,86,40000.0,-49000.0,40500.0,-48500.0,40250.0,-48750.0,250000,250000.0,1.0,0,103.92274568136136,1.601537503640362
JB0500_R0070_C0087,500,70,87,40500.0,-49000.0,41000.0,-48500.0,40750.0,-48750.0,250000,250000.0,1.0,0,103.92723900115139,1.6015364072529432
JB0500_R0070_C0088,500,70,88,41000.0,-49000.0,41500.0,-48500.0,41250.0,-48750.0,250000,250000.0,1.0,0,103.93173232093662,1.6015353009545825
JB0500_R0070_C0089,500,70,89,41500.0,-49000.0,42000.0,-48500.0,41750.0,-48750.0,250000,250000.0,1.0,0,103.93622564071703,1.6015341847452873
JB0500_R0070_C0090,500,70,90,42000.0,-49000.0,42500.0,-48500.0,42250.0,-48750.0,250000,250000.0,1.0,0,103.94071896049253,1.6015330586250642
JB0500_R0070_C0091,500,70,91,42500.0,-49000.0,43000.0,-48500.0,42750.0,-48750.0,250000,250000.0,1.0,0,103.9452122802631,1.6015319225939204
JB0500_R0070_C0092,500,70,92,43000.0,-49000.0,43500.0,-48500.0,43250.0,-48750.0,250000,250000.0,1.0,0,103.94970560002872,1.6015307766518623
JB0500_R0070_C0093,500,70,93,43500.0,-49000.0,44000.0,-48500.0,43750.0,-48750.0,250000,250000.0,1.0,0,103.95419891978932,1.6015296207988976
JB0500_R0070_C0094,500,70,94,44000.0,-49000.0,44500.0,-48500.0,44250.0,-48750.0,250000,250000.0,1.0,0,103.95869223954486,1.601528455035033
JB0500_R0070_C0095,500,70,95,44500.0,-49000.0,45000.0,-48500.0,44750.0,-48750.0,250000,250000.0,1.0,0,103.96318555929531,1.601527279360276
JB0500_R0070_C0096,500,70,96,45000.0,-49000.0,45500.0,-48500.0,45250.0,-48750.0,250000,250000.0,1.0,0,103.96767887904059,1.6015260937746334
JB0500_R0070_C0097,500,70,97,45500.0,-49000.0,46000.0,-48500.0,45750.0,-48750.0,250000,250000.0,1.0,0,103.97217219878073,1.6015248982781127
JB0500_R0070_C0098,500,70,98,46000.0,-49000.0,46500.0,-48500.0,46250.0,-48750.0,250000,211322.01382543004,0.8452880553017201,1,103.9766655185156,1.6015236928707215
JB0500_R0070_C0099,500,70,99,46500.0,-49000.0,47000.0,-48500.0,46750.0,-48750.0,250000,2272.1534600446007,0.009088613840178403,1,103.98115883824521,1.601522477552467
JB0500_R0071_C0033,500,71,33,13500.0,-48500.0,14000.0,-48000.0,13750.0,-48250.0,250000,46894.113211562486,0.18757645284624994,1,103.68460029012316,1.6061031956004217
JB0500_R0071_C0034,500,71,34,14000.0,-48500.0,14500.0,-48000.0,14250.0,-48250.0,250000,220217.76682340895,0.8808710672936358,1,103.68909361996806,1.6061026228878537
JB0500_R0071_C0035,500,71,35,14500.0,-48500.0,15000.0,-48000.0,14750.0,-48250.0,250000,250000.0,1.0,0,103.69358694981044,1.606102040236074
JB0500_R0071_C0036,500,71,36,15000.0,-48500.0,15500.0,-48000.0,15250.0,-48250.0,250000,250000.0,1.0,0,103.69808027965024,1.6061014476450854
JB0500_R0071_C0037,500,71,37,15500.0,-48500.0,16000.0,-48000.0,15750.0,-48250.0,250000,250000.0,1.0,0,103.70257360948744,1.6061008451148926
JB0500_R0071_C0038,500,71,38,16000.0,-48500.0,16500.0,-48000.0,16250.0,-48250.0,250000,250000.0,1.0,0,103.70706693932199,1.6061002326454987
JB0500_R0071_C0039,500,71,39,16500.0,-48500.0,17000.0,-48000.0,16750.0,-48250.0,250000,250000.0,1.0,0,103.71156026915385,1.6060996102369076
JB0500_R0071_C0040,500,71,40,17000.0,-48500.0,17500.0,-48000.0,17250.0,-48250.0,250000,250000.0,1.0,0,103.71605359898295,1.6060989778891233
JB0500_R0071_C0041,500,71,41,17500.0,-48500.0,18000.0,-48000.0,17750.0,-48250.0,250000,250000.0,1.0,0,103.72054692880927,1.6060983356021497
JB0500_R0071_C0042,500,71,42,18000.0,-48500.0,18500.0,-48000.0,18250.0,-48250.0,250000,250000.0,1.0,0,103.72504025863277,1.6060976833759901
JB0500_R0071_C0043,500,71,43,18500.0,-48500.0,19000.0,-48000.0,18750.0,-48250.0,250000,250000.0,1.0,0,103.72953358845339,1.6060970212106496
JB0500_R0071_C0044,500,71,44,19000.0,-48500.0,19500.0,-48000.0,19250.0,-48250.0,250000,250000.0,1.0,0,103.73402691827111,1.6060963491061313
JB0500_R0071_C0045,500,71,45,19500.0,-48500.0,20000.0,-48000.0,19750.0,-48250.0,250000,250000.0,1.0,0,103.73852024808588,1.6060956670624398
JB0500_R0071_C0046,500,71,46,20000.0,-48500.0,20500.0,-48000.0,20250.0,-48250.0,250000,250000.0,1.0,0,103.74301357789761,1.6060949750795792
JB0500_R0071_C0047,500,71,47,20500.0,-48500.0,21000.0,-48000.0,20750.0,-48250.0,250000,250000.0,1.0,0,103.74750690770632,1.6060942731575538
JB0500_R0071_C0048,500,71,48,21000.0,-48500.0,21500.0,-48000.0,21250.0,-48250.0,250000,250000.0,1.0,0,103.75200023751195,1.6060935612963683
JB0500_R0071_C0049,500,71,49,21500.0,-48500.0,22000.0,-48000.0,21750.0,-48250.0,250000,250000.0,1.0,0,103.75649356731442,1.6060928394960265
JB0500_R0071_C0050,500,71,50,22000.0,-48500.0,22500.0,-48000.0,22250.0,-48250.0,250000,250000.0,1.0,0,103.76098689711374,1.6060921077565329
JB0500_R0071_C0051,500,71,51,22500.0,-48500.0,23000.0,-48000.0,22750.0,-48250.0,250000,250000.0,1.0,0,103.76548022690984,1.6060913660778924
JB0500_R0071_C0052,500,71,52,23000.0,-48500.0,23500.0,-48000.0,23250.0,-48250.0,250000,250000.0,1.0,0,103.76997355670268,1.6060906144601093
JB0500_R0071_C0053,500,71,53,23500.0,-48500.0,24000.0,-48000.0,23750.0,-48250.0,250000,250000.0,1.0,0,103.7744668864922,1.606089852903188
JB0500_R0071_C0054,500,71,54,24000.0,-48500.0,24500.0,-48000.0,24250.0,-48250.0,250000,250000.0,1.0,0,103.77896021627838,1.6060890814071338
JB0500_R0071_C0055,500,71,55,24500.0,-48500.0,25000.0,-48000.0,24750.0,-48250.0,250000,250000.0,1.0,0,103.78345354606117,1.6060882999719508
JB0500_R0071_C0056,500,71,56,25000.0,-48500.0,25500.0,-48000.0,25250.0,-48250.0,250000,250000.0,1.0,0,103.78794687584053,1.6060875085976445
JB0500_R0071_C0057,500,71,57,25500.0,-48500.0,26000.0,-48000.0,25750.0,-48250.0,250000,250000.0,1.0,0,103.7924402056164,1.606086707284219
JB0500_R0071_C0058,500,71,58,26000.0,-48500.0,26500.0,-48000.0,26250.0,-48250.0,250000,250000.0,1.0,0,103.79693353538875,1.60608589603168
JB0500_R0071_C0059,500,71,59,26500.0,-48500.0,27000.0,-48000.0,26750.0,-48250.0,250000,250000.0,1.0,0,103.80142686515754,1.606085074840032
JB0500_R0071_C0060,500,71,60,27000.0,-48500.0,27500.0,-48000.0,27250.0,-48250.0,250000,250000.0,1.0,0,103.80592019492272,1.6060842437092802
JB0500_R0071_C0061,500,71,61,27500.0,-48500.0,28000.0,-48000.0,27750.0,-48250.0,250000,250000.0,1.0,0,103.81041352468425,1.6060834026394295
JB0500_R0071_C0062,500,71,62,28000.0,-48500.0,28500.0,-48000.0,28250.0,-48250.0,250000,250000.0,1.0,0,103.81490685444207,1.6060825516304855
JB0500_R0071_C0063,500,71,63,28500.0,-48500.0,29000.0,-48000.0,28750.0,-48250.0,250000,250000.0,1.0,0,103.81940018419616,1.6060816906824533
JB0500_R0071_C0064,500,71,64,29000.0,-48500.0,29500.0,-48000.0,29250.0,-48250.0,250000,250000.0,1.0,0,103.82389351394647,1.606080819795338
JB0500_R0071_C0065,500,71,65,29500.0,-48500.0,30000.0,-48000.0,29750.0,-48250.0,250000,250000.0,1.0,0,103.82838684369295,1.6060799389691454
JB0500_R0071_C0066,500,71,66,30000.0,-48500.0,30500.0,-48000.0,30250.0,-48250.0,250000,250000.0,1.0,0,103.83288017343557,1.6060790482038803
JB0500_R0071_C0067,500,71,67,30500.0,-48500.0,31000.0,-48000.0,30750.0,-48250.0,250000,180560.81146042052,0.7222432458416821,1,103.83737350317426,1.6060781474995485
JB0500_R0071_C0068,500,71,68,31000.0,-48500.0,31500.0,-48000.0,31250.0,-48250.0,250000,10855.332648053301,0.0434213305922132,1,103.841866832909,1.6060772368561556
JB0500_R0071_C0075,500,71,75,34500.0,-48500.0,35000.0,-48000.0,34750.0,-48250.0,250000,64303.63372517382,0.2572145349006953,1,103.87332014093778,1.6060705840591731
JB0500_R0071_C0076,500,71,76,35000.0,-48500.0,35500.0,-48000.0,35250.0,-48250.0,250000,57224.96109507101,0.22889984438028405,1,103.87781347063931,1.6060695939034983
JB0500_R0071_C0077,500,71,77,35500.0,-48500.0,36000.0,-48000.0,35750.0,-48250.0,250000,2600.1282227011466,0.010400512890804587,1,103.8823068003365,1.606068593808815
JB0500_R0071_C0078,500,71,78,36000.0,-48500.0,36500.0,-48000.0,36250.0,-48250.0,250000,185778.4537860947,0.7431138151443788,1,103.88680013002929,1.6060675837751295
JB0500_R0071_C0079,500,71,79,36500.0,-48500.0,37000.0,-48000.0,36750.0,-48250.0,250000,250000.0,1.0,0,103.89129345971764,1.6060665638024478
JB0500_R0071_C0080,500,71,80,37000.0,-48500.0,37500.0,-48000.0,37250.0,-48250.0,250000,250000.0,1.0,0,103.89578678940153,1.6060655338907763
JB0500_R0071_C0081,500,71,81,37500.0,-48500.0,38000.0,-48000.0,37750.0,-48250.0,250000,250000.0,1.0,0,103.90028011908089,1.6060644940401216
JB0500_R0071_C0082,500,71,82,38000.0,-48500.0,38500.0,-48000.0,38250.0,-48250.0,250000,250000.0,1.0,0,103.90477344875568,1.60606344425049
JB0500_R0071_C0083,500,71,83,38500.0,-48500.0,39000.0,-48000.0,38750.0,-48250.0,250000,250000.0,1.0,0,103.90926677842587,1.6060623845218873
JB0500_R0071_C0084,500,71,84,39000.0,-48500.0,39500.0,-48000.0,39250.0,-48250.0,250000,250000.0,1.0,0,103.9137601080914,1.606061314854321
JB0500_R0071_C0085,500,71,85,39500.0,-48500.0,40000.0,-48000.0,39750.0,-48250.0,250000,250000.0,1.0,0,103.91825343775224,1.606060235247797
JB0500_R0071_C0086,500,71,86,40000.0,-48500.0,40500.0,-48000.0,40250.0,-48250.0,250000,250000.0,1.0,0,103.92274676740834,1.6060591457023223
JB0500_R0071_C0087,500,71,87,40500.0,-48500.0,41000.0,-48000.0,40750.0,-48250.0,250000,250000.0,1.0,0,103.92724009705968,1.6060580462179037
JB0500_R0071_C0088,500,71,88,41000.0,-48500.0,41500.0,-48000.0,41250.0,-48250.0,250000,250000.0,1.0,0,103.93173342670617,1.6060569367945474
JB0500_R0071_C0089,500,71,89,41500.0,-48500.0,42000.0,-48000.0,41750.0,-48250.0,250000,250000.0,1.0,0,103.9362267563478,1.6060558174322608
JB0500_R0071_C0090,500,71,90,42000.0,-48500.0,42500.0,-48000.0,42250.0,-48250.0,250000,250000.0,1.0,0,103.94072008598452,1.6060546881310507
JB0500_R0071_C0091,500,71,91,42500.0,-48500.0,43000.0,-48000.0,42750.0,-48250.0,250000,250000.0,1.0,0,103.9452134156163,1.606053548890924
JB0500_R0071_C0092,500,71,92,43000.0,-48500.0,43500.0,-48000.0,43250.0,-48250.0,250000,250000.0,1.0,0,103.94970674524306,1.6060523997118876
JB0500_R0071_C0093,500,71,93,43500.0,-48500.0,44000.0,-48000.0,43750.0,-48250.0,250000,250000.0,1.0,0,103.95420007486479,1.6060512405939487
JB0500_R0071_C0094,500,71,94,44000.0,-48500.0,44500.0,-48000.0,44250.0,-48250.0,250000,250000.0,1.0,0,103.95869340448142,1.6060500715371144
JB0500_R0071_C0095,500,71,95,44500.0,-48500.0,45000.0,-48000.0,44750.0,-48250.0,250000,250000.0,1.0,0,103.96318673409293,1.606048892541392
JB0500_R0071_C0096,500,71,96,45000.0,-48500.0,45500.0,-48000.0,45250.0,-48250.0,250000,250000.0,1.0,0,103.96768006369928,1.6060477036067886
JB0500_R0071_C0097,500,71,97,45500.0,-48500.0,46000.0,-48000.0,45750.0,-48250.0,250000,250000.0,1.0,0,103.9721733933004,1.6060465047333115
JB0500_R0071_C0098,500,71,98,46000.0,-48500.0,46500.0,-48000.0,46250.0,-48250.0,250000,102392.57843991072,0.40957031375964287,1,103.97666672289627,1.6060452959209683
JB0500_R0072_C0033,500,72,33,13500.0,-48000.0,14000.0,-47500.0,13750.0,-47750.0,250000,42029.15811293828,0.16811663245175312,1,103.68460085507952,1.6106249615400317
JB0500_R0072_C0034,500,72,34,14000.0,-48000.0,14500.0,-47500.0,14250.0,-47750.0,250000,239481.06512838995,0.9579242605135598,1,103.68909419481466,1.6106243872142545
JB0500_R0072_C0035,500,72,35,14500.0,-48000.0,15000.0,-47500.0,14750.0,-47750.0,250000,222745.71080566803,0.8909828432226721,1,103.69358753454725,1.610623802921269
JB0500_R0072_C0036,500,72,36,15000.0,-48000.0,15500.0,-47500.0,15250.0,-47750.0,250000,67924.56571588825,0.27169826286355303,1,103.69808087427725,1.610623208661078
JB0500_R0072_C0037,500,72,37,15500.0,-48000.0,16000.0,-47500.0,15750.0,-47750.0,250000,236926.73060368022,0.9477069224147209,1,103.70257421400463,1.6106226044336862
JB0500_R0072_C0038,500,72,38,16000.0,-48000.0,16500.0,-47500.0,16250.0,-47750.0,250000,250000.0,1.0,0,103.70706755372935,1.6106219902390968
JB0500_R0072_C0039,500,72,39,16500.0,-48000.0,17000.0,-47500.0,16750.0,-47750.0,250000,250000.0,1.0,0,103.71156089345135,1.6106213660773134
JB0500_R0072_C0040,500,72,40,17000.0,-48000.0,17500.0,-47500.0,17250.0,-47750.0,250000,250000.0,1.0,0,103.7160542331706,1.6106207319483403
JB0500_R0072_C0041,500,72,41,17500.0,-48000.0,18000.0,-47500.0,17750.0,-47750.0,250000,250000.0,1.0,0,103.72054757288703,1.610620087852181
JB0500_R0072_C0042,500,72,42,18000.0,-48000.0,18500.0,-47500.0,18250.0,-47750.0,250000,250000.0,1.0,0,103.72504091260063,1.6106194337888398
JB0500_R0072_C0043,500,72,43,18500.0,-48000.0,19000.0,-47500.0,18750.0,-47750.0,250000,250000.0,1.0,0,103.72953425231134,1.6106187697583205
JB0500_R0072_C0044,500,72,44,19000.0,-48000.0,19500.0,-47500.0,19250.0,-47750.0,250000,250000.0,1.0,0,103.73402759201913,1.6106180957606273
JB0500_R0072_C0045,500,72,45,19500.0,-48000.0,20000.0,-47500.0,19750.0,-47750.0,250000,250000.0,1.0,0,103.73852093172394,1.6106174117957641
JB0500_R0072_C0046,500,72,46,20000.0,-48000.0,20500.0,-47500.0,20250.0,-47750.0,250000,250000.0,1.0,0,103.74301427142572,1.6106167178637356
JB0500_R0072_C0047,500,72,47,20500.0,-48000.0,21000.0,-47500.0,20750.0,-47750.0,250000,250000.0,1.0,0,103.74750761112445,1.6106160139645458
JB0500_R0072_C0048,500,72,48,21000.0,-48000.0,21500.0,-47500.0,21250.0,-47750.0,250000,250000.0,1.0,0,103.75200095082008,1.6106153000981989
JB0500_R0072_C0049,500,72,49,21500.0,-48000.0,22000.0,-47500.0,21750.0,-47750.0,250000,250000.0,1.0,0,103.75649429051255,1.6106145762646997
JB0500_R0072_C0050,500,72,50,22000.0,-48000.0,22500.0,-47500.0,22250.0,-47750.0,250000,250000.0,1.0,0,103.76098763020183,1.6106138424640521
JB0500_R0072_C0051,500,72,51,22500.0,-48000.0,23000.0,-47500.0,22750.0,-47750.0,250000,250000.0,1.0,0,103.76548096988788,1.610613098696261
JB0500_R0072_C0052,500,72,52,23000.0,-48000.0,23500.0,-47500.0,23250.0,-47750.0,250000,250000.0,1.0,0,103.76997430957063,1.6106123449613308
JB0500_R0072_C0053,500,72,53,23500.0,-48000.0,24000.0,-47500.0,23750.0,-47750.0,250000,250000.0,1.0,0,103.77446764925007,1.6106115812592665
JB0500_R0072_C0054,500,72,54,24000.0,-48000.0,24500.0,-47500.0,24250.0,-47750.0,250000,250000.0,1.0,0,103.77896098892616,1.6106108075900722
JB0500_R0072_C0055,500,72,55,24500.0,-48000.0,25000.0,-47500.0,24750.0,-47750.0,250000,250000.0,1.0,0,103.78345432859882,1.6106100239537533
JB0500_R0072_C0056,500,72,56,25000.0,-48000.0,25500.0,-47500.0,25250.0,-47750.0,250000,250000.0,1.0,0,103.78794766826803,1.6106092303503143
JB0500_R0072_C0057,500,72,57,25500.0,-48000.0,26000.0,-47500.0,25750.0,-47750.0,250000,250000.0,1.0,0,103.79244100793373,1.61060842677976
JB0500_R0072_C0058,500,72,58,26000.0,-48000.0,26500.0,-47500.0,26250.0,-47750.0,250000,250000.0,1.0,0,103.7969343475959,1.6106076132420954
JB0500_R0072_C0059,500,72,59,26500.0,-48000.0,27000.0,-47500.0,26750.0,-47750.0,250000,250000.0,1.0,0,103.80142768725449,1.610606789737326
JB0500_R0072_C0060,500,72,60,27000.0,-48000.0,27500.0,-47500.0,27250.0,-47750.0,250000,250000.0,1.0,0,103.80592102690943,1.610605956265456
JB0500_R0072_C0061,500,72,61,27500.0,-48000.0,28000.0,-47500.0,27750.0,-47750.0,250000,250000.0,1.0,0,103.8104143665607,1.6106051128264913
JB0500_R0072_C0062,500,72,62,28000.0,-48000.0,28500.0,-47500.0,28250.0,-47750.0,250000,250000.0,1.0,0,103.81490770620829,1.6106042594204366
JB0500_R0072_C0063,500,72,63,28500.0,-48000.0,29000.0,-47500.0,28750.0,-47750.0,250000,250000.0,1.0,0,103.81940104585208,1.6106033960472976
JB0500_R0072_C0064,500,72,64,29000.0,-48000.0,29500.0,-47500.0,29250.0,-47750.0,250000,250000.0,1.0,0,103.82389438549208,1.610602522707079
JB0500_R0072_C0065,500,72,65,29500.0,-48000.0,30000.0,-47500.0,29750.0,-47750.0,250000,250000.0,1.0,0,103.82838772512822,1.6106016393997868
JB0500_R0072_C0066,500,72,66,30000.0,-48000.0,30500.0,-47500.0,30250.0,-47750.0,250000,168118.012130313,0.672472048521252,1,103.83288106476049,1.6106007461254261
JB0500_R0072_C0067,500,72,67,30500.0,-48000.0,31000.0,-47500.0,30750.0,-47750.0,250000,6729.0402496417255,0.0269161609985669,1,103.83737440438881,1.6105998428840025
JB0500_R0072_C0078,500,72,78,36000.0,-48000.0,36500.0,-47500.0,36250.0,-47750.0,250000,24530.642639898015,0.09812257055959206,1,103.88680114002818,1.6105892494038263
JB0500_R0072_C0079,500,72,79,36500.0,-48000.0,37000.0,-47500.0,36750.0,-47750.0,250000,227746.21842476717,0.9109848736990687,1,103.89129447960588,1.6105882265580993
JB0500_R0072_C0080,500,72,80,37000.0,-48000.0,37500.0,-47500.0,37250.0,-47750.0,250000,250000.0,1.0,0,103.89578781917908,1.6105871937453864
JB0500_R0072_C0081,500,72,81,37500.0,-48000.0,38000.0,-47500.0,37750.0,-47750.0,250000,250000.0,1.0,0,103.90028115874772,1.6105861509656942
JB0500_R0072_C0082,500,72,82,38000.0,-48000.0,38500.0,-47500.0,38250.0,-47750.0,250000,250000.0,1.0,0,103.90477449831178,1.610585098219029
JB0500_R0072_C0083,500,72,83,38500.0,-48000.0,39000.0,-47500.0,38750.0,-47750.0,250000,250000.0,1.0,0,103.90926783787121,1.6105840355053975
JB0500_R0072_C0084,500,72,84,39000.0,-48000.0,39500.0,-47500.0,39250.0,-47750.0,250000,250000.0,1.0,0,103.91376117742595,1.6105829628248056
JB0500_R0072_C0085,500,72,85,39500.0,-48000.0,40000.0,-47500.0,39750.0,-47750.0,250000,250000.0,1.0,0,103.91825451697599,1.6105818801772607
JB0500_R0072_C0086,500,72,86,40000.0,-48000.0,40500.0,-47500.0,40250.0,-47750.0,250000,250000.0,1.0,0,103.92274785652126,1.610580787562769
JB0500_R0072_C0087,500,72,87,40500.0,-48000.0,41000.0,-47500.0,40750.0,-47750.0,250000,250000.0,1.0,0,103.92724119606171,1.6105796849813374
JB0500_R0072_C0088,500,72,88,41000.0,-48000.0,41500.0,-47500.0,41250.0,-47750.0,250000,250000.0,1.0,0,103.93173453559731,1.6105785724329724
JB0500_R0072_C0089,500,72,89,41500.0,-48000.0,42000.0,-47500.0,41750.0,-47750.0,250000,250000.0,1.0,0,103.93622787512803,1.6105774499176813
JB0500_R0072_C0090,500,72,90,42000.0,-48000.0,42500.0,-47500.0,42250.0,-47750.0,250000,250000.0,1.0,0,103.94072121465379,1.6105763174354706
JB0500_R0072_C0091,500,72,91,42500.0,-48000.0,43000.0,-47500.0,42750.0,-47750.0,250000,250000.0,1.0,0,103.94521455417458,1.6105751749863475
JB0500_R0072_C0092,500,72,92,43000.0,-48000.0,43500.0,-47500.0,43250.0,-47750.0,250000,250000.0,1.0,0,103.94970789369034,1.6105740225703191
JB0500_R0072_C0093,500,72,93,43500.0,-48000.0,44000.0,-47500.0,43750.0,-47750.0,250000,250000.0,1.0,0,103.95420123320103,1.6105728601873925
JB0500_R0072_C0094,500,72,94,44000.0,-48000.0,44500.0,-47500.0,44250.0,-47750.0,250000,250000.0,1.0,0,103.9586945727066,1.6105716878375747
JB0500_R0072_C0095,500,72,95,44500.0,-48000.0,45000.0,-47500.0,44750.0,-47750.0,250000,250000.0,1.0,0,103.96318791220703,1.6105705055208728
JB0500_R0072_C0096,500,72,96,45000.0,-48000.0,45500.0,-47500.0,45250.0,-47750.0,250000,250000.0,1.0,0,103.96768125170225,1.6105693132372947
JB0500_R0072_C0097,500,72,97,45500.0,-48000.0,46000.0,-47500.0,45750.0,-47750.0,250000,231909.85743670515,0.9276394297468206,1,103.97217459119221,1.610568110986847
JB0500_R0072_C0098,500,72,98,46000.0,-48000.0,46500.0,-47500.0,46250.0,-47750.0,250000,10088.421760089452,0.04035368704035781,1,103.9766679306769,1.6105668987695372
JB0500_R0073_C0033,500,73,33,13500.0,-47500.0,14000.0,-47000.0,13750.0,-47250.0,250000,139073.99377587848,0.5562959751035139,1,103.6846014216263,1.6151467272780842
JB0500_R0073_C0034,500,73,34,14000.0,-47500.0,14500.0,-47000.0,14250.0,-47250.0,250000,243808.44656689608,0.9752337862675843,1,103.68909477127949,1.615146151339091
JB0500_R0073_C0035,500,73,35,14500.0,-47500.0,15000.0,-47000.0,14750.0,-47250.0,250000,55734.19458334455,0.2229367783333782,1,103.69358812093013,1.6151455654048927
JB0500_R0073_C0036,500,73,36,15000.0,-47500.0,15500.0,-47000.0,15250.0,-47250.0,250000,110307.16433175614,0.44122865732702454,1,103.69808147057817,1.6151449694754925
JB0500_R0073_C0037,500,73,37,15500.0,-47500.0,16000.0,-47000.0,15750.0,-47250.0,250000,248626.6722247325,0.99450668889893,1,103.70257482022357,1.6151443635508946
JB0500_R0073_C0038,500,73,38,16000.0,-47500.0,16500.0,-47000.0,16250.0,-47250.0,250000,250000.0,1.0,0,103.7070681698663,1.6151437476311021
JB0500_R0073_C0039,500,73,39,16500.0,-47500.0,17000.0,-47000.0,16750.0,-47250.0,250000,250000.0,1.0,0,103.71156151950629,1.6151431217161192
JB0500_R0073_C0040,500,73,40,17000.0,-47500.0,17500.0,-47000.0,17250.0,-47250.0,250000,250000.0,1.0,0,103.71605486914352,1.6151424858059498
JB0500_R0073_C0041,500,73,41,17500.0,-47500.0,18000.0,-47000.0,17750.0,-47250.0,250000,250000.0,1.0,0,103.72054821877792,1.6151418399005975
JB0500_R0073_C0042,500,73,42,18000.0,-47500.0,18500.0,-47000.0,18250.0,-47250.0,250000,250000.0,1.0,0,103.72504156840947,1.6151411840000665
JB0500_R0073_C0043,500,73,43,18500.0,-47500.0,19000.0,-47000.0,18750.0,-47250.0,250000,250000.0,1.0,0,103.7295349180381,1.615140518104361
JB0500_R0073_C0044,500,73,44,19000.0,-47500.0,19500.0,-47000.0,19250.0,-47250.0,250000,250000.0,1.0,0,103.7340282676638,1.6151398422134846
JB0500_R0073_C0045,500,73,45,19500.0,-47500.0,20000.0,-47000.0,19750.0,-47250.0,250000,250000.0,1.0,0,103.73852161728651,1.615139156327442
JB0500_R0073_C0046,500,73,46,20000.0,-47500.0,20500.0,-47000.0,20250.0,-47250.0,250000,250000.0,1.0,0,103.74301496690617,1.615138460446237
JB0500_R0073_C0047,500,73,47,20500.0,-47500.0,21000.0,-47000.0,20750.0,-47250.0,250000,250000.0,1.0,0,103.74750831652277,1.6151377545698744
JB0500_R0073_C0048,500,73,48,21000.0,-47500.0,21500.0,-47000.0,21250.0,-47250.0,250000,250000.0,1.0,0,103.75200166613624,1.615137038698358
JB0500_R0073_C0049,500,73,49,21500.0,-47500.0,22000.0,-47000.0,21750.0,-47250.0,250000,250000.0,1.0,0,103.75649501574652,1.6151363128316922
JB0500_R0073_C0050,500,73,50,22000.0,-47500.0,22500.0,-47000.0,22250.0,-47250.0,250000,250000.0,1.0,0,103.76098836535363,1.615135576969882
JB0500_R0073_C0051,500,73,51,22500.0,-47500.0,23000.0,-47000.0,22750.0,-47250.0,250000,250000.0,1.0,0,103.76548171495745,1.6151348311129319
JB0500_R0073_C0052,500,73,52,23000.0,-47500.0,23500.0,-47000.0,23250.0,-47250.0,250000,250000.0,1.0,0,103.769975064558,1.6151340752608458
JB0500_R0073_C0053,500,73,53,23500.0,-47500.0,24000.0,-47000.0,23750.0,-47250.0,250000,250000.0,1.0,0,103.77446841415518,1.6151333094136289
JB0500_R0073_C0054,500,73,54,24000.0,-47500.0,24500.0,-47000.0,24250.0,-47250.0,250000,250000.0,1.0,0,103.778961763749,1.6151325335712858
JB0500_R0073_C0055,500,73,55,24500.0,-47500.0,25000.0,-47000.0,24750.0,-47250.0,250000,250000.0,1.0,0,103.78345511333936,1.6151317477338214
JB0500_R0073_C0056,500,73,56,25000.0,-47500.0,25500.0,-47000.0,25250.0,-47250.0,250000,250000.0,1.0,0,103.78794846292627,1.6151309519012405
JB0500_R0073_C0057,500,73,57,25500.0,-47500.0,26000.0,-47000.0,25750.0,-47250.0,250000,250000.0,1.0,0,103.79244181250965,1.6151301460735479
JB0500_R0073_C0058,500,73,58,26000.0,-47500.0,26500.0,-47000.0,26250.0,-47250.0,250000,250000.0,1.0,0,103.79693516208947,1.6151293302507483
JB0500_R0073_C0059,500,73,59,26500.0,-47500.0,27000.0,-47000.0,26750.0,-47250.0,250000,250000.0,1.0,0,103.80142851166569,1.6151285044328474
JB0500_R0073_C0060,500,73,60,27000.0,-47500.0,27500.0,-47000.0,27250.0,-47250.0,250000,250000.0,1.0,0,103.80592186123826,1.6151276686198497
JB0500_R0073_C0061,500,73,61,27500.0,-47500.0,28000.0,-47000.0,27750.0,-47250.0,250000,250000.0,1.0,0,103.81041521080714,1.6151268228117603
JB0500_R0073_C0062,500,73,62,28000.0,-47500.0,28500.0,-47000.0,28250.0,-47250.0,250000,250000.0,1.0,0,103.81490856037227,1.6151259670085851
JB0500_R0073_C0063,500,73,63,28500.0,-47500.0,29000.0,-47000.0,28750.0,-47250.0,250000,250000.0,1.0,0,103.81940190993363,1.615125101210329
JB0500_R0073_C0064,500,73,64,29000.0,-47500.0,29500.0,-47000.0,29250.0,-47250.0,250000,250000.0,1.0,0,103.82389525949117,1.6151242254169969
JB0500_R0073_C0065,500,73,65,29500.0,-47500.0,30000.0,-47000.0,29750.0,-47250.0,250000,156295.3636635178,0.6251814546540713,1,103.82838860904481,1.615123339628595
JB0500_R0073_C0066,500,73,66,30000.0,-47500.0,30500.0,-47000.0,30250.0,-47250.0,250000,3490.1614369953154,0.013960645747981261,1,103.83288195859456,1.615122443845128
JB0500_R0073_C0079,500,73,79,36500.0,-47500.0,37000.0,-47000.0,36750.0,-47250.0,250000,66021.14793696841,0.26408459174787363,1,103.89129550236518,1.6151098891117581
JB0500_R0073_C0080,500,73,80,37000.0,-47500.0,37500.0,-47000.0,37250.0,-47250.0,250000,247596.91543241465,0.9903876617296586,1,103.89578885185554,1.6151088533979918
JB0500_R0073_C0081,500,73,81,37500.0,-47500.0,38000.0,-47000.0,37750.0,-47250.0,250000,250000.0,1.0,0,103.90028220134133,1.61510780768925
JB0500_R0073_C0082,500,73,82,38000.0,-47500.0,38500.0,-47000.0,38250.0,-47250.0,250000,250000.0,1.0,0,103.90477555082248,1.6151067519855389
JB0500_R0073_C0083,500,73,83,38500.0,-47500.0,39000.0,-47000.0,38750.0,-47250.0,250000,250000.0,1.0,0,103.90926890029898,1.6151056862868653
JB0500_R0073_C0084,500,73,84,39000.0,-47500.0,39500.0,-47000.0,39250.0,-47250.0,250000,250000.0,1.0,0,103.9137622497708,1.6151046105932358
JB0500_R0073_C0085,500,73,85,39500.0,-47500.0,40000.0,-47000.0,39750.0,-47250.0,250000,250000.0,1.0,0,103.91825559923784,1.6151035249046568
JB0500_R0073_C0086,500,73,86,40000.0,-47500.0,40500.0,-47000.0,40250.0,-47250.0,250000,250000.0,1.0,0,103.9227489487001,1.6151024292211351
JB0500_R0073_C0087,500,73,87,40500.0,-47500.0,41000.0,-47000.0,40750.0,-47250.0,250000,250000.0,1.0,0,103.92724229815754,1.6151013235426774
JB0500_R0073_C0088,500,73,88,41000.0,-47500.0,41500.0,-47000.0,41250.0,-47250.0,250000,250000.0,1.0,0,103.93173564761008,1.6151002078692906
JB0500_R0073_C0089,500,73,89,41500.0,-47500.0,42000.0,-47000.0,41750.0,-47250.0,250000,250000.0,1.0,0,103.93622899705771,1.6150990822009814
JB0500_R0073_C0090,500,73,90,42000.0,-47500.0,42500.0,-47000.0,42250.0,-47250.0,250000,250000.0,1.0,0,103.94072234650037,1.6150979465377573
JB0500_R0073_C0091,500,73,91,42500.0,-47500.0,43000.0,-47000.0,42750.0,-47250.0,250000,250000.0,1.0,0,103.945215695938,1.6150968008796243
JB0500_R0073_C0092,500,73,92,43000.0,-47500.0,43500.0,-47000.0,43250.0,-47250.0,250000,250000.0,1.0,0,103.94970904537061,1.61509564522659
JB0500_R0073_C0093,500,73,93,43500.0,-47500.0,44000.0,-47000.0,43750.0,-47250.0,250000,250000.0,1.0,0,103.95420239479809,1.615094479578662
JB0500_R0073_C0094,500,73,94,44000.0,-47500.0,44500.0,-47000.0,44250.0,-47250.0,250000,250000.0,1.0,0,103.95869574422045,1.6150933039358466
JB0500_R0073_C0095,500,73,95,44500.0,-47500.0,45000.0,-47000.0,44750.0,-47250.0,250000,250000.0,1.0,0,103.96318909363761,1.6150921182981517
JB0500_R0073_C0096,500,73,96,45000.0,-47500.0,45500.0,-47000.0,45250.0,-47250.0,250000,250000.0,1.0,0,103.96768244304954,1.615090922665584
JB0500_R0073_C0097,500,73,97,45500.0,-47500.0,46000.0,-47000.0,45750.0,-47250.0,250000,134823.43468456253,0.5392937387382502,1,103.9721757924562,1.6150897170381515
JB0500_R0074_C0033,500,74,33,13500.0,-47000.0,14000.0,-46500.0,13750.0,-46750.0,250000,865.3701851556946,0.0034614807406227782,1,103.6846019897635,1.6196684928140144
JB0500_R0074_C0034,500,74,34,14000.0,-47000.0,14500.0,-46500.0,14250.0,-46750.0,250000,46624.696083866154,0.18649878433546463,1,103.68909534936259,1.6196679152617985
JB0500_R0074_C0036,500,74,36,15000.0,-47000.0,15500.0,-46500.0,15250.0,-46750.0,250000,146066.59460614543,0.5842663784245817,1,103.69808206855305,1.619666730087764
JB0500_R0074_C0037,500,74,37,15500.0,-47000.0,16000.0,-46500.0,15750.0,-46750.0,250000,249999.20146673455,0.9999968058669382,1,103.70257542814431,1.6196661224659528
JB0500_R0074_C0038,500,74,38,16000.0,-47000.0,16500.0,-46500.0,16250.0,-46750.0,250000,250000.0,1.0,0,103.70706878773288,1.61966550482095
JB0500_R0074_C0039,500,74,39,16500.0,-47000.0,17000.0,-46500.0,16750.0,-46750.0,250000,250000.0,1.0,0,103.7115621473187,1.61966487715276
JB0500_R0074_C0040,500,74,40,17000.0,-47000.0,17500.0,-46500.0,17250.0,-46750.0,250000,250000.0,1.0,0,103.71605550690175,1.619664239461387
JB0500_R0074_C0041,500,74,41,17500.0,-47000.0,18000.0,-46500.0,17750.0,-46750.0,250000,250000.0,1.0,0,103.72054886648196,1.6196635917468338
JB0500_R0074_C0042,500,74,42,18000.0,-47000.0,18500.0,-46500.0,18250.0,-46750.0,250000,250000.0,1.0,0,103.7250422260593,1.6196629340091055
JB0500_R0074_C0043,500,74,43,18500.0,-47000.0,19000.0,-46500.0,18750.0,-46750.0,250000,250000.0,1.0,0,103.72953558563371,1.6196622662482056
JB0500_R0074_C0044,500,74,44,19000.0,-47000.0,19500.0,-46500.0,19250.0,-46750.0,250000,250000.0,1.0,0,103.73402894520515,1.6196615884641383
JB0500_R0074_C0045,500,74,45,19500.0,-47000.0,20000.0,-46500.0,19750.0,-46750.0,250000,250000.0,1.0,0,103.7385223047736,1.619660900656908
JB0500_R0074_C0046,500,74,46,20000.0,-47000.0,20500.0,-46500.0,20250.0,-46750.0,250000,250000.0,1.0,0,103.74301566433898,1.6196602028265186
JB0500_R0074_C0047,500,74,47,20500.0,-47000.0,21000.0,-46500.0,20750.0,-46750.0,250000,250000.0,1.0,0,103.74750902390127,1.6196594949729743
JB0500_R0074_C0048,500,74,48,21000.0,-47000.0,21500.0,-46500.0,21250.0,-46750.0,250000,250000.0,1.0,0,103.75200238346044,1.61965877709628
JB0500_R0074_C0049,500,74,49,21500.0,-47000.0,22000.0,-46500.0,21750.0,-46750.0,250000,250000.0,1.0,0,103.75649574301639,1.6196580491964399
JB0500_R0074_C0050,500,74,50,22000.0,-47000.0,22500.0,-46500.0,22250.0,-46750.0,250000,250000.0,1.0,0,103.76098910256914,1.619657311273458
JB0500_R0074_C0051,500,74,51,22500.0,-47000.0,23000.0,-46500.0,22750.0,-46750.0,250000,250000.0,1.0,0,103.7654824621186,1.6196565633273396
JB0500_R0074_C0052,500,74,52,23000.0,-47000.0,23500.0,-46500.0,23250.0,-46750.0,250000,250000.0,1.0,0,103.76997582166474,1.619655805358089
JB0500_R0074_C0053,500,74,53,23500.0,-47000.0,24000.0,-46500.0,23750.0,-46750.0,250000,250000.0,1.0,0,103.77446918120755,1.6196550373657106
JB0500_R0074_C0054,500,74,54,24000.0,-47000.0,24500.0,-46500.0,24250.0,-46750.0,250000,250000.0,1.0,0,103.77896254074693,1.6196542593502092
JB0500_R0074_C0055,500,74,55,24500.0,-47000.0,25000.0,-46500.0,24750.0,-46750.0,250000,250000.0,1.0,0,103.78345590028285,1.6196534713115902
JB0500_R0074_C0056,500,74,56,25000.0,-47000.0,25500.0,-46500.0,25250.0,-46750.0,250000,250000.0,1.0,0,103.78794925981529,1.6196526732498577
JB0500_R0074_C0057,500,74,57,25500.0,-47000.0,26000.0,-46500.0,25750.0,-46750.0,250000,250000.0,1.0,0,103.79244261934419,1.619651865165017
JB0500_R0074_C0058,500,74,58,26000.0,-47000.0,26500.0,-46500.0,26250.0,-46750.0,250000,250000.0,1.0,0,103.79693597886951,1.619651047057073
JB0500_R0074_C0059,500,74,59,26500.0,-47000.0,27000.0,-46500.0,26750.0,-46750.0,250000,250000.0,1.0,0,103.8014293383912,1.6196502189260307
JB0500_R0074_C0060,500,74,60,27000.0,-47000.0,27500.0,-46500.0,27250.0,-46750.0,250000,250000.0,1.0,0,103.80592269790922,1.6196493807718952
JB0500_R0074_C0061,500,74,61,27500.0,-47000.0,28000.0,-46500.0,27750.0,-46750.0,250000,250000.0,1.0,0,103.81041605742354,1.619648532594672
JB0500_R0074_C0062,500,74,62,28000.0,-47000.0,28500.0,-46500.0,28250.0,-46750.0,250000,250000.0,1.0,0,103.8149094169341,1.6196476743943657
JB0500_R0074_C0063,500,74,63,28500.0,-47000.0,29000.0,-46500.0,28750.0,-46750.0,250000,249998.77145847998,0.9999950858339199,1,103.81940277644084,1.6196468061709821
JB0500_R0074_C0064,500,74,64,29000.0,-47000.0,29500.0,-46500.0,29250.0,-46750.0,250000,134095.68654813585,0.5363827461925434,1,103.82389613594374,1.6196459279245263
JB0500_R0074_C0065,500,74,65,29500.0,-47000.0,30000.0,-46500.0,29750.0,-46750.0,250000,987.0454357818622,0.003948181743127449,1,103.82838949544275,1.619645039655004
JB0500_R0074_C0079,500,74,79,36500.0,-47000.0,37000.0,-46500.0,36750.0,-46750.0,250000,69180.75171185659,0.27672300684742634,1,103.89129652799559,1.619631551462859
JB0500_R0074_C0080,500,74,80,37000.0,-47000.0,37500.0,-46500.0,37250.0,-46750.0,250000,236200.4481608006,0.9448017926432023,1,103.89578988743095,1.6196305128480266
JB0500_R0074_C0081,500,74,81,37500.0,-47000.0,38000.0,-46500.0,37750.0,-46750.0,250000,250000.0,1.0,0,103.9002832468617,1.6196294642102227
JB0500_R0074_C0082,500,74,82,38000.0,-47000.0,38500.0,-46500.0,38250.0,-46750.0,250000,250000.0,1.0,0,103.90477660628781,1.6196284055494536
JB0500_R0074_C0083,500,74,83,38500.0,-47000.0,39000.0,-46500.0,38750.0,-46750.0,250000,250000.0,1.0,0,103.90926996570923,1.6196273368657255
JB0500_R0074_C0084,500,74,84,39000.0,-47000.0,39500.0,-46500.0,39250.0,-46750.0,250000,250000.0,1.0,0,103.91376332512593,1.619626258159045
JB0500_R0074_C0085,500,74,85,39500.0,-47000.0,40000.0,-46500.0,39750.0,-46750.0,250000,250000.0,1.0,0,103.91825668453784,1.6196251694294193
JB0500_R0074_C0086,500,74,86,40000.0,-47000.0,40500.0,-46500.0,40250.0,-46750.0,250000,250000.0,1.0,0,103.92275004394493,1.6196240706768548
JB0500_R0074_C0087,500,74,87,40500.0,-47000.0,41000.0,-46500.0,40750.0,-46750.0,250000,250000.0,1.0,0,103.92724340334716,1.6196229619013578
JB0500_R0074_C0088,500,74,88,41000.0,-47000.0,41500.0,-46500.0,41250.0,-46750.0,250000,250000.0,1.0,0,103.93173676274449,1.6196218431029359
JB0500_R0074_C0089,500,74,89,41500.0,-47000.0,42000.0,-46500.0,41750.0,-46750.0,250000,250000.0,1.0,0,103.93623012213688,1.6196207142815955
JB0500_R0074_C0090,500,74,90,42000.0,-47000.0,42500.0,-46500.0,42250.0,-46750.0,250000,250000.0,1.0,0,103.94072348152427,1.619619575437344
JB0500_R0074_C0091,500,74,91,42500.0,-47000.0,43000.0,-46500.0,42750.0,-46750.0,250000,250000.0,1.0,0,103.94521684090661,1.6196184265701876
JB0500_R0074_C0092,500,74,92,43000.0,-47000.0,43500.0,-46500.0,43250.0,-46750.0,250000,250000.0,1.0,0,103.94971020028387,1.6196172676801341
JB0500_R0074_C0093,500,74,93,43500.0,-47000.0,44000.0,-46500.0,43750.0,-46750.0,250000,250000.0,1.0,0,103.95420355965601,1.6196160987671906
JB0500_R0074_C0094,500,74,94,44000.0,-47000.0,44500.0,-46500.0,44250.0,-46750.0,250000,250000.0,1.0,0,103.95869691902297,1.6196149198313639
JB0500_R0074_C0095,500,74,95,44500.0,-47000.0,45000.0,-46500.0,44750.0,-46750.0,250000,250000.0,1.0,0,103.96319027838472,1.6196137308726617
JB0500_R0074_C0096,500,74,96,45000.0,-47000.0,45500.0,-46500.0,45250.0,-46750.0,250000,250000.0,1.0,0,103.9676836377412,1.6196125318910908
JB0500_R0074_C0097,500,74,97,45500.0,-47000.0,46000.0,-46500.0,45750.0,-46750.0,250000,112408.936928814,0.449635747715256,1,103.97217699709239,1.6196113228866593
JB0500_R0075_C0037,500,75,37,15500.0,-46500.0,16000.0,-46000.0,15750.0,-46250.0,250000,84376.66338724377,0.3375066535489751,1,103.70257603776686,1.6241878811782942
JB0500_R0075_C0038,500,75,38,16000.0,-46500.0,16500.0,-46000.0,16250.0,-46250.0,250000,227301.54035099293,0.9092061614039717,1,103.70706940732912,1.6241872618080742
JB0500_R0075_C0039,500,75,39,16500.0,-46500.0,17000.0,-46000.0,16750.0,-46250.0,250000,250000.0,1.0,0,103.71156277688861,1.6241866323866698
JB0500_R0075_C0040,500,75,40,17000.0,-46500.0,17500.0,-46000.0,17250.0,-46250.0,250000,250000.0,1.0,0,103.71605614644533,1.624185992914085
JB0500_R0075_C0041,500,75,41,17500.0,-46500.0,18000.0,-46000.0,17750.0,-46250.0,250000,250000.0,1.0,0,103.72054951599918,1.624185343390324
JB0500_R0075_C0042,500,75,42,18000.0,-46500.0,18500.0,-46000.0,18250.0,-46250.0,250000,250000.0,1.0,0,103.72504288555014,1.6241846838153902
JB0500_R0075_C0043,500,75,43,18500.0,-46500.0,19000.0,-46000.0,18750.0,-46250.0,250000,250000.0,1.0,0,103.72953625509817,1.6241840141892883
JB0500_R0075_C0044,500,75,44,19000.0,-46500.0,19500.0,-46000.0,19250.0,-46250.0,250000,250000.0,1.0,0,103.7340296246432,1.6241833345120218
JB0500_R0075_C0045,500,75,45,19500.0,-46500.0,20000.0,-46000.0,19750.0,-46250.0,250000,250000.0,1.0,0,103.73852299418523,1.6241826447835954
JB0500_R0075_C0046,500,75,46,20000.0,-46500.0,20500.0,-46000.0,20250.0,-46250.0,250000,250000.0,1.0,0,103.74301636372418,1.6241819450040131
JB0500_R0075_C0047,500,75,47,20500.0,-46500.0,21000.0,-46000.0,20750.0,-46250.0,250000,250000.0,1.0,0,103.74750973326002,1.6241812351732796
JB0500_R0075_C0048,500,75,48,21000.0,-46500.0,21500.0,-46000.0,21250.0,-46250.0,250000,250000.0,1.0,0,103.7520031027927,1.6241805152913986
JB0500_R0075_C0049,500,75,49,21500.0,-46500.0,22000.0,-46000.0,21750.0,-46250.0,250000,250000.0,1.0,0,103.75649647232217,1.6241797853583748
JB0500_R0075_C0050,500,75,50,22000.0,-46500.0,22500.0,-46000.0,22250.0,-46250.0,250000,250000.0,1.0,0,103.7609898418484,1.624179045374213
JB0500_R0075_C0051,500,75,51,22500.0,-46500.0,23000.0,-46000.0,22750.0,-46250.0,250000,250000.0,1.0,0,103.76548321137135,1.6241782953389177
JB0500_R0075_C0052,500,75,52,23000.0,-46500.0,23500.0,-46000.0,23250.0,-46250.0,250000,250000.0,1.0,0,103.76997658089095,1.624177535252493
JB0500_R0075_C0053,500,75,53,23500.0,-46500.0,24000.0,-46000.0,23750.0,-46250.0,250000,250000.0,1.0,0,103.77446995040718,1.6241767651149444
JB0500_R0075_C0054,500,75,54,24000.0,-46500.0,24500.0,-46000.0,24250.0,-46250.0,250000,250000.0,1.0,0,103.77896331991998,1.6241759849262756
JB0500_R0075_C0055,500,75,55,24500.0,-46500.0,25000.0,-46000.0,24750.0,-46250.0,250000,250000.0,1.0,0,103.7834566894293,1.6241751946864924
JB0500_R0075_C0056,500,75,56,25000.0,-46500.0,25500.0,-46000.0,25250.0,-46250.0,250000,250000.0,1.0,0,103.78795005893512,1.624174394395599
JB0500_R0075_C0057,500,75,57,25500.0,-46500.0,26000.0,-46000.0,25750.0,-46250.0,250000,250000.0,1.0,0,103.79244342843738,1.624173584053601
JB0500_R0075_C0058,500,75,58,26000.0,-46500.0,26500.0,-46000.0,26250.0,-46250.0,250000,250000.0,1.0,0,103.79693679793604,1.6241727636605026
JB0500_R0075_C0059,500,75,59,26500.0,-46500.0,27000.0,-46000.0,26750.0,-46250.0,250000,250000.0,1.0,0,103.80143016743105,1.6241719332163094
JB0500_R0075_C0060,500,75,60,27000.0,-46500.0,27500.0,-46000.0,27250.0,-46250.0,250000,250000.0,1.0,0,103.80592353692236,1.6241710927210262
JB0500_R0075_C0061,500,75,61,27500.0,-46500.0,28000.0,-46000.0,27750.0,-46250.0,250000,249929.19890732833,0.9997167956293134,1,103.81041690640996,1.6241702421746584
JB0500_R0075_C0062,500,75,62,28000.0,-46500.0,28500.0,-46000.0,28250.0,-46250.0,250000,198086.62575508576,0.792346503020343,1,103.81491027589377,1.6241693815772116
JB0500_R0075_C0063,500,75,63,28500.0,-46500.0,29000.0,-46000.0,28750.0,-46250.0,250000,90983.21089656216,0.3639328435862486,1,103.81940364537374,1.62416851092869
JB0500_R0075_C0077,500,75,77,35500.0,-46500.0,36000.0,-46000.0,35750.0,-46250.0,250000,5794.691448697869,0.023178765794791476,1,103.8823108176671,1.6241552664897245
JB0500_R0075_C0078,500,75,78,36000.0,-46500.0,36500.0,-46000.0,36250.0,-46250.0,250000,135306.22078018636,0.5412248831207455,1,103.8868041870844,1.6241542450757696
JB0500_R0075_C0079,500,75,79,36500.0,-46500.0,37000.0,-46000.0,36750.0,-46250.0,250000,248297.7804886804,0.9931911219547216,1,103.89129755649715,1.6241532136108339
JB0500_R0075_C0080,500,75,80,37000.0,-46500.0,37500.0,-46000.0,37250.0,-46250.0,250000,250000.0,1.0,0,103.89579092590535,1.6241521720949232
JB0500_R0075_C0081,500,75,81,37500.0,-46500.0,38000.0,-46000.0,37750.0,-46250.0,250000,250000.0,1.0,0,103.9002842953089,1.6241511205280448
JB0500_R0075_C0082,500,75,82,38000.0,-46500.0,38500.0,-46000.0,38250.0,-46250.0,250000,250000.0,1.0,0,103.90477766470778,1.624150058910205
JB0500_R0075_C0083,500,75,83,38500.0,-46500.0,39000.0,-46000.0,38750.0,-46250.0,250000,250000.0,1.0,0,103.90927103410196,1.6241489872414094
JB0500_R0075_C0084,500,75,84,39000.0,-46500.0,39500.0,-46000.0,39250.0,-46250.0,250000,250000.0,1.0,0,103.91376440349138,1.624147905521666
JB0500_R0075_C0085,500,75,85,39500.0,-46500.0,40000.0,-46000.0,39750.0,-46250.0,250000,250000.0,1.0,0,103.918257772876,1.6241468137509802
JB0500_R0075_C0086,500,75,86,40000.0,-46500.0,40500.0,-46000.0,40250.0,-46250.0,250000,250000.0,1.0,0,103.92275114225578,1.6241457119293596
JB0500_R0075_C0087,500,75,87,40500.0,-46500.0,41000.0,-46000.0,40750.0,-46250.0,250000,250000.0,1.0,0,103.92724451163066,1.624144600056811
JB0500_R0075_C0088,500,75,88,41000.0,-46500.0,41500.0,-46000.0,41250.0,-46250.0,250000,250000.0,1.0,0,103.93173788100061,1.6241434781333404
JB0500_R0075_C0089,500,75,89,41500.0,-46500.0,42000.0,-46000.0,41750.0,-46250.0,250000,250000.0,1.0,0,103.93623125036558,1.6241423461589555
JB0500_R0075_C0090,500,75,90,42000.0,-46500.0,42500.0,-46000.0,42250.0,-46250.0,250000,250000.0,1.0,0,103.94072461972554,1.624141204133663
JB0500_R0075_C0091,500,75,91,42500.0,-46500.0,43000.0,-46000.0,42750.0,-46250.0,250000,250000.0,1.0,0,103.94521798908042,1.6241400520574698
JB0500_R0075_C0092,500,75,92,43000.0,-46500.0,43500.0,-46000.0,43250.0,-46250.0,250000,250000.0,1.0,0,103.94971135843019,1.6241388899303832
JB0500_R0075_C0093,500,75,93,43500.0,-46500.0,44000.0,-46000.0,43750.0,-46250.0,250000,250000.0,1.0,0,103.95420472777481,1.6241377177524106
JB0500_R0075_C0094,500,75,94,44000.0,-46500.0,44500.0,-46000.0,44250.0,-46250.0,250000,250000.0,1.0,0,103.95869809711424,1.6241365355235586
JB0500_R0075_C0095,500,75,95,44500.0,-46500.0,45000.0,-46000.0,44750.0,-46250.0,250000,250000.0,1.0,0,103.96319146644841,1.624135343243835
JB0500_R0075_C0096,500,75,96,45000.0,-46500.0,45500.0,-46000.0,45250.0,-46250.0,250000,250000.0,1.0,0,103.96768483577728,1.6241341409132466
JB0500_R0075_C0097,500,75,97,45500.0,-46500.0,46000.0,-46000.0,45750.0,-46250.0,250000,127551.2511628367,0.5102050046513468,1,103.97217820510082,1.6241329285318016
JB0500_R0076_C0038,500,76,38,16000.0,-46000.0,16500.0,-45500.0,16250.0,-45750.0,250000,17384.794733609797,0.06953917893443919,1,103.70707002865502,1.6287090185919098
JB0500_R0076_C0039,500,76,39,16500.0,-46000.0,17000.0,-45500.0,16750.0,-45750.0,250000,164644.02499250037,0.6585760999700015,1,103.71156340821604,1.6287083874172834
JB0500_R0076_C0040,500,76,40,17000.0,-46000.0,17500.0,-45500.0,17250.0,-45750.0,250000,250000.0,1.0,0,103.71605678777424,1.6287077461634798
JB0500_R0076_C0041,500,76,41,17500.0,-46000.0,18000.0,-45500.0,17750.0,-45750.0,250000,250000.0,1.0,0,103.72055016732958,1.6287070948305027
JB0500_R0076_C0042,500,76,42,18000.0,-46000.0,18500.0,-45500.0,18250.0,-45750.0,250000,250000.0,1.0,0,103.72504354688202,1.6287064334183559
JB0500_R0076_C0043,500,76,43,18500.0,-46000.0,19000.0,-45500.0,18750.0,-45750.0,250000,250000.0,1.0,0,103.72953692643149,1.6287057619270437
JB0500_R0076_C0044,500,76,44,19000.0,-46000.0,19500.0,-45500.0,19250.0,-45750.0,250000,250000.0,1.0,0,103.73403030597798,1.6287050803565704
JB0500_R0076_C0045,500,76,45,19500.0,-46000.0,20000.0,-45500.0,19750.0,-45750.0,250000,250000.0,1.0,0,103.73852368552143,1.62870438870694
JB0500_R0076_C0046,500,76,46,20000.0,-46000.0,20500.0,-45500.0,20250.0,-45750.0,250000,250000.0,1.0,0,103.74301706506178,1.6287036869781566
JB0500_R0076_C0047,500,76,47,20500.0,-46000.0,21000.0,-45500.0,20750.0,-45750.0,250000,250000.0,1.0,0,103.747510444599,1.6287029751702247
JB0500_R0076_C0048,500,76,48,21000.0,-46000.0,21500.0,-45500.0,21250.0,-45750.0,250000,250000.0,1.0,0,103.75200382413306,1.6287022532831488
JB0500_R0076_C0049,500,76,49,21500.0,-46000.0,22000.0,-45500.0,21750.0,-45750.0,250000,250000.0,1.0,0,103.75649720366388,1.6287015213169331
JB0500_R0076_C0050,500,76,50,22000.0,-46000.0,22500.0,-45500.0,22250.0,-45750.0,250000,250000.0,1.0,0,103.76099058319144,1.6287007792715824
JB0500_R0076_C0051,500,76,51,22500.0,-46000.0,23000.0,-45500.0,22750.0,-45750.0,250000,250000.0,1.0,0,103.7654839627157,1.628700027147101
JB0500_R0076_C0052,500,76,52,23000.0,-46000.0,23500.0,-45500.0,23250.0,-45750.0,250000,250000.0,1.0,0,103.76997734223661,1.6286992649434937
JB0500_R0076_C0053,500,76,53,23500.0,-46000.0,24000.0,-45500.0,23750.0,-45750.0,250000,250000.0,1.0,0,103.7744707217541,1.628698492660765
JB0500_R0076_C0054,500,76,54,24000.0,-46000.0,24500.0,-45500.0,24250.0,-45750.0,250000,250000.0,1.0,0,103.77896410126816,1.62869771029892
JB0500_R0076_C0055,500,76,55,24500.0,-46000.0,25000.0,-45500.0,24750.0,-45750.0,250000,250000.0,1.0,0,103.78345748077872,1.6286969178579633
JB0500_R0076_C0056,500,76,56,25000.0,-46000.0,25500.0,-45500.0,25250.0,-45750.0,250000,250000.0,1.0,0,103.78795086028578,1.6286961153378996
JB0500_R0076_C0057,500,76,57,25500.0,-46000.0,26000.0,-45500.0,25750.0,-45750.0,250000,223039.69899650346,0.8921587959860139,1,103.79244423978923,1.6286953027387343
JB0500_R0076_C0058,500,76,58,26000.0,-46000.0,26500.0,-45500.0,26250.0,-45750.0,250000,250000.0,1.0,0,103.79693761928907,1.6286944800604721
JB0500_R0076_C0059,500,76,59,26500.0,-46000.0,27000.0,-45500.0,26750.0,-45750.0,250000,229876.6337187483,0.9195065348749931,1,103.80143099878524,1.628693647303118
JB0500_R0076_C0060,500,76,60,27000.0,-46000.0,27500.0,-45500.0,27250.0,-45750.0,250000,140211.03996329507,0.5608441598531803,1,103.8059243782777,1.6286928044666773
JB0500_R0076_C0061,500,76,61,27500.0,-46000.0,28000.0,-45500.0,27750.0,-45750.0,250000,44511.524389340964,0.17804609755736386,1,103.8104177577664,1.628691951551155
JB0500_R0076_C0076,500,76,76,35000.0,-46000.0,35500.0,-45500.0,35250.0,-45750.0,250000,29860.29346784108,0.11944117387136431,1,103.87781844961586,1.628677948332268
JB0500_R0076_C0077,500,76,77,35500.0,-46000.0,36000.0,-45500.0,35750.0,-45750.0,250000,199353.3987384332,0.7974135949537328,1,103.8823118290384,1.628676934152199
JB0500_R0076_C0078,500,76,78,36000.0,-46000.0,36500.0,-45500.0,36250.0,-45750.0,250000,250000.0,1.0,0,103.88680520845642,1.6286759098931467
JB0500_R0076_C0079,500,76,79,36500.0,-46000.0,37000.0,-45500.0,36750.0,-45750.0,250000,250000.0,1.0,0,103.89129858786988,1.6286748755551168
JB0500_R0076_C0080,500,76,80,37000.0,-46000.0,37500.0,-45500.0,37250.0,-45750.0,250000,250000.0,1.0,0,103.89579196727873,1.628673831138116
JB0500_R0076_C0081,500,76,81,37500.0,-46000.0,38000.0,-45500.0,37750.0,-45750.0,250000,250000.0,1.0,0,103.90028534668294,1.6286727766421507
JB0500_R0076_C0082,500,76,82,38000.0,-46000.0,38500.0,-45500.0,38250.0,-45750.0,250000,250000.0,1.0,0,103.90477872608244,1.6286717120672272
JB0500_R0076_C0083,500,76,83,38500.0,-46000.0,39000.0,-45500.0,38750.0,-45750.0,250000,250000.0,1.0,0,103.90927210547723,1.628670637413352
JB0500_R0076_C0084,500,76,84,39000.0,-46000.0,39500.0,-45500.0,39250.0,-45750.0,250000,250000.0,1.0,0,103.91376548486721,1.6286695526805322
JB0500_R0076_C0085,500,76,85,39500.0,-46000.0,40000.0,-45500.0,39750.0,-45750.0,250000,250000.0,1.0,0,103.91825886425237,1.628668457868774
JB0500_R0076_C0086,500,76,86,40000.0,-46000.0,40500.0,-45500.0,40250.0,-45750.0,250000,250000.0,1.0,0,103.92275224363267,1.6286673529780842
JB0500_R0076_C0087,500,76,87,40500.0,-46000.0,41000.0,-45500.0,40750.0,-45750.0,250000,250000.0,1.0,0,103.92724562300803,1.62866623800847
JB0500_R0076_C0088,500,76,88,41000.0,-46000.0,41500.0,-45500.0,41250.0,-45750.0,250000,250000.0,1.0,0,103.93173900237846,1.6286651129599379
JB0500_R0076_C0089,500,76,89,41500.0,-46000.0,42000.0,-45500.0,41750.0,-45750.0,250000,250000.0,1.0,0,103.93623238174386,1.628663977832495
JB0500_R0076_C0090,500,76,90,42000.0,-46000.0,42500.0,-45500.0,42250.0,-45750.0,250000,250000.0,1.0,0,103.94072576110422,1.628662832626148
JB0500_R0076_C0091,500,76,91,42500.0,-46000.0,43000.0,-45500.0,42750.0,-45750.0,250000,250000.0,1.0,0,103.94521914045947,1.6286616773409044
JB0500_R0076_C0092,500,76,92,43000.0,-46000.0,43500.0,-45500.0,43250.0,-45750.0,250000,250000.0,1.0,0,103.94971251980961,1.628660511976771
JB0500_R0076_C0093,500,76,93,43500.0,-46000.0,44000.0,-45500.0,43750.0,-45750.0,250000,250000.0,1.0,0,103.95420589915453,1.628659336533755
JB0500_R0076_C0094,500,76,94,44000.0,-46000.0,44500.0,-45500.0,44250.0,-45750.0,250000,250000.0,1.0,0,103.95869927849425,1.6286581510118638
JB0500_R0076_C0095,500,76,95,44500.0,-46000.0,45000.0,-45500.0,44750.0,-45750.0,250000,250000.0,1.0,0,103.96319265782867,1.6286569554111048
JB0500_R0076_C0096,500,76,96,45000.0,-46000.0,45500.0,-45500.0,45250.0,-45750.0,250000,250000.0,1.0,0,103.96768603715779,1.628655749731485
JB0500_R0076_C0097,500,76,97,45500.0,-46000.0,46000.0,-45500.0,45750.0,-45750.0,250000,142693.5653968576,0.5707742615874304,1,103.97217941648154,1.6286545339730119
JB0500_R0077_C0039,500,77,39,16500.0,-45500.0,17000.0,-45000.0,16750.0,-45250.0,250000,451.3891132068378,0.0018055564528273512,1,103.71156404130097,1.633230142244036
JB0500_R0077_C0040,500,77,40,17000.0,-45500.0,17500.0,-45000.0,17250.0,-45250.0,250000,106885.27336454028,0.4275410934581611,1,103.71605743088854,1.6332294992090057
JB0500_R0077_C0041,500,77,41,17500.0,-45500.0,18000.0,-45000.0,17750.0,-45250.0,250000,243852.6911043332,0.9754107644173329,1,103.7205508204732,1.6332288460668047
JB0500_R0077_C0042,500,77,42,18000.0,-45500.0,18500.0,-45000.0,18250.0,-45250.0,250000,250000.0,1.0,0,103.72504421005496,1.6332281828174373
JB0500_R0077_C0043,500,77,43,18500.0,-45500.0,19000.0,-45000.0,18750.0,-45250.0,250000,250000.0,1.0,0,103.72953759963374,1.6332275094609072
JB0500_R0077_C0044,500,77,44,19000.0,-45500.0,19500.0,-45000.0,19250.0,-45250.0,250000,250000.0,1.0,0,103.73403098920949,1.6332268259972185
JB0500_R0077_C0045,500,77,45,19500.0,-45500.0,20000.0,-45000.0,19750.0,-45250.0,250000,250000.0,1.0,0,103.7385243787822,1.6332261324263757
JB0500_R0077_C0046,500,77,46,20000.0,-45500.0,20500.0,-45000.0,20250.0,-45250.0,250000,250000.0,1.0,0,103.7430177683518,1.633225428748383
JB0500_R0077_C0047,500,77,47,20500.0,-45500.0,21000.0,-45000.0,20750.0,-45250.0,250000,250000.0,1.0,0,103.74751115791825,1.6332247149632446
JB0500_R0077_C0048,500,77,48,21000.0,-45500.0,21500.0,-45000.0,21250.0,-45250.0,250000,250000.0,1.0,0,103.75200454748152,1.6332239910709652
JB0500_R0077_C0049,500,77,49,21500.0,-45500.0,22000.0,-45000.0,21750.0,-45250.0,250000,250000.0,1.0,0,103.75649793704154,1.633223257071549
JB0500_R0077_C0050,500,77,50,22000.0,-45500.0,22500.0,-45000.0,22250.0,-45250.0,250000,250000.0,1.0,0,103.76099132659829,1.6332225129650004
JB0500_R0077_C0051,500,77,51,22500.0,-45500.0,23000.0,-45000.0,22750.0,-45250.0,250000,250000.0,1.0,0,103.76548471615169,1.6332217587513242
JB0500_R0077_C0052,500,77,52,23000.0,-45500.0,23500.0,-45000.0,23250.0,-45250.0,250000,250000.0,1.0,0,103.76997810570174,1.6332209944305252
JB0500_R0077_C0053,500,77,53,23500.0,-45500.0,24000.0,-45000.0,23750.0,-45250.0,250000,250000.0,1.0,0,103.77447149524836,1.6332202200026078
JB0500_R0077_C0054,500,77,54,24000.0,-45500.0,24500.0,-45000.0,24250.0,-45250.0,250000,250000.0,1.0,0,103.77896488479152,1.6332194354675766
JB0500_R0077_C0055,500,77,55,24500.0,-45500.0,25000.0,-45000.0,24750.0,-45250.0,250000,250000.0,1.0,0,103.78345827433117,1.6332186408254372
JB0500_R0077_C0056,500,77,56,25000.0,-45500.0,25500.0,-45000.0,25250.0,-45250.0,250000,247209.6398359653,0.9888385593438612,1,103.78795166386726,1.6332178360761938
JB0500_R0077_C0057,500,77,57,25500.0,-45500.0,26000.0,-45000.0,25750.0,-45250.0,250000,28997.922038673172,0.11599168815469268,1,103.79244505339976,1.6332170212198516
JB0500_R0077_C0058,500,77,58,26000.0,-45500.0,26500.0,-45000.0,26250.0,-45250.0,250000,51945.638645013925,0.2077825545800557,1,103.79693844292862,1.6332161962564156
JB0500_R0077_C0059,500,77,59,26500.0,-45500.0,27000.0,-45000.0,26750.0,-45250.0,250000,5902.907024214424,0.023611628096857698,1,103.80143183245379,1.633215361185891
JB0500_R0077_C0076,500,77,76,35000.0,-45500.0,35500.0,-45000.0,35250.0,-45250.0,250000,14000.57608838831,0.056002304353553245,1,103.87781945377408,1.6331996186076219
JB0500_R0077_C0077,500,77,77,35500.0,-45500.0,36000.0,-45000.0,35750.0,-45250.0,250000,189759.5961660122,0.7590383846640488,1,103.88231284322521,1.63319860161044
JB0500_R0077_C0078,500,77,78,36000.0,-45500.0,36500.0,-45000.0,36250.0,-45250.0,250000,250000.0,1.0,0,103.88680623267179,1.6331975745062781
JB0500_R0077_C0079,500,77,79,36500.0,-45500.0,37000.0,-45000.0,36750.0,-45250.0,250000,250000.0,1.0,0,103.89129962211379,1.633196537295142
JB0500_R0077_C0080,500,77,80,37000.0,-45500.0,37500.0,-45000.0,37250.0,-45250.0,250000,250000.0,1.0,0,103.89579301155116,1.6331954899770385
JB0500_R0077_C0081,500,77,81,37500.0,-45500.0,38000.0,-45000.0,37750.0,-45250.0,250000,250000.0,1.0,0,103.90028640098386,1.6331944325519736
JB0500_R0077_C0082,500,77,82,38000.0,-45500.0,38500.0,-45000.0,38250.0,-45250.0,250000,250000.0,1.0,0,103.90477979041184,1.633193365019954
JB0500_R0077_C0083,500,77,83,38500.0,-45500.0,39000.0,-45000.0,38750.0,-45250.0,250000,250000.0,1.0,0,103.90927317983505,1.6331922873809863
JB0500_R0077_C0084,500,77,84,39000.0,-45500.0,39500.0,-45000.0,39250.0,-45250.0,250000,250000.0,1.0,0,103.91376656925344,1.6331911996350772
JB0500_R0077_C0085,500,77,85,39500.0,-45500.0,40000.0,-45000.0,39750.0,-45250.0,250000,250000.0,1.0,0,103.918259958667,1.6331901017822337
JB0500_R0077_C0086,500,77,86,40000.0,-45500.0,40500.0,-45000.0,40250.0,-45250.0,250000,250000.0,1.0,0,103.92275334807563,1.633188993822462
JB0500_R0077_C0087,500,77,87,40500.0,-45500.0,41000.0,-45000.0,40750.0,-45250.0,250000,250000.0,1.0,0,103.92724673747935,1.6331878757557692
JB0500_R0077_C0088,500,77,88,41000.0,-45500.0,41500.0,-45000.0,41250.0,-45250.0,250000,250000.0,1.0,0,103.93174012687805,1.6331867475821618
JB0500_R0077_C0089,500,77,89,41500.0,-45500.0,42000.0,-45000.0,41750.0,-45250.0,250000,250000.0,1.0,0,103.93623351627173,1.6331856093016475
JB0500_R0077_C0090,500,77,90,42000.0,-45500.0,42500.0,-45000.0,42250.0,-45250.0,250000,250000.0,1.0,0,103.94072690566034,1.6331844609142327
JB0500_R0077_C0091,500,77,91,42500.0,-45500.0,43000.0,-45000.0,42750.0,-45250.0,250000,250000.0,1.0,0,103.94522029504381,1.633183302419925
JB0500_R0077_C0092,500,77,92,43000.0,-45500.0,43500.0,-45000.0,43250.0,-45250.0,250000,250000.0,1.0,0,103.94971368442214,1.6331821338187307
JB0500_R0077_C0093,500,77,93,43500.0,-45500.0,44000.0,-45000.0,43750.0,-45250.0,250000,250000.0,1.0,0,103.95420707379522,1.6331809551106578
JB0500_R0077_C0094,500,77,94,44000.0,-45500.0,44500.0,-45000.0,44250.0,-45250.0,250000,250000.0,1.0,0,103.95870046316305,1.6331797662957133
JB0500_R0077_C0095,500,77,95,44500.0,-45500.0,45000.0,-45000.0,44750.0,-45250.0,250000,250000.0,1.0,0,103.96319385252559,1.6331785673739045
JB0500_R0077_C0096,500,77,96,45000.0,-45500.0,45500.0,-45000.0,45250.0,-45250.0,250000,250000.0,1.0,0,103.96768724188279,1.6331773583452387
JB0500_R0077_C0097,500,77,97,45500.0,-45500.0,46000.0,-45000.0,45750.0,-45250.0,250000,161098.34706758527,0.6443933882703411,1,103.97218063123458,1.6331761392097235
JB0500_R0078_C0041,500,78,41,17500.0,-45000.0,18000.0,-44500.0,17750.0,-44750.0,250000,51654.05416415793,0.20661621665663174,1,103.72055147543007,1.6377505970986652
JB0500_R0078_C0042,500,78,42,18000.0,-45000.0,18500.0,-44500.0,18250.0,-44750.0,250000,191459.20783910571,0.7658368313564229,1,103.72504487506897,1.6377499320120688
JB0500_R0078_C0043,500,78,43,18500.0,-45000.0,19000.0,-44500.0,18750.0,-44750.0,250000,203341.51228250965,0.8133660491300386,1,103.7295382747049,1.6377492567903125
JB0500_R0078_C0044,500,78,44,19000.0,-45000.0,19500.0,-44500.0,19250.0,-44750.0,250000,205226.8333252433,0.8209073333009732,1,103.73403167433777,1.6377485714334008
JB0500_R0078_C0045,500,78,45,19500.0,-45000.0,20000.0,-44500.0,19750.0,-44750.0,250000,232153.7407187078,0.9286149628748311,1,103.7385250739676,1.6377478759413375
JB0500_R0078_C0046,500,78,46,20000.0,-45000.0,20500.0,-44500.0,20250.0,-44750.0,250000,250000.0,1.0,0,103.74301847359429,1.637747170314127
JB0500_R0078_C0047,500,78,47,20500.0,-45000.0,21000.0,-44500.0,20750.0,-44750.0,250000,250000.0,1.0,0,103.74751187321782,1.6377464545517737
JB0500_R0078_C0048,500,78,48,21000.0,-45000.0,21500.0,-44500.0,21250.0,-44750.0,250000,250000.0,1.0,0,103.75200527283813,1.637745728654282
JB0500_R0078_C0049,500,78,49,21500.0,-45000.0,22000.0,-44500.0,21750.0,-44750.0,250000,250000.0,1.0,0,103.7564986724552,1.6377449926216563
JB0500_R0078_C0050,500,78,50,22000.0,-45000.0,22500.0,-44500.0,22250.0,-44750.0,250000,250000.0,1.0,0,103.76099207206896,1.6377442464539014
JB0500_R0078_C0051,500,78,51,22500.0,-45000.0,23000.0,-44500.0,22750.0,-44750.0,250000,250000.0,1.0,0,103.76548547167936,1.6377434901510217
JB0500_R0078_C0052,500,78,52,23000.0,-45000.0,23500.0,-44500.0,23250.0,-44750.0,250000,250000.0,1.0,0,103.76997887128637,1.6377427237130218
JB0500_R0078_C0053,500,78,53,23500.0,-45000.0,24000.0,-44500.0,23750.0,-44750.0,250000,217830.20500701253,0.8713208200280501,1,103.77447227088996,1.6377419471399062
JB0500_R0078_C0054,500,78,54,24000.0,-45000.0,24500.0,-44500.0,24250.0,-44750.0,250000,177545.9703320787,0.7101838813283148,1,103.77896567049007,1.6377411604316803
JB0500_R0078_C0055,500,78,55,24500.0,-45000.0,25000.0,-44500.0,24750.0,-44750.0,250000,121244.60597144377,0.4849784238857751,1,103.78345907008664,1.6377403635883483
JB0500_R0078_C0056,500,78,56,25000.0,-45000.0,25500.0,-44500.0,25250.0,-44750.0,250000,27420.23028350292,0.10968092113401168,1,103.78795246967965,1.6377395566099155
JB0500_R0078_C0077,500,78,77,35500.0,-45000.0,36000.0,-44500.0,35750.0,-44750.0,250000,9327.773534358492,0.03731109413743397,1,103.88231386022757,1.637720268863881
JB0500_R0078_C0078,500,78,78,36000.0,-45000.0,36500.0,-44500.0,36250.0,-44750.0,250000,173342.25396725608,0.6933690158690243,1,103.88680725973056,1.6377192389145971
JB0500_R0078_C0079,500,78,79,36500.0,-45000.0,37000.0,-44500.0,36750.0,-44750.0,250000,250000.0,1.0,0,103.89130065922893,1.6377181988303426
JB0500_R0078_C0080,500,78,80,37000.0,-45000.0,37500.0,-44500.0,37250.0,-44750.0,250000,250000.0,1.0,0,103.89579405872267,1.6377171486111237
JB0500_R0078_C0081,500,78,81,37500.0,-45000.0,38000.0,-44500.0,37750.0,-44750.0,250000,250000.0,1.0,0,103.9002874582117,1.6377160882569468
JB0500_R0078_C0082,500,78,82,38000.0,-45000.0,38500.0,-44500.0,38250.0,-44750.0,250000,250000.0,1.0,0,103.90478085769598,1.6377150177678188
JB0500_R0078_C0083,500,78,83,38500.0,-45000.0,39000.0,-44500.0,38750.0,-44750.0,250000,250000.0,1.0,0,103.90927425717545,1.637713937143746
JB0500_R0078_C0084,500,78,84,39000.0,-45000.0,39500.0,-44500.0,39250.0,-44750.0,250000,250000.0,1.0,0,103.91376765665011,1.6377128463847348
JB0500_R0078_C0085,500,78,85,39500.0,-45000.0,40000.0,-44500.0,39750.0,-44750.0,250000,250000.0,1.0,0,103.91826105611989,1.6377117454907926
JB0500_R0078_C0086,500,78,86,40000.0,-45000.0,40500.0,-44500.0,40250.0,-44750.0,250000,250000.0,1.0,0,103.92275445558472,1.6377106344619257
JB0500_R0078_C0087,500,78,87,40500.0,-45000.0,41000.0,-44500.0,40750.0,-44750.0,250000,250000.0,1.0,0,103.9272478550446,1.637709513298141
JB0500_R0078_C0088,500,78,88,41000.0,-45000.0,41500.0,-44500.0,41250.0,-44750.0,250000,250000.0,1.0,0,103.93174125449946,1.6377083819994454
JB0500_R0078_C0089,500,78,89,41500.0,-45000.0,42000.0,-44500.0,41750.0,-44750.0,250000,250000.0,1.0,0,103.93623465394924,1.6377072405658462
JB0500_R0078_C0090,500,78,90,42000.0,-45000.0,42500.0,-44500.0,42250.0,-44750.0,250000,250000.0,1.0,0,103.94072805339393,1.6377060889973498
JB0500_R0078_C0091,500,78,91,42500.0,-45000.0,43000.0,-44500.0,42750.0,-44750.0,250000,250000.0,1.0,0,103.94522145283348,1.637704927293964
JB0500_R0078_C0092,500,78,92,43000.0,-45000.0,43500.0,-44500.0,43250.0,-44750.0,250000,250000.0,1.0,0,103.9497148522678,1.6377037554556955
JB0500_R0078_C0093,500,78,93,43500.0,-45000.0,44000.0,-44500.0,43750.0,-44750.0,250000,250000.0,1.0,0,103.9542082516969,1.6377025734825514
JB0500_R0078_C0094,500,78,94,44000.0,-45000.0,44500.0,-44500.0,44250.0,-44750.0,250000,250000.0,1.0,0,103.9587016511207,1.6377013813745396
JB0500_R0078_C0095,500,78,95,44500.0,-45000.0,45000.0,-44500.0,44750.0,-44750.0,250000,250000.0,1.0,0,103.96319505053918,1.637700179131667
JB0500_R0078_C0096,500,78,96,45000.0,-45000.0,45500.0,-44500.0,45250.0,-44750.0,250000,250000.0,1.0,0,103.96768844995228,1.6376989667539408
JB0500_R0078_C0097,500,78,97,45500.0,-45000.0,46000.0,-44500.0,45750.0,-44750.0,250000,190664.0780393154,0.7626563121572616,1,103.97218184935996,1.637697744241369
JB0500_R0079_C0044,500,79,44,19000.0,-44500.0,19500.0,-44000.0,19250.0,-44250.0,250000,26783.910128046995,0.10713564051218798,1,103.73403236136284,1.6422703166645511
JB0500_R0079_C0045,500,79,45,19500.0,-44500.0,20000.0,-44000.0,19750.0,-44250.0,250000,230097.7417732749,0.9203909670930996,1,103.7385257710776,1.6422696192512594
JB0500_R0079_C0046,500,79,46,20000.0,-44500.0,20500.0,-44000.0,20250.0,-44250.0,250000,250000.0,1.0,0,103.74301918078923,1.6422689116748228
JB0500_R0079_C0047,500,79,47,20500.0,-44500.0,21000.0,-44000.0,20750.0,-44250.0,250000,250000.0,1.0,0,103.74751259049768,1.642268193935246
JB0500_R0079_C0048,500,79,48,21000.0,-44500.0,21500.0,-44000.0,21250.0,-44250.0,250000,250000.0,1.0,0,103.75200600020288,1.6422674660325334
JB0500_R0079_C0049,500,79,49,21500.0,-44500.0,22000.0,-44000.0,21750.0,-44250.0,250000,250000.0,1.0,0,103.75649940990483,1.6422667279666898
JB0500_R0079_C0050,500,79,50,22000.0,-44500.0,22500.0,-44000.0,22250.0,-44250.0,250000,250000.0,1.0,0,103.76099281960344,1.6422659797377195
JB0500_R0079_C0051,500,79,51,22500.0,-44500.0,23000.0,-44000.0,22750.0,-44250.0,250000,250000.0,1.0,0,103.7654862292987,1.642265221345627
JB0500_R0079_C0052,500,79,52,23000.0,-44500.0,23500.0,-44000.0,23250.0,-44250.0,250000,250000.0,1.0,0,103.76997963899055,1.6422644527904169
JB0500_R0079_C0053,500,79,53,23500.0,-44500.0,24000.0,-44000.0,23750.0,-44250.0,250000,147773.84746367173,0.5910953898546869,1,103.77447304867893,1.6422636740720944
JB0500_R0079_C0078,500,79,78,36000.0,-44500.0,36500.0,-44000.0,36250.0,-44250.0,250000,2295.9429040397845,0.009183771616159138,1,103.88680828963275,1.6422409031175371
JB0500_R0079_C0079,500,79,79,36500.0,-44500.0,37000.0,-44000.0,36750.0,-44250.0,250000,166319.4512094569,0.6652778048378276,1,103.89130169921535,1.6422398601601518
JB0500_R0079_C0080,500,79,80,37000.0,-44500.0,37500.0,-44000.0,37250.0,-44250.0,250000,250000.0,1.0,0,103.89579510879328,1.642238807039805
JB0500_R0079_C0081,500,79,81,37500.0,-44500.0,38000.0,-44000.0,37750.0,-44250.0,250000,250000.0,1.0,0,103.90028851836648,1.6422377437565039
JB0500_R0079_C0082,500,79,82,38000.0,-44500.0,38500.0,-44000.0,38250.0,-44250.0,250000,250000.0,1.0,0,103.90478192793489,1.6422366703102544
JB0500_R0079_C0083,500,79,83,38500.0,-44500.0,39000.0,-44000.0,38750.0,-44250.0,250000,250000.0,1.0,0,103.9092753374985,1.6422355867010634
JB0500_R0079_C0084,500,79,84,39000.0,-44500.0,39500.0,-44000.0,39250.0,-44250.0,250000,250000.0,1.0,0,103.91376874705725,1.6422344929289376
JB0500_R0079_C0085,500,79,85,39500.0,-44500.0,40000.0,-44000.0,39750.0,-44250.0,250000,250000.0,1.0,0,103.91826215661108,1.6422333889938836
JB0500_R0079_C0086,500,79,86,40000.0,-44500.0,40500.0,-44000.0,40250.0,-44250.0,250000,250000.0,1.0,0,103.92275556615996,1.6422322748959084
JB0500_R0079_C0087,500,79,87,40500.0,-44500.0,41000.0,-44000.0,40750.0,-44250.0,250000,250000.0,1.0,0,103.92724897570385,1.6422311506350185
JB0500_R0079_C0088,500,79,88,41000.0,-44500.0,41500.0,-44000.0,41250.0,-44250.0,250000,250000.0,1.0,0,103.93174238524269,1.642230016211221
JB0500_R0079_C0089,500,79,89,41500.0,-44500.0,42000.0,-44000.0,41750.0,-44250.0,250000,250000.0,1.0,0,103.93623579477644,1.6422288716245235
JB0500_R0079_C0090,500,79,90,42000.0,-44500.0,42500.0,-44000.0,42250.0,-44250.0,250000,250000.0,1.0,0,103.94072920430504,1.642227716874932
JB0500_R0079_C0091,500,79,91,42500.0,-44500.0,43000.0,-44000.0,42750.0,-44250.0,250000,250000.0,1.0,0,103.94522261382848,1.6422265519624544
JB0500_R0079_C0092,500,79,92,43000.0,-44500.0,43500.0,-44000.0,43250.0,-44250.0,250000,250000.0,1.0,0,103.9497160233467,1.6422253768870976
JB0500_R0079_C0093,500,79,93,43500.0,-44500.0,44000.0,-44000.0,43750.0,-44250.0,250000,250000.0,1.0,0,103.95420943285963,1.6422241916488687
JB0500_R0079_C0094,500,79,94,44000.0,-44500.0,44500.0,-44000.0,44250.0,-44250.0,250000,250000.0,1.0,0,103.95870284236725,1.6422229962477752
JB0500_R0079_C0095,500,79,95,44500.0,-44500.0,45000.0,-44000.0,44750.0,-44250.0,250000,249257.8086225442,0.9970312344901768,1,103.96319625186949,1.6422217906838246
JB0500_R0079_C0096,500,79,96,45000.0,-44500.0,45500.0,-44000.0,45250.0,-44250.0,250000,215032.84612574193,0.8601313845029677,1,103.96768966136634,1.6422205749570238
JB0500_R0079_C0097,500,79,97,45500.0,-44500.0,46000.0,-44000.0,45750.0,-44250.0,250000,142881.93230530166,0.5715277292212066,1,103.97218307085774,1.6422193490673809
JB0500_R0080_C0043,500,80,43,18500.0,-44000.0,19000.0,-43500.0,18750.0,-43750.0,250000,3383.8792654368604,0.013535517061747441,1,103.72953963045404,1.6467927508334874
JB0500_R0080_C0044,500,80,44,19000.0,-44000.0,19500.0,-43500.0,19250.0,-43750.0,250000,189192.02400056415,0.7567680960022566,1,103.73403305028471,1.6467920616901048
JB0500_R0080_C0045,500,80,45,19500.0,-44000.0,20000.0,-43500.0,19750.0,-43750.0,250000,250000.0,1.0,0,103.73852647011228,1.6467913623555757
JB0500_R0080_C0046,500,80,46,20000.0,-44000.0,20500.0,-43500.0,20250.0,-43750.0,250000,250000.0,1.0,0,103.74301988993666,1.6467906528299046
JB0500_R0080_C0047,500,80,47,20500.0,-44000.0,21000.0,-43500.0,20750.0,-43750.0,250000,250000.0,1.0,0,103.74751330975786,1.646789933113096
JB0500_R0080_C0048,500,80,48,21000.0,-44000.0,21500.0,-43500.0,21250.0,-43750.0,250000,250000.0,1.0,0,103.75200672957583,1.646789203205154
JB0500_R0080_C0049,500,80,49,21500.0,-44000.0,22000.0,-43500.0,21750.0,-43750.0,250000,250000.0,1.0,0,103.75650014939049,1.6467884631060838
JB0500_R0080_C0050,500,80,50,22000.0,-44000.0,22500.0,-43500.0,22250.0,-43750.0,250000,250000.0,1.0,0,103.76099356920182,1.6467877128158892
JB0500_R0080_C0051,500,80,51,22500.0,-44000.0,23000.0,-43500.0,22750.0,-43750.0,250000,250000.0,1.0,0,103.76548698900976,1.646786952334575
JB0500_R0080_C0052,500,80,52,23000.0,-44000.0,23500.0,-43500.0,23250.0,-43750.0,250000,250000.0,1.0,0,103.76998040881426,1.646786181662146
JB0500_R0080_C0053,500,80,53,23500.0,-44000.0,24000.0,-43500.0,23750.0,-43750.0,250000,75397.40628340987,0.3015896251336395,1,103.7744738286153,1.6467854007986071
JB0500_R0080_C0079,500,80,79,36500.0,-44000.0,37000.0,-43500.0,36750.0,-43750.0,250000,23546.106812054237,0.09418442724821695,1,103.89130274207305,1.6467615212840034
JB0500_R0080_C0080,500,80,80,37000.0,-44000.0,37500.0,-43500.0,37250.0,-43750.0,250000,238364.37247970756,0.9534574899188302,1,103.89579616176303,1.6467604652625165
JB0500_R0080_C0081,500,80,81,37500.0,-44000.0,38000.0,-43500.0,37750.0,-43750.0,250000,250000.0,1.0,0,103.90028958144823,1.646759399050078
JB0500_R0080_C0082,500,80,82,38000.0,-44000.0,38500.0,-43500.0,38250.0,-43750.0,250000,250000.0,1.0,0,103.90478300112865,1.6467583226466946
JB0500_R0080_C0083,500,80,83,38500.0,-44000.0,39000.0,-43500.0,38750.0,-43750.0,250000,250000.0,1.0,0,103.90927642080422,1.6467572360523728
JB0500_R0080_C0084,500,80,84,39000.0,-44000.0,39500.0,-43500.0,39250.0,-43750.0,250000,250000.0,1.0,0,103.91376984047488,1.6467561392671188
JB0500_R0080_C0085,500,80,85,39500.0,-44000.0,40000.0,-43500.0,39750.0,-43750.0,250000,250000.0,1.0,0,103.91826326014062,1.6467550322909403
JB0500_R0080_C0086,500,80,86,40000.0,-44000.0,40500.0,-43500.0,40250.0,-43750.0,250000,250000.0,1.0,0,103.92275667980138,1.6467539151238433
JB0500_R0080_C0087,500,80,87,40500.0,-44000.0,41000.0,-43500.0,40750.0,-43750.0,250000,250000.0,1.0,0,103.92725009945711,1.6467527877658352
JB0500_R0080_C0088,500,80,88,41000.0,-44000.0,41500.0,-43500.0,41250.0,-43750.0,250000,250000.0,1.0,0,103.93174351910778,1.6467516502169228
JB0500_R0080_C0089,500,80,89,41500.0,-44000.0,42000.0,-43500.0,41750.0,-43750.0,250000,250000.0,1.0,0,103.93623693875332,1.646750502477113
JB0500_R0080_C0090,500,80,90,42000.0,-44000.0,42500.0,-43500.0,42250.0,-43750.0,250000,250000.0,1.0,0,103.94073035839371,1.646749344546413
JB0500_R0080_C0091,500,80,91,42500.0,-44000.0,43000.0,-43500.0,42750.0,-43750.0,250000,250000.0,1.0,0,103.94522377802888,1.6467481764248297
JB0500_R0080_C0092,500,80,92,43000.0,-44000.0,43500.0,-43500.0,43250.0,-43750.0,250000,250000.0,1.0,0,103.94971719765879,1.6467469981123706
JB0500_R0080_C0093,500,80,93,43500.0,-44000.0,44000.0,-43500.0,43750.0,-43750.0,250000,236090.74402850828,0.9443629761140332,1,103.95421061728341,1.6467458096090428
JB0500_R0080_C0094,500,80,94,44000.0,-44000.0,44500.0,-43500.0,44250.0,-43750.0,250000,75743.17381506633,0.3029726952602653,1,103.95870403690266,1.6467446109148536
JB0500_R0080_C0095,500,80,95,44500.0,-44000.0,45000.0,-43500.0,44750.0,-43750.0,250000,18085.62240162008,0.07234248960648032,1,103.96319745651654,1.6467434020298104
JB0500_R0081_C0043,500,81,43,18500.0,-43500.0,19000.0,-43000.0,18750.0,-43250.0,250000,128324.80707883682,0.5132992283153472,1,103.72954031113208,1.6513144975461265
JB0500_R0081_C0044,500,81,44,19000.0,-43500.0,19500.0,-43000.0,19250.0,-43250.0,250000,250000.0,1.0,0,103.7340337411034,1.651313806509496
JB0500_R0081_C0045,500,81,45,19500.0,-43500.0,20000.0,-43000.0,19750.0,-43250.0,250000,250000.0,1.0,0,103.73852717107161,1.6513131052537218
JB0500_R0081_C0046,500,81,46,20000.0,-43500.0,20500.0,-43000.0,20250.0,-43250.0,250000,250000.0,1.0,0,103.74302060103662,1.6513123937788081
JB0500_R0081_C0047,500,81,47,20500.0,-43500.0,21000.0,-43000.0,20750.0,-43250.0,250000,250000.0,1.0,0,103.74751403099843,1.651311672084759
JB0500_R0081_C0048,500,81,48,21000.0,-43500.0,21500.0,-43000.0,21250.0,-43250.0,250000,250000.0,1.0,0,103.75200746095697,1.651310940171579
JB0500_R0081_C0049,500,81,49,21500.0,-43500.0,22000.0,-43000.0,21750.0,-43250.0,250000,250000.0,1.0,0,103.7565008909122,1.651310198039273
JB0500_R0081_C0050,500,81,50,22000.0,-43500.0,22500.0,-43000.0,22250.0,-43250.0,250000,250000.0,1.0,0,103.76099432086407,1.6513094456878454
JB0500_R0081_C0051,500,81,51,22500.0,-43500.0,23000.0,-43000.0,22750.0,-43250.0,250000,250000.0,1.0,0,103.76548775081254,1.6513086831173005
JB0500_R0081_C0052,500,81,52,23000.0,-43500.0,23500.0,-43000.0,23250.0,-43250.0,250000,250000.0,1.0,0,103.76998118075757,1.6513079103276436
JB0500_R0081_C0053,500,81,53,23500.0,-43500.0,24000.0,-43000.0,23750.0,-43250.0,250000,161642.69765029388,0.6465707906011755,1,103.7744746106991,1.6513071273188789
JB0500_R0081_C0080,500,81,80,37000.0,-43500.0,37500.0,-43000.0,37250.0,-43250.0,250000,68637.29580633037,0.27454918322532146,1,103.89579721763194,1.6512821232786918
JB0500_R0081_C0081,500,81,81,37500.0,-43500.0,38000.0,-43000.0,37750.0,-43250.0,250000,243116.90786913157,0.9724676314765263,1,103.90029064745701,1.651281054137104
JB0500_R0081_C0082,500,81,82,38000.0,-43500.0,38500.0,-43000.0,38250.0,-43250.0,250000,250000.0,1.0,0,103.90478407727724,1.6512799747765736
JB0500_R0081_C0083,500,81,83,38500.0,-43500.0,39000.0,-43000.0,38750.0,-43250.0,250000,250000.0,1.0,0,103.90927750709261,1.6512788851971076
JB0500_R0081_C0084,500,81,84,39000.0,-43500.0,39500.0,-43000.0,39250.0,-43250.0,250000,250000.0,1.0,0,103.91377093690306,1.651277785398713
JB0500_R0081_C0085,500,81,85,39500.0,-43500.0,40000.0,-43000.0,39750.0,-43250.0,250000,250000.0,1.0,0,103.91826436670854,1.6512766753813968
JB0500_R0081_C0086,500,81,86,40000.0,-43500.0,40500.0,-43000.0,40250.0,-43250.0,250000,250000.0,1.0,0,103.92275779650903,1.651275555145165
JB0500_R0081_C0087,500,81,87,40500.0,-43500.0,41000.0,-43000.0,40750.0,-43250.0,250000,250000.0,1.0,0,103.92725122630445,1.651274424690025
JB0500_R0081_C0088,500,81,88,41000.0,-43500.0,41500.0,-43000.0,41250.0,-43250.0,250000,250000.0,1.0,0,103.93174465609478,1.651273284015984
JB0500_R0081_C0089,500,81,89,41500.0,-43500.0,42000.0,-43000.0,41750.0,-43250.0,250000,250000.0,1.0,0,103.93623808587996,1.6512721331230487
JB0500_R0081_C0090,500,81,90,42000.0,-43500.0,42500.0,-43000.0,42250.0,-43250.0,250000,244796.2867621004,0.9791851470484016,1,103.94073151565993,1.6512709720112262
JB0500_R0081_C0091,500,81,91,42500.0,-43500.0,43000.0,-43000.0,42750.0,-43250.0,250000,190831.6641444184,0.7633266565776736,1,103.94522494543469,1.6512698006805235
JB0500_R0081_C0092,500,81,92,43000.0,-43500.0,43500.0,-43000.0,43250.0,-43250.0,250000,153759.54595440818,0.6150381838176328,1,103.94971837520414,1.651268619130948
JB0500_R0081_C0093,500,81,93,43500.0,-43500.0,44000.0,-43000.0,43750.0,-43250.0,250000,70345.68885796258,0.2813827554318503,1,103.95421180496828,1.6512674273625074
JB0500_R0082_C0042,500,82,42,18000.0,-43000.0,18500.0,-42500.0,18250.0,-42750.0,250000,66221.37776819822,0.26488551107279285,1,103.72504755353621,1.6558369267347863
JB0500_R0082_C0043,500,82,43,18500.0,-43000.0,19000.0,-42500.0,18750.0,-42750.0,250000,247758.18611599214,0.9910327444639686,1,103.72954099367914,1.6558362440520458
JB0500_R0082_C0044,500,82,44,19000.0,-43000.0,19500.0,-42500.0,19250.0,-42750.0,250000,250000.0,1.0,0,103.73403443381895,1.6558355511221596
JB0500_R0082_C0045,500,82,45,19500.0,-43000.0,20000.0,-42500.0,19750.0,-42750.0,250000,250000.0,1.0,0,103.73852787395563,1.6558348479451317
JB0500_R0082_C0046,500,82,46,20000.0,-43000.0,20500.0,-42500.0,20250.0,-42750.0,250000,250000.0,1.0,0,103.74302131408912,1.6558341345209666
JB0500_R0082_C0047,500,82,47,20500.0,-43000.0,21000.0,-42500.0,20750.0,-42750.0,250000,250000.0,1.0,0,103.74751475421937,1.6558334108496686
JB0500_R0082_C0048,500,82,48,21000.0,-43000.0,21500.0,-42500.0,21250.0,-42750.0,250000,250000.0,1.0,0,103.75200819434635,1.655832676931242
JB0500_R0082_C0049,500,82,49,21500.0,-43000.0,22000.0,-42500.0,21750.0,-42750.0,250000,250000.0,1.0,0,103.75650163446997,1.6558319327656914
JB0500_R0082_C0050,500,82,50,22000.0,-43000.0,22500.0,-42500.0,22250.0,-42750.0,250000,250000.0,1.0,0,103.76099507459024,1.6558311783530217
JB0500_R0082_C0051,500,82,51,22500.0,-43000.0,23000.0,-42500.0,22750.0,-42750.0,250000,213823.23601299222,0.8552929440519689,1,103.76548851470709,1.6558304136932374
JB0500_R0082_C0052,500,82,52,23000.0,-43000.0,23500.0,-42500.0,23250.0,-42750.0,250000,244865.24936606718,0.9794609974642687,1,103.76998195482047,1.655829638786343
JB0500_R0082_C0053,500,82,53,23500.0,-43000.0,24000.0,-42500.0,23750.0,-42750.0,250000,179033.85038739763,0.7161354015495905,1,103.77447539493033,1.6558288536323433
JB0500_R0082_C0081,500,82,81,37500.0,-43000.0,38000.0,-42500.0,37750.0,-42750.0,250000,238010.9523359897,0.9520438093439588,1,103.90029171639281,1.6558027090170133
JB0500_R0082_C0082,500,82,82,38000.0,-43000.0,38500.0,-42500.0,38250.0,-42750.0,250000,250000.0,1.0,0,103.90478515638073,1.6558016266993234
JB0500_R0082_C0083,500,82,83,38500.0,-43000.0,39000.0,-42500.0,38750.0,-42750.0,250000,250000.0,1.0,0,103.90927859636373,1.6558005341347009
JB0500_R0082_C0084,500,82,84,39000.0,-43000.0,39500.0,-42500.0,39250.0,-42750.0,250000,250000.0,1.0,0,103.9137720363418,1.6557994313231525
JB0500_R0082_C0085,500,82,85,39500.0,-43000.0,40000.0,-42500.0,39750.0,-42750.0,250000,250000.0,1.0,0,103.91826547631487,1.6557983182646852
JB0500_R0082_C0086,500,82,86,40000.0,-43000.0,40500.0,-42500.0,40250.0,-42750.0,250000,250000.0,1.0,0,103.92275891628292,1.6557971949593056
JB0500_R0082_C0087,500,82,87,40500.0,-43000.0,41000.0,-42500.0,40750.0,-42750.0,250000,207689.6332124354,0.8307585328497417,1,103.92725235624587,1.6557960614070206
JB0500_R0082_C0088,500,82,88,41000.0,-43000.0,41500.0,-42500.0,41250.0,-42750.0,250000,59387.667822627285,0.23755067129050914,1,103.9317457962037,1.6557949176078373
JB0500_R0082_C0089,500,82,89,41500.0,-43000.0,42000.0,-42500.0,41750.0,-42750.0,250000,42761.741196674324,0.1710469647866973,1,103.93623923615637,1.6557937635617626
JB0500_R0082_C0090,500,82,90,42000.0,-43000.0,42500.0,-42500.0,42250.0,-42750.0,250000,12639.822554622304,0.05055929021848921,1,103.94073267610379,1.6557925992688038
JB0500_R0083_C0042,500,83,42,18000.0,-42500.0,18500.0,-42000.0,18250.0,-42250.0,250000,164343.99158682383,0.6573759663472953,1,103.72504822775593,1.6603586748986867
JB0500_R0083_C0043,500,83,43,18500.0,-42500.0,19000.0,-42000.0,18750.0,-42250.0,250000,250000.0,1.0,0,103.7295416780952,1.66035799035068
JB0500_R0083_C0044,500,83,44,19000.0,-42500.0,19500.0,-42000.0,19250.0,-42250.0,250000,250000.0,1.0,0,103.73403512843137,1.6603572955275299
JB0500_R0083_C0045,500,83,45,19500.0,-42500.0,20000.0,-42000.0,19750.0,-42250.0,250000,250000.0,1.0,0,103.73852857876437,1.66035659042924
JB0500_R0083_C0046,500,83,46,20000.0,-42500.0,20500.0,-42000.0,20250.0,-42250.0,250000,250000.0,1.0,0,103.74302202909416,1.6603558750558152
JB0500_R0083_C0047,500,83,47,20500.0,-42500.0,21000.0,-42000.0,20750.0,-42250.0,250000,250000.0,1.0,0,103.74751547942071,1.6603551494072595
JB0500_R0083_C0048,500,83,48,21000.0,-42500.0,21500.0,-42000.0,21250.0,-42250.0,250000,250000.0,1.0,0,103.75200892974395,1.6603544134835777
JB0500_R0083_C0049,500,83,49,21500.0,-42500.0,22000.0,-42000.0,21750.0,-42250.0,250000,250000.0,1.0,0,103.75650238006385,1.660353667284774
JB0500_R0083_C0050,500,83,50,22000.0,-42500.0,22500.0,-42000.0,22250.0,-42250.0,250000,250000.0,1.0,0,103.76099583038035,1.6603529108108535
JB0500_R0083_C0051,500,83,51,22500.0,-42500.0,23000.0,-42000.0,22750.0,-42250.0,250000,123661.4988810818,0.4946459955243272,1,103.76548928069342,1.66035214406182
JB0500_R0083_C0052,500,83,52,23000.0,-42500.0,23500.0,-42000.0,23250.0,-42250.0,250000,18380.962434586814,0.07352384973834726,1,103.76998273100298,1.6603513670376793
JB0500_R0083_C0081,500,83,81,37500.0,-42500.0,38000.0,-42000.0,37750.0,-42250.0,250000,235288.87670005148,0.9411555068002059,1,103.90029278825571,1.6603243636892409
JB0500_R0083_C0082,500,83,82,38000.0,-42500.0,38500.0,-42000.0,38250.0,-42250.0,250000,250000.0,1.0,0,103.90478623843913,1.6603232784143787
JB0500_R0083_C0083,500,83,83,38500.0,-42500.0,39000.0,-42000.0,38750.0,-42250.0,250000,250000.0,1.0,0,103.90927968861762,1.6603221828645864
JB0500_R0083_C0084,500,83,84,39000.0,-42500.0,39500.0,-42000.0,39250.0,-42250.0,250000,250000.0,1.0,0,103.91377313879114,1.6603210770398713
JB0500_R0083_C0085,500,83,85,39500.0,-42500.0,40000.0,-42000.0,39750.0,-42250.0,250000,250000.0,1.0,0,103.91826658895965,1.66031996094024
JB0500_R0083_C0086,500,83,86,40000.0,-42500.0,40500.0,-42000.0,40250.0,-42250.0,250000,250000.0,1.0,0,103.92276003912309,1.6603188345656987
JB0500_R0083_C0087,500,83,87,40500.0,-42500.0,41000.0,-42000.0,40750.0,-42250.0,250000,125808.74570506474,0.5032349828202589,1,103.92725348928143,1.660317697916255
JB0500_R0084_C0042,500,84,42,18000.0,-42000.0,18500.0,-41500.0,18250.0,-41750.0,250000,383.23701809958345,0.0015329480723983338,1,103.72504890381684,1.664880422854745
JB0500_R0084_C0043,500,84,43,18500.0,-42000.0,19000.0,-41500.0,18750.0,-41750.0,250000,82760.9341724007,0.3310437366896028,1,103.72954236438032,1.664879736441464
JB0500_R0084_C0044,500,84,44,19000.0,-42000.0,19500.0,-41500.0,19250.0,-41750.0,250000,218810.143536468,0.875240574145872,1,103.73403582494068,1.6648790397250413
JB0500_R0084_C0045,500,84,45,19500.0,-42000.0,20000.0,-41500.0,19750.0,-41750.0,250000,250000.0,1.0,0,103.73852928549785,1.6648783327054815
JB0500_R0084_C0046,500,84,46,20000.0,-42000.0,20500.0,-41500.0,20250.0,-41750.0,250000,250000.0,1.0,0,103.74302274605179,1.6648776153827882
JB0500_R0084_C0047,500,84,47,20500.0,-42000.0,21000.0,-41500.0,20750.0,-41750.0,250000,250000.0,1.0,0,103.74751620660248,1.6648768877569664
JB0500_R0084_C0048,500,84,48,21000.0,-42000.0,21500.0,-41500.0,21250.0,-41750.0,250000,250000.0,1.0,0,103.75200966714984,1.6648761498280205
JB0500_R0084_C0049,500,84,49,21500.0,-42000.0,22000.0,-41500.0,21750.0,-41750.0,250000,250000.0,1.0,0,103.75650312769382,1.6648754015959548
JB0500_R0084_C0050,500,84,50,22000.0,-42000.0,22500.0,-41500.0,22250.0,-41750.0,250000,242931.29991128328,0.9717251996451332,1,103.7609965882344,1.6648746430607742
JB0500_R0084_C0051,500,84,51,22500.0,-42000.0,23000.0,-41500.0,22750.0,-41750.0,250000,103470.93735761456,0.41388374943045825,1,103.76549004877153,1.6648738742224833
JB0500_R0084_C0081,500,84,81,37500.0,-42000.0,38000.0,-41500.0,37750.0,-41750.0,250000,106618.03920792526,0.42647215683170103,1,103.9002938630457,1.6648460181532199
JB0500_R0084_C0082,500,84,82,38000.0,-42000.0,38500.0,-41500.0,38250.0,-41750.0,250000,250000.0,1.0,0,103.90478732345248,1.6648449299211725
JB0500_R0084_C0083,500,84,83,38500.0,-42000.0,39000.0,-41500.0,38750.0,-41750.0,250000,250000.0,1.0,0,103.9092807838543,1.6648438313861977
JB0500_R0084_C0084,500,84,84,39000.0,-42000.0,39500.0,-41500.0,39250.0,-41750.0,250000,250000.0,1.0,0,103.91377424425113,1.6648427225483025
JB0500_R0084_C0085,500,84,85,39500.0,-42000.0,40000.0,-41500.0,39750.0,-41750.0,250000,215282.33477585486,0.8611293391034195,1,103.91826770464291,1.6648416034074935
JB0500_R0084_C0086,500,84,86,40000.0,-42000.0,40500.0,-41500.0,40250.0,-41750.0,250000,162121.81889271256,0.6484872755708503,1,103.9227611650296,1.6648404739637779
JB0500_R0084_C0087,500,84,87,40500.0,-42000.0,41000.0,-41500.0,40750.0,-41750.0,250000,118255.63804476982,0.4730225521790793,1,103.92725462541115,1.6648393342171623
JB0500_R0085_C0044,500,85,44,19000.0,-41500.0,19500.0,-41000.0,19250.0,-41250.0,250000,8513.992635529472,0.03405597054211789,1,103.73403652334689,1.669400783714129
JB0500_R0085_C0045,500,85,45,19500.0,-41500.0,20000.0,-41000.0,19750.0,-41250.0,250000,118140.72523939727,0.47256290095758907,1,103.73852999415608,1.6694000747732902
JB0500_R0085_C0046,500,85,46,20000.0,-41500.0,20500.0,-41000.0,20250.0,-41250.0,250000,136249.54265698182,0.5449981706279273,1,103.74302346496202,1.6693993555013205
JB0500_R0085_C0047,500,85,47,20500.0,-41500.0,21000.0,-41000.0,20750.0,-41250.0,250000,100680.46471718646,0.40272185886874584,1,103.7475169357647,1.6693986258982236
JB0500_R0085_C0048,500,85,48,21000.0,-41500.0,21500.0,-41000.0,21250.0,-41250.0,250000,65519.28459719584,0.2620771383887833,1,103.75201040656401,1.669397885964005
JB0500_R0085_C0049,500,85,49,21500.0,-41500.0,22000.0,-41000.0,21750.0,-41250.0,250000,30400.056553974486,0.12160022621589794,1,103.75650387735995,1.6693971356986685
JB0500_R0085_C0050,500,85,50,22000.0,-41500.0,22500.0,-41000.0,22250.0,-41250.0,250000,2337.0025713802124,0.00934801028552085,1,103.76099734815246,1.669396375102219
JB0500_R0085_C0081,500,85,81,37500.0,-41500.0,38000.0,-41000.0,37750.0,-41250.0,250000,85530.9248437856,0.3421236993751424,1,103.90029494076285,1.6693676724083837
JB0500_R0085_C0082,500,85,82,38000.0,-41500.0,38500.0,-41000.0,38250.0,-41250.0,250000,134660.83250583956,0.5386433300233582,1,103.90478841142082,1.669366581219138
JB0500_R0085_C0083,500,85,83,38500.0,-41500.0,39000.0,-41000.0,38750.0,-41250.0,250000,238343.86989524908,0.9533754795809963,1,103.90928188207381,1.6693654796989679
JB0500_R0085_C0084,500,85,84,39000.0,-41500.0,39500.0,-41000.0,39250.0,-41250.0,250000,231499.3352722786,0.9259973410891145,1,103.91377535272179,1.6693643678478793
JB0500_R0085_C0085,500,85,85,39500.0,-41500.0,40000.0,-41000.0,39750.0,-41250.0,250000,60543.20147815018,0.2421728059126007,1,103.91826882336467,1.6693632456658798
JB0500_R0085_C0086,500,85,86,40000.0,-41500.0,40500.0,-41000.0,40250.0,-41250.0,250000,4878.458096465077,0.019513832385860307,1,103.92276229400245,1.6693621131529761
JB0500_R0086_C0083,500,86,83,38500.0,-41000.0,39000.0,-40500.0,38750.0,-40750.0,250000,44434.89481704705,0.17773957926818817,1,103.90928298327619,1.67388712780233
JB0500_R0086_C0084,500,86,84,39000.0,-41000.0,39500.0,-40500.0,39250.0,-40750.0,250000,28553.30544860569,0.11421322179442275,1,103.91377646420314,1.6738860129380355
