"dataset_id","module","filename","local_archive_path","size_mb","data_type","source","role","github_status","recommended_storage","notes"
"EXT00001","D01","D01_Johor_Bahru_Study_Area_Final.zip","D:\OneDrive\桌面\Nature Portfolio_Project\00_SCIENTIFIC_REPORTS_RESEARCH_ARCHIVE_20261005\01_D01_STUDY_AREA\05_PACKAGES\D01_Johor_Bahru_Study_Area_Final.zip","0.0891",".zip","LOCAL_ARCHIVE","derived or supporting project asset","RELEASE_ASSET_REVIEW","RELEASE_ASSET_REVIEW","Excluded from ordinary Git tracking by repository preparation rules"
"EXT00002","D01","D01_Johor_Bahru_Study_Area_Final.zip","D:\OneDrive\桌面\Nature Portfolio_Project\00_SCIENTIFIC_REPORTS_RESEARCH_ARCHIVE_20261005\01_D01_STUDY_AREA\PACKAGES\D01_Johor_Bahru_Study_Area_Final.zip","0.0891",".zip","LOCAL_ARCHIVE","derived or supporting project asset","RELEASE_ASSET_REVIEW","RELEASE_ASSET_REVIEW","Excluded from ordinary Git tracking by repository preparation rules"
"EXT00003","D02","JB_OSM_Core_20261003.osm.pbf","D:\OneDrive\桌面\Nature Portfolio_Project\00_SCIENTIFIC_REPORTS_RESEARCH_ARCHIVE_20261005\02_D02_ROAD_NETWORK\01_RAW\JB_OSM_Core_20261003.osm.pbf","4.3575",".osm.pbf","OSM / Geofabrik","derived or supporting project asset","EXTERNAL_NOT_COMMITTED","ORIGINAL_PROVIDER","Excluded from ordinary Git tracking by repository preparation rules"
"EXT00005","D02","JB_OSM_Core_20261003.osm.pbf","D:\OneDrive\桌面\Nature Portfolio_Project\00_SCIENTIFIC_REPORTS_RESEARCH_ARCHIVE_20261005\02_D02_ROAD_NETWORK\RAW\JB_OSM_Core_20261003.osm.pbf","4.3575",".osm.pbf","OSM / Geofabrik","derived or supporting project asset","EXTERNAL_NOT_COMMITTED","ORIGINAL_PROVIDER","Excluded from ordinary Git tracking by repository preparation rules"
"EXT00006","D02","JB_OSM_Core_20261003__COPY001.osm.pbf","D:\OneDrive\桌面\Nature Portfolio_Project\00_SCIENTIFIC_REPORTS_RESEARCH_ARCHIVE_20261005\02_D02_ROAD_NETWORK\RAW\JB_OSM_Core_20261003__COPY001.osm.pbf","4.3575",".osm.pbf","OSM / Geofabrik","derived or supporting project asset","EXTERNAL_NOT_COMMITTED","ORIGINAL_PROVIDER","Excluded from ordinary Git tracking by repository preparation rules"
"EXT00004","D02","malaysia-singapore-brunei-261003.osm.pbf","D:\OneDrive\桌面\Nature Portfolio_Project\00_SCIENTIFIC_REPORTS_RESEARCH_ARCHIVE_20261005\02_D02_ROAD_NETWORK\01_RAW\malaysia-singapore-brunei-261003.osm.pbf","239.9723",".osm.pbf","OSM / Geofabrik","derived or supporting project asset","EXTERNAL_NOT_COMMITTED","ZENODO","Excluded from ordinary Git tracking by repository preparation rules"
"EXT00007","D02","malaysia-singapore-brunei-261003.osm.pbf","D:\OneDrive\桌面\Nature Portfolio_Project\00_SCIENTIFIC_REPORTS_RESEARCH_ARCHIVE_20261005\02_D02_ROAD_NETWORK\RAW\malaysia-singapore-brunei-261003.osm.pbf","239.9723",".osm.pbf","OSM / Geofabrik","derived or supporting project asset","EXTERNAL_NOT_COMMITTED","ZENODO","Excluded from ordinary Git tracking by repository preparation rules"
"EXT00008","D02","malaysia-singapore-brunei-261003__COPY001.osm.pbf","D:\OneDrive\桌面\Nature Portfolio_Project\00_SCIENTIFIC_REPORTS_RESEARCH_ARCHIVE_20261005\02_D02_ROAD_NETWORK\RAW\malaysia-singapore-brunei-261003__COPY001.osm.pbf","239.9723",".osm.pbf","OSM / Geofabrik","derived or supporting project asset","EXTERNAL_NOT_COMMITTED","ZENODO","Excluded from ordinary Git tracking by repository preparation rules"
"EXT00009","D03","Copernicus_DSM_COG_10_N01_00_E103_00_DEM.tif","D:\OneDrive\桌面\Nature Portfolio_Project\00_SCIENTIFIC_REPORTS_RESEARCH_ARCHIVE_20261005\03_D03_TERRAIN\01_RAW_DEM\Copernicus_DSM_COG_10_N01_00_E103_00_DEM.tif","30.3954",".tif","Copernicus GLO-30","derived or supporting project asset","EXTERNAL_NOT_COMMITTED","ORIGINAL_PROVIDER","Excluded from ordinary Git tracking by repository preparation rules"
"EXT00015","D03","Copernicus_DSM_COG_10_N01_00_E103_00_DEM.tif","D:\OneDrive\桌面\Nature Portfolio_Project\00_SCIENTIFIC_REPORTS_RESEARCH_ARCHIVE_20261005\03_D03_TERRAIN\DEM\Copernicus_DSM_COG_10_N01_00_E103_00_DEM.tif","30.3954",".tif","Copernicus GLO-30","derived or supporting project asset","EXTERNAL_NOT_COMMITTED","ORIGINAL_PROVIDER","Excluded from ordinary Git tracking by repository preparation rules"
"EXT00010","D03","Copernicus_DSM_COG_10_N01_00_E104_00_DEM.tif","D:\OneDrive\桌面\Nature Portfolio_Project\00_SCIENTIFIC_REPORTS_RESEARCH_ARCHIVE_20261005\03_D03_TERRAIN\01_RAW_DEM\Copernicus_DSM_COG_10_N01_00_E104_00_DEM.tif","11.4863",".tif","Copernicus GLO-30","derived or supporting project asset","EXTERNAL_NOT_COMMITTED","ORIGINAL_PROVIDER","Excluded from ordinary Git tracking by repository preparation rules"
"EXT00016","D03","Copernicus_DSM_COG_10_N01_00_E104_00_DEM.tif","D:\OneDrive\桌面\Nature Portfolio_Project\00_SCIENTIFIC_REPORTS_RESEARCH_ARCHIVE_20261005\03_D03_TERRAIN\DEM\Copernicus_DSM_COG_10_N01_00_E104_00_DEM.tif","11.4863",".tif","Copernicus GLO-30","derived or supporting project asset","EXTERNAL_NOT_COMMITTED","ORIGINAL_PROVIDER","Excluded from ordinary Git tracking by repository preparation rules"
"EXT00013","D03","D03_Copernicus_GLO30_Final.zip","D:\OneDrive\桌面\Nature Portfolio_Project\00_SCIENTIFIC_REPORTS_RESEARCH_ARCHIVE_20261005\03_D03_TERRAIN\08_PACKAGES\D03_Copernicus_GLO30_Final.zip","57.0813",".zip","Copernicus GLO-30","derived or supporting project asset","RELEASE_ASSET_REVIEW","RELEASE_ASSET_REVIEW","Excluded from ordinary Git tracking by repository preparation rules"
"EXT00021","D03","D03_Copernicus_GLO30_Final.zip","D:\OneDrive\桌面\Nature Portfolio_Project\00_SCIENTIFIC_REPORTS_RESEARCH_ARCHIVE_20261005\03_D03_TERRAIN\PACKAGES\D03_Copernicus_GLO30_Final.zip","57.0813",".zip","Copernicus GLO-30","derived or supporting project asset","RELEASE_ASSET_REVIEW","RELEASE_ASSET_REVIEW","Excluded from ordinary Git tracking by repository preparation rules"
"EXT00022","D03","D03_Copernicus_GLO30_Final__COPY001.zip","D:\OneDrive\桌面\Nature Portfolio_Project\00_SCIENTIFIC_REPORTS_RESEARCH_ARCHIVE_20261005\03_D03_TERRAIN\PACKAGES\D03_Copernicus_GLO30_Final__COPY001.zip","57.0813",".zip","Copernicus GLO-30","derived or supporting project asset","RELEASE_ASSET_REVIEW","RELEASE_ASSET_REVIEW","Excluded from ordinary Git tracking by repository preparation rules"
"EXT00014","D03","D03C1_Terrain_Derivatives_Final.zip","D:\OneDrive\桌面\Nature Portfolio_Project\00_SCIENTIFIC_REPORTS_RESEARCH_ARCHIVE_20261005\03_D03_TERRAIN\08_PACKAGES\D03C1_Terrain_Derivatives_Final.zip","18.8525",".zip","LOCAL_ARCHIVE","derived or supporting project asset","RELEASE_ASSET_REVIEW","RELEASE_ASSET_REVIEW","Excluded from ordinary Git tracking by repository preparation rules"
"EXT00023","D03","D03C1_Terrain_Derivatives_Final.zip","D:\OneDrive\桌面\Nature Portfolio_Project\00_SCIENTIFIC_REPORTS_RESEARCH_ARCHIVE_20261005\03_D03_TERRAIN\PACKAGES\D03C1_Terrain_Derivatives_Final.zip","18.8525",".zip","LOCAL_ARCHIVE","derived or supporting project asset","RELEASE_ASSET_REVIEW","RELEASE_ASSET_REVIEW","Excluded from ordinary Git tracking by repository preparation rules"
"EXT00011","D03","JB_Copernicus_GLO30_Core_RSO.tif","D:\OneDrive\桌面\Nature Portfolio_Project\00_SCIENTIFIC_REPORTS_RESEARCH_ARCHIVE_20261005\03_D03_TERRAIN\01_RAW_DEM\JB_Copernicus_GLO30_Core_RSO.tif","3.3064",".tif","Copernicus GLO-30","derived or supporting project asset","EXTERNAL_NOT_COMMITTED","ORIGINAL_PROVIDER","Excluded from ordinary Git tracking by repository preparation rules"
"EXT00017","D03","JB_Copernicus_GLO30_Core_RSO.tif","D:\OneDrive\桌面\Nature Portfolio_Project\00_SCIENTIFIC_REPORTS_RESEARCH_ARCHIVE_20261005\03_D03_TERRAIN\DEM\JB_Copernicus_GLO30_Core_RSO.tif","3.3064",".tif","Copernicus GLO-30","derived or supporting project asset","EXTERNAL_NOT_COMMITTED","ORIGINAL_PROVIDER","Excluded from ordinary Git tracking by repository preparation rules"
"EXT00018","D03","JB_Copernicus_GLO30_Core_RSO__COPY001.tif","D:\OneDrive\桌面\Nature Portfolio_Project\00_SCIENTIFIC_REPORTS_RESEARCH_ARCHIVE_20261005\03_D03_TERRAIN\DEM\JB_Copernicus_GLO30_Core_RSO__COPY001.tif","3.3064",".tif","Copernicus GLO-30","derived or supporting project asset","EXTERNAL_NOT_COMMITTED","ORIGINAL_PROVIDER","Excluded from ordinary Git tracking by repository preparation rules"
"EXT00012","D03","JB_Copernicus_GLO30_Core_WGS84.tif","D:\OneDrive\桌面\Nature Portfolio_Project\00_SCIENTIFIC_REPORTS_RESEARCH_ARCHIVE_20261005\03_D03_TERRAIN\01_RAW_DEM\JB_Copernicus_GLO30_Core_WGS84.tif","3.1421",".tif","Copernicus GLO-30","derived or supporting project asset","EXTERNAL_NOT_COMMITTED","ORIGINAL_PROVIDER","Excluded from ordinary Git tracking by repository preparation rules"
"EXT00019","D03","JB_Copernicus_GLO30_Core_WGS84.tif","D:\OneDrive\桌面\Nature Portfolio_Project\00_SCIENTIFIC_REPORTS_RESEARCH_ARCHIVE_20261005\03_D03_TERRAIN\DEM\JB_Copernicus_GLO30_Core_WGS84.tif","3.1421",".tif","Copernicus GLO-30","derived or supporting project asset","EXTERNAL_NOT_COMMITTED","ORIGINAL_PROVIDER","Excluded from ordinary Git tracking by repository preparation rules"
"EXT00020","D03","JB_Copernicus_GLO30_Core_WGS84__COPY001.tif","D:\OneDrive\桌面\Nature Portfolio_Project\00_SCIENTIFIC_REPORTS_RESEARCH_ARCHIVE_20261005\03_D03_TERRAIN\DEM\JB_Copernicus_GLO30_Core_WGS84__COPY001.tif","3.1421",".tif","Copernicus GLO-30","derived or supporting project asset","EXTERNAL_NOT_COMMITTED","ORIGINAL_PROVIDER","Excluded from ordinary Git tracking by repository preparation rules"
"EXT00024","D04","D04A1_Public_Healthcare_Facilities.zip","D:\OneDrive\桌面\Nature Portfolio_Project\00_SCIENTIFIC_REPORTS_RESEARCH_ARCHIVE_20261005\04_D04_HEALTHCARE\08_PACKAGES\D04A1_Public_Healthcare_Facilities.zip","0.1998",".zip","LOCAL_ARCHIVE","derived or supporting project asset","RELEASE_ASSET_REVIEW","RELEASE_ASSET_REVIEW","Excluded from ordinary Git tracking by repository preparation rules"
"EXT00028","D04","D04A1_Public_Healthcare_Facilities.zip","D:\OneDrive\桌面\Nature Portfolio_Project\00_SCIENTIFIC_REPORTS_RESEARCH_ARCHIVE_20261005\04_D04_HEALTHCARE\PACKAGES\D04A1_Public_Healthcare_Facilities.zip","0.1998",".zip","LOCAL_ARCHIVE","derived or supporting project asset","RELEASE_ASSET_REVIEW","RELEASE_ASSET_REVIEW","Excluded from ordinary Git tracking by repository preparation rules"
"EXT00025","D04","D04A2_Community_Healthcare_Facilities.zip","D:\OneDrive\桌面\Nature Portfolio_Project\00_SCIENTIFIC_REPORTS_RESEARCH_ARCHIVE_20261005\04_D04_HEALTHCARE\08_PACKAGES\D04A2_Community_Healthcare_Facilities.zip","0.2087",".zip","LOCAL_ARCHIVE","derived or supporting project asset","RELEASE_ASSET_REVIEW","RELEASE_ASSET_REVIEW","Excluded from ordinary Git tracking by repository preparation rules"
"EXT00029","D04","D04A2_Community_Healthcare_Facilities.zip","D:\OneDrive\桌面\Nature Portfolio_Project\00_SCIENTIFIC_REPORTS_RESEARCH_ARCHIVE_20261005\04_D04_HEALTHCARE\PACKAGES\D04A2_Community_Healthcare_Facilities.zip","0.2087",".zip","LOCAL_ARCHIVE","derived or supporting project asset","RELEASE_ASSET_REVIEW","RELEASE_ASSET_REVIEW","Excluded from ordinary Git tracking by repository preparation rules"
"EXT00026","D04","D04B_Private_Hospitals.zip","D:\OneDrive\桌面\Nature Portfolio_Project\00_SCIENTIFIC_REPORTS_RESEARCH_ARCHIVE_20261005\04_D04_HEALTHCARE\08_PACKAGES\D04B_Private_Hospitals.zip","0.1912",".zip","LOCAL_ARCHIVE","derived or supporting project asset","RELEASE_ASSET_REVIEW","RELEASE_ASSET_REVIEW","Excluded from ordinary Git tracking by repository preparation rules"
"EXT00030","D04","D04B_Private_Hospitals.zip","D:\OneDrive\桌面\Nature Portfolio_Project\00_SCIENTIFIC_REPORTS_RESEARCH_ARCHIVE_20261005\04_D04_HEALTHCARE\PACKAGES\D04B_Private_Hospitals.zip","0.1912",".zip","LOCAL_ARCHIVE","derived or supporting project asset","RELEASE_ASSET_REVIEW","RELEASE_ASSET_REVIEW","Excluded from ordinary Git tracking by repository preparation rules"
"EXT00027","D04","D04C_Healthcare_Master_Access_Snapping.zip","D:\OneDrive\桌面\Nature Portfolio_Project\00_SCIENTIFIC_REPORTS_RESEARCH_ARCHIVE_20261005\04_D04_HEALTHCARE\08_PACKAGES\D04C_Healthcare_Master_Access_Snapping.zip","1.5853",".zip","LOCAL_ARCHIVE","derived or supporting project asset","RELEASE_ASSET_REVIEW","RELEASE_ASSET_REVIEW","Excluded from ordinary Git tracking by repository preparation rules"
"EXT00031","D04","D04C_Healthcare_Master_Access_Snapping.zip","D:\OneDrive\桌面\Nature Portfolio_Project\00_SCIENTIFIC_REPORTS_RESEARCH_ARCHIVE_20261005\04_D04_HEALTHCARE\PACKAGES\D04C_Healthcare_Master_Access_Snapping.zip","1.5853",".zip","LOCAL_ARCHIVE","derived or supporting project asset","RELEASE_ASSET_REVIEW","RELEASE_ASSET_REVIEW","Excluded from ordinary Git tracking by repository preparation rules"
"EXT00033","D05","D05A_WorldPop_Population_Origins_Final.zip","D:\OneDrive\桌面\Nature Portfolio_Project\00_SCIENTIFIC_REPORTS_RESEARCH_ARCHIVE_20261005\05_D05_POPULATION\07_PACKAGES\D05A_WorldPop_Population_Origins_Final.zip","12.6237",".zip","WorldPop","derived or supporting project asset","RELEASE_ASSET_REVIEW","RELEASE_ASSET_REVIEW","Excluded from ordinary Git tracking by repository preparation rules"
"EXT00035","D05","D05A_WorldPop_Population_Origins_Final.zip","D:\OneDrive\桌面\Nature Portfolio_Project\00_SCIENTIFIC_REPORTS_RESEARCH_ARCHIVE_20261005\05_D05_POPULATION\PACKAGES\D05A_WorldPop_Population_Origins_Final.zip","12.6237",".zip","WorldPop","derived or supporting project asset","RELEASE_ASSET_REVIEW","RELEASE_ASSET_REVIEW","Excluded from ordinary Git tracking by repository preparation rules"
"EXT00034","D05","D05B_Residential_Settlement_Crosscheck_Final.zip","D:\OneDrive\桌面\Nature Portfolio_Project\00_SCIENTIFIC_REPORTS_RESEARCH_ARCHIVE_20261005\05_D05_POPULATION\07_PACKAGES\D05B_Residential_Settlement_Crosscheck_Final.zip","27.8852",".zip","LOCAL_ARCHIVE","quality-control and validation output","RELEASE_ASSET_REVIEW","RELEASE_ASSET_REVIEW","Excluded from ordinary Git tracking by repository preparation rules"
"EXT00036","D05","D05B_Residential_Settlement_Crosscheck_Final.zip","D:\OneDrive\桌面\Nature Portfolio_Project\00_SCIENTIFIC_REPORTS_RESEARCH_ARCHIVE_20261005\05_D05_POPULATION\PACKAGES\D05B_Residential_Settlement_Crosscheck_Final.zip","27.8852",".zip","LOCAL_ARCHIVE","quality-control and validation output","RELEASE_ASSET_REVIEW","RELEASE_ASSET_REVIEW","Excluded from ordinary Git tracking by repository preparation rules"
"EXT00032","D05","JB_WorldPop_2026_Core_WGS84.tif","D:\OneDrive\桌面\Nature Portfolio_Project\00_SCIENTIFIC_REPORTS_RESEARCH_ARCHIVE_20261005\05_D05_POPULATION\01_RAW_WORLDPOP\JB_WorldPop_2026_Core_WGS84.tif","0.3015",".tif","WorldPop","derived or supporting project asset","EXTERNAL_NOT_COMMITTED","ORIGINAL_PROVIDER","Excluded from ordinary Git tracking by repository preparation rules"
"EXT00037","D05","JB_WorldPop_2026_Core_WGS84.tif","D:\OneDrive\桌面\Nature Portfolio_Project\00_SCIENTIFIC_REPORTS_RESEARCH_ARCHIVE_20261005\05_D05_POPULATION\RAW_WORLDPOP\JB_WorldPop_2026_Core_WGS84.tif","0.3015",".tif","WorldPop","derived or supporting project asset","EXTERNAL_NOT_COMMITTED","ORIGINAL_PROVIDER","Excluded from ordinary Git tracking by repository preparation rules"
"EXT00039","D06","D06_Routing_Graph_Arcs_Time.csv.gz","D:\OneDrive\桌面\Nature Portfolio_Project\00_SCIENTIFIC_REPORTS_RESEARCH_ARCHIVE_20261005\06_D06_BASELINE_ROUTING\10_PACKAGES\D06_Routing_Graph_Arcs_Time.csv.gz","17.7039",".gz","LOCAL_ARCHIVE","derived or supporting project asset","EXTERNAL_NOT_COMMITTED","ORIGINAL_PROVIDER","Excluded from ordinary Git tracking by repository preparation rules"
"EXT00045","D06","D06_Routing_Graph_Arcs_Time.csv.gz","D:\OneDrive\桌面\Nature Portfolio_Project\00_SCIENTIFIC_REPORTS_RESEARCH_ARCHIVE_20261005\06_D06_BASELINE_ROUTING\PACKAGES\D06_Routing_Graph_Arcs_Time.csv.gz","17.7039",".gz","LOCAL_ARCHIVE","derived or supporting project asset","EXTERNAL_NOT_COMMITTED","ORIGINAL_PROVIDER","Excluded from ordinary Git tracking by repository preparation rules"
"EXT00040","D06","D06_Routing_Graph_Nodes (1).csv.gz","D:\OneDrive\桌面\Nature Portfolio_Project\00_SCIENTIFIC_REPORTS_RESEARCH_ARCHIVE_20261005\06_D06_BASELINE_ROUTING\10_PACKAGES\D06_Routing_Graph_Nodes (1).csv.gz","3.6045",".gz","LOCAL_ARCHIVE","derived or supporting project asset","EXTERNAL_NOT_COMMITTED","ORIGINAL_PROVIDER","Excluded from ordinary Git tracking by repository preparation rules"
"EXT00046","D06","D06_Routing_Graph_Nodes (1).csv.gz","D:\OneDrive\桌面\Nature Portfolio_Project\00_SCIENTIFIC_REPORTS_RESEARCH_ARCHIVE_20261005\06_D06_BASELINE_ROUTING\PACKAGES\D06_Routing_Graph_Nodes (1).csv.gz","3.6045",".gz","LOCAL_ARCHIVE","derived or supporting project asset","EXTERNAL_NOT_COMMITTED","ORIGINAL_PROVIDER","Excluded from ordinary Git tracking by repository preparation rules"
"EXT00041","D06","D06_Routing_Graph_Nodes.csv.gz","D:\OneDrive\桌面\Nature Portfolio_Project\00_SCIENTIFIC_REPORTS_RESEARCH_ARCHIVE_20261005\06_D06_BASELINE_ROUTING\10_PACKAGES\D06_Routing_Graph_Nodes.csv.gz","3.6045",".gz","LOCAL_ARCHIVE","derived or supporting project asset","EXTERNAL_NOT_COMMITTED","ORIGINAL_PROVIDER","Excluded from ordinary Git tracking by repository preparation rules"
"EXT00047","D06","D06_Routing_Graph_Nodes.csv.gz","D:\OneDrive\桌面\Nature Portfolio_Project\00_SCIENTIFIC_REPORTS_RESEARCH_ARCHIVE_20261005\06_D06_BASELINE_ROUTING\PACKAGES\D06_Routing_Graph_Nodes.csv.gz","3.6045",".gz","LOCAL_ARCHIVE","derived or supporting project asset","EXTERNAL_NOT_COMMITTED","ORIGINAL_PROVIDER","Excluded from ordinary Git tracking by repository preparation rules"
"EXT00038","D06","JB_OSM_RoutingBuffer10km_20261003.osm.pbf","D:\OneDrive\桌面\Nature Portfolio_Project\00_SCIENTIFIC_REPORTS_RESEARCH_ARCHIVE_20261005\06_D06_BASELINE_ROUTING\01_D06_ORIGINAL\JB_OSM_RoutingBuffer10km_20261003.osm.pbf","13.3957",".osm.pbf","OSM / Geofabrik","derived or supporting project asset","EXTERNAL_NOT_COMMITTED","ORIGINAL_PROVIDER","Excluded from ordinary Git tracking by repository preparation rules"
"EXT00043","D06","JB_OSM_RoutingBuffer10km_20261003.osm.pbf","D:\OneDrive\桌面\Nature Portfolio_Project\00_SCIENTIFIC_REPORTS_RESEARCH_ARCHIVE_20261005\06_D06_BASELINE_ROUTING\BASELINE_RESULTS\JB_OSM_RoutingBuffer10km_20261003.osm.pbf","13.3957",".osm.pbf","OSM / Geofabrik","derived or supporting project asset","EXTERNAL_NOT_COMMITTED","ORIGINAL_PROVIDER","Excluded from ordinary Git tracking by repository preparation rules"
"EXT00044","D06","JB_OSM_RoutingBuffer10km_20261003__COPY001.osm.pbf","D:\OneDrive\桌面\Nature Portfolio_Project\00_SCIENTIFIC_REPORTS_RESEARCH_ARCHIVE_20261005\06_D06_BASELINE_ROUTING\BASELINE_RESULTS\JB_OSM_RoutingBuffer10km_20261003__COPY001.osm.pbf","13.3957",".osm.pbf","OSM / Geofabrik","derived or supporting project asset","EXTERNAL_NOT_COMMITTED","ORIGINAL_PROVIDER","Excluded from ordinary Git tracking by repository preparation rules"
"EXT00042","D06R","D06R_Corrected_Baseline_Healthcare_Accessibility_v1.0.zip","D:\OneDrive\桌面\Nature Portfolio_Project\00_SCIENTIFIC_REPORTS_RESEARCH_ARCHIVE_20261005\06_D06_BASELINE_ROUTING\10_PACKAGES\D06R_Corrected_Baseline_Healthcare_Accessibility_v1.0.zip","47.2107",".zip","LOCAL_ARCHIVE","official corrected baseline product","RELEASE_ASSET_REVIEW","RELEASE_ASSET_REVIEW","Excluded from ordinary Git tracking by repository preparation rules"
"EXT00048","D07","3B-HHR.MS.MRG.3IMERG.20250318-S160000-E162959.0960.V07B.HDF5","D:\OneDrive\桌面\Nature Portfolio_Project\00_SCIENTIFIC_REPORTS_RESEARCH_ARCHIVE_20261005\07_D07_FLOOD_EVENT\05_D07E_IMERG\01_RAW\3B-HHR.MS.MRG.3IMERG.20250318-S160000-E162959.0960.V07B.HDF5","7.5122",".hdf5","NASA GPM IMERG","flood-event derived product","EXTERNAL_NOT_COMMITTED","ORIGINAL_PROVIDER","Excluded from ordinary Git tracking by repository preparation rules"
"EXT00205","D07","3B-HHR.MS.MRG.3IMERG.20250318-S160000-E162959.0960.V07B.HDF5","D:\OneDrive\桌面\Nature Portfolio_Project\00_SCIENTIFIC_REPORTS_RESEARCH_ARCHIVE_20261005\07_D07_FLOOD_EVENT\D07E_IMERG\RAW_HDF5\3B-HHR.MS.MRG.3IMERG.20250318-S160000-E162959.0960.V07B.HDF5","7.5122",".hdf5","NASA GPM IMERG","flood-event derived product","EXTERNAL_NOT_COMMITTED","ORIGINAL_PROVIDER","Excluded from ordinary Git tracking by repository preparation rules"
"EXT00049","D07","3B-HHR.MS.MRG.3IMERG.20250318-S163000-E165959.0990.V07B.HDF5","D:\OneDrive\桌面\Nature Portfolio_Project\00_SCIENTIFIC_REPORTS_RESEARCH_ARCHIVE_20261005\07_D07_FLOOD_EVENT\05_D07E_IMERG\01_RAW\3B-HHR.MS.MRG.3IMERG.20250318-S163000-E165959.0990.V07B.HDF5","7.5515",".hdf5","NASA GPM IMERG","flood-event derived product","EXTERNAL_NOT_COMMITTED","ORIGINAL_PROVIDER","Excluded from ordinary Git tracking by repository preparation rules"
"EXT00206","D07","3B-HHR.MS.MRG.3IMERG.20250318-S163000-E165959.0990.V07B.HDF5","D:\OneDrive\桌面\Nature Portfolio_Project\00_SCIENTIFIC_REPORTS_RESEARCH_ARCHIVE_20261005\07_D07_FLOOD_EVENT\D07E_IMERG\RAW_HDF5\3B-HHR.MS.MRG.3IMERG.20250318-S163000-E165959.0990.V07B.HDF5","7.5515",".hdf5","NASA GPM IMERG","flood-event derived product","EXTERNAL_NOT_COMMITTED","ORIGINAL_PROVIDER","Excluded from ordinary Git tracking by repository preparation rules"
"EXT00050","D07","3B-HHR.MS.MRG.3IMERG.20250318-S170000-E172959.1020.V07B.HDF5","D:\OneDrive\桌面\Nature Portfolio_Project\00_SCIENTIFIC_REPORTS_RESEARCH_ARCHIVE_20261005\07_D07_FLOOD_EVENT\05_D07E_IMERG\01_RAW\3B-HHR.MS.MRG.3IMERG.20250318-S170000-E172959.1020.V07B.HDF5","7.6161",".hdf5","NASA GPM IMERG","flood-event derived product","EXTERNAL_NOT_COMMITTED","ORIGINAL_PROVIDER","Excluded from ordinary Git tracking by repository preparation rules"
"EXT00207","D07","3B-HHR.MS.MRG.3IMERG.20250318-S170000-E172959.1020.V07B.HDF5","D:\OneDrive\桌面\Nature Portfolio_Project\00_SCIENTIFIC_REPORTS_RESEARCH_ARCHIVE_20261005\07_D07_FLOOD_EVENT\D07E_IMERG\RAW_HDF5\3B-HHR.MS.MRG.3IMERG.20250318-S170000-E172959.1020.V07B.HDF5","7.6161",".hdf5","NASA GPM IMERG","flood-event derived product","EXTERNAL_NOT_COMMITTED","ORIGINAL_PROVIDER","Excluded from ordinary Git tracking by repository preparation rules"
"EXT00051","D07","3B-HHR.MS.MRG.3IMERG.20250318-S173000-E175959.1050.V07B.HDF5","D:\OneDrive\桌面\Nature Portfolio_Project\00_SCIENTIFIC_REPORTS_RESEARCH_ARCHIVE_20261005\07_D07_FLOOD_EVENT\05_D07E_IMERG\01_RAW\3B-HHR.MS.MRG.3IMERG.20250318-S173000-E175959.1050.V07B.HDF5","7.4808",".hdf5","NASA GPM IMERG","flood-event derived product","EXTERNAL_NOT_COMMITTED","ORIGINAL_PROVIDER","Excluded from ordinary Git tracking by repository preparation rules"
"EXT00208","D07","3B-HHR.MS.MRG.3IMERG.20250318-S173000-E175959.1050.V07B.HDF5","D:\OneDrive\桌面\Nature Portfolio_Project\00_SCIENTIFIC_REPORTS_RESEARCH_ARCHIVE_20261005\07_D07_FLOOD_EVENT\D07E_IMERG\RAW_HDF5\3B-HHR.MS.MRG.3IMERG.20250318-S173000-E175959.1050.V07B.HDF5","7.4808",".hdf5","NASA GPM IMERG","flood-event derived product","EXTERNAL_NOT_COMMITTED","ORIGINAL_PROVIDER","Excluded from ordinary Git tracking by repository preparation rules"
"EXT00052","D07","3B-HHR.MS.MRG.3IMERG.20250318-S180000-E182959.1080.V07B.HDF5","D:\OneDrive\桌面\Nature Portfolio_Project\00_SCIENTIFIC_REPORTS_RESEARCH_ARCHIVE_20261005\07_D07_FLOOD_EVENT\05_D07E_IMERG\01_RAW\3B-HHR.MS.MRG.3IMERG.20250318-S180000-E182959.1080.V07B.HDF5","7.5728",".hdf5","NASA GPM IMERG","flood-event derived product","EXTERNAL_NOT_COMMITTED","ORIGINAL_PROVIDER","Excluded from ordinary Git tracking by repository preparation rules"
"EXT00209","D07","3B-HHR.MS.MRG.3IMERG.20250318-S180000-E182959.1080.V07B.HDF5","D:\OneDrive\桌面\Nature Portfolio_Project\00_SCIENTIFIC_REPORTS_RESEARCH_ARCHIVE_20261005\07_D07_FLOOD_EVENT\D07E_IMERG\RAW_HDF5\3B-HHR.MS.MRG.3IMERG.20250318-S180000-E182959.1080.V07B.HDF5","7.5728",".hdf5","NASA GPM IMERG","flood-event derived product","EXTERNAL_NOT_COMMITTED","ORIGINAL_PROVIDER","Excluded from ordinary Git tracking by repository preparation rules"
"EXT00053","D07","3B-HHR.MS.MRG.3IMERG.20250318-S183000-E185959.1110.V07B.HDF5","D:\OneDrive\桌面\Nature Portfolio_Project\00_SCIENTIFIC_REPORTS_RESEARCH_ARCHIVE_20261005\07_D07_FLOOD_EVENT\05_D07E_IMERG\01_RAW\3B-HHR.MS.MRG.3IMERG.20250318-S183000-E185959.1110.V07B.HDF5","7.6184",".hdf5","NASA GPM IMERG","flood-event derived product","EXTERNAL_NOT_COMMITTED","ORIGINAL_PROVIDER","Excluded from ordinary Git tracking by repository preparation rules"
"EXT00210","D07","3B-HHR.MS.MRG.3IMERG.20250318-S183000-E185959.1110.V07B.HDF5","D:\OneDrive\桌面\Nature Portfolio_Project\00_SCIENTIFIC_REPORTS_RESEARCH_ARCHIVE_20261005\07_D07_FLOOD_EVENT\D07E_IMERG\RAW_HDF5\3B-HHR.MS.MRG.3IMERG.20250318-S183000-E185959.1110.V07B.HDF5","7.6184",".hdf5","NASA GPM IMERG","flood-event derived product","EXTERNAL_NOT_COMMITTED","ORIGINAL_PROVIDER","Excluded from ordinary Git tracking by repository preparation rules"
"EXT00054","D07","3B-HHR.MS.MRG.3IMERG.20250318-S190000-E192959.1140.V07B.HDF5","D:\OneDrive\桌面\Nature Portfolio_Project\00_SCIENTIFIC_REPORTS_RESEARCH_ARCHIVE_20261005\07_D07_FLOOD_EVENT\05_D07E_IMERG\01_RAW\3B-HHR.MS.MRG.3IMERG.20250318-S190000-E192959.1140.V07B.HDF5","7.5421",".hdf5","NASA GPM IMERG","flood-event derived product","EXTERNAL_NOT_COMMITTED","ORIGINAL_PROVIDER","Excluded from ordinary Git tracking by repository preparation rules"
"EXT00211","D07","3B-HHR.MS.MRG.3IMERG.20250318-S190000-E192959.1140.V07B.HDF5","D:\OneDrive\桌面\Nature Portfolio_Project\00_SCIENTIFIC_REPORTS_RESEARCH_ARCHIVE_20261005\07_D07_FLOOD_EVENT\D07E_IMERG\RAW_HDF5\3B-HHR.MS.MRG.3IMERG.20250318-S190000-E192959.1140.V07B.HDF5","7.5421",".hdf5","NASA GPM IMERG","flood-event derived product","EXTERNAL_NOT_COMMITTED","ORIGINAL_PROVIDER","Excluded from ordinary Git tracking by repository preparation rules"
"EXT00055","D07","3B-HHR.MS.MRG.3IMERG.20250318-S193000-E195959.1170.V07B.HDF5","D:\OneDrive\桌面\Nature Portfolio_Project\00_SCIENTIFIC_REPORTS_RESEARCH_ARCHIVE_20261005\07_D07_FLOOD_EVENT\05_D07E_IMERG\01_RAW\3B-HHR.MS.MRG.3IMERG.20250318-S193000-E195959.1170.V07B.HDF5","7.6163",".hdf5","NASA GPM IMERG","flood-event derived product","EXTERNAL_NOT_COMMITTED","ORIGINAL_PROVIDER","Excluded from ordinary Git tracking by repository preparation rules"
"EXT00212","D07","3B-HHR.MS.MRG.3IMERG.20250318-S193000-E195959.1170.V07B.HDF5","D:\OneDrive\桌面\Nature Portfolio_Project\00_SCIENTIFIC_REPORTS_RESEARCH_ARCHIVE_20261005\07_D07_FLOOD_EVENT\D07E_IMERG\RAW_HDF5\3B-HHR.MS.MRG.3IMERG.20250318-S193000-E195959.1170.V07B.HDF5","7.6163",".hdf5","NASA GPM IMERG","flood-event derived product","EXTERNAL_NOT_COMMITTED","ORIGINAL_PROVIDER","Excluded from ordinary Git tracking by repository preparation rules"
"EXT00056","D07","3B-HHR.MS.MRG.3IMERG.20250318-S200000-E202959.1200.V07B.HDF5","D:\OneDrive\桌面\Nature Portfolio_Project\00_SCIENTIFIC_REPORTS_RESEARCH_ARCHIVE_20261005\07_D07_FLOOD_EVENT\05_D07E_IMERG\01_RAW\3B-HHR.MS.MRG.3IMERG.20250318-S200000-E202959.1200.V07B.HDF5","7.4874",".hdf5","NASA GPM IMERG","flood-event derived product","EXTERNAL_NOT_COMMITTED","ORIGINAL_PROVIDER","Excluded from ordinary Git tracking by repository preparation rules"
"EXT00213","D07","3B-HHR.MS.MRG.3IMERG.20250318-S200000-E202959.1200.V07B.HDF5","D:\OneDrive\桌面\Nature Portfolio_Project\00_SCIENTIFIC_REPORTS_RESEARCH_ARCHIVE_20261005\07_D07_FLOOD_EVENT\D07E_IMERG\RAW_HDF5\3B-HHR.MS.MRG.3IMERG.20250318-S200000-E202959.1200.V07B.HDF5","7.4874",".hdf5","NASA GPM IMERG","flood-event derived product","EXTERNAL_NOT_COMMITTED","ORIGINAL_PROVIDER","Excluded from ordinary Git tracking by repository preparation rules"
"EXT00057","D07","3B-HHR.MS.MRG.3IMERG.20250318-S203000-E205959.1230.V07B.HDF5","D:\OneDrive\桌面\Nature Portfolio_Project\00_SCIENTIFIC_REPORTS_RESEARCH_ARCHIVE_20261005\07_D07_FLOOD_EVENT\05_D07E_IMERG\01_RAW\3B-HHR.MS.MRG.3IMERG.20250318-S203000-E205959.1230.V07B.HDF5","7.5624",".hdf5","NASA GPM IMERG","flood-event derived product","EXTERNAL_NOT_COMMITTED","ORIGINAL_PROVIDER","Excluded from ordinary Git tracking by repository preparation rules"
"EXT00214","D07","3B-HHR.MS.MRG.3IMERG.20250318-S203000-E205959.1230.V07B.HDF5","D:\OneDrive\桌面\Nature Portfolio_Project\00_SCIENTIFIC_REPORTS_RESEARCH_ARCHIVE_20261005\07_D07_FLOOD_EVENT\D07E_IMERG\RAW_HDF5\3B-HHR.MS.MRG.3IMERG.20250318-S203000-E205959.1230.V07B.HDF5","7.5624",".hdf5","NASA GPM IMERG","flood-event derived product","EXTERNAL_NOT_COMMITTED","ORIGINAL_PROVIDER","Excluded from ordinary Git tracking by repository preparation rules"
"EXT00058","D07","3B-HHR.MS.MRG.3IMERG.20250318-S210000-E212959.1260.V07B.HDF5","D:\OneDrive\桌面\Nature Portfolio_Project\00_SCIENTIFIC_REPORTS_RESEARCH_ARCHIVE_20261005\07_D07_FLOOD_EVENT\05_D07E_IMERG\01_RAW\3B-HHR.MS.MRG.3IMERG.20250318-S210000-E212959.1260.V07B.HDF5","7.5133",".hdf5","NASA GPM IMERG","flood-event derived product","EXTERNAL_NOT_COMMITTED","ORIGINAL_PROVIDER","Excluded from ordinary Git tracking by repository preparation rules"
"EXT00215","D07","3B-HHR.MS.MRG.3IMERG.20250318-S210000-E212959.1260.V07B.HDF5","D:\OneDrive\桌面\Nature Portfolio_Project\00_SCIENTIFIC_REPORTS_RESEARCH_ARCHIVE_20261005\07_D07_FLOOD_EVENT\D07E_IMERG\RAW_HDF5\3B-HHR.MS.MRG.3IMERG.20250318-S210000-E212959.1260.V07B.HDF5","7.5133",".hdf5","NASA GPM IMERG","flood-event derived product","EXTERNAL_NOT_COMMITTED","ORIGINAL_PROVIDER","Excluded from ordinary Git tracking by repository preparation rules"
"EXT00059","D07","3B-HHR.MS.MRG.3IMERG.20250318-S213000-E215959.1290.V07B.HDF5","D:\OneDrive\桌面\Nature Portfolio_Project\00_SCIENTIFIC_REPORTS_RESEARCH_ARCHIVE_20261005\07_D07_FLOOD_EVENT\05_D07E_IMERG\01_RAW\3B-HHR.MS.MRG.3IMERG.20250318-S213000-E215959.1290.V07B.HDF5","7.5269",".hdf5","NASA GPM IMERG","flood-event derived product","EXTERNAL_NOT_COMMITTED","ORIGINAL_PROVIDER","Excluded from ordinary Git tracking by repository preparation rules"
"EXT00216","D07","3B-HHR.MS.MRG.3IMERG.20250318-S213000-E215959.1290.V07B.HDF5","D:\OneDrive\桌面\Nature Portfolio_Project\00_SCIENTIFIC_REPORTS_RESEARCH_ARCHIVE_20261005\07_D07_FLOOD_EVENT\D07E_IMERG\RAW_HDF5\3B-HHR.MS.MRG.3IMERG.20250318-S213000-E215959.1290.V07B.HDF5","7.5269",".hdf5","NASA GPM IMERG","flood-event derived product","EXTERNAL_NOT_COMMITTED","ORIGINAL_PROVIDER","Excluded from ordinary Git tracking by repository preparation rules"
"EXT00060","D07","3B-HHR.MS.MRG.3IMERG.20250318-S220000-E222959.1320.V07B.HDF5","D:\OneDrive\桌面\Nature Portfolio_Project\00_SCIENTIFIC_REPORTS_RESEARCH_ARCHIVE_20261005\07_D07_FLOOD_EVENT\05_D07E_IMERG\01_RAW\3B-HHR.MS.MRG.3IMERG.20250318-S220000-E222959.1320.V07B.HDF5","7.4204",".hdf5","NASA GPM IMERG","flood-event derived product","EXTERNAL_NOT_COMMITTED","ORIGINAL_PROVIDER","Excluded from ordinary Git tracking by repository preparation rules"
"EXT00217","D07","3B-HHR.MS.MRG.3IMERG.20250318-S220000-E222959.1320.V07B.HDF5","D:\OneDrive\桌面\Nature Portfolio_Project\00_SCIENTIFIC_REPORTS_RESEARCH_ARCHIVE_20261005\07_D07_FLOOD_EVENT\D07E_IMERG\RAW_HDF5\3B-HHR.MS.MRG.3IMERG.20250318-S220000-E222959.1320.V07B.HDF5","7.4204",".hdf5","NASA GPM IMERG","flood-event derived product","EXTERNAL_NOT_COMMITTED","ORIGINAL_PROVIDER","Excluded from ordinary Git tracking by repository preparation rules"
"EXT00061","D07","3B-HHR.MS.MRG.3IMERG.20250318-S223000-E225959.1350.V07B.HDF5","D:\OneDrive\桌面\Nature Portfolio_Project\00_SCIENTIFIC_REPORTS_RESEARCH_ARCHIVE_20261005\07_D07_FLOOD_EVENT\05_D07E_IMERG\01_RAW\3B-HHR.MS.MRG.3IMERG.20250318-S223000-E225959.1350.V07B.HDF5","7.4003",".hdf5","NASA GPM IMERG","flood-event derived product","EXTERNAL_NOT_COMMITTED","ORIGINAL_PROVIDER","Excluded from ordinary Git tracking by repository preparation rules"
"EXT00218","D07","3B-HHR.MS.MRG.3IMERG.20250318-S223000-E225959.1350.V07B.HDF5","D:\OneDrive\桌面\Nature Portfolio_Project\00_SCIENTIFIC_REPORTS_RESEARCH_ARCHIVE_20261005\07_D07_FLOOD_EVENT\D07E_IMERG\RAW_HDF5\3B-HHR.MS.MRG.3IMERG.20250318-S223000-E225959.1350.V07B.HDF5","7.4003",".hdf5","NASA GPM IMERG","flood-event derived product","EXTERNAL_NOT_COMMITTED","ORIGINAL_PROVIDER","Excluded from ordinary Git tracking by repository preparation rules"
"EXT00062","D07","3B-HHR.MS.MRG.3IMERG.20250318-S230000-E232959.1380.V07B.HDF5","D:\OneDrive\桌面\Nature Portfolio_Project\00_SCIENTIFIC_REPORTS_RESEARCH_ARCHIVE_20261005\07_D07_FLOOD_EVENT\05_D07E_IMERG\01_RAW\3B-HHR.MS.MRG.3IMERG.20250318-S230000-E232959.1380.V07B.HDF5","7.3773",".hdf5","NASA GPM IMERG","flood-event derived product","EXTERNAL_NOT_COMMITTED","ORIGINAL_PROVIDER","Excluded from ordinary Git tracking by repository preparation rules"
"EXT00219","D07","3B-HHR.MS.MRG.3IMERG.20250318-S230000-E232959.1380.V07B.HDF5","D:\OneDrive\桌面\Nature Portfolio_Project\00_SCIENTIFIC_REPORTS_RESEARCH_ARCHIVE_20261005\07_D07_FLOOD_EVENT\D07E_IMERG\RAW_HDF5\3B-HHR.MS.MRG.3IMERG.20250318-S230000-E232959.1380.V07B.HDF5","7.3773",".hdf5","NASA GPM IMERG","flood-event derived product","EXTERNAL_NOT_COMMITTED","ORIGINAL_PROVIDER","Excluded from ordinary Git tracking by repository preparation rules"
"EXT00063","D07","3B-HHR.MS.MRG.3IMERG.20250318-S233000-E235959.1410.V07B.HDF5","D:\OneDrive\桌面\Nature Portfolio_Project\00_SCIENTIFIC_REPORTS_RESEARCH_ARCHIVE_20261005\07_D07_FLOOD_EVENT\05_D07E_IMERG\01_RAW\3B-HHR.MS.MRG.3IMERG.20250318-S233000-E235959.1410.V07B.HDF5","7.3229",".hdf5","NASA GPM IMERG","flood-event derived product","EXTERNAL_NOT_COMMITTED","ORIGINAL_PROVIDER","Excluded from ordinary Git tracking by repository preparation rules"
"EXT00220","D07","3B-HHR.MS.MRG.3IMERG.20250318-S233000-E235959.1410.V07B.HDF5","D:\OneDrive\桌面\Nature Portfolio_Project\00_SCIENTIFIC_REPORTS_RESEARCH_ARCHIVE_20261005\07_D07_FLOOD_EVENT\D07E_IMERG\RAW_HDF5\3B-HHR.MS.MRG.3IMERG.20250318-S233000-E235959.1410.V07B.HDF5","7.3229",".hdf5","NASA GPM IMERG","flood-event derived product","EXTERNAL_NOT_COMMITTED","ORIGINAL_PROVIDER","Excluded from ordinary Git tracking by repository preparation rules"
"EXT00064","D07","3B-HHR.MS.MRG.3IMERG.20250319-S000000-E002959.0000.V07B.HDF5","D:\OneDrive\桌面\Nature Portfolio_Project\00_SCIENTIFIC_REPORTS_RESEARCH_ARCHIVE_20261005\07_D07_FLOOD_EVENT\05_D07E_IMERG\01_RAW\3B-HHR.MS.MRG.3IMERG.20250319-S000000-E002959.0000.V07B.HDF5","7.2751",".hdf5","NASA GPM IMERG","flood-event derived product","EXTERNAL_NOT_COMMITTED","ORIGINAL_PROVIDER","Excluded from ordinary Git tracking by repository preparation rules"
"EXT00221","D07","3B-HHR.MS.MRG.3IMERG.20250319-S000000-E002959.0000.V07B.HDF5","D:\OneDrive\桌面\Nature Portfolio_Project\00_SCIENTIFIC_REPORTS_RESEARCH_ARCHIVE_20261005\07_D07_FLOOD_EVENT\D07E_IMERG\RAW_HDF5\3B-HHR.MS.MRG.3IMERG.20250319-S000000-E002959.0000.V07B.HDF5","7.2751",".hdf5","NASA GPM IMERG","flood-event derived product","EXTERNAL_NOT_COMMITTED","ORIGINAL_PROVIDER","Excluded from ordinary Git tracking by repository preparation rules"
"EXT00065","D07","3B-HHR.MS.MRG.3IMERG.20250319-S003000-E005959.0030.V07B.HDF5","D:\OneDrive\桌面\Nature Portfolio_Project\00_SCIENTIFIC_REPORTS_RESEARCH_ARCHIVE_20261005\07_D07_FLOOD_EVENT\05_D07E_IMERG\01_RAW\3B-HHR.MS.MRG.3IMERG.20250319-S003000-E005959.0030.V07B.HDF5","7.2757",".hdf5","NASA GPM IMERG","flood-event derived product","EXTERNAL_NOT_COMMITTED","ORIGINAL_PROVIDER","Excluded from ordinary Git tracking by repository preparation rules"
"EXT00222","D07","3B-HHR.MS.MRG.3IMERG.20250319-S003000-E005959.0030.V07B.HDF5","D:\OneDrive\桌面\Nature Portfolio_Project\00_SCIENTIFIC_REPORTS_RESEARCH_ARCHIVE_20261005\07_D07_FLOOD_EVENT\D07E_IMERG\RAW_HDF5\3B-HHR.MS.MRG.3IMERG.20250319-S003000-E005959.0030.V07B.HDF5","7.2757",".hdf5","NASA GPM IMERG","flood-event derived product","EXTERNAL_NOT_COMMITTED","ORIGINAL_PROVIDER","Excluded from ordinary Git tracking by repository preparation rules"
"EXT00066","D07","3B-HHR.MS.MRG.3IMERG.20250319-S010000-E012959.0060.V07B.HDF5","D:\OneDrive\桌面\Nature Portfolio_Project\00_SCIENTIFIC_REPORTS_RESEARCH_ARCHIVE_20261005\07_D07_FLOOD_EVENT\05_D07E_IMERG\01_RAW\3B-HHR.MS.MRG.3IMERG.20250319-S010000-E012959.0060.V07B.HDF5","7.11",".hdf5","NASA GPM IMERG","flood-event derived product","EXTERNAL_NOT_COMMITTED","ORIGINAL_PROVIDER","Excluded from ordinary Git tracking by repository preparation rules"
"EXT00223","D07","3B-HHR.MS.MRG.3IMERG.20250319-S010000-E012959.0060.V07B.HDF5","D:\OneDrive\桌面\Nature Portfolio_Project\00_SCIENTIFIC_REPORTS_RESEARCH_ARCHIVE_20261005\07_D07_FLOOD_EVENT\D07E_IMERG\RAW_HDF5\3B-HHR.MS.MRG.3IMERG.20250319-S010000-E012959.0060.V07B.HDF5","7.11",".hdf5","NASA GPM IMERG","flood-event derived product","EXTERNAL_NOT_COMMITTED","ORIGINAL_PROVIDER","Excluded from ordinary Git tracking by repository preparation rules"
"EXT00067","D07","3B-HHR.MS.MRG.3IMERG.20250319-S013000-E015959.0090.V07B.HDF5","D:\OneDrive\桌面\Nature Portfolio_Project\00_SCIENTIFIC_REPORTS_RESEARCH_ARCHIVE_20261005\07_D07_FLOOD_EVENT\05_D07E_IMERG\01_RAW\3B-HHR.MS.MRG.3IMERG.20250319-S013000-E015959.0090.V07B.HDF5","7.1718",".hdf5","NASA GPM IMERG","flood-event derived product","EXTERNAL_NOT_COMMITTED","ORIGINAL_PROVIDER","Excluded from ordinary Git tracking by repository preparation rules"
"EXT00224","D07","3B-HHR.MS.MRG.3IMERG.20250319-S013000-E015959.0090.V07B.HDF5","D:\OneDrive\桌面\Nature Portfolio_Project\00_SCIENTIFIC_REPORTS_RESEARCH_ARCHIVE_20261005\07_D07_FLOOD_EVENT\D07E_IMERG\RAW_HDF5\3B-HHR.MS.MRG.3IMERG.20250319-S013000-E015959.0090.V07B.HDF5","7.1718",".hdf5","NASA GPM IMERG","flood-event derived product","EXTERNAL_NOT_COMMITTED","ORIGINAL_PROVIDER","Excluded from ordinary Git tracking by repository preparation rules"
"EXT00068","D07","3B-HHR.MS.MRG.3IMERG.20250319-S020000-E022959.0120.V07B.HDF5","D:\OneDrive\桌面\Nature Portfolio_Project\00_SCIENTIFIC_REPORTS_RESEARCH_ARCHIVE_20261005\07_D07_FLOOD_EVENT\05_D07E_IMERG\01_RAW\3B-HHR.MS.MRG.3IMERG.20250319-S020000-E022959.0120.V07B.HDF5","7.1949",".hdf5","NASA GPM IMERG","flood-event derived product","EXTERNAL_NOT_COMMITTED","ORIGINAL_PROVIDER","Excluded from ordinary Git tracking by repository preparation rules"
"EXT00225","D07","3B-HHR.MS.MRG.3IMERG.20250319-S020000-E022959.0120.V07B.HDF5","D:\OneDrive\桌面\Nature Portfolio_Project\00_SCIENTIFIC_REPORTS_RESEARCH_ARCHIVE_20261005\07_D07_FLOOD_EVENT\D07E_IMERG\RAW_HDF5\3B-HHR.MS.MRG.3IMERG.20250319-S020000-E022959.0120.V07B.HDF5","7.1949",".hdf5","NASA GPM IMERG","flood-event derived product","EXTERNAL_NOT_COMMITTED","ORIGINAL_PROVIDER","Excluded from ordinary Git tracking by repository preparation rules"
"EXT00069","D07","3B-HHR.MS.MRG.3IMERG.20250319-S023000-E025959.0150.V07B.HDF5","D:\OneDrive\桌面\Nature Portfolio_Project\00_SCIENTIFIC_REPORTS_RESEARCH_ARCHIVE_20261005\07_D07_FLOOD_EVENT\05_D07E_IMERG\01_RAW\3B-HHR.MS.MRG.3IMERG.20250319-S023000-E025959.0150.V07B.HDF5","7.2099",".hdf5","NASA GPM IMERG","flood-event derived product","EXTERNAL_NOT_COMMITTED","ORIGINAL_PROVIDER","Excluded from ordinary Git tracking by repository preparation rules"
"EXT00226","D07","3B-HHR.MS.MRG.3IMERG.20250319-S023000-E025959.0150.V07B.HDF5","D:\OneDrive\桌面\Nature Portfolio_Project\00_SCIENTIFIC_REPORTS_RESEARCH_ARCHIVE_20261005\07_D07_FLOOD_EVENT\D07E_IMERG\RAW_HDF5\3B-HHR.MS.MRG.3IMERG.20250319-S023000-E025959.0150.V07B.HDF5","7.2099",".hdf5","NASA GPM IMERG","flood-event derived product","EXTERNAL_NOT_COMMITTED","ORIGINAL_PROVIDER","Excluded from ordinary Git tracking by repository preparation rules"
"EXT00070","D07","3B-HHR.MS.MRG.3IMERG.20250319-S030000-E032959.0180.V07B.HDF5","D:\OneDrive\桌面\Nature Portfolio_Project\00_SCIENTIFIC_REPORTS_RESEARCH_ARCHIVE_20261005\07_D07_FLOOD_EVENT\05_D07E_IMERG\01_RAW\3B-HHR.MS.MRG.3IMERG.20250319-S030000-E032959.0180.V07B.HDF5","7.1774",".hdf5","NASA GPM IMERG","flood-event derived product","EXTERNAL_NOT_COMMITTED","ORIGINAL_PROVIDER","Excluded from ordinary Git tracking by repository preparation rules"
"EXT00227","D07","3B-HHR.MS.MRG.3IMERG.20250319-S030000-E032959.0180.V07B.HDF5","D:\OneDrive\桌面\Nature Portfolio_Project\00_SCIENTIFIC_REPORTS_RESEARCH_ARCHIVE_20261005\07_D07_FLOOD_EVENT\D07E_IMERG\RAW_HDF5\3B-HHR.MS.MRG.3IMERG.20250319-S030000-E032959.0180.V07B.HDF5","7.1774",".hdf5","NASA GPM IMERG","flood-event derived product","EXTERNAL_NOT_COMMITTED","ORIGINAL_PROVIDER","Excluded from ordinary Git tracking by repository preparation rules"
"EXT00071","D07","3B-HHR.MS.MRG.3IMERG.20250319-S033000-E035959.0210.V07B.HDF5","D:\OneDrive\桌面\Nature Portfolio_Project\00_SCIENTIFIC_REPORTS_RESEARCH_ARCHIVE_20261005\07_D07_FLOOD_EVENT\05_D07E_IMERG\01_RAW\3B-HHR.MS.MRG.3IMERG.20250319-S033000-E035959.0210.V07B.HDF5","7.2",".hdf5","NASA GPM IMERG","flood-event derived product","EXTERNAL_NOT_COMMITTED","ORIGINAL_PROVIDER","Excluded from ordinary Git tracking by repository preparation rules"
"EXT00228","D07","3B-HHR.MS.MRG.3IMERG.20250319-S033000-E035959.0210.V07B.HDF5","D:\OneDrive\桌面\Nature Portfolio_Project\00_SCIENTIFIC_REPORTS_RESEARCH_ARCHIVE_20261005\07_D07_FLOOD_EVENT\D07E_IMERG\RAW_HDF5\3B-HHR.MS.MRG.3IMERG.20250319-S033000-E035959.0210.V07B.HDF5","7.2",".hdf5","NASA GPM IMERG","flood-event derived product","EXTERNAL_NOT_COMMITTED","ORIGINAL_PROVIDER","Excluded from ordinary Git tracking by repository preparation rules"
"EXT00072","D07","3B-HHR.MS.MRG.3IMERG.20250319-S040000-E042959.0240.V07B.HDF5","D:\OneDrive\桌面\Nature Portfolio_Project\00_SCIENTIFIC_REPORTS_RESEARCH_ARCHIVE_20261005\07_D07_FLOOD_EVENT\05_D07E_IMERG\01_RAW\3B-HHR.MS.MRG.3IMERG.20250319-S040000-E042959.0240.V07B.HDF5","7.1793",".hdf5","NASA GPM IMERG","flood-event derived product","EXTERNAL_NOT_COMMITTED","ORIGINAL_PROVIDER","Excluded from ordinary Git tracking by repository preparation rules"
"EXT00229","D07","3B-HHR.MS.MRG.3IMERG.20250319-S040000-E042959.0240.V07B.HDF5","D:\OneDrive\桌面\Nature Portfolio_Project\00_SCIENTIFIC_REPORTS_RESEARCH_ARCHIVE_20261005\07_D07_FLOOD_EVENT\D07E_IMERG\RAW_HDF5\3B-HHR.MS.MRG.3IMERG.20250319-S040000-E042959.0240.V07B.HDF5","7.1793",".hdf5","NASA GPM IMERG","flood-event derived product","EXTERNAL_NOT_COMMITTED","ORIGINAL_PROVIDER","Excluded from ordinary Git tracking by repository preparation rules"
"EXT00073","D07","3B-HHR.MS.MRG.3IMERG.20250319-S043000-E045959.0270.V07B.HDF5","D:\OneDrive\桌面\Nature Portfolio_Project\00_SCIENTIFIC_REPORTS_RESEARCH_ARCHIVE_20261005\07_D07_FLOOD_EVENT\05_D07E_IMERG\01_RAW\3B-HHR.MS.MRG.3IMERG.20250319-S043000-E045959.0270.V07B.HDF5","7.1526",".hdf5","NASA GPM IMERG","flood-event derived product","EXTERNAL_NOT_COMMITTED","ORIGINAL_PROVIDER","Excluded from ordinary Git tracking by repository preparation rules"
"EXT00230","D07","3B-HHR.MS.MRG.3IMERG.20250319-S043000-E045959.0270.V07B.HDF5","D:\OneDrive\桌面\Nature Portfolio_Project\00_SCIENTIFIC_REPORTS_RESEARCH_ARCHIVE_20261005\07_D07_FLOOD_EVENT\D07E_IMERG\RAW_HDF5\3B-HHR.MS.MRG.3IMERG.20250319-S043000-E045959.0270.V07B.HDF5","7.1526",".hdf5","NASA GPM IMERG","flood-event derived product","EXTERNAL_NOT_COMMITTED","ORIGINAL_PROVIDER","Excluded from ordinary Git tracking by repository preparation rules"
"EXT00074","D07","3B-HHR.MS.MRG.3IMERG.20250319-S050000-E052959.0300.V07B.HDF5","D:\OneDrive\桌面\Nature Portfolio_Project\00_SCIENTIFIC_REPORTS_RESEARCH_ARCHIVE_20261005\07_D07_FLOOD_EVENT\05_D07E_IMERG\01_RAW\3B-HHR.MS.MRG.3IMERG.20250319-S050000-E052959.0300.V07B.HDF5","7.1832",".hdf5","NASA GPM IMERG","flood-event derived product","EXTERNAL_NOT_COMMITTED","ORIGINAL_PROVIDER","Excluded from ordinary Git tracking by repository preparation rules"
"EXT00231","D07","3B-HHR.MS.MRG.3IMERG.20250319-S050000-E052959.0300.V07B.HDF5","D:\OneDrive\桌面\Nature Portfolio_Project\00_SCIENTIFIC_REPORTS_RESEARCH_ARCHIVE_20261005\07_D07_FLOOD_EVENT\D07E_IMERG\RAW_HDF5\3B-HHR.MS.MRG.3IMERG.20250319-S050000-E052959.0300.V07B.HDF5","7.1832",".hdf5","NASA GPM IMERG","flood-event derived product","EXTERNAL_NOT_COMMITTED","ORIGINAL_PROVIDER","Excluded from ordinary Git tracking by repository preparation rules"
"EXT00075","D07","3B-HHR.MS.MRG.3IMERG.20250319-S053000-E055959.0330.V07B.HDF5","D:\OneDrive\桌面\Nature Portfolio_Project\00_SCIENTIFIC_REPORTS_RESEARCH_ARCHIVE_20261005\07_D07_FLOOD_EVENT\05_D07E_IMERG\01_RAW\3B-HHR.MS.MRG.3IMERG.20250319-S053000-E055959.0330.V07B.HDF5","7.2135",".hdf5","NASA GPM IMERG","flood-event derived product","EXTERNAL_NOT_COMMITTED","ORIGINAL_PROVIDER","Excluded from ordinary Git tracking by repository preparation rules"
"EXT00232","D07","3B-HHR.MS.MRG.3IMERG.20250319-S053000-E055959.0330.V07B.HDF5","D:\OneDrive\桌面\Nature Portfolio_Project\00_SCIENTIFIC_REPORTS_RESEARCH_ARCHIVE_20261005\07_D07_FLOOD_EVENT\D07E_IMERG\RAW_HDF5\3B-HHR.MS.MRG.3IMERG.20250319-S053000-E055959.0330.V07B.HDF5","7.2135",".hdf5","NASA GPM IMERG","flood-event derived product","EXTERNAL_NOT_COMMITTED","ORIGINAL_PROVIDER","Excluded from ordinary Git tracking by repository preparation rules"
"EXT00076","D07","3B-HHR.MS.MRG.3IMERG.20250319-S060000-E062959.0360.V07B.HDF5","D:\OneDrive\桌面\Nature Portfolio_Project\00_SCIENTIFIC_REPORTS_RESEARCH_ARCHIVE_20261005\07_D07_FLOOD_EVENT\05_D07E_IMERG\01_RAW\3B-HHR.MS.MRG.3IMERG.20250319-S060000-E062959.0360.V07B.HDF5","7.2124",".hdf5","NASA GPM IMERG","flood-event derived product","EXTERNAL_NOT_COMMITTED","ORIGINAL_PROVIDER","Excluded from ordinary Git tracking by repository preparation rules"
"EXT00233","D07","3B-HHR.MS.MRG.3IMERG.20250319-S060000-E062959.0360.V07B.HDF5","D:\OneDrive\桌面\Nature Portfolio_Project\00_SCIENTIFIC_REPORTS_RESEARCH_ARCHIVE_20261005\07_D07_FLOOD_EVENT\D07E_IMERG\RAW_HDF5\3B-HHR.MS.MRG.3IMERG.20250319-S060000-E062959.0360.V07B.HDF5","7.2124",".hdf5","NASA GPM IMERG","flood-event derived product","EXTERNAL_NOT_COMMITTED","ORIGINAL_PROVIDER","Excluded from ordinary Git tracking by repository preparation rules"
"EXT00077","D07","3B-HHR.MS.MRG.3IMERG.20250319-S063000-E065959.0390.V07B.HDF5","D:\OneDrive\桌面\Nature Portfolio_Project\00_SCIENTIFIC_REPORTS_RESEARCH_ARCHIVE_20261005\07_D07_FLOOD_EVENT\05_D07E_IMERG\01_RAW\3B-HHR.MS.MRG.3IMERG.20250319-S063000-E065959.0390.V07B.HDF5","7.2151",".hdf5","NASA GPM IMERG","flood-event derived product","EXTERNAL_NOT_COMMITTED","ORIGINAL_PROVIDER","Excluded from ordinary Git tracking by repository preparation rules"
"EXT00234","D07","3B-HHR.MS.MRG.3IMERG.20250319-S063000-E065959.0390.V07B.HDF5","D:\OneDrive\桌面\Nature Portfolio_Project\00_SCIENTIFIC_REPORTS_RESEARCH_ARCHIVE_20261005\07_D07_FLOOD_EVENT\D07E_IMERG\RAW_HDF5\3B-HHR.MS.MRG.3IMERG.20250319-S063000-E065959.0390.V07B.HDF5","7.2151",".hdf5","NASA GPM IMERG","flood-event derived product","EXTERNAL_NOT_COMMITTED","ORIGINAL_PROVIDER","Excluded from ordinary Git tracking by repository preparation rules"
"EXT00078","D07","3B-HHR.MS.MRG.3IMERG.20250319-S070000-E072959.0420.V07B.HDF5","D:\OneDrive\桌面\Nature Portfolio_Project\00_SCIENTIFIC_REPORTS_RESEARCH_ARCHIVE_20261005\07_D07_FLOOD_EVENT\05_D07E_IMERG\01_RAW\3B-HHR.MS.MRG.3IMERG.20250319-S070000-E072959.0420.V07B.HDF5","7.2363",".hdf5","NASA GPM IMERG","flood-event derived product","EXTERNAL_NOT_COMMITTED","ORIGINAL_PROVIDER","Excluded from ordinary Git tracking by repository preparation rules"
"EXT00235","D07","3B-HHR.MS.MRG.3IMERG.20250319-S070000-E072959.0420.V07B.HDF5","D:\OneDrive\桌面\Nature Portfolio_Project\00_SCIENTIFIC_REPORTS_RESEARCH_ARCHIVE_20261005\07_D07_FLOOD_EVENT\D07E_IMERG\RAW_HDF5\3B-HHR.MS.MRG.3IMERG.20250319-S070000-E072959.0420.V07B.HDF5","7.2363",".hdf5","NASA GPM IMERG","flood-event derived product","EXTERNAL_NOT_COMMITTED","ORIGINAL_PROVIDER","Excluded from ordinary Git tracking by repository preparation rules"
"EXT00079","D07","3B-HHR.MS.MRG.3IMERG.20250319-S073000-E075959.0450.V07B.HDF5","D:\OneDrive\桌面\Nature Portfolio_Project\00_SCIENTIFIC_REPORTS_RESEARCH_ARCHIVE_20261005\07_D07_FLOOD_EVENT\05_D07E_IMERG\01_RAW\3B-HHR.MS.MRG.3IMERG.20250319-S073000-E075959.0450.V07B.HDF5","7.2508",".hdf5","NASA GPM IMERG","flood-event derived product","EXTERNAL_NOT_COMMITTED","ORIGINAL_PROVIDER","Excluded from ordinary Git tracking by repository preparation rules"
"EXT00236","D07","3B-HHR.MS.MRG.3IMERG.20250319-S073000-E075959.0450.V07B.HDF5","D:\OneDrive\桌面\Nature Portfolio_Project\00_SCIENTIFIC_REPORTS_RESEARCH_ARCHIVE_20261005\07_D07_FLOOD_EVENT\D07E_IMERG\RAW_HDF5\3B-HHR.MS.MRG.3IMERG.20250319-S073000-E075959.0450.V07B.HDF5","7.2508",".hdf5","NASA GPM IMERG","flood-event derived product","EXTERNAL_NOT_COMMITTED","ORIGINAL_PROVIDER","Excluded from ordinary Git tracking by repository preparation rules"
"EXT00080","D07","3B-HHR.MS.MRG.3IMERG.20250319-S080000-E082959.0480.V07B.HDF5","D:\OneDrive\桌面\Nature Portfolio_Project\00_SCIENTIFIC_REPORTS_RESEARCH_ARCHIVE_20261005\07_D07_FLOOD_EVENT\05_D07E_IMERG\01_RAW\3B-HHR.MS.MRG.3IMERG.20250319-S080000-E082959.0480.V07B.HDF5","7.191",".hdf5","NASA GPM IMERG","flood-event derived product","EXTERNAL_NOT_COMMITTED","ORIGINAL_PROVIDER","Excluded from ordinary Git tracking by repository preparation rules"
"EXT00237","D07","3B-HHR.MS.MRG.3IMERG.20250319-S080000-E082959.0480.V07B.HDF5","D:\OneDrive\桌面\Nature Portfolio_Project\00_SCIENTIFIC_REPORTS_RESEARCH_ARCHIVE_20261005\07_D07_FLOOD_EVENT\D07E_IMERG\RAW_HDF5\3B-HHR.MS.MRG.3IMERG.20250319-S080000-E082959.0480.V07B.HDF5","7.191",".hdf5","NASA GPM IMERG","flood-event derived product","EXTERNAL_NOT_COMMITTED","ORIGINAL_PROVIDER","Excluded from ordinary Git tracking by repository preparation rules"
"EXT00081","D07","3B-HHR.MS.MRG.3IMERG.20250319-S083000-E085959.0510.V07B.HDF5","D:\OneDrive\桌面\Nature Portfolio_Project\00_SCIENTIFIC_REPORTS_RESEARCH_ARCHIVE_20261005\07_D07_FLOOD_EVENT\05_D07E_IMERG\01_RAW\3B-HHR.MS.MRG.3IMERG.20250319-S083000-E085959.0510.V07B.HDF5","7.2829",".hdf5","NASA GPM IMERG","flood-event derived product","EXTERNAL_NOT_COMMITTED","ORIGINAL_PROVIDER","Excluded from ordinary Git tracking by repository preparation rules"
"EXT00238","D07","3B-HHR.MS.MRG.3IMERG.20250319-S083000-E085959.0510.V07B.HDF5","D:\OneDrive\桌面\Nature Portfolio_Project\00_SCIENTIFIC_REPORTS_RESEARCH_ARCHIVE_20261005\07_D07_FLOOD_EVENT\D07E_IMERG\RAW_HDF5\3B-HHR.MS.MRG.3IMERG.20250319-S083000-E085959.0510.V07B.HDF5","7.2829",".hdf5","NASA GPM IMERG","flood-event derived product","EXTERNAL_NOT_COMMITTED","ORIGINAL_PROVIDER","Excluded from ordinary Git tracking by repository preparation rules"
"EXT00082","D07","3B-HHR.MS.MRG.3IMERG.20250319-S090000-E092959.0540.V07B.HDF5","D:\OneDrive\桌面\Nature Portfolio_Project\00_SCIENTIFIC_REPORTS_RESEARCH_ARCHIVE_20261005\07_D07_FLOOD_EVENT\05_D07E_IMERG\01_RAW\3B-HHR.MS.MRG.3IMERG.20250319-S090000-E092959.0540.V07B.HDF5","7.1996",".hdf5","NASA GPM IMERG","flood-event derived product","EXTERNAL_NOT_COMMITTED","ORIGINAL_PROVIDER","Excluded from ordinary Git tracking by repository preparation rules"
"EXT00239","D07","3B-HHR.MS.MRG.3IMERG.20250319-S090000-E092959.0540.V07B.HDF5","D:\OneDrive\桌面\Nature Portfolio_Project\00_SCIENTIFIC_REPORTS_RESEARCH_ARCHIVE_20261005\07_D07_FLOOD_EVENT\D07E_IMERG\RAW_HDF5\3B-HHR.MS.MRG.3IMERG.20250319-S090000-E092959.0540.V07B.HDF5","7.1996",".hdf5","NASA GPM IMERG","flood-event derived product","EXTERNAL_NOT_COMMITTED","ORIGINAL_PROVIDER","Excluded from ordinary Git tracking by repository preparation rules"
"EXT00083","D07","3B-HHR.MS.MRG.3IMERG.20250319-S093000-E095959.0570.V07B.HDF5","D:\OneDrive\桌面\Nature Portfolio_Project\00_SCIENTIFIC_REPORTS_RESEARCH_ARCHIVE_20261005\07_D07_FLOOD_EVENT\05_D07E_IMERG\01_RAW\3B-HHR.MS.MRG.3IMERG.20250319-S093000-E095959.0570.V07B.HDF5","7.138",".hdf5","NASA GPM IMERG","flood-event derived product","EXTERNAL_NOT_COMMITTED","ORIGINAL_PROVIDER","Excluded from ordinary Git tracking by repository preparation rules"
"EXT00240","D07","3B-HHR.MS.MRG.3IMERG.20250319-S093000-E095959.0570.V07B.HDF5","D:\OneDrive\桌面\Nature Portfolio_Project\00_SCIENTIFIC_REPORTS_RESEARCH_ARCHIVE_20261005\07_D07_FLOOD_EVENT\D07E_IMERG\RAW_HDF5\3B-HHR.MS.MRG.3IMERG.20250319-S093000-E095959.0570.V07B.HDF5","7.138",".hdf5","NASA GPM IMERG","flood-event derived product","EXTERNAL_NOT_COMMITTED","ORIGINAL_PROVIDER","Excluded from ordinary Git tracking by repository preparation rules"
"EXT00084","D07","3B-HHR.MS.MRG.3IMERG.20250319-S100000-E102959.0600.V07B.HDF5","D:\OneDrive\桌面\Nature Portfolio_Project\00_SCIENTIFIC_REPORTS_RESEARCH_ARCHIVE_20261005\07_D07_FLOOD_EVENT\05_D07E_IMERG\01_RAW\3B-HHR.MS.MRG.3IMERG.20250319-S100000-E102959.0600.V07B.HDF5","7.2728",".hdf5","NASA GPM IMERG","flood-event derived product","EXTERNAL_NOT_COMMITTED","ORIGINAL_PROVIDER","Excluded from ordinary Git tracking by repository preparation rules"
"EXT00241","D07","3B-HHR.MS.MRG.3IMERG.20250319-S100000-E102959.0600.V07B.HDF5","D:\OneDrive\桌面\Nature Portfolio_Project\00_SCIENTIFIC_REPORTS_RESEARCH_ARCHIVE_20261005\07_D07_FLOOD_EVENT\D07E_IMERG\RAW_HDF5\3B-HHR.MS.MRG.3IMERG.20250319-S100000-E102959.0600.V07B.HDF5","7.2728",".hdf5","NASA GPM IMERG","flood-event derived product","EXTERNAL_NOT_COMMITTED","ORIGINAL_PROVIDER","Excluded from ordinary Git tracking by repository preparation rules"
"EXT00085","D07","3B-HHR.MS.MRG.3IMERG.20250319-S103000-E105959.0630.V07B.HDF5","D:\OneDrive\桌面\Nature Portfolio_Project\00_SCIENTIFIC_REPORTS_RESEARCH_ARCHIVE_20261005\07_D07_FLOOD_EVENT\05_D07E_IMERG\01_RAW\3B-HHR.MS.MRG.3IMERG.20250319-S103000-E105959.0630.V07B.HDF5","7.1863",".hdf5","NASA GPM IMERG","flood-event derived product","EXTERNAL_NOT_COMMITTED","ORIGINAL_PROVIDER","Excluded from ordinary Git tracking by repository preparation rules"
"EXT00242","D07","3B-HHR.MS.MRG.3IMERG.20250319-S103000-E105959.0630.V07B.HDF5","D:\OneDrive\桌面\Nature Portfolio_Project\00_SCIENTIFIC_REPORTS_RESEARCH_ARCHIVE_20261005\07_D07_FLOOD_EVENT\D07E_IMERG\RAW_HDF5\3B-HHR.MS.MRG.3IMERG.20250319-S103000-E105959.0630.V07B.HDF5","7.1863",".hdf5","NASA GPM IMERG","flood-event derived product","EXTERNAL_NOT_COMMITTED","ORIGINAL_PROVIDER","Excluded from ordinary Git tracking by repository preparation rules"
"EXT00086","D07","3B-HHR.MS.MRG.3IMERG.20250319-S110000-E112959.0660.V07B.HDF5","D:\OneDrive\桌面\Nature Portfolio_Project\00_SCIENTIFIC_REPORTS_RESEARCH_ARCHIVE_20261005\07_D07_FLOOD_EVENT\05_D07E_IMERG\01_RAW\3B-HHR.MS.MRG.3IMERG.20250319-S110000-E112959.0660.V07B.HDF5","7.3242",".hdf5","NASA GPM IMERG","flood-event derived product","EXTERNAL_NOT_COMMITTED","ORIGINAL_PROVIDER","Excluded from ordinary Git tracking by repository preparation rules"
"EXT00243","D07","3B-HHR.MS.MRG.3IMERG.20250319-S110000-E112959.0660.V07B.HDF5","D:\OneDrive\桌面\Nature Portfolio_Project\00_SCIENTIFIC_REPORTS_RESEARCH_ARCHIVE_20261005\07_D07_FLOOD_EVENT\D07E_IMERG\RAW_HDF5\3B-HHR.MS.MRG.3IMERG.20250319-S110000-E112959.0660.V07B.HDF5","7.3242",".hdf5","NASA GPM IMERG","flood-event derived product","EXTERNAL_NOT_COMMITTED","ORIGINAL_PROVIDER","Excluded from ordinary Git tracking by repository preparation rules"
"EXT00087","D07","3B-HHR.MS.MRG.3IMERG.20250319-S113000-E115959.0690.V07B.HDF5","D:\OneDrive\桌面\Nature Portfolio_Project\00_SCIENTIFIC_REPORTS_RESEARCH_ARCHIVE_20261005\07_D07_FLOOD_EVENT\05_D07E_IMERG\01_RAW\3B-HHR.MS.MRG.3IMERG.20250319-S113000-E115959.0690.V07B.HDF5","7.1453",".hdf5","NASA GPM IMERG","flood-event derived product","EXTERNAL_NOT_COMMITTED","ORIGINAL_PROVIDER","Excluded from ordinary Git tracking by repository preparation rules"
"EXT00244","D07","3B-HHR.MS.MRG.3IMERG.20250319-S113000-E115959.0690.V07B.HDF5","D:\OneDrive\桌面\Nature Portfolio_Project\00_SCIENTIFIC_REPORTS_RESEARCH_ARCHIVE_20261005\07_D07_FLOOD_EVENT\D07E_IMERG\RAW_HDF5\3B-HHR.MS.MRG.3IMERG.20250319-S113000-E115959.0690.V07B.HDF5","7.1453",".hdf5","NASA GPM IMERG","flood-event derived product","EXTERNAL_NOT_COMMITTED","ORIGINAL_PROVIDER","Excluded from ordinary Git tracking by repository preparation rules"
"EXT00088","D07","3B-HHR.MS.MRG.3IMERG.20250319-S120000-E122959.0720.V07B.HDF5","D:\OneDrive\桌面\Nature Portfolio_Project\00_SCIENTIFIC_REPORTS_RESEARCH_ARCHIVE_20261005\07_D07_FLOOD_EVENT\05_D07E_IMERG\01_RAW\3B-HHR.MS.MRG.3IMERG.20250319-S120000-E122959.0720.V07B.HDF5","7.1653",".hdf5","NASA GPM IMERG","flood-event derived product","EXTERNAL_NOT_COMMITTED","ORIGINAL_PROVIDER","Excluded from ordinary Git tracking by repository preparation rules"
"EXT00245","D07","3B-HHR.MS.MRG.3IMERG.20250319-S120000-E122959.0720.V07B.HDF5","D:\OneDrive\桌面\Nature Portfolio_Project\00_SCIENTIFIC_REPORTS_RESEARCH_ARCHIVE_20261005\07_D07_FLOOD_EVENT\D07E_IMERG\RAW_HDF5\3B-HHR.MS.MRG.3IMERG.20250319-S120000-E122959.0720.V07B.HDF5","7.1653",".hdf5","NASA GPM IMERG","flood-event derived product","EXTERNAL_NOT_COMMITTED","ORIGINAL_PROVIDER","Excluded from ordinary Git tracking by repository preparation rules"
"EXT00089","D07","3B-HHR.MS.MRG.3IMERG.20250319-S123000-E125959.0750.V07B.HDF5","D:\OneDrive\桌面\Nature Portfolio_Project\00_SCIENTIFIC_REPORTS_RESEARCH_ARCHIVE_20261005\07_D07_FLOOD_EVENT\05_D07E_IMERG\01_RAW\3B-HHR.MS.MRG.3IMERG.20250319-S123000-E125959.0750.V07B.HDF5","7.1294",".hdf5","NASA GPM IMERG","flood-event derived product","EXTERNAL_NOT_COMMITTED","ORIGINAL_PROVIDER","Excluded from ordinary Git tracking by repository preparation rules"
"EXT00246","D07","3B-HHR.MS.MRG.3IMERG.20250319-S123000-E125959.0750.V07B.HDF5","D:\OneDrive\桌面\Nature Portfolio_Project\00_SCIENTIFIC_REPORTS_RESEARCH_ARCHIVE_20261005\07_D07_FLOOD_EVENT\D07E_IMERG\RAW_HDF5\3B-HHR.MS.MRG.3IMERG.20250319-S123000-E125959.0750.V07B.HDF5","7.1294",".hdf5","NASA GPM IMERG","flood-event derived product","EXTERNAL_NOT_COMMITTED","ORIGINAL_PROVIDER","Excluded from ordinary Git tracking by repository preparation rules"
"EXT00090","D07","3B-HHR.MS.MRG.3IMERG.20250319-S130000-E132959.0780.V07B.HDF5","D:\OneDrive\桌面\Nature Portfolio_Project\00_SCIENTIFIC_REPORTS_RESEARCH_ARCHIVE_20261005\07_D07_FLOOD_EVENT\05_D07E_IMERG\01_RAW\3B-HHR.MS.MRG.3IMERG.20250319-S130000-E132959.0780.V07B.HDF5","7.0375",".hdf5","NASA GPM IMERG","flood-event derived product","EXTERNAL_NOT_COMMITTED","ORIGINAL_PROVIDER","Excluded from ordinary Git tracking by repository preparation rules"
"EXT00247","D07","3B-HHR.MS.MRG.3IMERG.20250319-S130000-E132959.0780.V07B.HDF5","D:\OneDrive\桌面\Nature Portfolio_Project\00_SCIENTIFIC_REPORTS_RESEARCH_ARCHIVE_20261005\07_D07_FLOOD_EVENT\D07E_IMERG\RAW_HDF5\3B-HHR.MS.MRG.3IMERG.20250319-S130000-E132959.0780.V07B.HDF5","7.0375",".hdf5","NASA GPM IMERG","flood-event derived product","EXTERNAL_NOT_COMMITTED","ORIGINAL_PROVIDER","Excluded from ordinary Git tracking by repository preparation rules"
"EXT00091","D07","3B-HHR.MS.MRG.3IMERG.20250319-S133000-E135959.0810.V07B.HDF5","D:\OneDrive\桌面\Nature Portfolio_Project\00_SCIENTIFIC_REPORTS_RESEARCH_ARCHIVE_20261005\07_D07_FLOOD_EVENT\05_D07E_IMERG\01_RAW\3B-HHR.MS.MRG.3IMERG.20250319-S133000-E135959.0810.V07B.HDF5","7.1933",".hdf5","NASA GPM IMERG","flood-event derived product","EXTERNAL_NOT_COMMITTED","ORIGINAL_PROVIDER","Excluded from ordinary Git tracking by repository preparation rules"
"EXT00248","D07","3B-HHR.MS.MRG.3IMERG.20250319-S133000-E135959.0810.V07B.HDF5","D:\OneDrive\桌面\Nature Portfolio_Project\00_SCIENTIFIC_REPORTS_RESEARCH_ARCHIVE_20261005\07_D07_FLOOD_EVENT\D07E_IMERG\RAW_HDF5\3B-HHR.MS.MRG.3IMERG.20250319-S133000-E135959.0810.V07B.HDF5","7.1933",".hdf5","NASA GPM IMERG","flood-event derived product","EXTERNAL_NOT_COMMITTED","ORIGINAL_PROVIDER","Excluded from ordinary Git tracking by repository preparation rules"
"EXT00092","D07","3B-HHR.MS.MRG.3IMERG.20250319-S140000-E142959.0840.V07B.HDF5","D:\OneDrive\桌面\Nature Portfolio_Project\00_SCIENTIFIC_REPORTS_RESEARCH_ARCHIVE_20261005\07_D07_FLOOD_EVENT\05_D07E_IMERG\01_RAW\3B-HHR.MS.MRG.3IMERG.20250319-S140000-E142959.0840.V07B.HDF5","7.2784",".hdf5","NASA GPM IMERG","flood-event derived product","EXTERNAL_NOT_COMMITTED","ORIGINAL_PROVIDER","Excluded from ordinary Git tracking by repository preparation rules"
"EXT00249","D07","3B-HHR.MS.MRG.3IMERG.20250319-S140000-E142959.0840.V07B.HDF5","D:\OneDrive\桌面\Nature Portfolio_Project\00_SCIENTIFIC_REPORTS_RESEARCH_ARCHIVE_20261005\07_D07_FLOOD_EVENT\D07E_IMERG\RAW_HDF5\3B-HHR.MS.MRG.3IMERG.20250319-S140000-E142959.0840.V07B.HDF5","7.2784",".hdf5","NASA GPM IMERG","flood-event derived product","EXTERNAL_NOT_COMMITTED","ORIGINAL_PROVIDER","Excluded from ordinary Git tracking by repository preparation rules"
"EXT00093","D07","3B-HHR.MS.MRG.3IMERG.20250319-S143000-E145959.0870.V07B.HDF5","D:\OneDrive\桌面\Nature Portfolio_Project\00_SCIENTIFIC_REPORTS_RESEARCH_ARCHIVE_20261005\07_D07_FLOOD_EVENT\05_D07E_IMERG\01_RAW\3B-HHR.MS.MRG.3IMERG.20250319-S143000-E145959.0870.V07B.HDF5","7.2346",".hdf5","NASA GPM IMERG","flood-event derived product","EXTERNAL_NOT_COMMITTED","ORIGINAL_PROVIDER","Excluded from ordinary Git tracking by repository preparation rules"
"EXT00250","D07","3B-HHR.MS.MRG.3IMERG.20250319-S143000-E145959.0870.V07B.HDF5","D:\OneDrive\桌面\Nature Portfolio_Project\00_SCIENTIFIC_REPORTS_RESEARCH_ARCHIVE_20261005\07_D07_FLOOD_EVENT\D07E_IMERG\RAW_HDF5\3B-HHR.MS.MRG.3IMERG.20250319-S143000-E145959.0870.V07B.HDF5","7.2346",".hdf5","NASA GPM IMERG","flood-event derived product","EXTERNAL_NOT_COMMITTED","ORIGINAL_PROVIDER","Excluded from ordinary Git tracking by repository preparation rules"
"EXT00094","D07","3B-HHR.MS.MRG.3IMERG.20250319-S150000-E152959.0900.V07B.HDF5","D:\OneDrive\桌面\Nature Portfolio_Project\00_SCIENTIFIC_REPORTS_RESEARCH_ARCHIVE_20261005\07_D07_FLOOD_EVENT\05_D07E_IMERG\01_RAW\3B-HHR.MS.MRG.3IMERG.20250319-S150000-E152959.0900.V07B.HDF5","7.3443",".hdf5","NASA GPM IMERG","flood-event derived product","EXTERNAL_NOT_COMMITTED","ORIGINAL_PROVIDER","Excluded from ordinary Git tracking by repository preparation rules"
"EXT00251","D07","3B-HHR.MS.MRG.3IMERG.20250319-S150000-E152959.0900.V07B.HDF5","D:\OneDrive\桌面\Nature Portfolio_Project\00_SCIENTIFIC_REPORTS_RESEARCH_ARCHIVE_20261005\07_D07_FLOOD_EVENT\D07E_IMERG\RAW_HDF5\3B-HHR.MS.MRG.3IMERG.20250319-S150000-E152959.0900.V07B.HDF5","7.3443",".hdf5","NASA GPM IMERG","flood-event derived product","EXTERNAL_NOT_COMMITTED","ORIGINAL_PROVIDER","Excluded from ordinary Git tracking by repository preparation rules"
"EXT00095","D07","3B-HHR.MS.MRG.3IMERG.20250319-S153000-E155959.0930.V07B.HDF5","D:\OneDrive\桌面\Nature Portfolio_Project\00_SCIENTIFIC_REPORTS_RESEARCH_ARCHIVE_20261005\07_D07_FLOOD_EVENT\05_D07E_IMERG\01_RAW\3B-HHR.MS.MRG.3IMERG.20250319-S153000-E155959.0930.V07B.HDF5","7.4152",".hdf5","NASA GPM IMERG","flood-event derived product","EXTERNAL_NOT_COMMITTED","ORIGINAL_PROVIDER","Excluded from ordinary Git tracking by repository preparation rules"
"EXT00252","D07","3B-HHR.MS.MRG.3IMERG.20250319-S153000-E155959.0930.V07B.HDF5","D:\OneDrive\桌面\Nature Portfolio_Project\00_SCIENTIFIC_REPORTS_RESEARCH_ARCHIVE_20261005\07_D07_FLOOD_EVENT\D07E_IMERG\RAW_HDF5\3B-HHR.MS.MRG.3IMERG.20250319-S153000-E155959.0930.V07B.HDF5","7.4152",".hdf5","NASA GPM IMERG","flood-event derived product","EXTERNAL_NOT_COMMITTED","ORIGINAL_PROVIDER","Excluded from ordinary Git tracking by repository preparation rules"
"EXT00096","D07","3B-HHR.MS.MRG.3IMERG.20250319-S160000-E162959.0960.V07B.HDF5","D:\OneDrive\桌面\Nature Portfolio_Project\00_SCIENTIFIC_REPORTS_RESEARCH_ARCHIVE_20261005\07_D07_FLOOD_EVENT\05_D07E_IMERG\01_RAW\3B-HHR.MS.MRG.3IMERG.20250319-S160000-E162959.0960.V07B.HDF5","7.4849",".hdf5","NASA GPM IMERG","flood-event derived product","EXTERNAL_NOT_COMMITTED","ORIGINAL_PROVIDER","Excluded from ordinary Git tracking by repository preparation rules"
"EXT00253","D07","3B-HHR.MS.MRG.3IMERG.20250319-S160000-E162959.0960.V07B.HDF5","D:\OneDrive\桌面\Nature Portfolio_Project\00_SCIENTIFIC_REPORTS_RESEARCH_ARCHIVE_20261005\07_D07_FLOOD_EVENT\D07E_IMERG\RAW_HDF5\3B-HHR.MS.MRG.3IMERG.20250319-S160000-E162959.0960.V07B.HDF5","7.4849",".hdf5","NASA GPM IMERG","flood-event derived product","EXTERNAL_NOT_COMMITTED","ORIGINAL_PROVIDER","Excluded from ordinary Git tracking by repository preparation rules"
"EXT00097","D07","3B-HHR.MS.MRG.3IMERG.20250319-S163000-E165959.0990.V07B.HDF5","D:\OneDrive\桌面\Nature Portfolio_Project\00_SCIENTIFIC_REPORTS_RESEARCH_ARCHIVE_20261005\07_D07_FLOOD_EVENT\05_D07E_IMERG\01_RAW\3B-HHR.MS.MRG.3IMERG.20250319-S163000-E165959.0990.V07B.HDF5","7.559",".hdf5","NASA GPM IMERG","flood-event derived product","EXTERNAL_NOT_COMMITTED","ORIGINAL_PROVIDER","Excluded from ordinary Git tracking by repository preparation rules"
"EXT00254","D07","3B-HHR.MS.MRG.3IMERG.20250319-S163000-E165959.0990.V07B.HDF5","D:\OneDrive\桌面\Nature Portfolio_Project\00_SCIENTIFIC_REPORTS_RESEARCH_ARCHIVE_20261005\07_D07_FLOOD_EVENT\D07E_IMERG\RAW_HDF5\3B-HHR.MS.MRG.3IMERG.20250319-S163000-E165959.0990.V07B.HDF5","7.559",".hdf5","NASA GPM IMERG","flood-event derived product","EXTERNAL_NOT_COMMITTED","ORIGINAL_PROVIDER","Excluded from ordinary Git tracking by repository preparation rules"
"EXT00098","D07","3B-HHR.MS.MRG.3IMERG.20250319-S170000-E172959.1020.V07B.HDF5","D:\OneDrive\桌面\Nature Portfolio_Project\00_SCIENTIFIC_REPORTS_RESEARCH_ARCHIVE_20261005\07_D07_FLOOD_EVENT\05_D07E_IMERG\01_RAW\3B-HHR.MS.MRG.3IMERG.20250319-S170000-E172959.1020.V07B.HDF5","7.5721",".hdf5","NASA GPM IMERG","flood-event derived product","EXTERNAL_NOT_COMMITTED","ORIGINAL_PROVIDER","Excluded from ordinary Git tracking by repository preparation rules"
"EXT00255","D07","3B-HHR.MS.MRG.3IMERG.20250319-S170000-E172959.1020.V07B.HDF5","D:\OneDrive\桌面\Nature Portfolio_Project\00_SCIENTIFIC_REPORTS_RESEARCH_ARCHIVE_20261005\07_D07_FLOOD_EVENT\D07E_IMERG\RAW_HDF5\3B-HHR.MS.MRG.3IMERG.20250319-S170000-E172959.1020.V07B.HDF5","7.5721",".hdf5","NASA GPM IMERG","flood-event derived product","EXTERNAL_NOT_COMMITTED","ORIGINAL_PROVIDER","Excluded from ordinary Git tracking by repository preparation rules"
"EXT00099","D07","3B-HHR.MS.MRG.3IMERG.20250319-S173000-E175959.1050.V07B.HDF5","D:\OneDrive\桌面\Nature Portfolio_Project\00_SCIENTIFIC_REPORTS_RESEARCH_ARCHIVE_20261005\07_D07_FLOOD_EVENT\05_D07E_IMERG\01_RAW\3B-HHR.MS.MRG.3IMERG.20250319-S173000-E175959.1050.V07B.HDF5","7.4734",".hdf5","NASA GPM IMERG","flood-event derived product","EXTERNAL_NOT_COMMITTED","ORIGINAL_PROVIDER","Excluded from ordinary Git tracking by repository preparation rules"
"EXT00256","D07","3B-HHR.MS.MRG.3IMERG.20250319-S173000-E175959.1050.V07B.HDF5","D:\OneDrive\桌面\Nature Portfolio_Project\00_SCIENTIFIC_REPORTS_RESEARCH_ARCHIVE_20261005\07_D07_FLOOD_EVENT\D07E_IMERG\RAW_HDF5\3B-HHR.MS.MRG.3IMERG.20250319-S173000-E175959.1050.V07B.HDF5","7.4734",".hdf5","NASA GPM IMERG","flood-event derived product","EXTERNAL_NOT_COMMITTED","ORIGINAL_PROVIDER","Excluded from ordinary Git tracking by repository preparation rules"
"EXT00100","D07","3B-HHR.MS.MRG.3IMERG.20250319-S180000-E182959.1080.V07B.HDF5","D:\OneDrive\桌面\Nature Portfolio_Project\00_SCIENTIFIC_REPORTS_RESEARCH_ARCHIVE_20261005\07_D07_FLOOD_EVENT\05_D07E_IMERG\01_RAW\3B-HHR.MS.MRG.3IMERG.20250319-S180000-E182959.1080.V07B.HDF5","7.5349",".hdf5","NASA GPM IMERG","flood-event derived product","EXTERNAL_NOT_COMMITTED","ORIGINAL_PROVIDER","Excluded from ordinary Git tracking by repository preparation rules"
"EXT00257","D07","3B-HHR.MS.MRG.3IMERG.20250319-S180000-E182959.1080.V07B.HDF5","D:\OneDrive\桌面\Nature Portfolio_Project\00_SCIENTIFIC_REPORTS_RESEARCH_ARCHIVE_20261005\07_D07_FLOOD_EVENT\D07E_IMERG\RAW_HDF5\3B-HHR.MS.MRG.3IMERG.20250319-S180000-E182959.1080.V07B.HDF5","7.5349",".hdf5","NASA GPM IMERG","flood-event derived product","EXTERNAL_NOT_COMMITTED","ORIGINAL_PROVIDER","Excluded from ordinary Git tracking by repository preparation rules"
"EXT00101","D07","3B-HHR.MS.MRG.3IMERG.20250319-S183000-E185959.1110.V07B.HDF5","D:\OneDrive\桌面\Nature Portfolio_Project\00_SCIENTIFIC_REPORTS_RESEARCH_ARCHIVE_20261005\07_D07_FLOOD_EVENT\05_D07E_IMERG\01_RAW\3B-HHR.MS.MRG.3IMERG.20250319-S183000-E185959.1110.V07B.HDF5","7.6429",".hdf5","NASA GPM IMERG","flood-event derived product","EXTERNAL_NOT_COMMITTED","ORIGINAL_PROVIDER","Excluded from ordinary Git tracking by repository preparation rules"
"EXT00258","D07","3B-HHR.MS.MRG.3IMERG.20250319-S183000-E185959.1110.V07B.HDF5","D:\OneDrive\桌面\Nature Portfolio_Project\00_SCIENTIFIC_REPORTS_RESEARCH_ARCHIVE_20261005\07_D07_FLOOD_EVENT\D07E_IMERG\RAW_HDF5\3B-HHR.MS.MRG.3IMERG.20250319-S183000-E185959.1110.V07B.HDF5","7.6429",".hdf5","NASA GPM IMERG","flood-event derived product","EXTERNAL_NOT_COMMITTED","ORIGINAL_PROVIDER","Excluded from ordinary Git tracking by repository preparation rules"
"EXT00102","D07","3B-HHR.MS.MRG.3IMERG.20250319-S190000-E192959.1140.V07B.HDF5","D:\OneDrive\桌面\Nature Portfolio_Project\00_SCIENTIFIC_REPORTS_RESEARCH_ARCHIVE_20261005\07_D07_FLOOD_EVENT\05_D07E_IMERG\01_RAW\3B-HHR.MS.MRG.3IMERG.20250319-S190000-E192959.1140.V07B.HDF5","7.5",".hdf5","NASA GPM IMERG","flood-event derived product","EXTERNAL_NOT_COMMITTED","ORIGINAL_PROVIDER","Excluded from ordinary Git tracking by repository preparation rules"
"EXT00259","D07","3B-HHR.MS.MRG.3IMERG.20250319-S190000-E192959.1140.V07B.HDF5","D:\OneDrive\桌面\Nature Portfolio_Project\00_SCIENTIFIC_REPORTS_RESEARCH_ARCHIVE_20261005\07_D07_FLOOD_EVENT\D07E_IMERG\RAW_HDF5\3B-HHR.MS.MRG.3IMERG.20250319-S190000-E192959.1140.V07B.HDF5","7.5",".hdf5","NASA GPM IMERG","flood-event derived product","EXTERNAL_NOT_COMMITTED","ORIGINAL_PROVIDER","Excluded from ordinary Git tracking by repository preparation rules"
"EXT00103","D07","3B-HHR.MS.MRG.3IMERG.20250319-S193000-E195959.1170.V07B.HDF5","D:\OneDrive\桌面\Nature Portfolio_Project\00_SCIENTIFIC_REPORTS_RESEARCH_ARCHIVE_20261005\07_D07_FLOOD_EVENT\05_D07E_IMERG\01_RAW\3B-HHR.MS.MRG.3IMERG.20250319-S193000-E195959.1170.V07B.HDF5","7.5424",".hdf5","NASA GPM IMERG","flood-event derived product","EXTERNAL_NOT_COMMITTED","ORIGINAL_PROVIDER","Excluded from ordinary Git tracking by repository preparation rules"
"EXT00260","D07","3B-HHR.MS.MRG.3IMERG.20250319-S193000-E195959.1170.V07B.HDF5","D:\OneDrive\桌面\Nature Portfolio_Project\00_SCIENTIFIC_REPORTS_RESEARCH_ARCHIVE_20261005\07_D07_FLOOD_EVENT\D07E_IMERG\RAW_HDF5\3B-HHR.MS.MRG.3IMERG.20250319-S193000-E195959.1170.V07B.HDF5","7.5424",".hdf5","NASA GPM IMERG","flood-event derived product","EXTERNAL_NOT_COMMITTED","ORIGINAL_PROVIDER","Excluded from ordinary Git tracking by repository preparation rules"
"EXT00104","D07","3B-HHR.MS.MRG.3IMERG.20250319-S200000-E202959.1200.V07B.HDF5","D:\OneDrive\桌面\Nature Portfolio_Project\00_SCIENTIFIC_REPORTS_RESEARCH_ARCHIVE_20261005\07_D07_FLOOD_EVENT\05_D07E_IMERG\01_RAW\3B-HHR.MS.MRG.3IMERG.20250319-S200000-E202959.1200.V07B.HDF5","7.5659",".hdf5","NASA GPM IMERG","flood-event derived product","EXTERNAL_NOT_COMMITTED","ORIGINAL_PROVIDER","Excluded from ordinary Git tracking by repository preparation rules"
"EXT00261","D07","3B-HHR.MS.MRG.3IMERG.20250319-S200000-E202959.1200.V07B.HDF5","D:\OneDrive\桌面\Nature Portfolio_Project\00_SCIENTIFIC_REPORTS_RESEARCH_ARCHIVE_20261005\07_D07_FLOOD_EVENT\D07E_IMERG\RAW_HDF5\3B-HHR.MS.MRG.3IMERG.20250319-S200000-E202959.1200.V07B.HDF5","7.5659",".hdf5","NASA GPM IMERG","flood-event derived product","EXTERNAL_NOT_COMMITTED","ORIGINAL_PROVIDER","Excluded from ordinary Git tracking by repository preparation rules"
"EXT00105","D07","3B-HHR.MS.MRG.3IMERG.20250319-S203000-E205959.1230.V07B.HDF5","D:\OneDrive\桌面\Nature Portfolio_Project\00_SCIENTIFIC_REPORTS_RESEARCH_ARCHIVE_20261005\07_D07_FLOOD_EVENT\05_D07E_IMERG\01_RAW\3B-HHR.MS.MRG.3IMERG.20250319-S203000-E205959.1230.V07B.HDF5","7.5425",".hdf5","NASA GPM IMERG","flood-event derived product","EXTERNAL_NOT_COMMITTED","ORIGINAL_PROVIDER","Excluded from ordinary Git tracking by repository preparation rules"
"EXT00262","D07","3B-HHR.MS.MRG.3IMERG.20250319-S203000-E205959.1230.V07B.HDF5","D:\OneDrive\桌面\Nature Portfolio_Project\00_SCIENTIFIC_REPORTS_RESEARCH_ARCHIVE_20261005\07_D07_FLOOD_EVENT\D07E_IMERG\RAW_HDF5\3B-HHR.MS.MRG.3IMERG.20250319-S203000-E205959.1230.V07B.HDF5","7.5425",".hdf5","NASA GPM IMERG","flood-event derived product","EXTERNAL_NOT_COMMITTED","ORIGINAL_PROVIDER","Excluded from ordinary Git tracking by repository preparation rules"
"EXT00106","D07","3B-HHR.MS.MRG.3IMERG.20250319-S210000-E212959.1260.V07B.HDF5","D:\OneDrive\桌面\Nature Portfolio_Project\00_SCIENTIFIC_REPORTS_RESEARCH_ARCHIVE_20261005\07_D07_FLOOD_EVENT\05_D07E_IMERG\01_RAW\3B-HHR.MS.MRG.3IMERG.20250319-S210000-E212959.1260.V07B.HDF5","7.5728",".hdf5","NASA GPM IMERG","flood-event derived product","EXTERNAL_NOT_COMMITTED","ORIGINAL_PROVIDER","Excluded from ordinary Git tracking by repository preparation rules"
"EXT00263","D07","3B-HHR.MS.MRG.3IMERG.20250319-S210000-E212959.1260.V07B.HDF5","D:\OneDrive\桌面\Nature Portfolio_Project\00_SCIENTIFIC_REPORTS_RESEARCH_ARCHIVE_20261005\07_D07_FLOOD_EVENT\D07E_IMERG\RAW_HDF5\3B-HHR.MS.MRG.3IMERG.20250319-S210000-E212959.1260.V07B.HDF5","7.5728",".hdf5","NASA GPM IMERG","flood-event derived product","EXTERNAL_NOT_COMMITTED","ORIGINAL_PROVIDER","Excluded from ordinary Git tracking by repository preparation rules"
"EXT00107","D07","3B-HHR.MS.MRG.3IMERG.20250319-S213000-E215959.1290.V07B.HDF5","D:\OneDrive\桌面\Nature Portfolio_Project\00_SCIENTIFIC_REPORTS_RESEARCH_ARCHIVE_20261005\07_D07_FLOOD_EVENT\05_D07E_IMERG\01_RAW\3B-HHR.MS.MRG.3IMERG.20250319-S213000-E215959.1290.V07B.HDF5","7.4207",".hdf5","NASA GPM IMERG","flood-event derived product","EXTERNAL_NOT_COMMITTED","ORIGINAL_PROVIDER","Excluded from ordinary Git tracking by repository preparation rules"
"EXT00264","D07","3B-HHR.MS.MRG.3IMERG.20250319-S213000-E215959.1290.V07B.HDF5","D:\OneDrive\桌面\Nature Portfolio_Project\00_SCIENTIFIC_REPORTS_RESEARCH_ARCHIVE_20261005\07_D07_FLOOD_EVENT\D07E_IMERG\RAW_HDF5\3B-HHR.MS.MRG.3IMERG.20250319-S213000-E215959.1290.V07B.HDF5","7.4207",".hdf5","NASA GPM IMERG","flood-event derived product","EXTERNAL_NOT_COMMITTED","ORIGINAL_PROVIDER","Excluded from ordinary Git tracking by repository preparation rules"
"EXT00108","D07","3B-HHR.MS.MRG.3IMERG.20250319-S220000-E222959.1320.V07B.HDF5","D:\OneDrive\桌面\Nature Portfolio_Project\00_SCIENTIFIC_REPORTS_RESEARCH_ARCHIVE_20261005\07_D07_FLOOD_EVENT\05_D07E_IMERG\01_RAW\3B-HHR.MS.MRG.3IMERG.20250319-S220000-E222959.1320.V07B.HDF5","7.5748",".hdf5","NASA GPM IMERG","flood-event derived product","EXTERNAL_NOT_COMMITTED","ORIGINAL_PROVIDER","Excluded from ordinary Git tracking by repository preparation rules"
"EXT00265","D07","3B-HHR.MS.MRG.3IMERG.20250319-S220000-E222959.1320.V07B.HDF5","D:\OneDrive\桌面\Nature Portfolio_Project\00_SCIENTIFIC_REPORTS_RESEARCH_ARCHIVE_20261005\07_D07_FLOOD_EVENT\D07E_IMERG\RAW_HDF5\3B-HHR.MS.MRG.3IMERG.20250319-S220000-E222959.1320.V07B.HDF5","7.5748",".hdf5","NASA GPM IMERG","flood-event derived product","EXTERNAL_NOT_COMMITTED","ORIGINAL_PROVIDER","Excluded from ordinary Git tracking by repository preparation rules"
"EXT00109","D07","3B-HHR.MS.MRG.3IMERG.20250319-S223000-E225959.1350.V07B.HDF5","D:\OneDrive\桌面\Nature Portfolio_Project\00_SCIENTIFIC_REPORTS_RESEARCH_ARCHIVE_20261005\07_D07_FLOOD_EVENT\05_D07E_IMERG\01_RAW\3B-HHR.MS.MRG.3IMERG.20250319-S223000-E225959.1350.V07B.HDF5","7.3034",".hdf5","NASA GPM IMERG","flood-event derived product","EXTERNAL_NOT_COMMITTED","ORIGINAL_PROVIDER","Excluded from ordinary Git tracking by repository preparation rules"
"EXT00266","D07","3B-HHR.MS.MRG.3IMERG.20250319-S223000-E225959.1350.V07B.HDF5","D:\OneDrive\桌面\Nature Portfolio_Project\00_SCIENTIFIC_REPORTS_RESEARCH_ARCHIVE_20261005\07_D07_FLOOD_EVENT\D07E_IMERG\RAW_HDF5\3B-HHR.MS.MRG.3IMERG.20250319-S223000-E225959.1350.V07B.HDF5","7.3034",".hdf5","NASA GPM IMERG","flood-event derived product","EXTERNAL_NOT_COMMITTED","ORIGINAL_PROVIDER","Excluded from ordinary Git tracking by repository preparation rules"
"EXT00110","D07","3B-HHR.MS.MRG.3IMERG.20250319-S230000-E232959.1380.V07B.HDF5","D:\OneDrive\桌面\Nature Portfolio_Project\00_SCIENTIFIC_REPORTS_RESEARCH_ARCHIVE_20261005\07_D07_FLOOD_EVENT\05_D07E_IMERG\01_RAW\3B-HHR.MS.MRG.3IMERG.20250319-S230000-E232959.1380.V07B.HDF5","7.3717",".hdf5","NASA GPM IMERG","flood-event derived product","EXTERNAL_NOT_COMMITTED","ORIGINAL_PROVIDER","Excluded from ordinary Git tracking by repository preparation rules"
"EXT00267","D07","3B-HHR.MS.MRG.3IMERG.20250319-S230000-E232959.1380.V07B.HDF5","D:\OneDrive\桌面\Nature Portfolio_Project\00_SCIENTIFIC_REPORTS_RESEARCH_ARCHIVE_20261005\07_D07_FLOOD_EVENT\D07E_IMERG\RAW_HDF5\3B-HHR.MS.MRG.3IMERG.20250319-S230000-E232959.1380.V07B.HDF5","7.3717",".hdf5","NASA GPM IMERG","flood-event derived product","EXTERNAL_NOT_COMMITTED","ORIGINAL_PROVIDER","Excluded from ordinary Git tracking by repository preparation rules"
"EXT00111","D07","3B-HHR.MS.MRG.3IMERG.20250319-S233000-E235959.1410.V07B.HDF5","D:\OneDrive\桌面\Nature Portfolio_Project\00_SCIENTIFIC_REPORTS_RESEARCH_ARCHIVE_20261005\07_D07_FLOOD_EVENT\05_D07E_IMERG\01_RAW\3B-HHR.MS.MRG.3IMERG.20250319-S233000-E235959.1410.V07B.HDF5","7.3741",".hdf5","NASA GPM IMERG","flood-event derived product","EXTERNAL_NOT_COMMITTED","ORIGINAL_PROVIDER","Excluded from ordinary Git tracking by repository preparation rules"
"EXT00268","D07","3B-HHR.MS.MRG.3IMERG.20250319-S233000-E235959.1410.V07B.HDF5","D:\OneDrive\桌面\Nature Portfolio_Project\00_SCIENTIFIC_REPORTS_RESEARCH_ARCHIVE_20261005\07_D07_FLOOD_EVENT\D07E_IMERG\RAW_HDF5\3B-HHR.MS.MRG.3IMERG.20250319-S233000-E235959.1410.V07B.HDF5","7.3741",".hdf5","NASA GPM IMERG","flood-event derived product","EXTERNAL_NOT_COMMITTED","ORIGINAL_PROVIDER","Excluded from ordinary Git tracking by repository preparation rules"
"EXT00112","D07","3B-HHR.MS.MRG.3IMERG.20250320-S000000-E002959.0000.V07B.HDF5","D:\OneDrive\桌面\Nature Portfolio_Project\00_SCIENTIFIC_REPORTS_RESEARCH_ARCHIVE_20261005\07_D07_FLOOD_EVENT\05_D07E_IMERG\01_RAW\3B-HHR.MS.MRG.3IMERG.20250320-S000000-E002959.0000.V07B.HDF5","7.2213",".hdf5","NASA GPM IMERG","flood-event derived product","EXTERNAL_NOT_COMMITTED","ORIGINAL_PROVIDER","Excluded from ordinary Git tracking by repository preparation rules"
"EXT00269","D07","3B-HHR.MS.MRG.3IMERG.20250320-S000000-E002959.0000.V07B.HDF5","D:\OneDrive\桌面\Nature Portfolio_Project\00_SCIENTIFIC_REPORTS_RESEARCH_ARCHIVE_20261005\07_D07_FLOOD_EVENT\D07E_IMERG\RAW_HDF5\3B-HHR.MS.MRG.3IMERG.20250320-S000000-E002959.0000.V07B.HDF5","7.2213",".hdf5","NASA GPM IMERG","flood-event derived product","EXTERNAL_NOT_COMMITTED","ORIGINAL_PROVIDER","Excluded from ordinary Git tracking by repository preparation rules"
"EXT00113","D07","3B-HHR.MS.MRG.3IMERG.20250320-S003000-E005959.0030.V07B.HDF5","D:\OneDrive\桌面\Nature Portfolio_Project\00_SCIENTIFIC_REPORTS_RESEARCH_ARCHIVE_20261005\07_D07_FLOOD_EVENT\05_D07E_IMERG\01_RAW\3B-HHR.MS.MRG.3IMERG.20250320-S003000-E005959.0030.V07B.HDF5","7.1802",".hdf5","NASA GPM IMERG","flood-event derived product","EXTERNAL_NOT_COMMITTED","ORIGINAL_PROVIDER","Excluded from ordinary Git tracking by repository preparation rules"
"EXT00270","D07","3B-HHR.MS.MRG.3IMERG.20250320-S003000-E005959.0030.V07B.HDF5","D:\OneDrive\桌面\Nature Portfolio_Project\00_SCIENTIFIC_REPORTS_RESEARCH_ARCHIVE_20261005\07_D07_FLOOD_EVENT\D07E_IMERG\RAW_HDF5\3B-HHR.MS.MRG.3IMERG.20250320-S003000-E005959.0030.V07B.HDF5","7.1802",".hdf5","NASA GPM IMERG","flood-event derived product","EXTERNAL_NOT_COMMITTED","ORIGINAL_PROVIDER","Excluded from ordinary Git tracking by repository preparation rules"
"EXT00114","D07","3B-HHR.MS.MRG.3IMERG.20250320-S010000-E012959.0060.V07B.HDF5","D:\OneDrive\桌面\Nature Portfolio_Project\00_SCIENTIFIC_REPORTS_RESEARCH_ARCHIVE_20261005\07_D07_FLOOD_EVENT\05_D07E_IMERG\01_RAW\3B-HHR.MS.MRG.3IMERG.20250320-S010000-E012959.0060.V07B.HDF5","7.2415",".hdf5","NASA GPM IMERG","flood-event derived product","EXTERNAL_NOT_COMMITTED","ORIGINAL_PROVIDER","Excluded from ordinary Git tracking by repository preparation rules"
"EXT00271","D07","3B-HHR.MS.MRG.3IMERG.20250320-S010000-E012959.0060.V07B.HDF5","D:\OneDrive\桌面\Nature Portfolio_Project\00_SCIENTIFIC_REPORTS_RESEARCH_ARCHIVE_20261005\07_D07_FLOOD_EVENT\D07E_IMERG\RAW_HDF5\3B-HHR.MS.MRG.3IMERG.20250320-S010000-E012959.0060.V07B.HDF5","7.2415",".hdf5","NASA GPM IMERG","flood-event derived product","EXTERNAL_NOT_COMMITTED","ORIGINAL_PROVIDER","Excluded from ordinary Git tracking by repository preparation rules"
"EXT00115","D07","3B-HHR.MS.MRG.3IMERG.20250320-S013000-E015959.0090.V07B.HDF5","D:\OneDrive\桌面\Nature Portfolio_Project\00_SCIENTIFIC_REPORTS_RESEARCH_ARCHIVE_20261005\07_D07_FLOOD_EVENT\05_D07E_IMERG\01_RAW\3B-HHR.MS.MRG.3IMERG.20250320-S013000-E015959.0090.V07B.HDF5","7.2657",".hdf5","NASA GPM IMERG","flood-event derived product","EXTERNAL_NOT_COMMITTED","ORIGINAL_PROVIDER","Excluded from ordinary Git tracking by repository preparation rules"
"EXT00272","D07","3B-HHR.MS.MRG.3IMERG.20250320-S013000-E015959.0090.V07B.HDF5","D:\OneDrive\桌面\Nature Portfolio_Project\00_SCIENTIFIC_REPORTS_RESEARCH_ARCHIVE_20261005\07_D07_FLOOD_EVENT\D07E_IMERG\RAW_HDF5\3B-HHR.MS.MRG.3IMERG.20250320-S013000-E015959.0090.V07B.HDF5","7.2657",".hdf5","NASA GPM IMERG","flood-event derived product","EXTERNAL_NOT_COMMITTED","ORIGINAL_PROVIDER","Excluded from ordinary Git tracking by repository preparation rules"
"EXT00116","D07","3B-HHR.MS.MRG.3IMERG.20250320-S020000-E022959.0120.V07B.HDF5","D:\OneDrive\桌面\Nature Portfolio_Project\00_SCIENTIFIC_REPORTS_RESEARCH_ARCHIVE_20261005\07_D07_FLOOD_EVENT\05_D07E_IMERG\01_RAW\3B-HHR.MS.MRG.3IMERG.20250320-S020000-E022959.0120.V07B.HDF5","7.2543",".hdf5","NASA GPM IMERG","flood-event derived product","EXTERNAL_NOT_COMMITTED","ORIGINAL_PROVIDER","Excluded from ordinary Git tracking by repository preparation rules"
"EXT00273","D07","3B-HHR.MS.MRG.3IMERG.20250320-S020000-E022959.0120.V07B.HDF5","D:\OneDrive\桌面\Nature Portfolio_Project\00_SCIENTIFIC_REPORTS_RESEARCH_ARCHIVE_20261005\07_D07_FLOOD_EVENT\D07E_IMERG\RAW_HDF5\3B-HHR.MS.MRG.3IMERG.20250320-S020000-E022959.0120.V07B.HDF5","7.2543",".hdf5","NASA GPM IMERG","flood-event derived product","EXTERNAL_NOT_COMMITTED","ORIGINAL_PROVIDER","Excluded from ordinary Git tracking by repository preparation rules"
"EXT00117","D07","3B-HHR.MS.MRG.3IMERG.20250320-S023000-E025959.0150.V07B.HDF5","D:\OneDrive\桌面\Nature Portfolio_Project\00_SCIENTIFIC_REPORTS_RESEARCH_ARCHIVE_20261005\07_D07_FLOOD_EVENT\05_D07E_IMERG\01_RAW\3B-HHR.MS.MRG.3IMERG.20250320-S023000-E025959.0150.V07B.HDF5","7.3374",".hdf5","NASA GPM IMERG","flood-event derived product","EXTERNAL_NOT_COMMITTED","ORIGINAL_PROVIDER","Excluded from ordinary Git tracking by repository preparation rules"
"EXT00274","D07","3B-HHR.MS.MRG.3IMERG.20250320-S023000-E025959.0150.V07B.HDF5","D:\OneDrive\桌面\Nature Portfolio_Project\00_SCIENTIFIC_REPORTS_RESEARCH_ARCHIVE_20261005\07_D07_FLOOD_EVENT\D07E_IMERG\RAW_HDF5\3B-HHR.MS.MRG.3IMERG.20250320-S023000-E025959.0150.V07B.HDF5","7.3374",".hdf5","NASA GPM IMERG","flood-event derived product","EXTERNAL_NOT_COMMITTED","ORIGINAL_PROVIDER","Excluded from ordinary Git tracking by repository preparation rules"
"EXT00118","D07","3B-HHR.MS.MRG.3IMERG.20250320-S030000-E032959.0180.V07B.HDF5","D:\OneDrive\桌面\Nature Portfolio_Project\00_SCIENTIFIC_REPORTS_RESEARCH_ARCHIVE_20261005\07_D07_FLOOD_EVENT\05_D07E_IMERG\01_RAW\3B-HHR.MS.MRG.3IMERG.20250320-S030000-E032959.0180.V07B.HDF5","7.3274",".hdf5","NASA GPM IMERG","flood-event derived product","EXTERNAL_NOT_COMMITTED","ORIGINAL_PROVIDER","Excluded from ordinary Git tracking by repository preparation rules"
"EXT00275","D07","3B-HHR.MS.MRG.3IMERG.20250320-S030000-E032959.0180.V07B.HDF5","D:\OneDrive\桌面\Nature Portfolio_Project\00_SCIENTIFIC_REPORTS_RESEARCH_ARCHIVE_20261005\07_D07_FLOOD_EVENT\D07E_IMERG\RAW_HDF5\3B-HHR.MS.MRG.3IMERG.20250320-S030000-E032959.0180.V07B.HDF5","7.3274",".hdf5","NASA GPM IMERG","flood-event derived product","EXTERNAL_NOT_COMMITTED","ORIGINAL_PROVIDER","Excluded from ordinary Git tracking by repository preparation rules"
"EXT00119","D07","3B-HHR.MS.MRG.3IMERG.20250320-S033000-E035959.0210.V07B.HDF5","D:\OneDrive\桌面\Nature Portfolio_Project\00_SCIENTIFIC_REPORTS_RESEARCH_ARCHIVE_20261005\07_D07_FLOOD_EVENT\05_D07E_IMERG\01_RAW\3B-HHR.MS.MRG.3IMERG.20250320-S033000-E035959.0210.V07B.HDF5","7.2126",".hdf5","NASA GPM IMERG","flood-event derived product","EXTERNAL_NOT_COMMITTED","ORIGINAL_PROVIDER","Excluded from ordinary Git tracking by repository preparation rules"
"EXT00276","D07","3B-HHR.MS.MRG.3IMERG.20250320-S033000-E035959.0210.V07B.HDF5","D:\OneDrive\桌面\Nature Portfolio_Project\00_SCIENTIFIC_REPORTS_RESEARCH_ARCHIVE_20261005\07_D07_FLOOD_EVENT\D07E_IMERG\RAW_HDF5\3B-HHR.MS.MRG.3IMERG.20250320-S033000-E035959.0210.V07B.HDF5","7.2126",".hdf5","NASA GPM IMERG","flood-event derived product","EXTERNAL_NOT_COMMITTED","ORIGINAL_PROVIDER","Excluded from ordinary Git tracking by repository preparation rules"
"EXT00120","D07","3B-HHR.MS.MRG.3IMERG.20250320-S040000-E042959.0240.V07B.HDF5","D:\OneDrive\桌面\Nature Portfolio_Project\00_SCIENTIFIC_REPORTS_RESEARCH_ARCHIVE_20261005\07_D07_FLOOD_EVENT\05_D07E_IMERG\01_RAW\3B-HHR.MS.MRG.3IMERG.20250320-S040000-E042959.0240.V07B.HDF5","7.4511",".hdf5","NASA GPM IMERG","flood-event derived product","EXTERNAL_NOT_COMMITTED","ORIGINAL_PROVIDER","Excluded from ordinary Git tracking by repository preparation rules"
"EXT00277","D07","3B-HHR.MS.MRG.3IMERG.20250320-S040000-E042959.0240.V07B.HDF5","D:\OneDrive\桌面\Nature Portfolio_Project\00_SCIENTIFIC_REPORTS_RESEARCH_ARCHIVE_20261005\07_D07_FLOOD_EVENT\D07E_IMERG\RAW_HDF5\3B-HHR.MS.MRG.3IMERG.20250320-S040000-E042959.0240.V07B.HDF5","7.4511",".hdf5","NASA GPM IMERG","flood-event derived product","EXTERNAL_NOT_COMMITTED","ORIGINAL_PROVIDER","Excluded from ordinary Git tracking by repository preparation rules"
"EXT00121","D07","3B-HHR.MS.MRG.3IMERG.20250320-S043000-E045959.0270.V07B.HDF5","D:\OneDrive\桌面\Nature Portfolio_Project\00_SCIENTIFIC_REPORTS_RESEARCH_ARCHIVE_20261005\07_D07_FLOOD_EVENT\05_D07E_IMERG\01_RAW\3B-HHR.MS.MRG.3IMERG.20250320-S043000-E045959.0270.V07B.HDF5","7.286",".hdf5","NASA GPM IMERG","flood-event derived product","EXTERNAL_NOT_COMMITTED","ORIGINAL_PROVIDER","Excluded from ordinary Git tracking by repository preparation rules"
"EXT00278","D07","3B-HHR.MS.MRG.3IMERG.20250320-S043000-E045959.0270.V07B.HDF5","D:\OneDrive\桌面\Nature Portfolio_Project\00_SCIENTIFIC_REPORTS_RESEARCH_ARCHIVE_20261005\07_D07_FLOOD_EVENT\D07E_IMERG\RAW_HDF5\3B-HHR.MS.MRG.3IMERG.20250320-S043000-E045959.0270.V07B.HDF5","7.286",".hdf5","NASA GPM IMERG","flood-event derived product","EXTERNAL_NOT_COMMITTED","ORIGINAL_PROVIDER","Excluded from ordinary Git tracking by repository preparation rules"
"EXT00122","D07","3B-HHR.MS.MRG.3IMERG.20250320-S050000-E052959.0300.V07B.HDF5","D:\OneDrive\桌面\Nature Portfolio_Project\00_SCIENTIFIC_REPORTS_RESEARCH_ARCHIVE_20261005\07_D07_FLOOD_EVENT\05_D07E_IMERG\01_RAW\3B-HHR.MS.MRG.3IMERG.20250320-S050000-E052959.0300.V07B.HDF5","7.264",".hdf5","NASA GPM IMERG","flood-event derived product","EXTERNAL_NOT_COMMITTED","ORIGINAL_PROVIDER","Excluded from ordinary Git tracking by repository preparation rules"
"EXT00279","D07","3B-HHR.MS.MRG.3IMERG.20250320-S050000-E052959.0300.V07B.HDF5","D:\OneDrive\桌面\Nature Portfolio_Project\00_SCIENTIFIC_REPORTS_RESEARCH_ARCHIVE_20261005\07_D07_FLOOD_EVENT\D07E_IMERG\RAW_HDF5\3B-HHR.MS.MRG.3IMERG.20250320-S050000-E052959.0300.V07B.HDF5","7.264",".hdf5","NASA GPM IMERG","flood-event derived product","EXTERNAL_NOT_COMMITTED","ORIGINAL_PROVIDER","Excluded from ordinary Git tracking by repository preparation rules"
"EXT00123","D07","3B-HHR.MS.MRG.3IMERG.20250320-S053000-E055959.0330.V07B.HDF5","D:\OneDrive\桌面\Nature Portfolio_Project\00_SCIENTIFIC_REPORTS_RESEARCH_ARCHIVE_20261005\07_D07_FLOOD_EVENT\05_D07E_IMERG\01_RAW\3B-HHR.MS.MRG.3IMERG.20250320-S053000-E055959.0330.V07B.HDF5","7.2746",".hdf5","NASA GPM IMERG","flood-event derived product","EXTERNAL_NOT_COMMITTED","ORIGINAL_PROVIDER","Excluded from ordinary Git tracking by repository preparation rules"
"EXT00280","D07","3B-HHR.MS.MRG.3IMERG.20250320-S053000-E055959.0330.V07B.HDF5","D:\OneDrive\桌面\Nature Portfolio_Project\00_SCIENTIFIC_REPORTS_RESEARCH_ARCHIVE_20261005\07_D07_FLOOD_EVENT\D07E_IMERG\RAW_HDF5\3B-HHR.MS.MRG.3IMERG.20250320-S053000-E055959.0330.V07B.HDF5","7.2746",".hdf5","NASA GPM IMERG","flood-event derived product","EXTERNAL_NOT_COMMITTED","ORIGINAL_PROVIDER","Excluded from ordinary Git tracking by repository preparation rules"
"EXT00124","D07","3B-HHR.MS.MRG.3IMERG.20250320-S060000-E062959.0360.V07B.HDF5","D:\OneDrive\桌面\Nature Portfolio_Project\00_SCIENTIFIC_REPORTS_RESEARCH_ARCHIVE_20261005\07_D07_FLOOD_EVENT\05_D07E_IMERG\01_RAW\3B-HHR.MS.MRG.3IMERG.20250320-S060000-E062959.0360.V07B.HDF5","7.2297",".hdf5","NASA GPM IMERG","flood-event derived product","EXTERNAL_NOT_COMMITTED","ORIGINAL_PROVIDER","Excluded from ordinary Git tracking by repository preparation rules"
"EXT00281","D07","3B-HHR.MS.MRG.3IMERG.20250320-S060000-E062959.0360.V07B.HDF5","D:\OneDrive\桌面\Nature Portfolio_Project\00_SCIENTIFIC_REPORTS_RESEARCH_ARCHIVE_20261005\07_D07_FLOOD_EVENT\D07E_IMERG\RAW_HDF5\3B-HHR.MS.MRG.3IMERG.20250320-S060000-E062959.0360.V07B.HDF5","7.2297",".hdf5","NASA GPM IMERG","flood-event derived product","EXTERNAL_NOT_COMMITTED","ORIGINAL_PROVIDER","Excluded from ordinary Git tracking by repository preparation rules"
"EXT00125","D07","3B-HHR.MS.MRG.3IMERG.20250320-S063000-E065959.0390.V07B.HDF5","D:\OneDrive\桌面\Nature Portfolio_Project\00_SCIENTIFIC_REPORTS_RESEARCH_ARCHIVE_20261005\07_D07_FLOOD_EVENT\05_D07E_IMERG\01_RAW\3B-HHR.MS.MRG.3IMERG.20250320-S063000-E065959.0390.V07B.HDF5","7.2569",".hdf5","NASA GPM IMERG","flood-event derived product","EXTERNAL_NOT_COMMITTED","ORIGINAL_PROVIDER","Excluded from ordinary Git tracking by repository preparation rules"
"EXT00282","D07","3B-HHR.MS.MRG.3IMERG.20250320-S063000-E065959.0390.V07B.HDF5","D:\OneDrive\桌面\Nature Portfolio_Project\00_SCIENTIFIC_REPORTS_RESEARCH_ARCHIVE_20261005\07_D07_FLOOD_EVENT\D07E_IMERG\RAW_HDF5\3B-HHR.MS.MRG.3IMERG.20250320-S063000-E065959.0390.V07B.HDF5","7.2569",".hdf5","NASA GPM IMERG","flood-event derived product","EXTERNAL_NOT_COMMITTED","ORIGINAL_PROVIDER","Excluded from ordinary Git tracking by repository preparation rules"
"EXT00126","D07","3B-HHR.MS.MRG.3IMERG.20250320-S070000-E072959.0420.V07B.HDF5","D:\OneDrive\桌面\Nature Portfolio_Project\00_SCIENTIFIC_REPORTS_RESEARCH_ARCHIVE_20261005\07_D07_FLOOD_EVENT\05_D07E_IMERG\01_RAW\3B-HHR.MS.MRG.3IMERG.20250320-S070000-E072959.0420.V07B.HDF5","7.1919",".hdf5","NASA GPM IMERG","flood-event derived product","EXTERNAL_NOT_COMMITTED","ORIGINAL_PROVIDER","Excluded from ordinary Git tracking by repository preparation rules"
"EXT00283","D07","3B-HHR.MS.MRG.3IMERG.20250320-S070000-E072959.0420.V07B.HDF5","D:\OneDrive\桌面\Nature Portfolio_Project\00_SCIENTIFIC_REPORTS_RESEARCH_ARCHIVE_20261005\07_D07_FLOOD_EVENT\D07E_IMERG\RAW_HDF5\3B-HHR.MS.MRG.3IMERG.20250320-S070000-E072959.0420.V07B.HDF5","7.1919",".hdf5","NASA GPM IMERG","flood-event derived product","EXTERNAL_NOT_COMMITTED","ORIGINAL_PROVIDER","Excluded from ordinary Git tracking by repository preparation rules"
"EXT00127","D07","3B-HHR.MS.MRG.3IMERG.20250320-S073000-E075959.0450.V07B.HDF5","D:\OneDrive\桌面\Nature Portfolio_Project\00_SCIENTIFIC_REPORTS_RESEARCH_ARCHIVE_20261005\07_D07_FLOOD_EVENT\05_D07E_IMERG\01_RAW\3B-HHR.MS.MRG.3IMERG.20250320-S073000-E075959.0450.V07B.HDF5","7.1451",".hdf5","NASA GPM IMERG","flood-event derived product","EXTERNAL_NOT_COMMITTED","ORIGINAL_PROVIDER","Excluded from ordinary Git tracking by repository preparation rules"
"EXT00284","D07","3B-HHR.MS.MRG.3IMERG.20250320-S073000-E075959.0450.V07B.HDF5","D:\OneDrive\桌面\Nature Portfolio_Project\00_SCIENTIFIC_REPORTS_RESEARCH_ARCHIVE_20261005\07_D07_FLOOD_EVENT\D07E_IMERG\RAW_HDF5\3B-HHR.MS.MRG.3IMERG.20250320-S073000-E075959.0450.V07B.HDF5","7.1451",".hdf5","NASA GPM IMERG","flood-event derived product","EXTERNAL_NOT_COMMITTED","ORIGINAL_PROVIDER","Excluded from ordinary Git tracking by repository preparation rules"
"EXT00128","D07","3B-HHR.MS.MRG.3IMERG.20250320-S080000-E082959.0480.V07B.HDF5","D:\OneDrive\桌面\Nature Portfolio_Project\00_SCIENTIFIC_REPORTS_RESEARCH_ARCHIVE_20261005\07_D07_FLOOD_EVENT\05_D07E_IMERG\01_RAW\3B-HHR.MS.MRG.3IMERG.20250320-S080000-E082959.0480.V07B.HDF5","7.2794",".hdf5","NASA GPM IMERG","flood-event derived product","EXTERNAL_NOT_COMMITTED","ORIGINAL_PROVIDER","Excluded from ordinary Git tracking by repository preparation rules"
"EXT00285","D07","3B-HHR.MS.MRG.3IMERG.20250320-S080000-E082959.0480.V07B.HDF5","D:\OneDrive\桌面\Nature Portfolio_Project\00_SCIENTIFIC_REPORTS_RESEARCH_ARCHIVE_20261005\07_D07_FLOOD_EVENT\D07E_IMERG\RAW_HDF5\3B-HHR.MS.MRG.3IMERG.20250320-S080000-E082959.0480.V07B.HDF5","7.2794",".hdf5","NASA GPM IMERG","flood-event derived product","EXTERNAL_NOT_COMMITTED","ORIGINAL_PROVIDER","Excluded from ordinary Git tracking by repository preparation rules"
"EXT00129","D07","3B-HHR.MS.MRG.3IMERG.20250320-S083000-E085959.0510.V07B.HDF5","D:\OneDrive\桌面\Nature Portfolio_Project\00_SCIENTIFIC_REPORTS_RESEARCH_ARCHIVE_20261005\07_D07_FLOOD_EVENT\05_D07E_IMERG\01_RAW\3B-HHR.MS.MRG.3IMERG.20250320-S083000-E085959.0510.V07B.HDF5","7.1973",".hdf5","NASA GPM IMERG","flood-event derived product","EXTERNAL_NOT_COMMITTED","ORIGINAL_PROVIDER","Excluded from ordinary Git tracking by repository preparation rules"
"EXT00286","D07","3B-HHR.MS.MRG.3IMERG.20250320-S083000-E085959.0510.V07B.HDF5","D:\OneDrive\桌面\Nature Portfolio_Project\00_SCIENTIFIC_REPORTS_RESEARCH_ARCHIVE_20261005\07_D07_FLOOD_EVENT\D07E_IMERG\RAW_HDF5\3B-HHR.MS.MRG.3IMERG.20250320-S083000-E085959.0510.V07B.HDF5","7.1973",".hdf5","NASA GPM IMERG","flood-event derived product","EXTERNAL_NOT_COMMITTED","ORIGINAL_PROVIDER","Excluded from ordinary Git tracking by repository preparation rules"
"EXT00130","D07","3B-HHR.MS.MRG.3IMERG.20250320-S090000-E092959.0540.V07B.HDF5","D:\OneDrive\桌面\Nature Portfolio_Project\00_SCIENTIFIC_REPORTS_RESEARCH_ARCHIVE_20261005\07_D07_FLOOD_EVENT\05_D07E_IMERG\01_RAW\3B-HHR.MS.MRG.3IMERG.20250320-S090000-E092959.0540.V07B.HDF5","7.2088",".hdf5","NASA GPM IMERG","flood-event derived product","EXTERNAL_NOT_COMMITTED","ORIGINAL_PROVIDER","Excluded from ordinary Git tracking by repository preparation rules"
"EXT00287","D07","3B-HHR.MS.MRG.3IMERG.20250320-S090000-E092959.0540.V07B.HDF5","D:\OneDrive\桌面\Nature Portfolio_Project\00_SCIENTIFIC_REPORTS_RESEARCH_ARCHIVE_20261005\07_D07_FLOOD_EVENT\D07E_IMERG\RAW_HDF5\3B-HHR.MS.MRG.3IMERG.20250320-S090000-E092959.0540.V07B.HDF5","7.2088",".hdf5","NASA GPM IMERG","flood-event derived product","EXTERNAL_NOT_COMMITTED","ORIGINAL_PROVIDER","Excluded from ordinary Git tracking by repository preparation rules"
"EXT00131","D07","3B-HHR.MS.MRG.3IMERG.20250320-S093000-E095959.0570.V07B.HDF5","D:\OneDrive\桌面\Nature Portfolio_Project\00_SCIENTIFIC_REPORTS_RESEARCH_ARCHIVE_20261005\07_D07_FLOOD_EVENT\05_D07E_IMERG\01_RAW\3B-HHR.MS.MRG.3IMERG.20250320-S093000-E095959.0570.V07B.HDF5","7.2141",".hdf5","NASA GPM IMERG","flood-event derived product","EXTERNAL_NOT_COMMITTED","ORIGINAL_PROVIDER","Excluded from ordinary Git tracking by repository preparation rules"
"EXT00288","D07","3B-HHR.MS.MRG.3IMERG.20250320-S093000-E095959.0570.V07B.HDF5","D:\OneDrive\桌面\Nature Portfolio_Project\00_SCIENTIFIC_REPORTS_RESEARCH_ARCHIVE_20261005\07_D07_FLOOD_EVENT\D07E_IMERG\RAW_HDF5\3B-HHR.MS.MRG.3IMERG.20250320-S093000-E095959.0570.V07B.HDF5","7.2141",".hdf5","NASA GPM IMERG","flood-event derived product","EXTERNAL_NOT_COMMITTED","ORIGINAL_PROVIDER","Excluded from ordinary Git tracking by repository preparation rules"
"EXT00132","D07","3B-HHR.MS.MRG.3IMERG.20250320-S100000-E102959.0600.V07B.HDF5","D:\OneDrive\桌面\Nature Portfolio_Project\00_SCIENTIFIC_REPORTS_RESEARCH_ARCHIVE_20261005\07_D07_FLOOD_EVENT\05_D07E_IMERG\01_RAW\3B-HHR.MS.MRG.3IMERG.20250320-S100000-E102959.0600.V07B.HDF5","7.1461",".hdf5","NASA GPM IMERG","flood-event derived product","EXTERNAL_NOT_COMMITTED","ORIGINAL_PROVIDER","Excluded from ordinary Git tracking by repository preparation rules"
"EXT00289","D07","3B-HHR.MS.MRG.3IMERG.20250320-S100000-E102959.0600.V07B.HDF5","D:\OneDrive\桌面\Nature Portfolio_Project\00_SCIENTIFIC_REPORTS_RESEARCH_ARCHIVE_20261005\07_D07_FLOOD_EVENT\D07E_IMERG\RAW_HDF5\3B-HHR.MS.MRG.3IMERG.20250320-S100000-E102959.0600.V07B.HDF5","7.1461",".hdf5","NASA GPM IMERG","flood-event derived product","EXTERNAL_NOT_COMMITTED","ORIGINAL_PROVIDER","Excluded from ordinary Git tracking by repository preparation rules"
"EXT00133","D07","3B-HHR.MS.MRG.3IMERG.20250320-S103000-E105959.0630.V07B.HDF5","D:\OneDrive\桌面\Nature Portfolio_Project\00_SCIENTIFIC_REPORTS_RESEARCH_ARCHIVE_20261005\07_D07_FLOOD_EVENT\05_D07E_IMERG\01_RAW\3B-HHR.MS.MRG.3IMERG.20250320-S103000-E105959.0630.V07B.HDF5","7.1427",".hdf5","NASA GPM IMERG","flood-event derived product","EXTERNAL_NOT_COMMITTED","ORIGINAL_PROVIDER","Excluded from ordinary Git tracking by repository preparation rules"
"EXT00290","D07","3B-HHR.MS.MRG.3IMERG.20250320-S103000-E105959.0630.V07B.HDF5","D:\OneDrive\桌面\Nature Portfolio_Project\00_SCIENTIFIC_REPORTS_RESEARCH_ARCHIVE_20261005\07_D07_FLOOD_EVENT\D07E_IMERG\RAW_HDF5\3B-HHR.MS.MRG.3IMERG.20250320-S103000-E105959.0630.V07B.HDF5","7.1427",".hdf5","NASA GPM IMERG","flood-event derived product","EXTERNAL_NOT_COMMITTED","ORIGINAL_PROVIDER","Excluded from ordinary Git tracking by repository preparation rules"
"EXT00134","D07","3B-HHR.MS.MRG.3IMERG.20250320-S110000-E112959.0660.V07B.HDF5","D:\OneDrive\桌面\Nature Portfolio_Project\00_SCIENTIFIC_REPORTS_RESEARCH_ARCHIVE_20261005\07_D07_FLOOD_EVENT\05_D07E_IMERG\01_RAW\3B-HHR.MS.MRG.3IMERG.20250320-S110000-E112959.0660.V07B.HDF5","6.9998",".hdf5","NASA GPM IMERG","flood-event derived product","EXTERNAL_NOT_COMMITTED","ORIGINAL_PROVIDER","Excluded from ordinary Git tracking by repository preparation rules"
"EXT00291","D07","3B-HHR.MS.MRG.3IMERG.20250320-S110000-E112959.0660.V07B.HDF5","D:\OneDrive\桌面\Nature Portfolio_Project\00_SCIENTIFIC_REPORTS_RESEARCH_ARCHIVE_20261005\07_D07_FLOOD_EVENT\D07E_IMERG\RAW_HDF5\3B-HHR.MS.MRG.3IMERG.20250320-S110000-E112959.0660.V07B.HDF5","6.9998",".hdf5","NASA GPM IMERG","flood-event derived product","EXTERNAL_NOT_COMMITTED","ORIGINAL_PROVIDER","Excluded from ordinary Git tracking by repository preparation rules"
"EXT00135","D07","3B-HHR.MS.MRG.3IMERG.20250320-S113000-E115959.0690.V07B.HDF5","D:\OneDrive\桌面\Nature Portfolio_Project\00_SCIENTIFIC_REPORTS_RESEARCH_ARCHIVE_20261005\07_D07_FLOOD_EVENT\05_D07E_IMERG\01_RAW\3B-HHR.MS.MRG.3IMERG.20250320-S113000-E115959.0690.V07B.HDF5","7.0941",".hdf5","NASA GPM IMERG","flood-event derived product","EXTERNAL_NOT_COMMITTED","ORIGINAL_PROVIDER","Excluded from ordinary Git tracking by repository preparation rules"
"EXT00292","D07","3B-HHR.MS.MRG.3IMERG.20250320-S113000-E115959.0690.V07B.HDF5","D:\OneDrive\桌面\Nature Portfolio_Project\00_SCIENTIFIC_REPORTS_RESEARCH_ARCHIVE_20261005\07_D07_FLOOD_EVENT\D07E_IMERG\RAW_HDF5\3B-HHR.MS.MRG.3IMERG.20250320-S113000-E115959.0690.V07B.HDF5","7.0941",".hdf5","NASA GPM IMERG","flood-event derived product","EXTERNAL_NOT_COMMITTED","ORIGINAL_PROVIDER","Excluded from ordinary Git tracking by repository preparation rules"
"EXT00136","D07","3B-HHR.MS.MRG.3IMERG.20250320-S120000-E122959.0720.V07B.HDF5","D:\OneDrive\桌面\Nature Portfolio_Project\00_SCIENTIFIC_REPORTS_RESEARCH_ARCHIVE_20261005\07_D07_FLOOD_EVENT\05_D07E_IMERG\01_RAW\3B-HHR.MS.MRG.3IMERG.20250320-S120000-E122959.0720.V07B.HDF5","7.0907",".hdf5","NASA GPM IMERG","flood-event derived product","EXTERNAL_NOT_COMMITTED","ORIGINAL_PROVIDER","Excluded from ordinary Git tracking by repository preparation rules"
"EXT00293","D07","3B-HHR.MS.MRG.3IMERG.20250320-S120000-E122959.0720.V07B.HDF5","D:\OneDrive\桌面\Nature Portfolio_Project\00_SCIENTIFIC_REPORTS_RESEARCH_ARCHIVE_20261005\07_D07_FLOOD_EVENT\D07E_IMERG\RAW_HDF5\3B-HHR.MS.MRG.3IMERG.20250320-S120000-E122959.0720.V07B.HDF5","7.0907",".hdf5","NASA GPM IMERG","flood-event derived product","EXTERNAL_NOT_COMMITTED","ORIGINAL_PROVIDER","Excluded from ordinary Git tracking by repository preparation rules"
"EXT00137","D07","3B-HHR.MS.MRG.3IMERG.20250320-S123000-E125959.0750.V07B.HDF5","D:\OneDrive\桌面\Nature Portfolio_Project\00_SCIENTIFIC_REPORTS_RESEARCH_ARCHIVE_20261005\07_D07_FLOOD_EVENT\05_D07E_IMERG\01_RAW\3B-HHR.MS.MRG.3IMERG.20250320-S123000-E125959.0750.V07B.HDF5","7.0564",".hdf5","NASA GPM IMERG","flood-event derived product","EXTERNAL_NOT_COMMITTED","ORIGINAL_PROVIDER","Excluded from ordinary Git tracking by repository preparation rules"
"EXT00294","D07","3B-HHR.MS.MRG.3IMERG.20250320-S123000-E125959.0750.V07B.HDF5","D:\OneDrive\桌面\Nature Portfolio_Project\00_SCIENTIFIC_REPORTS_RESEARCH_ARCHIVE_20261005\07_D07_FLOOD_EVENT\D07E_IMERG\RAW_HDF5\3B-HHR.MS.MRG.3IMERG.20250320-S123000-E125959.0750.V07B.HDF5","7.0564",".hdf5","NASA GPM IMERG","flood-event derived product","EXTERNAL_NOT_COMMITTED","ORIGINAL_PROVIDER","Excluded from ordinary Git tracking by repository preparation rules"
"EXT00138","D07","3B-HHR.MS.MRG.3IMERG.20250320-S130000-E132959.0780.V07B.HDF5","D:\OneDrive\桌面\Nature Portfolio_Project\00_SCIENTIFIC_REPORTS_RESEARCH_ARCHIVE_20261005\07_D07_FLOOD_EVENT\05_D07E_IMERG\01_RAW\3B-HHR.MS.MRG.3IMERG.20250320-S130000-E132959.0780.V07B.HDF5","7.1192",".hdf5","NASA GPM IMERG","flood-event derived product","EXTERNAL_NOT_COMMITTED","ORIGINAL_PROVIDER","Excluded from ordinary Git tracking by repository preparation rules"
"EXT00295","D07","3B-HHR.MS.MRG.3IMERG.20250320-S130000-E132959.0780.V07B.HDF5","D:\OneDrive\桌面\Nature Portfolio_Project\00_SCIENTIFIC_REPORTS_RESEARCH_ARCHIVE_20261005\07_D07_FLOOD_EVENT\D07E_IMERG\RAW_HDF5\3B-HHR.MS.MRG.3IMERG.20250320-S130000-E132959.0780.V07B.HDF5","7.1192",".hdf5","NASA GPM IMERG","flood-event derived product","EXTERNAL_NOT_COMMITTED","ORIGINAL_PROVIDER","Excluded from ordinary Git tracking by repository preparation rules"
"EXT00139","D07","3B-HHR.MS.MRG.3IMERG.20250320-S133000-E135959.0810.V07B.HDF5","D:\OneDrive\桌面\Nature Portfolio_Project\00_SCIENTIFIC_REPORTS_RESEARCH_ARCHIVE_20261005\07_D07_FLOOD_EVENT\05_D07E_IMERG\01_RAW\3B-HHR.MS.MRG.3IMERG.20250320-S133000-E135959.0810.V07B.HDF5","7.1499",".hdf5","NASA GPM IMERG","flood-event derived product","EXTERNAL_NOT_COMMITTED","ORIGINAL_PROVIDER","Excluded from ordinary Git tracking by repository preparation rules"
"EXT00296","D07","3B-HHR.MS.MRG.3IMERG.20250320-S133000-E135959.0810.V07B.HDF5","D:\OneDrive\桌面\Nature Portfolio_Project\00_SCIENTIFIC_REPORTS_RESEARCH_ARCHIVE_20261005\07_D07_FLOOD_EVENT\D07E_IMERG\RAW_HDF5\3B-HHR.MS.MRG.3IMERG.20250320-S133000-E135959.0810.V07B.HDF5","7.1499",".hdf5","NASA GPM IMERG","flood-event derived product","EXTERNAL_NOT_COMMITTED","ORIGINAL_PROVIDER","Excluded from ordinary Git tracking by repository preparation rules"
"EXT00140","D07","3B-HHR.MS.MRG.3IMERG.20250320-S140000-E142959.0840.V07B.HDF5","D:\OneDrive\桌面\Nature Portfolio_Project\00_SCIENTIFIC_REPORTS_RESEARCH_ARCHIVE_20261005\07_D07_FLOOD_EVENT\05_D07E_IMERG\01_RAW\3B-HHR.MS.MRG.3IMERG.20250320-S140000-E142959.0840.V07B.HDF5","7.2086",".hdf5","NASA GPM IMERG","flood-event derived product","EXTERNAL_NOT_COMMITTED","ORIGINAL_PROVIDER","Excluded from ordinary Git tracking by repository preparation rules"
"EXT00297","D07","3B-HHR.MS.MRG.3IMERG.20250320-S140000-E142959.0840.V07B.HDF5","D:\OneDrive\桌面\Nature Portfolio_Project\00_SCIENTIFIC_REPORTS_RESEARCH_ARCHIVE_20261005\07_D07_FLOOD_EVENT\D07E_IMERG\RAW_HDF5\3B-HHR.MS.MRG.3IMERG.20250320-S140000-E142959.0840.V07B.HDF5","7.2086",".hdf5","NASA GPM IMERG","flood-event derived product","EXTERNAL_NOT_COMMITTED","ORIGINAL_PROVIDER","Excluded from ordinary Git tracking by repository preparation rules"
"EXT00141","D07","3B-HHR.MS.MRG.3IMERG.20250320-S143000-E145959.0870.V07B.HDF5","D:\OneDrive\桌面\Nature Portfolio_Project\00_SCIENTIFIC_REPORTS_RESEARCH_ARCHIVE_20261005\07_D07_FLOOD_EVENT\05_D07E_IMERG\01_RAW\3B-HHR.MS.MRG.3IMERG.20250320-S143000-E145959.0870.V07B.HDF5","7.27",".hdf5","NASA GPM IMERG","flood-event derived product","EXTERNAL_NOT_COMMITTED","ORIGINAL_PROVIDER","Excluded from ordinary Git tracking by repository preparation rules"
"EXT00298","D07","3B-HHR.MS.MRG.3IMERG.20250320-S143000-E145959.0870.V07B.HDF5","D:\OneDrive\桌面\Nature Portfolio_Project\00_SCIENTIFIC_REPORTS_RESEARCH_ARCHIVE_20261005\07_D07_FLOOD_EVENT\D07E_IMERG\RAW_HDF5\3B-HHR.MS.MRG.3IMERG.20250320-S143000-E145959.0870.V07B.HDF5","7.27",".hdf5","NASA GPM IMERG","flood-event derived product","EXTERNAL_NOT_COMMITTED","ORIGINAL_PROVIDER","Excluded from ordinary Git tracking by repository preparation rules"
"EXT00142","D07","3B-HHR.MS.MRG.3IMERG.20250320-S150000-E152959.0900.V07B.HDF5","D:\OneDrive\桌面\Nature Portfolio_Project\00_SCIENTIFIC_REPORTS_RESEARCH_ARCHIVE_20261005\07_D07_FLOOD_EVENT\05_D07E_IMERG\01_RAW\3B-HHR.MS.MRG.3IMERG.20250320-S150000-E152959.0900.V07B.HDF5","7.397",".hdf5","NASA GPM IMERG","flood-event derived product","EXTERNAL_NOT_COMMITTED","ORIGINAL_PROVIDER","Excluded from ordinary Git tracking by repository preparation rules"
"EXT00299","D07","3B-HHR.MS.MRG.3IMERG.20250320-S150000-E152959.0900.V07B.HDF5","D:\OneDrive\桌面\Nature Portfolio_Project\00_SCIENTIFIC_REPORTS_RESEARCH_ARCHIVE_20261005\07_D07_FLOOD_EVENT\D07E_IMERG\RAW_HDF5\3B-HHR.MS.MRG.3IMERG.20250320-S150000-E152959.0900.V07B.HDF5","7.397",".hdf5","NASA GPM IMERG","flood-event derived product","EXTERNAL_NOT_COMMITTED","ORIGINAL_PROVIDER","Excluded from ordinary Git tracking by repository preparation rules"
"EXT00143","D07","3B-HHR.MS.MRG.3IMERG.20250320-S153000-E155959.0930.V07B.HDF5","D:\OneDrive\桌面\Nature Portfolio_Project\00_SCIENTIFIC_REPORTS_RESEARCH_ARCHIVE_20261005\07_D07_FLOOD_EVENT\05_D07E_IMERG\01_RAW\3B-HHR.MS.MRG.3IMERG.20250320-S153000-E155959.0930.V07B.HDF5","7.3566",".hdf5","NASA GPM IMERG","flood-event derived product","EXTERNAL_NOT_COMMITTED","ORIGINAL_PROVIDER","Excluded from ordinary Git tracking by repository preparation rules"
"EXT00300","D07","3B-HHR.MS.MRG.3IMERG.20250320-S153000-E155959.0930.V07B.HDF5","D:\OneDrive\桌面\Nature Portfolio_Project\00_SCIENTIFIC_REPORTS_RESEARCH_ARCHIVE_20261005\07_D07_FLOOD_EVENT\D07E_IMERG\RAW_HDF5\3B-HHR.MS.MRG.3IMERG.20250320-S153000-E155959.0930.V07B.HDF5","7.3566",".hdf5","NASA GPM IMERG","flood-event derived product","EXTERNAL_NOT_COMMITTED","ORIGINAL_PROVIDER","Excluded from ordinary Git tracking by repository preparation rules"
"EXT00144","D07","3B-HHR.MS.MRG.3IMERG.20250320-S160000-E162959.0960.V07B.HDF5","D:\OneDrive\桌面\Nature Portfolio_Project\00_SCIENTIFIC_REPORTS_RESEARCH_ARCHIVE_20261005\07_D07_FLOOD_EVENT\05_D07E_IMERG\01_RAW\3B-HHR.MS.MRG.3IMERG.20250320-S160000-E162959.0960.V07B.HDF5","7.4619",".hdf5","NASA GPM IMERG","flood-event derived product","EXTERNAL_NOT_COMMITTED","ORIGINAL_PROVIDER","Excluded from ordinary Git tracking by repository preparation rules"
"EXT00301","D07","3B-HHR.MS.MRG.3IMERG.20250320-S160000-E162959.0960.V07B.HDF5","D:\OneDrive\桌面\Nature Portfolio_Project\00_SCIENTIFIC_REPORTS_RESEARCH_ARCHIVE_20261005\07_D07_FLOOD_EVENT\D07E_IMERG\RAW_HDF5\3B-HHR.MS.MRG.3IMERG.20250320-S160000-E162959.0960.V07B.HDF5","7.4619",".hdf5","NASA GPM IMERG","flood-event derived product","EXTERNAL_NOT_COMMITTED","ORIGINAL_PROVIDER","Excluded from ordinary Git tracking by repository preparation rules"
"EXT00145","D07","3B-HHR.MS.MRG.3IMERG.20250320-S163000-E165959.0990.V07B.HDF5","D:\OneDrive\桌面\Nature Portfolio_Project\00_SCIENTIFIC_REPORTS_RESEARCH_ARCHIVE_20261005\07_D07_FLOOD_EVENT\05_D07E_IMERG\01_RAW\3B-HHR.MS.MRG.3IMERG.20250320-S163000-E165959.0990.V07B.HDF5","7.4774",".hdf5","NASA GPM IMERG","flood-event derived product","EXTERNAL_NOT_COMMITTED","ORIGINAL_PROVIDER","Excluded from ordinary Git tracking by repository preparation rules"
"EXT00302","D07","3B-HHR.MS.MRG.3IMERG.20250320-S163000-E165959.0990.V07B.HDF5","D:\OneDrive\桌面\Nature Portfolio_Project\00_SCIENTIFIC_REPORTS_RESEARCH_ARCHIVE_20261005\07_D07_FLOOD_EVENT\D07E_IMERG\RAW_HDF5\3B-HHR.MS.MRG.3IMERG.20250320-S163000-E165959.0990.V07B.HDF5","7.4774",".hdf5","NASA GPM IMERG","flood-event derived product","EXTERNAL_NOT_COMMITTED","ORIGINAL_PROVIDER","Excluded from ordinary Git tracking by repository preparation rules"
"EXT00146","D07","3B-HHR.MS.MRG.3IMERG.20250320-S170000-E172959.1020.V07B.HDF5","D:\OneDrive\桌面\Nature Portfolio_Project\00_SCIENTIFIC_REPORTS_RESEARCH_ARCHIVE_20261005\07_D07_FLOOD_EVENT\05_D07E_IMERG\01_RAW\3B-HHR.MS.MRG.3IMERG.20250320-S170000-E172959.1020.V07B.HDF5","7.365",".hdf5","NASA GPM IMERG","flood-event derived product","EXTERNAL_NOT_COMMITTED","ORIGINAL_PROVIDER","Excluded from ordinary Git tracking by repository preparation rules"
"EXT00303","D07","3B-HHR.MS.MRG.3IMERG.20250320-S170000-E172959.1020.V07B.HDF5","D:\OneDrive\桌面\Nature Portfolio_Project\00_SCIENTIFIC_REPORTS_RESEARCH_ARCHIVE_20261005\07_D07_FLOOD_EVENT\D07E_IMERG\RAW_HDF5\3B-HHR.MS.MRG.3IMERG.20250320-S170000-E172959.1020.V07B.HDF5","7.365",".hdf5","NASA GPM IMERG","flood-event derived product","EXTERNAL_NOT_COMMITTED","ORIGINAL_PROVIDER","Excluded from ordinary Git tracking by repository preparation rules"
"EXT00147","D07","3B-HHR.MS.MRG.3IMERG.20250320-S173000-E175959.1050.V07B.HDF5","D:\OneDrive\桌面\Nature Portfolio_Project\00_SCIENTIFIC_REPORTS_RESEARCH_ARCHIVE_20261005\07_D07_FLOOD_EVENT\05_D07E_IMERG\01_RAW\3B-HHR.MS.MRG.3IMERG.20250320-S173000-E175959.1050.V07B.HDF5","7.4575",".hdf5","NASA GPM IMERG","flood-event derived product","EXTERNAL_NOT_COMMITTED","ORIGINAL_PROVIDER","Excluded from ordinary Git tracking by repository preparation rules"
"EXT00304","D07","3B-HHR.MS.MRG.3IMERG.20250320-S173000-E175959.1050.V07B.HDF5","D:\OneDrive\桌面\Nature Portfolio_Project\00_SCIENTIFIC_REPORTS_RESEARCH_ARCHIVE_20261005\07_D07_FLOOD_EVENT\D07E_IMERG\RAW_HDF5\3B-HHR.MS.MRG.3IMERG.20250320-S173000-E175959.1050.V07B.HDF5","7.4575",".hdf5","NASA GPM IMERG","flood-event derived product","EXTERNAL_NOT_COMMITTED","ORIGINAL_PROVIDER","Excluded from ordinary Git tracking by repository preparation rules"
"EXT00148","D07","3B-HHR.MS.MRG.3IMERG.20250320-S180000-E182959.1080.V07B.HDF5","D:\OneDrive\桌面\Nature Portfolio_Project\00_SCIENTIFIC_REPORTS_RESEARCH_ARCHIVE_20261005\07_D07_FLOOD_EVENT\05_D07E_IMERG\01_RAW\3B-HHR.MS.MRG.3IMERG.20250320-S180000-E182959.1080.V07B.HDF5","7.4675",".hdf5","NASA GPM IMERG","flood-event derived product","EXTERNAL_NOT_COMMITTED","ORIGINAL_PROVIDER","Excluded from ordinary Git tracking by repository preparation rules"
"EXT00305","D07","3B-HHR.MS.MRG.3IMERG.20250320-S180000-E182959.1080.V07B.HDF5","D:\OneDrive\桌面\Nature Portfolio_Project\00_SCIENTIFIC_REPORTS_RESEARCH_ARCHIVE_20261005\07_D07_FLOOD_EVENT\D07E_IMERG\RAW_HDF5\3B-HHR.MS.MRG.3IMERG.20250320-S180000-E182959.1080.V07B.HDF5","7.4675",".hdf5","NASA GPM IMERG","flood-event derived product","EXTERNAL_NOT_COMMITTED","ORIGINAL_PROVIDER","Excluded from ordinary Git tracking by repository preparation rules"
"EXT00149","D07","3B-HHR.MS.MRG.3IMERG.20250320-S183000-E185959.1110.V07B.HDF5","D:\OneDrive\桌面\Nature Portfolio_Project\00_SCIENTIFIC_REPORTS_RESEARCH_ARCHIVE_20261005\07_D07_FLOOD_EVENT\05_D07E_IMERG\01_RAW\3B-HHR.MS.MRG.3IMERG.20250320-S183000-E185959.1110.V07B.HDF5","7.4413",".hdf5","NASA GPM IMERG","flood-event derived product","EXTERNAL_NOT_COMMITTED","ORIGINAL_PROVIDER","Excluded from ordinary Git tracking by repository preparation rules"
"EXT00306","D07","3B-HHR.MS.MRG.3IMERG.20250320-S183000-E185959.1110.V07B.HDF5","D:\OneDrive\桌面\Nature Portfolio_Project\00_SCIENTIFIC_REPORTS_RESEARCH_ARCHIVE_20261005\07_D07_FLOOD_EVENT\D07E_IMERG\RAW_HDF5\3B-HHR.MS.MRG.3IMERG.20250320-S183000-E185959.1110.V07B.HDF5","7.4413",".hdf5","NASA GPM IMERG","flood-event derived product","EXTERNAL_NOT_COMMITTED","ORIGINAL_PROVIDER","Excluded from ordinary Git tracking by repository preparation rules"
"EXT00150","D07","3B-HHR.MS.MRG.3IMERG.20250320-S190000-E192959.1140.V07B.HDF5","D:\OneDrive\桌面\Nature Portfolio_Project\00_SCIENTIFIC_REPORTS_RESEARCH_ARCHIVE_20261005\07_D07_FLOOD_EVENT\05_D07E_IMERG\01_RAW\3B-HHR.MS.MRG.3IMERG.20250320-S190000-E192959.1140.V07B.HDF5","7.4194",".hdf5","NASA GPM IMERG","flood-event derived product","EXTERNAL_NOT_COMMITTED","ORIGINAL_PROVIDER","Excluded from ordinary Git tracking by repository preparation rules"
"EXT00307","D07","3B-HHR.MS.MRG.3IMERG.20250320-S190000-E192959.1140.V07B.HDF5","D:\OneDrive\桌面\Nature Portfolio_Project\00_SCIENTIFIC_REPORTS_RESEARCH_ARCHIVE_20261005\07_D07_FLOOD_EVENT\D07E_IMERG\RAW_HDF5\3B-HHR.MS.MRG.3IMERG.20250320-S190000-E192959.1140.V07B.HDF5","7.4194",".hdf5","NASA GPM IMERG","flood-event derived product","EXTERNAL_NOT_COMMITTED","ORIGINAL_PROVIDER","Excluded from ordinary Git tracking by repository preparation rules"
"EXT00151","D07","3B-HHR.MS.MRG.3IMERG.20250320-S193000-E195959.1170.V07B.HDF5","D:\OneDrive\桌面\Nature Portfolio_Project\00_SCIENTIFIC_REPORTS_RESEARCH_ARCHIVE_20261005\07_D07_FLOOD_EVENT\05_D07E_IMERG\01_RAW\3B-HHR.MS.MRG.3IMERG.20250320-S193000-E195959.1170.V07B.HDF5","7.472",".hdf5","NASA GPM IMERG","flood-event derived product","EXTERNAL_NOT_COMMITTED","ORIGINAL_PROVIDER","Excluded from ordinary Git tracking by repository preparation rules"
"EXT00308","D07","3B-HHR.MS.MRG.3IMERG.20250320-S193000-E195959.1170.V07B.HDF5","D:\OneDrive\桌面\Nature Portfolio_Project\00_SCIENTIFIC_REPORTS_RESEARCH_ARCHIVE_20261005\07_D07_FLOOD_EVENT\D07E_IMERG\RAW_HDF5\3B-HHR.MS.MRG.3IMERG.20250320-S193000-E195959.1170.V07B.HDF5","7.472",".hdf5","NASA GPM IMERG","flood-event derived product","EXTERNAL_NOT_COMMITTED","ORIGINAL_PROVIDER","Excluded from ordinary Git tracking by repository preparation rules"
"EXT00152","D07","3B-HHR.MS.MRG.3IMERG.20250320-S200000-E202959.1200.V07B.HDF5","D:\OneDrive\桌面\Nature Portfolio_Project\00_SCIENTIFIC_REPORTS_RESEARCH_ARCHIVE_20261005\07_D07_FLOOD_EVENT\05_D07E_IMERG\01_RAW\3B-HHR.MS.MRG.3IMERG.20250320-S200000-E202959.1200.V07B.HDF5","7.5592",".hdf5","NASA GPM IMERG","flood-event derived product","EXTERNAL_NOT_COMMITTED","ORIGINAL_PROVIDER","Excluded from ordinary Git tracking by repository preparation rules"
"EXT00309","D07","3B-HHR.MS.MRG.3IMERG.20250320-S200000-E202959.1200.V07B.HDF5","D:\OneDrive\桌面\Nature Portfolio_Project\00_SCIENTIFIC_REPORTS_RESEARCH_ARCHIVE_20261005\07_D07_FLOOD_EVENT\D07E_IMERG\RAW_HDF5\3B-HHR.MS.MRG.3IMERG.20250320-S200000-E202959.1200.V07B.HDF5","7.5592",".hdf5","NASA GPM IMERG","flood-event derived product","EXTERNAL_NOT_COMMITTED","ORIGINAL_PROVIDER","Excluded from ordinary Git tracking by repository preparation rules"
"EXT00153","D07","3B-HHR.MS.MRG.3IMERG.20250320-S203000-E205959.1230.V07B.HDF5","D:\OneDrive\桌面\Nature Portfolio_Project\00_SCIENTIFIC_REPORTS_RESEARCH_ARCHIVE_20261005\07_D07_FLOOD_EVENT\05_D07E_IMERG\01_RAW\3B-HHR.MS.MRG.3IMERG.20250320-S203000-E205959.1230.V07B.HDF5","7.4507",".hdf5","NASA GPM IMERG","flood-event derived product","EXTERNAL_NOT_COMMITTED","ORIGINAL_PROVIDER","Excluded from ordinary Git tracking by repository preparation rules"
"EXT00310","D07","3B-HHR.MS.MRG.3IMERG.20250320-S203000-E205959.1230.V07B.HDF5","D:\OneDrive\桌面\Nature Portfolio_Project\00_SCIENTIFIC_REPORTS_RESEARCH_ARCHIVE_20261005\07_D07_FLOOD_EVENT\D07E_IMERG\RAW_HDF5\3B-HHR.MS.MRG.3IMERG.20250320-S203000-E205959.1230.V07B.HDF5","7.4507",".hdf5","NASA GPM IMERG","flood-event derived product","EXTERNAL_NOT_COMMITTED","ORIGINAL_PROVIDER","Excluded from ordinary Git tracking by repository preparation rules"
"EXT00154","D07","3B-HHR.MS.MRG.3IMERG.20250320-S210000-E212959.1260.V07B.HDF5","D:\OneDrive\桌面\Nature Portfolio_Project\00_SCIENTIFIC_REPORTS_RESEARCH_ARCHIVE_20261005\07_D07_FLOOD_EVENT\05_D07E_IMERG\01_RAW\3B-HHR.MS.MRG.3IMERG.20250320-S210000-E212959.1260.V07B.HDF5","7.5358",".hdf5","NASA GPM IMERG","flood-event derived product","EXTERNAL_NOT_COMMITTED","ORIGINAL_PROVIDER","Excluded from ordinary Git tracking by repository preparation rules"
"EXT00311","D07","3B-HHR.MS.MRG.3IMERG.20250320-S210000-E212959.1260.V07B.HDF5","D:\OneDrive\桌面\Nature Portfolio_Project\00_SCIENTIFIC_REPORTS_RESEARCH_ARCHIVE_20261005\07_D07_FLOOD_EVENT\D07E_IMERG\RAW_HDF5\3B-HHR.MS.MRG.3IMERG.20250320-S210000-E212959.1260.V07B.HDF5","7.5358",".hdf5","NASA GPM IMERG","flood-event derived product","EXTERNAL_NOT_COMMITTED","ORIGINAL_PROVIDER","Excluded from ordinary Git tracking by repository preparation rules"
"EXT00155","D07","3B-HHR.MS.MRG.3IMERG.20250320-S213000-E215959.1290.V07B.HDF5","D:\OneDrive\桌面\Nature Portfolio_Project\00_SCIENTIFIC_REPORTS_RESEARCH_ARCHIVE_20261005\07_D07_FLOOD_EVENT\05_D07E_IMERG\01_RAW\3B-HHR.MS.MRG.3IMERG.20250320-S213000-E215959.1290.V07B.HDF5","7.4064",".hdf5","NASA GPM IMERG","flood-event derived product","EXTERNAL_NOT_COMMITTED","ORIGINAL_PROVIDER","Excluded from ordinary Git tracking by repository preparation rules"
"EXT00312","D07","3B-HHR.MS.MRG.3IMERG.20250320-S213000-E215959.1290.V07B.HDF5","D:\OneDrive\桌面\Nature Portfolio_Project\00_SCIENTIFIC_REPORTS_RESEARCH_ARCHIVE_20261005\07_D07_FLOOD_EVENT\D07E_IMERG\RAW_HDF5\3B-HHR.MS.MRG.3IMERG.20250320-S213000-E215959.1290.V07B.HDF5","7.4064",".hdf5","NASA GPM IMERG","flood-event derived product","EXTERNAL_NOT_COMMITTED","ORIGINAL_PROVIDER","Excluded from ordinary Git tracking by repository preparation rules"
"EXT00156","D07","3B-HHR.MS.MRG.3IMERG.20250320-S220000-E222959.1320.V07B.HDF5","D:\OneDrive\桌面\Nature Portfolio_Project\00_SCIENTIFIC_REPORTS_RESEARCH_ARCHIVE_20261005\07_D07_FLOOD_EVENT\05_D07E_IMERG\01_RAW\3B-HHR.MS.MRG.3IMERG.20250320-S220000-E222959.1320.V07B.HDF5","7.2521",".hdf5","NASA GPM IMERG","flood-event derived product","EXTERNAL_NOT_COMMITTED","ORIGINAL_PROVIDER","Excluded from ordinary Git tracking by repository preparation rules"
"EXT00313","D07","3B-HHR.MS.MRG.3IMERG.20250320-S220000-E222959.1320.V07B.HDF5","D:\OneDrive\桌面\Nature Portfolio_Project\00_SCIENTIFIC_REPORTS_RESEARCH_ARCHIVE_20261005\07_D07_FLOOD_EVENT\D07E_IMERG\RAW_HDF5\3B-HHR.MS.MRG.3IMERG.20250320-S220000-E222959.1320.V07B.HDF5","7.2521",".hdf5","NASA GPM IMERG","flood-event derived product","EXTERNAL_NOT_COMMITTED","ORIGINAL_PROVIDER","Excluded from ordinary Git tracking by repository preparation rules"
"EXT00157","D07","3B-HHR.MS.MRG.3IMERG.20250320-S223000-E225959.1350.V07B.HDF5","D:\OneDrive\桌面\Nature Portfolio_Project\00_SCIENTIFIC_REPORTS_RESEARCH_ARCHIVE_20261005\07_D07_FLOOD_EVENT\05_D07E_IMERG\01_RAW\3B-HHR.MS.MRG.3IMERG.20250320-S223000-E225959.1350.V07B.HDF5","7.3311",".hdf5","NASA GPM IMERG","flood-event derived product","EXTERNAL_NOT_COMMITTED","ORIGINAL_PROVIDER","Excluded from ordinary Git tracking by repository preparation rules"
"EXT00314","D07","3B-HHR.MS.MRG.3IMERG.20250320-S223000-E225959.1350.V07B.HDF5","D:\OneDrive\桌面\Nature Portfolio_Project\00_SCIENTIFIC_REPORTS_RESEARCH_ARCHIVE_20261005\07_D07_FLOOD_EVENT\D07E_IMERG\RAW_HDF5\3B-HHR.MS.MRG.3IMERG.20250320-S223000-E225959.1350.V07B.HDF5","7.3311",".hdf5","NASA GPM IMERG","flood-event derived product","EXTERNAL_NOT_COMMITTED","ORIGINAL_PROVIDER","Excluded from ordinary Git tracking by repository preparation rules"
"EXT00158","D07","3B-HHR.MS.MRG.3IMERG.20250320-S230000-E232959.1380.V07B.HDF5","D:\OneDrive\桌面\Nature Portfolio_Project\00_SCIENTIFIC_REPORTS_RESEARCH_ARCHIVE_20261005\07_D07_FLOOD_EVENT\05_D07E_IMERG\01_RAW\3B-HHR.MS.MRG.3IMERG.20250320-S230000-E232959.1380.V07B.HDF5","7.2053",".hdf5","NASA GPM IMERG","flood-event derived product","EXTERNAL_NOT_COMMITTED","ORIGINAL_PROVIDER","Excluded from ordinary Git tracking by repository preparation rules"
"EXT00315","D07","3B-HHR.MS.MRG.3IMERG.20250320-S230000-E232959.1380.V07B.HDF5","D:\OneDrive\桌面\Nature Portfolio_Project\00_SCIENTIFIC_REPORTS_RESEARCH_ARCHIVE_20261005\07_D07_FLOOD_EVENT\D07E_IMERG\RAW_HDF5\3B-HHR.MS.MRG.3IMERG.20250320-S230000-E232959.1380.V07B.HDF5","7.2053",".hdf5","NASA GPM IMERG","flood-event derived product","EXTERNAL_NOT_COMMITTED","ORIGINAL_PROVIDER","Excluded from ordinary Git tracking by repository preparation rules"
"EXT00159","D07","3B-HHR.MS.MRG.3IMERG.20250320-S233000-E235959.1410.V07B.HDF5","D:\OneDrive\桌面\Nature Portfolio_Project\00_SCIENTIFIC_REPORTS_RESEARCH_ARCHIVE_20261005\07_D07_FLOOD_EVENT\05_D07E_IMERG\01_RAW\3B-HHR.MS.MRG.3IMERG.20250320-S233000-E235959.1410.V07B.HDF5","7.2005",".hdf5","NASA GPM IMERG","flood-event derived product","EXTERNAL_NOT_COMMITTED","ORIGINAL_PROVIDER","Excluded from ordinary Git tracking by repository preparation rules"
"EXT00316","D07","3B-HHR.MS.MRG.3IMERG.20250320-S233000-E235959.1410.V07B.HDF5","D:\OneDrive\桌面\Nature Portfolio_Project\00_SCIENTIFIC_REPORTS_RESEARCH_ARCHIVE_20261005\07_D07_FLOOD_EVENT\D07E_IMERG\RAW_HDF5\3B-HHR.MS.MRG.3IMERG.20250320-S233000-E235959.1410.V07B.HDF5","7.2005",".hdf5","NASA GPM IMERG","flood-event derived product","EXTERNAL_NOT_COMMITTED","ORIGINAL_PROVIDER","Excluded from ordinary Git tracking by repository preparation rules"
"EXT00160","D07","3B-HHR.MS.MRG.3IMERG.20250321-S000000-E002959.0000.V07B.HDF5","D:\OneDrive\桌面\Nature Portfolio_Project\00_SCIENTIFIC_REPORTS_RESEARCH_ARCHIVE_20261005\07_D07_FLOOD_EVENT\05_D07E_IMERG\01_RAW\3B-HHR.MS.MRG.3IMERG.20250321-S000000-E002959.0000.V07B.HDF5","7.1998",".hdf5","NASA GPM IMERG","flood-event derived product","EXTERNAL_NOT_COMMITTED","ORIGINAL_PROVIDER","Excluded from ordinary Git tracking by repository preparation rules"
"EXT00317","D07","3B-HHR.MS.MRG.3IMERG.20250321-S000000-E002959.0000.V07B.HDF5","D:\OneDrive\桌面\Nature Portfolio_Project\00_SCIENTIFIC_REPORTS_RESEARCH_ARCHIVE_20261005\07_D07_FLOOD_EVENT\D07E_IMERG\RAW_HDF5\3B-HHR.MS.MRG.3IMERG.20250321-S000000-E002959.0000.V07B.HDF5","7.1998",".hdf5","NASA GPM IMERG","flood-event derived product","EXTERNAL_NOT_COMMITTED","ORIGINAL_PROVIDER","Excluded from ordinary Git tracking by repository preparation rules"
"EXT00161","D07","3B-HHR.MS.MRG.3IMERG.20250321-S003000-E005959.0030.V07B.HDF5","D:\OneDrive\桌面\Nature Portfolio_Project\00_SCIENTIFIC_REPORTS_RESEARCH_ARCHIVE_20261005\07_D07_FLOOD_EVENT\05_D07E_IMERG\01_RAW\3B-HHR.MS.MRG.3IMERG.20250321-S003000-E005959.0030.V07B.HDF5","7.1228",".hdf5","NASA GPM IMERG","flood-event derived product","EXTERNAL_NOT_COMMITTED","ORIGINAL_PROVIDER","Excluded from ordinary Git tracking by repository preparation rules"
"EXT00318","D07","3B-HHR.MS.MRG.3IMERG.20250321-S003000-E005959.0030.V07B.HDF5","D:\OneDrive\桌面\Nature Portfolio_Project\00_SCIENTIFIC_REPORTS_RESEARCH_ARCHIVE_20261005\07_D07_FLOOD_EVENT\D07E_IMERG\RAW_HDF5\3B-HHR.MS.MRG.3IMERG.20250321-S003000-E005959.0030.V07B.HDF5","7.1228",".hdf5","NASA GPM IMERG","flood-event derived product","EXTERNAL_NOT_COMMITTED","ORIGINAL_PROVIDER","Excluded from ordinary Git tracking by repository preparation rules"
"EXT00162","D07","3B-HHR.MS.MRG.3IMERG.20250321-S010000-E012959.0060.V07B.HDF5","D:\OneDrive\桌面\Nature Portfolio_Project\00_SCIENTIFIC_REPORTS_RESEARCH_ARCHIVE_20261005\07_D07_FLOOD_EVENT\05_D07E_IMERG\01_RAW\3B-HHR.MS.MRG.3IMERG.20250321-S010000-E012959.0060.V07B.HDF5","7.1398",".hdf5","NASA GPM IMERG","flood-event derived product","EXTERNAL_NOT_COMMITTED","ORIGINAL_PROVIDER","Excluded from ordinary Git tracking by repository preparation rules"
"EXT00319","D07","3B-HHR.MS.MRG.3IMERG.20250321-S010000-E012959.0060.V07B.HDF5","D:\OneDrive\桌面\Nature Portfolio_Project\00_SCIENTIFIC_REPORTS_RESEARCH_ARCHIVE_20261005\07_D07_FLOOD_EVENT\D07E_IMERG\RAW_HDF5\3B-HHR.MS.MRG.3IMERG.20250321-S010000-E012959.0060.V07B.HDF5","7.1398",".hdf5","NASA GPM IMERG","flood-event derived product","EXTERNAL_NOT_COMMITTED","ORIGINAL_PROVIDER","Excluded from ordinary Git tracking by repository preparation rules"
"EXT00163","D07","3B-HHR.MS.MRG.3IMERG.20250321-S013000-E015959.0090.V07B.HDF5","D:\OneDrive\桌面\Nature Portfolio_Project\00_SCIENTIFIC_REPORTS_RESEARCH_ARCHIVE_20261005\07_D07_FLOOD_EVENT\05_D07E_IMERG\01_RAW\3B-HHR.MS.MRG.3IMERG.20250321-S013000-E015959.0090.V07B.HDF5","7.0666",".hdf5","NASA GPM IMERG","flood-event derived product","EXTERNAL_NOT_COMMITTED","ORIGINAL_PROVIDER","Excluded from ordinary Git tracking by repository preparation rules"
"EXT00320","D07","3B-HHR.MS.MRG.3IMERG.20250321-S013000-E015959.0090.V07B.HDF5","D:\OneDrive\桌面\Nature Portfolio_Project\00_SCIENTIFIC_REPORTS_RESEARCH_ARCHIVE_20261005\07_D07_FLOOD_EVENT\D07E_IMERG\RAW_HDF5\3B-HHR.MS.MRG.3IMERG.20250321-S013000-E015959.0090.V07B.HDF5","7.0666",".hdf5","NASA GPM IMERG","flood-event derived product","EXTERNAL_NOT_COMMITTED","ORIGINAL_PROVIDER","Excluded from ordinary Git tracking by repository preparation rules"
"EXT00164","D07","3B-HHR.MS.MRG.3IMERG.20250321-S020000-E022959.0120.V07B.HDF5","D:\OneDrive\桌面\Nature Portfolio_Project\00_SCIENTIFIC_REPORTS_RESEARCH_ARCHIVE_20261005\07_D07_FLOOD_EVENT\05_D07E_IMERG\01_RAW\3B-HHR.MS.MRG.3IMERG.20250321-S020000-E022959.0120.V07B.HDF5","7.2026",".hdf5","NASA GPM IMERG","flood-event derived product","EXTERNAL_NOT_COMMITTED","ORIGINAL_PROVIDER","Excluded from ordinary Git tracking by repository preparation rules"
"EXT00321","D07","3B-HHR.MS.MRG.3IMERG.20250321-S020000-E022959.0120.V07B.HDF5","D:\OneDrive\桌面\Nature Portfolio_Project\00_SCIENTIFIC_REPORTS_RESEARCH_ARCHIVE_20261005\07_D07_FLOOD_EVENT\D07E_IMERG\RAW_HDF5\3B-HHR.MS.MRG.3IMERG.20250321-S020000-E022959.0120.V07B.HDF5","7.2026",".hdf5","NASA GPM IMERG","flood-event derived product","EXTERNAL_NOT_COMMITTED","ORIGINAL_PROVIDER","Excluded from ordinary Git tracking by repository preparation rules"
"EXT00165","D07","3B-HHR.MS.MRG.3IMERG.20250321-S023000-E025959.0150.V07B.HDF5","D:\OneDrive\桌面\Nature Portfolio_Project\00_SCIENTIFIC_REPORTS_RESEARCH_ARCHIVE_20261005\07_D07_FLOOD_EVENT\05_D07E_IMERG\01_RAW\3B-HHR.MS.MRG.3IMERG.20250321-S023000-E025959.0150.V07B.HDF5","7.1746",".hdf5","NASA GPM IMERG","flood-event derived product","EXTERNAL_NOT_COMMITTED","ORIGINAL_PROVIDER","Excluded from ordinary Git tracking by repository preparation rules"
"EXT00322","D07","3B-HHR.MS.MRG.3IMERG.20250321-S023000-E025959.0150.V07B.HDF5","D:\OneDrive\桌面\Nature Portfolio_Project\00_SCIENTIFIC_REPORTS_RESEARCH_ARCHIVE_20261005\07_D07_FLOOD_EVENT\D07E_IMERG\RAW_HDF5\3B-HHR.MS.MRG.3IMERG.20250321-S023000-E025959.0150.V07B.HDF5","7.1746",".hdf5","NASA GPM IMERG","flood-event derived product","EXTERNAL_NOT_COMMITTED","ORIGINAL_PROVIDER","Excluded from ordinary Git tracking by repository preparation rules"
"EXT00166","D07","3B-HHR.MS.MRG.3IMERG.20250321-S030000-E032959.0180.V07B.HDF5","D:\OneDrive\桌面\Nature Portfolio_Project\00_SCIENTIFIC_REPORTS_RESEARCH_ARCHIVE_20261005\07_D07_FLOOD_EVENT\05_D07E_IMERG\01_RAW\3B-HHR.MS.MRG.3IMERG.20250321-S030000-E032959.0180.V07B.HDF5","7.2279",".hdf5","NASA GPM IMERG","flood-event derived product","EXTERNAL_NOT_COMMITTED","ORIGINAL_PROVIDER","Excluded from ordinary Git tracking by repository preparation rules"
"EXT00323","D07","3B-HHR.MS.MRG.3IMERG.20250321-S030000-E032959.0180.V07B.HDF5","D:\OneDrive\桌面\Nature Portfolio_Project\00_SCIENTIFIC_REPORTS_RESEARCH_ARCHIVE_20261005\07_D07_FLOOD_EVENT\D07E_IMERG\RAW_HDF5\3B-HHR.MS.MRG.3IMERG.20250321-S030000-E032959.0180.V07B.HDF5","7.2279",".hdf5","NASA GPM IMERG","flood-event derived product","EXTERNAL_NOT_COMMITTED","ORIGINAL_PROVIDER","Excluded from ordinary Git tracking by repository preparation rules"
"EXT00167","D07","3B-HHR.MS.MRG.3IMERG.20250321-S033000-E035959.0210.V07B.HDF5","D:\OneDrive\桌面\Nature Portfolio_Project\00_SCIENTIFIC_REPORTS_RESEARCH_ARCHIVE_20261005\07_D07_FLOOD_EVENT\05_D07E_IMERG\01_RAW\3B-HHR.MS.MRG.3IMERG.20250321-S033000-E035959.0210.V07B.HDF5","7.2447",".hdf5","NASA GPM IMERG","flood-event derived product","EXTERNAL_NOT_COMMITTED","ORIGINAL_PROVIDER","Excluded from ordinary Git tracking by repository preparation rules"
"EXT00324","D07","3B-HHR.MS.MRG.3IMERG.20250321-S033000-E035959.0210.V07B.HDF5","D:\OneDrive\桌面\Nature Portfolio_Project\00_SCIENTIFIC_REPORTS_RESEARCH_ARCHIVE_20261005\07_D07_FLOOD_EVENT\D07E_IMERG\RAW_HDF5\3B-HHR.MS.MRG.3IMERG.20250321-S033000-E035959.0210.V07B.HDF5","7.2447",".hdf5","NASA GPM IMERG","flood-event derived product","EXTERNAL_NOT_COMMITTED","ORIGINAL_PROVIDER","Excluded from ordinary Git tracking by repository preparation rules"
"EXT00168","D07","3B-HHR.MS.MRG.3IMERG.20250321-S040000-E042959.0240.V07B.HDF5","D:\OneDrive\桌面\Nature Portfolio_Project\00_SCIENTIFIC_REPORTS_RESEARCH_ARCHIVE_20261005\07_D07_FLOOD_EVENT\05_D07E_IMERG\01_RAW\3B-HHR.MS.MRG.3IMERG.20250321-S040000-E042959.0240.V07B.HDF5","7.1538",".hdf5","NASA GPM IMERG","flood-event derived product","EXTERNAL_NOT_COMMITTED","ORIGINAL_PROVIDER","Excluded from ordinary Git tracking by repository preparation rules"
"EXT00325","D07","3B-HHR.MS.MRG.3IMERG.20250321-S040000-E042959.0240.V07B.HDF5","D:\OneDrive\桌面\Nature Portfolio_Project\00_SCIENTIFIC_REPORTS_RESEARCH_ARCHIVE_20261005\07_D07_FLOOD_EVENT\D07E_IMERG\RAW_HDF5\3B-HHR.MS.MRG.3IMERG.20250321-S040000-E042959.0240.V07B.HDF5","7.1538",".hdf5","NASA GPM IMERG","flood-event derived product","EXTERNAL_NOT_COMMITTED","ORIGINAL_PROVIDER","Excluded from ordinary Git tracking by repository preparation rules"
"EXT00169","D07","3B-HHR.MS.MRG.3IMERG.20250321-S043000-E045959.0270.V07B.HDF5","D:\OneDrive\桌面\Nature Portfolio_Project\00_SCIENTIFIC_REPORTS_RESEARCH_ARCHIVE_20261005\07_D07_FLOOD_EVENT\05_D07E_IMERG\01_RAW\3B-HHR.MS.MRG.3IMERG.20250321-S043000-E045959.0270.V07B.HDF5","7.2366",".hdf5","NASA GPM IMERG","flood-event derived product","EXTERNAL_NOT_COMMITTED","ORIGINAL_PROVIDER","Excluded from ordinary Git tracking by repository preparation rules"
"EXT00326","D07","3B-HHR.MS.MRG.3IMERG.20250321-S043000-E045959.0270.V07B.HDF5","D:\OneDrive\桌面\Nature Portfolio_Project\00_SCIENTIFIC_REPORTS_RESEARCH_ARCHIVE_20261005\07_D07_FLOOD_EVENT\D07E_IMERG\RAW_HDF5\3B-HHR.MS.MRG.3IMERG.20250321-S043000-E045959.0270.V07B.HDF5","7.2366",".hdf5","NASA GPM IMERG","flood-event derived product","EXTERNAL_NOT_COMMITTED","ORIGINAL_PROVIDER","Excluded from ordinary Git tracking by repository preparation rules"
"EXT00170","D07","3B-HHR.MS.MRG.3IMERG.20250321-S050000-E052959.0300.V07B.HDF5","D:\OneDrive\桌面\Nature Portfolio_Project\00_SCIENTIFIC_REPORTS_RESEARCH_ARCHIVE_20261005\07_D07_FLOOD_EVENT\05_D07E_IMERG\01_RAW\3B-HHR.MS.MRG.3IMERG.20250321-S050000-E052959.0300.V07B.HDF5","7.233",".hdf5","NASA GPM IMERG","flood-event derived product","EXTERNAL_NOT_COMMITTED","ORIGINAL_PROVIDER","Excluded from ordinary Git tracking by repository preparation rules"
"EXT00327","D07","3B-HHR.MS.MRG.3IMERG.20250321-S050000-E052959.0300.V07B.HDF5","D:\OneDrive\桌面\Nature Portfolio_Project\00_SCIENTIFIC_REPORTS_RESEARCH_ARCHIVE_20261005\07_D07_FLOOD_EVENT\D07E_IMERG\RAW_HDF5\3B-HHR.MS.MRG.3IMERG.20250321-S050000-E052959.0300.V07B.HDF5","7.233",".hdf5","NASA GPM IMERG","flood-event derived product","EXTERNAL_NOT_COMMITTED","ORIGINAL_PROVIDER","Excluded from ordinary Git tracking by repository preparation rules"
"EXT00171","D07","3B-HHR.MS.MRG.3IMERG.20250321-S053000-E055959.0330.V07B.HDF5","D:\OneDrive\桌面\Nature Portfolio_Project\00_SCIENTIFIC_REPORTS_RESEARCH_ARCHIVE_20261005\07_D07_FLOOD_EVENT\05_D07E_IMERG\01_RAW\3B-HHR.MS.MRG.3IMERG.20250321-S053000-E055959.0330.V07B.HDF5","7.1418",".hdf5","NASA GPM IMERG","flood-event derived product","EXTERNAL_NOT_COMMITTED","ORIGINAL_PROVIDER","Excluded from ordinary Git tracking by repository preparation rules"
"EXT00328","D07","3B-HHR.MS.MRG.3IMERG.20250321-S053000-E055959.0330.V07B.HDF5","D:\OneDrive\桌面\Nature Portfolio_Project\00_SCIENTIFIC_REPORTS_RESEARCH_ARCHIVE_20261005\07_D07_FLOOD_EVENT\D07E_IMERG\RAW_HDF5\3B-HHR.MS.MRG.3IMERG.20250321-S053000-E055959.0330.V07B.HDF5","7.1418",".hdf5","NASA GPM IMERG","flood-event derived product","EXTERNAL_NOT_COMMITTED","ORIGINAL_PROVIDER","Excluded from ordinary Git tracking by repository preparation rules"
"EXT00172","D07","3B-HHR.MS.MRG.3IMERG.20250321-S060000-E062959.0360.V07B.HDF5","D:\OneDrive\桌面\Nature Portfolio_Project\00_SCIENTIFIC_REPORTS_RESEARCH_ARCHIVE_20261005\07_D07_FLOOD_EVENT\05_D07E_IMERG\01_RAW\3B-HHR.MS.MRG.3IMERG.20250321-S060000-E062959.0360.V07B.HDF5","7.0949",".hdf5","NASA GPM IMERG","flood-event derived product","EXTERNAL_NOT_COMMITTED","ORIGINAL_PROVIDER","Excluded from ordinary Git tracking by repository preparation rules"
"EXT00329","D07","3B-HHR.MS.MRG.3IMERG.20250321-S060000-E062959.0360.V07B.HDF5","D:\OneDrive\桌面\Nature Portfolio_Project\00_SCIENTIFIC_REPORTS_RESEARCH_ARCHIVE_20261005\07_D07_FLOOD_EVENT\D07E_IMERG\RAW_HDF5\3B-HHR.MS.MRG.3IMERG.20250321-S060000-E062959.0360.V07B.HDF5","7.0949",".hdf5","NASA GPM IMERG","flood-event derived product","EXTERNAL_NOT_COMMITTED","ORIGINAL_PROVIDER","Excluded from ordinary Git tracking by repository preparation rules"
"EXT00173","D07","3B-HHR.MS.MRG.3IMERG.20250321-S063000-E065959.0390.V07B.HDF5","D:\OneDrive\桌面\Nature Portfolio_Project\00_SCIENTIFIC_REPORTS_RESEARCH_ARCHIVE_20261005\07_D07_FLOOD_EVENT\05_D07E_IMERG\01_RAW\3B-HHR.MS.MRG.3IMERG.20250321-S063000-E065959.0390.V07B.HDF5","7.1687",".hdf5","NASA GPM IMERG","flood-event derived product","EXTERNAL_NOT_COMMITTED","ORIGINAL_PROVIDER","Excluded from ordinary Git tracking by repository preparation rules"
"EXT00330","D07","3B-HHR.MS.MRG.3IMERG.20250321-S063000-E065959.0390.V07B.HDF5","D:\OneDrive\桌面\Nature Portfolio_Project\00_SCIENTIFIC_REPORTS_RESEARCH_ARCHIVE_20261005\07_D07_FLOOD_EVENT\D07E_IMERG\RAW_HDF5\3B-HHR.MS.MRG.3IMERG.20250321-S063000-E065959.0390.V07B.HDF5","7.1687",".hdf5","NASA GPM IMERG","flood-event derived product","EXTERNAL_NOT_COMMITTED","ORIGINAL_PROVIDER","Excluded from ordinary Git tracking by repository preparation rules"
"EXT00174","D07","3B-HHR.MS.MRG.3IMERG.20250321-S070000-E072959.0420.V07B.HDF5","D:\OneDrive\桌面\Nature Portfolio_Project\00_SCIENTIFIC_REPORTS_RESEARCH_ARCHIVE_20261005\07_D07_FLOOD_EVENT\05_D07E_IMERG\01_RAW\3B-HHR.MS.MRG.3IMERG.20250321-S070000-E072959.0420.V07B.HDF5","7.1883",".hdf5","NASA GPM IMERG","flood-event derived product","EXTERNAL_NOT_COMMITTED","ORIGINAL_PROVIDER","Excluded from ordinary Git tracking by repository preparation rules"
"EXT00331","D07","3B-HHR.MS.MRG.3IMERG.20250321-S070000-E072959.0420.V07B.HDF5","D:\OneDrive\桌面\Nature Portfolio_Project\00_SCIENTIFIC_REPORTS_RESEARCH_ARCHIVE_20261005\07_D07_FLOOD_EVENT\D07E_IMERG\RAW_HDF5\3B-HHR.MS.MRG.3IMERG.20250321-S070000-E072959.0420.V07B.HDF5","7.1883",".hdf5","NASA GPM IMERG","flood-event derived product","EXTERNAL_NOT_COMMITTED","ORIGINAL_PROVIDER","Excluded from ordinary Git tracking by repository preparation rules"
"EXT00175","D07","3B-HHR.MS.MRG.3IMERG.20250321-S073000-E075959.0450.V07B.HDF5","D:\OneDrive\桌面\Nature Portfolio_Project\00_SCIENTIFIC_REPORTS_RESEARCH_ARCHIVE_20261005\07_D07_FLOOD_EVENT\05_D07E_IMERG\01_RAW\3B-HHR.MS.MRG.3IMERG.20250321-S073000-E075959.0450.V07B.HDF5","7.2085",".hdf5","NASA GPM IMERG","flood-event derived product","EXTERNAL_NOT_COMMITTED","ORIGINAL_PROVIDER","Excluded from ordinary Git tracking by repository preparation rules"
"EXT00332","D07","3B-HHR.MS.MRG.3IMERG.20250321-S073000-E075959.0450.V07B.HDF5","D:\OneDrive\桌面\Nature Portfolio_Project\00_SCIENTIFIC_REPORTS_RESEARCH_ARCHIVE_20261005\07_D07_FLOOD_EVENT\D07E_IMERG\RAW_HDF5\3B-HHR.MS.MRG.3IMERG.20250321-S073000-E075959.0450.V07B.HDF5","7.2085",".hdf5","NASA GPM IMERG","flood-event derived product","EXTERNAL_NOT_COMMITTED","ORIGINAL_PROVIDER","Excluded from ordinary Git tracking by repository preparation rules"
"EXT00176","D07","3B-HHR.MS.MRG.3IMERG.20250321-S080000-E082959.0480.V07B.HDF5","D:\OneDrive\桌面\Nature Portfolio_Project\00_SCIENTIFIC_REPORTS_RESEARCH_ARCHIVE_20261005\07_D07_FLOOD_EVENT\05_D07E_IMERG\01_RAW\3B-HHR.MS.MRG.3IMERG.20250321-S080000-E082959.0480.V07B.HDF5","7.1664",".hdf5","NASA GPM IMERG","flood-event derived product","EXTERNAL_NOT_COMMITTED","ORIGINAL_PROVIDER","Excluded from ordinary Git tracking by repository preparation rules"
"EXT00333","D07","3B-HHR.MS.MRG.3IMERG.20250321-S080000-E082959.0480.V07B.HDF5","D:\OneDrive\桌面\Nature Portfolio_Project\00_SCIENTIFIC_REPORTS_RESEARCH_ARCHIVE_20261005\07_D07_FLOOD_EVENT\D07E_IMERG\RAW_HDF5\3B-HHR.MS.MRG.3IMERG.20250321-S080000-E082959.0480.V07B.HDF5","7.1664",".hdf5","NASA GPM IMERG","flood-event derived product","EXTERNAL_NOT_COMMITTED","ORIGINAL_PROVIDER","Excluded from ordinary Git tracking by repository preparation rules"
"EXT00177","D07","3B-HHR.MS.MRG.3IMERG.20250321-S083000-E085959.0510.V07B.HDF5","D:\OneDrive\桌面\Nature Portfolio_Project\00_SCIENTIFIC_REPORTS_RESEARCH_ARCHIVE_20261005\07_D07_FLOOD_EVENT\05_D07E_IMERG\01_RAW\3B-HHR.MS.MRG.3IMERG.20250321-S083000-E085959.0510.V07B.HDF5","7.1993",".hdf5","NASA GPM IMERG","flood-event derived product","EXTERNAL_NOT_COMMITTED","ORIGINAL_PROVIDER","Excluded from ordinary Git tracking by repository preparation rules"
"EXT00334","D07","3B-HHR.MS.MRG.3IMERG.20250321-S083000-E085959.0510.V07B.HDF5","D:\OneDrive\桌面\Nature Portfolio_Project\00_SCIENTIFIC_REPORTS_RESEARCH_ARCHIVE_20261005\07_D07_FLOOD_EVENT\D07E_IMERG\RAW_HDF5\3B-HHR.MS.MRG.3IMERG.20250321-S083000-E085959.0510.V07B.HDF5","7.1993",".hdf5","NASA GPM IMERG","flood-event derived product","EXTERNAL_NOT_COMMITTED","ORIGINAL_PROVIDER","Excluded from ordinary Git tracking by repository preparation rules"
"EXT00178","D07","3B-HHR.MS.MRG.3IMERG.20250321-S090000-E092959.0540.V07B.HDF5","D:\OneDrive\桌面\Nature Portfolio_Project\00_SCIENTIFIC_REPORTS_RESEARCH_ARCHIVE_20261005\07_D07_FLOOD_EVENT\05_D07E_IMERG\01_RAW\3B-HHR.MS.MRG.3IMERG.20250321-S090000-E092959.0540.V07B.HDF5","7.0935",".hdf5","NASA GPM IMERG","flood-event derived product","EXTERNAL_NOT_COMMITTED","ORIGINAL_PROVIDER","Excluded from ordinary Git tracking by repository preparation rules"
"EXT00335","D07","3B-HHR.MS.MRG.3IMERG.20250321-S090000-E092959.0540.V07B.HDF5","D:\OneDrive\桌面\Nature Portfolio_Project\00_SCIENTIFIC_REPORTS_RESEARCH_ARCHIVE_20261005\07_D07_FLOOD_EVENT\D07E_IMERG\RAW_HDF5\3B-HHR.MS.MRG.3IMERG.20250321-S090000-E092959.0540.V07B.HDF5","7.0935",".hdf5","NASA GPM IMERG","flood-event derived product","EXTERNAL_NOT_COMMITTED","ORIGINAL_PROVIDER","Excluded from ordinary Git tracking by repository preparation rules"
"EXT00179","D07","3B-HHR.MS.MRG.3IMERG.20250321-S093000-E095959.0570.V07B.HDF5","D:\OneDrive\桌面\Nature Portfolio_Project\00_SCIENTIFIC_REPORTS_RESEARCH_ARCHIVE_20261005\07_D07_FLOOD_EVENT\05_D07E_IMERG\01_RAW\3B-HHR.MS.MRG.3IMERG.20250321-S093000-E095959.0570.V07B.HDF5","7.1419",".hdf5","NASA GPM IMERG","flood-event derived product","EXTERNAL_NOT_COMMITTED","ORIGINAL_PROVIDER","Excluded from ordinary Git tracking by repository preparation rules"
"EXT00336","D07","3B-HHR.MS.MRG.3IMERG.20250321-S093000-E095959.0570.V07B.HDF5","D:\OneDrive\桌面\Nature Portfolio_Project\00_SCIENTIFIC_REPORTS_RESEARCH_ARCHIVE_20261005\07_D07_FLOOD_EVENT\D07E_IMERG\RAW_HDF5\3B-HHR.MS.MRG.3IMERG.20250321-S093000-E095959.0570.V07B.HDF5","7.1419",".hdf5","NASA GPM IMERG","flood-event derived product","EXTERNAL_NOT_COMMITTED","ORIGINAL_PROVIDER","Excluded from ordinary Git tracking by repository preparation rules"
"EXT00180","D07","3B-HHR.MS.MRG.3IMERG.20250321-S100000-E102959.0600.V07B.HDF5","D:\OneDrive\桌面\Nature Portfolio_Project\00_SCIENTIFIC_REPORTS_RESEARCH_ARCHIVE_20261005\07_D07_FLOOD_EVENT\05_D07E_IMERG\01_RAW\3B-HHR.MS.MRG.3IMERG.20250321-S100000-E102959.0600.V07B.HDF5","7.0062",".hdf5","NASA GPM IMERG","flood-event derived product","EXTERNAL_NOT_COMMITTED","ORIGINAL_PROVIDER","Excluded from ordinary Git tracking by repository preparation rules"
"EXT00337","D07","3B-HHR.MS.MRG.3IMERG.20250321-S100000-E102959.0600.V07B.HDF5","D:\OneDrive\桌面\Nature Portfolio_Project\00_SCIENTIFIC_REPORTS_RESEARCH_ARCHIVE_20261005\07_D07_FLOOD_EVENT\D07E_IMERG\RAW_HDF5\3B-HHR.MS.MRG.3IMERG.20250321-S100000-E102959.0600.V07B.HDF5","7.0062",".hdf5","NASA GPM IMERG","flood-event derived product","EXTERNAL_NOT_COMMITTED","ORIGINAL_PROVIDER","Excluded from ordinary Git tracking by repository preparation rules"
"EXT00181","D07","3B-HHR.MS.MRG.3IMERG.20250321-S103000-E105959.0630.V07B.HDF5","D:\OneDrive\桌面\Nature Portfolio_Project\00_SCIENTIFIC_REPORTS_RESEARCH_ARCHIVE_20261005\07_D07_FLOOD_EVENT\05_D07E_IMERG\01_RAW\3B-HHR.MS.MRG.3IMERG.20250321-S103000-E105959.0630.V07B.HDF5","7.1697",".hdf5","NASA GPM IMERG","flood-event derived product","EXTERNAL_NOT_COMMITTED","ORIGINAL_PROVIDER","Excluded from ordinary Git tracking by repository preparation rules"
"EXT00338","D07","3B-HHR.MS.MRG.3IMERG.20250321-S103000-E105959.0630.V07B.HDF5","D:\OneDrive\桌面\Nature Portfolio_Project\00_SCIENTIFIC_REPORTS_RESEARCH_ARCHIVE_20261005\07_D07_FLOOD_EVENT\D07E_IMERG\RAW_HDF5\3B-HHR.MS.MRG.3IMERG.20250321-S103000-E105959.0630.V07B.HDF5","7.1697",".hdf5","NASA GPM IMERG","flood-event derived product","EXTERNAL_NOT_COMMITTED","ORIGINAL_PROVIDER","Excluded from ordinary Git tracking by repository preparation rules"
"EXT00182","D07","3B-HHR.MS.MRG.3IMERG.20250321-S110000-E112959.0660.V07B.HDF5","D:\OneDrive\桌面\Nature Portfolio_Project\00_SCIENTIFIC_REPORTS_RESEARCH_ARCHIVE_20261005\07_D07_FLOOD_EVENT\05_D07E_IMERG\01_RAW\3B-HHR.MS.MRG.3IMERG.20250321-S110000-E112959.0660.V07B.HDF5","7.0928",".hdf5","NASA GPM IMERG","flood-event derived product","EXTERNAL_NOT_COMMITTED","ORIGINAL_PROVIDER","Excluded from ordinary Git tracking by repository preparation rules"
"EXT00339","D07","3B-HHR.MS.MRG.3IMERG.20250321-S110000-E112959.0660.V07B.HDF5","D:\OneDrive\桌面\Nature Portfolio_Project\00_SCIENTIFIC_REPORTS_RESEARCH_ARCHIVE_20261005\07_D07_FLOOD_EVENT\D07E_IMERG\RAW_HDF5\3B-HHR.MS.MRG.3IMERG.20250321-S110000-E112959.0660.V07B.HDF5","7.0928",".hdf5","NASA GPM IMERG","flood-event derived product","EXTERNAL_NOT_COMMITTED","ORIGINAL_PROVIDER","Excluded from ordinary Git tracking by repository preparation rules"
"EXT00183","D07","3B-HHR.MS.MRG.3IMERG.20250321-S113000-E115959.0690.V07B.HDF5","D:\OneDrive\桌面\Nature Portfolio_Project\00_SCIENTIFIC_REPORTS_RESEARCH_ARCHIVE_20261005\07_D07_FLOOD_EVENT\05_D07E_IMERG\01_RAW\3B-HHR.MS.MRG.3IMERG.20250321-S113000-E115959.0690.V07B.HDF5","7.1306",".hdf5","NASA GPM IMERG","flood-event derived product","EXTERNAL_NOT_COMMITTED","ORIGINAL_PROVIDER","Excluded from ordinary Git tracking by repository preparation rules"
"EXT00340","D07","3B-HHR.MS.MRG.3IMERG.20250321-S113000-E115959.0690.V07B.HDF5","D:\OneDrive\桌面\Nature Portfolio_Project\00_SCIENTIFIC_REPORTS_RESEARCH_ARCHIVE_20261005\07_D07_FLOOD_EVENT\D07E_IMERG\RAW_HDF5\3B-HHR.MS.MRG.3IMERG.20250321-S113000-E115959.0690.V07B.HDF5","7.1306",".hdf5","NASA GPM IMERG","flood-event derived product","EXTERNAL_NOT_COMMITTED","ORIGINAL_PROVIDER","Excluded from ordinary Git tracking by repository preparation rules"
"EXT00184","D07","3B-HHR.MS.MRG.3IMERG.20250321-S120000-E122959.0720.V07B.HDF5","D:\OneDrive\桌面\Nature Portfolio_Project\00_SCIENTIFIC_REPORTS_RESEARCH_ARCHIVE_20261005\07_D07_FLOOD_EVENT\05_D07E_IMERG\01_RAW\3B-HHR.MS.MRG.3IMERG.20250321-S120000-E122959.0720.V07B.HDF5","7.157",".hdf5","NASA GPM IMERG","flood-event derived product","EXTERNAL_NOT_COMMITTED","ORIGINAL_PROVIDER","Excluded from ordinary Git tracking by repository preparation rules"
"EXT00341","D07","3B-HHR.MS.MRG.3IMERG.20250321-S120000-E122959.0720.V07B.HDF5","D:\OneDrive\桌面\Nature Portfolio_Project\00_SCIENTIFIC_REPORTS_RESEARCH_ARCHIVE_20261005\07_D07_FLOOD_EVENT\D07E_IMERG\RAW_HDF5\3B-HHR.MS.MRG.3IMERG.20250321-S120000-E122959.0720.V07B.HDF5","7.157",".hdf5","NASA GPM IMERG","flood-event derived product","EXTERNAL_NOT_COMMITTED","ORIGINAL_PROVIDER","Excluded from ordinary Git tracking by repository preparation rules"
"EXT00185","D07","3B-HHR.MS.MRG.3IMERG.20250321-S123000-E125959.0750.V07B.HDF5","D:\OneDrive\桌面\Nature Portfolio_Project\00_SCIENTIFIC_REPORTS_RESEARCH_ARCHIVE_20261005\07_D07_FLOOD_EVENT\05_D07E_IMERG\01_RAW\3B-HHR.MS.MRG.3IMERG.20250321-S123000-E125959.0750.V07B.HDF5","7.1552",".hdf5","NASA GPM IMERG","flood-event derived product","EXTERNAL_NOT_COMMITTED","ORIGINAL_PROVIDER","Excluded from ordinary Git tracking by repository preparation rules"
"EXT00342","D07","3B-HHR.MS.MRG.3IMERG.20250321-S123000-E125959.0750.V07B.HDF5","D:\OneDrive\桌面\Nature Portfolio_Project\00_SCIENTIFIC_REPORTS_RESEARCH_ARCHIVE_20261005\07_D07_FLOOD_EVENT\D07E_IMERG\RAW_HDF5\3B-HHR.MS.MRG.3IMERG.20250321-S123000-E125959.0750.V07B.HDF5","7.1552",".hdf5","NASA GPM IMERG","flood-event derived product","EXTERNAL_NOT_COMMITTED","ORIGINAL_PROVIDER","Excluded from ordinary Git tracking by repository preparation rules"
"EXT00186","D07","3B-HHR.MS.MRG.3IMERG.20250321-S130000-E132959.0780.V07B.HDF5","D:\OneDrive\桌面\Nature Portfolio_Project\00_SCIENTIFIC_REPORTS_RESEARCH_ARCHIVE_20261005\07_D07_FLOOD_EVENT\05_D07E_IMERG\01_RAW\3B-HHR.MS.MRG.3IMERG.20250321-S130000-E132959.0780.V07B.HDF5","7.2684",".hdf5","NASA GPM IMERG","flood-event derived product","EXTERNAL_NOT_COMMITTED","ORIGINAL_PROVIDER","Excluded from ordinary Git tracking by repository preparation rules"
"EXT00343","D07","3B-HHR.MS.MRG.3IMERG.20250321-S130000-E132959.0780.V07B.HDF5","D:\OneDrive\桌面\Nature Portfolio_Project\00_SCIENTIFIC_REPORTS_RESEARCH_ARCHIVE_20261005\07_D07_FLOOD_EVENT\D07E_IMERG\RAW_HDF5\3B-HHR.MS.MRG.3IMERG.20250321-S130000-E132959.0780.V07B.HDF5","7.2684",".hdf5","NASA GPM IMERG","flood-event derived product","EXTERNAL_NOT_COMMITTED","ORIGINAL_PROVIDER","Excluded from ordinary Git tracking by repository preparation rules"
"EXT00187","D07","3B-HHR.MS.MRG.3IMERG.20250321-S133000-E135959.0810.V07B.HDF5","D:\OneDrive\桌面\Nature Portfolio_Project\00_SCIENTIFIC_REPORTS_RESEARCH_ARCHIVE_20261005\07_D07_FLOOD_EVENT\05_D07E_IMERG\01_RAW\3B-HHR.MS.MRG.3IMERG.20250321-S133000-E135959.0810.V07B.HDF5","7.3103",".hdf5","NASA GPM IMERG","flood-event derived product","EXTERNAL_NOT_COMMITTED","ORIGINAL_PROVIDER","Excluded from ordinary Git tracking by repository preparation rules"
"EXT00344","D07","3B-HHR.MS.MRG.3IMERG.20250321-S133000-E135959.0810.V07B.HDF5","D:\OneDrive\桌面\Nature Portfolio_Project\00_SCIENTIFIC_REPORTS_RESEARCH_ARCHIVE_20261005\07_D07_FLOOD_EVENT\D07E_IMERG\RAW_HDF5\3B-HHR.MS.MRG.3IMERG.20250321-S133000-E135959.0810.V07B.HDF5","7.3103",".hdf5","NASA GPM IMERG","flood-event derived product","EXTERNAL_NOT_COMMITTED","ORIGINAL_PROVIDER","Excluded from ordinary Git tracking by repository preparation rules"
"EXT00188","D07","3B-HHR.MS.MRG.3IMERG.20250321-S140000-E142959.0840.V07B.HDF5","D:\OneDrive\桌面\Nature Portfolio_Project\00_SCIENTIFIC_REPORTS_RESEARCH_ARCHIVE_20261005\07_D07_FLOOD_EVENT\05_D07E_IMERG\01_RAW\3B-HHR.MS.MRG.3IMERG.20250321-S140000-E142959.0840.V07B.HDF5","7.3639",".hdf5","NASA GPM IMERG","flood-event derived product","EXTERNAL_NOT_COMMITTED","ORIGINAL_PROVIDER","Excluded from ordinary Git tracking by repository preparation rules"
"EXT00345","D07","3B-HHR.MS.MRG.3IMERG.20250321-S140000-E142959.0840.V07B.HDF5","D:\OneDrive\桌面\Nature Portfolio_Project\00_SCIENTIFIC_REPORTS_RESEARCH_ARCHIVE_20261005\07_D07_FLOOD_EVENT\D07E_IMERG\RAW_HDF5\3B-HHR.MS.MRG.3IMERG.20250321-S140000-E142959.0840.V07B.HDF5","7.3639",".hdf5","NASA GPM IMERG","flood-event derived product","EXTERNAL_NOT_COMMITTED","ORIGINAL_PROVIDER","Excluded from ordinary Git tracking by repository preparation rules"
"EXT00189","D07","3B-HHR.MS.MRG.3IMERG.20250321-S143000-E145959.0870.V07B.HDF5","D:\OneDrive\桌面\Nature Portfolio_Project\00_SCIENTIFIC_REPORTS_RESEARCH_ARCHIVE_20261005\07_D07_FLOOD_EVENT\05_D07E_IMERG\01_RAW\3B-HHR.MS.MRG.3IMERG.20250321-S143000-E145959.0870.V07B.HDF5","7.353",".hdf5","NASA GPM IMERG","flood-event derived product","EXTERNAL_NOT_COMMITTED","ORIGINAL_PROVIDER","Excluded from ordinary Git tracking by repository preparation rules"
"EXT00346","D07","3B-HHR.MS.MRG.3IMERG.20250321-S143000-E145959.0870.V07B.HDF5","D:\OneDrive\桌面\Nature Portfolio_Project\00_SCIENTIFIC_REPORTS_RESEARCH_ARCHIVE_20261005\07_D07_FLOOD_EVENT\D07E_IMERG\RAW_HDF5\3B-HHR.MS.MRG.3IMERG.20250321-S143000-E145959.0870.V07B.HDF5","7.353",".hdf5","NASA GPM IMERG","flood-event derived product","EXTERNAL_NOT_COMMITTED","ORIGINAL_PROVIDER","Excluded from ordinary Git tracking by repository preparation rules"
"EXT00190","D07","3B-HHR.MS.MRG.3IMERG.20250321-S150000-E152959.0900.V07B.HDF5","D:\OneDrive\桌面\Nature Portfolio_Project\00_SCIENTIFIC_REPORTS_RESEARCH_ARCHIVE_20261005\07_D07_FLOOD_EVENT\05_D07E_IMERG\01_RAW\3B-HHR.MS.MRG.3IMERG.20250321-S150000-E152959.0900.V07B.HDF5","7.3946",".hdf5","NASA GPM IMERG","flood-event derived product","EXTERNAL_NOT_COMMITTED","ORIGINAL_PROVIDER","Excluded from ordinary Git tracking by repository preparation rules"
"EXT00347","D07","3B-HHR.MS.MRG.3IMERG.20250321-S150000-E152959.0900.V07B.HDF5","D:\OneDrive\桌面\Nature Portfolio_Project\00_SCIENTIFIC_REPORTS_RESEARCH_ARCHIVE_20261005\07_D07_FLOOD_EVENT\D07E_IMERG\RAW_HDF5\3B-HHR.MS.MRG.3IMERG.20250321-S150000-E152959.0900.V07B.HDF5","7.3946",".hdf5","NASA GPM IMERG","flood-event derived product","EXTERNAL_NOT_COMMITTED","ORIGINAL_PROVIDER","Excluded from ordinary Git tracking by repository preparation rules"
"EXT00191","D07","3B-HHR.MS.MRG.3IMERG.20250321-S153000-E155959.0930.V07B.HDF5","D:\OneDrive\桌面\Nature Portfolio_Project\00_SCIENTIFIC_REPORTS_RESEARCH_ARCHIVE_20261005\07_D07_FLOOD_EVENT\05_D07E_IMERG\01_RAW\3B-HHR.MS.MRG.3IMERG.20250321-S153000-E155959.0930.V07B.HDF5","7.4834",".hdf5","NASA GPM IMERG","flood-event derived product","EXTERNAL_NOT_COMMITTED","ORIGINAL_PROVIDER","Excluded from ordinary Git tracking by repository preparation rules"
"EXT00348","D07","3B-HHR.MS.MRG.3IMERG.20250321-S153000-E155959.0930.V07B.HDF5","D:\OneDrive\桌面\Nature Portfolio_Project\00_SCIENTIFIC_REPORTS_RESEARCH_ARCHIVE_20261005\07_D07_FLOOD_EVENT\D07E_IMERG\RAW_HDF5\3B-HHR.MS.MRG.3IMERG.20250321-S153000-E155959.0930.V07B.HDF5","7.4834",".hdf5","NASA GPM IMERG","flood-event derived product","EXTERNAL_NOT_COMMITTED","ORIGINAL_PROVIDER","Excluded from ordinary Git tracking by repository preparation rules"
"EXT00373","D07","D06R_Corrected_Baseline_Healthcare_Accessibility_Origins.csv.gz","D:\OneDrive\桌面\Nature Portfolio_Project\ScientificReports_JB_Flood_Healthcare_Accessibility\_PACKAGE_STAGE_DO_NOT_COMMIT\pkg_001\PROCESSED\D06R_Corrected_Baseline_Healthcare_Accessibility_Origins.csv.gz","10.5696",".gz","LOCAL_ARCHIVE","flood-event derived product","EXTERNAL_NOT_COMMITTED","ORIGINAL_PROVIDER","Excluded from ordinary Git tracking by repository preparation rules"
"EXT00374","D07","D06R_Routing_Graph_Arcs_Time_UNCHANGED.csv.gz","D:\OneDrive\桌面\Nature Portfolio_Project\ScientificReports_JB_Flood_Healthcare_Accessibility\_PACKAGE_STAGE_DO_NOT_COMMIT\pkg_001\PROCESSED\D06R_Routing_Graph_Arcs_Time_UNCHANGED.csv.gz","17.7039",".gz","LOCAL_ARCHIVE","flood-event derived product","EXTERNAL_NOT_COMMITTED","ORIGINAL_PROVIDER","Excluded from ordinary Git tracking by repository preparation rules"
"EXT00375","D07","D06R_Routing_Graph_Nodes_UNCHANGED.csv.gz","D:\OneDrive\桌面\Nature Portfolio_Project\ScientificReports_JB_Flood_Healthcare_Accessibility\_PACKAGE_STAGE_DO_NOT_COMMIT\pkg_001\PROCESSED\D06R_Routing_Graph_Nodes_UNCHANGED.csv.gz","3.6045",".gz","LOCAL_ARCHIVE","flood-event derived product","EXTERNAL_NOT_COMMITTED","ORIGINAL_PROVIDER","Excluded from ordinary Git tracking by repository preparation rules"
"EXT00192","D07","D07AB_2025March_Flood_Event_Register_v0.1.zip","D:\OneDrive\桌面\Nature Portfolio_Project\00_SCIENTIFIC_REPORTS_RESEARCH_ARCHIVE_20261005\07_D07_FLOOD_EVENT\07_PACKAGES\D07AB_2025March_Flood_Event_Register_v0.1.zip","0.0965",".zip","LOCAL_ARCHIVE","flood-event derived product","RELEASE_ASSET_REVIEW","RELEASE_ASSET_REVIEW","Excluded from ordinary Git tracking by repository preparation rules"
"EXT00349","D07","D07AB_2025March_Flood_Event_Register_v0.1.zip","D:\OneDrive\桌面\Nature Portfolio_Project\00_SCIENTIFIC_REPORTS_RESEARCH_ARCHIVE_20261005\07_D07_FLOOD_EVENT\PACKAGES\D07AB_2025March_Flood_Event_Register_v0.1.zip","0.0965",".zip","LOCAL_ARCHIVE","flood-event derived product","RELEASE_ASSET_REVIEW","RELEASE_ASSET_REVIEW","Excluded from ordinary Git tracking by repository preparation rules"
"EXT00193","D07","D07C_D07E_Flood_Hotspots_Hydromet_v0.2.zip","D:\OneDrive\桌面\Nature Portfolio_Project\00_SCIENTIFIC_REPORTS_RESEARCH_ARCHIVE_20261005\07_D07_FLOOD_EVENT\07_PACKAGES\D07C_D07E_Flood_Hotspots_Hydromet_v0.2.zip","0.0995",".zip","LOCAL_ARCHIVE","flood-event derived product","RELEASE_ASSET_REVIEW","RELEASE_ASSET_REVIEW","Excluded from ordinary Git tracking by repository preparation rules"
"EXT00350","D07","D07C_D07E_Flood_Hotspots_Hydromet_v0.2.zip","D:\OneDrive\桌面\Nature Portfolio_Project\00_SCIENTIFIC_REPORTS_RESEARCH_ARCHIVE_20261005\07_D07_FLOOD_EVENT\PACKAGES\D07C_D07E_Flood_Hotspots_Hydromet_v0.2.zip","0.0995",".zip","LOCAL_ARCHIVE","flood-event derived product","RELEASE_ASSET_REVIEW","RELEASE_ASSET_REVIEW","Excluded from ordinary Git tracking by repository preparation rules"
"EXT00194","D07","D07E_Final_IMERG_20250319_21_v1.0.zip","D:\OneDrive\桌面\Nature Portfolio_Project\00_SCIENTIFIC_REPORTS_RESEARCH_ARCHIVE_20261005\07_D07_FLOOD_EVENT\07_PACKAGES\D07E_Final_IMERG_20250319_21_v1.0.zip","0.7151",".zip","NASA GPM IMERG","flood-event derived product","RELEASE_ASSET_REVIEW","RELEASE_ASSET_REVIEW","Excluded from ordinary Git tracking by repository preparation rules"
"EXT00351","D07","D07E_Final_IMERG_20250319_21_v1.0.zip","D:\OneDrive\桌面\Nature Portfolio_Project\00_SCIENTIFIC_REPORTS_RESEARCH_ARCHIVE_20261005\07_D07_FLOOD_EVENT\PACKAGES\D07E_Final_IMERG_20250319_21_v1.0.zip","0.7151",".zip","NASA GPM IMERG","flood-event derived product","RELEASE_ASSET_REVIEW","RELEASE_ASSET_REVIEW","Excluded from ordinary Git tracking by repository preparation rules"
"EXT00195","D07","D07E_IMERG_JB_20Cells_HalfHourly.csv.gz","D:\OneDrive\桌面\Nature Portfolio_Project\00_SCIENTIFIC_REPORTS_RESEARCH_ARCHIVE_20261005\07_D07_FLOOD_EVENT\07_PACKAGES\D07E_IMERG_JB_20Cells_HalfHourly.csv.gz","0.1334",".gz","NASA GPM IMERG","flood-event derived product","EXTERNAL_NOT_COMMITTED","ORIGINAL_PROVIDER","Excluded from ordinary Git tracking by repository preparation rules"
"EXT00352","D07","D07E_IMERG_JB_20Cells_HalfHourly.csv.gz","D:\OneDrive\桌面\Nature Portfolio_Project\00_SCIENTIFIC_REPORTS_RESEARCH_ARCHIVE_20261005\07_D07_FLOOD_EVENT\PACKAGES\D07E_IMERG_JB_20Cells_HalfHourly.csv.gz","0.1334",".gz","NASA GPM IMERG","flood-event derived product","EXTERNAL_NOT_COMMITTED","ORIGINAL_PROVIDER","Excluded from ordinary Git tracking by repository preparation rules"
"EXT00376","D07","D07E_IMERG_JB_20Cells_HalfHourly.csv.gz","D:\OneDrive\桌面\Nature Portfolio_Project\ScientificReports_JB_Flood_Healthcare_Accessibility\_PACKAGE_STAGE_DO_NOT_COMMIT\pkg_004\02_HALFHOURLY\D07E_IMERG_JB_20Cells_HalfHourly.csv.gz","0.1334",".gz","NASA GPM IMERG","flood-event derived product","EXTERNAL_NOT_COMMITTED","ORIGINAL_PROVIDER","Excluded from ordinary Git tracking by repository preparation rules"
"EXT00377","D07","D07E_IMERG_JB_20Cells_HalfHourly.csv.gz","D:\OneDrive\桌面\Nature Portfolio_Project\ScientificReports_JB_Flood_Healthcare_Accessibility\_PACKAGE_STAGE_DO_NOT_COMMIT\pkg_009\02_HALFHOURLY\D07E_IMERG_JB_20Cells_HalfHourly.csv.gz","0.1334",".gz","NASA GPM IMERG","flood-event derived product","EXTERNAL_NOT_COMMITTED","ORIGINAL_PROVIDER","Excluded from ordinary Git tracking by repository preparation rules"
"EXT00196","D07","D07E_NASA_IMERG_Download_Helper.zip","D:\OneDrive\桌面\Nature Portfolio_Project\00_SCIENTIFIC_REPORTS_RESEARCH_ARCHIVE_20261005\07_D07_FLOOD_EVENT\07_PACKAGES\D07E_NASA_IMERG_Download_Helper.zip","0.0021",".zip","NASA GPM IMERG","flood-event derived product","RELEASE_ASSET_REVIEW","RELEASE_ASSET_REVIEW","Excluded from ordinary Git tracking by repository preparation rules"
"EXT00353","D07","D07E_NASA_IMERG_Download_Helper.zip","D:\OneDrive\桌面\Nature Portfolio_Project\00_SCIENTIFIC_REPORTS_RESEARCH_ARCHIVE_20261005\07_D07_FLOOD_EVENT\PACKAGES\D07E_NASA_IMERG_Download_Helper.zip","0.0021",".zip","NASA GPM IMERG","flood-event derived product","RELEASE_ASSET_REVIEW","RELEASE_ASSET_REVIEW","Excluded from ordinary Git tracking by repository preparation rules"
"EXT00197","D07","D07F_Closure_Spatialization_IMERG_Readiness_v0.3.zip","D:\OneDrive\桌面\Nature Portfolio_Project\00_SCIENTIFIC_REPORTS_RESEARCH_ARCHIVE_20261005\07_D07_FLOOD_EVENT\07_PACKAGES\D07F_Closure_Spatialization_IMERG_Readiness_v0.3.zip","0.1758",".zip","NASA GPM IMERG","flood-event derived product","RELEASE_ASSET_REVIEW","RELEASE_ASSET_REVIEW","Excluded from ordinary Git tracking by repository preparation rules"
"EXT00354","D07","D07F_Closure_Spatialization_IMERG_Readiness_v0.3.zip","D:\OneDrive\桌面\Nature Portfolio_Project\00_SCIENTIFIC_REPORTS_RESEARCH_ARCHIVE_20261005\07_D07_FLOOD_EVENT\PACKAGES\D07F_Closure_Spatialization_IMERG_Readiness_v0.3.zip","0.1758",".zip","NASA GPM IMERG","flood-event derived product","RELEASE_ASSET_REVIEW","RELEASE_ASSET_REVIEW","Excluded from ordinary Git tracking by repository preparation rules"
"EXT00198","D07","RAW_AUTHENTICATED.zip","D:\OneDrive\桌面\Nature Portfolio_Project\00_SCIENTIFIC_REPORTS_RESEARCH_ARCHIVE_20261005\07_D07_FLOOD_EVENT\07_PACKAGES\RAW_AUTHENTICATED.zip","1010.3302",".zip","LOCAL_ARCHIVE","flood-event derived product","EXTERNAL_NOT_COMMITTED","ZENODO","Excluded from ordinary Git tracking by repository preparation rules"
"EXT00355","D07","RAW_AUTHENTICATED.zip","D:\OneDrive\桌面\Nature Portfolio_Project\00_SCIENTIFIC_REPORTS_RESEARCH_ARCHIVE_20261005\07_D07_FLOOD_EVENT\PACKAGES\RAW_AUTHENTICATED.zip","1010.3302",".zip","LOCAL_ARCHIVE","flood-event derived product","EXTERNAL_NOT_COMMITTED","ZENODO","Excluded from ordinary Git tracking by repository preparation rules"
"EXT00199","D07","RAW_AUTHENTICATED_part01.zip","D:\OneDrive\桌面\Nature Portfolio_Project\00_SCIENTIFIC_REPORTS_RESEARCH_ARCHIVE_20261005\07_D07_FLOOD_EVENT\07_PACKAGES\RAW_AUTHENTICATED_part01.zip","177.8673",".zip","LOCAL_ARCHIVE","flood-event derived product","EXTERNAL_NOT_COMMITTED","ZENODO","Excluded from ordinary Git tracking by repository preparation rules"
"EXT00356","D07","RAW_AUTHENTICATED_part01.zip","D:\OneDrive\桌面\Nature Portfolio_Project\00_SCIENTIFIC_REPORTS_RESEARCH_ARCHIVE_20261005\07_D07_FLOOD_EVENT\PACKAGES\RAW_AUTHENTICATED_part01.zip","177.8673",".zip","LOCAL_ARCHIVE","flood-event derived product","EXTERNAL_NOT_COMMITTED","ZENODO","Excluded from ordinary Git tracking by repository preparation rules"
"EXT00200","D07","RAW_AUTHENTICATED_part02.zip","D:\OneDrive\桌面\Nature Portfolio_Project\00_SCIENTIFIC_REPORTS_RESEARCH_ARCHIVE_20261005\07_D07_FLOOD_EVENT\07_PACKAGES\RAW_AUTHENTICATED_part02.zip","181.2857",".zip","LOCAL_ARCHIVE","flood-event derived product","EXTERNAL_NOT_COMMITTED","ZENODO","Excluded from ordinary Git tracking by repository preparation rules"
"EXT00357","D07","RAW_AUTHENTICATED_part02.zip","D:\OneDrive\桌面\Nature Portfolio_Project\00_SCIENTIFIC_REPORTS_RESEARCH_ARCHIVE_20261005\07_D07_FLOOD_EVENT\PACKAGES\RAW_AUTHENTICATED_part02.zip","181.2857",".zip","LOCAL_ARCHIVE","flood-event derived product","EXTERNAL_NOT_COMMITTED","ZENODO","Excluded from ordinary Git tracking by repository preparation rules"
"EXT00201","D07","RAW_AUTHENTICATED_part03.zip","D:\OneDrive\桌面\Nature Portfolio_Project\00_SCIENTIFIC_REPORTS_RESEARCH_ARCHIVE_20261005\07_D07_FLOOD_EVENT\07_PACKAGES\RAW_AUTHENTICATED_part03.zip","177.73",".zip","LOCAL_ARCHIVE","flood-event derived product","EXTERNAL_NOT_COMMITTED","ZENODO","Excluded from ordinary Git tracking by repository preparation rules"
"EXT00358","D07","RAW_AUTHENTICATED_part03.zip","D:\OneDrive\桌面\Nature Portfolio_Project\00_SCIENTIFIC_REPORTS_RESEARCH_ARCHIVE_20261005\07_D07_FLOOD_EVENT\PACKAGES\RAW_AUTHENTICATED_part03.zip","177.73",".zip","LOCAL_ARCHIVE","flood-event derived product","EXTERNAL_NOT_COMMITTED","ZENODO","Excluded from ordinary Git tracking by repository preparation rules"
"EXT00202","D07","RAW_AUTHENTICATED_part04.zip","D:\OneDrive\桌面\Nature Portfolio_Project\00_SCIENTIFIC_REPORTS_RESEARCH_ARCHIVE_20261005\07_D07_FLOOD_EVENT\07_PACKAGES\RAW_AUTHENTICATED_part04.zip","181.103",".zip","LOCAL_ARCHIVE","flood-event derived product","EXTERNAL_NOT_COMMITTED","ZENODO","Excluded from ordinary Git tracking by repository preparation rules"
"EXT00359","D07","RAW_AUTHENTICATED_part04.zip","D:\OneDrive\桌面\Nature Portfolio_Project\00_SCIENTIFIC_REPORTS_RESEARCH_ARCHIVE_20261005\07_D07_FLOOD_EVENT\PACKAGES\RAW_AUTHENTICATED_part04.zip","181.103",".zip","LOCAL_ARCHIVE","flood-event derived product","EXTERNAL_NOT_COMMITTED","ZENODO","Excluded from ordinary Git tracking by repository preparation rules"
"EXT00203","D07","RAW_AUTHENTICATED_part05.zip","D:\OneDrive\桌面\Nature Portfolio_Project\00_SCIENTIFIC_REPORTS_RESEARCH_ARCHIVE_20261005\07_D07_FLOOD_EVENT\07_PACKAGES\RAW_AUTHENTICATED_part05.zip","181.2901",".zip","LOCAL_ARCHIVE","flood-event derived product","EXTERNAL_NOT_COMMITTED","ZENODO","Excluded from ordinary Git tracking by repository preparation rules"
"EXT00360","D07","RAW_AUTHENTICATED_part05.zip","D:\OneDrive\桌面\Nature Portfolio_Project\00_SCIENTIFIC_REPORTS_RESEARCH_ARCHIVE_20261005\07_D07_FLOOD_EVENT\PACKAGES\RAW_AUTHENTICATED_part05.zip","181.2901",".zip","LOCAL_ARCHIVE","flood-event derived product","EXTERNAL_NOT_COMMITTED","ZENODO","Excluded from ordinary Git tracking by repository preparation rules"
"EXT00204","D07","RAW_AUTHENTICATED_part06.zip","D:\OneDrive\桌面\Nature Portfolio_Project\00_SCIENTIFIC_REPORTS_RESEARCH_ARCHIVE_20261005\07_D07_FLOOD_EVENT\07_PACKAGES\RAW_AUTHENTICATED_part06.zip","110.93",".zip","LOCAL_ARCHIVE","flood-event derived product","EXTERNAL_NOT_COMMITTED","ZENODO","Excluded from ordinary Git tracking by repository preparation rules"
"EXT00361","D07","RAW_AUTHENTICATED_part06.zip","D:\OneDrive\桌面\Nature Portfolio_Project\00_SCIENTIFIC_REPORTS_RESEARCH_ARCHIVE_20261005\07_D07_FLOOD_EVENT\PACKAGES\RAW_AUTHENTICATED_part06.zip","110.93",".zip","LOCAL_ARCHIVE","flood-event derived product","EXTERNAL_NOT_COMMITTED","ZENODO","Excluded from ordinary Git tracking by repository preparation rules"
"EXT00378","D08","D08_D06R_Corrected_Baseline_Origins.csv.gz","D:\OneDrive\桌面\Nature Portfolio_Project\ScientificReports_JB_Flood_Healthcare_Accessibility\_PACKAGE_STAGE_DO_NOT_COMMIT\pkg_013\01_BASELINE_AUDIT\D08_D06R_Corrected_Baseline_Origins.csv.gz","10.526",".gz","LOCAL_ARCHIVE","quality-control and validation output","EXTERNAL_NOT_COMMITTED","ORIGINAL_PROVIDER","Excluded from ordinary Git tracking by repository preparation rules"
"EXT00382","D08","D08_D06R_Corrected_Baseline_Origins.csv.gz","D:\OneDrive\桌面\Nature Portfolio_Project\ScientificReports_JB_Flood_Healthcare_Accessibility\_PACKAGE_STAGE_DO_NOT_COMMIT\pkg_015\01_BASELINE_AUDIT\D08_D06R_Corrected_Baseline_Origins.csv.gz","10.526",".gz","LOCAL_ARCHIVE","quality-control and validation output","EXTERNAL_NOT_COMMITTED","ORIGINAL_PROVIDER","Excluded from ordinary Git tracking by repository preparation rules"
"EXT00379","D08","D08_EVENT_FOOTPRINT_UNION_Origin_Results.csv.gz","D:\OneDrive\桌面\Nature Portfolio_Project\ScientificReports_JB_Flood_Healthcare_Accessibility\_PACKAGE_STAGE_DO_NOT_COMMIT\pkg_013\02_SCENARIO_RESULTS\D08_EVENT_FOOTPRINT_UNION_Origin_Results.csv.gz","2.0049",".gz","LOCAL_ARCHIVE","accessibility impact product","EXTERNAL_NOT_COMMITTED","ORIGINAL_PROVIDER","Excluded from ordinary Git tracking by repository preparation rules"
"EXT00383","D08","D08_EVENT_FOOTPRINT_UNION_Origin_Results.csv.gz","D:\OneDrive\桌面\Nature Portfolio_Project\ScientificReports_JB_Flood_Healthcare_Accessibility\_PACKAGE_STAGE_DO_NOT_COMMIT\pkg_015\02_SCENARIO_RESULTS\D08_EVENT_FOOTPRINT_UNION_Origin_Results.csv.gz","2.0049",".gz","LOCAL_ARCHIVE","accessibility impact product","EXTERNAL_NOT_COMMITTED","ORIGINAL_PROVIDER","Excluded from ordinary Git tracking by repository preparation rules"
"EXT00380","D08","D08_MAR20_OBSERVED_Origin_Results.csv.gz","D:\OneDrive\桌面\Nature Portfolio_Project\ScientificReports_JB_Flood_Healthcare_Accessibility\_PACKAGE_STAGE_DO_NOT_COMMIT\pkg_013\02_SCENARIO_RESULTS\D08_MAR20_OBSERVED_Origin_Results.csv.gz","1.9886",".gz","LOCAL_ARCHIVE","accessibility impact product","EXTERNAL_NOT_COMMITTED","ORIGINAL_PROVIDER","Excluded from ordinary Git tracking by repository preparation rules"
"EXT00384","D08","D08_MAR20_OBSERVED_Origin_Results.csv.gz","D:\OneDrive\桌面\Nature Portfolio_Project\ScientificReports_JB_Flood_Healthcare_Accessibility\_PACKAGE_STAGE_DO_NOT_COMMIT\pkg_015\02_SCENARIO_RESULTS\D08_MAR20_OBSERVED_Origin_Results.csv.gz","1.9886",".gz","LOCAL_ARCHIVE","accessibility impact product","EXTERNAL_NOT_COMMITTED","ORIGINAL_PROVIDER","Excluded from ordinary Git tracking by repository preparation rules"
"EXT00381","D08","D08_MAR21_OBSERVED_Origin_Results.csv.gz","D:\OneDrive\桌面\Nature Portfolio_Project\ScientificReports_JB_Flood_Healthcare_Accessibility\_PACKAGE_STAGE_DO_NOT_COMMIT\pkg_013\02_SCENARIO_RESULTS\D08_MAR21_OBSERVED_Origin_Results.csv.gz","1.9816",".gz","LOCAL_ARCHIVE","accessibility impact product","EXTERNAL_NOT_COMMITTED","ORIGINAL_PROVIDER","Excluded from ordinary Git tracking by repository preparation rules"
"EXT00385","D08","D08_MAR21_OBSERVED_Origin_Results.csv.gz","D:\OneDrive\桌面\Nature Portfolio_Project\ScientificReports_JB_Flood_Healthcare_Accessibility\_PACKAGE_STAGE_DO_NOT_COMMIT\pkg_015\02_SCENARIO_RESULTS\D08_MAR21_OBSERVED_Origin_Results.csv.gz","1.9816",".gz","LOCAL_ARCHIVE","accessibility impact product","EXTERNAL_NOT_COMMITTED","ORIGINAL_PROVIDER","Excluded from ordinary Git tracking by repository preparation rules"
"EXT00362","D08","D08_Sensitivity_and_FloodSusceptibility_GIS_v1.0.zip","D:\OneDrive\桌面\Nature Portfolio_Project\00_SCIENTIFIC_REPORTS_RESEARCH_ARCHIVE_20261005\08_D08_ACCESSIBILITY_IMPACT\08_PACKAGES\D08_Sensitivity_and_FloodSusceptibility_GIS_v1.0.zip","15.3781",".zip","LOCAL_ARCHIVE","accessibility impact product","RELEASE_ASSET_REVIEW","RELEASE_ASSET_REVIEW","Excluded from ordinary Git tracking by repository preparation rules"
"EXT00364","D08","D08_Sensitivity_and_FloodSusceptibility_GIS_v1.0.zip","D:\OneDrive\桌面\Nature Portfolio_Project\00_SCIENTIFIC_REPORTS_RESEARCH_ARCHIVE_20261005\08_D08_ACCESSIBILITY_IMPACT\PACKAGES\D08_Sensitivity_and_FloodSusceptibility_GIS_v1.0.zip","15.3781",".zip","LOCAL_ARCHIVE","accessibility impact product","RELEASE_ASSET_REVIEW","RELEASE_ASSET_REVIEW","Excluded from ordinary Git tracking by repository preparation rules"
"EXT00363","D08","D08_Step1_2025_Observed_Closure_Accessibility_v0.1.zip","D:\OneDrive\桌面\Nature Portfolio_Project\00_SCIENTIFIC_REPORTS_RESEARCH_ARCHIVE_20261005\08_D08_ACCESSIBILITY_IMPACT\08_PACKAGES\D08_Step1_2025_Observed_Closure_Accessibility_v0.1.zip","21.3235",".zip","LOCAL_ARCHIVE","accessibility impact product","RELEASE_ASSET_REVIEW","RELEASE_ASSET_REVIEW","Excluded from ordinary Git tracking by repository preparation rules"
"EXT00365","D08","D08_Step1_2025_Observed_Closure_Accessibility_v0.1.zip","D:\OneDrive\桌面\Nature Portfolio_Project\00_SCIENTIFIC_REPORTS_RESEARCH_ARCHIVE_20261005\08_D08_ACCESSIBILITY_IMPACT\PACKAGES\D08_Step1_2025_Observed_Closure_Accessibility_v0.1.zip","21.3235",".zip","LOCAL_ARCHIVE","accessibility impact product","RELEASE_ASSET_REVIEW","RELEASE_ASSET_REVIEW","Excluded from ordinary Git tracking by repository preparation rules"
"EXT00366","D09","D09_FloodSusceptibility_CriticalRoadPriority_v1.0.zip","D:\OneDrive\桌面\Nature Portfolio_Project\00_SCIENTIFIC_REPORTS_RESEARCH_ARCHIVE_20261005\09_D09_CRITICAL_ROAD_PRIORITY\08_PACKAGES\D09_FloodSusceptibility_CriticalRoadPriority_v1.0.zip","34.7646",".zip","LOCAL_ARCHIVE","critical-road priority product","RELEASE_ASSET_REVIEW","RELEASE_ASSET_REVIEW","Excluded from ordinary Git tracking by repository preparation rules"
"EXT00367","D09","D09_FloodSusceptibility_CriticalRoadPriority_v1.0.zip","D:\OneDrive\桌面\Nature Portfolio_Project\00_SCIENTIFIC_REPORTS_RESEARCH_ARCHIVE_20261005\09_D09_CRITICAL_ROAD_PRIORITY\PACKAGES\D09_FloodSusceptibility_CriticalRoadPriority_v1.0.zip","34.7646",".zip","LOCAL_ARCHIVE","critical-road priority product","RELEASE_ASSET_REVIEW","RELEASE_ASSET_REVIEW","Excluded from ordinary Git tracking by repository preparation rules"
"EXT00368","D10","D10_SpatialEquity_RecoveryBenefit_v1.0.zip","D:\OneDrive\桌面\Nature Portfolio_Project\00_SCIENTIFIC_REPORTS_RESEARCH_ARCHIVE_20261005\10_D10_SPATIAL_EQUITY_RECOVERY\08_PACKAGES\D10_SpatialEquity_RecoveryBenefit_v1.0.zip","0.602",".zip","LOCAL_ARCHIVE","recovery and equity product","RELEASE_ASSET_REVIEW","RELEASE_ASSET_REVIEW","Excluded from ordinary Git tracking by repository preparation rules"
"EXT00369","D10","D10_SpatialEquity_RecoveryBenefit_v1.0.zip","D:\OneDrive\桌面\Nature Portfolio_Project\00_SCIENTIFIC_REPORTS_RESEARCH_ARCHIVE_20261005\10_D10_SPATIAL_EQUITY_RECOVERY\PACKAGES\D10_SpatialEquity_RecoveryBenefit_v1.0.zip","0.602",".zip","LOCAL_ARCHIVE","recovery and equity product","RELEASE_ASSET_REVIEW","RELEASE_ASSET_REVIEW","Excluded from ordinary Git tracking by repository preparation rules"
"EXT00370","D11","D11_Final_Results_Architecture_FigureTable_Freeze_v1.0.zip","D:\OneDrive\桌面\Nature Portfolio_Project\00_SCIENTIFIC_REPORTS_RESEARCH_ARCHIVE_20261005\11_D11_RESULTS_ARCHITECTURE\08_PACKAGES\D11_Final_Results_Architecture_FigureTable_Freeze_v1.0.zip","0.1304",".zip","LOCAL_ARCHIVE","figure or architecture visual","RELEASE_ASSET_REVIEW","RELEASE_ASSET_REVIEW","Excluded from ordinary Git tracking by repository preparation rules"
"EXT00371","D11","D11_Final_Results_Architecture_FigureTable_Freeze_v1.0.zip","D:\OneDrive\桌面\Nature Portfolio_Project\00_SCIENTIFIC_REPORTS_RESEARCH_ARCHIVE_20261005\11_D11_RESULTS_ARCHITECTURE\PACKAGES\D11_Final_Results_Architecture_FigureTable_Freeze_v1.0.zip","0.1304",".zip","LOCAL_ARCHIVE","figure or architecture visual","RELEASE_ASSET_REVIEW","RELEASE_ASSET_REVIEW","Excluded from ordinary Git tracking by repository preparation rules"
"EXT00372","OTHER","ARCHIVE_MISSING_RECOVERY_BUNDLE_20261005.zip","D:\OneDrive\桌面\Nature Portfolio_Project\00_SCIENTIFIC_REPORTS_RESEARCH_ARCHIVE_20261005\90_UNCLASSIFIED\ARCHIVE_MISSING_RECOVERY_BUNDLE_20261005.zip","89.3335",".zip","LOCAL_ARCHIVE","derived or supporting project asset","RELEASE_ASSET_REVIEW","RELEASE_ASSET_REVIEW","Excluded from ordinary Git tracking by repository preparation rules"
