"file_id","module","category","filename","relative_github_path","size_bytes","size_mib","extension","scientific_role","source_archive_path","github_status","notes"
"GH00043","D04","healthcare","D04A1_Public_Healthcare_Facilities.csv","data\healthcare\D04A1_Public_Healthcare_Facilities.csv","10423","0.0099",".csv","derived or supporting project asset","D:\OneDrive\桌面\Nature Portfolio_Project\00_SCIENTIFIC_REPORTS_RESEARCH_ARCHIVE_20261005\04_D04_HEALTHCARE\01_PUBLIC\D04A1_Public_Healthcare_Facilities.csv","TRACK","Copied without content modification"
"GH00046","D04","healthcare","D04A2_Community_Healthcare_Facilities.csv","data\healthcare\D04A2_Community_Healthcare_Facilities.csv","12806","0.0122",".csv","derived or supporting project asset","D:\OneDrive\桌面\Nature Portfolio_Project\00_SCIENTIFIC_REPORTS_RESEARCH_ARCHIVE_20261005\04_D04_HEALTHCARE\02_COMMUNITY\D04A2_Community_Healthcare_Facilities.csv","TRACK","Copied without content modification"
"GH00049","D04","healthcare","D04B_Private_Hospitals_Core.csv","data\healthcare\D04B_Private_Hospitals_Core.csv","8297","0.0079",".csv","derived or supporting project asset","D:\OneDrive\桌面\Nature Portfolio_Project\00_SCIENTIFIC_REPORTS_RESEARCH_ARCHIVE_20261005\04_D04_HEALTHCARE\03_PRIVATE\D04B_Private_Hospitals_Core.csv","TRACK","Copied without content modification"
"GH00052","D04","healthcare","D04C_Healthcare_Master.csv","data\healthcare\D04C_Healthcare_Master.csv","27155","0.0259",".csv","derived or supporting project asset","D:\OneDrive\桌面\Nature Portfolio_Project\00_SCIENTIFIC_REPORTS_RESEARCH_ARCHIVE_20261005\04_D04_HEALTHCARE\04_MASTER\D04C_Healthcare_Master.csv","TRACK","Copied without content modification"
"GH00055","D05","population","D04C_Hospital_Network_Access_Points.csv","data\population\D04C_Hospital_Network_Access_Points.csv","12058","0.0115",".csv","derived or supporting project asset","D:\OneDrive\桌面\Nature Portfolio_Project\00_SCIENTIFIC_REPORTS_RESEARCH_ARCHIVE_20261005\04_D04_HEALTHCARE\05_ROAD_SNAPPING\D04C_Hospital_Network_Access_Points.csv","TRACK","Copied without content modification"
"GH00059","D05","population","D05A_WorldPop_Origins.csv","data\population\D05A_WorldPop_Origins.csv","14136647","13.4818",".csv","derived or supporting project asset","D:\OneDrive\桌面\Nature Portfolio_Project\00_SCIENTIFIC_REPORTS_RESEARCH_ARCHIVE_20261005\05_D05_POPULATION\02_POPULATION_ORIGINS\D05A_WorldPop_Origins.csv","TRACK","Copied without content modification"
"GH00060","D05","population","D05C_WorldPop_Origins_RoadSnap.csv","data\population\D05C_WorldPop_Origins_RoadSnap.csv","32162081","30.6722",".csv","derived or supporting project asset","D:\OneDrive\桌面\Nature Portfolio_Project\00_SCIENTIFIC_REPORTS_RESEARCH_ARCHIVE_20261005\05_D05_POPULATION\02_POPULATION_ORIGINS\D05C_WorldPop_Origins_RoadSnap.csv","TRACK","Copied without content modification"
"GH00077","D06","routing","D06_Baseline_Healthcare_Accessibility_Origins.csv","data\routing\D06_Baseline_Healthcare_Accessibility_Origins.csv","51394197","49.0133",".csv","derived or supporting project asset","D:\OneDrive\桌面\Nature Portfolio_Project\00_SCIENTIFIC_REPORTS_RESEARCH_ARCHIVE_20261005\06_D06_BASELINE_ROUTING\07_BASELINE_RESULTS\D06_Baseline_Healthcare_Accessibility_Origins.csv","TRACK","Copied without content modification"
"GH00075","D06","routing","D06_Hospital_Access_to_RoutingGraph_Mapping.csv","data\routing\D06_Hospital_Access_to_RoutingGraph_Mapping.csv","2474","0.0024",".csv","derived or supporting project asset","D:\OneDrive\桌面\Nature Portfolio_Project\00_SCIENTIFIC_REPORTS_RESEARCH_ARCHIVE_20261005\06_D06_BASELINE_ROUTING\05_HOSPITAL_MAPPING\D06_Hospital_Access_to_RoutingGraph_Mapping.csv","TRACK","Copied without content modification"
"GH00074","D06","routing","D06_Origin_Access_to_RoutingGraph_Mapping.csv","data\routing\D06_Origin_Access_to_RoutingGraph_Mapping.csv","9068110","8.648",".csv","derived or supporting project asset","D:\OneDrive\桌面\Nature Portfolio_Project\00_SCIENTIFIC_REPORTS_RESEARCH_ARCHIVE_20261005\06_D06_BASELINE_ROUTING\04_ORIGIN_MAPPING\D06_Origin_Access_to_RoutingGraph_Mapping.csv","TRACK","Copied without content modification"
"GH00072","D06","routing","D06_ORIGINAL_DEPRECATED_FOR_SCIENTIFIC_COMPARISON.txt","data\routing\D06_ORIGINAL_DEPRECATED_FOR_SCIENTIFIC_COMPARISON.txt","54","0.0001",".txt","derived or supporting project asset","D:\OneDrive\桌面\Nature Portfolio_Project\00_SCIENTIFIC_REPORTS_RESEARCH_ARCHIVE_20261005\06_D06_BASELINE_ROUTING\01_D06_ORIGINAL\D06_ORIGINAL_DEPRECATED_FOR_SCIENTIFIC_COMPARISON.txt","TRACK","Copied without content modification"
"GH00076","D06","routing","D06_Reference_Speed_Model.csv","data\routing\D06_Reference_Speed_Model.csv","167","0.0002",".csv","derived or supporting project asset","D:\OneDrive\桌面\Nature Portfolio_Project\00_SCIENTIFIC_REPORTS_RESEARCH_ARCHIVE_20261005\06_D06_BASELINE_ROUTING\06_SPEED_MODEL\D06_Reference_Speed_Model.csv","TRACK","Copied without content modification"
"GH00078","D06","routing","jcr_journal_baseline_2026.json","data\routing\jcr_journal_baseline_2026.json","7525","0.0072",".json","derived or supporting project asset","D:\OneDrive\桌面\Nature Portfolio_Project\00_SCIENTIFIC_REPORTS_RESEARCH_ARCHIVE_20261005\06_D06_BASELINE_ROUTING\07_BASELINE_RESULTS\jcr_journal_baseline_2026.json","TRACK","Copied without content modification"
"GH00035","D03","terrain","D03C2_Road_Terrain_Metrics.csv","data\terrain\D03C2_Road_Terrain_Metrics.csv","26935634","25.6878",".csv","derived or supporting project asset","D:\OneDrive\桌面\Nature Portfolio_Project\00_SCIENTIFIC_REPORTS_RESEARCH_ARCHIVE_20261005\03_D03_TERRAIN\05_ROAD_TERRAIN\D03C2_Road_Terrain_Metrics.csv","TRACK","Copied without content modification"
"GH00036","D03","terrain","D03C2_Terrain_Coverage_Issues.csv","data\terrain\D03C2_Terrain_Coverage_Issues.csv","18740","0.0179",".csv","derived or supporting project asset","D:\OneDrive\桌面\Nature Portfolio_Project\00_SCIENTIFIC_REPORTS_RESEARCH_ARCHIVE_20261005\03_D03_TERRAIN\06_GIS\D03C2_Terrain_Coverage_Issues.csv","TRACK","Copied without content modification"
"GH00140","D11","docs","D11_Results_Section_Architecture.md","docs\D11_Results_Section_Architecture.md","2738","0.0026",".md","results architecture support","D:\OneDrive\桌面\Nature Portfolio_Project\00_SCIENTIFIC_REPORTS_RESEARCH_ARCHIVE_20261005\11_D11_RESULTS_ARCHITECTURE\04_RESULTS_ARCHITECTURE\D11_Results_Section_Architecture.md","DOCUMENTATION","Copied without content modification"
"GH00141","D11","architecture","D11_Results_Architecture_OnePage.png","figures\architecture\D11_Results_Architecture_OnePage.png","167126","0.1594",".png","figure or architecture visual","D:\OneDrive\桌面\Nature Portfolio_Project\00_SCIENTIFIC_REPORTS_RESEARCH_ARCHIVE_20261005\11_D11_RESULTS_ARCHITECTURE\06_FIGURES\D11_Results_Architecture_OnePage.png","TRACK","Copied without content modification"
"GH00210","D07","results","D07E_IMERG_20250320_Grid_Daily_Rainfall.png","figures\results\D07E_IMERG_20250320_Grid_Daily_Rainfall.png","111563","0.1064",".png","figure or architecture visual","D:\OneDrive\桌面\Nature Portfolio_Project\ScientificReports_JB_Flood_Healthcare_Accessibility\_PACKAGE_STAGE_DO_NOT_COMMIT\pkg_004\07_FIGURES\D07E_IMERG_20250320_Grid_Daily_Rainfall.png","TRACK","Copied without content modification"
"GH00211","D07","results","D07E_JB_AreaWeighted_30min_Rainfall.png","figures\results\D07E_JB_AreaWeighted_30min_Rainfall.png","120132","0.1146",".png","figure or architecture visual","D:\OneDrive\桌面\Nature Portfolio_Project\ScientificReports_JB_Flood_Healthcare_Accessibility\_PACKAGE_STAGE_DO_NOT_COMMIT\pkg_004\07_FIGURES\D07E_JB_AreaWeighted_30min_Rainfall.png","TRACK","Copied without content modification"
"GH00212","D07","results","D07E_JB_AreaWeighted_Rolling_1h.png","figures\results\D07E_JB_AreaWeighted_Rolling_1h.png","124316","0.1186",".png","figure or architecture visual","D:\OneDrive\桌面\Nature Portfolio_Project\ScientificReports_JB_Flood_Healthcare_Accessibility\_PACKAGE_STAGE_DO_NOT_COMMIT\pkg_004\07_FIGURES\D07E_JB_AreaWeighted_Rolling_1h.png","TRACK","Copied without content modification"
"GH00213","D07","results","D07E_JB_AreaWeighted_Rolling_3h.png","figures\results\D07E_JB_AreaWeighted_Rolling_3h.png","116617","0.1112",".png","figure or architecture visual","D:\OneDrive\桌面\Nature Portfolio_Project\ScientificReports_JB_Flood_Healthcare_Accessibility\_PACKAGE_STAGE_DO_NOT_COMMIT\pkg_004\07_FIGURES\D07E_JB_AreaWeighted_Rolling_3h.png","TRACK","Copied without content modification"
"GH00214","D07","results","D07E_JB_AreaWeighted_Rolling_6h.png","figures\results\D07E_JB_AreaWeighted_Rolling_6h.png","113406","0.1082",".png","figure or architecture visual","D:\OneDrive\桌面\Nature Portfolio_Project\ScientificReports_JB_Flood_Healthcare_Accessibility\_PACKAGE_STAGE_DO_NOT_COMMIT\pkg_004\07_FIGURES\D07E_JB_AreaWeighted_Rolling_6h.png","TRACK","Copied without content modification"
"GH00215","D07","results","D07E_Senai_Gauge_vs_IMERG_20250320.png","figures\results\D07E_Senai_Gauge_vs_IMERG_20250320.png","48762","0.0465",".png","figure or architecture visual","D:\OneDrive\桌面\Nature Portfolio_Project\ScientificReports_JB_Flood_Healthcare_Accessibility\_PACKAGE_STAGE_DO_NOT_COMMIT\pkg_004\07_FIGURES\D07E_Senai_Gauge_vs_IMERG_20250320.png","TRACK","Copied without content modification"
"GH00249","D08","results","D08_30_45_60min_Coverage.png","figures\results\D08_30_45_60min_Coverage.png","89074","0.0849",".png","figure or architecture visual","D:\OneDrive\桌面\Nature Portfolio_Project\ScientificReports_JB_Flood_Healthcare_Accessibility\_PACKAGE_STAGE_DO_NOT_COMMIT\pkg_013\07_FIGURES\D08_30_45_60min_Coverage.png","TRACK","Copied without content modification"
"GH00250","D08","results","D08_EventFootprint_TravelTime_Change_Map.png","figures\results\D08_EventFootprint_TravelTime_Change_Map.png","397638","0.3792",".png","figure or architecture visual","D:\OneDrive\桌面\Nature Portfolio_Project\ScientificReports_JB_Flood_Healthcare_Accessibility\_PACKAGE_STAGE_DO_NOT_COMMIT\pkg_013\07_FIGURES\D08_EventFootprint_TravelTime_Change_Map.png","TRACK","Copied without content modification"
"GH00251","D08","results","D08_Global_Mean_TravelTime_Increase.png","figures\results\D08_Global_Mean_TravelTime_Increase.png","91745","0.0875",".png","figure or architecture visual","D:\OneDrive\桌面\Nature Portfolio_Project\ScientificReports_JB_Flood_Healthcare_Accessibility\_PACKAGE_STAGE_DO_NOT_COMMIT\pkg_013\07_FIGURES\D08_Global_Mean_TravelTime_Increase.png","TRACK","Copied without content modification"
"GH00240","D08","results","D08_MAR20_NewlyUnreachable_Sensitivity.png","figures\results\D08_MAR20_NewlyUnreachable_Sensitivity.png","68552","0.0654",".png","figure or architecture visual","D:\OneDrive\桌面\Nature Portfolio_Project\ScientificReports_JB_Flood_Healthcare_Accessibility\_PACKAGE_STAGE_DO_NOT_COMMIT\pkg_012\03_FIGURES\D08_MAR20_NewlyUnreachable_Sensitivity.png","TRACK","Copied without content modification"
"GH00252","D08","results","D08_Newly_Unreachable_Population.png","figures\results\D08_Newly_Unreachable_Population.png","87738","0.0837",".png","figure or architecture visual","D:\OneDrive\桌面\Nature Portfolio_Project\ScientificReports_JB_Flood_Healthcare_Accessibility\_PACKAGE_STAGE_DO_NOT_COMMIT\pkg_013\07_FIGURES\D08_Newly_Unreachable_Population.png","TRACK","Copied without content modification"
"GH00241","D08","results","D08_SingleRoad_Criticality_Sensitivity.png","figures\results\D08_SingleRoad_Criticality_Sensitivity.png","150594","0.1436",".png","figure or architecture visual","D:\OneDrive\桌面\Nature Portfolio_Project\ScientificReports_JB_Flood_Healthcare_Accessibility\_PACKAGE_STAGE_DO_NOT_COMMIT\pkg_012\03_FIGURES\D08_SingleRoad_Criticality_Sensitivity.png","TRACK","Copied without content modification"
"GH00253","D08","results","D08_Subdistrict_Mean_Increase_EventFootprint.png","figures\results\D08_Subdistrict_Mean_Increase_EventFootprint.png","128509","0.1226",".png","figure or architecture visual","D:\OneDrive\桌面\Nature Portfolio_Project\ScientificReports_JB_Flood_Healthcare_Accessibility\_PACKAGE_STAGE_DO_NOT_COMMIT\pkg_013\07_FIGURES\D08_Subdistrict_Mean_Increase_EventFootprint.png","TRACK","Copied without content modification"
"GH00128","D09","results","D09_CRPI_Priority_Map.png","figures\results\D09_CRPI_Priority_Map.png","283867","0.2707",".png","figure or architecture visual","D:\OneDrive\桌面\Nature Portfolio_Project\00_SCIENTIFIC_REPORTS_RESEARCH_ARCHIVE_20261005\09_D09_CRITICAL_ROAD_PRIORITY\06_FIGURES\D09_CRPI_Priority_Map.png","TRACK","Copied without content modification"
"GH00257","D09","results","D09_Observed2025_Recovery_Priority.png","figures\results\D09_Observed2025_Recovery_Priority.png","98976","0.0944",".png","figure or architecture visual","D:\OneDrive\桌面\Nature Portfolio_Project\ScientificReports_JB_Flood_Healthcare_Accessibility\_PACKAGE_STAGE_DO_NOT_COMMIT\pkg_016\04_FIGURES\D09_Observed2025_Recovery_Priority.png","TRACK","Copied without content modification"
"GH00129","D09","results","D09_Susceptibility_Criticality_Matrix.png","figures\results\D09_Susceptibility_Criticality_Matrix.png","154307","0.1472",".png","figure or architecture visual","D:\OneDrive\桌面\Nature Portfolio_Project\00_SCIENTIFIC_REPORTS_RESEARCH_ARCHIVE_20261005\09_D09_CRITICAL_ROAD_PRIORITY\06_FIGURES\D09_Susceptibility_Criticality_Matrix.png","TRACK","Copied without content modification"
"GH00258","D09","results","D09_Top_Corridor_CRPI.png","figures\results\D09_Top_Corridor_CRPI.png","195446","0.1864",".png","figure or architecture visual","D:\OneDrive\桌面\Nature Portfolio_Project\ScientificReports_JB_Flood_Healthcare_Accessibility\_PACKAGE_STAGE_DO_NOT_COMMIT\pkg_016\04_FIGURES\D09_Top_Corridor_CRPI.png","TRACK","Copied without content modification"
"GH00277","D10","results","D10_BestOrder_Cumulative_Recovery.png","figures\results\D10_BestOrder_Cumulative_Recovery.png","103881","0.0991",".png","figure or architecture visual","D:\OneDrive\桌面\Nature Portfolio_Project\ScientificReports_JB_Flood_Healthcare_Accessibility\_PACKAGE_STAGE_DO_NOT_COMMIT\pkg_018\05_FIGURES\D10_BestOrder_Cumulative_Recovery.png","TRACK","Copied without content modification"
"GH00278","D10","results","D10_Equity_Gini_Recovery.png","figures\results\D10_Equity_Gini_Recovery.png","146545","0.1398",".png","figure or architecture visual","D:\OneDrive\桌面\Nature Portfolio_Project\ScientificReports_JB_Flood_Healthcare_Accessibility\_PACKAGE_STAGE_DO_NOT_COMMIT\pkg_018\05_FIGURES\D10_Equity_Gini_Recovery.png","TRACK","Copied without content modification"
"GH00279","D10","results","D10_FirstStep_Recovery_Benefit_AllOrders.png","figures\results\D10_FirstStep_Recovery_Benefit_AllOrders.png","89921","0.0858",".png","figure or architecture visual","D:\OneDrive\桌面\Nature Portfolio_Project\ScientificReports_JB_Flood_Healthcare_Accessibility\_PACKAGE_STAGE_DO_NOT_COMMIT\pkg_018\05_FIGURES\D10_FirstStep_Recovery_Benefit_AllOrders.png","TRACK","Copied without content modification"
"GH00280","D10","results","D10_Origin_RecoveryStage_Map.png","figures\results\D10_Origin_RecoveryStage_Map.png","225885","0.2154",".png","figure or architecture visual","D:\OneDrive\桌面\Nature Portfolio_Project\ScientificReports_JB_Flood_Healthcare_Accessibility\_PACKAGE_STAGE_DO_NOT_COMMIT\pkg_018\05_FIGURES\D10_Origin_RecoveryStage_Map.png","TRACK","Copied without content modification"
"GH00281","D10","results","D10_Tebrau_Plentong_Recovery_Benefit.png","figures\results\D10_Tebrau_Plentong_Recovery_Benefit.png","75867","0.0724",".png","figure or architecture visual","D:\OneDrive\桌面\Nature Portfolio_Project\ScientificReports_JB_Flood_Healthcare_Accessibility\_PACKAGE_STAGE_DO_NOT_COMMIT\pkg_018\05_FIGURES\D10_Tebrau_Plentong_Recovery_Benefit.png","TRACK","Copied without content modification"
"GH00097","D07","results","GIS_Flood_Road_Susceptibility_Screening.png","figures\results\GIS_Flood_Road_Susceptibility_Screening.png","271624","0.259",".png","figure or architecture visual","D:\OneDrive\桌面\Nature Portfolio_Project\00_SCIENTIFIC_REPORTS_RESEARCH_ARCHIVE_20261005\07_D07_FLOOD_EVENT\02_D07B_ROAD_IMPACT\GIS_Flood_Road_Susceptibility_Screening.png","TRACK","Copied without content modification"
"GH00248","D08","accessibility","D08_EventFootprint_Accessibility_Impact_RSO.gpkg","gis\accessibility\D08_EventFootprint_Accessibility_Impact_RSO.gpkg","17944576","17.1133",".gpkg","accessibility impact product","D:\OneDrive\桌面\Nature Portfolio_Project\ScientificReports_JB_Flood_Healthcare_Accessibility\_PACKAGE_STAGE_DO_NOT_COMMIT\pkg_013\06_SPATIAL\D08_EventFootprint_Accessibility_Impact_RSO.gpkg","TRACK","Copied without content modification"
"GH00117","D08","accessibility","JB_Subdistrict_Boundaries_MyGDI_WGS84.geojson","gis\accessibility\JB_Subdistrict_Boundaries_MyGDI_WGS84.geojson","105078","0.1002",".geojson","accessibility impact product","D:\OneDrive\桌面\Nature Portfolio_Project\00_SCIENTIFIC_REPORTS_RESEARCH_ARCHIVE_20261005\08_D08_ACCESSIBILITY_IMPACT\04_SUBDISTRICT\JB_Subdistrict_Boundaries_MyGDI_WGS84.geojson","TRACK","Copied without content modification"
"GH00079","D06","baseline","JB_Baseline_Healthcare_Accessibility_RSO (1).gpkg","gis\baseline\JB_Baseline_Healthcare_Accessibility_RSO (1).gpkg","48787456","46.5273",".gpkg","derived or supporting project asset","D:\OneDrive\桌面\Nature Portfolio_Project\00_SCIENTIFIC_REPORTS_RESEARCH_ARCHIVE_20261005\06_D06_BASELINE_ROUTING\08_GIS\JB_Baseline_Healthcare_Accessibility_RSO (1).gpkg","TRACK","Copied without content modification"
"GH00073","D06","baseline","JB_Baseline_Healthcare_Accessibility_RSO.gpkg","gis\baseline\JB_Baseline_Healthcare_Accessibility_RSO.gpkg","48787456","46.5273",".gpkg","derived or supporting project asset","D:\OneDrive\桌面\Nature Portfolio_Project\00_SCIENTIFIC_REPORTS_RESEARCH_ARCHIVE_20261005\06_D06_BASELINE_ROUTING\03_GRAPH\JB_Baseline_Healthcare_Accessibility_RSO.gpkg","TRACK","Copied without content modification"
"GH00080","D06","baseline","JB_OSM_RoadNetwork_RoutingBuffer10km_RSO.gpkg","gis\baseline\JB_OSM_RoadNetwork_RoutingBuffer10km_RSO.gpkg","84766720","80.8398",".gpkg","derived or supporting project asset","D:\OneDrive\桌面\Nature Portfolio_Project\00_SCIENTIFIC_REPORTS_RESEARCH_ARCHIVE_20261005\06_D06_BASELINE_ROUTING\08_GIS\JB_OSM_RoadNetwork_RoutingBuffer10km_RSO.gpkg","REVIEW_50_100_MIB","Copied without content modification"
"GH00094","D06","baseline","JB_OSM_RoadNetwork_RoutingBuffer10km_RSO__COPY001.gpkg","gis\baseline\JB_OSM_RoadNetwork_RoutingBuffer10km_RSO__COPY001.gpkg","84766720","80.8398",".gpkg","derived or supporting project asset","D:\OneDrive\桌面\Nature Portfolio_Project\00_SCIENTIFIC_REPORTS_RESEARCH_ARCHIVE_20261005\06_D06_BASELINE_ROUTING\GIS\JB_OSM_RoadNetwork_RoutingBuffer10km_RSO__COPY001.gpkg","REVIEW_50_100_MIB","Copied without content modification"
"GH00081","D06","baseline","JB_OSM_RoadNetwork_RoutingBuffer10km_WGS84.gpkg","gis\baseline\JB_OSM_RoadNetwork_RoutingBuffer10km_WGS84.gpkg","84819968","80.8906",".gpkg","derived or supporting project asset","D:\OneDrive\桌面\Nature Portfolio_Project\00_SCIENTIFIC_REPORTS_RESEARCH_ARCHIVE_20261005\06_D06_BASELINE_ROUTING\08_GIS\JB_OSM_RoadNetwork_RoutingBuffer10km_WGS84.gpkg","REVIEW_50_100_MIB","Copied without content modification"
"GH00095","D06","baseline","JB_OSM_RoadNetwork_RoutingBuffer10km_WGS84__COPY001.gpkg","gis\baseline\JB_OSM_RoadNetwork_RoutingBuffer10km_WGS84__COPY001.gpkg","84819968","80.8906",".gpkg","derived or supporting project asset","D:\OneDrive\桌面\Nature Portfolio_Project\00_SCIENTIFIC_REPORTS_RESEARCH_ARCHIVE_20261005\06_D06_BASELINE_ROUTING\GIS\JB_OSM_RoadNetwork_RoutingBuffer10km_WGS84__COPY001.gpkg","REVIEW_50_100_MIB","Copied without content modification"
"GH00126","D09","critical_roads","D09_FloodSusceptibility_CriticalRoadPriority_RSO.gpkg","gis\critical_roads\D09_FloodSusceptibility_CriticalRoadPriority_RSO.gpkg","28131328","26.8281",".gpkg","critical-road priority product","D:\OneDrive\桌面\Nature Portfolio_Project\00_SCIENTIFIC_REPORTS_RESEARCH_ARCHIVE_20261005\09_D09_CRITICAL_ROAD_PRIORITY\05_GIS\D09_FloodSusceptibility_CriticalRoadPriority_RSO.gpkg","TRACK","Copied without content modification"
"GH00127","D09","critical_roads","D09_FloodSusceptibility_CriticalRoadPriority_WGS84.gpkg","gis\critical_roads\D09_FloodSusceptibility_CriticalRoadPriority_WGS84.gpkg","28200960","26.8945",".gpkg","critical-road priority product","D:\OneDrive\桌面\Nature Portfolio_Project\00_SCIENTIFIC_REPORTS_RESEARCH_ARCHIVE_20261005\09_D09_CRITICAL_ROAD_PRIORITY\05_GIS\D09_FloodSusceptibility_CriticalRoadPriority_WGS84.gpkg","TRACK","Copied without content modification"
"GH00146","D07","flood","D06R_Routing_Context_UNCHANGED_RSO.gpkg","gis\flood\D06R_Routing_Context_UNCHANGED_RSO.gpkg","135168","0.1289",".gpkg","flood-event derived product","D:\OneDrive\桌面\Nature Portfolio_Project\ScientificReports_JB_Flood_Healthcare_Accessibility\_PACKAGE_STAGE_DO_NOT_COMMIT\pkg_001\PROCESSED\D06R_Routing_Context_UNCHANGED_RSO.gpkg","TRACK","Copied without content modification"
"GH00168","D07","flood","D07B_Healthcare_Impacts_RSO.gpkg","gis\flood\D07B_Healthcare_Impacts_RSO.gpkg","98304","0.0938",".gpkg","flood-event derived product","D:\OneDrive\桌面\Nature Portfolio_Project\ScientificReports_JB_Flood_Healthcare_Accessibility\_PACKAGE_STAGE_DO_NOT_COMMIT\pkg_002\05_HEALTHCARE_IMPACTS\D07B_Healthcare_Impacts_RSO.gpkg","TRACK","Copied without content modification"
"GH00163","D07","flood","D07B_JKR_Route_OSM_Candidates_RSO.gpkg","gis\flood\D07B_JKR_Route_OSM_Candidates_RSO.gpkg","364544","0.3477",".gpkg","flood-event derived product","D:\OneDrive\桌面\Nature Portfolio_Project\ScientificReports_JB_Flood_Healthcare_Accessibility\_PACKAGE_STAGE_DO_NOT_COMMIT\pkg_002\03_ROAD_IMPACTS\D07B_JKR_Route_OSM_Candidates_RSO.gpkg","TRACK","Copied without content modification"
"GH00189","D07","flood","D07C_2023_Closure_RoadName_Candidates_RSO.gpkg","gis\flood\D07C_2023_Closure_RoadName_Candidates_RSO.gpkg","126976","0.1211",".gpkg","flood-event derived product","D:\OneDrive\桌面\Nature Portfolio_Project\ScientificReports_JB_Flood_Healthcare_Accessibility\_PACKAGE_STAGE_DO_NOT_COMMIT\pkg_003\05_ROAD_IMPACTS\D07C_2023_Closure_RoadName_Candidates_RSO.gpkg","TRACK","Copied without content modification"
"GH00187","D07","flood","D07C_Historical_Locations_OSM_Exact_RSO.gpkg","gis\flood\D07C_Historical_Locations_OSM_Exact_RSO.gpkg","131072","0.125",".gpkg","flood-event derived product","D:\OneDrive\桌面\Nature Portfolio_Project\ScientificReports_JB_Flood_Healthcare_Accessibility\_PACKAGE_STAGE_DO_NOT_COMMIT\pkg_003\04_LOCATION_EVIDENCE\D07C_Historical_Locations_OSM_Exact_RSO.gpkg","TRACK","Copied without content modification"
"GH00181","D07","flood","D07C_JB_Official_Hotspots_OSM_Matched_RSO.gpkg","gis\flood\D07C_JB_Official_Hotspots_OSM_Matched_RSO.gpkg","131072","0.125",".gpkg","flood-event derived product","D:\OneDrive\桌面\Nature Portfolio_Project\ScientificReports_JB_Flood_Healthcare_Accessibility\_PACKAGE_STAGE_DO_NOT_COMMIT\pkg_003\03_HOTSPOT_GAZETTEER\D07C_JB_Official_Hotspots_OSM_Matched_RSO.gpkg","TRACK","Copied without content modification"
"GH00192","D07","flood","D07E_GPM_IMERG_JB_GridCells_WGS84.gpkg","gis\flood\D07E_GPM_IMERG_JB_GridCells_WGS84.gpkg","131072","0.125",".gpkg","flood-event derived product","D:\OneDrive\桌面\Nature Portfolio_Project\ScientificReports_JB_Flood_Healthcare_Accessibility\_PACKAGE_STAGE_DO_NOT_COMMIT\pkg_003\06_GPM_IMERG\D07E_GPM_IMERG_JB_GridCells_WGS84.gpkg","TRACK","Copied without content modification"
"GH00105","D07","flood","D07E_IMERG_JB_Grid_Peaks_WGS84.gpkg","gis\flood\D07E_IMERG_JB_Grid_Peaks_WGS84.gpkg","143360","0.1367",".gpkg","flood-event derived product","D:\OneDrive\桌面\Nature Portfolio_Project\00_SCIENTIFIC_REPORTS_RESEARCH_ARCHIVE_20261005\07_D07_FLOOD_EVENT\05_D07E_IMERG\03_PEAKS\D07E_IMERG_JB_Grid_Peaks_WGS84.gpkg","TRACK","Copied without content modification"
"GH00223","D07","flood","D07F_2023_SourceLimited_Closure_Spatialization_RSO.gpkg","gis\flood\D07F_2023_SourceLimited_Closure_Spatialization_RSO.gpkg","172032","0.1641",".gpkg","flood-event derived product","D:\OneDrive\桌面\Nature Portfolio_Project\ScientificReports_JB_Flood_Healthcare_Accessibility\_PACKAGE_STAGE_DO_NOT_COMMIT\pkg_006\03_PENDING_2023\D07F_2023_SourceLimited_Closure_Spatialization_RSO.gpkg","TRACK","Copied without content modification"
"GH00221","D07","flood","D07F_Authorized_Closure_Spatialization_RSO.gpkg","gis\flood\D07F_Authorized_Closure_Spatialization_RSO.gpkg","159744","0.1523",".gpkg","flood-event derived product","D:\OneDrive\桌面\Nature Portfolio_Project\ScientificReports_JB_Flood_Healthcare_Accessibility\_PACKAGE_STAGE_DO_NOT_COMMIT\pkg_006\02_EDGE_SPATIALIZATION\D07F_Authorized_Closure_Spatialization_RSO.gpkg","TRACK","Copied without content modification"
"GH00147","D07","flood","JB_D06R_Corrected_Healthcare_Accessibility_RSO.gpkg","gis\flood\JB_D06R_Corrected_Healthcare_Accessibility_RSO.gpkg","54329344","51.8125",".gpkg","flood-event derived product","D:\OneDrive\桌面\Nature Portfolio_Project\ScientificReports_JB_Flood_Healthcare_Accessibility\_PACKAGE_STAGE_DO_NOT_COMMIT\pkg_001\PROCESSED\JB_D06R_Corrected_Healthcare_Accessibility_RSO.gpkg","REVIEW_50_100_MIB","Copied without content modification"
"GH00098","D07","flood","JB_Flood_Evidence_and_Road_Susceptibility_Screening_RSO.gpkg","gis\flood\JB_Flood_Evidence_and_Road_Susceptibility_Screening_RSO.gpkg","55484416","52.9141",".gpkg","flood-event derived product","D:\OneDrive\桌面\Nature Portfolio_Project\00_SCIENTIFIC_REPORTS_RESEARCH_ARCHIVE_20261005\07_D07_FLOOD_EVENT\02_D07B_ROAD_IMPACT\JB_Flood_Evidence_and_Road_Susceptibility_Screening_RSO.gpkg","REVIEW_50_100_MIB","Copied without content modification"
"GH00047","D04","gis","JB_Community_Healthcare_D04A2_RSO.gpkg","gis\JB_Community_Healthcare_D04A2_RSO.gpkg","221184","0.2109",".gpkg","derived or supporting project asset","D:\OneDrive\桌面\Nature Portfolio_Project\00_SCIENTIFIC_REPORTS_RESEARCH_ARCHIVE_20261005\04_D04_HEALTHCARE\02_COMMUNITY\JB_Community_Healthcare_D04A2_RSO.gpkg","TRACK","Copied without content modification"
"GH00048","D04","gis","JB_Community_Healthcare_D04A2_WGS84.gpkg","gis\JB_Community_Healthcare_D04A2_WGS84.gpkg","221184","0.2109",".gpkg","derived or supporting project asset","D:\OneDrive\桌面\Nature Portfolio_Project\00_SCIENTIFIC_REPORTS_RESEARCH_ARCHIVE_20261005\04_D04_HEALTHCARE\02_COMMUNITY\JB_Community_Healthcare_D04A2_WGS84.gpkg","TRACK","Copied without content modification"
"GH00053","D04","gis","JB_Healthcare_Master_D04C_RSO.gpkg","gis\JB_Healthcare_Master_D04C_RSO.gpkg","409600","0.3906",".gpkg","derived or supporting project asset","D:\OneDrive\桌面\Nature Portfolio_Project\00_SCIENTIFIC_REPORTS_RESEARCH_ARCHIVE_20261005\04_D04_HEALTHCARE\04_MASTER\JB_Healthcare_Master_D04C_RSO.gpkg","TRACK","Copied without content modification"
"GH00054","D04","gis","JB_Healthcare_Master_D04C_WGS84.gpkg","gis\JB_Healthcare_Master_D04C_WGS84.gpkg","409600","0.3906",".gpkg","derived or supporting project asset","D:\OneDrive\桌面\Nature Portfolio_Project\00_SCIENTIFIC_REPORTS_RESEARCH_ARCHIVE_20261005\04_D04_HEALTHCARE\04_MASTER\JB_Healthcare_Master_D04C_WGS84.gpkg","TRACK","Copied without content modification"
"GH00014","D02","gis","JB_OSM_RoadNetwork_Core_RSO.gpkg","gis\JB_OSM_RoadNetwork_Core_RSO.gpkg","31891456","30.4141",".gpkg","derived or supporting project asset","D:\OneDrive\桌面\Nature Portfolio_Project\00_SCIENTIFIC_REPORTS_RESEARCH_ARCHIVE_20261005\02_D02_ROAD_NETWORK\04_GIS\JB_OSM_RoadNetwork_Core_RSO.gpkg","TRACK","Copied without content modification"
"GH00018","D02","gis","JB_OSM_RoadNetwork_Core_RSO__COPY001.gpkg","gis\JB_OSM_RoadNetwork_Core_RSO__COPY001.gpkg","31891456","30.4141",".gpkg","derived or supporting project asset","D:\OneDrive\桌面\Nature Portfolio_Project\00_SCIENTIFIC_REPORTS_RESEARCH_ARCHIVE_20261005\02_D02_ROAD_NETWORK\GIS\JB_OSM_RoadNetwork_Core_RSO__COPY001.gpkg","TRACK","Copied without content modification"
"GH00037","D03","gis","JB_OSM_RoadNetwork_Core_Terrain_RSO.gpkg","gis\JB_OSM_RoadNetwork_Core_Terrain_RSO.gpkg","46456832","44.3047",".gpkg","derived or supporting project asset","D:\OneDrive\桌面\Nature Portfolio_Project\00_SCIENTIFIC_REPORTS_RESEARCH_ARCHIVE_20261005\03_D03_TERRAIN\06_GIS\JB_OSM_RoadNetwork_Core_Terrain_RSO.gpkg","TRACK","Copied without content modification"
"GH00038","D03","gis","JB_OSM_RoadNetwork_Core_Terrain_WGS84.gpkg","gis\JB_OSM_RoadNetwork_Core_Terrain_WGS84.gpkg","46522368","44.3672",".gpkg","derived or supporting project asset","D:\OneDrive\桌面\Nature Portfolio_Project\00_SCIENTIFIC_REPORTS_RESEARCH_ARCHIVE_20261005\03_D03_TERRAIN\06_GIS\JB_OSM_RoadNetwork_Core_Terrain_WGS84.gpkg","TRACK","Copied without content modification"
"GH00015","D02","gis","JB_OSM_RoadNetwork_Core_WGS84.gpkg","gis\JB_OSM_RoadNetwork_Core_WGS84.gpkg","31956992","30.4766",".gpkg","derived or supporting project asset","D:\OneDrive\桌面\Nature Portfolio_Project\00_SCIENTIFIC_REPORTS_RESEARCH_ARCHIVE_20261005\02_D02_ROAD_NETWORK\04_GIS\JB_OSM_RoadNetwork_Core_WGS84.gpkg","TRACK","Copied without content modification"
"GH00019","D02","gis","JB_OSM_RoadNetwork_Core_WGS84__COPY001.gpkg","gis\JB_OSM_RoadNetwork_Core_WGS84__COPY001.gpkg","31956992","30.4766",".gpkg","derived or supporting project asset","D:\OneDrive\桌面\Nature Portfolio_Project\00_SCIENTIFIC_REPORTS_RESEARCH_ARCHIVE_20261005\02_D02_ROAD_NETWORK\GIS\JB_OSM_RoadNetwork_Core_WGS84__COPY001.gpkg","TRACK","Copied without content modification"
"GH00050","D04","gis","JB_Private_Hospitals_D04B_RSO.gpkg","gis\JB_Private_Hospitals_D04B_RSO.gpkg","147456","0.1406",".gpkg","derived or supporting project asset","D:\OneDrive\桌面\Nature Portfolio_Project\00_SCIENTIFIC_REPORTS_RESEARCH_ARCHIVE_20261005\04_D04_HEALTHCARE\03_PRIVATE\JB_Private_Hospitals_D04B_RSO.gpkg","TRACK","Copied without content modification"
"GH00051","D04","gis","JB_Private_Hospitals_D04B_WGS84.gpkg","gis\JB_Private_Hospitals_D04B_WGS84.gpkg","147456","0.1406",".gpkg","derived or supporting project asset","D:\OneDrive\桌面\Nature Portfolio_Project\00_SCIENTIFIC_REPORTS_RESEARCH_ARCHIVE_20261005\04_D04_HEALTHCARE\03_PRIVATE\JB_Private_Hospitals_D04B_WGS84.gpkg","TRACK","Copied without content modification"
"GH00044","D04","gis","JB_Public_Healthcare_D04A1_RSO.gpkg","gis\JB_Public_Healthcare_D04A1_RSO.gpkg","196608","0.1875",".gpkg","derived or supporting project asset","D:\OneDrive\桌面\Nature Portfolio_Project\00_SCIENTIFIC_REPORTS_RESEARCH_ARCHIVE_20261005\04_D04_HEALTHCARE\01_PUBLIC\JB_Public_Healthcare_D04A1_RSO.gpkg","TRACK","Copied without content modification"
"GH00045","D04","gis","JB_Public_Healthcare_D04A1_WGS84.gpkg","gis\JB_Public_Healthcare_D04A1_WGS84.gpkg","196608","0.1875",".gpkg","derived or supporting project asset","D:\OneDrive\桌面\Nature Portfolio_Project\00_SCIENTIFIC_REPORTS_RESEARCH_ARCHIVE_20261005\04_D04_HEALTHCARE\01_PUBLIC\JB_Public_Healthcare_D04A1_WGS84.gpkg","TRACK","Copied without content modification"
"GH00034","D03","gis","JB_Terrain_LowLyingCandidate_Strict_RSO.tif","gis\JB_Terrain_LowLyingCandidate_Strict_RSO.tif","31878","0.0304",".tif","derived or supporting project asset","D:\OneDrive\桌面\Nature Portfolio_Project\00_SCIENTIFIC_REPORTS_RESEARCH_ARCHIVE_20261005\03_D03_TERRAIN\04_LOW_LYING\JB_Terrain_LowLyingCandidate_Strict_RSO.tif","TRACK","Copied without content modification"
"GH00032","D03","gis","JB_Terrain_RelativeElevation_1000m_RSO.tif","gis\JB_Terrain_RelativeElevation_1000m_RSO.tif","3799505","3.6235",".tif","derived or supporting project asset","D:\OneDrive\桌面\Nature Portfolio_Project\00_SCIENTIFIC_REPORTS_RESEARCH_ARCHIVE_20261005\03_D03_TERRAIN\03_RELATIVE_ELEVATION\JB_Terrain_RelativeElevation_1000m_RSO.tif","TRACK","Copied without content modification"
"GH00033","D03","gis","JB_Terrain_RelativeElevation_500m_RSO.tif","gis\JB_Terrain_RelativeElevation_500m_RSO.tif","3823418","3.6463",".tif","derived or supporting project asset","D:\OneDrive\桌面\Nature Portfolio_Project\00_SCIENTIFIC_REPORTS_RESEARCH_ARCHIVE_20261005\03_D03_TERRAIN\03_RELATIVE_ELEVATION\JB_Terrain_RelativeElevation_500m_RSO.tif","TRACK","Copied without content modification"
"GH00031","D03","gis","JB_Terrain_Slope_Degree_RSO.tif","gis\JB_Terrain_Slope_Degree_RSO.tif","3785897","3.6105",".tif","derived or supporting project asset","D:\OneDrive\桌面\Nature Portfolio_Project\00_SCIENTIFIC_REPORTS_RESEARCH_ARCHIVE_20261005\03_D03_TERRAIN\02_SLOPE\JB_Terrain_Slope_Degree_RSO.tif","TRACK","Copied without content modification"
"GH00058","D05","gis","JB_WorldPop_2026_NetworkAccessPoints_RSO.gpkg","gis\JB_WorldPop_2026_NetworkAccessPoints_RSO.gpkg","19955712","19.0312",".gpkg","derived or supporting project asset","D:\OneDrive\桌面\Nature Portfolio_Project\00_SCIENTIFIC_REPORTS_RESEARCH_ARCHIVE_20261005\05_D05_POPULATION\01_RAW_WORLDPOP\JB_WorldPop_2026_NetworkAccessPoints_RSO.gpkg","TRACK","Copied without content modification"
"GH00061","D05","gis","JB_WorldPop_2026_Origins_RSO.gpkg","gis\JB_WorldPop_2026_Origins_RSO.gpkg","17424384","16.6172",".gpkg","derived or supporting project asset","D:\OneDrive\桌面\Nature Portfolio_Project\00_SCIENTIFIC_REPORTS_RESEARCH_ARCHIVE_20261005\05_D05_POPULATION\02_POPULATION_ORIGINS\JB_WorldPop_2026_Origins_RSO.gpkg","TRACK","Copied without content modification"
"GH00062","D05","gis","JB_WorldPop_2026_Origins_WGS84.gpkg","gis\JB_WorldPop_2026_Origins_WGS84.gpkg","18071552","17.2344",".gpkg","derived or supporting project asset","D:\OneDrive\桌面\Nature Portfolio_Project\00_SCIENTIFIC_REPORTS_RESEARCH_ARCHIVE_20261005\05_D05_POPULATION\02_POPULATION_ORIGINS\JB_WorldPop_2026_Origins_WGS84.gpkg","TRACK","Copied without content modification"
"GH00136","D10","recovery","D10_RecoveryBenefit_SpatialEquity_RSO.gpkg","gis\recovery\D10_RecoveryBenefit_SpatialEquity_RSO.gpkg","294912","0.2812",".gpkg","recovery and equity product","D:\OneDrive\桌面\Nature Portfolio_Project\00_SCIENTIFIC_REPORTS_RESEARCH_ARCHIVE_20261005\10_D10_SPATIAL_EQUITY_RECOVERY\05_GIS\D10_RecoveryBenefit_SpatialEquity_RSO.gpkg","TRACK","Copied without content modification"
"GH00001","D01","study_area","JB_District_Boundary_MyGDI_WGS84.geojson","gis\study_area\JB_District_Boundary_MyGDI_WGS84.geojson","34489","0.0329",".geojson","derived or supporting project asset","D:\OneDrive\桌面\Nature Portfolio_Project\00_SCIENTIFIC_REPORTS_RESEARCH_ARCHIVE_20261005\01_D01_STUDY_AREA\03_GIS\JB_District_Boundary_MyGDI_WGS84.geojson","TRACK","Copied without content modification"
"GH00002","D01","study_area","JB_Study_Area_Final.gpkg","gis\study_area\JB_Study_Area_Final.gpkg","180224","0.1719",".gpkg","derived or supporting project asset","D:\OneDrive\桌面\Nature Portfolio_Project\00_SCIENTIFIC_REPORTS_RESEARCH_ARCHIVE_20261005\01_D01_STUDY_AREA\03_GIS\JB_Study_Area_Final.gpkg","TRACK","Copied without content modification"
"GH00005","D01","study_area","JB_Study_Area_Final__COPY001.gpkg","gis\study_area\JB_Study_Area_Final__COPY001.gpkg","180224","0.1719",".gpkg","derived or supporting project asset","D:\OneDrive\桌面\Nature Portfolio_Project\00_SCIENTIFIC_REPORTS_RESEARCH_ARCHIVE_20261005\01_D01_STUDY_AREA\GIS\JB_Study_Area_Final__COPY001.gpkg","TRACK","Copied without content modification"
"GH00003","D01","study_area","JB_Study_Area_Final_RSO.gpkg","gis\study_area\JB_Study_Area_Final_RSO.gpkg","180224","0.1719",".gpkg","derived or supporting project asset","D:\OneDrive\桌面\Nature Portfolio_Project\00_SCIENTIFIC_REPORTS_RESEARCH_ARCHIVE_20261005\01_D01_STUDY_AREA\03_GIS\JB_Study_Area_Final_RSO.gpkg","TRACK","Copied without content modification"
"GH00006","D01","study_area","JB_Study_Area_Final_RSO__COPY001.gpkg","gis\study_area\JB_Study_Area_Final_RSO__COPY001.gpkg","180224","0.1719",".gpkg","derived or supporting project asset","D:\OneDrive\桌面\Nature Portfolio_Project\00_SCIENTIFIC_REPORTS_RESEARCH_ARCHIVE_20261005\01_D01_STUDY_AREA\GIS\JB_Study_Area_Final_RSO__COPY001.gpkg","TRACK","Copied without content modification"
"GH00011","D02","data_dictionary","D02_Road_Data_Dictionary.csv","metadata\data_dictionary\D02_Road_Data_Dictionary.csv","4140","0.0039",".csv","metadata or provenance","D:\OneDrive\桌面\Nature Portfolio_Project\00_SCIENTIFIC_REPORTS_RESEARCH_ARCHIVE_20261005\02_D02_ROAD_NETWORK\02_CORE\D02_Road_Data_Dictionary.csv","DOCUMENTATION","Copied without content modification"
"GH00023","D02","data_dictionary","D02_Road_Data_Dictionary__COPY001.csv","metadata\data_dictionary\D02_Road_Data_Dictionary__COPY001.csv","4140","0.0039",".csv","metadata or provenance","D:\OneDrive\桌面\Nature Portfolio_Project\00_SCIENTIFIC_REPORTS_RESEARCH_ARCHIVE_20261005\02_D02_ROAD_NETWORK\PROCESSED\D02_Road_Data_Dictionary__COPY001.csv","DOCUMENTATION","Copied without content modification"
"GH00143","D07","data_dictionary","D06R_Data_Dictionary.csv","metadata\data_dictionary\D06R_Data_Dictionary.csv","520","0.0005",".csv","metadata or provenance","D:\OneDrive\桌面\Nature Portfolio_Project\ScientificReports_JB_Flood_Healthcare_Accessibility\_PACKAGE_STAGE_DO_NOT_COMMIT\pkg_001\METADATA\D06R_Data_Dictionary.csv","DOCUMENTATION","Copied without content modification"
"GH00174","D07","data_dictionary","D07AB_Data_Dictionary.csv","metadata\data_dictionary\D07AB_Data_Dictionary.csv","874","0.0008",".csv","metadata or provenance","D:\OneDrive\桌面\Nature Portfolio_Project\ScientificReports_JB_Flood_Healthcare_Accessibility\_PACKAGE_STAGE_DO_NOT_COMMIT\pkg_002\08_METADATA\D07AB_Data_Dictionary.csv","DOCUMENTATION","Copied without content modification"
"GH00203","D07","data_dictionary","D07C_D07E_Data_Dictionary.csv","metadata\data_dictionary\D07C_D07E_Data_Dictionary.csv","862","0.0008",".csv","metadata or provenance","D:\OneDrive\桌面\Nature Portfolio_Project\ScientificReports_JB_Flood_Healthcare_Accessibility\_PACKAGE_STAGE_DO_NOT_COMMIT\pkg_003\09_METADATA\D07C_D07E_Data_Dictionary.csv","DOCUMENTATION","Copied without content modification"
"GH00217","D07","data_dictionary","D07E_Final_Data_Dictionary.csv","metadata\data_dictionary\D07E_Final_Data_Dictionary.csv","639","0.0006",".csv","metadata or provenance","D:\OneDrive\桌面\Nature Portfolio_Project\ScientificReports_JB_Flood_Healthcare_Accessibility\_PACKAGE_STAGE_DO_NOT_COMMIT\pkg_004\09_METADATA\D07E_Final_Data_Dictionary.csv","DOCUMENTATION","Copied without content modification"
"GH00232","D07","data_dictionary","D07F_Data_Dictionary.csv","metadata\data_dictionary\D07F_Data_Dictionary.csv","905","0.0009",".csv","metadata or provenance","D:\OneDrive\桌面\Nature Portfolio_Project\ScientificReports_JB_Flood_Healthcare_Accessibility\_PACKAGE_STAGE_DO_NOT_COMMIT\pkg_006\06_METADATA\D07F_Data_Dictionary.csv","DOCUMENTATION","Copied without content modification"
"GH00267","D09","data_dictionary","D09_Data_Dictionary.csv","metadata\data_dictionary\D09_Data_Dictionary.csv","1133","0.0011",".csv","metadata or provenance","D:\OneDrive\桌面\Nature Portfolio_Project\ScientificReports_JB_Flood_Healthcare_Accessibility\_PACKAGE_STAGE_DO_NOT_COMMIT\pkg_016\06_METADATA\D09_Data_Dictionary.csv","DOCUMENTATION","Copied without content modification"
"GH00285","D10","data_dictionary","D10_Data_Dictionary.csv","metadata\data_dictionary\D10_Data_Dictionary.csv","871","0.0008",".csv","metadata or provenance","D:\OneDrive\桌面\Nature Portfolio_Project\ScientificReports_JB_Flood_Healthcare_Accessibility\_PACKAGE_STAGE_DO_NOT_COMMIT\pkg_018\07_METADATA\D10_Data_Dictionary.csv","DOCUMENTATION","Copied without content modification"
"GH00193","D07","manifests","D07E_GPM_IMERG_V07B_20250319_21_MYT_144_Granule_Manifest.csv","metadata\manifests\D07E_GPM_IMERG_V07B_20250319_21_MYT_144_Granule_Manifest.csv","76411","0.0729",".csv","metadata or provenance","D:\OneDrive\桌面\Nature Portfolio_Project\ScientificReports_JB_Flood_Healthcare_Accessibility\_PACKAGE_STAGE_DO_NOT_COMMIT\pkg_003\06_GPM_IMERG\D07E_GPM_IMERG_V07B_20250319_21_MYT_144_Granule_Manifest.csv","DOCUMENTATION","Copied without content modification"
"GH00008","D02","provenance","D02_OSM_Download_Log.txt","metadata\provenance\D02_OSM_Download_Log.txt","394","0.0004",".txt","derived or supporting project asset","D:\OneDrive\桌面\Nature Portfolio_Project\00_SCIENTIFIC_REPORTS_RESEARCH_ARCHIVE_20261005\02_D02_ROAD_NETWORK\02_CORE\D02_OSM_Download_Log.txt","DOCUMENTATION","Copied without content modification"
"GH00020","D02","provenance","D02_OSM_Download_Log__COPY001.txt","metadata\provenance\D02_OSM_Download_Log__COPY001.txt","394","0.0004",".txt","derived or supporting project asset","D:\OneDrive\桌面\Nature Portfolio_Project\00_SCIENTIFIC_REPORTS_RESEARCH_ARCHIVE_20261005\02_D02_ROAD_NETWORK\PROCESSED\D02_OSM_Download_Log__COPY001.txt","DOCUMENTATION","Copied without content modification"
"GH00009","D02","provenance","D02_OSM_Metadata.json","metadata\provenance\D02_OSM_Metadata.json","3176","0.003",".json","metadata or provenance","D:\OneDrive\桌面\Nature Portfolio_Project\00_SCIENTIFIC_REPORTS_RESEARCH_ARCHIVE_20261005\02_D02_ROAD_NETWORK\02_CORE\D02_OSM_Metadata.json","DOCUMENTATION","Copied without content modification"
"GH00021","D02","provenance","D02_OSM_Metadata__COPY001.json","metadata\provenance\D02_OSM_Metadata__COPY001.json","3176","0.003",".json","metadata or provenance","D:\OneDrive\桌面\Nature Portfolio_Project\00_SCIENTIFIC_REPORTS_RESEARCH_ARCHIVE_20261005\02_D02_ROAD_NETWORK\PROCESSED\D02_OSM_Metadata__COPY001.json","DOCUMENTATION","Copied without content modification"
"GH00010","D02","provenance","D02_OSM_Processing_Log.txt","metadata\provenance\D02_OSM_Processing_Log.txt","1734","0.0017",".txt","derived or supporting project asset","D:\OneDrive\桌面\Nature Portfolio_Project\00_SCIENTIFIC_REPORTS_RESEARCH_ARCHIVE_20261005\02_D02_ROAD_NETWORK\02_CORE\D02_OSM_Processing_Log.txt","DOCUMENTATION","Copied without content modification"
"GH00022","D02","provenance","D02_OSM_Processing_Log__COPY001.txt","metadata\provenance\D02_OSM_Processing_Log__COPY001.txt","1734","0.0017",".txt","derived or supporting project asset","D:\OneDrive\桌面\Nature Portfolio_Project\00_SCIENTIFIC_REPORTS_RESEARCH_ARCHIVE_20261005\02_D02_ROAD_NETWORK\PROCESSED\D02_OSM_Processing_Log__COPY001.txt","DOCUMENTATION","Copied without content modification"
"GH00012","D02","provenance","D02B_process_osm.py","metadata\provenance\D02B_process_osm.py","31355","0.0299",".py","derived or supporting project asset","D:\OneDrive\桌面\Nature Portfolio_Project\00_SCIENTIFIC_REPORTS_RESEARCH_ARCHIVE_20261005\02_D02_ROAD_NETWORK\02_CORE\D02B_process_osm.py","DOCUMENTATION","Copied without content modification"
"GH00024","D02","provenance","D02B_process_osm__COPY001.py","metadata\provenance\D02B_process_osm__COPY001.py","31355","0.0299",".py","derived or supporting project asset","D:\OneDrive\桌面\Nature Portfolio_Project\00_SCIENTIFIC_REPORTS_RESEARCH_ARCHIVE_20261005\02_D02_ROAD_NETWORK\PROCESSED\D02B_process_osm__COPY001.py","DOCUMENTATION","Copied without content modification"
"GH00025","D02","provenance","D02B_process_osm__COPY002.py","metadata\provenance\D02B_process_osm__COPY002.py","31355","0.0299",".py","derived or supporting project asset","D:\OneDrive\桌面\Nature Portfolio_Project\00_SCIENTIFIC_REPORTS_RESEARCH_ARCHIVE_20261005\02_D02_ROAD_NETWORK\PROCESSED\D02B_process_osm__COPY002.py","DOCUMENTATION","Copied without content modification"
"GH00144","D07","provenance","D06R_Derived_Files_SHA256.txt","metadata\provenance\D06R_Derived_Files_SHA256.txt","2351","0.0022",".txt","metadata or provenance","D:\OneDrive\桌面\Nature Portfolio_Project\ScientificReports_JB_Flood_Healthcare_Accessibility\_PACKAGE_STAGE_DO_NOT_COMMIT\pkg_001\METADATA\D06R_Derived_Files_SHA256.txt","DOCUMENTATION","Copied without content modification"
"GH00145","D07","provenance","D06R_Metadata.json","metadata\provenance\D06R_Metadata.json","510","0.0005",".json","metadata or provenance","D:\OneDrive\桌面\Nature Portfolio_Project\ScientificReports_JB_Flood_Healthcare_Accessibility\_PACKAGE_STAGE_DO_NOT_COMMIT\pkg_001\METADATA\D06R_Metadata.json","DOCUMENTATION","Copied without content modification"
"GH00173","D07","provenance","D07_Event_Inclusion_Criteria.json","metadata\provenance\D07_Event_Inclusion_Criteria.json","1758","0.0017",".json","metadata or provenance","D:\OneDrive\桌面\Nature Portfolio_Project\ScientificReports_JB_Flood_Healthcare_Accessibility\_PACKAGE_STAGE_DO_NOT_COMMIT\pkg_002\08_METADATA\D07_Event_Inclusion_Criteria.json","DOCUMENTATION","Copied without content modification"
"GH00175","D07","provenance","D07AB_Derived_Files_SHA256.txt","metadata\provenance\D07AB_Derived_Files_SHA256.txt","1810","0.0017",".txt","metadata or provenance","D:\OneDrive\桌面\Nature Portfolio_Project\ScientificReports_JB_Flood_Healthcare_Accessibility\_PACKAGE_STAGE_DO_NOT_COMMIT\pkg_002\08_METADATA\D07AB_Derived_Files_SHA256.txt","DOCUMENTATION","Copied without content modification"
"GH00176","D07","provenance","D07AB_Metadata.json","metadata\provenance\D07AB_Metadata.json","845","0.0008",".json","metadata or provenance","D:\OneDrive\桌面\Nature Portfolio_Project\ScientificReports_JB_Flood_Healthcare_Accessibility\_PACKAGE_STAGE_DO_NOT_COMMIT\pkg_002\08_METADATA\D07AB_Metadata.json","DOCUMENTATION","Copied without content modification"
"GH00204","D07","provenance","D07C_D07E_Derived_Files_SHA256.txt","metadata\provenance\D07C_D07E_Derived_Files_SHA256.txt","3504","0.0033",".txt","metadata or provenance","D:\OneDrive\桌面\Nature Portfolio_Project\ScientificReports_JB_Flood_Healthcare_Accessibility\_PACKAGE_STAGE_DO_NOT_COMMIT\pkg_003\09_METADATA\D07C_D07E_Derived_Files_SHA256.txt","DOCUMENTATION","Copied without content modification"
"GH00205","D07","provenance","D07C_D07E_Metadata.json","metadata\provenance\D07C_D07E_Metadata.json","1891","0.0018",".json","metadata or provenance","D:\OneDrive\桌面\Nature Portfolio_Project\ScientificReports_JB_Flood_Healthcare_Accessibility\_PACKAGE_STAGE_DO_NOT_COMMIT\pkg_003\09_METADATA\D07C_D07E_Metadata.json","DOCUMENTATION","Copied without content modification"
"GH00216","D07","provenance","D07E_Derived_Files_SHA256.txt","metadata\provenance\D07E_Derived_Files_SHA256.txt","2417","0.0023",".txt","metadata or provenance","D:\OneDrive\桌面\Nature Portfolio_Project\ScientificReports_JB_Flood_Healthcare_Accessibility\_PACKAGE_STAGE_DO_NOT_COMMIT\pkg_004\09_METADATA\D07E_Derived_Files_SHA256.txt","DOCUMENTATION","Copied without content modification"
"GH00206","D07","provenance","D07E_download_and_aggregate_IMERG.py","metadata\provenance\D07E_download_and_aggregate_IMERG.py","3428","0.0033",".py","flood-event derived product","D:\OneDrive\桌面\Nature Portfolio_Project\ScientificReports_JB_Flood_Healthcare_Accessibility\_PACKAGE_STAGE_DO_NOT_COMMIT\pkg_003\10_CODE\D07E_download_and_aggregate_IMERG.py","DOCUMENTATION","Copied without content modification"
"GH00099","D07","provenance","D07E_download_IMERG_144.py","metadata\provenance\D07E_download_IMERG_144.py","1713","0.0016",".py","flood-event derived product","D:\OneDrive\桌面\Nature Portfolio_Project\00_SCIENTIFIC_REPORTS_RESEARCH_ARCHIVE_20261005\07_D07_FLOOD_EVENT\05_D07E_IMERG\02_PROCESSED\D07E_download_IMERG_144.py","DOCUMENTATION","Copied without content modification"
"GH00218","D07","provenance","D07E_Final_Metadata.json","metadata\provenance\D07E_Final_Metadata.json","1112","0.0011",".json","metadata or provenance","D:\OneDrive\桌面\Nature Portfolio_Project\ScientificReports_JB_Flood_Healthcare_Accessibility\_PACKAGE_STAGE_DO_NOT_COMMIT\pkg_004\09_METADATA\D07E_Final_Metadata.json","DOCUMENTATION","Copied without content modification"
"GH00233","D07","provenance","D07F_Metadata.json","metadata\provenance\D07F_Metadata.json","1436","0.0014",".json","metadata or provenance","D:\OneDrive\桌面\Nature Portfolio_Project\ScientificReports_JB_Flood_Healthcare_Accessibility\_PACKAGE_STAGE_DO_NOT_COMMIT\pkg_006\06_METADATA\D07F_Metadata.json","DOCUMENTATION","Copied without content modification"
"GH00235","D07","provenance","D07F_process_uploaded_IMERG.py","metadata\provenance\D07F_process_uploaded_IMERG.py","2963","0.0028",".py","flood-event derived product","D:\OneDrive\桌面\Nature Portfolio_Project\ScientificReports_JB_Flood_Healthcare_Accessibility\_PACKAGE_STAGE_DO_NOT_COMMIT\pkg_006\07_CODE\D07F_process_uploaded_IMERG.py","DOCUMENTATION","Copied without content modification"
"GH00234","D07","provenance","D07F_SHA256.txt","metadata\provenance\D07F_SHA256.txt","1898","0.0018",".txt","metadata or provenance","D:\OneDrive\桌面\Nature Portfolio_Project\ScientificReports_JB_Flood_Healthcare_Accessibility\_PACKAGE_STAGE_DO_NOT_COMMIT\pkg_006\06_METADATA\D07F_SHA256.txt","DOCUMENTATION","Copied without content modification"
"GH00255","D08","provenance","D08_Derived_Files_SHA256.txt","metadata\provenance\D08_Derived_Files_SHA256.txt","2398","0.0023",".txt","metadata or provenance","D:\OneDrive\桌面\Nature Portfolio_Project\ScientificReports_JB_Flood_Healthcare_Accessibility\_PACKAGE_STAGE_DO_NOT_COMMIT\pkg_013\09_METADATA\D08_Derived_Files_SHA256.txt","DOCUMENTATION","Copied without content modification"
"GH00256","D08","provenance","D08_Metadata.json","metadata\provenance\D08_Metadata.json","807","0.0008",".json","metadata or provenance","D:\OneDrive\桌面\Nature Portfolio_Project\ScientificReports_JB_Flood_Healthcare_Accessibility\_PACKAGE_STAGE_DO_NOT_COMMIT\pkg_013\09_METADATA\D08_Metadata.json","DOCUMENTATION","Copied without content modification"
"GH00243","D08","provenance","D08_Sensitivity_and_GIS_Metadata.json","metadata\provenance\D08_Sensitivity_and_GIS_Metadata.json","732","0.0007",".json","metadata or provenance","D:\OneDrive\桌面\Nature Portfolio_Project\ScientificReports_JB_Flood_Healthcare_Accessibility\_PACKAGE_STAGE_DO_NOT_COMMIT\pkg_012\05_METADATA\D08_Sensitivity_and_GIS_Metadata.json","DOCUMENTATION","Copied without content modification"
"GH00244","D08","provenance","D08_Sensitivity_and_GIS_SHA256.txt","metadata\provenance\D08_Sensitivity_and_GIS_SHA256.txt","1797","0.0017",".txt","metadata or provenance","D:\OneDrive\桌面\Nature Portfolio_Project\ScientificReports_JB_Flood_Healthcare_Accessibility\_PACKAGE_STAGE_DO_NOT_COMMIT\pkg_012\05_METADATA\D08_Sensitivity_and_GIS_SHA256.txt","DOCUMENTATION","Copied without content modification"
"GH00266","D09","provenance","D09_CRPI_Definition.csv","metadata\provenance\D09_CRPI_Definition.csv","1449","0.0014",".csv","metadata or provenance","D:\OneDrive\桌面\Nature Portfolio_Project\ScientificReports_JB_Flood_Healthcare_Accessibility\_PACKAGE_STAGE_DO_NOT_COMMIT\pkg_016\06_METADATA\D09_CRPI_Definition.csv","DOCUMENTATION","Copied without content modification"
"GH00268","D09","provenance","D09_Derived_Files_SHA256.txt","metadata\provenance\D09_Derived_Files_SHA256.txt","2495","0.0024",".txt","metadata or provenance","D:\OneDrive\桌面\Nature Portfolio_Project\ScientificReports_JB_Flood_Healthcare_Accessibility\_PACKAGE_STAGE_DO_NOT_COMMIT\pkg_016\06_METADATA\D09_Derived_Files_SHA256.txt","DOCUMENTATION","Copied without content modification"
"GH00269","D09","provenance","D09_Metadata.json","metadata\provenance\D09_Metadata.json","1158","0.0011",".json","metadata or provenance","D:\OneDrive\桌面\Nature Portfolio_Project\ScientificReports_JB_Flood_Healthcare_Accessibility\_PACKAGE_STAGE_DO_NOT_COMMIT\pkg_016\06_METADATA\D09_Metadata.json","DOCUMENTATION","Copied without content modification"
"GH00286","D10","provenance","D10_Derived_Files_SHA256.txt","metadata\provenance\D10_Derived_Files_SHA256.txt","2659","0.0025",".txt","metadata or provenance","D:\OneDrive\桌面\Nature Portfolio_Project\ScientificReports_JB_Flood_Healthcare_Accessibility\_PACKAGE_STAGE_DO_NOT_COMMIT\pkg_018\07_METADATA\D10_Derived_Files_SHA256.txt","DOCUMENTATION","Copied without content modification"
"GH00287","D10","provenance","D10_Metadata.json","metadata\provenance\D10_Metadata.json","887","0.0008",".json","metadata or provenance","D:\OneDrive\桌面\Nature Portfolio_Project\ScientificReports_JB_Flood_Healthcare_Accessibility\_PACKAGE_STAGE_DO_NOT_COMMIT\pkg_018\07_METADATA\D10_Metadata.json","DOCUMENTATION","Copied without content modification"
"GH00290","D11","provenance","D11_Derived_Files_SHA256.txt","metadata\provenance\D11_Derived_Files_SHA256.txt","750","0.0007",".txt","metadata or provenance","D:\OneDrive\桌面\Nature Portfolio_Project\ScientificReports_JB_Flood_Healthcare_Accessibility\_PACKAGE_STAGE_DO_NOT_COMMIT\pkg_020\06_METADATA\D11_Derived_Files_SHA256.txt","DOCUMENTATION","Copied without content modification"
"GH00291","D11","provenance","D11_Metadata.json","metadata\provenance\D11_Metadata.json","474","0.0005",".json","metadata or provenance","D:\OneDrive\桌面\Nature Portfolio_Project\ScientificReports_JB_Flood_Healthcare_Accessibility\_PACKAGE_STAGE_DO_NOT_COMMIT\pkg_020\06_METADATA\D11_Metadata.json","DOCUMENTATION","Copied without content modification"
"GH00063","D05","provenance","main","metadata\provenance\main","770","0.0007","","derived or supporting project asset","D:\OneDrive\桌面\Nature Portfolio_Project\00_SCIENTIFIC_REPORTS_RESEARCH_ARCHIVE_20261005\05_D05_POPULATION\02_POPULATION_ORIGINS\main","DOCUMENTATION","Copied without content modification"
"GH00064","D05","provenance","main__ALT001","metadata\provenance\main__ALT001","41","0","","derived or supporting project asset","D:\OneDrive\桌面\Nature Portfolio_Project\00_SCIENTIFIC_REPORTS_RESEARCH_ARCHIVE_20261005\05_D05_POPULATION\02_POPULATION_ORIGINS\main__ALT001","DOCUMENTATION","Copied without content modification"
"GH00065","D05","provenance","main__ALT002","metadata\provenance\main__ALT002","41","0","","derived or supporting project asset","D:\OneDrive\桌面\Nature Portfolio_Project\00_SCIENTIFIC_REPORTS_RESEARCH_ARCHIVE_20261005\05_D05_POPULATION\02_POPULATION_ORIGINS\main__ALT002","DOCUMENTATION","Copied without content modification"
"GH00066","D05","provenance","main__ALT003","metadata\provenance\main__ALT003","41","0","","derived or supporting project asset","D:\OneDrive\桌面\Nature Portfolio_Project\00_SCIENTIFIC_REPORTS_RESEARCH_ARCHIVE_20261005\05_D05_POPULATION\02_POPULATION_ORIGINS\main__ALT003","DOCUMENTATION","Copied without content modification"
"GH00071","D05","provenance","main__COPY001","metadata\provenance\main__COPY001","41","0","","derived or supporting project asset","D:\OneDrive\桌面\Nature Portfolio_Project\00_SCIENTIFIC_REPORTS_RESEARCH_ARCHIVE_20261005\05_D05_POPULATION\ORIGINS\main__COPY001","DOCUMENTATION","Copied without content modification"
"GH00070","D05","provenance","main__DUP001","metadata\provenance\main__DUP001","616","0.0006","","derived or supporting project asset","D:\OneDrive\桌面\Nature Portfolio_Project\00_SCIENTIFIC_REPORTS_RESEARCH_ARCHIVE_20261005\05_D05_POPULATION\ORIGINS\main","DOCUMENTATION","Copied without content modification"
"GH00013","D02","provenance","malaysia-singapore-brunei-261003.osm.pbf.md5","metadata\provenance\malaysia-singapore-brunei-261003.osm.pbf.md5","75","0.0001",".md5","derived or supporting project asset","D:\OneDrive\桌面\Nature Portfolio_Project\00_SCIENTIFIC_REPORTS_RESEARCH_ARCHIVE_20261005\02_D02_ROAD_NETWORK\02_CORE\malaysia-singapore-brunei-261003.osm.pbf.md5","DOCUMENTATION","Copied without content modification"
"GH00102","D07","provenance","RUN_D07E_DOWNLOAD.bat","metadata\provenance\RUN_D07E_DOWNLOAD.bat","222","0.0002",".bat","flood-event derived product","D:\OneDrive\桌面\Nature Portfolio_Project\00_SCIENTIFIC_REPORTS_RESEARCH_ARCHIVE_20261005\07_D07_FLOOD_EVENT\05_D07E_IMERG\02_PROCESSED\RUN_D07E_DOWNLOAD.bat","DOCUMENTATION","Copied without content modification"
"GH00030","D03","provenance","sendemail-validate.sample","metadata\provenance\sendemail-validate.sample","2308","0.0022",".sample","derived or supporting project asset","D:\OneDrive\桌面\Nature Portfolio_Project\00_SCIENTIFIC_REPORTS_RESEARCH_ARCHIVE_20261005\03_D03_TERRAIN\01_RAW_DEM\sendemail-validate.sample","DOCUMENTATION","Copied without content modification"
"GH00004","D01","qc","D01_Final_Spatial_Consistency_QC.txt","qc\D01_Final_Spatial_Consistency_QC.txt","944","0.0009",".txt","quality-control and validation output","D:\OneDrive\桌面\Nature Portfolio_Project\00_SCIENTIFIC_REPORTS_RESEARCH_ARCHIVE_20261005\01_D01_STUDY_AREA\04_QC\D01_Final_Spatial_Consistency_QC.txt","TRACK","Copied without content modification"
"GH00007","D01","qc","D01_Final_Spatial_Consistency_QC__COPY001.txt","qc\D01_Final_Spatial_Consistency_QC__COPY001.txt","944","0.0009",".txt","quality-control and validation output","D:\OneDrive\桌面\Nature Portfolio_Project\00_SCIENTIFIC_REPORTS_RESEARCH_ARCHIVE_20261005\01_D01_STUDY_AREA\QC\D01_Final_Spatial_Consistency_QC__COPY001.txt","TRACK","Copied without content modification"
"GH00016","D02","qc","D02_OSM_Core_RoadNetwork_QC.png","qc\D02_OSM_Core_RoadNetwork_QC.png","720363","0.687",".png","quality-control and validation output","D:\OneDrive\桌面\Nature Portfolio_Project\00_SCIENTIFIC_REPORTS_RESEARCH_ARCHIVE_20261005\02_D02_ROAD_NETWORK\05_QC\D02_OSM_Core_RoadNetwork_QC.png","TRACK","Copied without content modification"
"GH00026","D02","qc","D02_OSM_Core_RoadNetwork_QC__COPY001.png","qc\D02_OSM_Core_RoadNetwork_QC__COPY001.png","720363","0.687",".png","quality-control and validation output","D:\OneDrive\桌面\Nature Portfolio_Project\00_SCIENTIFIC_REPORTS_RESEARCH_ARCHIVE_20261005\02_D02_ROAD_NETWORK\QC\D02_OSM_Core_RoadNetwork_QC__COPY001.png","TRACK","Copied without content modification"
"GH00017","D02","qc","D02_OSM_RoadNetwork_QC_Report.txt","qc\D02_OSM_RoadNetwork_QC_Report.txt","3446","0.0033",".txt","quality-control and validation output","D:\OneDrive\桌面\Nature Portfolio_Project\00_SCIENTIFIC_REPORTS_RESEARCH_ARCHIVE_20261005\02_D02_ROAD_NETWORK\05_QC\D02_OSM_RoadNetwork_QC_Report.txt","TRACK","Copied without content modification"
"GH00027","D02","qc","D02_OSM_RoadNetwork_QC_Report__COPY001.txt","qc\D02_OSM_RoadNetwork_QC_Report__COPY001.txt","3446","0.0033",".txt","quality-control and validation output","D:\OneDrive\桌面\Nature Portfolio_Project\00_SCIENTIFIC_REPORTS_RESEARCH_ARCHIVE_20261005\02_D02_ROAD_NETWORK\QC\D02_OSM_RoadNetwork_QC_Report__COPY001.txt","TRACK","Copied without content modification"
"GH00039","D03","qc","D03_Copernicus_GLO30_QC_Report.txt","qc\D03_Copernicus_GLO30_QC_Report.txt","2960","0.0028",".txt","quality-control and validation output","D:\OneDrive\桌面\Nature Portfolio_Project\00_SCIENTIFIC_REPORTS_RESEARCH_ARCHIVE_20261005\03_D03_TERRAIN\07_QC\D03_Copernicus_GLO30_QC_Report.txt","TRACK","Copied without content modification"
"GH00040","D03","qc","D03C1_RelativeElevation_1000m_QC.png","qc\D03C1_RelativeElevation_1000m_QC.png","857342","0.8176",".png","quality-control and validation output","D:\OneDrive\桌面\Nature Portfolio_Project\00_SCIENTIFIC_REPORTS_RESEARCH_ARCHIVE_20261005\03_D03_TERRAIN\07_QC\D03C1_RelativeElevation_1000m_QC.png","TRACK","Copied without content modification"
"GH00041","D03","qc","D03C1_Terrain_Derivatives_QC_Report.txt","qc\D03C1_Terrain_Derivatives_QC_Report.txt","1532","0.0015",".txt","quality-control and validation output","D:\OneDrive\桌面\Nature Portfolio_Project\00_SCIENTIFIC_REPORTS_RESEARCH_ARCHIVE_20261005\03_D03_TERRAIN\07_QC\D03C1_Terrain_Derivatives_QC_Report.txt","TRACK","Copied without content modification"
"GH00042","D03","qc","D03C2_Road_Elevation_QC_Report.txt","qc\D03C2_Road_Elevation_QC_Report.txt","3324","0.0032",".txt","quality-control and validation output","D:\OneDrive\桌面\Nature Portfolio_Project\00_SCIENTIFIC_REPORTS_RESEARCH_ARCHIVE_20261005\03_D03_TERRAIN\07_QC\D03C2_Road_Elevation_QC_Report.txt","TRACK","Copied without content modification"
"GH00056","D04","qc","D04B_Private_Hospitals_QC_Report.txt","qc\D04B_Private_Hospitals_QC_Report.txt","2881","0.0027",".txt","quality-control and validation output","D:\OneDrive\桌面\Nature Portfolio_Project\00_SCIENTIFIC_REPORTS_RESEARCH_ARCHIVE_20261005\04_D04_HEALTHCARE\07_QC\D04B_Private_Hospitals_QC_Report.txt","TRACK","Copied without content modification"
"GH00057","D04","qc","D04C_Healthcare_Master_Access_QC_Report.txt","qc\D04C_Healthcare_Master_Access_QC_Report.txt","3211","0.0031",".txt","quality-control and validation output","D:\OneDrive\桌面\Nature Portfolio_Project\00_SCIENTIFIC_REPORTS_RESEARCH_ARCHIVE_20261005\04_D04_HEALTHCARE\07_QC\D04C_Healthcare_Master_Access_QC_Report.txt","TRACK","Copied without content modification"
"GH00067","D05","qc","D05A_WorldPop_DOSM_Validation.csv","qc\D05A_WorldPop_DOSM_Validation.csv","462","0.0004",".csv","quality-control and validation output","D:\OneDrive\桌面\Nature Portfolio_Project\00_SCIENTIFIC_REPORTS_RESEARCH_ARCHIVE_20261005\05_D05_POPULATION\06_QC\D05A_WorldPop_DOSM_Validation.csv","TRACK","Copied without content modification"
"GH00068","D05","qc","D05A_WorldPop_QC_Report.txt","qc\D05A_WorldPop_QC_Report.txt","3295","0.0031",".txt","quality-control and validation output","D:\OneDrive\桌面\Nature Portfolio_Project\00_SCIENTIFIC_REPORTS_RESEARCH_ARCHIVE_20261005\05_D05_POPULATION\06_QC\D05A_WorldPop_QC_Report.txt","TRACK","Copied without content modification"
"GH00069","D05","qc","D05C_Population_Origin_RoadSnapping_QC_Report.txt","qc\D05C_Population_Origin_RoadSnapping_QC_Report.txt","3274","0.0031",".txt","quality-control and validation output","D:\OneDrive\桌面\Nature Portfolio_Project\00_SCIENTIFIC_REPORTS_RESEARCH_ARCHIVE_20261005\05_D05_POPULATION\06_QC\D05C_Population_Origin_RoadSnapping_QC_Report.txt","TRACK","Copied without content modification"
"GH00028","D06","D06R","D02_OSM_RoutingBuffer_QC.png","qc\D06R\D02_OSM_RoutingBuffer_QC.png","901864","0.8601",".png","quality-control and validation output","D:\OneDrive\桌面\Nature Portfolio_Project\00_SCIENTIFIC_REPORTS_RESEARCH_ARCHIVE_20261005\02_D02_ROAD_NETWORK\QC\D02_OSM_RoutingBuffer_QC.png","TRACK","Copied without content modification"
"GH00029","D06","D06R","D02_OSM_RoutingBuffer_QC__COPY001.png","qc\D06R\D02_OSM_RoutingBuffer_QC__COPY001.png","901864","0.8601",".png","quality-control and validation output","D:\OneDrive\桌面\Nature Portfolio_Project\00_SCIENTIFIC_REPORTS_RESEARCH_ARCHIVE_20261005\02_D02_ROAD_NETWORK\QC\D02_OSM_RoutingBuffer_QC__COPY001.png","TRACK","Copied without content modification"
"GH00082","D06","D06R","D06_Accessibility_Global_Summary.csv","qc\D06R\D06_Accessibility_Global_Summary.csv","507","0.0005",".csv","quality-control and validation output","D:\OneDrive\桌面\Nature Portfolio_Project\00_SCIENTIFIC_REPORTS_RESEARCH_ARCHIVE_20261005\06_D06_BASELINE_ROUTING\09_QC\D06_Accessibility_Global_Summary.csv","TRACK","Copied without content modification"
"GH00083","D06","D06R","D06_Baseline_Routing_Accessibility_QC_Report.txt","qc\D06R\D06_Baseline_Routing_Accessibility_QC_Report.txt","4304","0.0041",".txt","quality-control and validation output","D:\OneDrive\桌面\Nature Portfolio_Project\00_SCIENTIFIC_REPORTS_RESEARCH_ARCHIVE_20261005\06_D06_BASELINE_ROUTING\09_QC\D06_Baseline_Routing_Accessibility_QC_Report.txt","TRACK","Copied without content modification"
"GH00084","D06","D06R","D06_Hospital_TravelTime_Catchment_Summary.csv","qc\D06R\D06_Hospital_TravelTime_Catchment_Summary.csv","2107","0.002",".csv","quality-control and validation output","D:\OneDrive\桌面\Nature Portfolio_Project\00_SCIENTIFIC_REPORTS_RESEARCH_ARCHIVE_20261005\06_D06_BASELINE_ROUTING\09_QC\D06_Hospital_TravelTime_Catchment_Summary.csv","TRACK","Copied without content modification"
"GH00085","D06","D06R","jcr_q1_baseline_20261005.csv","qc\D06R\jcr_q1_baseline_20261005.csv","50376","0.048",".csv","quality-control and validation output","D:\OneDrive\桌面\Nature Portfolio_Project\00_SCIENTIFIC_REPORTS_RESEARCH_ARCHIVE_20261005\06_D06_BASELINE_ROUTING\09_QC\jcr_q1_baseline_20261005.csv","TRACK","Copied without content modification"
"GH00086","D06","D06R","jcr_q1_baseline_20261005.json","qc\D06R\jcr_q1_baseline_20261005.json","219383","0.2092",".json","quality-control and validation output","D:\OneDrive\桌面\Nature Portfolio_Project\00_SCIENTIFIC_REPORTS_RESEARCH_ARCHIVE_20261005\06_D06_BASELINE_ROUTING\09_QC\jcr_q1_baseline_20261005.json","TRACK","Copied without content modification"
"GH00087","D06","D06R","jcr_q1_baseline_20261005.md","qc\D06R\jcr_q1_baseline_20261005.md","8922","0.0085",".md","quality-control and validation output","D:\OneDrive\桌面\Nature Portfolio_Project\00_SCIENTIFIC_REPORTS_RESEARCH_ARCHIVE_20261005\06_D06_BASELINE_ROUTING\09_QC\jcr_q1_baseline_20261005.md","TRACK","Copied without content modification"
"GH00088","D06","D06R","openalex_baseline_20261005.csv","qc\D06R\openalex_baseline_20261005.csv","50583","0.0482",".csv","quality-control and validation output","D:\OneDrive\桌面\Nature Portfolio_Project\00_SCIENTIFIC_REPORTS_RESEARCH_ARCHIVE_20261005\06_D06_BASELINE_ROUTING\09_QC\openalex_baseline_20261005.csv","TRACK","Copied without content modification"
"GH00089","D06","D06R","openalex_baseline_20261005.json","qc\D06R\openalex_baseline_20261005.json","117909","0.1124",".json","quality-control and validation output","D:\OneDrive\桌面\Nature Portfolio_Project\00_SCIENTIFIC_REPORTS_RESEARCH_ARCHIVE_20261005\06_D06_BASELINE_ROUTING\09_QC\openalex_baseline_20261005.json","TRACK","Copied without content modification"
"GH00090","D06","D06R","openalex_baseline_20261005.md","qc\D06R\openalex_baseline_20261005.md","16658","0.0159",".md","quality-control and validation output","D:\OneDrive\桌面\Nature Portfolio_Project\00_SCIENTIFIC_REPORTS_RESEARCH_ARCHIVE_20261005\06_D06_BASELINE_ROUTING\09_QC\openalex_baseline_20261005.md","TRACK","Copied without content modification"
"GH00091","D06","D06R","openalex_baseline_v11_20261005.csv","qc\D06R\openalex_baseline_v11_20261005.csv","54997","0.0524",".csv","quality-control and validation output","D:\OneDrive\桌面\Nature Portfolio_Project\00_SCIENTIFIC_REPORTS_RESEARCH_ARCHIVE_20261005\06_D06_BASELINE_ROUTING\09_QC\openalex_baseline_v11_20261005.csv","TRACK","Copied without content modification"
"GH00092","D06","D06R","openalex_baseline_v11_20261005.json","qc\D06R\openalex_baseline_v11_20261005.json","192859","0.1839",".json","quality-control and validation output","D:\OneDrive\桌面\Nature Portfolio_Project\00_SCIENTIFIC_REPORTS_RESEARCH_ARCHIVE_20261005\06_D06_BASELINE_ROUTING\09_QC\openalex_baseline_v11_20261005.json","TRACK","Copied without content modification"
"GH00093","D06","D06R","openalex_baseline_v11_20261005.md","qc\D06R\openalex_baseline_v11_20261005.md","22282","0.0212",".md","quality-control and validation output","D:\OneDrive\桌面\Nature Portfolio_Project\00_SCIENTIFIC_REPORTS_RESEARCH_ARCHIVE_20261005\06_D06_BASELINE_ROUTING\09_QC\openalex_baseline_v11_20261005.md","TRACK","Copied without content modification"
"GH00149","D07","D07","D06R_Accessibility_Global_Summary.csv","qc\D07\D06R_Accessibility_Global_Summary.csv","535","0.0005",".csv","quality-control and validation output","D:\OneDrive\桌面\Nature Portfolio_Project\ScientificReports_JB_Flood_Healthcare_Accessibility\_PACKAGE_STAGE_DO_NOT_COMMIT\pkg_001\VALIDATION\D06R_Accessibility_Global_Summary.csv","TRACK","Copied without content modification"
"GH00151","D07","D07","D06R_D06_vs_D06R_Global_Comparison.csv","qc\D07\D06R_D06_vs_D06R_Global_Comparison.csv","270","0.0003",".csv","quality-control and validation output","D:\OneDrive\桌面\Nature Portfolio_Project\ScientificReports_JB_Flood_Healthcare_Accessibility\_PACKAGE_STAGE_DO_NOT_COMMIT\pkg_001\VALIDATION\D06R_D06_vs_D06R_Global_Comparison.csv","TRACK","Copied without content modification"
"GH00152","D07","D07","D06R_Hospital_Access_to_RoutingGraph_Mapping_UNCHANGED.csv","qc\D07\D06R_Hospital_Access_to_RoutingGraph_Mapping_UNCHANGED.csv","2474","0.0024",".csv","quality-control and validation output","D:\OneDrive\桌面\Nature Portfolio_Project\ScientificReports_JB_Flood_Healthcare_Accessibility\_PACKAGE_STAGE_DO_NOT_COMMIT\pkg_001\VALIDATION\D06R_Hospital_Access_to_RoutingGraph_Mapping_UNCHANGED.csv","TRACK","Copied without content modification"
"GH00153","D07","D07","D06R_Hospital_Redundancy_Summary.csv","qc\D07\D06R_Hospital_Redundancy_Summary.csv","781","0.0007",".csv","quality-control and validation output","D:\OneDrive\桌面\Nature Portfolio_Project\ScientificReports_JB_Flood_Healthcare_Accessibility\_PACKAGE_STAGE_DO_NOT_COMMIT\pkg_001\VALIDATION\D06R_Hospital_Redundancy_Summary.csv","TRACK","Copied without content modification"
"GH00154","D07","D07","D06R_Hospital_TravelTime_Catchment_Summary.csv","qc\D07\D06R_Hospital_TravelTime_Catchment_Summary.csv","1230","0.0012",".csv","quality-control and validation output","D:\OneDrive\桌面\Nature Portfolio_Project\ScientificReports_JB_Flood_Healthcare_Accessibility\_PACKAGE_STAGE_DO_NOT_COMMIT\pkg_001\VALIDATION\D06R_Hospital_TravelTime_Catchment_Summary.csv","TRACK","Copied without content modification"
"GH00155","D07","D07","D06R_OneWay_Origin_Correction_Audit.csv","qc\D07\D06R_OneWay_Origin_Correction_Audit.csv","335","0.0003",".csv","quality-control and validation output","D:\OneDrive\桌面\Nature Portfolio_Project\ScientificReports_JB_Flood_Healthcare_Accessibility\_PACKAGE_STAGE_DO_NOT_COMMIT\pkg_001\VALIDATION\D06R_OneWay_Origin_Correction_Audit.csv","TRACK","Copied without content modification"
"GH00156","D07","D07","D06R_Origin_Access_to_RoutingGraph_Mapping_UNCHANGED.csv","qc\D07\D06R_Origin_Access_to_RoutingGraph_Mapping_UNCHANGED.csv","9068110","8.648",".csv","quality-control and validation output","D:\OneDrive\桌面\Nature Portfolio_Project\ScientificReports_JB_Flood_Healthcare_Accessibility\_PACKAGE_STAGE_DO_NOT_COMMIT\pkg_001\VALIDATION\D06R_Origin_Access_to_RoutingGraph_Mapping_UNCHANGED.csv","TRACK","Copied without content modification"
"GH00157","D07","D07","D06R_QC_Report.txt","qc\D07\D06R_QC_Report.txt","968","0.0009",".txt","quality-control and validation output","D:\OneDrive\桌面\Nature Portfolio_Project\ScientificReports_JB_Flood_Healthcare_Accessibility\_PACKAGE_STAGE_DO_NOT_COMMIT\pkg_001\VALIDATION\D06R_QC_Report.txt","TRACK","Copied without content modification"
"GH00158","D07","D07","D06R_Reference_Speed_Model_UNCHANGED.csv","qc\D07\D06R_Reference_Speed_Model_UNCHANGED.csv","167","0.0002",".csv","quality-control and validation output","D:\OneDrive\桌面\Nature Portfolio_Project\ScientificReports_JB_Flood_Healthcare_Accessibility\_PACKAGE_STAGE_DO_NOT_COMMIT\pkg_001\VALIDATION\D06R_Reference_Speed_Model_UNCHANGED.csv","TRACK","Copied without content modification"
"GH00159","D07","D07","D06R_Routing_Component_Summary_UNCHANGED.csv","qc\D07\D06R_Routing_Component_Summary_UNCHANGED.csv","6648","0.0063",".csv","quality-control and validation output","D:\OneDrive\桌面\Nature Portfolio_Project\ScientificReports_JB_Flood_Healthcare_Accessibility\_PACKAGE_STAGE_DO_NOT_COMMIT\pkg_001\VALIDATION\D06R_Routing_Component_Summary_UNCHANGED.csv","TRACK","Copied without content modification"
"GH00160","D07","D07","D06R_Speed_Source_Summary_UNCHANGED.csv","qc\D07\D06R_Speed_Source_Summary_UNCHANGED.csv","1404","0.0013",".csv","quality-control and validation output","D:\OneDrive\桌面\Nature Portfolio_Project\ScientificReports_JB_Flood_Healthcare_Accessibility\_PACKAGE_STAGE_DO_NOT_COMMIT\pkg_001\VALIDATION\D06R_Speed_Source_Summary_UNCHANGED.csv","TRACK","Copied without content modification"
"GH00171","D07","D07","D07AB_QC_Report.txt","qc\D07\D07AB_QC_Report.txt","4079","0.0039",".txt","quality-control and validation output","D:\OneDrive\桌面\Nature Portfolio_Project\ScientificReports_JB_Flood_Healthcare_Accessibility\_PACKAGE_STAGE_DO_NOT_COMMIT\pkg_002\07_VALIDATION\D07AB_QC_Report.txt","TRACK","Copied without content modification"
"GH00172","D07","D07","D07B_Recurrent_Validation_Event_Queue.csv","qc\D07\D07B_Recurrent_Validation_Event_Queue.csv","743","0.0007",".csv","quality-control and validation output","D:\OneDrive\桌面\Nature Portfolio_Project\ScientificReports_JB_Flood_Healthcare_Accessibility\_PACKAGE_STAGE_DO_NOT_COMMIT\pkg_002\07_VALIDATION\D07B_Recurrent_Validation_Event_Queue.csv","TRACK","Copied without content modification"
"GH00199","D07","D07","D07C_2025_27_Areas_Recovery_Summary.csv","qc\D07\D07C_2025_27_Areas_Recovery_Summary.csv","382","0.0004",".csv","quality-control and validation output","D:\OneDrive\桌面\Nature Portfolio_Project\ScientificReports_JB_Flood_Healthcare_Accessibility\_PACKAGE_STAGE_DO_NOT_COMMIT\pkg_003\08_VALIDATION\D07C_2025_27_Areas_Recovery_Summary.csv","TRACK","Copied without content modification"
"GH00184","D07","D07","D07C_2025_MBJB_27_Areas_Recovery_Audit.csv","qc\D07\D07C_2025_MBJB_27_Areas_Recovery_Audit.csv","3207","0.0031",".csv","quality-control and validation output","D:\OneDrive\桌面\Nature Portfolio_Project\ScientificReports_JB_Flood_Healthcare_Accessibility\_PACKAGE_STAGE_DO_NOT_COMMIT\pkg_003\04_LOCATION_EVIDENCE\D07C_2025_MBJB_27_Areas_Recovery_Audit.csv","TRACK","Copied without content modification"
"GH00200","D07","D07","D07C_D07E_Data_Count_Summary.csv","qc\D07\D07C_D07E_Data_Count_Summary.csv","733","0.0007",".csv","quality-control and validation output","D:\OneDrive\桌面\Nature Portfolio_Project\ScientificReports_JB_Flood_Healthcare_Accessibility\_PACKAGE_STAGE_DO_NOT_COMMIT\pkg_003\08_VALIDATION\D07C_D07E_Data_Count_Summary.csv","TRACK","Copied without content modification"
"GH00201","D07","D07","D07C_D07E_QC_Report.txt","qc\D07\D07C_D07E_QC_Report.txt","6279","0.006",".txt","quality-control and validation output","D:\OneDrive\桌面\Nature Portfolio_Project\ScientificReports_JB_Flood_Healthcare_Accessibility\_PACKAGE_STAGE_DO_NOT_COMMIT\pkg_003\08_VALIDATION\D07C_D07E_QC_Report.txt","TRACK","Copied without content modification"
"GH00202","D07","D07","D07C_Evidence_Quality_Summary.csv","qc\D07\D07C_Evidence_Quality_Summary.csv","115","0.0001",".csv","quality-control and validation output","D:\OneDrive\桌面\Nature Portfolio_Project\ScientificReports_JB_Flood_Healthcare_Accessibility\_PACKAGE_STAGE_DO_NOT_COMMIT\pkg_003\08_VALIDATION\D07C_Evidence_Quality_Summary.csv","TRACK","Copied without content modification"
"GH00186","D07","D07","D07C_Historical_Location_OSM_Match_Audit.csv","qc\D07\D07C_Historical_Location_OSM_Match_Audit.csv","8691","0.0083",".csv","quality-control and validation output","D:\OneDrive\桌面\Nature Portfolio_Project\ScientificReports_JB_Flood_Healthcare_Accessibility\_PACKAGE_STAGE_DO_NOT_COMMIT\pkg_003\04_LOCATION_EVIDENCE\D07C_Historical_Location_OSM_Match_Audit.csv","TRACK","Copied without content modification"
"GH00108","D07","D07","D07E_Downloaded_IMERG_Inventory.csv","qc\D07\D07E_Downloaded_IMERG_Inventory.csv","28829","0.0275",".csv","quality-control and validation output","D:\OneDrive\桌面\Nature Portfolio_Project\00_SCIENTIFIC_REPORTS_RESEARCH_ARCHIVE_20261005\07_D07_FLOOD_EVENT\05_D07E_IMERG\07_QC\D07E_Downloaded_IMERG_Inventory.csv","TRACK","Copied without content modification"
"GH00109","D07","D07","D07E_Final_QC_Report.txt","qc\D07\D07E_Final_QC_Report.txt","5030","0.0048",".txt","quality-control and validation output","D:\OneDrive\桌面\Nature Portfolio_Project\00_SCIENTIFIC_REPORTS_RESEARCH_ARCHIVE_20261005\07_D07_FLOOD_EVENT\05_D07E_IMERG\07_QC\D07E_Final_QC_Report.txt","TRACK","Copied without content modification"
"GH00110","D07","D07","D07E_IMERG_144_HDF5_Inventory_SHA256.csv","qc\D07\D07E_IMERG_144_HDF5_Inventory_SHA256.csv","31788","0.0303",".csv","quality-control and validation output","D:\OneDrive\桌面\Nature Portfolio_Project\00_SCIENTIFIC_REPORTS_RESEARCH_ARCHIVE_20261005\07_D07_FLOOD_EVENT\05_D07E_IMERG\07_QC\D07E_IMERG_144_HDF5_Inventory_SHA256.csv","TRACK","Copied without content modification"
"GH00111","D07","D07","D07E_IMERG_JB_Daily_AreaWeighted_Summary.csv","qc\D07\D07E_IMERG_JB_Daily_AreaWeighted_Summary.csv","212","0.0002",".csv","quality-control and validation output","D:\OneDrive\桌面\Nature Portfolio_Project\00_SCIENTIFIC_REPORTS_RESEARCH_ARCHIVE_20261005\07_D07_FLOOD_EVENT\05_D07E_IMERG\07_QC\D07E_IMERG_JB_Daily_AreaWeighted_Summary.csv","TRACK","Copied without content modification"
"GH00106","D07","D07","D07E_Senai_MET_vs_IMERG_Daily.csv","qc\D07\D07E_Senai_MET_vs_IMERG_Daily.csv","440","0.0004",".csv","quality-control and validation output","D:\OneDrive\桌面\Nature Portfolio_Project\00_SCIENTIFIC_REPORTS_RESEARCH_ARCHIVE_20261005\07_D07_FLOOD_EVENT\05_D07E_IMERG\04_SENAI_VALIDATION\D07E_Senai_MET_vs_IMERG_Daily.csv","TRACK","Copied without content modification"
"GH00208","D07","D07","D07E_Uploaded_Zip_Parts_QC.csv","qc\D07\D07E_Uploaded_Zip_Parts_QC.csv","691","0.0007",".csv","quality-control and validation output","D:\OneDrive\桌面\Nature Portfolio_Project\ScientificReports_JB_Flood_Healthcare_Accessibility\_PACKAGE_STAGE_DO_NOT_COMMIT\pkg_004\01_RAW_QC\D07E_Uploaded_Zip_Parts_QC.csv","TRACK","Copied without content modification"
"GH00228","D07","D07","D07F_Closure_Spatialization_Checks.csv","qc\D07\D07F_Closure_Spatialization_Checks.csv","833","0.0008",".csv","quality-control and validation output","D:\OneDrive\桌面\Nature Portfolio_Project\ScientificReports_JB_Flood_Healthcare_Accessibility\_PACKAGE_STAGE_DO_NOT_COMMIT\pkg_006\05_VALIDATION\D07F_Closure_Spatialization_Checks.csv","TRACK","Copied without content modification"
"GH00229","D07","D07","D07F_Closure_Spatialization_QC.png","qc\D07\D07F_Closure_Spatialization_QC.png","152294","0.1452",".png","quality-control and validation output","D:\OneDrive\桌面\Nature Portfolio_Project\ScientificReports_JB_Flood_Healthcare_Accessibility\_PACKAGE_STAGE_DO_NOT_COMMIT\pkg_006\05_VALIDATION\D07F_Closure_Spatialization_QC.png","TRACK","Copied without content modification"
"GH00230","D07","D07","D07F_FT003_KM9_Chainage_Calibration_Audit.csv","qc\D07\D07F_FT003_KM9_Chainage_Calibration_Audit.csv","1037","0.001",".csv","quality-control and validation output","D:\OneDrive\桌面\Nature Portfolio_Project\ScientificReports_JB_Flood_Healthcare_Accessibility\_PACKAGE_STAGE_DO_NOT_COMMIT\pkg_006\05_VALIDATION\D07F_FT003_KM9_Chainage_Calibration_Audit.csv","TRACK","Copied without content modification"
"GH00224","D07","D07","D07F_IMERG_144_Granule_Availability_Audit.csv","qc\D07\D07F_IMERG_144_Granule_Availability_Audit.csv","77318","0.0737",".csv","quality-control and validation output","D:\OneDrive\桌面\Nature Portfolio_Project\ScientificReports_JB_Flood_Healthcare_Accessibility\_PACKAGE_STAGE_DO_NOT_COMMIT\pkg_006\04_IMERG_STATUS\D07F_IMERG_144_Granule_Availability_Audit.csv","TRACK","Copied without content modification"
"GH00231","D07","D07","D07F_QC_Report.txt","qc\D07\D07F_QC_Report.txt","3453","0.0033",".txt","quality-control and validation output","D:\OneDrive\桌面\Nature Portfolio_Project\ScientificReports_JB_Flood_Healthcare_Accessibility\_PACKAGE_STAGE_DO_NOT_COMMIT\pkg_006\05_VALIDATION\D07F_QC_Report.txt","TRACK","Copied without content modification"
"GH00242","D07","D07","GIS_Road_Screening_Class_Counts.csv","qc\D07\GIS_Road_Screening_Class_Counts.csv","228","0.0002",".csv","quality-control and validation output","D:\OneDrive\桌面\Nature Portfolio_Project\ScientificReports_JB_Flood_Healthcare_Accessibility\_PACKAGE_STAGE_DO_NOT_COMMIT\pkg_012\04_VALIDATION\GIS_Road_Screening_Class_Counts.csv","TRACK","Copied without content modification"
"GH00096","D08","D08","D06_Accessibility_Subdistrict_Summary.csv","qc\D08\D06_Accessibility_Subdistrict_Summary.csv","2274","0.0022",".csv","quality-control and validation output","D:\OneDrive\桌面\Nature Portfolio_Project\00_SCIENTIFIC_REPORTS_RESEARCH_ARCHIVE_20261005\06_D06_BASELINE_ROUTING\QC\D06_Accessibility_Subdistrict_Summary.csv","TRACK","Copied without content modification"
"GH00150","D08","D08","D06R_Accessibility_Subdistrict_Summary.csv","qc\D08\D06R_Accessibility_Subdistrict_Summary.csv","1597","0.0015",".csv","quality-control and validation output","D:\OneDrive\桌面\Nature Portfolio_Project\ScientificReports_JB_Flood_Healthcare_Accessibility\_PACKAGE_STAGE_DO_NOT_COMMIT\pkg_001\VALIDATION\D06R_Accessibility_Subdistrict_Summary.csv","TRACK","Copied without content modification"
"GH00119","D08","D08","D07E_D08_Gate_Decision.csv","qc\D08\D07E_D08_Gate_Decision.csv","741","0.0007",".csv","quality-control and validation output","D:\OneDrive\桌面\Nature Portfolio_Project\00_SCIENTIFIC_REPORTS_RESEARCH_ARCHIVE_20261005\08_D08_ACCESSIBILITY_IMPACT\07_QC\D07E_D08_Gate_Decision.csv","TRACK","Copied without content modification"
"GH00237","D08","D08","D08_Closure_Shift_Reconstruction_Audit.csv","qc\D08\D08_Closure_Shift_Reconstruction_Audit.csv","606","0.0006",".csv","quality-control and validation output","D:\OneDrive\桌面\Nature Portfolio_Project\ScientificReports_JB_Flood_Healthcare_Accessibility\_PACKAGE_STAGE_DO_NOT_COMMIT\pkg_012\01_SENSITIVITY\D08_Closure_Shift_Reconstruction_Audit.csv","TRACK","Copied without content modification"
"GH00254","D08","D08","D08_Closure_Subedge_Intervals.csv","qc\D08\D08_Closure_Subedge_Intervals.csv","12618","0.012",".csv","quality-control and validation output","D:\OneDrive\桌面\Nature Portfolio_Project\ScientificReports_JB_Flood_Healthcare_Accessibility\_PACKAGE_STAGE_DO_NOT_COMMIT\pkg_013\08_VALIDATION\D08_Closure_Subedge_Intervals.csv","TRACK","Copied without content modification"
"GH00245","D08","D08","D08_D06_OneWay_Origin_Audit.csv","qc\D08\D08_D06_OneWay_Origin_Audit.csv","390","0.0004",".csv","quality-control and validation output","D:\OneDrive\桌面\Nature Portfolio_Project\ScientificReports_JB_Flood_Healthcare_Accessibility\_PACKAGE_STAGE_DO_NOT_COMMIT\pkg_013\01_BASELINE_AUDIT\D08_D06_OneWay_Origin_Audit.csv","TRACK","Copied without content modification"
"GH00246","D08","D08","D08_D06_vs_D06R_Global_Audit.csv","qc\D08\D08_D06_vs_D06R_Global_Audit.csv","258","0.0002",".csv","quality-control and validation output","D:\OneDrive\桌面\Nature Portfolio_Project\ScientificReports_JB_Flood_Healthcare_Accessibility\_PACKAGE_STAGE_DO_NOT_COMMIT\pkg_013\01_BASELINE_AUDIT\D08_D06_vs_D06R_Global_Audit.csv","TRACK","Copied without content modification"
"GH00120","D08","D08","D08_Global_Accessibility_Impact_Summary.csv","qc\D08\D08_Global_Accessibility_Impact_Summary.csv","2275","0.0022",".csv","quality-control and validation output","D:\OneDrive\桌面\Nature Portfolio_Project\00_SCIENTIFIC_REPORTS_RESEARCH_ARCHIVE_20261005\08_D08_ACCESSIBILITY_IMPACT\07_QC\D08_Global_Accessibility_Impact_Summary.csv","TRACK","Copied without content modification"
"GH00121","D08","D08","D08_Sensitivity_and_GIS_QC_Report.txt","qc\D08\D08_Sensitivity_and_GIS_QC_Report.txt","4471","0.0043",".txt","quality-control and validation output","D:\OneDrive\桌面\Nature Portfolio_Project\00_SCIENTIFIC_REPORTS_RESEARCH_ARCHIVE_20261005\08_D08_ACCESSIBILITY_IMPACT\07_QC\D08_Sensitivity_and_GIS_QC_Report.txt","TRACK","Copied without content modification"
"GH00122","D08","D08","D08_Step1_QC_Report.txt","qc\D08\D08_Step1_QC_Report.txt","10428","0.0099",".txt","quality-control and validation output","D:\OneDrive\桌面\Nature Portfolio_Project\00_SCIENTIFIC_REPORTS_RESEARCH_ARCHIVE_20261005\08_D08_ACCESSIBILITY_IMPACT\07_QC\D08_Step1_QC_Report.txt","TRACK","Copied without content modification"
"GH00259","D09","D09","D09_CRPI_Rank_Correlation_Across_ScoreMappings.csv","qc\D09\D09_CRPI_Rank_Correlation_Across_ScoreMappings.csv","141","0.0001",".csv","quality-control and validation output","D:\OneDrive\桌面\Nature Portfolio_Project\ScientificReports_JB_Flood_Healthcare_Accessibility\_PACKAGE_STAGE_DO_NOT_COMMIT\pkg_016\05_VALIDATION\D09_CRPI_Rank_Correlation_Across_ScoreMappings.csv","TRACK","Copied without content modification"
"GH00260","D09","D09","D09_CRPI_Rank_Robustness_Summary.csv","qc\D09\D09_CRPI_Rank_Robustness_Summary.csv","168","0.0002",".csv","quality-control and validation output","D:\OneDrive\桌面\Nature Portfolio_Project\ScientificReports_JB_Flood_Healthcare_Accessibility\_PACKAGE_STAGE_DO_NOT_COMMIT\pkg_016\05_VALIDATION\D09_CRPI_Rank_Robustness_Summary.csv","TRACK","Copied without content modification"
"GH00261","D09","D09","D09_CRPI_vs_ClosureStress_Validation.csv","qc\D09\D09_CRPI_vs_ClosureStress_Validation.csv","368","0.0004",".csv","quality-control and validation output","D:\OneDrive\桌面\Nature Portfolio_Project\ScientificReports_JB_Flood_Healthcare_Accessibility\_PACKAGE_STAGE_DO_NOT_COMMIT\pkg_016\05_VALIDATION\D09_CRPI_vs_ClosureStress_Validation.csv","TRACK","Copied without content modification"
"GH00262","D09","D09","D09_D06_to_CoreRoad_Mapping_Audit.csv","qc\D09\D09_D06_to_CoreRoad_Mapping_Audit.csv","272","0.0003",".csv","quality-control and validation output","D:\OneDrive\桌面\Nature Portfolio_Project\ScientificReports_JB_Flood_Healthcare_Accessibility\_PACKAGE_STAGE_DO_NOT_COMMIT\pkg_016\05_VALIDATION\D09_D06_to_CoreRoad_Mapping_Audit.csv","TRACK","Copied without content modification"
"GH00130","D09","D09","D09_NetworkWide_Corridor_Priority_Summary.csv","qc\D09\D09_NetworkWide_Corridor_Priority_Summary.csv","65460","0.0624",".csv","quality-control and validation output","D:\OneDrive\桌面\Nature Portfolio_Project\00_SCIENTIFIC_REPORTS_RESEARCH_ARCHIVE_20261005\09_D09_CRITICAL_ROAD_PRIORITY\07_QC\D09_NetworkWide_Corridor_Priority_Summary.csv","TRACK","Copied without content modification"
"GH00263","D09","D09","D09_ObservedClosure_D01_Core_Overlap.csv","qc\D09\D09_ObservedClosure_D01_Core_Overlap.csv","284","0.0003",".csv","quality-control and validation output","D:\OneDrive\桌面\Nature Portfolio_Project\ScientificReports_JB_Flood_Healthcare_Accessibility\_PACKAGE_STAGE_DO_NOT_COMMIT\pkg_016\05_VALIDATION\D09_ObservedClosure_D01_Core_Overlap.csv","TRACK","Copied without content modification"
"GH00264","D09","D09","D09_Priority_Class_Counts.csv","qc\D09\D09_Priority_Class_Counts.csv","936","0.0009",".csv","quality-control and validation output","D:\OneDrive\桌面\Nature Portfolio_Project\ScientificReports_JB_Flood_Healthcare_Accessibility\_PACKAGE_STAGE_DO_NOT_COMMIT\pkg_016\05_VALIDATION\D09_Priority_Class_Counts.csv","TRACK","Copied without content modification"
"GH00131","D09","D09","D09_QC_Report.txt","qc\D09\D09_QC_Report.txt","8868","0.0085",".txt","quality-control and validation output","D:\OneDrive\桌面\Nature Portfolio_Project\00_SCIENTIFIC_REPORTS_RESEARCH_ARCHIVE_20261005\09_D09_CRITICAL_ROAD_PRIORITY\07_QC\D09_QC_Report.txt","TRACK","Copied without content modification"
"GH00265","D09","D09","D09_Top20_CRPI_FullSegment_Closure_StressTest.csv","qc\D09\D09_Top20_CRPI_FullSegment_Closure_StressTest.csv","3661","0.0035",".csv","quality-control and validation output","D:\OneDrive\桌面\Nature Portfolio_Project\ScientificReports_JB_Flood_Healthcare_Accessibility\_PACKAGE_STAGE_DO_NOT_COMMIT\pkg_016\05_VALIDATION\D09_Top20_CRPI_FullSegment_Closure_StressTest.csv","TRACK","Copied without content modification"
"GH00282","D10","D10","D10_Closure_Interaction_Audit.csv","qc\D10\D10_Closure_Interaction_Audit.csv","304","0.0003",".csv","quality-control and validation output","D:\OneDrive\桌面\Nature Portfolio_Project\ScientificReports_JB_Flood_Healthcare_Accessibility\_PACKAGE_STAGE_DO_NOT_COMMIT\pkg_018\06_VALIDATION\D10_Closure_Interaction_Audit.csv","TRACK","Copied without content modification"
"GH00137","D10","D10","D10_QC_Report.txt","qc\D10\D10_QC_Report.txt","11165","0.0106",".txt","quality-control and validation output","D:\OneDrive\桌面\Nature Portfolio_Project\00_SCIENTIFIC_REPORTS_RESEARCH_ARCHIVE_20261005\10_D10_SPATIAL_EQUITY_RECOVERY\07_QC\D10_QC_Report.txt","TRACK","Copied without content modification"
"GH00283","D10","D10","D10_Recovery_Order_Robustness_Audit.csv","qc\D10\D10_Recovery_Order_Robustness_Audit.csv","526","0.0005",".csv","quality-control and validation output","D:\OneDrive\桌面\Nature Portfolio_Project\ScientificReports_JB_Flood_Healthcare_Accessibility\_PACKAGE_STAGE_DO_NOT_COMMIT\pkg_018\06_VALIDATION\D10_Recovery_Order_Robustness_Audit.csv","TRACK","Copied without content modification"
"GH00284","D10","D10","D10_RecoveryStage_Origin_Audit.csv","qc\D10\D10_RecoveryStage_Origin_Audit.csv","255","0.0002",".csv","quality-control and validation output","D:\OneDrive\桌面\Nature Portfolio_Project\ScientificReports_JB_Flood_Healthcare_Accessibility\_PACKAGE_STAGE_DO_NOT_COMMIT\pkg_018\06_VALIDATION\D10_RecoveryStage_Origin_Audit.csv","TRACK","Copied without content modification"
"GH00142","D11","D11","D11_Strength_Audit.txt","qc\D11\D11_Strength_Audit.txt","2445","0.0023",".txt","quality-control and validation output","D:\OneDrive\桌面\Nature Portfolio_Project\00_SCIENTIFIC_REPORTS_RESEARCH_ARCHIVE_20261005\11_D11_RESULTS_ARCHITECTURE\07_QC\D11_Strength_Audit.txt","TRACK","Copied without content modification"
"GH00148","D07","D07","D06R_Source_Note.txt","tables\D07\D06R_Source_Note.txt","210","0.0002",".txt","flood-event derived product","D:\OneDrive\桌面\Nature Portfolio_Project\ScientificReports_JB_Flood_Healthcare_Accessibility\_PACKAGE_STAGE_DO_NOT_COMMIT\pkg_001\SOURCE_REFERENCE\D06R_Source_Note.txt","TRACK","Copied without content modification"
"GH00179","D07","D07","D07_Event_Master_2022_2023_2025.csv","tables\D07\D07_Event_Master_2022_2023_2025.csv","1174","0.0011",".csv","flood-event derived product","D:\OneDrive\桌面\Nature Portfolio_Project\ScientificReports_JB_Flood_Healthcare_Accessibility\_PACKAGE_STAGE_DO_NOT_COMMIT\pkg_003\02_EVENT_MASTER\D07_Event_Master_2022_2023_2025.csv","TRACK","Copied without content modification"
"GH00178","D07","D07","D07_Source_Inventory_v0.2.csv","tables\D07\D07_Source_Inventory_v0.2.csv","7871","0.0075",".csv","flood-event derived product","D:\OneDrive\桌面\Nature Portfolio_Project\ScientificReports_JB_Flood_Healthcare_Accessibility\_PACKAGE_STAGE_DO_NOT_COMMIT\pkg_003\01_SOURCE_INVENTORY\D07_Source_Inventory_v0.2.csv","TRACK","Copied without content modification"
"GH00161","D07","D07","D07A_Source_Inventory.csv","tables\D07\D07A_Source_Inventory.csv","3385","0.0032",".csv","flood-event derived product","D:\OneDrive\桌面\Nature Portfolio_Project\ScientificReports_JB_Flood_Healthcare_Accessibility\_PACKAGE_STAGE_DO_NOT_COMMIT\pkg_002\01_SOURCE_INVENTORY\D07A_Source_Inventory.csv","TRACK","Copied without content modification"
"GH00169","D07","D07","D07B_Affected_Location_Evidence_Register.csv","tables\D07\D07B_Affected_Location_Evidence_Register.csv","3194","0.003",".csv","flood-event derived product","D:\OneDrive\桌面\Nature Portfolio_Project\ScientificReports_JB_Flood_Healthcare_Accessibility\_PACKAGE_STAGE_DO_NOT_COMMIT\pkg_002\06_PPS_AND_AFFECTED_AREAS\D07B_Affected_Location_Evidence_Register.csv","TRACK","Copied without content modification"
"GH00162","D07","D07","D07B_Flood_Event_Register.csv","tables\D07\D07B_Flood_Event_Register.csv","1172","0.0011",".csv","flood-event derived product","D:\OneDrive\桌面\Nature Portfolio_Project\ScientificReports_JB_Flood_Healthcare_Accessibility\_PACKAGE_STAGE_DO_NOT_COMMIT\pkg_002\02_EVENT_REGISTER\D07B_Flood_Event_Register.csv","TRACK","Copied without content modification"
"GH00167","D07","D07","D07B_Healthcare_Impact_Register.csv","tables\D07\D07B_Healthcare_Impact_Register.csv","708","0.0007",".csv","flood-event derived product","D:\OneDrive\桌面\Nature Portfolio_Project\ScientificReports_JB_Flood_Healthcare_Accessibility\_PACKAGE_STAGE_DO_NOT_COMMIT\pkg_002\05_HEALTHCARE_IMPACTS\D07B_Healthcare_Impact_Register.csv","TRACK","Copied without content modification"
"GH00166","D07","D07","D07B_Hydromet_Evidence_Register.csv","tables\D07\D07B_Hydromet_Evidence_Register.csv","1822","0.0017",".csv","flood-event derived product","D:\OneDrive\桌面\Nature Portfolio_Project\ScientificReports_JB_Flood_Healthcare_Accessibility\_PACKAGE_STAGE_DO_NOT_COMMIT\pkg_002\04_HYDROMET\D07B_Hydromet_Evidence_Register.csv","TRACK","Copied without content modification"
"GH00164","D07","D07","D07B_JKR_Route_OSM_Match_Summary.csv","tables\D07\D07B_JKR_Route_OSM_Match_Summary.csv","891","0.0008",".csv","flood-event derived product","D:\OneDrive\桌面\Nature Portfolio_Project\ScientificReports_JB_Flood_Healthcare_Accessibility\_PACKAGE_STAGE_DO_NOT_COMMIT\pkg_002\03_ROAD_IMPACTS\D07B_JKR_Route_OSM_Match_Summary.csv","TRACK","Copied without content modification"
"GH00170","D07","D07","D07B_PPS_Snapshot_Register.csv","tables\D07\D07B_PPS_Snapshot_Register.csv","772","0.0007",".csv","flood-event derived product","D:\OneDrive\桌面\Nature Portfolio_Project\ScientificReports_JB_Flood_Healthcare_Accessibility\_PACKAGE_STAGE_DO_NOT_COMMIT\pkg_002\06_PPS_AND_AFFECTED_AREAS\D07B_PPS_Snapshot_Register.csv","TRACK","Copied without content modification"
"GH00165","D07","D07","D07B_Road_Impact_Register.csv","tables\D07\D07B_Road_Impact_Register.csv","2463","0.0023",".csv","flood-event derived product","D:\OneDrive\桌面\Nature Portfolio_Project\ScientificReports_JB_Flood_Healthcare_Accessibility\_PACKAGE_STAGE_DO_NOT_COMMIT\pkg_002\03_ROAD_IMPACTS\D07B_Road_Impact_Register.csv","TRACK","Copied without content modification"
"GH00188","D07","D07","D07C_2023_Closure_OSM_Match_Summary.csv","tables\D07\D07C_2023_Closure_OSM_Match_Summary.csv","490","0.0005",".csv","flood-event derived product","D:\OneDrive\桌面\Nature Portfolio_Project\ScientificReports_JB_Flood_Healthcare_Accessibility\_PACKAGE_STAGE_DO_NOT_COMMIT\pkg_003\05_ROAD_IMPACTS\D07C_2023_Closure_OSM_Match_Summary.csv","TRACK","Copied without content modification"
"GH00185","D07","D07","D07C_Historical_Location_Evidence_Register.csv","tables\D07\D07C_Historical_Location_Evidence_Register.csv","22442","0.0214",".csv","flood-event derived product","D:\OneDrive\桌面\Nature Portfolio_Project\ScientificReports_JB_Flood_Healthcare_Accessibility\_PACKAGE_STAGE_DO_NOT_COMMIT\pkg_003\04_LOCATION_EVIDENCE\D07C_Historical_Location_Evidence_Register.csv","TRACK","Copied without content modification"
"GH00180","D07","D07","D07C_JB_Official_52_Flood_Hotspots.csv","tables\D07\D07C_JB_Official_52_Flood_Hotspots.csv","14473","0.0138",".csv","flood-event derived product","D:\OneDrive\桌面\Nature Portfolio_Project\ScientificReports_JB_Flood_Healthcare_Accessibility\_PACKAGE_STAGE_DO_NOT_COMMIT\pkg_003\03_HOTSPOT_GAZETTEER\D07C_JB_Official_52_Flood_Hotspots.csv","TRACK","Copied without content modification"
"GH00190","D07","D07","D07C_Observed_GeneralCar_Closure_Candidates.csv","tables\D07\D07C_Observed_GeneralCar_Closure_Candidates.csv","1854","0.0018",".csv","flood-event derived product","D:\OneDrive\桌面\Nature Portfolio_Project\ScientificReports_JB_Flood_Healthcare_Accessibility\_PACKAGE_STAGE_DO_NOT_COMMIT\pkg_003\05_ROAD_IMPACTS\D07C_Observed_GeneralCar_Closure_Candidates.csv","TRACK","Copied without content modification"
"GH00182","D07","D07","D07C_Official_Hotspot_Count_Progression.csv","tables\D07\D07C_Official_Hotspot_Count_Progression.csv","443","0.0004",".csv","flood-event derived product","D:\OneDrive\桌面\Nature Portfolio_Project\ScientificReports_JB_Flood_Healthcare_Accessibility\_PACKAGE_STAGE_DO_NOT_COMMIT\pkg_003\03_HOTSPOT_GAZETTEER\D07C_Official_Hotspot_Count_Progression.csv","TRACK","Copied without content modification"
"GH00183","D07","D07","D07C_Recurrent_Hotspot_Summary.csv","tables\D07\D07C_Recurrent_Hotspot_Summary.csv","12602","0.012",".csv","flood-event derived product","D:\OneDrive\桌面\Nature Portfolio_Project\ScientificReports_JB_Flood_Healthcare_Accessibility\_PACKAGE_STAGE_DO_NOT_COMMIT\pkg_003\03_HOTSPOT_GAZETTEER\D07C_Recurrent_Hotspot_Summary.csv","TRACK","Copied without content modification"
"GH00191","D07","D07","D07C_Road_Impact_Register_v0.2.csv","tables\D07\D07C_Road_Impact_Register_v0.2.csv","6087","0.0058",".csv","flood-event derived product","D:\OneDrive\桌面\Nature Portfolio_Project\ScientificReports_JB_Flood_Healthcare_Accessibility\_PACKAGE_STAGE_DO_NOT_COMMIT\pkg_003\05_ROAD_IMPACTS\D07C_Road_Impact_Register_v0.2.csv","TRACK","Copied without content modification"
"GH00107","D07","D07","D07E_2025_JKR_Road_IMERG_Alignment.csv","tables\D07\D07E_2025_JKR_Road_IMERG_Alignment.csv","3175","0.003",".csv","flood-event derived product","D:\OneDrive\桌面\Nature Portfolio_Project\00_SCIENTIFIC_REPORTS_RESEARCH_ARCHIVE_20261005\07_D07_FLOOD_EVENT\05_D07E_IMERG\05_ROAD_ALIGNMENT\D07E_2025_JKR_Road_IMERG_Alignment.csv","TRACK","Copied without content modification"
"GH00209","D07","D07","D07E_Closure_to_GPM_Cell_Weights.csv","tables\D07\D07E_Closure_to_GPM_Cell_Weights.csv","390","0.0004",".csv","flood-event derived product","D:\OneDrive\桌面\Nature Portfolio_Project\ScientificReports_JB_Flood_Healthcare_Accessibility\_PACKAGE_STAGE_DO_NOT_COMMIT\pkg_004\05_ROAD_ALIGNMENT\D07E_Closure_to_GPM_Cell_Weights.csv","TRACK","Copied without content modification"
"GH00194","D07","D07","D07E_GPM_Method_and_Authentication_Status.txt","tables\D07\D07E_GPM_Method_and_Authentication_Status.txt","868","0.0008",".txt","flood-event derived product","D:\OneDrive\桌面\Nature Portfolio_Project\ScientificReports_JB_Flood_Healthcare_Accessibility\_PACKAGE_STAGE_DO_NOT_COMMIT\pkg_003\06_GPM_IMERG\D07E_GPM_Method_and_Authentication_Status.txt","TRACK","Copied without content modification"
"GH00195","D07","D07","D07E_GPM_Rainfall_Results_TEMPLATE_PENDING_AUTH.csv","tables\D07\D07E_GPM_Rainfall_Results_TEMPLATE_PENDING_AUTH.csv","141","0.0001",".csv","flood-event derived product","D:\OneDrive\桌面\Nature Portfolio_Project\ScientificReports_JB_Flood_Healthcare_Accessibility\_PACKAGE_STAGE_DO_NOT_COMMIT\pkg_003\06_GPM_IMERG\D07E_GPM_Rainfall_Results_TEMPLATE_PENDING_AUTH.csv","TRACK","Copied without content modification"
"GH00196","D07","D07","D07E_GPM_UTC_DOY_Coverage_Summary.csv","tables\D07\D07E_GPM_UTC_DOY_Coverage_Summary.csv","559","0.0005",".csv","flood-event derived product","D:\OneDrive\桌面\Nature Portfolio_Project\ScientificReports_JB_Flood_Healthcare_Accessibility\_PACKAGE_STAGE_DO_NOT_COMMIT\pkg_003\06_GPM_IMERG\D07E_GPM_UTC_DOY_Coverage_Summary.csv","TRACK","Copied without content modification"
"GH00197","D07","D07","D07E_Hydromet_Alignment_Register.csv","tables\D07\D07E_Hydromet_Alignment_Register.csv","1281","0.0012",".csv","flood-event derived product","D:\OneDrive\桌面\Nature Portfolio_Project\ScientificReports_JB_Flood_Healthcare_Accessibility\_PACKAGE_STAGE_DO_NOT_COMMIT\pkg_003\07_HYDROMET_ALIGNMENT\D07E_Hydromet_Alignment_Register.csv","TRACK","Copied without content modification"
"GH00100","D07","D07","D07E_IMERG_JB_AreaWeighted_HalfHourly.csv","tables\D07\D07E_IMERG_JB_AreaWeighted_HalfHourly.csv","37508","0.0358",".csv","flood-event derived product","D:\OneDrive\桌面\Nature Portfolio_Project\00_SCIENTIFIC_REPORTS_RESEARCH_ARCHIVE_20261005\07_D07_FLOOD_EVENT\05_D07E_IMERG\02_PROCESSED\D07E_IMERG_JB_AreaWeighted_HalfHourly.csv","TRACK","Copied without content modification"
"GH00103","D07","D07","D07E_IMERG_JB_Cell_Peaks_and_Daily.csv","tables\D07\D07E_IMERG_JB_Cell_Peaks_and_Daily.csv","8362","0.008",".csv","flood-event derived product","D:\OneDrive\桌面\Nature Portfolio_Project\00_SCIENTIFIC_REPORTS_RESEARCH_ARCHIVE_20261005\07_D07_FLOOD_EVENT\05_D07E_IMERG\03_PEAKS\D07E_IMERG_JB_Cell_Peaks_and_Daily.csv","TRACK","Copied without content modification"
"GH00104","D07","D07","D07E_IMERG_JB_District_Peaks.csv","tables\D07\D07E_IMERG_JB_District_Peaks.csv","837","0.0008",".csv","flood-event derived product","D:\OneDrive\桌面\Nature Portfolio_Project\00_SCIENTIFIC_REPORTS_RESEARCH_ARCHIVE_20261005\07_D07_FLOOD_EVENT\05_D07E_IMERG\03_PEAKS\D07E_IMERG_JB_District_Peaks.csv","TRACK","Copied without content modification"
"GH00198","D07","D07","D07E_Rainfall_Threshold_Reference.csv","tables\D07\D07E_Rainfall_Threshold_Reference.csv","709","0.0007",".csv","flood-event derived product","D:\OneDrive\桌面\Nature Portfolio_Project\ScientificReports_JB_Flood_Healthcare_Accessibility\_PACKAGE_STAGE_DO_NOT_COMMIT\pkg_003\07_HYDROMET_ALIGNMENT\D07E_Rainfall_Threshold_Reference.csv","TRACK","Copied without content modification"
"GH00220","D07","D07","D07F_Authorized_Closure_Edge_Summary.csv","tables\D07\D07F_Authorized_Closure_Edge_Summary.csv","349","0.0003",".csv","flood-event derived product","D:\OneDrive\桌面\Nature Portfolio_Project\ScientificReports_JB_Flood_Healthcare_Accessibility\_PACKAGE_STAGE_DO_NOT_COMMIT\pkg_006\02_EDGE_SPATIALIZATION\D07F_Authorized_Closure_Edge_Summary.csv","TRACK","Copied without content modification"
"GH00219","D07","D07","D07F_Closure_Spatialization_Master.csv","tables\D07\D07F_Closure_Spatialization_Master.csv","5643","0.0054",".csv","flood-event derived product","D:\OneDrive\桌面\Nature Portfolio_Project\ScientificReports_JB_Flood_Healthcare_Accessibility\_PACKAGE_STAGE_DO_NOT_COMMIT\pkg_006\01_CLOSURE_MASTER\D07F_Closure_Spatialization_Master.csv","TRACK","Copied without content modification"
"GH00225","D07","D07","D07F_IMERG_Authentication_Blocker.txt","tables\D07\D07F_IMERG_Authentication_Blocker.txt","673","0.0006",".txt","flood-event derived product","D:\OneDrive\桌面\Nature Portfolio_Project\ScientificReports_JB_Flood_Healthcare_Accessibility\_PACKAGE_STAGE_DO_NOT_COMMIT\pkg_006\04_IMERG_STATUS\D07F_IMERG_Authentication_Blocker.txt","TRACK","Copied without content modification"
"GH00226","D07","D07","D07F_IMERG_Missing_Granules.csv","tables\D07\D07F_IMERG_Missing_Granules.csv","77318","0.0737",".csv","flood-event derived product","D:\OneDrive\桌面\Nature Portfolio_Project\ScientificReports_JB_Flood_Healthcare_Accessibility\_PACKAGE_STAGE_DO_NOT_COMMIT\pkg_006\04_IMERG_STATUS\D07F_IMERG_Missing_Granules.csv","TRACK","Copied without content modification"
"GH00227","D07","D07","D07F_IMERG_Numeric_Status.csv","tables\D07\D07F_IMERG_Numeric_Status.csv","510","0.0005",".csv","flood-event derived product","D:\OneDrive\桌面\Nature Portfolio_Project\ScientificReports_JB_Flood_Healthcare_Accessibility\_PACKAGE_STAGE_DO_NOT_COMMIT\pkg_006\04_IMERG_STATUS\D07F_IMERG_Numeric_Status.csv","TRACK","Copied without content modification"
"GH00177","D07","D07","README.txt","tables\D07\README.txt","917","0.0009",".txt","metadata or provenance","D:\OneDrive\桌面\Nature Portfolio_Project\ScientificReports_JB_Flood_Healthcare_Accessibility\_PACKAGE_STAGE_DO_NOT_COMMIT\pkg_002\README.txt","TRACK","Copied without content modification"
"GH00207","D07","D07","README__DUP001.txt","tables\D07\README__DUP001.txt","1107","0.0011",".txt","metadata or provenance","D:\OneDrive\桌面\Nature Portfolio_Project\ScientificReports_JB_Flood_Healthcare_Accessibility\_PACKAGE_STAGE_DO_NOT_COMMIT\pkg_003\README.txt","TRACK","Copied without content modification"
"GH00270","D07","D07","README__DUP002.txt","tables\D07\README__DUP002.txt","1792","0.0017",".txt","metadata or provenance","D:\OneDrive\桌面\Nature Portfolio_Project\ScientificReports_JB_Flood_Healthcare_Accessibility\_PACKAGE_STAGE_DO_NOT_COMMIT\pkg_016\README.txt","TRACK","Copied without content modification"
"GH00288","D07","D07","README__DUP003.txt","tables\D07\README__DUP003.txt","727","0.0007",".txt","metadata or provenance","D:\OneDrive\桌面\Nature Portfolio_Project\ScientificReports_JB_Flood_Healthcare_Accessibility\_PACKAGE_STAGE_DO_NOT_COMMIT\pkg_018\README.txt","TRACK","Copied without content modification"
"GH00101","D07","D07","README_CN.txt","tables\D07\README_CN.txt","673","0.0006",".txt","metadata or provenance","D:\OneDrive\桌面\Nature Portfolio_Project\00_SCIENTIFIC_REPORTS_RESEARCH_ARCHIVE_20261005\07_D07_FLOOD_EVENT\05_D07E_IMERG\02_PROCESSED\README_CN.txt","TRACK","Copied without content modification"
"GH00222","D08","D08","D07F_Authorized_D08_Edge_Overlap_Table.csv","tables\D08\D07F_Authorized_D08_Edge_Overlap_Table.csv","17257","0.0165",".csv","accessibility impact product","D:\OneDrive\桌面\Nature Portfolio_Project\ScientificReports_JB_Flood_Healthcare_Accessibility\_PACKAGE_STAGE_DO_NOT_COMMIT\pkg_006\02_EDGE_SPATIALIZATION\D07F_Authorized_D08_Edge_Overlap_Table.csv","TRACK","Copied without content modification"
"GH00236","D08","D08","D08_Closure_Shift_Definitions.csv","tables\D08\D08_Closure_Shift_Definitions.csv","883","0.0008",".csv","accessibility impact product","D:\OneDrive\桌面\Nature Portfolio_Project\ScientificReports_JB_Flood_Healthcare_Accessibility\_PACKAGE_STAGE_DO_NOT_COMMIT\pkg_012\01_SENSITIVITY\D08_Closure_Shift_Definitions.csv","TRACK","Copied without content modification"
"GH00114","D08","D08","D08_Criticality_Rank_Robustness.csv","tables\D08\D08_Criticality_Rank_Robustness.csv","956","0.0009",".csv","accessibility impact product","D:\OneDrive\桌面\Nature Portfolio_Project\00_SCIENTIFIC_REPORTS_RESEARCH_ARCHIVE_20261005\08_D08_ACCESSIBILITY_IMPACT\03_SENSITIVITY\D08_Criticality_Rank_Robustness.csv","TRACK","Copied without content modification"
"GH00247","D08","D08","D08_Hospital_Catchment_Redistribution.csv","tables\D08\D08_Hospital_Catchment_Redistribution.csv","7097","0.0068",".csv","accessibility impact product","D:\OneDrive\桌面\Nature Portfolio_Project\ScientificReports_JB_Flood_Healthcare_Accessibility\_PACKAGE_STAGE_DO_NOT_COMMIT\pkg_013\05_HOSPITAL_CATCHMENT\D08_Hospital_Catchment_Redistribution.csv","TRACK","Copied without content modification"
"GH00115","D08","D08","D08_MAR20_27Combination_Sensitivity.csv","tables\D08\D08_MAR20_27Combination_Sensitivity.csv","6869","0.0066",".csv","accessibility impact product","D:\OneDrive\桌面\Nature Portfolio_Project\00_SCIENTIFIC_REPORTS_RESEARCH_ARCHIVE_20261005\08_D08_ACCESSIBILITY_IMPACT\03_SENSITIVITY\D08_MAR20_27Combination_Sensitivity.csv","TRACK","Copied without content modification"
"GH00238","D08","D08","D08_MAR20_Sensitivity_Summary.csv","tables\D08\D08_MAR20_Sensitivity_Summary.csv","762","0.0007",".csv","accessibility impact product","D:\OneDrive\桌面\Nature Portfolio_Project\ScientificReports_JB_Flood_Healthcare_Accessibility\_PACKAGE_STAGE_DO_NOT_COMMIT\pkg_012\01_SENSITIVITY\D08_MAR20_Sensitivity_Summary.csv","TRACK","Copied without content modification"
"GH00118","D08","D08","D08_Resilience_Interpretation_Metrics.csv","tables\D08\D08_Resilience_Interpretation_Metrics.csv","511","0.0005",".csv","accessibility impact product","D:\OneDrive\桌面\Nature Portfolio_Project\00_SCIENTIFIC_REPORTS_RESEARCH_ARCHIVE_20261005\08_D08_ACCESSIBILITY_IMPACT\06_RESULTS\D08_Resilience_Interpretation_Metrics.csv","TRACK","Copied without content modification"
"GH00112","D08","D08","D08_Single_Closure_Attribution.csv","tables\D08\D08_Single_Closure_Attribution.csv","1275","0.0012",".csv","accessibility impact product","D:\OneDrive\桌面\Nature Portfolio_Project\00_SCIENTIFIC_REPORTS_RESEARCH_ARCHIVE_20261005\08_D08_ACCESSIBILITY_IMPACT\02_SINGLE_CLOSURE\D08_Single_Closure_Attribution.csv","TRACK","Copied without content modification"
"GH00239","D08","D08","D08_SingleClosure_Robustness_Summary.csv","tables\D08\D08_SingleClosure_Robustness_Summary.csv","1047","0.001",".csv","accessibility impact product","D:\OneDrive\桌面\Nature Portfolio_Project\ScientificReports_JB_Flood_Healthcare_Accessibility\_PACKAGE_STAGE_DO_NOT_COMMIT\pkg_012\01_SENSITIVITY\D08_SingleClosure_Robustness_Summary.csv","TRACK","Copied without content modification"
"GH00113","D08","D08","D08_SingleClosure_Shift_Sensitivity.csv","tables\D08\D08_SingleClosure_Shift_Sensitivity.csv","2243","0.0021",".csv","accessibility impact product","D:\OneDrive\桌面\Nature Portfolio_Project\00_SCIENTIFIC_REPORTS_RESEARCH_ARCHIVE_20261005\08_D08_ACCESSIBILITY_IMPACT\02_SINGLE_CLOSURE\D08_SingleClosure_Shift_Sensitivity.csv","TRACK","Copied without content modification"
"GH00116","D08","D08","D08_Subdistrict_Accessibility_Impact.csv","tables\D08\D08_Subdistrict_Accessibility_Impact.csv","6067","0.0058",".csv","accessibility impact product","D:\OneDrive\桌面\Nature Portfolio_Project\00_SCIENTIFIC_REPORTS_RESEARCH_ARCHIVE_20261005\08_D08_ACCESSIBILITY_IMPACT\04_SUBDISTRICT\D08_Subdistrict_Accessibility_Impact.csv","TRACK","Copied without content modification"
"GH00124","D09","D09","D09_Observed2025_Recovery_Priority.csv","tables\D09\D09_Observed2025_Recovery_Priority.csv","2123","0.002",".csv","critical-road priority product","D:\OneDrive\桌面\Nature Portfolio_Project\00_SCIENTIFIC_REPORTS_RESEARCH_ARCHIVE_20261005\09_D09_CRITICAL_ROAD_PRIORITY\03_OBSERVED_RECOVERY_PRIORITY\D09_Observed2025_Recovery_Priority.csv","TRACK","Copied without content modification"
"GH00123","D09","D09","D09_RoadSegment_CRPI.csv","tables\D09\D09_RoadSegment_CRPI.csv","64404512","61.4209",".csv","critical-road priority product","D:\OneDrive\桌面\Nature Portfolio_Project\00_SCIENTIFIC_REPORTS_RESEARCH_ARCHIVE_20261005\09_D09_CRITICAL_ROAD_PRIORITY\01_CRPI\D09_RoadSegment_CRPI.csv","REVIEW_50_100_MIB","Copied without content modification"
"GH00125","D09","D09","D09_Top_NonObserved_FuturePreparedness_Corridors.csv","tables\D09\D09_Top_NonObserved_FuturePreparedness_Corridors.csv","2014","0.0019",".csv","critical-road priority product","D:\OneDrive\桌面\Nature Portfolio_Project\00_SCIENTIFIC_REPORTS_RESEARCH_ARCHIVE_20261005\09_D09_CRITICAL_ROAD_PRIORITY\03_OBSERVED_RECOVERY_PRIORITY\D09_Top_NonObserved_FuturePreparedness_Corridors.csv","TRACK","Copied without content modification"
"GH00132","D10","D10","D10_All_6_Recovery_Orders.csv","tables\D10\D10_All_6_Recovery_Orders.csv","1697","0.0016",".csv","recovery and equity product","D:\OneDrive\桌面\Nature Portfolio_Project\00_SCIENTIFIC_REPORTS_RESEARCH_ARCHIVE_20261005\10_D10_SPATIAL_EQUITY_RECOVERY\01_RECOVERY_ORDER\D10_All_6_Recovery_Orders.csv","TRACK","Copied without content modification"
"GH00271","D10","D10","D10_All_Closure_Subsets.csv","tables\D10\D10_All_Closure_Subsets.csv","1129","0.0011",".csv","recovery and equity product","D:\OneDrive\桌面\Nature Portfolio_Project\ScientificReports_JB_Flood_Healthcare_Accessibility\_PACKAGE_STAGE_DO_NOT_COMMIT\pkg_018\01_RECOVERY_SCENARIOS\D10_All_Closure_Subsets.csv","TRACK","Copied without content modification"
"GH00272","D10","D10","D10_BestOrder_Subdistrict_Stage_Profile.csv","tables\D10\D10_BestOrder_Subdistrict_Stage_Profile.csv","3076","0.0029",".csv","recovery and equity product","D:\OneDrive\桌面\Nature Portfolio_Project\ScientificReports_JB_Flood_Healthcare_Accessibility\_PACKAGE_STAGE_DO_NOT_COMMIT\pkg_018\02_SPATIAL_EQUITY\D10_BestOrder_Subdistrict_Stage_Profile.csv","TRACK","Copied without content modification"
"GH00273","D10","D10","D10_Equity_Metrics_by_Recovery_Stage.csv","tables\D10\D10_Equity_Metrics_by_Recovery_Stage.csv","4456","0.0042",".csv","recovery and equity product","D:\OneDrive\桌面\Nature Portfolio_Project\ScientificReports_JB_Flood_Healthcare_Accessibility\_PACKAGE_STAGE_DO_NOT_COMMIT\pkg_018\02_SPATIAL_EQUITY\D10_Equity_Metrics_by_Recovery_Stage.csv","TRACK","Copied without content modification"
"GH00276","D10","D10","D10_InitiallyLost_Origin_RecoveryStage.csv","tables\D10\D10_InitiallyLost_Origin_RecoveryStage.csv","39522","0.0377",".csv","recovery and equity product","D:\OneDrive\桌面\Nature Portfolio_Project\ScientificReports_JB_Flood_Healthcare_Accessibility\_PACKAGE_STAGE_DO_NOT_COMMIT\pkg_018\03_RECOVERY_PRIORITY\D10_InitiallyLost_Origin_RecoveryStage.csv","TRACK","Copied without content modification"
"GH00274","D10","D10","D10_MAR20_Disruption_Subdistrict_Profile.csv","tables\D10\D10_MAR20_Disruption_Subdistrict_Profile.csv","970","0.0009",".csv","recovery and equity product","D:\OneDrive\桌面\Nature Portfolio_Project\ScientificReports_JB_Flood_Healthcare_Accessibility\_PACKAGE_STAGE_DO_NOT_COMMIT\pkg_018\02_SPATIAL_EQUITY\D10_MAR20_Disruption_Subdistrict_Profile.csv","TRACK","Copied without content modification"
"GH00133","D10","D10","D10_Recovery_Order_Stepwise.csv","tables\D10\D10_Recovery_Order_Stepwise.csv","7157","0.0068",".csv","recovery and equity product","D:\OneDrive\桌面\Nature Portfolio_Project\00_SCIENTIFIC_REPORTS_RESEARCH_ARCHIVE_20261005\10_D10_SPATIAL_EQUITY_RECOVERY\01_RECOVERY_ORDER\D10_Recovery_Order_Stepwise.csv","TRACK","Copied without content modification"
"GH00134","D10","D10","D10_Road_Recovery_Benefit_and_Efficiency.csv","tables\D10\D10_Road_Recovery_Benefit_and_Efficiency.csv","1018","0.001",".csv","recovery and equity product","D:\OneDrive\桌面\Nature Portfolio_Project\00_SCIENTIFIC_REPORTS_RESEARCH_ARCHIVE_20261005\10_D10_SPATIAL_EQUITY_RECOVERY\03_RECOVERY_BENEFIT\D10_Road_Recovery_Benefit_and_Efficiency.csv","TRACK","Copied without content modification"
"GH00135","D10","D10","D10_Subdistrict_Recovery_Benefit.csv","tables\D10\D10_Subdistrict_Recovery_Benefit.csv","17227","0.0164",".csv","recovery and equity product","D:\OneDrive\桌面\Nature Portfolio_Project\00_SCIENTIFIC_REPORTS_RESEARCH_ARCHIVE_20261005\10_D10_SPATIAL_EQUITY_RECOVERY\03_RECOVERY_BENEFIT\D10_Subdistrict_Recovery_Benefit.csv","TRACK","Copied without content modification"
"GH00275","D10","D10","D10_Subdistrict_RecoveryStage_Distribution.csv","tables\D10\D10_Subdistrict_RecoveryStage_Distribution.csv","262","0.0002",".csv","recovery and equity product","D:\OneDrive\桌面\Nature Portfolio_Project\ScientificReports_JB_Flood_Healthcare_Accessibility\_PACKAGE_STAGE_DO_NOT_COMMIT\pkg_018\02_SPATIAL_EQUITY\D10_Subdistrict_RecoveryStage_Distribution.csv","TRACK","Copied without content modification"
"GH00139","D11","D11","D11_Claim_Evidence_Matrix.csv","tables\D11\D11_Claim_Evidence_Matrix.csv","1510","0.0014",".csv","results architecture support","D:\OneDrive\桌面\Nature Portfolio_Project\00_SCIENTIFIC_REPORTS_RESEARCH_ARCHIVE_20261005\11_D11_RESULTS_ARCHITECTURE\03_CLAIM_EVIDENCE\D11_Claim_Evidence_Matrix.csv","TRACK","Copied without content modification"
"GH00138","D11","D11","D11_Figure_Freeze.csv","tables\D11\D11_Figure_Freeze.csv","3762","0.0036",".csv","figure or architecture visual","D:\OneDrive\桌面\Nature Portfolio_Project\00_SCIENTIFIC_REPORTS_RESEARCH_ARCHIVE_20261005\11_D11_RESULTS_ARCHITECTURE\01_FIGURE_FREEZE\D11_Figure_Freeze.csv","TRACK","Copied without content modification"
"GH00289","D11","D11","D11_Table_Freeze.csv","tables\D11\D11_Table_Freeze.csv","1446","0.0014",".csv","results architecture support","D:\OneDrive\桌面\Nature Portfolio_Project\ScientificReports_JB_Flood_Healthcare_Accessibility\_PACKAGE_STAGE_DO_NOT_COMMIT\pkg_020\03_TABLE_FREEZE\D11_Table_Freeze.csv","TRACK","Copied without content modification"
