{
  "type": "FeatureCollection",
  "name": "JB_Flood_Annual_Plot_Ready_2016_2026",
  "features": [
    {
      "type": "Feature",
      "geometry": {
        "type": "Point",
        "coordinates": [
          103.76189,
          1.46395
        ]
      },
      "properties": {
        "Year": 2016,
        "Object_ID": "LOC-JB-CBD-WAF-SEGGET",
        "Original_Name": "Jalan Wong Ah Fook / Sungai Segget Project Area",
        "Standardized_Name": "Jalan Wong Ah Fook / Sungai Segget Project Area",
        "Object_Type": "Urban road-river/project corridor",
        "Event_Count": 1,
        "Point_GIS_Ready": true,
        "Plot_Status": "PLOT",
        "Point_Source": "SRC_GEO_WAF_HOTEL_OSM",
        "Geometry_Status": "CLOSED - derived core project-corridor polygon frozen in PG2016-CBD-SEGGET",
        "Polygon_ID": "PG2016-CBD-SEGGET",
        "Key_Gap": "December 2016 source also reports three additional flash-flood incidents in this same spatial context, but exact dates remain unresolved.",
        "Next_Action": null,
        "Override_Status": null,
        "Confidence": "HIGH",
        "Evidence": "December 2016 source also reports three additional flash-flood incidents in this same spatial context, but exact dates remain unresolved.",
        "Source_URL_1": null,
        "Source_URL_2": null,
        "Unresolved_Reason": null,
        "Matched_Fixed45_ID": "HF32",
        "Master_Location_ID": "JBLOC-0072"
      }
    },
    {
      "type": "Feature",
      "geometry": {
        "type": "Point",
        "coordinates": [
          103.7466457,
          1.4575013
        ]
      },
      "properties": {
        "Year": 2016,
        "Object_ID": "LOC-JB-HSA",
        "Original_Name": "Hospital Sultanah Aminah",
        "Standardized_Name": "Hospital Sultanah Aminah",
        "Object_Type": "Hospital campus / access area",
        "Event_Count": 2,
        "Point_GIS_Ready": true,
        "Plot_Status": "PLOT",
        "Point_Source": "Fixed HF22 baseline; cross-check: SRC_GEO_HSA_OSM",
        "Geometry_Status": "CLOSED - OSM hospital facility polygon frozen in PG2016-HSA-CAMPUS",
        "Polygon_ID": "PG2016-HSA-CAMPUS",
        "Key_Gap": "Two distinct exact-date 2016 flood episodes are linked to the same unique spatial location.",
        "Next_Action": null,
        "Override_Status": null,
        "Confidence": "HIGH",
        "Evidence": "Two distinct exact-date 2016 flood episodes are linked to the same unique spatial location.",
        "Source_URL_1": null,
        "Source_URL_2": null,
        "Unresolved_Reason": null,
        "Matched_Fixed45_ID": "HF22",
        "Master_Location_ID": "JBLOC-0016"
      }
    },
    {
      "type": "Feature",
      "geometry": {
        "type": "Point",
        "coordinates": [
          103.76189,
          1.46395
        ]
      },
      "properties": {
        "Year": 2017,
        "Object_ID": "LOC-JB-CBD-WAF-SEGGET",
        "Original_Name": "Jalan Wong Ah Fook / Sungai Segget Project Area",
        "Standardized_Name": "Jalan Wong Ah Fook / Sungai Segget Project Area",
        "Object_Type": "ROAD",
        "Event_Count": 1,
        "Point_GIS_Ready": true,
        "Plot_Status": "PLOT",
        "Point_Source": "R003 spatial sources",
        "Geometry_Status": "CLOSED - reuse PG2016-CBD-SEGGET",
        "Polygon_ID": "PG2016-CBD-SEGGET",
        "Key_Gap": "No 2017 geometry change required",
        "Next_Action": "Reuse frozen polygon",
        "Override_Status": null,
        "Confidence": null,
        "Evidence": null,
        "Source_URL_1": null,
        "Source_URL_2": null,
        "Unresolved_Reason": null,
        "Matched_Fixed45_ID": "HF32",
        "Master_Location_ID": "JBLOC-0072"
      }
    },
    {
      "type": "Feature",
      "geometry": {
        "type": "Point",
        "coordinates": [
          103.708604,
          1.473954
        ]
      },
      "properties": {
        "Year": 2017,
        "Object_ID": "LOC-JB-KG-BAKAR-BATU",
        "Original_Name": "Kampung Bakar Batu",
        "Standardized_Name": "Kampung Bakar Batu",
        "Object_Type": "COMMUNITY/AREA",
        "Event_Count": 1,
        "Point_GIS_Ready": true,
        "Plot_Status": "PLOT",
        "Point_Source": "SRC_GEO_MYGEONAME_JOHOR",
        "Geometry_Status": "POINT RESOLVED; community polygon pending",
        "Polygon_ID": null,
        "Key_Gap": "Official gazetteer supports the locality point.",
        "Next_Action": "Close/reconstruct polygon if source permits; otherwise resolve identity/geocode first",
        "Override_Status": null,
        "Confidence": null,
        "Evidence": null,
        "Source_URL_1": null,
        "Source_URL_2": null,
        "Unresolved_Reason": null,
        "Matched_Fixed45_ID": null,
        "Master_Location_ID": "JBLOC-0075"
      }
    },
    {
      "type": "Feature",
      "geometry": {
        "type": "Point",
        "coordinates": [
          103.76676,
          1.49464
        ]
      },
      "properties": {
        "Year": 2017,
        "Object_ID": "LOC-JB-JLN-TEBRAU-WISMA-DAIMAN",
        "Original_Name": "Jalan Tebrau near Wisma Daiman",
        "Standardized_Name": "Jalan Tebrau near Wisma Daiman",
        "Object_Type": "ROAD",
        "Event_Count": 1,
        "Point_GIS_Ready": true,
        "Plot_Status": "PLOT",
        "Point_Source": "SRC_GEO_WISMA_DAIMAN_OSM",
        "Geometry_Status": "CLOSED LANDMARK ANCHOR ONLY; road polygon pending",
        "Polygon_ID": null,
        "Key_Gap": "Coordinate is the Wisma Daiman landmark anchoring the reported road segment, not a flood-water centroid.",
        "Next_Action": "Keep anchor polygon separate from flood-road geometry",
        "Override_Status": null,
        "Confidence": null,
        "Evidence": null,
        "Source_URL_1": null,
        "Source_URL_2": null,
        "Unresolved_Reason": null,
        "Matched_Fixed45_ID": "HF05",
        "Master_Location_ID": "JBLOC-0068"
      }
    },
    {
      "type": "Feature",
      "geometry": {
        "type": "Point",
        "coordinates": [
          103.687206,
          1.508748
        ]
      },
      "properties": {
        "Year": 2017,
        "Object_ID": "LOC-JB-KIPMALL-TAMPOI",
        "Original_Name": "KIPMall Tampoi",
        "Standardized_Name": "KIPMall Tampoi",
        "Object_Type": "AREA/LOCALITY",
        "Event_Count": 1,
        "Point_GIS_Ready": true,
        "Plot_Status": "PLOT",
        "Point_Source": "SRC_GEO_KIPMALL_OSM",
        "Geometry_Status": "CLOSED - PG2017-KIPMALL-TAMPOI",
        "Polygon_ID": "PG2017-KIPMALL-TAMPOI",
        "Key_Gap": "OSM way 231526258 can be used in the 2017 polygon closure pass.",
        "Next_Action": "Exact OSM building polygon closed",
        "Override_Status": null,
        "Confidence": null,
        "Evidence": null,
        "Source_URL_1": null,
        "Source_URL_2": null,
        "Unresolved_Reason": null,
        "Matched_Fixed45_ID": null,
        "Master_Location_ID": "JBLOC-0155"
      }
    },
    {
      "type": "Feature",
      "geometry": {
        "type": "Point",
        "coordinates": [
          103.72438747,
          1.52886592
        ]
      },
      "properties": {
        "Year": 2017,
        "Object_ID": "LOC-JB-KG-KEMPAS-PERMATANG",
        "Original_Name": "Kampung Kempas Permatang",
        "Standardized_Name": "Kampung Kempas Permatang",
        "Object_Type": "COMMUNITY/AREA",
        "Event_Count": 3,
        "Point_GIS_Ready": true,
        "Plot_Status": "PLOT",
        "Point_Source": "SRC_GEO_MYGEONAME_JOHOR",
        "Geometry_Status": "POINT RESOLVED; community polygon pending",
        "Polygon_ID": null,
        "Key_Gap": "Source label normalised to official gazetteer name Kg. Kempas Permatang.",
        "Next_Action": "Close/reconstruct polygon if source permits; otherwise resolve identity/geocode first",
        "Override_Status": null,
        "Confidence": null,
        "Evidence": null,
        "Source_URL_1": null,
        "Source_URL_2": null,
        "Unresolved_Reason": null,
        "Matched_Fixed45_ID": null,
        "Master_Location_ID": "JBLOC-0091"
      }
    },
    {
      "type": "Feature",
      "geometry": {
        "type": "Point",
        "coordinates": [
          103.931586,
          1.619208
        ]
      },
      "properties": {
        "Year": 2017,
        "Object_ID": "LOC-JB-KG-PAYA-ULU-TIRAM",
        "Original_Name": "Kampung Paya, Ulu Tiram",
        "Standardized_Name": "Kg. Paya Sg Redan",
        "Object_Type": "COMMUNITY/AREA",
        "Event_Count": 2,
        "Point_GIS_Ready": true,
        "Plot_Status": "PLOT",
        "Point_Source": null,
        "Geometry_Status": "GEOCODE/POLYGON PENDING",
        "Polygon_ID": null,
        "Key_Gap": "Do not substitute unrelated Kampung Paya locations.",
        "Next_Action": "Close/reconstruct polygon if source permits; otherwise resolve identity/geocode first",
        "Override_Status": "RESOLVED_NORMALIZED_POINT",
        "Confidence": "HIGH",
        "Evidence": "JPS 2017/2018 records Kg Paya, Ulu Tiram. Johor official gazetteer gives Kg. Paya Sg Redan at this point; MBPG places Kampung Paya Sg Redan in the Ulu Tiram/Tebrau-Tiram community; JPS 2022 also records flood at Kampung Paya Sungai Redan.",
        "Source_URL_1": "https://mygeoname.mygeoportal.gov.my/exportpdffasa3.jsp?kodnegeri=01",
        "Source_URL_2": "https://mbpg.gov.my/ms/rakyat/komuniti-program/ketua-kampung-mukim-plentong-mukim-sungai-tiram",
        "Unresolved_Reason": null,
        "Matched_Fixed45_ID": null,
        "Master_Location_ID": "JBLOC-0113"
      }
    },
    {
      "type": "Feature",
      "geometry": {
        "type": "Point",
        "coordinates": [
          103.92735539,
          1.52125286
        ]
      },
      "properties": {
        "Year": 2017,
        "Object_ID": "LOC-JB-KG-SENTOSA-2017",
        "Original_Name": "Kampung Sentosa (24-25 Jan 2017 source)",
        "Standardized_Name": "Kg. Sentosa",
        "Object_Type": "COMMUNITY/AREA",
        "Event_Count": 1,
        "Point_GIS_Ready": true,
        "Plot_Status": "PLOT",
        "Point_Source": null,
        "Geometry_Status": "Identity resolved; polygon pending",
        "Polygon_ID": null,
        "Key_Gap": "A Johor Bahru GeoNames point exists, but this flood record is part of an eastern-JB cluster; no silent match is made.",
        "Next_Action": "Need representative coordinate / boundary",
        "Override_Status": "RESOLVED_POINT",
        "Confidence": "HIGH",
        "Evidence": "Johor official gazetteer lists Kg. Sentosa in Johor Bahru at this coordinate. MBPG groups Kampung Sentosa with FELDA Cahaya Baru, Sentosa Damai and Sentosa Barat, matching the eastern-JB event context.",
        "Source_URL_1": "https://mygeoname.mygeoportal.gov.my/exportpdffasa3.jsp?kodnegeri=01",
        "Source_URL_2": "https://mbpg.gov.my/ms/rakyat/komuniti-program/ketua-kampung-mukim-plentong-mukim-sungai-tiram",
        "Unresolved_Reason": null,
        "Matched_Fixed45_ID": null,
        "Master_Location_ID": "JBLOC-0122"
      }
    },
    {
      "type": "Feature",
      "geometry": {
        "type": "Point",
        "coordinates": [
          103.9220255,
          1.6536289
        ]
      },
      "properties": {
        "Year": 2017,
        "Object_ID": "LOC-JB-KG-SERAI-2017",
        "Original_Name": "Kampung Serai (24-25 Jan 2017 source)",
        "Standardized_Name": "Kg. Sg. Serai",
        "Object_Type": "COMMUNITY/AREA",
        "Event_Count": 1,
        "Point_GIS_Ready": true,
        "Plot_Status": "PLOT",
        "Point_Source": null,
        "Geometry_Status": "Identity resolved; polygon pending",
        "Polygon_ID": null,
        "Key_Gap": "Do not silently normalise to Kampung Sungai Serai without direct evidence.",
        "Next_Action": "Need Johor-specific coordinate/boundary",
        "Override_Status": "RESOLVED_POINT",
        "Confidence": "HIGH",
        "Evidence": "Johor official gazetteer lists Kg. Sg. Serai at this coordinate. MBPG community register places Kampung Sungai Serai in the Sungai Tiram/Ulu Tiram cluster.",
        "Source_URL_1": "https://mygeoname.mygeoportal.gov.my/exportpdffasa3.jsp?kodnegeri=01",
        "Source_URL_2": "https://mbpg.gov.my/ms/rakyat/komuniti-program/ketua-kampung-mukim-plentong-mukim-sungai-tiram",
        "Unresolved_Reason": null,
        "Matched_Fixed45_ID": null,
        "Master_Location_ID": "JBLOC-0140"
      }
    },
    {
      "type": "Feature",
      "geometry": {
        "type": "Point",
        "coordinates": [
          103.9223,
          1.6692
        ]
      },
      "properties": {
        "Year": 2017,
        "Object_ID": "LOC-JB-KG-BUKIT-BERANGAN-2017",
        "Original_Name": "Kampung Bukit Berangan",
        "Standardized_Name": "Kampung Bukit Berangan",
        "Object_Type": "COMMUNITY/AREA",
        "Event_Count": 1,
        "Point_GIS_Ready": true,
        "Plot_Status": "PLOT",
        "Point_Source": null,
        "Geometry_Status": "Point resolved; polygon pending",
        "Polygon_ID": null,
        "Key_Gap": "Keep flood evidence; do not geocode to Kota Tinggi without resolving the JPS district context.",
        "Next_Action": "Preserve MBPG vs GeoNames administrative metadata conflict",
        "Override_Status": null,
        "Confidence": null,
        "Evidence": null,
        "Source_URL_1": null,
        "Source_URL_2": null,
        "Unresolved_Reason": null,
        "Matched_Fixed45_ID": null,
        "Master_Location_ID": "JBLOC-0081"
      }
    },
    {
      "type": "Feature",
      "geometry": {
        "type": "Point",
        "coordinates": [
          103.9518889,
          1.6123889
        ]
      },
      "properties": {
        "Year": 2017,
        "Object_ID": "LOC-JB-KG-REDAN-LAUT",
        "Original_Name": "Kampung Sungai Redan Laut",
        "Standardized_Name": "Kampung Sungai Redan Laut",
        "Object_Type": "COMMUNITY/AREA",
        "Event_Count": 1,
        "Point_GIS_Ready": true,
        "Plot_Status": "PLOT",
        "Point_Source": "SRC_GEO_MYGEONAME_JOHOR",
        "Geometry_Status": "POINT RESOLVED; polygon pending",
        "Polygon_ID": null,
        "Key_Gap": "Source says Kg Redan Laut; gazetteer has Kg Sg Redan Laut. Normalisation is explicit and auditable.",
        "Next_Action": "Close/reconstruct polygon if source permits; otherwise resolve identity/geocode first",
        "Override_Status": null,
        "Confidence": null,
        "Evidence": null,
        "Source_URL_1": null,
        "Source_URL_2": null,
        "Unresolved_Reason": null,
        "Matched_Fixed45_ID": null,
        "Master_Location_ID": "JBLOC-0137"
      }
    },
    {
      "type": "Feature",
      "geometry": {
        "type": "Point",
        "coordinates": [
          103.88063,
          1.5844
        ]
      },
      "properties": {
        "Year": 2017,
        "Object_ID": "LOC-JB-KG-SUNGAI-TIRAM",
        "Original_Name": "Kampung Sungai Tiram",
        "Standardized_Name": "Kampung Sungai Tiram",
        "Object_Type": "COMMUNITY/AREA",
        "Event_Count": 3,
        "Point_GIS_Ready": true,
        "Plot_Status": "PLOT",
        "Point_Source": "SRC_GEO_MBPG_KG_SG_TIRAM",
        "Geometry_Status": "POINT RESOLVED; Batu 20 event road segment polygon pending",
        "Polygon_ID": null,
        "Key_Gap": "Canonical village point does not claim to be the exact Batu 20 flooded road segment.",
        "Next_Action": "Close/reconstruct polygon if source permits; otherwise resolve identity/geocode first",
        "Override_Status": null,
        "Confidence": null,
        "Evidence": null,
        "Source_URL_1": null,
        "Source_URL_2": null,
        "Unresolved_Reason": null,
        "Matched_Fixed45_ID": null,
        "Master_Location_ID": "JBLOC-0141"
      }
    },
    {
      "type": "Feature",
      "geometry": {
        "type": "Point",
        "coordinates": [
          103.75709827,
          1.53184902
        ]
      },
      "properties": {
        "Year": 2017,
        "Object_ID": "LOC-JB-KG-KANGKAR-TEBRAU",
        "Original_Name": "Kampung Kangkar Tebrau",
        "Standardized_Name": "Kampung Kangkar Tebrau",
        "Object_Type": "COMMUNITY/AREA",
        "Event_Count": 1,
        "Point_GIS_Ready": true,
        "Plot_Status": "PLOT",
        "Point_Source": "SRC_GEO_MYGEONAME_JOHOR",
        "Geometry_Status": "CLOSED - PG2017-KANGKAR-TEBRAU",
        "Polygon_ID": "PG2017-KANGKAR-TEBRAU",
        "Key_Gap": "Exact/strong name match to existing HF17 and official gazetteer.",
        "Next_Action": "Exact OSM community polygon closed",
        "Override_Status": null,
        "Confidence": null,
        "Evidence": null,
        "Source_URL_1": null,
        "Source_URL_2": null,
        "Unresolved_Reason": null,
        "Matched_Fixed45_ID": "HF17",
        "Master_Location_ID": "JBLOC-0090"
      }
    },
    {
      "type": "Feature",
      "geometry": {
        "type": "Point",
        "coordinates": [
          103.65153,
          1.5874
        ]
      },
      "properties": {
        "Year": 2017,
        "Object_ID": "LOC-CAND-JB-KG-SEPAKAT-JAYA-SKUDAI",
        "Original_Name": "Kampung Sepakat Jaya, Skudai (JPS source label)",
        "Standardized_Name": "Kampung Jaya Sepakat",
        "Object_Type": "COMMUNITY/AREA",
        "Event_Count": 1,
        "Point_GIS_Ready": true,
        "Plot_Status": "PLOT",
        "Point_Source": null,
        "Geometry_Status": "IDENTITY_CONFLICT; POLYGON PENDING",
        "Polygon_ID": null,
        "Key_Gap": "Preserve exact JPS label. Do not geocode to Pontian.",
        "Next_Action": "Close/reconstruct polygon if source permits; otherwise resolve identity/geocode first",
        "Override_Status": "RESOLVED_NORMALIZED_POINT",
        "Confidence": "MEDIUM_HIGH",
        "Evidence": "The 2017 JPS record says 'Kg Sepakat Jaya, Skudai'. Pejabat Daerah Kulai documents an official village-head area named Kg. Jaya Sepakat in Senai, with Kampung Pasir, Kampung Sri Maju and Taman Jaya Sepakat under the same village cluster. Independent mapping places Kampung Jaya Sepakat immediately north of the Skudai/Kampung Laut corridor. The reversed name order is therefore treated as an explicit normalization, not a silent rename.",
        "Source_URL_1": "https://bangi.pulasan.my/_media/lampiran/lbt2017-2018.pdf",
        "Source_URL_2": "https://anyflip.com/grgnf/fyjk/basic/",
        "Unresolved_Reason": null,
        "Matched_Fixed45_ID": null,
        "Master_Location_ID": "JBLOC-0089"
      }
    },
    {
      "type": "Feature",
      "geometry": {
        "type": "Point",
        "coordinates": [
          103.6605,
          1.5453
        ]
      },
      "properties": {
        "Year": 2017,
        "Object_ID": "LOC-JB-KG-LAUT-SKUDAI",
        "Original_Name": "Kampung Laut, Skudai",
        "Standardized_Name": "Kampung Laut, Skudai",
        "Object_Type": "COMMUNITY/AREA",
        "Event_Count": 3,
        "Point_GIS_Ready": true,
        "Plot_Status": "PLOT",
        "Point_Source": "SRC_GEO_KG_LAUT_SKUDAI",
        "Geometry_Status": "POINT RESOLVED; community polygon pending",
        "Polygon_ID": null,
        "Key_Gap": "Skudai-area Kampung Laut explicitly distinguished from other same-name localities.",
        "Next_Action": "Close/reconstruct polygon if source permits; otherwise resolve identity/geocode first",
        "Override_Status": null,
        "Confidence": null,
        "Evidence": null,
        "Source_URL_1": null,
        "Source_URL_2": null,
        "Unresolved_Reason": null,
        "Matched_Fixed45_ID": null,
        "Master_Location_ID": "JBLOC-0094"
      }
    },
    {
      "type": "Feature",
      "geometry": {
        "type": "Point",
        "coordinates": [
          103.92185516,
          1.52194889
        ]
      },
      "properties": {
        "Year": 2017,
        "Object_ID": "LOC-JB-KG-SENTOSA-BARAT-MASAI",
        "Original_Name": "Kampung Sentosa Barat, Masai",
        "Standardized_Name": "Kg. Sentosa Barat",
        "Object_Type": "COMMUNITY/AREA",
        "Event_Count": 4,
        "Point_GIS_Ready": true,
        "Plot_Status": "PLOT",
        "Point_Source": "SRC_GEO_MBPG_KG_SG_TIRAM",
        "Geometry_Status": "Identity verified; polygon pending",
        "Polygon_ID": null,
        "Key_Gap": "Retained without speculative coordinates.",
        "Next_Action": "Need exact sector coordinate/boundary",
        "Override_Status": "RESOLVED_POINT",
        "Confidence": "HIGH",
        "Evidence": "Johor official gazetteer lists Kg. Sentosa Barat at this coordinate. MBPG groups it with FELDA Cahaya Baru / Sentosa cluster; current address evidence places Persiaran 3/4 in the same settlement.",
        "Source_URL_1": "https://mygeoname.mygeoportal.gov.my/exportpdffasa3.jsp?kodnegeri=01",
        "Source_URL_2": "https://mbpg.gov.my/ms/rakyat/komuniti-program/ketua-kampung-mukim-plentong-mukim-sungai-tiram",
        "Unresolved_Reason": null,
        "Matched_Fixed45_ID": null,
        "Master_Location_ID": "JBLOC-0123"
      }
    },
    {
      "type": "Feature",
      "geometry": {
        "type": "Point",
        "coordinates": [
          103.74961954,
          1.5403203
        ]
      },
      "properties": {
        "Year": 2017,
        "Object_ID": "LOC-JB-KG-PAYA-KENANGAN",
        "Original_Name": "Kampung Paya Kenangan",
        "Standardized_Name": "Kampung Paya Kenangan",
        "Object_Type": "COMMUNITY/AREA",
        "Event_Count": 1,
        "Point_GIS_Ready": true,
        "Plot_Status": "PLOT",
        "Point_Source": "SRC_GEO_MYGEONAME_JOHOR",
        "Geometry_Status": "POINT RESOLVED; community polygon pending",
        "Polygon_ID": null,
        "Key_Gap": "Official gazetteer exact name match.",
        "Next_Action": "Close/reconstruct polygon if source permits; otherwise resolve identity/geocode first",
        "Override_Status": null,
        "Confidence": null,
        "Evidence": null,
        "Source_URL_1": null,
        "Source_URL_2": null,
        "Unresolved_Reason": null,
        "Matched_Fixed45_ID": null,
        "Master_Location_ID": "JBLOC-0110"
      }
    },
    {
      "type": "Feature",
      "geometry": {
        "type": "Point",
        "coordinates": [
          103.7947712,
          1.534148
        ]
      },
      "properties": {
        "Year": 2017,
        "Object_ID": "LOC-JB-JLN-ROS-MERAH",
        "Original_Name": "Jalan Ros Merah",
        "Standardized_Name": "Jalan Ros Merah",
        "Object_Type": "ROAD",
        "Event_Count": 1,
        "Point_GIS_Ready": true,
        "Plot_Status": "PLOT",
        "Point_Source": "SRC_GEO_JALAN_ROS_MERAH",
        "Geometry_Status": "ROAD POINT RESOLVED; closed road-corridor polygon pending",
        "Polygon_ID": null,
        "Key_Gap": "Coordinate is representative for the street, not an inundation centroid.",
        "Next_Action": "Close/reconstruct polygon if source permits; otherwise resolve identity/geocode first",
        "Override_Status": null,
        "Confidence": null,
        "Evidence": null,
        "Source_URL_1": null,
        "Source_URL_2": null,
        "Unresolved_Reason": null,
        "Matched_Fixed45_ID": null,
        "Master_Location_ID": "JBLOC-0054"
      }
    },
    {
      "type": "Feature",
      "geometry": {
        "type": "Point",
        "coordinates": [
          103.75707329,
          1.5191611
        ]
      },
      "properties": {
        "Year": 2017,
        "Object_ID": "LOC-JB-KG-UBI-2017",
        "Original_Name": "Kampung Ubi (JPS source label)",
        "Standardized_Name": "Kampung Ubi (JPS source label)",
        "Object_Type": "COMMUNITY/AREA",
        "Event_Count": 1,
        "Point_GIS_Ready": true,
        "Plot_Status": "PLOT",
        "Point_Source": "SRC_GEO_MYGEONAME_JOHOR",
        "Geometry_Status": "Point resolved; polygon pending",
        "Polygon_ID": null,
        "Key_Gap": "Coordinate is not promoted to fully resolved until Kg Ubi ↔ Kg Ubi Baru identity is confirmed.",
        "Next_Action": "Need community boundary",
        "Override_Status": null,
        "Confidence": null,
        "Evidence": null,
        "Source_URL_1": null,
        "Source_URL_2": null,
        "Unresolved_Reason": null,
        "Matched_Fixed45_ID": null,
        "Master_Location_ID": "JBLOC-0146"
      }
    },
    {
      "type": "Feature",
      "geometry": {
        "type": "Point",
        "coordinates": [
          103.67688,
          1.47873
        ]
      },
      "properties": {
        "Year": 2017,
        "Object_ID": "LOC-JB-KG-TUAH-JAYA",
        "Original_Name": "Kampung Tuah Jaya",
        "Standardized_Name": "Kampung Tuah Jaya",
        "Object_Type": "COMMUNITY/AREA",
        "Event_Count": 1,
        "Point_GIS_Ready": true,
        "Plot_Status": "PLOT",
        "Point_Source": "SRC_GEO_TUAH_JAYA_OSM",
        "Geometry_Status": "CLOSED - PG2017-TUAH-JAYA",
        "Polygon_ID": "PG2017-TUAH-JAYA",
        "Key_Gap": "OSM way 473550504 can be reconstructed during polygon closure.",
        "Next_Action": "Exact OSM community polygon closed",
        "Override_Status": null,
        "Confidence": null,
        "Evidence": null,
        "Source_URL_1": null,
        "Source_URL_2": null,
        "Unresolved_Reason": null,
        "Matched_Fixed45_ID": null,
        "Master_Location_ID": "JBLOC-0145"
      }
    },
    {
      "type": "Feature",
      "geometry": {
        "type": "Point",
        "coordinates": [
          103.6963972,
          1.4999611
        ]
      },
      "properties": {
        "Year": 2017,
        "Object_ID": "LOC-JB-KG-PASIR-TAMPOI",
        "Original_Name": "Kampung Pasir, Tampoi/Skudai area",
        "Standardized_Name": "Kampung Pasir, Tampoi/Skudai area",
        "Object_Type": "COMMUNITY/AREA",
        "Event_Count": 2,
        "Point_GIS_Ready": true,
        "Plot_Status": "PLOT",
        "Point_Source": "SRC_GEO_KG_PASIR_RKK",
        "Geometry_Status": "POLYGON-READY from flood/planning study context; final geometry pending",
        "Polygon_ID": null,
        "Key_Gap": "Distinguished from eastern-JB Kg Pasir using Skudai/Tampoi context and flood-study coordinate.",
        "Next_Action": "Close/reconstruct polygon if source permits; otherwise resolve identity/geocode first",
        "Override_Status": null,
        "Confidence": null,
        "Evidence": null,
        "Source_URL_1": null,
        "Source_URL_2": null,
        "Unresolved_Reason": null,
        "Matched_Fixed45_ID": "HF14",
        "Master_Location_ID": "JBLOC-0106"
      }
    },
    {
      "type": "Feature",
      "geometry": {
        "type": "Point",
        "coordinates": [
          103.749959,
          1.4664595
        ]
      },
      "properties": {
        "Year": 2017,
        "Object_ID": "LOC-JB-JLN-LINGKARAN-DALAM",
        "Original_Name": "Jalan Lingkaran Dalam, Johor Bahru",
        "Standardized_Name": "Jalan Lingkaran Dalam, Johor Bahru",
        "Object_Type": "ROAD",
        "Event_Count": 1,
        "Point_GIS_Ready": true,
        "Plot_Status": "PLOT",
        "Point_Source": "SRC_GEO_JALAN_LINGKARAN",
        "Geometry_Status": "ROAD REFERENCE RESOLVED; corridor polygon pending",
        "Polygon_ID": null,
        "Key_Gap": "JKR confirms road identity/length; JPS does not specify the exact flooded section.",
        "Next_Action": "Close/reconstruct polygon if source permits; otherwise resolve identity/geocode first",
        "Override_Status": null,
        "Confidence": null,
        "Evidence": null,
        "Source_URL_1": null,
        "Source_URL_2": null,
        "Unresolved_Reason": null,
        "Matched_Fixed45_ID": null,
        "Master_Location_ID": "JBLOC-0040"
      }
    },
    {
      "type": "Feature",
      "geometry": {
        "type": "Point",
        "coordinates": [
          103.75707329,
          1.5191611
        ]
      },
      "properties": {
        "Year": 2018,
        "Object_ID": "LOC-JB-KG-UBI-2017",
        "Original_Name": "Kampung Ubi Baru",
        "Standardized_Name": "Kampung Ubi Baru",
        "Object_Type": "Kampung",
        "Event_Count": 1,
        "Point_GIS_Ready": true,
        "Plot_Status": "PLOT",
        "Point_Source": "SRC_R2018_JPS_2018_2019_TABLE; existing R006 spatial sources",
        "Geometry_Status": "POINT ONLY / POLYGON PENDING",
        "Polygon_ID": null,
        "Key_Gap": "No defensible closed community boundary yet",
        "Next_Action": "Search authoritative community/local-plan boundary; otherwise retain point-only",
        "Override_Status": null,
        "Confidence": null,
        "Evidence": null,
        "Source_URL_1": null,
        "Source_URL_2": null,
        "Unresolved_Reason": null,
        "Matched_Fixed45_ID": null,
        "Master_Location_ID": "JBLOC-0147"
      }
    },
    {
      "type": "Feature",
      "geometry": {
        "type": "Point",
        "coordinates": [
          103.71851,
          1.514607
        ]
      },
      "properties": {
        "Year": 2018,
        "Object_ID": "LOC-JB-JLN-DENAI-UTAMA-KEMPAS",
        "Original_Name": "Jalan Denai Utama, Kempas",
        "Standardized_Name": "Jalan Denai Utama, Kempas",
        "Object_Type": "Road",
        "Event_Count": 2,
        "Point_GIS_Ready": true,
        "Plot_Status": "PLOT",
        "Point_Source": "SRC_GEO_2018_DENAI_UTAMA",
        "Geometry_Status": "ROAD REFERENCE RESOLVED; event-segment polygon pending",
        "Polygon_ID": null,
        "Key_Gap": "Two consecutive-day JPS flood records occur on 19 and 20 Apr 2018.",
        "Next_Action": "Extract/close WKT where a real boundary source exists; otherwise keep point/road reference and document the gap.",
        "Override_Status": null,
        "Confidence": null,
        "Evidence": null,
        "Source_URL_1": null,
        "Source_URL_2": null,
        "Unresolved_Reason": null,
        "Matched_Fixed45_ID": null,
        "Master_Location_ID": "JBLOC-0026"
      }
    },
    {
      "type": "Feature",
      "geometry": {
        "type": "Point",
        "coordinates": [
          103.7232702328,
          1.5353449124
        ]
      },
      "properties": {
        "Year": 2018,
        "Object_ID": "LOC-JB-JLN-PERMATANG-KEMPAS",
        "Original_Name": "Jalan Permatang, Kempas",
        "Standardized_Name": "Jalan Permatang, Kempas",
        "Object_Type": "Road",
        "Event_Count": 1,
        "Point_GIS_Ready": true,
        "Plot_Status": "PLOT",
        "Point_Source": "SRC_GEO_2018_JALAN_PERMATANG_KTMB",
        "Geometry_Status": "ROAD REFERENCE RESOLVED; event-segment polygon pending",
        "Polygon_ID": null,
        "Key_Gap": "Coordinate comes from an official KTMB map of the Jalan Permatang area, not from the 2018 flood report.",
        "Next_Action": "Extract/close WKT where a real boundary source exists; otherwise keep point/road reference and document the gap.",
        "Override_Status": null,
        "Confidence": null,
        "Evidence": null,
        "Source_URL_1": null,
        "Source_URL_2": null,
        "Unresolved_Reason": null,
        "Matched_Fixed45_ID": null,
        "Master_Location_ID": "JBLOC-0051"
      }
    },
    {
      "type": "Feature",
      "geometry": {
        "type": "Point",
        "coordinates": [
          103.71164,
          1.48682
        ]
      },
      "properties": {
        "Year": 2018,
        "Object_ID": "LOC-JB-KG-SKUDAI-KIRI",
        "Original_Name": "Kampung Skudai Kiri",
        "Standardized_Name": "Kampung Skudai Kiri",
        "Object_Type": "Neighborhood",
        "Event_Count": 1,
        "Point_GIS_Ready": true,
        "Plot_Status": "PLOT",
        "Point_Source": "SRC_GEO_2018_SKUDAI_KIRI",
        "Geometry_Status": "POINT RESOLVED; closed neighbourhood boundary not found",
        "Polygon_ID": null,
        "Key_Gap": "Identity is clear; no defensible closed community polygon found in this pass.",
        "Next_Action": "Extract/close WKT where a real boundary source exists; otherwise keep point/road reference and document the gap.",
        "Override_Status": null,
        "Confidence": null,
        "Evidence": null,
        "Source_URL_1": null,
        "Source_URL_2": null,
        "Unresolved_Reason": null,
        "Matched_Fixed45_ID": null,
        "Master_Location_ID": "JBLOC-0132"
      }
    },
    {
      "type": "Feature",
      "geometry": {
        "type": "Point",
        "coordinates": [
          103.56799503,
          1.47115514
        ]
      },
      "properties": {
        "Year": 2018,
        "Object_ID": "LOC-JB-KG-PULAI-ULU-PULAI",
        "Original_Name": "Kampung Pulai, Ulu Pulai",
        "Standardized_Name": "Kampung Pulai, Ulu Pulai",
        "Object_Type": "Kampung",
        "Event_Count": 2,
        "Point_GIS_Ready": true,
        "Plot_Status": "PLOT",
        "Point_Source": "SRC_GEO_2018_KG_PULAI",
        "Geometry_Status": "POINT RESOLVED; community polygon pending",
        "Polygon_ID": null,
        "Key_Gap": "Repeated in JPS on 17 May and 22 Oct 2018.",
        "Next_Action": "Extract/close WKT where a real boundary source exists; otherwise keep point/road reference and document the gap.",
        "Override_Status": null,
        "Confidence": null,
        "Evidence": null,
        "Source_URL_1": null,
        "Source_URL_2": null,
        "Unresolved_Reason": null,
        "Matched_Fixed45_ID": null,
        "Master_Location_ID": "JBLOC-0121"
      }
    },
    {
      "type": "Feature",
      "geometry": {
        "type": "Point",
        "coordinates": [
          103.73541,
          1.46736
        ]
      },
      "properties": {
        "Year": 2018,
        "Object_ID": "LOC-JB-KG-MOHD-AMIN-KOLAM-AIR",
        "Original_Name": "Kampung Mohd Amin, Kolam Air",
        "Standardized_Name": "Kampung Mohd Amin, Kolam Air",
        "Object_Type": "Kampung",
        "Event_Count": 1,
        "Point_GIS_Ready": true,
        "Plot_Status": "PLOT",
        "Point_Source": "SRC_GEO_2018_MOHD_AMIN",
        "Geometry_Status": "POINT RESOLVED; community polygon pending",
        "Polygon_ID": null,
        "Key_Gap": "Matched to fixed HF08 by exact/strong locality name.",
        "Next_Action": "Extract/close WKT where a real boundary source exists; otherwise keep point/road reference and document the gap.",
        "Override_Status": null,
        "Confidence": null,
        "Evidence": null,
        "Source_URL_1": null,
        "Source_URL_2": null,
        "Unresolved_Reason": null,
        "Matched_Fixed45_ID": "HF08",
        "Master_Location_ID": "JBLOC-0103"
      }
    },
    {
      "type": "Feature",
      "geometry": {
        "type": "Point",
        "coordinates": [
          103.7571918,
          1.4828752
        ]
      },
      "properties": {
        "Year": 2018,
        "Object_ID": "LOC-JB-JLN-DATO-SULAIMAN",
        "Original_Name": "Jalan Dato' Sulaiman",
        "Standardized_Name": "Jalan Dato' Sulaiman",
        "Object_Type": "Road",
        "Event_Count": 1,
        "Point_GIS_Ready": true,
        "Plot_Status": "PLOT",
        "Point_Source": "SRC_GEO_2018_DATO_SULAIMAN_ROAD",
        "Geometry_Status": "ROAD REFERENCE RESOLVED; event-segment polygon pending",
        "Polygon_ID": null,
        "Key_Gap": "HF24 and HF25 are both preserved frozen IDs for the same-named road and are not merged here.",
        "Next_Action": "Extract/close WKT where a real boundary source exists; otherwise keep point/road reference and document the gap.",
        "Override_Status": null,
        "Confidence": null,
        "Evidence": null,
        "Source_URL_1": null,
        "Source_URL_2": null,
        "Unresolved_Reason": null,
        "Matched_Fixed45_ID": "HF24;HF25",
        "Master_Location_ID": "JBLOC-0025"
      }
    },
    {
      "type": "Feature",
      "geometry": {
        "type": "Point",
        "coordinates": [
          103.76665,
          1.50759
        ]
      },
      "properties": {
        "Year": 2018,
        "Object_ID": "LOC-JB-KG-DATO-SULAIMAN-MENTERI",
        "Original_Name": "Kampung Dato Sulaiman Menteri",
        "Standardized_Name": "Kampung Dato Sulaiman Menteri",
        "Object_Type": "Kampung",
        "Event_Count": 1,
        "Point_GIS_Ready": true,
        "Plot_Status": "PLOT",
        "Point_Source": "SRC_GEO_2018_DATO_SULAIMAN_MENTERI",
        "Geometry_Status": "POINT RESOLVED; community polygon pending",
        "Polygon_ID": null,
        "Key_Gap": "Distinct from Jalan Dato Sulaiman and retained as its own location.",
        "Next_Action": "Extract/close WKT where a real boundary source exists; otherwise keep point/road reference and document the gap.",
        "Override_Status": null,
        "Confidence": null,
        "Evidence": null,
        "Source_URL_1": null,
        "Source_URL_2": null,
        "Unresolved_Reason": null,
        "Matched_Fixed45_ID": null,
        "Master_Location_ID": "JBLOC-0087"
      }
    },
    {
      "type": "Feature",
      "geometry": {
        "type": "Point",
        "coordinates": [
          103.76650814,
          1.51378258
        ]
      },
      "properties": {
        "Year": 2018,
        "Object_ID": "LOC-JB-KG-BELANTIK",
        "Original_Name": "Kampung Belantik",
        "Standardized_Name": "Kampung Belantik",
        "Object_Type": "Kampung",
        "Event_Count": 1,
        "Point_GIS_Ready": true,
        "Plot_Status": "PLOT",
        "Point_Source": "SRC_GEO_2018_MYGEONAME_JOHOR",
        "Geometry_Status": "POINT RESOLVED; community polygon pending",
        "Polygon_ID": null,
        "Key_Gap": "JPS combined label 'Kg Belantik/Kg Bendahara' is split into two location records for complete location inventory.",
        "Next_Action": "Extract/close WKT where a real boundary source exists; otherwise keep point/road reference and document the gap.",
        "Override_Status": null,
        "Confidence": null,
        "Evidence": null,
        "Source_URL_1": null,
        "Source_URL_2": null,
        "Unresolved_Reason": null,
        "Matched_Fixed45_ID": null,
        "Master_Location_ID": "JBLOC-0079"
      }
    },
    {
      "type": "Feature",
      "geometry": {
        "type": "Point",
        "coordinates": [
          103.76172305,
          1.51167426
        ]
      },
      "properties": {
        "Year": 2018,
        "Object_ID": "LOC-JB-KG-BENDAHARA",
        "Original_Name": "Kampung Bendahara",
        "Standardized_Name": "Kampung Bendahara",
        "Object_Type": "Kampung",
        "Event_Count": 1,
        "Point_GIS_Ready": true,
        "Plot_Status": "PLOT",
        "Point_Source": "SRC_GEO_2018_BENDAHARA",
        "Geometry_Status": "POINT RESOLVED; community polygon pending",
        "Polygon_ID": null,
        "Key_Gap": "JPS + Malay Mail both support the 10 Oct flood; matched to HF11.",
        "Next_Action": "Extract/close WKT where a real boundary source exists; otherwise keep point/road reference and document the gap.",
        "Override_Status": null,
        "Confidence": null,
        "Evidence": null,
        "Source_URL_1": null,
        "Source_URL_2": null,
        "Unresolved_Reason": null,
        "Matched_Fixed45_ID": "HF11",
        "Master_Location_ID": "JBLOC-0080"
      }
    },
    {
      "type": "Feature",
      "geometry": {
        "type": "Point",
        "coordinates": [
          103.7773,
          1.4942
        ]
      },
      "properties": {
        "Year": 2018,
        "Object_ID": "LOC-JB-JLN-TEBRAU-TAMAN-SENTOSA",
        "Original_Name": "Jalan Tebrau, Taman Sentosa",
        "Standardized_Name": "Jalan Tebrau, Taman Sentosa",
        "Object_Type": "Road-area event reference",
        "Event_Count": 1,
        "Point_GIS_Ready": true,
        "Plot_Status": "PLOT",
        "Point_Source": "SRC_R2018_MMAIL_20181010",
        "Geometry_Status": "ROAD AREA REFERENCE; exact segment polygon pending",
        "Polygon_ID": null,
        "Key_Gap": "Do not merge with the 2017 Wisma Daiman road-anchor event; this source explicitly says Taman Sentosa.",
        "Next_Action": "Extract/close WKT where a real boundary source exists; otherwise keep point/road reference and document the gap.",
        "Override_Status": null,
        "Confidence": null,
        "Evidence": null,
        "Source_URL_1": null,
        "Source_URL_2": null,
        "Unresolved_Reason": null,
        "Matched_Fixed45_ID": "HF05",
        "Master_Location_ID": "JBLOC-0069"
      }
    },
    {
      "type": "Feature",
      "geometry": {
        "type": "Point",
        "coordinates": [
          103.76902,
          1.50481
        ]
      },
      "properties": {
        "Year": 2018,
        "Object_ID": "LOC-JB-KG-HAJAH-HASNAH",
        "Original_Name": "Kampung Dato' Hajah Hasnah Ahmad",
        "Standardized_Name": "Kampung Dato' Hajah Hasnah Ahmad",
        "Object_Type": "Kampung",
        "Event_Count": 1,
        "Point_GIS_Ready": true,
        "Plot_Status": "PLOT",
        "Point_Source": "SRC_GEO_2018_HAJAH_HASNAH",
        "Geometry_Status": "POINT RESOLVED; community polygon pending",
        "Polygon_ID": null,
        "Key_Gap": "News shorthand normalized to the fuller mapped locality name with alias retained.",
        "Next_Action": "Extract/close WKT where a real boundary source exists; otherwise keep point/road reference and document the gap.",
        "Override_Status": null,
        "Confidence": null,
        "Evidence": null,
        "Source_URL_1": null,
        "Source_URL_2": null,
        "Unresolved_Reason": null,
        "Matched_Fixed45_ID": null,
        "Master_Location_ID": "JBLOC-0086"
      }
    },
    {
      "type": "Feature",
      "geometry": {
        "type": "Point",
        "coordinates": [
          103.7625739,
          1.4864896
        ]
      },
      "properties": {
        "Year": 2018,
        "Object_ID": "LOC-JB-JLN-KIJANG",
        "Original_Name": "Jalan Kijang",
        "Standardized_Name": "Jalan Kijang",
        "Object_Type": "Road",
        "Event_Count": 1,
        "Point_GIS_Ready": true,
        "Plot_Status": "PLOT",
        "Point_Source": "SRC_GEO_2018_JALAN_KIJANG",
        "Geometry_Status": "ROAD REFERENCE RESOLVED; event-segment polygon pending",
        "Polygon_ID": null,
        "Key_Gap": "Explicitly reported flooded by Civil Defence via Malay Mail.",
        "Next_Action": "Extract/close WKT where a real boundary source exists; otherwise keep point/road reference and document the gap.",
        "Override_Status": null,
        "Confidence": null,
        "Evidence": null,
        "Source_URL_1": null,
        "Source_URL_2": null,
        "Unresolved_Reason": null,
        "Matched_Fixed45_ID": null,
        "Master_Location_ID": "JBLOC-0036"
      }
    },
    {
      "type": "Feature",
      "geometry": {
        "type": "Point",
        "coordinates": [
          103.75192484,
          1.51174352
        ]
      },
      "properties": {
        "Year": 2018,
        "Object_ID": "LOC-CAND-JB-KG-MELAYU-2018",
        "Original_Name": "Kampung Melayu (10 Oct 2018 source label)",
        "Standardized_Name": "Kg. Melayu Majidi",
        "Object_Type": "Kampung",
        "Event_Count": 1,
        "Point_GIS_Ready": true,
        "Plot_Status": "PLOT",
        "Point_Source": "SRC_R2018_MMAIL_20181010",
        "Geometry_Status": "IDENTITY/GEOCODE/POLYGON PENDING",
        "Polygon_ID": null,
        "Key_Gap": "Do not silently map this to Kampung Melayu Pandan or Kampung Melayu Majidee.",
        "Next_Action": "Extract/close WKT where a real boundary source exists; otherwise keep point/road reference and document the gap.",
        "Override_Status": "RESOLVED_CONTEXT_NORMALIZED_POINT",
        "Confidence": "MEDIUM_HIGH",
        "Evidence": "The same-day Civil Defence report gives only 'Kampung Melayu'. Johor's official gazetteer lists several qualified Kampung Melayu localities, including Kg. Melayu Majidi and Kg. Melayu Pandan. In 2018 Johor Bahru city records, generic 'Kampung Melayu' is used for the Majidee/Majidi traditional-village area, while other Melayu settlements are normally qualified. MBJB's 2018 reporting also uses 'Kg. Melayu/Taman Suria' for a program held at Medan Niaga Kampung Melayu Majidee. This supports a documented context normalization to Majidi, while preserving the original unqualified incident label.",
        "Source_URL_1": "https://www.malaymail.com/news/malaysia/2018/10/10/heavy-rain-flash-floods-make-life-hard-for-jbs-elderly/1681455",
        "Source_URL_2": "https://mygeoname.mygeoportal.gov.my/exportpdffasa3.jsp?kodnegeri=01",
        "Unresolved_Reason": null,
        "Matched_Fixed45_ID": null,
        "Master_Location_ID": "JBLOC-0098"
      }
    },
    {
      "type": "Feature",
      "geometry": {
        "type": "Point",
        "coordinates": [
          103.68912,
          1.49933
        ]
      },
      "properties": {
        "Year": 2018,
        "Object_ID": "LOC-JB-KG-SRI-JAYA-SKUDAI",
        "Original_Name": "Kampung Sri Jaya, Skudai",
        "Standardized_Name": "Kampung Sri Jaya, Skudai",
        "Object_Type": "Neighborhood",
        "Event_Count": 1,
        "Point_GIS_Ready": true,
        "Plot_Status": "PLOT",
        "Point_Source": "SRC_GEO_2018_SRI_JAYA",
        "Geometry_Status": "POINT RESOLVED; community polygon pending",
        "Polygon_ID": null,
        "Key_Gap": "Do not confuse with Kampung Sri Jaya in Tangkak.",
        "Next_Action": "Extract/close WKT where a real boundary source exists; otherwise keep point/road reference and document the gap.",
        "Override_Status": null,
        "Confidence": null,
        "Evidence": null,
        "Source_URL_1": null,
        "Source_URL_2": null,
        "Unresolved_Reason": null,
        "Matched_Fixed45_ID": null,
        "Master_Location_ID": "JBLOC-0135"
      }
    },
    {
      "type": "Feature",
      "geometry": {
        "type": "Point",
        "coordinates": [
          103.62481,
          1.50435
        ]
      },
      "properties": {
        "Year": 2018,
        "Object_ID": "LOC-JB-KG-MELAYU-LIMA-KEDAI",
        "Original_Name": "Kampung Melayu Lima Kedai",
        "Standardized_Name": "Kampung Melayu Lima Kedai",
        "Object_Type": "Residential hamlet",
        "Event_Count": 1,
        "Point_GIS_Ready": true,
        "Plot_Status": "PLOT",
        "Point_Source": "SRC_GEO_2018_MELAYU_LIMA_KEDAI",
        "Geometry_Status": "CLOSED COMMUNITY BOUNDARY SOURCE VERIFIED; WKT pending",
        "Polygon_ID": null,
        "Key_Gap": "OSM way 683471898 can be reconstructed in the 2018 polygon-closure pass.",
        "Next_Action": "Extract/close WKT where a real boundary source exists; otherwise keep point/road reference and document the gap.",
        "Override_Status": null,
        "Confidence": null,
        "Evidence": null,
        "Source_URL_1": null,
        "Source_URL_2": null,
        "Unresolved_Reason": null,
        "Matched_Fixed45_ID": null,
        "Master_Location_ID": "JBLOC-0096"
      }
    },
    {
      "type": "Feature",
      "geometry": {
        "type": "Point",
        "coordinates": [
          103.64612,
          1.5035
        ]
      },
      "properties": {
        "Year": 2018,
        "Object_ID": "LOC-JB-TAMAN-DAMAI-JAYA",
        "Original_Name": "Taman Damai Jaya",
        "Standardized_Name": "Taman Damai Jaya",
        "Object_Type": "Residential neighbourhood",
        "Event_Count": 1,
        "Point_GIS_Ready": true,
        "Plot_Status": "PLOT",
        "Point_Source": "SRC_GEO_2018_TAMAN_DAMAI_JAYA",
        "Geometry_Status": "CLOSED COMMUNITY BOUNDARY SOURCE VERIFIED; WKT pending",
        "Polygon_ID": null,
        "Key_Gap": "OSM way 681808163 can be reconstructed in the 2018 polygon-closure pass.",
        "Next_Action": "Extract/close WKT where a real boundary source exists; otherwise keep point/road reference and document the gap.",
        "Override_Status": null,
        "Confidence": null,
        "Evidence": null,
        "Source_URL_1": null,
        "Source_URL_2": null,
        "Unresolved_Reason": null,
        "Matched_Fixed45_ID": null,
        "Master_Location_ID": "JBLOC-0190"
      }
    },
    {
      "type": "Feature",
      "geometry": {
        "type": "Point",
        "coordinates": [
          103.6963972,
          1.4999611
        ]
      },
      "properties": {
        "Year": 2018,
        "Object_ID": "LOC-JB-JLN-SUKUN-KG-PASIR",
        "Original_Name": "Jalan Sukun, Kampung Pasir",
        "Standardized_Name": "Jalan Sukun, Kampung Pasir",
        "Object_Type": "Road within flood locality",
        "Event_Count": 1,
        "Point_GIS_Ready": true,
        "Plot_Status": "PLOT",
        "Point_Source": "SRC_GEO_2018_JALAN_SUKUN",
        "Geometry_Status": "ROAD IDENTITY VERIFIED; exact event-segment polygon pending",
        "Polygon_ID": null,
        "Key_Gap": "Road exists inside Kampung Pasir. Retain parent-community point until exact flooded road segment is recovered.",
        "Next_Action": "Extract/close WKT where a real boundary source exists; otherwise keep point/road reference and document the gap.",
        "Override_Status": null,
        "Confidence": null,
        "Evidence": null,
        "Source_URL_1": null,
        "Source_URL_2": null,
        "Unresolved_Reason": null,
        "Matched_Fixed45_ID": "HF14",
        "Master_Location_ID": "JBLOC-0063"
      }
    },
    {
      "type": "Feature",
      "geometry": {
        "type": "Point",
        "coordinates": [
          103.89469488,
          1.59325633
        ]
      },
      "properties": {
        "Year": 2019,
        "Object_ID": "LOC-JB-KG-SUNGAI-TIRAM",
        "Original_Name": "Kampung Sungai Tiram",
        "Standardized_Name": "Kampung Sungai Tiram",
        "Object_Type": "Kampung",
        "Event_Count": 1,
        "Point_GIS_Ready": true,
        "Plot_Status": "PLOT",
        "Point_Source": null,
        "Geometry_Status": "POINT / event-segment polygon open",
        "Polygon_ID": null,
        "Key_Gap": "Batu/road segment not specific",
        "Next_Action": "Close exact named OSM boundary where available; otherwise preserve point/reference and document open gap.",
        "Override_Status": null,
        "Confidence": null,
        "Evidence": null,
        "Source_URL_1": null,
        "Source_URL_2": null,
        "Unresolved_Reason": null,
        "Matched_Fixed45_ID": null,
        "Master_Location_ID": "JBLOC-0141"
      }
    },
    {
      "type": "Feature",
      "geometry": {
        "type": "Point",
        "coordinates": [
          103.76986,
          1.53056
        ]
      },
      "properties": {
        "Year": 2019,
        "Object_ID": "LOC-JB-TAMAN-ISTIMEWA",
        "Original_Name": "Taman Istimewa, Pandan",
        "Standardized_Name": "Taman Istimewa, Pandan",
        "Object_Type": "Neighborhood",
        "Event_Count": 1,
        "Point_GIS_Ready": true,
        "Plot_Status": "PLOT",
        "Point_Source": null,
        "Geometry_Status": "POINT RESOLVED; polygon pending",
        "Polygon_ID": null,
        "Key_Gap": "Exact/strong match to frozen HF19.",
        "Next_Action": "Close exact named OSM boundary where available; otherwise preserve point/reference and document open gap.",
        "Override_Status": null,
        "Confidence": null,
        "Evidence": null,
        "Source_URL_1": null,
        "Source_URL_2": null,
        "Unresolved_Reason": null,
        "Matched_Fixed45_ID": "HF19",
        "Master_Location_ID": "JBLOC-0193"
      }
    },
    {
      "type": "Feature",
      "geometry": {
        "type": "Point",
        "coordinates": [
          103.73541,
          1.46736
        ]
      },
      "properties": {
        "Year": 2019,
        "Object_ID": "LOC-JB-KG-MOHD-AMIN-KOLAM-AIR",
        "Original_Name": "Kampung Mohd Amin, Kolam Air",
        "Standardized_Name": "Kampung Mohd Amin, Kolam Air",
        "Object_Type": "Kampung",
        "Event_Count": 1,
        "Point_GIS_Ready": true,
        "Plot_Status": "PLOT",
        "Point_Source": null,
        "Geometry_Status": "POINT; polygon pending",
        "Polygon_ID": null,
        "Key_Gap": "Community boundary open",
        "Next_Action": "Close exact named OSM boundary where available; otherwise preserve point/reference and document open gap.",
        "Override_Status": null,
        "Confidence": null,
        "Evidence": null,
        "Source_URL_1": null,
        "Source_URL_2": null,
        "Unresolved_Reason": null,
        "Matched_Fixed45_ID": "HF08",
        "Master_Location_ID": "JBLOC-0103"
      }
    },
    {
      "type": "Feature",
      "geometry": {
        "type": "Point",
        "coordinates": [
          103.67688,
          1.47873
        ]
      },
      "properties": {
        "Year": 2019,
        "Object_ID": "LOC-JB-KG-TUAH-JAYA",
        "Original_Name": "Kampung Tuah Jaya",
        "Standardized_Name": "Kampung Tuah Jaya",
        "Object_Type": "Residential hamlet",
        "Event_Count": 1,
        "Point_GIS_Ready": true,
        "Plot_Status": "PLOT",
        "Point_Source": "PG2017-TUAH-JAYA",
        "Geometry_Status": "CLOSED",
        "Polygon_ID": null,
        "Key_Gap": null,
        "Next_Action": "Close exact named OSM boundary where available; otherwise preserve point/reference and document open gap.",
        "Override_Status": null,
        "Confidence": null,
        "Evidence": null,
        "Source_URL_1": null,
        "Source_URL_2": null,
        "Unresolved_Reason": null,
        "Matched_Fixed45_ID": null,
        "Master_Location_ID": "JBLOC-0145"
      }
    },
    {
      "type": "Feature",
      "geometry": {
        "type": "Point",
        "coordinates": [
          103.7577,
          1.57279
        ]
      },
      "properties": {
        "Year": 2019,
        "Object_ID": "LOC-JB-TAMAN-SETIA-INDAH",
        "Original_Name": "Taman Setia Indah",
        "Standardized_Name": "Taman Setia Indah",
        "Object_Type": "Township / quarter",
        "Event_Count": 1,
        "Point_GIS_Ready": true,
        "Plot_Status": "PLOT",
        "Point_Source": null,
        "Geometry_Status": "POINT RESOLVED; full township polygon pending",
        "Polygon_ID": null,
        "Key_Gap": "Exact/strong match to frozen HF20.",
        "Next_Action": "Close exact named OSM boundary where available; otherwise preserve point/reference and document open gap.",
        "Override_Status": null,
        "Confidence": null,
        "Evidence": null,
        "Source_URL_1": null,
        "Source_URL_2": null,
        "Unresolved_Reason": null,
        "Matched_Fixed45_ID": "HF20",
        "Master_Location_ID": "JBLOC-0205"
      }
    },
    {
      "type": "Feature",
      "geometry": {
        "type": "Point",
        "coordinates": [
          103.58949,
          1.47979
        ]
      },
      "properties": {
        "Year": 2019,
        "Object_ID": "LOC-CAND-JB-TAMAN-NUSA-PRIMA-2019",
        "Original_Name": "Taman Nusa Prima (JPS label)",
        "Standardized_Name": "Taman Nusantara Prima",
        "Object_Type": "Neighborhood",
        "Event_Count": 1,
        "Point_GIS_Ready": true,
        "Plot_Status": "PLOT",
        "Point_Source": null,
        "Geometry_Status": "IDENTITY/GEOCODE/POLYGON PENDING",
        "Polygon_ID": null,
        "Key_Gap": "Do not silently normalize to Taman Nusantara Prima without corroboration.",
        "Next_Action": "Close exact named OSM boundary where available; otherwise preserve point/reference and document open gap.",
        "Override_Status": "RESOLVED_NORMALIZED_POINT",
        "Confidence": "MEDIUM_HIGH",
        "Evidence": "JPS 2019 lists 'Tmn. Nusa Prima, Tmn Nusa Bayu' in the same Johor Bahru flood event. The mapped residential area immediately associated with Taman Nusa Bayu is Taman Nusantara Prima; official/current Johor addresses also use Taman Nusantara Prima. The JPS short label is therefore normalized with provenance retained.",
        "Source_URL_1": "https://bangi.pulasan.my/_media/lampiran/2019.pdf",
        "Source_URL_2": "https://mapcarta.com/W681880039",
        "Unresolved_Reason": null,
        "Matched_Fixed45_ID": null,
        "Master_Location_ID": "JBLOC-0200"
      }
    },
    {
      "type": "Feature",
      "geometry": {
        "type": "Point",
        "coordinates": [
          103.60088,
          1.48009
        ]
      },
      "properties": {
        "Year": 2019,
        "Object_ID": "LOC-JB-TAMAN-NUSA-BAYU",
        "Original_Name": "Taman Nusa Bayu",
        "Standardized_Name": "Taman Nusa Bayu",
        "Object_Type": "Residential neighborhood",
        "Event_Count": 1,
        "Point_GIS_Ready": true,
        "Plot_Status": "PLOT",
        "Point_Source": "SRC_GEO_2019_NUSA_BAYU",
        "Geometry_Status": "CLOSED COMMUNITY BOUNDARY SOURCE VERIFIED; WKT pending",
        "Polygon_ID": null,
        "Key_Gap": "OSM way 681880040 available for later closure.",
        "Next_Action": "Close exact named OSM boundary where available; otherwise preserve point/reference and document open gap.",
        "Override_Status": null,
        "Confidence": null,
        "Evidence": null,
        "Source_URL_1": null,
        "Source_URL_2": null,
        "Unresolved_Reason": null,
        "Matched_Fixed45_ID": null,
        "Master_Location_ID": "JBLOC-0199"
      }
    },
    {
      "type": "Feature",
      "geometry": {
        "type": "Point",
        "coordinates": [
          103.77407874,
          1.52236484
        ]
      },
      "properties": {
        "Year": 2019,
        "Object_ID": "LOC-JB-KG-MELAYU-PANDAN",
        "Original_Name": "Kampung Melayu Pandan",
        "Standardized_Name": "Kampung Melayu Pandan",
        "Object_Type": "Kampung",
        "Event_Count": 1,
        "Point_GIS_Ready": true,
        "Plot_Status": "PLOT",
        "Point_Source": null,
        "Geometry_Status": "POINT RESOLVED; community polygon pending",
        "Polygon_ID": null,
        "Key_Gap": "Exact match to frozen HF12.",
        "Next_Action": "Close exact named OSM boundary where available; otherwise preserve point/reference and document open gap.",
        "Override_Status": null,
        "Confidence": null,
        "Evidence": null,
        "Source_URL_1": null,
        "Source_URL_2": null,
        "Unresolved_Reason": null,
        "Matched_Fixed45_ID": "HF12",
        "Master_Location_ID": "JBLOC-0099"
      }
    },
    {
      "type": "Feature",
      "geometry": {
        "type": "Point",
        "coordinates": [
          103.56799503,
          1.47115514
        ]
      },
      "properties": {
        "Year": 2019,
        "Object_ID": "LOC-JB-KG-PULAI-ULU-PULAI",
        "Original_Name": "Kampung Pulai",
        "Standardized_Name": "Kampung Pulai",
        "Object_Type": "Kampung",
        "Event_Count": 1,
        "Point_GIS_Ready": true,
        "Plot_Status": "PLOT",
        "Point_Source": null,
        "Geometry_Status": "POINT; polygon pending",
        "Polygon_ID": null,
        "Key_Gap": "Boundary open",
        "Next_Action": "Close exact named OSM boundary where available; otherwise preserve point/reference and document open gap.",
        "Override_Status": null,
        "Confidence": null,
        "Evidence": null,
        "Source_URL_1": null,
        "Source_URL_2": null,
        "Unresolved_Reason": null,
        "Matched_Fixed45_ID": null,
        "Master_Location_ID": "JBLOC-0120"
      }
    },
    {
      "type": "Feature",
      "geometry": {
        "type": "Point",
        "coordinates": [
          103.924811,
          1.59376731
        ]
      },
      "properties": {
        "Year": 2019,
        "Object_ID": "LOC-JB-KG-BUKIT-DAGANG",
        "Original_Name": "Kampung Bukit Dagang",
        "Standardized_Name": "Kampung Bukit Dagang",
        "Object_Type": "Kampung",
        "Event_Count": 1,
        "Point_GIS_Ready": true,
        "Plot_Status": "PLOT",
        "Point_Source": null,
        "Geometry_Status": "POINT RESOLVED; community polygon pending",
        "Polygon_ID": null,
        "Key_Gap": "Official geocode resolved.",
        "Next_Action": "Close exact named OSM boundary where available; otherwise preserve point/reference and document open gap.",
        "Override_Status": null,
        "Confidence": null,
        "Evidence": null,
        "Source_URL_1": null,
        "Source_URL_2": null,
        "Unresolved_Reason": null,
        "Matched_Fixed45_ID": null,
        "Master_Location_ID": "JBLOC-0082"
      }
    },
    {
      "type": "Feature",
      "geometry": {
        "type": "Point",
        "coordinates": [
          103.9119375,
          1.5850625
        ]
      },
      "properties": {
        "Year": 2019,
        "Object_ID": "LOC-CAND-JB-JALAN-BATU-20-2019",
        "Original_Name": "Jalan Batu 20",
        "Standardized_Name": "Batu 20, Jalan Sungai Tiram",
        "Object_Type": "Road",
        "Event_Count": 1,
        "Point_GIS_Ready": true,
        "Plot_Status": "PLOT",
        "Point_Source": null,
        "Geometry_Status": "ROAD IDENTITY/GEOCODE/SEGMENT PENDING",
        "Polygon_ID": null,
        "Key_Gap": "Same episode as Bukit Dagang but JPS does not provide enough detail to assign a road segment.",
        "Next_Action": "Close exact named OSM boundary where available; otherwise preserve point/reference and document open gap.",
        "Override_Status": "RESOLVED_REPRESENTATIVE_ROAD_POINT",
        "Confidence": "MEDIUM_HIGH",
        "Evidence": "JPS 2019 records Jalan Batu 20 in the Sg. Layang flood event. Johor State Assembly proceedings independently describe recurrent flooding at Sungai Tiram Batu 20, and local-government/community records use Jln Sg Tiram 20. A documented Batu 20 address at Lot 338, Jalan Sungai Tiram provides a geocodable Plus Code; its decoded center is used only as a representative road-locality anchor.",
        "Source_URL_1": "https://bangi.pulasan.my/_media/lampiran/2019.pdf",
        "Source_URL_2": "https://dewannegeri.johor.gov.my/wp-content/uploads/2019/06/November-2018.pdf",
        "Unresolved_Reason": null,
        "Matched_Fixed45_ID": null,
        "Master_Location_ID": "JBLOC-0005"
      }
    },
    {
      "type": "Feature",
      "geometry": {
        "type": "Point",
        "coordinates": [
          103.92735539,
          1.52125286
        ]
      },
      "properties": {
        "Year": 2019,
        "Object_ID": "LOC-CAND-JB-KG-SENTOSA-2019",
        "Original_Name": "Kampung Sentosa (2019 JPS label)",
        "Standardized_Name": "Kg. Sentosa (Cahaya Baru / eastern Johor Bahru)",
        "Object_Type": "Kampung",
        "Event_Count": 1,
        "Point_GIS_Ready": true,
        "Plot_Status": "PLOT",
        "Point_Source": null,
        "Geometry_Status": "IDENTITY LINK TO EXISTING SENTOSA OBJECT PENDING",
        "Polygon_ID": null,
        "Key_Gap": "May correspond to existing eastern-JB Kampung Sentosa object, but JPS 2019 provides no qualifier; kept separate pending user review.",
        "Next_Action": "Close exact named OSM boundary where available; otherwise preserve point/reference and document open gap.",
        "Override_Status": "PLOT",
        "Confidence": "MEDIUM_HIGH",
        "Evidence": "2020 event uses a generic Sentosa label; the eastern-JB flood baseline already verifies official Kg. Sentosa in the Cahaya Baru/Sentosa cluster.",
        "Source_URL_1": "https://mygeoname.mygeoportal.gov.my/exportpdffasa3.jsp?kodnegeri=01",
        "Source_URL_2": "https://mbpg.gov.my/ms/rakyat/komuniti-program/ketua-kampung-mukim-plentong-mukim-sungai-tiram",
        "Unresolved_Reason": null,
        "Matched_Fixed45_ID": null,
        "Master_Location_ID": "JBLOC-0122"
      }
    },
    {
      "type": "Feature",
      "geometry": {
        "type": "Point",
        "coordinates": [
          103.71592,
          1.58109
        ]
      },
      "properties": {
        "Year": 2019,
        "Object_ID": "LOC-JB-KG-MAJU-JAYA",
        "Original_Name": "Kampung Maju Jaya",
        "Standardized_Name": "Kampung Maju Jaya",
        "Object_Type": "Kampung",
        "Event_Count": 1,
        "Point_GIS_Ready": true,
        "Plot_Status": "PLOT",
        "Point_Source": null,
        "Geometry_Status": "POINT RESOLVED; community polygon pending",
        "Polygon_ID": null,
        "Key_Gap": "Matched to frozen HF18. Same-name Pontian candidate at ~1.5682,103.4886 explicitly rejected.",
        "Next_Action": "Close exact named OSM boundary where available; otherwise preserve point/reference and document open gap.",
        "Override_Status": null,
        "Confidence": null,
        "Evidence": null,
        "Source_URL_1": null,
        "Source_URL_2": null,
        "Unresolved_Reason": null,
        "Matched_Fixed45_ID": "HF18",
        "Master_Location_ID": "JBLOC-0095"
      }
    },
    {
      "type": "Feature",
      "geometry": {
        "type": "Point",
        "coordinates": [
          103.74961954,
          1.5403203
        ]
      },
      "properties": {
        "Year": 2019,
        "Object_ID": "LOC-JB-KG-PAYA-KENANGAN",
        "Original_Name": "Kampung Paya Kenangan",
        "Standardized_Name": "Kampung Paya Kenangan",
        "Object_Type": "Kampung",
        "Event_Count": 1,
        "Point_GIS_Ready": true,
        "Plot_Status": "PLOT",
        "Point_Source": null,
        "Geometry_Status": "POINT; polygon pending",
        "Polygon_ID": null,
        "Key_Gap": "Boundary open",
        "Next_Action": "Close exact named OSM boundary where available; otherwise preserve point/reference and document open gap.",
        "Override_Status": null,
        "Confidence": null,
        "Evidence": null,
        "Source_URL_1": null,
        "Source_URL_2": null,
        "Unresolved_Reason": null,
        "Matched_Fixed45_ID": null,
        "Master_Location_ID": "JBLOC-0110"
      }
    },
    {
      "type": "Feature",
      "geometry": {
        "type": "Point",
        "coordinates": [
          103.74327778,
          1.54413889
        ]
      },
      "properties": {
        "Year": 2019,
        "Object_ID": "LOC-JB-KG-PASIR-TEBRAU",
        "Original_Name": "Kampung Pasir Tebrau",
        "Standardized_Name": "Kampung Pasir Tebrau",
        "Object_Type": "Kampung",
        "Event_Count": 1,
        "Point_GIS_Ready": true,
        "Plot_Status": "PLOT",
        "Point_Source": null,
        "Geometry_Status": "POINT RESOLVED; community polygon pending",
        "Polygon_ID": null,
        "Key_Gap": "Johor state 2025 flood-mitigation planning also identifies Kampung Pasir Tebrau as a flood-risk locality.",
        "Next_Action": "Close exact named OSM boundary where available; otherwise preserve point/reference and document open gap.",
        "Override_Status": null,
        "Confidence": null,
        "Evidence": null,
        "Source_URL_1": null,
        "Source_URL_2": null,
        "Unresolved_Reason": null,
        "Matched_Fixed45_ID": null,
        "Master_Location_ID": "JBLOC-0107"
      }
    },
    {
      "type": "Feature",
      "geometry": {
        "type": "Point",
        "coordinates": [
          103.6605,
          1.5453
        ]
      },
      "properties": {
        "Year": 2019,
        "Object_ID": "LOC-JB-KG-LAUT-SKUDAI",
        "Original_Name": "Kampung Laut, Skudai",
        "Standardized_Name": "Kampung Laut, Skudai",
        "Object_Type": "Kampung",
        "Event_Count": 1,
        "Point_GIS_Ready": true,
        "Plot_Status": "PLOT",
        "Point_Source": null,
        "Geometry_Status": "POINT; polygon pending",
        "Polygon_ID": null,
        "Key_Gap": "Boundary open",
        "Next_Action": "Close exact named OSM boundary where available; otherwise preserve point/reference and document open gap.",
        "Override_Status": null,
        "Confidence": null,
        "Evidence": null,
        "Source_URL_1": null,
        "Source_URL_2": null,
        "Unresolved_Reason": null,
        "Matched_Fixed45_ID": null,
        "Master_Location_ID": "JBLOC-0094"
      }
    },
    {
      "type": "Feature",
      "geometry": {
        "type": "Point",
        "coordinates": [
          103.66117,
          1.56411
        ]
      },
      "properties": {
        "Year": 2019,
        "Object_ID": "LOC-JB-KG-SEPAKAT-BARU",
        "Original_Name": "Kampung Sepakat Baru",
        "Standardized_Name": "Kampung Sepakat Baru",
        "Object_Type": "Kampung / residential hamlet",
        "Event_Count": 1,
        "Point_GIS_Ready": true,
        "Plot_Status": "PLOT",
        "Point_Source": "SRC_GEO_2019_SEPAKAT_BARU",
        "Geometry_Status": "CLOSED COMMUNITY BOUNDARY SOURCE VERIFIED; WKT pending",
        "Polygon_ID": null,
        "Key_Gap": "OSM way 463347299. Public postcode sources give inconsistent approximate points; retain source-specific provenance.",
        "Next_Action": "Close exact named OSM boundary where available; otherwise preserve point/reference and document open gap.",
        "Override_Status": null,
        "Confidence": null,
        "Evidence": null,
        "Source_URL_1": null,
        "Source_URL_2": null,
        "Unresolved_Reason": null,
        "Matched_Fixed45_ID": null,
        "Master_Location_ID": "JBLOC-0125"
      }
    },
    {
      "type": "Feature",
      "geometry": {
        "type": "Point",
        "coordinates": [
          103.67230887,
          1.52340697
        ]
      },
      "properties": {
        "Year": 2019,
        "Object_ID": "LOC-JB-KG-BATU-8-5-TUTA",
        "Original_Name": "Kampung Batu 8 1/2, TUTA",
        "Standardized_Name": "Kampung Batu 8 1/2, TUTA",
        "Object_Type": "Kampung",
        "Event_Count": 1,
        "Point_GIS_Ready": true,
        "Plot_Status": "PLOT",
        "Point_Source": null,
        "Geometry_Status": "POINT RESOLVED; polygon pending",
        "Polygon_ID": null,
        "Key_Gap": "TUTA qualifier retained from JPS event source.",
        "Next_Action": "Close exact named OSM boundary where available; otherwise preserve point/reference and document open gap.",
        "Override_Status": null,
        "Confidence": null,
        "Evidence": null,
        "Source_URL_1": null,
        "Source_URL_2": null,
        "Unresolved_Reason": null,
        "Matched_Fixed45_ID": null,
        "Master_Location_ID": "JBLOC-0078"
      }
    },
    {
      "type": "Feature",
      "geometry": {
        "type": "Point",
        "coordinates": [
          103.75965347,
          1.53411714
        ]
      },
      "properties": {
        "Year": 2019,
        "Object_ID": "LOC-JB-KG-BUNGA-ROS",
        "Original_Name": "Kampung Bunga Ros",
        "Standardized_Name": "Kampung Bunga Ros",
        "Object_Type": "Kampung",
        "Event_Count": 1,
        "Point_GIS_Ready": true,
        "Plot_Status": "PLOT",
        "Point_Source": null,
        "Geometry_Status": "POINT RESOLVED; community polygon pending",
        "Polygon_ID": null,
        "Key_Gap": "Matched to frozen HF37; Johor state record confirms Kampung Bunga Ros in Mukim Tebrau.",
        "Next_Action": "Close exact named OSM boundary where available; otherwise preserve point/reference and document open gap.",
        "Override_Status": null,
        "Confidence": null,
        "Evidence": null,
        "Source_URL_1": null,
        "Source_URL_2": null,
        "Unresolved_Reason": null,
        "Matched_Fixed45_ID": "HF37",
        "Master_Location_ID": "JBLOC-0083"
      }
    },
    {
      "type": "Feature",
      "geometry": {
        "type": "Point",
        "coordinates": [
          103.67688,
          1.47873
        ]
      },
      "properties": {
        "Year": 2020,
        "Object_ID": "LOC-JB-KG-TUAH-JAYA",
        "Original_Name": "Kampung Tuah Jaya",
        "Standardized_Name": "Kampung Tuah Jaya",
        "Object_Type": "Residential hamlet",
        "Event_Count": 2,
        "Point_GIS_Ready": true,
        "Plot_Status": "PLOT",
        "Point_Source": "SRC_R2020_JPS_2020_TABLE",
        "Geometry_Status": "CLOSED",
        "Polygon_ID": null,
        "Key_Gap": "No 2020 geometry change",
        "Next_Action": "Close exact named boundary where available; otherwise retain point/reference and document the unresolved event segment or identity.",
        "Override_Status": null,
        "Confidence": null,
        "Evidence": null,
        "Source_URL_1": null,
        "Source_URL_2": null,
        "Unresolved_Reason": null,
        "Matched_Fixed45_ID": null,
        "Master_Location_ID": "JBLOC-0145"
      }
    },
    {
      "type": "Feature",
      "geometry": {
        "type": "Point",
        "coordinates": [
          103.92735539,
          1.52125286
        ]
      },
      "properties": {
        "Year": 2020,
        "Object_ID": "LOC-CAND-JB-KG-SENTOSA-2019",
        "Original_Name": "Kampung Sentosa (generic)",
        "Standardized_Name": "Kg. Sentosa (Cahaya Baru / eastern Johor Bahru)",
        "Object_Type": "Kampung",
        "Event_Count": 1,
        "Point_GIS_Ready": true,
        "Plot_Status": "PLOT",
        "Point_Source": "SRC_R2020_JPS_2020_TABLE",
        "Geometry_Status": "IDENTITY LINK PENDING",
        "Polygon_ID": null,
        "Key_Gap": "Exact eastern-JB Sentosa link remains unresolved",
        "Next_Action": "Close exact named boundary where available; otherwise retain point/reference and document the unresolved event segment or identity.",
        "Override_Status": "PLOT",
        "Confidence": "MEDIUM_HIGH",
        "Evidence": "2020 event uses a generic Sentosa label; the eastern-JB flood baseline already verifies official Kg. Sentosa in the Cahaya Baru/Sentosa cluster.",
        "Source_URL_1": "https://mygeoname.mygeoportal.gov.my/exportpdffasa3.jsp?kodnegeri=01",
        "Source_URL_2": "https://mbpg.gov.my/ms/rakyat/komuniti-program/ketua-kampung-mukim-plentong-mukim-sungai-tiram",
        "Unresolved_Reason": null,
        "Matched_Fixed45_ID": null,
        "Master_Location_ID": "JBLOC-0122"
      }
    },
    {
      "type": "Feature",
      "geometry": {
        "type": "Point",
        "coordinates": [
          103.58622188,
          1.55797471
        ]
      },
      "properties": {
        "Year": 2020,
        "Object_ID": "LOC-JB-JLN-TAWAKAL-KG-MELAYU-KANGKAR-PULAI",
        "Original_Name": "Jalan Tawakal, Kampung Melayu Kangkar Pulai",
        "Standardized_Name": "Jalan Tawakal, Kampung Melayu Kangkar Pulai",
        "Object_Type": "Road within residential community",
        "Event_Count": 1,
        "Point_GIS_Ready": true,
        "Plot_Status": "PLOT",
        "Point_Source": "SRC_R2020_JPS_2020_TABLE",
        "Geometry_Status": "CLOSED PARENT-COMMUNITY BOUNDARY SOURCE VERIFIED; road segment pending",
        "Polygon_ID": null,
        "Key_Gap": "JPS names the road and community together; community has a named closed OSM residential way.",
        "Next_Action": "Close exact named boundary where available; otherwise retain point/reference and document the unresolved event segment or identity.",
        "Override_Status": null,
        "Confidence": null,
        "Evidence": null,
        "Source_URL_1": null,
        "Source_URL_2": null,
        "Unresolved_Reason": null,
        "Matched_Fixed45_ID": null,
        "Master_Location_ID": "JBLOC-0066"
      }
    },
    {
      "type": "Feature",
      "geometry": {
        "type": "Point",
        "coordinates": [
          103.7947712,
          1.534148
        ]
      },
      "properties": {
        "Year": 2020,
        "Object_ID": "LOC-JB-JLN-ROS-MERAH",
        "Original_Name": "Jalan Ros Merah",
        "Standardized_Name": "Jalan Ros Merah",
        "Object_Type": "Road",
        "Event_Count": 1,
        "Point_GIS_Ready": true,
        "Plot_Status": "PLOT",
        "Point_Source": "SRC_R2020_JPS_2020_TABLE",
        "Geometry_Status": "ROAD SEGMENT OPEN",
        "Polygon_ID": null,
        "Key_Gap": "Exact flooded road section open",
        "Next_Action": "Close exact named boundary where available; otherwise retain point/reference and document the unresolved event segment or identity.",
        "Override_Status": null,
        "Confidence": null,
        "Evidence": null,
        "Source_URL_1": null,
        "Source_URL_2": null,
        "Unresolved_Reason": null,
        "Matched_Fixed45_ID": null,
        "Master_Location_ID": "JBLOC-0054"
      }
    },
    {
      "type": "Feature",
      "geometry": {
        "type": "Point",
        "coordinates": [
          103.800959,
          1.493921
        ]
      },
      "properties": {
        "Year": 2020,
        "Object_ID": "LOC-JB-KG-PLENTONG-2020",
        "Original_Name": "Kampung Plentong",
        "Standardized_Name": "Kampung Plentong",
        "Object_Type": "Kampung",
        "Event_Count": 1,
        "Point_GIS_Ready": true,
        "Plot_Status": "PLOT",
        "Point_Source": "SRC_R2020_JPS_2020_TABLE",
        "Geometry_Status": "POINT RESOLVED; community polygon pending",
        "Polygon_ID": null,
        "Key_Gap": "Do not substitute Kampung Baru Plentong or Plentong Tengah; official gazetteer has a separate Kg Pelentong point.",
        "Next_Action": "Close exact named boundary where available; otherwise retain point/reference and document the unresolved event segment or identity.",
        "Override_Status": null,
        "Confidence": null,
        "Evidence": null,
        "Source_URL_1": null,
        "Source_URL_2": null,
        "Unresolved_Reason": null,
        "Matched_Fixed45_ID": null,
        "Master_Location_ID": "JBLOC-0118"
      }
    },
    {
      "type": "Feature",
      "geometry": {
        "type": "Point",
        "coordinates": [
          103.59504428,
          1.44271108
        ]
      },
      "properties": {
        "Year": 2020,
        "Object_ID": "LOC-JB-KG-BARU-MUAFAKAT-GP",
        "Original_Name": "Kampung Baru Muafakat, Gelang Patah",
        "Standardized_Name": "Kampung Baru Muafakat, Gelang Patah",
        "Object_Type": "Residential kampung",
        "Event_Count": 2,
        "Point_GIS_Ready": true,
        "Plot_Status": "PLOT",
        "Point_Source": "SRC_R2020_JPS_2020_TABLE",
        "Geometry_Status": "CLOSED COMMUNITY BOUNDARY SOURCE VERIFIED; WKT pending",
        "Polygon_ID": null,
        "Key_Gap": "JPS 20 Jun says Kg Baru Muafakat; 16 Nov says Kampung Muafakat, Gelang Patah. Stored as one canonical Gelang Patah locality with alias preserved.",
        "Next_Action": "Close exact named boundary where available; otherwise retain point/reference and document the unresolved event segment or identity.",
        "Override_Status": null,
        "Confidence": null,
        "Evidence": null,
        "Source_URL_1": null,
        "Source_URL_2": null,
        "Unresolved_Reason": null,
        "Matched_Fixed45_ID": null,
        "Master_Location_ID": "JBLOC-0077"
      }
    },
    {
      "type": "Feature",
      "geometry": {
        "type": "Point",
        "coordinates": [
          103.5923,
          1.4417
        ]
      },
      "properties": {
        "Year": 2020,
        "Object_ID": "LOC-JB-TAMAN-SYED-IDRUS",
        "Original_Name": "Taman Dato Syed Mohammad Idrus",
        "Standardized_Name": "Taman Dato Syed Mohammad Idrus",
        "Object_Type": "Locality / residential area",
        "Event_Count": 1,
        "Point_GIS_Ready": true,
        "Plot_Status": "PLOT",
        "Point_Source": "SRC_R2020_JPS_2020_TABLE",
        "Geometry_Status": "POINT RESOLVED; community polygon pending",
        "Polygon_ID": null,
        "Key_Gap": "JPS short name normalized to full GeoNames locality name.",
        "Next_Action": "Close exact named boundary where available; otherwise retain point/reference and document the unresolved event segment or identity.",
        "Override_Status": null,
        "Confidence": null,
        "Evidence": null,
        "Source_URL_1": null,
        "Source_URL_2": null,
        "Unresolved_Reason": null,
        "Matched_Fixed45_ID": null,
        "Master_Location_ID": "JBLOC-0191"
      }
    },
    {
      "type": "Feature",
      "geometry": {
        "type": "Point",
        "coordinates": [
          103.64612,
          1.5035
        ]
      },
      "properties": {
        "Year": 2020,
        "Object_ID": "LOC-JB-TAMAN-DAMAI-JAYA",
        "Original_Name": "Taman Damai Jaya",
        "Standardized_Name": "Taman Damai Jaya",
        "Object_Type": "Neighborhood",
        "Event_Count": 1,
        "Point_GIS_Ready": true,
        "Plot_Status": "PLOT",
        "Point_Source": "SRC_R2020_JPS_2020_TABLE",
        "Geometry_Status": "CLOSED",
        "Polygon_ID": null,
        "Key_Gap": "No 2020 geometry change",
        "Next_Action": "Close exact named boundary where available; otherwise retain point/reference and document the unresolved event segment or identity.",
        "Override_Status": null,
        "Confidence": null,
        "Evidence": null,
        "Source_URL_1": null,
        "Source_URL_2": null,
        "Unresolved_Reason": null,
        "Matched_Fixed45_ID": null,
        "Master_Location_ID": "JBLOC-0190"
      }
    },
    {
      "type": "Feature",
      "geometry": {
        "type": "Point",
        "coordinates": [
          103.7220526,
          1.4823854
        ]
      },
      "properties": {
        "Year": 2020,
        "Object_ID": "LOC-JB-JLN-KOLAM-AYER",
        "Original_Name": "Jalan Kolam Ayer",
        "Standardized_Name": "Jalan Kolam Ayer",
        "Object_Type": "Road",
        "Event_Count": 1,
        "Point_GIS_Ready": true,
        "Plot_Status": "PLOT",
        "Point_Source": "SRC_R2020_JPS_2020_TABLE",
        "Geometry_Status": "FIXED REFERENCE POINT; exact flooded road segment polygon pending",
        "Polygon_ID": null,
        "Key_Gap": "Reference point copied from HF02 without changing the frozen Point_Master coordinate.",
        "Next_Action": "Close exact named boundary where available; otherwise retain point/reference and document the unresolved event segment or identity.",
        "Override_Status": null,
        "Confidence": null,
        "Evidence": null,
        "Source_URL_1": null,
        "Source_URL_2": null,
        "Unresolved_Reason": null,
        "Matched_Fixed45_ID": "HF02",
        "Master_Location_ID": "JBLOC-0037"
      }
    },
    {
      "type": "Feature",
      "geometry": {
        "type": "Point",
        "coordinates": [
          103.73541,
          1.46736
        ]
      },
      "properties": {
        "Year": 2020,
        "Object_ID": "LOC-JB-KG-MOHD-AMIN-KOLAM-AIR",
        "Original_Name": "Kampung Mohd Amin, Kolam Air",
        "Standardized_Name": "Kampung Mohd Amin, Kolam Air",
        "Object_Type": "Kampung",
        "Event_Count": 1,
        "Point_GIS_Ready": true,
        "Plot_Status": "PLOT",
        "Point_Source": "SRC_R2020_JPS_2020_TABLE",
        "Geometry_Status": "POINT; POLYGON PENDING",
        "Polygon_ID": null,
        "Key_Gap": "Community boundary open",
        "Next_Action": "Close exact named boundary where available; otherwise retain point/reference and document the unresolved event segment or identity.",
        "Override_Status": null,
        "Confidence": null,
        "Evidence": null,
        "Source_URL_1": null,
        "Source_URL_2": null,
        "Unresolved_Reason": null,
        "Matched_Fixed45_ID": "HF08",
        "Master_Location_ID": "JBLOC-0103"
      }
    },
    {
      "type": "Feature",
      "geometry": {
        "type": "Point",
        "coordinates": [
          103.6605,
          1.5453
        ]
      },
      "properties": {
        "Year": 2020,
        "Object_ID": "LOC-JB-KG-LAUT-SKUDAI",
        "Original_Name": "Kampung Laut Batu 10, Skudai",
        "Standardized_Name": "Kampung Laut Batu 10, Skudai",
        "Object_Type": "Kampung",
        "Event_Count": 2,
        "Point_GIS_Ready": true,
        "Plot_Status": "PLOT",
        "Point_Source": "SRC_R2020_JPS_2020_TABLE; SRC_R2020_MMAIL_20201123",
        "Geometry_Status": "POINT; POLYGON PENDING",
        "Polygon_ID": null,
        "Key_Gap": "Community boundary open",
        "Next_Action": "Close exact named boundary where available; otherwise retain point/reference and document the unresolved event segment or identity.",
        "Override_Status": null,
        "Confidence": null,
        "Evidence": null,
        "Source_URL_1": null,
        "Source_URL_2": null,
        "Unresolved_Reason": null,
        "Matched_Fixed45_ID": null,
        "Master_Location_ID": "JBLOC-0093"
      }
    },
    {
      "type": "Feature",
      "geometry": {
        "type": "Point",
        "coordinates": [
          103.6963972,
          1.4999611
        ]
      },
      "properties": {
        "Year": 2020,
        "Object_ID": "LOC-JB-KG-PASIR-TAMPOI",
        "Original_Name": "Kampung Pasir, Tampoi",
        "Standardized_Name": "Kampung Pasir, Tampoi",
        "Object_Type": "Kampung",
        "Event_Count": 2,
        "Point_GIS_Ready": true,
        "Plot_Status": "PLOT",
        "Point_Source": "SRC_R2020_MMAIL_20201123; SRC_R2020_UTUSAN_20201121",
        "Geometry_Status": "POLYGON READY NOT CLOSED",
        "Polygon_ID": null,
        "Key_Gap": "Explicit boundary still open",
        "Next_Action": "Close exact named boundary where available; otherwise retain point/reference and document the unresolved event segment or identity.",
        "Override_Status": null,
        "Confidence": null,
        "Evidence": null,
        "Source_URL_1": null,
        "Source_URL_2": null,
        "Unresolved_Reason": null,
        "Matched_Fixed45_ID": "HF14",
        "Master_Location_ID": "JBLOC-0105"
      }
    },
    {
      "type": "Feature",
      "geometry": {
        "type": "Point",
        "coordinates": [
          103.70472574,
          1.49166007
        ]
      },
      "properties": {
        "Year": 2020,
        "Object_ID": "LOC-JB-KG-PENGKALAN-RINTING",
        "Original_Name": "Kampung Pengkalan Rinting",
        "Standardized_Name": "Kampung Pengkalan Rinting",
        "Object_Type": "Kampung",
        "Event_Count": 1,
        "Point_GIS_Ready": true,
        "Plot_Status": "PLOT",
        "Point_Source": "SRC_R2020_SINAR_20201122_PASIR",
        "Geometry_Status": "POINT RESOLVED; community polygon pending",
        "Polygon_ID": null,
        "Key_Gap": "Part of the Kampung Pasir flood network explicitly named on 21 Nov.",
        "Next_Action": "Close exact named boundary where available; otherwise retain point/reference and document the unresolved event segment or identity.",
        "Override_Status": null,
        "Confidence": null,
        "Evidence": null,
        "Source_URL_1": null,
        "Source_URL_2": null,
        "Unresolved_Reason": null,
        "Matched_Fixed45_ID": null,
        "Master_Location_ID": "JBLOC-0117"
      }
    },
    {
      "type": "Feature",
      "geometry": {
        "type": "Point",
        "coordinates": [
          103.68912,
          1.49933
        ]
      },
      "properties": {
        "Year": 2020,
        "Object_ID": "LOC-JB-KG-SRI-JAYA-SKUDAI",
        "Original_Name": "Kampung Seri Jaya",
        "Standardized_Name": "Kampung Seri Jaya",
        "Object_Type": "Kampung",
        "Event_Count": 1,
        "Point_GIS_Ready": true,
        "Plot_Status": "PLOT",
        "Point_Source": "SRC_R2020_SINAR_20201122_PASIR",
        "Geometry_Status": "POINT; POLYGON PENDING",
        "Polygon_ID": null,
        "Key_Gap": "Boundary open",
        "Next_Action": "Close exact named boundary where available; otherwise retain point/reference and document the unresolved event segment or identity.",
        "Override_Status": null,
        "Confidence": null,
        "Evidence": null,
        "Source_URL_1": null,
        "Source_URL_2": null,
        "Unresolved_Reason": null,
        "Matched_Fixed45_ID": null,
        "Master_Location_ID": "JBLOC-0127"
      }
    },
    {
      "type": "Feature",
      "geometry": {
        "type": "Point",
        "coordinates": [
          103.69059841,
          1.49949602
        ]
      },
      "properties": {
        "Year": 2020,
        "Object_ID": "LOC-JB-KG-SRI-JAYA-BARU",
        "Original_Name": "Kampung Sri Jaya Baru",
        "Standardized_Name": "Kampung Sri Jaya Baru",
        "Object_Type": "Kampung",
        "Event_Count": 1,
        "Point_GIS_Ready": true,
        "Plot_Status": "PLOT",
        "Point_Source": "SRC_R2020_SINAR_20201122_PASIR",
        "Geometry_Status": "POINT RESOLVED; community polygon pending",
        "Polygon_ID": null,
        "Key_Gap": "Named as part of the Kampung Pasir network affected on 21 Nov.",
        "Next_Action": "Close exact named boundary where available; otherwise retain point/reference and document the unresolved event segment or identity.",
        "Override_Status": null,
        "Confidence": null,
        "Evidence": null,
        "Source_URL_1": null,
        "Source_URL_2": null,
        "Unresolved_Reason": null,
        "Matched_Fixed45_ID": null,
        "Master_Location_ID": "JBLOC-0134"
      }
    },
    {
      "type": "Feature",
      "geometry": {
        "type": "Point",
        "coordinates": [
          103.68986464,
          1.50134219
        ]
      },
      "properties": {
        "Year": 2020,
        "Object_ID": "LOC-JB-KG-SERI-SERDANG-BARU",
        "Original_Name": "Kampung Seri Serdang Baru",
        "Standardized_Name": "Kampung Seri Serdang Baru",
        "Object_Type": "Kampung",
        "Event_Count": 1,
        "Point_GIS_Ready": true,
        "Plot_Status": "PLOT",
        "Point_Source": "SRC_R2020_SINAR_20201122_PASIR",
        "Geometry_Status": "POINT RESOLVED; community polygon pending",
        "Polygon_ID": null,
        "Key_Gap": "Named as part of the Kampung Pasir network affected on 21 Nov.",
        "Next_Action": "Close exact named boundary where available; otherwise retain point/reference and document the unresolved event segment or identity.",
        "Override_Status": null,
        "Confidence": null,
        "Evidence": null,
        "Source_URL_1": null,
        "Source_URL_2": null,
        "Unresolved_Reason": null,
        "Matched_Fixed45_ID": null,
        "Master_Location_ID": "JBLOC-0130"
      }
    },
    {
      "type": "Feature",
      "geometry": {
        "type": "Point",
        "coordinates": [
          103.6919335,
          1.5017487
        ]
      },
      "properties": {
        "Year": 2020,
        "Object_ID": "LOC-JB-KG-SRI-SERDANG",
        "Original_Name": "Kampung Sri Serdang",
        "Standardized_Name": "Kampung Sri Serdang",
        "Object_Type": "Kampung",
        "Event_Count": 1,
        "Point_GIS_Ready": true,
        "Plot_Status": "PLOT",
        "Point_Source": "SRC_R2020_UTUSAN_20201121",
        "Geometry_Status": "FIXED REFERENCE POINT; community polygon pending",
        "Polygon_ID": null,
        "Key_Gap": "Exact/strong normalized match to frozen HF15; do not change Point_Master coordinate.",
        "Next_Action": "Close exact named boundary where available; otherwise retain point/reference and document the unresolved event segment or identity.",
        "Override_Status": null,
        "Confidence": null,
        "Evidence": null,
        "Source_URL_1": null,
        "Source_URL_2": null,
        "Unresolved_Reason": null,
        "Matched_Fixed45_ID": "HF15",
        "Master_Location_ID": "JBLOC-0136"
      }
    },
    {
      "type": "Feature",
      "geometry": {
        "type": "Point",
        "coordinates": [
          103.6859554,
          1.502518
        ]
      },
      "properties": {
        "Year": 2020,
        "Object_ID": "LOC-JB-TAMAN-TAMPOI-UTAMA",
        "Original_Name": "Taman Tampoi Utama",
        "Standardized_Name": "Taman Tampoi Utama",
        "Object_Type": "Neighborhood",
        "Event_Count": 1,
        "Point_GIS_Ready": true,
        "Plot_Status": "PLOT",
        "Point_Source": "SRC_R2020_SINAR_20201122_PASIR",
        "Geometry_Status": "FIXED REFERENCE POINT; neighbourhood polygon pending",
        "Polygon_ID": null,
        "Key_Gap": "Exact match to frozen HF40; do not change Point_Master coordinate.",
        "Next_Action": "Close exact named boundary where available; otherwise retain point/reference and document the unresolved event segment or identity.",
        "Override_Status": null,
        "Confidence": null,
        "Evidence": null,
        "Source_URL_1": null,
        "Source_URL_2": null,
        "Unresolved_Reason": null,
        "Matched_Fixed45_ID": "HF40",
        "Master_Location_ID": "JBLOC-0209"
      }
    },
    {
      "type": "Feature",
      "geometry": {
        "type": "Point",
        "coordinates": [
          103.6605,
          1.5453
        ]
      },
      "properties": {
        "Year": 2021,
        "Object_ID": "S2021-001",
        "Original_Name": "Kampung Laut Batu 10, Skudai",
        "Standardized_Name": "Kampung Laut Batu 10, Skudai",
        "Object_Type": "COMMUNITY",
        "Event_Count": 5,
        "Point_GIS_Ready": true,
        "Plot_Status": "PLOT",
        "Point_Source": "GeoNames/Mapcarta locality; event disambiguated to Skudai",
        "Geometry_Status": "POINT_READY; POLYGON_OPEN",
        "Polygon_ID": null,
        "Key_Gap": "Community identity is clear; exact flood/community polygon not frozen.",
        "Next_Action": "Resolve exact named closed community boundary if available.",
        "Override_Status": null,
        "Confidence": null,
        "Evidence": null,
        "Source_URL_1": null,
        "Source_URL_2": null,
        "Unresolved_Reason": null,
        "Matched_Fixed45_ID": null,
        "Master_Location_ID": "JBLOC-0093"
      }
    },
    {
      "type": "Feature",
      "geometry": {
        "type": "Point",
        "coordinates": [
          103.92185516,
          1.52194889
        ]
      },
      "properties": {
        "Year": 2021,
        "Object_ID": "S2021-002",
        "Original_Name": "Kampung Sentosa Barat",
        "Standardized_Name": "Kg. Sentosa Barat",
        "Object_Type": "COMMUNITY",
        "Event_Count": 3,
        "Point_GIS_Ready": true,
        "Plot_Status": "PLOT",
        "Point_Source": "MBPG/news identity evidence",
        "Geometry_Status": "IDENTITY_READY; POINT_OPEN",
        "Polygon_ID": null,
        "Key_Gap": "No strict traceable centroid/boundary frozen.",
        "Next_Action": "Seek official gazetteer/planning boundary; do not substitute generic Sentosa.",
        "Override_Status": "PLOT",
        "Confidence": "HIGH",
        "Evidence": "Official Johor gazetteer point and MBPG community register agree on Kampung Sentosa Barat in the Cahaya Baru/Sentosa cluster.",
        "Source_URL_1": "https://mygeoname.mygeoportal.gov.my/exportpdffasa3.jsp?kodnegeri=01",
        "Source_URL_2": "https://mbpg.gov.my/ms/rakyat/komuniti-program/ketua-kampung-mukim-plentong-mukim-sungai-tiram",
        "Unresolved_Reason": null,
        "Matched_Fixed45_ID": null,
        "Master_Location_ID": "JBLOC-0123"
      }
    },
    {
      "type": "Feature",
      "geometry": {
        "type": "Point",
        "coordinates": [
          103.93562865,
          1.52139605
        ]
      },
      "properties": {
        "Year": 2021,
        "Object_ID": "S2021-003",
        "Original_Name": "Kampung Sentosa Damai",
        "Standardized_Name": "Kg. Sentosa Damai",
        "Object_Type": "COMMUNITY",
        "Event_Count": 2,
        "Point_GIS_Ready": true,
        "Plot_Status": "PLOT",
        "Point_Source": "News/state statement identity evidence",
        "Geometry_Status": "IDENTITY_READY; POINT_OPEN",
        "Polygon_ID": null,
        "Key_Gap": "No strict traceable centroid/boundary frozen.",
        "Next_Action": "Seek official gazetteer/planning boundary.",
        "Override_Status": "PLOT",
        "Confidence": "HIGH",
        "Evidence": "Official Johor gazetteer lists Kg. Sentosa Damai; MBPG confirms the settlement under the Cahaya Baru village cluster.",
        "Source_URL_1": "https://mygeoname.mygeoportal.gov.my/exportpdffasa3.jsp?kodnegeri=01",
        "Source_URL_2": "https://mbpg.gov.my/ms/rakyat/komuniti-program/ketua-kampung-mukim-plentong-mukim-sungai-tiram",
        "Unresolved_Reason": null,
        "Matched_Fixed45_ID": null,
        "Master_Location_ID": "JBLOC-0124"
      }
    },
    {
      "type": "Feature",
      "geometry": {
        "type": "Point",
        "coordinates": [
          103.67230887,
          1.52340697
        ]
      },
      "properties": {
        "Year": 2021,
        "Object_ID": "S2021-004",
        "Original_Name": "Lorong Aris Batu 8, Skudai",
        "Standardized_Name": "Lorong Aris / Kg. Batu 8 1/2, Skudai",
        "Object_Type": "ROAD/SUBAREA",
        "Event_Count": 2,
        "Point_GIS_Ready": true,
        "Plot_Status": "PLOT",
        "Point_Source": "MBIP project-map context only",
        "Geometry_Status": "ROAD_SEGMENT_OPEN",
        "Polygon_ID": null,
        "Key_Gap": "Project-area evidence exists but does not define the exact flooded segment.",
        "Next_Action": "Manual road-segment reconstruction only if event-specific start/end evidence is found.",
        "Override_Status": "PLOT",
        "Confidence": "MEDIUM",
        "Evidence": "Johor records verify Lorong Aris at Batu 8 1/2 Skudai and recurrent flooding; the official Kg. Batu 8 1/2 gazetteer point is used as the locality anchor, not an exact lane centroid.",
        "Source_URL_1": "https://mygeoname.mygeoportal.gov.my/exportpdffasa3.jsp?kodnegeri=01",
        "Source_URL_2": "https://www.scribd.com/document/733081698/SOALAN-LISAN-YG-TIDAK-HABIS-DIJAWAB-SEPT-2022",
        "Unresolved_Reason": null,
        "Matched_Fixed45_ID": null,
        "Master_Location_ID": "JBLOC-0164"
      }
    },
    {
      "type": "Feature",
      "geometry": {
        "type": "Point",
        "coordinates": [
          103.6969651,
          1.4955303
        ]
      },
      "properties": {
        "Year": 2021,
        "Object_ID": "S2021-006",
        "Original_Name": "Kampung Pasir",
        "Standardized_Name": "Kampung Pasir",
        "Object_Type": "COMMUNITY",
        "Event_Count": 4,
        "Point_GIS_Ready": true,
        "Plot_Status": "PLOT",
        "Point_Source": "R012 frozen HF14 coordinate",
        "Geometry_Status": "POINT_READY; POLYGON_OPEN",
        "Polygon_ID": null,
        "Key_Gap": "Existing fixed reference point reused; no exact community flood polygon substituted.",
        "Next_Action": "Continue exact community-boundary search.",
        "Override_Status": null,
        "Confidence": null,
        "Evidence": null,
        "Source_URL_1": null,
        "Source_URL_2": null,
        "Unresolved_Reason": null,
        "Matched_Fixed45_ID": null,
        "Master_Location_ID": "JBLOC-0104"
      }
    },
    {
      "type": "Feature",
      "geometry": {
        "type": "Point",
        "coordinates": [
          103.66117,
          1.56411
        ]
      },
      "properties": {
        "Year": 2021,
        "Object_ID": "S2021-008",
        "Original_Name": "Kampung Sepakat Baru",
        "Standardized_Name": "Kampung Sepakat Baru",
        "Object_Type": "COMMUNITY",
        "Event_Count": 2,
        "Point_GIS_Ready": true,
        "Plot_Status": "PLOT",
        "Point_Source": "OSM named locality / prior R010 audit",
        "Geometry_Status": "REUSED_CLOSED",
        "Polygon_ID": "PG2019-KG-SEPAKAT-BARU",
        "Key_Gap": "10 Jan source says Kampung Sepakat; MBIP/OSM support Sepakat Baru normalization.",
        "Next_Action": "Reuse frozen PG2019 polygon; retain source-label variant in events.",
        "Override_Status": null,
        "Confidence": null,
        "Evidence": null,
        "Source_URL_1": null,
        "Source_URL_2": null,
        "Unresolved_Reason": null,
        "Matched_Fixed45_ID": null,
        "Master_Location_ID": "JBLOC-0125"
      }
    },
    {
      "type": "Feature",
      "geometry": {
        "type": "Point",
        "coordinates": [
          103.7513,
          1.5415
        ]
      },
      "properties": {
        "Year": 2021,
        "Object_ID": "S2021-009",
        "Original_Name": "Kampung Paya Kenangan",
        "Standardized_Name": "Kampung Paya Kenangan",
        "Object_Type": "COMMUNITY",
        "Event_Count": 2,
        "Point_GIS_Ready": true,
        "Plot_Status": "PLOT",
        "Point_Source": "Gazetteer/locality mapping",
        "Geometry_Status": "POINT_READY; POLYGON_OPEN",
        "Polygon_ID": null,
        "Key_Gap": "Point is defensible; exact closed community boundary not frozen.",
        "Next_Action": "Seek exact named boundary.",
        "Override_Status": null,
        "Confidence": null,
        "Evidence": null,
        "Source_URL_1": null,
        "Source_URL_2": null,
        "Unresolved_Reason": null,
        "Matched_Fixed45_ID": null,
        "Master_Location_ID": "JBLOC-0110"
      }
    },
    {
      "type": "Feature",
      "geometry": {
        "type": "Point",
        "coordinates": [
          103.7432778,
          1.5441389
        ]
      },
      "properties": {
        "Year": 2021,
        "Object_ID": "S2021-010",
        "Original_Name": "Kampung Pasir Tebrau",
        "Standardized_Name": "Kampung Pasir Tebrau",
        "Object_Type": "COMMUNITY",
        "Event_Count": 1,
        "Point_GIS_Ready": true,
        "Plot_Status": "PLOT",
        "Point_Source": "Official Johor geographic gazette coordinate",
        "Geometry_Status": "POINT_READY; POLYGON_OPEN",
        "Polygon_ID": null,
        "Key_Gap": "Point is defensible; exact closed community boundary not frozen.",
        "Next_Action": "Seek exact named boundary.",
        "Override_Status": null,
        "Confidence": null,
        "Evidence": null,
        "Source_URL_1": null,
        "Source_URL_2": null,
        "Unresolved_Reason": null,
        "Matched_Fixed45_ID": null,
        "Master_Location_ID": "JBLOC-0107"
      }
    },
    {
      "type": "Feature",
      "geometry": {
        "type": "Point",
        "coordinates": [
          103.75589,
          1.53176
        ]
      },
      "properties": {
        "Year": 2021,
        "Object_ID": "S2021-011",
        "Original_Name": "Kampung Kangkar Tebrau",
        "Standardized_Name": "Kampung Kangkar Tebrau",
        "Object_Type": "COMMUNITY",
        "Event_Count": 3,
        "Point_GIS_Ready": true,
        "Plot_Status": "PLOT",
        "Point_Source": "OSM locality / prior R005 audit",
        "Geometry_Status": "REUSED_CLOSED",
        "Polygon_ID": "PG2017-KG-KANGKAR-TEBRAU",
        "Key_Gap": "Existing closed community polygon is already frozen.",
        "Next_Action": "Reuse PG2017 polygon.",
        "Override_Status": null,
        "Confidence": null,
        "Evidence": null,
        "Source_URL_1": null,
        "Source_URL_2": null,
        "Unresolved_Reason": null,
        "Matched_Fixed45_ID": null,
        "Master_Location_ID": "JBLOC-0090"
      }
    },
    {
      "type": "Feature",
      "geometry": {
        "type": "Point",
        "coordinates": [
          103.9119375,
          1.5850625
        ]
      },
      "properties": {
        "Year": 2021,
        "Object_ID": "S2021-013",
        "Original_Name": "Batu 20 Sungai Tiram",
        "Standardized_Name": "Batu 20, Jalan Sungai Tiram",
        "Object_Type": "ROAD/LOCALITY",
        "Event_Count": 1,
        "Point_GIS_Ready": true,
        "Plot_Status": "PLOT",
        "Point_Source": "Event label only",
        "Geometry_Status": "ROAD_SEGMENT_OPEN",
        "Polygon_ID": null,
        "Key_Gap": "Linear/road-chainage object; exact affected segment unresolved.",
        "Next_Action": "Resolve road chainage or event-specific segment.",
        "Override_Status": "PLOT",
        "Confidence": "MEDIUM_HIGH",
        "Evidence": "Reuses the previously frozen Batu 20/Jalan Sungai Tiram representative anchor supported by Johor flood/local-government records.",
        "Source_URL_1": "https://dewannegeri.johor.gov.my/wp-content/uploads/2019/06/November-2018.pdf",
        "Source_URL_2": null,
        "Unresolved_Reason": null,
        "Matched_Fixed45_ID": null,
        "Master_Location_ID": "JBLOC-0005"
      }
    },
    {
      "type": "Feature",
      "geometry": {
        "type": "Point",
        "coordinates": [
          103.8743,
          1.48054
        ]
      },
      "properties": {
        "Year": 2021,
        "Object_ID": "S2021-015",
        "Original_Name": "Kampung Sungai Rinting",
        "Standardized_Name": "Kampung Sungai Rinting",
        "Object_Type": "COMMUNITY",
        "Event_Count": 1,
        "Point_GIS_Ready": true,
        "Plot_Status": "PLOT",
        "Point_Source": "GeoNames/locality mapping",
        "Geometry_Status": "POINT_READY; POLYGON_OPEN",
        "Polygon_ID": null,
        "Key_Gap": "Exact community polygon not frozen.",
        "Next_Action": "Seek named closed boundary.",
        "Override_Status": null,
        "Confidence": null,
        "Evidence": null,
        "Source_URL_1": null,
        "Source_URL_2": null,
        "Unresolved_Reason": null,
        "Matched_Fixed45_ID": null,
        "Master_Location_ID": "JBLOC-0138"
      }
    },
    {
      "type": "Feature",
      "geometry": {
        "type": "Point",
        "coordinates": [
          103.8948094913,
          1.4696218674
        ]
      },
      "properties": {
        "Year": 2021,
        "Object_ID": "S2021-016",
        "Original_Name": "Taman Mawar",
        "Standardized_Name": "Taman Mawar",
        "Object_Type": "RESIDENTIAL",
        "Event_Count": 1,
        "Point_GIS_Ready": true,
        "Plot_Status": "PLOT",
        "Point_Source": "OSM way 617816429 polygon centroid",
        "Geometry_Status": "NEW_CLOSED",
        "Polygon_ID": "PG2021-TAMAN-MAWAR",
        "Key_Gap": "Exact named landuse=residential closed way available.",
        "Next_Action": "Freeze OSM boundary as analysis polygon; not inundation footprint.",
        "Override_Status": null,
        "Confidence": null,
        "Evidence": null,
        "Source_URL_1": null,
        "Source_URL_2": null,
        "Unresolved_Reason": null,
        "Matched_Fixed45_ID": null,
        "Master_Location_ID": "JBLOC-0196"
      }
    },
    {
      "type": "Feature",
      "geometry": {
        "type": "Point",
        "coordinates": [
          103.8788,
          1.4959
        ]
      },
      "properties": {
        "Year": 2021,
        "Object_ID": "S2021-017",
        "Original_Name": "Taman Rinting",
        "Standardized_Name": "Taman Rinting",
        "Object_Type": "RESIDENTIAL",
        "Event_Count": 1,
        "Point_GIS_Ready": true,
        "Plot_Status": "PLOT",
        "Point_Source": "GeoNames locality",
        "Geometry_Status": "POINT_READY; POLYGON_OPEN",
        "Polygon_ID": null,
        "Key_Gap": "Point is defensible; no exact closed event-area geometry frozen.",
        "Next_Action": "Seek exact named boundary.",
        "Override_Status": null,
        "Confidence": null,
        "Evidence": null,
        "Source_URL_1": null,
        "Source_URL_2": null,
        "Unresolved_Reason": null,
        "Matched_Fixed45_ID": null,
        "Master_Location_ID": "JBLOC-0204"
      }
    },
    {
      "type": "Feature",
      "geometry": {
        "type": "Point",
        "coordinates": [
          103.7149533,
          1.5118305
        ]
      },
      "properties": {
        "Year": 2021,
        "Object_ID": "S2021-018",
        "Original_Name": "Lebuhraya Pasir Gudang",
        "Standardized_Name": "Lebuhraya Pasir Gudang",
        "Object_Type": "ROAD",
        "Event_Count": 1,
        "Point_GIS_Ready": true,
        "Plot_Status": "PLOT",
        "Point_Source": "12 Jul source reports traffic severely affected",
        "Geometry_Status": "ROAD_SEGMENT_OPEN",
        "Polygon_ID": null,
        "Key_Gap": "Source names the highway but not flooded start/end chainage.",
        "Next_Action": "Keep linear object open; no whole-highway buffer.",
        "Override_Status": "PLOT",
        "Confidence": "MEDIUM",
        "Evidence": "Malaysia Postcode provides an approximate GPS coordinate for Lebuhraya Pasir Gudang in Johor Bahru; used only as a representative road anchor.",
        "Source_URL_1": "https://postcode.my/johor-johor-bahru-lebuhraya-pasir-gudang-81200.html",
        "Source_URL_2": null,
        "Unresolved_Reason": null,
        "Matched_Fixed45_ID": null,
        "Master_Location_ID": "JBLOC-0161"
      }
    },
    {
      "type": "Feature",
      "geometry": {
        "type": "Point",
        "coordinates": [
          103.9404605,
          1.47435541
        ]
      },
      "properties": {
        "Year": 2021,
        "Object_ID": "S2021-019",
        "Original_Name": "Kampung Bukit Pulai",
        "Standardized_Name": "Kg. Seri Aman / Batu Pulai",
        "Object_Type": "COMMUNITY",
        "Event_Count": 1,
        "Point_GIS_Ready": true,
        "Plot_Status": "PLOT",
        "Point_Source": "2 Sep JBPM/news event evidence",
        "Geometry_Status": "POINT_OPEN",
        "Polygon_ID": null,
        "Key_Gap": "Exact locality coordinate/boundary not frozen.",
        "Next_Action": "Resolve official locality.",
        "Override_Status": "PLOT",
        "Confidence": "MEDIUM_HIGH",
        "Evidence": "MBPG records use Kampung Seri Aman/Bt Pulai; the Johor gazetteer lists Kg. Seri Aman / Batu Pulai at this coordinate.",
        "Source_URL_1": "https://mygeoname.mygeoportal.gov.my/exportpdffasa3.jsp?kodnegeri=01",
        "Source_URL_2": "https://mbpg.gov.my/en/citizens/communities-programmes/ketua-kampung",
        "Unresolved_Reason": null,
        "Matched_Fixed45_ID": null,
        "Master_Location_ID": "JBLOC-0126"
      }
    },
    {
      "type": "Feature",
      "geometry": {
        "type": "Point",
        "coordinates": [
          103.93887,
          1.47292
        ]
      },
      "properties": {
        "Year": 2021,
        "Object_ID": "S2021-020",
        "Original_Name": "Taman Pasir Putih",
        "Standardized_Name": "Taman Pasir Putih",
        "Object_Type": "RESIDENTIAL",
        "Event_Count": 1,
        "Point_GIS_Ready": true,
        "Plot_Status": "PLOT",
        "Point_Source": "OSM node 2409009368",
        "Geometry_Status": "POINT_READY; POLYGON_OPEN",
        "Polygon_ID": null,
        "Key_Gap": "Point is defensible; exact event-area boundary not frozen.",
        "Next_Action": "Seek named closed residential boundary.",
        "Override_Status": null,
        "Confidence": null,
        "Evidence": null,
        "Source_URL_1": null,
        "Source_URL_2": null,
        "Unresolved_Reason": null,
        "Matched_Fixed45_ID": null,
        "Master_Location_ID": "JBLOC-0201"
      }
    },
    {
      "type": "Feature",
      "geometry": {
        "type": "Point",
        "coordinates": [
          103.75192484,
          1.51174352
        ]
      },
      "properties": {
        "Year": 2021,
        "Object_ID": "S2021-022",
        "Original_Name": "Kampung Melayu Majidee",
        "Standardized_Name": "Kampung Melayu Majidee",
        "Object_Type": "COMMUNITY",
        "Event_Count": 1,
        "Point_GIS_Ready": true,
        "Plot_Status": "PLOT",
        "Point_Source": "MyGeoName Johor gazetteer",
        "Geometry_Status": "POINT_READY; POLYGON_CANDIDATE_OPEN",
        "Polygon_ID": null,
        "Key_Gap": "OSM relation candidate exists but full multipolygon not reconstructed here.",
        "Next_Action": "Extract/validate full relation before closure.",
        "Override_Status": null,
        "Confidence": null,
        "Evidence": null,
        "Source_URL_1": null,
        "Source_URL_2": null,
        "Unresolved_Reason": null,
        "Matched_Fixed45_ID": null,
        "Master_Location_ID": "JBLOC-0097"
      }
    },
    {
      "type": "Feature",
      "geometry": {
        "type": "Point",
        "coordinates": [
          103.71579344,
          1.52911376
        ]
      },
      "properties": {
        "Year": 2021,
        "Object_ID": "S2021-023",
        "Original_Name": "Kempas Lurah",
        "Standardized_Name": "Kempas Lurah",
        "Object_Type": "COMMUNITY",
        "Event_Count": 1,
        "Point_GIS_Ready": true,
        "Plot_Status": "PLOT",
        "Point_Source": "OSM way 407852454 polygon centroid",
        "Geometry_Status": "NEW_CLOSED",
        "Polygon_ID": "PG2021-KEMPAS-LURAH",
        "Key_Gap": "Exact named landuse=residential/place=hamlet closed way available.",
        "Next_Action": "Freeze OSM boundary as analysis polygon; not inundation footprint.",
        "Override_Status": null,
        "Confidence": null,
        "Evidence": null,
        "Source_URL_1": null,
        "Source_URL_2": null,
        "Unresolved_Reason": null,
        "Matched_Fixed45_ID": null,
        "Master_Location_ID": "JBLOC-0153"
      }
    },
    {
      "type": "Feature",
      "geometry": {
        "type": "Point",
        "coordinates": [
          103.6448842,
          1.510224
        ]
      },
      "properties": {
        "Year": 2021,
        "Object_ID": "S2021-024",
        "Original_Name": "Taman Skudai Baru",
        "Standardized_Name": "Taman Skudai Baru",
        "Object_Type": "RESIDENTIAL",
        "Event_Count": 1,
        "Point_GIS_Ready": true,
        "Plot_Status": "PLOT",
        "Point_Source": "Multiple same-name OSM objects",
        "Geometry_Status": "IDENTITY_CONFLICT; POLYGON_OPEN",
        "Polygon_ID": null,
        "Key_Gap": "Two same-name public map objects create identity ambiguity.",
        "Next_Action": "Resolve against event/JBPM administrative context before selecting geometry.",
        "Override_Status": "PLOT",
        "Confidence": "MEDIUM",
        "Evidence": "Postcode geocoding provides an approximate coordinate for Taman Skudai Baru; municipal zoning independently confirms the named neighborhood.",
        "Source_URL_1": "https://postcode.my/johor-johor-bahru-taman-skudai-baru-81300.html",
        "Source_URL_2": "https://www.mbip.gov.my/sites/default/files/ahli_majlis_04082021.pdf",
        "Unresolved_Reason": null,
        "Matched_Fixed45_ID": null,
        "Master_Location_ID": "JBLOC-0206"
      }
    },
    {
      "type": "Feature",
      "geometry": {
        "type": "Point",
        "coordinates": [
          103.8024,
          1.5428
        ]
      },
      "properties": {
        "Year": 2021,
        "Object_ID": "S2021-025",
        "Original_Name": "Taman Johor Jaya",
        "Standardized_Name": "Taman Johor Jaya",
        "Object_Type": "RESIDENTIAL",
        "Event_Count": 1,
        "Point_GIS_Ready": true,
        "Plot_Status": "PLOT",
        "Point_Source": "OSM locality node 4938487621",
        "Geometry_Status": "POINT_READY; POLYGON_OPEN",
        "Polygon_ID": null,
        "Key_Gap": "Sinar lists Taman Johor Jaya; separate source mentions Jalan Belumut/Taman Johor.",
        "Next_Action": "Retain source conflict; do not auto-merge labels.",
        "Override_Status": null,
        "Confidence": null,
        "Evidence": null,
        "Source_URL_1": null,
        "Source_URL_2": null,
        "Unresolved_Reason": null,
        "Matched_Fixed45_ID": null,
        "Master_Location_ID": "JBLOC-0194"
      }
    },
    {
      "type": "Feature",
      "geometry": {
        "type": "Point",
        "coordinates": [
          103.736444,
          1.473837
        ]
      },
      "properties": {
        "Year": 2021,
        "Object_ID": "S2021-027",
        "Original_Name": "Kolam Air",
        "Standardized_Name": "Taman Kolam Air",
        "Object_Type": "AREA",
        "Event_Count": 1,
        "Point_GIS_Ready": true,
        "Plot_Status": "PLOT",
        "Point_Source": "30 Sep news event evidence",
        "Geometry_Status": "IDENTITY_AMBIGUOUS; POINT_OPEN",
        "Polygon_ID": null,
        "Key_Gap": "Generic name could be confused with unrelated Kolam Air features.",
        "Next_Action": "Resolve precise Johor Bahru locality before geocoding.",
        "Override_Status": "PLOT",
        "Confidence": "MEDIUM_HIGH",
        "Evidence": "Taman Kolam Air is a documented Johor Bahru locality; approximate GPS coordinate is available from postcode mapping.",
        "Source_URL_1": "https://postcode.my/johor-johor-bahru-taman-kolam-air-80100.html",
        "Source_URL_2": null,
        "Unresolved_Reason": null,
        "Matched_Fixed45_ID": null,
        "Master_Location_ID": "JBLOC-0195"
      }
    },
    {
      "type": "Feature",
      "geometry": {
        "type": "Point",
        "coordinates": [
          103.71851,
          1.514607
        ]
      },
      "properties": {
        "Year": 2021,
        "Object_ID": "S2021-028",
        "Original_Name": "Kempas Denai",
        "Standardized_Name": "Kempas Denai",
        "Object_Type": "ROAD/AREA",
        "Event_Count": 1,
        "Point_GIS_Ready": true,
        "Plot_Status": "PLOT",
        "Point_Source": "Sinar generic area + Kosmo road-specific wording",
        "Geometry_Status": "SOURCE_LABEL_CONFLICT; ROAD_SEGMENT_OPEN",
        "Polygon_ID": null,
        "Key_Gap": "Generic 'Kempas Denai' vs exact 'Jalan Denai Utama' wording.",
        "Next_Action": "Preserve both source labels; resolve flooded road segment separately.",
        "Override_Status": "PLOT",
        "Confidence": "MEDIUM",
        "Evidence": "A geocoded address on Jalan Denai Utama within Kempas Denai provides a reproducible locality anchor.",
        "Source_URL_1": "https://www.findlatitudeandlongitude.com/l/Jalan%2BDenai%2BUtama%2C%2BKempas%2BDenai%2C%2B81200%2BJohor%2BBahru%2C%2BJohor%2C%2BMalaysia/432090/",
        "Source_URL_2": null,
        "Unresolved_Reason": null,
        "Matched_Fixed45_ID": null,
        "Master_Location_ID": "JBLOC-0152"
      }
    },
    {
      "type": "Feature",
      "geometry": {
        "type": "Point",
        "coordinates": [
          103.72755,
          1.52696
        ]
      },
      "properties": {
        "Year": 2021,
        "Object_ID": "S2021-029",
        "Original_Name": "Kempas Permatang",
        "Standardized_Name": "Kempas Permatang",
        "Object_Type": "ROAD/AREA",
        "Event_Count": 1,
        "Point_GIS_Ready": true,
        "Plot_Status": "PLOT",
        "Point_Source": "OSM locality node / news context",
        "Geometry_Status": "POINT_READY; ROAD_SEGMENT_OPEN",
        "Polygon_ID": null,
        "Key_Gap": "Area point is usable, but event reporting also gives road-specific Jalan Permatang.",
        "Next_Action": "Do not treat point/community extent as flooded road segment.",
        "Override_Status": null,
        "Confidence": null,
        "Evidence": null,
        "Source_URL_1": null,
        "Source_URL_2": null,
        "Unresolved_Reason": null,
        "Matched_Fixed45_ID": null,
        "Master_Location_ID": "JBLOC-0154"
      }
    },
    {
      "type": "Feature",
      "geometry": {
        "type": "Point",
        "coordinates": [
          103.73374889,
          1.46371239
        ]
      },
      "properties": {
        "Year": 2021,
        "Object_ID": "S2021-031",
        "Original_Name": "Kampung Mohd Amin, Kolam Air",
        "Standardized_Name": "Kampung Mohd Amin, Kolam Air",
        "Object_Type": "COMMUNITY",
        "Event_Count": 1,
        "Point_GIS_Ready": true,
        "Plot_Status": "PLOT",
        "Point_Source": "MyGeoName Johor gazetteer / R012-linked identity",
        "Geometry_Status": "POINT_READY; POLYGON_OPEN",
        "Polygon_ID": null,
        "Key_Gap": "30 Sep field record is explicit; exact closed community boundary not frozen.",
        "Next_Action": "Reuse canonical Kampung Mohd Amin identity; retain Kolam Air event context.",
        "Override_Status": null,
        "Confidence": null,
        "Evidence": null,
        "Source_URL_1": null,
        "Source_URL_2": null,
        "Unresolved_Reason": null,
        "Matched_Fixed45_ID": null,
        "Master_Location_ID": "JBLOC-0103"
      }
    },
    {
      "type": "Feature",
      "geometry": {
        "type": "Point",
        "coordinates": [
          103.8806315,
          1.5843974
        ]
      },
      "properties": {
        "Year": 2022,
        "Object_ID": "S2022-001",
        "Original_Name": "Sungai Tiram PPS catchment",
        "Standardized_Name": "Sungai Tiram PPS catchment",
        "Object_Type": "AREA/COMMUNITY",
        "Event_Count": 1,
        "Point_GIS_Ready": true,
        "Plot_Status": "PLOT",
        "Point_Source": "R012 policy/reference point; Jan source identifies PPS, not exact inundated subarea",
        "Geometry_Status": "POINT_REFERENCE; EVENT_FOOTPRINT_OPEN",
        "Polygon_ID": null,
        "Key_Gap": "PPS location confirms affected Sungai Tiram context, but exact inundated subarea is not specified.",
        "Next_Action": "Retain area-reference point; do not infer a flood polygon from PPS location.",
        "Override_Status": null,
        "Confidence": null,
        "Evidence": null,
        "Source_URL_1": null,
        "Source_URL_2": null,
        "Unresolved_Reason": null,
        "Matched_Fixed45_ID": null,
        "Master_Location_ID": "JBLOC-0185"
      }
    },
    {
      "type": "Feature",
      "geometry": {
        "type": "Point",
        "coordinates": [
          103.5947457,
          1.4430619
        ]
      },
      "properties": {
        "Year": 2022,
        "Object_ID": "S2022-002",
        "Original_Name": "Kampung Baru Muafakat",
        "Standardized_Name": "Kampung Baru Muafakat",
        "Object_Type": "COMMUNITY",
        "Event_Count": 2,
        "Point_GIS_Ready": true,
        "Plot_Status": "PLOT",
        "Point_Source": "R012 frozen polygon centroid / OSM way 468638324",
        "Geometry_Status": "REUSED_CLOSED",
        "Polygon_ID": "PG2020-KG-BARU-MUAFAKAT",
        "Key_Gap": "Exact named community analysis polygon already frozen.",
        "Next_Action": "Reuse parent-community polygon; not an observed inundation footprint.",
        "Override_Status": null,
        "Confidence": null,
        "Evidence": null,
        "Source_URL_1": null,
        "Source_URL_2": null,
        "Unresolved_Reason": null,
        "Matched_Fixed45_ID": null,
        "Master_Location_ID": "JBLOC-0076"
      }
    },
    {
      "type": "Feature",
      "geometry": {
        "type": "Point",
        "coordinates": [
          103.6969651,
          1.4955303
        ]
      },
      "properties": {
        "Year": 2022,
        "Object_ID": "S2022-003",
        "Original_Name": "Kampung Pasir",
        "Standardized_Name": "Kampung Pasir",
        "Object_Type": "COMMUNITY",
        "Event_Count": 1,
        "Point_GIS_Ready": true,
        "Plot_Status": "PLOT",
        "Point_Source": "R012 fixed HF14 coordinate",
        "Geometry_Status": "POINT_READY; POLYGON_OPEN",
        "Polygon_ID": null,
        "Key_Gap": "Fixed reference point is defensible; no exact event/community flood polygon frozen.",
        "Next_Action": "Continue exact community-boundary search.",
        "Override_Status": null,
        "Confidence": null,
        "Evidence": null,
        "Source_URL_1": null,
        "Source_URL_2": null,
        "Unresolved_Reason": null,
        "Matched_Fixed45_ID": null,
        "Master_Location_ID": "JBLOC-0104"
      }
    },
    {
      "type": "Feature",
      "geometry": {
        "type": "Point",
        "coordinates": [
          103.8012632,
          1.5566538
        ]
      },
      "properties": {
        "Year": 2022,
        "Object_ID": "S2022-004",
        "Original_Name": "Jalan Kota Tinggi (FT003)",
        "Standardized_Name": "Jalan Kota Tinggi / FT003",
        "Object_Type": "ROAD",
        "Event_Count": 1,
        "Point_GIS_Ready": true,
        "Plot_Status": "PLOT",
        "Point_Source": "JPS 17 Apr event label",
        "Geometry_Status": "ROAD_SEGMENT_OPEN",
        "Polygon_ID": null,
        "Key_Gap": "JPS identifies the road, but not the exact flooded start/end chainage.",
        "Next_Action": "Keep linear event object open; no whole-road buffer.",
        "Override_Status": "PLOT",
        "Confidence": "MEDIUM",
        "Evidence": "Postcode geocoding provides an approximate Johor Bahru coordinate for Jalan Kota Tinggi; this is a representative road anchor, not chainage.",
        "Source_URL_1": "https://postcode.my/johor-johor-bahru-jalan-kota-tinggi-81100.html",
        "Source_URL_2": null,
        "Unresolved_Reason": null,
        "Matched_Fixed45_ID": null,
        "Master_Location_ID": "JBLOC-0039"
      }
    },
    {
      "type": "Feature",
      "geometry": {
        "type": "Point",
        "coordinates": [
          103.58727458,
          1.37194144
        ]
      },
      "properties": {
        "Year": 2022,
        "Object_ID": "S2022-005",
        "Original_Name": "Kampung Paya Mengkuang",
        "Standardized_Name": "Kampung Paya Mengkuang",
        "Object_Type": "COMMUNITY",
        "Event_Count": 2,
        "Point_GIS_Ready": true,
        "Plot_Status": "PLOT",
        "Point_Source": "MyGeoName Johor official gazette point",
        "Geometry_Status": "POINT_READY; POLYGON_OPEN",
        "Polygon_ID": null,
        "Key_Gap": "Two official/gazetteer Paya Mengkuang point variants exist; the event label is retained with Tanjung Kupang/Gelang Patah context.",
        "Next_Action": "Use official point as representative reference; do not close polygon until boundary identity is confirmed.",
        "Override_Status": null,
        "Confidence": null,
        "Evidence": null,
        "Source_URL_1": null,
        "Source_URL_2": null,
        "Unresolved_Reason": null,
        "Matched_Fixed45_ID": null,
        "Master_Location_ID": "JBLOC-0111"
      }
    },
    {
      "type": "Feature",
      "geometry": {
        "type": "Point",
        "coordinates": [
          103.7587117,
          1.4594963
        ]
      },
      "properties": {
        "Year": 2022,
        "Object_ID": "S2022-006",
        "Original_Name": "Jalan Ayer Molek",
        "Standardized_Name": "Jalan Ayer Molek",
        "Object_Type": "ROAD",
        "Event_Count": 1,
        "Point_GIS_Ready": true,
        "Plot_Status": "PLOT",
        "Point_Source": "R012 fixed HF01 coordinate",
        "Geometry_Status": "POINT_REFERENCE; ROAD_SEGMENT_OPEN",
        "Polygon_ID": null,
        "Key_Gap": "Road reference point is frozen, but exact 2 Aug flooded segment is not.",
        "Next_Action": "Keep event segment open.",
        "Override_Status": null,
        "Confidence": null,
        "Evidence": null,
        "Source_URL_1": null,
        "Source_URL_2": null,
        "Unresolved_Reason": null,
        "Matched_Fixed45_ID": null,
        "Master_Location_ID": "JBLOC-0021"
      }
    },
    {
      "type": "Feature",
      "geometry": {
        "type": "Point",
        "coordinates": [
          103.7656178,
          1.4576093
        ]
      },
      "properties": {
        "Year": 2022,
        "Object_ID": "S2022-007",
        "Original_Name": "Jalan Wong Ah Fook / Sungai Segget corridor",
        "Standardized_Name": "Jalan Wong Ah Fook / Sungai Segget corridor",
        "Object_Type": "ROAD/CORRIDOR",
        "Event_Count": 1,
        "Point_GIS_Ready": true,
        "Plot_Status": "PLOT",
        "Point_Source": "R012 fixed HF32 coordinate",
        "Geometry_Status": "REUSED_CLOSED",
        "Polygon_ID": "PG2016-CBD-SEGGET",
        "Key_Gap": "Existing closed corridor is an analysis context, not the exact 2 Aug water footprint.",
        "Next_Action": "Reuse corridor polygon; road-event segment interpretation remains conservative.",
        "Override_Status": null,
        "Confidence": null,
        "Evidence": null,
        "Source_URL_1": null,
        "Source_URL_2": null,
        "Unresolved_Reason": null,
        "Matched_Fixed45_ID": null,
        "Master_Location_ID": "JBLOC-0072"
      }
    },
    {
      "type": "Feature",
      "geometry": {
        "type": "Point",
        "coordinates": [
          103.7527329,
          1.4803791
        ]
      },
      "properties": {
        "Year": 2022,
        "Object_ID": "S2022-008",
        "Original_Name": "Jalan Tun Abdul Razak",
        "Standardized_Name": "Jalan Tun Abdul Razak",
        "Object_Type": "ROAD",
        "Event_Count": 1,
        "Point_GIS_Ready": true,
        "Plot_Status": "PLOT",
        "Point_Source": "R012 fixed HF06 coordinate",
        "Geometry_Status": "POINT_REFERENCE; ROAD_SEGMENT_OPEN",
        "Polygon_ID": null,
        "Key_Gap": "Exact 2 Aug flooded segment length not stated.",
        "Next_Action": "Keep event segment open.",
        "Override_Status": null,
        "Confidence": null,
        "Evidence": null,
        "Source_URL_1": null,
        "Source_URL_2": null,
        "Unresolved_Reason": null,
        "Matched_Fixed45_ID": null,
        "Master_Location_ID": "JBLOC-0070"
      }
    },
    {
      "type": "Feature",
      "geometry": {
        "type": "Point",
        "coordinates": [
          103.7220526,
          1.4823854
        ]
      },
      "properties": {
        "Year": 2022,
        "Object_ID": "S2022-009",
        "Original_Name": "Jalan Kolam Ayer",
        "Standardized_Name": "Jalan Kolam Ayer",
        "Object_Type": "ROAD",
        "Event_Count": 1,
        "Point_GIS_Ready": true,
        "Plot_Status": "PLOT",
        "Point_Source": "R012 fixed HF02 coordinate",
        "Geometry_Status": "POINT_REFERENCE; ROAD_SEGMENT_OPEN",
        "Polygon_ID": null,
        "Key_Gap": "Alias spelling retained; exact 2 Aug flooded road segment not stated.",
        "Next_Action": "Keep event segment open.",
        "Override_Status": null,
        "Confidence": null,
        "Evidence": null,
        "Source_URL_1": null,
        "Source_URL_2": null,
        "Unresolved_Reason": null,
        "Matched_Fixed45_ID": null,
        "Master_Location_ID": "JBLOC-0037"
      }
    },
    {
      "type": "Feature",
      "geometry": {
        "type": "Point",
        "coordinates": [
          103.7553464,
          1.4633725
        ]
      },
      "properties": {
        "Year": 2022,
        "Object_ID": "S2022-010",
        "Original_Name": "Jalan Yahya Awal",
        "Standardized_Name": "Jalan Yahya Awal",
        "Object_Type": "ROAD",
        "Event_Count": 1,
        "Point_GIS_Ready": true,
        "Plot_Status": "PLOT",
        "Point_Source": "R012 fixed HF07 coordinate",
        "Geometry_Status": "POINT_REFERENCE; ROAD_SEGMENT_OPEN",
        "Polygon_ID": null,
        "Key_Gap": "Exact flooded segment not stated.",
        "Next_Action": "Keep event segment open.",
        "Override_Status": null,
        "Confidence": null,
        "Evidence": null,
        "Source_URL_1": null,
        "Source_URL_2": null,
        "Unresolved_Reason": null,
        "Matched_Fixed45_ID": null,
        "Master_Location_ID": "JBLOC-0073"
      }
    },
    {
      "type": "Feature",
      "geometry": {
        "type": "Point",
        "coordinates": [
          103.7466457,
          1.4575013
        ]
      },
      "properties": {
        "Year": 2022,
        "Object_ID": "S2022-011",
        "Original_Name": "Hospital Sultanah Aminah",
        "Standardized_Name": "Hospital Sultanah Aminah",
        "Object_Type": "CRITICAL_FACILITY",
        "Event_Count": 1,
        "Point_GIS_Ready": true,
        "Plot_Status": "PLOT",
        "Point_Source": "R012 fixed HF22 / official address cross-check",
        "Geometry_Status": "REUSED_CLOSED",
        "Polygon_ID": "PG2016-HSA-CAMPUS",
        "Key_Gap": "Closed facility boundary is defensible; it is not an observed flood-water polygon.",
        "Next_Action": "Reuse HSA campus polygon.",
        "Override_Status": null,
        "Confidence": null,
        "Evidence": null,
        "Source_URL_1": null,
        "Source_URL_2": null,
        "Unresolved_Reason": null,
        "Matched_Fixed45_ID": null,
        "Master_Location_ID": "JBLOC-0016"
      }
    },
    {
      "type": "Feature",
      "geometry": {
        "type": "Point",
        "coordinates": [
          103.7354126,
          1.4673637
        ]
      },
      "properties": {
        "Year": 2022,
        "Object_ID": "S2022-012",
        "Original_Name": "Kampung Mohd Amin",
        "Standardized_Name": "Kampung Mohd Amin",
        "Object_Type": "COMMUNITY",
        "Event_Count": 2,
        "Point_GIS_Ready": true,
        "Plot_Status": "PLOT",
        "Point_Source": "R012 fixed HF08 coordinate",
        "Geometry_Status": "POINT_READY; POLYGON_OPEN",
        "Polygon_ID": null,
        "Key_Gap": "Source uses Kampung Baru Mohd Amin; canonical identity remains Kampung Mohd Amin with alias preserved.",
        "Next_Action": "Seek exact named community boundary.",
        "Override_Status": null,
        "Confidence": null,
        "Evidence": null,
        "Source_URL_1": null,
        "Source_URL_2": null,
        "Unresolved_Reason": null,
        "Matched_Fixed45_ID": null,
        "Master_Location_ID": "JBLOC-0100"
      }
    },
    {
      "type": "Feature",
      "geometry": {
        "type": "Point",
        "coordinates": [
          103.7190029,
          1.4843025
        ]
      },
      "properties": {
        "Year": 2022,
        "Object_ID": "S2022-013",
        "Original_Name": "Persiaran Abu Bakar Sultan",
        "Standardized_Name": "Persiaran Abu Bakar Sultan",
        "Object_Type": "ROAD",
        "Event_Count": 1,
        "Point_GIS_Ready": true,
        "Plot_Status": "PLOT",
        "Point_Source": "R012 fixed HF33 coordinate",
        "Geometry_Status": "POINT_REFERENCE; ROAD_SEGMENT_OPEN",
        "Polygon_ID": null,
        "Key_Gap": "Road inundation reported but exact affected segment is not specified.",
        "Next_Action": "Keep event segment open.",
        "Override_Status": null,
        "Confidence": null,
        "Evidence": null,
        "Source_URL_1": null,
        "Source_URL_2": null,
        "Unresolved_Reason": null,
        "Matched_Fixed45_ID": null,
        "Master_Location_ID": "JBLOC-0172"
      }
    },
    {
      "type": "Feature",
      "geometry": {
        "type": "Point",
        "coordinates": [
          103.74418,
          1.4593
        ]
      },
      "properties": {
        "Year": 2022,
        "Object_ID": "S2022-014",
        "Original_Name": "Jalan Pantai Lido",
        "Standardized_Name": "Jalan Pantai Lido",
        "Object_Type": "ROAD",
        "Event_Count": 1,
        "Point_GIS_Ready": true,
        "Plot_Status": "PLOT",
        "Point_Source": "Malay Mail 2 Aug event evidence",
        "Geometry_Status": "ROAD_SEGMENT_OPEN",
        "Polygon_ID": null,
        "Key_Gap": "Directional road wording only; exact inundated chainage is absent.",
        "Next_Action": "Do not buffer whole road.",
        "Override_Status": "PLOT",
        "Confidence": "MEDIUM",
        "Evidence": "A geocoded Hospital Sultanah Aminah address on Jalan Pantai Lido provides a reproducible representative point on the named road.",
        "Source_URL_1": "https://malaysia.worldplaces.me/review/229903929-klinik-pakar-neurosurgeri-hospital-sultanah-aminah-johor-baharu-johor.html",
        "Source_URL_2": null,
        "Unresolved_Reason": null,
        "Matched_Fixed45_ID": null,
        "Master_Location_ID": "JBLOC-0049"
      }
    },
    {
      "type": "Feature",
      "geometry": {
        "type": "Point",
        "coordinates": [
          103.7482815,
          1.4629658
        ]
      },
      "properties": {
        "Year": 2022,
        "Object_ID": "S2022-015",
        "Original_Name": "Jalan Mahmoodiah",
        "Standardized_Name": "Jalan Mahmoodiah",
        "Object_Type": "ROAD",
        "Event_Count": 1,
        "Point_GIS_Ready": true,
        "Plot_Status": "PLOT",
        "Point_Source": "R012 fixed HF03 coordinate",
        "Geometry_Status": "POINT_REFERENCE; ROAD_SEGMENT_OPEN",
        "Polygon_ID": null,
        "Key_Gap": "Spelling normalized; exact affected segment absent.",
        "Next_Action": "Keep road segment open.",
        "Override_Status": null,
        "Confidence": null,
        "Evidence": null,
        "Source_URL_1": null,
        "Source_URL_2": null,
        "Unresolved_Reason": null,
        "Matched_Fixed45_ID": null,
        "Master_Location_ID": "JBLOC-0042"
      }
    },
    {
      "type": "Feature",
      "geometry": {
        "type": "Point",
        "coordinates": [
          103.6605,
          1.5453
        ]
      },
      "properties": {
        "Year": 2022,
        "Object_ID": "S2022-017",
        "Original_Name": "Kampung Laut Batu 10, Skudai",
        "Standardized_Name": "Kampung Laut Batu 10, Skudai",
        "Object_Type": "COMMUNITY",
        "Event_Count": 2,
        "Point_GIS_Ready": true,
        "Plot_Status": "PLOT",
        "Point_Source": "R014 2021 audited locality reference",
        "Geometry_Status": "POINT_READY; POLYGON_OPEN",
        "Polygon_ID": null,
        "Key_Gap": "JPS wording includes both Kampung Laut and Kampung Laut Batu 10; normalized to one canonical Skudai object.",
        "Next_Action": "Do not double-count two labels as two spatial objects.",
        "Override_Status": null,
        "Confidence": null,
        "Evidence": null,
        "Source_URL_1": null,
        "Source_URL_2": null,
        "Unresolved_Reason": null,
        "Matched_Fixed45_ID": null,
        "Master_Location_ID": "JBLOC-0093"
      }
    },
    {
      "type": "Feature",
      "geometry": {
        "type": "Point",
        "coordinates": [
          103.7159181,
          1.5810921
        ]
      },
      "properties": {
        "Year": 2022,
        "Object_ID": "S2022-018",
        "Original_Name": "Kampung Maju Jaya",
        "Standardized_Name": "Kampung Maju Jaya",
        "Object_Type": "COMMUNITY",
        "Event_Count": 1,
        "Point_GIS_Ready": true,
        "Plot_Status": "PLOT",
        "Point_Source": "R012 fixed HF18 coordinate",
        "Geometry_Status": "POINT_READY; POLYGON_OPEN",
        "Polygon_ID": null,
        "Key_Gap": "Known recurrent location; exact 20 Aug analysis polygon not frozen.",
        "Next_Action": "Seek exact community boundary.",
        "Override_Status": null,
        "Confidence": null,
        "Evidence": null,
        "Source_URL_1": null,
        "Source_URL_2": null,
        "Unresolved_Reason": null,
        "Matched_Fixed45_ID": null,
        "Master_Location_ID": "JBLOC-0095"
      }
    },
    {
      "type": "Feature",
      "geometry": {
        "type": "Point",
        "coordinates": [
          103.74288131,
          1.54457461
        ]
      },
      "properties": {
        "Year": 2022,
        "Object_ID": "S2022-021",
        "Original_Name": "Kampung Pasir Tebrau",
        "Standardized_Name": "Kampung Pasir Tebrau",
        "Object_Type": "COMMUNITY",
        "Event_Count": 1,
        "Point_GIS_Ready": true,
        "Plot_Status": "PLOT",
        "Point_Source": "MyGeoName Johor official gazette point",
        "Geometry_Status": "POINT_READY; POLYGON_OPEN",
        "Polygon_ID": null,
        "Key_Gap": "Official point defensible; no exact community polygon frozen.",
        "Next_Action": "Seek named boundary.",
        "Override_Status": null,
        "Confidence": null,
        "Evidence": null,
        "Source_URL_1": null,
        "Source_URL_2": null,
        "Unresolved_Reason": null,
        "Matched_Fixed45_ID": null,
        "Master_Location_ID": "JBLOC-0107"
      }
    },
    {
      "type": "Feature",
      "geometry": {
        "type": "Point",
        "coordinates": [
          103.74961954,
          1.5403203
        ]
      },
      "properties": {
        "Year": 2022,
        "Object_ID": "S2022-022",
        "Original_Name": "Kampung Paya Kenangan",
        "Standardized_Name": "Kampung Paya Kenangan",
        "Object_Type": "COMMUNITY",
        "Event_Count": 1,
        "Point_GIS_Ready": true,
        "Plot_Status": "PLOT",
        "Point_Source": "MyGeoName Johor official gazette point",
        "Geometry_Status": "POINT_READY; POLYGON_OPEN",
        "Polygon_ID": null,
        "Key_Gap": "Official point defensible; no exact community polygon frozen.",
        "Next_Action": "Seek named boundary.",
        "Override_Status": null,
        "Confidence": null,
        "Evidence": null,
        "Source_URL_1": null,
        "Source_URL_2": null,
        "Unresolved_Reason": null,
        "Matched_Fixed45_ID": null,
        "Master_Location_ID": "JBLOC-0110"
      }
    },
    {
      "type": "Feature",
      "geometry": {
        "type": "Point",
        "coordinates": [
          103.75965347,
          1.53411714
        ]
      },
      "properties": {
        "Year": 2022,
        "Object_ID": "S2022-023",
        "Original_Name": "Kampung Bunga Ros",
        "Standardized_Name": "Kampung Bunga Ros",
        "Object_Type": "COMMUNITY",
        "Event_Count": 1,
        "Point_GIS_Ready": true,
        "Plot_Status": "PLOT",
        "Point_Source": "R012 official MyGeoName source",
        "Geometry_Status": "POINT_READY; HF37_LINK_CONFLICT; POLYGON_OPEN",
        "Polygon_ID": null,
        "Key_Gap": "Official Kampung Bunga Ros point conflicts with legacy HF37/Taman Bunga Ros coordinate. They are not auto-merged.",
        "Next_Action": "Preserve official village point and flag legacy-reference conflict.",
        "Override_Status": null,
        "Confidence": null,
        "Evidence": null,
        "Source_URL_1": null,
        "Source_URL_2": null,
        "Unresolved_Reason": null,
        "Matched_Fixed45_ID": null,
        "Master_Location_ID": "JBLOC-0083"
      }
    },
    {
      "type": "Feature",
      "geometry": {
        "type": "Point",
        "coordinates": [
          103.66077,
          1.414074
        ]
      },
      "properties": {
        "Year": 2022,
        "Object_ID": "S2022-024",
        "Original_Name": "Puteri Harbour Iskandar Puteri",
        "Standardized_Name": "Puteri Harbour Iskandar Puteri",
        "Object_Type": "AREA",
        "Event_Count": 1,
        "Point_GIS_Ready": true,
        "Plot_Status": "PLOT",
        "Point_Source": "R012 fixed HF39 coordinate",
        "Geometry_Status": "POINT_READY; POLYGON_OPEN",
        "Polygon_ID": null,
        "Key_Gap": "Area-level event; no exact inundation polygon frozen.",
        "Next_Action": "Keep area point; no arbitrary hull.",
        "Override_Status": null,
        "Confidence": null,
        "Evidence": null,
        "Source_URL_1": null,
        "Source_URL_2": null,
        "Unresolved_Reason": null,
        "Matched_Fixed45_ID": null,
        "Master_Location_ID": "JBLOC-0173"
      }
    },
    {
      "type": "Feature",
      "geometry": {
        "type": "Point",
        "coordinates": [
          103.92185516,
          1.52194889
        ]
      },
      "properties": {
        "Year": 2022,
        "Object_ID": "S2022-025",
        "Original_Name": "Kampung Sentosa Barat",
        "Standardized_Name": "Kg. Sentosa Barat",
        "Object_Type": "COMMUNITY",
        "Event_Count": 1,
        "Point_GIS_Ready": true,
        "Plot_Status": "PLOT",
        "Point_Source": "R014 2021 identity-ready object",
        "Geometry_Status": "IDENTITY_READY; POINT_OPEN",
        "Polygon_ID": null,
        "Key_Gap": "Repeated event identity is strong, but no strict traceable point/boundary was frozen.",
        "Next_Action": "Continue official gazetteer/planning search.",
        "Override_Status": "PLOT",
        "Confidence": "HIGH",
        "Evidence": "Official Johor gazetteer point and MBPG community register agree on Kampung Sentosa Barat in the Cahaya Baru/Sentosa cluster.",
        "Source_URL_1": "https://mygeoname.mygeoportal.gov.my/exportpdffasa3.jsp?kodnegeri=01",
        "Source_URL_2": "https://mbpg.gov.my/ms/rakyat/komuniti-program/ketua-kampung-mukim-plentong-mukim-sungai-tiram",
        "Unresolved_Reason": null,
        "Matched_Fixed45_ID": null,
        "Master_Location_ID": "JBLOC-0123"
      }
    },
    {
      "type": "Feature",
      "geometry": {
        "type": "Point",
        "coordinates": [
          103.8166885,
          1.5179158
        ]
      },
      "properties": {
        "Year": 2022,
        "Object_ID": "S2022-026",
        "Original_Name": "Kampung Plentong Baru",
        "Standardized_Name": "Kampung Plentong Baru",
        "Object_Type": "COMMUNITY",
        "Event_Count": 1,
        "Point_GIS_Ready": true,
        "Plot_Status": "PLOT",
        "Point_Source": "R012 fixed HF13 coordinate",
        "Geometry_Status": "POINT_READY; POLYGON_OPEN",
        "Polygon_ID": null,
        "Key_Gap": "Fixed point available; exact community polygon not frozen.",
        "Next_Action": "Seek exact named boundary.",
        "Override_Status": null,
        "Confidence": null,
        "Evidence": null,
        "Source_URL_1": null,
        "Source_URL_2": null,
        "Unresolved_Reason": null,
        "Matched_Fixed45_ID": null,
        "Master_Location_ID": "JBLOC-0119"
      }
    },
    {
      "type": "Feature",
      "geometry": {
        "type": "Point",
        "coordinates": [
          103.76665,
          1.50759
        ]
      },
      "properties": {
        "Year": 2022,
        "Object_ID": "S2022-027",
        "Original_Name": "Kampung Dato' Sulaiman Menteri",
        "Standardized_Name": "Kampung Dato' Sulaiman Menteri",
        "Object_Type": "COMMUNITY",
        "Event_Count": 1,
        "Point_GIS_Ready": true,
        "Plot_Status": "PLOT",
        "Point_Source": "OSM locality node / prior R012 identity",
        "Geometry_Status": "POINT_READY; POLYGON_OPEN",
        "Polygon_ID": null,
        "Key_Gap": "Point identity defensible; no exact closed community boundary frozen.",
        "Next_Action": "Seek named closed boundary.",
        "Override_Status": null,
        "Confidence": null,
        "Evidence": null,
        "Source_URL_1": null,
        "Source_URL_2": null,
        "Unresolved_Reason": null,
        "Matched_Fixed45_ID": null,
        "Master_Location_ID": "JBLOC-0087"
      }
    },
    {
      "type": "Feature",
      "geometry": {
        "type": "Point",
        "coordinates": [
          103.75707329,
          1.5191611
        ]
      },
      "properties": {
        "Year": 2022,
        "Object_ID": "S2022-029",
        "Original_Name": "Kampung Ubi Baru",
        "Standardized_Name": "Kampung Ubi Baru",
        "Object_Type": "COMMUNITY",
        "Event_Count": 1,
        "Point_GIS_Ready": true,
        "Plot_Status": "PLOT",
        "Point_Source": "MyGeoName Johor official gazette point",
        "Geometry_Status": "POINT_READY; POLYGON_OPEN",
        "Polygon_ID": null,
        "Key_Gap": "25 Sep source label 'Kampung Ubi' normalized to official Kampung Ubi Baru with alias retained.",
        "Next_Action": "Seek exact named boundary.",
        "Override_Status": null,
        "Confidence": null,
        "Evidence": null,
        "Source_URL_1": null,
        "Source_URL_2": null,
        "Unresolved_Reason": null,
        "Matched_Fixed45_ID": null,
        "Master_Location_ID": "JBLOC-0147"
      }
    },
    {
      "type": "Feature",
      "geometry": {
        "type": "Point",
        "coordinates": [
          103.57953798,
          1.38836699
        ]
      },
      "properties": {
        "Year": 2022,
        "Object_ID": "S2022-030",
        "Original_Name": "Kampung Tiram Duku",
        "Standardized_Name": "Kampung Tiram Duku",
        "Object_Type": "COMMUNITY",
        "Event_Count": 1,
        "Point_GIS_Ready": true,
        "Plot_Status": "PLOT",
        "Point_Source": "MyGeoName Johor official gazette point",
        "Geometry_Status": "POINT_READY; POLYGON_OPEN",
        "Polygon_ID": null,
        "Key_Gap": "Official locality point defensible; no event-area polygon frozen.",
        "Next_Action": "Seek exact named boundary.",
        "Override_Status": null,
        "Confidence": null,
        "Evidence": null,
        "Source_URL_1": null,
        "Source_URL_2": null,
        "Unresolved_Reason": null,
        "Matched_Fixed45_ID": null,
        "Master_Location_ID": "JBLOC-0144"
      }
    },
    {
      "type": "Feature",
      "geometry": {
        "type": "Point",
        "coordinates": [
          103.75192484,
          1.51174352
        ]
      },
      "properties": {
        "Year": 2022,
        "Object_ID": "S2022-034",
        "Original_Name": "Kampung Melayu Majidee",
        "Standardized_Name": "Kampung Melayu Majidee",
        "Object_Type": "COMMUNITY",
        "Event_Count": 1,
        "Point_GIS_Ready": true,
        "Plot_Status": "PLOT",
        "Point_Source": "R014 2021 audited MyGeoName point",
        "Geometry_Status": "POINT_READY; POLYGON_OPEN",
        "Polygon_ID": null,
        "Key_Gap": "Do not substitute broader Majidee reference.",
        "Next_Action": "Seek exact community boundary.",
        "Override_Status": null,
        "Confidence": null,
        "Evidence": null,
        "Source_URL_1": null,
        "Source_URL_2": null,
        "Unresolved_Reason": null,
        "Matched_Fixed45_ID": null,
        "Master_Location_ID": "JBLOC-0097"
      }
    },
    {
      "type": "Feature",
      "geometry": {
        "type": "Point",
        "coordinates": [
          103.7679,
          1.4899
        ]
      },
      "properties": {
        "Year": 2022,
        "Object_ID": "S2022-035",
        "Original_Name": "Jalan Keris Dua, Taman Sri Tebrau",
        "Standardized_Name": "Jalan Keris 2, Taman Sri Tebrau",
        "Object_Type": "ROAD",
        "Event_Count": 1,
        "Point_GIS_Ready": true,
        "Plot_Status": "PLOT",
        "Point_Source": "7 Nov Astro Awani event evidence",
        "Geometry_Status": "ROAD_SEGMENT_OPEN",
        "Polygon_ID": null,
        "Key_Gap": "40+ houses affected around named road; exact flooded road segment not supplied.",
        "Next_Action": "Keep road-specific object open.",
        "Override_Status": "PLOT",
        "Confidence": "MEDIUM_HIGH",
        "Evidence": "Address-level records confirm Jalan Keris 2 in Taman Sri Tebrau and provide a GPS point on the street.",
        "Source_URL_1": "https://www.melayualamat.com/2-jalan-keris-2-taman-sri-tebrau-80050-johor-bahru-johor-malaysia",
        "Source_URL_2": null,
        "Unresolved_Reason": null,
        "Matched_Fixed45_ID": null,
        "Master_Location_ID": "JBLOC-0035"
      }
    },
    {
      "type": "Feature",
      "geometry": {
        "type": "Point",
        "coordinates": [
          103.75612,
          1.49744
        ]
      },
      "properties": {
        "Year": 2022,
        "Object_ID": "S2022-036",
        "Original_Name": "Kampung Kurnia, Larkin",
        "Standardized_Name": "Kampung Kurnia, Johor Bahru",
        "Object_Type": "COMMUNITY",
        "Event_Count": 1,
        "Point_GIS_Ready": true,
        "Plot_Status": "PLOT",
        "Point_Source": "7 Nov Astro Awani event evidence",
        "Geometry_Status": "POINT_OPEN; POLYGON_OPEN",
        "Polygon_ID": null,
        "Key_Gap": "Exact public point/boundary not frozen.",
        "Next_Action": "Resolve official locality source.",
        "Override_Status": "PLOT",
        "Confidence": "MEDIUM_HIGH",
        "Evidence": "OSM-derived mapping identifies Kampung Kurnia in the Larkin/Majidee area.",
        "Source_URL_1": "https://mapcarta.com/W1252341623",
        "Source_URL_2": null,
        "Unresolved_Reason": null,
        "Matched_Fixed45_ID": null,
        "Master_Location_ID": "JBLOC-0092"
      }
    },
    {
      "type": "Feature",
      "geometry": {
        "type": "Point",
        "coordinates": [
          103.7613894,
          1.4901965
        ]
      },
      "properties": {
        "Year": 2022,
        "Object_ID": "S2022-037",
        "Original_Name": "Taman Melodies",
        "Standardized_Name": "Taman Melodies",
        "Object_Type": "RESIDENTIAL",
        "Event_Count": 1,
        "Point_GIS_Ready": true,
        "Plot_Status": "PLOT",
        "Point_Source": "R012 fixed HF34 coordinate",
        "Geometry_Status": "POINT_READY; POLYGON_OPEN",
        "Polygon_ID": null,
        "Key_Gap": "7 Nov flood impact independently reported; exact neighborhood/flood polygon not frozen.",
        "Next_Action": "Seek named residential boundary.",
        "Override_Status": null,
        "Confidence": null,
        "Evidence": null,
        "Source_URL_1": null,
        "Source_URL_2": null,
        "Unresolved_Reason": null,
        "Matched_Fixed45_ID": null,
        "Master_Location_ID": "JBLOC-0197"
      }
    },
    {
      "type": "Feature",
      "geometry": {
        "type": "Point",
        "coordinates": [
          103.74826,
          1.50108
        ]
      },
      "properties": {
        "Year": 2023,
        "Object_ID": "S2023-001",
        "Original_Name": "Larkin Perdana",
        "Standardized_Name": "Larkin Perdana",
        "Object_Type": "COMMUNITY/AREA",
        "Event_Count": 1,
        "Point_GIS_Ready": true,
        "Plot_Status": "PLOT",
        "Point_Source": null,
        "Geometry_Status": "POINT_OPEN; POLYGON_OPEN",
        "Polygon_ID": null,
        "Key_Gap": "Event identity is valid but no strict traceable point/boundary is frozen.",
        "Next_Action": "Seek official gazetteer/planning/OSM named boundary; do not fabricate polygon.",
        "Override_Status": "PLOT",
        "Confidence": "HIGH",
        "Evidence": "OSM-derived mapping identifies Larkin Perdana and its commercial-area centroid.",
        "Source_URL_1": "https://mapcarta.com/W1124580974",
        "Source_URL_2": null,
        "Unresolved_Reason": null,
        "Matched_Fixed45_ID": null,
        "Master_Location_ID": "JBLOC-0160"
      }
    },
    {
      "type": "Feature",
      "geometry": {
        "type": "Point",
        "coordinates": [
          103.7368,
          1.50516
        ]
      },
      "properties": {
        "Year": 2023,
        "Object_ID": "S2023-002",
        "Original_Name": "Kampung Aman",
        "Standardized_Name": "Kampung Aman",
        "Object_Type": "COMMUNITY/AREA",
        "Event_Count": 1,
        "Point_GIS_Ready": true,
        "Plot_Status": "PLOT",
        "Point_Source": null,
        "Geometry_Status": "POINT_OPEN; POLYGON_OPEN",
        "Polygon_ID": null,
        "Key_Gap": "Event identity is valid but no strict traceable point/boundary is frozen.",
        "Next_Action": "Seek official gazetteer/planning/OSM named boundary; do not fabricate polygon.",
        "Override_Status": "PLOT",
        "Confidence": "HIGH",
        "Evidence": "OSM-derived mapping identifies Kampung Aman in Johor Bahru near Larkin.",
        "Source_URL_1": "https://mapcarta.com/N2398963118",
        "Source_URL_2": null,
        "Unresolved_Reason": null,
        "Matched_Fixed45_ID": null,
        "Master_Location_ID": "JBLOC-0074"
      }
    },
    {
      "type": "Feature",
      "geometry": {
        "type": "Point",
        "coordinates": [
          103.72822,
          1.51083
        ]
      },
      "properties": {
        "Year": 2023,
        "Object_ID": "S2023-003",
        "Original_Name": "Taman Sri Bahagia",
        "Standardized_Name": "Taman Sri Bahagia",
        "Object_Type": "COMMUNITY/AREA",
        "Event_Count": 1,
        "Point_GIS_Ready": true,
        "Plot_Status": "PLOT",
        "Point_Source": null,
        "Geometry_Status": "POINT_OPEN; POLYGON_OPEN",
        "Polygon_ID": null,
        "Key_Gap": "Event identity is valid but no strict traceable point/boundary is frozen.",
        "Next_Action": "Seek official gazetteer/planning/OSM named boundary; do not fabricate polygon.",
        "Override_Status": "PLOT",
        "Confidence": "HIGH",
        "Evidence": "OSM-derived mapping identifies Taman Sri Bahagia in Johor Bahru.",
        "Source_URL_1": "https://mapcarta.com/N11641300793",
        "Source_URL_2": null,
        "Unresolved_Reason": null,
        "Matched_Fixed45_ID": null,
        "Master_Location_ID": "JBLOC-0207"
      }
    },
    {
      "type": "Feature",
      "geometry": {
        "type": "Point",
        "coordinates": [
          103.76977282,
          1.50468654
        ]
      },
      "properties": {
        "Year": 2023,
        "Object_ID": "S2023-004",
        "Original_Name": "Kampung Dato Hajah Hasnah Majidee",
        "Standardized_Name": "Kg. Dato Hajah Hasnah",
        "Object_Type": "COMMUNITY/AREA",
        "Event_Count": 1,
        "Point_GIS_Ready": true,
        "Plot_Status": "PLOT",
        "Point_Source": null,
        "Geometry_Status": "POINT_OPEN; POLYGON_OPEN",
        "Polygon_ID": null,
        "Key_Gap": "Event identity is valid but no strict traceable point/boundary is frozen.",
        "Next_Action": "Seek official gazetteer/planning/OSM named boundary; do not fabricate polygon.",
        "Override_Status": "PLOT",
        "Confidence": "HIGH",
        "Evidence": "Johor official gazetteer lists Kg. Dato Hajah Hasnah at this coordinate.",
        "Source_URL_1": "https://mygeoname.mygeoportal.gov.my/exportpdffasa3.jsp?kodnegeri=01",
        "Source_URL_2": null,
        "Unresolved_Reason": null,
        "Matched_Fixed45_ID": null,
        "Master_Location_ID": "JBLOC-0085"
      }
    },
    {
      "type": "Feature",
      "geometry": {
        "type": "Point",
        "coordinates": [
          103.75612,
          1.49744
        ]
      },
      "properties": {
        "Year": 2023,
        "Object_ID": "S2023-005",
        "Original_Name": "Kampung Kurnia, Larkin",
        "Standardized_Name": "Kampung Kurnia, Johor Bahru",
        "Object_Type": "COMMUNITY/AREA",
        "Event_Count": 1,
        "Point_GIS_Ready": true,
        "Plot_Status": "PLOT",
        "Point_Source": null,
        "Geometry_Status": "POINT_OPEN; POLYGON_OPEN",
        "Polygon_ID": null,
        "Key_Gap": "Event identity is valid but no strict traceable point/boundary is frozen.",
        "Next_Action": "Seek official gazetteer/planning/OSM named boundary; do not fabricate polygon.",
        "Override_Status": "PLOT",
        "Confidence": "MEDIUM_HIGH",
        "Evidence": "OSM-derived mapping identifies Kampung Kurnia in the Larkin/Majidee area.",
        "Source_URL_1": "https://mapcarta.com/W1252341623",
        "Source_URL_2": null,
        "Unresolved_Reason": null,
        "Matched_Fixed45_ID": null,
        "Master_Location_ID": "JBLOC-0092"
      }
    },
    {
      "type": "Feature",
      "geometry": {
        "type": "Point",
        "coordinates": [
          103.9308,
          1.52768
        ]
      },
      "properties": {
        "Year": 2023,
        "Object_ID": "S2023-006",
        "Original_Name": "Kampung Cahaya Baru, Masai",
        "Standardized_Name": "FELDA / Kampung Cahaya Baru",
        "Object_Type": "COMMUNITY/AREA",
        "Event_Count": 1,
        "Point_GIS_Ready": true,
        "Plot_Status": "PLOT",
        "Point_Source": null,
        "Geometry_Status": "POINT_OPEN; POLYGON_OPEN",
        "Polygon_ID": null,
        "Key_Gap": "Event identity is valid but no strict traceable point/boundary is frozen.",
        "Next_Action": "Seek official gazetteer/planning/OSM named boundary; do not fabricate polygon.",
        "Override_Status": "PLOT",
        "Confidence": "MEDIUM_HIGH",
        "Evidence": "MBPG confirms Kampung FELDA Cahaya Baru; OSM-derived mapping provides a settlement centroid.",
        "Source_URL_1": "https://mapcarta.com/W724877363",
        "Source_URL_2": "https://mbpg.gov.my/ms/rakyat/komuniti-program/ketua-kampung-mukim-plentong-mukim-sungai-tiram",
        "Unresolved_Reason": null,
        "Matched_Fixed45_ID": null,
        "Master_Location_ID": "JBLOC-0009"
      }
    },
    {
      "type": "Feature",
      "geometry": {
        "type": "Point",
        "coordinates": [
          103.74288131,
          1.54457461
        ]
      },
      "properties": {
        "Year": 2023,
        "Object_ID": "S2023-007",
        "Original_Name": "Kampung Pasir Tebrau",
        "Standardized_Name": "Kampung Pasir Tebrau",
        "Object_Type": "COMMUNITY/AREA",
        "Event_Count": 2,
        "Point_GIS_Ready": true,
        "Plot_Status": "PLOT",
        "Point_Source": "R016 / official MyGeoName Johor point",
        "Geometry_Status": "POINT_READY; POLYGON_OPEN",
        "Polygon_ID": null,
        "Key_Gap": "Exact closed event/community analysis geometry not frozen.",
        "Next_Action": "Seek official gazetteer/planning/OSM named boundary; do not fabricate polygon.",
        "Override_Status": null,
        "Confidence": null,
        "Evidence": null,
        "Source_URL_1": null,
        "Source_URL_2": null,
        "Unresolved_Reason": null,
        "Matched_Fixed45_ID": null,
        "Master_Location_ID": "JBLOC-0107"
      }
    },
    {
      "type": "Feature",
      "geometry": {
        "type": "Point",
        "coordinates": [
          103.8806315,
          1.5843974
        ]
      },
      "properties": {
        "Year": 2023,
        "Object_ID": "S2023-008",
        "Original_Name": "Kampung Sungai Tiram",
        "Standardized_Name": "Kampung Sungai Tiram",
        "Object_Type": "COMMUNITY/AREA",
        "Event_Count": 1,
        "Point_GIS_Ready": true,
        "Plot_Status": "PLOT",
        "Point_Source": "R016 Sungai Tiram reference point",
        "Geometry_Status": "POINT_READY; POLYGON_OPEN",
        "Polygon_ID": null,
        "Key_Gap": "Exact closed event/community analysis geometry not frozen.",
        "Next_Action": "Seek official gazetteer/planning/OSM named boundary; do not fabricate polygon.",
        "Override_Status": null,
        "Confidence": null,
        "Evidence": null,
        "Source_URL_1": null,
        "Source_URL_2": null,
        "Unresolved_Reason": null,
        "Matched_Fixed45_ID": null,
        "Master_Location_ID": "JBLOC-0141"
      }
    },
    {
      "type": "Feature",
      "geometry": {
        "type": "Point",
        "coordinates": [
          103.74961954,
          1.5403203
        ]
      },
      "properties": {
        "Year": 2023,
        "Object_ID": "S2023-009",
        "Original_Name": "Kampung Paya Kenangan",
        "Standardized_Name": "Kampung Paya Kenangan",
        "Object_Type": "COMMUNITY/AREA",
        "Event_Count": 2,
        "Point_GIS_Ready": true,
        "Plot_Status": "PLOT",
        "Point_Source": "R016 / official MyGeoName Johor point",
        "Geometry_Status": "POINT_READY; POLYGON_OPEN",
        "Polygon_ID": null,
        "Key_Gap": "Exact closed event/community analysis geometry not frozen.",
        "Next_Action": "Seek official gazetteer/planning/OSM named boundary; do not fabricate polygon.",
        "Override_Status": null,
        "Confidence": null,
        "Evidence": null,
        "Source_URL_1": null,
        "Source_URL_2": null,
        "Unresolved_Reason": null,
        "Matched_Fixed45_ID": null,
        "Master_Location_ID": "JBLOC-0110"
      }
    },
    {
      "type": "Feature",
      "geometry": {
        "type": "Point",
        "coordinates": [
          103.93562865,
          1.52139605
        ]
      },
      "properties": {
        "Year": 2023,
        "Object_ID": "S2023-012",
        "Original_Name": "Kampung Sentosa Damai",
        "Standardized_Name": "Kg. Sentosa Damai",
        "Object_Type": "COMMUNITY/AREA",
        "Event_Count": 3,
        "Point_GIS_Ready": true,
        "Plot_Status": "PLOT",
        "Point_Source": null,
        "Geometry_Status": "POINT_OPEN; POLYGON_OPEN",
        "Polygon_ID": null,
        "Key_Gap": "Event identity is valid but no strict traceable point/boundary is frozen.",
        "Next_Action": "Seek official gazetteer/planning/OSM named boundary; do not fabricate polygon.",
        "Override_Status": "PLOT",
        "Confidence": "HIGH",
        "Evidence": "Official Johor gazetteer lists Kg. Sentosa Damai; MBPG confirms the settlement under the Cahaya Baru village cluster.",
        "Source_URL_1": "https://mygeoname.mygeoportal.gov.my/exportpdffasa3.jsp?kodnegeri=01",
        "Source_URL_2": "https://mbpg.gov.my/ms/rakyat/komuniti-program/ketua-kampung-mukim-plentong-mukim-sungai-tiram",
        "Unresolved_Reason": null,
        "Matched_Fixed45_ID": null,
        "Master_Location_ID": "JBLOC-0124"
      }
    },
    {
      "type": "Feature",
      "geometry": {
        "type": "Point",
        "coordinates": [
          103.75589,
          1.53176
        ]
      },
      "properties": {
        "Year": 2023,
        "Object_ID": "S2023-013",
        "Original_Name": "Kampung Kangkar Tebrau",
        "Standardized_Name": "Kampung Kangkar Tebrau",
        "Object_Type": "COMMUNITY/AREA",
        "Event_Count": 2,
        "Point_GIS_Ready": true,
        "Plot_Status": "PLOT",
        "Point_Source": "R014/R005 audited Kangkar Tebrau point",
        "Geometry_Status": "REUSED_CLOSED",
        "Polygon_ID": "PG2017-KG-KANGKAR-TEBRAU",
        "Key_Gap": "Existing named community polygon is already frozen; polygon is context/analysis geometry, not observed inundation footprint.",
        "Next_Action": "Reuse frozen polygon; do not infer event water footprint.",
        "Override_Status": null,
        "Confidence": null,
        "Evidence": null,
        "Source_URL_1": null,
        "Source_URL_2": null,
        "Unresolved_Reason": null,
        "Matched_Fixed45_ID": null,
        "Master_Location_ID": "JBLOC-0090"
      }
    },
    {
      "type": "Feature",
      "geometry": {
        "type": "Point",
        "coordinates": [
          103.92185516,
          1.52194889
        ]
      },
      "properties": {
        "Year": 2023,
        "Object_ID": "S2023-014",
        "Original_Name": "Kampung Sentosa Barat",
        "Standardized_Name": "Kg. Sentosa Barat",
        "Object_Type": "COMMUNITY/AREA",
        "Event_Count": 1,
        "Point_GIS_Ready": true,
        "Plot_Status": "PLOT",
        "Point_Source": null,
        "Geometry_Status": "POINT_OPEN; POLYGON_OPEN",
        "Polygon_ID": null,
        "Key_Gap": "Event identity is valid but no strict traceable point/boundary is frozen.",
        "Next_Action": "Seek official gazetteer/planning/OSM named boundary; do not fabricate polygon.",
        "Override_Status": "PLOT",
        "Confidence": "HIGH",
        "Evidence": "Official Johor gazetteer point and MBPG community register agree on Kampung Sentosa Barat in the Cahaya Baru/Sentosa cluster.",
        "Source_URL_1": "https://mygeoname.mygeoportal.gov.my/exportpdffasa3.jsp?kodnegeri=01",
        "Source_URL_2": "https://mbpg.gov.my/ms/rakyat/komuniti-program/ketua-kampung-mukim-plentong-mukim-sungai-tiram",
        "Unresolved_Reason": null,
        "Matched_Fixed45_ID": null,
        "Master_Location_ID": "JBLOC-0123"
      }
    },
    {
      "type": "Feature",
      "geometry": {
        "type": "Point",
        "coordinates": [
          103.9404605,
          1.47435541
        ]
      },
      "properties": {
        "Year": 2023,
        "Object_ID": "S2023-015",
        "Original_Name": "Kampung Bukit Pulai",
        "Standardized_Name": "Kg. Seri Aman / Batu Pulai",
        "Object_Type": "COMMUNITY/AREA",
        "Event_Count": 1,
        "Point_GIS_Ready": true,
        "Plot_Status": "PLOT",
        "Point_Source": null,
        "Geometry_Status": "POINT_OPEN; POLYGON_OPEN",
        "Polygon_ID": null,
        "Key_Gap": "Event identity is valid but no strict traceable point/boundary is frozen.",
        "Next_Action": "Seek official gazetteer/planning/OSM named boundary; do not fabricate polygon.",
        "Override_Status": "PLOT",
        "Confidence": "MEDIUM_HIGH",
        "Evidence": "MBPG records use Kampung Seri Aman/Bt Pulai; the Johor gazetteer lists Kg. Seri Aman / Batu Pulai at this coordinate.",
        "Source_URL_1": "https://mygeoname.mygeoportal.gov.my/exportpdffasa3.jsp?kodnegeri=01",
        "Source_URL_2": "https://mbpg.gov.my/en/citizens/communities-programmes/ketua-kampung",
        "Unresolved_Reason": null,
        "Matched_Fixed45_ID": null,
        "Master_Location_ID": "JBLOC-0126"
      }
    },
    {
      "type": "Feature",
      "geometry": {
        "type": "Point",
        "coordinates": [
          103.8206509,
          1.5212749
        ]
      },
      "properties": {
        "Year": 2023,
        "Object_ID": "S2023-016",
        "Original_Name": "Taman Bunga Ros",
        "Standardized_Name": "Taman Bunga Ros",
        "Object_Type": "COMMUNITY/AREA",
        "Event_Count": 1,
        "Point_GIS_Ready": true,
        "Plot_Status": "PLOT",
        "Point_Source": "Frozen HF37 legacy/reference point",
        "Geometry_Status": "POINT_READY; POLYGON_OPEN",
        "Polygon_ID": null,
        "Key_Gap": "Exact closed event/community analysis geometry not frozen.",
        "Next_Action": "Seek official gazetteer/planning/OSM named boundary; do not fabricate polygon.",
        "Override_Status": null,
        "Confidence": null,
        "Evidence": null,
        "Source_URL_1": null,
        "Source_URL_2": null,
        "Unresolved_Reason": null,
        "Matched_Fixed45_ID": null,
        "Master_Location_ID": "JBLOC-0189"
      }
    },
    {
      "type": "Feature",
      "geometry": {
        "type": "Point",
        "coordinates": [
          103.7648053,
          1.531945
        ]
      },
      "properties": {
        "Year": 2023,
        "Object_ID": "S2023-017",
        "Original_Name": "Jalan Kangkar Tebrau",
        "Standardized_Name": "Jalan Kangkar Tebrau",
        "Object_Type": "ROAD",
        "Event_Count": 1,
        "Point_GIS_Ready": true,
        "Plot_Status": "PLOT",
        "Point_Source": null,
        "Geometry_Status": "ROAD_SEGMENT_OPEN",
        "Polygon_ID": null,
        "Key_Gap": "Event-valid road/subarea; exact flooded start/end segment not evidenced.",
        "Next_Action": "Keep road segment OPEN unless start/end geometry is independently evidenced.",
        "Override_Status": "PLOT",
        "Confidence": "MEDIUM",
        "Evidence": "Postcode geocoding provides an approximate coordinate for Jalan Kangkar Tebrau.",
        "Source_URL_1": "https://postcode.my/johor-johor-bahru-jalan-kangkar-tebrau-81100.html",
        "Source_URL_2": null,
        "Unresolved_Reason": null,
        "Matched_Fixed45_ID": null,
        "Master_Location_ID": "JBLOC-0034"
      }
    },
    {
      "type": "Feature",
      "geometry": {
        "type": "Point",
        "coordinates": [
          103.6969651,
          1.4955303
        ]
      },
      "properties": {
        "Year": 2023,
        "Object_ID": "S2023-018",
        "Original_Name": "Kampung Pasir",
        "Standardized_Name": "Kampung Pasir",
        "Object_Type": "COMMUNITY/AREA",
        "Event_Count": 1,
        "Point_GIS_Ready": true,
        "Plot_Status": "PLOT",
        "Point_Source": "Frozen HF14 reference point",
        "Geometry_Status": "POINT_READY; POLYGON_OPEN",
        "Polygon_ID": null,
        "Key_Gap": "Exact closed event/community analysis geometry not frozen.",
        "Next_Action": "Seek official gazetteer/planning/OSM named boundary; do not fabricate polygon.",
        "Override_Status": null,
        "Confidence": null,
        "Evidence": null,
        "Source_URL_1": null,
        "Source_URL_2": null,
        "Unresolved_Reason": null,
        "Matched_Fixed45_ID": null,
        "Master_Location_ID": "JBLOC-0104"
      }
    },
    {
      "type": "Feature",
      "geometry": {
        "type": "Point",
        "coordinates": [
          103.74196336546,
          1.4597388
        ]
      },
      "properties": {
        "Year": 2023,
        "Object_ID": "S2023-020",
        "Original_Name": "Dataran Bandaraya Johor Bahru",
        "Standardized_Name": "Dataran Bandaraya Johor Bahru",
        "Object_Type": "CIVIC AREA",
        "Event_Count": 1,
        "Point_GIS_Ready": true,
        "Plot_Status": "PLOT",
        "Point_Source": "Frozen HF21 reference point",
        "Geometry_Status": "POINT_READY; POLYGON_OPEN",
        "Polygon_ID": null,
        "Key_Gap": "Exact closed event/community analysis geometry not frozen.",
        "Next_Action": "Seek official gazetteer/planning/OSM named boundary; do not fabricate polygon.",
        "Override_Status": null,
        "Confidence": null,
        "Evidence": null,
        "Source_URL_1": null,
        "Source_URL_2": null,
        "Unresolved_Reason": null,
        "Matched_Fixed45_ID": null,
        "Master_Location_ID": "JBLOC-0008"
      }
    },
    {
      "type": "Feature",
      "geometry": {
        "type": "Point",
        "coordinates": [
          103.7220526,
          1.4823854
        ]
      },
      "properties": {
        "Year": 2023,
        "Object_ID": "S2023-021",
        "Original_Name": "Jalan Kolam Ayer",
        "Standardized_Name": "Jalan Kolam Ayer",
        "Object_Type": "ROAD",
        "Event_Count": 1,
        "Point_GIS_Ready": true,
        "Plot_Status": "PLOT",
        "Point_Source": "Frozen HF02 reference point",
        "Geometry_Status": "POINT_REFERENCE; ROAD_SEGMENT_OPEN",
        "Polygon_ID": null,
        "Key_Gap": "Event-valid road/subarea; exact flooded start/end segment not evidenced.",
        "Next_Action": "Keep road segment OPEN unless start/end geometry is independently evidenced.",
        "Override_Status": null,
        "Confidence": null,
        "Evidence": null,
        "Source_URL_1": null,
        "Source_URL_2": null,
        "Unresolved_Reason": null,
        "Matched_Fixed45_ID": null,
        "Master_Location_ID": "JBLOC-0037"
      }
    },
    {
      "type": "Feature",
      "geometry": {
        "type": "Point",
        "coordinates": [
          103.7587117,
          1.4594963
        ]
      },
      "properties": {
        "Year": 2023,
        "Object_ID": "S2023-022",
        "Original_Name": "Jalan Ayer Molek",
        "Standardized_Name": "Jalan Ayer Molek",
        "Object_Type": "ROAD",
        "Event_Count": 1,
        "Point_GIS_Ready": true,
        "Plot_Status": "PLOT",
        "Point_Source": "Frozen HF01 reference point",
        "Geometry_Status": "POINT_REFERENCE; ROAD_SEGMENT_OPEN",
        "Polygon_ID": null,
        "Key_Gap": "Event-valid road/subarea; exact flooded start/end segment not evidenced.",
        "Next_Action": "Keep road segment OPEN unless start/end geometry is independently evidenced.",
        "Override_Status": null,
        "Confidence": null,
        "Evidence": null,
        "Source_URL_1": null,
        "Source_URL_2": null,
        "Unresolved_Reason": null,
        "Matched_Fixed45_ID": null,
        "Master_Location_ID": "JBLOC-0021"
      }
    },
    {
      "type": "Feature",
      "geometry": {
        "type": "Point",
        "coordinates": [
          103.7460468,
          1.46528
        ]
      },
      "properties": {
        "Year": 2023,
        "Object_ID": "S2023-023",
        "Original_Name": "Jalan Bilal Mahmood",
        "Standardized_Name": "Jalan Bilal Mahmood",
        "Object_Type": "ROAD",
        "Event_Count": 1,
        "Point_GIS_Ready": true,
        "Plot_Status": "PLOT",
        "Point_Source": "Frozen HF23 reference point",
        "Geometry_Status": "POINT_REFERENCE; ROAD_SEGMENT_OPEN",
        "Polygon_ID": null,
        "Key_Gap": "Event-valid road/subarea; exact flooded start/end segment not evidenced.",
        "Next_Action": "Keep road segment OPEN unless start/end geometry is independently evidenced.",
        "Override_Status": null,
        "Confidence": null,
        "Evidence": null,
        "Source_URL_1": null,
        "Source_URL_2": null,
        "Unresolved_Reason": null,
        "Matched_Fixed45_ID": null,
        "Master_Location_ID": "JBLOC-0022"
      }
    },
    {
      "type": "Feature",
      "geometry": {
        "type": "Point",
        "coordinates": [
          103.7570514,
          1.4807312
        ]
      },
      "properties": {
        "Year": 2023,
        "Object_ID": "S2023-024",
        "Original_Name": "Jalan Dato Sulaiman",
        "Standardized_Name": "Jalan Dato Sulaiman",
        "Object_Type": "ROAD",
        "Event_Count": 2,
        "Point_GIS_Ready": true,
        "Plot_Status": "PLOT",
        "Point_Source": "Frozen HF24/HF25 shared reference point",
        "Geometry_Status": "POINT_REFERENCE; ROAD_SEGMENT_OPEN",
        "Polygon_ID": null,
        "Key_Gap": "Event-valid road/subarea; exact flooded start/end segment not evidenced.",
        "Next_Action": "Keep road segment OPEN unless start/end geometry is independently evidenced.",
        "Override_Status": null,
        "Confidence": null,
        "Evidence": null,
        "Source_URL_1": null,
        "Source_URL_2": null,
        "Unresolved_Reason": null,
        "Matched_Fixed45_ID": null,
        "Master_Location_ID": "JBLOC-0025"
      }
    },
    {
      "type": "Feature",
      "geometry": {
        "type": "Point",
        "coordinates": [
          103.7755173,
          1.4644141
        ]
      },
      "properties": {
        "Year": 2023,
        "Object_ID": "S2023-025",
        "Original_Name": "Jalan Ibrahim Sultan",
        "Standardized_Name": "Jalan Ibrahim Sultan",
        "Object_Type": "ROAD",
        "Event_Count": 1,
        "Point_GIS_Ready": true,
        "Plot_Status": "PLOT",
        "Point_Source": "Frozen HF26 reference point",
        "Geometry_Status": "POINT_REFERENCE; ROAD_SEGMENT_OPEN",
        "Polygon_ID": null,
        "Key_Gap": "Event-valid road/subarea; exact flooded start/end segment not evidenced.",
        "Next_Action": "Keep road segment OPEN unless start/end geometry is independently evidenced.",
        "Override_Status": null,
        "Confidence": null,
        "Evidence": null,
        "Source_URL_1": null,
        "Source_URL_2": null,
        "Unresolved_Reason": null,
        "Matched_Fixed45_ID": null,
        "Master_Location_ID": "JBLOC-0029"
      }
    },
    {
      "type": "Feature",
      "geometry": {
        "type": "Point",
        "coordinates": [
          103.6763692,
          1.4725852
        ]
      },
      "properties": {
        "Year": 2023,
        "Object_ID": "S2023-026",
        "Original_Name": "Jalan Ismail Sultan",
        "Standardized_Name": "Jalan Ismail Sultan",
        "Object_Type": "ROAD",
        "Event_Count": 1,
        "Point_GIS_Ready": true,
        "Plot_Status": "PLOT",
        "Point_Source": "Frozen HF38 reference point",
        "Geometry_Status": "POINT_REFERENCE; ROAD_SEGMENT_OPEN",
        "Polygon_ID": null,
        "Key_Gap": "Event-valid road/subarea; exact flooded start/end segment not evidenced.",
        "Next_Action": "Keep road segment OPEN unless start/end geometry is independently evidenced.",
        "Override_Status": null,
        "Confidence": null,
        "Evidence": null,
        "Source_URL_1": null,
        "Source_URL_2": null,
        "Unresolved_Reason": null,
        "Matched_Fixed45_ID": null,
        "Master_Location_ID": "JBLOC-0030"
      }
    },
    {
      "type": "Feature",
      "geometry": {
        "type": "Point",
        "coordinates": [
          103.7155955,
          1.5302594
        ]
      },
      "properties": {
        "Year": 2023,
        "Object_ID": "S2023-027",
        "Original_Name": "Jalan Lurah 3",
        "Standardized_Name": "Jalan Lurah 3",
        "Object_Type": "ROAD",
        "Event_Count": 1,
        "Point_GIS_Ready": true,
        "Plot_Status": "PLOT",
        "Point_Source": "Frozen HF41 reference point",
        "Geometry_Status": "POINT_REFERENCE; ROAD_SEGMENT_OPEN",
        "Polygon_ID": null,
        "Key_Gap": "Event-valid road/subarea; exact flooded start/end segment not evidenced.",
        "Next_Action": "Keep road segment OPEN unless start/end geometry is independently evidenced.",
        "Override_Status": null,
        "Confidence": null,
        "Evidence": null,
        "Source_URL_1": null,
        "Source_URL_2": null,
        "Unresolved_Reason": null,
        "Matched_Fixed45_ID": null,
        "Master_Location_ID": "JBLOC-0041"
      }
    },
    {
      "type": "Feature",
      "geometry": {
        "type": "Point",
        "coordinates": [
          103.7482815,
          1.4629658
        ]
      },
      "properties": {
        "Year": 2023,
        "Object_ID": "S2023-028",
        "Original_Name": "Jalan Mahmoodiah",
        "Standardized_Name": "Jalan Mahmoodiah",
        "Object_Type": "ROAD",
        "Event_Count": 1,
        "Point_GIS_Ready": true,
        "Plot_Status": "PLOT",
        "Point_Source": "Frozen HF03 reference point",
        "Geometry_Status": "POINT_REFERENCE; ROAD_SEGMENT_OPEN",
        "Polygon_ID": null,
        "Key_Gap": "Event-valid road/subarea; exact flooded start/end segment not evidenced.",
        "Next_Action": "Keep road segment OPEN unless start/end geometry is independently evidenced.",
        "Override_Status": null,
        "Confidence": null,
        "Evidence": null,
        "Source_URL_1": null,
        "Source_URL_2": null,
        "Unresolved_Reason": null,
        "Matched_Fixed45_ID": null,
        "Master_Location_ID": "JBLOC-0042"
      }
    },
    {
      "type": "Feature",
      "geometry": {
        "type": "Point",
        "coordinates": [
          103.7354126,
          1.4673637
        ]
      },
      "properties": {
        "Year": 2023,
        "Object_ID": "S2023-029",
        "Original_Name": "Kampung Mohd Amin / Jalan Mohd Amin context",
        "Standardized_Name": "Kampung Mohd Amin / Jalan Mohd Amin context",
        "Object_Type": "AREA",
        "Event_Count": 1,
        "Point_GIS_Ready": true,
        "Plot_Status": "PLOT",
        "Point_Source": "Frozen canonical Kampung Mohd Amin reference; road alias retained",
        "Geometry_Status": "POINT_REFERENCE; SOURCE_LABEL_VARIANT; POLYGON_OPEN",
        "Polygon_ID": null,
        "Key_Gap": "Sources use both road and community labels around Mohd Amin; one canonical physical context prevents double counting.",
        "Next_Action": "Retain source labels; resolve event-specific road segment separately.",
        "Override_Status": null,
        "Confidence": null,
        "Evidence": null,
        "Source_URL_1": null,
        "Source_URL_2": null,
        "Unresolved_Reason": null,
        "Matched_Fixed45_ID": null,
        "Master_Location_ID": "JBLOC-0102"
      }
    },
    {
      "type": "Feature",
      "geometry": {
        "type": "Point",
        "coordinates": [
          103.7208677,
          1.4866099
        ]
      },
      "properties": {
        "Year": 2023,
        "Object_ID": "S2023-030",
        "Original_Name": "Jalan Padi Makmur",
        "Standardized_Name": "Jalan Padi Makmur",
        "Object_Type": "ROAD",
        "Event_Count": 1,
        "Point_GIS_Ready": true,
        "Plot_Status": "PLOT",
        "Point_Source": "Frozen HF30 reference point",
        "Geometry_Status": "POINT_REFERENCE; ROAD_SEGMENT_OPEN",
        "Polygon_ID": null,
        "Key_Gap": "Event-valid road/subarea; exact flooded start/end segment not evidenced.",
        "Next_Action": "Keep road segment OPEN unless start/end geometry is independently evidenced.",
        "Override_Status": null,
        "Confidence": null,
        "Evidence": null,
        "Source_URL_1": null,
        "Source_URL_2": null,
        "Unresolved_Reason": null,
        "Matched_Fixed45_ID": null,
        "Master_Location_ID": "JBLOC-0047"
      }
    },
    {
      "type": "Feature",
      "geometry": {
        "type": "Point",
        "coordinates": [
          103.760885,
          1.4853831
        ]
      },
      "properties": {
        "Year": 2023,
        "Object_ID": "S2023-031",
        "Original_Name": "Jalan Serigala",
        "Standardized_Name": "Jalan Serigala",
        "Object_Type": "ROAD",
        "Event_Count": 1,
        "Point_GIS_Ready": true,
        "Plot_Status": "PLOT",
        "Point_Source": "Frozen HF31 reference point",
        "Geometry_Status": "POINT_REFERENCE; ROAD_SEGMENT_OPEN",
        "Polygon_ID": null,
        "Key_Gap": "Event-valid road/subarea; exact flooded start/end segment not evidenced.",
        "Next_Action": "Keep road segment OPEN unless start/end geometry is independently evidenced.",
        "Override_Status": null,
        "Confidence": null,
        "Evidence": null,
        "Source_URL_1": null,
        "Source_URL_2": null,
        "Unresolved_Reason": null,
        "Matched_Fixed45_ID": null,
        "Master_Location_ID": "JBLOC-0058"
      }
    },
    {
      "type": "Feature",
      "geometry": {
        "type": "Point",
        "coordinates": [
          103.7773894,
          1.4724632
        ]
      },
      "properties": {
        "Year": 2023,
        "Object_ID": "S2023-032",
        "Original_Name": "Jalan Stulang Darat",
        "Standardized_Name": "Jalan Stulang Darat",
        "Object_Type": "ROAD",
        "Event_Count": 1,
        "Point_GIS_Ready": true,
        "Plot_Status": "PLOT",
        "Point_Source": "Frozen HF10 reference point",
        "Geometry_Status": "POINT_REFERENCE; ROAD_SEGMENT_OPEN",
        "Polygon_ID": null,
        "Key_Gap": "Event-valid road/subarea; exact flooded start/end segment not evidenced.",
        "Next_Action": "Keep road segment OPEN unless start/end geometry is independently evidenced.",
        "Override_Status": null,
        "Confidence": null,
        "Evidence": null,
        "Source_URL_1": null,
        "Source_URL_2": null,
        "Unresolved_Reason": null,
        "Matched_Fixed45_ID": null,
        "Master_Location_ID": "JBLOC-0062"
      }
    },
    {
      "type": "Feature",
      "geometry": {
        "type": "Point",
        "coordinates": [
          103.762918,
          1.4748694
        ]
      },
      "properties": {
        "Year": 2023,
        "Object_ID": "S2023-033",
        "Original_Name": "Jalan Tebrau",
        "Standardized_Name": "Jalan Tebrau",
        "Object_Type": "ROAD",
        "Event_Count": 1,
        "Point_GIS_Ready": true,
        "Plot_Status": "PLOT",
        "Point_Source": "Frozen HF05 road reference point",
        "Geometry_Status": "POINT_REFERENCE; ROAD_SEGMENT_OPEN",
        "Polygon_ID": null,
        "Key_Gap": "Event-valid road/subarea; exact flooded start/end segment not evidenced.",
        "Next_Action": "Keep road segment OPEN unless start/end geometry is independently evidenced.",
        "Override_Status": null,
        "Confidence": null,
        "Evidence": null,
        "Source_URL_1": null,
        "Source_URL_2": null,
        "Unresolved_Reason": null,
        "Matched_Fixed45_ID": null,
        "Master_Location_ID": "JBLOC-0067"
      }
    },
    {
      "type": "Feature",
      "geometry": {
        "type": "Point",
        "coordinates": [
          103.7527329,
          1.4803791
        ]
      },
      "properties": {
        "Year": 2023,
        "Object_ID": "S2023-034",
        "Original_Name": "Jalan Tun Abdul Razak",
        "Standardized_Name": "Jalan Tun Abdul Razak",
        "Object_Type": "ROAD",
        "Event_Count": 1,
        "Point_GIS_Ready": true,
        "Plot_Status": "PLOT",
        "Point_Source": "Frozen HF06 reference point",
        "Geometry_Status": "POINT_REFERENCE; ROAD_SEGMENT_OPEN",
        "Polygon_ID": null,
        "Key_Gap": "Event-valid road/subarea; exact flooded start/end segment not evidenced.",
        "Next_Action": "Keep road segment OPEN unless start/end geometry is independently evidenced.",
        "Override_Status": null,
        "Confidence": null,
        "Evidence": null,
        "Source_URL_1": null,
        "Source_URL_2": null,
        "Unresolved_Reason": null,
        "Matched_Fixed45_ID": null,
        "Master_Location_ID": "JBLOC-0070"
      }
    },
    {
      "type": "Feature",
      "geometry": {
        "type": "Point",
        "coordinates": [
          103.7530988,
          1.480721
        ]
      },
      "properties": {
        "Year": 2023,
        "Object_ID": "S2023-036",
        "Original_Name": "Jalan Tun Abdul Razak (Susur 3)",
        "Standardized_Name": "Jalan Tun Abdul Razak (Susur 3)",
        "Object_Type": "ROAD",
        "Event_Count": 1,
        "Point_GIS_Ready": true,
        "Plot_Status": "PLOT",
        "Point_Source": null,
        "Geometry_Status": "ROAD_SEGMENT_OPEN",
        "Polygon_ID": null,
        "Key_Gap": "Event-valid road/subarea; exact flooded start/end segment not evidenced.",
        "Next_Action": "Keep road segment OPEN unless start/end geometry is independently evidenced.",
        "Override_Status": "PLOT",
        "Confidence": "MEDIUM_HIGH",
        "Evidence": "A business address on Jalan Tun Abdul Razak (Susur 3) supplies a direct GPS point on the named slip road.",
        "Source_URL_1": "https://my.near-place.com/sin-sin-2012-jalan-tun-abdul-razak-susur-3-taman-abad-johor-bahru",
        "Source_URL_2": null,
        "Unresolved_Reason": null,
        "Matched_Fixed45_ID": null,
        "Master_Location_ID": "JBLOC-0070"
      }
    },
    {
      "type": "Feature",
      "geometry": {
        "type": "Point",
        "coordinates": [
          103.7553464,
          1.4633725
        ]
      },
      "properties": {
        "Year": 2023,
        "Object_ID": "S2023-037",
        "Original_Name": "Jalan Yahya Awal",
        "Standardized_Name": "Jalan Yahya Awal",
        "Object_Type": "ROAD",
        "Event_Count": 1,
        "Point_GIS_Ready": true,
        "Plot_Status": "PLOT",
        "Point_Source": "Frozen HF07 reference point",
        "Geometry_Status": "POINT_REFERENCE; ROAD_SEGMENT_OPEN",
        "Polygon_ID": null,
        "Key_Gap": "Event-valid road/subarea; exact flooded start/end segment not evidenced.",
        "Next_Action": "Keep road segment OPEN unless start/end geometry is independently evidenced.",
        "Override_Status": null,
        "Confidence": null,
        "Evidence": null,
        "Source_URL_1": null,
        "Source_URL_2": null,
        "Unresolved_Reason": null,
        "Matched_Fixed45_ID": null,
        "Master_Location_ID": "JBLOC-0073"
      }
    },
    {
      "type": "Feature",
      "geometry": {
        "type": "Point",
        "coordinates": [
          103.74271,
          1.479856
        ]
      },
      "properties": {
        "Year": 2023,
        "Object_ID": "S2023-038",
        "Original_Name": "Hutan Bandar Johor Bahru",
        "Standardized_Name": "Hutan Bandar MBJB",
        "Object_Type": "URBAN PARK/AREA",
        "Event_Count": 1,
        "Point_GIS_Ready": true,
        "Plot_Status": "PLOT",
        "Point_Source": null,
        "Geometry_Status": "POINT_OPEN; POLYGON_OPEN",
        "Polygon_ID": null,
        "Key_Gap": "Event identity is valid but no strict traceable point/boundary is frozen.",
        "Next_Action": "Seek official gazetteer/planning/OSM named boundary; do not fabricate polygon.",
        "Override_Status": "PLOT",
        "Confidence": "HIGH",
        "Evidence": "MBJB confirms Hutan Bandar at Jalan Tasek Utara; an established location record supplies GPS coordinates.",
        "Source_URL_1": "https://www.mbjb.gov.my/index.php/ms/pelawat/destinasi-menarik/peta-destinasi-menarik",
        "Source_URL_2": "https://johorkaki.blogspot.com/2012/03/place-of-interest-in-johor-bahru-hutan.html",
        "Unresolved_Reason": null,
        "Matched_Fixed45_ID": null,
        "Master_Location_ID": "JBLOC-0017"
      }
    },
    {
      "type": "Feature",
      "geometry": {
        "type": "Point",
        "coordinates": [
          103.7237744,
          1.4983831
        ]
      },
      "properties": {
        "Year": 2023,
        "Object_ID": "S2023-039",
        "Original_Name": "Jalan Padi Huma 9",
        "Standardized_Name": "Jalan Padi Huma 9",
        "Object_Type": "ROAD",
        "Event_Count": 1,
        "Point_GIS_Ready": true,
        "Plot_Status": "PLOT",
        "Point_Source": "Frozen HF29 reference point",
        "Geometry_Status": "POINT_REFERENCE; ROAD_SEGMENT_OPEN",
        "Polygon_ID": null,
        "Key_Gap": "Event-valid road/subarea; exact flooded start/end segment not evidenced.",
        "Next_Action": "Keep road segment OPEN unless start/end geometry is independently evidenced.",
        "Override_Status": null,
        "Confidence": null,
        "Evidence": null,
        "Source_URL_1": null,
        "Source_URL_2": null,
        "Unresolved_Reason": null,
        "Matched_Fixed45_ID": null,
        "Master_Location_ID": "JBLOC-0046"
      }
    },
    {
      "type": "Feature",
      "geometry": {
        "type": "Point",
        "coordinates": [
          103.7234744,
          1.4989124
        ]
      },
      "properties": {
        "Year": 2023,
        "Object_ID": "S2023-040",
        "Original_Name": "Jalan Padi Huma 10",
        "Standardized_Name": "Jalan Padi Huma 10",
        "Object_Type": "ROAD",
        "Event_Count": 1,
        "Point_GIS_Ready": true,
        "Plot_Status": "PLOT",
        "Point_Source": "Frozen HF28 reference point",
        "Geometry_Status": "POINT_REFERENCE; ROAD_SEGMENT_OPEN",
        "Polygon_ID": null,
        "Key_Gap": "Event-valid road/subarea; exact flooded start/end segment not evidenced.",
        "Next_Action": "Keep road segment OPEN unless start/end geometry is independently evidenced.",
        "Override_Status": null,
        "Confidence": null,
        "Evidence": null,
        "Source_URL_1": null,
        "Source_URL_2": null,
        "Unresolved_Reason": null,
        "Matched_Fixed45_ID": null,
        "Master_Location_ID": "JBLOC-0045"
      }
    },
    {
      "type": "Feature",
      "geometry": {
        "type": "Point",
        "coordinates": [
          103.7395647,
          1.4765564
        ]
      },
      "properties": {
        "Year": 2023,
        "Object_ID": "S2023-041",
        "Original_Name": "Taman Nong Chik",
        "Standardized_Name": "Taman Nong Chik",
        "Object_Type": "COMMUNITY/AREA",
        "Event_Count": 1,
        "Point_GIS_Ready": true,
        "Plot_Status": "PLOT",
        "Point_Source": "Frozen HF35 reference point",
        "Geometry_Status": "POINT_READY; POLYGON_OPEN",
        "Polygon_ID": null,
        "Key_Gap": "Exact closed event/community analysis geometry not frozen.",
        "Next_Action": "Seek official gazetteer/planning/OSM named boundary; do not fabricate polygon.",
        "Override_Status": null,
        "Confidence": null,
        "Evidence": null,
        "Source_URL_1": null,
        "Source_URL_2": null,
        "Unresolved_Reason": null,
        "Matched_Fixed45_ID": null,
        "Master_Location_ID": "JBLOC-0198"
      }
    },
    {
      "type": "Feature",
      "geometry": {
        "type": "Point",
        "coordinates": [
          103.7579076,
          1.5145389
        ]
      },
      "properties": {
        "Year": 2023,
        "Object_ID": "S2023-042",
        "Original_Name": "Majidee",
        "Standardized_Name": "Majidee",
        "Object_Type": "COMMUNITY/AREA",
        "Event_Count": 1,
        "Point_GIS_Ready": true,
        "Plot_Status": "PLOT",
        "Point_Source": "Frozen HF36 reference point",
        "Geometry_Status": "POINT_READY; POLYGON_OPEN",
        "Polygon_ID": null,
        "Key_Gap": "Exact closed event/community analysis geometry not frozen.",
        "Next_Action": "Seek official gazetteer/planning/OSM named boundary; do not fabricate polygon.",
        "Override_Status": null,
        "Confidence": null,
        "Evidence": null,
        "Source_URL_1": null,
        "Source_URL_2": null,
        "Unresolved_Reason": null,
        "Matched_Fixed45_ID": null,
        "Master_Location_ID": "JBLOC-0166"
      }
    },
    {
      "type": "Feature",
      "geometry": {
        "type": "Point",
        "coordinates": [
          103.7613894,
          1.4901965
        ]
      },
      "properties": {
        "Year": 2023,
        "Object_ID": "S2023-043",
        "Original_Name": "Taman Melodies",
        "Standardized_Name": "Taman Melodies",
        "Object_Type": "COMMUNITY/AREA",
        "Event_Count": 1,
        "Point_GIS_Ready": true,
        "Plot_Status": "PLOT",
        "Point_Source": "Frozen HF34 reference point",
        "Geometry_Status": "POINT_READY; POLYGON_OPEN",
        "Polygon_ID": null,
        "Key_Gap": "Exact closed event/community analysis geometry not frozen.",
        "Next_Action": "Seek official gazetteer/planning/OSM named boundary; do not fabricate polygon.",
        "Override_Status": null,
        "Confidence": null,
        "Evidence": null,
        "Source_URL_1": null,
        "Source_URL_2": null,
        "Unresolved_Reason": null,
        "Matched_Fixed45_ID": null,
        "Master_Location_ID": "JBLOC-0197"
      }
    },
    {
      "type": "Feature",
      "geometry": {
        "type": "Point",
        "coordinates": [
          103.7385575,
          1.4609922
        ]
      },
      "properties": {
        "Year": 2023,
        "Object_ID": "S2023-044",
        "Original_Name": "Jalan Sungai Chat",
        "Standardized_Name": "Jalan Sungai Chat",
        "Object_Type": "ROAD",
        "Event_Count": 1,
        "Point_GIS_Ready": true,
        "Plot_Status": "PLOT",
        "Point_Source": "Frozen HF04 reference point",
        "Geometry_Status": "POINT_REFERENCE; ROAD_SEGMENT_OPEN",
        "Polygon_ID": null,
        "Key_Gap": "Event-valid road/subarea; exact flooded start/end segment not evidenced.",
        "Next_Action": "Keep road segment OPEN unless start/end geometry is independently evidenced.",
        "Override_Status": null,
        "Confidence": null,
        "Evidence": null,
        "Source_URL_1": null,
        "Source_URL_2": null,
        "Unresolved_Reason": null,
        "Matched_Fixed45_ID": null,
        "Master_Location_ID": "JBLOC-0064"
      }
    },
    {
      "type": "Feature",
      "geometry": {
        "type": "Point",
        "coordinates": [
          103.7595973,
          1.482543
        ]
      },
      "properties": {
        "Year": 2023,
        "Object_ID": "S2023-045",
        "Original_Name": "Taman Abad",
        "Standardized_Name": "Taman Abad",
        "Object_Type": "COMMUNITY/AREA",
        "Event_Count": 1,
        "Point_GIS_Ready": true,
        "Plot_Status": "PLOT",
        "Point_Source": null,
        "Geometry_Status": "POINT_OPEN; POLYGON_OPEN",
        "Polygon_ID": null,
        "Key_Gap": "Event identity is valid but no strict traceable point/boundary is frozen.",
        "Next_Action": "Seek official gazetteer/planning/OSM named boundary; do not fabricate polygon.",
        "Override_Status": "PLOT",
        "Confidence": "HIGH",
        "Evidence": "Postcode mapping provides a reproducible Taman Abad locality point.",
        "Source_URL_1": "https://postcode.my/johor-johor-bahru-taman-abad-80250.html",
        "Source_URL_2": null,
        "Unresolved_Reason": null,
        "Matched_Fixed45_ID": null,
        "Master_Location_ID": "JBLOC-0188"
      }
    },
    {
      "type": "Feature",
      "geometry": {
        "type": "Point",
        "coordinates": [
          103.7359187,
          1.4794199
        ]
      },
      "properties": {
        "Year": 2023,
        "Object_ID": "S2023-046",
        "Original_Name": "Tasek Merdeka",
        "Standardized_Name": "Taman Tasik / Taman Merdeka",
        "Object_Type": "COMMUNITY/AREA",
        "Event_Count": 1,
        "Point_GIS_Ready": true,
        "Plot_Status": "PLOT",
        "Point_Source": null,
        "Geometry_Status": "POINT_OPEN; POLYGON_OPEN",
        "Polygon_ID": null,
        "Key_Gap": "Event identity is valid but no strict traceable point/boundary is frozen.",
        "Next_Action": "Seek official gazetteer/planning/OSM named boundary; do not fabricate polygon.",
        "Override_Status": "PLOT",
        "Confidence": "MEDIUM_HIGH",
        "Evidence": "MBJB confirms Taman Tasik Merdeka/Taman Merdeka at Tasek Utara; a geocoded park record provides the representative coordinate.",
        "Source_URL_1": "https://www.mbjb.gov.my/sites/default/files/2022-05/tempat-tempat-menarik-johor-bahru.pdf",
        "Source_URL_2": "https://sg.near-place.com/taman-merdeka-jalan-datin-halimah-johor-bahru",
        "Unresolved_Reason": null,
        "Matched_Fixed45_ID": null,
        "Master_Location_ID": "JBLOC-0210"
      }
    },
    {
      "type": "Feature",
      "geometry": {
        "type": "Point",
        "coordinates": [
          103.7804,
          1.5605
        ]
      },
      "properties": {
        "Year": 2023,
        "Object_ID": "S2023-049",
        "Original_Name": "Jalan Mutiara Emas Utama",
        "Standardized_Name": "Jalan Mutiara Emas Utama",
        "Object_Type": "ROAD",
        "Event_Count": 1,
        "Point_GIS_Ready": true,
        "Plot_Status": "PLOT",
        "Point_Source": null,
        "Geometry_Status": "ROAD_SEGMENT_OPEN",
        "Polygon_ID": null,
        "Key_Gap": "Event-valid road/subarea; exact flooded start/end segment not evidenced.",
        "Next_Action": "Keep road segment OPEN unless start/end geometry is independently evidenced.",
        "Override_Status": "PLOT",
        "Confidence": "MEDIUM",
        "Evidence": "A current business address on Jalan Mutiara Emas Utama provides a GPS point on the named road.",
        "Source_URL_1": "https://bizlocationdb.com/locations/subway/malaysia/c/johor-bahru",
        "Source_URL_2": null,
        "Unresolved_Reason": null,
        "Matched_Fixed45_ID": null,
        "Master_Location_ID": "JBLOC-0044"
      }
    },
    {
      "type": "Feature",
      "geometry": {
        "type": "Point",
        "coordinates": [
          103.79419,
          1.55191
        ]
      },
      "properties": {
        "Year": 2023,
        "Object_ID": "S2023-052",
        "Original_Name": "Jalan Harmonium 24",
        "Standardized_Name": "Jalan Harmonium 24/1 area",
        "Object_Type": "ROAD",
        "Event_Count": 1,
        "Point_GIS_Ready": true,
        "Plot_Status": "PLOT",
        "Point_Source": null,
        "Geometry_Status": "ROAD_SEGMENT_OPEN",
        "Polygon_ID": null,
        "Key_Gap": "Event-valid road/subarea; exact flooded start/end segment not evidenced.",
        "Next_Action": "Keep road segment OPEN unless start/end geometry is independently evidenced.",
        "Override_Status": "PLOT",
        "Confidence": "MEDIUM",
        "Evidence": "A current business listing on Jalan Harmonium 24/1 provides a GPS point on the named road cluster.",
        "Source_URL_1": "https://malaysia.worldplaces.me/grocery-stores-in-johor-bahru/53418565-heromarket.html",
        "Source_URL_2": null,
        "Unresolved_Reason": null,
        "Matched_Fixed45_ID": null,
        "Master_Location_ID": "JBLOC-0028"
      }
    },
    {
      "type": "Feature",
      "geometry": {
        "type": "Point",
        "coordinates": [
          103.7359187,
          1.4794199
        ]
      },
      "properties": {
        "Year": 2023,
        "Object_ID": "S2023-053",
        "Original_Name": "Jalan Datin Halimah near Taman Merdeka",
        "Standardized_Name": "Jalan Datin Halimah / Taman Merdeka vicinity",
        "Object_Type": "ROAD",
        "Event_Count": 1,
        "Point_GIS_Ready": true,
        "Plot_Status": "PLOT",
        "Point_Source": null,
        "Geometry_Status": "ROAD_SEGMENT_OPEN",
        "Polygon_ID": null,
        "Key_Gap": "Event-valid road/subarea; exact flooded start/end segment not evidenced.",
        "Next_Action": "Keep road segment OPEN unless start/end geometry is independently evidenced.",
        "Override_Status": "PLOT",
        "Confidence": "MEDIUM",
        "Evidence": "The source explicitly says near Taman Merdeka; the verified Taman Merdeka point is used as a vicinity anchor, not an exact road-flood point.",
        "Source_URL_1": "https://sg.near-place.com/taman-merdeka-jalan-datin-halimah-johor-bahru",
        "Source_URL_2": null,
        "Unresolved_Reason": null,
        "Matched_Fixed45_ID": null,
        "Master_Location_ID": "JBLOC-0024"
      }
    },
    {
      "type": "Feature",
      "geometry": {
        "type": "Point",
        "coordinates": [
          103.7256712,
          1.4714218
        ]
      },
      "properties": {
        "Year": 2023,
        "Object_ID": "S2023-054",
        "Original_Name": "Jalan Skudai",
        "Standardized_Name": "Jalan Skudai",
        "Object_Type": "ROAD",
        "Event_Count": 1,
        "Point_GIS_Ready": true,
        "Plot_Status": "PLOT",
        "Point_Source": null,
        "Geometry_Status": "ROAD_SEGMENT_OPEN",
        "Polygon_ID": null,
        "Key_Gap": "Event-valid road/subarea; exact flooded start/end segment not evidenced.",
        "Next_Action": "Keep road segment OPEN unless start/end geometry is independently evidenced.",
        "Override_Status": "PLOT",
        "Confidence": "MEDIUM",
        "Evidence": "Postcode mapping provides an approximate representative point for Jalan Skudai in Johor Bahru.",
        "Source_URL_1": "https://postcode.my/johor-johor-bahru-jalan-skudai-80200.html",
        "Source_URL_2": null,
        "Unresolved_Reason": null,
        "Matched_Fixed45_ID": null,
        "Master_Location_ID": "JBLOC-0061"
      }
    },
    {
      "type": "Feature",
      "geometry": {
        "type": "Point",
        "coordinates": [
          103.708266,
          1.500366
        ]
      },
      "properties": {
        "Year": 2023,
        "Object_ID": "S2023-055",
        "Original_Name": "Jalan Tampoi",
        "Standardized_Name": "Jalan Tampoi",
        "Object_Type": "ROAD",
        "Event_Count": 1,
        "Point_GIS_Ready": true,
        "Plot_Status": "PLOT",
        "Point_Source": null,
        "Geometry_Status": "ROAD_SEGMENT_OPEN",
        "Polygon_ID": null,
        "Key_Gap": "Event-valid road/subarea; exact flooded start/end segment not evidenced.",
        "Next_Action": "Keep road segment OPEN unless start/end geometry is independently evidenced.",
        "Override_Status": "PLOT",
        "Confidence": "MEDIUM",
        "Evidence": "Geocoded Jalan Tampoi mapping provides a representative point on the named road.",
        "Source_URL_1": "https://www.findlatitudeandlongitude.com/l/Jalan%2BTampoi%2C%2BJohor%2BBahru%2C%2BJohor%2BBahru%2C%2BJohor%2C%2BMalaysia/9657007/",
        "Source_URL_2": null,
        "Unresolved_Reason": null,
        "Matched_Fixed45_ID": null,
        "Master_Location_ID": "JBLOC-0065"
      }
    },
    {
      "type": "Feature",
      "geometry": {
        "type": "Point",
        "coordinates": [
          103.75707329,
          1.5191611
        ]
      },
      "properties": {
        "Year": 2023,
        "Object_ID": "S2023-056",
        "Original_Name": "Kampung Ubi Baru",
        "Standardized_Name": "Kampung Ubi Baru",
        "Object_Type": "COMMUNITY/AREA",
        "Event_Count": 1,
        "Point_GIS_Ready": true,
        "Plot_Status": "PLOT",
        "Point_Source": "R016 / official MyGeoName Johor point",
        "Geometry_Status": "POINT_READY; POLYGON_OPEN",
        "Polygon_ID": null,
        "Key_Gap": "Exact closed event/community analysis geometry not frozen.",
        "Next_Action": "Seek official gazetteer/planning/OSM named boundary; do not fabricate polygon.",
        "Override_Status": null,
        "Confidence": null,
        "Evidence": null,
        "Source_URL_1": null,
        "Source_URL_2": null,
        "Unresolved_Reason": null,
        "Matched_Fixed45_ID": null,
        "Master_Location_ID": "JBLOC-0147"
      }
    },
    {
      "type": "Feature",
      "geometry": {
        "type": "Point",
        "coordinates": [
          103.93562865,
          1.52139605
        ]
      },
      "properties": {
        "Year": 2024,
        "Object_ID": "S2024-001",
        "Original_Name": "Kampung Sentosa Damai",
        "Standardized_Name": "Kg. Sentosa Damai",
        "Object_Type": "COMMUNITY/AREA",
        "Event_Count": 1,
        "Point_GIS_Ready": true,
        "Plot_Status": "PLOT",
        "Point_Source": null,
        "Geometry_Status": "POINT_OPEN; POLYGON_OPEN",
        "Polygon_ID": null,
        "Key_Gap": "Event identity is valid but no strict traceable point/boundary is frozen.",
        "Next_Action": "Seek official/local-government geospatial source.",
        "Override_Status": "PLOT",
        "Confidence": "HIGH",
        "Evidence": "Official Johor gazetteer lists Kg. Sentosa Damai; MBPG confirms the settlement under the Cahaya Baru village cluster.",
        "Source_URL_1": "https://mygeoname.mygeoportal.gov.my/exportpdffasa3.jsp?kodnegeri=01",
        "Source_URL_2": "https://mbpg.gov.my/ms/rakyat/komuniti-program/ketua-kampung-mukim-plentong-mukim-sungai-tiram",
        "Unresolved_Reason": null,
        "Matched_Fixed45_ID": null,
        "Master_Location_ID": "JBLOC-0124"
      }
    },
    {
      "type": "Feature",
      "geometry": {
        "type": "Point",
        "coordinates": [
          103.931586,
          1.619208
        ]
      },
      "properties": {
        "Year": 2024,
        "Object_ID": "S2024-002",
        "Original_Name": "Kampung Paya (Sungai Tiram/Nam Heng context)",
        "Standardized_Name": "Kg. Paya Sg Redan",
        "Object_Type": "COMMUNITY/AREA",
        "Event_Count": 1,
        "Point_GIS_Ready": true,
        "Plot_Status": "PLOT",
        "Point_Source": null,
        "Geometry_Status": "IDENTITY_CONTEXT_RESOLVED; POINT_OPEN; POLYGON_OPEN",
        "Polygon_ID": null,
        "Key_Gap": "Flood identity is clear in Sungai Tiram/Nam Heng context, but no strict point is frozen; unrelated Kampung Paya locations must not be substituted.",
        "Next_Action": "Resolve official/local-government point or named boundary.",
        "Override_Status": "PLOT",
        "Confidence": "MEDIUM_HIGH",
        "Evidence": "The source context is Sungai Tiram/Nam Heng; the established baseline normalizes this locality to official Kg. Paya Sg Redan.",
        "Source_URL_1": "https://mygeoname.mygeoportal.gov.my/exportpdffasa3.jsp?kodnegeri=01",
        "Source_URL_2": "https://mbpg.gov.my/ms/rakyat/komuniti-program/ketua-kampung-mukim-plentong-mukim-sungai-tiram",
        "Unresolved_Reason": null,
        "Matched_Fixed45_ID": null,
        "Master_Location_ID": "JBLOC-0113"
      }
    },
    {
      "type": "Feature",
      "geometry": {
        "type": "Point",
        "coordinates": [
          103.9220255,
          1.6536289
        ]
      },
      "properties": {
        "Year": 2024,
        "Object_ID": "S2024-003",
        "Original_Name": "Kampung Sungai Serai",
        "Standardized_Name": "Kg. Sg. Serai",
        "Object_Type": "COMMUNITY/AREA",
        "Event_Count": 1,
        "Point_GIS_Ready": true,
        "Plot_Status": "PLOT",
        "Point_Source": null,
        "Geometry_Status": "IDENTITY_CONFIRMED; POINT_OPEN; POLYGON_OPEN",
        "Polygon_ID": null,
        "Key_Gap": "MBPG community context supports Sungai Serai identity, but no strict WGS84 point is frozen in this pass.",
        "Next_Action": "Resolve exact official point/boundary before GIS freeze.",
        "Override_Status": "PLOT",
        "Confidence": "HIGH",
        "Evidence": "Reuses the official Johor gazetteer point previously frozen for Kg. Sg. Serai in the Sungai Tiram cluster.",
        "Source_URL_1": "https://mygeoname.mygeoportal.gov.my/exportpdffasa3.jsp?kodnegeri=01",
        "Source_URL_2": "https://mbpg.gov.my/ms/rakyat/komuniti-program/ketua-kampung-mukim-plentong-mukim-sungai-tiram",
        "Unresolved_Reason": null,
        "Matched_Fixed45_ID": null,
        "Master_Location_ID": "JBLOC-0140"
      }
    },
    {
      "type": "Feature",
      "geometry": {
        "type": "Point",
        "coordinates": [
          103.924811,
          1.59376731
        ]
      },
      "properties": {
        "Year": 2024,
        "Object_ID": "S2024-007",
        "Original_Name": "Kampung Bukit Dagang",
        "Standardized_Name": "Kampung Bukit Dagang",
        "Object_Type": "COMMUNITY/AREA",
        "Event_Count": 1,
        "Point_GIS_Ready": true,
        "Plot_Status": "PLOT",
        "Point_Source": "MyGeoName Johor official gazette point",
        "Geometry_Status": "POINT_READY; POLYGON_OPEN",
        "Polygon_ID": null,
        "Key_Gap": "Representative point is defensible; exact event/community flood polygon is not frozen.",
        "Next_Action": "Seek exact named closed boundary; do not fabricate inundation polygon.",
        "Override_Status": null,
        "Confidence": null,
        "Evidence": null,
        "Source_URL_1": null,
        "Source_URL_2": null,
        "Unresolved_Reason": null,
        "Matched_Fixed45_ID": null,
        "Master_Location_ID": "JBLOC-0082"
      }
    },
    {
      "type": "Feature",
      "geometry": {
        "type": "Point",
        "coordinates": [
          103.9119375,
          1.5850625
        ]
      },
      "properties": {
        "Year": 2024,
        "Object_ID": "S2024-008",
        "Original_Name": "Kampung Batu 20, Sungai Tiram",
        "Standardized_Name": "Batu 20, Jalan Sungai Tiram",
        "Object_Type": "COMMUNITY/AREA",
        "Event_Count": 1,
        "Point_GIS_Ready": true,
        "Plot_Status": "PLOT",
        "Point_Source": null,
        "Geometry_Status": "ROAD/LOCALITY_OBJECT_OPEN",
        "Polygon_ID": null,
        "Key_Gap": "Source explicitly names Kampung Batu 20; exact boundary/segment is not frozen.",
        "Next_Action": "Resolve exact community/road-access geometry.",
        "Override_Status": "PLOT",
        "Confidence": "MEDIUM_HIGH",
        "Evidence": "Batu 20 is a documented Sungai Tiram flood locality; representative anchor retained from the frozen 2019 resolution.",
        "Source_URL_1": "https://dewannegeri.johor.gov.my/wp-content/uploads/2019/06/November-2018.pdf",
        "Source_URL_2": null,
        "Unresolved_Reason": null,
        "Matched_Fixed45_ID": null,
        "Master_Location_ID": "JBLOC-0005"
      }
    },
    {
      "type": "Feature",
      "geometry": {
        "type": "Point",
        "coordinates": [
          103.7159181,
          1.5810921
        ]
      },
      "properties": {
        "Year": 2024,
        "Object_ID": "S2024-009",
        "Original_Name": "Kampung Maju Jaya",
        "Standardized_Name": "Kampung Maju Jaya",
        "Object_Type": "COMMUNITY/AREA",
        "Event_Count": 1,
        "Point_GIS_Ready": true,
        "Plot_Status": "PLOT",
        "Point_Source": "Frozen HF18 reference point",
        "Geometry_Status": "POINT_READY; POLYGON_OPEN",
        "Polygon_ID": null,
        "Key_Gap": "Representative point is defensible; exact event/community flood polygon is not frozen.",
        "Next_Action": "Seek exact named closed boundary; do not fabricate inundation polygon.",
        "Override_Status": null,
        "Confidence": null,
        "Evidence": null,
        "Source_URL_1": null,
        "Source_URL_2": null,
        "Unresolved_Reason": null,
        "Matched_Fixed45_ID": null,
        "Master_Location_ID": "JBLOC-0095"
      }
    },
    {
      "type": "Feature",
      "geometry": {
        "type": "Point",
        "coordinates": [
          103.718275204555,
          1.5804887
        ]
      },
      "properties": {
        "Year": 2024,
        "Object_ID": "S2024-010",
        "Original_Name": "SK Kampung Maju Jaya",
        "Standardized_Name": "SK Kampung Maju Jaya",
        "Object_Type": "CRITICAL FACILITY",
        "Event_Count": 1,
        "Point_GIS_Ready": true,
        "Plot_Status": "PLOT",
        "Point_Source": "Frozen HF44 facility reference point",
        "Geometry_Status": "POINT_READY; FACILITY_POLYGON_OPEN",
        "Polygon_ID": null,
        "Key_Gap": "Facility point is defensible; exact facility/flood polygon not frozen.",
        "Next_Action": "Resolve exact building boundary only where defensible.",
        "Override_Status": null,
        "Confidence": null,
        "Evidence": null,
        "Source_URL_1": null,
        "Source_URL_2": null,
        "Unresolved_Reason": null,
        "Matched_Fixed45_ID": null,
        "Master_Location_ID": "JBLOC-0179"
      }
    },
    {
      "type": "Feature",
      "geometry": {
        "type": "Point",
        "coordinates": [
          103.741375207901,
          1.54085596501295
        ]
      },
      "properties": {
        "Year": 2024,
        "Object_ID": "S2024-011",
        "Original_Name": "SK Bukit Mutiara",
        "Standardized_Name": "SK Bukit Mutiara",
        "Object_Type": "CRITICAL FACILITY",
        "Event_Count": 1,
        "Point_GIS_Ready": true,
        "Plot_Status": "PLOT",
        "Point_Source": null,
        "Geometry_Status": "FACILITY_POINT/POLYGON_OPEN",
        "Polygon_ID": null,
        "Key_Gap": "Facility impact is event-valid; exact facility building/flood-water geometry is not frozen.",
        "Next_Action": "Resolve exact building boundary only where defensible.",
        "Override_Status": "PLOT",
        "Confidence": "HIGH",
        "Evidence": "School directory provides the official address and approximate GPS coordinate for SK Bukit Mutiara.",
        "Source_URL_1": "https://www.apac.com.my/jba1116-sk-bukit-mutiara.html",
        "Source_URL_2": null,
        "Unresolved_Reason": null,
        "Matched_Fixed45_ID": null,
        "Master_Location_ID": "JBLOC-0178"
      }
    },
    {
      "type": "Feature",
      "geometry": {
        "type": "Point",
        "coordinates": [
          103.879771828651,
          1.58516029538754
        ]
      },
      "properties": {
        "Year": 2024,
        "Object_ID": "S2024-012",
        "Original_Name": "SK Sungai Tiram",
        "Standardized_Name": "SK Sungai Tiram",
        "Object_Type": "CRITICAL FACILITY",
        "Event_Count": 1,
        "Point_GIS_Ready": true,
        "Plot_Status": "PLOT",
        "Point_Source": null,
        "Geometry_Status": "FACILITY_POINT/POLYGON_OPEN",
        "Polygon_ID": null,
        "Key_Gap": "Facility impact is event-valid; exact facility building/flood-water geometry is not frozen.",
        "Next_Action": "Resolve exact building boundary only where defensible.",
        "Override_Status": "PLOT",
        "Confidence": "HIGH",
        "Evidence": "School directory provides the official address and approximate GPS coordinate for SK Sungai Tiram.",
        "Source_URL_1": "https://www.apac.com.my/jba1021-sk-sungai-tiram.html",
        "Source_URL_2": null,
        "Unresolved_Reason": null,
        "Matched_Fixed45_ID": null,
        "Master_Location_ID": "JBLOC-0181"
      }
    },
    {
      "type": "Feature",
      "geometry": {
        "type": "Point",
        "coordinates": [
          103.7648053,
          1.531945
        ]
      },
      "properties": {
        "Year": 2024,
        "Object_ID": "S2024-013",
        "Original_Name": "Jalan Kangkar Tebrau",
        "Standardized_Name": "Jalan Kangkar Tebrau",
        "Object_Type": "ROAD",
        "Event_Count": 1,
        "Point_GIS_Ready": true,
        "Plot_Status": "PLOT",
        "Point_Source": null,
        "Geometry_Status": "ROAD_SEGMENT_OPEN",
        "Polygon_ID": null,
        "Key_Gap": "Official road-closure evidence exists; parent Kampung Kangkar Tebrau polygon is not a road-flood footprint.",
        "Next_Action": "Do not reuse community polygon for road segment; recover exact closed section if possible.",
        "Override_Status": "PLOT",
        "Confidence": "MEDIUM",
        "Evidence": "Postcode geocoding provides an approximate coordinate for Jalan Kangkar Tebrau.",
        "Source_URL_1": "https://postcode.my/johor-johor-bahru-jalan-kangkar-tebrau-81100.html",
        "Source_URL_2": null,
        "Unresolved_Reason": null,
        "Matched_Fixed45_ID": null,
        "Master_Location_ID": "JBLOC-0034"
      }
    },
    {
      "type": "Feature",
      "geometry": {
        "type": "Point",
        "coordinates": [
          103.7592769,
          1.5689894
        ]
      },
      "properties": {
        "Year": 2024,
        "Object_ID": "S2024-014",
        "Original_Name": "Taman Setia Indah",
        "Standardized_Name": "Taman Setia Indah",
        "Object_Type": "COMMUNITY/AREA",
        "Event_Count": 1,
        "Point_GIS_Ready": true,
        "Plot_Status": "PLOT",
        "Point_Source": "Frozen HF20 reference point",
        "Geometry_Status": "POINT_READY; POLYGON_OPEN",
        "Polygon_ID": null,
        "Key_Gap": "Representative point is defensible; exact event/community flood polygon is not frozen.",
        "Next_Action": "Seek exact named closed boundary; do not fabricate inundation polygon.",
        "Override_Status": null,
        "Confidence": null,
        "Evidence": null,
        "Source_URL_1": null,
        "Source_URL_2": null,
        "Unresolved_Reason": null,
        "Matched_Fixed45_ID": null,
        "Master_Location_ID": "JBLOC-0205"
      }
    },
    {
      "type": "Feature",
      "geometry": {
        "type": "Point",
        "coordinates": [
          103.75709827,
          1.53184902
        ]
      },
      "properties": {
        "Year": 2025,
        "Object_ID": "S2025-001",
        "Original_Name": "Kampung Kangkar Tebrau",
        "Standardized_Name": "Kampung Kangkar Tebrau",
        "Object_Type": "COMMUNITY/AREA",
        "Event_Count": 2,
        "Point_GIS_Ready": true,
        "Plot_Status": "PLOT",
        "Point_Source": "Official MyGeoName / frozen R005-R018 lineage",
        "Geometry_Status": "REUSED_CLOSED",
        "Polygon_ID": "PG2017-KG-KANGKAR-TEBRAU",
        "Key_Gap": "Exact named community analysis polygon already frozen; not an observed event inundation footprint.",
        "Next_Action": "Reuse only as parent-community analysis context.",
        "Override_Status": null,
        "Confidence": null,
        "Evidence": null,
        "Source_URL_1": null,
        "Source_URL_2": null,
        "Unresolved_Reason": null,
        "Matched_Fixed45_ID": null,
        "Master_Location_ID": "JBLOC-0090"
      }
    },
    {
      "type": "Feature",
      "geometry": {
        "type": "Point",
        "coordinates": [
          103.74961954,
          1.5403203
        ]
      },
      "properties": {
        "Year": 2025,
        "Object_ID": "S2025-002",
        "Original_Name": "Kampung Paya Kenangan",
        "Standardized_Name": "Kampung Paya Kenangan",
        "Object_Type": "COMMUNITY/AREA",
        "Event_Count": 2,
        "Point_GIS_Ready": true,
        "Plot_Status": "PLOT",
        "Point_Source": "Official MyGeoName / R016",
        "Geometry_Status": "POINT_READY; POLYGON_OPEN",
        "Polygon_ID": null,
        "Key_Gap": "Representative point is defensible; exact closed event/community geometry is not frozen.",
        "Next_Action": "Seek exact named closed community/residential boundary.",
        "Override_Status": null,
        "Confidence": null,
        "Evidence": null,
        "Source_URL_1": null,
        "Source_URL_2": null,
        "Unresolved_Reason": null,
        "Matched_Fixed45_ID": null,
        "Master_Location_ID": "JBLOC-0110"
      }
    },
    {
      "type": "Feature",
      "geometry": {
        "type": "Point",
        "coordinates": [
          103.7555,
          1.53241
        ]
      },
      "properties": {
        "Year": 2025,
        "Object_ID": "S2025-003",
        "Original_Name": "SK Kangkar Tebrau",
        "Standardized_Name": "Sekolah Kebangsaan Kangkar Tebrau",
        "Object_Type": "CRITICAL FACILITY",
        "Event_Count": 2,
        "Point_GIS_Ready": true,
        "Plot_Status": "PLOT",
        "Point_Source": null,
        "Geometry_Status": "FACILITY_POINT/POLYGON_OPEN",
        "Polygon_ID": null,
        "Key_Gap": "Facility impact is verified; exact building/flood polygon is not frozen.",
        "Next_Action": "Resolve exact facility/building footprint only from defensible geometry.",
        "Override_Status": "PLOT",
        "Confidence": "HIGH",
        "Evidence": "OSM-derived mapping identifies SK Kangkar Tebrau and its school footprint centroid.",
        "Source_URL_1": "https://mapcarta.com/W403779653",
        "Source_URL_2": null,
        "Unresolved_Reason": null,
        "Matched_Fixed45_ID": null,
        "Master_Location_ID": "JBLOC-0180"
      }
    },
    {
      "type": "Feature",
      "geometry": {
        "type": "Point",
        "coordinates": [
          103.75623,
          1.53382
        ]
      },
      "properties": {
        "Year": 2025,
        "Object_ID": "S2025-004",
        "Original_Name": "Masjid Kampung Kangkar Tebrau",
        "Standardized_Name": "Masjid Kg. Kangkar Tebrau",
        "Object_Type": "CRITICAL FACILITY",
        "Event_Count": 1,
        "Point_GIS_Ready": true,
        "Plot_Status": "PLOT",
        "Point_Source": null,
        "Geometry_Status": "FACILITY_POINT/POLYGON_OPEN",
        "Polygon_ID": null,
        "Key_Gap": "Facility impact is verified; exact building/flood polygon is not frozen.",
        "Next_Action": "Resolve exact facility/building footprint only from defensible geometry.",
        "Override_Status": "PLOT",
        "Confidence": "HIGH",
        "Evidence": "OSM-derived mapping identifies the named mosque and building centroid.",
        "Source_URL_1": "https://mapcarta.com/W298465731",
        "Source_URL_2": null,
        "Unresolved_Reason": null,
        "Matched_Fixed45_ID": null,
        "Master_Location_ID": "JBLOC-0168"
      }
    },
    {
      "type": "Feature",
      "geometry": {
        "type": "Point",
        "coordinates": [
          103.6969651,
          1.4955303
        ]
      },
      "properties": {
        "Year": 2025,
        "Object_ID": "S2025-005",
        "Original_Name": "Kampung Pasir",
        "Standardized_Name": "Kampung Pasir",
        "Object_Type": "COMMUNITY/AREA",
        "Event_Count": 3,
        "Point_GIS_Ready": true,
        "Plot_Status": "PLOT",
        "Point_Source": "Frozen HF14 reference point",
        "Geometry_Status": "POINT_READY; POLYGON_OPEN",
        "Polygon_ID": null,
        "Key_Gap": "Representative point is defensible; exact closed event/community geometry is not frozen.",
        "Next_Action": "Seek exact named closed community/residential boundary.",
        "Override_Status": null,
        "Confidence": null,
        "Evidence": null,
        "Source_URL_1": null,
        "Source_URL_2": null,
        "Unresolved_Reason": null,
        "Matched_Fixed45_ID": null,
        "Master_Location_ID": "JBLOC-0104"
      }
    },
    {
      "type": "Feature",
      "geometry": {
        "type": "Point",
        "coordinates": [
          103.7683272,
          1.5345501
        ]
      },
      "properties": {
        "Year": 2025,
        "Object_ID": "S2025-006",
        "Original_Name": "Kampung Ulu Pandan",
        "Standardized_Name": "Kampung Ulu Pandan",
        "Object_Type": "COMMUNITY/AREA",
        "Event_Count": 1,
        "Point_GIS_Ready": true,
        "Plot_Status": "PLOT",
        "Point_Source": "Frozen HF42 reference point",
        "Geometry_Status": "POINT_READY; POLYGON_OPEN",
        "Polygon_ID": null,
        "Key_Gap": "Representative point is defensible; exact closed event/community geometry is not frozen.",
        "Next_Action": "Seek exact named closed community/residential boundary.",
        "Override_Status": null,
        "Confidence": null,
        "Evidence": null,
        "Source_URL_1": null,
        "Source_URL_2": null,
        "Unresolved_Reason": null,
        "Matched_Fixed45_ID": null,
        "Master_Location_ID": "JBLOC-0148"
      }
    },
    {
      "type": "Feature",
      "geometry": {
        "type": "Point",
        "coordinates": [
          103.75965347,
          1.53411714
        ]
      },
      "properties": {
        "Year": 2025,
        "Object_ID": "S2025-007",
        "Original_Name": "Kampung Bunga Ros",
        "Standardized_Name": "Kampung Bunga Ros",
        "Object_Type": "COMMUNITY/AREA",
        "Event_Count": 1,
        "Point_GIS_Ready": true,
        "Plot_Status": "PLOT",
        "Point_Source": "Official MyGeoName point retained in R016",
        "Geometry_Status": "POINT_READY; POLYGON_OPEN",
        "Polygon_ID": null,
        "Key_Gap": "Representative point is defensible; exact closed event/community geometry is not frozen.",
        "Next_Action": "Seek exact named closed community/residential boundary.",
        "Override_Status": null,
        "Confidence": null,
        "Evidence": null,
        "Source_URL_1": null,
        "Source_URL_2": null,
        "Unresolved_Reason": null,
        "Matched_Fixed45_ID": null,
        "Master_Location_ID": "JBLOC-0083"
      }
    },
    {
      "type": "Feature",
      "geometry": {
        "type": "Point",
        "coordinates": [
          103.74288131,
          1.54457461
        ]
      },
      "properties": {
        "Year": 2025,
        "Object_ID": "S2025-008",
        "Original_Name": "Kampung Pasir Tebrau",
        "Standardized_Name": "Kampung Pasir Tebrau",
        "Object_Type": "COMMUNITY/AREA",
        "Event_Count": 1,
        "Point_GIS_Ready": true,
        "Plot_Status": "PLOT",
        "Point_Source": "Official MyGeoName / R016",
        "Geometry_Status": "POINT_READY; POLYGON_OPEN",
        "Polygon_ID": null,
        "Key_Gap": "Representative point is defensible; exact closed event/community geometry is not frozen.",
        "Next_Action": "Seek exact named closed community/residential boundary.",
        "Override_Status": null,
        "Confidence": null,
        "Evidence": null,
        "Source_URL_1": null,
        "Source_URL_2": null,
        "Unresolved_Reason": null,
        "Matched_Fixed45_ID": null,
        "Master_Location_ID": "JBLOC-0107"
      }
    },
    {
      "type": "Feature",
      "geometry": {
        "type": "Point",
        "coordinates": [
          103.6605,
          1.5453
        ]
      },
      "properties": {
        "Year": 2025,
        "Object_ID": "S2025-009",
        "Original_Name": "Kampung Laut Skudai",
        "Standardized_Name": "Kampung Laut Skudai",
        "Object_Type": "COMMUNITY/AREA",
        "Event_Count": 1,
        "Point_GIS_Ready": true,
        "Plot_Status": "PLOT",
        "Point_Source": "Audited locality reference from R014/R016",
        "Geometry_Status": "POINT_READY; POLYGON_OPEN",
        "Polygon_ID": null,
        "Key_Gap": "Representative point is defensible; exact closed event/community geometry is not frozen.",
        "Next_Action": "Seek exact named closed community/residential boundary.",
        "Override_Status": null,
        "Confidence": null,
        "Evidence": null,
        "Source_URL_1": null,
        "Source_URL_2": null,
        "Unresolved_Reason": null,
        "Matched_Fixed45_ID": null,
        "Master_Location_ID": "JBLOC-0094"
      }
    },
    {
      "type": "Feature",
      "geometry": {
        "type": "Point",
        "coordinates": [
          103.7639473,
          1.5218297
        ]
      },
      "properties": {
        "Year": 2025,
        "Object_ID": "S2025-010",
        "Original_Name": "Pandan",
        "Standardized_Name": "Pandan",
        "Object_Type": "AREA/RESIDENTIAL",
        "Event_Count": 1,
        "Point_GIS_Ready": true,
        "Plot_Status": "PLOT",
        "Point_Source": "Frozen HF43 reference point",
        "Geometry_Status": "POINT_READY; POLYGON_OPEN",
        "Polygon_ID": null,
        "Key_Gap": "Representative point is defensible; exact closed event/community geometry is not frozen.",
        "Next_Action": "Seek exact named closed community/residential boundary.",
        "Override_Status": null,
        "Confidence": null,
        "Evidence": null,
        "Source_URL_1": null,
        "Source_URL_2": null,
        "Unresolved_Reason": null,
        "Matched_Fixed45_ID": null,
        "Master_Location_ID": "JBLOC-0170"
      }
    },
    {
      "type": "Feature",
      "geometry": {
        "type": "Point",
        "coordinates": [
          103.747256167436,
          1.5406298
        ]
      },
      "properties": {
        "Year": 2025,
        "Object_ID": "S2025-011",
        "Original_Name": "Taman Desa Mutiara",
        "Standardized_Name": "Taman Desa Mutiara",
        "Object_Type": "AREA/RESIDENTIAL",
        "Event_Count": 1,
        "Point_GIS_Ready": true,
        "Plot_Status": "PLOT",
        "Point_Source": "Frozen HF45 reference point",
        "Geometry_Status": "POINT_READY; POLYGON_OPEN",
        "Polygon_ID": null,
        "Key_Gap": "Representative point is defensible; exact closed event/community geometry is not frozen.",
        "Next_Action": "Seek exact named closed community/residential boundary.",
        "Override_Status": null,
        "Confidence": null,
        "Evidence": null,
        "Source_URL_1": null,
        "Source_URL_2": null,
        "Unresolved_Reason": null,
        "Matched_Fixed45_ID": null,
        "Master_Location_ID": "JBLOC-0192"
      }
    },
    {
      "type": "Feature",
      "geometry": {
        "type": "Point",
        "coordinates": [
          103.6859554,
          1.502518
        ]
      },
      "properties": {
        "Year": 2025,
        "Object_ID": "S2025-012",
        "Original_Name": "Taman Tampoi Utama",
        "Standardized_Name": "Taman Tampoi Utama",
        "Object_Type": "AREA/RESIDENTIAL",
        "Event_Count": 1,
        "Point_GIS_Ready": true,
        "Plot_Status": "PLOT",
        "Point_Source": "Frozen HF40 reference point",
        "Geometry_Status": "POINT_READY; POLYGON_OPEN",
        "Polygon_ID": null,
        "Key_Gap": "Representative point is defensible; exact closed event/community geometry is not frozen.",
        "Next_Action": "Seek exact named closed community/residential boundary.",
        "Override_Status": null,
        "Confidence": null,
        "Evidence": null,
        "Source_URL_1": null,
        "Source_URL_2": null,
        "Unresolved_Reason": null,
        "Matched_Fixed45_ID": null,
        "Master_Location_ID": "JBLOC-0209"
      }
    },
    {
      "type": "Feature",
      "geometry": {
        "type": "Point",
        "coordinates": [
          103.6919335,
          1.5017487
        ]
      },
      "properties": {
        "Year": 2025,
        "Object_ID": "S2025-013",
        "Original_Name": "Kampung Seri Serdang",
        "Standardized_Name": "Kampung Seri Serdang",
        "Object_Type": "COMMUNITY/AREA",
        "Event_Count": 1,
        "Point_GIS_Ready": true,
        "Plot_Status": "PLOT",
        "Point_Source": "Frozen HF15 / Kampung Sri Serdang reference",
        "Geometry_Status": "POINT_READY; POLYGON_OPEN",
        "Polygon_ID": null,
        "Key_Gap": "Representative point is defensible; exact closed event/community geometry is not frozen.",
        "Next_Action": "Seek exact named closed community/residential boundary.",
        "Override_Status": null,
        "Confidence": null,
        "Evidence": null,
        "Source_URL_1": null,
        "Source_URL_2": null,
        "Unresolved_Reason": null,
        "Matched_Fixed45_ID": null,
        "Master_Location_ID": "JBLOC-0129"
      }
    },
    {
      "type": "Feature",
      "geometry": {
        "type": "Point",
        "coordinates": [
          103.773858346421,
          1.52264915
        ]
      },
      "properties": {
        "Year": 2025,
        "Object_ID": "S2025-014",
        "Original_Name": "Kampung Melayu Pandan",
        "Standardized_Name": "Kampung Melayu Pandan",
        "Object_Type": "COMMUNITY/AREA",
        "Event_Count": 1,
        "Point_GIS_Ready": true,
        "Plot_Status": "PLOT",
        "Point_Source": "Frozen HF12 reference point",
        "Geometry_Status": "POINT_READY; POLYGON_OPEN",
        "Polygon_ID": null,
        "Key_Gap": "Representative point is defensible; exact closed event/community geometry is not frozen.",
        "Next_Action": "Seek exact named closed community/residential boundary.",
        "Override_Status": null,
        "Confidence": null,
        "Evidence": null,
        "Source_URL_1": null,
        "Source_URL_2": null,
        "Unresolved_Reason": null,
        "Matched_Fixed45_ID": null,
        "Master_Location_ID": "JBLOC-0099"
      }
    },
    {
      "type": "Feature",
      "geometry": {
        "type": "Point",
        "coordinates": [
          103.76650814,
          1.51378258
        ]
      },
      "properties": {
        "Year": 2025,
        "Object_ID": "S2025-015",
        "Original_Name": "Kampung Belantik",
        "Standardized_Name": "Kg. Belantik",
        "Object_Type": "COMMUNITY/AREA",
        "Event_Count": 1,
        "Point_GIS_Ready": true,
        "Plot_Status": "PLOT",
        "Point_Source": null,
        "Geometry_Status": "IDENTITY_VALID; POINT_OPEN; POLYGON_OPEN",
        "Polygon_ID": null,
        "Key_Gap": "Mayor explicitly names Kampung Belantik, but earlier combined Belantik/Bendahara evidence must not be silently converted to Bendahara coordinates.",
        "Next_Action": "Resolve Kampung Belantik identity independently.",
        "Override_Status": "PLOT",
        "Confidence": "HIGH",
        "Evidence": "Johor official gazetteer lists Kg. Belantik at this coordinate.",
        "Source_URL_1": "https://mygeoname.mygeoportal.gov.my/exportpdffasa3.jsp?kodnegeri=01",
        "Source_URL_2": null,
        "Unresolved_Reason": null,
        "Matched_Fixed45_ID": null,
        "Master_Location_ID": "JBLOC-0079"
      }
    },
    {
      "type": "Feature",
      "geometry": {
        "type": "Point",
        "coordinates": [
          103.6818886,
          1.5104756
        ]
      },
      "properties": {
        "Year": 2025,
        "Object_ID": "S2025-016",
        "Original_Name": "Taman Tampoi Indah",
        "Standardized_Name": "Taman Tampoi Indah",
        "Object_Type": "AREA/RESIDENTIAL",
        "Event_Count": 1,
        "Point_GIS_Ready": true,
        "Plot_Status": "PLOT",
        "Point_Source": "Frozen HF16 reference point",
        "Geometry_Status": "POINT_READY; POLYGON_OPEN",
        "Polygon_ID": null,
        "Key_Gap": "Representative point is defensible; exact closed event/community geometry is not frozen.",
        "Next_Action": "Seek exact named closed community/residential boundary.",
        "Override_Status": null,
        "Confidence": null,
        "Evidence": null,
        "Source_URL_1": null,
        "Source_URL_2": null,
        "Unresolved_Reason": null,
        "Matched_Fixed45_ID": null,
        "Master_Location_ID": "JBLOC-0208"
      }
    },
    {
      "type": "Feature",
      "geometry": {
        "type": "Point",
        "coordinates": [
          103.683194,
          1.487722
        ]
      },
      "properties": {
        "Year": 2025,
        "Object_ID": "S2025-017",
        "Original_Name": "Perling",
        "Standardized_Name": "Perling / Taman Perling",
        "Object_Type": "AREA/RESIDENTIAL",
        "Event_Count": 1,
        "Point_GIS_Ready": true,
        "Plot_Status": "PLOT",
        "Point_Source": null,
        "Geometry_Status": "LOWER_TIER_EVENT_EVIDENCE; POINT_OPEN; POLYGON_OPEN",
        "Polygon_ID": null,
        "Key_Gap": "Field observation confirms severe flooding/electricity isolation, but source tier is lower than official MBJB list.",
        "Next_Action": "Retain event; seek official incident/geospatial confirmation.",
        "Override_Status": "PLOT",
        "Confidence": "MEDIUM_HIGH",
        "Evidence": "Published locality mapping identifies Perling (officially called Taman Perling) with coordinates.",
        "Source_URL_1": "https://newikis.com/en/Perling",
        "Source_URL_2": null,
        "Unresolved_Reason": null,
        "Matched_Fixed45_ID": null,
        "Master_Location_ID": "JBLOC-0171"
      }
    },
    {
      "type": "Feature",
      "geometry": {
        "type": "Point",
        "coordinates": [
          103.718275204555,
          1.5804887
        ]
      },
      "properties": {
        "Year": 2025,
        "Object_ID": "S2025-019",
        "Original_Name": "SK Kampung Maju Jaya",
        "Standardized_Name": "SK Kampung Maju Jaya",
        "Object_Type": "CRITICAL FACILITY",
        "Event_Count": 1,
        "Point_GIS_Ready": true,
        "Plot_Status": "PLOT",
        "Point_Source": "Frozen HF44 facility point",
        "Geometry_Status": "POINT_READY; FACILITY_POLYGON_OPEN",
        "Polygon_ID": null,
        "Key_Gap": "Facility impact is verified; exact building/flood polygon is not frozen.",
        "Next_Action": "Resolve exact facility/building footprint only from defensible geometry.",
        "Override_Status": null,
        "Confidence": null,
        "Evidence": null,
        "Source_URL_1": null,
        "Source_URL_2": null,
        "Unresolved_Reason": null,
        "Matched_Fixed45_ID": null,
        "Master_Location_ID": "JBLOC-0179"
      }
    },
    {
      "type": "Feature",
      "geometry": {
        "type": "Point",
        "coordinates": [
          103.680172562599,
          1.51604363425928
        ]
      },
      "properties": {
        "Year": 2025,
        "Object_ID": "S2025-020",
        "Original_Name": "SK Taman Tampoi Utama",
        "Standardized_Name": "SK Taman Tampoi Utama",
        "Object_Type": "CRITICAL FACILITY",
        "Event_Count": 1,
        "Point_GIS_Ready": true,
        "Plot_Status": "PLOT",
        "Point_Source": null,
        "Geometry_Status": "FACILITY_POINT/POLYGON_OPEN",
        "Polygon_ID": null,
        "Key_Gap": "Facility impact is verified; exact building/flood polygon is not frozen.",
        "Next_Action": "Resolve exact facility/building footprint only from defensible geometry.",
        "Override_Status": "PLOT",
        "Confidence": "HIGH",
        "Evidence": "School directory provides official address and GPS coordinate.",
        "Source_URL_1": "https://www.apac.com.my/jba1123-sk-taman-tampoi-utama.html",
        "Source_URL_2": null,
        "Unresolved_Reason": null,
        "Matched_Fixed45_ID": null,
        "Master_Location_ID": "JBLOC-0182"
      }
    },
    {
      "type": "Feature",
      "geometry": {
        "type": "Point",
        "coordinates": [
          103.75802,
          1.53597
        ]
      },
      "properties": {
        "Year": 2025,
        "Object_ID": "S2025-021",
        "Original_Name": "KD Kangkar Tebrau",
        "Standardized_Name": "Klinik Desa Kangkar Tebrau",
        "Object_Type": "CRITICAL FACILITY",
        "Event_Count": 1,
        "Point_GIS_Ready": true,
        "Plot_Status": "PLOT",
        "Point_Source": null,
        "Geometry_Status": "FACILITY_POINT/POLYGON_OPEN",
        "Polygon_ID": null,
        "Key_Gap": "Facility impact is verified; exact building/flood polygon is not frozen.",
        "Next_Action": "Resolve exact facility/building footprint only from defensible geometry.",
        "Override_Status": "PLOT",
        "Confidence": "HIGH",
        "Evidence": "MOH confirms the clinic identity/address; OSM-derived mapping supplies the clinic coordinate.",
        "Source_URL_1": "https://jknjohor.moh.gov.my/pkdjb/index.php/elementor-497/",
        "Source_URL_2": "https://mapcarta.com/W1036323046",
        "Unresolved_Reason": null,
        "Matched_Fixed45_ID": null,
        "Master_Location_ID": "JBLOC-0156"
      }
    },
    {
      "type": "Feature",
      "geometry": {
        "type": "Point",
        "coordinates": [
          103.82057,
          1.5225
        ]
      },
      "properties": {
        "Year": 2025,
        "Object_ID": "S2025-023",
        "Original_Name": "KD Plentong",
        "Standardized_Name": "Klinik Desa Plentong",
        "Object_Type": "CRITICAL FACILITY",
        "Event_Count": 1,
        "Point_GIS_Ready": true,
        "Plot_Status": "PLOT",
        "Point_Source": null,
        "Geometry_Status": "FACILITY_POINT/POLYGON_OPEN",
        "Polygon_ID": null,
        "Key_Gap": "Facility impact is verified; exact building/flood polygon is not frozen.",
        "Next_Action": "Resolve exact facility/building footprint only from defensible geometry.",
        "Override_Status": "PLOT",
        "Confidence": "MEDIUM_HIGH",
        "Evidence": "MOH verifies Klinik Desa Plentong at Jln Bunga Matahari; independent mapping supplies a GPS point.",
        "Source_URL_1": "https://jknjohor.moh.gov.my/pkdjb/index.php/elementor-497/",
        "Source_URL_2": "https://malaysia.worldplaces.me/city/masai/view-place/1887743-klinik-kesihatan-desa-plentong.html",
        "Unresolved_Reason": null,
        "Matched_Fixed45_ID": null,
        "Master_Location_ID": "JBLOC-0157"
      }
    },
    {
      "type": "Feature",
      "geometry": {
        "type": "Point",
        "coordinates": [
          103.7220526,
          1.4823854
        ]
      },
      "properties": {
        "Year": 2025,
        "Object_ID": "S2025-034",
        "Original_Name": "Jalan Kolam Ayer",
        "Standardized_Name": "Jalan Kolam Ayer",
        "Object_Type": "ROAD/ROAD SEGMENT",
        "Event_Count": 1,
        "Point_GIS_Ready": true,
        "Plot_Status": "PLOT",
        "Point_Source": "Frozen HF02 reference point",
        "Geometry_Status": "POINT_REFERENCE; ROAD_SEGMENT_OPEN",
        "Polygon_ID": null,
        "Key_Gap": "Road is event-valid; exact flooded start/end segment is not defensibly frozen.",
        "Next_Action": "Recover exact flooded segment or route-chainage geometry before road GIS closure.",
        "Override_Status": null,
        "Confidence": null,
        "Evidence": null,
        "Source_URL_1": null,
        "Source_URL_2": null,
        "Unresolved_Reason": null,
        "Matched_Fixed45_ID": null,
        "Master_Location_ID": "JBLOC-0037"
      }
    },
    {
      "type": "Feature",
      "geometry": {
        "type": "Point",
        "coordinates": [
          103.7395647,
          1.4765564
        ]
      },
      "properties": {
        "Year": 2025,
        "Object_ID": "S2025-035",
        "Original_Name": "Taman Nong Chik",
        "Standardized_Name": "Taman Nong Chik",
        "Object_Type": "AREA/RESIDENTIAL",
        "Event_Count": 1,
        "Point_GIS_Ready": true,
        "Plot_Status": "PLOT",
        "Point_Source": "Frozen HF35 reference point",
        "Geometry_Status": "POINT_READY; POLYGON_OPEN",
        "Polygon_ID": null,
        "Key_Gap": "Representative point is defensible; exact closed event/community geometry is not frozen.",
        "Next_Action": "Seek exact named closed community/residential boundary.",
        "Override_Status": null,
        "Confidence": null,
        "Evidence": null,
        "Source_URL_1": null,
        "Source_URL_2": null,
        "Unresolved_Reason": null,
        "Matched_Fixed45_ID": null,
        "Master_Location_ID": "JBLOC-0198"
      }
    },
    {
      "type": "Feature",
      "geometry": {
        "type": "Point",
        "coordinates": [
          103.7385575,
          1.4609922
        ]
      },
      "properties": {
        "Year": 2025,
        "Object_ID": "S2025-036",
        "Original_Name": "Jalan Sungai Chat",
        "Standardized_Name": "Jalan Sungai Chat",
        "Object_Type": "ROAD/ROAD SEGMENT",
        "Event_Count": 1,
        "Point_GIS_Ready": true,
        "Plot_Status": "PLOT",
        "Point_Source": "Frozen HF04 reference point",
        "Geometry_Status": "POINT_REFERENCE; ROAD_SEGMENT_OPEN",
        "Polygon_ID": null,
        "Key_Gap": "Road is event-valid; exact flooded start/end segment is not defensibly frozen.",
        "Next_Action": "Recover exact flooded segment or route-chainage geometry before road GIS closure.",
        "Override_Status": null,
        "Confidence": null,
        "Evidence": null,
        "Source_URL_1": null,
        "Source_URL_2": null,
        "Unresolved_Reason": null,
        "Matched_Fixed45_ID": null,
        "Master_Location_ID": "JBLOC-0064"
      }
    },
    {
      "type": "Feature",
      "geometry": {
        "type": "Point",
        "coordinates": [
          103.7359187,
          1.4794199
        ]
      },
      "properties": {
        "Year": 2025,
        "Object_ID": "S2025-037",
        "Original_Name": "Tasik Merdeka",
        "Standardized_Name": "Taman Tasik / Taman Merdeka",
        "Object_Type": "AREA/RESIDENTIAL",
        "Event_Count": 1,
        "Point_GIS_Ready": true,
        "Plot_Status": "PLOT",
        "Point_Source": null,
        "Geometry_Status": "POINT_OPEN; POLYGON_OPEN",
        "Polygon_ID": null,
        "Key_Gap": "Event identity is valid but no strict traceable point/boundary is frozen.",
        "Next_Action": "Resolve official geospatial point/boundary; do not fabricate geometry.",
        "Override_Status": "PLOT",
        "Confidence": "MEDIUM_HIGH",
        "Evidence": "MBJB confirms Taman Tasik Merdeka; geocoded Taman Merdeka location supplies a representative coordinate.",
        "Source_URL_1": "https://www.mbjb.gov.my/sites/default/files/2022-05/tempat-tempat-menarik-johor-bahru.pdf",
        "Source_URL_2": "https://sg.near-place.com/taman-merdeka-jalan-datin-halimah-johor-bahru",
        "Unresolved_Reason": null,
        "Matched_Fixed45_ID": null,
        "Master_Location_ID": "JBLOC-0210"
      }
    },
    {
      "type": "Feature",
      "geometry": {
        "type": "Point",
        "coordinates": [
          103.7354126,
          1.4673637
        ]
      },
      "properties": {
        "Year": 2025,
        "Object_ID": "S2025-038",
        "Original_Name": "Kampung Mohd Amin / Jalan Md Amin context",
        "Standardized_Name": "Kampung Mohd Amin / Jalan Md Amin context",
        "Object_Type": "COMMUNITY/AREA",
        "Event_Count": 2,
        "Point_GIS_Ready": true,
        "Plot_Status": "PLOT",
        "Point_Source": "Frozen canonical Kampung Mohd Amin reference",
        "Geometry_Status": "POINT_READY; POLYGON_OPEN",
        "Polygon_ID": null,
        "Key_Gap": "Representative point is defensible; exact closed event/community geometry is not frozen.",
        "Next_Action": "Seek exact named closed community/residential boundary.",
        "Override_Status": null,
        "Confidence": null,
        "Evidence": null,
        "Source_URL_1": null,
        "Source_URL_2": null,
        "Unresolved_Reason": null,
        "Matched_Fixed45_ID": null,
        "Master_Location_ID": "JBLOC-0101"
      }
    },
    {
      "type": "Feature",
      "geometry": {
        "type": "Point",
        "coordinates": [
          103.7656178,
          1.4576093
        ]
      },
      "properties": {
        "Year": 2025,
        "Object_ID": "S2025-039",
        "Original_Name": "Jalan Wong Ah Fook",
        "Standardized_Name": "Jalan Wong Ah Fook",
        "Object_Type": "ROAD/ROAD SEGMENT",
        "Event_Count": 1,
        "Point_GIS_Ready": true,
        "Plot_Status": "PLOT",
        "Point_Source": "Frozen HF32 reference point",
        "Geometry_Status": "POINT_REFERENCE; ROAD_SEGMENT_OPEN",
        "Polygon_ID": null,
        "Key_Gap": "Road is event-valid; exact flooded start/end segment is not defensibly frozen.",
        "Next_Action": "Recover exact flooded segment or route-chainage geometry before road GIS closure.",
        "Override_Status": null,
        "Confidence": null,
        "Evidence": null,
        "Source_URL_1": null,
        "Source_URL_2": null,
        "Unresolved_Reason": null,
        "Matched_Fixed45_ID": null,
        "Master_Location_ID": "JBLOC-0071"
      }
    },
    {
      "type": "Feature",
      "geometry": {
        "type": "Point",
        "coordinates": [
          103.7527329,
          1.4803791
        ]
      },
      "properties": {
        "Year": 2025,
        "Object_ID": "S2025-040",
        "Original_Name": "Jalan Tun Abdul Razak",
        "Standardized_Name": "Jalan Tun Abdul Razak",
        "Object_Type": "ROAD/ROAD SEGMENT",
        "Event_Count": 1,
        "Point_GIS_Ready": true,
        "Plot_Status": "PLOT",
        "Point_Source": "Frozen HF06 reference point",
        "Geometry_Status": "POINT_REFERENCE; ROAD_SEGMENT_OPEN",
        "Polygon_ID": null,
        "Key_Gap": "Road is event-valid; exact flooded start/end segment is not defensibly frozen.",
        "Next_Action": "Recover exact flooded segment or route-chainage geometry before road GIS closure.",
        "Override_Status": null,
        "Confidence": null,
        "Evidence": null,
        "Source_URL_1": null,
        "Source_URL_2": null,
        "Unresolved_Reason": null,
        "Matched_Fixed45_ID": null,
        "Master_Location_ID": "JBLOC-0070"
      }
    },
    {
      "type": "Feature",
      "geometry": {
        "type": "Point",
        "coordinates": [
          103.7738869,
          1.478838
        ]
      },
      "properties": {
        "Year": 2025,
        "Object_ID": "S2025-041",
        "Original_Name": "Taman Pelangi",
        "Standardized_Name": "Taman Pelangi",
        "Object_Type": "AREA/RESIDENTIAL",
        "Event_Count": 1,
        "Point_GIS_Ready": true,
        "Plot_Status": "PLOT",
        "Point_Source": null,
        "Geometry_Status": "POINT_OPEN; POLYGON_OPEN",
        "Polygon_ID": null,
        "Key_Gap": "Established news explicitly names Taman Pelangi; exact inundated subarea/boundary not frozen.",
        "Next_Action": "Resolve neighbourhood boundary/affected road geometry.",
        "Override_Status": "PLOT",
        "Confidence": "HIGH",
        "Evidence": "Postcode mapping provides a reproducible Taman Pelangi locality coordinate.",
        "Source_URL_1": "https://postcode.my/johor-johor-bahru-taman-pelangi-80400.html",
        "Source_URL_2": null,
        "Unresolved_Reason": null,
        "Matched_Fixed45_ID": null,
        "Master_Location_ID": "JBLOC-0202"
      }
    },
    {
      "type": "Feature",
      "geometry": {
        "type": "Point",
        "coordinates": [
          103.7220526,
          1.4823854
        ]
      },
      "properties": {
        "Year": 2026,
        "Object_ID": "S2026-001",
        "Original_Name": "Jalan Kolam Ayer / Nong Chik context",
        "Standardized_Name": "Jalan Kolam Ayer / Nong Chik context",
        "Object_Type": "ROAD/ROAD CONTEXT",
        "Event_Count": 1,
        "Point_GIS_Ready": true,
        "Plot_Status": "PLOT",
        "Point_Source": "Frozen HF02 Jalan Kolam Ayer reference; Nong Chik context retained in label",
        "Geometry_Status": "POINT_REFERENCE; ROAD_SEGMENT_OPEN",
        "Polygon_ID": null,
        "Key_Gap": "Road/context is event-valid; exact flooded start/end segment is not frozen.",
        "Next_Action": "Recover event-specific road segment geometry; do not buffer whole road.",
        "Override_Status": null,
        "Confidence": null,
        "Evidence": null,
        "Source_URL_1": null,
        "Source_URL_2": null,
        "Unresolved_Reason": null,
        "Matched_Fixed45_ID": null,
        "Master_Location_ID": "JBLOC-0038"
      }
    },
    {
      "type": "Feature",
      "geometry": {
        "type": "Point",
        "coordinates": [
          103.7587117,
          1.4594963
        ]
      },
      "properties": {
        "Year": 2026,
        "Object_ID": "S2026-002",
        "Original_Name": "Jalan Ayer Molek",
        "Standardized_Name": "Jalan Ayer Molek",
        "Object_Type": "ROAD/ROAD CONTEXT",
        "Event_Count": 1,
        "Point_GIS_Ready": true,
        "Plot_Status": "PLOT",
        "Point_Source": "Frozen HF01 reference point",
        "Geometry_Status": "POINT_REFERENCE; ROAD_SEGMENT_OPEN",
        "Polygon_ID": null,
        "Key_Gap": "Road/context is event-valid; exact flooded start/end segment is not frozen.",
        "Next_Action": "Recover event-specific road segment geometry; do not buffer whole road.",
        "Override_Status": null,
        "Confidence": null,
        "Evidence": null,
        "Source_URL_1": null,
        "Source_URL_2": null,
        "Unresolved_Reason": null,
        "Matched_Fixed45_ID": null,
        "Master_Location_ID": "JBLOC-0021"
      }
    },
    {
      "type": "Feature",
      "geometry": {
        "type": "Point",
        "coordinates": [
          103.7553464,
          1.4633725
        ]
      },
      "properties": {
        "Year": 2026,
        "Object_ID": "S2026-003",
        "Original_Name": "Jalan Yahya Awal",
        "Standardized_Name": "Jalan Yahya Awal",
        "Object_Type": "ROAD/ROAD CONTEXT",
        "Event_Count": 1,
        "Point_GIS_Ready": true,
        "Plot_Status": "PLOT",
        "Point_Source": "Frozen HF07 reference point",
        "Geometry_Status": "POINT_REFERENCE; ROAD_SEGMENT_OPEN",
        "Polygon_ID": null,
        "Key_Gap": "Road/context is event-valid; exact flooded start/end segment is not frozen.",
        "Next_Action": "Recover event-specific road segment geometry; do not buffer whole road.",
        "Override_Status": null,
        "Confidence": null,
        "Evidence": null,
        "Source_URL_1": null,
        "Source_URL_2": null,
        "Unresolved_Reason": null,
        "Matched_Fixed45_ID": null,
        "Master_Location_ID": "JBLOC-0073"
      }
    },
    {
      "type": "Feature",
      "geometry": {
        "type": "Point",
        "coordinates": [
          103.7656178,
          1.4576093
        ]
      },
      "properties": {
        "Year": 2026,
        "Object_ID": "S2026-005",
        "Original_Name": "Jalan Wong Ah Fook",
        "Standardized_Name": "Jalan Wong Ah Fook",
        "Object_Type": "ROAD/ROAD CONTEXT",
        "Event_Count": 1,
        "Point_GIS_Ready": true,
        "Plot_Status": "PLOT",
        "Point_Source": "Frozen HF32 reference point",
        "Geometry_Status": "POINT_REFERENCE; ROAD_SEGMENT_OPEN",
        "Polygon_ID": null,
        "Key_Gap": "Road/context is event-valid; exact flooded start/end segment is not frozen.",
        "Next_Action": "Recover event-specific road segment geometry; do not buffer whole road.",
        "Override_Status": null,
        "Confidence": null,
        "Evidence": null,
        "Source_URL_1": null,
        "Source_URL_2": null,
        "Unresolved_Reason": null,
        "Matched_Fixed45_ID": null,
        "Master_Location_ID": "JBLOC-0071"
      }
    },
    {
      "type": "Feature",
      "geometry": {
        "type": "Point",
        "coordinates": [
          103.6969651,
          1.4955303
        ]
      },
      "properties": {
        "Year": 2026,
        "Object_ID": "S2026-006",
        "Original_Name": "Kampung Pasir",
        "Standardized_Name": "Kampung Pasir",
        "Object_Type": "COMMUNITY/AREA",
        "Event_Count": 1,
        "Point_GIS_Ready": true,
        "Plot_Status": "PLOT",
        "Point_Source": "Frozen HF14 reference point",
        "Geometry_Status": "POINT_READY; POLYGON_OPEN",
        "Polygon_ID": null,
        "Key_Gap": "Representative point is defensible; exact event/community polygon is not frozen.",
        "Next_Action": "Seek exact named closed boundary; do not treat representative point as inundation extent.",
        "Override_Status": null,
        "Confidence": null,
        "Evidence": null,
        "Source_URL_1": null,
        "Source_URL_2": null,
        "Unresolved_Reason": null,
        "Matched_Fixed45_ID": null,
        "Master_Location_ID": "JBLOC-0104"
      }
    },
    {
      "type": "Feature",
      "geometry": {
        "type": "Point",
        "coordinates": [
          103.676291505005,
          1.47868675
        ]
      },
      "properties": {
        "Year": 2026,
        "Object_ID": "S2026-007",
        "Original_Name": "Kampung Tuah Jaya",
        "Standardized_Name": "Kampung Tuah Jaya",
        "Object_Type": "COMMUNITY/AREA",
        "Event_Count": 1,
        "Point_GIS_Ready": true,
        "Plot_Status": "PLOT",
        "Point_Source": "Frozen 2017/policy exact OSM point",
        "Geometry_Status": "REUSED_CLOSED",
        "Polygon_ID": "PG2017-TUAH-JAYA",
        "Key_Gap": "Exact named community analysis polygon already frozen; not an observed inundation footprint.",
        "Next_Action": "Reuse only as parent-community analysis context.",
        "Override_Status": null,
        "Confidence": null,
        "Evidence": null,
        "Source_URL_1": null,
        "Source_URL_2": null,
        "Unresolved_Reason": null,
        "Matched_Fixed45_ID": null,
        "Master_Location_ID": "JBLOC-0145"
      }
    },
    {
      "type": "Feature",
      "geometry": {
        "type": "Point",
        "coordinates": [
          103.6827079,
          1.481217
        ]
      },
      "properties": {
        "Year": 2026,
        "Object_ID": "S2026-008",
        "Original_Name": "Taman Perling",
        "Standardized_Name": "Taman Perling",
        "Object_Type": "AREA/RESIDENTIAL",
        "Event_Count": 1,
        "Point_GIS_Ready": true,
        "Plot_Status": "PLOT",
        "Point_Source": null,
        "Geometry_Status": "POINT_OPEN; POLYGON_OPEN",
        "Polygon_ID": null,
        "Key_Gap": "Event identity is valid but no strict traceable WGS84 point/boundary is frozen in this pass.",
        "Next_Action": "Resolve official/open-geodata point or named boundary before GIS closure.",
        "Override_Status": "PLOT",
        "Confidence": "HIGH",
        "Evidence": "Postcode mapping provides a reproducible Taman Perling locality coordinate.",
        "Source_URL_1": "https://postcode.my/johor-johor-bahru-taman-perling-81200.html",
        "Source_URL_2": null,
        "Unresolved_Reason": null,
        "Matched_Fixed45_ID": null,
        "Master_Location_ID": "JBLOC-0203"
      }
    },
    {
      "type": "Feature",
      "geometry": {
        "type": "Point",
        "coordinates": [
          103.6919335,
          1.5017487
        ]
      },
      "properties": {
        "Year": 2026,
        "Object_ID": "S2026-009",
        "Original_Name": "Kampung Seri Serdang",
        "Standardized_Name": "Kampung Seri Serdang",
        "Object_Type": "COMMUNITY/AREA",
        "Event_Count": 1,
        "Point_GIS_Ready": true,
        "Plot_Status": "PLOT",
        "Point_Source": "Frozen HF15 Kampung Sri Serdang reference",
        "Geometry_Status": "POINT_READY; POLYGON_OPEN",
        "Polygon_ID": null,
        "Key_Gap": "Representative point is defensible; exact event/community polygon is not frozen.",
        "Next_Action": "Seek exact named closed boundary; do not treat representative point as inundation extent.",
        "Override_Status": null,
        "Confidence": null,
        "Evidence": null,
        "Source_URL_1": null,
        "Source_URL_2": null,
        "Unresolved_Reason": null,
        "Matched_Fixed45_ID": null,
        "Master_Location_ID": "JBLOC-0129"
      }
    },
    {
      "type": "Feature",
      "geometry": {
        "type": "Point",
        "coordinates": [
          103.76977282,
          1.50468654
        ]
      },
      "properties": {
        "Year": 2026,
        "Object_ID": "S2026-010",
        "Original_Name": "Kampung Hajah Hasnah",
        "Standardized_Name": "Kg. Dato Hajah Hasnah",
        "Object_Type": "COMMUNITY/AREA",
        "Event_Count": 1,
        "Point_GIS_Ready": true,
        "Plot_Status": "PLOT",
        "Point_Source": null,
        "Geometry_Status": "IDENTITY_VALID; LINK_PENDING; POINT/POLYGON_OPEN",
        "Polygon_ID": null,
        "Key_Gap": "2026 source names Kampung Hajah Hasnah; do not silently merge with 2023 Kampung Dato Hajah Hasnah Majidee.",
        "Next_Action": "Resolve locality identity/link independently.",
        "Override_Status": "PLOT",
        "Confidence": "MEDIUM_HIGH",
        "Evidence": "Johor official gazetteer lists Kg. Dato Hajah Hasnah; the 2026 source label is treated as a shortened variant.",
        "Source_URL_1": "https://mygeoname.mygeoportal.gov.my/exportpdffasa3.jsp?kodnegeri=01",
        "Source_URL_2": null,
        "Unresolved_Reason": null,
        "Matched_Fixed45_ID": null,
        "Master_Location_ID": "JBLOC-0085"
      }
    },
    {
      "type": "Feature",
      "geometry": {
        "type": "Point",
        "coordinates": [
          103.7385575,
          1.4609922
        ]
      },
      "properties": {
        "Year": 2026,
        "Object_ID": "S2026-011",
        "Original_Name": "Jalan Sungai Chat",
        "Standardized_Name": "Jalan Sungai Chat",
        "Object_Type": "ROAD/ROAD CONTEXT",
        "Event_Count": 1,
        "Point_GIS_Ready": true,
        "Plot_Status": "PLOT",
        "Point_Source": "Frozen HF04 reference point",
        "Geometry_Status": "POINT_REFERENCE; ROAD_SEGMENT_OPEN",
        "Polygon_ID": null,
        "Key_Gap": "Road/context is event-valid; exact flooded start/end segment is not frozen.",
        "Next_Action": "Recover event-specific road segment geometry; do not buffer whole road.",
        "Override_Status": null,
        "Confidence": null,
        "Evidence": null,
        "Source_URL_1": null,
        "Source_URL_2": null,
        "Unresolved_Reason": null,
        "Matched_Fixed45_ID": null,
        "Master_Location_ID": "JBLOC-0064"
      }
    },
    {
      "type": "Feature",
      "geometry": {
        "type": "Point",
        "coordinates": [
          103.75878,
          1.46036
        ]
      },
      "properties": {
        "Year": 2026,
        "Object_ID": "S2026-012",
        "Original_Name": "Wisma Persekutuan Johor Bahru",
        "Standardized_Name": "Wisma Persekutuan Johor Bahru",
        "Object_Type": "FACILITY/POI",
        "Event_Count": 1,
        "Point_GIS_Ready": true,
        "Plot_Status": "PLOT",
        "Point_Source": null,
        "Geometry_Status": "FACILITY/AREA_EVENT_VALID; POINT/POLYGON_OPEN",
        "Polygon_ID": null,
        "Key_Gap": "Flooding/vehicle inundation documented around the federal building area; exact affected car-park footprint not frozen.",
        "Next_Action": "Resolve facility/parking-area geometry if analytically required.",
        "Override_Status": "PLOT",
        "Confidence": "HIGH",
        "Evidence": "Multiple mapping records identify Wisma Persekutuan on Jalan Air Molek with consistent coordinates.",
        "Source_URL_1": "https://postcode.my/johor-johor-bahru-wisma-persekutuan-80000.html",
        "Source_URL_2": "https://malaysia.worldplaces.me/government-organizations-in-johor-bahru/2445898-bangunan-wisma-persekutuan-johor-bahru.html",
        "Unresolved_Reason": null,
        "Matched_Fixed45_ID": null,
        "Master_Location_ID": "JBLOC-0211"
      }
    },
    {
      "type": "Feature",
      "geometry": {
        "type": "Point",
        "coordinates": [
          103.68912,
          1.49933
        ]
      },
      "properties": {
        "Year": 2026,
        "Object_ID": "S2026-013",
        "Original_Name": "Kampung Sri Jaya",
        "Standardized_Name": "Kampung Sri Jaya",
        "Object_Type": "COMMUNITY/AREA",
        "Event_Count": 1,
        "Point_GIS_Ready": true,
        "Plot_Status": "PLOT",
        "Point_Source": null,
        "Geometry_Status": "OFFICIAL_EVENT_VALID; POINT/POLYGON_OPEN",
        "Polygon_ID": null,
        "Key_Gap": "JPS officially names Kampung Sri Jaya as affected; do not merge with Kampung Seri Jaya Baru without identity evidence.",
        "Next_Action": "Resolve exact locality point/boundary.",
        "Override_Status": "PLOT",
        "Confidence": "HIGH",
        "Evidence": "OSM-derived mapping identifies Kampung Sri Jaya in Johor Bahru near Sri Serdang/Teluk Serdang.",
        "Source_URL_1": "https://mapcarta.com/N2398963133",
        "Source_URL_2": null,
        "Unresolved_Reason": null,
        "Matched_Fixed45_ID": null,
        "Master_Location_ID": "JBLOC-0133"
      }
    },
    {
      "type": "Feature",
      "geometry": {
        "type": "Point",
        "coordinates": [
          103.7354126,
          1.4673637
        ]
      },
      "properties": {
        "Year": 2026,
        "Object_ID": "S2026-015",
        "Original_Name": "Kampung Mohd Amin",
        "Standardized_Name": "Kampung Mohd Amin",
        "Object_Type": "COMMUNITY/AREA",
        "Event_Count": 1,
        "Point_GIS_Ready": true,
        "Plot_Status": "PLOT",
        "Point_Source": "Frozen HF08 reference point",
        "Geometry_Status": "POINT_READY; POLYGON_OPEN",
        "Polygon_ID": null,
        "Key_Gap": "Representative point is defensible; exact event/community polygon is not frozen.",
        "Next_Action": "Seek exact named closed boundary; do not treat representative point as inundation extent.",
        "Override_Status": null,
        "Confidence": null,
        "Evidence": null,
        "Source_URL_1": null,
        "Source_URL_2": null,
        "Unresolved_Reason": null,
        "Matched_Fixed45_ID": null,
        "Master_Location_ID": "JBLOC-0100"
      }
    },
    {
      "type": "Feature",
      "geometry": {
        "type": "Point",
        "coordinates": [
          103.76168,
          1.48698
        ]
      },
      "properties": {
        "Year": 2026,
        "Object_ID": "S2026-016",
        "Original_Name": "Holiday Villa Hotel area",
        "Standardized_Name": "Holiday Villa Johor Bahru City Centre",
        "Object_Type": "FACILITY/POI",
        "Event_Count": 1,
        "Point_GIS_Ready": true,
        "Plot_Status": "PLOT",
        "Point_Source": null,
        "Geometry_Status": "POINT_OPEN; POLYGON_OPEN",
        "Polygon_ID": null,
        "Key_Gap": "Event identity is valid but no strict traceable WGS84 point/boundary is frozen in this pass.",
        "Next_Action": "Resolve official/open-geodata point or named boundary before GIS closure.",
        "Override_Status": "PLOT",
        "Confidence": "HIGH",
        "Evidence": "OSM-derived mapping identifies Holiday Villa Johor Bahru City Centre and its hotel location.",
        "Source_URL_1": "https://mapcarta.com/N11676732124",
        "Source_URL_2": null,
        "Unresolved_Reason": null,
        "Matched_Fixed45_ID": null,
        "Master_Location_ID": "JBLOC-0015"
      }
    },
    {
      "type": "Feature",
      "geometry": {
        "type": "Point",
        "coordinates": [
          103.76228,
          1.48537
        ]
      },
      "properties": {
        "Year": 2026,
        "Object_ID": "S2026-017",
        "Original_Name": "KSL City Mall area",
        "Standardized_Name": "KSL City Mall",
        "Object_Type": "FACILITY/POI",
        "Event_Count": 1,
        "Point_GIS_Ready": true,
        "Plot_Status": "PLOT",
        "Point_Source": null,
        "Geometry_Status": "POINT_OPEN; POLYGON_OPEN",
        "Polygon_ID": null,
        "Key_Gap": "Event identity is valid but no strict traceable WGS84 point/boundary is frozen in this pass.",
        "Next_Action": "Resolve official/open-geodata point or named boundary before GIS closure.",
        "Override_Status": "PLOT",
        "Confidence": "HIGH",
        "Evidence": "OSM-derived mapping identifies KSL City and its building centroid.",
        "Source_URL_1": "https://mapcarta.com/W158986216",
        "Source_URL_2": null,
        "Unresolved_Reason": null,
        "Matched_Fixed45_ID": null,
        "Master_Location_ID": "JBLOC-0158"
      }
    },
    {
      "type": "Feature",
      "geometry": {
        "type": "Point",
        "coordinates": [
          103.76237,
          1.4831
        ]
      },
      "properties": {
        "Year": 2026,
        "Object_ID": "S2026-018",
        "Original_Name": "Century Garden (Taman Abad identity pending)",
        "Standardized_Name": "Century Garden / Taman Century",
        "Object_Type": "AREA/RESIDENTIAL",
        "Event_Count": 1,
        "Point_GIS_Ready": true,
        "Plot_Status": "PLOT",
        "Point_Source": null,
        "Geometry_Status": "IDENTITY_ALIAS_CANDIDATE; POINT/POLYGON_OPEN",
        "Polygon_ID": null,
        "Key_Gap": "Century Garden is commonly associated with Taman Abad, but the database does not force that alias without a traceable spatial source.",
        "Next_Action": "Resolve canonical alias and neighbourhood boundary.",
        "Override_Status": "PLOT",
        "Confidence": "MEDIUM_HIGH",
        "Evidence": "OSM/GeoNames-derived mapping identifies Century Garden as a Johor Bahru neighborhood. It is kept distinct from Taman Abad.",
        "Source_URL_1": "https://mapcarta.com/27585024",
        "Source_URL_2": null,
        "Unresolved_Reason": null,
        "Matched_Fixed45_ID": null,
        "Master_Location_ID": "JBLOC-0006"
      }
    },
    {
      "type": "Feature",
      "geometry": {
        "type": "Point",
        "coordinates": [
          103.71846,
          1.48118
        ]
      },
      "properties": {
        "Year": 2026,
        "Object_ID": "S2026-019",
        "Original_Name": "Danga Bay",
        "Standardized_Name": "Danga Bay",
        "Object_Type": "AREA/RESIDENTIAL",
        "Event_Count": 1,
        "Point_GIS_Ready": true,
        "Plot_Status": "PLOT",
        "Point_Source": null,
        "Geometry_Status": "POINT_OPEN; POLYGON_OPEN",
        "Polygon_ID": null,
        "Key_Gap": "Event identity is valid but no strict traceable WGS84 point/boundary is frozen in this pass.",
        "Next_Action": "Resolve official/open-geodata point or named boundary before GIS closure.",
        "Override_Status": "PLOT",
        "Confidence": "HIGH",
        "Evidence": "OSM-derived mapping identifies Danga Bay as a Johor Bahru suburb/locality.",
        "Source_URL_1": "https://mapcarta.com/N8158268537",
        "Source_URL_2": null,
        "Unresolved_Reason": null,
        "Matched_Fixed45_ID": null,
        "Master_Location_ID": "JBLOC-0007"
      }
    },
    {
      "type": "Feature",
      "geometry": {
        "type": "Point",
        "coordinates": [
          103.75707329,
          1.5191611
        ]
      },
      "properties": {
        "Year": 2026,
        "Object_ID": "S2026-020",
        "Original_Name": "Kampung Ubi Baru",
        "Standardized_Name": "Kampung Ubi Baru",
        "Object_Type": "COMMUNITY/AREA",
        "Event_Count": 1,
        "Point_GIS_Ready": true,
        "Plot_Status": "PLOT",
        "Point_Source": "Official MyGeoName / R016 reference",
        "Geometry_Status": "POINT_READY; POLYGON_OPEN",
        "Polygon_ID": null,
        "Key_Gap": "Representative point is defensible; exact event/community polygon is not frozen.",
        "Next_Action": "Seek exact named closed boundary; do not treat representative point as inundation extent.",
        "Override_Status": null,
        "Confidence": null,
        "Evidence": null,
        "Source_URL_1": null,
        "Source_URL_2": null,
        "Unresolved_Reason": null,
        "Matched_Fixed45_ID": null,
        "Master_Location_ID": "JBLOC-0147"
      }
    },
    {
      "type": "Feature",
      "geometry": {
        "type": "Point",
        "coordinates": [
          103.736444,
          1.473837
        ]
      },
      "properties": {
        "Year": 2026,
        "Object_ID": "S2026-021",
        "Original_Name": "Taman Kolam Air",
        "Standardized_Name": "Taman Kolam Air",
        "Object_Type": "AREA/RESIDENTIAL",
        "Event_Count": 1,
        "Point_GIS_Ready": true,
        "Plot_Status": "PLOT",
        "Point_Source": null,
        "Geometry_Status": "POINT_OPEN; POLYGON_OPEN",
        "Polygon_ID": null,
        "Key_Gap": "Event identity is valid but no strict traceable WGS84 point/boundary is frozen in this pass.",
        "Next_Action": "Resolve official/open-geodata point or named boundary before GIS closure.",
        "Override_Status": "PLOT",
        "Confidence": "HIGH",
        "Evidence": "Postcode mapping provides a reproducible Taman Kolam Air coordinate.",
        "Source_URL_1": "https://postcode.my/johor-johor-bahru-taman-kolam-air-80100.html",
        "Source_URL_2": null,
        "Unresolved_Reason": null,
        "Matched_Fixed45_ID": null,
        "Master_Location_ID": "JBLOC-0195"
      }
    },
    {
      "type": "Feature",
      "geometry": {
        "type": "Point",
        "coordinates": [
          103.73922,
          1.46358
        ]
      },
      "properties": {
        "Year": 2026,
        "Object_ID": "S2026-022",
        "Original_Name": "Maktab Sultan Abu Bakar",
        "Standardized_Name": "Maktab Sultan Abu Bakar / English College",
        "Object_Type": "FACILITY/POI",
        "Event_Count": 1,
        "Point_GIS_Ready": true,
        "Plot_Status": "PLOT",
        "Point_Source": null,
        "Geometry_Status": "FACILITY_EVENT_VALID; POINT/POLYGON_OPEN",
        "Polygon_ID": null,
        "Key_Gap": "Same-day photo evidence confirms facility flooding; exact building/compound geometry not frozen here.",
        "Next_Action": "Resolve official school footprint if facility polygon is required.",
        "Override_Status": "PLOT",
        "Confidence": "HIGH",
        "Evidence": "OSM-derived mapping and school directories identify Maktab Sultan Abu Bakar on Jalan Sungai Chat with consistent coordinates.",
        "Source_URL_1": "https://mapcarta.com/W577339581",
        "Source_URL_2": "https://www.apac.com.my/jeb1001-maktab-sultan-abu-bakar.html",
        "Unresolved_Reason": null,
        "Matched_Fixed45_ID": null,
        "Master_Location_ID": "JBLOC-0167"
      }
    },
    {
      "type": "Feature",
      "geometry": {
        "type": "Point",
        "coordinates": [
          103.75113,
          1.46787
        ]
      },
      "properties": {
        "Year": 2026,
        "Object_ID": "S2026-023",
        "Original_Name": "Sekolah Agama Bandar, Jalan Yahya Awal",
        "Standardized_Name": "Sekolah Agama Bandar Johor Bahru",
        "Object_Type": "FACILITY/POI",
        "Event_Count": 1,
        "Point_GIS_Ready": true,
        "Plot_Status": "PLOT",
        "Point_Source": null,
        "Geometry_Status": "FACILITY_EVENT_VALID; POINT/POLYGON_OPEN",
        "Polygon_ID": null,
        "Key_Gap": "Facility impact is documented, but exact official building footprint is not frozen.",
        "Next_Action": "Resolve exact facility point/building boundary.",
        "Override_Status": "PLOT",
        "Confidence": "HIGH",
        "Evidence": "JAKIM registry confirms the school at Jalan Yahya Awal; OSM-derived mapping supplies the school coordinate.",
        "Source_URL_1": "https://simpeni.islam.gov.my/pages/semakan_sekolah_view.php?sek_id=6640",
        "Source_URL_2": "https://mapcarta.com/W1252396556",
        "Unresolved_Reason": null,
        "Matched_Fixed45_ID": null,
        "Master_Location_ID": "JBLOC-0177"
      }
    }
  ]
}