{
"type": "FeatureCollection",
"name": "JB_Flood_Evidence_Support_Zones_2016_2026",
"crs": { "type": "name", "properties": { "name": "urn:ogc:def:crs:OGC:1.3:CRS84" } },
"features": [
{ "type": "Feature", "properties": { "Final_Location_ID": "FLOC-0003", "Standardized_Location": "Batu 20, Jalan Sungai Tiram", "Frequency_Band": "1-3", "Zone_Source": "500M_EVIDENCE_SUPPORT_BUFFER" }, "geometry": { "type": "Polygon", "coordinates": [ [ [ 103.916410010082956, 1.584620811001758 ], [ 103.916345453296685, 1.584181771861497 ], [ 103.916238445559074, 1.583751214663166 ], [ 103.916090017439146, 1.583333285902388 ], [ 103.915901598403977, 1.58293201045349 ], [ 103.915675003051248, 1.58255125280806 ], [ 103.915412413633049, 1.582194679858134 ], [ 103.915116359038777, 1.581865725582547 ], [ 103.914789690440458, 1.581567557976314 ], [ 103.914435553834068, 1.581303048541688 ], [ 103.914057359741946, 1.581074744634541 ], [ 103.913658750367858, 1.580884844932562 ], [ 103.91324356452111, 1.580735178261268 ], [ 103.912815800647238, 1.580627185981918 ], [ 103.912379578321719, 1.580561908110776 ], [ 103.911939098577079, 1.580539973303576 ], [ 103.911498603445679, 1.580561592801381 ], [ 103.911062335107772, 1.580626558396385 ], [ 103.910634495038025, 1.580734244437114 ], [ 103.910219203544088, 1.580883613853562 ], [ 103.909820460086848, 1.581073228144672 ], [ 103.909442104764281, 1.581301261231506 ], [ 103.909087781329944, 1.581565517043017 ], [ 103.90876090210223, 1.581863450664935 ], [ 103.908464615102318, 1.582192192848146 ], [ 103.908201773737105, 1.582548577640613 ], [ 103.907974909319293, 1.58292917287659 ], [ 103.907786206689295, 1.583330313229748 ], [ 103.907637483173545, 1.58374813551171 ], [ 103.907530171081945, 1.584178615876199 ], [ 103.907465303913099, 1.584617608570404 ], [ 103.907443506400384, 1.585060885860631 ], [ 103.907464988494226, 1.585504178747343 ], [ 103.907529543339123, 1.585943218077896 ], [ 103.907636549264637, 1.586373775660831 ], [ 103.907784975771392, 1.586791704985704 ], [ 103.907973393454299, 1.587192981156523 ], [ 103.908199987767617, 1.587573739653939 ], [ 103.908462576499304, 1.587930313553183 ], [ 103.908758630786224, 1.588259268838962 ], [ 103.909085299468217, 1.588557437477399 ], [ 103.90943943654608, 1.588821947926611 ], [ 103.90981763147937, 1.589050252791729 ], [ 103.910216242031964, 1.589240153358214 ], [ 103.910631429349323, 1.589389820767346 ], [ 103.911059194929351, 1.589497813629545 ], [ 103.911495419131015, 1.589563091906103 ], [ 103.911935900849684, 1.589585026925757 ], [ 103.912376397977141, 1.58956340743921 ], [ 103.912812668256436, 1.589498441653874 ], [ 103.91324051013828, 1.589390755228563 ], [ 103.913655803245391, 1.589241385248005 ], [ 103.914054548054892, 1.589051770234989 ], [ 103.914432904416842, 1.588823736296156 ], [ 103.914787228537733, 1.588559479535325 ], [ 103.915114108072785, 1.588261544903229 ], [ 103.915410394989038, 1.587932801687795 ], [ 103.915673235882778, 1.58757641588076 ], [ 103.915900099459407, 1.587195819686831 ], [ 103.91608880091087, 1.586794678469147 ], [ 103.91623752295601, 1.586376855449325 ], [ 103.916344833341498, 1.585946374502019 ], [ 103.916409698634183, 1.585507381402376 ], [ 103.916431494172855, 1.585064103899717 ], [ 103.916410010082956, 1.584620811001758 ] ] ] } },
{ "type": "Feature", "properties": { "Final_Location_ID": "FLOC-0004", "Standardized_Location": "Century Garden / Taman Century", "Frequency_Band": "1-3", "Zone_Source": "500M_EVIDENCE_SUPPORT_BUFFER" }, "geometry": { "type": "Polygon", "coordinates": [ [ [ 103.766842279094604, 1.482658632505573 ], [ 103.766777756793843, 1.482219593263716 ], [ 103.766670785422505, 1.481789032879878 ], [ 103.766522395200653, 1.481371097882084 ], [ 103.766334015232118, 1.480969813206053 ], [ 103.766107459740354, 1.480589043433068 ], [ 103.765844910595817, 1.480232455572226 ], [ 103.765548896302576, 1.479903483745748 ], [ 103.76522226764699, 1.479605296116862 ], [ 103.764868170242906, 1.479340764379385 ], [ 103.764490014237481, 1.479112436102286 ], [ 103.764091441469859, 1.478922510195815 ], [ 103.763676290398692, 1.47877281573546 ], [ 103.763248559136116, 1.478664794347475 ], [ 103.762812366944615, 1.478599486325735 ], [ 103.762371914567169, 1.478577520613622 ], [ 103.761931443772681, 1.478599108747203 ], [ 103.761495196506658, 1.478664042818298 ], [ 103.761067374039996, 1.478771697476888 ], [ 103.760652096509517, 1.478921035953431 ], [ 103.760253363239968, 1.479110620043556 ], [ 103.759875014229166, 1.479338623958326 ], [ 103.759520693167573, 1.479602851907365 ], [ 103.759193812348343, 1.479900759244976 ], [ 103.758897519805402, 1.480229476975966 ], [ 103.758634668996535, 1.480585839385038 ], [ 103.758407791323052, 1.480966414523751 ], [ 103.75821907175083, 1.481367537261412 ], [ 103.758070327767584, 1.481785344581715 ], [ 103.757962991878784, 1.482215812785049 ], [ 103.757898097811207, 1.482654796238509 ], [ 103.757876270556608, 1.483098067300056 ], [ 103.757897720351707, 1.483541357032818 ], [ 103.757962240652418, 1.483980396316951 ], [ 103.75806921012186, 1.484410956963518 ], [ 103.758217598613015, 1.484828892434381 ], [ 103.758405977088614, 1.485230177775644 ], [ 103.758632531382531, 1.485610948380489 ], [ 103.758895079670367, 1.485967537207808 ], [ 103.759191093480993, 1.486296510098266 ], [ 103.759517722046553, 1.486594698847742 ], [ 103.759871819756711, 1.486859231719357 ], [ 103.760249976452499, 1.487087561100558 ], [ 103.760648550268243, 1.48727748803864 ], [ 103.761063702705073, 1.487427183418512 ], [ 103.761491435598316, 1.48753520557856 ], [ 103.761927629622804, 1.487600514195218 ], [ 103.762368083965185, 1.487622480302288 ], [ 103.76280855678101, 1.487600892348526 ], [ 103.763244806047084, 1.487535958235127 ], [ 103.763672630415655, 1.487428303313841 ], [ 103.764087909676803, 1.487278964364213 ], [ 103.764486644439302, 1.487089379608852 ], [ 103.764864994647965, 1.486861374862238 ], [ 103.765219316566245, 1.486597145946706 ], [ 103.765546197868105, 1.486299237545105 ], [ 103.765842490501058, 1.485970518693528 ], [ 103.766105341003865, 1.485614155150331 ], [ 103.766332217986985, 1.485233578907519 ], [ 103.766520936511057, 1.484832455138241 ], [ 103.766669679128668, 1.484414646898417 ], [ 103.7667770133868, 1.483984177923027 ], [ 103.766841905621348, 1.483545193874632 ], [ 103.766863730911027, 1.483101922418122 ], [ 103.766842279094604, 1.482658632505573 ] ] ] } },
{ "type": "Feature", "properties": { "Final_Location_ID": "FLOC-0005", "Standardized_Location": "Danga Bay", "Frequency_Band": "1-3", "Zone_Source": "500M_EVIDENCE_SUPPORT_BUFFER" }, "geometry": { "type": "Polygon", "coordinates": [ [ [ 103.722932269504639, 1.480738733897546 ], [ 103.722867757154148, 1.480299694719703 ], [ 103.722760795727851, 1.479869133425514 ], [ 103.722612415350682, 1.479451196552119 ], [ 103.722424045032156, 1.479049909053434 ], [ 103.722197498903441, 1.478669135537933 ], [ 103.72193495874545, 1.478312543050744 ], [ 103.721638952976235, 1.477983565758373 ], [ 103.721312332300684, 1.47768537187642 ], [ 103.720958242256188, 1.477420833158484 ], [ 103.720580092919462, 1.477192497240255 ], [ 103.720181526065701, 1.477002563105044 ], [ 103.719766380096772, 1.476852859906945 ], [ 103.719338653075738, 1.476744829355771 ], [ 103.718902464224158, 1.476679511832972 ], [ 103.718462014252637, 1.476657536372853 ], [ 103.718021544906648, 1.476679114604839 ], [ 103.717585298117356, 1.476744038715608 ], [ 103.717157475150572, 1.476851683450696 ], [ 103.716742196147408, 1.477001012135849 ], [ 103.716343460446183, 1.47719058666081 ], [ 103.715965108067493, 1.477418581328766 ], [ 103.715610782733705, 1.477682800438436 ], [ 103.715283896778459, 1.477980699429473 ], [ 103.714987598284651, 1.478309409387353 ], [ 103.714724740766854, 1.478665764672063 ], [ 103.714497855690652, 1.47904633340429 ], [ 103.714309128092893, 1.479447450515591 ], [ 103.714160375538427, 1.479865253044443 ], [ 103.714053030615219, 1.480295717338006 ], [ 103.7139881271371, 1.480734697801656 ], [ 103.713966290186647, 1.481177966822761 ], [ 103.71398773009426, 1.481621255484598 ], [ 103.714052240411462, 1.482060294678154 ], [ 103.714159199897978, 1.482490856215738 ], [ 103.714307578503522, 1.482908793550909 ], [ 103.714495947286579, 1.483310081711974 ], [ 103.714722492174985, 1.483690856064985 ], [ 103.714985031435546, 1.484047449532651 ], [ 103.715281036684644, 1.484376427910792 ], [ 103.715607657237442, 1.484674622942102 ], [ 103.715961747561195, 1.484939162828753 ], [ 103.716339897568517, 1.48516749989018 ], [ 103.716738465458391, 1.485357435099155 ], [ 103.717153612789161, 1.485507139260287 ], [ 103.717581341445438, 1.485615170626794 ], [ 103.718017532142795, 1.485680488785836 ], [ 103.718457984099715, 1.485702464678693 ], [ 103.718898455494397, 1.485680886659319 ], [ 103.719334704317006, 1.485615962532828 ], [ 103.71976252922353, 1.485508317554346 ], [ 103.720177809998347, 1.485358988407426 ], [ 103.720576547235055, 1.485169413220092 ], [ 103.720954900854011, 1.484941417714632 ], [ 103.721309227085243, 1.484677197624463 ], [ 103.721636113560592, 1.484379297547662 ], [ 103.721932412177182, 1.484050586440435 ], [ 103.722195269415693, 1.483694229986999 ], [ 103.722422153821327, 1.483313660111583 ], [ 103.722610880382959, 1.482912541926534 ], [ 103.722759631575585, 1.482494738434641 ], [ 103.722866974863564, 1.482064273325754 ], [ 103.722931876495906, 1.481625292225855 ], [ 103.72295371146096, 1.481182022772012 ], [ 103.722932269504639, 1.480738733897546 ] ] ] } },
{ "type": "Feature", "properties": { "Final_Location_ID": "FLOC-0006", "Standardized_Location": "Dataran Bandaraya Johor Bahru", "Frequency_Band": "1-3", "Zone_Source": "500M_EVIDENCE_SUPPORT_BUFFER" }, "geometry": { "type": "Polygon", "coordinates": [ [ [ 103.746435588999816, 1.459297472150066 ], [ 103.746371071282809, 1.458858433509879 ], [ 103.746264104983922, 1.458427873341813 ], [ 103.746115720274531, 1.458009938172233 ], [ 103.745927346205519, 1.457608652938712 ], [ 103.745700796943851, 1.457227882228082 ], [ 103.745438254300282, 1.456871293058587 ], [ 103.74514224671664, 1.456542319565008 ], [ 103.744815624915134, 1.456244129926622 ], [ 103.744461534443957, 1.455979595856405 ], [ 103.744083385383973, 1.455751264945533 ], [ 103.743684819507877, 1.45556133612936 ], [ 103.743269675208282, 1.455411638510997 ], [ 103.74284195053248, 1.45530361374673 ], [ 103.742405764679816, 1.455238302162505 ], [ 103.741965318332362, 1.455216332735578 ], [ 103.741524853201142, 1.455237917037354 ], [ 103.741088611177162, 1.455302847196151 ], [ 103.740660793480757, 1.455410497899219 ], [ 103.740245520202762, 1.45555983241485 ], [ 103.7398467906267, 1.455749412576505 ], [ 103.739468444714547, 1.455977412632951 ], [ 103.739114126126665, 1.456241636830853 ], [ 103.738787247131953, 1.456539540560603 ], [ 103.738490955746343, 1.456868254861883 ], [ 103.73822810541607, 1.457224614052545 ], [ 103.73800122753741, 1.457605186215402 ], [ 103.737812507077791, 1.458006306248733 ], [ 103.737663761533057, 1.458424111162595 ], [ 103.737556423423442, 1.458854577281002 ], [ 103.737491526496768, 1.459293558991526 ], [ 103.737469695772162, 1.459736828669395 ], [ 103.737491141519627, 1.460180117391475 ], [ 103.737555657233997, 1.460619156048035 ], [ 103.737662621622576, 1.461049716456624 ], [ 103.737811004587456, 1.461467652081667 ], [ 103.73799937714476, 1.461868937968044 ], [ 103.738225925185603, 1.462249709503875 ], [ 103.738488466946166, 1.46260629963917 ], [ 103.738784474018544, 1.462935274202034 ], [ 103.739111095700196, 1.463233464972122 ], [ 103.739465186447532, 1.463498000192955 ], [ 103.739843336169031, 1.463726332229121 ], [ 103.740241903066632, 1.463916262102059 ], [ 103.740657048708457, 1.464065960668012 ], [ 103.741084774995585, 1.464173986234312 ], [ 103.741520962666812, 1.464239298444157 ], [ 103.741961410970148, 1.464261268296277 ], [ 103.742401878119395, 1.464239684202896 ], [ 103.742838122146026, 1.464174754027725 ], [ 103.743265941752711, 1.464067103084112 ], [ 103.743681216775244, 1.463917768113054 ], [ 103.744079947863014, 1.463728187298518 ], [ 103.744458294995979, 1.463500186416892 ], [ 103.744812614466852, 1.463235961253199 ], [ 103.745139493972857, 1.462938056454133 ], [ 103.745435785478307, 1.462609341021157 ], [ 103.745698635532435, 1.462252980679889 ], [ 103.745925512749565, 1.461872407391732 ], [ 103.746114232187679, 1.461471286301648 ], [ 103.746262976390184, 1.461053480440188 ], [ 103.746370312888473, 1.460623013519745 ], [ 103.746435207996583, 1.460184031183593 ], [ 103.746457036765307, 1.459740761080531 ], [ 103.746435588999816, 1.459297472150066 ] ] ] } },
{ "type": "Feature", "properties": { "Final_Location_ID": "FLOC-0007", "Standardized_Location": "FELDA / Kampung Cahaya Baru", "Frequency_Band": "1-3", "Zone_Source": "500M_EVIDENCE_SUPPORT_BUFFER" }, "geometry": { "type": "Polygon", "coordinates": [ [ [ 103.93527238113775, 1.527238261236826 ], [ 103.93520782132309, 1.526799222886114 ], [ 103.935100811825251, 1.526368666948979 ], [ 103.934952383229628, 1.525950739909331 ], [ 103.934763965007448, 1.525549466625299 ], [ 103.934537371748263, 1.525168711568003 ], [ 103.934274785683826, 1.524812141604975 ], [ 103.933978735671303, 1.524483190686603 ], [ 103.933652072838768, 1.524185026775894 ], [ 103.933297943127002, 1.523920521339762 ], [ 103.932919756992433, 1.523692221695788 ], [ 103.932521156562828, 1.523502326480743 ], [ 103.932105980562014, 1.523352664476959 ], [ 103.931678227341536, 1.523244677000733 ], [ 103.931242016375066, 1.523179404021967 ], [ 103.930801548586615, 1.523157474149115 ], [ 103.930361065894189, 1.52317909857548 ], [ 103.929924810359026, 1.523244069045507 ], [ 103.929496983333166, 1.523351759860369 ], [ 103.929081704999234, 1.52350113390379 ], [ 103.928682974691824, 1.523690752629709 ], [ 103.928304632382577, 1.523918789916127 ], [ 103.927950321699839, 1.524183049651124 ], [ 103.927623454839193, 1.524480986882306 ], [ 103.92732717970253, 1.524809732325512 ], [ 103.927064349582153, 1.525166119997017 ], [ 103.926837495681994, 1.525546717703144 ], [ 103.926648802740559, 1.525947860093688 ], [ 103.926500087990249, 1.526365683960557 ], [ 103.926392783655757, 1.526796165442248 ], [ 103.92632792316023, 1.527235158775288 ], [ 103.926306131171842, 1.527678436219998 ], [ 103.926327617587035, 1.528121728775621 ], [ 103.926392175507928, 1.528560767292969 ], [ 103.926499183233759, 1.528991323588768 ], [ 103.926647610247244, 1.529409251165335 ], [ 103.926836027137995, 1.529810525143893 ], [ 103.927062619367589, 1.530191281026642 ], [ 103.927325204743852, 1.530547851914336 ], [ 103.927621254436048, 1.530876803821057 ], [ 103.927947917328439, 1.531174968745787 ], [ 103.928302047477928, 1.531439475182674 ], [ 103.92868023441126, 1.531667775775644 ], [ 103.929078835970003, 1.5318576718515 ], [ 103.929494013386886, 1.532007334594791 ], [ 103.929921768255994, 1.532115322660834 ], [ 103.93035798104026, 1.532180596057024 ], [ 103.930798450745854, 1.532202526158911 ], [ 103.93123893538106, 1.532180901764364 ], [ 103.931675192810019, 1.532115931127708 ], [ 103.932103021607887, 1.532008239954168 ], [ 103.932518301523913, 1.531858865373834 ], [ 103.932917033162752, 1.531669245953384 ], [ 103.933295376501619, 1.531441207841517 ], [ 103.933649687872531, 1.531176947181836 ], [ 103.933976555053491, 1.530879008962306 ], [ 103.934272830130283, 1.530550262505077 ], [ 103.934535659812965, 1.530193873832832 ], [ 103.934762512914347, 1.529813275177674 ], [ 103.934951204726659, 1.529412131926351 ], [ 103.935099918060885, 1.528994307319952 ], [ 103.935207220746761, 1.528563825248466 ], [ 103.935272079424479, 1.528124831497979 ], [ 103.935293869495737, 1.52768155382426 ], [ 103.93527238113775, 1.527238261236826 ] ] ] } },
{ "type": "Feature", "properties": { "Final_Location_ID": "FLOC-0013", "Standardized_Location": "Holiday Villa Johor Bahru City Centre", "Frequency_Band": "1-3", "Zone_Source": "500M_EVIDENCE_SUPPORT_BUFFER" }, "geometry": { "type": "Polygon", "coordinates": [ [ [ 103.766152287873084, 1.486538635265846 ], [ 103.76608776572175, 1.486099595929966 ], [ 103.765980794414077, 1.48566903542637 ], [ 103.765832404169544, 1.485251100284236 ], [ 103.765644024092225, 1.484849815440646 ], [ 103.765417468406639, 1.484469045478459 ], [ 103.765154918985075, 1.484112457408579 ], [ 103.764858904334275, 1.483783485355171 ], [ 103.764532275244051, 1.483485297483706 ], [ 103.764178177332369, 1.48322076549027 ], [ 103.763800020751262, 1.482992436946316 ], [ 103.763401447345373, 1.482802510764657 ], [ 103.762986295579424, 1.482652816023441 ], [ 103.762558563572213, 1.482544794351619 ], [ 103.76212237059336, 1.482479486045853 ], [ 103.761681917393318, 1.482457520052221 ], [ 103.761241445748894, 1.482479107909553 ], [ 103.760805197613735, 1.482544041712384 ], [ 103.760377374267065, 1.482651696113263 ], [ 103.759962095854164, 1.482801034345184 ], [ 103.759563361708217, 1.482990618206129 ], [ 103.759185011835498, 1.483218621909444 ], [ 103.758830689934783, 1.483482849666791 ], [ 103.758503808307267, 1.483780756834349 ], [ 103.758207514994709, 1.48410947441853 ], [ 103.757944663462354, 1.484465836705544 ], [ 103.757717785118473, 1.484846411748051 ], [ 103.757529064935483, 1.485247534416362 ], [ 103.757380320407023, 1.485665341694754 ], [ 103.757272984043851, 1.486095809884093 ], [ 103.757208089577375, 1.486534793351529 ], [ 103.757186262003245, 1.486978064454924 ], [ 103.757207711561307, 1.487421354256903 ], [ 103.757272231709834, 1.487860393637008 ], [ 103.757379201113395, 1.488290954405316 ], [ 103.757527589625681, 1.488708890022508 ], [ 103.75771596820924, 1.489110175533197 ], [ 103.757942522696879, 1.489490946328963 ], [ 103.758205071262395, 1.489847535366789 ], [ 103.758501085431917, 1.490176508485351 ], [ 103.758827714434162, 1.490474697478256 ], [ 103.759181812654518, 1.490739230606288 ], [ 103.759559969929114, 1.490967560254434 ], [ 103.759958544386606, 1.491157487467414 ], [ 103.760373697521914, 1.491307183127462 ], [ 103.760801431163571, 1.491415205570306 ], [ 103.761237625979206, 1.491480514469668 ], [ 103.761678081147735, 1.491502480856644 ], [ 103.762118554816695, 1.491480893177286 ], [ 103.762554804954661, 1.491415959330222 ], [ 103.762982630205443, 1.491308304664656 ], [ 103.763397910350577, 1.491158965957674 ], [ 103.763796645990311, 1.4909693814296 ], [ 103.764174997060962, 1.490741376892747 ], [ 103.76452931981774, 1.490477148167427 ], [ 103.76485620192652, 1.490179239934721 ], [ 103.765152495327058, 1.48985052122909 ], [ 103.765415346550753, 1.489494157807503 ], [ 103.765642224201159, 1.489113581660795 ], [ 103.765830943332517, 1.488712457961166 ], [ 103.765979686491633, 1.488294649763932 ], [ 103.766087021220343, 1.487864180803581 ], [ 103.766151913850038, 1.487425196742562 ], [ 103.766173739455695, 1.486981925245815 ], [ 103.766152287873084, 1.486538635265846 ] ] ] } },
{ "type": "Feature", "properties": { "Final_Location_ID": "FLOC-0015", "Standardized_Location": "Hutan Bandar MBJB", "Frequency_Band": "1-3", "Zone_Source": "500M_EVIDENCE_SUPPORT_BUFFER" }, "geometry": { "type": "Polygon", "coordinates": [ [ [ 103.747182269547025, 1.479414676980747 ], [ 103.747117751684073, 1.478975637808907 ], [ 103.747010784798832, 1.478545077067331 ], [ 103.746862399068419, 1.478127141287696 ], [ 103.746674023553624, 1.477725855413347 ], [ 103.746447472435321, 1.477345084037079 ], [ 103.746184927542103, 1.476988494183478 ], [ 103.745888917337354, 1.476659519993822 ], [ 103.745562292568366, 1.476361329654001 ], [ 103.745208198811753, 1.476096794883735 ], [ 103.744830046179729, 1.475868463280993 ], [ 103.744431476479178, 1.47567853378778 ], [ 103.744016328139253, 1.475528835513862 ], [ 103.743588599245882, 1.475420810121932 ], [ 103.743152409038728, 1.475355497944098 ], [ 103.742711958241571, 1.47533352796353 ], [ 103.742271488608054, 1.47535511175709 ], [ 103.741835242072312, 1.475420041458209 ], [ 103.74140741989801, 1.475527691758707 ], [ 103.740992142218985, 1.475677025930932 ], [ 103.740593408361079, 1.475866605811801 ], [ 103.740215058327507, 1.476094605652975 ], [ 103.739860735818397, 1.476358829703253 ], [ 103.739533853140443, 1.476656733354585 ], [ 103.739237558345295, 1.476985447647418 ], [ 103.738974704912167, 1.47734180689975 ], [ 103.738747824267463, 1.477722379193758 ], [ 103.738559101405514, 1.478123499426407 ], [ 103.738410353845552, 1.478541304605779 ], [ 103.73830301412751, 1.478971771053215 ], [ 103.738238116014998, 1.479410753152945 ], [ 103.73821628453878, 1.479854023276333 ], [ 103.738237729976348, 1.480297312495755 ], [ 103.738302245825736, 1.480736351696547 ], [ 103.738409210793094, 1.481166912690788 ], [ 103.738557594775045, 1.481584848937096 ], [ 103.738745968777963, 1.481986135474257 ], [ 103.738972518679063, 1.482366907683919 ], [ 103.739235062696565, 1.482723498509509 ], [ 103.739531072400709, 1.483052473772394 ], [ 103.739857697063471, 1.483350665245428 ], [ 103.740211791112301, 1.483615201165364 ], [ 103.740589944423732, 1.483843533890036 ], [ 103.740988515164815, 1.484033464434318 ], [ 103.741403664866382, 1.484183163648081 ], [ 103.741831395390193, 1.484291189832496 ], [ 103.742267587433915, 1.484356502624956 ], [ 103.742708040203183, 1.484378473018766 ], [ 103.743148511868597, 1.484356889421103 ], [ 103.743584760417903, 1.484291959691044 ], [ 103.744012584510074, 1.48418430913787 ], [ 103.744427863937588, 1.484034974498961 ], [ 103.744826599307373, 1.483845393955293 ], [ 103.745204950558119, 1.483617393280729 ], [ 103.745559273942973, 1.483353168258466 ], [ 103.745886157121504, 1.4830552635339 ], [ 103.746182452022879, 1.48272654810783 ], [ 103.746445305163789, 1.482370187705848 ], [ 103.746672185129086, 1.481989614289918 ], [ 103.746860906950516, 1.481588493006194 ], [ 103.747009653148822, 1.481170686886964 ], [ 103.747116991236439, 1.480740219647077 ], [ 103.747181887512397, 1.48030123693266 ], [ 103.747203717016475, 1.47985796639607 ], [ 103.747182269547025, 1.479414676980747 ] ] ] } },
{ "type": "Feature", "properties": { "Final_Location_ID": "FLOC-0019", "Standardized_Location": "Jalan Ayer Molek", "Frequency_Band": "1-3", "Zone_Source": "500M_EVIDENCE_SUPPORT_BUFFER" }, "geometry": { "type": "Polygon", "coordinates": [ [ [ 103.763183925111647, 1.459054933594125 ], [ 103.763119403640118, 1.45861589493855 ], [ 103.76301243360831, 1.458185335125552 ], [ 103.762864045223367, 1.457767400677929 ], [ 103.76267566757133, 1.457366116526311 ], [ 103.762449114853425, 1.456985347247025 ], [ 103.762186568913464, 1.456628759844636 ], [ 103.76189055822482, 1.456299788436965 ], [ 103.761563933539364, 1.456001601183307 ], [ 103.76120984043294, 1.455737069773834 ], [ 103.760831689011653, 1.45550874177432 ], [ 103.76043312107079, 1.455318816092241 ], [ 103.760017975022848, 1.455169121800801 ], [ 103.759590248931929, 1.455061100524449 ], [ 103.759154062011049, 1.454995792555807 ], [ 103.758713614952654, 1.45497382683747 ], [ 103.758273149474718, 1.454995414905394 ], [ 103.75783690747177, 1.455060348851767 ], [ 103.757409090164131, 1.455168003327491 ], [ 103.756993817639099, 1.455317341564639 ], [ 103.75659508917316, 1.455506925360872 ], [ 103.756216744717875, 1.455734928929976 ], [ 103.755862427919766, 1.455999156484757 ], [ 103.755535551030718, 1.45629706338321 ], [ 103.755239262046601, 1.456625780634305 ], [ 103.754976414390697, 1.456982142527411 ], [ 103.754749539433618, 1.457362717119081 ], [ 103.754560822114797, 1.457763839283973 ], [ 103.754412079899879, 1.458181646011436 ], [ 103.754304745277025, 1.45861211360777 ], [ 103.754239851960463, 1.459051096446081 ], [ 103.754218024934431, 1.459494366890493 ], [ 103.754239474433206, 1.459937656010281 ], [ 103.754303993915343, 1.46037669469178 ], [ 103.754410962051665, 1.460807254752106 ], [ 103.754559348707943, 1.46122518965895 ], [ 103.754747724864529, 1.461626474464069 ], [ 103.754974276377666, 1.462007244565954 ], [ 103.755236821449841, 1.46236383292849 ], [ 103.755532831641034, 1.462692805396944 ], [ 103.755859456218474, 1.462990993771241 ], [ 103.756213549610507, 1.463255526318147 ], [ 103.756591701700032, 1.463483855428174 ], [ 103.756990270666051, 1.463673782151169 ], [ 103.75740541805672, 1.463823477373946 ], [ 103.757833145756294, 1.463931499436254 ], [ 103.758269334489995, 1.463996808015265 ], [ 103.758709783495647, 1.464018774144913 ], [ 103.759150250980483, 1.46399718627347 ], [ 103.759586494972837, 1.463932252301186 ], [ 103.760014314175919, 1.463824597578118 ], [ 103.760429588429645, 1.463675258881749 ], [ 103.760828318391034, 1.463485674432028 ], [ 103.761206664051088, 1.463257670040304 ], [ 103.761560981716983, 1.462993441525378 ], [ 103.761887859103496, 1.462695533566175 ], [ 103.762184148195601, 1.462366815194418 ], [ 103.762446995565895, 1.462010452163897 ], [ 103.762673869854751, 1.461629876461718 ], [ 103.762862586148401, 1.461228753255876 ], [ 103.763011327020578, 1.460810945597075 ], [ 103.763118660034777, 1.460380477214788 ], [ 103.763183551538532, 1.459941493766115 ], [ 103.763205376617307, 1.459498222910395 ], [ 103.763183925111647, 1.459054933594125 ] ] ] } },
{ "type": "Feature", "properties": { "Final_Location_ID": "FLOC-0020", "Standardized_Location": "Jalan Bilal Mahmood", "Frequency_Band": "1-3", "Zone_Source": "500M_EVIDENCE_SUPPORT_BUFFER" }, "geometry": { "type": "Polygon", "coordinates": [ [ [ 103.750519036676806, 1.464838664562843 ], [ 103.750454518050162, 1.464399625768351 ], [ 103.750347550724342, 1.463969065520194 ], [ 103.750199164880627, 1.463551130345355 ], [ 103.750010789580784, 1.463149845181493 ], [ 103.749784239003574, 1.462769074614677 ], [ 103.749521694972358, 1.462412485661753 ], [ 103.749225685942235, 1.462083512455433 ], [ 103.748899062649272, 1.461785323172221 ], [ 103.748544970655914, 1.461520789521668 ], [ 103.748166820057619, 1.461292459091028 ], [ 103.747768252641762, 1.461102530811025 ], [ 103.747353106815709, 1.460952833779727 ], [ 103.7469253806414, 1.460844809647816 ], [ 103.746489193332494, 1.460779498735299 ], [ 103.746048745585085, 1.460757530012988 ], [ 103.745608279123616, 1.460779115045629 ], [ 103.745172035851894, 1.460844045954603 ], [ 103.744744217002278, 1.460951697419988 ], [ 103.744328942676702, 1.461101032702828 ], [ 103.743930212168834, 1.461290613629249 ], [ 103.743551865449703, 1.461518614440686 ], [ 103.74319754618746, 1.461782839376566 ], [ 103.742870666657595, 1.462080743820199 ], [ 103.742574374881286, 1.462409458804325 ], [ 103.742311524308647, 1.46276581864024 ], [ 103.742084646338327, 1.463146391404474 ], [ 103.741895925938806, 1.463547511989445 ], [ 103.741747180605387, 1.463965317399848 ], [ 103.741639842856358, 1.464395783954806 ], [ 103.74157494643616, 1.464834766037612 ], [ 103.741553116359043, 1.46527803601979 ], [ 103.741574562888857, 1.465721324975185 ], [ 103.741639079512893, 1.466160363791768 ], [ 103.741746044929727, 1.466590924285411 ], [ 103.74189442903149, 1.467008859919698 ], [ 103.742082802823319, 1.467410145739314 ], [ 103.742309352184435, 1.467790917133 ], [ 103.742571895338202, 1.468147507052153 ], [ 103.742867903863214, 1.468476481326882 ], [ 103.743194527042874, 1.468774671739664 ], [ 103.743548619319029, 1.469039206537514 ], [ 103.743926770585404, 1.469267538089108 ], [ 103.744325339028904, 1.469457467420612 ], [ 103.744740486202673, 1.469607165393584 ], [ 103.74516821399304, 1.469715190321131 ], [ 103.745604403124162, 1.469780501852706 ], [ 103.746044852829982, 1.469802470993668 ], [ 103.746485321310757, 1.469780886163191 ], [ 103.746921566585101, 1.469715955232132 ], [ 103.747349387343689, 1.469608303521257 ], [ 103.747764663411218, 1.469458967778973 ], [ 103.748163395427071, 1.469269386196775 ], [ 103.74854174336231, 1.469041384558456 ], [ 103.748896063502002, 1.46877715865638 ], [ 103.749222943536978, 1.468479253144317 ], [ 103.74951923542659, 1.468150537030628 ], [ 103.749782085716433, 1.467794176047422 ], [ 103.750008963018686, 1.467413602162251 ], [ 103.750197682390578, 1.467012480525756 ], [ 103.75034642637624, 1.466594674173672 ], [ 103.750453762509252, 1.466164206823066 ], [ 103.750518657107222, 1.465725224121233 ], [ 103.750540485225926, 1.465281953720402 ], [ 103.750519036676806, 1.464838664562843 ] ] ] } },
{ "type": "Feature", "properties": { "Final_Location_ID": "FLOC-0022", "Standardized_Location": "Jalan Datin Halimah / Taman Merdeka vicinity", "Frequency_Band": "1-3", "Zone_Source": "500M_EVIDENCE_SUPPORT_BUFFER" }, "geometry": { "type": "Polygon", "coordinates": [ [ [ 103.74039096772654, 1.478978592608652 ], [ 103.740326451401643, 1.478539553452278 ], [ 103.74021948605693, 1.478108992575953 ], [ 103.740071101854724, 1.477691056512677 ], [ 103.73988272784122, 1.477289770208557 ], [ 103.739656178182884, 1.476908998260539 ], [ 103.73939363469438, 1.4765524076987 ], [ 103.739097625825679, 1.476223432671112 ], [ 103.738771002311225, 1.475925241371691 ], [ 103.738416909715639, 1.475660705529333 ], [ 103.738038758140064, 1.475432372752231 ], [ 103.73764018938121, 1.475242441993667 ], [ 103.73722504185919, 1.475092742375425 ], [ 103.73679731365209, 1.474984715573083 ], [ 103.73636112399295, 1.474919401932289 ], [ 103.735920673600248, 1.474897430450101 ], [ 103.735480204223677, 1.474919012717849 ], [ 103.735043957794829, 1.47498394088353 ], [ 103.734616135576303, 1.475091589653718 ], [ 103.73420085770222, 1.475240922315443 ], [ 103.733802123500254, 1.475430500720158 ], [ 103.733423772976849, 1.475658499133695 ], [ 103.733069449836691, 1.475922721818653 ], [ 103.732742566392574, 1.476220624180159 ], [ 103.732446270703321, 1.476549337271116 ], [ 103.73218341625676, 1.476905695421144 ], [ 103.731956534488944, 1.477286266723126 ], [ 103.731767810404989, 1.477687386083706 ], [ 103.731619061535909, 1.478105190519416 ], [ 103.73151172043417, 1.478535656358855 ], [ 103.731446820876783, 1.478974637992249 ], [ 103.731424987908397, 1.479417907795476 ], [ 103.731446431820942, 1.479861196844128 ], [ 103.731510946127187, 1.48030023602525 ], [ 103.731617909548234, 1.480730797151187 ], [ 103.731766291995669, 1.481148733679323 ], [ 103.731954664490729, 1.481550020645737 ], [ 103.732181212925269, 1.481930793427955 ], [ 103.732443755531705, 1.4822873849639 ], [ 103.732739763893974, 1.482616361068059 ], [ 103.733066387297029, 1.482914553505137 ], [ 103.73342048018057, 1.483179090502514 ], [ 103.733798632432382, 1.483407424407619 ], [ 103.73419720222978, 1.483597356223828 ], [ 103.734612351112702, 1.483747056788652 ], [ 103.735040080950824, 1.483855084390228 ], [ 103.735476272448352, 1.483920398652143 ], [ 103.735916724816249, 1.483942370553476 ], [ 103.736357196228852, 1.483920788486786 ], [ 103.736793444676323, 1.48385586029636 ], [ 103.73722126881853, 1.483748211276567 ], [ 103.737636548447398, 1.483598878149975 ], [ 103.738035284167808, 1.48340929908298 ], [ 103.738413635914981, 1.48318129983522 ], [ 103.738767959937192, 1.482917076176145 ], [ 103.739094843887798, 1.482619172738092 ], [ 103.739391139688422, 1.482290458509486 ], [ 103.739653993847043, 1.48193409920443 ], [ 103.739880874938621, 1.481553526774445 ], [ 103.740069597984018, 1.481152406356232 ], [ 103.740218345492181, 1.480734600973916 ], [ 103.740325684962912, 1.480304134335255 ], [ 103.740390582681897, 1.479865152080737 ], [ 103.740412413675102, 1.479421881858362 ], [ 103.74039096772654, 1.478978592608652 ] ] ] } },
{ "type": "Feature", "properties": { "Final_Location_ID": "FLOC-0023", "Standardized_Location": "Jalan Dato Sulaiman", "Frequency_Band": "1-3", "Zone_Source": "500M_EVIDENCE_SUPPORT_BUFFER" }, "geometry": { "type": "Polygon", "coordinates": [ [ [ 103.761523673150037, 1.48028984406197 ], [ 103.761459152049241, 1.479850804871741 ], [ 103.761352181923229, 1.479420244428058 ], [ 103.761203792980126, 1.479002309259663 ], [ 103.761015414311487, 1.478601024303962 ], [ 103.760788860128358, 1.478220254144855 ], [ 103.760526312288647, 1.477863665795252 ], [ 103.760230299283933, 1.477534693382027 ], [ 103.759903671888253, 1.477236505074027 ], [ 103.759549575703375, 1.476971972571584 ], [ 103.759171420864845, 1.476743643450944 ], [ 103.758772849200597, 1.476553716630419 ], [ 103.758357699158694, 1.476404021194248 ], [ 103.757929968841395, 1.476295998777953 ], [ 103.757493777502148, 1.47623068968526 ], [ 103.757053325875646, 1.476208722869726 ], [ 103.756612855723631, 1.476230309878011 ], [ 103.756176608985356, 1.476295242812695 ], [ 103.755748786926588, 1.476402896334584 ], [ 103.755333509680227, 1.476552233685096 ], [ 103.754934776568135, 1.476741816670616 ], [ 103.754556427586593, 1.47696981951289 ], [ 103.754202106425694, 1.477234046431808 ], [ 103.75387522537946, 1.477531952791626 ], [ 103.753578932483919, 1.477860669606599 ], [ 103.753316081200197, 1.478217031170307 ], [ 103.753089202934078, 1.478597605542497 ], [ 103.752900482657111, 1.478998727599957 ], [ 103.752751737863719, 1.479416534332967 ], [ 103.752644401067172, 1.479847002047714 ], [ 103.752579506002931, 1.48028598511604 ], [ 103.752557677672371, 1.48072925589972 ], [ 103.752579126322573, 1.481172545464666 ], [ 103.752643645420505, 1.481611584692679 ], [ 103.752750613640913, 1.482042145395478 ], [ 103.752899000848856, 1.482460081034383 ], [ 103.753087378019487, 1.482861366653959 ], [ 103.753313930999326, 1.483242137644698 ], [ 103.753576477976708, 1.483598726961785 ], [ 103.753872490493194, 1.483927700441189 ], [ 103.75419911779349, 1.484225889873042 ], [ 103.754553214279511, 1.484490423513859 ], [ 103.754931369804154, 1.484718753743606 ], [ 103.7553299425131, 1.48490868160139 ], [ 103.755745093918122, 1.485058377963099 ], [ 103.756172825864596, 1.485166401157638 ], [ 103.756609019036475, 1.485231710851369 ], [ 103.757049472628594, 1.485253678067629 ], [ 103.757489944803751, 1.485232091244374 ], [ 103.757926193544876, 1.485167158271932 ], [ 103.758354017509262, 1.485059504490913 ], [ 103.758769296490769, 1.484910166669869 ], [ 103.75916803110087, 1.484720583020498 ], [ 103.759546381285702, 1.484492579346597 ], [ 103.759900703308915, 1.484228351460182 ], [ 103.760227584843406, 1.483930444034179 ], [ 103.760523877834302, 1.483601726095357 ], [ 103.760786728816896, 1.483245363393293 ], [ 103.761013606396901, 1.482864787911977 ], [ 103.761202325629171, 1.482463664817265 ], [ 103.761351069059444, 1.482045857158721 ], [ 103.761458404226815, 1.481615388665742 ], [ 103.761523297458439, 1.481176404996374 ], [ 103.761545123823353, 1.480733133811948 ], [ 103.761523673150037, 1.48028984406197 ] ] ] } },
{ "type": "Feature", "properties": { "Final_Location_ID": "FLOC-0024", "Standardized_Location": "Jalan Denai Utama, Kempas", "Frequency_Band": "1-3", "Zone_Source": "500M_EVIDENCE_SUPPORT_BUFFER" }, "geometry": { "type": "Polygon", "coordinates": [ [ [ 103.722982347145361, 1.514165744755567 ], [ 103.722917834809763, 1.513726704690766 ], [ 103.722810872652545, 1.513296142412915 ], [ 103.722662490805831, 1.512878204468321 ], [ 103.722474118293434, 1.512476915820922 ], [ 103.722247569267722, 1.512096141090091 ], [ 103.721985025537307, 1.511739547332393 ], [ 103.721689015554617, 1.511410568726449 ], [ 103.721362390064812, 1.511112373500383 ], [ 103.721008294651327, 1.510847833420731 ], [ 103.720630139442235, 1.510619496136256 ], [ 103.720231566268879, 1.510429560643534 ], [ 103.719816413593477, 1.51027985610983 ], [ 103.719388679543258, 1.510171824257965 ], [ 103.718952483407023, 1.510106505482203 ], [ 103.718512025965069, 1.510084528829105 ], [ 103.718071549034448, 1.51010610593985 ], [ 103.717635294619001, 1.510171029012243 ], [ 103.717207464057694, 1.510278672802053 ], [ 103.716792177564642, 1.510428000644487 ], [ 103.716393434550113, 1.510617574437607 ], [ 103.716015075105162, 1.510845568491904 ], [ 103.715660743020251, 1.511109787112206 ], [ 103.715333850694208, 1.511407685743031 ], [ 103.715037546271517, 1.511736395473444 ], [ 103.714774683324194, 1.512092750665659 ], [ 103.714547793370443, 1.51247331944124 ], [ 103.714359061494534, 1.512874436731251 ], [ 103.714210305302942, 1.513292239572342 ], [ 103.714102957419158, 1.513722704308517 ], [ 103.714038051685961, 1.51416168534064 ], [ 103.714016213208083, 1.514604955050374 ], [ 103.714037652331058, 1.515048244514104 ], [ 103.714102162614282, 1.515487284614789 ], [ 103.71420912281809, 1.515917847155724 ], [ 103.714357502885449, 1.516335785580485 ], [ 103.714545873860942, 1.516737074906666 ], [ 103.71477242165129, 1.517117850488848 ], [ 103.71503496449526, 1.517474445237733 ], [ 103.715330973974574, 1.517803424936578 ], [ 103.715657599363411, 1.518101621315312 ], [ 103.716011695082145, 1.518366162563072 ], [ 103.716389850991064, 1.518594500986172 ], [ 103.716788425231869, 1.518784437544352 ], [ 103.717203579301355, 1.518934143029354 ], [ 103.717631315018693, 1.519042175681816 ], [ 103.718067513031045, 1.519107495076696 ], [ 103.71850797248598, 1.519129472143659 ], [ 103.718948451489112, 1.519107895225599 ], [ 103.719384707956962, 1.519042972117303 ], [ 103.719812540471665, 1.518935328064416 ], [ 103.720227828744058, 1.518785999741825 ], [ 103.72062657329549, 1.518596425269903 ], [ 103.721004933975834, 1.518368430364258 ], [ 103.721359266947175, 1.518104210752779 ], [ 103.721686159776581, 1.517806311029047 ], [ 103.721982464300268, 1.517477600145991 ], [ 103.722245326942328, 1.517121243785659 ], [ 103.722472216196266, 1.516740673871448 ], [ 103.722660947004712, 1.516339555515987 ], [ 103.72280970180222, 1.515921751723585 ], [ 103.722917048018886, 1.515491286186816 ], [ 103.722981951875965, 1.515052304535569 ], [ 103.723003788340847, 1.514609034411981 ], [ 103.722982347145361, 1.514165744755567 ] ] ] } },
{ "type": "Feature", "properties": { "Final_Location_ID": "FLOC-0026", "Standardized_Location": "Jalan Harmonium 24/1 area", "Frequency_Band": "1-3", "Zone_Source": "500M_EVIDENCE_SUPPORT_BUFFER" }, "geometry": { "type": "Polygon", "coordinates": [ [ [ 103.798662438896599, 1.551468577012228 ], [ 103.798597909032964, 1.551029536510037 ], [ 103.798490928637946, 1.550598975408983 ], [ 103.798342528018537, 1.550181040243316 ], [ 103.798154136378486, 1.549779755949683 ], [ 103.797927568053282, 1.54939898710516 ], [ 103.797665005036322, 1.549042400709577 ], [ 103.797368975964574, 1.548713430870877 ], [ 103.797042331765866, 1.548415245733177 ], [ 103.796688218202704, 1.548150716966485 ], [ 103.796310045576888, 1.547922392111557 ], [ 103.795911455886539, 1.54773247004621 ], [ 103.795496287752272, 1.547582779809614 ], [ 103.795068539449531, 1.547474762988159 ], [ 103.794632330404085, 1.547409459832605 ], [ 103.794191861520417, 1.547387499240405 ], [ 103.793751374725858, 1.547409092699252 ], [ 103.793315112119572, 1.547474032250619 ], [ 103.792887275119995, 1.547581692492528 ], [ 103.792471984003896, 1.547731036602493 ], [ 103.792073238227047, 1.54792062632251 ], [ 103.791694877908128, 1.54814863580993 ], [ 103.791340546847124, 1.548412869221091 ], [ 103.791013657434178, 1.54871078185781 ], [ 103.790717357786903, 1.549039504673855 ], [ 103.790454501432436, 1.549395871904747 ], [ 103.790227619826553, 1.549776451555261 ], [ 103.790038897974043, 1.550177578450691 ], [ 103.789890153385613, 1.550595389533998 ], [ 103.78978281857357, 1.551025861068581 ], [ 103.789717927255154, 1.551464847388503 ], [ 103.789696104396427, 1.551908120823271 ], [ 103.789717560192344, 1.552351412412145 ], [ 103.789782088041434, 1.552790453016536 ], [ 103.789889066534357, 1.553221014433958 ], [ 103.790037465437152, 1.553638950117992 ], [ 103.790225855612121, 1.554040235112074 ], [ 103.790452422780021, 1.554421004812236 ], [ 103.790714984991936, 1.554777592185728 ], [ 103.791011013641878, 1.555106563087078 ], [ 103.79133765781819, 1.555404749331291 ], [ 103.791691771759204, 1.55566927920584 ], [ 103.792069945148668, 1.555897605127425 ], [ 103.792468535959046, 1.556087528177209 ], [ 103.792883705526734, 1.556237219278183 ], [ 103.793311455521163, 1.556345236810773 ], [ 103.79374766645158, 1.55641054049684 ], [ 103.794188137341052, 1.556432501418611 ], [ 103.794628626185158, 1.556410908075674 ], [ 103.795064890805989, 1.556345968422125 ], [ 103.795492729707703, 1.556238307863852 ], [ 103.795908022540388, 1.556088963235515 ], [ 103.796306769782319, 1.555899372815057 ], [ 103.796685131258528, 1.555671362471961 ], [ 103.797039463124563, 1.555407128082913 ], [ 103.797366352959344, 1.55510921438356 ], [ 103.797662652629029, 1.55478049046099 ], [ 103.79792550860563, 1.554424122122227 ], [ 103.798152389447878, 1.554043541405075 ], [ 103.798341110180331, 1.553642413525219 ], [ 103.798489853335354, 1.553224601577504 ], [ 103.798597186455709, 1.552794129331818 ], [ 103.798662075889155, 1.552355142481358 ], [ 103.798683896742077, 1.551911868717045 ], [ 103.798662438896599, 1.551468577012228 ] ] ] } },
{ "type": "Feature", "properties": { "Final_Location_ID": "FLOC-0027", "Standardized_Location": "Jalan Ibrahim Sultan", "Frequency_Band": "1-3", "Zone_Source": "500M_EVIDENCE_SUPPORT_BUFFER" }, "geometry": { "type": "Polygon", "coordinates": [ [ [ 103.779989538085246, 1.463972696691883 ], [ 103.779925012864553, 1.463533657916361 ], [ 103.779818038995685, 1.463103098338829 ], [ 103.779669646722496, 1.462685164479657 ], [ 103.7794812651683, 1.46228388126372 ], [ 103.779254708571671, 1.461903113258313 ], [ 103.778992158813523, 1.461546527455694 ], [ 103.778696144403739, 1.461217557958362 ], [ 103.778369516129843, 1.460919372907316 ], [ 103.778015419601957, 1.460654843971675 ], [ 103.777637264958969, 1.460426518693569 ], [ 103.777238694027062, 1.460236595954516 ], [ 103.776823545247353, 1.460086904799579 ], [ 103.77639581671022, 1.459978886823305 ], [ 103.775959627652185, 1.459913582286761 ], [ 103.775519178786297, 1.459891620099795 ], [ 103.775078711848025, 1.459913211764546 ], [ 103.774642468745995, 1.45997814933878 ], [ 103.774214650711357, 1.460085807438693 ], [ 103.773799377838515, 1.460235149261561 ], [ 103.773400649407577, 1.460424736570633 ], [ 103.773022305369963, 1.460652743545885 ], [ 103.772667989368415, 1.460916974367299 ], [ 103.7723411136474, 1.461214884361391 ], [ 103.772044826191802, 1.461543604507196 ], [ 103.771781980410353, 1.461899969066043 ], [ 103.771555107655843, 1.462280546068638 ], [ 103.77136639284663, 1.462681670366211 ], [ 103.771217653424344, 1.463099478927287 ], [ 103.771110321850301, 1.463529948040243 ], [ 103.771045431809398, 1.463968932063339 ], [ 103.771023608254339, 1.464412203349017 ], [ 103.771045061385877, 1.46485549295824 ], [ 103.77110958462751, 1.465294531772375 ], [ 103.771216556613695, 1.465725091607096 ], [ 103.771364947172913, 1.466143025932117 ], [ 103.771553327247744, 1.466544309804692 ], [ 103.77177988265646, 1.466925078632292 ], [ 103.77204243156379, 1.467281665391027 ], [ 103.772338445492551, 1.467610635941684 ], [ 103.772665073673707, 1.467908822102784 ], [ 103.773019170500689, 1.468173352162554 ], [ 103.77339732582314, 1.468401678535633 ], [ 103.773795897788744, 1.468591602298461 ], [ 103.774211047916651, 1.468741294366602 ], [ 103.774638778064698, 1.468849313110466 ], [ 103.775074968934447, 1.468914618239406 ], [ 103.775515419743229, 1.468936580820873 ], [ 103.775955888680912, 1.468914989337568 ], [ 103.776392133761988, 1.468850051724689 ], [ 103.776819953679322, 1.468742393367593 ], [ 103.777235228266122, 1.468593051078879 ], [ 103.777633958176438, 1.468403463113153 ], [ 103.778012303401965, 1.468175455315734 ], [ 103.778366620254332, 1.467911223538191 ], [ 103.778693496456356, 1.467613312490775 ], [ 103.778989784004708, 1.467284591234919 ], [ 103.779252629487047, 1.466928225551943 ], [ 103.779479501562108, 1.466547647454374 ], [ 103.779668215337608, 1.466146522133056 ], [ 103.779816953411697, 1.465728712658756 ], [ 103.779924283374839, 1.465298242778233 ], [ 103.779989171604015, 1.464859258162725 ], [ 103.780010993216194, 1.464415986482517 ], [ 103.779989538085246, 1.463972696691883 ] ] ] } },
{ "type": "Feature", "properties": { "Final_Location_ID": "FLOC-0028", "Standardized_Location": "Jalan Ismail Sultan", "Frequency_Band": "1-3", "Zone_Source": "500M_EVIDENCE_SUPPORT_BUFFER" }, "geometry": { "type": "Polygon", "coordinates": [ [ [ 103.68084144294798, 1.472144029775147 ], [ 103.680776940224249, 1.471704991019613 ], [ 103.680669988585734, 1.471274429223094 ], [ 103.680521618063509, 1.470856490927873 ], [ 103.680333257572769, 1.470455201101784 ], [ 103.680106721150665, 1.470074424375831 ], [ 103.679844190485113, 1.469717827825955 ], [ 103.679548193903472, 1.469388845657685 ], [ 103.67922158202262, 1.469090646133272 ], [ 103.678867500295794, 1.468826101060263 ], [ 103.678489358720057, 1.46859775813508 ], [ 103.678090798996237, 1.46840781640797 ], [ 103.677675659457748, 1.46825810510553 ], [ 103.677247938105893, 1.468150066014956 ], [ 103.676811754107689, 1.468084739599377 ], [ 103.676371308126875, 1.468062754978055 ], [ 103.675930841870326, 1.468084323868053 ], [ 103.675494597239108, 1.468149238545574 ], [ 103.675066775477845, 1.468256873846495 ], [ 103.674651496715597, 1.468406193187174 ], [ 103.674252760287757, 1.468595758547093 ], [ 103.673874406221429, 1.468823744317589 ], [ 103.673520078254541, 1.469087954883177 ], [ 103.673193188745557, 1.469385845765888 ], [ 103.672896885810985, 1.469714548129622 ], [ 103.672634023007703, 1.470070896407861 ], [ 103.672407131851685, 1.470451458789232 ], [ 103.672218397438044, 1.470852570267035 ], [ 103.672069637396959, 1.471270367934591 ], [ 103.671962284388385, 1.47170082818654 ], [ 103.67189737230396, 1.472139805467768 ], [ 103.67187552630925, 1.472583072196946 ], [ 103.671896956821968, 1.473026359480024 ], [ 103.671961457484386, 1.473465398221719 ], [ 103.672068407149666, 1.473895960239157 ], [ 103.672216775862537, 1.47431389898157 ], [ 103.672405134777321, 1.474715189463947 ], [ 103.672631669917479, 1.475095967030057 ], [ 103.672894199644318, 1.475452564571673 ], [ 103.673190195666592, 1.47578154784518 ], [ 103.673516807388864, 1.476079748545793 ], [ 103.673870889364025, 1.476344294820811 ], [ 103.674249031585461, 1.476572638927582 ], [ 103.67464759232756, 1.476762581770518 ], [ 103.675062733217729, 1.476912294080088 ], [ 103.675490456202752, 1.477020334030386 ], [ 103.675926642052815, 1.477085661125281 ], [ 103.676367090033068, 1.477107646219392 ], [ 103.676807558359769, 1.477086077577452 ], [ 103.677243805052299, 1.477021162913772 ], [ 103.677671628786783, 1.476913527391928 ], [ 103.678086909358399, 1.476764207604057 ], [ 103.678485647362152, 1.476574641587847 ], [ 103.678864002710441, 1.476346654977167 ], [ 103.679218331616042, 1.476082443419863 ], [ 103.679545221684421, 1.475784551431927 ], [ 103.679841524777558, 1.475455847891991 ], [ 103.680104387332506, 1.475099498411733 ], [ 103.680331277842797, 1.474718934848752 ], [ 103.680520011238187, 1.474317822255138 ], [ 103.680668769927578, 1.47390002358046 ], [ 103.680776121302998, 1.473469562468773 ], [ 103.68084103153555, 1.473030584508232 ], [ 103.680862875530821, 1.472587317306285 ], [ 103.68084144294798, 1.472144029775147 ] ] ] } },
{ "type": "Feature", "properties": { "Final_Location_ID": "FLOC-0032", "Standardized_Location": "Jalan Kangkar Tebrau", "Frequency_Band": "1-3", "Zone_Source": "500M_EVIDENCE_SUPPORT_BUFFER" }, "geometry": { "type": "Polygon", "coordinates": [ [ [ 103.769277691483254, 1.53150364080582 ], [ 103.769213168466493, 1.531064600473748 ], [ 103.769106195306733, 1.530634038929046 ], [ 103.768957802241559, 1.53021610271055 ], [ 103.768769418402272, 1.529814816765352 ], [ 103.768542858049656, 1.529434045686552 ], [ 103.768280303100781, 1.529077456495605 ], [ 103.767984282115393, 1.528748483327253 ], [ 103.767657645943913, 1.52845029435757 ], [ 103.767303540272039, 1.528185761293215 ], [ 103.766925375326053, 1.527957431715978 ], [ 103.766526793030565, 1.527767504548768 ], [ 103.76611163193526, 1.527617808879402 ], [ 103.765683890248198, 1.527509786346072 ], [ 103.765247687331581, 1.527444477254027 ], [ 103.764807224030989, 1.527422510557344 ], [ 103.76436674222002, 1.527444097801988 ], [ 103.763930483949778, 1.527509031088792 ], [ 103.763502650596763, 1.527616685075734 ], [ 103.763087362402402, 1.527766023000195 ], [ 103.762688618793945, 1.527955606663446 ], [ 103.762310259868826, 1.528183610281086 ], [ 103.761955929413162, 1.528447838065845 ], [ 103.761629039810771, 1.528745745373841 ], [ 103.761332739180602, 1.529074463210267 ], [ 103.761069881058745, 1.529430825858889 ], [ 103.760842996917575, 1.529811401368901 ], [ 103.760654271785825, 1.530212524605944 ], [ 103.760505523205453, 1.530630332548635 ], [ 103.760398183726878, 1.531060801491138 ], [ 103.76033328711209, 1.531499785793069 ], [ 103.760311458378041, 1.531943057803823 ], [ 103.760332907776231, 1.532386348576958 ], [ 103.760397428766893, 1.532825388982188 ], [ 103.760504400006866, 1.533255950819335 ], [ 103.760652791332333, 1.533673887538339 ], [ 103.760841173678884, 1.534075174172886 ], [ 103.761067732843102, 1.534455946103399 ], [ 103.761330286953537, 1.534812536275677 ], [ 103.7616263074827, 1.535141510517234 ], [ 103.76195294359772, 1.535439700610802 ], [ 103.762307049614989, 1.5357042348065 ], [ 103.762685215295051, 1.53593256547909 ], [ 103.763083798685031, 1.536122493663535 ], [ 103.763498961193179, 1.536272190232945 ], [ 103.763926704557164, 1.536380213514547 ], [ 103.764362909350339, 1.536445523174313 ], [ 103.764803374654988, 1.536467490236398 ], [ 103.76524385852052, 1.536445903140737 ], [ 103.765680118816874, 1.536380969780763 ], [ 103.766107954089676, 1.536273315501389 ], [ 103.76652324402373, 1.536123977076433 ], [ 103.76692198912491, 1.535934392723804 ], [ 103.76730034923844, 1.53570638825448 ], [ 103.767654680532544, 1.535442159488393 ], [ 103.767981570591175, 1.535144251107195 ], [ 103.768277871277832, 1.534815532146865 ], [ 103.768540729054251, 1.534459168366909 ], [ 103.768767612461374, 1.534078591761545 ], [ 103.768956336498618, 1.533677467507263 ], [ 103.769105083666133, 1.533259658664521 ], [ 103.769212421467785, 1.532829188973744 ], [ 103.769277316206015, 1.532390204104077 ], [ 103.769299142936021, 1.531946931727947 ], [ 103.769277691483254, 1.53150364080582 ] ] ] } },
{ "type": "Feature", "properties": { "Final_Location_ID": "FLOC-0033", "Standardized_Location": "Jalan Keris 2, Taman Sri Tebrau", "Frequency_Band": "1-3", "Zone_Source": "500M_EVIDENCE_SUPPORT_BUFFER" }, "geometry": { "type": "Polygon", "coordinates": [ [ [ 103.772372295115062, 1.489458621763609 ], [ 103.772307771557024, 1.489019582371572 ], [ 103.772200798786841, 1.48858902194192 ], [ 103.772052407038046, 1.488171087003119 ], [ 103.771864025429068, 1.487769802490185 ], [ 103.771637468199145, 1.487389032982807 ], [ 103.771374917235349, 1.487032445487502 ], [ 103.771078901059155, 1.486703474122931 ], [ 103.770752270474972, 1.486405287047927 ], [ 103.770398171115076, 1.486140755951 ], [ 103.770020013145341, 1.485912428394998 ], [ 103.769621438423755, 1.485722503283336 ], [ 103.7692062854276, 1.485572809683951 ], [ 103.768778552287515, 1.485464789214894 ], [ 103.768342358283974, 1.485399482161343 ], [ 103.767901904177279, 1.485377517457445 ], [ 103.767461431753034, 1.485399106629689 ], [ 103.767025182972361, 1.485464041760011 ], [ 103.766597359120794, 1.485571697488291 ], [ 103.766182080348514, 1.485721037034797 ], [ 103.765783345992247, 1.485910622184888 ], [ 103.765404996060383, 1.486138627139512 ], [ 103.765050674252322, 1.48640285609828 ], [ 103.764723792868537, 1.486700764405781 ], [ 103.764427499948496, 1.487029483057467 ], [ 103.764164648953724, 1.48738584632914 ], [ 103.763937771287445, 1.487766422263948 ], [ 103.763749051915624, 1.488167545723516 ], [ 103.763600308324072, 1.488585353684402 ], [ 103.763492973014678, 1.489015822440809 ], [ 103.76342807970866, 1.489454806354288 ], [ 103.763406253390528, 1.489898077778317 ], [ 103.76342770428802, 1.490341367772374 ], [ 103.763492225846448, 1.490780407213986 ], [ 103.763599196716797, 1.491210967912644 ], [ 103.76374758673856, 1.491628903329569 ], [ 103.763935966859663, 1.492030188511307 ], [ 103.764162522898033, 1.492410958852533 ], [ 103.764425073012433, 1.492767547314678 ], [ 103.764721088713983, 1.493096519741886 ], [ 103.765047719216525, 1.493394707934512 ], [ 103.765401818890965, 1.493659240161116 ], [ 103.765779977559276, 1.493887568815388 ], [ 103.766178553336687, 1.494077494951728 ], [ 103.766593707705269, 1.494227189462856 ], [ 103.76702144248172, 1.494335210695647 ], [ 103.767457638322625, 1.494400518335596 ], [ 103.767898094397069, 1.494422483425983 ], [ 103.768338568843888, 1.494400894425502 ], [ 103.768774819624156, 1.494335959245604 ], [ 103.769202645375586, 1.494228303248327 ], [ 103.769617925874883, 1.494078963223714 ], [ 103.770016661719026, 1.493889377404796 ], [ 103.770395012842442, 1.493661371616329 ], [ 103.7707493354999, 1.493397141690719 ], [ 103.771076217358313, 1.493099232320569 ], [ 103.771372510359996, 1.492770512551263 ], [ 103.771635361040239, 1.49241414814996 ], [ 103.771862238007927, 1.492033571116845 ], [ 103.772050956323966, 1.491632446632597 ], [ 103.772199698543034, 1.491214637759943 ], [ 103.772307032216105, 1.49078416823982 ], [ 103.772371923684744, 1.490345183739943 ], [ 103.772393748035114, 1.489901911929422 ], [ 103.772372295115062, 1.489458621763609 ] ] ] } },
{ "type": "Feature", "properties": { "Final_Location_ID": "FLOC-0034", "Standardized_Location": "Jalan Kijang", "Frequency_Band": "1-3", "Zone_Source": "500M_EVIDENCE_SUPPORT_BUFFER" }, "geometry": { "type": "Polygon", "coordinates": [ [ [ 103.7670461868411, 1.486048233053507 ], [ 103.766981664489208, 1.485609193730836 ], [ 103.766874692992829, 1.485178633261574 ], [ 103.766726302573275, 1.484760698174576 ], [ 103.766537922336269, 1.484359413406408 ], [ 103.766311366507864, 1.483978643539151 ], [ 103.766048816961728, 1.483622055582882 ], [ 103.765752802205796, 1.483293083660639 ], [ 103.765426173030846, 1.482994895936605 ], [ 103.765072075055699, 1.482730364105514 ], [ 103.764693918432968, 1.482502035737225 ], [ 103.764295345007724, 1.482312109742876 ], [ 103.763880193244859, 1.482162415198829 ], [ 103.763452461263171, 1.482054393732154 ], [ 103.763016268331995, 1.48198908563753 ], [ 103.762575815201387, 1.481967119859031 ], [ 103.762135343647472, 1.481988707933407 ], [ 103.761699095623044, 1.482053641953088 ], [ 103.761271272406262, 1.482161296568554 ], [ 103.760855994141181, 1.482310635010764 ], [ 103.760457260159598, 1.48250021907565 ], [ 103.760078910466163, 1.482728222974567 ], [ 103.75972458875799, 1.482992450917333 ], [ 103.759397707334401, 1.483290358258288 ], [ 103.759101414235218, 1.483619076002223 ], [ 103.7588385629236, 1.483975438433726 ], [ 103.758611684805757, 1.484356013604141 ], [ 103.75842296485186, 1.484757136382461 ], [ 103.758274220553361, 1.485174943751946 ], [ 103.758166884418813, 1.485605412012553 ], [ 103.758101990177408, 1.486044395530712 ], [ 103.758080162822608, 1.486487666663831 ], [ 103.758101612592128, 1.486930956474244 ], [ 103.758166132942208, 1.487369995841348 ], [ 103.758273102535455, 1.48780055657541 ], [ 103.758421491223743, 1.488218492137398 ], [ 103.75860986996787, 1.488619777572488 ], [ 103.75883642459911, 1.489000548272926 ], [ 103.759098973289852, 1.489357137196727 ], [ 103.759394987565031, 1.489686110183576 ], [ 103.7597216166523, 1.489984299028393 ], [ 103.760075714936249, 1.490248831993405 ], [ 103.760453872252398, 1.490477161465152 ], [ 103.760852446729004, 1.490667088490078 ], [ 103.761267599860787, 1.490816783952252 ], [ 103.761695333476354, 1.49092480618931 ], [ 103.762131528243543, 1.490990114876957 ], [ 103.7625719833418, 1.491012081048334 ], [ 103.763012456919327, 1.490990493151591 ], [ 103.763448706945582, 1.490925559087466 ], [ 103.763876532065481, 1.490817904207202 ], [ 103.764291812061828, 1.490668565290012 ], [ 103.764690547536318, 1.490478980558208 ], [ 103.765068898426904, 1.490250975826061 ], [ 103.765423220990471, 1.489986746915811 ], [ 103.765750102894827, 1.489688838510237 ], [ 103.766046396081677, 1.489360119645522 ], [ 103.766309247084479, 1.489003756080095 ], [ 103.766536124508917, 1.488623179806225 ], [ 103.766724843411438, 1.488222055997319 ], [ 103.766873586341035, 1.487804247709703 ], [ 103.766980920841718, 1.487373778678733 ], [ 103.76704581324708, 1.486934794567534 ], [ 103.767067638634259, 1.486491523041557 ], [ 103.7670461868411, 1.486048233053507 ] ] ] } },
{ "type": "Feature", "properties": { "Final_Location_ID": "FLOC-0035", "Standardized_Location": "Jalan Kolam Ayer", "Frequency_Band": "4-6", "Zone_Source": "500M_EVIDENCE_SUPPORT_BUFFER" }, "geometry": { "type": "Polygon", "coordinates": [ [ [ 103.726524872771151, 1.48194412590426 ], [ 103.726460359603308, 1.481505086686604 ], [ 103.726353397336283, 1.481074525429723 ], [ 103.726205016103037, 1.480656588670344 ], [ 103.726016644921316, 1.480255301361292 ], [ 103.72579009793057, 1.479874528109207 ], [ 103.7255275569199, 1.479517935956642 ], [ 103.725231550315584, 1.479188959066927 ], [ 103.724904928830455, 1.478890765651805 ], [ 103.724550838009677, 1.478626227460397 ], [ 103.724172687937369, 1.478397892123383 ], [ 103.723774120395831, 1.478207958618489 ], [ 103.723358973793438, 1.478058256093815 ], [ 103.722931246199408, 1.477950226252727 ], [ 103.722495056840785, 1.477884909469949 ], [ 103.722054606433076, 1.477862934772662 ], [ 103.721614136725933, 1.477884513782997 ], [ 103.721177889654044, 1.47794943868025 ], [ 103.720750066485934, 1.4780570842023 ], [ 103.720334787364749, 1.478206413667458 ], [ 103.719936051629958, 1.478395988957947 ], [ 103.71955769930257, 1.478623984369577 ], [ 103.719203374104424, 1.478888204193902 ], [ 103.718876488367997, 1.47918610386367 ], [ 103.718580190174066, 1.47951481445785 ], [ 103.718317333034406, 1.479871170330229 ], [ 103.718090448410948, 1.480251739595789 ], [ 103.717901721336304, 1.480652857180919 ], [ 103.717752969370238, 1.481070660119469 ], [ 103.717645625095088, 1.481501124754623 ], [ 103.717580722318473, 1.481940105488371 ], [ 103.71755888611618, 1.482383374705436 ], [ 103.717580326811429, 1.482826663487176 ], [ 103.717644837948114, 1.48326570272336 ], [ 103.717751798278044, 1.483696264225852 ], [ 103.717900177742763, 1.484114201448489 ], [ 103.718088547392426, 1.484515489420657 ], [ 103.718315093146515, 1.484896263510233 ], [ 103.718577633263422, 1.485252856642468 ], [ 103.71887363935123, 1.485581834616399 ], [ 103.71920026071696, 1.485880029178621 ], [ 103.719554351820008, 1.486144568535908 ], [ 103.719932502565428, 1.48637290501279 ], [ 103.720331071145068, 1.486562839587749 ], [ 103.720746219110609, 1.48671254307151 ], [ 103.721173948340493, 1.486820573723915 ], [ 103.721610139544808, 1.486885891139035 ], [ 103.722050591937119, 1.486907866265381 ], [ 103.722491063691464, 1.486886287464327 ], [ 103.722927312794539, 1.486821362548594 ], [ 103.72335513789973, 1.48671371678092 ], [ 103.723770418789442, 1.486564386852498 ], [ 103.724169156056277, 1.48637481089888 ], [ 103.724547509620336, 1.486146814649782 ], [ 103.724901835712231, 1.485882593845777 ], [ 103.725228721965166, 1.485584693091767 ], [ 103.725525020278525, 1.485255981350514 ], [ 103.725787877135915, 1.484899624312265 ], [ 103.726014761086233, 1.484519053906847 ], [ 103.726203487122802, 1.484117935251654 ], [ 103.72635223772572, 1.483700131353982 ], [ 103.726459580365002, 1.483269665907524 ], [ 103.726524481295911, 1.482830684541443 ], [ 103.72654631551363, 1.482387414895298 ], [ 103.726524872771151, 1.48194412590426 ] ] ] } },
{ "type": "Feature", "properties": { "Final_Location_ID": "FLOC-0036", "Standardized_Location": "Jalan Kota Tinggi / FT003", "Frequency_Band": "1-3", "Zone_Source": "500M_EVIDENCE_SUPPORT_BUFFER" }, "geometry": { "type": "Polygon", "coordinates": [ [ [ 103.805735649979894, 1.556212361560843 ], [ 103.805671118460893, 1.55577332104563 ], [ 103.805564136320257, 1.555342760079963 ], [ 103.805415733881759, 1.55492482519668 ], [ 103.805227340366528, 1.554523541329666 ], [ 103.805000770128061, 1.554142773051847 ], [ 103.804738205178054, 1.553786187357597 ], [ 103.804442174171982, 1.553457218348081 ], [ 103.804115528056172, 1.553159034159487 ], [ 103.803761412611507, 1.552894506452733 ], [ 103.80338323815775, 1.552666182758441 ], [ 103.80298464671057, 1.552476261943392 ], [ 103.802569476907351, 1.5523265730348 ], [ 103.802141727039626, 1.552218557606384 ], [ 103.801705516548111, 1.552153255895638 ], [ 103.801265046351219, 1.552131296786194 ], [ 103.800824558388911, 1.552152891751595 ], [ 103.800388294771636, 1.552217832818973 ], [ 103.799960456927565, 1.552325494571777 ], [ 103.799545165141723, 1.552474840173114 ], [ 103.799146418876362, 1.552664431350624 ], [ 103.798768058254993, 1.55289244224771 ], [ 103.798413727080586, 1.553156677007105 ], [ 103.798086837744535, 1.553454590917662 ], [ 103.797790538363785, 1.55378331492081 ], [ 103.797527682463084, 1.554139683240637 ], [ 103.797300801493876, 1.55452026387126 ], [ 103.797112080454994, 1.554921391628516 ], [ 103.796963336849331, 1.555339203446935 ], [ 103.79685600317984, 1.55576967558266 ], [ 103.796791113152807, 1.556208662363911 ], [ 103.796769291721873, 1.556651936115571 ], [ 103.796790749068251, 1.557095227873762 ], [ 103.796855278575507, 1.557534268498116 ], [ 103.796962258818297, 1.557964829785844 ], [ 103.797110659545808, 1.558382765191763 ], [ 103.797299051602579, 1.558784049761866 ], [ 103.797525620691246, 1.559164818896237 ], [ 103.797788184844237, 1.559521405567593 ], [ 103.798084215436731, 1.559850375637183 ], [ 103.798410861538287, 1.560148560928105 ], [ 103.798764977368606, 1.560413089737082 ], [ 103.799143152593061, 1.560641414491102 ], [ 103.79954174516638, 1.560831336282713 ], [ 103.799956916407893, 1.560981026047115 ], [ 103.800384667970803, 1.561089042177743 ], [ 103.800820880349264, 1.561154344410106 ], [ 103.801261352552316, 1.561176303840527 ], [ 103.801701842562935, 1.561154708983087 ], [ 103.80213810819194, 1.561089767806601 ], [ 103.802565947933843, 1.560982105731697 ], [ 103.8029812414307, 1.560832759607743 ], [ 103.803379989154493, 1.560643167727128 ], [ 103.80375835092569, 1.560415155973484 ], [ 103.804112682897099, 1.560150920237015 ], [ 103.804439572646729, 1.559853005266376 ], [ 103.804735872041704, 1.559524280160881 ], [ 103.804998727556807, 1.559167910738878 ], [ 103.805225607755304, 1.558787329048481 ], [ 103.805414327668061, 1.558386200314685 ], [ 103.805563069835401, 1.557968387640454 ], [ 103.805670401809707, 1.557537914802506 ], [ 103.805735289949808, 1.557098927499639 ], [ 103.805757109374582, 1.556655653427015 ], [ 103.805735649979894, 1.556212361560843 ] ] ] } },
{ "type": "Feature", "properties": { "Final_Location_ID": "FLOC-0037", "Standardized_Location": "Jalan Lingkaran Dalam, Johor Bahru", "Frequency_Band": "1-3", "Zone_Source": "500M_EVIDENCE_SUPPORT_BUFFER" }, "geometry": { "type": "Polygon", "coordinates": [ [ [ 103.75443123984509, 1.466018155930174 ], [ 103.754366720340101, 1.465579117100878 ], [ 103.754259752114123, 1.465148556901112 ], [ 103.754111365357033, 1.464730621857411 ], [ 103.753922989139355, 1.464329336906097 ], [ 103.753696437648614, 1.463948566631179 ], [ 103.753433892716942, 1.463591978046723 ], [ 103.753137882808034, 1.463263005281894 ], [ 103.752811258666355, 1.462964816508926 ], [ 103.752457165862509, 1.462700283432582 ], [ 103.752079014499671, 1.462471953634537 ], [ 103.751680446372575, 1.462282026039532 ], [ 103.751265299895408, 1.462132329739082 ], [ 103.750837573136323, 1.462024306376893 ], [ 103.750401385314646, 1.46195899626561 ], [ 103.749960937131391, 1.461937028368408 ], [ 103.749520470315218, 1.46195861424212 ], [ 103.749084226773363, 1.462023546000077 ], [ 103.748656407740839, 1.46213119831427 ], [ 103.748241133321372, 1.462280534437551 ], [ 103.747842402809582, 1.462470116187988 ], [ 103.747464056176597, 1.462698117799118 ], [ 103.747109737089801, 1.46296234350262 ], [ 103.746782857823021, 1.463260248674433 ], [ 103.746486566395006, 1.463588964340245 ], [ 103.74622371625253, 1.463945324804749 ], [ 103.745996838790163, 1.464325898138375 ], [ 103.745808118971496, 1.464727019228029 ], [ 103.745659374286319, 1.465144825073456 ], [ 103.745552037246654, 1.465575291989556 ], [ 103.745487141590147, 1.466014274356054 ], [ 103.745465312323674, 1.466457544541699 ], [ 103.745486759703269, 1.466900833618329 ], [ 103.745551277208023, 1.46733987247269 ], [ 103.745658243527984, 1.467770432920248 ], [ 103.745806628546532, 1.468188368424961 ], [ 103.745995003259964, 1.468589654032787 ], [ 103.746221553538518, 1.468970425134487 ], [ 103.746484097596721, 1.46932701468425 ], [ 103.746780107004355, 1.469655988515763 ], [ 103.747106731036297, 1.469954178415834 ], [ 103.747460824126108, 1.470218712636378 ], [ 103.747838976159642, 1.470447043551742 ], [ 103.7482375453164, 1.470636972194267 ], [ 103.748652693142631, 1.47078666943215 ], [ 103.7490804215183, 1.470894693585683 ], [ 103.749516611161994, 1.470960004311837 ], [ 103.749957061302652, 1.470981972623744 ], [ 103.750397530136439, 1.470960386948679 ], [ 103.750833775678515, 1.470895455165645 ], [ 103.751261596617056, 1.470787802603672 ], [ 103.751676872775064, 1.470638466019369 ], [ 103.752075604791088, 1.470448883612398 ], [ 103.752453952636259, 1.470220881174489 ], [ 103.752808272596553, 1.469956654505689 ], [ 103.753135152364578, 1.4696587482672 ], [ 103.753431443902329, 1.469330031474277 ], [ 103.753694293758855, 1.46897366986558 ], [ 103.753921170550512, 1.468593095414628 ], [ 103.754109889339503, 1.468191973277458 ], [ 103.754258632675644, 1.467774166494598 ], [ 103.75436596809871, 1.467343698787136 ], [ 103.754430861933216, 1.466904715805801 ], [ 103.754452689242257, 1.466461445205438 ], [ 103.75443123984509, 1.466018155930174 ] ] ] } },
{ "type": "Feature", "properties": { "Final_Location_ID": "FLOC-0038", "Standardized_Location": "Jalan Lurah 3", "Frequency_Band": "1-3", "Zone_Source": "500M_EVIDENCE_SUPPORT_BUFFER" }, "geometry": { "type": "Polygon", "coordinates": [ [ [ 103.720067883510779, 1.529818156598496 ], [ 103.720003371834679, 1.529379116136895 ], [ 103.719896409981246, 1.528948553351844 ], [ 103.719748028079792, 1.528530614794424 ], [ 103.719559655154754, 1.528129325434411 ], [ 103.719333105362509, 1.527748549897882 ], [ 103.719070560519114, 1.527391955249077 ], [ 103.718774549087613, 1.527062975675112 ], [ 103.71844792182705, 1.526764779413373 ], [ 103.718093824337856, 1.526500238240295 ], [ 103.717715666767887, 1.526271899815192 ], [ 103.717317090971065, 1.526081963145543 ], [ 103.716901935434677, 1.525932257410055 ], [ 103.716474198313264, 1.525824224343068 ], [ 103.716037998924989, 1.525758904350673 ], [ 103.715597538081283, 1.525736926491197 ], [ 103.715157057631714, 1.525758502417534 ], [ 103.714720799613829, 1.525823424339017 ], [ 103.714292965401157, 1.525931067022573 ], [ 103.713877675242784, 1.526080393814204 ], [ 103.713478928584266, 1.52626996662219 ], [ 103.713100565551656, 1.52649795976663 ], [ 103.712746229969952, 1.526762177561237 ], [ 103.712419334271715, 1.527060075458522 ], [ 103.712123026633961, 1.527388784554709 ], [ 103.711860160659811, 1.527745139218155 ], [ 103.711633267896744, 1.528125707575557 ], [ 103.711444533456287, 1.528526824562028 ], [ 103.711295774969813, 1.528944627217089 ], [ 103.711188425083108, 1.52937509188653 ], [ 103.711123517658493, 1.529814072971787 ], [ 103.711101677817197, 1.530257342853945 ], [ 103.711123115918056, 1.530700632607613 ], [ 103.711187625530528, 1.531139673112862 ], [ 103.711294585421584, 1.531570236168983 ], [ 103.71144296553733, 1.531988175214513 ], [ 103.711631336921926, 1.532389465260874 ], [ 103.711857885478253, 1.532770241655665 ], [ 103.712120429437718, 1.533126837301617 ], [ 103.712416440371214, 1.533455817973326 ], [ 103.712743067538867, 1.533754015391214 ], [ 103.713097165343825, 1.534018557734403 ], [ 103.713475323626099, 1.534246897298622 ], [ 103.713873900504367, 1.534436835032607 ], [ 103.714289057449804, 1.53458654171679 ], [ 103.714716796253711, 1.534694575580292 ], [ 103.715152997533252, 1.534759896186489 ], [ 103.715593460404349, 1.534781874453431 ], [ 103.716033942939504, 1.534760298712555 ], [ 103.716470203021018, 1.534695376747459 ], [ 103.716898039196082, 1.53458773379283 ], [ 103.717313331140147, 1.534438406513098 ], [ 103.717712079339094, 1.534248833018735 ], [ 103.71809044360765, 1.534020839016044 ], [ 103.718444780073284, 1.53375662022428 ], [ 103.718771676269512, 1.533458721229255 ], [ 103.719067984000176, 1.533130010976943 ], [ 103.719330849658562, 1.532773655143364 ], [ 103.719557741709338, 1.53239308564685 ], [ 103.719746475068334, 1.531991967596055 ], [ 103.719895232145774, 1.531574163992299 ], [ 103.720002580349984, 1.531143698526324 ], [ 103.72006748588332, 1.530704716827266 ], [ 103.720089323697238, 1.530261446537651 ], [ 103.720067883510779, 1.529818156598496 ] ] ] } },
{ "type": "Feature", "properties": { "Final_Location_ID": "FLOC-0039", "Standardized_Location": "Jalan Mahmoodiah", "Frequency_Band": "1-3", "Zone_Source": "500M_EVIDENCE_SUPPORT_BUFFER" }, "geometry": { "type": "Polygon", "coordinates": [ [ [ 103.752753731695378, 1.462524458662342 ], [ 103.752689212563766, 1.462085419926151 ], [ 103.752582244785771, 1.461654859792473 ], [ 103.752433858546965, 1.461236924787239 ], [ 103.752245482912898, 1.460835639846392 ], [ 103.752018932065511, 1.460454869553922 ], [ 103.75175638783071, 1.460098280924042 ], [ 103.75146037866557, 1.459769308086371 ], [ 103.751133755307436, 1.459471119213886 ], [ 103.750779663319406, 1.459206586012235 ], [ 103.750401512796856, 1.458978256064296 ], [ 103.750002945526475, 1.458788328296289 ], [ 103.749587799914252, 1.458638631801288 ], [ 103.749160074020068, 1.458530608224834 ], [ 103.748723887054936, 1.458465297881594 ], [ 103.748283439711699, 1.458443329736959 ], [ 103.747842973710945, 1.458464915350098 ], [ 103.747406730952051, 1.458529846836788 ], [ 103.746978912662541, 1.458637498871567 ], [ 103.746563638938937, 1.458786834709959 ], [ 103.746164909069194, 1.458976416172753 ], [ 103.745786563018214, 1.459204417496177 ], [ 103.745432244447727, 1.45946864291476 ], [ 103.745105365626586, 1.459766547807093 ], [ 103.744809074569176, 1.460095263201585 ], [ 103.744546224718647, 1.460451623405547 ], [ 103.744319347466742, 1.460832196491975 ], [ 103.744130627774936, 1.461233317350125 ], [ 103.743981883131752, 1.461651122982043 ], [ 103.743874546048787, 1.462081589704716 ], [ 103.743809650263984, 1.46252057189978 ], [ 103.743787820785514, 1.462963841937708 ], [ 103.743809267871342, 1.463407130891742 ], [ 103.743873785003416, 1.463846169649915 ], [ 103.743980750875352, 1.464276730028632 ], [ 103.744129135374834, 1.46469466549259 ], [ 103.744317509503176, 1.465095951088155 ], [ 103.744544059136288, 1.465476722206221 ], [ 103.744806602494904, 1.465833311800816 ], [ 103.745102611155644, 1.466162285705279 ], [ 103.745429234400575, 1.466460475705639 ], [ 103.745783326670875, 1.466725010052863 ], [ 103.746161477860397, 1.46695334112007 ], [ 103.746560046156773, 1.467143269938062 ], [ 103.746975193114608, 1.467292967373367 ], [ 103.747402920622307, 1.467400991744314 ], [ 103.747839109406812, 1.467466302705715 ], [ 103.74827955870542, 1.467488271268438 ], [ 103.748720026722367, 1.467466685857217 ], [ 103.749156271480814, 1.467401754348562 ], [ 103.749584091676397, 1.467294102068733 ], [ 103.749999367139296, 1.467144765771636 ], [ 103.750398098514765, 1.466955183654121 ], [ 103.750776445780048, 1.466727181505089 ], [ 103.751130765226691, 1.466462955121801 ], [ 103.751457644552218, 1.46616504916267 ], [ 103.75175393572286, 1.465836332640315 ], [ 103.75201678529109, 1.465479971290761 ], [ 103.752243661876051, 1.465099397085072 ], [ 103.752432380541862, 1.464698275176949 ], [ 103.752581123839434, 1.464280468604734 ], [ 103.752688459308914, 1.463850001087558 ], [ 103.752753353274301, 1.463411018274304 ], [ 103.752775180797414, 1.462967747818308 ], [ 103.752753731695378, 1.462524458662342 ] ] ] } },
{ "type": "Feature", "properties": { "Final_Location_ID": "FLOC-0042", "Standardized_Location": "Jalan Mutiara Emas Utama", "Frequency_Band": "1-3", "Zone_Source": "500M_EVIDENCE_SUPPORT_BUFFER" }, "geometry": { "type": "Polygon", "coordinates": [ [ [ 103.784872458464633, 1.560058611431355 ], [ 103.784807931677733, 1.559619570653263 ], [ 103.784700954141385, 1.559189008948171 ], [ 103.78455255613531, 1.558771072856143 ], [ 103.784364166838245, 1.558369787322727 ], [ 103.784137600563326, 1.557989016936887 ], [ 103.783875039284425, 1.557632428713248 ], [ 103.783579011621882, 1.557303456777194 ], [ 103.783252368490054, 1.557005269292946 ], [ 103.782898255641229, 1.556740737952965 ], [ 103.782520083370358, 1.556512410322617 ], [ 103.782121493672122, 1.556322485306334 ], [ 103.781706325167107, 1.556172791971506 ], [ 103.78127857613427, 1.556064771934218 ], [ 103.780842366006226, 1.555999465476091 ], [ 103.780401895697736, 1.555977501526221 ], [ 103.779961407149599, 1.555999091604563 ], [ 103.779525142477723, 1.55606402778508 ], [ 103.77909730312011, 1.556171684698206 ], [ 103.778682009376126, 1.556321025553523 ], [ 103.778283260726568, 1.556510612124345 ], [ 103.777904897317597, 1.556738618598491 ], [ 103.777550562978789, 1.557002849161287 ], [ 103.77722367013169, 1.557300759142165 ], [ 103.776927366926913, 1.557629479520589 ], [ 103.776664506925783, 1.557985844555691 ], [ 103.776437621619181, 1.55836642227353 ], [ 103.776248896047548, 1.558767547518188 ], [ 103.776100147757489, 1.559185357248675 ], [ 103.775992809297065, 1.559615827741577 ], [ 103.775927914418801, 1.560054813341112 ], [ 103.775906088123222, 1.56049808638387 ], [ 103.775927540638591, 1.560941377912972 ], [ 103.775992065395258, 1.561380418790457 ], [ 103.776099041013822, 1.561810980811233 ], [ 103.776247437288333, 1.562228917423146 ], [ 103.776435825106532, 1.562630203660619 ], [ 103.776662390212138, 1.563010974907696 ], [ 103.776924950676232, 1.56336756411661 ], [ 103.777220977909778, 1.563696537124101 ], [ 103.77754762101489, 1.563994725724813 ], [ 103.777901734240331, 1.564259258183371 ], [ 103.778279907276655, 1.564487586891391 ], [ 103.778678498099779, 1.564677512903085 ], [ 103.779093668045874, 1.564827207112757 ], [ 103.779521418780618, 1.564935227870708 ], [ 103.779957630805981, 1.565000534867635 ], [ 103.780398103134317, 1.565022499153751 ], [ 103.780838593747148, 1.565000909196161 ], [ 103.781274860449301, 1.564935972916273 ], [ 103.781702701724655, 1.564828315687453 ], [ 103.782117997200231, 1.564678974312254 ], [ 103.782516747328643, 1.564489387037346 ], [ 103.782895111906925, 1.564261379701989 ], [ 103.783249447060541, 1.563997148153909 ], [ 103.783576340336623, 1.563699237101581 ], [ 103.783872643568131, 1.563370515606699 ], [ 103.784135503192644, 1.563014149453026 ], [ 103.784362387733808, 1.562633570657497 ], [ 103.784551112180537, 1.562232444417466 ], [ 103.784699859029516, 1.561814633812127 ], [ 103.784807195788048, 1.561384162598572 ], [ 103.784872088768964, 1.560945176460187 ], [ 103.784893913044726, 1.560501903081219 ], [ 103.784872458464633, 1.560058611431355 ] ] ] } },
{ "type": "Feature", "properties": { "Final_Location_ID": "FLOC-0043", "Standardized_Location": "Jalan Padi Huma 10", "Frequency_Band": "1-3", "Zone_Source": "500M_EVIDENCE_SUPPORT_BUFFER" }, "geometry": { "type": "Polygon", "coordinates": [ [ [ 103.727946711186135, 1.498471128014048 ], [ 103.727882197710002, 1.498032088354681 ], [ 103.727775234768785, 1.497601526639583 ], [ 103.727626852501956, 1.497183589409761 ], [ 103.727438479937291, 1.496782301622414 ], [ 103.727211931227558, 1.496401527888708 ], [ 103.72694938817834, 1.496044935255722 ], [ 103.726653379235444, 1.495715957891308 ], [ 103.726326755134096, 1.495417764011767 ], [ 103.725972661444501, 1.495153225370701 ], [ 103.725594508278206, 1.494924889603112 ], [ 103.725195937447054, 1.494734955690951 ], [ 103.724780787390941, 1.494585252786296 ], [ 103.724353056212053, 1.494477222596293 ], [ 103.723916863171766, 1.494411905499117 ], [ 103.723476409020805, 1.494389930525159 ], [ 103.723035935544715, 1.494411509299326 ], [ 103.722599684714325, 1.494476434003378 ], [ 103.72217185783424, 1.494584079377214 ], [ 103.721756575083248, 1.494733408740688 ], [ 103.721357835835761, 1.494922983977147 ], [ 103.720979480146582, 1.495150979383037 ], [ 103.720625151770079, 1.495415199250095 ], [ 103.720298263069324, 1.495713099010711 ], [ 103.720001962153816, 1.496041809742979 ], [ 103.719739102561761, 1.496398165799428 ], [ 103.719512215778863, 1.496778735293209 ], [ 103.719323486858727, 1.497179853148478 ], [ 103.719174733379148, 1.497597656396391 ], [ 103.719067387937272, 1.498028121377068 ], [ 103.71900248435216, 1.498467102489033 ], [ 103.71898064770761, 1.498910372113236 ], [ 103.719002088331251, 1.499353661326954 ], [ 103.719066599767871, 1.499792701015631 ], [ 103.719173560766492, 1.500223262986641 ], [ 103.71932194126228, 1.500641200689134 ], [ 103.719510312295554, 1.501042489147761 ], [ 103.719736859772397, 1.501423263725623 ], [ 103.719999401934572, 1.501779857343114 ], [ 103.720295410370383, 1.502108835794549 ], [ 103.720622034364084, 1.5024070308219 ], [ 103.720976128349633, 1.50267157062743 ], [ 103.721354282204075, 1.502899907531394 ], [ 103.721752854089118, 1.50308984250818 ], [ 103.722168005524409, 1.50323954636477 ], [ 103.722595738354727, 1.503347577357477 ], [ 103.723031933255243, 1.503412895077216 ], [ 103.723472389403724, 1.503434870469748 ], [ 103.723912864937859, 1.503413291893992 ], [ 103.724349117807805, 1.503348367160676 ], [ 103.724776946630485, 1.503240721530908 ], [ 103.725192231152491, 1.503091391694747 ], [ 103.725590971931382, 1.502901815786997 ], [ 103.725969328853438, 1.502673819536975 ], [ 103.72632365811701, 1.502409598685422 ], [ 103.726650547324851, 1.502111697837778 ], [ 103.726946848347964, 1.501782985957696 ], [ 103.727209707644093, 1.501426628736787 ], [ 103.727436593738844, 1.501046058106629 ], [ 103.727625321605075, 1.500644939186748 ], [ 103.727774073705504, 1.500227134986876 ], [ 103.727881417495951, 1.499796669203524 ], [ 103.727946319220848, 1.499357687468977 ], [ 103.727968153867863, 1.498914417426211 ], [ 103.727946711186135, 1.498471128014048 ] ] ] } },
{ "type": "Feature", "properties": { "Final_Location_ID": "FLOC-0044", "Standardized_Location": "Jalan Padi Huma 9", "Frequency_Band": "1-3", "Zone_Source": "500M_EVIDENCE_SUPPORT_BUFFER" }, "geometry": { "type": "Polygon", "coordinates": [ [ [ 103.728246709994409, 1.497941827137989 ], [ 103.728182196449325, 1.497502787492311 ], [ 103.728075233451278, 1.497072225799217 ], [ 103.72792685114031, 1.496654288599496 ], [ 103.727738478544595, 1.496253000850056 ], [ 103.727511929817169, 1.495872227161666 ], [ 103.727249386763773, 1.49551563458102 ], [ 103.726953377830313, 1.495186657275462 ], [ 103.726626753751887, 1.494888463460728 ], [ 103.726272660098459, 1.494623924889762 ], [ 103.725894506981291, 1.494395589196946 ], [ 103.725495936211715, 1.494205655363482 ], [ 103.725080786229015, 1.494055952540711 ], [ 103.724653055134738, 1.493947922434981 ], [ 103.724216862189422, 1.493882605423665 ], [ 103.723776408142911, 1.493860630536318 ], [ 103.723335934779712, 1.493882209397034 ], [ 103.722899684069588, 1.493947134186677 ], [ 103.722471857316009, 1.49405477964438 ], [ 103.722056574696538, 1.49420410908919 ], [ 103.72165783558431, 1.49439368440363 ], [ 103.721279480032891, 1.494621679883412 ], [ 103.720925151795242, 1.494885899819544 ], [ 103.720598263233171, 1.495183799643757 ], [ 103.720301962454826, 1.495512510433542 ], [ 103.720039102997035, 1.495868866540845 ], [ 103.71981221634428, 1.496249436078336 ], [ 103.719623487548859, 1.496650553969746 ], [ 103.719474734187372, 1.497068357245889 ], [ 103.719367388855815, 1.497498822246599 ], [ 103.719302485372211, 1.497937803370215 ], [ 103.719280648819321, 1.498381072997569 ], [ 103.71930208952395, 1.498824362205903 ], [ 103.719366601030032, 1.499263401880725 ], [ 103.719473562085938, 1.499693963829543 ], [ 103.71962194262629, 1.500111901501738 ], [ 103.719810313690942, 1.500513189922236 ], [ 103.72003686118569, 1.500893964454484 ], [ 103.720299403352143, 1.501250558019356 ], [ 103.720595411778504, 1.501579536411682 ], [ 103.720922035749155, 1.501877731373982 ], [ 103.721276129698282, 1.50214227110919 ], [ 103.72165428350327, 1.502370607938183 ], [ 103.722052855326325, 1.502560542836117 ], [ 103.722468006687677, 1.502710246610711 ], [ 103.722895739432843, 1.502818277519081 ], [ 103.723331934237805, 1.502883595152974 ], [ 103.723772390281269, 1.502905570458927 ], [ 103.724212865701944, 1.502883991796744 ], [ 103.724649118451069, 1.502819066977963 ], [ 103.725076947146775, 1.502711421264513 ], [ 103.725492231536847, 1.50256209134725 ], [ 103.725890972180153, 1.502372515361745 ], [ 103.726269328964278, 1.502144519038118 ], [ 103.726623658088855, 1.501880298117752 ], [ 103.726950547158026, 1.501582397206756 ], [ 103.727246848044146, 1.501253685269421 ], [ 103.727509707206224, 1.500897327997878 ], [ 103.727736593171173, 1.500516757324205 ], [ 103.727925320913116, 1.50011563836834 ], [ 103.72807407289595, 1.499697834140364 ], [ 103.728181416576604, 1.499267368337025 ], [ 103.72824631820059, 1.498828386590829 ], [ 103.728268152756513, 1.498385116544872 ], [ 103.728246709994409, 1.497941827137989 ] ] ] } },
{ "type": "Feature", "properties": { "Final_Location_ID": "FLOC-0045", "Standardized_Location": "Jalan Padi Makmur", "Frequency_Band": "1-3", "Zone_Source": "500M_EVIDENCE_SUPPORT_BUFFER" }, "geometry": { "type": "Polygon", "coordinates": [ [ [ 103.725339982371679, 1.486168630086958 ], [ 103.725275469480962, 1.48572959075669 ], [ 103.725168507396162, 1.485299029347964 ], [ 103.725020126248509, 1.484881092398981 ], [ 103.724831755054964, 1.48447980486435 ], [ 103.724605207955079, 1.484099031352827 ], [ 103.724342666739076, 1.483742438909466 ], [ 103.724046659835139, 1.48341346170037 ], [ 103.723720037959012, 1.48311526794029 ], [ 103.723365946659598, 1.482850729381726 ], [ 103.722987796025564, 1.482622393658818 ], [ 103.722589227844594, 1.482432459753057 ], [ 103.722174080531161, 1.482282756816373 ], [ 103.721746352161261, 1.482174726556098 ], [ 103.721310161969384, 1.482109409351 ], [ 103.72086971067894, 1.482087434232368 ], [ 103.720429240048077, 1.48210901282641 ], [ 103.719992992020309, 1.482173937316411 ], [ 103.719565167873341, 1.482281582444275 ], [ 103.71914988775967, 1.482430911532074 ], [ 103.718751151028286, 1.482620486465684 ], [ 103.71837279770979, 1.482848481544415 ], [ 103.718018471535601, 1.483112701063085 ], [ 103.717691584847529, 1.483410600457359 ], [ 103.717395285735577, 1.483739310808892 ], [ 103.717132427720387, 1.484095666473829 ], [ 103.716905542272343, 1.484476235569166 ], [ 103.716716814432061, 1.484877353022948 ], [ 103.716568061766708, 1.485295155870267 ], [ 103.716460716865427, 1.485725620455195 ], [ 103.716395813541951, 1.486164601180199 ], [ 103.716373976877364, 1.486607870430063 ], [ 103.716395417199394, 1.487051159285818 ], [ 103.716459928055613, 1.487490198636474 ], [ 103.716566888200532, 1.48792076029278 ], [ 103.716715267577555, 1.488338697707082 ], [ 103.716903637237735, 1.48873998590687 ], [ 103.717130183100409, 1.489120760257795 ], [ 103.717392723422975, 1.489477353682589 ], [ 103.717688729811513, 1.489806331977402 ], [ 103.718015351570116, 1.490104526885766 ], [ 103.718369443154415, 1.490369066611081 ], [ 103.718747594464759, 1.49059740347432 ], [ 103.719146163687526, 1.490787338450216 ], [ 103.719561312368114, 1.49093704234569 ], [ 103.719989042378089, 1.491045073416565 ], [ 103.720425234419892, 1.491110391252914 ], [ 103.720865687699003, 1.49113236679922 ], [ 103.721306160380848, 1.491110788412816 ], [ 103.721742410443156, 1.491045863902448 ], [ 103.72217023652999, 1.490938218526995 ], [ 103.722585518414292, 1.490788888973892 ], [ 103.722984256679055, 1.490599313375121 ], [ 103.723362611234734, 1.490371317456981 ], [ 103.723716938302374, 1.490107096956885 ], [ 103.724043825505831, 1.489809196476894 ], [ 103.724340124735306, 1.489480484977082 ], [ 103.724602982465626, 1.489124128145406 ], [ 103.724829867237318, 1.488743557909713 ], [ 103.725018594035873, 1.488342439385814 ], [ 103.725167345334029, 1.487924635579696 ], [ 103.725274688595235, 1.487494170184158 ], [ 103.725339590068813, 1.487055188827897 ], [ 103.725361424744719, 1.486611919150364 ], [ 103.725339982371679, 1.486168630086958 ] ] ] } },
{ "type": "Feature", "properties": { "Final_Location_ID": "FLOC-0047", "Standardized_Location": "Jalan Pantai Lido", "Frequency_Band": "1-3", "Zone_Source": "500M_EVIDENCE_SUPPORT_BUFFER" }, "geometry": { "type": "Polygon", "coordinates": [ [ [ 103.748652222836299, 1.458858666900316 ], [ 103.748587704620391, 1.458419628267807 ], [ 103.748480737834242, 1.457989068157793 ], [ 103.74833235265389, 1.45757113309604 ], [ 103.748143978134721, 1.457169848019115 ], [ 103.747917428447977, 1.456789077512288 ], [ 103.747654885408508, 1.45643248859191 ], [ 103.747358877461949, 1.456103515390336 ], [ 103.747032255333906, 1.455805326084041 ], [ 103.746678164575755, 1.45554079238285 ], [ 103.746300015271132, 1.455312461874406 ], [ 103.745901449195017, 1.455122533490208 ], [ 103.745486304741988, 1.454972836329244 ], [ 103.745058579960812, 1.454864812043407 ], [ 103.744622394051831, 1.454799500954089 ], [ 103.744181947697726, 1.454777532033776 ], [ 103.743741482609579, 1.454799116849029 ], [ 103.743305240677998, 1.454864047523253 ], [ 103.742877423122479, 1.454971698738732 ], [ 103.742462150032509, 1.455121033758831 ], [ 103.74206342068986, 1.455310614412189 ], [ 103.741685075054278, 1.455538614942788 ], [ 103.741330756783455, 1.455802839592757 ], [ 103.741003878143317, 1.45610074374812 ], [ 103.740707587146375, 1.45642945844442 ], [ 103.740444737235165, 1.456785817995694 ], [ 103.740217859801902, 1.457166390481247 ], [ 103.740029139809778, 1.457567510796239 ], [ 103.739880394750102, 1.457985315947982 ], [ 103.739773057138407, 1.458415782258156 ], [ 103.739708160717811, 1.458854764112494 ], [ 103.739686330502451, 1.459298033884781 ], [ 103.739707776757413, 1.459741322650928 ], [ 103.739772292972674, 1.460180361300838 ], [ 103.739879257850646, 1.460610921652034 ], [ 103.740027641288691, 1.461028857169515 ], [ 103.740216014298312, 1.461430142899196 ], [ 103.740442562766276, 1.461810914230689 ], [ 103.740705104924629, 1.462167504116003 ], [ 103.741001112361559, 1.46249647838564 ], [ 103.741327734371055, 1.462794668822126 ], [ 103.741681825406275, 1.463059203672193 ], [ 103.742059975372968, 1.463287535304041 ], [ 103.742458542470686, 1.463477464743013 ], [ 103.742873688265604, 1.463627162849552 ], [ 103.743301414657395, 1.463735187935473 ], [ 103.743737602383788, 1.463800499648606 ], [ 103.744178050692284, 1.463822468992489 ], [ 103.74461851779671, 1.463800884384309 ], [ 103.745054761728952, 1.463735953692699 ], [ 103.745482581192604, 1.463628302236004 ], [ 103.745897856024911, 1.463478966760179 ], [ 103.746296586877136, 1.463289385454088 ], [ 103.74667493373147, 1.463061384098807 ], [ 103.747029252883394, 1.462797158483919 ], [ 103.74735613203319, 1.462499253260477 ], [ 103.747652423148665, 1.462170537433992 ], [ 103.747915272782805, 1.46181417673384 ], [ 103.748142149553999, 1.461433603124882 ], [ 103.748330868524533, 1.461032481755125 ], [ 103.748479612242306, 1.460614675657788 ], [ 103.748586948243386, 1.460184208547518 ], [ 103.748651842846584, 1.459745226069399 ], [ 103.748673671107539, 1.459301955873517 ], [ 103.748652222836299, 1.458858666900316 ] ] ] } },
{ "type": "Feature", "properties": { "Final_Location_ID": "FLOC-0050", "Standardized_Location": "Jalan Permatang, Kempas", "Frequency_Band": "1-3", "Zone_Source": "500M_EVIDENCE_SUPPORT_BUFFER" }, "geometry": { "type": "Polygon", "coordinates": [ [ [ 103.727742629011075, 1.534903652292026 ], [ 103.727678115544109, 1.534464611721515 ], [ 103.72757115179536, 1.534034048988919 ], [ 103.727422767912273, 1.53361611064474 ], [ 103.727234392938342, 1.533214821656603 ], [ 103.727007841049527, 1.532834046646957 ], [ 103.726745294081979, 1.532477452674993 ], [ 103.726449280519077, 1.532148473921297 ], [ 103.726122651140244, 1.531850278615416 ], [ 103.725768551566205, 1.531585738524602 ], [ 103.725390391964737, 1.531357401297862 ], [ 103.724991814209247, 1.531167465931271 ], [ 103.724576656805795, 1.531017761591043 ], [ 103.724148917926826, 1.530909729998299 ], [ 103.723712716907357, 1.530844411544977 ], [ 103.723272254574525, 1.530822435274786 ], [ 103.72283177279219, 1.53084401282544 ], [ 103.722395513610806, 1.530908936390701 ], [ 103.721967678415112, 1.531016580721844 ], [ 103.721552387463774, 1.531165909149056 ], [ 103.721153640210005, 1.531355483564954 ], [ 103.720775276785744, 1.531583478274168 ], [ 103.720420941019881, 1.531847697575361 ], [ 103.720094045346855, 1.53214559690653 ], [ 103.719797737943566, 1.532474307350026 ], [ 103.719534872411003, 1.532830663261208 ], [ 103.719307980292527, 1.53321123275463 ], [ 103.71911924669358, 1.533612350754375 ], [ 103.718970489237492, 1.534030154290094 ], [ 103.718863140560202, 1.534460619698934 ], [ 103.718798234512462, 1.534899601375085 ], [ 103.718776396202259, 1.535342871693784 ], [ 103.718797835973703, 1.535786161725332 ], [ 103.718862347380124, 1.536225202346991 ], [ 103.718969309171158, 1.536655765356831 ], [ 103.719117691274576, 1.537073704193705 ], [ 103.719306064715312, 1.537474993871057 ], [ 103.719532615376295, 1.53785576973991 ], [ 103.719795161468596, 1.538212364708111 ], [ 103.720091174542432, 1.538541344556765 ], [ 103.720417803837179, 1.53883954101425 ], [ 103.720771903735368, 1.539104082269037 ], [ 103.721150064056715, 1.5393324206274 ], [ 103.721548642900217, 1.53952235704982 ], [ 103.721963801717948, 1.539672062329445 ], [ 103.722391542283162, 1.539780094709089 ], [ 103.722827745195971, 1.539845413766554 ], [ 103.723268209556551, 1.539867390434926 ], [ 103.723708693423063, 1.539845813061194 ], [ 103.724144954664979, 1.539780889444776 ], [ 103.724572791818403, 1.539673244836379 ], [ 103.724988084549395, 1.539523915916474 ], [ 103.725386833336358, 1.539334340811378 ], [ 103.725765197988437, 1.539106345242947 ], [ 103.726119534629575, 1.538842124945521 ], [ 103.726446430791668, 1.538544224519403 ], [ 103.726742738279029, 1.538215512924306 ], [ 103.727005603487456, 1.537859155849138 ], [ 103.727232494886024, 1.537478585224076 ], [ 103.727421227396974, 1.537077466168516 ], [ 103.727569983438784, 1.536659661693424 ], [ 103.727677330429827, 1.536229195497686 ], [ 103.727742234584213, 1.535790213217388 ], [ 103.727764070866684, 1.535346942500502 ], [ 103.727742629011075, 1.534903652292026 ] ] ] } },
{ "type": "Feature", "properties": { "Final_Location_ID": "FLOC-0052", "Standardized_Location": "Jalan Ros Merah", "Frequency_Band": "1-3", "Zone_Source": "500M_EVIDENCE_SUPPORT_BUFFER" }, "geometry": { "type": "Polygon", "coordinates": [ [ [ 103.799243598014456, 1.533706571404249 ], [ 103.799179068167732, 1.533267531226461 ], [ 103.799072088182143, 1.53283697050101 ], [ 103.798923688360603, 1.53241903575869 ], [ 103.798735297899086, 1.53201775193223 ], [ 103.798508731121743, 1.531636983594316 ], [ 103.798246170007104, 1.531280397740037 ], [ 103.79795014317385, 1.530951428472131 ], [ 103.797623501528406, 1.530653243929322 ], [ 103.797269390808836, 1.530388715775952 ], [ 103.796891221289741, 1.530160391546807 ], [ 103.796492634939568, 1.529970470113702 ], [ 103.796077470346972, 1.529820780509641 ], [ 103.795649725753563, 1.529712764314844 ], [ 103.795213520549609, 1.529647461773952 ], [ 103.794773055602846, 1.529625501778324 ], [ 103.794332572802901, 1.529647095809827 ], [ 103.79389631421067, 1.529712035904252 ], [ 103.79346848120602, 1.529819696654221 ], [ 103.793053194027465, 1.529969041232229 ], [ 103.792654452092847, 1.530158631375618 ], [ 103.792276095483899, 1.530386641237576 ], [ 103.791921767964823, 1.530650874970649 ], [ 103.791594881891584, 1.530948787873521 ], [ 103.791298585349494, 1.531277510897325 ], [ 103.791035731835663, 1.531633878275581 ], [ 103.790808852778284, 1.532014458011578 ], [ 103.790620133157404, 1.532415584929876 ], [ 103.790471390461988, 1.532833395973239 ], [ 103.790364057185869, 1.533263867405539 ], [ 103.790299167031264, 1.533702853561931 ], [ 103.790277344952756, 1.534146126773611 ], [ 103.790298801137595, 1.534589418082154 ], [ 103.790363328980391, 1.535028458351761 ], [ 103.790470307071672, 1.535459019383355 ], [ 103.790618705181274, 1.535876954634386 ], [ 103.79080709417903, 1.536278239152614 ], [ 103.791033659797051, 1.536659008338725 ], [ 103.791296220101373, 1.537015595165065 ], [ 103.791592246504422, 1.537344565491506 ], [ 103.791918888116314, 1.537642751138653 ], [ 103.792272999200293, 1.537907280399754 ], [ 103.792651169467732, 1.538135605697422 ], [ 103.79304975692142, 1.538325528118796 ], [ 103.79346492293034, 1.538475218592896 ], [ 103.793892669198385, 1.538583235506042 ], [ 103.794328876270995, 1.538648538586023 ], [ 103.794769343208586, 1.538670498920723 ], [ 103.795209828045046, 1.538648905015293 ], [ 103.79564608864122, 1.538583964829064 ], [ 103.796073923540163, 1.538476303772935 ], [ 103.796489212430672, 1.538326958686192 ], [ 103.796887955829021, 1.538137367851053 ], [ 103.797266313597305, 1.537909357140905 ], [ 103.797620641926713, 1.53764512243579 ], [ 103.797947528430157, 1.537347208474378 ], [ 103.798243825005784, 1.537018484346198 ], [ 103.798506678155206, 1.536662115860235 ], [ 103.798733556464242, 1.536281535055706 ], [ 103.798922274981607, 1.535880407149158 ], [ 103.799071016260712, 1.535462595235746 ], [ 103.799178347862167, 1.535032123085107 ], [ 103.799243236148129, 1.534593136389623 ], [ 103.799265056235811, 1.534149862838851 ], [ 103.799243598014456, 1.533706571404249 ] ] ] } },
{ "type": "Feature", "properties": { "Final_Location_ID": "FLOC-0056", "Standardized_Location": "Jalan Serigala", "Frequency_Band": "1-3", "Zone_Source": "500M_EVIDENCE_SUPPORT_BUFFER" }, "geometry": { "type": "Polygon", "coordinates": [ [ [ 103.76535728415179, 1.484941736622728 ], [ 103.765292762182099, 1.484502697323858 ], [ 103.765185791090005, 1.484072136843894 ], [ 103.76503740109294, 1.483654201711868 ], [ 103.764849021292591, 1.483252916864728 ], [ 103.764622465910847, 1.482872146885403 ], [ 103.764359916817057, 1.482515558784992 ], [ 103.76406390251482, 1.482186586687923 ], [ 103.763737273790653, 1.481888398760101 ], [ 103.763383176258969, 1.481623866698169 ], [ 103.763005020068192, 1.481395538074176 ], [ 103.762606447059227, 1.481205611801749 ], [ 103.762191295693, 1.481055916959852 ], [ 103.761763564084504, 1.480947895178407 ], [ 103.761327371499476, 1.480882586755134 ], [ 103.760886918684648, 1.480860620637181 ], [ 103.760446447413116, 1.48088220836456 ], [ 103.760010199634948, 1.48094714203305 ], [ 103.759582376625929, 1.481054796296462 ], [ 103.759167098528067, 1.481204134389099 ], [ 103.758768364671553, 1.481393718110282 ], [ 103.758390015059831, 1.481621721674676 ], [ 103.758035693389147, 1.481885949295258 ], [ 103.757708811958494, 1.482183856329532 ], [ 103.757412518807683, 1.482512573785239 ], [ 103.75714966740037, 1.482868935949751 ], [ 103.756922789143644, 1.483249510877005 ], [ 103.756734069009028, 1.483650633438346 ], [ 103.756585324489635, 1.484068440619182 ], [ 103.756477988096179, 1.484498908721262 ], [ 103.756413093560298, 1.484937892112653 ], [ 103.756391265878321, 1.485381163151937 ], [ 103.756412715291106, 1.485824452902403 ], [ 103.756477235258288, 1.486263492244097 ], [ 103.756584204446227, 1.486694052987498 ], [ 103.756732592710648, 1.487111988593519 ], [ 103.756920971016513, 1.487513274106944 ], [ 103.757147525199358, 1.48789404491929 ], [ 103.757410073435835, 1.48825063398742 ], [ 103.757706087255329, 1.48857960714969 ], [ 103.758032715889925, 1.488877796199318 ], [ 103.758386813728578, 1.489142329396513 ], [ 103.758764970611097, 1.48937065912561 ], [ 103.759163544670002, 1.489560586430503 ], [ 103.75957869740401, 1.489710282192561 ], [ 103.760006430645575, 1.489818304746485 ], [ 103.760442625066162, 1.489883613764925 ], [ 103.760883079848568, 1.489905580277765 ], [ 103.76132355314401, 1.489883992729882 ], [ 103.761759802924701, 1.489819059018612 ], [ 103.762187627837889, 1.489711404491766 ], [ 103.762602907668338, 1.489562065925147 ], [ 103.763001643019351, 1.489372481537658 ], [ 103.76337999383, 1.489144477140264 ], [ 103.763734316357983, 1.488880248551947 ], [ 103.764061198271392, 1.48858234045246 ], [ 103.764357491511788, 1.488253621874958 ], [ 103.764620342612119, 1.487897258575182 ], [ 103.764847220177089, 1.487516682542845 ], [ 103.765035939261779, 1.487115558949019 ], [ 103.765184682413405, 1.486697750848033 ], [ 103.765292017173778, 1.486267281973443 ], [ 103.765356909874086, 1.485828297986928 ], [ 103.765378735588513, 1.485385026552747 ], [ 103.76535728415179, 1.484941736622728 ] ] ] } },
{ "type": "Feature", "properties": { "Final_Location_ID": "FLOC-0059", "Standardized_Location": "Jalan Skudai", "Frequency_Band": "1-3", "Zone_Source": "500M_EVIDENCE_SUPPORT_BUFFER" }, "geometry": { "type": "Polygon", "coordinates": [ [ [ 103.730143448026752, 1.470980513777725 ], [ 103.730078934014031, 1.470541474853001 ], [ 103.729971971148061, 1.470110914003009 ], [ 103.729823589567417, 1.469692977760673 ], [ 103.729635218293126, 1.469291691073868 ], [ 103.72940867146545, 1.468910918543302 ], [ 103.729146130871911, 1.468554327204706 ], [ 103.72885012493478, 1.468225351213622 ], [ 103.728523504360481, 1.467927158773179 ], [ 103.728169414685468, 1.467662621623156 ], [ 103.727791265982944, 1.467434287384267 ], [ 103.727392700022108, 1.467244355023682 ], [ 103.726977555196299, 1.467094653678516 ], [ 103.726549829557698, 1.466986625040711 ], [ 103.726113642314715, 1.466921309473417 ], [ 103.725673194162653, 1.466899335992079 ], [ 103.725232726829589, 1.466920916207092 ], [ 103.724796482227489, 1.466985842286029 ], [ 103.724368661601233, 1.46709348895541 ], [ 103.723953385069578, 1.467242819522343 ], [ 103.723554651947168, 1.467432395858426 ], [ 103.723176302229874, 1.467660392249272 ], [ 103.722821979614466, 1.467924612976998 ], [ 103.722495096408508, 1.468222513465538 ], [ 103.72219880066838, 1.468551224785902 ], [ 103.721935945882194, 1.468907581284876 ], [ 103.721709063489115, 1.469288151071343 ], [ 103.721520338500099, 1.469689269066656 ], [ 103.721371588454758, 1.470107072300711 ], [ 103.721264245916757, 1.470537537113847 ], [ 103.721199344676805, 1.470976517906343 ], [ 103.72117750979578, 1.471419787062427 ], [ 103.721198951583958, 1.471863075664044 ], [ 103.721263463574616, 1.472302114602761 ], [ 103.721370424511178, 1.4727326756934 ], [ 103.721518804329236, 1.473150612393827 ], [ 103.72170717407549, 1.473551899738534 ], [ 103.721933719668371, 1.473932673101485 ], [ 103.722196259367863, 1.474289265415046 ], [ 103.722492264786027, 1.474618242486177 ], [ 103.722818885236379, 1.47491643607023 ], [ 103.723172975187239, 1.475180974383477 ], [ 103.723551124554774, 1.475409309760509 ], [ 103.723949691544249, 1.475599243190417 ], [ 103.724364837722845, 1.475748945495009 ], [ 103.724792564986302, 1.475856974945446 ], [ 103.725228754063806, 1.475922291147344 ], [ 103.7256692041896, 1.475944265060906 ], [ 103.726109673559691, 1.475922685059108 ], [ 103.726545920183867, 1.475857758966188 ], [ 103.726973742739531, 1.475750112056151 ], [ 103.727389021033758, 1.475600781031117 ], [ 103.727787755684233, 1.475411204037151 ], [ 103.728166106636294, 1.475183206813883 ], [ 103.728520430145764, 1.474918985111207 ], [ 103.728847313870673, 1.474621083542606 ], [ 103.729143609734749, 1.474292371078649 ], [ 103.729406464245116, 1.473936013416457 ], [ 103.72963334597317, 1.473555442491837 ], [ 103.729822069933519, 1.473154323427197 ], [ 103.729970818626114, 1.47273651923373 ], [ 103.730078159539261, 1.472306053607975 ], [ 103.730143058944662, 1.471867072180842 ], [ 103.73016489185197, 1.471423802592554 ], [ 103.730143448026752, 1.470980513777725 ] ] ] } },
{ "type": "Feature", "properties": { "Final_Location_ID": "FLOC-0060", "Standardized_Location": "Jalan Stulang Darat", "Frequency_Band": "1-3", "Zone_Source": "500M_EVIDENCE_SUPPORT_BUFFER" }, "geometry": { "type": "Polygon", "coordinates": [ [ [ 103.781861656429115, 1.472021794821141 ], [ 103.781797130780319, 1.471582755856259 ], [ 103.78169015631137, 1.47115219610891 ], [ 103.781541763271946, 1.47073426210107 ], [ 103.781353380792709, 1.470332978758904 ], [ 103.781126823121127, 1.469952210650912 ], [ 103.78086427214842, 1.469595624770288 ], [ 103.780568256396137, 1.469266655220243 ], [ 103.780241626664605, 1.468968470142287 ], [ 103.779887528577916, 1.468703941205783 ], [ 103.779509372289866, 1.468475615952919 ], [ 103.779110799642353, 1.468285693264985 ], [ 103.778695649092924, 1.468136002186633 ], [ 103.778267918748838, 1.468027984311714 ], [ 103.777831727863969, 1.467962679900404 ], [ 103.777391277168832, 1.467940717861435 ], [ 103.776950808416444, 1.467962309695587 ], [ 103.776514563532842, 1.468027247459145 ], [ 103.776086743766257, 1.468134905766494 ], [ 103.775671469227802, 1.468284247813004 ], [ 103.775272739213577, 1.468473835359889 ], [ 103.774894393690289, 1.468701842584818 ], [ 103.77454007631502, 1.46896607366549 ], [ 103.774213199345553, 1.469263983925896 ], [ 103.773916910778837, 1.469592704342557 ], [ 103.773654064034432, 1.469949069174159 ], [ 103.773427190474507, 1.47032964644875 ], [ 103.773238475025281, 1.470730771014921 ], [ 103.773089735134661, 1.47114857983856 ], [ 103.772982403268557, 1.47157904920547 ], [ 103.772917513114862, 1.47201803347133 ], [ 103.77289568962739, 1.472461304986214 ], [ 103.772917143006367, 1.472904594808748 ], [ 103.772981666672919, 1.473343633818189 ], [ 103.773088639257523, 1.473774193828209 ], [ 103.773237030582905, 1.474192128306788 ], [ 103.773425411584228, 1.474593412309618 ], [ 103.773651968070865, 1.474974181242851 ], [ 103.773914518197103, 1.475330768081563 ], [ 103.774210533473948, 1.4756597386857 ], [ 103.774537163119305, 1.475957924873288 ], [ 103.774891261512423, 1.476222454932284 ], [ 103.775269418487738, 1.476450781277403 ], [ 103.775667992176949, 1.47664070498534 ], [ 103.776083144082421, 1.476790396972257 ], [ 103.776510876044824, 1.476898415609401 ], [ 103.776947068748086, 1.476963720607297 ], [ 103.777387521391816, 1.476985683034662 ], [ 103.777827992148119, 1.4769640913758 ], [ 103.778264239013922, 1.476899153567692 ], [ 103.778692060664852, 1.476791494997654 ], [ 103.779107336917377, 1.476642152480413 ], [ 103.779506068409503, 1.476452564272865 ], [ 103.779884415117749, 1.476224556222683 ], [ 103.780238733339473, 1.475960324183933 ], [ 103.780565610784393, 1.475662412869438 ], [ 103.780861899437269, 1.475333691343147 ], [ 103.781124745875232, 1.474977325389043 ], [ 103.781351618747905, 1.474596747022211 ], [ 103.781540333155448, 1.474195621436022 ], [ 103.781689071690025, 1.47377781170382 ], [ 103.781796401937797, 1.473347341574691 ], [ 103.781861290273113, 1.472908356722247 ], [ 103.781883111811979, 1.472465084818957 ], [ 103.781861656429115, 1.472021794821141 ] ] ] } },
{ "type": "Feature", "properties": { "Final_Location_ID": "FLOC-0061", "Standardized_Location": "Jalan Sukun, Kampung Pasir", "Frequency_Band": "1-3", "Zone_Source": "500M_EVIDENCE_SUPPORT_BUFFER" }, "geometry": { "type": "Polygon", "coordinates": [ [ [ 103.700869510106784, 1.499519892265331 ], [ 103.700805002867099, 1.499080852613714 ], [ 103.700698046111725, 1.498650290289167 ], [ 103.700549669920946, 1.498232351838698 ], [ 103.700361303264387, 1.497831062231395 ], [ 103.700134760238257, 1.497450286095901 ], [ 103.699872222593811, 1.497093690502392 ], [ 103.699576218725142, 1.496764709647112 ], [ 103.699249599318932, 1.496466511779759 ], [ 103.698895509900439, 1.496201968692083 ], [ 103.698517360540293, 1.495973628061606 ], [ 103.698118793013805, 1.495783688916744 ], [ 103.697703645729149, 1.495633980459671 ], [ 103.697275916761811, 1.495525944450552 ], [ 103.696839725351808, 1.495460621323291 ], [ 103.696399272234018, 1.495438640165952 ], [ 103.695958799183842, 1.495460212662725 ], [ 103.695522548167688, 1.495525131055497 ], [ 103.695094720491696, 1.495632770144784 ], [ 103.694679436341929, 1.495782093310787 ], [ 103.694280695105917, 1.495971662496468 ], [ 103.693902336857263, 1.496199652056515 ], [ 103.693548005374552, 1.496463866339032 ], [ 103.693221113050456, 1.496761760830337 ], [ 103.692924808029062, 1.49709046665947 ], [ 103.692661943887813, 1.497446818226403 ], [ 103.692435052156029, 1.497827383687897 ], [ 103.692246317934831, 1.498228498007218 ], [ 103.692097558852993, 1.498646298250005 ], [ 103.691990207561602, 1.49907676078563 ], [ 103.691925297936137, 1.499515740036568 ], [ 103.691903455118691, 1.499959008402036 ], [ 103.691924889496562, 1.500402296971766 ], [ 103.691989394674962, 1.500841336637659 ], [ 103.692096349463483, 1.50127189920753 ], [ 103.692244723857456, 1.501689838124915 ], [ 103.692433088956307, 1.502091128402853 ], [ 103.692659630723682, 1.502471905386882 ], [ 103.6929221674567, 1.502828501974233 ], [ 103.693218170796285, 1.503157483930468 ], [ 103.693544790076103, 1.50345568296357 ], [ 103.693898879775759, 1.503720227237022 ], [ 103.694277029813804, 1.503948569027694 ], [ 103.694675598388869, 1.504138509262583 ], [ 103.695090747052504, 1.504288218697671 ], [ 103.695518477676217, 1.504396255535169 ], [ 103.695954670956326, 1.504461579309351 ], [ 103.696395126086102, 1.504483560907286 ], [ 103.69683560121284, 1.504461988627844 ], [ 103.697271854290292, 1.504397070220818 ], [ 103.697699683933138, 1.504289430886214 ], [ 103.698114969879697, 1.504140107253269 ], [ 103.698513712673432, 1.503950537396976 ], [ 103.69889207218084, 1.503722546988387 ], [ 103.699246404574993, 1.503458331712031 ], [ 103.699573297428145, 1.503160436119769 ], [ 103.69986960257593, 1.502831729124873 ], [ 103.700132466436045, 1.502475376372177 ], [ 103.700359357489916, 1.502094809750504 ], [ 103.700548090662522, 1.501693694341133 ], [ 103.700696848365396, 1.501275893120362 ], [ 103.700804198000412, 1.500845429756346 ], [ 103.700869105755771, 1.500406449858482 ], [ 103.700890946561216, 1.49996318105242 ], [ 103.700869510106784, 1.499519892265331 ] ] ] } },
{ "type": "Feature", "properties": { "Final_Location_ID": "FLOC-0062", "Standardized_Location": "Jalan Sungai Chat", "Frequency_Band": "1-3", "Zone_Source": "500M_EVIDENCE_SUPPORT_BUFFER" }, "geometry": { "type": "Polygon", "coordinates": [ [ [ 103.743029725935358, 1.460550880420077 ], [ 103.742965208987115, 1.460111841752771 ], [ 103.742858243426483, 1.459681281478409 ], [ 103.742709859417744, 1.459263346124323 ], [ 103.742521486005103, 1.458862060629944 ], [ 103.742294937349271, 1.458481289584528 ], [ 103.742032395255194, 1.458124700009623 ], [ 103.741736388159453, 1.457795726043837 ], [ 103.741409766779555, 1.457497535870942 ], [ 103.741055676659727, 1.457233001209081 ], [ 103.740677527877409, 1.457004669655061 ], [ 103.740278962202638, 1.456814740150391 ], [ 103.739863818026095, 1.456665041804799 ], [ 103.739436093393863, 1.456557016281467 ], [ 103.738999907504834, 1.456491703913689 ], [ 103.738559461041419, 1.456469733686171 ], [ 103.738118995715695, 1.45649131717802 ], [ 103.737682753420515, 1.456556246525351 ], [ 103.737254935378786, 1.456663896423176 ], [ 103.73683966168457, 1.456813230147537 ], [ 103.736440931625395, 1.457002809539532 ], [ 103.736062585167844, 1.457230808855349 ], [ 103.735708265977465, 1.457495032348781 ], [ 103.735381386328882, 1.457792935417055 ], [ 103.735085094244397, 1.458121649106223 ], [ 103.734822243176865, 1.458478007740082 ], [ 103.734595364529653, 1.458858579406815 ], [ 103.734406643277623, 1.45925969900955 ], [ 103.734257896924262, 1.459677503562548 ], [ 103.734150557997552, 1.460107969393323 ], [ 103.734085660253271, 1.460546950892241 ], [ 103.734063828718405, 1.460990220436607 ], [ 103.734085273670814, 1.461433509104593 ], [ 103.734149788613024, 1.461872547787066 ], [ 103.734256752259867, 1.462303108301304 ], [ 103.734405134520586, 1.46272104411073 ], [ 103.734593506418122, 1.463122330258454 ], [ 103.734820053850044, 1.463503102130049 ], [ 103.735082595058444, 1.463859692672309 ], [ 103.735378601640718, 1.464188667709376 ], [ 103.735705222899114, 1.464486859016333 ], [ 103.73605931329412, 1.464751394831484 ], [ 103.736437462737641, 1.464979727513629 ], [ 103.736836029434286, 1.465169658077986 ], [ 103.73725117495411, 1.465319357374063 ], [ 103.737678901199388, 1.465427383702148 ], [ 103.73811508890924, 1.465492696698052 ], [ 103.738555537331266, 1.465514667352895 ], [ 103.738996004678143, 1.465493084071168 ], [ 103.739432248979355, 1.465428154708681 ], [ 103.739860068934888, 1.465320504570976 ], [ 103.740275344377125, 1.465171170391272 ], [ 103.740674075951375, 1.464981590345931 ], [ 103.741052423632837, 1.46475359020391 ], [ 103.741406743708922, 1.464489365743152 ], [ 103.741733623870957, 1.464191461603592 ], [ 103.742029916076959, 1.463862746780376 ], [ 103.742292766869312, 1.463506386993247 ], [ 103.742519644855292, 1.463125814198339 ], [ 103.742708365085448, 1.462724693535935 ], [ 103.742857110095542, 1.462306888032449 ], [ 103.742964447409221, 1.461876421396934 ], [ 103.743029343332694, 1.461437439269908 ], [ 103.74305117290892, 1.460994169298186 ], [ 103.743029725935358, 1.460550880420077 ] ] ] } },
{ "type": "Feature", "properties": { "Final_Location_ID": "FLOC-0063", "Standardized_Location": "Jalan Tampoi", "Frequency_Band": "1-3", "Zone_Source": "500M_EVIDENCE_SUPPORT_BUFFER" }, "geometry": { "type": "Polygon", "coordinates": [ [ [ 103.712738312663944, 1.499924764318784 ], [ 103.712673802684378, 1.499485724633865 ], [ 103.712566843191368, 1.499055162544744 ], [ 103.712418464291375, 1.498637224596096 ], [ 103.712230094979944, 1.4982359357521 ], [ 103.712003549378736, 1.49785516063404 ], [ 103.711741009263591, 1.497498566302349 ], [ 103.71144500305229, 1.49716958694117 ], [ 103.7111183814539, 1.496871390785865 ], [ 103.710764290014652, 1.496606849611825 ], [ 103.710386138824532, 1.496378511078286 ], [ 103.709987569676457, 1.496188574193612 ], [ 103.709572420994107, 1.496038868138383 ], [ 103.709144690866438, 1.49593083464978 ], [ 103.708708498544681, 1.495865514137614 ], [ 103.708268044772495, 1.495843535664939 ], [ 103.70782757133172, 1.495865110890227 ], [ 103.707391320192613, 1.495930032029203 ], [ 103.706963492662609, 1.496037673856044 ], [ 103.706548208926563, 1.496186999724665 ], [ 103.70614946836811, 1.496376571552007 ], [ 103.705771111054545, 1.496604563667412 ], [ 103.705416780755584, 1.496868780394267 ], [ 103.705089889852701, 1.497166677195338 ], [ 103.704793586476384, 1.497495385177329 ], [ 103.704530724188388, 1.497851738719376 ], [ 103.704303834500323, 1.498232305959049 ], [ 103.704115102493645, 1.498633421842381 ], [ 103.703966345775839, 1.499051223419728 ], [ 103.703858996975299, 1.499481687047514 ], [ 103.703794089943443, 1.499920667137493 ], [ 103.703772249797368, 1.500363936080634 ], [ 103.703793686898564, 1.500807224960965 ], [ 103.703858194825884, 1.501246264667237 ], [ 103.703965152362315, 1.501676827006839 ], [ 103.704113529476615, 1.502094765425424 ], [ 103.70430189724182, 1.502496054940763 ], [ 103.704528441595741, 1.502876830905783 ], [ 103.704790980810415, 1.503233426227481 ], [ 103.705086986502721, 1.503562406683728 ], [ 103.705413607983502, 1.503860603996991 ], [ 103.705767699711075, 1.504125146347449 ], [ 103.70614585158431, 1.504353486030625 ], [ 103.706544421784116, 1.504543423993957 ], [ 103.706959571846369, 1.504693131015499 ], [ 103.707387303629062, 1.504801165320839 ], [ 103.707823497817387, 1.504866486468811 ], [ 103.708263953595917, 1.504888465371917 ], [ 103.708704429105765, 1.504866890355183 ], [ 103.709140682297146, 1.504801969194842 ], [ 103.709568511783701, 1.504694327117532 ], [ 103.709983797305469, 1.504545000778988 ], [ 103.710382539410119, 1.504355428280278 ], [ 103.710760897970985, 1.504127435317925 ], [ 103.711115229170403, 1.50386321760104 ], [ 103.711442120592295, 1.503565319704931 ], [ 103.711738424086221, 1.503236610564957 ], [ 103.712001286085908, 1.50288025584651 ], [ 103.712228175090843, 1.502499687457197 ], [ 103.712416906045789, 1.502098570495168 ], [ 103.712565661383707, 1.501680767951537 ], [ 103.712673008529222, 1.501250303507027 ], [ 103.712737913694511, 1.500811322781233 ], [ 103.712759751834213, 1.500368053407661 ], [ 103.712738312663944, 1.499924764318784 ] ] ] } },
{ "type": "Feature", "properties": { "Final_Location_ID": "FLOC-0065", "Standardized_Location": "Jalan Tebrau", "Frequency_Band": "1-3", "Zone_Source": "500M_EVIDENCE_SUPPORT_BUFFER" }, "geometry": { "type": "Polygon", "coordinates": [ [ [ 103.767390260428812, 1.474428028741864 ], [ 103.767325738014122, 1.473988989700432 ], [ 103.76721876670922, 1.473558429551428 ], [ 103.767070376733514, 1.473140494820759 ], [ 103.766881997188378, 1.472739210441614 ], [ 103.766655442293214, 1.472358440992451 ], [ 103.766392893912723, 1.472001853479322 ], [ 103.766096880543643, 1.471672882021109 ], [ 103.765770252963506, 1.471374694777558 ], [ 103.765416156775842, 1.471110163438781 ], [ 103.765038002116214, 1.470881835569894 ], [ 103.764639430810888, 1.470691910077212 ], [ 103.76422428130455, 1.470542216032253 ], [ 103.763796551694384, 1.470434195057188 ], [ 103.763360361227058, 1.470368887441902 ], [ 103.762919910629051, 1.470346922125797 ], [ 103.762479441652275, 1.470368510641054 ], [ 103.762043196224781, 1.470433445075781 ], [ 103.761615375599831, 1.47054110007637 ], [ 103.761200099896612, 1.470690438869917 ], [ 103.76080136842225, 1.470880023248943 ], [ 103.760423021157294, 1.471108027421677 ], [ 103.760068701775438, 1.471372255595202 ], [ 103.759741822553551, 1.471670163121617 ], [ 103.759445531510195, 1.471998881003878 ], [ 103.759182682088593, 1.472355243525209 ], [ 103.758955805676621, 1.472735818736103 ], [ 103.758767087227938, 1.473136941505189 ], [ 103.758618344219272, 1.473554748815829 ], [ 103.75851100914663, 1.473985216968578 ], [ 103.758446115728802, 1.474424200331058 ], [ 103.75842428895119, 1.474867471262177 ], [ 103.758445739045783, 1.475310760826341 ], [ 103.758510259465581, 1.475749799905387 ], [ 103.758617228872424, 1.476180360312494 ], [ 103.758765617119863, 1.476598295511835 ], [ 103.758953995172959, 1.476999580552215 ], [ 103.759180548869608, 1.477380350829746 ], [ 103.759443096391209, 1.477736939306532 ], [ 103.759739109274022, 1.478065911826681 ], [ 103.760065736759174, 1.478364100189632 ], [ 103.7604198332468, 1.47862863266227 ], [ 103.760797988589829, 1.478856961635878 ], [ 103.761196560935701, 1.47904688816168 ], [ 103.761611711799773, 1.479196583128503 ], [ 103.762039443032677, 1.479304604878722 ], [ 103.762475635325345, 1.479369913092647 ], [ 103.762916087881209, 1.479391878807898 ], [ 103.763356558873099, 1.479370290476932 ], [ 103.763792806295498, 1.479305356004562 ], [ 103.764220628818506, 1.479197700745879 ], [ 103.764635906249993, 1.479048361483654 ], [ 103.76503463921641, 1.478858776443409 ], [ 103.765412987679866, 1.478630771442321 ], [ 103.765767307920612, 1.478366542305109 ], [ 103.766094187628781, 1.478068633716773 ], [ 103.766390478767107, 1.477739914715097 ], [ 103.766653327888733, 1.477383551059921 ], [ 103.766880203617319, 1.477002974744305 ], [ 103.767068921025455, 1.4766018509421 ], [ 103.767217662676373, 1.476184042709592 ], [ 103.767324996126291, 1.47575357378169 ], [ 103.76738988771875, 1.475314589820577 ], [ 103.767411712538532, 1.474871318490321 ], [ 103.767390260428812, 1.474428028741864 ] ] ] } },
{ "type": "Feature", "properties": { "Final_Location_ID": "FLOC-0067", "Standardized_Location": "Jalan Tebrau, Taman Sentosa", "Frequency_Band": "1-3", "Zone_Source": "500M_EVIDENCE_SUPPORT_BUFFER" }, "geometry": { "type": "Polygon", "coordinates": [ [ [ 103.781772305705019, 1.493758601315602 ], [ 103.781707780020653, 1.493319561853067 ], [ 103.78160080504324, 1.492889001549871 ], [ 103.781452411027459, 1.492471066933134 ], [ 103.78126402711348, 1.492069782934758 ], [ 103.781037467562598, 1.491689014129358 ], [ 103.780774914284123, 1.491332427516739 ], [ 103.780478895821631, 1.491003457207091 ], [ 103.780152263001469, 1.490705271349131 ], [ 103.779798161477245, 1.490440741619698 ], [ 103.779420001435597, 1.490212415568639 ], [ 103.779021424754305, 1.490022492084973 ], [ 103.778606269929497, 1.489872800221097 ], [ 103.778178535109305, 1.489764781578521 ], [ 103.77774233959039, 1.48969947642496 ], [ 103.777301884147604, 1.489677513676445 ], [ 103.776861410579443, 1.489699104840763 ], [ 103.776425160858125, 1.489764041980834 ], [ 103.775997336278238, 1.489871699717251 ], [ 103.775582056997138, 1.490021041251072 ], [ 103.775183322356526, 1.490210628348559 ], [ 103.774804972367676, 1.490438635191962 ], [ 103.774450650730685, 1.490702865962703 ], [ 103.774123769744477, 1.491000775987895 ], [ 103.773827477444883, 1.491329496246373 ], [ 103.773564627287584, 1.491685860998388 ], [ 103.773337750667864, 1.492066438272762 ], [ 103.773149032541667, 1.492467562918043 ], [ 103.773000290382996, 1.492885371899255 ], [ 103.772892956679911, 1.493315841500597 ], [ 103.77282806513827, 1.493754826075343 ], [ 103.772806240725544, 1.494198097970456 ], [ 103.772827693651138, 1.494641388240718 ], [ 103.772892217340797, 1.495080427760849 ], [ 103.772999190424898, 1.495510988339484 ], [ 103.773147582721492, 1.495928923438884 ], [ 103.773335965156534, 1.496330208108634 ], [ 103.773562523525499, 1.49671097774826 ], [ 103.773825075964595, 1.497067565325942 ], [ 103.774121093962393, 1.497396536694411 ], [ 103.774447726710477, 1.497694723664249 ], [ 103.774801828557983, 1.497959254515844 ], [ 103.775179989305869, 1.498187581656295 ], [ 103.775578567049166, 1.498377506154667 ], [ 103.775993723250991, 1.498527198919608 ], [ 103.776421459710249, 1.498635218314961 ], [ 103.776857657067339, 1.498700524044063 ], [ 103.777298114476707, 1.498722487168808 ], [ 103.777738590064331, 1.498700896166889 ], [ 103.778174841780398, 1.498635958969221 ], [ 103.778602668253612, 1.498528300957379 ], [ 103.779017949253884, 1.498378958940898 ], [ 103.779416685373448, 1.498189371172047 ], [ 103.779795036544186, 1.497961363494411 ], [ 103.780149359020584, 1.4976971317586 ], [ 103.780476240471458, 1.497399220674606 ], [ 103.78077253284313, 1.497070499304252 ], [ 103.781035382677146, 1.496714133430045 ], [ 103.781262258590644, 1.496333555066288 ], [ 103.78145097565482, 1.495932429406308 ], [ 103.781599716436489, 1.495514619524025 ], [ 103.781707048500479, 1.495084149169922 ], [ 103.781771938203974, 1.494645164019602 ], [ 103.781793760650089, 1.494201891748272 ], [ 103.781772305705019, 1.493758601315602 ] ] ] } },
{ "type": "Feature", "properties": { "Final_Location_ID": "FLOC-0068", "Standardized_Location": "Jalan Tun Abdul Razak", "Frequency_Band": "1-3", "Zone_Source": "500M_EVIDENCE_SUPPORT_BUFFER" }, "geometry": { "type": "Polygon", "coordinates": [ [ [ 103.757205171882376, 1.479937753932982 ], [ 103.757140651755165, 1.479498714748631 ], [ 103.757033682605353, 1.479068154215998 ], [ 103.756885294631786, 1.478650218864681 ], [ 103.756696916916695, 1.478248933633863 ], [ 103.756470363662018, 1.477868163110127 ], [ 103.756207816716781, 1.477511574309891 ], [ 103.755911804564008, 1.477182601364311 ], [ 103.755585177969579, 1.476884412447353 ], [ 103.755231082527601, 1.476619879265156 ], [ 103.754852928366489, 1.4763915494005 ], [ 103.754454357307694, 1.476201621778791 ], [ 103.754039207793483, 1.476051925491886 ], [ 103.753611477921041, 1.475943902183501 ], [ 103.753175286939481, 1.475878592165838 ], [ 103.7527348355801, 1.475856624401348 ], [ 103.752294365601998, 1.475878210445746 ], [ 103.751858118942721, 1.475943142410831 ], [ 103.751430296867255, 1.476050794966735 ], [ 103.751015019508557, 1.476200131364146 ], [ 103.750616286189569, 1.476389713418634 ], [ 103.750237936908448, 1.47661771536084 ], [ 103.749883615358172, 1.476881941419378 ], [ 103.749556733836428, 1.477179846966821 ], [ 103.749260440383765, 1.477508563025249 ], [ 103.748997588466622, 1.477864923895571 ], [ 103.748770709496853, 1.478245497644271 ], [ 103.748581988452742, 1.478646619154176 ], [ 103.7484332428361, 1.479064425420951 ], [ 103.748325905168088, 1.479494892755274 ], [ 103.748261009192618, 1.479933875532752 ], [ 103.748239179919793, 1.48037714611802 ], [ 103.748260627605845, 1.480820435578899 ], [ 103.748325145727037, 1.481259474798332 ], [ 103.748432112967564, 1.481690035588087 ], [ 103.748580499201992, 1.482107971408728 ], [ 103.748768875414896, 1.482509257303043 ], [ 103.748995427462091, 1.482890028658899 ], [ 103.749257973540935, 1.483246618427966 ], [ 103.749553985201715, 1.483575592441832 ], [ 103.749880611697435, 1.483873782485447 ], [ 103.750234707437798, 1.484138316809406 ], [ 103.750612862282921, 1.484366647787061 ], [ 103.751011434385063, 1.484556576450191 ], [ 103.751426585261882, 1.484706273666966 ], [ 103.751854316763797, 1.484814297757924 ], [ 103.752290509579069, 1.484879608380769 ], [ 103.752730962905986, 1.484901576549822 ], [ 103.753171434909788, 1.484879990693787 ], [ 103.753607683575083, 1.484815058693629 ], [ 103.754035507559848, 1.48470740588059 ], [ 103.754450786657685, 1.484558069013848 ], [ 103.754849521478846, 1.484368486295886 ], [ 103.755227871967449, 1.484140483521551 ], [ 103.755582194384104, 1.483876256494169 ], [ 103.75590907639787, 1.483578349878464 ], [ 103.756205369949242, 1.483249632693386 ], [ 103.756468221567985, 1.482893270681281 ], [ 103.756695099853744, 1.482512695819586 ], [ 103.756883819854494, 1.482111573268227 ], [ 103.757032564108556, 1.481693766071608 ], [ 103.757139900147081, 1.481263297954711 ], [ 103.757204794288839, 1.480824314572061 ], [ 103.757226621594128, 1.480381043582245 ], [ 103.757205171882376, 1.479937753932982 ] ] ] } },
{ "type": "Feature", "properties": { "Final_Location_ID": "FLOC-0069", "Standardized_Location": "Jalan Wong Ah Fook", "Frequency_Band": "1-3", "Zone_Source": "500M_EVIDENCE_SUPPORT_BUFFER" }, "geometry": { "type": "Polygon", "coordinates": [ [ [ 103.770090021663606, 1.457167917197987 ], [ 103.770025498649986, 1.456728878587334 ], [ 103.769918527124304, 1.456298318976309 ], [ 103.769770137307944, 1.455880384885795 ], [ 103.76958175830066, 1.455479101242935 ], [ 103.769355204316653, 1.455098332619203 ], [ 103.769092657211786, 1.454741746012836 ], [ 103.768796645470601, 1.454412775534047 ], [ 103.768470019855044, 1.454114589333269 ], [ 103.768115925949843, 1.45385005909057 ], [ 103.76773777386876, 1.45362173236057 ], [ 103.76733920541345, 1.45343180803862 ], [ 103.766924059001326, 1.453282115184879 ], [ 103.766496332700044, 1.453174095410086 ], [ 103.766060145724651, 1.453108788992427 ], [ 103.765619698768234, 1.453086824859704 ], [ 103.765179233547812, 1.45310841453261 ], [ 103.764742991955529, 1.453173350087965 ], [ 103.764315175207855, 1.453281006161215 ], [ 103.7638999033868, 1.453430345969058 ], [ 103.763501175762144, 1.453619931294052 ], [ 103.76312283227746, 1.453847936335253 ], [ 103.762768516569977, 1.454112165291249 ], [ 103.762441640881221, 1.454410073506494 ], [ 103.762145353195564, 1.454738791977265 ], [ 103.761882506923797, 1.45509515498106 ], [ 103.76165563342326, 1.455475730563685 ], [ 103.761466917619373, 1.455876853590188 ], [ 103.761318176963186, 1.456294661041502 ], [ 103.761210843927827, 1.456725129216859 ], [ 103.761145952212203, 1.457164112483725 ], [ 103.761124126785063, 1.457607383202034 ], [ 103.761145577865221, 1.458050672438337 ], [ 103.761210098895916, 1.4584897110778 ], [ 103.761317068533003, 1.458920270937897 ], [ 103.761465456627633, 1.459338205488221 ], [ 103.76165383414623, 1.459739489783926 ], [ 103.76188038693185, 1.460120259228484 ], [ 103.762142933174616, 1.460476846792107 ], [ 103.762438944423153, 1.460805818327742 ], [ 103.762765569934444, 1.461104005644448 ], [ 103.763119664127743, 1.461368537019166 ], [ 103.763497816878271, 1.461596864853841 ], [ 103.763896386358567, 1.461786790210624 ], [ 103.764311534111911, 1.461936483989615 ], [ 103.764739262019063, 1.462044504544531 ], [ 103.765175450803241, 1.46210981156716 ], [ 103.765615899701928, 1.462131776106504 ], [ 103.766056366923351, 1.462110186626216 ], [ 103.76649261049856, 1.462045251042073 ], [ 103.766920429134842, 1.461937594719748 ], [ 103.767335702677642, 1.461788254452089 ], [ 103.76773443179097, 1.461598668474249 ], [ 103.768112776474055, 1.461370662612223 ], [ 103.768467093043611, 1.461106432698981 ], [ 103.76879396922503, 1.460808523426852 ], [ 103.769090257014966, 1.460479803840194 ], [ 103.769353102998636, 1.460123439704376 ], [ 103.769579975829743, 1.459742863017098 ], [ 103.769768690608601, 1.45934173895574 ], [ 103.769917429923581, 1.458923930579173 ], [ 103.770024761353071, 1.458493461623698 ], [ 103.770089651259894, 1.458054477751837 ], [ 103.770111474744795, 1.457611206626927 ], [ 103.770090021663606, 1.457167917197987 ] ] ] } },
{ "type": "Feature", "properties": { "Final_Location_ID": "FLOC-0071", "Standardized_Location": "Jalan Yahya Awal", "Frequency_Band": "1-3", "Zone_Source": "500M_EVIDENCE_SUPPORT_BUFFER" }, "geometry": { "type": "Polygon", "coordinates": [ [ [ 103.759818633486589, 1.462931142550188 ], [ 103.759754112770608, 1.462492103796955 ], [ 103.759647143406553, 1.462061543801098 ], [ 103.759498755595146, 1.461643609087199 ], [ 103.759310378417013, 1.46124232458839 ], [ 103.75908382606886, 1.460861554884365 ], [ 103.758821280390961, 1.46050496698372 ], [ 103.758525269854189, 1.460175995009046 ], [ 103.758198645208978, 1.459877807125036 ], [ 103.757844552030775, 1.459613275027948 ], [ 103.757466400426338, 1.459384946290097 ], [ 103.75706783219276, 1.459195019826057 ], [ 103.756652685745252, 1.459045324716534 ], [ 103.756224959151723, 1.458937302593806 ], [ 103.755788771629952, 1.458871993758627 ], [ 103.755348323878152, 1.458850027161956 ], [ 103.754907857620893, 1.458871614348149 ], [ 103.754471614760121, 1.458936547417917 ], [ 103.754043796524357, 1.459044201030606 ], [ 103.753628523009723, 1.459193538426582 ], [ 103.753229793502285, 1.459383121411677 ], [ 103.752851447963479, 1.459611124207483 ], [ 103.752497130050287, 1.459875351034285 ], [ 103.752170252025266, 1.460173257257126 ], [ 103.751873961895271, 1.460501973891523 ], [ 103.75161111309454, 1.460858335232807 ], [ 103.7513842370048, 1.461238909342912 ], [ 103.751195518576395, 1.461640031101155 ], [ 103.751046775285687, 1.462057837500818 ], [ 103.750939439631239, 1.462488304851418 ], [ 103.750874545337297, 1.46292728752838 ], [ 103.750852717397578, 1.463370557897484 ], [ 103.750874166055212, 1.46381384702872 ], [ 103.750938684776926, 1.464252885808262 ], [ 103.751045652240975, 1.464683446052333 ], [ 103.751194038319625, 1.465101381226803 ], [ 103.751382413998869, 1.465502666380846 ], [ 103.751608965139582, 1.465883436909592 ], [ 103.751871509947904, 1.466240025772751 ], [ 103.752167519986372, 1.46656899881074 ], [ 103.752494144523681, 1.466867187817968 ], [ 103.752848237988559, 1.467131721055075 ], [ 103.753226390263208, 1.467360050905906 ], [ 103.753624959524814, 1.467549978413101 ], [ 103.754040107318644, 1.467699674455897 ], [ 103.75446783552502, 1.467807697366115 ], [ 103.754904024864231, 1.467873006812775 ], [ 103.755344474568176, 1.467894973821384 ], [ 103.755784942837295, 1.467873386831796 ], [ 103.756221187692347, 1.467808453735717 ], [ 103.756649007828116, 1.467700799874823 ], [ 103.757064283075479, 1.467551462018258 ], [ 103.757463014081821, 1.467361878377919 ], [ 103.757841360828053, 1.467133874757391 ], [ 103.75819567961085, 1.466869646968097 ], [ 103.758522558134175, 1.466571739681944 ], [ 103.758818848372059, 1.466243021924298 ], [ 103.759081696886113, 1.465886659443001 ], [ 103.759308572305613, 1.465506084219935 ], [ 103.759497289706019, 1.465104961418527 ], [ 103.759646031650405, 1.464687154085585 ], [ 103.759753365691992, 1.464256685947514 ], [ 103.759818258168494, 1.46381770265905 ], [ 103.759840084156082, 1.463374431877993 ], [ 103.759818633486589, 1.462931142550188 ] ] ] } },
{ "type": "Feature", "properties": { "Final_Location_ID": "FLOC-0072", "Standardized_Location": "Kampung Aman", "Frequency_Band": "1-3", "Zone_Source": "500M_EVIDENCE_SUPPORT_BUFFER" }, "geometry": { "type": "Polygon", "coordinates": [ [ [ 103.741272327152501, 1.50471869871642 ], [ 103.741207810623408, 1.504279658903906 ], [ 103.741100844505709, 1.503849097318359 ], [ 103.740952458969389, 1.503431160499379 ], [ 103.740764083073529, 1.503029873400117 ], [ 103.740537531002758, 1.502649100625036 ], [ 103.74027498459489, 1.502292509212005 ], [ 103.739978972327847, 1.50196353331718 ], [ 103.739652344968661, 1.501665341142763 ], [ 103.739298248118686, 1.501400804426024 ], [ 103.73892009191978, 1.501172470783623 ], [ 103.738521518212821, 1.500982539177208 ], [ 103.738106365465214, 1.500832838736881 ], [ 103.737678631805053, 1.50072481114624 ], [ 103.737242436517505, 1.50065949675867 ], [ 103.736801980374921, 1.500637524578694 ], [ 103.736361505182089, 1.500659106204529 ], [ 103.735925252926378, 1.500724033790616 ], [ 103.735497424926237, 1.500831682049327 ], [ 103.735082141371379, 1.500981014272821 ], [ 103.734683401644119, 1.501170592317022 ], [ 103.734305045804064, 1.501398590451384 ], [ 103.7339507176072, 1.501662812941352 ], [ 103.733623829415123, 1.501960715194035 ], [ 103.733327529332627, 1.502289428263476 ], [ 103.733064670890059, 1.50264578647954 ], [ 103.732837785562253, 1.503026357934432 ], [ 103.732649058388986, 1.503427477533267 ], [ 103.732500306931314, 1.503845282290195 ], [ 103.732392963767012, 1.504275748530571 ], [ 103.732328062693298, 1.504714730640558 ], [ 103.732306228769772, 1.505158000991309 ], [ 103.73232767229787, 1.505601290652845 ], [ 103.7323921867943, 1.506040330506139 ], [ 103.732499150978526, 1.506470892356797 ], [ 103.732647534754946, 1.506888829655021 ], [ 103.732835909132078, 1.507290117429235 ], [ 103.733062459983643, 1.507670891049056 ], [ 103.733325005518708, 1.508027483444139 ], [ 103.733621017292876, 1.508356460420614 ], [ 103.733947644558057, 1.50865465373469 ], [ 103.734301741716493, 1.508919191605286 ], [ 103.734679898614502, 1.509147526371434 ], [ 103.735078473384334, 1.509337459028274 ], [ 103.735493627517698, 1.509487160405341 ], [ 103.735921362833324, 1.509595188783078 ], [ 103.736357559982352, 1.509660503777793 ], [ 103.736798018120922, 1.509682476361665 ], [ 103.737238495367563, 1.509660894920926 ], [ 103.73767474965598, 1.509595967294078 ], [ 103.738102579589537, 1.509488318770265 ], [ 103.738517864904281, 1.509338986067515 ], [ 103.738916606150298, 1.509149407348365 ], [ 103.739294963209559, 1.508921408369278 ], [ 103.739649292279225, 1.508657184897235 ], [ 103.739976180964192, 1.50835928156291 ], [ 103.740272481140693, 1.50803056735382 ], [ 103.740535339274786, 1.507674207983885 ], [ 103.740762223903488, 1.507293635405249 ], [ 103.740950950013897, 1.506892514755987 ], [ 103.741099700085798, 1.506474709062298 ], [ 103.741207041594649, 1.506044242034869 ], [ 103.741271940806882, 1.505605259317718 ], [ 103.741293772734394, 1.50516198856308 ], [ 103.741272327152501, 1.50471869871642 ] ] ] } },
{ "type": "Feature", "properties": { "Final_Location_ID": "FLOC-0073", "Standardized_Location": "Kampung Bakar Batu", "Frequency_Band": "1-3", "Zone_Source": "500M_EVIDENCE_SUPPORT_BUFFER" }, "geometry": { "type": "Polygon", "coordinates": [ [ [ 103.713076251400977, 1.473512754465325 ], [ 103.713011741281449, 1.473073715517768 ], [ 103.712904782238212, 1.472643154254356 ], [ 103.712756404373252, 1.472225217211989 ], [ 103.712568036672067, 1.471823929346351 ], [ 103.712341493240743, 1.471443155269504 ], [ 103.712078955834329, 1.471086562031981 ], [ 103.711782952844572, 1.470757583807505 ], [ 103.711456334949773, 1.470459388820615 ], [ 103.711102247660691, 1.470194848835463 ], [ 103.710724101027651, 1.469966511499827 ], [ 103.710325536800013, 1.469776575810528 ], [ 103.70991039335442, 1.469626870936471 ], [ 103.709482668729791, 1.469518838603412 ], [ 103.709046482124677, 1.469453519209836 ], [ 103.708606034228069, 1.469431541807831 ], [ 103.708165566765516, 1.469453118045353 ], [ 103.707729321649964, 1.469518040128154 ], [ 103.707301500131109, 1.469625682821093 ], [ 103.706886222335996, 1.46977500946953 ], [ 103.706487487591232, 1.469964581982694 ], [ 103.706109135908079, 1.470192574683087 ], [ 103.705754811002009, 1.470456791888382 ], [ 103.7054279252024, 1.470754689056556 ], [ 103.705131626590457, 1.471083397290725 ], [ 103.704868768681791, 1.471439750967535 ], [ 103.704641882945523, 1.47182031822326 ], [ 103.704453154424726, 1.472221434003849 ], [ 103.704304400693005, 1.47263923536071 ], [ 103.704197054349564, 1.473069698652522 ], [ 103.704132149221834, 1.473508678294461 ], [ 103.704110310408225, 1.473951946681989 ], [ 103.704131748257069, 1.474395234904655 ], [ 103.704196256339713, 1.474834273857858 ], [ 103.704303213437498, 1.475264835356362 ], [ 103.704451589523174, 1.4756827728542 ], [ 103.704639955679667, 1.476084061378239 ], [ 103.704866497860195, 1.476464836291056 ], [ 103.705129034357796, 1.476821430510033 ], [ 103.70542503681564, 1.47715040982373 ], [ 103.705751654575906, 1.477448605965719 ], [ 103.706105742132948, 1.477713147127492 ], [ 103.706483889426181, 1.477941485616018 ], [ 103.70688245468088, 1.478131422390223 ], [ 103.70729759948091, 1.478281128239459 ], [ 103.707725325735311, 1.478389161400503 ], [ 103.708161514182905, 1.47845448144309 ], [ 103.708601964063874, 1.47847645929015 ], [ 103.709042433576457, 1.478454883276649 ], [ 103.709478680728864, 1.478389961188202 ], [ 103.709906504193185, 1.478282318260185 ], [ 103.710321783767554, 1.478132991156273 ], [ 103.710720520057038, 1.477943417984708 ], [ 103.711098872990988, 1.477715424448332 ], [ 103.711453198805884, 1.47745120626159 ], [ 103.711780085137377, 1.477153308004195 ], [ 103.712076383883868, 1.476824598614934 ], [ 103.712339241524575, 1.476468243761514 ], [ 103.712566126600649, 1.476087675352881 ], [ 103.712754854094371, 1.475686558487401 ], [ 103.71290360647167, 1.475268756155345 ], [ 103.713010951185339, 1.474838292035523 ], [ 103.713075854470588, 1.474399311744595 ], [ 103.713097691299822, 1.473956042912024 ], [ 103.713076251400977, 1.473512754465325 ] ] ] } },
{ "type": "Feature", "properties": { "Final_Location_ID": "FLOC-0075", "Standardized_Location": "Kampung Batu 8 1/2, TUTA", "Frequency_Band": "1-3", "Zone_Source": "500M_EVIDENCE_SUPPORT_BUFFER" }, "geometry": { "type": "Polygon", "coordinates": [ [ [ 103.676781231994426, 1.522965827966489 ], [ 103.676716730425696, 1.522526787707426 ], [ 103.676609778787537, 1.52209622414951 ], [ 103.676461407111333, 1.521678283851664 ], [ 103.676273044323679, 1.521276991800558 ], [ 103.67604650448385, 1.520896212648279 ], [ 103.675783969312718, 1.520539613493849 ], [ 103.675487967180786, 1.520210628567586 ], [ 103.675161348758095, 1.519912426158152 ], [ 103.674807259560438, 1.519647878100746 ], [ 103.674429109656302, 1.519419532120522 ], [ 103.674030540826067, 1.519229587297147 ], [ 103.67361539149023, 1.519079872887225 ], [ 103.673187659743732, 1.51897183070804 ], [ 103.672751464852965, 1.518906501252717 ], [ 103.67231100758589, 1.518884513670138 ], [ 103.67187052975747, 1.518906079706254 ], [ 103.671434273379617, 1.518970991665133 ], [ 103.671006439809645, 1.519078624409239 ], [ 103.670591149289962, 1.519227941379954 ], [ 103.67019240126902, 1.519417504579983 ], [ 103.669814035885395, 1.51964548842186 ], [ 103.669459696986124, 1.51990969730889 ], [ 103.669132797035118, 1.520207586779612 ], [ 103.668836484249766, 1.520536288011658 ], [ 103.668573612282259, 1.520892635449552 ], [ 103.66834671273736, 1.521273197290043 ], [ 103.668157970791569, 1.521674308531563 ], [ 103.668009204148291, 1.522092106269621 ], [ 103.667901845531773, 1.522522566897947 ], [ 103.667836928888349, 1.522961544857584 ], [ 103.667815079428195, 1.52340481256029 ], [ 103.667836507602999, 1.523848101102296 ], [ 103.667901007078171, 1.524287141375822 ], [ 103.668007956718682, 1.524717705182847 ], [ 103.668156326569928, 1.525135645954917 ], [ 103.668344687775473, 1.525536938687114 ], [ 103.66857122633678, 1.525917718701168 ], [ 103.66883376058216, 1.526274318864978 ], [ 103.669129762176709, 1.526603304909398 ], [ 103.669456380470976, 1.526901508502816 ], [ 103.669810469954129, 1.527166057764519 ], [ 103.670188620546725, 1.527394404923087 ], [ 103.670587190441879, 1.52758435085356 ], [ 103.671002341178223, 1.527734066256804 ], [ 103.671430074606974, 1.527842109277341 ], [ 103.671866271397107, 1.527907439389729 ], [ 103.672306730707632, 1.527929427419812 ], [ 103.672747210645113, 1.527907861604469 ], [ 103.673183469116523, 1.527842949631159 ], [ 103.673611304684144, 1.527735316637924 ], [ 103.674026597028771, 1.52758599919298 ], [ 103.674425346631836, 1.527396435311867 ], [ 103.674803713293969, 1.527168450608218 ], [ 103.675158053118963, 1.526904240711807 ], [ 103.675484953607395, 1.526606350122924 ], [ 103.67578126652117, 1.526277647706901 ], [ 103.676044138203167, 1.525921299064716 ], [ 103.676271037059635, 1.525540736045869 ], [ 103.67645977794048, 1.525139623697251 ], [ 103.676608543183249, 1.524721824965871 ], [ 103.676715900117529, 1.524291363496195 ], [ 103.676780814861587, 1.523852384879522 ], [ 103.676802662278263, 1.523409116729273 ], [ 103.676781231994426, 1.522965827966489 ] ] ] } },
{ "type": "Feature", "properties": { "Final_Location_ID": "FLOC-0076", "Standardized_Location": "Kampung Belantik", "Frequency_Band": "1-3", "Zone_Source": "500M_EVIDENCE_SUPPORT_BUFFER" }, "geometry": { "type": "Polygon", "coordinates": [ [ [ 103.770980489684504, 1.513341211831452 ], [ 103.770915966364768, 1.512902171896303 ], [ 103.770808993306474, 1.512471610831403 ], [ 103.770660600746083, 1.512053675171119 ], [ 103.770472217809925, 1.511652389857274 ], [ 103.770245658750071, 1.511271619477054 ], [ 103.769983105471169, 1.510915031045278 ], [ 103.76968708651691, 1.510586058689467 ], [ 103.769360452718303, 1.510287870577955 ], [ 103.769006349738348, 1.510023338409163 ], [ 103.768628187777551, 1.509795009756269 ], [ 103.768229608732014, 1.509605083533278 ], [ 103.767814451120401, 1.509455388818892 ], [ 103.767386713117389, 1.509347367241977 ], [ 103.766950514050009, 1.509282059098549 ], [ 103.766510054727021, 1.509260093333375 ], [ 103.766069576983924, 1.509281681483384 ], [ 103.765633322832869, 1.509346615640519 ], [ 103.765205493610836, 1.509454270454218 ], [ 103.764790209519589, 1.509603609153756 ], [ 103.764391469947, 1.509793193532872 ], [ 103.764013114951609, 1.510021197800058 ], [ 103.763658788281674, 1.510285426161697 ], [ 103.763331902284534, 1.510583333968291 ], [ 103.763035605044251, 1.510912052220153 ], [ 103.762772750064215, 1.511268415196976 ], [ 103.762545868786233, 1.511648990944817 ], [ 103.762357146211329, 1.512050114326997 ], [ 103.762208399856561, 1.512467922320828 ], [ 103.762101062250679, 1.51289839122001 ], [ 103.76203616713741, 1.513337375384675 ], [ 103.762014339518913, 1.513780647165655 ], [ 103.762035789635803, 1.514223937618856 ], [ 103.76210031094115, 1.514662977617194 ], [ 103.762207282088625, 1.515093538964576 ], [ 103.762355672915135, 1.515511475115776 ], [ 103.762544054361001, 1.515912761110124 ], [ 103.762770612231435, 1.516293532334285 ], [ 103.763033164667505, 1.516650121740996 ], [ 103.763329183157879, 1.516979095165269 ], [ 103.763655816889411, 1.517277284397713 ], [ 103.764009920201659, 1.517541817696846 ], [ 103.764388082881339, 1.517770147446019 ], [ 103.764786663004728, 1.517960074689121 ], [ 103.765201822011775, 1.518109770308271 ], [ 103.765629561674132, 1.518217792639773 ], [ 103.766065762600988, 1.518283101358651 ], [ 103.766506223912188, 1.51830506749801 ], [ 103.766946703695766, 1.518283479506577 ], [ 103.767382959861209, 1.518218545286262 ], [ 103.767810790994105, 1.518110890190096 ], [ 103.768226076819218, 1.517961550999627 ], [ 103.768624817882099, 1.517771965940012 ], [ 103.76900317406691, 1.517543960828888 ], [ 103.769357501579677, 1.517279731492301 ], [ 103.769684388040702, 1.516981822617251 ], [ 103.76998068534806, 1.516653103244463 ], [ 103.770243539995803, 1.516296739137291 ], [ 103.770470420554901, 1.515916162293165 ], [ 103.770659142051926, 1.515515037890882 ], [ 103.770807887011287, 1.515097228992307 ], [ 103.770915222957825, 1.514666759338522 ], [ 103.770980116211604, 1.514227774598407 ], [ 103.771001941841888, 1.513784502443216 ], [ 103.770980489684504, 1.513341211831452 ] ] ] } },
{ "type": "Feature", "properties": { "Final_Location_ID": "FLOC-0077", "Standardized_Location": "Kampung Bendahara", "Frequency_Band": "1-3", "Zone_Source": "500M_EVIDENCE_SUPPORT_BUFFER" }, "geometry": { "type": "Polygon", "coordinates": [ [ [ 103.767265446720273, 1.51217464015954 ], [ 103.767200924248769, 1.511735600235597 ], [ 103.767093952058858, 1.511305039101827 ], [ 103.766945560378701, 1.510887103293334 ], [ 103.766757178326216, 1.510485817753364 ], [ 103.766530620144977, 1.510105047071291 ], [ 103.766268067731247, 1.509748458264831 ], [ 103.765972049620416, 1.509419485465123 ], [ 103.765645416635451, 1.509121296844733 ], [ 103.765291314431565, 1.50885676410697 ], [ 103.764913153201817, 1.508628434830443 ], [ 103.764514574835331, 1.508438507935093 ], [ 103.764099417844193, 1.50828881250605 ], [ 103.763671680397223, 1.508180790179048 ], [ 103.763235481816039, 1.508115481257189 ], [ 103.762795022904726, 1.508093514692745 ], [ 103.762354545494816, 1.508115102030243 ], [ 103.761918291595208, 1.508180035369439 ], [ 103.761490462540436, 1.508287689367587 ], [ 103.761075178530632, 1.508437027261812 ], [ 103.760676438952814, 1.508626610853515 ], [ 103.76029808386555, 1.508854614358852 ], [ 103.759943757017922, 1.509118841991493 ], [ 103.759616870758876, 1.509416749108969 ], [ 103.759320573175017, 1.509745466718258 ], [ 103.759057717772919, 1.510101829105296 ], [ 103.758830835998495, 1.510482404321851 ], [ 103.758642112857459, 1.510883527236405 ], [ 103.758493365872283, 1.511301334830821 ], [ 103.758386027577799, 1.511731803402742 ], [ 103.758321131724344, 1.512170787315456 ], [ 103.758299303321223, 1.512614058922318 ], [ 103.758320752616612, 1.513057349280947 ], [ 103.758385273071497, 1.513496389265216 ], [ 103.758492243347774, 1.513926950679223 ], [ 103.75864063329081, 1.51434488697714 ], [ 103.758829013849464, 1.514746173196879 ], [ 103.75905557083756, 1.515126944722953 ], [ 103.759318122404679, 1.515483534505203 ], [ 103.759614140047944, 1.515812508375001 ], [ 103.759940772962395, 1.516110698118656 ], [ 103.760294875495532, 1.516375231989703 ], [ 103.76067303744162, 1.516603562365966 ], [ 103.761071616884024, 1.51679349028523 ], [ 103.761486775269262, 1.516943186623066 ], [ 103.761914514375007, 1.517051209708768 ], [ 103.762350714815881, 1.51711651921008 ], [ 103.762791175716288, 1.517138486152483 ], [ 103.763231655168298, 1.51711689897691 ], [ 103.763667911084511, 1.517051965577403 ], [ 103.76409574205293, 1.516944311299 ], [ 103.764511027799827, 1.516794972915376 ], [ 103.76490976887149, 1.516605388643888 ], [ 103.765288125151912, 1.516377384294572 ], [ 103.765642452846166, 1.516113155686119 ], [ 103.765969339572749, 1.515815247498552 ], [ 103.766265637227107, 1.51548652876599 ], [ 103.766528492299955, 1.515130165245673 ], [ 103.766755373358052, 1.514749588929399 ], [ 103.766944095423185, 1.514348464990901 ], [ 103.767092841014232, 1.513930656487714 ], [ 103.76720017764994, 1.513500187157114 ], [ 103.767265071643749, 1.513061202664936 ], [ 103.767286898057762, 1.512617930680103 ], [ 103.767265446720273, 1.51217464015954 ] ] ] } },
{ "type": "Feature", "properties": { "Final_Location_ID": "FLOC-0078", "Standardized_Location": "Kampung Bukit Berangan", "Frequency_Band": "1-3", "Zone_Source": "500M_EVIDENCE_SUPPORT_BUFFER" }, "geometry": { "type": "MultiPolygon", "coordinates": [ [ [ [ 103.92547898417223, 1.666003212020486 ], [ 103.925152300517311, 1.665705045377651 ], [ 103.924798147797631, 1.665440537022261 ], [ 103.924419936689716, 1.665212234299915 ], [ 103.924021309560104, 1.66502233587721 ], [ 103.923606105387876, 1.664872670567799 ], [ 103.923178322793916, 1.664764679720361 ], [ 103.922742081532832, 1.664699403338052 ], [ 103.922301582818449, 1.66467747006302 ], [ 103.922296080519999, 1.664677740123753 ], [ 103.922535696118587, 1.664973773925401 ], [ 103.922783344126827, 1.665392897612715 ], [ 103.922866000547657, 1.665625714192508 ], [ 103.92292404252494, 1.665958328876048 ], [ 103.923023379410452, 1.666340765711769 ], [ 103.923114401676273, 1.666739833467557 ], [ 103.923213409434197, 1.666989193812997 ], [ 103.923453323381324, 1.667271873558135 ], [ 103.923783868762726, 1.667488046240918 ], [ 103.923999076714637, 1.667499853781212 ], [ 103.924198225571828, 1.667482134350812 ], [ 103.924481555070372, 1.667337909661135 ], [ 103.92469116434674, 1.667197119534493 ], [ 103.924890624548738, 1.667049400901953 ], [ 103.925033950774107, 1.666880511462628 ], [ 103.925738152348089, 1.666291166587264 ], [ 103.92547898417223, 1.666003212020486 ] ] ], [ [ [ 103.919450146722781, 1.665703024550082 ], [ 103.919123254478194, 1.666000959540239 ], [ 103.918826955878757, 1.666329703009116 ], [ 103.918564104443959, 1.666686088992353 ], [ 103.918337231584573, 1.667066685312574 ], [ 103.91814852222339, 1.667467826632719 ], [ 103.917999793752841, 1.667885649754639 ], [ 103.917892478531684, 1.668316130823417 ], [ 103.917839877353259, 1.668672106116073 ], [ 103.917902194183725, 1.668672104689545 ], [ 103.91813372036782, 1.66860545643091 ], [ 103.918351058376786, 1.668490341460638 ], [ 103.918497770691744, 1.668274338015086 ], [ 103.918644455437814, 1.667947565118248 ], [ 103.918767719326894, 1.667541073364336 ], [ 103.918828109883165, 1.667435133803127 ], [ 103.919030665684076, 1.66737559176432 ], [ 103.919179588263574, 1.667366125772089 ], [ 103.919416983717028, 1.667376016936519 ], [ 103.91971419502849, 1.66739592957233 ], [ 103.920008334019201, 1.667457091973481 ], [ 103.920271926440961, 1.667468531817674 ], [ 103.920342532420449, 1.667425961915337 ], [ 103.920433779193829, 1.66737339731783 ], [ 103.920524071769478, 1.667191699662142 ], [ 103.920524035993054, 1.666976029220376 ], [ 103.920470367671413, 1.666813799647321 ], [ 103.920406184294933, 1.666555605477438 ], [ 103.920245831678614, 1.6663514141242 ], [ 103.920058336657704, 1.666063560768141 ], [ 103.919906889583245, 1.665752450892948 ], [ 103.919741900349564, 1.665503739872428 ], [ 103.919733778024664, 1.665491498599912 ], [ 103.919450146722781, 1.665703024550082 ] ] ] ] } },
{ "type": "Feature", "properties": { "Final_Location_ID": "FLOC-0079", "Standardized_Location": "Kampung Bukit Dagang", "Frequency_Band": "1-3", "Zone_Source": "500M_EVIDENCE_SUPPORT_BUFFER" }, "geometry": { "type": "Polygon", "coordinates": [ [ [ 103.929283528290881, 1.593325592654351 ], [ 103.92921896847362, 1.59288655374199 ], [ 103.92911195755984, 1.592455997041363 ], [ 103.928963526149062, 1.592038069043164 ], [ 103.928775103739909, 1.591636794614294 ], [ 103.928548504962393, 1.591256038236415 ], [ 103.92828591210133, 1.590899466789371 ], [ 103.927989854079144, 1.590570514237502 ], [ 103.927663182100602, 1.59027234855931 ], [ 103.92730904219404, 1.590007841238571 ], [ 103.926930844913372, 1.589779539610975 ], [ 103.926532232492903, 1.58958964233244 ], [ 103.926117043771072, 1.589439978205337 ], [ 103.925689277221011, 1.589331988566618 ], [ 103.925253052443864, 1.589266713407403 ], [ 103.924812570495718, 1.589244781357516 ], [ 103.924372073430149, 1.589266403631687 ], [ 103.923935803446057, 1.589331371995613 ], [ 103.923507962034051, 1.589439060771302 ], [ 103.92309266951483, 1.58958843286256 ], [ 103.922693925359269, 1.589778049742704 ], [ 103.922315569672264, 1.590006085307919 ], [ 103.921961246211055, 1.590270343463315 ], [ 103.921634367294544, 1.590568279272016 ], [ 103.921338080941098, 1.590897023463812 ], [ 103.921075240551588, 1.591253410067178 ], [ 103.920848377429579, 1.5916340068988 ], [ 103.920659676403162, 1.592035148616813 ], [ 103.920510954783481, 1.592452972019454 ], [ 103.920403644862276, 1.592883453249446 ], [ 103.920338780117419, 1.593322446545419 ], [ 103.920316985258964, 1.593765724167639 ], [ 103.920338470211746, 1.594209017113146 ], [ 103.920403028092721, 1.594648056228519 ], [ 103.920510037202149, 1.595078613324204 ], [ 103.920658467009886, 1.595496541894271 ], [ 103.920846888078898, 1.595897817049913 ], [ 103.921073485830675, 1.596278574281479 ], [ 103.921336078019792, 1.596635146676357 ], [ 103.921632135749704, 1.596964100233753 ], [ 103.921958807826826, 1.597262266936542 ], [ 103.922312948219059, 1.59752677526158 ], [ 103.922691146353799, 1.597755077834561 ], [ 103.923089759963943, 1.597944975963234 ], [ 103.923504950165352, 1.598094640812585 ], [ 103.923932718427977, 1.598202631017877 ], [ 103.924368945084922, 1.59826790656624 ], [ 103.924809429007823, 1.598289838812898 ], [ 103.925249928067217, 1.598268216535518 ], [ 103.925686199987595, 1.598203247968574 ], [ 103.926114043203938, 1.598095558797847 ], [ 103.926529337326215, 1.59794618613469 ], [ 103.926928082821917, 1.597756568527798 ], [ 103.927306439534675, 1.597528532108887 ], [ 103.927660763667816, 1.59726427300567 ], [ 103.92798764287663, 1.596966336191433 ], [ 103.928283929131482, 1.596637590975033 ], [ 103.928546769035336, 1.59628120336739 ], [ 103.928773631303258, 1.595900605590374 ], [ 103.928962331139999, 1.595499463022223 ], [ 103.929111051280117, 1.59508163889733 ], [ 103.929218359488729, 1.594651157100756 ], [ 103.929283222353803, 1.594212163415638 ], [ 103.929305015237503, 1.593768885596663 ], [ 103.929283528290881, 1.593325592654351 ] ] ] } },
{ "type": "Feature", "properties": { "Final_Location_ID": "FLOC-0080", "Standardized_Location": "Kampung Bunga Ros", "Frequency_Band": "1-3", "Zone_Source": "500M_EVIDENCE_SUPPORT_BUFFER" }, "geometry": { "type": "Polygon", "coordinates": [ [ [ 103.764125866195883, 1.533675793492719 ], [ 103.764061344346572, 1.533236753087837 ], [ 103.763954372297562, 1.532806191349112 ], [ 103.763805980275848, 1.532388254817303 ], [ 103.763617597402742, 1.531986968442443 ], [ 103.763391037929793, 1.53160619682182 ], [ 103.763128483765684, 1.531249606982033 ], [ 103.76283246346263, 1.53092063306408 ], [ 103.762505827864544, 1.530622443251193 ], [ 103.762151722651666, 1.530357909258103 ], [ 103.761773558045846, 1.530129578675504 ], [ 103.761374975968408, 1.529939650435873 ], [ 103.760959814966952, 1.529789953637348 ], [ 103.760532073248598, 1.529681929928903 ], [ 103.760095870175789, 1.529616619627074 ], [ 103.759655406595598, 1.529594651697494 ], [ 103.75921492438421, 1.529616237697995 ], [ 103.758778665596537, 1.529681169741341 ], [ 103.758350831613981, 1.52978882249745 ], [ 103.757935542683953, 1.529938159215569 ], [ 103.757536798240722, 1.530127741708578 ], [ 103.757158438389666, 1.530355744203346 ], [ 103.75680410692577, 1.53061997092345 ], [ 103.756477216242516, 1.530917877235297 ], [ 103.756180914469155, 1.531246594153734 ], [ 103.755918055152847, 1.531602955971373 ], [ 103.755691169777364, 1.531983530745526 ], [ 103.755502443383392, 1.532384653348923 ], [ 103.755353693525009, 1.532802460766408 ], [ 103.755246352764985, 1.533232929297223 ], [ 103.755181454877714, 1.533671913305011 ], [ 103.755159624892414, 1.534115185142059 ], [ 103.75518107307272, 1.534558475863647 ], [ 103.755245592890674, 1.53499751633999 ], [ 103.755352563014469, 1.535428078370308 ], [ 103.755500953291133, 1.535846015402641 ], [ 103.755689334666414, 1.536247302467701 ], [ 103.755915892946305, 1.536628074941676 ], [ 103.756178446267995, 1.536984665765194 ], [ 103.756474466111626, 1.537313640759437 ], [ 103.756801101650922, 1.5376118316998 ], [ 103.757155207207944, 1.537876366828259 ], [ 103.757533372547613, 1.538104698510474 ], [ 103.757931955720366, 1.538294627771706 ], [ 103.758347118136541, 1.538444325474547 ], [ 103.758774861534647, 1.538552349935284 ], [ 103.75921106648768, 1.538617660808483 ], [ 103.759651532076333, 1.538639629106504 ], [ 103.760092016347201, 1.538618043257419 ], [ 103.760528277166244, 1.538553111142601 ], [ 103.760956113074002, 1.538445458094895 ], [ 103.761371403749095, 1.538296120876292 ], [ 103.76177014969015, 1.538106537693074 ], [ 103.762148510734249, 1.537878534344937 ], [ 103.762502843040579, 1.537614306641093 ], [ 103.762829734183271, 1.537316399252966 ], [ 103.763126036015379, 1.536987681207045 ], [ 103.763388894987543, 1.536631318254033 ], [ 103.763615779629205, 1.536250742380279 ], [ 103.763804504927847, 1.535849618755281 ], [ 103.763953253371511, 1.535431810433487 ], [ 103.764060592451784, 1.535001341150374 ], [ 103.764125488458831, 1.534562356571248 ], [ 103.764147316435697, 1.534119084365723 ], [ 103.764125866195883, 1.533675793492719 ] ] ] } },
{ "type": "Feature", "properties": { "Final_Location_ID": "FLOC-0082", "Standardized_Location": "Kampung Dato Sulaiman Menteri", "Frequency_Band": "1-3", "Zone_Source": "500M_EVIDENCE_SUPPORT_BUFFER" }, "geometry": { "type": "Polygon", "coordinates": [ [ [ 103.771122335469386, 1.507148629757702 ], [ 103.771057812141137, 1.506709589959753 ], [ 103.770950839210926, 1.506279029050845 ], [ 103.770802446913962, 1.505861093563871 ], [ 103.770614064374016, 1.505459808439027 ], [ 103.770387505839338, 1.505079038261748 ], [ 103.770124953209503, 1.504722450044892 ], [ 103.769828935022005, 1.504393477913987 ], [ 103.769502302100491, 1.504095290035194 ], [ 103.769148200099579, 1.503830758104712 ], [ 103.768770039210438, 1.503602429693429 ], [ 103.768371461318907, 1.503412503712981 ], [ 103.767956304932596, 1.503262809239751 ], [ 103.767528568214516, 1.503154787900263 ], [ 103.767092370479389, 1.503089479988144 ], [ 103.766651912523201, 1.503067514445968 ], [ 103.76621143616839, 1.503089102808409 ], [ 103.765775183413794, 1.503154037165349 ], [ 103.765347355582989, 1.503261692164246 ], [ 103.764932072864383, 1.503411031032505 ], [ 103.764533334632659, 1.503600615562224 ], [ 103.764154980933469, 1.503828619960387 ], [ 103.76380065550255, 1.50409284843213 ], [ 103.763473770675276, 1.504390756326755 ], [ 103.763177474524412, 1.504719474643815 ], [ 103.762914620542787, 1.505075837662315 ], [ 103.762687740162534, 1.505456413427904 ], [ 103.762499018375991, 1.505857536803771 ], [ 103.762350272692473, 1.506275344767288 ], [ 103.76224293563422, 1.506705813612472 ], [ 103.76217804093956, 1.507144797700029 ], [ 103.762156213606616, 1.507588069381592 ], [ 103.762177663873118, 1.508031359714025 ], [ 103.762242185190644, 1.508470399571488 ], [ 103.762349156212679, 1.508900960759304 ], [ 103.762497546777325, 1.509318896733816 ], [ 103.762685927827391, 1.509720182536127 ], [ 103.76291248517191, 1.510100953554757 ], [ 103.763175036956994, 1.510457542744509 ], [ 103.763471054677666, 1.510786515942474 ], [ 103.763797687528154, 1.511084704941497 ], [ 103.764151789856612, 1.511349238002305 ], [ 103.764529951459281, 1.511577567510594 ], [ 103.764928530422921, 1.511767494512535 ], [ 103.765343688198669, 1.511917189892544 ], [ 103.765771426570154, 1.51202521198922 ], [ 103.76620762615913, 1.512090520479822 ], [ 103.766648086098343, 1.512112486399572 ], [ 103.767088564489129, 1.512090898199283 ], [ 103.767524819254447, 1.512025963782794 ], [ 103.767952648993429, 1.511918308505037 ], [ 103.768367933444338, 1.51176896914921 ], [ 103.768766673165942, 1.511579383942038 ], [ 103.76914502805532, 1.511351378702518 ], [ 103.769499354330975, 1.511087149257875 ], [ 103.76982623962509, 1.51078924029617 ], [ 103.770122535846966, 1.510460520858907 ], [ 103.77038538950103, 1.510104156710067 ], [ 103.770612269167742, 1.509723579847482 ], [ 103.770800989882218, 1.509322455450106 ], [ 103.77094973417627, 1.508904646579827 ], [ 103.771057069581119, 1.508474176977454 ], [ 103.771121962421944, 1.508035192311411 ], [ 103.771143787771862, 1.507591920252271 ], [ 103.771122335469386, 1.507148629757702 ] ] ] } },
{ "type": "Feature", "properties": { "Final_Location_ID": "FLOC-0083", "Standardized_Location": "Kampung Dato' Hajah Hasnah Ahmad", "Frequency_Band": "1-3", "Zone_Source": "500M_EVIDENCE_SUPPORT_BUFFER" }, "geometry": { "type": "Polygon", "coordinates": [ [ [ 103.773492329280586, 1.504368623466869 ], [ 103.773427805425868, 1.503929583739337 ], [ 103.773320832033775, 1.503499022960657 ], [ 103.773172439343909, 1.503081087662485 ], [ 103.772984056483807, 1.502679802783222 ], [ 103.772757497704731, 1.502299032905922 ], [ 103.772494944908615, 1.501942445040617 ], [ 103.772198926634545, 1.501613473309455 ], [ 103.771872293706977, 1.501315285874778 ], [ 103.771518191780586, 1.501050754428518 ], [ 103.771140031045817, 1.500822426536936 ], [ 103.770741453387075, 1.500632501106712 ], [ 103.770326297309737, 1.500482807208897 ], [ 103.7698985609739, 1.500374786464555 ], [ 103.769462363690607, 1.500309479161567 ], [ 103.769021906251581, 1.500287514236645 ], [ 103.768581430474313, 1.500309103218535 ], [ 103.768145178352128, 1.50037403819115 ], [ 103.767717351202563, 1.500481693796005 ], [ 103.767302069207517, 1.500631033254692 ], [ 103.766903331734753, 1.500820618353565 ], [ 103.766524978822602, 1.501048623294162 ], [ 103.766170654199314, 1.501312852276312 ], [ 103.765843770192461, 1.501610760644431 ], [ 103.765547474866921, 1.501939479393431 ], [ 103.765284621707593, 1.502295842798188 ], [ 103.765057742138666, 1.502676418900563 ], [ 103.764869021144619, 1.503077542560507 ], [ 103.764720276227152, 1.503495350752613 ], [ 103.764612939901056, 1.503925819768705 ], [ 103.764548045897598, 1.504364803967791 ], [ 103.764526219208165, 1.504808075700431 ], [ 103.764547670064218, 1.505251366023008 ], [ 103.764612191911667, 1.505690405809738 ], [ 103.764719163398794, 1.506120966866664 ], [ 103.764867554359242, 1.506538902651409 ], [ 103.765055935731894, 1.50694018820688 ], [ 103.765282493322658, 1.507320958924037 ], [ 103.765545045275275, 1.507677547760554 ], [ 103.765841063083101, 1.508006520556991 ], [ 103.766167695939544, 1.508304709110058 ], [ 103.766521798192699, 1.508569241684821 ], [ 103.766899959639545, 1.508797570671687 ], [ 103.767298538368323, 1.508987497121863 ], [ 103.767713695832526, 1.509137191925099 ], [ 103.768141433818784, 1.509245213425556 ], [ 103.768577632952599, 1.509310521306265 ], [ 103.769018092371155, 1.509332486608346 ], [ 103.769458570180873, 1.509310897788549 ], [ 103.769894824310327, 1.509245962756717 ], [ 103.770322653364858, 1.509138306873629 ], [ 103.770737937089322, 1.508988966928364 ], [ 103.771136676049565, 1.508799381153291 ], [ 103.771515030150013, 1.508571375372842 ], [ 103.771869355616801, 1.508307145419477 ], [ 103.772196240089912, 1.508009235986074 ], [ 103.772492535486563, 1.507680516118688 ], [ 103.77275538831914, 1.507324151585427 ], [ 103.772982267175976, 1.506943574387761 ], [ 103.773170987099974, 1.506542449707869 ], [ 103.773319730630575, 1.506124640610335 ], [ 103.773427065306265, 1.505694170838148 ], [ 103.7734919574592, 1.505255186061327 ], [ 103.773513782169118, 1.504811913951522 ], [ 103.773492329280586, 1.504368623466869 ] ] ] } },
{ "type": "Feature", "properties": { "Final_Location_ID": "FLOC-0085", "Standardized_Location": "Kampung Jaya Sepakat", "Frequency_Band": "1-3", "Zone_Source": "500M_EVIDENCE_SUPPORT_BUFFER" }, "geometry": { "type": "Polygon", "coordinates": [ [ [ 103.65600251359804, 1.586958930426402 ], [ 103.655938017023743, 1.586519888426983 ], [ 103.655831068875031, 1.586089322447614 ], [ 103.655682699150347, 1.585671379070074 ], [ 103.65549433675794, 1.585270083310301 ], [ 103.655267795753659, 1.584889299855617 ], [ 103.655005257869718, 1.58453269584608 ], [ 103.654709251502695, 1.584203705558372 ], [ 103.654382627363233, 1.583905497332404 ], [ 103.654028531021808, 1.583640943059143 ], [ 103.653650372615161, 1.583412590523371 ], [ 103.653263502629272, 1.583228218877675 ], [ 103.65306824918126, 1.583542137331079 ], [ 103.652866954449706, 1.584114815255151 ], [ 103.652186046648836, 1.587021725248785 ], [ 103.652077861052902, 1.587313012535325 ], [ 103.651604099608292, 1.589282546797851 ], [ 103.651104123238994, 1.591420045027759 ], [ 103.650982958749069, 1.591884838426398 ], [ 103.650993837265489, 1.591886467856613 ], [ 103.651290030067486, 1.591546095107395 ], [ 103.653406111126273, 1.589783621555714 ], [ 103.656015992451302, 1.587563360285508 ], [ 103.656023937429808, 1.587402220232044 ], [ 103.65600251359804, 1.586958930426402 ] ] ] } },
{ "type": "Feature", "properties": { "Final_Location_ID": "FLOC-0087", "Standardized_Location": "Kampung Kempas Permatang", "Frequency_Band": "1-3", "Zone_Source": "500M_EVIDENCE_SUPPORT_BUFFER" }, "geometry": { "type": "Polygon", "coordinates": [ [ [ 103.728859851116709, 1.528424655271851 ], [ 103.728795337405231, 1.527985614859788 ], [ 103.728688373559322, 1.527555052328669 ], [ 103.728539989727366, 1.527137114227094 ], [ 103.72835161495226, 1.52673582552044 ], [ 103.728125063408058, 1.526355050828482 ], [ 103.727862516927587, 1.525998457207344 ], [ 103.72756650398955, 1.525669478834309 ], [ 103.727239875367403, 1.525371283935274 ], [ 103.726885776674621, 1.525106744273603 ], [ 103.726507618070571, 1.524878407494196 ], [ 103.726109041419079, 1.524688472588759 ], [ 103.725693885215691, 1.52453876871912 ], [ 103.725266147621397, 1.524430737601815 ], [ 103.724829947958938, 1.524365419624212 ], [ 103.724389487042416, 1.524343443825394 ], [ 103.723949006722208, 1.524365021838458 ], [ 103.723512749034711, 1.524429945852728 ], [ 103.72308491535037, 1.524537590615076 ], [ 103.722669625913326, 1.52468691945147 ], [ 103.722270880162284, 1.524876494250569 ], [ 103.721892518214702, 1.525104489313264 ], [ 103.721538183885244, 1.525368708934745 ], [ 103.721211289594521, 1.525666608549943 ], [ 103.720914983506063, 1.525995319238396 ], [ 103.720652119208182, 1.526351675353099 ], [ 103.720425228232259, 1.526732245006647 ], [ 103.720236495672665, 1.52713336312158 ], [ 103.720087739142627, 1.527551166726412 ], [ 103.719980391269104, 1.527981632157682 ], [ 103.719915485894973, 1.528420613809358 ], [ 103.719893648121683, 1.528863884056978 ], [ 103.719915088288062, 1.529307173971551 ], [ 103.719979599943557, 1.529746214431505 ], [ 103.720086561835387, 1.530176777236522 ], [ 103.720234943890247, 1.530594715827463 ], [ 103.720423317133537, 1.530996005220201 ], [ 103.720649867450035, 1.531376780768543 ], [ 103.720912413054137, 1.531733375383457 ], [ 103.721208425500805, 1.532062354849499 ], [ 103.721535054035442, 1.532360550898735 ], [ 103.721889153047997, 1.532625091723614 ], [ 103.722267312366753, 1.532853429634561 ], [ 103.72266589010043, 1.533043365596348 ], [ 103.723081047711887, 1.533193070406546 ], [ 103.723508786986073, 1.53330110231251 ], [ 103.723944988535649, 1.533366420896557 ], [ 103.724385451473978, 1.533388397096296 ], [ 103.724825933873035, 1.533366819263189 ], [ 103.725262193616487, 1.533301895201021 ], [ 103.725690029254892, 1.533194250164786 ], [ 103.726105320469031, 1.53304492083899 ], [ 103.726504067751904, 1.532855345353821 ], [ 103.726882430927176, 1.532627349434751 ], [ 103.727236766133004, 1.532363128819481 ], [ 103.727563660915123, 1.532065228111301 ], [ 103.727859967091049, 1.531736516272635 ], [ 103.728122831069186, 1.531380158994714 ], [ 103.728349721330403, 1.530999588209641 ], [ 103.728538452807825, 1.530598469038371 ], [ 103.728687207929767, 1.530180664492955 ], [ 103.728794554123411, 1.529750198273033 ], [ 103.72885945761044, 1.529311216014925 ], [ 103.728881293361908, 1.528867945366385 ], [ 103.728859851116709, 1.528424655271851 ] ] ] } },
{ "type": "Feature", "properties": { "Final_Location_ID": "FLOC-0088", "Standardized_Location": "Kampung Kurnia, Johor Bahru", "Frequency_Band": "1-3", "Zone_Source": "500M_EVIDENCE_SUPPORT_BUFFER" }, "geometry": { "type": "Polygon", "coordinates": [ [ [ 103.760592311274522, 1.496998651277779 ], [ 103.760527790360328, 1.496559611682957 ], [ 103.760420820052943, 1.496129050768787 ], [ 103.760272430562352, 1.49571111506843 ], [ 103.760084050985441, 1.495309829524242 ], [ 103.759857495542064, 1.494929058725741 ], [ 103.759594946102197, 1.494572469691844 ], [ 103.759298931172765, 1.494243496555933 ], [ 103.758972301546279, 1.493945307493756 ], [ 103.758618202845824, 1.493680774212885 ], [ 103.758240045230934, 1.493452444297075 ], [ 103.757841470556158, 1.493262516672308 ], [ 103.757426317298282, 1.493112820430569 ], [ 103.756998583590345, 1.493004797215263 ], [ 103.756562388718166, 1.492939487337862 ], [ 103.756121933450288, 1.492917519759665 ], [ 103.755681459583272, 1.492939106034709 ], [ 103.75524520909201, 1.493004038272807 ], [ 103.754817383278237, 1.493111691141642 ], [ 103.754402102310891, 1.493261027889018 ], [ 103.754003365547661, 1.49345061032727 ], [ 103.753625013019885, 1.493678612683538 ], [ 103.753270688451906, 1.493942839182474 ], [ 103.75294380417057, 1.494240745192484 ], [ 103.752647508243214, 1.494569461731242 ], [ 103.752384654160267, 1.494925823094995 ], [ 103.752157773354668, 1.495306397345477 ], [ 103.751969050822652, 1.495707519360575 ], [ 103.751820304080525, 1.496125326130967 ], [ 103.751712965660616, 1.496555793962379 ], [ 103.751648069314214, 1.496994777225459 ], [ 103.751626240055273, 1.497438048280006 ], [ 103.751647688140025, 1.497881338189138 ], [ 103.751712207041081, 1.498320377831268 ], [ 103.751819175435188, 1.498750939013988 ], [ 103.751967563185872, 1.49916887519384 ], [ 103.752155941263112, 1.499570161410058 ], [ 103.752382495504762, 1.49995093304725 ], [ 103.752645044086918, 1.500307523054311 ], [ 103.752941058535683, 1.500636497260455 ], [ 103.753267688077003, 1.500934687448755 ], [ 103.753621787091063, 1.501199221868436 ], [ 103.753999945406264, 1.50142755289194 ], [ 103.754398521141155, 1.501617481550704 ], [ 103.754813675778237, 1.501767178713059 ], [ 103.75524141113145, 1.501875202700149 ], [ 103.755677607851709, 1.501940513170896 ], [ 103.7561180650995, 1.501962481141209 ], [ 103.756558541002164, 1.501940895041919 ], [ 103.756994793506578, 1.501875962756513 ], [ 103.757422621233644, 1.501768309619117 ], [ 103.757837903940867, 1.501618972392235 ], [ 103.758236642203769, 1.501429389281972 ], [ 103.758614995933286, 1.501201386087019 ], [ 103.758969321358961, 1.500937158614913 ], [ 103.759296206120979, 1.500639251534686 ], [ 103.759592502133486, 1.500310533869792 ], [ 103.759855355902843, 1.499954171367217 ], [ 103.760082236008117, 1.499573596009075 ], [ 103.760270957480017, 1.499172472959958 ], [ 103.760419702842924, 1.498754665268955 ], [ 103.7605270396176, 1.49832419666575 ], [ 103.760591934115894, 1.497885212809322 ], [ 103.760613761394922, 1.497441941362684 ], [ 103.760592311274522, 1.496998651277779 ] ] ] } },
{ "type": "Feature", "properties": { "Final_Location_ID": "FLOC-0089", "Standardized_Location": "Kampung Laut Batu 10, Skudai", "Frequency_Band": ">=7", "Zone_Source": "500M_EVIDENCE_SUPPORT_BUFFER" }, "geometry": { "type": "Polygon", "coordinates": [ [ [ 103.664972412676079, 1.544858894187381 ], [ 103.664907913940198, 1.544419853331187 ], [ 103.664800964620412, 1.543989288833379 ], [ 103.664652594726093, 1.543571347261734 ], [ 103.664464233166868, 1.543170053615125 ], [ 103.664237693990358, 1.542789272560806 ], [ 103.6639751589112, 1.542432671215995 ], [ 103.663679156299011, 1.542103683831925 ], [ 103.663352536828469, 1.541805478720787 ], [ 103.662998446025398, 1.541540927743657 ], [ 103.662620293973561, 1.541312578653671 ], [ 103.662221722473859, 1.541122630560351 ], [ 103.6618065699722, 1.540972912751679 ], [ 103.661378834593719, 1.540864867077639 ], [ 103.660942635639486, 1.54079953406499 ], [ 103.660502173916257, 1.54077754289687 ], [ 103.660061691281498, 1.540799105353815 ], [ 103.659625429793167, 1.540864013774379 ], [ 103.659197590857431, 1.540971643055247 ], [ 103.658782294768088, 1.541120956671234 ], [ 103.658383541027021, 1.54131051665751 ], [ 103.658005169827703, 1.541538497457685 ], [ 103.657650825073063, 1.541802703504524 ], [ 103.657323919283314, 1.542100590364089 ], [ 103.657027600732164, 1.542429289239277 ], [ 103.656764723127353, 1.542785634597481 ], [ 103.656537818128115, 1.543166194655597 ], [ 103.656349070963671, 1.543567304429354 ], [ 103.656200299387947, 1.543985101028437 ], [ 103.656092936172968, 1.544415560857648 ], [ 103.65602801530973, 1.544854538365706 ], [ 103.656006162049309, 1.54529780596875 ], [ 103.656027586880413, 1.545741094763907 ], [ 103.656092083500937, 1.546180135640923 ], [ 103.65619903080372, 1.546610700395829 ], [ 103.656347398856866, 1.547028642450962 ], [ 103.656535758821562, 1.547429936788922 ], [ 103.656762296711378, 1.547810718715805 ], [ 103.657003500507855, 1.548138347880852 ], [ 103.657496552370617, 1.547992176360893 ], [ 103.657526449666221, 1.547990845092708 ], [ 103.659858857915324, 1.545500114443173 ], [ 103.659856436133282, 1.549770372325857 ], [ 103.660057360604171, 1.549800466563696 ], [ 103.660497824394866, 1.549822458176854 ], [ 103.660938309161992, 1.549800895936194 ], [ 103.661374572765695, 1.549735987494795 ], [ 103.661802413718434, 1.549628357956851 ], [ 103.662217711648921, 1.549479043857344 ], [ 103.662616466984559, 1.549289483179755 ], [ 103.662994839470542, 1.549061501507001 ], [ 103.663349185154544, 1.548797294439834 ], [ 103.663676091480582, 1.548499406451474 ], [ 103.6639724101544, 1.548170706382307 ], [ 103.664235287463498, 1.547814359810905 ], [ 103.664462191760023, 1.547433798566948 ], [ 103.66465093784177, 1.547032687680308 ], [ 103.664799707996409, 1.546614890084032 ], [ 103.664907069506512, 1.546184429411685 ], [ 103.664971988446638, 1.545745451246899 ], [ 103.664993839639536, 1.545302183198812 ], [ 103.664972412676079, 1.544858894187381 ] ] ] } },
{ "type": "Feature", "properties": { "Final_Location_ID": "FLOC-0090", "Standardized_Location": "Kampung Maju Jaya", "Frequency_Band": "1-3", "Zone_Source": "500M_EVIDENCE_SUPPORT_BUFFER" }, "geometry": { "type": "Polygon", "coordinates": [ [ [ 103.720390604061095, 1.580650870855971 ], [ 103.720326092137228, 1.58021182921234 ], [ 103.720219128880572, 1.579781265118238 ], [ 103.720070744434224, 1.579363325136969 ], [ 103.719882367847333, 1.578962034251553 ], [ 103.719655813311519, 1.578581257102455 ], [ 103.719393262688442, 1.578224660769107 ], [ 103.719097244496538, 1.577895679454629 ], [ 103.718770609559641, 1.577597481413014 ], [ 103.718416503551595, 1.57733293843778 ], [ 103.718038336701696, 1.577104598205568 ], [ 103.717639750952642, 1.576914659741443 ], [ 103.71722458488685, 1.576764952241467 ], [ 103.716796836759571, 1.576656917457365 ], [ 103.71636062599427, 1.576591595811984 ], [ 103.715920153511263, 1.57656961637999 ], [ 103.71547966127163, 1.576591190829845 ], [ 103.715043391425937, 1.576656111385528 ], [ 103.714615545461172, 1.576763752827559 ], [ 103.714200243739356, 1.576913078514327 ], [ 103.713801485817214, 1.577102650365198 ], [ 103.713423111929245, 1.577330642709803 ], [ 103.713068766005108, 1.577594859869853 ], [ 103.712741860577239, 1.577892757304247 ], [ 103.712445543916672, 1.578221466113788 ], [ 103.712182669713926, 1.578577820669675 ], [ 103.711955769596301, 1.578958389099623 ], [ 103.711767028746792, 1.579359506337931 ], [ 103.711618264859169, 1.579777309421547 ], [ 103.711510910631986, 1.580207774691831 ], [ 103.711445999969996, 1.580646756544123 ], [ 103.711424158026304, 1.581090027351725 ], [ 103.711445595180606, 1.581533318179973 ], [ 103.711510105011982, 1.58197235989809 ], [ 103.711617066285712, 1.582402924293262 ], [ 103.711765448934884, 1.582820864790695 ], [ 103.711953823979428, 1.583222156387457 ], [ 103.712180377286984, 1.583602934415808 ], [ 103.712442927043085, 1.583959531762475 ], [ 103.71273894476262, 1.584288514185427 ], [ 103.713065579639931, 1.584586713388061 ], [ 103.713419686003448, 1.584851257532277 ], [ 103.713797853610203, 1.585079598896439 ], [ 103.714196440488422, 1.585269538412059 ], [ 103.714611608012319, 1.585419246842595 ], [ 103.715039357870523, 1.585527282400617 ], [ 103.715475570573162, 1.585592604633516 ], [ 103.715916045125397, 1.585614584444029 ], [ 103.716356539486668, 1.585593010149189 ], [ 103.716792811424853, 1.585528089519045 ], [ 103.717220659372529, 1.585420447775909 ], [ 103.717635962891535, 1.585271121572986 ], [ 103.718034722356023, 1.585081549010757 ], [ 103.718413097472236, 1.584853555786911 ], [ 103.718767444263349, 1.584589337613528 ], [ 103.719094350163587, 1.584291439070671 ], [ 103.71939066688374, 1.583962729100098 ], [ 103.719653540731031, 1.583606373375251 ], [ 103.719880440091814, 1.583225803813351 ], [ 103.720069179812128, 1.58282468552355 ], [ 103.720217942241675, 1.582406881509354 ], [ 103.720325294737904, 1.58197641546516 ], [ 103.720390203462571, 1.581537433025357 ], [ 103.720412043337035, 1.58109416183921 ], [ 103.720390604061095, 1.580650870855971 ] ] ] } },
{ "type": "Feature", "properties": { "Final_Location_ID": "FLOC-0092", "Standardized_Location": "Kampung Melayu Majidi", "Frequency_Band": "1-3", "Zone_Source": "500M_EVIDENCE_SUPPORT_BUFFER" }, "geometry": { "type": "Polygon", "coordinates": [ [ [ 103.756397183816418, 1.511302185283179 ], [ 103.75633266382124, 1.510863145343422 ], [ 103.756225694111336, 1.510432583952751 ], [ 103.756077304891093, 1.510014647648745 ], [ 103.755888925254879, 1.509613361379537 ], [ 103.755662369423192, 1.509232589741509 ], [ 103.755399819269769, 1.50887599976156 ], [ 103.755103803308415, 1.508547025582085 ], [ 103.754777172341534, 1.508248835388897 ], [ 103.754423072004968, 1.507984300900276 ], [ 103.754044912473958, 1.507755969711636 ], [ 103.753646335621312, 1.507566040761166 ], [ 103.753231179944606, 1.507416343153639 ], [ 103.752803443599987, 1.50730831854559 ], [ 103.752367245898469, 1.507243007261987 ], [ 103.751926787635639, 1.507221038277651 ], [ 103.751486310636679, 1.507242623160298 ], [ 103.751050056906479, 1.50730755403317 ], [ 103.750622227777797, 1.507415205577224 ], [ 103.750206943451332, 1.507564541053119 ], [ 103.749808203317031, 1.507754122285497 ], [ 103.749429847438677, 1.507982123513231 ], [ 103.749075519572784, 1.508246348971963 ], [ 103.748748632078019, 1.508544254040186 ], [ 103.748452333052668, 1.508872969744679 ], [ 103.74818947601716, 1.509229330389869 ], [ 103.747962592432927, 1.509609904044346 ], [ 103.747773867323133, 1.51001102559186 ], [ 103.747625118229124, 1.510428832027529 ], [ 103.747517777706037, 1.510859299660354 ], [ 103.747452879525653, 1.511298282862795 ], [ 103.747431048719761, 1.511741553995229 ], [ 103.747452495559713, 1.512184844119956 ], [ 103.747517013530285, 1.512623884113216 ], [ 103.747623981317346, 1.513054445779127 ], [ 103.747772368790436, 1.513472382569518 ], [ 103.747960746922288, 1.513873669517594 ], [ 103.74818730155026, 1.514254442000869 ], [ 103.748449850846839, 1.514611032959946 ], [ 103.748745866331177, 1.514940008214803 ], [ 103.749072497219203, 1.515238199538352 ], [ 103.749426597878056, 1.515502735168798 ], [ 103.749804758120149, 1.515731067466928 ], [ 103.750203336045359, 1.515920997451852 ], [ 103.750618493114871, 1.51607069597906 ], [ 103.751046231119005, 1.51617872135668 ], [ 103.751482430682984, 1.516244033230167 ], [ 103.751922890939682, 1.516266002602062 ], [ 103.752363369987222, 1.516244417889712 ], [ 103.752799625742043, 1.516179486963322 ], [ 103.753227456793581, 1.516071835144033 ], [ 103.753642742867186, 1.515922499181769 ], [ 103.754041484505819, 1.515732917270503 ], [ 103.754419841587918, 1.515504915197532 ], [ 103.754774170310625, 1.515240688759666 ], [ 103.75510105828242, 1.514942782616048 ], [ 103.755397357386641, 1.514614065781191 ], [ 103.755660214099848, 1.514257703994166 ], [ 103.755887096972984, 1.513877129230209 ], [ 103.756075821010228, 1.513476006648266 ], [ 103.756224568711417, 1.51305819929289 ], [ 103.756331907575003, 1.512627730890491 ], [ 103.756396803892912, 1.512188747098151 ], [ 103.756418632704964, 1.511745475578179 ], [ 103.756397183816418, 1.511302185283179 ] ] ] } },
{ "type": "Feature", "properties": { "Final_Location_ID": "FLOC-0093", "Standardized_Location": "Kampung Melayu Pandan", "Frequency_Band": "1-3", "Zone_Source": "500M_EVIDENCE_SUPPORT_BUFFER" }, "geometry": { "type": "Polygon", "coordinates": [ [ [ 103.778330716998411, 1.522207767135282 ], [ 103.778266191968385, 1.521768727045602 ], [ 103.778159217015869, 1.521338165968566 ], [ 103.778010822395515, 1.520920230438537 ], [ 103.777822437253462, 1.520518945395964 ], [ 103.777595875862872, 1.520138175425376 ], [ 103.777333320150746, 1.519781587537592 ], [ 103.777037298684093, 1.519452615854909 ], [ 103.776710662317925, 1.519154428539183 ], [ 103.776356556739827, 1.518889897281238 ], [ 103.775978392175176, 1.518661569645571 ], [ 103.775579810544983, 1.518471644536487 ], [ 103.775164650392639, 1.518321951022097 ], [ 103.774736909917237, 1.518213930719885 ], [ 103.77430070846944, 1.518148623913713 ], [ 103.773860246880858, 1.518126659535641 ], [ 103.773419767008775, 1.518148249109407 ], [ 103.772983510885823, 1.518213184713398 ], [ 103.772555679867963, 1.518320840983241 ], [ 103.772140394174329, 1.518470181134336 ], [ 103.771741653208252, 1.518659766946478 ], [ 103.771363297041859, 1.518887772614491 ], [ 103.771008969434732, 1.519152002331293 ], [ 103.770682082743392, 1.519449911434304 ], [ 103.770385785058778, 1.519778630911349 ], [ 103.770122929888672, 1.520134995030269 ], [ 103.769896048676898, 1.520515571826018 ], [ 103.769707326423983, 1.520916696151746 ], [ 103.769558580644031, 1.521334504975523 ], [ 103.769451243860388, 1.521764974582911 ], [ 103.769386349808954, 1.522203959327061 ], [ 103.769364523481784, 1.522647231553082 ], [ 103.769385975107056, 1.523090522312399 ], [ 103.769450498123376, 1.523529562474846 ], [ 103.769557471167886, 1.523960123842611 ], [ 103.769705864059247, 1.52437805987017 ], [ 103.769894247717758, 1.524779345597904 ], [ 103.770120807927285, 1.525160116415021 ], [ 103.770383362806186, 1.525516705278145 ], [ 103.770679383819513, 1.525845678027476 ], [ 103.771006020129647, 1.526143866460169 ], [ 103.771360126051164, 1.526408398842512 ], [ 103.771738291345471, 1.526636727566764 ], [ 103.772136874063563, 1.526826653686781 ], [ 103.77255203562018, 1.526976348095648 ], [ 103.77297977776233, 1.527084369141467 ], [ 103.77341598107526, 1.527149676511826 ], [ 103.773856444655664, 1.527171641252932 ], [ 103.774296926569747, 1.527150051827151 ], [ 103.774733184706406, 1.527085116150402 ], [ 103.775161017632271, 1.526977459589811 ], [ 103.775576305054912, 1.526828118941209 ], [ 103.775975047504502, 1.526638532443869 ], [ 103.776353404851989, 1.526410525929345 ], [ 103.776707733292326, 1.526146295237222 ], [ 103.777034620436993, 1.525848385067573 ], [ 103.777330918177654, 1.525519664473528 ], [ 103.777593773004355, 1.525163299230225 ], [ 103.777820653486458, 1.524782721345872 ], [ 103.778009374651475, 1.524381596009224 ], [ 103.77815811902714, 1.523963786290967 ], [ 103.778265454144048, 1.523533315939969 ], [ 103.778330346330364, 1.523094330631665 ], [ 103.778352170665713, 1.522651058042584 ], [ 103.778330716998411, 1.522207767135282 ] ] ] } },
{ "type": "Feature", "properties": { "Final_Location_ID": "FLOC-0094", "Standardized_Location": "Kampung Mohd Amin, Kolam Air", "Frequency_Band": ">=7", "Zone_Source": "500M_EVIDENCE_SUPPORT_BUFFER" }, "geometry": { "type": "Polygon", "coordinates": [ [ [ 103.739884840051474, 1.466922389813995 ], [ 103.739820323824873, 1.466483350980003 ], [ 103.739713358843275, 1.46605279045016 ], [ 103.739564975265452, 1.465634854754225 ], [ 103.739376602131543, 1.465233568834849 ], [ 103.739150053599573, 1.464852797285394 ], [ 103.738887511473337, 1.464496207132133 ], [ 103.738591504189785, 1.464167232519293 ], [ 103.738264882468187, 1.463869041636801 ], [ 103.737910791856009, 1.463604506209543 ], [ 103.737532642435454, 1.463376173841739 ], [ 103.737134075982581, 1.463186243482655 ], [ 103.736718930895535, 1.463036544250263 ], [ 103.736291205229037, 1.462928517816262 ], [ 103.73585501819187, 1.462863204522697 ], [ 103.735414570477417, 1.46284123336321 ], [ 103.734974103809691, 1.462862815925903 ], [ 103.734537860094363, 1.462927744355841 ], [ 103.734110040567941, 1.463035393356912 ], [ 103.733694765338726, 1.463184726213834 ], [ 103.733296033708925, 1.4633743047761 ], [ 103.732917685660226, 1.463602303307896 ], [ 103.732563364873457, 1.463866526070679 ], [ 103.732236483638644, 1.4641644284687 ], [ 103.731940189993296, 1.464493141554518 ], [ 103.731677337405401, 1.46484949965778 ], [ 103.731450457292979, 1.465230070871846 ], [ 103.731261734645059, 1.465631190104198 ], [ 103.731112986978673, 1.466048994372679 ], [ 103.731005646834504, 1.46647946000758 ], [ 103.730940747980185, 1.466918441401132 ], [ 103.730918915453444, 1.467361710931679 ], [ 103.730940359541819, 1.467804999677496 ], [ 103.731004873756291, 1.468244038528675 ], [ 103.731111836818727, 1.468674599300839 ], [ 103.731260218644067, 1.469092535454891 ], [ 103.731448590259575, 1.469493822030598 ], [ 103.731675137565546, 1.469874594409364 ], [ 103.731937678805281, 1.470231185533028 ], [ 103.732233685575949, 1.47056016122011 ], [ 103.732560307177948, 1.470858353239386 ], [ 103.732914398068402, 1.471122889822273 ], [ 103.733292548154481, 1.471351223320149 ], [ 103.733691115634457, 1.471541154740308 ], [ 103.734106262070782, 1.471690854924038 ], [ 103.734533989356862, 1.471798882163052 ], [ 103.734970178221644, 1.471864196084356 ], [ 103.735410627901572, 1.471886167670186 ], [ 103.735851096597059, 1.471864585316104 ], [ 103.736287342324516, 1.471799656868992 ], [ 103.736715163770114, 1.471692007625602 ], [ 103.737130440751812, 1.471542674310561 ], [ 103.737529173900015, 1.471353095091973 ], [ 103.737907523174712, 1.471125095730857 ], [ 103.738261844847969, 1.470860871997671 ], [ 103.738588726595694, 1.47056296852541 ], [ 103.738885020360627, 1.470234254302815 ], [ 103.73914787267023, 1.469877895043915 ], [ 103.739374752117158, 1.469497322699777 ], [ 103.739563473737945, 1.469096202406337 ], [ 103.739712220055083, 1.468678397186524 ], [ 103.739819558579654, 1.468247930746633 ], [ 103.739884455606344, 1.467808948725325 ], [ 103.73990628616761, 1.467365678768417 ], [ 103.739884840051474, 1.466922389813995 ] ] ] } },
{ "type": "Feature", "properties": { "Final_Location_ID": "FLOC-0095", "Standardized_Location": "Kampung Pasir Tebrau", "Frequency_Band": "4-6", "Zone_Source": "500M_EVIDENCE_SUPPORT_BUFFER" }, "geometry": { "type": "Polygon", "coordinates": [ [ [ 103.747750198462228, 1.543697584930088 ], [ 103.747685680332182, 1.543258544229334 ], [ 103.747578711752254, 1.542827981799323 ], [ 103.747430322916202, 1.542410044187473 ], [ 103.747241942914954, 1.542008756354218 ], [ 103.747015385972631, 1.541627982910796 ], [ 103.746752833973744, 1.541271390901308 ], [ 103.746456815449832, 1.540942414487522 ], [ 103.746130181227826, 1.540644221876524 ], [ 103.745776076974735, 1.540379684809831 ], [ 103.745397912903215, 1.540151350907531 ], [ 103.744999330929417, 1.539961419133941 ], [ 103.744584169599875, 1.539811718621026 ], [ 103.744156427124693, 1.539703691053321 ], [ 103.743720222873492, 1.539638376784376 ], [ 103.743279757704428, 1.539616404817913 ], [ 103.742839273508793, 1.539637986750485 ], [ 103.742403012360342, 1.539702914734002 ], [ 103.741975175662915, 1.53981056347737 ], [ 103.74155988368986, 1.539959896268504 ], [ 103.741161135904463, 1.540149474958136 ], [ 103.740782772444035, 1.540377473809797 ], [ 103.740428437138135, 1.540641697082254 ], [ 103.740101542417051, 1.540939600175262 ], [ 103.739805236448859, 1.541268314134757 ], [ 103.739542372820992, 1.541624673282094 ], [ 103.739315483058732, 1.542005245700435 ], [ 103.739126752245056, 1.542406366285401 ], [ 103.738977997976662, 1.542824172041448 ], [ 103.738870652858921, 1.543254639284029 ], [ 103.738805750708394, 1.543693622389329 ], [ 103.738783916595537, 1.544136893718514 ], [ 103.738805360824003, 1.544580184331814 ], [ 103.738869876904104, 1.545019225100605 ], [ 103.738976843540328, 1.545449787821306 ], [ 103.739125230613553, 1.545867725935371 ], [ 103.739313609100634, 1.546269014463024 ], [ 103.739540164835631, 1.546649788766348 ], [ 103.739802715980417, 1.547006381768225 ], [ 103.74009873403628, 1.547335359268751 ], [ 103.740425368194309, 1.547633553019043 ], [ 103.740779472789882, 1.547898091233804 ], [ 103.741157637597254, 1.548126426248861 ], [ 103.741556220671953, 1.548316359057084 ], [ 103.741971383425152, 1.548466060486816 ], [ 103.742399127592023, 1.548574088818214 ], [ 103.742835333737986, 1.548639403668433 ], [ 103.743275800931983, 1.548661376011411 ], [ 103.743716287204975, 1.548639794236082 ], [ 103.744152550403356, 1.548574866184544 ], [ 103.744580389044501, 1.548467217150462 ], [ 103.744995682780385, 1.548317883857137 ], [ 103.745394432079948, 1.548128304473091 ], [ 103.745772796747701, 1.547900304761519 ], [ 103.746127132907702, 1.547636080496663 ], [ 103.746454028096807, 1.54733817631695 ], [ 103.746750334129004, 1.547009461218158 ], [ 103.747013197414375, 1.546653100922731 ], [ 103.747240086440797, 1.546272527391672 ], [ 103.747428816153572, 1.545871405772038 ], [ 103.74757756899831, 1.545453599099184 ], [ 103.747684912424333, 1.545023131092893 ], [ 103.747749812680141, 1.544584147406322 ], [ 103.747771644768036, 1.544140875700631 ], [ 103.747750198462228, 1.543697584930088 ] ] ] } },
{ "type": "Feature", "properties": { "Final_Location_ID": "FLOC-0096", "Standardized_Location": "Kampung Pasir, Tampoi/Skudai", "Frequency_Band": ">=7", "Zone_Source": "500M_EVIDENCE_SUPPORT_BUFFER" }, "geometry": { "type": "Polygon", "coordinates": [ [ [ 103.701437399826048, 1.495089089386596 ], [ 103.70137289244424, 1.494650049858598 ], [ 103.701265935646859, 1.494219487684248 ], [ 103.701117559514586, 1.493801549409166 ], [ 103.700929193016435, 1.493400260000767 ], [ 103.700702650247109, 1.493019484085815 ], [ 103.700440112955349, 1.492662888732387 ], [ 103.700144109531919, 1.492333908134443 ], [ 103.699817490659186, 1.492035710539237 ], [ 103.699463401857315, 1.491771167735856 ], [ 103.699085253191072, 1.491542827399133 ], [ 103.698686686429141, 1.491352888554683 ], [ 103.698271539972339, 1.491203180401689 ], [ 103.697843811888276, 1.491095144697445 ], [ 103.69740762140853, 1.491029821872871 ], [ 103.696967169259068, 1.491007841013138 ], [ 103.696526697206039, 1.491029413799476 ], [ 103.696090447206259, 1.491094332470967 ], [ 103.695662620556163, 1.491201971825425 ], [ 103.695247337431979, 1.49135129524046 ], [ 103.694848597211319, 1.491540864656587 ], [ 103.694470239958079, 1.491768854426274 ], [ 103.694115909441209, 1.492033068895538 ], [ 103.693789018044129, 1.492330963548913 ], [ 103.693492713901904, 1.492659669513849 ], [ 103.693229850583521, 1.493016021189004 ], [ 103.693002959610325, 1.493396586730055 ], [ 103.692814226076052, 1.49379770109954 ], [ 103.692665467602808, 1.494215501362615 ], [ 103.692558116835784, 1.494645963888468 ], [ 103.692493207645327, 1.495084943099716 ], [ 103.692471365169311, 1.495528211395932 ], [ 103.692492799791637, 1.495971499867563 ], [ 103.69255730511513, 1.496410539407495 ], [ 103.692664259947975, 1.496841101824778 ], [ 103.692812634285005, 1.497259040564509 ], [ 103.693000999226186, 1.497660330641372 ], [ 103.693227540736657, 1.49804110740295 ], [ 103.693490077116053, 1.4983977037486 ], [ 103.693786080008678, 1.498726685446266 ], [ 103.694112698752534, 1.49902488420643 ], [ 103.69446678783244, 1.499289428195181 ], [ 103.694844937172959, 1.499517769692202 ], [ 103.695243504979445, 1.499707709627266 ], [ 103.695658652810963, 1.499857418759237 ], [ 103.69608638254708, 1.499965455293257 ], [ 103.696522574892739, 1.500030778766496 ], [ 103.696963029050252, 1.500052760068862 ], [ 103.697403503176304, 1.500031187502097 ], [ 103.697839755234398, 1.499966268818672 ], [ 103.698267583849017, 1.499858629221271 ], [ 103.698682868768458, 1.499709305341611 ], [ 103.699081610546074, 1.49951973525701 ], [ 103.699459969058182, 1.499291744640706 ], [ 103.699814300487404, 1.499027529179198 ], [ 103.700141192415316, 1.498729633426106 ], [ 103.700437496686376, 1.498400926296233 ], [ 103.700700359726753, 1.498044573435692 ], [ 103.700927250025686, 1.497664006734352 ], [ 103.701115982515375, 1.49726289127425 ], [ 103.701264739613904, 1.496845090032195 ], [ 103.701372088728874, 1.496414626676562 ], [ 103.701436996053417, 1.495975646816666 ], [ 103.701458836521411, 1.495532378077819 ], [ 103.701437399826048, 1.495089089386596 ] ] ] } },
{ "type": "Feature", "properties": { "Final_Location_ID": "FLOC-0098", "Standardized_Location": "Kampung Paya Kenangan", "Frequency_Band": ">=7", "Zone_Source": "500M_EVIDENCE_SUPPORT_BUFFER" }, "geometry": { "type": "Polygon", "coordinates": [ [ [ 103.754091949972562, 1.53987897885186 ], [ 103.754027430397386, 1.539439938264179 ], [ 103.753920460467967, 1.539009376100691 ], [ 103.753772070391022, 1.538591438906225 ], [ 103.753583689269306, 1.53819015163721 ], [ 103.753357131337609, 1.537809378899489 ], [ 103.75309457848995, 1.537452787730372 ], [ 103.752798559265941, 1.537123812283606 ], [ 103.75247192449919, 1.536825620757004 ], [ 103.752117819861951, 1.536561084881721 ], [ 103.751739655570546, 1.536332752266462 ], [ 103.751341073543301, 1.536142821863171 ], [ 103.750925912327233, 1.535993122790724 ], [ 103.750498170131451, 1.535885096719837 ], [ 103.750061966322917, 1.535819783989735 ], [ 103.749621501755627, 1.53579781358934 ], [ 103.74918101831517, 1.535819397100232 ], [ 103.748744758068113, 1.535884326659049 ], [ 103.748316922409742, 1.53599197695965 ], [ 103.74790163160344, 1.536141311274888 ], [ 103.747502885101397, 1.536330891440846 ], [ 103.747124523028702, 1.536558891706798 ], [ 103.746770189201555, 1.536823116317869 ], [ 103.746443296036105, 1.537121020660828 ], [ 103.746146991685492, 1.537449735769591 ], [ 103.745884129721574, 1.537806095954334 ], [ 103.745657241653674, 1.538186669288155 ], [ 103.745468512548356, 1.538587790657795 ], [ 103.745319759985918, 1.539005597060088 ], [ 103.745212416555233, 1.539436064804165 ], [ 103.74514751605652, 1.539875048261363 ], [ 103.745125683544259, 1.540318319789341 ], [ 103.745147129306588, 1.5407616104464 ], [ 103.745211646838996, 1.541200651103502 ], [ 103.745318614831831, 1.541631213558066 ], [ 103.745467003152825, 1.542049151254124 ], [ 103.745655382766714, 1.542450439215934 ], [ 103.745881939496599, 1.542831212811069 ], [ 103.746144491494704, 1.54318780496923 ], [ 103.746440510254047, 1.543516781498706 ], [ 103.746767144958866, 1.543814974160015 ], [ 103.747121249939283, 1.544079511178463 ], [ 103.747499414965816, 1.544307844901381 ], [ 103.747897998091858, 1.544497776334229 ], [ 103.748313160728188, 1.54464747631864 ], [ 103.748740904611097, 1.544755503148771 ], [ 103.749177110308807, 1.544820816456269 ], [ 103.749617576894707, 1.544842787230011 ], [ 103.750058062405628, 1.544821203874092 ], [ 103.750494324695495, 1.544756274245859 ], [ 103.750922162290436, 1.544648623654199 ], [ 103.751337454852674, 1.544499288837363 ], [ 103.75173620286256, 1.544309707978621 ], [ 103.752114566137053, 1.544081706855249 ], [ 103.752468900813767, 1.543817481255141 ], [ 103.752795794443884, 1.543519575829465 ], [ 103.753092098856428, 1.543190859585967 ], [ 103.753354960477154, 1.542834498258082 ], [ 103.753581847809969, 1.542453923816633 ], [ 103.753770575816461, 1.542052801417411 ], [ 103.753919326958638, 1.541634994103169 ], [ 103.754026668702195, 1.541204525599823 ], [ 103.754091567311733, 1.540765541565242 ], [ 103.754113397805384, 1.540322269663904 ], [ 103.754091949972562, 1.53987897885186 ] ] ] } },
{ "type": "Feature", "properties": { "Final_Location_ID": "FLOC-0099", "Standardized_Location": "Kampung Paya Mengkuang", "Frequency_Band": "1-3", "Zone_Source": "500M_EVIDENCE_SUPPORT_BUFFER" }, "geometry": { "type": "Polygon", "coordinates": [ [ [ 103.591746566541062, 1.371500434942065 ], [ 103.591682083031515, 1.371061401164035 ], [ 103.591575152882086, 1.370630842714029 ], [ 103.591426805917479, 1.370212906103495 ], [ 103.591238470826838, 1.369811616285151 ], [ 103.591011961403879, 1.369430837890635 ], [ 103.590749459077983, 1.369074238012441 ], [ 103.590453491905194, 1.368745250888133 ], [ 103.59012691022096, 1.368447044827376 ], [ 103.589772859189608, 1.368182491699984 ], [ 103.589394748514394, 1.367954139278901 ], [ 103.588996219600403, 1.367764186704473 ], [ 103.588581110485947, 1.367614463306191 ], [ 103.588153418880822, 1.367506410986019 ], [ 103.587717263666732, 1.367441070332564 ], [ 103.587276845231131, 1.367419070600326 ], [ 103.586836405016143, 1.367440623650008 ], [ 103.586400184672257, 1.36750552190856 ], [ 103.585972385210013, 1.367613140368369 ], [ 103.585557126543179, 1.367762442606589 ], [ 103.58515840781277, 1.367951990766334 ], [ 103.58478006887421, 1.368179959403827 ], [ 103.584425753318385, 1.368444153068116 ], [ 103.584098873382501, 1.368742027444024 ], [ 103.583802577089145, 1.369070713854729 ], [ 103.583539717929341, 1.369427046888058 ], [ 103.58331282738213, 1.369807594880482 ], [ 103.583124090534952, 1.370208692965216 ], [ 103.582975325039783, 1.370626478366127 ], [ 103.582867963607612, 1.371056927597753 ], [ 103.582803040210038, 1.371495895213003 ], [ 103.582781180120691, 1.371939153725542 ], [ 103.582802593892424, 1.372382434322309 ], [ 103.582867075328608, 1.372821467974246 ], [ 103.582974003467683, 1.373252026549106 ], [ 103.583122348562256, 1.373669963530664 ], [ 103.583310681994945, 1.3740712539519 ], [ 103.583537190035855, 1.374452033158054 ], [ 103.583799691308627, 1.374808634025405 ], [ 103.584095657797775, 1.375137622278395 ], [ 103.584422239194041, 1.375435829563969 ], [ 103.584776290344223, 1.37570038396527 ], [ 103.58515440154045, 1.375928737660365 ], [ 103.585552931357682, 1.376118691459992 ], [ 103.585968041722808, 1.376268415987531 ], [ 103.586395734878039, 1.376376469297641 ], [ 103.586831891882085, 1.376441810763662 ], [ 103.587272312278685, 1.376463811099896 ], [ 103.587712754550381, 1.376442258422396 ], [ 103.588148976967631, 1.376377360289937 ], [ 103.588576778440228, 1.376269741705277 ], [ 103.588992038977125, 1.376120439096032 ], [ 103.589390759365457, 1.375930890333393 ], [ 103.58976909968608, 1.375702920884282 ], [ 103.590123416295015, 1.375438726230806 ], [ 103.590450296914554, 1.375140850726232 ], [ 103.590746593495865, 1.37481216309071 ], [ 103.591009452536852, 1.374455828783485 ], [ 103.591236342563022, 1.374075279517027 ], [ 103.591425078506987, 1.37367418020711 ], [ 103.591573842751473, 1.373256393676948 ], [ 103.591681202633552, 1.372825943455377 ], [ 103.591746124241155, 1.372386975027538 ], [ 103.591767982369504, 1.371943715911023 ], [ 103.591746566541062, 1.371500434942065 ] ] ] } },
{ "type": "Feature", "properties": { "Final_Location_ID": "FLOC-0105", "Standardized_Location": "Kampung Pengkalan Rinting", "Frequency_Band": "1-3", "Zone_Source": "500M_EVIDENCE_SUPPORT_BUFFER" }, "geometry": { "type": "Polygon", "coordinates": [ [ [ 103.709198031900883, 1.491218839719676 ], [ 103.709133522720549, 1.490779800281341 ], [ 103.709026564218362, 1.490349238384794 ], [ 103.708878186491262, 1.489931300573003 ], [ 103.70868981852351, 1.489530011808861 ], [ 103.708463274423849, 1.489149236712986 ], [ 103.708200735953753, 1.488792642345628 ], [ 103.707904731515214, 1.488463662891232 ], [ 103.707578111800359, 1.488165466586172 ], [ 103.707224022337385, 1.48790092520718 ], [ 103.706845873197381, 1.487672586415437 ], [ 103.706447306153649, 1.487482649221771 ], [ 103.70603215960972, 1.487332942809598 ], [ 103.705604431634114, 1.487224908919484 ], [ 103.7051682414574, 1.487159587965015 ], [ 103.704727789802718, 1.487137609013363 ], [ 103.704287318431554, 1.487159183727491 ], [ 103.703851069294316, 1.487224104327941 ], [ 103.703423243679183, 1.487331745594005 ], [ 103.703007961752576, 1.487481070884888 ], [ 103.70260922288071, 1.487670642123018 ], [ 103.702230867114565, 1.487898633643288 ], [ 103.701876538208879, 1.488162849774865 ], [ 103.701549648531625, 1.48846074598617 ], [ 103.70125334620144, 1.488789453389592 ], [ 103.700990484769804, 1.489145806369872 ], [ 103.700763595739971, 1.489526373070003 ], [ 103.700574864186947, 1.489927488441319 ], [ 103.700426107713767, 1.490345289539164 ], [ 103.700318758946253, 1.490775752724676 ], [ 103.700253851735425, 1.491214732413964 ], [ 103.700232011200043, 1.491658001001975 ], [ 103.700253447705222, 1.492101289576257 ], [ 103.700317954835526, 1.492540329028671 ], [ 103.700424911381575, 1.492970891169084 ], [ 103.70057328732166, 1.493388829445198 ], [ 103.700761653740145, 1.493790118876257 ], [ 103.700988196587858, 1.494170894815995 ], [ 103.701250734151415, 1.49452749017179 ], [ 103.701546738063655, 1.494856470721132 ], [ 103.701873357652715, 1.495154668185647 ], [ 103.702227447395188, 1.495419210743987 ], [ 103.702605597209242, 1.495647550689656 ], [ 103.703004165295724, 1.495837488967529 ], [ 103.703419313210986, 1.495987196352485 ], [ 103.703847042833843, 1.496095231066566 ], [ 103.704283234870388, 1.496160552664555 ], [ 103.704723688526016, 1.496182532054528 ], [ 103.705164161962372, 1.496160957556678 ], [ 103.705600413149625, 1.496096036942135 ], [ 103.706028240720869, 1.495988395432184 ], [ 103.706443524434505, 1.495839069676994 ], [ 103.706842264855638, 1.495649497771965 ], [ 103.707220621873759, 1.495421505407797 ], [ 103.707574951685984, 1.495157288287819 ], [ 103.707901841889523, 1.494859390981552 ], [ 103.708198144345531, 1.494530682418693 ], [ 103.708461005497654, 1.494174328259072 ], [ 103.708687893853437, 1.49379376040499 ], [ 103.708876624363697, 1.493392643949467 ], [ 103.709025379465558, 1.492974841878845 ], [ 103.709132726585835, 1.492544377869366 ], [ 103.709197631936817, 1.492105397536563 ], [ 103.709219470471254, 1.49166212851022 ], [ 103.709198031900883, 1.491218839719676 ] ] ] } },
{ "type": "Feature", "properties": { "Final_Location_ID": "FLOC-0106", "Standardized_Location": "Kampung Plentong", "Frequency_Band": "1-3", "Zone_Source": "500M_EVIDENCE_SUPPORT_BUFFER" }, "geometry": { "type": "Polygon", "coordinates": [ [ [ 103.80543130672126, 1.493479546911464 ], [ 103.805366775743707, 1.493040507557058 ], [ 103.805259795515113, 1.492609947883403 ], [ 103.805111396340479, 1.492192014411446 ], [ 103.804923007409329, 1.491790732062008 ], [ 103.804696443030934, 1.491409965393807 ], [ 103.804433885160705, 1.491053381386098 ], [ 103.804137862386256, 1.490724414124083 ], [ 103.803811225575089, 1.49042623172734 ], [ 103.803457120419012, 1.490161705839611 ], [ 103.803078957139476, 1.489933383973959 ], [ 103.802680377645302, 1.489743464979432 ], [ 103.802265220459617, 1.4895937778655 ], [ 103.801837483753303, 1.489485764188267 ], [ 103.80140128684117, 1.48942046416797 ], [ 103.800960830511713, 1.489398506671505 ], [ 103.800520356572051, 1.489420103156361 ], [ 103.800084106998241, 1.489485045634442 ], [ 103.799656283083721, 1.489592708675156 ], [ 103.79924100497972, 1.489742055428592 ], [ 103.798842272016969, 1.489931647610859 ], [ 103.798463924190855, 1.490159659355213 ], [ 103.798109605181025, 1.490423894795838 ], [ 103.797782727261406, 1.490721809214756 ], [ 103.79748643843854, 1.491050533548342 ], [ 103.797223592134898, 1.491406902017325 ], [ 103.796996719708829, 1.491787482614513 ], [ 103.796808006076049, 1.492188610156119 ], [ 103.796659268667327, 1.492606421578976 ], [ 103.796551939925024, 1.493036893143401 ], [ 103.796487053507136, 1.493475879183483 ], [ 103.79646523433172, 1.493919152031729 ], [ 103.796486692557536, 1.494362442733457 ], [ 103.796551221559042, 1.494801482159011 ], [ 103.796658199915228, 1.495232042117723 ], [ 103.796806597393058, 1.495649976077705 ], [ 103.796994984868235, 1.496051259099404 ], [ 103.797221548087435, 1.496432026598255 ], [ 103.797484105139759, 1.496788611563069 ], [ 103.797780127469068, 1.497117579871844 ], [ 103.798106764224968, 1.49741576336484 ], [ 103.798460869717729, 1.497680290356142 ], [ 103.798839033712994, 1.497908613290276 ], [ 103.799237614274432, 1.498098533277142 ], [ 103.799652772837916, 1.498248221269132 ], [ 103.800080511179601, 1.498356235676404 ], [ 103.800516709921794, 1.498421536250648 ], [ 103.800957168205741, 1.498443494103728 ], [ 103.801397644149191, 1.498421897764404 ], [ 103.801833895699062, 1.498356955215177 ], [ 103.802261721485976, 1.498249291889413 ], [ 103.802677001286767, 1.498099944647932 ], [ 103.803075735705491, 1.49791035179342 ], [ 103.803454084690799, 1.497682339218423 ], [ 103.803808404518534, 1.497418102820683 ], [ 103.80413528288328, 1.497120187354989 ], [ 103.804431571761441, 1.496791461925163 ], [ 103.804694417728399, 1.496435092352601 ], [ 103.804921289438738, 1.496054510686935 ], [ 103.805110002004241, 1.495653382153005 ], [ 103.805258738035178, 1.495235569852077 ], [ 103.80536606514211, 1.494805097557604 ], [ 103.80543094972991, 1.494366110963558 ], [ 103.80545276695085, 1.49392283775872 ], [ 103.80543130672126, 1.493479546911464 ] ] ] } },
{ "type": "Feature", "properties": { "Final_Location_ID": "FLOC-0107", "Standardized_Location": "Kampung Plentong Baru", "Frequency_Band": "1-3", "Zone_Source": "500M_EVIDENCE_SUPPORT_BUFFER" }, "geometry": { "type": "Polygon", "coordinates": [ [ [ 103.821160861708265, 1.517474316874817 ], [ 103.821096327060829, 1.517035277167811 ], [ 103.820989342670217, 1.516604717432797 ], [ 103.820840938881389, 1.516186784190947 ], [ 103.820652544928194, 1.515785502360651 ], [ 103.820425975168078, 1.515404736495418 ], [ 103.820163411608021, 1.515048153566722 ], [ 103.819867382890067, 1.5147191876493 ], [ 103.819540739938617, 1.51442100684979 ], [ 103.819186628504269, 1.514156482796719 ], [ 103.818808458868475, 1.513928162985638 ], [ 103.818409873000903, 1.513738246246069 ], [ 103.817994709485689, 1.513588561566057 ], [ 103.81756696655431, 1.513480550478601 ], [ 103.817130763581247, 1.513415253179394 ], [ 103.816690301413104, 1.513393298509461 ], [ 103.81624982191309, 1.513414897899502 ], [ 103.815813567110681, 1.513479843333809 ], [ 103.81538573834969, 1.513587509353645 ], [ 103.814970455828046, 1.513736859080709 ], [ 103.814571718919154, 1.513926454202693 ], [ 103.814193367656628, 1.514154468824746 ], [ 103.813839045753483, 1.514418707053458 ], [ 103.813512165511796, 1.514716624144015 ], [ 103.813215874960861, 1.515045351007019 ], [ 103.812953027540146, 1.515401721838763 ], [ 103.812726154619199, 1.515782304609038 ], [ 103.812537441118891, 1.516183434112944 ], [ 103.812388704469086, 1.51660124726813 ], [ 103.812281377105151, 1.51703172031785 ], [ 103.81221649267215, 1.517470707581519 ], [ 103.812194676069225, 1.517913981379494 ], [ 103.812216137430553, 1.518357272747545 ], [ 103.812280670100492, 1.518796312549239 ], [ 103.812387652622704, 1.519226872589932 ], [ 103.812536054724021, 1.519644806336696 ], [ 103.812724447235453, 1.520046088851752 ], [ 103.812951015854964, 1.520426855555202 ], [ 103.813213578619369, 1.520783439443471 ], [ 103.813509606917236, 1.521112406404864 ], [ 103.813836249840307, 1.521410588292647 ], [ 103.814190361639078, 1.521675113436475 ], [ 103.814568532018058, 1.521903434298876 ], [ 103.814967118979041, 1.522093352009941 ], [ 103.815382283895886, 1.522243037544274 ], [ 103.815810028483241, 1.522351049336034 ], [ 103.816246233302962, 1.522416347162503 ], [ 103.816686697437518, 1.522438302162349 ], [ 103.817127178948112, 1.522416702892212 ], [ 103.81756343572799, 1.522351757363208 ], [ 103.817991266357382, 1.522244091037692 ], [ 103.818406550566536, 1.522094740805704 ], [ 103.81880528891719, 1.52190514499899 ], [ 103.819183641320322, 1.521677129538671 ], [ 103.819537964019119, 1.521412890350428 ], [ 103.819864844680893, 1.521114972215896 ], [ 103.820161135260221, 1.52078624426461 ], [ 103.820423982316512, 1.520429872342122 ], [ 103.820650854494261, 1.520049288520495 ], [ 103.820839566901157, 1.519648158045102 ], [ 103.820988302149345, 1.5192303440356 ], [ 103.821095627857304, 1.518799870281568 ], [ 103.821160510443647, 1.518360882490653 ], [ 103.821182325080159, 1.517917608362772 ], [ 103.821160861708265, 1.517474316874817 ] ] ] } },
{ "type": "Feature", "properties": { "Final_Location_ID": "FLOC-0108", "Standardized_Location": "Kampung Pulai, Ulu Pulai", "Frequency_Band": "1-3", "Zone_Source": "500M_EVIDENCE_SUPPORT_BUFFER" }, "geometry": { "type": "Polygon", "coordinates": [ [ [ 103.572467245513948, 1.470714229621925 ], [ 103.572402768235875, 1.470275192019903 ], [ 103.572295842058097, 1.469844628870014 ], [ 103.572147496767897, 1.469426686728287 ], [ 103.571959161038933, 1.46902539059993 ], [ 103.571732648671357, 1.468644605176732 ], [ 103.571470141122987, 1.468287997618188 ], [ 103.571174166499944, 1.467959002235306 ], [ 103.570847575208944, 1.467660787416821 ], [ 103.57049351250609, 1.467396225116589 ], [ 103.570115388206119, 1.467167863195658 ], [ 103.569716843844176, 1.46697790088585 ], [ 103.569301717606081, 1.466828167610495 ], [ 103.568874007365167, 1.466720105366883 ], [ 103.568437832181218, 1.466654754839595 ], [ 103.567997392632606, 1.466632745378648 ], [ 103.567556930363466, 1.466654288939041 ], [ 103.567120687235487, 1.466719178039729 ], [ 103.566692864477602, 1.466826787762042 ], [ 103.566277582227102, 1.466976081767956 ], [ 103.565878839851521, 1.467165622280622 ], [ 103.565500477433687, 1.467393583930581 ], [ 103.565146138790496, 1.467657771334819 ], [ 103.564819236381766, 1.467955640238998 ], [ 103.564522918446968, 1.468284322019413 ], [ 103.564260038686271, 1.468640651308826 ], [ 103.564033128778078, 1.469021196479969 ], [ 103.563844373997412, 1.469422292693274 ], [ 103.56369559217022, 1.469840077190531 ], [ 103.563588216166153, 1.47027052649476 ], [ 103.563523280098565, 1.47070949515779 ], [ 103.563501409364463, 1.471152755682752 ], [ 103.563522814620569, 1.471596039236628 ], [ 103.563587289753428, 1.472035076761217 ], [ 103.563694213863229, 1.472465640086289 ], [ 103.563842557242225, 1.472883582649106 ], [ 103.564030891290145, 1.473284879428263 ], [ 103.564257402271494, 1.473665665706988 ], [ 103.564519908781676, 1.474022274292862 ], [ 103.564815882754502, 1.474351270835431 ], [ 103.565142473808237, 1.474649486901377 ], [ 103.565496536695875, 1.474914050488948 ], [ 103.565874661595586, 1.47514241368754 ], [ 103.566273206949219, 1.475332377216313 ], [ 103.56668833453277, 1.475482111605041 ], [ 103.567116046421262, 1.475590174813677 ], [ 103.567552223491575, 1.475655526120566 ], [ 103.567992665092831, 1.475677536145691 ], [ 103.568433129502012, 1.475655992912386 ], [ 103.568869374775232, 1.47559110388913 ], [ 103.569297199601067, 1.475483493991635 ], [ 103.569712483762785, 1.475334199564621 ], [ 103.57011122781941, 1.475144658401152 ], [ 103.570489591623485, 1.474916695895686 ], [ 103.570843931304836, 1.474652507464101 ], [ 103.571170834363784, 1.474354637400251 ], [ 103.571467152535874, 1.474025954372369 ], [ 103.571730032111773, 1.473669623795626 ], [ 103.571956941420197, 1.473289077346781 ], [ 103.572145695209215, 1.472887979914556 ], [ 103.572294475690938, 1.472470194303906 ], [ 103.572401850047427, 1.47203974403465 ], [ 103.572466784228652, 1.471600774592026 ], [ 103.57248865291011, 1.471157513502895 ], [ 103.572467245513948, 1.470714229621925 ] ] ] } },
{ "type": "Feature", "properties": { "Final_Location_ID": "FLOC-0110", "Standardized_Location": "Kampung Seri Serdang Baru", "Frequency_Band": "1-3", "Zone_Source": "500M_EVIDENCE_SUPPORT_BUFFER" }, "geometry": { "type": "Polygon", "coordinates": [ [ [ 103.694336952410012, 1.500900998250056 ], [ 103.694272446687052, 1.500461958575849 ], [ 103.694165491411482, 1.500031396075368 ], [ 103.694017116649377, 1.49961345729734 ], [ 103.693828751356747, 1.499212167214019 ], [ 103.693602209616714, 1.49883139045862 ], [ 103.693339673168282, 1.498474794107271 ], [ 103.693043670394076, 1.498145812363476 ], [ 103.692717051970277, 1.497847613485437 ], [ 103.692362963412791, 1.497583069274562 ], [ 103.69198481478395, 1.497354727419139 ], [ 103.691586247852101, 1.497164786959313 ], [ 103.691171101019634, 1.497015077109765 ], [ 103.690743372357687, 1.496907039644063 ], [ 103.690307181103321, 1.496841715010026 ], [ 103.689866727989838, 1.496819732310179 ], [ 103.689426254792551, 1.496841303243456 ], [ 103.688990003479205, 1.496906220066761 ], [ 103.688562175358726, 1.497013857595704 ], [ 103.688146890621354, 1.497163179225429 ], [ 103.687748148660177, 1.497352746913759 ], [ 103.687369789555703, 1.497580735029752 ], [ 103.687015457094674, 1.497844947935482 ], [ 103.686688563679098, 1.498142841130507 ], [ 103.686392257463524, 1.498471545756461 ], [ 103.686129392036804, 1.49882789622496 ], [ 103.685902498940621, 1.499208460703348 ], [ 103.685713763289215, 1.499609574164542 ], [ 103.685565002725127, 1.500027373682457 ], [ 103.685457649913744, 1.500457835633553 ], [ 103.685392738745165, 1.500896814446032 ], [ 103.68537089437649, 1.501340082523403 ], [ 103.685392327209954, 1.501783370958199 ], [ 103.685456830865718, 1.50222241064373 ], [ 103.685563784168124, 1.502652973387618 ], [ 103.685712157126929, 1.503070912631815 ], [ 103.685900520855455, 1.503472203386161 ], [ 103.686127061330652, 1.503852980991638 ], [ 103.686389596862156, 1.504209578339456 ], [ 103.686685599102546, 1.504538561187795 ], [ 103.687012217396145, 1.504836761236028 ], [ 103.687366306232107, 1.505101306637786 ], [ 103.687744455537342, 1.505329649658997 ], [ 103.68814302351754, 1.50551959121472 ], [ 103.688558171730023, 1.505669302048147 ], [ 103.688985902050604, 1.50577734034794 ], [ 103.689422095178514, 1.505842665634183 ], [ 103.689862550308405, 1.505864648779334 ], [ 103.690303025587497, 1.505843078067286 ], [ 103.690739278968053, 1.50577816123267 ], [ 103.691167109061709, 1.505670523460333 ], [ 103.691582395602353, 1.505521201364391 ], [ 103.691981139127634, 1.505331633005065 ], [ 103.692359499496945, 1.50510364403899 ], [ 103.692713832874929, 1.504839430136814 ], [ 103.693040726824321, 1.504541535837228 ], [ 103.693337033170067, 1.504212830041068 ], [ 103.693599898318325, 1.503856478381705 ], [ 103.6938267907381, 1.5034759127375 ], [ 103.694015525341143, 1.503074798180417 ], [ 103.694164284525229, 1.502656997678621 ], [ 103.694271635677978, 1.502226534893444 ], [ 103.694336544972998, 1.501787555428747 ], [ 103.694358387325266, 1.501344286906091 ], [ 103.694336952410012, 1.500900998250056 ] ] ] } },
{ "type": "Feature", "properties": { "Final_Location_ID": "FLOC-0112", "Standardized_Location": "Kampung Skudai Kiri", "Frequency_Band": "1-3", "Zone_Source": "500M_EVIDENCE_SUPPORT_BUFFER" }, "geometry": { "type": "Polygon", "coordinates": [ [ [ 103.716112281618152, 1.486378751795616 ], [ 103.71604777083931, 1.485939712476458 ], [ 103.715940810852999, 1.485509150870268 ], [ 103.715792431770325, 1.485091213517153 ], [ 103.715604062588483, 1.484689925375632 ], [ 103.715377517427854, 1.484309151060363 ], [ 103.715114978060001, 1.483952557624088 ], [ 103.714818972895529, 1.48362357924243 ], [ 103.714492352633471, 1.48332538414139 ], [ 103.714138262807282, 1.483060844086241 ], [ 103.713760113491574, 1.482832506725467 ], [ 103.7133615464613, 1.482642571056211 ], [ 103.712946400119975, 1.482492866247261 ], [ 103.712518672534173, 1.482384834023841 ], [ 103.712082482930811, 1.482319514783528 ], [ 103.711642032027598, 1.482297537577064 ], [ 103.711201561578932, 1.482319114050655 ], [ 103.710765313526394, 1.482384036407904 ], [ 103.710337489147875, 1.482491679411202 ], [ 103.709922208597959, 1.482641006403024 ], [ 103.709523471229758, 1.482830579289408 ], [ 103.709145117079828, 1.483058572389373 ], [ 103.708790789887487, 1.48332279001677 ], [ 103.708463902004212, 1.483620687625601 ], [ 103.708167601531429, 1.483949396314708 ], [ 103.707904742002796, 1.484305750456414 ], [ 103.707677854903196, 1.484686318182412 ], [ 103.707489125289072, 1.485087434434075 ], [ 103.70734037074466, 1.485505236258221 ], [ 103.707233023877222, 1.485935700008892 ], [ 103.707168118519405, 1.486374680096716 ], [ 103.707146279771976, 1.486817948912728 ], [ 103.707167717982756, 1.487261237542252 ], [ 103.707232226719739, 1.487700276876551 ], [ 103.707339184757998, 1.488130838726664 ], [ 103.707487562061289, 1.488548776543059 ], [ 103.707675929700784, 1.488950065349416 ], [ 103.707902473615405, 1.489330840505533 ], [ 103.708165012081437, 1.489687434926365 ], [ 103.708461016722964, 1.490016414398464 ], [ 103.708787636861018, 1.490314610653909 ], [ 103.709141726966919, 1.490579151883049 ], [ 103.709519876955326, 1.490807490392295 ], [ 103.709918445025409, 1.49099742714039 ], [ 103.710333592733718, 1.491147132917066 ], [ 103.71076132196113, 1.491255165959885 ], [ 103.711197513417645, 1.491320485839841 ], [ 103.711637966314314, 1.491342463481573 ], [ 103.7120784388202, 1.491320887222158 ], [ 103.712514688914595, 1.491255964849744 ], [ 103.712942515241167, 1.491148321602557 ], [ 103.713357797570481, 1.490998994147461 ], [ 103.713756536481014, 1.490809420596221 ], [ 103.714134891876967, 1.490581426655416 ], [ 103.714489219971128, 1.490317208043445 ], [ 103.714816108377363, 1.490019309344206 ], [ 103.715112408974136, 1.48969059950068 ], [ 103.715375268223042, 1.489334244184994 ], [ 103.715602154649943, 1.488953675310501 ], [ 103.715790883224258, 1.488552557980009 ], [ 103.715939636401686, 1.488134755188135 ], [ 103.716046981627514, 1.487704290618056 ], [ 103.716111885132193, 1.487265309890599 ], [ 103.716133721886138, 1.4868220406393 ], [ 103.716112281618152, 1.486378751795616 ] ] ] } },
{ "type": "Feature", "properties": { "Final_Location_ID": "FLOC-0113", "Standardized_Location": "Kampung Sri Jaya Baru", "Frequency_Band": "1-3", "Zone_Source": "500M_EVIDENCE_SUPPORT_BUFFER" }, "geometry": { "type": "Polygon", "coordinates": [ [ [ 103.695070718186642, 1.499054825861264 ], [ 103.695006212288519, 1.498615786237738 ], [ 103.694899256880035, 1.498185223810434 ], [ 103.694750882028572, 1.497767285127434 ], [ 103.694562516690937, 1.497365995160021 ], [ 103.694335974950732, 1.496985218540351 ], [ 103.694073438546894, 1.49662862234325 ], [ 103.693777435861662, 1.496299640770744 ], [ 103.693450817570366, 1.496001442079395 ], [ 103.693096729187602, 1.495736898068835 ], [ 103.692718580774084, 1.49550855642542 ], [ 103.692320014096069, 1.495318616187234 ], [ 103.691904867553532, 1.495168906566894 ], [ 103.691477139214868, 1.495060869335691 ], [ 103.691040948314026, 1.494995544939228 ], [ 103.690600495580938, 1.494973562477717 ], [ 103.690160022787268, 1.494995133647797 ], [ 103.689723771896936, 1.495060050704093 ], [ 103.689295944214777, 1.495167688459938 ], [ 103.688880659926852, 1.49531701030832 ], [ 103.688481918421942, 1.495506578204877 ], [ 103.688103559776152, 1.495734566516726 ], [ 103.687749227771818, 1.495998779603969 ], [ 103.687422334806584, 1.496296672964473 ], [ 103.687126029030594, 1.496625377738221 ], [ 103.686863164028509, 1.496981728335423 ], [ 103.686636271337903, 1.497362292922161 ], [ 103.686447536069082, 1.497763406470295 ], [ 103.686298775860863, 1.498181206052912 ], [ 103.686191423375192, 1.498611668045842 ], [ 103.68612651249903, 1.499050646876887 ], [ 103.686104668386591, 1.499493914949386 ], [ 103.686126101437651, 1.49993720335595 ], [ 103.686190605270198, 1.500376242990086 ], [ 103.686297558706912, 1.500806805660005 ], [ 103.686445931756225, 1.501224744808364 ], [ 103.686634295530524, 1.501626035445906 ], [ 103.686860836006346, 1.502006812914777 ], [ 103.6871233714933, 1.502363410107514 ], [ 103.687419373644417, 1.502692392783787 ], [ 103.687745991804846, 1.502990592644683 ], [ 103.688100080465063, 1.503255137845565 ], [ 103.688478229553681, 1.503483480654384 ], [ 103.688876797278496, 1.50367342198822 ], [ 103.689291945199287, 1.503823132592392 ], [ 103.689719675194738, 1.50393117065776 ], [ 103.690155867967192, 1.503996495706717 ], [ 103.690596322714796, 1.504018478613952 ], [ 103.691036797588467, 1.503996907665661 ], [ 103.691473050544374, 1.503931990598755 ], [ 103.691900880198304, 1.503824352600266 ], [ 103.692316166288393, 1.503675030286562 ], [ 103.692714909356624, 1.50348546171985 ], [ 103.693093269266797, 1.503257472558812 ], [ 103.693447602188002, 1.502993258475933 ], [ 103.693774495687393, 1.502695364011635 ], [ 103.694070801594222, 1.502366658068354 ], [ 103.69433366631884, 1.502010306280826 ], [ 103.694560558334359, 1.501629740528688 ], [ 103.694749292556395, 1.50122862588491 ], [ 103.694898051386346, 1.500810825318478 ], [ 103.695005402215244, 1.50038036249135 ], [ 103.69507031121978, 1.499941383007811 ], [ 103.695092153317717, 1.49949811448962 ], [ 103.695070718186642, 1.499054825861264 ] ] ] } },
{ "type": "Feature", "properties": { "Final_Location_ID": "FLOC-0114", "Standardized_Location": "Kampung Sri Jaya, Skudai", "Frequency_Band": "1-3", "Zone_Source": "500M_EVIDENCE_SUPPORT_BUFFER" }, "geometry": { "type": "Polygon", "coordinates": [ [ [ 103.693592307580843, 1.498888809314192 ], [ 103.693527802024946, 1.498449769699672 ], [ 103.693420846961175, 1.498019207248144 ], [ 103.693272472453614, 1.497601268507889 ], [ 103.693084107455746, 1.497199978450787 ], [ 103.692857566047934, 1.496819201709855 ], [ 103.692595029965929, 1.496462605361071 ], [ 103.692299027588902, 1.496133623607925 ], [ 103.691972409589255, 1.495835424708708 ], [ 103.691618321478742, 1.495570880465049 ], [ 103.691240173315492, 1.495342538565503 ], [ 103.690841606863373, 1.495152598050648 ], [ 103.6904264605202, 1.495002888135694 ], [ 103.689998732352421, 1.494894850594799 ], [ 103.689562541592338, 1.494829525876452 ], [ 103.689122088968546, 1.494807543084009 ], [ 103.688681616251657, 1.494829113917286 ], [ 103.688245365404811, 1.494894030634079 ], [ 103.687817537732414, 1.49500166805101 ], [ 103.68740225342043, 1.495150989564327 ], [ 103.687003511857839, 1.495340557132874 ], [ 103.686625153121284, 1.495568545126926 ], [ 103.686270820993954, 1.495832757909655 ], [ 103.685943927874661, 1.496130650981863 ], [ 103.68564762191501, 1.496459355486315 ], [ 103.685384756701424, 1.496815705835813 ], [ 103.685157863773469, 1.497196270198888 ], [ 103.684969128243765, 1.497597383549539 ], [ 103.684820367753602, 1.498015182962769 ], [ 103.68471301496767, 1.498445644816107 ], [ 103.6846481037758, 1.498884623538667 ], [ 103.684626259335246, 1.499327891534876 ], [ 103.684647692048955, 1.49977117989807 ], [ 103.684712195538225, 1.500210219522254 ], [ 103.684819148629003, 1.500640782215722 ], [ 103.684967521333036, 1.501058721420867 ], [ 103.685155884766161, 1.501460012147957 ], [ 103.685382424908127, 1.501840789738239 ], [ 103.685644960071841, 1.502197387083088 ], [ 103.685940961913431, 1.502526369940737 ], [ 103.686267579781074, 1.502824570010433 ], [ 103.686621668168044, 1.503089115445586 ], [ 103.686999817005642, 1.503317458511854 ], [ 103.68739838450405, 1.503507400123824 ], [ 103.687813532225277, 1.503657111024093 ], [ 103.688241262049871, 1.503765149400672 ], [ 103.688677454681894, 1.503830474772939 ], [ 103.6891179093208, 1.503852458012422 ], [ 103.689558384118556, 1.503830887402134 ], [ 103.689994637032058, 1.503765970675665 ], [ 103.690422466677433, 1.503658333016814 ], [ 103.69083775279293, 1.503509011038593 ], [ 103.691236495920279, 1.503319442800055 ], [ 103.69161485592268, 1.503091453956656 ], [ 103.691969188968287, 1.502827240177856 ], [ 103.692296082623031, 1.502529346001164 ], [ 103.692592388714687, 1.502200640326216 ], [ 103.692855253651828, 1.501844288785205 ], [ 103.693082145905407, 1.501463723255402 ], [ 103.693270880388837, 1.501062608807656 ], [ 103.693419639500959, 1.500644808409107 ], [ 103.693526990630062, 1.500214345720095 ], [ 103.693591899949979, 1.499775366343605 ], [ 103.693613742375419, 1.499332097900363 ], [ 103.693592307580843, 1.498888809314192 ] ] ] } },
{ "type": "Feature", "properties": { "Final_Location_ID": "FLOC-0115", "Standardized_Location": "Kampung Sri Serdang", "Frequency_Band": "1-3", "Zone_Source": "500M_EVIDENCE_SUPPORT_BUFFER" }, "geometry": { "type": "Polygon", "coordinates": [ [ [ 103.696405813661585, 1.501307503476333 ], [ 103.696341307459932, 1.500868463785139 ], [ 103.696234351698308, 1.500437901313649 ], [ 103.69608597644752, 1.500019962610338 ], [ 103.69589761066814, 1.499618672646693 ], [ 103.695671068448036, 1.499237896054788 ], [ 103.695408531530745, 1.498881299909171 ], [ 103.695112528303454, 1.498552318411427 ], [ 103.694785909446637, 1.498254119817315 ], [ 103.694431820480332, 1.497989575925588 ], [ 103.694053671470797, 1.497761234421462 ], [ 103.693655104190029, 1.497571294341714 ], [ 103.693239957043787, 1.497421584897441 ], [ 103.692812228106206, 1.497313547858286 ], [ 103.692376036616992, 1.49724822366803 ], [ 103.691935583311718, 1.497226241424906 ], [ 103.691495109967562, 1.497247812823547 ], [ 103.691058858553689, 1.497312730116346 ], [ 103.690631030380018, 1.497420368114419 ], [ 103.690215745637332, 1.497569690208461 ], [ 103.689817003718801, 1.49775925835173 ], [ 103.689438644704509, 1.497987246909009 ], [ 103.689084312380402, 1.498251460238064 ], [ 103.688757419147194, 1.49854935383438 ], [ 103.688461113157686, 1.498878058835722 ], [ 103.688198247998599, 1.49923440965006 ], [ 103.687971355209072, 1.499614974441422 ], [ 103.687782619900361, 1.500016088179611 ], [ 103.687633859711752, 1.500433887935888 ], [ 103.687526507305009, 1.500864350084405 ], [ 103.687461596566393, 1.501303329051397 ], [ 103.687439752648757, 1.501746597238858 ], [ 103.687461185950042, 1.502189885738261 ], [ 103.687525690085877, 1.502628925442209 ], [ 103.687632643875986, 1.503059488158218 ], [ 103.687781017325364, 1.50347742732841 ], [ 103.687969381542615, 1.503878717963367 ], [ 103.688195922499943, 1.504259495405213 ], [ 103.688458458502296, 1.504616092546708 ], [ 103.688754461197703, 1.504945075148075 ], [ 103.689081079926083, 1.505243274911049 ], [ 103.68943516917237, 1.505507819992035 ], [ 103.689813318859507, 1.505736162660054 ], [ 103.690211887189477, 1.505926103833625 ], [ 103.690627035716247, 1.506075814259635 ], [ 103.691054766312533, 1.506183852130691 ], [ 103.691490959674979, 1.506249176971051 ], [ 103.691931414995949, 1.506271159657498 ], [ 103.692371890420858, 1.506249588478375 ], [ 103.69280814390055, 1.506184671172826 ], [ 103.693235974045734, 1.506077032930234 ], [ 103.693651260589846, 1.505927710369299 ], [ 103.694050004070505, 1.505738141554726 ], [ 103.694428364347573, 1.505510152147506 ], [ 103.694782697586589, 1.505245937822563 ], [ 103.695109591351695, 1.504948043122635 ], [ 103.695405897469627, 1.504619336952414 ], [ 103.695668762348745, 1.50426298494884 ], [ 103.695895654460671, 1.503882418993584 ], [ 103.696084388720152, 1.503481304161557 ], [ 103.696233147528261, 1.50306350342354 ], [ 103.696340498276285, 1.502633040443129 ], [ 103.696405407141711, 1.502194060826029 ], [ 103.696427249043623, 1.501750792195245 ], [ 103.696405813661585, 1.501307503476333 ] ] ] } },
{ "type": "Feature", "properties": { "Final_Location_ID": "FLOC-0116", "Standardized_Location": "Kampung Sungai Redan Laut", "Frequency_Band": "1-3", "Zone_Source": "500M_EVIDENCE_SUPPORT_BUFFER" }, "geometry": { "type": "Polygon", "coordinates": [ [ [ 103.956361466506877, 1.611947122712602 ], [ 103.956296900273756, 1.611508084391468 ], [ 103.95618988263999, 1.611077528851591 ], [ 103.956041444269587, 1.610659602572195 ], [ 103.955853014727879, 1.61025833040332 ], [ 103.955626408713186, 1.609877576804766 ], [ 103.955363808579648, 1.609521008629544 ], [ 103.955067743319262, 1.609192059810528 ], [ 103.954741064206033, 1.608893898290396 ], [ 103.954386917336592, 1.608629395513139 ], [ 103.954008713331419, 1.60840109877097 ], [ 103.953610094489207, 1.608211206673169 ], [ 103.953194899709928, 1.608061547972615 ], [ 103.952767127524751, 1.607953563954533 ], [ 103.952330897588908, 1.60788829455636 ], [ 103.951890411007994, 1.60786636835292 ], [ 103.951449909880253, 1.607887996503164 ], [ 103.951013636443719, 1.607952970716593 ], [ 103.950585792222412, 1.608060665259289 ], [ 103.950170497564329, 1.608210042979863 ], [ 103.949771751961251, 1.608399665297611 ], [ 103.949393395532354, 1.608627706056538 ], [ 103.949039072042495, 1.60889196911176 ], [ 103.948712193811232, 1.609189909479198 ], [ 103.948415908850819, 1.60951865784456 ], [ 103.948153070549168, 1.609875048195924 ], [ 103.947926210190161, 1.610255648313577 ], [ 103.947737512575685, 1.610656792823609 ], [ 103.94758879498437, 1.61107461849695 ], [ 103.947481489669428, 1.611505101453944 ], [ 103.947416630064566, 1.611944095916141 ], [ 103.947394840830441, 1.61238737413204 ], [ 103.947416331837772, 1.612830667092505 ], [ 103.947480896145152, 1.613269705643553 ], [ 103.947587911990766, 1.613700261600629 ], [ 103.947736348779372, 1.614118188468492 ], [ 103.947924777006421, 1.614519461374458 ], [ 103.948151382024051, 1.614900215830416 ], [ 103.948413981516552, 1.61525678495041 ], [ 103.948710046516481, 1.615585734765259 ], [ 103.949036725759811, 1.615883897293989 ], [ 103.94939087314502, 1.616148401053881 ], [ 103.949769078031721, 1.616376698714944 ], [ 103.950167698087355, 1.616566591632611 ], [ 103.950582894365354, 1.61671625102244 ], [ 103.951010668276936, 1.616824235572778 ], [ 103.951446900100535, 1.616889505325722 ], [ 103.951887388657966, 1.616911431692782 ], [ 103.952327891775099, 1.616889803508732 ], [ 103.952764167137374, 1.616824829065374 ], [ 103.953192013146804, 1.616717134105472 ], [ 103.953607309386697, 1.616567755796442 ], [ 103.954006056304451, 1.616378132741605 ], [ 103.954384413730367, 1.616150091125284 ], [ 103.954738737861305, 1.615885827125277 ], [ 103.955065616353053, 1.615587885762038 ], [ 103.955361901183323, 1.615259136388053 ], [ 103.95562473896922, 1.614902745054043 ], [ 103.955851598446699, 1.614522144017509 ], [ 103.956040294847725, 1.614120998687623 ], [ 103.956189010940335, 1.613703172324974 ], [ 103.956296314528871, 1.613272688835723 ], [ 103.956361172245991, 1.612833694018783 ], [ 103.9563829595036, 1.612390415639271 ], [ 103.956361466506877, 1.611947122712602 ] ] ] } },
{ "type": "Feature", "properties": { "Final_Location_ID": "FLOC-0117", "Standardized_Location": "Kampung Sungai Rinting", "Frequency_Band": "1-3", "Zone_Source": "500M_EVIDENCE_SUPPORT_BUFFER" }, "geometry": { "type": "Polygon", "coordinates": [ [ [ 103.878772279526146, 1.480098378384371 ], [ 103.878707732546815, 1.479659339821693 ], [ 103.878600736734342, 1.479228782550939 ], [ 103.878452322542742, 1.47881085306954 ], [ 103.878263919305169, 1.478409576259742 ], [ 103.878037341467603, 1.478028816626983 ], [ 103.877774771114133, 1.477672241083003 ], [ 103.877478736951645, 1.47734328363191 ], [ 103.877152089956525, 1.477045112299339 ], [ 103.87679797591808, 1.476780598623226 ], [ 103.876419805142817, 1.476552289999856 ], [ 103.876021219611474, 1.476362385151627 ], [ 103.87560605790523, 1.476212712952753 ], [ 103.875178318238696, 1.476104714816662 ], [ 103.874742119955513, 1.476039430814847 ], [ 103.874301663857864, 1.476017489660799 ], [ 103.873861191751359, 1.476039102655413 ], [ 103.873424945595218, 1.476104061652242 ], [ 103.872997126650915, 1.476211741062082 ], [ 103.87258185502283, 1.476361103877734 ], [ 103.872183129980328, 1.476550711660736 ], [ 103.871804791443608, 1.476778738394064 ], [ 103.871450483003784, 1.477042988067302 ], [ 103.871123616833898, 1.477340915825021 ], [ 103.870827340828157, 1.477669652474501 ], [ 103.870564508286208, 1.478026032117229 ], [ 103.870337650434308, 1.478406622637503 ], [ 103.870148952048112, 1.478807758755076 ], [ 103.87000023041162, 1.479225577323279 ], [ 103.869892917815122, 1.479656054532604 ], [ 103.869828047760834, 1.480095044661879 ], [ 103.869806245008647, 1.480538320003327 ], [ 103.869827719558486, 1.480981611577495 ], [ 103.869892264626813, 1.481420650245683 ], [ 103.869999258636895, 1.481851207824012 ], [ 103.870147671203952, 1.482269137803192 ], [ 103.870336073057317, 1.482670415281888 ], [ 103.870562649804185, 1.483051175728918 ], [ 103.870825219402363, 1.483407752201295 ], [ 103.871121253174024, 1.48373671065921 ], [ 103.87144790015779, 1.484034883038339 ], [ 103.871802014564736, 1.484299397760517 ], [ 103.872180186074289, 1.484527707389282 ], [ 103.872578772677414, 1.484717613163559 ], [ 103.872993935751779, 1.484867286173582 ], [ 103.873421677030208, 1.484975284974752 ], [ 103.873857877107099, 1.485040569470008 ], [ 103.87429833511132, 1.485062510926904 ], [ 103.874738809164029, 1.485040898032886 ], [ 103.875175057231175, 1.48497593893055 ], [ 103.875602877977883, 1.484868259213147 ], [ 103.876018151230497, 1.484718895899696 ], [ 103.876416877657192, 1.484529287447802 ], [ 103.876795217284638, 1.48430125990019 ], [ 103.877149526479741, 1.484037009298558 ], [ 103.877476393040467, 1.483739080534041 ], [ 103.877772669057578, 1.48341034283798 ], [ 103.878035501230997, 1.483053962149199 ], [ 103.878262358348621, 1.48267337062354 ], [ 103.878451055663021, 1.482272233579896 ], [ 103.878599775931391, 1.481854414200528 ], [ 103.878707086915995, 1.481423936326118 ], [ 103.878771955176603, 1.480984945703423 ], [ 103.878793756022205, 1.480541670059141 ], [ 103.878772279526146, 1.480098378384371 ] ] ] } },
{ "type": "Feature", "properties": { "Final_Location_ID": "FLOC-0119", "Standardized_Location": "Kampung Sungai Tiram", "Frequency_Band": "4-6", "Zone_Source": "500M_EVIDENCE_SUPPORT_BUFFER" }, "geometry": { "type": "Polygon", "coordinates": [ [ [ 103.885102511229675, 1.583958382598933 ], [ 103.88503796141903, 1.583519342853504 ], [ 103.884930960577663, 1.583088784368246 ], [ 103.88478253920853, 1.58267085365139 ], [ 103.884594126714134, 1.582269575596187 ], [ 103.884367537629643, 1.58188881471937 ], [ 103.884104954147119, 1.581532237944038 ], [ 103.883808905099315, 1.581203279285704 ], [ 103.883482241605165, 1.580905106781373 ], [ 103.883128109611832, 1.58064059198017 ], [ 103.882749919597487, 1.580412282289283 ], [ 103.882351313726829, 1.580222376441741 ], [ 103.881936130775543, 1.580072703321782 ], [ 103.881508369161295, 1.579964704352318 ], [ 103.881072148437752, 1.579899419613619 ], [ 103.880631669621849, 1.579877477827139 ], [ 103.880191174736837, 1.579899090300785 ], [ 103.87975490596024, 1.579964048894069 ], [ 103.879327064770649, 1.580071728022614 ], [ 103.878911771486116, 1.580221090682879 ], [ 103.878513025584311, 1.580410698438708 ], [ 103.87813466718633, 1.580638725274108 ], [ 103.877780340074906, 1.580902975178272 ], [ 103.877453456603448, 1.581200903293975 ], [ 103.877157164833633, 1.581529640425377 ], [ 103.876894318217907, 1.581886020669353 ], [ 103.876667448119335, 1.582266611904356 ], [ 103.876478739432841, 1.582667748842967 ], [ 103.876330009543025, 1.583085568330125 ], [ 103.876222690821152, 1.583516046546906 ], [ 103.876157816829789, 1.583955037761646 ], [ 103.876136012368136, 1.584398314255294 ], [ 103.876157487453725, 1.584841607036366 ], [ 103.876222035298866, 1.585280646953588 ], [ 103.876329034300866, 1.585711205810098 ], [ 103.876477454027423, 1.586129137083388 ], [ 103.876665865139202, 1.586530415858799 ], [ 103.876892453154142, 1.586911177591947 ], [ 103.877155035921291, 1.587267755326834 ], [ 103.877451084635368, 1.587596715011032 ], [ 103.877777748190297, 1.587894888568154 ], [ 103.878131880636559, 1.588159404408612 ], [ 103.878510071478601, 1.588387715085248 ], [ 103.878908678519863, 1.588577621827167 ], [ 103.879323862939742, 1.588727295715788 ], [ 103.879751626264081, 1.588835295298614 ], [ 103.880187848873518, 1.588900580471821 ], [ 103.880628329678629, 1.588922522497279 ], [ 103.881068826579749, 1.588900910057899 ], [ 103.881505097321835, 1.588835951292797 ], [ 103.881932940350808, 1.588728271792986 ], [ 103.882348235277917, 1.588578908576304 ], [ 103.882746982562352, 1.588389300100266 ], [ 103.883125342029871, 1.588161272408526 ], [ 103.883479669856683, 1.58789702154483 ], [ 103.883806553661827, 1.587599092403246 ], [ 103.884102845370904, 1.587270354219064 ], [ 103.884365691533688, 1.586913972935843 ], [ 103.884592560804563, 1.586533380715069 ], [ 103.884781268320452, 1.586132242882076 ], [ 103.884929996741675, 1.585714422626273 ], [ 103.885037313753458, 1.58528394379612 ], [ 103.885102185858926, 1.584844952146871 ], [ 103.885123988331372, 1.584401675414246 ], [ 103.885102511229675, 1.583958382598933 ] ] ] } },
{ "type": "Feature", "properties": { "Final_Location_ID": "FLOC-0122", "Standardized_Location": "Kampung Tiram Duku", "Frequency_Band": "1-3", "Zone_Source": "500M_EVIDENCE_SUPPORT_BUFFER" }, "geometry": { "type": "Polygon", "coordinates": [ [ [ 103.584010002290512, 1.387926011544606 ], [ 103.583945520895298, 1.387486977200462 ], [ 103.583838592496306, 1.387056417933768 ], [ 103.583690246901497, 1.386638480263686 ], [ 103.583501912787057, 1.386237189153025 ], [ 103.583275403937378, 1.385856409245835 ], [ 103.583012901776428, 1.385499807649005 ], [ 103.582716934358629, 1.385170818616543 ], [ 103.582390352021832, 1.384872610476412 ], [ 103.582036299936519, 1.384608055118297 ], [ 103.581658187816018, 1.3843797003366 ], [ 103.58125965707913, 1.384189745294301 ], [ 103.580844545781559, 1.384040019344639 ], [ 103.580416851653894, 1.383931964414075 ], [ 103.579980693601897, 1.383866621116402 ], [ 103.579540272040077, 1.383844618731591 ], [ 103.579099828440448, 1.383866169145928 ], [ 103.578663604485811, 1.383931064811767 ], [ 103.578235801221311, 1.384038680746598 ], [ 103.577820538597095, 1.384187980551963 ], [ 103.57742181579215, 1.384377526394492 ], [ 103.577043472701021, 1.384605492852866 ], [ 103.576689152954501, 1.384869684497239 ], [ 103.576362268830152, 1.38516755703195 ], [ 103.576065968390878, 1.38549624179804 ], [ 103.575803105167765, 1.385852573399285 ], [ 103.575576210679074, 1.38623312018603 ], [ 103.575387470050359, 1.386634217303161 ], [ 103.575238700970203, 1.38705200198391 ], [ 103.575131336184384, 1.387482450749785 ], [ 103.575066409697001, 1.387921418158158 ], [ 103.575044546811696, 1.388364676724682 ], [ 103.575065958108553, 1.388807957635757 ], [ 103.575130437414927, 1.389246991859224 ], [ 103.575237363790052, 1.389677551257244 ], [ 103.575385707503699, 1.390095489305567 ], [ 103.575574039951988, 1.390496781026837 ], [ 103.575800547414531, 1.390877561753599 ], [ 103.576063048520709, 1.391234164347429 ], [ 103.5763590152566, 1.391563154515999 ], [ 103.576685597310572, 1.39186136388772 ], [ 103.577039649523002, 1.392125920525498 ], [ 103.577417762175699, 1.392354276585859 ], [ 103.5778162938294, 1.392544232856616 ], [ 103.578231406393144, 1.392693959937346 ], [ 103.578659102087713, 1.3928020158581 ], [ 103.579095261947117, 1.39286735996707 ], [ 103.579535685487386, 1.392889362953077 ], [ 103.579976131160507, 1.392867812906762 ], [ 103.58041235720394, 1.392802917361571 ], [ 103.580840162492322, 1.392695301295418 ], [ 103.5812554269977, 1.392546001111812 ], [ 103.581654151468797, 1.392356454658661 ], [ 103.582032495947047, 1.392128487380712 ], [ 103.582386816748354, 1.391864294739364 ], [ 103.58271370155461, 1.391566421068546 ], [ 103.583010002276708, 1.391237735070882 ], [ 103.583272865372692, 1.390881402189936 ], [ 103.5834997593292, 1.390500854124535 ], [ 103.583688499041116, 1.390099755778963 ], [ 103.583837266855085, 1.389681969967139 ], [ 103.583944630074001, 1.389251520211065 ], [ 103.584009554753976, 1.388812551991398 ], [ 103.584031415660803, 1.388369292823669 ], [ 103.584010002290512, 1.387926011544606 ] ] ] } },
{ "type": "Feature", "properties": { "Final_Location_ID": "FLOC-0124", "Standardized_Location": "Kampung Ubi Baru", "Frequency_Band": "4-6", "Zone_Source": "500M_EVIDENCE_SUPPORT_BUFFER" }, "geometry": { "type": "Polygon", "coordinates": [ [ [ 103.761545651373382, 1.518719755378047 ], [ 103.761481130179831, 1.518280715286832 ], [ 103.761374159114652, 1.517850153841092 ], [ 103.761225768395249, 1.51743221757886 ], [ 103.761037387130429, 1.517030931447746 ], [ 103.76081082955622, 1.516650160042753 ], [ 103.760548277563146, 1.516293570388532 ], [ 103.760252259682602, 1.515964596624312 ], [ 103.759925626735296, 1.5156664069319 ], [ 103.759571524376113, 1.51540187302484 ], [ 103.759193362799593, 1.51517354249295 ], [ 103.758794783898111, 1.514983614268215 ], [ 103.758379626188884, 1.514833917448493 ], [ 103.75795188784754, 1.514725893682893 ], [ 103.757515688204194, 1.514660583288312 ], [ 103.757075228073049, 1.514638615231156 ], [ 103.756634749297305, 1.514660201070362 ], [ 103.756198493898864, 1.514725132920074 ], [ 103.755770663226571, 1.514832785451901 ], [ 103.755355377496045, 1.514982121917123 ], [ 103.754956636110748, 1.51517170413096 ], [ 103.754578279146571, 1.515399706322818 ], [ 103.754223950370616, 1.515663932719137 ], [ 103.753897062150401, 1.515961838689351 ], [ 103.753600762591333, 1.516290555251597 ], [ 103.753337905219041, 1.516646916701925 ], [ 103.753111021498412, 1.517027491101196 ], [ 103.752922296453974, 1.517428613325839 ], [ 103.752773547626617, 1.517846420364392 ], [ 103.752666207568964, 1.51827688851991 ], [ 103.752601310048433, 1.518715872159723 ], [ 103.752579480090546, 1.519159143639876 ], [ 103.752600927958511, 1.519602434019183 ], [ 103.752665447127228, 1.520041474171338 ], [ 103.752772416271057, 1.520472035898804 ], [ 103.752920805246433, 1.520889972652706 ], [ 103.753109185011596, 1.521291259466563 ], [ 103.753335741388085, 1.521672031719103 ], [ 103.753598292531478, 1.522028622353131 ], [ 103.753894309942993, 1.522357597191723 ], [ 103.754220942819927, 1.522655788011847 ], [ 103.754575045510151, 1.522920323056564 ], [ 103.754953207806381, 1.523148654692365 ], [ 103.75535178778857, 1.523338583944845 ], [ 103.755766946897964, 1.523488281676628 ], [ 103.756194686905175, 1.523596306203578 ], [ 103.756630888416026, 1.523661617179544 ], [ 103.757071350544521, 1.523683585615723 ], [ 103.757511831370806, 1.5236619999387 ], [ 103.75794808879408, 1.523597068028038 ], [ 103.758375921387724, 1.523489415214466 ], [ 103.758791208862263, 1.523340078257561 ], [ 103.759189951747246, 1.523150495360995 ], [ 103.759568309909113, 1.522922492321589 ], [ 103.759922639534764, 1.522658264945487 ], [ 103.760249528224008, 1.522360357900874 ], [ 103.76054582785342, 1.522031640210927 ], [ 103.76080868489467, 1.521675277622929 ], [ 103.761035567895632, 1.521294702119761 ], [ 103.761224291859335, 1.520893578867387 ], [ 103.761373039286525, 1.520475770916756 ], [ 103.761480377678325, 1.520045301999902 ], [ 103.76154527333135, 1.519606317778694 ], [ 103.76156710129186, 1.519163045919506 ], [ 103.761545651373382, 1.518719755378047 ] ] ] } },
{ "type": "Feature", "properties": { "Final_Location_ID": "FLOC-0125", "Standardized_Location": "Kampung Ulu Pandan", "Frequency_Band": "1-3", "Zone_Source": "500M_EVIDENCE_SUPPORT_BUFFER" }, "geometry": { "type": "Polygon", "coordinates": [ [ [ 103.772799597723093, 1.534108733245076 ], [ 103.772735073887262, 1.533669692878743 ], [ 103.772628099856504, 1.533239131372668 ], [ 103.77247970587679, 1.53282119526528 ], [ 103.772291321088161, 1.532419909502508 ], [ 103.772064759760497, 1.532039138675721 ], [ 103.771802203820229, 1.531682549803919 ], [ 103.771506181836557, 1.5313535770188 ], [ 103.771179544669494, 1.53105538849275 ], [ 103.770825438014256, 1.530790855928179 ], [ 103.770447272106509, 1.530562526902118 ], [ 103.770048688880095, 1.530372600332197 ], [ 103.769633526893628, 1.530222905300565 ], [ 103.769205784363677, 1.530114883439323 ], [ 103.76876958066056, 1.530049575047312 ], [ 103.768329116637418, 1.530027609071918 ], [ 103.767888634174781, 1.530049197052238 ], [ 103.767452375330052, 1.530114131082107 ], [ 103.767024541485256, 1.530221785812343 ], [ 103.766609252886624, 1.530371124473245 ], [ 103.766210508965315, 1.530560708859036 ], [ 103.765832149821833, 1.53078871317833 ], [ 103.765477819244438, 1.531052941637162 ], [ 103.765150929618187, 1.531350849585098 ], [ 103.764854629062313, 1.531679568021224 ], [ 103.764591771112293, 1.532035931223435 ], [ 103.764364887238827, 1.532416507235582 ], [ 103.764176162468203, 1.532817630918389 ], [ 103.764027414338884, 1.533235439246177 ], [ 103.763920075397039, 1.533665908509311 ], [ 103.763855179399485, 1.534104893064248 ], [ 103.763833351357235, 1.53454816525788 ], [ 103.763854801515166, 1.53499145614196 ], [ 103.763919323326178, 1.535430496585027 ], [ 103.764026295439166, 1.53586105838654 ], [ 103.764174687681916, 1.53627899499671 ], [ 103.764363070981105, 1.536680281450274 ], [ 103.764589631124124, 1.537061053129329 ], [ 103.764852186230016, 1.537417642982098 ], [ 103.765148207761698, 1.537746616839215 ], [ 103.765474844876508, 1.538044806487093 ], [ 103.765828951881232, 1.538309340180189 ], [ 103.766207118526751, 1.538537670298124 ], [ 103.76660570285091, 1.538727597881307 ], [ 103.767020866252906, 1.538877293808627 ], [ 103.767448610461742, 1.538985316413605 ], [ 103.767884816042624, 1.539050625368789 ], [ 103.768325282070222, 1.539072591705142 ], [ 103.768765766586966, 1.539051003869703 ], [ 103.769202027456529, 1.538986069763091 ], [ 103.76962986321908, 1.538878414737422 ], [ 103.77004515355469, 1.538729075573751 ], [ 103.770443898965425, 1.538539490497175 ], [ 103.770822259293567, 1.538311485325601 ], [ 103.771176590705323, 1.538047255885808 ], [ 103.771503480783565, 1.53774934686586 ], [ 103.771799781391692, 1.537420627307929 ], [ 103.772062638992253, 1.537064262977176 ], [ 103.77228952212792, 1.53668368587316 ], [ 103.772478245800812, 1.536282561177093 ], [ 103.772626992514589, 1.535864751953582 ], [ 103.772734329777563, 1.535434281946739 ], [ 103.772799223897337, 1.534995296828643 ], [ 103.772821049935146, 1.534552024274039 ], [ 103.772799597723093, 1.534108733245076 ] ] ] } },
{ "type": "Feature", "properties": { "Final_Location_ID": "FLOC-0129", "Standardized_Location": "Kempas Denai", "Frequency_Band": "1-3", "Zone_Source": "500M_EVIDENCE_SUPPORT_BUFFER" }, "geometry": { "type": "Polygon", "coordinates": [ [ [ 103.722982347145361, 1.514165744755567 ], [ 103.722917834809763, 1.513726704690766 ], [ 103.722810872652545, 1.513296142412915 ], [ 103.722662490805831, 1.512878204468321 ], [ 103.722474118293434, 1.512476915820922 ], [ 103.722247569267722, 1.512096141090091 ], [ 103.721985025537307, 1.511739547332393 ], [ 103.721689015554617, 1.511410568726449 ], [ 103.721362390064812, 1.511112373500383 ], [ 103.721008294651327, 1.510847833420731 ], [ 103.720630139442235, 1.510619496136256 ], [ 103.720231566268879, 1.510429560643534 ], [ 103.719816413593477, 1.51027985610983 ], [ 103.719388679543258, 1.510171824257965 ], [ 103.718952483407023, 1.510106505482203 ], [ 103.718512025965069, 1.510084528829105 ], [ 103.718071549034448, 1.51010610593985 ], [ 103.717635294619001, 1.510171029012243 ], [ 103.717207464057694, 1.510278672802053 ], [ 103.716792177564642, 1.510428000644487 ], [ 103.716393434550113, 1.510617574437607 ], [ 103.716015075105162, 1.510845568491904 ], [ 103.715660743020251, 1.511109787112206 ], [ 103.715333850694208, 1.511407685743031 ], [ 103.715037546271517, 1.511736395473444 ], [ 103.714774683324194, 1.512092750665659 ], [ 103.714547793370443, 1.51247331944124 ], [ 103.714359061494534, 1.512874436731251 ], [ 103.714210305302942, 1.513292239572342 ], [ 103.714102957419158, 1.513722704308517 ], [ 103.714038051685961, 1.51416168534064 ], [ 103.714016213208083, 1.514604955050374 ], [ 103.714037652331058, 1.515048244514104 ], [ 103.714102162614282, 1.515487284614789 ], [ 103.71420912281809, 1.515917847155724 ], [ 103.714357502885449, 1.516335785580485 ], [ 103.714545873860942, 1.516737074906666 ], [ 103.71477242165129, 1.517117850488848 ], [ 103.71503496449526, 1.517474445237733 ], [ 103.715330973974574, 1.517803424936578 ], [ 103.715657599363411, 1.518101621315312 ], [ 103.716011695082145, 1.518366162563072 ], [ 103.716389850991064, 1.518594500986172 ], [ 103.716788425231869, 1.518784437544352 ], [ 103.717203579301355, 1.518934143029354 ], [ 103.717631315018693, 1.519042175681816 ], [ 103.718067513031045, 1.519107495076696 ], [ 103.71850797248598, 1.519129472143659 ], [ 103.718948451489112, 1.519107895225599 ], [ 103.719384707956962, 1.519042972117303 ], [ 103.719812540471665, 1.518935328064416 ], [ 103.720227828744058, 1.518785999741825 ], [ 103.72062657329549, 1.518596425269903 ], [ 103.721004933975834, 1.518368430364258 ], [ 103.721359266947175, 1.518104210752779 ], [ 103.721686159776581, 1.517806311029047 ], [ 103.721982464300268, 1.517477600145991 ], [ 103.722245326942328, 1.517121243785659 ], [ 103.722472216196266, 1.516740673871448 ], [ 103.722660947004712, 1.516339555515987 ], [ 103.72280970180222, 1.515921751723585 ], [ 103.722917048018886, 1.515491286186816 ], [ 103.722981951875965, 1.515052304535569 ], [ 103.723003788340847, 1.514609034411981 ], [ 103.722982347145361, 1.514165744755567 ] ] ] } },
{ "type": "Feature", "properties": { "Final_Location_ID": "FLOC-0131", "Standardized_Location": "Kempas Permatang", "Frequency_Band": "1-3", "Zone_Source": "500M_EVIDENCE_SUPPORT_BUFFER" }, "geometry": { "type": "Polygon", "coordinates": [ [ [ 103.732022376958398, 1.526518727193563 ], [ 103.731957862519693, 1.526079686834107 ], [ 103.73185089799361, 1.525649124432744 ], [ 103.731702513534998, 1.525231186536816 ], [ 103.731514138192807, 1.524829898109715 ], [ 103.731287586146451, 1.524449123768528 ], [ 103.731025039233572, 1.524092530566022 ], [ 103.730729025937023, 1.523763552675505 ], [ 103.730402397033657, 1.523465358318201 ], [ 103.730048298139636, 1.52320081925233 ], [ 103.729670139416285, 1.522972483117067 ], [ 103.729271562728613, 1.52278254889798 ], [ 103.72885640657249, 1.522632845750295 ], [ 103.728428669108439, 1.522524815383633 ], [ 103.727992469658062, 1.522459498178178 ], [ 103.727552009033417, 1.522437523165591 ], [ 103.727111529082109, 1.522459101971443 ], [ 103.726675271837038, 1.522524026777417 ], [ 103.726247438664444, 1.522631672322775 ], [ 103.725832149803594, 1.522781001925947 ], [ 103.725433404687664, 1.522970577468211 ], [ 103.725055043428085, 1.523198573243272 ], [ 103.724700709832902, 1.523462793539479 ], [ 103.724373816315719, 1.523760693785175 ], [ 103.724077511032618, 1.524089405053871 ], [ 103.723814647564154, 1.524445761692897 ], [ 103.723587757433762, 1.524826331809766 ], [ 103.72339902572763, 1.525227450322515 ], [ 103.723250270050769, 1.525645254255829 ], [ 103.723142923021911, 1.526075719943007 ], [ 103.723078018475746, 1.526514701775549 ], [ 103.723056181505697, 1.526957972127205 ], [ 103.72307762244283, 1.52740126206796 ], [ 103.723142134829146, 1.52784030247596 ], [ 103.723249097404718, 1.528270865151423 ], [ 103.723397480089645, 1.528688803536428 ], [ 103.723585853903188, 1.529090092648803 ], [ 103.723812404724598, 1.529470867845121 ], [ 103.724074950763381, 1.52982746203973 ], [ 103.724370963570252, 1.530156441021261 ], [ 103.72469759238713, 1.530454636526499 ], [ 103.725051691601237, 1.530719176753115 ], [ 103.725429851038925, 1.530947514017361 ], [ 103.725828428807759, 1.53113744929027 ], [ 103.726243586370259, 1.531287153376108 ], [ 103.726671325511902, 1.531395184529213 ], [ 103.727107526846609, 1.531460502339155 ], [ 103.727547989489935, 1.531482477751073 ], [ 103.727988471516625, 1.531460899124047 ], [ 103.728424730814098, 1.53139597426952 ], [ 103.728852565937203, 1.531288328450075 ], [ 103.729267856571738, 1.531138998357816 ], [ 103.72966660321633, 1.530949422130285 ], [ 103.730044965700827, 1.530721425500099 ], [ 103.73039930017012, 1.530457204211768 ], [ 103.730726194177024, 1.530159302875093 ], [ 103.731022499546569, 1.529830590458455 ], [ 103.731285362694933, 1.529474232658656 ], [ 103.731512252111003, 1.52909366141281 ], [ 103.731700982735987, 1.528692541846236 ], [ 103.731849737006456, 1.528274736974781 ], [ 103.731957082357724, 1.527844270501157 ], [ 103.732021985019557, 1.527405288064121 ], [ 103.73204381997094, 1.526962017313131 ], [ 103.732022376958398, 1.526518727193563 ] ] ] } },
{ "type": "Feature", "properties": { "Final_Location_ID": "FLOC-0132", "Standardized_Location": "Kg. Dato Hajah Hasnah", "Frequency_Band": "1-3", "Zone_Source": "500M_EVIDENCE_SUPPORT_BUFFER" }, "geometry": { "type": "Polygon", "coordinates": [ [ [ 103.774245149056412, 1.504245161685595 ], [ 103.774180625031931, 1.503806121963548 ], [ 103.77407365147387, 1.503375561207395 ], [ 103.77392525862345, 1.502957625948578 ], [ 103.773736875609728, 1.502556341125132 ], [ 103.773510316685446, 1.502175571319588 ], [ 103.773247763753915, 1.501818983541257 ], [ 103.772951745355513, 1.501490011911473 ], [ 103.772625112315893, 1.501191824591587 ], [ 103.772271010290794, 1.500927293272456 ], [ 103.771892849471627, 1.500698965519119 ], [ 103.771494271743592, 1.500509040236948 ], [ 103.771079115612736, 1.500359346495536 ], [ 103.770651379239652, 1.500251325914483 ], [ 103.770215181935782, 1.5001860187801 ], [ 103.769774724493047, 1.500164054027481 ], [ 103.769334248728953, 1.500185643183722 ], [ 103.76889799663671, 1.500250578331065 ], [ 103.768470169533586, 1.500358234109354 ], [ 103.768054887601082, 1.500507573738513 ], [ 103.767656150206292, 1.500697159003248 ], [ 103.767277797386868, 1.50092516410349 ], [ 103.766923472870133, 1.501189393237549 ], [ 103.766596588982679, 1.501487301748378 ], [ 103.766300293788248, 1.501816020629489 ], [ 103.766037440770432, 1.502172384154468 ], [ 103.765810561352112, 1.502552960364051 ], [ 103.765621840516303, 1.502954084117117 ], [ 103.76547309576317, 1.503371892387365 ], [ 103.765365759605928, 1.503802361465821 ], [ 103.765300865774208, 1.504241345710938 ], [ 103.765279039257749, 1.504684617472796 ], [ 103.765300490286364, 1.505127907807484 ], [ 103.765365012304244, 1.505566947589107 ], [ 103.765471983958051, 1.505997508623742 ], [ 103.765620375079777, 1.506415444369227 ], [ 103.765808756606788, 1.506816729868845 ], [ 103.766035314343483, 1.507197500514098 ], [ 103.766297866432154, 1.507554089263354 ], [ 103.766593884364866, 1.507883061958002 ], [ 103.76692051733383, 1.508181250395763 ], [ 103.76727461968602, 1.5084457828428 ], [ 103.767652781217464, 1.508674111690761 ], [ 103.768051360015605, 1.508864037992221 ], [ 103.768466517533255, 1.509013732638346 ], [ 103.768894255556518, 1.509121753974856 ], [ 103.769330454710541, 1.509187061686334 ], [ 103.769770914132351, 1.509209026815555 ], [ 103.770211391928299, 1.509187437820929 ], [ 103.770647646027157, 1.509122502614014 ], [ 103.771075475034522, 1.509014846557255 ], [ 103.77149075869572, 1.508865506441403 ], [ 103.771889497577234, 1.508675920500502 ], [ 103.77226785158426, 1.508447914560558 ], [ 103.772622176943827, 1.508183684455558 ], [ 103.772949061296984, 1.50788577487988 ], [ 103.773245356562057, 1.507557054880891 ], [ 103.773508209252782, 1.507200690227988 ], [ 103.773735087958812, 1.506820112923767 ], [ 103.773923807724543, 1.50641898815145 ], [ 103.774072551090896, 1.506001178976483 ], [ 103.774179885597945, 1.505570709142561 ], [ 103.774244777579497, 1.505131724320349 ], [ 103.77426660211691, 1.504688452181904 ], [ 103.774245149056412, 1.504245161685595 ] ] ] } },
{ "type": "Feature", "properties": { "Final_Location_ID": "FLOC-0133", "Standardized_Location": "Kg. Paya Sg Redan", "Frequency_Band": "1-3", "Zone_Source": "500M_EVIDENCE_SUPPORT_BUFFER" }, "geometry": { "type": "Polygon", "coordinates": [ [ [ 103.93605858479701, 1.618766269539113 ], [ 103.935994022885339, 1.618327230687362 ], [ 103.935887009354929, 1.617896674172122 ], [ 103.935738574830566, 1.617478746482044 ], [ 103.935550148840875, 1.617077472480825 ], [ 103.935323546050242, 1.61669671664586 ], [ 103.935060948781981, 1.61634014585158 ], [ 103.934764886000764, 1.616011194055983 ], [ 103.934438208956934, 1.615713029230245 ], [ 103.934084063727298, 1.615448522849989 ], [ 103.933705860916675, 1.615220222241897 ], [ 103.933307242812262, 1.615030326052212 ], [ 103.932892048306911, 1.614880663073 ], [ 103.93246427592905, 1.61477267463041 ], [ 103.932028045335656, 1.614707400704268 ], [ 103.93158755763848, 1.614685469912799 ], [ 103.931147054946251, 1.614707093458914 ], [ 103.930710779511841, 1.614772063096345 ], [ 103.930282932878214, 1.614879753135102 ], [ 103.929867635416272, 1.61502912646712 ], [ 103.929468886644557, 1.615218744553936 ], [ 103.929090526712443, 1.615446781280332 ], [ 103.928736199418239, 1.615711040540389 ], [ 103.928409317117953, 1.616008977386647 ], [ 103.928113027862778, 1.616337722538935 ], [ 103.927850185081908, 1.616694110016468 ], [ 103.927623320102214, 1.617074707627418 ], [ 103.927434617770061, 1.617475850022263 ], [ 103.927285895409511, 1.61789367399257 ], [ 103.927178585319851, 1.61832415567535 ], [ 103.927113720980884, 1.618763149304649 ], [ 103.927091927099013, 1.619206427137197 ], [ 103.927113413589993, 1.619649720167722 ], [ 103.927177973556098, 1.620088759241775 ], [ 103.927284985277709, 1.620519316169835 ], [ 103.927433418199527, 1.620937244447375 ], [ 103.927621842854549, 1.621338519188144 ], [ 103.927848444629632, 1.621719275886347 ], [ 103.928111041240513, 1.622075847634346 ], [ 103.928407103747787, 1.622404800437495 ], [ 103.928733780911614, 1.622702966285912 ], [ 103.929087926650624, 1.622967473664676 ], [ 103.929466130340359, 1.623195775208715 ], [ 103.929864749659885, 1.623385672235839 ], [ 103.930279945669653, 1.623535335921769 ], [ 103.930707719783371, 1.623643324913227 ], [ 103.931143952277438, 1.623708599209296 ], [ 103.931584441966976, 1.623730530177504 ], [ 103.932024946666743, 1.623708906608171 ], [ 103.932461224046705, 1.623643936748446 ], [ 103.932889072489132, 1.623536246296892 ], [ 103.933304371553604, 1.623386872377407 ], [ 103.933703121660002, 1.623197253551017 ], [ 103.934081482607652, 1.62296921596138 ], [ 103.934435810559236, 1.622704955747624 ], [ 103.934762693133464, 1.622407017893804 ], [ 103.935058982268629, 1.622078271718834 ], [ 103.935321824540154, 1.621721883242809 ], [ 103.935548688640736, 1.621341284695912 ], [ 103.935737389757776, 1.620940141463631 ], [ 103.935886110613907, 1.620522316786594 ], [ 103.935993418967684, 1.620091834554944 ], [ 103.936058281406019, 1.619652840555738 ], [ 103.936080073295514, 1.619209562546449 ], [ 103.93605858479701, 1.618766269539113 ] ] ] } },
{ "type": "Feature", "properties": { "Final_Location_ID": "FLOC-0134", "Standardized_Location": "Kg. Sentosa (Cahaya Baru / eastern Johor Bahru)", "Frequency_Band": "1-3", "Zone_Source": "500M_EVIDENCE_SUPPORT_BUFFER" }, "geometry": { "type": "Polygon", "coordinates": [ [ [ 103.931827757303282, 1.520811127962503 ], [ 103.93176319834059, 1.520372089608218 ], [ 103.931656189819222, 1.519941533603123 ], [ 103.931507762315206, 1.519523606431876 ], [ 103.931319345289239, 1.519122332953894 ], [ 103.931092753319433, 1.518741577642263 ], [ 103.93083016862515, 1.518385007366925 ], [ 103.930534120050453, 1.518056056081332 ], [ 103.930207458709674, 1.517757891752037 ], [ 103.929853330529284, 1.51749338584992 ], [ 103.929475145951102, 1.517265085697076 ], [ 103.929076547088002, 1.517075189935018 ], [ 103.92866137264879, 1.516925527351385 ], [ 103.928233620970104, 1.516817539267911 ], [ 103.927797411510838, 1.516752265660276 ], [ 103.92735694518052, 1.516730335142878 ], [ 103.926916463883217, 1.516751958915142 ], [ 103.926480209666735, 1.51681692872775 ], [ 103.926052383870427, 1.516924618888114 ], [ 103.925637106665093, 1.517073992286151 ], [ 103.925238377374427, 1.517263610382 ], [ 103.924860035960194, 1.517491647059633 ], [ 103.924505726042113, 1.517755906213011 ], [ 103.924178859808322, 1.518053842895295 ], [ 103.923882585154544, 1.518382587827607 ], [ 103.923619755368364, 1.518738975031214 ], [ 103.923392901650402, 1.519119572316951 ], [ 103.923204208737289, 1.5195207143387 ], [ 103.923055493861085, 1.519938537892036 ], [ 103.922948189247577, 1.520369019118511 ], [ 103.922883328322484, 1.520808012257233 ], [ 103.922861535758159, 1.521251289570486 ], [ 103.922883021456443, 1.521694582058833 ], [ 103.922947578526333, 1.522133620573883 ], [ 103.92305458527531, 1.522564176932416 ], [ 103.92320301119544, 1.522982104636263 ], [ 103.923391426886909, 1.523383378805462 ], [ 103.923618017822875, 1.523764134940409 ], [ 103.92388060182374, 1.524120706139497 ], [ 103.924176650072013, 1.524449658413783 ], [ 103.924503311466012, 1.524747823758757 ], [ 103.924857440077119, 1.525012330664408 ], [ 103.925235625447044, 1.52524063177021 ], [ 103.925634225432447, 1.525430528397896 ], [ 103.926049401281389, 1.525580191726681 ], [ 103.926477154603063, 1.525688180406111 ], [ 103.92691336587545, 1.525753454437645 ], [ 103.927353834119316, 1.525775385190558 ], [ 103.927794317357069, 1.525753761456406 ], [ 103.928230573466365, 1.525688791483037 ], [ 103.928658401035065, 1.525581100969211 ], [ 103.92907367982427, 1.525431727038595 ], [ 103.929472410449449, 1.525242108251528 ], [ 103.929850752897522, 1.525014070750597 ], [ 103.930205063509035, 1.524749810673458 ], [ 103.930531930069208, 1.524451873002461 ], [ 103.930828204669794, 1.524123127054481 ], [ 103.931091034025243, 1.523766738847332 ], [ 103.931317886951476, 1.523386140608656 ], [ 103.931506578742272, 1.522984997721238 ], [ 103.93165529220876, 1.522567173422782 ], [ 103.931762595179293, 1.522136691600352 ], [ 103.931827454291238, 1.52169769803773 ], [ 103.931849244942043, 1.521254420488975 ], [ 103.931827757303282, 1.520811127962503 ] ] ] } },
{ "type": "Feature", "properties": { "Final_Location_ID": "FLOC-0135", "Standardized_Location": "Kg. Sentosa Barat", "Frequency_Band": ">=7", "Zone_Source": "500M_EVIDENCE_SUPPORT_BUFFER" }, "geometry": { "type": "Polygon", "coordinates": [ [ [ 103.926327529161597, 1.521507170259787 ], [ 103.926262971372367, 1.521068131806583 ], [ 103.926155963995129, 1.520637575585423 ], [ 103.926007537594927, 1.520219648083054 ], [ 103.925819121621942, 1.519818374162125 ], [ 103.925592530644181, 1.51943761829995 ], [ 103.925329946871557, 1.519081047371789 ], [ 103.925033899139322, 1.518752095337338 ], [ 103.924707238553736, 1.518453930170301 ], [ 103.92435311103408, 1.518189423349621 ], [ 103.92397492701582, 1.51796112220613 ], [ 103.92357632860643, 1.51777122539085 ], [ 103.923161154510439, 1.517621561701446 ], [ 103.922733403061116, 1.517513572470271 ], [ 103.922297193715139, 1.517448297683941 ], [ 103.921856727380913, 1.517426365968178 ], [ 103.92141624596249, 1.51744798853391 ], [ 103.920979991508759, 1.517512957143295 ], [ 103.920552165361357, 1.517620646115388 ], [ 103.920136887694326, 1.517770018351472 ], [ 103.919738157835738, 1.517959635322872 ], [ 103.919359815752799, 1.51818767092439 ], [ 103.919005505071539, 1.518451929060362 ], [ 103.918678637987384, 1.518749864793813 ], [ 103.91838236240423, 1.51907860885501 ], [ 103.918119531618515, 1.519434995273642 ], [ 103.917892676840452, 1.519815591868219 ], [ 103.917703982816903, 1.520216733299315 ], [ 103.917555266790544, 1.520634556368265 ], [ 103.917447960998288, 1.521065037221389 ], [ 103.917383098877238, 1.521504030101445 ], [ 103.917361305111257, 1.521947307273249 ], [ 103.917382789613825, 1.522390599738821 ], [ 103.917447345505551, 1.522829638350025 ], [ 103.917554351105252, 1.523260194922776 ], [ 103.917702775916226, 1.523678122956821 ], [ 103.917891190549355, 1.524079397569078 ], [ 103.918117780488089, 1.524460154255683 ], [ 103.918380363562491, 1.524816726109632 ], [ 103.918676410964096, 1.525145679135715 ], [ 103.919003071599406, 1.525443845322108 ], [ 103.919357199547179, 1.525708353150679 ], [ 103.919735384355505, 1.525936655251888 ], [ 103.920133983886558, 1.526126552937861 ], [ 103.920549159392706, 1.526276217377525 ], [ 103.920976912486495, 1.526384207209681 ], [ 103.921413123648037, 1.526449482424593 ], [ 103.921853591899151, 1.526471414380067 ], [ 103.922294075262144, 1.526449791856015 ], [ 103.922730331613366, 1.52638482308862 ], [ 103.923158159538289, 1.526277133764937 ], [ 103.923573438794563, 1.52612776099718 ], [ 103.923972169993007, 1.525938143334462 ], [ 103.924350513114973, 1.525710106908529 ], [ 103.924704824494469, 1.525445847846734 ], [ 103.925031691909226, 1.525147911121649 ], [ 103.925327967442684, 1.524819166041108 ], [ 103.925590797800282, 1.524462778614579 ], [ 103.925817651788279, 1.524082181062299 ], [ 103.926006344690165, 1.523681038760498 ], [ 103.926155059306367, 1.523263214941287 ], [ 103.926262363454157, 1.522832733487212 ], [ 103.926327223759642, 1.522393740178567 ], [ 103.926349015608736, 1.521950462767038 ], [ 103.926327529161597, 1.521507170259787 ] ] ] } },
{ "type": "Feature", "properties": { "Final_Location_ID": "FLOC-0136", "Standardized_Location": "Kg. Sentosa Damai", "Frequency_Band": "4-6", "Zone_Source": "500M_EVIDENCE_SUPPORT_BUFFER" }, "geometry": { "type": "Polygon", "coordinates": [ [ [ 103.940101017068116, 1.520954299683642 ], [ 103.940036456325046, 1.520515261471387 ], [ 103.939929446043024, 1.520084705782482 ], [ 103.939781016814905, 1.519666779098444 ], [ 103.939592598117912, 1.51926550627404 ], [ 103.939366004546116, 1.518884751775992 ], [ 103.939103418334199, 1.518528182466482 ], [ 103.938807368340761, 1.518199232289695 ], [ 103.938480705693621, 1.517901069201505 ], [ 103.938126576331825, 1.51763656466099 ], [ 103.937748390708464, 1.517408265977141 ], [ 103.937349790946385, 1.517218371777533 ], [ 103.936934615763107, 1.517068710834782 ], [ 103.936506863502359, 1.516960724454977 ], [ 103.93607065362869, 1.516895452597518 ], [ 103.935630187055636, 1.51687352386004 ], [ 103.935189705689695, 1.516895149424941 ], [ 103.934753451579368, 1.516960121025705 ], [ 103.934325626063099, 1.517067812952592 ], [ 103.933910349309087, 1.517217188078578 ], [ 103.933511620636807, 1.517406807847177 ], [ 103.933133280002167, 1.517634846126279 ], [ 103.932778971017498, 1.517899106794364 ], [ 103.932452105862055, 1.518197044890008 ], [ 103.932155832421287, 1.518525791120638 ], [ 103.931893003971169, 1.518882179494929 ], [ 103.931666151699545, 1.519262777812386 ], [ 103.931477460329162, 1.519663920716811 ], [ 103.931328747077231, 1.520081744995194 ], [ 103.931221444153906, 1.520512226781963 ], [ 103.931156584968662, 1.520951220310735 ], [ 103.931134794176984, 1.521394497839929 ], [ 103.931156281663647, 1.521837790367878 ], [ 103.931220840520311, 1.522276828745794 ], [ 103.93132784903716, 1.522707384791661 ], [ 103.931476276689168, 1.523125312010293 ], [ 103.931664694059691, 1.523526585526351 ], [ 103.931891286605605, 1.523907340846533 ], [ 103.932153872131693, 1.52426391107709 ], [ 103.932449921805699, 1.524592862238455 ], [ 103.932776584512055, 1.524891026336837 ], [ 103.93313071430947, 1.525155531874419 ], [ 103.933508900728114, 1.525383831503846 ], [ 103.933907501614527, 1.525573726561234 ], [ 103.934322678208048, 1.525723388240985 ], [ 103.93475043211069, 1.525831375208683 ], [ 103.935186643794879, 1.52589664748237 ], [ 103.935627112277444, 1.525918576448373 ], [ 103.936067595578535, 1.525896950915546 ], [ 103.936503851575267, 1.525831979149135 ], [ 103.936931678856723, 1.525724286865287 ], [ 103.937346957186833, 1.525574911204701 ], [ 103.937745687185625, 1.525385290744455 ], [ 103.938124028846119, 1.525157251643216 ], [ 103.938478338516603, 1.524892990054073 ], [ 103.938805203991492, 1.52459505097389 ], [ 103.939101477373029, 1.524266303733026 ], [ 103.939364305387542, 1.52390991436169 ], [ 103.939591156863898, 1.52352931509865 ], [ 103.939779847109932, 1.523128171336435 ], [ 103.939928558951621, 1.52271034632107 ], [ 103.940035860233024, 1.52227986394638 ], [ 103.940100717607763, 1.521840870001396 ], [ 103.940122506489914, 1.521397592243694 ], [ 103.940101017068116, 1.520954299683642 ] ] ] } },
{ "type": "Feature", "properties": { "Final_Location_ID": "FLOC-0137", "Standardized_Location": "Kg. Seri Aman / Batu Pulai", "Frequency_Band": "1-3", "Zone_Source": "500M_EVIDENCE_SUPPORT_BUFFER" }, "geometry": { "type": "Polygon", "coordinates": [ [ [ 103.944932765189634, 1.473913642052884 ], [ 103.944868204163143, 1.473474604372618 ], [ 103.944761194578902, 1.473044049381074 ], [ 103.94461276702269, 1.47262612355339 ], [ 103.944424350955401, 1.472224851736464 ], [ 103.944197760945698, 1.471844098387646 ], [ 103.943935179193957, 1.471487530358304 ], [ 103.943639134516005, 1.47115858158057 ], [ 103.943312477988783, 1.470860419997029 ], [ 103.942958355492749, 1.470595917052374 ], [ 103.942580177415337, 1.470367620040267 ], [ 103.942181585807361, 1.470177727572148 ], [ 103.941766419308365, 1.470028068403838 ], [ 103.941338676179114, 1.469920083824212 ], [ 103.940902475796875, 1.469854813775076 ], [ 103.94046201898442, 1.469832886836377 ], [ 103.940021547554821, 1.469854514172868 ], [ 103.939585303461442, 1.469919487500612 ], [ 103.939157487946673, 1.470027181092877 ], [ 103.938742221082776, 1.470176557806214 ], [ 103.938343502094114, 1.470366179068507 ], [ 103.93796517084354, 1.470594218732908 ], [ 103.937610870852907, 1.470858480664301 ], [ 103.937284014214725, 1.471156419888837 ], [ 103.936987748732136, 1.471485167102898 ], [ 103.936724927604061, 1.471841556305573 ], [ 103.936498081947335, 1.472222155288322 ], [ 103.936309396420498, 1.472623298688632 ], [ 103.936160688183804, 1.473041123288727 ], [ 103.936053389398495, 1.473471605220196 ], [ 103.935988533433502, 1.473910598715447 ], [ 103.93596674491269, 1.474353876033486 ], [ 103.935988233698339, 1.474797168175062 ], [ 103.93605279286912, 1.475236205995385 ], [ 103.936159800711707, 1.47566676131825 ], [ 103.936308226707226, 1.476084687655752 ], [ 103.936496641454781, 1.476485960141445 ], [ 103.936723230436428, 1.47686671429223 ], [ 103.936985811491283, 1.477223283225919 ], [ 103.937281855830321, 1.47755223297568 ], [ 103.937608512389616, 1.477850395561531 ], [ 103.937962635287477, 1.478114899500294 ], [ 103.93834081412102, 1.478343197460075 ], [ 103.938739406810384, 1.478533090793019 ], [ 103.939154574674447, 1.478682750710044 ], [ 103.939582319400017, 1.478790735893564 ], [ 103.940018521548467, 1.478856006378524 ], [ 103.940458980229138, 1.478877933568241 ], [ 103.940899453557208, 1.478856306288324 ], [ 103.941335699506297, 1.478791332820525 ], [ 103.941763516762705, 1.478683638896949 ], [ 103.942178785187309, 1.478534261673782 ], [ 103.942577505495677, 1.478344639742747 ], [ 103.942955837774321, 1.478116599276377 ], [ 103.943310138461825, 1.477852336440613 ], [ 103.943636995438936, 1.477554396244048 ], [ 103.943933260889452, 1.477225648027679 ], [ 103.944196081615701, 1.47686925783091 ], [ 103.944422926516282, 1.476488657900492 ], [ 103.944611610961744, 1.476087513635368 ], [ 103.944760317833357, 1.475669688286522 ], [ 103.944867615022346, 1.475239205751159 ], [ 103.944932469221129, 1.47480021182009 ], [ 103.944954255873739, 1.474356934251037 ], [ 103.944932765189634, 1.473913642052884 ] ] ] } },
{ "type": "Feature", "properties": { "Final_Location_ID": "FLOC-0138", "Standardized_Location": "Kg. Sg. Serai", "Frequency_Band": "1-3", "Zone_Source": "500M_EVIDENCE_SUPPORT_BUFFER" }, "geometry": { "type": "Polygon", "coordinates": [ [ [ 103.926498164682727, 1.65318719421673 ], [ 103.926433604035282, 1.652748155042024 ], [ 103.926326590989362, 1.652317597969148 ], [ 103.926178156165363, 1.651899669491903 ], [ 103.925989729095022, 1.651498394481315 ], [ 103.925763124453354, 1.651117637424254 ], [ 103.925500524581523, 1.65076106520671 ], [ 103.925204458469238, 1.650432111800186 ], [ 103.924877777398805, 1.650133945191186 ], [ 103.924523627485542, 1.649869436872358 ], [ 103.92414541937913, 1.649641134188964 ], [ 103.923746795417358, 1.649451235807179 ], [ 103.92333159454904, 1.64930157054018 ], [ 103.922903815363455, 1.649193579736181 ], [ 103.92246757758258, 1.64912830339783 ], [ 103.922027082386975, 1.649106370166711 ], [ 103.921586571957036, 1.649127991269398 ], [ 103.921150288619742, 1.649192958483341 ], [ 103.92072243399376, 1.649300646142137 ], [ 103.920307128526659, 1.649450017160836 ], [ 103.919908371813818, 1.649639633023522 ], [ 103.919530004080912, 1.649867667636642 ], [ 103.919175669201351, 1.650131924914784 ], [ 103.918848779604204, 1.65042985992987 ], [ 103.918552483411105, 1.650758603419507 ], [ 103.918289634118238, 1.651114989419046 ], [ 103.918062763115515, 1.651495585751018 ], [ 103.91787405530772, 1.651896727078272 ], [ 103.917725328072052, 1.652314550202636 ], [ 103.917618013755188, 1.65274503126925 ], [ 103.917553145878173, 1.653184024517984 ], [ 103.917531349181971, 1.653627302209152 ], [ 103.917552833609918, 1.654070595338676 ], [ 103.917617392284612, 1.654509634750894 ], [ 103.91772440349925, 1.654940192252868 ], [ 103.917872836703737, 1.655358121334289 ], [ 103.91806126242858, 1.655759397100936 ], [ 103.918287866050534, 1.656140155036888 ], [ 103.918550465267558, 1.656496728222366 ], [ 103.918846531115136, 1.656825682648655 ], [ 103.919173212321112, 1.657123850290083 ], [ 103.919527362764995, 1.657388359614344 ], [ 103.91990557177671, 1.657616663237476 ], [ 103.920304196983622, 1.65780656245726 ], [ 103.920719399389142, 1.65795622842828 ], [ 103.921147180344875, 1.658064219775275 ], [ 103.921583420060799, 1.658129496474722 ], [ 103.922023917282047, 1.658151429871174 ], [ 103.92246442975032, 1.658129808731689 ], [ 103.922900715060365, 1.658064841280219 ], [ 103.923328571517658, 1.657957153192346 ], [ 103.92374387860427, 1.657807781569455 ], [ 103.92414263666258, 1.657618164950697 ], [ 103.924521005415215, 1.657390129458718 ], [ 103.924875340949583, 1.657125871212633 ], [ 103.925202230811436, 1.656827935177765 ], [ 103.925498526868978, 1.656499190655698 ], [ 103.92576137563124, 1.65614280365074 ], [ 103.925988245728661, 1.655762206379009 ], [ 103.9261769522913, 1.655361064213782 ], [ 103.926325677989794, 1.654943240385387 ], [ 103.926432990536512, 1.654512758775787 ], [ 103.926497856478449, 1.654073765165931 ], [ 103.926519651149036, 1.653630487309452 ], [ 103.926498164682727, 1.65318719421673 ] ] ] } },
{ "type": "Feature", "properties": { "Final_Location_ID": "FLOC-0140", "Standardized_Location": "Klinik Desa Kangkar Tebrau", "Frequency_Band": "1-3", "Zone_Source": "500M_EVIDENCE_SUPPORT_BUFFER" }, "geometry": { "type": "Polygon", "coordinates": [ [ [ 103.762492400394663, 1.535528657841209 ], [ 103.762427878910316, 1.535089617388633 ], [ 103.762320907182414, 1.534659055560858 ], [ 103.762172515434827, 1.534241118899482 ], [ 103.761984132786267, 1.533839832355815 ], [ 103.761757573486179, 1.533459060528708 ], [ 103.761495019441554, 1.53310247044676 ], [ 103.761198999203486, 1.532773496253299 ], [ 103.76087236361532, 1.532475306134178 ], [ 103.760518258357123, 1.532210771807053 ], [ 103.760140093651188, 1.53198244086579 ], [ 103.759741511419818, 1.531792512246368 ], [ 103.759326350212092, 1.531642815050536 ], [ 103.758898608237033, 1.531534790931059 ], [ 103.758462404859571, 1.531469480208447 ], [ 103.758021940929652, 1.531447511852365 ], [ 103.757581458326825, 1.531469097424753 ], [ 103.757145199109729, 1.531534029042521 ], [ 103.756717364663842, 1.531641681379644 ], [ 103.756302075241038, 1.531791017689418 ], [ 103.755903330280304, 1.531980599788695 ], [ 103.755524969891965, 1.532208601908122 ], [ 103.755170637876134, 1.53247282827492 ], [ 103.754843746631636, 1.532770734258897 ], [ 103.754547444293124, 1.533099450878079 ], [ 103.75428458441317, 1.533455812427999 ], [ 103.754057698480992, 1.53383638696853 ], [ 103.753868971542687, 1.534237509374725 ], [ 103.753720221157522, 1.534655316633291 ], [ 103.753612879893453, 1.535085785045018 ], [ 103.753547981529678, 1.535524768974718 ], [ 103.753526151100061, 1.535968040775463 ], [ 103.753547598872586, 1.536411331502864 ], [ 103.753612118323218, 1.536850372027066 ], [ 103.753719088123717, 1.537280934146835 ], [ 103.753867478124292, 1.537698871309377 ], [ 103.754055859273336, 1.538100158544075 ], [ 103.754282417379088, 1.53848093122557 ], [ 103.754544970580397, 1.538837522292367 ], [ 103.754840990358588, 1.539166497563331 ], [ 103.755167625888035, 1.539464688811214 ], [ 103.755521731490873, 1.539729224274974 ], [ 103.755899896931581, 1.539957556317037 ], [ 103.75629848025963, 1.540147485959118 ], [ 103.756713642883796, 1.540297184060222 ], [ 103.757141386540624, 1.540405208932753 ], [ 103.757577591800541, 1.540470520227292 ], [ 103.758018057741253, 1.540492488952154 ], [ 103.758458542405961, 1.540470903531231 ], [ 103.758894803656787, 1.540405971841842 ], [ 103.759322640030049, 1.540298319212716 ], [ 103.759737931199879, 1.540148982401797 ], [ 103.760136677660114, 1.539959399611486 ], [ 103.760515039242819, 1.53973139663769 ], [ 103.760869372101951, 1.539467169286033 ], [ 103.761196263806298, 1.539169262224534 ], [ 103.761492566203543, 1.538840544476593 ], [ 103.761755425738855, 1.538484181790057 ], [ 103.761982310936247, 1.538103606148701 ], [ 103.762171036777886, 1.537702482719846 ], [ 103.762319785746598, 1.537284674556024 ], [ 103.762427125328941, 1.536854205391227 ], [ 103.762492021810246, 1.536415220889613 ], [ 103.762513850229055, 1.535971948720076 ], [ 103.762492400394663, 1.535528657841209 ] ] ] } },
{ "type": "Feature", "properties": { "Final_Location_ID": "FLOC-0141", "Standardized_Location": "Klinik Desa Plentong", "Frequency_Band": "1-3", "Zone_Source": "500M_EVIDENCE_SUPPORT_BUFFER" }, "geometry": { "type": "Polygon", "coordinates": [ [ [ 103.825042372200343, 1.522058509035828 ], [ 103.824977836646582, 1.521619469281938 ], [ 103.824870851257728, 1.521188909575624 ], [ 103.824722446388378, 1.520770976437794 ], [ 103.824534051282711, 1.520369694785689 ], [ 103.82430748030923, 1.519988929171142 ], [ 103.824044915486553, 1.519632346563153 ], [ 103.823748885468788, 1.519303381033388 ], [ 103.823422241192787, 1.519005200684768 ], [ 103.823068128421809, 1.518740677141492 ], [ 103.822689957450137, 1.518512357894268 ], [ 103.822291370260189, 1.518322441767217 ], [ 103.821876205448746, 1.518172757742595 ], [ 103.821448461259735, 1.518064747347133 ], [ 103.821012257079687, 1.517999450769935 ], [ 103.820571793766774, 1.517977496845194 ], [ 103.820131313195219, 1.517999096996495 ], [ 103.819695057404815, 1.518064043200879 ], [ 103.819267227748853, 1.518171709992264 ], [ 103.818851944433931, 1.518321060484979 ], [ 103.818453206841141, 1.518510656359419 ], [ 103.818074855010735, 1.518738671713502 ], [ 103.817720532661227, 1.519002910646751 ], [ 103.817393652099099, 1.519300828407626 ], [ 103.817097361356801, 1.519629555900231 ], [ 103.816834513875747, 1.519985927314778 ], [ 103.816607641026096, 1.5203665106154 ], [ 103.816418927728165, 1.520767640592023 ], [ 103.816270191409899, 1.521185454157644 ], [ 103.816162864503596, 1.521615927551528 ], [ 103.816097980649914, 1.52205491508971 ], [ 103.816076164742498, 1.522498189089763 ], [ 103.816097626908814, 1.522941480585458 ], [ 103.816162160485518, 1.523380520439076 ], [ 103.816269144007506, 1.523811080455356 ], [ 103.816417547191961, 1.524229014101549 ], [ 103.816605940859418, 1.524630296440803 ], [ 103.816832510696671, 1.52501106289491 ], [ 103.817095074728783, 1.525367646462636 ], [ 103.817391104331975, 1.525696613035403 ], [ 103.817717748585366, 1.525994794470197 ], [ 103.818071861726537, 1.526259319101102 ], [ 103.818450033447007, 1.526487639395582 ], [ 103.818848621735583, 1.526677556489305 ], [ 103.819263787953247, 1.526827241362867 ], [ 103.819691533802043, 1.526935252456879 ], [ 103.820127739831619, 1.527000549555413 ], [ 103.820568205112778, 1.52702250380424 ], [ 103.821008687695638, 1.527000903767325 ], [ 103.821444945463128, 1.526935957463231 ], [ 103.821872776985941, 1.526828290361849 ], [ 103.822288061985759, 1.526678939360787 ], [ 103.822686801016744, 1.526489342799195 ], [ 103.823065153983393, 1.526261326605535 ], [ 103.82341947712348, 1.525997086712543 ], [ 103.82374635810018, 1.52569916790868 ], [ 103.824042648865088, 1.525370439329903 ], [ 103.824305495975949, 1.525014066827753 ], [ 103.824532368076774, 1.524633482479859 ], [ 103.824721080276106, 1.524232351536561 ], [ 103.824869815188151, 1.523814537122007 ], [ 103.824977140434669, 1.523384063029566 ], [ 103.825042022438808, 1.522945074970051 ], [ 103.825063836377979, 1.522501800645914 ], [ 103.825042372200343, 1.522058509035828 ] ] ] } },
{ "type": "Feature", "properties": { "Final_Location_ID": "FLOC-0142", "Standardized_Location": "KSL City Mall", "Frequency_Band": "1-3", "Zone_Source": "500M_EVIDENCE_SUPPORT_BUFFER" }, "geometry": { "type": "Polygon", "coordinates": [ [ [ 103.76675228425934, 1.484928633396574 ], [ 103.766687761975447, 1.484489594100153 ], [ 103.766580790571211, 1.484059033653615 ], [ 103.766432400267036, 1.48364109858563 ], [ 103.766244020167534, 1.483239813832557 ], [ 103.766017464497452, 1.482859043976397 ], [ 103.765754915128923, 1.48250245602706 ], [ 103.765458900568177, 1.482173484107557 ], [ 103.765132271604159, 1.481875296382069 ], [ 103.764778173853614, 1.481610764545277 ], [ 103.764400017467068, 1.481382436167142 ], [ 103.764001444287302, 1.481192510158894 ], [ 103.76358629277685, 1.481042815596994 ], [ 103.763158561052094, 1.480934794108671 ], [ 103.762722368379954, 1.480869485988822 ], [ 103.762281915507941, 1.480847520181735 ], [ 103.76184144420975, 1.480869108224448 ], [ 103.761405196435703, 1.480934042209686 ], [ 103.760977373461557, 1.481041696788202 ], [ 103.760562095429052, 1.481191035191332 ], [ 103.760163361667679, 1.481380619215379 ], [ 103.759785012180046, 1.481608623072082 ], [ 103.759430690661205, 1.481872850971616 ], [ 103.759103809408714, 1.482170758268793 ], [ 103.758807516460692, 1.482499475968807 ], [ 103.758544665278833, 1.482855838356659 ], [ 103.758317787268084, 1.48323641348412 ], [ 103.758129067397604, 1.483637536220599 ], [ 103.757980323157966, 1.484055343549812 ], [ 103.757872987057183, 1.484485811772027 ], [ 103.757808092824092, 1.484924795254122 ], [ 103.757786265452054, 1.485368066353835 ], [ 103.757807715178984, 1.48581135613386 ], [ 103.757872235461448, 1.486250395473865 ], [ 103.757979204962766, 1.486680956184415 ], [ 103.758127593535647, 1.487098891726705 ], [ 103.758315972142015, 1.48750017714611 ], [ 103.758542526614505, 1.487880947835093 ], [ 103.758805075127, 1.488237536751662 ], [ 103.759101089206169, 1.48856650973567 ], [ 103.759427718081582, 1.488864698582056 ], [ 103.759781816139878, 1.489129231552996 ], [ 103.760159973218762, 1.489357561035009 ], [ 103.760558547448781, 1.489547488074414 ], [ 103.760973700327042, 1.489697183555113 ], [ 103.761401433684654, 1.489805205814574 ], [ 103.761837628191898, 1.48987051452829 ], [ 103.762278083030751, 1.489892480729114 ], [ 103.762718556351942, 1.489870892864922 ], [ 103.763154806127417, 1.48980595883611 ], [ 103.763582631004496, 1.489698303993555 ], [ 103.763997910768296, 1.489548965116122 ], [ 103.764396646022789, 1.489359380425725 ], [ 103.764774996708027, 1.489131375736228 ], [ 103.765129319082888, 1.488867146869453 ], [ 103.765456200816956, 1.48856923850776 ], [ 103.765752493853583, 1.488240519686878 ], [ 103.766015344727663, 1.487884156164846 ], [ 103.766242222046102, 1.487503579933519 ], [ 103.766430940866343, 1.48710245616588 ], [ 103.766579683738158, 1.486684647917895 ], [ 103.766687018206099, 1.486254178924525 ], [ 103.766751910604071, 1.48581519484855 ], [ 103.766773736009256, 1.485371923355084 ], [ 103.76675228425934, 1.484928633396574 ] ] ] } },
{ "type": "Feature", "properties": { "Final_Location_ID": "FLOC-0144", "Standardized_Location": "Larkin Perdana", "Frequency_Band": "1-3", "Zone_Source": "500M_EVIDENCE_SUPPORT_BUFFER" }, "geometry": { "type": "Polygon", "coordinates": [ [ [ 103.752732318888135, 1.500638670669728 ], [ 103.752667799751464, 1.500199630973192 ], [ 103.752560831131078, 1.49976906977199 ], [ 103.752412443220877, 1.499351133601999 ], [ 103.752224065102624, 1.498949847410096 ], [ 103.751997510982193, 1.498569075792034 ], [ 103.751734962716995, 1.498212485774582 ], [ 103.751438948802686, 1.497883511500528 ], [ 103.751112320022102, 1.497585321156572 ], [ 103.750758221990182, 1.497320786462467 ], [ 103.750380064860082, 1.49709245501552 ], [ 103.749981490481673, 1.496902525756362 ], [ 103.749566337328858, 1.496752827792664 ], [ 103.749138603533623, 1.496644802784266 ], [ 103.748702408382556, 1.496579491059881 ], [ 103.748261952646814, 1.496557521598463 ], [ 103.747821478127349, 1.496579105972142 ], [ 103.747385226805221, 1.496644036308993 ], [ 103.74695739999008, 1.49675168729497 ], [ 103.746542117860372, 1.496901022195983 ], [ 103.746143379784826, 1.497090602842203 ], [ 103.745765025807373, 1.497318603477966 ], [ 103.745410699666138, 1.49758282834461 ], [ 103.745083813703104, 1.497880732826269 ], [ 103.744787516001693, 1.498209447955433 ], [ 103.744524660069374, 1.498565808041974 ], [ 103.744297777356905, 1.498946381160042 ], [ 103.744109052878812, 1.499347502198504 ], [ 103.743960304170287, 1.499765308157528 ], [ 103.743852963782487, 1.500195775350795 ], [ 103.743788065485873, 1.500634758155129 ], [ 103.743766234313142, 1.501078028934852 ], [ 103.743787680539143, 1.501521318755787 ], [ 103.743852197654434, 1.501960358497271 ], [ 103.743959164353129, 1.502390919965936 ], [ 103.744107550515196, 1.502808856615596 ], [ 103.744295927126018, 1.50321014348096 ], [ 103.744522480037659, 1.503590915940383 ], [ 103.744785027439193, 1.503947506934765 ], [ 103.745081040868072, 1.504276482283799 ], [ 103.745407669560251, 1.504574673759458 ], [ 103.745761767904057, 1.504839209598463 ], [ 103.746139925734411, 1.505067542159573 ], [ 103.746538501174541, 1.505257472459269 ], [ 103.746953655709717, 1.505407171349994 ], [ 103.747381391154832, 1.505515197136171 ], [ 103.74781758815989, 1.505580509459266 ], [ 103.748258045882508, 1.505602479317316 ], [ 103.748698522445352, 1.505580895122905 ], [ 103.749134775788846, 1.505515964741095 ], [ 103.749562604525678, 1.505408313487675 ], [ 103.749977888403563, 1.505258978106977 ], [ 103.750376627986526, 1.505069396787315 ], [ 103.750754983172769, 1.504841395310182 ], [ 103.751109310177668, 1.504577169466587 ], [ 103.751436196626102, 1.504279263909968 ], [ 103.751732494415961, 1.503950547649116 ], [ 103.751995350036381, 1.503594186417635 ], [ 103.752222232048595, 1.503213612185442 ], [ 103.752410955464953, 1.502812490106407 ], [ 103.752559702791146, 1.502394683220369 ], [ 103.752667041529051, 1.501964215249316 ], [ 103.752731937971674, 1.501525231846269 ], [ 103.752753767157529, 1.501081960669933 ], [ 103.752732318888135, 1.500638670669728 ] ] ] } },
{ "type": "Feature", "properties": { "Final_Location_ID": "FLOC-0145", "Standardized_Location": "Lebuhraya Pasir Gudang", "Frequency_Band": "1-3", "Zone_Source": "500M_EVIDENCE_SUPPORT_BUFFER" }, "geometry": { "type": "Polygon", "coordinates": [ [ [ 103.719425640252268, 1.511389252280924 ], [ 103.719361128738186, 1.510950212286766 ], [ 103.719254167460662, 1.510519650006642 ], [ 103.719105786543366, 1.510101711986972 ], [ 103.718917415001215, 1.509700423192474 ], [ 103.718690866977269, 1.509319648243918 ], [ 103.718428324270562, 1.508963054199968 ], [ 103.7181323153237, 1.50863407524202 ], [ 103.717805690871927, 1.508335879601582 ], [ 103.717451596488772, 1.508071339049107 ], [ 103.717073442292445, 1.507843001237956 ], [ 103.716674870104555, 1.50765306516961 ], [ 103.716259718377913, 1.507503360016902 ], [ 103.715831985230651, 1.507395327508549 ], [ 103.715395789942875, 1.507330008044995 ], [ 103.714955333286781, 1.507308030679461 ], [ 103.714514857071805, 1.507329607059849 ], [ 103.714078603294908, 1.507394529390971 ], [ 103.713650773288919, 1.507502172435673 ], [ 103.713235487262523, 1.507651499536268 ], [ 103.712836744621498, 1.50784107259796 ], [ 103.71245838545326, 1.508069065938251 ], [ 103.712104053545531, 1.508333283868858 ], [ 103.711777161295359, 1.508631181840905 ], [ 103.71148085684645, 1.508959890949836 ], [ 103.711217993771015, 1.509316245563887 ], [ 103.710991103588412, 1.509696813810213 ], [ 103.710802371385086, 1.51009793062506 ], [ 103.710653614770607, 1.510515733049681 ], [ 103.710546266372489, 1.510946197432178 ], [ 103.710481360038457, 1.511385178176867 ], [ 103.71045952087897, 1.511828447668268 ], [ 103.710480959246127, 1.512271736984915 ], [ 103.710545468706641, 1.512710777011229 ], [ 103.710652428028766, 1.513141339551312 ], [ 103.710800807164006, 1.51355927804879 ], [ 103.710989177165914, 1.513960567520569 ], [ 103.711215723950673, 1.514341343319856 ], [ 103.711478265766786, 1.514697938355264 ], [ 103.711774274205936, 1.515026918407333 ], [ 103.71210089855235, 1.515325115202477 ], [ 103.712454993236562, 1.515589656925894 ], [ 103.712833148128837, 1.515817995879247 ], [ 103.713231721380737, 1.516007933017087 ], [ 103.713646874498622, 1.516157639125534 ], [ 103.714074609310885, 1.516265672439146 ], [ 103.714510806473413, 1.516330992526476 ], [ 103.714951265142005, 1.516352970310428 ], [ 103.715391743429848, 1.516331394126939 ], [ 103.715827999260327, 1.516266471763676 ], [ 103.716255831221687, 1.516158828458988 ], [ 103.716671119030138, 1.516009500880593 ], [ 103.717069863211393, 1.515819927141614 ], [ 103.71744822361886, 1.515591932950599 ], [ 103.717802556417169, 1.515327714028534 ], [ 103.718129449175052, 1.515029814962363 ], [ 103.718425753729321, 1.514701104698718 ], [ 103.718688616503684, 1.514344748913732 ], [ 103.718915505990353, 1.513964179525211 ], [ 103.719104237129656, 1.513563061640864 ], [ 103.719252992352892, 1.513145258260481 ], [ 103.719360339086023, 1.512714793072761 ], [ 103.719425243545302, 1.51227581170426 ], [ 103.719447080692305, 1.511832541794476 ], [ 103.719425640252268, 1.511389252280924 ] ] ] } },
{ "type": "Feature", "properties": { "Final_Location_ID": "FLOC-0148", "Standardized_Location": "Lorong Aris / Kg. Batu 8 1/2, Skudai", "Frequency_Band": "1-3", "Zone_Source": "500M_EVIDENCE_SUPPORT_BUFFER" }, "geometry": { "type": "Polygon", "coordinates": [ [ [ 103.676781231994426, 1.522965827966489 ], [ 103.676716730425696, 1.522526787707426 ], [ 103.676609778787537, 1.52209622414951 ], [ 103.676461407111333, 1.521678283851664 ], [ 103.676273044323679, 1.521276991800558 ], [ 103.67604650448385, 1.520896212648279 ], [ 103.675783969312718, 1.520539613493849 ], [ 103.675487967180786, 1.520210628567586 ], [ 103.675161348758095, 1.519912426158152 ], [ 103.674807259560438, 1.519647878100746 ], [ 103.674429109656302, 1.519419532120522 ], [ 103.674030540826067, 1.519229587297147 ], [ 103.67361539149023, 1.519079872887225 ], [ 103.673187659743732, 1.51897183070804 ], [ 103.672751464852965, 1.518906501252717 ], [ 103.67231100758589, 1.518884513670138 ], [ 103.67187052975747, 1.518906079706254 ], [ 103.671434273379617, 1.518970991665133 ], [ 103.671006439809645, 1.519078624409239 ], [ 103.670591149289962, 1.519227941379954 ], [ 103.67019240126902, 1.519417504579983 ], [ 103.669814035885395, 1.51964548842186 ], [ 103.669459696986124, 1.51990969730889 ], [ 103.669132797035118, 1.520207586779612 ], [ 103.668836484249766, 1.520536288011658 ], [ 103.668573612282259, 1.520892635449552 ], [ 103.66834671273736, 1.521273197290043 ], [ 103.668157970791569, 1.521674308531563 ], [ 103.668009204148291, 1.522092106269621 ], [ 103.667901845531773, 1.522522566897947 ], [ 103.667836928888349, 1.522961544857584 ], [ 103.667815079428195, 1.52340481256029 ], [ 103.667836507602999, 1.523848101102296 ], [ 103.667901007078171, 1.524287141375822 ], [ 103.668007956718682, 1.524717705182847 ], [ 103.668156326569928, 1.525135645954917 ], [ 103.668344687775473, 1.525536938687114 ], [ 103.66857122633678, 1.525917718701168 ], [ 103.66883376058216, 1.526274318864978 ], [ 103.669129762176709, 1.526603304909398 ], [ 103.669456380470976, 1.526901508502816 ], [ 103.669810469954129, 1.527166057764519 ], [ 103.670188620546725, 1.527394404923087 ], [ 103.670587190441879, 1.52758435085356 ], [ 103.671002341178223, 1.527734066256804 ], [ 103.671430074606974, 1.527842109277341 ], [ 103.671866271397107, 1.527907439389729 ], [ 103.672306730707632, 1.527929427419812 ], [ 103.672747210645113, 1.527907861604469 ], [ 103.673183469116523, 1.527842949631159 ], [ 103.673611304684144, 1.527735316637924 ], [ 103.674026597028771, 1.52758599919298 ], [ 103.674425346631836, 1.527396435311867 ], [ 103.674803713293969, 1.527168450608218 ], [ 103.675158053118963, 1.526904240711807 ], [ 103.675484953607395, 1.526606350122924 ], [ 103.67578126652117, 1.526277647706901 ], [ 103.676044138203167, 1.525921299064716 ], [ 103.676271037059635, 1.525540736045869 ], [ 103.67645977794048, 1.525139623697251 ], [ 103.676608543183249, 1.524721824965871 ], [ 103.676715900117529, 1.524291363496195 ], [ 103.676780814861587, 1.523852384879522 ], [ 103.676802662278263, 1.523409116729273 ], [ 103.676781231994426, 1.522965827966489 ] ] ] } },
{ "type": "Feature", "properties": { "Final_Location_ID": "FLOC-0150", "Standardized_Location": "Majidee", "Frequency_Band": "1-3", "Zone_Source": "500M_EVIDENCE_SUPPORT_BUFFER" }, "geometry": { "type": "Polygon", "coordinates": [ [ [ 103.762379950766672, 1.514097552108557 ], [ 103.762315429399592, 1.513658512123926 ], [ 103.762208458264425, 1.513227950815268 ], [ 103.762060067579299, 1.512810014719333 ], [ 103.761871686452551, 1.512408728782165 ], [ 103.761645129118961, 1.512027957596939 ], [ 103.761382577466648, 1.511671368186207 ], [ 103.761086560023784, 1.511342394686896 ], [ 103.760759927606898, 1.511044205278256 ], [ 103.760405825865774, 1.510779671671132 ], [ 103.760027664989053, 1.510551341452468 ], [ 103.759629086862432, 1.510361413551224 ], [ 103.75921392999571, 1.51021171706213 ], [ 103.758786192556471, 1.510103693631099 ], [ 103.758349993866219, 1.510038383571785 ], [ 103.757909534730047, 1.510016415847401 ], [ 103.757469056981591, 1.510038002013561 ], [ 103.757032802632935, 1.510102934181285 ], [ 103.756604973022903, 1.510210587019086 ], [ 103.756189688356855, 1.510359923775245 ], [ 103.755790948028078, 1.510549506262141 ], [ 103.755412592102303, 1.51077750870653 ], [ 103.755058264336597, 1.51104173533239 ], [ 103.75473137708876, 1.511339641506939 ], [ 103.754435078454819, 1.511668358246288 ], [ 103.754172221951436, 1.512024719844788 ], [ 103.753945339035099, 1.512405294361863 ], [ 103.753756614722548, 1.512806416672804 ], [ 103.75360786654754, 1.513224223765324 ], [ 103.753500527056374, 1.513654691941964 ], [ 103.753435630010927, 1.514093675569876 ], [ 103.753413800432099, 1.514536947005228 ], [ 103.753435248579379, 1.514980237307336 ], [ 103.753499767924936, 1.515419277350605 ], [ 103.753606737141368, 1.515849838938623 ], [ 103.753755126084329, 1.516267775523878 ], [ 103.753943505712414, 1.516669062141555 ], [ 103.754170061848455, 1.517049834172292 ], [ 103.754432612650305, 1.517406424561063 ], [ 103.75472862962252, 1.517735399133355 ], [ 103.755055261966632, 1.518033589668677 ], [ 103.755409364035685, 1.518298124412874 ], [ 103.755787525628421, 1.518526455735355 ], [ 103.756186104831613, 1.51871638466469 ], [ 103.756601263094069, 1.518866082066642 ], [ 103.757029002194642, 1.518974106260252 ], [ 103.757465202747923, 1.519039416902517 ], [ 103.757905663877253, 1.519061385007876 ], [ 103.758346143672384, 1.519039799006011 ], [ 103.758782400042563, 1.518974866779652 ], [ 103.759210231571316, 1.518867213662481 ], [ 103.759625517979529, 1.518717876417012 ], [ 103.760024259806968, 1.518528293249616 ], [ 103.760402616930321, 1.518300289959696 ], [ 103.760756945546461, 1.518036062355795 ], [ 103.761083833264948, 1.517738155108284 ], [ 103.761380131971663, 1.517409437242252 ], [ 103.761642988147102, 1.517053074506661 ], [ 103.761869870347454, 1.516672498885802 ], [ 103.762058593583419, 1.516271375546764 ], [ 103.762207340362679, 1.51585356754138 ], [ 103.762314678192524, 1.515423098602172 ], [ 103.762379573374929, 1.514984114391274 ], [ 103.762401400960613, 1.514540842574955 ], [ 103.762379950766672, 1.514097552108557 ] ] ] } },
{ "type": "Feature", "properties": { "Final_Location_ID": "FLOC-0151", "Standardized_Location": "Maktab Sultan Abu Bakar / English College", "Frequency_Band": "1-3", "Zone_Source": "500M_EVIDENCE_SUPPORT_BUFFER" }, "geometry": { "type": "Polygon", "coordinates": [ [ [ 103.743692231921258, 1.463138679753354 ], [ 103.743627714828833, 1.462699641014606 ], [ 103.743520749067926, 1.462269080675809 ], [ 103.743372364804785, 1.461851145264909 ], [ 103.74318399108607, 1.461449859721848 ], [ 103.742957442075394, 1.461069088636348 ], [ 103.742694899581096, 1.460712499030276 ], [ 103.742398892043653, 1.460383525042607 ], [ 103.742072270184778, 1.460085334857275 ], [ 103.741718179553231, 1.459820800192537 ], [ 103.741340030231413, 1.459592468645263 ], [ 103.740941463994474, 1.459402539156901 ], [ 103.740526319238484, 1.459252840837025 ], [ 103.74009859401508, 1.459144815348627 ], [ 103.739662407528797, 1.459079503024666 ], [ 103.739221960467759, 1.459057532849443 ], [ 103.738781494549826, 1.459079116401627 ], [ 103.738345251673465, 1.459144045816736 ], [ 103.73791743306721, 1.459251695789201 ], [ 103.737502158830551, 1.45940102959434 ], [ 103.737103428256219, 1.459590609072495 ], [ 103.736725081315797, 1.459818608479068 ], [ 103.736370761679439, 1.460082832066965 ], [ 103.736043881626159, 1.460380735232534 ], [ 103.735747589182125, 1.460709449020874 ], [ 103.735484737803716, 1.461065807754818 ], [ 103.735257858897342, 1.461446379521631 ], [ 103.735069137440348, 1.461847499223407 ], [ 103.734920390938271, 1.462265303873457 ], [ 103.73481305192054, 1.462695769798314 ], [ 103.734748154143858, 1.463134751387457 ], [ 103.734726322635566, 1.463578021017266 ], [ 103.734747767673241, 1.464021309765064 ], [ 103.734812282758696, 1.464460348520918 ], [ 103.734919246605315, 1.464890909101386 ], [ 103.735067629120465, 1.465308844969214 ], [ 103.735256001324629, 1.465710131166903 ], [ 103.735482549112405, 1.466090903079589 ], [ 103.735745090722432, 1.466447493653587 ], [ 103.73604109774827, 1.466776468712775 ], [ 103.736367719487831, 1.467074660031989 ], [ 103.736721810396901, 1.467339195849434 ], [ 103.737099960382494, 1.467567528523915 ], [ 103.737498527643879, 1.467757459070688 ], [ 103.73791367374568, 1.467907158339498 ], [ 103.738341400584503, 1.468015184630868 ], [ 103.738777588893726, 1.468080497581031 ], [ 103.73921803791518, 1.468102468181562 ], [ 103.739658505855687, 1.468080884837485 ], [ 103.740094750739033, 1.46801595540527 ], [ 103.740522571259575, 1.467908305191157 ], [ 103.74093784724424, 1.467758970929087 ], [ 103.741336579333108, 1.46756939079629 ], [ 103.741714927496446, 1.467341390562553 ], [ 103.742069248017032, 1.46707716600669 ], [ 103.742396128581944, 1.466779261769631 ], [ 103.742692421145307, 1.466450546847405 ], [ 103.742955272246164, 1.466094186960748 ], [ 103.743182150488778, 1.465713614066716 ], [ 103.743370870921311, 1.465312493306528 ], [ 103.743519616077592, 1.464894687707556 ], [ 103.743626953479904, 1.464464220979705 ], [ 103.743691849433645, 1.464025238764386 ], [ 103.743713678981521, 1.463581968709256 ], [ 103.743692231921258, 1.463138679753354 ] ] ] } },
{ "type": "Feature", "properties": { "Final_Location_ID": "FLOC-0152", "Standardized_Location": "Masjid Kg. Kangkar Tebrau", "Frequency_Band": "1-3", "Zone_Source": "500M_EVIDENCE_SUPPORT_BUFFER" }, "geometry": { "type": "Polygon", "coordinates": [ [ [ 103.760702395281427, 1.533378661463296 ], [ 103.760637874218205, 1.532939621047669 ], [ 103.760530902956404, 1.532509059221745 ], [ 103.760382511715434, 1.532091122527129 ], [ 103.760194129609161, 1.531689835915495 ], [ 103.75996757088177, 1.531309063986384 ], [ 103.75970501743484, 1.530952473769376 ], [ 103.759408997813722, 1.530623499409077 ], [ 103.759082362855793, 1.530325309092935 ], [ 103.758728258235195, 1.530060774540523 ], [ 103.758350094168037, 1.529832443347841 ], [ 103.757951512570557, 1.529642514453285 ], [ 103.757536351985706, 1.529492816961163 ], [ 103.757108610616598, 1.529384792527112 ], [ 103.756672407822336, 1.529319481474603 ], [ 103.756231944447251, 1.529297512776454 ], [ 103.755791462365593, 1.529319097997878 ], [ 103.755355203630955, 1.529384029259076 ], [ 103.754927369624212, 1.529491681237458 ], [ 103.754512080592932, 1.52964101718974 ], [ 103.754113335972349, 1.529830598936205 ], [ 103.753734975869492, 1.530058600710872 ], [ 103.75338064408173, 1.530322826744275 ], [ 103.753053753005574, 1.530620732409423 ], [ 103.752757450774084, 1.530949448727431 ], [ 103.752494590938753, 1.531305809996752 ], [ 103.752267704988299, 1.531686384279959 ], [ 103.752078977968964, 1.532087506454597 ], [ 103.751930227440823, 1.532505313509691 ], [ 103.751822885973098, 1.532935781747992 ], [ 103.751757987346977, 1.533374765536026 ], [ 103.75173615659881, 1.533818037228267 ], [ 103.751757603999621, 1.534261327881396 ], [ 103.751822123028958, 1.534700368366334 ], [ 103.751929092362658, 1.535130930482255 ], [ 103.752077481855423, 1.535548867676412 ], [ 103.752265862460547, 1.535950154977934 ], [ 103.752492419991555, 1.53633092776078 ], [ 103.752754972592825, 1.536687518962564 ], [ 103.753050991751536, 1.537016494400829 ], [ 103.753377626648017, 1.537314685846684 ], [ 103.753731731610586, 1.53757922153718 ], [ 103.754109896409901, 1.537807553832525 ], [ 103.754508479101631, 1.537997483752001 ], [ 103.75492364110076, 1.538147182151885 ], [ 103.755351384149833, 1.538255207341668 ], [ 103.755787588825186, 1.538320518968828 ], [ 103.756228054210183, 1.538342488038445 ], [ 103.756668538353352, 1.538320902971092 ], [ 103.757104799121876, 1.538255971640596 ], [ 103.757532635056748, 1.538148319372195 ], [ 103.75794792583622, 1.537998982920362 ], [ 103.758346671957952, 1.53780940048401 ], [ 103.758725033257164, 1.537581397855604 ], [ 103.759079365890614, 1.537317170837432 ], [ 103.759406257429177, 1.537019264094321 ], [ 103.759702559722086, 1.536690546646591 ], [ 103.759965419215476, 1.536334184239205 ], [ 103.760192304433758, 1.53595360885332 ], [ 103.760381030358843, 1.535552485653771 ], [ 103.760529779472705, 1.535134677690927 ], [ 103.760637119260466, 1.534704208696876 ], [ 103.76070201600551, 1.534265224334201 ], [ 103.760723844743751, 1.533821952270471 ], [ 103.760702395281427, 1.533378661463296 ] ] ] } },
{ "type": "Feature", "properties": { "Final_Location_ID": "FLOC-0154", "Standardized_Location": "Pandan", "Frequency_Band": "1-3", "Zone_Source": "500M_EVIDENCE_SUPPORT_BUFFER" }, "geometry": { "type": "Polygon", "coordinates": [ [ [ 103.768419668041489, 1.521388340047291 ], [ 103.768355145269879, 1.5209492999261 ], [ 103.768248172578012, 1.520518738597811 ], [ 103.768099780198924, 1.520100802599297 ], [ 103.767911397257308, 1.519699516875559 ], [ 103.767684838005238, 1.519318746017679 ], [ 103.767422284349308, 1.518962157045017 ], [ 103.767126264836804, 1.518633184090294 ], [ 103.766799630304078, 1.51833499532752 ], [ 103.766445526421165, 1.518070462461384 ], [ 103.766067363397198, 1.517842133071726 ], [ 103.765668783138423, 1.517652206079637 ], [ 103.765253624175088, 1.517502510571225 ], [ 103.764825884694815, 1.517394488183029 ], [ 103.76438968403869, 1.517329179218844 ], [ 103.763949223030679, 1.517307212631423 ], [ 103.763508743522394, 1.517328799965584 ], [ 103.763072487542885, 1.517393733321228 ], [ 103.762644656446625, 1.517501387355535 ], [ 103.762229370453383, 1.51765072530535 ], [ 103.76183062896925, 1.517840308971651 ], [ 103.761452272071168, 1.518068312569899 ], [ 103.76109794352567, 1.518332540312951 ], [ 103.760771055698186, 1.518630447557302 ], [ 103.760474756690428, 1.518959165308739 ], [ 103.760211900022853, 1.519315527851828 ], [ 103.759985017153568, 1.519696103236773 ], [ 103.759796293099043, 1.520097226330479 ], [ 103.759647545390663, 1.520515034112997 ], [ 103.759540206570335, 1.520945502880067 ], [ 103.759475310393583, 1.521384486993076 ], [ 103.759453481872953, 1.521827758803343 ], [ 103.759474931257841, 1.522271049366443 ], [ 103.759539452008482, 1.522710089554182 ], [ 103.759646422783945, 1.523140651168593 ], [ 103.759794813424875, 1.52355858766187 ], [ 103.759983194873385, 1.523959874069944 ], [ 103.760209752934728, 1.524340645775472 ], [ 103.760472305748124, 1.524697235726482 ], [ 103.760768324798647, 1.525026209752698 ], [ 103.76109495926768, 1.525324399638902 ], [ 103.761449063487646, 1.525588933637251 ], [ 103.761827227236495, 1.525817264124375 ], [ 103.762225808580069, 1.526007192137012 ], [ 103.762640968946471, 1.526156888549858 ], [ 103.763068710094146, 1.526264911691601 ], [ 103.763504912617918, 1.526330221229453 ], [ 103.763945375622072, 1.52635218818869 ], [ 103.764385857178254, 1.526330601010144 ], [ 103.764822115178774, 1.526265667587958 ], [ 103.765249948191411, 1.526158013267517 ], [ 103.765665235922825, 1.526008674822937 ], [ 103.766063978900078, 1.525819090472301 ], [ 103.766442336988874, 1.525591086026421 ], [ 103.766796666376891, 1.525326857304987 ], [ 103.76712355466637, 1.525028948989152 ], [ 103.767419853737806, 1.524700230114282 ], [ 103.767682710068343, 1.524343866439009 ], [ 103.767909592212746, 1.523963289956571 ], [ 103.768098315182442, 1.523562165842315 ], [ 103.76824706148777, 1.523144357155384 ], [ 103.768354398640696, 1.522713887634771 ], [ 103.768419292949815, 1.522274902948072 ], [ 103.768441119474289, 1.521831630765997 ], [ 103.768419668041489, 1.521388340047291 ] ] ] } },
{ "type": "Feature", "properties": { "Final_Location_ID": "FLOC-0155", "Standardized_Location": "Perling / Taman Perling", "Frequency_Band": "1-3", "Zone_Source": "500M_EVIDENCE_SUPPORT_BUFFER" }, "geometry": { "type": "Polygon", "coordinates": [ [ [ 103.687666279473063, 1.48728081922955 ], [ 103.687601775248524, 1.486841779976293 ], [ 103.6874948217731, 1.48641121778765 ], [ 103.6873464490955, 1.48599327920954 ], [ 103.687158086151697, 1.485591989212374 ], [ 103.686931547002303, 1.485211212428675 ], [ 103.686669013361453, 1.484854615934887 ], [ 103.686373013584941, 1.48452563393594 ], [ 103.686046398320244, 1.484227434692455 ], [ 103.685692313052982, 1.483962890009342 ], [ 103.68531416781407, 1.483734547579363 ], [ 103.684915604339409, 1.483544606448041 ], [ 103.684500460998279, 1.483394895836456 ], [ 103.684072735828408, 1.483286857525276 ], [ 103.683636548033391, 1.483221531970332 ], [ 103.68319609831336, 1.483199548282793 ], [ 103.682755628411059, 1.483221118170974 ], [ 103.682319380262584, 1.483286033901605 ], [ 103.681891555146422, 1.483393670300659 ], [ 103.681476273223851, 1.483542990774023 ], [ 103.681077533860844, 1.483732557290481 ], [ 103.680699177112785, 1.48396054423033 ], [ 103.680344846743594, 1.484224755966867 ], [ 103.680017955134971, 1.484522648010909 ], [ 103.679721650423915, 1.484851351515145 ], [ 103.679458786184583, 1.485207700902074 ], [ 103.679231893947019, 1.485588264349528 ], [ 103.679043158816967, 1.48598937684044 ], [ 103.678894398431737, 1.486407175458201 ], [ 103.678787045454825, 1.486837636588173 ], [ 103.67872213377774, 1.487276614666561 ], [ 103.678700288562325, 1.487719882104167 ], [ 103.67872172021886, 1.488163169999897 ], [ 103.678786222378761, 1.4886022092524 ], [ 103.678893173880752, 1.48903277167368 ], [ 103.679041544751911, 1.489450710708904 ], [ 103.679229906125741, 1.489852001370107 ], [ 103.679456444001914, 1.490232778999228 ], [ 103.679718976715264, 1.49058937648733 ], [ 103.68001497594561, 1.490918359591282 ], [ 103.68034159106648, 1.491216560008005 ], [ 103.680695676597779, 1.491481105887461 ], [ 103.681073822498433, 1.491709449490987 ], [ 103.681472387007133, 1.491899391727903 ], [ 103.681887531714864, 1.492049103334668 ], [ 103.682315258531347, 1.492157142492344 ], [ 103.68275144818972, 1.49222246871259 ], [ 103.68319189991827, 1.492244452858651 ], [ 103.683632371897033, 1.492222883204632 ], [ 103.684068622110132, 1.492157967474763 ], [ 103.684496449199756, 1.492050330843078 ], [ 103.684911732928711, 1.491901009912566 ], [ 103.685310473861719, 1.491711442732083 ], [ 103.685688831882999, 1.491483454946822 ], [ 103.68604316317969, 1.491219242215968 ], [ 103.686370055334464, 1.490921349066908 ], [ 103.686666360189349, 1.490592644389436 ], [ 103.686929224164643, 1.49023629380614 ], [ 103.687156115740464, 1.489855729185158 ], [ 103.687344849836464, 1.489454615588667 ], [ 103.687493608855121, 1.48903681597571 ], [ 103.687600960185421, 1.488606353999278 ], [ 103.687665869999137, 1.488167375255578 ], [ 103.68768771320606, 1.487724107359431 ], [ 103.687666279473063, 1.48728081922955 ] ] ] } },
{ "type": "Feature", "properties": { "Final_Location_ID": "FLOC-0156", "Standardized_Location": "Persiaran Abu Bakar Sultan", "Frequency_Band": "1-3", "Zone_Source": "500M_EVIDENCE_SUPPORT_BUFFER" }, "geometry": { "type": "Polygon", "coordinates": [ [ [ 103.723475176791538, 1.48386123368044 ], [ 103.723410664323069, 1.483422194415923 ], [ 103.723303702709984, 1.482991633037876 ], [ 103.723155322078995, 1.482573696084214 ], [ 103.722966951442075, 1.482172408509646 ], [ 103.722740404933475, 1.481791634923303 ], [ 103.722477864337691, 1.481435042371007 ], [ 103.72218185807705, 1.481106065019843 ], [ 103.721855236861074, 1.480807871086032 ], [ 103.721501146232384, 1.480543332323616 ], [ 103.721122996273209, 1.480314996368745 ], [ 103.720724428764782, 1.480125062205106 ], [ 103.720309282115153, 1.479975358987055 ], [ 103.719881554393936, 1.479867328424626 ], [ 103.719445364829397, 1.479802010899465 ], [ 103.719004914138964, 1.479780035445864 ], [ 103.718564444075, 1.479801613693204 ], [ 103.71812819657552, 1.479866537828116 ], [ 103.7177003729132, 1.47997418259586 ], [ 103.717285093235844, 1.480123511321983 ], [ 103.716886356888224, 1.480313085895782 ], [ 103.716508003897204, 1.480541080620031 ], [ 103.716153677991016, 1.480805299792914 ], [ 103.715826791508889, 1.481103198853491 ], [ 103.715530492538761, 1.481431908886585 ], [ 103.715267634599911, 1.48178826425146 ], [ 103.715040749161915, 1.482168833067978 ], [ 103.71485202126523, 1.482569950266918 ], [ 103.714703268477592, 1.482987752885886 ], [ 103.71459592338924, 1.483418217271155 ], [ 103.714531019815695, 1.483857197827177 ], [ 103.714509182840445, 1.484300466940415 ], [ 103.714530622794172, 1.484743755693212 ], [ 103.714595133227974, 1.485182794975643 ], [ 103.714702092900495, 1.485613356599158 ], [ 103.714850471759632, 1.486031294016415 ], [ 103.715038840861467, 1.486432582254926 ], [ 103.715265386130753, 1.486813356679987 ], [ 103.715527925830614, 1.487169950213604 ], [ 103.715823931573169, 1.48749892865091 ], [ 103.716150552668779, 1.487797123734043 ], [ 103.716504643579512, 1.48806166366469 ], [ 103.716882794212182, 1.488290000761857 ], [ 103.717281362759806, 1.488479935997993 ], [ 103.717696510774289, 1.488629640177427 ], [ 103.718124240133648, 1.488737671553277 ], [ 103.718560431546621, 1.488802989712606 ], [ 103.719000884224755, 1.488824965596738 ], [ 103.719441356339317, 1.488803387559755 ], [ 103.719877605873435, 1.488738463406935 ], [ 103.720305431476305, 1.488630818393715 ], [ 103.720720712925541, 1.488481489204012 ], [ 103.721119450808246, 1.488291913966278 ], [ 103.721497805038581, 1.488063918403287 ], [ 103.721852131840677, 1.487799698249102 ], [ 103.72217901884089, 1.487501798102354 ], [ 103.722475317931384, 1.487173086919983 ], [ 103.722738175588233, 1.486816730386871 ], [ 103.722965060352678, 1.486436160428021 ], [ 103.723153787210194, 1.486035042156625 ], [ 103.72330253863295, 1.485617238576232 ], [ 103.72340988208316, 1.485186773377536 ], [ 103.723474783808285, 1.484747792187353 ], [ 103.723496618795835, 1.484304522643608 ], [ 103.723475176791538, 1.48386123368044 ] ] ] } },
{ "type": "Feature", "properties": { "Final_Location_ID": "FLOC-0157", "Standardized_Location": "Puteri Harbour Iskandar Puteri", "Frequency_Band": "1-3", "Zone_Source": "500M_EVIDENCE_SUPPORT_BUFFER" }, "geometry": { "type": "Polygon", "coordinates": [ [ [ 103.665242104261523, 1.413632842852118 ], [ 103.665177604604025, 1.413193806202492 ], [ 103.665135073065429, 1.413022578155524 ], [ 103.662194911514845, 1.410215262089514 ], [ 103.662194888162063, 1.410215233134936 ], [ 103.661840552880591, 1.40968734819758 ], [ 103.661648721041345, 1.409638891225463 ], [ 103.66121255081471, 1.40957356412672 ], [ 103.660772118639969, 1.409551578587585 ], [ 103.660331666091608, 1.409573146333301 ], [ 103.659895434939131, 1.409638059650422 ], [ 103.659467626297712, 1.409745693387292 ], [ 103.659052360170122, 1.409895010974728 ], [ 103.65865363577015, 1.410084574408604 ], [ 103.658275293008799, 1.410312558098377 ], [ 103.657920975514841, 1.41057676644828 ], [ 103.657594095545363, 1.410874655001492 ], [ 103.657297801124443, 1.411203354944259 ], [ 103.657034945726195, 1.411559700733453 ], [ 103.65680806079456, 1.411940260581876 ], [ 103.656619331363842, 1.412341369507544 ], [ 103.656470575015376, 1.412759164628739 ], [ 103.656363224372768, 1.413189622365155 ], [ 103.656298313304092, 1.413628597186524 ], [ 103.656276466964414, 1.414071861535805 ], [ 103.656297895774216, 1.414515146542517 ], [ 103.656362393391703, 1.414954183134007 ], [ 103.65646933869904, 1.415384743148718 ], [ 103.656617701782821, 1.415802680055773 ], [ 103.656806053851554, 1.416203968888334 ], [ 103.657032580994851, 1.416584745006521 ], [ 103.6572951016513, 1.4169413413163 ], [ 103.657591087617561, 1.41727032358616 ], [ 103.657917688395628, 1.417568523521063 ], [ 103.658271758644489, 1.41783306927559 ], [ 103.65864988847126, 1.418061413111924 ], [ 103.65904843627051, 1.418251355936741 ], [ 103.659463563795143, 1.418401068480294 ], [ 103.659891273121474, 1.418509108913907 ], [ 103.660327445152035, 1.418574436736203 ], [ 103.6607678792857, 1.418596422794142 ], [ 103.661208333872707, 1.418574855342554 ], [ 103.661644567065181, 1.418509942083582 ], [ 103.662072377669588, 1.418402308166636 ], [ 103.662487645607698, 1.418252990167839 ], [ 103.662886371596144, 1.418063426107114 ], [ 103.663264715662905, 1.417835441599074 ], [ 103.663619034129013, 1.417571232270993 ], [ 103.663945914700037, 1.417273342617226 ], [ 103.664242209328805, 1.416944641493832 ], [ 103.664505064533145, 1.416588294489298 ], [ 103.664731948876621, 1.416207733437562 ], [ 103.664920677347553, 1.415806623366845 ], [ 103.66506943240141, 1.415388827202839 ], [ 103.665176781464453, 1.414958368565942 ], [ 103.665241690729189, 1.414519393021044 ], [ 103.665263535109943, 1.414076128152961 ], [ 103.665242104261523, 1.413632842852118 ] ] ] } },
{ "type": "Feature", "properties": { "Final_Location_ID": "FLOC-0161", "Standardized_Location": "Sekolah Agama Bandar Johor Bahru", "Frequency_Band": "1-3", "Zone_Source": "500M_EVIDENCE_SUPPORT_BUFFER" }, "geometry": { "type": "Polygon", "coordinates": [ [ [ 103.755602243194346, 1.467428653685515 ], [ 103.75553772342721, 1.466989614818849 ], [ 103.755430754909483, 1.466559054603598 ], [ 103.755282367833829, 1.466141119566399 ], [ 103.755093991273853, 1.465739834643508 ], [ 103.754867439420366, 1.46535906441868 ], [ 103.754604894108923, 1.465002475905452 ], [ 103.754308883806942, 1.464673503232316 ], [ 103.753982259262571, 1.464375314570653 ], [ 103.753628166050305, 1.464110781624106 ], [ 103.753250014277214, 1.463882451973173 ], [ 103.752851445741967, 1.463692524541166 ], [ 103.752436298862634, 1.463542828418071 ], [ 103.752008571711272, 1.463434805245883 ], [ 103.751572383510918, 1.463369495335447 ], [ 103.751131934966239, 1.463347527648036 ], [ 103.750691467809375, 1.463369113738501 ], [ 103.750255223950816, 1.463434045718097 ], [ 103.749827404628647, 1.463541698256702 ], [ 103.749412129949405, 1.463691034605018 ], [ 103.749013399210199, 1.463880616578992 ], [ 103.748635052384344, 1.464108618409956 ], [ 103.748280733141129, 1.464372844327562 ], [ 103.747953853755902, 1.464670749705618 ], [ 103.747657562248605, 1.464999465567871 ], [ 103.747394712066736, 1.465355826217068 ], [ 103.747167834605335, 1.465736399721888 ], [ 103.746979114827965, 1.466137520967526 ], [ 103.746830370224075, 1.46655532695226 ], [ 103.746723033304903, 1.466985793989563 ], [ 103.746658137806946, 1.467424776458027 ], [ 103.746636308735589, 1.467868046725354 ], [ 103.746657756344973, 1.468311335862582 ], [ 103.746722274111988, 1.468750374755823 ], [ 103.746829240724153, 1.469180935220207 ], [ 103.746977626062034, 1.469598870719456 ], [ 103.747166001118828, 1.470000156299618 ], [ 103.747392551761479, 1.470380927351647 ], [ 103.747655096200958, 1.470737516830229 ], [ 103.74795110600337, 1.47106649056976 ], [ 103.748277730439739, 1.471364680357899 ], [ 103.74863182393976, 1.471629214447693 ], [ 103.749009976385267, 1.471857545214728 ], [ 103.749408545951781, 1.472047473692787 ], [ 103.749823694181558, 1.472197170751685 ], [ 103.750251422950697, 1.472305194713473 ], [ 103.750687612973948, 1.472370505236968 ], [ 103.751128063476614, 1.472392473337311 ], [ 103.751568532651305, 1.472370887443806 ], [ 103.752004778509999, 1.472305955437609 ], [ 103.752432599737716, 1.472198302649907 ], [ 103.752847876154732, 1.47204896583952 ], [ 103.753246608397134, 1.471859383208289 ], [ 103.753624956433825, 1.471631380550114 ], [ 103.753979276548989, 1.471367153667165 ], [ 103.754306156433771, 1.471069247222699 ], [ 103.75460244804907, 1.470740530233988 ], [ 103.754865297943198, 1.470384168441541 ], [ 103.755092174732184, 1.470003593820618 ], [ 103.755280893478286, 1.46960247152893 ], [ 103.755429636731733, 1.469184664608397 ], [ 103.755536972033141, 1.468754196781465 ], [ 103.755601865708186, 1.468315213699966 ], [ 103.755623692821558, 1.467871943019696 ], [ 103.755602243194346, 1.467428653685515 ] ] ] } },
{ "type": "Feature", "properties": { "Final_Location_ID": "FLOC-0162", "Standardized_Location": "Sekolah Kebangsaan Kangkar Tebrau", "Frequency_Band": "1-3", "Zone_Source": "500M_EVIDENCE_SUPPORT_BUFFER" }, "geometry": { "type": "Polygon", "coordinates": [ [ [ 103.759972391956182, 1.531968662790703 ], [ 103.759907871066986, 1.531529622401967 ], [ 103.759800900009438, 1.531099060589988 ], [ 103.759652509000986, 1.530681123896228 ], [ 103.759464127153279, 1.530279837272346 ], [ 103.759237568708016, 1.529899065318058 ], [ 103.758975015564047, 1.529542475063153 ], [ 103.758678996263839, 1.529213500652612 ], [ 103.758352361641712, 1.528915310274408 ], [ 103.75799825736857, 1.528650775648665 ], [ 103.757620093657209, 1.528422444372088 ], [ 103.757221512420443, 1.528232515383853 ], [ 103.756806352197827, 1.528082817789198 ], [ 103.75637861118895, 1.527974793244704 ], [ 103.755942408749476, 1.527909482074871 ], [ 103.755501945720354, 1.527887513253664 ], [ 103.755061463972481, 1.527909098347412 ], [ 103.75462520555628, 1.527974029477576 ], [ 103.754197371849514, 1.528081681322788 ], [ 103.753782083096922, 1.528231017141037 ], [ 103.753383338731012, 1.528420598753853 ], [ 103.753004978856367, 1.528648600396573 ], [ 103.752650647268112, 1.528912826300972 ], [ 103.752323756360866, 1.529210731841309 ], [ 103.752027454265999, 1.529539448039896 ], [ 103.751764594533711, 1.529895809196331 ], [ 103.751537708651682, 1.530276383374309 ], [ 103.751348981665487, 1.530677505452375 ], [ 103.751200231134817, 1.531095312420507 ], [ 103.75109288962895, 1.531525780582314 ], [ 103.751027990929387, 1.531964764305084 ], [ 103.751006160073217, 1.53240803594393 ], [ 103.751027607332432, 1.532851326556065 ], [ 103.751092126187999, 1.533290367012839 ], [ 103.751199095317375, 1.533720929113694 ], [ 103.751347484577238, 1.534138866306039 ], [ 103.75153586492317, 1.534540153619087 ], [ 103.75176242217114, 1.53492092642665 ], [ 103.752024974468327, 1.535277517666102 ], [ 103.752320993304807, 1.53560649315467 ], [ 103.752647627864064, 1.535904684662937 ], [ 103.753001732477657, 1.536169220427366 ], [ 103.753379896919625, 1.536397552807444 ], [ 103.753778479249149, 1.536587482821638 ], [ 103.754193640884665, 1.53673718132527 ], [ 103.754621383572271, 1.53684520662682 ], [ 103.755057587891784, 1.536910518372683 ], [ 103.755498052930037, 1.536932487566786 ], [ 103.755938536738881, 1.536910902628455 ], [ 103.756374797188755, 1.536845971430261 ], [ 103.756802632823678, 1.53673831929618 ], [ 103.757217923324845, 1.536588982979333 ], [ 103.757616669192529, 1.536399400677313 ], [ 103.757995030264468, 1.536171398181357 ], [ 103.758349362699505, 1.535907171292385 ], [ 103.75867625407048, 1.535609264674033 ], [ 103.758972556228201, 1.535280547345373 ], [ 103.759235415620083, 1.534924185050285 ], [ 103.75946230077146, 1.534543609768799 ], [ 103.759651026664912, 1.534142486664768 ], [ 103.759799775782682, 1.533724678787665 ], [ 103.759907115609835, 1.533294209868809 ], [ 103.759972012429344, 1.53285522556999 ], [ 103.759993841276398, 1.532411953558251 ], [ 103.759972391956182, 1.531968662790703 ] ] ] } },
{ "type": "Feature", "properties": { "Final_Location_ID": "FLOC-0165", "Standardized_Location": "SK Bukit Mutiara", "Frequency_Band": "1-3", "Zone_Source": "500M_EVIDENCE_SUPPORT_BUFFER" }, "geometry": { "type": "Polygon", "coordinates": [ [ [ 103.745847618541873, 1.540414663527298 ], [ 103.74578310086585, 1.539975622890368 ], [ 103.745676132810601, 1.539545060489251 ], [ 103.745527744564868, 1.5391271228711 ], [ 103.745339365213908, 1.538725834996446 ], [ 103.745112808975591, 1.538345061476967 ], [ 103.744850257727691, 1.537988469357478 ], [ 103.744554239994571, 1.537659492800848 ], [ 103.744227606595544, 1.537361300015523 ], [ 103.743873503189803, 1.537096762744676 ], [ 103.743495339981848, 1.536868428610343 ], [ 103.743096758879588, 1.536678496579083 ], [ 103.7426815984212, 1.536528795785219 ], [ 103.742253856808475, 1.536420767916041 ], [ 103.741817653402734, 1.536355453327895 ], [ 103.741377189054077, 1.536333481027548 ], [ 103.740936705645865, 1.536355062614735 ], [ 103.740500445244294, 1.536419990244597 ], [ 103.740072609246056, 1.536527638629444 ], [ 103.73965731791769, 1.536676971060584 ], [ 103.739258570716302, 1.536866549392204 ], [ 103.738880207773605, 1.53709454789125 ], [ 103.738525872914039, 1.53735877081987 ], [ 103.738198978563631, 1.537656673581086 ], [ 103.73790267288679, 1.537985387224083 ], [ 103.737639809468121, 1.538341746073274 ], [ 103.737412919830831, 1.538722318214693 ], [ 103.737224189056647, 1.539123438546668 ], [ 103.737075434741826, 1.539541244076133 ], [ 103.736968089492152, 1.539971711120759 ], [ 103.736903187125378, 1.54041069405869 ], [ 103.736881352714065, 1.540853965252738 ], [ 103.736902796564678, 1.541297255764503 ], [ 103.736967312191169, 1.541736296466382 ], [ 103.737074278302387, 1.542166859155496 ], [ 103.737222664784269, 1.542584797273605 ], [ 103.737411042619343, 1.542986085840944 ], [ 103.737637597648032, 1.543366860219267 ], [ 103.737900148039003, 1.543723453330714 ], [ 103.738196165300877, 1.544052430974336 ], [ 103.738522798632403, 1.544350624899882 ], [ 103.738876902377001, 1.544615163320356 ], [ 103.739255066317156, 1.544843498569567 ], [ 103.739653648516793, 1.545033431638103 ], [ 103.74006881039557, 1.545183133351746 ], [ 103.740496553697142, 1.545291161987933 ], [ 103.740932758995257, 1.545356477160775 ], [ 103.741373225367127, 1.545378449841072 ], [ 103.741813710851602, 1.545356868414457 ], [ 103.742249973302705, 1.545291940719638 ], [ 103.742677811245002, 1.545184292046789 ], [ 103.743093104337206, 1.545034959115709 ], [ 103.743491853054451, 1.544845380091393 ], [ 103.743870217206791, 1.544617380733515 ], [ 103.744224552923271, 1.544353156812931 ], [ 103.744551447744939, 1.544055252964741 ], [ 103.744847753489267, 1.543726538181515 ], [ 103.745110616569093, 1.543370178182693 ], [ 103.745337505474183, 1.542989604926396 ], [ 103.745526235151004, 1.542588483557155 ], [ 103.745674988045423, 1.542170677107881 ], [ 103.74578233160625, 1.541740209296256 ], [ 103.745847232080621, 1.541301225773642 ], [ 103.745869064468749, 1.540857954199659 ], [ 103.745847618541873, 1.540414663527298 ] ] ] } },
{ "type": "Feature", "properties": { "Final_Location_ID": "FLOC-0166", "Standardized_Location": "SK Kampung Maju Jaya", "Frequency_Band": "1-3", "Zone_Source": "500M_EVIDENCE_SUPPORT_BUFFER" }, "geometry": { "type": "Polygon", "coordinates": [ [ [ 103.72274770732507, 1.58004746498163 ], [ 103.722683194848486, 1.579608423363934 ], [ 103.722576231056905, 1.579177859351988 ], [ 103.722427846098583, 1.578759919508232 ], [ 103.7222394690275, 1.578358628814441 ], [ 103.722012914039965, 1.577977851909142 ], [ 103.721750363001931, 1.577621255869493 ], [ 103.721454344435827, 1.577292274895776 ], [ 103.721127709169025, 1.576994077238733 ], [ 103.720773602878538, 1.576729534688164 ], [ 103.720395435796419, 1.576501194916715 ], [ 103.719996849867513, 1.576311256944979 ], [ 103.71958168367604, 1.57616154996435 ], [ 103.71915393547846, 1.576053515721549 ], [ 103.718717724698877, 1.575988194634275 ], [ 103.71827725225782, 1.575966215771809 ], [ 103.717836760115944, 1.575987790797161 ], [ 103.717400490422932, 1.576052711928795 ], [ 103.716972644664352, 1.576160353941717 ], [ 103.716557343200222, 1.576309680188782 ], [ 103.716158585584836, 1.576499252583996 ], [ 103.715780212049779, 1.576727245451735 ], [ 103.715425866521386, 1.576991463108673 ], [ 103.715098961528213, 1.577289361008881 ], [ 103.714802645337215, 1.577618070248685 ], [ 103.714539771634364, 1.57797442519512 ], [ 103.714312872042186, 1.578354993972093 ], [ 103.7141241317386, 1.578756111510553 ], [ 103.713975368412136, 1.579173914844497 ], [ 103.713868014755903, 1.579604380312873 ], [ 103.713803104669196, 1.580043362309074 ], [ 103.713781263299524, 1.580486633204999 ], [ 103.713802701021024, 1.580929924065076 ], [ 103.713867211407319, 1.581368965758239 ], [ 103.71397417321829, 1.58179953007191 ], [ 103.71412255638181, 1.582217470432024 ], [ 103.714310931912834, 1.582618761836999 ], [ 103.714537485674285, 1.58299953962094 ], [ 103.714800035847318, 1.583356136672933 ], [ 103.71509605394273, 1.583685118753814 ], [ 103.715422689151225, 1.583983317570265 ], [ 103.715776795798064, 1.584247861287942 ], [ 103.716154963637493, 1.584476202189355 ], [ 103.716553550695551, 1.584666141210484 ], [ 103.716968718344617, 1.584815849119586 ], [ 103.717396468272256, 1.5849238841343 ], [ 103.717832680987826, 1.584989205807241 ], [ 103.718273155496448, 1.585011185046602 ], [ 103.718713649757959, 1.584989610174924 ], [ 103.719149921541273, 1.584924688967824 ], [ 103.719577769280477, 1.584817046653182 ], [ 103.71999307253941, 1.584667719889747 ], [ 103.72039183169484, 1.584478146783363 ], [ 103.720770206455967, 1.584250153036979 ], [ 103.721124552849389, 1.583985934367697 ], [ 103.721451458313254, 1.583688035360322 ], [ 103.721747774562559, 1.583359324961113 ], [ 103.722010647909045, 1.583002968847576 ], [ 103.722237546743912, 1.582622398940636 ], [ 103.72242628591836, 1.58222128035279 ], [ 103.722575047787217, 1.581803476090356 ], [ 103.722682399713406, 1.581373009850071 ], [ 103.722747307864111, 1.580934027268203 ], [ 103.722769147166233, 1.580490755995382 ], [ 103.72274770732507, 1.58004746498163 ] ] ] } },
{ "type": "Feature", "properties": { "Final_Location_ID": "FLOC-0167", "Standardized_Location": "SK Sungai Tiram", "Frequency_Band": "1-3", "Zone_Source": "500M_EVIDENCE_SUPPORT_BUFFER" }, "geometry": { "type": "Polygon", "coordinates": [ [ [ 103.884244341669984, 1.584718680071746 ], [ 103.884179792037571, 1.5842796403039 ], [ 103.884072791355464, 1.583849081776369 ], [ 103.883924370125158, 1.583431150997803 ], [ 103.883735957747817, 1.583029872862098 ], [ 103.883509368757487, 1.582649111886709 ], [ 103.883246785345349, 1.582292534995661 ], [ 103.88295073634346, 1.581963576205615 ], [ 103.882624072870343, 1.581665403554829 ], [ 103.882269940872931, 1.581400888593803 ], [ 103.881891750829467, 1.581172578731286 ], [ 103.881493144904908, 1.580982672701912 ], [ 103.881077961875448, 1.580832999391703 ], [ 103.880650200159508, 1.580725000225374 ], [ 103.880213979311691, 1.580659715285092 ], [ 103.879773500350169, 1.580637773294244 ], [ 103.879333005299529, 1.580659385562681 ], [ 103.878896736338916, 1.580724343951918 ], [ 103.878468894948625, 1.580832022879527 ], [ 103.87805360144867, 1.580981385343908 ], [ 103.877654855318767, 1.5811709929108 ], [ 103.8772764966822, 1.581399019566027 ], [ 103.87692216932399, 1.581663269300518 ], [ 103.876595285599919, 1.581961197258689 ], [ 103.876298993574039, 1.58228993424625 ], [ 103.876036146701352, 1.582646314361455 ], [ 103.87580927634734, 1.583026905483999 ], [ 103.875620567409399, 1.583428042327574 ], [ 103.87547183727456, 1.583845861738007 ], [ 103.875364518316474, 1.584276339897169 ], [ 103.875299644099982, 1.584715331073921 ], [ 103.875277839426445, 1.585158607549596 ], [ 103.875299314315498, 1.585601900332888 ], [ 103.875363861981299, 1.586040940272513 ], [ 103.875470860822958, 1.58647149917138 ], [ 103.875619280409722, 1.586889430506571 ], [ 103.875807691403566, 1.587290709362851 ], [ 103.876034279323633, 1.587671471195021 ], [ 103.876296862019856, 1.588028049046134 ], [ 103.876592910687705, 1.588357008862658 ], [ 103.876919574221489, 1.588655182566896 ], [ 103.8772737066719, 1.588919698567805 ], [ 103.877651897543359, 1.58914800941673 ], [ 103.878050504639063, 1.589337916341123 ], [ 103.878465689137798, 1.589487590420555 ], [ 103.878893452564682, 1.589595590200731 ], [ 103.87932967529936, 1.589660875575935 ], [ 103.879770156251169, 1.589682817806061 ], [ 103.880210653319011, 1.589661205572017 ], [ 103.880646924246236, 1.589596247011034 ], [ 103.88107476747696, 1.589488567712065 ], [ 103.881490062620486, 1.589339204691053 ], [ 103.881888810133859, 1.589149596403606 ], [ 103.882267169840702, 1.588921568891605 ], [ 103.882621497914826, 1.588657318197036 ], [ 103.882948381972938, 1.588359389212371 ], [ 103.883244673938151, 1.588030651171393 ], [ 103.883507520357824, 1.587674270016279 ], [ 103.883734389883855, 1.58729367790734 ], [ 103.883923097650651, 1.586892540168753 ], [ 103.884071826316216, 1.586474719989078 ], [ 103.884179143563358, 1.586044241216083 ], [ 103.884244015892975, 1.585605249604403 ], [ 103.884265818576239, 1.585161972889463 ], [ 103.884244341669984, 1.584718680071746 ] ] ] } },
{ "type": "Feature", "properties": { "Final_Location_ID": "FLOC-0168", "Standardized_Location": "SK Taman Tampoi Utama", "Frequency_Band": "1-3", "Zone_Source": "500M_EVIDENCE_SUPPORT_BUFFER" }, "geometry": { "type": "Polygon", "coordinates": [ [ [ 103.684644908253503, 1.515602470766646 ], [ 103.68458040482443, 1.515163430698652 ], [ 103.684473451501034, 1.514732867536326 ], [ 103.684325078330829, 1.514314927834734 ], [ 103.68413671425462, 1.513913636574886 ], [ 103.683910173344003, 1.513532858401276 ], [ 103.683647637330054, 1.513176260403571 ], [ 103.683351634591304, 1.512847276801007 ], [ 103.683025015803636, 1.512549075869561 ], [ 103.682670926486324, 1.512284529430342 ], [ 103.682292776709033, 1.512056185192969 ], [ 103.681894208250981, 1.511866242220409 ], [ 103.68147905952911, 1.511716529751512 ], [ 103.681051328632591, 1.511608489584963 ], [ 103.680615134819703, 1.51154316219458 ], [ 103.680174678848218, 1.511521176709364 ], [ 103.679734202520706, 1.511542744855152 ], [ 103.679297947834826, 1.511607658915679 ], [ 103.678870116131719, 1.511715293733192 ], [ 103.678454827635974, 1.511864612729061 ], [ 103.678056081776646, 1.512054177886484 ], [ 103.677677718671632, 1.512282163599079 ], [ 103.677323382146142, 1.512546374252087 ], [ 103.676996484641251, 1.512844265366972 ], [ 103.67670017435087, 1.513172968105438 ], [ 103.676437304903132, 1.51352931689741 ], [ 103.676210407878543, 1.513909879926516 ], [ 103.676021668429314, 1.514310992179688 ], [ 103.675872904234694, 1.514728790742574 ], [ 103.675765547995226, 1.515159252000882 ], [ 103.675700633634293, 1.515598230389534 ], [ 103.675678786339915, 1.516041498316128 ], [ 103.675700216542808, 1.516484786874682 ], [ 103.675764717888669, 1.516923826957243 ], [ 103.67587166922435, 1.517354390367619 ], [ 103.67602004057872, 1.517772330541218 ], [ 103.676208403080778, 1.518173622478875 ], [ 103.676434942719368, 1.518554401510076 ], [ 103.676697477812354, 1.518911000512177 ], [ 103.676993480016563, 1.519239985227341 ], [ 103.67732009867666, 1.519538187336832 ], [ 103.677674188278274, 1.519802734974307 ], [ 103.678052338740827, 1.520031080384068 ], [ 103.678450908258739, 1.520221024458074 ], [ 103.678866058374354, 1.520370737915184 ], [ 103.679293790944982, 1.520478778918738 ], [ 103.679729986647914, 1.520544106962724 ], [ 103.680170444652845, 1.520566092893012 ], [ 103.680610923079001, 1.520544524966718 ], [ 103.681047179848079, 1.520479610891624 ], [ 103.6814750135389, 1.520371975826075 ], [ 103.68189030385048, 1.520222656358192 ], [ 103.682289051283988, 1.520033090522934 ], [ 103.682667415660987, 1.519805103952789 ], [ 103.683021753107468, 1.519540892295354 ], [ 103.6833486511469, 1.519243000067888 ], [ 103.683644961564852, 1.518914296151368 ], [ 103.683907830728273, 1.51855794616114 ], [ 103.684134727067601, 1.518177381959648 ], [ 103.68432346545697, 1.517776268605026 ], [ 103.684472228257846, 1.517358469053939 ], [ 103.684579582823233, 1.516928006958628 ], [ 103.68464449529408, 1.516489027916387 ], [ 103.684666340555026, 1.516045759544682 ], [ 103.684644908253503, 1.515602470766646 ] ] ] } },
{ "type": "Feature", "properties": { "Final_Location_ID": "FLOC-0169", "Standardized_Location": "Sungai Tiram PPS catchment", "Frequency_Band": "1-3", "Zone_Source": "500M_EVIDENCE_SUPPORT_BUFFER" }, "geometry": { "type": "Polygon", "coordinates": [ [ [ 103.88510401122366, 1.583955782595097 ], [ 103.885039461412745, 1.58351674284972 ], [ 103.884932460571136, 1.583086184364553 ], [ 103.884784039201833, 1.582668253647817 ], [ 103.884595626707352, 1.582266975592767 ], [ 103.884369037622818, 1.58188621471614 ], [ 103.884106454140323, 1.581529637941034 ], [ 103.883810405092603, 1.581200679282961 ], [ 103.883483741598639, 1.580902506778893 ], [ 103.883129609605518, 1.580637991977972 ], [ 103.882751419591457, 1.580409682287438 ], [ 103.882352813721155, 1.580219776440208 ], [ 103.881937630770238, 1.580070103320613 ], [ 103.881509869156446, 1.579962104351531 ], [ 103.881073648433386, 1.579896819613194 ], [ 103.880633169618037, 1.579874877827103 ], [ 103.880192674733578, 1.579896490301104 ], [ 103.879756405957608, 1.579961448894775 ], [ 103.879328564768642, 1.580069128023688 ], [ 103.878913271484748, 1.580218490684302 ], [ 103.878514525583597, 1.580408098440484 ], [ 103.878136167186298, 1.580636125276209 ], [ 103.877781840075542, 1.580900375180673 ], [ 103.877454956604751, 1.581198303296661 ], [ 103.877158664835576, 1.581527040428321 ], [ 103.87689581822049, 1.581883420672528 ], [ 103.876668948122528, 1.582264011907726 ], [ 103.876480239436617, 1.582665148846509 ], [ 103.876331509547342, 1.583082968333805 ], [ 103.87622419082598, 1.583513446550688 ], [ 103.876159316835086, 1.583952437765474 ], [ 103.876137512373816, 1.584395714259139 ], [ 103.876158987459746, 1.584839007040189 ], [ 103.876223535305186, 1.585278046957372 ], [ 103.876330534307414, 1.585708605813795 ], [ 103.876478954034155, 1.586126537086967 ], [ 103.87666736514602, 1.586527815862216 ], [ 103.876893953161002, 1.586908577595176 ], [ 103.877156535928108, 1.587265155329833 ], [ 103.877452584642114, 1.587594115013794 ], [ 103.877779248196873, 1.587892288570638 ], [ 103.878133380642922, 1.588156804410779 ], [ 103.878511571484665, 1.588385115087084 ], [ 103.878910178525587, 1.588575021828688 ], [ 103.879325362945053, 1.588724695716936 ], [ 103.879753126268952, 1.588832695299405 ], [ 103.880189348877892, 1.588897980472251 ], [ 103.880629829682462, 1.58891992249732 ], [ 103.881070326583014, 1.588898310057556 ], [ 103.881506597324488, 1.588833351292108 ], [ 103.881934440352836, 1.588725671791924 ], [ 103.882349735279291, 1.588576308574882 ], [ 103.882748482563045, 1.588386700098489 ], [ 103.88312684202991, 1.588158672406433 ], [ 103.88348116985604, 1.587894421542418 ], [ 103.88380805366053, 1.587596492400551 ], [ 103.884104345368954, 1.587267754216119 ], [ 103.884367191531098, 1.586911372932664 ], [ 103.884594060801376, 1.586530780711703 ], [ 103.884782768316668, 1.586129642878548 ], [ 103.88493149673738, 1.58571182262261 ], [ 103.88503881374865, 1.585281343792364 ], [ 103.885103685853665, 1.584842352143039 ], [ 103.885125488325713, 1.584399075410402 ], [ 103.88510401122366, 1.583955782595097 ] ] ] } },
{ "type": "Feature", "properties": { "Final_Location_ID": "FLOC-0172", "Standardized_Location": "Taman Abad", "Frequency_Band": "1-3", "Zone_Source": "500M_EVIDENCE_SUPPORT_BUFFER" }, "geometry": { "type": "Polygon", "coordinates": [ [ [ 103.764069577545484, 1.482101638736882 ], [ 103.764005055869561, 1.481662599504917 ], [ 103.763898085131814, 1.481232039070995 ], [ 103.763749695546252, 1.480814103963713 ], [ 103.763561316210598, 1.480412819119858 ], [ 103.763334761342293, 1.480032049122308 ], [ 103.763072212805767, 1.479675460982349 ], [ 103.762776199099306, 1.479346488824832 ], [ 103.762449571003685, 1.479048300816214 ], [ 103.762095474127307, 1.478783768653887 ], [ 103.761717318612355, 1.478555439910911 ], [ 103.76131874629327, 1.478365513502014 ], [ 103.760903595624356, 1.478215818507414 ], [ 103.760475864713911, 1.478107796558521 ], [ 103.760039672821037, 1.478042487954562 ], [ 103.759599220685786, 1.47802052164447 ], [ 103.759158750074761, 1.478042109170041 ], [ 103.758722502931704, 1.478107042628922 ], [ 103.75829468052622, 1.478214696676931 ], [ 103.75787940299459, 1.478364034550429 ], [ 103.75748066966149, 1.478553618050801 ], [ 103.757102320525306, 1.47878162139482 ], [ 103.756747999277721, 1.479045848797599 ], [ 103.756421118213595, 1.479343755618701 ], [ 103.756124825369156, 1.479672472867921 ], [ 103.755861974205118, 1.480028834834637 ], [ 103.755635096126142, 1.480409409574705 ], [ 103.755446376102014, 1.4808105319613 ], [ 103.755297631624757, 1.481228338981551 ], [ 103.755190295204585, 1.481658806938762 ], [ 103.755125400573419, 1.482097790202427 ], [ 103.75510357272843, 1.482541061132399 ], [ 103.75512502191205, 1.482984350793104 ], [ 103.755189541586077, 1.483423390065429 ], [ 103.755296510419726, 1.483853950760591 ], [ 103.755444898272103, 1.484271886339987 ], [ 103.75563327611215, 1.484673171848685 ], [ 103.755859829779865, 1.485053942678256 ], [ 103.756122377456975, 1.485410531785458 ], [ 103.75641839067822, 1.485739505008228 ], [ 103.756745018681499, 1.486037694139214 ], [ 103.757099115861877, 1.486302227437857 ], [ 103.757477272065572, 1.486530557287453 ], [ 103.757875845431627, 1.486720484730754 ], [ 103.758290997465537, 1.48687018064775 ], [ 103.758718730006507, 1.486978203371641 ], [ 103.759154923732822, 1.487043512573363 ], [ 103.759595377833932, 1.487065479281053 ], [ 103.760035850467688, 1.487043891937612 ], [ 103.760472099612656, 1.486978958438403 ], [ 103.760899923922253, 1.486871304129141 ], [ 103.761315203187053, 1.486721965783519 ], [ 103.76171393801576, 1.486532381618303 ], [ 103.762092288352534, 1.486304377442242 ], [ 103.76244661045952, 1.486040149072242 ], [ 103.76277349200889, 1.485742241185887 ], [ 103.763069784945671, 1.4854135228143 ], [ 103.763332635805682, 1.485057159711244 ], [ 103.763559513195929, 1.484676583864557 ], [ 103.763748232173086, 1.484275460443558 ], [ 103.763896975285377, 1.48385765250093 ], [ 103.764004310074981, 1.483427183768731 ], [ 103.764069202872733, 1.482988199907297 ], [ 103.764091028751864, 1.482544928579726 ], [ 103.764069577545484, 1.482101638736882 ] ] ] } },
{ "type": "Feature", "properties": { "Final_Location_ID": "FLOC-0173", "Standardized_Location": "Taman Bunga Ros", "Frequency_Band": "1-3", "Zone_Source": "500M_EVIDENCE_SUPPORT_BUFFER" }, "geometry": { "type": "Polygon", "coordinates": [ [ [ 103.825123269425816, 1.520833408567185 ], [ 103.82505873386468, 1.520394368835144 ], [ 103.824951748495195, 1.519963809154999 ], [ 103.824803343671732, 1.519545876047407 ], [ 103.824614948638043, 1.519144594429373 ], [ 103.824388377761906, 1.518763828852359 ], [ 103.82412581306103, 1.518407246285015 ], [ 103.823829783188359, 1.518078280798651 ], [ 103.823503139079321, 1.517780100495765 ], [ 103.823149026495614, 1.51751557700009 ], [ 103.822770855729672, 1.517287257801893 ], [ 103.822372268762024, 1.517097341724857 ], [ 103.821957104187291, 1.516947657750701 ], [ 103.821529360247126, 1.516839647405703 ], [ 103.821093156325702, 1.516774350878428 ], [ 103.820652693278717, 1.516752397002662 ], [ 103.820212212977808, 1.516773997201418 ], [ 103.819775957460209, 1.516838943451319 ], [ 103.819348128076598, 1.51694661028583 ], [ 103.818932845030972, 1.517095960818858 ], [ 103.81853410770178, 1.517285556730371 ], [ 103.818155756126785, 1.517513572117944 ], [ 103.81780143402203, 1.517777811080804 ], [ 103.817474553691625, 1.518075728867056 ], [ 103.817178263165772, 1.518404456380578 ], [ 103.816915415883813, 1.518760827811381 ], [ 103.816688543213999, 1.519141411123474 ], [ 103.816499830074832, 1.519542541106614 ], [ 103.816351093892763, 1.519960354673806 ], [ 103.81624376709874, 1.520390828064236 ], [ 103.816178883332341, 1.520829815594011 ], [ 103.816157067486316, 1.521273089580787 ], [ 103.816178529687591, 1.521716381058497 ], [ 103.816243063272395, 1.522155420889568 ], [ 103.816350046775597, 1.522585980879006 ], [ 103.816498449914505, 1.523003914494296 ], [ 103.816686843510141, 1.523405196798909 ], [ 103.816913413249949, 1.523785963214964 ], [ 103.81717597715992, 1.524142546741622 ], [ 103.817472006617493, 1.524471513270668 ], [ 103.817798650703168, 1.524769694659564 ], [ 103.818152763656173, 1.525034219242819 ], [ 103.818530935169861, 1.525262539488351 ], [ 103.818929523235013, 1.525452456532305 ], [ 103.819344689214788, 1.525602141355731 ], [ 103.819772434813544, 1.525710152399748 ], [ 103.820208640583388, 1.525775449448893 ], [ 103.820649105597568, 1.525797403649404 ], [ 103.821089587908844, 1.525775803565687 ], [ 103.821525845402746, 1.525710857216757 ], [ 103.82195367665264, 1.525603190072954 ], [ 103.822368961382821, 1.52545383903224 ], [ 103.822767700150067, 1.52526424243416 ], [ 103.823146052861404, 1.525036226207534 ], [ 103.823500375757064, 1.524771986285373 ], [ 103.823827256502582, 1.524474067456444 ], [ 103.824123547051784, 1.524145338856907 ], [ 103.824386393964431, 1.523788966338515 ], [ 103.824613265886512, 1.52340838197906 ], [ 103.824801977928189, 1.523007251029028 ], [ 103.824950712705203, 1.522589436612573 ], [ 103.825058037840634, 1.522158962523123 ], [ 103.825122919758627, 1.52171997447145 ], [ 103.825144733637444, 1.521276700159958 ], [ 103.825123269425816, 1.520833408567185 ] ] ] } },
{ "type": "Feature", "properties": { "Final_Location_ID": "FLOC-0175", "Standardized_Location": "Taman Dato Syed Mohammad Idrus", "Frequency_Band": "1-3", "Zone_Source": "500M_EVIDENCE_SUPPORT_BUFFER" }, "geometry": { "type": "Polygon", "coordinates": [ [ [ 103.596772151573859, 1.441259017034243 ], [ 103.596707668111748, 1.440819980245678 ], [ 103.596600736424378, 1.440389418599601 ], [ 103.596452386351586, 1.439971478637611 ], [ 103.596264046612646, 1.43957018534414 ], [ 103.596037531046008, 1.439189403383818 ], [ 103.59577502114, 1.438832799883057 ], [ 103.595479045023282, 1.438503809114028 ], [ 103.595152453116853, 1.438205599421294 ], [ 103.594798390682797, 1.437941042709595 ], [ 103.594420267533366, 1.437712686786458 ], [ 103.594021725192846, 1.437522730826202 ], [ 103.593606601827943, 1.43737300419121 ], [ 103.593178895284666, 1.43726494881503 ], [ 103.59274272458768, 1.43719960531625 ], [ 103.592302290272642, 1.43717760297732 ], [ 103.591861833933791, 1.437199153684674 ], [ 103.591425597376244, 1.437264049888477 ], [ 103.590997781766177, 1.437371666601539 ], [ 103.590582507172513, 1.437520967418466 ], [ 103.590183772889503, 1.437710514496646 ], [ 103.589805418922367, 1.4379384824032 ], [ 103.589451089006914, 1.438202675694616 ], [ 103.589124195519062, 1.438500550059599 ], [ 103.588827886612492, 1.438829236821617 ], [ 103.588565015900357, 1.43918557056519 ], [ 103.588338114973823, 1.439566119619847 ], [ 103.588149369021153, 1.439967219108391 ], [ 103.588000595782987, 1.44038500624083 ], [ 103.587893228045871, 1.44081545751462 ], [ 103.587828299843068, 1.441254427462499 ], [ 103.58780643649537, 1.441697688575071 ], [ 103.587827848587779, 1.442140972013607 ], [ 103.58789232994053, 1.442580008721053 ], [ 103.587999259593389, 1.443010570535079 ], [ 103.58814760778472, 1.443428510907644 ], [ 103.588335945867499, 1.443829804838506 ], [ 103.588562460066981, 1.444210587638565 ], [ 103.58882496894735, 1.444567192149153 ], [ 103.589120944419392, 1.444896184059297 ], [ 103.589447536086823, 1.445194394980529 ], [ 103.589801598696795, 1.445458952960939 ], [ 103.590179722430264, 1.445687310144217 ], [ 103.590578265740518, 1.445877267307667 ], [ 103.590993390423591, 1.446026995042607 ], [ 103.591421098582785, 1.446135051373264 ], [ 103.591857271131374, 1.446200395644371 ], [ 103.592297707462535, 1.446222398543766 ], [ 103.592738165904535, 1.446200848163488 ], [ 103.593174404571442, 1.446135952040817 ], [ 103.593602222216006, 1.446028335159798 ], [ 103.594017498691159, 1.445879033932293 ], [ 103.594416234630302, 1.445689486216727 ], [ 103.594794589964593, 1.445461517470429 ], [ 103.595148920905686, 1.445197323169195 ], [ 103.595475815038213, 1.44489944766311 ], [ 103.595772124183796, 1.444570759672575 ], [ 103.596034994720014, 1.44421442466031 ], [ 103.596261895062511, 1.443833874345483 ], [ 103.596450640045447, 1.443432773653764 ], [ 103.596599411965443, 1.443014985421356 ], [ 103.596706778086627, 1.442584533193097 ], [ 103.596771704437828, 1.442145562472895 ], [ 103.596793565769431, 1.44170230079988 ], [ 103.596772151573859, 1.441259017034243 ] ] ] } },
{ "type": "Feature", "properties": { "Final_Location_ID": "FLOC-0177", "Standardized_Location": "Taman Desa Mutiara", "Frequency_Band": "1-3", "Zone_Source": "500M_EVIDENCE_SUPPORT_BUFFER" }, "geometry": { "type": "Polygon", "coordinates": [ [ [ 103.751728577969331, 1.540188484526081 ], [ 103.751664058937251, 1.53974944392041 ], [ 103.751557089540242, 1.539318881684613 ], [ 103.751408699979919, 1.53890094436421 ], [ 103.751220319354061, 1.538499656916863 ], [ 103.750993761892772, 1.5381188839501 ], [ 103.750731209485522, 1.53776229250348 ], [ 103.750435190667744, 1.537433316733342 ], [ 103.75010855626914, 1.537135124840647 ], [ 103.749754451958466, 1.536870588560056 ], [ 103.749376287948891, 1.536642255504099 ], [ 103.748977706156055, 1.536452324629011 ], [ 103.748562545124699, 1.536302625058105 ], [ 103.748134803062172, 1.536194598466926 ], [ 103.747698599334129, 1.536129285199633 ], [ 103.747258134793782, 1.536107314250313 ], [ 103.746817651326438, 1.53612889720579 ], [ 103.746381390998891, 1.536193826208077 ], [ 103.74595355520718, 1.53630147595631 ], [ 103.745538264215952, 1.536450809728703 ], [ 103.745139517479132, 1.536640389366528 ], [ 103.744761155124024, 1.536868389124174 ], [ 103.74440682096953, 1.537132613251635 ], [ 103.744079927434939, 1.537430517140379 ], [ 103.743783622676887, 1.537759231828705 ], [ 103.743520760271167, 1.538115591630849 ], [ 103.743293871731296, 1.538496164623641 ], [ 103.743105142128442, 1.53889728569711 ], [ 103.74295638904762, 1.53931509185101 ], [ 103.742849045082721, 1.539745559396877 ], [ 103.742784144039135, 1.540184542707955 ], [ 103.742762310976602, 1.540627814143395 ], [ 103.742783756188558, 1.5410711047624 ], [ 103.742848273175838, 1.54151014543628 ], [ 103.74295524063406, 1.541940707962378 ], [ 103.743103628436145, 1.542358645783973 ], [ 103.743292007551858, 1.542759933924182 ], [ 103.743518563809118, 1.543140707748804 ], [ 103.743781115364754, 1.543497300185382 ], [ 103.744077133716047, 1.543826277039478 ], [ 103.744403768051228, 1.544124470068468 ], [ 103.744757872703957, 1.54438900749408 ], [ 103.745136037447935, 1.544617341659727 ], [ 103.745534620339342, 1.544807273566562 ], [ 103.745949782791129, 1.544956974051609 ], [ 103.746377526541451, 1.545065001404203 ], [ 103.746813732159723, 1.545130315250905 ], [ 103.747254198720114, 1.545152286575385 ], [ 103.747694684259699, 1.545130703776379 ], [ 103.74813094663206, 1.545065774705873 ], [ 103.748558784362558, 1.544958124667358 ], [ 103.748974077112038, 1.544808790393766 ], [ 103.749372825359004, 1.54461921006309 ], [ 103.749751188918125, 1.544391209447565 ], [ 103.750105523924233, 1.544126984330154 ], [ 103.75043241792531, 1.543829079357456 ], [ 103.750728722746786, 1.543500363532804 ], [ 103.75099158481045, 1.543144002585665 ], [ 103.751218472615903, 1.542763428483175 ], [ 103.751407201120216, 1.542362306377953 ], [ 103.751555952780592, 1.541944499309916 ], [ 103.75166329505771, 1.541514031002643 ], [ 103.751728194211069, 1.541075047112153 ], [ 103.751750025253543, 1.540631775301556 ], [ 103.751728577969331, 1.540188484526081 ] ] ] } },
{ "type": "Feature", "properties": { "Final_Location_ID": "FLOC-0178", "Standardized_Location": "Taman Istimewa", "Frequency_Band": "1-3", "Zone_Source": "500M_EVIDENCE_SUPPORT_BUFFER" }, "geometry": { "type": "Polygon", "coordinates": [ [ [ 103.774329188590684, 1.530122328600158 ], [ 103.77426466442833, 1.529683288324579 ], [ 103.774157690161985, 1.529252726953096 ], [ 103.774009296039807, 1.528834791022888 ], [ 103.773820911203188, 1.528433505478211 ], [ 103.773594349922433, 1.528052734908312 ], [ 103.773331794123536, 1.527696146329801 ], [ 103.773035772374314, 1.527367173871549 ], [ 103.772709135532523, 1.527068985702787 ], [ 103.772355029290296, 1.526804453522569 ], [ 103.771976863879331, 1.526576124904195 ], [ 103.771578281228727, 1.526386198761402 ], [ 103.771163119891639, 1.526236504172233 ], [ 103.770735378078371, 1.526128482764483 ], [ 103.770299175152445, 1.526063174832686 ], [ 103.769858711959557, 1.526041209319769 ], [ 103.76941823037231, 1.526062797760341 ], [ 103.768981972439732, 1.526127732243791 ], [ 103.768554139535112, 1.526235387416552 ], [ 103.768138851895657, 1.52638472650463 ], [ 103.767740108943357, 1.526574311298133 ], [ 103.767361750769339, 1.526802316001719 ], [ 103.767007421152613, 1.52706654481765 ], [ 103.766680532468953, 1.527364453092068 ], [ 103.766384232828514, 1.527693171820864 ], [ 103.766121375757905, 1.528049535279139 ], [ 103.765894492719369, 1.528430111508205 ], [ 103.765705768731095, 1.528831235366736 ], [ 103.765557021323957, 1.52924904382733 ], [ 103.76544968303709, 1.52967951317906 ], [ 103.765384787621016, 1.530118497777544 ], [ 103.765362960081021, 1.530561769969278 ], [ 103.76538441065712, 1.531005060806019 ], [ 103.765448932798094, 1.531444101156816 ], [ 103.765555905149668, 1.531874662822003 ], [ 103.765704297537241, 1.532292599253169 ], [ 103.765892680886097, 1.532693885486754 ], [ 103.766119240983059, 1.533074656907009 ], [ 103.766381795947694, 1.533431246464733 ], [ 103.766677817244215, 1.533760219993363 ], [ 103.767004454032246, 1.534058409282516 ], [ 103.76735856062173, 1.534322942590129 ], [ 103.767736726767637, 1.534551272299578 ], [ 103.768135310512591, 1.534741199455156 ], [ 103.768550473261442, 1.534890894939946 ], [ 103.768978216749574, 1.534998917091672 ], [ 103.769414421549129, 1.535064225587273 ], [ 103.769854886742408, 1.535086191462133 ], [ 103.770295370379927, 1.535064603167715 ], [ 103.77073163033387, 1.53499966860904 ], [ 103.771159465153261, 1.534892013142549 ], [ 103.771574754527336, 1.534742673553536 ], [ 103.771973498967398, 1.53455308807114 ], [ 103.772351858325166, 1.534325082517156 ], [ 103.772706188776169, 1.534060852722035 ], [ 103.773033077912544, 1.533762943377241 ], [ 103.773329377606757, 1.533434223528035 ], [ 103.773592234330096, 1.533077858942384 ], [ 103.773819116633689, 1.532697281622232 ], [ 103.774007839527599, 1.53229615675091 ], [ 103.774156585522988, 1.531878347394726 ], [ 103.774263922134978, 1.531447877299007 ], [ 103.77432881567745, 1.531008892136729 ], [ 103.774350641217026, 1.530565619583042 ], [ 103.774329188590684, 1.530122328600158 ] ] ] } },
{ "type": "Feature", "properties": { "Final_Location_ID": "FLOC-0179", "Standardized_Location": "Taman Johor Jaya", "Frequency_Band": "1-3", "Zone_Source": "500M_EVIDENCE_SUPPORT_BUFFER" }, "geometry": { "type": "Polygon", "coordinates": [ [ [ 103.806872418101293, 1.542358555731607 ], [ 103.80680788645509, 1.541919515463048 ], [ 103.806700904494718, 1.541488954798019 ], [ 103.806552502542047, 1.541071020266581 ], [ 103.806364109813529, 1.54066973679931 ], [ 103.806137540655001, 1.5402889689654 ], [ 103.80587497706783, 1.539932383755042 ], [ 103.805578947694386, 1.539603415264782 ], [ 103.805252303465352, 1.539305231625865 ], [ 103.804898190143575, 1.539040704493999 ], [ 103.804520018028512, 1.538812381394219 ], [ 103.804121429113479, 1.538622461187569 ], [ 103.803706262011659, 1.538472772895406 ], [ 103.803278514988733, 1.538364758085427 ], [ 103.802842307458263, 1.538299456989095 ], [ 103.80240184031031, 1.538277498484087 ], [ 103.801961355455632, 1.538299094038 ], [ 103.801525094974906, 1.538364035672141 ], [ 103.801097260266232, 1.538471697964478 ], [ 103.800681971584538, 1.538621044072731 ], [ 103.800283228362247, 1.538810635719612 ], [ 103.799904870693538, 1.539038647043878 ], [ 103.799550542353032, 1.539302882184059 ], [ 103.799223655704679, 1.539600796425264 ], [ 103.798927358839521, 1.539929520705742 ], [ 103.798664505257904, 1.540285889246798 ], [ 103.798437626388861, 1.540666470040495 ], [ 103.798248907210763, 1.541067597901042 ], [ 103.798100165208467, 1.541485409762017 ], [ 103.797992832869241, 1.541915881879262 ], [ 103.797927943886393, 1.542354868581184 ], [ 103.79790612320329, 1.542798142193552 ], [ 103.797927580993814, 1.543241433753906 ], [ 103.797992110637082, 1.543680474123906 ], [ 103.798099090706316, 1.544111035103331 ], [ 103.798247490952249, 1.544528970150053 ], [ 103.798435882224041, 1.544930254313647 ], [ 103.798662450231816, 1.545311022998229 ], [ 103.79892501301849, 1.545667609180875 ], [ 103.799221041972388, 1.545996578727648 ], [ 103.799547686178954, 1.546294763466738 ], [ 103.799901799876267, 1.546559291700191 ], [ 103.800279972750388, 1.546787615860566 ], [ 103.800678562778842, 1.546977537046111 ], [ 103.801093731305656, 1.547127226197835 ], [ 103.801521480010365, 1.547235241715008 ], [ 103.801957689414834, 1.547300543338976 ], [ 103.80239815855694, 1.54732250217183 ], [ 103.802838645449299, 1.54730090673332 ], [ 103.803274907932931, 1.547235964997733 ], [ 103.803702744532757, 1.547128302391009 ], [ 103.804118034921203, 1.546978955767472 ], [ 103.80451677960022, 1.546789363424268 ], [ 103.804895138419653, 1.54656135124935 ], [ 103.805249467560699, 1.546297115136899 ], [ 103.805576354628585, 1.545999199839143 ], [ 103.805872651516182, 1.545670474458484 ], [ 103.806135504722278, 1.545314104815858 ], [ 103.806362382832276, 1.544933522961565 ], [ 103.806551100896939, 1.544532394122131 ], [ 103.806699841474241, 1.544114581401582 ], [ 103.806807172131684, 1.543684108577149 ], [ 103.806872059240547, 1.543245121347575 ], [ 103.806893877929497, 1.542801847407379 ], [ 103.806872418101293, 1.542358555731607 ] ] ] } },
{ "type": "Feature", "properties": { "Final_Location_ID": "FLOC-0180", "Standardized_Location": "Taman Kolam Air", "Frequency_Band": "1-3", "Zone_Source": "500M_EVIDENCE_SUPPORT_BUFFER" }, "geometry": { "type": "Polygon", "coordinates": [ [ [ 103.740916254994659, 1.473395689564545 ], [ 103.740851738544833, 1.47295665055526 ], [ 103.740744773198699, 1.472526089854003 ], [ 103.740596389118522, 1.472108153992157 ], [ 103.740408015349317, 1.471706867913888 ], [ 103.740181466055205, 1.47132609621405 ], [ 103.739918923047327, 1.470969505920345 ], [ 103.739622914771005, 1.470640531178301 ], [ 103.739296291955085, 1.470342340179062 ], [ 103.738942200157481, 1.4700778046487 ], [ 103.738564049471719, 1.469849472192369 ], [ 103.738165481685954, 1.469659541760279 ], [ 103.737750335211075, 1.469509842471061 ], [ 103.737322608115093, 1.469401815997096 ], [ 103.736886419620475, 1.469336502680843 ], [ 103.736445970434531, 1.469314531516196 ], [ 103.736005502295413, 1.469336114091369 ], [ 103.735569257122862, 1.469401042551413 ], [ 103.735141436167424, 1.469508691599967 ], [ 103.734726159551087, 1.469658024521342 ], [ 103.734327426589473, 1.469847603164495 ], [ 103.733949077277046, 1.470075601792867 ], [ 103.733594755306868, 1.470339824666997 ], [ 103.733267872980377, 1.470637727190115 ], [ 103.732971578345698, 1.470966440413585 ], [ 103.732708724880382, 1.47132279866572 ], [ 103.732481844010977, 1.471703370038438 ], [ 103.732293120733928, 1.47210448943768 ], [ 103.732144372572364, 1.472522293879625 ], [ 103.732037032071872, 1.472952759692841 ], [ 103.73197213300358, 1.473391741267815 ], [ 103.731950300407377, 1.473835010981063 ], [ 103.731971744571524, 1.474278299909006 ], [ 103.732036259006307, 1.474717338939972 ], [ 103.732143222431546, 1.47514789988777 ], [ 103.732291604758714, 1.475565836211551 ], [ 103.732479977010229, 1.475967122949354 ], [ 103.73270652508026, 1.476347895481024 ], [ 103.732969067204735, 1.47670448674688 ], [ 103.733265074972238, 1.477033462564067 ], [ 103.733591697673504, 1.47733165470003 ], [ 103.733945789755026, 1.4775961913851 ], [ 103.734323941112379, 1.477824524969714 ], [ 103.734722509931558, 1.478014456460316 ], [ 103.735137657762024, 1.47816415669758 ], [ 103.735565386483586, 1.478272183972713 ], [ 103.736001576811375, 1.478337497912462 ], [ 103.736442027967627, 1.478359469498963 ], [ 103.736882498138442, 1.478337887127779 ], [ 103.737318745326021, 1.478272958646076 ], [ 103.737746568202382, 1.478165309350964 ], [ 103.7381618465717, 1.478015975967665 ], [ 103.738560581051033, 1.47782639666496 ], [ 103.738938931587526, 1.477598397204753 ], [ 103.739293254441122, 1.477334173358469 ], [ 103.739620137276418, 1.477036269760244 ], [ 103.739916432025737, 1.476707555400027 ], [ 103.740179285207148, 1.476351195993183 ], [ 103.740406165404963, 1.475970623492181 ], [ 103.740594887648598, 1.475569503034448 ], [ 103.740743634454603, 1.475151697644436 ], [ 103.740850973329472, 1.474721231030071 ], [ 103.740915870564592, 1.474282248831595 ], [ 103.740937701190504, 1.473838978696518 ], [ 103.740916254994659, 1.473395689564545 ] ] ] } },
{ "type": "Feature", "properties": { "Final_Location_ID": "FLOC-0182", "Standardized_Location": "Taman Melodies", "Frequency_Band": "1-3", "Zone_Source": "500M_EVIDENCE_SUPPORT_BUFFER" }, "geometry": { "type": "Polygon", "coordinates": [ [ [ 103.765861695189074, 1.489755136899597 ], [ 103.765797173097596, 1.489316097486682 ], [ 103.765690201778938, 1.488885536891025 ], [ 103.765541811452707, 1.488467601642656 ], [ 103.765353431223758, 1.488066316679663 ], [ 103.765126875318089, 1.487685546585983 ], [ 103.764864325610105, 1.487328958373811 ], [ 103.764568310609306, 1.486999986168682 ], [ 103.764241681108842, 1.486701798137479 ], [ 103.763887582730618, 1.486437265977843 ], [ 103.763509425631099, 1.486208937262786 ], [ 103.763110851659917, 1.486019010906811 ], [ 103.762695699287178, 1.485869315989747 ], [ 103.762267966637467, 1.485761294142235 ], [ 103.761831772986554, 1.485695985662649 ], [ 103.761391319091317, 1.485674019498788 ], [ 103.760950846735241, 1.48569560719112 ], [ 103.760514597878782, 1.48576054083578 ], [ 103.760086773808055, 1.485868195086878 ], [ 103.759671494675317, 1.486017533178895 ], [ 103.759272759820675, 1.486207116911159 ], [ 103.758894409257181, 1.486435120498301 ], [ 103.758540086690303, 1.486699348153097 ], [ 103.758213204427676, 1.486997255232735 ], [ 103.757916910517167, 1.487325972744508 ], [ 103.757654058429793, 1.487682334975284 ], [ 103.757427179579253, 1.488062909978344 ], [ 103.757238458942865, 1.488464032624287 ], [ 103.757089714018619, 1.488881839897687 ], [ 103.756982377321222, 1.489312308099372 ], [ 103.75691748258528, 1.48975129159639 ], [ 103.756895654809085, 1.490194562746267 ], [ 103.756917104234518, 1.490637852611239 ], [ 103.756981624321099, 1.491076892070111 ], [ 103.757088593734068, 1.491507452932263 ], [ 103.757236982327058, 1.491925388657383 ], [ 103.757425361061806, 1.492326674289066 ], [ 103.757651915769728, 1.492707445217678 ], [ 103.757914464622445, 1.493064034398935 ], [ 103.75821047914333, 1.493393007670058 ], [ 103.75853710855769, 1.493691196823213 ], [ 103.758891207246933, 1.493955730117638 ], [ 103.759269365042613, 1.494184059936692 ], [ 103.759667940068354, 1.494373987323456 ], [ 103.760083093813549, 1.494523683158509 ], [ 103.760510828100834, 1.494631705775917 ], [ 103.760947023591541, 1.494697014847716 ], [ 103.761387479458051, 1.494718981403361 ], [ 103.761827953841149, 1.494697393887295 ], [ 103.76226420470249, 1.494632460196663 ], [ 103.762692030678906, 1.494524805679075 ], [ 103.763107311544886, 1.494375467110302 ], [ 103.763506047893756, 1.494185882709348 ], [ 103.763884399654984, 1.493957878287276 ], [ 103.764238723077128, 1.493693649663415 ], [ 103.764565605819641, 1.493395741517772 ], [ 103.764861899816268, 1.493067022884043 ], [ 103.765124751592637, 1.492710659518497 ], [ 103.765351629747002, 1.492330083411433 ], [ 103.765540349328845, 1.491928959734673 ], [ 103.765689092880635, 1.491511151543293 ], [ 103.765796427940472, 1.491080682571726 ], [ 103.765861320836621, 1.490641698482487 ], [ 103.765883146641528, 1.490198426940819 ], [ 103.765861695189074, 1.489755136899597 ] ] ] } },
{ "type": "Feature", "properties": { "Final_Location_ID": "FLOC-0183", "Standardized_Location": "Taman Nong Chik", "Frequency_Band": "1-3", "Zone_Source": "500M_EVIDENCE_SUPPORT_BUFFER" }, "geometry": { "type": "Polygon", "coordinates": [ [ [ 103.744036961612338, 1.476115083213925 ], [ 103.743972444459189, 1.475676044129588 ], [ 103.743865478353015, 1.47524548341492 ], [ 103.743717093463445, 1.474827547601382 ], [ 103.743528718843208, 1.474426261632641 ], [ 103.743302168664627, 1.474045490102497 ], [ 103.74303962474724, 1.473688900036967 ], [ 103.742743615545137, 1.473359925579412 ], [ 103.74241699179602, 1.473061734918258 ], [ 103.742062899066681, 1.472797199776312 ], [ 103.741684747459601, 1.47256886775507 ], [ 103.741286178771773, 1.472378937800541 ], [ 103.740871031422671, 1.472229239026883 ], [ 103.74044330348876, 1.472121213101502 ], [ 103.74000711420048, 1.472055900361662 ], [ 103.739566664272772, 1.472033929795756 ], [ 103.73912619545095, 1.472055512986322 ], [ 103.738689949661321, 1.472120442072492 ], [ 103.738262128160386, 1.472228091751998 ], [ 103.737846851075403, 1.472377425303029 ], [ 103.737448117726544, 1.472567004568553 ], [ 103.737069768112065, 1.472795003806051 ], [ 103.736715445927942, 1.473059227270172 ], [ 103.736388563477774, 1.4733571303585 ], [ 103.736092268810879, 1.4736858441169 ], [ 103.735829415405234, 1.474042202868542 ], [ 103.735602534686862, 1.474422774700488 ], [ 103.735413811650744, 1.474823894514197 ], [ 103.735265063817806, 1.475241699321824 ], [ 103.735157723730495, 1.475672165448331 ], [ 103.735092825155945, 1.476111147281155 ], [ 103.735070993129369, 1.476554417194254 ], [ 103.735092437933517, 1.47699770626209 ], [ 103.735156953072533, 1.477436745371555 ], [ 103.735263917259402, 1.477867306335647 ], [ 103.735412300398309, 1.478285242613351 ], [ 103.735600673503754, 1.478686529243094 ], [ 103.735827222461666, 1.479067301605759 ], [ 103.736089765499358, 1.479423892643257 ], [ 103.736385774196606, 1.479752868174947 ], [ 103.736712397835092, 1.480051059971049 ], [ 103.737066490852257, 1.480315596265194 ], [ 103.73744464313458, 1.480543929411601 ], [ 103.737843212859104, 1.480733860421002 ], [ 103.738258361566537, 1.480883560138708 ], [ 103.738686091128187, 1.48099158686104 ], [ 103.739122282251088, 1.481056900220139 ], [ 103.739562734149757, 1.481078871203739 ], [ 103.740003205003177, 1.481057288213297 ], [ 103.740439452806953, 1.480992359102003 ], [ 103.740867276227178, 1.480884709173088 ], [ 103.741282555062824, 1.480735375157889 ], [ 103.741681289926476, 1.480545795231345 ], [ 103.742059640761653, 1.480317795161356 ], [ 103.742413963825456, 1.480053570725248 ], [ 103.742740846780478, 1.479755666562806 ], [ 103.743037141557991, 1.47942695166944 ], [ 103.743299994675823, 1.479070591765596 ], [ 103.743526874718953, 1.478690018808494 ], [ 103.74371559671836, 1.478288897939917 ], [ 103.743864343192982, 1.477871092188232 ], [ 103.743971681652567, 1.477440625264764 ], [ 103.744036578392482, 1.477001642812698 ], [ 103.744058408448097, 1.476558372481904 ], [ 103.744036961612338, 1.476115083213925 ] ] ] } },
{ "type": "Feature", "properties": { "Final_Location_ID": "FLOC-0185", "Standardized_Location": "Taman Nusantara Prima", "Frequency_Band": "1-3", "Zone_Source": "500M_EVIDENCE_SUPPORT_BUFFER" }, "geometry": { "type": "Polygon", "coordinates": [ [ [ 103.593962241774946, 1.479349041133974 ], [ 103.593897759482275, 1.478910002914237 ], [ 103.593790828086625, 1.478479439618043 ], [ 103.593642477425277, 1.478061497802616 ], [ 103.593454136223329, 1.477660202469895 ], [ 103.593227618333387, 1.477279418303929 ], [ 103.592965105266117, 1.476922812452098 ], [ 103.592669125180464, 1.47659381920903 ], [ 103.592342528535454, 1.476295606943011 ], [ 103.591988460638447, 1.476031047583457 ], [ 103.591610331353905, 1.475802688963392 ], [ 103.591211782264736, 1.475612730283112 ], [ 103.590796651602133, 1.475463000931326 ], [ 103.590368937281866, 1.475354942867873 ], [ 103.589932758402952, 1.475289596737436 ], [ 103.589492315579349, 1.475267591848053 ], [ 103.589051850486783, 1.475289140110984 ], [ 103.588615605014226, 1.47535403400023 ], [ 103.588187780413364, 1.475461648551239 ], [ 103.587772496839463, 1.475610947379713 ], [ 103.587373753673063, 1.475800492662464 ], [ 103.586995391004933, 1.476028458984197 ], [ 103.586641052654656, 1.476292650916887 ], [ 103.586314151079563, 1.476590524162536 ], [ 103.586017834511424, 1.476919210055513 ], [ 103.585754956637544, 1.477275543188757 ], [ 103.585528049118437, 1.477656091897748 ], [ 103.585339297206332, 1.478057191308538 ], [ 103.585190518699761, 1.478474978631832 ], [ 103.585083146436517, 1.478905430363049 ], [ 103.585018214494028, 1.479344401030352 ], [ 103.584996348229538, 1.479787663117153 ], [ 103.585017758256697, 1.480230947775095 ], [ 103.585082238416007, 1.480669985935059 ], [ 103.585189167759069, 1.481100549420428 ], [ 103.585337516527474, 1.481518491666718 ], [ 103.585525856068855, 1.481919787655419 ], [ 103.585752372594456, 1.482300572677323 ], [ 103.586014884646005, 1.482657179552113 ], [ 103.586310864103623, 1.48298617394584 ], [ 103.586637460532401, 1.48328438744603 ], [ 103.586991528633305, 1.483548948075827 ], [ 103.587369658534001, 1.483777307953385 ], [ 103.587768208627949, 1.483967267830123 ], [ 103.588183340645301, 1.484116998271288 ], [ 103.588611056618248, 1.484225057275205 ], [ 103.58904723738425, 1.48429040416108 ], [ 103.589487682256859, 1.484312409591806 ], [ 103.58992814948158, 1.484290861635338 ], [ 103.590364397087498, 1.48422596780586 ], [ 103.590792223740948, 1.484118353065689 ], [ 103.59120750920782, 1.483969053806364 ], [ 103.591606254034758, 1.483779507867601 ], [ 103.591984618067244, 1.483551540689956 ], [ 103.592338957433228, 1.483287347734304 ], [ 103.592665859636341, 1.48298947333798 ], [ 103.592962176420741, 1.482660786210848 ], [ 103.593225054090723, 1.482304451807348 ], [ 103.593451960993676, 1.481923901840863 ], [ 103.593640711901003, 1.481522801233626 ], [ 103.593789489052824, 1.48110501282094 ], [ 103.593896859663374, 1.480674560149239 ], [ 103.593961789718776, 1.480235588726521 ], [ 103.593983653934259, 1.479792326098377 ], [ 103.593962241774946, 1.479349041133974 ] ] ] } },
{ "type": "Feature", "properties": { "Final_Location_ID": "FLOC-0186", "Standardized_Location": "Taman Pasir Putih", "Frequency_Band": "1-3", "Zone_Source": "500M_EVIDENCE_SUPPORT_BUFFER" }, "geometry": { "type": "Polygon", "coordinates": [ [ [ 103.943342262178376, 1.472478235265015 ], [ 103.943277701507185, 1.47203919757782 ], [ 103.943170692303696, 1.471608642548597 ], [ 103.943022265149978, 1.471190716652885 ], [ 103.942833849503145, 1.470789444738251 ], [ 103.942607259927755, 1.470408691262995 ], [ 103.942344678620088, 1.470052123079722 ], [ 103.942048634391668, 1.469723174121992 ], [ 103.941721978315172, 1.46942501233419 ], [ 103.941367856266723, 1.469160509162896 ], [ 103.940989678629492, 1.468932211903976 ], [ 103.940591087450088, 1.468742319171227 ], [ 103.940175921363931, 1.468592659723 ], [ 103.939748178627852, 1.468484674850796 ], [ 103.939311978615336, 1.468419404499232 ], [ 103.938871522145604, 1.468397477251126 ], [ 103.938431051028445, 1.468419104274193 ], [ 103.937994807214181, 1.468484077287452 ], [ 103.93756699194256, 1.468591770567223 ], [ 103.937151725283428, 1.468741146973021 ], [ 103.936753006459227, 1.468930767935675 ], [ 103.936374675331137, 1.469158807311216 ], [ 103.936020375419886, 1.469423068967313 ], [ 103.935693518817118, 1.469721007932746 ], [ 103.935397253325633, 1.470049754906416 ], [ 103.935134432144409, 1.470406143889718 ], [ 103.934907586390793, 1.470786742676291 ], [ 103.934718900724164, 1.471187885905467 ], [ 103.93457019230614, 1.471605710361217 ], [ 103.934462893299681, 1.472036192176503 ], [ 103.934398037075837, 1.472475185584873 ], [ 103.934376248260932, 1.47291846284624 ], [ 103.934397736720115, 1.473361754961915 ], [ 103.93446229553517, 1.473800792787398 ], [ 103.934569302996195, 1.474231348146426 ], [ 103.934717728588055, 1.4746492745508 ], [ 103.93490614291369, 1.475050547133405 ], [ 103.935132731459277, 1.475431301410274 ], [ 103.935395312068152, 1.475787870497994 ], [ 103.935691355955598, 1.47611682042823 ], [ 103.936018012062107, 1.47641498321927 ], [ 103.936372134510336, 1.476679487385925 ], [ 103.936750312901765, 1.4769077855941 ], [ 103.937148905160853, 1.477097679193536 ], [ 103.937564072610641, 1.477247339392565 ], [ 103.937991816941903, 1.47735532487083 ], [ 103.938428018719847, 1.477420595660419 ], [ 103.938868477057412, 1.477442523161682 ], [ 103.939308950073055, 1.477420896197194 ], [ 103.939745195743441, 1.477355923045635 ], [ 103.940173012757526, 1.477248229436058 ], [ 103.940588280978517, 1.477098852521589 ], [ 103.940987001123929, 1.47690923089097 ], [ 103.941365333281809, 1.47668119071382 ], [ 103.941719633891864, 1.476416928153279 ], [ 103.942046490835594, 1.476118988215344 ], [ 103.94234275629708, 1.475790240238451 ], [ 103.94260557707851, 1.475433850259779 ], [ 103.942832422077927, 1.475053250523932 ], [ 103.943021106664887, 1.474652106428062 ], [ 103.94316981371928, 1.474234281221522 ], [ 103.943277111130556, 1.473803798800189 ], [ 103.943341965588957, 1.473364804953782 ], [ 103.94336375253603, 1.472921527439257 ], [ 103.943342262178376, 1.472478235265015 ] ] ] } },
{ "type": "Feature", "properties": { "Final_Location_ID": "FLOC-0187", "Standardized_Location": "Taman Pelangi", "Frequency_Band": "1-3", "Zone_Source": "500M_EVIDENCE_SUPPORT_BUFFER" }, "geometry": { "type": "Polygon", "coordinates": [ [ [ 103.778359170521156, 1.478396604729712 ], [ 103.778294645643157, 1.477957565608632 ], [ 103.778187671802087, 1.477527005611244 ], [ 103.778039279241725, 1.477109071261892 ], [ 103.777850897088143, 1.476707787490009 ], [ 103.777624339585756, 1.476327018868192 ], [ 103.777361788624191, 1.475970432394509 ], [ 103.777065772724868, 1.475641462177876 ], [ 103.776739142689564, 1.475343276366152 ], [ 103.776385044145286, 1.47507874663574 ], [ 103.776006887250148, 1.474850420536407 ], [ 103.775608313851833, 1.474660496957585 ], [ 103.775193162415107, 1.474510804952493 ], [ 103.774765431055656, 1.474402786123853 ], [ 103.774329239037002, 1.474337480741061 ], [ 103.773888787100532, 1.474315517722163 ], [ 103.773448317011074, 1.474337108577425 ], [ 103.77301207070748, 1.474402045372534 ], [ 103.772584249451555, 1.474509702731267 ], [ 103.772168973368622, 1.474659043858159 ], [ 103.771770241769659, 1.474848630523272 ], [ 103.771391894636537, 1.47507663691288 ], [ 103.771037575641841, 1.475340867212734 ], [ 103.770710697058902, 1.47563877675439 ], [ 103.77041440690023, 1.475967496521336 ], [ 103.77015155860073, 1.476323860778569 ], [ 103.769924683537596, 1.476704437559692 ], [ 103.769735966651581, 1.477105561718101 ], [ 103.769587225404493, 1.477523370223606 ], [ 103.769479892275427, 1.477953839365121 ], [ 103.769415000964486, 1.478392823500485 ], [ 103.769393176436751, 1.478836094981056 ], [ 103.769414628902567, 1.479279384865735 ], [ 103.769479151791984, 1.479718424033173 ], [ 103.769586123742997, 1.480148984295552 ], [ 103.769734514584542, 1.480566919118313 ], [ 103.769922895256528, 1.480968203553857 ], [ 103.770149451571527, 1.481348973004072 ], [ 103.770412001685528, 1.481705560439028 ], [ 103.770708017109655, 1.482034531712902 ], [ 103.771034647060432, 1.482332718637202 ], [ 103.771388745914095, 1.482597249492755 ], [ 103.771766903500634, 1.482825576686578 ], [ 103.772165477945748, 1.483015501287138 ], [ 103.772580630744542, 1.483165194202009 ], [ 103.773008363728906, 1.483273213793445 ], [ 103.773444557572887, 1.483338519762783 ], [ 103.773885011464998, 1.483360483169408 ], [ 103.774325483565192, 1.483338892488176 ], [ 103.774761731857396, 1.48327395564669 ], [ 103.775189555003365, 1.483166298022965 ], [ 103.775604832805115, 1.483016956422669 ], [ 103.776003565885674, 1.482827369093901 ], [ 103.776381914206183, 1.482599361875914 ], [ 103.776736234048442, 1.482335130614777 ], [ 103.777063113106564, 1.482037220015876 ], [ 103.777359403349777, 1.481708499136357 ], [ 103.777622251339892, 1.481352133753974 ], [ 103.777849125711626, 1.480971555878361 ], [ 103.778037841550812, 1.480570430698211 ], [ 103.778186581435861, 1.480152621282924 ], [ 103.778293912940015, 1.479722151378625 ], [ 103.778358802425629, 1.479283166656702 ], [ 103.778380624997737, 1.478839894788433 ], [ 103.778359170521156, 1.478396604729712 ] ] ] } },
{ "type": "Feature", "properties": { "Final_Location_ID": "FLOC-0188", "Standardized_Location": "Taman Perling", "Frequency_Band": "1-3", "Zone_Source": "500M_EVIDENCE_SUPPORT_BUFFER" }, "geometry": { "type": "Polygon", "coordinates": [ [ [ 103.687180164185179, 1.480775818004376 ], [ 103.68711566004383, 1.480336778948926 ], [ 103.687008706797542, 1.479906216968153 ], [ 103.686860334492906, 1.479488278606036 ], [ 103.686671972062214, 1.479086988830922 ], [ 103.686445433561175, 1.478706212273299 ], [ 103.686182900697688, 1.478349616007437 ], [ 103.685886901820083, 1.47802063423609 ], [ 103.685560287567242, 1.477722435217755 ], [ 103.68520620341512, 1.477457890755108 ], [ 103.684828059383975, 1.477229548538829 ], [ 103.684429497198124, 1.477039607612351 ], [ 103.684014355214558, 1.47688989719473 ], [ 103.683586631458013, 1.476781859064787 ], [ 103.683150445118542, 1.476716533676506 ], [ 103.682709996882366, 1.476694550139409 ], [ 103.682269528478002, 1.476716120160289 ], [ 103.68183328182721, 1.476781036004554 ], [ 103.681405458194035, 1.476888672497031 ], [ 103.68099017772559, 1.477037993042663 ], [ 103.680591439773792, 1.477227559609439 ], [ 103.680213084380455, 1.477455546577144 ], [ 103.679858755296422, 1.477719758318783 ], [ 103.679531864891018, 1.478017650345074 ], [ 103.679235561289559, 1.478346353808894 ], [ 103.67897269805546, 1.478702703133079 ], [ 103.678745806709031, 1.479083266496128 ], [ 103.678557072347303, 1.479484378881742 ], [ 103.678408312600155, 1.479902177374425 ], [ 103.678300960124787, 1.480332638360712 ], [ 103.678236048807861, 1.480771616278299 ], [ 103.678214203807585, 1.481214883539577 ], [ 103.678235635532133, 1.481658171245175 ], [ 103.678300137612226, 1.48209721029567 ], [ 103.678407088887283, 1.482527772505064 ], [ 103.678555459386544, 1.482945711320619 ], [ 103.678743820247078, 1.483347001756523 ], [ 103.678970357473489, 1.48372777915696 ], [ 103.679232889406904, 1.484084376415217 ], [ 103.679528887734705, 1.484413359290415 ], [ 103.679855501839128, 1.484711559481661 ], [ 103.680209586249944, 1.484976105141165 ], [ 103.680587730936963, 1.485204448532301 ], [ 103.680986294150657, 1.485394390566432 ], [ 103.6814014374945, 1.485544101981948 ], [ 103.681829162891532, 1.485652140961724 ], [ 103.682265351088617, 1.485717467019096 ], [ 103.682705801328169, 1.485739451018792 ], [ 103.683146271804674, 1.485717881236283 ], [ 103.683582520516765, 1.485652965396976 ], [ 103.684010346121127, 1.485545328675881 ], [ 103.684425628394948, 1.485396007676823 ], [ 103.684824367916931, 1.485206440449245 ], [ 103.685202724584869, 1.484978452638716 ], [ 103.685557054598988, 1.484714239904686 ], [ 103.685883945554195, 1.484416346774535 ], [ 103.686180249304059, 1.484087642137822 ], [ 103.686443112279463, 1.483731291616764 ], [ 103.686670002970033, 1.483350727078883 ], [ 103.686858736303918, 1.482949613585615 ], [ 103.687007494690789, 1.48253181409501 ], [ 103.687114845525684, 1.482101352258893 ], [ 103.687179754984996, 1.481662373672241 ], [ 103.687201597981883, 1.48121910594836 ], [ 103.687180164185179, 1.480775818004376 ] ] ] } },
{ "type": "Feature", "properties": { "Final_Location_ID": "FLOC-0189", "Standardized_Location": "Taman Rinting", "Frequency_Band": "1-3", "Zone_Source": "500M_EVIDENCE_SUPPORT_BUFFER" }, "geometry": { "type": "Polygon", "coordinates": [ [ [ 103.883272313298875, 1.495458371528448 ], [ 103.883207765184508, 1.495019332783404 ], [ 103.883100767923793, 1.49458877539745 ], [ 103.882952351984727, 1.494170845869018 ], [ 103.882763946717233, 1.493769569080615 ], [ 103.882537366586845, 1.493388809537401 ], [ 103.882274793699636, 1.493032234150157 ], [ 103.881978756786694, 1.492703276921411 ], [ 103.881652106850837, 1.492405105874699 ], [ 103.88129798970941, 1.492140592545164 ], [ 103.880919815698633, 1.491912284325839 ], [ 103.880521226830169, 1.491722379935331 ], [ 103.880106061717157, 1.49157270824352 ], [ 103.879678318606722, 1.491464710659125 ], [ 103.879242116875517, 1.491399427248468 ], [ 103.878801657358764, 1.491377486719517 ], [ 103.878361181894832, 1.491399100367348 ], [ 103.877924932475182, 1.491464060039388 ], [ 103.877497110392611, 1.491571740140123 ], [ 103.877081835781695, 1.491721103655816 ], [ 103.876683107940551, 1.491910712141426 ], [ 103.876304766816332, 1.492138739573263 ], [ 103.875950456025237, 1.492402989934273 ], [ 103.875623587763073, 1.492700918362446 ], [ 103.875327309944325, 1.493029655658634 ], [ 103.87506447588629, 1.493386035918062 ], [ 103.874837616830078, 1.493766627019037 ], [ 103.874648917563121, 1.49416776367564 ], [ 103.874500195378133, 1.494585582735875 ], [ 103.874392882570945, 1.495016060385399 ], [ 103.874328012645947, 1.495455050898575 ], [ 103.874306210361965, 1.495898326563811 ], [ 103.874327685714618, 1.496341618398318 ], [ 103.874392231912694, 1.49678065726075 ], [ 103.874499227368673, 1.497211214965154 ], [ 103.874647641683922, 1.497629145000896 ], [ 103.874836045570873, 1.498030422465922 ], [ 103.875062624617115, 1.498411182829127 ], [ 103.875325196758212, 1.498767759148179 ], [ 103.875621233291696, 1.499096717384738 ], [ 103.875947883229443, 1.499394889476599 ], [ 103.876302000753924, 1.499659403848393 ], [ 103.876680175514267, 1.499887713067044 ], [ 103.877078765469946, 1.500077618375548 ], [ 103.877493931966114, 1.500227290868745 ], [ 103.877921676702428, 1.500335289107124 ], [ 103.87835788023979, 1.500400572999237 ], [ 103.878798341673544, 1.500422513818591 ], [ 103.879238819091668, 1.500400900258988 ], [ 103.879675070427623, 1.500335940469565 ], [ 103.88010289431493, 1.500228260050373 ], [ 103.880518170549678, 1.500078896027376 ], [ 103.880916899771336, 1.49988928686514 ], [ 103.8812952419797, 1.499661258613325 ], [ 103.881649553516894, 1.499397007320497 ], [ 103.881976422158502, 1.499099077884488 ], [ 103.882272699975402, 1.498770339543164 ], [ 103.882535533650355, 1.498413958241497 ], [ 103.88276239195703, 1.498033366141183 ], [ 103.882951090136743, 1.497632228566578 ], [ 103.883099810938589, 1.497214408704953 ], [ 103.883207122119899, 1.496783930401448 ], [ 103.883271990238768, 1.496344939406809 ], [ 103.88329379060572, 1.49590166345119 ], [ 103.883272313298875, 1.495458371528448 ] ] ] } },
{ "type": "Feature", "properties": { "Final_Location_ID": "FLOC-0190", "Standardized_Location": "Taman Setia Indah", "Frequency_Band": "1-3", "Zone_Source": "500M_EVIDENCE_SUPPORT_BUFFER" }, "geometry": { "type": "Polygon", "coordinates": [ [ [ 103.763749377615696, 1.568548063544745 ], [ 103.763684855630586, 1.568109022434248 ], [ 103.763577882665103, 1.567678459899222 ], [ 103.763429488955268, 1.567260522487706 ], [ 103.763241103638748, 1.566859235158043 ], [ 103.763014540990639, 1.566478462516411 ], [ 103.762751982950178, 1.566121871599058 ], [ 103.762455958106742, 1.565792896557177 ], [ 103.762129317347714, 1.565494705584723 ], [ 103.761775206402703, 1.565230170407547 ], [ 103.761397035548356, 1.565001838627698 ], [ 103.760998446765797, 1.564811909189337 ], [ 103.760583278666715, 1.564662211202225 ], [ 103.76015552952606, 1.564554186326909 ], [ 103.7597193187773, 1.564488874891441 ], [ 103.759278847340966, 1.564466905872587 ], [ 103.758838357168528, 1.564488490838968 ], [ 103.758402090391144, 1.564553421913591 ], [ 103.757974248466908, 1.564661073776008 ], [ 103.757558951719489, 1.564810409684343 ], [ 103.757160199658315, 1.564999991459597 ], [ 103.756781832462124, 1.565227993335763 ], [ 103.756427493996668, 1.565492219542586 ], [ 103.756100596723044, 1.565790125451588 ], [ 103.755804288834241, 1.566118842081592 ], [ 103.755541423936606, 1.56647520372808 ], [ 103.75531453356804, 1.566855778449945 ], [ 103.755125802817773, 1.567256901120406 ], [ 103.754977049282289, 1.567674708723524 ], [ 103.754869705560282, 1.568105177556602 ], [ 103.754804805455109, 1.568544161980115 ], [ 103.754782974017857, 1.568987434342157 ], [ 103.754804421526529, 1.569430725692623 ], [ 103.754868941459989, 1.569869766895391 ], [ 103.754975912485648, 1.570300329742382 ], [ 103.755124304442006, 1.570718267673473 ], [ 103.755312688258797, 1.571119555710477 ], [ 103.755539249718538, 1.57150032921996 ], [ 103.755801806927678, 1.571856921132328 ], [ 103.756097831328788, 1.572185897258169 ], [ 103.756424472051464, 1.57248408936186 ], [ 103.756778583367506, 1.572748625674078 ], [ 103.757156754986013, 1.57297695854916 ], [ 103.757555344896502, 1.573166889000848 ], [ 103.757970514443926, 1.573316587880468 ], [ 103.758398265297672, 1.573424613493114 ], [ 103.75883447795843, 1.573489925482465 ], [ 103.759274951432204, 1.573511894850415 ], [ 103.759715443689274, 1.573490310014982 ], [ 103.76015171251828, 1.573425378848088 ], [ 103.760579556382353, 1.573317726673738 ], [ 103.760994854883265, 1.573168390245779 ], [ 103.761393608444152, 1.572978807763211 ], [ 103.761771976828712, 1.572750805019191 ], [ 103.762126316125475, 1.572486577817343 ], [ 103.762453213841439, 1.572188670824394 ], [ 103.762749521766594, 1.571859953063149 ], [ 103.763012386293198, 1.571503590281636 ], [ 103.763239275897604, 1.571123014464529 ], [ 103.763428005519941, 1.570721890780718 ], [ 103.763576757607098, 1.57030408228512 ], [ 103.763684099616015, 1.5698736127147 ], [ 103.763748997809174, 1.569434627737298 ], [ 103.763770827208972, 1.568991355026143 ], [ 103.763749377615696, 1.568548063544745 ] ] ] } },
{ "type": "Feature", "properties": { "Final_Location_ID": "FLOC-0191", "Standardized_Location": "Taman Skudai Baru", "Frequency_Band": "1-3", "Zone_Source": "500M_EVIDENCE_SUPPORT_BUFFER" }, "geometry": { "type": "Polygon", "coordinates": [ [ [ 103.64935652623214, 1.509782919308981 ], [ 103.649292031071525, 1.509343879553237 ], [ 103.649185086122358, 1.508913315905046 ], [ 103.649036721351905, 1.50849537492436 ], [ 103.648848365620552, 1.508094081604717 ], [ 103.648621832920043, 1.50771330061051 ], [ 103.64835930490284, 1.507356699058506 ], [ 103.648063309870992, 1.507027711202061 ], [ 103.647736698426598, 1.506729505357882 ], [ 103.64738261601866, 1.506464953394005 ], [ 103.647004472650636, 1.506236603072909 ], [ 103.646605910040293, 1.506046653515673 ], [ 103.6461907665485, 1.505896934024057 ], [ 103.645763040214092, 1.505788886463861 ], [ 103.645326850251507, 1.505723551379565 ], [ 103.644886397381256, 1.505701557973798 ], [ 103.644445923375912, 1.505723118048141 ], [ 103.64400967021048, 1.505788023963677 ], [ 103.643581839211109, 1.505895650640746 ], [ 103.643166550595197, 1.506044961578887 ], [ 103.642767803792509, 1.506234518838692 ], [ 103.642389438929527, 1.506462496889778 ], [ 103.642035099847888, 1.506726700191219 ], [ 103.641708199012797, 1.507024584335417 ], [ 103.641411884649756, 1.507353280551459 ], [ 103.641149010425764, 1.507709623332414 ], [ 103.640922107966873, 1.508090180920169 ], [ 103.640733362477405, 1.508491288354541 ], [ 103.640584591694562, 1.508909082768078 ], [ 103.640477228382267, 1.509339540587031 ], [ 103.640412306531985, 1.509778516279889 ], [ 103.640390451403945, 1.510221782280761 ], [ 103.64041187350449, 1.510665069702675 ], [ 103.64047636655765, 1.51110410944906 ], [ 103.640583309490438, 1.51153467332728 ], [ 103.640731672413125, 1.511952614768508 ], [ 103.640920026536335, 1.512353908761531 ], [ 103.641146557930114, 1.512734690616123 ], [ 103.641409084992191, 1.513091293182387 ], [ 103.641705079457225, 1.513420282168033 ], [ 103.642031690744943, 1.51371848921296 ], [ 103.642385773412329, 1.513983042402945 ], [ 103.642763917445976, 1.514211393928427 ], [ 103.643162481102493, 1.514401344622034 ], [ 103.643577625980868, 1.514551065138333 ], [ 103.644005353988945, 1.514659113572153 ], [ 103.644441545847968, 1.514724449345439 ], [ 103.644882000764554, 1.514746443229094 ], [ 103.645322476887486, 1.51472488340315 ], [ 103.645758732160388, 1.514659977496977 ], [ 103.646186565176123, 1.514552350589901 ], [ 103.646601855639801, 1.514403039191214 ], [ 103.647000604050646, 1.514213481258011 ], [ 103.647378970220359, 1.513985502346555 ], [ 103.647733310257138, 1.513721298030818 ], [ 103.648060211659015, 1.513423412757436 ], [ 103.648356526178731, 1.513094715340679 ], [ 103.648619400143289, 1.512738371333602 ], [ 103.648846301936558, 1.512357812541441 ], [ 103.649035046379836, 1.511956703970696 ], [ 103.649183815776112, 1.51153890853247 ], [ 103.649291177414739, 1.511108449839915 ], [ 103.649356097368582, 1.510669473458054 ], [ 103.649377950450273, 1.510226206979316 ], [ 103.64935652623214, 1.509782919308981 ] ] ] } },
{ "type": "Feature", "properties": { "Final_Location_ID": "FLOC-0192", "Standardized_Location": "Taman Sri Bahagia", "Frequency_Band": "1-3", "Zone_Source": "500M_EVIDENCE_SUPPORT_BUFFER" }, "geometry": { "type": "Polygon", "coordinates": [ [ [ 103.732692339403826, 1.510388720641982 ], [ 103.732627824835234, 1.509949680679553 ], [ 103.732520860541214, 1.509519118734796 ], [ 103.732372476674314, 1.509101181350759 ], [ 103.732184102277657, 1.508699893486048 ], [ 103.731957551521589, 1.508319119752428 ], [ 103.731695006231334, 1.507962527196969 ], [ 103.731398994874169, 1.507633549986747 ], [ 103.731072368208444, 1.507335356336562 ], [ 103.730718271828835, 1.507070817997813 ], [ 103.73034011587265, 1.506842482602666 ], [ 103.729941542178466, 1.506652549129573 ], [ 103.729526389213518, 1.5065028467265 ], [ 103.729098655107862, 1.506394817095867 ], [ 103.728662459150911, 1.506329500610615 ], [ 103.728222002121328, 1.506307526295387 ], [ 103.727781525832313, 1.506329105768916 ], [ 103.727345272281667, 1.506394031206342 ], [ 103.726917442800158, 1.506501677340683 ], [ 103.726502157591625, 1.506651007484576 ], [ 103.72610341605413, 1.506840583513973 ], [ 103.725725058264686, 1.507068579717774 ], [ 103.725370727997841, 1.507332800380079 ], [ 103.725043837635127, 1.507630700925647 ], [ 103.724747535302129, 1.507959412425043 ], [ 103.724484674550837, 1.508315769223354 ], [ 103.72425778687834, 1.508696339426546 ], [ 103.724069057346966, 1.509097457951853 ], [ 103.723920303540567, 1.509515261823862 ], [ 103.723812958059611, 1.509945727376561 ], [ 103.723748054723714, 1.510384709002848 ], [ 103.723726218614388, 1.510827979078525 ], [ 103.723747660054215, 1.511271268676397 ], [ 103.723812172580182, 1.511710308678057 ], [ 103.723919134930881, 1.512140870887709 ], [ 103.724067517028487, 1.512558808752103 ], [ 103.724255889897819, 1.512960097294177 ], [ 103.724482439427263, 1.51334087187614 ], [ 103.724744983838733, 1.513697465418344 ], [ 103.725040994698702, 1.514026443715756 ], [ 103.725367621267978, 1.514324638511818 ], [ 103.725721717955508, 1.514589178011094 ], [ 103.726099874612203, 1.514817514536799 ], [ 103.726498449372571, 1.515007449067068 ], [ 103.726913603728377, 1.515157152413277 ], [ 103.727341339496135, 1.515265182836793 ], [ 103.727777537322567, 1.515330499934167 ], [ 103.728217996357131, 1.515352474657267 ], [ 103.728658474709604, 1.515330895371667 ], [ 103.729094730302918, 1.515265969895007 ], [ 103.729522561727734, 1.515158323495792 ], [ 103.729937848705575, 1.515008992871528 ], [ 103.730336591770367, 1.514819416164774 ], [ 103.730714950786449, 1.514591419112617 ], [ 103.731069281932051, 1.514327197463589 ], [ 103.731396172791975, 1.514029295830811 ], [ 103.73169247522145, 1.513700583185549 ], [ 103.731955335664807, 1.513344225226707 ], [ 103.732182222636794, 1.512963653892958 ], [ 103.732370951101984, 1.512562534310487 ], [ 103.732519703517511, 1.51214472949532 ], [ 103.732627047336351, 1.511714263149757 ], [ 103.732691948802795, 1.511275280911347 ], [ 103.732713782907126, 1.510832010427787 ], [ 103.732692339403826, 1.510388720641982 ] ] ] } },
{ "type": "Feature", "properties": { "Final_Location_ID": "FLOC-0193", "Standardized_Location": "Taman Tampoi Indah", "Frequency_Band": "1-3", "Zone_Source": "500M_EVIDENCE_SUPPORT_BUFFER" }, "geometry": { "type": "Polygon", "coordinates": [ [ [ 103.686360932745814, 1.510034430455233 ], [ 103.686296428902324, 1.509595390541599 ], [ 103.686189475292537, 1.509164827590431 ], [ 103.686041101966651, 1.508746888154818 ], [ 103.685852737866981, 1.508345597213248 ], [ 103.685626197065275, 1.507964819407156 ], [ 103.685363661291589, 1.507608221822729 ], [ 103.685067658922108, 1.507279238675263 ], [ 103.684741040629191, 1.506981038236399 ], [ 103.68438695192738, 1.506716492322473 ], [ 103.684008802880484, 1.506488148638087 ], [ 103.683610235260701, 1.506298206240931 ], [ 103.683195087477017, 1.506148494364267 ], [ 103.682767357609606, 1.506040454801099 ], [ 103.682331164906955, 1.505975128019398 ], [ 103.681890710116193, 1.505953143142327 ], [ 103.681450235028592, 1.505974711889798 ], [ 103.68101398162996, 1.506039626539728 ], [ 103.680586151249102, 1.506147261928688 ], [ 103.680170864097931, 1.506296581472481 ], [ 103.679772119592585, 1.506486147148989 ], [ 103.679393757838014, 1.50671413334682 ], [ 103.679039422646326, 1.50697834444648 ], [ 103.678712526445793, 1.507276235965064 ], [ 103.678416217417762, 1.507604939060414 ], [ 103.678153349178174, 1.507961288158987 ], [ 103.677926453295839, 1.508341851441411 ], [ 103.677737714911899, 1.508742963892192 ], [ 103.677588951695284, 1.509160762595052 ], [ 103.67748159633706, 1.509591223934396 ], [ 103.677416682752025, 1.510030202344331 ], [ 103.677394836120641, 1.510473470232284 ], [ 103.677416266867169, 1.510916758692685 ], [ 103.67748076863198, 1.511355798618531 ], [ 103.677587720257861, 1.511786361815161 ], [ 103.677736091770797, 1.512204301720123 ], [ 103.677924454298235, 1.512605593336857 ], [ 103.678150993828751, 1.512986371997972 ], [ 103.678413528681219, 1.513342970584439 ], [ 103.678709530514809, 1.51367195484244 ], [ 103.679036148677767, 1.513970156457686 ], [ 103.679390237660513, 1.514234703568598 ], [ 103.679768387388549, 1.514463048424596 ], [ 103.68016695606336, 1.514652991922963 ], [ 103.680582105235501, 1.514802704788113 ], [ 103.681009836771437, 1.514910745189065 ], [ 103.681446031358547, 1.514976072625638 ], [ 103.681886488177284, 1.514998057949498 ], [ 103.682326965358413, 1.514976489423579 ], [ 103.682763220835724, 1.514911574761445 ], [ 103.683191053200503, 1.514803939127018 ], [ 103.683606342164609, 1.514654619113863 ], [ 103.684005088242188, 1.514465052762207 ], [ 103.684383451267948, 1.514237065709367 ], [ 103.684737787380882, 1.51397285360767 ], [ 103.685064684117293, 1.513674960978533 ], [ 103.685360993275282, 1.513346256706806 ], [ 103.685623861233907, 1.512989906411252 ], [ 103.68585075643513, 1.512609341957188 ], [ 103.686039493764014, 1.512208228405206 ], [ 103.686188255592171, 1.511790428713879 ], [ 103.686295609281885, 1.511359966536744 ], [ 103.686360520982461, 1.510920987471946 ], [ 103.686382365585885, 1.510477719137183 ], [ 103.686360932745814, 1.510034430455233 ] ] ] } },
{ "type": "Feature", "properties": { "Final_Location_ID": "FLOC-0194", "Standardized_Location": "Taman Tampoi Utama", "Frequency_Band": "1-3", "Zone_Source": "500M_EVIDENCE_SUPPORT_BUFFER" }, "geometry": { "type": "Polygon", "coordinates": [ [ [ 103.690427714599792, 1.502076817960408 ], [ 103.690363209787648, 1.501637778263585 ], [ 103.690256255392981, 1.50120721564741 ], [ 103.690107881473423, 1.500789276661758 ], [ 103.689919516976886, 1.500387986280838 ], [ 103.689692975978957, 1.500007209140751 ], [ 103.689430440211467, 1.499650612321304 ], [ 103.689134438050587, 1.499321630030523 ], [ 103.68880782016663, 1.499023430531794 ], [ 103.6884537320703, 1.498758885632503 ], [ 103.688075583819511, 1.498530543027485 ], [ 103.687677017178984, 1.498340601764093 ], [ 103.68726187054834, 1.49819089106469 ], [ 103.686834141996698, 1.498082852710956 ], [ 103.686397950760053, 1.49801752715924 ], [ 103.685957497571508, 1.49799554352085 ], [ 103.685517024207059, 1.498017113503735 ], [ 103.685080772636013, 1.498082029373902 ], [ 103.684652944169713, 1.498189665956113 ], [ 103.684237659001695, 1.498338986654676 ], [ 103.683838916529112, 1.498528553436283 ], [ 103.683460556837346, 1.498756540678799 ], [ 103.683106223718752, 1.49902075275269 ], [ 103.682779329581635, 1.499318645165596 ], [ 103.682483022587419, 1.49964734906667 ], [ 103.682220156332463, 1.500003698874556 ], [ 103.681993262366404, 1.50038426276302 ], [ 103.681804525811827, 1.500785375710686 ], [ 103.681655764319984, 1.501203174796468 ], [ 103.681548410565185, 1.501633636401064 ], [ 103.681483498446724, 1.502072614956034 ], [ 103.681461653130782, 1.502515882867398 ], [ 103.681483085028816, 1.502959171229375 ], [ 103.681547587770012, 1.503398210935948 ], [ 103.681654540187623, 1.50382877379461 ], [ 103.681802912299943, 1.504246713246192 ], [ 103.681991275228512, 1.504648004298528 ], [ 103.682217814958037, 1.505028782289738 ], [ 103.682480349805388, 1.505385380107315 ], [ 103.68277635142978, 1.5057143635049 ], [ 103.683102969181519, 1.506012564176513 ], [ 103.683457057554975, 1.506277110269729 ], [ 103.683835206481589, 1.506505454043846 ], [ 103.68423377417065, 1.506695396406553 ], [ 103.684648922182291, 1.506845108093245 ], [ 103.685076652394258, 1.50695314728433 ], [ 103.685512845506778, 1.507018473491237 ], [ 103.685953300714672, 1.507040457577526 ], [ 103.686393776164323, 1.507018887818001 ], [ 103.686830029806302, 1.506953971938081 ], [ 103.687257860249701, 1.506846335113362 ], [ 103.687673147224956, 1.506697013948894 ], [ 103.688071891265494, 1.506507446495872 ], [ 103.688450252225678, 1.506279458402213 ], [ 103.688804586264396, 1.506015245330175 ], [ 103.689131480938002, 1.505717351810498 ], [ 103.689427788064435, 1.505388646736542 ], [ 103.68969065404228, 1.505032295734721 ], [ 103.689917547332513, 1.504651730677158 ], [ 103.690106282838542, 1.504250616630181 ], [ 103.690255042949417, 1.503832816557094 ], [ 103.690362395043863, 1.503402354115167 ], [ 103.690427305286448, 1.502963374904986 ], [ 103.690449148583042, 1.502520106545729 ], [ 103.690427714599792, 1.502076817960408 ] ] ] } },
{ "type": "Feature", "properties": { "Final_Location_ID": "FLOC-0195", "Standardized_Location": "Taman Tasik / Taman Merdeka", "Frequency_Band": "1-3", "Zone_Source": "500M_EVIDENCE_SUPPORT_BUFFER" }, "geometry": { "type": "Polygon", "coordinates": [ [ [ 103.74039096772654, 1.478978592608652 ], [ 103.740326451401643, 1.478539553452278 ], [ 103.74021948605693, 1.478108992575953 ], [ 103.740071101854724, 1.477691056512677 ], [ 103.73988272784122, 1.477289770208557 ], [ 103.739656178182884, 1.476908998260539 ], [ 103.73939363469438, 1.4765524076987 ], [ 103.739097625825679, 1.476223432671112 ], [ 103.738771002311225, 1.475925241371691 ], [ 103.738416909715639, 1.475660705529333 ], [ 103.738038758140064, 1.475432372752231 ], [ 103.73764018938121, 1.475242441993667 ], [ 103.73722504185919, 1.475092742375425 ], [ 103.73679731365209, 1.474984715573083 ], [ 103.73636112399295, 1.474919401932289 ], [ 103.735920673600248, 1.474897430450101 ], [ 103.735480204223677, 1.474919012717849 ], [ 103.735043957794829, 1.47498394088353 ], [ 103.734616135576303, 1.475091589653718 ], [ 103.73420085770222, 1.475240922315443 ], [ 103.733802123500254, 1.475430500720158 ], [ 103.733423772976849, 1.475658499133695 ], [ 103.733069449836691, 1.475922721818653 ], [ 103.732742566392574, 1.476220624180159 ], [ 103.732446270703321, 1.476549337271116 ], [ 103.73218341625676, 1.476905695421144 ], [ 103.731956534488944, 1.477286266723126 ], [ 103.731767810404989, 1.477687386083706 ], [ 103.731619061535909, 1.478105190519416 ], [ 103.73151172043417, 1.478535656358855 ], [ 103.731446820876783, 1.478974637992249 ], [ 103.731424987908397, 1.479417907795476 ], [ 103.731446431820942, 1.479861196844128 ], [ 103.731510946127187, 1.48030023602525 ], [ 103.731617909548234, 1.480730797151187 ], [ 103.731766291995669, 1.481148733679323 ], [ 103.731954664490729, 1.481550020645737 ], [ 103.732181212925269, 1.481930793427955 ], [ 103.732443755531705, 1.4822873849639 ], [ 103.732739763893974, 1.482616361068059 ], [ 103.733066387297029, 1.482914553505137 ], [ 103.73342048018057, 1.483179090502514 ], [ 103.733798632432382, 1.483407424407619 ], [ 103.73419720222978, 1.483597356223828 ], [ 103.734612351112702, 1.483747056788652 ], [ 103.735040080950824, 1.483855084390228 ], [ 103.735476272448352, 1.483920398652143 ], [ 103.735916724816249, 1.483942370553476 ], [ 103.736357196228852, 1.483920788486786 ], [ 103.736793444676323, 1.48385586029636 ], [ 103.73722126881853, 1.483748211276567 ], [ 103.737636548447398, 1.483598878149975 ], [ 103.738035284167808, 1.48340929908298 ], [ 103.738413635914981, 1.48318129983522 ], [ 103.738767959937192, 1.482917076176145 ], [ 103.739094843887798, 1.482619172738092 ], [ 103.739391139688422, 1.482290458509486 ], [ 103.739653993847043, 1.48193409920443 ], [ 103.739880874938621, 1.481553526774445 ], [ 103.740069597984018, 1.481152406356232 ], [ 103.740218345492181, 1.480734600973916 ], [ 103.740325684962912, 1.480304134335255 ], [ 103.740390582681897, 1.479865152080737 ], [ 103.740412413675102, 1.479421881858362 ], [ 103.74039096772654, 1.478978592608652 ] ] ] } },
{ "type": "Feature", "properties": { "Final_Location_ID": "FLOC-0196", "Standardized_Location": "Wisma Persekutuan Johor Bahru", "Frequency_Band": "1-3", "Zone_Source": "500M_EVIDENCE_SUPPORT_BUFFER" }, "geometry": { "type": "Polygon", "coordinates": [ [ [ 103.763252227073693, 1.459918633712765 ], [ 103.763187705587427, 1.459479595034941 ], [ 103.763080735522209, 1.459049035198734 ], [ 103.762932347085453, 1.458631100727175 ], [ 103.76274396936374, 1.458229816551102 ], [ 103.762517416558978, 1.4578490472471 ], [ 103.762254870515775, 1.457492459819921 ], [ 103.761958859708514, 1.457163488387656 ], [ 103.7616322348902, 1.456865301109817 ], [ 103.761278141637945, 1.456600769676816 ], [ 103.760899990059229, 1.456372441654665 ], [ 103.760501421950906, 1.456182515951056 ], [ 103.760086275726991, 1.456032821639384 ], [ 103.759658549453349, 1.455924800344319 ], [ 103.759222362344659, 1.455859492358671 ], [ 103.758781915095241, 1.455837526625209 ], [ 103.758341449424876, 1.45585911468001 ], [ 103.757905207229896, 1.455924048615404 ], [ 103.757477389732529, 1.456031703082447 ], [ 103.757062117021846, 1.456181041313266 ], [ 103.756663388376168, 1.45637062510562 ], [ 103.756285043748733, 1.456598628673308 ], [ 103.755930726787739, 1.456862856229159 ], [ 103.755603849746677, 1.45716076313117 ], [ 103.755307560622867, 1.457489480388297 ], [ 103.755044712840927, 1.45784584228981 ], [ 103.754817837772734, 1.458226416892208 ], [ 103.754629120358757, 1.458627539070048 ], [ 103.754480378065622, 1.459045345812547 ], [ 103.754373043382174, 1.459475813425831 ], [ 103.75430815002332, 1.459914796282844 ], [ 103.75428632297367, 1.460358066747553 ], [ 103.75430777246774, 1.460801355889016 ], [ 103.754372291964174, 1.461240394593325 ], [ 103.75447926013365, 1.461670954677394 ], [ 103.754627646841584, 1.46208888960867 ], [ 103.75481602306786, 1.462490174438659 ], [ 103.755042574668053, 1.462870944565625 ], [ 103.755305119843811, 1.463227532953204 ], [ 103.755601130154119, 1.463556505446405 ], [ 103.755927754865041, 1.463854693844912 ], [ 103.756281848403603, 1.464119226415251 ], [ 103.756660000651337, 1.464347555547779 ], [ 103.75705856978567, 1.464537482292025 ], [ 103.757473717353122, 1.464687177534667 ], [ 103.757901445236257, 1.464795199615223 ], [ 103.758337634158494, 1.464860508210756 ], [ 103.758778083355878, 1.464882474354996 ], [ 103.759218551033698, 1.464860886496103 ], [ 103.759654795218523, 1.464795952534216 ], [ 103.760082614611648, 1.464688297819304 ], [ 103.760497889051123, 1.46453895912876 ], [ 103.760896619192252, 1.464349374682509 ], [ 103.761274965024271, 1.46412137029185 ], [ 103.761629282852681, 1.46385714177561 ], [ 103.761956160390724, 1.463559233812672 ], [ 103.762252449621926, 1.463230515434867 ], [ 103.762515297117545, 1.462874152395989 ], [ 103.762742171516734, 1.462493576683257 ], [ 103.762930887904687, 1.46209245346475 ], [ 103.7630796288543, 1.461674645791292 ], [ 103.763186961928241, 1.461244177392484 ], [ 103.763251853473548, 1.460805193925613 ], [ 103.763273678575231, 1.460361923050129 ], [ 103.763252227073693, 1.459918633712765 ] ] ] } },
{ "type": "Feature", "properties": { "Final_Location_ID": "FLOC-0014", "Standardized_Location": "Hospital Sultanah Aminah", "Frequency_Band": "1-3", "Zone_Source": "VALIDATED_POLYGON" }, "geometry": { "type": "Polygon", "coordinates": [ [ [ 103.744471, 1.458155 ], [ 103.7433572, 1.458416 ], [ 103.7432975, 1.458445 ], [ 103.7432621, 1.4584886 ], [ 103.7432434, 1.4585548 ], [ 103.7432374, 1.4586232 ], [ 103.7433712, 1.459036 ], [ 103.743505, 1.4595274 ], [ 103.7437527, 1.4603838 ], [ 103.7440347, 1.4609328 ], [ 103.7441023, 1.4610269 ], [ 103.7442152, 1.4610721 ], [ 103.7444047, 1.4610395 ], [ 103.7446849, 1.4609038 ], [ 103.7449081, 1.4608846 ], [ 103.7450063, 1.4610261 ], [ 103.7456311, 1.4616014 ], [ 103.7464697, 1.4623411 ], [ 103.7467328, 1.4624685 ], [ 103.7473453, 1.4626658 ], [ 103.7482867, 1.4629123 ], [ 103.7489239, 1.4631507 ], [ 103.7490436, 1.4629333 ], [ 103.7492937, 1.4625655 ], [ 103.7496102, 1.461668 ], [ 103.7494093, 1.4615072 ], [ 103.7500951, 1.4608581 ], [ 103.750075, 1.4605759 ], [ 103.7501815, 1.4597653 ], [ 103.7495392, 1.4596401 ], [ 103.7494223, 1.4596228 ], [ 103.7489085, 1.4596504 ], [ 103.7482429, 1.4597764 ], [ 103.7477606, 1.4587658 ], [ 103.7477773, 1.4586615 ], [ 103.7483951, 1.4583318 ], [ 103.7481655, 1.4579855 ], [ 103.7479165, 1.4575865 ], [ 103.7477051, 1.4572299 ], [ 103.7470547, 1.4573944 ], [ 103.7464042, 1.4575678 ], [ 103.7456721, 1.4578212 ], [ 103.7452642, 1.4579464 ], [ 103.744471, 1.458155 ] ] ] } },
{ "type": "Feature", "properties": { "Final_Location_ID": "FLOC-0070", "Standardized_Location": "Jalan Wong Ah Fook / Sungai Segget Project Area", "Frequency_Band": "1-3", "Zone_Source": "VALIDATED_POLYGON" }, "geometry": { "type": "Polygon", "coordinates": [ [ [ 103.7617905, 1.4648775 ], [ 103.7620707, 1.4643301 ], [ 103.7626501, 1.4633174 ], [ 103.7632366, 1.4621273 ], [ 103.7638586, 1.4609823 ], [ 103.7642726, 1.4601424 ], [ 103.7644817, 1.4597591 ], [ 103.7645631, 1.4595921 ], [ 103.7646674, 1.4592804 ], [ 103.7650213, 1.4586255 ], [ 103.7651644, 1.4584093 ], [ 103.765603, 1.4575897 ], [ 103.765746, 1.4574105 ], [ 103.7662775, 1.4568978 ], [ 103.7665951, 1.4566239 ], [ 103.7664489, 1.4564521 ], [ 103.7661265, 1.4567302 ], [ 103.76558, 1.4572575 ], [ 103.765415, 1.4574643 ], [ 103.7649716, 1.4582927 ], [ 103.7648287, 1.4585085 ], [ 103.7644606, 1.4591896 ], [ 103.7643549, 1.4595059 ], [ 103.7642823, 1.4596549 ], [ 103.7640734, 1.4600376 ], [ 103.7636594, 1.4608777 ], [ 103.7630374, 1.4620227 ], [ 103.7624519, 1.4632106 ], [ 103.7618733, 1.4642219 ], [ 103.7615955, 1.4647645 ], [ 103.7615052, 1.4649065 ], [ 103.7611712, 1.4655282 ], [ 103.7613688, 1.4656358 ], [ 103.7616988, 1.4650215 ], [ 103.7617905, 1.4648775 ] ] ] } },
{ "type": "Feature", "properties": { "Final_Location_ID": "FLOC-0139", "Standardized_Location": "KIPMall Tampoi", "Frequency_Band": "1-3", "Zone_Source": "VALIDATED_POLYGON" }, "geometry": { "type": "Polygon", "coordinates": [ [ [ 103.6871319, 1.5096164 ], [ 103.6871128, 1.5096537 ], [ 103.6871843, 1.5096904 ], [ 103.6872004, 1.509659 ], [ 103.6872606, 1.5096899 ], [ 103.6879857, 1.5082787 ], [ 103.6878943, 1.5082318 ], [ 103.6879157, 1.5081902 ], [ 103.6871667, 1.5078056 ], [ 103.6869996, 1.5081308 ], [ 103.6869402, 1.5081003 ], [ 103.6868982, 1.508182 ], [ 103.6869611, 1.5082143 ], [ 103.6864267, 1.5092543 ], [ 103.6871319, 1.5096164 ] ] ] } },
{ "type": "Feature", "properties": { "Final_Location_ID": "FLOC-0086", "Standardized_Location": "Kampung Kangkar Tebrau", "Frequency_Band": ">=7", "Zone_Source": "VALIDATED_POLYGON" }, "geometry": { "type": "Polygon", "coordinates": [ [ [ 103.7602739, 1.5317088 ], [ 103.7577665, 1.5298698 ], [ 103.7563327, 1.5291569 ], [ 103.7546713, 1.5286753 ], [ 103.7530933, 1.528664 ], [ 103.7515001, 1.5292593 ], [ 103.7518415, 1.5314017 ], [ 103.7524902, 1.531542 ], [ 103.7532488, 1.5319212 ], [ 103.7562758, 1.5341091 ], [ 103.7572469, 1.5348636 ], [ 103.7602739, 1.5317088 ] ] ] } },
{ "type": "Feature", "properties": { "Final_Location_ID": "FLOC-0123", "Standardized_Location": "Kampung Tuah Jaya", "Frequency_Band": "4-6", "Zone_Source": "VALIDATED_POLYGON" }, "geometry": { "type": "Polygon", "coordinates": [ [ [ 103.6739347, 1.4799031 ], [ 103.6741557, 1.4810677 ], [ 103.6742456, 1.4811465 ], [ 103.6744329, 1.4810895 ], [ 103.6749258, 1.4808297 ], [ 103.6750639, 1.4807181 ], [ 103.6752499, 1.4809571 ], [ 103.6760786, 1.4803198 ], [ 103.6758768, 1.4799852 ], [ 103.6762487, 1.4797165 ], [ 103.6767078, 1.4793848 ], [ 103.6772104, 1.4794215 ], [ 103.677292, 1.4792899 ], [ 103.6767799, 1.47887 ], [ 103.676849, 1.4787691 ], [ 103.6770402, 1.4788009 ], [ 103.6772634, 1.4788487 ], [ 103.6779859, 1.4786044 ], [ 103.6780656, 1.4784451 ], [ 103.6780974, 1.478376 ], [ 103.6782143, 1.4783229 ], [ 103.6783949, 1.4782539 ], [ 103.6782993, 1.4780202 ], [ 103.678735, 1.4778875 ], [ 103.6788387, 1.4781538 ], [ 103.6794153, 1.4779302 ], [ 103.6792487, 1.4775332 ], [ 103.6798026, 1.4773338 ], [ 103.6799143, 1.476422 ], [ 103.6798074, 1.4763034 ], [ 103.6796899, 1.4763491 ], [ 103.6796665, 1.4763987 ], [ 103.6793852, 1.4764935 ], [ 103.6792787, 1.4765683 ], [ 103.6770758, 1.4773933 ], [ 103.6767925, 1.4773241 ], [ 103.6758095, 1.4779619 ], [ 103.6756487, 1.4781221 ], [ 103.6751325, 1.4784969 ], [ 103.6750837, 1.4785324 ], [ 103.6746354, 1.4788171 ], [ 103.6738487, 1.47945 ], [ 103.6739347, 1.4799031 ] ] ] } },
{ "type": "Feature", "properties": { "Final_Location_ID": "FLOC-0066", "Standardized_Location": "Jalan Tebrau near Wisma Daiman", "Frequency_Band": "1-3", "Zone_Source": "VALIDATED_POLYGON" }, "geometry": { "type": "Polygon", "coordinates": [ [ [ 103.7664753, 1.4947925 ], [ 103.7665115, 1.494838 ], [ 103.7669393, 1.4948622 ], [ 103.7669943, 1.4948219 ], [ 103.7670428, 1.4945178 ], [ 103.7665712, 1.4944224 ], [ 103.7665672, 1.4944432 ], [ 103.7665484, 1.4944405 ], [ 103.7664753, 1.4947925 ] ] ] } },
{ "type": "Feature", "properties": { "Final_Location_ID": "FLOC-0091", "Standardized_Location": "Kampung Melayu Lima Kedai", "Frequency_Band": "1-3", "Zone_Source": "VALIDATED_POLYGON" }, "geometry": { "type": "Polygon", "coordinates": [ [ [ 103.6243615, 1.5055257 ], [ 103.6241732, 1.5059471 ], [ 103.6248327, 1.506455 ], [ 103.6261874, 1.5072115 ], [ 103.6266098, 1.5068595 ], [ 103.6276997, 1.5049791 ], [ 103.6257843, 1.5037827 ], [ 103.6228266, 1.5014957 ], [ 103.6221269, 1.5024542 ], [ 103.6219212, 1.5026829 ], [ 103.6243615, 1.5055257 ] ] ] } },
{ "type": "Feature", "properties": { "Final_Location_ID": "FLOC-0174", "Standardized_Location": "Taman Damai Jaya", "Frequency_Band": "1-3", "Zone_Source": "VALIDATED_POLYGON" }, "geometry": { "type": "Polygon", "coordinates": [ [ [ 103.6430492, 1.5066961 ], [ 103.6442959, 1.5071591 ], [ 103.6450413, 1.5074684 ], [ 103.6460059, 1.5074674 ], [ 103.6478669, 1.5058087 ], [ 103.6487366, 1.5069565 ], [ 103.6503074, 1.506476 ], [ 103.6516037, 1.5064228 ], [ 103.6519609, 1.5061448 ], [ 103.6526898, 1.5054361 ], [ 103.6525411, 1.5052492 ], [ 103.649606, 1.5022273 ], [ 103.647198, 1.4997061 ], [ 103.647033, 1.4995334 ], [ 103.6455262, 1.5009362 ], [ 103.6441112, 1.5009483 ], [ 103.6426756, 1.5015198 ], [ 103.6418804, 1.501345 ], [ 103.6405036, 1.5021707 ], [ 103.6395509, 1.5029772 ], [ 103.6430492, 1.5066961 ] ] ] } },
{ "type": "Feature", "properties": { "Final_Location_ID": "FLOC-0184", "Standardized_Location": "Taman Nusa Bayu", "Frequency_Band": "1-3", "Zone_Source": "VALIDATED_POLYGON" }, "geometry": { "type": "Polygon", "coordinates": [ [ [ 103.5982687, 1.4834379 ], [ 103.6026962, 1.4819937 ], [ 103.6045055, 1.4840408 ], [ 103.6074293, 1.4812546 ], [ 103.6069996, 1.4803653 ], [ 103.6082705, 1.4801777 ], [ 103.6091964, 1.4801263 ], [ 103.609021, 1.4795485 ], [ 103.6088273, 1.479004 ], [ 103.6086639, 1.4787015 ], [ 103.6084461, 1.4785926 ], [ 103.6079679, 1.4786047 ], [ 103.6068907, 1.478278 ], [ 103.605535, 1.4775581 ], [ 103.6046272, 1.4769712 ], [ 103.603326, 1.4755978 ], [ 103.6018251, 1.4761605 ], [ 103.5959668, 1.4785442 ], [ 103.5942782, 1.4789738 ], [ 103.5932736, 1.4791976 ], [ 103.5925638, 1.4793895 ], [ 103.5928811, 1.4811328 ], [ 103.5950946, 1.4845784 ], [ 103.5982687, 1.4834379 ] ] ] } },
{ "type": "Feature", "properties": { "Final_Location_ID": "FLOC-0109", "Standardized_Location": "Kampung Sepakat Baru", "Frequency_Band": "1-3", "Zone_Source": "VALIDATED_POLYGON" }, "geometry": { "type": "Polygon", "coordinates": [ [ [ 103.66214, 1.5700124 ], [ 103.6620649, 1.5705462 ], [ 103.6614802, 1.5718246 ], [ 103.6608408, 1.5730391 ], [ 103.6603483, 1.5735834 ], [ 103.6608141, 1.5740803 ], [ 103.6613116, 1.5734709 ], [ 103.6618077, 1.5727002 ], [ 103.6621365, 1.5719414 ], [ 103.6624712, 1.5710093 ], [ 103.6626027, 1.5696351 ], [ 103.662525, 1.5685178 ], [ 103.6620229, 1.5663849 ], [ 103.6619691, 1.5656141 ], [ 103.661742, 1.5646641 ], [ 103.661999, 1.5645566 ], [ 103.6618615, 1.5638695 ], [ 103.6615985, 1.5638516 ], [ 103.6616344, 1.5635588 ], [ 103.6615328, 1.5624953 ], [ 103.6616643, 1.562334 ], [ 103.6613774, 1.5610195 ], [ 103.6610845, 1.5610195 ], [ 103.6608096, 1.5598485 ], [ 103.6604389, 1.5584088 ], [ 103.6603063, 1.5568157 ], [ 103.6600744, 1.5541664 ], [ 103.659853643214674, 1.554146678972569 ], [ 103.659844060964588, 1.55661401275669 ], [ 103.659844781619555, 1.556645047358589 ], [ 103.659881273901831, 1.556910369367963 ], [ 103.6603015, 1.5588507 ], [ 103.6611742, 1.562322 ], [ 103.661216, 1.5640607 ], [ 103.661243835398395, 1.564217822056858 ], [ 103.661664491238881, 1.564838566598816 ], [ 103.661878161181704, 1.565435581808923 ], [ 103.661863685995286, 1.565900853071348 ], [ 103.661748806154307, 1.566216171283084 ], [ 103.6617634, 1.5668387 ], [ 103.661930813810784, 1.567644951586267 ], [ 103.662239021468594, 1.56859040467487 ], [ 103.662157421810747, 1.569251121742275 ], [ 103.66214, 1.5700124 ] ] ] } },
{ "type": "Feature", "properties": { "Final_Location_ID": "FLOC-0074", "Standardized_Location": "Kampung Baru Muafakat, Gelang Patah", "Frequency_Band": "4-6", "Zone_Source": "VALIDATED_POLYGON" }, "geometry": { "type": "Polygon", "coordinates": [ [ [ 103.5916052, 1.4454742 ], [ 103.5920321, 1.445116 ], [ 103.5921552, 1.4451631 ], [ 103.5926292, 1.4450762 ], [ 103.5927088, 1.4448447 ], [ 103.5926256, 1.4447145 ], [ 103.5928029, 1.4445336 ], [ 103.5930996, 1.4445626 ], [ 103.5934217, 1.4447254 ], [ 103.593599, 1.4445409 ], [ 103.593903, 1.4447326 ], [ 103.5943408, 1.4446277 ], [ 103.5948365, 1.4442659 ], [ 103.5949487, 1.4443672 ], [ 103.5952274, 1.4443021 ], [ 103.5956109, 1.4439946 ], [ 103.5965427, 1.4439981 ], [ 103.5965141, 1.4431515 ], [ 103.5969108, 1.4408189 ], [ 103.5959283, 1.4403745 ], [ 103.5945603, 1.4422846 ], [ 103.5941924, 1.4423921 ], [ 103.5939391, 1.4427647 ], [ 103.5936471, 1.4430536 ], [ 103.5936093, 1.4430224 ], [ 103.5933539, 1.4429624 ], [ 103.5932246, 1.4429321 ], [ 103.5927522, 1.4428211 ], [ 103.5927144, 1.4429863 ], [ 103.5925755, 1.4435934 ], [ 103.5924945, 1.4440274 ], [ 103.5924668, 1.4440739 ], [ 103.5922488, 1.4443425 ], [ 103.592217, 1.4444459 ], [ 103.5921931, 1.4445942 ], [ 103.5921573, 1.4446445 ], [ 103.592064, 1.4447328 ], [ 103.5919878, 1.4447991 ], [ 103.5918709, 1.444901 ], [ 103.5915679, 1.4451634 ], [ 103.5915323, 1.4451891 ], [ 103.5910588, 1.4452607 ], [ 103.5911347, 1.445608 ], [ 103.5916052, 1.4454742 ] ] ] } },
{ "type": "Feature", "properties": { "Final_Location_ID": "FLOC-0064", "Standardized_Location": "Jalan Tawakal, Kampung Melayu Kangkar Pulai", "Frequency_Band": "1-3", "Zone_Source": "VALIDATED_POLYGON" }, "geometry": { "type": "Polygon", "coordinates": [ [ [ 103.5843694, 1.5617903 ], [ 103.5895231, 1.5591585 ], [ 103.5896106, 1.5589496 ], [ 103.5893624, 1.5583169 ], [ 103.5892876, 1.5556442 ], [ 103.5891093, 1.5557793 ], [ 103.5884591, 1.5559809 ], [ 103.5880147, 1.5560575 ], [ 103.5866653, 1.5556503 ], [ 103.5854256, 1.5552188 ], [ 103.5837627, 1.5553407 ], [ 103.5837908, 1.5580549 ], [ 103.583824775830891, 1.561732038609869 ], [ 103.583843357589373, 1.561736623868361 ], [ 103.584110652609965, 1.56177414017035 ], [ 103.5843694, 1.5617903 ] ] ] } },
{ "type": "Feature", "properties": { "Final_Location_ID": "FLOC-0130", "Standardized_Location": "Kempas Lurah", "Frequency_Band": "1-3", "Zone_Source": "VALIDATED_POLYGON" }, "geometry": { "type": "Polygon", "coordinates": [ [ [ 103.7203241, 1.5293396 ], [ 103.71938, 1.5282671 ], [ 103.7202893, 1.5269702 ], [ 103.715284, 1.5254401 ], [ 103.7151137, 1.5255063 ], [ 103.7118719, 1.5245453 ], [ 103.7115345, 1.5249308 ], [ 103.7124738, 1.5253081 ], [ 103.712706, 1.5282342 ], [ 103.7116622, 1.5289591 ], [ 103.7110511, 1.5293632 ], [ 103.716333, 1.5343375 ], [ 103.7203241, 1.5293396 ] ] ] } },
{ "type": "Feature", "properties": { "Final_Location_ID": "FLOC-0181", "Standardized_Location": "Taman Mawar", "Frequency_Band": "1-3", "Zone_Source": "VALIDATED_POLYGON" }, "geometry": { "type": "Polygon", "coordinates": [ [ [ 103.8978577, 1.4669742 ], [ 103.8968963, 1.4649027 ], [ 103.895407, 1.4619219 ], [ 103.895171, 1.4618683 ], [ 103.891804, 1.4632017 ], [ 103.8912891, 1.4636843 ], [ 103.8909565, 1.4639096 ], [ 103.8898363, 1.4661203 ], [ 103.8896646, 1.4665708 ], [ 103.8896917, 1.4669938 ], [ 103.8915332, 1.4710501 ], [ 103.8917693, 1.4724431 ], [ 103.8918284, 1.473049 ], [ 103.89176, 1.4742087 ], [ 103.8915347, 1.4749514 ], [ 103.89154, 1.4753081 ], [ 103.8917787, 1.4759636 ], [ 103.8925754, 1.4763337 ], [ 103.894642, 1.4764114 ], [ 103.8968816, 1.4754756 ], [ 103.9009559, 1.4736497 ], [ 103.8978577, 1.4669742 ] ] ] } }
]
}
