{"type":"FeatureCollection","features":[{"type":"Feature","id":8,"geometry":{"type":"Polygon","coordinates":[[[103.81918470494331,1.6219195887980808],[103.81910983716858,1.6217839000188272],[103.81858410599648,1.6211524936826327],[103.81938717275462,1.6206870650361906],[103.81945010131004,1.6205037171202943],[103.82023542530757,1.61952731347173],[103.82036032586154,1.6192679735633697],[103.82068587633167,1.61860959957244],[103.82136059711685,1.6185286899597735],[103.82187195968471,1.6184614848895855],[103.82192892125218,1.618418131646267],[103.82211574377651,1.6179803374460218],[103.82256383042366,1.6169304253167156],[103.82384862718604,1.615558681310344],[103.8244405738894,1.6154298155394624],[103.82468724267264,1.6148864209711873],[103.82536484815991,1.614190035442327],[103.82526747045469,1.6138535833412821],[103.8251719154906,1.613373050043895],[103.82529823958093,1.6129377781323313],[103.82533466233309,1.61224249761774],[103.82534586429665,1.6119287761164525],[103.82435031165977,1.6113769436679994],[103.82385602777916,1.6117382601670178],[103.82262903106026,1.6114600503513423],[103.82229947688862,1.6113653438048696],[103.82140789152385,1.609388624256333],[103.82174259325839,1.6084897636161914],[103.82178969150206,1.607912997445707],[103.82181209911593,1.6074494686598189],[103.82180715815826,1.6071041690367673],[103.82184810582653,1.6066463443309886],[103.82176389133451,1.6062195639064016],[103.82161303488252,1.6054583255658974],[103.8213835896273,1.6049038509664684],[103.82125990331899,1.6044569899605414],[103.82110107288048,1.6040281296870802],[103.82060638539755,1.602605355902479],[103.82050955155458,1.6023683196895515],[103.8204753204758,1.6022856568552937],[103.82023135565582,1.601466642727565],[103.82027601039775,1.6013266248277833],[103.82031979213131,1.600740915547148],[103.82039545354735,1.6001190996979562],[103.82045516439625,1.599433094769614],[103.82047504258638,1.5990038412108678],[103.8206581955407,1.5972587507605474],[103.82074179790267,1.5964002469775422],[103.82078952537486,1.5954655197879553],[103.8202893442621,1.5942813239317144],[103.81988042266231,1.5933119174882726],[103.81978512728692,1.5930116662756966],[103.81946154127075,1.5913818185428013],[103.8193179140536,1.5904872416306695],[103.81879939994229,1.5881966436479273],[103.81871567177951,1.5880482224071613],[103.81823721949884,1.5874144385965423],[103.81757137976871,1.5864838158197152],[103.81746769034947,1.5861027249118778],[103.8175591930674,1.5846545001409666],[103.81788196228727,1.5836194456277224],[103.81810058527769,1.5829492204579019],[103.81901784967071,1.5811063410250614],[103.81905318713912,1.5801759562794775],[103.81884555443392,1.578954462991796],[103.81811412648861,1.5777484087026583],[103.81780273696772,1.5763747342767511],[103.81728914172295,1.5755155625583976],[103.81654332109623,1.5748372627931213],[103.81548517145329,1.5741360946836875],[103.81416337697084,1.5729971228916995],[103.81376497844327,1.572251748564082],[103.81384353010444,1.571586325032321],[103.81409414077591,1.5702703960591198],[103.81382109399763,1.569743941572618],[103.81367433030665,1.5696269269291518],[103.81324620215598,1.5694533249201634],[103.81289307788828,1.5693066822694024],[103.81177514696192,1.568843832567161],[103.8113733102321,1.5677405787652756],[103.81124131048094,1.5672359196123706],[103.81095549015019,1.566963725001627],[103.81046125408504,1.5666129587409898],[103.80975829975928,1.5661942810204663],[103.80915094498808,1.5660957706746998],[103.8085587053707,1.5660678057007822],[103.8080857962892,1.5661031313771139],[103.80696362276448,1.5662289785311443],[103.80623913331571,1.5662401875940575],[103.80572421881884,1.565635913466711],[103.80551485002321,1.5653157694622324],[103.80532697887085,1.5643029238128026],[103.80504766217275,1.5642371193416442],[103.80442552669953,1.5642253359378806],[103.80415577374342,1.5642551293039444],[103.80347938945937,1.5643402179046761],[103.80200416382807,1.563982508543347],[103.801027659002,1.5627288956237355],[103.8013635772591,1.5622863926801525],[103.80154265595343,1.5619378693746955],[103.8015604583958,1.5610726175098786],[103.8015961809602,1.560057149034153],[103.80145117792362,1.5592045679657789],[103.8013003700583,1.5587560793483772],[103.80107927630492,1.5583587853458125],[103.80101076893885,1.557767914406712],[103.80028382273827,1.556851877836885],[103.8002344125112,1.5563499661580578],[103.80044336954485,1.5560615250613234],[103.80095682363886,1.555791073825267],[103.80135083155533,1.5553704222985083],[103.80143434502926,1.5546734086967497],[103.8017009058091,1.5539259380972912],[103.80167093492976,1.5532786405232755],[103.80114119427172,1.5524870557677237],[103.80094314642963,1.5513244399195363],[103.80025805696765,1.5507618737035498],[103.79959850686924,1.5497175085001567],[103.79689244521299,1.5479256887186055],[103.796820257019,1.5475185204967303],[103.79662712548843,1.5461764701796443],[103.79635364998782,1.5459950684611177],[103.7951544088567,1.5460315574767756],[103.79402794393226,1.5462614057563175],[103.79350905824136,1.5460001769157519],[103.79324946014825,1.5458429289260975],[103.79262112105356,1.5454197233711628],[103.79221320058382,1.544912018154748],[103.7922725069316,1.5431338130268346],[103.79101035430259,1.5430007212589316],[103.79052135699084,1.5424650880576563],[103.79042629568774,1.5415113743622846],[103.78964878022025,1.5413833923474825],[103.78905623526681,1.5412924698353132],[103.78823182610813,1.5408811394102684],[103.78765711637051,1.5403377281068695],[103.78730838931214,1.5398134657642668],[103.78724702860332,1.5397063870400847],[103.78704072336343,1.539149099691247],[103.78686463308013,1.5386158738710518],[103.78656983035856,1.5377986576838634],[103.7863977588795,1.5372779925394358],[103.7856833537858,1.536357542202783],[103.78289607568722,1.5329912790973628],[103.78124930744194,1.5309433732682718],[103.78086970929071,1.5299986400400163],[103.78090234784545,1.5296459109895142],[103.7809904171389,1.5286228033991283],[103.78091916048172,1.5282233203362632],[103.78070269638029,1.527767510669848],[103.78023098237635,1.5273807384263656],[103.77982772270715,1.5272188914476876],[103.77870491322444,1.5269098699814498],[103.77696400428562,1.5268430247953169],[103.77588469119956,1.5268217005409392],[103.77434936080674,1.5261872129071108],[103.77310321209356,1.5256619598573937],[103.77070864905285,1.5246744573504813],[103.77044351771721,1.5245828621347863],[103.77023911834813,1.524528259705342],[103.7694153754684,1.5245835962315264],[103.76891746930656,1.52428817288852],[103.76849353577933,1.5238683755777243],[103.76738082852332,1.5228717096070632],[103.76719214578233,1.5227161689527018],[103.76661193559924,1.52252158937316],[103.76581931115045,1.5224635961023423],[103.76353142541116,1.5215058362686142],[103.76055820664847,1.5202994217798471],[103.76003307864877,1.5190679077190248],[103.75982003654332,1.5188226470014383],[103.75928635632032,1.5185023460372018],[103.75915008737435,1.5183982580798139],[103.75861545831313,1.517712387708855],[103.75809957700326,1.5162576584672849],[103.75778287298432,1.5152572052344475],[103.7573755566871,1.5144047228263477],[103.75738969886318,1.5139866007820577],[103.75783605398291,1.5135698953284769],[103.75851704076135,1.5133468998732862],[103.75903244065985,1.5127772427890898],[103.7599109639569,1.5117742378717391],[103.76049843501158,1.510535195878183],[103.76093793615078,1.5092714784605354],[103.76072980626012,1.5088813306161892],[103.76062928628905,1.5086877890835888],[103.7605268952203,1.5081777044460734],[103.76056077956035,1.5079471627862153],[103.76062794915255,1.5075230668048594],[103.76076480875881,1.5073194657022164],[103.7608690003988,1.5071747495298031],[103.76175063648317,1.5064430695774904],[103.7617604934014,1.5064340252367223],[103.76175340219338,1.5064256157858642],[103.76177621712527,1.506406622134439],[103.76192541034813,1.5062533099500008],[103.76277988524036,1.5052846729933649],[103.76359768822269,1.5044262074657455],[103.7638868083494,1.503904502033187],[103.76456766099821,1.5022773636215465],[103.76479788547755,1.501667759958492],[103.76497844330402,1.500583689203726],[103.7653426441116,1.4985310532931817],[103.76600202986666,1.494805192003208],[103.76661583002951,1.4915975779451482],[103.76675818873964,1.490823641927817],[103.76681697533853,1.4898406998193732],[103.76667540087696,1.4889965223513049],[103.76612215059345,1.4868625613494937],[103.76483466618974,1.4823321211903446],[103.76378643753517,1.478135211397317],[103.76293096793042,1.4748487536941461],[103.76244156569047,1.4730336978148348],[103.7634375914518,1.4726085316359028],[103.76378469180311,1.4724465120835701],[103.76448815724594,1.4721187710118784],[103.7660205605143,1.471470332364542],[103.76666483881476,1.471206543815113],[103.76664078636182,1.4711432414686396],[103.76678444258175,1.4710885046661768],[103.76711489211286,1.4708437367954326],[103.76755783286374,1.470232115169781],[103.76765153697605,1.4701089237853453],[103.76769746833553,1.4700482371702246],[103.76811761359151,1.4696623715043213],[103.76850262963848,1.4693493199197514],[103.76915736668879,1.4688793179312392],[103.76928961705698,1.468806767455412],[103.76949583748338,1.468695231111167],[103.76983400415943,1.4685247106325776],[103.7699761261084,1.468506157277806],[103.77007600845293,1.4685320130408772],[103.77045552458432,1.4687925493875584],[103.77084551048554,1.4689708614680534],[103.77144883658399,1.4691647162208188],[103.77221245279814,1.469320835191967],[103.77403164179152,1.4697061350408585],[103.77428290688046,1.4698559714045856],[103.77548651942513,1.4707684248054365],[103.77791779480832,1.472701323441578],[103.77819866083045,1.4729483030570654],[103.77849661422142,1.4731444742896849],[103.77915344839447,1.4731885693417188],[103.78055422908919,1.4731840355334205],[103.7805190997596,1.472789061389881],[103.78092684331608,1.4723235302582351],[103.7810390590482,1.4723896272299333],[103.78214204304828,1.4727806342823895],[103.78306161848403,1.47270066039785],[103.78266196621416,1.471932241697345],[103.78277686245934,1.4714722562064853],[103.78352948125179,1.4713537367704774],[103.78362528184408,1.471447382247802],[103.78441998721115,1.4717320568919094],[103.78503047677738,1.4711119511522868],[103.78989532166251,1.4658746704277401],[103.8019310053909,1.4762380738673613],[103.81092992154366,1.4782099967035427],[103.82042907196528,1.4764322426538656],[103.83242782165594,1.4727377764435379],[103.85025938517201,1.4659045878438295],[103.85692549723049,1.4626824302230494],[103.86323016561953,1.4585992996278154],[103.86642454370406,1.4562660841664612],[103.87328483856982,1.448710947396167],[103.88439472174758,1.434878326210364],[103.89611582504924,1.4276842296172227],[103.91100321770841,1.42726741840177],[103.91508617226377,1.4264063306944053],[103.92158574534683,1.4279894940126037],[103.93166787862208,1.4301558759488027],[103.93594518277354,1.4302113458008876],[103.94077818424849,1.427572547700193],[103.95077723188271,1.4251003624490886],[103.9558044020983,1.424155928865045],[103.95891523816718,1.4244892104540752],[103.96505344190842,1.4219060330771007],[103.97066427162072,1.4216837458874498],[103.97507406487075,1.423137332593518],[103.97484244092982,1.425990351037185],[103.97549660765003,1.426048752085321],[103.9758892971572,1.4257707593729378],[103.976427183317,1.425463430396599],[103.97686337114217,1.4253756209634285],[103.97716889482007,1.4254925965040897],[103.97741587421493,1.4257996919665652],[103.97745971593288,1.426194736014126],[103.97757597669025,1.426399466463825],[103.97785254228698,1.426633477416884],[103.97841954186134,1.4271161557591538],[103.97898066796323,1.4275151653583784],[103.97907537366896,1.4278792617722929],[103.9789962187457,1.4282911490339525],[103.97854835047566,1.42858335974544],[103.97743059416173,1.4288045118514636],[103.97423465054287,1.4284053384617512],[103.97167637729922,1.430641238944215],[103.97075675032941,1.4338928610450419],[103.97113880249785,1.4361958767031324],[103.971700238102,1.43831825307396],[103.9699026111214,1.4396157730837802],[103.96901594674934,1.4409768934784275],[103.96878184280135,1.4437972571090771],[103.96801926277432,1.4460553528204414],[103.96598687019195,1.4464438072510302],[103.9641486092792,1.4463691579424598],[103.96207898852316,1.447227638660218],[103.96146135075541,1.449876048687498],[103.96148940218487,1.456845197576842],[103.96001781792816,1.4575944084568775],[103.95784898140647,1.4588146697489552],[103.95784952255353,1.4601603392668887],[103.95785563599908,1.4721687118282365],[103.95785431400552,1.4733836140051484],[103.95784724155024,1.4787062721642488],[103.95783557393187,1.4842390269028694],[103.9578380904711,1.4879695622109836],[103.9578311843923,1.4907050516093199],[103.95781305325423,1.4945303653807558],[103.95808235494783,1.4937533335332447],[103.95877152161894,1.4928429161974972],[103.95940190854874,1.4925780826845025],[103.96182992746134,1.4925146868625592],[103.96199977221715,1.4975480915194384],[103.96219921986233,1.5042511111615167],[103.96229379622365,1.507274468844097],[103.96236254656013,1.5090239571389055],[103.96104525131464,1.5090207557927289],[103.95905124708844,1.5089182916677828],[103.95908474480122,1.5100387639772739],[103.95919796636949,1.515578737535161],[103.95922525128738,1.5164296904323882],[103.95910814451666,1.5166369144956184],[103.95932135500638,1.5210681376214572],[103.95948139998727,1.5246835096100755],[103.95960331176775,1.5287535281083644],[103.9596744389306,1.531672601027716],[103.95971598156498,1.5329299073183107],[103.95978526316412,1.5358281896876245],[103.95985325432787,1.5383949041710439],[103.95289084151167,1.5383601914181864],[103.9492406891714,1.5382791098665767],[103.94675094716256,1.5382497122006293],[103.94556403605245,1.5382490142298115],[103.94335741217846,1.5406546210449217],[103.94293267401201,1.5411238160549827],[103.9427027387695,1.5413753737936922],[103.94180086251548,1.542370304247547],[103.94121768513031,1.5429926426422187],[103.94008907804279,1.543209815084021],[103.93927738290763,1.5433655250508136],[103.93832696364483,1.543565844274368],[103.93714409248055,1.543816304809858],[103.93708073841314,1.541155702188702],[103.93569603489574,1.541918191888795],[103.9347154553986,1.5424698786494966],[103.93393278220566,1.5429142667291877],[103.93344450077377,1.5431876637263502],[103.9333967255185,1.5432182384764206],[103.9327993120066,1.5435394133204479],[103.93240042525728,1.543753831069295],[103.93196639587212,1.5439872456359958],[103.93130856088959,1.5443255222524335],[103.9306901902076,1.5446430828973217],[103.93035510774862,1.5448149843965202],[103.93001015955782,1.5449914013151191],[103.9297441317172,1.545128013019399],[103.92830269854555,1.5458815555686665],[103.92812051659016,1.5459774564490636],[103.92758136810143,1.5462950021072637],[103.92750862162029,1.5463366147177422],[103.92722471657314,1.5465047997325958],[103.92669881238943,1.5468141856984972],[103.92622348162536,1.5471027810596427],[103.92525586225071,1.5476907272887808],[103.92511930119657,1.5477739599796776],[103.92228057953633,1.5478504217239952],[103.9220655842462,1.5471369582236827],[103.91853660132769,1.5472270984180994],[103.91394370271361,1.547336393157478],[103.9138814782792,1.5513380969697559],[103.89482670055301,1.551690303672604],[103.88907482349359,1.559156564167034],[103.88750593198377,1.5611988091561353],[103.88743315631334,1.5611174202685176],[103.88735239721238,1.5611897896616114],[103.88663359311408,1.5620400528100598],[103.88555353468676,1.5633180829269329],[103.88447255018431,1.56460053506427],[103.88339926506998,1.5658806340715576],[103.88272636197203,1.5664996381580278],[103.8820679349398,1.567117093446698],[103.88139564179377,1.5677396239216366],[103.88073012401787,1.5683578032934298],[103.88004858331631,1.5689778026231915],[103.87938923659055,1.5695865751467493],[103.87871756183198,1.5701996998077046],[103.87804957896817,1.5708126338443817],[103.87659987555347,1.5721274345373],[103.8753332415618,1.5731885994504304],[103.87404566712216,1.574305122990014],[103.87277690796176,1.5754758126082231],[103.87148594122478,1.5766429879629538],[103.87022085518743,1.5776886873313691],[103.86854022971251,1.5791060714153289],[103.86726867530118,1.58018352155996],[103.86591697073675,1.581338575621363],[103.86453752952757,1.5825389508920253],[103.86318644350334,1.5837659907736072],[103.86246944355591,1.5844073251210857],[103.86174256937015,1.5850594316492925],[103.86042354838149,1.5863094443574466],[103.85909559737027,1.5875964549869066],[103.85881447376693,1.5878708039436251],[103.85863413841068,1.588046653233034],[103.85795166680786,1.5887128602399783],[103.8573027965112,1.5893244307333652],[103.85668905917238,1.5899025343525506],[103.85340115834114,1.5927491327669536],[103.85268353154267,1.5933723872740755],[103.85134199449992,1.594537381842167],[103.8502945973389,1.5957712179332835],[103.84980278348331,1.5961986474074032],[103.84888098697768,1.5970102152288563],[103.84834581858216,1.5974823351627545],[103.84593572970422,1.5993545621710081],[103.84461761498108,1.6005302212531882],[103.84413364503898,1.6009628757270804],[103.84355658479224,1.6014788434289051],[103.84215152785382,1.6027646729444505],[103.8407187313522,1.6040750223045959],[103.84032570543505,1.6044406427244033],[103.83992650493931,1.6048122321442142],[103.83939537982002,1.6053067591029768],[103.8389243570671,1.6057314440544321],[103.8376450724604,1.6068857606207005],[103.83606555740552,1.6084849055992239],[103.83532726586554,1.6091556365977602],[103.83489539172695,1.609547939443146],[103.83360408112823,1.6107216100264534],[103.83252024066246,1.6117891531124975],[103.83194873318028,1.6124736887566544],[103.82654388849329,1.6176061534109636],[103.82537934183004,1.6186229339855198],[103.82431120836354,1.619602108252379],[103.82408131178791,1.6198208742839388],[103.82325773488724,1.6206046483983607],[103.82219412144332,1.621596626419512],[103.82172036084525,1.6220291313147115],[103.82111610029061,1.6225807287473608],[103.82053819604151,1.6231148146480538],[103.81984914628394,1.6237509536298738],[103.8194667299097,1.6239293857610628],[103.81918470494331,1.6219195887980808]]]},"properties":{"OBJECTID":8,"FCD":"DA0100","FNM":"Mukim Coverage Administrative","NAM":"Mukim Plentong","KOD_NEGERI":"01","KOD_DAERAH":"02","KOD_MUKIM":"02","ARM":"269253090.449","BA5":null,"Daerah":null,"PPM":null,"Sumber":"JUPEM","Tahun_Kemaskini":"8/3/2020","Tahun_Terima":"2021"}},{"type":"Feature","id":9,"geometry":{"type":"Polygon","coordinates":[[[103.54353632993315,1.523058935716892],[103.54392600303474,1.5231408746004376],[103.54457895588266,1.5231966879331142],[103.54579206189956,1.5233411419172294],[103.54627483293758,1.5234080770968574],[103.54639660590458,1.523424989646329],[103.54717256407574,1.5235097421829038],[103.54832463522804,1.5236355560393293],[103.54845596061466,1.5236499356988622],[103.55024895288695,1.5238690904701682],[103.55204226058312,1.5240780249080295],[103.55222538336464,1.5240962937077114],[103.5540270122503,1.5243023328510104],[103.55621553742957,1.5245919432423634],[103.55630524811946,1.5246032481026068],[103.55855111589166,1.5248654530538914],[103.56142989981,1.5252069695574337],[103.56374358842253,1.5254821833824486],[103.56581250899944,1.5257335204518914],[103.56761137283841,1.5259222832880304],[103.56941299504922,1.5261377145848953],[103.57128769551377,1.5263462711236846],[103.57272677408417,1.5265129468507177],[103.57414860043076,1.5267057663647334],[103.57575230920682,1.5268649333593038],[103.57592526027094,1.5268723479163562],[103.5758848623865,1.5249213019607935],[103.57566010536256,1.523522417009255],[103.57565641062499,1.5233800520686007],[103.57553090327545,1.5172566647150543],[103.57531690666796,1.5094360964352636],[103.57511957480055,1.5033528625667556],[103.57457076699697,1.4930126208512113],[103.57528042947384,1.492420945546246],[103.57567626885522,1.49208042269248],[103.57628388215952,1.4914435115045546],[103.57648395824833,1.4912334181804083],[103.57731015004937,1.4903674116660586],[103.57750066473817,1.4901685224079162],[103.57756509484764,1.4901014094216891],[103.5779624691511,1.4896867283215527],[103.5789378645042,1.48866868818934],[103.58008682561953,1.4874827780622608],[103.58033985721832,1.4874317786550892],[103.58168498287696,1.4860257343207481],[103.58321203850493,1.4844407597921472],[103.58330923067358,1.4843073289893496],[103.58458478301041,1.4829898938828527],[103.5886601992264,1.4789104622529854],[103.594134448885,1.4734646095406594],[103.59202092361596,1.4713095330433243],[103.59908641412281,1.464485884962],[103.5941525176379,1.4592076009961101],[103.59402826564126,1.459076895663607],[103.59393638172726,1.4589803827911898],[103.59379394213943,1.458830595306391],[103.59334738304284,1.4583648093095534],[103.59209639987832,1.4570471425957363],[103.59027465289283,1.4551337870201622],[103.58912302510433,1.4539472860321228],[103.58861879436976,1.4534277355254392],[103.58833021375189,1.453127164282915],[103.5878679669398,1.45264658229529],[103.58771674802549,1.4524893425947343],[103.58753307209601,1.4522983517208954],[103.58737908682207,1.452259402996401],[103.58732582670696,1.4522459285574492],[103.58723430413733,1.4522227781057082],[103.58710414946592,1.4521623313401282],[103.58707914160568,1.4521502951559515],[103.58702601601694,1.4521250634442484],[103.58689376898707,1.4521617277885421],[103.58684881175604,1.452115551637076],[103.58680172388682,1.4520671873505753],[103.58660163057259,1.4518616457005287],[103.58657820345424,1.4518375083882262],[103.58638926999244,1.4516434340715314],[103.58636525036802,1.451618040129001],[103.58627463402418,1.4515222413836246],[103.58602998710023,1.451263596348627],[103.58593764529218,1.4511659624187077],[103.5858387356204,1.4510613922496298],[103.58533663105487,1.4500093417822877],[103.58434957698712,1.4488242290868354],[103.58422671902724,1.4486747933504367],[103.58390988695055,1.4483424789655182],[103.58363980040474,1.4480477228803301],[103.58395721810312,1.4458826553248951],[103.58469275582127,1.445637718844708],[103.58535925504577,1.445579380218486],[103.5867141308765,1.4458857006106554],[103.59123993128573,1.4455149995374812],[103.59360655689662,1.4450589504765643],[103.59513320583318,1.4445041558484741],[103.59597672792151,1.4438100253632606],[103.5965791211769,1.4431988467950603],[103.59668512617586,1.4424937491303453],[103.59696967777182,1.440838262391551],[103.59726395911866,1.4390968152655288],[103.60182624660554,1.4347315286082056],[103.59504654224185,1.424869825833314],[103.5945946096422,1.4251706511507067],[103.59361092195988,1.4258256592495857],[103.59233560704446,1.4266748475679722],[103.59161856380646,1.4271616310967958],[103.59109759204355,1.4275202451910738],[103.5899014948222,1.4283205054258385],[103.58918844853115,1.4272986820847646],[103.58830892752678,1.4260377295658186],[103.58741862446121,1.424756419815045],[103.58643829941684,1.4233261613560295],[103.58549003818621,1.4219093680527968],[103.58447086919746,1.4204069231079608],[103.58348592893103,1.4189535021766844],[103.58491600561332,1.4179899877473945],[103.58637967007027,1.4169925677254436],[103.5879962347527,1.4158809955101408],[103.5888245557898,1.4152974447848914],[103.5898150240267,1.4146184817987784],[103.59128361724372,1.413627379260536],[103.5929581277271,1.412490661658882],[103.59431821484657,1.4115363674833072],[103.59493475514188,1.4110722931012905],[103.59544062653201,1.410721364906622],[103.59414770572005,1.4088014464600351],[103.593492614794,1.4078555008893896],[103.59185905547078,1.4054960283746853],[103.5950730513927,1.403287527507589],[103.59531226948891,1.4031266283662904],[103.59563379755627,1.402904131691484],[103.5957796000623,1.4027983102972725],[103.5983971072016,1.4009876790846565],[103.59666459377185,1.398467216491164],[103.5972789650708,1.398040410470353],[103.59597742299907,1.396109730831959],[103.59647835691946,1.3957010955303575],[103.59669012596032,1.3951406131888329],[103.59941799369435,1.3948285375103708],[103.5999596293472,1.39526546231186],[103.60006598608827,1.3953520174065515],[103.60024848143749,1.3954990733629098],[103.60030366423902,1.3955434856785978],[103.60045225564532,1.395663230129635],[103.60051729500552,1.3957155009845428],[103.6006560200529,1.39582728738742],[103.60080461150442,1.39594703182399],[103.60102501378633,1.3953564330623889],[103.60107802785745,1.3952131715205147],[103.6012065730703,1.3948662280058035],[103.60134436325285,1.3944935920239807],[103.6014115653149,1.3943115328138778],[103.601628570939,1.3937246333890485],[103.60201266027957,1.3926866971504068],[103.60254975317477,1.390852647057467],[103.60328379564218,1.3895007639294048],[103.60336430752713,1.3894226520404456],[103.6026175237841,1.3882727493080866],[103.6027608799856,1.3880787059600193],[103.60380467211702,1.3873625215209773],[103.60420649930171,1.3879499166773814],[103.60429156973824,1.3880743556663129],[103.60559778458719,1.3898577364150135],[103.60619398914514,1.3907301564384182],[103.6063234688233,1.3909197264632858],[103.6066036892338,1.391330329454361],[103.60668014230114,1.3914422063611742],[103.60694988552912,1.3918371729276051],[103.60711265839514,1.3920756683310074],[103.60727573775054,1.3923141647918245],[103.60743850170165,1.3925526601903377],[103.60760127467567,1.3927911555931087],[103.60776435413966,1.3930296511487934],[103.60785437581171,1.3931615147537189],[103.60799248261337,1.3933669111214844],[103.60804365861954,1.393443518844987],[103.60836580871866,1.3939223187180891],[103.60859701089376,1.394266903785234],[103.60882884218334,1.3946115787098703],[103.60906004535988,1.3949562542253837],[103.60929156229857,1.3953008394496564],[103.60940101013443,1.3957832695729164],[103.60946051062312,1.396046365908055],[103.60966582386621,1.396311991584502],[103.61003544676575,1.3967901666639464],[103.61040538433811,1.3972684223866885],[103.61077500758164,1.3977465874923805],[103.61121677098456,1.39831800050734],[103.6112654752335,1.3983775159698961],[103.61161968754578,1.3988365988127867],[103.6118407180284,1.399118050710753],[103.61201304497983,1.3989895278049813],[103.61214528634642,1.3988832531862005],[103.61204139426479,1.3985181365858113],[103.611931337744,1.398179246813974],[103.61184069956151,1.3978728230420085],[103.61169149302339,1.397559979963026],[103.61154351512852,1.3971756918251805],[103.61179134731093,1.3965138182590027],[103.61091212806177,1.3950519066269025],[103.61082393021748,1.3932558778685376],[103.61133655155537,1.3919723852776444],[103.61175887231795,1.3914413789966802],[103.61079367144775,1.3909247002927323],[103.60954395041513,1.3911230620095527],[103.60986114008534,1.3902734330999402],[103.61031490124056,1.3896842758886976],[103.61185315209089,1.3893638899650274],[103.61220363116814,1.3880311943591181],[103.61263457574145,1.3874389625375925],[103.61216843809802,1.3853045021165864],[103.61424770390083,1.3855437683469467],[103.61507726072293,1.3855569531140925],[103.61568330167263,1.3849999867532778],[103.61654025379168,1.3837536540053914],[103.61708092363624,1.382454423620646],[103.61746436086872,1.3804391477631452],[103.61920268164339,1.3805185094463914],[103.61964938916755,1.381592339780394],[103.6190292015191,1.3834220276849827],[103.61888341462337,1.384442867907455],[103.61964700929099,1.384933149614016],[103.62060817789897,1.3848535321660562],[103.62097747117922,1.3843630413473929],[103.62132085389104,1.382984221974299],[103.6218880309792,1.381777695389896],[103.62352092390952,1.3815254894707678],[103.62599543089719,1.3829703601007115],[103.62845697595696,1.3841366488825653],[103.630735075038,1.384215904565857],[103.63242038149575,1.3842554740977007],[103.6335662011174,1.383976958755444],[103.63406711594767,1.3832078999287318],[103.63439723806155,1.3821605554611962],[103.63433334324297,1.3796019045677488],[103.63466317082867,1.3789257386453413],[103.63715671379332,1.377834735252517],[103.63872456010053,1.3777558142620079],[103.63915829046685,1.3776898632976389],[103.63946501363105,1.3775484011268726],[103.63977573207146,1.3772902673974121],[103.64449363335477,1.37358020961917],[103.64747417231904,1.3796609861738018],[103.65125163504091,1.3868273260906157],[103.65177923268587,1.3910216234354522],[103.65544552662803,1.4001600837163837],[103.66219490164093,1.4102152367592482],[103.66772213543261,1.4154927293645698],[103.6721661535737,1.4278810245922813],[103.68160965902078,1.4369916466071784],[103.69233068933038,1.43963028658422],[103.69713596924372,1.4430467881934865],[103.70202444587252,1.4505185623023522],[103.71238452450436,1.4572125985029685],[103.72148869861992,1.4589196314713],[103.72115180410677,1.4685693216831401],[103.72002461244043,1.4754866893974785],[103.71652907721868,1.476394173494874],[103.71291103992709,1.4754293014450022],[103.7110076735422,1.4747532770045673],[103.70730400758306,1.47481664896731],[103.70347499151721,1.476963119080771],[103.7022825986505,1.4823919634094458],[103.70293816993637,1.4850179406903259],[103.7033544093242,1.4860123397248513],[103.7033023906628,1.4871637750240412],[103.70086401745834,1.4895003558648883],[103.70185771345723,1.4911512479624205],[103.70204886811297,1.4914348617846214],[103.70238801055251,1.4919196223443545],[103.70319670571975,1.4930753425327192],[103.70325158943805,1.4931545696689086],[103.70397457624426,1.4941882062355185],[103.70423077663953,1.4945250005928183],[103.7013981006457,1.496576708596982],[103.69828610453509,1.4986744539546828],[103.69460690115262,1.5012126171778484],[103.69350545223688,1.50197575709888],[103.6925081943182,1.5026693360804226],[103.69189874708923,1.5031044967527942],[103.6911351630816,1.5039017094188605],[103.6904605311661,1.505429188712346],[103.69011929050916,1.506084653736609],[103.6900928830471,1.5061398389102676],[103.69005592881189,1.5062356860153772],[103.68997306848043,1.5064182632743448],[103.68856499346533,1.5089852303458644],[103.687711077743,1.5096554661105577],[103.68630844869065,1.510725217088899],[103.68426736922966,1.5122527457905366],[103.682686619559,1.513642259638245],[103.68248983752213,1.5137937422831627],[103.68210545654375,1.51472089717208],[103.68217246911455,1.515079743523696],[103.6823287648565,1.515843006950715],[103.6823223071367,1.5160588961818016],[103.68146537208978,1.517947032798561],[103.68094997180317,1.5190826677732048],[103.68055633798453,1.519926802750071],[103.67991117348902,1.5213526725561541],[103.67977801025943,1.5216107206166933],[103.67901137610345,1.5230178772201828],[103.67650375022174,1.525773149970769],[103.67508379641906,1.5271612491154956],[103.67456219363251,1.527673407200251],[103.67454273976279,1.5276928607578721],[103.6735235549912,1.528712374182576],[103.67329950114025,1.5289364958876628],[103.67286198842969,1.5293740757949275],[103.67135978278561,1.5308568360501889],[103.67043250284375,1.5317970404868575],[103.66938037267934,1.5328666731461287],[103.66864051946611,1.5336184787420402],[103.66613486843312,1.5360953972560776],[103.665813954304,1.53641477012483],[103.66564254753011,1.5365858026104764],[103.66528434196444,1.5369422650134723],[103.66501706406676,1.5372051039884067],[103.66335700944148,1.5388325286009699],[103.66298924147003,1.5391993911062758],[103.66234247871424,1.5398640829383496],[103.66181163026242,1.5403338785158869],[103.66113372079398,1.5410211896085189],[103.66051254794128,1.5416266434919628],[103.65998448211649,1.5424307995743793],[103.65981587935347,1.5430128093250475],[103.65982085066321,1.5438306051132964],[103.65983321998715,1.544696322702006],[103.65983538313651,1.5448423946376353],[103.65984095510946,1.5452279514027716],[103.65985884085003,1.5455000909180385],[103.65752643439066,1.547990837849319],[103.6574965370824,1.5479921953477558],[103.65635063209785,1.5483318629264695],[103.65468741527414,1.5486729087150937],[103.6542151198728,1.5487570353257163],[103.65200934539612,1.549891644500224],[103.6497826013939,1.5507858636825442],[103.6492042558277,1.5508500160835963],[103.64786872856746,1.5505948426030791],[103.6464937133036,1.5496228097868718],[103.64482552512774,1.5488485895615314],[103.6445455848959,1.548512512062241],[103.64408128317757,1.5480332734767148],[103.6443759315481,1.545999550418027],[103.64424025785844,1.5453741265487997],[103.64381909332059,1.5444889714810144],[103.64302765923885,1.5430075401301468],[103.64272336431604,1.542614850285572],[103.64249954434561,1.5424819084574604],[103.64160580522677,1.542292823165453],[103.64003692346334,1.5424669902473953],[103.63972307659914,1.5422949736563303],[103.63969070314442,1.5421595834240838],[103.63943633259561,1.541131251576794],[103.6386782212662,1.540342250107461],[103.6377093002191,1.541324947376905],[103.63651531130536,1.5417137214139331],[103.63589844758307,1.542415402024635],[103.63558399932307,1.542501245456296],[103.63455154081824,1.5426646095933603],[103.63417357438587,1.5427026150686296],[103.63308592680208,1.5424800710668867],[103.63259884759944,1.5430515988151938],[103.63198690995341,1.5435758240260178],[103.63090636733175,1.5441149057197194],[103.63025404611874,1.5446977425612445],[103.63008079794776,1.5450004657365612],[103.63007804608226,1.5457776477581924],[103.6298736649925,1.5462131406124047],[103.62929717975042,1.546822925573278],[103.6289932070464,1.5468826323655271],[103.62814324841818,1.54667671817287],[103.62777237184405,1.546714260862358],[103.62762224157979,1.5469115256343127],[103.62757200773325,1.5474685688839827],[103.62778907073843,1.5482183418457436],[103.62838194768779,1.5493168423088353],[103.62828114924483,1.5496790702118126],[103.62781995627141,1.5502023033803802],[103.62614104478524,1.5512165892620944],[103.62587930302595,1.55139061439857],[103.62514836523044,1.552298236637718],[103.62497481295476,1.552668334467978],[103.62294238315162,1.5571362157336694],[103.6210828027003,1.558520323917734],[103.62053775556261,1.5588147278606477],[103.61995170172517,1.559410863701241],[103.61989283757318,1.5602796589667751],[103.61899081181627,1.5615719461169082],[103.61623688271189,1.5633186604778],[103.61438100046398,1.5645737922007383],[103.61336394701117,1.564963815193433],[103.61095557905914,1.5657397897054248],[103.60948318413459,1.5663357536907179],[103.60852100515613,1.5665363722466348],[103.60763066267884,1.5666326259338734],[103.60705662187294,1.566565978176108],[103.605665896054,1.5659740575356276],[103.6054571893266,1.5661667093538445],[103.60515568923486,1.566884472568833],[103.60486867198101,1.5669880367733005],[103.60357352031018,1.5665070879254106],[103.60246797442966,1.5659724054299056],[103.6014145117678,1.564393554218633],[103.60130412789105,1.5637700349510066],[103.59713656759152,1.5600223054720748],[103.59400366458846,1.5572593121870717],[103.59378631694318,1.557173030484315],[103.59307417160792,1.5574244724855333],[103.5843831631378,1.5618123559082526],[103.58384334498858,1.5617366582321763],[103.58290458908239,1.5615049518730653],[103.58109675448843,1.5605927580087158],[103.58087231702618,1.5605440144210851],[103.57962959890578,1.5607240939655564],[103.57936939622327,1.5607584705993873],[103.57907990831791,1.5610537658415067],[103.57883574981028,1.561459953453665],[103.5788129370085,1.5619335138704928],[103.5788712132843,1.5628317085874746],[103.5788255918778,1.563268551936177],[103.57846735773317,1.5635751616901659],[103.57807767891386,1.563743928095232],[103.5776355881652,1.56369798939246],[103.57676342034785,1.5632539999270993],[103.57637866999559,1.5627728358091504],[103.57572262084989,1.5625896984802918],[103.57515351471575,1.5624143281484348],[103.57491304468549,1.5622455671650453],[103.57480792127647,1.5621940999406823],[103.5747219007074,1.5619055003707645],[103.57456837250335,1.561348640376025],[103.57436735986464,1.5608017278436797],[103.5742406485294,1.5605352854078702],[103.57333550257886,1.5600341389883041],[103.57234403291466,1.559589613738894],[103.570226371666,1.5591734999242322],[103.56996278087102,1.559111452570879],[103.5676065105864,1.558073072231982],[103.5663483683259,1.5571592352942278],[103.56624478153728,1.5570992672632122],[103.56467218722712,1.556110810823345],[103.56252616936735,1.5547508147669575],[103.56201378972385,1.55443038076122],[103.5613438679842,1.5537096307600002],[103.56090332650783,1.5531769160215996],[103.56022015108512,1.5523177898165716],[103.55977066819113,1.552127854975485],[103.55830197114618,1.552053958133836],[103.55646486829895,1.5515013526437933],[103.55578169403238,1.551257146454042],[103.55345225749741,1.5494193289382283],[103.55322535258354,1.5489009110561187],[103.55308169846694,1.548105089420496],[103.55303096156058,1.5479017973009515],[103.5527851230015,1.5473011281419262],[103.55246216267592,1.5466992284079355],[103.55244304104109,1.546506815505187],[103.55237612967962,1.5460209731927634],[103.55239046646646,1.545299427291225],[103.55213714391044,1.544159386820607],[103.5520176455092,1.543596583333792],[103.5518599184182,1.5430722601073679],[103.55163049218493,1.542047670175935],[103.5515587911096,1.541710948340468],[103.55134371785921,1.5401668471678003],[103.55133894127744,1.5392625116423453],[103.55131981277971,1.538459192658152],[103.55117642195493,1.537429792136182],[103.55073474520819,1.536750884782095],[103.5497790604012,1.5356206071769454],[103.5489818318407,1.534782628694463],[103.54783716435539,1.533767845490214],[103.54703993625525,1.5329936515214229],[103.54598517371815,1.5316040637568533],[103.54558595201955,1.5307901068521124],[103.54553033653953,1.5306951935945032],[103.54545595817808,1.5305598008580839],[103.54531890865978,1.5303320995201797],[103.54519799943088,1.5301250717077102],[103.54444788852427,1.5281654833916325],[103.5441630405664,1.5270022807472492],[103.5437983449722,1.525172606848317],[103.5436392759005,1.5243255966562101],[103.54353632993315,1.523058935716892]]]},"properties":{"OBJECTID":9,"FCD":"DA0100","FNM":"Mukim Coverage Administrative","NAM":"Mukim Pulai","KOD_NEGERI":"01","KOD_DAERAH":"02","KOD_MUKIM":"03","ARM":"213493301.423","BA5":null,"Daerah":null,"PPM":null,"Sumber":"JUPEM","Tahun_Kemaskini":"7/11/2019","Tahun_Terima":"2021"}},{"type":"Feature","id":10,"geometry":{"type":"Polygon","coordinates":[[[103.97507406487075,1.423137332593518],[103.97816345830478,1.4241556923449188],[103.981829720715,1.4240167391728538],[103.98441285499554,1.424655504213378],[103.98727360238264,1.4245166005792647],[103.99116221617567,1.4247387298090084],[103.99349529008842,1.4234332221494037],[104.00110566256612,1.420350091341352],[104.02154812267439,1.4388759595905556],[104.02797693991309,1.4406180739682455],[104.02571895163409,1.4504251154266514],[104.02522723148098,1.4639191519654804],[104.02515824012386,1.4836420140458566],[104.0221592256452,1.5056350222848167],[104.02036198131958,1.529374087065604],[104.01974031317604,1.5503392826808033],[104.00975943866558,1.5709120058209065],[103.99366502182788,1.587670056888305],[103.97905481397974,1.5996726094966676],[103.97175208252575,1.6163265730144718],[103.97272926128258,1.6324891220046203],[103.97394910419949,1.642529287951273],[103.95953401102334,1.645568517988801],[103.9581596340216,1.6458298946395207],[103.95668025578347,1.6466889247459133],[103.95554265966321,1.6485782918387613],[103.95486004851065,1.6500095734145055],[103.95275459004664,1.6513838845275592],[103.94492258799342,1.6524282898773501],[103.941011956811,1.6536243238655086],[103.9386788034084,1.654197265949773],[103.93623178982958,1.6543122222969386],[103.93529763126942,1.654362319609072],[103.93457805672551,1.654386611394671],[103.93377305011036,1.6542984909725007],[103.9320107726811,1.6543146486569829],[103.9308115548574,1.6547975578403182],[103.93004361662082,1.6550872999616335],[103.9295374665438,1.6555712541385563],[103.92867371444257,1.6562285651849311],[103.92783093657023,1.6569282864480932],[103.92736734932502,1.6575219381144548],[103.92717416341016,1.6582333040629904],[103.92703927243154,1.6590289425346787],[103.92692067274064,1.6595683609372234],[103.92711048881797,1.6607130431836354],[103.92783034600234,1.662162779203915],[103.92850542252823,1.6631717008379139],[103.92869850250142,1.6636373559437612],[103.92843835486441,1.6639576506408968],[103.92738498093982,1.6645923893817467],[103.927005858854,1.6650800281250069],[103.9266899130279,1.6654617559873417],[103.92599448276226,1.6660766131630989],[103.92503393727988,1.6668805449246136],[103.92489059937091,1.6670494307417607],[103.92469115264925,1.667197155710612],[103.92448153079833,1.6673379196021254],[103.92419821747946,1.6674821424885082],[103.92399905245964,1.667499814878853],[103.92378385799027,1.6674880073433644],[103.9234533062898,1.6672719124458346],[103.9232133932419,1.6669892317965274],[103.92311438370618,1.6667398144665786],[103.9230233542285,1.6663408073101353],[103.92292401465627,1.6659583424337707],[103.92286598796586,1.6656257087610251],[103.9227833198475,1.665392928357306],[103.92253567185003,1.6649737739168033],[103.92218597560688,1.6645417157762958],[103.92187113654813,1.6642451224379906],[103.92163279330947,1.664088615336926],[103.92142709546464,1.663815061326815],[103.9210786596099,1.6635426288691157],[103.92085789562334,1.6634408315398552],[103.92057887530406,1.6634215297708155],[103.92032173796167,1.663402403976714],[103.92006771170485,1.663487640260121],[103.91980412833378,1.6636055239700367],[103.91952545009518,1.6637893561404318],[103.91938335126503,1.6639510882414603],[103.91920827644968,1.664195771697233],[103.91911736569281,1.6643973763446724],[103.91910817556135,1.6647181841853655],[103.91914180945614,1.664896080844168],[103.91931109737233,1.665048531385204],[103.91957226571645,1.66524809052907],[103.91974188686864,1.665503735345092],[103.91990687790981,1.6657524183265682],[103.92005830967803,1.666063602365825],[103.92024581099366,1.6663514475835657],[103.92040617529862,1.6665556280869027],[103.92047034339076,1.6668138340099032],[103.9205240251918,1.6669760726328544],[103.92052406368471,1.6671916860916862],[103.92043376031606,1.667373403642668],[103.92034250725271,1.667425962810874],[103.92027191384072,1.6674685788474999],[103.92000830703951,1.667457133571165],[103.91971417164696,1.6673959630307322],[103.91941696124101,1.6673760314006254],[103.919179560399,1.6673661275711742],[103.91903064861766,1.6673755591960138],[103.91882810360245,1.6674351021431832],[103.91876769414611,1.6675411113446215],[103.91864444015155,1.6679475822984298],[103.91849775090395,1.6682743759972969],[103.9183510331963,1.6684903785364356],[103.91813369609794,1.6686054600402764],[103.91790216903156,1.668672061264298],[103.9176496622748,1.6686721077500293],[103.91740702567556,1.6686822809576527],[103.9171421904679,1.6686823284021899],[103.91689246111982,1.6686823739708974],[103.91673276378604,1.6687359495952738],[103.91648306447698,1.6689004135128664],[103.91624664236147,1.669188155461542],[103.91607495290367,1.6693708739194766],[103.91592575862855,1.6695586611207442],[103.91587184534758,1.6697573726570716],[103.91586263077,1.6699905329213447],[103.91592803852114,1.6702442983025638],[103.91600575685477,1.6703909772869405],[103.91608779565725,1.6705765524774496],[103.91614054330677,1.670692940567465],[103.91618866018457,1.6708499438429392],[103.91614892934415,1.671049549589024],[103.91602192832902,1.671163076647848],[103.91589737360609,1.6711910527757887],[103.91577343231066,1.6711771387278451],[103.91563745224288,1.6710861872032223],[103.91560196444996,1.670895087654515],[103.915556304522,1.6707573548412673],[103.91548136844385,1.6706402469458221],[103.91538054197007,1.6705823776343902],[103.91519185633092,1.6706071007609946],[103.91502970479557,1.6707068883792824],[103.91484474576392,1.6708635720918876],[103.91472021769204,1.6709889462637262],[103.91455590254246,1.6710990435286168],[103.91436569082742,1.6711840866253858],[103.91410056727887,1.6712866963748323],[103.91389555300151,1.6713654116160899],[103.9137515890092,1.671455971547475],[103.91362552084286,1.6716100125049043],[103.91356604201825,1.6717468600919516],[103.91356609065214,1.672017837440728],[103.91359818889924,1.6722008802750183],[103.91353410441062,1.672459380453499],[103.91349283156538,1.6726873915928],[103.91341671379152,1.6728991308172931],[103.91331283185825,1.6729889507486746],[103.91315837783416,1.6730148518708634],[103.91294780028811,1.6729926338963457],[103.91275632272496,1.6729359665142731],[103.91260801045877,1.672832788656186],[103.91247665163108,1.6727005885738735],[103.91234838422352,1.6726662462873259],[103.91199228175485,1.672596666577659],[103.91181561418284,1.6725862084067669],[103.91161674876082,1.6725230212875695],[103.91140800847039,1.6724731385874074],[103.91127543719655,1.672444585326632],[103.91115581162244,1.6724446073511199],[103.91104574101945,1.672453850631696],[103.91097483695786,1.6724742117376894],[103.91083918102834,1.6724856301666322],[103.91069767082293,1.6724747133185616],[103.91057556993353,1.6724542971021634],[103.91047105006628,1.6724447295320013],[103.91036221865036,1.6724447490683816],[103.91028299230098,1.67246239815097],[103.9101340865357,1.6725092701912903],[103.91000460805695,1.6725895173603675],[103.90990965808831,1.67262543719905],[103.90978387176328,1.6726484295550281],[103.90968058437589,1.6726484483402613],[103.90960782485092,1.6726392368077139],[103.90952304478405,1.672656262457075],[103.90943055596746,1.6726842235082218],[103.90934577923362,1.6727221305747224],[103.90926747448792,1.6727615740178856],[103.90912258266984,1.6728392919847934],[103.90899865966158,1.6729351836169168],[103.90891172487191,1.6730131631140497],[103.9088522327036,1.673073041606679],[103.90869314828095,1.673087539394022],[103.90851834293431,1.673087570240908],[103.90845542082042,1.6729611454911595],[103.90840361033756,1.6728568743004262],[103.90835301965787,1.6727347874967484],[103.90829534833338,1.672619122835559],[103.90820530089809,1.6724781429041486],[103.90815410380637,1.6723854477962028],[103.9080948895098,1.6722865141216865],[103.90801347344755,1.672163708829899],[103.90796474841922,1.6720778861436751],[103.90794438227137,1.6719654703945852],[103.907892879823,1.6718721519653994],[103.90785338409775,1.6717309723337686],[103.90770777215845,1.6711858136986006],[103.90729319168301,1.6699859115281386],[103.90692833750313,1.6692521273384113],[103.90586305155819,1.6687861799557102],[103.90527122478491,1.6695003283645204],[103.90324632125247,1.6699072957153465],[103.90227005066761,1.6707900892185243],[103.90113573367627,1.6704629773552329],[103.90043886531774,1.6699738117812546],[103.90044037502612,1.6697657931869965],[103.90108326121039,1.6628804363618168],[103.90089920187735,1.6628894204798306],[103.8984761747953,1.6629267902137987],[103.89842699193547,1.6582204461683892],[103.89837998070601,1.6503927597367627],[103.89598255450962,1.6512911560151928],[103.89394991652023,1.6476778842208433],[103.89115429394398,1.6427290150341305],[103.88942243645238,1.6408679392809187],[103.88744384797107,1.6388288442100178],[103.88673420330542,1.638542246224607],[103.88632217741115,1.6384914350123818],[103.88472521047473,1.6368485317136647],[103.88296729518153,1.6351060931424775],[103.88104937518075,1.6333730741413903],[103.8794919131919,1.631949489954499],[103.87884002762878,1.631131086390295],[103.87872408481137,1.6309850438723792],[103.87815762705083,1.63027579899821],[103.8813004113577,1.6279650424101602],[103.88394656809179,1.6260313305518435],[103.88659303976114,1.6241217706518583],[103.88934148801762,1.6223833128625487],[103.89119587756134,1.6210251953025308],[103.89374900852812,1.6191097754019397],[103.89473263527054,1.6184171813488322],[103.89300640925804,1.6160703331364021],[103.88949334358284,1.6114090786141353],[103.88896843508415,1.6107007434863416],[103.88801761985636,1.6094179175783083],[103.88782300695722,1.609155452965348],[103.88727928686963,1.608419618055782],[103.886267412924,1.6070496034391688],[103.88584119238676,1.606472951411003],[103.88542207221708,1.605902438112807],[103.88458350984915,1.604761610171686],[103.88381805232065,1.603719895916036],[103.88378598087938,1.6036765735447422],[103.88302174761446,1.6026417409709586],[103.88188127245198,1.6010979817354631],[103.8814619889256,1.601484366888617],[103.88132665186099,1.6016093061614538],[103.88097303286939,1.6019354422786445],[103.88043197967556,1.6024335612121214],[103.88036662117867,1.6024967941738375],[103.88022788612535,1.6026202866913084],[103.8801631464675,1.602679812312203],[103.87992699317853,1.6028985651105019],[103.87926137527647,1.6035142054222085],[103.87859608119743,1.604130468810391],[103.87813610178083,1.6045562082727716],[103.87793138834056,1.6047458276709732],[103.87750132136702,1.6051437990654218],[103.87726577897931,1.6053617385904744],[103.8768363228622,1.6057598819098124],[103.87660078845036,1.605977730899245],[103.87649812108326,1.6060724499453147],[103.8759351783621,1.6065933609234464],[103.8753962708391,1.607098531557489],[103.87528189622026,1.6072057418479164],[103.87472093351927,1.6065780841440795],[103.873831525262,1.6055825151449719],[103.87250143482525,1.6040822055404955],[103.87124781773672,1.6026681669024958],[103.87005649922024,1.6013244041384456],[103.86887659985511,1.6000045131861191],[103.8688158491508,1.599936506608408],[103.86760819527107,1.598586132614217],[103.8663965276076,1.5972370336372266],[103.86548923528879,1.5981944323420465],[103.86495280778655,1.5987607436089912],[103.86426840206079,1.5994832041412372],[103.8635078465104,1.600286171374871],[103.86339593568324,1.6004043236674914],[103.86247229619407,1.6013792673483915],[103.86087836931031,1.6005552963659824],[103.85962167439428,1.5999056779231304],[103.85953777763659,1.5998623270815782],[103.85934333718164,1.5997617373102988],[103.85776723151588,1.5984248672759571],[103.8567245602409,1.5993192313546376],[103.8558833152178,1.6000872186440593],[103.85544235798007,1.5995760265748153],[103.85542458841994,1.5995554277511792],[103.85405022995766,1.6007190184873195],[103.85254345000361,1.6019945405567133],[103.85207740641745,1.602398462600529],[103.85096789740075,1.603359819197364],[103.8502612134287,1.6025854971139757],[103.84935140081791,1.601588136175289],[103.84929020197964,1.601520924813836],[103.84925966912438,1.6014871875532461],[103.84881620961309,1.6010009809026913],[103.84843258344571,1.6005806110800251],[103.84804987363829,1.6001594275016406],[103.84767610564325,1.5997303655179047],[103.8473023369088,1.5993013125220912],[103.8468653557362,1.5988019818948707],[103.84834581858216,1.5974823351627545],[103.84888098697768,1.5970102152288563],[103.84980278348331,1.5961986474074032],[103.8502945973389,1.5957712179332835],[103.85134199449992,1.594537381842167],[103.85268353154267,1.5933723872740755],[103.85340115834114,1.5927491327669536],[103.85668905917238,1.5899025343525506],[103.8573027965112,1.5893244307333652],[103.85795166680786,1.5887128602399783],[103.85863413841068,1.588046653233034],[103.85881447376693,1.5878708039436251],[103.85909559737027,1.5875964549869066],[103.86042354838149,1.5863094443574466],[103.86174256937015,1.5850594316492925],[103.86246944355591,1.5844073251210857],[103.86318644350334,1.5837659907736072],[103.86453752952757,1.5825389508920253],[103.86591697073675,1.581338575621363],[103.86726867530118,1.58018352155996],[103.86854022971251,1.5791060714153289],[103.87022085518743,1.5776886873313691],[103.87148594122478,1.5766429879629538],[103.87277690796176,1.5754758126082231],[103.87404566712216,1.574305122990014],[103.8753332415618,1.5731885994504304],[103.87659987555347,1.5721274345373],[103.87804957896817,1.5708126338443817],[103.87871756183198,1.5701996998077046],[103.87938923659055,1.5695865751467493],[103.88004858331631,1.5689778026231915],[103.88073012401787,1.5683578032934298],[103.88139564179377,1.5677396239216366],[103.8820679349398,1.567117093446698],[103.88272636197203,1.5664996381580278],[103.88339926506998,1.5658806340715576],[103.88447255018431,1.56460053506427],[103.88555353468676,1.5633180829269329],[103.88663359311408,1.5620400528100598],[103.88735239721238,1.5611897896616114],[103.88743315631334,1.5611174202685176],[103.88750593198377,1.5611988091561353],[103.88907482349359,1.559156564167034],[103.89482670055301,1.551690303672604],[103.9138814782792,1.5513380969697559],[103.91394370271361,1.547336393157478],[103.91853660132769,1.5472270984180994],[103.9220655842462,1.5471369582236827],[103.92228057953633,1.5478504217239952],[103.92511930119657,1.5477739599796776],[103.92525586225071,1.5476907272887808],[103.92622348162536,1.5471027810596427],[103.92669881238943,1.5468141856984972],[103.92722471657314,1.5465047997325958],[103.92750862162029,1.5463366147177422],[103.92758136810143,1.5462950021072637],[103.92812051659016,1.5459774564490636],[103.92830269854555,1.5458815555686665],[103.9297441317172,1.545128013019399],[103.93001015955782,1.5449914013151191],[103.93035510774862,1.5448149843965202],[103.9306901902076,1.5446430828973217],[103.93130856088959,1.5443255222524335],[103.93196639587212,1.5439872456359958],[103.93240042525728,1.543753831069295],[103.9327993120066,1.5435394133204479],[103.9333967255185,1.5432182384764206],[103.93344450077377,1.5431876637263502],[103.93393278220566,1.5429142667291877],[103.9347154553986,1.5424698786494966],[103.93569603489574,1.541918191888795],[103.93708073841314,1.541155702188702],[103.93714409248055,1.543816304809858],[103.93832696364483,1.543565844274368],[103.93927738290763,1.5433655250508136],[103.94008907804279,1.543209815084021],[103.94121768513031,1.5429926426422187],[103.94180086251548,1.542370304247547],[103.9427027387695,1.5413753737936922],[103.94293267401201,1.5411238160549827],[103.94335741217846,1.5406546210449217],[103.94556403605245,1.5382490142298115],[103.94675094716256,1.5382497122006293],[103.9492406891714,1.5382791098665767],[103.95289084151167,1.5383601914181864],[103.95985325432787,1.5383949041710439],[103.95978526316412,1.5358281896876245],[103.95971598156498,1.5329299073183107],[103.9596744389306,1.531672601027716],[103.95960331176775,1.5287535281083644],[103.95948139998727,1.5246835096100755],[103.95932135500638,1.5210681376214572],[103.95910814451666,1.5166369144956184],[103.95922525128738,1.5164296904323882],[103.95919796636949,1.515578737535161],[103.95908474480122,1.5100387639772739],[103.95905124708844,1.5089182916677828],[103.96104525131464,1.5090207557927289],[103.96236254656013,1.5090239571389055],[103.96229379622365,1.507274468844097],[103.96219921986233,1.5042511111615167],[103.96199977221715,1.4975480915194384],[103.96182992746134,1.4925146868625592],[103.95940190854874,1.4925780826845025],[103.95877152161894,1.4928429161974972],[103.95808235494783,1.4937533335332447],[103.95781305325423,1.4945303653807558],[103.9578311843923,1.4907050516093199],[103.9578380904711,1.4879695622109836],[103.95783557393187,1.4842390269028694],[103.95784724155024,1.4787062721642488],[103.95785431400552,1.4733836140051484],[103.95785563599908,1.4721687118282365],[103.95784952255353,1.4601603392668887],[103.95784898140647,1.4588146697489552],[103.96001781792816,1.4575944084568775],[103.96148940218487,1.456845197576842],[103.96146135075541,1.449876048687498],[103.96207898852316,1.447227638660218],[103.9641486092792,1.4463691579424598],[103.96598687019195,1.4464438072510302],[103.96801926277432,1.4460553528204414],[103.96878184280135,1.4437972571090771],[103.96901594674934,1.4409768934784275],[103.9699026111214,1.4396157730837802],[103.971700238102,1.43831825307396],[103.97113880249785,1.4361958767031324],[103.97075675032941,1.4338928610450419],[103.97167637729922,1.430641238944215],[103.97423465054287,1.4284053384617512],[103.97743059416173,1.4288045118514636],[103.97854835047566,1.42858335974544],[103.9789962187457,1.4282911490339525],[103.97907537366896,1.4278792617722929],[103.97898066796323,1.4275151653583784],[103.97841954186134,1.4271161557591538],[103.97785254228698,1.426633477416884],[103.97757597669025,1.426399466463825],[103.97745971593288,1.426194736014126],[103.97741587421493,1.4257996919665652],[103.97716889482007,1.4254925965040897],[103.97686337114217,1.4253756209634285],[103.976427183317,1.425463430396599],[103.9758892971572,1.4257707593729378],[103.97549660765003,1.426048752085321],[103.97484244092982,1.425990351037185],[103.97507406487075,1.423137332593518]]]},"properties":{"OBJECTID":10,"FCD":"DA0100","FNM":"Mukim Coverage Administrative","NAM":"Mukim Sungai Tiram","KOD_NEGERI":"01","KOD_DAERAH":"02","KOD_MUKIM":"06","ARM":"238309525.279","BA5":null,"Daerah":null,"PPM":null,"Sumber":"JUPEM","Tahun_Kemaskini":"8/3/2020","Tahun_Terima":"2021"}},{"type":"Feature","id":42,"geometry":{"type":"Polygon","coordinates":[[[103.55295292612647,1.457212424895504],[103.5542433773695,1.456509142567486],[103.5553528752809,1.4560129663964614],[103.55659738839282,1.4553466787356026],[103.55754226206345,1.4550366377741772],[103.55828212669562,1.4547472149783591],[103.5588983715703,1.454313085660148],[103.55935030567854,1.4536722082917104],[103.55967892522142,1.4529486547809778],[103.55978189630127,1.4521424413779451],[103.55992832458149,1.4509541981555114],[103.56003098985998,1.4504166894135213],[103.56011299616321,1.4499206010821268],[103.56025696144523,1.4494657608702481],[103.56054457683322,1.4490523486951623],[103.5607705481928,1.448762925639263],[103.56105817203313,1.44849422064573],[103.5613457874753,1.4483701333328376],[103.56175671706326,1.4482461357640746],[103.56235261450279,1.448018760292597],[103.56290720426028,1.4478533338940438],[103.56340044500804,1.4477706652687006],[103.563811384289,1.4476880063372444],[103.56430431140149,1.4476052468441178],[103.56498961047768,1.447407533904552],[103.56554419804388,1.4469941125045849],[103.56597578566256,1.4463945632382942],[103.56624274945288,1.4457330571469031],[103.56630440048696,1.4451128895253884],[103.56611944002495,1.4441206310325727],[103.5659344710145,1.4434384156581894],[103.56579081044109,1.4427976200335386],[103.56581116280877,1.4421154035761041],[103.56585246978784,1.4417226118623196],[103.56603713092342,1.441350519599759],[103.56644805954767,1.441102433649858],[103.56704395540402,1.4409577254106813],[103.56766019441439,1.4408130159095516],[103.56850271118367,1.4408750529790333],[103.56915070765157,1.4408070421490347],[103.56966706822418,1.4407511416697418],[103.5699340325008,1.4406477634728128],[103.5703039660778,1.4404410963815908],[103.57079720537399,1.4402343473418113],[103.57114617463824,1.44002759037146],[103.57157775162126,1.439862252834573],[103.57200933867686,1.4397381629852768],[103.57239961693224,1.4397175417311407],[103.57278989635984,1.4397381591493663],[103.57320082453006,1.4397588759283557],[103.57365275662482,1.439820921557104],[103.5740226825844,1.43992429775468],[103.57443361211838,1.4401516702820076],[103.57529648355133,1.4405030375385952],[103.57583071854026,1.4406271222102611],[103.57642630986841,1.4407924540021289],[103.57693064877833,1.440921331015107],[103.57738258148609,1.4411073644340233],[103.57769085584323,1.4413761659206261],[103.57781417278021,1.4416448701535327],[103.57799914317678,1.4420376701774602],[103.57828676114389,1.4425751669448972],[103.57877970074514,1.4430919621729272],[103.5792522952171,1.4435674184250977],[103.57966322832678,1.444042875117673],[103.58017681594171,1.4443736242378686],[103.5807727154873,1.4446423326116646],[103.58130696164267,1.444911122784468],[103.58169724250756,1.4451177935624648],[103.58216982752904,1.4454072035113879],[103.58260111279714,1.4456552934402365],[103.58313534958235,1.445820704880366],[103.58358728323364,1.445903368864122],[103.58395721810312,1.4458826553248951],[103.58363980040474,1.4480477228803301],[103.58434957698712,1.4488242290868354],[103.58533663105487,1.4500093417822877],[103.58560495579808,1.450279372918831],[103.5858387356204,1.4510613922496298],[103.58593764529218,1.4511659624187077],[103.58600213922367,1.451234151066775],[103.58602998710023,1.451263596348627],[103.58627463402418,1.4515222413836246],[103.58636525036802,1.451618040129001],[103.58638926999244,1.4516434340715314],[103.58657820345424,1.4518375083882262],[103.58660163057259,1.4518616457005287],[103.58680172388682,1.4520671873505753],[103.58684881175604,1.452115551637076],[103.58689376898707,1.4521617277885421],[103.58702601601694,1.4521250634442484],[103.58707914160568,1.4521502951559515],[103.58710414946592,1.4521623313401282],[103.58723430413733,1.4522227781057082],[103.58732582670696,1.4522459285574492],[103.58737908682207,1.452259402996401],[103.58753307209601,1.4522983517208954],[103.587578524308,1.4523520343967604],[103.58771674802549,1.4524893425947343],[103.59027465289283,1.4551337870201622],[103.59334738304284,1.4583648093095534],[103.5941525176379,1.4592076009961101],[103.59908641412281,1.464485884962],[103.59202092361596,1.4713095330433243],[103.594134448885,1.4734646095406594],[103.5886601992264,1.4789104622529854],[103.58458478301041,1.4829898938828527],[103.58330923067358,1.4843073289893496],[103.58321203850493,1.4844407597921472],[103.58033985721832,1.4874317786550892],[103.58020153337755,1.4874590738958056],[103.58008682561953,1.4874827780622608],[103.5797785436921,1.4872072929989621],[103.57940397656758,1.486410126981788],[103.5793515654898,1.4860071982073],[103.57930994794569,1.4856706486721516],[103.57999802372336,1.4853465912229926],[103.58006768884601,1.484820938624514],[103.58040772284379,1.4845405558136888],[103.58056432497507,1.483568191930315],[103.58029334340853,1.4830359308689773],[103.5798925649313,1.4824577301043338],[103.57988393289817,1.4818095182478095],[103.58003189982583,1.4808370641566675],[103.5797356385206,1.4800924503834767],[103.57956144611167,1.479499596571633],[103.57955281632238,1.4791404380116735],[103.57938726336802,1.4788951572994153],[103.57950934266358,1.4782030835048292],[103.57849571947506,1.4784819335567214],[103.57832153927892,1.478166556439043],[103.57736309656703,1.4780876945733104],[103.57701503762786,1.4769130192131534],[103.57474979135972,1.4771503576974137],[103.57398711700176,1.4779731245144867],[103.5729503714977,1.4781220885143636],[103.57224472104276,1.4787090783728294],[103.57133005036948,1.4787616167748063],[103.57071164187022,1.4785337923241122],[103.57003219227138,1.4785513398306682],[103.56956545296264,1.4784293344273263],[103.56895567058537,1.477868676288095],[103.56854627980897,1.4777372646189504],[103.56789272157556,1.4785695253373108],[103.5675181613517,1.478324154774888],[103.56716117934296,1.4786570789349929],[103.566925958433,1.478368027093254],[103.56641174587561,1.4786833985003534],[103.56579333048407,1.479121418781864],[103.56588056915706,1.4796557620872326],[103.56500012640957,1.4795579927412394],[103.56441284825105,1.4804995989374268],[103.56415975323009,1.4804354794885577],[103.56393562931935,1.479768638428776],[103.56364306770753,1.4791883540095971],[103.56221326643553,1.4784608220161797],[103.5612545186289,1.4779982048319795],[103.56061698935854,1.4775825231288495],[103.56009014189706,1.4770004202213467],[103.55977230341765,1.476082780486431],[103.55921184921071,1.475928847961726],[103.5589146695708,1.4754568243161177],[103.55901362520203,1.4751068087008334],[103.55931882945787,1.4748910103803947],[103.55951706318011,1.4745008319496866],[103.55931852442579,1.4741269400999757],[103.55891406012151,1.4739929044977476],[103.55881510614299,1.4730799677211177],[103.55841835287747,1.4722740253877926],[103.55801420321768,1.4719739303600563],[103.55711433466581,1.4721568906159355],[103.55661831179367,1.4718799550652744],[103.55641207268157,1.4712800453218315],[103.55451245843585,1.4708401217137688],[103.55391778979302,1.4694781211175338],[103.55491723273535,1.4691321871157046],[103.55521471879459,1.4687161447776012],[103.55461913303081,1.4676771195933205],[103.55471871143763,1.4663371974385457],[103.5540167566032,1.465875300559927],[103.5523153651865,1.4667752079211664],[103.5521171445084,1.4659903379498194],[103.55261317165967,1.464651320388756],[103.55166244739407,1.4621471166668065],[103.55346342225924,1.4600430401423217],[103.55295292612647,1.457212424895504]]]},"properties":{"OBJECTID":42,"FCD":"DA0100","FNM":"Mukim Coverage Administrative","NAM":"Mukim Jelutong","KOD_NEGERI":"01","KOD_DAERAH":"02","KOD_MUKIM":"01","ARM":"15392949.122","BA5":null,"Daerah":null,"PPM":null,"Sumber":"JUPEM","Tahun_Kemaskini":"13/11/2019","Tahun_Terima":"2021"}},{"type":"Feature","id":43,"geometry":{"type":"Polygon","coordinates":[[[103.64449363335477,1.37358020961917],[103.63977573207146,1.3772902673974121],[103.63946501363105,1.3775484011268726],[103.63915829046685,1.3776898632976389],[103.63872456010053,1.3777558142620079],[103.63715671379332,1.377834735252517],[103.63466317082867,1.3789257386453413],[103.63433334324297,1.3796019045677488],[103.63439723806155,1.3821605554611962],[103.63406711594767,1.3832078999287318],[103.6335662011174,1.383976958755444],[103.63242038149575,1.3842554740977007],[103.630735075038,1.384215904565857],[103.62845697595696,1.3841366488825653],[103.62599543089719,1.3829703601007115],[103.62352092390952,1.3815254894707678],[103.6218880309792,1.381777695389896],[103.62132085389104,1.382984221974299],[103.62097747117922,1.3843630413473929],[103.62060817789897,1.3848535321660562],[103.61964700929099,1.384933149614016],[103.61888341462337,1.384442867907455],[103.6190292015191,1.3834220276849827],[103.61964938916755,1.381592339780394],[103.61920268164339,1.3805185094463914],[103.61746436086872,1.3804391477631452],[103.61708092363624,1.382454423620646],[103.61654025379168,1.3837536540053914],[103.61568330167263,1.3849999867532778],[103.61507726072293,1.3855569531140925],[103.61424770390083,1.3855437683469467],[103.61216843809802,1.3853045021165864],[103.61263457574145,1.3874389625375925],[103.61220363116814,1.3880311943591181],[103.61185315209089,1.3893638899650274],[103.61031490124056,1.3896842758886976],[103.60986114008534,1.3902734330999402],[103.60954395041513,1.3911230620095527],[103.61079367144775,1.3909247002927323],[103.61175887231795,1.3914413789966802],[103.61133655155537,1.3919723852776444],[103.61082393021748,1.3932558778685376],[103.61091212806177,1.3950519066269025],[103.61179134731093,1.3965138182590027],[103.61154351512852,1.3971756918251805],[103.61169149302339,1.397559979963026],[103.61184069956151,1.3978728230420085],[103.611931337744,1.398179246813974],[103.61204139426479,1.3985181365858113],[103.61214528634642,1.3988832531862005],[103.61201304497983,1.3989895278049813],[103.6118407180284,1.399118050710753],[103.61161968754578,1.3988365988127867],[103.6112654752335,1.3983775159698961],[103.61121677098456,1.39831800050734],[103.61077500758164,1.3977465874923805],[103.61040538433811,1.3972684223866885],[103.61003544676575,1.3967901666639464],[103.60966582386621,1.396311991584502],[103.60946051062312,1.396046365908055],[103.60940101013443,1.3957832695729164],[103.60929156229857,1.3953008394496564],[103.60906004535988,1.3949562542253837],[103.60882884218334,1.3946115787098703],[103.60859701089376,1.394266903785234],[103.60836580871866,1.3939223187180891],[103.60804365861954,1.393443518844987],[103.60799248261337,1.3933669111214844],[103.60785437581171,1.3931615147537189],[103.60776435413966,1.3930296511487934],[103.60760127467567,1.3927911555931087],[103.60743850170165,1.3925526601903377],[103.60727573775054,1.3923141647918245],[103.60711265839514,1.3920756683310074],[103.60694988552912,1.3918371729276051],[103.60668014230114,1.3914422063611742],[103.6066036892338,1.391330329454361],[103.6063234688233,1.3909197264632858],[103.60619398914514,1.3907301564384182],[103.60559778458719,1.3898577364150135],[103.60429156973824,1.3880743556663129],[103.60420649930171,1.3879499166773814],[103.60380467211702,1.3873625215209773],[103.6027608799856,1.3880787059600193],[103.6026175237841,1.3882727493080866],[103.60336430752713,1.3894226520404456],[103.60328379564218,1.3895007639294048],[103.60254975317477,1.390852647057467],[103.60201266027957,1.3926866971504068],[103.601628570939,1.3937246333890485],[103.6014115653149,1.3943115328138778],[103.60134436325285,1.3944935920239807],[103.6012065730703,1.3948662280058035],[103.60107802785745,1.3952131715205147],[103.60102501378633,1.3953564330623889],[103.60080461150442,1.39594703182399],[103.6006560200529,1.39582728738742],[103.60051729500552,1.3957155009845428],[103.60045225564532,1.395663230129635],[103.60030366423902,1.3955434856785978],[103.60024848143749,1.3954990733629098],[103.60006598608827,1.3953520174065515],[103.5999596293472,1.39526546231186],[103.59941799369435,1.3948285375103708],[103.59669012596032,1.3951406131888329],[103.59647835691946,1.3957010955303575],[103.59597742299907,1.396109730831959],[103.5972789650708,1.398040410470353],[103.59666459377185,1.398467216491164],[103.5983971072016,1.4009876790846565],[103.5957796000623,1.4027983102972725],[103.59563379755627,1.402904131691484],[103.59531226948891,1.4031266283662904],[103.5950730513927,1.403287527507589],[103.59185905547078,1.4054960283746853],[103.593492614794,1.4078555008893896],[103.59414770572005,1.4088014464600351],[103.59544062653201,1.410721364906622],[103.59493475514188,1.4110722931012905],[103.59431821484657,1.4115363674833072],[103.5929581277271,1.412490661658882],[103.59128361724372,1.413627379260536],[103.5898150240267,1.4146184817987784],[103.5888245557898,1.4152974447848914],[103.5879962347527,1.4158809955101408],[103.58637967007027,1.4169925677254436],[103.58491600561332,1.4179899877473945],[103.58348592893103,1.4189535021766844],[103.58447086919746,1.4204069231079608],[103.58549003818621,1.4219093680527968],[103.58643829941684,1.4233261613560295],[103.58741862446121,1.424756419815045],[103.58830892752678,1.4260377295658186],[103.58918844853115,1.4272986820847646],[103.5899014948222,1.4283205054258385],[103.59109759204355,1.4275202451910738],[103.59161856380646,1.4271616310967958],[103.59233560704446,1.4266748475679722],[103.59361092195988,1.4258256592495857],[103.5945946096422,1.4251706511507067],[103.59504654224185,1.424869825833314],[103.60182624660554,1.4347315286082056],[103.59726395911866,1.4390968152655288],[103.59696967777182,1.440838262391551],[103.59668512617586,1.4424937491303453],[103.5965791211769,1.4431988467950603],[103.59597672792151,1.4438100253632606],[103.59513320583318,1.4445041558484741],[103.59360655689662,1.4450589504765643],[103.59123993128573,1.4455149995374812],[103.5867141308765,1.4458857006106554],[103.58535925504577,1.445579380218486],[103.58469275582127,1.445637718844708],[103.58395721810312,1.4458826553248951],[103.58358728323364,1.445903368864122],[103.58313534958235,1.445820704880366],[103.58260111279714,1.4456552934402365],[103.58216982752904,1.4454072035113879],[103.58169724250756,1.4451177935624648],[103.58130696164267,1.444911122784468],[103.5807727154873,1.4446423326116646],[103.58017681594171,1.4443736242378686],[103.57966322832678,1.444042875117673],[103.5792522952171,1.4435674184250977],[103.57877970074514,1.4430919621729272],[103.57828676114389,1.4425751669448972],[103.57799914317678,1.4420376701774602],[103.57781417278021,1.4416448701535327],[103.57769085584323,1.4413761659206261],[103.57738258148609,1.4411073644340233],[103.57693064877833,1.440921331015107],[103.57642630986841,1.4407924540021289],[103.57583071854026,1.4406271222102611],[103.57529648355133,1.4405030375385952],[103.57443361211838,1.4401516702820076],[103.5740226825844,1.43992429775468],[103.57365275662482,1.439820921557104],[103.57320082453006,1.4397588759283557],[103.57278989635984,1.4397381591493663],[103.57239961693224,1.4397175417311407],[103.57200933867686,1.4397381629852768],[103.57157775162126,1.439862252834573],[103.57114617463824,1.44002759037146],[103.57079720537399,1.4402343473418113],[103.5703039660778,1.4404410963815908],[103.5699340325008,1.4406477634728128],[103.56966706822418,1.4407511416697418],[103.56915070765157,1.4408070421490347],[103.56850271118367,1.4408750529790333],[103.56766019441439,1.4408130159095516],[103.56704395540402,1.4409577254106813],[103.56644805954767,1.441102433649858],[103.56603713092342,1.441350519599759],[103.56585246978784,1.4417226118623196],[103.56581116280877,1.4421154035761041],[103.56579081044109,1.4427976200335386],[103.5659344710145,1.4434384156581894],[103.56611944002495,1.4441206310325727],[103.56630440048696,1.4451128895253884],[103.56624274945288,1.4457330571469031],[103.56597578566256,1.4463945632382942],[103.56554419804388,1.4469941125045849],[103.56498961047768,1.447407533904552],[103.56430431140149,1.4476052468441178],[103.563811384289,1.4476880063372444],[103.56340044500804,1.4477706652687006],[103.56290720426028,1.4478533338940438],[103.56235261450279,1.448018760292597],[103.56175671706326,1.4482461357640746],[103.5613457874753,1.4483701333328376],[103.56105817203313,1.44849422064573],[103.5607705481928,1.448762925639263],[103.56054457683322,1.4490523486951623],[103.56025696144523,1.4494657608702481],[103.56011299616321,1.4499206010821268],[103.56003098985998,1.4504166894135213],[103.55992832458149,1.4509541981555114],[103.55978189630127,1.4521424413779451],[103.55967892522142,1.4529486547809778],[103.55935030567854,1.4536722082917104],[103.5588983715703,1.454313085660148],[103.55828212669562,1.4547472149783591],[103.55754226206345,1.4550366377741772],[103.55659738839282,1.4553466787356026],[103.5553528752809,1.4560129663964614],[103.5542433773695,1.456509142567486],[103.55295292612647,1.457212424895504],[103.55260735349489,1.456210397840796],[103.55088534695176,1.4490401078412174],[103.54871204490378,1.4424826644897075],[103.54820683203025,1.4333357191594276],[103.54558318181228,1.4248003535622953],[103.54254674694982,1.417526034542578],[103.53923169575843,1.406558893503724],[103.53888369157148,1.4038186313910583],[103.53872436117659,1.399319600038165],[103.53523179180635,1.3876445495336438],[103.53912814991753,1.3727384617063825],[103.54119976348424,1.364813084116555],[103.54147144263382,1.3541080716956344],[103.54673509644903,1.346792397559794],[103.55470218575869,1.3400373806550654],[103.55530822889307,1.339528450514188],[103.60754542999868,1.2880318314297807],[103.61444996004901,1.3140524481816178],[103.61536643301298,1.3151634395108234],[103.61611656200047,1.3213577304282318],[103.6283374227526,1.3408014699490738],[103.6338368341702,1.3517732242402096],[103.6359199322891,1.3571341191898456],[103.63916953177838,1.3627172939786198],[103.64449363335477,1.37358020961917]]]},"properties":{"OBJECTID":43,"FCD":"DA0100","FNM":"Mukim Coverage Administrative","NAM":"Mukim Tanjung Kupang","KOD_NEGERI":"01","KOD_DAERAH":"02","KOD_MUKIM":"07","ARM":"114641183.35","BA5":null,"Daerah":null,"PPM":null,"Sumber":"JUPEM","Tahun_Kemaskini":"7/11/2019","Tahun_Terima":"2021"}},{"type":"Feature","id":44,"geometry":{"type":"Polygon","coordinates":[[[103.65985884085003,1.5455000909180385],[103.65984095510946,1.5452279514027716],[103.65983538313651,1.5448423946376353],[103.65983321998715,1.544696322702006],[103.65982085066321,1.5438306051132964],[103.65981587935347,1.5430128093250475],[103.65998448211649,1.5424307995743793],[103.66051254794128,1.5416266434919628],[103.66113372079398,1.5410211896085189],[103.66181163026242,1.5403338785158869],[103.66234247871424,1.5398640829383496],[103.66298924147003,1.5391993911062758],[103.66335700944148,1.5388325286009699],[103.66501706406676,1.5372051039884067],[103.66528434196444,1.5369422650134723],[103.66564254753011,1.5365858026104764],[103.665813954304,1.53641477012483],[103.66613486843312,1.5360953972560776],[103.66864051946611,1.5336184787420402],[103.66938037267934,1.5328666731461287],[103.67043250284375,1.5317970404868575],[103.67135978278561,1.5308568360501889],[103.67286198842969,1.5293740757949275],[103.67329950114025,1.5289364958876628],[103.6735235549912,1.528712374182576],[103.67454273976279,1.5276928607578721],[103.67456219363251,1.527673407200251],[103.67508379641906,1.5271612491154956],[103.67650375022174,1.525773149970769],[103.67901137610345,1.5230178772201828],[103.67977801025943,1.5216107206166933],[103.67991117348902,1.5213526725561541],[103.68055633798453,1.519926802750071],[103.68094997180317,1.5190826677732048],[103.68146537208978,1.517947032798561],[103.6823223071367,1.5160588961818016],[103.6823287648565,1.515843006950715],[103.68217246911455,1.515079743523696],[103.68210545654375,1.51472089717208],[103.68248983752213,1.5137937422831627],[103.682686619559,1.513642259638245],[103.68426736922966,1.5122527457905366],[103.68630844869065,1.510725217088899],[103.687711077743,1.5096554661105577],[103.68856499346533,1.5089852303458644],[103.68997306848043,1.5064182632743448],[103.69005592881189,1.5062356860153772],[103.6900928830471,1.5061398389102676],[103.69011929050916,1.506084653736609],[103.6904605311661,1.505429188712346],[103.6911351630816,1.5039017094188605],[103.69189874708923,1.5031044967527942],[103.6925081943182,1.5026693360804226],[103.69350545223688,1.50197575709888],[103.69460690115262,1.5012126171778484],[103.69828610453509,1.4986744539546828],[103.7013981006457,1.496576708596982],[103.70423077663953,1.4945250005928183],[103.70440990425865,1.4947605024648014],[103.70534008636216,1.496189710833349],[103.70595764081592,1.497087500893286],[103.70704167020315,1.4986716324183376],[103.70839331654945,1.5007510185615438],[103.7086371856543,1.5010345369241627],[103.70888105328795,1.5011663934612243],[103.71074963003142,1.5022382044630707],[103.71296565675284,1.5035015406983023],[103.71498461352981,1.5079090584262926],[103.71759614299933,1.5086715898562952],[103.7197952075366,1.509602631300214],[103.72635767338785,1.50977517013207],[103.72855758469025,1.5097264275541782],[103.72891704243345,1.5097055998547062],[103.73025655572378,1.5098909970216643],[103.73104518335396,1.510279022670669],[103.73153013128183,1.5105611714650078],[103.73213501700184,1.5109526485073848],[103.73248402030701,1.5112243175256859],[103.73291440756603,1.511568328169046],[103.7345706310984,1.5129524253385658],[103.73487801076487,1.5132265303080725],[103.73541692239651,1.5136375631511223],[103.73637636089242,1.514322591811178],[103.73824337989389,1.514820424198587],[103.73951908921666,1.515159932391206],[103.74017512835562,1.5152245398032094],[103.74173322746333,1.5153856747312129],[103.742248084988,1.5156877958344657],[103.74309748353495,1.5165244182080815],[103.74363271961035,1.5171083628304147],[103.74498868123847,1.518636467528092],[103.74540244296342,1.519141290899113],[103.74594939619882,1.5197987659156444],[103.74667671348543,1.520569913168694],[103.74728436123311,1.5208186671743205],[103.74800144991636,1.5209300307852118],[103.74882890410204,1.5209769853952864],[103.75093384846085,1.520606800493214],[103.75177881090464,1.520084503683815],[103.75196221742576,1.519833148148907],[103.7522584394883,1.519299776307472],[103.7523721770657,1.5190722120355935],[103.75249453997527,1.5188280965139334],[103.75252289538095,1.5187709392598168],[103.75316471466734,1.518368225223491],[103.75372209725587,1.5183593129277217],[103.75458591186286,1.5183460313334924],[103.75582736411242,1.5182042063511174],[103.75647198869011,1.5181302526135172],[103.75682959392567,1.5180892524078027],[103.75718812527809,1.5180494193374465],[103.75763575424315,1.517999638299037],[103.75798659192606,1.518145126888085],[103.75890439679664,1.5185317820959963],[103.7589913340498,1.5185738264184492],[103.75928635632032,1.5185023460372018],[103.75982003654332,1.5188226470014383],[103.76003307864877,1.5190679077190248],[103.76055820664847,1.5202994217798471],[103.76353142541116,1.5215058362686142],[103.76581931115045,1.5224635961023423],[103.76661193559924,1.52252158937316],[103.76719214578233,1.5227161689527018],[103.76738082852332,1.5228717096070632],[103.76849353577933,1.5238683755777243],[103.76891746930656,1.52428817288852],[103.7694153754684,1.5245835962315264],[103.77023911834813,1.524528259705342],[103.77044351771721,1.5245828621347863],[103.77070864905285,1.5246744573504813],[103.77310321209356,1.5256619598573937],[103.77434936080674,1.5261872129071108],[103.77588469119956,1.5268217005409392],[103.77696400428562,1.5268430247953169],[103.77870491322444,1.5269098699814498],[103.77982772270715,1.5272188914476876],[103.78023098237635,1.5273807384263656],[103.78070269638029,1.527767510669848],[103.78091916048172,1.5282233203362632],[103.7809904171389,1.5286228033991283],[103.78090234784545,1.5296459109895142],[103.78086970929071,1.5299986400400163],[103.78124930744194,1.5309433732682718],[103.78289607568722,1.5329912790973628],[103.7856833537858,1.536357542202783],[103.7863977588795,1.5372779925394358],[103.78656983035856,1.5377986576838634],[103.78686463308013,1.5386158738710518],[103.78704072336343,1.539149099691247],[103.78724702860332,1.5397063870400847],[103.78730838931214,1.5398134657642668],[103.78765711637051,1.5403377281068695],[103.78823182610813,1.5408811394102684],[103.78905623526681,1.5412924698353132],[103.78964878022025,1.5413833923474825],[103.79042629568774,1.5415113743622846],[103.79048294347605,1.54207968357615],[103.79052135699084,1.5424650880576563],[103.79101035430259,1.5430007212589316],[103.7922725069316,1.5431338130268346],[103.79221320058382,1.544912018154748],[103.79262112105356,1.5454197233711628],[103.79324946014825,1.5458429289260975],[103.79350905824136,1.5460001769157519],[103.79402794393226,1.5462614057563175],[103.7951544088567,1.5460315574767756],[103.79635364998782,1.5459950684611177],[103.79662712548843,1.5461764701796443],[103.796820257019,1.5475185204967303],[103.79689244521299,1.5479256887186055],[103.79959850686924,1.5497175085001567],[103.80025805696765,1.5507618737035498],[103.80094314642963,1.5513244399195363],[103.80114119427172,1.5524870557677237],[103.80167093492976,1.5532786405232755],[103.8017009058091,1.5539259380972912],[103.80143434502926,1.5546734086967497],[103.80135083155533,1.5553704222985083],[103.80095682363886,1.555791073825267],[103.80044336954485,1.5560615250613234],[103.8002344125112,1.5563499661580578],[103.80028382273827,1.556851877836885],[103.80101076893885,1.557767914406712],[103.80107927630492,1.5583587853458125],[103.8013003700583,1.5587560793483772],[103.80145117792362,1.5592045679657789],[103.8015961809602,1.560057149034153],[103.8015604583958,1.5610726175098786],[103.80154265595343,1.5619378693746955],[103.8013635772591,1.5622863926801525],[103.801027659002,1.5627288956237355],[103.80200416382807,1.563982508543347],[103.80347938945937,1.5643402179046761],[103.80415577374342,1.5642551293039444],[103.80442552669953,1.5642253359378806],[103.80504766217275,1.5642371193416442],[103.80532697887085,1.5643029238128026],[103.80551485002321,1.5653157694622324],[103.80572421881884,1.565635913466711],[103.80623913331571,1.5662401875940575],[103.80696362276448,1.5662289785311443],[103.8080857962892,1.5661031313771139],[103.8085587053707,1.5660678057007822],[103.80915094498808,1.5660957706746998],[103.80975829975928,1.5661942810204663],[103.81046125408504,1.5666129587409898],[103.81095549015019,1.566963725001627],[103.81124131048094,1.5672359196123706],[103.8113733102321,1.5677405787652756],[103.81177514696192,1.568843832567161],[103.81289307788828,1.5693066822694024],[103.81324620215598,1.5694533249201634],[103.81367433030665,1.5696269269291518],[103.81382109399763,1.569743941572618],[103.81409414077591,1.5702703960591198],[103.81384353010444,1.571586325032321],[103.81376497844327,1.572251748564082],[103.81416337697084,1.5729971228916995],[103.81548517145329,1.5741360946836875],[103.81654332109623,1.5748372627931213],[103.81728914172295,1.5755155625583976],[103.81780273696772,1.5763747342767511],[103.81811412648861,1.5777484087026583],[103.81884555443392,1.578954462991796],[103.81905318713912,1.5801759562794775],[103.81901784967071,1.5811063410250614],[103.81810058527769,1.5829492204579019],[103.81788196228727,1.5836194456277224],[103.8175591930674,1.5846545001409666],[103.81746769034947,1.5861027249118778],[103.81757137976871,1.5864838158197152],[103.81823721949884,1.5874144385965423],[103.81871567177951,1.5880482224071613],[103.81879939994229,1.5881966436479273],[103.8193179140536,1.5904872416306695],[103.81946154127075,1.5913818185428013],[103.81978512728692,1.5930116662756966],[103.81988042266231,1.5933119174882726],[103.8202893442621,1.5942813239317144],[103.82078952537486,1.5954655197879553],[103.82074179790267,1.5964002469775422],[103.8206581955407,1.5972587507605474],[103.82047504258638,1.5990038412108678],[103.82045516439625,1.599433094769614],[103.82039545354735,1.6001190996979562],[103.82031979213131,1.600740915547148],[103.82027601039775,1.6013266248277833],[103.82023135565582,1.601466642727565],[103.8204753204758,1.6022856568552937],[103.82050955155458,1.6023683196895515],[103.82060638539755,1.602605355902479],[103.82110107288048,1.6040281296870802],[103.82125990331899,1.6044569899605414],[103.8213835896273,1.6049038509664684],[103.82161303488252,1.6054583255658974],[103.82176389133451,1.6062195639064016],[103.82184810582653,1.6066463443309886],[103.82180715815826,1.6071041690367673],[103.82181209911593,1.6074494686598189],[103.82178969150206,1.607912997445707],[103.82174259325839,1.6084897636161914],[103.82140789152385,1.609388624256333],[103.82229947688862,1.6113653438048696],[103.82262903106026,1.6114600503513423],[103.82385602777916,1.6117382601670178],[103.82435031165977,1.6113769436679994],[103.82534586429665,1.6119287761164525],[103.82533466233309,1.61224249761774],[103.82529823958093,1.6129377781323313],[103.8251719154906,1.613373050043895],[103.82526747045469,1.6138535833412821],[103.82536484815991,1.614190035442327],[103.82468724267264,1.6148864209711873],[103.8244405738894,1.6154298155394624],[103.82384862718604,1.615558681310344],[103.82256383042366,1.6169304253167156],[103.82211574377651,1.6179803374460218],[103.82192892125218,1.618418131646267],[103.82187195968471,1.6184614848895855],[103.82136059711685,1.6185286899597735],[103.82068587633167,1.61860959957244],[103.82036032586154,1.6192679735633697],[103.82023542530757,1.61952731347173],[103.81945010131004,1.6205037171202943],[103.81938717275462,1.6206870650361906],[103.81858410599648,1.6211524936826327],[103.81910983716858,1.6217839000188272],[103.81918470494331,1.6219195887980808],[103.8194667299097,1.6239293857610628],[103.81937199639157,1.6239659614689779],[103.81858179456715,1.624271028677484],[103.8170106290502,1.6248702457599076],[103.81605937342404,1.6252330664113523],[103.81578993744863,1.6253358262088702],[103.81524010985217,1.6255500289477351],[103.81385578716109,1.62608927976774],[103.81272863379367,1.6265283312537],[103.81238090823356,1.6266637561504325],[103.81115587507588,1.6271403955381676],[103.81073671731986,1.6273034485916684],[103.80965678507592,1.627723691272044],[103.80617588257816,1.6290598505043177],[103.80470667766808,1.6296267703050986],[103.80210349422016,1.6306320397922682],[103.79984009049473,1.6315027426609592],[103.79692279199823,1.6326334869513937],[103.79346175263552,1.633975412129352],[103.7902638761841,1.6352298960691782],[103.78680102856269,1.6365573770218163],[103.786724815179,1.6365870032447576],[103.78630527526288,1.636749943638214],[103.78559755113865,1.6370249385029445],[103.78546934245558,1.6370747373498982],[103.7848462423167,1.6373167400553919],[103.78399319824567,1.6376479115584632],[103.7824446155132,1.6382616982631855],[103.78076365297578,1.6389282498009092],[103.77895822575353,1.6388816025971196],[103.77750298857303,1.6388436428455284],[103.7757051145162,1.638830877481135],[103.77478217848177,1.6388343324548038],[103.77485833926865,1.6414375847199836],[103.77489853429473,1.6425890961898835],[103.77493508599225,1.6441356672049778],[103.77497466966237,1.6452874588901831],[103.77349090364036,1.646263662255267],[103.77323687244157,1.6464310135863671],[103.77301249739816,1.6471060221404086],[103.77283559369796,1.647637756427378],[103.77293442389154,1.6492724955094717],[103.77460742683225,1.650637006730723],[103.77636368497673,1.6520692518800957],[103.77637024305734,1.652882962883689],[103.77637930346292,1.6539813923522722],[103.77659360928227,1.6542779254455589],[103.77660938162649,1.6546983945952338],[103.7766415400809,1.6555628466113383],[103.77641928186311,1.6558639580639307],[103.77588534531156,1.656371395657424],[103.7756744978449,1.6566506112259196],[103.77501044431217,1.6570327196773267],[103.77471817164846,1.6570198189903265],[103.7736526544827,1.6569731702848765],[103.77334159236014,1.6571544542192158],[103.772126945525,1.6578622973043806],[103.7716962669219,1.6581130490471536],[103.77089745326855,1.658240215063117],[103.77018927998107,1.6583529815972404],[103.76936374950594,1.6594370214868306],[103.76792743544799,1.6573402610484147],[103.7675312450851,1.6571371658910679],[103.76689054503906,1.6568088341869063],[103.76556632551649,1.6563498755226074],[103.76554299375226,1.6572985302621561],[103.76550981781818,1.6585574148737918],[103.76549631162645,1.6590949209085497],[103.7654874060734,1.659452530790683],[103.76547450972426,1.6599702312265534],[103.76545209968424,1.6608778265830626],[103.76543521111307,1.6615587724928886],[103.76542078443084,1.662146108070849],[103.76540450513257,1.6628064343366964],[103.76538762612084,1.6634858426253987],[103.7653704250136,1.6641866838597412],[103.76535385083747,1.6648573204421269],[103.76533418872923,1.6656598212081395],[103.76531515377715,1.666437812973163],[103.76448458530193,1.6665561078153497],[103.7635414831732,1.666690511793113],[103.76296989602864,1.6667713384769671],[103.76252069055695,1.6668348794851882],[103.76192751679707,1.6669182316653972],[103.76176596966059,1.6669410471939574],[103.76133464844128,1.6670019546296118],[103.76083304129962,1.6670730066427082],[103.7597869681723,1.6672207137244681],[103.75966210549332,1.6672383615465225],[103.75847389693818,1.6674072437501215],[103.757181801392,1.667590061881178],[103.7558893901719,1.6677728897936321],[103.75480478084894,1.6679267464867116],[103.75371738591346,1.668080613042295],[103.75302431352834,1.6681783609460776],[103.75214194312807,1.6683032570139587],[103.75122258333704,1.668433492611122],[103.74977293843052,1.6686389408323552],[103.7471310832995,1.669013705762453],[103.7460174904173,1.6691709079688166],[103.74429375459393,1.669415001967028],[103.74205917138958,1.6697317532163158],[103.73988561626098,1.6701318057526195],[103.73731080453732,1.6686349399476403],[103.72944053614607,1.6640574752697146],[103.72482649417884,1.6613744180336834],[103.72289084418661,1.6602076859174004],[103.72385019204776,1.6589466508079187],[103.72638081493372,1.6555160190751146],[103.72749675060503,1.6540036306252441],[103.72839197537388,1.6527899880975219],[103.72927024284122,1.6515997783301082],[103.73014511270574,1.650413085929513],[103.73102491442647,1.6492217904804545],[103.73191149988672,1.6480211695193185],[103.73313933722685,1.646357361345876],[103.73317848857431,1.6463041818807271],[103.73422198090753,1.644891095143503],[103.73521491853309,1.6435439490800499],[103.73627289306621,1.6421107026251207],[103.73735491220643,1.6406447966911306],[103.73843464939563,1.6394045092955265],[103.73762674422397,1.639398612523544],[103.7369589969873,1.6393950725915465],[103.73605648802044,1.6393905307073384],[103.734087953485,1.639379995680167],[103.73090676651012,1.6393624991412812],[103.73027771638328,1.6393588441617961],[103.72738001023211,1.6393486343501948],[103.72539268497357,1.6393365365322954],[103.72477634177868,1.6393325716334965],[103.72433061427884,1.6393296870428662],[103.7228368445628,1.6382023907687775],[103.72070538010234,1.6365878309475081],[103.71995949596577,1.6360397495367172],[103.7182399060484,1.634727914192756],[103.71726146752749,1.6339975049695459],[103.71699072288786,1.6337698629697985],[103.71607776589114,1.6330765164370322],[103.71505475999844,1.6323061809508805],[103.71409672422485,1.6315860504185515],[103.71279536551494,1.630599241296985],[103.71264631207238,1.6303736687720654],[103.71140485908813,1.629484479395661],[103.70920251968448,1.6280201428906744],[103.70635140430234,1.6260865057494145],[103.70575648832552,1.6257952456691702],[103.70440993021603,1.6248761692439972],[103.70210997913418,1.62330546890887],[103.70077010166551,1.6223910742327807],[103.69928926237864,1.6213795054418327],[103.69782860996155,1.6203818889518928],[103.69617894984114,1.619252291933532],[103.69749332864389,1.6174929255126],[103.69653162514582,1.6169598705152881],[103.69829284705385,1.6146536430864813],[103.69923028251756,1.615143832323793],[103.70132112397103,1.612329638279765],[103.69994477390793,1.6106912867419343],[103.69742202333755,1.6086461763173263],[103.69297096573678,1.6144475958641225],[103.68896755697735,1.6195120612674558],[103.68311634398094,1.6150591914363952],[103.6886579830324,1.6076946183922949],[103.68506998921266,1.6050855442429566],[103.67636396850328,1.5986422619400584],[103.67147116641321,1.595002787736806],[103.6656330853058,1.5907059149862266],[103.66251889276703,1.5883760847619621],[103.66304936864492,1.5876112220745],[103.66229998576668,1.5868376055503868],[103.65960175586493,1.5849091321750985],[103.65898922385315,1.5841800657880039],[103.6572625698094,1.586470288024153],[103.65605980038889,1.587699388824803],[103.65342526834364,1.5899410589848724],[103.65130820166281,1.5916767310223836],[103.65097772096588,1.5919048521955297],[103.65114583025367,1.5916411880582004],[103.6516458777168,1.5895036084263654],[103.65208554818288,1.5876940792689678],[103.65218603315289,1.587021754185898],[103.65286693468879,1.5841147899195616],[103.65306822669267,1.5835421762131503],[103.65350474521776,1.5828403081317906],[103.65411421208621,1.5821957064140795],[103.6546611070827,1.5818147287831268],[103.65560356252165,1.581400461521889],[103.65628425934075,1.581031957079734],[103.65677319543529,1.5805548478101452],[103.65724761880949,1.579692172979666],[103.6577013618868,1.5782136754949327],[103.65876211783656,1.5763416332357478],[103.65922109822968,1.574869194378297],[103.66017534970268,1.5736955773722674],[103.66119503512975,1.5722512724632098],[103.66180102397291,1.5709650692320045],[103.66210187815136,1.56993578369625],[103.66224732132052,1.5687478700935023],[103.66181790218042,1.5674303452875877],[103.6616817604272,1.5665803793750848],[103.66187185365978,1.566058435983639],[103.66188634502743,1.5655931683432645],[103.66167258161464,1.5649961196144453],[103.66120873900523,1.5643113505207802],[103.66119183203635,1.5629036496120776],[103.659950952533,1.5575210216185331],[103.65985125017545,1.5567969585403496],[103.65982874478553,1.5542019215239642],[103.65985884085003,1.5455000909180385]]]},"properties":{"OBJECTID":44,"FCD":"DA0100","FNM":"Mukim Coverage Administrative","NAM":"Mukim Tebrau","KOD_NEGERI":"01","KOD_DAERAH":"02","KOD_MUKIM":"08","ARM":"214961164.68","BA5":null,"Daerah":null,"PPM":null,"Sumber":"JUPEM","Tahun_Kemaskini":"7/10/2019","Tahun_Terima":"2021"}},{"type":"Feature","id":45,"geometry":{"type":"Polygon","coordinates":[[[103.78989532166251,1.4658746704277401],[103.78503047677738,1.4711119511522868],[103.78441998721115,1.4717320568919094],[103.78362528184408,1.471447382247802],[103.78352948125179,1.4713537367704774],[103.78277686245934,1.4714722562064853],[103.78266196621416,1.471932241697345],[103.78306161848403,1.47270066039785],[103.78214204304828,1.4727806342823895],[103.7810390590482,1.4723896272299333],[103.78092684331608,1.4723235302582351],[103.7805190997596,1.472789061389881],[103.78055422908919,1.4731840355334205],[103.77915344839447,1.4731885693417188],[103.77849661422142,1.4731444742896849],[103.77819866083045,1.4729483030570654],[103.77791779480832,1.472701323441578],[103.77548651942513,1.4707684248054365],[103.77428290688046,1.4698559714045856],[103.77403164179152,1.4697061350408585],[103.77221245279814,1.469320835191967],[103.77144883658399,1.4691647162208188],[103.77084551048554,1.4689708614680534],[103.77045552458432,1.4687925493875584],[103.77007600845293,1.4685320130408772],[103.7699761261084,1.468506157277806],[103.76983400415943,1.4685247106325776],[103.76949583748338,1.468695231111167],[103.76928961705698,1.468806767455412],[103.76915736668879,1.4688793179312392],[103.76850262963848,1.4693493199197514],[103.76811761359151,1.4696623715043213],[103.76769746833553,1.4700482371702246],[103.76765153697605,1.4701089237853453],[103.76755783286374,1.470232115169781],[103.76711489211286,1.4708437367954326],[103.76678444258175,1.4710885046661768],[103.76664078636182,1.4711432414686396],[103.76666483881476,1.471206543815113],[103.7660205605143,1.471470332364542],[103.76448815724594,1.4721187710118784],[103.76378469180311,1.4724465120835701],[103.7634375914518,1.4726085316359028],[103.76244156569047,1.4730336978148348],[103.76293096793042,1.4748487536941461],[103.76378643753517,1.478135211397317],[103.76483466618974,1.4823321211903446],[103.76612215059345,1.4868625613494937],[103.76667540087696,1.4889965223513049],[103.76681697533853,1.4898406998193732],[103.76675818873964,1.490823641927817],[103.76661583002951,1.4915975779451482],[103.76600202986666,1.494805192003208],[103.7653426441116,1.4985310532931817],[103.76497844330402,1.500583689203726],[103.76479788547755,1.501667759958492],[103.76456766099821,1.5022773636215465],[103.7638868083494,1.503904502033187],[103.76359768822269,1.5044262074657455],[103.76277988524036,1.5052846729933649],[103.76192541034813,1.5062533099500008],[103.76177621712527,1.506406622134439],[103.76175340219338,1.5064256157858642],[103.7617604934014,1.5064340252367223],[103.76175063648317,1.5064430695774904],[103.7608690003988,1.5071747495298031],[103.76076480875881,1.5073194657022164],[103.76062794915255,1.5075230668048594],[103.76056077956035,1.5079471627862153],[103.7605268952203,1.5081777044460734],[103.76062928628905,1.5086877890835888],[103.76072980626012,1.5088813306161892],[103.76093793615078,1.5092714784605354],[103.76049843501158,1.510535195878183],[103.7599109639569,1.5117742378717391],[103.75903244065985,1.5127772427890898],[103.75851704076135,1.5133468998732862],[103.75783605398291,1.5135698953284769],[103.75738969886318,1.5139866007820577],[103.7573755566871,1.5144047228263477],[103.75778287298432,1.5152572052344475],[103.75809957700326,1.5162576584672849],[103.75861545831313,1.517712387708855],[103.75915008737435,1.5183982580798139],[103.75928635632032,1.5185023460372018],[103.7589913340498,1.5185738264184492],[103.75890439679664,1.5185317820959963],[103.75798659192606,1.518145126888085],[103.75763575424315,1.517999638299037],[103.75718812527809,1.5180494193374465],[103.75682959392567,1.5180892524078027],[103.75647198869011,1.5181302526135172],[103.75582736411242,1.5182042063511174],[103.75458591186286,1.5183460313334924],[103.75372209725587,1.5183593129277217],[103.75316471466734,1.518368225223491],[103.75252289538095,1.5187709392598168],[103.75249453997527,1.5188280965139334],[103.7523721770657,1.5190722120355935],[103.7522584394883,1.519299776307472],[103.75196221742576,1.519833148148907],[103.75177881090464,1.520084503683815],[103.75093384846085,1.520606800493214],[103.74882890410204,1.5209769853952864],[103.74800144991636,1.5209300307852118],[103.74728436123311,1.5208186671743205],[103.74667671348543,1.520569913168694],[103.74594939619882,1.5197987659156444],[103.74540244296342,1.519141290899113],[103.74498868123847,1.518636467528092],[103.74363271961035,1.5171083628304147],[103.74309748353495,1.5165244182080815],[103.742248084988,1.5156877958344657],[103.74173322746333,1.5153856747312129],[103.74017512835562,1.5152245398032094],[103.73951908921666,1.515159932391206],[103.73824337989389,1.514820424198587],[103.73637636089242,1.514322591811178],[103.73541692239651,1.5136375631511223],[103.73487801076487,1.5132265303080725],[103.7345706310984,1.5129524253385658],[103.73291440756603,1.511568328169046],[103.73248402030701,1.5112243175256859],[103.73213501700184,1.5109526485073848],[103.73153013128183,1.5105611714650078],[103.73104518335396,1.510279022670669],[103.73025655572378,1.5098909970216643],[103.72891704243345,1.5097055998547062],[103.72855758469025,1.5097264275541782],[103.72635767338785,1.50977517013207],[103.7197952075366,1.509602631300214],[103.71759614299933,1.5086715898562952],[103.71498461352981,1.5079090584262926],[103.71296565675284,1.5035015406983023],[103.71074963003142,1.5022382044630707],[103.70888105328795,1.5011663934612243],[103.7086371856543,1.5010345369241627],[103.70839331654945,1.5007510185615438],[103.70704167020315,1.4986716324183376],[103.70595764081592,1.497087500893286],[103.70534008636216,1.496189710833349],[103.70440990425865,1.4947605024648014],[103.70423077663953,1.4945250005928183],[103.70397457624426,1.4941882062355185],[103.70325158943805,1.4931545696689086],[103.70319670571975,1.4930753425327192],[103.70238801055251,1.4919196223443545],[103.70204886811297,1.4914348617846214],[103.70185771345723,1.4911512479624205],[103.70086401745834,1.4895003558648883],[103.7033023906628,1.4871637750240412],[103.7033544093242,1.4860123397248513],[103.70293816993637,1.4850179406903259],[103.7022825986505,1.4823919634094458],[103.70347499151721,1.476963119080771],[103.70730400758306,1.47481664896731],[103.7110076735422,1.4747532770045673],[103.71291103992709,1.4754293014450022],[103.71652907721868,1.476394173494874],[103.72002461244043,1.4754866893974785],[103.72115180410677,1.4685693216831401],[103.72148869861992,1.4589196314713],[103.72660525307074,1.459878956518073],[103.73807615239366,1.4543512841808852],[103.74504780957963,1.4501291937751468],[103.75896293352857,1.4481290549638683],[103.76938955211615,1.4525222083286136],[103.78873794001058,1.464877836022394],[103.78989532166251,1.4658746704277401]]]},"properties":{"OBJECTID":45,"FCD":"DA0100","FNM":"Mukim Coverage Administrative","NAM":"Bandar Johor Bahru","KOD_NEGERI":"01","KOD_DAERAH":"02","KOD_MUKIM":"40","ARM":"43018894.976","BA5":null,"Daerah":null,"PPM":null,"Sumber":"JUPEM","Tahun_Kemaskini":"26/9/2019","Tahun_Terima":"2021"}},{"type":"Feature","id":46,"geometry":{"type":"Polygon","coordinates":[[[103.7584691709961,1.5363344452411798],[103.75823271244467,1.5363285889506193],[103.75812511822237,1.5363258865681513],[103.75794045706323,1.5363212910192015],[103.75784519295686,1.5363188580965383],[103.757669778273,1.5363144429203057],[103.7573608481871,1.5360494769635886],[103.75728716272343,1.5359862602964054],[103.7570747733077,1.5362103973885244],[103.75704949274026,1.5361935790046246],[103.75691228980831,1.5361022418737604],[103.75611717159649,1.5355543198100619],[103.75622537070409,1.535492090477645],[103.75634590835824,1.5354313878789199],[103.75650867972918,1.5353464531778154],[103.7566957899347,1.535206785236637],[103.7568949338819,1.5350793341378899],[103.75707588628498,1.5349214975402006],[103.7573052380203,1.534745470823418],[103.75689980889703,1.5344392656999917],[103.75683814902419,1.5343886267826234],[103.75677093482845,1.534333648379051],[103.75672839037753,1.534298825688053],[103.75668584596359,1.5342639206871256],[103.7566432925242,1.534229107035809],[103.7565585091335,1.534159650822042],[103.75647434562735,1.5340908280238306],[103.75638862701526,1.5340204768490007],[103.75630538933116,1.5339514735489956],[103.7562606796855,1.5339189201964716],[103.75599368665961,1.5337272032298173],[103.75562433195529,1.5334604334370001],[103.75553245868838,1.5333962228984717],[103.75530986139567,1.53323580183502],[103.75516495605311,1.533130438842332],[103.75458656654014,1.532714360040178],[103.7544672564216,1.532627724943842],[103.75432481336472,1.5325254545493268],[103.75392308857862,1.5322369741904365],[103.75383367813326,1.5321725828600912],[103.75329198535435,1.5318161062663167],[103.75403672672364,1.5308949693408729],[103.75464098998417,1.5310320238094648],[103.75402479349313,1.5319026864772143],[103.75434636372339,1.5321341005381197],[103.75451932558612,1.5322587144792172],[103.75470307297446,1.5323910150117366],[103.75477645078877,1.5324439221432902],[103.75509801221786,1.5326753361028023],[103.75538135198646,1.532879170601283],[103.75545411047098,1.5329323487920783],[103.75561535357889,1.5330482816067426],[103.75576087925441,1.5331532739937872],[103.75581482744613,1.5331917947325444],[103.7558339396743,1.5331648426996276],[103.75588296319499,1.5331999278176287],[103.75610032062758,1.5333563794105796],[103.75621439217313,1.5334383132759166],[103.75642681592502,1.5335915001679759],[103.75640709374657,1.5336177283439825],[103.75637565423501,1.533662958531336],[103.75642066086063,1.533694606607486],[103.75647800651451,1.5337371067925516],[103.75651932045658,1.5337721107543618],[103.75660410379594,1.5338416474667358],[103.75677398584027,1.5339810023192315],[103.75690132263436,1.534085362619029],[103.75707489815478,1.5342259021424987],[103.75719297987486,1.5343418386853174],[103.7576221657736,1.534810202499863],[103.75779143165182,1.5349908862392845],[103.75785648824456,1.5350389108021123],[103.75804331815452,1.5351771785010284],[103.7582357024626,1.5353196970266736],[103.75842223590828,1.5354577927137163],[103.75847031460418,1.5353847075648905],[103.75883873576056,1.5355625688996652],[103.75893708674705,1.5356098671104401],[103.75902988408089,1.5356554380275922],[103.75917633308907,1.5357313084961668],[103.75900893289881,1.5358020543748543],[103.75878357416899,1.5358193481778464],[103.7584598786812,1.5358441581109472],[103.7584691709961,1.5363344452411798]]]},"properties":{"OBJECTID":46,"FCD":"DA0100","FNM":"Mukim Coverage Administrative","NAM":"Bandar Tebrau","KOD_NEGERI":"01","KOD_DAERAH":"02","KOD_MUKIM":"42","ARM":"56997.717","BA5":null,"Daerah":null,"PPM":null,"Sumber":"JUPEM","Tahun_Kemaskini":"26/9/2019","Tahun_Terima":"2021"}}]}