SHA256,File_Size_Bytes,Duplicate_Count_Including_Canonical,Canonical_Path,Duplicate_Source_Path,Duplicate_Original_Path,Duplicate_Source_Type,Reason
d2456318590b1a3da4a12da4715ac7a34f1e9f826bb2b9b3d9f36603dea21cb3,8109,5,D:\OneDrive\桌面\论文\2027年投稿期刊\论文项目\07_JB医疗可达性_洪水扰动下交通-网络韧性与公平性_SCS_Natural_Hazards\GPT数据\JB_Flood_Healthcare_Accessibility_Research\01_Historical_Flood_2016_2026\Annual_Records\2016\Data_Tables\JB_Flood_2016_2026_Summary.xlsx,D:\OneDrive\桌面\论文\2027年投稿期刊\论文项目\07_JB医疗可达性_洪水扰动下交通-网络韧性与公平性_SCS_Natural_Hazards\GPT数据\2016_2026年洪涝数据\历史数据\JB_Flood_Baseline_2016_2026_Package_20261006\00_SUMMARY\JB_Flood_2016_2026_Summary.xlsx,D:\OneDrive\桌面\论文\2027年投稿期刊\论文项目\07_JB医疗可达性_洪水扰动下交通-网络韧性与公平性_SCS_Natural_Hazards\GPT数据\2016_2026年洪涝数据\历史数据\JB_Flood_Baseline_2016_2026_Package_20261006\00_SUMMARY\JB_Flood_2016_2026_Summary.xlsx,original,Exact duplicate verified by identical file size and SHA-256 checksum.
d2456318590b1a3da4a12da4715ac7a34f1e9f826bb2b9b3d9f36603dea21cb3,8109,5,D:\OneDrive\桌面\论文\2027年投稿期刊\论文项目\07_JB医疗可达性_洪水扰动下交通-网络韧性与公平性_SCS_Natural_Hazards\GPT数据\JB_Flood_Healthcare_Accessibility_Research\01_Historical_Flood_2016_2026\Annual_Records\2016\Data_Tables\JB_Flood_2016_2026_Summary.xlsx,D:\OneDrive\桌面\论文\2027年投稿期刊\论文项目\07_JB医疗可达性_洪水扰动下交通-网络韧性与公平性_SCS_Natural_Hazards\GPT数据\2016_2026年洪涝数据\基准数据\JB_Flood_Spatial_Baseline_2016_2026_FINAL\JB_Flood_Spatial_Baseline_2016_2026_FINAL\08_Source_Archive\Original_2016_2026_Package\00_SUMMARY\JB_Flood_2016_2026_Summary.xlsx,D:\OneDrive\桌面\论文\2027年投稿期刊\论文项目\07_JB医疗可达性_洪水扰动下交通-网络韧性与公平性_SCS_Natural_Hazards\GPT数据\2016_2026年洪涝数据\基准数据\JB_Flood_Spatial_Baseline_2016_2026_FINAL\JB_Flood_Spatial_Baseline_2016_2026_FINAL\08_Source_Archive\Original_2016_2026_Package\00_SUMMARY\JB_Flood_2016_2026_Summary.xlsx,original,Exact duplicate verified by identical file size and SHA-256 checksum.
d2456318590b1a3da4a12da4715ac7a34f1e9f826bb2b9b3d9f36603dea21cb3,8109,5,D:\OneDrive\桌面\论文\2027年投稿期刊\论文项目\07_JB医疗可达性_洪水扰动下交通-网络韧性与公平性_SCS_Natural_Hazards\GPT数据\JB_Flood_Healthcare_Accessibility_Research\01_Historical_Flood_2016_2026\Annual_Records\2016\Data_Tables\JB_Flood_2016_2026_Summary.xlsx,D:\OneDrive\桌面\论文\2027年投稿期刊\论文项目\07_JB医疗可达性_洪水扰动下交通-网络韧性与公平性_SCS_Natural_Hazards\GPT数据\_Organization_Working\Archive_Extractions\60c5a54f928c634f\JB_Flood_Baseline_2016_2026_Package_20261006\00_SUMMARY\JB_Flood_2016_2026_Summary.xlsx,D:\OneDrive\桌面\论文\2027年投稿期刊\论文项目\07_JB医疗可达性_洪水扰动下交通-网络韧性与公平性_SCS_Natural_Hazards\GPT数据\2016_2026年洪涝数据\历史数据\JB_Flood_Baseline_2016_2026_All_Files_20261006.zip,extracted,Exact duplicate verified by identical file size and SHA-256 checksum.
d2456318590b1a3da4a12da4715ac7a34f1e9f826bb2b9b3d9f36603dea21cb3,8109,5,D:\OneDrive\桌面\论文\2027年投稿期刊\论文项目\07_JB医疗可达性_洪水扰动下交通-网络韧性与公平性_SCS_Natural_Hazards\GPT数据\JB_Flood_Healthcare_Accessibility_Research\01_Historical_Flood_2016_2026\Annual_Records\2016\Data_Tables\JB_Flood_2016_2026_Summary.xlsx,D:\OneDrive\桌面\论文\2027年投稿期刊\论文项目\07_JB医疗可达性_洪水扰动下交通-网络韧性与公平性_SCS_Natural_Hazards\GPT数据\_Organization_Working\Archive_Extractions\a7abee4533f7f9bc\JB_Flood_Spatial_Baseline_2016_2026_FINAL\08_Source_Archive\Original_2016_2026_Package\00_SUMMARY\JB_Flood_2016_2026_Summary.xlsx,D:\OneDrive\桌面\论文\2027年投稿期刊\论文项目\07_JB医疗可达性_洪水扰动下交通-网络韧性与公平性_SCS_Natural_Hazards\GPT数据\2016_2026年洪涝数据\基准数据\JB_Flood_Spatial_Baseline_2016_2026_FINAL.zip,extracted,Exact duplicate verified by identical file size and SHA-256 checksum.
a690e26027f558b5cc9cb3db04c622bcc3e61ef0bb0794277efea3f7fc1584c9,37143,7,D:\OneDrive\桌面\论文\2027年投稿期刊\论文项目\07_JB医疗可达性_洪水扰动下交通-网络韧性与公平性_SCS_Natural_Hazards\GPT数据\JB_Flood_Healthcare_Accessibility_Research\01_Historical_Flood_2016_2026\Annual_Records\2016\Geospatial_Data\JB_Flood_All_Closed_Polygons_2016_2021.geojson,D:\OneDrive\桌面\论文\2027年投稿期刊\论文项目\07_JB医疗可达性_洪水扰动下交通-网络韧性与公平性_SCS_Natural_Hazards\GPT数据\2016_2026年洪涝数据\历史数据\JB_Flood_Baseline_2016_2026_Package_20261006\00_SUMMARY\JB_Flood_All_Closed_Polygons_2016_2021.geojson,D:\OneDrive\桌面\论文\2027年投稿期刊\论文项目\07_JB医疗可达性_洪水扰动下交通-网络韧性与公平性_SCS_Natural_Hazards\GPT数据\2016_2026年洪涝数据\历史数据\JB_Flood_Baseline_2016_2026_Package_20261006\00_SUMMARY\JB_Flood_All_Closed_Polygons_2016_2021.geojson,original,Exact duplicate verified by identical file size and SHA-256 checksum.
a690e26027f558b5cc9cb3db04c622bcc3e61ef0bb0794277efea3f7fc1584c9,37143,7,D:\OneDrive\桌面\论文\2027年投稿期刊\论文项目\07_JB医疗可达性_洪水扰动下交通-网络韧性与公平性_SCS_Natural_Hazards\GPT数据\JB_Flood_Healthcare_Accessibility_Research\01_Historical_Flood_2016_2026\Annual_Records\2016\Geospatial_Data\JB_Flood_All_Closed_Polygons_2016_2021.geojson,D:\OneDrive\桌面\论文\2027年投稿期刊\论文项目\07_JB医疗可达性_洪水扰动下交通-网络韧性与公平性_SCS_Natural_Hazards\GPT数据\2016_2026年洪涝数据\基准数据\JB_Flood_Spatial_Baseline_2016_2026_FINAL\JB_Flood_Spatial_Baseline_2016_2026_FINAL\04_Closed_Polygons\All_Validated_Polygons.geojson,D:\OneDrive\桌面\论文\2027年投稿期刊\论文项目\07_JB医疗可达性_洪水扰动下交通-网络韧性与公平性_SCS_Natural_Hazards\GPT数据\2016_2026年洪涝数据\基准数据\JB_Flood_Spatial_Baseline_2016_2026_FINAL\JB_Flood_Spatial_Baseline_2016_2026_FINAL\04_Closed_Polygons\All_Validated_Polygons.geojson,original,Exact duplicate verified by identical file size and SHA-256 checksum.
a690e26027f558b5cc9cb3db04c622bcc3e61ef0bb0794277efea3f7fc1584c9,37143,7,D:\OneDrive\桌面\论文\2027年投稿期刊\论文项目\07_JB医疗可达性_洪水扰动下交通-网络韧性与公平性_SCS_Natural_Hazards\GPT数据\JB_Flood_Healthcare_Accessibility_Research\01_Historical_Flood_2016_2026\Annual_Records\2016\Geospatial_Data\JB_Flood_All_Closed_Polygons_2016_2021.geojson,D:\OneDrive\桌面\论文\2027年投稿期刊\论文项目\07_JB医疗可达性_洪水扰动下交通-网络韧性与公平性_SCS_Natural_Hazards\GPT数据\2016_2026年洪涝数据\基准数据\JB_Flood_Spatial_Baseline_2016_2026_FINAL\JB_Flood_Spatial_Baseline_2016_2026_FINAL\08_Source_Archive\Original_2016_2026_Package\00_SUMMARY\JB_Flood_All_Closed_Polygons_2016_2021.geojson,D:\OneDrive\桌面\论文\2027年投稿期刊\论文项目\07_JB医疗可达性_洪水扰动下交通-网络韧性与公平性_SCS_Natural_Hazards\GPT数据\2016_2026年洪涝数据\基准数据\JB_Flood_Spatial_Baseline_2016_2026_FINAL\JB_Flood_Spatial_Baseline_2016_2026_FINAL\08_Source_Archive\Original_2016_2026_Package\00_SUMMARY\JB_Flood_All_Closed_Polygons_2016_2021.geojson,original,Exact duplicate verified by identical file size and SHA-256 checksum.
a690e26027f558b5cc9cb3db04c622bcc3e61ef0bb0794277efea3f7fc1584c9,37143,7,D:\OneDrive\桌面\论文\2027年投稿期刊\论文项目\07_JB医疗可达性_洪水扰动下交通-网络韧性与公平性_SCS_Natural_Hazards\GPT数据\JB_Flood_Healthcare_Accessibility_Research\01_Historical_Flood_2016_2026\Annual_Records\2016\Geospatial_Data\JB_Flood_All_Closed_Polygons_2016_2021.geojson,D:\OneDrive\桌面\论文\2027年投稿期刊\论文项目\07_JB医疗可达性_洪水扰动下交通-网络韧性与公平性_SCS_Natural_Hazards\GPT数据\_Organization_Working\Archive_Extractions\a7abee4533f7f9bc\JB_Flood_Spatial_Baseline_2016_2026_FINAL\04_Closed_Polygons\All_Validated_Polygons.geojson,D:\OneDrive\桌面\论文\2027年投稿期刊\论文项目\07_JB医疗可达性_洪水扰动下交通-网络韧性与公平性_SCS_Natural_Hazards\GPT数据\2016_2026年洪涝数据\基准数据\JB_Flood_Spatial_Baseline_2016_2026_FINAL.zip,extracted,Exact duplicate verified by identical file size and SHA-256 checksum.
a690e26027f558b5cc9cb3db04c622bcc3e61ef0bb0794277efea3f7fc1584c9,37143,7,D:\OneDrive\桌面\论文\2027年投稿期刊\论文项目\07_JB医疗可达性_洪水扰动下交通-网络韧性与公平性_SCS_Natural_Hazards\GPT数据\JB_Flood_Healthcare_Accessibility_Research\01_Historical_Flood_2016_2026\Annual_Records\2016\Geospatial_Data\JB_Flood_All_Closed_Polygons_2016_2021.geojson,D:\OneDrive\桌面\论文\2027年投稿期刊\论文项目\07_JB医疗可达性_洪水扰动下交通-网络韧性与公平性_SCS_Natural_Hazards\GPT数据\_Organization_Working\Archive_Extractions\60c5a54f928c634f\JB_Flood_Baseline_2016_2026_Package_20261006\00_SUMMARY\JB_Flood_All_Closed_Polygons_2016_2021.geojson,D:\OneDrive\桌面\论文\2027年投稿期刊\论文项目\07_JB医疗可达性_洪水扰动下交通-网络韧性与公平性_SCS_Natural_Hazards\GPT数据\2016_2026年洪涝数据\历史数据\JB_Flood_Baseline_2016_2026_All_Files_20261006.zip,extracted,Exact duplicate verified by identical file size and SHA-256 checksum.
a690e26027f558b5cc9cb3db04c622bcc3e61ef0bb0794277efea3f7fc1584c9,37143,7,D:\OneDrive\桌面\论文\2027年投稿期刊\论文项目\07_JB医疗可达性_洪水扰动下交通-网络韧性与公平性_SCS_Natural_Hazards\GPT数据\JB_Flood_Healthcare_Accessibility_Research\01_Historical_Flood_2016_2026\Annual_Records\2016\Geospatial_Data\JB_Flood_All_Closed_Polygons_2016_2021.geojson,D:\OneDrive\桌面\论文\2027年投稿期刊\论文项目\07_JB医疗可达性_洪水扰动下交通-网络韧性与公平性_SCS_Natural_Hazards\GPT数据\_Organization_Working\Archive_Extractions\a7abee4533f7f9bc\JB_Flood_Spatial_Baseline_2016_2026_FINAL\08_Source_Archive\Original_2016_2026_Package\00_SUMMARY\JB_Flood_All_Closed_Polygons_2016_2021.geojson,D:\OneDrive\桌面\论文\2027年投稿期刊\论文项目\07_JB医疗可达性_洪水扰动下交通-网络韧性与公平性_SCS_Natural_Hazards\GPT数据\2016_2026年洪涝数据\基准数据\JB_Flood_Spatial_Baseline_2016_2026_FINAL.zip,extracted,Exact duplicate verified by identical file size and SHA-256 checksum.
0ae2f87b0c89907ffeb97ca3d76393c680a9ac1bc5b5ce98b57f06c9961e6060,8162,5,D:\OneDrive\桌面\论文\2027年投稿期刊\论文项目\07_JB医疗可达性_洪水扰动下交通-网络韧性与公平性_SCS_Natural_Hazards\GPT数据\JB_Flood_Healthcare_Accessibility_Research\01_Historical_Flood_2016_2026\Annual_Records\2016\Geospatial_Data\R003_2016_Polygon_Closure.geojson,D:\OneDrive\桌面\论文\2027年投稿期刊\论文项目\07_JB医疗可达性_洪水扰动下交通-网络韧性与公平性_SCS_Natural_Hazards\GPT数据\2016_2026年洪涝数据\历史数据\JB_Flood_Baseline_2016_2026_Package_20261006\2016\R003_2016_Polygon_Closure.geojson,D:\OneDrive\桌面\论文\2027年投稿期刊\论文项目\07_JB医疗可达性_洪水扰动下交通-网络韧性与公平性_SCS_Natural_Hazards\GPT数据\2016_2026年洪涝数据\历史数据\JB_Flood_Baseline_2016_2026_Package_20261006\2016\R003_2016_Polygon_Closure.geojson,original,Exact duplicate verified by identical file size and SHA-256 checksum.
0ae2f87b0c89907ffeb97ca3d76393c680a9ac1bc5b5ce98b57f06c9961e6060,8162,5,D:\OneDrive\桌面\论文\2027年投稿期刊\论文项目\07_JB医疗可达性_洪水扰动下交通-网络韧性与公平性_SCS_Natural_Hazards\GPT数据\JB_Flood_Healthcare_Accessibility_Research\01_Historical_Flood_2016_2026\Annual_Records\2016\Geospatial_Data\R003_2016_Polygon_Closure.geojson,D:\OneDrive\桌面\论文\2027年投稿期刊\论文项目\07_JB医疗可达性_洪水扰动下交通-网络韧性与公平性_SCS_Natural_Hazards\GPT数据\2016_2026年洪涝数据\基准数据\JB_Flood_Spatial_Baseline_2016_2026_FINAL\JB_Flood_Spatial_Baseline_2016_2026_FINAL\08_Source_Archive\Original_2016_2026_Package\2016\R003_2016_Polygon_Closure.geojson,D:\OneDrive\桌面\论文\2027年投稿期刊\论文项目\07_JB医疗可达性_洪水扰动下交通-网络韧性与公平性_SCS_Natural_Hazards\GPT数据\2016_2026年洪涝数据\基准数据\JB_Flood_Spatial_Baseline_2016_2026_FINAL\JB_Flood_Spatial_Baseline_2016_2026_FINAL\08_Source_Archive\Original_2016_2026_Package\2016\R003_2016_Polygon_Closure.geojson,original,Exact duplicate verified by identical file size and SHA-256 checksum.
0ae2f87b0c89907ffeb97ca3d76393c680a9ac1bc5b5ce98b57f06c9961e6060,8162,5,D:\OneDrive\桌面\论文\2027年投稿期刊\论文项目\07_JB医疗可达性_洪水扰动下交通-网络韧性与公平性_SCS_Natural_Hazards\GPT数据\JB_Flood_Healthcare_Accessibility_Research\01_Historical_Flood_2016_2026\Annual_Records\2016\Geospatial_Data\R003_2016_Polygon_Closure.geojson,D:\OneDrive\桌面\论文\2027年投稿期刊\论文项目\07_JB医疗可达性_洪水扰动下交通-网络韧性与公平性_SCS_Natural_Hazards\GPT数据\_Organization_Working\Archive_Extractions\60c5a54f928c634f\JB_Flood_Baseline_2016_2026_Package_20261006\2016\R003_2016_Polygon_Closure.geojson,D:\OneDrive\桌面\论文\2027年投稿期刊\论文项目\07_JB医疗可达性_洪水扰动下交通-网络韧性与公平性_SCS_Natural_Hazards\GPT数据\2016_2026年洪涝数据\历史数据\JB_Flood_Baseline_2016_2026_All_Files_20261006.zip,extracted,Exact duplicate verified by identical file size and SHA-256 checksum.
0ae2f87b0c89907ffeb97ca3d76393c680a9ac1bc5b5ce98b57f06c9961e6060,8162,5,D:\OneDrive\桌面\论文\2027年投稿期刊\论文项目\07_JB医疗可达性_洪水扰动下交通-网络韧性与公平性_SCS_Natural_Hazards\GPT数据\JB_Flood_Healthcare_Accessibility_Research\01_Historical_Flood_2016_2026\Annual_Records\2016\Geospatial_Data\R003_2016_Polygon_Closure.geojson,D:\OneDrive\桌面\论文\2027年投稿期刊\论文项目\07_JB医疗可达性_洪水扰动下交通-网络韧性与公平性_SCS_Natural_Hazards\GPT数据\_Organization_Working\Archive_Extractions\a7abee4533f7f9bc\JB_Flood_Spatial_Baseline_2016_2026_FINAL\08_Source_Archive\Original_2016_2026_Package\2016\R003_2016_Polygon_Closure.geojson,D:\OneDrive\桌面\论文\2027年投稿期刊\论文项目\07_JB医疗可达性_洪水扰动下交通-网络韧性与公平性_SCS_Natural_Hazards\GPT数据\2016_2026年洪涝数据\基准数据\JB_Flood_Spatial_Baseline_2016_2026_FINAL.zip,extracted,Exact duplicate verified by identical file size and SHA-256 checksum.
9fe9fb7b12db220ac589a4fa6a575c2921e0fadf3a4db5bce66d085a0c40fdba,11671,5,D:\OneDrive\桌面\论文\2027年投稿期刊\论文项目\07_JB医疗可达性_洪水扰动下交通-网络韧性与公平性_SCS_Natural_Hazards\GPT数据\JB_Flood_Healthcare_Accessibility_Research\01_Historical_Flood_2016_2026\Annual_Records\2016\Geospatial_Data\R005_2017_Polygon_Closure.geojson,D:\OneDrive\桌面\论文\2027年投稿期刊\论文项目\07_JB医疗可达性_洪水扰动下交通-网络韧性与公平性_SCS_Natural_Hazards\GPT数据\2016_2026年洪涝数据\历史数据\JB_Flood_Baseline_2016_2026_Package_20261006\2017\R005_2017_Polygon_Closure.geojson,D:\OneDrive\桌面\论文\2027年投稿期刊\论文项目\07_JB医疗可达性_洪水扰动下交通-网络韧性与公平性_SCS_Natural_Hazards\GPT数据\2016_2026年洪涝数据\历史数据\JB_Flood_Baseline_2016_2026_Package_20261006\2017\R005_2017_Polygon_Closure.geojson,original,Exact duplicate verified by identical file size and SHA-256 checksum.
9fe9fb7b12db220ac589a4fa6a575c2921e0fadf3a4db5bce66d085a0c40fdba,11671,5,D:\OneDrive\桌面\论文\2027年投稿期刊\论文项目\07_JB医疗可达性_洪水扰动下交通-网络韧性与公平性_SCS_Natural_Hazards\GPT数据\JB_Flood_Healthcare_Accessibility_Research\01_Historical_Flood_2016_2026\Annual_Records\2016\Geospatial_Data\R005_2017_Polygon_Closure.geojson,D:\OneDrive\桌面\论文\2027年投稿期刊\论文项目\07_JB医疗可达性_洪水扰动下交通-网络韧性与公平性_SCS_Natural_Hazards\GPT数据\2016_2026年洪涝数据\基准数据\JB_Flood_Spatial_Baseline_2016_2026_FINAL\JB_Flood_Spatial_Baseline_2016_2026_FINAL\08_Source_Archive\Original_2016_2026_Package\2017\R005_2017_Polygon_Closure.geojson,D:\OneDrive\桌面\论文\2027年投稿期刊\论文项目\07_JB医疗可达性_洪水扰动下交通-网络韧性与公平性_SCS_Natural_Hazards\GPT数据\2016_2026年洪涝数据\基准数据\JB_Flood_Spatial_Baseline_2016_2026_FINAL\JB_Flood_Spatial_Baseline_2016_2026_FINAL\08_Source_Archive\Original_2016_2026_Package\2017\R005_2017_Polygon_Closure.geojson,original,Exact duplicate verified by identical file size and SHA-256 checksum.
9fe9fb7b12db220ac589a4fa6a575c2921e0fadf3a4db5bce66d085a0c40fdba,11671,5,D:\OneDrive\桌面\论文\2027年投稿期刊\论文项目\07_JB医疗可达性_洪水扰动下交通-网络韧性与公平性_SCS_Natural_Hazards\GPT数据\JB_Flood_Healthcare_Accessibility_Research\01_Historical_Flood_2016_2026\Annual_Records\2016\Geospatial_Data\R005_2017_Polygon_Closure.geojson,D:\OneDrive\桌面\论文\2027年投稿期刊\论文项目\07_JB医疗可达性_洪水扰动下交通-网络韧性与公平性_SCS_Natural_Hazards\GPT数据\_Organization_Working\Archive_Extractions\60c5a54f928c634f\JB_Flood_Baseline_2016_2026_Package_20261006\2017\R005_2017_Polygon_Closure.geojson,D:\OneDrive\桌面\论文\2027年投稿期刊\论文项目\07_JB医疗可达性_洪水扰动下交通-网络韧性与公平性_SCS_Natural_Hazards\GPT数据\2016_2026年洪涝数据\历史数据\JB_Flood_Baseline_2016_2026_All_Files_20261006.zip,extracted,Exact duplicate verified by identical file size and SHA-256 checksum.
9fe9fb7b12db220ac589a4fa6a575c2921e0fadf3a4db5bce66d085a0c40fdba,11671,5,D:\OneDrive\桌面\论文\2027年投稿期刊\论文项目\07_JB医疗可达性_洪水扰动下交通-网络韧性与公平性_SCS_Natural_Hazards\GPT数据\JB_Flood_Healthcare_Accessibility_Research\01_Historical_Flood_2016_2026\Annual_Records\2016\Geospatial_Data\R005_2017_Polygon_Closure.geojson,D:\OneDrive\桌面\论文\2027年投稿期刊\论文项目\07_JB医疗可达性_洪水扰动下交通-网络韧性与公平性_SCS_Natural_Hazards\GPT数据\_Organization_Working\Archive_Extractions\a7abee4533f7f9bc\JB_Flood_Spatial_Baseline_2016_2026_FINAL\08_Source_Archive\Original_2016_2026_Package\2017\R005_2017_Polygon_Closure.geojson,D:\OneDrive\桌面\论文\2027年投稿期刊\论文项目\07_JB医疗可达性_洪水扰动下交通-网络韧性与公平性_SCS_Natural_Hazards\GPT数据\2016_2026年洪涝数据\基准数据\JB_Flood_Spatial_Baseline_2016_2026_FINAL.zip,extracted,Exact duplicate verified by identical file size and SHA-256 checksum.
366568c8daae01e91c24f170295891db484937dc29b7751a9604abfd76aa5c04,4205,5,D:\OneDrive\桌面\论文\2027年投稿期刊\论文项目\07_JB医疗可达性_洪水扰动下交通-网络韧性与公平性_SCS_Natural_Hazards\GPT数据\JB_Flood_Healthcare_Accessibility_Research\01_Historical_Flood_2016_2026\Annual_Records\2016\Geospatial_Data\R014_2021_Polygon_Closure.geojson,D:\OneDrive\桌面\论文\2027年投稿期刊\论文项目\07_JB医疗可达性_洪水扰动下交通-网络韧性与公平性_SCS_Natural_Hazards\GPT数据\2016_2026年洪涝数据\历史数据\JB_Flood_Baseline_2016_2026_Package_20261006\2021\R014_2021_Polygon_Closure.geojson,D:\OneDrive\桌面\论文\2027年投稿期刊\论文项目\07_JB医疗可达性_洪水扰动下交通-网络韧性与公平性_SCS_Natural_Hazards\GPT数据\2016_2026年洪涝数据\历史数据\JB_Flood_Baseline_2016_2026_Package_20261006\2021\R014_2021_Polygon_Closure.geojson,original,Exact duplicate verified by identical file size and SHA-256 checksum.
366568c8daae01e91c24f170295891db484937dc29b7751a9604abfd76aa5c04,4205,5,D:\OneDrive\桌面\论文\2027年投稿期刊\论文项目\07_JB医疗可达性_洪水扰动下交通-网络韧性与公平性_SCS_Natural_Hazards\GPT数据\JB_Flood_Healthcare_Accessibility_Research\01_Historical_Flood_2016_2026\Annual_Records\2016\Geospatial_Data\R014_2021_Polygon_Closure.geojson,D:\OneDrive\桌面\论文\2027年投稿期刊\论文项目\07_JB医疗可达性_洪水扰动下交通-网络韧性与公平性_SCS_Natural_Hazards\GPT数据\2016_2026年洪涝数据\基准数据\JB_Flood_Spatial_Baseline_2016_2026_FINAL\JB_Flood_Spatial_Baseline_2016_2026_FINAL\08_Source_Archive\Original_2016_2026_Package\2021\R014_2021_Polygon_Closure.geojson,D:\OneDrive\桌面\论文\2027年投稿期刊\论文项目\07_JB医疗可达性_洪水扰动下交通-网络韧性与公平性_SCS_Natural_Hazards\GPT数据\2016_2026年洪涝数据\基准数据\JB_Flood_Spatial_Baseline_2016_2026_FINAL\JB_Flood_Spatial_Baseline_2016_2026_FINAL\08_Source_Archive\Original_2016_2026_Package\2021\R014_2021_Polygon_Closure.geojson,original,Exact duplicate verified by identical file size and SHA-256 checksum.
366568c8daae01e91c24f170295891db484937dc29b7751a9604abfd76aa5c04,4205,5,D:\OneDrive\桌面\论文\2027年投稿期刊\论文项目\07_JB医疗可达性_洪水扰动下交通-网络韧性与公平性_SCS_Natural_Hazards\GPT数据\JB_Flood_Healthcare_Accessibility_Research\01_Historical_Flood_2016_2026\Annual_Records\2016\Geospatial_Data\R014_2021_Polygon_Closure.geojson,D:\OneDrive\桌面\论文\2027年投稿期刊\论文项目\07_JB医疗可达性_洪水扰动下交通-网络韧性与公平性_SCS_Natural_Hazards\GPT数据\_Organization_Working\Archive_Extractions\60c5a54f928c634f\JB_Flood_Baseline_2016_2026_Package_20261006\2021\R014_2021_Polygon_Closure.geojson,D:\OneDrive\桌面\论文\2027年投稿期刊\论文项目\07_JB医疗可达性_洪水扰动下交通-网络韧性与公平性_SCS_Natural_Hazards\GPT数据\2016_2026年洪涝数据\历史数据\JB_Flood_Baseline_2016_2026_All_Files_20261006.zip,extracted,Exact duplicate verified by identical file size and SHA-256 checksum.
366568c8daae01e91c24f170295891db484937dc29b7751a9604abfd76aa5c04,4205,5,D:\OneDrive\桌面\论文\2027年投稿期刊\论文项目\07_JB医疗可达性_洪水扰动下交通-网络韧性与公平性_SCS_Natural_Hazards\GPT数据\JB_Flood_Healthcare_Accessibility_Research\01_Historical_Flood_2016_2026\Annual_Records\2016\Geospatial_Data\R014_2021_Polygon_Closure.geojson,D:\OneDrive\桌面\论文\2027年投稿期刊\论文项目\07_JB医疗可达性_洪水扰动下交通-网络韧性与公平性_SCS_Natural_Hazards\GPT数据\_Organization_Working\Archive_Extractions\a7abee4533f7f9bc\JB_Flood_Spatial_Baseline_2016_2026_FINAL\08_Source_Archive\Original_2016_2026_Package\2021\R014_2021_Polygon_Closure.geojson,D:\OneDrive\桌面\论文\2027年投稿期刊\论文项目\07_JB医疗可达性_洪水扰动下交通-网络韧性与公平性_SCS_Natural_Hazards\GPT数据\2016_2026年洪涝数据\基准数据\JB_Flood_Spatial_Baseline_2016_2026_FINAL.zip,extracted,Exact duplicate verified by identical file size and SHA-256 checksum.
b9a77e45b9f59f9d7adecf2cf2605937373683e5613fbf36f7f35022bd2d2b48,71422,5,D:\OneDrive\桌面\论文\2027年投稿期刊\论文项目\07_JB医疗可达性_洪水扰动下交通-网络韧性与公平性_SCS_Natural_Hazards\GPT数据\JB_Flood_Healthcare_Accessibility_Research\01_Historical_Flood_2016_2026\Annual_Records\2016\Data_Tables\R017_JB_Flood_Spatial_Baseline_2023_Event_Spatial_Audit.xlsx,D:\OneDrive\桌面\论文\2027年投稿期刊\论文项目\07_JB医疗可达性_洪水扰动下交通-网络韧性与公平性_SCS_Natural_Hazards\GPT数据\2016_2026年洪涝数据\历史数据\JB_Flood_Baseline_2016_2026_Package_20261006\2023\R017_JB_Flood_Spatial_Baseline_2023_Event_Spatial_Audit.xlsx,D:\OneDrive\桌面\论文\2027年投稿期刊\论文项目\07_JB医疗可达性_洪水扰动下交通-网络韧性与公平性_SCS_Natural_Hazards\GPT数据\2016_2026年洪涝数据\历史数据\JB_Flood_Baseline_2016_2026_Package_20261006\2023\R017_JB_Flood_Spatial_Baseline_2023_Event_Spatial_Audit.xlsx,original,Exact duplicate verified by identical file size and SHA-256 checksum.
b9a77e45b9f59f9d7adecf2cf2605937373683e5613fbf36f7f35022bd2d2b48,71422,5,D:\OneDrive\桌面\论文\2027年投稿期刊\论文项目\07_JB医疗可达性_洪水扰动下交通-网络韧性与公平性_SCS_Natural_Hazards\GPT数据\JB_Flood_Healthcare_Accessibility_Research\01_Historical_Flood_2016_2026\Annual_Records\2016\Data_Tables\R017_JB_Flood_Spatial_Baseline_2023_Event_Spatial_Audit.xlsx,D:\OneDrive\桌面\论文\2027年投稿期刊\论文项目\07_JB医疗可达性_洪水扰动下交通-网络韧性与公平性_SCS_Natural_Hazards\GPT数据\2016_2026年洪涝数据\基准数据\JB_Flood_Spatial_Baseline_2016_2026_FINAL\JB_Flood_Spatial_Baseline_2016_2026_FINAL\08_Source_Archive\Original_2016_2026_Package\2023\R017_JB_Flood_Spatial_Baseline_2023_Event_Spatial_Audit.xlsx,D:\OneDrive\桌面\论文\2027年投稿期刊\论文项目\07_JB医疗可达性_洪水扰动下交通-网络韧性与公平性_SCS_Natural_Hazards\GPT数据\2016_2026年洪涝数据\基准数据\JB_Flood_Spatial_Baseline_2016_2026_FINAL\JB_Flood_Spatial_Baseline_2016_2026_FINAL\08_Source_Archive\Original_2016_2026_Package\2023\R017_JB_Flood_Spatial_Baseline_2023_Event_Spatial_Audit.xlsx,original,Exact duplicate verified by identical file size and SHA-256 checksum.
b9a77e45b9f59f9d7adecf2cf2605937373683e5613fbf36f7f35022bd2d2b48,71422,5,D:\OneDrive\桌面\论文\2027年投稿期刊\论文项目\07_JB医疗可达性_洪水扰动下交通-网络韧性与公平性_SCS_Natural_Hazards\GPT数据\JB_Flood_Healthcare_Accessibility_Research\01_Historical_Flood_2016_2026\Annual_Records\2016\Data_Tables\R017_JB_Flood_Spatial_Baseline_2023_Event_Spatial_Audit.xlsx,D:\OneDrive\桌面\论文\2027年投稿期刊\论文项目\07_JB医疗可达性_洪水扰动下交通-网络韧性与公平性_SCS_Natural_Hazards\GPT数据\_Organization_Working\Archive_Extractions\60c5a54f928c634f\JB_Flood_Baseline_2016_2026_Package_20261006\2023\R017_JB_Flood_Spatial_Baseline_2023_Event_Spatial_Audit.xlsx,D:\OneDrive\桌面\论文\2027年投稿期刊\论文项目\07_JB医疗可达性_洪水扰动下交通-网络韧性与公平性_SCS_Natural_Hazards\GPT数据\2016_2026年洪涝数据\历史数据\JB_Flood_Baseline_2016_2026_All_Files_20261006.zip,extracted,Exact duplicate verified by identical file size and SHA-256 checksum.
b9a77e45b9f59f9d7adecf2cf2605937373683e5613fbf36f7f35022bd2d2b48,71422,5,D:\OneDrive\桌面\论文\2027年投稿期刊\论文项目\07_JB医疗可达性_洪水扰动下交通-网络韧性与公平性_SCS_Natural_Hazards\GPT数据\JB_Flood_Healthcare_Accessibility_Research\01_Historical_Flood_2016_2026\Annual_Records\2016\Data_Tables\R017_JB_Flood_Spatial_Baseline_2023_Event_Spatial_Audit.xlsx,D:\OneDrive\桌面\论文\2027年投稿期刊\论文项目\07_JB医疗可达性_洪水扰动下交通-网络韧性与公平性_SCS_Natural_Hazards\GPT数据\_Organization_Working\Archive_Extractions\a7abee4533f7f9bc\JB_Flood_Spatial_Baseline_2016_2026_FINAL\08_Source_Archive\Original_2016_2026_Package\2023\R017_JB_Flood_Spatial_Baseline_2023_Event_Spatial_Audit.xlsx,D:\OneDrive\桌面\论文\2027年投稿期刊\论文项目\07_JB医疗可达性_洪水扰动下交通-网络韧性与公平性_SCS_Natural_Hazards\GPT数据\2016_2026年洪涝数据\基准数据\JB_Flood_Spatial_Baseline_2016_2026_FINAL.zip,extracted,Exact duplicate verified by identical file size and SHA-256 checksum.
34801b76e8dd9f6998000e9a2d19e1980c5c6718f3b3e74ab8f5c86f6f1f7ef0,73670,5,D:\OneDrive\桌面\论文\2027年投稿期刊\论文项目\07_JB医疗可达性_洪水扰动下交通-网络韧性与公平性_SCS_Natural_Hazards\GPT数据\JB_Flood_Healthcare_Accessibility_Research\01_Historical_Flood_2016_2026\Annual_Records\2016\Data_Tables\R018_JB_Flood_Spatial_Baseline_2023_Polygon_Closure.xlsx,D:\OneDrive\桌面\论文\2027年投稿期刊\论文项目\07_JB医疗可达性_洪水扰动下交通-网络韧性与公平性_SCS_Natural_Hazards\GPT数据\2016_2026年洪涝数据\历史数据\JB_Flood_Baseline_2016_2026_Package_20261006\2023\R018_JB_Flood_Spatial_Baseline_2023_Polygon_Closure.xlsx,D:\OneDrive\桌面\论文\2027年投稿期刊\论文项目\07_JB医疗可达性_洪水扰动下交通-网络韧性与公平性_SCS_Natural_Hazards\GPT数据\2016_2026年洪涝数据\历史数据\JB_Flood_Baseline_2016_2026_Package_20261006\2023\R018_JB_Flood_Spatial_Baseline_2023_Polygon_Closure.xlsx,original,Exact duplicate verified by identical file size and SHA-256 checksum.
34801b76e8dd9f6998000e9a2d19e1980c5c6718f3b3e74ab8f5c86f6f1f7ef0,73670,5,D:\OneDrive\桌面\论文\2027年投稿期刊\论文项目\07_JB医疗可达性_洪水扰动下交通-网络韧性与公平性_SCS_Natural_Hazards\GPT数据\JB_Flood_Healthcare_Accessibility_Research\01_Historical_Flood_2016_2026\Annual_Records\2016\Data_Tables\R018_JB_Flood_Spatial_Baseline_2023_Polygon_Closure.xlsx,D:\OneDrive\桌面\论文\2027年投稿期刊\论文项目\07_JB医疗可达性_洪水扰动下交通-网络韧性与公平性_SCS_Natural_Hazards\GPT数据\2016_2026年洪涝数据\基准数据\JB_Flood_Spatial_Baseline_2016_2026_FINAL\JB_Flood_Spatial_Baseline_2016_2026_FINAL\08_Source_Archive\Original_2016_2026_Package\2023\R018_JB_Flood_Spatial_Baseline_2023_Polygon_Closure.xlsx,D:\OneDrive\桌面\论文\2027年投稿期刊\论文项目\07_JB医疗可达性_洪水扰动下交通-网络韧性与公平性_SCS_Natural_Hazards\GPT数据\2016_2026年洪涝数据\基准数据\JB_Flood_Spatial_Baseline_2016_2026_FINAL\JB_Flood_Spatial_Baseline_2016_2026_FINAL\08_Source_Archive\Original_2016_2026_Package\2023\R018_JB_Flood_Spatial_Baseline_2023_Polygon_Closure.xlsx,original,Exact duplicate verified by identical file size and SHA-256 checksum.
34801b76e8dd9f6998000e9a2d19e1980c5c6718f3b3e74ab8f5c86f6f1f7ef0,73670,5,D:\OneDrive\桌面\论文\2027年投稿期刊\论文项目\07_JB医疗可达性_洪水扰动下交通-网络韧性与公平性_SCS_Natural_Hazards\GPT数据\JB_Flood_Healthcare_Accessibility_Research\01_Historical_Flood_2016_2026\Annual_Records\2016\Data_Tables\R018_JB_Flood_Spatial_Baseline_2023_Polygon_Closure.xlsx,D:\OneDrive\桌面\论文\2027年投稿期刊\论文项目\07_JB医疗可达性_洪水扰动下交通-网络韧性与公平性_SCS_Natural_Hazards\GPT数据\_Organization_Working\Archive_Extractions\60c5a54f928c634f\JB_Flood_Baseline_2016_2026_Package_20261006\2023\R018_JB_Flood_Spatial_Baseline_2023_Polygon_Closure.xlsx,D:\OneDrive\桌面\论文\2027年投稿期刊\论文项目\07_JB医疗可达性_洪水扰动下交通-网络韧性与公平性_SCS_Natural_Hazards\GPT数据\2016_2026年洪涝数据\历史数据\JB_Flood_Baseline_2016_2026_All_Files_20261006.zip,extracted,Exact duplicate verified by identical file size and SHA-256 checksum.
34801b76e8dd9f6998000e9a2d19e1980c5c6718f3b3e74ab8f5c86f6f1f7ef0,73670,5,D:\OneDrive\桌面\论文\2027年投稿期刊\论文项目\07_JB医疗可达性_洪水扰动下交通-网络韧性与公平性_SCS_Natural_Hazards\GPT数据\JB_Flood_Healthcare_Accessibility_Research\01_Historical_Flood_2016_2026\Annual_Records\2016\Data_Tables\R018_JB_Flood_Spatial_Baseline_2023_Polygon_Closure.xlsx,D:\OneDrive\桌面\论文\2027年投稿期刊\论文项目\07_JB医疗可达性_洪水扰动下交通-网络韧性与公平性_SCS_Natural_Hazards\GPT数据\_Organization_Working\Archive_Extractions\a7abee4533f7f9bc\JB_Flood_Spatial_Baseline_2016_2026_FINAL\08_Source_Archive\Original_2016_2026_Package\2023\R018_JB_Flood_Spatial_Baseline_2023_Polygon_Closure.xlsx,D:\OneDrive\桌面\论文\2027年投稿期刊\论文项目\07_JB医疗可达性_洪水扰动下交通-网络韧性与公平性_SCS_Natural_Hazards\GPT数据\2016_2026年洪涝数据\基准数据\JB_Flood_Spatial_Baseline_2016_2026_FINAL.zip,extracted,Exact duplicate verified by identical file size and SHA-256 checksum.
ad3b4f353a77fb3db5b1a9a959f150f59a3b77e0ca18672e1bb5b1a136893c87,88474,5,D:\OneDrive\桌面\论文\2027年投稿期刊\论文项目\07_JB医疗可达性_洪水扰动下交通-网络韧性与公平性_SCS_Natural_Hazards\GPT数据\JB_Flood_Healthcare_Accessibility_Research\01_Historical_Flood_2016_2026\Annual_Records\2016\Data_Tables\R019_JB_Flood_Spatial_Baseline_2024_Event_Spatial_Audit.xlsx,D:\OneDrive\桌面\论文\2027年投稿期刊\论文项目\07_JB医疗可达性_洪水扰动下交通-网络韧性与公平性_SCS_Natural_Hazards\GPT数据\2016_2026年洪涝数据\历史数据\JB_Flood_Baseline_2016_2026_Package_20261006\2024\R019_JB_Flood_Spatial_Baseline_2024_Event_Spatial_Audit.xlsx,D:\OneDrive\桌面\论文\2027年投稿期刊\论文项目\07_JB医疗可达性_洪水扰动下交通-网络韧性与公平性_SCS_Natural_Hazards\GPT数据\2016_2026年洪涝数据\历史数据\JB_Flood_Baseline_2016_2026_Package_20261006\2024\R019_JB_Flood_Spatial_Baseline_2024_Event_Spatial_Audit.xlsx,original,Exact duplicate verified by identical file size and SHA-256 checksum.
ad3b4f353a77fb3db5b1a9a959f150f59a3b77e0ca18672e1bb5b1a136893c87,88474,5,D:\OneDrive\桌面\论文\2027年投稿期刊\论文项目\07_JB医疗可达性_洪水扰动下交通-网络韧性与公平性_SCS_Natural_Hazards\GPT数据\JB_Flood_Healthcare_Accessibility_Research\01_Historical_Flood_2016_2026\Annual_Records\2016\Data_Tables\R019_JB_Flood_Spatial_Baseline_2024_Event_Spatial_Audit.xlsx,D:\OneDrive\桌面\论文\2027年投稿期刊\论文项目\07_JB医疗可达性_洪水扰动下交通-网络韧性与公平性_SCS_Natural_Hazards\GPT数据\2016_2026年洪涝数据\基准数据\JB_Flood_Spatial_Baseline_2016_2026_FINAL\JB_Flood_Spatial_Baseline_2016_2026_FINAL\08_Source_Archive\Original_2016_2026_Package\2024\R019_JB_Flood_Spatial_Baseline_2024_Event_Spatial_Audit.xlsx,D:\OneDrive\桌面\论文\2027年投稿期刊\论文项目\07_JB医疗可达性_洪水扰动下交通-网络韧性与公平性_SCS_Natural_Hazards\GPT数据\2016_2026年洪涝数据\基准数据\JB_Flood_Spatial_Baseline_2016_2026_FINAL\JB_Flood_Spatial_Baseline_2016_2026_FINAL\08_Source_Archive\Original_2016_2026_Package\2024\R019_JB_Flood_Spatial_Baseline_2024_Event_Spatial_Audit.xlsx,original,Exact duplicate verified by identical file size and SHA-256 checksum.
ad3b4f353a77fb3db5b1a9a959f150f59a3b77e0ca18672e1bb5b1a136893c87,88474,5,D:\OneDrive\桌面\论文\2027年投稿期刊\论文项目\07_JB医疗可达性_洪水扰动下交通-网络韧性与公平性_SCS_Natural_Hazards\GPT数据\JB_Flood_Healthcare_Accessibility_Research\01_Historical_Flood_2016_2026\Annual_Records\2016\Data_Tables\R019_JB_Flood_Spatial_Baseline_2024_Event_Spatial_Audit.xlsx,D:\OneDrive\桌面\论文\2027年投稿期刊\论文项目\07_JB医疗可达性_洪水扰动下交通-网络韧性与公平性_SCS_Natural_Hazards\GPT数据\_Organization_Working\Archive_Extractions\60c5a54f928c634f\JB_Flood_Baseline_2016_2026_Package_20261006\2024\R019_JB_Flood_Spatial_Baseline_2024_Event_Spatial_Audit.xlsx,D:\OneDrive\桌面\论文\2027年投稿期刊\论文项目\07_JB医疗可达性_洪水扰动下交通-网络韧性与公平性_SCS_Natural_Hazards\GPT数据\2016_2026年洪涝数据\历史数据\JB_Flood_Baseline_2016_2026_All_Files_20261006.zip,extracted,Exact duplicate verified by identical file size and SHA-256 checksum.
ad3b4f353a77fb3db5b1a9a959f150f59a3b77e0ca18672e1bb5b1a136893c87,88474,5,D:\OneDrive\桌面\论文\2027年投稿期刊\论文项目\07_JB医疗可达性_洪水扰动下交通-网络韧性与公平性_SCS_Natural_Hazards\GPT数据\JB_Flood_Healthcare_Accessibility_Research\01_Historical_Flood_2016_2026\Annual_Records\2016\Data_Tables\R019_JB_Flood_Spatial_Baseline_2024_Event_Spatial_Audit.xlsx,D:\OneDrive\桌面\论文\2027年投稿期刊\论文项目\07_JB医疗可达性_洪水扰动下交通-网络韧性与公平性_SCS_Natural_Hazards\GPT数据\_Organization_Working\Archive_Extractions\a7abee4533f7f9bc\JB_Flood_Spatial_Baseline_2016_2026_FINAL\08_Source_Archive\Original_2016_2026_Package\2024\R019_JB_Flood_Spatial_Baseline_2024_Event_Spatial_Audit.xlsx,D:\OneDrive\桌面\论文\2027年投稿期刊\论文项目\07_JB医疗可达性_洪水扰动下交通-网络韧性与公平性_SCS_Natural_Hazards\GPT数据\2016_2026年洪涝数据\基准数据\JB_Flood_Spatial_Baseline_2016_2026_FINAL.zip,extracted,Exact duplicate verified by identical file size and SHA-256 checksum.
12e7479ff487252fd64acd4b8ab0367ac4fb45d0be10055c30e2afe9ebda0147,90508,5,D:\OneDrive\桌面\论文\2027年投稿期刊\论文项目\07_JB医疗可达性_洪水扰动下交通-网络韧性与公平性_SCS_Natural_Hazards\GPT数据\JB_Flood_Healthcare_Accessibility_Research\01_Historical_Flood_2016_2026\Annual_Records\2016\Data_Tables\R020_JB_Flood_Spatial_Baseline_2024_Polygon_Closure.xlsx,D:\OneDrive\桌面\论文\2027年投稿期刊\论文项目\07_JB医疗可达性_洪水扰动下交通-网络韧性与公平性_SCS_Natural_Hazards\GPT数据\2016_2026年洪涝数据\历史数据\JB_Flood_Baseline_2016_2026_Package_20261006\2024\R020_JB_Flood_Spatial_Baseline_2024_Polygon_Closure.xlsx,D:\OneDrive\桌面\论文\2027年投稿期刊\论文项目\07_JB医疗可达性_洪水扰动下交通-网络韧性与公平性_SCS_Natural_Hazards\GPT数据\2016_2026年洪涝数据\历史数据\JB_Flood_Baseline_2016_2026_Package_20261006\2024\R020_JB_Flood_Spatial_Baseline_2024_Polygon_Closure.xlsx,original,Exact duplicate verified by identical file size and SHA-256 checksum.
12e7479ff487252fd64acd4b8ab0367ac4fb45d0be10055c30e2afe9ebda0147,90508,5,D:\OneDrive\桌面\论文\2027年投稿期刊\论文项目\07_JB医疗可达性_洪水扰动下交通-网络韧性与公平性_SCS_Natural_Hazards\GPT数据\JB_Flood_Healthcare_Accessibility_Research\01_Historical_Flood_2016_2026\Annual_Records\2016\Data_Tables\R020_JB_Flood_Spatial_Baseline_2024_Polygon_Closure.xlsx,D:\OneDrive\桌面\论文\2027年投稿期刊\论文项目\07_JB医疗可达性_洪水扰动下交通-网络韧性与公平性_SCS_Natural_Hazards\GPT数据\2016_2026年洪涝数据\基准数据\JB_Flood_Spatial_Baseline_2016_2026_FINAL\JB_Flood_Spatial_Baseline_2016_2026_FINAL\08_Source_Archive\Original_2016_2026_Package\2024\R020_JB_Flood_Spatial_Baseline_2024_Polygon_Closure.xlsx,D:\OneDrive\桌面\论文\2027年投稿期刊\论文项目\07_JB医疗可达性_洪水扰动下交通-网络韧性与公平性_SCS_Natural_Hazards\GPT数据\2016_2026年洪涝数据\基准数据\JB_Flood_Spatial_Baseline_2016_2026_FINAL\JB_Flood_Spatial_Baseline_2016_2026_FINAL\08_Source_Archive\Original_2016_2026_Package\2024\R020_JB_Flood_Spatial_Baseline_2024_Polygon_Closure.xlsx,original,Exact duplicate verified by identical file size and SHA-256 checksum.
12e7479ff487252fd64acd4b8ab0367ac4fb45d0be10055c30e2afe9ebda0147,90508,5,D:\OneDrive\桌面\论文\2027年投稿期刊\论文项目\07_JB医疗可达性_洪水扰动下交通-网络韧性与公平性_SCS_Natural_Hazards\GPT数据\JB_Flood_Healthcare_Accessibility_Research\01_Historical_Flood_2016_2026\Annual_Records\2016\Data_Tables\R020_JB_Flood_Spatial_Baseline_2024_Polygon_Closure.xlsx,D:\OneDrive\桌面\论文\2027年投稿期刊\论文项目\07_JB医疗可达性_洪水扰动下交通-网络韧性与公平性_SCS_Natural_Hazards\GPT数据\_Organization_Working\Archive_Extractions\60c5a54f928c634f\JB_Flood_Baseline_2016_2026_Package_20261006\2024\R020_JB_Flood_Spatial_Baseline_2024_Polygon_Closure.xlsx,D:\OneDrive\桌面\论文\2027年投稿期刊\论文项目\07_JB医疗可达性_洪水扰动下交通-网络韧性与公平性_SCS_Natural_Hazards\GPT数据\2016_2026年洪涝数据\历史数据\JB_Flood_Baseline_2016_2026_All_Files_20261006.zip,extracted,Exact duplicate verified by identical file size and SHA-256 checksum.
12e7479ff487252fd64acd4b8ab0367ac4fb45d0be10055c30e2afe9ebda0147,90508,5,D:\OneDrive\桌面\论文\2027年投稿期刊\论文项目\07_JB医疗可达性_洪水扰动下交通-网络韧性与公平性_SCS_Natural_Hazards\GPT数据\JB_Flood_Healthcare_Accessibility_Research\01_Historical_Flood_2016_2026\Annual_Records\2016\Data_Tables\R020_JB_Flood_Spatial_Baseline_2024_Polygon_Closure.xlsx,D:\OneDrive\桌面\论文\2027年投稿期刊\论文项目\07_JB医疗可达性_洪水扰动下交通-网络韧性与公平性_SCS_Natural_Hazards\GPT数据\_Organization_Working\Archive_Extractions\a7abee4533f7f9bc\JB_Flood_Spatial_Baseline_2016_2026_FINAL\08_Source_Archive\Original_2016_2026_Package\2024\R020_JB_Flood_Spatial_Baseline_2024_Polygon_Closure.xlsx,D:\OneDrive\桌面\论文\2027年投稿期刊\论文项目\07_JB医疗可达性_洪水扰动下交通-网络韧性与公平性_SCS_Natural_Hazards\GPT数据\2016_2026年洪涝数据\基准数据\JB_Flood_Spatial_Baseline_2016_2026_FINAL.zip,extracted,Exact duplicate verified by identical file size and SHA-256 checksum.
9aaf32cb9e5a4be4113768916f2357628294dafb75c588189e27761acaf46f45,113460,5,D:\OneDrive\桌面\论文\2027年投稿期刊\论文项目\07_JB医疗可达性_洪水扰动下交通-网络韧性与公平性_SCS_Natural_Hazards\GPT数据\JB_Flood_Healthcare_Accessibility_Research\01_Historical_Flood_2016_2026\Annual_Records\2016\Data_Tables\R021_JB_Flood_Spatial_Baseline_2025_Event_Spatial_Audit.xlsx,D:\OneDrive\桌面\论文\2027年投稿期刊\论文项目\07_JB医疗可达性_洪水扰动下交通-网络韧性与公平性_SCS_Natural_Hazards\GPT数据\2016_2026年洪涝数据\历史数据\JB_Flood_Baseline_2016_2026_Package_20261006\2025\R021_JB_Flood_Spatial_Baseline_2025_Event_Spatial_Audit.xlsx,D:\OneDrive\桌面\论文\2027年投稿期刊\论文项目\07_JB医疗可达性_洪水扰动下交通-网络韧性与公平性_SCS_Natural_Hazards\GPT数据\2016_2026年洪涝数据\历史数据\JB_Flood_Baseline_2016_2026_Package_20261006\2025\R021_JB_Flood_Spatial_Baseline_2025_Event_Spatial_Audit.xlsx,original,Exact duplicate verified by identical file size and SHA-256 checksum.
9aaf32cb9e5a4be4113768916f2357628294dafb75c588189e27761acaf46f45,113460,5,D:\OneDrive\桌面\论文\2027年投稿期刊\论文项目\07_JB医疗可达性_洪水扰动下交通-网络韧性与公平性_SCS_Natural_Hazards\GPT数据\JB_Flood_Healthcare_Accessibility_Research\01_Historical_Flood_2016_2026\Annual_Records\2016\Data_Tables\R021_JB_Flood_Spatial_Baseline_2025_Event_Spatial_Audit.xlsx,D:\OneDrive\桌面\论文\2027年投稿期刊\论文项目\07_JB医疗可达性_洪水扰动下交通-网络韧性与公平性_SCS_Natural_Hazards\GPT数据\2016_2026年洪涝数据\基准数据\JB_Flood_Spatial_Baseline_2016_2026_FINAL\JB_Flood_Spatial_Baseline_2016_2026_FINAL\08_Source_Archive\Original_2016_2026_Package\2025\R021_JB_Flood_Spatial_Baseline_2025_Event_Spatial_Audit.xlsx,D:\OneDrive\桌面\论文\2027年投稿期刊\论文项目\07_JB医疗可达性_洪水扰动下交通-网络韧性与公平性_SCS_Natural_Hazards\GPT数据\2016_2026年洪涝数据\基准数据\JB_Flood_Spatial_Baseline_2016_2026_FINAL\JB_Flood_Spatial_Baseline_2016_2026_FINAL\08_Source_Archive\Original_2016_2026_Package\2025\R021_JB_Flood_Spatial_Baseline_2025_Event_Spatial_Audit.xlsx,original,Exact duplicate verified by identical file size and SHA-256 checksum.
9aaf32cb9e5a4be4113768916f2357628294dafb75c588189e27761acaf46f45,113460,5,D:\OneDrive\桌面\论文\2027年投稿期刊\论文项目\07_JB医疗可达性_洪水扰动下交通-网络韧性与公平性_SCS_Natural_Hazards\GPT数据\JB_Flood_Healthcare_Accessibility_Research\01_Historical_Flood_2016_2026\Annual_Records\2016\Data_Tables\R021_JB_Flood_Spatial_Baseline_2025_Event_Spatial_Audit.xlsx,D:\OneDrive\桌面\论文\2027年投稿期刊\论文项目\07_JB医疗可达性_洪水扰动下交通-网络韧性与公平性_SCS_Natural_Hazards\GPT数据\_Organization_Working\Archive_Extractions\60c5a54f928c634f\JB_Flood_Baseline_2016_2026_Package_20261006\2025\R021_JB_Flood_Spatial_Baseline_2025_Event_Spatial_Audit.xlsx,D:\OneDrive\桌面\论文\2027年投稿期刊\论文项目\07_JB医疗可达性_洪水扰动下交通-网络韧性与公平性_SCS_Natural_Hazards\GPT数据\2016_2026年洪涝数据\历史数据\JB_Flood_Baseline_2016_2026_All_Files_20261006.zip,extracted,Exact duplicate verified by identical file size and SHA-256 checksum.
9aaf32cb9e5a4be4113768916f2357628294dafb75c588189e27761acaf46f45,113460,5,D:\OneDrive\桌面\论文\2027年投稿期刊\论文项目\07_JB医疗可达性_洪水扰动下交通-网络韧性与公平性_SCS_Natural_Hazards\GPT数据\JB_Flood_Healthcare_Accessibility_Research\01_Historical_Flood_2016_2026\Annual_Records\2016\Data_Tables\R021_JB_Flood_Spatial_Baseline_2025_Event_Spatial_Audit.xlsx,D:\OneDrive\桌面\论文\2027年投稿期刊\论文项目\07_JB医疗可达性_洪水扰动下交通-网络韧性与公平性_SCS_Natural_Hazards\GPT数据\_Organization_Working\Archive_Extractions\a7abee4533f7f9bc\JB_Flood_Spatial_Baseline_2016_2026_FINAL\08_Source_Archive\Original_2016_2026_Package\2025\R021_JB_Flood_Spatial_Baseline_2025_Event_Spatial_Audit.xlsx,D:\OneDrive\桌面\论文\2027年投稿期刊\论文项目\07_JB医疗可达性_洪水扰动下交通-网络韧性与公平性_SCS_Natural_Hazards\GPT数据\2016_2026年洪涝数据\基准数据\JB_Flood_Spatial_Baseline_2016_2026_FINAL.zip,extracted,Exact duplicate verified by identical file size and SHA-256 checksum.
8226c9b4eba951d252b01d24ba26c9563b0a15321299ce60e9b361c1a0c601ea,115722,5,D:\OneDrive\桌面\论文\2027年投稿期刊\论文项目\07_JB医疗可达性_洪水扰动下交通-网络韧性与公平性_SCS_Natural_Hazards\GPT数据\JB_Flood_Healthcare_Accessibility_Research\01_Historical_Flood_2016_2026\Annual_Records\2016\Data_Tables\R022_JB_Flood_Spatial_Baseline_2025_Polygon_Closure.xlsx,D:\OneDrive\桌面\论文\2027年投稿期刊\论文项目\07_JB医疗可达性_洪水扰动下交通-网络韧性与公平性_SCS_Natural_Hazards\GPT数据\2016_2026年洪涝数据\历史数据\JB_Flood_Baseline_2016_2026_Package_20261006\2025\R022_JB_Flood_Spatial_Baseline_2025_Polygon_Closure.xlsx,D:\OneDrive\桌面\论文\2027年投稿期刊\论文项目\07_JB医疗可达性_洪水扰动下交通-网络韧性与公平性_SCS_Natural_Hazards\GPT数据\2016_2026年洪涝数据\历史数据\JB_Flood_Baseline_2016_2026_Package_20261006\2025\R022_JB_Flood_Spatial_Baseline_2025_Polygon_Closure.xlsx,original,Exact duplicate verified by identical file size and SHA-256 checksum.
8226c9b4eba951d252b01d24ba26c9563b0a15321299ce60e9b361c1a0c601ea,115722,5,D:\OneDrive\桌面\论文\2027年投稿期刊\论文项目\07_JB医疗可达性_洪水扰动下交通-网络韧性与公平性_SCS_Natural_Hazards\GPT数据\JB_Flood_Healthcare_Accessibility_Research\01_Historical_Flood_2016_2026\Annual_Records\2016\Data_Tables\R022_JB_Flood_Spatial_Baseline_2025_Polygon_Closure.xlsx,D:\OneDrive\桌面\论文\2027年投稿期刊\论文项目\07_JB医疗可达性_洪水扰动下交通-网络韧性与公平性_SCS_Natural_Hazards\GPT数据\2016_2026年洪涝数据\基准数据\JB_Flood_Spatial_Baseline_2016_2026_FINAL\JB_Flood_Spatial_Baseline_2016_2026_FINAL\08_Source_Archive\Original_2016_2026_Package\2025\R022_JB_Flood_Spatial_Baseline_2025_Polygon_Closure.xlsx,D:\OneDrive\桌面\论文\2027年投稿期刊\论文项目\07_JB医疗可达性_洪水扰动下交通-网络韧性与公平性_SCS_Natural_Hazards\GPT数据\2016_2026年洪涝数据\基准数据\JB_Flood_Spatial_Baseline_2016_2026_FINAL\JB_Flood_Spatial_Baseline_2016_2026_FINAL\08_Source_Archive\Original_2016_2026_Package\2025\R022_JB_Flood_Spatial_Baseline_2025_Polygon_Closure.xlsx,original,Exact duplicate verified by identical file size and SHA-256 checksum.
8226c9b4eba951d252b01d24ba26c9563b0a15321299ce60e9b361c1a0c601ea,115722,5,D:\OneDrive\桌面\论文\2027年投稿期刊\论文项目\07_JB医疗可达性_洪水扰动下交通-网络韧性与公平性_SCS_Natural_Hazards\GPT数据\JB_Flood_Healthcare_Accessibility_Research\01_Historical_Flood_2016_2026\Annual_Records\2016\Data_Tables\R022_JB_Flood_Spatial_Baseline_2025_Polygon_Closure.xlsx,D:\OneDrive\桌面\论文\2027年投稿期刊\论文项目\07_JB医疗可达性_洪水扰动下交通-网络韧性与公平性_SCS_Natural_Hazards\GPT数据\_Organization_Working\Archive_Extractions\60c5a54f928c634f\JB_Flood_Baseline_2016_2026_Package_20261006\2025\R022_JB_Flood_Spatial_Baseline_2025_Polygon_Closure.xlsx,D:\OneDrive\桌面\论文\2027年投稿期刊\论文项目\07_JB医疗可达性_洪水扰动下交通-网络韧性与公平性_SCS_Natural_Hazards\GPT数据\2016_2026年洪涝数据\历史数据\JB_Flood_Baseline_2016_2026_All_Files_20261006.zip,extracted,Exact duplicate verified by identical file size and SHA-256 checksum.
8226c9b4eba951d252b01d24ba26c9563b0a15321299ce60e9b361c1a0c601ea,115722,5,D:\OneDrive\桌面\论文\2027年投稿期刊\论文项目\07_JB医疗可达性_洪水扰动下交通-网络韧性与公平性_SCS_Natural_Hazards\GPT数据\JB_Flood_Healthcare_Accessibility_Research\01_Historical_Flood_2016_2026\Annual_Records\2016\Data_Tables\R022_JB_Flood_Spatial_Baseline_2025_Polygon_Closure.xlsx,D:\OneDrive\桌面\论文\2027年投稿期刊\论文项目\07_JB医疗可达性_洪水扰动下交通-网络韧性与公平性_SCS_Natural_Hazards\GPT数据\_Organization_Working\Archive_Extractions\a7abee4533f7f9bc\JB_Flood_Spatial_Baseline_2016_2026_FINAL\08_Source_Archive\Original_2016_2026_Package\2025\R022_JB_Flood_Spatial_Baseline_2025_Polygon_Closure.xlsx,D:\OneDrive\桌面\论文\2027年投稿期刊\论文项目\07_JB医疗可达性_洪水扰动下交通-网络韧性与公平性_SCS_Natural_Hazards\GPT数据\2016_2026年洪涝数据\基准数据\JB_Flood_Spatial_Baseline_2016_2026_FINAL.zip,extracted,Exact duplicate verified by identical file size and SHA-256 checksum.
cb47fdede9ab7cd9d80315746031a04db47020e0ae647632a2e78451c7e3cbd2,132684,5,D:\OneDrive\桌面\论文\2027年投稿期刊\论文项目\07_JB医疗可达性_洪水扰动下交通-网络韧性与公平性_SCS_Natural_Hazards\GPT数据\JB_Flood_Healthcare_Accessibility_Research\01_Historical_Flood_2016_2026\Annual_Records\2016\Data_Tables\R023_JB_Flood_Spatial_Baseline_2026_Partial_Event_Spatial_Audit_20261006.xlsx,D:\OneDrive\桌面\论文\2027年投稿期刊\论文项目\07_JB医疗可达性_洪水扰动下交通-网络韧性与公平性_SCS_Natural_Hazards\GPT数据\2016_2026年洪涝数据\历史数据\JB_Flood_Baseline_2016_2026_Package_20261006\2026\R023_JB_Flood_Spatial_Baseline_2026_Partial_Event_Spatial_Audit_20261006.xlsx,D:\OneDrive\桌面\论文\2027年投稿期刊\论文项目\07_JB医疗可达性_洪水扰动下交通-网络韧性与公平性_SCS_Natural_Hazards\GPT数据\2016_2026年洪涝数据\历史数据\JB_Flood_Baseline_2016_2026_Package_20261006\2026\R023_JB_Flood_Spatial_Baseline_2026_Partial_Event_Spatial_Audit_20261006.xlsx,original,Exact duplicate verified by identical file size and SHA-256 checksum.
cb47fdede9ab7cd9d80315746031a04db47020e0ae647632a2e78451c7e3cbd2,132684,5,D:\OneDrive\桌面\论文\2027年投稿期刊\论文项目\07_JB医疗可达性_洪水扰动下交通-网络韧性与公平性_SCS_Natural_Hazards\GPT数据\JB_Flood_Healthcare_Accessibility_Research\01_Historical_Flood_2016_2026\Annual_Records\2016\Data_Tables\R023_JB_Flood_Spatial_Baseline_2026_Partial_Event_Spatial_Audit_20261006.xlsx,D:\OneDrive\桌面\论文\2027年投稿期刊\论文项目\07_JB医疗可达性_洪水扰动下交通-网络韧性与公平性_SCS_Natural_Hazards\GPT数据\2016_2026年洪涝数据\基准数据\JB_Flood_Spatial_Baseline_2016_2026_FINAL\JB_Flood_Spatial_Baseline_2016_2026_FINAL\08_Source_Archive\Original_2016_2026_Package\2026\R023_JB_Flood_Spatial_Baseline_2026_Partial_Event_Spatial_Audit_20261006.xlsx,D:\OneDrive\桌面\论文\2027年投稿期刊\论文项目\07_JB医疗可达性_洪水扰动下交通-网络韧性与公平性_SCS_Natural_Hazards\GPT数据\2016_2026年洪涝数据\基准数据\JB_Flood_Spatial_Baseline_2016_2026_FINAL\JB_Flood_Spatial_Baseline_2016_2026_FINAL\08_Source_Archive\Original_2016_2026_Package\2026\R023_JB_Flood_Spatial_Baseline_2026_Partial_Event_Spatial_Audit_20261006.xlsx,original,Exact duplicate verified by identical file size and SHA-256 checksum.
cb47fdede9ab7cd9d80315746031a04db47020e0ae647632a2e78451c7e3cbd2,132684,5,D:\OneDrive\桌面\论文\2027年投稿期刊\论文项目\07_JB医疗可达性_洪水扰动下交通-网络韧性与公平性_SCS_Natural_Hazards\GPT数据\JB_Flood_Healthcare_Accessibility_Research\01_Historical_Flood_2016_2026\Annual_Records\2016\Data_Tables\R023_JB_Flood_Spatial_Baseline_2026_Partial_Event_Spatial_Audit_20261006.xlsx,D:\OneDrive\桌面\论文\2027年投稿期刊\论文项目\07_JB医疗可达性_洪水扰动下交通-网络韧性与公平性_SCS_Natural_Hazards\GPT数据\_Organization_Working\Archive_Extractions\60c5a54f928c634f\JB_Flood_Baseline_2016_2026_Package_20261006\2026\R023_JB_Flood_Spatial_Baseline_2026_Partial_Event_Spatial_Audit_20261006.xlsx,D:\OneDrive\桌面\论文\2027年投稿期刊\论文项目\07_JB医疗可达性_洪水扰动下交通-网络韧性与公平性_SCS_Natural_Hazards\GPT数据\2016_2026年洪涝数据\历史数据\JB_Flood_Baseline_2016_2026_All_Files_20261006.zip,extracted,Exact duplicate verified by identical file size and SHA-256 checksum.
cb47fdede9ab7cd9d80315746031a04db47020e0ae647632a2e78451c7e3cbd2,132684,5,D:\OneDrive\桌面\论文\2027年投稿期刊\论文项目\07_JB医疗可达性_洪水扰动下交通-网络韧性与公平性_SCS_Natural_Hazards\GPT数据\JB_Flood_Healthcare_Accessibility_Research\01_Historical_Flood_2016_2026\Annual_Records\2016\Data_Tables\R023_JB_Flood_Spatial_Baseline_2026_Partial_Event_Spatial_Audit_20261006.xlsx,D:\OneDrive\桌面\论文\2027年投稿期刊\论文项目\07_JB医疗可达性_洪水扰动下交通-网络韧性与公平性_SCS_Natural_Hazards\GPT数据\_Organization_Working\Archive_Extractions\a7abee4533f7f9bc\JB_Flood_Spatial_Baseline_2016_2026_FINAL\08_Source_Archive\Original_2016_2026_Package\2026\R023_JB_Flood_Spatial_Baseline_2026_Partial_Event_Spatial_Audit_20261006.xlsx,D:\OneDrive\桌面\论文\2027年投稿期刊\论文项目\07_JB医疗可达性_洪水扰动下交通-网络韧性与公平性_SCS_Natural_Hazards\GPT数据\2016_2026年洪涝数据\基准数据\JB_Flood_Spatial_Baseline_2016_2026_FINAL.zip,extracted,Exact duplicate verified by identical file size and SHA-256 checksum.
2ec7b22f628f13794f0a5c8241ec7aee7c1bb076cafdd70e97ca7e8ab0e664ee,135012,5,D:\OneDrive\桌面\论文\2027年投稿期刊\论文项目\07_JB医疗可达性_洪水扰动下交通-网络韧性与公平性_SCS_Natural_Hazards\GPT数据\JB_Flood_Healthcare_Accessibility_Research\01_Historical_Flood_2016_2026\Annual_Records\2016\Data_Tables\R024_JB_Flood_Spatial_Baseline_2026_Partial_Polygon_Closure_20261006.xlsx,D:\OneDrive\桌面\论文\2027年投稿期刊\论文项目\07_JB医疗可达性_洪水扰动下交通-网络韧性与公平性_SCS_Natural_Hazards\GPT数据\2016_2026年洪涝数据\历史数据\JB_Flood_Baseline_2016_2026_Package_20261006\2026\R024_JB_Flood_Spatial_Baseline_2026_Partial_Polygon_Closure_20261006.xlsx,D:\OneDrive\桌面\论文\2027年投稿期刊\论文项目\07_JB医疗可达性_洪水扰动下交通-网络韧性与公平性_SCS_Natural_Hazards\GPT数据\2016_2026年洪涝数据\历史数据\JB_Flood_Baseline_2016_2026_Package_20261006\2026\R024_JB_Flood_Spatial_Baseline_2026_Partial_Polygon_Closure_20261006.xlsx,original,Exact duplicate verified by identical file size and SHA-256 checksum.
2ec7b22f628f13794f0a5c8241ec7aee7c1bb076cafdd70e97ca7e8ab0e664ee,135012,5,D:\OneDrive\桌面\论文\2027年投稿期刊\论文项目\07_JB医疗可达性_洪水扰动下交通-网络韧性与公平性_SCS_Natural_Hazards\GPT数据\JB_Flood_Healthcare_Accessibility_Research\01_Historical_Flood_2016_2026\Annual_Records\2016\Data_Tables\R024_JB_Flood_Spatial_Baseline_2026_Partial_Polygon_Closure_20261006.xlsx,D:\OneDrive\桌面\论文\2027年投稿期刊\论文项目\07_JB医疗可达性_洪水扰动下交通-网络韧性与公平性_SCS_Natural_Hazards\GPT数据\2016_2026年洪涝数据\基准数据\JB_Flood_Spatial_Baseline_2016_2026_FINAL\JB_Flood_Spatial_Baseline_2016_2026_FINAL\08_Source_Archive\Original_2016_2026_Package\2026\R024_JB_Flood_Spatial_Baseline_2026_Partial_Polygon_Closure_20261006.xlsx,D:\OneDrive\桌面\论文\2027年投稿期刊\论文项目\07_JB医疗可达性_洪水扰动下交通-网络韧性与公平性_SCS_Natural_Hazards\GPT数据\2016_2026年洪涝数据\基准数据\JB_Flood_Spatial_Baseline_2016_2026_FINAL\JB_Flood_Spatial_Baseline_2016_2026_FINAL\08_Source_Archive\Original_2016_2026_Package\2026\R024_JB_Flood_Spatial_Baseline_2026_Partial_Polygon_Closure_20261006.xlsx,original,Exact duplicate verified by identical file size and SHA-256 checksum.
2ec7b22f628f13794f0a5c8241ec7aee7c1bb076cafdd70e97ca7e8ab0e664ee,135012,5,D:\OneDrive\桌面\论文\2027年投稿期刊\论文项目\07_JB医疗可达性_洪水扰动下交通-网络韧性与公平性_SCS_Natural_Hazards\GPT数据\JB_Flood_Healthcare_Accessibility_Research\01_Historical_Flood_2016_2026\Annual_Records\2016\Data_Tables\R024_JB_Flood_Spatial_Baseline_2026_Partial_Polygon_Closure_20261006.xlsx,D:\OneDrive\桌面\论文\2027年投稿期刊\论文项目\07_JB医疗可达性_洪水扰动下交通-网络韧性与公平性_SCS_Natural_Hazards\GPT数据\_Organization_Working\Archive_Extractions\60c5a54f928c634f\JB_Flood_Baseline_2016_2026_Package_20261006\2026\R024_JB_Flood_Spatial_Baseline_2026_Partial_Polygon_Closure_20261006.xlsx,D:\OneDrive\桌面\论文\2027年投稿期刊\论文项目\07_JB医疗可达性_洪水扰动下交通-网络韧性与公平性_SCS_Natural_Hazards\GPT数据\2016_2026年洪涝数据\历史数据\JB_Flood_Baseline_2016_2026_All_Files_20261006.zip,extracted,Exact duplicate verified by identical file size and SHA-256 checksum.
2ec7b22f628f13794f0a5c8241ec7aee7c1bb076cafdd70e97ca7e8ab0e664ee,135012,5,D:\OneDrive\桌面\论文\2027年投稿期刊\论文项目\07_JB医疗可达性_洪水扰动下交通-网络韧性与公平性_SCS_Natural_Hazards\GPT数据\JB_Flood_Healthcare_Accessibility_Research\01_Historical_Flood_2016_2026\Annual_Records\2016\Data_Tables\R024_JB_Flood_Spatial_Baseline_2026_Partial_Polygon_Closure_20261006.xlsx,D:\OneDrive\桌面\论文\2027年投稿期刊\论文项目\07_JB医疗可达性_洪水扰动下交通-网络韧性与公平性_SCS_Natural_Hazards\GPT数据\_Organization_Working\Archive_Extractions\a7abee4533f7f9bc\JB_Flood_Spatial_Baseline_2016_2026_FINAL\08_Source_Archive\Original_2016_2026_Package\2026\R024_JB_Flood_Spatial_Baseline_2026_Partial_Polygon_Closure_20261006.xlsx,D:\OneDrive\桌面\论文\2027年投稿期刊\论文项目\07_JB医疗可达性_洪水扰动下交通-网络韧性与公平性_SCS_Natural_Hazards\GPT数据\2016_2026年洪涝数据\基准数据\JB_Flood_Spatial_Baseline_2016_2026_FINAL.zip,extracted,Exact duplicate verified by identical file size and SHA-256 checksum.
dbebeb15f829c86064a068710a882e576e65ae9511d1d3ead6007b0067fbad38,59417,3,D:\OneDrive\桌面\论文\2027年投稿期刊\论文项目\07_JB医疗可达性_洪水扰动下交通-网络韧性与公平性_SCS_Natural_Hazards\GPT数据\JB_Flood_Healthcare_Accessibility_Research\01_Historical_Flood_2016_2026\Annual_Records\2016\Data_Tables\v001_Flood_Flood_Figure_JB_Historical_Flood_GIS_Marking_2022_2023_2025.xlsx,D:\OneDrive\桌面\论文\2027年投稿期刊\论文项目\07_JB医疗可达性_洪水扰动下交通-网络韧性与公平性_SCS_Natural_Hazards\GPT数据\2016_2026年洪涝数据\基准数据\JB_Flood_Spatial_Baseline_2016_2026_FINAL\JB_Flood_Spatial_Baseline_2016_2026_FINAL\08_Source_Archive\v001_Fixed45_Historical_Flood_GIS_Baseline.xlsx,D:\OneDrive\桌面\论文\2027年投稿期刊\论文项目\07_JB医疗可达性_洪水扰动下交通-网络韧性与公平性_SCS_Natural_Hazards\GPT数据\2016_2026年洪涝数据\基准数据\JB_Flood_Spatial_Baseline_2016_2026_FINAL\JB_Flood_Spatial_Baseline_2016_2026_FINAL\08_Source_Archive\v001_Fixed45_Historical_Flood_GIS_Baseline.xlsx,original,Exact duplicate verified by identical file size and SHA-256 checksum.
dbebeb15f829c86064a068710a882e576e65ae9511d1d3ead6007b0067fbad38,59417,3,D:\OneDrive\桌面\论文\2027年投稿期刊\论文项目\07_JB医疗可达性_洪水扰动下交通-网络韧性与公平性_SCS_Natural_Hazards\GPT数据\JB_Flood_Healthcare_Accessibility_Research\01_Historical_Flood_2016_2026\Annual_Records\2016\Data_Tables\v001_Flood_Flood_Figure_JB_Historical_Flood_GIS_Marking_2022_2023_2025.xlsx,D:\OneDrive\桌面\论文\2027年投稿期刊\论文项目\07_JB医疗可达性_洪水扰动下交通-网络韧性与公平性_SCS_Natural_Hazards\GPT数据\_Organization_Working\Archive_Extractions\a7abee4533f7f9bc\JB_Flood_Spatial_Baseline_2016_2026_FINAL\08_Source_Archive\v001_Fixed45_Historical_Flood_GIS_Baseline.xlsx,D:\OneDrive\桌面\论文\2027年投稿期刊\论文项目\07_JB医疗可达性_洪水扰动下交通-网络韧性与公平性_SCS_Natural_Hazards\GPT数据\2016_2026年洪涝数据\基准数据\JB_Flood_Spatial_Baseline_2016_2026_FINAL.zip,extracted,Exact duplicate verified by identical file size and SHA-256 checksum.
f195645ab476fe07d8868e6b1bbb956c2e8822b936e927905c429ed8c47a3bf8,4402,4,D:\OneDrive\桌面\论文\2027年投稿期刊\论文项目\07_JB医疗可达性_洪水扰动下交通-网络韧性与公平性_SCS_Natural_Hazards\GPT数据\JB_Flood_Healthcare_Accessibility_Research\01_Historical_Flood_2016_2026\Annual_Records\2016\Data_Tables\FILE_MANIFEST_SHA256.csv,D:\OneDrive\桌面\论文\2027年投稿期刊\论文项目\07_JB医疗可达性_洪水扰动下交通-网络韧性与公平性_SCS_Natural_Hazards\GPT数据\2016_2026年洪涝数据\基准数据\JB_Flood_Spatial_Baseline_2016_2026_FINAL\JB_Flood_Spatial_Baseline_2016_2026_FINAL\08_Source_Archive\Original_2016_2026_Package\00_SUMMARY\FILE_MANIFEST_SHA256.csv,D:\OneDrive\桌面\论文\2027年投稿期刊\论文项目\07_JB医疗可达性_洪水扰动下交通-网络韧性与公平性_SCS_Natural_Hazards\GPT数据\2016_2026年洪涝数据\基准数据\JB_Flood_Spatial_Baseline_2016_2026_FINAL\JB_Flood_Spatial_Baseline_2016_2026_FINAL\08_Source_Archive\Original_2016_2026_Package\00_SUMMARY\FILE_MANIFEST_SHA256.csv,original,Exact duplicate verified by identical file size and SHA-256 checksum.
f195645ab476fe07d8868e6b1bbb956c2e8822b936e927905c429ed8c47a3bf8,4402,4,D:\OneDrive\桌面\论文\2027年投稿期刊\论文项目\07_JB医疗可达性_洪水扰动下交通-网络韧性与公平性_SCS_Natural_Hazards\GPT数据\JB_Flood_Healthcare_Accessibility_Research\01_Historical_Flood_2016_2026\Annual_Records\2016\Data_Tables\FILE_MANIFEST_SHA256.csv,D:\OneDrive\桌面\论文\2027年投稿期刊\论文项目\07_JB医疗可达性_洪水扰动下交通-网络韧性与公平性_SCS_Natural_Hazards\GPT数据\_Organization_Working\Archive_Extractions\60c5a54f928c634f\JB_Flood_Baseline_2016_2026_Package_20261006\00_SUMMARY\FILE_MANIFEST_SHA256.csv,D:\OneDrive\桌面\论文\2027年投稿期刊\论文项目\07_JB医疗可达性_洪水扰动下交通-网络韧性与公平性_SCS_Natural_Hazards\GPT数据\2016_2026年洪涝数据\历史数据\JB_Flood_Baseline_2016_2026_All_Files_20261006.zip,extracted,Exact duplicate verified by identical file size and SHA-256 checksum.
f195645ab476fe07d8868e6b1bbb956c2e8822b936e927905c429ed8c47a3bf8,4402,4,D:\OneDrive\桌面\论文\2027年投稿期刊\论文项目\07_JB医疗可达性_洪水扰动下交通-网络韧性与公平性_SCS_Natural_Hazards\GPT数据\JB_Flood_Healthcare_Accessibility_Research\01_Historical_Flood_2016_2026\Annual_Records\2016\Data_Tables\FILE_MANIFEST_SHA256.csv,D:\OneDrive\桌面\论文\2027年投稿期刊\论文项目\07_JB医疗可达性_洪水扰动下交通-网络韧性与公平性_SCS_Natural_Hazards\GPT数据\_Organization_Working\Archive_Extractions\a7abee4533f7f9bc\JB_Flood_Spatial_Baseline_2016_2026_FINAL\08_Source_Archive\Original_2016_2026_Package\00_SUMMARY\FILE_MANIFEST_SHA256.csv,D:\OneDrive\桌面\论文\2027年投稿期刊\论文项目\07_JB医疗可达性_洪水扰动下交通-网络韧性与公平性_SCS_Natural_Hazards\GPT数据\2016_2026年洪涝数据\基准数据\JB_Flood_Spatial_Baseline_2016_2026_FINAL.zip,extracted,Exact duplicate verified by identical file size and SHA-256 checksum.
a08df212a17ef045fe6eac601bd50d1be8729ba504b280f9191c90781ab2c86d,1340,4,D:\OneDrive\桌面\论文\2027年投稿期刊\论文项目\07_JB医疗可达性_洪水扰动下交通-网络韧性与公平性_SCS_Natural_Hazards\GPT数据\JB_Flood_Healthcare_Accessibility_Research\01_Historical_Flood_2016_2026\Annual_Records\2016\Data_Tables\README_2016_2026.txt,D:\OneDrive\桌面\论文\2027年投稿期刊\论文项目\07_JB医疗可达性_洪水扰动下交通-网络韧性与公平性_SCS_Natural_Hazards\GPT数据\2016_2026年洪涝数据\基准数据\JB_Flood_Spatial_Baseline_2016_2026_FINAL\JB_Flood_Spatial_Baseline_2016_2026_FINAL\08_Source_Archive\Original_2016_2026_Package\00_SUMMARY\README_2016_2026.txt,D:\OneDrive\桌面\论文\2027年投稿期刊\论文项目\07_JB医疗可达性_洪水扰动下交通-网络韧性与公平性_SCS_Natural_Hazards\GPT数据\2016_2026年洪涝数据\基准数据\JB_Flood_Spatial_Baseline_2016_2026_FINAL\JB_Flood_Spatial_Baseline_2016_2026_FINAL\08_Source_Archive\Original_2016_2026_Package\00_SUMMARY\README_2016_2026.txt,original,Exact duplicate verified by identical file size and SHA-256 checksum.
a08df212a17ef045fe6eac601bd50d1be8729ba504b280f9191c90781ab2c86d,1340,4,D:\OneDrive\桌面\论文\2027年投稿期刊\论文项目\07_JB医疗可达性_洪水扰动下交通-网络韧性与公平性_SCS_Natural_Hazards\GPT数据\JB_Flood_Healthcare_Accessibility_Research\01_Historical_Flood_2016_2026\Annual_Records\2016\Data_Tables\README_2016_2026.txt,D:\OneDrive\桌面\论文\2027年投稿期刊\论文项目\07_JB医疗可达性_洪水扰动下交通-网络韧性与公平性_SCS_Natural_Hazards\GPT数据\_Organization_Working\Archive_Extractions\60c5a54f928c634f\JB_Flood_Baseline_2016_2026_Package_20261006\00_SUMMARY\README_2016_2026.txt,D:\OneDrive\桌面\论文\2027年投稿期刊\论文项目\07_JB医疗可达性_洪水扰动下交通-网络韧性与公平性_SCS_Natural_Hazards\GPT数据\2016_2026年洪涝数据\历史数据\JB_Flood_Baseline_2016_2026_All_Files_20261006.zip,extracted,Exact duplicate verified by identical file size and SHA-256 checksum.
a08df212a17ef045fe6eac601bd50d1be8729ba504b280f9191c90781ab2c86d,1340,4,D:\OneDrive\桌面\论文\2027年投稿期刊\论文项目\07_JB医疗可达性_洪水扰动下交通-网络韧性与公平性_SCS_Natural_Hazards\GPT数据\JB_Flood_Healthcare_Accessibility_Research\01_Historical_Flood_2016_2026\Annual_Records\2016\Data_Tables\README_2016_2026.txt,D:\OneDrive\桌面\论文\2027年投稿期刊\论文项目\07_JB医疗可达性_洪水扰动下交通-网络韧性与公平性_SCS_Natural_Hazards\GPT数据\_Organization_Working\Archive_Extractions\a7abee4533f7f9bc\JB_Flood_Spatial_Baseline_2016_2026_FINAL\08_Source_Archive\Original_2016_2026_Package\00_SUMMARY\README_2016_2026.txt,D:\OneDrive\桌面\论文\2027年投稿期刊\论文项目\07_JB医疗可达性_洪水扰动下交通-网络韧性与公平性_SCS_Natural_Hazards\GPT数据\2016_2026年洪涝数据\基准数据\JB_Flood_Spatial_Baseline_2016_2026_FINAL.zip,extracted,Exact duplicate verified by identical file size and SHA-256 checksum.
554257e049c48993bfdac74780625de634c2bad3915167b4ae502f13d576c228,68230,4,D:\OneDrive\桌面\论文\2027年投稿期刊\论文项目\07_JB医疗可达性_洪水扰动下交通-网络韧性与公平性_SCS_Natural_Hazards\GPT数据\JB_Flood_Healthcare_Accessibility_Research\01_Historical_Flood_2016_2026\Annual_Records\2016\Data_Tables\R002_JB_Flood_Spatial_Baseline_2016_GIS_Validated_RECONSTRUCTED.xlsx,D:\OneDrive\桌面\论文\2027年投稿期刊\论文项目\07_JB医疗可达性_洪水扰动下交通-网络韧性与公平性_SCS_Natural_Hazards\GPT数据\2016_2026年洪涝数据\基准数据\JB_Flood_Spatial_Baseline_2016_2026_FINAL\JB_Flood_Spatial_Baseline_2016_2026_FINAL\08_Source_Archive\Original_2016_2026_Package\2016\R002_JB_Flood_Spatial_Baseline_2016_GIS_Validated_RECONSTRUCTED.xlsx,D:\OneDrive\桌面\论文\2027年投稿期刊\论文项目\07_JB医疗可达性_洪水扰动下交通-网络韧性与公平性_SCS_Natural_Hazards\GPT数据\2016_2026年洪涝数据\基准数据\JB_Flood_Spatial_Baseline_2016_2026_FINAL\JB_Flood_Spatial_Baseline_2016_2026_FINAL\08_Source_Archive\Original_2016_2026_Package\2016\R002_JB_Flood_Spatial_Baseline_2016_GIS_Validated_RECONSTRUCTED.xlsx,original,Exact duplicate verified by identical file size and SHA-256 checksum.
554257e049c48993bfdac74780625de634c2bad3915167b4ae502f13d576c228,68230,4,D:\OneDrive\桌面\论文\2027年投稿期刊\论文项目\07_JB医疗可达性_洪水扰动下交通-网络韧性与公平性_SCS_Natural_Hazards\GPT数据\JB_Flood_Healthcare_Accessibility_Research\01_Historical_Flood_2016_2026\Annual_Records\2016\Data_Tables\R002_JB_Flood_Spatial_Baseline_2016_GIS_Validated_RECONSTRUCTED.xlsx,D:\OneDrive\桌面\论文\2027年投稿期刊\论文项目\07_JB医疗可达性_洪水扰动下交通-网络韧性与公平性_SCS_Natural_Hazards\GPT数据\_Organization_Working\Archive_Extractions\60c5a54f928c634f\JB_Flood_Baseline_2016_2026_Package_20261006\2016\R002_JB_Flood_Spatial_Baseline_2016_GIS_Validated_RECONSTRUCTED.xlsx,D:\OneDrive\桌面\论文\2027年投稿期刊\论文项目\07_JB医疗可达性_洪水扰动下交通-网络韧性与公平性_SCS_Natural_Hazards\GPT数据\2016_2026年洪涝数据\历史数据\JB_Flood_Baseline_2016_2026_All_Files_20261006.zip,extracted,Exact duplicate verified by identical file size and SHA-256 checksum.
554257e049c48993bfdac74780625de634c2bad3915167b4ae502f13d576c228,68230,4,D:\OneDrive\桌面\论文\2027年投稿期刊\论文项目\07_JB医疗可达性_洪水扰动下交通-网络韧性与公平性_SCS_Natural_Hazards\GPT数据\JB_Flood_Healthcare_Accessibility_Research\01_Historical_Flood_2016_2026\Annual_Records\2016\Data_Tables\R002_JB_Flood_Spatial_Baseline_2016_GIS_Validated_RECONSTRUCTED.xlsx,D:\OneDrive\桌面\论文\2027年投稿期刊\论文项目\07_JB医疗可达性_洪水扰动下交通-网络韧性与公平性_SCS_Natural_Hazards\GPT数据\_Organization_Working\Archive_Extractions\a7abee4533f7f9bc\JB_Flood_Spatial_Baseline_2016_2026_FINAL\08_Source_Archive\Original_2016_2026_Package\2016\R002_JB_Flood_Spatial_Baseline_2016_GIS_Validated_RECONSTRUCTED.xlsx,D:\OneDrive\桌面\论文\2027年投稿期刊\论文项目\07_JB医疗可达性_洪水扰动下交通-网络韧性与公平性_SCS_Natural_Hazards\GPT数据\2016_2026年洪涝数据\基准数据\JB_Flood_Spatial_Baseline_2016_2026_FINAL.zip,extracted,Exact duplicate verified by identical file size and SHA-256 checksum.
37c7614f0a7c823e09115fe91f58f8341994758bfefcc9e5d4a1660bdecf4288,70977,4,D:\OneDrive\桌面\论文\2027年投稿期刊\论文项目\07_JB医疗可达性_洪水扰动下交通-网络韧性与公平性_SCS_Natural_Hazards\GPT数据\JB_Flood_Healthcare_Accessibility_Research\01_Historical_Flood_2016_2026\Annual_Records\2016\Data_Tables\R003_JB_Flood_Spatial_Baseline_2016_GIS_FROZEN_RECONSTRUCTED.xlsx,D:\OneDrive\桌面\论文\2027年投稿期刊\论文项目\07_JB医疗可达性_洪水扰动下交通-网络韧性与公平性_SCS_Natural_Hazards\GPT数据\2016_2026年洪涝数据\基准数据\JB_Flood_Spatial_Baseline_2016_2026_FINAL\JB_Flood_Spatial_Baseline_2016_2026_FINAL\08_Source_Archive\Original_2016_2026_Package\2016\R003_JB_Flood_Spatial_Baseline_2016_GIS_FROZEN_RECONSTRUCTED.xlsx,D:\OneDrive\桌面\论文\2027年投稿期刊\论文项目\07_JB医疗可达性_洪水扰动下交通-网络韧性与公平性_SCS_Natural_Hazards\GPT数据\2016_2026年洪涝数据\基准数据\JB_Flood_Spatial_Baseline_2016_2026_FINAL\JB_Flood_Spatial_Baseline_2016_2026_FINAL\08_Source_Archive\Original_2016_2026_Package\2016\R003_JB_Flood_Spatial_Baseline_2016_GIS_FROZEN_RECONSTRUCTED.xlsx,original,Exact duplicate verified by identical file size and SHA-256 checksum.
37c7614f0a7c823e09115fe91f58f8341994758bfefcc9e5d4a1660bdecf4288,70977,4,D:\OneDrive\桌面\论文\2027年投稿期刊\论文项目\07_JB医疗可达性_洪水扰动下交通-网络韧性与公平性_SCS_Natural_Hazards\GPT数据\JB_Flood_Healthcare_Accessibility_Research\01_Historical_Flood_2016_2026\Annual_Records\2016\Data_Tables\R003_JB_Flood_Spatial_Baseline_2016_GIS_FROZEN_RECONSTRUCTED.xlsx,D:\OneDrive\桌面\论文\2027年投稿期刊\论文项目\07_JB医疗可达性_洪水扰动下交通-网络韧性与公平性_SCS_Natural_Hazards\GPT数据\_Organization_Working\Archive_Extractions\60c5a54f928c634f\JB_Flood_Baseline_2016_2026_Package_20261006\2016\R003_JB_Flood_Spatial_Baseline_2016_GIS_FROZEN_RECONSTRUCTED.xlsx,D:\OneDrive\桌面\论文\2027年投稿期刊\论文项目\07_JB医疗可达性_洪水扰动下交通-网络韧性与公平性_SCS_Natural_Hazards\GPT数据\2016_2026年洪涝数据\历史数据\JB_Flood_Baseline_2016_2026_All_Files_20261006.zip,extracted,Exact duplicate verified by identical file size and SHA-256 checksum.
37c7614f0a7c823e09115fe91f58f8341994758bfefcc9e5d4a1660bdecf4288,70977,4,D:\OneDrive\桌面\论文\2027年投稿期刊\论文项目\07_JB医疗可达性_洪水扰动下交通-网络韧性与公平性_SCS_Natural_Hazards\GPT数据\JB_Flood_Healthcare_Accessibility_Research\01_Historical_Flood_2016_2026\Annual_Records\2016\Data_Tables\R003_JB_Flood_Spatial_Baseline_2016_GIS_FROZEN_RECONSTRUCTED.xlsx,D:\OneDrive\桌面\论文\2027年投稿期刊\论文项目\07_JB医疗可达性_洪水扰动下交通-网络韧性与公平性_SCS_Natural_Hazards\GPT数据\_Organization_Working\Archive_Extractions\a7abee4533f7f9bc\JB_Flood_Spatial_Baseline_2016_2026_FINAL\08_Source_Archive\Original_2016_2026_Package\2016\R003_JB_Flood_Spatial_Baseline_2016_GIS_FROZEN_RECONSTRUCTED.xlsx,D:\OneDrive\桌面\论文\2027年投稿期刊\论文项目\07_JB医疗可达性_洪水扰动下交通-网络韧性与公平性_SCS_Natural_Hazards\GPT数据\2016_2026年洪涝数据\基准数据\JB_Flood_Spatial_Baseline_2016_2026_FINAL.zip,extracted,Exact duplicate verified by identical file size and SHA-256 checksum.
e3f99912043ca98c3c7a50bfaeb7d1d6a4fee8ecc0669f8654f5415b7689a733,91750,4,D:\OneDrive\桌面\论文\2027年投稿期刊\论文项目\07_JB医疗可达性_洪水扰动下交通-网络韧性与公平性_SCS_Natural_Hazards\GPT数据\JB_Flood_Healthcare_Accessibility_Research\01_Historical_Flood_2016_2026\Annual_Records\2016\Data_Tables\R004_JB_Flood_Spatial_Baseline_2017_Event_Spatial_Audit_RECONSTRUCTED.xlsx,D:\OneDrive\桌面\论文\2027年投稿期刊\论文项目\07_JB医疗可达性_洪水扰动下交通-网络韧性与公平性_SCS_Natural_Hazards\GPT数据\2016_2026年洪涝数据\基准数据\JB_Flood_Spatial_Baseline_2016_2026_FINAL\JB_Flood_Spatial_Baseline_2016_2026_FINAL\08_Source_Archive\Original_2016_2026_Package\2017\R004_JB_Flood_Spatial_Baseline_2017_Event_Spatial_Audit_RECONSTRUCTED.xlsx,D:\OneDrive\桌面\论文\2027年投稿期刊\论文项目\07_JB医疗可达性_洪水扰动下交通-网络韧性与公平性_SCS_Natural_Hazards\GPT数据\2016_2026年洪涝数据\基准数据\JB_Flood_Spatial_Baseline_2016_2026_FINAL\JB_Flood_Spatial_Baseline_2016_2026_FINAL\08_Source_Archive\Original_2016_2026_Package\2017\R004_JB_Flood_Spatial_Baseline_2017_Event_Spatial_Audit_RECONSTRUCTED.xlsx,original,Exact duplicate verified by identical file size and SHA-256 checksum.
e3f99912043ca98c3c7a50bfaeb7d1d6a4fee8ecc0669f8654f5415b7689a733,91750,4,D:\OneDrive\桌面\论文\2027年投稿期刊\论文项目\07_JB医疗可达性_洪水扰动下交通-网络韧性与公平性_SCS_Natural_Hazards\GPT数据\JB_Flood_Healthcare_Accessibility_Research\01_Historical_Flood_2016_2026\Annual_Records\2016\Data_Tables\R004_JB_Flood_Spatial_Baseline_2017_Event_Spatial_Audit_RECONSTRUCTED.xlsx,D:\OneDrive\桌面\论文\2027年投稿期刊\论文项目\07_JB医疗可达性_洪水扰动下交通-网络韧性与公平性_SCS_Natural_Hazards\GPT数据\_Organization_Working\Archive_Extractions\60c5a54f928c634f\JB_Flood_Baseline_2016_2026_Package_20261006\2017\R004_JB_Flood_Spatial_Baseline_2017_Event_Spatial_Audit_RECONSTRUCTED.xlsx,D:\OneDrive\桌面\论文\2027年投稿期刊\论文项目\07_JB医疗可达性_洪水扰动下交通-网络韧性与公平性_SCS_Natural_Hazards\GPT数据\2016_2026年洪涝数据\历史数据\JB_Flood_Baseline_2016_2026_All_Files_20261006.zip,extracted,Exact duplicate verified by identical file size and SHA-256 checksum.
e3f99912043ca98c3c7a50bfaeb7d1d6a4fee8ecc0669f8654f5415b7689a733,91750,4,D:\OneDrive\桌面\论文\2027年投稿期刊\论文项目\07_JB医疗可达性_洪水扰动下交通-网络韧性与公平性_SCS_Natural_Hazards\GPT数据\JB_Flood_Healthcare_Accessibility_Research\01_Historical_Flood_2016_2026\Annual_Records\2016\Data_Tables\R004_JB_Flood_Spatial_Baseline_2017_Event_Spatial_Audit_RECONSTRUCTED.xlsx,D:\OneDrive\桌面\论文\2027年投稿期刊\论文项目\07_JB医疗可达性_洪水扰动下交通-网络韧性与公平性_SCS_Natural_Hazards\GPT数据\_Organization_Working\Archive_Extractions\a7abee4533f7f9bc\JB_Flood_Spatial_Baseline_2016_2026_FINAL\08_Source_Archive\Original_2016_2026_Package\2017\R004_JB_Flood_Spatial_Baseline_2017_Event_Spatial_Audit_RECONSTRUCTED.xlsx,D:\OneDrive\桌面\论文\2027年投稿期刊\论文项目\07_JB医疗可达性_洪水扰动下交通-网络韧性与公平性_SCS_Natural_Hazards\GPT数据\2016_2026年洪涝数据\基准数据\JB_Flood_Spatial_Baseline_2016_2026_FINAL.zip,extracted,Exact duplicate verified by identical file size and SHA-256 checksum.
22c0f271d892185f40c46a8d1ee38ef8c24d1f92faba26fe8a2747a94b80ed08,13114,4,D:\OneDrive\桌面\论文\2027年投稿期刊\论文项目\07_JB医疗可达性_洪水扰动下交通-网络韧性与公平性_SCS_Natural_Hazards\GPT数据\JB_Flood_Healthcare_Accessibility_Research\01_Historical_Flood_2016_2026\Annual_Records\2016\Geospatial_Data\R005_2017_Closed_Polygons.geojson,D:\OneDrive\桌面\论文\2027年投稿期刊\论文项目\07_JB医疗可达性_洪水扰动下交通-网络韧性与公平性_SCS_Natural_Hazards\GPT数据\2016_2026年洪涝数据\基准数据\JB_Flood_Spatial_Baseline_2016_2026_FINAL\JB_Flood_Spatial_Baseline_2016_2026_FINAL\08_Source_Archive\Original_2016_2026_Package\2017\R005_2017_Closed_Polygons.geojson,D:\OneDrive\桌面\论文\2027年投稿期刊\论文项目\07_JB医疗可达性_洪水扰动下交通-网络韧性与公平性_SCS_Natural_Hazards\GPT数据\2016_2026年洪涝数据\基准数据\JB_Flood_Spatial_Baseline_2016_2026_FINAL\JB_Flood_Spatial_Baseline_2016_2026_FINAL\08_Source_Archive\Original_2016_2026_Package\2017\R005_2017_Closed_Polygons.geojson,original,Exact duplicate verified by identical file size and SHA-256 checksum.
22c0f271d892185f40c46a8d1ee38ef8c24d1f92faba26fe8a2747a94b80ed08,13114,4,D:\OneDrive\桌面\论文\2027年投稿期刊\论文项目\07_JB医疗可达性_洪水扰动下交通-网络韧性与公平性_SCS_Natural_Hazards\GPT数据\JB_Flood_Healthcare_Accessibility_Research\01_Historical_Flood_2016_2026\Annual_Records\2016\Geospatial_Data\R005_2017_Closed_Polygons.geojson,D:\OneDrive\桌面\论文\2027年投稿期刊\论文项目\07_JB医疗可达性_洪水扰动下交通-网络韧性与公平性_SCS_Natural_Hazards\GPT数据\_Organization_Working\Archive_Extractions\60c5a54f928c634f\JB_Flood_Baseline_2016_2026_Package_20261006\2017\R005_2017_Closed_Polygons.geojson,D:\OneDrive\桌面\论文\2027年投稿期刊\论文项目\07_JB医疗可达性_洪水扰动下交通-网络韧性与公平性_SCS_Natural_Hazards\GPT数据\2016_2026年洪涝数据\历史数据\JB_Flood_Baseline_2016_2026_All_Files_20261006.zip,extracted,Exact duplicate verified by identical file size and SHA-256 checksum.
22c0f271d892185f40c46a8d1ee38ef8c24d1f92faba26fe8a2747a94b80ed08,13114,4,D:\OneDrive\桌面\论文\2027年投稿期刊\论文项目\07_JB医疗可达性_洪水扰动下交通-网络韧性与公平性_SCS_Natural_Hazards\GPT数据\JB_Flood_Healthcare_Accessibility_Research\01_Historical_Flood_2016_2026\Annual_Records\2016\Geospatial_Data\R005_2017_Closed_Polygons.geojson,D:\OneDrive\桌面\论文\2027年投稿期刊\论文项目\07_JB医疗可达性_洪水扰动下交通-网络韧性与公平性_SCS_Natural_Hazards\GPT数据\_Organization_Working\Archive_Extractions\a7abee4533f7f9bc\JB_Flood_Spatial_Baseline_2016_2026_FINAL\08_Source_Archive\Original_2016_2026_Package\2017\R005_2017_Closed_Polygons.geojson,D:\OneDrive\桌面\论文\2027年投稿期刊\论文项目\07_JB医疗可达性_洪水扰动下交通-网络韧性与公平性_SCS_Natural_Hazards\GPT数据\2016_2026年洪涝数据\基准数据\JB_Flood_Spatial_Baseline_2016_2026_FINAL.zip,extracted,Exact duplicate verified by identical file size and SHA-256 checksum.
75898f335a2ec83012a3c246b28f02ef912bff6cc1d3769c110fd02d4f7de0a2,99797,4,D:\OneDrive\桌面\论文\2027年投稿期刊\论文项目\07_JB医疗可达性_洪水扰动下交通-网络韧性与公平性_SCS_Natural_Hazards\GPT数据\JB_Flood_Healthcare_Accessibility_Research\01_Historical_Flood_2016_2026\Annual_Records\2016\Data_Tables\R005_JB_Flood_Spatial_Baseline_2017_Spatial_Closure_Pass_RECONSTRUCTED.xlsx,D:\OneDrive\桌面\论文\2027年投稿期刊\论文项目\07_JB医疗可达性_洪水扰动下交通-网络韧性与公平性_SCS_Natural_Hazards\GPT数据\2016_2026年洪涝数据\基准数据\JB_Flood_Spatial_Baseline_2016_2026_FINAL\JB_Flood_Spatial_Baseline_2016_2026_FINAL\08_Source_Archive\Original_2016_2026_Package\2017\R005_JB_Flood_Spatial_Baseline_2017_Spatial_Closure_Pass_RECONSTRUCTED.xlsx,D:\OneDrive\桌面\论文\2027年投稿期刊\论文项目\07_JB医疗可达性_洪水扰动下交通-网络韧性与公平性_SCS_Natural_Hazards\GPT数据\2016_2026年洪涝数据\基准数据\JB_Flood_Spatial_Baseline_2016_2026_FINAL\JB_Flood_Spatial_Baseline_2016_2026_FINAL\08_Source_Archive\Original_2016_2026_Package\2017\R005_JB_Flood_Spatial_Baseline_2017_Spatial_Closure_Pass_RECONSTRUCTED.xlsx,original,Exact duplicate verified by identical file size and SHA-256 checksum.
75898f335a2ec83012a3c246b28f02ef912bff6cc1d3769c110fd02d4f7de0a2,99797,4,D:\OneDrive\桌面\论文\2027年投稿期刊\论文项目\07_JB医疗可达性_洪水扰动下交通-网络韧性与公平性_SCS_Natural_Hazards\GPT数据\JB_Flood_Healthcare_Accessibility_Research\01_Historical_Flood_2016_2026\Annual_Records\2016\Data_Tables\R005_JB_Flood_Spatial_Baseline_2017_Spatial_Closure_Pass_RECONSTRUCTED.xlsx,D:\OneDrive\桌面\论文\2027年投稿期刊\论文项目\07_JB医疗可达性_洪水扰动下交通-网络韧性与公平性_SCS_Natural_Hazards\GPT数据\_Organization_Working\Archive_Extractions\60c5a54f928c634f\JB_Flood_Baseline_2016_2026_Package_20261006\2017\R005_JB_Flood_Spatial_Baseline_2017_Spatial_Closure_Pass_RECONSTRUCTED.xlsx,D:\OneDrive\桌面\论文\2027年投稿期刊\论文项目\07_JB医疗可达性_洪水扰动下交通-网络韧性与公平性_SCS_Natural_Hazards\GPT数据\2016_2026年洪涝数据\历史数据\JB_Flood_Baseline_2016_2026_All_Files_20261006.zip,extracted,Exact duplicate verified by identical file size and SHA-256 checksum.
75898f335a2ec83012a3c246b28f02ef912bff6cc1d3769c110fd02d4f7de0a2,99797,4,D:\OneDrive\桌面\论文\2027年投稿期刊\论文项目\07_JB医疗可达性_洪水扰动下交通-网络韧性与公平性_SCS_Natural_Hazards\GPT数据\JB_Flood_Healthcare_Accessibility_Research\01_Historical_Flood_2016_2026\Annual_Records\2016\Data_Tables\R005_JB_Flood_Spatial_Baseline_2017_Spatial_Closure_Pass_RECONSTRUCTED.xlsx,D:\OneDrive\桌面\论文\2027年投稿期刊\论文项目\07_JB医疗可达性_洪水扰动下交通-网络韧性与公平性_SCS_Natural_Hazards\GPT数据\_Organization_Working\Archive_Extractions\a7abee4533f7f9bc\JB_Flood_Spatial_Baseline_2016_2026_FINAL\08_Source_Archive\Original_2016_2026_Package\2017\R005_JB_Flood_Spatial_Baseline_2017_Spatial_Closure_Pass_RECONSTRUCTED.xlsx,D:\OneDrive\桌面\论文\2027年投稿期刊\论文项目\07_JB医疗可达性_洪水扰动下交通-网络韧性与公平性_SCS_Natural_Hazards\GPT数据\2016_2026年洪涝数据\基准数据\JB_Flood_Spatial_Baseline_2016_2026_FINAL.zip,extracted,Exact duplicate verified by identical file size and SHA-256 checksum.
f38a4b0e2ffc9d92b84867205ef856c62396318db16282bdfb2fb84bdf71a889,110920,4,D:\OneDrive\桌面\论文\2027年投稿期刊\论文项目\07_JB医疗可达性_洪水扰动下交通-网络韧性与公平性_SCS_Natural_Hazards\GPT数据\JB_Flood_Healthcare_Accessibility_Research\01_Historical_Flood_2016_2026\Annual_Records\2016\Data_Tables\R006_JB_Flood_Spatial_Baseline_2017_Open_Objects_Review_RECONSTRUCTED.xlsx,D:\OneDrive\桌面\论文\2027年投稿期刊\论文项目\07_JB医疗可达性_洪水扰动下交通-网络韧性与公平性_SCS_Natural_Hazards\GPT数据\2016_2026年洪涝数据\基准数据\JB_Flood_Spatial_Baseline_2016_2026_FINAL\JB_Flood_Spatial_Baseline_2016_2026_FINAL\08_Source_Archive\Original_2016_2026_Package\2017\R006_JB_Flood_Spatial_Baseline_2017_Open_Objects_Review_RECONSTRUCTED.xlsx,D:\OneDrive\桌面\论文\2027年投稿期刊\论文项目\07_JB医疗可达性_洪水扰动下交通-网络韧性与公平性_SCS_Natural_Hazards\GPT数据\2016_2026年洪涝数据\基准数据\JB_Flood_Spatial_Baseline_2016_2026_FINAL\JB_Flood_Spatial_Baseline_2016_2026_FINAL\08_Source_Archive\Original_2016_2026_Package\2017\R006_JB_Flood_Spatial_Baseline_2017_Open_Objects_Review_RECONSTRUCTED.xlsx,original,Exact duplicate verified by identical file size and SHA-256 checksum.
f38a4b0e2ffc9d92b84867205ef856c62396318db16282bdfb2fb84bdf71a889,110920,4,D:\OneDrive\桌面\论文\2027年投稿期刊\论文项目\07_JB医疗可达性_洪水扰动下交通-网络韧性与公平性_SCS_Natural_Hazards\GPT数据\JB_Flood_Healthcare_Accessibility_Research\01_Historical_Flood_2016_2026\Annual_Records\2016\Data_Tables\R006_JB_Flood_Spatial_Baseline_2017_Open_Objects_Review_RECONSTRUCTED.xlsx,D:\OneDrive\桌面\论文\2027年投稿期刊\论文项目\07_JB医疗可达性_洪水扰动下交通-网络韧性与公平性_SCS_Natural_Hazards\GPT数据\_Organization_Working\Archive_Extractions\60c5a54f928c634f\JB_Flood_Baseline_2016_2026_Package_20261006\2017\R006_JB_Flood_Spatial_Baseline_2017_Open_Objects_Review_RECONSTRUCTED.xlsx,D:\OneDrive\桌面\论文\2027年投稿期刊\论文项目\07_JB医疗可达性_洪水扰动下交通-网络韧性与公平性_SCS_Natural_Hazards\GPT数据\2016_2026年洪涝数据\历史数据\JB_Flood_Baseline_2016_2026_All_Files_20261006.zip,extracted,Exact duplicate verified by identical file size and SHA-256 checksum.
f38a4b0e2ffc9d92b84867205ef856c62396318db16282bdfb2fb84bdf71a889,110920,4,D:\OneDrive\桌面\论文\2027年投稿期刊\论文项目\07_JB医疗可达性_洪水扰动下交通-网络韧性与公平性_SCS_Natural_Hazards\GPT数据\JB_Flood_Healthcare_Accessibility_Research\01_Historical_Flood_2016_2026\Annual_Records\2016\Data_Tables\R006_JB_Flood_Spatial_Baseline_2017_Open_Objects_Review_RECONSTRUCTED.xlsx,D:\OneDrive\桌面\论文\2027年投稿期刊\论文项目\07_JB医疗可达性_洪水扰动下交通-网络韧性与公平性_SCS_Natural_Hazards\GPT数据\_Organization_Working\Archive_Extractions\a7abee4533f7f9bc\JB_Flood_Spatial_Baseline_2016_2026_FINAL\08_Source_Archive\Original_2016_2026_Package\2017\R006_JB_Flood_Spatial_Baseline_2017_Open_Objects_Review_RECONSTRUCTED.xlsx,D:\OneDrive\桌面\论文\2027年投稿期刊\论文项目\07_JB医疗可达性_洪水扰动下交通-网络韧性与公平性_SCS_Natural_Hazards\GPT数据\2016_2026年洪涝数据\基准数据\JB_Flood_Spatial_Baseline_2016_2026_FINAL.zip,extracted,Exact duplicate verified by identical file size and SHA-256 checksum.
fbeef00f02f816d91169913b5c40439d92d2842388455611e2968504d0dbdc26,17042,4,D:\OneDrive\桌面\论文\2027年投稿期刊\论文项目\07_JB医疗可达性_洪水扰动下交通-网络韧性与公平性_SCS_Natural_Hazards\GPT数据\JB_Flood_Healthcare_Accessibility_Research\01_Historical_Flood_2016_2026\Annual_Records\2016\Data_Tables\R007_DERIVED_2018_Event_Spatial_Audit_from_R012.xlsx,D:\OneDrive\桌面\论文\2027年投稿期刊\论文项目\07_JB医疗可达性_洪水扰动下交通-网络韧性与公平性_SCS_Natural_Hazards\GPT数据\2016_2026年洪涝数据\基准数据\JB_Flood_Spatial_Baseline_2016_2026_FINAL\JB_Flood_Spatial_Baseline_2016_2026_FINAL\08_Source_Archive\Original_2016_2026_Package\2018\R007_DERIVED_2018_Event_Spatial_Audit_from_R012.xlsx,D:\OneDrive\桌面\论文\2027年投稿期刊\论文项目\07_JB医疗可达性_洪水扰动下交通-网络韧性与公平性_SCS_Natural_Hazards\GPT数据\2016_2026年洪涝数据\基准数据\JB_Flood_Spatial_Baseline_2016_2026_FINAL\JB_Flood_Spatial_Baseline_2016_2026_FINAL\08_Source_Archive\Original_2016_2026_Package\2018\R007_DERIVED_2018_Event_Spatial_Audit_from_R012.xlsx,original,Exact duplicate verified by identical file size and SHA-256 checksum.
fbeef00f02f816d91169913b5c40439d92d2842388455611e2968504d0dbdc26,17042,4,D:\OneDrive\桌面\论文\2027年投稿期刊\论文项目\07_JB医疗可达性_洪水扰动下交通-网络韧性与公平性_SCS_Natural_Hazards\GPT数据\JB_Flood_Healthcare_Accessibility_Research\01_Historical_Flood_2016_2026\Annual_Records\2016\Data_Tables\R007_DERIVED_2018_Event_Spatial_Audit_from_R012.xlsx,D:\OneDrive\桌面\论文\2027年投稿期刊\论文项目\07_JB医疗可达性_洪水扰动下交通-网络韧性与公平性_SCS_Natural_Hazards\GPT数据\_Organization_Working\Archive_Extractions\60c5a54f928c634f\JB_Flood_Baseline_2016_2026_Package_20261006\2018\R007_DERIVED_2018_Event_Spatial_Audit_from_R012.xlsx,D:\OneDrive\桌面\论文\2027年投稿期刊\论文项目\07_JB医疗可达性_洪水扰动下交通-网络韧性与公平性_SCS_Natural_Hazards\GPT数据\2016_2026年洪涝数据\历史数据\JB_Flood_Baseline_2016_2026_All_Files_20261006.zip,extracted,Exact duplicate verified by identical file size and SHA-256 checksum.
fbeef00f02f816d91169913b5c40439d92d2842388455611e2968504d0dbdc26,17042,4,D:\OneDrive\桌面\论文\2027年投稿期刊\论文项目\07_JB医疗可达性_洪水扰动下交通-网络韧性与公平性_SCS_Natural_Hazards\GPT数据\JB_Flood_Healthcare_Accessibility_Research\01_Historical_Flood_2016_2026\Annual_Records\2016\Data_Tables\R007_DERIVED_2018_Event_Spatial_Audit_from_R012.xlsx,D:\OneDrive\桌面\论文\2027年投稿期刊\论文项目\07_JB医疗可达性_洪水扰动下交通-网络韧性与公平性_SCS_Natural_Hazards\GPT数据\_Organization_Working\Archive_Extractions\a7abee4533f7f9bc\JB_Flood_Spatial_Baseline_2016_2026_FINAL\08_Source_Archive\Original_2016_2026_Package\2018\R007_DERIVED_2018_Event_Spatial_Audit_from_R012.xlsx,D:\OneDrive\桌面\论文\2027年投稿期刊\论文项目\07_JB医疗可达性_洪水扰动下交通-网络韧性与公平性_SCS_Natural_Hazards\GPT数据\2016_2026年洪涝数据\基准数据\JB_Flood_Spatial_Baseline_2016_2026_FINAL.zip,extracted,Exact duplicate verified by identical file size and SHA-256 checksum.
1353085e399cd2b408c0783c6bbf356853e544bcd27300d7f5138092e0675d9c,4412,4,D:\OneDrive\桌面\论文\2027年投稿期刊\论文项目\07_JB医疗可达性_洪水扰动下交通-网络韧性与公平性_SCS_Natural_Hazards\GPT数据\JB_Flood_Healthcare_Accessibility_Research\01_Historical_Flood_2016_2026\Annual_Records\2016\Geospatial_Data\R008_2018_Polygon_Closure_DERIVED.geojson,D:\OneDrive\桌面\论文\2027年投稿期刊\论文项目\07_JB医疗可达性_洪水扰动下交通-网络韧性与公平性_SCS_Natural_Hazards\GPT数据\2016_2026年洪涝数据\基准数据\JB_Flood_Spatial_Baseline_2016_2026_FINAL\JB_Flood_Spatial_Baseline_2016_2026_FINAL\08_Source_Archive\Original_2016_2026_Package\2018\R008_2018_Polygon_Closure_DERIVED.geojson,D:\OneDrive\桌面\论文\2027年投稿期刊\论文项目\07_JB医疗可达性_洪水扰动下交通-网络韧性与公平性_SCS_Natural_Hazards\GPT数据\2016_2026年洪涝数据\基准数据\JB_Flood_Spatial_Baseline_2016_2026_FINAL\JB_Flood_Spatial_Baseline_2016_2026_FINAL\08_Source_Archive\Original_2016_2026_Package\2018\R008_2018_Polygon_Closure_DERIVED.geojson,original,Exact duplicate verified by identical file size and SHA-256 checksum.
1353085e399cd2b408c0783c6bbf356853e544bcd27300d7f5138092e0675d9c,4412,4,D:\OneDrive\桌面\论文\2027年投稿期刊\论文项目\07_JB医疗可达性_洪水扰动下交通-网络韧性与公平性_SCS_Natural_Hazards\GPT数据\JB_Flood_Healthcare_Accessibility_Research\01_Historical_Flood_2016_2026\Annual_Records\2016\Geospatial_Data\R008_2018_Polygon_Closure_DERIVED.geojson,D:\OneDrive\桌面\论文\2027年投稿期刊\论文项目\07_JB医疗可达性_洪水扰动下交通-网络韧性与公平性_SCS_Natural_Hazards\GPT数据\_Organization_Working\Archive_Extractions\60c5a54f928c634f\JB_Flood_Baseline_2016_2026_Package_20261006\2018\R008_2018_Polygon_Closure_DERIVED.geojson,D:\OneDrive\桌面\论文\2027年投稿期刊\论文项目\07_JB医疗可达性_洪水扰动下交通-网络韧性与公平性_SCS_Natural_Hazards\GPT数据\2016_2026年洪涝数据\历史数据\JB_Flood_Baseline_2016_2026_All_Files_20261006.zip,extracted,Exact duplicate verified by identical file size and SHA-256 checksum.
1353085e399cd2b408c0783c6bbf356853e544bcd27300d7f5138092e0675d9c,4412,4,D:\OneDrive\桌面\论文\2027年投稿期刊\论文项目\07_JB医疗可达性_洪水扰动下交通-网络韧性与公平性_SCS_Natural_Hazards\GPT数据\JB_Flood_Healthcare_Accessibility_Research\01_Historical_Flood_2016_2026\Annual_Records\2016\Geospatial_Data\R008_2018_Polygon_Closure_DERIVED.geojson,D:\OneDrive\桌面\论文\2027年投稿期刊\论文项目\07_JB医疗可达性_洪水扰动下交通-网络韧性与公平性_SCS_Natural_Hazards\GPT数据\_Organization_Working\Archive_Extractions\a7abee4533f7f9bc\JB_Flood_Spatial_Baseline_2016_2026_FINAL\08_Source_Archive\Original_2016_2026_Package\2018\R008_2018_Polygon_Closure_DERIVED.geojson,D:\OneDrive\桌面\论文\2027年投稿期刊\论文项目\07_JB医疗可达性_洪水扰动下交通-网络韧性与公平性_SCS_Natural_Hazards\GPT数据\2016_2026年洪涝数据\基准数据\JB_Flood_Spatial_Baseline_2016_2026_FINAL.zip,extracted,Exact duplicate verified by identical file size and SHA-256 checksum.
58465d6a69e3e4ba8e183bcb229b22399bb5c106870c5ae6333bf30580400ace,20788,4,D:\OneDrive\桌面\论文\2027年投稿期刊\论文项目\07_JB医疗可达性_洪水扰动下交通-网络韧性与公平性_SCS_Natural_Hazards\GPT数据\JB_Flood_Healthcare_Accessibility_Research\01_Historical_Flood_2016_2026\Annual_Records\2016\Data_Tables\R008_DERIVED_2018_Polygon_Closure_from_R012.xlsx,D:\OneDrive\桌面\论文\2027年投稿期刊\论文项目\07_JB医疗可达性_洪水扰动下交通-网络韧性与公平性_SCS_Natural_Hazards\GPT数据\2016_2026年洪涝数据\基准数据\JB_Flood_Spatial_Baseline_2016_2026_FINAL\JB_Flood_Spatial_Baseline_2016_2026_FINAL\08_Source_Archive\Original_2016_2026_Package\2018\R008_DERIVED_2018_Polygon_Closure_from_R012.xlsx,D:\OneDrive\桌面\论文\2027年投稿期刊\论文项目\07_JB医疗可达性_洪水扰动下交通-网络韧性与公平性_SCS_Natural_Hazards\GPT数据\2016_2026年洪涝数据\基准数据\JB_Flood_Spatial_Baseline_2016_2026_FINAL\JB_Flood_Spatial_Baseline_2016_2026_FINAL\08_Source_Archive\Original_2016_2026_Package\2018\R008_DERIVED_2018_Polygon_Closure_from_R012.xlsx,original,Exact duplicate verified by identical file size and SHA-256 checksum.
58465d6a69e3e4ba8e183bcb229b22399bb5c106870c5ae6333bf30580400ace,20788,4,D:\OneDrive\桌面\论文\2027年投稿期刊\论文项目\07_JB医疗可达性_洪水扰动下交通-网络韧性与公平性_SCS_Natural_Hazards\GPT数据\JB_Flood_Healthcare_Accessibility_Research\01_Historical_Flood_2016_2026\Annual_Records\2016\Data_Tables\R008_DERIVED_2018_Polygon_Closure_from_R012.xlsx,D:\OneDrive\桌面\论文\2027年投稿期刊\论文项目\07_JB医疗可达性_洪水扰动下交通-网络韧性与公平性_SCS_Natural_Hazards\GPT数据\_Organization_Working\Archive_Extractions\60c5a54f928c634f\JB_Flood_Baseline_2016_2026_Package_20261006\2018\R008_DERIVED_2018_Polygon_Closure_from_R012.xlsx,D:\OneDrive\桌面\论文\2027年投稿期刊\论文项目\07_JB医疗可达性_洪水扰动下交通-网络韧性与公平性_SCS_Natural_Hazards\GPT数据\2016_2026年洪涝数据\历史数据\JB_Flood_Baseline_2016_2026_All_Files_20261006.zip,extracted,Exact duplicate verified by identical file size and SHA-256 checksum.
58465d6a69e3e4ba8e183bcb229b22399bb5c106870c5ae6333bf30580400ace,20788,4,D:\OneDrive\桌面\论文\2027年投稿期刊\论文项目\07_JB医疗可达性_洪水扰动下交通-网络韧性与公平性_SCS_Natural_Hazards\GPT数据\JB_Flood_Healthcare_Accessibility_Research\01_Historical_Flood_2016_2026\Annual_Records\2016\Data_Tables\R008_DERIVED_2018_Polygon_Closure_from_R012.xlsx,D:\OneDrive\桌面\论文\2027年投稿期刊\论文项目\07_JB医疗可达性_洪水扰动下交通-网络韧性与公平性_SCS_Natural_Hazards\GPT数据\_Organization_Working\Archive_Extractions\a7abee4533f7f9bc\JB_Flood_Spatial_Baseline_2016_2026_FINAL\08_Source_Archive\Original_2016_2026_Package\2018\R008_DERIVED_2018_Polygon_Closure_from_R012.xlsx,D:\OneDrive\桌面\论文\2027年投稿期刊\论文项目\07_JB医疗可达性_洪水扰动下交通-网络韧性与公平性_SCS_Natural_Hazards\GPT数据\2016_2026年洪涝数据\基准数据\JB_Flood_Spatial_Baseline_2016_2026_FINAL.zip,extracted,Exact duplicate verified by identical file size and SHA-256 checksum.
c9b10948c320b47694bf70539a1480f00fee3f24704f1425becf4c21e011803e,16111,4,D:\OneDrive\桌面\论文\2027年投稿期刊\论文项目\07_JB医疗可达性_洪水扰动下交通-网络韧性与公平性_SCS_Natural_Hazards\GPT数据\JB_Flood_Healthcare_Accessibility_Research\01_Historical_Flood_2016_2026\Annual_Records\2016\Data_Tables\R009_DERIVED_2019_Event_Spatial_Audit_from_R012.xlsx,D:\OneDrive\桌面\论文\2027年投稿期刊\论文项目\07_JB医疗可达性_洪水扰动下交通-网络韧性与公平性_SCS_Natural_Hazards\GPT数据\2016_2026年洪涝数据\基准数据\JB_Flood_Spatial_Baseline_2016_2026_FINAL\JB_Flood_Spatial_Baseline_2016_2026_FINAL\08_Source_Archive\Original_2016_2026_Package\2019\R009_DERIVED_2019_Event_Spatial_Audit_from_R012.xlsx,D:\OneDrive\桌面\论文\2027年投稿期刊\论文项目\07_JB医疗可达性_洪水扰动下交通-网络韧性与公平性_SCS_Natural_Hazards\GPT数据\2016_2026年洪涝数据\基准数据\JB_Flood_Spatial_Baseline_2016_2026_FINAL\JB_Flood_Spatial_Baseline_2016_2026_FINAL\08_Source_Archive\Original_2016_2026_Package\2019\R009_DERIVED_2019_Event_Spatial_Audit_from_R012.xlsx,original,Exact duplicate verified by identical file size and SHA-256 checksum.
c9b10948c320b47694bf70539a1480f00fee3f24704f1425becf4c21e011803e,16111,4,D:\OneDrive\桌面\论文\2027年投稿期刊\论文项目\07_JB医疗可达性_洪水扰动下交通-网络韧性与公平性_SCS_Natural_Hazards\GPT数据\JB_Flood_Healthcare_Accessibility_Research\01_Historical_Flood_2016_2026\Annual_Records\2016\Data_Tables\R009_DERIVED_2019_Event_Spatial_Audit_from_R012.xlsx,D:\OneDrive\桌面\论文\2027年投稿期刊\论文项目\07_JB医疗可达性_洪水扰动下交通-网络韧性与公平性_SCS_Natural_Hazards\GPT数据\_Organization_Working\Archive_Extractions\60c5a54f928c634f\JB_Flood_Baseline_2016_2026_Package_20261006\2019\R009_DERIVED_2019_Event_Spatial_Audit_from_R012.xlsx,D:\OneDrive\桌面\论文\2027年投稿期刊\论文项目\07_JB医疗可达性_洪水扰动下交通-网络韧性与公平性_SCS_Natural_Hazards\GPT数据\2016_2026年洪涝数据\历史数据\JB_Flood_Baseline_2016_2026_All_Files_20261006.zip,extracted,Exact duplicate verified by identical file size and SHA-256 checksum.
c9b10948c320b47694bf70539a1480f00fee3f24704f1425becf4c21e011803e,16111,4,D:\OneDrive\桌面\论文\2027年投稿期刊\论文项目\07_JB医疗可达性_洪水扰动下交通-网络韧性与公平性_SCS_Natural_Hazards\GPT数据\JB_Flood_Healthcare_Accessibility_Research\01_Historical_Flood_2016_2026\Annual_Records\2016\Data_Tables\R009_DERIVED_2019_Event_Spatial_Audit_from_R012.xlsx,D:\OneDrive\桌面\论文\2027年投稿期刊\论文项目\07_JB医疗可达性_洪水扰动下交通-网络韧性与公平性_SCS_Natural_Hazards\GPT数据\_Organization_Working\Archive_Extractions\a7abee4533f7f9bc\JB_Flood_Spatial_Baseline_2016_2026_FINAL\08_Source_Archive\Original_2016_2026_Package\2019\R009_DERIVED_2019_Event_Spatial_Audit_from_R012.xlsx,D:\OneDrive\桌面\论文\2027年投稿期刊\论文项目\07_JB医疗可达性_洪水扰动下交通-网络韧性与公平性_SCS_Natural_Hazards\GPT数据\2016_2026年洪涝数据\基准数据\JB_Flood_Spatial_Baseline_2016_2026_FINAL.zip,extracted,Exact duplicate verified by identical file size and SHA-256 checksum.
95ea829e7d0dfcf51e9e08c04349cf2cdb2420f2f130fcd2b3dad491b81ffbe6,7088,4,D:\OneDrive\桌面\论文\2027年投稿期刊\论文项目\07_JB医疗可达性_洪水扰动下交通-网络韧性与公平性_SCS_Natural_Hazards\GPT数据\JB_Flood_Healthcare_Accessibility_Research\01_Historical_Flood_2016_2026\Annual_Records\2016\Geospatial_Data\R010_2019_Polygon_Closure_DERIVED.geojson,D:\OneDrive\桌面\论文\2027年投稿期刊\论文项目\07_JB医疗可达性_洪水扰动下交通-网络韧性与公平性_SCS_Natural_Hazards\GPT数据\2016_2026年洪涝数据\基准数据\JB_Flood_Spatial_Baseline_2016_2026_FINAL\JB_Flood_Spatial_Baseline_2016_2026_FINAL\08_Source_Archive\Original_2016_2026_Package\2019\R010_2019_Polygon_Closure_DERIVED.geojson,D:\OneDrive\桌面\论文\2027年投稿期刊\论文项目\07_JB医疗可达性_洪水扰动下交通-网络韧性与公平性_SCS_Natural_Hazards\GPT数据\2016_2026年洪涝数据\基准数据\JB_Flood_Spatial_Baseline_2016_2026_FINAL\JB_Flood_Spatial_Baseline_2016_2026_FINAL\08_Source_Archive\Original_2016_2026_Package\2019\R010_2019_Polygon_Closure_DERIVED.geojson,original,Exact duplicate verified by identical file size and SHA-256 checksum.
95ea829e7d0dfcf51e9e08c04349cf2cdb2420f2f130fcd2b3dad491b81ffbe6,7088,4,D:\OneDrive\桌面\论文\2027年投稿期刊\论文项目\07_JB医疗可达性_洪水扰动下交通-网络韧性与公平性_SCS_Natural_Hazards\GPT数据\JB_Flood_Healthcare_Accessibility_Research\01_Historical_Flood_2016_2026\Annual_Records\2016\Geospatial_Data\R010_2019_Polygon_Closure_DERIVED.geojson,D:\OneDrive\桌面\论文\2027年投稿期刊\论文项目\07_JB医疗可达性_洪水扰动下交通-网络韧性与公平性_SCS_Natural_Hazards\GPT数据\_Organization_Working\Archive_Extractions\60c5a54f928c634f\JB_Flood_Baseline_2016_2026_Package_20261006\2019\R010_2019_Polygon_Closure_DERIVED.geojson,D:\OneDrive\桌面\论文\2027年投稿期刊\论文项目\07_JB医疗可达性_洪水扰动下交通-网络韧性与公平性_SCS_Natural_Hazards\GPT数据\2016_2026年洪涝数据\历史数据\JB_Flood_Baseline_2016_2026_All_Files_20261006.zip,extracted,Exact duplicate verified by identical file size and SHA-256 checksum.
95ea829e7d0dfcf51e9e08c04349cf2cdb2420f2f130fcd2b3dad491b81ffbe6,7088,4,D:\OneDrive\桌面\论文\2027年投稿期刊\论文项目\07_JB医疗可达性_洪水扰动下交通-网络韧性与公平性_SCS_Natural_Hazards\GPT数据\JB_Flood_Healthcare_Accessibility_Research\01_Historical_Flood_2016_2026\Annual_Records\2016\Geospatial_Data\R010_2019_Polygon_Closure_DERIVED.geojson,D:\OneDrive\桌面\论文\2027年投稿期刊\论文项目\07_JB医疗可达性_洪水扰动下交通-网络韧性与公平性_SCS_Natural_Hazards\GPT数据\_Organization_Working\Archive_Extractions\a7abee4533f7f9bc\JB_Flood_Spatial_Baseline_2016_2026_FINAL\08_Source_Archive\Original_2016_2026_Package\2019\R010_2019_Polygon_Closure_DERIVED.geojson,D:\OneDrive\桌面\论文\2027年投稿期刊\论文项目\07_JB医疗可达性_洪水扰动下交通-网络韧性与公平性_SCS_Natural_Hazards\GPT数据\2016_2026年洪涝数据\基准数据\JB_Flood_Spatial_Baseline_2016_2026_FINAL.zip,extracted,Exact duplicate verified by identical file size and SHA-256 checksum.
d9b6502f58ca67b6f09a7eeb48358edb3068ad9c8551cfc5abd314a3b1f0698b,20377,4,D:\OneDrive\桌面\论文\2027年投稿期刊\论文项目\07_JB医疗可达性_洪水扰动下交通-网络韧性与公平性_SCS_Natural_Hazards\GPT数据\JB_Flood_Healthcare_Accessibility_Research\01_Historical_Flood_2016_2026\Annual_Records\2016\Data_Tables\R010_DERIVED_2019_Polygon_Closure_from_R012.xlsx,D:\OneDrive\桌面\论文\2027年投稿期刊\论文项目\07_JB医疗可达性_洪水扰动下交通-网络韧性与公平性_SCS_Natural_Hazards\GPT数据\2016_2026年洪涝数据\基准数据\JB_Flood_Spatial_Baseline_2016_2026_FINAL\JB_Flood_Spatial_Baseline_2016_2026_FINAL\08_Source_Archive\Original_2016_2026_Package\2019\R010_DERIVED_2019_Polygon_Closure_from_R012.xlsx,D:\OneDrive\桌面\论文\2027年投稿期刊\论文项目\07_JB医疗可达性_洪水扰动下交通-网络韧性与公平性_SCS_Natural_Hazards\GPT数据\2016_2026年洪涝数据\基准数据\JB_Flood_Spatial_Baseline_2016_2026_FINAL\JB_Flood_Spatial_Baseline_2016_2026_FINAL\08_Source_Archive\Original_2016_2026_Package\2019\R010_DERIVED_2019_Polygon_Closure_from_R012.xlsx,original,Exact duplicate verified by identical file size and SHA-256 checksum.
d9b6502f58ca67b6f09a7eeb48358edb3068ad9c8551cfc5abd314a3b1f0698b,20377,4,D:\OneDrive\桌面\论文\2027年投稿期刊\论文项目\07_JB医疗可达性_洪水扰动下交通-网络韧性与公平性_SCS_Natural_Hazards\GPT数据\JB_Flood_Healthcare_Accessibility_Research\01_Historical_Flood_2016_2026\Annual_Records\2016\Data_Tables\R010_DERIVED_2019_Polygon_Closure_from_R012.xlsx,D:\OneDrive\桌面\论文\2027年投稿期刊\论文项目\07_JB医疗可达性_洪水扰动下交通-网络韧性与公平性_SCS_Natural_Hazards\GPT数据\_Organization_Working\Archive_Extractions\60c5a54f928c634f\JB_Flood_Baseline_2016_2026_Package_20261006\2019\R010_DERIVED_2019_Polygon_Closure_from_R012.xlsx,D:\OneDrive\桌面\论文\2027年投稿期刊\论文项目\07_JB医疗可达性_洪水扰动下交通-网络韧性与公平性_SCS_Natural_Hazards\GPT数据\2016_2026年洪涝数据\历史数据\JB_Flood_Baseline_2016_2026_All_Files_20261006.zip,extracted,Exact duplicate verified by identical file size and SHA-256 checksum.
d9b6502f58ca67b6f09a7eeb48358edb3068ad9c8551cfc5abd314a3b1f0698b,20377,4,D:\OneDrive\桌面\论文\2027年投稿期刊\论文项目\07_JB医疗可达性_洪水扰动下交通-网络韧性与公平性_SCS_Natural_Hazards\GPT数据\JB_Flood_Healthcare_Accessibility_Research\01_Historical_Flood_2016_2026\Annual_Records\2016\Data_Tables\R010_DERIVED_2019_Polygon_Closure_from_R012.xlsx,D:\OneDrive\桌面\论文\2027年投稿期刊\论文项目\07_JB医疗可达性_洪水扰动下交通-网络韧性与公平性_SCS_Natural_Hazards\GPT数据\_Organization_Working\Archive_Extractions\a7abee4533f7f9bc\JB_Flood_Spatial_Baseline_2016_2026_FINAL\08_Source_Archive\Original_2016_2026_Package\2019\R010_DERIVED_2019_Polygon_Closure_from_R012.xlsx,D:\OneDrive\桌面\论文\2027年投稿期刊\论文项目\07_JB医疗可达性_洪水扰动下交通-网络韧性与公平性_SCS_Natural_Hazards\GPT数据\2016_2026年洪涝数据\基准数据\JB_Flood_Spatial_Baseline_2016_2026_FINAL.zip,extracted,Exact duplicate verified by identical file size and SHA-256 checksum.
e8e2432878a88f34046b43b67e8f4d44c70172c0fbf199ce1b336dc5f157b1a3,168397,4,D:\OneDrive\桌面\论文\2027年投稿期刊\论文项目\07_JB医疗可达性_洪水扰动下交通-网络韧性与公平性_SCS_Natural_Hazards\GPT数据\JB_Flood_Healthcare_Accessibility_Research\01_Historical_Flood_2016_2026\Annual_Records\2016\Data_Tables\R011_JB_Flood_Spatial_Baseline_2020_Event_Spatial_Audit_RECONSTRUCTED.xlsx,D:\OneDrive\桌面\论文\2027年投稿期刊\论文项目\07_JB医疗可达性_洪水扰动下交通-网络韧性与公平性_SCS_Natural_Hazards\GPT数据\2016_2026年洪涝数据\基准数据\JB_Flood_Spatial_Baseline_2016_2026_FINAL\JB_Flood_Spatial_Baseline_2016_2026_FINAL\08_Source_Archive\Original_2016_2026_Package\2020\R011_JB_Flood_Spatial_Baseline_2020_Event_Spatial_Audit_RECONSTRUCTED.xlsx,D:\OneDrive\桌面\论文\2027年投稿期刊\论文项目\07_JB医疗可达性_洪水扰动下交通-网络韧性与公平性_SCS_Natural_Hazards\GPT数据\2016_2026年洪涝数据\基准数据\JB_Flood_Spatial_Baseline_2016_2026_FINAL\JB_Flood_Spatial_Baseline_2016_2026_FINAL\08_Source_Archive\Original_2016_2026_Package\2020\R011_JB_Flood_Spatial_Baseline_2020_Event_Spatial_Audit_RECONSTRUCTED.xlsx,original,Exact duplicate verified by identical file size and SHA-256 checksum.
e8e2432878a88f34046b43b67e8f4d44c70172c0fbf199ce1b336dc5f157b1a3,168397,4,D:\OneDrive\桌面\论文\2027年投稿期刊\论文项目\07_JB医疗可达性_洪水扰动下交通-网络韧性与公平性_SCS_Natural_Hazards\GPT数据\JB_Flood_Healthcare_Accessibility_Research\01_Historical_Flood_2016_2026\Annual_Records\2016\Data_Tables\R011_JB_Flood_Spatial_Baseline_2020_Event_Spatial_Audit_RECONSTRUCTED.xlsx,D:\OneDrive\桌面\论文\2027年投稿期刊\论文项目\07_JB医疗可达性_洪水扰动下交通-网络韧性与公平性_SCS_Natural_Hazards\GPT数据\_Organization_Working\Archive_Extractions\60c5a54f928c634f\JB_Flood_Baseline_2016_2026_Package_20261006\2020\R011_JB_Flood_Spatial_Baseline_2020_Event_Spatial_Audit_RECONSTRUCTED.xlsx,D:\OneDrive\桌面\论文\2027年投稿期刊\论文项目\07_JB医疗可达性_洪水扰动下交通-网络韧性与公平性_SCS_Natural_Hazards\GPT数据\2016_2026年洪涝数据\历史数据\JB_Flood_Baseline_2016_2026_All_Files_20261006.zip,extracted,Exact duplicate verified by identical file size and SHA-256 checksum.
e8e2432878a88f34046b43b67e8f4d44c70172c0fbf199ce1b336dc5f157b1a3,168397,4,D:\OneDrive\桌面\论文\2027年投稿期刊\论文项目\07_JB医疗可达性_洪水扰动下交通-网络韧性与公平性_SCS_Natural_Hazards\GPT数据\JB_Flood_Healthcare_Accessibility_Research\01_Historical_Flood_2016_2026\Annual_Records\2016\Data_Tables\R011_JB_Flood_Spatial_Baseline_2020_Event_Spatial_Audit_RECONSTRUCTED.xlsx,D:\OneDrive\桌面\论文\2027年投稿期刊\论文项目\07_JB医疗可达性_洪水扰动下交通-网络韧性与公平性_SCS_Natural_Hazards\GPT数据\_Organization_Working\Archive_Extractions\a7abee4533f7f9bc\JB_Flood_Spatial_Baseline_2016_2026_FINAL\08_Source_Archive\Original_2016_2026_Package\2020\R011_JB_Flood_Spatial_Baseline_2020_Event_Spatial_Audit_RECONSTRUCTED.xlsx,D:\OneDrive\桌面\论文\2027年投稿期刊\论文项目\07_JB医疗可达性_洪水扰动下交通-网络韧性与公平性_SCS_Natural_Hazards\GPT数据\2016_2026年洪涝数据\基准数据\JB_Flood_Spatial_Baseline_2016_2026_FINAL.zip,extracted,Exact duplicate verified by identical file size and SHA-256 checksum.
e51fb83feef8802aa98c0d3c8b3a7539c34bc41d8a2be2c9c397829f1642493f,6013,4,D:\OneDrive\桌面\论文\2027年投稿期刊\论文项目\07_JB医疗可达性_洪水扰动下交通-网络韧性与公平性_SCS_Natural_Hazards\GPT数据\JB_Flood_Healthcare_Accessibility_Research\01_Historical_Flood_2016_2026\Annual_Records\2016\Geospatial_Data\R012_2020_Polygon_Closure.geojson,D:\OneDrive\桌面\论文\2027年投稿期刊\论文项目\07_JB医疗可达性_洪水扰动下交通-网络韧性与公平性_SCS_Natural_Hazards\GPT数据\2016_2026年洪涝数据\基准数据\JB_Flood_Spatial_Baseline_2016_2026_FINAL\JB_Flood_Spatial_Baseline_2016_2026_FINAL\08_Source_Archive\Original_2016_2026_Package\2020\R012_2020_Polygon_Closure.geojson,D:\OneDrive\桌面\论文\2027年投稿期刊\论文项目\07_JB医疗可达性_洪水扰动下交通-网络韧性与公平性_SCS_Natural_Hazards\GPT数据\2016_2026年洪涝数据\基准数据\JB_Flood_Spatial_Baseline_2016_2026_FINAL\JB_Flood_Spatial_Baseline_2016_2026_FINAL\08_Source_Archive\Original_2016_2026_Package\2020\R012_2020_Polygon_Closure.geojson,original,Exact duplicate verified by identical file size and SHA-256 checksum.
e51fb83feef8802aa98c0d3c8b3a7539c34bc41d8a2be2c9c397829f1642493f,6013,4,D:\OneDrive\桌面\论文\2027年投稿期刊\论文项目\07_JB医疗可达性_洪水扰动下交通-网络韧性与公平性_SCS_Natural_Hazards\GPT数据\JB_Flood_Healthcare_Accessibility_Research\01_Historical_Flood_2016_2026\Annual_Records\2016\Geospatial_Data\R012_2020_Polygon_Closure.geojson,D:\OneDrive\桌面\论文\2027年投稿期刊\论文项目\07_JB医疗可达性_洪水扰动下交通-网络韧性与公平性_SCS_Natural_Hazards\GPT数据\_Organization_Working\Archive_Extractions\60c5a54f928c634f\JB_Flood_Baseline_2016_2026_Package_20261006\2020\R012_2020_Polygon_Closure.geojson,D:\OneDrive\桌面\论文\2027年投稿期刊\论文项目\07_JB医疗可达性_洪水扰动下交通-网络韧性与公平性_SCS_Natural_Hazards\GPT数据\2016_2026年洪涝数据\历史数据\JB_Flood_Baseline_2016_2026_All_Files_20261006.zip,extracted,Exact duplicate verified by identical file size and SHA-256 checksum.
e51fb83feef8802aa98c0d3c8b3a7539c34bc41d8a2be2c9c397829f1642493f,6013,4,D:\OneDrive\桌面\论文\2027年投稿期刊\论文项目\07_JB医疗可达性_洪水扰动下交通-网络韧性与公平性_SCS_Natural_Hazards\GPT数据\JB_Flood_Healthcare_Accessibility_Research\01_Historical_Flood_2016_2026\Annual_Records\2016\Geospatial_Data\R012_2020_Polygon_Closure.geojson,D:\OneDrive\桌面\论文\2027年投稿期刊\论文项目\07_JB医疗可达性_洪水扰动下交通-网络韧性与公平性_SCS_Natural_Hazards\GPT数据\_Organization_Working\Archive_Extractions\a7abee4533f7f9bc\JB_Flood_Spatial_Baseline_2016_2026_FINAL\08_Source_Archive\Original_2016_2026_Package\2020\R012_2020_Polygon_Closure.geojson,D:\OneDrive\桌面\论文\2027年投稿期刊\论文项目\07_JB医疗可达性_洪水扰动下交通-网络韧性与公平性_SCS_Natural_Hazards\GPT数据\2016_2026年洪涝数据\基准数据\JB_Flood_Spatial_Baseline_2016_2026_FINAL.zip,extracted,Exact duplicate verified by identical file size and SHA-256 checksum.
2ba69b00afe196dffb6dfd11393315a0aa91656eb170edfd1f2c32839c564936,189852,4,D:\OneDrive\桌面\论文\2027年投稿期刊\论文项目\07_JB医疗可达性_洪水扰动下交通-网络韧性与公平性_SCS_Natural_Hazards\GPT数据\JB_Flood_Healthcare_Accessibility_Research\01_Historical_Flood_2016_2026\Annual_Records\2016\Data_Tables\R012_JB_Flood_Spatial_Baseline_2020_Polygon_Closure_RECONSTRUCTED.xlsx,D:\OneDrive\桌面\论文\2027年投稿期刊\论文项目\07_JB医疗可达性_洪水扰动下交通-网络韧性与公平性_SCS_Natural_Hazards\GPT数据\2016_2026年洪涝数据\基准数据\JB_Flood_Spatial_Baseline_2016_2026_FINAL\JB_Flood_Spatial_Baseline_2016_2026_FINAL\08_Source_Archive\Original_2016_2026_Package\2020\R012_JB_Flood_Spatial_Baseline_2020_Polygon_Closure_RECONSTRUCTED.xlsx,D:\OneDrive\桌面\论文\2027年投稿期刊\论文项目\07_JB医疗可达性_洪水扰动下交通-网络韧性与公平性_SCS_Natural_Hazards\GPT数据\2016_2026年洪涝数据\基准数据\JB_Flood_Spatial_Baseline_2016_2026_FINAL\JB_Flood_Spatial_Baseline_2016_2026_FINAL\08_Source_Archive\Original_2016_2026_Package\2020\R012_JB_Flood_Spatial_Baseline_2020_Polygon_Closure_RECONSTRUCTED.xlsx,original,Exact duplicate verified by identical file size and SHA-256 checksum.
2ba69b00afe196dffb6dfd11393315a0aa91656eb170edfd1f2c32839c564936,189852,4,D:\OneDrive\桌面\论文\2027年投稿期刊\论文项目\07_JB医疗可达性_洪水扰动下交通-网络韧性与公平性_SCS_Natural_Hazards\GPT数据\JB_Flood_Healthcare_Accessibility_Research\01_Historical_Flood_2016_2026\Annual_Records\2016\Data_Tables\R012_JB_Flood_Spatial_Baseline_2020_Polygon_Closure_RECONSTRUCTED.xlsx,D:\OneDrive\桌面\论文\2027年投稿期刊\论文项目\07_JB医疗可达性_洪水扰动下交通-网络韧性与公平性_SCS_Natural_Hazards\GPT数据\_Organization_Working\Archive_Extractions\60c5a54f928c634f\JB_Flood_Baseline_2016_2026_Package_20261006\2020\R012_JB_Flood_Spatial_Baseline_2020_Polygon_Closure_RECONSTRUCTED.xlsx,D:\OneDrive\桌面\论文\2027年投稿期刊\论文项目\07_JB医疗可达性_洪水扰动下交通-网络韧性与公平性_SCS_Natural_Hazards\GPT数据\2016_2026年洪涝数据\历史数据\JB_Flood_Baseline_2016_2026_All_Files_20261006.zip,extracted,Exact duplicate verified by identical file size and SHA-256 checksum.
2ba69b00afe196dffb6dfd11393315a0aa91656eb170edfd1f2c32839c564936,189852,4,D:\OneDrive\桌面\论文\2027年投稿期刊\论文项目\07_JB医疗可达性_洪水扰动下交通-网络韧性与公平性_SCS_Natural_Hazards\GPT数据\JB_Flood_Healthcare_Accessibility_Research\01_Historical_Flood_2016_2026\Annual_Records\2016\Data_Tables\R012_JB_Flood_Spatial_Baseline_2020_Polygon_Closure_RECONSTRUCTED.xlsx,D:\OneDrive\桌面\论文\2027年投稿期刊\论文项目\07_JB医疗可达性_洪水扰动下交通-网络韧性与公平性_SCS_Natural_Hazards\GPT数据\_Organization_Working\Archive_Extractions\a7abee4533f7f9bc\JB_Flood_Spatial_Baseline_2016_2026_FINAL\08_Source_Archive\Original_2016_2026_Package\2020\R012_JB_Flood_Spatial_Baseline_2020_Polygon_Closure_RECONSTRUCTED.xlsx,D:\OneDrive\桌面\论文\2027年投稿期刊\论文项目\07_JB医疗可达性_洪水扰动下交通-网络韧性与公平性_SCS_Natural_Hazards\GPT数据\2016_2026年洪涝数据\基准数据\JB_Flood_Spatial_Baseline_2016_2026_FINAL.zip,extracted,Exact duplicate verified by identical file size and SHA-256 checksum.
e187c525f6f902c8ced217367ef1d6f0822cdf569198ba77d891037c54dd0827,23207,4,D:\OneDrive\桌面\论文\2027年投稿期刊\论文项目\07_JB医疗可达性_洪水扰动下交通-网络韧性与公平性_SCS_Natural_Hazards\GPT数据\JB_Flood_Healthcare_Accessibility_Research\01_Historical_Flood_2016_2026\Annual_Records\2016\Data_Tables\R013_JB_Flood_Spatial_Baseline_2021_Event_Spatial_Audit.xlsx,D:\OneDrive\桌面\论文\2027年投稿期刊\论文项目\07_JB医疗可达性_洪水扰动下交通-网络韧性与公平性_SCS_Natural_Hazards\GPT数据\2016_2026年洪涝数据\基准数据\JB_Flood_Spatial_Baseline_2016_2026_FINAL\JB_Flood_Spatial_Baseline_2016_2026_FINAL\08_Source_Archive\Original_2016_2026_Package\2021\R013_JB_Flood_Spatial_Baseline_2021_Event_Spatial_Audit.xlsx,D:\OneDrive\桌面\论文\2027年投稿期刊\论文项目\07_JB医疗可达性_洪水扰动下交通-网络韧性与公平性_SCS_Natural_Hazards\GPT数据\2016_2026年洪涝数据\基准数据\JB_Flood_Spatial_Baseline_2016_2026_FINAL\JB_Flood_Spatial_Baseline_2016_2026_FINAL\08_Source_Archive\Original_2016_2026_Package\2021\R013_JB_Flood_Spatial_Baseline_2021_Event_Spatial_Audit.xlsx,original,Exact duplicate verified by identical file size and SHA-256 checksum.
e187c525f6f902c8ced217367ef1d6f0822cdf569198ba77d891037c54dd0827,23207,4,D:\OneDrive\桌面\论文\2027年投稿期刊\论文项目\07_JB医疗可达性_洪水扰动下交通-网络韧性与公平性_SCS_Natural_Hazards\GPT数据\JB_Flood_Healthcare_Accessibility_Research\01_Historical_Flood_2016_2026\Annual_Records\2016\Data_Tables\R013_JB_Flood_Spatial_Baseline_2021_Event_Spatial_Audit.xlsx,D:\OneDrive\桌面\论文\2027年投稿期刊\论文项目\07_JB医疗可达性_洪水扰动下交通-网络韧性与公平性_SCS_Natural_Hazards\GPT数据\_Organization_Working\Archive_Extractions\60c5a54f928c634f\JB_Flood_Baseline_2016_2026_Package_20261006\2021\R013_JB_Flood_Spatial_Baseline_2021_Event_Spatial_Audit.xlsx,D:\OneDrive\桌面\论文\2027年投稿期刊\论文项目\07_JB医疗可达性_洪水扰动下交通-网络韧性与公平性_SCS_Natural_Hazards\GPT数据\2016_2026年洪涝数据\历史数据\JB_Flood_Baseline_2016_2026_All_Files_20261006.zip,extracted,Exact duplicate verified by identical file size and SHA-256 checksum.
e187c525f6f902c8ced217367ef1d6f0822cdf569198ba77d891037c54dd0827,23207,4,D:\OneDrive\桌面\论文\2027年投稿期刊\论文项目\07_JB医疗可达性_洪水扰动下交通-网络韧性与公平性_SCS_Natural_Hazards\GPT数据\JB_Flood_Healthcare_Accessibility_Research\01_Historical_Flood_2016_2026\Annual_Records\2016\Data_Tables\R013_JB_Flood_Spatial_Baseline_2021_Event_Spatial_Audit.xlsx,D:\OneDrive\桌面\论文\2027年投稿期刊\论文项目\07_JB医疗可达性_洪水扰动下交通-网络韧性与公平性_SCS_Natural_Hazards\GPT数据\_Organization_Working\Archive_Extractions\a7abee4533f7f9bc\JB_Flood_Spatial_Baseline_2016_2026_FINAL\08_Source_Archive\Original_2016_2026_Package\2021\R013_JB_Flood_Spatial_Baseline_2021_Event_Spatial_Audit.xlsx,D:\OneDrive\桌面\论文\2027年投稿期刊\论文项目\07_JB医疗可达性_洪水扰动下交通-网络韧性与公平性_SCS_Natural_Hazards\GPT数据\2016_2026年洪涝数据\基准数据\JB_Flood_Spatial_Baseline_2016_2026_FINAL.zip,extracted,Exact duplicate verified by identical file size and SHA-256 checksum.
4db7bd0075e50e6162aa1d45727e4641af573eec5f789d8588daea131d13d9cd,26349,4,D:\OneDrive\桌面\论文\2027年投稿期刊\论文项目\07_JB医疗可达性_洪水扰动下交通-网络韧性与公平性_SCS_Natural_Hazards\GPT数据\JB_Flood_Healthcare_Accessibility_Research\01_Historical_Flood_2016_2026\Annual_Records\2016\Data_Tables\R014_JB_Flood_Spatial_Baseline_2021_Polygon_Closure.xlsx,D:\OneDrive\桌面\论文\2027年投稿期刊\论文项目\07_JB医疗可达性_洪水扰动下交通-网络韧性与公平性_SCS_Natural_Hazards\GPT数据\2016_2026年洪涝数据\基准数据\JB_Flood_Spatial_Baseline_2016_2026_FINAL\JB_Flood_Spatial_Baseline_2016_2026_FINAL\08_Source_Archive\Original_2016_2026_Package\2021\R014_JB_Flood_Spatial_Baseline_2021_Polygon_Closure.xlsx,D:\OneDrive\桌面\论文\2027年投稿期刊\论文项目\07_JB医疗可达性_洪水扰动下交通-网络韧性与公平性_SCS_Natural_Hazards\GPT数据\2016_2026年洪涝数据\基准数据\JB_Flood_Spatial_Baseline_2016_2026_FINAL\JB_Flood_Spatial_Baseline_2016_2026_FINAL\08_Source_Archive\Original_2016_2026_Package\2021\R014_JB_Flood_Spatial_Baseline_2021_Polygon_Closure.xlsx,original,Exact duplicate verified by identical file size and SHA-256 checksum.
4db7bd0075e50e6162aa1d45727e4641af573eec5f789d8588daea131d13d9cd,26349,4,D:\OneDrive\桌面\论文\2027年投稿期刊\论文项目\07_JB医疗可达性_洪水扰动下交通-网络韧性与公平性_SCS_Natural_Hazards\GPT数据\JB_Flood_Healthcare_Accessibility_Research\01_Historical_Flood_2016_2026\Annual_Records\2016\Data_Tables\R014_JB_Flood_Spatial_Baseline_2021_Polygon_Closure.xlsx,D:\OneDrive\桌面\论文\2027年投稿期刊\论文项目\07_JB医疗可达性_洪水扰动下交通-网络韧性与公平性_SCS_Natural_Hazards\GPT数据\_Organization_Working\Archive_Extractions\60c5a54f928c634f\JB_Flood_Baseline_2016_2026_Package_20261006\2021\R014_JB_Flood_Spatial_Baseline_2021_Polygon_Closure.xlsx,D:\OneDrive\桌面\论文\2027年投稿期刊\论文项目\07_JB医疗可达性_洪水扰动下交通-网络韧性与公平性_SCS_Natural_Hazards\GPT数据\2016_2026年洪涝数据\历史数据\JB_Flood_Baseline_2016_2026_All_Files_20261006.zip,extracted,Exact duplicate verified by identical file size and SHA-256 checksum.
4db7bd0075e50e6162aa1d45727e4641af573eec5f789d8588daea131d13d9cd,26349,4,D:\OneDrive\桌面\论文\2027年投稿期刊\论文项目\07_JB医疗可达性_洪水扰动下交通-网络韧性与公平性_SCS_Natural_Hazards\GPT数据\JB_Flood_Healthcare_Accessibility_Research\01_Historical_Flood_2016_2026\Annual_Records\2016\Data_Tables\R014_JB_Flood_Spatial_Baseline_2021_Polygon_Closure.xlsx,D:\OneDrive\桌面\论文\2027年投稿期刊\论文项目\07_JB医疗可达性_洪水扰动下交通-网络韧性与公平性_SCS_Natural_Hazards\GPT数据\_Organization_Working\Archive_Extractions\a7abee4533f7f9bc\JB_Flood_Spatial_Baseline_2016_2026_FINAL\08_Source_Archive\Original_2016_2026_Package\2021\R014_JB_Flood_Spatial_Baseline_2021_Polygon_Closure.xlsx,D:\OneDrive\桌面\论文\2027年投稿期刊\论文项目\07_JB医疗可达性_洪水扰动下交通-网络韧性与公平性_SCS_Natural_Hazards\GPT数据\2016_2026年洪涝数据\基准数据\JB_Flood_Spatial_Baseline_2016_2026_FINAL.zip,extracted,Exact duplicate verified by identical file size and SHA-256 checksum.
31a96b7d2a477078d7dcb2dd5e2894ec08833694c65e74c4fe87c567786b3207,45527,4,D:\OneDrive\桌面\论文\2027年投稿期刊\论文项目\07_JB医疗可达性_洪水扰动下交通-网络韧性与公平性_SCS_Natural_Hazards\GPT数据\JB_Flood_Healthcare_Accessibility_Research\01_Historical_Flood_2016_2026\Annual_Records\2016\Data_Tables\R015_JB_Flood_Spatial_Baseline_2022_Event_Spatial_Audit.xlsx,D:\OneDrive\桌面\论文\2027年投稿期刊\论文项目\07_JB医疗可达性_洪水扰动下交通-网络韧性与公平性_SCS_Natural_Hazards\GPT数据\2016_2026年洪涝数据\基准数据\JB_Flood_Spatial_Baseline_2016_2026_FINAL\JB_Flood_Spatial_Baseline_2016_2026_FINAL\08_Source_Archive\Original_2016_2026_Package\2022\R015_JB_Flood_Spatial_Baseline_2022_Event_Spatial_Audit.xlsx,D:\OneDrive\桌面\论文\2027年投稿期刊\论文项目\07_JB医疗可达性_洪水扰动下交通-网络韧性与公平性_SCS_Natural_Hazards\GPT数据\2016_2026年洪涝数据\基准数据\JB_Flood_Spatial_Baseline_2016_2026_FINAL\JB_Flood_Spatial_Baseline_2016_2026_FINAL\08_Source_Archive\Original_2016_2026_Package\2022\R015_JB_Flood_Spatial_Baseline_2022_Event_Spatial_Audit.xlsx,original,Exact duplicate verified by identical file size and SHA-256 checksum.
31a96b7d2a477078d7dcb2dd5e2894ec08833694c65e74c4fe87c567786b3207,45527,4,D:\OneDrive\桌面\论文\2027年投稿期刊\论文项目\07_JB医疗可达性_洪水扰动下交通-网络韧性与公平性_SCS_Natural_Hazards\GPT数据\JB_Flood_Healthcare_Accessibility_Research\01_Historical_Flood_2016_2026\Annual_Records\2016\Data_Tables\R015_JB_Flood_Spatial_Baseline_2022_Event_Spatial_Audit.xlsx,D:\OneDrive\桌面\论文\2027年投稿期刊\论文项目\07_JB医疗可达性_洪水扰动下交通-网络韧性与公平性_SCS_Natural_Hazards\GPT数据\_Organization_Working\Archive_Extractions\60c5a54f928c634f\JB_Flood_Baseline_2016_2026_Package_20261006\2022\R015_JB_Flood_Spatial_Baseline_2022_Event_Spatial_Audit.xlsx,D:\OneDrive\桌面\论文\2027年投稿期刊\论文项目\07_JB医疗可达性_洪水扰动下交通-网络韧性与公平性_SCS_Natural_Hazards\GPT数据\2016_2026年洪涝数据\历史数据\JB_Flood_Baseline_2016_2026_All_Files_20261006.zip,extracted,Exact duplicate verified by identical file size and SHA-256 checksum.
31a96b7d2a477078d7dcb2dd5e2894ec08833694c65e74c4fe87c567786b3207,45527,4,D:\OneDrive\桌面\论文\2027年投稿期刊\论文项目\07_JB医疗可达性_洪水扰动下交通-网络韧性与公平性_SCS_Natural_Hazards\GPT数据\JB_Flood_Healthcare_Accessibility_Research\01_Historical_Flood_2016_2026\Annual_Records\2016\Data_Tables\R015_JB_Flood_Spatial_Baseline_2022_Event_Spatial_Audit.xlsx,D:\OneDrive\桌面\论文\2027年投稿期刊\论文项目\07_JB医疗可达性_洪水扰动下交通-网络韧性与公平性_SCS_Natural_Hazards\GPT数据\_Organization_Working\Archive_Extractions\a7abee4533f7f9bc\JB_Flood_Spatial_Baseline_2016_2026_FINAL\08_Source_Archive\Original_2016_2026_Package\2022\R015_JB_Flood_Spatial_Baseline_2022_Event_Spatial_Audit.xlsx,D:\OneDrive\桌面\论文\2027年投稿期刊\论文项目\07_JB医疗可达性_洪水扰动下交通-网络韧性与公平性_SCS_Natural_Hazards\GPT数据\2016_2026年洪涝数据\基准数据\JB_Flood_Spatial_Baseline_2016_2026_FINAL.zip,extracted,Exact duplicate verified by identical file size and SHA-256 checksum.
5b5a2456ef1fdc4799e0af8b12143483149851939b2caa7db5f6088152ecc039,48191,4,D:\OneDrive\桌面\论文\2027年投稿期刊\论文项目\07_JB医疗可达性_洪水扰动下交通-网络韧性与公平性_SCS_Natural_Hazards\GPT数据\JB_Flood_Healthcare_Accessibility_Research\01_Historical_Flood_2016_2026\Annual_Records\2016\Data_Tables\R016_JB_Flood_Spatial_Baseline_2022_Polygon_Closure.xlsx,D:\OneDrive\桌面\论文\2027年投稿期刊\论文项目\07_JB医疗可达性_洪水扰动下交通-网络韧性与公平性_SCS_Natural_Hazards\GPT数据\2016_2026年洪涝数据\基准数据\JB_Flood_Spatial_Baseline_2016_2026_FINAL\JB_Flood_Spatial_Baseline_2016_2026_FINAL\08_Source_Archive\Original_2016_2026_Package\2022\R016_JB_Flood_Spatial_Baseline_2022_Polygon_Closure.xlsx,D:\OneDrive\桌面\论文\2027年投稿期刊\论文项目\07_JB医疗可达性_洪水扰动下交通-网络韧性与公平性_SCS_Natural_Hazards\GPT数据\2016_2026年洪涝数据\基准数据\JB_Flood_Spatial_Baseline_2016_2026_FINAL\JB_Flood_Spatial_Baseline_2016_2026_FINAL\08_Source_Archive\Original_2016_2026_Package\2022\R016_JB_Flood_Spatial_Baseline_2022_Polygon_Closure.xlsx,original,Exact duplicate verified by identical file size and SHA-256 checksum.
5b5a2456ef1fdc4799e0af8b12143483149851939b2caa7db5f6088152ecc039,48191,4,D:\OneDrive\桌面\论文\2027年投稿期刊\论文项目\07_JB医疗可达性_洪水扰动下交通-网络韧性与公平性_SCS_Natural_Hazards\GPT数据\JB_Flood_Healthcare_Accessibility_Research\01_Historical_Flood_2016_2026\Annual_Records\2016\Data_Tables\R016_JB_Flood_Spatial_Baseline_2022_Polygon_Closure.xlsx,D:\OneDrive\桌面\论文\2027年投稿期刊\论文项目\07_JB医疗可达性_洪水扰动下交通-网络韧性与公平性_SCS_Natural_Hazards\GPT数据\_Organization_Working\Archive_Extractions\60c5a54f928c634f\JB_Flood_Baseline_2016_2026_Package_20261006\2022\R016_JB_Flood_Spatial_Baseline_2022_Polygon_Closure.xlsx,D:\OneDrive\桌面\论文\2027年投稿期刊\论文项目\07_JB医疗可达性_洪水扰动下交通-网络韧性与公平性_SCS_Natural_Hazards\GPT数据\2016_2026年洪涝数据\历史数据\JB_Flood_Baseline_2016_2026_All_Files_20261006.zip,extracted,Exact duplicate verified by identical file size and SHA-256 checksum.
5b5a2456ef1fdc4799e0af8b12143483149851939b2caa7db5f6088152ecc039,48191,4,D:\OneDrive\桌面\论文\2027年投稿期刊\论文项目\07_JB医疗可达性_洪水扰动下交通-网络韧性与公平性_SCS_Natural_Hazards\GPT数据\JB_Flood_Healthcare_Accessibility_Research\01_Historical_Flood_2016_2026\Annual_Records\2016\Data_Tables\R016_JB_Flood_Spatial_Baseline_2022_Polygon_Closure.xlsx,D:\OneDrive\桌面\论文\2027年投稿期刊\论文项目\07_JB医疗可达性_洪水扰动下交通-网络韧性与公平性_SCS_Natural_Hazards\GPT数据\_Organization_Working\Archive_Extractions\a7abee4533f7f9bc\JB_Flood_Spatial_Baseline_2016_2026_FINAL\08_Source_Archive\Original_2016_2026_Package\2022\R016_JB_Flood_Spatial_Baseline_2022_Polygon_Closure.xlsx,D:\OneDrive\桌面\论文\2027年投稿期刊\论文项目\07_JB医疗可达性_洪水扰动下交通-网络韧性与公平性_SCS_Natural_Hazards\GPT数据\2016_2026年洪涝数据\基准数据\JB_Flood_Spatial_Baseline_2016_2026_FINAL.zip,extracted,Exact duplicate verified by identical file size and SHA-256 checksum.
35bfdd530f705b7392a27936a40475870aca8ca2c4361a7d1f30655f9fc8b4df,83723,2,D:\OneDrive\桌面\论文\2027年投稿期刊\论文项目\07_JB医疗可达性_洪水扰动下交通-网络韧性与公平性_SCS_Natural_Hazards\GPT数据\JB_Flood_Healthcare_Accessibility_Research\01_Historical_Flood_2016_2026\Annual_Records\2016\Data_Tables\JB_Flood_GIS_Completeness_Audit_2019_CoordPass_20261006.xlsx,D:\OneDrive\桌面\论文\2027年投稿期刊\论文项目\07_JB医疗可达性_洪水扰动下交通-网络韧性与公平性_SCS_Natural_Hazards\GPT数据\2016_2026年洪涝数据\历史数据\数据补全\JB_Flood_GIS_Completeness_Audit_2019_CoordPass_20261006 (1).xlsx,D:\OneDrive\桌面\论文\2027年投稿期刊\论文项目\07_JB医疗可达性_洪水扰动下交通-网络韧性与公平性_SCS_Natural_Hazards\GPT数据\2016_2026年洪涝数据\历史数据\数据补全\JB_Flood_GIS_Completeness_Audit_2019_CoordPass_20261006 (1).xlsx,original,Exact duplicate verified by identical file size and SHA-256 checksum.
7053aec59797b1449a9bd12f3ea0763b7fa9508f522fa3dc206a12db06ff4674,115284,4,D:\OneDrive\桌面\论文\2027年投稿期刊\论文项目\07_JB医疗可达性_洪水扰动下交通-网络韧性与公平性_SCS_Natural_Hazards\GPT数据\JB_Flood_Healthcare_Accessibility_Research\01_Historical_Flood_2016_2026\Annual_Records\2016\Data_Tables\JB_Flood_GIS_Completeness_Audit_2020_2026_FINAL_CoordPass_20261006.xlsx,D:\OneDrive\桌面\论文\2027年投稿期刊\论文项目\07_JB医疗可达性_洪水扰动下交通-网络韧性与公平性_SCS_Natural_Hazards\GPT数据\2016_2026年洪涝数据\历史数据\数据补全\JB_Flood_GIS_Completeness_Audit_2020_2026_FINAL_CoordPass_20261006 (1).xlsx,D:\OneDrive\桌面\论文\2027年投稿期刊\论文项目\07_JB医疗可达性_洪水扰动下交通-网络韧性与公平性_SCS_Natural_Hazards\GPT数据\2016_2026年洪涝数据\历史数据\数据补全\JB_Flood_GIS_Completeness_Audit_2020_2026_FINAL_CoordPass_20261006 (1).xlsx,original,Exact duplicate verified by identical file size and SHA-256 checksum.
7053aec59797b1449a9bd12f3ea0763b7fa9508f522fa3dc206a12db06ff4674,115284,4,D:\OneDrive\桌面\论文\2027年投稿期刊\论文项目\07_JB医疗可达性_洪水扰动下交通-网络韧性与公平性_SCS_Natural_Hazards\GPT数据\JB_Flood_Healthcare_Accessibility_Research\01_Historical_Flood_2016_2026\Annual_Records\2016\Data_Tables\JB_Flood_GIS_Completeness_Audit_2020_2026_FINAL_CoordPass_20261006.xlsx,D:\OneDrive\桌面\论文\2027年投稿期刊\论文项目\07_JB医疗可达性_洪水扰动下交通-网络韧性与公平性_SCS_Natural_Hazards\GPT数据\2016_2026年洪涝数据\基准数据\JB_Flood_Spatial_Baseline_2016_2026_FINAL\JB_Flood_Spatial_Baseline_2016_2026_FINAL\08_Source_Archive\Final_Coordinate_Completeness_Audit.xlsx,D:\OneDrive\桌面\论文\2027年投稿期刊\论文项目\07_JB医疗可达性_洪水扰动下交通-网络韧性与公平性_SCS_Natural_Hazards\GPT数据\2016_2026年洪涝数据\基准数据\JB_Flood_Spatial_Baseline_2016_2026_FINAL\JB_Flood_Spatial_Baseline_2016_2026_FINAL\08_Source_Archive\Final_Coordinate_Completeness_Audit.xlsx,original,Exact duplicate verified by identical file size and SHA-256 checksum.
7053aec59797b1449a9bd12f3ea0763b7fa9508f522fa3dc206a12db06ff4674,115284,4,D:\OneDrive\桌面\论文\2027年投稿期刊\论文项目\07_JB医疗可达性_洪水扰动下交通-网络韧性与公平性_SCS_Natural_Hazards\GPT数据\JB_Flood_Healthcare_Accessibility_Research\01_Historical_Flood_2016_2026\Annual_Records\2016\Data_Tables\JB_Flood_GIS_Completeness_Audit_2020_2026_FINAL_CoordPass_20261006.xlsx,D:\OneDrive\桌面\论文\2027年投稿期刊\论文项目\07_JB医疗可达性_洪水扰动下交通-网络韧性与公平性_SCS_Natural_Hazards\GPT数据\_Organization_Working\Archive_Extractions\a7abee4533f7f9bc\JB_Flood_Spatial_Baseline_2016_2026_FINAL\08_Source_Archive\Final_Coordinate_Completeness_Audit.xlsx,D:\OneDrive\桌面\论文\2027年投稿期刊\论文项目\07_JB医疗可达性_洪水扰动下交通-网络韧性与公平性_SCS_Natural_Hazards\GPT数据\2016_2026年洪涝数据\基准数据\JB_Flood_Spatial_Baseline_2016_2026_FINAL.zip,extracted,Exact duplicate verified by identical file size and SHA-256 checksum.
a69304bb76b93c85f836a1c0a0439854d553d0db4ede44f2b995493bb9edd134,250927,3,D:\OneDrive\桌面\论文\2027年投稿期刊\论文项目\07_JB医疗可达性_洪水扰动下交通-网络韧性与公平性_SCS_Natural_Hazards\GPT数据\JB_Flood_Healthcare_Accessibility_Research\01_Historical_Flood_2016_2026\Annual_Records\2016\Data_Tables\JB_Flood_Master_2016_2026.xlsx,D:\OneDrive\桌面\论文\2027年投稿期刊\论文项目\07_JB医疗可达性_洪水扰动下交通-网络韧性与公平性_SCS_Natural_Hazards\GPT数据\2016_2026年洪涝数据\基准数据\JB_Flood_Spatial_Baseline_2016_2026_FINAL\JB_Flood_Spatial_Baseline_2016_2026_FINAL\01_Master\JB_Flood_Master_2016_2026.xlsx,D:\OneDrive\桌面\论文\2027年投稿期刊\论文项目\07_JB医疗可达性_洪水扰动下交通-网络韧性与公平性_SCS_Natural_Hazards\GPT数据\2016_2026年洪涝数据\基准数据\JB_Flood_Spatial_Baseline_2016_2026_FINAL\JB_Flood_Spatial_Baseline_2016_2026_FINAL\01_Master\JB_Flood_Master_2016_2026.xlsx,original,Exact duplicate verified by identical file size and SHA-256 checksum.
a69304bb76b93c85f836a1c0a0439854d553d0db4ede44f2b995493bb9edd134,250927,3,D:\OneDrive\桌面\论文\2027年投稿期刊\论文项目\07_JB医疗可达性_洪水扰动下交通-网络韧性与公平性_SCS_Natural_Hazards\GPT数据\JB_Flood_Healthcare_Accessibility_Research\01_Historical_Flood_2016_2026\Annual_Records\2016\Data_Tables\JB_Flood_Master_2016_2026.xlsx,D:\OneDrive\桌面\论文\2027年投稿期刊\论文项目\07_JB医疗可达性_洪水扰动下交通-网络韧性与公平性_SCS_Natural_Hazards\GPT数据\_Organization_Working\Archive_Extractions\a7abee4533f7f9bc\JB_Flood_Spatial_Baseline_2016_2026_FINAL\01_Master\JB_Flood_Master_2016_2026.xlsx,D:\OneDrive\桌面\论文\2027年投稿期刊\论文项目\07_JB医疗可达性_洪水扰动下交通-网络韧性与公平性_SCS_Natural_Hazards\GPT数据\2016_2026年洪涝数据\基准数据\JB_Flood_Spatial_Baseline_2016_2026_FINAL.zip,extracted,Exact duplicate verified by identical file size and SHA-256 checksum.
ad0779ddc4111369cd40d2b48327054b4e2fbb66640c4e5b591614ce0de0700d,9165,2,D:\OneDrive\桌面\论文\2027年投稿期刊\论文项目\07_JB医疗可达性_洪水扰动下交通-网络韧性与公平性_SCS_Natural_Hazards\GPT数据\JB_Flood_Healthcare_Accessibility_Research\01_Historical_Flood_2016_2026\Annual_Records\2016\Data_Tables\FILE_MANIFEST_SHA256.txt,D:\OneDrive\桌面\论文\2027年投稿期刊\论文项目\07_JB医疗可达性_洪水扰动下交通-网络韧性与公平性_SCS_Natural_Hazards\GPT数据\_Organization_Working\Archive_Extractions\a7abee4533f7f9bc\JB_Flood_Spatial_Baseline_2016_2026_FINAL\FILE_MANIFEST_SHA256.txt,D:\OneDrive\桌面\论文\2027年投稿期刊\论文项目\07_JB医疗可达性_洪水扰动下交通-网络韧性与公平性_SCS_Natural_Hazards\GPT数据\2016_2026年洪涝数据\基准数据\JB_Flood_Spatial_Baseline_2016_2026_FINAL.zip,extracted,Exact duplicate verified by identical file size and SHA-256 checksum.
ee640d26409f694ff04c619ccbb6679d2e0278a30cd590cfdd72254be5412e4e,5285,2,D:\OneDrive\桌面\论文\2027年投稿期刊\论文项目\07_JB医疗可达性_洪水扰动下交通-网络韧性与公平性_SCS_Natural_Hazards\GPT数据\JB_Flood_Healthcare_Accessibility_Research\01_Historical_Flood_2016_2026\Annual_Records\2016\Data_Tables\README.xlsx,D:\OneDrive\桌面\论文\2027年投稿期刊\论文项目\07_JB医疗可达性_洪水扰动下交通-网络韧性与公平性_SCS_Natural_Hazards\GPT数据\_Organization_Working\Archive_Extractions\a7abee4533f7f9bc\JB_Flood_Spatial_Baseline_2016_2026_FINAL\README.xlsx,D:\OneDrive\桌面\论文\2027年投稿期刊\论文项目\07_JB医疗可达性_洪水扰动下交通-网络韧性与公平性_SCS_Natural_Hazards\GPT数据\2016_2026年洪涝数据\基准数据\JB_Flood_Spatial_Baseline_2016_2026_FINAL.zip,extracted,Exact duplicate verified by identical file size and SHA-256 checksum.
33bbc913296896ba26da108f75d0f38be0c7d089bf98d69fe63ab6124bb6ac4d,67078,2,D:\OneDrive\桌面\论文\2027年投稿期刊\论文项目\07_JB医疗可达性_洪水扰动下交通-网络韧性与公平性_SCS_Natural_Hazards\GPT数据\JB_Flood_Healthcare_Accessibility_Research\01_Historical_Flood_2016_2026\Annual_Records\2016\Data_Tables\GIS_Plot_Ready.xlsx,D:\OneDrive\桌面\论文\2027年投稿期刊\论文项目\07_JB医疗可达性_洪水扰动下交通-网络韧性与公平性_SCS_Natural_Hazards\GPT数据\_Organization_Working\Archive_Extractions\a7abee4533f7f9bc\JB_Flood_Spatial_Baseline_2016_2026_FINAL\01_Master\GIS_Plot_Ready.xlsx,D:\OneDrive\桌面\论文\2027年投稿期刊\论文项目\07_JB医疗可达性_洪水扰动下交通-网络韧性与公平性_SCS_Natural_Hazards\GPT数据\2016_2026年洪涝数据\基准数据\JB_Flood_Spatial_Baseline_2016_2026_FINAL.zip,extracted,Exact duplicate verified by identical file size and SHA-256 checksum.
881fc02495c7da99e58376905e6dcd8ed7cfcfa94fe6ea74743fc9b41159b669,15826,2,D:\OneDrive\桌面\论文\2027年投稿期刊\论文项目\07_JB医疗可达性_洪水扰动下交通-网络韧性与公平性_SCS_Natural_Hazards\GPT数据\JB_Flood_Healthcare_Accessibility_Research\01_Historical_Flood_2016_2026\Annual_Records\2016\Data_Tables\Unresolved_Do_Not_Plot.xlsx,D:\OneDrive\桌面\论文\2027年投稿期刊\论文项目\07_JB医疗可达性_洪水扰动下交通-网络韧性与公平性_SCS_Natural_Hazards\GPT数据\_Organization_Working\Archive_Extractions\a7abee4533f7f9bc\JB_Flood_Spatial_Baseline_2016_2026_FINAL\01_Master\Unresolved_Do_Not_Plot.xlsx,D:\OneDrive\桌面\论文\2027年投稿期刊\论文项目\07_JB医疗可达性_洪水扰动下交通-网络韧性与公平性_SCS_Natural_Hazards\GPT数据\2016_2026年洪涝数据\基准数据\JB_Flood_Spatial_Baseline_2016_2026_FINAL.zip,extracted,Exact duplicate verified by identical file size and SHA-256 checksum.
b6cf943840e4dcbac968d81575d7b2dbde0f0aa3b0ae8f66aaa84771bcc2ecd1,279451,2,D:\OneDrive\桌面\论文\2027年投稿期刊\论文项目\07_JB医疗可达性_洪水扰动下交通-网络韧性与公平性_SCS_Natural_Hazards\GPT数据\JB_Flood_Healthcare_Accessibility_Research\01_Historical_Flood_2016_2026\Annual_Records\2016\Geospatial_Data\All_Annual_Plot_Ready_Points.geojson,D:\OneDrive\桌面\论文\2027年投稿期刊\论文项目\07_JB医疗可达性_洪水扰动下交通-网络韧性与公平性_SCS_Natural_Hazards\GPT数据\_Organization_Working\Archive_Extractions\a7abee4533f7f9bc\JB_Flood_Spatial_Baseline_2016_2026_FINAL\02_Points\All_Annual_Plot_Ready_Points.geojson,D:\OneDrive\桌面\论文\2027年投稿期刊\论文项目\07_JB医疗可达性_洪水扰动下交通-网络韧性与公平性_SCS_Natural_Hazards\GPT数据\2016_2026年洪涝数据\基准数据\JB_Flood_Spatial_Baseline_2016_2026_FINAL.zip,extracted,Exact duplicate verified by identical file size and SHA-256 checksum.
08b83c09c2d2eff0dedc2dd961dd0616ea6bcf26f3647ce7a59511cb022b85dd,122058,2,D:\OneDrive\桌面\论文\2027年投稿期刊\论文项目\07_JB医疗可达性_洪水扰动下交通-网络韧性与公平性_SCS_Natural_Hazards\GPT数据\JB_Flood_Healthcare_Accessibility_Research\01_Historical_Flood_2016_2026\Annual_Records\2016\Geospatial_Data\All_Validated_Points.geojson,D:\OneDrive\桌面\论文\2027年投稿期刊\论文项目\07_JB医疗可达性_洪水扰动下交通-网络韧性与公平性_SCS_Natural_Hazards\GPT数据\_Organization_Working\Archive_Extractions\a7abee4533f7f9bc\JB_Flood_Spatial_Baseline_2016_2026_FINAL\02_Points\All_Validated_Points.geojson,D:\OneDrive\桌面\论文\2027年投稿期刊\论文项目\07_JB医疗可达性_洪水扰动下交通-网络韧性与公平性_SCS_Natural_Hazards\GPT数据\2016_2026年洪涝数据\基准数据\JB_Flood_Spatial_Baseline_2016_2026_FINAL.zip,extracted,Exact duplicate verified by identical file size and SHA-256 checksum.
475c8bab843eeab0de33aa15e7c76cf12762dbaa42f10fdc7c0aacbf298ba80d,67075,2,D:\OneDrive\桌面\论文\2027年投稿期刊\论文项目\07_JB医疗可达性_洪水扰动下交通-网络韧性与公平性_SCS_Natural_Hazards\GPT数据\JB_Flood_Healthcare_Accessibility_Research\01_Historical_Flood_2016_2026\Annual_Records\2016\Data_Tables\All_Validated_Points.xlsx,D:\OneDrive\桌面\论文\2027年投稿期刊\论文项目\07_JB医疗可达性_洪水扰动下交通-网络韧性与公平性_SCS_Natural_Hazards\GPT数据\_Organization_Working\Archive_Extractions\a7abee4533f7f9bc\JB_Flood_Spatial_Baseline_2016_2026_FINAL\02_Points\All_Validated_Points.xlsx,D:\OneDrive\桌面\论文\2027年投稿期刊\论文项目\07_JB医疗可达性_洪水扰动下交通-网络韧性与公平性_SCS_Natural_Hazards\GPT数据\2016_2026年洪涝数据\基准数据\JB_Flood_Spatial_Baseline_2016_2026_FINAL.zip,extracted,Exact duplicate verified by identical file size and SHA-256 checksum.
1d89362c9ae066c7723f892bc7bc0f2e522c5c82a6c4453f4da27d28d27a5e6d,34625,2,D:\OneDrive\桌面\论文\2027年投稿期刊\论文项目\07_JB医疗可达性_洪水扰动下交通-网络韧性与公平性_SCS_Natural_Hazards\GPT数据\JB_Flood_Healthcare_Accessibility_Research\01_Historical_Flood_2016_2026\Annual_Records\2016\Geospatial_Data\Fixed45_Validated_Points.geojson,D:\OneDrive\桌面\论文\2027年投稿期刊\论文项目\07_JB医疗可达性_洪水扰动下交通-网络韧性与公平性_SCS_Natural_Hazards\GPT数据\_Organization_Working\Archive_Extractions\a7abee4533f7f9bc\JB_Flood_Spatial_Baseline_2016_2026_FINAL\02_Points\Fixed45_Validated_Points.geojson,D:\OneDrive\桌面\论文\2027年投稿期刊\论文项目\07_JB医疗可达性_洪水扰动下交通-网络韧性与公平性_SCS_Natural_Hazards\GPT数据\2016_2026年洪涝数据\基准数据\JB_Flood_Spatial_Baseline_2016_2026_FINAL.zip,extracted,Exact duplicate verified by identical file size and SHA-256 checksum.
2015b49f54826ff1cf41d32d948a03637790e1cbf1214f443927c3438fb8bf9b,78932,2,D:\OneDrive\桌面\论文\2027年投稿期刊\论文项目\07_JB医疗可达性_洪水扰动下交通-网络韧性与公平性_SCS_Natural_Hazards\GPT数据\JB_Flood_Healthcare_Accessibility_Research\01_Historical_Flood_2016_2026\Annual_Records\2016\Data_Tables\All_Area_Objects.xlsx,D:\OneDrive\桌面\论文\2027年投稿期刊\论文项目\07_JB医疗可达性_洪水扰动下交通-网络韧性与公平性_SCS_Natural_Hazards\GPT数据\_Organization_Working\Archive_Extractions\a7abee4533f7f9bc\JB_Flood_Spatial_Baseline_2016_2026_FINAL\03_Areas\All_Area_Objects.xlsx,D:\OneDrive\桌面\论文\2027年投稿期刊\论文项目\07_JB医疗可达性_洪水扰动下交通-网络韧性与公平性_SCS_Natural_Hazards\GPT数据\2016_2026年洪涝数据\基准数据\JB_Flood_Spatial_Baseline_2016_2026_FINAL.zip,extracted,Exact duplicate verified by identical file size and SHA-256 checksum.
825721f457950dd572e84a3e07d88e29bf5ef043653d03a8f4b0164ade84d21d,16768,2,D:\OneDrive\桌面\论文\2027年投稿期刊\论文项目\07_JB医疗可达性_洪水扰动下交通-网络韧性与公平性_SCS_Natural_Hazards\GPT数据\JB_Flood_Healthcare_Accessibility_Research\01_Historical_Flood_2016_2026\Annual_Records\2016\Data_Tables\Area_Status.xlsx,D:\OneDrive\桌面\论文\2027年投稿期刊\论文项目\07_JB医疗可达性_洪水扰动下交通-网络韧性与公平性_SCS_Natural_Hazards\GPT数据\_Organization_Working\Archive_Extractions\a7abee4533f7f9bc\JB_Flood_Spatial_Baseline_2016_2026_FINAL\03_Areas\Area_Status.xlsx,D:\OneDrive\桌面\论文\2027年投稿期刊\论文项目\07_JB医疗可达性_洪水扰动下交通-网络韧性与公平性_SCS_Natural_Hazards\GPT数据\2016_2026年洪涝数据\基准数据\JB_Flood_Spatial_Baseline_2016_2026_FINAL.zip,extracted,Exact duplicate verified by identical file size and SHA-256 checksum.
59cad5f0166b349f05e64a1fc57b625b949748cc28d153e57a5bfac3b7fa2f34,6299,2,D:\OneDrive\桌面\论文\2027年投稿期刊\论文项目\07_JB医疗可达性_洪水扰动下交通-网络韧性与公平性_SCS_Natural_Hazards\GPT数据\JB_Flood_Healthcare_Accessibility_Research\01_Historical_Flood_2016_2026\Annual_Records\2016\Data_Tables\All_Validated_Polygons.xlsx,D:\OneDrive\桌面\论文\2027年投稿期刊\论文项目\07_JB医疗可达性_洪水扰动下交通-网络韧性与公平性_SCS_Natural_Hazards\GPT数据\_Organization_Working\Archive_Extractions\a7abee4533f7f9bc\JB_Flood_Spatial_Baseline_2016_2026_FINAL\04_Closed_Polygons\All_Validated_Polygons.xlsx,D:\OneDrive\桌面\论文\2027年投稿期刊\论文项目\07_JB医疗可达性_洪水扰动下交通-网络韧性与公平性_SCS_Natural_Hazards\GPT数据\2016_2026年洪涝数据\基准数据\JB_Flood_Spatial_Baseline_2016_2026_FINAL.zip,extracted,Exact duplicate verified by identical file size and SHA-256 checksum.
c3802baaeee657b19afe2cee8701484ad8e15347c0fed137d987f723b8eccdc4,6294,2,D:\OneDrive\桌面\论文\2027年投稿期刊\论文项目\07_JB医疗可达性_洪水扰动下交通-网络韧性与公平性_SCS_Natural_Hazards\GPT数据\JB_Flood_Healthcare_Accessibility_Research\01_Historical_Flood_2016_2026\Annual_Records\2016\Data_Tables\Polygon_QA.xlsx,D:\OneDrive\桌面\论文\2027年投稿期刊\论文项目\07_JB医疗可达性_洪水扰动下交通-网络韧性与公平性_SCS_Natural_Hazards\GPT数据\_Organization_Working\Archive_Extractions\a7abee4533f7f9bc\JB_Flood_Spatial_Baseline_2016_2026_FINAL\04_Closed_Polygons\Polygon_QA.xlsx,D:\OneDrive\桌面\论文\2027年投稿期刊\论文项目\07_JB医疗可达性_洪水扰动下交通-网络韧性与公平性_SCS_Natural_Hazards\GPT数据\2016_2026年洪涝数据\基准数据\JB_Flood_Spatial_Baseline_2016_2026_FINAL.zip,extracted,Exact duplicate verified by identical file size and SHA-256 checksum.
e56f4ac3e85947c506335b3f46c15581ac78ab8db5a51e80e2391f2fd62bbfff,8236,2,D:\OneDrive\桌面\论文\2027年投稿期刊\论文项目\07_JB医疗可达性_洪水扰动下交通-网络韧性与公平性_SCS_Natural_Hazards\GPT数据\JB_Flood_Healthcare_Accessibility_Research\01_Historical_Flood_2016_2026\Annual_Records\2016\Data_Tables\JB_Flood_2016_Standardized.xlsx,D:\OneDrive\桌面\论文\2027年投稿期刊\论文项目\07_JB医疗可达性_洪水扰动下交通-网络韧性与公平性_SCS_Natural_Hazards\GPT数据\_Organization_Working\Archive_Extractions\a7abee4533f7f9bc\JB_Flood_Spatial_Baseline_2016_2026_FINAL\05_By_Year\2016\JB_Flood_2016_Standardized.xlsx,D:\OneDrive\桌面\论文\2027年投稿期刊\论文项目\07_JB医疗可达性_洪水扰动下交通-网络韧性与公平性_SCS_Natural_Hazards\GPT数据\2016_2026年洪涝数据\基准数据\JB_Flood_Spatial_Baseline_2016_2026_FINAL.zip,extracted,Exact duplicate verified by identical file size and SHA-256 checksum.
17ae4a1ee97b30f61337618b47da82b6b207118329ee222c60df2f2d3dec1731,17217,2,D:\OneDrive\桌面\论文\2027年投稿期刊\论文项目\07_JB医疗可达性_洪水扰动下交通-网络韧性与公平性_SCS_Natural_Hazards\GPT数据\JB_Flood_Healthcare_Accessibility_Research\01_Historical_Flood_2016_2026\Annual_Records\2016\Data_Tables\JB_Flood_2017_Standardized.xlsx,D:\OneDrive\桌面\论文\2027年投稿期刊\论文项目\07_JB医疗可达性_洪水扰动下交通-网络韧性与公平性_SCS_Natural_Hazards\GPT数据\_Organization_Working\Archive_Extractions\a7abee4533f7f9bc\JB_Flood_Spatial_Baseline_2016_2026_FINAL\05_By_Year\2017\JB_Flood_2017_Standardized.xlsx,D:\OneDrive\桌面\论文\2027年投稿期刊\论文项目\07_JB医疗可达性_洪水扰动下交通-网络韧性与公平性_SCS_Natural_Hazards\GPT数据\2016_2026年洪涝数据\基准数据\JB_Flood_Spatial_Baseline_2016_2026_FINAL.zip,extracted,Exact duplicate verified by identical file size and SHA-256 checksum.
a753f912cb962cb7cc96dff6b837a79470b79e767ea57671c07bfcea7fa1bfcc,14519,2,D:\OneDrive\桌面\论文\2027年投稿期刊\论文项目\07_JB医疗可达性_洪水扰动下交通-网络韧性与公平性_SCS_Natural_Hazards\GPT数据\JB_Flood_Healthcare_Accessibility_Research\01_Historical_Flood_2016_2026\Annual_Records\2016\Data_Tables\JB_Flood_2018_Standardized.xlsx,D:\OneDrive\桌面\论文\2027年投稿期刊\论文项目\07_JB医疗可达性_洪水扰动下交通-网络韧性与公平性_SCS_Natural_Hazards\GPT数据\_Organization_Working\Archive_Extractions\a7abee4533f7f9bc\JB_Flood_Spatial_Baseline_2016_2026_FINAL\05_By_Year\2018\JB_Flood_2018_Standardized.xlsx,D:\OneDrive\桌面\论文\2027年投稿期刊\论文项目\07_JB医疗可达性_洪水扰动下交通-网络韧性与公平性_SCS_Natural_Hazards\GPT数据\2016_2026年洪涝数据\基准数据\JB_Flood_Spatial_Baseline_2016_2026_FINAL.zip,extracted,Exact duplicate verified by identical file size and SHA-256 checksum.
263c46e10c5377a8db1cfa48baa99e47725bb2074d4f7cd4fdcfe4053c665b63,14684,2,D:\OneDrive\桌面\论文\2027年投稿期刊\论文项目\07_JB医疗可达性_洪水扰动下交通-网络韧性与公平性_SCS_Natural_Hazards\GPT数据\JB_Flood_Healthcare_Accessibility_Research\01_Historical_Flood_2016_2026\Annual_Records\2016\Data_Tables\JB_Flood_2019_Standardized.xlsx,D:\OneDrive\桌面\论文\2027年投稿期刊\论文项目\07_JB医疗可达性_洪水扰动下交通-网络韧性与公平性_SCS_Natural_Hazards\GPT数据\_Organization_Working\Archive_Extractions\a7abee4533f7f9bc\JB_Flood_Spatial_Baseline_2016_2026_FINAL\05_By_Year\2019\JB_Flood_2019_Standardized.xlsx,D:\OneDrive\桌面\论文\2027年投稿期刊\论文项目\07_JB医疗可达性_洪水扰动下交通-网络韧性与公平性_SCS_Natural_Hazards\GPT数据\2016_2026年洪涝数据\基准数据\JB_Flood_Spatial_Baseline_2016_2026_FINAL.zip,extracted,Exact duplicate verified by identical file size and SHA-256 checksum.
77874d0a2ace5f8e144a7532c13809816897944a45b48e9798ea1be82905a746,15463,2,D:\OneDrive\桌面\论文\2027年投稿期刊\论文项目\07_JB医疗可达性_洪水扰动下交通-网络韧性与公平性_SCS_Natural_Hazards\GPT数据\JB_Flood_Healthcare_Accessibility_Research\01_Historical_Flood_2016_2026\Annual_Records\2016\Data_Tables\JB_Flood_2020_Standardized.xlsx,D:\OneDrive\桌面\论文\2027年投稿期刊\论文项目\07_JB医疗可达性_洪水扰动下交通-网络韧性与公平性_SCS_Natural_Hazards\GPT数据\_Organization_Working\Archive_Extractions\a7abee4533f7f9bc\JB_Flood_Spatial_Baseline_2016_2026_FINAL\05_By_Year\2020\JB_Flood_2020_Standardized.xlsx,D:\OneDrive\桌面\论文\2027年投稿期刊\论文项目\07_JB医疗可达性_洪水扰动下交通-网络韧性与公平性_SCS_Natural_Hazards\GPT数据\2016_2026年洪涝数据\基准数据\JB_Flood_Spatial_Baseline_2016_2026_FINAL.zip,extracted,Exact duplicate verified by identical file size and SHA-256 checksum.
6a19bcaa407ec2650e2ac1a47257db49e1aba44163b862efd4957b35d24cfb78,19577,2,D:\OneDrive\桌面\论文\2027年投稿期刊\论文项目\07_JB医疗可达性_洪水扰动下交通-网络韧性与公平性_SCS_Natural_Hazards\GPT数据\JB_Flood_Healthcare_Accessibility_Research\01_Historical_Flood_2016_2026\Annual_Records\2016\Data_Tables\JB_Flood_2021_Standardized.xlsx,D:\OneDrive\桌面\论文\2027年投稿期刊\论文项目\07_JB医疗可达性_洪水扰动下交通-网络韧性与公平性_SCS_Natural_Hazards\GPT数据\_Organization_Working\Archive_Extractions\a7abee4533f7f9bc\JB_Flood_Spatial_Baseline_2016_2026_FINAL\05_By_Year\2021\JB_Flood_2021_Standardized.xlsx,D:\OneDrive\桌面\论文\2027年投稿期刊\论文项目\07_JB医疗可达性_洪水扰动下交通-网络韧性与公平性_SCS_Natural_Hazards\GPT数据\2016_2026年洪涝数据\基准数据\JB_Flood_Spatial_Baseline_2016_2026_FINAL.zip,extracted,Exact duplicate verified by identical file size and SHA-256 checksum.
0be92631ec49ce90c55c6552980ccf9b825d96096aced96032e7a59873ef47b7,19238,2,D:\OneDrive\桌面\论文\2027年投稿期刊\论文项目\07_JB医疗可达性_洪水扰动下交通-网络韧性与公平性_SCS_Natural_Hazards\GPT数据\JB_Flood_Healthcare_Accessibility_Research\01_Historical_Flood_2016_2026\Annual_Records\2016\Data_Tables\JB_Flood_2022_Standardized.xlsx,D:\OneDrive\桌面\论文\2027年投稿期刊\论文项目\07_JB医疗可达性_洪水扰动下交通-网络韧性与公平性_SCS_Natural_Hazards\GPT数据\_Organization_Working\Archive_Extractions\a7abee4533f7f9bc\JB_Flood_Spatial_Baseline_2016_2026_FINAL\05_By_Year\2022\JB_Flood_2022_Standardized.xlsx,D:\OneDrive\桌面\论文\2027年投稿期刊\论文项目\07_JB医疗可达性_洪水扰动下交通-网络韧性与公平性_SCS_Natural_Hazards\GPT数据\2016_2026年洪涝数据\基准数据\JB_Flood_Spatial_Baseline_2016_2026_FINAL.zip,extracted,Exact duplicate verified by identical file size and SHA-256 checksum.
04a305f4e8ebff43c5f484b4d84c277aa055c0073b4540084454b41a8813f122,23457,2,D:\OneDrive\桌面\论文\2027年投稿期刊\论文项目\07_JB医疗可达性_洪水扰动下交通-网络韧性与公平性_SCS_Natural_Hazards\GPT数据\JB_Flood_Healthcare_Accessibility_Research\01_Historical_Flood_2016_2026\Annual_Records\2016\Data_Tables\JB_Flood_2023_Standardized.xlsx,D:\OneDrive\桌面\论文\2027年投稿期刊\论文项目\07_JB医疗可达性_洪水扰动下交通-网络韧性与公平性_SCS_Natural_Hazards\GPT数据\_Organization_Working\Archive_Extractions\a7abee4533f7f9bc\JB_Flood_Spatial_Baseline_2016_2026_FINAL\05_By_Year\2023\JB_Flood_2023_Standardized.xlsx,D:\OneDrive\桌面\论文\2027年投稿期刊\论文项目\07_JB医疗可达性_洪水扰动下交通-网络韧性与公平性_SCS_Natural_Hazards\GPT数据\2016_2026年洪涝数据\基准数据\JB_Flood_Spatial_Baseline_2016_2026_FINAL.zip,extracted,Exact duplicate verified by identical file size and SHA-256 checksum.
2d3febb6294fb6add50ea8fa89c485bb586ed9509f41f36df2d4cb899bec27d5,12712,2,D:\OneDrive\桌面\论文\2027年投稿期刊\论文项目\07_JB医疗可达性_洪水扰动下交通-网络韧性与公平性_SCS_Natural_Hazards\GPT数据\JB_Flood_Healthcare_Accessibility_Research\01_Historical_Flood_2016_2026\Annual_Records\2016\Data_Tables\JB_Flood_2024_Standardized.xlsx,D:\OneDrive\桌面\论文\2027年投稿期刊\论文项目\07_JB医疗可达性_洪水扰动下交通-网络韧性与公平性_SCS_Natural_Hazards\GPT数据\_Organization_Working\Archive_Extractions\a7abee4533f7f9bc\JB_Flood_Spatial_Baseline_2016_2026_FINAL\05_By_Year\2024\JB_Flood_2024_Standardized.xlsx,D:\OneDrive\桌面\论文\2027年投稿期刊\论文项目\07_JB医疗可达性_洪水扰动下交通-网络韧性与公平性_SCS_Natural_Hazards\GPT数据\2016_2026年洪涝数据\基准数据\JB_Flood_Spatial_Baseline_2016_2026_FINAL.zip,extracted,Exact duplicate verified by identical file size and SHA-256 checksum.
92157a279be182ccb4f130ea638eb8f1052d72ba06a82bb971f22454bb7ffa90,20911,2,D:\OneDrive\桌面\论文\2027年投稿期刊\论文项目\07_JB医疗可达性_洪水扰动下交通-网络韧性与公平性_SCS_Natural_Hazards\GPT数据\JB_Flood_Healthcare_Accessibility_Research\01_Historical_Flood_2016_2026\Annual_Records\2016\Data_Tables\JB_Flood_2025_Standardized.xlsx,D:\OneDrive\桌面\论文\2027年投稿期刊\论文项目\07_JB医疗可达性_洪水扰动下交通-网络韧性与公平性_SCS_Natural_Hazards\GPT数据\_Organization_Working\Archive_Extractions\a7abee4533f7f9bc\JB_Flood_Spatial_Baseline_2016_2026_FINAL\05_By_Year\2025\JB_Flood_2025_Standardized.xlsx,D:\OneDrive\桌面\论文\2027年投稿期刊\论文项目\07_JB医疗可达性_洪水扰动下交通-网络韧性与公平性_SCS_Natural_Hazards\GPT数据\2016_2026年洪涝数据\基准数据\JB_Flood_Spatial_Baseline_2016_2026_FINAL.zip,extracted,Exact duplicate verified by identical file size and SHA-256 checksum.
d811332835c3e736c4a158e9e4f2b2c17a7d951291b8ebbb7dd68ee78e376163,15194,2,D:\OneDrive\桌面\论文\2027年投稿期刊\论文项目\07_JB医疗可达性_洪水扰动下交通-网络韧性与公平性_SCS_Natural_Hazards\GPT数据\JB_Flood_Healthcare_Accessibility_Research\01_Historical_Flood_2016_2026\Annual_Records\2016\Data_Tables\JB_Flood_2026_Standardized.xlsx,D:\OneDrive\桌面\论文\2027年投稿期刊\论文项目\07_JB医疗可达性_洪水扰动下交通-网络韧性与公平性_SCS_Natural_Hazards\GPT数据\_Organization_Working\Archive_Extractions\a7abee4533f7f9bc\JB_Flood_Spatial_Baseline_2016_2026_FINAL\05_By_Year\2026\JB_Flood_2026_Standardized.xlsx,D:\OneDrive\桌面\论文\2027年投稿期刊\论文项目\07_JB医疗可达性_洪水扰动下交通-网络韧性与公平性_SCS_Natural_Hazards\GPT数据\2016_2026年洪涝数据\基准数据\JB_Flood_Spatial_Baseline_2016_2026_FINAL.zip,extracted,Exact duplicate verified by identical file size and SHA-256 checksum.
fe60e453203c2701c14afab2b699bdb21c7008691daf9eaed7786dfe2baf6672,55512,2,D:\OneDrive\桌面\论文\2027年投稿期刊\论文项目\07_JB医疗可达性_洪水扰动下交通-网络韧性与公平性_SCS_Natural_Hazards\GPT数据\JB_Flood_Healthcare_Accessibility_Research\01_Historical_Flood_2016_2026\Annual_Records\2016\Data_Tables\Event_Location_Polygon_Link.xlsx,D:\OneDrive\桌面\论文\2027年投稿期刊\论文项目\07_JB医疗可达性_洪水扰动下交通-网络韧性与公平性_SCS_Natural_Hazards\GPT数据\_Organization_Working\Archive_Extractions\a7abee4533f7f9bc\JB_Flood_Spatial_Baseline_2016_2026_FINAL\06_Event_Location_Link\Event_Location_Polygon_Link.xlsx,D:\OneDrive\桌面\论文\2027年投稿期刊\论文项目\07_JB医疗可达性_洪水扰动下交通-网络韧性与公平性_SCS_Natural_Hazards\GPT数据\2016_2026年洪涝数据\基准数据\JB_Flood_Spatial_Baseline_2016_2026_FINAL.zip,extracted,Exact duplicate verified by identical file size and SHA-256 checksum.
cac076f33b50971f3b123c3af81cb1b19f1dd2f5db47fb4bc2e4deb0de9b6108,12191,2,D:\OneDrive\桌面\论文\2027年投稿期刊\论文项目\07_JB医疗可达性_洪水扰动下交通-网络韧性与公平性_SCS_Natural_Hazards\GPT数据\JB_Flood_Healthcare_Accessibility_Research\01_Historical_Flood_2016_2026\Annual_Records\2016\Data_Tables\Spatial_Completeness_QA.xlsx,D:\OneDrive\桌面\论文\2027年投稿期刊\论文项目\07_JB医疗可达性_洪水扰动下交通-网络韧性与公平性_SCS_Natural_Hazards\GPT数据\_Organization_Working\Archive_Extractions\a7abee4533f7f9bc\JB_Flood_Spatial_Baseline_2016_2026_FINAL\07_QA\Spatial_Completeness_QA.xlsx,D:\OneDrive\桌面\论文\2027年投稿期刊\论文项目\07_JB医疗可达性_洪水扰动下交通-网络韧性与公平性_SCS_Natural_Hazards\GPT数据\2016_2026年洪涝数据\基准数据\JB_Flood_Spatial_Baseline_2016_2026_FINAL.zip,extracted,Exact duplicate verified by identical file size and SHA-256 checksum.
4c135cfc5a42dee790d9374ae524bfc0638c8a6613d6a752675b5eb02ff786ce,15818,2,D:\OneDrive\桌面\论文\2027年投稿期刊\论文项目\07_JB医疗可达性_洪水扰动下交通-网络韧性与公平性_SCS_Natural_Hazards\GPT数据\JB_Flood_Healthcare_Accessibility_Research\01_Historical_Flood_2016_2026\Annual_Records\2016\Data_Tables\Unresolved_List.xlsx,D:\OneDrive\桌面\论文\2027年投稿期刊\论文项目\07_JB医疗可达性_洪水扰动下交通-网络韧性与公平性_SCS_Natural_Hazards\GPT数据\_Organization_Working\Archive_Extractions\a7abee4533f7f9bc\JB_Flood_Spatial_Baseline_2016_2026_FINAL\07_QA\Unresolved_List.xlsx,D:\OneDrive\桌面\论文\2027年投稿期刊\论文项目\07_JB医疗可达性_洪水扰动下交通-网络韧性与公平性_SCS_Natural_Hazards\GPT数据\2016_2026年洪涝数据\基准数据\JB_Flood_Spatial_Baseline_2016_2026_FINAL.zip,extracted,Exact duplicate verified by identical file size and SHA-256 checksum.
4b931bcf2bcd1955cd20d85e59da32084ca39a2d9ca6b284c5a0f82e1c3d2651,408196,2,D:\OneDrive\桌面\论文\2027年投稿期刊\论文项目\07_JB医疗可达性_洪水扰动下交通-网络韧性与公平性_SCS_Natural_Hazards\GPT数据\JB_Flood_Healthcare_Accessibility_Research\02_GIS_Baseline_Data\Spatial_Layers\Geospatial_Data\JB_Flood_Evidence_Support_Zones_2016_2026.geojson,D:\OneDrive\桌面\论文\2027年投稿期刊\论文项目\07_JB医疗可达性_洪水扰动下交通-网络韧性与公平性_SCS_Natural_Hazards\GPT数据\_Organization_Working\Archive_Extractions\3cddcd377263154a\JB_Flood_Evidence_Support_Zones_2016_2026.geojson,D:\OneDrive\桌面\论文\2027年投稿期刊\论文项目\07_JB医疗可达性_洪水扰动下交通-网络韧性与公平性_SCS_Natural_Hazards\GPT数据\GIS 数据驱动的总图基线_数据资料\JB_Flood_Formal_GIS_Overview_2016_2026.zip,extracted,Exact duplicate verified by identical file size and SHA-256 checksum.
5fd879b69ab42755431f26b113a4fa989ceedcfe5519229e5cd135c7ea4578ab,2517583,2,D:\OneDrive\桌面\论文\2027年投稿期刊\论文项目\07_JB医疗可达性_洪水扰动下交通-网络韧性与公平性_SCS_Natural_Hazards\GPT数据\JB_Flood_Healthcare_Accessibility_Research\02_GIS_Baseline_Data\Road_Network\Documents\JB_Flood_Road_Hospital_Overview_2016_2026.pdf,D:\OneDrive\桌面\论文\2027年投稿期刊\论文项目\07_JB医疗可达性_洪水扰动下交通-网络韧性与公平性_SCS_Natural_Hazards\GPT数据\_Organization_Working\Archive_Extractions\3cddcd377263154a\JB_Flood_Road_Hospital_Overview_2016_2026.pdf,D:\OneDrive\桌面\论文\2027年投稿期刊\论文项目\07_JB医疗可达性_洪水扰动下交通-网络韧性与公平性_SCS_Natural_Hazards\GPT数据\GIS 数据驱动的总图基线_数据资料\JB_Flood_Formal_GIS_Overview_2016_2026.zip,extracted,Exact duplicate verified by identical file size and SHA-256 checksum.
0774f93169157c363d61c6f997d572ffb214039e0fc7dd14eea0c24c2a176a2c,2507620,2,D:\OneDrive\桌面\论文\2027年投稿期刊\论文项目\07_JB医疗可达性_洪水扰动下交通-网络韧性与公平性_SCS_Natural_Hazards\GPT数据\JB_Flood_Healthcare_Accessibility_Research\02_GIS_Baseline_Data\Road_Network\Images\JB_Flood_Road_Hospital_Overview_2016_2026_300dpi.png,D:\OneDrive\桌面\论文\2027年投稿期刊\论文项目\07_JB医疗可达性_洪水扰动下交通-网络韧性与公平性_SCS_Natural_Hazards\GPT数据\_Organization_Working\Archive_Extractions\3cddcd377263154a\JB_Flood_Road_Hospital_Overview_2016_2026_300dpi.png,D:\OneDrive\桌面\论文\2027年投稿期刊\论文项目\07_JB医疗可达性_洪水扰动下交通-网络韧性与公平性_SCS_Natural_Hazards\GPT数据\GIS 数据驱动的总图基线_数据资料\JB_Flood_Formal_GIS_Overview_2016_2026.zip,extracted,Exact duplicate verified by identical file size and SHA-256 checksum.
f1d05b5daa47b007e3b94612874cae91685afb73d18f23791a25d390a17d851d,6621568,2,D:\OneDrive\桌面\论文\2027年投稿期刊\论文项目\07_JB医疗可达性_洪水扰动下交通-网络韧性与公平性_SCS_Natural_Hazards\GPT数据\JB_Flood_Healthcare_Accessibility_Research\02_GIS_Baseline_Data\Road_Network\Images\JB_Flood_Road_Hospital_Overview_2016_2026_600dpi.png,D:\OneDrive\桌面\论文\2027年投稿期刊\论文项目\07_JB医疗可达性_洪水扰动下交通-网络韧性与公平性_SCS_Natural_Hazards\GPT数据\_Organization_Working\Archive_Extractions\3cddcd377263154a\JB_Flood_Road_Hospital_Overview_2016_2026_600dpi.png,D:\OneDrive\桌面\论文\2027年投稿期刊\论文项目\07_JB医疗可达性_洪水扰动下交通-网络韧性与公平性_SCS_Natural_Hazards\GPT数据\GIS 数据驱动的总图基线_数据资料\JB_Flood_Formal_GIS_Overview_2016_2026.zip,extracted,Exact duplicate verified by identical file size and SHA-256 checksum.
6bafc53ec52c443c373799a3ea75732375e3b142c0adcab1c96d5451f47e68a3,10498514,2,D:\OneDrive\桌面\论文\2027年投稿期刊\论文项目\07_JB医疗可达性_洪水扰动下交通-网络韧性与公平性_SCS_Natural_Hazards\GPT数据\JB_Flood_Healthcare_Accessibility_Research\02_GIS_Baseline_Data\Road_Network\Geospatial_Data\JB_Major_Roads_Blue.geojson,D:\OneDrive\桌面\论文\2027年投稿期刊\论文项目\07_JB医疗可达性_洪水扰动下交通-网络韧性与公平性_SCS_Natural_Hazards\GPT数据\_Organization_Working\Archive_Extractions\3cddcd377263154a\JB_Major_Roads_Blue.geojson,D:\OneDrive\桌面\论文\2027年投稿期刊\论文项目\07_JB医疗可达性_洪水扰动下交通-网络韧性与公平性_SCS_Natural_Hazards\GPT数据\GIS 数据驱动的总图基线_数据资料\JB_Flood_Formal_GIS_Overview_2016_2026.zip,extracted,Exact duplicate verified by identical file size and SHA-256 checksum.
05e601b6737b80b73ffb9d4561189265cedd8be08aa066c92b7303fa2da1dd61,180224,3,D:\OneDrive\桌面\论文\2027年投稿期刊\论文项目\07_JB医疗可达性_洪水扰动下交通-网络韧性与公平性_SCS_Natural_Hazards\GPT数据\JB_Flood_Healthcare_Accessibility_Research\03_Nature_Portfolio_Project\Supporting_Information\Geospatial_Data\JB_Study_Area_Final.gpkg,D:\OneDrive\桌面\论文\2027年投稿期刊\论文项目\07_JB医疗可达性_洪水扰动下交通-网络韧性与公平性_SCS_Natural_Hazards\GPT数据\Nature Portfolio_Project\01_前期数据支撑\ScientificReports_JB_Flood_Healthcare_Accessibility\gis\study_area\JB_Study_Area_Final.gpkg,D:\OneDrive\桌面\论文\2027年投稿期刊\论文项目\07_JB医疗可达性_洪水扰动下交通-网络韧性与公平性_SCS_Natural_Hazards\GPT数据\Nature Portfolio_Project\01_前期数据支撑\ScientificReports_JB_Flood_Healthcare_Accessibility\gis\study_area\JB_Study_Area_Final.gpkg,original,Exact duplicate verified by identical file size and SHA-256 checksum.
05e601b6737b80b73ffb9d4561189265cedd8be08aa066c92b7303fa2da1dd61,180224,3,D:\OneDrive\桌面\论文\2027年投稿期刊\论文项目\07_JB医疗可达性_洪水扰动下交通-网络韧性与公平性_SCS_Natural_Hazards\GPT数据\JB_Flood_Healthcare_Accessibility_Research\03_Nature_Portfolio_Project\Supporting_Information\Geospatial_Data\JB_Study_Area_Final.gpkg,D:\OneDrive\桌面\论文\2027年投稿期刊\论文项目\07_JB医疗可达性_洪水扰动下交通-网络韧性与公平性_SCS_Natural_Hazards\GPT数据\Nature Portfolio_Project\01_前期数据支撑\ScientificReports_JB_Flood_Healthcare_Accessibility\gis\study_area\JB_Study_Area_Final__COPY001.gpkg,D:\OneDrive\桌面\论文\2027年投稿期刊\论文项目\07_JB医疗可达性_洪水扰动下交通-网络韧性与公平性_SCS_Natural_Hazards\GPT数据\Nature Portfolio_Project\01_前期数据支撑\ScientificReports_JB_Flood_Healthcare_Accessibility\gis\study_area\JB_Study_Area_Final__COPY001.gpkg,original,Exact duplicate verified by identical file size and SHA-256 checksum.
bf4ade845bcd3c2b0d5cab83e4b2f7b03245b859d61a2c3de8c235c62247b75d,180224,3,D:\OneDrive\桌面\论文\2027年投稿期刊\论文项目\07_JB医疗可达性_洪水扰动下交通-网络韧性与公平性_SCS_Natural_Hazards\GPT数据\JB_Flood_Healthcare_Accessibility_Research\03_Nature_Portfolio_Project\Supporting_Information\Geospatial_Data\JB_Study_Area_Final_RSO.gpkg,D:\OneDrive\桌面\论文\2027年投稿期刊\论文项目\07_JB医疗可达性_洪水扰动下交通-网络韧性与公平性_SCS_Natural_Hazards\GPT数据\Nature Portfolio_Project\01_前期数据支撑\ScientificReports_JB_Flood_Healthcare_Accessibility\gis\study_area\JB_Study_Area_Final_RSO.gpkg,D:\OneDrive\桌面\论文\2027年投稿期刊\论文项目\07_JB医疗可达性_洪水扰动下交通-网络韧性与公平性_SCS_Natural_Hazards\GPT数据\Nature Portfolio_Project\01_前期数据支撑\ScientificReports_JB_Flood_Healthcare_Accessibility\gis\study_area\JB_Study_Area_Final_RSO.gpkg,original,Exact duplicate verified by identical file size and SHA-256 checksum.
bf4ade845bcd3c2b0d5cab83e4b2f7b03245b859d61a2c3de8c235c62247b75d,180224,3,D:\OneDrive\桌面\论文\2027年投稿期刊\论文项目\07_JB医疗可达性_洪水扰动下交通-网络韧性与公平性_SCS_Natural_Hazards\GPT数据\JB_Flood_Healthcare_Accessibility_Research\03_Nature_Portfolio_Project\Supporting_Information\Geospatial_Data\JB_Study_Area_Final_RSO.gpkg,D:\OneDrive\桌面\论文\2027年投稿期刊\论文项目\07_JB医疗可达性_洪水扰动下交通-网络韧性与公平性_SCS_Natural_Hazards\GPT数据\Nature Portfolio_Project\01_前期数据支撑\ScientificReports_JB_Flood_Healthcare_Accessibility\gis\study_area\JB_Study_Area_Final_RSO__COPY001.gpkg,D:\OneDrive\桌面\论文\2027年投稿期刊\论文项目\07_JB医疗可达性_洪水扰动下交通-网络韧性与公平性_SCS_Natural_Hazards\GPT数据\Nature Portfolio_Project\01_前期数据支撑\ScientificReports_JB_Flood_Healthcare_Accessibility\gis\study_area\JB_Study_Area_Final_RSO__COPY001.gpkg,original,Exact duplicate verified by identical file size and SHA-256 checksum.
12a2fd976e019c236d11fd94594a234fe0f49761bd7048937ae88ac239e2c94e,944,3,D:\OneDrive\桌面\论文\2027年投稿期刊\论文项目\07_JB医疗可达性_洪水扰动下交通-网络韧性与公平性_SCS_Natural_Hazards\GPT数据\JB_Flood_Healthcare_Accessibility_Research\03_Nature_Portfolio_Project\Supporting_Information\Data_Tables\D01_Final_Spatial_Consistency_QC.txt,D:\OneDrive\桌面\论文\2027年投稿期刊\论文项目\07_JB医疗可达性_洪水扰动下交通-网络韧性与公平性_SCS_Natural_Hazards\GPT数据\Nature Portfolio_Project\01_前期数据支撑\ScientificReports_JB_Flood_Healthcare_Accessibility\qc\D01_Final_Spatial_Consistency_QC.txt,D:\OneDrive\桌面\论文\2027年投稿期刊\论文项目\07_JB医疗可达性_洪水扰动下交通-网络韧性与公平性_SCS_Natural_Hazards\GPT数据\Nature Portfolio_Project\01_前期数据支撑\ScientificReports_JB_Flood_Healthcare_Accessibility\qc\D01_Final_Spatial_Consistency_QC.txt,original,Exact duplicate verified by identical file size and SHA-256 checksum.
12a2fd976e019c236d11fd94594a234fe0f49761bd7048937ae88ac239e2c94e,944,3,D:\OneDrive\桌面\论文\2027年投稿期刊\论文项目\07_JB医疗可达性_洪水扰动下交通-网络韧性与公平性_SCS_Natural_Hazards\GPT数据\JB_Flood_Healthcare_Accessibility_Research\03_Nature_Portfolio_Project\Supporting_Information\Data_Tables\D01_Final_Spatial_Consistency_QC.txt,D:\OneDrive\桌面\论文\2027年投稿期刊\论文项目\07_JB医疗可达性_洪水扰动下交通-网络韧性与公平性_SCS_Natural_Hazards\GPT数据\Nature Portfolio_Project\01_前期数据支撑\ScientificReports_JB_Flood_Healthcare_Accessibility\qc\D01_Final_Spatial_Consistency_QC__COPY001.txt,D:\OneDrive\桌面\论文\2027年投稿期刊\论文项目\07_JB医疗可达性_洪水扰动下交通-网络韧性与公平性_SCS_Natural_Hazards\GPT数据\Nature Portfolio_Project\01_前期数据支撑\ScientificReports_JB_Flood_Healthcare_Accessibility\qc\D01_Final_Spatial_Consistency_QC__COPY001.txt,original,Exact duplicate verified by identical file size and SHA-256 checksum.
9cc8958ab0ee21a24f1cd2950541da9a6a0f45c6f9e5ec728ef928fc1a848e58,31355,5,D:\OneDrive\桌面\论文\2027年投稿期刊\论文项目\07_JB医疗可达性_洪水扰动下交通-网络韧性与公平性_SCS_Natural_Hazards\GPT数据\JB_Flood_Healthcare_Accessibility_Research\03_Nature_Portfolio_Project\Supporting_Information\Scripts\D02B_process_osm.py,D:\OneDrive\桌面\论文\2027年投稿期刊\论文项目\07_JB医疗可达性_洪水扰动下交通-网络韧性与公平性_SCS_Natural_Hazards\GPT数据\Nature Portfolio_Project\01_前期数据支撑\ScientificReports_JB_Flood_Healthcare_Accessibility\metadata\provenance\D02B_process_osm.py,D:\OneDrive\桌面\论文\2027年投稿期刊\论文项目\07_JB医疗可达性_洪水扰动下交通-网络韧性与公平性_SCS_Natural_Hazards\GPT数据\Nature Portfolio_Project\01_前期数据支撑\ScientificReports_JB_Flood_Healthcare_Accessibility\metadata\provenance\D02B_process_osm.py,original,Exact duplicate verified by identical file size and SHA-256 checksum.
9cc8958ab0ee21a24f1cd2950541da9a6a0f45c6f9e5ec728ef928fc1a848e58,31355,5,D:\OneDrive\桌面\论文\2027年投稿期刊\论文项目\07_JB医疗可达性_洪水扰动下交通-网络韧性与公平性_SCS_Natural_Hazards\GPT数据\JB_Flood_Healthcare_Accessibility_Research\03_Nature_Portfolio_Project\Supporting_Information\Scripts\D02B_process_osm.py,D:\OneDrive\桌面\论文\2027年投稿期刊\论文项目\07_JB医疗可达性_洪水扰动下交通-网络韧性与公平性_SCS_Natural_Hazards\GPT数据\Nature Portfolio_Project\01_前期数据支撑\ScientificReports_JB_Flood_Healthcare_Accessibility\metadata\provenance\D02B_process_osm__COPY001.py,D:\OneDrive\桌面\论文\2027年投稿期刊\论文项目\07_JB医疗可达性_洪水扰动下交通-网络韧性与公平性_SCS_Natural_Hazards\GPT数据\Nature Portfolio_Project\01_前期数据支撑\ScientificReports_JB_Flood_Healthcare_Accessibility\metadata\provenance\D02B_process_osm__COPY001.py,original,Exact duplicate verified by identical file size and SHA-256 checksum.
9cc8958ab0ee21a24f1cd2950541da9a6a0f45c6f9e5ec728ef928fc1a848e58,31355,5,D:\OneDrive\桌面\论文\2027年投稿期刊\论文项目\07_JB医疗可达性_洪水扰动下交通-网络韧性与公平性_SCS_Natural_Hazards\GPT数据\JB_Flood_Healthcare_Accessibility_Research\03_Nature_Portfolio_Project\Supporting_Information\Scripts\D02B_process_osm.py,D:\OneDrive\桌面\论文\2027年投稿期刊\论文项目\07_JB医疗可达性_洪水扰动下交通-网络韧性与公平性_SCS_Natural_Hazards\GPT数据\Nature Portfolio_Project\01_前期数据支撑\ScientificReports_JB_Flood_Healthcare_Accessibility\metadata\provenance\D02B_process_osm__COPY002.py,D:\OneDrive\桌面\论文\2027年投稿期刊\论文项目\07_JB医疗可达性_洪水扰动下交通-网络韧性与公平性_SCS_Natural_Hazards\GPT数据\Nature Portfolio_Project\01_前期数据支撑\ScientificReports_JB_Flood_Healthcare_Accessibility\metadata\provenance\D02B_process_osm__COPY002.py,original,Exact duplicate verified by identical file size and SHA-256 checksum.
9cc8958ab0ee21a24f1cd2950541da9a6a0f45c6f9e5ec728ef928fc1a848e58,31355,5,D:\OneDrive\桌面\论文\2027年投稿期刊\论文项目\07_JB医疗可达性_洪水扰动下交通-网络韧性与公平性_SCS_Natural_Hazards\GPT数据\JB_Flood_Healthcare_Accessibility_Research\03_Nature_Portfolio_Project\Supporting_Information\Scripts\D02B_process_osm.py,D:\OneDrive\桌面\论文\2027年投稿期刊\论文项目\07_JB医疗可达性_洪水扰动下交通-网络韧性与公平性_SCS_Natural_Hazards\GPT数据\_Organization_Working\Archive_Extractions\f0ce33fa482483f9\CORE\D02B_process_osm.py,D:\OneDrive\桌面\论文\2027年投稿期刊\论文项目\07_JB医疗可达性_洪水扰动下交通-网络韧性与公平性_SCS_Natural_Hazards\GPT数据\Nature Portfolio_Project\01_前期数据支撑\02_D02_ROAD_NETWORK.zip,extracted,Exact duplicate verified by identical file size and SHA-256 checksum.
9ac91184924fd8f7a8d9660b44f484af49d38d137769c4af2230d0313fdcb0c7,394,4,D:\OneDrive\桌面\论文\2027年投稿期刊\论文项目\07_JB医疗可达性_洪水扰动下交通-网络韧性与公平性_SCS_Natural_Hazards\GPT数据\JB_Flood_Healthcare_Accessibility_Research\03_Nature_Portfolio_Project\Supporting_Information\Data_Tables\D02_OSM_Download_Log.txt,D:\OneDrive\桌面\论文\2027年投稿期刊\论文项目\07_JB医疗可达性_洪水扰动下交通-网络韧性与公平性_SCS_Natural_Hazards\GPT数据\Nature Portfolio_Project\01_前期数据支撑\ScientificReports_JB_Flood_Healthcare_Accessibility\metadata\provenance\D02_OSM_Download_Log.txt,D:\OneDrive\桌面\论文\2027年投稿期刊\论文项目\07_JB医疗可达性_洪水扰动下交通-网络韧性与公平性_SCS_Natural_Hazards\GPT数据\Nature Portfolio_Project\01_前期数据支撑\ScientificReports_JB_Flood_Healthcare_Accessibility\metadata\provenance\D02_OSM_Download_Log.txt,original,Exact duplicate verified by identical file size and SHA-256 checksum.
9ac91184924fd8f7a8d9660b44f484af49d38d137769c4af2230d0313fdcb0c7,394,4,D:\OneDrive\桌面\论文\2027年投稿期刊\论文项目\07_JB医疗可达性_洪水扰动下交通-网络韧性与公平性_SCS_Natural_Hazards\GPT数据\JB_Flood_Healthcare_Accessibility_Research\03_Nature_Portfolio_Project\Supporting_Information\Data_Tables\D02_OSM_Download_Log.txt,D:\OneDrive\桌面\论文\2027年投稿期刊\论文项目\07_JB医疗可达性_洪水扰动下交通-网络韧性与公平性_SCS_Natural_Hazards\GPT数据\Nature Portfolio_Project\01_前期数据支撑\ScientificReports_JB_Flood_Healthcare_Accessibility\metadata\provenance\D02_OSM_Download_Log__COPY001.txt,D:\OneDrive\桌面\论文\2027年投稿期刊\论文项目\07_JB医疗可达性_洪水扰动下交通-网络韧性与公平性_SCS_Natural_Hazards\GPT数据\Nature Portfolio_Project\01_前期数据支撑\ScientificReports_JB_Flood_Healthcare_Accessibility\metadata\provenance\D02_OSM_Download_Log__COPY001.txt,original,Exact duplicate verified by identical file size and SHA-256 checksum.
9ac91184924fd8f7a8d9660b44f484af49d38d137769c4af2230d0313fdcb0c7,394,4,D:\OneDrive\桌面\论文\2027年投稿期刊\论文项目\07_JB医疗可达性_洪水扰动下交通-网络韧性与公平性_SCS_Natural_Hazards\GPT数据\JB_Flood_Healthcare_Accessibility_Research\03_Nature_Portfolio_Project\Supporting_Information\Data_Tables\D02_OSM_Download_Log.txt,D:\OneDrive\桌面\论文\2027年投稿期刊\论文项目\07_JB医疗可达性_洪水扰动下交通-网络韧性与公平性_SCS_Natural_Hazards\GPT数据\_Organization_Working\Archive_Extractions\f0ce33fa482483f9\CORE\D02_OSM_Download_Log.txt,D:\OneDrive\桌面\论文\2027年投稿期刊\论文项目\07_JB医疗可达性_洪水扰动下交通-网络韧性与公平性_SCS_Natural_Hazards\GPT数据\Nature Portfolio_Project\01_前期数据支撑\02_D02_ROAD_NETWORK.zip,extracted,Exact duplicate verified by identical file size and SHA-256 checksum.
1178531cf0ff4d974f3bd4d15b7e5f98d617dc4ddf7f765ddb320c01a756bcd2,3176,4,D:\OneDrive\桌面\论文\2027年投稿期刊\论文项目\07_JB医疗可达性_洪水扰动下交通-网络韧性与公平性_SCS_Natural_Hazards\GPT数据\JB_Flood_Healthcare_Accessibility_Research\03_Nature_Portfolio_Project\Supporting_Information\Geospatial_Data\D02_OSM_Metadata.json,D:\OneDrive\桌面\论文\2027年投稿期刊\论文项目\07_JB医疗可达性_洪水扰动下交通-网络韧性与公平性_SCS_Natural_Hazards\GPT数据\Nature Portfolio_Project\01_前期数据支撑\ScientificReports_JB_Flood_Healthcare_Accessibility\metadata\provenance\D02_OSM_Metadata.json,D:\OneDrive\桌面\论文\2027年投稿期刊\论文项目\07_JB医疗可达性_洪水扰动下交通-网络韧性与公平性_SCS_Natural_Hazards\GPT数据\Nature Portfolio_Project\01_前期数据支撑\ScientificReports_JB_Flood_Healthcare_Accessibility\metadata\provenance\D02_OSM_Metadata.json,original,Exact duplicate verified by identical file size and SHA-256 checksum.
1178531cf0ff4d974f3bd4d15b7e5f98d617dc4ddf7f765ddb320c01a756bcd2,3176,4,D:\OneDrive\桌面\论文\2027年投稿期刊\论文项目\07_JB医疗可达性_洪水扰动下交通-网络韧性与公平性_SCS_Natural_Hazards\GPT数据\JB_Flood_Healthcare_Accessibility_Research\03_Nature_Portfolio_Project\Supporting_Information\Geospatial_Data\D02_OSM_Metadata.json,D:\OneDrive\桌面\论文\2027年投稿期刊\论文项目\07_JB医疗可达性_洪水扰动下交通-网络韧性与公平性_SCS_Natural_Hazards\GPT数据\Nature Portfolio_Project\01_前期数据支撑\ScientificReports_JB_Flood_Healthcare_Accessibility\metadata\provenance\D02_OSM_Metadata__COPY001.json,D:\OneDrive\桌面\论文\2027年投稿期刊\论文项目\07_JB医疗可达性_洪水扰动下交通-网络韧性与公平性_SCS_Natural_Hazards\GPT数据\Nature Portfolio_Project\01_前期数据支撑\ScientificReports_JB_Flood_Healthcare_Accessibility\metadata\provenance\D02_OSM_Metadata__COPY001.json,original,Exact duplicate verified by identical file size and SHA-256 checksum.
1178531cf0ff4d974f3bd4d15b7e5f98d617dc4ddf7f765ddb320c01a756bcd2,3176,4,D:\OneDrive\桌面\论文\2027年投稿期刊\论文项目\07_JB医疗可达性_洪水扰动下交通-网络韧性与公平性_SCS_Natural_Hazards\GPT数据\JB_Flood_Healthcare_Accessibility_Research\03_Nature_Portfolio_Project\Supporting_Information\Geospatial_Data\D02_OSM_Metadata.json,D:\OneDrive\桌面\论文\2027年投稿期刊\论文项目\07_JB医疗可达性_洪水扰动下交通-网络韧性与公平性_SCS_Natural_Hazards\GPT数据\_Organization_Working\Archive_Extractions\f0ce33fa482483f9\CORE\D02_OSM_Metadata.json,D:\OneDrive\桌面\论文\2027年投稿期刊\论文项目\07_JB医疗可达性_洪水扰动下交通-网络韧性与公平性_SCS_Natural_Hazards\GPT数据\Nature Portfolio_Project\01_前期数据支撑\02_D02_ROAD_NETWORK.zip,extracted,Exact duplicate verified by identical file size and SHA-256 checksum.
838b197d0b2f59e2eb786faf9d666bf1f78ab24549e06be9b6a38f6f4d03f3a7,1734,4,D:\OneDrive\桌面\论文\2027年投稿期刊\论文项目\07_JB医疗可达性_洪水扰动下交通-网络韧性与公平性_SCS_Natural_Hazards\GPT数据\JB_Flood_Healthcare_Accessibility_Research\03_Nature_Portfolio_Project\Supporting_Information\Data_Tables\D02_OSM_Processing_Log.txt,D:\OneDrive\桌面\论文\2027年投稿期刊\论文项目\07_JB医疗可达性_洪水扰动下交通-网络韧性与公平性_SCS_Natural_Hazards\GPT数据\Nature Portfolio_Project\01_前期数据支撑\ScientificReports_JB_Flood_Healthcare_Accessibility\metadata\provenance\D02_OSM_Processing_Log.txt,D:\OneDrive\桌面\论文\2027年投稿期刊\论文项目\07_JB医疗可达性_洪水扰动下交通-网络韧性与公平性_SCS_Natural_Hazards\GPT数据\Nature Portfolio_Project\01_前期数据支撑\ScientificReports_JB_Flood_Healthcare_Accessibility\metadata\provenance\D02_OSM_Processing_Log.txt,original,Exact duplicate verified by identical file size and SHA-256 checksum.
838b197d0b2f59e2eb786faf9d666bf1f78ab24549e06be9b6a38f6f4d03f3a7,1734,4,D:\OneDrive\桌面\论文\2027年投稿期刊\论文项目\07_JB医疗可达性_洪水扰动下交通-网络韧性与公平性_SCS_Natural_Hazards\GPT数据\JB_Flood_Healthcare_Accessibility_Research\03_Nature_Portfolio_Project\Supporting_Information\Data_Tables\D02_OSM_Processing_Log.txt,D:\OneDrive\桌面\论文\2027年投稿期刊\论文项目\07_JB医疗可达性_洪水扰动下交通-网络韧性与公平性_SCS_Natural_Hazards\GPT数据\Nature Portfolio_Project\01_前期数据支撑\ScientificReports_JB_Flood_Healthcare_Accessibility\metadata\provenance\D02_OSM_Processing_Log__COPY001.txt,D:\OneDrive\桌面\论文\2027年投稿期刊\论文项目\07_JB医疗可达性_洪水扰动下交通-网络韧性与公平性_SCS_Natural_Hazards\GPT数据\Nature Portfolio_Project\01_前期数据支撑\ScientificReports_JB_Flood_Healthcare_Accessibility\metadata\provenance\D02_OSM_Processing_Log__COPY001.txt,original,Exact duplicate verified by identical file size and SHA-256 checksum.
838b197d0b2f59e2eb786faf9d666bf1f78ab24549e06be9b6a38f6f4d03f3a7,1734,4,D:\OneDrive\桌面\论文\2027年投稿期刊\论文项目\07_JB医疗可达性_洪水扰动下交通-网络韧性与公平性_SCS_Natural_Hazards\GPT数据\JB_Flood_Healthcare_Accessibility_Research\03_Nature_Portfolio_Project\Supporting_Information\Data_Tables\D02_OSM_Processing_Log.txt,D:\OneDrive\桌面\论文\2027年投稿期刊\论文项目\07_JB医疗可达性_洪水扰动下交通-网络韧性与公平性_SCS_Natural_Hazards\GPT数据\_Organization_Working\Archive_Extractions\f0ce33fa482483f9\CORE\D02_OSM_Processing_Log.txt,D:\OneDrive\桌面\论文\2027年投稿期刊\论文项目\07_JB医疗可达性_洪水扰动下交通-网络韧性与公平性_SCS_Natural_Hazards\GPT数据\Nature Portfolio_Project\01_前期数据支撑\02_D02_ROAD_NETWORK.zip,extracted,Exact duplicate verified by identical file size and SHA-256 checksum.
70f6b866f5103223ce777d3c2d0f86db9cf803abc066ef28ef2c27513d7cc67e,4140,4,D:\OneDrive\桌面\论文\2027年投稿期刊\论文项目\07_JB医疗可达性_洪水扰动下交通-网络韧性与公平性_SCS_Natural_Hazards\GPT数据\JB_Flood_Healthcare_Accessibility_Research\03_Nature_Portfolio_Project\Supporting_Information\Data_Tables\D02_Road_Data_Dictionary.csv,D:\OneDrive\桌面\论文\2027年投稿期刊\论文项目\07_JB医疗可达性_洪水扰动下交通-网络韧性与公平性_SCS_Natural_Hazards\GPT数据\Nature Portfolio_Project\01_前期数据支撑\ScientificReports_JB_Flood_Healthcare_Accessibility\metadata\data_dictionary\D02_Road_Data_Dictionary.csv,D:\OneDrive\桌面\论文\2027年投稿期刊\论文项目\07_JB医疗可达性_洪水扰动下交通-网络韧性与公平性_SCS_Natural_Hazards\GPT数据\Nature Portfolio_Project\01_前期数据支撑\ScientificReports_JB_Flood_Healthcare_Accessibility\metadata\data_dictionary\D02_Road_Data_Dictionary.csv,original,Exact duplicate verified by identical file size and SHA-256 checksum.
70f6b866f5103223ce777d3c2d0f86db9cf803abc066ef28ef2c27513d7cc67e,4140,4,D:\OneDrive\桌面\论文\2027年投稿期刊\论文项目\07_JB医疗可达性_洪水扰动下交通-网络韧性与公平性_SCS_Natural_Hazards\GPT数据\JB_Flood_Healthcare_Accessibility_Research\03_Nature_Portfolio_Project\Supporting_Information\Data_Tables\D02_Road_Data_Dictionary.csv,D:\OneDrive\桌面\论文\2027年投稿期刊\论文项目\07_JB医疗可达性_洪水扰动下交通-网络韧性与公平性_SCS_Natural_Hazards\GPT数据\Nature Portfolio_Project\01_前期数据支撑\ScientificReports_JB_Flood_Healthcare_Accessibility\metadata\data_dictionary\D02_Road_Data_Dictionary__COPY001.csv,D:\OneDrive\桌面\论文\2027年投稿期刊\论文项目\07_JB医疗可达性_洪水扰动下交通-网络韧性与公平性_SCS_Natural_Hazards\GPT数据\Nature Portfolio_Project\01_前期数据支撑\ScientificReports_JB_Flood_Healthcare_Accessibility\metadata\data_dictionary\D02_Road_Data_Dictionary__COPY001.csv,original,Exact duplicate verified by identical file size and SHA-256 checksum.
70f6b866f5103223ce777d3c2d0f86db9cf803abc066ef28ef2c27513d7cc67e,4140,4,D:\OneDrive\桌面\论文\2027年投稿期刊\论文项目\07_JB医疗可达性_洪水扰动下交通-网络韧性与公平性_SCS_Natural_Hazards\GPT数据\JB_Flood_Healthcare_Accessibility_Research\03_Nature_Portfolio_Project\Supporting_Information\Data_Tables\D02_Road_Data_Dictionary.csv,D:\OneDrive\桌面\论文\2027年投稿期刊\论文项目\07_JB医疗可达性_洪水扰动下交通-网络韧性与公平性_SCS_Natural_Hazards\GPT数据\_Organization_Working\Archive_Extractions\f0ce33fa482483f9\CORE\D02_Road_Data_Dictionary.csv,D:\OneDrive\桌面\论文\2027年投稿期刊\论文项目\07_JB医疗可达性_洪水扰动下交通-网络韧性与公平性_SCS_Natural_Hazards\GPT数据\Nature Portfolio_Project\01_前期数据支撑\02_D02_ROAD_NETWORK.zip,extracted,Exact duplicate verified by identical file size and SHA-256 checksum.
79bc05452d5943fedfba3675309a39e4edfe68a4559c99341add14121e61e81d,31891456,4,D:\OneDrive\桌面\论文\2027年投稿期刊\论文项目\07_JB医疗可达性_洪水扰动下交通-网络韧性与公平性_SCS_Natural_Hazards\GPT数据\JB_Flood_Healthcare_Accessibility_Research\03_Nature_Portfolio_Project\Supporting_Information\Geospatial_Data\JB_OSM_RoadNetwork_Core_RSO.gpkg,D:\OneDrive\桌面\论文\2027年投稿期刊\论文项目\07_JB医疗可达性_洪水扰动下交通-网络韧性与公平性_SCS_Natural_Hazards\GPT数据\Nature Portfolio_Project\01_前期数据支撑\ScientificReports_JB_Flood_Healthcare_Accessibility\gis\JB_OSM_RoadNetwork_Core_RSO.gpkg,D:\OneDrive\桌面\论文\2027年投稿期刊\论文项目\07_JB医疗可达性_洪水扰动下交通-网络韧性与公平性_SCS_Natural_Hazards\GPT数据\Nature Portfolio_Project\01_前期数据支撑\ScientificReports_JB_Flood_Healthcare_Accessibility\gis\JB_OSM_RoadNetwork_Core_RSO.gpkg,original,Exact duplicate verified by identical file size and SHA-256 checksum.
79bc05452d5943fedfba3675309a39e4edfe68a4559c99341add14121e61e81d,31891456,4,D:\OneDrive\桌面\论文\2027年投稿期刊\论文项目\07_JB医疗可达性_洪水扰动下交通-网络韧性与公平性_SCS_Natural_Hazards\GPT数据\JB_Flood_Healthcare_Accessibility_Research\03_Nature_Portfolio_Project\Supporting_Information\Geospatial_Data\JB_OSM_RoadNetwork_Core_RSO.gpkg,D:\OneDrive\桌面\论文\2027年投稿期刊\论文项目\07_JB医疗可达性_洪水扰动下交通-网络韧性与公平性_SCS_Natural_Hazards\GPT数据\Nature Portfolio_Project\01_前期数据支撑\ScientificReports_JB_Flood_Healthcare_Accessibility\gis\JB_OSM_RoadNetwork_Core_RSO__COPY001.gpkg,D:\OneDrive\桌面\论文\2027年投稿期刊\论文项目\07_JB医疗可达性_洪水扰动下交通-网络韧性与公平性_SCS_Natural_Hazards\GPT数据\Nature Portfolio_Project\01_前期数据支撑\ScientificReports_JB_Flood_Healthcare_Accessibility\gis\JB_OSM_RoadNetwork_Core_RSO__COPY001.gpkg,original,Exact duplicate verified by identical file size and SHA-256 checksum.
79bc05452d5943fedfba3675309a39e4edfe68a4559c99341add14121e61e81d,31891456,4,D:\OneDrive\桌面\论文\2027年投稿期刊\论文项目\07_JB医疗可达性_洪水扰动下交通-网络韧性与公平性_SCS_Natural_Hazards\GPT数据\JB_Flood_Healthcare_Accessibility_Research\03_Nature_Portfolio_Project\Supporting_Information\Geospatial_Data\JB_OSM_RoadNetwork_Core_RSO.gpkg,D:\OneDrive\桌面\论文\2027年投稿期刊\论文项目\07_JB医疗可达性_洪水扰动下交通-网络韧性与公平性_SCS_Natural_Hazards\GPT数据\_Organization_Working\Archive_Extractions\f0ce33fa482483f9\CORE\JB_OSM_RoadNetwork_Core_RSO.gpkg,D:\OneDrive\桌面\论文\2027年投稿期刊\论文项目\07_JB医疗可达性_洪水扰动下交通-网络韧性与公平性_SCS_Natural_Hazards\GPT数据\Nature Portfolio_Project\01_前期数据支撑\02_D02_ROAD_NETWORK.zip,extracted,Exact duplicate verified by identical file size and SHA-256 checksum.
582aa61c60412876e2a10590d1df5e0c38a2afb3c2a031107de7bfb68b2c2125,31956992,4,D:\OneDrive\桌面\论文\2027年投稿期刊\论文项目\07_JB医疗可达性_洪水扰动下交通-网络韧性与公平性_SCS_Natural_Hazards\GPT数据\JB_Flood_Healthcare_Accessibility_Research\03_Nature_Portfolio_Project\Supporting_Information\Geospatial_Data\JB_OSM_RoadNetwork_Core_WGS84.gpkg,D:\OneDrive\桌面\论文\2027年投稿期刊\论文项目\07_JB医疗可达性_洪水扰动下交通-网络韧性与公平性_SCS_Natural_Hazards\GPT数据\Nature Portfolio_Project\01_前期数据支撑\ScientificReports_JB_Flood_Healthcare_Accessibility\gis\JB_OSM_RoadNetwork_Core_WGS84.gpkg,D:\OneDrive\桌面\论文\2027年投稿期刊\论文项目\07_JB医疗可达性_洪水扰动下交通-网络韧性与公平性_SCS_Natural_Hazards\GPT数据\Nature Portfolio_Project\01_前期数据支撑\ScientificReports_JB_Flood_Healthcare_Accessibility\gis\JB_OSM_RoadNetwork_Core_WGS84.gpkg,original,Exact duplicate verified by identical file size and SHA-256 checksum.
582aa61c60412876e2a10590d1df5e0c38a2afb3c2a031107de7bfb68b2c2125,31956992,4,D:\OneDrive\桌面\论文\2027年投稿期刊\论文项目\07_JB医疗可达性_洪水扰动下交通-网络韧性与公平性_SCS_Natural_Hazards\GPT数据\JB_Flood_Healthcare_Accessibility_Research\03_Nature_Portfolio_Project\Supporting_Information\Geospatial_Data\JB_OSM_RoadNetwork_Core_WGS84.gpkg,D:\OneDrive\桌面\论文\2027年投稿期刊\论文项目\07_JB医疗可达性_洪水扰动下交通-网络韧性与公平性_SCS_Natural_Hazards\GPT数据\Nature Portfolio_Project\01_前期数据支撑\ScientificReports_JB_Flood_Healthcare_Accessibility\gis\JB_OSM_RoadNetwork_Core_WGS84__COPY001.gpkg,D:\OneDrive\桌面\论文\2027年投稿期刊\论文项目\07_JB医疗可达性_洪水扰动下交通-网络韧性与公平性_SCS_Natural_Hazards\GPT数据\Nature Portfolio_Project\01_前期数据支撑\ScientificReports_JB_Flood_Healthcare_Accessibility\gis\JB_OSM_RoadNetwork_Core_WGS84__COPY001.gpkg,original,Exact duplicate verified by identical file size and SHA-256 checksum.
582aa61c60412876e2a10590d1df5e0c38a2afb3c2a031107de7bfb68b2c2125,31956992,4,D:\OneDrive\桌面\论文\2027年投稿期刊\论文项目\07_JB医疗可达性_洪水扰动下交通-网络韧性与公平性_SCS_Natural_Hazards\GPT数据\JB_Flood_Healthcare_Accessibility_Research\03_Nature_Portfolio_Project\Supporting_Information\Geospatial_Data\JB_OSM_RoadNetwork_Core_WGS84.gpkg,D:\OneDrive\桌面\论文\2027年投稿期刊\论文项目\07_JB医疗可达性_洪水扰动下交通-网络韧性与公平性_SCS_Natural_Hazards\GPT数据\_Organization_Working\Archive_Extractions\f0ce33fa482483f9\CORE\JB_OSM_RoadNetwork_Core_WGS84.gpkg,D:\OneDrive\桌面\论文\2027年投稿期刊\论文项目\07_JB医疗可达性_洪水扰动下交通-网络韧性与公平性_SCS_Natural_Hazards\GPT数据\Nature Portfolio_Project\01_前期数据支撑\02_D02_ROAD_NETWORK.zip,extracted,Exact duplicate verified by identical file size and SHA-256 checksum.
a26f74b6b1cd115ba5fa185716b9ffc1830172b2f2c46ac7a1bfe7020957e9e1,720363,4,D:\OneDrive\桌面\论文\2027年投稿期刊\论文项目\07_JB医疗可达性_洪水扰动下交通-网络韧性与公平性_SCS_Natural_Hazards\GPT数据\JB_Flood_Healthcare_Accessibility_Research\03_Nature_Portfolio_Project\Figures\Images\D02_OSM_Core_RoadNetwork_QC.png,D:\OneDrive\桌面\论文\2027年投稿期刊\论文项目\07_JB医疗可达性_洪水扰动下交通-网络韧性与公平性_SCS_Natural_Hazards\GPT数据\Nature Portfolio_Project\01_前期数据支撑\ScientificReports_JB_Flood_Healthcare_Accessibility\qc\D02_OSM_Core_RoadNetwork_QC.png,D:\OneDrive\桌面\论文\2027年投稿期刊\论文项目\07_JB医疗可达性_洪水扰动下交通-网络韧性与公平性_SCS_Natural_Hazards\GPT数据\Nature Portfolio_Project\01_前期数据支撑\ScientificReports_JB_Flood_Healthcare_Accessibility\qc\D02_OSM_Core_RoadNetwork_QC.png,original,Exact duplicate verified by identical file size and SHA-256 checksum.
a26f74b6b1cd115ba5fa185716b9ffc1830172b2f2c46ac7a1bfe7020957e9e1,720363,4,D:\OneDrive\桌面\论文\2027年投稿期刊\论文项目\07_JB医疗可达性_洪水扰动下交通-网络韧性与公平性_SCS_Natural_Hazards\GPT数据\JB_Flood_Healthcare_Accessibility_Research\03_Nature_Portfolio_Project\Figures\Images\D02_OSM_Core_RoadNetwork_QC.png,D:\OneDrive\桌面\论文\2027年投稿期刊\论文项目\07_JB医疗可达性_洪水扰动下交通-网络韧性与公平性_SCS_Natural_Hazards\GPT数据\Nature Portfolio_Project\01_前期数据支撑\ScientificReports_JB_Flood_Healthcare_Accessibility\qc\D02_OSM_Core_RoadNetwork_QC__COPY001.png,D:\OneDrive\桌面\论文\2027年投稿期刊\论文项目\07_JB医疗可达性_洪水扰动下交通-网络韧性与公平性_SCS_Natural_Hazards\GPT数据\Nature Portfolio_Project\01_前期数据支撑\ScientificReports_JB_Flood_Healthcare_Accessibility\qc\D02_OSM_Core_RoadNetwork_QC__COPY001.png,original,Exact duplicate verified by identical file size and SHA-256 checksum.
a26f74b6b1cd115ba5fa185716b9ffc1830172b2f2c46ac7a1bfe7020957e9e1,720363,4,D:\OneDrive\桌面\论文\2027年投稿期刊\论文项目\07_JB医疗可达性_洪水扰动下交通-网络韧性与公平性_SCS_Natural_Hazards\GPT数据\JB_Flood_Healthcare_Accessibility_Research\03_Nature_Portfolio_Project\Figures\Images\D02_OSM_Core_RoadNetwork_QC.png,D:\OneDrive\桌面\论文\2027年投稿期刊\论文项目\07_JB医疗可达性_洪水扰动下交通-网络韧性与公平性_SCS_Natural_Hazards\GPT数据\_Organization_Working\Archive_Extractions\f0ce33fa482483f9\QC\D02_OSM_Core_RoadNetwork_QC.png,D:\OneDrive\桌面\论文\2027年投稿期刊\论文项目\07_JB医疗可达性_洪水扰动下交通-网络韧性与公平性_SCS_Natural_Hazards\GPT数据\Nature Portfolio_Project\01_前期数据支撑\02_D02_ROAD_NETWORK.zip,extracted,Exact duplicate verified by identical file size and SHA-256 checksum.
b398dec350de5c795e2c5395dbe603c8a0d6a2c16e5d51104d32c07a0ccf2873,3446,4,D:\OneDrive\桌面\论文\2027年投稿期刊\论文项目\07_JB医疗可达性_洪水扰动下交通-网络韧性与公平性_SCS_Natural_Hazards\GPT数据\JB_Flood_Healthcare_Accessibility_Research\03_Nature_Portfolio_Project\Supporting_Information\Data_Tables\D02_OSM_RoadNetwork_QC_Report.txt,D:\OneDrive\桌面\论文\2027年投稿期刊\论文项目\07_JB医疗可达性_洪水扰动下交通-网络韧性与公平性_SCS_Natural_Hazards\GPT数据\Nature Portfolio_Project\01_前期数据支撑\ScientificReports_JB_Flood_Healthcare_Accessibility\qc\D02_OSM_RoadNetwork_QC_Report.txt,D:\OneDrive\桌面\论文\2027年投稿期刊\论文项目\07_JB医疗可达性_洪水扰动下交通-网络韧性与公平性_SCS_Natural_Hazards\GPT数据\Nature Portfolio_Project\01_前期数据支撑\ScientificReports_JB_Flood_Healthcare_Accessibility\qc\D02_OSM_RoadNetwork_QC_Report.txt,original,Exact duplicate verified by identical file size and SHA-256 checksum.
b398dec350de5c795e2c5395dbe603c8a0d6a2c16e5d51104d32c07a0ccf2873,3446,4,D:\OneDrive\桌面\论文\2027年投稿期刊\论文项目\07_JB医疗可达性_洪水扰动下交通-网络韧性与公平性_SCS_Natural_Hazards\GPT数据\JB_Flood_Healthcare_Accessibility_Research\03_Nature_Portfolio_Project\Supporting_Information\Data_Tables\D02_OSM_RoadNetwork_QC_Report.txt,D:\OneDrive\桌面\论文\2027年投稿期刊\论文项目\07_JB医疗可达性_洪水扰动下交通-网络韧性与公平性_SCS_Natural_Hazards\GPT数据\Nature Portfolio_Project\01_前期数据支撑\ScientificReports_JB_Flood_Healthcare_Accessibility\qc\D02_OSM_RoadNetwork_QC_Report__COPY001.txt,D:\OneDrive\桌面\论文\2027年投稿期刊\论文项目\07_JB医疗可达性_洪水扰动下交通-网络韧性与公平性_SCS_Natural_Hazards\GPT数据\Nature Portfolio_Project\01_前期数据支撑\ScientificReports_JB_Flood_Healthcare_Accessibility\qc\D02_OSM_RoadNetwork_QC_Report__COPY001.txt,original,Exact duplicate verified by identical file size and SHA-256 checksum.
b398dec350de5c795e2c5395dbe603c8a0d6a2c16e5d51104d32c07a0ccf2873,3446,4,D:\OneDrive\桌面\论文\2027年投稿期刊\论文项目\07_JB医疗可达性_洪水扰动下交通-网络韧性与公平性_SCS_Natural_Hazards\GPT数据\JB_Flood_Healthcare_Accessibility_Research\03_Nature_Portfolio_Project\Supporting_Information\Data_Tables\D02_OSM_RoadNetwork_QC_Report.txt,D:\OneDrive\桌面\论文\2027年投稿期刊\论文项目\07_JB医疗可达性_洪水扰动下交通-网络韧性与公平性_SCS_Natural_Hazards\GPT数据\_Organization_Working\Archive_Extractions\f0ce33fa482483f9\QC\D02_OSM_RoadNetwork_QC_Report.txt,D:\OneDrive\桌面\论文\2027年投稿期刊\论文项目\07_JB医疗可达性_洪水扰动下交通-网络韧性与公平性_SCS_Natural_Hazards\GPT数据\Nature Portfolio_Project\01_前期数据支撑\02_D02_ROAD_NETWORK.zip,extracted,Exact duplicate verified by identical file size and SHA-256 checksum.
1374d5b9733c1c641a5b56c5eb8802a38ce600801019c9868575b30e22625b62,901864,4,D:\OneDrive\桌面\论文\2027年投稿期刊\论文项目\07_JB医疗可达性_洪水扰动下交通-网络韧性与公平性_SCS_Natural_Hazards\GPT数据\JB_Flood_Healthcare_Accessibility_Research\03_Nature_Portfolio_Project\Figures\Images\D02_OSM_RoutingBuffer_QC.png,D:\OneDrive\桌面\论文\2027年投稿期刊\论文项目\07_JB医疗可达性_洪水扰动下交通-网络韧性与公平性_SCS_Natural_Hazards\GPT数据\Nature Portfolio_Project\01_前期数据支撑\ScientificReports_JB_Flood_Healthcare_Accessibility\qc\D06R\D02_OSM_RoutingBuffer_QC.png,D:\OneDrive\桌面\论文\2027年投稿期刊\论文项目\07_JB医疗可达性_洪水扰动下交通-网络韧性与公平性_SCS_Natural_Hazards\GPT数据\Nature Portfolio_Project\01_前期数据支撑\ScientificReports_JB_Flood_Healthcare_Accessibility\qc\D06R\D02_OSM_RoutingBuffer_QC.png,original,Exact duplicate verified by identical file size and SHA-256 checksum.
1374d5b9733c1c641a5b56c5eb8802a38ce600801019c9868575b30e22625b62,901864,4,D:\OneDrive\桌面\论文\2027年投稿期刊\论文项目\07_JB医疗可达性_洪水扰动下交通-网络韧性与公平性_SCS_Natural_Hazards\GPT数据\JB_Flood_Healthcare_Accessibility_Research\03_Nature_Portfolio_Project\Figures\Images\D02_OSM_RoutingBuffer_QC.png,D:\OneDrive\桌面\论文\2027年投稿期刊\论文项目\07_JB医疗可达性_洪水扰动下交通-网络韧性与公平性_SCS_Natural_Hazards\GPT数据\Nature Portfolio_Project\01_前期数据支撑\ScientificReports_JB_Flood_Healthcare_Accessibility\qc\D06R\D02_OSM_RoutingBuffer_QC__COPY001.png,D:\OneDrive\桌面\论文\2027年投稿期刊\论文项目\07_JB医疗可达性_洪水扰动下交通-网络韧性与公平性_SCS_Natural_Hazards\GPT数据\Nature Portfolio_Project\01_前期数据支撑\ScientificReports_JB_Flood_Healthcare_Accessibility\qc\D06R\D02_OSM_RoutingBuffer_QC__COPY001.png,original,Exact duplicate verified by identical file size and SHA-256 checksum.
1374d5b9733c1c641a5b56c5eb8802a38ce600801019c9868575b30e22625b62,901864,4,D:\OneDrive\桌面\论文\2027年投稿期刊\论文项目\07_JB医疗可达性_洪水扰动下交通-网络韧性与公平性_SCS_Natural_Hazards\GPT数据\JB_Flood_Healthcare_Accessibility_Research\03_Nature_Portfolio_Project\Figures\Images\D02_OSM_RoutingBuffer_QC.png,D:\OneDrive\桌面\论文\2027年投稿期刊\论文项目\07_JB医疗可达性_洪水扰动下交通-网络韧性与公平性_SCS_Natural_Hazards\GPT数据\_Organization_Working\Archive_Extractions\f0ce33fa482483f9\QC\D02_OSM_RoutingBuffer_QC.png,D:\OneDrive\桌面\论文\2027年投稿期刊\论文项目\07_JB医疗可达性_洪水扰动下交通-网络韧性与公平性_SCS_Natural_Hazards\GPT数据\Nature Portfolio_Project\01_前期数据支撑\02_D02_ROAD_NETWORK.zip,extracted,Exact duplicate verified by identical file size and SHA-256 checksum.
c13a18a9bc63da706777577a5d7b608d3f0a1cb12f6e6bfd83c3307b1c6f6b51,4569214,2,D:\OneDrive\桌面\论文\2027年投稿期刊\论文项目\07_JB医疗可达性_洪水扰动下交通-网络韧性与公平性_SCS_Natural_Hazards\GPT数据\JB_Flood_Healthcare_Accessibility_Research\03_Nature_Portfolio_Project\Supporting_Information\Geospatial_Data\JB_OSM_Core_20261003.osm.pbf,D:\OneDrive\桌面\论文\2027年投稿期刊\论文项目\07_JB医疗可达性_洪水扰动下交通-网络韧性与公平性_SCS_Natural_Hazards\GPT数据\_Organization_Working\Archive_Extractions\f0ce33fa482483f9\RAW\JB_OSM_Core_20261003.osm.pbf,D:\OneDrive\桌面\论文\2027年投稿期刊\论文项目\07_JB医疗可达性_洪水扰动下交通-网络韧性与公平性_SCS_Natural_Hazards\GPT数据\Nature Portfolio_Project\01_前期数据支撑\02_D02_ROAD_NETWORK.zip,extracted,Exact duplicate verified by identical file size and SHA-256 checksum.
97573c6b664141f4a99fb08759d3682344acbed70c8dfb426b662b2ac0d83467,14046366,2,D:\OneDrive\桌面\论文\2027年投稿期刊\论文项目\07_JB医疗可达性_洪水扰动下交通-网络韧性与公平性_SCS_Natural_Hazards\GPT数据\JB_Flood_Healthcare_Accessibility_Research\03_Nature_Portfolio_Project\Supporting_Information\Geospatial_Data\JB_OSM_RoutingBuffer10km_20261003.osm.pbf,D:\OneDrive\桌面\论文\2027年投稿期刊\论文项目\07_JB医疗可达性_洪水扰动下交通-网络韧性与公平性_SCS_Natural_Hazards\GPT数据\_Organization_Working\Archive_Extractions\f0ce33fa482483f9\RAW\JB_OSM_RoutingBuffer10km_20261003.osm.pbf,D:\OneDrive\桌面\论文\2027年投稿期刊\论文项目\07_JB医疗可达性_洪水扰动下交通-网络韧性与公平性_SCS_Natural_Hazards\GPT数据\Nature Portfolio_Project\01_前期数据支撑\02_D02_ROAD_NETWORK.zip,extracted,Exact duplicate verified by identical file size and SHA-256 checksum.
33174694771c7bc3b34cf740497a46a371b4acd6bd1e2fdff7e9052a659039df,251629147,3,D:\OneDrive\桌面\论文\2027年投稿期刊\论文项目\07_JB医疗可达性_洪水扰动下交通-网络韧性与公平性_SCS_Natural_Hazards\GPT数据\JB_Flood_Healthcare_Accessibility_Research\04_Figure_Support_Data\Shared_GIS_Assets\Geospatial_Data\malaysia-singapore-brunei-261003.osm.pbf,D:\OneDrive\桌面\论文\2027年投稿期刊\论文项目\07_JB医疗可达性_洪水扰动下交通-网络韧性与公平性_SCS_Natural_Hazards\GPT数据\Nature Portfolio_Project\01_前期数据支撑\02_D02_ROAD_NETWORK\RAW\malaysia-singapore-brunei-261003.osm.pbf,D:\OneDrive\桌面\论文\2027年投稿期刊\论文项目\07_JB医疗可达性_洪水扰动下交通-网络韧性与公平性_SCS_Natural_Hazards\GPT数据\Nature Portfolio_Project\01_前期数据支撑\02_D02_ROAD_NETWORK\RAW\malaysia-singapore-brunei-261003.osm.pbf,original,Exact duplicate verified by identical file size and SHA-256 checksum.
33174694771c7bc3b34cf740497a46a371b4acd6bd1e2fdff7e9052a659039df,251629147,3,D:\OneDrive\桌面\论文\2027年投稿期刊\论文项目\07_JB医疗可达性_洪水扰动下交通-网络韧性与公平性_SCS_Natural_Hazards\GPT数据\JB_Flood_Healthcare_Accessibility_Research\04_Figure_Support_Data\Shared_GIS_Assets\Geospatial_Data\malaysia-singapore-brunei-261003.osm.pbf,D:\OneDrive\桌面\论文\2027年投稿期刊\论文项目\07_JB医疗可达性_洪水扰动下交通-网络韧性与公平性_SCS_Natural_Hazards\GPT数据\_Organization_Working\Archive_Extractions\f0ce33fa482483f9\RAW\malaysia-singapore-brunei-261003.osm.pbf,D:\OneDrive\桌面\论文\2027年投稿期刊\论文项目\07_JB医疗可达性_洪水扰动下交通-网络韧性与公平性_SCS_Natural_Hazards\GPT数据\Nature Portfolio_Project\01_前期数据支撑\02_D02_ROAD_NETWORK.zip,extracted,Exact duplicate verified by identical file size and SHA-256 checksum.
71830853caa9408cd3cc7d87ae5a0df96d43308369c103e8d5aee700c6f6f183,84766720,4,D:\OneDrive\桌面\论文\2027年投稿期刊\论文项目\07_JB医疗可达性_洪水扰动下交通-网络韧性与公平性_SCS_Natural_Hazards\GPT数据\JB_Flood_Healthcare_Accessibility_Research\03_Nature_Portfolio_Project\Supporting_Information\Geospatial_Data\JB_OSM_RoadNetwork_RoutingBuffer10km_RSO.gpkg,D:\OneDrive\桌面\论文\2027年投稿期刊\论文项目\07_JB医疗可达性_洪水扰动下交通-网络韧性与公平性_SCS_Natural_Hazards\GPT数据\Nature Portfolio_Project\01_前期数据支撑\ScientificReports_JB_Flood_Healthcare_Accessibility\gis\baseline\JB_OSM_RoadNetwork_RoutingBuffer10km_RSO.gpkg,D:\OneDrive\桌面\论文\2027年投稿期刊\论文项目\07_JB医疗可达性_洪水扰动下交通-网络韧性与公平性_SCS_Natural_Hazards\GPT数据\Nature Portfolio_Project\01_前期数据支撑\ScientificReports_JB_Flood_Healthcare_Accessibility\gis\baseline\JB_OSM_RoadNetwork_RoutingBuffer10km_RSO.gpkg,original,Exact duplicate verified by identical file size and SHA-256 checksum.
71830853caa9408cd3cc7d87ae5a0df96d43308369c103e8d5aee700c6f6f183,84766720,4,D:\OneDrive\桌面\论文\2027年投稿期刊\论文项目\07_JB医疗可达性_洪水扰动下交通-网络韧性与公平性_SCS_Natural_Hazards\GPT数据\JB_Flood_Healthcare_Accessibility_Research\03_Nature_Portfolio_Project\Supporting_Information\Geospatial_Data\JB_OSM_RoadNetwork_RoutingBuffer10km_RSO.gpkg,D:\OneDrive\桌面\论文\2027年投稿期刊\论文项目\07_JB医疗可达性_洪水扰动下交通-网络韧性与公平性_SCS_Natural_Hazards\GPT数据\Nature Portfolio_Project\01_前期数据支撑\ScientificReports_JB_Flood_Healthcare_Accessibility\gis\baseline\JB_OSM_RoadNetwork_RoutingBuffer10km_RSO__COPY001.gpkg,D:\OneDrive\桌面\论文\2027年投稿期刊\论文项目\07_JB医疗可达性_洪水扰动下交通-网络韧性与公平性_SCS_Natural_Hazards\GPT数据\Nature Portfolio_Project\01_前期数据支撑\ScientificReports_JB_Flood_Healthcare_Accessibility\gis\baseline\JB_OSM_RoadNetwork_RoutingBuffer10km_RSO__COPY001.gpkg,original,Exact duplicate verified by identical file size and SHA-256 checksum.
71830853caa9408cd3cc7d87ae5a0df96d43308369c103e8d5aee700c6f6f183,84766720,4,D:\OneDrive\桌面\论文\2027年投稿期刊\论文项目\07_JB医疗可达性_洪水扰动下交通-网络韧性与公平性_SCS_Natural_Hazards\GPT数据\JB_Flood_Healthcare_Accessibility_Research\03_Nature_Portfolio_Project\Supporting_Information\Geospatial_Data\JB_OSM_RoadNetwork_RoutingBuffer10km_RSO.gpkg,D:\OneDrive\桌面\论文\2027年投稿期刊\论文项目\07_JB医疗可达性_洪水扰动下交通-网络韧性与公平性_SCS_Natural_Hazards\GPT数据\_Organization_Working\Archive_Extractions\f0ce33fa482483f9\ROUTING\JB_OSM_RoadNetwork_RoutingBuffer10km_RSO.gpkg,D:\OneDrive\桌面\论文\2027年投稿期刊\论文项目\07_JB医疗可达性_洪水扰动下交通-网络韧性与公平性_SCS_Natural_Hazards\GPT数据\Nature Portfolio_Project\01_前期数据支撑\02_D02_ROAD_NETWORK.zip,extracted,Exact duplicate verified by identical file size and SHA-256 checksum.
2b29d6e5c579d23afee4e71781036a7907a2ffcf02e8a58bab0c6534687f1add,84819968,4,D:\OneDrive\桌面\论文\2027年投稿期刊\论文项目\07_JB医疗可达性_洪水扰动下交通-网络韧性与公平性_SCS_Natural_Hazards\GPT数据\JB_Flood_Healthcare_Accessibility_Research\03_Nature_Portfolio_Project\Supporting_Information\Geospatial_Data\JB_OSM_RoadNetwork_RoutingBuffer10km_WGS84.gpkg,D:\OneDrive\桌面\论文\2027年投稿期刊\论文项目\07_JB医疗可达性_洪水扰动下交通-网络韧性与公平性_SCS_Natural_Hazards\GPT数据\Nature Portfolio_Project\01_前期数据支撑\ScientificReports_JB_Flood_Healthcare_Accessibility\gis\baseline\JB_OSM_RoadNetwork_RoutingBuffer10km_WGS84.gpkg,D:\OneDrive\桌面\论文\2027年投稿期刊\论文项目\07_JB医疗可达性_洪水扰动下交通-网络韧性与公平性_SCS_Natural_Hazards\GPT数据\Nature Portfolio_Project\01_前期数据支撑\ScientificReports_JB_Flood_Healthcare_Accessibility\gis\baseline\JB_OSM_RoadNetwork_RoutingBuffer10km_WGS84.gpkg,original,Exact duplicate verified by identical file size and SHA-256 checksum.
2b29d6e5c579d23afee4e71781036a7907a2ffcf02e8a58bab0c6534687f1add,84819968,4,D:\OneDrive\桌面\论文\2027年投稿期刊\论文项目\07_JB医疗可达性_洪水扰动下交通-网络韧性与公平性_SCS_Natural_Hazards\GPT数据\JB_Flood_Healthcare_Accessibility_Research\03_Nature_Portfolio_Project\Supporting_Information\Geospatial_Data\JB_OSM_RoadNetwork_RoutingBuffer10km_WGS84.gpkg,D:\OneDrive\桌面\论文\2027年投稿期刊\论文项目\07_JB医疗可达性_洪水扰动下交通-网络韧性与公平性_SCS_Natural_Hazards\GPT数据\Nature Portfolio_Project\01_前期数据支撑\ScientificReports_JB_Flood_Healthcare_Accessibility\gis\baseline\JB_OSM_RoadNetwork_RoutingBuffer10km_WGS84__COPY001.gpkg,D:\OneDrive\桌面\论文\2027年投稿期刊\论文项目\07_JB医疗可达性_洪水扰动下交通-网络韧性与公平性_SCS_Natural_Hazards\GPT数据\Nature Portfolio_Project\01_前期数据支撑\ScientificReports_JB_Flood_Healthcare_Accessibility\gis\baseline\JB_OSM_RoadNetwork_RoutingBuffer10km_WGS84__COPY001.gpkg,original,Exact duplicate verified by identical file size and SHA-256 checksum.
2b29d6e5c579d23afee4e71781036a7907a2ffcf02e8a58bab0c6534687f1add,84819968,4,D:\OneDrive\桌面\论文\2027年投稿期刊\论文项目\07_JB医疗可达性_洪水扰动下交通-网络韧性与公平性_SCS_Natural_Hazards\GPT数据\JB_Flood_Healthcare_Accessibility_Research\03_Nature_Portfolio_Project\Supporting_Information\Geospatial_Data\JB_OSM_RoadNetwork_RoutingBuffer10km_WGS84.gpkg,D:\OneDrive\桌面\论文\2027年投稿期刊\论文项目\07_JB医疗可达性_洪水扰动下交通-网络韧性与公平性_SCS_Natural_Hazards\GPT数据\_Organization_Working\Archive_Extractions\f0ce33fa482483f9\ROUTING\JB_OSM_RoadNetwork_RoutingBuffer10km_WGS84.gpkg,D:\OneDrive\桌面\论文\2027年投稿期刊\论文项目\07_JB医疗可达性_洪水扰动下交通-网络韧性与公平性_SCS_Natural_Hazards\GPT数据\Nature Portfolio_Project\01_前期数据支撑\02_D02_ROAD_NETWORK.zip,extracted,Exact duplicate verified by identical file size and SHA-256 checksum.
fd3a93d70d52a0024a63cb8fe328244ce0f33ad2bde7b92a58a738e490eca238,18740,2,D:\OneDrive\桌面\论文\2027年投稿期刊\论文项目\07_JB医疗可达性_洪水扰动下交通-网络韧性与公平性_SCS_Natural_Hazards\GPT数据\JB_Flood_Healthcare_Accessibility_Research\03_Nature_Portfolio_Project\Submission_Materials\Data_Tables\D03C2_Terrain_Coverage_Issues.csv,D:\OneDrive\桌面\论文\2027年投稿期刊\论文项目\07_JB医疗可达性_洪水扰动下交通-网络韧性与公平性_SCS_Natural_Hazards\GPT数据\Nature Portfolio_Project\01_前期数据支撑\ScientificReports_JB_Flood_Healthcare_Accessibility\data\terrain\D03C2_Terrain_Coverage_Issues.csv,D:\OneDrive\桌面\论文\2027年投稿期刊\论文项目\07_JB医疗可达性_洪水扰动下交通-网络韧性与公平性_SCS_Natural_Hazards\GPT数据\Nature Portfolio_Project\01_前期数据支撑\ScientificReports_JB_Flood_Healthcare_Accessibility\data\terrain\D03C2_Terrain_Coverage_Issues.csv,original,Exact duplicate verified by identical file size and SHA-256 checksum.
c5be2bd8500968943c51cda65f7046b60c1b16cfed4affabc00d644bbf3a29de,31878,4,D:\OneDrive\桌面\论文\2027年投稿期刊\论文项目\07_JB医疗可达性_洪水扰动下交通-网络韧性与公平性_SCS_Natural_Hazards\GPT数据\JB_Flood_Healthcare_Accessibility_Research\03_Nature_Portfolio_Project\Figures\Geospatial_Data\JB_Terrain_LowLyingCandidate_Strict_RSO.tif,D:\OneDrive\桌面\论文\2027年投稿期刊\论文项目\07_JB医疗可达性_洪水扰动下交通-网络韧性与公平性_SCS_Natural_Hazards\GPT数据\Nature Portfolio_Project\01_前期数据支撑\ScientificReports_JB_Flood_Healthcare_Accessibility\gis\JB_Terrain_LowLyingCandidate_Strict_RSO.tif,D:\OneDrive\桌面\论文\2027年投稿期刊\论文项目\07_JB医疗可达性_洪水扰动下交通-网络韧性与公平性_SCS_Natural_Hazards\GPT数据\Nature Portfolio_Project\01_前期数据支撑\ScientificReports_JB_Flood_Healthcare_Accessibility\gis\JB_Terrain_LowLyingCandidate_Strict_RSO.tif,original,Exact duplicate verified by identical file size and SHA-256 checksum.
c5be2bd8500968943c51cda65f7046b60c1b16cfed4affabc00d644bbf3a29de,31878,4,D:\OneDrive\桌面\论文\2027年投稿期刊\论文项目\07_JB医疗可达性_洪水扰动下交通-网络韧性与公平性_SCS_Natural_Hazards\GPT数据\JB_Flood_Healthcare_Accessibility_Research\03_Nature_Portfolio_Project\Figures\Geospatial_Data\JB_Terrain_LowLyingCandidate_Strict_RSO.tif,D:\OneDrive\桌面\论文\2027年投稿期刊\论文项目\07_JB医疗可达性_洪水扰动下交通-网络韧性与公平性_SCS_Natural_Hazards\GPT数据\_Organization_Working\Archive_Extractions\fe5520d767139c3a\02_GIS\JB_Terrain_LowLyingCandidate_Strict_RSO.tif,D:\OneDrive\桌面\论文\2027年投稿期刊\论文项目\07_JB医疗可达性_洪水扰动下交通-网络韧性与公平性_SCS_Natural_Hazards\GPT数据\Nature Portfolio_Project\01_前期数据支撑\08_D08_ACCESSIBILITY_IMPACT\PACKAGES\D08_Sensitivity_and_FloodSusceptibility_GIS_v1.0.zip,extracted,Exact duplicate verified by identical file size and SHA-256 checksum.
c5be2bd8500968943c51cda65f7046b60c1b16cfed4affabc00d644bbf3a29de,31878,4,D:\OneDrive\桌面\论文\2027年投稿期刊\论文项目\07_JB医疗可达性_洪水扰动下交通-网络韧性与公平性_SCS_Natural_Hazards\GPT数据\JB_Flood_Healthcare_Accessibility_Research\03_Nature_Portfolio_Project\Figures\Geospatial_Data\JB_Terrain_LowLyingCandidate_Strict_RSO.tif,D:\OneDrive\桌面\论文\2027年投稿期刊\论文项目\07_JB医疗可达性_洪水扰动下交通-网络韧性与公平性_SCS_Natural_Hazards\GPT数据\_Organization_Working\Archive_Extractions\4dbd48db7332047e\PROCESSED\RSO\JB_Terrain_LowLyingCandidate_Strict_RSO.tif,D:\OneDrive\桌面\论文\2027年投稿期刊\论文项目\07_JB医疗可达性_洪水扰动下交通-网络韧性与公平性_SCS_Natural_Hazards\GPT数据\Nature Portfolio_Project\01_前期数据支撑\03_D03_TERRAIN\PACKAGES\D03C1_Terrain_Derivatives_Final.zip,extracted,Exact duplicate verified by identical file size and SHA-256 checksum.
98908c5019cfb03d50a6530ca4830c04df0ed5618243f1c421f2fe84d3afa087,1532,3,D:\OneDrive\桌面\论文\2027年投稿期刊\论文项目\07_JB医疗可达性_洪水扰动下交通-网络韧性与公平性_SCS_Natural_Hazards\GPT数据\JB_Flood_Healthcare_Accessibility_Research\03_Nature_Portfolio_Project\Supporting_Information\Data_Tables\D03C1_Terrain_Derivatives_QC_Report.txt,D:\OneDrive\桌面\论文\2027年投稿期刊\论文项目\07_JB医疗可达性_洪水扰动下交通-网络韧性与公平性_SCS_Natural_Hazards\GPT数据\Nature Portfolio_Project\01_前期数据支撑\ScientificReports_JB_Flood_Healthcare_Accessibility\qc\D03C1_Terrain_Derivatives_QC_Report.txt,D:\OneDrive\桌面\论文\2027年投稿期刊\论文项目\07_JB医疗可达性_洪水扰动下交通-网络韧性与公平性_SCS_Natural_Hazards\GPT数据\Nature Portfolio_Project\01_前期数据支撑\ScientificReports_JB_Flood_Healthcare_Accessibility\qc\D03C1_Terrain_Derivatives_QC_Report.txt,original,Exact duplicate verified by identical file size and SHA-256 checksum.
98908c5019cfb03d50a6530ca4830c04df0ed5618243f1c421f2fe84d3afa087,1532,3,D:\OneDrive\桌面\论文\2027年投稿期刊\论文项目\07_JB医疗可达性_洪水扰动下交通-网络韧性与公平性_SCS_Natural_Hazards\GPT数据\JB_Flood_Healthcare_Accessibility_Research\03_Nature_Portfolio_Project\Supporting_Information\Data_Tables\D03C1_Terrain_Derivatives_QC_Report.txt,D:\OneDrive\桌面\论文\2027年投稿期刊\论文项目\07_JB医疗可达性_洪水扰动下交通-网络韧性与公平性_SCS_Natural_Hazards\GPT数据\_Organization_Working\Archive_Extractions\4dbd48db7332047e\VALIDATION\D03C1_Terrain_Derivatives_QC_Report.txt,D:\OneDrive\桌面\论文\2027年投稿期刊\论文项目\07_JB医疗可达性_洪水扰动下交通-网络韧性与公平性_SCS_Natural_Hazards\GPT数据\Nature Portfolio_Project\01_前期数据支撑\03_D03_TERRAIN\PACKAGES\D03C1_Terrain_Derivatives_Final.zip,extracted,Exact duplicate verified by identical file size and SHA-256 checksum.
4dfb90fc0f10dc1d2bbc3f0ac2cc85fb4d1795e2485469a805fd941a12a9701b,3324,2,D:\OneDrive\桌面\论文\2027年投稿期刊\论文项目\07_JB医疗可达性_洪水扰动下交通-网络韧性与公平性_SCS_Natural_Hazards\GPT数据\JB_Flood_Healthcare_Accessibility_Research\03_Nature_Portfolio_Project\Supporting_Information\Data_Tables\D03C2_Road_Elevation_QC_Report.txt,D:\OneDrive\桌面\论文\2027年投稿期刊\论文项目\07_JB医疗可达性_洪水扰动下交通-网络韧性与公平性_SCS_Natural_Hazards\GPT数据\Nature Portfolio_Project\01_前期数据支撑\ScientificReports_JB_Flood_Healthcare_Accessibility\qc\D03C2_Road_Elevation_QC_Report.txt,D:\OneDrive\桌面\论文\2027年投稿期刊\论文项目\07_JB医疗可达性_洪水扰动下交通-网络韧性与公平性_SCS_Natural_Hazards\GPT数据\Nature Portfolio_Project\01_前期数据支撑\ScientificReports_JB_Flood_Healthcare_Accessibility\qc\D03C2_Road_Elevation_QC_Report.txt,original,Exact duplicate verified by identical file size and SHA-256 checksum.
35e9e46fd5eb5bbe6da34c95e866e0d351d832b2da51948b8462529a03681134,2960,3,D:\OneDrive\桌面\论文\2027年投稿期刊\论文项目\07_JB医疗可达性_洪水扰动下交通-网络韧性与公平性_SCS_Natural_Hazards\GPT数据\JB_Flood_Healthcare_Accessibility_Research\03_Nature_Portfolio_Project\Supporting_Information\Data_Tables\D03_Copernicus_GLO30_QC_Report.txt,D:\OneDrive\桌面\论文\2027年投稿期刊\论文项目\07_JB医疗可达性_洪水扰动下交通-网络韧性与公平性_SCS_Natural_Hazards\GPT数据\Nature Portfolio_Project\01_前期数据支撑\ScientificReports_JB_Flood_Healthcare_Accessibility\qc\D03_Copernicus_GLO30_QC_Report.txt,D:\OneDrive\桌面\论文\2027年投稿期刊\论文项目\07_JB医疗可达性_洪水扰动下交通-网络韧性与公平性_SCS_Natural_Hazards\GPT数据\Nature Portfolio_Project\01_前期数据支撑\ScientificReports_JB_Flood_Healthcare_Accessibility\qc\D03_Copernicus_GLO30_QC_Report.txt,original,Exact duplicate verified by identical file size and SHA-256 checksum.
35e9e46fd5eb5bbe6da34c95e866e0d351d832b2da51948b8462529a03681134,2960,3,D:\OneDrive\桌面\论文\2027年投稿期刊\论文项目\07_JB医疗可达性_洪水扰动下交通-网络韧性与公平性_SCS_Natural_Hazards\GPT数据\JB_Flood_Healthcare_Accessibility_Research\03_Nature_Portfolio_Project\Supporting_Information\Data_Tables\D03_Copernicus_GLO30_QC_Report.txt,D:\OneDrive\桌面\论文\2027年投稿期刊\论文项目\07_JB医疗可达性_洪水扰动下交通-网络韧性与公平性_SCS_Natural_Hazards\GPT数据\_Organization_Working\Archive_Extractions\bcb777c69134b6fa\VALIDATION\D03_Copernicus_GLO30_QC_Report.txt,D:\OneDrive\桌面\论文\2027年投稿期刊\论文项目\07_JB医疗可达性_洪水扰动下交通-网络韧性与公平性_SCS_Natural_Hazards\GPT数据\Nature Portfolio_Project\01_前期数据支撑\03_D03_TERRAIN\PACKAGES\D03_Copernicus_GLO30_Final.zip,extracted,Exact duplicate verified by identical file size and SHA-256 checksum.
a1aa5e218d59eb4843bfb7e6db242bfc6ac62d4ba546ad58cfc0e87cb834395f,3467055,2,D:\OneDrive\桌面\论文\2027年投稿期刊\论文项目\07_JB医疗可达性_洪水扰动下交通-网络韧性与公平性_SCS_Natural_Hazards\GPT数据\JB_Flood_Healthcare_Accessibility_Research\03_Nature_Portfolio_Project\Figures\Geospatial_Data\JB_Copernicus_GLO30_Core_RSO.tif,D:\OneDrive\桌面\论文\2027年投稿期刊\论文项目\07_JB医疗可达性_洪水扰动下交通-网络韧性与公平性_SCS_Natural_Hazards\GPT数据\_Organization_Working\Archive_Extractions\bcb777c69134b6fa\PROCESSED\CORE\JB_Copernicus_GLO30_Core_RSO.tif,D:\OneDrive\桌面\论文\2027年投稿期刊\论文项目\07_JB医疗可达性_洪水扰动下交通-网络韧性与公平性_SCS_Natural_Hazards\GPT数据\Nature Portfolio_Project\01_前期数据支撑\03_D03_TERRAIN\PACKAGES\D03_Copernicus_GLO30_Final.zip,extracted,Exact duplicate verified by identical file size and SHA-256 checksum.
d0f60ec4d50661ead976b1c1a33b85ebffbaa8e28d392dabced9215b599ae669,3294780,2,D:\OneDrive\桌面\论文\2027年投稿期刊\论文项目\07_JB医疗可达性_洪水扰动下交通-网络韧性与公平性_SCS_Natural_Hazards\GPT数据\JB_Flood_Healthcare_Accessibility_Research\03_Nature_Portfolio_Project\Figures\Geospatial_Data\JB_Copernicus_GLO30_Core_WGS84.tif,D:\OneDrive\桌面\论文\2027年投稿期刊\论文项目\07_JB医疗可达性_洪水扰动下交通-网络韧性与公平性_SCS_Natural_Hazards\GPT数据\_Organization_Working\Archive_Extractions\bcb777c69134b6fa\PROCESSED\CORE\JB_Copernicus_GLO30_Core_WGS84.tif,D:\OneDrive\桌面\论文\2027年投稿期刊\论文项目\07_JB医疗可达性_洪水扰动下交通-网络韧性与公平性_SCS_Natural_Hazards\GPT数据\Nature Portfolio_Project\01_前期数据支撑\03_D03_TERRAIN\PACKAGES\D03_Copernicus_GLO30_Final.zip,extracted,Exact duplicate verified by identical file size and SHA-256 checksum.
d7cff99051338c42b4b4373a526736ae12374389e08fb6b84766d7e1e182e7bb,3823418,3,D:\OneDrive\桌面\论文\2027年投稿期刊\论文项目\07_JB医疗可达性_洪水扰动下交通-网络韧性与公平性_SCS_Natural_Hazards\GPT数据\JB_Flood_Healthcare_Accessibility_Research\03_Nature_Portfolio_Project\Figures\Geospatial_Data\JB_Terrain_RelativeElevation_500m_RSO.tif,D:\OneDrive\桌面\论文\2027年投稿期刊\论文项目\07_JB医疗可达性_洪水扰动下交通-网络韧性与公平性_SCS_Natural_Hazards\GPT数据\Nature Portfolio_Project\01_前期数据支撑\ScientificReports_JB_Flood_Healthcare_Accessibility\gis\JB_Terrain_RelativeElevation_500m_RSO.tif,D:\OneDrive\桌面\论文\2027年投稿期刊\论文项目\07_JB医疗可达性_洪水扰动下交通-网络韧性与公平性_SCS_Natural_Hazards\GPT数据\Nature Portfolio_Project\01_前期数据支撑\ScientificReports_JB_Flood_Healthcare_Accessibility\gis\JB_Terrain_RelativeElevation_500m_RSO.tif,original,Exact duplicate verified by identical file size and SHA-256 checksum.
d7cff99051338c42b4b4373a526736ae12374389e08fb6b84766d7e1e182e7bb,3823418,3,D:\OneDrive\桌面\论文\2027年投稿期刊\论文项目\07_JB医疗可达性_洪水扰动下交通-网络韧性与公平性_SCS_Natural_Hazards\GPT数据\JB_Flood_Healthcare_Accessibility_Research\03_Nature_Portfolio_Project\Figures\Geospatial_Data\JB_Terrain_RelativeElevation_500m_RSO.tif,D:\OneDrive\桌面\论文\2027年投稿期刊\论文项目\07_JB医疗可达性_洪水扰动下交通-网络韧性与公平性_SCS_Natural_Hazards\GPT数据\_Organization_Working\Archive_Extractions\4dbd48db7332047e\PROCESSED\RSO\JB_Terrain_RelativeElevation_500m_RSO.tif,D:\OneDrive\桌面\论文\2027年投稿期刊\论文项目\07_JB医疗可达性_洪水扰动下交通-网络韧性与公平性_SCS_Natural_Hazards\GPT数据\Nature Portfolio_Project\01_前期数据支撑\03_D03_TERRAIN\PACKAGES\D03C1_Terrain_Derivatives_Final.zip,extracted,Exact duplicate verified by identical file size and SHA-256 checksum.
0d8baae7b23d10b4ac325bad205af17f266059b11ba17064cc1ced312194f04b,26935634,2,D:\OneDrive\桌面\论文\2027年投稿期刊\论文项目\07_JB医疗可达性_洪水扰动下交通-网络韧性与公平性_SCS_Natural_Hazards\GPT数据\JB_Flood_Healthcare_Accessibility_Research\03_Nature_Portfolio_Project\Supporting_Information\Data_Tables\D03C2_Road_Terrain_Metrics.csv,D:\OneDrive\桌面\论文\2027年投稿期刊\论文项目\07_JB医疗可达性_洪水扰动下交通-网络韧性与公平性_SCS_Natural_Hazards\GPT数据\Nature Portfolio_Project\01_前期数据支撑\ScientificReports_JB_Flood_Healthcare_Accessibility\data\terrain\D03C2_Road_Terrain_Metrics.csv,D:\OneDrive\桌面\论文\2027年投稿期刊\论文项目\07_JB医疗可达性_洪水扰动下交通-网络韧性与公平性_SCS_Natural_Hazards\GPT数据\Nature Portfolio_Project\01_前期数据支撑\ScientificReports_JB_Flood_Healthcare_Accessibility\data\terrain\D03C2_Road_Terrain_Metrics.csv,original,Exact duplicate verified by identical file size and SHA-256 checksum.
c80ad83eab06075435e29f9a269c338d3ad26587066577526aca4cba47a681cd,46456832,2,D:\OneDrive\桌面\论文\2027年投稿期刊\论文项目\07_JB医疗可达性_洪水扰动下交通-网络韧性与公平性_SCS_Natural_Hazards\GPT数据\JB_Flood_Healthcare_Accessibility_Research\03_Nature_Portfolio_Project\Supporting_Information\Geospatial_Data\JB_OSM_RoadNetwork_Core_Terrain_RSO.gpkg,D:\OneDrive\桌面\论文\2027年投稿期刊\论文项目\07_JB医疗可达性_洪水扰动下交通-网络韧性与公平性_SCS_Natural_Hazards\GPT数据\Nature Portfolio_Project\01_前期数据支撑\ScientificReports_JB_Flood_Healthcare_Accessibility\gis\JB_OSM_RoadNetwork_Core_Terrain_RSO.gpkg,D:\OneDrive\桌面\论文\2027年投稿期刊\论文项目\07_JB医疗可达性_洪水扰动下交通-网络韧性与公平性_SCS_Natural_Hazards\GPT数据\Nature Portfolio_Project\01_前期数据支撑\ScientificReports_JB_Flood_Healthcare_Accessibility\gis\JB_OSM_RoadNetwork_Core_Terrain_RSO.gpkg,original,Exact duplicate verified by identical file size and SHA-256 checksum.
11b8751c0ce9d74eaebc22eef7db3b0fbc5008c2a5fb8c9e1d3a1e1a0f06ecf0,46522368,2,D:\OneDrive\桌面\论文\2027年投稿期刊\论文项目\07_JB医疗可达性_洪水扰动下交通-网络韧性与公平性_SCS_Natural_Hazards\GPT数据\JB_Flood_Healthcare_Accessibility_Research\03_Nature_Portfolio_Project\Supporting_Information\Geospatial_Data\JB_OSM_RoadNetwork_Core_Terrain_WGS84.gpkg,D:\OneDrive\桌面\论文\2027年投稿期刊\论文项目\07_JB医疗可达性_洪水扰动下交通-网络韧性与公平性_SCS_Natural_Hazards\GPT数据\Nature Portfolio_Project\01_前期数据支撑\ScientificReports_JB_Flood_Healthcare_Accessibility\gis\JB_OSM_RoadNetwork_Core_Terrain_WGS84.gpkg,D:\OneDrive\桌面\论文\2027年投稿期刊\论文项目\07_JB医疗可达性_洪水扰动下交通-网络韧性与公平性_SCS_Natural_Hazards\GPT数据\Nature Portfolio_Project\01_前期数据支撑\ScientificReports_JB_Flood_Healthcare_Accessibility\gis\JB_OSM_RoadNetwork_Core_Terrain_WGS84.gpkg,original,Exact duplicate verified by identical file size and SHA-256 checksum.
0bd00a66bcc84459bd602c7dfdc222fec4bc2e415d1838a1c6aa2ddec2659097,3785897,3,D:\OneDrive\桌面\论文\2027年投稿期刊\论文项目\07_JB医疗可达性_洪水扰动下交通-网络韧性与公平性_SCS_Natural_Hazards\GPT数据\JB_Flood_Healthcare_Accessibility_Research\03_Nature_Portfolio_Project\Figures\Geospatial_Data\JB_Terrain_Slope_Degree_RSO.tif,D:\OneDrive\桌面\论文\2027年投稿期刊\论文项目\07_JB医疗可达性_洪水扰动下交通-网络韧性与公平性_SCS_Natural_Hazards\GPT数据\Nature Portfolio_Project\01_前期数据支撑\ScientificReports_JB_Flood_Healthcare_Accessibility\gis\JB_Terrain_Slope_Degree_RSO.tif,D:\OneDrive\桌面\论文\2027年投稿期刊\论文项目\07_JB医疗可达性_洪水扰动下交通-网络韧性与公平性_SCS_Natural_Hazards\GPT数据\Nature Portfolio_Project\01_前期数据支撑\ScientificReports_JB_Flood_Healthcare_Accessibility\gis\JB_Terrain_Slope_Degree_RSO.tif,original,Exact duplicate verified by identical file size and SHA-256 checksum.
0bd00a66bcc84459bd602c7dfdc222fec4bc2e415d1838a1c6aa2ddec2659097,3785897,3,D:\OneDrive\桌面\论文\2027年投稿期刊\论文项目\07_JB医疗可达性_洪水扰动下交通-网络韧性与公平性_SCS_Natural_Hazards\GPT数据\JB_Flood_Healthcare_Accessibility_Research\03_Nature_Portfolio_Project\Figures\Geospatial_Data\JB_Terrain_Slope_Degree_RSO.tif,D:\OneDrive\桌面\论文\2027年投稿期刊\论文项目\07_JB医疗可达性_洪水扰动下交通-网络韧性与公平性_SCS_Natural_Hazards\GPT数据\_Organization_Working\Archive_Extractions\4dbd48db7332047e\PROCESSED\RSO\JB_Terrain_Slope_Degree_RSO.tif,D:\OneDrive\桌面\论文\2027年投稿期刊\论文项目\07_JB医疗可达性_洪水扰动下交通-网络韧性与公平性_SCS_Natural_Hazards\GPT数据\Nature Portfolio_Project\01_前期数据支撑\03_D03_TERRAIN\PACKAGES\D03C1_Terrain_Derivatives_Final.zip,extracted,Exact duplicate verified by identical file size and SHA-256 checksum.
c0cc89bfe1c3d46c33e270318cacf01f7c83b97224d387cc8d37c57ef2854a82,27155,4,D:\OneDrive\桌面\论文\2027年投稿期刊\论文项目\07_JB医疗可达性_洪水扰动下交通-网络韧性与公平性_SCS_Natural_Hazards\GPT数据\JB_Flood_Healthcare_Accessibility_Research\03_Nature_Portfolio_Project\Supporting_Information\Data_Tables\D04C_Healthcare_Master.csv,D:\OneDrive\桌面\论文\2027年投稿期刊\论文项目\07_JB医疗可达性_洪水扰动下交通-网络韧性与公平性_SCS_Natural_Hazards\GPT数据\Nature Portfolio_Project\01_前期数据支撑\ScientificReports_JB_Flood_Healthcare_Accessibility\data\healthcare\D04C_Healthcare_Master.csv,D:\OneDrive\桌面\论文\2027年投稿期刊\论文项目\07_JB医疗可达性_洪水扰动下交通-网络韧性与公平性_SCS_Natural_Hazards\GPT数据\Nature Portfolio_Project\01_前期数据支撑\ScientificReports_JB_Flood_Healthcare_Accessibility\data\healthcare\D04C_Healthcare_Master.csv,original,Exact duplicate verified by identical file size and SHA-256 checksum.
c0cc89bfe1c3d46c33e270318cacf01f7c83b97224d387cc8d37c57ef2854a82,27155,4,D:\OneDrive\桌面\论文\2027年投稿期刊\论文项目\07_JB医疗可达性_洪水扰动下交通-网络韧性与公平性_SCS_Natural_Hazards\GPT数据\JB_Flood_Healthcare_Accessibility_Research\03_Nature_Portfolio_Project\Supporting_Information\Data_Tables\D04C_Healthcare_Master.csv,D:\OneDrive\桌面\论文\2027年投稿期刊\论文项目\07_JB医疗可达性_洪水扰动下交通-网络韧性与公平性_SCS_Natural_Hazards\GPT数据\_Organization_Working\Archive_Extractions\26ead2f8843a1191\MASTER\D04C_Healthcare_Master.csv,D:\OneDrive\桌面\论文\2027年投稿期刊\论文项目\07_JB医疗可达性_洪水扰动下交通-网络韧性与公平性_SCS_Natural_Hazards\GPT数据\Nature Portfolio_Project\01_前期数据支撑\04_D04_HEALTHCARE.zip,extracted,Exact duplicate verified by identical file size and SHA-256 checksum.
c0cc89bfe1c3d46c33e270318cacf01f7c83b97224d387cc8d37c57ef2854a82,27155,4,D:\OneDrive\桌面\论文\2027年投稿期刊\论文项目\07_JB医疗可达性_洪水扰动下交通-网络韧性与公平性_SCS_Natural_Hazards\GPT数据\JB_Flood_Healthcare_Accessibility_Research\03_Nature_Portfolio_Project\Supporting_Information\Data_Tables\D04C_Healthcare_Master.csv,D:\OneDrive\桌面\论文\2027年投稿期刊\论文项目\07_JB医疗可达性_洪水扰动下交通-网络韧性与公平性_SCS_Natural_Hazards\GPT数据\_Organization_Working\Archive_Extractions\375eea5b7088f36b\PROCESSED\D04C_Healthcare_Master.csv,D:\OneDrive\桌面\论文\2027年投稿期刊\论文项目\07_JB医疗可达性_洪水扰动下交通-网络韧性与公平性_SCS_Natural_Hazards\GPT数据\Nature Portfolio_Project\01_前期数据支撑\04_D04_HEALTHCARE\PACKAGES\D04C_Healthcare_Master_Access_Snapping.zip,extracted,Exact duplicate verified by identical file size and SHA-256 checksum.
38a783db9943152904d778d78dae4e5577ff9f3e044ab87df9bbe2607acca7a4,409600,4,D:\OneDrive\桌面\论文\2027年投稿期刊\论文项目\07_JB医疗可达性_洪水扰动下交通-网络韧性与公平性_SCS_Natural_Hazards\GPT数据\JB_Flood_Healthcare_Accessibility_Research\03_Nature_Portfolio_Project\Supporting_Information\Geospatial_Data\JB_Healthcare_Master_D04C_RSO.gpkg,D:\OneDrive\桌面\论文\2027年投稿期刊\论文项目\07_JB医疗可达性_洪水扰动下交通-网络韧性与公平性_SCS_Natural_Hazards\GPT数据\Nature Portfolio_Project\01_前期数据支撑\ScientificReports_JB_Flood_Healthcare_Accessibility\gis\JB_Healthcare_Master_D04C_RSO.gpkg,D:\OneDrive\桌面\论文\2027年投稿期刊\论文项目\07_JB医疗可达性_洪水扰动下交通-网络韧性与公平性_SCS_Natural_Hazards\GPT数据\Nature Portfolio_Project\01_前期数据支撑\ScientificReports_JB_Flood_Healthcare_Accessibility\gis\JB_Healthcare_Master_D04C_RSO.gpkg,original,Exact duplicate verified by identical file size and SHA-256 checksum.
38a783db9943152904d778d78dae4e5577ff9f3e044ab87df9bbe2607acca7a4,409600,4,D:\OneDrive\桌面\论文\2027年投稿期刊\论文项目\07_JB医疗可达性_洪水扰动下交通-网络韧性与公平性_SCS_Natural_Hazards\GPT数据\JB_Flood_Healthcare_Accessibility_Research\03_Nature_Portfolio_Project\Supporting_Information\Geospatial_Data\JB_Healthcare_Master_D04C_RSO.gpkg,D:\OneDrive\桌面\论文\2027年投稿期刊\论文项目\07_JB医疗可达性_洪水扰动下交通-网络韧性与公平性_SCS_Natural_Hazards\GPT数据\_Organization_Working\Archive_Extractions\26ead2f8843a1191\MASTER\JB_Healthcare_Master_D04C_RSO.gpkg,D:\OneDrive\桌面\论文\2027年投稿期刊\论文项目\07_JB医疗可达性_洪水扰动下交通-网络韧性与公平性_SCS_Natural_Hazards\GPT数据\Nature Portfolio_Project\01_前期数据支撑\04_D04_HEALTHCARE.zip,extracted,Exact duplicate verified by identical file size and SHA-256 checksum.
38a783db9943152904d778d78dae4e5577ff9f3e044ab87df9bbe2607acca7a4,409600,4,D:\OneDrive\桌面\论文\2027年投稿期刊\论文项目\07_JB医疗可达性_洪水扰动下交通-网络韧性与公平性_SCS_Natural_Hazards\GPT数据\JB_Flood_Healthcare_Accessibility_Research\03_Nature_Portfolio_Project\Supporting_Information\Geospatial_Data\JB_Healthcare_Master_D04C_RSO.gpkg,D:\OneDrive\桌面\论文\2027年投稿期刊\论文项目\07_JB医疗可达性_洪水扰动下交通-网络韧性与公平性_SCS_Natural_Hazards\GPT数据\_Organization_Working\Archive_Extractions\375eea5b7088f36b\PROCESSED\JB_Healthcare_Master_D04C_RSO.gpkg,D:\OneDrive\桌面\论文\2027年投稿期刊\论文项目\07_JB医疗可达性_洪水扰动下交通-网络韧性与公平性_SCS_Natural_Hazards\GPT数据\Nature Portfolio_Project\01_前期数据支撑\04_D04_HEALTHCARE\PACKAGES\D04C_Healthcare_Master_Access_Snapping.zip,extracted,Exact duplicate verified by identical file size and SHA-256 checksum.
b436fb0e41bca01ccc7f1a2fd51fad7844c810a678a8f12c9411d866f11cdecc,409600,4,D:\OneDrive\桌面\论文\2027年投稿期刊\论文项目\07_JB医疗可达性_洪水扰动下交通-网络韧性与公平性_SCS_Natural_Hazards\GPT数据\JB_Flood_Healthcare_Accessibility_Research\03_Nature_Portfolio_Project\Supporting_Information\Geospatial_Data\JB_Healthcare_Master_D04C_WGS84.gpkg,D:\OneDrive\桌面\论文\2027年投稿期刊\论文项目\07_JB医疗可达性_洪水扰动下交通-网络韧性与公平性_SCS_Natural_Hazards\GPT数据\Nature Portfolio_Project\01_前期数据支撑\ScientificReports_JB_Flood_Healthcare_Accessibility\gis\JB_Healthcare_Master_D04C_WGS84.gpkg,D:\OneDrive\桌面\论文\2027年投稿期刊\论文项目\07_JB医疗可达性_洪水扰动下交通-网络韧性与公平性_SCS_Natural_Hazards\GPT数据\Nature Portfolio_Project\01_前期数据支撑\ScientificReports_JB_Flood_Healthcare_Accessibility\gis\JB_Healthcare_Master_D04C_WGS84.gpkg,original,Exact duplicate verified by identical file size and SHA-256 checksum.
b436fb0e41bca01ccc7f1a2fd51fad7844c810a678a8f12c9411d866f11cdecc,409600,4,D:\OneDrive\桌面\论文\2027年投稿期刊\论文项目\07_JB医疗可达性_洪水扰动下交通-网络韧性与公平性_SCS_Natural_Hazards\GPT数据\JB_Flood_Healthcare_Accessibility_Research\03_Nature_Portfolio_Project\Supporting_Information\Geospatial_Data\JB_Healthcare_Master_D04C_WGS84.gpkg,D:\OneDrive\桌面\论文\2027年投稿期刊\论文项目\07_JB医疗可达性_洪水扰动下交通-网络韧性与公平性_SCS_Natural_Hazards\GPT数据\_Organization_Working\Archive_Extractions\26ead2f8843a1191\MASTER\JB_Healthcare_Master_D04C_WGS84.gpkg,D:\OneDrive\桌面\论文\2027年投稿期刊\论文项目\07_JB医疗可达性_洪水扰动下交通-网络韧性与公平性_SCS_Natural_Hazards\GPT数据\Nature Portfolio_Project\01_前期数据支撑\04_D04_HEALTHCARE.zip,extracted,Exact duplicate verified by identical file size and SHA-256 checksum.
b436fb0e41bca01ccc7f1a2fd51fad7844c810a678a8f12c9411d866f11cdecc,409600,4,D:\OneDrive\桌面\论文\2027年投稿期刊\论文项目\07_JB医疗可达性_洪水扰动下交通-网络韧性与公平性_SCS_Natural_Hazards\GPT数据\JB_Flood_Healthcare_Accessibility_Research\03_Nature_Portfolio_Project\Supporting_Information\Geospatial_Data\JB_Healthcare_Master_D04C_WGS84.gpkg,D:\OneDrive\桌面\论文\2027年投稿期刊\论文项目\07_JB医疗可达性_洪水扰动下交通-网络韧性与公平性_SCS_Natural_Hazards\GPT数据\_Organization_Working\Archive_Extractions\375eea5b7088f36b\PROCESSED\JB_Healthcare_Master_D04C_WGS84.gpkg,D:\OneDrive\桌面\论文\2027年投稿期刊\论文项目\07_JB医疗可达性_洪水扰动下交通-网络韧性与公平性_SCS_Natural_Hazards\GPT数据\Nature Portfolio_Project\01_前期数据支撑\04_D04_HEALTHCARE\PACKAGES\D04C_Healthcare_Master_Access_Snapping.zip,extracted,Exact duplicate verified by identical file size and SHA-256 checksum.
ac198a83b1ede07e1c6a61cc971d9a5218a02ec7cd7203bfc0524449399c5473,209487,3,D:\OneDrive\桌面\论文\2027年投稿期刊\论文项目\07_JB医疗可达性_洪水扰动下交通-网络韧性与公平性_SCS_Natural_Hazards\GPT数据\JB_Flood_Healthcare_Accessibility_Research\03_Nature_Portfolio_Project\Unclassified\Original_Archives\D04A1_Public_Healthcare_Facilities.zip,D:\OneDrive\桌面\论文\2027年投稿期刊\论文项目\07_JB医疗可达性_洪水扰动下交通-网络韧性与公平性_SCS_Natural_Hazards\GPT数据\_Organization_Working\Archive_Extractions\26ead2f8843a1191\PACKAGES\D04A1_Public_Healthcare_Facilities.zip,D:\OneDrive\桌面\论文\2027年投稿期刊\论文项目\07_JB医疗可达性_洪水扰动下交通-网络韧性与公平性_SCS_Natural_Hazards\GPT数据\Nature Portfolio_Project\01_前期数据支撑\04_D04_HEALTHCARE.zip,extracted,Exact duplicate verified by identical file size and SHA-256 checksum.
ac198a83b1ede07e1c6a61cc971d9a5218a02ec7cd7203bfc0524449399c5473,209487,3,D:\OneDrive\桌面\论文\2027年投稿期刊\论文项目\07_JB医疗可达性_洪水扰动下交通-网络韧性与公平性_SCS_Natural_Hazards\GPT数据\JB_Flood_Healthcare_Accessibility_Research\03_Nature_Portfolio_Project\Unclassified\Original_Archives\D04A1_Public_Healthcare_Facilities.zip,D:\OneDrive\桌面\论文\2027年投稿期刊\论文项目\07_JB医疗可达性_洪水扰动下交通-网络韧性与公平性_SCS_Natural_Hazards\GPT数据\_Organization_Working\Archive_Extractions\2fc63964d4111967\ARCHIVE_MISSING_RECOVERY_BUNDLE_20261005\04_D04_HEALTHCARE\PUBLIC\D04A1_Public_Healthcare_Facilities.zip,D:\OneDrive\桌面\论文\2027年投稿期刊\论文项目\07_JB医疗可达性_洪水扰动下交通-网络韧性与公平性_SCS_Natural_Hazards\GPT数据\Nature Portfolio_Project\01_前期数据支撑\99_DUPLICATES_REVIEW\ARCHIVE_MISSING_RECOVERY_BUNDLE_20261005.zip,extracted,Exact duplicate verified by identical file size and SHA-256 checksum.
f9f3bc64df659ce9d4bcdc0db545da3799d09d2721b3998e25603b782887f08a,218869,3,D:\OneDrive\桌面\论文\2027年投稿期刊\论文项目\07_JB医疗可达性_洪水扰动下交通-网络韧性与公平性_SCS_Natural_Hazards\GPT数据\JB_Flood_Healthcare_Accessibility_Research\03_Nature_Portfolio_Project\Unclassified\Original_Archives\D04A2_Community_Healthcare_Facilities.zip,D:\OneDrive\桌面\论文\2027年投稿期刊\论文项目\07_JB医疗可达性_洪水扰动下交通-网络韧性与公平性_SCS_Natural_Hazards\GPT数据\_Organization_Working\Archive_Extractions\26ead2f8843a1191\PACKAGES\D04A2_Community_Healthcare_Facilities.zip,D:\OneDrive\桌面\论文\2027年投稿期刊\论文项目\07_JB医疗可达性_洪水扰动下交通-网络韧性与公平性_SCS_Natural_Hazards\GPT数据\Nature Portfolio_Project\01_前期数据支撑\04_D04_HEALTHCARE.zip,extracted,Exact duplicate verified by identical file size and SHA-256 checksum.
f9f3bc64df659ce9d4bcdc0db545da3799d09d2721b3998e25603b782887f08a,218869,3,D:\OneDrive\桌面\论文\2027年投稿期刊\论文项目\07_JB医疗可达性_洪水扰动下交通-网络韧性与公平性_SCS_Natural_Hazards\GPT数据\JB_Flood_Healthcare_Accessibility_Research\03_Nature_Portfolio_Project\Unclassified\Original_Archives\D04A2_Community_Healthcare_Facilities.zip,D:\OneDrive\桌面\论文\2027年投稿期刊\论文项目\07_JB医疗可达性_洪水扰动下交通-网络韧性与公平性_SCS_Natural_Hazards\GPT数据\_Organization_Working\Archive_Extractions\2fc63964d4111967\ARCHIVE_MISSING_RECOVERY_BUNDLE_20261005\04_D04_HEALTHCARE\COMMUNITY\D04A2_Community_Healthcare_Facilities.zip,D:\OneDrive\桌面\论文\2027年投稿期刊\论文项目\07_JB医疗可达性_洪水扰动下交通-网络韧性与公平性_SCS_Natural_Hazards\GPT数据\Nature Portfolio_Project\01_前期数据支撑\99_DUPLICATES_REVIEW\ARCHIVE_MISSING_RECOVERY_BUNDLE_20261005.zip,extracted,Exact duplicate verified by identical file size and SHA-256 checksum.
e306b7076feacd91ea40a059b699da1c1600f5c8f1c260a7f8eff019e2180df4,200445,2,D:\OneDrive\桌面\论文\2027年投稿期刊\论文项目\07_JB医疗可达性_洪水扰动下交通-网络韧性与公平性_SCS_Natural_Hazards\GPT数据\JB_Flood_Healthcare_Accessibility_Research\03_Nature_Portfolio_Project\Unclassified\Original_Archives\D04B_Private_Hospitals.zip,D:\OneDrive\桌面\论文\2027年投稿期刊\论文项目\07_JB医疗可达性_洪水扰动下交通-网络韧性与公平性_SCS_Natural_Hazards\GPT数据\_Organization_Working\Archive_Extractions\26ead2f8843a1191\PACKAGES\D04B_Private_Hospitals.zip,D:\OneDrive\桌面\论文\2027年投稿期刊\论文项目\07_JB医疗可达性_洪水扰动下交通-网络韧性与公平性_SCS_Natural_Hazards\GPT数据\Nature Portfolio_Project\01_前期数据支撑\04_D04_HEALTHCARE.zip,extracted,Exact duplicate verified by identical file size and SHA-256 checksum.
375eea5b7088f36b13bfd009a1437648f030f11f49982627a7ac4a1d628bc2b4,1662334,2,D:\OneDrive\桌面\论文\2027年投稿期刊\论文项目\07_JB医疗可达性_洪水扰动下交通-网络韧性与公平性_SCS_Natural_Hazards\GPT数据\JB_Flood_Healthcare_Accessibility_Research\03_Nature_Portfolio_Project\Unclassified\Original_Archives\D04C_Healthcare_Master_Access_Snapping.zip,D:\OneDrive\桌面\论文\2027年投稿期刊\论文项目\07_JB医疗可达性_洪水扰动下交通-网络韧性与公平性_SCS_Natural_Hazards\GPT数据\_Organization_Working\Archive_Extractions\26ead2f8843a1191\PACKAGES\D04C_Healthcare_Master_Access_Snapping.zip,D:\OneDrive\桌面\论文\2027年投稿期刊\论文项目\07_JB医疗可达性_洪水扰动下交通-网络韧性与公平性_SCS_Natural_Hazards\GPT数据\Nature Portfolio_Project\01_前期数据支撑\04_D04_HEALTHCARE.zip,extracted,Exact duplicate verified by identical file size and SHA-256 checksum.
f96917049a460f6ad1549276f30c8c76ee40cbd5a2cb281a2b196966f0ff00a8,2056,3,D:\OneDrive\桌面\论文\2027年投稿期刊\论文项目\07_JB医疗可达性_洪水扰动下交通-网络韧性与公平性_SCS_Natural_Hazards\GPT数据\JB_Flood_Healthcare_Accessibility_Research\03_Nature_Portfolio_Project\Supporting_Information\Data_Tables\D04B_Excluded_or_Secondary_Licensed_Facilities.csv,D:\OneDrive\桌面\论文\2027年投稿期刊\论文项目\07_JB医疗可达性_洪水扰动下交通-网络韧性与公平性_SCS_Natural_Hazards\GPT数据\_Organization_Working\Archive_Extractions\26ead2f8843a1191\PRIVATE\D04B_Excluded_or_Secondary_Licensed_Facilities.csv,D:\OneDrive\桌面\论文\2027年投稿期刊\论文项目\07_JB医疗可达性_洪水扰动下交通-网络韧性与公平性_SCS_Natural_Hazards\GPT数据\Nature Portfolio_Project\01_前期数据支撑\04_D04_HEALTHCARE.zip,extracted,Exact duplicate verified by identical file size and SHA-256 checksum.
f96917049a460f6ad1549276f30c8c76ee40cbd5a2cb281a2b196966f0ff00a8,2056,3,D:\OneDrive\桌面\论文\2027年投稿期刊\论文项目\07_JB医疗可达性_洪水扰动下交通-网络韧性与公平性_SCS_Natural_Hazards\GPT数据\JB_Flood_Healthcare_Accessibility_Research\03_Nature_Portfolio_Project\Supporting_Information\Data_Tables\D04B_Excluded_or_Secondary_Licensed_Facilities.csv,D:\OneDrive\桌面\论文\2027年投稿期刊\论文项目\07_JB医疗可达性_洪水扰动下交通-网络韧性与公平性_SCS_Natural_Hazards\GPT数据\_Organization_Working\Archive_Extractions\e306b7076feacd91\VALIDATION\D04B_Excluded_or_Secondary_Licensed_Facilities.csv,D:\OneDrive\桌面\论文\2027年投稿期刊\论文项目\07_JB医疗可达性_洪水扰动下交通-网络韧性与公平性_SCS_Natural_Hazards\GPT数据\Nature Portfolio_Project\01_前期数据支撑\04_D04_HEALTHCARE\PACKAGES\D04B_Private_Hospitals.zip,extracted,Exact duplicate verified by identical file size and SHA-256 checksum.
ba9ba6b1c78dcf9344387cdcae61a57febf1b84eae2e4ab253453ee8290440ba,8297,4,D:\OneDrive\桌面\论文\2027年投稿期刊\论文项目\07_JB医疗可达性_洪水扰动下交通-网络韧性与公平性_SCS_Natural_Hazards\GPT数据\JB_Flood_Healthcare_Accessibility_Research\03_Nature_Portfolio_Project\Supporting_Information\Data_Tables\D04B_Private_Hospitals_Core.csv,D:\OneDrive\桌面\论文\2027年投稿期刊\论文项目\07_JB医疗可达性_洪水扰动下交通-网络韧性与公平性_SCS_Natural_Hazards\GPT数据\Nature Portfolio_Project\01_前期数据支撑\ScientificReports_JB_Flood_Healthcare_Accessibility\data\healthcare\D04B_Private_Hospitals_Core.csv,D:\OneDrive\桌面\论文\2027年投稿期刊\论文项目\07_JB医疗可达性_洪水扰动下交通-网络韧性与公平性_SCS_Natural_Hazards\GPT数据\Nature Portfolio_Project\01_前期数据支撑\ScientificReports_JB_Flood_Healthcare_Accessibility\data\healthcare\D04B_Private_Hospitals_Core.csv,original,Exact duplicate verified by identical file size and SHA-256 checksum.
ba9ba6b1c78dcf9344387cdcae61a57febf1b84eae2e4ab253453ee8290440ba,8297,4,D:\OneDrive\桌面\论文\2027年投稿期刊\论文项目\07_JB医疗可达性_洪水扰动下交通-网络韧性与公平性_SCS_Natural_Hazards\GPT数据\JB_Flood_Healthcare_Accessibility_Research\03_Nature_Portfolio_Project\Supporting_Information\Data_Tables\D04B_Private_Hospitals_Core.csv,D:\OneDrive\桌面\论文\2027年投稿期刊\论文项目\07_JB医疗可达性_洪水扰动下交通-网络韧性与公平性_SCS_Natural_Hazards\GPT数据\_Organization_Working\Archive_Extractions\26ead2f8843a1191\PRIVATE\D04B_Private_Hospitals_Core.csv,D:\OneDrive\桌面\论文\2027年投稿期刊\论文项目\07_JB医疗可达性_洪水扰动下交通-网络韧性与公平性_SCS_Natural_Hazards\GPT数据\Nature Portfolio_Project\01_前期数据支撑\04_D04_HEALTHCARE.zip,extracted,Exact duplicate verified by identical file size and SHA-256 checksum.
ba9ba6b1c78dcf9344387cdcae61a57febf1b84eae2e4ab253453ee8290440ba,8297,4,D:\OneDrive\桌面\论文\2027年投稿期刊\论文项目\07_JB医疗可达性_洪水扰动下交通-网络韧性与公平性_SCS_Natural_Hazards\GPT数据\JB_Flood_Healthcare_Accessibility_Research\03_Nature_Portfolio_Project\Supporting_Information\Data_Tables\D04B_Private_Hospitals_Core.csv,D:\OneDrive\桌面\论文\2027年投稿期刊\论文项目\07_JB医疗可达性_洪水扰动下交通-网络韧性与公平性_SCS_Natural_Hazards\GPT数据\_Organization_Working\Archive_Extractions\e306b7076feacd91\PROCESSED\D04B_Private_Hospitals_Core.csv,D:\OneDrive\桌面\论文\2027年投稿期刊\论文项目\07_JB医疗可达性_洪水扰动下交通-网络韧性与公平性_SCS_Natural_Hazards\GPT数据\Nature Portfolio_Project\01_前期数据支撑\04_D04_HEALTHCARE\PACKAGES\D04B_Private_Hospitals.zip,extracted,Exact duplicate verified by identical file size and SHA-256 checksum.
98d23277eb4366bb79adf18e95ff1e75477b50c00100edc9a41e72a501de9980,147456,4,D:\OneDrive\桌面\论文\2027年投稿期刊\论文项目\07_JB医疗可达性_洪水扰动下交通-网络韧性与公平性_SCS_Natural_Hazards\GPT数据\JB_Flood_Healthcare_Accessibility_Research\03_Nature_Portfolio_Project\Supporting_Information\Geospatial_Data\JB_Private_Hospitals_D04B_RSO.gpkg,D:\OneDrive\桌面\论文\2027年投稿期刊\论文项目\07_JB医疗可达性_洪水扰动下交通-网络韧性与公平性_SCS_Natural_Hazards\GPT数据\Nature Portfolio_Project\01_前期数据支撑\ScientificReports_JB_Flood_Healthcare_Accessibility\gis\JB_Private_Hospitals_D04B_RSO.gpkg,D:\OneDrive\桌面\论文\2027年投稿期刊\论文项目\07_JB医疗可达性_洪水扰动下交通-网络韧性与公平性_SCS_Natural_Hazards\GPT数据\Nature Portfolio_Project\01_前期数据支撑\ScientificReports_JB_Flood_Healthcare_Accessibility\gis\JB_Private_Hospitals_D04B_RSO.gpkg,original,Exact duplicate verified by identical file size and SHA-256 checksum.
98d23277eb4366bb79adf18e95ff1e75477b50c00100edc9a41e72a501de9980,147456,4,D:\OneDrive\桌面\论文\2027年投稿期刊\论文项目\07_JB医疗可达性_洪水扰动下交通-网络韧性与公平性_SCS_Natural_Hazards\GPT数据\JB_Flood_Healthcare_Accessibility_Research\03_Nature_Portfolio_Project\Supporting_Information\Geospatial_Data\JB_Private_Hospitals_D04B_RSO.gpkg,D:\OneDrive\桌面\论文\2027年投稿期刊\论文项目\07_JB医疗可达性_洪水扰动下交通-网络韧性与公平性_SCS_Natural_Hazards\GPT数据\_Organization_Working\Archive_Extractions\26ead2f8843a1191\PRIVATE\JB_Private_Hospitals_D04B_RSO.gpkg,D:\OneDrive\桌面\论文\2027年投稿期刊\论文项目\07_JB医疗可达性_洪水扰动下交通-网络韧性与公平性_SCS_Natural_Hazards\GPT数据\Nature Portfolio_Project\01_前期数据支撑\04_D04_HEALTHCARE.zip,extracted,Exact duplicate verified by identical file size and SHA-256 checksum.
98d23277eb4366bb79adf18e95ff1e75477b50c00100edc9a41e72a501de9980,147456,4,D:\OneDrive\桌面\论文\2027年投稿期刊\论文项目\07_JB医疗可达性_洪水扰动下交通-网络韧性与公平性_SCS_Natural_Hazards\GPT数据\JB_Flood_Healthcare_Accessibility_Research\03_Nature_Portfolio_Project\Supporting_Information\Geospatial_Data\JB_Private_Hospitals_D04B_RSO.gpkg,D:\OneDrive\桌面\论文\2027年投稿期刊\论文项目\07_JB医疗可达性_洪水扰动下交通-网络韧性与公平性_SCS_Natural_Hazards\GPT数据\_Organization_Working\Archive_Extractions\e306b7076feacd91\PROCESSED\JB_Private_Hospitals_D04B_RSO.gpkg,D:\OneDrive\桌面\论文\2027年投稿期刊\论文项目\07_JB医疗可达性_洪水扰动下交通-网络韧性与公平性_SCS_Natural_Hazards\GPT数据\Nature Portfolio_Project\01_前期数据支撑\04_D04_HEALTHCARE\PACKAGES\D04B_Private_Hospitals.zip,extracted,Exact duplicate verified by identical file size and SHA-256 checksum.
7adcf1eecfe399940f2c9338cfa7d2aeeb9e11417339ddd8a756351cc1d4f679,147456,4,D:\OneDrive\桌面\论文\2027年投稿期刊\论文项目\07_JB医疗可达性_洪水扰动下交通-网络韧性与公平性_SCS_Natural_Hazards\GPT数据\JB_Flood_Healthcare_Accessibility_Research\03_Nature_Portfolio_Project\Supporting_Information\Geospatial_Data\JB_Private_Hospitals_D04B_WGS84.gpkg,D:\OneDrive\桌面\论文\2027年投稿期刊\论文项目\07_JB医疗可达性_洪水扰动下交通-网络韧性与公平性_SCS_Natural_Hazards\GPT数据\Nature Portfolio_Project\01_前期数据支撑\ScientificReports_JB_Flood_Healthcare_Accessibility\gis\JB_Private_Hospitals_D04B_WGS84.gpkg,D:\OneDrive\桌面\论文\2027年投稿期刊\论文项目\07_JB医疗可达性_洪水扰动下交通-网络韧性与公平性_SCS_Natural_Hazards\GPT数据\Nature Portfolio_Project\01_前期数据支撑\ScientificReports_JB_Flood_Healthcare_Accessibility\gis\JB_Private_Hospitals_D04B_WGS84.gpkg,original,Exact duplicate verified by identical file size and SHA-256 checksum.
7adcf1eecfe399940f2c9338cfa7d2aeeb9e11417339ddd8a756351cc1d4f679,147456,4,D:\OneDrive\桌面\论文\2027年投稿期刊\论文项目\07_JB医疗可达性_洪水扰动下交通-网络韧性与公平性_SCS_Natural_Hazards\GPT数据\JB_Flood_Healthcare_Accessibility_Research\03_Nature_Portfolio_Project\Supporting_Information\Geospatial_Data\JB_Private_Hospitals_D04B_WGS84.gpkg,D:\OneDrive\桌面\论文\2027年投稿期刊\论文项目\07_JB医疗可达性_洪水扰动下交通-网络韧性与公平性_SCS_Natural_Hazards\GPT数据\_Organization_Working\Archive_Extractions\26ead2f8843a1191\PRIVATE\JB_Private_Hospitals_D04B_WGS84.gpkg,D:\OneDrive\桌面\论文\2027年投稿期刊\论文项目\07_JB医疗可达性_洪水扰动下交通-网络韧性与公平性_SCS_Natural_Hazards\GPT数据\Nature Portfolio_Project\01_前期数据支撑\04_D04_HEALTHCARE.zip,extracted,Exact duplicate verified by identical file size and SHA-256 checksum.
7adcf1eecfe399940f2c9338cfa7d2aeeb9e11417339ddd8a756351cc1d4f679,147456,4,D:\OneDrive\桌面\论文\2027年投稿期刊\论文项目\07_JB医疗可达性_洪水扰动下交通-网络韧性与公平性_SCS_Natural_Hazards\GPT数据\JB_Flood_Healthcare_Accessibility_Research\03_Nature_Portfolio_Project\Supporting_Information\Geospatial_Data\JB_Private_Hospitals_D04B_WGS84.gpkg,D:\OneDrive\桌面\论文\2027年投稿期刊\论文项目\07_JB医疗可达性_洪水扰动下交通-网络韧性与公平性_SCS_Natural_Hazards\GPT数据\_Organization_Working\Archive_Extractions\e306b7076feacd91\PROCESSED\JB_Private_Hospitals_D04B_WGS84.gpkg,D:\OneDrive\桌面\论文\2027年投稿期刊\论文项目\07_JB医疗可达性_洪水扰动下交通-网络韧性与公平性_SCS_Natural_Hazards\GPT数据\Nature Portfolio_Project\01_前期数据支撑\04_D04_HEALTHCARE\PACKAGES\D04B_Private_Hospitals.zip,extracted,Exact duplicate verified by identical file size and SHA-256 checksum.
60330973f29f9a023b6204be1e41e9a5834f5f7d62af6356d91f70dc34203ddb,2881,4,D:\OneDrive\桌面\论文\2027年投稿期刊\论文项目\07_JB医疗可达性_洪水扰动下交通-网络韧性与公平性_SCS_Natural_Hazards\GPT数据\JB_Flood_Healthcare_Accessibility_Research\03_Nature_Portfolio_Project\Supporting_Information\Data_Tables\D04B_Private_Hospitals_QC_Report.txt,D:\OneDrive\桌面\论文\2027年投稿期刊\论文项目\07_JB医疗可达性_洪水扰动下交通-网络韧性与公平性_SCS_Natural_Hazards\GPT数据\Nature Portfolio_Project\01_前期数据支撑\ScientificReports_JB_Flood_Healthcare_Accessibility\qc\D04B_Private_Hospitals_QC_Report.txt,D:\OneDrive\桌面\论文\2027年投稿期刊\论文项目\07_JB医疗可达性_洪水扰动下交通-网络韧性与公平性_SCS_Natural_Hazards\GPT数据\Nature Portfolio_Project\01_前期数据支撑\ScientificReports_JB_Flood_Healthcare_Accessibility\qc\D04B_Private_Hospitals_QC_Report.txt,original,Exact duplicate verified by identical file size and SHA-256 checksum.
60330973f29f9a023b6204be1e41e9a5834f5f7d62af6356d91f70dc34203ddb,2881,4,D:\OneDrive\桌面\论文\2027年投稿期刊\论文项目\07_JB医疗可达性_洪水扰动下交通-网络韧性与公平性_SCS_Natural_Hazards\GPT数据\JB_Flood_Healthcare_Accessibility_Research\03_Nature_Portfolio_Project\Supporting_Information\Data_Tables\D04B_Private_Hospitals_QC_Report.txt,D:\OneDrive\桌面\论文\2027年投稿期刊\论文项目\07_JB医疗可达性_洪水扰动下交通-网络韧性与公平性_SCS_Natural_Hazards\GPT数据\_Organization_Working\Archive_Extractions\26ead2f8843a1191\QC\D04B_Private_Hospitals_QC_Report.txt,D:\OneDrive\桌面\论文\2027年投稿期刊\论文项目\07_JB医疗可达性_洪水扰动下交通-网络韧性与公平性_SCS_Natural_Hazards\GPT数据\Nature Portfolio_Project\01_前期数据支撑\04_D04_HEALTHCARE.zip,extracted,Exact duplicate verified by identical file size and SHA-256 checksum.
60330973f29f9a023b6204be1e41e9a5834f5f7d62af6356d91f70dc34203ddb,2881,4,D:\OneDrive\桌面\论文\2027年投稿期刊\论文项目\07_JB医疗可达性_洪水扰动下交通-网络韧性与公平性_SCS_Natural_Hazards\GPT数据\JB_Flood_Healthcare_Accessibility_Research\03_Nature_Portfolio_Project\Supporting_Information\Data_Tables\D04B_Private_Hospitals_QC_Report.txt,D:\OneDrive\桌面\论文\2027年投稿期刊\论文项目\07_JB医疗可达性_洪水扰动下交通-网络韧性与公平性_SCS_Natural_Hazards\GPT数据\_Organization_Working\Archive_Extractions\e306b7076feacd91\VALIDATION\D04B_Private_Hospitals_QC_Report.txt,D:\OneDrive\桌面\论文\2027年投稿期刊\论文项目\07_JB医疗可达性_洪水扰动下交通-网络韧性与公平性_SCS_Natural_Hazards\GPT数据\Nature Portfolio_Project\01_前期数据支撑\04_D04_HEALTHCARE\PACKAGES\D04B_Private_Hospitals.zip,extracted,Exact duplicate verified by identical file size and SHA-256 checksum.
ee0415db2ef210f4e61bc6dd9e3a40cb93819c442f49928eb123450a411e4914,3211,4,D:\OneDrive\桌面\论文\2027年投稿期刊\论文项目\07_JB医疗可达性_洪水扰动下交通-网络韧性与公平性_SCS_Natural_Hazards\GPT数据\JB_Flood_Healthcare_Accessibility_Research\03_Nature_Portfolio_Project\Supporting_Information\Data_Tables\D04C_Healthcare_Master_Access_QC_Report.txt,D:\OneDrive\桌面\论文\2027年投稿期刊\论文项目\07_JB医疗可达性_洪水扰动下交通-网络韧性与公平性_SCS_Natural_Hazards\GPT数据\Nature Portfolio_Project\01_前期数据支撑\ScientificReports_JB_Flood_Healthcare_Accessibility\qc\D04C_Healthcare_Master_Access_QC_Report.txt,D:\OneDrive\桌面\论文\2027年投稿期刊\论文项目\07_JB医疗可达性_洪水扰动下交通-网络韧性与公平性_SCS_Natural_Hazards\GPT数据\Nature Portfolio_Project\01_前期数据支撑\ScientificReports_JB_Flood_Healthcare_Accessibility\qc\D04C_Healthcare_Master_Access_QC_Report.txt,original,Exact duplicate verified by identical file size and SHA-256 checksum.
ee0415db2ef210f4e61bc6dd9e3a40cb93819c442f49928eb123450a411e4914,3211,4,D:\OneDrive\桌面\论文\2027年投稿期刊\论文项目\07_JB医疗可达性_洪水扰动下交通-网络韧性与公平性_SCS_Natural_Hazards\GPT数据\JB_Flood_Healthcare_Accessibility_Research\03_Nature_Portfolio_Project\Supporting_Information\Data_Tables\D04C_Healthcare_Master_Access_QC_Report.txt,D:\OneDrive\桌面\论文\2027年投稿期刊\论文项目\07_JB医疗可达性_洪水扰动下交通-网络韧性与公平性_SCS_Natural_Hazards\GPT数据\_Organization_Working\Archive_Extractions\26ead2f8843a1191\QC\D04C_Healthcare_Master_Access_QC_Report.txt,D:\OneDrive\桌面\论文\2027年投稿期刊\论文项目\07_JB医疗可达性_洪水扰动下交通-网络韧性与公平性_SCS_Natural_Hazards\GPT数据\Nature Portfolio_Project\01_前期数据支撑\04_D04_HEALTHCARE.zip,extracted,Exact duplicate verified by identical file size and SHA-256 checksum.
ee0415db2ef210f4e61bc6dd9e3a40cb93819c442f49928eb123450a411e4914,3211,4,D:\OneDrive\桌面\论文\2027年投稿期刊\论文项目\07_JB医疗可达性_洪水扰动下交通-网络韧性与公平性_SCS_Natural_Hazards\GPT数据\JB_Flood_Healthcare_Accessibility_Research\03_Nature_Portfolio_Project\Supporting_Information\Data_Tables\D04C_Healthcare_Master_Access_QC_Report.txt,D:\OneDrive\桌面\论文\2027年投稿期刊\论文项目\07_JB医疗可达性_洪水扰动下交通-网络韧性与公平性_SCS_Natural_Hazards\GPT数据\_Organization_Working\Archive_Extractions\375eea5b7088f36b\VALIDATION\D04C_Healthcare_Master_Access_QC_Report.txt,D:\OneDrive\桌面\论文\2027年投稿期刊\论文项目\07_JB医疗可达性_洪水扰动下交通-网络韧性与公平性_SCS_Natural_Hazards\GPT数据\Nature Portfolio_Project\01_前期数据支撑\04_D04_HEALTHCARE\PACKAGES\D04C_Healthcare_Master_Access_Snapping.zip,extracted,Exact duplicate verified by identical file size and SHA-256 checksum.
2be20888c1cd81e1de0e3cec5bc264c16774514fa62f0b69c37136707d338c5a,12058,4,D:\OneDrive\桌面\论文\2027年投稿期刊\论文项目\07_JB医疗可达性_洪水扰动下交通-网络韧性与公平性_SCS_Natural_Hazards\GPT数据\JB_Flood_Healthcare_Accessibility_Research\03_Nature_Portfolio_Project\Supporting_Information\Data_Tables\D04C_Hospital_Network_Access_Points.csv,D:\OneDrive\桌面\论文\2027年投稿期刊\论文项目\07_JB医疗可达性_洪水扰动下交通-网络韧性与公平性_SCS_Natural_Hazards\GPT数据\Nature Portfolio_Project\01_前期数据支撑\ScientificReports_JB_Flood_Healthcare_Accessibility\data\population\D04C_Hospital_Network_Access_Points.csv,D:\OneDrive\桌面\论文\2027年投稿期刊\论文项目\07_JB医疗可达性_洪水扰动下交通-网络韧性与公平性_SCS_Natural_Hazards\GPT数据\Nature Portfolio_Project\01_前期数据支撑\ScientificReports_JB_Flood_Healthcare_Accessibility\data\population\D04C_Hospital_Network_Access_Points.csv,original,Exact duplicate verified by identical file size and SHA-256 checksum.
2be20888c1cd81e1de0e3cec5bc264c16774514fa62f0b69c37136707d338c5a,12058,4,D:\OneDrive\桌面\论文\2027年投稿期刊\论文项目\07_JB医疗可达性_洪水扰动下交通-网络韧性与公平性_SCS_Natural_Hazards\GPT数据\JB_Flood_Healthcare_Accessibility_Research\03_Nature_Portfolio_Project\Supporting_Information\Data_Tables\D04C_Hospital_Network_Access_Points.csv,D:\OneDrive\桌面\论文\2027年投稿期刊\论文项目\07_JB医疗可达性_洪水扰动下交通-网络韧性与公平性_SCS_Natural_Hazards\GPT数据\_Organization_Working\Archive_Extractions\375eea5b7088f36b\PROCESSED\D04C_Hospital_Network_Access_Points.csv,D:\OneDrive\桌面\论文\2027年投稿期刊\论文项目\07_JB医疗可达性_洪水扰动下交通-网络韧性与公平性_SCS_Natural_Hazards\GPT数据\Nature Portfolio_Project\01_前期数据支撑\04_D04_HEALTHCARE\PACKAGES\D04C_Healthcare_Master_Access_Snapping.zip,extracted,Exact duplicate verified by identical file size and SHA-256 checksum.
2be20888c1cd81e1de0e3cec5bc264c16774514fa62f0b69c37136707d338c5a,12058,4,D:\OneDrive\桌面\论文\2027年投稿期刊\论文项目\07_JB医疗可达性_洪水扰动下交通-网络韧性与公平性_SCS_Natural_Hazards\GPT数据\JB_Flood_Healthcare_Accessibility_Research\03_Nature_Portfolio_Project\Supporting_Information\Data_Tables\D04C_Hospital_Network_Access_Points.csv,D:\OneDrive\桌面\论文\2027年投稿期刊\论文项目\07_JB医疗可达性_洪水扰动下交通-网络韧性与公平性_SCS_Natural_Hazards\GPT数据\_Organization_Working\Archive_Extractions\26ead2f8843a1191\ROAD_SNAPPING\D04C_Hospital_Network_Access_Points.csv,D:\OneDrive\桌面\论文\2027年投稿期刊\论文项目\07_JB医疗可达性_洪水扰动下交通-网络韧性与公平性_SCS_Natural_Hazards\GPT数据\Nature Portfolio_Project\01_前期数据支撑\04_D04_HEALTHCARE.zip,extracted,Exact duplicate verified by identical file size and SHA-256 checksum.
12d022450b11fff6a0916cfec80a5a1f8c865ce9d55557294d75cb70675bdf42,14136647,3,D:\OneDrive\桌面\论文\2027年投稿期刊\论文项目\07_JB医疗可达性_洪水扰动下交通-网络韧性与公平性_SCS_Natural_Hazards\GPT数据\JB_Flood_Healthcare_Accessibility_Research\03_Nature_Portfolio_Project\Supporting_Information\Data_Tables\D05A_WorldPop_Origins.csv,D:\OneDrive\桌面\论文\2027年投稿期刊\论文项目\07_JB医疗可达性_洪水扰动下交通-网络韧性与公平性_SCS_Natural_Hazards\GPT数据\Nature Portfolio_Project\01_前期数据支撑\ScientificReports_JB_Flood_Healthcare_Accessibility\data\population\D05A_WorldPop_Origins.csv,D:\OneDrive\桌面\论文\2027年投稿期刊\论文项目\07_JB医疗可达性_洪水扰动下交通-网络韧性与公平性_SCS_Natural_Hazards\GPT数据\Nature Portfolio_Project\01_前期数据支撑\ScientificReports_JB_Flood_Healthcare_Accessibility\data\population\D05A_WorldPop_Origins.csv,original,Exact duplicate verified by identical file size and SHA-256 checksum.
12d022450b11fff6a0916cfec80a5a1f8c865ce9d55557294d75cb70675bdf42,14136647,3,D:\OneDrive\桌面\论文\2027年投稿期刊\论文项目\07_JB医疗可达性_洪水扰动下交通-网络韧性与公平性_SCS_Natural_Hazards\GPT数据\JB_Flood_Healthcare_Accessibility_Research\03_Nature_Portfolio_Project\Supporting_Information\Data_Tables\D05A_WorldPop_Origins.csv,D:\OneDrive\桌面\论文\2027年投稿期刊\论文项目\07_JB医疗可达性_洪水扰动下交通-网络韧性与公平性_SCS_Natural_Hazards\GPT数据\_Organization_Working\Archive_Extractions\32f8fa09393c9139\PROCESSED\ORIGINS\D05A_WorldPop_Origins.csv,D:\OneDrive\桌面\论文\2027年投稿期刊\论文项目\07_JB医疗可达性_洪水扰动下交通-网络韧性与公平性_SCS_Natural_Hazards\GPT数据\Nature Portfolio_Project\01_前期数据支撑\05_D05_POPULATION\PACKAGES\D05A_WorldPop_Population_Origins_Final.zip,extracted,Exact duplicate verified by identical file size and SHA-256 checksum.
5f4438c9eed1c9596b6b66c7fb684833ab5aa84e4da3a4213bd5ef1b72dab345,316153,2,D:\OneDrive\桌面\论文\2027年投稿期刊\论文项目\07_JB医疗可达性_洪水扰动下交通-网络韧性与公平性_SCS_Natural_Hazards\GPT数据\JB_Flood_Healthcare_Accessibility_Research\03_Nature_Portfolio_Project\Figures\Geospatial_Data\JB_WorldPop_2026_Core_WGS84.tif,D:\OneDrive\桌面\论文\2027年投稿期刊\论文项目\07_JB医疗可达性_洪水扰动下交通-网络韧性与公平性_SCS_Natural_Hazards\GPT数据\_Organization_Working\Archive_Extractions\32f8fa09393c9139\PROCESSED\CORE\JB_WorldPop_2026_Core_WGS84.tif,D:\OneDrive\桌面\论文\2027年投稿期刊\论文项目\07_JB医疗可达性_洪水扰动下交通-网络韧性与公平性_SCS_Natural_Hazards\GPT数据\Nature Portfolio_Project\01_前期数据支撑\05_D05_POPULATION\PACKAGES\D05A_WorldPop_Population_Origins_Final.zip,extracted,Exact duplicate verified by identical file size and SHA-256 checksum.
059a41c245c294f3d02ce8c0537076d413d5015687b179c810cebfa4c5ee52e4,17424384,3,D:\OneDrive\桌面\论文\2027年投稿期刊\论文项目\07_JB医疗可达性_洪水扰动下交通-网络韧性与公平性_SCS_Natural_Hazards\GPT数据\JB_Flood_Healthcare_Accessibility_Research\03_Nature_Portfolio_Project\Supporting_Information\Geospatial_Data\JB_WorldPop_2026_Origins_RSO.gpkg,D:\OneDrive\桌面\论文\2027年投稿期刊\论文项目\07_JB医疗可达性_洪水扰动下交通-网络韧性与公平性_SCS_Natural_Hazards\GPT数据\Nature Portfolio_Project\01_前期数据支撑\ScientificReports_JB_Flood_Healthcare_Accessibility\gis\JB_WorldPop_2026_Origins_RSO.gpkg,D:\OneDrive\桌面\论文\2027年投稿期刊\论文项目\07_JB医疗可达性_洪水扰动下交通-网络韧性与公平性_SCS_Natural_Hazards\GPT数据\Nature Portfolio_Project\01_前期数据支撑\ScientificReports_JB_Flood_Healthcare_Accessibility\gis\JB_WorldPop_2026_Origins_RSO.gpkg,original,Exact duplicate verified by identical file size and SHA-256 checksum.
059a41c245c294f3d02ce8c0537076d413d5015687b179c810cebfa4c5ee52e4,17424384,3,D:\OneDrive\桌面\论文\2027年投稿期刊\论文项目\07_JB医疗可达性_洪水扰动下交通-网络韧性与公平性_SCS_Natural_Hazards\GPT数据\JB_Flood_Healthcare_Accessibility_Research\03_Nature_Portfolio_Project\Supporting_Information\Geospatial_Data\JB_WorldPop_2026_Origins_RSO.gpkg,D:\OneDrive\桌面\论文\2027年投稿期刊\论文项目\07_JB医疗可达性_洪水扰动下交通-网络韧性与公平性_SCS_Natural_Hazards\GPT数据\_Organization_Working\Archive_Extractions\32f8fa09393c9139\PROCESSED\ORIGINS\JB_WorldPop_2026_Origins_RSO.gpkg,D:\OneDrive\桌面\论文\2027年投稿期刊\论文项目\07_JB医疗可达性_洪水扰动下交通-网络韧性与公平性_SCS_Natural_Hazards\GPT数据\Nature Portfolio_Project\01_前期数据支撑\05_D05_POPULATION\PACKAGES\D05A_WorldPop_Population_Origins_Final.zip,extracted,Exact duplicate verified by identical file size and SHA-256 checksum.
8277f076f57a8de878d4fca9b24d6492bc22d371451a0488ec5a7ce827145357,18071552,3,D:\OneDrive\桌面\论文\2027年投稿期刊\论文项目\07_JB医疗可达性_洪水扰动下交通-网络韧性与公平性_SCS_Natural_Hazards\GPT数据\JB_Flood_Healthcare_Accessibility_Research\03_Nature_Portfolio_Project\Supporting_Information\Geospatial_Data\JB_WorldPop_2026_Origins_WGS84.gpkg,D:\OneDrive\桌面\论文\2027年投稿期刊\论文项目\07_JB医疗可达性_洪水扰动下交通-网络韧性与公平性_SCS_Natural_Hazards\GPT数据\Nature Portfolio_Project\01_前期数据支撑\ScientificReports_JB_Flood_Healthcare_Accessibility\gis\JB_WorldPop_2026_Origins_WGS84.gpkg,D:\OneDrive\桌面\论文\2027年投稿期刊\论文项目\07_JB医疗可达性_洪水扰动下交通-网络韧性与公平性_SCS_Natural_Hazards\GPT数据\Nature Portfolio_Project\01_前期数据支撑\ScientificReports_JB_Flood_Healthcare_Accessibility\gis\JB_WorldPop_2026_Origins_WGS84.gpkg,original,Exact duplicate verified by identical file size and SHA-256 checksum.
8277f076f57a8de878d4fca9b24d6492bc22d371451a0488ec5a7ce827145357,18071552,3,D:\OneDrive\桌面\论文\2027年投稿期刊\论文项目\07_JB医疗可达性_洪水扰动下交通-网络韧性与公平性_SCS_Natural_Hazards\GPT数据\JB_Flood_Healthcare_Accessibility_Research\03_Nature_Portfolio_Project\Supporting_Information\Geospatial_Data\JB_WorldPop_2026_Origins_WGS84.gpkg,D:\OneDrive\桌面\论文\2027年投稿期刊\论文项目\07_JB医疗可达性_洪水扰动下交通-网络韧性与公平性_SCS_Natural_Hazards\GPT数据\_Organization_Working\Archive_Extractions\32f8fa09393c9139\PROCESSED\ORIGINS\JB_WorldPop_2026_Origins_WGS84.gpkg,D:\OneDrive\桌面\论文\2027年投稿期刊\论文项目\07_JB医疗可达性_洪水扰动下交通-网络韧性与公平性_SCS_Natural_Hazards\GPT数据\Nature Portfolio_Project\01_前期数据支撑\05_D05_POPULATION\PACKAGES\D05A_WorldPop_Population_Origins_Final.zip,extracted,Exact duplicate verified by identical file size and SHA-256 checksum.
98dae5cc789c02e14cc0e186d35bbc2060b37ac66f082cd35e77a4444184a260,462,3,D:\OneDrive\桌面\论文\2027年投稿期刊\论文项目\07_JB医疗可达性_洪水扰动下交通-网络韧性与公平性_SCS_Natural_Hazards\GPT数据\JB_Flood_Healthcare_Accessibility_Research\03_Nature_Portfolio_Project\Supporting_Information\Data_Tables\D05A_WorldPop_DOSM_Validation.csv,D:\OneDrive\桌面\论文\2027年投稿期刊\论文项目\07_JB医疗可达性_洪水扰动下交通-网络韧性与公平性_SCS_Natural_Hazards\GPT数据\Nature Portfolio_Project\01_前期数据支撑\ScientificReports_JB_Flood_Healthcare_Accessibility\qc\D05A_WorldPop_DOSM_Validation.csv,D:\OneDrive\桌面\论文\2027年投稿期刊\论文项目\07_JB医疗可达性_洪水扰动下交通-网络韧性与公平性_SCS_Natural_Hazards\GPT数据\Nature Portfolio_Project\01_前期数据支撑\ScientificReports_JB_Flood_Healthcare_Accessibility\qc\D05A_WorldPop_DOSM_Validation.csv,original,Exact duplicate verified by identical file size and SHA-256 checksum.
98dae5cc789c02e14cc0e186d35bbc2060b37ac66f082cd35e77a4444184a260,462,3,D:\OneDrive\桌面\论文\2027年投稿期刊\论文项目\07_JB医疗可达性_洪水扰动下交通-网络韧性与公平性_SCS_Natural_Hazards\GPT数据\JB_Flood_Healthcare_Accessibility_Research\03_Nature_Portfolio_Project\Supporting_Information\Data_Tables\D05A_WorldPop_DOSM_Validation.csv,D:\OneDrive\桌面\论文\2027年投稿期刊\论文项目\07_JB医疗可达性_洪水扰动下交通-网络韧性与公平性_SCS_Natural_Hazards\GPT数据\_Organization_Working\Archive_Extractions\32f8fa09393c9139\VALIDATION\D05A_WorldPop_DOSM_Validation.csv,D:\OneDrive\桌面\论文\2027年投稿期刊\论文项目\07_JB医疗可达性_洪水扰动下交通-网络韧性与公平性_SCS_Natural_Hazards\GPT数据\Nature Portfolio_Project\01_前期数据支撑\05_D05_POPULATION\PACKAGES\D05A_WorldPop_Population_Origins_Final.zip,extracted,Exact duplicate verified by identical file size and SHA-256 checksum.
e215a706a0b0bc9db094bcf7d2300b60ad5810df4a04433f659d9c5d0e6e67e5,3295,3,D:\OneDrive\桌面\论文\2027年投稿期刊\论文项目\07_JB医疗可达性_洪水扰动下交通-网络韧性与公平性_SCS_Natural_Hazards\GPT数据\JB_Flood_Healthcare_Accessibility_Research\03_Nature_Portfolio_Project\Supporting_Information\Data_Tables\D05A_WorldPop_QC_Report.txt,D:\OneDrive\桌面\论文\2027年投稿期刊\论文项目\07_JB医疗可达性_洪水扰动下交通-网络韧性与公平性_SCS_Natural_Hazards\GPT数据\Nature Portfolio_Project\01_前期数据支撑\ScientificReports_JB_Flood_Healthcare_Accessibility\qc\D05A_WorldPop_QC_Report.txt,D:\OneDrive\桌面\论文\2027年投稿期刊\论文项目\07_JB医疗可达性_洪水扰动下交通-网络韧性与公平性_SCS_Natural_Hazards\GPT数据\Nature Portfolio_Project\01_前期数据支撑\ScientificReports_JB_Flood_Healthcare_Accessibility\qc\D05A_WorldPop_QC_Report.txt,original,Exact duplicate verified by identical file size and SHA-256 checksum.
e215a706a0b0bc9db094bcf7d2300b60ad5810df4a04433f659d9c5d0e6e67e5,3295,3,D:\OneDrive\桌面\论文\2027年投稿期刊\论文项目\07_JB医疗可达性_洪水扰动下交通-网络韧性与公平性_SCS_Natural_Hazards\GPT数据\JB_Flood_Healthcare_Accessibility_Research\03_Nature_Portfolio_Project\Supporting_Information\Data_Tables\D05A_WorldPop_QC_Report.txt,D:\OneDrive\桌面\论文\2027年投稿期刊\论文项目\07_JB医疗可达性_洪水扰动下交通-网络韧性与公平性_SCS_Natural_Hazards\GPT数据\_Organization_Working\Archive_Extractions\32f8fa09393c9139\VALIDATION\D05A_WorldPop_QC_Report.txt,D:\OneDrive\桌面\论文\2027年投稿期刊\论文项目\07_JB医疗可达性_洪水扰动下交通-网络韧性与公平性_SCS_Natural_Hazards\GPT数据\Nature Portfolio_Project\01_前期数据支撑\05_D05_POPULATION\PACKAGES\D05A_WorldPop_Population_Origins_Final.zip,extracted,Exact duplicate verified by identical file size and SHA-256 checksum.
a9631e66553611dd5c4177c93970271a810194f2e073020869137a691cae3f95,3274,2,D:\OneDrive\桌面\论文\2027年投稿期刊\论文项目\07_JB医疗可达性_洪水扰动下交通-网络韧性与公平性_SCS_Natural_Hazards\GPT数据\JB_Flood_Healthcare_Accessibility_Research\03_Nature_Portfolio_Project\Supporting_Information\Data_Tables\D05C_Population_Origin_RoadSnapping_QC_Report.txt,D:\OneDrive\桌面\论文\2027年投稿期刊\论文项目\07_JB医疗可达性_洪水扰动下交通-网络韧性与公平性_SCS_Natural_Hazards\GPT数据\Nature Portfolio_Project\01_前期数据支撑\ScientificReports_JB_Flood_Healthcare_Accessibility\qc\D05C_Population_Origin_RoadSnapping_QC_Report.txt,D:\OneDrive\桌面\论文\2027年投稿期刊\论文项目\07_JB医疗可达性_洪水扰动下交通-网络韧性与公平性_SCS_Natural_Hazards\GPT数据\Nature Portfolio_Project\01_前期数据支撑\ScientificReports_JB_Flood_Healthcare_Accessibility\qc\D05C_Population_Origin_RoadSnapping_QC_Report.txt,original,Exact duplicate verified by identical file size and SHA-256 checksum.
a90d85dbdb0c3fe55cae1e352205fe1be8a277a2f7b0907e47dcebdb95f9e783,29310427,2,D:\OneDrive\桌面\论文\2027年投稿期刊\论文项目\07_JB医疗可达性_洪水扰动下交通-网络韧性与公平性_SCS_Natural_Hazards\GPT数据\JB_Flood_Healthcare_Accessibility_Research\03_Nature_Portfolio_Project\Figures\Geospatial_Data\mys_pop_2026_CN_100m_R2025A_v1.tif,D:\OneDrive\桌面\论文\2027年投稿期刊\论文项目\07_JB医疗可达性_洪水扰动下交通-网络韧性与公平性_SCS_Natural_Hazards\GPT数据\Nature Portfolio_Project\01_前期数据支撑\91_INCOMPLETE_DOWNLOADS\mys_pop_2026_CN_100m_R2025A_v1.tif.crdownload,D:\OneDrive\桌面\论文\2027年投稿期刊\论文项目\07_JB医疗可达性_洪水扰动下交通-网络韧性与公平性_SCS_Natural_Hazards\GPT数据\Nature Portfolio_Project\01_前期数据支撑\91_INCOMPLETE_DOWNLOADS\mys_pop_2026_CN_100m_R2025A_v1.tif.crdownload,original,Exact duplicate verified by identical file size and SHA-256 checksum.
cb04d22fa6901f55fa68cb859f6f32fdaaba86d4299f2d485aac6f45a9db669e,10231808,2,D:\OneDrive\桌面\论文\2027年投稿期刊\论文项目\07_JB医疗可达性_洪水扰动下交通-网络韧性与公平性_SCS_Natural_Hazards\GPT数据\JB_Flood_Healthcare_Accessibility_Research\03_Nature_Portfolio_Project\Supporting_Information\Geospatial_Data\D05C_Used_Access_Road_Segments_RSO_1.gpkg,D:\OneDrive\桌面\论文\2027年投稿期刊\论文项目\07_JB医疗可达性_洪水扰动下交通-网络韧性与公平性_SCS_Natural_Hazards\GPT数据\Nature Portfolio_Project\01_前期数据支撑\05_D05_POPULATION\ROAD_SNAPPING\D05C_Used_Access_Road_Segments_RSO.gpkg,D:\OneDrive\桌面\论文\2027年投稿期刊\论文项目\07_JB医疗可达性_洪水扰动下交通-网络韧性与公平性_SCS_Natural_Hazards\GPT数据\Nature Portfolio_Project\01_前期数据支撑\05_D05_POPULATION\ROAD_SNAPPING\D05C_Used_Access_Road_Segments_RSO.gpkg,original,Exact duplicate verified by identical file size and SHA-256 checksum.
6fadf8c7449ade7f02e3b2ff255d0439a10e0b9826ee3900a75f58342f2fbd13,32162081,2,D:\OneDrive\桌面\论文\2027年投稿期刊\论文项目\07_JB医疗可达性_洪水扰动下交通-网络韧性与公平性_SCS_Natural_Hazards\GPT数据\JB_Flood_Healthcare_Accessibility_Research\03_Nature_Portfolio_Project\Supporting_Information\Data_Tables\D05C_WorldPop_Origins_RoadSnap.csv,D:\OneDrive\桌面\论文\2027年投稿期刊\论文项目\07_JB医疗可达性_洪水扰动下交通-网络韧性与公平性_SCS_Natural_Hazards\GPT数据\Nature Portfolio_Project\01_前期数据支撑\ScientificReports_JB_Flood_Healthcare_Accessibility\data\population\D05C_WorldPop_Origins_RoadSnap.csv,D:\OneDrive\桌面\论文\2027年投稿期刊\论文项目\07_JB医疗可达性_洪水扰动下交通-网络韧性与公平性_SCS_Natural_Hazards\GPT数据\Nature Portfolio_Project\01_前期数据支撑\ScientificReports_JB_Flood_Healthcare_Accessibility\data\population\D05C_WorldPop_Origins_RoadSnap.csv,original,Exact duplicate verified by identical file size and SHA-256 checksum.
380e103b210e09f045666d96a8506bec8a60b1ae3aef2bbb528c1c498e5e3ef0,19955712,2,D:\OneDrive\桌面\论文\2027年投稿期刊\论文项目\07_JB医疗可达性_洪水扰动下交通-网络韧性与公平性_SCS_Natural_Hazards\GPT数据\JB_Flood_Healthcare_Accessibility_Research\03_Nature_Portfolio_Project\Supporting_Information\Geospatial_Data\JB_WorldPop_2026_NetworkAccessPoints_RSO.gpkg,D:\OneDrive\桌面\论文\2027年投稿期刊\论文项目\07_JB医疗可达性_洪水扰动下交通-网络韧性与公平性_SCS_Natural_Hazards\GPT数据\Nature Portfolio_Project\01_前期数据支撑\ScientificReports_JB_Flood_Healthcare_Accessibility\gis\JB_WorldPop_2026_NetworkAccessPoints_RSO.gpkg,D:\OneDrive\桌面\论文\2027年投稿期刊\论文项目\07_JB医疗可达性_洪水扰动下交通-网络韧性与公平性_SCS_Natural_Hazards\GPT数据\Nature Portfolio_Project\01_前期数据支撑\ScientificReports_JB_Flood_Healthcare_Accessibility\gis\JB_WorldPop_2026_NetworkAccessPoints_RSO.gpkg,original,Exact duplicate verified by identical file size and SHA-256 checksum.
544c291557c9ebc48db2bed53d2dbbfdd00c64f6c4723b6548ab5db13db9b78c,507,2,D:\OneDrive\桌面\论文\2027年投稿期刊\论文项目\07_JB医疗可达性_洪水扰动下交通-网络韧性与公平性_SCS_Natural_Hazards\GPT数据\JB_Flood_Healthcare_Accessibility_Research\03_Nature_Portfolio_Project\Results\Data_Tables\D06_Accessibility_Global_Summary.csv,D:\OneDrive\桌面\论文\2027年投稿期刊\论文项目\07_JB医疗可达性_洪水扰动下交通-网络韧性与公平性_SCS_Natural_Hazards\GPT数据\Nature Portfolio_Project\01_前期数据支撑\ScientificReports_JB_Flood_Healthcare_Accessibility\qc\D06R\D06_Accessibility_Global_Summary.csv,D:\OneDrive\桌面\论文\2027年投稿期刊\论文项目\07_JB医疗可达性_洪水扰动下交通-网络韧性与公平性_SCS_Natural_Hazards\GPT数据\Nature Portfolio_Project\01_前期数据支撑\ScientificReports_JB_Flood_Healthcare_Accessibility\qc\D06R\D06_Accessibility_Global_Summary.csv,original,Exact duplicate verified by identical file size and SHA-256 checksum.
c38ba1dbfad9ac01a55aaf4b6e2b9cd95fb9862e0e3a4d33a2f6051ffae03960,2274,2,D:\OneDrive\桌面\论文\2027年投稿期刊\论文项目\07_JB医疗可达性_洪水扰动下交通-网络韧性与公平性_SCS_Natural_Hazards\GPT数据\JB_Flood_Healthcare_Accessibility_Research\03_Nature_Portfolio_Project\Results\Data_Tables\D06_Accessibility_Subdistrict_Summary.csv,D:\OneDrive\桌面\论文\2027年投稿期刊\论文项目\07_JB医疗可达性_洪水扰动下交通-网络韧性与公平性_SCS_Natural_Hazards\GPT数据\Nature Portfolio_Project\01_前期数据支撑\ScientificReports_JB_Flood_Healthcare_Accessibility\qc\D08\D06_Accessibility_Subdistrict_Summary.csv,D:\OneDrive\桌面\论文\2027年投稿期刊\论文项目\07_JB医疗可达性_洪水扰动下交通-网络韧性与公平性_SCS_Natural_Hazards\GPT数据\Nature Portfolio_Project\01_前期数据支撑\ScientificReports_JB_Flood_Healthcare_Accessibility\qc\D08\D06_Accessibility_Subdistrict_Summary.csv,original,Exact duplicate verified by identical file size and SHA-256 checksum.
b67b2d3ecd115ef020837bac4b0784eaaa3cc13cedd9c1e1919c0a8f84042332,51394197,2,D:\OneDrive\桌面\论文\2027年投稿期刊\论文项目\07_JB医疗可达性_洪水扰动下交通-网络韧性与公平性_SCS_Natural_Hazards\GPT数据\JB_Flood_Healthcare_Accessibility_Research\03_Nature_Portfolio_Project\Results\Data_Tables\D06_Baseline_Healthcare_Accessibility_Origins.csv,D:\OneDrive\桌面\论文\2027年投稿期刊\论文项目\07_JB医疗可达性_洪水扰动下交通-网络韧性与公平性_SCS_Natural_Hazards\GPT数据\Nature Portfolio_Project\01_前期数据支撑\ScientificReports_JB_Flood_Healthcare_Accessibility\data\routing\D06_Baseline_Healthcare_Accessibility_Origins.csv,D:\OneDrive\桌面\论文\2027年投稿期刊\论文项目\07_JB医疗可达性_洪水扰动下交通-网络韧性与公平性_SCS_Natural_Hazards\GPT数据\Nature Portfolio_Project\01_前期数据支撑\ScientificReports_JB_Flood_Healthcare_Accessibility\data\routing\D06_Baseline_Healthcare_Accessibility_Origins.csv,original,Exact duplicate verified by identical file size and SHA-256 checksum.
69e5a2fc4986221d899ad25aa809932a55bb9b6f5b38f39adfcc6c8641c5eae8,968,4,D:\OneDrive\桌面\论文\2027年投稿期刊\论文项目\07_JB医疗可达性_洪水扰动下交通-网络韧性与公平性_SCS_Natural_Hazards\GPT数据\JB_Flood_Healthcare_Accessibility_Research\03_Nature_Portfolio_Project\Supporting_Information\Data_Tables\D06R_QC_Report.txt,D:\OneDrive\桌面\论文\2027年投稿期刊\论文项目\07_JB医疗可达性_洪水扰动下交通-网络韧性与公平性_SCS_Natural_Hazards\GPT数据\Nature Portfolio_Project\01_前期数据支撑\ScientificReports_JB_Flood_Healthcare_Accessibility\qc\D07\D06R_QC_Report.txt,D:\OneDrive\桌面\论文\2027年投稿期刊\论文项目\07_JB医疗可达性_洪水扰动下交通-网络韧性与公平性_SCS_Natural_Hazards\GPT数据\Nature Portfolio_Project\01_前期数据支撑\ScientificReports_JB_Flood_Healthcare_Accessibility\qc\D07\D06R_QC_Report.txt,original,Exact duplicate verified by identical file size and SHA-256 checksum.
69e5a2fc4986221d899ad25aa809932a55bb9b6f5b38f39adfcc6c8641c5eae8,968,4,D:\OneDrive\桌面\论文\2027年投稿期刊\论文项目\07_JB医疗可达性_洪水扰动下交通-网络韧性与公平性_SCS_Natural_Hazards\GPT数据\JB_Flood_Healthcare_Accessibility_Research\03_Nature_Portfolio_Project\Supporting_Information\Data_Tables\D06R_QC_Report.txt,D:\OneDrive\桌面\论文\2027年投稿期刊\论文项目\07_JB医疗可达性_洪水扰动下交通-网络韧性与公平性_SCS_Natural_Hazards\GPT数据\_Organization_Working\Archive_Extractions\9ceba6593b58e613\D06R_QC_Report.txt,D:\OneDrive\桌面\论文\2027年投稿期刊\论文项目\07_JB医疗可达性_洪水扰动下交通-网络韧性与公平性_SCS_Natural_Hazards\GPT数据\Nature Portfolio_Project\01_前期数据支撑\06_D06_BASELINE_ROUTING\D06R_CORRECTED\D06R\D06R_FINAL_FREEZE_MISSING_TWO_FILES.zip,extracted,Exact duplicate verified by identical file size and SHA-256 checksum.
69e5a2fc4986221d899ad25aa809932a55bb9b6f5b38f39adfcc6c8641c5eae8,968,4,D:\OneDrive\桌面\论文\2027年投稿期刊\论文项目\07_JB医疗可达性_洪水扰动下交通-网络韧性与公平性_SCS_Natural_Hazards\GPT数据\JB_Flood_Healthcare_Accessibility_Research\03_Nature_Portfolio_Project\Supporting_Information\Data_Tables\D06R_QC_Report.txt,D:\OneDrive\桌面\论文\2027年投稿期刊\论文项目\07_JB医疗可达性_洪水扰动下交通-网络韧性与公平性_SCS_Natural_Hazards\GPT数据\_Organization_Working\Archive_Extractions\d8e71048c6029856\VALIDATION\D06R_QC_Report.txt,D:\OneDrive\桌面\论文\2027年投稿期刊\论文项目\07_JB医疗可达性_洪水扰动下交通-网络韧性与公平性_SCS_Natural_Hazards\GPT数据\Nature Portfolio_Project\01_前期数据支撑\06_D06_BASELINE_ROUTING\PACKAGES\D06R_Corrected_Baseline_Healthcare_Accessibility_v1.0.zip,extracted,Exact duplicate verified by identical file size and SHA-256 checksum.
3c477791a31682cdc36a5f6c306be32cf5120bce6edc79125874b82cfa3996c7,54329344,4,D:\OneDrive\桌面\论文\2027年投稿期刊\论文项目\07_JB医疗可达性_洪水扰动下交通-网络韧性与公平性_SCS_Natural_Hazards\GPT数据\JB_Flood_Healthcare_Accessibility_Research\03_Nature_Portfolio_Project\Supporting_Information\Geospatial_Data\JB_D06R_Corrected_Healthcare_Accessibility_RSO.gpkg,D:\OneDrive\桌面\论文\2027年投稿期刊\论文项目\07_JB医疗可达性_洪水扰动下交通-网络韧性与公平性_SCS_Natural_Hazards\GPT数据\Nature Portfolio_Project\01_前期数据支撑\ScientificReports_JB_Flood_Healthcare_Accessibility\gis\flood\JB_D06R_Corrected_Healthcare_Accessibility_RSO.gpkg,D:\OneDrive\桌面\论文\2027年投稿期刊\论文项目\07_JB医疗可达性_洪水扰动下交通-网络韧性与公平性_SCS_Natural_Hazards\GPT数据\Nature Portfolio_Project\01_前期数据支撑\ScientificReports_JB_Flood_Healthcare_Accessibility\gis\flood\JB_D06R_Corrected_Healthcare_Accessibility_RSO.gpkg,original,Exact duplicate verified by identical file size and SHA-256 checksum.
3c477791a31682cdc36a5f6c306be32cf5120bce6edc79125874b82cfa3996c7,54329344,4,D:\OneDrive\桌面\论文\2027年投稿期刊\论文项目\07_JB医疗可达性_洪水扰动下交通-网络韧性与公平性_SCS_Natural_Hazards\GPT数据\JB_Flood_Healthcare_Accessibility_Research\03_Nature_Portfolio_Project\Supporting_Information\Geospatial_Data\JB_D06R_Corrected_Healthcare_Accessibility_RSO.gpkg,D:\OneDrive\桌面\论文\2027年投稿期刊\论文项目\07_JB医疗可达性_洪水扰动下交通-网络韧性与公平性_SCS_Natural_Hazards\GPT数据\_Organization_Working\Archive_Extractions\9ceba6593b58e613\JB_D06R_Corrected_Healthcare_Accessibility_RSO.gpkg,D:\OneDrive\桌面\论文\2027年投稿期刊\论文项目\07_JB医疗可达性_洪水扰动下交通-网络韧性与公平性_SCS_Natural_Hazards\GPT数据\Nature Portfolio_Project\01_前期数据支撑\06_D06_BASELINE_ROUTING\D06R_CORRECTED\D06R\D06R_FINAL_FREEZE_MISSING_TWO_FILES.zip,extracted,Exact duplicate verified by identical file size and SHA-256 checksum.
3c477791a31682cdc36a5f6c306be32cf5120bce6edc79125874b82cfa3996c7,54329344,4,D:\OneDrive\桌面\论文\2027年投稿期刊\论文项目\07_JB医疗可达性_洪水扰动下交通-网络韧性与公平性_SCS_Natural_Hazards\GPT数据\JB_Flood_Healthcare_Accessibility_Research\03_Nature_Portfolio_Project\Supporting_Information\Geospatial_Data\JB_D06R_Corrected_Healthcare_Accessibility_RSO.gpkg,D:\OneDrive\桌面\论文\2027年投稿期刊\论文项目\07_JB医疗可达性_洪水扰动下交通-网络韧性与公平性_SCS_Natural_Hazards\GPT数据\_Organization_Working\Archive_Extractions\d8e71048c6029856\PROCESSED\JB_D06R_Corrected_Healthcare_Accessibility_RSO.gpkg,D:\OneDrive\桌面\论文\2027年投稿期刊\论文项目\07_JB医疗可达性_洪水扰动下交通-网络韧性与公平性_SCS_Natural_Hazards\GPT数据\Nature Portfolio_Project\01_前期数据支撑\06_D06_BASELINE_ROUTING\PACKAGES\D06R_Corrected_Baseline_Healthcare_Accessibility_v1.0.zip,extracted,Exact duplicate verified by identical file size and SHA-256 checksum.
ca62eb1e49ffa8c3f83b60415c68c399eaae2c2090665edb22337c7c040e3579,2107,2,D:\OneDrive\桌面\论文\2027年投稿期刊\论文项目\07_JB医疗可达性_洪水扰动下交通-网络韧性与公平性_SCS_Natural_Hazards\GPT数据\JB_Flood_Healthcare_Accessibility_Research\03_Nature_Portfolio_Project\Supporting_Information\Data_Tables\D06_Hospital_TravelTime_Catchment_Summary.csv,D:\OneDrive\桌面\论文\2027年投稿期刊\论文项目\07_JB医疗可达性_洪水扰动下交通-网络韧性与公平性_SCS_Natural_Hazards\GPT数据\Nature Portfolio_Project\01_前期数据支撑\ScientificReports_JB_Flood_Healthcare_Accessibility\qc\D06R\D06_Hospital_TravelTime_Catchment_Summary.csv,D:\OneDrive\桌面\论文\2027年投稿期刊\论文项目\07_JB医疗可达性_洪水扰动下交通-网络韧性与公平性_SCS_Natural_Hazards\GPT数据\Nature Portfolio_Project\01_前期数据支撑\ScientificReports_JB_Flood_Healthcare_Accessibility\qc\D06R\D06_Hospital_TravelTime_Catchment_Summary.csv,original,Exact duplicate verified by identical file size and SHA-256 checksum.
8add70561c72aa9b2610fb9a70e9833f57d5c5183aa634623c8aa1aefec28401,48787456,5,D:\OneDrive\桌面\论文\2027年投稿期刊\论文项目\07_JB医疗可达性_洪水扰动下交通-网络韧性与公平性_SCS_Natural_Hazards\GPT数据\JB_Flood_Healthcare_Accessibility_Research\03_Nature_Portfolio_Project\Supporting_Information\Geospatial_Data\JB_Baseline_Healthcare_Accessibility_RSO_1.gpkg,D:\OneDrive\桌面\论文\2027年投稿期刊\论文项目\07_JB医疗可达性_洪水扰动下交通-网络韧性与公平性_SCS_Natural_Hazards\GPT数据\Nature Portfolio_Project\01_前期数据支撑\06_D06_BASELINE_ROUTING\GIS\JB_Baseline_Healthcare_Accessibility_RSO.gpkg,D:\OneDrive\桌面\论文\2027年投稿期刊\论文项目\07_JB医疗可达性_洪水扰动下交通-网络韧性与公平性_SCS_Natural_Hazards\GPT数据\Nature Portfolio_Project\01_前期数据支撑\06_D06_BASELINE_ROUTING\GIS\JB_Baseline_Healthcare_Accessibility_RSO.gpkg,original,Exact duplicate verified by identical file size and SHA-256 checksum.
8add70561c72aa9b2610fb9a70e9833f57d5c5183aa634623c8aa1aefec28401,48787456,5,D:\OneDrive\桌面\论文\2027年投稿期刊\论文项目\07_JB医疗可达性_洪水扰动下交通-网络韧性与公平性_SCS_Natural_Hazards\GPT数据\JB_Flood_Healthcare_Accessibility_Research\03_Nature_Portfolio_Project\Supporting_Information\Geospatial_Data\JB_Baseline_Healthcare_Accessibility_RSO_1.gpkg,D:\OneDrive\桌面\论文\2027年投稿期刊\论文项目\07_JB医疗可达性_洪水扰动下交通-网络韧性与公平性_SCS_Natural_Hazards\GPT数据\Nature Portfolio_Project\01_前期数据支撑\ScientificReports_JB_Flood_Healthcare_Accessibility\gis\baseline\JB_Baseline_Healthcare_Accessibility_RSO.gpkg,D:\OneDrive\桌面\论文\2027年投稿期刊\论文项目\07_JB医疗可达性_洪水扰动下交通-网络韧性与公平性_SCS_Natural_Hazards\GPT数据\Nature Portfolio_Project\01_前期数据支撑\ScientificReports_JB_Flood_Healthcare_Accessibility\gis\baseline\JB_Baseline_Healthcare_Accessibility_RSO.gpkg,original,Exact duplicate verified by identical file size and SHA-256 checksum.
8add70561c72aa9b2610fb9a70e9833f57d5c5183aa634623c8aa1aefec28401,48787456,5,D:\OneDrive\桌面\论文\2027年投稿期刊\论文项目\07_JB医疗可达性_洪水扰动下交通-网络韧性与公平性_SCS_Natural_Hazards\GPT数据\JB_Flood_Healthcare_Accessibility_Research\03_Nature_Portfolio_Project\Supporting_Information\Geospatial_Data\JB_Baseline_Healthcare_Accessibility_RSO_1.gpkg,D:\OneDrive\桌面\论文\2027年投稿期刊\论文项目\07_JB医疗可达性_洪水扰动下交通-网络韧性与公平性_SCS_Natural_Hazards\GPT数据\Nature Portfolio_Project\01_前期数据支撑\ScientificReports_JB_Flood_Healthcare_Accessibility\gis\baseline\JB_Baseline_Healthcare_Accessibility_RSO (1).gpkg,D:\OneDrive\桌面\论文\2027年投稿期刊\论文项目\07_JB医疗可达性_洪水扰动下交通-网络韧性与公平性_SCS_Natural_Hazards\GPT数据\Nature Portfolio_Project\01_前期数据支撑\ScientificReports_JB_Flood_Healthcare_Accessibility\gis\baseline\JB_Baseline_Healthcare_Accessibility_RSO (1).gpkg,original,Exact duplicate verified by identical file size and SHA-256 checksum.
8add70561c72aa9b2610fb9a70e9833f57d5c5183aa634623c8aa1aefec28401,48787456,5,D:\OneDrive\桌面\论文\2027年投稿期刊\论文项目\07_JB医疗可达性_洪水扰动下交通-网络韧性与公平性_SCS_Natural_Hazards\GPT数据\JB_Flood_Healthcare_Accessibility_Research\03_Nature_Portfolio_Project\Supporting_Information\Geospatial_Data\JB_Baseline_Healthcare_Accessibility_RSO_1.gpkg,D:\OneDrive\桌面\论文\2027年投稿期刊\论文项目\07_JB医疗可达性_洪水扰动下交通-网络韧性与公平性_SCS_Natural_Hazards\GPT数据\_Organization_Working\Archive_Extractions\2fc63964d4111967\ARCHIVE_MISSING_RECOVERY_BUNDLE_20261005\06_D06_BASELINE_ROUTING\GIS\JB_Baseline_Healthcare_Accessibility_RSO.gpkg,D:\OneDrive\桌面\论文\2027年投稿期刊\论文项目\07_JB医疗可达性_洪水扰动下交通-网络韧性与公平性_SCS_Natural_Hazards\GPT数据\Nature Portfolio_Project\01_前期数据支撑\99_DUPLICATES_REVIEW\ARCHIVE_MISSING_RECOVERY_BUNDLE_20261005.zip,extracted,Exact duplicate verified by identical file size and SHA-256 checksum.
95c045e0473195a91bdbec181353edcf06e6bacab9f422655e06637e32dc33fc,18563933,2,D:\OneDrive\桌面\论文\2027年投稿期刊\论文项目\07_JB医疗可达性_洪水扰动下交通-网络韧性与公平性_SCS_Natural_Hazards\GPT数据\JB_Flood_Healthcare_Accessibility_Research\03_Nature_Portfolio_Project\Unclassified\Original_Archives\D06_Routing_Graph_Arcs_Time.csv.gz,D:\OneDrive\桌面\论文\2027年投稿期刊\论文项目\07_JB医疗可达性_洪水扰动下交通-网络韧性与公平性_SCS_Natural_Hazards\GPT数据\_Organization_Working\Archive_Extractions\d8e71048c6029856\PROCESSED\D06R_Routing_Graph_Arcs_Time_UNCHANGED.csv.gz,D:\OneDrive\桌面\论文\2027年投稿期刊\论文项目\07_JB医疗可达性_洪水扰动下交通-网络韧性与公平性_SCS_Natural_Hazards\GPT数据\Nature Portfolio_Project\01_前期数据支撑\06_D06_BASELINE_ROUTING\PACKAGES\D06R_Corrected_Baseline_Healthcare_Accessibility_v1.0.zip,extracted,Exact duplicate verified by identical file size and SHA-256 checksum.
d100655e767ef3a449ce995009e666aa24db2e39a58284619b0251e1adc9c766,3779587,3,D:\OneDrive\桌面\论文\2027年投稿期刊\论文项目\07_JB医疗可达性_洪水扰动下交通-网络韧性与公平性_SCS_Natural_Hazards\GPT数据\JB_Flood_Healthcare_Accessibility_Research\03_Nature_Portfolio_Project\Unclassified\Original_Archives\D06_Routing_Graph_Nodes_1.csv.gz,D:\OneDrive\桌面\论文\2027年投稿期刊\论文项目\07_JB医疗可达性_洪水扰动下交通-网络韧性与公平性_SCS_Natural_Hazards\GPT数据\Nature Portfolio_Project\01_前期数据支撑\06_D06_BASELINE_ROUTING\GRAPH\D06_Routing_Graph_Nodes.csv.gz,D:\OneDrive\桌面\论文\2027年投稿期刊\论文项目\07_JB医疗可达性_洪水扰动下交通-网络韧性与公平性_SCS_Natural_Hazards\GPT数据\Nature Portfolio_Project\01_前期数据支撑\06_D06_BASELINE_ROUTING\GRAPH\D06_Routing_Graph_Nodes.csv.gz,original,Exact duplicate verified by identical file size and SHA-256 checksum.
d100655e767ef3a449ce995009e666aa24db2e39a58284619b0251e1adc9c766,3779587,3,D:\OneDrive\桌面\论文\2027年投稿期刊\论文项目\07_JB医疗可达性_洪水扰动下交通-网络韧性与公平性_SCS_Natural_Hazards\GPT数据\JB_Flood_Healthcare_Accessibility_Research\03_Nature_Portfolio_Project\Unclassified\Original_Archives\D06_Routing_Graph_Nodes_1.csv.gz,D:\OneDrive\桌面\论文\2027年投稿期刊\论文项目\07_JB医疗可达性_洪水扰动下交通-网络韧性与公平性_SCS_Natural_Hazards\GPT数据\_Organization_Working\Archive_Extractions\d8e71048c6029856\PROCESSED\D06R_Routing_Graph_Nodes_UNCHANGED.csv.gz,D:\OneDrive\桌面\论文\2027年投稿期刊\论文项目\07_JB医疗可达性_洪水扰动下交通-网络韧性与公平性_SCS_Natural_Hazards\GPT数据\Nature Portfolio_Project\01_前期数据支撑\06_D06_BASELINE_ROUTING\PACKAGES\D06R_Corrected_Baseline_Healthcare_Accessibility_v1.0.zip,extracted,Exact duplicate verified by identical file size and SHA-256 checksum.
d8e71048c6029856f691279ad6bafdcd23233afae505f2f12ed8b423fb1a7d50,49503991,2,D:\OneDrive\桌面\论文\2027年投稿期刊\论文项目\07_JB医疗可达性_洪水扰动下交通-网络韧性与公平性_SCS_Natural_Hazards\GPT数据\JB_Flood_Healthcare_Accessibility_Research\03_Nature_Portfolio_Project\Unclassified\Original_Archives\D06R_Corrected_Baseline_Healthcare_Accessibility_v1.0.zip,D:\OneDrive\桌面\论文\2027年投稿期刊\论文项目\07_JB医疗可达性_洪水扰动下交通-网络韧性与公平性_SCS_Natural_Hazards\GPT数据\_Organization_Working\Archive_Extractions\2fc63964d4111967\ARCHIVE_MISSING_RECOVERY_BUNDLE_20261005\06_D06_BASELINE_ROUTING\D06R_CORRECTED_BASELINE\D06R_Corrected_Baseline_Healthcare_Accessibility_v1.0.zip,D:\OneDrive\桌面\论文\2027年投稿期刊\论文项目\07_JB医疗可达性_洪水扰动下交通-网络韧性与公平性_SCS_Natural_Hazards\GPT数据\Nature Portfolio_Project\01_前期数据支撑\99_DUPLICATES_REVIEW\ARCHIVE_MISSING_RECOVERY_BUNDLE_20261005.zip,extracted,Exact duplicate verified by identical file size and SHA-256 checksum.
6a821801f17a7cdd2e10032ddb470e18dd0662b2278b4b22b04c6307b7b7605f,4304,2,D:\OneDrive\桌面\论文\2027年投稿期刊\论文项目\07_JB医疗可达性_洪水扰动下交通-网络韧性与公平性_SCS_Natural_Hazards\GPT数据\JB_Flood_Healthcare_Accessibility_Research\03_Nature_Portfolio_Project\Supporting_Information\Data_Tables\D06_Baseline_Routing_Accessibility_QC_Report.txt,D:\OneDrive\桌面\论文\2027年投稿期刊\论文项目\07_JB医疗可达性_洪水扰动下交通-网络韧性与公平性_SCS_Natural_Hazards\GPT数据\Nature Portfolio_Project\01_前期数据支撑\ScientificReports_JB_Flood_Healthcare_Accessibility\qc\D06R\D06_Baseline_Routing_Accessibility_QC_Report.txt,D:\OneDrive\桌面\论文\2027年投稿期刊\论文项目\07_JB医疗可达性_洪水扰动下交通-网络韧性与公平性_SCS_Natural_Hazards\GPT数据\Nature Portfolio_Project\01_前期数据支撑\ScientificReports_JB_Flood_Healthcare_Accessibility\qc\D06R\D06_Baseline_Routing_Accessibility_QC_Report.txt,original,Exact duplicate verified by identical file size and SHA-256 checksum.
ffb145e529d9d7516af6f466e338d2201bd4c164014f4c3f3b75dbdc040d4a7e,167,4,D:\OneDrive\桌面\论文\2027年投稿期刊\论文项目\07_JB医疗可达性_洪水扰动下交通-网络韧性与公平性_SCS_Natural_Hazards\GPT数据\JB_Flood_Healthcare_Accessibility_Research\03_Nature_Portfolio_Project\References\Data_Tables\D06_Reference_Speed_Model.csv,D:\OneDrive\桌面\论文\2027年投稿期刊\论文项目\07_JB医疗可达性_洪水扰动下交通-网络韧性与公平性_SCS_Natural_Hazards\GPT数据\Nature Portfolio_Project\01_前期数据支撑\ScientificReports_JB_Flood_Healthcare_Accessibility\data\routing\D06_Reference_Speed_Model.csv,D:\OneDrive\桌面\论文\2027年投稿期刊\论文项目\07_JB医疗可达性_洪水扰动下交通-网络韧性与公平性_SCS_Natural_Hazards\GPT数据\Nature Portfolio_Project\01_前期数据支撑\ScientificReports_JB_Flood_Healthcare_Accessibility\data\routing\D06_Reference_Speed_Model.csv,original,Exact duplicate verified by identical file size and SHA-256 checksum.
ffb145e529d9d7516af6f466e338d2201bd4c164014f4c3f3b75dbdc040d4a7e,167,4,D:\OneDrive\桌面\论文\2027年投稿期刊\论文项目\07_JB医疗可达性_洪水扰动下交通-网络韧性与公平性_SCS_Natural_Hazards\GPT数据\JB_Flood_Healthcare_Accessibility_Research\03_Nature_Portfolio_Project\References\Data_Tables\D06_Reference_Speed_Model.csv,D:\OneDrive\桌面\论文\2027年投稿期刊\论文项目\07_JB医疗可达性_洪水扰动下交通-网络韧性与公平性_SCS_Natural_Hazards\GPT数据\Nature Portfolio_Project\01_前期数据支撑\ScientificReports_JB_Flood_Healthcare_Accessibility\qc\D07\D06R_Reference_Speed_Model_UNCHANGED.csv,D:\OneDrive\桌面\论文\2027年投稿期刊\论文项目\07_JB医疗可达性_洪水扰动下交通-网络韧性与公平性_SCS_Natural_Hazards\GPT数据\Nature Portfolio_Project\01_前期数据支撑\ScientificReports_JB_Flood_Healthcare_Accessibility\qc\D07\D06R_Reference_Speed_Model_UNCHANGED.csv,original,Exact duplicate verified by identical file size and SHA-256 checksum.
ffb145e529d9d7516af6f466e338d2201bd4c164014f4c3f3b75dbdc040d4a7e,167,4,D:\OneDrive\桌面\论文\2027年投稿期刊\论文项目\07_JB医疗可达性_洪水扰动下交通-网络韧性与公平性_SCS_Natural_Hazards\GPT数据\JB_Flood_Healthcare_Accessibility_Research\03_Nature_Portfolio_Project\References\Data_Tables\D06_Reference_Speed_Model.csv,D:\OneDrive\桌面\论文\2027年投稿期刊\论文项目\07_JB医疗可达性_洪水扰动下交通-网络韧性与公平性_SCS_Natural_Hazards\GPT数据\_Organization_Working\Archive_Extractions\d8e71048c6029856\VALIDATION\D06R_Reference_Speed_Model_UNCHANGED.csv,D:\OneDrive\桌面\论文\2027年投稿期刊\论文项目\07_JB医疗可达性_洪水扰动下交通-网络韧性与公平性_SCS_Natural_Hazards\GPT数据\Nature Portfolio_Project\01_前期数据支撑\06_D06_BASELINE_ROUTING\PACKAGES\D06R_Corrected_Baseline_Healthcare_Accessibility_v1.0.zip,extracted,Exact duplicate verified by identical file size and SHA-256 checksum.
8193162c7156050ca9865e6ec879b48fc83f1d131803c3bb7b33c917ac8756c8,3175,4,D:\OneDrive\桌面\论文\2027年投稿期刊\论文项目\07_JB医疗可达性_洪水扰动下交通-网络韧性与公平性_SCS_Natural_Hazards\GPT数据\JB_Flood_Healthcare_Accessibility_Research\03_Nature_Portfolio_Project\Tables\Data_Tables\D07E_2025_JKR_Road_IMERG_Alignment.csv,D:\OneDrive\桌面\论文\2027年投稿期刊\论文项目\07_JB医疗可达性_洪水扰动下交通-网络韧性与公平性_SCS_Natural_Hazards\GPT数据\Nature Portfolio_Project\01_前期数据支撑\07_D07_FLOOD_EVENT\D07E_IMERG\RAW\D07E_NASA_IMERG_Download_Helper\D07E_2025_JKR_Road_IMERG_Alignment.csv,D:\OneDrive\桌面\论文\2027年投稿期刊\论文项目\07_JB医疗可达性_洪水扰动下交通-网络韧性与公平性_SCS_Natural_Hazards\GPT数据\Nature Portfolio_Project\01_前期数据支撑\07_D07_FLOOD_EVENT\D07E_IMERG\RAW\D07E_NASA_IMERG_Download_Helper\D07E_2025_JKR_Road_IMERG_Alignment.csv,original,Exact duplicate verified by identical file size and SHA-256 checksum.
8193162c7156050ca9865e6ec879b48fc83f1d131803c3bb7b33c917ac8756c8,3175,4,D:\OneDrive\桌面\论文\2027年投稿期刊\论文项目\07_JB医疗可达性_洪水扰动下交通-网络韧性与公平性_SCS_Natural_Hazards\GPT数据\JB_Flood_Healthcare_Accessibility_Research\03_Nature_Portfolio_Project\Tables\Data_Tables\D07E_2025_JKR_Road_IMERG_Alignment.csv,D:\OneDrive\桌面\论文\2027年投稿期刊\论文项目\07_JB医疗可达性_洪水扰动下交通-网络韧性与公平性_SCS_Natural_Hazards\GPT数据\_Organization_Working\Archive_Extractions\38df6f38870e57a9\05_ROAD_ALIGNMENT\D07E_2025_JKR_Road_IMERG_Alignment.csv,D:\OneDrive\桌面\论文\2027年投稿期刊\论文项目\07_JB医疗可达性_洪水扰动下交通-网络韧性与公平性_SCS_Natural_Hazards\GPT数据\Nature Portfolio_Project\01_前期数据支撑\07_D07_FLOOD_EVENT\D07E_IMERG\RAW\D07E_NASA_IMERG_Download_Helper\D07E_Final_IMERG_20250319_21_v1.0.zip,extracted,Exact duplicate verified by identical file size and SHA-256 checksum.
8193162c7156050ca9865e6ec879b48fc83f1d131803c3bb7b33c917ac8756c8,3175,4,D:\OneDrive\桌面\论文\2027年投稿期刊\论文项目\07_JB医疗可达性_洪水扰动下交通-网络韧性与公平性_SCS_Natural_Hazards\GPT数据\JB_Flood_Healthcare_Accessibility_Research\03_Nature_Portfolio_Project\Tables\Data_Tables\D07E_2025_JKR_Road_IMERG_Alignment.csv,D:\OneDrive\桌面\论文\2027年投稿期刊\论文项目\07_JB医疗可达性_洪水扰动下交通-网络韧性与公平性_SCS_Natural_Hazards\GPT数据\_Organization_Working\Archive_Extractions\2fc63964d4111967\ARCHIVE_MISSING_RECOVERY_BUNDLE_20261005\07_D07_FLOOD_EVENT\D07E_IMERG\ROAD_ALIGNMENT\D07E_2025_JKR_Road_IMERG_Alignment.csv,D:\OneDrive\桌面\论文\2027年投稿期刊\论文项目\07_JB医疗可达性_洪水扰动下交通-网络韧性与公平性_SCS_Natural_Hazards\GPT数据\Nature Portfolio_Project\01_前期数据支撑\99_DUPLICATES_REVIEW\ARCHIVE_MISSING_RECOVERY_BUNDLE_20261005.zip,extracted,Exact duplicate verified by identical file size and SHA-256 checksum.
7d12bc905dcd96f624893cb0256f41c24047b1e68e009d8a90c87b9efc7202f9,741,3,D:\OneDrive\桌面\论文\2027年投稿期刊\论文项目\07_JB医疗可达性_洪水扰动下交通-网络韧性与公平性_SCS_Natural_Hazards\GPT数据\JB_Flood_Healthcare_Accessibility_Research\03_Nature_Portfolio_Project\Supporting_Information\Data_Tables\D07E_D08_Gate_Decision.csv,D:\OneDrive\桌面\论文\2027年投稿期刊\论文项目\07_JB医疗可达性_洪水扰动下交通-网络韧性与公平性_SCS_Natural_Hazards\GPT数据\Nature Portfolio_Project\01_前期数据支撑\07_D07_FLOOD_EVENT\D07E_IMERG\RAW\D07E_NASA_IMERG_Download_Helper\D07E_D08_Gate_Decision.csv,D:\OneDrive\桌面\论文\2027年投稿期刊\论文项目\07_JB医疗可达性_洪水扰动下交通-网络韧性与公平性_SCS_Natural_Hazards\GPT数据\Nature Portfolio_Project\01_前期数据支撑\07_D07_FLOOD_EVENT\D07E_IMERG\RAW\D07E_NASA_IMERG_Download_Helper\D07E_D08_Gate_Decision.csv,original,Exact duplicate verified by identical file size and SHA-256 checksum.
7d12bc905dcd96f624893cb0256f41c24047b1e68e009d8a90c87b9efc7202f9,741,3,D:\OneDrive\桌面\论文\2027年投稿期刊\论文项目\07_JB医疗可达性_洪水扰动下交通-网络韧性与公平性_SCS_Natural_Hazards\GPT数据\JB_Flood_Healthcare_Accessibility_Research\03_Nature_Portfolio_Project\Supporting_Information\Data_Tables\D07E_D08_Gate_Decision.csv,D:\OneDrive\桌面\论文\2027年投稿期刊\论文项目\07_JB医疗可达性_洪水扰动下交通-网络韧性与公平性_SCS_Natural_Hazards\GPT数据\_Organization_Working\Archive_Extractions\38df6f38870e57a9\08_VALIDATION\D07E_D08_Gate_Decision.csv,D:\OneDrive\桌面\论文\2027年投稿期刊\论文项目\07_JB医疗可达性_洪水扰动下交通-网络韧性与公平性_SCS_Natural_Hazards\GPT数据\Nature Portfolio_Project\01_前期数据支撑\07_D07_FLOOD_EVENT\D07E_IMERG\RAW\D07E_NASA_IMERG_Download_Helper\D07E_Final_IMERG_20250319_21_v1.0.zip,extracted,Exact duplicate verified by identical file size and SHA-256 checksum.
80cca7aa2b1289fb31520f52b68800d2037d0f79560a6b1d15b294bbd3b6a9da,28829,2,D:\OneDrive\桌面\论文\2027年投稿期刊\论文项目\07_JB医疗可达性_洪水扰动下交通-网络韧性与公平性_SCS_Natural_Hazards\GPT数据\JB_Flood_Healthcare_Accessibility_Research\03_Nature_Portfolio_Project\Supporting_Information\Data_Tables\D07E_Downloaded_IMERG_Inventory.csv,D:\OneDrive\桌面\论文\2027年投稿期刊\论文项目\07_JB医疗可达性_洪水扰动下交通-网络韧性与公平性_SCS_Natural_Hazards\GPT数据\Nature Portfolio_Project\01_前期数据支撑\07_D07_FLOOD_EVENT\D07E_IMERG\RAW\D07E_NASA_IMERG_Download_Helper\D07E_Downloaded_IMERG_Inventory.csv,D:\OneDrive\桌面\论文\2027年投稿期刊\论文项目\07_JB医疗可达性_洪水扰动下交通-网络韧性与公平性_SCS_Natural_Hazards\GPT数据\Nature Portfolio_Project\01_前期数据支撑\07_D07_FLOOD_EVENT\D07E_IMERG\RAW\D07E_NASA_IMERG_Download_Helper\D07E_Downloaded_IMERG_Inventory.csv,original,Exact duplicate verified by identical file size and SHA-256 checksum.
3cbdc1f2fd008684d1f628abc24e15994b9689fe28fd161a1158e063f7ca20fb,1713,3,D:\OneDrive\桌面\论文\2027年投稿期刊\论文项目\07_JB医疗可达性_洪水扰动下交通-网络韧性与公平性_SCS_Natural_Hazards\GPT数据\JB_Flood_Healthcare_Accessibility_Research\03_Nature_Portfolio_Project\Supporting_Information\Scripts\D07E_download_IMERG_144.py,D:\OneDrive\桌面\论文\2027年投稿期刊\论文项目\07_JB医疗可达性_洪水扰动下交通-网络韧性与公平性_SCS_Natural_Hazards\GPT数据\Nature Portfolio_Project\01_前期数据支撑\ScientificReports_JB_Flood_Healthcare_Accessibility\metadata\provenance\D07E_download_IMERG_144.py,D:\OneDrive\桌面\论文\2027年投稿期刊\论文项目\07_JB医疗可达性_洪水扰动下交通-网络韧性与公平性_SCS_Natural_Hazards\GPT数据\Nature Portfolio_Project\01_前期数据支撑\ScientificReports_JB_Flood_Healthcare_Accessibility\metadata\provenance\D07E_download_IMERG_144.py,original,Exact duplicate verified by identical file size and SHA-256 checksum.
3cbdc1f2fd008684d1f628abc24e15994b9689fe28fd161a1158e063f7ca20fb,1713,3,D:\OneDrive\桌面\论文\2027年投稿期刊\论文项目\07_JB医疗可达性_洪水扰动下交通-网络韧性与公平性_SCS_Natural_Hazards\GPT数据\JB_Flood_Healthcare_Accessibility_Research\03_Nature_Portfolio_Project\Supporting_Information\Scripts\D07E_download_IMERG_144.py,D:\OneDrive\桌面\论文\2027年投稿期刊\论文项目\07_JB医疗可达性_洪水扰动下交通-网络韧性与公平性_SCS_Natural_Hazards\GPT数据\_Organization_Working\Archive_Extractions\ba6e956bd20db42c\D07E_download_IMERG_144.py,D:\OneDrive\桌面\论文\2027年投稿期刊\论文项目\07_JB医疗可达性_洪水扰动下交通-网络韧性与公平性_SCS_Natural_Hazards\GPT数据\Nature Portfolio_Project\01_前期数据支撑\07_D07_FLOOD_EVENT\D07E_IMERG\RAW\D07E_NASA_IMERG_Download_Helper\D07E_NASA_IMERG_Download_Helper.zip,extracted,Exact duplicate verified by identical file size and SHA-256 checksum.
ef3744a64fccd8425e52b5cd102778b3b86ac2ddd1bc54aebc26c0fc1f7d742b,5030,3,D:\OneDrive\桌面\论文\2027年投稿期刊\论文项目\07_JB医疗可达性_洪水扰动下交通-网络韧性与公平性_SCS_Natural_Hazards\GPT数据\JB_Flood_Healthcare_Accessibility_Research\03_Nature_Portfolio_Project\Supporting_Information\Data_Tables\D07E_Final_QC_Report.txt,D:\OneDrive\桌面\论文\2027年投稿期刊\论文项目\07_JB医疗可达性_洪水扰动下交通-网络韧性与公平性_SCS_Natural_Hazards\GPT数据\Nature Portfolio_Project\01_前期数据支撑\07_D07_FLOOD_EVENT\D07E_IMERG\RAW\D07E_NASA_IMERG_Download_Helper\D07E_Final_QC_Report.txt,D:\OneDrive\桌面\论文\2027年投稿期刊\论文项目\07_JB医疗可达性_洪水扰动下交通-网络韧性与公平性_SCS_Natural_Hazards\GPT数据\Nature Portfolio_Project\01_前期数据支撑\07_D07_FLOOD_EVENT\D07E_IMERG\RAW\D07E_NASA_IMERG_Download_Helper\D07E_Final_QC_Report.txt,original,Exact duplicate verified by identical file size and SHA-256 checksum.
ef3744a64fccd8425e52b5cd102778b3b86ac2ddd1bc54aebc26c0fc1f7d742b,5030,3,D:\OneDrive\桌面\论文\2027年投稿期刊\论文项目\07_JB医疗可达性_洪水扰动下交通-网络韧性与公平性_SCS_Natural_Hazards\GPT数据\JB_Flood_Healthcare_Accessibility_Research\03_Nature_Portfolio_Project\Supporting_Information\Data_Tables\D07E_Final_QC_Report.txt,D:\OneDrive\桌面\论文\2027年投稿期刊\论文项目\07_JB医疗可达性_洪水扰动下交通-网络韧性与公平性_SCS_Natural_Hazards\GPT数据\_Organization_Working\Archive_Extractions\38df6f38870e57a9\08_VALIDATION\D07E_Final_QC_Report.txt,D:\OneDrive\桌面\论文\2027年投稿期刊\论文项目\07_JB医疗可达性_洪水扰动下交通-网络韧性与公平性_SCS_Natural_Hazards\GPT数据\Nature Portfolio_Project\01_前期数据支撑\07_D07_FLOOD_EVENT\D07E_IMERG\RAW\D07E_NASA_IMERG_Download_Helper\D07E_Final_IMERG_20250319_21_v1.0.zip,extracted,Exact duplicate verified by identical file size and SHA-256 checksum.
210dcf72158e7588ad8e7e4e5670439cccdcd026e9892410fa52dbcc9467e836,31788,3,D:\OneDrive\桌面\论文\2027年投稿期刊\论文项目\07_JB医疗可达性_洪水扰动下交通-网络韧性与公平性_SCS_Natural_Hazards\GPT数据\JB_Flood_Healthcare_Accessibility_Research\03_Nature_Portfolio_Project\Supporting_Information\Data_Tables\D07E_IMERG_144_HDF5_Inventory_SHA256.csv,D:\OneDrive\桌面\论文\2027年投稿期刊\论文项目\07_JB医疗可达性_洪水扰动下交通-网络韧性与公平性_SCS_Natural_Hazards\GPT数据\Nature Portfolio_Project\01_前期数据支撑\07_D07_FLOOD_EVENT\D07E_IMERG\RAW\D07E_NASA_IMERG_Download_Helper\D07E_IMERG_144_HDF5_Inventory_SHA256.csv,D:\OneDrive\桌面\论文\2027年投稿期刊\论文项目\07_JB医疗可达性_洪水扰动下交通-网络韧性与公平性_SCS_Natural_Hazards\GPT数据\Nature Portfolio_Project\01_前期数据支撑\07_D07_FLOOD_EVENT\D07E_IMERG\RAW\D07E_NASA_IMERG_Download_Helper\D07E_IMERG_144_HDF5_Inventory_SHA256.csv,original,Exact duplicate verified by identical file size and SHA-256 checksum.
210dcf72158e7588ad8e7e4e5670439cccdcd026e9892410fa52dbcc9467e836,31788,3,D:\OneDrive\桌面\论文\2027年投稿期刊\论文项目\07_JB医疗可达性_洪水扰动下交通-网络韧性与公平性_SCS_Natural_Hazards\GPT数据\JB_Flood_Healthcare_Accessibility_Research\03_Nature_Portfolio_Project\Supporting_Information\Data_Tables\D07E_IMERG_144_HDF5_Inventory_SHA256.csv,D:\OneDrive\桌面\论文\2027年投稿期刊\论文项目\07_JB医疗可达性_洪水扰动下交通-网络韧性与公平性_SCS_Natural_Hazards\GPT数据\_Organization_Working\Archive_Extractions\38df6f38870e57a9\01_RAW_QC\D07E_IMERG_144_HDF5_Inventory_SHA256.csv,D:\OneDrive\桌面\论文\2027年投稿期刊\论文项目\07_JB医疗可达性_洪水扰动下交通-网络韧性与公平性_SCS_Natural_Hazards\GPT数据\Nature Portfolio_Project\01_前期数据支撑\07_D07_FLOOD_EVENT\D07E_IMERG\RAW\D07E_NASA_IMERG_Download_Helper\D07E_Final_IMERG_20250319_21_v1.0.zip,extracted,Exact duplicate verified by identical file size and SHA-256 checksum.
6d4991b40e8edf85eb812d3c8f34ef7f518907afaaa6e6cad1760b7c39e9fa64,139895,2,D:\OneDrive\桌面\论文\2027年投稿期刊\论文项目\07_JB医疗可达性_洪水扰动下交通-网络韧性与公平性_SCS_Natural_Hazards\GPT数据\JB_Flood_Healthcare_Accessibility_Research\03_Nature_Portfolio_Project\Unclassified\Original_Archives\D07E_IMERG_JB_20Cells_HalfHourly.csv.gz,D:\OneDrive\桌面\论文\2027年投稿期刊\论文项目\07_JB医疗可达性_洪水扰动下交通-网络韧性与公平性_SCS_Natural_Hazards\GPT数据\_Organization_Working\Archive_Extractions\38df6f38870e57a9\02_HALFHOURLY\D07E_IMERG_JB_20Cells_HalfHourly.csv.gz,D:\OneDrive\桌面\论文\2027年投稿期刊\论文项目\07_JB医疗可达性_洪水扰动下交通-网络韧性与公平性_SCS_Natural_Hazards\GPT数据\Nature Portfolio_Project\01_前期数据支撑\07_D07_FLOOD_EVENT\D07E_IMERG\RAW\D07E_NASA_IMERG_Download_Helper\D07E_Final_IMERG_20250319_21_v1.0.zip,extracted,Exact duplicate verified by identical file size and SHA-256 checksum.
1e2f25dd9f31a3ee8d13a17934ccb20f953f4e3f34112a7c5ad432624acd24e3,8362,4,D:\OneDrive\桌面\论文\2027年投稿期刊\论文项目\07_JB医疗可达性_洪水扰动下交通-网络韧性与公平性_SCS_Natural_Hazards\GPT数据\JB_Flood_Healthcare_Accessibility_Research\03_Nature_Portfolio_Project\Tables\Data_Tables\D07E_IMERG_JB_Cell_Peaks_and_Daily.csv,D:\OneDrive\桌面\论文\2027年投稿期刊\论文项目\07_JB医疗可达性_洪水扰动下交通-网络韧性与公平性_SCS_Natural_Hazards\GPT数据\Nature Portfolio_Project\01_前期数据支撑\07_D07_FLOOD_EVENT\D07E_IMERG\RAW\D07E_NASA_IMERG_Download_Helper\D07E_IMERG_JB_Cell_Peaks_and_Daily.csv,D:\OneDrive\桌面\论文\2027年投稿期刊\论文项目\07_JB医疗可达性_洪水扰动下交通-网络韧性与公平性_SCS_Natural_Hazards\GPT数据\Nature Portfolio_Project\01_前期数据支撑\07_D07_FLOOD_EVENT\D07E_IMERG\RAW\D07E_NASA_IMERG_Download_Helper\D07E_IMERG_JB_Cell_Peaks_and_Daily.csv,original,Exact duplicate verified by identical file size and SHA-256 checksum.
1e2f25dd9f31a3ee8d13a17934ccb20f953f4e3f34112a7c5ad432624acd24e3,8362,4,D:\OneDrive\桌面\论文\2027年投稿期刊\论文项目\07_JB医疗可达性_洪水扰动下交通-网络韧性与公平性_SCS_Natural_Hazards\GPT数据\JB_Flood_Healthcare_Accessibility_Research\03_Nature_Portfolio_Project\Tables\Data_Tables\D07E_IMERG_JB_Cell_Peaks_and_Daily.csv,D:\OneDrive\桌面\论文\2027年投稿期刊\论文项目\07_JB医疗可达性_洪水扰动下交通-网络韧性与公平性_SCS_Natural_Hazards\GPT数据\_Organization_Working\Archive_Extractions\38df6f38870e57a9\03_PEAKS_DAILY\D07E_IMERG_JB_Cell_Peaks_and_Daily.csv,D:\OneDrive\桌面\论文\2027年投稿期刊\论文项目\07_JB医疗可达性_洪水扰动下交通-网络韧性与公平性_SCS_Natural_Hazards\GPT数据\Nature Portfolio_Project\01_前期数据支撑\07_D07_FLOOD_EVENT\D07E_IMERG\RAW\D07E_NASA_IMERG_Download_Helper\D07E_Final_IMERG_20250319_21_v1.0.zip,extracted,Exact duplicate verified by identical file size and SHA-256 checksum.
1e2f25dd9f31a3ee8d13a17934ccb20f953f4e3f34112a7c5ad432624acd24e3,8362,4,D:\OneDrive\桌面\论文\2027年投稿期刊\论文项目\07_JB医疗可达性_洪水扰动下交通-网络韧性与公平性_SCS_Natural_Hazards\GPT数据\JB_Flood_Healthcare_Accessibility_Research\03_Nature_Portfolio_Project\Tables\Data_Tables\D07E_IMERG_JB_Cell_Peaks_and_Daily.csv,D:\OneDrive\桌面\论文\2027年投稿期刊\论文项目\07_JB医疗可达性_洪水扰动下交通-网络韧性与公平性_SCS_Natural_Hazards\GPT数据\_Organization_Working\Archive_Extractions\2fc63964d4111967\ARCHIVE_MISSING_RECOVERY_BUNDLE_20261005\07_D07_FLOOD_EVENT\D07E_IMERG\PROCESSED\D07E_IMERG_JB_Cell_Peaks_and_Daily.csv,D:\OneDrive\桌面\论文\2027年投稿期刊\论文项目\07_JB医疗可达性_洪水扰动下交通-网络韧性与公平性_SCS_Natural_Hazards\GPT数据\Nature Portfolio_Project\01_前期数据支撑\99_DUPLICATES_REVIEW\ARCHIVE_MISSING_RECOVERY_BUNDLE_20261005.zip,extracted,Exact duplicate verified by identical file size and SHA-256 checksum.
d24868dea57402fb34daa1e6e8cbcb3baf6cd4308274f6d2c8ca3b32d12f3bd8,143360,4,D:\OneDrive\桌面\论文\2027年投稿期刊\论文项目\07_JB医疗可达性_洪水扰动下交通-网络韧性与公平性_SCS_Natural_Hazards\GPT数据\JB_Flood_Healthcare_Accessibility_Research\03_Nature_Portfolio_Project\Supporting_Information\Geospatial_Data\D07E_IMERG_JB_Grid_Peaks_WGS84.gpkg,D:\OneDrive\桌面\论文\2027年投稿期刊\论文项目\07_JB医疗可达性_洪水扰动下交通-网络韧性与公平性_SCS_Natural_Hazards\GPT数据\Nature Portfolio_Project\01_前期数据支撑\07_D07_FLOOD_EVENT\D07E_IMERG\RAW\D07E_NASA_IMERG_Download_Helper\D07E_IMERG_JB_Grid_Peaks_WGS84.gpkg,D:\OneDrive\桌面\论文\2027年投稿期刊\论文项目\07_JB医疗可达性_洪水扰动下交通-网络韧性与公平性_SCS_Natural_Hazards\GPT数据\Nature Portfolio_Project\01_前期数据支撑\07_D07_FLOOD_EVENT\D07E_IMERG\RAW\D07E_NASA_IMERG_Download_Helper\D07E_IMERG_JB_Grid_Peaks_WGS84.gpkg,original,Exact duplicate verified by identical file size and SHA-256 checksum.
d24868dea57402fb34daa1e6e8cbcb3baf6cd4308274f6d2c8ca3b32d12f3bd8,143360,4,D:\OneDrive\桌面\论文\2027年投稿期刊\论文项目\07_JB医疗可达性_洪水扰动下交通-网络韧性与公平性_SCS_Natural_Hazards\GPT数据\JB_Flood_Healthcare_Accessibility_Research\03_Nature_Portfolio_Project\Supporting_Information\Geospatial_Data\D07E_IMERG_JB_Grid_Peaks_WGS84.gpkg,D:\OneDrive\桌面\论文\2027年投稿期刊\论文项目\07_JB医疗可达性_洪水扰动下交通-网络韧性与公平性_SCS_Natural_Hazards\GPT数据\_Organization_Working\Archive_Extractions\38df6f38870e57a9\06_GIS\D07E_IMERG_JB_Grid_Peaks_WGS84.gpkg,D:\OneDrive\桌面\论文\2027年投稿期刊\论文项目\07_JB医疗可达性_洪水扰动下交通-网络韧性与公平性_SCS_Natural_Hazards\GPT数据\Nature Portfolio_Project\01_前期数据支撑\07_D07_FLOOD_EVENT\D07E_IMERG\RAW\D07E_NASA_IMERG_Download_Helper\D07E_Final_IMERG_20250319_21_v1.0.zip,extracted,Exact duplicate verified by identical file size and SHA-256 checksum.
d24868dea57402fb34daa1e6e8cbcb3baf6cd4308274f6d2c8ca3b32d12f3bd8,143360,4,D:\OneDrive\桌面\论文\2027年投稿期刊\论文项目\07_JB医疗可达性_洪水扰动下交通-网络韧性与公平性_SCS_Natural_Hazards\GPT数据\JB_Flood_Healthcare_Accessibility_Research\03_Nature_Portfolio_Project\Supporting_Information\Geospatial_Data\D07E_IMERG_JB_Grid_Peaks_WGS84.gpkg,D:\OneDrive\桌面\论文\2027年投稿期刊\论文项目\07_JB医疗可达性_洪水扰动下交通-网络韧性与公平性_SCS_Natural_Hazards\GPT数据\_Organization_Working\Archive_Extractions\2fc63964d4111967\ARCHIVE_MISSING_RECOVERY_BUNDLE_20261005\07_D07_FLOOD_EVENT\D07E_IMERG\GIS\D07E_IMERG_JB_Grid_Peaks_WGS84.gpkg,D:\OneDrive\桌面\论文\2027年投稿期刊\论文项目\07_JB医疗可达性_洪水扰动下交通-网络韧性与公平性_SCS_Natural_Hazards\GPT数据\Nature Portfolio_Project\01_前期数据支撑\99_DUPLICATES_REVIEW\ARCHIVE_MISSING_RECOVERY_BUNDLE_20261005.zip,extracted,Exact duplicate verified by identical file size and SHA-256 checksum.
37e70e897e31c6e89e3a4cd31429ebb9c360d07fac3c0f9472b48ffd88a6bc45,440,4,D:\OneDrive\桌面\论文\2027年投稿期刊\论文项目\07_JB医疗可达性_洪水扰动下交通-网络韧性与公平性_SCS_Natural_Hazards\GPT数据\JB_Flood_Healthcare_Accessibility_Research\03_Nature_Portfolio_Project\Supporting_Information\Data_Tables\D07E_Senai_MET_vs_IMERG_Daily.csv,D:\OneDrive\桌面\论文\2027年投稿期刊\论文项目\07_JB医疗可达性_洪水扰动下交通-网络韧性与公平性_SCS_Natural_Hazards\GPT数据\Nature Portfolio_Project\01_前期数据支撑\07_D07_FLOOD_EVENT\D07E_IMERG\RAW\D07E_NASA_IMERG_Download_Helper\D07E_Senai_MET_vs_IMERG_Daily.csv,D:\OneDrive\桌面\论文\2027年投稿期刊\论文项目\07_JB医疗可达性_洪水扰动下交通-网络韧性与公平性_SCS_Natural_Hazards\GPT数据\Nature Portfolio_Project\01_前期数据支撑\07_D07_FLOOD_EVENT\D07E_IMERG\RAW\D07E_NASA_IMERG_Download_Helper\D07E_Senai_MET_vs_IMERG_Daily.csv,original,Exact duplicate verified by identical file size and SHA-256 checksum.
37e70e897e31c6e89e3a4cd31429ebb9c360d07fac3c0f9472b48ffd88a6bc45,440,4,D:\OneDrive\桌面\论文\2027年投稿期刊\论文项目\07_JB医疗可达性_洪水扰动下交通-网络韧性与公平性_SCS_Natural_Hazards\GPT数据\JB_Flood_Healthcare_Accessibility_Research\03_Nature_Portfolio_Project\Supporting_Information\Data_Tables\D07E_Senai_MET_vs_IMERG_Daily.csv,D:\OneDrive\桌面\论文\2027年投稿期刊\论文项目\07_JB医疗可达性_洪水扰动下交通-网络韧性与公平性_SCS_Natural_Hazards\GPT数据\_Organization_Working\Archive_Extractions\38df6f38870e57a9\04_SENAI_VALIDATION\D07E_Senai_MET_vs_IMERG_Daily.csv,D:\OneDrive\桌面\论文\2027年投稿期刊\论文项目\07_JB医疗可达性_洪水扰动下交通-网络韧性与公平性_SCS_Natural_Hazards\GPT数据\Nature Portfolio_Project\01_前期数据支撑\07_D07_FLOOD_EVENT\D07E_IMERG\RAW\D07E_NASA_IMERG_Download_Helper\D07E_Final_IMERG_20250319_21_v1.0.zip,extracted,Exact duplicate verified by identical file size and SHA-256 checksum.
37e70e897e31c6e89e3a4cd31429ebb9c360d07fac3c0f9472b48ffd88a6bc45,440,4,D:\OneDrive\桌面\论文\2027年投稿期刊\论文项目\07_JB医疗可达性_洪水扰动下交通-网络韧性与公平性_SCS_Natural_Hazards\GPT数据\JB_Flood_Healthcare_Accessibility_Research\03_Nature_Portfolio_Project\Supporting_Information\Data_Tables\D07E_Senai_MET_vs_IMERG_Daily.csv,D:\OneDrive\桌面\论文\2027年投稿期刊\论文项目\07_JB医疗可达性_洪水扰动下交通-网络韧性与公平性_SCS_Natural_Hazards\GPT数据\_Organization_Working\Archive_Extractions\2fc63964d4111967\ARCHIVE_MISSING_RECOVERY_BUNDLE_20261005\07_D07_FLOOD_EVENT\D07E_IMERG\SENAI_VALIDATION\D07E_Senai_MET_vs_IMERG_Daily.csv,D:\OneDrive\桌面\论文\2027年投稿期刊\论文项目\07_JB医疗可达性_洪水扰动下交通-网络韧性与公平性_SCS_Natural_Hazards\GPT数据\Nature Portfolio_Project\01_前期数据支撑\99_DUPLICATES_REVIEW\ARCHIVE_MISSING_RECOVERY_BUNDLE_20261005.zip,extracted,Exact duplicate verified by identical file size and SHA-256 checksum.
c0e49e0576486a122ad2cc5af6e50abb90dea97bb054877652e934f3ebf9b152,673,3,D:\OneDrive\桌面\论文\2027年投稿期刊\论文项目\07_JB医疗可达性_洪水扰动下交通-网络韧性与公平性_SCS_Natural_Hazards\GPT数据\JB_Flood_Healthcare_Accessibility_Research\03_Nature_Portfolio_Project\Tables\Data_Tables\README_CN.txt,D:\OneDrive\桌面\论文\2027年投稿期刊\论文项目\07_JB医疗可达性_洪水扰动下交通-网络韧性与公平性_SCS_Natural_Hazards\GPT数据\Nature Portfolio_Project\01_前期数据支撑\07_D07_FLOOD_EVENT\D07E_IMERG\RAW\D07E_NASA_IMERG_Download_Helper\README_CN.txt,D:\OneDrive\桌面\论文\2027年投稿期刊\论文项目\07_JB医疗可达性_洪水扰动下交通-网络韧性与公平性_SCS_Natural_Hazards\GPT数据\Nature Portfolio_Project\01_前期数据支撑\07_D07_FLOOD_EVENT\D07E_IMERG\RAW\D07E_NASA_IMERG_Download_Helper\README_CN.txt,original,Exact duplicate verified by identical file size and SHA-256 checksum.
c0e49e0576486a122ad2cc5af6e50abb90dea97bb054877652e934f3ebf9b152,673,3,D:\OneDrive\桌面\论文\2027年投稿期刊\论文项目\07_JB医疗可达性_洪水扰动下交通-网络韧性与公平性_SCS_Natural_Hazards\GPT数据\JB_Flood_Healthcare_Accessibility_Research\03_Nature_Portfolio_Project\Tables\Data_Tables\README_CN.txt,D:\OneDrive\桌面\论文\2027年投稿期刊\论文项目\07_JB医疗可达性_洪水扰动下交通-网络韧性与公平性_SCS_Natural_Hazards\GPT数据\_Organization_Working\Archive_Extractions\ba6e956bd20db42c\README_CN.txt,D:\OneDrive\桌面\论文\2027年投稿期刊\论文项目\07_JB医疗可达性_洪水扰动下交通-网络韧性与公平性_SCS_Natural_Hazards\GPT数据\Nature Portfolio_Project\01_前期数据支撑\07_D07_FLOOD_EVENT\D07E_IMERG\RAW\D07E_NASA_IMERG_Download_Helper\D07E_NASA_IMERG_Download_Helper.zip,extracted,Exact duplicate verified by identical file size and SHA-256 checksum.
40542fa2ba855c3411f1e469733dbe291934882f8c96ab80d3d64d4b871b8858,222,3,D:\OneDrive\桌面\论文\2027年投稿期刊\论文项目\07_JB医疗可达性_洪水扰动下交通-网络韧性与公平性_SCS_Natural_Hazards\GPT数据\JB_Flood_Healthcare_Accessibility_Research\03_Nature_Portfolio_Project\Supporting_Information\Scripts\RUN_D07E_DOWNLOAD.bat,D:\OneDrive\桌面\论文\2027年投稿期刊\论文项目\07_JB医疗可达性_洪水扰动下交通-网络韧性与公平性_SCS_Natural_Hazards\GPT数据\Nature Portfolio_Project\01_前期数据支撑\ScientificReports_JB_Flood_Healthcare_Accessibility\metadata\provenance\RUN_D07E_DOWNLOAD.bat,D:\OneDrive\桌面\论文\2027年投稿期刊\论文项目\07_JB医疗可达性_洪水扰动下交通-网络韧性与公平性_SCS_Natural_Hazards\GPT数据\Nature Portfolio_Project\01_前期数据支撑\ScientificReports_JB_Flood_Healthcare_Accessibility\metadata\provenance\RUN_D07E_DOWNLOAD.bat,original,Exact duplicate verified by identical file size and SHA-256 checksum.
40542fa2ba855c3411f1e469733dbe291934882f8c96ab80d3d64d4b871b8858,222,3,D:\OneDrive\桌面\论文\2027年投稿期刊\论文项目\07_JB医疗可达性_洪水扰动下交通-网络韧性与公平性_SCS_Natural_Hazards\GPT数据\JB_Flood_Healthcare_Accessibility_Research\03_Nature_Portfolio_Project\Supporting_Information\Scripts\RUN_D07E_DOWNLOAD.bat,D:\OneDrive\桌面\论文\2027年投稿期刊\论文项目\07_JB医疗可达性_洪水扰动下交通-网络韧性与公平性_SCS_Natural_Hazards\GPT数据\_Organization_Working\Archive_Extractions\ba6e956bd20db42c\RUN_D07E_DOWNLOAD.bat,D:\OneDrive\桌面\论文\2027年投稿期刊\论文项目\07_JB医疗可达性_洪水扰动下交通-网络韧性与公平性_SCS_Natural_Hazards\GPT数据\Nature Portfolio_Project\01_前期数据支撑\07_D07_FLOOD_EVENT\D07E_IMERG\RAW\D07E_NASA_IMERG_Download_Helper\D07E_NASA_IMERG_Download_Helper.zip,extracted,Exact duplicate verified by identical file size and SHA-256 checksum.
348fc5f371b59620cd0f48698ffb082c89ca8a601f4b7bcfacfe885845055094,7877106,2,D:\OneDrive\桌面\论文\2027年投稿期刊\论文项目\07_JB医疗可达性_洪水扰动下交通-网络韧性与公平性_SCS_Natural_Hazards\GPT数据\JB_Flood_Healthcare_Accessibility_Research\03_Nature_Portfolio_Project\Supporting_Information\Data_Tables\3B-HHR.MS.MRG.3IMERG.20250318-S160000-E162959.0960.V07B.HDF5,D:\OneDrive\桌面\论文\2027年投稿期刊\论文项目\07_JB医疗可达性_洪水扰动下交通-网络韧性与公平性_SCS_Natural_Hazards\GPT数据\_Organization_Working\Archive_Extractions\9306318473b7db24\3B-HHR.MS.MRG.3IMERG.20250318-S160000-E162959.0960.V07B.HDF5,D:\OneDrive\桌面\论文\2027年投稿期刊\论文项目\07_JB医疗可达性_洪水扰动下交通-网络韧性与公平性_SCS_Natural_Hazards\GPT数据\Nature Portfolio_Project\01_前期数据支撑\07_D07_FLOOD_EVENT\D07E_IMERG\RAW\D07E_NASA_IMERG_Download_Helper\RAW_AUTHENTICATED_zip_parts_20261005_111729\RAW_AUTHENTICATED_part01.zip,extracted,Exact duplicate verified by identical file size and SHA-256 checksum.
235fa12d651bf313b051324b95fe57cd4320e61e07b76971a397f0dcba5b064a,7918300,2,D:\OneDrive\桌面\论文\2027年投稿期刊\论文项目\07_JB医疗可达性_洪水扰动下交通-网络韧性与公平性_SCS_Natural_Hazards\GPT数据\JB_Flood_Healthcare_Accessibility_Research\03_Nature_Portfolio_Project\Supporting_Information\Data_Tables\3B-HHR.MS.MRG.3IMERG.20250318-S163000-E165959.0990.V07B.HDF5,D:\OneDrive\桌面\论文\2027年投稿期刊\论文项目\07_JB医疗可达性_洪水扰动下交通-网络韧性与公平性_SCS_Natural_Hazards\GPT数据\_Organization_Working\Archive_Extractions\9306318473b7db24\3B-HHR.MS.MRG.3IMERG.20250318-S163000-E165959.0990.V07B.HDF5,D:\OneDrive\桌面\论文\2027年投稿期刊\论文项目\07_JB医疗可达性_洪水扰动下交通-网络韧性与公平性_SCS_Natural_Hazards\GPT数据\Nature Portfolio_Project\01_前期数据支撑\07_D07_FLOOD_EVENT\D07E_IMERG\RAW\D07E_NASA_IMERG_Download_Helper\RAW_AUTHENTICATED_zip_parts_20261005_111729\RAW_AUTHENTICATED_part01.zip,extracted,Exact duplicate verified by identical file size and SHA-256 checksum.
0dbd71c4de723a6005f50517f23c75e169a13b772074530dc0607947b5e4050c,7986045,2,D:\OneDrive\桌面\论文\2027年投稿期刊\论文项目\07_JB医疗可达性_洪水扰动下交通-网络韧性与公平性_SCS_Natural_Hazards\GPT数据\JB_Flood_Healthcare_Accessibility_Research\03_Nature_Portfolio_Project\Supporting_Information\Data_Tables\3B-HHR.MS.MRG.3IMERG.20250318-S170000-E172959.1020.V07B.HDF5,D:\OneDrive\桌面\论文\2027年投稿期刊\论文项目\07_JB医疗可达性_洪水扰动下交通-网络韧性与公平性_SCS_Natural_Hazards\GPT数据\_Organization_Working\Archive_Extractions\9306318473b7db24\3B-HHR.MS.MRG.3IMERG.20250318-S170000-E172959.1020.V07B.HDF5,D:\OneDrive\桌面\论文\2027年投稿期刊\论文项目\07_JB医疗可达性_洪水扰动下交通-网络韧性与公平性_SCS_Natural_Hazards\GPT数据\Nature Portfolio_Project\01_前期数据支撑\07_D07_FLOOD_EVENT\D07E_IMERG\RAW\D07E_NASA_IMERG_Download_Helper\RAW_AUTHENTICATED_zip_parts_20261005_111729\RAW_AUTHENTICATED_part01.zip,extracted,Exact duplicate verified by identical file size and SHA-256 checksum.
f3aa88347e0e8c0bb8f9ebd6ba276ef1ae22db9a9d8b7e0f5e4f03d4c375ba72,7844169,2,D:\OneDrive\桌面\论文\2027年投稿期刊\论文项目\07_JB医疗可达性_洪水扰动下交通-网络韧性与公平性_SCS_Natural_Hazards\GPT数据\JB_Flood_Healthcare_Accessibility_Research\03_Nature_Portfolio_Project\Supporting_Information\Data_Tables\3B-HHR.MS.MRG.3IMERG.20250318-S173000-E175959.1050.V07B.HDF5,D:\OneDrive\桌面\论文\2027年投稿期刊\论文项目\07_JB医疗可达性_洪水扰动下交通-网络韧性与公平性_SCS_Natural_Hazards\GPT数据\_Organization_Working\Archive_Extractions\9306318473b7db24\3B-HHR.MS.MRG.3IMERG.20250318-S173000-E175959.1050.V07B.HDF5,D:\OneDrive\桌面\论文\2027年投稿期刊\论文项目\07_JB医疗可达性_洪水扰动下交通-网络韧性与公平性_SCS_Natural_Hazards\GPT数据\Nature Portfolio_Project\01_前期数据支撑\07_D07_FLOOD_EVENT\D07E_IMERG\RAW\D07E_NASA_IMERG_Download_Helper\RAW_AUTHENTICATED_zip_parts_20261005_111729\RAW_AUTHENTICATED_part01.zip,extracted,Exact duplicate verified by identical file size and SHA-256 checksum.
eef200b67e2932686769072d6f50047d17a74d70976a0b908f16e4f153dbf238,7940637,2,D:\OneDrive\桌面\论文\2027年投稿期刊\论文项目\07_JB医疗可达性_洪水扰动下交通-网络韧性与公平性_SCS_Natural_Hazards\GPT数据\JB_Flood_Healthcare_Accessibility_Research\03_Nature_Portfolio_Project\Supporting_Information\Data_Tables\3B-HHR.MS.MRG.3IMERG.20250318-S180000-E182959.1080.V07B.HDF5,D:\OneDrive\桌面\论文\2027年投稿期刊\论文项目\07_JB医疗可达性_洪水扰动下交通-网络韧性与公平性_SCS_Natural_Hazards\GPT数据\_Organization_Working\Archive_Extractions\9306318473b7db24\3B-HHR.MS.MRG.3IMERG.20250318-S180000-E182959.1080.V07B.HDF5,D:\OneDrive\桌面\论文\2027年投稿期刊\论文项目\07_JB医疗可达性_洪水扰动下交通-网络韧性与公平性_SCS_Natural_Hazards\GPT数据\Nature Portfolio_Project\01_前期数据支撑\07_D07_FLOOD_EVENT\D07E_IMERG\RAW\D07E_NASA_IMERG_Download_Helper\RAW_AUTHENTICATED_zip_parts_20261005_111729\RAW_AUTHENTICATED_part01.zip,extracted,Exact duplicate verified by identical file size and SHA-256 checksum.
989a71035ab449eacf6860d685cfb8df865ef51e0a7b73d767bb4e6ee73fbe73,7988444,2,D:\OneDrive\桌面\论文\2027年投稿期刊\论文项目\07_JB医疗可达性_洪水扰动下交通-网络韧性与公平性_SCS_Natural_Hazards\GPT数据\JB_Flood_Healthcare_Accessibility_Research\03_Nature_Portfolio_Project\Supporting_Information\Data_Tables\3B-HHR.MS.MRG.3IMERG.20250318-S183000-E185959.1110.V07B.HDF5,D:\OneDrive\桌面\论文\2027年投稿期刊\论文项目\07_JB医疗可达性_洪水扰动下交通-网络韧性与公平性_SCS_Natural_Hazards\GPT数据\_Organization_Working\Archive_Extractions\9306318473b7db24\3B-HHR.MS.MRG.3IMERG.20250318-S183000-E185959.1110.V07B.HDF5,D:\OneDrive\桌面\论文\2027年投稿期刊\论文项目\07_JB医疗可达性_洪水扰动下交通-网络韧性与公平性_SCS_Natural_Hazards\GPT数据\Nature Portfolio_Project\01_前期数据支撑\07_D07_FLOOD_EVENT\D07E_IMERG\RAW\D07E_NASA_IMERG_Download_Helper\RAW_AUTHENTICATED_zip_parts_20261005_111729\RAW_AUTHENTICATED_part01.zip,extracted,Exact duplicate verified by identical file size and SHA-256 checksum.
f5dc78bc2a5928a80d88be3d1350da654a33ca4d4fae80635da34e6dae6fdcdf,7908507,2,D:\OneDrive\桌面\论文\2027年投稿期刊\论文项目\07_JB医疗可达性_洪水扰动下交通-网络韧性与公平性_SCS_Natural_Hazards\GPT数据\JB_Flood_Healthcare_Accessibility_Research\03_Nature_Portfolio_Project\Supporting_Information\Data_Tables\3B-HHR.MS.MRG.3IMERG.20250318-S190000-E192959.1140.V07B.HDF5,D:\OneDrive\桌面\论文\2027年投稿期刊\论文项目\07_JB医疗可达性_洪水扰动下交通-网络韧性与公平性_SCS_Natural_Hazards\GPT数据\_Organization_Working\Archive_Extractions\9306318473b7db24\3B-HHR.MS.MRG.3IMERG.20250318-S190000-E192959.1140.V07B.HDF5,D:\OneDrive\桌面\论文\2027年投稿期刊\论文项目\07_JB医疗可达性_洪水扰动下交通-网络韧性与公平性_SCS_Natural_Hazards\GPT数据\Nature Portfolio_Project\01_前期数据支撑\07_D07_FLOOD_EVENT\D07E_IMERG\RAW\D07E_NASA_IMERG_Download_Helper\RAW_AUTHENTICATED_zip_parts_20261005_111729\RAW_AUTHENTICATED_part01.zip,extracted,Exact duplicate verified by identical file size and SHA-256 checksum.
c5cb612ee8bc2e1e316e691ca948e4c89a4294b388274d246c324dad9fa13a61,7986266,2,D:\OneDrive\桌面\论文\2027年投稿期刊\论文项目\07_JB医疗可达性_洪水扰动下交通-网络韧性与公平性_SCS_Natural_Hazards\GPT数据\JB_Flood_Healthcare_Accessibility_Research\03_Nature_Portfolio_Project\Supporting_Information\Data_Tables\3B-HHR.MS.MRG.3IMERG.20250318-S193000-E195959.1170.V07B.HDF5,D:\OneDrive\桌面\论文\2027年投稿期刊\论文项目\07_JB医疗可达性_洪水扰动下交通-网络韧性与公平性_SCS_Natural_Hazards\GPT数据\_Organization_Working\Archive_Extractions\9306318473b7db24\3B-HHR.MS.MRG.3IMERG.20250318-S193000-E195959.1170.V07B.HDF5,D:\OneDrive\桌面\论文\2027年投稿期刊\论文项目\07_JB医疗可达性_洪水扰动下交通-网络韧性与公平性_SCS_Natural_Hazards\GPT数据\Nature Portfolio_Project\01_前期数据支撑\07_D07_FLOOD_EVENT\D07E_IMERG\RAW\D07E_NASA_IMERG_Download_Helper\RAW_AUTHENTICATED_zip_parts_20261005_111729\RAW_AUTHENTICATED_part01.zip,extracted,Exact duplicate verified by identical file size and SHA-256 checksum.
b150577a96c5d8214a3c76601be80b9a272a44871367b343f98ce2f0676f9a54,7851108,2,D:\OneDrive\桌面\论文\2027年投稿期刊\论文项目\07_JB医疗可达性_洪水扰动下交通-网络韧性与公平性_SCS_Natural_Hazards\GPT数据\JB_Flood_Healthcare_Accessibility_Research\03_Nature_Portfolio_Project\Supporting_Information\Data_Tables\3B-HHR.MS.MRG.3IMERG.20250318-S200000-E202959.1200.V07B.HDF5,D:\OneDrive\桌面\论文\2027年投稿期刊\论文项目\07_JB医疗可达性_洪水扰动下交通-网络韧性与公平性_SCS_Natural_Hazards\GPT数据\_Organization_Working\Archive_Extractions\9306318473b7db24\3B-HHR.MS.MRG.3IMERG.20250318-S200000-E202959.1200.V07B.HDF5,D:\OneDrive\桌面\论文\2027年投稿期刊\论文项目\07_JB医疗可达性_洪水扰动下交通-网络韧性与公平性_SCS_Natural_Hazards\GPT数据\Nature Portfolio_Project\01_前期数据支撑\07_D07_FLOOD_EVENT\D07E_IMERG\RAW\D07E_NASA_IMERG_Download_Helper\RAW_AUTHENTICATED_zip_parts_20261005_111729\RAW_AUTHENTICATED_part01.zip,extracted,Exact duplicate verified by identical file size and SHA-256 checksum.
29a92f3ef192afcda7fe78e587111f593e0ed38e6b1a9783cc5154cbab6a11ac,7929765,2,D:\OneDrive\桌面\论文\2027年投稿期刊\论文项目\07_JB医疗可达性_洪水扰动下交通-网络韧性与公平性_SCS_Natural_Hazards\GPT数据\JB_Flood_Healthcare_Accessibility_Research\03_Nature_Portfolio_Project\Supporting_Information\Data_Tables\3B-HHR.MS.MRG.3IMERG.20250318-S203000-E205959.1230.V07B.HDF5,D:\OneDrive\桌面\论文\2027年投稿期刊\论文项目\07_JB医疗可达性_洪水扰动下交通-网络韧性与公平性_SCS_Natural_Hazards\GPT数据\_Organization_Working\Archive_Extractions\9306318473b7db24\3B-HHR.MS.MRG.3IMERG.20250318-S203000-E205959.1230.V07B.HDF5,D:\OneDrive\桌面\论文\2027年投稿期刊\论文项目\07_JB医疗可达性_洪水扰动下交通-网络韧性与公平性_SCS_Natural_Hazards\GPT数据\Nature Portfolio_Project\01_前期数据支撑\07_D07_FLOOD_EVENT\D07E_IMERG\RAW\D07E_NASA_IMERG_Download_Helper\RAW_AUTHENTICATED_zip_parts_20261005_111729\RAW_AUTHENTICATED_part01.zip,extracted,Exact duplicate verified by identical file size and SHA-256 checksum.
3926734e5ff272d5694f03172be22ce0b93f59a389c282d81d652ae35047f7c8,7878238,2,D:\OneDrive\桌面\论文\2027年投稿期刊\论文项目\07_JB医疗可达性_洪水扰动下交通-网络韧性与公平性_SCS_Natural_Hazards\GPT数据\JB_Flood_Healthcare_Accessibility_Research\03_Nature_Portfolio_Project\Supporting_Information\Data_Tables\3B-HHR.MS.MRG.3IMERG.20250318-S210000-E212959.1260.V07B.HDF5,D:\OneDrive\桌面\论文\2027年投稿期刊\论文项目\07_JB医疗可达性_洪水扰动下交通-网络韧性与公平性_SCS_Natural_Hazards\GPT数据\_Organization_Working\Archive_Extractions\9306318473b7db24\3B-HHR.MS.MRG.3IMERG.20250318-S210000-E212959.1260.V07B.HDF5,D:\OneDrive\桌面\论文\2027年投稿期刊\论文项目\07_JB医疗可达性_洪水扰动下交通-网络韧性与公平性_SCS_Natural_Hazards\GPT数据\Nature Portfolio_Project\01_前期数据支撑\07_D07_FLOOD_EVENT\D07E_IMERG\RAW\D07E_NASA_IMERG_Download_Helper\RAW_AUTHENTICATED_zip_parts_20261005_111729\RAW_AUTHENTICATED_part01.zip,extracted,Exact duplicate verified by identical file size and SHA-256 checksum.
025d617e9a2f456468a136c1a498504907321f95249e432479607e7560211d86,7892570,2,D:\OneDrive\桌面\论文\2027年投稿期刊\论文项目\07_JB医疗可达性_洪水扰动下交通-网络韧性与公平性_SCS_Natural_Hazards\GPT数据\JB_Flood_Healthcare_Accessibility_Research\03_Nature_Portfolio_Project\Supporting_Information\Data_Tables\3B-HHR.MS.MRG.3IMERG.20250318-S213000-E215959.1290.V07B.HDF5,D:\OneDrive\桌面\论文\2027年投稿期刊\论文项目\07_JB医疗可达性_洪水扰动下交通-网络韧性与公平性_SCS_Natural_Hazards\GPT数据\_Organization_Working\Archive_Extractions\9306318473b7db24\3B-HHR.MS.MRG.3IMERG.20250318-S213000-E215959.1290.V07B.HDF5,D:\OneDrive\桌面\论文\2027年投稿期刊\论文项目\07_JB医疗可达性_洪水扰动下交通-网络韧性与公平性_SCS_Natural_Hazards\GPT数据\Nature Portfolio_Project\01_前期数据支撑\07_D07_FLOOD_EVENT\D07E_IMERG\RAW\D07E_NASA_IMERG_Download_Helper\RAW_AUTHENTICATED_zip_parts_20261005_111729\RAW_AUTHENTICATED_part01.zip,extracted,Exact duplicate verified by identical file size and SHA-256 checksum.
6d6495001507cef9a19031b268ab0d88faf0776b01c72c35fa68e122b7fb9540,7780870,2,D:\OneDrive\桌面\论文\2027年投稿期刊\论文项目\07_JB医疗可达性_洪水扰动下交通-网络韧性与公平性_SCS_Natural_Hazards\GPT数据\JB_Flood_Healthcare_Accessibility_Research\03_Nature_Portfolio_Project\Supporting_Information\Data_Tables\3B-HHR.MS.MRG.3IMERG.20250318-S220000-E222959.1320.V07B.HDF5,D:\OneDrive\桌面\论文\2027年投稿期刊\论文项目\07_JB医疗可达性_洪水扰动下交通-网络韧性与公平性_SCS_Natural_Hazards\GPT数据\_Organization_Working\Archive_Extractions\9306318473b7db24\3B-HHR.MS.MRG.3IMERG.20250318-S220000-E222959.1320.V07B.HDF5,D:\OneDrive\桌面\论文\2027年投稿期刊\论文项目\07_JB医疗可达性_洪水扰动下交通-网络韧性与公平性_SCS_Natural_Hazards\GPT数据\Nature Portfolio_Project\01_前期数据支撑\07_D07_FLOOD_EVENT\D07E_IMERG\RAW\D07E_NASA_IMERG_Download_Helper\RAW_AUTHENTICATED_zip_parts_20261005_111729\RAW_AUTHENTICATED_part01.zip,extracted,Exact duplicate verified by identical file size and SHA-256 checksum.
4fe0c9b7e6f0cfcff072f4629c4b1aa9005bb737201e3d29da18155518af8943,7759766,2,D:\OneDrive\桌面\论文\2027年投稿期刊\论文项目\07_JB医疗可达性_洪水扰动下交通-网络韧性与公平性_SCS_Natural_Hazards\GPT数据\JB_Flood_Healthcare_Accessibility_Research\03_Nature_Portfolio_Project\Supporting_Information\Data_Tables\3B-HHR.MS.MRG.3IMERG.20250318-S223000-E225959.1350.V07B.HDF5,D:\OneDrive\桌面\论文\2027年投稿期刊\论文项目\07_JB医疗可达性_洪水扰动下交通-网络韧性与公平性_SCS_Natural_Hazards\GPT数据\_Organization_Working\Archive_Extractions\9306318473b7db24\3B-HHR.MS.MRG.3IMERG.20250318-S223000-E225959.1350.V07B.HDF5,D:\OneDrive\桌面\论文\2027年投稿期刊\论文项目\07_JB医疗可达性_洪水扰动下交通-网络韧性与公平性_SCS_Natural_Hazards\GPT数据\Nature Portfolio_Project\01_前期数据支撑\07_D07_FLOOD_EVENT\D07E_IMERG\RAW\D07E_NASA_IMERG_Download_Helper\RAW_AUTHENTICATED_zip_parts_20261005_111729\RAW_AUTHENTICATED_part01.zip,extracted,Exact duplicate verified by identical file size and SHA-256 checksum.
9712030b58b63a75be675c7d6e68e844227ea903ccbcdb5f710e5f90891938f2,7735618,2,D:\OneDrive\桌面\论文\2027年投稿期刊\论文项目\07_JB医疗可达性_洪水扰动下交通-网络韧性与公平性_SCS_Natural_Hazards\GPT数据\JB_Flood_Healthcare_Accessibility_Research\03_Nature_Portfolio_Project\Supporting_Information\Data_Tables\3B-HHR.MS.MRG.3IMERG.20250318-S230000-E232959.1380.V07B.HDF5,D:\OneDrive\桌面\论文\2027年投稿期刊\论文项目\07_JB医疗可达性_洪水扰动下交通-网络韧性与公平性_SCS_Natural_Hazards\GPT数据\_Organization_Working\Archive_Extractions\9306318473b7db24\3B-HHR.MS.MRG.3IMERG.20250318-S230000-E232959.1380.V07B.HDF5,D:\OneDrive\桌面\论文\2027年投稿期刊\论文项目\07_JB医疗可达性_洪水扰动下交通-网络韧性与公平性_SCS_Natural_Hazards\GPT数据\Nature Portfolio_Project\01_前期数据支撑\07_D07_FLOOD_EVENT\D07E_IMERG\RAW\D07E_NASA_IMERG_Download_Helper\RAW_AUTHENTICATED_zip_parts_20261005_111729\RAW_AUTHENTICATED_part01.zip,extracted,Exact duplicate verified by identical file size and SHA-256 checksum.
3a46e798c68cdb8ea3546ba94ba98a13a27f85601dbe7bb17b1bf8ba38c684e2,7678579,2,D:\OneDrive\桌面\论文\2027年投稿期刊\论文项目\07_JB医疗可达性_洪水扰动下交通-网络韧性与公平性_SCS_Natural_Hazards\GPT数据\JB_Flood_Healthcare_Accessibility_Research\03_Nature_Portfolio_Project\Supporting_Information\Data_Tables\3B-HHR.MS.MRG.3IMERG.20250318-S233000-E235959.1410.V07B.HDF5,D:\OneDrive\桌面\论文\2027年投稿期刊\论文项目\07_JB医疗可达性_洪水扰动下交通-网络韧性与公平性_SCS_Natural_Hazards\GPT数据\_Organization_Working\Archive_Extractions\9306318473b7db24\3B-HHR.MS.MRG.3IMERG.20250318-S233000-E235959.1410.V07B.HDF5,D:\OneDrive\桌面\论文\2027年投稿期刊\论文项目\07_JB医疗可达性_洪水扰动下交通-网络韧性与公平性_SCS_Natural_Hazards\GPT数据\Nature Portfolio_Project\01_前期数据支撑\07_D07_FLOOD_EVENT\D07E_IMERG\RAW\D07E_NASA_IMERG_Download_Helper\RAW_AUTHENTICATED_zip_parts_20261005_111729\RAW_AUTHENTICATED_part01.zip,extracted,Exact duplicate verified by identical file size and SHA-256 checksum.
2520a720ae3ca139b10e3fd03c4c5a502001f291880bd66d61e3a7ba789ff87b,7628446,2,D:\OneDrive\桌面\论文\2027年投稿期刊\论文项目\07_JB医疗可达性_洪水扰动下交通-网络韧性与公平性_SCS_Natural_Hazards\GPT数据\JB_Flood_Healthcare_Accessibility_Research\03_Nature_Portfolio_Project\Supporting_Information\Data_Tables\3B-HHR.MS.MRG.3IMERG.20250319-S000000-E002959.0000.V07B.HDF5,D:\OneDrive\桌面\论文\2027年投稿期刊\论文项目\07_JB医疗可达性_洪水扰动下交通-网络韧性与公平性_SCS_Natural_Hazards\GPT数据\_Organization_Working\Archive_Extractions\9306318473b7db24\3B-HHR.MS.MRG.3IMERG.20250319-S000000-E002959.0000.V07B.HDF5,D:\OneDrive\桌面\论文\2027年投稿期刊\论文项目\07_JB医疗可达性_洪水扰动下交通-网络韧性与公平性_SCS_Natural_Hazards\GPT数据\Nature Portfolio_Project\01_前期数据支撑\07_D07_FLOOD_EVENT\D07E_IMERG\RAW\D07E_NASA_IMERG_Download_Helper\RAW_AUTHENTICATED_zip_parts_20261005_111729\RAW_AUTHENTICATED_part01.zip,extracted,Exact duplicate verified by identical file size and SHA-256 checksum.
180be2bc8372a727fee11c8e07b205202434a02e44fba5579871bff580d05831,7629087,2,D:\OneDrive\桌面\论文\2027年投稿期刊\论文项目\07_JB医疗可达性_洪水扰动下交通-网络韧性与公平性_SCS_Natural_Hazards\GPT数据\JB_Flood_Healthcare_Accessibility_Research\03_Nature_Portfolio_Project\Supporting_Information\Data_Tables\3B-HHR.MS.MRG.3IMERG.20250319-S003000-E005959.0030.V07B.HDF5,D:\OneDrive\桌面\论文\2027年投稿期刊\论文项目\07_JB医疗可达性_洪水扰动下交通-网络韧性与公平性_SCS_Natural_Hazards\GPT数据\_Organization_Working\Archive_Extractions\9306318473b7db24\3B-HHR.MS.MRG.3IMERG.20250319-S003000-E005959.0030.V07B.HDF5,D:\OneDrive\桌面\论文\2027年投稿期刊\论文项目\07_JB医疗可达性_洪水扰动下交通-网络韧性与公平性_SCS_Natural_Hazards\GPT数据\Nature Portfolio_Project\01_前期数据支撑\07_D07_FLOOD_EVENT\D07E_IMERG\RAW\D07E_NASA_IMERG_Download_Helper\RAW_AUTHENTICATED_zip_parts_20261005_111729\RAW_AUTHENTICATED_part01.zip,extracted,Exact duplicate verified by identical file size and SHA-256 checksum.
0be087dd7985cf41486749f41912d91c13750e9d54fa28de1d2ed5f43f122e8f,7455389,2,D:\OneDrive\桌面\论文\2027年投稿期刊\论文项目\07_JB医疗可达性_洪水扰动下交通-网络韧性与公平性_SCS_Natural_Hazards\GPT数据\JB_Flood_Healthcare_Accessibility_Research\03_Nature_Portfolio_Project\Supporting_Information\Data_Tables\3B-HHR.MS.MRG.3IMERG.20250319-S010000-E012959.0060.V07B.HDF5,D:\OneDrive\桌面\论文\2027年投稿期刊\论文项目\07_JB医疗可达性_洪水扰动下交通-网络韧性与公平性_SCS_Natural_Hazards\GPT数据\_Organization_Working\Archive_Extractions\9306318473b7db24\3B-HHR.MS.MRG.3IMERG.20250319-S010000-E012959.0060.V07B.HDF5,D:\OneDrive\桌面\论文\2027年投稿期刊\论文项目\07_JB医疗可达性_洪水扰动下交通-网络韧性与公平性_SCS_Natural_Hazards\GPT数据\Nature Portfolio_Project\01_前期数据支撑\07_D07_FLOOD_EVENT\D07E_IMERG\RAW\D07E_NASA_IMERG_Download_Helper\RAW_AUTHENTICATED_zip_parts_20261005_111729\RAW_AUTHENTICATED_part01.zip,extracted,Exact duplicate verified by identical file size and SHA-256 checksum.
873317eacebd91bfe5e9c61164aff9c891a2e76860bd5957b7e79d885a8a8ec3,7520154,2,D:\OneDrive\桌面\论文\2027年投稿期刊\论文项目\07_JB医疗可达性_洪水扰动下交通-网络韧性与公平性_SCS_Natural_Hazards\GPT数据\JB_Flood_Healthcare_Accessibility_Research\03_Nature_Portfolio_Project\Supporting_Information\Data_Tables\3B-HHR.MS.MRG.3IMERG.20250319-S013000-E015959.0090.V07B.HDF5,D:\OneDrive\桌面\论文\2027年投稿期刊\论文项目\07_JB医疗可达性_洪水扰动下交通-网络韧性与公平性_SCS_Natural_Hazards\GPT数据\_Organization_Working\Archive_Extractions\9306318473b7db24\3B-HHR.MS.MRG.3IMERG.20250319-S013000-E015959.0090.V07B.HDF5,D:\OneDrive\桌面\论文\2027年投稿期刊\论文项目\07_JB医疗可达性_洪水扰动下交通-网络韧性与公平性_SCS_Natural_Hazards\GPT数据\Nature Portfolio_Project\01_前期数据支撑\07_D07_FLOOD_EVENT\D07E_IMERG\RAW\D07E_NASA_IMERG_Download_Helper\RAW_AUTHENTICATED_zip_parts_20261005_111729\RAW_AUTHENTICATED_part01.zip,extracted,Exact duplicate verified by identical file size and SHA-256 checksum.
a807ff16b288e513d1e7dd06af888c8e1b106e937a560328bf1fbb8d6e9f5d54,7544420,2,D:\OneDrive\桌面\论文\2027年投稿期刊\论文项目\07_JB医疗可达性_洪水扰动下交通-网络韧性与公平性_SCS_Natural_Hazards\GPT数据\JB_Flood_Healthcare_Accessibility_Research\03_Nature_Portfolio_Project\Supporting_Information\Data_Tables\3B-HHR.MS.MRG.3IMERG.20250319-S020000-E022959.0120.V07B.HDF5,D:\OneDrive\桌面\论文\2027年投稿期刊\论文项目\07_JB医疗可达性_洪水扰动下交通-网络韧性与公平性_SCS_Natural_Hazards\GPT数据\_Organization_Working\Archive_Extractions\9306318473b7db24\3B-HHR.MS.MRG.3IMERG.20250319-S020000-E022959.0120.V07B.HDF5,D:\OneDrive\桌面\论文\2027年投稿期刊\论文项目\07_JB医疗可达性_洪水扰动下交通-网络韧性与公平性_SCS_Natural_Hazards\GPT数据\Nature Portfolio_Project\01_前期数据支撑\07_D07_FLOOD_EVENT\D07E_IMERG\RAW\D07E_NASA_IMERG_Download_Helper\RAW_AUTHENTICATED_zip_parts_20261005_111729\RAW_AUTHENTICATED_part01.zip,extracted,Exact duplicate verified by identical file size and SHA-256 checksum.
1c4666bfa22880d063fd25a13d31e256fc598b0289075f1a8c173c22a0ae10c2,7560141,2,D:\OneDrive\桌面\论文\2027年投稿期刊\论文项目\07_JB医疗可达性_洪水扰动下交通-网络韧性与公平性_SCS_Natural_Hazards\GPT数据\JB_Flood_Healthcare_Accessibility_Research\03_Nature_Portfolio_Project\Supporting_Information\Data_Tables\3B-HHR.MS.MRG.3IMERG.20250319-S023000-E025959.0150.V07B.HDF5,D:\OneDrive\桌面\论文\2027年投稿期刊\论文项目\07_JB医疗可达性_洪水扰动下交通-网络韧性与公平性_SCS_Natural_Hazards\GPT数据\_Organization_Working\Archive_Extractions\9306318473b7db24\3B-HHR.MS.MRG.3IMERG.20250319-S023000-E025959.0150.V07B.HDF5,D:\OneDrive\桌面\论文\2027年投稿期刊\论文项目\07_JB医疗可达性_洪水扰动下交通-网络韧性与公平性_SCS_Natural_Hazards\GPT数据\Nature Portfolio_Project\01_前期数据支撑\07_D07_FLOOD_EVENT\D07E_IMERG\RAW\D07E_NASA_IMERG_Download_Helper\RAW_AUTHENTICATED_zip_parts_20261005_111729\RAW_AUTHENTICATED_part01.zip,extracted,Exact duplicate verified by identical file size and SHA-256 checksum.
241a2f9acd67f88f21b43d9a2e585023cda5b87a66fc86891ee289c06d5f38b0,7526086,2,D:\OneDrive\桌面\论文\2027年投稿期刊\论文项目\07_JB医疗可达性_洪水扰动下交通-网络韧性与公平性_SCS_Natural_Hazards\GPT数据\JB_Flood_Healthcare_Accessibility_Research\03_Nature_Portfolio_Project\Supporting_Information\Data_Tables\3B-HHR.MS.MRG.3IMERG.20250319-S030000-E032959.0180.V07B.HDF5,D:\OneDrive\桌面\论文\2027年投稿期刊\论文项目\07_JB医疗可达性_洪水扰动下交通-网络韧性与公平性_SCS_Natural_Hazards\GPT数据\_Organization_Working\Archive_Extractions\9306318473b7db24\3B-HHR.MS.MRG.3IMERG.20250319-S030000-E032959.0180.V07B.HDF5,D:\OneDrive\桌面\论文\2027年投稿期刊\论文项目\07_JB医疗可达性_洪水扰动下交通-网络韧性与公平性_SCS_Natural_Hazards\GPT数据\Nature Portfolio_Project\01_前期数据支撑\07_D07_FLOOD_EVENT\D07E_IMERG\RAW\D07E_NASA_IMERG_Download_Helper\RAW_AUTHENTICATED_zip_parts_20261005_111729\RAW_AUTHENTICATED_part01.zip,extracted,Exact duplicate verified by identical file size and SHA-256 checksum.
b95a0295fc50bb316d303e739066f7f3aa112dad915ba93cd7e8e5913d5d1667,7549771,2,D:\OneDrive\桌面\论文\2027年投稿期刊\论文项目\07_JB医疗可达性_洪水扰动下交通-网络韧性与公平性_SCS_Natural_Hazards\GPT数据\JB_Flood_Healthcare_Accessibility_Research\03_Nature_Portfolio_Project\Supporting_Information\Data_Tables\3B-HHR.MS.MRG.3IMERG.20250319-S033000-E035959.0210.V07B.HDF5,D:\OneDrive\桌面\论文\2027年投稿期刊\论文项目\07_JB医疗可达性_洪水扰动下交通-网络韧性与公平性_SCS_Natural_Hazards\GPT数据\_Organization_Working\Archive_Extractions\9306318473b7db24\3B-HHR.MS.MRG.3IMERG.20250319-S033000-E035959.0210.V07B.HDF5,D:\OneDrive\桌面\论文\2027年投稿期刊\论文项目\07_JB医疗可达性_洪水扰动下交通-网络韧性与公平性_SCS_Natural_Hazards\GPT数据\Nature Portfolio_Project\01_前期数据支撑\07_D07_FLOOD_EVENT\D07E_IMERG\RAW\D07E_NASA_IMERG_Download_Helper\RAW_AUTHENTICATED_zip_parts_20261005_111729\RAW_AUTHENTICATED_part01.zip,extracted,Exact duplicate verified by identical file size and SHA-256 checksum.
4a6a0162aaec92708bad0ce310b1a342b50596649cae7ada195c921d4d30109a,7528011,2,D:\OneDrive\桌面\论文\2027年投稿期刊\论文项目\07_JB医疗可达性_洪水扰动下交通-网络韧性与公平性_SCS_Natural_Hazards\GPT数据\JB_Flood_Healthcare_Accessibility_Research\03_Nature_Portfolio_Project\Supporting_Information\Data_Tables\3B-HHR.MS.MRG.3IMERG.20250319-S040000-E042959.0240.V07B.HDF5,D:\OneDrive\桌面\论文\2027年投稿期刊\论文项目\07_JB医疗可达性_洪水扰动下交通-网络韧性与公平性_SCS_Natural_Hazards\GPT数据\_Organization_Working\Archive_Extractions\9306318473b7db24\3B-HHR.MS.MRG.3IMERG.20250319-S040000-E042959.0240.V07B.HDF5,D:\OneDrive\桌面\论文\2027年投稿期刊\论文项目\07_JB医疗可达性_洪水扰动下交通-网络韧性与公平性_SCS_Natural_Hazards\GPT数据\Nature Portfolio_Project\01_前期数据支撑\07_D07_FLOOD_EVENT\D07E_IMERG\RAW\D07E_NASA_IMERG_Download_Helper\RAW_AUTHENTICATED_zip_parts_20261005_111729\RAW_AUTHENTICATED_part01.zip,extracted,Exact duplicate verified by identical file size and SHA-256 checksum.
feb498812aaa0baf30594723fdb8b0048bdf3459c9b21aed4e0ea55e48c30a77,7500081,2,D:\OneDrive\桌面\论文\2027年投稿期刊\论文项目\07_JB医疗可达性_洪水扰动下交通-网络韧性与公平性_SCS_Natural_Hazards\GPT数据\JB_Flood_Healthcare_Accessibility_Research\03_Nature_Portfolio_Project\Supporting_Information\Data_Tables\3B-HHR.MS.MRG.3IMERG.20250319-S043000-E045959.0270.V07B.HDF5,D:\OneDrive\桌面\论文\2027年投稿期刊\论文项目\07_JB医疗可达性_洪水扰动下交通-网络韧性与公平性_SCS_Natural_Hazards\GPT数据\_Organization_Working\Archive_Extractions\dcda435756e0cf60\3B-HHR.MS.MRG.3IMERG.20250319-S043000-E045959.0270.V07B.HDF5,D:\OneDrive\桌面\论文\2027年投稿期刊\论文项目\07_JB医疗可达性_洪水扰动下交通-网络韧性与公平性_SCS_Natural_Hazards\GPT数据\Nature Portfolio_Project\01_前期数据支撑\07_D07_FLOOD_EVENT\D07E_IMERG\RAW\D07E_NASA_IMERG_Download_Helper\RAW_AUTHENTICATED_zip_parts_20261005_111729\RAW_AUTHENTICATED_part02.zip,extracted,Exact duplicate verified by identical file size and SHA-256 checksum.
7cf667b1ece45b3e554c363e70ebf712fc184ff69f1334483e46240e8f99fb4a,7532162,2,D:\OneDrive\桌面\论文\2027年投稿期刊\论文项目\07_JB医疗可达性_洪水扰动下交通-网络韧性与公平性_SCS_Natural_Hazards\GPT数据\JB_Flood_Healthcare_Accessibility_Research\03_Nature_Portfolio_Project\Supporting_Information\Data_Tables\3B-HHR.MS.MRG.3IMERG.20250319-S050000-E052959.0300.V07B.HDF5,D:\OneDrive\桌面\论文\2027年投稿期刊\论文项目\07_JB医疗可达性_洪水扰动下交通-网络韧性与公平性_SCS_Natural_Hazards\GPT数据\_Organization_Working\Archive_Extractions\dcda435756e0cf60\3B-HHR.MS.MRG.3IMERG.20250319-S050000-E052959.0300.V07B.HDF5,D:\OneDrive\桌面\论文\2027年投稿期刊\论文项目\07_JB医疗可达性_洪水扰动下交通-网络韧性与公平性_SCS_Natural_Hazards\GPT数据\Nature Portfolio_Project\01_前期数据支撑\07_D07_FLOOD_EVENT\D07E_IMERG\RAW\D07E_NASA_IMERG_Download_Helper\RAW_AUTHENTICATED_zip_parts_20261005_111729\RAW_AUTHENTICATED_part02.zip,extracted,Exact duplicate verified by identical file size and SHA-256 checksum.
96b66880569a6bff9a8150439ce3938937ba557b90ca1e97cd41fdcacc56af02,7563889,2,D:\OneDrive\桌面\论文\2027年投稿期刊\论文项目\07_JB医疗可达性_洪水扰动下交通-网络韧性与公平性_SCS_Natural_Hazards\GPT数据\JB_Flood_Healthcare_Accessibility_Research\03_Nature_Portfolio_Project\Supporting_Information\Data_Tables\3B-HHR.MS.MRG.3IMERG.20250319-S053000-E055959.0330.V07B.HDF5,D:\OneDrive\桌面\论文\2027年投稿期刊\论文项目\07_JB医疗可达性_洪水扰动下交通-网络韧性与公平性_SCS_Natural_Hazards\GPT数据\_Organization_Working\Archive_Extractions\dcda435756e0cf60\3B-HHR.MS.MRG.3IMERG.20250319-S053000-E055959.0330.V07B.HDF5,D:\OneDrive\桌面\论文\2027年投稿期刊\论文项目\07_JB医疗可达性_洪水扰动下交通-网络韧性与公平性_SCS_Natural_Hazards\GPT数据\Nature Portfolio_Project\01_前期数据支撑\07_D07_FLOOD_EVENT\D07E_IMERG\RAW\D07E_NASA_IMERG_Download_Helper\RAW_AUTHENTICATED_zip_parts_20261005_111729\RAW_AUTHENTICATED_part02.zip,extracted,Exact duplicate verified by identical file size and SHA-256 checksum.
9b0a06908ff79cd5633b00c1f66f1b1cd8c22fc6940fd494ff6954048759452b,7562777,2,D:\OneDrive\桌面\论文\2027年投稿期刊\论文项目\07_JB医疗可达性_洪水扰动下交通-网络韧性与公平性_SCS_Natural_Hazards\GPT数据\JB_Flood_Healthcare_Accessibility_Research\03_Nature_Portfolio_Project\Supporting_Information\Data_Tables\3B-HHR.MS.MRG.3IMERG.20250319-S060000-E062959.0360.V07B.HDF5,D:\OneDrive\桌面\论文\2027年投稿期刊\论文项目\07_JB医疗可达性_洪水扰动下交通-网络韧性与公平性_SCS_Natural_Hazards\GPT数据\_Organization_Working\Archive_Extractions\dcda435756e0cf60\3B-HHR.MS.MRG.3IMERG.20250319-S060000-E062959.0360.V07B.HDF5,D:\OneDrive\桌面\论文\2027年投稿期刊\论文项目\07_JB医疗可达性_洪水扰动下交通-网络韧性与公平性_SCS_Natural_Hazards\GPT数据\Nature Portfolio_Project\01_前期数据支撑\07_D07_FLOOD_EVENT\D07E_IMERG\RAW\D07E_NASA_IMERG_Download_Helper\RAW_AUTHENTICATED_zip_parts_20261005_111729\RAW_AUTHENTICATED_part02.zip,extracted,Exact duplicate verified by identical file size and SHA-256 checksum.
9f963c43f84e79b012b499429d9dfe7aacf00a1af5c48ccd08d8142a9f8dbdc4,7565537,2,D:\OneDrive\桌面\论文\2027年投稿期刊\论文项目\07_JB医疗可达性_洪水扰动下交通-网络韧性与公平性_SCS_Natural_Hazards\GPT数据\JB_Flood_Healthcare_Accessibility_Research\03_Nature_Portfolio_Project\Supporting_Information\Data_Tables\3B-HHR.MS.MRG.3IMERG.20250319-S063000-E065959.0390.V07B.HDF5,D:\OneDrive\桌面\论文\2027年投稿期刊\论文项目\07_JB医疗可达性_洪水扰动下交通-网络韧性与公平性_SCS_Natural_Hazards\GPT数据\_Organization_Working\Archive_Extractions\dcda435756e0cf60\3B-HHR.MS.MRG.3IMERG.20250319-S063000-E065959.0390.V07B.HDF5,D:\OneDrive\桌面\论文\2027年投稿期刊\论文项目\07_JB医疗可达性_洪水扰动下交通-网络韧性与公平性_SCS_Natural_Hazards\GPT数据\Nature Portfolio_Project\01_前期数据支撑\07_D07_FLOOD_EVENT\D07E_IMERG\RAW\D07E_NASA_IMERG_Download_Helper\RAW_AUTHENTICATED_zip_parts_20261005_111729\RAW_AUTHENTICATED_part02.zip,extracted,Exact duplicate verified by identical file size and SHA-256 checksum.
a15451bdd66f49e4a88aec56eabf2cf01d3bb0b119648781806901a40e9f746f,7587849,2,D:\OneDrive\桌面\论文\2027年投稿期刊\论文项目\07_JB医疗可达性_洪水扰动下交通-网络韧性与公平性_SCS_Natural_Hazards\GPT数据\JB_Flood_Healthcare_Accessibility_Research\03_Nature_Portfolio_Project\Supporting_Information\Data_Tables\3B-HHR.MS.MRG.3IMERG.20250319-S070000-E072959.0420.V07B.HDF5,D:\OneDrive\桌面\论文\2027年投稿期刊\论文项目\07_JB医疗可达性_洪水扰动下交通-网络韧性与公平性_SCS_Natural_Hazards\GPT数据\_Organization_Working\Archive_Extractions\dcda435756e0cf60\3B-HHR.MS.MRG.3IMERG.20250319-S070000-E072959.0420.V07B.HDF5,D:\OneDrive\桌面\论文\2027年投稿期刊\论文项目\07_JB医疗可达性_洪水扰动下交通-网络韧性与公平性_SCS_Natural_Hazards\GPT数据\Nature Portfolio_Project\01_前期数据支撑\07_D07_FLOOD_EVENT\D07E_IMERG\RAW\D07E_NASA_IMERG_Download_Helper\RAW_AUTHENTICATED_zip_parts_20261005_111729\RAW_AUTHENTICATED_part02.zip,extracted,Exact duplicate verified by identical file size and SHA-256 checksum.
b7008157c6830abb7dc5157b079b9dcd1ddec9ea6a32a9ca10026fd4d4c758cf,7603038,2,D:\OneDrive\桌面\论文\2027年投稿期刊\论文项目\07_JB医疗可达性_洪水扰动下交通-网络韧性与公平性_SCS_Natural_Hazards\GPT数据\JB_Flood_Healthcare_Accessibility_Research\03_Nature_Portfolio_Project\Supporting_Information\Data_Tables\3B-HHR.MS.MRG.3IMERG.20250319-S073000-E075959.0450.V07B.HDF5,D:\OneDrive\桌面\论文\2027年投稿期刊\论文项目\07_JB医疗可达性_洪水扰动下交通-网络韧性与公平性_SCS_Natural_Hazards\GPT数据\_Organization_Working\Archive_Extractions\dcda435756e0cf60\3B-HHR.MS.MRG.3IMERG.20250319-S073000-E075959.0450.V07B.HDF5,D:\OneDrive\桌面\论文\2027年投稿期刊\论文项目\07_JB医疗可达性_洪水扰动下交通-网络韧性与公平性_SCS_Natural_Hazards\GPT数据\Nature Portfolio_Project\01_前期数据支撑\07_D07_FLOOD_EVENT\D07E_IMERG\RAW\D07E_NASA_IMERG_Download_Helper\RAW_AUTHENTICATED_zip_parts_20261005_111729\RAW_AUTHENTICATED_part02.zip,extracted,Exact duplicate verified by identical file size and SHA-256 checksum.
04130f465fce851af5d6d3bbbe520312ffffad6a09079e141547fb44072f3f4f,7540283,2,D:\OneDrive\桌面\论文\2027年投稿期刊\论文项目\07_JB医疗可达性_洪水扰动下交通-网络韧性与公平性_SCS_Natural_Hazards\GPT数据\JB_Flood_Healthcare_Accessibility_Research\03_Nature_Portfolio_Project\Supporting_Information\Data_Tables\3B-HHR.MS.MRG.3IMERG.20250319-S080000-E082959.0480.V07B.HDF5,D:\OneDrive\桌面\论文\2027年投稿期刊\论文项目\07_JB医疗可达性_洪水扰动下交通-网络韧性与公平性_SCS_Natural_Hazards\GPT数据\_Organization_Working\Archive_Extractions\dcda435756e0cf60\3B-HHR.MS.MRG.3IMERG.20250319-S080000-E082959.0480.V07B.HDF5,D:\OneDrive\桌面\论文\2027年投稿期刊\论文项目\07_JB医疗可达性_洪水扰动下交通-网络韧性与公平性_SCS_Natural_Hazards\GPT数据\Nature Portfolio_Project\01_前期数据支撑\07_D07_FLOOD_EVENT\D07E_IMERG\RAW\D07E_NASA_IMERG_Download_Helper\RAW_AUTHENTICATED_zip_parts_20261005_111729\RAW_AUTHENTICATED_part02.zip,extracted,Exact duplicate verified by identical file size and SHA-256 checksum.
c9257fbe09481ad4ffd6b1356fc29e1606a5bfbfe65c7a9cf6ac93f1be022b71,7636652,2,D:\OneDrive\桌面\论文\2027年投稿期刊\论文项目\07_JB医疗可达性_洪水扰动下交通-网络韧性与公平性_SCS_Natural_Hazards\GPT数据\JB_Flood_Healthcare_Accessibility_Research\03_Nature_Portfolio_Project\Supporting_Information\Data_Tables\3B-HHR.MS.MRG.3IMERG.20250319-S083000-E085959.0510.V07B.HDF5,D:\OneDrive\桌面\论文\2027年投稿期刊\论文项目\07_JB医疗可达性_洪水扰动下交通-网络韧性与公平性_SCS_Natural_Hazards\GPT数据\_Organization_Working\Archive_Extractions\dcda435756e0cf60\3B-HHR.MS.MRG.3IMERG.20250319-S083000-E085959.0510.V07B.HDF5,D:\OneDrive\桌面\论文\2027年投稿期刊\论文项目\07_JB医疗可达性_洪水扰动下交通-网络韧性与公平性_SCS_Natural_Hazards\GPT数据\Nature Portfolio_Project\01_前期数据支撑\07_D07_FLOOD_EVENT\D07E_IMERG\RAW\D07E_NASA_IMERG_Download_Helper\RAW_AUTHENTICATED_zip_parts_20261005_111729\RAW_AUTHENTICATED_part02.zip,extracted,Exact duplicate verified by identical file size and SHA-256 checksum.
7b9bb604356c022091a543aa52ff6a75a5ca968d9465ef4b2fe2a690bba25af0,7549329,2,D:\OneDrive\桌面\论文\2027年投稿期刊\论文项目\07_JB医疗可达性_洪水扰动下交通-网络韧性与公平性_SCS_Natural_Hazards\GPT数据\JB_Flood_Healthcare_Accessibility_Research\03_Nature_Portfolio_Project\Supporting_Information\Data_Tables\3B-HHR.MS.MRG.3IMERG.20250319-S090000-E092959.0540.V07B.HDF5,D:\OneDrive\桌面\论文\2027年投稿期刊\论文项目\07_JB医疗可达性_洪水扰动下交通-网络韧性与公平性_SCS_Natural_Hazards\GPT数据\_Organization_Working\Archive_Extractions\dcda435756e0cf60\3B-HHR.MS.MRG.3IMERG.20250319-S090000-E092959.0540.V07B.HDF5,D:\OneDrive\桌面\论文\2027年投稿期刊\论文项目\07_JB医疗可达性_洪水扰动下交通-网络韧性与公平性_SCS_Natural_Hazards\GPT数据\Nature Portfolio_Project\01_前期数据支撑\07_D07_FLOOD_EVENT\D07E_IMERG\RAW\D07E_NASA_IMERG_Download_Helper\RAW_AUTHENTICATED_zip_parts_20261005_111729\RAW_AUTHENTICATED_part02.zip,extracted,Exact duplicate verified by identical file size and SHA-256 checksum.
1fe210ecccb2e1d26f80fd2bb3cde224b2beb784870463a64ccc5eb841a82bb9,7484737,2,D:\OneDrive\桌面\论文\2027年投稿期刊\论文项目\07_JB医疗可达性_洪水扰动下交通-网络韧性与公平性_SCS_Natural_Hazards\GPT数据\JB_Flood_Healthcare_Accessibility_Research\03_Nature_Portfolio_Project\Supporting_Information\Data_Tables\3B-HHR.MS.MRG.3IMERG.20250319-S093000-E095959.0570.V07B.HDF5,D:\OneDrive\桌面\论文\2027年投稿期刊\论文项目\07_JB医疗可达性_洪水扰动下交通-网络韧性与公平性_SCS_Natural_Hazards\GPT数据\_Organization_Working\Archive_Extractions\dcda435756e0cf60\3B-HHR.MS.MRG.3IMERG.20250319-S093000-E095959.0570.V07B.HDF5,D:\OneDrive\桌面\论文\2027年投稿期刊\论文项目\07_JB医疗可达性_洪水扰动下交通-网络韧性与公平性_SCS_Natural_Hazards\GPT数据\Nature Portfolio_Project\01_前期数据支撑\07_D07_FLOOD_EVENT\D07E_IMERG\RAW\D07E_NASA_IMERG_Download_Helper\RAW_AUTHENTICATED_zip_parts_20261005_111729\RAW_AUTHENTICATED_part02.zip,extracted,Exact duplicate verified by identical file size and SHA-256 checksum.
7cb7b542f58a8158c3ee37f21e29c664d729cbb0ac15013ec0bc21b6a0a934bf,7626110,2,D:\OneDrive\桌面\论文\2027年投稿期刊\论文项目\07_JB医疗可达性_洪水扰动下交通-网络韧性与公平性_SCS_Natural_Hazards\GPT数据\JB_Flood_Healthcare_Accessibility_Research\03_Nature_Portfolio_Project\Supporting_Information\Data_Tables\3B-HHR.MS.MRG.3IMERG.20250319-S100000-E102959.0600.V07B.HDF5,D:\OneDrive\桌面\论文\2027年投稿期刊\论文项目\07_JB医疗可达性_洪水扰动下交通-网络韧性与公平性_SCS_Natural_Hazards\GPT数据\_Organization_Working\Archive_Extractions\dcda435756e0cf60\3B-HHR.MS.MRG.3IMERG.20250319-S100000-E102959.0600.V07B.HDF5,D:\OneDrive\桌面\论文\2027年投稿期刊\论文项目\07_JB医疗可达性_洪水扰动下交通-网络韧性与公平性_SCS_Natural_Hazards\GPT数据\Nature Portfolio_Project\01_前期数据支撑\07_D07_FLOOD_EVENT\D07E_IMERG\RAW\D07E_NASA_IMERG_Download_Helper\RAW_AUTHENTICATED_zip_parts_20261005_111729\RAW_AUTHENTICATED_part02.zip,extracted,Exact duplicate verified by identical file size and SHA-256 checksum.
85c903e47f8dc5d9fe4130cec01ea36de6e0c6237c260b0082e10deb96186d6d,7535416,2,D:\OneDrive\桌面\论文\2027年投稿期刊\论文项目\07_JB医疗可达性_洪水扰动下交通-网络韧性与公平性_SCS_Natural_Hazards\GPT数据\JB_Flood_Healthcare_Accessibility_Research\03_Nature_Portfolio_Project\Supporting_Information\Data_Tables\3B-HHR.MS.MRG.3IMERG.20250319-S103000-E105959.0630.V07B.HDF5,D:\OneDrive\桌面\论文\2027年投稿期刊\论文项目\07_JB医疗可达性_洪水扰动下交通-网络韧性与公平性_SCS_Natural_Hazards\GPT数据\_Organization_Working\Archive_Extractions\dcda435756e0cf60\3B-HHR.MS.MRG.3IMERG.20250319-S103000-E105959.0630.V07B.HDF5,D:\OneDrive\桌面\论文\2027年投稿期刊\论文项目\07_JB医疗可达性_洪水扰动下交通-网络韧性与公平性_SCS_Natural_Hazards\GPT数据\Nature Portfolio_Project\01_前期数据支撑\07_D07_FLOOD_EVENT\D07E_IMERG\RAW\D07E_NASA_IMERG_Download_Helper\RAW_AUTHENTICATED_zip_parts_20261005_111729\RAW_AUTHENTICATED_part02.zip,extracted,Exact duplicate verified by identical file size and SHA-256 checksum.
e66cde6a0d5da970ef04edbcbd5d4fbd6bb3db534fcbc71254f537be98bd5a62,7680017,2,D:\OneDrive\桌面\论文\2027年投稿期刊\论文项目\07_JB医疗可达性_洪水扰动下交通-网络韧性与公平性_SCS_Natural_Hazards\GPT数据\JB_Flood_Healthcare_Accessibility_Research\03_Nature_Portfolio_Project\Supporting_Information\Data_Tables\3B-HHR.MS.MRG.3IMERG.20250319-S110000-E112959.0660.V07B.HDF5,D:\OneDrive\桌面\论文\2027年投稿期刊\论文项目\07_JB医疗可达性_洪水扰动下交通-网络韧性与公平性_SCS_Natural_Hazards\GPT数据\_Organization_Working\Archive_Extractions\dcda435756e0cf60\3B-HHR.MS.MRG.3IMERG.20250319-S110000-E112959.0660.V07B.HDF5,D:\OneDrive\桌面\论文\2027年投稿期刊\论文项目\07_JB医疗可达性_洪水扰动下交通-网络韧性与公平性_SCS_Natural_Hazards\GPT数据\Nature Portfolio_Project\01_前期数据支撑\07_D07_FLOOD_EVENT\D07E_IMERG\RAW\D07E_NASA_IMERG_Download_Helper\RAW_AUTHENTICATED_zip_parts_20261005_111729\RAW_AUTHENTICATED_part02.zip,extracted,Exact duplicate verified by identical file size and SHA-256 checksum.
5de69efb6d0bf672c03c7dfbdedded798e23a2d9e7780db85679e23f757abb91,7492430,2,D:\OneDrive\桌面\论文\2027年投稿期刊\论文项目\07_JB医疗可达性_洪水扰动下交通-网络韧性与公平性_SCS_Natural_Hazards\GPT数据\JB_Flood_Healthcare_Accessibility_Research\03_Nature_Portfolio_Project\Supporting_Information\Data_Tables\3B-HHR.MS.MRG.3IMERG.20250319-S113000-E115959.0690.V07B.HDF5,D:\OneDrive\桌面\论文\2027年投稿期刊\论文项目\07_JB医疗可达性_洪水扰动下交通-网络韧性与公平性_SCS_Natural_Hazards\GPT数据\_Organization_Working\Archive_Extractions\dcda435756e0cf60\3B-HHR.MS.MRG.3IMERG.20250319-S113000-E115959.0690.V07B.HDF5,D:\OneDrive\桌面\论文\2027年投稿期刊\论文项目\07_JB医疗可达性_洪水扰动下交通-网络韧性与公平性_SCS_Natural_Hazards\GPT数据\Nature Portfolio_Project\01_前期数据支撑\07_D07_FLOOD_EVENT\D07E_IMERG\RAW\D07E_NASA_IMERG_Download_Helper\RAW_AUTHENTICATED_zip_parts_20261005_111729\RAW_AUTHENTICATED_part02.zip,extracted,Exact duplicate verified by identical file size and SHA-256 checksum.
8c9476abedaa9950bc0fde914c80fda71cc92d1624ce6c4513f9aca8aa01219a,7513310,2,D:\OneDrive\桌面\论文\2027年投稿期刊\论文项目\07_JB医疗可达性_洪水扰动下交通-网络韧性与公平性_SCS_Natural_Hazards\GPT数据\JB_Flood_Healthcare_Accessibility_Research\03_Nature_Portfolio_Project\Supporting_Information\Data_Tables\3B-HHR.MS.MRG.3IMERG.20250319-S120000-E122959.0720.V07B.HDF5,D:\OneDrive\桌面\论文\2027年投稿期刊\论文项目\07_JB医疗可达性_洪水扰动下交通-网络韧性与公平性_SCS_Natural_Hazards\GPT数据\_Organization_Working\Archive_Extractions\dcda435756e0cf60\3B-HHR.MS.MRG.3IMERG.20250319-S120000-E122959.0720.V07B.HDF5,D:\OneDrive\桌面\论文\2027年投稿期刊\论文项目\07_JB医疗可达性_洪水扰动下交通-网络韧性与公平性_SCS_Natural_Hazards\GPT数据\Nature Portfolio_Project\01_前期数据支撑\07_D07_FLOOD_EVENT\D07E_IMERG\RAW\D07E_NASA_IMERG_Download_Helper\RAW_AUTHENTICATED_zip_parts_20261005_111729\RAW_AUTHENTICATED_part02.zip,extracted,Exact duplicate verified by identical file size and SHA-256 checksum.
f927b067d7ebb8fdbb7b915218b9fd2331b17fe36de488ff8b469508fb79e848,7475750,2,D:\OneDrive\桌面\论文\2027年投稿期刊\论文项目\07_JB医疗可达性_洪水扰动下交通-网络韧性与公平性_SCS_Natural_Hazards\GPT数据\JB_Flood_Healthcare_Accessibility_Research\03_Nature_Portfolio_Project\Supporting_Information\Data_Tables\3B-HHR.MS.MRG.3IMERG.20250319-S123000-E125959.0750.V07B.HDF5,D:\OneDrive\桌面\论文\2027年投稿期刊\论文项目\07_JB医疗可达性_洪水扰动下交通-网络韧性与公平性_SCS_Natural_Hazards\GPT数据\_Organization_Working\Archive_Extractions\dcda435756e0cf60\3B-HHR.MS.MRG.3IMERG.20250319-S123000-E125959.0750.V07B.HDF5,D:\OneDrive\桌面\论文\2027年投稿期刊\论文项目\07_JB医疗可达性_洪水扰动下交通-网络韧性与公平性_SCS_Natural_Hazards\GPT数据\Nature Portfolio_Project\01_前期数据支撑\07_D07_FLOOD_EVENT\D07E_IMERG\RAW\D07E_NASA_IMERG_Download_Helper\RAW_AUTHENTICATED_zip_parts_20261005_111729\RAW_AUTHENTICATED_part02.zip,extracted,Exact duplicate verified by identical file size and SHA-256 checksum.
7f4a43a57fa4ba33145255179e638a6780536cce0bed119f20c531f9b51f879c,7379331,2,D:\OneDrive\桌面\论文\2027年投稿期刊\论文项目\07_JB医疗可达性_洪水扰动下交通-网络韧性与公平性_SCS_Natural_Hazards\GPT数据\JB_Flood_Healthcare_Accessibility_Research\03_Nature_Portfolio_Project\Supporting_Information\Data_Tables\3B-HHR.MS.MRG.3IMERG.20250319-S130000-E132959.0780.V07B.HDF5,D:\OneDrive\桌面\论文\2027年投稿期刊\论文项目\07_JB医疗可达性_洪水扰动下交通-网络韧性与公平性_SCS_Natural_Hazards\GPT数据\_Organization_Working\Archive_Extractions\dcda435756e0cf60\3B-HHR.MS.MRG.3IMERG.20250319-S130000-E132959.0780.V07B.HDF5,D:\OneDrive\桌面\论文\2027年投稿期刊\论文项目\07_JB医疗可达性_洪水扰动下交通-网络韧性与公平性_SCS_Natural_Hazards\GPT数据\Nature Portfolio_Project\01_前期数据支撑\07_D07_FLOOD_EVENT\D07E_IMERG\RAW\D07E_NASA_IMERG_Download_Helper\RAW_AUTHENTICATED_zip_parts_20261005_111729\RAW_AUTHENTICATED_part02.zip,extracted,Exact duplicate verified by identical file size and SHA-256 checksum.
fcb86b41cea642c01370cc59fd145430b9a146d16080ac9ff3c4997b5496768f,7542680,2,D:\OneDrive\桌面\论文\2027年投稿期刊\论文项目\07_JB医疗可达性_洪水扰动下交通-网络韧性与公平性_SCS_Natural_Hazards\GPT数据\JB_Flood_Healthcare_Accessibility_Research\03_Nature_Portfolio_Project\Supporting_Information\Data_Tables\3B-HHR.MS.MRG.3IMERG.20250319-S133000-E135959.0810.V07B.HDF5,D:\OneDrive\桌面\论文\2027年投稿期刊\论文项目\07_JB医疗可达性_洪水扰动下交通-网络韧性与公平性_SCS_Natural_Hazards\GPT数据\_Organization_Working\Archive_Extractions\dcda435756e0cf60\3B-HHR.MS.MRG.3IMERG.20250319-S133000-E135959.0810.V07B.HDF5,D:\OneDrive\桌面\论文\2027年投稿期刊\论文项目\07_JB医疗可达性_洪水扰动下交通-网络韧性与公平性_SCS_Natural_Hazards\GPT数据\Nature Portfolio_Project\01_前期数据支撑\07_D07_FLOOD_EVENT\D07E_IMERG\RAW\D07E_NASA_IMERG_Download_Helper\RAW_AUTHENTICATED_zip_parts_20261005_111729\RAW_AUTHENTICATED_part02.zip,extracted,Exact duplicate verified by identical file size and SHA-256 checksum.
1ee7d8f0c12508d922888810e2864893d5544dddedd5fccb221e1dc54dcc1237,7631966,2,D:\OneDrive\桌面\论文\2027年投稿期刊\论文项目\07_JB医疗可达性_洪水扰动下交通-网络韧性与公平性_SCS_Natural_Hazards\GPT数据\JB_Flood_Healthcare_Accessibility_Research\03_Nature_Portfolio_Project\Supporting_Information\Data_Tables\3B-HHR.MS.MRG.3IMERG.20250319-S140000-E142959.0840.V07B.HDF5,D:\OneDrive\桌面\论文\2027年投稿期刊\论文项目\07_JB医疗可达性_洪水扰动下交通-网络韧性与公平性_SCS_Natural_Hazards\GPT数据\_Organization_Working\Archive_Extractions\dcda435756e0cf60\3B-HHR.MS.MRG.3IMERG.20250319-S140000-E142959.0840.V07B.HDF5,D:\OneDrive\桌面\论文\2027年投稿期刊\论文项目\07_JB医疗可达性_洪水扰动下交通-网络韧性与公平性_SCS_Natural_Hazards\GPT数据\Nature Portfolio_Project\01_前期数据支撑\07_D07_FLOOD_EVENT\D07E_IMERG\RAW\D07E_NASA_IMERG_Download_Helper\RAW_AUTHENTICATED_zip_parts_20261005_111729\RAW_AUTHENTICATED_part02.zip,extracted,Exact duplicate verified by identical file size and SHA-256 checksum.
501c8a9c560541a31c5312cc0aa8864e1a21f21e1d9f9bad7a615796293022ce,7586073,2,D:\OneDrive\桌面\论文\2027年投稿期刊\论文项目\07_JB医疗可达性_洪水扰动下交通-网络韧性与公平性_SCS_Natural_Hazards\GPT数据\JB_Flood_Healthcare_Accessibility_Research\03_Nature_Portfolio_Project\Supporting_Information\Data_Tables\3B-HHR.MS.MRG.3IMERG.20250319-S143000-E145959.0870.V07B.HDF5,D:\OneDrive\桌面\论文\2027年投稿期刊\论文项目\07_JB医疗可达性_洪水扰动下交通-网络韧性与公平性_SCS_Natural_Hazards\GPT数据\_Organization_Working\Archive_Extractions\dcda435756e0cf60\3B-HHR.MS.MRG.3IMERG.20250319-S143000-E145959.0870.V07B.HDF5,D:\OneDrive\桌面\论文\2027年投稿期刊\论文项目\07_JB医疗可达性_洪水扰动下交通-网络韧性与公平性_SCS_Natural_Hazards\GPT数据\Nature Portfolio_Project\01_前期数据支撑\07_D07_FLOOD_EVENT\D07E_IMERG\RAW\D07E_NASA_IMERG_Download_Helper\RAW_AUTHENTICATED_zip_parts_20261005_111729\RAW_AUTHENTICATED_part02.zip,extracted,Exact duplicate verified by identical file size and SHA-256 checksum.
79541c66613e741274bf430d812ae4ae6a74e1566274b4efa224b74dff0d3ee6,7701024,2,D:\OneDrive\桌面\论文\2027年投稿期刊\论文项目\07_JB医疗可达性_洪水扰动下交通-网络韧性与公平性_SCS_Natural_Hazards\GPT数据\JB_Flood_Healthcare_Accessibility_Research\03_Nature_Portfolio_Project\Supporting_Information\Data_Tables\3B-HHR.MS.MRG.3IMERG.20250319-S150000-E152959.0900.V07B.HDF5,D:\OneDrive\桌面\论文\2027年投稿期刊\论文项目\07_JB医疗可达性_洪水扰动下交通-网络韧性与公平性_SCS_Natural_Hazards\GPT数据\_Organization_Working\Archive_Extractions\dcda435756e0cf60\3B-HHR.MS.MRG.3IMERG.20250319-S150000-E152959.0900.V07B.HDF5,D:\OneDrive\桌面\论文\2027年投稿期刊\论文项目\07_JB医疗可达性_洪水扰动下交通-网络韧性与公平性_SCS_Natural_Hazards\GPT数据\Nature Portfolio_Project\01_前期数据支撑\07_D07_FLOOD_EVENT\D07E_IMERG\RAW\D07E_NASA_IMERG_Download_Helper\RAW_AUTHENTICATED_zip_parts_20261005_111729\RAW_AUTHENTICATED_part02.zip,extracted,Exact duplicate verified by identical file size and SHA-256 checksum.
d9a7ec6422d9806fbb8da71e9aaa7bba502fee3709988581cdb2102633978ca7,7775362,2,D:\OneDrive\桌面\论文\2027年投稿期刊\论文项目\07_JB医疗可达性_洪水扰动下交通-网络韧性与公平性_SCS_Natural_Hazards\GPT数据\JB_Flood_Healthcare_Accessibility_Research\03_Nature_Portfolio_Project\Supporting_Information\Data_Tables\3B-HHR.MS.MRG.3IMERG.20250319-S153000-E155959.0930.V07B.HDF5,D:\OneDrive\桌面\论文\2027年投稿期刊\论文项目\07_JB医疗可达性_洪水扰动下交通-网络韧性与公平性_SCS_Natural_Hazards\GPT数据\_Organization_Working\Archive_Extractions\dcda435756e0cf60\3B-HHR.MS.MRG.3IMERG.20250319-S153000-E155959.0930.V07B.HDF5,D:\OneDrive\桌面\论文\2027年投稿期刊\论文项目\07_JB医疗可达性_洪水扰动下交通-网络韧性与公平性_SCS_Natural_Hazards\GPT数据\Nature Portfolio_Project\01_前期数据支撑\07_D07_FLOOD_EVENT\D07E_IMERG\RAW\D07E_NASA_IMERG_Download_Helper\RAW_AUTHENTICATED_zip_parts_20261005_111729\RAW_AUTHENTICATED_part02.zip,extracted,Exact duplicate verified by identical file size and SHA-256 checksum.
f9db327a0f272b01f7786d9f302ed8a1e62b251cce347debc028ecbf5c307772,7848474,2,D:\OneDrive\桌面\论文\2027年投稿期刊\论文项目\07_JB医疗可达性_洪水扰动下交通-网络韧性与公平性_SCS_Natural_Hazards\GPT数据\JB_Flood_Healthcare_Accessibility_Research\03_Nature_Portfolio_Project\Supporting_Information\Data_Tables\3B-HHR.MS.MRG.3IMERG.20250319-S160000-E162959.0960.V07B.HDF5,D:\OneDrive\桌面\论文\2027年投稿期刊\论文项目\07_JB医疗可达性_洪水扰动下交通-网络韧性与公平性_SCS_Natural_Hazards\GPT数据\_Organization_Working\Archive_Extractions\dcda435756e0cf60\3B-HHR.MS.MRG.3IMERG.20250319-S160000-E162959.0960.V07B.HDF5,D:\OneDrive\桌面\论文\2027年投稿期刊\论文项目\07_JB医疗可达性_洪水扰动下交通-网络韧性与公平性_SCS_Natural_Hazards\GPT数据\Nature Portfolio_Project\01_前期数据支撑\07_D07_FLOOD_EVENT\D07E_IMERG\RAW\D07E_NASA_IMERG_Download_Helper\RAW_AUTHENTICATED_zip_parts_20261005_111729\RAW_AUTHENTICATED_part02.zip,extracted,Exact duplicate verified by identical file size and SHA-256 checksum.
5ccc25f0dfbc91003896bc37548cc3717c593f485c76c13d189e9b5cecc383f3,7926175,2,D:\OneDrive\桌面\论文\2027年投稿期刊\论文项目\07_JB医疗可达性_洪水扰动下交通-网络韧性与公平性_SCS_Natural_Hazards\GPT数据\JB_Flood_Healthcare_Accessibility_Research\03_Nature_Portfolio_Project\Supporting_Information\Data_Tables\3B-HHR.MS.MRG.3IMERG.20250319-S163000-E165959.0990.V07B.HDF5,D:\OneDrive\桌面\论文\2027年投稿期刊\论文项目\07_JB医疗可达性_洪水扰动下交通-网络韧性与公平性_SCS_Natural_Hazards\GPT数据\_Organization_Working\Archive_Extractions\dcda435756e0cf60\3B-HHR.MS.MRG.3IMERG.20250319-S163000-E165959.0990.V07B.HDF5,D:\OneDrive\桌面\论文\2027年投稿期刊\论文项目\07_JB医疗可达性_洪水扰动下交通-网络韧性与公平性_SCS_Natural_Hazards\GPT数据\Nature Portfolio_Project\01_前期数据支撑\07_D07_FLOOD_EVENT\D07E_IMERG\RAW\D07E_NASA_IMERG_Download_Helper\RAW_AUTHENTICATED_zip_parts_20261005_111729\RAW_AUTHENTICATED_part02.zip,extracted,Exact duplicate verified by identical file size and SHA-256 checksum.
543eaf26250e7cd87128700e7668957eabc710c26e87e75c369622a3c978e034,7939941,2,D:\OneDrive\桌面\论文\2027年投稿期刊\论文项目\07_JB医疗可达性_洪水扰动下交通-网络韧性与公平性_SCS_Natural_Hazards\GPT数据\JB_Flood_Healthcare_Accessibility_Research\03_Nature_Portfolio_Project\Supporting_Information\Data_Tables\3B-HHR.MS.MRG.3IMERG.20250319-S170000-E172959.1020.V07B.HDF5,D:\OneDrive\桌面\论文\2027年投稿期刊\论文项目\07_JB医疗可达性_洪水扰动下交通-网络韧性与公平性_SCS_Natural_Hazards\GPT数据\_Organization_Working\Archive_Extractions\dcda435756e0cf60\3B-HHR.MS.MRG.3IMERG.20250319-S170000-E172959.1020.V07B.HDF5,D:\OneDrive\桌面\论文\2027年投稿期刊\论文项目\07_JB医疗可达性_洪水扰动下交通-网络韧性与公平性_SCS_Natural_Hazards\GPT数据\Nature Portfolio_Project\01_前期数据支撑\07_D07_FLOOD_EVENT\D07E_IMERG\RAW\D07E_NASA_IMERG_Download_Helper\RAW_AUTHENTICATED_zip_parts_20261005_111729\RAW_AUTHENTICATED_part02.zip,extracted,Exact duplicate verified by identical file size and SHA-256 checksum.
b400dfcaeccf42db2cfb039903bc49da8d6d2da09454864df7f8b6450178f807,7836476,2,D:\OneDrive\桌面\论文\2027年投稿期刊\论文项目\07_JB医疗可达性_洪水扰动下交通-网络韧性与公平性_SCS_Natural_Hazards\GPT数据\JB_Flood_Healthcare_Accessibility_Research\03_Nature_Portfolio_Project\Supporting_Information\Data_Tables\3B-HHR.MS.MRG.3IMERG.20250319-S173000-E175959.1050.V07B.HDF5,D:\OneDrive\桌面\论文\2027年投稿期刊\论文项目\07_JB医疗可达性_洪水扰动下交通-网络韧性与公平性_SCS_Natural_Hazards\GPT数据\_Organization_Working\Archive_Extractions\9b57fae6a765fdc5\3B-HHR.MS.MRG.3IMERG.20250319-S173000-E175959.1050.V07B.HDF5,D:\OneDrive\桌面\论文\2027年投稿期刊\论文项目\07_JB医疗可达性_洪水扰动下交通-网络韧性与公平性_SCS_Natural_Hazards\GPT数据\Nature Portfolio_Project\01_前期数据支撑\07_D07_FLOOD_EVENT\D07E_IMERG\RAW\D07E_NASA_IMERG_Download_Helper\RAW_AUTHENTICATED_zip_parts_20261005_111729\RAW_AUTHENTICATED_part03.zip,extracted,Exact duplicate verified by identical file size and SHA-256 checksum.
c47582fe93f9cc0903cd254cf9580637abd7d31189339335f974883afb987b33,7900908,2,D:\OneDrive\桌面\论文\2027年投稿期刊\论文项目\07_JB医疗可达性_洪水扰动下交通-网络韧性与公平性_SCS_Natural_Hazards\GPT数据\JB_Flood_Healthcare_Accessibility_Research\03_Nature_Portfolio_Project\Supporting_Information\Data_Tables\3B-HHR.MS.MRG.3IMERG.20250319-S180000-E182959.1080.V07B.HDF5,D:\OneDrive\桌面\论文\2027年投稿期刊\论文项目\07_JB医疗可达性_洪水扰动下交通-网络韧性与公平性_SCS_Natural_Hazards\GPT数据\_Organization_Working\Archive_Extractions\9b57fae6a765fdc5\3B-HHR.MS.MRG.3IMERG.20250319-S180000-E182959.1080.V07B.HDF5,D:\OneDrive\桌面\论文\2027年投稿期刊\论文项目\07_JB医疗可达性_洪水扰动下交通-网络韧性与公平性_SCS_Natural_Hazards\GPT数据\Nature Portfolio_Project\01_前期数据支撑\07_D07_FLOOD_EVENT\D07E_IMERG\RAW\D07E_NASA_IMERG_Download_Helper\RAW_AUTHENTICATED_zip_parts_20261005_111729\RAW_AUTHENTICATED_part03.zip,extracted,Exact duplicate verified by identical file size and SHA-256 checksum.
5867db9b0b38ed5265524c9aab5bb3a59d1ba5b58ba51f4e333b74263c4a1c2b,8014210,2,D:\OneDrive\桌面\论文\2027年投稿期刊\论文项目\07_JB医疗可达性_洪水扰动下交通-网络韧性与公平性_SCS_Natural_Hazards\GPT数据\JB_Flood_Healthcare_Accessibility_Research\03_Nature_Portfolio_Project\Supporting_Information\Data_Tables\3B-HHR.MS.MRG.3IMERG.20250319-S183000-E185959.1110.V07B.HDF5,D:\OneDrive\桌面\论文\2027年投稿期刊\论文项目\07_JB医疗可达性_洪水扰动下交通-网络韧性与公平性_SCS_Natural_Hazards\GPT数据\_Organization_Working\Archive_Extractions\9b57fae6a765fdc5\3B-HHR.MS.MRG.3IMERG.20250319-S183000-E185959.1110.V07B.HDF5,D:\OneDrive\桌面\论文\2027年投稿期刊\论文项目\07_JB医疗可达性_洪水扰动下交通-网络韧性与公平性_SCS_Natural_Hazards\GPT数据\Nature Portfolio_Project\01_前期数据支撑\07_D07_FLOOD_EVENT\D07E_IMERG\RAW\D07E_NASA_IMERG_Download_Helper\RAW_AUTHENTICATED_zip_parts_20261005_111729\RAW_AUTHENTICATED_part03.zip,extracted,Exact duplicate verified by identical file size and SHA-256 checksum.
6616cc100f167ac7436922c3b3bd2a078019628d7ef463edab3bc08a73ba412b,7864356,2,D:\OneDrive\桌面\论文\2027年投稿期刊\论文项目\07_JB医疗可达性_洪水扰动下交通-网络韧性与公平性_SCS_Natural_Hazards\GPT数据\JB_Flood_Healthcare_Accessibility_Research\03_Nature_Portfolio_Project\Supporting_Information\Data_Tables\3B-HHR.MS.MRG.3IMERG.20250319-S190000-E192959.1140.V07B.HDF5,D:\OneDrive\桌面\论文\2027年投稿期刊\论文项目\07_JB医疗可达性_洪水扰动下交通-网络韧性与公平性_SCS_Natural_Hazards\GPT数据\_Organization_Working\Archive_Extractions\9b57fae6a765fdc5\3B-HHR.MS.MRG.3IMERG.20250319-S190000-E192959.1140.V07B.HDF5,D:\OneDrive\桌面\论文\2027年投稿期刊\论文项目\07_JB医疗可达性_洪水扰动下交通-网络韧性与公平性_SCS_Natural_Hazards\GPT数据\Nature Portfolio_Project\01_前期数据支撑\07_D07_FLOOD_EVENT\D07E_IMERG\RAW\D07E_NASA_IMERG_Download_Helper\RAW_AUTHENTICATED_zip_parts_20261005_111729\RAW_AUTHENTICATED_part03.zip,extracted,Exact duplicate verified by identical file size and SHA-256 checksum.
efa35a9ad5787e4e1e0f1ec63250d8904cd1d31005b4f3f30cc5024ba33e6fe2,7908742,2,D:\OneDrive\桌面\论文\2027年投稿期刊\论文项目\07_JB医疗可达性_洪水扰动下交通-网络韧性与公平性_SCS_Natural_Hazards\GPT数据\JB_Flood_Healthcare_Accessibility_Research\03_Nature_Portfolio_Project\Supporting_Information\Data_Tables\3B-HHR.MS.MRG.3IMERG.20250319-S193000-E195959.1170.V07B.HDF5,D:\OneDrive\桌面\论文\2027年投稿期刊\论文项目\07_JB医疗可达性_洪水扰动下交通-网络韧性与公平性_SCS_Natural_Hazards\GPT数据\_Organization_Working\Archive_Extractions\9b57fae6a765fdc5\3B-HHR.MS.MRG.3IMERG.20250319-S193000-E195959.1170.V07B.HDF5,D:\OneDrive\桌面\论文\2027年投稿期刊\论文项目\07_JB医疗可达性_洪水扰动下交通-网络韧性与公平性_SCS_Natural_Hazards\GPT数据\Nature Portfolio_Project\01_前期数据支撑\07_D07_FLOOD_EVENT\D07E_IMERG\RAW\D07E_NASA_IMERG_Download_Helper\RAW_AUTHENTICATED_zip_parts_20261005_111729\RAW_AUTHENTICATED_part03.zip,extracted,Exact duplicate verified by identical file size and SHA-256 checksum.
1919830fe01fe659b7292c199f91207e08d2c3ce61a2d45712707490a10c186b,7933383,2,D:\OneDrive\桌面\论文\2027年投稿期刊\论文项目\07_JB医疗可达性_洪水扰动下交通-网络韧性与公平性_SCS_Natural_Hazards\GPT数据\JB_Flood_Healthcare_Accessibility_Research\03_Nature_Portfolio_Project\Supporting_Information\Data_Tables\3B-HHR.MS.MRG.3IMERG.20250319-S200000-E202959.1200.V07B.HDF5,D:\OneDrive\桌面\论文\2027年投稿期刊\论文项目\07_JB医疗可达性_洪水扰动下交通-网络韧性与公平性_SCS_Natural_Hazards\GPT数据\_Organization_Working\Archive_Extractions\9b57fae6a765fdc5\3B-HHR.MS.MRG.3IMERG.20250319-S200000-E202959.1200.V07B.HDF5,D:\OneDrive\桌面\论文\2027年投稿期刊\论文项目\07_JB医疗可达性_洪水扰动下交通-网络韧性与公平性_SCS_Natural_Hazards\GPT数据\Nature Portfolio_Project\01_前期数据支撑\07_D07_FLOOD_EVENT\D07E_IMERG\RAW\D07E_NASA_IMERG_Download_Helper\RAW_AUTHENTICATED_zip_parts_20261005_111729\RAW_AUTHENTICATED_part03.zip,extracted,Exact duplicate verified by identical file size and SHA-256 checksum.
acc4475a48a3a05b8d4aae7bbdda5b2668e8f085a58dde61929a33d0437ce464,7908858,2,D:\OneDrive\桌面\论文\2027年投稿期刊\论文项目\07_JB医疗可达性_洪水扰动下交通-网络韧性与公平性_SCS_Natural_Hazards\GPT数据\JB_Flood_Healthcare_Accessibility_Research\03_Nature_Portfolio_Project\Supporting_Information\Data_Tables\3B-HHR.MS.MRG.3IMERG.20250319-S203000-E205959.1230.V07B.HDF5,D:\OneDrive\桌面\论文\2027年投稿期刊\论文项目\07_JB医疗可达性_洪水扰动下交通-网络韧性与公平性_SCS_Natural_Hazards\GPT数据\_Organization_Working\Archive_Extractions\9b57fae6a765fdc5\3B-HHR.MS.MRG.3IMERG.20250319-S203000-E205959.1230.V07B.HDF5,D:\OneDrive\桌面\论文\2027年投稿期刊\论文项目\07_JB医疗可达性_洪水扰动下交通-网络韧性与公平性_SCS_Natural_Hazards\GPT数据\Nature Portfolio_Project\01_前期数据支撑\07_D07_FLOOD_EVENT\D07E_IMERG\RAW\D07E_NASA_IMERG_Download_Helper\RAW_AUTHENTICATED_zip_parts_20261005_111729\RAW_AUTHENTICATED_part03.zip,extracted,Exact duplicate verified by identical file size and SHA-256 checksum.
cec9fa3f1f718119931179e68a1ad53acc6601cac08321143fc5340726ccd35f,7940653,2,D:\OneDrive\桌面\论文\2027年投稿期刊\论文项目\07_JB医疗可达性_洪水扰动下交通-网络韧性与公平性_SCS_Natural_Hazards\GPT数据\JB_Flood_Healthcare_Accessibility_Research\03_Nature_Portfolio_Project\Supporting_Information\Data_Tables\3B-HHR.MS.MRG.3IMERG.20250319-S210000-E212959.1260.V07B.HDF5,D:\OneDrive\桌面\论文\2027年投稿期刊\论文项目\07_JB医疗可达性_洪水扰动下交通-网络韧性与公平性_SCS_Natural_Hazards\GPT数据\_Organization_Working\Archive_Extractions\9b57fae6a765fdc5\3B-HHR.MS.MRG.3IMERG.20250319-S210000-E212959.1260.V07B.HDF5,D:\OneDrive\桌面\论文\2027年投稿期刊\论文项目\07_JB医疗可达性_洪水扰动下交通-网络韧性与公平性_SCS_Natural_Hazards\GPT数据\Nature Portfolio_Project\01_前期数据支撑\07_D07_FLOOD_EVENT\D07E_IMERG\RAW\D07E_NASA_IMERG_Download_Helper\RAW_AUTHENTICATED_zip_parts_20261005_111729\RAW_AUTHENTICATED_part03.zip,extracted,Exact duplicate verified by identical file size and SHA-256 checksum.
ce162843c29a784df4215bbce61df4d32d519cf8f0d9c6bc02cb137f73c8ea37,7781164,2,D:\OneDrive\桌面\论文\2027年投稿期刊\论文项目\07_JB医疗可达性_洪水扰动下交通-网络韧性与公平性_SCS_Natural_Hazards\GPT数据\JB_Flood_Healthcare_Accessibility_Research\03_Nature_Portfolio_Project\Supporting_Information\Data_Tables\3B-HHR.MS.MRG.3IMERG.20250319-S213000-E215959.1290.V07B.HDF5,D:\OneDrive\桌面\论文\2027年投稿期刊\论文项目\07_JB医疗可达性_洪水扰动下交通-网络韧性与公平性_SCS_Natural_Hazards\GPT数据\_Organization_Working\Archive_Extractions\9b57fae6a765fdc5\3B-HHR.MS.MRG.3IMERG.20250319-S213000-E215959.1290.V07B.HDF5,D:\OneDrive\桌面\论文\2027年投稿期刊\论文项目\07_JB医疗可达性_洪水扰动下交通-网络韧性与公平性_SCS_Natural_Hazards\GPT数据\Nature Portfolio_Project\01_前期数据支撑\07_D07_FLOOD_EVENT\D07E_IMERG\RAW\D07E_NASA_IMERG_Download_Helper\RAW_AUTHENTICATED_zip_parts_20261005_111729\RAW_AUTHENTICATED_part03.zip,extracted,Exact duplicate verified by identical file size and SHA-256 checksum.
501fdfa9cf8748a57e6096bc3e37d829a7ea9c360f912ae4e30b3940507f11a2,7942782,2,D:\OneDrive\桌面\论文\2027年投稿期刊\论文项目\07_JB医疗可达性_洪水扰动下交通-网络韧性与公平性_SCS_Natural_Hazards\GPT数据\JB_Flood_Healthcare_Accessibility_Research\03_Nature_Portfolio_Project\Supporting_Information\Data_Tables\3B-HHR.MS.MRG.3IMERG.20250319-S220000-E222959.1320.V07B.HDF5,D:\OneDrive\桌面\论文\2027年投稿期刊\论文项目\07_JB医疗可达性_洪水扰动下交通-网络韧性与公平性_SCS_Natural_Hazards\GPT数据\_Organization_Working\Archive_Extractions\9b57fae6a765fdc5\3B-HHR.MS.MRG.3IMERG.20250319-S220000-E222959.1320.V07B.HDF5,D:\OneDrive\桌面\论文\2027年投稿期刊\论文项目\07_JB医疗可达性_洪水扰动下交通-网络韧性与公平性_SCS_Natural_Hazards\GPT数据\Nature Portfolio_Project\01_前期数据支撑\07_D07_FLOOD_EVENT\D07E_IMERG\RAW\D07E_NASA_IMERG_Download_Helper\RAW_AUTHENTICATED_zip_parts_20261005_111729\RAW_AUTHENTICATED_part03.zip,extracted,Exact duplicate verified by identical file size and SHA-256 checksum.
c280c1eda08f97ffbb31e42aebd7169e9d0886f10e4746f5c52f04db37312d87,7658170,2,D:\OneDrive\桌面\论文\2027年投稿期刊\论文项目\07_JB医疗可达性_洪水扰动下交通-网络韧性与公平性_SCS_Natural_Hazards\GPT数据\JB_Flood_Healthcare_Accessibility_Research\03_Nature_Portfolio_Project\Supporting_Information\Data_Tables\3B-HHR.MS.MRG.3IMERG.20250319-S223000-E225959.1350.V07B.HDF5,D:\OneDrive\桌面\论文\2027年投稿期刊\论文项目\07_JB医疗可达性_洪水扰动下交通-网络韧性与公平性_SCS_Natural_Hazards\GPT数据\_Organization_Working\Archive_Extractions\9b57fae6a765fdc5\3B-HHR.MS.MRG.3IMERG.20250319-S223000-E225959.1350.V07B.HDF5,D:\OneDrive\桌面\论文\2027年投稿期刊\论文项目\07_JB医疗可达性_洪水扰动下交通-网络韧性与公平性_SCS_Natural_Hazards\GPT数据\Nature Portfolio_Project\01_前期数据支撑\07_D07_FLOOD_EVENT\D07E_IMERG\RAW\D07E_NASA_IMERG_Download_Helper\RAW_AUTHENTICATED_zip_parts_20261005_111729\RAW_AUTHENTICATED_part03.zip,extracted,Exact duplicate verified by identical file size and SHA-256 checksum.
c11c595510f69a0dd52a9470191b28a92a09fbb2ef5d8b60a3ae71fe4073515e,7729814,2,D:\OneDrive\桌面\论文\2027年投稿期刊\论文项目\07_JB医疗可达性_洪水扰动下交通-网络韧性与公平性_SCS_Natural_Hazards\GPT数据\JB_Flood_Healthcare_Accessibility_Research\03_Nature_Portfolio_Project\Supporting_Information\Data_Tables\3B-HHR.MS.MRG.3IMERG.20250319-S230000-E232959.1380.V07B.HDF5,D:\OneDrive\桌面\论文\2027年投稿期刊\论文项目\07_JB医疗可达性_洪水扰动下交通-网络韧性与公平性_SCS_Natural_Hazards\GPT数据\_Organization_Working\Archive_Extractions\9b57fae6a765fdc5\3B-HHR.MS.MRG.3IMERG.20250319-S230000-E232959.1380.V07B.HDF5,D:\OneDrive\桌面\论文\2027年投稿期刊\论文项目\07_JB医疗可达性_洪水扰动下交通-网络韧性与公平性_SCS_Natural_Hazards\GPT数据\Nature Portfolio_Project\01_前期数据支撑\07_D07_FLOOD_EVENT\D07E_IMERG\RAW\D07E_NASA_IMERG_Download_Helper\RAW_AUTHENTICATED_zip_parts_20261005_111729\RAW_AUTHENTICATED_part03.zip,extracted,Exact duplicate verified by identical file size and SHA-256 checksum.
8108c55d73e22a0c209435690622b06e04ae600e39933ef25f1792d07dafdab8,7732332,2,D:\OneDrive\桌面\论文\2027年投稿期刊\论文项目\07_JB医疗可达性_洪水扰动下交通-网络韧性与公平性_SCS_Natural_Hazards\GPT数据\JB_Flood_Healthcare_Accessibility_Research\03_Nature_Portfolio_Project\Supporting_Information\Data_Tables\3B-HHR.MS.MRG.3IMERG.20250319-S233000-E235959.1410.V07B.HDF5,D:\OneDrive\桌面\论文\2027年投稿期刊\论文项目\07_JB医疗可达性_洪水扰动下交通-网络韧性与公平性_SCS_Natural_Hazards\GPT数据\_Organization_Working\Archive_Extractions\9b57fae6a765fdc5\3B-HHR.MS.MRG.3IMERG.20250319-S233000-E235959.1410.V07B.HDF5,D:\OneDrive\桌面\论文\2027年投稿期刊\论文项目\07_JB医疗可达性_洪水扰动下交通-网络韧性与公平性_SCS_Natural_Hazards\GPT数据\Nature Portfolio_Project\01_前期数据支撑\07_D07_FLOOD_EVENT\D07E_IMERG\RAW\D07E_NASA_IMERG_Download_Helper\RAW_AUTHENTICATED_zip_parts_20261005_111729\RAW_AUTHENTICATED_part03.zip,extracted,Exact duplicate verified by identical file size and SHA-256 checksum.
677b458d91c55c39488202c4583c3ad7a798baeaf9b80063acfbdbe0d759b806,7572100,2,D:\OneDrive\桌面\论文\2027年投稿期刊\论文项目\07_JB医疗可达性_洪水扰动下交通-网络韧性与公平性_SCS_Natural_Hazards\GPT数据\JB_Flood_Healthcare_Accessibility_Research\03_Nature_Portfolio_Project\Supporting_Information\Data_Tables\3B-HHR.MS.MRG.3IMERG.20250320-S000000-E002959.0000.V07B.HDF5,D:\OneDrive\桌面\论文\2027年投稿期刊\论文项目\07_JB医疗可达性_洪水扰动下交通-网络韧性与公平性_SCS_Natural_Hazards\GPT数据\_Organization_Working\Archive_Extractions\9b57fae6a765fdc5\3B-HHR.MS.MRG.3IMERG.20250320-S000000-E002959.0000.V07B.HDF5,D:\OneDrive\桌面\论文\2027年投稿期刊\论文项目\07_JB医疗可达性_洪水扰动下交通-网络韧性与公平性_SCS_Natural_Hazards\GPT数据\Nature Portfolio_Project\01_前期数据支撑\07_D07_FLOOD_EVENT\D07E_IMERG\RAW\D07E_NASA_IMERG_Download_Helper\RAW_AUTHENTICATED_zip_parts_20261005_111729\RAW_AUTHENTICATED_part03.zip,extracted,Exact duplicate verified by identical file size and SHA-256 checksum.
ee35dc029c8a4c0d26da0eac38d9481ff9f92c3374a753b5fe322242b680ef6d,7528962,2,D:\OneDrive\桌面\论文\2027年投稿期刊\论文项目\07_JB医疗可达性_洪水扰动下交通-网络韧性与公平性_SCS_Natural_Hazards\GPT数据\JB_Flood_Healthcare_Accessibility_Research\03_Nature_Portfolio_Project\Supporting_Information\Data_Tables\3B-HHR.MS.MRG.3IMERG.20250320-S003000-E005959.0030.V07B.HDF5,D:\OneDrive\桌面\论文\2027年投稿期刊\论文项目\07_JB医疗可达性_洪水扰动下交通-网络韧性与公平性_SCS_Natural_Hazards\GPT数据\_Organization_Working\Archive_Extractions\9b57fae6a765fdc5\3B-HHR.MS.MRG.3IMERG.20250320-S003000-E005959.0030.V07B.HDF5,D:\OneDrive\桌面\论文\2027年投稿期刊\论文项目\07_JB医疗可达性_洪水扰动下交通-网络韧性与公平性_SCS_Natural_Hazards\GPT数据\Nature Portfolio_Project\01_前期数据支撑\07_D07_FLOOD_EVENT\D07E_IMERG\RAW\D07E_NASA_IMERG_Download_Helper\RAW_AUTHENTICATED_zip_parts_20261005_111729\RAW_AUTHENTICATED_part03.zip,extracted,Exact duplicate verified by identical file size and SHA-256 checksum.
4ce635ff9d547386ee5b1630840114a98751f0d4d35d82c41851ae22dc74da5b,7593314,2,D:\OneDrive\桌面\论文\2027年投稿期刊\论文项目\07_JB医疗可达性_洪水扰动下交通-网络韧性与公平性_SCS_Natural_Hazards\GPT数据\JB_Flood_Healthcare_Accessibility_Research\03_Nature_Portfolio_Project\Supporting_Information\Data_Tables\3B-HHR.MS.MRG.3IMERG.20250320-S010000-E012959.0060.V07B.HDF5,D:\OneDrive\桌面\论文\2027年投稿期刊\论文项目\07_JB医疗可达性_洪水扰动下交通-网络韧性与公平性_SCS_Natural_Hazards\GPT数据\_Organization_Working\Archive_Extractions\9b57fae6a765fdc5\3B-HHR.MS.MRG.3IMERG.20250320-S010000-E012959.0060.V07B.HDF5,D:\OneDrive\桌面\论文\2027年投稿期刊\论文项目\07_JB医疗可达性_洪水扰动下交通-网络韧性与公平性_SCS_Natural_Hazards\GPT数据\Nature Portfolio_Project\01_前期数据支撑\07_D07_FLOOD_EVENT\D07E_IMERG\RAW\D07E_NASA_IMERG_Download_Helper\RAW_AUTHENTICATED_zip_parts_20261005_111729\RAW_AUTHENTICATED_part03.zip,extracted,Exact duplicate verified by identical file size and SHA-256 checksum.
c2c92dce01ed614a2210b790b75c89bfdfda87b701186d44fae781c06f8e7f6e,7618682,2,D:\OneDrive\桌面\论文\2027年投稿期刊\论文项目\07_JB医疗可达性_洪水扰动下交通-网络韧性与公平性_SCS_Natural_Hazards\GPT数据\JB_Flood_Healthcare_Accessibility_Research\03_Nature_Portfolio_Project\Supporting_Information\Data_Tables\3B-HHR.MS.MRG.3IMERG.20250320-S013000-E015959.0090.V07B.HDF5,D:\OneDrive\桌面\论文\2027年投稿期刊\论文项目\07_JB医疗可达性_洪水扰动下交通-网络韧性与公平性_SCS_Natural_Hazards\GPT数据\_Organization_Working\Archive_Extractions\9b57fae6a765fdc5\3B-HHR.MS.MRG.3IMERG.20250320-S013000-E015959.0090.V07B.HDF5,D:\OneDrive\桌面\论文\2027年投稿期刊\论文项目\07_JB医疗可达性_洪水扰动下交通-网络韧性与公平性_SCS_Natural_Hazards\GPT数据\Nature Portfolio_Project\01_前期数据支撑\07_D07_FLOOD_EVENT\D07E_IMERG\RAW\D07E_NASA_IMERG_Download_Helper\RAW_AUTHENTICATED_zip_parts_20261005_111729\RAW_AUTHENTICATED_part03.zip,extracted,Exact duplicate verified by identical file size and SHA-256 checksum.
83dfd780ff64630b65d040574aeac357ba6c6df8aa1f7d702867b6c770edb33f,7606693,2,D:\OneDrive\桌面\论文\2027年投稿期刊\论文项目\07_JB医疗可达性_洪水扰动下交通-网络韧性与公平性_SCS_Natural_Hazards\GPT数据\JB_Flood_Healthcare_Accessibility_Research\03_Nature_Portfolio_Project\Supporting_Information\Data_Tables\3B-HHR.MS.MRG.3IMERG.20250320-S020000-E022959.0120.V07B.HDF5,D:\OneDrive\桌面\论文\2027年投稿期刊\论文项目\07_JB医疗可达性_洪水扰动下交通-网络韧性与公平性_SCS_Natural_Hazards\GPT数据\_Organization_Working\Archive_Extractions\9b57fae6a765fdc5\3B-HHR.MS.MRG.3IMERG.20250320-S020000-E022959.0120.V07B.HDF5,D:\OneDrive\桌面\论文\2027年投稿期刊\论文项目\07_JB医疗可达性_洪水扰动下交通-网络韧性与公平性_SCS_Natural_Hazards\GPT数据\Nature Portfolio_Project\01_前期数据支撑\07_D07_FLOOD_EVENT\D07E_IMERG\RAW\D07E_NASA_IMERG_Download_Helper\RAW_AUTHENTICATED_zip_parts_20261005_111729\RAW_AUTHENTICATED_part03.zip,extracted,Exact duplicate verified by identical file size and SHA-256 checksum.
9e71c2f4a10423b475e35b3fa72356b3ab20153884b2bb90a51edcbf4e07dede,7693814,2,D:\OneDrive\桌面\论文\2027年投稿期刊\论文项目\07_JB医疗可达性_洪水扰动下交通-网络韧性与公平性_SCS_Natural_Hazards\GPT数据\JB_Flood_Healthcare_Accessibility_Research\03_Nature_Portfolio_Project\Supporting_Information\Data_Tables\3B-HHR.MS.MRG.3IMERG.20250320-S023000-E025959.0150.V07B.HDF5,D:\OneDrive\桌面\论文\2027年投稿期刊\论文项目\07_JB医疗可达性_洪水扰动下交通-网络韧性与公平性_SCS_Natural_Hazards\GPT数据\_Organization_Working\Archive_Extractions\9b57fae6a765fdc5\3B-HHR.MS.MRG.3IMERG.20250320-S023000-E025959.0150.V07B.HDF5,D:\OneDrive\桌面\论文\2027年投稿期刊\论文项目\07_JB医疗可达性_洪水扰动下交通-网络韧性与公平性_SCS_Natural_Hazards\GPT数据\Nature Portfolio_Project\01_前期数据支撑\07_D07_FLOOD_EVENT\D07E_IMERG\RAW\D07E_NASA_IMERG_Download_Helper\RAW_AUTHENTICATED_zip_parts_20261005_111729\RAW_AUTHENTICATED_part03.zip,extracted,Exact duplicate verified by identical file size and SHA-256 checksum.
6951e9c169b213fba73e588da0c5f10787a7defe9c1cc6e7f38426f858b78959,7683351,2,D:\OneDrive\桌面\论文\2027年投稿期刊\论文项目\07_JB医疗可达性_洪水扰动下交通-网络韧性与公平性_SCS_Natural_Hazards\GPT数据\JB_Flood_Healthcare_Accessibility_Research\03_Nature_Portfolio_Project\Supporting_Information\Data_Tables\3B-HHR.MS.MRG.3IMERG.20250320-S030000-E032959.0180.V07B.HDF5,D:\OneDrive\桌面\论文\2027年投稿期刊\论文项目\07_JB医疗可达性_洪水扰动下交通-网络韧性与公平性_SCS_Natural_Hazards\GPT数据\_Organization_Working\Archive_Extractions\9b57fae6a765fdc5\3B-HHR.MS.MRG.3IMERG.20250320-S030000-E032959.0180.V07B.HDF5,D:\OneDrive\桌面\论文\2027年投稿期刊\论文项目\07_JB医疗可达性_洪水扰动下交通-网络韧性与公平性_SCS_Natural_Hazards\GPT数据\Nature Portfolio_Project\01_前期数据支撑\07_D07_FLOOD_EVENT\D07E_IMERG\RAW\D07E_NASA_IMERG_Download_Helper\RAW_AUTHENTICATED_zip_parts_20261005_111729\RAW_AUTHENTICATED_part03.zip,extracted,Exact duplicate verified by identical file size and SHA-256 checksum.
4bdf4c09b03e299effa43a026a4874b784ab824737cf97cdeb84c8e65b818262,7562909,2,D:\OneDrive\桌面\论文\2027年投稿期刊\论文项目\07_JB医疗可达性_洪水扰动下交通-网络韧性与公平性_SCS_Natural_Hazards\GPT数据\JB_Flood_Healthcare_Accessibility_Research\03_Nature_Portfolio_Project\Supporting_Information\Data_Tables\3B-HHR.MS.MRG.3IMERG.20250320-S033000-E035959.0210.V07B.HDF5,D:\OneDrive\桌面\论文\2027年投稿期刊\论文项目\07_JB医疗可达性_洪水扰动下交通-网络韧性与公平性_SCS_Natural_Hazards\GPT数据\_Organization_Working\Archive_Extractions\9b57fae6a765fdc5\3B-HHR.MS.MRG.3IMERG.20250320-S033000-E035959.0210.V07B.HDF5,D:\OneDrive\桌面\论文\2027年投稿期刊\论文项目\07_JB医疗可达性_洪水扰动下交通-网络韧性与公平性_SCS_Natural_Hazards\GPT数据\Nature Portfolio_Project\01_前期数据支撑\07_D07_FLOOD_EVENT\D07E_IMERG\RAW\D07E_NASA_IMERG_Download_Helper\RAW_AUTHENTICATED_zip_parts_20261005_111729\RAW_AUTHENTICATED_part03.zip,extracted,Exact duplicate verified by identical file size and SHA-256 checksum.
21dcfc5e551d54f4fdecc0c2a4c1550eea5322236c6a53a6e820e8af866a04a3,7813062,2,D:\OneDrive\桌面\论文\2027年投稿期刊\论文项目\07_JB医疗可达性_洪水扰动下交通-网络韧性与公平性_SCS_Natural_Hazards\GPT数据\JB_Flood_Healthcare_Accessibility_Research\03_Nature_Portfolio_Project\Supporting_Information\Data_Tables\3B-HHR.MS.MRG.3IMERG.20250320-S040000-E042959.0240.V07B.HDF5,D:\OneDrive\桌面\论文\2027年投稿期刊\论文项目\07_JB医疗可达性_洪水扰动下交通-网络韧性与公平性_SCS_Natural_Hazards\GPT数据\_Organization_Working\Archive_Extractions\9b57fae6a765fdc5\3B-HHR.MS.MRG.3IMERG.20250320-S040000-E042959.0240.V07B.HDF5,D:\OneDrive\桌面\论文\2027年投稿期刊\论文项目\07_JB医疗可达性_洪水扰动下交通-网络韧性与公平性_SCS_Natural_Hazards\GPT数据\Nature Portfolio_Project\01_前期数据支撑\07_D07_FLOOD_EVENT\D07E_IMERG\RAW\D07E_NASA_IMERG_Download_Helper\RAW_AUTHENTICATED_zip_parts_20261005_111729\RAW_AUTHENTICATED_part03.zip,extracted,Exact duplicate verified by identical file size and SHA-256 checksum.
14d80dec8b9a42ebb8c3592cf7eb283f977c6d5b8d00c054018ada066a60f7ac,7639927,2,D:\OneDrive\桌面\论文\2027年投稿期刊\论文项目\07_JB医疗可达性_洪水扰动下交通-网络韧性与公平性_SCS_Natural_Hazards\GPT数据\JB_Flood_Healthcare_Accessibility_Research\03_Nature_Portfolio_Project\Supporting_Information\Data_Tables\3B-HHR.MS.MRG.3IMERG.20250320-S043000-E045959.0270.V07B.HDF5,D:\OneDrive\桌面\论文\2027年投稿期刊\论文项目\07_JB医疗可达性_洪水扰动下交通-网络韧性与公平性_SCS_Natural_Hazards\GPT数据\_Organization_Working\Archive_Extractions\9b57fae6a765fdc5\3B-HHR.MS.MRG.3IMERG.20250320-S043000-E045959.0270.V07B.HDF5,D:\OneDrive\桌面\论文\2027年投稿期刊\论文项目\07_JB医疗可达性_洪水扰动下交通-网络韧性与公平性_SCS_Natural_Hazards\GPT数据\Nature Portfolio_Project\01_前期数据支撑\07_D07_FLOOD_EVENT\D07E_IMERG\RAW\D07E_NASA_IMERG_Download_Helper\RAW_AUTHENTICATED_zip_parts_20261005_111729\RAW_AUTHENTICATED_part03.zip,extracted,Exact duplicate verified by identical file size and SHA-256 checksum.
b0a1b8801c6e89ec62647fa32ab2c2be5bd0c6de19a1e8fa1466a560f1866773,7616817,2,D:\OneDrive\桌面\论文\2027年投稿期刊\论文项目\07_JB医疗可达性_洪水扰动下交通-网络韧性与公平性_SCS_Natural_Hazards\GPT数据\JB_Flood_Healthcare_Accessibility_Research\03_Nature_Portfolio_Project\Supporting_Information\Data_Tables\3B-HHR.MS.MRG.3IMERG.20250320-S050000-E052959.0300.V07B.HDF5,D:\OneDrive\桌面\论文\2027年投稿期刊\论文项目\07_JB医疗可达性_洪水扰动下交通-网络韧性与公平性_SCS_Natural_Hazards\GPT数据\_Organization_Working\Archive_Extractions\9b57fae6a765fdc5\3B-HHR.MS.MRG.3IMERG.20250320-S050000-E052959.0300.V07B.HDF5,D:\OneDrive\桌面\论文\2027年投稿期刊\论文项目\07_JB医疗可达性_洪水扰动下交通-网络韧性与公平性_SCS_Natural_Hazards\GPT数据\Nature Portfolio_Project\01_前期数据支撑\07_D07_FLOOD_EVENT\D07E_IMERG\RAW\D07E_NASA_IMERG_Download_Helper\RAW_AUTHENTICATED_zip_parts_20261005_111729\RAW_AUTHENTICATED_part03.zip,extracted,Exact duplicate verified by identical file size and SHA-256 checksum.
cdab6cfbe4f57e21085cf4e6ace431f218050fa09c33f9616898f29c8fbc987b,7627935,2,D:\OneDrive\桌面\论文\2027年投稿期刊\论文项目\07_JB医疗可达性_洪水扰动下交通-网络韧性与公平性_SCS_Natural_Hazards\GPT数据\JB_Flood_Healthcare_Accessibility_Research\03_Nature_Portfolio_Project\Supporting_Information\Data_Tables\3B-HHR.MS.MRG.3IMERG.20250320-S053000-E055959.0330.V07B.HDF5,D:\OneDrive\桌面\论文\2027年投稿期刊\论文项目\07_JB医疗可达性_洪水扰动下交通-网络韧性与公平性_SCS_Natural_Hazards\GPT数据\_Organization_Working\Archive_Extractions\9b57fae6a765fdc5\3B-HHR.MS.MRG.3IMERG.20250320-S053000-E055959.0330.V07B.HDF5,D:\OneDrive\桌面\论文\2027年投稿期刊\论文项目\07_JB医疗可达性_洪水扰动下交通-网络韧性与公平性_SCS_Natural_Hazards\GPT数据\Nature Portfolio_Project\01_前期数据支撑\07_D07_FLOOD_EVENT\D07E_IMERG\RAW\D07E_NASA_IMERG_Download_Helper\RAW_AUTHENTICATED_zip_parts_20261005_111729\RAW_AUTHENTICATED_part03.zip,extracted,Exact duplicate verified by identical file size and SHA-256 checksum.
3f02133df69c81cb5f310f51d3a76716628d07f672a513df44475f2a4891e462,7580867,2,D:\OneDrive\桌面\论文\2027年投稿期刊\论文项目\07_JB医疗可达性_洪水扰动下交通-网络韧性与公平性_SCS_Natural_Hazards\GPT数据\JB_Flood_Healthcare_Accessibility_Research\03_Nature_Portfolio_Project\Supporting_Information\Data_Tables\3B-HHR.MS.MRG.3IMERG.20250320-S060000-E062959.0360.V07B.HDF5,D:\OneDrive\桌面\论文\2027年投稿期刊\论文项目\07_JB医疗可达性_洪水扰动下交通-网络韧性与公平性_SCS_Natural_Hazards\GPT数据\_Organization_Working\Archive_Extractions\f15b961e20de845d\3B-HHR.MS.MRG.3IMERG.20250320-S060000-E062959.0360.V07B.HDF5,D:\OneDrive\桌面\论文\2027年投稿期刊\论文项目\07_JB医疗可达性_洪水扰动下交通-网络韧性与公平性_SCS_Natural_Hazards\GPT数据\Nature Portfolio_Project\01_前期数据支撑\07_D07_FLOOD_EVENT\D07E_IMERG\RAW\D07E_NASA_IMERG_Download_Helper\RAW_AUTHENTICATED_zip_parts_20261005_111729\RAW_AUTHENTICATED_part04.zip,extracted,Exact duplicate verified by identical file size and SHA-256 checksum.
06d4adfdae791900d783b8dee855efcad0fe397481d5821aff8820e304960f54,7609406,2,D:\OneDrive\桌面\论文\2027年投稿期刊\论文项目\07_JB医疗可达性_洪水扰动下交通-网络韧性与公平性_SCS_Natural_Hazards\GPT数据\JB_Flood_Healthcare_Accessibility_Research\03_Nature_Portfolio_Project\Supporting_Information\Data_Tables\3B-HHR.MS.MRG.3IMERG.20250320-S063000-E065959.0390.V07B.HDF5,D:\OneDrive\桌面\论文\2027年投稿期刊\论文项目\07_JB医疗可达性_洪水扰动下交通-网络韧性与公平性_SCS_Natural_Hazards\GPT数据\_Organization_Working\Archive_Extractions\f15b961e20de845d\3B-HHR.MS.MRG.3IMERG.20250320-S063000-E065959.0390.V07B.HDF5,D:\OneDrive\桌面\论文\2027年投稿期刊\论文项目\07_JB医疗可达性_洪水扰动下交通-网络韧性与公平性_SCS_Natural_Hazards\GPT数据\Nature Portfolio_Project\01_前期数据支撑\07_D07_FLOOD_EVENT\D07E_IMERG\RAW\D07E_NASA_IMERG_Download_Helper\RAW_AUTHENTICATED_zip_parts_20261005_111729\RAW_AUTHENTICATED_part04.zip,extracted,Exact duplicate verified by identical file size and SHA-256 checksum.
f8aa1fed802817c5d0e30514b05a013476f2e2c9e316f49348d7e179bfb3a311,7541264,2,D:\OneDrive\桌面\论文\2027年投稿期刊\论文项目\07_JB医疗可达性_洪水扰动下交通-网络韧性与公平性_SCS_Natural_Hazards\GPT数据\JB_Flood_Healthcare_Accessibility_Research\03_Nature_Portfolio_Project\Supporting_Information\Data_Tables\3B-HHR.MS.MRG.3IMERG.20250320-S070000-E072959.0420.V07B.HDF5,D:\OneDrive\桌面\论文\2027年投稿期刊\论文项目\07_JB医疗可达性_洪水扰动下交通-网络韧性与公平性_SCS_Natural_Hazards\GPT数据\_Organization_Working\Archive_Extractions\f15b961e20de845d\3B-HHR.MS.MRG.3IMERG.20250320-S070000-E072959.0420.V07B.HDF5,D:\OneDrive\桌面\论文\2027年投稿期刊\论文项目\07_JB医疗可达性_洪水扰动下交通-网络韧性与公平性_SCS_Natural_Hazards\GPT数据\Nature Portfolio_Project\01_前期数据支撑\07_D07_FLOOD_EVENT\D07E_IMERG\RAW\D07E_NASA_IMERG_Download_Helper\RAW_AUTHENTICATED_zip_parts_20261005_111729\RAW_AUTHENTICATED_part04.zip,extracted,Exact duplicate verified by identical file size and SHA-256 checksum.
0c0020985c91f397c149221d9c7fd3d41ca57e972aca7e2763bd746911bf9845,7492154,2,D:\OneDrive\桌面\论文\2027年投稿期刊\论文项目\07_JB医疗可达性_洪水扰动下交通-网络韧性与公平性_SCS_Natural_Hazards\GPT数据\JB_Flood_Healthcare_Accessibility_Research\03_Nature_Portfolio_Project\Supporting_Information\Data_Tables\3B-HHR.MS.MRG.3IMERG.20250320-S073000-E075959.0450.V07B.HDF5,D:\OneDrive\桌面\论文\2027年投稿期刊\论文项目\07_JB医疗可达性_洪水扰动下交通-网络韧性与公平性_SCS_Natural_Hazards\GPT数据\_Organization_Working\Archive_Extractions\f15b961e20de845d\3B-HHR.MS.MRG.3IMERG.20250320-S073000-E075959.0450.V07B.HDF5,D:\OneDrive\桌面\论文\2027年投稿期刊\论文项目\07_JB医疗可达性_洪水扰动下交通-网络韧性与公平性_SCS_Natural_Hazards\GPT数据\Nature Portfolio_Project\01_前期数据支撑\07_D07_FLOOD_EVENT\D07E_IMERG\RAW\D07E_NASA_IMERG_Download_Helper\RAW_AUTHENTICATED_zip_parts_20261005_111729\RAW_AUTHENTICATED_part04.zip,extracted,Exact duplicate verified by identical file size and SHA-256 checksum.
c7377c676ad740366b51d406843fedc960e0443871cd2d85f7ae31ec70747bb3,7633027,2,D:\OneDrive\桌面\论文\2027年投稿期刊\论文项目\07_JB医疗可达性_洪水扰动下交通-网络韧性与公平性_SCS_Natural_Hazards\GPT数据\JB_Flood_Healthcare_Accessibility_Research\03_Nature_Portfolio_Project\Supporting_Information\Data_Tables\3B-HHR.MS.MRG.3IMERG.20250320-S080000-E082959.0480.V07B.HDF5,D:\OneDrive\桌面\论文\2027年投稿期刊\论文项目\07_JB医疗可达性_洪水扰动下交通-网络韧性与公平性_SCS_Natural_Hazards\GPT数据\_Organization_Working\Archive_Extractions\f15b961e20de845d\3B-HHR.MS.MRG.3IMERG.20250320-S080000-E082959.0480.V07B.HDF5,D:\OneDrive\桌面\论文\2027年投稿期刊\论文项目\07_JB医疗可达性_洪水扰动下交通-网络韧性与公平性_SCS_Natural_Hazards\GPT数据\Nature Portfolio_Project\01_前期数据支撑\07_D07_FLOOD_EVENT\D07E_IMERG\RAW\D07E_NASA_IMERG_Download_Helper\RAW_AUTHENTICATED_zip_parts_20261005_111729\RAW_AUTHENTICATED_part04.zip,extracted,Exact duplicate verified by identical file size and SHA-256 checksum.
13b93c40ada134804528c4753d995b1f3bd0cc16c99bd28a7e1f92e90e100182,7546889,2,D:\OneDrive\桌面\论文\2027年投稿期刊\论文项目\07_JB医疗可达性_洪水扰动下交通-网络韧性与公平性_SCS_Natural_Hazards\GPT数据\JB_Flood_Healthcare_Accessibility_Research\03_Nature_Portfolio_Project\Supporting_Information\Data_Tables\3B-HHR.MS.MRG.3IMERG.20250320-S083000-E085959.0510.V07B.HDF5,D:\OneDrive\桌面\论文\2027年投稿期刊\论文项目\07_JB医疗可达性_洪水扰动下交通-网络韧性与公平性_SCS_Natural_Hazards\GPT数据\_Organization_Working\Archive_Extractions\f15b961e20de845d\3B-HHR.MS.MRG.3IMERG.20250320-S083000-E085959.0510.V07B.HDF5,D:\OneDrive\桌面\论文\2027年投稿期刊\论文项目\07_JB医疗可达性_洪水扰动下交通-网络韧性与公平性_SCS_Natural_Hazards\GPT数据\Nature Portfolio_Project\01_前期数据支撑\07_D07_FLOOD_EVENT\D07E_IMERG\RAW\D07E_NASA_IMERG_Download_Helper\RAW_AUTHENTICATED_zip_parts_20261005_111729\RAW_AUTHENTICATED_part04.zip,extracted,Exact duplicate verified by identical file size and SHA-256 checksum.
fbaee9a74f9e6463e29413db6bf845853786e81541855600dab6e14944d35665,7558954,2,D:\OneDrive\桌面\论文\2027年投稿期刊\论文项目\07_JB医疗可达性_洪水扰动下交通-网络韧性与公平性_SCS_Natural_Hazards\GPT数据\JB_Flood_Healthcare_Accessibility_Research\03_Nature_Portfolio_Project\Supporting_Information\Data_Tables\3B-HHR.MS.MRG.3IMERG.20250320-S090000-E092959.0540.V07B.HDF5,D:\OneDrive\桌面\论文\2027年投稿期刊\论文项目\07_JB医疗可达性_洪水扰动下交通-网络韧性与公平性_SCS_Natural_Hazards\GPT数据\_Organization_Working\Archive_Extractions\f15b961e20de845d\3B-HHR.MS.MRG.3IMERG.20250320-S090000-E092959.0540.V07B.HDF5,D:\OneDrive\桌面\论文\2027年投稿期刊\论文项目\07_JB医疗可达性_洪水扰动下交通-网络韧性与公平性_SCS_Natural_Hazards\GPT数据\Nature Portfolio_Project\01_前期数据支撑\07_D07_FLOOD_EVENT\D07E_IMERG\RAW\D07E_NASA_IMERG_Download_Helper\RAW_AUTHENTICATED_zip_parts_20261005_111729\RAW_AUTHENTICATED_part04.zip,extracted,Exact duplicate verified by identical file size and SHA-256 checksum.
0b053c0f742076b829a7cb001bd0e346671df0398a176497fa1a7d56323c61ad,7564557,2,D:\OneDrive\桌面\论文\2027年投稿期刊\论文项目\07_JB医疗可达性_洪水扰动下交通-网络韧性与公平性_SCS_Natural_Hazards\GPT数据\JB_Flood_Healthcare_Accessibility_Research\03_Nature_Portfolio_Project\Supporting_Information\Data_Tables\3B-HHR.MS.MRG.3IMERG.20250320-S093000-E095959.0570.V07B.HDF5,D:\OneDrive\桌面\论文\2027年投稿期刊\论文项目\07_JB医疗可达性_洪水扰动下交通-网络韧性与公平性_SCS_Natural_Hazards\GPT数据\_Organization_Working\Archive_Extractions\f15b961e20de845d\3B-HHR.MS.MRG.3IMERG.20250320-S093000-E095959.0570.V07B.HDF5,D:\OneDrive\桌面\论文\2027年投稿期刊\论文项目\07_JB医疗可达性_洪水扰动下交通-网络韧性与公平性_SCS_Natural_Hazards\GPT数据\Nature Portfolio_Project\01_前期数据支撑\07_D07_FLOOD_EVENT\D07E_IMERG\RAW\D07E_NASA_IMERG_Download_Helper\RAW_AUTHENTICATED_zip_parts_20261005_111729\RAW_AUTHENTICATED_part04.zip,extracted,Exact duplicate verified by identical file size and SHA-256 checksum.
f0430079d55ce90b1a090fc1a90a1ecaea11e67b06a6197368e862ebdc5e7ca7,7493256,2,D:\OneDrive\桌面\论文\2027年投稿期刊\论文项目\07_JB医疗可达性_洪水扰动下交通-网络韧性与公平性_SCS_Natural_Hazards\GPT数据\JB_Flood_Healthcare_Accessibility_Research\03_Nature_Portfolio_Project\Supporting_Information\Data_Tables\3B-HHR.MS.MRG.3IMERG.20250320-S100000-E102959.0600.V07B.HDF5,D:\OneDrive\桌面\论文\2027年投稿期刊\论文项目\07_JB医疗可达性_洪水扰动下交通-网络韧性与公平性_SCS_Natural_Hazards\GPT数据\_Organization_Working\Archive_Extractions\f15b961e20de845d\3B-HHR.MS.MRG.3IMERG.20250320-S100000-E102959.0600.V07B.HDF5,D:\OneDrive\桌面\论文\2027年投稿期刊\论文项目\07_JB医疗可达性_洪水扰动下交通-网络韧性与公平性_SCS_Natural_Hazards\GPT数据\Nature Portfolio_Project\01_前期数据支撑\07_D07_FLOOD_EVENT\D07E_IMERG\RAW\D07E_NASA_IMERG_Download_Helper\RAW_AUTHENTICATED_zip_parts_20261005_111729\RAW_AUTHENTICATED_part04.zip,extracted,Exact duplicate verified by identical file size and SHA-256 checksum.
29e8be765b462ab1181e679073df73eed7a2459f6b3bd9b30a31a29e65da3e59,7489714,2,D:\OneDrive\桌面\论文\2027年投稿期刊\论文项目\07_JB医疗可达性_洪水扰动下交通-网络韧性与公平性_SCS_Natural_Hazards\GPT数据\JB_Flood_Healthcare_Accessibility_Research\03_Nature_Portfolio_Project\Supporting_Information\Data_Tables\3B-HHR.MS.MRG.3IMERG.20250320-S103000-E105959.0630.V07B.HDF5,D:\OneDrive\桌面\论文\2027年投稿期刊\论文项目\07_JB医疗可达性_洪水扰动下交通-网络韧性与公平性_SCS_Natural_Hazards\GPT数据\_Organization_Working\Archive_Extractions\f15b961e20de845d\3B-HHR.MS.MRG.3IMERG.20250320-S103000-E105959.0630.V07B.HDF5,D:\OneDrive\桌面\论文\2027年投稿期刊\论文项目\07_JB医疗可达性_洪水扰动下交通-网络韧性与公平性_SCS_Natural_Hazards\GPT数据\Nature Portfolio_Project\01_前期数据支撑\07_D07_FLOOD_EVENT\D07E_IMERG\RAW\D07E_NASA_IMERG_Download_Helper\RAW_AUTHENTICATED_zip_parts_20261005_111729\RAW_AUTHENTICATED_part04.zip,extracted,Exact duplicate verified by identical file size and SHA-256 checksum.
7fb75ec571470f4a38736234cd55a27cf8449e145b12e20588ea1bf2f4c1bebf,7339791,2,D:\OneDrive\桌面\论文\2027年投稿期刊\论文项目\07_JB医疗可达性_洪水扰动下交通-网络韧性与公平性_SCS_Natural_Hazards\GPT数据\JB_Flood_Healthcare_Accessibility_Research\03_Nature_Portfolio_Project\Supporting_Information\Data_Tables\3B-HHR.MS.MRG.3IMERG.20250320-S110000-E112959.0660.V07B.HDF5,D:\OneDrive\桌面\论文\2027年投稿期刊\论文项目\07_JB医疗可达性_洪水扰动下交通-网络韧性与公平性_SCS_Natural_Hazards\GPT数据\_Organization_Working\Archive_Extractions\f15b961e20de845d\3B-HHR.MS.MRG.3IMERG.20250320-S110000-E112959.0660.V07B.HDF5,D:\OneDrive\桌面\论文\2027年投稿期刊\论文项目\07_JB医疗可达性_洪水扰动下交通-网络韧性与公平性_SCS_Natural_Hazards\GPT数据\Nature Portfolio_Project\01_前期数据支撑\07_D07_FLOOD_EVENT\D07E_IMERG\RAW\D07E_NASA_IMERG_Download_Helper\RAW_AUTHENTICATED_zip_parts_20261005_111729\RAW_AUTHENTICATED_part04.zip,extracted,Exact duplicate verified by identical file size and SHA-256 checksum.
f18e77162e5cee7ae77f4ea6c176a1c64337c22cdb0bf99f105b039005ddbaf5,7438696,2,D:\OneDrive\桌面\论文\2027年投稿期刊\论文项目\07_JB医疗可达性_洪水扰动下交通-网络韧性与公平性_SCS_Natural_Hazards\GPT数据\JB_Flood_Healthcare_Accessibility_Research\03_Nature_Portfolio_Project\Supporting_Information\Data_Tables\3B-HHR.MS.MRG.3IMERG.20250320-S113000-E115959.0690.V07B.HDF5,D:\OneDrive\桌面\论文\2027年投稿期刊\论文项目\07_JB医疗可达性_洪水扰动下交通-网络韧性与公平性_SCS_Natural_Hazards\GPT数据\_Organization_Working\Archive_Extractions\f15b961e20de845d\3B-HHR.MS.MRG.3IMERG.20250320-S113000-E115959.0690.V07B.HDF5,D:\OneDrive\桌面\论文\2027年投稿期刊\论文项目\07_JB医疗可达性_洪水扰动下交通-网络韧性与公平性_SCS_Natural_Hazards\GPT数据\Nature Portfolio_Project\01_前期数据支撑\07_D07_FLOOD_EVENT\D07E_IMERG\RAW\D07E_NASA_IMERG_Download_Helper\RAW_AUTHENTICATED_zip_parts_20261005_111729\RAW_AUTHENTICATED_part04.zip,extracted,Exact duplicate verified by identical file size and SHA-256 checksum.
5e1f6b4d1dc1d1e5be51c668dd7e05b0d45df006db9f5cc1f29dac5772f719e0,7435131,2,D:\OneDrive\桌面\论文\2027年投稿期刊\论文项目\07_JB医疗可达性_洪水扰动下交通-网络韧性与公平性_SCS_Natural_Hazards\GPT数据\JB_Flood_Healthcare_Accessibility_Research\03_Nature_Portfolio_Project\Supporting_Information\Data_Tables\3B-HHR.MS.MRG.3IMERG.20250320-S120000-E122959.0720.V07B.HDF5,D:\OneDrive\桌面\论文\2027年投稿期刊\论文项目\07_JB医疗可达性_洪水扰动下交通-网络韧性与公平性_SCS_Natural_Hazards\GPT数据\_Organization_Working\Archive_Extractions\f15b961e20de845d\3B-HHR.MS.MRG.3IMERG.20250320-S120000-E122959.0720.V07B.HDF5,D:\OneDrive\桌面\论文\2027年投稿期刊\论文项目\07_JB医疗可达性_洪水扰动下交通-网络韧性与公平性_SCS_Natural_Hazards\GPT数据\Nature Portfolio_Project\01_前期数据支撑\07_D07_FLOOD_EVENT\D07E_IMERG\RAW\D07E_NASA_IMERG_Download_Helper\RAW_AUTHENTICATED_zip_parts_20261005_111729\RAW_AUTHENTICATED_part04.zip,extracted,Exact duplicate verified by identical file size and SHA-256 checksum.
42a13c7381fa2beee0d45e4897939727c0c2ab0688455d70897dfd55cb68f868,7399145,2,D:\OneDrive\桌面\论文\2027年投稿期刊\论文项目\07_JB医疗可达性_洪水扰动下交通-网络韧性与公平性_SCS_Natural_Hazards\GPT数据\JB_Flood_Healthcare_Accessibility_Research\03_Nature_Portfolio_Project\Supporting_Information\Data_Tables\3B-HHR.MS.MRG.3IMERG.20250320-S123000-E125959.0750.V07B.HDF5,D:\OneDrive\桌面\论文\2027年投稿期刊\论文项目\07_JB医疗可达性_洪水扰动下交通-网络韧性与公平性_SCS_Natural_Hazards\GPT数据\_Organization_Working\Archive_Extractions\f15b961e20de845d\3B-HHR.MS.MRG.3IMERG.20250320-S123000-E125959.0750.V07B.HDF5,D:\OneDrive\桌面\论文\2027年投稿期刊\论文项目\07_JB医疗可达性_洪水扰动下交通-网络韧性与公平性_SCS_Natural_Hazards\GPT数据\Nature Portfolio_Project\01_前期数据支撑\07_D07_FLOOD_EVENT\D07E_IMERG\RAW\D07E_NASA_IMERG_Download_Helper\RAW_AUTHENTICATED_zip_parts_20261005_111729\RAW_AUTHENTICATED_part04.zip,extracted,Exact duplicate verified by identical file size and SHA-256 checksum.
0fa0a71d5caa32ca6b9a8adc67edb62763d42f19ccfd852265f9d89118410b3d,7465038,2,D:\OneDrive\桌面\论文\2027年投稿期刊\论文项目\07_JB医疗可达性_洪水扰动下交通-网络韧性与公平性_SCS_Natural_Hazards\GPT数据\JB_Flood_Healthcare_Accessibility_Research\03_Nature_Portfolio_Project\Supporting_Information\Data_Tables\3B-HHR.MS.MRG.3IMERG.20250320-S130000-E132959.0780.V07B.HDF5,D:\OneDrive\桌面\论文\2027年投稿期刊\论文项目\07_JB医疗可达性_洪水扰动下交通-网络韧性与公平性_SCS_Natural_Hazards\GPT数据\_Organization_Working\Archive_Extractions\f15b961e20de845d\3B-HHR.MS.MRG.3IMERG.20250320-S130000-E132959.0780.V07B.HDF5,D:\OneDrive\桌面\论文\2027年投稿期刊\论文项目\07_JB医疗可达性_洪水扰动下交通-网络韧性与公平性_SCS_Natural_Hazards\GPT数据\Nature Portfolio_Project\01_前期数据支撑\07_D07_FLOOD_EVENT\D07E_IMERG\RAW\D07E_NASA_IMERG_Download_Helper\RAW_AUTHENTICATED_zip_parts_20261005_111729\RAW_AUTHENTICATED_part04.zip,extracted,Exact duplicate verified by identical file size and SHA-256 checksum.
aaabf13a97e803c815eee74bfd3601dbb14745c7a832468b72012e8fda8b5790,7497221,2,D:\OneDrive\桌面\论文\2027年投稿期刊\论文项目\07_JB医疗可达性_洪水扰动下交通-网络韧性与公平性_SCS_Natural_Hazards\GPT数据\JB_Flood_Healthcare_Accessibility_Research\03_Nature_Portfolio_Project\Supporting_Information\Data_Tables\3B-HHR.MS.MRG.3IMERG.20250320-S133000-E135959.0810.V07B.HDF5,D:\OneDrive\桌面\论文\2027年投稿期刊\论文项目\07_JB医疗可达性_洪水扰动下交通-网络韧性与公平性_SCS_Natural_Hazards\GPT数据\_Organization_Working\Archive_Extractions\f15b961e20de845d\3B-HHR.MS.MRG.3IMERG.20250320-S133000-E135959.0810.V07B.HDF5,D:\OneDrive\桌面\论文\2027年投稿期刊\论文项目\07_JB医疗可达性_洪水扰动下交通-网络韧性与公平性_SCS_Natural_Hazards\GPT数据\Nature Portfolio_Project\01_前期数据支撑\07_D07_FLOOD_EVENT\D07E_IMERG\RAW\D07E_NASA_IMERG_Download_Helper\RAW_AUTHENTICATED_zip_parts_20261005_111729\RAW_AUTHENTICATED_part04.zip,extracted,Exact duplicate verified by identical file size and SHA-256 checksum.
9b75189cb43822544dc8fa24874a04575f75fccfc4c91ed0aae5e36161b32bff,7558756,2,D:\OneDrive\桌面\论文\2027年投稿期刊\论文项目\07_JB医疗可达性_洪水扰动下交通-网络韧性与公平性_SCS_Natural_Hazards\GPT数据\JB_Flood_Healthcare_Accessibility_Research\03_Nature_Portfolio_Project\Supporting_Information\Data_Tables\3B-HHR.MS.MRG.3IMERG.20250320-S140000-E142959.0840.V07B.HDF5,D:\OneDrive\桌面\论文\2027年投稿期刊\论文项目\07_JB医疗可达性_洪水扰动下交通-网络韧性与公平性_SCS_Natural_Hazards\GPT数据\_Organization_Working\Archive_Extractions\f15b961e20de845d\3B-HHR.MS.MRG.3IMERG.20250320-S140000-E142959.0840.V07B.HDF5,D:\OneDrive\桌面\论文\2027年投稿期刊\论文项目\07_JB医疗可达性_洪水扰动下交通-网络韧性与公平性_SCS_Natural_Hazards\GPT数据\Nature Portfolio_Project\01_前期数据支撑\07_D07_FLOOD_EVENT\D07E_IMERG\RAW\D07E_NASA_IMERG_Download_Helper\RAW_AUTHENTICATED_zip_parts_20261005_111729\RAW_AUTHENTICATED_part04.zip,extracted,Exact duplicate verified by identical file size and SHA-256 checksum.
0d743604f39d2a61d72f329bc6eb3a224ae5ca04211e40f4239a8fc4050dd10c,7623133,2,D:\OneDrive\桌面\论文\2027年投稿期刊\论文项目\07_JB医疗可达性_洪水扰动下交通-网络韧性与公平性_SCS_Natural_Hazards\GPT数据\JB_Flood_Healthcare_Accessibility_Research\03_Nature_Portfolio_Project\Supporting_Information\Data_Tables\3B-HHR.MS.MRG.3IMERG.20250320-S143000-E145959.0870.V07B.HDF5,D:\OneDrive\桌面\论文\2027年投稿期刊\论文项目\07_JB医疗可达性_洪水扰动下交通-网络韧性与公平性_SCS_Natural_Hazards\GPT数据\_Organization_Working\Archive_Extractions\f15b961e20de845d\3B-HHR.MS.MRG.3IMERG.20250320-S143000-E145959.0870.V07B.HDF5,D:\OneDrive\桌面\论文\2027年投稿期刊\论文项目\07_JB医疗可达性_洪水扰动下交通-网络韧性与公平性_SCS_Natural_Hazards\GPT数据\Nature Portfolio_Project\01_前期数据支撑\07_D07_FLOOD_EVENT\D07E_IMERG\RAW\D07E_NASA_IMERG_Download_Helper\RAW_AUTHENTICATED_zip_parts_20261005_111729\RAW_AUTHENTICATED_part04.zip,extracted,Exact duplicate verified by identical file size and SHA-256 checksum.
598d1f69224c1a322c66930fa1d314e6c32b89d16f0b2de9efb4f56f3b6f6c30,7756266,2,D:\OneDrive\桌面\论文\2027年投稿期刊\论文项目\07_JB医疗可达性_洪水扰动下交通-网络韧性与公平性_SCS_Natural_Hazards\GPT数据\JB_Flood_Healthcare_Accessibility_Research\03_Nature_Portfolio_Project\Supporting_Information\Data_Tables\3B-HHR.MS.MRG.3IMERG.20250320-S150000-E152959.0900.V07B.HDF5,D:\OneDrive\桌面\论文\2027年投稿期刊\论文项目\07_JB医疗可达性_洪水扰动下交通-网络韧性与公平性_SCS_Natural_Hazards\GPT数据\_Organization_Working\Archive_Extractions\f15b961e20de845d\3B-HHR.MS.MRG.3IMERG.20250320-S150000-E152959.0900.V07B.HDF5,D:\OneDrive\桌面\论文\2027年投稿期刊\论文项目\07_JB医疗可达性_洪水扰动下交通-网络韧性与公平性_SCS_Natural_Hazards\GPT数据\Nature Portfolio_Project\01_前期数据支撑\07_D07_FLOOD_EVENT\D07E_IMERG\RAW\D07E_NASA_IMERG_Download_Helper\RAW_AUTHENTICATED_zip_parts_20261005_111729\RAW_AUTHENTICATED_part04.zip,extracted,Exact duplicate verified by identical file size and SHA-256 checksum.
ac4dc88adc6da2ae85b562a2c2811d3f321d25557bf06a6f8ae7336b178c9578,7713942,2,D:\OneDrive\桌面\论文\2027年投稿期刊\论文项目\07_JB医疗可达性_洪水扰动下交通-网络韧性与公平性_SCS_Natural_Hazards\GPT数据\JB_Flood_Healthcare_Accessibility_Research\03_Nature_Portfolio_Project\Supporting_Information\Data_Tables\3B-HHR.MS.MRG.3IMERG.20250320-S153000-E155959.0930.V07B.HDF5,D:\OneDrive\桌面\论文\2027年投稿期刊\论文项目\07_JB医疗可达性_洪水扰动下交通-网络韧性与公平性_SCS_Natural_Hazards\GPT数据\_Organization_Working\Archive_Extractions\f15b961e20de845d\3B-HHR.MS.MRG.3IMERG.20250320-S153000-E155959.0930.V07B.HDF5,D:\OneDrive\桌面\论文\2027年投稿期刊\论文项目\07_JB医疗可达性_洪水扰动下交通-网络韧性与公平性_SCS_Natural_Hazards\GPT数据\Nature Portfolio_Project\01_前期数据支撑\07_D07_FLOOD_EVENT\D07E_IMERG\RAW\D07E_NASA_IMERG_Download_Helper\RAW_AUTHENTICATED_zip_parts_20261005_111729\RAW_AUTHENTICATED_part04.zip,extracted,Exact duplicate verified by identical file size and SHA-256 checksum.
6b1722b845db2a5502529df086c011c6aca9be8c949173a0cbd8b91a05802fb0,7824421,2,D:\OneDrive\桌面\论文\2027年投稿期刊\论文项目\07_JB医疗可达性_洪水扰动下交通-网络韧性与公平性_SCS_Natural_Hazards\GPT数据\JB_Flood_Healthcare_Accessibility_Research\03_Nature_Portfolio_Project\Supporting_Information\Data_Tables\3B-HHR.MS.MRG.3IMERG.20250320-S160000-E162959.0960.V07B.HDF5,D:\OneDrive\桌面\论文\2027年投稿期刊\论文项目\07_JB医疗可达性_洪水扰动下交通-网络韧性与公平性_SCS_Natural_Hazards\GPT数据\_Organization_Working\Archive_Extractions\f15b961e20de845d\3B-HHR.MS.MRG.3IMERG.20250320-S160000-E162959.0960.V07B.HDF5,D:\OneDrive\桌面\论文\2027年投稿期刊\论文项目\07_JB医疗可达性_洪水扰动下交通-网络韧性与公平性_SCS_Natural_Hazards\GPT数据\Nature Portfolio_Project\01_前期数据支撑\07_D07_FLOOD_EVENT\D07E_IMERG\RAW\D07E_NASA_IMERG_Download_Helper\RAW_AUTHENTICATED_zip_parts_20261005_111729\RAW_AUTHENTICATED_part04.zip,extracted,Exact duplicate verified by identical file size and SHA-256 checksum.
b9d99ea25a66ce339fae979b4d019eb0ea06136d51197cf70ff7ddf807683503,7840648,2,D:\OneDrive\桌面\论文\2027年投稿期刊\论文项目\07_JB医疗可达性_洪水扰动下交通-网络韧性与公平性_SCS_Natural_Hazards\GPT数据\JB_Flood_Healthcare_Accessibility_Research\03_Nature_Portfolio_Project\Supporting_Information\Data_Tables\3B-HHR.MS.MRG.3IMERG.20250320-S163000-E165959.0990.V07B.HDF5,D:\OneDrive\桌面\论文\2027年投稿期刊\论文项目\07_JB医疗可达性_洪水扰动下交通-网络韧性与公平性_SCS_Natural_Hazards\GPT数据\_Organization_Working\Archive_Extractions\f15b961e20de845d\3B-HHR.MS.MRG.3IMERG.20250320-S163000-E165959.0990.V07B.HDF5,D:\OneDrive\桌面\论文\2027年投稿期刊\论文项目\07_JB医疗可达性_洪水扰动下交通-网络韧性与公平性_SCS_Natural_Hazards\GPT数据\Nature Portfolio_Project\01_前期数据支撑\07_D07_FLOOD_EVENT\D07E_IMERG\RAW\D07E_NASA_IMERG_Download_Helper\RAW_AUTHENTICATED_zip_parts_20261005_111729\RAW_AUTHENTICATED_part04.zip,extracted,Exact duplicate verified by identical file size and SHA-256 checksum.
082eefab67bbfbce9baf507e9287bacd2cfa79ed35be726216dc16864d8db250,7722737,2,D:\OneDrive\桌面\论文\2027年投稿期刊\论文项目\07_JB医疗可达性_洪水扰动下交通-网络韧性与公平性_SCS_Natural_Hazards\GPT数据\JB_Flood_Healthcare_Accessibility_Research\03_Nature_Portfolio_Project\Supporting_Information\Data_Tables\3B-HHR.MS.MRG.3IMERG.20250320-S170000-E172959.1020.V07B.HDF5,D:\OneDrive\桌面\论文\2027年投稿期刊\论文项目\07_JB医疗可达性_洪水扰动下交通-网络韧性与公平性_SCS_Natural_Hazards\GPT数据\_Organization_Working\Archive_Extractions\f15b961e20de845d\3B-HHR.MS.MRG.3IMERG.20250320-S170000-E172959.1020.V07B.HDF5,D:\OneDrive\桌面\论文\2027年投稿期刊\论文项目\07_JB医疗可达性_洪水扰动下交通-网络韧性与公平性_SCS_Natural_Hazards\GPT数据\Nature Portfolio_Project\01_前期数据支撑\07_D07_FLOOD_EVENT\D07E_IMERG\RAW\D07E_NASA_IMERG_Download_Helper\RAW_AUTHENTICATED_zip_parts_20261005_111729\RAW_AUTHENTICATED_part04.zip,extracted,Exact duplicate verified by identical file size and SHA-256 checksum.
01db9b57510d687f8ab869f5290c1bf33b5e60ac8f1f892db60ef270e743aeb9,7819710,2,D:\OneDrive\桌面\论文\2027年投稿期刊\论文项目\07_JB医疗可达性_洪水扰动下交通-网络韧性与公平性_SCS_Natural_Hazards\GPT数据\JB_Flood_Healthcare_Accessibility_Research\03_Nature_Portfolio_Project\Supporting_Information\Data_Tables\3B-HHR.MS.MRG.3IMERG.20250320-S173000-E175959.1050.V07B.HDF5,D:\OneDrive\桌面\论文\2027年投稿期刊\论文项目\07_JB医疗可达性_洪水扰动下交通-网络韧性与公平性_SCS_Natural_Hazards\GPT数据\_Organization_Working\Archive_Extractions\f15b961e20de845d\3B-HHR.MS.MRG.3IMERG.20250320-S173000-E175959.1050.V07B.HDF5,D:\OneDrive\桌面\论文\2027年投稿期刊\论文项目\07_JB医疗可达性_洪水扰动下交通-网络韧性与公平性_SCS_Natural_Hazards\GPT数据\Nature Portfolio_Project\01_前期数据支撑\07_D07_FLOOD_EVENT\D07E_IMERG\RAW\D07E_NASA_IMERG_Download_Helper\RAW_AUTHENTICATED_zip_parts_20261005_111729\RAW_AUTHENTICATED_part04.zip,extracted,Exact duplicate verified by identical file size and SHA-256 checksum.
ba20522821de5d3f5483aa02e06e8431827b7c57e9f62ecf0dd352fc3d8aa77b,7830230,2,D:\OneDrive\桌面\论文\2027年投稿期刊\论文项目\07_JB医疗可达性_洪水扰动下交通-网络韧性与公平性_SCS_Natural_Hazards\GPT数据\JB_Flood_Healthcare_Accessibility_Research\03_Nature_Portfolio_Project\Supporting_Information\Data_Tables\3B-HHR.MS.MRG.3IMERG.20250320-S180000-E182959.1080.V07B.HDF5,D:\OneDrive\桌面\论文\2027年投稿期刊\论文项目\07_JB医疗可达性_洪水扰动下交通-网络韧性与公平性_SCS_Natural_Hazards\GPT数据\_Organization_Working\Archive_Extractions\f15b961e20de845d\3B-HHR.MS.MRG.3IMERG.20250320-S180000-E182959.1080.V07B.HDF5,D:\OneDrive\桌面\论文\2027年投稿期刊\论文项目\07_JB医疗可达性_洪水扰动下交通-网络韧性与公平性_SCS_Natural_Hazards\GPT数据\Nature Portfolio_Project\01_前期数据支撑\07_D07_FLOOD_EVENT\D07E_IMERG\RAW\D07E_NASA_IMERG_Download_Helper\RAW_AUTHENTICATED_zip_parts_20261005_111729\RAW_AUTHENTICATED_part04.zip,extracted,Exact duplicate verified by identical file size and SHA-256 checksum.
1bb2706d2940965a9a143fedc1b087e9a8d96eea6690c5cb13674082f567464b,7802755,2,D:\OneDrive\桌面\论文\2027年投稿期刊\论文项目\07_JB医疗可达性_洪水扰动下交通-网络韧性与公平性_SCS_Natural_Hazards\GPT数据\JB_Flood_Healthcare_Accessibility_Research\03_Nature_Portfolio_Project\Supporting_Information\Data_Tables\3B-HHR.MS.MRG.3IMERG.20250320-S183000-E185959.1110.V07B.HDF5,D:\OneDrive\桌面\论文\2027年投稿期刊\论文项目\07_JB医疗可达性_洪水扰动下交通-网络韧性与公平性_SCS_Natural_Hazards\GPT数据\_Organization_Working\Archive_Extractions\f15b961e20de845d\3B-HHR.MS.MRG.3IMERG.20250320-S183000-E185959.1110.V07B.HDF5,D:\OneDrive\桌面\论文\2027年投稿期刊\论文项目\07_JB医疗可达性_洪水扰动下交通-网络韧性与公平性_SCS_Natural_Hazards\GPT数据\Nature Portfolio_Project\01_前期数据支撑\07_D07_FLOOD_EVENT\D07E_IMERG\RAW\D07E_NASA_IMERG_Download_Helper\RAW_AUTHENTICATED_zip_parts_20261005_111729\RAW_AUTHENTICATED_part04.zip,extracted,Exact duplicate verified by identical file size and SHA-256 checksum.
a9572f0d355ccadf72a63f9dd9991b2049566bc178100fc467e490bc9de9451d,7779788,2,D:\OneDrive\桌面\论文\2027年投稿期刊\论文项目\07_JB医疗可达性_洪水扰动下交通-网络韧性与公平性_SCS_Natural_Hazards\GPT数据\JB_Flood_Healthcare_Accessibility_Research\03_Nature_Portfolio_Project\Supporting_Information\Data_Tables\3B-HHR.MS.MRG.3IMERG.20250320-S190000-E192959.1140.V07B.HDF5,D:\OneDrive\桌面\论文\2027年投稿期刊\论文项目\07_JB医疗可达性_洪水扰动下交通-网络韧性与公平性_SCS_Natural_Hazards\GPT数据\_Organization_Working\Archive_Extractions\594203d78a880ea9\3B-HHR.MS.MRG.3IMERG.20250320-S190000-E192959.1140.V07B.HDF5,D:\OneDrive\桌面\论文\2027年投稿期刊\论文项目\07_JB医疗可达性_洪水扰动下交通-网络韧性与公平性_SCS_Natural_Hazards\GPT数据\Nature Portfolio_Project\01_前期数据支撑\07_D07_FLOOD_EVENT\D07E_IMERG\RAW\D07E_NASA_IMERG_Download_Helper\RAW_AUTHENTICATED_zip_parts_20261005_111729\RAW_AUTHENTICATED_part05.zip,extracted,Exact duplicate verified by identical file size and SHA-256 checksum.
ef70411a9b89767a24f52376de306c4a4a2dfc131cffee744f1b57ef89ec5e0c,7834965,2,D:\OneDrive\桌面\论文\2027年投稿期刊\论文项目\07_JB医疗可达性_洪水扰动下交通-网络韧性与公平性_SCS_Natural_Hazards\GPT数据\JB_Flood_Healthcare_Accessibility_Research\03_Nature_Portfolio_Project\Supporting_Information\Data_Tables\3B-HHR.MS.MRG.3IMERG.20250320-S193000-E195959.1170.V07B.HDF5,D:\OneDrive\桌面\论文\2027年投稿期刊\论文项目\07_JB医疗可达性_洪水扰动下交通-网络韧性与公平性_SCS_Natural_Hazards\GPT数据\_Organization_Working\Archive_Extractions\594203d78a880ea9\3B-HHR.MS.MRG.3IMERG.20250320-S193000-E195959.1170.V07B.HDF5,D:\OneDrive\桌面\论文\2027年投稿期刊\论文项目\07_JB医疗可达性_洪水扰动下交通-网络韧性与公平性_SCS_Natural_Hazards\GPT数据\Nature Portfolio_Project\01_前期数据支撑\07_D07_FLOOD_EVENT\D07E_IMERG\RAW\D07E_NASA_IMERG_Download_Helper\RAW_AUTHENTICATED_zip_parts_20261005_111729\RAW_AUTHENTICATED_part05.zip,extracted,Exact duplicate verified by identical file size and SHA-256 checksum.
9fda8b82bf7597e2db650672f86594dade91ae7843e8128c07d83a2cf27f92e3,7926357,2,D:\OneDrive\桌面\论文\2027年投稿期刊\论文项目\07_JB医疗可达性_洪水扰动下交通-网络韧性与公平性_SCS_Natural_Hazards\GPT数据\JB_Flood_Healthcare_Accessibility_Research\03_Nature_Portfolio_Project\Supporting_Information\Data_Tables\3B-HHR.MS.MRG.3IMERG.20250320-S200000-E202959.1200.V07B.HDF5,D:\OneDrive\桌面\论文\2027年投稿期刊\论文项目\07_JB医疗可达性_洪水扰动下交通-网络韧性与公平性_SCS_Natural_Hazards\GPT数据\_Organization_Working\Archive_Extractions\594203d78a880ea9\3B-HHR.MS.MRG.3IMERG.20250320-S200000-E202959.1200.V07B.HDF5,D:\OneDrive\桌面\论文\2027年投稿期刊\论文项目\07_JB医疗可达性_洪水扰动下交通-网络韧性与公平性_SCS_Natural_Hazards\GPT数据\Nature Portfolio_Project\01_前期数据支撑\07_D07_FLOOD_EVENT\D07E_IMERG\RAW\D07E_NASA_IMERG_Download_Helper\RAW_AUTHENTICATED_zip_parts_20261005_111729\RAW_AUTHENTICATED_part05.zip,extracted,Exact duplicate verified by identical file size and SHA-256 checksum.
12816bb99b86a86b935f5098f2012cb233e7ecd7ab039e2961dff76ead0ce45f,7812677,2,D:\OneDrive\桌面\论文\2027年投稿期刊\论文项目\07_JB医疗可达性_洪水扰动下交通-网络韧性与公平性_SCS_Natural_Hazards\GPT数据\JB_Flood_Healthcare_Accessibility_Research\03_Nature_Portfolio_Project\Supporting_Information\Data_Tables\3B-HHR.MS.MRG.3IMERG.20250320-S203000-E205959.1230.V07B.HDF5,D:\OneDrive\桌面\论文\2027年投稿期刊\论文项目\07_JB医疗可达性_洪水扰动下交通-网络韧性与公平性_SCS_Natural_Hazards\GPT数据\_Organization_Working\Archive_Extractions\594203d78a880ea9\3B-HHR.MS.MRG.3IMERG.20250320-S203000-E205959.1230.V07B.HDF5,D:\OneDrive\桌面\论文\2027年投稿期刊\论文项目\07_JB医疗可达性_洪水扰动下交通-网络韧性与公平性_SCS_Natural_Hazards\GPT数据\Nature Portfolio_Project\01_前期数据支撑\07_D07_FLOOD_EVENT\D07E_IMERG\RAW\D07E_NASA_IMERG_Download_Helper\RAW_AUTHENTICATED_zip_parts_20261005_111729\RAW_AUTHENTICATED_part05.zip,extracted,Exact duplicate verified by identical file size and SHA-256 checksum.
caa0b90da327d5818628451f0f48b3a51cad37b847513b63e797773ae9659d9e,7901905,2,D:\OneDrive\桌面\论文\2027年投稿期刊\论文项目\07_JB医疗可达性_洪水扰动下交通-网络韧性与公平性_SCS_Natural_Hazards\GPT数据\JB_Flood_Healthcare_Accessibility_Research\03_Nature_Portfolio_Project\Supporting_Information\Data_Tables\3B-HHR.MS.MRG.3IMERG.20250320-S210000-E212959.1260.V07B.HDF5,D:\OneDrive\桌面\论文\2027年投稿期刊\论文项目\07_JB医疗可达性_洪水扰动下交通-网络韧性与公平性_SCS_Natural_Hazards\GPT数据\_Organization_Working\Archive_Extractions\594203d78a880ea9\3B-HHR.MS.MRG.3IMERG.20250320-S210000-E212959.1260.V07B.HDF5,D:\OneDrive\桌面\论文\2027年投稿期刊\论文项目\07_JB医疗可达性_洪水扰动下交通-网络韧性与公平性_SCS_Natural_Hazards\GPT数据\Nature Portfolio_Project\01_前期数据支撑\07_D07_FLOOD_EVENT\D07E_IMERG\RAW\D07E_NASA_IMERG_Download_Helper\RAW_AUTHENTICATED_zip_parts_20261005_111729\RAW_AUTHENTICATED_part05.zip,extracted,Exact duplicate verified by identical file size and SHA-256 checksum.
d012069b5b3e0a7134c8210b2290324fef596e9376cf4a22c92d87de988ea92f,7766220,2,D:\OneDrive\桌面\论文\2027年投稿期刊\论文项目\07_JB医疗可达性_洪水扰动下交通-网络韧性与公平性_SCS_Natural_Hazards\GPT数据\JB_Flood_Healthcare_Accessibility_Research\03_Nature_Portfolio_Project\Supporting_Information\Data_Tables\3B-HHR.MS.MRG.3IMERG.20250320-S213000-E215959.1290.V07B.HDF5,D:\OneDrive\桌面\论文\2027年投稿期刊\论文项目\07_JB医疗可达性_洪水扰动下交通-网络韧性与公平性_SCS_Natural_Hazards\GPT数据\_Organization_Working\Archive_Extractions\594203d78a880ea9\3B-HHR.MS.MRG.3IMERG.20250320-S213000-E215959.1290.V07B.HDF5,D:\OneDrive\桌面\论文\2027年投稿期刊\论文项目\07_JB医疗可达性_洪水扰动下交通-网络韧性与公平性_SCS_Natural_Hazards\GPT数据\Nature Portfolio_Project\01_前期数据支撑\07_D07_FLOOD_EVENT\D07E_IMERG\RAW\D07E_NASA_IMERG_Download_Helper\RAW_AUTHENTICATED_zip_parts_20261005_111729\RAW_AUTHENTICATED_part05.zip,extracted,Exact duplicate verified by identical file size and SHA-256 checksum.
fecc6b8dd90bed2a1a1e7e0f68e9837ecac2f8db308e84b3707223e9e16d934a,7604350,2,D:\OneDrive\桌面\论文\2027年投稿期刊\论文项目\07_JB医疗可达性_洪水扰动下交通-网络韧性与公平性_SCS_Natural_Hazards\GPT数据\JB_Flood_Healthcare_Accessibility_Research\03_Nature_Portfolio_Project\Supporting_Information\Data_Tables\3B-HHR.MS.MRG.3IMERG.20250320-S220000-E222959.1320.V07B.HDF5,D:\OneDrive\桌面\论文\2027年投稿期刊\论文项目\07_JB医疗可达性_洪水扰动下交通-网络韧性与公平性_SCS_Natural_Hazards\GPT数据\_Organization_Working\Archive_Extractions\594203d78a880ea9\3B-HHR.MS.MRG.3IMERG.20250320-S220000-E222959.1320.V07B.HDF5,D:\OneDrive\桌面\论文\2027年投稿期刊\论文项目\07_JB医疗可达性_洪水扰动下交通-网络韧性与公平性_SCS_Natural_Hazards\GPT数据\Nature Portfolio_Project\01_前期数据支撑\07_D07_FLOOD_EVENT\D07E_IMERG\RAW\D07E_NASA_IMERG_Download_Helper\RAW_AUTHENTICATED_zip_parts_20261005_111729\RAW_AUTHENTICATED_part05.zip,extracted,Exact duplicate verified by identical file size and SHA-256 checksum.
bcf53c22750cb9888f05df08b5f09a6870ce0b544bdf3eaf38c3eef8c11d176f,7687248,2,D:\OneDrive\桌面\论文\2027年投稿期刊\论文项目\07_JB医疗可达性_洪水扰动下交通-网络韧性与公平性_SCS_Natural_Hazards\GPT数据\JB_Flood_Healthcare_Accessibility_Research\03_Nature_Portfolio_Project\Supporting_Information\Data_Tables\3B-HHR.MS.MRG.3IMERG.20250320-S223000-E225959.1350.V07B.HDF5,D:\OneDrive\桌面\论文\2027年投稿期刊\论文项目\07_JB医疗可达性_洪水扰动下交通-网络韧性与公平性_SCS_Natural_Hazards\GPT数据\_Organization_Working\Archive_Extractions\594203d78a880ea9\3B-HHR.MS.MRG.3IMERG.20250320-S223000-E225959.1350.V07B.HDF5,D:\OneDrive\桌面\论文\2027年投稿期刊\论文项目\07_JB医疗可达性_洪水扰动下交通-网络韧性与公平性_SCS_Natural_Hazards\GPT数据\Nature Portfolio_Project\01_前期数据支撑\07_D07_FLOOD_EVENT\D07E_IMERG\RAW\D07E_NASA_IMERG_Download_Helper\RAW_AUTHENTICATED_zip_parts_20261005_111729\RAW_AUTHENTICATED_part05.zip,extracted,Exact duplicate verified by identical file size and SHA-256 checksum.
e7ae997a1a814b30a9aa063410844996035547dd8884cc1c998941a8b40acea8,7555282,2,D:\OneDrive\桌面\论文\2027年投稿期刊\论文项目\07_JB医疗可达性_洪水扰动下交通-网络韧性与公平性_SCS_Natural_Hazards\GPT数据\JB_Flood_Healthcare_Accessibility_Research\03_Nature_Portfolio_Project\Supporting_Information\Data_Tables\3B-HHR.MS.MRG.3IMERG.20250320-S230000-E232959.1380.V07B.HDF5,D:\OneDrive\桌面\论文\2027年投稿期刊\论文项目\07_JB医疗可达性_洪水扰动下交通-网络韧性与公平性_SCS_Natural_Hazards\GPT数据\_Organization_Working\Archive_Extractions\594203d78a880ea9\3B-HHR.MS.MRG.3IMERG.20250320-S230000-E232959.1380.V07B.HDF5,D:\OneDrive\桌面\论文\2027年投稿期刊\论文项目\07_JB医疗可达性_洪水扰动下交通-网络韧性与公平性_SCS_Natural_Hazards\GPT数据\Nature Portfolio_Project\01_前期数据支撑\07_D07_FLOOD_EVENT\D07E_IMERG\RAW\D07E_NASA_IMERG_Download_Helper\RAW_AUTHENTICATED_zip_parts_20261005_111729\RAW_AUTHENTICATED_part05.zip,extracted,Exact duplicate verified by identical file size and SHA-256 checksum.
ebb348b0abc0e8ca03a9705a233ddd6963d9bc777919671fbe9dd3677a91d93e,7550222,2,D:\OneDrive\桌面\论文\2027年投稿期刊\论文项目\07_JB医疗可达性_洪水扰动下交通-网络韧性与公平性_SCS_Natural_Hazards\GPT数据\JB_Flood_Healthcare_Accessibility_Research\03_Nature_Portfolio_Project\Supporting_Information\Data_Tables\3B-HHR.MS.MRG.3IMERG.20250320-S233000-E235959.1410.V07B.HDF5,D:\OneDrive\桌面\论文\2027年投稿期刊\论文项目\07_JB医疗可达性_洪水扰动下交通-网络韧性与公平性_SCS_Natural_Hazards\GPT数据\_Organization_Working\Archive_Extractions\594203d78a880ea9\3B-HHR.MS.MRG.3IMERG.20250320-S233000-E235959.1410.V07B.HDF5,D:\OneDrive\桌面\论文\2027年投稿期刊\论文项目\07_JB医疗可达性_洪水扰动下交通-网络韧性与公平性_SCS_Natural_Hazards\GPT数据\Nature Portfolio_Project\01_前期数据支撑\07_D07_FLOOD_EVENT\D07E_IMERG\RAW\D07E_NASA_IMERG_Download_Helper\RAW_AUTHENTICATED_zip_parts_20261005_111729\RAW_AUTHENTICATED_part05.zip,extracted,Exact duplicate verified by identical file size and SHA-256 checksum.
e32c82aed582577985651122b109ba5f5f703033c105ab893bbf8ebfb44d9367,7549486,2,D:\OneDrive\桌面\论文\2027年投稿期刊\论文项目\07_JB医疗可达性_洪水扰动下交通-网络韧性与公平性_SCS_Natural_Hazards\GPT数据\JB_Flood_Healthcare_Accessibility_Research\03_Nature_Portfolio_Project\Supporting_Information\Data_Tables\3B-HHR.MS.MRG.3IMERG.20250321-S000000-E002959.0000.V07B.HDF5,D:\OneDrive\桌面\论文\2027年投稿期刊\论文项目\07_JB医疗可达性_洪水扰动下交通-网络韧性与公平性_SCS_Natural_Hazards\GPT数据\_Organization_Working\Archive_Extractions\594203d78a880ea9\3B-HHR.MS.MRG.3IMERG.20250321-S000000-E002959.0000.V07B.HDF5,D:\OneDrive\桌面\论文\2027年投稿期刊\论文项目\07_JB医疗可达性_洪水扰动下交通-网络韧性与公平性_SCS_Natural_Hazards\GPT数据\Nature Portfolio_Project\01_前期数据支撑\07_D07_FLOOD_EVENT\D07E_IMERG\RAW\D07E_NASA_IMERG_Download_Helper\RAW_AUTHENTICATED_zip_parts_20261005_111729\RAW_AUTHENTICATED_part05.zip,extracted,Exact duplicate verified by identical file size and SHA-256 checksum.
a38e86450c8d88041f0cb18b79d282b9b880661a1d61e06a3155b06455de7256,7468828,2,D:\OneDrive\桌面\论文\2027年投稿期刊\论文项目\07_JB医疗可达性_洪水扰动下交通-网络韧性与公平性_SCS_Natural_Hazards\GPT数据\JB_Flood_Healthcare_Accessibility_Research\03_Nature_Portfolio_Project\Supporting_Information\Data_Tables\3B-HHR.MS.MRG.3IMERG.20250321-S003000-E005959.0030.V07B.HDF5,D:\OneDrive\桌面\论文\2027年投稿期刊\论文项目\07_JB医疗可达性_洪水扰动下交通-网络韧性与公平性_SCS_Natural_Hazards\GPT数据\_Organization_Working\Archive_Extractions\594203d78a880ea9\3B-HHR.MS.MRG.3IMERG.20250321-S003000-E005959.0030.V07B.HDF5,D:\OneDrive\桌面\论文\2027年投稿期刊\论文项目\07_JB医疗可达性_洪水扰动下交通-网络韧性与公平性_SCS_Natural_Hazards\GPT数据\Nature Portfolio_Project\01_前期数据支撑\07_D07_FLOOD_EVENT\D07E_IMERG\RAW\D07E_NASA_IMERG_Download_Helper\RAW_AUTHENTICATED_zip_parts_20261005_111729\RAW_AUTHENTICATED_part05.zip,extracted,Exact duplicate verified by identical file size and SHA-256 checksum.
ca3017a4a2dd2f749931d3ec7c398702f773d97ccb19c83d5205e977272e0f17,7486634,2,D:\OneDrive\桌面\论文\2027年投稿期刊\论文项目\07_JB医疗可达性_洪水扰动下交通-网络韧性与公平性_SCS_Natural_Hazards\GPT数据\JB_Flood_Healthcare_Accessibility_Research\03_Nature_Portfolio_Project\Supporting_Information\Data_Tables\3B-HHR.MS.MRG.3IMERG.20250321-S010000-E012959.0060.V07B.HDF5,D:\OneDrive\桌面\论文\2027年投稿期刊\论文项目\07_JB医疗可达性_洪水扰动下交通-网络韧性与公平性_SCS_Natural_Hazards\GPT数据\_Organization_Working\Archive_Extractions\594203d78a880ea9\3B-HHR.MS.MRG.3IMERG.20250321-S010000-E012959.0060.V07B.HDF5,D:\OneDrive\桌面\论文\2027年投稿期刊\论文项目\07_JB医疗可达性_洪水扰动下交通-网络韧性与公平性_SCS_Natural_Hazards\GPT数据\Nature Portfolio_Project\01_前期数据支撑\07_D07_FLOOD_EVENT\D07E_IMERG\RAW\D07E_NASA_IMERG_Download_Helper\RAW_AUTHENTICATED_zip_parts_20261005_111729\RAW_AUTHENTICATED_part05.zip,extracted,Exact duplicate verified by identical file size and SHA-256 checksum.
45d9e1edc5e9ceb0686a5c445a7bf1b83e15b80d3a0352bc887b2d3ca979554e,7409882,2,D:\OneDrive\桌面\论文\2027年投稿期刊\论文项目\07_JB医疗可达性_洪水扰动下交通-网络韧性与公平性_SCS_Natural_Hazards\GPT数据\JB_Flood_Healthcare_Accessibility_Research\03_Nature_Portfolio_Project\Supporting_Information\Data_Tables\3B-HHR.MS.MRG.3IMERG.20250321-S013000-E015959.0090.V07B.HDF5,D:\OneDrive\桌面\论文\2027年投稿期刊\论文项目\07_JB医疗可达性_洪水扰动下交通-网络韧性与公平性_SCS_Natural_Hazards\GPT数据\_Organization_Working\Archive_Extractions\594203d78a880ea9\3B-HHR.MS.MRG.3IMERG.20250321-S013000-E015959.0090.V07B.HDF5,D:\OneDrive\桌面\论文\2027年投稿期刊\论文项目\07_JB医疗可达性_洪水扰动下交通-网络韧性与公平性_SCS_Natural_Hazards\GPT数据\Nature Portfolio_Project\01_前期数据支撑\07_D07_FLOOD_EVENT\D07E_IMERG\RAW\D07E_NASA_IMERG_Download_Helper\RAW_AUTHENTICATED_zip_parts_20261005_111729\RAW_AUTHENTICATED_part05.zip,extracted,Exact duplicate verified by identical file size and SHA-256 checksum.
b6f3b864f5db567da5f1d4d30dcaa3beae62b2ceae4ad4fe58232383adce3971,7552517,2,D:\OneDrive\桌面\论文\2027年投稿期刊\论文项目\07_JB医疗可达性_洪水扰动下交通-网络韧性与公平性_SCS_Natural_Hazards\GPT数据\JB_Flood_Healthcare_Accessibility_Research\03_Nature_Portfolio_Project\Supporting_Information\Data_Tables\3B-HHR.MS.MRG.3IMERG.20250321-S020000-E022959.0120.V07B.HDF5,D:\OneDrive\桌面\论文\2027年投稿期刊\论文项目\07_JB医疗可达性_洪水扰动下交通-网络韧性与公平性_SCS_Natural_Hazards\GPT数据\_Organization_Working\Archive_Extractions\594203d78a880ea9\3B-HHR.MS.MRG.3IMERG.20250321-S020000-E022959.0120.V07B.HDF5,D:\OneDrive\桌面\论文\2027年投稿期刊\论文项目\07_JB医疗可达性_洪水扰动下交通-网络韧性与公平性_SCS_Natural_Hazards\GPT数据\Nature Portfolio_Project\01_前期数据支撑\07_D07_FLOOD_EVENT\D07E_IMERG\RAW\D07E_NASA_IMERG_Download_Helper\RAW_AUTHENTICATED_zip_parts_20261005_111729\RAW_AUTHENTICATED_part05.zip,extracted,Exact duplicate verified by identical file size and SHA-256 checksum.
f3f2ad8c71d9bd4972802eb3666998ff8888046eb41fb4df7c2c7f2eb7bea09d,7523157,2,D:\OneDrive\桌面\论文\2027年投稿期刊\论文项目\07_JB医疗可达性_洪水扰动下交通-网络韧性与公平性_SCS_Natural_Hazards\GPT数据\JB_Flood_Healthcare_Accessibility_Research\03_Nature_Portfolio_Project\Supporting_Information\Data_Tables\3B-HHR.MS.MRG.3IMERG.20250321-S023000-E025959.0150.V07B.HDF5,D:\OneDrive\桌面\论文\2027年投稿期刊\论文项目\07_JB医疗可达性_洪水扰动下交通-网络韧性与公平性_SCS_Natural_Hazards\GPT数据\_Organization_Working\Archive_Extractions\594203d78a880ea9\3B-HHR.MS.MRG.3IMERG.20250321-S023000-E025959.0150.V07B.HDF5,D:\OneDrive\桌面\论文\2027年投稿期刊\论文项目\07_JB医疗可达性_洪水扰动下交通-网络韧性与公平性_SCS_Natural_Hazards\GPT数据\Nature Portfolio_Project\01_前期数据支撑\07_D07_FLOOD_EVENT\D07E_IMERG\RAW\D07E_NASA_IMERG_Download_Helper\RAW_AUTHENTICATED_zip_parts_20261005_111729\RAW_AUTHENTICATED_part05.zip,extracted,Exact duplicate verified by identical file size and SHA-256 checksum.
ad557cb8e933f5bd839f464777e43a62b9c571531be4ab0bce2197502462e945,7578955,2,D:\OneDrive\桌面\论文\2027年投稿期刊\论文项目\07_JB医疗可达性_洪水扰动下交通-网络韧性与公平性_SCS_Natural_Hazards\GPT数据\JB_Flood_Healthcare_Accessibility_Research\03_Nature_Portfolio_Project\Supporting_Information\Data_Tables\3B-HHR.MS.MRG.3IMERG.20250321-S030000-E032959.0180.V07B.HDF5,D:\OneDrive\桌面\论文\2027年投稿期刊\论文项目\07_JB医疗可达性_洪水扰动下交通-网络韧性与公平性_SCS_Natural_Hazards\GPT数据\_Organization_Working\Archive_Extractions\594203d78a880ea9\3B-HHR.MS.MRG.3IMERG.20250321-S030000-E032959.0180.V07B.HDF5,D:\OneDrive\桌面\论文\2027年投稿期刊\论文项目\07_JB医疗可达性_洪水扰动下交通-网络韧性与公平性_SCS_Natural_Hazards\GPT数据\Nature Portfolio_Project\01_前期数据支撑\07_D07_FLOOD_EVENT\D07E_IMERG\RAW\D07E_NASA_IMERG_Download_Helper\RAW_AUTHENTICATED_zip_parts_20261005_111729\RAW_AUTHENTICATED_part05.zip,extracted,Exact duplicate verified by identical file size and SHA-256 checksum.
7d41212dfb9588188838bfc4ee07f2a491c0fb61cbfd9b5965bad72ee73b8475,7596663,2,D:\OneDrive\桌面\论文\2027年投稿期刊\论文项目\07_JB医疗可达性_洪水扰动下交通-网络韧性与公平性_SCS_Natural_Hazards\GPT数据\JB_Flood_Healthcare_Accessibility_Research\03_Nature_Portfolio_Project\Supporting_Information\Data_Tables\3B-HHR.MS.MRG.3IMERG.20250321-S033000-E035959.0210.V07B.HDF5,D:\OneDrive\桌面\论文\2027年投稿期刊\论文项目\07_JB医疗可达性_洪水扰动下交通-网络韧性与公平性_SCS_Natural_Hazards\GPT数据\_Organization_Working\Archive_Extractions\594203d78a880ea9\3B-HHR.MS.MRG.3IMERG.20250321-S033000-E035959.0210.V07B.HDF5,D:\OneDrive\桌面\论文\2027年投稿期刊\论文项目\07_JB医疗可达性_洪水扰动下交通-网络韧性与公平性_SCS_Natural_Hazards\GPT数据\Nature Portfolio_Project\01_前期数据支撑\07_D07_FLOOD_EVENT\D07E_IMERG\RAW\D07E_NASA_IMERG_Download_Helper\RAW_AUTHENTICATED_zip_parts_20261005_111729\RAW_AUTHENTICATED_part05.zip,extracted,Exact duplicate verified by identical file size and SHA-256 checksum.
c659e2221d00412deb14fc37c8d2c1596d2ad4621126363147f0d93664153166,7501331,2,D:\OneDrive\桌面\论文\2027年投稿期刊\论文项目\07_JB医疗可达性_洪水扰动下交通-网络韧性与公平性_SCS_Natural_Hazards\GPT数据\JB_Flood_Healthcare_Accessibility_Research\03_Nature_Portfolio_Project\Supporting_Information\Data_Tables\3B-HHR.MS.MRG.3IMERG.20250321-S040000-E042959.0240.V07B.HDF5,D:\OneDrive\桌面\论文\2027年投稿期刊\论文项目\07_JB医疗可达性_洪水扰动下交通-网络韧性与公平性_SCS_Natural_Hazards\GPT数据\_Organization_Working\Archive_Extractions\594203d78a880ea9\3B-HHR.MS.MRG.3IMERG.20250321-S040000-E042959.0240.V07B.HDF5,D:\OneDrive\桌面\论文\2027年投稿期刊\论文项目\07_JB医疗可达性_洪水扰动下交通-网络韧性与公平性_SCS_Natural_Hazards\GPT数据\Nature Portfolio_Project\01_前期数据支撑\07_D07_FLOOD_EVENT\D07E_IMERG\RAW\D07E_NASA_IMERG_Download_Helper\RAW_AUTHENTICATED_zip_parts_20261005_111729\RAW_AUTHENTICATED_part05.zip,extracted,Exact duplicate verified by identical file size and SHA-256 checksum.
1253e53c98ec809330da816b9841d800e37cabf1c69243b048acac30905c0020,7588143,2,D:\OneDrive\桌面\论文\2027年投稿期刊\论文项目\07_JB医疗可达性_洪水扰动下交通-网络韧性与公平性_SCS_Natural_Hazards\GPT数据\JB_Flood_Healthcare_Accessibility_Research\03_Nature_Portfolio_Project\Supporting_Information\Data_Tables\3B-HHR.MS.MRG.3IMERG.20250321-S043000-E045959.0270.V07B.HDF5,D:\OneDrive\桌面\论文\2027年投稿期刊\论文项目\07_JB医疗可达性_洪水扰动下交通-网络韧性与公平性_SCS_Natural_Hazards\GPT数据\_Organization_Working\Archive_Extractions\594203d78a880ea9\3B-HHR.MS.MRG.3IMERG.20250321-S043000-E045959.0270.V07B.HDF5,D:\OneDrive\桌面\论文\2027年投稿期刊\论文项目\07_JB医疗可达性_洪水扰动下交通-网络韧性与公平性_SCS_Natural_Hazards\GPT数据\Nature Portfolio_Project\01_前期数据支撑\07_D07_FLOOD_EVENT\D07E_IMERG\RAW\D07E_NASA_IMERG_Download_Helper\RAW_AUTHENTICATED_zip_parts_20261005_111729\RAW_AUTHENTICATED_part05.zip,extracted,Exact duplicate verified by identical file size and SHA-256 checksum.
0a97dc9dc53d8836a35aa945f0236be1955a6a36ed2162040a8de67974402680,7584389,2,D:\OneDrive\桌面\论文\2027年投稿期刊\论文项目\07_JB医疗可达性_洪水扰动下交通-网络韧性与公平性_SCS_Natural_Hazards\GPT数据\JB_Flood_Healthcare_Accessibility_Research\03_Nature_Portfolio_Project\Supporting_Information\Data_Tables\3B-HHR.MS.MRG.3IMERG.20250321-S050000-E052959.0300.V07B.HDF5,D:\OneDrive\桌面\论文\2027年投稿期刊\论文项目\07_JB医疗可达性_洪水扰动下交通-网络韧性与公平性_SCS_Natural_Hazards\GPT数据\_Organization_Working\Archive_Extractions\594203d78a880ea9\3B-HHR.MS.MRG.3IMERG.20250321-S050000-E052959.0300.V07B.HDF5,D:\OneDrive\桌面\论文\2027年投稿期刊\论文项目\07_JB医疗可达性_洪水扰动下交通-网络韧性与公平性_SCS_Natural_Hazards\GPT数据\Nature Portfolio_Project\01_前期数据支撑\07_D07_FLOOD_EVENT\D07E_IMERG\RAW\D07E_NASA_IMERG_Download_Helper\RAW_AUTHENTICATED_zip_parts_20261005_111729\RAW_AUTHENTICATED_part05.zip,extracted,Exact duplicate verified by identical file size and SHA-256 checksum.
b8b72e860477429288dcb13b3a0f856ee3e8ecefbee5641646cfc22ef6a11d52,7488768,2,D:\OneDrive\桌面\论文\2027年投稿期刊\论文项目\07_JB医疗可达性_洪水扰动下交通-网络韧性与公平性_SCS_Natural_Hazards\GPT数据\JB_Flood_Healthcare_Accessibility_Research\03_Nature_Portfolio_Project\Supporting_Information\Data_Tables\3B-HHR.MS.MRG.3IMERG.20250321-S053000-E055959.0330.V07B.HDF5,D:\OneDrive\桌面\论文\2027年投稿期刊\论文项目\07_JB医疗可达性_洪水扰动下交通-网络韧性与公平性_SCS_Natural_Hazards\GPT数据\_Organization_Working\Archive_Extractions\594203d78a880ea9\3B-HHR.MS.MRG.3IMERG.20250321-S053000-E055959.0330.V07B.HDF5,D:\OneDrive\桌面\论文\2027年投稿期刊\论文项目\07_JB医疗可达性_洪水扰动下交通-网络韧性与公平性_SCS_Natural_Hazards\GPT数据\Nature Portfolio_Project\01_前期数据支撑\07_D07_FLOOD_EVENT\D07E_IMERG\RAW\D07E_NASA_IMERG_Download_Helper\RAW_AUTHENTICATED_zip_parts_20261005_111729\RAW_AUTHENTICATED_part05.zip,extracted,Exact duplicate verified by identical file size and SHA-256 checksum.
6faaef70119cc847ee6f2c5a0e0d453dd090aa0c32e908fa31946c0b28b15258,7439563,2,D:\OneDrive\桌面\论文\2027年投稿期刊\论文项目\07_JB医疗可达性_洪水扰动下交通-网络韧性与公平性_SCS_Natural_Hazards\GPT数据\JB_Flood_Healthcare_Accessibility_Research\03_Nature_Portfolio_Project\Supporting_Information\Data_Tables\3B-HHR.MS.MRG.3IMERG.20250321-S060000-E062959.0360.V07B.HDF5,D:\OneDrive\桌面\论文\2027年投稿期刊\论文项目\07_JB医疗可达性_洪水扰动下交通-网络韧性与公平性_SCS_Natural_Hazards\GPT数据\_Organization_Working\Archive_Extractions\594203d78a880ea9\3B-HHR.MS.MRG.3IMERG.20250321-S060000-E062959.0360.V07B.HDF5,D:\OneDrive\桌面\论文\2027年投稿期刊\论文项目\07_JB医疗可达性_洪水扰动下交通-网络韧性与公平性_SCS_Natural_Hazards\GPT数据\Nature Portfolio_Project\01_前期数据支撑\07_D07_FLOOD_EVENT\D07E_IMERG\RAW\D07E_NASA_IMERG_Download_Helper\RAW_AUTHENTICATED_zip_parts_20261005_111729\RAW_AUTHENTICATED_part05.zip,extracted,Exact duplicate verified by identical file size and SHA-256 checksum.
f302ba22f94ed0fa61b7fae2cb67622d1e2ade01efe9f79d90f55f7caecb33c2,7516927,2,D:\OneDrive\桌面\论文\2027年投稿期刊\论文项目\07_JB医疗可达性_洪水扰动下交通-网络韧性与公平性_SCS_Natural_Hazards\GPT数据\JB_Flood_Healthcare_Accessibility_Research\03_Nature_Portfolio_Project\Supporting_Information\Data_Tables\3B-HHR.MS.MRG.3IMERG.20250321-S063000-E065959.0390.V07B.HDF5,D:\OneDrive\桌面\论文\2027年投稿期刊\论文项目\07_JB医疗可达性_洪水扰动下交通-网络韧性与公平性_SCS_Natural_Hazards\GPT数据\_Organization_Working\Archive_Extractions\594203d78a880ea9\3B-HHR.MS.MRG.3IMERG.20250321-S063000-E065959.0390.V07B.HDF5,D:\OneDrive\桌面\论文\2027年投稿期刊\论文项目\07_JB医疗可达性_洪水扰动下交通-网络韧性与公平性_SCS_Natural_Hazards\GPT数据\Nature Portfolio_Project\01_前期数据支撑\07_D07_FLOOD_EVENT\D07E_IMERG\RAW\D07E_NASA_IMERG_Download_Helper\RAW_AUTHENTICATED_zip_parts_20261005_111729\RAW_AUTHENTICATED_part05.zip,extracted,Exact duplicate verified by identical file size and SHA-256 checksum.
773fbd12bbcabb056df04c23d3580d161cf5186f85ad6430397b73a5c4ecefd1,7537438,2,D:\OneDrive\桌面\论文\2027年投稿期刊\论文项目\07_JB医疗可达性_洪水扰动下交通-网络韧性与公平性_SCS_Natural_Hazards\GPT数据\JB_Flood_Healthcare_Accessibility_Research\03_Nature_Portfolio_Project\Supporting_Information\Data_Tables\3B-HHR.MS.MRG.3IMERG.20250321-S070000-E072959.0420.V07B.HDF5,D:\OneDrive\桌面\论文\2027年投稿期刊\论文项目\07_JB医疗可达性_洪水扰动下交通-网络韧性与公平性_SCS_Natural_Hazards\GPT数据\_Organization_Working\Archive_Extractions\594203d78a880ea9\3B-HHR.MS.MRG.3IMERG.20250321-S070000-E072959.0420.V07B.HDF5,D:\OneDrive\桌面\论文\2027年投稿期刊\论文项目\07_JB医疗可达性_洪水扰动下交通-网络韧性与公平性_SCS_Natural_Hazards\GPT数据\Nature Portfolio_Project\01_前期数据支撑\07_D07_FLOOD_EVENT\D07E_IMERG\RAW\D07E_NASA_IMERG_Download_Helper\RAW_AUTHENTICATED_zip_parts_20261005_111729\RAW_AUTHENTICATED_part05.zip,extracted,Exact duplicate verified by identical file size and SHA-256 checksum.
bd465bf294185ace72e494aa3dcf4c9357430106766a2c621e7608f4613ad8bc,7558674,2,D:\OneDrive\桌面\论文\2027年投稿期刊\论文项目\07_JB医疗可达性_洪水扰动下交通-网络韧性与公平性_SCS_Natural_Hazards\GPT数据\JB_Flood_Healthcare_Accessibility_Research\03_Nature_Portfolio_Project\Supporting_Information\Data_Tables\3B-HHR.MS.MRG.3IMERG.20250321-S073000-E075959.0450.V07B.HDF5,D:\OneDrive\桌面\论文\2027年投稿期刊\论文项目\07_JB医疗可达性_洪水扰动下交通-网络韧性与公平性_SCS_Natural_Hazards\GPT数据\_Organization_Working\Archive_Extractions\594203d78a880ea9\3B-HHR.MS.MRG.3IMERG.20250321-S073000-E075959.0450.V07B.HDF5,D:\OneDrive\桌面\论文\2027年投稿期刊\论文项目\07_JB医疗可达性_洪水扰动下交通-网络韧性与公平性_SCS_Natural_Hazards\GPT数据\Nature Portfolio_Project\01_前期数据支撑\07_D07_FLOOD_EVENT\D07E_IMERG\RAW\D07E_NASA_IMERG_Download_Helper\RAW_AUTHENTICATED_zip_parts_20261005_111729\RAW_AUTHENTICATED_part05.zip,extracted,Exact duplicate verified by identical file size and SHA-256 checksum.
c16fecafdba267dd7c838a6fcd97bdc478e40217fefd7e1e5cb97666a49c90d0,7514469,2,D:\OneDrive\桌面\论文\2027年投稿期刊\论文项目\07_JB医疗可达性_洪水扰动下交通-网络韧性与公平性_SCS_Natural_Hazards\GPT数据\JB_Flood_Healthcare_Accessibility_Research\03_Nature_Portfolio_Project\Supporting_Information\Data_Tables\3B-HHR.MS.MRG.3IMERG.20250321-S080000-E082959.0480.V07B.HDF5,D:\OneDrive\桌面\论文\2027年投稿期刊\论文项目\07_JB医疗可达性_洪水扰动下交通-网络韧性与公平性_SCS_Natural_Hazards\GPT数据\_Organization_Working\Archive_Extractions\62be5d660bdfb621\3B-HHR.MS.MRG.3IMERG.20250321-S080000-E082959.0480.V07B.HDF5,D:\OneDrive\桌面\论文\2027年投稿期刊\论文项目\07_JB医疗可达性_洪水扰动下交通-网络韧性与公平性_SCS_Natural_Hazards\GPT数据\Nature Portfolio_Project\01_前期数据支撑\07_D07_FLOOD_EVENT\D07E_IMERG\RAW\D07E_NASA_IMERG_Download_Helper\RAW_AUTHENTICATED_zip_parts_20261005_111729\RAW_AUTHENTICATED_part06.zip,extracted,Exact duplicate verified by identical file size and SHA-256 checksum.
f626650fc722a11148e0152241ddc0a55d441ade6173619c061b115ad52938d1,7548977,2,D:\OneDrive\桌面\论文\2027年投稿期刊\论文项目\07_JB医疗可达性_洪水扰动下交通-网络韧性与公平性_SCS_Natural_Hazards\GPT数据\JB_Flood_Healthcare_Accessibility_Research\03_Nature_Portfolio_Project\Supporting_Information\Data_Tables\3B-HHR.MS.MRG.3IMERG.20250321-S083000-E085959.0510.V07B.HDF5,D:\OneDrive\桌面\论文\2027年投稿期刊\论文项目\07_JB医疗可达性_洪水扰动下交通-网络韧性与公平性_SCS_Natural_Hazards\GPT数据\_Organization_Working\Archive_Extractions\62be5d660bdfb621\3B-HHR.MS.MRG.3IMERG.20250321-S083000-E085959.0510.V07B.HDF5,D:\OneDrive\桌面\论文\2027年投稿期刊\论文项目\07_JB医疗可达性_洪水扰动下交通-网络韧性与公平性_SCS_Natural_Hazards\GPT数据\Nature Portfolio_Project\01_前期数据支撑\07_D07_FLOOD_EVENT\D07E_IMERG\RAW\D07E_NASA_IMERG_Download_Helper\RAW_AUTHENTICATED_zip_parts_20261005_111729\RAW_AUTHENTICATED_part06.zip,extracted,Exact duplicate verified by identical file size and SHA-256 checksum.
3c89c17df500e8dd5c1bab8c9408b15ddafe2c66c4d6883719bd8b12189d66c9,7438055,2,D:\OneDrive\桌面\论文\2027年投稿期刊\论文项目\07_JB医疗可达性_洪水扰动下交通-网络韧性与公平性_SCS_Natural_Hazards\GPT数据\JB_Flood_Healthcare_Accessibility_Research\03_Nature_Portfolio_Project\Supporting_Information\Data_Tables\3B-HHR.MS.MRG.3IMERG.20250321-S090000-E092959.0540.V07B.HDF5,D:\OneDrive\桌面\论文\2027年投稿期刊\论文项目\07_JB医疗可达性_洪水扰动下交通-网络韧性与公平性_SCS_Natural_Hazards\GPT数据\_Organization_Working\Archive_Extractions\62be5d660bdfb621\3B-HHR.MS.MRG.3IMERG.20250321-S090000-E092959.0540.V07B.HDF5,D:\OneDrive\桌面\论文\2027年投稿期刊\论文项目\07_JB医疗可达性_洪水扰动下交通-网络韧性与公平性_SCS_Natural_Hazards\GPT数据\Nature Portfolio_Project\01_前期数据支撑\07_D07_FLOOD_EVENT\D07E_IMERG\RAW\D07E_NASA_IMERG_Download_Helper\RAW_AUTHENTICATED_zip_parts_20261005_111729\RAW_AUTHENTICATED_part06.zip,extracted,Exact duplicate verified by identical file size and SHA-256 checksum.
a8290d01bdeafe9141de8229ff85bc45f47dd3f3cf35880c7ae70e34345577f3,7488786,2,D:\OneDrive\桌面\论文\2027年投稿期刊\论文项目\07_JB医疗可达性_洪水扰动下交通-网络韧性与公平性_SCS_Natural_Hazards\GPT数据\JB_Flood_Healthcare_Accessibility_Research\03_Nature_Portfolio_Project\Supporting_Information\Data_Tables\3B-HHR.MS.MRG.3IMERG.20250321-S093000-E095959.0570.V07B.HDF5,D:\OneDrive\桌面\论文\2027年投稿期刊\论文项目\07_JB医疗可达性_洪水扰动下交通-网络韧性与公平性_SCS_Natural_Hazards\GPT数据\_Organization_Working\Archive_Extractions\62be5d660bdfb621\3B-HHR.MS.MRG.3IMERG.20250321-S093000-E095959.0570.V07B.HDF5,D:\OneDrive\桌面\论文\2027年投稿期刊\论文项目\07_JB医疗可达性_洪水扰动下交通-网络韧性与公平性_SCS_Natural_Hazards\GPT数据\Nature Portfolio_Project\01_前期数据支撑\07_D07_FLOOD_EVENT\D07E_IMERG\RAW\D07E_NASA_IMERG_Download_Helper\RAW_AUTHENTICATED_zip_parts_20261005_111729\RAW_AUTHENTICATED_part06.zip,extracted,Exact duplicate verified by identical file size and SHA-256 checksum.
90803117a95f1c4f977292bf06fd81eeba2454b0b9ab730fa1a6c485bcaae6b1,7346523,2,D:\OneDrive\桌面\论文\2027年投稿期刊\论文项目\07_JB医疗可达性_洪水扰动下交通-网络韧性与公平性_SCS_Natural_Hazards\GPT数据\JB_Flood_Healthcare_Accessibility_Research\03_Nature_Portfolio_Project\Supporting_Information\Data_Tables\3B-HHR.MS.MRG.3IMERG.20250321-S100000-E102959.0600.V07B.HDF5,D:\OneDrive\桌面\论文\2027年投稿期刊\论文项目\07_JB医疗可达性_洪水扰动下交通-网络韧性与公平性_SCS_Natural_Hazards\GPT数据\_Organization_Working\Archive_Extractions\62be5d660bdfb621\3B-HHR.MS.MRG.3IMERG.20250321-S100000-E102959.0600.V07B.HDF5,D:\OneDrive\桌面\论文\2027年投稿期刊\论文项目\07_JB医疗可达性_洪水扰动下交通-网络韧性与公平性_SCS_Natural_Hazards\GPT数据\Nature Portfolio_Project\01_前期数据支撑\07_D07_FLOOD_EVENT\D07E_IMERG\RAW\D07E_NASA_IMERG_Download_Helper\RAW_AUTHENTICATED_zip_parts_20261005_111729\RAW_AUTHENTICATED_part06.zip,extracted,Exact duplicate verified by identical file size and SHA-256 checksum.
168a1a07ce8c763fe86cb34079a7633d1bade9f2861933bac8c6544e3139cc53,7517985,2,D:\OneDrive\桌面\论文\2027年投稿期刊\论文项目\07_JB医疗可达性_洪水扰动下交通-网络韧性与公平性_SCS_Natural_Hazards\GPT数据\JB_Flood_Healthcare_Accessibility_Research\03_Nature_Portfolio_Project\Supporting_Information\Data_Tables\3B-HHR.MS.MRG.3IMERG.20250321-S103000-E105959.0630.V07B.HDF5,D:\OneDrive\桌面\论文\2027年投稿期刊\论文项目\07_JB医疗可达性_洪水扰动下交通-网络韧性与公平性_SCS_Natural_Hazards\GPT数据\_Organization_Working\Archive_Extractions\62be5d660bdfb621\3B-HHR.MS.MRG.3IMERG.20250321-S103000-E105959.0630.V07B.HDF5,D:\OneDrive\桌面\论文\2027年投稿期刊\论文项目\07_JB医疗可达性_洪水扰动下交通-网络韧性与公平性_SCS_Natural_Hazards\GPT数据\Nature Portfolio_Project\01_前期数据支撑\07_D07_FLOOD_EVENT\D07E_IMERG\RAW\D07E_NASA_IMERG_Download_Helper\RAW_AUTHENTICATED_zip_parts_20261005_111729\RAW_AUTHENTICATED_part06.zip,extracted,Exact duplicate verified by identical file size and SHA-256 checksum.
5318b95e57956d06671a1135af4701eb670ee904d31e8570e72d8b043105210d,7437359,2,D:\OneDrive\桌面\论文\2027年投稿期刊\论文项目\07_JB医疗可达性_洪水扰动下交通-网络韧性与公平性_SCS_Natural_Hazards\GPT数据\JB_Flood_Healthcare_Accessibility_Research\03_Nature_Portfolio_Project\Supporting_Information\Data_Tables\3B-HHR.MS.MRG.3IMERG.20250321-S110000-E112959.0660.V07B.HDF5,D:\OneDrive\桌面\论文\2027年投稿期刊\论文项目\07_JB医疗可达性_洪水扰动下交通-网络韧性与公平性_SCS_Natural_Hazards\GPT数据\_Organization_Working\Archive_Extractions\62be5d660bdfb621\3B-HHR.MS.MRG.3IMERG.20250321-S110000-E112959.0660.V07B.HDF5,D:\OneDrive\桌面\论文\2027年投稿期刊\论文项目\07_JB医疗可达性_洪水扰动下交通-网络韧性与公平性_SCS_Natural_Hazards\GPT数据\Nature Portfolio_Project\01_前期数据支撑\07_D07_FLOOD_EVENT\D07E_IMERG\RAW\D07E_NASA_IMERG_Download_Helper\RAW_AUTHENTICATED_zip_parts_20261005_111729\RAW_AUTHENTICATED_part06.zip,extracted,Exact duplicate verified by identical file size and SHA-256 checksum.
840767a3105538fa6781a4fb691f2c5dd7b9e071f2f8a959df66d59f752b93e7,7477005,2,D:\OneDrive\桌面\论文\2027年投稿期刊\论文项目\07_JB医疗可达性_洪水扰动下交通-网络韧性与公平性_SCS_Natural_Hazards\GPT数据\JB_Flood_Healthcare_Accessibility_Research\03_Nature_Portfolio_Project\Supporting_Information\Data_Tables\3B-HHR.MS.MRG.3IMERG.20250321-S113000-E115959.0690.V07B.HDF5,D:\OneDrive\桌面\论文\2027年投稿期刊\论文项目\07_JB医疗可达性_洪水扰动下交通-网络韧性与公平性_SCS_Natural_Hazards\GPT数据\_Organization_Working\Archive_Extractions\62be5d660bdfb621\3B-HHR.MS.MRG.3IMERG.20250321-S113000-E115959.0690.V07B.HDF5,D:\OneDrive\桌面\论文\2027年投稿期刊\论文项目\07_JB医疗可达性_洪水扰动下交通-网络韧性与公平性_SCS_Natural_Hazards\GPT数据\Nature Portfolio_Project\01_前期数据支撑\07_D07_FLOOD_EVENT\D07E_IMERG\RAW\D07E_NASA_IMERG_Download_Helper\RAW_AUTHENTICATED_zip_parts_20261005_111729\RAW_AUTHENTICATED_part06.zip,extracted,Exact duplicate verified by identical file size and SHA-256 checksum.
f67f661aa8ace75b77e8620bfcf11dd63a6e79702df5aa910c4f4811837ec4bc,7504609,2,D:\OneDrive\桌面\论文\2027年投稿期刊\论文项目\07_JB医疗可达性_洪水扰动下交通-网络韧性与公平性_SCS_Natural_Hazards\GPT数据\JB_Flood_Healthcare_Accessibility_Research\03_Nature_Portfolio_Project\Supporting_Information\Data_Tables\3B-HHR.MS.MRG.3IMERG.20250321-S120000-E122959.0720.V07B.HDF5,D:\OneDrive\桌面\论文\2027年投稿期刊\论文项目\07_JB医疗可达性_洪水扰动下交通-网络韧性与公平性_SCS_Natural_Hazards\GPT数据\_Organization_Working\Archive_Extractions\62be5d660bdfb621\3B-HHR.MS.MRG.3IMERG.20250321-S120000-E122959.0720.V07B.HDF5,D:\OneDrive\桌面\论文\2027年投稿期刊\论文项目\07_JB医疗可达性_洪水扰动下交通-网络韧性与公平性_SCS_Natural_Hazards\GPT数据\Nature Portfolio_Project\01_前期数据支撑\07_D07_FLOOD_EVENT\D07E_IMERG\RAW\D07E_NASA_IMERG_Download_Helper\RAW_AUTHENTICATED_zip_parts_20261005_111729\RAW_AUTHENTICATED_part06.zip,extracted,Exact duplicate verified by identical file size and SHA-256 checksum.
57d008cbbbb8cf23bee1432604fc4c3b3b18e317e1bdd4b3f57d4ba1478206e5,7502722,2,D:\OneDrive\桌面\论文\2027年投稿期刊\论文项目\07_JB医疗可达性_洪水扰动下交通-网络韧性与公平性_SCS_Natural_Hazards\GPT数据\JB_Flood_Healthcare_Accessibility_Research\03_Nature_Portfolio_Project\Supporting_Information\Data_Tables\3B-HHR.MS.MRG.3IMERG.20250321-S123000-E125959.0750.V07B.HDF5,D:\OneDrive\桌面\论文\2027年投稿期刊\论文项目\07_JB医疗可达性_洪水扰动下交通-网络韧性与公平性_SCS_Natural_Hazards\GPT数据\_Organization_Working\Archive_Extractions\62be5d660bdfb621\3B-HHR.MS.MRG.3IMERG.20250321-S123000-E125959.0750.V07B.HDF5,D:\OneDrive\桌面\论文\2027年投稿期刊\论文项目\07_JB医疗可达性_洪水扰动下交通-网络韧性与公平性_SCS_Natural_Hazards\GPT数据\Nature Portfolio_Project\01_前期数据支撑\07_D07_FLOOD_EVENT\D07E_IMERG\RAW\D07E_NASA_IMERG_Download_Helper\RAW_AUTHENTICATED_zip_parts_20261005_111729\RAW_AUTHENTICATED_part06.zip,extracted,Exact duplicate verified by identical file size and SHA-256 checksum.
e1b03ba18275e754379453c36d457ade247e3ae25e2930ab2511a82eab3f2dad,7621487,2,D:\OneDrive\桌面\论文\2027年投稿期刊\论文项目\07_JB医疗可达性_洪水扰动下交通-网络韧性与公平性_SCS_Natural_Hazards\GPT数据\JB_Flood_Healthcare_Accessibility_Research\03_Nature_Portfolio_Project\Supporting_Information\Data_Tables\3B-HHR.MS.MRG.3IMERG.20250321-S130000-E132959.0780.V07B.HDF5,D:\OneDrive\桌面\论文\2027年投稿期刊\论文项目\07_JB医疗可达性_洪水扰动下交通-网络韧性与公平性_SCS_Natural_Hazards\GPT数据\_Organization_Working\Archive_Extractions\62be5d660bdfb621\3B-HHR.MS.MRG.3IMERG.20250321-S130000-E132959.0780.V07B.HDF5,D:\OneDrive\桌面\论文\2027年投稿期刊\论文项目\07_JB医疗可达性_洪水扰动下交通-网络韧性与公平性_SCS_Natural_Hazards\GPT数据\Nature Portfolio_Project\01_前期数据支撑\07_D07_FLOOD_EVENT\D07E_IMERG\RAW\D07E_NASA_IMERG_Download_Helper\RAW_AUTHENTICATED_zip_parts_20261005_111729\RAW_AUTHENTICATED_part06.zip,extracted,Exact duplicate verified by identical file size and SHA-256 checksum.
61bc4b1d7157fbeb12a87e2780bd64bc7ac0b54d66a0e5e7b3248b23f3c719df,7665448,2,D:\OneDrive\桌面\论文\2027年投稿期刊\论文项目\07_JB医疗可达性_洪水扰动下交通-网络韧性与公平性_SCS_Natural_Hazards\GPT数据\JB_Flood_Healthcare_Accessibility_Research\03_Nature_Portfolio_Project\Supporting_Information\Data_Tables\3B-HHR.MS.MRG.3IMERG.20250321-S133000-E135959.0810.V07B.HDF5,D:\OneDrive\桌面\论文\2027年投稿期刊\论文项目\07_JB医疗可达性_洪水扰动下交通-网络韧性与公平性_SCS_Natural_Hazards\GPT数据\_Organization_Working\Archive_Extractions\62be5d660bdfb621\3B-HHR.MS.MRG.3IMERG.20250321-S133000-E135959.0810.V07B.HDF5,D:\OneDrive\桌面\论文\2027年投稿期刊\论文项目\07_JB医疗可达性_洪水扰动下交通-网络韧性与公平性_SCS_Natural_Hazards\GPT数据\Nature Portfolio_Project\01_前期数据支撑\07_D07_FLOOD_EVENT\D07E_IMERG\RAW\D07E_NASA_IMERG_Download_Helper\RAW_AUTHENTICATED_zip_parts_20261005_111729\RAW_AUTHENTICATED_part06.zip,extracted,Exact duplicate verified by identical file size and SHA-256 checksum.
f9bd706d65046ae03397f5c6576fdf1f97990a05428da42eaf6c6b170ec83c46,7721575,2,D:\OneDrive\桌面\论文\2027年投稿期刊\论文项目\07_JB医疗可达性_洪水扰动下交通-网络韧性与公平性_SCS_Natural_Hazards\GPT数据\JB_Flood_Healthcare_Accessibility_Research\03_Nature_Portfolio_Project\Supporting_Information\Data_Tables\3B-HHR.MS.MRG.3IMERG.20250321-S140000-E142959.0840.V07B.HDF5,D:\OneDrive\桌面\论文\2027年投稿期刊\论文项目\07_JB医疗可达性_洪水扰动下交通-网络韧性与公平性_SCS_Natural_Hazards\GPT数据\_Organization_Working\Archive_Extractions\62be5d660bdfb621\3B-HHR.MS.MRG.3IMERG.20250321-S140000-E142959.0840.V07B.HDF5,D:\OneDrive\桌面\论文\2027年投稿期刊\论文项目\07_JB医疗可达性_洪水扰动下交通-网络韧性与公平性_SCS_Natural_Hazards\GPT数据\Nature Portfolio_Project\01_前期数据支撑\07_D07_FLOOD_EVENT\D07E_IMERG\RAW\D07E_NASA_IMERG_Download_Helper\RAW_AUTHENTICATED_zip_parts_20261005_111729\RAW_AUTHENTICATED_part06.zip,extracted,Exact duplicate verified by identical file size and SHA-256 checksum.
74398183c99f65ef78b43e6ba3195ad2b64a45ab0c9110f90d9b7208e862344a,7710170,2,D:\OneDrive\桌面\论文\2027年投稿期刊\论文项目\07_JB医疗可达性_洪水扰动下交通-网络韧性与公平性_SCS_Natural_Hazards\GPT数据\JB_Flood_Healthcare_Accessibility_Research\03_Nature_Portfolio_Project\Supporting_Information\Data_Tables\3B-HHR.MS.MRG.3IMERG.20250321-S143000-E145959.0870.V07B.HDF5,D:\OneDrive\桌面\论文\2027年投稿期刊\论文项目\07_JB医疗可达性_洪水扰动下交通-网络韧性与公平性_SCS_Natural_Hazards\GPT数据\_Organization_Working\Archive_Extractions\62be5d660bdfb621\3B-HHR.MS.MRG.3IMERG.20250321-S143000-E145959.0870.V07B.HDF5,D:\OneDrive\桌面\论文\2027年投稿期刊\论文项目\07_JB医疗可达性_洪水扰动下交通-网络韧性与公平性_SCS_Natural_Hazards\GPT数据\Nature Portfolio_Project\01_前期数据支撑\07_D07_FLOOD_EVENT\D07E_IMERG\RAW\D07E_NASA_IMERG_Download_Helper\RAW_AUTHENTICATED_zip_parts_20261005_111729\RAW_AUTHENTICATED_part06.zip,extracted,Exact duplicate verified by identical file size and SHA-256 checksum.
e9f17b959011bb64177bfdd2158c61db85761c1fab83d1bb2ba885526245773d,7753817,2,D:\OneDrive\桌面\论文\2027年投稿期刊\论文项目\07_JB医疗可达性_洪水扰动下交通-网络韧性与公平性_SCS_Natural_Hazards\GPT数据\JB_Flood_Healthcare_Accessibility_Research\03_Nature_Portfolio_Project\Supporting_Information\Data_Tables\3B-HHR.MS.MRG.3IMERG.20250321-S150000-E152959.0900.V07B.HDF5,D:\OneDrive\桌面\论文\2027年投稿期刊\论文项目\07_JB医疗可达性_洪水扰动下交通-网络韧性与公平性_SCS_Natural_Hazards\GPT数据\_Organization_Working\Archive_Extractions\62be5d660bdfb621\3B-HHR.MS.MRG.3IMERG.20250321-S150000-E152959.0900.V07B.HDF5,D:\OneDrive\桌面\论文\2027年投稿期刊\论文项目\07_JB医疗可达性_洪水扰动下交通-网络韧性与公平性_SCS_Natural_Hazards\GPT数据\Nature Portfolio_Project\01_前期数据支撑\07_D07_FLOOD_EVENT\D07E_IMERG\RAW\D07E_NASA_IMERG_Download_Helper\RAW_AUTHENTICATED_zip_parts_20261005_111729\RAW_AUTHENTICATED_part06.zip,extracted,Exact duplicate verified by identical file size and SHA-256 checksum.
a6303d77c762178a6bc2e0b0c7859b9097d357542da73ae0b81164c8c37977c0,7846940,2,D:\OneDrive\桌面\论文\2027年投稿期刊\论文项目\07_JB医疗可达性_洪水扰动下交通-网络韧性与公平性_SCS_Natural_Hazards\GPT数据\JB_Flood_Healthcare_Accessibility_Research\03_Nature_Portfolio_Project\Supporting_Information\Data_Tables\3B-HHR.MS.MRG.3IMERG.20250321-S153000-E155959.0930.V07B.HDF5,D:\OneDrive\桌面\论文\2027年投稿期刊\论文项目\07_JB医疗可达性_洪水扰动下交通-网络韧性与公平性_SCS_Natural_Hazards\GPT数据\_Organization_Working\Archive_Extractions\62be5d660bdfb621\3B-HHR.MS.MRG.3IMERG.20250321-S153000-E155959.0930.V07B.HDF5,D:\OneDrive\桌面\论文\2027年投稿期刊\论文项目\07_JB医疗可达性_洪水扰动下交通-网络韧性与公平性_SCS_Natural_Hazards\GPT数据\Nature Portfolio_Project\01_前期数据支撑\07_D07_FLOOD_EVENT\D07E_IMERG\RAW\D07E_NASA_IMERG_Download_Helper\RAW_AUTHENTICATED_zip_parts_20261005_111729\RAW_AUTHENTICATED_part06.zip,extracted,Exact duplicate verified by identical file size and SHA-256 checksum.
3d8a4c368287b038ef445365fcda1148ba4727893a97bfbbaf7d2c6456eb16c1,271624,3,D:\OneDrive\桌面\论文\2027年投稿期刊\论文项目\07_JB医疗可达性_洪水扰动下交通-网络韧性与公平性_SCS_Natural_Hazards\GPT数据\JB_Flood_Healthcare_Accessibility_Research\03_Nature_Portfolio_Project\Figures\Images\GIS_Flood_Road_Susceptibility_Screening.png,D:\OneDrive\桌面\论文\2027年投稿期刊\论文项目\07_JB医疗可达性_洪水扰动下交通-网络韧性与公平性_SCS_Natural_Hazards\GPT数据\Nature Portfolio_Project\01_前期数据支撑\ScientificReports_JB_Flood_Healthcare_Accessibility\figures\results\GIS_Flood_Road_Susceptibility_Screening.png,D:\OneDrive\桌面\论文\2027年投稿期刊\论文项目\07_JB医疗可达性_洪水扰动下交通-网络韧性与公平性_SCS_Natural_Hazards\GPT数据\Nature Portfolio_Project\01_前期数据支撑\ScientificReports_JB_Flood_Healthcare_Accessibility\figures\results\GIS_Flood_Road_Susceptibility_Screening.png,original,Exact duplicate verified by identical file size and SHA-256 checksum.
3d8a4c368287b038ef445365fcda1148ba4727893a97bfbbaf7d2c6456eb16c1,271624,3,D:\OneDrive\桌面\论文\2027年投稿期刊\论文项目\07_JB医疗可达性_洪水扰动下交通-网络韧性与公平性_SCS_Natural_Hazards\GPT数据\JB_Flood_Healthcare_Accessibility_Research\03_Nature_Portfolio_Project\Figures\Images\GIS_Flood_Road_Susceptibility_Screening.png,D:\OneDrive\桌面\论文\2027年投稿期刊\论文项目\07_JB医疗可达性_洪水扰动下交通-网络韧性与公平性_SCS_Natural_Hazards\GPT数据\_Organization_Working\Archive_Extractions\fe5520d767139c3a\03_FIGURES\GIS_Flood_Road_Susceptibility_Screening.png,D:\OneDrive\桌面\论文\2027年投稿期刊\论文项目\07_JB医疗可达性_洪水扰动下交通-网络韧性与公平性_SCS_Natural_Hazards\GPT数据\Nature Portfolio_Project\01_前期数据支撑\08_D08_ACCESSIBILITY_IMPACT\PACKAGES\D08_Sensitivity_and_FloodSusceptibility_GIS_v1.0.zip,extracted,Exact duplicate verified by identical file size and SHA-256 checksum.
cc5e4d6a6e65fff716ab578d5f8a98bd8bee189d48bb3ca2a437e8aa1584d8f4,55484416,3,D:\OneDrive\桌面\论文\2027年投稿期刊\论文项目\07_JB医疗可达性_洪水扰动下交通-网络韧性与公平性_SCS_Natural_Hazards\GPT数据\JB_Flood_Healthcare_Accessibility_Research\03_Nature_Portfolio_Project\Supporting_Information\Geospatial_Data\JB_Flood_Evidence_and_Road_Susceptibility_Screening_RSO.gpkg,D:\OneDrive\桌面\论文\2027年投稿期刊\论文项目\07_JB医疗可达性_洪水扰动下交通-网络韧性与公平性_SCS_Natural_Hazards\GPT数据\Nature Portfolio_Project\01_前期数据支撑\ScientificReports_JB_Flood_Healthcare_Accessibility\gis\flood\JB_Flood_Evidence_and_Road_Susceptibility_Screening_RSO.gpkg,D:\OneDrive\桌面\论文\2027年投稿期刊\论文项目\07_JB医疗可达性_洪水扰动下交通-网络韧性与公平性_SCS_Natural_Hazards\GPT数据\Nature Portfolio_Project\01_前期数据支撑\ScientificReports_JB_Flood_Healthcare_Accessibility\gis\flood\JB_Flood_Evidence_and_Road_Susceptibility_Screening_RSO.gpkg,original,Exact duplicate verified by identical file size and SHA-256 checksum.
cc5e4d6a6e65fff716ab578d5f8a98bd8bee189d48bb3ca2a437e8aa1584d8f4,55484416,3,D:\OneDrive\桌面\论文\2027年投稿期刊\论文项目\07_JB医疗可达性_洪水扰动下交通-网络韧性与公平性_SCS_Natural_Hazards\GPT数据\JB_Flood_Healthcare_Accessibility_Research\03_Nature_Portfolio_Project\Supporting_Information\Geospatial_Data\JB_Flood_Evidence_and_Road_Susceptibility_Screening_RSO.gpkg,D:\OneDrive\桌面\论文\2027年投稿期刊\论文项目\07_JB医疗可达性_洪水扰动下交通-网络韧性与公平性_SCS_Natural_Hazards\GPT数据\_Organization_Working\Archive_Extractions\fe5520d767139c3a\02_GIS\JB_Flood_Evidence_and_Road_Susceptibility_Screening_RSO.gpkg,D:\OneDrive\桌面\论文\2027年投稿期刊\论文项目\07_JB医疗可达性_洪水扰动下交通-网络韧性与公平性_SCS_Natural_Hazards\GPT数据\Nature Portfolio_Project\01_前期数据支撑\08_D08_ACCESSIBILITY_IMPACT\PACKAGES\D08_Sensitivity_and_FloodSusceptibility_GIS_v1.0.zip,extracted,Exact duplicate verified by identical file size and SHA-256 checksum.
0ab6c738020d194e3d95bdbd1957ca5791d11c21d6a6d93ae1b45e0bb6d72097,2275,3,D:\OneDrive\桌面\论文\2027年投稿期刊\论文项目\07_JB医疗可达性_洪水扰动下交通-网络韧性与公平性_SCS_Natural_Hazards\GPT数据\JB_Flood_Healthcare_Accessibility_Research\03_Nature_Portfolio_Project\Supporting_Information\Data_Tables\D08_Global_Accessibility_Impact_Summary.csv,D:\OneDrive\桌面\论文\2027年投稿期刊\论文项目\07_JB医疗可达性_洪水扰动下交通-网络韧性与公平性_SCS_Natural_Hazards\GPT数据\Nature Portfolio_Project\01_前期数据支撑\ScientificReports_JB_Flood_Healthcare_Accessibility\qc\D08\D08_Global_Accessibility_Impact_Summary.csv,D:\OneDrive\桌面\论文\2027年投稿期刊\论文项目\07_JB医疗可达性_洪水扰动下交通-网络韧性与公平性_SCS_Natural_Hazards\GPT数据\Nature Portfolio_Project\01_前期数据支撑\ScientificReports_JB_Flood_Healthcare_Accessibility\qc\D08\D08_Global_Accessibility_Impact_Summary.csv,original,Exact duplicate verified by identical file size and SHA-256 checksum.
0ab6c738020d194e3d95bdbd1957ca5791d11c21d6a6d93ae1b45e0bb6d72097,2275,3,D:\OneDrive\桌面\论文\2027年投稿期刊\论文项目\07_JB医疗可达性_洪水扰动下交通-网络韧性与公平性_SCS_Natural_Hazards\GPT数据\JB_Flood_Healthcare_Accessibility_Research\03_Nature_Portfolio_Project\Supporting_Information\Data_Tables\D08_Global_Accessibility_Impact_Summary.csv,D:\OneDrive\桌面\论文\2027年投稿期刊\论文项目\07_JB医疗可达性_洪水扰动下交通-网络韧性与公平性_SCS_Natural_Hazards\GPT数据\_Organization_Working\Archive_Extractions\8ce6105b5f178931\03_GLOBAL_SUMMARY\D08_Global_Accessibility_Impact_Summary.csv,D:\OneDrive\桌面\论文\2027年投稿期刊\论文项目\07_JB医疗可达性_洪水扰动下交通-网络韧性与公平性_SCS_Natural_Hazards\GPT数据\Nature Portfolio_Project\01_前期数据支撑\08_D08_ACCESSIBILITY_IMPACT\PACKAGES\D08_Step1_2025_Observed_Closure_Accessibility_v0.1.zip,extracted,Exact duplicate verified by identical file size and SHA-256 checksum.
3edc19f1c36a5d6cc2d41df6a29c8c4bec5f8e859a74f7e8ac0bbf1179dcff3a,511,3,D:\OneDrive\桌面\论文\2027年投稿期刊\论文项目\07_JB医疗可达性_洪水扰动下交通-网络韧性与公平性_SCS_Natural_Hazards\GPT数据\JB_Flood_Healthcare_Accessibility_Research\03_Nature_Portfolio_Project\Supporting_Information\Data_Tables\D08_Resilience_Interpretation_Metrics.csv,D:\OneDrive\桌面\论文\2027年投稿期刊\论文项目\07_JB医疗可达性_洪水扰动下交通-网络韧性与公平性_SCS_Natural_Hazards\GPT数据\Nature Portfolio_Project\01_前期数据支撑\ScientificReports_JB_Flood_Healthcare_Accessibility\tables\D08\D08_Resilience_Interpretation_Metrics.csv,D:\OneDrive\桌面\论文\2027年投稿期刊\论文项目\07_JB医疗可达性_洪水扰动下交通-网络韧性与公平性_SCS_Natural_Hazards\GPT数据\Nature Portfolio_Project\01_前期数据支撑\ScientificReports_JB_Flood_Healthcare_Accessibility\tables\D08\D08_Resilience_Interpretation_Metrics.csv,original,Exact duplicate verified by identical file size and SHA-256 checksum.
3edc19f1c36a5d6cc2d41df6a29c8c4bec5f8e859a74f7e8ac0bbf1179dcff3a,511,3,D:\OneDrive\桌面\论文\2027年投稿期刊\论文项目\07_JB医疗可达性_洪水扰动下交通-网络韧性与公平性_SCS_Natural_Hazards\GPT数据\JB_Flood_Healthcare_Accessibility_Research\03_Nature_Portfolio_Project\Supporting_Information\Data_Tables\D08_Resilience_Interpretation_Metrics.csv,D:\OneDrive\桌面\论文\2027年投稿期刊\论文项目\07_JB医疗可达性_洪水扰动下交通-网络韧性与公平性_SCS_Natural_Hazards\GPT数据\_Organization_Working\Archive_Extractions\8ce6105b5f178931\03_GLOBAL_SUMMARY\D08_Resilience_Interpretation_Metrics.csv,D:\OneDrive\桌面\论文\2027年投稿期刊\论文项目\07_JB医疗可达性_洪水扰动下交通-网络韧性与公平性_SCS_Natural_Hazards\GPT数据\Nature Portfolio_Project\01_前期数据支撑\08_D08_ACCESSIBILITY_IMPACT\PACKAGES\D08_Step1_2025_Observed_Closure_Accessibility_v0.1.zip,extracted,Exact duplicate verified by identical file size and SHA-256 checksum.
f4f64ab971f4d3eef29ced53ee6de42eef6eec1bdb45ed3315437a01169c787e,4471,3,D:\OneDrive\桌面\论文\2027年投稿期刊\论文项目\07_JB医疗可达性_洪水扰动下交通-网络韧性与公平性_SCS_Natural_Hazards\GPT数据\JB_Flood_Healthcare_Accessibility_Research\03_Nature_Portfolio_Project\Supporting_Information\Data_Tables\D08_Sensitivity_and_GIS_QC_Report.txt,D:\OneDrive\桌面\论文\2027年投稿期刊\论文项目\07_JB医疗可达性_洪水扰动下交通-网络韧性与公平性_SCS_Natural_Hazards\GPT数据\Nature Portfolio_Project\01_前期数据支撑\ScientificReports_JB_Flood_Healthcare_Accessibility\qc\D08\D08_Sensitivity_and_GIS_QC_Report.txt,D:\OneDrive\桌面\论文\2027年投稿期刊\论文项目\07_JB医疗可达性_洪水扰动下交通-网络韧性与公平性_SCS_Natural_Hazards\GPT数据\Nature Portfolio_Project\01_前期数据支撑\ScientificReports_JB_Flood_Healthcare_Accessibility\qc\D08\D08_Sensitivity_and_GIS_QC_Report.txt,original,Exact duplicate verified by identical file size and SHA-256 checksum.
f4f64ab971f4d3eef29ced53ee6de42eef6eec1bdb45ed3315437a01169c787e,4471,3,D:\OneDrive\桌面\论文\2027年投稿期刊\论文项目\07_JB医疗可达性_洪水扰动下交通-网络韧性与公平性_SCS_Natural_Hazards\GPT数据\JB_Flood_Healthcare_Accessibility_Research\03_Nature_Portfolio_Project\Supporting_Information\Data_Tables\D08_Sensitivity_and_GIS_QC_Report.txt,D:\OneDrive\桌面\论文\2027年投稿期刊\论文项目\07_JB医疗可达性_洪水扰动下交通-网络韧性与公平性_SCS_Natural_Hazards\GPT数据\_Organization_Working\Archive_Extractions\fe5520d767139c3a\04_VALIDATION\D08_Sensitivity_and_GIS_QC_Report.txt,D:\OneDrive\桌面\论文\2027年投稿期刊\论文项目\07_JB医疗可达性_洪水扰动下交通-网络韧性与公平性_SCS_Natural_Hazards\GPT数据\Nature Portfolio_Project\01_前期数据支撑\08_D08_ACCESSIBILITY_IMPACT\PACKAGES\D08_Sensitivity_and_FloodSusceptibility_GIS_v1.0.zip,extracted,Exact duplicate verified by identical file size and SHA-256 checksum.
b3cb7857b225532cf12a540e7cb1aa55a904fdc5a7d931d9264dcff020a1bdc5,10428,3,D:\OneDrive\桌面\论文\2027年投稿期刊\论文项目\07_JB医疗可达性_洪水扰动下交通-网络韧性与公平性_SCS_Natural_Hazards\GPT数据\JB_Flood_Healthcare_Accessibility_Research\03_Nature_Portfolio_Project\Supporting_Information\Data_Tables\D08_Step1_QC_Report.txt,D:\OneDrive\桌面\论文\2027年投稿期刊\论文项目\07_JB医疗可达性_洪水扰动下交通-网络韧性与公平性_SCS_Natural_Hazards\GPT数据\Nature Portfolio_Project\01_前期数据支撑\ScientificReports_JB_Flood_Healthcare_Accessibility\qc\D08\D08_Step1_QC_Report.txt,D:\OneDrive\桌面\论文\2027年投稿期刊\论文项目\07_JB医疗可达性_洪水扰动下交通-网络韧性与公平性_SCS_Natural_Hazards\GPT数据\Nature Portfolio_Project\01_前期数据支撑\ScientificReports_JB_Flood_Healthcare_Accessibility\qc\D08\D08_Step1_QC_Report.txt,original,Exact duplicate verified by identical file size and SHA-256 checksum.
b3cb7857b225532cf12a540e7cb1aa55a904fdc5a7d931d9264dcff020a1bdc5,10428,3,D:\OneDrive\桌面\论文\2027年投稿期刊\论文项目\07_JB医疗可达性_洪水扰动下交通-网络韧性与公平性_SCS_Natural_Hazards\GPT数据\JB_Flood_Healthcare_Accessibility_Research\03_Nature_Portfolio_Project\Supporting_Information\Data_Tables\D08_Step1_QC_Report.txt,D:\OneDrive\桌面\论文\2027年投稿期刊\论文项目\07_JB医疗可达性_洪水扰动下交通-网络韧性与公平性_SCS_Natural_Hazards\GPT数据\_Organization_Working\Archive_Extractions\8ce6105b5f178931\08_VALIDATION\D08_Step1_QC_Report.txt,D:\OneDrive\桌面\论文\2027年投稿期刊\论文项目\07_JB医疗可达性_洪水扰动下交通-网络韧性与公平性_SCS_Natural_Hazards\GPT数据\Nature Portfolio_Project\01_前期数据支撑\08_D08_ACCESSIBILITY_IMPACT\PACKAGES\D08_Step1_2025_Observed_Closure_Accessibility_v0.1.zip,extracted,Exact duplicate verified by identical file size and SHA-256 checksum.
8da7ab0679725808a3c86bf98595a4760f07efefb374d4f08476b1da8ccd876b,956,3,D:\OneDrive\桌面\论文\2027年投稿期刊\论文项目\07_JB医疗可达性_洪水扰动下交通-网络韧性与公平性_SCS_Natural_Hazards\GPT数据\JB_Flood_Healthcare_Accessibility_Research\03_Nature_Portfolio_Project\Supporting_Information\Data_Tables\D08_Criticality_Rank_Robustness.csv,D:\OneDrive\桌面\论文\2027年投稿期刊\论文项目\07_JB医疗可达性_洪水扰动下交通-网络韧性与公平性_SCS_Natural_Hazards\GPT数据\Nature Portfolio_Project\01_前期数据支撑\ScientificReports_JB_Flood_Healthcare_Accessibility\tables\D08\D08_Criticality_Rank_Robustness.csv,D:\OneDrive\桌面\论文\2027年投稿期刊\论文项目\07_JB医疗可达性_洪水扰动下交通-网络韧性与公平性_SCS_Natural_Hazards\GPT数据\Nature Portfolio_Project\01_前期数据支撑\ScientificReports_JB_Flood_Healthcare_Accessibility\tables\D08\D08_Criticality_Rank_Robustness.csv,original,Exact duplicate verified by identical file size and SHA-256 checksum.
8da7ab0679725808a3c86bf98595a4760f07efefb374d4f08476b1da8ccd876b,956,3,D:\OneDrive\桌面\论文\2027年投稿期刊\论文项目\07_JB医疗可达性_洪水扰动下交通-网络韧性与公平性_SCS_Natural_Hazards\GPT数据\JB_Flood_Healthcare_Accessibility_Research\03_Nature_Portfolio_Project\Supporting_Information\Data_Tables\D08_Criticality_Rank_Robustness.csv,D:\OneDrive\桌面\论文\2027年投稿期刊\论文项目\07_JB医疗可达性_洪水扰动下交通-网络韧性与公平性_SCS_Natural_Hazards\GPT数据\_Organization_Working\Archive_Extractions\fe5520d767139c3a\01_SENSITIVITY\D08_Criticality_Rank_Robustness.csv,D:\OneDrive\桌面\论文\2027年投稿期刊\论文项目\07_JB医疗可达性_洪水扰动下交通-网络韧性与公平性_SCS_Natural_Hazards\GPT数据\Nature Portfolio_Project\01_前期数据支撑\08_D08_ACCESSIBILITY_IMPACT\PACKAGES\D08_Sensitivity_and_FloodSusceptibility_GIS_v1.0.zip,extracted,Exact duplicate verified by identical file size and SHA-256 checksum.
c8adbdf67fbfd764b019e9ac5aa896df33aa802dff7651354d86fb9e7fc4106e,6869,3,D:\OneDrive\桌面\论文\2027年投稿期刊\论文项目\07_JB医疗可达性_洪水扰动下交通-网络韧性与公平性_SCS_Natural_Hazards\GPT数据\JB_Flood_Healthcare_Accessibility_Research\03_Nature_Portfolio_Project\Supporting_Information\Data_Tables\D08_MAR20_27Combination_Sensitivity.csv,D:\OneDrive\桌面\论文\2027年投稿期刊\论文项目\07_JB医疗可达性_洪水扰动下交通-网络韧性与公平性_SCS_Natural_Hazards\GPT数据\Nature Portfolio_Project\01_前期数据支撑\ScientificReports_JB_Flood_Healthcare_Accessibility\tables\D08\D08_MAR20_27Combination_Sensitivity.csv,D:\OneDrive\桌面\论文\2027年投稿期刊\论文项目\07_JB医疗可达性_洪水扰动下交通-网络韧性与公平性_SCS_Natural_Hazards\GPT数据\Nature Portfolio_Project\01_前期数据支撑\ScientificReports_JB_Flood_Healthcare_Accessibility\tables\D08\D08_MAR20_27Combination_Sensitivity.csv,original,Exact duplicate verified by identical file size and SHA-256 checksum.
c8adbdf67fbfd764b019e9ac5aa896df33aa802dff7651354d86fb9e7fc4106e,6869,3,D:\OneDrive\桌面\论文\2027年投稿期刊\论文项目\07_JB医疗可达性_洪水扰动下交通-网络韧性与公平性_SCS_Natural_Hazards\GPT数据\JB_Flood_Healthcare_Accessibility_Research\03_Nature_Portfolio_Project\Supporting_Information\Data_Tables\D08_MAR20_27Combination_Sensitivity.csv,D:\OneDrive\桌面\论文\2027年投稿期刊\论文项目\07_JB医疗可达性_洪水扰动下交通-网络韧性与公平性_SCS_Natural_Hazards\GPT数据\_Organization_Working\Archive_Extractions\fe5520d767139c3a\01_SENSITIVITY\D08_MAR20_27Combination_Sensitivity.csv,D:\OneDrive\桌面\论文\2027年投稿期刊\论文项目\07_JB医疗可达性_洪水扰动下交通-网络韧性与公平性_SCS_Natural_Hazards\GPT数据\Nature Portfolio_Project\01_前期数据支撑\08_D08_ACCESSIBILITY_IMPACT\PACKAGES\D08_Sensitivity_and_FloodSusceptibility_GIS_v1.0.zip,extracted,Exact duplicate verified by identical file size and SHA-256 checksum.
78a7c69dd84f73808b948dcff92511f3dc419da871250c3133134a80afbb28db,2243,3,D:\OneDrive\桌面\论文\2027年投稿期刊\论文项目\07_JB医疗可达性_洪水扰动下交通-网络韧性与公平性_SCS_Natural_Hazards\GPT数据\JB_Flood_Healthcare_Accessibility_Research\03_Nature_Portfolio_Project\Supporting_Information\Data_Tables\D08_SingleClosure_Shift_Sensitivity.csv,D:\OneDrive\桌面\论文\2027年投稿期刊\论文项目\07_JB医疗可达性_洪水扰动下交通-网络韧性与公平性_SCS_Natural_Hazards\GPT数据\Nature Portfolio_Project\01_前期数据支撑\ScientificReports_JB_Flood_Healthcare_Accessibility\tables\D08\D08_SingleClosure_Shift_Sensitivity.csv,D:\OneDrive\桌面\论文\2027年投稿期刊\论文项目\07_JB医疗可达性_洪水扰动下交通-网络韧性与公平性_SCS_Natural_Hazards\GPT数据\Nature Portfolio_Project\01_前期数据支撑\ScientificReports_JB_Flood_Healthcare_Accessibility\tables\D08\D08_SingleClosure_Shift_Sensitivity.csv,original,Exact duplicate verified by identical file size and SHA-256 checksum.
78a7c69dd84f73808b948dcff92511f3dc419da871250c3133134a80afbb28db,2243,3,D:\OneDrive\桌面\论文\2027年投稿期刊\论文项目\07_JB医疗可达性_洪水扰动下交通-网络韧性与公平性_SCS_Natural_Hazards\GPT数据\JB_Flood_Healthcare_Accessibility_Research\03_Nature_Portfolio_Project\Supporting_Information\Data_Tables\D08_SingleClosure_Shift_Sensitivity.csv,D:\OneDrive\桌面\论文\2027年投稿期刊\论文项目\07_JB医疗可达性_洪水扰动下交通-网络韧性与公平性_SCS_Natural_Hazards\GPT数据\_Organization_Working\Archive_Extractions\fe5520d767139c3a\01_SENSITIVITY\D08_SingleClosure_Shift_Sensitivity.csv,D:\OneDrive\桌面\论文\2027年投稿期刊\论文项目\07_JB医疗可达性_洪水扰动下交通-网络韧性与公平性_SCS_Natural_Hazards\GPT数据\Nature Portfolio_Project\01_前期数据支撑\08_D08_ACCESSIBILITY_IMPACT\PACKAGES\D08_Sensitivity_and_FloodSusceptibility_GIS_v1.0.zip,extracted,Exact duplicate verified by identical file size and SHA-256 checksum.
e5385485e30e1cd8dca03b923adca84c441f80e09c5a02bc94146aca76df32b3,1275,3,D:\OneDrive\桌面\论文\2027年投稿期刊\论文项目\07_JB医疗可达性_洪水扰动下交通-网络韧性与公平性_SCS_Natural_Hazards\GPT数据\JB_Flood_Healthcare_Accessibility_Research\03_Nature_Portfolio_Project\Supporting_Information\Data_Tables\D08_Single_Closure_Attribution.csv,D:\OneDrive\桌面\论文\2027年投稿期刊\论文项目\07_JB医疗可达性_洪水扰动下交通-网络韧性与公平性_SCS_Natural_Hazards\GPT数据\Nature Portfolio_Project\01_前期数据支撑\ScientificReports_JB_Flood_Healthcare_Accessibility\tables\D08\D08_Single_Closure_Attribution.csv,D:\OneDrive\桌面\论文\2027年投稿期刊\论文项目\07_JB医疗可达性_洪水扰动下交通-网络韧性与公平性_SCS_Natural_Hazards\GPT数据\Nature Portfolio_Project\01_前期数据支撑\ScientificReports_JB_Flood_Healthcare_Accessibility\tables\D08\D08_Single_Closure_Attribution.csv,original,Exact duplicate verified by identical file size and SHA-256 checksum.
e5385485e30e1cd8dca03b923adca84c441f80e09c5a02bc94146aca76df32b3,1275,3,D:\OneDrive\桌面\论文\2027年投稿期刊\论文项目\07_JB医疗可达性_洪水扰动下交通-网络韧性与公平性_SCS_Natural_Hazards\GPT数据\JB_Flood_Healthcare_Accessibility_Research\03_Nature_Portfolio_Project\Supporting_Information\Data_Tables\D08_Single_Closure_Attribution.csv,D:\OneDrive\桌面\论文\2027年投稿期刊\论文项目\07_JB医疗可达性_洪水扰动下交通-网络韧性与公平性_SCS_Natural_Hazards\GPT数据\_Organization_Working\Archive_Extractions\8ce6105b5f178931\03_GLOBAL_SUMMARY\D08_Single_Closure_Attribution.csv,D:\OneDrive\桌面\论文\2027年投稿期刊\论文项目\07_JB医疗可达性_洪水扰动下交通-网络韧性与公平性_SCS_Natural_Hazards\GPT数据\Nature Portfolio_Project\01_前期数据支撑\08_D08_ACCESSIBILITY_IMPACT\PACKAGES\D08_Step1_2025_Observed_Closure_Accessibility_v0.1.zip,extracted,Exact duplicate verified by identical file size and SHA-256 checksum.
1776c6beb7c7b4b8068450e25162512301ba188ab4662498361e75c4a1b829cd,6067,3,D:\OneDrive\桌面\论文\2027年投稿期刊\论文项目\07_JB医疗可达性_洪水扰动下交通-网络韧性与公平性_SCS_Natural_Hazards\GPT数据\JB_Flood_Healthcare_Accessibility_Research\03_Nature_Portfolio_Project\Supporting_Information\Data_Tables\D08_Subdistrict_Accessibility_Impact.csv,D:\OneDrive\桌面\论文\2027年投稿期刊\论文项目\07_JB医疗可达性_洪水扰动下交通-网络韧性与公平性_SCS_Natural_Hazards\GPT数据\Nature Portfolio_Project\01_前期数据支撑\ScientificReports_JB_Flood_Healthcare_Accessibility\tables\D08\D08_Subdistrict_Accessibility_Impact.csv,D:\OneDrive\桌面\论文\2027年投稿期刊\论文项目\07_JB医疗可达性_洪水扰动下交通-网络韧性与公平性_SCS_Natural_Hazards\GPT数据\Nature Portfolio_Project\01_前期数据支撑\ScientificReports_JB_Flood_Healthcare_Accessibility\tables\D08\D08_Subdistrict_Accessibility_Impact.csv,original,Exact duplicate verified by identical file size and SHA-256 checksum.
1776c6beb7c7b4b8068450e25162512301ba188ab4662498361e75c4a1b829cd,6067,3,D:\OneDrive\桌面\论文\2027年投稿期刊\论文项目\07_JB医疗可达性_洪水扰动下交通-网络韧性与公平性_SCS_Natural_Hazards\GPT数据\JB_Flood_Healthcare_Accessibility_Research\03_Nature_Portfolio_Project\Supporting_Information\Data_Tables\D08_Subdistrict_Accessibility_Impact.csv,D:\OneDrive\桌面\论文\2027年投稿期刊\论文项目\07_JB医疗可达性_洪水扰动下交通-网络韧性与公平性_SCS_Natural_Hazards\GPT数据\_Organization_Working\Archive_Extractions\8ce6105b5f178931\04_SUBDISTRICT\D08_Subdistrict_Accessibility_Impact.csv,D:\OneDrive\桌面\论文\2027年投稿期刊\论文项目\07_JB医疗可达性_洪水扰动下交通-网络韧性与公平性_SCS_Natural_Hazards\GPT数据\Nature Portfolio_Project\01_前期数据支撑\08_D08_ACCESSIBILITY_IMPACT\PACKAGES\D08_Step1_2025_Observed_Closure_Accessibility_v0.1.zip,extracted,Exact duplicate verified by identical file size and SHA-256 checksum.
c90cdeea666b0be8d7c6ed4fcdde923a8dae3464a1e38789184dabf19689447b,65460,3,D:\OneDrive\桌面\论文\2027年投稿期刊\论文项目\07_JB医疗可达性_洪水扰动下交通-网络韧性与公平性_SCS_Natural_Hazards\GPT数据\JB_Flood_Healthcare_Accessibility_Research\03_Nature_Portfolio_Project\Supporting_Information\Data_Tables\D09_NetworkWide_Corridor_Priority_Summary.csv,D:\OneDrive\桌面\论文\2027年投稿期刊\论文项目\07_JB医疗可达性_洪水扰动下交通-网络韧性与公平性_SCS_Natural_Hazards\GPT数据\Nature Portfolio_Project\01_前期数据支撑\ScientificReports_JB_Flood_Healthcare_Accessibility\qc\D09\D09_NetworkWide_Corridor_Priority_Summary.csv,D:\OneDrive\桌面\论文\2027年投稿期刊\论文项目\07_JB医疗可达性_洪水扰动下交通-网络韧性与公平性_SCS_Natural_Hazards\GPT数据\Nature Portfolio_Project\01_前期数据支撑\ScientificReports_JB_Flood_Healthcare_Accessibility\qc\D09\D09_NetworkWide_Corridor_Priority_Summary.csv,original,Exact duplicate verified by identical file size and SHA-256 checksum.
c90cdeea666b0be8d7c6ed4fcdde923a8dae3464a1e38789184dabf19689447b,65460,3,D:\OneDrive\桌面\论文\2027年投稿期刊\论文项目\07_JB医疗可达性_洪水扰动下交通-网络韧性与公平性_SCS_Natural_Hazards\GPT数据\JB_Flood_Healthcare_Accessibility_Research\03_Nature_Portfolio_Project\Supporting_Information\Data_Tables\D09_NetworkWide_Corridor_Priority_Summary.csv,D:\OneDrive\桌面\论文\2027年投稿期刊\论文项目\07_JB医疗可达性_洪水扰动下交通-网络韧性与公平性_SCS_Natural_Hazards\GPT数据\_Organization_Working\Archive_Extractions\0805cdcc396f7409\02_PRIORITY\D09_NetworkWide_Corridor_Priority_Summary.csv,D:\OneDrive\桌面\论文\2027年投稿期刊\论文项目\07_JB医疗可达性_洪水扰动下交通-网络韧性与公平性_SCS_Natural_Hazards\GPT数据\Nature Portfolio_Project\01_前期数据支撑\09_D09_CRITICAL_ROAD_PRIORITY\PACKAGES\D09_FloodSusceptibility_CriticalRoadPriority_v1.0.zip,extracted,Exact duplicate verified by identical file size and SHA-256 checksum.
d5a77cf7e058eadea8a0c08f7096b83677810a9c040cf437d59891a7666f0935,2014,3,D:\OneDrive\桌面\论文\2027年投稿期刊\论文项目\07_JB医疗可达性_洪水扰动下交通-网络韧性与公平性_SCS_Natural_Hazards\GPT数据\JB_Flood_Healthcare_Accessibility_Research\03_Nature_Portfolio_Project\Supporting_Information\Data_Tables\D09_Top_NonObserved_FuturePreparedness_Corridors.csv,D:\OneDrive\桌面\论文\2027年投稿期刊\论文项目\07_JB医疗可达性_洪水扰动下交通-网络韧性与公平性_SCS_Natural_Hazards\GPT数据\Nature Portfolio_Project\01_前期数据支撑\ScientificReports_JB_Flood_Healthcare_Accessibility\tables\D09\D09_Top_NonObserved_FuturePreparedness_Corridors.csv,D:\OneDrive\桌面\论文\2027年投稿期刊\论文项目\07_JB医疗可达性_洪水扰动下交通-网络韧性与公平性_SCS_Natural_Hazards\GPT数据\Nature Portfolio_Project\01_前期数据支撑\ScientificReports_JB_Flood_Healthcare_Accessibility\tables\D09\D09_Top_NonObserved_FuturePreparedness_Corridors.csv,original,Exact duplicate verified by identical file size and SHA-256 checksum.
d5a77cf7e058eadea8a0c08f7096b83677810a9c040cf437d59891a7666f0935,2014,3,D:\OneDrive\桌面\论文\2027年投稿期刊\论文项目\07_JB医疗可达性_洪水扰动下交通-网络韧性与公平性_SCS_Natural_Hazards\GPT数据\JB_Flood_Healthcare_Accessibility_Research\03_Nature_Portfolio_Project\Supporting_Information\Data_Tables\D09_Top_NonObserved_FuturePreparedness_Corridors.csv,D:\OneDrive\桌面\论文\2027年投稿期刊\论文项目\07_JB医疗可达性_洪水扰动下交通-网络韧性与公平性_SCS_Natural_Hazards\GPT数据\_Organization_Working\Archive_Extractions\0805cdcc396f7409\02_PRIORITY\D09_Top_NonObserved_FuturePreparedness_Corridors.csv,D:\OneDrive\桌面\论文\2027年投稿期刊\论文项目\07_JB医疗可达性_洪水扰动下交通-网络韧性与公平性_SCS_Natural_Hazards\GPT数据\Nature Portfolio_Project\01_前期数据支撑\09_D09_CRITICAL_ROAD_PRIORITY\PACKAGES\D09_FloodSusceptibility_CriticalRoadPriority_v1.0.zip,extracted,Exact duplicate verified by identical file size and SHA-256 checksum.
e32d0a96d629211fc38fc0e17131ae09fa8c97f7e558457804ed6eeb9cac1afd,64404512,3,D:\OneDrive\桌面\论文\2027年投稿期刊\论文项目\07_JB医疗可达性_洪水扰动下交通-网络韧性与公平性_SCS_Natural_Hazards\GPT数据\JB_Flood_Healthcare_Accessibility_Research\03_Nature_Portfolio_Project\Supporting_Information\Data_Tables\D09_RoadSegment_CRPI.csv,D:\OneDrive\桌面\论文\2027年投稿期刊\论文项目\07_JB医疗可达性_洪水扰动下交通-网络韧性与公平性_SCS_Natural_Hazards\GPT数据\Nature Portfolio_Project\01_前期数据支撑\ScientificReports_JB_Flood_Healthcare_Accessibility\tables\D09\D09_RoadSegment_CRPI.csv,D:\OneDrive\桌面\论文\2027年投稿期刊\论文项目\07_JB医疗可达性_洪水扰动下交通-网络韧性与公平性_SCS_Natural_Hazards\GPT数据\Nature Portfolio_Project\01_前期数据支撑\ScientificReports_JB_Flood_Healthcare_Accessibility\tables\D09\D09_RoadSegment_CRPI.csv,original,Exact duplicate verified by identical file size and SHA-256 checksum.
e32d0a96d629211fc38fc0e17131ae09fa8c97f7e558457804ed6eeb9cac1afd,64404512,3,D:\OneDrive\桌面\论文\2027年投稿期刊\论文项目\07_JB医疗可达性_洪水扰动下交通-网络韧性与公平性_SCS_Natural_Hazards\GPT数据\JB_Flood_Healthcare_Accessibility_Research\03_Nature_Portfolio_Project\Supporting_Information\Data_Tables\D09_RoadSegment_CRPI.csv,D:\OneDrive\桌面\论文\2027年投稿期刊\论文项目\07_JB医疗可达性_洪水扰动下交通-网络韧性与公平性_SCS_Natural_Hazards\GPT数据\_Organization_Working\Archive_Extractions\0805cdcc396f7409\02_PRIORITY\D09_RoadSegment_CRPI.csv,D:\OneDrive\桌面\论文\2027年投稿期刊\论文项目\07_JB医疗可达性_洪水扰动下交通-网络韧性与公平性_SCS_Natural_Hazards\GPT数据\Nature Portfolio_Project\01_前期数据支撑\09_D09_CRITICAL_ROAD_PRIORITY\PACKAGES\D09_FloodSusceptibility_CriticalRoadPriority_v1.0.zip,extracted,Exact duplicate verified by identical file size and SHA-256 checksum.
419da818dad18a5001b2604febfb41e26e1853deaefa530f2a6c557c8745fd12,283867,3,D:\OneDrive\桌面\论文\2027年投稿期刊\论文项目\07_JB医疗可达性_洪水扰动下交通-网络韧性与公平性_SCS_Natural_Hazards\GPT数据\JB_Flood_Healthcare_Accessibility_Research\03_Nature_Portfolio_Project\Figures\Images\D09_CRPI_Priority_Map.png,D:\OneDrive\桌面\论文\2027年投稿期刊\论文项目\07_JB医疗可达性_洪水扰动下交通-网络韧性与公平性_SCS_Natural_Hazards\GPT数据\Nature Portfolio_Project\01_前期数据支撑\ScientificReports_JB_Flood_Healthcare_Accessibility\figures\results\D09_CRPI_Priority_Map.png,D:\OneDrive\桌面\论文\2027年投稿期刊\论文项目\07_JB医疗可达性_洪水扰动下交通-网络韧性与公平性_SCS_Natural_Hazards\GPT数据\Nature Portfolio_Project\01_前期数据支撑\ScientificReports_JB_Flood_Healthcare_Accessibility\figures\results\D09_CRPI_Priority_Map.png,original,Exact duplicate verified by identical file size and SHA-256 checksum.
419da818dad18a5001b2604febfb41e26e1853deaefa530f2a6c557c8745fd12,283867,3,D:\OneDrive\桌面\论文\2027年投稿期刊\论文项目\07_JB医疗可达性_洪水扰动下交通-网络韧性与公平性_SCS_Natural_Hazards\GPT数据\JB_Flood_Healthcare_Accessibility_Research\03_Nature_Portfolio_Project\Figures\Images\D09_CRPI_Priority_Map.png,D:\OneDrive\桌面\论文\2027年投稿期刊\论文项目\07_JB医疗可达性_洪水扰动下交通-网络韧性与公平性_SCS_Natural_Hazards\GPT数据\_Organization_Working\Archive_Extractions\0805cdcc396f7409\04_FIGURES\D09_CRPI_Priority_Map.png,D:\OneDrive\桌面\论文\2027年投稿期刊\论文项目\07_JB医疗可达性_洪水扰动下交通-网络韧性与公平性_SCS_Natural_Hazards\GPT数据\Nature Portfolio_Project\01_前期数据支撑\09_D09_CRITICAL_ROAD_PRIORITY\PACKAGES\D09_FloodSusceptibility_CriticalRoadPriority_v1.0.zip,extracted,Exact duplicate verified by identical file size and SHA-256 checksum.
c16ab560c8764f1eb41dfc9fa7a7740f7e00062941603e912e41458f98d64d81,154307,3,D:\OneDrive\桌面\论文\2027年投稿期刊\论文项目\07_JB医疗可达性_洪水扰动下交通-网络韧性与公平性_SCS_Natural_Hazards\GPT数据\JB_Flood_Healthcare_Accessibility_Research\03_Nature_Portfolio_Project\Figures\Images\D09_Susceptibility_Criticality_Matrix.png,D:\OneDrive\桌面\论文\2027年投稿期刊\论文项目\07_JB医疗可达性_洪水扰动下交通-网络韧性与公平性_SCS_Natural_Hazards\GPT数据\Nature Portfolio_Project\01_前期数据支撑\ScientificReports_JB_Flood_Healthcare_Accessibility\figures\results\D09_Susceptibility_Criticality_Matrix.png,D:\OneDrive\桌面\论文\2027年投稿期刊\论文项目\07_JB医疗可达性_洪水扰动下交通-网络韧性与公平性_SCS_Natural_Hazards\GPT数据\Nature Portfolio_Project\01_前期数据支撑\ScientificReports_JB_Flood_Healthcare_Accessibility\figures\results\D09_Susceptibility_Criticality_Matrix.png,original,Exact duplicate verified by identical file size and SHA-256 checksum.
c16ab560c8764f1eb41dfc9fa7a7740f7e00062941603e912e41458f98d64d81,154307,3,D:\OneDrive\桌面\论文\2027年投稿期刊\论文项目\07_JB医疗可达性_洪水扰动下交通-网络韧性与公平性_SCS_Natural_Hazards\GPT数据\JB_Flood_Healthcare_Accessibility_Research\03_Nature_Portfolio_Project\Figures\Images\D09_Susceptibility_Criticality_Matrix.png,D:\OneDrive\桌面\论文\2027年投稿期刊\论文项目\07_JB医疗可达性_洪水扰动下交通-网络韧性与公平性_SCS_Natural_Hazards\GPT数据\_Organization_Working\Archive_Extractions\0805cdcc396f7409\04_FIGURES\D09_Susceptibility_Criticality_Matrix.png,D:\OneDrive\桌面\论文\2027年投稿期刊\论文项目\07_JB医疗可达性_洪水扰动下交通-网络韧性与公平性_SCS_Natural_Hazards\GPT数据\Nature Portfolio_Project\01_前期数据支撑\09_D09_CRITICAL_ROAD_PRIORITY\PACKAGES\D09_FloodSusceptibility_CriticalRoadPriority_v1.0.zip,extracted,Exact duplicate verified by identical file size and SHA-256 checksum.
3a191bb6015592a68e589724cc07f46c892bcb3feb721e5b8f1349f76b0cfea8,2123,3,D:\OneDrive\桌面\论文\2027年投稿期刊\论文项目\07_JB医疗可达性_洪水扰动下交通-网络韧性与公平性_SCS_Natural_Hazards\GPT数据\JB_Flood_Healthcare_Accessibility_Research\03_Nature_Portfolio_Project\Submission_Materials\Data_Tables\D09_Observed2025_Recovery_Priority.csv,D:\OneDrive\桌面\论文\2027年投稿期刊\论文项目\07_JB医疗可达性_洪水扰动下交通-网络韧性与公平性_SCS_Natural_Hazards\GPT数据\Nature Portfolio_Project\01_前期数据支撑\ScientificReports_JB_Flood_Healthcare_Accessibility\tables\D09\D09_Observed2025_Recovery_Priority.csv,D:\OneDrive\桌面\论文\2027年投稿期刊\论文项目\07_JB医疗可达性_洪水扰动下交通-网络韧性与公平性_SCS_Natural_Hazards\GPT数据\Nature Portfolio_Project\01_前期数据支撑\ScientificReports_JB_Flood_Healthcare_Accessibility\tables\D09\D09_Observed2025_Recovery_Priority.csv,original,Exact duplicate verified by identical file size and SHA-256 checksum.
3a191bb6015592a68e589724cc07f46c892bcb3feb721e5b8f1349f76b0cfea8,2123,3,D:\OneDrive\桌面\论文\2027年投稿期刊\论文项目\07_JB医疗可达性_洪水扰动下交通-网络韧性与公平性_SCS_Natural_Hazards\GPT数据\JB_Flood_Healthcare_Accessibility_Research\03_Nature_Portfolio_Project\Submission_Materials\Data_Tables\D09_Observed2025_Recovery_Priority.csv,D:\OneDrive\桌面\论文\2027年投稿期刊\论文项目\07_JB医疗可达性_洪水扰动下交通-网络韧性与公平性_SCS_Natural_Hazards\GPT数据\_Organization_Working\Archive_Extractions\0805cdcc396f7409\02_PRIORITY\D09_Observed2025_Recovery_Priority.csv,D:\OneDrive\桌面\论文\2027年投稿期刊\论文项目\07_JB医疗可达性_洪水扰动下交通-网络韧性与公平性_SCS_Natural_Hazards\GPT数据\Nature Portfolio_Project\01_前期数据支撑\09_D09_CRITICAL_ROAD_PRIORITY\PACKAGES\D09_FloodSusceptibility_CriticalRoadPriority_v1.0.zip,extracted,Exact duplicate verified by identical file size and SHA-256 checksum.
e8072d9a699e6682dca39b4903cafc59a79d9f4ee71e0922b4c18fecc6b1e0e8,8868,4,D:\OneDrive\桌面\论文\2027年投稿期刊\论文项目\07_JB医疗可达性_洪水扰动下交通-网络韧性与公平性_SCS_Natural_Hazards\GPT数据\JB_Flood_Healthcare_Accessibility_Research\03_Nature_Portfolio_Project\Supporting_Information\Data_Tables\D09_QC_Report.txt,D:\OneDrive\桌面\论文\2027年投稿期刊\论文项目\07_JB医疗可达性_洪水扰动下交通-网络韧性与公平性_SCS_Natural_Hazards\GPT数据\Nature Portfolio_Project\01_前期数据支撑\ScientificReports_JB_Flood_Healthcare_Accessibility\qc\D09\D09_QC_Report.txt,D:\OneDrive\桌面\论文\2027年投稿期刊\论文项目\07_JB医疗可达性_洪水扰动下交通-网络韧性与公平性_SCS_Natural_Hazards\GPT数据\Nature Portfolio_Project\01_前期数据支撑\ScientificReports_JB_Flood_Healthcare_Accessibility\qc\D09\D09_QC_Report.txt,original,Exact duplicate verified by identical file size and SHA-256 checksum.
e8072d9a699e6682dca39b4903cafc59a79d9f4ee71e0922b4c18fecc6b1e0e8,8868,4,D:\OneDrive\桌面\论文\2027年投稿期刊\论文项目\07_JB医疗可达性_洪水扰动下交通-网络韧性与公平性_SCS_Natural_Hazards\GPT数据\JB_Flood_Healthcare_Accessibility_Research\03_Nature_Portfolio_Project\Supporting_Information\Data_Tables\D09_QC_Report.txt,D:\OneDrive\桌面\论文\2027年投稿期刊\论文项目\07_JB医疗可达性_洪水扰动下交通-网络韧性与公平性_SCS_Natural_Hazards\GPT数据\_Organization_Working\Archive_Extractions\0805cdcc396f7409\05_VALIDATION\D09_QC_Report.txt,D:\OneDrive\桌面\论文\2027年投稿期刊\论文项目\07_JB医疗可达性_洪水扰动下交通-网络韧性与公平性_SCS_Natural_Hazards\GPT数据\Nature Portfolio_Project\01_前期数据支撑\09_D09_CRITICAL_ROAD_PRIORITY\PACKAGES\D09_FloodSusceptibility_CriticalRoadPriority_v1.0.zip,extracted,Exact duplicate verified by identical file size and SHA-256 checksum.
e8072d9a699e6682dca39b4903cafc59a79d9f4ee71e0922b4c18fecc6b1e0e8,8868,4,D:\OneDrive\桌面\论文\2027年投稿期刊\论文项目\07_JB医疗可达性_洪水扰动下交通-网络韧性与公平性_SCS_Natural_Hazards\GPT数据\JB_Flood_Healthcare_Accessibility_Research\03_Nature_Portfolio_Project\Supporting_Information\Data_Tables\D09_QC_Report.txt,D:\OneDrive\桌面\论文\2027年投稿期刊\论文项目\07_JB医疗可达性_洪水扰动下交通-网络韧性与公平性_SCS_Natural_Hazards\GPT数据\_Organization_Working\Archive_Extractions\102d9c7b8d8ef24b\08_D09_SOURCE_SNAPSHOT\D09_QC_Report.txt,D:\OneDrive\桌面\论文\2027年投稿期刊\论文项目\07_JB医疗可达性_洪水扰动下交通-网络韧性与公平性_SCS_Natural_Hazards\GPT数据\绘图支撑数据\JB_STEP4_D09_HistoricalZone_Validation_v1.0.zip,extracted,Exact duplicate verified by identical file size and SHA-256 checksum.
d6c7bd97df4a039cd4bc95ac0b4f8f28f0553882f5cb882e68d8efd34bffecc7,294912,4,D:\OneDrive\桌面\论文\2027年投稿期刊\论文项目\07_JB医疗可达性_洪水扰动下交通-网络韧性与公平性_SCS_Natural_Hazards\GPT数据\JB_Flood_Healthcare_Accessibility_Research\03_Nature_Portfolio_Project\Submission_Materials\Geospatial_Data\D10_RecoveryBenefit_SpatialEquity_RSO.gpkg,D:\OneDrive\桌面\论文\2027年投稿期刊\论文项目\07_JB医疗可达性_洪水扰动下交通-网络韧性与公平性_SCS_Natural_Hazards\GPT数据\Nature Portfolio_Project\01_前期数据支撑\ScientificReports_JB_Flood_Healthcare_Accessibility\gis\recovery\D10_RecoveryBenefit_SpatialEquity_RSO.gpkg,D:\OneDrive\桌面\论文\2027年投稿期刊\论文项目\07_JB医疗可达性_洪水扰动下交通-网络韧性与公平性_SCS_Natural_Hazards\GPT数据\Nature Portfolio_Project\01_前期数据支撑\ScientificReports_JB_Flood_Healthcare_Accessibility\gis\recovery\D10_RecoveryBenefit_SpatialEquity_RSO.gpkg,original,Exact duplicate verified by identical file size and SHA-256 checksum.
d6c7bd97df4a039cd4bc95ac0b4f8f28f0553882f5cb882e68d8efd34bffecc7,294912,4,D:\OneDrive\桌面\论文\2027年投稿期刊\论文项目\07_JB医疗可达性_洪水扰动下交通-网络韧性与公平性_SCS_Natural_Hazards\GPT数据\JB_Flood_Healthcare_Accessibility_Research\03_Nature_Portfolio_Project\Submission_Materials\Geospatial_Data\D10_RecoveryBenefit_SpatialEquity_RSO.gpkg,D:\OneDrive\桌面\论文\2027年投稿期刊\论文项目\07_JB医疗可达性_洪水扰动下交通-网络韧性与公平性_SCS_Natural_Hazards\GPT数据\_Organization_Working\Archive_Extractions\1550b0707c8dcb07\04_GIS\D10_RecoveryBenefit_SpatialEquity_RSO.gpkg,D:\OneDrive\桌面\论文\2027年投稿期刊\论文项目\07_JB医疗可达性_洪水扰动下交通-网络韧性与公平性_SCS_Natural_Hazards\GPT数据\Nature Portfolio_Project\01_前期数据支撑\10_D10_SPATIAL_EQUITY_RECOVERY\PACKAGES\D10_SpatialEquity_RecoveryBenefit_v1.0.zip,extracted,Exact duplicate verified by identical file size and SHA-256 checksum.
d6c7bd97df4a039cd4bc95ac0b4f8f28f0553882f5cb882e68d8efd34bffecc7,294912,4,D:\OneDrive\桌面\论文\2027年投稿期刊\论文项目\07_JB医疗可达性_洪水扰动下交通-网络韧性与公平性_SCS_Natural_Hazards\GPT数据\JB_Flood_Healthcare_Accessibility_Research\03_Nature_Portfolio_Project\Submission_Materials\Geospatial_Data\D10_RecoveryBenefit_SpatialEquity_RSO.gpkg,D:\OneDrive\桌面\论文\2027年投稿期刊\论文项目\07_JB医疗可达性_洪水扰动下交通-网络韧性与公平性_SCS_Natural_Hazards\GPT数据\_Organization_Working\Archive_Extractions\2fc63964d4111967\ARCHIVE_MISSING_RECOVERY_BUNDLE_20261005\10_D10_SPATIAL_EQUITY_RECOVERY\GIS\D10_RecoveryBenefit_SpatialEquity_RSO.gpkg,D:\OneDrive\桌面\论文\2027年投稿期刊\论文项目\07_JB医疗可达性_洪水扰动下交通-网络韧性与公平性_SCS_Natural_Hazards\GPT数据\Nature Portfolio_Project\01_前期数据支撑\99_DUPLICATES_REVIEW\ARCHIVE_MISSING_RECOVERY_BUNDLE_20261005.zip,extracted,Exact duplicate verified by identical file size and SHA-256 checksum.
1dfa89bb61d5e7b33bf9bf7ef49006ea0c4d787818e79744de78cd157c3361b7,11165,3,D:\OneDrive\桌面\论文\2027年投稿期刊\论文项目\07_JB医疗可达性_洪水扰动下交通-网络韧性与公平性_SCS_Natural_Hazards\GPT数据\JB_Flood_Healthcare_Accessibility_Research\03_Nature_Portfolio_Project\Submission_Materials\Data_Tables\D10_QC_Report.txt,D:\OneDrive\桌面\论文\2027年投稿期刊\论文项目\07_JB医疗可达性_洪水扰动下交通-网络韧性与公平性_SCS_Natural_Hazards\GPT数据\Nature Portfolio_Project\01_前期数据支撑\ScientificReports_JB_Flood_Healthcare_Accessibility\qc\D10\D10_QC_Report.txt,D:\OneDrive\桌面\论文\2027年投稿期刊\论文项目\07_JB医疗可达性_洪水扰动下交通-网络韧性与公平性_SCS_Natural_Hazards\GPT数据\Nature Portfolio_Project\01_前期数据支撑\ScientificReports_JB_Flood_Healthcare_Accessibility\qc\D10\D10_QC_Report.txt,original,Exact duplicate verified by identical file size and SHA-256 checksum.
1dfa89bb61d5e7b33bf9bf7ef49006ea0c4d787818e79744de78cd157c3361b7,11165,3,D:\OneDrive\桌面\论文\2027年投稿期刊\论文项目\07_JB医疗可达性_洪水扰动下交通-网络韧性与公平性_SCS_Natural_Hazards\GPT数据\JB_Flood_Healthcare_Accessibility_Research\03_Nature_Portfolio_Project\Submission_Materials\Data_Tables\D10_QC_Report.txt,D:\OneDrive\桌面\论文\2027年投稿期刊\论文项目\07_JB医疗可达性_洪水扰动下交通-网络韧性与公平性_SCS_Natural_Hazards\GPT数据\_Organization_Working\Archive_Extractions\1550b0707c8dcb07\06_VALIDATION\D10_QC_Report.txt,D:\OneDrive\桌面\论文\2027年投稿期刊\论文项目\07_JB医疗可达性_洪水扰动下交通-网络韧性与公平性_SCS_Natural_Hazards\GPT数据\Nature Portfolio_Project\01_前期数据支撑\10_D10_SPATIAL_EQUITY_RECOVERY\PACKAGES\D10_SpatialEquity_RecoveryBenefit_v1.0.zip,extracted,Exact duplicate verified by identical file size and SHA-256 checksum.
c034d32098a3f13fda89e4a0be83aabe028930961f48e539517deb4cd823de3c,1018,3,D:\OneDrive\桌面\论文\2027年投稿期刊\论文项目\07_JB医疗可达性_洪水扰动下交通-网络韧性与公平性_SCS_Natural_Hazards\GPT数据\JB_Flood_Healthcare_Accessibility_Research\03_Nature_Portfolio_Project\Submission_Materials\Data_Tables\D10_Road_Recovery_Benefit_and_Efficiency.csv,D:\OneDrive\桌面\论文\2027年投稿期刊\论文项目\07_JB医疗可达性_洪水扰动下交通-网络韧性与公平性_SCS_Natural_Hazards\GPT数据\Nature Portfolio_Project\01_前期数据支撑\ScientificReports_JB_Flood_Healthcare_Accessibility\tables\D10\D10_Road_Recovery_Benefit_and_Efficiency.csv,D:\OneDrive\桌面\论文\2027年投稿期刊\论文项目\07_JB医疗可达性_洪水扰动下交通-网络韧性与公平性_SCS_Natural_Hazards\GPT数据\Nature Portfolio_Project\01_前期数据支撑\ScientificReports_JB_Flood_Healthcare_Accessibility\tables\D10\D10_Road_Recovery_Benefit_and_Efficiency.csv,original,Exact duplicate verified by identical file size and SHA-256 checksum.
c034d32098a3f13fda89e4a0be83aabe028930961f48e539517deb4cd823de3c,1018,3,D:\OneDrive\桌面\论文\2027年投稿期刊\论文项目\07_JB医疗可达性_洪水扰动下交通-网络韧性与公平性_SCS_Natural_Hazards\GPT数据\JB_Flood_Healthcare_Accessibility_Research\03_Nature_Portfolio_Project\Submission_Materials\Data_Tables\D10_Road_Recovery_Benefit_and_Efficiency.csv,D:\OneDrive\桌面\论文\2027年投稿期刊\论文项目\07_JB医疗可达性_洪水扰动下交通-网络韧性与公平性_SCS_Natural_Hazards\GPT数据\_Organization_Working\Archive_Extractions\1550b0707c8dcb07\03_RECOVERY_PRIORITY\D10_Road_Recovery_Benefit_and_Efficiency.csv,D:\OneDrive\桌面\论文\2027年投稿期刊\论文项目\07_JB医疗可达性_洪水扰动下交通-网络韧性与公平性_SCS_Natural_Hazards\GPT数据\Nature Portfolio_Project\01_前期数据支撑\10_D10_SPATIAL_EQUITY_RECOVERY\PACKAGES\D10_SpatialEquity_RecoveryBenefit_v1.0.zip,extracted,Exact duplicate verified by identical file size and SHA-256 checksum.
768cf22946a755c7c6d18073f3a9ea9014c02e45651b7fcbf3d1392762ff4af4,1697,3,D:\OneDrive\桌面\论文\2027年投稿期刊\论文项目\07_JB医疗可达性_洪水扰动下交通-网络韧性与公平性_SCS_Natural_Hazards\GPT数据\JB_Flood_Healthcare_Accessibility_Research\03_Nature_Portfolio_Project\Submission_Materials\Data_Tables\D10_All_6_Recovery_Orders.csv,D:\OneDrive\桌面\论文\2027年投稿期刊\论文项目\07_JB医疗可达性_洪水扰动下交通-网络韧性与公平性_SCS_Natural_Hazards\GPT数据\Nature Portfolio_Project\01_前期数据支撑\ScientificReports_JB_Flood_Healthcare_Accessibility\tables\D10\D10_All_6_Recovery_Orders.csv,D:\OneDrive\桌面\论文\2027年投稿期刊\论文项目\07_JB医疗可达性_洪水扰动下交通-网络韧性与公平性_SCS_Natural_Hazards\GPT数据\Nature Portfolio_Project\01_前期数据支撑\ScientificReports_JB_Flood_Healthcare_Accessibility\tables\D10\D10_All_6_Recovery_Orders.csv,original,Exact duplicate verified by identical file size and SHA-256 checksum.
768cf22946a755c7c6d18073f3a9ea9014c02e45651b7fcbf3d1392762ff4af4,1697,3,D:\OneDrive\桌面\论文\2027年投稿期刊\论文项目\07_JB医疗可达性_洪水扰动下交通-网络韧性与公平性_SCS_Natural_Hazards\GPT数据\JB_Flood_Healthcare_Accessibility_Research\03_Nature_Portfolio_Project\Submission_Materials\Data_Tables\D10_All_6_Recovery_Orders.csv,D:\OneDrive\桌面\论文\2027年投稿期刊\论文项目\07_JB医疗可达性_洪水扰动下交通-网络韧性与公平性_SCS_Natural_Hazards\GPT数据\_Organization_Working\Archive_Extractions\1550b0707c8dcb07\01_RECOVERY_SCENARIOS\D10_All_6_Recovery_Orders.csv,D:\OneDrive\桌面\论文\2027年投稿期刊\论文项目\07_JB医疗可达性_洪水扰动下交通-网络韧性与公平性_SCS_Natural_Hazards\GPT数据\Nature Portfolio_Project\01_前期数据支撑\10_D10_SPATIAL_EQUITY_RECOVERY\PACKAGES\D10_SpatialEquity_RecoveryBenefit_v1.0.zip,extracted,Exact duplicate verified by identical file size and SHA-256 checksum.
159b6eb7e6bf02edf28335a61a61c4d8815ff016e82bdbae062c41e5a3b2ac91,7157,3,D:\OneDrive\桌面\论文\2027年投稿期刊\论文项目\07_JB医疗可达性_洪水扰动下交通-网络韧性与公平性_SCS_Natural_Hazards\GPT数据\JB_Flood_Healthcare_Accessibility_Research\03_Nature_Portfolio_Project\Submission_Materials\Data_Tables\D10_Recovery_Order_Stepwise.csv,D:\OneDrive\桌面\论文\2027年投稿期刊\论文项目\07_JB医疗可达性_洪水扰动下交通-网络韧性与公平性_SCS_Natural_Hazards\GPT数据\Nature Portfolio_Project\01_前期数据支撑\ScientificReports_JB_Flood_Healthcare_Accessibility\tables\D10\D10_Recovery_Order_Stepwise.csv,D:\OneDrive\桌面\论文\2027年投稿期刊\论文项目\07_JB医疗可达性_洪水扰动下交通-网络韧性与公平性_SCS_Natural_Hazards\GPT数据\Nature Portfolio_Project\01_前期数据支撑\ScientificReports_JB_Flood_Healthcare_Accessibility\tables\D10\D10_Recovery_Order_Stepwise.csv,original,Exact duplicate verified by identical file size and SHA-256 checksum.
159b6eb7e6bf02edf28335a61a61c4d8815ff016e82bdbae062c41e5a3b2ac91,7157,3,D:\OneDrive\桌面\论文\2027年投稿期刊\论文项目\07_JB医疗可达性_洪水扰动下交通-网络韧性与公平性_SCS_Natural_Hazards\GPT数据\JB_Flood_Healthcare_Accessibility_Research\03_Nature_Portfolio_Project\Submission_Materials\Data_Tables\D10_Recovery_Order_Stepwise.csv,D:\OneDrive\桌面\论文\2027年投稿期刊\论文项目\07_JB医疗可达性_洪水扰动下交通-网络韧性与公平性_SCS_Natural_Hazards\GPT数据\_Organization_Working\Archive_Extractions\1550b0707c8dcb07\01_RECOVERY_SCENARIOS\D10_Recovery_Order_Stepwise.csv,D:\OneDrive\桌面\论文\2027年投稿期刊\论文项目\07_JB医疗可达性_洪水扰动下交通-网络韧性与公平性_SCS_Natural_Hazards\GPT数据\Nature Portfolio_Project\01_前期数据支撑\10_D10_SPATIAL_EQUITY_RECOVERY\PACKAGES\D10_SpatialEquity_RecoveryBenefit_v1.0.zip,extracted,Exact duplicate verified by identical file size and SHA-256 checksum.
f19f6847070ad18ebfa49bfa21735083f62ec746004440e2f1479b3fddb40cb2,17227,3,D:\OneDrive\桌面\论文\2027年投稿期刊\论文项目\07_JB医疗可达性_洪水扰动下交通-网络韧性与公平性_SCS_Natural_Hazards\GPT数据\JB_Flood_Healthcare_Accessibility_Research\03_Nature_Portfolio_Project\Submission_Materials\Data_Tables\D10_Subdistrict_Recovery_Benefit.csv,D:\OneDrive\桌面\论文\2027年投稿期刊\论文项目\07_JB医疗可达性_洪水扰动下交通-网络韧性与公平性_SCS_Natural_Hazards\GPT数据\Nature Portfolio_Project\01_前期数据支撑\ScientificReports_JB_Flood_Healthcare_Accessibility\tables\D10\D10_Subdistrict_Recovery_Benefit.csv,D:\OneDrive\桌面\论文\2027年投稿期刊\论文项目\07_JB医疗可达性_洪水扰动下交通-网络韧性与公平性_SCS_Natural_Hazards\GPT数据\Nature Portfolio_Project\01_前期数据支撑\ScientificReports_JB_Flood_Healthcare_Accessibility\tables\D10\D10_Subdistrict_Recovery_Benefit.csv,original,Exact duplicate verified by identical file size and SHA-256 checksum.
f19f6847070ad18ebfa49bfa21735083f62ec746004440e2f1479b3fddb40cb2,17227,3,D:\OneDrive\桌面\论文\2027年投稿期刊\论文项目\07_JB医疗可达性_洪水扰动下交通-网络韧性与公平性_SCS_Natural_Hazards\GPT数据\JB_Flood_Healthcare_Accessibility_Research\03_Nature_Portfolio_Project\Submission_Materials\Data_Tables\D10_Subdistrict_Recovery_Benefit.csv,D:\OneDrive\桌面\论文\2027年投稿期刊\论文项目\07_JB医疗可达性_洪水扰动下交通-网络韧性与公平性_SCS_Natural_Hazards\GPT数据\_Organization_Working\Archive_Extractions\1550b0707c8dcb07\02_SPATIAL_EQUITY\D10_Subdistrict_Recovery_Benefit.csv,D:\OneDrive\桌面\论文\2027年投稿期刊\论文项目\07_JB医疗可达性_洪水扰动下交通-网络韧性与公平性_SCS_Natural_Hazards\GPT数据\Nature Portfolio_Project\01_前期数据支撑\10_D10_SPATIAL_EQUITY_RECOVERY\PACKAGES\D10_SpatialEquity_RecoveryBenefit_v1.0.zip,extracted,Exact duplicate verified by identical file size and SHA-256 checksum.
2f1daff2620d81e228561f594f609d758282c6f7c35f9ff9f41a4e1e9afb78ce,10423,3,D:\OneDrive\桌面\论文\2027年投稿期刊\论文项目\07_JB医疗可达性_洪水扰动下交通-网络韧性与公平性_SCS_Natural_Hazards\GPT数据\JB_Flood_Healthcare_Accessibility_Research\03_Nature_Portfolio_Project\Supporting_Information\Data_Tables\D04A1_Public_Healthcare_Facilities.csv,D:\OneDrive\桌面\论文\2027年投稿期刊\论文项目\07_JB医疗可达性_洪水扰动下交通-网络韧性与公平性_SCS_Natural_Hazards\GPT数据\_Organization_Working\Archive_Extractions\ac198a83b1ede07e\PROCESSED\D04A1_Public_Healthcare_Facilities.csv,D:\OneDrive\桌面\论文\2027年投稿期刊\论文项目\07_JB医疗可达性_洪水扰动下交通-网络韧性与公平性_SCS_Natural_Hazards\GPT数据\Nature Portfolio_Project\01_前期数据支撑\04_D04_HEALTHCARE\PACKAGES\D04A1_Public_Healthcare_Facilities.zip,extracted,Exact duplicate verified by identical file size and SHA-256 checksum.
2f1daff2620d81e228561f594f609d758282c6f7c35f9ff9f41a4e1e9afb78ce,10423,3,D:\OneDrive\桌面\论文\2027年投稿期刊\论文项目\07_JB医疗可达性_洪水扰动下交通-网络韧性与公平性_SCS_Natural_Hazards\GPT数据\JB_Flood_Healthcare_Accessibility_Research\03_Nature_Portfolio_Project\Supporting_Information\Data_Tables\D04A1_Public_Healthcare_Facilities.csv,D:\OneDrive\桌面\论文\2027年投稿期刊\论文项目\07_JB医疗可达性_洪水扰动下交通-网络韧性与公平性_SCS_Natural_Hazards\GPT数据\_Organization_Working\Archive_Extractions\2fc63964d4111967\ARCHIVE_MISSING_RECOVERY_BUNDLE_20261005\04_D04_HEALTHCARE\PUBLIC\D04A1_Public_Healthcare_Facilities.csv,D:\OneDrive\桌面\论文\2027年投稿期刊\论文项目\07_JB医疗可达性_洪水扰动下交通-网络韧性与公平性_SCS_Natural_Hazards\GPT数据\Nature Portfolio_Project\01_前期数据支撑\99_DUPLICATES_REVIEW\ARCHIVE_MISSING_RECOVERY_BUNDLE_20261005.zip,extracted,Exact duplicate verified by identical file size and SHA-256 checksum.
692068b5d40ce4f946a03717951337e0e94f5c079e75b82a320413b26a54fb67,12806,3,D:\OneDrive\桌面\论文\2027年投稿期刊\论文项目\07_JB医疗可达性_洪水扰动下交通-网络韧性与公平性_SCS_Natural_Hazards\GPT数据\JB_Flood_Healthcare_Accessibility_Research\03_Nature_Portfolio_Project\Supporting_Information\Data_Tables\D04A2_Community_Healthcare_Facilities.csv,D:\OneDrive\桌面\论文\2027年投稿期刊\论文项目\07_JB医疗可达性_洪水扰动下交通-网络韧性与公平性_SCS_Natural_Hazards\GPT数据\_Organization_Working\Archive_Extractions\f9f3bc64df659ce9\PROCESSED\D04A2_Community_Healthcare_Facilities.csv,D:\OneDrive\桌面\论文\2027年投稿期刊\论文项目\07_JB医疗可达性_洪水扰动下交通-网络韧性与公平性_SCS_Natural_Hazards\GPT数据\Nature Portfolio_Project\01_前期数据支撑\04_D04_HEALTHCARE\PACKAGES\D04A2_Community_Healthcare_Facilities.zip,extracted,Exact duplicate verified by identical file size and SHA-256 checksum.
692068b5d40ce4f946a03717951337e0e94f5c079e75b82a320413b26a54fb67,12806,3,D:\OneDrive\桌面\论文\2027年投稿期刊\论文项目\07_JB医疗可达性_洪水扰动下交通-网络韧性与公平性_SCS_Natural_Hazards\GPT数据\JB_Flood_Healthcare_Accessibility_Research\03_Nature_Portfolio_Project\Supporting_Information\Data_Tables\D04A2_Community_Healthcare_Facilities.csv,D:\OneDrive\桌面\论文\2027年投稿期刊\论文项目\07_JB医疗可达性_洪水扰动下交通-网络韧性与公平性_SCS_Natural_Hazards\GPT数据\_Organization_Working\Archive_Extractions\2fc63964d4111967\ARCHIVE_MISSING_RECOVERY_BUNDLE_20261005\04_D04_HEALTHCARE\COMMUNITY\D04A2_Community_Healthcare_Facilities.csv,D:\OneDrive\桌面\论文\2027年投稿期刊\论文项目\07_JB医疗可达性_洪水扰动下交通-网络韧性与公平性_SCS_Natural_Hazards\GPT数据\Nature Portfolio_Project\01_前期数据支撑\99_DUPLICATES_REVIEW\ARCHIVE_MISSING_RECOVERY_BUNDLE_20261005.zip,extracted,Exact duplicate verified by identical file size and SHA-256 checksum.
85ef25848d96ddaddefce91ca560d49ffb00d1e6ebe91faf0acdc290ba17b6aa,2474,4,D:\OneDrive\桌面\论文\2027年投稿期刊\论文项目\07_JB医疗可达性_洪水扰动下交通-网络韧性与公平性_SCS_Natural_Hazards\GPT数据\JB_Flood_Healthcare_Accessibility_Research\03_Nature_Portfolio_Project\Figures\Data_Tables\D06_Hospital_Access_to_RoutingGraph_Mapping.csv,D:\OneDrive\桌面\论文\2027年投稿期刊\论文项目\07_JB医疗可达性_洪水扰动下交通-网络韧性与公平性_SCS_Natural_Hazards\GPT数据\Nature Portfolio_Project\01_前期数据支撑\ScientificReports_JB_Flood_Healthcare_Accessibility\qc\D07\D06R_Hospital_Access_to_RoutingGraph_Mapping_UNCHANGED.csv,D:\OneDrive\桌面\论文\2027年投稿期刊\论文项目\07_JB医疗可达性_洪水扰动下交通-网络韧性与公平性_SCS_Natural_Hazards\GPT数据\Nature Portfolio_Project\01_前期数据支撑\ScientificReports_JB_Flood_Healthcare_Accessibility\qc\D07\D06R_Hospital_Access_to_RoutingGraph_Mapping_UNCHANGED.csv,original,Exact duplicate verified by identical file size and SHA-256 checksum.
85ef25848d96ddaddefce91ca560d49ffb00d1e6ebe91faf0acdc290ba17b6aa,2474,4,D:\OneDrive\桌面\论文\2027年投稿期刊\论文项目\07_JB医疗可达性_洪水扰动下交通-网络韧性与公平性_SCS_Natural_Hazards\GPT数据\JB_Flood_Healthcare_Accessibility_Research\03_Nature_Portfolio_Project\Figures\Data_Tables\D06_Hospital_Access_to_RoutingGraph_Mapping.csv,D:\OneDrive\桌面\论文\2027年投稿期刊\论文项目\07_JB医疗可达性_洪水扰动下交通-网络韧性与公平性_SCS_Natural_Hazards\GPT数据\_Organization_Working\Archive_Extractions\d8e71048c6029856\VALIDATION\D06R_Hospital_Access_to_RoutingGraph_Mapping_UNCHANGED.csv,D:\OneDrive\桌面\论文\2027年投稿期刊\论文项目\07_JB医疗可达性_洪水扰动下交通-网络韧性与公平性_SCS_Natural_Hazards\GPT数据\Nature Portfolio_Project\01_前期数据支撑\06_D06_BASELINE_ROUTING\PACKAGES\D06R_Corrected_Baseline_Healthcare_Accessibility_v1.0.zip,extracted,Exact duplicate verified by identical file size and SHA-256 checksum.
85ef25848d96ddaddefce91ca560d49ffb00d1e6ebe91faf0acdc290ba17b6aa,2474,4,D:\OneDrive\桌面\论文\2027年投稿期刊\论文项目\07_JB医疗可达性_洪水扰动下交通-网络韧性与公平性_SCS_Natural_Hazards\GPT数据\JB_Flood_Healthcare_Accessibility_Research\03_Nature_Portfolio_Project\Figures\Data_Tables\D06_Hospital_Access_to_RoutingGraph_Mapping.csv,D:\OneDrive\桌面\论文\2027年投稿期刊\论文项目\07_JB医疗可达性_洪水扰动下交通-网络韧性与公平性_SCS_Natural_Hazards\GPT数据\_Organization_Working\Archive_Extractions\2fc63964d4111967\ARCHIVE_MISSING_RECOVERY_BUNDLE_20261005\06_D06_BASELINE_ROUTING\HOSPITAL_MAPPING\D06_Hospital_Access_to_RoutingGraph_Mapping.csv,D:\OneDrive\桌面\论文\2027年投稿期刊\论文项目\07_JB医疗可达性_洪水扰动下交通-网络韧性与公平性_SCS_Natural_Hazards\GPT数据\Nature Portfolio_Project\01_前期数据支撑\99_DUPLICATES_REVIEW\ARCHIVE_MISSING_RECOVERY_BUNDLE_20261005.zip,extracted,Exact duplicate verified by identical file size and SHA-256 checksum.
53e658ff94468c9e86b6a4f5853fb01e51908fe5d9a5d67800440d67df44201b,9068110,4,D:\OneDrive\桌面\论文\2027年投稿期刊\论文项目\07_JB医疗可达性_洪水扰动下交通-网络韧性与公平性_SCS_Natural_Hazards\GPT数据\JB_Flood_Healthcare_Accessibility_Research\03_Nature_Portfolio_Project\Figures\Data_Tables\D06_Origin_Access_to_RoutingGraph_Mapping.csv,D:\OneDrive\桌面\论文\2027年投稿期刊\论文项目\07_JB医疗可达性_洪水扰动下交通-网络韧性与公平性_SCS_Natural_Hazards\GPT数据\Nature Portfolio_Project\01_前期数据支撑\ScientificReports_JB_Flood_Healthcare_Accessibility\qc\D07\D06R_Origin_Access_to_RoutingGraph_Mapping_UNCHANGED.csv,D:\OneDrive\桌面\论文\2027年投稿期刊\论文项目\07_JB医疗可达性_洪水扰动下交通-网络韧性与公平性_SCS_Natural_Hazards\GPT数据\Nature Portfolio_Project\01_前期数据支撑\ScientificReports_JB_Flood_Healthcare_Accessibility\qc\D07\D06R_Origin_Access_to_RoutingGraph_Mapping_UNCHANGED.csv,original,Exact duplicate verified by identical file size and SHA-256 checksum.
53e658ff94468c9e86b6a4f5853fb01e51908fe5d9a5d67800440d67df44201b,9068110,4,D:\OneDrive\桌面\论文\2027年投稿期刊\论文项目\07_JB医疗可达性_洪水扰动下交通-网络韧性与公平性_SCS_Natural_Hazards\GPT数据\JB_Flood_Healthcare_Accessibility_Research\03_Nature_Portfolio_Project\Figures\Data_Tables\D06_Origin_Access_to_RoutingGraph_Mapping.csv,D:\OneDrive\桌面\论文\2027年投稿期刊\论文项目\07_JB医疗可达性_洪水扰动下交通-网络韧性与公平性_SCS_Natural_Hazards\GPT数据\_Organization_Working\Archive_Extractions\d8e71048c6029856\VALIDATION\D06R_Origin_Access_to_RoutingGraph_Mapping_UNCHANGED.csv,D:\OneDrive\桌面\论文\2027年投稿期刊\论文项目\07_JB医疗可达性_洪水扰动下交通-网络韧性与公平性_SCS_Natural_Hazards\GPT数据\Nature Portfolio_Project\01_前期数据支撑\06_D06_BASELINE_ROUTING\PACKAGES\D06R_Corrected_Baseline_Healthcare_Accessibility_v1.0.zip,extracted,Exact duplicate verified by identical file size and SHA-256 checksum.
53e658ff94468c9e86b6a4f5853fb01e51908fe5d9a5d67800440d67df44201b,9068110,4,D:\OneDrive\桌面\论文\2027年投稿期刊\论文项目\07_JB医疗可达性_洪水扰动下交通-网络韧性与公平性_SCS_Natural_Hazards\GPT数据\JB_Flood_Healthcare_Accessibility_Research\03_Nature_Portfolio_Project\Figures\Data_Tables\D06_Origin_Access_to_RoutingGraph_Mapping.csv,D:\OneDrive\桌面\论文\2027年投稿期刊\论文项目\07_JB医疗可达性_洪水扰动下交通-网络韧性与公平性_SCS_Natural_Hazards\GPT数据\_Organization_Working\Archive_Extractions\2fc63964d4111967\ARCHIVE_MISSING_RECOVERY_BUNDLE_20261005\06_D06_BASELINE_ROUTING\ORIGIN_MAPPING\D06_Origin_Access_to_RoutingGraph_Mapping.csv,D:\OneDrive\桌面\论文\2027年投稿期刊\论文项目\07_JB医疗可达性_洪水扰动下交通-网络韧性与公平性_SCS_Natural_Hazards\GPT数据\Nature Portfolio_Project\01_前期数据支撑\99_DUPLICATES_REVIEW\ARCHIVE_MISSING_RECOVERY_BUNDLE_20261005.zip,extracted,Exact duplicate verified by identical file size and SHA-256 checksum.
cd3612711286f9a74883cbfcfdfbd92cd96745a75c1b6d9b6a0531f33711645f,2738,3,D:\OneDrive\桌面\论文\2027年投稿期刊\论文项目\07_JB医疗可达性_洪水扰动下交通-网络韧性与公平性_SCS_Natural_Hazards\GPT数据\JB_Flood_Healthcare_Accessibility_Research\03_Nature_Portfolio_Project\Results\Documents\D11_Results_Section_Architecture.md,D:\OneDrive\桌面\论文\2027年投稿期刊\论文项目\07_JB医疗可达性_洪水扰动下交通-网络韧性与公平性_SCS_Natural_Hazards\GPT数据\_Organization_Working\Archive_Extractions\10e902a93f8ba324\01_ARCHITECTURE\D11_Results_Section_Architecture.md,D:\OneDrive\桌面\论文\2027年投稿期刊\论文项目\07_JB医疗可达性_洪水扰动下交通-网络韧性与公平性_SCS_Natural_Hazards\GPT数据\Nature Portfolio_Project\01_前期数据支撑\11_D11_RESULTS_ARCHITECTURE\PACKAGES\D11_Final_Results_Architecture_FigureTable_Freeze_v1.0.zip,extracted,Exact duplicate verified by identical file size and SHA-256 checksum.
cd3612711286f9a74883cbfcfdfbd92cd96745a75c1b6d9b6a0531f33711645f,2738,3,D:\OneDrive\桌面\论文\2027年投稿期刊\论文项目\07_JB医疗可达性_洪水扰动下交通-网络韧性与公平性_SCS_Natural_Hazards\GPT数据\JB_Flood_Healthcare_Accessibility_Research\03_Nature_Portfolio_Project\Results\Documents\D11_Results_Section_Architecture.md,D:\OneDrive\桌面\论文\2027年投稿期刊\论文项目\07_JB医疗可达性_洪水扰动下交通-网络韧性与公平性_SCS_Natural_Hazards\GPT数据\_Organization_Working\Archive_Extractions\2fc63964d4111967\ARCHIVE_MISSING_RECOVERY_BUNDLE_20261005\11_D11_RESULTS_ARCHITECTURE\RESULTS_ARCHITECTURE\D11_Results_Section_Architecture.md,D:\OneDrive\桌面\论文\2027年投稿期刊\论文项目\07_JB医疗可达性_洪水扰动下交通-网络韧性与公平性_SCS_Natural_Hazards\GPT数据\Nature Portfolio_Project\01_前期数据支撑\99_DUPLICATES_REVIEW\ARCHIVE_MISSING_RECOVERY_BUNDLE_20261005.zip,extracted,Exact duplicate verified by identical file size and SHA-256 checksum.
ee19234b532fbd538431d11bdbfb3497c15119ac7d9b524072cb76ddb4b2795c,167126,3,D:\OneDrive\桌面\论文\2027年投稿期刊\论文项目\07_JB医疗可达性_洪水扰动下交通-网络韧性与公平性_SCS_Natural_Hazards\GPT数据\JB_Flood_Healthcare_Accessibility_Research\03_Nature_Portfolio_Project\Results\Images\D11_Results_Architecture_OnePage.png,D:\OneDrive\桌面\论文\2027年投稿期刊\论文项目\07_JB医疗可达性_洪水扰动下交通-网络韧性与公平性_SCS_Natural_Hazards\GPT数据\_Organization_Working\Archive_Extractions\10e902a93f8ba324\01_ARCHITECTURE\D11_Results_Architecture_OnePage.png,D:\OneDrive\桌面\论文\2027年投稿期刊\论文项目\07_JB医疗可达性_洪水扰动下交通-网络韧性与公平性_SCS_Natural_Hazards\GPT数据\Nature Portfolio_Project\01_前期数据支撑\11_D11_RESULTS_ARCHITECTURE\PACKAGES\D11_Final_Results_Architecture_FigureTable_Freeze_v1.0.zip,extracted,Exact duplicate verified by identical file size and SHA-256 checksum.
ee19234b532fbd538431d11bdbfb3497c15119ac7d9b524072cb76ddb4b2795c,167126,3,D:\OneDrive\桌面\论文\2027年投稿期刊\论文项目\07_JB医疗可达性_洪水扰动下交通-网络韧性与公平性_SCS_Natural_Hazards\GPT数据\JB_Flood_Healthcare_Accessibility_Research\03_Nature_Portfolio_Project\Results\Images\D11_Results_Architecture_OnePage.png,D:\OneDrive\桌面\论文\2027年投稿期刊\论文项目\07_JB医疗可达性_洪水扰动下交通-网络韧性与公平性_SCS_Natural_Hazards\GPT数据\_Organization_Working\Archive_Extractions\2fc63964d4111967\ARCHIVE_MISSING_RECOVERY_BUNDLE_20261005\11_D11_RESULTS_ARCHITECTURE\RESULTS_ARCHITECTURE\D11_Results_Architecture_OnePage.png,D:\OneDrive\桌面\论文\2027年投稿期刊\论文项目\07_JB医疗可达性_洪水扰动下交通-网络韧性与公平性_SCS_Natural_Hazards\GPT数据\Nature Portfolio_Project\01_前期数据支撑\99_DUPLICATES_REVIEW\ARCHIVE_MISSING_RECOVERY_BUNDLE_20261005.zip,extracted,Exact duplicate verified by identical file size and SHA-256 checksum.
0479f1ab1622c44c6de8e8e4a94b078ce2f517088d38f7f3186b41c0efa3a7a2,111563,2,D:\OneDrive\桌面\论文\2027年投稿期刊\论文项目\07_JB医疗可达性_洪水扰动下交通-网络韧性与公平性_SCS_Natural_Hazards\GPT数据\JB_Flood_Healthcare_Accessibility_Research\03_Nature_Portfolio_Project\Results\Images\D07E_IMERG_20250320_Grid_Daily_Rainfall.png,D:\OneDrive\桌面\论文\2027年投稿期刊\论文项目\07_JB医疗可达性_洪水扰动下交通-网络韧性与公平性_SCS_Natural_Hazards\GPT数据\_Organization_Working\Archive_Extractions\38df6f38870e57a9\07_FIGURES\D07E_IMERG_20250320_Grid_Daily_Rainfall.png,D:\OneDrive\桌面\论文\2027年投稿期刊\论文项目\07_JB医疗可达性_洪水扰动下交通-网络韧性与公平性_SCS_Natural_Hazards\GPT数据\Nature Portfolio_Project\01_前期数据支撑\07_D07_FLOOD_EVENT\D07E_IMERG\RAW\D07E_NASA_IMERG_Download_Helper\D07E_Final_IMERG_20250319_21_v1.0.zip,extracted,Exact duplicate verified by identical file size and SHA-256 checksum.
132fabff8c3e630f36d9b438c8c9f79114b8e3f5d539859f9b1c6244c7b285bf,120132,2,D:\OneDrive\桌面\论文\2027年投稿期刊\论文项目\07_JB医疗可达性_洪水扰动下交通-网络韧性与公平性_SCS_Natural_Hazards\GPT数据\JB_Flood_Healthcare_Accessibility_Research\03_Nature_Portfolio_Project\Results\Images\D07E_JB_AreaWeighted_30min_Rainfall.png,D:\OneDrive\桌面\论文\2027年投稿期刊\论文项目\07_JB医疗可达性_洪水扰动下交通-网络韧性与公平性_SCS_Natural_Hazards\GPT数据\_Organization_Working\Archive_Extractions\38df6f38870e57a9\07_FIGURES\D07E_JB_AreaWeighted_30min_Rainfall.png,D:\OneDrive\桌面\论文\2027年投稿期刊\论文项目\07_JB医疗可达性_洪水扰动下交通-网络韧性与公平性_SCS_Natural_Hazards\GPT数据\Nature Portfolio_Project\01_前期数据支撑\07_D07_FLOOD_EVENT\D07E_IMERG\RAW\D07E_NASA_IMERG_Download_Helper\D07E_Final_IMERG_20250319_21_v1.0.zip,extracted,Exact duplicate verified by identical file size and SHA-256 checksum.
9728d6f5e89cb3ca3274e0673d556027f606a2c4366e59cfc5c812abd146c8b1,124316,2,D:\OneDrive\桌面\论文\2027年投稿期刊\论文项目\07_JB医疗可达性_洪水扰动下交通-网络韧性与公平性_SCS_Natural_Hazards\GPT数据\JB_Flood_Healthcare_Accessibility_Research\03_Nature_Portfolio_Project\Results\Images\D07E_JB_AreaWeighted_Rolling_1h.png,D:\OneDrive\桌面\论文\2027年投稿期刊\论文项目\07_JB医疗可达性_洪水扰动下交通-网络韧性与公平性_SCS_Natural_Hazards\GPT数据\_Organization_Working\Archive_Extractions\38df6f38870e57a9\07_FIGURES\D07E_JB_AreaWeighted_Rolling_1h.png,D:\OneDrive\桌面\论文\2027年投稿期刊\论文项目\07_JB医疗可达性_洪水扰动下交通-网络韧性与公平性_SCS_Natural_Hazards\GPT数据\Nature Portfolio_Project\01_前期数据支撑\07_D07_FLOOD_EVENT\D07E_IMERG\RAW\D07E_NASA_IMERG_Download_Helper\D07E_Final_IMERG_20250319_21_v1.0.zip,extracted,Exact duplicate verified by identical file size and SHA-256 checksum.
e63cb11918f09984e1f74f18c7e1f613e92a5c7287674fc2e1efc0ee920741ef,116617,2,D:\OneDrive\桌面\论文\2027年投稿期刊\论文项目\07_JB医疗可达性_洪水扰动下交通-网络韧性与公平性_SCS_Natural_Hazards\GPT数据\JB_Flood_Healthcare_Accessibility_Research\03_Nature_Portfolio_Project\Results\Images\D07E_JB_AreaWeighted_Rolling_3h.png,D:\OneDrive\桌面\论文\2027年投稿期刊\论文项目\07_JB医疗可达性_洪水扰动下交通-网络韧性与公平性_SCS_Natural_Hazards\GPT数据\_Organization_Working\Archive_Extractions\38df6f38870e57a9\07_FIGURES\D07E_JB_AreaWeighted_Rolling_3h.png,D:\OneDrive\桌面\论文\2027年投稿期刊\论文项目\07_JB医疗可达性_洪水扰动下交通-网络韧性与公平性_SCS_Natural_Hazards\GPT数据\Nature Portfolio_Project\01_前期数据支撑\07_D07_FLOOD_EVENT\D07E_IMERG\RAW\D07E_NASA_IMERG_Download_Helper\D07E_Final_IMERG_20250319_21_v1.0.zip,extracted,Exact duplicate verified by identical file size and SHA-256 checksum.
b97738a62eb57e7927c57fa4998d35cb6a8b6ce4d9648ddb45ea3c7c905e432b,113406,2,D:\OneDrive\桌面\论文\2027年投稿期刊\论文项目\07_JB医疗可达性_洪水扰动下交通-网络韧性与公平性_SCS_Natural_Hazards\GPT数据\JB_Flood_Healthcare_Accessibility_Research\03_Nature_Portfolio_Project\Results\Images\D07E_JB_AreaWeighted_Rolling_6h.png,D:\OneDrive\桌面\论文\2027年投稿期刊\论文项目\07_JB医疗可达性_洪水扰动下交通-网络韧性与公平性_SCS_Natural_Hazards\GPT数据\_Organization_Working\Archive_Extractions\38df6f38870e57a9\07_FIGURES\D07E_JB_AreaWeighted_Rolling_6h.png,D:\OneDrive\桌面\论文\2027年投稿期刊\论文项目\07_JB医疗可达性_洪水扰动下交通-网络韧性与公平性_SCS_Natural_Hazards\GPT数据\Nature Portfolio_Project\01_前期数据支撑\07_D07_FLOOD_EVENT\D07E_IMERG\RAW\D07E_NASA_IMERG_Download_Helper\D07E_Final_IMERG_20250319_21_v1.0.zip,extracted,Exact duplicate verified by identical file size and SHA-256 checksum.
6a03960cfafbd681af96e11428f2a3f9ef2851d19efd4e129b9a425a14e8dda5,48762,2,D:\OneDrive\桌面\论文\2027年投稿期刊\论文项目\07_JB医疗可达性_洪水扰动下交通-网络韧性与公平性_SCS_Natural_Hazards\GPT数据\JB_Flood_Healthcare_Accessibility_Research\03_Nature_Portfolio_Project\Results\Images\D07E_Senai_Gauge_vs_IMERG_20250320.png,D:\OneDrive\桌面\论文\2027年投稿期刊\论文项目\07_JB医疗可达性_洪水扰动下交通-网络韧性与公平性_SCS_Natural_Hazards\GPT数据\_Organization_Working\Archive_Extractions\38df6f38870e57a9\07_FIGURES\D07E_Senai_Gauge_vs_IMERG_20250320.png,D:\OneDrive\桌面\论文\2027年投稿期刊\论文项目\07_JB医疗可达性_洪水扰动下交通-网络韧性与公平性_SCS_Natural_Hazards\GPT数据\Nature Portfolio_Project\01_前期数据支撑\07_D07_FLOOD_EVENT\D07E_IMERG\RAW\D07E_NASA_IMERG_Download_Helper\D07E_Final_IMERG_20250319_21_v1.0.zip,extracted,Exact duplicate verified by identical file size and SHA-256 checksum.
9110317c89b5f4d014ee414be5448b3aa1fb14e21190704b4cdef291c0113fce,89074,2,D:\OneDrive\桌面\论文\2027年投稿期刊\论文项目\07_JB医疗可达性_洪水扰动下交通-网络韧性与公平性_SCS_Natural_Hazards\GPT数据\JB_Flood_Healthcare_Accessibility_Research\03_Nature_Portfolio_Project\Results\Images\D08_30_45_60min_Coverage.png,D:\OneDrive\桌面\论文\2027年投稿期刊\论文项目\07_JB医疗可达性_洪水扰动下交通-网络韧性与公平性_SCS_Natural_Hazards\GPT数据\_Organization_Working\Archive_Extractions\8ce6105b5f178931\07_FIGURES\D08_30_45_60min_Coverage.png,D:\OneDrive\桌面\论文\2027年投稿期刊\论文项目\07_JB医疗可达性_洪水扰动下交通-网络韧性与公平性_SCS_Natural_Hazards\GPT数据\Nature Portfolio_Project\01_前期数据支撑\08_D08_ACCESSIBILITY_IMPACT\PACKAGES\D08_Step1_2025_Observed_Closure_Accessibility_v0.1.zip,extracted,Exact duplicate verified by identical file size and SHA-256 checksum.
e6a88937d24d27a3606cf10ed5f66640bad9d36ce19d98ae90bb92f777bad4e1,397638,2,D:\OneDrive\桌面\论文\2027年投稿期刊\论文项目\07_JB医疗可达性_洪水扰动下交通-网络韧性与公平性_SCS_Natural_Hazards\GPT数据\JB_Flood_Healthcare_Accessibility_Research\03_Nature_Portfolio_Project\Results\Images\D08_EventFootprint_TravelTime_Change_Map.png,D:\OneDrive\桌面\论文\2027年投稿期刊\论文项目\07_JB医疗可达性_洪水扰动下交通-网络韧性与公平性_SCS_Natural_Hazards\GPT数据\_Organization_Working\Archive_Extractions\8ce6105b5f178931\07_FIGURES\D08_EventFootprint_TravelTime_Change_Map.png,D:\OneDrive\桌面\论文\2027年投稿期刊\论文项目\07_JB医疗可达性_洪水扰动下交通-网络韧性与公平性_SCS_Natural_Hazards\GPT数据\Nature Portfolio_Project\01_前期数据支撑\08_D08_ACCESSIBILITY_IMPACT\PACKAGES\D08_Step1_2025_Observed_Closure_Accessibility_v0.1.zip,extracted,Exact duplicate verified by identical file size and SHA-256 checksum.
bb553f0dcf329fdf2c6ca5f699d7332a7292f2dbdb34c9235fadffdf4e813ee3,91745,2,D:\OneDrive\桌面\论文\2027年投稿期刊\论文项目\07_JB医疗可达性_洪水扰动下交通-网络韧性与公平性_SCS_Natural_Hazards\GPT数据\JB_Flood_Healthcare_Accessibility_Research\03_Nature_Portfolio_Project\Results\Images\D08_Global_Mean_TravelTime_Increase.png,D:\OneDrive\桌面\论文\2027年投稿期刊\论文项目\07_JB医疗可达性_洪水扰动下交通-网络韧性与公平性_SCS_Natural_Hazards\GPT数据\_Organization_Working\Archive_Extractions\8ce6105b5f178931\07_FIGURES\D08_Global_Mean_TravelTime_Increase.png,D:\OneDrive\桌面\论文\2027年投稿期刊\论文项目\07_JB医疗可达性_洪水扰动下交通-网络韧性与公平性_SCS_Natural_Hazards\GPT数据\Nature Portfolio_Project\01_前期数据支撑\08_D08_ACCESSIBILITY_IMPACT\PACKAGES\D08_Step1_2025_Observed_Closure_Accessibility_v0.1.zip,extracted,Exact duplicate verified by identical file size and SHA-256 checksum.
98d5e4c041ebf7bef48a87131b3f3aef2bc49921a561ade6bb0ebb7ff37595dd,68552,2,D:\OneDrive\桌面\论文\2027年投稿期刊\论文项目\07_JB医疗可达性_洪水扰动下交通-网络韧性与公平性_SCS_Natural_Hazards\GPT数据\JB_Flood_Healthcare_Accessibility_Research\03_Nature_Portfolio_Project\Results\Images\D08_MAR20_NewlyUnreachable_Sensitivity.png,D:\OneDrive\桌面\论文\2027年投稿期刊\论文项目\07_JB医疗可达性_洪水扰动下交通-网络韧性与公平性_SCS_Natural_Hazards\GPT数据\_Organization_Working\Archive_Extractions\fe5520d767139c3a\03_FIGURES\D08_MAR20_NewlyUnreachable_Sensitivity.png,D:\OneDrive\桌面\论文\2027年投稿期刊\论文项目\07_JB医疗可达性_洪水扰动下交通-网络韧性与公平性_SCS_Natural_Hazards\GPT数据\Nature Portfolio_Project\01_前期数据支撑\08_D08_ACCESSIBILITY_IMPACT\PACKAGES\D08_Sensitivity_and_FloodSusceptibility_GIS_v1.0.zip,extracted,Exact duplicate verified by identical file size and SHA-256 checksum.
599f5c78bea625e99de80b3012bccf01a98cd04fe26fdfaa62173f378d5d56b9,87738,2,D:\OneDrive\桌面\论文\2027年投稿期刊\论文项目\07_JB医疗可达性_洪水扰动下交通-网络韧性与公平性_SCS_Natural_Hazards\GPT数据\JB_Flood_Healthcare_Accessibility_Research\03_Nature_Portfolio_Project\Results\Images\D08_Newly_Unreachable_Population.png,D:\OneDrive\桌面\论文\2027年投稿期刊\论文项目\07_JB医疗可达性_洪水扰动下交通-网络韧性与公平性_SCS_Natural_Hazards\GPT数据\_Organization_Working\Archive_Extractions\8ce6105b5f178931\07_FIGURES\D08_Newly_Unreachable_Population.png,D:\OneDrive\桌面\论文\2027年投稿期刊\论文项目\07_JB医疗可达性_洪水扰动下交通-网络韧性与公平性_SCS_Natural_Hazards\GPT数据\Nature Portfolio_Project\01_前期数据支撑\08_D08_ACCESSIBILITY_IMPACT\PACKAGES\D08_Step1_2025_Observed_Closure_Accessibility_v0.1.zip,extracted,Exact duplicate verified by identical file size and SHA-256 checksum.
640c5e99aeca423a89416f206fe77d2d8a5a4f6cc03928e2331d0d20b525f812,150594,2,D:\OneDrive\桌面\论文\2027年投稿期刊\论文项目\07_JB医疗可达性_洪水扰动下交通-网络韧性与公平性_SCS_Natural_Hazards\GPT数据\JB_Flood_Healthcare_Accessibility_Research\03_Nature_Portfolio_Project\Results\Images\D08_SingleRoad_Criticality_Sensitivity.png,D:\OneDrive\桌面\论文\2027年投稿期刊\论文项目\07_JB医疗可达性_洪水扰动下交通-网络韧性与公平性_SCS_Natural_Hazards\GPT数据\_Organization_Working\Archive_Extractions\fe5520d767139c3a\03_FIGURES\D08_SingleRoad_Criticality_Sensitivity.png,D:\OneDrive\桌面\论文\2027年投稿期刊\论文项目\07_JB医疗可达性_洪水扰动下交通-网络韧性与公平性_SCS_Natural_Hazards\GPT数据\Nature Portfolio_Project\01_前期数据支撑\08_D08_ACCESSIBILITY_IMPACT\PACKAGES\D08_Sensitivity_and_FloodSusceptibility_GIS_v1.0.zip,extracted,Exact duplicate verified by identical file size and SHA-256 checksum.
68c66fc18d6b393943e4eda337c13b885be64a74982bb3ff0877beb12e95b3da,128509,2,D:\OneDrive\桌面\论文\2027年投稿期刊\论文项目\07_JB医疗可达性_洪水扰动下交通-网络韧性与公平性_SCS_Natural_Hazards\GPT数据\JB_Flood_Healthcare_Accessibility_Research\03_Nature_Portfolio_Project\Results\Images\D08_Subdistrict_Mean_Increase_EventFootprint.png,D:\OneDrive\桌面\论文\2027年投稿期刊\论文项目\07_JB医疗可达性_洪水扰动下交通-网络韧性与公平性_SCS_Natural_Hazards\GPT数据\_Organization_Working\Archive_Extractions\8ce6105b5f178931\07_FIGURES\D08_Subdistrict_Mean_Increase_EventFootprint.png,D:\OneDrive\桌面\论文\2027年投稿期刊\论文项目\07_JB医疗可达性_洪水扰动下交通-网络韧性与公平性_SCS_Natural_Hazards\GPT数据\Nature Portfolio_Project\01_前期数据支撑\08_D08_ACCESSIBILITY_IMPACT\PACKAGES\D08_Step1_2025_Observed_Closure_Accessibility_v0.1.zip,extracted,Exact duplicate verified by identical file size and SHA-256 checksum.
23367ece9ce3111eae4742cc5d30eb4026cc2dcc280e55700a23fcf668b4b29d,98976,2,D:\OneDrive\桌面\论文\2027年投稿期刊\论文项目\07_JB医疗可达性_洪水扰动下交通-网络韧性与公平性_SCS_Natural_Hazards\GPT数据\JB_Flood_Healthcare_Accessibility_Research\03_Nature_Portfolio_Project\Results\Images\D09_Observed2025_Recovery_Priority.png,D:\OneDrive\桌面\论文\2027年投稿期刊\论文项目\07_JB医疗可达性_洪水扰动下交通-网络韧性与公平性_SCS_Natural_Hazards\GPT数据\_Organization_Working\Archive_Extractions\0805cdcc396f7409\04_FIGURES\D09_Observed2025_Recovery_Priority.png,D:\OneDrive\桌面\论文\2027年投稿期刊\论文项目\07_JB医疗可达性_洪水扰动下交通-网络韧性与公平性_SCS_Natural_Hazards\GPT数据\Nature Portfolio_Project\01_前期数据支撑\09_D09_CRITICAL_ROAD_PRIORITY\PACKAGES\D09_FloodSusceptibility_CriticalRoadPriority_v1.0.zip,extracted,Exact duplicate verified by identical file size and SHA-256 checksum.
d20d19e286ae285e021db13cf43162d5cfe31d30eaf6502d0093d3e627788b40,195446,2,D:\OneDrive\桌面\论文\2027年投稿期刊\论文项目\07_JB医疗可达性_洪水扰动下交通-网络韧性与公平性_SCS_Natural_Hazards\GPT数据\JB_Flood_Healthcare_Accessibility_Research\03_Nature_Portfolio_Project\Results\Images\D09_Top_Corridor_CRPI.png,D:\OneDrive\桌面\论文\2027年投稿期刊\论文项目\07_JB医疗可达性_洪水扰动下交通-网络韧性与公平性_SCS_Natural_Hazards\GPT数据\_Organization_Working\Archive_Extractions\0805cdcc396f7409\04_FIGURES\D09_Top_Corridor_CRPI.png,D:\OneDrive\桌面\论文\2027年投稿期刊\论文项目\07_JB医疗可达性_洪水扰动下交通-网络韧性与公平性_SCS_Natural_Hazards\GPT数据\Nature Portfolio_Project\01_前期数据支撑\09_D09_CRITICAL_ROAD_PRIORITY\PACKAGES\D09_FloodSusceptibility_CriticalRoadPriority_v1.0.zip,extracted,Exact duplicate verified by identical file size and SHA-256 checksum.
e69347efc58c1a062f662b0cbc6f609e96db6dfb107e4de621bf866903a2331f,103881,2,D:\OneDrive\桌面\论文\2027年投稿期刊\论文项目\07_JB医疗可达性_洪水扰动下交通-网络韧性与公平性_SCS_Natural_Hazards\GPT数据\JB_Flood_Healthcare_Accessibility_Research\03_Nature_Portfolio_Project\Results\Images\D10_BestOrder_Cumulative_Recovery.png,D:\OneDrive\桌面\论文\2027年投稿期刊\论文项目\07_JB医疗可达性_洪水扰动下交通-网络韧性与公平性_SCS_Natural_Hazards\GPT数据\_Organization_Working\Archive_Extractions\1550b0707c8dcb07\05_FIGURES\D10_BestOrder_Cumulative_Recovery.png,D:\OneDrive\桌面\论文\2027年投稿期刊\论文项目\07_JB医疗可达性_洪水扰动下交通-网络韧性与公平性_SCS_Natural_Hazards\GPT数据\Nature Portfolio_Project\01_前期数据支撑\10_D10_SPATIAL_EQUITY_RECOVERY\PACKAGES\D10_SpatialEquity_RecoveryBenefit_v1.0.zip,extracted,Exact duplicate verified by identical file size and SHA-256 checksum.
6b749a148170cf32f8a20b8b57381be046ddae1af1796a222b13540bd25a6ab5,146545,2,D:\OneDrive\桌面\论文\2027年投稿期刊\论文项目\07_JB医疗可达性_洪水扰动下交通-网络韧性与公平性_SCS_Natural_Hazards\GPT数据\JB_Flood_Healthcare_Accessibility_Research\03_Nature_Portfolio_Project\Results\Images\D10_Equity_Gini_Recovery.png,D:\OneDrive\桌面\论文\2027年投稿期刊\论文项目\07_JB医疗可达性_洪水扰动下交通-网络韧性与公平性_SCS_Natural_Hazards\GPT数据\_Organization_Working\Archive_Extractions\1550b0707c8dcb07\05_FIGURES\D10_Equity_Gini_Recovery.png,D:\OneDrive\桌面\论文\2027年投稿期刊\论文项目\07_JB医疗可达性_洪水扰动下交通-网络韧性与公平性_SCS_Natural_Hazards\GPT数据\Nature Portfolio_Project\01_前期数据支撑\10_D10_SPATIAL_EQUITY_RECOVERY\PACKAGES\D10_SpatialEquity_RecoveryBenefit_v1.0.zip,extracted,Exact duplicate verified by identical file size and SHA-256 checksum.
e83291a6f4c4b865339601cdbf9cb45dd51d1699aee8f7f308a79ea50711fc0e,89921,2,D:\OneDrive\桌面\论文\2027年投稿期刊\论文项目\07_JB医疗可达性_洪水扰动下交通-网络韧性与公平性_SCS_Natural_Hazards\GPT数据\JB_Flood_Healthcare_Accessibility_Research\03_Nature_Portfolio_Project\Results\Images\D10_FirstStep_Recovery_Benefit_AllOrders.png,D:\OneDrive\桌面\论文\2027年投稿期刊\论文项目\07_JB医疗可达性_洪水扰动下交通-网络韧性与公平性_SCS_Natural_Hazards\GPT数据\_Organization_Working\Archive_Extractions\1550b0707c8dcb07\05_FIGURES\D10_FirstStep_Recovery_Benefit_AllOrders.png,D:\OneDrive\桌面\论文\2027年投稿期刊\论文项目\07_JB医疗可达性_洪水扰动下交通-网络韧性与公平性_SCS_Natural_Hazards\GPT数据\Nature Portfolio_Project\01_前期数据支撑\10_D10_SPATIAL_EQUITY_RECOVERY\PACKAGES\D10_SpatialEquity_RecoveryBenefit_v1.0.zip,extracted,Exact duplicate verified by identical file size and SHA-256 checksum.
37cce32119d87e904f821d255fb109cd5e17cfbdc757789e8c1c03ad9afaacf8,225885,2,D:\OneDrive\桌面\论文\2027年投稿期刊\论文项目\07_JB医疗可达性_洪水扰动下交通-网络韧性与公平性_SCS_Natural_Hazards\GPT数据\JB_Flood_Healthcare_Accessibility_Research\03_Nature_Portfolio_Project\Results\Images\D10_Origin_RecoveryStage_Map.png,D:\OneDrive\桌面\论文\2027年投稿期刊\论文项目\07_JB医疗可达性_洪水扰动下交通-网络韧性与公平性_SCS_Natural_Hazards\GPT数据\_Organization_Working\Archive_Extractions\1550b0707c8dcb07\05_FIGURES\D10_Origin_RecoveryStage_Map.png,D:\OneDrive\桌面\论文\2027年投稿期刊\论文项目\07_JB医疗可达性_洪水扰动下交通-网络韧性与公平性_SCS_Natural_Hazards\GPT数据\Nature Portfolio_Project\01_前期数据支撑\10_D10_SPATIAL_EQUITY_RECOVERY\PACKAGES\D10_SpatialEquity_RecoveryBenefit_v1.0.zip,extracted,Exact duplicate verified by identical file size and SHA-256 checksum.
00cec5bf61199bf7bcda7b9d26a6d906084328ac940d44a0b0d0b9188b379cc5,75867,2,D:\OneDrive\桌面\论文\2027年投稿期刊\论文项目\07_JB医疗可达性_洪水扰动下交通-网络韧性与公平性_SCS_Natural_Hazards\GPT数据\JB_Flood_Healthcare_Accessibility_Research\03_Nature_Portfolio_Project\Results\Images\D10_Tebrau_Plentong_Recovery_Benefit.png,D:\OneDrive\桌面\论文\2027年投稿期刊\论文项目\07_JB医疗可达性_洪水扰动下交通-网络韧性与公平性_SCS_Natural_Hazards\GPT数据\_Organization_Working\Archive_Extractions\1550b0707c8dcb07\05_FIGURES\D10_Tebrau_Plentong_Recovery_Benefit.png,D:\OneDrive\桌面\论文\2027年投稿期刊\论文项目\07_JB医疗可达性_洪水扰动下交通-网络韧性与公平性_SCS_Natural_Hazards\GPT数据\Nature Portfolio_Project\01_前期数据支撑\10_D10_SPATIAL_EQUITY_RECOVERY\PACKAGES\D10_SpatialEquity_RecoveryBenefit_v1.0.zip,extracted,Exact duplicate verified by identical file size and SHA-256 checksum.
555401af009d2fa4a6227727931ccccb66da03ff9800007708d6dc6396da1838,221184,3,D:\OneDrive\桌面\论文\2027年投稿期刊\论文项目\07_JB医疗可达性_洪水扰动下交通-网络韧性与公平性_SCS_Natural_Hazards\GPT数据\JB_Flood_Healthcare_Accessibility_Research\03_Nature_Portfolio_Project\Supporting_Information\Geospatial_Data\JB_Community_Healthcare_D04A2_RSO.gpkg,D:\OneDrive\桌面\论文\2027年投稿期刊\论文项目\07_JB医疗可达性_洪水扰动下交通-网络韧性与公平性_SCS_Natural_Hazards\GPT数据\_Organization_Working\Archive_Extractions\f9f3bc64df659ce9\PROCESSED\JB_Community_Healthcare_D04A2_RSO.gpkg,D:\OneDrive\桌面\论文\2027年投稿期刊\论文项目\07_JB医疗可达性_洪水扰动下交通-网络韧性与公平性_SCS_Natural_Hazards\GPT数据\Nature Portfolio_Project\01_前期数据支撑\04_D04_HEALTHCARE\PACKAGES\D04A2_Community_Healthcare_Facilities.zip,extracted,Exact duplicate verified by identical file size and SHA-256 checksum.
555401af009d2fa4a6227727931ccccb66da03ff9800007708d6dc6396da1838,221184,3,D:\OneDrive\桌面\论文\2027年投稿期刊\论文项目\07_JB医疗可达性_洪水扰动下交通-网络韧性与公平性_SCS_Natural_Hazards\GPT数据\JB_Flood_Healthcare_Accessibility_Research\03_Nature_Portfolio_Project\Supporting_Information\Geospatial_Data\JB_Community_Healthcare_D04A2_RSO.gpkg,D:\OneDrive\桌面\论文\2027年投稿期刊\论文项目\07_JB医疗可达性_洪水扰动下交通-网络韧性与公平性_SCS_Natural_Hazards\GPT数据\_Organization_Working\Archive_Extractions\2fc63964d4111967\ARCHIVE_MISSING_RECOVERY_BUNDLE_20261005\04_D04_HEALTHCARE\COMMUNITY\JB_Community_Healthcare_D04A2_RSO.gpkg,D:\OneDrive\桌面\论文\2027年投稿期刊\论文项目\07_JB医疗可达性_洪水扰动下交通-网络韧性与公平性_SCS_Natural_Hazards\GPT数据\Nature Portfolio_Project\01_前期数据支撑\99_DUPLICATES_REVIEW\ARCHIVE_MISSING_RECOVERY_BUNDLE_20261005.zip,extracted,Exact duplicate verified by identical file size and SHA-256 checksum.
a03b6ffa186ab25dedb8d22d7e1936f0fae101a2d0776245982e5764c86837ad,221184,3,D:\OneDrive\桌面\论文\2027年投稿期刊\论文项目\07_JB医疗可达性_洪水扰动下交通-网络韧性与公平性_SCS_Natural_Hazards\GPT数据\JB_Flood_Healthcare_Accessibility_Research\03_Nature_Portfolio_Project\Supporting_Information\Geospatial_Data\JB_Community_Healthcare_D04A2_WGS84.gpkg,D:\OneDrive\桌面\论文\2027年投稿期刊\论文项目\07_JB医疗可达性_洪水扰动下交通-网络韧性与公平性_SCS_Natural_Hazards\GPT数据\_Organization_Working\Archive_Extractions\f9f3bc64df659ce9\PROCESSED\JB_Community_Healthcare_D04A2_WGS84.gpkg,D:\OneDrive\桌面\论文\2027年投稿期刊\论文项目\07_JB医疗可达性_洪水扰动下交通-网络韧性与公平性_SCS_Natural_Hazards\GPT数据\Nature Portfolio_Project\01_前期数据支撑\04_D04_HEALTHCARE\PACKAGES\D04A2_Community_Healthcare_Facilities.zip,extracted,Exact duplicate verified by identical file size and SHA-256 checksum.
a03b6ffa186ab25dedb8d22d7e1936f0fae101a2d0776245982e5764c86837ad,221184,3,D:\OneDrive\桌面\论文\2027年投稿期刊\论文项目\07_JB医疗可达性_洪水扰动下交通-网络韧性与公平性_SCS_Natural_Hazards\GPT数据\JB_Flood_Healthcare_Accessibility_Research\03_Nature_Portfolio_Project\Supporting_Information\Geospatial_Data\JB_Community_Healthcare_D04A2_WGS84.gpkg,D:\OneDrive\桌面\论文\2027年投稿期刊\论文项目\07_JB医疗可达性_洪水扰动下交通-网络韧性与公平性_SCS_Natural_Hazards\GPT数据\_Organization_Working\Archive_Extractions\2fc63964d4111967\ARCHIVE_MISSING_RECOVERY_BUNDLE_20261005\04_D04_HEALTHCARE\COMMUNITY\JB_Community_Healthcare_D04A2_WGS84.gpkg,D:\OneDrive\桌面\论文\2027年投稿期刊\论文项目\07_JB医疗可达性_洪水扰动下交通-网络韧性与公平性_SCS_Natural_Hazards\GPT数据\Nature Portfolio_Project\01_前期数据支撑\99_DUPLICATES_REVIEW\ARCHIVE_MISSING_RECOVERY_BUNDLE_20261005.zip,extracted,Exact duplicate verified by identical file size and SHA-256 checksum.
818b82dd2b713b94022282d3e7cab65504867d9c2b3b250344b3983b9648132f,196608,3,D:\OneDrive\桌面\论文\2027年投稿期刊\论文项目\07_JB医疗可达性_洪水扰动下交通-网络韧性与公平性_SCS_Natural_Hazards\GPT数据\JB_Flood_Healthcare_Accessibility_Research\03_Nature_Portfolio_Project\Supporting_Information\Geospatial_Data\JB_Public_Healthcare_D04A1_RSO.gpkg,D:\OneDrive\桌面\论文\2027年投稿期刊\论文项目\07_JB医疗可达性_洪水扰动下交通-网络韧性与公平性_SCS_Natural_Hazards\GPT数据\_Organization_Working\Archive_Extractions\ac198a83b1ede07e\PROCESSED\JB_Public_Healthcare_D04A1_RSO.gpkg,D:\OneDrive\桌面\论文\2027年投稿期刊\论文项目\07_JB医疗可达性_洪水扰动下交通-网络韧性与公平性_SCS_Natural_Hazards\GPT数据\Nature Portfolio_Project\01_前期数据支撑\04_D04_HEALTHCARE\PACKAGES\D04A1_Public_Healthcare_Facilities.zip,extracted,Exact duplicate verified by identical file size and SHA-256 checksum.
818b82dd2b713b94022282d3e7cab65504867d9c2b3b250344b3983b9648132f,196608,3,D:\OneDrive\桌面\论文\2027年投稿期刊\论文项目\07_JB医疗可达性_洪水扰动下交通-网络韧性与公平性_SCS_Natural_Hazards\GPT数据\JB_Flood_Healthcare_Accessibility_Research\03_Nature_Portfolio_Project\Supporting_Information\Geospatial_Data\JB_Public_Healthcare_D04A1_RSO.gpkg,D:\OneDrive\桌面\论文\2027年投稿期刊\论文项目\07_JB医疗可达性_洪水扰动下交通-网络韧性与公平性_SCS_Natural_Hazards\GPT数据\_Organization_Working\Archive_Extractions\2fc63964d4111967\ARCHIVE_MISSING_RECOVERY_BUNDLE_20261005\04_D04_HEALTHCARE\PUBLIC\JB_Public_Healthcare_D04A1_RSO.gpkg,D:\OneDrive\桌面\论文\2027年投稿期刊\论文项目\07_JB医疗可达性_洪水扰动下交通-网络韧性与公平性_SCS_Natural_Hazards\GPT数据\Nature Portfolio_Project\01_前期数据支撑\99_DUPLICATES_REVIEW\ARCHIVE_MISSING_RECOVERY_BUNDLE_20261005.zip,extracted,Exact duplicate verified by identical file size and SHA-256 checksum.
2eb0e841dbab725f9a5c22133bb7aa2da899424ce4c676ebae3eee9241fe66fc,196608,3,D:\OneDrive\桌面\论文\2027年投稿期刊\论文项目\07_JB医疗可达性_洪水扰动下交通-网络韧性与公平性_SCS_Natural_Hazards\GPT数据\JB_Flood_Healthcare_Accessibility_Research\03_Nature_Portfolio_Project\Supporting_Information\Geospatial_Data\JB_Public_Healthcare_D04A1_WGS84.gpkg,D:\OneDrive\桌面\论文\2027年投稿期刊\论文项目\07_JB医疗可达性_洪水扰动下交通-网络韧性与公平性_SCS_Natural_Hazards\GPT数据\_Organization_Working\Archive_Extractions\ac198a83b1ede07e\PROCESSED\JB_Public_Healthcare_D04A1_WGS84.gpkg,D:\OneDrive\桌面\论文\2027年投稿期刊\论文项目\07_JB医疗可达性_洪水扰动下交通-网络韧性与公平性_SCS_Natural_Hazards\GPT数据\Nature Portfolio_Project\01_前期数据支撑\04_D04_HEALTHCARE\PACKAGES\D04A1_Public_Healthcare_Facilities.zip,extracted,Exact duplicate verified by identical file size and SHA-256 checksum.
2eb0e841dbab725f9a5c22133bb7aa2da899424ce4c676ebae3eee9241fe66fc,196608,3,D:\OneDrive\桌面\论文\2027年投稿期刊\论文项目\07_JB医疗可达性_洪水扰动下交通-网络韧性与公平性_SCS_Natural_Hazards\GPT数据\JB_Flood_Healthcare_Accessibility_Research\03_Nature_Portfolio_Project\Supporting_Information\Geospatial_Data\JB_Public_Healthcare_D04A1_WGS84.gpkg,D:\OneDrive\桌面\论文\2027年投稿期刊\论文项目\07_JB医疗可达性_洪水扰动下交通-网络韧性与公平性_SCS_Natural_Hazards\GPT数据\_Organization_Working\Archive_Extractions\2fc63964d4111967\ARCHIVE_MISSING_RECOVERY_BUNDLE_20261005\04_D04_HEALTHCARE\PUBLIC\JB_Public_Healthcare_D04A1_WGS84.gpkg,D:\OneDrive\桌面\论文\2027年投稿期刊\论文项目\07_JB医疗可达性_洪水扰动下交通-网络韧性与公平性_SCS_Natural_Hazards\GPT数据\Nature Portfolio_Project\01_前期数据支撑\99_DUPLICATES_REVIEW\ARCHIVE_MISSING_RECOVERY_BUNDLE_20261005.zip,extracted,Exact duplicate verified by identical file size and SHA-256 checksum.
6b2b3635aeeaffb2b8061f63ec04cb64b47b8933e0fcb9de08712f847c326890,3799505,3,D:\OneDrive\桌面\论文\2027年投稿期刊\论文项目\07_JB医疗可达性_洪水扰动下交通-网络韧性与公平性_SCS_Natural_Hazards\GPT数据\JB_Flood_Healthcare_Accessibility_Research\03_Nature_Portfolio_Project\Figures\Geospatial_Data\JB_Terrain_RelativeElevation_1000m_RSO.tif,D:\OneDrive\桌面\论文\2027年投稿期刊\论文项目\07_JB医疗可达性_洪水扰动下交通-网络韧性与公平性_SCS_Natural_Hazards\GPT数据\_Organization_Working\Archive_Extractions\4dbd48db7332047e\PROCESSED\RSO\JB_Terrain_RelativeElevation_1000m_RSO.tif,D:\OneDrive\桌面\论文\2027年投稿期刊\论文项目\07_JB医疗可达性_洪水扰动下交通-网络韧性与公平性_SCS_Natural_Hazards\GPT数据\Nature Portfolio_Project\01_前期数据支撑\03_D03_TERRAIN\PACKAGES\D03C1_Terrain_Derivatives_Final.zip,extracted,Exact duplicate verified by identical file size and SHA-256 checksum.
6b2b3635aeeaffb2b8061f63ec04cb64b47b8933e0fcb9de08712f847c326890,3799505,3,D:\OneDrive\桌面\论文\2027年投稿期刊\论文项目\07_JB医疗可达性_洪水扰动下交通-网络韧性与公平性_SCS_Natural_Hazards\GPT数据\JB_Flood_Healthcare_Accessibility_Research\03_Nature_Portfolio_Project\Figures\Geospatial_Data\JB_Terrain_RelativeElevation_1000m_RSO.tif,D:\OneDrive\桌面\论文\2027年投稿期刊\论文项目\07_JB医疗可达性_洪水扰动下交通-网络韧性与公平性_SCS_Natural_Hazards\GPT数据\_Organization_Working\Archive_Extractions\2fc63964d4111967\ARCHIVE_MISSING_RECOVERY_BUNDLE_20261005\03_D03_TERRAIN\RELATIVE_ELEVATION\JB_Terrain_RelativeElevation_1000m_RSO.tif,D:\OneDrive\桌面\论文\2027年投稿期刊\论文项目\07_JB医疗可达性_洪水扰动下交通-网络韧性与公平性_SCS_Natural_Hazards\GPT数据\Nature Portfolio_Project\01_前期数据支撑\99_DUPLICATES_REVIEW\ARCHIVE_MISSING_RECOVERY_BUNDLE_20261005.zip,extracted,Exact duplicate verified by identical file size and SHA-256 checksum.
93b31bc027ccfd1079266c1ebfae7ad21ad47ca8dba3499fc5d10d72899f8830,17944576,2,D:\OneDrive\桌面\论文\2027年投稿期刊\论文项目\07_JB医疗可达性_洪水扰动下交通-网络韧性与公平性_SCS_Natural_Hazards\GPT数据\JB_Flood_Healthcare_Accessibility_Research\03_Nature_Portfolio_Project\Supporting_Information\Geospatial_Data\D08_EventFootprint_Accessibility_Impact_RSO.gpkg,D:\OneDrive\桌面\论文\2027年投稿期刊\论文项目\07_JB医疗可达性_洪水扰动下交通-网络韧性与公平性_SCS_Natural_Hazards\GPT数据\_Organization_Working\Archive_Extractions\8ce6105b5f178931\06_SPATIAL\D08_EventFootprint_Accessibility_Impact_RSO.gpkg,D:\OneDrive\桌面\论文\2027年投稿期刊\论文项目\07_JB医疗可达性_洪水扰动下交通-网络韧性与公平性_SCS_Natural_Hazards\GPT数据\Nature Portfolio_Project\01_前期数据支撑\08_D08_ACCESSIBILITY_IMPACT\PACKAGES\D08_Step1_2025_Observed_Closure_Accessibility_v0.1.zip,extracted,Exact duplicate verified by identical file size and SHA-256 checksum.
fa6acf201242c3a76f087893edc9871d1e2588992b84eaf1144a08270a624554,28131328,3,D:\OneDrive\桌面\论文\2027年投稿期刊\论文项目\07_JB医疗可达性_洪水扰动下交通-网络韧性与公平性_SCS_Natural_Hazards\GPT数据\JB_Flood_Healthcare_Accessibility_Research\03_Nature_Portfolio_Project\Supporting_Information\Geospatial_Data\D09_FloodSusceptibility_CriticalRoadPriority_RSO.gpkg,D:\OneDrive\桌面\论文\2027年投稿期刊\论文项目\07_JB医疗可达性_洪水扰动下交通-网络韧性与公平性_SCS_Natural_Hazards\GPT数据\_Organization_Working\Archive_Extractions\0805cdcc396f7409\03_GIS\D09_FloodSusceptibility_CriticalRoadPriority_RSO.gpkg,D:\OneDrive\桌面\论文\2027年投稿期刊\论文项目\07_JB医疗可达性_洪水扰动下交通-网络韧性与公平性_SCS_Natural_Hazards\GPT数据\Nature Portfolio_Project\01_前期数据支撑\09_D09_CRITICAL_ROAD_PRIORITY\PACKAGES\D09_FloodSusceptibility_CriticalRoadPriority_v1.0.zip,extracted,Exact duplicate verified by identical file size and SHA-256 checksum.
fa6acf201242c3a76f087893edc9871d1e2588992b84eaf1144a08270a624554,28131328,3,D:\OneDrive\桌面\论文\2027年投稿期刊\论文项目\07_JB医疗可达性_洪水扰动下交通-网络韧性与公平性_SCS_Natural_Hazards\GPT数据\JB_Flood_Healthcare_Accessibility_Research\03_Nature_Portfolio_Project\Supporting_Information\Geospatial_Data\D09_FloodSusceptibility_CriticalRoadPriority_RSO.gpkg,D:\OneDrive\桌面\论文\2027年投稿期刊\论文项目\07_JB医疗可达性_洪水扰动下交通-网络韧性与公平性_SCS_Natural_Hazards\GPT数据\_Organization_Working\Archive_Extractions\2fc63964d4111967\ARCHIVE_MISSING_RECOVERY_BUNDLE_20261005\09_D09_CRITICAL_ROAD_PRIORITY\GIS\D09_FloodSusceptibility_CriticalRoadPriority_RSO.gpkg,D:\OneDrive\桌面\论文\2027年投稿期刊\论文项目\07_JB医疗可达性_洪水扰动下交通-网络韧性与公平性_SCS_Natural_Hazards\GPT数据\Nature Portfolio_Project\01_前期数据支撑\99_DUPLICATES_REVIEW\ARCHIVE_MISSING_RECOVERY_BUNDLE_20261005.zip,extracted,Exact duplicate verified by identical file size and SHA-256 checksum.
93b2742dd0e4523825f4fde6f0ee567332cd591381969e78ad2936dd22d60c39,28200960,3,D:\OneDrive\桌面\论文\2027年投稿期刊\论文项目\07_JB医疗可达性_洪水扰动下交通-网络韧性与公平性_SCS_Natural_Hazards\GPT数据\JB_Flood_Healthcare_Accessibility_Research\03_Nature_Portfolio_Project\Supporting_Information\Geospatial_Data\D09_FloodSusceptibility_CriticalRoadPriority_WGS84.gpkg,D:\OneDrive\桌面\论文\2027年投稿期刊\论文项目\07_JB医疗可达性_洪水扰动下交通-网络韧性与公平性_SCS_Natural_Hazards\GPT数据\_Organization_Working\Archive_Extractions\0805cdcc396f7409\03_GIS\D09_FloodSusceptibility_CriticalRoadPriority_WGS84.gpkg,D:\OneDrive\桌面\论文\2027年投稿期刊\论文项目\07_JB医疗可达性_洪水扰动下交通-网络韧性与公平性_SCS_Natural_Hazards\GPT数据\Nature Portfolio_Project\01_前期数据支撑\09_D09_CRITICAL_ROAD_PRIORITY\PACKAGES\D09_FloodSusceptibility_CriticalRoadPriority_v1.0.zip,extracted,Exact duplicate verified by identical file size and SHA-256 checksum.
93b2742dd0e4523825f4fde6f0ee567332cd591381969e78ad2936dd22d60c39,28200960,3,D:\OneDrive\桌面\论文\2027年投稿期刊\论文项目\07_JB医疗可达性_洪水扰动下交通-网络韧性与公平性_SCS_Natural_Hazards\GPT数据\JB_Flood_Healthcare_Accessibility_Research\03_Nature_Portfolio_Project\Supporting_Information\Geospatial_Data\D09_FloodSusceptibility_CriticalRoadPriority_WGS84.gpkg,D:\OneDrive\桌面\论文\2027年投稿期刊\论文项目\07_JB医疗可达性_洪水扰动下交通-网络韧性与公平性_SCS_Natural_Hazards\GPT数据\_Organization_Working\Archive_Extractions\2fc63964d4111967\ARCHIVE_MISSING_RECOVERY_BUNDLE_20261005\09_D09_CRITICAL_ROAD_PRIORITY\GIS\D09_FloodSusceptibility_CriticalRoadPriority_WGS84.gpkg,D:\OneDrive\桌面\论文\2027年投稿期刊\论文项目\07_JB医疗可达性_洪水扰动下交通-网络韧性与公平性_SCS_Natural_Hazards\GPT数据\Nature Portfolio_Project\01_前期数据支撑\99_DUPLICATES_REVIEW\ARCHIVE_MISSING_RECOVERY_BUNDLE_20261005.zip,extracted,Exact duplicate verified by identical file size and SHA-256 checksum.
ed64bf808c99eb182b3b0fbcf2596ac6112ab6758b033c58efc834f2a16f4340,135168,2,D:\OneDrive\桌面\论文\2027年投稿期刊\论文项目\07_JB医疗可达性_洪水扰动下交通-网络韧性与公平性_SCS_Natural_Hazards\GPT数据\JB_Flood_Healthcare_Accessibility_Research\03_Nature_Portfolio_Project\Supporting_Information\Geospatial_Data\D06R_Routing_Context_UNCHANGED_RSO.gpkg,D:\OneDrive\桌面\论文\2027年投稿期刊\论文项目\07_JB医疗可达性_洪水扰动下交通-网络韧性与公平性_SCS_Natural_Hazards\GPT数据\_Organization_Working\Archive_Extractions\d8e71048c6029856\PROCESSED\D06R_Routing_Context_UNCHANGED_RSO.gpkg,D:\OneDrive\桌面\论文\2027年投稿期刊\论文项目\07_JB医疗可达性_洪水扰动下交通-网络韧性与公平性_SCS_Natural_Hazards\GPT数据\Nature Portfolio_Project\01_前期数据支撑\06_D06_BASELINE_ROUTING\PACKAGES\D06R_Corrected_Baseline_Healthcare_Accessibility_v1.0.zip,extracted,Exact duplicate verified by identical file size and SHA-256 checksum.
1f68c834954a05b8bdc2cf8ea2d1aa26fafac41e15dd5f9cd283091581fb1e5a,98304,2,D:\OneDrive\桌面\论文\2027年投稿期刊\论文项目\07_JB医疗可达性_洪水扰动下交通-网络韧性与公平性_SCS_Natural_Hazards\GPT数据\JB_Flood_Healthcare_Accessibility_Research\03_Nature_Portfolio_Project\Supporting_Information\Geospatial_Data\D07B_Healthcare_Impacts_RSO.gpkg,D:\OneDrive\桌面\论文\2027年投稿期刊\论文项目\07_JB医疗可达性_洪水扰动下交通-网络韧性与公平性_SCS_Natural_Hazards\GPT数据\_Organization_Working\Archive_Extractions\cf7abf2f780bab37\05_HEALTHCARE_IMPACTS\D07B_Healthcare_Impacts_RSO.gpkg,D:\OneDrive\桌面\论文\2027年投稿期刊\论文项目\07_JB医疗可达性_洪水扰动下交通-网络韧性与公平性_SCS_Natural_Hazards\GPT数据\Nature Portfolio_Project\01_前期数据支撑\07_D07_FLOOD_EVENT\PACKAGES\D07AB_2025March_Flood_Event_Register_v0.1.zip,extracted,Exact duplicate verified by identical file size and SHA-256 checksum.
c64dc28e10eb9fc7a8b829d4af5c5e57174575854f9a4fc1a15b69939e50f0a8,364544,2,D:\OneDrive\桌面\论文\2027年投稿期刊\论文项目\07_JB医疗可达性_洪水扰动下交通-网络韧性与公平性_SCS_Natural_Hazards\GPT数据\JB_Flood_Healthcare_Accessibility_Research\03_Nature_Portfolio_Project\Supporting_Information\Geospatial_Data\D07B_JKR_Route_OSM_Candidates_RSO.gpkg,D:\OneDrive\桌面\论文\2027年投稿期刊\论文项目\07_JB医疗可达性_洪水扰动下交通-网络韧性与公平性_SCS_Natural_Hazards\GPT数据\_Organization_Working\Archive_Extractions\cf7abf2f780bab37\03_ROAD_IMPACTS\D07B_JKR_Route_OSM_Candidates_RSO.gpkg,D:\OneDrive\桌面\论文\2027年投稿期刊\论文项目\07_JB医疗可达性_洪水扰动下交通-网络韧性与公平性_SCS_Natural_Hazards\GPT数据\Nature Portfolio_Project\01_前期数据支撑\07_D07_FLOOD_EVENT\PACKAGES\D07AB_2025March_Flood_Event_Register_v0.1.zip,extracted,Exact duplicate verified by identical file size and SHA-256 checksum.
9c0a2954ffb3045a24c721000e4003aa5c9611b96c8d53100f36b6a9cab3af0d,126976,2,D:\OneDrive\桌面\论文\2027年投稿期刊\论文项目\07_JB医疗可达性_洪水扰动下交通-网络韧性与公平性_SCS_Natural_Hazards\GPT数据\JB_Flood_Healthcare_Accessibility_Research\03_Nature_Portfolio_Project\Supporting_Information\Geospatial_Data\D07C_2023_Closure_RoadName_Candidates_RSO.gpkg,D:\OneDrive\桌面\论文\2027年投稿期刊\论文项目\07_JB医疗可达性_洪水扰动下交通-网络韧性与公平性_SCS_Natural_Hazards\GPT数据\_Organization_Working\Archive_Extractions\8482ab99a7abaeeb\05_ROAD_IMPACTS\D07C_2023_Closure_RoadName_Candidates_RSO.gpkg,D:\OneDrive\桌面\论文\2027年投稿期刊\论文项目\07_JB医疗可达性_洪水扰动下交通-网络韧性与公平性_SCS_Natural_Hazards\GPT数据\Nature Portfolio_Project\01_前期数据支撑\07_D07_FLOOD_EVENT\PACKAGES\D07C_D07E_Flood_Hotspots_Hydromet_v0.2.zip,extracted,Exact duplicate verified by identical file size and SHA-256 checksum.
c8d2c9609b95d676423ac0b1e54851ee1d2a94424ed78437d13d871d22c3d69b,131072,2,D:\OneDrive\桌面\论文\2027年投稿期刊\论文项目\07_JB医疗可达性_洪水扰动下交通-网络韧性与公平性_SCS_Natural_Hazards\GPT数据\JB_Flood_Healthcare_Accessibility_Research\03_Nature_Portfolio_Project\Supporting_Information\Geospatial_Data\D07C_Historical_Locations_OSM_Exact_RSO.gpkg,D:\OneDrive\桌面\论文\2027年投稿期刊\论文项目\07_JB医疗可达性_洪水扰动下交通-网络韧性与公平性_SCS_Natural_Hazards\GPT数据\_Organization_Working\Archive_Extractions\8482ab99a7abaeeb\04_LOCATION_EVIDENCE\D07C_Historical_Locations_OSM_Exact_RSO.gpkg,D:\OneDrive\桌面\论文\2027年投稿期刊\论文项目\07_JB医疗可达性_洪水扰动下交通-网络韧性与公平性_SCS_Natural_Hazards\GPT数据\Nature Portfolio_Project\01_前期数据支撑\07_D07_FLOOD_EVENT\PACKAGES\D07C_D07E_Flood_Hotspots_Hydromet_v0.2.zip,extracted,Exact duplicate verified by identical file size and SHA-256 checksum.
328f0d8c9a90def37bdf9b165a68e0b432a89c5ffd34f6b680bc845143b2a259,131072,2,D:\OneDrive\桌面\论文\2027年投稿期刊\论文项目\07_JB医疗可达性_洪水扰动下交通-网络韧性与公平性_SCS_Natural_Hazards\GPT数据\JB_Flood_Healthcare_Accessibility_Research\03_Nature_Portfolio_Project\Supporting_Information\Geospatial_Data\D07C_JB_Official_Hotspots_OSM_Matched_RSO.gpkg,D:\OneDrive\桌面\论文\2027年投稿期刊\论文项目\07_JB医疗可达性_洪水扰动下交通-网络韧性与公平性_SCS_Natural_Hazards\GPT数据\_Organization_Working\Archive_Extractions\8482ab99a7abaeeb\03_HOTSPOT_GAZETTEER\D07C_JB_Official_Hotspots_OSM_Matched_RSO.gpkg,D:\OneDrive\桌面\论文\2027年投稿期刊\论文项目\07_JB医疗可达性_洪水扰动下交通-网络韧性与公平性_SCS_Natural_Hazards\GPT数据\Nature Portfolio_Project\01_前期数据支撑\07_D07_FLOOD_EVENT\PACKAGES\D07C_D07E_Flood_Hotspots_Hydromet_v0.2.zip,extracted,Exact duplicate verified by identical file size and SHA-256 checksum.
02aff3f7e3376ce32a74b227f20ee46a8edfa7e8edd2f94985bf9df90a0bea43,131072,2,D:\OneDrive\桌面\论文\2027年投稿期刊\论文项目\07_JB医疗可达性_洪水扰动下交通-网络韧性与公平性_SCS_Natural_Hazards\GPT数据\JB_Flood_Healthcare_Accessibility_Research\03_Nature_Portfolio_Project\Supporting_Information\Geospatial_Data\D07E_GPM_IMERG_JB_GridCells_WGS84.gpkg,D:\OneDrive\桌面\论文\2027年投稿期刊\论文项目\07_JB医疗可达性_洪水扰动下交通-网络韧性与公平性_SCS_Natural_Hazards\GPT数据\_Organization_Working\Archive_Extractions\8482ab99a7abaeeb\06_GPM_IMERG\D07E_GPM_IMERG_JB_GridCells_WGS84.gpkg,D:\OneDrive\桌面\论文\2027年投稿期刊\论文项目\07_JB医疗可达性_洪水扰动下交通-网络韧性与公平性_SCS_Natural_Hazards\GPT数据\Nature Portfolio_Project\01_前期数据支撑\07_D07_FLOOD_EVENT\PACKAGES\D07C_D07E_Flood_Hotspots_Hydromet_v0.2.zip,extracted,Exact duplicate verified by identical file size and SHA-256 checksum.
7f875654075417f234fe6b8324802b203b373244516da1052c0698e713e32757,172032,2,D:\OneDrive\桌面\论文\2027年投稿期刊\论文项目\07_JB医疗可达性_洪水扰动下交通-网络韧性与公平性_SCS_Natural_Hazards\GPT数据\JB_Flood_Healthcare_Accessibility_Research\03_Nature_Portfolio_Project\Supporting_Information\Geospatial_Data\D07F_2023_SourceLimited_Closure_Spatialization_RSO.gpkg,D:\OneDrive\桌面\论文\2027年投稿期刊\论文项目\07_JB医疗可达性_洪水扰动下交通-网络韧性与公平性_SCS_Natural_Hazards\GPT数据\_Organization_Working\Archive_Extractions\b1422caa6fcf75c0\03_PENDING_2023\D07F_2023_SourceLimited_Closure_Spatialization_RSO.gpkg,D:\OneDrive\桌面\论文\2027年投稿期刊\论文项目\07_JB医疗可达性_洪水扰动下交通-网络韧性与公平性_SCS_Natural_Hazards\GPT数据\Nature Portfolio_Project\01_前期数据支撑\07_D07_FLOOD_EVENT\PACKAGES\D07F_Closure_Spatialization_IMERG_Readiness_v0.3.zip,extracted,Exact duplicate verified by identical file size and SHA-256 checksum.
499f66c2b95f5807c63560fd23a38bc7c9cda40df4d1366b7c6ffb084264af84,159744,2,D:\OneDrive\桌面\论文\2027年投稿期刊\论文项目\07_JB医疗可达性_洪水扰动下交通-网络韧性与公平性_SCS_Natural_Hazards\GPT数据\JB_Flood_Healthcare_Accessibility_Research\03_Nature_Portfolio_Project\Supporting_Information\Geospatial_Data\D07F_Authorized_Closure_Spatialization_RSO.gpkg,D:\OneDrive\桌面\论文\2027年投稿期刊\论文项目\07_JB医疗可达性_洪水扰动下交通-网络韧性与公平性_SCS_Natural_Hazards\GPT数据\_Organization_Working\Archive_Extractions\b1422caa6fcf75c0\02_EDGE_SPATIALIZATION\D07F_Authorized_Closure_Spatialization_RSO.gpkg,D:\OneDrive\桌面\论文\2027年投稿期刊\论文项目\07_JB医疗可达性_洪水扰动下交通-网络韧性与公平性_SCS_Natural_Hazards\GPT数据\Nature Portfolio_Project\01_前期数据支撑\07_D07_FLOOD_EVENT\PACKAGES\D07F_Closure_Spatialization_IMERG_Readiness_v0.3.zip,extracted,Exact duplicate verified by identical file size and SHA-256 checksum.
58192628dffbea2415c7d5c996415a0a7838a5a4b9f156a8e4c7d3f4d3c6b524,34489,3,D:\OneDrive\桌面\论文\2027年投稿期刊\论文项目\07_JB医疗可达性_洪水扰动下交通-网络韧性与公平性_SCS_Natural_Hazards\GPT数据\JB_Flood_Healthcare_Accessibility_Research\04_Figure_Support_Data\Shared_GIS_Assets\Geospatial_Data\JB_District_Boundary_MyGDI_WGS84.geojson,D:\OneDrive\桌面\论文\2027年投稿期刊\论文项目\07_JB医疗可达性_洪水扰动下交通-网络韧性与公平性_SCS_Natural_Hazards\GPT数据\绘图支撑数据\JB_STEP5A2_ExecutionKit_v0.2\03_OSM_HYDROGRAPHY\JB_District_Boundary_MyGDI_WGS84.geojson,D:\OneDrive\桌面\论文\2027年投稿期刊\论文项目\07_JB医疗可达性_洪水扰动下交通-网络韧性与公平性_SCS_Natural_Hazards\GPT数据\绘图支撑数据\JB_STEP5A2_ExecutionKit_v0.2\03_OSM_HYDROGRAPHY\JB_District_Boundary_MyGDI_WGS84.geojson,original,Exact duplicate verified by identical file size and SHA-256 checksum.
58192628dffbea2415c7d5c996415a0a7838a5a4b9f156a8e4c7d3f4d3c6b524,34489,3,D:\OneDrive\桌面\论文\2027年投稿期刊\论文项目\07_JB医疗可达性_洪水扰动下交通-网络韧性与公平性_SCS_Natural_Hazards\GPT数据\JB_Flood_Healthcare_Accessibility_Research\04_Figure_Support_Data\Shared_GIS_Assets\Geospatial_Data\JB_District_Boundary_MyGDI_WGS84.geojson,D:\OneDrive\桌面\论文\2027年投稿期刊\论文项目\07_JB医疗可达性_洪水扰动下交通-网络韧性与公平性_SCS_Natural_Hazards\GPT数据\Nature Portfolio_Project\01_前期数据支撑\ScientificReports_JB_Flood_Healthcare_Accessibility\gis\study_area\JB_District_Boundary_MyGDI_WGS84.geojson,D:\OneDrive\桌面\论文\2027年投稿期刊\论文项目\07_JB医疗可达性_洪水扰动下交通-网络韧性与公平性_SCS_Natural_Hazards\GPT数据\Nature Portfolio_Project\01_前期数据支撑\ScientificReports_JB_Flood_Healthcare_Accessibility\gis\study_area\JB_District_Boundary_MyGDI_WGS84.geojson,original,Exact duplicate verified by identical file size and SHA-256 checksum.
0aa0e9cf460fabd86286c9dca337ff7c0b06a7eb7d9ea425278d409e324dca30,520,2,D:\OneDrive\桌面\论文\2027年投稿期刊\论文项目\07_JB医疗可达性_洪水扰动下交通-网络韧性与公平性_SCS_Natural_Hazards\GPT数据\JB_Flood_Healthcare_Accessibility_Research\03_Nature_Portfolio_Project\Supporting_Information\Data_Tables\D06R_Data_Dictionary.csv,D:\OneDrive\桌面\论文\2027年投稿期刊\论文项目\07_JB医疗可达性_洪水扰动下交通-网络韧性与公平性_SCS_Natural_Hazards\GPT数据\_Organization_Working\Archive_Extractions\d8e71048c6029856\METADATA\D06R_Data_Dictionary.csv,D:\OneDrive\桌面\论文\2027年投稿期刊\论文项目\07_JB医疗可达性_洪水扰动下交通-网络韧性与公平性_SCS_Natural_Hazards\GPT数据\Nature Portfolio_Project\01_前期数据支撑\06_D06_BASELINE_ROUTING\PACKAGES\D06R_Corrected_Baseline_Healthcare_Accessibility_v1.0.zip,extracted,Exact duplicate verified by identical file size and SHA-256 checksum.
df305686331a8e3249fa4cbf5330de8a5d2875987585fadada032c60597fa623,874,2,D:\OneDrive\桌面\论文\2027年投稿期刊\论文项目\07_JB医疗可达性_洪水扰动下交通-网络韧性与公平性_SCS_Natural_Hazards\GPT数据\JB_Flood_Healthcare_Accessibility_Research\03_Nature_Portfolio_Project\Supporting_Information\Data_Tables\D07AB_Data_Dictionary.csv,D:\OneDrive\桌面\论文\2027年投稿期刊\论文项目\07_JB医疗可达性_洪水扰动下交通-网络韧性与公平性_SCS_Natural_Hazards\GPT数据\_Organization_Working\Archive_Extractions\cf7abf2f780bab37\08_METADATA\D07AB_Data_Dictionary.csv,D:\OneDrive\桌面\论文\2027年投稿期刊\论文项目\07_JB医疗可达性_洪水扰动下交通-网络韧性与公平性_SCS_Natural_Hazards\GPT数据\Nature Portfolio_Project\01_前期数据支撑\07_D07_FLOOD_EVENT\PACKAGES\D07AB_2025March_Flood_Event_Register_v0.1.zip,extracted,Exact duplicate verified by identical file size and SHA-256 checksum.
c029e109a60ffb8619dbb9cb0d2c28faa9a83e65374e297726464df5c6b4ba8d,862,2,D:\OneDrive\桌面\论文\2027年投稿期刊\论文项目\07_JB医疗可达性_洪水扰动下交通-网络韧性与公平性_SCS_Natural_Hazards\GPT数据\JB_Flood_Healthcare_Accessibility_Research\03_Nature_Portfolio_Project\Supporting_Information\Data_Tables\D07C_D07E_Data_Dictionary.csv,D:\OneDrive\桌面\论文\2027年投稿期刊\论文项目\07_JB医疗可达性_洪水扰动下交通-网络韧性与公平性_SCS_Natural_Hazards\GPT数据\_Organization_Working\Archive_Extractions\8482ab99a7abaeeb\09_METADATA\D07C_D07E_Data_Dictionary.csv,D:\OneDrive\桌面\论文\2027年投稿期刊\论文项目\07_JB医疗可达性_洪水扰动下交通-网络韧性与公平性_SCS_Natural_Hazards\GPT数据\Nature Portfolio_Project\01_前期数据支撑\07_D07_FLOOD_EVENT\PACKAGES\D07C_D07E_Flood_Hotspots_Hydromet_v0.2.zip,extracted,Exact duplicate verified by identical file size and SHA-256 checksum.
b1f9afe63e994a649ecebe6c88fb5b7e3517a90b122c4df6a96c2f4514c80564,639,2,D:\OneDrive\桌面\论文\2027年投稿期刊\论文项目\07_JB医疗可达性_洪水扰动下交通-网络韧性与公平性_SCS_Natural_Hazards\GPT数据\JB_Flood_Healthcare_Accessibility_Research\03_Nature_Portfolio_Project\Supporting_Information\Data_Tables\D07E_Final_Data_Dictionary.csv,D:\OneDrive\桌面\论文\2027年投稿期刊\论文项目\07_JB医疗可达性_洪水扰动下交通-网络韧性与公平性_SCS_Natural_Hazards\GPT数据\_Organization_Working\Archive_Extractions\38df6f38870e57a9\09_METADATA\D07E_Final_Data_Dictionary.csv,D:\OneDrive\桌面\论文\2027年投稿期刊\论文项目\07_JB医疗可达性_洪水扰动下交通-网络韧性与公平性_SCS_Natural_Hazards\GPT数据\Nature Portfolio_Project\01_前期数据支撑\07_D07_FLOOD_EVENT\D07E_IMERG\RAW\D07E_NASA_IMERG_Download_Helper\D07E_Final_IMERG_20250319_21_v1.0.zip,extracted,Exact duplicate verified by identical file size and SHA-256 checksum.
c3be5e0f20b113f660aaab90ec7f13495b9d31e10054a868cb614e8eab60b41c,905,2,D:\OneDrive\桌面\论文\2027年投稿期刊\论文项目\07_JB医疗可达性_洪水扰动下交通-网络韧性与公平性_SCS_Natural_Hazards\GPT数据\JB_Flood_Healthcare_Accessibility_Research\03_Nature_Portfolio_Project\Supporting_Information\Data_Tables\D07F_Data_Dictionary.csv,D:\OneDrive\桌面\论文\2027年投稿期刊\论文项目\07_JB医疗可达性_洪水扰动下交通-网络韧性与公平性_SCS_Natural_Hazards\GPT数据\_Organization_Working\Archive_Extractions\b1422caa6fcf75c0\06_METADATA\D07F_Data_Dictionary.csv,D:\OneDrive\桌面\论文\2027年投稿期刊\论文项目\07_JB医疗可达性_洪水扰动下交通-网络韧性与公平性_SCS_Natural_Hazards\GPT数据\Nature Portfolio_Project\01_前期数据支撑\07_D07_FLOOD_EVENT\PACKAGES\D07F_Closure_Spatialization_IMERG_Readiness_v0.3.zip,extracted,Exact duplicate verified by identical file size and SHA-256 checksum.
fa43e09d07aa24147ece2379f6dcd056e9bf13e2d9771ca99a1a231aa27dd41c,1133,3,D:\OneDrive\桌面\论文\2027年投稿期刊\论文项目\07_JB医疗可达性_洪水扰动下交通-网络韧性与公平性_SCS_Natural_Hazards\GPT数据\JB_Flood_Healthcare_Accessibility_Research\03_Nature_Portfolio_Project\Supporting_Information\Data_Tables\D09_Data_Dictionary.csv,D:\OneDrive\桌面\论文\2027年投稿期刊\论文项目\07_JB医疗可达性_洪水扰动下交通-网络韧性与公平性_SCS_Natural_Hazards\GPT数据\_Organization_Working\Archive_Extractions\0805cdcc396f7409\06_METADATA\D09_Data_Dictionary.csv,D:\OneDrive\桌面\论文\2027年投稿期刊\论文项目\07_JB医疗可达性_洪水扰动下交通-网络韧性与公平性_SCS_Natural_Hazards\GPT数据\Nature Portfolio_Project\01_前期数据支撑\09_D09_CRITICAL_ROAD_PRIORITY\PACKAGES\D09_FloodSusceptibility_CriticalRoadPriority_v1.0.zip,extracted,Exact duplicate verified by identical file size and SHA-256 checksum.
fa43e09d07aa24147ece2379f6dcd056e9bf13e2d9771ca99a1a231aa27dd41c,1133,3,D:\OneDrive\桌面\论文\2027年投稿期刊\论文项目\07_JB医疗可达性_洪水扰动下交通-网络韧性与公平性_SCS_Natural_Hazards\GPT数据\JB_Flood_Healthcare_Accessibility_Research\03_Nature_Portfolio_Project\Supporting_Information\Data_Tables\D09_Data_Dictionary.csv,D:\OneDrive\桌面\论文\2027年投稿期刊\论文项目\07_JB医疗可达性_洪水扰动下交通-网络韧性与公平性_SCS_Natural_Hazards\GPT数据\_Organization_Working\Archive_Extractions\102d9c7b8d8ef24b\08_D09_SOURCE_SNAPSHOT\D09_Data_Dictionary.csv,D:\OneDrive\桌面\论文\2027年投稿期刊\论文项目\07_JB医疗可达性_洪水扰动下交通-网络韧性与公平性_SCS_Natural_Hazards\GPT数据\绘图支撑数据\JB_STEP4_D09_HistoricalZone_Validation_v1.0.zip,extracted,Exact duplicate verified by identical file size and SHA-256 checksum.
99203e375f927e79131ab830e704f0a718c48703495cbbadee7d160b0794b3e0,871,2,D:\OneDrive\桌面\论文\2027年投稿期刊\论文项目\07_JB医疗可达性_洪水扰动下交通-网络韧性与公平性_SCS_Natural_Hazards\GPT数据\JB_Flood_Healthcare_Accessibility_Research\03_Nature_Portfolio_Project\Supporting_Information\Data_Tables\D10_Data_Dictionary.csv,D:\OneDrive\桌面\论文\2027年投稿期刊\论文项目\07_JB医疗可达性_洪水扰动下交通-网络韧性与公平性_SCS_Natural_Hazards\GPT数据\_Organization_Working\Archive_Extractions\1550b0707c8dcb07\07_METADATA\D10_Data_Dictionary.csv,D:\OneDrive\桌面\论文\2027年投稿期刊\论文项目\07_JB医疗可达性_洪水扰动下交通-网络韧性与公平性_SCS_Natural_Hazards\GPT数据\Nature Portfolio_Project\01_前期数据支撑\10_D10_SPATIAL_EQUITY_RECOVERY\PACKAGES\D10_SpatialEquity_RecoveryBenefit_v1.0.zip,extracted,Exact duplicate verified by identical file size and SHA-256 checksum.
8d31c16b1a74322dd014990f6a5dc98ae28bab2abbfba6fe396373c8aac8bfde,76411,2,D:\OneDrive\桌面\论文\2027年投稿期刊\论文项目\07_JB医疗可达性_洪水扰动下交通-网络韧性与公平性_SCS_Natural_Hazards\GPT数据\JB_Flood_Healthcare_Accessibility_Research\03_Nature_Portfolio_Project\Supporting_Information\Data_Tables\D07E_GPM_IMERG_V07B_20250319_21_MYT_144_Granule_Manifest.csv,D:\OneDrive\桌面\论文\2027年投稿期刊\论文项目\07_JB医疗可达性_洪水扰动下交通-网络韧性与公平性_SCS_Natural_Hazards\GPT数据\_Organization_Working\Archive_Extractions\8482ab99a7abaeeb\06_GPM_IMERG\D07E_GPM_IMERG_V07B_20250319_21_MYT_144_Granule_Manifest.csv,D:\OneDrive\桌面\论文\2027年投稿期刊\论文项目\07_JB医疗可达性_洪水扰动下交通-网络韧性与公平性_SCS_Natural_Hazards\GPT数据\Nature Portfolio_Project\01_前期数据支撑\07_D07_FLOOD_EVENT\PACKAGES\D07C_D07E_Flood_Hotspots_Hydromet_v0.2.zip,extracted,Exact duplicate verified by identical file size and SHA-256 checksum.
11a5da555954cb1c16e952a061e680b58663c08f90edb139b479db13b266aa93,2351,2,D:\OneDrive\桌面\论文\2027年投稿期刊\论文项目\07_JB医疗可达性_洪水扰动下交通-网络韧性与公平性_SCS_Natural_Hazards\GPT数据\JB_Flood_Healthcare_Accessibility_Research\03_Nature_Portfolio_Project\Supporting_Information\Data_Tables\D06R_Derived_Files_SHA256.txt,D:\OneDrive\桌面\论文\2027年投稿期刊\论文项目\07_JB医疗可达性_洪水扰动下交通-网络韧性与公平性_SCS_Natural_Hazards\GPT数据\_Organization_Working\Archive_Extractions\d8e71048c6029856\METADATA\D06R_Derived_Files_SHA256.txt,D:\OneDrive\桌面\论文\2027年投稿期刊\论文项目\07_JB医疗可达性_洪水扰动下交通-网络韧性与公平性_SCS_Natural_Hazards\GPT数据\Nature Portfolio_Project\01_前期数据支撑\06_D06_BASELINE_ROUTING\PACKAGES\D06R_Corrected_Baseline_Healthcare_Accessibility_v1.0.zip,extracted,Exact duplicate verified by identical file size and SHA-256 checksum.
1464b7b67751f601ab637840ab1079c72cc4f60fa2a9653701565c8648a8e560,510,2,D:\OneDrive\桌面\论文\2027年投稿期刊\论文项目\07_JB医疗可达性_洪水扰动下交通-网络韧性与公平性_SCS_Natural_Hazards\GPT数据\JB_Flood_Healthcare_Accessibility_Research\03_Nature_Portfolio_Project\Supporting_Information\Geospatial_Data\D06R_Metadata.json,D:\OneDrive\桌面\论文\2027年投稿期刊\论文项目\07_JB医疗可达性_洪水扰动下交通-网络韧性与公平性_SCS_Natural_Hazards\GPT数据\_Organization_Working\Archive_Extractions\d8e71048c6029856\METADATA\D06R_Metadata.json,D:\OneDrive\桌面\论文\2027年投稿期刊\论文项目\07_JB医疗可达性_洪水扰动下交通-网络韧性与公平性_SCS_Natural_Hazards\GPT数据\Nature Portfolio_Project\01_前期数据支撑\06_D06_BASELINE_ROUTING\PACKAGES\D06R_Corrected_Baseline_Healthcare_Accessibility_v1.0.zip,extracted,Exact duplicate verified by identical file size and SHA-256 checksum.
7aad4999b4dff0520676000db1938386de4c91e3a76ab6e060fa5cfc9ca65394,1810,2,D:\OneDrive\桌面\论文\2027年投稿期刊\论文项目\07_JB医疗可达性_洪水扰动下交通-网络韧性与公平性_SCS_Natural_Hazards\GPT数据\JB_Flood_Healthcare_Accessibility_Research\03_Nature_Portfolio_Project\Supporting_Information\Data_Tables\D07AB_Derived_Files_SHA256.txt,D:\OneDrive\桌面\论文\2027年投稿期刊\论文项目\07_JB医疗可达性_洪水扰动下交通-网络韧性与公平性_SCS_Natural_Hazards\GPT数据\_Organization_Working\Archive_Extractions\cf7abf2f780bab37\08_METADATA\D07AB_Derived_Files_SHA256.txt,D:\OneDrive\桌面\论文\2027年投稿期刊\论文项目\07_JB医疗可达性_洪水扰动下交通-网络韧性与公平性_SCS_Natural_Hazards\GPT数据\Nature Portfolio_Project\01_前期数据支撑\07_D07_FLOOD_EVENT\PACKAGES\D07AB_2025March_Flood_Event_Register_v0.1.zip,extracted,Exact duplicate verified by identical file size and SHA-256 checksum.
d10807e693328d9f69c33ae5f608033a3645aae4aabd3fd4ec1a480acc28b358,845,2,D:\OneDrive\桌面\论文\2027年投稿期刊\论文项目\07_JB医疗可达性_洪水扰动下交通-网络韧性与公平性_SCS_Natural_Hazards\GPT数据\JB_Flood_Healthcare_Accessibility_Research\03_Nature_Portfolio_Project\Supporting_Information\Geospatial_Data\D07AB_Metadata.json,D:\OneDrive\桌面\论文\2027年投稿期刊\论文项目\07_JB医疗可达性_洪水扰动下交通-网络韧性与公平性_SCS_Natural_Hazards\GPT数据\_Organization_Working\Archive_Extractions\cf7abf2f780bab37\08_METADATA\D07AB_Metadata.json,D:\OneDrive\桌面\论文\2027年投稿期刊\论文项目\07_JB医疗可达性_洪水扰动下交通-网络韧性与公平性_SCS_Natural_Hazards\GPT数据\Nature Portfolio_Project\01_前期数据支撑\07_D07_FLOOD_EVENT\PACKAGES\D07AB_2025March_Flood_Event_Register_v0.1.zip,extracted,Exact duplicate verified by identical file size and SHA-256 checksum.
0066cdd337f8c777b8e5eed6f7f92808d4103dec8275ab52bef9b22fb46d8132,3504,2,D:\OneDrive\桌面\论文\2027年投稿期刊\论文项目\07_JB医疗可达性_洪水扰动下交通-网络韧性与公平性_SCS_Natural_Hazards\GPT数据\JB_Flood_Healthcare_Accessibility_Research\03_Nature_Portfolio_Project\Supporting_Information\Data_Tables\D07C_D07E_Derived_Files_SHA256.txt,D:\OneDrive\桌面\论文\2027年投稿期刊\论文项目\07_JB医疗可达性_洪水扰动下交通-网络韧性与公平性_SCS_Natural_Hazards\GPT数据\_Organization_Working\Archive_Extractions\8482ab99a7abaeeb\09_METADATA\D07C_D07E_Derived_Files_SHA256.txt,D:\OneDrive\桌面\论文\2027年投稿期刊\论文项目\07_JB医疗可达性_洪水扰动下交通-网络韧性与公平性_SCS_Natural_Hazards\GPT数据\Nature Portfolio_Project\01_前期数据支撑\07_D07_FLOOD_EVENT\PACKAGES\D07C_D07E_Flood_Hotspots_Hydromet_v0.2.zip,extracted,Exact duplicate verified by identical file size and SHA-256 checksum.
411129556a4ad841b0a98302517fb0d7c15319eaa1230c3b38e4996972e7cbb3,1891,2,D:\OneDrive\桌面\论文\2027年投稿期刊\论文项目\07_JB医疗可达性_洪水扰动下交通-网络韧性与公平性_SCS_Natural_Hazards\GPT数据\JB_Flood_Healthcare_Accessibility_Research\03_Nature_Portfolio_Project\Supporting_Information\Geospatial_Data\D07C_D07E_Metadata.json,D:\OneDrive\桌面\论文\2027年投稿期刊\论文项目\07_JB医疗可达性_洪水扰动下交通-网络韧性与公平性_SCS_Natural_Hazards\GPT数据\_Organization_Working\Archive_Extractions\8482ab99a7abaeeb\09_METADATA\D07C_D07E_Metadata.json,D:\OneDrive\桌面\论文\2027年投稿期刊\论文项目\07_JB医疗可达性_洪水扰动下交通-网络韧性与公平性_SCS_Natural_Hazards\GPT数据\Nature Portfolio_Project\01_前期数据支撑\07_D07_FLOOD_EVENT\PACKAGES\D07C_D07E_Flood_Hotspots_Hydromet_v0.2.zip,extracted,Exact duplicate verified by identical file size and SHA-256 checksum.
fb8d14220b6015f4426ab97c6dc97bcb6ea5196b269bdff19dd6e258ad4dd0e5,2417,2,D:\OneDrive\桌面\论文\2027年投稿期刊\论文项目\07_JB医疗可达性_洪水扰动下交通-网络韧性与公平性_SCS_Natural_Hazards\GPT数据\JB_Flood_Healthcare_Accessibility_Research\03_Nature_Portfolio_Project\Supporting_Information\Data_Tables\D07E_Derived_Files_SHA256.txt,D:\OneDrive\桌面\论文\2027年投稿期刊\论文项目\07_JB医疗可达性_洪水扰动下交通-网络韧性与公平性_SCS_Natural_Hazards\GPT数据\_Organization_Working\Archive_Extractions\38df6f38870e57a9\09_METADATA\D07E_Derived_Files_SHA256.txt,D:\OneDrive\桌面\论文\2027年投稿期刊\论文项目\07_JB医疗可达性_洪水扰动下交通-网络韧性与公平性_SCS_Natural_Hazards\GPT数据\Nature Portfolio_Project\01_前期数据支撑\07_D07_FLOOD_EVENT\D07E_IMERG\RAW\D07E_NASA_IMERG_Download_Helper\D07E_Final_IMERG_20250319_21_v1.0.zip,extracted,Exact duplicate verified by identical file size and SHA-256 checksum.
f9ffaceed8292cc5e47aebfe6155953b85aca5d065d869a8310ab0930db5f48c,3428,2,D:\OneDrive\桌面\论文\2027年投稿期刊\论文项目\07_JB医疗可达性_洪水扰动下交通-网络韧性与公平性_SCS_Natural_Hazards\GPT数据\JB_Flood_Healthcare_Accessibility_Research\03_Nature_Portfolio_Project\Supporting_Information\Scripts\D07E_download_and_aggregate_IMERG.py,D:\OneDrive\桌面\论文\2027年投稿期刊\论文项目\07_JB医疗可达性_洪水扰动下交通-网络韧性与公平性_SCS_Natural_Hazards\GPT数据\_Organization_Working\Archive_Extractions\8482ab99a7abaeeb\10_CODE\D07E_download_and_aggregate_IMERG.py,D:\OneDrive\桌面\论文\2027年投稿期刊\论文项目\07_JB医疗可达性_洪水扰动下交通-网络韧性与公平性_SCS_Natural_Hazards\GPT数据\Nature Portfolio_Project\01_前期数据支撑\07_D07_FLOOD_EVENT\PACKAGES\D07C_D07E_Flood_Hotspots_Hydromet_v0.2.zip,extracted,Exact duplicate verified by identical file size and SHA-256 checksum.
8ac2480e7262954d4e743810de1df45be1a6061d24112cd92fa3c27784a291b2,1112,2,D:\OneDrive\桌面\论文\2027年投稿期刊\论文项目\07_JB医疗可达性_洪水扰动下交通-网络韧性与公平性_SCS_Natural_Hazards\GPT数据\JB_Flood_Healthcare_Accessibility_Research\03_Nature_Portfolio_Project\Supporting_Information\Geospatial_Data\D07E_Final_Metadata.json,D:\OneDrive\桌面\论文\2027年投稿期刊\论文项目\07_JB医疗可达性_洪水扰动下交通-网络韧性与公平性_SCS_Natural_Hazards\GPT数据\_Organization_Working\Archive_Extractions\38df6f38870e57a9\09_METADATA\D07E_Final_Metadata.json,D:\OneDrive\桌面\论文\2027年投稿期刊\论文项目\07_JB医疗可达性_洪水扰动下交通-网络韧性与公平性_SCS_Natural_Hazards\GPT数据\Nature Portfolio_Project\01_前期数据支撑\07_D07_FLOOD_EVENT\D07E_IMERG\RAW\D07E_NASA_IMERG_Download_Helper\D07E_Final_IMERG_20250319_21_v1.0.zip,extracted,Exact duplicate verified by identical file size and SHA-256 checksum.
28aae0f6c451417f3783ab458e64567281d3125574d660fb84b5150a4bcd21d4,1436,2,D:\OneDrive\桌面\论文\2027年投稿期刊\论文项目\07_JB医疗可达性_洪水扰动下交通-网络韧性与公平性_SCS_Natural_Hazards\GPT数据\JB_Flood_Healthcare_Accessibility_Research\03_Nature_Portfolio_Project\Supporting_Information\Geospatial_Data\D07F_Metadata.json,D:\OneDrive\桌面\论文\2027年投稿期刊\论文项目\07_JB医疗可达性_洪水扰动下交通-网络韧性与公平性_SCS_Natural_Hazards\GPT数据\_Organization_Working\Archive_Extractions\b1422caa6fcf75c0\06_METADATA\D07F_Metadata.json,D:\OneDrive\桌面\论文\2027年投稿期刊\论文项目\07_JB医疗可达性_洪水扰动下交通-网络韧性与公平性_SCS_Natural_Hazards\GPT数据\Nature Portfolio_Project\01_前期数据支撑\07_D07_FLOOD_EVENT\PACKAGES\D07F_Closure_Spatialization_IMERG_Readiness_v0.3.zip,extracted,Exact duplicate verified by identical file size and SHA-256 checksum.
170f763e60f8ccdad50fabd9eb14d8b25bb4efe7144d893b24fafd22ffbf63a7,2963,2,D:\OneDrive\桌面\论文\2027年投稿期刊\论文项目\07_JB医疗可达性_洪水扰动下交通-网络韧性与公平性_SCS_Natural_Hazards\GPT数据\JB_Flood_Healthcare_Accessibility_Research\03_Nature_Portfolio_Project\Supporting_Information\Scripts\D07F_process_uploaded_IMERG.py,D:\OneDrive\桌面\论文\2027年投稿期刊\论文项目\07_JB医疗可达性_洪水扰动下交通-网络韧性与公平性_SCS_Natural_Hazards\GPT数据\_Organization_Working\Archive_Extractions\b1422caa6fcf75c0\07_CODE\D07F_process_uploaded_IMERG.py,D:\OneDrive\桌面\论文\2027年投稿期刊\论文项目\07_JB医疗可达性_洪水扰动下交通-网络韧性与公平性_SCS_Natural_Hazards\GPT数据\Nature Portfolio_Project\01_前期数据支撑\07_D07_FLOOD_EVENT\PACKAGES\D07F_Closure_Spatialization_IMERG_Readiness_v0.3.zip,extracted,Exact duplicate verified by identical file size and SHA-256 checksum.
43c92b7ac608d24fa1b6f63f8474ea114d6096db518f8ca18c47ca82f951a296,1898,2,D:\OneDrive\桌面\论文\2027年投稿期刊\论文项目\07_JB医疗可达性_洪水扰动下交通-网络韧性与公平性_SCS_Natural_Hazards\GPT数据\JB_Flood_Healthcare_Accessibility_Research\03_Nature_Portfolio_Project\Supporting_Information\Data_Tables\D07F_SHA256.txt,D:\OneDrive\桌面\论文\2027年投稿期刊\论文项目\07_JB医疗可达性_洪水扰动下交通-网络韧性与公平性_SCS_Natural_Hazards\GPT数据\_Organization_Working\Archive_Extractions\b1422caa6fcf75c0\06_METADATA\D07F_SHA256.txt,D:\OneDrive\桌面\论文\2027年投稿期刊\论文项目\07_JB医疗可达性_洪水扰动下交通-网络韧性与公平性_SCS_Natural_Hazards\GPT数据\Nature Portfolio_Project\01_前期数据支撑\07_D07_FLOOD_EVENT\PACKAGES\D07F_Closure_Spatialization_IMERG_Readiness_v0.3.zip,extracted,Exact duplicate verified by identical file size and SHA-256 checksum.
a46345196242c16b79132034612bb11fdd4ced02a677b5b92d2d1f42e1c09de4,1758,2,D:\OneDrive\桌面\论文\2027年投稿期刊\论文项目\07_JB医疗可达性_洪水扰动下交通-网络韧性与公平性_SCS_Natural_Hazards\GPT数据\JB_Flood_Healthcare_Accessibility_Research\03_Nature_Portfolio_Project\Supporting_Information\Geospatial_Data\D07_Event_Inclusion_Criteria.json,D:\OneDrive\桌面\论文\2027年投稿期刊\论文项目\07_JB医疗可达性_洪水扰动下交通-网络韧性与公平性_SCS_Natural_Hazards\GPT数据\_Organization_Working\Archive_Extractions\cf7abf2f780bab37\08_METADATA\D07_Event_Inclusion_Criteria.json,D:\OneDrive\桌面\论文\2027年投稿期刊\论文项目\07_JB医疗可达性_洪水扰动下交通-网络韧性与公平性_SCS_Natural_Hazards\GPT数据\Nature Portfolio_Project\01_前期数据支撑\07_D07_FLOOD_EVENT\PACKAGES\D07AB_2025March_Flood_Event_Register_v0.1.zip,extracted,Exact duplicate verified by identical file size and SHA-256 checksum.
8c95f79e35756eac8e2619016b54de7c4666aa44b662146bd9708da46acb4488,2398,2,D:\OneDrive\桌面\论文\2027年投稿期刊\论文项目\07_JB医疗可达性_洪水扰动下交通-网络韧性与公平性_SCS_Natural_Hazards\GPT数据\JB_Flood_Healthcare_Accessibility_Research\03_Nature_Portfolio_Project\Supporting_Information\Data_Tables\D08_Derived_Files_SHA256.txt,D:\OneDrive\桌面\论文\2027年投稿期刊\论文项目\07_JB医疗可达性_洪水扰动下交通-网络韧性与公平性_SCS_Natural_Hazards\GPT数据\_Organization_Working\Archive_Extractions\8ce6105b5f178931\09_METADATA\D08_Derived_Files_SHA256.txt,D:\OneDrive\桌面\论文\2027年投稿期刊\论文项目\07_JB医疗可达性_洪水扰动下交通-网络韧性与公平性_SCS_Natural_Hazards\GPT数据\Nature Portfolio_Project\01_前期数据支撑\08_D08_ACCESSIBILITY_IMPACT\PACKAGES\D08_Step1_2025_Observed_Closure_Accessibility_v0.1.zip,extracted,Exact duplicate verified by identical file size and SHA-256 checksum.
30e2d03bb4e9d3734526368f8db8f9604021e6377140afd4aaf7490765d805ac,807,2,D:\OneDrive\桌面\论文\2027年投稿期刊\论文项目\07_JB医疗可达性_洪水扰动下交通-网络韧性与公平性_SCS_Natural_Hazards\GPT数据\JB_Flood_Healthcare_Accessibility_Research\03_Nature_Portfolio_Project\Supporting_Information\Geospatial_Data\D08_Metadata.json,D:\OneDrive\桌面\论文\2027年投稿期刊\论文项目\07_JB医疗可达性_洪水扰动下交通-网络韧性与公平性_SCS_Natural_Hazards\GPT数据\_Organization_Working\Archive_Extractions\8ce6105b5f178931\09_METADATA\D08_Metadata.json,D:\OneDrive\桌面\论文\2027年投稿期刊\论文项目\07_JB医疗可达性_洪水扰动下交通-网络韧性与公平性_SCS_Natural_Hazards\GPT数据\Nature Portfolio_Project\01_前期数据支撑\08_D08_ACCESSIBILITY_IMPACT\PACKAGES\D08_Step1_2025_Observed_Closure_Accessibility_v0.1.zip,extracted,Exact duplicate verified by identical file size and SHA-256 checksum.
102601f5dd11d63e218057683848193a1c6fe81fa6e6940f7737471eeec94cda,732,2,D:\OneDrive\桌面\论文\2027年投稿期刊\论文项目\07_JB医疗可达性_洪水扰动下交通-网络韧性与公平性_SCS_Natural_Hazards\GPT数据\JB_Flood_Healthcare_Accessibility_Research\03_Nature_Portfolio_Project\Supporting_Information\Geospatial_Data\D08_Sensitivity_and_GIS_Metadata.json,D:\OneDrive\桌面\论文\2027年投稿期刊\论文项目\07_JB医疗可达性_洪水扰动下交通-网络韧性与公平性_SCS_Natural_Hazards\GPT数据\_Organization_Working\Archive_Extractions\fe5520d767139c3a\05_METADATA\D08_Sensitivity_and_GIS_Metadata.json,D:\OneDrive\桌面\论文\2027年投稿期刊\论文项目\07_JB医疗可达性_洪水扰动下交通-网络韧性与公平性_SCS_Natural_Hazards\GPT数据\Nature Portfolio_Project\01_前期数据支撑\08_D08_ACCESSIBILITY_IMPACT\PACKAGES\D08_Sensitivity_and_FloodSusceptibility_GIS_v1.0.zip,extracted,Exact duplicate verified by identical file size and SHA-256 checksum.
975f77f9a9fe97875ae3545242ba61c6ee05b9e5d2d01c4d72fbb8ba6dd08a25,1797,2,D:\OneDrive\桌面\论文\2027年投稿期刊\论文项目\07_JB医疗可达性_洪水扰动下交通-网络韧性与公平性_SCS_Natural_Hazards\GPT数据\JB_Flood_Healthcare_Accessibility_Research\03_Nature_Portfolio_Project\Supporting_Information\Data_Tables\D08_Sensitivity_and_GIS_SHA256.txt,D:\OneDrive\桌面\论文\2027年投稿期刊\论文项目\07_JB医疗可达性_洪水扰动下交通-网络韧性与公平性_SCS_Natural_Hazards\GPT数据\_Organization_Working\Archive_Extractions\fe5520d767139c3a\05_METADATA\D08_Sensitivity_and_GIS_SHA256.txt,D:\OneDrive\桌面\论文\2027年投稿期刊\论文项目\07_JB医疗可达性_洪水扰动下交通-网络韧性与公平性_SCS_Natural_Hazards\GPT数据\Nature Portfolio_Project\01_前期数据支撑\08_D08_ACCESSIBILITY_IMPACT\PACKAGES\D08_Sensitivity_and_FloodSusceptibility_GIS_v1.0.zip,extracted,Exact duplicate verified by identical file size and SHA-256 checksum.
e6dfcc5dda3967478b820b53d971ff94300c63563096c14f590bdee3746dad14,1449,3,D:\OneDrive\桌面\论文\2027年投稿期刊\论文项目\07_JB医疗可达性_洪水扰动下交通-网络韧性与公平性_SCS_Natural_Hazards\GPT数据\JB_Flood_Healthcare_Accessibility_Research\03_Nature_Portfolio_Project\Supporting_Information\Data_Tables\D09_CRPI_Definition.csv,D:\OneDrive\桌面\论文\2027年投稿期刊\论文项目\07_JB医疗可达性_洪水扰动下交通-网络韧性与公平性_SCS_Natural_Hazards\GPT数据\_Organization_Working\Archive_Extractions\0805cdcc396f7409\06_METADATA\D09_CRPI_Definition.csv,D:\OneDrive\桌面\论文\2027年投稿期刊\论文项目\07_JB医疗可达性_洪水扰动下交通-网络韧性与公平性_SCS_Natural_Hazards\GPT数据\Nature Portfolio_Project\01_前期数据支撑\09_D09_CRITICAL_ROAD_PRIORITY\PACKAGES\D09_FloodSusceptibility_CriticalRoadPriority_v1.0.zip,extracted,Exact duplicate verified by identical file size and SHA-256 checksum.
e6dfcc5dda3967478b820b53d971ff94300c63563096c14f590bdee3746dad14,1449,3,D:\OneDrive\桌面\论文\2027年投稿期刊\论文项目\07_JB医疗可达性_洪水扰动下交通-网络韧性与公平性_SCS_Natural_Hazards\GPT数据\JB_Flood_Healthcare_Accessibility_Research\03_Nature_Portfolio_Project\Supporting_Information\Data_Tables\D09_CRPI_Definition.csv,D:\OneDrive\桌面\论文\2027年投稿期刊\论文项目\07_JB医疗可达性_洪水扰动下交通-网络韧性与公平性_SCS_Natural_Hazards\GPT数据\_Organization_Working\Archive_Extractions\102d9c7b8d8ef24b\08_D09_SOURCE_SNAPSHOT\D09_CRPI_Definition.csv,D:\OneDrive\桌面\论文\2027年投稿期刊\论文项目\07_JB医疗可达性_洪水扰动下交通-网络韧性与公平性_SCS_Natural_Hazards\GPT数据\绘图支撑数据\JB_STEP4_D09_HistoricalZone_Validation_v1.0.zip,extracted,Exact duplicate verified by identical file size and SHA-256 checksum.
34e5ff9f6e0b16e4afd5fffcd13660e7d92c8db431a592f35e4d8024b7e73382,2495,2,D:\OneDrive\桌面\论文\2027年投稿期刊\论文项目\07_JB医疗可达性_洪水扰动下交通-网络韧性与公平性_SCS_Natural_Hazards\GPT数据\JB_Flood_Healthcare_Accessibility_Research\03_Nature_Portfolio_Project\Supporting_Information\Data_Tables\D09_Derived_Files_SHA256.txt,D:\OneDrive\桌面\论文\2027年投稿期刊\论文项目\07_JB医疗可达性_洪水扰动下交通-网络韧性与公平性_SCS_Natural_Hazards\GPT数据\_Organization_Working\Archive_Extractions\0805cdcc396f7409\06_METADATA\D09_Derived_Files_SHA256.txt,D:\OneDrive\桌面\论文\2027年投稿期刊\论文项目\07_JB医疗可达性_洪水扰动下交通-网络韧性与公平性_SCS_Natural_Hazards\GPT数据\Nature Portfolio_Project\01_前期数据支撑\09_D09_CRITICAL_ROAD_PRIORITY\PACKAGES\D09_FloodSusceptibility_CriticalRoadPriority_v1.0.zip,extracted,Exact duplicate verified by identical file size and SHA-256 checksum.
c1f83bf3ce7d7d9b609ab885e15ae08920d79ebc253631b1c47a2e6137f3d547,1158,2,D:\OneDrive\桌面\论文\2027年投稿期刊\论文项目\07_JB医疗可达性_洪水扰动下交通-网络韧性与公平性_SCS_Natural_Hazards\GPT数据\JB_Flood_Healthcare_Accessibility_Research\03_Nature_Portfolio_Project\Supporting_Information\Geospatial_Data\D09_Metadata.json,D:\OneDrive\桌面\论文\2027年投稿期刊\论文项目\07_JB医疗可达性_洪水扰动下交通-网络韧性与公平性_SCS_Natural_Hazards\GPT数据\_Organization_Working\Archive_Extractions\0805cdcc396f7409\06_METADATA\D09_Metadata.json,D:\OneDrive\桌面\论文\2027年投稿期刊\论文项目\07_JB医疗可达性_洪水扰动下交通-网络韧性与公平性_SCS_Natural_Hazards\GPT数据\Nature Portfolio_Project\01_前期数据支撑\09_D09_CRITICAL_ROAD_PRIORITY\PACKAGES\D09_FloodSusceptibility_CriticalRoadPriority_v1.0.zip,extracted,Exact duplicate verified by identical file size and SHA-256 checksum.
f2c470a4b35b79e927158b159a3aa0c9e85f036c3e5591c4f62b2ec9d604a1ec,2659,2,D:\OneDrive\桌面\论文\2027年投稿期刊\论文项目\07_JB医疗可达性_洪水扰动下交通-网络韧性与公平性_SCS_Natural_Hazards\GPT数据\JB_Flood_Healthcare_Accessibility_Research\03_Nature_Portfolio_Project\Supporting_Information\Data_Tables\D10_Derived_Files_SHA256.txt,D:\OneDrive\桌面\论文\2027年投稿期刊\论文项目\07_JB医疗可达性_洪水扰动下交通-网络韧性与公平性_SCS_Natural_Hazards\GPT数据\_Organization_Working\Archive_Extractions\1550b0707c8dcb07\07_METADATA\D10_Derived_Files_SHA256.txt,D:\OneDrive\桌面\论文\2027年投稿期刊\论文项目\07_JB医疗可达性_洪水扰动下交通-网络韧性与公平性_SCS_Natural_Hazards\GPT数据\Nature Portfolio_Project\01_前期数据支撑\10_D10_SPATIAL_EQUITY_RECOVERY\PACKAGES\D10_SpatialEquity_RecoveryBenefit_v1.0.zip,extracted,Exact duplicate verified by identical file size and SHA-256 checksum.
d52a96d2d5cba122e21dc7e2091780f8b231d1d101fdf6ebf76566c84087dcd7,887,2,D:\OneDrive\桌面\论文\2027年投稿期刊\论文项目\07_JB医疗可达性_洪水扰动下交通-网络韧性与公平性_SCS_Natural_Hazards\GPT数据\JB_Flood_Healthcare_Accessibility_Research\03_Nature_Portfolio_Project\Supporting_Information\Geospatial_Data\D10_Metadata.json,D:\OneDrive\桌面\论文\2027年投稿期刊\论文项目\07_JB医疗可达性_洪水扰动下交通-网络韧性与公平性_SCS_Natural_Hazards\GPT数据\_Organization_Working\Archive_Extractions\1550b0707c8dcb07\07_METADATA\D10_Metadata.json,D:\OneDrive\桌面\论文\2027年投稿期刊\论文项目\07_JB医疗可达性_洪水扰动下交通-网络韧性与公平性_SCS_Natural_Hazards\GPT数据\Nature Portfolio_Project\01_前期数据支撑\10_D10_SPATIAL_EQUITY_RECOVERY\PACKAGES\D10_SpatialEquity_RecoveryBenefit_v1.0.zip,extracted,Exact duplicate verified by identical file size and SHA-256 checksum.
09c3d74c9ee336277fe415e765eab1cd7ec45adecaa30fa898060abef0d75179,750,2,D:\OneDrive\桌面\论文\2027年投稿期刊\论文项目\07_JB医疗可达性_洪水扰动下交通-网络韧性与公平性_SCS_Natural_Hazards\GPT数据\JB_Flood_Healthcare_Accessibility_Research\03_Nature_Portfolio_Project\Supporting_Information\Data_Tables\D11_Derived_Files_SHA256.txt,D:\OneDrive\桌面\论文\2027年投稿期刊\论文项目\07_JB医疗可达性_洪水扰动下交通-网络韧性与公平性_SCS_Natural_Hazards\GPT数据\_Organization_Working\Archive_Extractions\10e902a93f8ba324\06_METADATA\D11_Derived_Files_SHA256.txt,D:\OneDrive\桌面\论文\2027年投稿期刊\论文项目\07_JB医疗可达性_洪水扰动下交通-网络韧性与公平性_SCS_Natural_Hazards\GPT数据\Nature Portfolio_Project\01_前期数据支撑\11_D11_RESULTS_ARCHITECTURE\PACKAGES\D11_Final_Results_Architecture_FigureTable_Freeze_v1.0.zip,extracted,Exact duplicate verified by identical file size and SHA-256 checksum.
a62cd7b94e30f66b09ca3a3d49cfc959a7fbe1eb655ca56fd14a3f8d3857bcdd,474,2,D:\OneDrive\桌面\论文\2027年投稿期刊\论文项目\07_JB医疗可达性_洪水扰动下交通-网络韧性与公平性_SCS_Natural_Hazards\GPT数据\JB_Flood_Healthcare_Accessibility_Research\03_Nature_Portfolio_Project\Supporting_Information\Geospatial_Data\D11_Metadata.json,D:\OneDrive\桌面\论文\2027年投稿期刊\论文项目\07_JB医疗可达性_洪水扰动下交通-网络韧性与公平性_SCS_Natural_Hazards\GPT数据\_Organization_Working\Archive_Extractions\10e902a93f8ba324\06_METADATA\D11_Metadata.json,D:\OneDrive\桌面\论文\2027年投稿期刊\论文项目\07_JB医疗可达性_洪水扰动下交通-网络韧性与公平性_SCS_Natural_Hazards\GPT数据\Nature Portfolio_Project\01_前期数据支撑\11_D11_RESULTS_ARCHITECTURE\PACKAGES\D11_Final_Results_Architecture_FigureTable_Freeze_v1.0.zip,extracted,Exact duplicate verified by identical file size and SHA-256 checksum.
6d1e2b176b7fe2cf02c21661640d103c22beada3487b8b740454c21cee18bc8e,41,3,D:\OneDrive\桌面\论文\2027年投稿期刊\论文项目\07_JB医疗可达性_洪水扰动下交通-网络韧性与公平性_SCS_Natural_Hazards\GPT数据\JB_Flood_Healthcare_Accessibility_Research\03_Nature_Portfolio_Project\Supporting_Information\Other_Files\main_ALT001,D:\OneDrive\桌面\论文\2027年投稿期刊\论文项目\07_JB医疗可达性_洪水扰动下交通-网络韧性与公平性_SCS_Natural_Hazards\GPT数据\Nature Portfolio_Project\01_前期数据支撑\ScientificReports_JB_Flood_Healthcare_Accessibility\metadata\provenance\main__ALT002,D:\OneDrive\桌面\论文\2027年投稿期刊\论文项目\07_JB医疗可达性_洪水扰动下交通-网络韧性与公平性_SCS_Natural_Hazards\GPT数据\Nature Portfolio_Project\01_前期数据支撑\ScientificReports_JB_Flood_Healthcare_Accessibility\metadata\provenance\main__ALT002,original,Exact duplicate verified by identical file size and SHA-256 checksum.
6d1e2b176b7fe2cf02c21661640d103c22beada3487b8b740454c21cee18bc8e,41,3,D:\OneDrive\桌面\论文\2027年投稿期刊\论文项目\07_JB医疗可达性_洪水扰动下交通-网络韧性与公平性_SCS_Natural_Hazards\GPT数据\JB_Flood_Healthcare_Accessibility_Research\03_Nature_Portfolio_Project\Supporting_Information\Other_Files\main_ALT001,D:\OneDrive\桌面\论文\2027年投稿期刊\论文项目\07_JB医疗可达性_洪水扰动下交通-网络韧性与公平性_SCS_Natural_Hazards\GPT数据\Nature Portfolio_Project\01_前期数据支撑\ScientificReports_JB_Flood_Healthcare_Accessibility\metadata\provenance\main__ALT003,D:\OneDrive\桌面\论文\2027年投稿期刊\论文项目\07_JB医疗可达性_洪水扰动下交通-网络韧性与公平性_SCS_Natural_Hazards\GPT数据\Nature Portfolio_Project\01_前期数据支撑\ScientificReports_JB_Flood_Healthcare_Accessibility\metadata\provenance\main__ALT003,original,Exact duplicate verified by identical file size and SHA-256 checksum.
2aed1e03e50cb1267f9a76a5f456d94b52817e46a11eceace8af5b79bdaca194,857342,3,D:\OneDrive\桌面\论文\2027年投稿期刊\论文项目\07_JB医疗可达性_洪水扰动下交通-网络韧性与公平性_SCS_Natural_Hazards\GPT数据\JB_Flood_Healthcare_Accessibility_Research\03_Nature_Portfolio_Project\Figures\Images\D03C1_RelativeElevation_1000m_QC.png,D:\OneDrive\桌面\论文\2027年投稿期刊\论文项目\07_JB医疗可达性_洪水扰动下交通-网络韧性与公平性_SCS_Natural_Hazards\GPT数据\_Organization_Working\Archive_Extractions\4dbd48db7332047e\VALIDATION\D03C1_RelativeElevation_1000m_QC.png,D:\OneDrive\桌面\论文\2027年投稿期刊\论文项目\07_JB医疗可达性_洪水扰动下交通-网络韧性与公平性_SCS_Natural_Hazards\GPT数据\Nature Portfolio_Project\01_前期数据支撑\03_D03_TERRAIN\PACKAGES\D03C1_Terrain_Derivatives_Final.zip,extracted,Exact duplicate verified by identical file size and SHA-256 checksum.
2aed1e03e50cb1267f9a76a5f456d94b52817e46a11eceace8af5b79bdaca194,857342,3,D:\OneDrive\桌面\论文\2027年投稿期刊\论文项目\07_JB医疗可达性_洪水扰动下交通-网络韧性与公平性_SCS_Natural_Hazards\GPT数据\JB_Flood_Healthcare_Accessibility_Research\03_Nature_Portfolio_Project\Figures\Images\D03C1_RelativeElevation_1000m_QC.png,D:\OneDrive\桌面\论文\2027年投稿期刊\论文项目\07_JB医疗可达性_洪水扰动下交通-网络韧性与公平性_SCS_Natural_Hazards\GPT数据\_Organization_Working\Archive_Extractions\2fc63964d4111967\ARCHIVE_MISSING_RECOVERY_BUNDLE_20261005\03_D03_TERRAIN\RELATIVE_ELEVATION\D03C1_RelativeElevation_1000m_QC.png,D:\OneDrive\桌面\论文\2027年投稿期刊\论文项目\07_JB医疗可达性_洪水扰动下交通-网络韧性与公平性_SCS_Natural_Hazards\GPT数据\Nature Portfolio_Project\01_前期数据支撑\99_DUPLICATES_REVIEW\ARCHIVE_MISSING_RECOVERY_BUNDLE_20261005.zip,extracted,Exact duplicate verified by identical file size and SHA-256 checksum.
5cd7efcef9c4b2414e34d1255086677ce76623a0192a3499a51731faaa2d69b1,535,2,D:\OneDrive\桌面\论文\2027年投稿期刊\论文项目\07_JB医疗可达性_洪水扰动下交通-网络韧性与公平性_SCS_Natural_Hazards\GPT数据\JB_Flood_Healthcare_Accessibility_Research\03_Nature_Portfolio_Project\Supporting_Information\Data_Tables\D06R_Accessibility_Global_Summary.csv,D:\OneDrive\桌面\论文\2027年投稿期刊\论文项目\07_JB医疗可达性_洪水扰动下交通-网络韧性与公平性_SCS_Natural_Hazards\GPT数据\_Organization_Working\Archive_Extractions\d8e71048c6029856\VALIDATION\D06R_Accessibility_Global_Summary.csv,D:\OneDrive\桌面\论文\2027年投稿期刊\论文项目\07_JB医疗可达性_洪水扰动下交通-网络韧性与公平性_SCS_Natural_Hazards\GPT数据\Nature Portfolio_Project\01_前期数据支撑\06_D06_BASELINE_ROUTING\PACKAGES\D06R_Corrected_Baseline_Healthcare_Accessibility_v1.0.zip,extracted,Exact duplicate verified by identical file size and SHA-256 checksum.
a18d4979a955d53104642fc8218328fcfe681dc3aad0707cba14d86bfb15f7d8,270,2,D:\OneDrive\桌面\论文\2027年投稿期刊\论文项目\07_JB医疗可达性_洪水扰动下交通-网络韧性与公平性_SCS_Natural_Hazards\GPT数据\JB_Flood_Healthcare_Accessibility_Research\03_Nature_Portfolio_Project\Supporting_Information\Data_Tables\D06R_D06_vs_D06R_Global_Comparison.csv,D:\OneDrive\桌面\论文\2027年投稿期刊\论文项目\07_JB医疗可达性_洪水扰动下交通-网络韧性与公平性_SCS_Natural_Hazards\GPT数据\_Organization_Working\Archive_Extractions\d8e71048c6029856\VALIDATION\D06R_D06_vs_D06R_Global_Comparison.csv,D:\OneDrive\桌面\论文\2027年投稿期刊\论文项目\07_JB医疗可达性_洪水扰动下交通-网络韧性与公平性_SCS_Natural_Hazards\GPT数据\Nature Portfolio_Project\01_前期数据支撑\06_D06_BASELINE_ROUTING\PACKAGES\D06R_Corrected_Baseline_Healthcare_Accessibility_v1.0.zip,extracted,Exact duplicate verified by identical file size and SHA-256 checksum.
5fac5ef2d2014a5be4f17eea8a895281fa7c48cc7648f61dc540ca1f3bd49ff6,781,2,D:\OneDrive\桌面\论文\2027年投稿期刊\论文项目\07_JB医疗可达性_洪水扰动下交通-网络韧性与公平性_SCS_Natural_Hazards\GPT数据\JB_Flood_Healthcare_Accessibility_Research\03_Nature_Portfolio_Project\Supporting_Information\Data_Tables\D06R_Hospital_Redundancy_Summary.csv,D:\OneDrive\桌面\论文\2027年投稿期刊\论文项目\07_JB医疗可达性_洪水扰动下交通-网络韧性与公平性_SCS_Natural_Hazards\GPT数据\_Organization_Working\Archive_Extractions\d8e71048c6029856\VALIDATION\D06R_Hospital_Redundancy_Summary.csv,D:\OneDrive\桌面\论文\2027年投稿期刊\论文项目\07_JB医疗可达性_洪水扰动下交通-网络韧性与公平性_SCS_Natural_Hazards\GPT数据\Nature Portfolio_Project\01_前期数据支撑\06_D06_BASELINE_ROUTING\PACKAGES\D06R_Corrected_Baseline_Healthcare_Accessibility_v1.0.zip,extracted,Exact duplicate verified by identical file size and SHA-256 checksum.
7fb924b8834869f6cc6e3b77388cbd8c0c399c589bce22f7c237b1e359673c49,1230,2,D:\OneDrive\桌面\论文\2027年投稿期刊\论文项目\07_JB医疗可达性_洪水扰动下交通-网络韧性与公平性_SCS_Natural_Hazards\GPT数据\JB_Flood_Healthcare_Accessibility_Research\03_Nature_Portfolio_Project\Supporting_Information\Data_Tables\D06R_Hospital_TravelTime_Catchment_Summary.csv,D:\OneDrive\桌面\论文\2027年投稿期刊\论文项目\07_JB医疗可达性_洪水扰动下交通-网络韧性与公平性_SCS_Natural_Hazards\GPT数据\_Organization_Working\Archive_Extractions\d8e71048c6029856\VALIDATION\D06R_Hospital_TravelTime_Catchment_Summary.csv,D:\OneDrive\桌面\论文\2027年投稿期刊\论文项目\07_JB医疗可达性_洪水扰动下交通-网络韧性与公平性_SCS_Natural_Hazards\GPT数据\Nature Portfolio_Project\01_前期数据支撑\06_D06_BASELINE_ROUTING\PACKAGES\D06R_Corrected_Baseline_Healthcare_Accessibility_v1.0.zip,extracted,Exact duplicate verified by identical file size and SHA-256 checksum.
57a86979dd946f9c67171bce6ee5d0a7162e8955fc675d7818944cd5ca1ffb00,335,2,D:\OneDrive\桌面\论文\2027年投稿期刊\论文项目\07_JB医疗可达性_洪水扰动下交通-网络韧性与公平性_SCS_Natural_Hazards\GPT数据\JB_Flood_Healthcare_Accessibility_Research\03_Nature_Portfolio_Project\Supporting_Information\Data_Tables\D06R_OneWay_Origin_Correction_Audit.csv,D:\OneDrive\桌面\论文\2027年投稿期刊\论文项目\07_JB医疗可达性_洪水扰动下交通-网络韧性与公平性_SCS_Natural_Hazards\GPT数据\_Organization_Working\Archive_Extractions\d8e71048c6029856\VALIDATION\D06R_OneWay_Origin_Correction_Audit.csv,D:\OneDrive\桌面\论文\2027年投稿期刊\论文项目\07_JB医疗可达性_洪水扰动下交通-网络韧性与公平性_SCS_Natural_Hazards\GPT数据\Nature Portfolio_Project\01_前期数据支撑\06_D06_BASELINE_ROUTING\PACKAGES\D06R_Corrected_Baseline_Healthcare_Accessibility_v1.0.zip,extracted,Exact duplicate verified by identical file size and SHA-256 checksum.
db4d2c8e4081d80c53b46a90eaac8ade750007a9851b5929fe5d2d8aab9b00c9,6648,2,D:\OneDrive\桌面\论文\2027年投稿期刊\论文项目\07_JB医疗可达性_洪水扰动下交通-网络韧性与公平性_SCS_Natural_Hazards\GPT数据\JB_Flood_Healthcare_Accessibility_Research\03_Nature_Portfolio_Project\Supporting_Information\Data_Tables\D06R_Routing_Component_Summary_UNCHANGED.csv,D:\OneDrive\桌面\论文\2027年投稿期刊\论文项目\07_JB医疗可达性_洪水扰动下交通-网络韧性与公平性_SCS_Natural_Hazards\GPT数据\_Organization_Working\Archive_Extractions\d8e71048c6029856\VALIDATION\D06R_Routing_Component_Summary_UNCHANGED.csv,D:\OneDrive\桌面\论文\2027年投稿期刊\论文项目\07_JB医疗可达性_洪水扰动下交通-网络韧性与公平性_SCS_Natural_Hazards\GPT数据\Nature Portfolio_Project\01_前期数据支撑\06_D06_BASELINE_ROUTING\PACKAGES\D06R_Corrected_Baseline_Healthcare_Accessibility_v1.0.zip,extracted,Exact duplicate verified by identical file size and SHA-256 checksum.
c7496695e044572aefb2567b7fcb5175f874aef0b1d2fb90baee2c29a4fe8bf0,1404,2,D:\OneDrive\桌面\论文\2027年投稿期刊\论文项目\07_JB医疗可达性_洪水扰动下交通-网络韧性与公平性_SCS_Natural_Hazards\GPT数据\JB_Flood_Healthcare_Accessibility_Research\03_Nature_Portfolio_Project\Supporting_Information\Data_Tables\D06R_Speed_Source_Summary_UNCHANGED.csv,D:\OneDrive\桌面\论文\2027年投稿期刊\论文项目\07_JB医疗可达性_洪水扰动下交通-网络韧性与公平性_SCS_Natural_Hazards\GPT数据\_Organization_Working\Archive_Extractions\d8e71048c6029856\VALIDATION\D06R_Speed_Source_Summary_UNCHANGED.csv,D:\OneDrive\桌面\论文\2027年投稿期刊\论文项目\07_JB医疗可达性_洪水扰动下交通-网络韧性与公平性_SCS_Natural_Hazards\GPT数据\Nature Portfolio_Project\01_前期数据支撑\06_D06_BASELINE_ROUTING\PACKAGES\D06R_Corrected_Baseline_Healthcare_Accessibility_v1.0.zip,extracted,Exact duplicate verified by identical file size and SHA-256 checksum.
afde8ea14d76494fde9c90e931fc0378f2a603322e290903a87c6fcde924edb6,4079,2,D:\OneDrive\桌面\论文\2027年投稿期刊\论文项目\07_JB医疗可达性_洪水扰动下交通-网络韧性与公平性_SCS_Natural_Hazards\GPT数据\JB_Flood_Healthcare_Accessibility_Research\03_Nature_Portfolio_Project\Supporting_Information\Data_Tables\D07AB_QC_Report.txt,D:\OneDrive\桌面\论文\2027年投稿期刊\论文项目\07_JB医疗可达性_洪水扰动下交通-网络韧性与公平性_SCS_Natural_Hazards\GPT数据\_Organization_Working\Archive_Extractions\cf7abf2f780bab37\07_VALIDATION\D07AB_QC_Report.txt,D:\OneDrive\桌面\论文\2027年投稿期刊\论文项目\07_JB医疗可达性_洪水扰动下交通-网络韧性与公平性_SCS_Natural_Hazards\GPT数据\Nature Portfolio_Project\01_前期数据支撑\07_D07_FLOOD_EVENT\PACKAGES\D07AB_2025March_Flood_Event_Register_v0.1.zip,extracted,Exact duplicate verified by identical file size and SHA-256 checksum.
4be0075bf5c531a91b925b448ee88ef87a547f004f9769d2405870b41e2e388e,743,2,D:\OneDrive\桌面\论文\2027年投稿期刊\论文项目\07_JB医疗可达性_洪水扰动下交通-网络韧性与公平性_SCS_Natural_Hazards\GPT数据\JB_Flood_Healthcare_Accessibility_Research\03_Nature_Portfolio_Project\Supporting_Information\Data_Tables\D07B_Recurrent_Validation_Event_Queue.csv,D:\OneDrive\桌面\论文\2027年投稿期刊\论文项目\07_JB医疗可达性_洪水扰动下交通-网络韧性与公平性_SCS_Natural_Hazards\GPT数据\_Organization_Working\Archive_Extractions\cf7abf2f780bab37\07_VALIDATION\D07B_Recurrent_Validation_Event_Queue.csv,D:\OneDrive\桌面\论文\2027年投稿期刊\论文项目\07_JB医疗可达性_洪水扰动下交通-网络韧性与公平性_SCS_Natural_Hazards\GPT数据\Nature Portfolio_Project\01_前期数据支撑\07_D07_FLOOD_EVENT\PACKAGES\D07AB_2025March_Flood_Event_Register_v0.1.zip,extracted,Exact duplicate verified by identical file size and SHA-256 checksum.
e15edfff79fda9c332b3edbb657eb263f283c36a65364128342b591f4bd9c281,382,2,D:\OneDrive\桌面\论文\2027年投稿期刊\论文项目\07_JB医疗可达性_洪水扰动下交通-网络韧性与公平性_SCS_Natural_Hazards\GPT数据\JB_Flood_Healthcare_Accessibility_Research\03_Nature_Portfolio_Project\Submission_Materials\Data_Tables\D07C_2025_27_Areas_Recovery_Summary.csv,D:\OneDrive\桌面\论文\2027年投稿期刊\论文项目\07_JB医疗可达性_洪水扰动下交通-网络韧性与公平性_SCS_Natural_Hazards\GPT数据\_Organization_Working\Archive_Extractions\8482ab99a7abaeeb\08_VALIDATION\D07C_2025_27_Areas_Recovery_Summary.csv,D:\OneDrive\桌面\论文\2027年投稿期刊\论文项目\07_JB医疗可达性_洪水扰动下交通-网络韧性与公平性_SCS_Natural_Hazards\GPT数据\Nature Portfolio_Project\01_前期数据支撑\07_D07_FLOOD_EVENT\PACKAGES\D07C_D07E_Flood_Hotspots_Hydromet_v0.2.zip,extracted,Exact duplicate verified by identical file size and SHA-256 checksum.
d21e514d7670b416daf7b80fa83069b77953bdc3f24e77e54e34c1366c22361c,3207,2,D:\OneDrive\桌面\论文\2027年投稿期刊\论文项目\07_JB医疗可达性_洪水扰动下交通-网络韧性与公平性_SCS_Natural_Hazards\GPT数据\JB_Flood_Healthcare_Accessibility_Research\03_Nature_Portfolio_Project\Submission_Materials\Data_Tables\D07C_2025_MBJB_27_Areas_Recovery_Audit.csv,D:\OneDrive\桌面\论文\2027年投稿期刊\论文项目\07_JB医疗可达性_洪水扰动下交通-网络韧性与公平性_SCS_Natural_Hazards\GPT数据\_Organization_Working\Archive_Extractions\8482ab99a7abaeeb\04_LOCATION_EVIDENCE\D07C_2025_MBJB_27_Areas_Recovery_Audit.csv,D:\OneDrive\桌面\论文\2027年投稿期刊\论文项目\07_JB医疗可达性_洪水扰动下交通-网络韧性与公平性_SCS_Natural_Hazards\GPT数据\Nature Portfolio_Project\01_前期数据支撑\07_D07_FLOOD_EVENT\PACKAGES\D07C_D07E_Flood_Hotspots_Hydromet_v0.2.zip,extracted,Exact duplicate verified by identical file size and SHA-256 checksum.
1d9f9b191ff3d34d0f870abc2bf19869be99e186e2310c81ee65945de485bcf2,733,2,D:\OneDrive\桌面\论文\2027年投稿期刊\论文项目\07_JB医疗可达性_洪水扰动下交通-网络韧性与公平性_SCS_Natural_Hazards\GPT数据\JB_Flood_Healthcare_Accessibility_Research\03_Nature_Portfolio_Project\Supporting_Information\Data_Tables\D07C_D07E_Data_Count_Summary.csv,D:\OneDrive\桌面\论文\2027年投稿期刊\论文项目\07_JB医疗可达性_洪水扰动下交通-网络韧性与公平性_SCS_Natural_Hazards\GPT数据\_Organization_Working\Archive_Extractions\8482ab99a7abaeeb\08_VALIDATION\D07C_D07E_Data_Count_Summary.csv,D:\OneDrive\桌面\论文\2027年投稿期刊\论文项目\07_JB医疗可达性_洪水扰动下交通-网络韧性与公平性_SCS_Natural_Hazards\GPT数据\Nature Portfolio_Project\01_前期数据支撑\07_D07_FLOOD_EVENT\PACKAGES\D07C_D07E_Flood_Hotspots_Hydromet_v0.2.zip,extracted,Exact duplicate verified by identical file size and SHA-256 checksum.
cc721629986b080f1d9ec433452359a474308bd22307f33dfecc0f035bfbaadb,6279,2,D:\OneDrive\桌面\论文\2027年投稿期刊\论文项目\07_JB医疗可达性_洪水扰动下交通-网络韧性与公平性_SCS_Natural_Hazards\GPT数据\JB_Flood_Healthcare_Accessibility_Research\03_Nature_Portfolio_Project\Supporting_Information\Data_Tables\D07C_D07E_QC_Report.txt,D:\OneDrive\桌面\论文\2027年投稿期刊\论文项目\07_JB医疗可达性_洪水扰动下交通-网络韧性与公平性_SCS_Natural_Hazards\GPT数据\_Organization_Working\Archive_Extractions\8482ab99a7abaeeb\08_VALIDATION\D07C_D07E_QC_Report.txt,D:\OneDrive\桌面\论文\2027年投稿期刊\论文项目\07_JB医疗可达性_洪水扰动下交通-网络韧性与公平性_SCS_Natural_Hazards\GPT数据\Nature Portfolio_Project\01_前期数据支撑\07_D07_FLOOD_EVENT\PACKAGES\D07C_D07E_Flood_Hotspots_Hydromet_v0.2.zip,extracted,Exact duplicate verified by identical file size and SHA-256 checksum.
54ebe3b7c63806e0931334fd021eebc598b7fe08feaf2d36f087274b9e320ffc,115,2,D:\OneDrive\桌面\论文\2027年投稿期刊\论文项目\07_JB医疗可达性_洪水扰动下交通-网络韧性与公平性_SCS_Natural_Hazards\GPT数据\JB_Flood_Healthcare_Accessibility_Research\03_Nature_Portfolio_Project\Supporting_Information\Data_Tables\D07C_Evidence_Quality_Summary.csv,D:\OneDrive\桌面\论文\2027年投稿期刊\论文项目\07_JB医疗可达性_洪水扰动下交通-网络韧性与公平性_SCS_Natural_Hazards\GPT数据\_Organization_Working\Archive_Extractions\8482ab99a7abaeeb\08_VALIDATION\D07C_Evidence_Quality_Summary.csv,D:\OneDrive\桌面\论文\2027年投稿期刊\论文项目\07_JB医疗可达性_洪水扰动下交通-网络韧性与公平性_SCS_Natural_Hazards\GPT数据\Nature Portfolio_Project\01_前期数据支撑\07_D07_FLOOD_EVENT\PACKAGES\D07C_D07E_Flood_Hotspots_Hydromet_v0.2.zip,extracted,Exact duplicate verified by identical file size and SHA-256 checksum.
f51a24a6e10eb68105e85ef712e71315aba4d1d1e3672189e97ae2679e20a07d,8691,2,D:\OneDrive\桌面\论文\2027年投稿期刊\论文项目\07_JB医疗可达性_洪水扰动下交通-网络韧性与公平性_SCS_Natural_Hazards\GPT数据\JB_Flood_Healthcare_Accessibility_Research\03_Nature_Portfolio_Project\Supporting_Information\Data_Tables\D07C_Historical_Location_OSM_Match_Audit.csv,D:\OneDrive\桌面\论文\2027年投稿期刊\论文项目\07_JB医疗可达性_洪水扰动下交通-网络韧性与公平性_SCS_Natural_Hazards\GPT数据\_Organization_Working\Archive_Extractions\8482ab99a7abaeeb\04_LOCATION_EVIDENCE\D07C_Historical_Location_OSM_Match_Audit.csv,D:\OneDrive\桌面\论文\2027年投稿期刊\论文项目\07_JB医疗可达性_洪水扰动下交通-网络韧性与公平性_SCS_Natural_Hazards\GPT数据\Nature Portfolio_Project\01_前期数据支撑\07_D07_FLOOD_EVENT\PACKAGES\D07C_D07E_Flood_Hotspots_Hydromet_v0.2.zip,extracted,Exact duplicate verified by identical file size and SHA-256 checksum.
a455930870cca025e09b9bfcacf9d06173b98410c20a44933d8d672fa592edea,212,3,D:\OneDrive\桌面\论文\2027年投稿期刊\论文项目\07_JB医疗可达性_洪水扰动下交通-网络韧性与公平性_SCS_Natural_Hazards\GPT数据\JB_Flood_Healthcare_Accessibility_Research\03_Nature_Portfolio_Project\Supporting_Information\Data_Tables\D07E_IMERG_JB_Daily_AreaWeighted_Summary.csv,D:\OneDrive\桌面\论文\2027年投稿期刊\论文项目\07_JB医疗可达性_洪水扰动下交通-网络韧性与公平性_SCS_Natural_Hazards\GPT数据\_Organization_Working\Archive_Extractions\38df6f38870e57a9\03_PEAKS_DAILY\D07E_IMERG_JB_Daily_AreaWeighted_Summary.csv,D:\OneDrive\桌面\论文\2027年投稿期刊\论文项目\07_JB医疗可达性_洪水扰动下交通-网络韧性与公平性_SCS_Natural_Hazards\GPT数据\Nature Portfolio_Project\01_前期数据支撑\07_D07_FLOOD_EVENT\D07E_IMERG\RAW\D07E_NASA_IMERG_Download_Helper\D07E_Final_IMERG_20250319_21_v1.0.zip,extracted,Exact duplicate verified by identical file size and SHA-256 checksum.
a455930870cca025e09b9bfcacf9d06173b98410c20a44933d8d672fa592edea,212,3,D:\OneDrive\桌面\论文\2027年投稿期刊\论文项目\07_JB医疗可达性_洪水扰动下交通-网络韧性与公平性_SCS_Natural_Hazards\GPT数据\JB_Flood_Healthcare_Accessibility_Research\03_Nature_Portfolio_Project\Supporting_Information\Data_Tables\D07E_IMERG_JB_Daily_AreaWeighted_Summary.csv,D:\OneDrive\桌面\论文\2027年投稿期刊\论文项目\07_JB医疗可达性_洪水扰动下交通-网络韧性与公平性_SCS_Natural_Hazards\GPT数据\_Organization_Working\Archive_Extractions\2fc63964d4111967\ARCHIVE_MISSING_RECOVERY_BUNDLE_20261005\07_D07_FLOOD_EVENT\D07E_IMERG\PROCESSED\D07E_IMERG_JB_Daily_AreaWeighted_Summary.csv,D:\OneDrive\桌面\论文\2027年投稿期刊\论文项目\07_JB医疗可达性_洪水扰动下交通-网络韧性与公平性_SCS_Natural_Hazards\GPT数据\Nature Portfolio_Project\01_前期数据支撑\99_DUPLICATES_REVIEW\ARCHIVE_MISSING_RECOVERY_BUNDLE_20261005.zip,extracted,Exact duplicate verified by identical file size and SHA-256 checksum.
141a093e764f62b538efeecdaa11aeb317da617f644cb439756e257760ed86b2,691,2,D:\OneDrive\桌面\论文\2027年投稿期刊\论文项目\07_JB医疗可达性_洪水扰动下交通-网络韧性与公平性_SCS_Natural_Hazards\GPT数据\JB_Flood_Healthcare_Accessibility_Research\03_Nature_Portfolio_Project\Supporting_Information\Data_Tables\D07E_Uploaded_Zip_Parts_QC.csv,D:\OneDrive\桌面\论文\2027年投稿期刊\论文项目\07_JB医疗可达性_洪水扰动下交通-网络韧性与公平性_SCS_Natural_Hazards\GPT数据\_Organization_Working\Archive_Extractions\38df6f38870e57a9\01_RAW_QC\D07E_Uploaded_Zip_Parts_QC.csv,D:\OneDrive\桌面\论文\2027年投稿期刊\论文项目\07_JB医疗可达性_洪水扰动下交通-网络韧性与公平性_SCS_Natural_Hazards\GPT数据\Nature Portfolio_Project\01_前期数据支撑\07_D07_FLOOD_EVENT\D07E_IMERG\RAW\D07E_NASA_IMERG_Download_Helper\D07E_Final_IMERG_20250319_21_v1.0.zip,extracted,Exact duplicate verified by identical file size and SHA-256 checksum.
d750501171b90689474be25cb360d659084ba042d85e7f6487d4050efd22d1eb,833,2,D:\OneDrive\桌面\论文\2027年投稿期刊\论文项目\07_JB医疗可达性_洪水扰动下交通-网络韧性与公平性_SCS_Natural_Hazards\GPT数据\JB_Flood_Healthcare_Accessibility_Research\03_Nature_Portfolio_Project\Supporting_Information\Data_Tables\D07F_Closure_Spatialization_Checks.csv,D:\OneDrive\桌面\论文\2027年投稿期刊\论文项目\07_JB医疗可达性_洪水扰动下交通-网络韧性与公平性_SCS_Natural_Hazards\GPT数据\_Organization_Working\Archive_Extractions\b1422caa6fcf75c0\05_VALIDATION\D07F_Closure_Spatialization_Checks.csv,D:\OneDrive\桌面\论文\2027年投稿期刊\论文项目\07_JB医疗可达性_洪水扰动下交通-网络韧性与公平性_SCS_Natural_Hazards\GPT数据\Nature Portfolio_Project\01_前期数据支撑\07_D07_FLOOD_EVENT\PACKAGES\D07F_Closure_Spatialization_IMERG_Readiness_v0.3.zip,extracted,Exact duplicate verified by identical file size and SHA-256 checksum.
f225a5b41d6d8456ecbba4ccffb574e569a29e6f7e6be7c3b1cc946ce2e2e13c,152294,2,D:\OneDrive\桌面\论文\2027年投稿期刊\论文项目\07_JB医疗可达性_洪水扰动下交通-网络韧性与公平性_SCS_Natural_Hazards\GPT数据\JB_Flood_Healthcare_Accessibility_Research\03_Nature_Portfolio_Project\Figures\Images\D07F_Closure_Spatialization_QC.png,D:\OneDrive\桌面\论文\2027年投稿期刊\论文项目\07_JB医疗可达性_洪水扰动下交通-网络韧性与公平性_SCS_Natural_Hazards\GPT数据\_Organization_Working\Archive_Extractions\b1422caa6fcf75c0\05_VALIDATION\D07F_Closure_Spatialization_QC.png,D:\OneDrive\桌面\论文\2027年投稿期刊\论文项目\07_JB医疗可达性_洪水扰动下交通-网络韧性与公平性_SCS_Natural_Hazards\GPT数据\Nature Portfolio_Project\01_前期数据支撑\07_D07_FLOOD_EVENT\PACKAGES\D07F_Closure_Spatialization_IMERG_Readiness_v0.3.zip,extracted,Exact duplicate verified by identical file size and SHA-256 checksum.
03f4b311ca861bf35385e1393677006c85724f8939ee479a351adee1a908f106,1037,2,D:\OneDrive\桌面\论文\2027年投稿期刊\论文项目\07_JB医疗可达性_洪水扰动下交通-网络韧性与公平性_SCS_Natural_Hazards\GPT数据\JB_Flood_Healthcare_Accessibility_Research\03_Nature_Portfolio_Project\Supporting_Information\Data_Tables\D07F_FT003_KM9_Chainage_Calibration_Audit.csv,D:\OneDrive\桌面\论文\2027年投稿期刊\论文项目\07_JB医疗可达性_洪水扰动下交通-网络韧性与公平性_SCS_Natural_Hazards\GPT数据\_Organization_Working\Archive_Extractions\b1422caa6fcf75c0\05_VALIDATION\D07F_FT003_KM9_Chainage_Calibration_Audit.csv,D:\OneDrive\桌面\论文\2027年投稿期刊\论文项目\07_JB医疗可达性_洪水扰动下交通-网络韧性与公平性_SCS_Natural_Hazards\GPT数据\Nature Portfolio_Project\01_前期数据支撑\07_D07_FLOOD_EVENT\PACKAGES\D07F_Closure_Spatialization_IMERG_Readiness_v0.3.zip,extracted,Exact duplicate verified by identical file size and SHA-256 checksum.
54df9ccfb782ac8d09173241a86b71801770a2cf37b3366b4077a4d0931191f8,77318,4,D:\OneDrive\桌面\论文\2027年投稿期刊\论文项目\07_JB医疗可达性_洪水扰动下交通-网络韧性与公平性_SCS_Natural_Hazards\GPT数据\JB_Flood_Healthcare_Accessibility_Research\03_Nature_Portfolio_Project\Tables\Data_Tables\D07F_IMERG_Missing_Granules.csv,D:\OneDrive\桌面\论文\2027年投稿期刊\论文项目\07_JB医疗可达性_洪水扰动下交通-网络韧性与公平性_SCS_Natural_Hazards\GPT数据\Nature Portfolio_Project\01_前期数据支撑\ScientificReports_JB_Flood_Healthcare_Accessibility\qc\D07\D07F_IMERG_144_Granule_Availability_Audit.csv,D:\OneDrive\桌面\论文\2027年投稿期刊\论文项目\07_JB医疗可达性_洪水扰动下交通-网络韧性与公平性_SCS_Natural_Hazards\GPT数据\Nature Portfolio_Project\01_前期数据支撑\ScientificReports_JB_Flood_Healthcare_Accessibility\qc\D07\D07F_IMERG_144_Granule_Availability_Audit.csv,original,Exact duplicate verified by identical file size and SHA-256 checksum.
54df9ccfb782ac8d09173241a86b71801770a2cf37b3366b4077a4d0931191f8,77318,4,D:\OneDrive\桌面\论文\2027年投稿期刊\论文项目\07_JB医疗可达性_洪水扰动下交通-网络韧性与公平性_SCS_Natural_Hazards\GPT数据\JB_Flood_Healthcare_Accessibility_Research\03_Nature_Portfolio_Project\Tables\Data_Tables\D07F_IMERG_Missing_Granules.csv,D:\OneDrive\桌面\论文\2027年投稿期刊\论文项目\07_JB医疗可达性_洪水扰动下交通-网络韧性与公平性_SCS_Natural_Hazards\GPT数据\_Organization_Working\Archive_Extractions\b1422caa6fcf75c0\04_IMERG_STATUS\D07F_IMERG_Missing_Granules.csv,D:\OneDrive\桌面\论文\2027年投稿期刊\论文项目\07_JB医疗可达性_洪水扰动下交通-网络韧性与公平性_SCS_Natural_Hazards\GPT数据\Nature Portfolio_Project\01_前期数据支撑\07_D07_FLOOD_EVENT\PACKAGES\D07F_Closure_Spatialization_IMERG_Readiness_v0.3.zip,extracted,Exact duplicate verified by identical file size and SHA-256 checksum.
54df9ccfb782ac8d09173241a86b71801770a2cf37b3366b4077a4d0931191f8,77318,4,D:\OneDrive\桌面\论文\2027年投稿期刊\论文项目\07_JB医疗可达性_洪水扰动下交通-网络韧性与公平性_SCS_Natural_Hazards\GPT数据\JB_Flood_Healthcare_Accessibility_Research\03_Nature_Portfolio_Project\Tables\Data_Tables\D07F_IMERG_Missing_Granules.csv,D:\OneDrive\桌面\论文\2027年投稿期刊\论文项目\07_JB医疗可达性_洪水扰动下交通-网络韧性与公平性_SCS_Natural_Hazards\GPT数据\_Organization_Working\Archive_Extractions\b1422caa6fcf75c0\04_IMERG_STATUS\D07F_IMERG_144_Granule_Availability_Audit.csv,D:\OneDrive\桌面\论文\2027年投稿期刊\论文项目\07_JB医疗可达性_洪水扰动下交通-网络韧性与公平性_SCS_Natural_Hazards\GPT数据\Nature Portfolio_Project\01_前期数据支撑\07_D07_FLOOD_EVENT\PACKAGES\D07F_Closure_Spatialization_IMERG_Readiness_v0.3.zip,extracted,Exact duplicate verified by identical file size and SHA-256 checksum.
34616fa0cfe51c118a8211dd7103034b131044909743fb7686884c8ffa75156e,3453,2,D:\OneDrive\桌面\论文\2027年投稿期刊\论文项目\07_JB医疗可达性_洪水扰动下交通-网络韧性与公平性_SCS_Natural_Hazards\GPT数据\JB_Flood_Healthcare_Accessibility_Research\03_Nature_Portfolio_Project\Supporting_Information\Data_Tables\D07F_QC_Report.txt,D:\OneDrive\桌面\论文\2027年投稿期刊\论文项目\07_JB医疗可达性_洪水扰动下交通-网络韧性与公平性_SCS_Natural_Hazards\GPT数据\_Organization_Working\Archive_Extractions\b1422caa6fcf75c0\05_VALIDATION\D07F_QC_Report.txt,D:\OneDrive\桌面\论文\2027年投稿期刊\论文项目\07_JB医疗可达性_洪水扰动下交通-网络韧性与公平性_SCS_Natural_Hazards\GPT数据\Nature Portfolio_Project\01_前期数据支撑\07_D07_FLOOD_EVENT\PACKAGES\D07F_Closure_Spatialization_IMERG_Readiness_v0.3.zip,extracted,Exact duplicate verified by identical file size and SHA-256 checksum.
562845f7fef205075b1a1fc392435b330522d4c7ff77ca8961294633ab379537,228,2,D:\OneDrive\桌面\论文\2027年投稿期刊\论文项目\07_JB医疗可达性_洪水扰动下交通-网络韧性与公平性_SCS_Natural_Hazards\GPT数据\JB_Flood_Healthcare_Accessibility_Research\03_Nature_Portfolio_Project\Supporting_Information\Data_Tables\GIS_Road_Screening_Class_Counts.csv,D:\OneDrive\桌面\论文\2027年投稿期刊\论文项目\07_JB医疗可达性_洪水扰动下交通-网络韧性与公平性_SCS_Natural_Hazards\GPT数据\_Organization_Working\Archive_Extractions\fe5520d767139c3a\04_VALIDATION\GIS_Road_Screening_Class_Counts.csv,D:\OneDrive\桌面\论文\2027年投稿期刊\论文项目\07_JB医疗可达性_洪水扰动下交通-网络韧性与公平性_SCS_Natural_Hazards\GPT数据\Nature Portfolio_Project\01_前期数据支撑\08_D08_ACCESSIBILITY_IMPACT\PACKAGES\D08_Sensitivity_and_FloodSusceptibility_GIS_v1.0.zip,extracted,Exact duplicate verified by identical file size and SHA-256 checksum.
98495435da9acf4e2a35ea07b056d0bdb40d1496a59960de3bcb22a4fbf1dab3,1597,2,D:\OneDrive\桌面\论文\2027年投稿期刊\论文项目\07_JB医疗可达性_洪水扰动下交通-网络韧性与公平性_SCS_Natural_Hazards\GPT数据\JB_Flood_Healthcare_Accessibility_Research\03_Nature_Portfolio_Project\Supporting_Information\Data_Tables\D06R_Accessibility_Subdistrict_Summary.csv,D:\OneDrive\桌面\论文\2027年投稿期刊\论文项目\07_JB医疗可达性_洪水扰动下交通-网络韧性与公平性_SCS_Natural_Hazards\GPT数据\_Organization_Working\Archive_Extractions\d8e71048c6029856\VALIDATION\D06R_Accessibility_Subdistrict_Summary.csv,D:\OneDrive\桌面\论文\2027年投稿期刊\论文项目\07_JB医疗可达性_洪水扰动下交通-网络韧性与公平性_SCS_Natural_Hazards\GPT数据\Nature Portfolio_Project\01_前期数据支撑\06_D06_BASELINE_ROUTING\PACKAGES\D06R_Corrected_Baseline_Healthcare_Accessibility_v1.0.zip,extracted,Exact duplicate verified by identical file size and SHA-256 checksum.
50f734c14b5535dd0485f4942374179ab819aea6baed5041d5cc61bd87bcecea,606,2,D:\OneDrive\桌面\论文\2027年投稿期刊\论文项目\07_JB医疗可达性_洪水扰动下交通-网络韧性与公平性_SCS_Natural_Hazards\GPT数据\JB_Flood_Healthcare_Accessibility_Research\03_Nature_Portfolio_Project\Supporting_Information\Data_Tables\D08_Closure_Shift_Reconstruction_Audit.csv,D:\OneDrive\桌面\论文\2027年投稿期刊\论文项目\07_JB医疗可达性_洪水扰动下交通-网络韧性与公平性_SCS_Natural_Hazards\GPT数据\_Organization_Working\Archive_Extractions\fe5520d767139c3a\01_SENSITIVITY\D08_Closure_Shift_Reconstruction_Audit.csv,D:\OneDrive\桌面\论文\2027年投稿期刊\论文项目\07_JB医疗可达性_洪水扰动下交通-网络韧性与公平性_SCS_Natural_Hazards\GPT数据\Nature Portfolio_Project\01_前期数据支撑\08_D08_ACCESSIBILITY_IMPACT\PACKAGES\D08_Sensitivity_and_FloodSusceptibility_GIS_v1.0.zip,extracted,Exact duplicate verified by identical file size and SHA-256 checksum.
295eda0a5ff71c75dcc8783d65edf013794a7d4c9c7cb48af8b263220246688c,12618,2,D:\OneDrive\桌面\论文\2027年投稿期刊\论文项目\07_JB医疗可达性_洪水扰动下交通-网络韧性与公平性_SCS_Natural_Hazards\GPT数据\JB_Flood_Healthcare_Accessibility_Research\03_Nature_Portfolio_Project\Supporting_Information\Data_Tables\D08_Closure_Subedge_Intervals.csv,D:\OneDrive\桌面\论文\2027年投稿期刊\论文项目\07_JB医疗可达性_洪水扰动下交通-网络韧性与公平性_SCS_Natural_Hazards\GPT数据\_Organization_Working\Archive_Extractions\8ce6105b5f178931\08_VALIDATION\D08_Closure_Subedge_Intervals.csv,D:\OneDrive\桌面\论文\2027年投稿期刊\论文项目\07_JB医疗可达性_洪水扰动下交通-网络韧性与公平性_SCS_Natural_Hazards\GPT数据\Nature Portfolio_Project\01_前期数据支撑\08_D08_ACCESSIBILITY_IMPACT\PACKAGES\D08_Step1_2025_Observed_Closure_Accessibility_v0.1.zip,extracted,Exact duplicate verified by identical file size and SHA-256 checksum.
2b286496896518c3e12e1d6734ef0d36b6b449e1125669c18d1784541fa0e072,390,2,D:\OneDrive\桌面\论文\2027年投稿期刊\论文项目\07_JB医疗可达性_洪水扰动下交通-网络韧性与公平性_SCS_Natural_Hazards\GPT数据\JB_Flood_Healthcare_Accessibility_Research\03_Nature_Portfolio_Project\Supporting_Information\Data_Tables\D08_D06_OneWay_Origin_Audit.csv,D:\OneDrive\桌面\论文\2027年投稿期刊\论文项目\07_JB医疗可达性_洪水扰动下交通-网络韧性与公平性_SCS_Natural_Hazards\GPT数据\_Organization_Working\Archive_Extractions\8ce6105b5f178931\01_BASELINE_AUDIT\D08_D06_OneWay_Origin_Audit.csv,D:\OneDrive\桌面\论文\2027年投稿期刊\论文项目\07_JB医疗可达性_洪水扰动下交通-网络韧性与公平性_SCS_Natural_Hazards\GPT数据\Nature Portfolio_Project\01_前期数据支撑\08_D08_ACCESSIBILITY_IMPACT\PACKAGES\D08_Step1_2025_Observed_Closure_Accessibility_v0.1.zip,extracted,Exact duplicate verified by identical file size and SHA-256 checksum.
4d3ef0bf176f9b72c28526cc9fa6c2d9cf15a5a69a394408af858310ae6ceb7c,258,2,D:\OneDrive\桌面\论文\2027年投稿期刊\论文项目\07_JB医疗可达性_洪水扰动下交通-网络韧性与公平性_SCS_Natural_Hazards\GPT数据\JB_Flood_Healthcare_Accessibility_Research\03_Nature_Portfolio_Project\Supporting_Information\Data_Tables\D08_D06_vs_D06R_Global_Audit.csv,D:\OneDrive\桌面\论文\2027年投稿期刊\论文项目\07_JB医疗可达性_洪水扰动下交通-网络韧性与公平性_SCS_Natural_Hazards\GPT数据\_Organization_Working\Archive_Extractions\8ce6105b5f178931\01_BASELINE_AUDIT\D08_D06_vs_D06R_Global_Audit.csv,D:\OneDrive\桌面\论文\2027年投稿期刊\论文项目\07_JB医疗可达性_洪水扰动下交通-网络韧性与公平性_SCS_Natural_Hazards\GPT数据\Nature Portfolio_Project\01_前期数据支撑\08_D08_ACCESSIBILITY_IMPACT\PACKAGES\D08_Step1_2025_Observed_Closure_Accessibility_v0.1.zip,extracted,Exact duplicate verified by identical file size and SHA-256 checksum.
25527e11466b1be580dc5ea78c9ddf61e0b9793dae534d481abf7461095dfad6,141,2,D:\OneDrive\桌面\论文\2027年投稿期刊\论文项目\07_JB医疗可达性_洪水扰动下交通-网络韧性与公平性_SCS_Natural_Hazards\GPT数据\JB_Flood_Healthcare_Accessibility_Research\03_Nature_Portfolio_Project\Figures\Data_Tables\D09_CRPI_Rank_Correlation_Across_ScoreMappings.csv,D:\OneDrive\桌面\论文\2027年投稿期刊\论文项目\07_JB医疗可达性_洪水扰动下交通-网络韧性与公平性_SCS_Natural_Hazards\GPT数据\_Organization_Working\Archive_Extractions\0805cdcc396f7409\05_VALIDATION\D09_CRPI_Rank_Correlation_Across_ScoreMappings.csv,D:\OneDrive\桌面\论文\2027年投稿期刊\论文项目\07_JB医疗可达性_洪水扰动下交通-网络韧性与公平性_SCS_Natural_Hazards\GPT数据\Nature Portfolio_Project\01_前期数据支撑\09_D09_CRITICAL_ROAD_PRIORITY\PACKAGES\D09_FloodSusceptibility_CriticalRoadPriority_v1.0.zip,extracted,Exact duplicate verified by identical file size and SHA-256 checksum.
b0a335e028fde8c0e0293b85c2473d46bb55d13620d53b39fdf7da241c4bc3ea,168,2,D:\OneDrive\桌面\论文\2027年投稿期刊\论文项目\07_JB医疗可达性_洪水扰动下交通-网络韧性与公平性_SCS_Natural_Hazards\GPT数据\JB_Flood_Healthcare_Accessibility_Research\03_Nature_Portfolio_Project\Supporting_Information\Data_Tables\D09_CRPI_Rank_Robustness_Summary.csv,D:\OneDrive\桌面\论文\2027年投稿期刊\论文项目\07_JB医疗可达性_洪水扰动下交通-网络韧性与公平性_SCS_Natural_Hazards\GPT数据\_Organization_Working\Archive_Extractions\0805cdcc396f7409\05_VALIDATION\D09_CRPI_Rank_Robustness_Summary.csv,D:\OneDrive\桌面\论文\2027年投稿期刊\论文项目\07_JB医疗可达性_洪水扰动下交通-网络韧性与公平性_SCS_Natural_Hazards\GPT数据\Nature Portfolio_Project\01_前期数据支撑\09_D09_CRITICAL_ROAD_PRIORITY\PACKAGES\D09_FloodSusceptibility_CriticalRoadPriority_v1.0.zip,extracted,Exact duplicate verified by identical file size and SHA-256 checksum.
9044b403584d003341caafe62360281cb212422aef840409065790cc8aba4512,368,2,D:\OneDrive\桌面\论文\2027年投稿期刊\论文项目\07_JB医疗可达性_洪水扰动下交通-网络韧性与公平性_SCS_Natural_Hazards\GPT数据\JB_Flood_Healthcare_Accessibility_Research\03_Nature_Portfolio_Project\Supporting_Information\Data_Tables\D09_CRPI_vs_ClosureStress_Validation.csv,D:\OneDrive\桌面\论文\2027年投稿期刊\论文项目\07_JB医疗可达性_洪水扰动下交通-网络韧性与公平性_SCS_Natural_Hazards\GPT数据\_Organization_Working\Archive_Extractions\0805cdcc396f7409\05_VALIDATION\D09_CRPI_vs_ClosureStress_Validation.csv,D:\OneDrive\桌面\论文\2027年投稿期刊\论文项目\07_JB医疗可达性_洪水扰动下交通-网络韧性与公平性_SCS_Natural_Hazards\GPT数据\Nature Portfolio_Project\01_前期数据支撑\09_D09_CRITICAL_ROAD_PRIORITY\PACKAGES\D09_FloodSusceptibility_CriticalRoadPriority_v1.0.zip,extracted,Exact duplicate verified by identical file size and SHA-256 checksum.
b6d7a7395b401c6cfc3aff70bacf76734f031e808523321fc1220fade710ebdb,272,2,D:\OneDrive\桌面\论文\2027年投稿期刊\论文项目\07_JB医疗可达性_洪水扰动下交通-网络韧性与公平性_SCS_Natural_Hazards\GPT数据\JB_Flood_Healthcare_Accessibility_Research\03_Nature_Portfolio_Project\Figures\Data_Tables\D09_D06_to_CoreRoad_Mapping_Audit.csv,D:\OneDrive\桌面\论文\2027年投稿期刊\论文项目\07_JB医疗可达性_洪水扰动下交通-网络韧性与公平性_SCS_Natural_Hazards\GPT数据\_Organization_Working\Archive_Extractions\0805cdcc396f7409\05_VALIDATION\D09_D06_to_CoreRoad_Mapping_Audit.csv,D:\OneDrive\桌面\论文\2027年投稿期刊\论文项目\07_JB医疗可达性_洪水扰动下交通-网络韧性与公平性_SCS_Natural_Hazards\GPT数据\Nature Portfolio_Project\01_前期数据支撑\09_D09_CRITICAL_ROAD_PRIORITY\PACKAGES\D09_FloodSusceptibility_CriticalRoadPriority_v1.0.zip,extracted,Exact duplicate verified by identical file size and SHA-256 checksum.
ba50c80b3764cd6917563d41633f53e6d50745971ba17124c580013b777e4bb6,284,2,D:\OneDrive\桌面\论文\2027年投稿期刊\论文项目\07_JB医疗可达性_洪水扰动下交通-网络韧性与公平性_SCS_Natural_Hazards\GPT数据\JB_Flood_Healthcare_Accessibility_Research\03_Nature_Portfolio_Project\Supporting_Information\Data_Tables\D09_ObservedClosure_D01_Core_Overlap.csv,D:\OneDrive\桌面\论文\2027年投稿期刊\论文项目\07_JB医疗可达性_洪水扰动下交通-网络韧性与公平性_SCS_Natural_Hazards\GPT数据\_Organization_Working\Archive_Extractions\0805cdcc396f7409\05_VALIDATION\D09_ObservedClosure_D01_Core_Overlap.csv,D:\OneDrive\桌面\论文\2027年投稿期刊\论文项目\07_JB医疗可达性_洪水扰动下交通-网络韧性与公平性_SCS_Natural_Hazards\GPT数据\Nature Portfolio_Project\01_前期数据支撑\09_D09_CRITICAL_ROAD_PRIORITY\PACKAGES\D09_FloodSusceptibility_CriticalRoadPriority_v1.0.zip,extracted,Exact duplicate verified by identical file size and SHA-256 checksum.
686ea36b11f027589a32c7b551ea0e5fbaebbaef46691f6f0ce84e1b53b778d5,936,2,D:\OneDrive\桌面\论文\2027年投稿期刊\论文项目\07_JB医疗可达性_洪水扰动下交通-网络韧性与公平性_SCS_Natural_Hazards\GPT数据\JB_Flood_Healthcare_Accessibility_Research\03_Nature_Portfolio_Project\Supporting_Information\Data_Tables\D09_Priority_Class_Counts.csv,D:\OneDrive\桌面\论文\2027年投稿期刊\论文项目\07_JB医疗可达性_洪水扰动下交通-网络韧性与公平性_SCS_Natural_Hazards\GPT数据\_Organization_Working\Archive_Extractions\0805cdcc396f7409\05_VALIDATION\D09_Priority_Class_Counts.csv,D:\OneDrive\桌面\论文\2027年投稿期刊\论文项目\07_JB医疗可达性_洪水扰动下交通-网络韧性与公平性_SCS_Natural_Hazards\GPT数据\Nature Portfolio_Project\01_前期数据支撑\09_D09_CRITICAL_ROAD_PRIORITY\PACKAGES\D09_FloodSusceptibility_CriticalRoadPriority_v1.0.zip,extracted,Exact duplicate verified by identical file size and SHA-256 checksum.
0e4672d1171c6d479877cb4e36584dc5a308884d6057e63cded1e17bf1480c13,3661,2,D:\OneDrive\桌面\论文\2027年投稿期刊\论文项目\07_JB医疗可达性_洪水扰动下交通-网络韧性与公平性_SCS_Natural_Hazards\GPT数据\JB_Flood_Healthcare_Accessibility_Research\03_Nature_Portfolio_Project\Supporting_Information\Data_Tables\D09_Top20_CRPI_FullSegment_Closure_StressTest.csv,D:\OneDrive\桌面\论文\2027年投稿期刊\论文项目\07_JB医疗可达性_洪水扰动下交通-网络韧性与公平性_SCS_Natural_Hazards\GPT数据\_Organization_Working\Archive_Extractions\0805cdcc396f7409\05_VALIDATION\D09_Top20_CRPI_FullSegment_Closure_StressTest.csv,D:\OneDrive\桌面\论文\2027年投稿期刊\论文项目\07_JB医疗可达性_洪水扰动下交通-网络韧性与公平性_SCS_Natural_Hazards\GPT数据\Nature Portfolio_Project\01_前期数据支撑\09_D09_CRITICAL_ROAD_PRIORITY\PACKAGES\D09_FloodSusceptibility_CriticalRoadPriority_v1.0.zip,extracted,Exact duplicate verified by identical file size and SHA-256 checksum.
ea0634dd07609a64d4faf14474a6ee06e39dc379f5513ed0b1b52fc400984b54,304,2,D:\OneDrive\桌面\论文\2027年投稿期刊\论文项目\07_JB医疗可达性_洪水扰动下交通-网络韧性与公平性_SCS_Natural_Hazards\GPT数据\JB_Flood_Healthcare_Accessibility_Research\03_Nature_Portfolio_Project\Supporting_Information\Data_Tables\D10_Closure_Interaction_Audit.csv,D:\OneDrive\桌面\论文\2027年投稿期刊\论文项目\07_JB医疗可达性_洪水扰动下交通-网络韧性与公平性_SCS_Natural_Hazards\GPT数据\_Organization_Working\Archive_Extractions\1550b0707c8dcb07\06_VALIDATION\D10_Closure_Interaction_Audit.csv,D:\OneDrive\桌面\论文\2027年投稿期刊\论文项目\07_JB医疗可达性_洪水扰动下交通-网络韧性与公平性_SCS_Natural_Hazards\GPT数据\Nature Portfolio_Project\01_前期数据支撑\10_D10_SPATIAL_EQUITY_RECOVERY\PACKAGES\D10_SpatialEquity_RecoveryBenefit_v1.0.zip,extracted,Exact duplicate verified by identical file size and SHA-256 checksum.
552ef4b89bb84a9a8c5b19c54c0d2b7da289f7fffc3ca5945ed04011b9935dff,255,2,D:\OneDrive\桌面\论文\2027年投稿期刊\论文项目\07_JB医疗可达性_洪水扰动下交通-网络韧性与公平性_SCS_Natural_Hazards\GPT数据\JB_Flood_Healthcare_Accessibility_Research\03_Nature_Portfolio_Project\Submission_Materials\Data_Tables\D10_RecoveryStage_Origin_Audit.csv,D:\OneDrive\桌面\论文\2027年投稿期刊\论文项目\07_JB医疗可达性_洪水扰动下交通-网络韧性与公平性_SCS_Natural_Hazards\GPT数据\_Organization_Working\Archive_Extractions\1550b0707c8dcb07\06_VALIDATION\D10_RecoveryStage_Origin_Audit.csv,D:\OneDrive\桌面\论文\2027年投稿期刊\论文项目\07_JB医疗可达性_洪水扰动下交通-网络韧性与公平性_SCS_Natural_Hazards\GPT数据\Nature Portfolio_Project\01_前期数据支撑\10_D10_SPATIAL_EQUITY_RECOVERY\PACKAGES\D10_SpatialEquity_RecoveryBenefit_v1.0.zip,extracted,Exact duplicate verified by identical file size and SHA-256 checksum.
a8a19ae0be3a79cedc2e0c656ae9824914b687d692994b2885f16ed7d8e886b1,526,2,D:\OneDrive\桌面\论文\2027年投稿期刊\论文项目\07_JB医疗可达性_洪水扰动下交通-网络韧性与公平性_SCS_Natural_Hazards\GPT数据\JB_Flood_Healthcare_Accessibility_Research\03_Nature_Portfolio_Project\Submission_Materials\Data_Tables\D10_Recovery_Order_Robustness_Audit.csv,D:\OneDrive\桌面\论文\2027年投稿期刊\论文项目\07_JB医疗可达性_洪水扰动下交通-网络韧性与公平性_SCS_Natural_Hazards\GPT数据\_Organization_Working\Archive_Extractions\1550b0707c8dcb07\06_VALIDATION\D10_Recovery_Order_Robustness_Audit.csv,D:\OneDrive\桌面\论文\2027年投稿期刊\论文项目\07_JB医疗可达性_洪水扰动下交通-网络韧性与公平性_SCS_Natural_Hazards\GPT数据\Nature Portfolio_Project\01_前期数据支撑\10_D10_SPATIAL_EQUITY_RECOVERY\PACKAGES\D10_SpatialEquity_RecoveryBenefit_v1.0.zip,extracted,Exact duplicate verified by identical file size and SHA-256 checksum.
469c1b37f8a081cedd2c4005909691343fe3ebcdf1159afa3d886187b63efb35,2445,3,D:\OneDrive\桌面\论文\2027年投稿期刊\论文项目\07_JB医疗可达性_洪水扰动下交通-网络韧性与公平性_SCS_Natural_Hazards\GPT数据\JB_Flood_Healthcare_Accessibility_Research\03_Nature_Portfolio_Project\Supporting_Information\Data_Tables\D11_Strength_Audit.txt,D:\OneDrive\桌面\论文\2027年投稿期刊\论文项目\07_JB医疗可达性_洪水扰动下交通-网络韧性与公平性_SCS_Natural_Hazards\GPT数据\_Organization_Working\Archive_Extractions\10e902a93f8ba324\05_QC\D11_Strength_Audit.txt,D:\OneDrive\桌面\论文\2027年投稿期刊\论文项目\07_JB医疗可达性_洪水扰动下交通-网络韧性与公平性_SCS_Natural_Hazards\GPT数据\Nature Portfolio_Project\01_前期数据支撑\11_D11_RESULTS_ARCHITECTURE\PACKAGES\D11_Final_Results_Architecture_FigureTable_Freeze_v1.0.zip,extracted,Exact duplicate verified by identical file size and SHA-256 checksum.
469c1b37f8a081cedd2c4005909691343fe3ebcdf1159afa3d886187b63efb35,2445,3,D:\OneDrive\桌面\论文\2027年投稿期刊\论文项目\07_JB医疗可达性_洪水扰动下交通-网络韧性与公平性_SCS_Natural_Hazards\GPT数据\JB_Flood_Healthcare_Accessibility_Research\03_Nature_Portfolio_Project\Supporting_Information\Data_Tables\D11_Strength_Audit.txt,D:\OneDrive\桌面\论文\2027年投稿期刊\论文项目\07_JB医疗可达性_洪水扰动下交通-网络韧性与公平性_SCS_Natural_Hazards\GPT数据\_Organization_Working\Archive_Extractions\2fc63964d4111967\ARCHIVE_MISSING_RECOVERY_BUNDLE_20261005\11_D11_RESULTS_ARCHITECTURE\QC\D11_Strength_Audit.txt,D:\OneDrive\桌面\论文\2027年投稿期刊\论文项目\07_JB医疗可达性_洪水扰动下交通-网络韧性与公平性_SCS_Natural_Hazards\GPT数据\Nature Portfolio_Project\01_前期数据支撑\99_DUPLICATES_REVIEW\ARCHIVE_MISSING_RECOVERY_BUNDLE_20261005.zip,extracted,Exact duplicate verified by identical file size and SHA-256 checksum.
f7ade08460c42ac2572f8c406856a6a5498ffdeeaa9ee06dc18be0bb8d2a8e15,210,2,D:\OneDrive\桌面\论文\2027年投稿期刊\论文项目\07_JB医疗可达性_洪水扰动下交通-网络韧性与公平性_SCS_Natural_Hazards\GPT数据\JB_Flood_Healthcare_Accessibility_Research\03_Nature_Portfolio_Project\Tables\Data_Tables\D06R_Source_Note.txt,D:\OneDrive\桌面\论文\2027年投稿期刊\论文项目\07_JB医疗可达性_洪水扰动下交通-网络韧性与公平性_SCS_Natural_Hazards\GPT数据\_Organization_Working\Archive_Extractions\d8e71048c6029856\SOURCE_REFERENCE\D06R_Source_Note.txt,D:\OneDrive\桌面\论文\2027年投稿期刊\论文项目\07_JB医疗可达性_洪水扰动下交通-网络韧性与公平性_SCS_Natural_Hazards\GPT数据\Nature Portfolio_Project\01_前期数据支撑\06_D06_BASELINE_ROUTING\PACKAGES\D06R_Corrected_Baseline_Healthcare_Accessibility_v1.0.zip,extracted,Exact duplicate verified by identical file size and SHA-256 checksum.
268ab93a84d83896e44236c2a592137fa162827e03cad3ab9dfb72b668d4ef22,3385,2,D:\OneDrive\桌面\论文\2027年投稿期刊\论文项目\07_JB医疗可达性_洪水扰动下交通-网络韧性与公平性_SCS_Natural_Hazards\GPT数据\JB_Flood_Healthcare_Accessibility_Research\03_Nature_Portfolio_Project\Tables\Data_Tables\D07A_Source_Inventory.csv,D:\OneDrive\桌面\论文\2027年投稿期刊\论文项目\07_JB医疗可达性_洪水扰动下交通-网络韧性与公平性_SCS_Natural_Hazards\GPT数据\_Organization_Working\Archive_Extractions\cf7abf2f780bab37\01_SOURCE_INVENTORY\D07A_Source_Inventory.csv,D:\OneDrive\桌面\论文\2027年投稿期刊\论文项目\07_JB医疗可达性_洪水扰动下交通-网络韧性与公平性_SCS_Natural_Hazards\GPT数据\Nature Portfolio_Project\01_前期数据支撑\07_D07_FLOOD_EVENT\PACKAGES\D07AB_2025March_Flood_Event_Register_v0.1.zip,extracted,Exact duplicate verified by identical file size and SHA-256 checksum.
f81b48175ceb864ef812a469dbe6d0bc43ae38a8438bf80c783a4c3e1de2ac0c,3194,2,D:\OneDrive\桌面\论文\2027年投稿期刊\论文项目\07_JB医疗可达性_洪水扰动下交通-网络韧性与公平性_SCS_Natural_Hazards\GPT数据\JB_Flood_Healthcare_Accessibility_Research\03_Nature_Portfolio_Project\Tables\Data_Tables\D07B_Affected_Location_Evidence_Register.csv,D:\OneDrive\桌面\论文\2027年投稿期刊\论文项目\07_JB医疗可达性_洪水扰动下交通-网络韧性与公平性_SCS_Natural_Hazards\GPT数据\_Organization_Working\Archive_Extractions\cf7abf2f780bab37\06_PPS_AND_AFFECTED_AREAS\D07B_Affected_Location_Evidence_Register.csv,D:\OneDrive\桌面\论文\2027年投稿期刊\论文项目\07_JB医疗可达性_洪水扰动下交通-网络韧性与公平性_SCS_Natural_Hazards\GPT数据\Nature Portfolio_Project\01_前期数据支撑\07_D07_FLOOD_EVENT\PACKAGES\D07AB_2025March_Flood_Event_Register_v0.1.zip,extracted,Exact duplicate verified by identical file size and SHA-256 checksum.
e861572b4a0d4e2a2399c42667263ab42be02578f7e7f4b1a402cfac095f16b3,1172,2,D:\OneDrive\桌面\论文\2027年投稿期刊\论文项目\07_JB医疗可达性_洪水扰动下交通-网络韧性与公平性_SCS_Natural_Hazards\GPT数据\JB_Flood_Healthcare_Accessibility_Research\03_Nature_Portfolio_Project\Tables\Data_Tables\D07B_Flood_Event_Register.csv,D:\OneDrive\桌面\论文\2027年投稿期刊\论文项目\07_JB医疗可达性_洪水扰动下交通-网络韧性与公平性_SCS_Natural_Hazards\GPT数据\_Organization_Working\Archive_Extractions\cf7abf2f780bab37\02_EVENT_REGISTER\D07B_Flood_Event_Register.csv,D:\OneDrive\桌面\论文\2027年投稿期刊\论文项目\07_JB医疗可达性_洪水扰动下交通-网络韧性与公平性_SCS_Natural_Hazards\GPT数据\Nature Portfolio_Project\01_前期数据支撑\07_D07_FLOOD_EVENT\PACKAGES\D07AB_2025March_Flood_Event_Register_v0.1.zip,extracted,Exact duplicate verified by identical file size and SHA-256 checksum.
1e589418c0fd519e980cdbd0b0b4262661900c599aa8e3fae1d41a8a45738d88,708,2,D:\OneDrive\桌面\论文\2027年投稿期刊\论文项目\07_JB医疗可达性_洪水扰动下交通-网络韧性与公平性_SCS_Natural_Hazards\GPT数据\JB_Flood_Healthcare_Accessibility_Research\03_Nature_Portfolio_Project\Tables\Data_Tables\D07B_Healthcare_Impact_Register.csv,D:\OneDrive\桌面\论文\2027年投稿期刊\论文项目\07_JB医疗可达性_洪水扰动下交通-网络韧性与公平性_SCS_Natural_Hazards\GPT数据\_Organization_Working\Archive_Extractions\cf7abf2f780bab37\05_HEALTHCARE_IMPACTS\D07B_Healthcare_Impact_Register.csv,D:\OneDrive\桌面\论文\2027年投稿期刊\论文项目\07_JB医疗可达性_洪水扰动下交通-网络韧性与公平性_SCS_Natural_Hazards\GPT数据\Nature Portfolio_Project\01_前期数据支撑\07_D07_FLOOD_EVENT\PACKAGES\D07AB_2025March_Flood_Event_Register_v0.1.zip,extracted,Exact duplicate verified by identical file size and SHA-256 checksum.
f0f43158dd0ace9459256c7bd172e341af46f915f4835f6821eed3adc15f16a3,1822,2,D:\OneDrive\桌面\论文\2027年投稿期刊\论文项目\07_JB医疗可达性_洪水扰动下交通-网络韧性与公平性_SCS_Natural_Hazards\GPT数据\JB_Flood_Healthcare_Accessibility_Research\03_Nature_Portfolio_Project\Tables\Data_Tables\D07B_Hydromet_Evidence_Register.csv,D:\OneDrive\桌面\论文\2027年投稿期刊\论文项目\07_JB医疗可达性_洪水扰动下交通-网络韧性与公平性_SCS_Natural_Hazards\GPT数据\_Organization_Working\Archive_Extractions\cf7abf2f780bab37\04_HYDROMET\D07B_Hydromet_Evidence_Register.csv,D:\OneDrive\桌面\论文\2027年投稿期刊\论文项目\07_JB医疗可达性_洪水扰动下交通-网络韧性与公平性_SCS_Natural_Hazards\GPT数据\Nature Portfolio_Project\01_前期数据支撑\07_D07_FLOOD_EVENT\PACKAGES\D07AB_2025March_Flood_Event_Register_v0.1.zip,extracted,Exact duplicate verified by identical file size and SHA-256 checksum.
296edf3e063848e5733b7dfaf34051f537feab613e41864c7937abcad23904aa,891,2,D:\OneDrive\桌面\论文\2027年投稿期刊\论文项目\07_JB医疗可达性_洪水扰动下交通-网络韧性与公平性_SCS_Natural_Hazards\GPT数据\JB_Flood_Healthcare_Accessibility_Research\03_Nature_Portfolio_Project\Tables\Data_Tables\D07B_JKR_Route_OSM_Match_Summary.csv,D:\OneDrive\桌面\论文\2027年投稿期刊\论文项目\07_JB医疗可达性_洪水扰动下交通-网络韧性与公平性_SCS_Natural_Hazards\GPT数据\_Organization_Working\Archive_Extractions\cf7abf2f780bab37\03_ROAD_IMPACTS\D07B_JKR_Route_OSM_Match_Summary.csv,D:\OneDrive\桌面\论文\2027年投稿期刊\论文项目\07_JB医疗可达性_洪水扰动下交通-网络韧性与公平性_SCS_Natural_Hazards\GPT数据\Nature Portfolio_Project\01_前期数据支撑\07_D07_FLOOD_EVENT\PACKAGES\D07AB_2025March_Flood_Event_Register_v0.1.zip,extracted,Exact duplicate verified by identical file size and SHA-256 checksum.
ae9a828a7a9f33d2fd7a20b99312041fbae0de6def82bf1ae4f458b34a3a61eb,772,2,D:\OneDrive\桌面\论文\2027年投稿期刊\论文项目\07_JB医疗可达性_洪水扰动下交通-网络韧性与公平性_SCS_Natural_Hazards\GPT数据\JB_Flood_Healthcare_Accessibility_Research\03_Nature_Portfolio_Project\Tables\Data_Tables\D07B_PPS_Snapshot_Register.csv,D:\OneDrive\桌面\论文\2027年投稿期刊\论文项目\07_JB医疗可达性_洪水扰动下交通-网络韧性与公平性_SCS_Natural_Hazards\GPT数据\_Organization_Working\Archive_Extractions\cf7abf2f780bab37\06_PPS_AND_AFFECTED_AREAS\D07B_PPS_Snapshot_Register.csv,D:\OneDrive\桌面\论文\2027年投稿期刊\论文项目\07_JB医疗可达性_洪水扰动下交通-网络韧性与公平性_SCS_Natural_Hazards\GPT数据\Nature Portfolio_Project\01_前期数据支撑\07_D07_FLOOD_EVENT\PACKAGES\D07AB_2025March_Flood_Event_Register_v0.1.zip,extracted,Exact duplicate verified by identical file size and SHA-256 checksum.
c9c1a8ca1f467b78850acdfae488f843ad797c4286dd614478482b49aab254b7,2463,2,D:\OneDrive\桌面\论文\2027年投稿期刊\论文项目\07_JB医疗可达性_洪水扰动下交通-网络韧性与公平性_SCS_Natural_Hazards\GPT数据\JB_Flood_Healthcare_Accessibility_Research\03_Nature_Portfolio_Project\Tables\Data_Tables\D07B_Road_Impact_Register.csv,D:\OneDrive\桌面\论文\2027年投稿期刊\论文项目\07_JB医疗可达性_洪水扰动下交通-网络韧性与公平性_SCS_Natural_Hazards\GPT数据\_Organization_Working\Archive_Extractions\cf7abf2f780bab37\03_ROAD_IMPACTS\D07B_Road_Impact_Register.csv,D:\OneDrive\桌面\论文\2027年投稿期刊\论文项目\07_JB医疗可达性_洪水扰动下交通-网络韧性与公平性_SCS_Natural_Hazards\GPT数据\Nature Portfolio_Project\01_前期数据支撑\07_D07_FLOOD_EVENT\PACKAGES\D07AB_2025March_Flood_Event_Register_v0.1.zip,extracted,Exact duplicate verified by identical file size and SHA-256 checksum.
a416d4c3cbc1ca231a27827b02cde3f9eb3697321e5c332fd6e269edf7ebff1a,490,2,D:\OneDrive\桌面\论文\2027年投稿期刊\论文项目\07_JB医疗可达性_洪水扰动下交通-网络韧性与公平性_SCS_Natural_Hazards\GPT数据\JB_Flood_Healthcare_Accessibility_Research\03_Nature_Portfolio_Project\Tables\Data_Tables\D07C_2023_Closure_OSM_Match_Summary.csv,D:\OneDrive\桌面\论文\2027年投稿期刊\论文项目\07_JB医疗可达性_洪水扰动下交通-网络韧性与公平性_SCS_Natural_Hazards\GPT数据\_Organization_Working\Archive_Extractions\8482ab99a7abaeeb\05_ROAD_IMPACTS\D07C_2023_Closure_OSM_Match_Summary.csv,D:\OneDrive\桌面\论文\2027年投稿期刊\论文项目\07_JB医疗可达性_洪水扰动下交通-网络韧性与公平性_SCS_Natural_Hazards\GPT数据\Nature Portfolio_Project\01_前期数据支撑\07_D07_FLOOD_EVENT\PACKAGES\D07C_D07E_Flood_Hotspots_Hydromet_v0.2.zip,extracted,Exact duplicate verified by identical file size and SHA-256 checksum.
bee5c3dc0a372f869beadc62294718f65bbfa87b665a6263b0208c4188aac649,22442,2,D:\OneDrive\桌面\论文\2027年投稿期刊\论文项目\07_JB医疗可达性_洪水扰动下交通-网络韧性与公平性_SCS_Natural_Hazards\GPT数据\JB_Flood_Healthcare_Accessibility_Research\03_Nature_Portfolio_Project\Tables\Data_Tables\D07C_Historical_Location_Evidence_Register.csv,D:\OneDrive\桌面\论文\2027年投稿期刊\论文项目\07_JB医疗可达性_洪水扰动下交通-网络韧性与公平性_SCS_Natural_Hazards\GPT数据\_Organization_Working\Archive_Extractions\8482ab99a7abaeeb\04_LOCATION_EVIDENCE\D07C_Historical_Location_Evidence_Register.csv,D:\OneDrive\桌面\论文\2027年投稿期刊\论文项目\07_JB医疗可达性_洪水扰动下交通-网络韧性与公平性_SCS_Natural_Hazards\GPT数据\Nature Portfolio_Project\01_前期数据支撑\07_D07_FLOOD_EVENT\PACKAGES\D07C_D07E_Flood_Hotspots_Hydromet_v0.2.zip,extracted,Exact duplicate verified by identical file size and SHA-256 checksum.
c50818baf511b747a2f43f2ad9b12056b4bed20dacfdf4eb373b00aa2bf70caf,14473,2,D:\OneDrive\桌面\论文\2027年投稿期刊\论文项目\07_JB医疗可达性_洪水扰动下交通-网络韧性与公平性_SCS_Natural_Hazards\GPT数据\JB_Flood_Healthcare_Accessibility_Research\03_Nature_Portfolio_Project\Tables\Data_Tables\D07C_JB_Official_52_Flood_Hotspots.csv,D:\OneDrive\桌面\论文\2027年投稿期刊\论文项目\07_JB医疗可达性_洪水扰动下交通-网络韧性与公平性_SCS_Natural_Hazards\GPT数据\_Organization_Working\Archive_Extractions\8482ab99a7abaeeb\03_HOTSPOT_GAZETTEER\D07C_JB_Official_52_Flood_Hotspots.csv,D:\OneDrive\桌面\论文\2027年投稿期刊\论文项目\07_JB医疗可达性_洪水扰动下交通-网络韧性与公平性_SCS_Natural_Hazards\GPT数据\Nature Portfolio_Project\01_前期数据支撑\07_D07_FLOOD_EVENT\PACKAGES\D07C_D07E_Flood_Hotspots_Hydromet_v0.2.zip,extracted,Exact duplicate verified by identical file size and SHA-256 checksum.
b03d1858baf6a8d9fc4891f63029a108fc944b26c74e1c90bf184d83fd10f4b7,1854,2,D:\OneDrive\桌面\论文\2027年投稿期刊\论文项目\07_JB医疗可达性_洪水扰动下交通-网络韧性与公平性_SCS_Natural_Hazards\GPT数据\JB_Flood_Healthcare_Accessibility_Research\03_Nature_Portfolio_Project\Tables\Data_Tables\D07C_Observed_GeneralCar_Closure_Candidates.csv,D:\OneDrive\桌面\论文\2027年投稿期刊\论文项目\07_JB医疗可达性_洪水扰动下交通-网络韧性与公平性_SCS_Natural_Hazards\GPT数据\_Organization_Working\Archive_Extractions\8482ab99a7abaeeb\05_ROAD_IMPACTS\D07C_Observed_GeneralCar_Closure_Candidates.csv,D:\OneDrive\桌面\论文\2027年投稿期刊\论文项目\07_JB医疗可达性_洪水扰动下交通-网络韧性与公平性_SCS_Natural_Hazards\GPT数据\Nature Portfolio_Project\01_前期数据支撑\07_D07_FLOOD_EVENT\PACKAGES\D07C_D07E_Flood_Hotspots_Hydromet_v0.2.zip,extracted,Exact duplicate verified by identical file size and SHA-256 checksum.
150d1ee9ca2114aebe134a9ce8cae66d67221e1391670e8718ff6d0b040675c6,443,2,D:\OneDrive\桌面\论文\2027年投稿期刊\论文项目\07_JB医疗可达性_洪水扰动下交通-网络韧性与公平性_SCS_Natural_Hazards\GPT数据\JB_Flood_Healthcare_Accessibility_Research\03_Nature_Portfolio_Project\Tables\Data_Tables\D07C_Official_Hotspot_Count_Progression.csv,D:\OneDrive\桌面\论文\2027年投稿期刊\论文项目\07_JB医疗可达性_洪水扰动下交通-网络韧性与公平性_SCS_Natural_Hazards\GPT数据\_Organization_Working\Archive_Extractions\8482ab99a7abaeeb\03_HOTSPOT_GAZETTEER\D07C_Official_Hotspot_Count_Progression.csv,D:\OneDrive\桌面\论文\2027年投稿期刊\论文项目\07_JB医疗可达性_洪水扰动下交通-网络韧性与公平性_SCS_Natural_Hazards\GPT数据\Nature Portfolio_Project\01_前期数据支撑\07_D07_FLOOD_EVENT\PACKAGES\D07C_D07E_Flood_Hotspots_Hydromet_v0.2.zip,extracted,Exact duplicate verified by identical file size and SHA-256 checksum.
5a1a3c285baa9657d67e8e754184a423c9fa3cbce788c2e2061573dca4bf7459,12602,2,D:\OneDrive\桌面\论文\2027年投稿期刊\论文项目\07_JB医疗可达性_洪水扰动下交通-网络韧性与公平性_SCS_Natural_Hazards\GPT数据\JB_Flood_Healthcare_Accessibility_Research\03_Nature_Portfolio_Project\Tables\Data_Tables\D07C_Recurrent_Hotspot_Summary.csv,D:\OneDrive\桌面\论文\2027年投稿期刊\论文项目\07_JB医疗可达性_洪水扰动下交通-网络韧性与公平性_SCS_Natural_Hazards\GPT数据\_Organization_Working\Archive_Extractions\8482ab99a7abaeeb\03_HOTSPOT_GAZETTEER\D07C_Recurrent_Hotspot_Summary.csv,D:\OneDrive\桌面\论文\2027年投稿期刊\论文项目\07_JB医疗可达性_洪水扰动下交通-网络韧性与公平性_SCS_Natural_Hazards\GPT数据\Nature Portfolio_Project\01_前期数据支撑\07_D07_FLOOD_EVENT\PACKAGES\D07C_D07E_Flood_Hotspots_Hydromet_v0.2.zip,extracted,Exact duplicate verified by identical file size and SHA-256 checksum.
e254d18633ed4f4ee768697f562ed76a50d02d23d138623c008c150948d519ca,6087,2,D:\OneDrive\桌面\论文\2027年投稿期刊\论文项目\07_JB医疗可达性_洪水扰动下交通-网络韧性与公平性_SCS_Natural_Hazards\GPT数据\JB_Flood_Healthcare_Accessibility_Research\03_Nature_Portfolio_Project\Tables\Data_Tables\D07C_Road_Impact_Register_v0.2.csv,D:\OneDrive\桌面\论文\2027年投稿期刊\论文项目\07_JB医疗可达性_洪水扰动下交通-网络韧性与公平性_SCS_Natural_Hazards\GPT数据\_Organization_Working\Archive_Extractions\8482ab99a7abaeeb\05_ROAD_IMPACTS\D07C_Road_Impact_Register_v0.2.csv,D:\OneDrive\桌面\论文\2027年投稿期刊\论文项目\07_JB医疗可达性_洪水扰动下交通-网络韧性与公平性_SCS_Natural_Hazards\GPT数据\Nature Portfolio_Project\01_前期数据支撑\07_D07_FLOOD_EVENT\PACKAGES\D07C_D07E_Flood_Hotspots_Hydromet_v0.2.zip,extracted,Exact duplicate verified by identical file size and SHA-256 checksum.
df3d278f890b9579bc6b675da852625f10db2f8c3fc99cafcbf23b70fa94692d,390,2,D:\OneDrive\桌面\论文\2027年投稿期刊\论文项目\07_JB医疗可达性_洪水扰动下交通-网络韧性与公平性_SCS_Natural_Hazards\GPT数据\JB_Flood_Healthcare_Accessibility_Research\03_Nature_Portfolio_Project\Tables\Data_Tables\D07E_Closure_to_GPM_Cell_Weights.csv,D:\OneDrive\桌面\论文\2027年投稿期刊\论文项目\07_JB医疗可达性_洪水扰动下交通-网络韧性与公平性_SCS_Natural_Hazards\GPT数据\_Organization_Working\Archive_Extractions\38df6f38870e57a9\05_ROAD_ALIGNMENT\D07E_Closure_to_GPM_Cell_Weights.csv,D:\OneDrive\桌面\论文\2027年投稿期刊\论文项目\07_JB医疗可达性_洪水扰动下交通-网络韧性与公平性_SCS_Natural_Hazards\GPT数据\Nature Portfolio_Project\01_前期数据支撑\07_D07_FLOOD_EVENT\D07E_IMERG\RAW\D07E_NASA_IMERG_Download_Helper\D07E_Final_IMERG_20250319_21_v1.0.zip,extracted,Exact duplicate verified by identical file size and SHA-256 checksum.
5c879190bfcf6d3aca89e00174a3ca986cf43b69c6454741cce9d4556e92dd77,868,2,D:\OneDrive\桌面\论文\2027年投稿期刊\论文项目\07_JB医疗可达性_洪水扰动下交通-网络韧性与公平性_SCS_Natural_Hazards\GPT数据\JB_Flood_Healthcare_Accessibility_Research\03_Nature_Portfolio_Project\Methods\Data_Tables\D07E_GPM_Method_and_Authentication_Status.txt,D:\OneDrive\桌面\论文\2027年投稿期刊\论文项目\07_JB医疗可达性_洪水扰动下交通-网络韧性与公平性_SCS_Natural_Hazards\GPT数据\_Organization_Working\Archive_Extractions\8482ab99a7abaeeb\06_GPM_IMERG\D07E_GPM_Method_and_Authentication_Status.txt,D:\OneDrive\桌面\论文\2027年投稿期刊\论文项目\07_JB医疗可达性_洪水扰动下交通-网络韧性与公平性_SCS_Natural_Hazards\GPT数据\Nature Portfolio_Project\01_前期数据支撑\07_D07_FLOOD_EVENT\PACKAGES\D07C_D07E_Flood_Hotspots_Hydromet_v0.2.zip,extracted,Exact duplicate verified by identical file size and SHA-256 checksum.
2c112f44a6887aaf3226e75a40e30458c13535ca67ec3f2bf1008c22499fd4fb,141,2,D:\OneDrive\桌面\论文\2027年投稿期刊\论文项目\07_JB医疗可达性_洪水扰动下交通-网络韧性与公平性_SCS_Natural_Hazards\GPT数据\JB_Flood_Healthcare_Accessibility_Research\03_Nature_Portfolio_Project\Results\Data_Tables\D07E_GPM_Rainfall_Results_TEMPLATE_PENDING_AUTH.csv,D:\OneDrive\桌面\论文\2027年投稿期刊\论文项目\07_JB医疗可达性_洪水扰动下交通-网络韧性与公平性_SCS_Natural_Hazards\GPT数据\_Organization_Working\Archive_Extractions\8482ab99a7abaeeb\06_GPM_IMERG\D07E_GPM_Rainfall_Results_TEMPLATE_PENDING_AUTH.csv,D:\OneDrive\桌面\论文\2027年投稿期刊\论文项目\07_JB医疗可达性_洪水扰动下交通-网络韧性与公平性_SCS_Natural_Hazards\GPT数据\Nature Portfolio_Project\01_前期数据支撑\07_D07_FLOOD_EVENT\PACKAGES\D07C_D07E_Flood_Hotspots_Hydromet_v0.2.zip,extracted,Exact duplicate verified by identical file size and SHA-256 checksum.
3905211d2ff26f602b828fb411de48499142128abb847efb9ceff18a70c5dfda,559,2,D:\OneDrive\桌面\论文\2027年投稿期刊\论文项目\07_JB医疗可达性_洪水扰动下交通-网络韧性与公平性_SCS_Natural_Hazards\GPT数据\JB_Flood_Healthcare_Accessibility_Research\03_Nature_Portfolio_Project\Tables\Data_Tables\D07E_GPM_UTC_DOY_Coverage_Summary.csv,D:\OneDrive\桌面\论文\2027年投稿期刊\论文项目\07_JB医疗可达性_洪水扰动下交通-网络韧性与公平性_SCS_Natural_Hazards\GPT数据\_Organization_Working\Archive_Extractions\8482ab99a7abaeeb\06_GPM_IMERG\D07E_GPM_UTC_DOY_Coverage_Summary.csv,D:\OneDrive\桌面\论文\2027年投稿期刊\论文项目\07_JB医疗可达性_洪水扰动下交通-网络韧性与公平性_SCS_Natural_Hazards\GPT数据\Nature Portfolio_Project\01_前期数据支撑\07_D07_FLOOD_EVENT\PACKAGES\D07C_D07E_Flood_Hotspots_Hydromet_v0.2.zip,extracted,Exact duplicate verified by identical file size and SHA-256 checksum.
efa13e6e88ccc0be3a8e1b425bb3ab211714b9c6370355bedd3c91d21889dd23,1281,2,D:\OneDrive\桌面\论文\2027年投稿期刊\论文项目\07_JB医疗可达性_洪水扰动下交通-网络韧性与公平性_SCS_Natural_Hazards\GPT数据\JB_Flood_Healthcare_Accessibility_Research\03_Nature_Portfolio_Project\Tables\Data_Tables\D07E_Hydromet_Alignment_Register.csv,D:\OneDrive\桌面\论文\2027年投稿期刊\论文项目\07_JB医疗可达性_洪水扰动下交通-网络韧性与公平性_SCS_Natural_Hazards\GPT数据\_Organization_Working\Archive_Extractions\8482ab99a7abaeeb\07_HYDROMET_ALIGNMENT\D07E_Hydromet_Alignment_Register.csv,D:\OneDrive\桌面\论文\2027年投稿期刊\论文项目\07_JB医疗可达性_洪水扰动下交通-网络韧性与公平性_SCS_Natural_Hazards\GPT数据\Nature Portfolio_Project\01_前期数据支撑\07_D07_FLOOD_EVENT\PACKAGES\D07C_D07E_Flood_Hotspots_Hydromet_v0.2.zip,extracted,Exact duplicate verified by identical file size and SHA-256 checksum.
ab2e3486af73b30b60d5a2cd8efb0a77183a0431bd38233d0bc89367ad152b89,37508,3,D:\OneDrive\桌面\论文\2027年投稿期刊\论文项目\07_JB医疗可达性_洪水扰动下交通-网络韧性与公平性_SCS_Natural_Hazards\GPT数据\JB_Flood_Healthcare_Accessibility_Research\03_Nature_Portfolio_Project\Tables\Data_Tables\D07E_IMERG_JB_AreaWeighted_HalfHourly.csv,D:\OneDrive\桌面\论文\2027年投稿期刊\论文项目\07_JB医疗可达性_洪水扰动下交通-网络韧性与公平性_SCS_Natural_Hazards\GPT数据\_Organization_Working\Archive_Extractions\38df6f38870e57a9\03_PEAKS_DAILY\D07E_IMERG_JB_AreaWeighted_HalfHourly.csv,D:\OneDrive\桌面\论文\2027年投稿期刊\论文项目\07_JB医疗可达性_洪水扰动下交通-网络韧性与公平性_SCS_Natural_Hazards\GPT数据\Nature Portfolio_Project\01_前期数据支撑\07_D07_FLOOD_EVENT\D07E_IMERG\RAW\D07E_NASA_IMERG_Download_Helper\D07E_Final_IMERG_20250319_21_v1.0.zip,extracted,Exact duplicate verified by identical file size and SHA-256 checksum.
ab2e3486af73b30b60d5a2cd8efb0a77183a0431bd38233d0bc89367ad152b89,37508,3,D:\OneDrive\桌面\论文\2027年投稿期刊\论文项目\07_JB医疗可达性_洪水扰动下交通-网络韧性与公平性_SCS_Natural_Hazards\GPT数据\JB_Flood_Healthcare_Accessibility_Research\03_Nature_Portfolio_Project\Tables\Data_Tables\D07E_IMERG_JB_AreaWeighted_HalfHourly.csv,D:\OneDrive\桌面\论文\2027年投稿期刊\论文项目\07_JB医疗可达性_洪水扰动下交通-网络韧性与公平性_SCS_Natural_Hazards\GPT数据\_Organization_Working\Archive_Extractions\2fc63964d4111967\ARCHIVE_MISSING_RECOVERY_BUNDLE_20261005\07_D07_FLOOD_EVENT\D07E_IMERG\PROCESSED\D07E_IMERG_JB_AreaWeighted_HalfHourly.csv,D:\OneDrive\桌面\论文\2027年投稿期刊\论文项目\07_JB医疗可达性_洪水扰动下交通-网络韧性与公平性_SCS_Natural_Hazards\GPT数据\Nature Portfolio_Project\01_前期数据支撑\99_DUPLICATES_REVIEW\ARCHIVE_MISSING_RECOVERY_BUNDLE_20261005.zip,extracted,Exact duplicate verified by identical file size and SHA-256 checksum.
8f2ee3e3fad09b48250a60b66595cd77ef9a1fe0ecc6fcea58172535b7d899b3,837,3,D:\OneDrive\桌面\论文\2027年投稿期刊\论文项目\07_JB医疗可达性_洪水扰动下交通-网络韧性与公平性_SCS_Natural_Hazards\GPT数据\JB_Flood_Healthcare_Accessibility_Research\03_Nature_Portfolio_Project\Tables\Data_Tables\D07E_IMERG_JB_District_Peaks.csv,D:\OneDrive\桌面\论文\2027年投稿期刊\论文项目\07_JB医疗可达性_洪水扰动下交通-网络韧性与公平性_SCS_Natural_Hazards\GPT数据\_Organization_Working\Archive_Extractions\38df6f38870e57a9\03_PEAKS_DAILY\D07E_IMERG_JB_District_Peaks.csv,D:\OneDrive\桌面\论文\2027年投稿期刊\论文项目\07_JB医疗可达性_洪水扰动下交通-网络韧性与公平性_SCS_Natural_Hazards\GPT数据\Nature Portfolio_Project\01_前期数据支撑\07_D07_FLOOD_EVENT\D07E_IMERG\RAW\D07E_NASA_IMERG_Download_Helper\D07E_Final_IMERG_20250319_21_v1.0.zip,extracted,Exact duplicate verified by identical file size and SHA-256 checksum.
8f2ee3e3fad09b48250a60b66595cd77ef9a1fe0ecc6fcea58172535b7d899b3,837,3,D:\OneDrive\桌面\论文\2027年投稿期刊\论文项目\07_JB医疗可达性_洪水扰动下交通-网络韧性与公平性_SCS_Natural_Hazards\GPT数据\JB_Flood_Healthcare_Accessibility_Research\03_Nature_Portfolio_Project\Tables\Data_Tables\D07E_IMERG_JB_District_Peaks.csv,D:\OneDrive\桌面\论文\2027年投稿期刊\论文项目\07_JB医疗可达性_洪水扰动下交通-网络韧性与公平性_SCS_Natural_Hazards\GPT数据\_Organization_Working\Archive_Extractions\2fc63964d4111967\ARCHIVE_MISSING_RECOVERY_BUNDLE_20261005\07_D07_FLOOD_EVENT\D07E_IMERG\PROCESSED\D07E_IMERG_JB_District_Peaks.csv,D:\OneDrive\桌面\论文\2027年投稿期刊\论文项目\07_JB医疗可达性_洪水扰动下交通-网络韧性与公平性_SCS_Natural_Hazards\GPT数据\Nature Portfolio_Project\01_前期数据支撑\99_DUPLICATES_REVIEW\ARCHIVE_MISSING_RECOVERY_BUNDLE_20261005.zip,extracted,Exact duplicate verified by identical file size and SHA-256 checksum.
ec394c8430b00a7c3d289fcd247a62ad84a8daefa0e5e3fe27f40b6aa9669007,709,2,D:\OneDrive\桌面\论文\2027年投稿期刊\论文项目\07_JB医疗可达性_洪水扰动下交通-网络韧性与公平性_SCS_Natural_Hazards\GPT数据\JB_Flood_Healthcare_Accessibility_Research\03_Nature_Portfolio_Project\Tables\Data_Tables\D07E_Rainfall_Threshold_Reference.csv,D:\OneDrive\桌面\论文\2027年投稿期刊\论文项目\07_JB医疗可达性_洪水扰动下交通-网络韧性与公平性_SCS_Natural_Hazards\GPT数据\_Organization_Working\Archive_Extractions\8482ab99a7abaeeb\07_HYDROMET_ALIGNMENT\D07E_Rainfall_Threshold_Reference.csv,D:\OneDrive\桌面\论文\2027年投稿期刊\论文项目\07_JB医疗可达性_洪水扰动下交通-网络韧性与公平性_SCS_Natural_Hazards\GPT数据\Nature Portfolio_Project\01_前期数据支撑\07_D07_FLOOD_EVENT\PACKAGES\D07C_D07E_Flood_Hotspots_Hydromet_v0.2.zip,extracted,Exact duplicate verified by identical file size and SHA-256 checksum.
c28d890e997de3d0b3086f161dd71a7307a97d2de2ec8d397de7db994c1d71da,349,2,D:\OneDrive\桌面\论文\2027年投稿期刊\论文项目\07_JB医疗可达性_洪水扰动下交通-网络韧性与公平性_SCS_Natural_Hazards\GPT数据\JB_Flood_Healthcare_Accessibility_Research\03_Nature_Portfolio_Project\Tables\Data_Tables\D07F_Authorized_Closure_Edge_Summary.csv,D:\OneDrive\桌面\论文\2027年投稿期刊\论文项目\07_JB医疗可达性_洪水扰动下交通-网络韧性与公平性_SCS_Natural_Hazards\GPT数据\_Organization_Working\Archive_Extractions\b1422caa6fcf75c0\02_EDGE_SPATIALIZATION\D07F_Authorized_Closure_Edge_Summary.csv,D:\OneDrive\桌面\论文\2027年投稿期刊\论文项目\07_JB医疗可达性_洪水扰动下交通-网络韧性与公平性_SCS_Natural_Hazards\GPT数据\Nature Portfolio_Project\01_前期数据支撑\07_D07_FLOOD_EVENT\PACKAGES\D07F_Closure_Spatialization_IMERG_Readiness_v0.3.zip,extracted,Exact duplicate verified by identical file size and SHA-256 checksum.
23a2bd619bc09e7a910dd5e6bf303a05270a2ffb2691a0e2b8cab38956f7c906,5643,2,D:\OneDrive\桌面\论文\2027年投稿期刊\论文项目\07_JB医疗可达性_洪水扰动下交通-网络韧性与公平性_SCS_Natural_Hazards\GPT数据\JB_Flood_Healthcare_Accessibility_Research\03_Nature_Portfolio_Project\Tables\Data_Tables\D07F_Closure_Spatialization_Master.csv,D:\OneDrive\桌面\论文\2027年投稿期刊\论文项目\07_JB医疗可达性_洪水扰动下交通-网络韧性与公平性_SCS_Natural_Hazards\GPT数据\_Organization_Working\Archive_Extractions\b1422caa6fcf75c0\01_CLOSURE_MASTER\D07F_Closure_Spatialization_Master.csv,D:\OneDrive\桌面\论文\2027年投稿期刊\论文项目\07_JB医疗可达性_洪水扰动下交通-网络韧性与公平性_SCS_Natural_Hazards\GPT数据\Nature Portfolio_Project\01_前期数据支撑\07_D07_FLOOD_EVENT\PACKAGES\D07F_Closure_Spatialization_IMERG_Readiness_v0.3.zip,extracted,Exact duplicate verified by identical file size and SHA-256 checksum.
e9578a0e7cf7e616faad7531a2d9a43b91004d95229e8d7dd2a41a4710ea0524,673,2,D:\OneDrive\桌面\论文\2027年投稿期刊\论文项目\07_JB医疗可达性_洪水扰动下交通-网络韧性与公平性_SCS_Natural_Hazards\GPT数据\JB_Flood_Healthcare_Accessibility_Research\03_Nature_Portfolio_Project\Tables\Data_Tables\D07F_IMERG_Authentication_Blocker.txt,D:\OneDrive\桌面\论文\2027年投稿期刊\论文项目\07_JB医疗可达性_洪水扰动下交通-网络韧性与公平性_SCS_Natural_Hazards\GPT数据\_Organization_Working\Archive_Extractions\b1422caa6fcf75c0\04_IMERG_STATUS\D07F_IMERG_Authentication_Blocker.txt,D:\OneDrive\桌面\论文\2027年投稿期刊\论文项目\07_JB医疗可达性_洪水扰动下交通-网络韧性与公平性_SCS_Natural_Hazards\GPT数据\Nature Portfolio_Project\01_前期数据支撑\07_D07_FLOOD_EVENT\PACKAGES\D07F_Closure_Spatialization_IMERG_Readiness_v0.3.zip,extracted,Exact duplicate verified by identical file size and SHA-256 checksum.
92c13e1480f9d2f8f53680afcc4ef6bc3f60fad8b680e60f5b03ffc646ef4b9e,510,2,D:\OneDrive\桌面\论文\2027年投稿期刊\论文项目\07_JB医疗可达性_洪水扰动下交通-网络韧性与公平性_SCS_Natural_Hazards\GPT数据\JB_Flood_Healthcare_Accessibility_Research\03_Nature_Portfolio_Project\Tables\Data_Tables\D07F_IMERG_Numeric_Status.csv,D:\OneDrive\桌面\论文\2027年投稿期刊\论文项目\07_JB医疗可达性_洪水扰动下交通-网络韧性与公平性_SCS_Natural_Hazards\GPT数据\_Organization_Working\Archive_Extractions\b1422caa6fcf75c0\04_IMERG_STATUS\D07F_IMERG_Numeric_Status.csv,D:\OneDrive\桌面\论文\2027年投稿期刊\论文项目\07_JB医疗可达性_洪水扰动下交通-网络韧性与公平性_SCS_Natural_Hazards\GPT数据\Nature Portfolio_Project\01_前期数据支撑\07_D07_FLOOD_EVENT\PACKAGES\D07F_Closure_Spatialization_IMERG_Readiness_v0.3.zip,extracted,Exact duplicate verified by identical file size and SHA-256 checksum.
678ea3eec8e1ee15796a05c1d41307cf07291dc482111db5b297c11c22fd44f2,1174,2,D:\OneDrive\桌面\论文\2027年投稿期刊\论文项目\07_JB医疗可达性_洪水扰动下交通-网络韧性与公平性_SCS_Natural_Hazards\GPT数据\JB_Flood_Healthcare_Accessibility_Research\03_Nature_Portfolio_Project\Tables\Data_Tables\D07_Event_Master_2022_2023_2025.csv,D:\OneDrive\桌面\论文\2027年投稿期刊\论文项目\07_JB医疗可达性_洪水扰动下交通-网络韧性与公平性_SCS_Natural_Hazards\GPT数据\_Organization_Working\Archive_Extractions\8482ab99a7abaeeb\02_EVENT_MASTER\D07_Event_Master_2022_2023_2025.csv,D:\OneDrive\桌面\论文\2027年投稿期刊\论文项目\07_JB医疗可达性_洪水扰动下交通-网络韧性与公平性_SCS_Natural_Hazards\GPT数据\Nature Portfolio_Project\01_前期数据支撑\07_D07_FLOOD_EVENT\PACKAGES\D07C_D07E_Flood_Hotspots_Hydromet_v0.2.zip,extracted,Exact duplicate verified by identical file size and SHA-256 checksum.
07779c28bad33fe329c1ece79f637c82a9a36776bec76c0ca7589a4564509b51,7871,2,D:\OneDrive\桌面\论文\2027年投稿期刊\论文项目\07_JB医疗可达性_洪水扰动下交通-网络韧性与公平性_SCS_Natural_Hazards\GPT数据\JB_Flood_Healthcare_Accessibility_Research\03_Nature_Portfolio_Project\Tables\Data_Tables\D07_Source_Inventory_v0.2.csv,D:\OneDrive\桌面\论文\2027年投稿期刊\论文项目\07_JB医疗可达性_洪水扰动下交通-网络韧性与公平性_SCS_Natural_Hazards\GPT数据\_Organization_Working\Archive_Extractions\8482ab99a7abaeeb\01_SOURCE_INVENTORY\D07_Source_Inventory_v0.2.csv,D:\OneDrive\桌面\论文\2027年投稿期刊\论文项目\07_JB医疗可达性_洪水扰动下交通-网络韧性与公平性_SCS_Natural_Hazards\GPT数据\Nature Portfolio_Project\01_前期数据支撑\07_D07_FLOOD_EVENT\PACKAGES\D07C_D07E_Flood_Hotspots_Hydromet_v0.2.zip,extracted,Exact duplicate verified by identical file size and SHA-256 checksum.
2fd7a7a83f28faa6364cec6cfde3ccf0ee0c75fb20bc0282b1c6b348961d68da,917,2,D:\OneDrive\桌面\论文\2027年投稿期刊\论文项目\07_JB医疗可达性_洪水扰动下交通-网络韧性与公平性_SCS_Natural_Hazards\GPT数据\JB_Flood_Healthcare_Accessibility_Research\03_Nature_Portfolio_Project\Tables\Data_Tables\README.txt,D:\OneDrive\桌面\论文\2027年投稿期刊\论文项目\07_JB医疗可达性_洪水扰动下交通-网络韧性与公平性_SCS_Natural_Hazards\GPT数据\_Organization_Working\Archive_Extractions\cf7abf2f780bab37\README.txt,D:\OneDrive\桌面\论文\2027年投稿期刊\论文项目\07_JB医疗可达性_洪水扰动下交通-网络韧性与公平性_SCS_Natural_Hazards\GPT数据\Nature Portfolio_Project\01_前期数据支撑\07_D07_FLOOD_EVENT\PACKAGES\D07AB_2025March_Flood_Event_Register_v0.1.zip,extracted,Exact duplicate verified by identical file size and SHA-256 checksum.
d603af175aabf32ebfc6ab868addaf2d40107abca26e0a25a8c5004aa6bb3a22,1107,2,D:\OneDrive\桌面\论文\2027年投稿期刊\论文项目\07_JB医疗可达性_洪水扰动下交通-网络韧性与公平性_SCS_Natural_Hazards\GPT数据\JB_Flood_Healthcare_Accessibility_Research\03_Nature_Portfolio_Project\Tables\Data_Tables\README_DUP001.txt,D:\OneDrive\桌面\论文\2027年投稿期刊\论文项目\07_JB医疗可达性_洪水扰动下交通-网络韧性与公平性_SCS_Natural_Hazards\GPT数据\_Organization_Working\Archive_Extractions\8482ab99a7abaeeb\README.txt,D:\OneDrive\桌面\论文\2027年投稿期刊\论文项目\07_JB医疗可达性_洪水扰动下交通-网络韧性与公平性_SCS_Natural_Hazards\GPT数据\Nature Portfolio_Project\01_前期数据支撑\07_D07_FLOOD_EVENT\PACKAGES\D07C_D07E_Flood_Hotspots_Hydromet_v0.2.zip,extracted,Exact duplicate verified by identical file size and SHA-256 checksum.
3c0f48b6007887c5ec416e20a5b7acd4bee9d51b3134747d58ae698529a8b284,1792,2,D:\OneDrive\桌面\论文\2027年投稿期刊\论文项目\07_JB医疗可达性_洪水扰动下交通-网络韧性与公平性_SCS_Natural_Hazards\GPT数据\JB_Flood_Healthcare_Accessibility_Research\03_Nature_Portfolio_Project\Tables\Data_Tables\README_DUP002.txt,D:\OneDrive\桌面\论文\2027年投稿期刊\论文项目\07_JB医疗可达性_洪水扰动下交通-网络韧性与公平性_SCS_Natural_Hazards\GPT数据\_Organization_Working\Archive_Extractions\0805cdcc396f7409\README.txt,D:\OneDrive\桌面\论文\2027年投稿期刊\论文项目\07_JB医疗可达性_洪水扰动下交通-网络韧性与公平性_SCS_Natural_Hazards\GPT数据\Nature Portfolio_Project\01_前期数据支撑\09_D09_CRITICAL_ROAD_PRIORITY\PACKAGES\D09_FloodSusceptibility_CriticalRoadPriority_v1.0.zip,extracted,Exact duplicate verified by identical file size and SHA-256 checksum.
c2875e3a0f3efbf4f3d58092a7687b1ec1e833a0b72d0b103c646c59c5ebf959,727,2,D:\OneDrive\桌面\论文\2027年投稿期刊\论文项目\07_JB医疗可达性_洪水扰动下交通-网络韧性与公平性_SCS_Natural_Hazards\GPT数据\JB_Flood_Healthcare_Accessibility_Research\03_Nature_Portfolio_Project\Tables\Data_Tables\README_DUP003.txt,D:\OneDrive\桌面\论文\2027年投稿期刊\论文项目\07_JB医疗可达性_洪水扰动下交通-网络韧性与公平性_SCS_Natural_Hazards\GPT数据\_Organization_Working\Archive_Extractions\1550b0707c8dcb07\README.txt,D:\OneDrive\桌面\论文\2027年投稿期刊\论文项目\07_JB医疗可达性_洪水扰动下交通-网络韧性与公平性_SCS_Natural_Hazards\GPT数据\Nature Portfolio_Project\01_前期数据支撑\10_D10_SPATIAL_EQUITY_RECOVERY\PACKAGES\D10_SpatialEquity_RecoveryBenefit_v1.0.zip,extracted,Exact duplicate verified by identical file size and SHA-256 checksum.
04266683cf1597bd9ddd044cb3b97e9e5bbe5c9203bdc37c09e681ba3b6036d3,17257,2,D:\OneDrive\桌面\论文\2027年投稿期刊\论文项目\07_JB医疗可达性_洪水扰动下交通-网络韧性与公平性_SCS_Natural_Hazards\GPT数据\JB_Flood_Healthcare_Accessibility_Research\03_Nature_Portfolio_Project\Tables\Data_Tables\D07F_Authorized_D08_Edge_Overlap_Table.csv,D:\OneDrive\桌面\论文\2027年投稿期刊\论文项目\07_JB医疗可达性_洪水扰动下交通-网络韧性与公平性_SCS_Natural_Hazards\GPT数据\_Organization_Working\Archive_Extractions\b1422caa6fcf75c0\02_EDGE_SPATIALIZATION\D07F_Authorized_D08_Edge_Overlap_Table.csv,D:\OneDrive\桌面\论文\2027年投稿期刊\论文项目\07_JB医疗可达性_洪水扰动下交通-网络韧性与公平性_SCS_Natural_Hazards\GPT数据\Nature Portfolio_Project\01_前期数据支撑\07_D07_FLOOD_EVENT\PACKAGES\D07F_Closure_Spatialization_IMERG_Readiness_v0.3.zip,extracted,Exact duplicate verified by identical file size and SHA-256 checksum.
4235920f8a63dc5731211dffff463b2db63246a07d7aaca3369b84fd88ca6d8a,883,2,D:\OneDrive\桌面\论文\2027年投稿期刊\论文项目\07_JB医疗可达性_洪水扰动下交通-网络韧性与公平性_SCS_Natural_Hazards\GPT数据\JB_Flood_Healthcare_Accessibility_Research\03_Nature_Portfolio_Project\Tables\Data_Tables\D08_Closure_Shift_Definitions.csv,D:\OneDrive\桌面\论文\2027年投稿期刊\论文项目\07_JB医疗可达性_洪水扰动下交通-网络韧性与公平性_SCS_Natural_Hazards\GPT数据\_Organization_Working\Archive_Extractions\fe5520d767139c3a\01_SENSITIVITY\D08_Closure_Shift_Definitions.csv,D:\OneDrive\桌面\论文\2027年投稿期刊\论文项目\07_JB医疗可达性_洪水扰动下交通-网络韧性与公平性_SCS_Natural_Hazards\GPT数据\Nature Portfolio_Project\01_前期数据支撑\08_D08_ACCESSIBILITY_IMPACT\PACKAGES\D08_Sensitivity_and_FloodSusceptibility_GIS_v1.0.zip,extracted,Exact duplicate verified by identical file size and SHA-256 checksum.
178859671d7c8bc59143430ae0e4f8948185b064c50527d10043f9efec8374d4,7097,2,D:\OneDrive\桌面\论文\2027年投稿期刊\论文项目\07_JB医疗可达性_洪水扰动下交通-网络韧性与公平性_SCS_Natural_Hazards\GPT数据\JB_Flood_Healthcare_Accessibility_Research\03_Nature_Portfolio_Project\Tables\Data_Tables\D08_Hospital_Catchment_Redistribution.csv,D:\OneDrive\桌面\论文\2027年投稿期刊\论文项目\07_JB医疗可达性_洪水扰动下交通-网络韧性与公平性_SCS_Natural_Hazards\GPT数据\_Organization_Working\Archive_Extractions\8ce6105b5f178931\05_HOSPITAL_CATCHMENT\D08_Hospital_Catchment_Redistribution.csv,D:\OneDrive\桌面\论文\2027年投稿期刊\论文项目\07_JB医疗可达性_洪水扰动下交通-网络韧性与公平性_SCS_Natural_Hazards\GPT数据\Nature Portfolio_Project\01_前期数据支撑\08_D08_ACCESSIBILITY_IMPACT\PACKAGES\D08_Step1_2025_Observed_Closure_Accessibility_v0.1.zip,extracted,Exact duplicate verified by identical file size and SHA-256 checksum.
f4e06bf27c2caa22d2ae3073ce7a4695fa32a9c89ed40ed2082ce1be7f0990da,762,2,D:\OneDrive\桌面\论文\2027年投稿期刊\论文项目\07_JB医疗可达性_洪水扰动下交通-网络韧性与公平性_SCS_Natural_Hazards\GPT数据\JB_Flood_Healthcare_Accessibility_Research\03_Nature_Portfolio_Project\Tables\Data_Tables\D08_MAR20_Sensitivity_Summary.csv,D:\OneDrive\桌面\论文\2027年投稿期刊\论文项目\07_JB医疗可达性_洪水扰动下交通-网络韧性与公平性_SCS_Natural_Hazards\GPT数据\_Organization_Working\Archive_Extractions\fe5520d767139c3a\01_SENSITIVITY\D08_MAR20_Sensitivity_Summary.csv,D:\OneDrive\桌面\论文\2027年投稿期刊\论文项目\07_JB医疗可达性_洪水扰动下交通-网络韧性与公平性_SCS_Natural_Hazards\GPT数据\Nature Portfolio_Project\01_前期数据支撑\08_D08_ACCESSIBILITY_IMPACT\PACKAGES\D08_Sensitivity_and_FloodSusceptibility_GIS_v1.0.zip,extracted,Exact duplicate verified by identical file size and SHA-256 checksum.
19b9b51fbd79fb2db929ef818e4422c34559c2816b733bc83b21e89713aba901,1047,2,D:\OneDrive\桌面\论文\2027年投稿期刊\论文项目\07_JB医疗可达性_洪水扰动下交通-网络韧性与公平性_SCS_Natural_Hazards\GPT数据\JB_Flood_Healthcare_Accessibility_Research\03_Nature_Portfolio_Project\Tables\Data_Tables\D08_SingleClosure_Robustness_Summary.csv,D:\OneDrive\桌面\论文\2027年投稿期刊\论文项目\07_JB医疗可达性_洪水扰动下交通-网络韧性与公平性_SCS_Natural_Hazards\GPT数据\_Organization_Working\Archive_Extractions\fe5520d767139c3a\01_SENSITIVITY\D08_SingleClosure_Robustness_Summary.csv,D:\OneDrive\桌面\论文\2027年投稿期刊\论文项目\07_JB医疗可达性_洪水扰动下交通-网络韧性与公平性_SCS_Natural_Hazards\GPT数据\Nature Portfolio_Project\01_前期数据支撑\08_D08_ACCESSIBILITY_IMPACT\PACKAGES\D08_Sensitivity_and_FloodSusceptibility_GIS_v1.0.zip,extracted,Exact duplicate verified by identical file size and SHA-256 checksum.
cf6201920bfdd2643ab94188238634fac6f8b5b945f88dee949a85c229c072a4,1129,2,D:\OneDrive\桌面\论文\2027年投稿期刊\论文项目\07_JB医疗可达性_洪水扰动下交通-网络韧性与公平性_SCS_Natural_Hazards\GPT数据\JB_Flood_Healthcare_Accessibility_Research\03_Nature_Portfolio_Project\Tables\Data_Tables\D10_All_Closure_Subsets.csv,D:\OneDrive\桌面\论文\2027年投稿期刊\论文项目\07_JB医疗可达性_洪水扰动下交通-网络韧性与公平性_SCS_Natural_Hazards\GPT数据\_Organization_Working\Archive_Extractions\1550b0707c8dcb07\01_RECOVERY_SCENARIOS\D10_All_Closure_Subsets.csv,D:\OneDrive\桌面\论文\2027年投稿期刊\论文项目\07_JB医疗可达性_洪水扰动下交通-网络韧性与公平性_SCS_Natural_Hazards\GPT数据\Nature Portfolio_Project\01_前期数据支撑\10_D10_SPATIAL_EQUITY_RECOVERY\PACKAGES\D10_SpatialEquity_RecoveryBenefit_v1.0.zip,extracted,Exact duplicate verified by identical file size and SHA-256 checksum.
7aac26fca73c0ddabe3676d51058440b2de3a1d2a5b6082660a06e6857e4ad1c,3076,2,D:\OneDrive\桌面\论文\2027年投稿期刊\论文项目\07_JB医疗可达性_洪水扰动下交通-网络韧性与公平性_SCS_Natural_Hazards\GPT数据\JB_Flood_Healthcare_Accessibility_Research\03_Nature_Portfolio_Project\Tables\Data_Tables\D10_BestOrder_Subdistrict_Stage_Profile.csv,D:\OneDrive\桌面\论文\2027年投稿期刊\论文项目\07_JB医疗可达性_洪水扰动下交通-网络韧性与公平性_SCS_Natural_Hazards\GPT数据\_Organization_Working\Archive_Extractions\1550b0707c8dcb07\02_SPATIAL_EQUITY\D10_BestOrder_Subdistrict_Stage_Profile.csv,D:\OneDrive\桌面\论文\2027年投稿期刊\论文项目\07_JB医疗可达性_洪水扰动下交通-网络韧性与公平性_SCS_Natural_Hazards\GPT数据\Nature Portfolio_Project\01_前期数据支撑\10_D10_SPATIAL_EQUITY_RECOVERY\PACKAGES\D10_SpatialEquity_RecoveryBenefit_v1.0.zip,extracted,Exact duplicate verified by identical file size and SHA-256 checksum.
c876d53dd7bd958854fa389e75965607a02948fc5f64cc26eace85a08f8bb1e6,4456,2,D:\OneDrive\桌面\论文\2027年投稿期刊\论文项目\07_JB医疗可达性_洪水扰动下交通-网络韧性与公平性_SCS_Natural_Hazards\GPT数据\JB_Flood_Healthcare_Accessibility_Research\03_Nature_Portfolio_Project\Tables\Data_Tables\D10_Equity_Metrics_by_Recovery_Stage.csv,D:\OneDrive\桌面\论文\2027年投稿期刊\论文项目\07_JB医疗可达性_洪水扰动下交通-网络韧性与公平性_SCS_Natural_Hazards\GPT数据\_Organization_Working\Archive_Extractions\1550b0707c8dcb07\02_SPATIAL_EQUITY\D10_Equity_Metrics_by_Recovery_Stage.csv,D:\OneDrive\桌面\论文\2027年投稿期刊\论文项目\07_JB医疗可达性_洪水扰动下交通-网络韧性与公平性_SCS_Natural_Hazards\GPT数据\Nature Portfolio_Project\01_前期数据支撑\10_D10_SPATIAL_EQUITY_RECOVERY\PACKAGES\D10_SpatialEquity_RecoveryBenefit_v1.0.zip,extracted,Exact duplicate verified by identical file size and SHA-256 checksum.
a5488d57b842b6d07ce0ac79b0ec6d21de3714e270942755925772f3becdc04b,39522,2,D:\OneDrive\桌面\论文\2027年投稿期刊\论文项目\07_JB医疗可达性_洪水扰动下交通-网络韧性与公平性_SCS_Natural_Hazards\GPT数据\JB_Flood_Healthcare_Accessibility_Research\03_Nature_Portfolio_Project\Tables\Data_Tables\D10_InitiallyLost_Origin_RecoveryStage.csv,D:\OneDrive\桌面\论文\2027年投稿期刊\论文项目\07_JB医疗可达性_洪水扰动下交通-网络韧性与公平性_SCS_Natural_Hazards\GPT数据\_Organization_Working\Archive_Extractions\1550b0707c8dcb07\03_RECOVERY_PRIORITY\D10_InitiallyLost_Origin_RecoveryStage.csv,D:\OneDrive\桌面\论文\2027年投稿期刊\论文项目\07_JB医疗可达性_洪水扰动下交通-网络韧性与公平性_SCS_Natural_Hazards\GPT数据\Nature Portfolio_Project\01_前期数据支撑\10_D10_SPATIAL_EQUITY_RECOVERY\PACKAGES\D10_SpatialEquity_RecoveryBenefit_v1.0.zip,extracted,Exact duplicate verified by identical file size and SHA-256 checksum.
ed4239f32eb10bad3ab1330cfc8303f85b8cd3494deb57c59be3daed408373f2,970,2,D:\OneDrive\桌面\论文\2027年投稿期刊\论文项目\07_JB医疗可达性_洪水扰动下交通-网络韧性与公平性_SCS_Natural_Hazards\GPT数据\JB_Flood_Healthcare_Accessibility_Research\03_Nature_Portfolio_Project\Tables\Data_Tables\D10_MAR20_Disruption_Subdistrict_Profile.csv,D:\OneDrive\桌面\论文\2027年投稿期刊\论文项目\07_JB医疗可达性_洪水扰动下交通-网络韧性与公平性_SCS_Natural_Hazards\GPT数据\_Organization_Working\Archive_Extractions\1550b0707c8dcb07\02_SPATIAL_EQUITY\D10_MAR20_Disruption_Subdistrict_Profile.csv,D:\OneDrive\桌面\论文\2027年投稿期刊\论文项目\07_JB医疗可达性_洪水扰动下交通-网络韧性与公平性_SCS_Natural_Hazards\GPT数据\Nature Portfolio_Project\01_前期数据支撑\10_D10_SPATIAL_EQUITY_RECOVERY\PACKAGES\D10_SpatialEquity_RecoveryBenefit_v1.0.zip,extracted,Exact duplicate verified by identical file size and SHA-256 checksum.
acb03d7ade83f336359038273d28736243c101d4352ace82707feaab67104a6b,262,2,D:\OneDrive\桌面\论文\2027年投稿期刊\论文项目\07_JB医疗可达性_洪水扰动下交通-网络韧性与公平性_SCS_Natural_Hazards\GPT数据\JB_Flood_Healthcare_Accessibility_Research\03_Nature_Portfolio_Project\Tables\Data_Tables\D10_Subdistrict_RecoveryStage_Distribution.csv,D:\OneDrive\桌面\论文\2027年投稿期刊\论文项目\07_JB医疗可达性_洪水扰动下交通-网络韧性与公平性_SCS_Natural_Hazards\GPT数据\_Organization_Working\Archive_Extractions\1550b0707c8dcb07\02_SPATIAL_EQUITY\D10_Subdistrict_RecoveryStage_Distribution.csv,D:\OneDrive\桌面\论文\2027年投稿期刊\论文项目\07_JB医疗可达性_洪水扰动下交通-网络韧性与公平性_SCS_Natural_Hazards\GPT数据\Nature Portfolio_Project\01_前期数据支撑\10_D10_SPATIAL_EQUITY_RECOVERY\PACKAGES\D10_SpatialEquity_RecoveryBenefit_v1.0.zip,extracted,Exact duplicate verified by identical file size and SHA-256 checksum.
98b56b4dc740500815ebe925c7e187744e5b089b0384d2e65c3508496c535d9a,1510,3,D:\OneDrive\桌面\论文\2027年投稿期刊\论文项目\07_JB医疗可达性_洪水扰动下交通-网络韧性与公平性_SCS_Natural_Hazards\GPT数据\JB_Flood_Healthcare_Accessibility_Research\03_Nature_Portfolio_Project\Tables\Data_Tables\D11_Claim_Evidence_Matrix.csv,D:\OneDrive\桌面\论文\2027年投稿期刊\论文项目\07_JB医疗可达性_洪水扰动下交通-网络韧性与公平性_SCS_Natural_Hazards\GPT数据\_Organization_Working\Archive_Extractions\10e902a93f8ba324\04_CLAIM_EVIDENCE\D11_Claim_Evidence_Matrix.csv,D:\OneDrive\桌面\论文\2027年投稿期刊\论文项目\07_JB医疗可达性_洪水扰动下交通-网络韧性与公平性_SCS_Natural_Hazards\GPT数据\Nature Portfolio_Project\01_前期数据支撑\11_D11_RESULTS_ARCHITECTURE\PACKAGES\D11_Final_Results_Architecture_FigureTable_Freeze_v1.0.zip,extracted,Exact duplicate verified by identical file size and SHA-256 checksum.
98b56b4dc740500815ebe925c7e187744e5b089b0384d2e65c3508496c535d9a,1510,3,D:\OneDrive\桌面\论文\2027年投稿期刊\论文项目\07_JB医疗可达性_洪水扰动下交通-网络韧性与公平性_SCS_Natural_Hazards\GPT数据\JB_Flood_Healthcare_Accessibility_Research\03_Nature_Portfolio_Project\Tables\Data_Tables\D11_Claim_Evidence_Matrix.csv,D:\OneDrive\桌面\论文\2027年投稿期刊\论文项目\07_JB医疗可达性_洪水扰动下交通-网络韧性与公平性_SCS_Natural_Hazards\GPT数据\_Organization_Working\Archive_Extractions\2fc63964d4111967\ARCHIVE_MISSING_RECOVERY_BUNDLE_20261005\11_D11_RESULTS_ARCHITECTURE\CLAIM_EVIDENCE\D11_Claim_Evidence_Matrix.csv,D:\OneDrive\桌面\论文\2027年投稿期刊\论文项目\07_JB医疗可达性_洪水扰动下交通-网络韧性与公平性_SCS_Natural_Hazards\GPT数据\Nature Portfolio_Project\01_前期数据支撑\99_DUPLICATES_REVIEW\ARCHIVE_MISSING_RECOVERY_BUNDLE_20261005.zip,extracted,Exact duplicate verified by identical file size and SHA-256 checksum.
58eeaec0757e197acde7a7b1bf8aa3829db527a132eb721f697c06470165e605,3762,3,D:\OneDrive\桌面\论文\2027年投稿期刊\论文项目\07_JB医疗可达性_洪水扰动下交通-网络韧性与公平性_SCS_Natural_Hazards\GPT数据\JB_Flood_Healthcare_Accessibility_Research\03_Nature_Portfolio_Project\Figures\Data_Tables\D11_Figure_Freeze.csv,D:\OneDrive\桌面\论文\2027年投稿期刊\论文项目\07_JB医疗可达性_洪水扰动下交通-网络韧性与公平性_SCS_Natural_Hazards\GPT数据\_Organization_Working\Archive_Extractions\10e902a93f8ba324\02_FIGURE_FREEZE\D11_Figure_Freeze.csv,D:\OneDrive\桌面\论文\2027年投稿期刊\论文项目\07_JB医疗可达性_洪水扰动下交通-网络韧性与公平性_SCS_Natural_Hazards\GPT数据\Nature Portfolio_Project\01_前期数据支撑\11_D11_RESULTS_ARCHITECTURE\PACKAGES\D11_Final_Results_Architecture_FigureTable_Freeze_v1.0.zip,extracted,Exact duplicate verified by identical file size and SHA-256 checksum.
58eeaec0757e197acde7a7b1bf8aa3829db527a132eb721f697c06470165e605,3762,3,D:\OneDrive\桌面\论文\2027年投稿期刊\论文项目\07_JB医疗可达性_洪水扰动下交通-网络韧性与公平性_SCS_Natural_Hazards\GPT数据\JB_Flood_Healthcare_Accessibility_Research\03_Nature_Portfolio_Project\Figures\Data_Tables\D11_Figure_Freeze.csv,D:\OneDrive\桌面\论文\2027年投稿期刊\论文项目\07_JB医疗可达性_洪水扰动下交通-网络韧性与公平性_SCS_Natural_Hazards\GPT数据\_Organization_Working\Archive_Extractions\2fc63964d4111967\ARCHIVE_MISSING_RECOVERY_BUNDLE_20261005\11_D11_RESULTS_ARCHITECTURE\FIGURE_FREEZE\D11_Figure_Freeze.csv,D:\OneDrive\桌面\论文\2027年投稿期刊\论文项目\07_JB医疗可达性_洪水扰动下交通-网络韧性与公平性_SCS_Natural_Hazards\GPT数据\Nature Portfolio_Project\01_前期数据支撑\99_DUPLICATES_REVIEW\ARCHIVE_MISSING_RECOVERY_BUNDLE_20261005.zip,extracted,Exact duplicate verified by identical file size and SHA-256 checksum.
912de35a93e79af1dfbea47d13f85768fdd8f07bba7a0a7959bfc41d7dff9d39,1446,2,D:\OneDrive\桌面\论文\2027年投稿期刊\论文项目\07_JB医疗可达性_洪水扰动下交通-网络韧性与公平性_SCS_Natural_Hazards\GPT数据\JB_Flood_Healthcare_Accessibility_Research\03_Nature_Portfolio_Project\Tables\Data_Tables\D11_Table_Freeze.csv,D:\OneDrive\桌面\论文\2027年投稿期刊\论文项目\07_JB医疗可达性_洪水扰动下交通-网络韧性与公平性_SCS_Natural_Hazards\GPT数据\_Organization_Working\Archive_Extractions\10e902a93f8ba324\03_TABLE_FREEZE\D11_Table_Freeze.csv,D:\OneDrive\桌面\论文\2027年投稿期刊\论文项目\07_JB医疗可达性_洪水扰动下交通-网络韧性与公平性_SCS_Natural_Hazards\GPT数据\Nature Portfolio_Project\01_前期数据支撑\11_D11_RESULTS_ARCHITECTURE\PACKAGES\D11_Final_Results_Architecture_FigureTable_Freeze_v1.0.zip,extracted,Exact duplicate verified by identical file size and SHA-256 checksum.
94544b05c58075c46e2d31cc642ee9f11cc1b8693b1393a7088b9c9fe65cd796,1091,2,D:\OneDrive\桌面\论文\2027年投稿期刊\论文项目\07_JB医疗可达性_洪水扰动下交通-网络韧性与公平性_SCS_Natural_Hazards\GPT数据\JB_Flood_Healthcare_Accessibility_Research\04_Figure_Support_Data\Unclassified\Data_Tables\ALLOWED_AND_PROHIBITED_CLAIMS.csv,D:\OneDrive\桌面\论文\2027年投稿期刊\论文项目\07_JB医疗可达性_洪水扰动下交通-网络韧性与公平性_SCS_Natural_Hazards\GPT数据\_Organization_Working\Archive_Extractions\5611e03e2054c293\05_CLAIM_EVIDENCE\ALLOWED_AND_PROHIBITED_CLAIMS.csv,D:\OneDrive\桌面\论文\2027年投稿期刊\论文项目\07_JB医疗可达性_洪水扰动下交通-网络韧性与公平性_SCS_Natural_Hazards\GPT数据\绘图支撑数据\JB_STEP8_Final_Manuscript_Freeze_v1.0 (1).zip,extracted,Exact duplicate verified by identical file size and SHA-256 checksum.
9b6a19ce612e98927771bca07ee9da4c12e255891922bb25fa710055a3888b36,2582,2,D:\OneDrive\桌面\论文\2027年投稿期刊\论文项目\07_JB医疗可达性_洪水扰动下交通-网络韧性与公平性_SCS_Natural_Hazards\GPT数据\JB_Flood_Healthcare_Accessibility_Research\04_Figure_Support_Data\Final_Exports\Data_Tables\FINAL_CLAIM_EVIDENCE_MATRIX.csv,D:\OneDrive\桌面\论文\2027年投稿期刊\论文项目\07_JB医疗可达性_洪水扰动下交通-网络韧性与公平性_SCS_Natural_Hazards\GPT数据\_Organization_Working\Archive_Extractions\5611e03e2054c293\05_CLAIM_EVIDENCE\FINAL_CLAIM_EVIDENCE_MATRIX.csv,D:\OneDrive\桌面\论文\2027年投稿期刊\论文项目\07_JB医疗可达性_洪水扰动下交通-网络韧性与公平性_SCS_Natural_Hazards\GPT数据\绘图支撑数据\JB_STEP8_Final_Manuscript_Freeze_v1.0 (1).zip,extracted,Exact duplicate verified by identical file size and SHA-256 checksum.
6ddcefb9fbf42769d59ecf593163b633de85894e5e08eb305c79ce5682028a56,3496,2,D:\OneDrive\桌面\论文\2027年投稿期刊\论文项目\07_JB医疗可达性_洪水扰动下交通-网络韧性与公平性_SCS_Natural_Hazards\GPT数据\JB_Flood_Healthcare_Accessibility_Research\04_Figure_Support_Data\Final_Exports\Documents\FINAL_RESULTS_ARCHITECTURE.md,D:\OneDrive\桌面\论文\2027年投稿期刊\论文项目\07_JB医疗可达性_洪水扰动下交通-网络韧性与公平性_SCS_Natural_Hazards\GPT数据\_Organization_Working\Archive_Extractions\5611e03e2054c293\04_RESULTS_ARCHITECTURE\FINAL_RESULTS_ARCHITECTURE.md,D:\OneDrive\桌面\论文\2027年投稿期刊\论文项目\07_JB医疗可达性_洪水扰动下交通-网络韧性与公平性_SCS_Natural_Hazards\GPT数据\绘图支撑数据\JB_STEP8_Final_Manuscript_Freeze_v1.0 (1).zip,extracted,Exact duplicate verified by identical file size and SHA-256 checksum.
ce3d339ea63e8017289972a9deae70d87e9b2f0125223f0a63fa1b5d042144e2,6828032,2,D:\OneDrive\桌面\论文\2027年投稿期刊\论文项目\07_JB医疗可达性_洪水扰动下交通-网络韧性与公平性_SCS_Natural_Hazards\GPT数据\JB_Flood_Healthcare_Accessibility_Research\04_Figure_Support_Data\Shared_GIS_Assets\Geospatial_Data\JB_Final_Flood_Road_Healthcare_Manuscript_v1.0.gpkg,D:\OneDrive\桌面\论文\2027年投稿期刊\论文项目\07_JB医疗可达性_洪水扰动下交通-网络韧性与公平性_SCS_Natural_Hazards\GPT数据\_Organization_Working\Archive_Extractions\5611e03e2054c293\01_FINAL_GIS\JB_Final_Flood_Road_Healthcare_Manuscript_v1.0.gpkg,D:\OneDrive\桌面\论文\2027年投稿期刊\论文项目\07_JB医疗可达性_洪水扰动下交通-网络韧性与公平性_SCS_Natural_Hazards\GPT数据\绘图支撑数据\JB_STEP8_Final_Manuscript_Freeze_v1.0 (1).zip,extracted,Exact duplicate verified by identical file size and SHA-256 checksum.
601b325e25513ad3568681c625baa14bea291d48f809673993193d4c249c7ac5,180224,3,D:\OneDrive\桌面\论文\2027年投稿期刊\论文项目\07_JB医疗可达性_洪水扰动下交通-网络韧性与公平性_SCS_Natural_Hazards\GPT数据\JB_Flood_Healthcare_Accessibility_Research\04_Figure_Support_Data\Shared_GIS_Assets\Geospatial_Data\JB_Historical_Flood_Zones_PhysicalContext_v1.0.gpkg,D:\OneDrive\桌面\论文\2027年投稿期刊\论文项目\07_JB医疗可达性_洪水扰动下交通-网络韧性与公平性_SCS_Natural_Hazards\GPT数据\_Organization_Working\Archive_Extractions\5a2e6bc43e23bb3e\JB_Historical_Flood_Zones_PhysicalContext_v1.0.gpkg,D:\OneDrive\桌面\论文\2027年投稿期刊\论文项目\07_JB医疗可达性_洪水扰动下交通-网络韧性与公平性_SCS_Natural_Hazards\GPT数据\绘图支撑数据\JB_Historical_Flood_Spatial_Framework_Boundary_CrossValidation_v1.0.zip,extracted,Exact duplicate verified by identical file size and SHA-256 checksum.
601b325e25513ad3568681c625baa14bea291d48f809673993193d4c249c7ac5,180224,3,D:\OneDrive\桌面\论文\2027年投稿期刊\论文项目\07_JB医疗可达性_洪水扰动下交通-网络韧性与公平性_SCS_Natural_Hazards\GPT数据\JB_Flood_Healthcare_Accessibility_Research\04_Figure_Support_Data\Shared_GIS_Assets\Geospatial_Data\JB_Historical_Flood_Zones_PhysicalContext_v1.0.gpkg,D:\OneDrive\桌面\论文\2027年投稿期刊\论文项目\07_JB医疗可达性_洪水扰动下交通-网络韧性与公平性_SCS_Natural_Hazards\GPT数据\_Organization_Working\Archive_Extractions\fc2e33f5b615a0d9\02_GIS\JB_Historical_Flood_Zones_PhysicalContext_v1.0.gpkg,D:\OneDrive\桌面\论文\2027年投稿期刊\论文项目\07_JB医疗可达性_洪水扰动下交通-网络韧性与公平性_SCS_Natural_Hazards\GPT数据\绘图支撑数据\JB_STEP5_PhysicalContextValidation_v1.0.zip,extracted,Exact duplicate verified by identical file size and SHA-256 checksum.
fc2e33f5b615a0d953ad7800dff64b2a3f74a080095367e1966f0e4664696590,1543600,2,D:\OneDrive\桌面\论文\2027年投稿期刊\论文项目\07_JB医疗可达性_洪水扰动下交通-网络韧性与公平性_SCS_Natural_Hazards\GPT数据\JB_Flood_Healthcare_Accessibility_Research\04_Figure_Support_Data\Unclassified\Original_Archives\JB_STEP5_PhysicalContextValidation_v1.0.zip,D:\OneDrive\桌面\论文\2027年投稿期刊\论文项目\07_JB医疗可达性_洪水扰动下交通-网络韧性与公平性_SCS_Natural_Hazards\GPT数据\_Organization_Working\Archive_Extractions\5a2e6bc43e23bb3e\JB_STEP5_PhysicalContextValidation_v1.0.zip,D:\OneDrive\桌面\论文\2027年投稿期刊\论文项目\07_JB医疗可达性_洪水扰动下交通-网络韧性与公平性_SCS_Natural_Hazards\GPT数据\绘图支撑数据\JB_Historical_Flood_Spatial_Framework_Boundary_CrossValidation_v1.0.zip,extracted,Exact duplicate verified by identical file size and SHA-256 checksum.
5611e03e2054c293646368f967c2769912e8526525ec99c5018c894d9d92a16b,17396211,2,D:\OneDrive\桌面\论文\2027年投稿期刊\论文项目\07_JB医疗可达性_洪水扰动下交通-网络韧性与公平性_SCS_Natural_Hazards\GPT数据\JB_Flood_Healthcare_Accessibility_Research\04_Figure_Support_Data\Unclassified\Original_Archives\JB_STEP8_Final_Manuscript_Freeze_v1.0.zip,D:\OneDrive\桌面\论文\2027年投稿期刊\论文项目\07_JB医疗可达性_洪水扰动下交通-网络韧性与公平性_SCS_Natural_Hazards\GPT数据\绘图支撑数据\JB_STEP8_Final_Manuscript_Freeze_v1.0 (1).zip,D:\OneDrive\桌面\论文\2027年投稿期刊\论文项目\07_JB医疗可达性_洪水扰动下交通-网络韧性与公平性_SCS_Natural_Hazards\GPT数据\绘图支撑数据\JB_STEP8_Final_Manuscript_Freeze_v1.0 (1).zip,original,Exact duplicate verified by identical file size and SHA-256 checksum.
a2a5eee0bd854934dd9577a8fcce003c0b920dbcd8a5fd6665902f6fee442a89,7839,2,D:\OneDrive\桌面\论文\2027年投稿期刊\论文项目\07_JB医疗可达性_洪水扰动下交通-网络韧性与公平性_SCS_Natural_Hazards\GPT数据\JB_Flood_Healthcare_Accessibility_Research\04_Figure_Support_Data\Intermediate_Outputs\Data_Tables\Step3B_FloodZone_Metadata.csv,D:\OneDrive\桌面\论文\2027年投稿期刊\论文项目\07_JB医疗可达性_洪水扰动下交通-网络韧性与公平性_SCS_Natural_Hazards\GPT数据\_Organization_Working\Archive_Extractions\6625346158be7cf1\01_FLOOD_ZONE_POLYGONS\Step3B_FloodZone_Metadata.csv,D:\OneDrive\桌面\论文\2027年投稿期刊\论文项目\07_JB医疗可达性_洪水扰动下交通-网络韧性与公平性_SCS_Natural_Hazards\GPT数据\绘图支撑数据\JB_Historical_Flood_Spatial_Framework_STEP3B_FloodZonePolygons_v0.1.zip,extracted,Exact duplicate verified by identical file size and SHA-256 checksum.
102b4957ba9d34d10f9a3d05b5a3cf1daa2b2e6e7ef7d6a22484431ccb07fb69,163840,2,D:\OneDrive\桌面\论文\2027年投稿期刊\论文项目\07_JB医疗可达性_洪水扰动下交通-网络韧性与公平性_SCS_Natural_Hazards\GPT数据\JB_Flood_Healthcare_Accessibility_Research\04_Figure_Support_Data\Shared_GIS_Assets\Geospatial_Data\Step3B_FloodZone_Polygons_v0.1.gpkg,D:\OneDrive\桌面\论文\2027年投稿期刊\论文项目\07_JB医疗可达性_洪水扰动下交通-网络韧性与公平性_SCS_Natural_Hazards\GPT数据\_Organization_Working\Archive_Extractions\6625346158be7cf1\01_FLOOD_ZONE_POLYGONS\Step3B_FloodZone_Polygons_v0.1.gpkg,D:\OneDrive\桌面\论文\2027年投稿期刊\论文项目\07_JB医疗可达性_洪水扰动下交通-网络韧性与公平性_SCS_Natural_Hazards\GPT数据\绘图支撑数据\JB_Historical_Flood_Spatial_Framework_STEP3B_FloodZonePolygons_v0.1.zip,extracted,Exact duplicate verified by identical file size and SHA-256 checksum.
540cac243cfe0036e70dd437dcf84d7a864d3dc193876786fd92505b02932bb1,42108,2,D:\OneDrive\桌面\论文\2027年投稿期刊\论文项目\07_JB医疗可达性_洪水扰动下交通-网络韧性与公平性_SCS_Natural_Hazards\GPT数据\JB_Flood_Healthcare_Accessibility_Research\04_Figure_Support_Data\Shared_GIS_Assets\Geospatial_Data\Step3B_FloodZone_Polygons_WGS84.geojson,D:\OneDrive\桌面\论文\2027年投稿期刊\论文项目\07_JB医疗可达性_洪水扰动下交通-网络韧性与公平性_SCS_Natural_Hazards\GPT数据\_Organization_Working\Archive_Extractions\6625346158be7cf1\01_FLOOD_ZONE_POLYGONS\Step3B_FloodZone_Polygons_WGS84.geojson,D:\OneDrive\桌面\论文\2027年投稿期刊\论文项目\07_JB医疗可达性_洪水扰动下交通-网络韧性与公平性_SCS_Natural_Hazards\GPT数据\绘图支撑数据\JB_Historical_Flood_Spatial_Framework_STEP3B_FloodZonePolygons_v0.1.zip,extracted,Exact duplicate verified by identical file size and SHA-256 checksum.
b0cb984db4b51ec8307b22ad3b409c4ffc34ef97f1e857598ccb9028f8927d85,1353,2,D:\OneDrive\桌面\论文\2027年投稿期刊\论文项目\07_JB医疗可达性_洪水扰动下交通-网络韧性与公平性_SCS_Natural_Hazards\GPT数据\JB_Flood_Healthcare_Accessibility_Research\04_Figure_Support_Data\Shared_GIS_Assets\Geospatial_Data\Step3B_FloodZone_Style_30pct.qml,D:\OneDrive\桌面\论文\2027年投稿期刊\论文项目\07_JB医疗可达性_洪水扰动下交通-网络韧性与公平性_SCS_Natural_Hazards\GPT数据\_Organization_Working\Archive_Extractions\6625346158be7cf1\05_QGIS_STYLE\Step3B_FloodZone_Style_30pct.qml,D:\OneDrive\桌面\论文\2027年投稿期刊\论文项目\07_JB医疗可达性_洪水扰动下交通-网络韧性与公平性_SCS_Natural_Hazards\GPT数据\绘图支撑数据\JB_Historical_Flood_Spatial_Framework_STEP3B_FloodZonePolygons_v0.1.zip,extracted,Exact duplicate verified by identical file size and SHA-256 checksum.
3bcf28cb782f1d76c3a86e511b7dc842cd2e3574a8edecca58dc6d2e49dcdee6,1349,2,D:\OneDrive\桌面\论文\2027年投稿期刊\论文项目\07_JB医疗可达性_洪水扰动下交通-网络韧性与公平性_SCS_Natural_Hazards\GPT数据\JB_Flood_Healthcare_Accessibility_Research\04_Figure_Support_Data\Intermediate_Outputs\Data_Tables\Step3C_F02_F08_F16_PolygonReview.csv,D:\OneDrive\桌面\论文\2027年投稿期刊\论文项目\07_JB医疗可达性_洪水扰动下交通-网络韧性与公平性_SCS_Natural_Hazards\GPT数据\_Organization_Working\Archive_Extractions\80ab47e6c31cc61a\02_LOW_CONFIDENCE_REVIEW\Step3C_F02_F08_F16_PolygonReview.csv,D:\OneDrive\桌面\论文\2027年投稿期刊\论文项目\07_JB医疗可达性_洪水扰动下交通-网络韧性与公平性_SCS_Natural_Hazards\GPT数据\绘图支撑数据\JB_Historical_Flood_Spatial_Framework_STEP3C_CompleteRGBLayer_v0.1.zip,extracted,Exact duplicate verified by identical file size and SHA-256 checksum.
63d1068e8bb838337791d55b3fd2421a35d63fc83a1882deb200413a25fa3242,172032,2,D:\OneDrive\桌面\论文\2027年投稿期刊\论文项目\07_JB医疗可达性_洪水扰动下交通-网络韧性与公平性_SCS_Natural_Hazards\GPT数据\JB_Flood_Healthcare_Accessibility_Research\04_Figure_Support_Data\Shared_GIS_Assets\Geospatial_Data\Step3C_Historical_Flood_Zones_RGB_v0.1.gpkg,D:\OneDrive\桌面\论文\2027年投稿期刊\论文项目\07_JB医疗可达性_洪水扰动下交通-网络韧性与公平性_SCS_Natural_Hazards\GPT数据\_Organization_Working\Archive_Extractions\80ab47e6c31cc61a\01_COMPLETE_FLOOD_ZONE_LAYER\Step3C_Historical_Flood_Zones_RGB_v0.1.gpkg,D:\OneDrive\桌面\论文\2027年投稿期刊\论文项目\07_JB医疗可达性_洪水扰动下交通-网络韧性与公平性_SCS_Natural_Hazards\GPT数据\绘图支撑数据\JB_Historical_Flood_Spatial_Framework_STEP3C_CompleteRGBLayer_v0.1.zip,extracted,Exact duplicate verified by identical file size and SHA-256 checksum.
a7a035c6f8a76a95e67b6426df7ce982f2921db24f0171704af062b1b08479f0,48210,2,D:\OneDrive\桌面\论文\2027年投稿期刊\论文项目\07_JB医疗可达性_洪水扰动下交通-网络韧性与公平性_SCS_Natural_Hazards\GPT数据\JB_Flood_Healthcare_Accessibility_Research\04_Figure_Support_Data\Shared_GIS_Assets\Geospatial_Data\Step3C_Historical_Flood_Zones_RGB_WGS84.geojson,D:\OneDrive\桌面\论文\2027年投稿期刊\论文项目\07_JB医疗可达性_洪水扰动下交通-网络韧性与公平性_SCS_Natural_Hazards\GPT数据\_Organization_Working\Archive_Extractions\80ab47e6c31cc61a\01_COMPLETE_FLOOD_ZONE_LAYER\Step3C_Historical_Flood_Zones_RGB_WGS84.geojson,D:\OneDrive\桌面\论文\2027年投稿期刊\论文项目\07_JB医疗可达性_洪水扰动下交通-网络韧性与公平性_SCS_Natural_Hazards\GPT数据\绘图支撑数据\JB_Historical_Flood_Spatial_Framework_STEP3C_CompleteRGBLayer_v0.1.zip,extracted,Exact duplicate verified by identical file size and SHA-256 checksum.
61d69b9108c81939deb7f16aa269f61f70e026c0364e90b048e9d7c685fd7c0c,9114,2,D:\OneDrive\桌面\论文\2027年投稿期刊\论文项目\07_JB医疗可达性_洪水扰动下交通-网络韧性与公平性_SCS_Natural_Hazards\GPT数据\JB_Flood_Healthcare_Accessibility_Research\04_Figure_Support_Data\Intermediate_Outputs\Data_Tables\Step3C_Historical_Flood_Zone_Metadata.csv,D:\OneDrive\桌面\论文\2027年投稿期刊\论文项目\07_JB医疗可达性_洪水扰动下交通-网络韧性与公平性_SCS_Natural_Hazards\GPT数据\_Organization_Working\Archive_Extractions\80ab47e6c31cc61a\01_COMPLETE_FLOOD_ZONE_LAYER\Step3C_Historical_Flood_Zone_Metadata.csv,D:\OneDrive\桌面\论文\2027年投稿期刊\论文项目\07_JB医疗可达性_洪水扰动下交通-网络韧性与公平性_SCS_Natural_Hazards\GPT数据\绘图支撑数据\JB_Historical_Flood_Spatial_Framework_STEP3C_CompleteRGBLayer_v0.1.zip,extracted,Exact duplicate verified by identical file size and SHA-256 checksum.
b19f1db36d4f4c4c58487ec3afb81f59716e878c1ed4aca7f712c24f7b60d3ab,1880,2,D:\OneDrive\桌面\论文\2027年投稿期刊\论文项目\07_JB医疗可达性_洪水扰动下交通-网络韧性与公平性_SCS_Natural_Hazards\GPT数据\JB_Flood_Healthcare_Accessibility_Research\04_Figure_Support_Data\Intermediate_Outputs\Data_Tables\Step3C_MildZone_Candidate_Screening.csv,D:\OneDrive\桌面\论文\2027年投稿期刊\论文项目\07_JB医疗可达性_洪水扰动下交通-网络韧性与公平性_SCS_Natural_Hazards\GPT数据\_Organization_Working\Archive_Extractions\80ab47e6c31cc61a\03_MILD_ZONE_SCREENING\Step3C_MildZone_Candidate_Screening.csv,D:\OneDrive\桌面\论文\2027年投稿期刊\论文项目\07_JB医疗可达性_洪水扰动下交通-网络韧性与公平性_SCS_Natural_Hazards\GPT数据\绘图支撑数据\JB_Historical_Flood_Spatial_Framework_STEP3C_CompleteRGBLayer_v0.1.zip,extracted,Exact duplicate verified by identical file size and SHA-256 checksum.
b7b3df39c7eb058fe84be3150b045a93ddbfb2e1237470a063d6cca106b41528,1248,2,D:\OneDrive\桌面\论文\2027年投稿期刊\论文项目\07_JB医疗可达性_洪水扰动下交通-网络韧性与公平性_SCS_Natural_Hazards\GPT数据\JB_Flood_Healthcare_Accessibility_Research\04_Figure_Support_Data\Shared_GIS_Assets\Geospatial_Data\Step3C_RGB_30pct.qml,D:\OneDrive\桌面\论文\2027年投稿期刊\论文项目\07_JB医疗可达性_洪水扰动下交通-网络韧性与公平性_SCS_Natural_Hazards\GPT数据\_Organization_Working\Archive_Extractions\80ab47e6c31cc61a\05_QGIS_STYLE\Step3C_RGB_30pct.qml,D:\OneDrive\桌面\论文\2027年投稿期刊\论文项目\07_JB医疗可达性_洪水扰动下交通-网络韧性与公平性_SCS_Natural_Hazards\GPT数据\绘图支撑数据\JB_Historical_Flood_Spatial_Framework_STEP3C_CompleteRGBLayer_v0.1.zip,extracted,Exact duplicate verified by identical file size and SHA-256 checksum.
7a4932212729ba53cc282cd26dbb2e0d9d5841445afebf71463128718820e5cb,2225,2,D:\OneDrive\桌面\论文\2027年投稿期刊\论文项目\07_JB医疗可达性_洪水扰动下交通-网络韧性与公平性_SCS_Natural_Hazards\GPT数据\JB_Flood_Healthcare_Accessibility_Research\04_Figure_Support_Data\Intermediate_Outputs\Data_Tables\Step4_D09_InputExposure_by_Zone.csv,D:\OneDrive\桌面\论文\2027年投稿期刊\论文项目\07_JB医疗可达性_洪水扰动下交通-网络韧性与公平性_SCS_Natural_Hazards\GPT数据\_Organization_Working\Archive_Extractions\102d9c7b8d8ef24b\03_CIRCULARITY_AUDIT\Step4_D09_InputExposure_by_Zone.csv,D:\OneDrive\桌面\论文\2027年投稿期刊\论文项目\07_JB医疗可达性_洪水扰动下交通-网络韧性与公平性_SCS_Natural_Hazards\GPT数据\绘图支撑数据\JB_STEP4_D09_HistoricalZone_Validation_v1.0.zip,extracted,Exact duplicate verified by identical file size and SHA-256 checksum.
bbbc000b2712cfd0642d3f8b7eac9190fad39c498fd6cd2a5068b29cbc2f0f1b,180224,2,D:\OneDrive\桌面\论文\2027年投稿期刊\论文项目\07_JB医疗可达性_洪水扰动下交通-网络韧性与公平性_SCS_Natural_Hazards\GPT数据\JB_Flood_Healthcare_Accessibility_Research\04_Figure_Support_Data\Shared_GIS_Assets\Geospatial_Data\Step4_HistoricalZones_D09_Audit_v1.0.gpkg,D:\OneDrive\桌面\论文\2027年投稿期刊\论文项目\07_JB医疗可达性_洪水扰动下交通-网络韧性与公平性_SCS_Natural_Hazards\GPT数据\_Organization_Working\Archive_Extractions\102d9c7b8d8ef24b\05_GIS\Step4_HistoricalZones_D09_Audit_v1.0.gpkg,D:\OneDrive\桌面\论文\2027年投稿期刊\论文项目\07_JB医疗可达性_洪水扰动下交通-网络韧性与公平性_SCS_Natural_Hazards\GPT数据\绘图支撑数据\JB_STEP4_D09_HistoricalZone_Validation_v1.0.zip,extracted,Exact duplicate verified by identical file size and SHA-256 checksum.
f9c63878932c56aba8f8dc4ef48eaab5e5e47695dea4ee86abc4cf29b820fe86,1357,2,D:\OneDrive\桌面\论文\2027年投稿期刊\论文项目\07_JB医疗可达性_洪水扰动下交通-网络韧性与公平性_SCS_Natural_Hazards\GPT数据\JB_Flood_Healthcare_Accessibility_Research\04_Figure_Support_Data\Intermediate_Outputs\Data_Tables\Step4_HitRate_Robustness_Summary.csv,D:\OneDrive\桌面\论文\2027年投稿期刊\论文项目\07_JB医疗可达性_洪水扰动下交通-网络韧性与公平性_SCS_Natural_Hazards\GPT数据\_Organization_Working\Archive_Extractions\102d9c7b8d8ef24b\02_HIT_RATE_SUMMARY\Step4_HitRate_Robustness_Summary.csv,D:\OneDrive\桌面\论文\2027年投稿期刊\论文项目\07_JB医疗可达性_洪水扰动下交通-网络韧性与公平性_SCS_Natural_Hazards\GPT数据\绘图支撑数据\JB_STEP4_D09_HistoricalZone_Validation_v1.0.zip,extracted,Exact duplicate verified by identical file size and SHA-256 checksum.
19175f1fe00aa0c45afbcda7802e8ae50b898fecfcbadfc251eaaf5a9161313e,1135,2,D:\OneDrive\桌面\论文\2027年投稿期刊\论文项目\07_JB医疗可达性_洪水扰动下交通-网络韧性与公平性_SCS_Natural_Hazards\GPT数据\JB_Flood_Healthcare_Accessibility_Research\04_Figure_Support_Data\Intermediate_Outputs\Data_Tables\STEP4_SCIENTIFIC_DECISION.txt,D:\OneDrive\桌面\论文\2027年投稿期刊\论文项目\07_JB医疗可达性_洪水扰动下交通-网络韧性与公平性_SCS_Natural_Hazards\GPT数据\_Organization_Working\Archive_Extractions\102d9c7b8d8ef24b\00_README\STEP4_SCIENTIFIC_DECISION.txt,D:\OneDrive\桌面\论文\2027年投稿期刊\论文项目\07_JB医疗可达性_洪水扰动下交通-网络韧性与公平性_SCS_Natural_Hazards\GPT数据\绘图支撑数据\JB_STEP4_D09_HistoricalZone_Validation_v1.0.zip,extracted,Exact duplicate verified by identical file size and SHA-256 checksum.
ba873935d2942ec4aec080816845d33c465d0e5ea98257308d76634a0f019fa1,1430,2,D:\OneDrive\桌面\论文\2027年投稿期刊\论文项目\07_JB医疗可达性_洪水扰动下交通-网络韧性与公平性_SCS_Natural_Hazards\GPT数据\JB_Flood_Healthcare_Accessibility_Research\04_Figure_Support_Data\Intermediate_Outputs\Data_Tables\Step4_TerrainOnly_IndependentSupport.csv,D:\OneDrive\桌面\论文\2027年投稿期刊\论文项目\07_JB医疗可达性_洪水扰动下交通-网络韧性与公平性_SCS_Natural_Hazards\GPT数据\_Organization_Working\Archive_Extractions\102d9c7b8d8ef24b\04_TERRAIN_ONLY_SUPPORT\Step4_TerrainOnly_IndependentSupport.csv,D:\OneDrive\桌面\论文\2027年投稿期刊\论文项目\07_JB医疗可达性_洪水扰动下交通-网络韧性与公平性_SCS_Natural_Hazards\GPT数据\绘图支撑数据\JB_STEP4_D09_HistoricalZone_Validation_v1.0.zip,extracted,Exact duplicate verified by identical file size and SHA-256 checksum.
ccd7696bdb21b1088148490b4148aff50b2f228a0ed995f491e6dd437840198b,6299,2,D:\OneDrive\桌面\论文\2027年投稿期刊\论文项目\07_JB医疗可达性_洪水扰动下交通-网络韧性与公平性_SCS_Natural_Hazards\GPT数据\JB_Flood_Healthcare_Accessibility_Research\04_Figure_Support_Data\Intermediate_Outputs\Data_Tables\Step4_Zone_D09_Intersection_Metrics.csv,D:\OneDrive\桌面\论文\2027年投稿期刊\论文项目\07_JB医疗可达性_洪水扰动下交通-网络韧性与公平性_SCS_Natural_Hazards\GPT数据\_Organization_Working\Archive_Extractions\102d9c7b8d8ef24b\01_ZONE_LEVEL\Step4_Zone_D09_Intersection_Metrics.csv,D:\OneDrive\桌面\论文\2027年投稿期刊\论文项目\07_JB医疗可达性_洪水扰动下交通-网络韧性与公平性_SCS_Natural_Hazards\GPT数据\绘图支撑数据\JB_STEP4_D09_HistoricalZone_Validation_v1.0.zip,extracted,Exact duplicate verified by identical file size and SHA-256 checksum.
2104764c33b52ea94ffff7135cdc50ede7aeebcc11c4772cb4f268a593909e1a,8311,2,D:\OneDrive\桌面\论文\2027年投稿期刊\论文项目\07_JB医疗可达性_洪水扰动下交通-网络韧性与公平性_SCS_Natural_Hazards\GPT数据\JB_Flood_Healthcare_Accessibility_Research\04_Figure_Support_Data\Intermediate_Outputs\Data_Tables\Step5_Zone_PhysicalContext_Metrics.csv,D:\OneDrive\桌面\论文\2027年投稿期刊\论文项目\07_JB医疗可达性_洪水扰动下交通-网络韧性与公平性_SCS_Natural_Hazards\GPT数据\_Organization_Working\Archive_Extractions\fc2e33f5b615a0d9\01_ZONE_METRICS\Step5_Zone_PhysicalContext_Metrics.csv,D:\OneDrive\桌面\论文\2027年投稿期刊\论文项目\07_JB医疗可达性_洪水扰动下交通-网络韧性与公平性_SCS_Natural_Hazards\GPT数据\绘图支撑数据\JB_STEP5_PhysicalContextValidation_v1.0.zip,extracted,Exact duplicate verified by identical file size and SHA-256 checksum.
b1655185cbdf7ac72b7a06b421eea98cba41f9dd23ce75e521a92ec583c29d59,1101,2,D:\OneDrive\桌面\论文\2027年投稿期刊\论文项目\07_JB医疗可达性_洪水扰动下交通-网络韧性与公平性_SCS_Natural_Hazards\GPT数据\JB_Flood_Healthcare_Accessibility_Research\04_Figure_Support_Data\Intermediate_Outputs\Data_Tables\Step6_2023_ExplicitClosure_SpatialAudit.csv,D:\OneDrive\桌面\论文\2027年投稿期刊\论文项目\07_JB医疗可达性_洪水扰动下交通-网络韧性与公平性_SCS_Natural_Hazards\GPT数据\_Organization_Working\Archive_Extractions\76f7ffd80ffd3e8a\01_VALIDATION_TABLES\Step6_2023_ExplicitClosure_SpatialAudit.csv,D:\OneDrive\桌面\论文\2027年投稿期刊\论文项目\07_JB医疗可达性_洪水扰动下交通-网络韧性与公平性_SCS_Natural_Hazards\GPT数据\绘图支撑数据\JB_STEP6_HistoricalZones_RoadDisruptionValidation_v1.0.zip,extracted,Exact duplicate verified by identical file size and SHA-256 checksum.
81cced32214a18ba6d9f23e1bf373c37c818c501268bea1dbb71d32b6ca47e1d,1659,3,D:\OneDrive\桌面\论文\2027年投稿期刊\论文项目\07_JB医疗可达性_洪水扰动下交通-网络韧性与公平性_SCS_Natural_Hazards\GPT数据\JB_Flood_Healthcare_Accessibility_Research\04_Figure_Support_Data\Intermediate_Outputs\Data_Tables\Step6_2023_RoadZone_Correspondence.csv,D:\OneDrive\桌面\论文\2027年投稿期刊\论文项目\07_JB医疗可达性_洪水扰动下交通-网络韧性与公平性_SCS_Natural_Hazards\GPT数据\_Organization_Working\Archive_Extractions\76f7ffd80ffd3e8a\01_VALIDATION_TABLES\Step6_2023_RoadZone_Correspondence.csv,D:\OneDrive\桌面\论文\2027年投稿期刊\论文项目\07_JB医疗可达性_洪水扰动下交通-网络韧性与公平性_SCS_Natural_Hazards\GPT数据\绘图支撑数据\JB_STEP6_HistoricalZones_RoadDisruptionValidation_v1.0.zip,extracted,Exact duplicate verified by identical file size and SHA-256 checksum.
81cced32214a18ba6d9f23e1bf373c37c818c501268bea1dbb71d32b6ca47e1d,1659,3,D:\OneDrive\桌面\论文\2027年投稿期刊\论文项目\07_JB医疗可达性_洪水扰动下交通-网络韧性与公平性_SCS_Natural_Hazards\GPT数据\JB_Flood_Healthcare_Accessibility_Research\04_Figure_Support_Data\Intermediate_Outputs\Data_Tables\Step6_2023_RoadZone_Correspondence.csv,D:\OneDrive\桌面\论文\2027年投稿期刊\论文项目\07_JB医疗可达性_洪水扰动下交通-网络韧性与公平性_SCS_Natural_Hazards\GPT数据\_Organization_Working\Archive_Extractions\5611e03e2054c293\08_SUPPLEMENTARY\TableS02_2023_RoadImpact_Correspondence.csv,D:\OneDrive\桌面\论文\2027年投稿期刊\论文项目\07_JB医疗可达性_洪水扰动下交通-网络韧性与公平性_SCS_Natural_Hazards\GPT数据\绘图支撑数据\JB_STEP8_Final_Manuscript_Freeze_v1.0 (1).zip,extracted,Exact duplicate verified by identical file size and SHA-256 checksum.
adea8c1433ef4f49dc242998daa38618ae4c5eabf8de8e7806e095eb4355bf37,1478,2,D:\OneDrive\桌面\论文\2027年投稿期刊\论文项目\07_JB医疗可达性_洪水扰动下交通-网络韧性与公平性_SCS_Natural_Hazards\GPT数据\JB_Flood_Healthcare_Accessibility_Research\04_Figure_Support_Data\Intermediate_Outputs\Data_Tables\Step6_2025_JKR_ObservedDisruption_Correspondence.csv,D:\OneDrive\桌面\论文\2027年投稿期刊\论文项目\07_JB医疗可达性_洪水扰动下交通-网络韧性与公平性_SCS_Natural_Hazards\GPT数据\_Organization_Working\Archive_Extractions\76f7ffd80ffd3e8a\01_VALIDATION_TABLES\Step6_2025_JKR_ObservedDisruption_Correspondence.csv,D:\OneDrive\桌面\论文\2027年投稿期刊\论文项目\07_JB医疗可达性_洪水扰动下交通-网络韧性与公平性_SCS_Natural_Hazards\GPT数据\绘图支撑数据\JB_STEP6_HistoricalZones_RoadDisruptionValidation_v1.0.zip,extracted,Exact duplicate verified by identical file size and SHA-256 checksum.
ce63ccf509abda621cadb9534a4e81557572579cff031197cc327d0aacd8a19b,266240,2,D:\OneDrive\桌面\论文\2027年投稿期刊\论文项目\07_JB医疗可达性_洪水扰动下交通-网络韧性与公平性_SCS_Natural_Hazards\GPT数据\JB_Flood_Healthcare_Accessibility_Research\04_Figure_Support_Data\Shared_GIS_Assets\Geospatial_Data\Step6_RoadDisruption_Validation_v1.0.gpkg,D:\OneDrive\桌面\论文\2027年投稿期刊\论文项目\07_JB医疗可达性_洪水扰动下交通-网络韧性与公平性_SCS_Natural_Hazards\GPT数据\_Organization_Working\Archive_Extractions\76f7ffd80ffd3e8a\02_GIS\Step6_RoadDisruption_Validation_v1.0.gpkg,D:\OneDrive\桌面\论文\2027年投稿期刊\论文项目\07_JB医疗可达性_洪水扰动下交通-网络韧性与公平性_SCS_Natural_Hazards\GPT数据\绘图支撑数据\JB_STEP6_HistoricalZones_RoadDisruptionValidation_v1.0.zip,extracted,Exact duplicate verified by identical file size and SHA-256 checksum.
470ad66d00f00fe458c87ff136f72c04769844094b48bed5b264a49fa371de24,582,2,D:\OneDrive\桌面\论文\2027年投稿期刊\论文项目\07_JB医疗可达性_洪水扰动下交通-网络韧性与公平性_SCS_Natural_Hazards\GPT数据\JB_Flood_Healthcare_Accessibility_Research\04_Figure_Support_Data\Intermediate_Outputs\Data_Tables\Step6_Validation_Summary.csv,D:\OneDrive\桌面\论文\2027年投稿期刊\论文项目\07_JB医疗可达性_洪水扰动下交通-网络韧性与公平性_SCS_Natural_Hazards\GPT数据\_Organization_Working\Archive_Extractions\76f7ffd80ffd3e8a\01_VALIDATION_TABLES\Step6_Validation_Summary.csv,D:\OneDrive\桌面\论文\2027年投稿期刊\论文项目\07_JB医疗可达性_洪水扰动下交通-网络韧性与公平性_SCS_Natural_Hazards\GPT数据\绘图支撑数据\JB_STEP6_HistoricalZones_RoadDisruptionValidation_v1.0.zip,extracted,Exact duplicate verified by identical file size and SHA-256 checksum.
95e4fd31115c67b7478fe54666349a8ed527918a45cb73539efe8ad78f2914c0,1796,2,D:\OneDrive\桌面\论文\2027年投稿期刊\论文项目\07_JB医疗可达性_洪水扰动下交通-网络韧性与公平性_SCS_Natural_Hazards\GPT数据\JB_Flood_Healthcare_Accessibility_Research\04_Figure_Support_Data\Intermediate_Outputs\Data_Tables\Step7_Claim_Evidence_Matrix.csv,D:\OneDrive\桌面\论文\2027年投稿期刊\论文项目\07_JB医疗可达性_洪水扰动下交通-网络韧性与公平性_SCS_Natural_Hazards\GPT数据\_Organization_Working\Archive_Extractions\b1afeb96afb5ac1f\01_CORE_RESULTS\Step7_Claim_Evidence_Matrix.csv,D:\OneDrive\桌面\论文\2027年投稿期刊\论文项目\07_JB医疗可达性_洪水扰动下交通-网络韧性与公平性_SCS_Natural_Hazards\GPT数据\绘图支撑数据\JB_STEP7_HealthcareAccessibilityImpact_v1.0.zip,extracted,Exact duplicate verified by identical file size and SHA-256 checksum.
2616c1e93df9c5364e1aceab4587f594b2dab0f32b2e8df302558b148ace8af3,995,2,D:\OneDrive\桌面\论文\2027年投稿期刊\论文项目\07_JB医疗可达性_洪水扰动下交通-网络韧性与公平性_SCS_Natural_Hazards\GPT数据\JB_Flood_Healthcare_Accessibility_Research\04_Figure_Support_Data\Intermediate_Outputs\Data_Tables\Step7_Core_Healthcare_Accessibility_Results.csv,D:\OneDrive\桌面\论文\2027年投稿期刊\论文项目\07_JB医疗可达性_洪水扰动下交通-网络韧性与公平性_SCS_Natural_Hazards\GPT数据\_Organization_Working\Archive_Extractions\b1afeb96afb5ac1f\01_CORE_RESULTS\Step7_Core_Healthcare_Accessibility_Results.csv,D:\OneDrive\桌面\论文\2027年投稿期刊\论文项目\07_JB医疗可达性_洪水扰动下交通-网络韧性与公平性_SCS_Natural_Hazards\GPT数据\绘图支撑数据\JB_STEP7_HealthcareAccessibilityImpact_v1.0.zip,extracted,Exact duplicate verified by identical file size and SHA-256 checksum.
0971e2d07f26e03805122d8ee69cfe0284954b1f0c215793c93b739e35aa4c22,6683,3,D:\OneDrive\桌面\论文\2027年投稿期刊\论文项目\07_JB医疗可达性_洪水扰动下交通-网络韧性与公平性_SCS_Natural_Hazards\GPT数据\JB_Flood_Healthcare_Accessibility_Research\04_Figure_Support_Data\Intermediate_Outputs\Data_Tables\Step7_MAR20_27Combination_Sensitivity.csv,D:\OneDrive\桌面\论文\2027年投稿期刊\论文项目\07_JB医疗可达性_洪水扰动下交通-网络韧性与公平性_SCS_Natural_Hazards\GPT数据\_Organization_Working\Archive_Extractions\5611e03e2054c293\08_SUPPLEMENTARY\TableS04_27Combination_Sensitivity.csv,D:\OneDrive\桌面\论文\2027年投稿期刊\论文项目\07_JB医疗可达性_洪水扰动下交通-网络韧性与公平性_SCS_Natural_Hazards\GPT数据\绘图支撑数据\JB_STEP8_Final_Manuscript_Freeze_v1.0 (1).zip,extracted,Exact duplicate verified by identical file size and SHA-256 checksum.
0971e2d07f26e03805122d8ee69cfe0284954b1f0c215793c93b739e35aa4c22,6683,3,D:\OneDrive\桌面\论文\2027年投稿期刊\论文项目\07_JB医疗可达性_洪水扰动下交通-网络韧性与公平性_SCS_Natural_Hazards\GPT数据\JB_Flood_Healthcare_Accessibility_Research\04_Figure_Support_Data\Intermediate_Outputs\Data_Tables\Step7_MAR20_27Combination_Sensitivity.csv,D:\OneDrive\桌面\论文\2027年投稿期刊\论文项目\07_JB医疗可达性_洪水扰动下交通-网络韧性与公平性_SCS_Natural_Hazards\GPT数据\_Organization_Working\Archive_Extractions\b1afeb96afb5ac1f\04_SENSITIVITY\Step7_MAR20_27Combination_Sensitivity.csv,D:\OneDrive\桌面\论文\2027年投稿期刊\论文项目\07_JB医疗可达性_洪水扰动下交通-网络韧性与公平性_SCS_Natural_Hazards\GPT数据\绘图支撑数据\JB_STEP7_HealthcareAccessibilityImpact_v1.0.zip,extracted,Exact duplicate verified by identical file size and SHA-256 checksum.
317f947792e9817bcb099de4d9162dfa28d4088ff54003e9166ae4f38d77e15a,1015,2,D:\OneDrive\桌面\论文\2027年投稿期刊\论文项目\07_JB医疗可达性_洪水扰动下交通-网络韧性与公平性_SCS_Natural_Hazards\GPT数据\JB_Flood_Healthcare_Accessibility_Research\04_Figure_Support_Data\Intermediate_Outputs\Data_Tables\Step7_Road_Recovery_Benefit_and_Efficiency.csv,D:\OneDrive\桌面\论文\2027年投稿期刊\论文项目\07_JB医疗可达性_洪水扰动下交通-网络韧性与公平性_SCS_Natural_Hazards\GPT数据\_Organization_Working\Archive_Extractions\b1afeb96afb5ac1f\05_RECOVERY_PRIORITY\Step7_Road_Recovery_Benefit_and_Efficiency.csv,D:\OneDrive\桌面\论文\2027年投稿期刊\论文项目\07_JB医疗可达性_洪水扰动下交通-网络韧性与公平性_SCS_Natural_Hazards\GPT数据\绘图支撑数据\JB_STEP7_HealthcareAccessibilityImpact_v1.0.zip,extracted,Exact duplicate verified by identical file size and SHA-256 checksum.
5fd549a0f2f80736bfba403d89ff59ec80b5ff1c8b142fe5c281c3be57a2ab76,1709,2,D:\OneDrive\桌面\论文\2027年投稿期刊\论文项目\07_JB医疗可达性_洪水扰动下交通-网络韧性与公平性_SCS_Natural_Hazards\GPT数据\JB_Flood_Healthcare_Accessibility_Research\04_Figure_Support_Data\Intermediate_Outputs\Data_Tables\Step7_SingleRoad_Attribution.csv,D:\OneDrive\桌面\论文\2027年投稿期刊\论文项目\07_JB医疗可达性_洪水扰动下交通-网络韧性与公平性_SCS_Natural_Hazards\GPT数据\_Organization_Working\Archive_Extractions\b1afeb96afb5ac1f\02_ROAD_ATTRIBUTION\Step7_SingleRoad_Attribution.csv,D:\OneDrive\桌面\论文\2027年投稿期刊\论文项目\07_JB医疗可达性_洪水扰动下交通-网络韧性与公平性_SCS_Natural_Hazards\GPT数据\绘图支撑数据\JB_STEP7_HealthcareAccessibilityImpact_v1.0.zip,extracted,Exact duplicate verified by identical file size and SHA-256 checksum.
184a40b262cede10c15c961fd3f68d8ee71223f1d0b4d7db386762f5fe4f16da,1063,2,D:\OneDrive\桌面\论文\2027年投稿期刊\论文项目\07_JB医疗可达性_洪水扰动下交通-网络韧性与公平性_SCS_Natural_Hazards\GPT数据\JB_Flood_Healthcare_Accessibility_Research\04_Figure_Support_Data\Intermediate_Outputs\Data_Tables\Step7_Subdistrict_Impact.csv,D:\OneDrive\桌面\论文\2027年投稿期刊\论文项目\07_JB医疗可达性_洪水扰动下交通-网络韧性与公平性_SCS_Natural_Hazards\GPT数据\_Organization_Working\Archive_Extractions\b1afeb96afb5ac1f\03_SPATIAL_CONCENTRATION\Step7_Subdistrict_Impact.csv,D:\OneDrive\桌面\论文\2027年投稿期刊\论文项目\07_JB医疗可达性_洪水扰动下交通-网络韧性与公平性_SCS_Natural_Hazards\GPT数据\绘图支撑数据\JB_STEP7_HealthcareAccessibilityImpact_v1.0.zip,extracted,Exact duplicate verified by identical file size and SHA-256 checksum.
bf463a9c4b332c63a69a7bd647331785de4aea620d5a31332b51087bdee0e990,1823,2,D:\OneDrive\桌面\论文\2027年投稿期刊\论文项目\07_JB医疗可达性_洪水扰动下交通-网络韧性与公平性_SCS_Natural_Hazards\GPT数据\JB_Flood_Healthcare_Accessibility_Research\04_Figure_Support_Data\Intermediate_Outputs\Data_Tables\FILE_MANIFEST_SHA256.csv,D:\OneDrive\桌面\论文\2027年投稿期刊\论文项目\07_JB医疗可达性_洪水扰动下交通-网络韧性与公平性_SCS_Natural_Hazards\GPT数据\_Organization_Working\Archive_Extractions\245d7275ad1ab227\FILE_MANIFEST_SHA256.csv,D:\OneDrive\桌面\论文\2027年投稿期刊\论文项目\07_JB医疗可达性_洪水扰动下交通-网络韧性与公平性_SCS_Natural_Hazards\GPT数据\绘图支撑数据\JB_STEP5A2_ExecutionKit_v0.2.zip,extracted,Exact duplicate verified by identical file size and SHA-256 checksum.
50e406ae59fcaecc937d36d130bdb042c9ec5573f10e08fdaaf30eea6c29d34b,1006,2,D:\OneDrive\桌面\论文\2027年投稿期刊\论文项目\07_JB医疗可达性_洪水扰动下交通-网络韧性与公平性_SCS_Natural_Hazards\GPT数据\JB_Flood_Healthcare_Accessibility_Research\04_Figure_Support_Data\Intermediate_Outputs\Documents\README_STEP5A2_EXECUTION_v0.2.md,D:\OneDrive\桌面\论文\2027年投稿期刊\论文项目\07_JB医疗可达性_洪水扰动下交通-网络韧性与公平性_SCS_Natural_Hazards\GPT数据\_Organization_Working\Archive_Extractions\245d7275ad1ab227\00_README\README_STEP5A2_EXECUTION_v0.2.md,D:\OneDrive\桌面\论文\2027年投稿期刊\论文项目\07_JB医疗可达性_洪水扰动下交通-网络韧性与公平性_SCS_Natural_Hazards\GPT数据\绘图支撑数据\JB_STEP5A2_ExecutionKit_v0.2.zip,extracted,Exact duplicate verified by identical file size and SHA-256 checksum.
e521fd1d265bdce8ee53f36a72859d238bcf39875fbdb7d4b3b4351dac9a8870,722,2,D:\OneDrive\桌面\论文\2027年投稿期刊\论文项目\07_JB医疗可达性_洪水扰动下交通-网络韧性与公平性_SCS_Natural_Hazards\GPT数据\JB_Flood_Healthcare_Accessibility_Research\04_Figure_Support_Data\Intermediate_Outputs\Data_Tables\RUN_ORDER.txt,D:\OneDrive\桌面\论文\2027年投稿期刊\论文项目\07_JB医疗可达性_洪水扰动下交通-网络韧性与公平性_SCS_Natural_Hazards\GPT数据\_Organization_Working\Archive_Extractions\245d7275ad1ab227\00_README\RUN_ORDER.txt,D:\OneDrive\桌面\论文\2027年投稿期刊\论文项目\07_JB医疗可达性_洪水扰动下交通-网络韧性与公平性_SCS_Natural_Hazards\GPT数据\绘图支撑数据\JB_STEP5A2_ExecutionKit_v0.2.zip,extracted,Exact duplicate verified by identical file size and SHA-256 checksum.
f997931b113fdb3434149ac3f994dd2c74511bec961f058bda81117448c54c4d,2249,2,D:\OneDrive\桌面\论文\2027年投稿期刊\论文项目\07_JB医疗可达性_洪水扰动下交通-网络韧性与公平性_SCS_Natural_Hazards\GPT数据\JB_Flood_Healthcare_Accessibility_Research\04_Figure_Support_Data\Intermediate_Outputs\Scripts\download_and_clip_worldcover.py,D:\OneDrive\桌面\论文\2027年投稿期刊\论文项目\07_JB医疗可达性_洪水扰动下交通-网络韧性与公平性_SCS_Natural_Hazards\GPT数据\_Organization_Working\Archive_Extractions\245d7275ad1ab227\01_WORLDCOVER\download_and_clip_worldcover.py,D:\OneDrive\桌面\论文\2027年投稿期刊\论文项目\07_JB医疗可达性_洪水扰动下交通-网络韧性与公平性_SCS_Natural_Hazards\GPT数据\绘图支撑数据\JB_STEP5A2_ExecutionKit_v0.2.zip,extracted,Exact duplicate verified by identical file size and SHA-256 checksum.
651477f4500eedd0e40eb3aec421bc7ca8bf635de5047b7ba2611816aaadc8ab,284,2,D:\OneDrive\桌面\论文\2027年投稿期刊\论文项目\07_JB医疗可达性_洪水扰动下交通-网络韧性与公平性_SCS_Natural_Hazards\GPT数据\JB_Flood_Healthcare_Accessibility_Research\04_Figure_Support_Data\Intermediate_Outputs\Scripts\RUN_WORLDCOVER_WINDOWS.bat,D:\OneDrive\桌面\论文\2027年投稿期刊\论文项目\07_JB医疗可达性_洪水扰动下交通-网络韧性与公平性_SCS_Natural_Hazards\GPT数据\_Organization_Working\Archive_Extractions\245d7275ad1ab227\01_WORLDCOVER\RUN_WORLDCOVER_WINDOWS.bat,D:\OneDrive\桌面\论文\2027年投稿期刊\论文项目\07_JB医疗可达性_洪水扰动下交通-网络韧性与公平性_SCS_Natural_Hazards\GPT数据\绘图支撑数据\JB_STEP5A2_ExecutionKit_v0.2.zip,extracted,Exact duplicate verified by identical file size and SHA-256 checksum.
ad7b0fbe83e999ed6477c021de12731012943d0708d0c60941fd79b665c2c8ff,358,2,D:\OneDrive\桌面\论文\2027年投稿期刊\论文项目\07_JB医疗可达性_洪水扰动下交通-网络韧性与公平性_SCS_Natural_Hazards\GPT数据\JB_Flood_Healthcare_Accessibility_Research\04_Figure_Support_Data\Intermediate_Outputs\Data_Tables\WorldCover_Source_Lock.csv,D:\OneDrive\桌面\论文\2027年投稿期刊\论文项目\07_JB医疗可达性_洪水扰动下交通-网络韧性与公平性_SCS_Natural_Hazards\GPT数据\_Organization_Working\Archive_Extractions\245d7275ad1ab227\01_WORLDCOVER\WorldCover_Source_Lock.csv,D:\OneDrive\桌面\论文\2027年投稿期刊\论文项目\07_JB医疗可达性_洪水扰动下交通-网络韧性与公平性_SCS_Natural_Hazards\GPT数据\绘图支撑数据\JB_STEP5A2_ExecutionKit_v0.2.zip,extracted,Exact duplicate verified by identical file size and SHA-256 checksum.
1b9840a06b02aafe2c801cc1dd92dd8c4358c477d3eaec44f91ba54bd00fbf83,2742,2,D:\OneDrive\桌面\论文\2027年投稿期刊\论文项目\07_JB医疗可达性_洪水扰动下交通-网络韧性与公平性_SCS_Natural_Hazards\GPT数据\JB_Flood_Healthcare_Accessibility_Research\04_Figure_Support_Data\Intermediate_Outputs\Scripts\download_gesdisc_links.py,D:\OneDrive\桌面\论文\2027年投稿期刊\论文项目\07_JB医疗可达性_洪水扰动下交通-网络韧性与公平性_SCS_Natural_Hazards\GPT数据\_Organization_Working\Archive_Extractions\245d7275ad1ab227\02_IMERG\download_gesdisc_links.py,D:\OneDrive\桌面\论文\2027年投稿期刊\论文项目\07_JB医疗可达性_洪水扰动下交通-网络韧性与公平性_SCS_Natural_Hazards\GPT数据\绘图支撑数据\JB_STEP5A2_ExecutionKit_v0.2.zip,extracted,Exact duplicate verified by identical file size and SHA-256 checksum.
d44a866276082cdb8e6c52d7cc52378d9a95ca948730606a6c2be11350f17a22,590,2,D:\OneDrive\桌面\论文\2027年投稿期刊\论文项目\07_JB医疗可达性_洪水扰动下交通-网络韧性与公平性_SCS_Natural_Hazards\GPT数据\JB_Flood_Healthcare_Accessibility_Research\04_Figure_Support_Data\Intermediate_Outputs\Data_Tables\IMERG_v07B_Acquisition_Spec_CORRECTED.csv,D:\OneDrive\桌面\论文\2027年投稿期刊\论文项目\07_JB医疗可达性_洪水扰动下交通-网络韧性与公平性_SCS_Natural_Hazards\GPT数据\_Organization_Working\Archive_Extractions\245d7275ad1ab227\02_IMERG\IMERG_v07B_Acquisition_Spec_CORRECTED.csv,D:\OneDrive\桌面\论文\2027年投稿期刊\论文项目\07_JB医疗可达性_洪水扰动下交通-网络韧性与公平性_SCS_Natural_Hazards\GPT数据\绘图支撑数据\JB_STEP5A2_ExecutionKit_v0.2.zip,extracted,Exact duplicate verified by identical file size and SHA-256 checksum.
d9f8a3279269e837925e2a6e166128243abecb9da00e30901f2472a6bfdc3a98,94,2,D:\OneDrive\桌面\论文\2027年投稿期刊\论文项目\07_JB医疗可达性_洪水扰动下交通-网络韧性与公平性_SCS_Natural_Hazards\GPT数据\JB_Flood_Healthcare_Accessibility_Research\04_Figure_Support_Data\Intermediate_Outputs\Data_Tables\netrc_TEMPLATE_DO_NOT_UPLOAD.txt,D:\OneDrive\桌面\论文\2027年投稿期刊\论文项目\07_JB医疗可达性_洪水扰动下交通-网络韧性与公平性_SCS_Natural_Hazards\GPT数据\_Organization_Working\Archive_Extractions\245d7275ad1ab227\02_IMERG\netrc_TEMPLATE_DO_NOT_UPLOAD.txt,D:\OneDrive\桌面\论文\2027年投稿期刊\论文项目\07_JB医疗可达性_洪水扰动下交通-网络韧性与公平性_SCS_Natural_Hazards\GPT数据\绘图支撑数据\JB_STEP5A2_ExecutionKit_v0.2.zip,extracted,Exact duplicate verified by identical file size and SHA-256 checksum.
1bb0ce6ee4d96987d8e91d808f589164b39536b60c2a0e5000c29cb85998f25d,1224,2,D:\OneDrive\桌面\论文\2027年投稿期刊\论文项目\07_JB医疗可达性_洪水扰动下交通-网络韧性与公平性_SCS_Natural_Hazards\GPT数据\JB_Flood_Healthcare_Accessibility_Research\04_Figure_Support_Data\Intermediate_Outputs\Documents\README_IMERG_V07B_CORRECTED.md,D:\OneDrive\桌面\论文\2027年投稿期刊\论文项目\07_JB医疗可达性_洪水扰动下交通-网络韧性与公平性_SCS_Natural_Hazards\GPT数据\_Organization_Working\Archive_Extractions\245d7275ad1ab227\02_IMERG\README_IMERG_V07B_CORRECTED.md,D:\OneDrive\桌面\论文\2027年投稿期刊\论文项目\07_JB医疗可达性_洪水扰动下交通-网络韧性与公平性_SCS_Natural_Hazards\GPT数据\绘图支撑数据\JB_STEP5A2_ExecutionKit_v0.2.zip,extracted,Exact duplicate verified by identical file size and SHA-256 checksum.
045c92a7631d64514df69523b74421a7276b1f2f49fd4a1a6c664832dd64e162,3595,2,D:\OneDrive\桌面\论文\2027年投稿期刊\论文项目\07_JB医疗可达性_洪水扰动下交通-网络韧性与公平性_SCS_Natural_Hazards\GPT数据\JB_Flood_Healthcare_Accessibility_Research\04_Figure_Support_Data\Intermediate_Outputs\Scripts\extract_osm_hydrography_pyrosm.py,D:\OneDrive\桌面\论文\2027年投稿期刊\论文项目\07_JB医疗可达性_洪水扰动下交通-网络韧性与公平性_SCS_Natural_Hazards\GPT数据\_Organization_Working\Archive_Extractions\245d7275ad1ab227\03_OSM_HYDROGRAPHY\extract_osm_hydrography_pyrosm.py,D:\OneDrive\桌面\论文\2027年投稿期刊\论文项目\07_JB医疗可达性_洪水扰动下交通-网络韧性与公平性_SCS_Natural_Hazards\GPT数据\绘图支撑数据\JB_STEP5A2_ExecutionKit_v0.2.zip,extracted,Exact duplicate verified by identical file size and SHA-256 checksum.
0a1dcc5e57ed9e8064fbd3993fa88df3f324124f6dfcf45b7e766236eef45f6c,435,2,D:\OneDrive\桌面\论文\2027年投稿期刊\论文项目\07_JB医疗可达性_洪水扰动下交通-网络韧性与公平性_SCS_Natural_Hazards\GPT数据\JB_Flood_Healthcare_Accessibility_Research\04_Figure_Support_Data\Intermediate_Outputs\Data_Tables\OSMIUM_ALTERNATIVE.txt,D:\OneDrive\桌面\论文\2027年投稿期刊\论文项目\07_JB医疗可达性_洪水扰动下交通-网络韧性与公平性_SCS_Natural_Hazards\GPT数据\_Organization_Working\Archive_Extractions\245d7275ad1ab227\03_OSM_HYDROGRAPHY\OSMIUM_ALTERNATIVE.txt,D:\OneDrive\桌面\论文\2027年投稿期刊\论文项目\07_JB医疗可达性_洪水扰动下交通-网络韧性与公平性_SCS_Natural_Hazards\GPT数据\绘图支撑数据\JB_STEP5A2_ExecutionKit_v0.2.zip,extracted,Exact duplicate verified by identical file size and SHA-256 checksum.
64f826afa125c4d6b10dd3e78894ca8a1a0ca9c679ee0fc39c6da54c94912ccd,303,2,D:\OneDrive\桌面\论文\2027年投稿期刊\论文项目\07_JB医疗可达性_洪水扰动下交通-网络韧性与公平性_SCS_Natural_Hazards\GPT数据\JB_Flood_Healthcare_Accessibility_Research\04_Figure_Support_Data\Intermediate_Outputs\Scripts\RUN_OSM_HYDROGRAPHY_WINDOWS.bat,D:\OneDrive\桌面\论文\2027年投稿期刊\论文项目\07_JB医疗可达性_洪水扰动下交通-网络韧性与公平性_SCS_Natural_Hazards\GPT数据\_Organization_Working\Archive_Extractions\245d7275ad1ab227\03_OSM_HYDROGRAPHY\RUN_OSM_HYDROGRAPHY_WINDOWS.bat,D:\OneDrive\桌面\论文\2027年投稿期刊\论文项目\07_JB医疗可达性_洪水扰动下交通-网络韧性与公平性_SCS_Natural_Hazards\GPT数据\绘图支撑数据\JB_STEP5A2_ExecutionKit_v0.2.zip,extracted,Exact duplicate verified by identical file size and SHA-256 checksum.
569032aea4e7e12a3418cab84443f48f044ab25d81eb1abd78d03b472c9024bf,449,2,D:\OneDrive\桌面\论文\2027年投稿期刊\论文项目\07_JB医疗可达性_洪水扰动下交通-网络韧性与公平性_SCS_Natural_Hazards\GPT数据\JB_Flood_Healthcare_Accessibility_Research\04_Figure_Support_Data\Intermediate_Outputs\Data_Tables\JPS_Request_Status.csv,D:\OneDrive\桌面\论文\2027年投稿期刊\论文项目\07_JB医疗可达性_洪水扰动下交通-网络韧性与公平性_SCS_Natural_Hazards\GPT数据\_Organization_Working\Archive_Extractions\245d7275ad1ab227\04_JPS_REQUEST_STATUS\JPS_Request_Status.csv,D:\OneDrive\桌面\论文\2027年投稿期刊\论文项目\07_JB医疗可达性_洪水扰动下交通-网络韧性与公平性_SCS_Natural_Hazards\GPT数据\绘图支撑数据\JB_STEP5A2_ExecutionKit_v0.2.zip,extracted,Exact duplicate verified by identical file size and SHA-256 checksum.
e9636ffc671d101f2c5e01069b2c8857492f2d694320df8413122211fccc3306,430,2,D:\OneDrive\桌面\论文\2027年投稿期刊\论文项目\07_JB医疗可达性_洪水扰动下交通-网络韧性与公平性_SCS_Natural_Hazards\GPT数据\JB_Flood_Healthcare_Accessibility_Research\04_Figure_Support_Data\Intermediate_Outputs\Data_Tables\Step5A2_LocalExecution_QC_Template.csv,D:\OneDrive\桌面\论文\2027年投稿期刊\论文项目\07_JB医疗可达性_洪水扰动下交通-网络韧性与公平性_SCS_Natural_Hazards\GPT数据\_Organization_Working\Archive_Extractions\245d7275ad1ab227\05_QC_TEMPLATES\Step5A2_LocalExecution_QC_Template.csv,D:\OneDrive\桌面\论文\2027年投稿期刊\论文项目\07_JB医疗可达性_洪水扰动下交通-网络韧性与公平性_SCS_Natural_Hazards\GPT数据\绘图支撑数据\JB_STEP5A2_ExecutionKit_v0.2.zip,extracted,Exact duplicate verified by identical file size and SHA-256 checksum.
38720674c29d79a78cefa2aa55256ef57b2f1d1fe50cb54faf9799050729c5a5,636,2,D:\OneDrive\桌面\论文\2027年投稿期刊\论文项目\07_JB医疗可达性_洪水扰动下交通-网络韧性与公平性_SCS_Natural_Hazards\GPT数据\JB_Flood_Healthcare_Accessibility_Research\04_Figure_Support_Data\Intermediate_Outputs\Data_Tables\Step5A2_v0.2_Status.csv,D:\OneDrive\桌面\论文\2027年投稿期刊\论文项目\07_JB医疗可达性_洪水扰动下交通-网络韧性与公平性_SCS_Natural_Hazards\GPT数据\_Organization_Working\Archive_Extractions\245d7275ad1ab227\06_METADATA\Step5A2_v0.2_Status.csv,D:\OneDrive\桌面\论文\2027年投稿期刊\论文项目\07_JB医疗可达性_洪水扰动下交通-网络韧性与公平性_SCS_Natural_Hazards\GPT数据\绘图支撑数据\JB_STEP5A2_ExecutionKit_v0.2.zip,extracted,Exact duplicate verified by identical file size and SHA-256 checksum.
e3232b0db18eb488f1d384ec754368e6f77bd77109aae9f14a4a22deb866ffd1,602,2,D:\OneDrive\桌面\论文\2027年投稿期刊\论文项目\07_JB医疗可达性_洪水扰动下交通-网络韧性与公平性_SCS_Natural_Hazards\GPT数据\JB_Flood_Healthcare_Accessibility_Research\04_Figure_Support_Data\Shared_GIS_Assets\Geospatial_Data\Step5A2_v0.2_Summary.json,D:\OneDrive\桌面\论文\2027年投稿期刊\论文项目\07_JB医疗可达性_洪水扰动下交通-网络韧性与公平性_SCS_Natural_Hazards\GPT数据\_Organization_Working\Archive_Extractions\245d7275ad1ab227\06_METADATA\Step5A2_v0.2_Summary.json,D:\OneDrive\桌面\论文\2027年投稿期刊\论文项目\07_JB医疗可达性_洪水扰动下交通-网络韧性与公平性_SCS_Natural_Hazards\GPT数据\绘图支撑数据\JB_STEP5A2_ExecutionKit_v0.2.zip,extracted,Exact duplicate verified by identical file size and SHA-256 checksum.
da1edfe0d99179ef879d739688f7fe561f253ffe11aabd964dc67bd648a1568a,1688,2,D:\OneDrive\桌面\论文\2027年投稿期刊\论文项目\07_JB医疗可达性_洪水扰动下交通-网络韧性与公平性_SCS_Natural_Hazards\GPT数据\JB_Flood_Healthcare_Accessibility_Research\04_Figure_Support_Data\Intermediate_Outputs\Archive_Extractions\JB_STEP8_Final_Manuscript_Freeze_v1.0_1\Data_Tables\TableS05_All_Recovery_Orders.csv,D:\OneDrive\桌面\论文\2027年投稿期刊\论文项目\07_JB医疗可达性_洪水扰动下交通-网络韧性与公平性_SCS_Natural_Hazards\GPT数据\_Organization_Working\Archive_Extractions\b1afeb96afb5ac1f\05_RECOVERY_PRIORITY\Step7_All_Recovery_Orders.csv,D:\OneDrive\桌面\论文\2027年投稿期刊\论文项目\07_JB医疗可达性_洪水扰动下交通-网络韧性与公平性_SCS_Natural_Hazards\GPT数据\绘图支撑数据\JB_STEP7_HealthcareAccessibilityImpact_v1.0.zip,extracted,Exact duplicate verified by identical file size and SHA-256 checksum.
