Source_Type,Source_Group,Original_Path,Current_Source_Path,Relative_Path,Original_File_Name,Extension,Size_Bytes,Modified_Time,SHA256,Duplicate_File_Name_Count,Is_Archive,Is_GIS_Group_Member,GIS_Group_Key
original,01_Historical_Flood_2016_2026,D:\OneDrive\桌面\论文\2027年投稿期刊\论文项目\07_JB医疗可达性_洪水扰动下交通-网络韧性与公平性_SCS_Natural_Hazards\GPT数据\2016_2026年洪涝数据\历史数据\JB_Flood_2016_2026_Summary.xlsx,D:\OneDrive\桌面\论文\2027年投稿期刊\论文项目\07_JB医疗可达性_洪水扰动下交通-网络韧性与公平性_SCS_Natural_Hazards\GPT数据\2016_2026年洪涝数据\历史数据\JB_Flood_2016_2026_Summary.xlsx,2016_2026年洪涝数据\历史数据\JB_Flood_2016_2026_Summary.xlsx,JB_Flood_2016_2026_Summary.xlsx,.xlsx,8109,2026-10-06T20:50:33,d2456318590b1a3da4a12da4715ac7a34f1e9f826bb2b9b3d9f36603dea21cb3,3,False,False,
original,01_Historical_Flood_2016_2026,D:\OneDrive\桌面\论文\2027年投稿期刊\论文项目\07_JB医疗可达性_洪水扰动下交通-网络韧性与公平性_SCS_Natural_Hazards\GPT数据\2016_2026年洪涝数据\历史数据\JB_Flood_All_Closed_Polygons_2016_2021.geojson,D:\OneDrive\桌面\论文\2027年投稿期刊\论文项目\07_JB医疗可达性_洪水扰动下交通-网络韧性与公平性_SCS_Natural_Hazards\GPT数据\2016_2026年洪涝数据\历史数据\JB_Flood_All_Closed_Polygons_2016_2021.geojson,2016_2026年洪涝数据\历史数据\JB_Flood_All_Closed_Polygons_2016_2021.geojson,JB_Flood_All_Closed_Polygons_2016_2021.geojson,.geojson,37143,2026-10-06T20:50:25,a690e26027f558b5cc9cb3db04c622bcc3e61ef0bb0794277efea3f7fc1584c9,3,False,False,
original,01_Historical_Flood_2016_2026,D:\OneDrive\桌面\论文\2027年投稿期刊\论文项目\07_JB医疗可达性_洪水扰动下交通-网络韧性与公平性_SCS_Natural_Hazards\GPT数据\2016_2026年洪涝数据\历史数据\JB_Flood_Baseline_2016_2026_All_Files_20261006.zip,D:\OneDrive\桌面\论文\2027年投稿期刊\论文项目\07_JB医疗可达性_洪水扰动下交通-网络韧性与公平性_SCS_Natural_Hazards\GPT数据\2016_2026年洪涝数据\历史数据\JB_Flood_Baseline_2016_2026_All_Files_20261006.zip,2016_2026年洪涝数据\历史数据\JB_Flood_Baseline_2016_2026_All_Files_20261006.zip,JB_Flood_Baseline_2016_2026_All_Files_20261006.zip,.zip,1797473,2026-10-06T20:50:19,60c5a54f928c634f363f7e9674acf5e432f365299691bfe7d74be4f14a2a01d1,1,True,False,
original,01_Historical_Flood_2016_2026,D:\OneDrive\桌面\论文\2027年投稿期刊\论文项目\07_JB医疗可达性_洪水扰动下交通-网络韧性与公平性_SCS_Natural_Hazards\GPT数据\2016_2026年洪涝数据\历史数据\R003_2016_Polygon_Closure.geojson,D:\OneDrive\桌面\论文\2027年投稿期刊\论文项目\07_JB医疗可达性_洪水扰动下交通-网络韧性与公平性_SCS_Natural_Hazards\GPT数据\2016_2026年洪涝数据\历史数据\R003_2016_Polygon_Closure.geojson,2016_2026年洪涝数据\历史数据\R003_2016_Polygon_Closure.geojson,R003_2016_Polygon_Closure.geojson,.geojson,8162,2026-10-06T19:57:46,0ae2f87b0c89907ffeb97ca3d76393c680a9ac1bc5b5ce98b57f06c9961e6060,3,False,False,
original,01_Historical_Flood_2016_2026,D:\OneDrive\桌面\论文\2027年投稿期刊\论文项目\07_JB医疗可达性_洪水扰动下交通-网络韧性与公平性_SCS_Natural_Hazards\GPT数据\2016_2026年洪涝数据\历史数据\R005_2017_Polygon_Closure.geojson,D:\OneDrive\桌面\论文\2027年投稿期刊\论文项目\07_JB医疗可达性_洪水扰动下交通-网络韧性与公平性_SCS_Natural_Hazards\GPT数据\2016_2026年洪涝数据\历史数据\R005_2017_Polygon_Closure.geojson,2016_2026年洪涝数据\历史数据\R005_2017_Polygon_Closure.geojson,R005_2017_Polygon_Closure.geojson,.geojson,11671,2026-10-06T19:57:48,9fe9fb7b12db220ac589a4fa6a575c2921e0fadf3a4db5bce66d085a0c40fdba,3,False,False,
original,01_Historical_Flood_2016_2026,D:\OneDrive\桌面\论文\2027年投稿期刊\论文项目\07_JB医疗可达性_洪水扰动下交通-网络韧性与公平性_SCS_Natural_Hazards\GPT数据\2016_2026年洪涝数据\历史数据\R014_2021_Polygon_Closure.geojson,D:\OneDrive\桌面\论文\2027年投稿期刊\论文项目\07_JB医疗可达性_洪水扰动下交通-网络韧性与公平性_SCS_Natural_Hazards\GPT数据\2016_2026年洪涝数据\历史数据\R014_2021_Polygon_Closure.geojson,2016_2026年洪涝数据\历史数据\R014_2021_Polygon_Closure.geojson,R014_2021_Polygon_Closure.geojson,.geojson,4205,2026-10-06T19:59:10,366568c8daae01e91c24f170295891db484937dc29b7751a9604abfd76aa5c04,3,False,False,
original,01_Historical_Flood_2016_2026,D:\OneDrive\桌面\论文\2027年投稿期刊\论文项目\07_JB医疗可达性_洪水扰动下交通-网络韧性与公平性_SCS_Natural_Hazards\GPT数据\2016_2026年洪涝数据\历史数据\R017_JB_Flood_Spatial_Baseline_2023_Event_Spatial_Audit.xlsx,D:\OneDrive\桌面\论文\2027年投稿期刊\论文项目\07_JB医疗可达性_洪水扰动下交通-网络韧性与公平性_SCS_Natural_Hazards\GPT数据\2016_2026年洪涝数据\历史数据\R017_JB_Flood_Spatial_Baseline_2023_Event_Spatial_Audit.xlsx,2016_2026年洪涝数据\历史数据\R017_JB_Flood_Spatial_Baseline_2023_Event_Spatial_Audit.xlsx,R017_JB_Flood_Spatial_Baseline_2023_Event_Spatial_Audit.xlsx,.xlsx,71422,2026-10-06T20:00:43,b9a77e45b9f59f9d7adecf2cf2605937373683e5613fbf36f7f35022bd2d2b48,3,False,False,
original,01_Historical_Flood_2016_2026,D:\OneDrive\桌面\论文\2027年投稿期刊\论文项目\07_JB医疗可达性_洪水扰动下交通-网络韧性与公平性_SCS_Natural_Hazards\GPT数据\2016_2026年洪涝数据\历史数据\R018_JB_Flood_Spatial_Baseline_2023_Polygon_Closure.xlsx,D:\OneDrive\桌面\论文\2027年投稿期刊\论文项目\07_JB医疗可达性_洪水扰动下交通-网络韧性与公平性_SCS_Natural_Hazards\GPT数据\2016_2026年洪涝数据\历史数据\R018_JB_Flood_Spatial_Baseline_2023_Polygon_Closure.xlsx,2016_2026年洪涝数据\历史数据\R018_JB_Flood_Spatial_Baseline_2023_Polygon_Closure.xlsx,R018_JB_Flood_Spatial_Baseline_2023_Polygon_Closure.xlsx,.xlsx,73670,2026-10-06T20:00:44,34801b76e8dd9f6998000e9a2d19e1980c5c6718f3b3e74ab8f5c86f6f1f7ef0,3,False,False,
original,01_Historical_Flood_2016_2026,D:\OneDrive\桌面\论文\2027年投稿期刊\论文项目\07_JB医疗可达性_洪水扰动下交通-网络韧性与公平性_SCS_Natural_Hazards\GPT数据\2016_2026年洪涝数据\历史数据\R019_JB_Flood_Spatial_Baseline_2024_Event_Spatial_Audit.xlsx,D:\OneDrive\桌面\论文\2027年投稿期刊\论文项目\07_JB医疗可达性_洪水扰动下交通-网络韧性与公平性_SCS_Natural_Hazards\GPT数据\2016_2026年洪涝数据\历史数据\R019_JB_Flood_Spatial_Baseline_2024_Event_Spatial_Audit.xlsx,2016_2026年洪涝数据\历史数据\R019_JB_Flood_Spatial_Baseline_2024_Event_Spatial_Audit.xlsx,R019_JB_Flood_Spatial_Baseline_2024_Event_Spatial_Audit.xlsx,.xlsx,88474,2026-10-06T20:11:30,ad3b4f353a77fb3db5b1a9a959f150f59a3b77e0ca18672e1bb5b1a136893c87,3,False,False,
original,01_Historical_Flood_2016_2026,D:\OneDrive\桌面\论文\2027年投稿期刊\论文项目\07_JB医疗可达性_洪水扰动下交通-网络韧性与公平性_SCS_Natural_Hazards\GPT数据\2016_2026年洪涝数据\历史数据\R020_JB_Flood_Spatial_Baseline_2024_Polygon_Closure.xlsx,D:\OneDrive\桌面\论文\2027年投稿期刊\论文项目\07_JB医疗可达性_洪水扰动下交通-网络韧性与公平性_SCS_Natural_Hazards\GPT数据\2016_2026年洪涝数据\历史数据\R020_JB_Flood_Spatial_Baseline_2024_Polygon_Closure.xlsx,2016_2026年洪涝数据\历史数据\R020_JB_Flood_Spatial_Baseline_2024_Polygon_Closure.xlsx,R020_JB_Flood_Spatial_Baseline_2024_Polygon_Closure.xlsx,.xlsx,90508,2026-10-06T20:11:32,12e7479ff487252fd64acd4b8ab0367ac4fb45d0be10055c30e2afe9ebda0147,3,False,False,
original,01_Historical_Flood_2016_2026,D:\OneDrive\桌面\论文\2027年投稿期刊\论文项目\07_JB医疗可达性_洪水扰动下交通-网络韧性与公平性_SCS_Natural_Hazards\GPT数据\2016_2026年洪涝数据\历史数据\R021_JB_Flood_Spatial_Baseline_2025_Event_Spatial_Audit.xlsx,D:\OneDrive\桌面\论文\2027年投稿期刊\论文项目\07_JB医疗可达性_洪水扰动下交通-网络韧性与公平性_SCS_Natural_Hazards\GPT数据\2016_2026年洪涝数据\历史数据\R021_JB_Flood_Spatial_Baseline_2025_Event_Spatial_Audit.xlsx,2016_2026年洪涝数据\历史数据\R021_JB_Flood_Spatial_Baseline_2025_Event_Spatial_Audit.xlsx,R021_JB_Flood_Spatial_Baseline_2025_Event_Spatial_Audit.xlsx,.xlsx,113460,2026-10-06T20:23:47,9aaf32cb9e5a4be4113768916f2357628294dafb75c588189e27761acaf46f45,3,False,False,
original,01_Historical_Flood_2016_2026,D:\OneDrive\桌面\论文\2027年投稿期刊\论文项目\07_JB医疗可达性_洪水扰动下交通-网络韧性与公平性_SCS_Natural_Hazards\GPT数据\2016_2026年洪涝数据\历史数据\R022_JB_Flood_Spatial_Baseline_2025_Polygon_Closure.xlsx,D:\OneDrive\桌面\论文\2027年投稿期刊\论文项目\07_JB医疗可达性_洪水扰动下交通-网络韧性与公平性_SCS_Natural_Hazards\GPT数据\2016_2026年洪涝数据\历史数据\R022_JB_Flood_Spatial_Baseline_2025_Polygon_Closure.xlsx,2016_2026年洪涝数据\历史数据\R022_JB_Flood_Spatial_Baseline_2025_Polygon_Closure.xlsx,R022_JB_Flood_Spatial_Baseline_2025_Polygon_Closure.xlsx,.xlsx,115722,2026-10-06T20:23:47,8226c9b4eba951d252b01d24ba26c9563b0a15321299ce60e9b361c1a0c601ea,3,False,False,
original,01_Historical_Flood_2016_2026,D:\OneDrive\桌面\论文\2027年投稿期刊\论文项目\07_JB医疗可达性_洪水扰动下交通-网络韧性与公平性_SCS_Natural_Hazards\GPT数据\2016_2026年洪涝数据\历史数据\R023_JB_Flood_Spatial_Baseline_2026_Partial_Event_Spatial_Audit_20261006.xlsx,D:\OneDrive\桌面\论文\2027年投稿期刊\论文项目\07_JB医疗可达性_洪水扰动下交通-网络韧性与公平性_SCS_Natural_Hazards\GPT数据\2016_2026年洪涝数据\历史数据\R023_JB_Flood_Spatial_Baseline_2026_Partial_Event_Spatial_Audit_20261006.xlsx,2016_2026年洪涝数据\历史数据\R023_JB_Flood_Spatial_Baseline_2026_Partial_Event_Spatial_Audit_20261006.xlsx,R023_JB_Flood_Spatial_Baseline_2026_Partial_Event_Spatial_Audit_20261006.xlsx,.xlsx,132684,2026-10-06T20:32:53,cb47fdede9ab7cd9d80315746031a04db47020e0ae647632a2e78451c7e3cbd2,3,False,False,
original,01_Historical_Flood_2016_2026,D:\OneDrive\桌面\论文\2027年投稿期刊\论文项目\07_JB医疗可达性_洪水扰动下交通-网络韧性与公平性_SCS_Natural_Hazards\GPT数据\2016_2026年洪涝数据\历史数据\R024_JB_Flood_Spatial_Baseline_2026_Partial_Polygon_Closure_20261006.xlsx,D:\OneDrive\桌面\论文\2027年投稿期刊\论文项目\07_JB医疗可达性_洪水扰动下交通-网络韧性与公平性_SCS_Natural_Hazards\GPT数据\2016_2026年洪涝数据\历史数据\R024_JB_Flood_Spatial_Baseline_2026_Partial_Polygon_Closure_20261006.xlsx,2016_2026年洪涝数据\历史数据\R024_JB_Flood_Spatial_Baseline_2026_Partial_Polygon_Closure_20261006.xlsx,R024_JB_Flood_Spatial_Baseline_2026_Partial_Polygon_Closure_20261006.xlsx,.xlsx,135012,2026-10-06T20:32:54,2ec7b22f628f13794f0a5c8241ec7aee7c1bb076cafdd70e97ca7e8ab0e664ee,3,False,False,
original,01_Historical_Flood_2016_2026,D:\OneDrive\桌面\论文\2027年投稿期刊\论文项目\07_JB医疗可达性_洪水扰动下交通-网络韧性与公平性_SCS_Natural_Hazards\GPT数据\2016_2026年洪涝数据\历史数据\v001_JB_Flood_Spatial_Baseline_v1.0.xlsx,D:\OneDrive\桌面\论文\2027年投稿期刊\论文项目\07_JB医疗可达性_洪水扰动下交通-网络韧性与公平性_SCS_Natural_Hazards\GPT数据\2016_2026年洪涝数据\历史数据\v001_JB_Flood_Spatial_Baseline_v1.0.xlsx,2016_2026年洪涝数据\历史数据\v001_JB_Flood_Spatial_Baseline_v1.0.xlsx,v001_JB_Flood_Spatial_Baseline_v1.0.xlsx,.xlsx,56070,2026-10-06T14:02:20,8180581c066e183391446b34f9a190ae1060ce07b0cde70a418c497c6cc4db8f,1,False,False,
original,01_Historical_Flood_2016_2026,D:\OneDrive\桌面\论文\2027年投稿期刊\论文项目\07_JB医疗可达性_洪水扰动下交通-网络韧性与公平性_SCS_Natural_Hazards\GPT数据\2016_2026年洪涝数据\历史数据\v001_经常洪涝区域 + 已发生洪涝区域 地图_JB_Historical_Flood_GIS_Marking_2022_2023_2025.xlsx,D:\OneDrive\桌面\论文\2027年投稿期刊\论文项目\07_JB医疗可达性_洪水扰动下交通-网络韧性与公平性_SCS_Natural_Hazards\GPT数据\2016_2026年洪涝数据\历史数据\v001_经常洪涝区域 + 已发生洪涝区域 地图_JB_Historical_Flood_GIS_Marking_2022_2023_2025.xlsx,2016_2026年洪涝数据\历史数据\v001_经常洪涝区域 + 已发生洪涝区域 地图_JB_Historical_Flood_GIS_Marking_2022_2023_2025.xlsx,v001_经常洪涝区域 + 已发生洪涝区域 地图_JB_Historical_Flood_GIS_Marking_2022_2023_2025.xlsx,.xlsx,59417,2026-10-06T11:37:57,dbebeb15f829c86064a068710a882e576e65ae9511d1d3ead6007b0067fbad38,1,False,False,
original,01_Historical_Flood_2016_2026,D:\OneDrive\桌面\论文\2027年投稿期刊\论文项目\07_JB医疗可达性_洪水扰动下交通-网络韧性与公平性_SCS_Natural_Hazards\GPT数据\2016_2026年洪涝数据\历史数据\v002_JB_Flood_Spatial_Baseline_A1_2016_2018.xlsx,D:\OneDrive\桌面\论文\2027年投稿期刊\论文项目\07_JB医疗可达性_洪水扰动下交通-网络韧性与公平性_SCS_Natural_Hazards\GPT数据\2016_2026年洪涝数据\历史数据\v002_JB_Flood_Spatial_Baseline_A1_2016_2018.xlsx,2016_2026年洪涝数据\历史数据\v002_JB_Flood_Spatial_Baseline_A1_2016_2018.xlsx,v002_JB_Flood_Spatial_Baseline_A1_2016_2018.xlsx,.xlsx,63094,2026-10-06T15:22:32,e336d14914478b42ec38b552cadf34f4c601331a3a3e8ef7050eb2722fdc41fe,1,False,False,
original,01_Historical_Flood_2016_2026,D:\OneDrive\桌面\论文\2027年投稿期刊\论文项目\07_JB医疗可达性_洪水扰动下交通-网络韧性与公平性_SCS_Natural_Hazards\GPT数据\2016_2026年洪涝数据\历史数据\v003_JB_Flood_Spatial_Baseline_A2_2019_2021.xlsx,D:\OneDrive\桌面\论文\2027年投稿期刊\论文项目\07_JB医疗可达性_洪水扰动下交通-网络韧性与公平性_SCS_Natural_Hazards\GPT数据\2016_2026年洪涝数据\历史数据\v003_JB_Flood_Spatial_Baseline_A2_2019_2021.xlsx,2016_2026年洪涝数据\历史数据\v003_JB_Flood_Spatial_Baseline_A2_2019_2021.xlsx,v003_JB_Flood_Spatial_Baseline_A2_2019_2021.xlsx,.xlsx,75609,2026-10-06T15:35:20,c78025bb9f7debe7c0e881a644de8fa1774f0f30fd7a71cf136858d3cc523dcb,1,False,False,
original,01_Historical_Flood_2016_2026,D:\OneDrive\桌面\论文\2027年投稿期刊\论文项目\07_JB医疗可达性_洪水扰动下交通-网络韧性与公平性_SCS_Natural_Hazards\GPT数据\2016_2026年洪涝数据\历史数据\JB_Flood_Baseline_2016_2026_Package_20261006\00_SUMMARY\FILE_MANIFEST_SHA256.csv,D:\OneDrive\桌面\论文\2027年投稿期刊\论文项目\07_JB医疗可达性_洪水扰动下交通-网络韧性与公平性_SCS_Natural_Hazards\GPT数据\2016_2026年洪涝数据\历史数据\JB_Flood_Baseline_2016_2026_Package_20261006\00_SUMMARY\FILE_MANIFEST_SHA256.csv,2016_2026年洪涝数据\历史数据\JB_Flood_Baseline_2016_2026_Package_20261006\00_SUMMARY\FILE_MANIFEST_SHA256.csv,FILE_MANIFEST_SHA256.csv,.csv,4402,2026-10-06T12:48:16,f195645ab476fe07d8868e6b1bbb956c2e8822b936e927905c429ed8c47a3bf8,4,False,False,
original,01_Historical_Flood_2016_2026,D:\OneDrive\桌面\论文\2027年投稿期刊\论文项目\07_JB医疗可达性_洪水扰动下交通-网络韧性与公平性_SCS_Natural_Hazards\GPT数据\2016_2026年洪涝数据\历史数据\JB_Flood_Baseline_2016_2026_Package_20261006\00_SUMMARY\JB_Flood_2016_2026_Summary.xlsx,D:\OneDrive\桌面\论文\2027年投稿期刊\论文项目\07_JB医疗可达性_洪水扰动下交通-网络韧性与公平性_SCS_Natural_Hazards\GPT数据\2016_2026年洪涝数据\历史数据\JB_Flood_Baseline_2016_2026_Package_20261006\00_SUMMARY\JB_Flood_2016_2026_Summary.xlsx,2016_2026年洪涝数据\历史数据\JB_Flood_Baseline_2016_2026_Package_20261006\00_SUMMARY\JB_Flood_2016_2026_Summary.xlsx,JB_Flood_2016_2026_Summary.xlsx,.xlsx,8109,2026-10-06T12:48:16,d2456318590b1a3da4a12da4715ac7a34f1e9f826bb2b9b3d9f36603dea21cb3,3,False,False,
original,01_Historical_Flood_2016_2026,D:\OneDrive\桌面\论文\2027年投稿期刊\论文项目\07_JB医疗可达性_洪水扰动下交通-网络韧性与公平性_SCS_Natural_Hazards\GPT数据\2016_2026年洪涝数据\历史数据\JB_Flood_Baseline_2016_2026_Package_20261006\00_SUMMARY\JB_Flood_All_Closed_Polygons_2016_2021.geojson,D:\OneDrive\桌面\论文\2027年投稿期刊\论文项目\07_JB医疗可达性_洪水扰动下交通-网络韧性与公平性_SCS_Natural_Hazards\GPT数据\2016_2026年洪涝数据\历史数据\JB_Flood_Baseline_2016_2026_Package_20261006\00_SUMMARY\JB_Flood_All_Closed_Polygons_2016_2021.geojson,2016_2026年洪涝数据\历史数据\JB_Flood_Baseline_2016_2026_Package_20261006\00_SUMMARY\JB_Flood_All_Closed_Polygons_2016_2021.geojson,JB_Flood_All_Closed_Polygons_2016_2021.geojson,.geojson,37143,2026-10-06T12:48:16,a690e26027f558b5cc9cb3db04c622bcc3e61ef0bb0794277efea3f7fc1584c9,3,False,False,
original,01_Historical_Flood_2016_2026,D:\OneDrive\桌面\论文\2027年投稿期刊\论文项目\07_JB医疗可达性_洪水扰动下交通-网络韧性与公平性_SCS_Natural_Hazards\GPT数据\2016_2026年洪涝数据\历史数据\JB_Flood_Baseline_2016_2026_Package_20261006\00_SUMMARY\README_2016_2026.txt,D:\OneDrive\桌面\论文\2027年投稿期刊\论文项目\07_JB医疗可达性_洪水扰动下交通-网络韧性与公平性_SCS_Natural_Hazards\GPT数据\2016_2026年洪涝数据\历史数据\JB_Flood_Baseline_2016_2026_Package_20261006\00_SUMMARY\README_2016_2026.txt,2016_2026年洪涝数据\历史数据\JB_Flood_Baseline_2016_2026_Package_20261006\00_SUMMARY\README_2016_2026.txt,README_2016_2026.txt,.txt,1340,2026-10-06T12:48:16,a08df212a17ef045fe6eac601bd50d1be8729ba504b280f9191c90781ab2c86d,2,False,False,
original,01_Historical_Flood_2016_2026,D:\OneDrive\桌面\论文\2027年投稿期刊\论文项目\07_JB医疗可达性_洪水扰动下交通-网络韧性与公平性_SCS_Natural_Hazards\GPT数据\2016_2026年洪涝数据\历史数据\JB_Flood_Baseline_2016_2026_Package_20261006\2016\R002_JB_Flood_Spatial_Baseline_2016_GIS_Validated_RECONSTRUCTED.xlsx,D:\OneDrive\桌面\论文\2027年投稿期刊\论文项目\07_JB医疗可达性_洪水扰动下交通-网络韧性与公平性_SCS_Natural_Hazards\GPT数据\2016_2026年洪涝数据\历史数据\JB_Flood_Baseline_2016_2026_Package_20261006\2016\R002_JB_Flood_Spatial_Baseline_2016_GIS_Validated_RECONSTRUCTED.xlsx,2016_2026年洪涝数据\历史数据\JB_Flood_Baseline_2016_2026_Package_20261006\2016\R002_JB_Flood_Spatial_Baseline_2016_GIS_Validated_RECONSTRUCTED.xlsx,R002_JB_Flood_Spatial_Baseline_2016_GIS_Validated_RECONSTRUCTED.xlsx,.xlsx,68230,2026-10-06T12:48:00,554257e049c48993bfdac74780625de634c2bad3915167b4ae502f13d576c228,2,False,False,
original,01_Historical_Flood_2016_2026,D:\OneDrive\桌面\论文\2027年投稿期刊\论文项目\07_JB医疗可达性_洪水扰动下交通-网络韧性与公平性_SCS_Natural_Hazards\GPT数据\2016_2026年洪涝数据\历史数据\JB_Flood_Baseline_2016_2026_Package_20261006\2016\R003_2016_Polygon_Closure.geojson,D:\OneDrive\桌面\论文\2027年投稿期刊\论文项目\07_JB医疗可达性_洪水扰动下交通-网络韧性与公平性_SCS_Natural_Hazards\GPT数据\2016_2026年洪涝数据\历史数据\JB_Flood_Baseline_2016_2026_Package_20261006\2016\R003_2016_Polygon_Closure.geojson,2016_2026年洪涝数据\历史数据\JB_Flood_Baseline_2016_2026_Package_20261006\2016\R003_2016_Polygon_Closure.geojson,R003_2016_Polygon_Closure.geojson,.geojson,8162,2026-10-06T12:43:00,0ae2f87b0c89907ffeb97ca3d76393c680a9ac1bc5b5ce98b57f06c9961e6060,3,False,False,
original,01_Historical_Flood_2016_2026,D:\OneDrive\桌面\论文\2027年投稿期刊\论文项目\07_JB医疗可达性_洪水扰动下交通-网络韧性与公平性_SCS_Natural_Hazards\GPT数据\2016_2026年洪涝数据\历史数据\JB_Flood_Baseline_2016_2026_Package_20261006\2016\R003_JB_Flood_Spatial_Baseline_2016_GIS_FROZEN_RECONSTRUCTED.xlsx,D:\OneDrive\桌面\论文\2027年投稿期刊\论文项目\07_JB医疗可达性_洪水扰动下交通-网络韧性与公平性_SCS_Natural_Hazards\GPT数据\2016_2026年洪涝数据\历史数据\JB_Flood_Baseline_2016_2026_Package_20261006\2016\R003_JB_Flood_Spatial_Baseline_2016_GIS_FROZEN_RECONSTRUCTED.xlsx,2016_2026年洪涝数据\历史数据\JB_Flood_Baseline_2016_2026_Package_20261006\2016\R003_JB_Flood_Spatial_Baseline_2016_GIS_FROZEN_RECONSTRUCTED.xlsx,R003_JB_Flood_Spatial_Baseline_2016_GIS_FROZEN_RECONSTRUCTED.xlsx,.xlsx,70977,2026-10-06T12:48:02,37c7614f0a7c823e09115fe91f58f8341994758bfefcc9e5d4a1660bdecf4288,2,False,False,
original,01_Historical_Flood_2016_2026,D:\OneDrive\桌面\论文\2027年投稿期刊\论文项目\07_JB医疗可达性_洪水扰动下交通-网络韧性与公平性_SCS_Natural_Hazards\GPT数据\2016_2026年洪涝数据\历史数据\JB_Flood_Baseline_2016_2026_Package_20261006\2017\R004_JB_Flood_Spatial_Baseline_2017_Event_Spatial_Audit_RECONSTRUCTED.xlsx,D:\OneDrive\桌面\论文\2027年投稿期刊\论文项目\07_JB医疗可达性_洪水扰动下交通-网络韧性与公平性_SCS_Natural_Hazards\GPT数据\2016_2026年洪涝数据\历史数据\JB_Flood_Baseline_2016_2026_Package_20261006\2017\R004_JB_Flood_Spatial_Baseline_2017_Event_Spatial_Audit_RECONSTRUCTED.xlsx,2016_2026年洪涝数据\历史数据\JB_Flood_Baseline_2016_2026_Package_20261006\2017\R004_JB_Flood_Spatial_Baseline_2017_Event_Spatial_Audit_RECONSTRUCTED.xlsx,R004_JB_Flood_Spatial_Baseline_2017_Event_Spatial_Audit_RECONSTRUCTED.xlsx,.xlsx,91750,2026-10-06T12:48:02,e3f99912043ca98c3c7a50bfaeb7d1d6a4fee8ecc0669f8654f5415b7689a733,2,False,False,
original,01_Historical_Flood_2016_2026,D:\OneDrive\桌面\论文\2027年投稿期刊\论文项目\07_JB医疗可达性_洪水扰动下交通-网络韧性与公平性_SCS_Natural_Hazards\GPT数据\2016_2026年洪涝数据\历史数据\JB_Flood_Baseline_2016_2026_Package_20261006\2017\R005_2017_Closed_Polygons.geojson,D:\OneDrive\桌面\论文\2027年投稿期刊\论文项目\07_JB医疗可达性_洪水扰动下交通-网络韧性与公平性_SCS_Natural_Hazards\GPT数据\2016_2026年洪涝数据\历史数据\JB_Flood_Baseline_2016_2026_Package_20261006\2017\R005_2017_Closed_Polygons.geojson,2016_2026年洪涝数据\历史数据\JB_Flood_Baseline_2016_2026_Package_20261006\2017\R005_2017_Closed_Polygons.geojson,R005_2017_Closed_Polygons.geojson,.geojson,13114,2026-10-06T12:43:00,22c0f271d892185f40c46a8d1ee38ef8c24d1f92faba26fe8a2747a94b80ed08,2,False,False,
original,01_Historical_Flood_2016_2026,D:\OneDrive\桌面\论文\2027年投稿期刊\论文项目\07_JB医疗可达性_洪水扰动下交通-网络韧性与公平性_SCS_Natural_Hazards\GPT数据\2016_2026年洪涝数据\历史数据\JB_Flood_Baseline_2016_2026_Package_20261006\2017\R005_2017_Polygon_Closure.geojson,D:\OneDrive\桌面\论文\2027年投稿期刊\论文项目\07_JB医疗可达性_洪水扰动下交通-网络韧性与公平性_SCS_Natural_Hazards\GPT数据\2016_2026年洪涝数据\历史数据\JB_Flood_Baseline_2016_2026_Package_20261006\2017\R005_2017_Polygon_Closure.geojson,2016_2026年洪涝数据\历史数据\JB_Flood_Baseline_2016_2026_Package_20261006\2017\R005_2017_Polygon_Closure.geojson,R005_2017_Polygon_Closure.geojson,.geojson,11671,2026-10-06T12:43:00,9fe9fb7b12db220ac589a4fa6a575c2921e0fadf3a4db5bce66d085a0c40fdba,3,False,False,
original,01_Historical_Flood_2016_2026,D:\OneDrive\桌面\论文\2027年投稿期刊\论文项目\07_JB医疗可达性_洪水扰动下交通-网络韧性与公平性_SCS_Natural_Hazards\GPT数据\2016_2026年洪涝数据\历史数据\JB_Flood_Baseline_2016_2026_Package_20261006\2017\R005_JB_Flood_Spatial_Baseline_2017_Spatial_Closure_Pass_RECONSTRUCTED.xlsx,D:\OneDrive\桌面\论文\2027年投稿期刊\论文项目\07_JB医疗可达性_洪水扰动下交通-网络韧性与公平性_SCS_Natural_Hazards\GPT数据\2016_2026年洪涝数据\历史数据\JB_Flood_Baseline_2016_2026_Package_20261006\2017\R005_JB_Flood_Spatial_Baseline_2017_Spatial_Closure_Pass_RECONSTRUCTED.xlsx,2016_2026年洪涝数据\历史数据\JB_Flood_Baseline_2016_2026_Package_20261006\2017\R005_JB_Flood_Spatial_Baseline_2017_Spatial_Closure_Pass_RECONSTRUCTED.xlsx,R005_JB_Flood_Spatial_Baseline_2017_Spatial_Closure_Pass_RECONSTRUCTED.xlsx,.xlsx,99797,2026-10-06T12:48:04,75898f335a2ec83012a3c246b28f02ef912bff6cc1d3769c110fd02d4f7de0a2,2,False,False,
original,01_Historical_Flood_2016_2026,D:\OneDrive\桌面\论文\2027年投稿期刊\论文项目\07_JB医疗可达性_洪水扰动下交通-网络韧性与公平性_SCS_Natural_Hazards\GPT数据\2016_2026年洪涝数据\历史数据\JB_Flood_Baseline_2016_2026_Package_20261006\2017\R006_JB_Flood_Spatial_Baseline_2017_Open_Objects_Review_RECONSTRUCTED.xlsx,D:\OneDrive\桌面\论文\2027年投稿期刊\论文项目\07_JB医疗可达性_洪水扰动下交通-网络韧性与公平性_SCS_Natural_Hazards\GPT数据\2016_2026年洪涝数据\历史数据\JB_Flood_Baseline_2016_2026_Package_20261006\2017\R006_JB_Flood_Spatial_Baseline_2017_Open_Objects_Review_RECONSTRUCTED.xlsx,2016_2026年洪涝数据\历史数据\JB_Flood_Baseline_2016_2026_Package_20261006\2017\R006_JB_Flood_Spatial_Baseline_2017_Open_Objects_Review_RECONSTRUCTED.xlsx,R006_JB_Flood_Spatial_Baseline_2017_Open_Objects_Review_RECONSTRUCTED.xlsx,.xlsx,110920,2026-10-06T12:48:06,f38a4b0e2ffc9d92b84867205ef856c62396318db16282bdfb2fb84bdf71a889,2,False,False,
original,01_Historical_Flood_2016_2026,D:\OneDrive\桌面\论文\2027年投稿期刊\论文项目\07_JB医疗可达性_洪水扰动下交通-网络韧性与公平性_SCS_Natural_Hazards\GPT数据\2016_2026年洪涝数据\历史数据\JB_Flood_Baseline_2016_2026_Package_20261006\2018\R007_DERIVED_2018_Event_Spatial_Audit_from_R012.xlsx,D:\OneDrive\桌面\论文\2027年投稿期刊\论文项目\07_JB医疗可达性_洪水扰动下交通-网络韧性与公平性_SCS_Natural_Hazards\GPT数据\2016_2026年洪涝数据\历史数据\JB_Flood_Baseline_2016_2026_Package_20261006\2018\R007_DERIVED_2018_Event_Spatial_Audit_from_R012.xlsx,2016_2026年洪涝数据\历史数据\JB_Flood_Baseline_2016_2026_Package_20261006\2018\R007_DERIVED_2018_Event_Spatial_Audit_from_R012.xlsx,R007_DERIVED_2018_Event_Spatial_Audit_from_R012.xlsx,.xlsx,17042,2026-10-06T12:48:14,fbeef00f02f816d91169913b5c40439d92d2842388455611e2968504d0dbdc26,2,False,False,
original,01_Historical_Flood_2016_2026,D:\OneDrive\桌面\论文\2027年投稿期刊\论文项目\07_JB医疗可达性_洪水扰动下交通-网络韧性与公平性_SCS_Natural_Hazards\GPT数据\2016_2026年洪涝数据\历史数据\JB_Flood_Baseline_2016_2026_Package_20261006\2018\R008_2018_Polygon_Closure_DERIVED.geojson,D:\OneDrive\桌面\论文\2027年投稿期刊\论文项目\07_JB医疗可达性_洪水扰动下交通-网络韧性与公平性_SCS_Natural_Hazards\GPT数据\2016_2026年洪涝数据\历史数据\JB_Flood_Baseline_2016_2026_Package_20261006\2018\R008_2018_Polygon_Closure_DERIVED.geojson,2016_2026年洪涝数据\历史数据\JB_Flood_Baseline_2016_2026_Package_20261006\2018\R008_2018_Polygon_Closure_DERIVED.geojson,R008_2018_Polygon_Closure_DERIVED.geojson,.geojson,4412,2026-10-06T12:48:16,1353085e399cd2b408c0783c6bbf356853e544bcd27300d7f5138092e0675d9c,2,False,False,
original,01_Historical_Flood_2016_2026,D:\OneDrive\桌面\论文\2027年投稿期刊\论文项目\07_JB医疗可达性_洪水扰动下交通-网络韧性与公平性_SCS_Natural_Hazards\GPT数据\2016_2026年洪涝数据\历史数据\JB_Flood_Baseline_2016_2026_Package_20261006\2018\R008_DERIVED_2018_Polygon_Closure_from_R012.xlsx,D:\OneDrive\桌面\论文\2027年投稿期刊\论文项目\07_JB医疗可达性_洪水扰动下交通-网络韧性与公平性_SCS_Natural_Hazards\GPT数据\2016_2026年洪涝数据\历史数据\JB_Flood_Baseline_2016_2026_Package_20261006\2018\R008_DERIVED_2018_Polygon_Closure_from_R012.xlsx,2016_2026年洪涝数据\历史数据\JB_Flood_Baseline_2016_2026_Package_20261006\2018\R008_DERIVED_2018_Polygon_Closure_from_R012.xlsx,R008_DERIVED_2018_Polygon_Closure_from_R012.xlsx,.xlsx,20788,2026-10-06T12:48:14,58465d6a69e3e4ba8e183bcb229b22399bb5c106870c5ae6333bf30580400ace,2,False,False,
original,01_Historical_Flood_2016_2026,D:\OneDrive\桌面\论文\2027年投稿期刊\论文项目\07_JB医疗可达性_洪水扰动下交通-网络韧性与公平性_SCS_Natural_Hazards\GPT数据\2016_2026年洪涝数据\历史数据\JB_Flood_Baseline_2016_2026_Package_20261006\2019\R009_DERIVED_2019_Event_Spatial_Audit_from_R012.xlsx,D:\OneDrive\桌面\论文\2027年投稿期刊\论文项目\07_JB医疗可达性_洪水扰动下交通-网络韧性与公平性_SCS_Natural_Hazards\GPT数据\2016_2026年洪涝数据\历史数据\JB_Flood_Baseline_2016_2026_Package_20261006\2019\R009_DERIVED_2019_Event_Spatial_Audit_from_R012.xlsx,2016_2026年洪涝数据\历史数据\JB_Flood_Baseline_2016_2026_Package_20261006\2019\R009_DERIVED_2019_Event_Spatial_Audit_from_R012.xlsx,R009_DERIVED_2019_Event_Spatial_Audit_from_R012.xlsx,.xlsx,16111,2026-10-06T12:48:16,c9b10948c320b47694bf70539a1480f00fee3f24704f1425becf4c21e011803e,2,False,False,
original,01_Historical_Flood_2016_2026,D:\OneDrive\桌面\论文\2027年投稿期刊\论文项目\07_JB医疗可达性_洪水扰动下交通-网络韧性与公平性_SCS_Natural_Hazards\GPT数据\2016_2026年洪涝数据\历史数据\JB_Flood_Baseline_2016_2026_Package_20261006\2019\R010_2019_Polygon_Closure_DERIVED.geojson,D:\OneDrive\桌面\论文\2027年投稿期刊\论文项目\07_JB医疗可达性_洪水扰动下交通-网络韧性与公平性_SCS_Natural_Hazards\GPT数据\2016_2026年洪涝数据\历史数据\JB_Flood_Baseline_2016_2026_Package_20261006\2019\R010_2019_Polygon_Closure_DERIVED.geojson,2016_2026年洪涝数据\历史数据\JB_Flood_Baseline_2016_2026_Package_20261006\2019\R010_2019_Polygon_Closure_DERIVED.geojson,R010_2019_Polygon_Closure_DERIVED.geojson,.geojson,7088,2026-10-06T12:48:16,95ea829e7d0dfcf51e9e08c04349cf2cdb2420f2f130fcd2b3dad491b81ffbe6,2,False,False,
original,01_Historical_Flood_2016_2026,D:\OneDrive\桌面\论文\2027年投稿期刊\论文项目\07_JB医疗可达性_洪水扰动下交通-网络韧性与公平性_SCS_Natural_Hazards\GPT数据\2016_2026年洪涝数据\历史数据\JB_Flood_Baseline_2016_2026_Package_20261006\2019\R010_DERIVED_2019_Polygon_Closure_from_R012.xlsx,D:\OneDrive\桌面\论文\2027年投稿期刊\论文项目\07_JB医疗可达性_洪水扰动下交通-网络韧性与公平性_SCS_Natural_Hazards\GPT数据\2016_2026年洪涝数据\历史数据\JB_Flood_Baseline_2016_2026_Package_20261006\2019\R010_DERIVED_2019_Polygon_Closure_from_R012.xlsx,2016_2026年洪涝数据\历史数据\JB_Flood_Baseline_2016_2026_Package_20261006\2019\R010_DERIVED_2019_Polygon_Closure_from_R012.xlsx,R010_DERIVED_2019_Polygon_Closure_from_R012.xlsx,.xlsx,20377,2026-10-06T12:48:16,d9b6502f58ca67b6f09a7eeb48358edb3068ad9c8551cfc5abd314a3b1f0698b,2,False,False,
original,01_Historical_Flood_2016_2026,D:\OneDrive\桌面\论文\2027年投稿期刊\论文项目\07_JB医疗可达性_洪水扰动下交通-网络韧性与公平性_SCS_Natural_Hazards\GPT数据\2016_2026年洪涝数据\历史数据\JB_Flood_Baseline_2016_2026_Package_20261006\2020\R011_JB_Flood_Spatial_Baseline_2020_Event_Spatial_Audit_RECONSTRUCTED.xlsx,D:\OneDrive\桌面\论文\2027年投稿期刊\论文项目\07_JB医疗可达性_洪水扰动下交通-网络韧性与公平性_SCS_Natural_Hazards\GPT数据\2016_2026年洪涝数据\历史数据\JB_Flood_Baseline_2016_2026_Package_20261006\2020\R011_JB_Flood_Spatial_Baseline_2020_Event_Spatial_Audit_RECONSTRUCTED.xlsx,2016_2026年洪涝数据\历史数据\JB_Flood_Baseline_2016_2026_Package_20261006\2020\R011_JB_Flood_Spatial_Baseline_2020_Event_Spatial_Audit_RECONSTRUCTED.xlsx,R011_JB_Flood_Spatial_Baseline_2020_Event_Spatial_Audit_RECONSTRUCTED.xlsx,.xlsx,168397,2026-10-06T12:48:10,e8e2432878a88f34046b43b67e8f4d44c70172c0fbf199ce1b336dc5f157b1a3,2,False,False,
original,01_Historical_Flood_2016_2026,D:\OneDrive\桌面\论文\2027年投稿期刊\论文项目\07_JB医疗可达性_洪水扰动下交通-网络韧性与公平性_SCS_Natural_Hazards\GPT数据\2016_2026年洪涝数据\历史数据\JB_Flood_Baseline_2016_2026_Package_20261006\2020\R012_2020_Polygon_Closure.geojson,D:\OneDrive\桌面\论文\2027年投稿期刊\论文项目\07_JB医疗可达性_洪水扰动下交通-网络韧性与公平性_SCS_Natural_Hazards\GPT数据\2016_2026年洪涝数据\历史数据\JB_Flood_Baseline_2016_2026_Package_20261006\2020\R012_2020_Polygon_Closure.geojson,2016_2026年洪涝数据\历史数据\JB_Flood_Baseline_2016_2026_Package_20261006\2020\R012_2020_Polygon_Closure.geojson,R012_2020_Polygon_Closure.geojson,.geojson,6013,2026-10-06T12:43:00,e51fb83feef8802aa98c0d3c8b3a7539c34bc41d8a2be2c9c397829f1642493f,2,False,False,
original,01_Historical_Flood_2016_2026,D:\OneDrive\桌面\论文\2027年投稿期刊\论文项目\07_JB医疗可达性_洪水扰动下交通-网络韧性与公平性_SCS_Natural_Hazards\GPT数据\2016_2026年洪涝数据\历史数据\JB_Flood_Baseline_2016_2026_Package_20261006\2020\R012_JB_Flood_Spatial_Baseline_2020_Polygon_Closure_RECONSTRUCTED.xlsx,D:\OneDrive\桌面\论文\2027年投稿期刊\论文项目\07_JB医疗可达性_洪水扰动下交通-网络韧性与公平性_SCS_Natural_Hazards\GPT数据\2016_2026年洪涝数据\历史数据\JB_Flood_Baseline_2016_2026_Package_20261006\2020\R012_JB_Flood_Spatial_Baseline_2020_Polygon_Closure_RECONSTRUCTED.xlsx,2016_2026年洪涝数据\历史数据\JB_Flood_Baseline_2016_2026_Package_20261006\2020\R012_JB_Flood_Spatial_Baseline_2020_Polygon_Closure_RECONSTRUCTED.xlsx,R012_JB_Flood_Spatial_Baseline_2020_Polygon_Closure_RECONSTRUCTED.xlsx,.xlsx,189852,2026-10-06T12:48:14,2ba69b00afe196dffb6dfd11393315a0aa91656eb170edfd1f2c32839c564936,2,False,False,
original,01_Historical_Flood_2016_2026,D:\OneDrive\桌面\论文\2027年投稿期刊\论文项目\07_JB医疗可达性_洪水扰动下交通-网络韧性与公平性_SCS_Natural_Hazards\GPT数据\2016_2026年洪涝数据\历史数据\JB_Flood_Baseline_2016_2026_Package_20261006\2021\R013_JB_Flood_Spatial_Baseline_2021_Event_Spatial_Audit.xlsx,D:\OneDrive\桌面\论文\2027年投稿期刊\论文项目\07_JB医疗可达性_洪水扰动下交通-网络韧性与公平性_SCS_Natural_Hazards\GPT数据\2016_2026年洪涝数据\历史数据\JB_Flood_Baseline_2016_2026_Package_20261006\2021\R013_JB_Flood_Spatial_Baseline_2021_Event_Spatial_Audit.xlsx,2016_2026年洪涝数据\历史数据\JB_Flood_Baseline_2016_2026_Package_20261006\2021\R013_JB_Flood_Spatial_Baseline_2021_Event_Spatial_Audit.xlsx,R013_JB_Flood_Spatial_Baseline_2021_Event_Spatial_Audit.xlsx,.xlsx,23207,2026-10-06T11:27:20,e187c525f6f902c8ced217367ef1d6f0822cdf569198ba77d891037c54dd0827,2,False,False,
original,01_Historical_Flood_2016_2026,D:\OneDrive\桌面\论文\2027年投稿期刊\论文项目\07_JB医疗可达性_洪水扰动下交通-网络韧性与公平性_SCS_Natural_Hazards\GPT数据\2016_2026年洪涝数据\历史数据\JB_Flood_Baseline_2016_2026_Package_20261006\2021\R014_2021_Polygon_Closure.geojson,D:\OneDrive\桌面\论文\2027年投稿期刊\论文项目\07_JB医疗可达性_洪水扰动下交通-网络韧性与公平性_SCS_Natural_Hazards\GPT数据\2016_2026年洪涝数据\历史数据\JB_Flood_Baseline_2016_2026_Package_20261006\2021\R014_2021_Polygon_Closure.geojson,2016_2026年洪涝数据\历史数据\JB_Flood_Baseline_2016_2026_Package_20261006\2021\R014_2021_Polygon_Closure.geojson,R014_2021_Polygon_Closure.geojson,.geojson,4205,2026-10-06T11:27:20,366568c8daae01e91c24f170295891db484937dc29b7751a9604abfd76aa5c04,3,False,False,
original,01_Historical_Flood_2016_2026,D:\OneDrive\桌面\论文\2027年投稿期刊\论文项目\07_JB医疗可达性_洪水扰动下交通-网络韧性与公平性_SCS_Natural_Hazards\GPT数据\2016_2026年洪涝数据\历史数据\JB_Flood_Baseline_2016_2026_Package_20261006\2021\R014_JB_Flood_Spatial_Baseline_2021_Polygon_Closure.xlsx,D:\OneDrive\桌面\论文\2027年投稿期刊\论文项目\07_JB医疗可达性_洪水扰动下交通-网络韧性与公平性_SCS_Natural_Hazards\GPT数据\2016_2026年洪涝数据\历史数据\JB_Flood_Baseline_2016_2026_Package_20261006\2021\R014_JB_Flood_Spatial_Baseline_2021_Polygon_Closure.xlsx,2016_2026年洪涝数据\历史数据\JB_Flood_Baseline_2016_2026_Package_20261006\2021\R014_JB_Flood_Spatial_Baseline_2021_Polygon_Closure.xlsx,R014_JB_Flood_Spatial_Baseline_2021_Polygon_Closure.xlsx,.xlsx,26349,2026-10-06T11:27:20,4db7bd0075e50e6162aa1d45727e4641af573eec5f789d8588daea131d13d9cd,2,False,False,
original,01_Historical_Flood_2016_2026,D:\OneDrive\桌面\论文\2027年投稿期刊\论文项目\07_JB医疗可达性_洪水扰动下交通-网络韧性与公平性_SCS_Natural_Hazards\GPT数据\2016_2026年洪涝数据\历史数据\JB_Flood_Baseline_2016_2026_Package_20261006\2022\R015_JB_Flood_Spatial_Baseline_2022_Event_Spatial_Audit.xlsx,D:\OneDrive\桌面\论文\2027年投稿期刊\论文项目\07_JB医疗可达性_洪水扰动下交通-网络韧性与公平性_SCS_Natural_Hazards\GPT数据\2016_2026年洪涝数据\历史数据\JB_Flood_Baseline_2016_2026_Package_20261006\2022\R015_JB_Flood_Spatial_Baseline_2022_Event_Spatial_Audit.xlsx,2016_2026年洪涝数据\历史数据\JB_Flood_Baseline_2016_2026_Package_20261006\2022\R015_JB_Flood_Spatial_Baseline_2022_Event_Spatial_Audit.xlsx,R015_JB_Flood_Spatial_Baseline_2022_Event_Spatial_Audit.xlsx,.xlsx,45527,2026-10-06T11:48:22,31a96b7d2a477078d7dcb2dd5e2894ec08833694c65e74c4fe87c567786b3207,2,False,False,
original,01_Historical_Flood_2016_2026,D:\OneDrive\桌面\论文\2027年投稿期刊\论文项目\07_JB医疗可达性_洪水扰动下交通-网络韧性与公平性_SCS_Natural_Hazards\GPT数据\2016_2026年洪涝数据\历史数据\JB_Flood_Baseline_2016_2026_Package_20261006\2022\R016_JB_Flood_Spatial_Baseline_2022_Polygon_Closure.xlsx,D:\OneDrive\桌面\论文\2027年投稿期刊\论文项目\07_JB医疗可达性_洪水扰动下交通-网络韧性与公平性_SCS_Natural_Hazards\GPT数据\2016_2026年洪涝数据\历史数据\JB_Flood_Baseline_2016_2026_Package_20261006\2022\R016_JB_Flood_Spatial_Baseline_2022_Polygon_Closure.xlsx,2016_2026年洪涝数据\历史数据\JB_Flood_Baseline_2016_2026_Package_20261006\2022\R016_JB_Flood_Spatial_Baseline_2022_Polygon_Closure.xlsx,R016_JB_Flood_Spatial_Baseline_2022_Polygon_Closure.xlsx,.xlsx,48191,2026-10-06T11:48:20,5b5a2456ef1fdc4799e0af8b12143483149851939b2caa7db5f6088152ecc039,2,False,False,
original,01_Historical_Flood_2016_2026,D:\OneDrive\桌面\论文\2027年投稿期刊\论文项目\07_JB医疗可达性_洪水扰动下交通-网络韧性与公平性_SCS_Natural_Hazards\GPT数据\2016_2026年洪涝数据\历史数据\JB_Flood_Baseline_2016_2026_Package_20261006\2023\R017_JB_Flood_Spatial_Baseline_2023_Event_Spatial_Audit.xlsx,D:\OneDrive\桌面\论文\2027年投稿期刊\论文项目\07_JB医疗可达性_洪水扰动下交通-网络韧性与公平性_SCS_Natural_Hazards\GPT数据\2016_2026年洪涝数据\历史数据\JB_Flood_Baseline_2016_2026_Package_20261006\2023\R017_JB_Flood_Spatial_Baseline_2023_Event_Spatial_Audit.xlsx,2016_2026年洪涝数据\历史数据\JB_Flood_Baseline_2016_2026_Package_20261006\2023\R017_JB_Flood_Spatial_Baseline_2023_Event_Spatial_Audit.xlsx,R017_JB_Flood_Spatial_Baseline_2023_Event_Spatial_Audit.xlsx,.xlsx,71422,2026-10-06T12:04:54,b9a77e45b9f59f9d7adecf2cf2605937373683e5613fbf36f7f35022bd2d2b48,3,False,False,
original,01_Historical_Flood_2016_2026,D:\OneDrive\桌面\论文\2027年投稿期刊\论文项目\07_JB医疗可达性_洪水扰动下交通-网络韧性与公平性_SCS_Natural_Hazards\GPT数据\2016_2026年洪涝数据\历史数据\JB_Flood_Baseline_2016_2026_Package_20261006\2023\R018_JB_Flood_Spatial_Baseline_2023_Polygon_Closure.xlsx,D:\OneDrive\桌面\论文\2027年投稿期刊\论文项目\07_JB医疗可达性_洪水扰动下交通-网络韧性与公平性_SCS_Natural_Hazards\GPT数据\2016_2026年洪涝数据\历史数据\JB_Flood_Baseline_2016_2026_Package_20261006\2023\R018_JB_Flood_Spatial_Baseline_2023_Polygon_Closure.xlsx,2016_2026年洪涝数据\历史数据\JB_Flood_Baseline_2016_2026_Package_20261006\2023\R018_JB_Flood_Spatial_Baseline_2023_Polygon_Closure.xlsx,R018_JB_Flood_Spatial_Baseline_2023_Polygon_Closure.xlsx,.xlsx,73670,2026-10-06T12:04:56,34801b76e8dd9f6998000e9a2d19e1980c5c6718f3b3e74ab8f5c86f6f1f7ef0,3,False,False,
original,01_Historical_Flood_2016_2026,D:\OneDrive\桌面\论文\2027年投稿期刊\论文项目\07_JB医疗可达性_洪水扰动下交通-网络韧性与公平性_SCS_Natural_Hazards\GPT数据\2016_2026年洪涝数据\历史数据\JB_Flood_Baseline_2016_2026_Package_20261006\2024\R019_JB_Flood_Spatial_Baseline_2024_Event_Spatial_Audit.xlsx,D:\OneDrive\桌面\论文\2027年投稿期刊\论文项目\07_JB医疗可达性_洪水扰动下交通-网络韧性与公平性_SCS_Natural_Hazards\GPT数据\2016_2026年洪涝数据\历史数据\JB_Flood_Baseline_2016_2026_Package_20261006\2024\R019_JB_Flood_Spatial_Baseline_2024_Event_Spatial_Audit.xlsx,2016_2026年洪涝数据\历史数据\JB_Flood_Baseline_2016_2026_Package_20261006\2024\R019_JB_Flood_Spatial_Baseline_2024_Event_Spatial_Audit.xlsx,R019_JB_Flood_Spatial_Baseline_2024_Event_Spatial_Audit.xlsx,.xlsx,88474,2026-10-06T12:15:22,ad3b4f353a77fb3db5b1a9a959f150f59a3b77e0ca18672e1bb5b1a136893c87,3,False,False,
original,01_Historical_Flood_2016_2026,D:\OneDrive\桌面\论文\2027年投稿期刊\论文项目\07_JB医疗可达性_洪水扰动下交通-网络韧性与公平性_SCS_Natural_Hazards\GPT数据\2016_2026年洪涝数据\历史数据\JB_Flood_Baseline_2016_2026_Package_20261006\2024\R020_JB_Flood_Spatial_Baseline_2024_Polygon_Closure.xlsx,D:\OneDrive\桌面\论文\2027年投稿期刊\论文项目\07_JB医疗可达性_洪水扰动下交通-网络韧性与公平性_SCS_Natural_Hazards\GPT数据\2016_2026年洪涝数据\历史数据\JB_Flood_Baseline_2016_2026_Package_20261006\2024\R020_JB_Flood_Spatial_Baseline_2024_Polygon_Closure.xlsx,2016_2026年洪涝数据\历史数据\JB_Flood_Baseline_2016_2026_Package_20261006\2024\R020_JB_Flood_Spatial_Baseline_2024_Polygon_Closure.xlsx,R020_JB_Flood_Spatial_Baseline_2024_Polygon_Closure.xlsx,.xlsx,90508,2026-10-06T12:15:22,12e7479ff487252fd64acd4b8ab0367ac4fb45d0be10055c30e2afe9ebda0147,3,False,False,
original,01_Historical_Flood_2016_2026,D:\OneDrive\桌面\论文\2027年投稿期刊\论文项目\07_JB医疗可达性_洪水扰动下交通-网络韧性与公平性_SCS_Natural_Hazards\GPT数据\2016_2026年洪涝数据\历史数据\JB_Flood_Baseline_2016_2026_Package_20261006\2025\R021_JB_Flood_Spatial_Baseline_2025_Event_Spatial_Audit.xlsx,D:\OneDrive\桌面\论文\2027年投稿期刊\论文项目\07_JB医疗可达性_洪水扰动下交通-网络韧性与公平性_SCS_Natural_Hazards\GPT数据\2016_2026年洪涝数据\历史数据\JB_Flood_Baseline_2016_2026_Package_20261006\2025\R021_JB_Flood_Spatial_Baseline_2025_Event_Spatial_Audit.xlsx,2016_2026年洪涝数据\历史数据\JB_Flood_Baseline_2016_2026_Package_20261006\2025\R021_JB_Flood_Spatial_Baseline_2025_Event_Spatial_Audit.xlsx,R021_JB_Flood_Spatial_Baseline_2025_Event_Spatial_Audit.xlsx,.xlsx,113460,2026-10-06T12:27:34,9aaf32cb9e5a4be4113768916f2357628294dafb75c588189e27761acaf46f45,3,False,False,
original,01_Historical_Flood_2016_2026,D:\OneDrive\桌面\论文\2027年投稿期刊\论文项目\07_JB医疗可达性_洪水扰动下交通-网络韧性与公平性_SCS_Natural_Hazards\GPT数据\2016_2026年洪涝数据\历史数据\JB_Flood_Baseline_2016_2026_Package_20261006\2025\R022_JB_Flood_Spatial_Baseline_2025_Polygon_Closure.xlsx,D:\OneDrive\桌面\论文\2027年投稿期刊\论文项目\07_JB医疗可达性_洪水扰动下交通-网络韧性与公平性_SCS_Natural_Hazards\GPT数据\2016_2026年洪涝数据\历史数据\JB_Flood_Baseline_2016_2026_Package_20261006\2025\R022_JB_Flood_Spatial_Baseline_2025_Polygon_Closure.xlsx,2016_2026年洪涝数据\历史数据\JB_Flood_Baseline_2016_2026_Package_20261006\2025\R022_JB_Flood_Spatial_Baseline_2025_Polygon_Closure.xlsx,R022_JB_Flood_Spatial_Baseline_2025_Polygon_Closure.xlsx,.xlsx,115722,2026-10-06T12:27:34,8226c9b4eba951d252b01d24ba26c9563b0a15321299ce60e9b361c1a0c601ea,3,False,False,
original,01_Historical_Flood_2016_2026,D:\OneDrive\桌面\论文\2027年投稿期刊\论文项目\07_JB医疗可达性_洪水扰动下交通-网络韧性与公平性_SCS_Natural_Hazards\GPT数据\2016_2026年洪涝数据\历史数据\JB_Flood_Baseline_2016_2026_Package_20261006\2026\R023_JB_Flood_Spatial_Baseline_2026_Partial_Event_Spatial_Audit_20261006.xlsx,D:\OneDrive\桌面\论文\2027年投稿期刊\论文项目\07_JB医疗可达性_洪水扰动下交通-网络韧性与公平性_SCS_Natural_Hazards\GPT数据\2016_2026年洪涝数据\历史数据\JB_Flood_Baseline_2016_2026_Package_20261006\2026\R023_JB_Flood_Spatial_Baseline_2026_Partial_Event_Spatial_Audit_20261006.xlsx,2016_2026年洪涝数据\历史数据\JB_Flood_Baseline_2016_2026_Package_20261006\2026\R023_JB_Flood_Spatial_Baseline_2026_Partial_Event_Spatial_Audit_20261006.xlsx,R023_JB_Flood_Spatial_Baseline_2026_Partial_Event_Spatial_Audit_20261006.xlsx,.xlsx,132684,2026-10-06T12:42:58,cb47fdede9ab7cd9d80315746031a04db47020e0ae647632a2e78451c7e3cbd2,3,False,False,
original,01_Historical_Flood_2016_2026,D:\OneDrive\桌面\论文\2027年投稿期刊\论文项目\07_JB医疗可达性_洪水扰动下交通-网络韧性与公平性_SCS_Natural_Hazards\GPT数据\2016_2026年洪涝数据\历史数据\JB_Flood_Baseline_2016_2026_Package_20261006\2026\R024_JB_Flood_Spatial_Baseline_2026_Partial_Polygon_Closure_20261006.xlsx,D:\OneDrive\桌面\论文\2027年投稿期刊\论文项目\07_JB医疗可达性_洪水扰动下交通-网络韧性与公平性_SCS_Natural_Hazards\GPT数据\2016_2026年洪涝数据\历史数据\JB_Flood_Baseline_2016_2026_Package_20261006\2026\R024_JB_Flood_Spatial_Baseline_2026_Partial_Polygon_Closure_20261006.xlsx,2016_2026年洪涝数据\历史数据\JB_Flood_Baseline_2016_2026_Package_20261006\2026\R024_JB_Flood_Spatial_Baseline_2026_Partial_Polygon_Closure_20261006.xlsx,R024_JB_Flood_Spatial_Baseline_2026_Partial_Polygon_Closure_20261006.xlsx,.xlsx,135012,2026-10-06T12:43:00,2ec7b22f628f13794f0a5c8241ec7aee7c1bb076cafdd70e97ca7e8ab0e664ee,3,False,False,
original,01_Historical_Flood_2016_2026,D:\OneDrive\桌面\论文\2027年投稿期刊\论文项目\07_JB医疗可达性_洪水扰动下交通-网络韧性与公平性_SCS_Natural_Hazards\GPT数据\2016_2026年洪涝数据\历史数据\数据补全\JB_Flood_GIS_Completeness_Audit_2017_CoordPass_20261006.xlsx,D:\OneDrive\桌面\论文\2027年投稿期刊\论文项目\07_JB医疗可达性_洪水扰动下交通-网络韧性与公平性_SCS_Natural_Hazards\GPT数据\2016_2026年洪涝数据\历史数据\数据补全\JB_Flood_GIS_Completeness_Audit_2017_CoordPass_20261006.xlsx,2016_2026年洪涝数据\历史数据\数据补全\JB_Flood_GIS_Completeness_Audit_2017_CoordPass_20261006.xlsx,JB_Flood_GIS_Completeness_Audit_2017_CoordPass_20261006.xlsx,.xlsx,75189,2026-10-06T21:34:42,3f8e82248b847bc46717c8d441ff769f8248374c179f6684dbd03a49d07c964b,1,False,False,
original,01_Historical_Flood_2016_2026,D:\OneDrive\桌面\论文\2027年投稿期刊\论文项目\07_JB医疗可达性_洪水扰动下交通-网络韧性与公平性_SCS_Natural_Hazards\GPT数据\2016_2026年洪涝数据\历史数据\数据补全\JB_Flood_GIS_Completeness_Audit_2017_Final_2018_CoordPass_20261006.xlsx,D:\OneDrive\桌面\论文\2027年投稿期刊\论文项目\07_JB医疗可达性_洪水扰动下交通-网络韧性与公平性_SCS_Natural_Hazards\GPT数据\2016_2026年洪涝数据\历史数据\数据补全\JB_Flood_GIS_Completeness_Audit_2017_Final_2018_CoordPass_20261006.xlsx,2016_2026年洪涝数据\历史数据\数据补全\JB_Flood_GIS_Completeness_Audit_2017_Final_2018_CoordPass_20261006.xlsx,JB_Flood_GIS_Completeness_Audit_2017_Final_2018_CoordPass_20261006.xlsx,.xlsx,79505,2026-10-06T21:50:26,f69bdf997ea87fb3bd1175c63c8eb661be81c1f6c7d1bfe7148e513af2a4c4ac,1,False,False,
original,01_Historical_Flood_2016_2026,D:\OneDrive\桌面\论文\2027年投稿期刊\论文项目\07_JB医疗可达性_洪水扰动下交通-网络韧性与公平性_SCS_Natural_Hazards\GPT数据\2016_2026年洪涝数据\历史数据\数据补全\JB_Flood_GIS_Completeness_Audit_2019_CoordPass_20261006 (1).xlsx,D:\OneDrive\桌面\论文\2027年投稿期刊\论文项目\07_JB医疗可达性_洪水扰动下交通-网络韧性与公平性_SCS_Natural_Hazards\GPT数据\2016_2026年洪涝数据\历史数据\数据补全\JB_Flood_GIS_Completeness_Audit_2019_CoordPass_20261006 (1).xlsx,2016_2026年洪涝数据\历史数据\数据补全\JB_Flood_GIS_Completeness_Audit_2019_CoordPass_20261006 (1).xlsx,JB_Flood_GIS_Completeness_Audit_2019_CoordPass_20261006 (1).xlsx,.xlsx,83723,2026-10-06T22:08:28,35bfdd530f705b7392a27936a40475870aca8ca2c4361a7d1f30655f9fc8b4df,1,False,False,
original,01_Historical_Flood_2016_2026,D:\OneDrive\桌面\论文\2027年投稿期刊\论文项目\07_JB医疗可达性_洪水扰动下交通-网络韧性与公平性_SCS_Natural_Hazards\GPT数据\2016_2026年洪涝数据\历史数据\数据补全\JB_Flood_GIS_Completeness_Audit_2019_CoordPass_20261006.xlsx,D:\OneDrive\桌面\论文\2027年投稿期刊\论文项目\07_JB医疗可达性_洪水扰动下交通-网络韧性与公平性_SCS_Natural_Hazards\GPT数据\2016_2026年洪涝数据\历史数据\数据补全\JB_Flood_GIS_Completeness_Audit_2019_CoordPass_20261006.xlsx,2016_2026年洪涝数据\历史数据\数据补全\JB_Flood_GIS_Completeness_Audit_2019_CoordPass_20261006.xlsx,JB_Flood_GIS_Completeness_Audit_2019_CoordPass_20261006.xlsx,.xlsx,83723,2026-10-06T22:07:27,35bfdd530f705b7392a27936a40475870aca8ca2c4361a7d1f30655f9fc8b4df,1,False,False,
original,01_Historical_Flood_2016_2026,D:\OneDrive\桌面\论文\2027年投稿期刊\论文项目\07_JB医疗可达性_洪水扰动下交通-网络韧性与公平性_SCS_Natural_Hazards\GPT数据\2016_2026年洪涝数据\历史数据\数据补全\JB_Flood_GIS_Completeness_Audit_2020_2026_FINAL_CoordPass_20261006 (1).xlsx,D:\OneDrive\桌面\论文\2027年投稿期刊\论文项目\07_JB医疗可达性_洪水扰动下交通-网络韧性与公平性_SCS_Natural_Hazards\GPT数据\2016_2026年洪涝数据\历史数据\数据补全\JB_Flood_GIS_Completeness_Audit_2020_2026_FINAL_CoordPass_20261006 (1).xlsx,2016_2026年洪涝数据\历史数据\数据补全\JB_Flood_GIS_Completeness_Audit_2020_2026_FINAL_CoordPass_20261006 (1).xlsx,JB_Flood_GIS_Completeness_Audit_2020_2026_FINAL_CoordPass_20261006 (1).xlsx,.xlsx,115284,2026-10-06T22:32:56,7053aec59797b1449a9bd12f3ea0763b7fa9508f522fa3dc206a12db06ff4674,1,False,False,
original,01_Historical_Flood_2016_2026,D:\OneDrive\桌面\论文\2027年投稿期刊\论文项目\07_JB医疗可达性_洪水扰动下交通-网络韧性与公平性_SCS_Natural_Hazards\GPT数据\2016_2026年洪涝数据\历史数据\数据补全\JB_Flood_GIS_Completeness_Audit_2020_2026_FINAL_CoordPass_20261006.xlsx,D:\OneDrive\桌面\论文\2027年投稿期刊\论文项目\07_JB医疗可达性_洪水扰动下交通-网络韧性与公平性_SCS_Natural_Hazards\GPT数据\2016_2026年洪涝数据\历史数据\数据补全\JB_Flood_GIS_Completeness_Audit_2020_2026_FINAL_CoordPass_20261006.xlsx,2016_2026年洪涝数据\历史数据\数据补全\JB_Flood_GIS_Completeness_Audit_2020_2026_FINAL_CoordPass_20261006.xlsx,JB_Flood_GIS_Completeness_Audit_2020_2026_FINAL_CoordPass_20261006.xlsx,.xlsx,115284,2026-10-06T22:32:35,7053aec59797b1449a9bd12f3ea0763b7fa9508f522fa3dc206a12db06ff4674,1,False,False,
original,01_Historical_Flood_2016_2026,D:\OneDrive\桌面\论文\2027年投稿期刊\论文项目\07_JB医疗可达性_洪水扰动下交通-网络韧性与公平性_SCS_Natural_Hazards\GPT数据\2016_2026年洪涝数据\历史数据\数据补全\JB_Flood_GIS_Completeness_Audit_20261006.xlsx,D:\OneDrive\桌面\论文\2027年投稿期刊\论文项目\07_JB医疗可达性_洪水扰动下交通-网络韧性与公平性_SCS_Natural_Hazards\GPT数据\2016_2026年洪涝数据\历史数据\数据补全\JB_Flood_GIS_Completeness_Audit_20261006.xlsx,2016_2026年洪涝数据\历史数据\数据补全\JB_Flood_GIS_Completeness_Audit_20261006.xlsx,JB_Flood_GIS_Completeness_Audit_20261006.xlsx,.xlsx,71100,2026-10-06T21:15:40,1d188652b0eedfa93a9c36dedda064a26ad53ba498b4a27e10810120a2200e2e,1,False,False,
original,01_Historical_Flood_2016_2026,D:\OneDrive\桌面\论文\2027年投稿期刊\论文项目\07_JB医疗可达性_洪水扰动下交通-网络韧性与公平性_SCS_Natural_Hazards\GPT数据\2016_2026年洪涝数据\基准数据\JB_Flood_All_Locations_2016_2026_FINAL.xlsx,D:\OneDrive\桌面\论文\2027年投稿期刊\论文项目\07_JB医疗可达性_洪水扰动下交通-网络韧性与公平性_SCS_Natural_Hazards\GPT数据\2016_2026年洪涝数据\基准数据\JB_Flood_All_Locations_2016_2026_FINAL.xlsx,2016_2026年洪涝数据\基准数据\JB_Flood_All_Locations_2016_2026_FINAL.xlsx,JB_Flood_All_Locations_2016_2026_FINAL.xlsx,.xlsx,136746,2026-10-06T23:31:55,4da1fb936986ed1450cb4338391d0b650564f2e407dc9be948b2e9c00cb52089,1,False,False,
original,01_Historical_Flood_2016_2026,D:\OneDrive\桌面\论文\2027年投稿期刊\论文项目\07_JB医疗可达性_洪水扰动下交通-网络韧性与公平性_SCS_Natural_Hazards\GPT数据\2016_2026年洪涝数据\基准数据\JB_Flood_GIS_Plot_Data_2016_2026_FINAL.geojson,D:\OneDrive\桌面\论文\2027年投稿期刊\论文项目\07_JB医疗可达性_洪水扰动下交通-网络韧性与公平性_SCS_Natural_Hazards\GPT数据\2016_2026年洪涝数据\基准数据\JB_Flood_GIS_Plot_Data_2016_2026_FINAL.geojson,2016_2026年洪涝数据\基准数据\JB_Flood_GIS_Plot_Data_2016_2026_FINAL.geojson,JB_Flood_GIS_Plot_Data_2016_2026_FINAL.geojson,.geojson,95132,2026-10-06T23:33:58,ecd3a901580cd92d8b8dfd64e755df914c9473ab01644534092e16212f735a06,1,False,False,
original,01_Historical_Flood_2016_2026,D:\OneDrive\桌面\论文\2027年投稿期刊\论文项目\07_JB医疗可达性_洪水扰动下交通-网络韧性与公平性_SCS_Natural_Hazards\GPT数据\2016_2026年洪涝数据\基准数据\JB_Flood_GIS_Plot_Data_2016_2026_FINAL.xlsx,D:\OneDrive\桌面\论文\2027年投稿期刊\论文项目\07_JB医疗可达性_洪水扰动下交通-网络韧性与公平性_SCS_Natural_Hazards\GPT数据\2016_2026年洪涝数据\基准数据\JB_Flood_GIS_Plot_Data_2016_2026_FINAL.xlsx,2016_2026年洪涝数据\基准数据\JB_Flood_GIS_Plot_Data_2016_2026_FINAL.xlsx,JB_Flood_GIS_Plot_Data_2016_2026_FINAL.xlsx,.xlsx,27492,2026-10-06T23:38:04,5318c131da1402bd2631c568119e8072bf7a252a2bf8d1b7a3652e6c813100de,1,False,False,
original,01_Historical_Flood_2016_2026,D:\OneDrive\桌面\论文\2027年投稿期刊\论文项目\07_JB医疗可达性_洪水扰动下交通-网络韧性与公平性_SCS_Natural_Hazards\GPT数据\2016_2026年洪涝数据\基准数据\JB_Flood_Master_2016_2026.xlsx,D:\OneDrive\桌面\论文\2027年投稿期刊\论文项目\07_JB医疗可达性_洪水扰动下交通-网络韧性与公平性_SCS_Natural_Hazards\GPT数据\2016_2026年洪涝数据\基准数据\JB_Flood_Master_2016_2026.xlsx,2016_2026年洪涝数据\基准数据\JB_Flood_Master_2016_2026.xlsx,JB_Flood_Master_2016_2026.xlsx,.xlsx,250927,2026-10-06T23:03:09,a69304bb76b93c85f836a1c0a0439854d553d0db4ede44f2b995493bb9edd134,2,False,False,
original,01_Historical_Flood_2016_2026,D:\OneDrive\桌面\论文\2027年投稿期刊\论文项目\07_JB医疗可达性_洪水扰动下交通-网络韧性与公平性_SCS_Natural_Hazards\GPT数据\2016_2026年洪涝数据\基准数据\JB_Flood_Spatial_Baseline_2016_2026_FINAL.zip,D:\OneDrive\桌面\论文\2027年投稿期刊\论文项目\07_JB医疗可达性_洪水扰动下交通-网络韧性与公平性_SCS_Natural_Hazards\GPT数据\2016_2026年洪涝数据\基准数据\JB_Flood_Spatial_Baseline_2016_2026_FINAL.zip,2016_2026年洪涝数据\基准数据\JB_Flood_Spatial_Baseline_2016_2026_FINAL.zip,JB_Flood_Spatial_Baseline_2016_2026_FINAL.zip,.zip,2786354,2026-10-06T23:03:13,a7abee4533f7f9bca1dd19276661ea26b76e1105a4a564dacaf77403552fb739,1,True,False,
original,01_Historical_Flood_2016_2026,D:\OneDrive\桌面\论文\2027年投稿期刊\论文项目\07_JB医疗可达性_洪水扰动下交通-网络韧性与公平性_SCS_Natural_Hazards\GPT数据\2016_2026年洪涝数据\基准数据\画正式洪涝点位图_JB_Flood_GIS_Plot_Data_2016_2026_FINAL.xlsx,D:\OneDrive\桌面\论文\2027年投稿期刊\论文项目\07_JB医疗可达性_洪水扰动下交通-网络韧性与公平性_SCS_Natural_Hazards\GPT数据\2016_2026年洪涝数据\基准数据\画正式洪涝点位图_JB_Flood_GIS_Plot_Data_2016_2026_FINAL.xlsx,2016_2026年洪涝数据\基准数据\画正式洪涝点位图_JB_Flood_GIS_Plot_Data_2016_2026_FINAL.xlsx,画正式洪涝点位图_JB_Flood_GIS_Plot_Data_2016_2026_FINAL.xlsx,.xlsx,19495,2026-10-06T23:37:47,bfe98e2c20db52776f0a1b691c99a71c643930453dd96a4981b2bf8ab02b2a89,1,False,False,
original,01_Historical_Flood_2016_2026,D:\OneDrive\桌面\论文\2027年投稿期刊\论文项目\07_JB医疗可达性_洪水扰动下交通-网络韧性与公平性_SCS_Natural_Hazards\GPT数据\2016_2026年洪涝数据\基准数据\JB_Flood_Spatial_Baseline_2016_2026_FINAL\JB_Flood_Spatial_Baseline_2016_2026_FINAL\FILE_MANIFEST_SHA256.txt,D:\OneDrive\桌面\论文\2027年投稿期刊\论文项目\07_JB医疗可达性_洪水扰动下交通-网络韧性与公平性_SCS_Natural_Hazards\GPT数据\2016_2026年洪涝数据\基准数据\JB_Flood_Spatial_Baseline_2016_2026_FINAL\JB_Flood_Spatial_Baseline_2016_2026_FINAL\FILE_MANIFEST_SHA256.txt,2016_2026年洪涝数据\基准数据\JB_Flood_Spatial_Baseline_2016_2026_FINAL\JB_Flood_Spatial_Baseline_2016_2026_FINAL\FILE_MANIFEST_SHA256.txt,FILE_MANIFEST_SHA256.txt,.txt,9165,2026-10-06T23:01:08,ad0779ddc4111369cd40d2b48327054b4e2fbb66640c4e5b591614ce0de0700d,1,False,False,
original,01_Historical_Flood_2016_2026,D:\OneDrive\桌面\论文\2027年投稿期刊\论文项目\07_JB医疗可达性_洪水扰动下交通-网络韧性与公平性_SCS_Natural_Hazards\GPT数据\2016_2026年洪涝数据\基准数据\JB_Flood_Spatial_Baseline_2016_2026_FINAL\JB_Flood_Spatial_Baseline_2016_2026_FINAL\README.txt,D:\OneDrive\桌面\论文\2027年投稿期刊\论文项目\07_JB医疗可达性_洪水扰动下交通-网络韧性与公平性_SCS_Natural_Hazards\GPT数据\2016_2026年洪涝数据\基准数据\JB_Flood_Spatial_Baseline_2016_2026_FINAL\JB_Flood_Spatial_Baseline_2016_2026_FINAL\README.txt,2016_2026年洪涝数据\基准数据\JB_Flood_Spatial_Baseline_2016_2026_FINAL\JB_Flood_Spatial_Baseline_2016_2026_FINAL\README.txt,README.txt,.txt,2773,2026-10-06T23:06:57,c97eb6e2328d651e0bb424947331f3b4ded0e843d1eab47e8017108529c8959d,2,False,False,
original,01_Historical_Flood_2016_2026,D:\OneDrive\桌面\论文\2027年投稿期刊\论文项目\07_JB医疗可达性_洪水扰动下交通-网络韧性与公平性_SCS_Natural_Hazards\GPT数据\2016_2026年洪涝数据\基准数据\JB_Flood_Spatial_Baseline_2016_2026_FINAL\JB_Flood_Spatial_Baseline_2016_2026_FINAL\README.xlsx,D:\OneDrive\桌面\论文\2027年投稿期刊\论文项目\07_JB医疗可达性_洪水扰动下交通-网络韧性与公平性_SCS_Natural_Hazards\GPT数据\2016_2026年洪涝数据\基准数据\JB_Flood_Spatial_Baseline_2016_2026_FINAL\JB_Flood_Spatial_Baseline_2016_2026_FINAL\README.xlsx,2016_2026年洪涝数据\基准数据\JB_Flood_Spatial_Baseline_2016_2026_FINAL\JB_Flood_Spatial_Baseline_2016_2026_FINAL\README.xlsx,README.xlsx,.xlsx,5285,2026-10-06T23:01:07,ee640d26409f694ff04c619ccbb6679d2e0278a30cd590cfdd72254be5412e4e,1,False,False,
original,01_Historical_Flood_2016_2026,D:\OneDrive\桌面\论文\2027年投稿期刊\论文项目\07_JB医疗可达性_洪水扰动下交通-网络韧性与公平性_SCS_Natural_Hazards\GPT数据\2016_2026年洪涝数据\基准数据\JB_Flood_Spatial_Baseline_2016_2026_FINAL\JB_Flood_Spatial_Baseline_2016_2026_FINAL\01_Master\GIS_Plot_Ready.xlsx,D:\OneDrive\桌面\论文\2027年投稿期刊\论文项目\07_JB医疗可达性_洪水扰动下交通-网络韧性与公平性_SCS_Natural_Hazards\GPT数据\2016_2026年洪涝数据\基准数据\JB_Flood_Spatial_Baseline_2016_2026_FINAL\JB_Flood_Spatial_Baseline_2016_2026_FINAL\01_Master\GIS_Plot_Ready.xlsx,2016_2026年洪涝数据\基准数据\JB_Flood_Spatial_Baseline_2016_2026_FINAL\JB_Flood_Spatial_Baseline_2016_2026_FINAL\01_Master\GIS_Plot_Ready.xlsx,GIS_Plot_Ready.xlsx,.xlsx,67078,2026-10-06T22:59:12,33bbc913296896ba26da108f75d0f38be0c7d089bf98d69fe63ab6124bb6ac4d,1,False,False,
original,01_Historical_Flood_2016_2026,D:\OneDrive\桌面\论文\2027年投稿期刊\论文项目\07_JB医疗可达性_洪水扰动下交通-网络韧性与公平性_SCS_Natural_Hazards\GPT数据\2016_2026年洪涝数据\基准数据\JB_Flood_Spatial_Baseline_2016_2026_FINAL\JB_Flood_Spatial_Baseline_2016_2026_FINAL\01_Master\JB_Flood_Master_2016_2026.xlsx,D:\OneDrive\桌面\论文\2027年投稿期刊\论文项目\07_JB医疗可达性_洪水扰动下交通-网络韧性与公平性_SCS_Natural_Hazards\GPT数据\2016_2026年洪涝数据\基准数据\JB_Flood_Spatial_Baseline_2016_2026_FINAL\JB_Flood_Spatial_Baseline_2016_2026_FINAL\01_Master\JB_Flood_Master_2016_2026.xlsx,2016_2026年洪涝数据\基准数据\JB_Flood_Spatial_Baseline_2016_2026_FINAL\JB_Flood_Spatial_Baseline_2016_2026_FINAL\01_Master\JB_Flood_Master_2016_2026.xlsx,JB_Flood_Master_2016_2026.xlsx,.xlsx,250927,2026-10-06T22:58:50,a69304bb76b93c85f836a1c0a0439854d553d0db4ede44f2b995493bb9edd134,2,False,False,
original,01_Historical_Flood_2016_2026,D:\OneDrive\桌面\论文\2027年投稿期刊\论文项目\07_JB医疗可达性_洪水扰动下交通-网络韧性与公平性_SCS_Natural_Hazards\GPT数据\2016_2026年洪涝数据\基准数据\JB_Flood_Spatial_Baseline_2016_2026_FINAL\JB_Flood_Spatial_Baseline_2016_2026_FINAL\01_Master\Unresolved_Do_Not_Plot.xlsx,D:\OneDrive\桌面\论文\2027年投稿期刊\论文项目\07_JB医疗可达性_洪水扰动下交通-网络韧性与公平性_SCS_Natural_Hazards\GPT数据\2016_2026年洪涝数据\基准数据\JB_Flood_Spatial_Baseline_2016_2026_FINAL\JB_Flood_Spatial_Baseline_2016_2026_FINAL\01_Master\Unresolved_Do_Not_Plot.xlsx,2016_2026年洪涝数据\基准数据\JB_Flood_Spatial_Baseline_2016_2026_FINAL\JB_Flood_Spatial_Baseline_2016_2026_FINAL\01_Master\Unresolved_Do_Not_Plot.xlsx,Unresolved_Do_Not_Plot.xlsx,.xlsx,15826,2026-10-06T22:59:12,881fc02495c7da99e58376905e6dcd8ed7cfcfa94fe6ea74743fc9b41159b669,1,False,False,
original,01_Historical_Flood_2016_2026,D:\OneDrive\桌面\论文\2027年投稿期刊\论文项目\07_JB医疗可达性_洪水扰动下交通-网络韧性与公平性_SCS_Natural_Hazards\GPT数据\2016_2026年洪涝数据\基准数据\JB_Flood_Spatial_Baseline_2016_2026_FINAL\JB_Flood_Spatial_Baseline_2016_2026_FINAL\02_Points\All_Annual_Plot_Ready_Points.geojson,D:\OneDrive\桌面\论文\2027年投稿期刊\论文项目\07_JB医疗可达性_洪水扰动下交通-网络韧性与公平性_SCS_Natural_Hazards\GPT数据\2016_2026年洪涝数据\基准数据\JB_Flood_Spatial_Baseline_2016_2026_FINAL\JB_Flood_Spatial_Baseline_2016_2026_FINAL\02_Points\All_Annual_Plot_Ready_Points.geojson,2016_2026年洪涝数据\基准数据\JB_Flood_Spatial_Baseline_2016_2026_FINAL\JB_Flood_Spatial_Baseline_2016_2026_FINAL\02_Points\All_Annual_Plot_Ready_Points.geojson,All_Annual_Plot_Ready_Points.geojson,.geojson,279451,2026-10-06T23:00:32,b6cf943840e4dcbac968d81575d7b2dbde0f0aa3b0ae8f66aaa84771bcc2ecd1,1,False,False,
original,01_Historical_Flood_2016_2026,D:\OneDrive\桌面\论文\2027年投稿期刊\论文项目\07_JB医疗可达性_洪水扰动下交通-网络韧性与公平性_SCS_Natural_Hazards\GPT数据\2016_2026年洪涝数据\基准数据\JB_Flood_Spatial_Baseline_2016_2026_FINAL\JB_Flood_Spatial_Baseline_2016_2026_FINAL\02_Points\All_Validated_Points.geojson,D:\OneDrive\桌面\论文\2027年投稿期刊\论文项目\07_JB医疗可达性_洪水扰动下交通-网络韧性与公平性_SCS_Natural_Hazards\GPT数据\2016_2026年洪涝数据\基准数据\JB_Flood_Spatial_Baseline_2016_2026_FINAL\JB_Flood_Spatial_Baseline_2016_2026_FINAL\02_Points\All_Validated_Points.geojson,2016_2026年洪涝数据\基准数据\JB_Flood_Spatial_Baseline_2016_2026_FINAL\JB_Flood_Spatial_Baseline_2016_2026_FINAL\02_Points\All_Validated_Points.geojson,All_Validated_Points.geojson,.geojson,122058,2026-10-06T23:00:32,08b83c09c2d2eff0dedc2dd961dd0616ea6bcf26f3647ce7a59511cb022b85dd,1,False,False,
original,01_Historical_Flood_2016_2026,D:\OneDrive\桌面\论文\2027年投稿期刊\论文项目\07_JB医疗可达性_洪水扰动下交通-网络韧性与公平性_SCS_Natural_Hazards\GPT数据\2016_2026年洪涝数据\基准数据\JB_Flood_Spatial_Baseline_2016_2026_FINAL\JB_Flood_Spatial_Baseline_2016_2026_FINAL\02_Points\All_Validated_Points.xlsx,D:\OneDrive\桌面\论文\2027年投稿期刊\论文项目\07_JB医疗可达性_洪水扰动下交通-网络韧性与公平性_SCS_Natural_Hazards\GPT数据\2016_2026年洪涝数据\基准数据\JB_Flood_Spatial_Baseline_2016_2026_FINAL\JB_Flood_Spatial_Baseline_2016_2026_FINAL\02_Points\All_Validated_Points.xlsx,2016_2026年洪涝数据\基准数据\JB_Flood_Spatial_Baseline_2016_2026_FINAL\JB_Flood_Spatial_Baseline_2016_2026_FINAL\02_Points\All_Validated_Points.xlsx,All_Validated_Points.xlsx,.xlsx,67075,2026-10-06T22:59:14,475c8bab843eeab0de33aa15e7c76cf12762dbaa42f10fdc7c0aacbf298ba80d,1,False,False,
original,01_Historical_Flood_2016_2026,D:\OneDrive\桌面\论文\2027年投稿期刊\论文项目\07_JB医疗可达性_洪水扰动下交通-网络韧性与公平性_SCS_Natural_Hazards\GPT数据\2016_2026年洪涝数据\基准数据\JB_Flood_Spatial_Baseline_2016_2026_FINAL\JB_Flood_Spatial_Baseline_2016_2026_FINAL\02_Points\Fixed45_Validated_Points.geojson,D:\OneDrive\桌面\论文\2027年投稿期刊\论文项目\07_JB医疗可达性_洪水扰动下交通-网络韧性与公平性_SCS_Natural_Hazards\GPT数据\2016_2026年洪涝数据\基准数据\JB_Flood_Spatial_Baseline_2016_2026_FINAL\JB_Flood_Spatial_Baseline_2016_2026_FINAL\02_Points\Fixed45_Validated_Points.geojson,2016_2026年洪涝数据\基准数据\JB_Flood_Spatial_Baseline_2016_2026_FINAL\JB_Flood_Spatial_Baseline_2016_2026_FINAL\02_Points\Fixed45_Validated_Points.geojson,Fixed45_Validated_Points.geojson,.geojson,34625,2026-10-06T23:00:32,1d89362c9ae066c7723f892bc7bc0f2e522c5c82a6c4453f4da27d28d27a5e6d,1,False,False,
original,01_Historical_Flood_2016_2026,D:\OneDrive\桌面\论文\2027年投稿期刊\论文项目\07_JB医疗可达性_洪水扰动下交通-网络韧性与公平性_SCS_Natural_Hazards\GPT数据\2016_2026年洪涝数据\基准数据\JB_Flood_Spatial_Baseline_2016_2026_FINAL\JB_Flood_Spatial_Baseline_2016_2026_FINAL\03_Areas\All_Area_Objects.xlsx,D:\OneDrive\桌面\论文\2027年投稿期刊\论文项目\07_JB医疗可达性_洪水扰动下交通-网络韧性与公平性_SCS_Natural_Hazards\GPT数据\2016_2026年洪涝数据\基准数据\JB_Flood_Spatial_Baseline_2016_2026_FINAL\JB_Flood_Spatial_Baseline_2016_2026_FINAL\03_Areas\All_Area_Objects.xlsx,2016_2026年洪涝数据\基准数据\JB_Flood_Spatial_Baseline_2016_2026_FINAL\JB_Flood_Spatial_Baseline_2016_2026_FINAL\03_Areas\All_Area_Objects.xlsx,All_Area_Objects.xlsx,.xlsx,78932,2026-10-06T22:59:15,2015b49f54826ff1cf41d32d948a03637790e1cbf1214f443927c3438fb8bf9b,1,False,False,
original,01_Historical_Flood_2016_2026,D:\OneDrive\桌面\论文\2027年投稿期刊\论文项目\07_JB医疗可达性_洪水扰动下交通-网络韧性与公平性_SCS_Natural_Hazards\GPT数据\2016_2026年洪涝数据\基准数据\JB_Flood_Spatial_Baseline_2016_2026_FINAL\JB_Flood_Spatial_Baseline_2016_2026_FINAL\03_Areas\Area_Status.xlsx,D:\OneDrive\桌面\论文\2027年投稿期刊\论文项目\07_JB医疗可达性_洪水扰动下交通-网络韧性与公平性_SCS_Natural_Hazards\GPT数据\2016_2026年洪涝数据\基准数据\JB_Flood_Spatial_Baseline_2016_2026_FINAL\JB_Flood_Spatial_Baseline_2016_2026_FINAL\03_Areas\Area_Status.xlsx,2016_2026年洪涝数据\基准数据\JB_Flood_Spatial_Baseline_2016_2026_FINAL\JB_Flood_Spatial_Baseline_2016_2026_FINAL\03_Areas\Area_Status.xlsx,Area_Status.xlsx,.xlsx,16768,2026-10-06T22:59:15,825721f457950dd572e84a3e07d88e29bf5ef043653d03a8f4b0164ade84d21d,1,False,False,
original,01_Historical_Flood_2016_2026,D:\OneDrive\桌面\论文\2027年投稿期刊\论文项目\07_JB医疗可达性_洪水扰动下交通-网络韧性与公平性_SCS_Natural_Hazards\GPT数据\2016_2026年洪涝数据\基准数据\JB_Flood_Spatial_Baseline_2016_2026_FINAL\JB_Flood_Spatial_Baseline_2016_2026_FINAL\04_Closed_Polygons\All_Validated_Polygons.geojson,D:\OneDrive\桌面\论文\2027年投稿期刊\论文项目\07_JB医疗可达性_洪水扰动下交通-网络韧性与公平性_SCS_Natural_Hazards\GPT数据\2016_2026年洪涝数据\基准数据\JB_Flood_Spatial_Baseline_2016_2026_FINAL\JB_Flood_Spatial_Baseline_2016_2026_FINAL\04_Closed_Polygons\All_Validated_Polygons.geojson,2016_2026年洪涝数据\基准数据\JB_Flood_Spatial_Baseline_2016_2026_FINAL\JB_Flood_Spatial_Baseline_2016_2026_FINAL\04_Closed_Polygons\All_Validated_Polygons.geojson,All_Validated_Polygons.geojson,.geojson,37143,2026-10-06T20:48:16,a690e26027f558b5cc9cb3db04c622bcc3e61ef0bb0794277efea3f7fc1584c9,1,False,False,
original,01_Historical_Flood_2016_2026,D:\OneDrive\桌面\论文\2027年投稿期刊\论文项目\07_JB医疗可达性_洪水扰动下交通-网络韧性与公平性_SCS_Natural_Hazards\GPT数据\2016_2026年洪涝数据\基准数据\JB_Flood_Spatial_Baseline_2016_2026_FINAL\JB_Flood_Spatial_Baseline_2016_2026_FINAL\04_Closed_Polygons\All_Validated_Polygons.xlsx,D:\OneDrive\桌面\论文\2027年投稿期刊\论文项目\07_JB医疗可达性_洪水扰动下交通-网络韧性与公平性_SCS_Natural_Hazards\GPT数据\2016_2026年洪涝数据\基准数据\JB_Flood_Spatial_Baseline_2016_2026_FINAL\JB_Flood_Spatial_Baseline_2016_2026_FINAL\04_Closed_Polygons\All_Validated_Polygons.xlsx,2016_2026年洪涝数据\基准数据\JB_Flood_Spatial_Baseline_2016_2026_FINAL\JB_Flood_Spatial_Baseline_2016_2026_FINAL\04_Closed_Polygons\All_Validated_Polygons.xlsx,All_Validated_Polygons.xlsx,.xlsx,6299,2026-10-06T22:59:16,59cad5f0166b349f05e64a1fc57b625b949748cc28d153e57a5bfac3b7fa2f34,1,False,False,
original,01_Historical_Flood_2016_2026,D:\OneDrive\桌面\论文\2027年投稿期刊\论文项目\07_JB医疗可达性_洪水扰动下交通-网络韧性与公平性_SCS_Natural_Hazards\GPT数据\2016_2026年洪涝数据\基准数据\JB_Flood_Spatial_Baseline_2016_2026_FINAL\JB_Flood_Spatial_Baseline_2016_2026_FINAL\04_Closed_Polygons\Polygon_QA.xlsx,D:\OneDrive\桌面\论文\2027年投稿期刊\论文项目\07_JB医疗可达性_洪水扰动下交通-网络韧性与公平性_SCS_Natural_Hazards\GPT数据\2016_2026年洪涝数据\基准数据\JB_Flood_Spatial_Baseline_2016_2026_FINAL\JB_Flood_Spatial_Baseline_2016_2026_FINAL\04_Closed_Polygons\Polygon_QA.xlsx,2016_2026年洪涝数据\基准数据\JB_Flood_Spatial_Baseline_2016_2026_FINAL\JB_Flood_Spatial_Baseline_2016_2026_FINAL\04_Closed_Polygons\Polygon_QA.xlsx,Polygon_QA.xlsx,.xlsx,6294,2026-10-06T22:59:16,c3802baaeee657b19afe2cee8701484ad8e15347c0fed137d987f723b8eccdc4,1,False,False,
original,01_Historical_Flood_2016_2026,D:\OneDrive\桌面\论文\2027年投稿期刊\论文项目\07_JB医疗可达性_洪水扰动下交通-网络韧性与公平性_SCS_Natural_Hazards\GPT数据\2016_2026年洪涝数据\基准数据\JB_Flood_Spatial_Baseline_2016_2026_FINAL\JB_Flood_Spatial_Baseline_2016_2026_FINAL\05_By_Year\2016\JB_Flood_2016_Standardized.xlsx,D:\OneDrive\桌面\论文\2027年投稿期刊\论文项目\07_JB医疗可达性_洪水扰动下交通-网络韧性与公平性_SCS_Natural_Hazards\GPT数据\2016_2026年洪涝数据\基准数据\JB_Flood_Spatial_Baseline_2016_2026_FINAL\JB_Flood_Spatial_Baseline_2016_2026_FINAL\05_By_Year\2016\JB_Flood_2016_Standardized.xlsx,2016_2026年洪涝数据\基准数据\JB_Flood_Spatial_Baseline_2016_2026_FINAL\JB_Flood_Spatial_Baseline_2016_2026_FINAL\05_By_Year\2016\JB_Flood_2016_Standardized.xlsx,JB_Flood_2016_Standardized.xlsx,.xlsx,8236,2026-10-06T22:59:40,e56f4ac3e85947c506335b3f46c15581ac78ab8db5a51e80e2391f2fd62bbfff,1,False,False,
original,01_Historical_Flood_2016_2026,D:\OneDrive\桌面\论文\2027年投稿期刊\论文项目\07_JB医疗可达性_洪水扰动下交通-网络韧性与公平性_SCS_Natural_Hazards\GPT数据\2016_2026年洪涝数据\基准数据\JB_Flood_Spatial_Baseline_2016_2026_FINAL\JB_Flood_Spatial_Baseline_2016_2026_FINAL\05_By_Year\2017\JB_Flood_2017_Standardized.xlsx,D:\OneDrive\桌面\论文\2027年投稿期刊\论文项目\07_JB医疗可达性_洪水扰动下交通-网络韧性与公平性_SCS_Natural_Hazards\GPT数据\2016_2026年洪涝数据\基准数据\JB_Flood_Spatial_Baseline_2016_2026_FINAL\JB_Flood_Spatial_Baseline_2016_2026_FINAL\05_By_Year\2017\JB_Flood_2017_Standardized.xlsx,2016_2026年洪涝数据\基准数据\JB_Flood_Spatial_Baseline_2016_2026_FINAL\JB_Flood_Spatial_Baseline_2016_2026_FINAL\05_By_Year\2017\JB_Flood_2017_Standardized.xlsx,JB_Flood_2017_Standardized.xlsx,.xlsx,17217,2026-10-06T22:59:40,17ae4a1ee97b30f61337618b47da82b6b207118329ee222c60df2f2d3dec1731,1,False,False,
original,01_Historical_Flood_2016_2026,D:\OneDrive\桌面\论文\2027年投稿期刊\论文项目\07_JB医疗可达性_洪水扰动下交通-网络韧性与公平性_SCS_Natural_Hazards\GPT数据\2016_2026年洪涝数据\基准数据\JB_Flood_Spatial_Baseline_2016_2026_FINAL\JB_Flood_Spatial_Baseline_2016_2026_FINAL\05_By_Year\2018\JB_Flood_2018_Standardized.xlsx,D:\OneDrive\桌面\论文\2027年投稿期刊\论文项目\07_JB医疗可达性_洪水扰动下交通-网络韧性与公平性_SCS_Natural_Hazards\GPT数据\2016_2026年洪涝数据\基准数据\JB_Flood_Spatial_Baseline_2016_2026_FINAL\JB_Flood_Spatial_Baseline_2016_2026_FINAL\05_By_Year\2018\JB_Flood_2018_Standardized.xlsx,2016_2026年洪涝数据\基准数据\JB_Flood_Spatial_Baseline_2016_2026_FINAL\JB_Flood_Spatial_Baseline_2016_2026_FINAL\05_By_Year\2018\JB_Flood_2018_Standardized.xlsx,JB_Flood_2018_Standardized.xlsx,.xlsx,14519,2026-10-06T22:59:41,a753f912cb962cb7cc96dff6b837a79470b79e767ea57671c07bfcea7fa1bfcc,1,False,False,
original,01_Historical_Flood_2016_2026,D:\OneDrive\桌面\论文\2027年投稿期刊\论文项目\07_JB医疗可达性_洪水扰动下交通-网络韧性与公平性_SCS_Natural_Hazards\GPT数据\2016_2026年洪涝数据\基准数据\JB_Flood_Spatial_Baseline_2016_2026_FINAL\JB_Flood_Spatial_Baseline_2016_2026_FINAL\05_By_Year\2019\JB_Flood_2019_Standardized.xlsx,D:\OneDrive\桌面\论文\2027年投稿期刊\论文项目\07_JB医疗可达性_洪水扰动下交通-网络韧性与公平性_SCS_Natural_Hazards\GPT数据\2016_2026年洪涝数据\基准数据\JB_Flood_Spatial_Baseline_2016_2026_FINAL\JB_Flood_Spatial_Baseline_2016_2026_FINAL\05_By_Year\2019\JB_Flood_2019_Standardized.xlsx,2016_2026年洪涝数据\基准数据\JB_Flood_Spatial_Baseline_2016_2026_FINAL\JB_Flood_Spatial_Baseline_2016_2026_FINAL\05_By_Year\2019\JB_Flood_2019_Standardized.xlsx,JB_Flood_2019_Standardized.xlsx,.xlsx,14684,2026-10-06T22:59:41,263c46e10c5377a8db1cfa48baa99e47725bb2074d4f7cd4fdcfe4053c665b63,1,False,False,
original,01_Historical_Flood_2016_2026,D:\OneDrive\桌面\论文\2027年投稿期刊\论文项目\07_JB医疗可达性_洪水扰动下交通-网络韧性与公平性_SCS_Natural_Hazards\GPT数据\2016_2026年洪涝数据\基准数据\JB_Flood_Spatial_Baseline_2016_2026_FINAL\JB_Flood_Spatial_Baseline_2016_2026_FINAL\05_By_Year\2020\JB_Flood_2020_Standardized.xlsx,D:\OneDrive\桌面\论文\2027年投稿期刊\论文项目\07_JB医疗可达性_洪水扰动下交通-网络韧性与公平性_SCS_Natural_Hazards\GPT数据\2016_2026年洪涝数据\基准数据\JB_Flood_Spatial_Baseline_2016_2026_FINAL\JB_Flood_Spatial_Baseline_2016_2026_FINAL\05_By_Year\2020\JB_Flood_2020_Standardized.xlsx,2016_2026年洪涝数据\基准数据\JB_Flood_Spatial_Baseline_2016_2026_FINAL\JB_Flood_Spatial_Baseline_2016_2026_FINAL\05_By_Year\2020\JB_Flood_2020_Standardized.xlsx,JB_Flood_2020_Standardized.xlsx,.xlsx,15463,2026-10-06T22:59:42,77874d0a2ace5f8e144a7532c13809816897944a45b48e9798ea1be82905a746,1,False,False,
original,01_Historical_Flood_2016_2026,D:\OneDrive\桌面\论文\2027年投稿期刊\论文项目\07_JB医疗可达性_洪水扰动下交通-网络韧性与公平性_SCS_Natural_Hazards\GPT数据\2016_2026年洪涝数据\基准数据\JB_Flood_Spatial_Baseline_2016_2026_FINAL\JB_Flood_Spatial_Baseline_2016_2026_FINAL\05_By_Year\2021\JB_Flood_2021_Standardized.xlsx,D:\OneDrive\桌面\论文\2027年投稿期刊\论文项目\07_JB医疗可达性_洪水扰动下交通-网络韧性与公平性_SCS_Natural_Hazards\GPT数据\2016_2026年洪涝数据\基准数据\JB_Flood_Spatial_Baseline_2016_2026_FINAL\JB_Flood_Spatial_Baseline_2016_2026_FINAL\05_By_Year\2021\JB_Flood_2021_Standardized.xlsx,2016_2026年洪涝数据\基准数据\JB_Flood_Spatial_Baseline_2016_2026_FINAL\JB_Flood_Spatial_Baseline_2016_2026_FINAL\05_By_Year\2021\JB_Flood_2021_Standardized.xlsx,JB_Flood_2021_Standardized.xlsx,.xlsx,19577,2026-10-06T22:59:42,6a19bcaa407ec2650e2ac1a47257db49e1aba44163b862efd4957b35d24cfb78,1,False,False,
original,01_Historical_Flood_2016_2026,D:\OneDrive\桌面\论文\2027年投稿期刊\论文项目\07_JB医疗可达性_洪水扰动下交通-网络韧性与公平性_SCS_Natural_Hazards\GPT数据\2016_2026年洪涝数据\基准数据\JB_Flood_Spatial_Baseline_2016_2026_FINAL\JB_Flood_Spatial_Baseline_2016_2026_FINAL\05_By_Year\2022\JB_Flood_2022_Standardized.xlsx,D:\OneDrive\桌面\论文\2027年投稿期刊\论文项目\07_JB医疗可达性_洪水扰动下交通-网络韧性与公平性_SCS_Natural_Hazards\GPT数据\2016_2026年洪涝数据\基准数据\JB_Flood_Spatial_Baseline_2016_2026_FINAL\JB_Flood_Spatial_Baseline_2016_2026_FINAL\05_By_Year\2022\JB_Flood_2022_Standardized.xlsx,2016_2026年洪涝数据\基准数据\JB_Flood_Spatial_Baseline_2016_2026_FINAL\JB_Flood_Spatial_Baseline_2016_2026_FINAL\05_By_Year\2022\JB_Flood_2022_Standardized.xlsx,JB_Flood_2022_Standardized.xlsx,.xlsx,19238,2026-10-06T22:59:43,0be92631ec49ce90c55c6552980ccf9b825d96096aced96032e7a59873ef47b7,1,False,False,
original,01_Historical_Flood_2016_2026,D:\OneDrive\桌面\论文\2027年投稿期刊\论文项目\07_JB医疗可达性_洪水扰动下交通-网络韧性与公平性_SCS_Natural_Hazards\GPT数据\2016_2026年洪涝数据\基准数据\JB_Flood_Spatial_Baseline_2016_2026_FINAL\JB_Flood_Spatial_Baseline_2016_2026_FINAL\05_By_Year\2023\JB_Flood_2023_Standardized.xlsx,D:\OneDrive\桌面\论文\2027年投稿期刊\论文项目\07_JB医疗可达性_洪水扰动下交通-网络韧性与公平性_SCS_Natural_Hazards\GPT数据\2016_2026年洪涝数据\基准数据\JB_Flood_Spatial_Baseline_2016_2026_FINAL\JB_Flood_Spatial_Baseline_2016_2026_FINAL\05_By_Year\2023\JB_Flood_2023_Standardized.xlsx,2016_2026年洪涝数据\基准数据\JB_Flood_Spatial_Baseline_2016_2026_FINAL\JB_Flood_Spatial_Baseline_2016_2026_FINAL\05_By_Year\2023\JB_Flood_2023_Standardized.xlsx,JB_Flood_2023_Standardized.xlsx,.xlsx,23457,2026-10-06T22:59:44,04a305f4e8ebff43c5f484b4d84c277aa055c0073b4540084454b41a8813f122,1,False,False,
original,01_Historical_Flood_2016_2026,D:\OneDrive\桌面\论文\2027年投稿期刊\论文项目\07_JB医疗可达性_洪水扰动下交通-网络韧性与公平性_SCS_Natural_Hazards\GPT数据\2016_2026年洪涝数据\基准数据\JB_Flood_Spatial_Baseline_2016_2026_FINAL\JB_Flood_Spatial_Baseline_2016_2026_FINAL\05_By_Year\2024\JB_Flood_2024_Standardized.xlsx,D:\OneDrive\桌面\论文\2027年投稿期刊\论文项目\07_JB医疗可达性_洪水扰动下交通-网络韧性与公平性_SCS_Natural_Hazards\GPT数据\2016_2026年洪涝数据\基准数据\JB_Flood_Spatial_Baseline_2016_2026_FINAL\JB_Flood_Spatial_Baseline_2016_2026_FINAL\05_By_Year\2024\JB_Flood_2024_Standardized.xlsx,2016_2026年洪涝数据\基准数据\JB_Flood_Spatial_Baseline_2016_2026_FINAL\JB_Flood_Spatial_Baseline_2016_2026_FINAL\05_By_Year\2024\JB_Flood_2024_Standardized.xlsx,JB_Flood_2024_Standardized.xlsx,.xlsx,12712,2026-10-06T22:59:45,2d3febb6294fb6add50ea8fa89c485bb586ed9509f41f36df2d4cb899bec27d5,1,False,False,
original,01_Historical_Flood_2016_2026,D:\OneDrive\桌面\论文\2027年投稿期刊\论文项目\07_JB医疗可达性_洪水扰动下交通-网络韧性与公平性_SCS_Natural_Hazards\GPT数据\2016_2026年洪涝数据\基准数据\JB_Flood_Spatial_Baseline_2016_2026_FINAL\JB_Flood_Spatial_Baseline_2016_2026_FINAL\05_By_Year\2025\JB_Flood_2025_Standardized.xlsx,D:\OneDrive\桌面\论文\2027年投稿期刊\论文项目\07_JB医疗可达性_洪水扰动下交通-网络韧性与公平性_SCS_Natural_Hazards\GPT数据\2016_2026年洪涝数据\基准数据\JB_Flood_Spatial_Baseline_2016_2026_FINAL\JB_Flood_Spatial_Baseline_2016_2026_FINAL\05_By_Year\2025\JB_Flood_2025_Standardized.xlsx,2016_2026年洪涝数据\基准数据\JB_Flood_Spatial_Baseline_2016_2026_FINAL\JB_Flood_Spatial_Baseline_2016_2026_FINAL\05_By_Year\2025\JB_Flood_2025_Standardized.xlsx,JB_Flood_2025_Standardized.xlsx,.xlsx,20911,2026-10-06T22:59:45,92157a279be182ccb4f130ea638eb8f1052d72ba06a82bb971f22454bb7ffa90,1,False,False,
original,01_Historical_Flood_2016_2026,D:\OneDrive\桌面\论文\2027年投稿期刊\论文项目\07_JB医疗可达性_洪水扰动下交通-网络韧性与公平性_SCS_Natural_Hazards\GPT数据\2016_2026年洪涝数据\基准数据\JB_Flood_Spatial_Baseline_2016_2026_FINAL\JB_Flood_Spatial_Baseline_2016_2026_FINAL\05_By_Year\2026\JB_Flood_2026_Standardized.xlsx,D:\OneDrive\桌面\论文\2027年投稿期刊\论文项目\07_JB医疗可达性_洪水扰动下交通-网络韧性与公平性_SCS_Natural_Hazards\GPT数据\2016_2026年洪涝数据\基准数据\JB_Flood_Spatial_Baseline_2016_2026_FINAL\JB_Flood_Spatial_Baseline_2016_2026_FINAL\05_By_Year\2026\JB_Flood_2026_Standardized.xlsx,2016_2026年洪涝数据\基准数据\JB_Flood_Spatial_Baseline_2016_2026_FINAL\JB_Flood_Spatial_Baseline_2016_2026_FINAL\05_By_Year\2026\JB_Flood_2026_Standardized.xlsx,JB_Flood_2026_Standardized.xlsx,.xlsx,15194,2026-10-06T22:59:46,d811332835c3e736c4a158e9e4f2b2c17a7d951291b8ebbb7dd68ee78e376163,1,False,False,
original,01_Historical_Flood_2016_2026,D:\OneDrive\桌面\论文\2027年投稿期刊\论文项目\07_JB医疗可达性_洪水扰动下交通-网络韧性与公平性_SCS_Natural_Hazards\GPT数据\2016_2026年洪涝数据\基准数据\JB_Flood_Spatial_Baseline_2016_2026_FINAL\JB_Flood_Spatial_Baseline_2016_2026_FINAL\06_Event_Location_Link\Event_Location_Polygon_Link.xlsx,D:\OneDrive\桌面\论文\2027年投稿期刊\论文项目\07_JB医疗可达性_洪水扰动下交通-网络韧性与公平性_SCS_Natural_Hazards\GPT数据\2016_2026年洪涝数据\基准数据\JB_Flood_Spatial_Baseline_2016_2026_FINAL\JB_Flood_Spatial_Baseline_2016_2026_FINAL\06_Event_Location_Link\Event_Location_Polygon_Link.xlsx,2016_2026年洪涝数据\基准数据\JB_Flood_Spatial_Baseline_2016_2026_FINAL\JB_Flood_Spatial_Baseline_2016_2026_FINAL\06_Event_Location_Link\Event_Location_Polygon_Link.xlsx,Event_Location_Polygon_Link.xlsx,.xlsx,55512,2026-10-06T22:59:17,fe60e453203c2701c14afab2b699bdb21c7008691daf9eaed7786dfe2baf6672,1,False,False,
original,01_Historical_Flood_2016_2026,D:\OneDrive\桌面\论文\2027年投稿期刊\论文项目\07_JB医疗可达性_洪水扰动下交通-网络韧性与公平性_SCS_Natural_Hazards\GPT数据\2016_2026年洪涝数据\基准数据\JB_Flood_Spatial_Baseline_2016_2026_FINAL\JB_Flood_Spatial_Baseline_2016_2026_FINAL\07_QA\Spatial_Completeness_QA.xlsx,D:\OneDrive\桌面\论文\2027年投稿期刊\论文项目\07_JB医疗可达性_洪水扰动下交通-网络韧性与公平性_SCS_Natural_Hazards\GPT数据\2016_2026年洪涝数据\基准数据\JB_Flood_Spatial_Baseline_2016_2026_FINAL\JB_Flood_Spatial_Baseline_2016_2026_FINAL\07_QA\Spatial_Completeness_QA.xlsx,2016_2026年洪涝数据\基准数据\JB_Flood_Spatial_Baseline_2016_2026_FINAL\JB_Flood_Spatial_Baseline_2016_2026_FINAL\07_QA\Spatial_Completeness_QA.xlsx,Spatial_Completeness_QA.xlsx,.xlsx,12191,2026-10-06T22:59:17,cac076f33b50971f3b123c3af81cb1b19f1dd2f5db47fb4bc2e4deb0de9b6108,1,False,False,
original,01_Historical_Flood_2016_2026,D:\OneDrive\桌面\论文\2027年投稿期刊\论文项目\07_JB医疗可达性_洪水扰动下交通-网络韧性与公平性_SCS_Natural_Hazards\GPT数据\2016_2026年洪涝数据\基准数据\JB_Flood_Spatial_Baseline_2016_2026_FINAL\JB_Flood_Spatial_Baseline_2016_2026_FINAL\07_QA\Unresolved_List.xlsx,D:\OneDrive\桌面\论文\2027年投稿期刊\论文项目\07_JB医疗可达性_洪水扰动下交通-网络韧性与公平性_SCS_Natural_Hazards\GPT数据\2016_2026年洪涝数据\基准数据\JB_Flood_Spatial_Baseline_2016_2026_FINAL\JB_Flood_Spatial_Baseline_2016_2026_FINAL\07_QA\Unresolved_List.xlsx,2016_2026年洪涝数据\基准数据\JB_Flood_Spatial_Baseline_2016_2026_FINAL\JB_Flood_Spatial_Baseline_2016_2026_FINAL\07_QA\Unresolved_List.xlsx,Unresolved_List.xlsx,.xlsx,15818,2026-10-06T22:59:17,4c135cfc5a42dee790d9374ae524bfc0638c8a6613d6a752675b5eb02ff786ce,1,False,False,
original,01_Historical_Flood_2016_2026,D:\OneDrive\桌面\论文\2027年投稿期刊\论文项目\07_JB医疗可达性_洪水扰动下交通-网络韧性与公平性_SCS_Natural_Hazards\GPT数据\2016_2026年洪涝数据\基准数据\JB_Flood_Spatial_Baseline_2016_2026_FINAL\JB_Flood_Spatial_Baseline_2016_2026_FINAL\08_Source_Archive\Final_Coordinate_Completeness_Audit.xlsx,D:\OneDrive\桌面\论文\2027年投稿期刊\论文项目\07_JB医疗可达性_洪水扰动下交通-网络韧性与公平性_SCS_Natural_Hazards\GPT数据\2016_2026年洪涝数据\基准数据\JB_Flood_Spatial_Baseline_2016_2026_FINAL\JB_Flood_Spatial_Baseline_2016_2026_FINAL\08_Source_Archive\Final_Coordinate_Completeness_Audit.xlsx,2016_2026年洪涝数据\基准数据\JB_Flood_Spatial_Baseline_2016_2026_FINAL\JB_Flood_Spatial_Baseline_2016_2026_FINAL\08_Source_Archive\Final_Coordinate_Completeness_Audit.xlsx,Final_Coordinate_Completeness_Audit.xlsx,.xlsx,115284,2026-10-06T22:37:25,7053aec59797b1449a9bd12f3ea0763b7fa9508f522fa3dc206a12db06ff4674,1,False,False,
original,01_Historical_Flood_2016_2026,D:\OneDrive\桌面\论文\2027年投稿期刊\论文项目\07_JB医疗可达性_洪水扰动下交通-网络韧性与公平性_SCS_Natural_Hazards\GPT数据\2016_2026年洪涝数据\基准数据\JB_Flood_Spatial_Baseline_2016_2026_FINAL\JB_Flood_Spatial_Baseline_2016_2026_FINAL\08_Source_Archive\v001_Fixed45_Historical_Flood_GIS_Baseline.xlsx,D:\OneDrive\桌面\论文\2027年投稿期刊\论文项目\07_JB医疗可达性_洪水扰动下交通-网络韧性与公平性_SCS_Natural_Hazards\GPT数据\2016_2026年洪涝数据\基准数据\JB_Flood_Spatial_Baseline_2016_2026_FINAL\JB_Flood_Spatial_Baseline_2016_2026_FINAL\08_Source_Archive\v001_Fixed45_Historical_Flood_GIS_Baseline.xlsx,2016_2026年洪涝数据\基准数据\JB_Flood_Spatial_Baseline_2016_2026_FINAL\JB_Flood_Spatial_Baseline_2016_2026_FINAL\08_Source_Archive\v001_Fixed45_Historical_Flood_GIS_Baseline.xlsx,v001_Fixed45_Historical_Flood_GIS_Baseline.xlsx,.xlsx,59417,2026-10-06T22:37:27,dbebeb15f829c86064a068710a882e576e65ae9511d1d3ead6007b0067fbad38,1,False,False,
original,01_Historical_Flood_2016_2026,D:\OneDrive\桌面\论文\2027年投稿期刊\论文项目\07_JB医疗可达性_洪水扰动下交通-网络韧性与公平性_SCS_Natural_Hazards\GPT数据\2016_2026年洪涝数据\基准数据\JB_Flood_Spatial_Baseline_2016_2026_FINAL\JB_Flood_Spatial_Baseline_2016_2026_FINAL\08_Source_Archive\Original_2016_2026_Package\00_SUMMARY\FILE_MANIFEST_SHA256.csv,D:\OneDrive\桌面\论文\2027年投稿期刊\论文项目\07_JB医疗可达性_洪水扰动下交通-网络韧性与公平性_SCS_Natural_Hazards\GPT数据\2016_2026年洪涝数据\基准数据\JB_Flood_Spatial_Baseline_2016_2026_FINAL\JB_Flood_Spatial_Baseline_2016_2026_FINAL\08_Source_Archive\Original_2016_2026_Package\00_SUMMARY\FILE_MANIFEST_SHA256.csv,2016_2026年洪涝数据\基准数据\JB_Flood_Spatial_Baseline_2016_2026_FINAL\JB_Flood_Spatial_Baseline_2016_2026_FINAL\08_Source_Archive\Original_2016_2026_Package\00_SUMMARY\FILE_MANIFEST_SHA256.csv,FILE_MANIFEST_SHA256.csv,.csv,4402,2026-10-06T20:48:16,f195645ab476fe07d8868e6b1bbb956c2e8822b936e927905c429ed8c47a3bf8,4,False,False,
original,01_Historical_Flood_2016_2026,D:\OneDrive\桌面\论文\2027年投稿期刊\论文项目\07_JB医疗可达性_洪水扰动下交通-网络韧性与公平性_SCS_Natural_Hazards\GPT数据\2016_2026年洪涝数据\基准数据\JB_Flood_Spatial_Baseline_2016_2026_FINAL\JB_Flood_Spatial_Baseline_2016_2026_FINAL\08_Source_Archive\Original_2016_2026_Package\00_SUMMARY\JB_Flood_2016_2026_Summary.xlsx,D:\OneDrive\桌面\论文\2027年投稿期刊\论文项目\07_JB医疗可达性_洪水扰动下交通-网络韧性与公平性_SCS_Natural_Hazards\GPT数据\2016_2026年洪涝数据\基准数据\JB_Flood_Spatial_Baseline_2016_2026_FINAL\JB_Flood_Spatial_Baseline_2016_2026_FINAL\08_Source_Archive\Original_2016_2026_Package\00_SUMMARY\JB_Flood_2016_2026_Summary.xlsx,2016_2026年洪涝数据\基准数据\JB_Flood_Spatial_Baseline_2016_2026_FINAL\JB_Flood_Spatial_Baseline_2016_2026_FINAL\08_Source_Archive\Original_2016_2026_Package\00_SUMMARY\JB_Flood_2016_2026_Summary.xlsx,JB_Flood_2016_2026_Summary.xlsx,.xlsx,8109,2026-10-06T20:48:16,d2456318590b1a3da4a12da4715ac7a34f1e9f826bb2b9b3d9f36603dea21cb3,3,False,False,
original,01_Historical_Flood_2016_2026,D:\OneDrive\桌面\论文\2027年投稿期刊\论文项目\07_JB医疗可达性_洪水扰动下交通-网络韧性与公平性_SCS_Natural_Hazards\GPT数据\2016_2026年洪涝数据\基准数据\JB_Flood_Spatial_Baseline_2016_2026_FINAL\JB_Flood_Spatial_Baseline_2016_2026_FINAL\08_Source_Archive\Original_2016_2026_Package\00_SUMMARY\JB_Flood_All_Closed_Polygons_2016_2021.geojson,D:\OneDrive\桌面\论文\2027年投稿期刊\论文项目\07_JB医疗可达性_洪水扰动下交通-网络韧性与公平性_SCS_Natural_Hazards\GPT数据\2016_2026年洪涝数据\基准数据\JB_Flood_Spatial_Baseline_2016_2026_FINAL\JB_Flood_Spatial_Baseline_2016_2026_FINAL\08_Source_Archive\Original_2016_2026_Package\00_SUMMARY\JB_Flood_All_Closed_Polygons_2016_2021.geojson,2016_2026年洪涝数据\基准数据\JB_Flood_Spatial_Baseline_2016_2026_FINAL\JB_Flood_Spatial_Baseline_2016_2026_FINAL\08_Source_Archive\Original_2016_2026_Package\00_SUMMARY\JB_Flood_All_Closed_Polygons_2016_2021.geojson,JB_Flood_All_Closed_Polygons_2016_2021.geojson,.geojson,37143,2026-10-06T20:48:16,a690e26027f558b5cc9cb3db04c622bcc3e61ef0bb0794277efea3f7fc1584c9,3,False,False,
original,01_Historical_Flood_2016_2026,D:\OneDrive\桌面\论文\2027年投稿期刊\论文项目\07_JB医疗可达性_洪水扰动下交通-网络韧性与公平性_SCS_Natural_Hazards\GPT数据\2016_2026年洪涝数据\基准数据\JB_Flood_Spatial_Baseline_2016_2026_FINAL\JB_Flood_Spatial_Baseline_2016_2026_FINAL\08_Source_Archive\Original_2016_2026_Package\00_SUMMARY\README_2016_2026.txt,D:\OneDrive\桌面\论文\2027年投稿期刊\论文项目\07_JB医疗可达性_洪水扰动下交通-网络韧性与公平性_SCS_Natural_Hazards\GPT数据\2016_2026年洪涝数据\基准数据\JB_Flood_Spatial_Baseline_2016_2026_FINAL\JB_Flood_Spatial_Baseline_2016_2026_FINAL\08_Source_Archive\Original_2016_2026_Package\00_SUMMARY\README_2016_2026.txt,2016_2026年洪涝数据\基准数据\JB_Flood_Spatial_Baseline_2016_2026_FINAL\JB_Flood_Spatial_Baseline_2016_2026_FINAL\08_Source_Archive\Original_2016_2026_Package\00_SUMMARY\README_2016_2026.txt,README_2016_2026.txt,.txt,1340,2026-10-06T20:48:16,a08df212a17ef045fe6eac601bd50d1be8729ba504b280f9191c90781ab2c86d,2,False,False,
original,01_Historical_Flood_2016_2026,D:\OneDrive\桌面\论文\2027年投稿期刊\论文项目\07_JB医疗可达性_洪水扰动下交通-网络韧性与公平性_SCS_Natural_Hazards\GPT数据\2016_2026年洪涝数据\基准数据\JB_Flood_Spatial_Baseline_2016_2026_FINAL\JB_Flood_Spatial_Baseline_2016_2026_FINAL\08_Source_Archive\Original_2016_2026_Package\2016\R002_JB_Flood_Spatial_Baseline_2016_GIS_Validated_RECONSTRUCTED.xlsx,D:\OneDrive\桌面\论文\2027年投稿期刊\论文项目\07_JB医疗可达性_洪水扰动下交通-网络韧性与公平性_SCS_Natural_Hazards\GPT数据\2016_2026年洪涝数据\基准数据\JB_Flood_Spatial_Baseline_2016_2026_FINAL\JB_Flood_Spatial_Baseline_2016_2026_FINAL\08_Source_Archive\Original_2016_2026_Package\2016\R002_JB_Flood_Spatial_Baseline_2016_GIS_Validated_RECONSTRUCTED.xlsx,2016_2026年洪涝数据\基准数据\JB_Flood_Spatial_Baseline_2016_2026_FINAL\JB_Flood_Spatial_Baseline_2016_2026_FINAL\08_Source_Archive\Original_2016_2026_Package\2016\R002_JB_Flood_Spatial_Baseline_2016_GIS_Validated_RECONSTRUCTED.xlsx,R002_JB_Flood_Spatial_Baseline_2016_GIS_Validated_RECONSTRUCTED.xlsx,.xlsx,68230,2026-10-06T20:48:00,554257e049c48993bfdac74780625de634c2bad3915167b4ae502f13d576c228,2,False,False,
original,01_Historical_Flood_2016_2026,D:\OneDrive\桌面\论文\2027年投稿期刊\论文项目\07_JB医疗可达性_洪水扰动下交通-网络韧性与公平性_SCS_Natural_Hazards\GPT数据\2016_2026年洪涝数据\基准数据\JB_Flood_Spatial_Baseline_2016_2026_FINAL\JB_Flood_Spatial_Baseline_2016_2026_FINAL\08_Source_Archive\Original_2016_2026_Package\2016\R003_2016_Polygon_Closure.geojson,D:\OneDrive\桌面\论文\2027年投稿期刊\论文项目\07_JB医疗可达性_洪水扰动下交通-网络韧性与公平性_SCS_Natural_Hazards\GPT数据\2016_2026年洪涝数据\基准数据\JB_Flood_Spatial_Baseline_2016_2026_FINAL\JB_Flood_Spatial_Baseline_2016_2026_FINAL\08_Source_Archive\Original_2016_2026_Package\2016\R003_2016_Polygon_Closure.geojson,2016_2026年洪涝数据\基准数据\JB_Flood_Spatial_Baseline_2016_2026_FINAL\JB_Flood_Spatial_Baseline_2016_2026_FINAL\08_Source_Archive\Original_2016_2026_Package\2016\R003_2016_Polygon_Closure.geojson,R003_2016_Polygon_Closure.geojson,.geojson,8162,2026-10-06T20:43:00,0ae2f87b0c89907ffeb97ca3d76393c680a9ac1bc5b5ce98b57f06c9961e6060,3,False,False,
original,01_Historical_Flood_2016_2026,D:\OneDrive\桌面\论文\2027年投稿期刊\论文项目\07_JB医疗可达性_洪水扰动下交通-网络韧性与公平性_SCS_Natural_Hazards\GPT数据\2016_2026年洪涝数据\基准数据\JB_Flood_Spatial_Baseline_2016_2026_FINAL\JB_Flood_Spatial_Baseline_2016_2026_FINAL\08_Source_Archive\Original_2016_2026_Package\2016\R003_JB_Flood_Spatial_Baseline_2016_GIS_FROZEN_RECONSTRUCTED.xlsx,D:\OneDrive\桌面\论文\2027年投稿期刊\论文项目\07_JB医疗可达性_洪水扰动下交通-网络韧性与公平性_SCS_Natural_Hazards\GPT数据\2016_2026年洪涝数据\基准数据\JB_Flood_Spatial_Baseline_2016_2026_FINAL\JB_Flood_Spatial_Baseline_2016_2026_FINAL\08_Source_Archive\Original_2016_2026_Package\2016\R003_JB_Flood_Spatial_Baseline_2016_GIS_FROZEN_RECONSTRUCTED.xlsx,2016_2026年洪涝数据\基准数据\JB_Flood_Spatial_Baseline_2016_2026_FINAL\JB_Flood_Spatial_Baseline_2016_2026_FINAL\08_Source_Archive\Original_2016_2026_Package\2016\R003_JB_Flood_Spatial_Baseline_2016_GIS_FROZEN_RECONSTRUCTED.xlsx,R003_JB_Flood_Spatial_Baseline_2016_GIS_FROZEN_RECONSTRUCTED.xlsx,.xlsx,70977,2026-10-06T20:48:02,37c7614f0a7c823e09115fe91f58f8341994758bfefcc9e5d4a1660bdecf4288,2,False,False,
original,01_Historical_Flood_2016_2026,D:\OneDrive\桌面\论文\2027年投稿期刊\论文项目\07_JB医疗可达性_洪水扰动下交通-网络韧性与公平性_SCS_Natural_Hazards\GPT数据\2016_2026年洪涝数据\基准数据\JB_Flood_Spatial_Baseline_2016_2026_FINAL\JB_Flood_Spatial_Baseline_2016_2026_FINAL\08_Source_Archive\Original_2016_2026_Package\2017\R004_JB_Flood_Spatial_Baseline_2017_Event_Spatial_Audit_RECONSTRUCTED.xlsx,D:\OneDrive\桌面\论文\2027年投稿期刊\论文项目\07_JB医疗可达性_洪水扰动下交通-网络韧性与公平性_SCS_Natural_Hazards\GPT数据\2016_2026年洪涝数据\基准数据\JB_Flood_Spatial_Baseline_2016_2026_FINAL\JB_Flood_Spatial_Baseline_2016_2026_FINAL\08_Source_Archive\Original_2016_2026_Package\2017\R004_JB_Flood_Spatial_Baseline_2017_Event_Spatial_Audit_RECONSTRUCTED.xlsx,2016_2026年洪涝数据\基准数据\JB_Flood_Spatial_Baseline_2016_2026_FINAL\JB_Flood_Spatial_Baseline_2016_2026_FINAL\08_Source_Archive\Original_2016_2026_Package\2017\R004_JB_Flood_Spatial_Baseline_2017_Event_Spatial_Audit_RECONSTRUCTED.xlsx,R004_JB_Flood_Spatial_Baseline_2017_Event_Spatial_Audit_RECONSTRUCTED.xlsx,.xlsx,91750,2026-10-06T20:48:02,e3f99912043ca98c3c7a50bfaeb7d1d6a4fee8ecc0669f8654f5415b7689a733,2,False,False,
original,01_Historical_Flood_2016_2026,D:\OneDrive\桌面\论文\2027年投稿期刊\论文项目\07_JB医疗可达性_洪水扰动下交通-网络韧性与公平性_SCS_Natural_Hazards\GPT数据\2016_2026年洪涝数据\基准数据\JB_Flood_Spatial_Baseline_2016_2026_FINAL\JB_Flood_Spatial_Baseline_2016_2026_FINAL\08_Source_Archive\Original_2016_2026_Package\2017\R005_2017_Closed_Polygons.geojson,D:\OneDrive\桌面\论文\2027年投稿期刊\论文项目\07_JB医疗可达性_洪水扰动下交通-网络韧性与公平性_SCS_Natural_Hazards\GPT数据\2016_2026年洪涝数据\基准数据\JB_Flood_Spatial_Baseline_2016_2026_FINAL\JB_Flood_Spatial_Baseline_2016_2026_FINAL\08_Source_Archive\Original_2016_2026_Package\2017\R005_2017_Closed_Polygons.geojson,2016_2026年洪涝数据\基准数据\JB_Flood_Spatial_Baseline_2016_2026_FINAL\JB_Flood_Spatial_Baseline_2016_2026_FINAL\08_Source_Archive\Original_2016_2026_Package\2017\R005_2017_Closed_Polygons.geojson,R005_2017_Closed_Polygons.geojson,.geojson,13114,2026-10-06T20:43:00,22c0f271d892185f40c46a8d1ee38ef8c24d1f92faba26fe8a2747a94b80ed08,2,False,False,
original,01_Historical_Flood_2016_2026,D:\OneDrive\桌面\论文\2027年投稿期刊\论文项目\07_JB医疗可达性_洪水扰动下交通-网络韧性与公平性_SCS_Natural_Hazards\GPT数据\2016_2026年洪涝数据\基准数据\JB_Flood_Spatial_Baseline_2016_2026_FINAL\JB_Flood_Spatial_Baseline_2016_2026_FINAL\08_Source_Archive\Original_2016_2026_Package\2017\R005_2017_Polygon_Closure.geojson,D:\OneDrive\桌面\论文\2027年投稿期刊\论文项目\07_JB医疗可达性_洪水扰动下交通-网络韧性与公平性_SCS_Natural_Hazards\GPT数据\2016_2026年洪涝数据\基准数据\JB_Flood_Spatial_Baseline_2016_2026_FINAL\JB_Flood_Spatial_Baseline_2016_2026_FINAL\08_Source_Archive\Original_2016_2026_Package\2017\R005_2017_Polygon_Closure.geojson,2016_2026年洪涝数据\基准数据\JB_Flood_Spatial_Baseline_2016_2026_FINAL\JB_Flood_Spatial_Baseline_2016_2026_FINAL\08_Source_Archive\Original_2016_2026_Package\2017\R005_2017_Polygon_Closure.geojson,R005_2017_Polygon_Closure.geojson,.geojson,11671,2026-10-06T20:43:00,9fe9fb7b12db220ac589a4fa6a575c2921e0fadf3a4db5bce66d085a0c40fdba,3,False,False,
original,01_Historical_Flood_2016_2026,D:\OneDrive\桌面\论文\2027年投稿期刊\论文项目\07_JB医疗可达性_洪水扰动下交通-网络韧性与公平性_SCS_Natural_Hazards\GPT数据\2016_2026年洪涝数据\基准数据\JB_Flood_Spatial_Baseline_2016_2026_FINAL\JB_Flood_Spatial_Baseline_2016_2026_FINAL\08_Source_Archive\Original_2016_2026_Package\2017\R005_JB_Flood_Spatial_Baseline_2017_Spatial_Closure_Pass_RECONSTRUCTED.xlsx,D:\OneDrive\桌面\论文\2027年投稿期刊\论文项目\07_JB医疗可达性_洪水扰动下交通-网络韧性与公平性_SCS_Natural_Hazards\GPT数据\2016_2026年洪涝数据\基准数据\JB_Flood_Spatial_Baseline_2016_2026_FINAL\JB_Flood_Spatial_Baseline_2016_2026_FINAL\08_Source_Archive\Original_2016_2026_Package\2017\R005_JB_Flood_Spatial_Baseline_2017_Spatial_Closure_Pass_RECONSTRUCTED.xlsx,2016_2026年洪涝数据\基准数据\JB_Flood_Spatial_Baseline_2016_2026_FINAL\JB_Flood_Spatial_Baseline_2016_2026_FINAL\08_Source_Archive\Original_2016_2026_Package\2017\R005_JB_Flood_Spatial_Baseline_2017_Spatial_Closure_Pass_RECONSTRUCTED.xlsx,R005_JB_Flood_Spatial_Baseline_2017_Spatial_Closure_Pass_RECONSTRUCTED.xlsx,.xlsx,99797,2026-10-06T20:48:04,75898f335a2ec83012a3c246b28f02ef912bff6cc1d3769c110fd02d4f7de0a2,2,False,False,
original,01_Historical_Flood_2016_2026,D:\OneDrive\桌面\论文\2027年投稿期刊\论文项目\07_JB医疗可达性_洪水扰动下交通-网络韧性与公平性_SCS_Natural_Hazards\GPT数据\2016_2026年洪涝数据\基准数据\JB_Flood_Spatial_Baseline_2016_2026_FINAL\JB_Flood_Spatial_Baseline_2016_2026_FINAL\08_Source_Archive\Original_2016_2026_Package\2017\R006_JB_Flood_Spatial_Baseline_2017_Open_Objects_Review_RECONSTRUCTED.xlsx,D:\OneDrive\桌面\论文\2027年投稿期刊\论文项目\07_JB医疗可达性_洪水扰动下交通-网络韧性与公平性_SCS_Natural_Hazards\GPT数据\2016_2026年洪涝数据\基准数据\JB_Flood_Spatial_Baseline_2016_2026_FINAL\JB_Flood_Spatial_Baseline_2016_2026_FINAL\08_Source_Archive\Original_2016_2026_Package\2017\R006_JB_Flood_Spatial_Baseline_2017_Open_Objects_Review_RECONSTRUCTED.xlsx,2016_2026年洪涝数据\基准数据\JB_Flood_Spatial_Baseline_2016_2026_FINAL\JB_Flood_Spatial_Baseline_2016_2026_FINAL\08_Source_Archive\Original_2016_2026_Package\2017\R006_JB_Flood_Spatial_Baseline_2017_Open_Objects_Review_RECONSTRUCTED.xlsx,R006_JB_Flood_Spatial_Baseline_2017_Open_Objects_Review_RECONSTRUCTED.xlsx,.xlsx,110920,2026-10-06T20:48:06,f38a4b0e2ffc9d92b84867205ef856c62396318db16282bdfb2fb84bdf71a889,2,False,False,
original,01_Historical_Flood_2016_2026,D:\OneDrive\桌面\论文\2027年投稿期刊\论文项目\07_JB医疗可达性_洪水扰动下交通-网络韧性与公平性_SCS_Natural_Hazards\GPT数据\2016_2026年洪涝数据\基准数据\JB_Flood_Spatial_Baseline_2016_2026_FINAL\JB_Flood_Spatial_Baseline_2016_2026_FINAL\08_Source_Archive\Original_2016_2026_Package\2018\R007_DERIVED_2018_Event_Spatial_Audit_from_R012.xlsx,D:\OneDrive\桌面\论文\2027年投稿期刊\论文项目\07_JB医疗可达性_洪水扰动下交通-网络韧性与公平性_SCS_Natural_Hazards\GPT数据\2016_2026年洪涝数据\基准数据\JB_Flood_Spatial_Baseline_2016_2026_FINAL\JB_Flood_Spatial_Baseline_2016_2026_FINAL\08_Source_Archive\Original_2016_2026_Package\2018\R007_DERIVED_2018_Event_Spatial_Audit_from_R012.xlsx,2016_2026年洪涝数据\基准数据\JB_Flood_Spatial_Baseline_2016_2026_FINAL\JB_Flood_Spatial_Baseline_2016_2026_FINAL\08_Source_Archive\Original_2016_2026_Package\2018\R007_DERIVED_2018_Event_Spatial_Audit_from_R012.xlsx,R007_DERIVED_2018_Event_Spatial_Audit_from_R012.xlsx,.xlsx,17042,2026-10-06T20:48:14,fbeef00f02f816d91169913b5c40439d92d2842388455611e2968504d0dbdc26,2,False,False,
original,01_Historical_Flood_2016_2026,D:\OneDrive\桌面\论文\2027年投稿期刊\论文项目\07_JB医疗可达性_洪水扰动下交通-网络韧性与公平性_SCS_Natural_Hazards\GPT数据\2016_2026年洪涝数据\基准数据\JB_Flood_Spatial_Baseline_2016_2026_FINAL\JB_Flood_Spatial_Baseline_2016_2026_FINAL\08_Source_Archive\Original_2016_2026_Package\2018\R008_2018_Polygon_Closure_DERIVED.geojson,D:\OneDrive\桌面\论文\2027年投稿期刊\论文项目\07_JB医疗可达性_洪水扰动下交通-网络韧性与公平性_SCS_Natural_Hazards\GPT数据\2016_2026年洪涝数据\基准数据\JB_Flood_Spatial_Baseline_2016_2026_FINAL\JB_Flood_Spatial_Baseline_2016_2026_FINAL\08_Source_Archive\Original_2016_2026_Package\2018\R008_2018_Polygon_Closure_DERIVED.geojson,2016_2026年洪涝数据\基准数据\JB_Flood_Spatial_Baseline_2016_2026_FINAL\JB_Flood_Spatial_Baseline_2016_2026_FINAL\08_Source_Archive\Original_2016_2026_Package\2018\R008_2018_Polygon_Closure_DERIVED.geojson,R008_2018_Polygon_Closure_DERIVED.geojson,.geojson,4412,2026-10-06T20:48:16,1353085e399cd2b408c0783c6bbf356853e544bcd27300d7f5138092e0675d9c,2,False,False,
original,01_Historical_Flood_2016_2026,D:\OneDrive\桌面\论文\2027年投稿期刊\论文项目\07_JB医疗可达性_洪水扰动下交通-网络韧性与公平性_SCS_Natural_Hazards\GPT数据\2016_2026年洪涝数据\基准数据\JB_Flood_Spatial_Baseline_2016_2026_FINAL\JB_Flood_Spatial_Baseline_2016_2026_FINAL\08_Source_Archive\Original_2016_2026_Package\2018\R008_DERIVED_2018_Polygon_Closure_from_R012.xlsx,D:\OneDrive\桌面\论文\2027年投稿期刊\论文项目\07_JB医疗可达性_洪水扰动下交通-网络韧性与公平性_SCS_Natural_Hazards\GPT数据\2016_2026年洪涝数据\基准数据\JB_Flood_Spatial_Baseline_2016_2026_FINAL\JB_Flood_Spatial_Baseline_2016_2026_FINAL\08_Source_Archive\Original_2016_2026_Package\2018\R008_DERIVED_2018_Polygon_Closure_from_R012.xlsx,2016_2026年洪涝数据\基准数据\JB_Flood_Spatial_Baseline_2016_2026_FINAL\JB_Flood_Spatial_Baseline_2016_2026_FINAL\08_Source_Archive\Original_2016_2026_Package\2018\R008_DERIVED_2018_Polygon_Closure_from_R012.xlsx,R008_DERIVED_2018_Polygon_Closure_from_R012.xlsx,.xlsx,20788,2026-10-06T20:48:14,58465d6a69e3e4ba8e183bcb229b22399bb5c106870c5ae6333bf30580400ace,2,False,False,
original,01_Historical_Flood_2016_2026,D:\OneDrive\桌面\论文\2027年投稿期刊\论文项目\07_JB医疗可达性_洪水扰动下交通-网络韧性与公平性_SCS_Natural_Hazards\GPT数据\2016_2026年洪涝数据\基准数据\JB_Flood_Spatial_Baseline_2016_2026_FINAL\JB_Flood_Spatial_Baseline_2016_2026_FINAL\08_Source_Archive\Original_2016_2026_Package\2019\R009_DERIVED_2019_Event_Spatial_Audit_from_R012.xlsx,D:\OneDrive\桌面\论文\2027年投稿期刊\论文项目\07_JB医疗可达性_洪水扰动下交通-网络韧性与公平性_SCS_Natural_Hazards\GPT数据\2016_2026年洪涝数据\基准数据\JB_Flood_Spatial_Baseline_2016_2026_FINAL\JB_Flood_Spatial_Baseline_2016_2026_FINAL\08_Source_Archive\Original_2016_2026_Package\2019\R009_DERIVED_2019_Event_Spatial_Audit_from_R012.xlsx,2016_2026年洪涝数据\基准数据\JB_Flood_Spatial_Baseline_2016_2026_FINAL\JB_Flood_Spatial_Baseline_2016_2026_FINAL\08_Source_Archive\Original_2016_2026_Package\2019\R009_DERIVED_2019_Event_Spatial_Audit_from_R012.xlsx,R009_DERIVED_2019_Event_Spatial_Audit_from_R012.xlsx,.xlsx,16111,2026-10-06T20:48:16,c9b10948c320b47694bf70539a1480f00fee3f24704f1425becf4c21e011803e,2,False,False,
original,01_Historical_Flood_2016_2026,D:\OneDrive\桌面\论文\2027年投稿期刊\论文项目\07_JB医疗可达性_洪水扰动下交通-网络韧性与公平性_SCS_Natural_Hazards\GPT数据\2016_2026年洪涝数据\基准数据\JB_Flood_Spatial_Baseline_2016_2026_FINAL\JB_Flood_Spatial_Baseline_2016_2026_FINAL\08_Source_Archive\Original_2016_2026_Package\2019\R010_2019_Polygon_Closure_DERIVED.geojson,D:\OneDrive\桌面\论文\2027年投稿期刊\论文项目\07_JB医疗可达性_洪水扰动下交通-网络韧性与公平性_SCS_Natural_Hazards\GPT数据\2016_2026年洪涝数据\基准数据\JB_Flood_Spatial_Baseline_2016_2026_FINAL\JB_Flood_Spatial_Baseline_2016_2026_FINAL\08_Source_Archive\Original_2016_2026_Package\2019\R010_2019_Polygon_Closure_DERIVED.geojson,2016_2026年洪涝数据\基准数据\JB_Flood_Spatial_Baseline_2016_2026_FINAL\JB_Flood_Spatial_Baseline_2016_2026_FINAL\08_Source_Archive\Original_2016_2026_Package\2019\R010_2019_Polygon_Closure_DERIVED.geojson,R010_2019_Polygon_Closure_DERIVED.geojson,.geojson,7088,2026-10-06T20:48:16,95ea829e7d0dfcf51e9e08c04349cf2cdb2420f2f130fcd2b3dad491b81ffbe6,2,False,False,
original,01_Historical_Flood_2016_2026,D:\OneDrive\桌面\论文\2027年投稿期刊\论文项目\07_JB医疗可达性_洪水扰动下交通-网络韧性与公平性_SCS_Natural_Hazards\GPT数据\2016_2026年洪涝数据\基准数据\JB_Flood_Spatial_Baseline_2016_2026_FINAL\JB_Flood_Spatial_Baseline_2016_2026_FINAL\08_Source_Archive\Original_2016_2026_Package\2019\R010_DERIVED_2019_Polygon_Closure_from_R012.xlsx,D:\OneDrive\桌面\论文\2027年投稿期刊\论文项目\07_JB医疗可达性_洪水扰动下交通-网络韧性与公平性_SCS_Natural_Hazards\GPT数据\2016_2026年洪涝数据\基准数据\JB_Flood_Spatial_Baseline_2016_2026_FINAL\JB_Flood_Spatial_Baseline_2016_2026_FINAL\08_Source_Archive\Original_2016_2026_Package\2019\R010_DERIVED_2019_Polygon_Closure_from_R012.xlsx,2016_2026年洪涝数据\基准数据\JB_Flood_Spatial_Baseline_2016_2026_FINAL\JB_Flood_Spatial_Baseline_2016_2026_FINAL\08_Source_Archive\Original_2016_2026_Package\2019\R010_DERIVED_2019_Polygon_Closure_from_R012.xlsx,R010_DERIVED_2019_Polygon_Closure_from_R012.xlsx,.xlsx,20377,2026-10-06T20:48:16,d9b6502f58ca67b6f09a7eeb48358edb3068ad9c8551cfc5abd314a3b1f0698b,2,False,False,
original,01_Historical_Flood_2016_2026,D:\OneDrive\桌面\论文\2027年投稿期刊\论文项目\07_JB医疗可达性_洪水扰动下交通-网络韧性与公平性_SCS_Natural_Hazards\GPT数据\2016_2026年洪涝数据\基准数据\JB_Flood_Spatial_Baseline_2016_2026_FINAL\JB_Flood_Spatial_Baseline_2016_2026_FINAL\08_Source_Archive\Original_2016_2026_Package\2020\R011_JB_Flood_Spatial_Baseline_2020_Event_Spatial_Audit_RECONSTRUCTED.xlsx,D:\OneDrive\桌面\论文\2027年投稿期刊\论文项目\07_JB医疗可达性_洪水扰动下交通-网络韧性与公平性_SCS_Natural_Hazards\GPT数据\2016_2026年洪涝数据\基准数据\JB_Flood_Spatial_Baseline_2016_2026_FINAL\JB_Flood_Spatial_Baseline_2016_2026_FINAL\08_Source_Archive\Original_2016_2026_Package\2020\R011_JB_Flood_Spatial_Baseline_2020_Event_Spatial_Audit_RECONSTRUCTED.xlsx,2016_2026年洪涝数据\基准数据\JB_Flood_Spatial_Baseline_2016_2026_FINAL\JB_Flood_Spatial_Baseline_2016_2026_FINAL\08_Source_Archive\Original_2016_2026_Package\2020\R011_JB_Flood_Spatial_Baseline_2020_Event_Spatial_Audit_RECONSTRUCTED.xlsx,R011_JB_Flood_Spatial_Baseline_2020_Event_Spatial_Audit_RECONSTRUCTED.xlsx,.xlsx,168397,2026-10-06T20:48:10,e8e2432878a88f34046b43b67e8f4d44c70172c0fbf199ce1b336dc5f157b1a3,2,False,False,
original,01_Historical_Flood_2016_2026,D:\OneDrive\桌面\论文\2027年投稿期刊\论文项目\07_JB医疗可达性_洪水扰动下交通-网络韧性与公平性_SCS_Natural_Hazards\GPT数据\2016_2026年洪涝数据\基准数据\JB_Flood_Spatial_Baseline_2016_2026_FINAL\JB_Flood_Spatial_Baseline_2016_2026_FINAL\08_Source_Archive\Original_2016_2026_Package\2020\R012_2020_Polygon_Closure.geojson,D:\OneDrive\桌面\论文\2027年投稿期刊\论文项目\07_JB医疗可达性_洪水扰动下交通-网络韧性与公平性_SCS_Natural_Hazards\GPT数据\2016_2026年洪涝数据\基准数据\JB_Flood_Spatial_Baseline_2016_2026_FINAL\JB_Flood_Spatial_Baseline_2016_2026_FINAL\08_Source_Archive\Original_2016_2026_Package\2020\R012_2020_Polygon_Closure.geojson,2016_2026年洪涝数据\基准数据\JB_Flood_Spatial_Baseline_2016_2026_FINAL\JB_Flood_Spatial_Baseline_2016_2026_FINAL\08_Source_Archive\Original_2016_2026_Package\2020\R012_2020_Polygon_Closure.geojson,R012_2020_Polygon_Closure.geojson,.geojson,6013,2026-10-06T20:43:00,e51fb83feef8802aa98c0d3c8b3a7539c34bc41d8a2be2c9c397829f1642493f,2,False,False,
original,01_Historical_Flood_2016_2026,D:\OneDrive\桌面\论文\2027年投稿期刊\论文项目\07_JB医疗可达性_洪水扰动下交通-网络韧性与公平性_SCS_Natural_Hazards\GPT数据\2016_2026年洪涝数据\基准数据\JB_Flood_Spatial_Baseline_2016_2026_FINAL\JB_Flood_Spatial_Baseline_2016_2026_FINAL\08_Source_Archive\Original_2016_2026_Package\2020\R012_JB_Flood_Spatial_Baseline_2020_Polygon_Closure_RECONSTRUCTED.xlsx,D:\OneDrive\桌面\论文\2027年投稿期刊\论文项目\07_JB医疗可达性_洪水扰动下交通-网络韧性与公平性_SCS_Natural_Hazards\GPT数据\2016_2026年洪涝数据\基准数据\JB_Flood_Spatial_Baseline_2016_2026_FINAL\JB_Flood_Spatial_Baseline_2016_2026_FINAL\08_Source_Archive\Original_2016_2026_Package\2020\R012_JB_Flood_Spatial_Baseline_2020_Polygon_Closure_RECONSTRUCTED.xlsx,2016_2026年洪涝数据\基准数据\JB_Flood_Spatial_Baseline_2016_2026_FINAL\JB_Flood_Spatial_Baseline_2016_2026_FINAL\08_Source_Archive\Original_2016_2026_Package\2020\R012_JB_Flood_Spatial_Baseline_2020_Polygon_Closure_RECONSTRUCTED.xlsx,R012_JB_Flood_Spatial_Baseline_2020_Polygon_Closure_RECONSTRUCTED.xlsx,.xlsx,189852,2026-10-06T20:48:14,2ba69b00afe196dffb6dfd11393315a0aa91656eb170edfd1f2c32839c564936,2,False,False,
original,01_Historical_Flood_2016_2026,D:\OneDrive\桌面\论文\2027年投稿期刊\论文项目\07_JB医疗可达性_洪水扰动下交通-网络韧性与公平性_SCS_Natural_Hazards\GPT数据\2016_2026年洪涝数据\基准数据\JB_Flood_Spatial_Baseline_2016_2026_FINAL\JB_Flood_Spatial_Baseline_2016_2026_FINAL\08_Source_Archive\Original_2016_2026_Package\2021\R013_JB_Flood_Spatial_Baseline_2021_Event_Spatial_Audit.xlsx,D:\OneDrive\桌面\论文\2027年投稿期刊\论文项目\07_JB医疗可达性_洪水扰动下交通-网络韧性与公平性_SCS_Natural_Hazards\GPT数据\2016_2026年洪涝数据\基准数据\JB_Flood_Spatial_Baseline_2016_2026_FINAL\JB_Flood_Spatial_Baseline_2016_2026_FINAL\08_Source_Archive\Original_2016_2026_Package\2021\R013_JB_Flood_Spatial_Baseline_2021_Event_Spatial_Audit.xlsx,2016_2026年洪涝数据\基准数据\JB_Flood_Spatial_Baseline_2016_2026_FINAL\JB_Flood_Spatial_Baseline_2016_2026_FINAL\08_Source_Archive\Original_2016_2026_Package\2021\R013_JB_Flood_Spatial_Baseline_2021_Event_Spatial_Audit.xlsx,R013_JB_Flood_Spatial_Baseline_2021_Event_Spatial_Audit.xlsx,.xlsx,23207,2026-10-06T19:27:20,e187c525f6f902c8ced217367ef1d6f0822cdf569198ba77d891037c54dd0827,2,False,False,
original,01_Historical_Flood_2016_2026,D:\OneDrive\桌面\论文\2027年投稿期刊\论文项目\07_JB医疗可达性_洪水扰动下交通-网络韧性与公平性_SCS_Natural_Hazards\GPT数据\2016_2026年洪涝数据\基准数据\JB_Flood_Spatial_Baseline_2016_2026_FINAL\JB_Flood_Spatial_Baseline_2016_2026_FINAL\08_Source_Archive\Original_2016_2026_Package\2021\R014_2021_Polygon_Closure.geojson,D:\OneDrive\桌面\论文\2027年投稿期刊\论文项目\07_JB医疗可达性_洪水扰动下交通-网络韧性与公平性_SCS_Natural_Hazards\GPT数据\2016_2026年洪涝数据\基准数据\JB_Flood_Spatial_Baseline_2016_2026_FINAL\JB_Flood_Spatial_Baseline_2016_2026_FINAL\08_Source_Archive\Original_2016_2026_Package\2021\R014_2021_Polygon_Closure.geojson,2016_2026年洪涝数据\基准数据\JB_Flood_Spatial_Baseline_2016_2026_FINAL\JB_Flood_Spatial_Baseline_2016_2026_FINAL\08_Source_Archive\Original_2016_2026_Package\2021\R014_2021_Polygon_Closure.geojson,R014_2021_Polygon_Closure.geojson,.geojson,4205,2026-10-06T19:27:20,366568c8daae01e91c24f170295891db484937dc29b7751a9604abfd76aa5c04,3,False,False,
original,01_Historical_Flood_2016_2026,D:\OneDrive\桌面\论文\2027年投稿期刊\论文项目\07_JB医疗可达性_洪水扰动下交通-网络韧性与公平性_SCS_Natural_Hazards\GPT数据\2016_2026年洪涝数据\基准数据\JB_Flood_Spatial_Baseline_2016_2026_FINAL\JB_Flood_Spatial_Baseline_2016_2026_FINAL\08_Source_Archive\Original_2016_2026_Package\2021\R014_JB_Flood_Spatial_Baseline_2021_Polygon_Closure.xlsx,D:\OneDrive\桌面\论文\2027年投稿期刊\论文项目\07_JB医疗可达性_洪水扰动下交通-网络韧性与公平性_SCS_Natural_Hazards\GPT数据\2016_2026年洪涝数据\基准数据\JB_Flood_Spatial_Baseline_2016_2026_FINAL\JB_Flood_Spatial_Baseline_2016_2026_FINAL\08_Source_Archive\Original_2016_2026_Package\2021\R014_JB_Flood_Spatial_Baseline_2021_Polygon_Closure.xlsx,2016_2026年洪涝数据\基准数据\JB_Flood_Spatial_Baseline_2016_2026_FINAL\JB_Flood_Spatial_Baseline_2016_2026_FINAL\08_Source_Archive\Original_2016_2026_Package\2021\R014_JB_Flood_Spatial_Baseline_2021_Polygon_Closure.xlsx,R014_JB_Flood_Spatial_Baseline_2021_Polygon_Closure.xlsx,.xlsx,26349,2026-10-06T19:27:20,4db7bd0075e50e6162aa1d45727e4641af573eec5f789d8588daea131d13d9cd,2,False,False,
original,01_Historical_Flood_2016_2026,D:\OneDrive\桌面\论文\2027年投稿期刊\论文项目\07_JB医疗可达性_洪水扰动下交通-网络韧性与公平性_SCS_Natural_Hazards\GPT数据\2016_2026年洪涝数据\基准数据\JB_Flood_Spatial_Baseline_2016_2026_FINAL\JB_Flood_Spatial_Baseline_2016_2026_FINAL\08_Source_Archive\Original_2016_2026_Package\2022\R015_JB_Flood_Spatial_Baseline_2022_Event_Spatial_Audit.xlsx,D:\OneDrive\桌面\论文\2027年投稿期刊\论文项目\07_JB医疗可达性_洪水扰动下交通-网络韧性与公平性_SCS_Natural_Hazards\GPT数据\2016_2026年洪涝数据\基准数据\JB_Flood_Spatial_Baseline_2016_2026_FINAL\JB_Flood_Spatial_Baseline_2016_2026_FINAL\08_Source_Archive\Original_2016_2026_Package\2022\R015_JB_Flood_Spatial_Baseline_2022_Event_Spatial_Audit.xlsx,2016_2026年洪涝数据\基准数据\JB_Flood_Spatial_Baseline_2016_2026_FINAL\JB_Flood_Spatial_Baseline_2016_2026_FINAL\08_Source_Archive\Original_2016_2026_Package\2022\R015_JB_Flood_Spatial_Baseline_2022_Event_Spatial_Audit.xlsx,R015_JB_Flood_Spatial_Baseline_2022_Event_Spatial_Audit.xlsx,.xlsx,45527,2026-10-06T19:48:22,31a96b7d2a477078d7dcb2dd5e2894ec08833694c65e74c4fe87c567786b3207,2,False,False,
original,01_Historical_Flood_2016_2026,D:\OneDrive\桌面\论文\2027年投稿期刊\论文项目\07_JB医疗可达性_洪水扰动下交通-网络韧性与公平性_SCS_Natural_Hazards\GPT数据\2016_2026年洪涝数据\基准数据\JB_Flood_Spatial_Baseline_2016_2026_FINAL\JB_Flood_Spatial_Baseline_2016_2026_FINAL\08_Source_Archive\Original_2016_2026_Package\2022\R016_JB_Flood_Spatial_Baseline_2022_Polygon_Closure.xlsx,D:\OneDrive\桌面\论文\2027年投稿期刊\论文项目\07_JB医疗可达性_洪水扰动下交通-网络韧性与公平性_SCS_Natural_Hazards\GPT数据\2016_2026年洪涝数据\基准数据\JB_Flood_Spatial_Baseline_2016_2026_FINAL\JB_Flood_Spatial_Baseline_2016_2026_FINAL\08_Source_Archive\Original_2016_2026_Package\2022\R016_JB_Flood_Spatial_Baseline_2022_Polygon_Closure.xlsx,2016_2026年洪涝数据\基准数据\JB_Flood_Spatial_Baseline_2016_2026_FINAL\JB_Flood_Spatial_Baseline_2016_2026_FINAL\08_Source_Archive\Original_2016_2026_Package\2022\R016_JB_Flood_Spatial_Baseline_2022_Polygon_Closure.xlsx,R016_JB_Flood_Spatial_Baseline_2022_Polygon_Closure.xlsx,.xlsx,48191,2026-10-06T19:48:20,5b5a2456ef1fdc4799e0af8b12143483149851939b2caa7db5f6088152ecc039,2,False,False,
original,01_Historical_Flood_2016_2026,D:\OneDrive\桌面\论文\2027年投稿期刊\论文项目\07_JB医疗可达性_洪水扰动下交通-网络韧性与公平性_SCS_Natural_Hazards\GPT数据\2016_2026年洪涝数据\基准数据\JB_Flood_Spatial_Baseline_2016_2026_FINAL\JB_Flood_Spatial_Baseline_2016_2026_FINAL\08_Source_Archive\Original_2016_2026_Package\2023\R017_JB_Flood_Spatial_Baseline_2023_Event_Spatial_Audit.xlsx,D:\OneDrive\桌面\论文\2027年投稿期刊\论文项目\07_JB医疗可达性_洪水扰动下交通-网络韧性与公平性_SCS_Natural_Hazards\GPT数据\2016_2026年洪涝数据\基准数据\JB_Flood_Spatial_Baseline_2016_2026_FINAL\JB_Flood_Spatial_Baseline_2016_2026_FINAL\08_Source_Archive\Original_2016_2026_Package\2023\R017_JB_Flood_Spatial_Baseline_2023_Event_Spatial_Audit.xlsx,2016_2026年洪涝数据\基准数据\JB_Flood_Spatial_Baseline_2016_2026_FINAL\JB_Flood_Spatial_Baseline_2016_2026_FINAL\08_Source_Archive\Original_2016_2026_Package\2023\R017_JB_Flood_Spatial_Baseline_2023_Event_Spatial_Audit.xlsx,R017_JB_Flood_Spatial_Baseline_2023_Event_Spatial_Audit.xlsx,.xlsx,71422,2026-10-06T20:04:54,b9a77e45b9f59f9d7adecf2cf2605937373683e5613fbf36f7f35022bd2d2b48,3,False,False,
original,01_Historical_Flood_2016_2026,D:\OneDrive\桌面\论文\2027年投稿期刊\论文项目\07_JB医疗可达性_洪水扰动下交通-网络韧性与公平性_SCS_Natural_Hazards\GPT数据\2016_2026年洪涝数据\基准数据\JB_Flood_Spatial_Baseline_2016_2026_FINAL\JB_Flood_Spatial_Baseline_2016_2026_FINAL\08_Source_Archive\Original_2016_2026_Package\2023\R018_JB_Flood_Spatial_Baseline_2023_Polygon_Closure.xlsx,D:\OneDrive\桌面\论文\2027年投稿期刊\论文项目\07_JB医疗可达性_洪水扰动下交通-网络韧性与公平性_SCS_Natural_Hazards\GPT数据\2016_2026年洪涝数据\基准数据\JB_Flood_Spatial_Baseline_2016_2026_FINAL\JB_Flood_Spatial_Baseline_2016_2026_FINAL\08_Source_Archive\Original_2016_2026_Package\2023\R018_JB_Flood_Spatial_Baseline_2023_Polygon_Closure.xlsx,2016_2026年洪涝数据\基准数据\JB_Flood_Spatial_Baseline_2016_2026_FINAL\JB_Flood_Spatial_Baseline_2016_2026_FINAL\08_Source_Archive\Original_2016_2026_Package\2023\R018_JB_Flood_Spatial_Baseline_2023_Polygon_Closure.xlsx,R018_JB_Flood_Spatial_Baseline_2023_Polygon_Closure.xlsx,.xlsx,73670,2026-10-06T20:04:56,34801b76e8dd9f6998000e9a2d19e1980c5c6718f3b3e74ab8f5c86f6f1f7ef0,3,False,False,
original,01_Historical_Flood_2016_2026,D:\OneDrive\桌面\论文\2027年投稿期刊\论文项目\07_JB医疗可达性_洪水扰动下交通-网络韧性与公平性_SCS_Natural_Hazards\GPT数据\2016_2026年洪涝数据\基准数据\JB_Flood_Spatial_Baseline_2016_2026_FINAL\JB_Flood_Spatial_Baseline_2016_2026_FINAL\08_Source_Archive\Original_2016_2026_Package\2024\R019_JB_Flood_Spatial_Baseline_2024_Event_Spatial_Audit.xlsx,D:\OneDrive\桌面\论文\2027年投稿期刊\论文项目\07_JB医疗可达性_洪水扰动下交通-网络韧性与公平性_SCS_Natural_Hazards\GPT数据\2016_2026年洪涝数据\基准数据\JB_Flood_Spatial_Baseline_2016_2026_FINAL\JB_Flood_Spatial_Baseline_2016_2026_FINAL\08_Source_Archive\Original_2016_2026_Package\2024\R019_JB_Flood_Spatial_Baseline_2024_Event_Spatial_Audit.xlsx,2016_2026年洪涝数据\基准数据\JB_Flood_Spatial_Baseline_2016_2026_FINAL\JB_Flood_Spatial_Baseline_2016_2026_FINAL\08_Source_Archive\Original_2016_2026_Package\2024\R019_JB_Flood_Spatial_Baseline_2024_Event_Spatial_Audit.xlsx,R019_JB_Flood_Spatial_Baseline_2024_Event_Spatial_Audit.xlsx,.xlsx,88474,2026-10-06T20:15:22,ad3b4f353a77fb3db5b1a9a959f150f59a3b77e0ca18672e1bb5b1a136893c87,3,False,False,
original,01_Historical_Flood_2016_2026,D:\OneDrive\桌面\论文\2027年投稿期刊\论文项目\07_JB医疗可达性_洪水扰动下交通-网络韧性与公平性_SCS_Natural_Hazards\GPT数据\2016_2026年洪涝数据\基准数据\JB_Flood_Spatial_Baseline_2016_2026_FINAL\JB_Flood_Spatial_Baseline_2016_2026_FINAL\08_Source_Archive\Original_2016_2026_Package\2024\R020_JB_Flood_Spatial_Baseline_2024_Polygon_Closure.xlsx,D:\OneDrive\桌面\论文\2027年投稿期刊\论文项目\07_JB医疗可达性_洪水扰动下交通-网络韧性与公平性_SCS_Natural_Hazards\GPT数据\2016_2026年洪涝数据\基准数据\JB_Flood_Spatial_Baseline_2016_2026_FINAL\JB_Flood_Spatial_Baseline_2016_2026_FINAL\08_Source_Archive\Original_2016_2026_Package\2024\R020_JB_Flood_Spatial_Baseline_2024_Polygon_Closure.xlsx,2016_2026年洪涝数据\基准数据\JB_Flood_Spatial_Baseline_2016_2026_FINAL\JB_Flood_Spatial_Baseline_2016_2026_FINAL\08_Source_Archive\Original_2016_2026_Package\2024\R020_JB_Flood_Spatial_Baseline_2024_Polygon_Closure.xlsx,R020_JB_Flood_Spatial_Baseline_2024_Polygon_Closure.xlsx,.xlsx,90508,2026-10-06T20:15:22,12e7479ff487252fd64acd4b8ab0367ac4fb45d0be10055c30e2afe9ebda0147,3,False,False,
original,01_Historical_Flood_2016_2026,D:\OneDrive\桌面\论文\2027年投稿期刊\论文项目\07_JB医疗可达性_洪水扰动下交通-网络韧性与公平性_SCS_Natural_Hazards\GPT数据\2016_2026年洪涝数据\基准数据\JB_Flood_Spatial_Baseline_2016_2026_FINAL\JB_Flood_Spatial_Baseline_2016_2026_FINAL\08_Source_Archive\Original_2016_2026_Package\2025\R021_JB_Flood_Spatial_Baseline_2025_Event_Spatial_Audit.xlsx,D:\OneDrive\桌面\论文\2027年投稿期刊\论文项目\07_JB医疗可达性_洪水扰动下交通-网络韧性与公平性_SCS_Natural_Hazards\GPT数据\2016_2026年洪涝数据\基准数据\JB_Flood_Spatial_Baseline_2016_2026_FINAL\JB_Flood_Spatial_Baseline_2016_2026_FINAL\08_Source_Archive\Original_2016_2026_Package\2025\R021_JB_Flood_Spatial_Baseline_2025_Event_Spatial_Audit.xlsx,2016_2026年洪涝数据\基准数据\JB_Flood_Spatial_Baseline_2016_2026_FINAL\JB_Flood_Spatial_Baseline_2016_2026_FINAL\08_Source_Archive\Original_2016_2026_Package\2025\R021_JB_Flood_Spatial_Baseline_2025_Event_Spatial_Audit.xlsx,R021_JB_Flood_Spatial_Baseline_2025_Event_Spatial_Audit.xlsx,.xlsx,113460,2026-10-06T20:27:34,9aaf32cb9e5a4be4113768916f2357628294dafb75c588189e27761acaf46f45,3,False,False,
original,01_Historical_Flood_2016_2026,D:\OneDrive\桌面\论文\2027年投稿期刊\论文项目\07_JB医疗可达性_洪水扰动下交通-网络韧性与公平性_SCS_Natural_Hazards\GPT数据\2016_2026年洪涝数据\基准数据\JB_Flood_Spatial_Baseline_2016_2026_FINAL\JB_Flood_Spatial_Baseline_2016_2026_FINAL\08_Source_Archive\Original_2016_2026_Package\2025\R022_JB_Flood_Spatial_Baseline_2025_Polygon_Closure.xlsx,D:\OneDrive\桌面\论文\2027年投稿期刊\论文项目\07_JB医疗可达性_洪水扰动下交通-网络韧性与公平性_SCS_Natural_Hazards\GPT数据\2016_2026年洪涝数据\基准数据\JB_Flood_Spatial_Baseline_2016_2026_FINAL\JB_Flood_Spatial_Baseline_2016_2026_FINAL\08_Source_Archive\Original_2016_2026_Package\2025\R022_JB_Flood_Spatial_Baseline_2025_Polygon_Closure.xlsx,2016_2026年洪涝数据\基准数据\JB_Flood_Spatial_Baseline_2016_2026_FINAL\JB_Flood_Spatial_Baseline_2016_2026_FINAL\08_Source_Archive\Original_2016_2026_Package\2025\R022_JB_Flood_Spatial_Baseline_2025_Polygon_Closure.xlsx,R022_JB_Flood_Spatial_Baseline_2025_Polygon_Closure.xlsx,.xlsx,115722,2026-10-06T20:27:34,8226c9b4eba951d252b01d24ba26c9563b0a15321299ce60e9b361c1a0c601ea,3,False,False,
original,01_Historical_Flood_2016_2026,D:\OneDrive\桌面\论文\2027年投稿期刊\论文项目\07_JB医疗可达性_洪水扰动下交通-网络韧性与公平性_SCS_Natural_Hazards\GPT数据\2016_2026年洪涝数据\基准数据\JB_Flood_Spatial_Baseline_2016_2026_FINAL\JB_Flood_Spatial_Baseline_2016_2026_FINAL\08_Source_Archive\Original_2016_2026_Package\2026\R023_JB_Flood_Spatial_Baseline_2026_Partial_Event_Spatial_Audit_20261006.xlsx,D:\OneDrive\桌面\论文\2027年投稿期刊\论文项目\07_JB医疗可达性_洪水扰动下交通-网络韧性与公平性_SCS_Natural_Hazards\GPT数据\2016_2026年洪涝数据\基准数据\JB_Flood_Spatial_Baseline_2016_2026_FINAL\JB_Flood_Spatial_Baseline_2016_2026_FINAL\08_Source_Archive\Original_2016_2026_Package\2026\R023_JB_Flood_Spatial_Baseline_2026_Partial_Event_Spatial_Audit_20261006.xlsx,2016_2026年洪涝数据\基准数据\JB_Flood_Spatial_Baseline_2016_2026_FINAL\JB_Flood_Spatial_Baseline_2016_2026_FINAL\08_Source_Archive\Original_2016_2026_Package\2026\R023_JB_Flood_Spatial_Baseline_2026_Partial_Event_Spatial_Audit_20261006.xlsx,R023_JB_Flood_Spatial_Baseline_2026_Partial_Event_Spatial_Audit_20261006.xlsx,.xlsx,132684,2026-10-06T20:42:58,cb47fdede9ab7cd9d80315746031a04db47020e0ae647632a2e78451c7e3cbd2,3,False,False,
original,01_Historical_Flood_2016_2026,D:\OneDrive\桌面\论文\2027年投稿期刊\论文项目\07_JB医疗可达性_洪水扰动下交通-网络韧性与公平性_SCS_Natural_Hazards\GPT数据\2016_2026年洪涝数据\基准数据\JB_Flood_Spatial_Baseline_2016_2026_FINAL\JB_Flood_Spatial_Baseline_2016_2026_FINAL\08_Source_Archive\Original_2016_2026_Package\2026\R024_JB_Flood_Spatial_Baseline_2026_Partial_Polygon_Closure_20261006.xlsx,D:\OneDrive\桌面\论文\2027年投稿期刊\论文项目\07_JB医疗可达性_洪水扰动下交通-网络韧性与公平性_SCS_Natural_Hazards\GPT数据\2016_2026年洪涝数据\基准数据\JB_Flood_Spatial_Baseline_2016_2026_FINAL\JB_Flood_Spatial_Baseline_2016_2026_FINAL\08_Source_Archive\Original_2016_2026_Package\2026\R024_JB_Flood_Spatial_Baseline_2026_Partial_Polygon_Closure_20261006.xlsx,2016_2026年洪涝数据\基准数据\JB_Flood_Spatial_Baseline_2016_2026_FINAL\JB_Flood_Spatial_Baseline_2016_2026_FINAL\08_Source_Archive\Original_2016_2026_Package\2026\R024_JB_Flood_Spatial_Baseline_2026_Partial_Polygon_Closure_20261006.xlsx,R024_JB_Flood_Spatial_Baseline_2026_Partial_Polygon_Closure_20261006.xlsx,.xlsx,135012,2026-10-06T20:43:00,2ec7b22f628f13794f0a5c8241ec7aee7c1bb076cafdd70e97ca7e8ab0e664ee,3,False,False,
original,02_GIS_Baseline_Data,D:\OneDrive\桌面\论文\2027年投稿期刊\论文项目\07_JB医疗可达性_洪水扰动下交通-网络韧性与公平性_SCS_Natural_Hazards\GPT数据\GIS 数据驱动的总图基线_数据资料\JB_Flood_Evidence_Support_Zones_2016_2026.geojson,D:\OneDrive\桌面\论文\2027年投稿期刊\论文项目\07_JB医疗可达性_洪水扰动下交通-网络韧性与公平性_SCS_Natural_Hazards\GPT数据\GIS 数据驱动的总图基线_数据资料\JB_Flood_Evidence_Support_Zones_2016_2026.geojson,GIS 数据驱动的总图基线_数据资料\JB_Flood_Evidence_Support_Zones_2016_2026.geojson,JB_Flood_Evidence_Support_Zones_2016_2026.geojson,.geojson,408196,2026-10-07T00:25:28,4b931bcf2bcd1955cd20d85e59da32084ca39a2d9ca6b284c5a0f82e1c3d2651,1,False,False,
original,02_GIS_Baseline_Data,D:\OneDrive\桌面\论文\2027年投稿期刊\论文项目\07_JB医疗可达性_洪水扰动下交通-网络韧性与公平性_SCS_Natural_Hazards\GPT数据\GIS 数据驱动的总图基线_数据资料\JB_Flood_Formal_GIS_Overview_2016_2026.zip,D:\OneDrive\桌面\论文\2027年投稿期刊\论文项目\07_JB医疗可达性_洪水扰动下交通-网络韧性与公平性_SCS_Natural_Hazards\GPT数据\GIS 数据驱动的总图基线_数据资料\JB_Flood_Formal_GIS_Overview_2016_2026.zip,GIS 数据驱动的总图基线_数据资料\JB_Flood_Formal_GIS_Overview_2016_2026.zip,JB_Flood_Formal_GIS_Overview_2016_2026.zip,.zip,12119590,2026-10-07T00:25:42,3cddcd377263154aa4bf73b9e6122eb046b7f8802cf1a9893bd26283c5a655d1,1,True,False,
original,02_GIS_Baseline_Data,D:\OneDrive\桌面\论文\2027年投稿期刊\论文项目\07_JB医疗可达性_洪水扰动下交通-网络韧性与公平性_SCS_Natural_Hazards\GPT数据\GIS 数据驱动的总图基线_数据资料\JB_Flood_Road_Hospital_Overview_2016_2026.pdf,D:\OneDrive\桌面\论文\2027年投稿期刊\论文项目\07_JB医疗可达性_洪水扰动下交通-网络韧性与公平性_SCS_Natural_Hazards\GPT数据\GIS 数据驱动的总图基线_数据资料\JB_Flood_Road_Hospital_Overview_2016_2026.pdf,GIS 数据驱动的总图基线_数据资料\JB_Flood_Road_Hospital_Overview_2016_2026.pdf,JB_Flood_Road_Hospital_Overview_2016_2026.pdf,.pdf,2517583,2026-10-07T00:25:25,5fd879b69ab42755431f26b113a4fa989ceedcfe5519229e5cd135c7ea4578ab,1,False,False,
original,02_GIS_Baseline_Data,D:\OneDrive\桌面\论文\2027年投稿期刊\论文项目\07_JB医疗可达性_洪水扰动下交通-网络韧性与公平性_SCS_Natural_Hazards\GPT数据\GIS 数据驱动的总图基线_数据资料\JB_Flood_Road_Hospital_Overview_2016_2026_300dpi.png,D:\OneDrive\桌面\论文\2027年投稿期刊\论文项目\07_JB医疗可达性_洪水扰动下交通-网络韧性与公平性_SCS_Natural_Hazards\GPT数据\GIS 数据驱动的总图基线_数据资料\JB_Flood_Road_Hospital_Overview_2016_2026_300dpi.png,GIS 数据驱动的总图基线_数据资料\JB_Flood_Road_Hospital_Overview_2016_2026_300dpi.png,JB_Flood_Road_Hospital_Overview_2016_2026_300dpi.png,.png,2507620,2026-10-07T00:25:32,0774f93169157c363d61c6f997d572ffb214039e0fc7dd14eea0c24c2a176a2c,1,False,False,
original,02_GIS_Baseline_Data,D:\OneDrive\桌面\论文\2027年投稿期刊\论文项目\07_JB医疗可达性_洪水扰动下交通-网络韧性与公平性_SCS_Natural_Hazards\GPT数据\GIS 数据驱动的总图基线_数据资料\JB_Flood_Road_Hospital_Overview_2016_2026_600dpi.png,D:\OneDrive\桌面\论文\2027年投稿期刊\论文项目\07_JB医疗可达性_洪水扰动下交通-网络韧性与公平性_SCS_Natural_Hazards\GPT数据\GIS 数据驱动的总图基线_数据资料\JB_Flood_Road_Hospital_Overview_2016_2026_600dpi.png,GIS 数据驱动的总图基线_数据资料\JB_Flood_Road_Hospital_Overview_2016_2026_600dpi.png,JB_Flood_Road_Hospital_Overview_2016_2026_600dpi.png,.png,6621568,2026-10-07T00:25:34,f1d05b5daa47b007e3b94612874cae91685afb73d18f23791a25d390a17d851d,1,False,False,
original,02_GIS_Baseline_Data,D:\OneDrive\桌面\论文\2027年投稿期刊\论文项目\07_JB医疗可达性_洪水扰动下交通-网络韧性与公平性_SCS_Natural_Hazards\GPT数据\GIS 数据驱动的总图基线_数据资料\JB_Major_Roads_Blue.geojson,D:\OneDrive\桌面\论文\2027年投稿期刊\论文项目\07_JB医疗可达性_洪水扰动下交通-网络韧性与公平性_SCS_Natural_Hazards\GPT数据\GIS 数据驱动的总图基线_数据资料\JB_Major_Roads_Blue.geojson,GIS 数据驱动的总图基线_数据资料\JB_Major_Roads_Blue.geojson,JB_Major_Roads_Blue.geojson,.geojson,10498514,2026-10-07T00:25:31,6bafc53ec52c443c373799a3ea75732375e3b142c0adcab1c96d5451f47e68a3,1,False,False,
original,03_Nature_Portfolio_Project,D:\OneDrive\桌面\论文\2027年投稿期刊\论文项目\07_JB医疗可达性_洪水扰动下交通-网络韧性与公平性_SCS_Natural_Hazards\GPT数据\Nature Portfolio_Project\01_前期数据支撑\00_ORGANIZATION_LOG.csv,D:\OneDrive\桌面\论文\2027年投稿期刊\论文项目\07_JB医疗可达性_洪水扰动下交通-网络韧性与公平性_SCS_Natural_Hazards\GPT数据\Nature Portfolio_Project\01_前期数据支撑\00_ORGANIZATION_LOG.csv,Nature Portfolio_Project\01_前期数据支撑\00_ORGANIZATION_LOG.csv,00_ORGANIZATION_LOG.csv,.csv,46230,2026-10-05T15:27:50,0c2e89ce59711666aa9a3d92607fd3518a8ce3a3d61cf8d47c428dc0707186cc,1,False,False,
original,03_Nature_Portfolio_Project,D:\OneDrive\桌面\论文\2027年投稿期刊\论文项目\07_JB医疗可达性_洪水扰动下交通-网络韧性与公平性_SCS_Natural_Hazards\GPT数据\Nature Portfolio_Project\01_前期数据支撑\00_README_ORGANIZATION.txt,D:\OneDrive\桌面\论文\2027年投稿期刊\论文项目\07_JB医疗可达性_洪水扰动下交通-网络韧性与公平性_SCS_Natural_Hazards\GPT数据\Nature Portfolio_Project\01_前期数据支撑\00_README_ORGANIZATION.txt,Nature Portfolio_Project\01_前期数据支撑\00_README_ORGANIZATION.txt,00_README_ORGANIZATION.txt,.txt,399,2026-10-05T15:26:54,c411537549c963eb48fbf4c6fa142bfe09f7438456804634cd92d24c098dcb5c,1,False,False,
original,03_Nature_Portfolio_Project,D:\OneDrive\桌面\论文\2027年投稿期刊\论文项目\07_JB医疗可达性_洪水扰动下交通-网络韧性与公平性_SCS_Natural_Hazards\GPT数据\Nature Portfolio_Project\01_前期数据支撑\02_D02_ROAD_NETWORK.zip,D:\OneDrive\桌面\论文\2027年投稿期刊\论文项目\07_JB医疗可达性_洪水扰动下交通-网络韧性与公平性_SCS_Natural_Hazards\GPT数据\Nature Portfolio_Project\01_前期数据支撑\02_D02_ROAD_NETWORK.zip,Nature Portfolio_Project\01_前期数据支撑\02_D02_ROAD_NETWORK.zip,02_D02_ROAD_NETWORK.zip,.zip,344083818,2026-10-06T13:15:21,f0ce33fa482483f96545dcf9382d9a35ca4c1c4a2a8e76900796868ec8473593,1,True,False,
original,03_Nature_Portfolio_Project,D:\OneDrive\桌面\论文\2027年投稿期刊\论文项目\07_JB医疗可达性_洪水扰动下交通-网络韧性与公平性_SCS_Natural_Hazards\GPT数据\Nature Portfolio_Project\01_前期数据支撑\04_D04_HEALTHCARE.zip,D:\OneDrive\桌面\论文\2027年投稿期刊\论文项目\07_JB医疗可达性_洪水扰动下交通-网络韧性与公平性_SCS_Natural_Hazards\GPT数据\Nature Portfolio_Project\01_前期数据支撑\04_D04_HEALTHCARE.zip,Nature Portfolio_Project\01_前期数据支撑\04_D04_HEALTHCARE.zip,04_D04_HEALTHCARE.zip,.zip,2451227,2026-10-07T00:15:54,26ead2f8843a1191ee648f9c436aa8e339cc4e2f18028d915b7af98ed53c140b,1,True,False,
original,03_Nature_Portfolio_Project,D:\OneDrive\桌面\论文\2027年投稿期刊\论文项目\07_JB医疗可达性_洪水扰动下交通-网络韧性与公平性_SCS_Natural_Hazards\GPT数据\Nature Portfolio_Project\01_前期数据支撑\README.md,D:\OneDrive\桌面\论文\2027年投稿期刊\论文项目\07_JB医疗可达性_洪水扰动下交通-网络韧性与公平性_SCS_Natural_Hazards\GPT数据\Nature Portfolio_Project\01_前期数据支撑\README.md,Nature Portfolio_Project\01_前期数据支撑\README.md,README.md,.md,780,2026-10-03T23:24:03,47ad95e777b4c9cfdfef84fa5e728d861f857942cb725018ec48b4bce5f3aaad,4,False,False,
original,03_Nature_Portfolio_Project,D:\OneDrive\桌面\论文\2027年投稿期刊\论文项目\07_JB医疗可达性_洪水扰动下交通-网络韧性与公平性_SCS_Natural_Hazards\GPT数据\Nature Portfolio_Project\01_前期数据支撑\数据支撑下载.xlsx,D:\OneDrive\桌面\论文\2027年投稿期刊\论文项目\07_JB医疗可达性_洪水扰动下交通-网络韧性与公平性_SCS_Natural_Hazards\GPT数据\Nature Portfolio_Project\01_前期数据支撑\数据支撑下载.xlsx,Nature Portfolio_Project\01_前期数据支撑\数据支撑下载.xlsx,数据支撑下载.xlsx,.xlsx,13308,2026-10-03T23:40:54,fad8b1ec9d54c1dbe0856f6a5cf93713d0644a8d855b0f3f370af4b14f858a92,1,False,False,
original,03_Nature_Portfolio_Project,D:\OneDrive\桌面\论文\2027年投稿期刊\论文项目\07_JB医疗可达性_洪水扰动下交通-网络韧性与公平性_SCS_Natural_Hazards\GPT数据\Nature Portfolio_Project\01_前期数据支撑\01_D01_STUDY_AREA\GIS\JB_Study_Area_Final.gpkg,D:\OneDrive\桌面\论文\2027年投稿期刊\论文项目\07_JB医疗可达性_洪水扰动下交通-网络韧性与公平性_SCS_Natural_Hazards\GPT数据\Nature Portfolio_Project\01_前期数据支撑\01_D01_STUDY_AREA\GIS\JB_Study_Area_Final.gpkg,Nature Portfolio_Project\01_前期数据支撑\01_D01_STUDY_AREA\GIS\JB_Study_Area_Final.gpkg,JB_Study_Area_Final.gpkg,.gpkg,180224,2026-10-04T10:32:24,05e601b6737b80b73ffb9d4561189265cedd8be08aa066c92b7303fa2da1dd61,2,False,False,
original,03_Nature_Portfolio_Project,D:\OneDrive\桌面\论文\2027年投稿期刊\论文项目\07_JB医疗可达性_洪水扰动下交通-网络韧性与公平性_SCS_Natural_Hazards\GPT数据\Nature Portfolio_Project\01_前期数据支撑\01_D01_STUDY_AREA\GIS\JB_Study_Area_Final_RSO.gpkg,D:\OneDrive\桌面\论文\2027年投稿期刊\论文项目\07_JB医疗可达性_洪水扰动下交通-网络韧性与公平性_SCS_Natural_Hazards\GPT数据\Nature Portfolio_Project\01_前期数据支撑\01_D01_STUDY_AREA\GIS\JB_Study_Area_Final_RSO.gpkg,Nature Portfolio_Project\01_前期数据支撑\01_D01_STUDY_AREA\GIS\JB_Study_Area_Final_RSO.gpkg,JB_Study_Area_Final_RSO.gpkg,.gpkg,180224,2026-10-04T10:32:24,bf4ade845bcd3c2b0d5cab83e4b2f7b03245b859d61a2c3de8c235c62247b75d,2,False,False,
original,03_Nature_Portfolio_Project,D:\OneDrive\桌面\论文\2027年投稿期刊\论文项目\07_JB医疗可达性_洪水扰动下交通-网络韧性与公平性_SCS_Natural_Hazards\GPT数据\Nature Portfolio_Project\01_前期数据支撑\01_D01_STUDY_AREA\QC\D01_Final_Spatial_Consistency_QC.txt,D:\OneDrive\桌面\论文\2027年投稿期刊\论文项目\07_JB医疗可达性_洪水扰动下交通-网络韧性与公平性_SCS_Natural_Hazards\GPT数据\Nature Portfolio_Project\01_前期数据支撑\01_D01_STUDY_AREA\QC\D01_Final_Spatial_Consistency_QC.txt,Nature Portfolio_Project\01_前期数据支撑\01_D01_STUDY_AREA\QC\D01_Final_Spatial_Consistency_QC.txt,D01_Final_Spatial_Consistency_QC.txt,.txt,944,2026-10-04T10:32:24,12a2fd976e019c236d11fd94594a234fe0f49761bd7048937ae88ac239e2c94e,2,False,False,
original,03_Nature_Portfolio_Project,D:\OneDrive\桌面\论文\2027年投稿期刊\论文项目\07_JB医疗可达性_洪水扰动下交通-网络韧性与公平性_SCS_Natural_Hazards\GPT数据\Nature Portfolio_Project\01_前期数据支撑\02_D02_ROAD_NETWORK\CORE\D02B_process_osm.py,D:\OneDrive\桌面\论文\2027年投稿期刊\论文项目\07_JB医疗可达性_洪水扰动下交通-网络韧性与公平性_SCS_Natural_Hazards\GPT数据\Nature Portfolio_Project\01_前期数据支撑\02_D02_ROAD_NETWORK\CORE\D02B_process_osm.py,Nature Portfolio_Project\01_前期数据支撑\02_D02_ROAD_NETWORK\CORE\D02B_process_osm.py,D02B_process_osm.py,.py,31355,2026-10-04T18:51:54,9cc8958ab0ee21a24f1cd2950541da9a6a0f45c6f9e5ec728ef928fc1a848e58,2,False,False,
original,03_Nature_Portfolio_Project,D:\OneDrive\桌面\论文\2027年投稿期刊\论文项目\07_JB医疗可达性_洪水扰动下交通-网络韧性与公平性_SCS_Natural_Hazards\GPT数据\Nature Portfolio_Project\01_前期数据支撑\02_D02_ROAD_NETWORK\CORE\D02_OSM_Download_Log.txt,D:\OneDrive\桌面\论文\2027年投稿期刊\论文项目\07_JB医疗可达性_洪水扰动下交通-网络韧性与公平性_SCS_Natural_Hazards\GPT数据\Nature Portfolio_Project\01_前期数据支撑\02_D02_ROAD_NETWORK\CORE\D02_OSM_Download_Log.txt,Nature Portfolio_Project\01_前期数据支撑\02_D02_ROAD_NETWORK\CORE\D02_OSM_Download_Log.txt,D02_OSM_Download_Log.txt,.txt,394,2026-10-04T18:59:27,9ac91184924fd8f7a8d9660b44f484af49d38d137769c4af2230d0313fdcb0c7,2,False,False,
original,03_Nature_Portfolio_Project,D:\OneDrive\桌面\论文\2027年投稿期刊\论文项目\07_JB医疗可达性_洪水扰动下交通-网络韧性与公平性_SCS_Natural_Hazards\GPT数据\Nature Portfolio_Project\01_前期数据支撑\02_D02_ROAD_NETWORK\CORE\D02_OSM_Metadata.json,D:\OneDrive\桌面\论文\2027年投稿期刊\论文项目\07_JB医疗可达性_洪水扰动下交通-网络韧性与公平性_SCS_Natural_Hazards\GPT数据\Nature Portfolio_Project\01_前期数据支撑\02_D02_ROAD_NETWORK\CORE\D02_OSM_Metadata.json,Nature Portfolio_Project\01_前期数据支撑\02_D02_ROAD_NETWORK\CORE\D02_OSM_Metadata.json,D02_OSM_Metadata.json,.json,3176,2026-10-04T18:59:27,1178531cf0ff4d974f3bd4d15b7e5f98d617dc4ddf7f765ddb320c01a756bcd2,2,False,False,
original,03_Nature_Portfolio_Project,D:\OneDrive\桌面\论文\2027年投稿期刊\论文项目\07_JB医疗可达性_洪水扰动下交通-网络韧性与公平性_SCS_Natural_Hazards\GPT数据\Nature Portfolio_Project\01_前期数据支撑\02_D02_ROAD_NETWORK\CORE\D02_OSM_Processing_Log.txt,D:\OneDrive\桌面\论文\2027年投稿期刊\论文项目\07_JB医疗可达性_洪水扰动下交通-网络韧性与公平性_SCS_Natural_Hazards\GPT数据\Nature Portfolio_Project\01_前期数据支撑\02_D02_ROAD_NETWORK\CORE\D02_OSM_Processing_Log.txt,Nature Portfolio_Project\01_前期数据支撑\02_D02_ROAD_NETWORK\CORE\D02_OSM_Processing_Log.txt,D02_OSM_Processing_Log.txt,.txt,1734,2026-10-04T18:59:27,838b197d0b2f59e2eb786faf9d666bf1f78ab24549e06be9b6a38f6f4d03f3a7,2,False,False,
original,03_Nature_Portfolio_Project,D:\OneDrive\桌面\论文\2027年投稿期刊\论文项目\07_JB医疗可达性_洪水扰动下交通-网络韧性与公平性_SCS_Natural_Hazards\GPT数据\Nature Portfolio_Project\01_前期数据支撑\02_D02_ROAD_NETWORK\CORE\D02_Road_Data_Dictionary.csv,D:\OneDrive\桌面\论文\2027年投稿期刊\论文项目\07_JB医疗可达性_洪水扰动下交通-网络韧性与公平性_SCS_Natural_Hazards\GPT数据\Nature Portfolio_Project\01_前期数据支撑\02_D02_ROAD_NETWORK\CORE\D02_Road_Data_Dictionary.csv,Nature Portfolio_Project\01_前期数据支撑\02_D02_ROAD_NETWORK\CORE\D02_Road_Data_Dictionary.csv,D02_Road_Data_Dictionary.csv,.csv,4140,2026-10-04T18:59:27,70f6b866f5103223ce777d3c2d0f86db9cf803abc066ef28ef2c27513d7cc67e,2,False,False,
original,03_Nature_Portfolio_Project,D:\OneDrive\桌面\论文\2027年投稿期刊\论文项目\07_JB医疗可达性_洪水扰动下交通-网络韧性与公平性_SCS_Natural_Hazards\GPT数据\Nature Portfolio_Project\01_前期数据支撑\02_D02_ROAD_NETWORK\CORE\JB_OSM_RoadNetwork_Core_RSO.gpkg,D:\OneDrive\桌面\论文\2027年投稿期刊\论文项目\07_JB医疗可达性_洪水扰动下交通-网络韧性与公平性_SCS_Natural_Hazards\GPT数据\Nature Portfolio_Project\01_前期数据支撑\02_D02_ROAD_NETWORK\CORE\JB_OSM_RoadNetwork_Core_RSO.gpkg,Nature Portfolio_Project\01_前期数据支撑\02_D02_ROAD_NETWORK\CORE\JB_OSM_RoadNetwork_Core_RSO.gpkg,JB_OSM_RoadNetwork_Core_RSO.gpkg,.gpkg,31891456,2026-10-04T18:58:38,79bc05452d5943fedfba3675309a39e4edfe68a4559c99341add14121e61e81d,2,False,False,
original,03_Nature_Portfolio_Project,D:\OneDrive\桌面\论文\2027年投稿期刊\论文项目\07_JB医疗可达性_洪水扰动下交通-网络韧性与公平性_SCS_Natural_Hazards\GPT数据\Nature Portfolio_Project\01_前期数据支撑\02_D02_ROAD_NETWORK\CORE\JB_OSM_RoadNetwork_Core_WGS84.gpkg,D:\OneDrive\桌面\论文\2027年投稿期刊\论文项目\07_JB医疗可达性_洪水扰动下交通-网络韧性与公平性_SCS_Natural_Hazards\GPT数据\Nature Portfolio_Project\01_前期数据支撑\02_D02_ROAD_NETWORK\CORE\JB_OSM_RoadNetwork_Core_WGS84.gpkg,Nature Portfolio_Project\01_前期数据支撑\02_D02_ROAD_NETWORK\CORE\JB_OSM_RoadNetwork_Core_WGS84.gpkg,JB_OSM_RoadNetwork_Core_WGS84.gpkg,.gpkg,31956992,2026-10-04T18:58:36,582aa61c60412876e2a10590d1df5e0c38a2afb3c2a031107de7bfb68b2c2125,2,False,False,
original,03_Nature_Portfolio_Project,D:\OneDrive\桌面\论文\2027年投稿期刊\论文项目\07_JB医疗可达性_洪水扰动下交通-网络韧性与公平性_SCS_Natural_Hazards\GPT数据\Nature Portfolio_Project\01_前期数据支撑\02_D02_ROAD_NETWORK\QC\D02_OSM_Core_RoadNetwork_QC.png,D:\OneDrive\桌面\论文\2027年投稿期刊\论文项目\07_JB医疗可达性_洪水扰动下交通-网络韧性与公平性_SCS_Natural_Hazards\GPT数据\Nature Portfolio_Project\01_前期数据支撑\02_D02_ROAD_NETWORK\QC\D02_OSM_Core_RoadNetwork_QC.png,Nature Portfolio_Project\01_前期数据支撑\02_D02_ROAD_NETWORK\QC\D02_OSM_Core_RoadNetwork_QC.png,D02_OSM_Core_RoadNetwork_QC.png,.png,720363,2026-10-04T18:58:48,a26f74b6b1cd115ba5fa185716b9ffc1830172b2f2c46ac7a1bfe7020957e9e1,2,False,False,
original,03_Nature_Portfolio_Project,D:\OneDrive\桌面\论文\2027年投稿期刊\论文项目\07_JB医疗可达性_洪水扰动下交通-网络韧性与公平性_SCS_Natural_Hazards\GPT数据\Nature Portfolio_Project\01_前期数据支撑\02_D02_ROAD_NETWORK\QC\D02_OSM_RoadNetwork_QC_Report.txt,D:\OneDrive\桌面\论文\2027年投稿期刊\论文项目\07_JB医疗可达性_洪水扰动下交通-网络韧性与公平性_SCS_Natural_Hazards\GPT数据\Nature Portfolio_Project\01_前期数据支撑\02_D02_ROAD_NETWORK\QC\D02_OSM_RoadNetwork_QC_Report.txt,Nature Portfolio_Project\01_前期数据支撑\02_D02_ROAD_NETWORK\QC\D02_OSM_RoadNetwork_QC_Report.txt,D02_OSM_RoadNetwork_QC_Report.txt,.txt,3446,2026-10-04T18:59:27,b398dec350de5c795e2c5395dbe603c8a0d6a2c16e5d51104d32c07a0ccf2873,2,False,False,
original,03_Nature_Portfolio_Project,D:\OneDrive\桌面\论文\2027年投稿期刊\论文项目\07_JB医疗可达性_洪水扰动下交通-网络韧性与公平性_SCS_Natural_Hazards\GPT数据\Nature Portfolio_Project\01_前期数据支撑\02_D02_ROAD_NETWORK\QC\D02_OSM_RoutingBuffer_QC.png,D:\OneDrive\桌面\论文\2027年投稿期刊\论文项目\07_JB医疗可达性_洪水扰动下交通-网络韧性与公平性_SCS_Natural_Hazards\GPT数据\Nature Portfolio_Project\01_前期数据支撑\02_D02_ROAD_NETWORK\QC\D02_OSM_RoutingBuffer_QC.png,Nature Portfolio_Project\01_前期数据支撑\02_D02_ROAD_NETWORK\QC\D02_OSM_RoutingBuffer_QC.png,D02_OSM_RoutingBuffer_QC.png,.png,901864,2026-10-04T18:58:54,1374d5b9733c1c641a5b56c5eb8802a38ce600801019c9868575b30e22625b62,2,False,False,
original,03_Nature_Portfolio_Project,D:\OneDrive\桌面\论文\2027年投稿期刊\论文项目\07_JB医疗可达性_洪水扰动下交通-网络韧性与公平性_SCS_Natural_Hazards\GPT数据\Nature Portfolio_Project\01_前期数据支撑\02_D02_ROAD_NETWORK\RAW\JB_OSM_Core_20261003.osm.pbf,D:\OneDrive\桌面\论文\2027年投稿期刊\论文项目\07_JB医疗可达性_洪水扰动下交通-网络韧性与公平性_SCS_Natural_Hazards\GPT数据\Nature Portfolio_Project\01_前期数据支撑\02_D02_ROAD_NETWORK\RAW\JB_OSM_Core_20261003.osm.pbf,Nature Portfolio_Project\01_前期数据支撑\02_D02_ROAD_NETWORK\RAW\JB_OSM_Core_20261003.osm.pbf,JB_OSM_Core_20261003.osm.pbf,.pbf,4569214,2026-10-04T18:56:50,c13a18a9bc63da706777577a5d7b608d3f0a1cb12f6e6bfd83c3307b1c6f6b51,1,False,False,
original,03_Nature_Portfolio_Project,D:\OneDrive\桌面\论文\2027年投稿期刊\论文项目\07_JB医疗可达性_洪水扰动下交通-网络韧性与公平性_SCS_Natural_Hazards\GPT数据\Nature Portfolio_Project\01_前期数据支撑\02_D02_ROAD_NETWORK\RAW\JB_OSM_RoutingBuffer10km_20261003.osm.pbf,D:\OneDrive\桌面\论文\2027年投稿期刊\论文项目\07_JB医疗可达性_洪水扰动下交通-网络韧性与公平性_SCS_Natural_Hazards\GPT数据\Nature Portfolio_Project\01_前期数据支撑\02_D02_ROAD_NETWORK\RAW\JB_OSM_RoutingBuffer10km_20261003.osm.pbf,Nature Portfolio_Project\01_前期数据支撑\02_D02_ROAD_NETWORK\RAW\JB_OSM_RoutingBuffer10km_20261003.osm.pbf,JB_OSM_RoutingBuffer10km_20261003.osm.pbf,.pbf,14046366,2026-10-04T18:58:35,97573c6b664141f4a99fb08759d3682344acbed70c8dfb426b662b2ac0d83467,1,False,False,
original,03_Nature_Portfolio_Project,D:\OneDrive\桌面\论文\2027年投稿期刊\论文项目\07_JB医疗可达性_洪水扰动下交通-网络韧性与公平性_SCS_Natural_Hazards\GPT数据\Nature Portfolio_Project\01_前期数据支撑\02_D02_ROAD_NETWORK\RAW\malaysia-singapore-brunei-261003.osm.pbf,D:\OneDrive\桌面\论文\2027年投稿期刊\论文项目\07_JB医疗可达性_洪水扰动下交通-网络韧性与公平性_SCS_Natural_Hazards\GPT数据\Nature Portfolio_Project\01_前期数据支撑\02_D02_ROAD_NETWORK\RAW\malaysia-singapore-brunei-261003.osm.pbf,Nature Portfolio_Project\01_前期数据支撑\02_D02_ROAD_NETWORK\RAW\malaysia-singapore-brunei-261003.osm.pbf,malaysia-singapore-brunei-261003.osm.pbf,.pbf,251629147,2026-10-04T18:34:51,33174694771c7bc3b34cf740497a46a371b4acd6bd1e2fdff7e9052a659039df,2,False,False,
original,03_Nature_Portfolio_Project,D:\OneDrive\桌面\论文\2027年投稿期刊\论文项目\07_JB医疗可达性_洪水扰动下交通-网络韧性与公平性_SCS_Natural_Hazards\GPT数据\Nature Portfolio_Project\01_前期数据支撑\02_D02_ROAD_NETWORK\ROUTING\JB_OSM_RoadNetwork_RoutingBuffer10km_RSO.gpkg,D:\OneDrive\桌面\论文\2027年投稿期刊\论文项目\07_JB医疗可达性_洪水扰动下交通-网络韧性与公平性_SCS_Natural_Hazards\GPT数据\Nature Portfolio_Project\01_前期数据支撑\02_D02_ROAD_NETWORK\ROUTING\JB_OSM_RoadNetwork_RoutingBuffer10km_RSO.gpkg,Nature Portfolio_Project\01_前期数据支撑\02_D02_ROAD_NETWORK\ROUTING\JB_OSM_RoadNetwork_RoutingBuffer10km_RSO.gpkg,JB_OSM_RoadNetwork_RoutingBuffer10km_RSO.gpkg,.gpkg,84766720,2026-10-04T18:58:45,71830853caa9408cd3cc7d87ae5a0df96d43308369c103e8d5aee700c6f6f183,2,False,False,
original,03_Nature_Portfolio_Project,D:\OneDrive\桌面\论文\2027年投稿期刊\论文项目\07_JB医疗可达性_洪水扰动下交通-网络韧性与公平性_SCS_Natural_Hazards\GPT数据\Nature Portfolio_Project\01_前期数据支撑\02_D02_ROAD_NETWORK\ROUTING\JB_OSM_RoadNetwork_RoutingBuffer10km_WGS84.gpkg,D:\OneDrive\桌面\论文\2027年投稿期刊\论文项目\07_JB医疗可达性_洪水扰动下交通-网络韧性与公平性_SCS_Natural_Hazards\GPT数据\Nature Portfolio_Project\01_前期数据支撑\02_D02_ROAD_NETWORK\ROUTING\JB_OSM_RoadNetwork_RoutingBuffer10km_WGS84.gpkg,Nature Portfolio_Project\01_前期数据支撑\02_D02_ROAD_NETWORK\ROUTING\JB_OSM_RoadNetwork_RoutingBuffer10km_WGS84.gpkg,JB_OSM_RoadNetwork_RoutingBuffer10km_WGS84.gpkg,.gpkg,84819968,2026-10-04T18:58:41,2b29d6e5c579d23afee4e71781036a7907a2ffcf02e8a58bab0c6534687f1add,2,False,False,
original,03_Nature_Portfolio_Project,D:\OneDrive\桌面\论文\2027年投稿期刊\论文项目\07_JB医疗可达性_洪水扰动下交通-网络韧性与公平性_SCS_Natural_Hazards\GPT数据\Nature Portfolio_Project\01_前期数据支撑\03_D03_TERRAIN\GIS\D03C2_Terrain_Coverage_Issues.csv,D:\OneDrive\桌面\论文\2027年投稿期刊\论文项目\07_JB医疗可达性_洪水扰动下交通-网络韧性与公平性_SCS_Natural_Hazards\GPT数据\Nature Portfolio_Project\01_前期数据支撑\03_D03_TERRAIN\GIS\D03C2_Terrain_Coverage_Issues.csv,Nature Portfolio_Project\01_前期数据支撑\03_D03_TERRAIN\GIS\D03C2_Terrain_Coverage_Issues.csv,D03C2_Terrain_Coverage_Issues.csv,.csv,18740,2026-10-04T19:45:02,fd3a93d70d52a0024a63cb8fe328244ce0f33ad2bde7b92a58a738e490eca238,2,False,False,
original,03_Nature_Portfolio_Project,D:\OneDrive\桌面\论文\2027年投稿期刊\论文项目\07_JB医疗可达性_洪水扰动下交通-网络韧性与公平性_SCS_Natural_Hazards\GPT数据\Nature Portfolio_Project\01_前期数据支撑\03_D03_TERRAIN\LOW_LYING\JB_Terrain_LowLyingCandidate_Strict_RSO.tif,D:\OneDrive\桌面\论文\2027年投稿期刊\论文项目\07_JB医疗可达性_洪水扰动下交通-网络韧性与公平性_SCS_Natural_Hazards\GPT数据\Nature Portfolio_Project\01_前期数据支撑\03_D03_TERRAIN\LOW_LYING\JB_Terrain_LowLyingCandidate_Strict_RSO.tif,Nature Portfolio_Project\01_前期数据支撑\03_D03_TERRAIN\LOW_LYING\JB_Terrain_LowLyingCandidate_Strict_RSO.tif,JB_Terrain_LowLyingCandidate_Strict_RSO.tif,.tif,31878,2026-10-05T12:15:01,c5be2bd8500968943c51cda65f7046b60c1b16cfed4affabc00d644bbf3a29de,2,False,False,
original,03_Nature_Portfolio_Project,D:\OneDrive\桌面\论文\2027年投稿期刊\论文项目\07_JB医疗可达性_洪水扰动下交通-网络韧性与公平性_SCS_Natural_Hazards\GPT数据\Nature Portfolio_Project\01_前期数据支撑\03_D03_TERRAIN\PACKAGES\D03C1_Terrain_Derivatives_Final.zip,D:\OneDrive\桌面\论文\2027年投稿期刊\论文项目\07_JB医疗可达性_洪水扰动下交通-网络韧性与公平性_SCS_Natural_Hazards\GPT数据\Nature Portfolio_Project\01_前期数据支撑\03_D03_TERRAIN\PACKAGES\D03C1_Terrain_Derivatives_Final.zip,Nature Portfolio_Project\01_前期数据支撑\03_D03_TERRAIN\PACKAGES\D03C1_Terrain_Derivatives_Final.zip,D03C1_Terrain_Derivatives_Final.zip,.zip,19768275,2026-10-04T19:36:11,4dbd48db7332047ebcca5eb86ca93d283bb813df90e413d54abbc7266019f676,1,True,False,
original,03_Nature_Portfolio_Project,D:\OneDrive\桌面\论文\2027年投稿期刊\论文项目\07_JB医疗可达性_洪水扰动下交通-网络韧性与公平性_SCS_Natural_Hazards\GPT数据\Nature Portfolio_Project\01_前期数据支撑\03_D03_TERRAIN\PACKAGES\D03_Copernicus_GLO30_Final.zip,D:\OneDrive\桌面\论文\2027年投稿期刊\论文项目\07_JB医疗可达性_洪水扰动下交通-网络韧性与公平性_SCS_Natural_Hazards\GPT数据\Nature Portfolio_Project\01_前期数据支撑\03_D03_TERRAIN\PACKAGES\D03_Copernicus_GLO30_Final.zip,Nature Portfolio_Project\01_前期数据支撑\03_D03_TERRAIN\PACKAGES\D03_Copernicus_GLO30_Final.zip,D03_Copernicus_GLO30_Final.zip,.zip,59854047,2026-10-04T19:24:42,bcb777c69134b6fa4c1dd66ace36dfc45c4340a94ae1f4d1c8285bd63b38e262,1,True,False,
original,03_Nature_Portfolio_Project,D:\OneDrive\桌面\论文\2027年投稿期刊\论文项目\07_JB医疗可达性_洪水扰动下交通-网络韧性与公平性_SCS_Natural_Hazards\GPT数据\Nature Portfolio_Project\01_前期数据支撑\03_D03_TERRAIN\QC\D03C1_Terrain_Derivatives_QC_Report.txt,D:\OneDrive\桌面\论文\2027年投稿期刊\论文项目\07_JB医疗可达性_洪水扰动下交通-网络韧性与公平性_SCS_Natural_Hazards\GPT数据\Nature Portfolio_Project\01_前期数据支撑\03_D03_TERRAIN\QC\D03C1_Terrain_Derivatives_QC_Report.txt,Nature Portfolio_Project\01_前期数据支撑\03_D03_TERRAIN\QC\D03C1_Terrain_Derivatives_QC_Report.txt,D03C1_Terrain_Derivatives_QC_Report.txt,.txt,1532,2026-10-04T19:36:19,98908c5019cfb03d50a6530ca4830c04df0ed5618243f1c421f2fe84d3afa087,2,False,False,
original,03_Nature_Portfolio_Project,D:\OneDrive\桌面\论文\2027年投稿期刊\论文项目\07_JB医疗可达性_洪水扰动下交通-网络韧性与公平性_SCS_Natural_Hazards\GPT数据\Nature Portfolio_Project\01_前期数据支撑\03_D03_TERRAIN\QC\D03C2_Road_Elevation_QC_Report.txt,D:\OneDrive\桌面\论文\2027年投稿期刊\论文项目\07_JB医疗可达性_洪水扰动下交通-网络韧性与公平性_SCS_Natural_Hazards\GPT数据\Nature Portfolio_Project\01_前期数据支撑\03_D03_TERRAIN\QC\D03C2_Road_Elevation_QC_Report.txt,Nature Portfolio_Project\01_前期数据支撑\03_D03_TERRAIN\QC\D03C2_Road_Elevation_QC_Report.txt,D03C2_Road_Elevation_QC_Report.txt,.txt,3324,2026-10-04T19:45:01,4dfb90fc0f10dc1d2bbc3f0ac2cc85fb4d1795e2485469a805fd941a12a9701b,2,False,False,
original,03_Nature_Portfolio_Project,D:\OneDrive\桌面\论文\2027年投稿期刊\论文项目\07_JB医疗可达性_洪水扰动下交通-网络韧性与公平性_SCS_Natural_Hazards\GPT数据\Nature Portfolio_Project\01_前期数据支撑\03_D03_TERRAIN\QC\D03_Copernicus_GLO30_QC_Report.txt,D:\OneDrive\桌面\论文\2027年投稿期刊\论文项目\07_JB医疗可达性_洪水扰动下交通-网络韧性与公平性_SCS_Natural_Hazards\GPT数据\Nature Portfolio_Project\01_前期数据支撑\03_D03_TERRAIN\QC\D03_Copernicus_GLO30_QC_Report.txt,Nature Portfolio_Project\01_前期数据支撑\03_D03_TERRAIN\QC\D03_Copernicus_GLO30_QC_Report.txt,D03_Copernicus_GLO30_QC_Report.txt,.txt,2960,2026-10-04T19:24:30,35e9e46fd5eb5bbe6da34c95e866e0d351d832b2da51948b8462529a03681134,2,False,False,
original,03_Nature_Portfolio_Project,D:\OneDrive\桌面\论文\2027年投稿期刊\论文项目\07_JB医疗可达性_洪水扰动下交通-网络韧性与公平性_SCS_Natural_Hazards\GPT数据\Nature Portfolio_Project\01_前期数据支撑\03_D03_TERRAIN\RAW_DEM\JB_Copernicus_GLO30_Core_RSO.tif,D:\OneDrive\桌面\论文\2027年投稿期刊\论文项目\07_JB医疗可达性_洪水扰动下交通-网络韧性与公平性_SCS_Natural_Hazards\GPT数据\Nature Portfolio_Project\01_前期数据支撑\03_D03_TERRAIN\RAW_DEM\JB_Copernicus_GLO30_Core_RSO.tif,Nature Portfolio_Project\01_前期数据支撑\03_D03_TERRAIN\RAW_DEM\JB_Copernicus_GLO30_Core_RSO.tif,JB_Copernicus_GLO30_Core_RSO.tif,.tif,3467055,2026-10-04T19:24:34,a1aa5e218d59eb4843bfb7e6db242bfc6ac62d4ba546ad58cfc0e87cb834395f,1,False,False,
original,03_Nature_Portfolio_Project,D:\OneDrive\桌面\论文\2027年投稿期刊\论文项目\07_JB医疗可达性_洪水扰动下交通-网络韧性与公平性_SCS_Natural_Hazards\GPT数据\Nature Portfolio_Project\01_前期数据支撑\03_D03_TERRAIN\RAW_DEM\JB_Copernicus_GLO30_Core_WGS84.tif,D:\OneDrive\桌面\论文\2027年投稿期刊\论文项目\07_JB医疗可达性_洪水扰动下交通-网络韧性与公平性_SCS_Natural_Hazards\GPT数据\Nature Portfolio_Project\01_前期数据支撑\03_D03_TERRAIN\RAW_DEM\JB_Copernicus_GLO30_Core_WGS84.tif,Nature Portfolio_Project\01_前期数据支撑\03_D03_TERRAIN\RAW_DEM\JB_Copernicus_GLO30_Core_WGS84.tif,JB_Copernicus_GLO30_Core_WGS84.tif,.tif,3294780,2026-10-04T19:24:33,d0f60ec4d50661ead976b1c1a33b85ebffbaa8e28d392dabced9215b599ae669,1,False,False,
original,03_Nature_Portfolio_Project,D:\OneDrive\桌面\论文\2027年投稿期刊\论文项目\07_JB医疗可达性_洪水扰动下交通-网络韧性与公平性_SCS_Natural_Hazards\GPT数据\Nature Portfolio_Project\01_前期数据支撑\03_D03_TERRAIN\RELATIVE_ELEVATION\JB_Terrain_RelativeElevation_500m_RSO.tif,D:\OneDrive\桌面\论文\2027年投稿期刊\论文项目\07_JB医疗可达性_洪水扰动下交通-网络韧性与公平性_SCS_Natural_Hazards\GPT数据\Nature Portfolio_Project\01_前期数据支撑\03_D03_TERRAIN\RELATIVE_ELEVATION\JB_Terrain_RelativeElevation_500m_RSO.tif,Nature Portfolio_Project\01_前期数据支撑\03_D03_TERRAIN\RELATIVE_ELEVATION\JB_Terrain_RelativeElevation_500m_RSO.tif,JB_Terrain_RelativeElevation_500m_RSO.tif,.tif,3823418,2026-10-04T19:36:15,d7cff99051338c42b4b4373a526736ae12374389e08fb6b84766d7e1e182e7bb,2,False,False,
original,03_Nature_Portfolio_Project,D:\OneDrive\桌面\论文\2027年投稿期刊\论文项目\07_JB医疗可达性_洪水扰动下交通-网络韧性与公平性_SCS_Natural_Hazards\GPT数据\Nature Portfolio_Project\01_前期数据支撑\03_D03_TERRAIN\ROAD_TERRAIN\D03C2_Road_Terrain_Metrics.csv,D:\OneDrive\桌面\论文\2027年投稿期刊\论文项目\07_JB医疗可达性_洪水扰动下交通-网络韧性与公平性_SCS_Natural_Hazards\GPT数据\Nature Portfolio_Project\01_前期数据支撑\03_D03_TERRAIN\ROAD_TERRAIN\D03C2_Road_Terrain_Metrics.csv,Nature Portfolio_Project\01_前期数据支撑\03_D03_TERRAIN\ROAD_TERRAIN\D03C2_Road_Terrain_Metrics.csv,D03C2_Road_Terrain_Metrics.csv,.csv,26935634,2026-10-04T19:45:05,0d8baae7b23d10b4ac325bad205af17f266059b11ba17064cc1ced312194f04b,2,False,False,
original,03_Nature_Portfolio_Project,D:\OneDrive\桌面\论文\2027年投稿期刊\论文项目\07_JB医疗可达性_洪水扰动下交通-网络韧性与公平性_SCS_Natural_Hazards\GPT数据\Nature Portfolio_Project\01_前期数据支撑\03_D03_TERRAIN\ROAD_TERRAIN\JB_OSM_RoadNetwork_Core_Terrain_RSO.gpkg,D:\OneDrive\桌面\论文\2027年投稿期刊\论文项目\07_JB医疗可达性_洪水扰动下交通-网络韧性与公平性_SCS_Natural_Hazards\GPT数据\Nature Portfolio_Project\01_前期数据支撑\03_D03_TERRAIN\ROAD_TERRAIN\JB_OSM_RoadNetwork_Core_Terrain_RSO.gpkg,Nature Portfolio_Project\01_前期数据支撑\03_D03_TERRAIN\ROAD_TERRAIN\JB_OSM_RoadNetwork_Core_Terrain_RSO.gpkg,JB_OSM_RoadNetwork_Core_Terrain_RSO.gpkg,.gpkg,46456832,2026-10-04T19:44:37,c80ad83eab06075435e29f9a269c338d3ad26587066577526aca4cba47a681cd,2,False,False,
original,03_Nature_Portfolio_Project,D:\OneDrive\桌面\论文\2027年投稿期刊\论文项目\07_JB医疗可达性_洪水扰动下交通-网络韧性与公平性_SCS_Natural_Hazards\GPT数据\Nature Portfolio_Project\01_前期数据支撑\03_D03_TERRAIN\ROAD_TERRAIN\JB_OSM_RoadNetwork_Core_Terrain_WGS84.gpkg,D:\OneDrive\桌面\论文\2027年投稿期刊\论文项目\07_JB医疗可达性_洪水扰动下交通-网络韧性与公平性_SCS_Natural_Hazards\GPT数据\Nature Portfolio_Project\01_前期数据支撑\03_D03_TERRAIN\ROAD_TERRAIN\JB_OSM_RoadNetwork_Core_Terrain_WGS84.gpkg,Nature Portfolio_Project\01_前期数据支撑\03_D03_TERRAIN\ROAD_TERRAIN\JB_OSM_RoadNetwork_Core_Terrain_WGS84.gpkg,JB_OSM_RoadNetwork_Core_Terrain_WGS84.gpkg,.gpkg,46522368,2026-10-04T19:44:40,11b8751c0ce9d74eaebc22eef7db3b0fbc5008c2a5fb8c9e1d3a1e1a0f06ecf0,2,False,False,
original,03_Nature_Portfolio_Project,D:\OneDrive\桌面\论文\2027年投稿期刊\论文项目\07_JB医疗可达性_洪水扰动下交通-网络韧性与公平性_SCS_Natural_Hazards\GPT数据\Nature Portfolio_Project\01_前期数据支撑\03_D03_TERRAIN\SLOPE\JB_Terrain_Slope_Degree_RSO.tif,D:\OneDrive\桌面\论文\2027年投稿期刊\论文项目\07_JB医疗可达性_洪水扰动下交通-网络韧性与公平性_SCS_Natural_Hazards\GPT数据\Nature Portfolio_Project\01_前期数据支撑\03_D03_TERRAIN\SLOPE\JB_Terrain_Slope_Degree_RSO.tif,Nature Portfolio_Project\01_前期数据支撑\03_D03_TERRAIN\SLOPE\JB_Terrain_Slope_Degree_RSO.tif,JB_Terrain_Slope_Degree_RSO.tif,.tif,3785897,2026-10-04T19:36:14,0bd00a66bcc84459bd602c7dfdc222fec4bc2e415d1838a1c6aa2ddec2659097,2,False,False,
original,03_Nature_Portfolio_Project,D:\OneDrive\桌面\论文\2027年投稿期刊\论文项目\07_JB医疗可达性_洪水扰动下交通-网络韧性与公平性_SCS_Natural_Hazards\GPT数据\Nature Portfolio_Project\01_前期数据支撑\04_D04_HEALTHCARE\MASTER\D04C_Healthcare_Master.csv,D:\OneDrive\桌面\论文\2027年投稿期刊\论文项目\07_JB医疗可达性_洪水扰动下交通-网络韧性与公平性_SCS_Natural_Hazards\GPT数据\Nature Portfolio_Project\01_前期数据支撑\04_D04_HEALTHCARE\MASTER\D04C_Healthcare_Master.csv,Nature Portfolio_Project\01_前期数据支撑\04_D04_HEALTHCARE\MASTER\D04C_Healthcare_Master.csv,D04C_Healthcare_Master.csv,.csv,27155,2026-10-04T20:10:18,c0cc89bfe1c3d46c33e270318cacf01f7c83b97224d387cc8d37c57ef2854a82,2,False,False,
original,03_Nature_Portfolio_Project,D:\OneDrive\桌面\论文\2027年投稿期刊\论文项目\07_JB医疗可达性_洪水扰动下交通-网络韧性与公平性_SCS_Natural_Hazards\GPT数据\Nature Portfolio_Project\01_前期数据支撑\04_D04_HEALTHCARE\MASTER\JB_Healthcare_Master_D04C_RSO.gpkg,D:\OneDrive\桌面\论文\2027年投稿期刊\论文项目\07_JB医疗可达性_洪水扰动下交通-网络韧性与公平性_SCS_Natural_Hazards\GPT数据\Nature Portfolio_Project\01_前期数据支撑\04_D04_HEALTHCARE\MASTER\JB_Healthcare_Master_D04C_RSO.gpkg,Nature Portfolio_Project\01_前期数据支撑\04_D04_HEALTHCARE\MASTER\JB_Healthcare_Master_D04C_RSO.gpkg,JB_Healthcare_Master_D04C_RSO.gpkg,.gpkg,409600,2026-10-04T20:10:05,38a783db9943152904d778d78dae4e5577ff9f3e044ab87df9bbe2607acca7a4,2,False,False,
original,03_Nature_Portfolio_Project,D:\OneDrive\桌面\论文\2027年投稿期刊\论文项目\07_JB医疗可达性_洪水扰动下交通-网络韧性与公平性_SCS_Natural_Hazards\GPT数据\Nature Portfolio_Project\01_前期数据支撑\04_D04_HEALTHCARE\MASTER\JB_Healthcare_Master_D04C_WGS84.gpkg,D:\OneDrive\桌面\论文\2027年投稿期刊\论文项目\07_JB医疗可达性_洪水扰动下交通-网络韧性与公平性_SCS_Natural_Hazards\GPT数据\Nature Portfolio_Project\01_前期数据支撑\04_D04_HEALTHCARE\MASTER\JB_Healthcare_Master_D04C_WGS84.gpkg,Nature Portfolio_Project\01_前期数据支撑\04_D04_HEALTHCARE\MASTER\JB_Healthcare_Master_D04C_WGS84.gpkg,JB_Healthcare_Master_D04C_WGS84.gpkg,.gpkg,409600,2026-10-04T20:10:05,b436fb0e41bca01ccc7f1a2fd51fad7844c810a678a8f12c9411d866f11cdecc,2,False,False,
original,03_Nature_Portfolio_Project,D:\OneDrive\桌面\论文\2027年投稿期刊\论文项目\07_JB医疗可达性_洪水扰动下交通-网络韧性与公平性_SCS_Natural_Hazards\GPT数据\Nature Portfolio_Project\01_前期数据支撑\04_D04_HEALTHCARE\PACKAGES\D04A1_Public_Healthcare_Facilities.zip,D:\OneDrive\桌面\论文\2027年投稿期刊\论文项目\07_JB医疗可达性_洪水扰动下交通-网络韧性与公平性_SCS_Natural_Hazards\GPT数据\Nature Portfolio_Project\01_前期数据支撑\04_D04_HEALTHCARE\PACKAGES\D04A1_Public_Healthcare_Facilities.zip,Nature Portfolio_Project\01_前期数据支撑\04_D04_HEALTHCARE\PACKAGES\D04A1_Public_Healthcare_Facilities.zip,D04A1_Public_Healthcare_Facilities.zip,.zip,209487,2026-10-04T19:51:59,ac198a83b1ede07e1c6a61cc971d9a5218a02ec7cd7203bfc0524449399c5473,1,True,False,
original,03_Nature_Portfolio_Project,D:\OneDrive\桌面\论文\2027年投稿期刊\论文项目\07_JB医疗可达性_洪水扰动下交通-网络韧性与公平性_SCS_Natural_Hazards\GPT数据\Nature Portfolio_Project\01_前期数据支撑\04_D04_HEALTHCARE\PACKAGES\D04A2_Community_Healthcare_Facilities.zip,D:\OneDrive\桌面\论文\2027年投稿期刊\论文项目\07_JB医疗可达性_洪水扰动下交通-网络韧性与公平性_SCS_Natural_Hazards\GPT数据\Nature Portfolio_Project\01_前期数据支撑\04_D04_HEALTHCARE\PACKAGES\D04A2_Community_Healthcare_Facilities.zip,Nature Portfolio_Project\01_前期数据支撑\04_D04_HEALTHCARE\PACKAGES\D04A2_Community_Healthcare_Facilities.zip,D04A2_Community_Healthcare_Facilities.zip,.zip,218869,2026-10-04T19:57:54,f9f3bc64df659ce9d4bcdc0db545da3799d09d2721b3998e25603b782887f08a,1,True,False,
original,03_Nature_Portfolio_Project,D:\OneDrive\桌面\论文\2027年投稿期刊\论文项目\07_JB医疗可达性_洪水扰动下交通-网络韧性与公平性_SCS_Natural_Hazards\GPT数据\Nature Portfolio_Project\01_前期数据支撑\04_D04_HEALTHCARE\PACKAGES\D04B_Private_Hospitals.zip,D:\OneDrive\桌面\论文\2027年投稿期刊\论文项目\07_JB医疗可达性_洪水扰动下交通-网络韧性与公平性_SCS_Natural_Hazards\GPT数据\Nature Portfolio_Project\01_前期数据支撑\04_D04_HEALTHCARE\PACKAGES\D04B_Private_Hospitals.zip,Nature Portfolio_Project\01_前期数据支撑\04_D04_HEALTHCARE\PACKAGES\D04B_Private_Hospitals.zip,D04B_Private_Hospitals.zip,.zip,200445,2026-10-04T20:05:06,e306b7076feacd91ea40a059b699da1c1600f5c8f1c260a7f8eff019e2180df4,1,True,False,
original,03_Nature_Portfolio_Project,D:\OneDrive\桌面\论文\2027年投稿期刊\论文项目\07_JB医疗可达性_洪水扰动下交通-网络韧性与公平性_SCS_Natural_Hazards\GPT数据\Nature Portfolio_Project\01_前期数据支撑\04_D04_HEALTHCARE\PACKAGES\D04C_Healthcare_Master_Access_Snapping.zip,D:\OneDrive\桌面\论文\2027年投稿期刊\论文项目\07_JB医疗可达性_洪水扰动下交通-网络韧性与公平性_SCS_Natural_Hazards\GPT数据\Nature Portfolio_Project\01_前期数据支撑\04_D04_HEALTHCARE\PACKAGES\D04C_Healthcare_Master_Access_Snapping.zip,Nature Portfolio_Project\01_前期数据支撑\04_D04_HEALTHCARE\PACKAGES\D04C_Healthcare_Master_Access_Snapping.zip,D04C_Healthcare_Master_Access_Snapping.zip,.zip,1662334,2026-10-04T20:09:59,375eea5b7088f36b13bfd009a1437648f030f11f49982627a7ac4a1d628bc2b4,1,True,False,
original,03_Nature_Portfolio_Project,D:\OneDrive\桌面\论文\2027年投稿期刊\论文项目\07_JB医疗可达性_洪水扰动下交通-网络韧性与公平性_SCS_Natural_Hazards\GPT数据\Nature Portfolio_Project\01_前期数据支撑\04_D04_HEALTHCARE\PRIVATE\D04B_Excluded_or_Secondary_Licensed_Facilities.csv,D:\OneDrive\桌面\论文\2027年投稿期刊\论文项目\07_JB医疗可达性_洪水扰动下交通-网络韧性与公平性_SCS_Natural_Hazards\GPT数据\Nature Portfolio_Project\01_前期数据支撑\04_D04_HEALTHCARE\PRIVATE\D04B_Excluded_or_Secondary_Licensed_Facilities.csv,Nature Portfolio_Project\01_前期数据支撑\04_D04_HEALTHCARE\PRIVATE\D04B_Excluded_or_Secondary_Licensed_Facilities.csv,D04B_Excluded_or_Secondary_Licensed_Facilities.csv,.csv,2056,2026-10-04T20:05:26,f96917049a460f6ad1549276f30c8c76ee40cbd5a2cb281a2b196966f0ff00a8,1,False,False,
original,03_Nature_Portfolio_Project,D:\OneDrive\桌面\论文\2027年投稿期刊\论文项目\07_JB医疗可达性_洪水扰动下交通-网络韧性与公平性_SCS_Natural_Hazards\GPT数据\Nature Portfolio_Project\01_前期数据支撑\04_D04_HEALTHCARE\PRIVATE\D04B_Private_Hospitals_Core.csv,D:\OneDrive\桌面\论文\2027年投稿期刊\论文项目\07_JB医疗可达性_洪水扰动下交通-网络韧性与公平性_SCS_Natural_Hazards\GPT数据\Nature Portfolio_Project\01_前期数据支撑\04_D04_HEALTHCARE\PRIVATE\D04B_Private_Hospitals_Core.csv,Nature Portfolio_Project\01_前期数据支撑\04_D04_HEALTHCARE\PRIVATE\D04B_Private_Hospitals_Core.csv,D04B_Private_Hospitals_Core.csv,.csv,8297,2026-10-04T20:05:25,ba9ba6b1c78dcf9344387cdcae61a57febf1b84eae2e4ab253453ee8290440ba,2,False,False,
original,03_Nature_Portfolio_Project,D:\OneDrive\桌面\论文\2027年投稿期刊\论文项目\07_JB医疗可达性_洪水扰动下交通-网络韧性与公平性_SCS_Natural_Hazards\GPT数据\Nature Portfolio_Project\01_前期数据支撑\04_D04_HEALTHCARE\PRIVATE\JB_Private_Hospitals_D04B_RSO.gpkg,D:\OneDrive\桌面\论文\2027年投稿期刊\论文项目\07_JB医疗可达性_洪水扰动下交通-网络韧性与公平性_SCS_Natural_Hazards\GPT数据\Nature Portfolio_Project\01_前期数据支撑\04_D04_HEALTHCARE\PRIVATE\JB_Private_Hospitals_D04B_RSO.gpkg,Nature Portfolio_Project\01_前期数据支撑\04_D04_HEALTHCARE\PRIVATE\JB_Private_Hospitals_D04B_RSO.gpkg,JB_Private_Hospitals_D04B_RSO.gpkg,.gpkg,147456,2026-10-04T20:05:19,98d23277eb4366bb79adf18e95ff1e75477b50c00100edc9a41e72a501de9980,2,False,False,
original,03_Nature_Portfolio_Project,D:\OneDrive\桌面\论文\2027年投稿期刊\论文项目\07_JB医疗可达性_洪水扰动下交通-网络韧性与公平性_SCS_Natural_Hazards\GPT数据\Nature Portfolio_Project\01_前期数据支撑\04_D04_HEALTHCARE\PRIVATE\JB_Private_Hospitals_D04B_WGS84.gpkg,D:\OneDrive\桌面\论文\2027年投稿期刊\论文项目\07_JB医疗可达性_洪水扰动下交通-网络韧性与公平性_SCS_Natural_Hazards\GPT数据\Nature Portfolio_Project\01_前期数据支撑\04_D04_HEALTHCARE\PRIVATE\JB_Private_Hospitals_D04B_WGS84.gpkg,Nature Portfolio_Project\01_前期数据支撑\04_D04_HEALTHCARE\PRIVATE\JB_Private_Hospitals_D04B_WGS84.gpkg,JB_Private_Hospitals_D04B_WGS84.gpkg,.gpkg,147456,2026-10-04T20:05:13,7adcf1eecfe399940f2c9338cfa7d2aeeb9e11417339ddd8a756351cc1d4f679,2,False,False,
original,03_Nature_Portfolio_Project,D:\OneDrive\桌面\论文\2027年投稿期刊\论文项目\07_JB医疗可达性_洪水扰动下交通-网络韧性与公平性_SCS_Natural_Hazards\GPT数据\Nature Portfolio_Project\01_前期数据支撑\04_D04_HEALTHCARE\QC\D04B_Private_Hospitals_QC_Report.txt,D:\OneDrive\桌面\论文\2027年投稿期刊\论文项目\07_JB医疗可达性_洪水扰动下交通-网络韧性与公平性_SCS_Natural_Hazards\GPT数据\Nature Portfolio_Project\01_前期数据支撑\04_D04_HEALTHCARE\QC\D04B_Private_Hospitals_QC_Report.txt,Nature Portfolio_Project\01_前期数据支撑\04_D04_HEALTHCARE\QC\D04B_Private_Hospitals_QC_Report.txt,D04B_Private_Hospitals_QC_Report.txt,.txt,2881,2026-10-04T20:05:25,60330973f29f9a023b6204be1e41e9a5834f5f7d62af6356d91f70dc34203ddb,2,False,False,
original,03_Nature_Portfolio_Project,D:\OneDrive\桌面\论文\2027年投稿期刊\论文项目\07_JB医疗可达性_洪水扰动下交通-网络韧性与公平性_SCS_Natural_Hazards\GPT数据\Nature Portfolio_Project\01_前期数据支撑\04_D04_HEALTHCARE\QC\D04C_Healthcare_Master_Access_QC_Report.txt,D:\OneDrive\桌面\论文\2027年投稿期刊\论文项目\07_JB医疗可达性_洪水扰动下交通-网络韧性与公平性_SCS_Natural_Hazards\GPT数据\Nature Portfolio_Project\01_前期数据支撑\04_D04_HEALTHCARE\QC\D04C_Healthcare_Master_Access_QC_Report.txt,Nature Portfolio_Project\01_前期数据支撑\04_D04_HEALTHCARE\QC\D04C_Healthcare_Master_Access_QC_Report.txt,D04C_Healthcare_Master_Access_QC_Report.txt,.txt,3211,2026-10-04T20:10:20,ee0415db2ef210f4e61bc6dd9e3a40cb93819c442f49928eb123450a411e4914,2,False,False,
original,03_Nature_Portfolio_Project,D:\OneDrive\桌面\论文\2027年投稿期刊\论文项目\07_JB医疗可达性_洪水扰动下交通-网络韧性与公平性_SCS_Natural_Hazards\GPT数据\Nature Portfolio_Project\01_前期数据支撑\04_D04_HEALTHCARE\ROAD_SNAPPING\D04C_Hospital_Network_Access_Points.csv,D:\OneDrive\桌面\论文\2027年投稿期刊\论文项目\07_JB医疗可达性_洪水扰动下交通-网络韧性与公平性_SCS_Natural_Hazards\GPT数据\Nature Portfolio_Project\01_前期数据支撑\04_D04_HEALTHCARE\ROAD_SNAPPING\D04C_Hospital_Network_Access_Points.csv,Nature Portfolio_Project\01_前期数据支撑\04_D04_HEALTHCARE\ROAD_SNAPPING\D04C_Hospital_Network_Access_Points.csv,D04C_Hospital_Network_Access_Points.csv,.csv,12058,2026-10-04T20:10:19,2be20888c1cd81e1de0e3cec5bc264c16774514fa62f0b69c37136707d338c5a,2,False,False,
original,03_Nature_Portfolio_Project,D:\OneDrive\桌面\论文\2027年投稿期刊\论文项目\07_JB医疗可达性_洪水扰动下交通-网络韧性与公平性_SCS_Natural_Hazards\GPT数据\Nature Portfolio_Project\01_前期数据支撑\05_D05_POPULATION\PACKAGES\D05A_WorldPop_Population_Origins_Final.zip,D:\OneDrive\桌面\论文\2027年投稿期刊\论文项目\07_JB医疗可达性_洪水扰动下交通-网络韧性与公平性_SCS_Natural_Hazards\GPT数据\Nature Portfolio_Project\01_前期数据支撑\05_D05_POPULATION\PACKAGES\D05A_WorldPop_Population_Origins_Final.zip,Nature Portfolio_Project\01_前期数据支撑\05_D05_POPULATION\PACKAGES\D05A_WorldPop_Population_Origins_Final.zip,D05A_WorldPop_Population_Origins_Final.zip,.zip,13236888,2026-10-04T20:25:23,32f8fa09393c9139f5bceeaae1389d14fbc5682ea10a98a1f91a429ee2e685a2,1,True,False,
original,03_Nature_Portfolio_Project,D:\OneDrive\桌面\论文\2027年投稿期刊\论文项目\07_JB医疗可达性_洪水扰动下交通-网络韧性与公平性_SCS_Natural_Hazards\GPT数据\Nature Portfolio_Project\01_前期数据支撑\05_D05_POPULATION\PACKAGES\D05B_Residential_Settlement_Crosscheck_Final.zip,D:\OneDrive\桌面\论文\2027年投稿期刊\论文项目\07_JB医疗可达性_洪水扰动下交通-网络韧性与公平性_SCS_Natural_Hazards\GPT数据\Nature Portfolio_Project\01_前期数据支撑\05_D05_POPULATION\PACKAGES\D05B_Residential_Settlement_Crosscheck_Final.zip,Nature Portfolio_Project\01_前期数据支撑\05_D05_POPULATION\PACKAGES\D05B_Residential_Settlement_Crosscheck_Final.zip,D05B_Residential_Settlement_Crosscheck_Final.zip,.zip,29239781,2026-10-04T20:42:52,a99290ded81f611d42585f401bf2f55c28fe63a7e138b0bdad455e4606a9dfb3,1,True,False,
original,03_Nature_Portfolio_Project,D:\OneDrive\桌面\论文\2027年投稿期刊\论文项目\07_JB医疗可达性_洪水扰动下交通-网络韧性与公平性_SCS_Natural_Hazards\GPT数据\Nature Portfolio_Project\01_前期数据支撑\05_D05_POPULATION\POPULATION_ORIGINS\D05A_WorldPop_Origins.csv,D:\OneDrive\桌面\论文\2027年投稿期刊\论文项目\07_JB医疗可达性_洪水扰动下交通-网络韧性与公平性_SCS_Natural_Hazards\GPT数据\Nature Portfolio_Project\01_前期数据支撑\05_D05_POPULATION\POPULATION_ORIGINS\D05A_WorldPop_Origins.csv,Nature Portfolio_Project\01_前期数据支撑\05_D05_POPULATION\POPULATION_ORIGINS\D05A_WorldPop_Origins.csv,D05A_WorldPop_Origins.csv,.csv,14136647,2026-10-04T20:25:38,12d022450b11fff6a0916cfec80a5a1f8c865ce9d55557294d75cb70675bdf42,2,False,False,
original,03_Nature_Portfolio_Project,D:\OneDrive\桌面\论文\2027年投稿期刊\论文项目\07_JB医疗可达性_洪水扰动下交通-网络韧性与公平性_SCS_Natural_Hazards\GPT数据\Nature Portfolio_Project\01_前期数据支撑\05_D05_POPULATION\POPULATION_ORIGINS\JB_WorldPop_2026_Core_WGS84.tif,D:\OneDrive\桌面\论文\2027年投稿期刊\论文项目\07_JB医疗可达性_洪水扰动下交通-网络韧性与公平性_SCS_Natural_Hazards\GPT数据\Nature Portfolio_Project\01_前期数据支撑\05_D05_POPULATION\POPULATION_ORIGINS\JB_WorldPop_2026_Core_WGS84.tif,Nature Portfolio_Project\01_前期数据支撑\05_D05_POPULATION\POPULATION_ORIGINS\JB_WorldPop_2026_Core_WGS84.tif,JB_WorldPop_2026_Core_WGS84.tif,.tif,316153,2026-10-04T20:25:38,5f4438c9eed1c9596b6b66c7fb684833ab5aa84e4da3a4213bd5ef1b72dab345,1,False,False,
original,03_Nature_Portfolio_Project,D:\OneDrive\桌面\论文\2027年投稿期刊\论文项目\07_JB医疗可达性_洪水扰动下交通-网络韧性与公平性_SCS_Natural_Hazards\GPT数据\Nature Portfolio_Project\01_前期数据支撑\05_D05_POPULATION\POPULATION_ORIGINS\JB_WorldPop_2026_Origins_RSO.gpkg,D:\OneDrive\桌面\论文\2027年投稿期刊\论文项目\07_JB医疗可达性_洪水扰动下交通-网络韧性与公平性_SCS_Natural_Hazards\GPT数据\Nature Portfolio_Project\01_前期数据支撑\05_D05_POPULATION\POPULATION_ORIGINS\JB_WorldPop_2026_Origins_RSO.gpkg,Nature Portfolio_Project\01_前期数据支撑\05_D05_POPULATION\POPULATION_ORIGINS\JB_WorldPop_2026_Origins_RSO.gpkg,JB_WorldPop_2026_Origins_RSO.gpkg,.gpkg,17424384,2026-10-04T20:25:29,059a41c245c294f3d02ce8c0537076d413d5015687b179c810cebfa4c5ee52e4,2,False,False,
original,03_Nature_Portfolio_Project,D:\OneDrive\桌面\论文\2027年投稿期刊\论文项目\07_JB医疗可达性_洪水扰动下交通-网络韧性与公平性_SCS_Natural_Hazards\GPT数据\Nature Portfolio_Project\01_前期数据支撑\05_D05_POPULATION\POPULATION_ORIGINS\JB_WorldPop_2026_Origins_WGS84.gpkg,D:\OneDrive\桌面\论文\2027年投稿期刊\论文项目\07_JB医疗可达性_洪水扰动下交通-网络韧性与公平性_SCS_Natural_Hazards\GPT数据\Nature Portfolio_Project\01_前期数据支撑\05_D05_POPULATION\POPULATION_ORIGINS\JB_WorldPop_2026_Origins_WGS84.gpkg,Nature Portfolio_Project\01_前期数据支撑\05_D05_POPULATION\POPULATION_ORIGINS\JB_WorldPop_2026_Origins_WGS84.gpkg,JB_WorldPop_2026_Origins_WGS84.gpkg,.gpkg,18071552,2026-10-04T20:25:27,8277f076f57a8de878d4fca9b24d6492bc22d371451a0488ec5a7ce827145357,2,False,False,
original,03_Nature_Portfolio_Project,D:\OneDrive\桌面\论文\2027年投稿期刊\论文项目\07_JB医疗可达性_洪水扰动下交通-网络韧性与公平性_SCS_Natural_Hazards\GPT数据\Nature Portfolio_Project\01_前期数据支撑\05_D05_POPULATION\QC\D05A_WorldPop_DOSM_Validation.csv,D:\OneDrive\桌面\论文\2027年投稿期刊\论文项目\07_JB医疗可达性_洪水扰动下交通-网络韧性与公平性_SCS_Natural_Hazards\GPT数据\Nature Portfolio_Project\01_前期数据支撑\05_D05_POPULATION\QC\D05A_WorldPop_DOSM_Validation.csv,Nature Portfolio_Project\01_前期数据支撑\05_D05_POPULATION\QC\D05A_WorldPop_DOSM_Validation.csv,D05A_WorldPop_DOSM_Validation.csv,.csv,462,2026-10-04T20:25:39,98dae5cc789c02e14cc0e186d35bbc2060b37ac66f082cd35e77a4444184a260,2,False,False,
original,03_Nature_Portfolio_Project,D:\OneDrive\桌面\论文\2027年投稿期刊\论文项目\07_JB医疗可达性_洪水扰动下交通-网络韧性与公平性_SCS_Natural_Hazards\GPT数据\Nature Portfolio_Project\01_前期数据支撑\05_D05_POPULATION\QC\D05A_WorldPop_QC_Report.txt,D:\OneDrive\桌面\论文\2027年投稿期刊\论文项目\07_JB医疗可达性_洪水扰动下交通-网络韧性与公平性_SCS_Natural_Hazards\GPT数据\Nature Portfolio_Project\01_前期数据支撑\05_D05_POPULATION\QC\D05A_WorldPop_QC_Report.txt,Nature Portfolio_Project\01_前期数据支撑\05_D05_POPULATION\QC\D05A_WorldPop_QC_Report.txt,D05A_WorldPop_QC_Report.txt,.txt,3295,2026-10-04T20:25:43,e215a706a0b0bc9db094bcf7d2300b60ad5810df4a04433f659d9c5d0e6e67e5,2,False,False,
original,03_Nature_Portfolio_Project,D:\OneDrive\桌面\论文\2027年投稿期刊\论文项目\07_JB医疗可达性_洪水扰动下交通-网络韧性与公平性_SCS_Natural_Hazards\GPT数据\Nature Portfolio_Project\01_前期数据支撑\05_D05_POPULATION\QC\D05C_Population_Origin_RoadSnapping_QC_Report.txt,D:\OneDrive\桌面\论文\2027年投稿期刊\论文项目\07_JB医疗可达性_洪水扰动下交通-网络韧性与公平性_SCS_Natural_Hazards\GPT数据\Nature Portfolio_Project\01_前期数据支撑\05_D05_POPULATION\QC\D05C_Population_Origin_RoadSnapping_QC_Report.txt,Nature Portfolio_Project\01_前期数据支撑\05_D05_POPULATION\QC\D05C_Population_Origin_RoadSnapping_QC_Report.txt,D05C_Population_Origin_RoadSnapping_QC_Report.txt,.txt,3274,2026-10-04T21:14:09,a9631e66553611dd5c4177c93970271a810194f2e073020869137a691cae3f95,2,False,False,
original,03_Nature_Portfolio_Project,D:\OneDrive\桌面\论文\2027年投稿期刊\论文项目\07_JB医疗可达性_洪水扰动下交通-网络韧性与公平性_SCS_Natural_Hazards\GPT数据\Nature Portfolio_Project\01_前期数据支撑\05_D05_POPULATION\RAW_WORLDPOP\mys_pop_2026_CN_100m_R2025A_v1.tif,D:\OneDrive\桌面\论文\2027年投稿期刊\论文项目\07_JB医疗可达性_洪水扰动下交通-网络韧性与公平性_SCS_Natural_Hazards\GPT数据\Nature Portfolio_Project\01_前期数据支撑\05_D05_POPULATION\RAW_WORLDPOP\mys_pop_2026_CN_100m_R2025A_v1.tif,Nature Portfolio_Project\01_前期数据支撑\05_D05_POPULATION\RAW_WORLDPOP\mys_pop_2026_CN_100m_R2025A_v1.tif,mys_pop_2026_CN_100m_R2025A_v1.tif,.tif,29310427,2026-10-04T20:17:45,a90d85dbdb0c3fe55cae1e352205fe1be8a277a2f7b0907e47dcebdb95f9e783,1,False,False,
original,03_Nature_Portfolio_Project,D:\OneDrive\桌面\论文\2027年投稿期刊\论文项目\07_JB医疗可达性_洪水扰动下交通-网络韧性与公平性_SCS_Natural_Hazards\GPT数据\Nature Portfolio_Project\01_前期数据支撑\05_D05_POPULATION\ROAD_SNAPPING\D05C_Road_Endpoint_Nodes_RSO.gpkg,D:\OneDrive\桌面\论文\2027年投稿期刊\论文项目\07_JB医疗可达性_洪水扰动下交通-网络韧性与公平性_SCS_Natural_Hazards\GPT数据\Nature Portfolio_Project\01_前期数据支撑\05_D05_POPULATION\ROAD_SNAPPING\D05C_Road_Endpoint_Nodes_RSO.gpkg,Nature Portfolio_Project\01_前期数据支撑\05_D05_POPULATION\ROAD_SNAPPING\D05C_Road_Endpoint_Nodes_RSO.gpkg,D05C_Road_Endpoint_Nodes_RSO.gpkg,.gpkg,12754944,2026-10-04T21:15:18,568244496f5f49697045e0da1868ade1fcd0ad81b49620b33fff2ef939455f33,1,False,False,
original,03_Nature_Portfolio_Project,D:\OneDrive\桌面\论文\2027年投稿期刊\论文项目\07_JB医疗可达性_洪水扰动下交通-网络韧性与公平性_SCS_Natural_Hazards\GPT数据\Nature Portfolio_Project\01_前期数据支撑\05_D05_POPULATION\ROAD_SNAPPING\D05C_Road_Segment_Endpoint_Map.csv,D:\OneDrive\桌面\论文\2027年投稿期刊\论文项目\07_JB医疗可达性_洪水扰动下交通-网络韧性与公平性_SCS_Natural_Hazards\GPT数据\Nature Portfolio_Project\01_前期数据支撑\05_D05_POPULATION\ROAD_SNAPPING\D05C_Road_Segment_Endpoint_Map.csv,Nature Portfolio_Project\01_前期数据支撑\05_D05_POPULATION\ROAD_SNAPPING\D05C_Road_Segment_Endpoint_Map.csv,D05C_Road_Segment_Endpoint_Map.csv,.csv,6520854,2026-10-04T21:14:10,87857a6a8a17da978783bd9313714797771ba263aaab86c2a4a157f1cb7a76c5,1,False,False,
original,03_Nature_Portfolio_Project,D:\OneDrive\桌面\论文\2027年投稿期刊\论文项目\07_JB医疗可达性_洪水扰动下交通-网络韧性与公平性_SCS_Natural_Hazards\GPT数据\Nature Portfolio_Project\01_前期数据支撑\05_D05_POPULATION\ROAD_SNAPPING\D05C_Used_Access_Road_Segments_RSO.gpkg,D:\OneDrive\桌面\论文\2027年投稿期刊\论文项目\07_JB医疗可达性_洪水扰动下交通-网络韧性与公平性_SCS_Natural_Hazards\GPT数据\Nature Portfolio_Project\01_前期数据支撑\05_D05_POPULATION\ROAD_SNAPPING\D05C_Used_Access_Road_Segments_RSO.gpkg,Nature Portfolio_Project\01_前期数据支撑\05_D05_POPULATION\ROAD_SNAPPING\D05C_Used_Access_Road_Segments_RSO.gpkg,D05C_Used_Access_Road_Segments_RSO.gpkg,.gpkg,10231808,2026-10-04T21:14:27,cb04d22fa6901f55fa68cb859f6f32fdaaba86d4299f2d485aac6f45a9db669e,1,False,False,
original,03_Nature_Portfolio_Project,D:\OneDrive\桌面\论文\2027年投稿期刊\论文项目\07_JB医疗可达性_洪水扰动下交通-网络韧性与公平性_SCS_Natural_Hazards\GPT数据\Nature Portfolio_Project\01_前期数据支撑\05_D05_POPULATION\ROAD_SNAPPING\D05C_WorldPop_Origins_RoadSnap.csv,D:\OneDrive\桌面\论文\2027年投稿期刊\论文项目\07_JB医疗可达性_洪水扰动下交通-网络韧性与公平性_SCS_Natural_Hazards\GPT数据\Nature Portfolio_Project\01_前期数据支撑\05_D05_POPULATION\ROAD_SNAPPING\D05C_WorldPop_Origins_RoadSnap.csv,Nature Portfolio_Project\01_前期数据支撑\05_D05_POPULATION\ROAD_SNAPPING\D05C_WorldPop_Origins_RoadSnap.csv,D05C_WorldPop_Origins_RoadSnap.csv,.csv,32162081,2026-10-04T21:14:12,6fadf8c7449ade7f02e3b2ff255d0439a10e0b9826ee3900a75f58342f2fbd13,2,False,False,
original,03_Nature_Portfolio_Project,D:\OneDrive\桌面\论文\2027年投稿期刊\论文项目\07_JB医疗可达性_洪水扰动下交通-网络韧性与公平性_SCS_Natural_Hazards\GPT数据\Nature Portfolio_Project\01_前期数据支撑\05_D05_POPULATION\ROAD_SNAPPING\JB_WorldPop_2026_NetworkAccessPoints_RSO.gpkg,D:\OneDrive\桌面\论文\2027年投稿期刊\论文项目\07_JB医疗可达性_洪水扰动下交通-网络韧性与公平性_SCS_Natural_Hazards\GPT数据\Nature Portfolio_Project\01_前期数据支撑\05_D05_POPULATION\ROAD_SNAPPING\JB_WorldPop_2026_NetworkAccessPoints_RSO.gpkg,Nature Portfolio_Project\01_前期数据支撑\05_D05_POPULATION\ROAD_SNAPPING\JB_WorldPop_2026_NetworkAccessPoints_RSO.gpkg,JB_WorldPop_2026_NetworkAccessPoints_RSO.gpkg,.gpkg,19955712,2026-10-04T21:15:24,380e103b210e09f045666d96a8506bec8a60b1ae3aef2bbb528c1c498e5e3ef0,2,False,False,
original,03_Nature_Portfolio_Project,D:\OneDrive\桌面\论文\2027年投稿期刊\论文项目\07_JB医疗可达性_洪水扰动下交通-网络韧性与公平性_SCS_Natural_Hazards\GPT数据\Nature Portfolio_Project\01_前期数据支撑\06_D06_BASELINE_ROUTING\BASELINE_RESULTS\D06_Accessibility_Global_Summary.csv,D:\OneDrive\桌面\论文\2027年投稿期刊\论文项目\07_JB医疗可达性_洪水扰动下交通-网络韧性与公平性_SCS_Natural_Hazards\GPT数据\Nature Portfolio_Project\01_前期数据支撑\06_D06_BASELINE_ROUTING\BASELINE_RESULTS\D06_Accessibility_Global_Summary.csv,Nature Portfolio_Project\01_前期数据支撑\06_D06_BASELINE_ROUTING\BASELINE_RESULTS\D06_Accessibility_Global_Summary.csv,D06_Accessibility_Global_Summary.csv,.csv,507,2026-10-04T23:25:38,544c291557c9ebc48db2bed53d2dbbfdd00c64f6c4723b6548ab5db13db9b78c,2,False,False,
original,03_Nature_Portfolio_Project,D:\OneDrive\桌面\论文\2027年投稿期刊\论文项目\07_JB医疗可达性_洪水扰动下交通-网络韧性与公平性_SCS_Natural_Hazards\GPT数据\Nature Portfolio_Project\01_前期数据支撑\06_D06_BASELINE_ROUTING\BASELINE_RESULTS\D06_Accessibility_Subdistrict_Summary.csv,D:\OneDrive\桌面\论文\2027年投稿期刊\论文项目\07_JB医疗可达性_洪水扰动下交通-网络韧性与公平性_SCS_Natural_Hazards\GPT数据\Nature Portfolio_Project\01_前期数据支撑\06_D06_BASELINE_ROUTING\BASELINE_RESULTS\D06_Accessibility_Subdistrict_Summary.csv,Nature Portfolio_Project\01_前期数据支撑\06_D06_BASELINE_ROUTING\BASELINE_RESULTS\D06_Accessibility_Subdistrict_Summary.csv,D06_Accessibility_Subdistrict_Summary.csv,.csv,2274,2026-10-04T23:25:43,c38ba1dbfad9ac01a55aaf4b6e2b9cd95fb9862e0e3a4d33a2f6051ffae03960,2,False,False,
original,03_Nature_Portfolio_Project,D:\OneDrive\桌面\论文\2027年投稿期刊\论文项目\07_JB医疗可达性_洪水扰动下交通-网络韧性与公平性_SCS_Natural_Hazards\GPT数据\Nature Portfolio_Project\01_前期数据支撑\06_D06_BASELINE_ROUTING\BASELINE_RESULTS\D06_Baseline_Healthcare_Accessibility_Origins.csv,D:\OneDrive\桌面\论文\2027年投稿期刊\论文项目\07_JB医疗可达性_洪水扰动下交通-网络韧性与公平性_SCS_Natural_Hazards\GPT数据\Nature Portfolio_Project\01_前期数据支撑\06_D06_BASELINE_ROUTING\BASELINE_RESULTS\D06_Baseline_Healthcare_Accessibility_Origins.csv,Nature Portfolio_Project\01_前期数据支撑\06_D06_BASELINE_ROUTING\BASELINE_RESULTS\D06_Baseline_Healthcare_Accessibility_Origins.csv,D06_Baseline_Healthcare_Accessibility_Origins.csv,.csv,51394197,2026-10-04T23:25:42,b67b2d3ecd115ef020837bac4b0784eaaa3cc13cedd9c1e1919c0a8f84042332,2,False,False,
original,03_Nature_Portfolio_Project,D:\OneDrive\桌面\论文\2027年投稿期刊\论文项目\07_JB医疗可达性_洪水扰动下交通-网络韧性与公平性_SCS_Natural_Hazards\GPT数据\Nature Portfolio_Project\01_前期数据支撑\06_D06_BASELINE_ROUTING\D06R_CORRECTED\D06R\D06R_FINAL_FREEZE_MISSING_TWO_FILES.zip,D:\OneDrive\桌面\论文\2027年投稿期刊\论文项目\07_JB医疗可达性_洪水扰动下交通-网络韧性与公平性_SCS_Natural_Hazards\GPT数据\Nature Portfolio_Project\01_前期数据支撑\06_D06_BASELINE_ROUTING\D06R_CORRECTED\D06R\D06R_FINAL_FREEZE_MISSING_TWO_FILES.zip,Nature Portfolio_Project\01_前期数据支撑\06_D06_BASELINE_ROUTING\D06R_CORRECTED\D06R\D06R_FINAL_FREEZE_MISSING_TWO_FILES.zip,D06R_FINAL_FREEZE_MISSING_TWO_FILES.zip,.zip,12792275,2026-10-05T15:07:14,9ceba6593b58e613a88bd7e575477352dfca79ce79dc9274c483226a9741f962,1,True,False,
original,03_Nature_Portfolio_Project,D:\OneDrive\桌面\论文\2027年投稿期刊\论文项目\07_JB医疗可达性_洪水扰动下交通-网络韧性与公平性_SCS_Natural_Hazards\GPT数据\Nature Portfolio_Project\01_前期数据支撑\06_D06_BASELINE_ROUTING\D06R_CORRECTED\D06R\D06R_QC_Report.txt,D:\OneDrive\桌面\论文\2027年投稿期刊\论文项目\07_JB医疗可达性_洪水扰动下交通-网络韧性与公平性_SCS_Natural_Hazards\GPT数据\Nature Portfolio_Project\01_前期数据支撑\06_D06_BASELINE_ROUTING\D06R_CORRECTED\D06R\D06R_QC_Report.txt,Nature Portfolio_Project\01_前期数据支撑\06_D06_BASELINE_ROUTING\D06R_CORRECTED\D06R\D06R_QC_Report.txt,D06R_QC_Report.txt,.txt,968,2026-10-05T15:08:33,69e5a2fc4986221d899ad25aa809932a55bb9b6f5b38f39adfcc6c8641c5eae8,2,False,False,
original,03_Nature_Portfolio_Project,D:\OneDrive\桌面\论文\2027年投稿期刊\论文项目\07_JB医疗可达性_洪水扰动下交通-网络韧性与公平性_SCS_Natural_Hazards\GPT数据\Nature Portfolio_Project\01_前期数据支撑\06_D06_BASELINE_ROUTING\D06R_CORRECTED\D06R\JB_D06R_Corrected_Healthcare_Accessibility_RSO.gpkg,D:\OneDrive\桌面\论文\2027年投稿期刊\论文项目\07_JB医疗可达性_洪水扰动下交通-网络韧性与公平性_SCS_Natural_Hazards\GPT数据\Nature Portfolio_Project\01_前期数据支撑\06_D06_BASELINE_ROUTING\D06R_CORRECTED\D06R\JB_D06R_Corrected_Healthcare_Accessibility_RSO.gpkg,Nature Portfolio_Project\01_前期数据支撑\06_D06_BASELINE_ROUTING\D06R_CORRECTED\D06R\JB_D06R_Corrected_Healthcare_Accessibility_RSO.gpkg,JB_D06R_Corrected_Healthcare_Accessibility_RSO.gpkg,.gpkg,54329344,2026-10-05T15:07:05,3c477791a31682cdc36a5f6c306be32cf5120bce6edc79125874b82cfa3996c7,2,False,False,
original,03_Nature_Portfolio_Project,D:\OneDrive\桌面\论文\2027年投稿期刊\论文项目\07_JB医疗可达性_洪水扰动下交通-网络韧性与公平性_SCS_Natural_Hazards\GPT数据\Nature Portfolio_Project\01_前期数据支撑\06_D06_BASELINE_ROUTING\D06_ORIGINAL\D06_Hospital_TravelTime_Catchment_Summary.csv,D:\OneDrive\桌面\论文\2027年投稿期刊\论文项目\07_JB医疗可达性_洪水扰动下交通-网络韧性与公平性_SCS_Natural_Hazards\GPT数据\Nature Portfolio_Project\01_前期数据支撑\06_D06_BASELINE_ROUTING\D06_ORIGINAL\D06_Hospital_TravelTime_Catchment_Summary.csv,Nature Portfolio_Project\01_前期数据支撑\06_D06_BASELINE_ROUTING\D06_ORIGINAL\D06_Hospital_TravelTime_Catchment_Summary.csv,D06_Hospital_TravelTime_Catchment_Summary.csv,.csv,2107,2026-10-04T23:25:43,ca62eb1e49ffa8c3f83b60415c68c399eaae2c2090665edb22337c7c040e3579,2,False,False,
original,03_Nature_Portfolio_Project,D:\OneDrive\桌面\论文\2027年投稿期刊\论文项目\07_JB医疗可达性_洪水扰动下交通-网络韧性与公平性_SCS_Natural_Hazards\GPT数据\Nature Portfolio_Project\01_前期数据支撑\06_D06_BASELINE_ROUTING\GIS\JB_Baseline_Healthcare_Accessibility_RSO.gpkg,D:\OneDrive\桌面\论文\2027年投稿期刊\论文项目\07_JB医疗可达性_洪水扰动下交通-网络韧性与公平性_SCS_Natural_Hazards\GPT数据\Nature Portfolio_Project\01_前期数据支撑\06_D06_BASELINE_ROUTING\GIS\JB_Baseline_Healthcare_Accessibility_RSO.gpkg,Nature Portfolio_Project\01_前期数据支撑\06_D06_BASELINE_ROUTING\GIS\JB_Baseline_Healthcare_Accessibility_RSO.gpkg,JB_Baseline_Healthcare_Accessibility_RSO.gpkg,.gpkg,48787456,2026-10-04T23:27:45,8add70561c72aa9b2610fb9a70e9833f57d5c5183aa634623c8aa1aefec28401,2,False,False,
original,03_Nature_Portfolio_Project,D:\OneDrive\桌面\论文\2027年投稿期刊\论文项目\07_JB医疗可达性_洪水扰动下交通-网络韧性与公平性_SCS_Natural_Hazards\GPT数据\Nature Portfolio_Project\01_前期数据支撑\06_D06_BASELINE_ROUTING\GRAPH\D06_Routing_Graph_Arcs_Time.csv.gz,D:\OneDrive\桌面\论文\2027年投稿期刊\论文项目\07_JB医疗可达性_洪水扰动下交通-网络韧性与公平性_SCS_Natural_Hazards\GPT数据\Nature Portfolio_Project\01_前期数据支撑\06_D06_BASELINE_ROUTING\GRAPH\D06_Routing_Graph_Arcs_Time.csv.gz,Nature Portfolio_Project\01_前期数据支撑\06_D06_BASELINE_ROUTING\GRAPH\D06_Routing_Graph_Arcs_Time.csv.gz,D06_Routing_Graph_Arcs_Time.csv.gz,.csv.gz,18563933,2026-10-04T23:27:33,95c045e0473195a91bdbec181353edcf06e6bacab9f422655e06637e32dc33fc,1,True,False,
original,03_Nature_Portfolio_Project,D:\OneDrive\桌面\论文\2027年投稿期刊\论文项目\07_JB医疗可达性_洪水扰动下交通-网络韧性与公平性_SCS_Natural_Hazards\GPT数据\Nature Portfolio_Project\01_前期数据支撑\06_D06_BASELINE_ROUTING\GRAPH\D06_Routing_Graph_Nodes.csv.gz,D:\OneDrive\桌面\论文\2027年投稿期刊\论文项目\07_JB医疗可达性_洪水扰动下交通-网络韧性与公平性_SCS_Natural_Hazards\GPT数据\Nature Portfolio_Project\01_前期数据支撑\06_D06_BASELINE_ROUTING\GRAPH\D06_Routing_Graph_Nodes.csv.gz,Nature Portfolio_Project\01_前期数据支撑\06_D06_BASELINE_ROUTING\GRAPH\D06_Routing_Graph_Nodes.csv.gz,D06_Routing_Graph_Nodes.csv.gz,.csv.gz,3779587,2026-10-04T23:27:27,d100655e767ef3a449ce995009e666aa24db2e39a58284619b0251e1adc9c766,1,True,False,
original,03_Nature_Portfolio_Project,D:\OneDrive\桌面\论文\2027年投稿期刊\论文项目\07_JB医疗可达性_洪水扰动下交通-网络韧性与公平性_SCS_Natural_Hazards\GPT数据\Nature Portfolio_Project\01_前期数据支撑\06_D06_BASELINE_ROUTING\PACKAGES\D06R_Corrected_Baseline_Healthcare_Accessibility_v1.0.zip,D:\OneDrive\桌面\论文\2027年投稿期刊\论文项目\07_JB医疗可达性_洪水扰动下交通-网络韧性与公平性_SCS_Natural_Hazards\GPT数据\Nature Portfolio_Project\01_前期数据支撑\06_D06_BASELINE_ROUTING\PACKAGES\D06R_Corrected_Baseline_Healthcare_Accessibility_v1.0.zip,Nature Portfolio_Project\01_前期数据支撑\06_D06_BASELINE_ROUTING\PACKAGES\D06R_Corrected_Baseline_Healthcare_Accessibility_v1.0.zip,D06R_Corrected_Baseline_Healthcare_Accessibility_v1.0.zip,.zip,49503991,2026-10-05T14:41:04,d8e71048c6029856f691279ad6bafdcd23233afae505f2f12ed8b423fb1a7d50,1,True,False,
original,03_Nature_Portfolio_Project,D:\OneDrive\桌面\论文\2027年投稿期刊\论文项目\07_JB医疗可达性_洪水扰动下交通-网络韧性与公平性_SCS_Natural_Hazards\GPT数据\Nature Portfolio_Project\01_前期数据支撑\06_D06_BASELINE_ROUTING\QC\D06_Baseline_Routing_Accessibility_QC_Report.txt,D:\OneDrive\桌面\论文\2027年投稿期刊\论文项目\07_JB医疗可达性_洪水扰动下交通-网络韧性与公平性_SCS_Natural_Hazards\GPT数据\Nature Portfolio_Project\01_前期数据支撑\06_D06_BASELINE_ROUTING\QC\D06_Baseline_Routing_Accessibility_QC_Report.txt,Nature Portfolio_Project\01_前期数据支撑\06_D06_BASELINE_ROUTING\QC\D06_Baseline_Routing_Accessibility_QC_Report.txt,D06_Baseline_Routing_Accessibility_QC_Report.txt,.txt,4304,2026-10-04T23:25:36,6a821801f17a7cdd2e10032ddb470e18dd0662b2278b4b22b04c6307b7b7605f,2,False,False,
original,03_Nature_Portfolio_Project,D:\OneDrive\桌面\论文\2027年投稿期刊\论文项目\07_JB医疗可达性_洪水扰动下交通-网络韧性与公平性_SCS_Natural_Hazards\GPT数据\Nature Portfolio_Project\01_前期数据支撑\06_D06_BASELINE_ROUTING\SPEED_MODEL\D06_Reference_Speed_Model.csv,D:\OneDrive\桌面\论文\2027年投稿期刊\论文项目\07_JB医疗可达性_洪水扰动下交通-网络韧性与公平性_SCS_Natural_Hazards\GPT数据\Nature Portfolio_Project\01_前期数据支撑\06_D06_BASELINE_ROUTING\SPEED_MODEL\D06_Reference_Speed_Model.csv,Nature Portfolio_Project\01_前期数据支撑\06_D06_BASELINE_ROUTING\SPEED_MODEL\D06_Reference_Speed_Model.csv,D06_Reference_Speed_Model.csv,.csv,167,2026-10-04T23:25:45,ffb145e529d9d7516af6f466e338d2201bd4c164014f4c3f3b75dbdc040d4a7e,2,False,False,
original,03_Nature_Portfolio_Project,D:\OneDrive\桌面\论文\2027年投稿期刊\论文项目\07_JB医疗可达性_洪水扰动下交通-网络韧性与公平性_SCS_Natural_Hazards\GPT数据\Nature Portfolio_Project\01_前期数据支撑\07_D07_FLOOD_EVENT\D07E_IMERG\RAW\D07E_NASA_IMERG_Download_Helper\D07E_2025_JKR_Road_IMERG_Alignment.csv,D:\OneDrive\桌面\论文\2027年投稿期刊\论文项目\07_JB医疗可达性_洪水扰动下交通-网络韧性与公平性_SCS_Natural_Hazards\GPT数据\Nature Portfolio_Project\01_前期数据支撑\07_D07_FLOOD_EVENT\D07E_IMERG\RAW\D07E_NASA_IMERG_Download_Helper\D07E_2025_JKR_Road_IMERG_Alignment.csv,Nature Portfolio_Project\01_前期数据支撑\07_D07_FLOOD_EVENT\D07E_IMERG\RAW\D07E_NASA_IMERG_Download_Helper\D07E_2025_JKR_Road_IMERG_Alignment.csv,D07E_2025_JKR_Road_IMERG_Alignment.csv,.csv,3175,2026-10-05T11:36:43,8193162c7156050ca9865e6ec879b48fc83f1d131803c3bb7b33c917ac8756c8,2,False,False,
original,03_Nature_Portfolio_Project,D:\OneDrive\桌面\论文\2027年投稿期刊\论文项目\07_JB医疗可达性_洪水扰动下交通-网络韧性与公平性_SCS_Natural_Hazards\GPT数据\Nature Portfolio_Project\01_前期数据支撑\07_D07_FLOOD_EVENT\D07E_IMERG\RAW\D07E_NASA_IMERG_Download_Helper\D07E_D08_Gate_Decision.csv,D:\OneDrive\桌面\论文\2027年投稿期刊\论文项目\07_JB医疗可达性_洪水扰动下交通-网络韧性与公平性_SCS_Natural_Hazards\GPT数据\Nature Portfolio_Project\01_前期数据支撑\07_D07_FLOOD_EVENT\D07E_IMERG\RAW\D07E_NASA_IMERG_Download_Helper\D07E_D08_Gate_Decision.csv,Nature Portfolio_Project\01_前期数据支撑\07_D07_FLOOD_EVENT\D07E_IMERG\RAW\D07E_NASA_IMERG_Download_Helper\D07E_D08_Gate_Decision.csv,D07E_D08_Gate_Decision.csv,.csv,741,2026-10-05T11:36:44,7d12bc905dcd96f624893cb0256f41c24047b1e68e009d8a90c87b9efc7202f9,2,False,False,
original,03_Nature_Portfolio_Project,D:\OneDrive\桌面\论文\2027年投稿期刊\论文项目\07_JB医疗可达性_洪水扰动下交通-网络韧性与公平性_SCS_Natural_Hazards\GPT数据\Nature Portfolio_Project\01_前期数据支撑\07_D07_FLOOD_EVENT\D07E_IMERG\RAW\D07E_NASA_IMERG_Download_Helper\D07E_Downloaded_IMERG_Inventory.csv,D:\OneDrive\桌面\论文\2027年投稿期刊\论文项目\07_JB医疗可达性_洪水扰动下交通-网络韧性与公平性_SCS_Natural_Hazards\GPT数据\Nature Portfolio_Project\01_前期数据支撑\07_D07_FLOOD_EVENT\D07E_IMERG\RAW\D07E_NASA_IMERG_Download_Helper\D07E_Downloaded_IMERG_Inventory.csv,Nature Portfolio_Project\01_前期数据支撑\07_D07_FLOOD_EVENT\D07E_IMERG\RAW\D07E_NASA_IMERG_Download_Helper\D07E_Downloaded_IMERG_Inventory.csv,D07E_Downloaded_IMERG_Inventory.csv,.csv,28829,2026-10-05T11:12:32,80cca7aa2b1289fb31520f52b68800d2037d0f79560a6b1d15b294bbd3b6a9da,2,False,False,
original,03_Nature_Portfolio_Project,D:\OneDrive\桌面\论文\2027年投稿期刊\论文项目\07_JB医疗可达性_洪水扰动下交通-网络韧性与公平性_SCS_Natural_Hazards\GPT数据\Nature Portfolio_Project\01_前期数据支撑\07_D07_FLOOD_EVENT\D07E_IMERG\RAW\D07E_NASA_IMERG_Download_Helper\D07E_download_IMERG_144.py,D:\OneDrive\桌面\论文\2027年投稿期刊\论文项目\07_JB医疗可达性_洪水扰动下交通-网络韧性与公平性_SCS_Natural_Hazards\GPT数据\Nature Portfolio_Project\01_前期数据支撑\07_D07_FLOOD_EVENT\D07E_IMERG\RAW\D07E_NASA_IMERG_Download_Helper\D07E_download_IMERG_144.py,Nature Portfolio_Project\01_前期数据支撑\07_D07_FLOOD_EVENT\D07E_IMERG\RAW\D07E_NASA_IMERG_Download_Helper\D07E_download_IMERG_144.py,D07E_download_IMERG_144.py,.py,1713,2026-10-05T09:23:49,3cbdc1f2fd008684d1f628abc24e15994b9689fe28fd161a1158e063f7ca20fb,2,False,False,
original,03_Nature_Portfolio_Project,D:\OneDrive\桌面\论文\2027年投稿期刊\论文项目\07_JB医疗可达性_洪水扰动下交通-网络韧性与公平性_SCS_Natural_Hazards\GPT数据\Nature Portfolio_Project\01_前期数据支撑\07_D07_FLOOD_EVENT\D07E_IMERG\RAW\D07E_NASA_IMERG_Download_Helper\D07E_Final_IMERG_20250319_21_v1.0.zip,D:\OneDrive\桌面\论文\2027年投稿期刊\论文项目\07_JB医疗可达性_洪水扰动下交通-网络韧性与公平性_SCS_Natural_Hazards\GPT数据\Nature Portfolio_Project\01_前期数据支撑\07_D07_FLOOD_EVENT\D07E_IMERG\RAW\D07E_NASA_IMERG_Download_Helper\D07E_Final_IMERG_20250319_21_v1.0.zip,Nature Portfolio_Project\01_前期数据支撑\07_D07_FLOOD_EVENT\D07E_IMERG\RAW\D07E_NASA_IMERG_Download_Helper\D07E_Final_IMERG_20250319_21_v1.0.zip,D07E_Final_IMERG_20250319_21_v1.0.zip,.zip,749859,2026-10-05T11:36:16,38df6f38870e57a939d632df5760ad6b1dc3a6d5946d6245afe04efc7eb02b22,1,True,False,
original,03_Nature_Portfolio_Project,D:\OneDrive\桌面\论文\2027年投稿期刊\论文项目\07_JB医疗可达性_洪水扰动下交通-网络韧性与公平性_SCS_Natural_Hazards\GPT数据\Nature Portfolio_Project\01_前期数据支撑\07_D07_FLOOD_EVENT\D07E_IMERG\RAW\D07E_NASA_IMERG_Download_Helper\D07E_Final_QC_Report.txt,D:\OneDrive\桌面\论文\2027年投稿期刊\论文项目\07_JB医疗可达性_洪水扰动下交通-网络韧性与公平性_SCS_Natural_Hazards\GPT数据\Nature Portfolio_Project\01_前期数据支撑\07_D07_FLOOD_EVENT\D07E_IMERG\RAW\D07E_NASA_IMERG_Download_Helper\D07E_Final_QC_Report.txt,Nature Portfolio_Project\01_前期数据支撑\07_D07_FLOOD_EVENT\D07E_IMERG\RAW\D07E_NASA_IMERG_Download_Helper\D07E_Final_QC_Report.txt,D07E_Final_QC_Report.txt,.txt,5030,2026-10-05T11:36:44,ef3744a64fccd8425e52b5cd102778b3b86ac2ddd1bc54aebc26c0fc1f7d742b,2,False,False,
original,03_Nature_Portfolio_Project,D:\OneDrive\桌面\论文\2027年投稿期刊\论文项目\07_JB医疗可达性_洪水扰动下交通-网络韧性与公平性_SCS_Natural_Hazards\GPT数据\Nature Portfolio_Project\01_前期数据支撑\07_D07_FLOOD_EVENT\D07E_IMERG\RAW\D07E_NASA_IMERG_Download_Helper\D07E_IMERG_144_HDF5_Inventory_SHA256.csv,D:\OneDrive\桌面\论文\2027年投稿期刊\论文项目\07_JB医疗可达性_洪水扰动下交通-网络韧性与公平性_SCS_Natural_Hazards\GPT数据\Nature Portfolio_Project\01_前期数据支撑\07_D07_FLOOD_EVENT\D07E_IMERG\RAW\D07E_NASA_IMERG_Download_Helper\D07E_IMERG_144_HDF5_Inventory_SHA256.csv,Nature Portfolio_Project\01_前期数据支撑\07_D07_FLOOD_EVENT\D07E_IMERG\RAW\D07E_NASA_IMERG_Download_Helper\D07E_IMERG_144_HDF5_Inventory_SHA256.csv,D07E_IMERG_144_HDF5_Inventory_SHA256.csv,.csv,31788,2026-10-05T11:36:40,210dcf72158e7588ad8e7e4e5670439cccdcd026e9892410fa52dbcc9467e836,2,False,False,
original,03_Nature_Portfolio_Project,D:\OneDrive\桌面\论文\2027年投稿期刊\论文项目\07_JB医疗可达性_洪水扰动下交通-网络韧性与公平性_SCS_Natural_Hazards\GPT数据\Nature Portfolio_Project\01_前期数据支撑\07_D07_FLOOD_EVENT\D07E_IMERG\RAW\D07E_NASA_IMERG_Download_Helper\D07E_IMERG_JB_20Cells_HalfHourly.csv.gz,D:\OneDrive\桌面\论文\2027年投稿期刊\论文项目\07_JB医疗可达性_洪水扰动下交通-网络韧性与公平性_SCS_Natural_Hazards\GPT数据\Nature Portfolio_Project\01_前期数据支撑\07_D07_FLOOD_EVENT\D07E_IMERG\RAW\D07E_NASA_IMERG_Download_Helper\D07E_IMERG_JB_20Cells_HalfHourly.csv.gz,Nature Portfolio_Project\01_前期数据支撑\07_D07_FLOOD_EVENT\D07E_IMERG\RAW\D07E_NASA_IMERG_Download_Helper\D07E_IMERG_JB_20Cells_HalfHourly.csv.gz,D07E_IMERG_JB_20Cells_HalfHourly.csv.gz,.csv.gz,139895,2026-10-05T11:36:24,6d4991b40e8edf85eb812d3c8f34ef7f518907afaaa6e6cad1760b7c39e9fa64,1,True,False,
original,03_Nature_Portfolio_Project,D:\OneDrive\桌面\论文\2027年投稿期刊\论文项目\07_JB医疗可达性_洪水扰动下交通-网络韧性与公平性_SCS_Natural_Hazards\GPT数据\Nature Portfolio_Project\01_前期数据支撑\07_D07_FLOOD_EVENT\D07E_IMERG\RAW\D07E_NASA_IMERG_Download_Helper\D07E_IMERG_JB_Cell_Peaks_and_Daily.csv,D:\OneDrive\桌面\论文\2027年投稿期刊\论文项目\07_JB医疗可达性_洪水扰动下交通-网络韧性与公平性_SCS_Natural_Hazards\GPT数据\Nature Portfolio_Project\01_前期数据支撑\07_D07_FLOOD_EVENT\D07E_IMERG\RAW\D07E_NASA_IMERG_Download_Helper\D07E_IMERG_JB_Cell_Peaks_and_Daily.csv,Nature Portfolio_Project\01_前期数据支撑\07_D07_FLOOD_EVENT\D07E_IMERG\RAW\D07E_NASA_IMERG_Download_Helper\D07E_IMERG_JB_Cell_Peaks_and_Daily.csv,D07E_IMERG_JB_Cell_Peaks_and_Daily.csv,.csv,8362,2026-10-05T11:36:41,1e2f25dd9f31a3ee8d13a17934ccb20f953f4e3f34112a7c5ad432624acd24e3,2,False,False,
original,03_Nature_Portfolio_Project,D:\OneDrive\桌面\论文\2027年投稿期刊\论文项目\07_JB医疗可达性_洪水扰动下交通-网络韧性与公平性_SCS_Natural_Hazards\GPT数据\Nature Portfolio_Project\01_前期数据支撑\07_D07_FLOOD_EVENT\D07E_IMERG\RAW\D07E_NASA_IMERG_Download_Helper\D07E_IMERG_JB_Grid_Peaks_WGS84.gpkg,D:\OneDrive\桌面\论文\2027年投稿期刊\论文项目\07_JB医疗可达性_洪水扰动下交通-网络韧性与公平性_SCS_Natural_Hazards\GPT数据\Nature Portfolio_Project\01_前期数据支撑\07_D07_FLOOD_EVENT\D07E_IMERG\RAW\D07E_NASA_IMERG_Download_Helper\D07E_IMERG_JB_Grid_Peaks_WGS84.gpkg,Nature Portfolio_Project\01_前期数据支撑\07_D07_FLOOD_EVENT\D07E_IMERG\RAW\D07E_NASA_IMERG_Download_Helper\D07E_IMERG_JB_Grid_Peaks_WGS84.gpkg,D07E_IMERG_JB_Grid_Peaks_WGS84.gpkg,.gpkg,143360,2026-10-05T11:36:30,d24868dea57402fb34daa1e6e8cbcb3baf6cd4308274f6d2c8ca3b32d12f3bd8,2,False,False,
original,03_Nature_Portfolio_Project,D:\OneDrive\桌面\论文\2027年投稿期刊\论文项目\07_JB医疗可达性_洪水扰动下交通-网络韧性与公平性_SCS_Natural_Hazards\GPT数据\Nature Portfolio_Project\01_前期数据支撑\07_D07_FLOOD_EVENT\D07E_IMERG\RAW\D07E_NASA_IMERG_Download_Helper\D07E_NASA_IMERG_Download_Helper.zip,D:\OneDrive\桌面\论文\2027年投稿期刊\论文项目\07_JB医疗可达性_洪水扰动下交通-网络韧性与公平性_SCS_Natural_Hazards\GPT数据\Nature Portfolio_Project\01_前期数据支撑\07_D07_FLOOD_EVENT\D07E_IMERG\RAW\D07E_NASA_IMERG_Download_Helper\D07E_NASA_IMERG_Download_Helper.zip,Nature Portfolio_Project\01_前期数据支撑\07_D07_FLOOD_EVENT\D07E_IMERG\RAW\D07E_NASA_IMERG_Download_Helper\D07E_NASA_IMERG_Download_Helper.zip,D07E_NASA_IMERG_Download_Helper.zip,.zip,2192,2026-10-05T11:02:19,ba6e956bd20db42c95d661ceeeabd53c3a80b7740324e356476d9220d30a020b,1,True,False,
original,03_Nature_Portfolio_Project,D:\OneDrive\桌面\论文\2027年投稿期刊\论文项目\07_JB医疗可达性_洪水扰动下交通-网络韧性与公平性_SCS_Natural_Hazards\GPT数据\Nature Portfolio_Project\01_前期数据支撑\07_D07_FLOOD_EVENT\D07E_IMERG\RAW\D07E_NASA_IMERG_Download_Helper\D07E_Senai_MET_vs_IMERG_Daily.csv,D:\OneDrive\桌面\论文\2027年投稿期刊\论文项目\07_JB医疗可达性_洪水扰动下交通-网络韧性与公平性_SCS_Natural_Hazards\GPT数据\Nature Portfolio_Project\01_前期数据支撑\07_D07_FLOOD_EVENT\D07E_IMERG\RAW\D07E_NASA_IMERG_Download_Helper\D07E_Senai_MET_vs_IMERG_Daily.csv,Nature Portfolio_Project\01_前期数据支撑\07_D07_FLOOD_EVENT\D07E_IMERG\RAW\D07E_NASA_IMERG_Download_Helper\D07E_Senai_MET_vs_IMERG_Daily.csv,D07E_Senai_MET_vs_IMERG_Daily.csv,.csv,440,2026-10-05T11:36:40,37e70e897e31c6e89e3a4cd31429ebb9c360d07fac3c0f9472b48ffd88a6bc45,2,False,False,
original,03_Nature_Portfolio_Project,D:\OneDrive\桌面\论文\2027年投稿期刊\论文项目\07_JB医疗可达性_洪水扰动下交通-网络韧性与公平性_SCS_Natural_Hazards\GPT数据\Nature Portfolio_Project\01_前期数据支撑\07_D07_FLOOD_EVENT\D07E_IMERG\RAW\D07E_NASA_IMERG_Download_Helper\RAW_AUTHENTICATED.zip,D:\OneDrive\桌面\论文\2027年投稿期刊\论文项目\07_JB医疗可达性_洪水扰动下交通-网络韧性与公平性_SCS_Natural_Hazards\GPT数据\Nature Portfolio_Project\01_前期数据支撑\07_D07_FLOOD_EVENT\D07E_IMERG\RAW\D07E_NASA_IMERG_Download_Helper\RAW_AUTHENTICATED.zip,Nature Portfolio_Project\01_前期数据支撑\07_D07_FLOOD_EVENT\D07E_IMERG\RAW\D07E_NASA_IMERG_Download_Helper\RAW_AUTHENTICATED.zip,RAW_AUTHENTICATED.zip,.zip,1059408042,2026-10-05T11:15:09,ba9b1606cdc80485a0fde3622f1774fb680871da148d6d6f3f7a9963c6aae2fd,1,True,False,
original,03_Nature_Portfolio_Project,D:\OneDrive\桌面\论文\2027年投稿期刊\论文项目\07_JB医疗可达性_洪水扰动下交通-网络韧性与公平性_SCS_Natural_Hazards\GPT数据\Nature Portfolio_Project\01_前期数据支撑\07_D07_FLOOD_EVENT\D07E_IMERG\RAW\D07E_NASA_IMERG_Download_Helper\README_CN.txt,D:\OneDrive\桌面\论文\2027年投稿期刊\论文项目\07_JB医疗可达性_洪水扰动下交通-网络韧性与公平性_SCS_Natural_Hazards\GPT数据\Nature Portfolio_Project\01_前期数据支撑\07_D07_FLOOD_EVENT\D07E_IMERG\RAW\D07E_NASA_IMERG_Download_Helper\README_CN.txt,Nature Portfolio_Project\01_前期数据支撑\07_D07_FLOOD_EVENT\D07E_IMERG\RAW\D07E_NASA_IMERG_Download_Helper\README_CN.txt,README_CN.txt,.txt,673,2026-10-05T09:23:49,c0e49e0576486a122ad2cc5af6e50abb90dea97bb054877652e934f3ebf9b152,2,False,False,
original,03_Nature_Portfolio_Project,D:\OneDrive\桌面\论文\2027年投稿期刊\论文项目\07_JB医疗可达性_洪水扰动下交通-网络韧性与公平性_SCS_Natural_Hazards\GPT数据\Nature Portfolio_Project\01_前期数据支撑\07_D07_FLOOD_EVENT\D07E_IMERG\RAW\D07E_NASA_IMERG_Download_Helper\RUN_D07E_DOWNLOAD.bat,D:\OneDrive\桌面\论文\2027年投稿期刊\论文项目\07_JB医疗可达性_洪水扰动下交通-网络韧性与公平性_SCS_Natural_Hazards\GPT数据\Nature Portfolio_Project\01_前期数据支撑\07_D07_FLOOD_EVENT\D07E_IMERG\RAW\D07E_NASA_IMERG_Download_Helper\RUN_D07E_DOWNLOAD.bat,Nature Portfolio_Project\01_前期数据支撑\07_D07_FLOOD_EVENT\D07E_IMERG\RAW\D07E_NASA_IMERG_Download_Helper\RUN_D07E_DOWNLOAD.bat,RUN_D07E_DOWNLOAD.bat,.bat,222,2026-10-05T09:23:49,40542fa2ba855c3411f1e469733dbe291934882f8c96ab80d3d64d4b871b8858,2,False,False,
original,03_Nature_Portfolio_Project,D:\OneDrive\桌面\论文\2027年投稿期刊\论文项目\07_JB医疗可达性_洪水扰动下交通-网络韧性与公平性_SCS_Natural_Hazards\GPT数据\Nature Portfolio_Project\01_前期数据支撑\07_D07_FLOOD_EVENT\D07E_IMERG\RAW\D07E_NASA_IMERG_Download_Helper\RAW_AUTHENTICATED\3B-HHR.MS.MRG.3IMERG.20250318-S160000-E162959.0960.V07B.HDF5,D:\OneDrive\桌面\论文\2027年投稿期刊\论文项目\07_JB医疗可达性_洪水扰动下交通-网络韧性与公平性_SCS_Natural_Hazards\GPT数据\Nature Portfolio_Project\01_前期数据支撑\07_D07_FLOOD_EVENT\D07E_IMERG\RAW\D07E_NASA_IMERG_Download_Helper\RAW_AUTHENTICATED\3B-HHR.MS.MRG.3IMERG.20250318-S160000-E162959.0960.V07B.HDF5,Nature Portfolio_Project\01_前期数据支撑\07_D07_FLOOD_EVENT\D07E_IMERG\RAW\D07E_NASA_IMERG_Download_Helper\RAW_AUTHENTICATED\3B-HHR.MS.MRG.3IMERG.20250318-S160000-E162959.0960.V07B.HDF5,3B-HHR.MS.MRG.3IMERG.20250318-S160000-E162959.0960.V07B.HDF5,.HDF5,7877106,2026-10-05T11:11:46,348fc5f371b59620cd0f48698ffb082c89ca8a601f4b7bcfacfe885845055094,1,False,False,
original,03_Nature_Portfolio_Project,D:\OneDrive\桌面\论文\2027年投稿期刊\论文项目\07_JB医疗可达性_洪水扰动下交通-网络韧性与公平性_SCS_Natural_Hazards\GPT数据\Nature Portfolio_Project\01_前期数据支撑\07_D07_FLOOD_EVENT\D07E_IMERG\RAW\D07E_NASA_IMERG_Download_Helper\RAW_AUTHENTICATED\3B-HHR.MS.MRG.3IMERG.20250318-S163000-E165959.0990.V07B.HDF5,D:\OneDrive\桌面\论文\2027年投稿期刊\论文项目\07_JB医疗可达性_洪水扰动下交通-网络韧性与公平性_SCS_Natural_Hazards\GPT数据\Nature Portfolio_Project\01_前期数据支撑\07_D07_FLOOD_EVENT\D07E_IMERG\RAW\D07E_NASA_IMERG_Download_Helper\RAW_AUTHENTICATED\3B-HHR.MS.MRG.3IMERG.20250318-S163000-E165959.0990.V07B.HDF5,Nature Portfolio_Project\01_前期数据支撑\07_D07_FLOOD_EVENT\D07E_IMERG\RAW\D07E_NASA_IMERG_Download_Helper\RAW_AUTHENTICATED\3B-HHR.MS.MRG.3IMERG.20250318-S163000-E165959.0990.V07B.HDF5,3B-HHR.MS.MRG.3IMERG.20250318-S163000-E165959.0990.V07B.HDF5,.HDF5,7918300,2026-10-05T11:11:46,235fa12d651bf313b051324b95fe57cd4320e61e07b76971a397f0dcba5b064a,1,False,False,
original,03_Nature_Portfolio_Project,D:\OneDrive\桌面\论文\2027年投稿期刊\论文项目\07_JB医疗可达性_洪水扰动下交通-网络韧性与公平性_SCS_Natural_Hazards\GPT数据\Nature Portfolio_Project\01_前期数据支撑\07_D07_FLOOD_EVENT\D07E_IMERG\RAW\D07E_NASA_IMERG_Download_Helper\RAW_AUTHENTICATED\3B-HHR.MS.MRG.3IMERG.20250318-S170000-E172959.1020.V07B.HDF5,D:\OneDrive\桌面\论文\2027年投稿期刊\论文项目\07_JB医疗可达性_洪水扰动下交通-网络韧性与公平性_SCS_Natural_Hazards\GPT数据\Nature Portfolio_Project\01_前期数据支撑\07_D07_FLOOD_EVENT\D07E_IMERG\RAW\D07E_NASA_IMERG_Download_Helper\RAW_AUTHENTICATED\3B-HHR.MS.MRG.3IMERG.20250318-S170000-E172959.1020.V07B.HDF5,Nature Portfolio_Project\01_前期数据支撑\07_D07_FLOOD_EVENT\D07E_IMERG\RAW\D07E_NASA_IMERG_Download_Helper\RAW_AUTHENTICATED\3B-HHR.MS.MRG.3IMERG.20250318-S170000-E172959.1020.V07B.HDF5,3B-HHR.MS.MRG.3IMERG.20250318-S170000-E172959.1020.V07B.HDF5,.HDF5,7986045,2026-10-05T11:11:46,0dbd71c4de723a6005f50517f23c75e169a13b772074530dc0607947b5e4050c,1,False,False,
original,03_Nature_Portfolio_Project,D:\OneDrive\桌面\论文\2027年投稿期刊\论文项目\07_JB医疗可达性_洪水扰动下交通-网络韧性与公平性_SCS_Natural_Hazards\GPT数据\Nature Portfolio_Project\01_前期数据支撑\07_D07_FLOOD_EVENT\D07E_IMERG\RAW\D07E_NASA_IMERG_Download_Helper\RAW_AUTHENTICATED\3B-HHR.MS.MRG.3IMERG.20250318-S173000-E175959.1050.V07B.HDF5,D:\OneDrive\桌面\论文\2027年投稿期刊\论文项目\07_JB医疗可达性_洪水扰动下交通-网络韧性与公平性_SCS_Natural_Hazards\GPT数据\Nature Portfolio_Project\01_前期数据支撑\07_D07_FLOOD_EVENT\D07E_IMERG\RAW\D07E_NASA_IMERG_Download_Helper\RAW_AUTHENTICATED\3B-HHR.MS.MRG.3IMERG.20250318-S173000-E175959.1050.V07B.HDF5,Nature Portfolio_Project\01_前期数据支撑\07_D07_FLOOD_EVENT\D07E_IMERG\RAW\D07E_NASA_IMERG_Download_Helper\RAW_AUTHENTICATED\3B-HHR.MS.MRG.3IMERG.20250318-S173000-E175959.1050.V07B.HDF5,3B-HHR.MS.MRG.3IMERG.20250318-S173000-E175959.1050.V07B.HDF5,.HDF5,7844169,2026-10-05T11:11:47,f3aa88347e0e8c0bb8f9ebd6ba276ef1ae22db9a9d8b7e0f5e4f03d4c375ba72,1,False,False,
original,03_Nature_Portfolio_Project,D:\OneDrive\桌面\论文\2027年投稿期刊\论文项目\07_JB医疗可达性_洪水扰动下交通-网络韧性与公平性_SCS_Natural_Hazards\GPT数据\Nature Portfolio_Project\01_前期数据支撑\07_D07_FLOOD_EVENT\D07E_IMERG\RAW\D07E_NASA_IMERG_Download_Helper\RAW_AUTHENTICATED\3B-HHR.MS.MRG.3IMERG.20250318-S180000-E182959.1080.V07B.HDF5,D:\OneDrive\桌面\论文\2027年投稿期刊\论文项目\07_JB医疗可达性_洪水扰动下交通-网络韧性与公平性_SCS_Natural_Hazards\GPT数据\Nature Portfolio_Project\01_前期数据支撑\07_D07_FLOOD_EVENT\D07E_IMERG\RAW\D07E_NASA_IMERG_Download_Helper\RAW_AUTHENTICATED\3B-HHR.MS.MRG.3IMERG.20250318-S180000-E182959.1080.V07B.HDF5,Nature Portfolio_Project\01_前期数据支撑\07_D07_FLOOD_EVENT\D07E_IMERG\RAW\D07E_NASA_IMERG_Download_Helper\RAW_AUTHENTICATED\3B-HHR.MS.MRG.3IMERG.20250318-S180000-E182959.1080.V07B.HDF5,3B-HHR.MS.MRG.3IMERG.20250318-S180000-E182959.1080.V07B.HDF5,.HDF5,7940637,2026-10-05T11:11:46,eef200b67e2932686769072d6f50047d17a74d70976a0b908f16e4f153dbf238,1,False,False,
original,03_Nature_Portfolio_Project,D:\OneDrive\桌面\论文\2027年投稿期刊\论文项目\07_JB医疗可达性_洪水扰动下交通-网络韧性与公平性_SCS_Natural_Hazards\GPT数据\Nature Portfolio_Project\01_前期数据支撑\07_D07_FLOOD_EVENT\D07E_IMERG\RAW\D07E_NASA_IMERG_Download_Helper\RAW_AUTHENTICATED\3B-HHR.MS.MRG.3IMERG.20250318-S183000-E185959.1110.V07B.HDF5,D:\OneDrive\桌面\论文\2027年投稿期刊\论文项目\07_JB医疗可达性_洪水扰动下交通-网络韧性与公平性_SCS_Natural_Hazards\GPT数据\Nature Portfolio_Project\01_前期数据支撑\07_D07_FLOOD_EVENT\D07E_IMERG\RAW\D07E_NASA_IMERG_Download_Helper\RAW_AUTHENTICATED\3B-HHR.MS.MRG.3IMERG.20250318-S183000-E185959.1110.V07B.HDF5,Nature Portfolio_Project\01_前期数据支撑\07_D07_FLOOD_EVENT\D07E_IMERG\RAW\D07E_NASA_IMERG_Download_Helper\RAW_AUTHENTICATED\3B-HHR.MS.MRG.3IMERG.20250318-S183000-E185959.1110.V07B.HDF5,3B-HHR.MS.MRG.3IMERG.20250318-S183000-E185959.1110.V07B.HDF5,.HDF5,7988444,2026-10-05T11:11:46,989a71035ab449eacf6860d685cfb8df865ef51e0a7b73d767bb4e6ee73fbe73,1,False,False,
original,03_Nature_Portfolio_Project,D:\OneDrive\桌面\论文\2027年投稿期刊\论文项目\07_JB医疗可达性_洪水扰动下交通-网络韧性与公平性_SCS_Natural_Hazards\GPT数据\Nature Portfolio_Project\01_前期数据支撑\07_D07_FLOOD_EVENT\D07E_IMERG\RAW\D07E_NASA_IMERG_Download_Helper\RAW_AUTHENTICATED\3B-HHR.MS.MRG.3IMERG.20250318-S190000-E192959.1140.V07B.HDF5,D:\OneDrive\桌面\论文\2027年投稿期刊\论文项目\07_JB医疗可达性_洪水扰动下交通-网络韧性与公平性_SCS_Natural_Hazards\GPT数据\Nature Portfolio_Project\01_前期数据支撑\07_D07_FLOOD_EVENT\D07E_IMERG\RAW\D07E_NASA_IMERG_Download_Helper\RAW_AUTHENTICATED\3B-HHR.MS.MRG.3IMERG.20250318-S190000-E192959.1140.V07B.HDF5,Nature Portfolio_Project\01_前期数据支撑\07_D07_FLOOD_EVENT\D07E_IMERG\RAW\D07E_NASA_IMERG_Download_Helper\RAW_AUTHENTICATED\3B-HHR.MS.MRG.3IMERG.20250318-S190000-E192959.1140.V07B.HDF5,3B-HHR.MS.MRG.3IMERG.20250318-S190000-E192959.1140.V07B.HDF5,.HDF5,7908507,2026-10-05T11:11:46,f5dc78bc2a5928a80d88be3d1350da654a33ca4d4fae80635da34e6dae6fdcdf,1,False,False,
original,03_Nature_Portfolio_Project,D:\OneDrive\桌面\论文\2027年投稿期刊\论文项目\07_JB医疗可达性_洪水扰动下交通-网络韧性与公平性_SCS_Natural_Hazards\GPT数据\Nature Portfolio_Project\01_前期数据支撑\07_D07_FLOOD_EVENT\D07E_IMERG\RAW\D07E_NASA_IMERG_Download_Helper\RAW_AUTHENTICATED\3B-HHR.MS.MRG.3IMERG.20250318-S193000-E195959.1170.V07B.HDF5,D:\OneDrive\桌面\论文\2027年投稿期刊\论文项目\07_JB医疗可达性_洪水扰动下交通-网络韧性与公平性_SCS_Natural_Hazards\GPT数据\Nature Portfolio_Project\01_前期数据支撑\07_D07_FLOOD_EVENT\D07E_IMERG\RAW\D07E_NASA_IMERG_Download_Helper\RAW_AUTHENTICATED\3B-HHR.MS.MRG.3IMERG.20250318-S193000-E195959.1170.V07B.HDF5,Nature Portfolio_Project\01_前期数据支撑\07_D07_FLOOD_EVENT\D07E_IMERG\RAW\D07E_NASA_IMERG_Download_Helper\RAW_AUTHENTICATED\3B-HHR.MS.MRG.3IMERG.20250318-S193000-E195959.1170.V07B.HDF5,3B-HHR.MS.MRG.3IMERG.20250318-S193000-E195959.1170.V07B.HDF5,.HDF5,7986266,2026-10-05T11:11:46,c5cb612ee8bc2e1e316e691ca948e4c89a4294b388274d246c324dad9fa13a61,1,False,False,
original,03_Nature_Portfolio_Project,D:\OneDrive\桌面\论文\2027年投稿期刊\论文项目\07_JB医疗可达性_洪水扰动下交通-网络韧性与公平性_SCS_Natural_Hazards\GPT数据\Nature Portfolio_Project\01_前期数据支撑\07_D07_FLOOD_EVENT\D07E_IMERG\RAW\D07E_NASA_IMERG_Download_Helper\RAW_AUTHENTICATED\3B-HHR.MS.MRG.3IMERG.20250318-S200000-E202959.1200.V07B.HDF5,D:\OneDrive\桌面\论文\2027年投稿期刊\论文项目\07_JB医疗可达性_洪水扰动下交通-网络韧性与公平性_SCS_Natural_Hazards\GPT数据\Nature Portfolio_Project\01_前期数据支撑\07_D07_FLOOD_EVENT\D07E_IMERG\RAW\D07E_NASA_IMERG_Download_Helper\RAW_AUTHENTICATED\3B-HHR.MS.MRG.3IMERG.20250318-S200000-E202959.1200.V07B.HDF5,Nature Portfolio_Project\01_前期数据支撑\07_D07_FLOOD_EVENT\D07E_IMERG\RAW\D07E_NASA_IMERG_Download_Helper\RAW_AUTHENTICATED\3B-HHR.MS.MRG.3IMERG.20250318-S200000-E202959.1200.V07B.HDF5,3B-HHR.MS.MRG.3IMERG.20250318-S200000-E202959.1200.V07B.HDF5,.HDF5,7851108,2026-10-05T11:11:49,b150577a96c5d8214a3c76601be80b9a272a44871367b343f98ce2f0676f9a54,1,False,False,
original,03_Nature_Portfolio_Project,D:\OneDrive\桌面\论文\2027年投稿期刊\论文项目\07_JB医疗可达性_洪水扰动下交通-网络韧性与公平性_SCS_Natural_Hazards\GPT数据\Nature Portfolio_Project\01_前期数据支撑\07_D07_FLOOD_EVENT\D07E_IMERG\RAW\D07E_NASA_IMERG_Download_Helper\RAW_AUTHENTICATED\3B-HHR.MS.MRG.3IMERG.20250318-S203000-E205959.1230.V07B.HDF5,D:\OneDrive\桌面\论文\2027年投稿期刊\论文项目\07_JB医疗可达性_洪水扰动下交通-网络韧性与公平性_SCS_Natural_Hazards\GPT数据\Nature Portfolio_Project\01_前期数据支撑\07_D07_FLOOD_EVENT\D07E_IMERG\RAW\D07E_NASA_IMERG_Download_Helper\RAW_AUTHENTICATED\3B-HHR.MS.MRG.3IMERG.20250318-S203000-E205959.1230.V07B.HDF5,Nature Portfolio_Project\01_前期数据支撑\07_D07_FLOOD_EVENT\D07E_IMERG\RAW\D07E_NASA_IMERG_Download_Helper\RAW_AUTHENTICATED\3B-HHR.MS.MRG.3IMERG.20250318-S203000-E205959.1230.V07B.HDF5,3B-HHR.MS.MRG.3IMERG.20250318-S203000-E205959.1230.V07B.HDF5,.HDF5,7929765,2026-10-05T11:11:50,29a92f3ef192afcda7fe78e587111f593e0ed38e6b1a9783cc5154cbab6a11ac,1,False,False,
original,03_Nature_Portfolio_Project,D:\OneDrive\桌面\论文\2027年投稿期刊\论文项目\07_JB医疗可达性_洪水扰动下交通-网络韧性与公平性_SCS_Natural_Hazards\GPT数据\Nature Portfolio_Project\01_前期数据支撑\07_D07_FLOOD_EVENT\D07E_IMERG\RAW\D07E_NASA_IMERG_Download_Helper\RAW_AUTHENTICATED\3B-HHR.MS.MRG.3IMERG.20250318-S210000-E212959.1260.V07B.HDF5,D:\OneDrive\桌面\论文\2027年投稿期刊\论文项目\07_JB医疗可达性_洪水扰动下交通-网络韧性与公平性_SCS_Natural_Hazards\GPT数据\Nature Portfolio_Project\01_前期数据支撑\07_D07_FLOOD_EVENT\D07E_IMERG\RAW\D07E_NASA_IMERG_Download_Helper\RAW_AUTHENTICATED\3B-HHR.MS.MRG.3IMERG.20250318-S210000-E212959.1260.V07B.HDF5,Nature Portfolio_Project\01_前期数据支撑\07_D07_FLOOD_EVENT\D07E_IMERG\RAW\D07E_NASA_IMERG_Download_Helper\RAW_AUTHENTICATED\3B-HHR.MS.MRG.3IMERG.20250318-S210000-E212959.1260.V07B.HDF5,3B-HHR.MS.MRG.3IMERG.20250318-S210000-E212959.1260.V07B.HDF5,.HDF5,7878238,2026-10-05T11:11:49,3926734e5ff272d5694f03172be22ce0b93f59a389c282d81d652ae35047f7c8,1,False,False,
original,03_Nature_Portfolio_Project,D:\OneDrive\桌面\论文\2027年投稿期刊\论文项目\07_JB医疗可达性_洪水扰动下交通-网络韧性与公平性_SCS_Natural_Hazards\GPT数据\Nature Portfolio_Project\01_前期数据支撑\07_D07_FLOOD_EVENT\D07E_IMERG\RAW\D07E_NASA_IMERG_Download_Helper\RAW_AUTHENTICATED\3B-HHR.MS.MRG.3IMERG.20250318-S213000-E215959.1290.V07B.HDF5,D:\OneDrive\桌面\论文\2027年投稿期刊\论文项目\07_JB医疗可达性_洪水扰动下交通-网络韧性与公平性_SCS_Natural_Hazards\GPT数据\Nature Portfolio_Project\01_前期数据支撑\07_D07_FLOOD_EVENT\D07E_IMERG\RAW\D07E_NASA_IMERG_Download_Helper\RAW_AUTHENTICATED\3B-HHR.MS.MRG.3IMERG.20250318-S213000-E215959.1290.V07B.HDF5,Nature Portfolio_Project\01_前期数据支撑\07_D07_FLOOD_EVENT\D07E_IMERG\RAW\D07E_NASA_IMERG_Download_Helper\RAW_AUTHENTICATED\3B-HHR.MS.MRG.3IMERG.20250318-S213000-E215959.1290.V07B.HDF5,3B-HHR.MS.MRG.3IMERG.20250318-S213000-E215959.1290.V07B.HDF5,.HDF5,7892570,2026-10-05T11:11:49,025d617e9a2f456468a136c1a498504907321f95249e432479607e7560211d86,1,False,False,
original,03_Nature_Portfolio_Project,D:\OneDrive\桌面\论文\2027年投稿期刊\论文项目\07_JB医疗可达性_洪水扰动下交通-网络韧性与公平性_SCS_Natural_Hazards\GPT数据\Nature Portfolio_Project\01_前期数据支撑\07_D07_FLOOD_EVENT\D07E_IMERG\RAW\D07E_NASA_IMERG_Download_Helper\RAW_AUTHENTICATED\3B-HHR.MS.MRG.3IMERG.20250318-S220000-E222959.1320.V07B.HDF5,D:\OneDrive\桌面\论文\2027年投稿期刊\论文项目\07_JB医疗可达性_洪水扰动下交通-网络韧性与公平性_SCS_Natural_Hazards\GPT数据\Nature Portfolio_Project\01_前期数据支撑\07_D07_FLOOD_EVENT\D07E_IMERG\RAW\D07E_NASA_IMERG_Download_Helper\RAW_AUTHENTICATED\3B-HHR.MS.MRG.3IMERG.20250318-S220000-E222959.1320.V07B.HDF5,Nature Portfolio_Project\01_前期数据支撑\07_D07_FLOOD_EVENT\D07E_IMERG\RAW\D07E_NASA_IMERG_Download_Helper\RAW_AUTHENTICATED\3B-HHR.MS.MRG.3IMERG.20250318-S220000-E222959.1320.V07B.HDF5,3B-HHR.MS.MRG.3IMERG.20250318-S220000-E222959.1320.V07B.HDF5,.HDF5,7780870,2026-10-05T11:11:49,6d6495001507cef9a19031b268ab0d88faf0776b01c72c35fa68e122b7fb9540,1,False,False,
original,03_Nature_Portfolio_Project,D:\OneDrive\桌面\论文\2027年投稿期刊\论文项目\07_JB医疗可达性_洪水扰动下交通-网络韧性与公平性_SCS_Natural_Hazards\GPT数据\Nature Portfolio_Project\01_前期数据支撑\07_D07_FLOOD_EVENT\D07E_IMERG\RAW\D07E_NASA_IMERG_Download_Helper\RAW_AUTHENTICATED\3B-HHR.MS.MRG.3IMERG.20250318-S223000-E225959.1350.V07B.HDF5,D:\OneDrive\桌面\论文\2027年投稿期刊\论文项目\07_JB医疗可达性_洪水扰动下交通-网络韧性与公平性_SCS_Natural_Hazards\GPT数据\Nature Portfolio_Project\01_前期数据支撑\07_D07_FLOOD_EVENT\D07E_IMERG\RAW\D07E_NASA_IMERG_Download_Helper\RAW_AUTHENTICATED\3B-HHR.MS.MRG.3IMERG.20250318-S223000-E225959.1350.V07B.HDF5,Nature Portfolio_Project\01_前期数据支撑\07_D07_FLOOD_EVENT\D07E_IMERG\RAW\D07E_NASA_IMERG_Download_Helper\RAW_AUTHENTICATED\3B-HHR.MS.MRG.3IMERG.20250318-S223000-E225959.1350.V07B.HDF5,3B-HHR.MS.MRG.3IMERG.20250318-S223000-E225959.1350.V07B.HDF5,.HDF5,7759766,2026-10-05T11:11:49,4fe0c9b7e6f0cfcff072f4629c4b1aa9005bb737201e3d29da18155518af8943,1,False,False,
original,03_Nature_Portfolio_Project,D:\OneDrive\桌面\论文\2027年投稿期刊\论文项目\07_JB医疗可达性_洪水扰动下交通-网络韧性与公平性_SCS_Natural_Hazards\GPT数据\Nature Portfolio_Project\01_前期数据支撑\07_D07_FLOOD_EVENT\D07E_IMERG\RAW\D07E_NASA_IMERG_Download_Helper\RAW_AUTHENTICATED\3B-HHR.MS.MRG.3IMERG.20250318-S230000-E232959.1380.V07B.HDF5,D:\OneDrive\桌面\论文\2027年投稿期刊\论文项目\07_JB医疗可达性_洪水扰动下交通-网络韧性与公平性_SCS_Natural_Hazards\GPT数据\Nature Portfolio_Project\01_前期数据支撑\07_D07_FLOOD_EVENT\D07E_IMERG\RAW\D07E_NASA_IMERG_Download_Helper\RAW_AUTHENTICATED\3B-HHR.MS.MRG.3IMERG.20250318-S230000-E232959.1380.V07B.HDF5,Nature Portfolio_Project\01_前期数据支撑\07_D07_FLOOD_EVENT\D07E_IMERG\RAW\D07E_NASA_IMERG_Download_Helper\RAW_AUTHENTICATED\3B-HHR.MS.MRG.3IMERG.20250318-S230000-E232959.1380.V07B.HDF5,3B-HHR.MS.MRG.3IMERG.20250318-S230000-E232959.1380.V07B.HDF5,.HDF5,7735618,2026-10-05T11:11:49,9712030b58b63a75be675c7d6e68e844227ea903ccbcdb5f710e5f90891938f2,1,False,False,
original,03_Nature_Portfolio_Project,D:\OneDrive\桌面\论文\2027年投稿期刊\论文项目\07_JB医疗可达性_洪水扰动下交通-网络韧性与公平性_SCS_Natural_Hazards\GPT数据\Nature Portfolio_Project\01_前期数据支撑\07_D07_FLOOD_EVENT\D07E_IMERG\RAW\D07E_NASA_IMERG_Download_Helper\RAW_AUTHENTICATED\3B-HHR.MS.MRG.3IMERG.20250318-S233000-E235959.1410.V07B.HDF5,D:\OneDrive\桌面\论文\2027年投稿期刊\论文项目\07_JB医疗可达性_洪水扰动下交通-网络韧性与公平性_SCS_Natural_Hazards\GPT数据\Nature Portfolio_Project\01_前期数据支撑\07_D07_FLOOD_EVENT\D07E_IMERG\RAW\D07E_NASA_IMERG_Download_Helper\RAW_AUTHENTICATED\3B-HHR.MS.MRG.3IMERG.20250318-S233000-E235959.1410.V07B.HDF5,Nature Portfolio_Project\01_前期数据支撑\07_D07_FLOOD_EVENT\D07E_IMERG\RAW\D07E_NASA_IMERG_Download_Helper\RAW_AUTHENTICATED\3B-HHR.MS.MRG.3IMERG.20250318-S233000-E235959.1410.V07B.HDF5,3B-HHR.MS.MRG.3IMERG.20250318-S233000-E235959.1410.V07B.HDF5,.HDF5,7678579,2026-10-05T11:11:49,3a46e798c68cdb8ea3546ba94ba98a13a27f85601dbe7bb17b1bf8ba38c684e2,1,False,False,
original,03_Nature_Portfolio_Project,D:\OneDrive\桌面\论文\2027年投稿期刊\论文项目\07_JB医疗可达性_洪水扰动下交通-网络韧性与公平性_SCS_Natural_Hazards\GPT数据\Nature Portfolio_Project\01_前期数据支撑\07_D07_FLOOD_EVENT\D07E_IMERG\RAW\D07E_NASA_IMERG_Download_Helper\RAW_AUTHENTICATED\3B-HHR.MS.MRG.3IMERG.20250319-S000000-E002959.0000.V07B.HDF5,D:\OneDrive\桌面\论文\2027年投稿期刊\论文项目\07_JB医疗可达性_洪水扰动下交通-网络韧性与公平性_SCS_Natural_Hazards\GPT数据\Nature Portfolio_Project\01_前期数据支撑\07_D07_FLOOD_EVENT\D07E_IMERG\RAW\D07E_NASA_IMERG_Download_Helper\RAW_AUTHENTICATED\3B-HHR.MS.MRG.3IMERG.20250319-S000000-E002959.0000.V07B.HDF5,Nature Portfolio_Project\01_前期数据支撑\07_D07_FLOOD_EVENT\D07E_IMERG\RAW\D07E_NASA_IMERG_Download_Helper\RAW_AUTHENTICATED\3B-HHR.MS.MRG.3IMERG.20250319-S000000-E002959.0000.V07B.HDF5,3B-HHR.MS.MRG.3IMERG.20250319-S000000-E002959.0000.V07B.HDF5,.HDF5,7628446,2026-10-05T11:11:52,2520a720ae3ca139b10e3fd03c4c5a502001f291880bd66d61e3a7ba789ff87b,1,False,False,
original,03_Nature_Portfolio_Project,D:\OneDrive\桌面\论文\2027年投稿期刊\论文项目\07_JB医疗可达性_洪水扰动下交通-网络韧性与公平性_SCS_Natural_Hazards\GPT数据\Nature Portfolio_Project\01_前期数据支撑\07_D07_FLOOD_EVENT\D07E_IMERG\RAW\D07E_NASA_IMERG_Download_Helper\RAW_AUTHENTICATED\3B-HHR.MS.MRG.3IMERG.20250319-S003000-E005959.0030.V07B.HDF5,D:\OneDrive\桌面\论文\2027年投稿期刊\论文项目\07_JB医疗可达性_洪水扰动下交通-网络韧性与公平性_SCS_Natural_Hazards\GPT数据\Nature Portfolio_Project\01_前期数据支撑\07_D07_FLOOD_EVENT\D07E_IMERG\RAW\D07E_NASA_IMERG_Download_Helper\RAW_AUTHENTICATED\3B-HHR.MS.MRG.3IMERG.20250319-S003000-E005959.0030.V07B.HDF5,Nature Portfolio_Project\01_前期数据支撑\07_D07_FLOOD_EVENT\D07E_IMERG\RAW\D07E_NASA_IMERG_Download_Helper\RAW_AUTHENTICATED\3B-HHR.MS.MRG.3IMERG.20250319-S003000-E005959.0030.V07B.HDF5,3B-HHR.MS.MRG.3IMERG.20250319-S003000-E005959.0030.V07B.HDF5,.HDF5,7629087,2026-10-05T11:11:52,180be2bc8372a727fee11c8e07b205202434a02e44fba5579871bff580d05831,1,False,False,
original,03_Nature_Portfolio_Project,D:\OneDrive\桌面\论文\2027年投稿期刊\论文项目\07_JB医疗可达性_洪水扰动下交通-网络韧性与公平性_SCS_Natural_Hazards\GPT数据\Nature Portfolio_Project\01_前期数据支撑\07_D07_FLOOD_EVENT\D07E_IMERG\RAW\D07E_NASA_IMERG_Download_Helper\RAW_AUTHENTICATED\3B-HHR.MS.MRG.3IMERG.20250319-S010000-E012959.0060.V07B.HDF5,D:\OneDrive\桌面\论文\2027年投稿期刊\论文项目\07_JB医疗可达性_洪水扰动下交通-网络韧性与公平性_SCS_Natural_Hazards\GPT数据\Nature Portfolio_Project\01_前期数据支撑\07_D07_FLOOD_EVENT\D07E_IMERG\RAW\D07E_NASA_IMERG_Download_Helper\RAW_AUTHENTICATED\3B-HHR.MS.MRG.3IMERG.20250319-S010000-E012959.0060.V07B.HDF5,Nature Portfolio_Project\01_前期数据支撑\07_D07_FLOOD_EVENT\D07E_IMERG\RAW\D07E_NASA_IMERG_Download_Helper\RAW_AUTHENTICATED\3B-HHR.MS.MRG.3IMERG.20250319-S010000-E012959.0060.V07B.HDF5,3B-HHR.MS.MRG.3IMERG.20250319-S010000-E012959.0060.V07B.HDF5,.HDF5,7455389,2026-10-05T11:11:52,0be087dd7985cf41486749f41912d91c13750e9d54fa28de1d2ed5f43f122e8f,1,False,False,
original,03_Nature_Portfolio_Project,D:\OneDrive\桌面\论文\2027年投稿期刊\论文项目\07_JB医疗可达性_洪水扰动下交通-网络韧性与公平性_SCS_Natural_Hazards\GPT数据\Nature Portfolio_Project\01_前期数据支撑\07_D07_FLOOD_EVENT\D07E_IMERG\RAW\D07E_NASA_IMERG_Download_Helper\RAW_AUTHENTICATED\3B-HHR.MS.MRG.3IMERG.20250319-S013000-E015959.0090.V07B.HDF5,D:\OneDrive\桌面\论文\2027年投稿期刊\论文项目\07_JB医疗可达性_洪水扰动下交通-网络韧性与公平性_SCS_Natural_Hazards\GPT数据\Nature Portfolio_Project\01_前期数据支撑\07_D07_FLOOD_EVENT\D07E_IMERG\RAW\D07E_NASA_IMERG_Download_Helper\RAW_AUTHENTICATED\3B-HHR.MS.MRG.3IMERG.20250319-S013000-E015959.0090.V07B.HDF5,Nature Portfolio_Project\01_前期数据支撑\07_D07_FLOOD_EVENT\D07E_IMERG\RAW\D07E_NASA_IMERG_Download_Helper\RAW_AUTHENTICATED\3B-HHR.MS.MRG.3IMERG.20250319-S013000-E015959.0090.V07B.HDF5,3B-HHR.MS.MRG.3IMERG.20250319-S013000-E015959.0090.V07B.HDF5,.HDF5,7520154,2026-10-05T11:11:52,873317eacebd91bfe5e9c61164aff9c891a2e76860bd5957b7e79d885a8a8ec3,1,False,False,
original,03_Nature_Portfolio_Project,D:\OneDrive\桌面\论文\2027年投稿期刊\论文项目\07_JB医疗可达性_洪水扰动下交通-网络韧性与公平性_SCS_Natural_Hazards\GPT数据\Nature Portfolio_Project\01_前期数据支撑\07_D07_FLOOD_EVENT\D07E_IMERG\RAW\D07E_NASA_IMERG_Download_Helper\RAW_AUTHENTICATED\3B-HHR.MS.MRG.3IMERG.20250319-S020000-E022959.0120.V07B.HDF5,D:\OneDrive\桌面\论文\2027年投稿期刊\论文项目\07_JB医疗可达性_洪水扰动下交通-网络韧性与公平性_SCS_Natural_Hazards\GPT数据\Nature Portfolio_Project\01_前期数据支撑\07_D07_FLOOD_EVENT\D07E_IMERG\RAW\D07E_NASA_IMERG_Download_Helper\RAW_AUTHENTICATED\3B-HHR.MS.MRG.3IMERG.20250319-S020000-E022959.0120.V07B.HDF5,Nature Portfolio_Project\01_前期数据支撑\07_D07_FLOOD_EVENT\D07E_IMERG\RAW\D07E_NASA_IMERG_Download_Helper\RAW_AUTHENTICATED\3B-HHR.MS.MRG.3IMERG.20250319-S020000-E022959.0120.V07B.HDF5,3B-HHR.MS.MRG.3IMERG.20250319-S020000-E022959.0120.V07B.HDF5,.HDF5,7544420,2026-10-05T11:11:52,a807ff16b288e513d1e7dd06af888c8e1b106e937a560328bf1fbb8d6e9f5d54,1,False,False,
original,03_Nature_Portfolio_Project,D:\OneDrive\桌面\论文\2027年投稿期刊\论文项目\07_JB医疗可达性_洪水扰动下交通-网络韧性与公平性_SCS_Natural_Hazards\GPT数据\Nature Portfolio_Project\01_前期数据支撑\07_D07_FLOOD_EVENT\D07E_IMERG\RAW\D07E_NASA_IMERG_Download_Helper\RAW_AUTHENTICATED\3B-HHR.MS.MRG.3IMERG.20250319-S023000-E025959.0150.V07B.HDF5,D:\OneDrive\桌面\论文\2027年投稿期刊\论文项目\07_JB医疗可达性_洪水扰动下交通-网络韧性与公平性_SCS_Natural_Hazards\GPT数据\Nature Portfolio_Project\01_前期数据支撑\07_D07_FLOOD_EVENT\D07E_IMERG\RAW\D07E_NASA_IMERG_Download_Helper\RAW_AUTHENTICATED\3B-HHR.MS.MRG.3IMERG.20250319-S023000-E025959.0150.V07B.HDF5,Nature Portfolio_Project\01_前期数据支撑\07_D07_FLOOD_EVENT\D07E_IMERG\RAW\D07E_NASA_IMERG_Download_Helper\RAW_AUTHENTICATED\3B-HHR.MS.MRG.3IMERG.20250319-S023000-E025959.0150.V07B.HDF5,3B-HHR.MS.MRG.3IMERG.20250319-S023000-E025959.0150.V07B.HDF5,.HDF5,7560141,2026-10-05T11:11:52,1c4666bfa22880d063fd25a13d31e256fc598b0289075f1a8c173c22a0ae10c2,1,False,False,
original,03_Nature_Portfolio_Project,D:\OneDrive\桌面\论文\2027年投稿期刊\论文项目\07_JB医疗可达性_洪水扰动下交通-网络韧性与公平性_SCS_Natural_Hazards\GPT数据\Nature Portfolio_Project\01_前期数据支撑\07_D07_FLOOD_EVENT\D07E_IMERG\RAW\D07E_NASA_IMERG_Download_Helper\RAW_AUTHENTICATED\3B-HHR.MS.MRG.3IMERG.20250319-S030000-E032959.0180.V07B.HDF5,D:\OneDrive\桌面\论文\2027年投稿期刊\论文项目\07_JB医疗可达性_洪水扰动下交通-网络韧性与公平性_SCS_Natural_Hazards\GPT数据\Nature Portfolio_Project\01_前期数据支撑\07_D07_FLOOD_EVENT\D07E_IMERG\RAW\D07E_NASA_IMERG_Download_Helper\RAW_AUTHENTICATED\3B-HHR.MS.MRG.3IMERG.20250319-S030000-E032959.0180.V07B.HDF5,Nature Portfolio_Project\01_前期数据支撑\07_D07_FLOOD_EVENT\D07E_IMERG\RAW\D07E_NASA_IMERG_Download_Helper\RAW_AUTHENTICATED\3B-HHR.MS.MRG.3IMERG.20250319-S030000-E032959.0180.V07B.HDF5,3B-HHR.MS.MRG.3IMERG.20250319-S030000-E032959.0180.V07B.HDF5,.HDF5,7526086,2026-10-05T11:11:52,241a2f9acd67f88f21b43d9a2e585023cda5b87a66fc86891ee289c06d5f38b0,1,False,False,
original,03_Nature_Portfolio_Project,D:\OneDrive\桌面\论文\2027年投稿期刊\论文项目\07_JB医疗可达性_洪水扰动下交通-网络韧性与公平性_SCS_Natural_Hazards\GPT数据\Nature Portfolio_Project\01_前期数据支撑\07_D07_FLOOD_EVENT\D07E_IMERG\RAW\D07E_NASA_IMERG_Download_Helper\RAW_AUTHENTICATED\3B-HHR.MS.MRG.3IMERG.20250319-S033000-E035959.0210.V07B.HDF5,D:\OneDrive\桌面\论文\2027年投稿期刊\论文项目\07_JB医疗可达性_洪水扰动下交通-网络韧性与公平性_SCS_Natural_Hazards\GPT数据\Nature Portfolio_Project\01_前期数据支撑\07_D07_FLOOD_EVENT\D07E_IMERG\RAW\D07E_NASA_IMERG_Download_Helper\RAW_AUTHENTICATED\3B-HHR.MS.MRG.3IMERG.20250319-S033000-E035959.0210.V07B.HDF5,Nature Portfolio_Project\01_前期数据支撑\07_D07_FLOOD_EVENT\D07E_IMERG\RAW\D07E_NASA_IMERG_Download_Helper\RAW_AUTHENTICATED\3B-HHR.MS.MRG.3IMERG.20250319-S033000-E035959.0210.V07B.HDF5,3B-HHR.MS.MRG.3IMERG.20250319-S033000-E035959.0210.V07B.HDF5,.HDF5,7549771,2026-10-05T11:11:52,b95a0295fc50bb316d303e739066f7f3aa112dad915ba93cd7e8e5913d5d1667,1,False,False,
original,03_Nature_Portfolio_Project,D:\OneDrive\桌面\论文\2027年投稿期刊\论文项目\07_JB医疗可达性_洪水扰动下交通-网络韧性与公平性_SCS_Natural_Hazards\GPT数据\Nature Portfolio_Project\01_前期数据支撑\07_D07_FLOOD_EVENT\D07E_IMERG\RAW\D07E_NASA_IMERG_Download_Helper\RAW_AUTHENTICATED\3B-HHR.MS.MRG.3IMERG.20250319-S040000-E042959.0240.V07B.HDF5,D:\OneDrive\桌面\论文\2027年投稿期刊\论文项目\07_JB医疗可达性_洪水扰动下交通-网络韧性与公平性_SCS_Natural_Hazards\GPT数据\Nature Portfolio_Project\01_前期数据支撑\07_D07_FLOOD_EVENT\D07E_IMERG\RAW\D07E_NASA_IMERG_Download_Helper\RAW_AUTHENTICATED\3B-HHR.MS.MRG.3IMERG.20250319-S040000-E042959.0240.V07B.HDF5,Nature Portfolio_Project\01_前期数据支撑\07_D07_FLOOD_EVENT\D07E_IMERG\RAW\D07E_NASA_IMERG_Download_Helper\RAW_AUTHENTICATED\3B-HHR.MS.MRG.3IMERG.20250319-S040000-E042959.0240.V07B.HDF5,3B-HHR.MS.MRG.3IMERG.20250319-S040000-E042959.0240.V07B.HDF5,.HDF5,7528011,2026-10-05T11:11:54,4a6a0162aaec92708bad0ce310b1a342b50596649cae7ada195c921d4d30109a,1,False,False,
original,03_Nature_Portfolio_Project,D:\OneDrive\桌面\论文\2027年投稿期刊\论文项目\07_JB医疗可达性_洪水扰动下交通-网络韧性与公平性_SCS_Natural_Hazards\GPT数据\Nature Portfolio_Project\01_前期数据支撑\07_D07_FLOOD_EVENT\D07E_IMERG\RAW\D07E_NASA_IMERG_Download_Helper\RAW_AUTHENTICATED\3B-HHR.MS.MRG.3IMERG.20250319-S043000-E045959.0270.V07B.HDF5,D:\OneDrive\桌面\论文\2027年投稿期刊\论文项目\07_JB医疗可达性_洪水扰动下交通-网络韧性与公平性_SCS_Natural_Hazards\GPT数据\Nature Portfolio_Project\01_前期数据支撑\07_D07_FLOOD_EVENT\D07E_IMERG\RAW\D07E_NASA_IMERG_Download_Helper\RAW_AUTHENTICATED\3B-HHR.MS.MRG.3IMERG.20250319-S043000-E045959.0270.V07B.HDF5,Nature Portfolio_Project\01_前期数据支撑\07_D07_FLOOD_EVENT\D07E_IMERG\RAW\D07E_NASA_IMERG_Download_Helper\RAW_AUTHENTICATED\3B-HHR.MS.MRG.3IMERG.20250319-S043000-E045959.0270.V07B.HDF5,3B-HHR.MS.MRG.3IMERG.20250319-S043000-E045959.0270.V07B.HDF5,.HDF5,7500081,2026-10-05T11:11:54,feb498812aaa0baf30594723fdb8b0048bdf3459c9b21aed4e0ea55e48c30a77,1,False,False,
original,03_Nature_Portfolio_Project,D:\OneDrive\桌面\论文\2027年投稿期刊\论文项目\07_JB医疗可达性_洪水扰动下交通-网络韧性与公平性_SCS_Natural_Hazards\GPT数据\Nature Portfolio_Project\01_前期数据支撑\07_D07_FLOOD_EVENT\D07E_IMERG\RAW\D07E_NASA_IMERG_Download_Helper\RAW_AUTHENTICATED\3B-HHR.MS.MRG.3IMERG.20250319-S050000-E052959.0300.V07B.HDF5,D:\OneDrive\桌面\论文\2027年投稿期刊\论文项目\07_JB医疗可达性_洪水扰动下交通-网络韧性与公平性_SCS_Natural_Hazards\GPT数据\Nature Portfolio_Project\01_前期数据支撑\07_D07_FLOOD_EVENT\D07E_IMERG\RAW\D07E_NASA_IMERG_Download_Helper\RAW_AUTHENTICATED\3B-HHR.MS.MRG.3IMERG.20250319-S050000-E052959.0300.V07B.HDF5,Nature Portfolio_Project\01_前期数据支撑\07_D07_FLOOD_EVENT\D07E_IMERG\RAW\D07E_NASA_IMERG_Download_Helper\RAW_AUTHENTICATED\3B-HHR.MS.MRG.3IMERG.20250319-S050000-E052959.0300.V07B.HDF5,3B-HHR.MS.MRG.3IMERG.20250319-S050000-E052959.0300.V07B.HDF5,.HDF5,7532162,2026-10-05T11:11:54,7cf667b1ece45b3e554c363e70ebf712fc184ff69f1334483e46240e8f99fb4a,1,False,False,
original,03_Nature_Portfolio_Project,D:\OneDrive\桌面\论文\2027年投稿期刊\论文项目\07_JB医疗可达性_洪水扰动下交通-网络韧性与公平性_SCS_Natural_Hazards\GPT数据\Nature Portfolio_Project\01_前期数据支撑\07_D07_FLOOD_EVENT\D07E_IMERG\RAW\D07E_NASA_IMERG_Download_Helper\RAW_AUTHENTICATED\3B-HHR.MS.MRG.3IMERG.20250319-S053000-E055959.0330.V07B.HDF5,D:\OneDrive\桌面\论文\2027年投稿期刊\论文项目\07_JB医疗可达性_洪水扰动下交通-网络韧性与公平性_SCS_Natural_Hazards\GPT数据\Nature Portfolio_Project\01_前期数据支撑\07_D07_FLOOD_EVENT\D07E_IMERG\RAW\D07E_NASA_IMERG_Download_Helper\RAW_AUTHENTICATED\3B-HHR.MS.MRG.3IMERG.20250319-S053000-E055959.0330.V07B.HDF5,Nature Portfolio_Project\01_前期数据支撑\07_D07_FLOOD_EVENT\D07E_IMERG\RAW\D07E_NASA_IMERG_Download_Helper\RAW_AUTHENTICATED\3B-HHR.MS.MRG.3IMERG.20250319-S053000-E055959.0330.V07B.HDF5,3B-HHR.MS.MRG.3IMERG.20250319-S053000-E055959.0330.V07B.HDF5,.HDF5,7563889,2026-10-05T11:11:54,96b66880569a6bff9a8150439ce3938937ba557b90ca1e97cd41fdcacc56af02,1,False,False,
original,03_Nature_Portfolio_Project,D:\OneDrive\桌面\论文\2027年投稿期刊\论文项目\07_JB医疗可达性_洪水扰动下交通-网络韧性与公平性_SCS_Natural_Hazards\GPT数据\Nature Portfolio_Project\01_前期数据支撑\07_D07_FLOOD_EVENT\D07E_IMERG\RAW\D07E_NASA_IMERG_Download_Helper\RAW_AUTHENTICATED\3B-HHR.MS.MRG.3IMERG.20250319-S060000-E062959.0360.V07B.HDF5,D:\OneDrive\桌面\论文\2027年投稿期刊\论文项目\07_JB医疗可达性_洪水扰动下交通-网络韧性与公平性_SCS_Natural_Hazards\GPT数据\Nature Portfolio_Project\01_前期数据支撑\07_D07_FLOOD_EVENT\D07E_IMERG\RAW\D07E_NASA_IMERG_Download_Helper\RAW_AUTHENTICATED\3B-HHR.MS.MRG.3IMERG.20250319-S060000-E062959.0360.V07B.HDF5,Nature Portfolio_Project\01_前期数据支撑\07_D07_FLOOD_EVENT\D07E_IMERG\RAW\D07E_NASA_IMERG_Download_Helper\RAW_AUTHENTICATED\3B-HHR.MS.MRG.3IMERG.20250319-S060000-E062959.0360.V07B.HDF5,3B-HHR.MS.MRG.3IMERG.20250319-S060000-E062959.0360.V07B.HDF5,.HDF5,7562777,2026-10-05T11:11:54,9b0a06908ff79cd5633b00c1f66f1b1cd8c22fc6940fd494ff6954048759452b,1,False,False,
original,03_Nature_Portfolio_Project,D:\OneDrive\桌面\论文\2027年投稿期刊\论文项目\07_JB医疗可达性_洪水扰动下交通-网络韧性与公平性_SCS_Natural_Hazards\GPT数据\Nature Portfolio_Project\01_前期数据支撑\07_D07_FLOOD_EVENT\D07E_IMERG\RAW\D07E_NASA_IMERG_Download_Helper\RAW_AUTHENTICATED\3B-HHR.MS.MRG.3IMERG.20250319-S063000-E065959.0390.V07B.HDF5,D:\OneDrive\桌面\论文\2027年投稿期刊\论文项目\07_JB医疗可达性_洪水扰动下交通-网络韧性与公平性_SCS_Natural_Hazards\GPT数据\Nature Portfolio_Project\01_前期数据支撑\07_D07_FLOOD_EVENT\D07E_IMERG\RAW\D07E_NASA_IMERG_Download_Helper\RAW_AUTHENTICATED\3B-HHR.MS.MRG.3IMERG.20250319-S063000-E065959.0390.V07B.HDF5,Nature Portfolio_Project\01_前期数据支撑\07_D07_FLOOD_EVENT\D07E_IMERG\RAW\D07E_NASA_IMERG_Download_Helper\RAW_AUTHENTICATED\3B-HHR.MS.MRG.3IMERG.20250319-S063000-E065959.0390.V07B.HDF5,3B-HHR.MS.MRG.3IMERG.20250319-S063000-E065959.0390.V07B.HDF5,.HDF5,7565537,2026-10-05T11:11:55,9f963c43f84e79b012b499429d9dfe7aacf00a1af5c48ccd08d8142a9f8dbdc4,1,False,False,
original,03_Nature_Portfolio_Project,D:\OneDrive\桌面\论文\2027年投稿期刊\论文项目\07_JB医疗可达性_洪水扰动下交通-网络韧性与公平性_SCS_Natural_Hazards\GPT数据\Nature Portfolio_Project\01_前期数据支撑\07_D07_FLOOD_EVENT\D07E_IMERG\RAW\D07E_NASA_IMERG_Download_Helper\RAW_AUTHENTICATED\3B-HHR.MS.MRG.3IMERG.20250319-S070000-E072959.0420.V07B.HDF5,D:\OneDrive\桌面\论文\2027年投稿期刊\论文项目\07_JB医疗可达性_洪水扰动下交通-网络韧性与公平性_SCS_Natural_Hazards\GPT数据\Nature Portfolio_Project\01_前期数据支撑\07_D07_FLOOD_EVENT\D07E_IMERG\RAW\D07E_NASA_IMERG_Download_Helper\RAW_AUTHENTICATED\3B-HHR.MS.MRG.3IMERG.20250319-S070000-E072959.0420.V07B.HDF5,Nature Portfolio_Project\01_前期数据支撑\07_D07_FLOOD_EVENT\D07E_IMERG\RAW\D07E_NASA_IMERG_Download_Helper\RAW_AUTHENTICATED\3B-HHR.MS.MRG.3IMERG.20250319-S070000-E072959.0420.V07B.HDF5,3B-HHR.MS.MRG.3IMERG.20250319-S070000-E072959.0420.V07B.HDF5,.HDF5,7587849,2026-10-05T11:11:54,a15451bdd66f49e4a88aec56eabf2cf01d3bb0b119648781806901a40e9f746f,1,False,False,
original,03_Nature_Portfolio_Project,D:\OneDrive\桌面\论文\2027年投稿期刊\论文项目\07_JB医疗可达性_洪水扰动下交通-网络韧性与公平性_SCS_Natural_Hazards\GPT数据\Nature Portfolio_Project\01_前期数据支撑\07_D07_FLOOD_EVENT\D07E_IMERG\RAW\D07E_NASA_IMERG_Download_Helper\RAW_AUTHENTICATED\3B-HHR.MS.MRG.3IMERG.20250319-S073000-E075959.0450.V07B.HDF5,D:\OneDrive\桌面\论文\2027年投稿期刊\论文项目\07_JB医疗可达性_洪水扰动下交通-网络韧性与公平性_SCS_Natural_Hazards\GPT数据\Nature Portfolio_Project\01_前期数据支撑\07_D07_FLOOD_EVENT\D07E_IMERG\RAW\D07E_NASA_IMERG_Download_Helper\RAW_AUTHENTICATED\3B-HHR.MS.MRG.3IMERG.20250319-S073000-E075959.0450.V07B.HDF5,Nature Portfolio_Project\01_前期数据支撑\07_D07_FLOOD_EVENT\D07E_IMERG\RAW\D07E_NASA_IMERG_Download_Helper\RAW_AUTHENTICATED\3B-HHR.MS.MRG.3IMERG.20250319-S073000-E075959.0450.V07B.HDF5,3B-HHR.MS.MRG.3IMERG.20250319-S073000-E075959.0450.V07B.HDF5,.HDF5,7603038,2026-10-05T11:11:55,b7008157c6830abb7dc5157b079b9dcd1ddec9ea6a32a9ca10026fd4d4c758cf,1,False,False,
original,03_Nature_Portfolio_Project,D:\OneDrive\桌面\论文\2027年投稿期刊\论文项目\07_JB医疗可达性_洪水扰动下交通-网络韧性与公平性_SCS_Natural_Hazards\GPT数据\Nature Portfolio_Project\01_前期数据支撑\07_D07_FLOOD_EVENT\D07E_IMERG\RAW\D07E_NASA_IMERG_Download_Helper\RAW_AUTHENTICATED\3B-HHR.MS.MRG.3IMERG.20250319-S080000-E082959.0480.V07B.HDF5,D:\OneDrive\桌面\论文\2027年投稿期刊\论文项目\07_JB医疗可达性_洪水扰动下交通-网络韧性与公平性_SCS_Natural_Hazards\GPT数据\Nature Portfolio_Project\01_前期数据支撑\07_D07_FLOOD_EVENT\D07E_IMERG\RAW\D07E_NASA_IMERG_Download_Helper\RAW_AUTHENTICATED\3B-HHR.MS.MRG.3IMERG.20250319-S080000-E082959.0480.V07B.HDF5,Nature Portfolio_Project\01_前期数据支撑\07_D07_FLOOD_EVENT\D07E_IMERG\RAW\D07E_NASA_IMERG_Download_Helper\RAW_AUTHENTICATED\3B-HHR.MS.MRG.3IMERG.20250319-S080000-E082959.0480.V07B.HDF5,3B-HHR.MS.MRG.3IMERG.20250319-S080000-E082959.0480.V07B.HDF5,.HDF5,7540283,2026-10-05T11:11:57,04130f465fce851af5d6d3bbbe520312ffffad6a09079e141547fb44072f3f4f,1,False,False,
original,03_Nature_Portfolio_Project,D:\OneDrive\桌面\论文\2027年投稿期刊\论文项目\07_JB医疗可达性_洪水扰动下交通-网络韧性与公平性_SCS_Natural_Hazards\GPT数据\Nature Portfolio_Project\01_前期数据支撑\07_D07_FLOOD_EVENT\D07E_IMERG\RAW\D07E_NASA_IMERG_Download_Helper\RAW_AUTHENTICATED\3B-HHR.MS.MRG.3IMERG.20250319-S083000-E085959.0510.V07B.HDF5,D:\OneDrive\桌面\论文\2027年投稿期刊\论文项目\07_JB医疗可达性_洪水扰动下交通-网络韧性与公平性_SCS_Natural_Hazards\GPT数据\Nature Portfolio_Project\01_前期数据支撑\07_D07_FLOOD_EVENT\D07E_IMERG\RAW\D07E_NASA_IMERG_Download_Helper\RAW_AUTHENTICATED\3B-HHR.MS.MRG.3IMERG.20250319-S083000-E085959.0510.V07B.HDF5,Nature Portfolio_Project\01_前期数据支撑\07_D07_FLOOD_EVENT\D07E_IMERG\RAW\D07E_NASA_IMERG_Download_Helper\RAW_AUTHENTICATED\3B-HHR.MS.MRG.3IMERG.20250319-S083000-E085959.0510.V07B.HDF5,3B-HHR.MS.MRG.3IMERG.20250319-S083000-E085959.0510.V07B.HDF5,.HDF5,7636652,2026-10-05T11:11:57,c9257fbe09481ad4ffd6b1356fc29e1606a5bfbfe65c7a9cf6ac93f1be022b71,1,False,False,
original,03_Nature_Portfolio_Project,D:\OneDrive\桌面\论文\2027年投稿期刊\论文项目\07_JB医疗可达性_洪水扰动下交通-网络韧性与公平性_SCS_Natural_Hazards\GPT数据\Nature Portfolio_Project\01_前期数据支撑\07_D07_FLOOD_EVENT\D07E_IMERG\RAW\D07E_NASA_IMERG_Download_Helper\RAW_AUTHENTICATED\3B-HHR.MS.MRG.3IMERG.20250319-S090000-E092959.0540.V07B.HDF5,D:\OneDrive\桌面\论文\2027年投稿期刊\论文项目\07_JB医疗可达性_洪水扰动下交通-网络韧性与公平性_SCS_Natural_Hazards\GPT数据\Nature Portfolio_Project\01_前期数据支撑\07_D07_FLOOD_EVENT\D07E_IMERG\RAW\D07E_NASA_IMERG_Download_Helper\RAW_AUTHENTICATED\3B-HHR.MS.MRG.3IMERG.20250319-S090000-E092959.0540.V07B.HDF5,Nature Portfolio_Project\01_前期数据支撑\07_D07_FLOOD_EVENT\D07E_IMERG\RAW\D07E_NASA_IMERG_Download_Helper\RAW_AUTHENTICATED\3B-HHR.MS.MRG.3IMERG.20250319-S090000-E092959.0540.V07B.HDF5,3B-HHR.MS.MRG.3IMERG.20250319-S090000-E092959.0540.V07B.HDF5,.HDF5,7549329,2026-10-05T11:11:57,7b9bb604356c022091a543aa52ff6a75a5ca968d9465ef4b2fe2a690bba25af0,1,False,False,
original,03_Nature_Portfolio_Project,D:\OneDrive\桌面\论文\2027年投稿期刊\论文项目\07_JB医疗可达性_洪水扰动下交通-网络韧性与公平性_SCS_Natural_Hazards\GPT数据\Nature Portfolio_Project\01_前期数据支撑\07_D07_FLOOD_EVENT\D07E_IMERG\RAW\D07E_NASA_IMERG_Download_Helper\RAW_AUTHENTICATED\3B-HHR.MS.MRG.3IMERG.20250319-S093000-E095959.0570.V07B.HDF5,D:\OneDrive\桌面\论文\2027年投稿期刊\论文项目\07_JB医疗可达性_洪水扰动下交通-网络韧性与公平性_SCS_Natural_Hazards\GPT数据\Nature Portfolio_Project\01_前期数据支撑\07_D07_FLOOD_EVENT\D07E_IMERG\RAW\D07E_NASA_IMERG_Download_Helper\RAW_AUTHENTICATED\3B-HHR.MS.MRG.3IMERG.20250319-S093000-E095959.0570.V07B.HDF5,Nature Portfolio_Project\01_前期数据支撑\07_D07_FLOOD_EVENT\D07E_IMERG\RAW\D07E_NASA_IMERG_Download_Helper\RAW_AUTHENTICATED\3B-HHR.MS.MRG.3IMERG.20250319-S093000-E095959.0570.V07B.HDF5,3B-HHR.MS.MRG.3IMERG.20250319-S093000-E095959.0570.V07B.HDF5,.HDF5,7484737,2026-10-05T11:11:57,1fe210ecccb2e1d26f80fd2bb3cde224b2beb784870463a64ccc5eb841a82bb9,1,False,False,
original,03_Nature_Portfolio_Project,D:\OneDrive\桌面\论文\2027年投稿期刊\论文项目\07_JB医疗可达性_洪水扰动下交通-网络韧性与公平性_SCS_Natural_Hazards\GPT数据\Nature Portfolio_Project\01_前期数据支撑\07_D07_FLOOD_EVENT\D07E_IMERG\RAW\D07E_NASA_IMERG_Download_Helper\RAW_AUTHENTICATED\3B-HHR.MS.MRG.3IMERG.20250319-S100000-E102959.0600.V07B.HDF5,D:\OneDrive\桌面\论文\2027年投稿期刊\论文项目\07_JB医疗可达性_洪水扰动下交通-网络韧性与公平性_SCS_Natural_Hazards\GPT数据\Nature Portfolio_Project\01_前期数据支撑\07_D07_FLOOD_EVENT\D07E_IMERG\RAW\D07E_NASA_IMERG_Download_Helper\RAW_AUTHENTICATED\3B-HHR.MS.MRG.3IMERG.20250319-S100000-E102959.0600.V07B.HDF5,Nature Portfolio_Project\01_前期数据支撑\07_D07_FLOOD_EVENT\D07E_IMERG\RAW\D07E_NASA_IMERG_Download_Helper\RAW_AUTHENTICATED\3B-HHR.MS.MRG.3IMERG.20250319-S100000-E102959.0600.V07B.HDF5,3B-HHR.MS.MRG.3IMERG.20250319-S100000-E102959.0600.V07B.HDF5,.HDF5,7626110,2026-10-05T11:11:57,7cb7b542f58a8158c3ee37f21e29c664d729cbb0ac15013ec0bc21b6a0a934bf,1,False,False,
original,03_Nature_Portfolio_Project,D:\OneDrive\桌面\论文\2027年投稿期刊\论文项目\07_JB医疗可达性_洪水扰动下交通-网络韧性与公平性_SCS_Natural_Hazards\GPT数据\Nature Portfolio_Project\01_前期数据支撑\07_D07_FLOOD_EVENT\D07E_IMERG\RAW\D07E_NASA_IMERG_Download_Helper\RAW_AUTHENTICATED\3B-HHR.MS.MRG.3IMERG.20250319-S103000-E105959.0630.V07B.HDF5,D:\OneDrive\桌面\论文\2027年投稿期刊\论文项目\07_JB医疗可达性_洪水扰动下交通-网络韧性与公平性_SCS_Natural_Hazards\GPT数据\Nature Portfolio_Project\01_前期数据支撑\07_D07_FLOOD_EVENT\D07E_IMERG\RAW\D07E_NASA_IMERG_Download_Helper\RAW_AUTHENTICATED\3B-HHR.MS.MRG.3IMERG.20250319-S103000-E105959.0630.V07B.HDF5,Nature Portfolio_Project\01_前期数据支撑\07_D07_FLOOD_EVENT\D07E_IMERG\RAW\D07E_NASA_IMERG_Download_Helper\RAW_AUTHENTICATED\3B-HHR.MS.MRG.3IMERG.20250319-S103000-E105959.0630.V07B.HDF5,3B-HHR.MS.MRG.3IMERG.20250319-S103000-E105959.0630.V07B.HDF5,.HDF5,7535416,2026-10-05T11:11:57,85c903e47f8dc5d9fe4130cec01ea36de6e0c6237c260b0082e10deb96186d6d,1,False,False,
original,03_Nature_Portfolio_Project,D:\OneDrive\桌面\论文\2027年投稿期刊\论文项目\07_JB医疗可达性_洪水扰动下交通-网络韧性与公平性_SCS_Natural_Hazards\GPT数据\Nature Portfolio_Project\01_前期数据支撑\07_D07_FLOOD_EVENT\D07E_IMERG\RAW\D07E_NASA_IMERG_Download_Helper\RAW_AUTHENTICATED\3B-HHR.MS.MRG.3IMERG.20250319-S110000-E112959.0660.V07B.HDF5,D:\OneDrive\桌面\论文\2027年投稿期刊\论文项目\07_JB医疗可达性_洪水扰动下交通-网络韧性与公平性_SCS_Natural_Hazards\GPT数据\Nature Portfolio_Project\01_前期数据支撑\07_D07_FLOOD_EVENT\D07E_IMERG\RAW\D07E_NASA_IMERG_Download_Helper\RAW_AUTHENTICATED\3B-HHR.MS.MRG.3IMERG.20250319-S110000-E112959.0660.V07B.HDF5,Nature Portfolio_Project\01_前期数据支撑\07_D07_FLOOD_EVENT\D07E_IMERG\RAW\D07E_NASA_IMERG_Download_Helper\RAW_AUTHENTICATED\3B-HHR.MS.MRG.3IMERG.20250319-S110000-E112959.0660.V07B.HDF5,3B-HHR.MS.MRG.3IMERG.20250319-S110000-E112959.0660.V07B.HDF5,.HDF5,7680017,2026-10-05T11:11:57,e66cde6a0d5da970ef04edbcbd5d4fbd6bb3db534fcbc71254f537be98bd5a62,1,False,False,
original,03_Nature_Portfolio_Project,D:\OneDrive\桌面\论文\2027年投稿期刊\论文项目\07_JB医疗可达性_洪水扰动下交通-网络韧性与公平性_SCS_Natural_Hazards\GPT数据\Nature Portfolio_Project\01_前期数据支撑\07_D07_FLOOD_EVENT\D07E_IMERG\RAW\D07E_NASA_IMERG_Download_Helper\RAW_AUTHENTICATED\3B-HHR.MS.MRG.3IMERG.20250319-S113000-E115959.0690.V07B.HDF5,D:\OneDrive\桌面\论文\2027年投稿期刊\论文项目\07_JB医疗可达性_洪水扰动下交通-网络韧性与公平性_SCS_Natural_Hazards\GPT数据\Nature Portfolio_Project\01_前期数据支撑\07_D07_FLOOD_EVENT\D07E_IMERG\RAW\D07E_NASA_IMERG_Download_Helper\RAW_AUTHENTICATED\3B-HHR.MS.MRG.3IMERG.20250319-S113000-E115959.0690.V07B.HDF5,Nature Portfolio_Project\01_前期数据支撑\07_D07_FLOOD_EVENT\D07E_IMERG\RAW\D07E_NASA_IMERG_Download_Helper\RAW_AUTHENTICATED\3B-HHR.MS.MRG.3IMERG.20250319-S113000-E115959.0690.V07B.HDF5,3B-HHR.MS.MRG.3IMERG.20250319-S113000-E115959.0690.V07B.HDF5,.HDF5,7492430,2026-10-05T11:11:57,5de69efb6d0bf672c03c7dfbdedded798e23a2d9e7780db85679e23f757abb91,1,False,False,
original,03_Nature_Portfolio_Project,D:\OneDrive\桌面\论文\2027年投稿期刊\论文项目\07_JB医疗可达性_洪水扰动下交通-网络韧性与公平性_SCS_Natural_Hazards\GPT数据\Nature Portfolio_Project\01_前期数据支撑\07_D07_FLOOD_EVENT\D07E_IMERG\RAW\D07E_NASA_IMERG_Download_Helper\RAW_AUTHENTICATED\3B-HHR.MS.MRG.3IMERG.20250319-S120000-E122959.0720.V07B.HDF5,D:\OneDrive\桌面\论文\2027年投稿期刊\论文项目\07_JB医疗可达性_洪水扰动下交通-网络韧性与公平性_SCS_Natural_Hazards\GPT数据\Nature Portfolio_Project\01_前期数据支撑\07_D07_FLOOD_EVENT\D07E_IMERG\RAW\D07E_NASA_IMERG_Download_Helper\RAW_AUTHENTICATED\3B-HHR.MS.MRG.3IMERG.20250319-S120000-E122959.0720.V07B.HDF5,Nature Portfolio_Project\01_前期数据支撑\07_D07_FLOOD_EVENT\D07E_IMERG\RAW\D07E_NASA_IMERG_Download_Helper\RAW_AUTHENTICATED\3B-HHR.MS.MRG.3IMERG.20250319-S120000-E122959.0720.V07B.HDF5,3B-HHR.MS.MRG.3IMERG.20250319-S120000-E122959.0720.V07B.HDF5,.HDF5,7513310,2026-10-05T11:12:00,8c9476abedaa9950bc0fde914c80fda71cc92d1624ce6c4513f9aca8aa01219a,1,False,False,
original,03_Nature_Portfolio_Project,D:\OneDrive\桌面\论文\2027年投稿期刊\论文项目\07_JB医疗可达性_洪水扰动下交通-网络韧性与公平性_SCS_Natural_Hazards\GPT数据\Nature Portfolio_Project\01_前期数据支撑\07_D07_FLOOD_EVENT\D07E_IMERG\RAW\D07E_NASA_IMERG_Download_Helper\RAW_AUTHENTICATED\3B-HHR.MS.MRG.3IMERG.20250319-S123000-E125959.0750.V07B.HDF5,D:\OneDrive\桌面\论文\2027年投稿期刊\论文项目\07_JB医疗可达性_洪水扰动下交通-网络韧性与公平性_SCS_Natural_Hazards\GPT数据\Nature Portfolio_Project\01_前期数据支撑\07_D07_FLOOD_EVENT\D07E_IMERG\RAW\D07E_NASA_IMERG_Download_Helper\RAW_AUTHENTICATED\3B-HHR.MS.MRG.3IMERG.20250319-S123000-E125959.0750.V07B.HDF5,Nature Portfolio_Project\01_前期数据支撑\07_D07_FLOOD_EVENT\D07E_IMERG\RAW\D07E_NASA_IMERG_Download_Helper\RAW_AUTHENTICATED\3B-HHR.MS.MRG.3IMERG.20250319-S123000-E125959.0750.V07B.HDF5,3B-HHR.MS.MRG.3IMERG.20250319-S123000-E125959.0750.V07B.HDF5,.HDF5,7475750,2026-10-05T11:11:59,f927b067d7ebb8fdbb7b915218b9fd2331b17fe36de488ff8b469508fb79e848,1,False,False,
original,03_Nature_Portfolio_Project,D:\OneDrive\桌面\论文\2027年投稿期刊\论文项目\07_JB医疗可达性_洪水扰动下交通-网络韧性与公平性_SCS_Natural_Hazards\GPT数据\Nature Portfolio_Project\01_前期数据支撑\07_D07_FLOOD_EVENT\D07E_IMERG\RAW\D07E_NASA_IMERG_Download_Helper\RAW_AUTHENTICATED\3B-HHR.MS.MRG.3IMERG.20250319-S130000-E132959.0780.V07B.HDF5,D:\OneDrive\桌面\论文\2027年投稿期刊\论文项目\07_JB医疗可达性_洪水扰动下交通-网络韧性与公平性_SCS_Natural_Hazards\GPT数据\Nature Portfolio_Project\01_前期数据支撑\07_D07_FLOOD_EVENT\D07E_IMERG\RAW\D07E_NASA_IMERG_Download_Helper\RAW_AUTHENTICATED\3B-HHR.MS.MRG.3IMERG.20250319-S130000-E132959.0780.V07B.HDF5,Nature Portfolio_Project\01_前期数据支撑\07_D07_FLOOD_EVENT\D07E_IMERG\RAW\D07E_NASA_IMERG_Download_Helper\RAW_AUTHENTICATED\3B-HHR.MS.MRG.3IMERG.20250319-S130000-E132959.0780.V07B.HDF5,3B-HHR.MS.MRG.3IMERG.20250319-S130000-E132959.0780.V07B.HDF5,.HDF5,7379331,2026-10-05T11:12:00,7f4a43a57fa4ba33145255179e638a6780536cce0bed119f20c531f9b51f879c,1,False,False,
original,03_Nature_Portfolio_Project,D:\OneDrive\桌面\论文\2027年投稿期刊\论文项目\07_JB医疗可达性_洪水扰动下交通-网络韧性与公平性_SCS_Natural_Hazards\GPT数据\Nature Portfolio_Project\01_前期数据支撑\07_D07_FLOOD_EVENT\D07E_IMERG\RAW\D07E_NASA_IMERG_Download_Helper\RAW_AUTHENTICATED\3B-HHR.MS.MRG.3IMERG.20250319-S133000-E135959.0810.V07B.HDF5,D:\OneDrive\桌面\论文\2027年投稿期刊\论文项目\07_JB医疗可达性_洪水扰动下交通-网络韧性与公平性_SCS_Natural_Hazards\GPT数据\Nature Portfolio_Project\01_前期数据支撑\07_D07_FLOOD_EVENT\D07E_IMERG\RAW\D07E_NASA_IMERG_Download_Helper\RAW_AUTHENTICATED\3B-HHR.MS.MRG.3IMERG.20250319-S133000-E135959.0810.V07B.HDF5,Nature Portfolio_Project\01_前期数据支撑\07_D07_FLOOD_EVENT\D07E_IMERG\RAW\D07E_NASA_IMERG_Download_Helper\RAW_AUTHENTICATED\3B-HHR.MS.MRG.3IMERG.20250319-S133000-E135959.0810.V07B.HDF5,3B-HHR.MS.MRG.3IMERG.20250319-S133000-E135959.0810.V07B.HDF5,.HDF5,7542680,2026-10-05T11:12:00,fcb86b41cea642c01370cc59fd145430b9a146d16080ac9ff3c4997b5496768f,1,False,False,
original,03_Nature_Portfolio_Project,D:\OneDrive\桌面\论文\2027年投稿期刊\论文项目\07_JB医疗可达性_洪水扰动下交通-网络韧性与公平性_SCS_Natural_Hazards\GPT数据\Nature Portfolio_Project\01_前期数据支撑\07_D07_FLOOD_EVENT\D07E_IMERG\RAW\D07E_NASA_IMERG_Download_Helper\RAW_AUTHENTICATED\3B-HHR.MS.MRG.3IMERG.20250319-S140000-E142959.0840.V07B.HDF5,D:\OneDrive\桌面\论文\2027年投稿期刊\论文项目\07_JB医疗可达性_洪水扰动下交通-网络韧性与公平性_SCS_Natural_Hazards\GPT数据\Nature Portfolio_Project\01_前期数据支撑\07_D07_FLOOD_EVENT\D07E_IMERG\RAW\D07E_NASA_IMERG_Download_Helper\RAW_AUTHENTICATED\3B-HHR.MS.MRG.3IMERG.20250319-S140000-E142959.0840.V07B.HDF5,Nature Portfolio_Project\01_前期数据支撑\07_D07_FLOOD_EVENT\D07E_IMERG\RAW\D07E_NASA_IMERG_Download_Helper\RAW_AUTHENTICATED\3B-HHR.MS.MRG.3IMERG.20250319-S140000-E142959.0840.V07B.HDF5,3B-HHR.MS.MRG.3IMERG.20250319-S140000-E142959.0840.V07B.HDF5,.HDF5,7631966,2026-10-05T11:12:00,1ee7d8f0c12508d922888810e2864893d5544dddedd5fccb221e1dc54dcc1237,1,False,False,
original,03_Nature_Portfolio_Project,D:\OneDrive\桌面\论文\2027年投稿期刊\论文项目\07_JB医疗可达性_洪水扰动下交通-网络韧性与公平性_SCS_Natural_Hazards\GPT数据\Nature Portfolio_Project\01_前期数据支撑\07_D07_FLOOD_EVENT\D07E_IMERG\RAW\D07E_NASA_IMERG_Download_Helper\RAW_AUTHENTICATED\3B-HHR.MS.MRG.3IMERG.20250319-S143000-E145959.0870.V07B.HDF5,D:\OneDrive\桌面\论文\2027年投稿期刊\论文项目\07_JB医疗可达性_洪水扰动下交通-网络韧性与公平性_SCS_Natural_Hazards\GPT数据\Nature Portfolio_Project\01_前期数据支撑\07_D07_FLOOD_EVENT\D07E_IMERG\RAW\D07E_NASA_IMERG_Download_Helper\RAW_AUTHENTICATED\3B-HHR.MS.MRG.3IMERG.20250319-S143000-E145959.0870.V07B.HDF5,Nature Portfolio_Project\01_前期数据支撑\07_D07_FLOOD_EVENT\D07E_IMERG\RAW\D07E_NASA_IMERG_Download_Helper\RAW_AUTHENTICATED\3B-HHR.MS.MRG.3IMERG.20250319-S143000-E145959.0870.V07B.HDF5,3B-HHR.MS.MRG.3IMERG.20250319-S143000-E145959.0870.V07B.HDF5,.HDF5,7586073,2026-10-05T11:12:00,501c8a9c560541a31c5312cc0aa8864e1a21f21e1d9f9bad7a615796293022ce,1,False,False,
original,03_Nature_Portfolio_Project,D:\OneDrive\桌面\论文\2027年投稿期刊\论文项目\07_JB医疗可达性_洪水扰动下交通-网络韧性与公平性_SCS_Natural_Hazards\GPT数据\Nature Portfolio_Project\01_前期数据支撑\07_D07_FLOOD_EVENT\D07E_IMERG\RAW\D07E_NASA_IMERG_Download_Helper\RAW_AUTHENTICATED\3B-HHR.MS.MRG.3IMERG.20250319-S150000-E152959.0900.V07B.HDF5,D:\OneDrive\桌面\论文\2027年投稿期刊\论文项目\07_JB医疗可达性_洪水扰动下交通-网络韧性与公平性_SCS_Natural_Hazards\GPT数据\Nature Portfolio_Project\01_前期数据支撑\07_D07_FLOOD_EVENT\D07E_IMERG\RAW\D07E_NASA_IMERG_Download_Helper\RAW_AUTHENTICATED\3B-HHR.MS.MRG.3IMERG.20250319-S150000-E152959.0900.V07B.HDF5,Nature Portfolio_Project\01_前期数据支撑\07_D07_FLOOD_EVENT\D07E_IMERG\RAW\D07E_NASA_IMERG_Download_Helper\RAW_AUTHENTICATED\3B-HHR.MS.MRG.3IMERG.20250319-S150000-E152959.0900.V07B.HDF5,3B-HHR.MS.MRG.3IMERG.20250319-S150000-E152959.0900.V07B.HDF5,.HDF5,7701024,2026-10-05T11:12:00,79541c66613e741274bf430d812ae4ae6a74e1566274b4efa224b74dff0d3ee6,1,False,False,
original,03_Nature_Portfolio_Project,D:\OneDrive\桌面\论文\2027年投稿期刊\论文项目\07_JB医疗可达性_洪水扰动下交通-网络韧性与公平性_SCS_Natural_Hazards\GPT数据\Nature Portfolio_Project\01_前期数据支撑\07_D07_FLOOD_EVENT\D07E_IMERG\RAW\D07E_NASA_IMERG_Download_Helper\RAW_AUTHENTICATED\3B-HHR.MS.MRG.3IMERG.20250319-S153000-E155959.0930.V07B.HDF5,D:\OneDrive\桌面\论文\2027年投稿期刊\论文项目\07_JB医疗可达性_洪水扰动下交通-网络韧性与公平性_SCS_Natural_Hazards\GPT数据\Nature Portfolio_Project\01_前期数据支撑\07_D07_FLOOD_EVENT\D07E_IMERG\RAW\D07E_NASA_IMERG_Download_Helper\RAW_AUTHENTICATED\3B-HHR.MS.MRG.3IMERG.20250319-S153000-E155959.0930.V07B.HDF5,Nature Portfolio_Project\01_前期数据支撑\07_D07_FLOOD_EVENT\D07E_IMERG\RAW\D07E_NASA_IMERG_Download_Helper\RAW_AUTHENTICATED\3B-HHR.MS.MRG.3IMERG.20250319-S153000-E155959.0930.V07B.HDF5,3B-HHR.MS.MRG.3IMERG.20250319-S153000-E155959.0930.V07B.HDF5,.HDF5,7775362,2026-10-05T11:12:00,d9a7ec6422d9806fbb8da71e9aaa7bba502fee3709988581cdb2102633978ca7,1,False,False,
original,03_Nature_Portfolio_Project,D:\OneDrive\桌面\论文\2027年投稿期刊\论文项目\07_JB医疗可达性_洪水扰动下交通-网络韧性与公平性_SCS_Natural_Hazards\GPT数据\Nature Portfolio_Project\01_前期数据支撑\07_D07_FLOOD_EVENT\D07E_IMERG\RAW\D07E_NASA_IMERG_Download_Helper\RAW_AUTHENTICATED\3B-HHR.MS.MRG.3IMERG.20250319-S160000-E162959.0960.V07B.HDF5,D:\OneDrive\桌面\论文\2027年投稿期刊\论文项目\07_JB医疗可达性_洪水扰动下交通-网络韧性与公平性_SCS_Natural_Hazards\GPT数据\Nature Portfolio_Project\01_前期数据支撑\07_D07_FLOOD_EVENT\D07E_IMERG\RAW\D07E_NASA_IMERG_Download_Helper\RAW_AUTHENTICATED\3B-HHR.MS.MRG.3IMERG.20250319-S160000-E162959.0960.V07B.HDF5,Nature Portfolio_Project\01_前期数据支撑\07_D07_FLOOD_EVENT\D07E_IMERG\RAW\D07E_NASA_IMERG_Download_Helper\RAW_AUTHENTICATED\3B-HHR.MS.MRG.3IMERG.20250319-S160000-E162959.0960.V07B.HDF5,3B-HHR.MS.MRG.3IMERG.20250319-S160000-E162959.0960.V07B.HDF5,.HDF5,7848474,2026-10-05T11:12:02,f9db327a0f272b01f7786d9f302ed8a1e62b251cce347debc028ecbf5c307772,1,False,False,
original,03_Nature_Portfolio_Project,D:\OneDrive\桌面\论文\2027年投稿期刊\论文项目\07_JB医疗可达性_洪水扰动下交通-网络韧性与公平性_SCS_Natural_Hazards\GPT数据\Nature Portfolio_Project\01_前期数据支撑\07_D07_FLOOD_EVENT\D07E_IMERG\RAW\D07E_NASA_IMERG_Download_Helper\RAW_AUTHENTICATED\3B-HHR.MS.MRG.3IMERG.20250319-S163000-E165959.0990.V07B.HDF5,D:\OneDrive\桌面\论文\2027年投稿期刊\论文项目\07_JB医疗可达性_洪水扰动下交通-网络韧性与公平性_SCS_Natural_Hazards\GPT数据\Nature Portfolio_Project\01_前期数据支撑\07_D07_FLOOD_EVENT\D07E_IMERG\RAW\D07E_NASA_IMERG_Download_Helper\RAW_AUTHENTICATED\3B-HHR.MS.MRG.3IMERG.20250319-S163000-E165959.0990.V07B.HDF5,Nature Portfolio_Project\01_前期数据支撑\07_D07_FLOOD_EVENT\D07E_IMERG\RAW\D07E_NASA_IMERG_Download_Helper\RAW_AUTHENTICATED\3B-HHR.MS.MRG.3IMERG.20250319-S163000-E165959.0990.V07B.HDF5,3B-HHR.MS.MRG.3IMERG.20250319-S163000-E165959.0990.V07B.HDF5,.HDF5,7926175,2026-10-05T11:12:02,5ccc25f0dfbc91003896bc37548cc3717c593f485c76c13d189e9b5cecc383f3,1,False,False,
original,03_Nature_Portfolio_Project,D:\OneDrive\桌面\论文\2027年投稿期刊\论文项目\07_JB医疗可达性_洪水扰动下交通-网络韧性与公平性_SCS_Natural_Hazards\GPT数据\Nature Portfolio_Project\01_前期数据支撑\07_D07_FLOOD_EVENT\D07E_IMERG\RAW\D07E_NASA_IMERG_Download_Helper\RAW_AUTHENTICATED\3B-HHR.MS.MRG.3IMERG.20250319-S170000-E172959.1020.V07B.HDF5,D:\OneDrive\桌面\论文\2027年投稿期刊\论文项目\07_JB医疗可达性_洪水扰动下交通-网络韧性与公平性_SCS_Natural_Hazards\GPT数据\Nature Portfolio_Project\01_前期数据支撑\07_D07_FLOOD_EVENT\D07E_IMERG\RAW\D07E_NASA_IMERG_Download_Helper\RAW_AUTHENTICATED\3B-HHR.MS.MRG.3IMERG.20250319-S170000-E172959.1020.V07B.HDF5,Nature Portfolio_Project\01_前期数据支撑\07_D07_FLOOD_EVENT\D07E_IMERG\RAW\D07E_NASA_IMERG_Download_Helper\RAW_AUTHENTICATED\3B-HHR.MS.MRG.3IMERG.20250319-S170000-E172959.1020.V07B.HDF5,3B-HHR.MS.MRG.3IMERG.20250319-S170000-E172959.1020.V07B.HDF5,.HDF5,7939941,2026-10-05T11:12:03,543eaf26250e7cd87128700e7668957eabc710c26e87e75c369622a3c978e034,1,False,False,
original,03_Nature_Portfolio_Project,D:\OneDrive\桌面\论文\2027年投稿期刊\论文项目\07_JB医疗可达性_洪水扰动下交通-网络韧性与公平性_SCS_Natural_Hazards\GPT数据\Nature Portfolio_Project\01_前期数据支撑\07_D07_FLOOD_EVENT\D07E_IMERG\RAW\D07E_NASA_IMERG_Download_Helper\RAW_AUTHENTICATED\3B-HHR.MS.MRG.3IMERG.20250319-S173000-E175959.1050.V07B.HDF5,D:\OneDrive\桌面\论文\2027年投稿期刊\论文项目\07_JB医疗可达性_洪水扰动下交通-网络韧性与公平性_SCS_Natural_Hazards\GPT数据\Nature Portfolio_Project\01_前期数据支撑\07_D07_FLOOD_EVENT\D07E_IMERG\RAW\D07E_NASA_IMERG_Download_Helper\RAW_AUTHENTICATED\3B-HHR.MS.MRG.3IMERG.20250319-S173000-E175959.1050.V07B.HDF5,Nature Portfolio_Project\01_前期数据支撑\07_D07_FLOOD_EVENT\D07E_IMERG\RAW\D07E_NASA_IMERG_Download_Helper\RAW_AUTHENTICATED\3B-HHR.MS.MRG.3IMERG.20250319-S173000-E175959.1050.V07B.HDF5,3B-HHR.MS.MRG.3IMERG.20250319-S173000-E175959.1050.V07B.HDF5,.HDF5,7836476,2026-10-05T11:12:03,b400dfcaeccf42db2cfb039903bc49da8d6d2da09454864df7f8b6450178f807,1,False,False,
original,03_Nature_Portfolio_Project,D:\OneDrive\桌面\论文\2027年投稿期刊\论文项目\07_JB医疗可达性_洪水扰动下交通-网络韧性与公平性_SCS_Natural_Hazards\GPT数据\Nature Portfolio_Project\01_前期数据支撑\07_D07_FLOOD_EVENT\D07E_IMERG\RAW\D07E_NASA_IMERG_Download_Helper\RAW_AUTHENTICATED\3B-HHR.MS.MRG.3IMERG.20250319-S180000-E182959.1080.V07B.HDF5,D:\OneDrive\桌面\论文\2027年投稿期刊\论文项目\07_JB医疗可达性_洪水扰动下交通-网络韧性与公平性_SCS_Natural_Hazards\GPT数据\Nature Portfolio_Project\01_前期数据支撑\07_D07_FLOOD_EVENT\D07E_IMERG\RAW\D07E_NASA_IMERG_Download_Helper\RAW_AUTHENTICATED\3B-HHR.MS.MRG.3IMERG.20250319-S180000-E182959.1080.V07B.HDF5,Nature Portfolio_Project\01_前期数据支撑\07_D07_FLOOD_EVENT\D07E_IMERG\RAW\D07E_NASA_IMERG_Download_Helper\RAW_AUTHENTICATED\3B-HHR.MS.MRG.3IMERG.20250319-S180000-E182959.1080.V07B.HDF5,3B-HHR.MS.MRG.3IMERG.20250319-S180000-E182959.1080.V07B.HDF5,.HDF5,7900908,2026-10-05T11:12:03,c47582fe93f9cc0903cd254cf9580637abd7d31189339335f974883afb987b33,1,False,False,
original,03_Nature_Portfolio_Project,D:\OneDrive\桌面\论文\2027年投稿期刊\论文项目\07_JB医疗可达性_洪水扰动下交通-网络韧性与公平性_SCS_Natural_Hazards\GPT数据\Nature Portfolio_Project\01_前期数据支撑\07_D07_FLOOD_EVENT\D07E_IMERG\RAW\D07E_NASA_IMERG_Download_Helper\RAW_AUTHENTICATED\3B-HHR.MS.MRG.3IMERG.20250319-S183000-E185959.1110.V07B.HDF5,D:\OneDrive\桌面\论文\2027年投稿期刊\论文项目\07_JB医疗可达性_洪水扰动下交通-网络韧性与公平性_SCS_Natural_Hazards\GPT数据\Nature Portfolio_Project\01_前期数据支撑\07_D07_FLOOD_EVENT\D07E_IMERG\RAW\D07E_NASA_IMERG_Download_Helper\RAW_AUTHENTICATED\3B-HHR.MS.MRG.3IMERG.20250319-S183000-E185959.1110.V07B.HDF5,Nature Portfolio_Project\01_前期数据支撑\07_D07_FLOOD_EVENT\D07E_IMERG\RAW\D07E_NASA_IMERG_Download_Helper\RAW_AUTHENTICATED\3B-HHR.MS.MRG.3IMERG.20250319-S183000-E185959.1110.V07B.HDF5,3B-HHR.MS.MRG.3IMERG.20250319-S183000-E185959.1110.V07B.HDF5,.HDF5,8014210,2026-10-05T11:12:02,5867db9b0b38ed5265524c9aab5bb3a59d1ba5b58ba51f4e333b74263c4a1c2b,1,False,False,
original,03_Nature_Portfolio_Project,D:\OneDrive\桌面\论文\2027年投稿期刊\论文项目\07_JB医疗可达性_洪水扰动下交通-网络韧性与公平性_SCS_Natural_Hazards\GPT数据\Nature Portfolio_Project\01_前期数据支撑\07_D07_FLOOD_EVENT\D07E_IMERG\RAW\D07E_NASA_IMERG_Download_Helper\RAW_AUTHENTICATED\3B-HHR.MS.MRG.3IMERG.20250319-S190000-E192959.1140.V07B.HDF5,D:\OneDrive\桌面\论文\2027年投稿期刊\论文项目\07_JB医疗可达性_洪水扰动下交通-网络韧性与公平性_SCS_Natural_Hazards\GPT数据\Nature Portfolio_Project\01_前期数据支撑\07_D07_FLOOD_EVENT\D07E_IMERG\RAW\D07E_NASA_IMERG_Download_Helper\RAW_AUTHENTICATED\3B-HHR.MS.MRG.3IMERG.20250319-S190000-E192959.1140.V07B.HDF5,Nature Portfolio_Project\01_前期数据支撑\07_D07_FLOOD_EVENT\D07E_IMERG\RAW\D07E_NASA_IMERG_Download_Helper\RAW_AUTHENTICATED\3B-HHR.MS.MRG.3IMERG.20250319-S190000-E192959.1140.V07B.HDF5,3B-HHR.MS.MRG.3IMERG.20250319-S190000-E192959.1140.V07B.HDF5,.HDF5,7864356,2026-10-05T11:12:03,6616cc100f167ac7436922c3b3bd2a078019628d7ef463edab3bc08a73ba412b,1,False,False,
original,03_Nature_Portfolio_Project,D:\OneDrive\桌面\论文\2027年投稿期刊\论文项目\07_JB医疗可达性_洪水扰动下交通-网络韧性与公平性_SCS_Natural_Hazards\GPT数据\Nature Portfolio_Project\01_前期数据支撑\07_D07_FLOOD_EVENT\D07E_IMERG\RAW\D07E_NASA_IMERG_Download_Helper\RAW_AUTHENTICATED\3B-HHR.MS.MRG.3IMERG.20250319-S193000-E195959.1170.V07B.HDF5,D:\OneDrive\桌面\论文\2027年投稿期刊\论文项目\07_JB医疗可达性_洪水扰动下交通-网络韧性与公平性_SCS_Natural_Hazards\GPT数据\Nature Portfolio_Project\01_前期数据支撑\07_D07_FLOOD_EVENT\D07E_IMERG\RAW\D07E_NASA_IMERG_Download_Helper\RAW_AUTHENTICATED\3B-HHR.MS.MRG.3IMERG.20250319-S193000-E195959.1170.V07B.HDF5,Nature Portfolio_Project\01_前期数据支撑\07_D07_FLOOD_EVENT\D07E_IMERG\RAW\D07E_NASA_IMERG_Download_Helper\RAW_AUTHENTICATED\3B-HHR.MS.MRG.3IMERG.20250319-S193000-E195959.1170.V07B.HDF5,3B-HHR.MS.MRG.3IMERG.20250319-S193000-E195959.1170.V07B.HDF5,.HDF5,7908742,2026-10-05T11:12:03,efa35a9ad5787e4e1e0f1ec63250d8904cd1d31005b4f3f30cc5024ba33e6fe2,1,False,False,
original,03_Nature_Portfolio_Project,D:\OneDrive\桌面\论文\2027年投稿期刊\论文项目\07_JB医疗可达性_洪水扰动下交通-网络韧性与公平性_SCS_Natural_Hazards\GPT数据\Nature Portfolio_Project\01_前期数据支撑\07_D07_FLOOD_EVENT\D07E_IMERG\RAW\D07E_NASA_IMERG_Download_Helper\RAW_AUTHENTICATED\3B-HHR.MS.MRG.3IMERG.20250319-S200000-E202959.1200.V07B.HDF5,D:\OneDrive\桌面\论文\2027年投稿期刊\论文项目\07_JB医疗可达性_洪水扰动下交通-网络韧性与公平性_SCS_Natural_Hazards\GPT数据\Nature Portfolio_Project\01_前期数据支撑\07_D07_FLOOD_EVENT\D07E_IMERG\RAW\D07E_NASA_IMERG_Download_Helper\RAW_AUTHENTICATED\3B-HHR.MS.MRG.3IMERG.20250319-S200000-E202959.1200.V07B.HDF5,Nature Portfolio_Project\01_前期数据支撑\07_D07_FLOOD_EVENT\D07E_IMERG\RAW\D07E_NASA_IMERG_Download_Helper\RAW_AUTHENTICATED\3B-HHR.MS.MRG.3IMERG.20250319-S200000-E202959.1200.V07B.HDF5,3B-HHR.MS.MRG.3IMERG.20250319-S200000-E202959.1200.V07B.HDF5,.HDF5,7933383,2026-10-05T11:12:05,1919830fe01fe659b7292c199f91207e08d2c3ce61a2d45712707490a10c186b,1,False,False,
original,03_Nature_Portfolio_Project,D:\OneDrive\桌面\论文\2027年投稿期刊\论文项目\07_JB医疗可达性_洪水扰动下交通-网络韧性与公平性_SCS_Natural_Hazards\GPT数据\Nature Portfolio_Project\01_前期数据支撑\07_D07_FLOOD_EVENT\D07E_IMERG\RAW\D07E_NASA_IMERG_Download_Helper\RAW_AUTHENTICATED\3B-HHR.MS.MRG.3IMERG.20250319-S203000-E205959.1230.V07B.HDF5,D:\OneDrive\桌面\论文\2027年投稿期刊\论文项目\07_JB医疗可达性_洪水扰动下交通-网络韧性与公平性_SCS_Natural_Hazards\GPT数据\Nature Portfolio_Project\01_前期数据支撑\07_D07_FLOOD_EVENT\D07E_IMERG\RAW\D07E_NASA_IMERG_Download_Helper\RAW_AUTHENTICATED\3B-HHR.MS.MRG.3IMERG.20250319-S203000-E205959.1230.V07B.HDF5,Nature Portfolio_Project\01_前期数据支撑\07_D07_FLOOD_EVENT\D07E_IMERG\RAW\D07E_NASA_IMERG_Download_Helper\RAW_AUTHENTICATED\3B-HHR.MS.MRG.3IMERG.20250319-S203000-E205959.1230.V07B.HDF5,3B-HHR.MS.MRG.3IMERG.20250319-S203000-E205959.1230.V07B.HDF5,.HDF5,7908858,2026-10-05T11:12:05,acc4475a48a3a05b8d4aae7bbdda5b2668e8f085a58dde61929a33d0437ce464,1,False,False,
original,03_Nature_Portfolio_Project,D:\OneDrive\桌面\论文\2027年投稿期刊\论文项目\07_JB医疗可达性_洪水扰动下交通-网络韧性与公平性_SCS_Natural_Hazards\GPT数据\Nature Portfolio_Project\01_前期数据支撑\07_D07_FLOOD_EVENT\D07E_IMERG\RAW\D07E_NASA_IMERG_Download_Helper\RAW_AUTHENTICATED\3B-HHR.MS.MRG.3IMERG.20250319-S210000-E212959.1260.V07B.HDF5,D:\OneDrive\桌面\论文\2027年投稿期刊\论文项目\07_JB医疗可达性_洪水扰动下交通-网络韧性与公平性_SCS_Natural_Hazards\GPT数据\Nature Portfolio_Project\01_前期数据支撑\07_D07_FLOOD_EVENT\D07E_IMERG\RAW\D07E_NASA_IMERG_Download_Helper\RAW_AUTHENTICATED\3B-HHR.MS.MRG.3IMERG.20250319-S210000-E212959.1260.V07B.HDF5,Nature Portfolio_Project\01_前期数据支撑\07_D07_FLOOD_EVENT\D07E_IMERG\RAW\D07E_NASA_IMERG_Download_Helper\RAW_AUTHENTICATED\3B-HHR.MS.MRG.3IMERG.20250319-S210000-E212959.1260.V07B.HDF5,3B-HHR.MS.MRG.3IMERG.20250319-S210000-E212959.1260.V07B.HDF5,.HDF5,7940653,2026-10-05T11:12:05,cec9fa3f1f718119931179e68a1ad53acc6601cac08321143fc5340726ccd35f,1,False,False,
original,03_Nature_Portfolio_Project,D:\OneDrive\桌面\论文\2027年投稿期刊\论文项目\07_JB医疗可达性_洪水扰动下交通-网络韧性与公平性_SCS_Natural_Hazards\GPT数据\Nature Portfolio_Project\01_前期数据支撑\07_D07_FLOOD_EVENT\D07E_IMERG\RAW\D07E_NASA_IMERG_Download_Helper\RAW_AUTHENTICATED\3B-HHR.MS.MRG.3IMERG.20250319-S213000-E215959.1290.V07B.HDF5,D:\OneDrive\桌面\论文\2027年投稿期刊\论文项目\07_JB医疗可达性_洪水扰动下交通-网络韧性与公平性_SCS_Natural_Hazards\GPT数据\Nature Portfolio_Project\01_前期数据支撑\07_D07_FLOOD_EVENT\D07E_IMERG\RAW\D07E_NASA_IMERG_Download_Helper\RAW_AUTHENTICATED\3B-HHR.MS.MRG.3IMERG.20250319-S213000-E215959.1290.V07B.HDF5,Nature Portfolio_Project\01_前期数据支撑\07_D07_FLOOD_EVENT\D07E_IMERG\RAW\D07E_NASA_IMERG_Download_Helper\RAW_AUTHENTICATED\3B-HHR.MS.MRG.3IMERG.20250319-S213000-E215959.1290.V07B.HDF5,3B-HHR.MS.MRG.3IMERG.20250319-S213000-E215959.1290.V07B.HDF5,.HDF5,7781164,2026-10-05T11:12:05,ce162843c29a784df4215bbce61df4d32d519cf8f0d9c6bc02cb137f73c8ea37,1,False,False,
original,03_Nature_Portfolio_Project,D:\OneDrive\桌面\论文\2027年投稿期刊\论文项目\07_JB医疗可达性_洪水扰动下交通-网络韧性与公平性_SCS_Natural_Hazards\GPT数据\Nature Portfolio_Project\01_前期数据支撑\07_D07_FLOOD_EVENT\D07E_IMERG\RAW\D07E_NASA_IMERG_Download_Helper\RAW_AUTHENTICATED\3B-HHR.MS.MRG.3IMERG.20250319-S220000-E222959.1320.V07B.HDF5,D:\OneDrive\桌面\论文\2027年投稿期刊\论文项目\07_JB医疗可达性_洪水扰动下交通-网络韧性与公平性_SCS_Natural_Hazards\GPT数据\Nature Portfolio_Project\01_前期数据支撑\07_D07_FLOOD_EVENT\D07E_IMERG\RAW\D07E_NASA_IMERG_Download_Helper\RAW_AUTHENTICATED\3B-HHR.MS.MRG.3IMERG.20250319-S220000-E222959.1320.V07B.HDF5,Nature Portfolio_Project\01_前期数据支撑\07_D07_FLOOD_EVENT\D07E_IMERG\RAW\D07E_NASA_IMERG_Download_Helper\RAW_AUTHENTICATED\3B-HHR.MS.MRG.3IMERG.20250319-S220000-E222959.1320.V07B.HDF5,3B-HHR.MS.MRG.3IMERG.20250319-S220000-E222959.1320.V07B.HDF5,.HDF5,7942782,2026-10-05T11:12:05,501fdfa9cf8748a57e6096bc3e37d829a7ea9c360f912ae4e30b3940507f11a2,1,False,False,
original,03_Nature_Portfolio_Project,D:\OneDrive\桌面\论文\2027年投稿期刊\论文项目\07_JB医疗可达性_洪水扰动下交通-网络韧性与公平性_SCS_Natural_Hazards\GPT数据\Nature Portfolio_Project\01_前期数据支撑\07_D07_FLOOD_EVENT\D07E_IMERG\RAW\D07E_NASA_IMERG_Download_Helper\RAW_AUTHENTICATED\3B-HHR.MS.MRG.3IMERG.20250319-S223000-E225959.1350.V07B.HDF5,D:\OneDrive\桌面\论文\2027年投稿期刊\论文项目\07_JB医疗可达性_洪水扰动下交通-网络韧性与公平性_SCS_Natural_Hazards\GPT数据\Nature Portfolio_Project\01_前期数据支撑\07_D07_FLOOD_EVENT\D07E_IMERG\RAW\D07E_NASA_IMERG_Download_Helper\RAW_AUTHENTICATED\3B-HHR.MS.MRG.3IMERG.20250319-S223000-E225959.1350.V07B.HDF5,Nature Portfolio_Project\01_前期数据支撑\07_D07_FLOOD_EVENT\D07E_IMERG\RAW\D07E_NASA_IMERG_Download_Helper\RAW_AUTHENTICATED\3B-HHR.MS.MRG.3IMERG.20250319-S223000-E225959.1350.V07B.HDF5,3B-HHR.MS.MRG.3IMERG.20250319-S223000-E225959.1350.V07B.HDF5,.HDF5,7658170,2026-10-05T11:12:05,c280c1eda08f97ffbb31e42aebd7169e9d0886f10e4746f5c52f04db37312d87,1,False,False,
original,03_Nature_Portfolio_Project,D:\OneDrive\桌面\论文\2027年投稿期刊\论文项目\07_JB医疗可达性_洪水扰动下交通-网络韧性与公平性_SCS_Natural_Hazards\GPT数据\Nature Portfolio_Project\01_前期数据支撑\07_D07_FLOOD_EVENT\D07E_IMERG\RAW\D07E_NASA_IMERG_Download_Helper\RAW_AUTHENTICATED\3B-HHR.MS.MRG.3IMERG.20250319-S230000-E232959.1380.V07B.HDF5,D:\OneDrive\桌面\论文\2027年投稿期刊\论文项目\07_JB医疗可达性_洪水扰动下交通-网络韧性与公平性_SCS_Natural_Hazards\GPT数据\Nature Portfolio_Project\01_前期数据支撑\07_D07_FLOOD_EVENT\D07E_IMERG\RAW\D07E_NASA_IMERG_Download_Helper\RAW_AUTHENTICATED\3B-HHR.MS.MRG.3IMERG.20250319-S230000-E232959.1380.V07B.HDF5,Nature Portfolio_Project\01_前期数据支撑\07_D07_FLOOD_EVENT\D07E_IMERG\RAW\D07E_NASA_IMERG_Download_Helper\RAW_AUTHENTICATED\3B-HHR.MS.MRG.3IMERG.20250319-S230000-E232959.1380.V07B.HDF5,3B-HHR.MS.MRG.3IMERG.20250319-S230000-E232959.1380.V07B.HDF5,.HDF5,7729814,2026-10-05T11:12:05,c11c595510f69a0dd52a9470191b28a92a09fbb2ef5d8b60a3ae71fe4073515e,1,False,False,
original,03_Nature_Portfolio_Project,D:\OneDrive\桌面\论文\2027年投稿期刊\论文项目\07_JB医疗可达性_洪水扰动下交通-网络韧性与公平性_SCS_Natural_Hazards\GPT数据\Nature Portfolio_Project\01_前期数据支撑\07_D07_FLOOD_EVENT\D07E_IMERG\RAW\D07E_NASA_IMERG_Download_Helper\RAW_AUTHENTICATED\3B-HHR.MS.MRG.3IMERG.20250319-S233000-E235959.1410.V07B.HDF5,D:\OneDrive\桌面\论文\2027年投稿期刊\论文项目\07_JB医疗可达性_洪水扰动下交通-网络韧性与公平性_SCS_Natural_Hazards\GPT数据\Nature Portfolio_Project\01_前期数据支撑\07_D07_FLOOD_EVENT\D07E_IMERG\RAW\D07E_NASA_IMERG_Download_Helper\RAW_AUTHENTICATED\3B-HHR.MS.MRG.3IMERG.20250319-S233000-E235959.1410.V07B.HDF5,Nature Portfolio_Project\01_前期数据支撑\07_D07_FLOOD_EVENT\D07E_IMERG\RAW\D07E_NASA_IMERG_Download_Helper\RAW_AUTHENTICATED\3B-HHR.MS.MRG.3IMERG.20250319-S233000-E235959.1410.V07B.HDF5,3B-HHR.MS.MRG.3IMERG.20250319-S233000-E235959.1410.V07B.HDF5,.HDF5,7732332,2026-10-05T11:12:06,8108c55d73e22a0c209435690622b06e04ae600e39933ef25f1792d07dafdab8,1,False,False,
original,03_Nature_Portfolio_Project,D:\OneDrive\桌面\论文\2027年投稿期刊\论文项目\07_JB医疗可达性_洪水扰动下交通-网络韧性与公平性_SCS_Natural_Hazards\GPT数据\Nature Portfolio_Project\01_前期数据支撑\07_D07_FLOOD_EVENT\D07E_IMERG\RAW\D07E_NASA_IMERG_Download_Helper\RAW_AUTHENTICATED\3B-HHR.MS.MRG.3IMERG.20250320-S000000-E002959.0000.V07B.HDF5,D:\OneDrive\桌面\论文\2027年投稿期刊\论文项目\07_JB医疗可达性_洪水扰动下交通-网络韧性与公平性_SCS_Natural_Hazards\GPT数据\Nature Portfolio_Project\01_前期数据支撑\07_D07_FLOOD_EVENT\D07E_IMERG\RAW\D07E_NASA_IMERG_Download_Helper\RAW_AUTHENTICATED\3B-HHR.MS.MRG.3IMERG.20250320-S000000-E002959.0000.V07B.HDF5,Nature Portfolio_Project\01_前期数据支撑\07_D07_FLOOD_EVENT\D07E_IMERG\RAW\D07E_NASA_IMERG_Download_Helper\RAW_AUTHENTICATED\3B-HHR.MS.MRG.3IMERG.20250320-S000000-E002959.0000.V07B.HDF5,3B-HHR.MS.MRG.3IMERG.20250320-S000000-E002959.0000.V07B.HDF5,.HDF5,7572100,2026-10-05T11:12:07,677b458d91c55c39488202c4583c3ad7a798baeaf9b80063acfbdbe0d759b806,1,False,False,
original,03_Nature_Portfolio_Project,D:\OneDrive\桌面\论文\2027年投稿期刊\论文项目\07_JB医疗可达性_洪水扰动下交通-网络韧性与公平性_SCS_Natural_Hazards\GPT数据\Nature Portfolio_Project\01_前期数据支撑\07_D07_FLOOD_EVENT\D07E_IMERG\RAW\D07E_NASA_IMERG_Download_Helper\RAW_AUTHENTICATED\3B-HHR.MS.MRG.3IMERG.20250320-S003000-E005959.0030.V07B.HDF5,D:\OneDrive\桌面\论文\2027年投稿期刊\论文项目\07_JB医疗可达性_洪水扰动下交通-网络韧性与公平性_SCS_Natural_Hazards\GPT数据\Nature Portfolio_Project\01_前期数据支撑\07_D07_FLOOD_EVENT\D07E_IMERG\RAW\D07E_NASA_IMERG_Download_Helper\RAW_AUTHENTICATED\3B-HHR.MS.MRG.3IMERG.20250320-S003000-E005959.0030.V07B.HDF5,Nature Portfolio_Project\01_前期数据支撑\07_D07_FLOOD_EVENT\D07E_IMERG\RAW\D07E_NASA_IMERG_Download_Helper\RAW_AUTHENTICATED\3B-HHR.MS.MRG.3IMERG.20250320-S003000-E005959.0030.V07B.HDF5,3B-HHR.MS.MRG.3IMERG.20250320-S003000-E005959.0030.V07B.HDF5,.HDF5,7528962,2026-10-05T11:12:07,ee35dc029c8a4c0d26da0eac38d9481ff9f92c3374a753b5fe322242b680ef6d,1,False,False,
original,03_Nature_Portfolio_Project,D:\OneDrive\桌面\论文\2027年投稿期刊\论文项目\07_JB医疗可达性_洪水扰动下交通-网络韧性与公平性_SCS_Natural_Hazards\GPT数据\Nature Portfolio_Project\01_前期数据支撑\07_D07_FLOOD_EVENT\D07E_IMERG\RAW\D07E_NASA_IMERG_Download_Helper\RAW_AUTHENTICATED\3B-HHR.MS.MRG.3IMERG.20250320-S010000-E012959.0060.V07B.HDF5,D:\OneDrive\桌面\论文\2027年投稿期刊\论文项目\07_JB医疗可达性_洪水扰动下交通-网络韧性与公平性_SCS_Natural_Hazards\GPT数据\Nature Portfolio_Project\01_前期数据支撑\07_D07_FLOOD_EVENT\D07E_IMERG\RAW\D07E_NASA_IMERG_Download_Helper\RAW_AUTHENTICATED\3B-HHR.MS.MRG.3IMERG.20250320-S010000-E012959.0060.V07B.HDF5,Nature Portfolio_Project\01_前期数据支撑\07_D07_FLOOD_EVENT\D07E_IMERG\RAW\D07E_NASA_IMERG_Download_Helper\RAW_AUTHENTICATED\3B-HHR.MS.MRG.3IMERG.20250320-S010000-E012959.0060.V07B.HDF5,3B-HHR.MS.MRG.3IMERG.20250320-S010000-E012959.0060.V07B.HDF5,.HDF5,7593314,2026-10-05T11:12:08,4ce635ff9d547386ee5b1630840114a98751f0d4d35d82c41851ae22dc74da5b,1,False,False,
original,03_Nature_Portfolio_Project,D:\OneDrive\桌面\论文\2027年投稿期刊\论文项目\07_JB医疗可达性_洪水扰动下交通-网络韧性与公平性_SCS_Natural_Hazards\GPT数据\Nature Portfolio_Project\01_前期数据支撑\07_D07_FLOOD_EVENT\D07E_IMERG\RAW\D07E_NASA_IMERG_Download_Helper\RAW_AUTHENTICATED\3B-HHR.MS.MRG.3IMERG.20250320-S013000-E015959.0090.V07B.HDF5,D:\OneDrive\桌面\论文\2027年投稿期刊\论文项目\07_JB医疗可达性_洪水扰动下交通-网络韧性与公平性_SCS_Natural_Hazards\GPT数据\Nature Portfolio_Project\01_前期数据支撑\07_D07_FLOOD_EVENT\D07E_IMERG\RAW\D07E_NASA_IMERG_Download_Helper\RAW_AUTHENTICATED\3B-HHR.MS.MRG.3IMERG.20250320-S013000-E015959.0090.V07B.HDF5,Nature Portfolio_Project\01_前期数据支撑\07_D07_FLOOD_EVENT\D07E_IMERG\RAW\D07E_NASA_IMERG_Download_Helper\RAW_AUTHENTICATED\3B-HHR.MS.MRG.3IMERG.20250320-S013000-E015959.0090.V07B.HDF5,3B-HHR.MS.MRG.3IMERG.20250320-S013000-E015959.0090.V07B.HDF5,.HDF5,7618682,2026-10-05T11:12:08,c2c92dce01ed614a2210b790b75c89bfdfda87b701186d44fae781c06f8e7f6e,1,False,False,
original,03_Nature_Portfolio_Project,D:\OneDrive\桌面\论文\2027年投稿期刊\论文项目\07_JB医疗可达性_洪水扰动下交通-网络韧性与公平性_SCS_Natural_Hazards\GPT数据\Nature Portfolio_Project\01_前期数据支撑\07_D07_FLOOD_EVENT\D07E_IMERG\RAW\D07E_NASA_IMERG_Download_Helper\RAW_AUTHENTICATED\3B-HHR.MS.MRG.3IMERG.20250320-S020000-E022959.0120.V07B.HDF5,D:\OneDrive\桌面\论文\2027年投稿期刊\论文项目\07_JB医疗可达性_洪水扰动下交通-网络韧性与公平性_SCS_Natural_Hazards\GPT数据\Nature Portfolio_Project\01_前期数据支撑\07_D07_FLOOD_EVENT\D07E_IMERG\RAW\D07E_NASA_IMERG_Download_Helper\RAW_AUTHENTICATED\3B-HHR.MS.MRG.3IMERG.20250320-S020000-E022959.0120.V07B.HDF5,Nature Portfolio_Project\01_前期数据支撑\07_D07_FLOOD_EVENT\D07E_IMERG\RAW\D07E_NASA_IMERG_Download_Helper\RAW_AUTHENTICATED\3B-HHR.MS.MRG.3IMERG.20250320-S020000-E022959.0120.V07B.HDF5,3B-HHR.MS.MRG.3IMERG.20250320-S020000-E022959.0120.V07B.HDF5,.HDF5,7606693,2026-10-05T11:12:08,83dfd780ff64630b65d040574aeac357ba6c6df8aa1f7d702867b6c770edb33f,1,False,False,
original,03_Nature_Portfolio_Project,D:\OneDrive\桌面\论文\2027年投稿期刊\论文项目\07_JB医疗可达性_洪水扰动下交通-网络韧性与公平性_SCS_Natural_Hazards\GPT数据\Nature Portfolio_Project\01_前期数据支撑\07_D07_FLOOD_EVENT\D07E_IMERG\RAW\D07E_NASA_IMERG_Download_Helper\RAW_AUTHENTICATED\3B-HHR.MS.MRG.3IMERG.20250320-S023000-E025959.0150.V07B.HDF5,D:\OneDrive\桌面\论文\2027年投稿期刊\论文项目\07_JB医疗可达性_洪水扰动下交通-网络韧性与公平性_SCS_Natural_Hazards\GPT数据\Nature Portfolio_Project\01_前期数据支撑\07_D07_FLOOD_EVENT\D07E_IMERG\RAW\D07E_NASA_IMERG_Download_Helper\RAW_AUTHENTICATED\3B-HHR.MS.MRG.3IMERG.20250320-S023000-E025959.0150.V07B.HDF5,Nature Portfolio_Project\01_前期数据支撑\07_D07_FLOOD_EVENT\D07E_IMERG\RAW\D07E_NASA_IMERG_Download_Helper\RAW_AUTHENTICATED\3B-HHR.MS.MRG.3IMERG.20250320-S023000-E025959.0150.V07B.HDF5,3B-HHR.MS.MRG.3IMERG.20250320-S023000-E025959.0150.V07B.HDF5,.HDF5,7693814,2026-10-05T11:12:08,9e71c2f4a10423b475e35b3fa72356b3ab20153884b2bb90a51edcbf4e07dede,1,False,False,
original,03_Nature_Portfolio_Project,D:\OneDrive\桌面\论文\2027年投稿期刊\论文项目\07_JB医疗可达性_洪水扰动下交通-网络韧性与公平性_SCS_Natural_Hazards\GPT数据\Nature Portfolio_Project\01_前期数据支撑\07_D07_FLOOD_EVENT\D07E_IMERG\RAW\D07E_NASA_IMERG_Download_Helper\RAW_AUTHENTICATED\3B-HHR.MS.MRG.3IMERG.20250320-S030000-E032959.0180.V07B.HDF5,D:\OneDrive\桌面\论文\2027年投稿期刊\论文项目\07_JB医疗可达性_洪水扰动下交通-网络韧性与公平性_SCS_Natural_Hazards\GPT数据\Nature Portfolio_Project\01_前期数据支撑\07_D07_FLOOD_EVENT\D07E_IMERG\RAW\D07E_NASA_IMERG_Download_Helper\RAW_AUTHENTICATED\3B-HHR.MS.MRG.3IMERG.20250320-S030000-E032959.0180.V07B.HDF5,Nature Portfolio_Project\01_前期数据支撑\07_D07_FLOOD_EVENT\D07E_IMERG\RAW\D07E_NASA_IMERG_Download_Helper\RAW_AUTHENTICATED\3B-HHR.MS.MRG.3IMERG.20250320-S030000-E032959.0180.V07B.HDF5,3B-HHR.MS.MRG.3IMERG.20250320-S030000-E032959.0180.V07B.HDF5,.HDF5,7683351,2026-10-05T11:12:08,6951e9c169b213fba73e588da0c5f10787a7defe9c1cc6e7f38426f858b78959,1,False,False,
original,03_Nature_Portfolio_Project,D:\OneDrive\桌面\论文\2027年投稿期刊\论文项目\07_JB医疗可达性_洪水扰动下交通-网络韧性与公平性_SCS_Natural_Hazards\GPT数据\Nature Portfolio_Project\01_前期数据支撑\07_D07_FLOOD_EVENT\D07E_IMERG\RAW\D07E_NASA_IMERG_Download_Helper\RAW_AUTHENTICATED\3B-HHR.MS.MRG.3IMERG.20250320-S033000-E035959.0210.V07B.HDF5,D:\OneDrive\桌面\论文\2027年投稿期刊\论文项目\07_JB医疗可达性_洪水扰动下交通-网络韧性与公平性_SCS_Natural_Hazards\GPT数据\Nature Portfolio_Project\01_前期数据支撑\07_D07_FLOOD_EVENT\D07E_IMERG\RAW\D07E_NASA_IMERG_Download_Helper\RAW_AUTHENTICATED\3B-HHR.MS.MRG.3IMERG.20250320-S033000-E035959.0210.V07B.HDF5,Nature Portfolio_Project\01_前期数据支撑\07_D07_FLOOD_EVENT\D07E_IMERG\RAW\D07E_NASA_IMERG_Download_Helper\RAW_AUTHENTICATED\3B-HHR.MS.MRG.3IMERG.20250320-S033000-E035959.0210.V07B.HDF5,3B-HHR.MS.MRG.3IMERG.20250320-S033000-E035959.0210.V07B.HDF5,.HDF5,7562909,2026-10-05T11:12:09,4bdf4c09b03e299effa43a026a4874b784ab824737cf97cdeb84c8e65b818262,1,False,False,
original,03_Nature_Portfolio_Project,D:\OneDrive\桌面\论文\2027年投稿期刊\论文项目\07_JB医疗可达性_洪水扰动下交通-网络韧性与公平性_SCS_Natural_Hazards\GPT数据\Nature Portfolio_Project\01_前期数据支撑\07_D07_FLOOD_EVENT\D07E_IMERG\RAW\D07E_NASA_IMERG_Download_Helper\RAW_AUTHENTICATED\3B-HHR.MS.MRG.3IMERG.20250320-S040000-E042959.0240.V07B.HDF5,D:\OneDrive\桌面\论文\2027年投稿期刊\论文项目\07_JB医疗可达性_洪水扰动下交通-网络韧性与公平性_SCS_Natural_Hazards\GPT数据\Nature Portfolio_Project\01_前期数据支撑\07_D07_FLOOD_EVENT\D07E_IMERG\RAW\D07E_NASA_IMERG_Download_Helper\RAW_AUTHENTICATED\3B-HHR.MS.MRG.3IMERG.20250320-S040000-E042959.0240.V07B.HDF5,Nature Portfolio_Project\01_前期数据支撑\07_D07_FLOOD_EVENT\D07E_IMERG\RAW\D07E_NASA_IMERG_Download_Helper\RAW_AUTHENTICATED\3B-HHR.MS.MRG.3IMERG.20250320-S040000-E042959.0240.V07B.HDF5,3B-HHR.MS.MRG.3IMERG.20250320-S040000-E042959.0240.V07B.HDF5,.HDF5,7813062,2026-10-05T11:12:10,21dcfc5e551d54f4fdecc0c2a4c1550eea5322236c6a53a6e820e8af866a04a3,1,False,False,
original,03_Nature_Portfolio_Project,D:\OneDrive\桌面\论文\2027年投稿期刊\论文项目\07_JB医疗可达性_洪水扰动下交通-网络韧性与公平性_SCS_Natural_Hazards\GPT数据\Nature Portfolio_Project\01_前期数据支撑\07_D07_FLOOD_EVENT\D07E_IMERG\RAW\D07E_NASA_IMERG_Download_Helper\RAW_AUTHENTICATED\3B-HHR.MS.MRG.3IMERG.20250320-S043000-E045959.0270.V07B.HDF5,D:\OneDrive\桌面\论文\2027年投稿期刊\论文项目\07_JB医疗可达性_洪水扰动下交通-网络韧性与公平性_SCS_Natural_Hazards\GPT数据\Nature Portfolio_Project\01_前期数据支撑\07_D07_FLOOD_EVENT\D07E_IMERG\RAW\D07E_NASA_IMERG_Download_Helper\RAW_AUTHENTICATED\3B-HHR.MS.MRG.3IMERG.20250320-S043000-E045959.0270.V07B.HDF5,Nature Portfolio_Project\01_前期数据支撑\07_D07_FLOOD_EVENT\D07E_IMERG\RAW\D07E_NASA_IMERG_Download_Helper\RAW_AUTHENTICATED\3B-HHR.MS.MRG.3IMERG.20250320-S043000-E045959.0270.V07B.HDF5,3B-HHR.MS.MRG.3IMERG.20250320-S043000-E045959.0270.V07B.HDF5,.HDF5,7639927,2026-10-05T11:12:10,14d80dec8b9a42ebb8c3592cf7eb283f977c6d5b8d00c054018ada066a60f7ac,1,False,False,
original,03_Nature_Portfolio_Project,D:\OneDrive\桌面\论文\2027年投稿期刊\论文项目\07_JB医疗可达性_洪水扰动下交通-网络韧性与公平性_SCS_Natural_Hazards\GPT数据\Nature Portfolio_Project\01_前期数据支撑\07_D07_FLOOD_EVENT\D07E_IMERG\RAW\D07E_NASA_IMERG_Download_Helper\RAW_AUTHENTICATED\3B-HHR.MS.MRG.3IMERG.20250320-S050000-E052959.0300.V07B.HDF5,D:\OneDrive\桌面\论文\2027年投稿期刊\论文项目\07_JB医疗可达性_洪水扰动下交通-网络韧性与公平性_SCS_Natural_Hazards\GPT数据\Nature Portfolio_Project\01_前期数据支撑\07_D07_FLOOD_EVENT\D07E_IMERG\RAW\D07E_NASA_IMERG_Download_Helper\RAW_AUTHENTICATED\3B-HHR.MS.MRG.3IMERG.20250320-S050000-E052959.0300.V07B.HDF5,Nature Portfolio_Project\01_前期数据支撑\07_D07_FLOOD_EVENT\D07E_IMERG\RAW\D07E_NASA_IMERG_Download_Helper\RAW_AUTHENTICATED\3B-HHR.MS.MRG.3IMERG.20250320-S050000-E052959.0300.V07B.HDF5,3B-HHR.MS.MRG.3IMERG.20250320-S050000-E052959.0300.V07B.HDF5,.HDF5,7616817,2026-10-05T11:12:10,b0a1b8801c6e89ec62647fa32ab2c2be5bd0c6de19a1e8fa1466a560f1866773,1,False,False,
original,03_Nature_Portfolio_Project,D:\OneDrive\桌面\论文\2027年投稿期刊\论文项目\07_JB医疗可达性_洪水扰动下交通-网络韧性与公平性_SCS_Natural_Hazards\GPT数据\Nature Portfolio_Project\01_前期数据支撑\07_D07_FLOOD_EVENT\D07E_IMERG\RAW\D07E_NASA_IMERG_Download_Helper\RAW_AUTHENTICATED\3B-HHR.MS.MRG.3IMERG.20250320-S053000-E055959.0330.V07B.HDF5,D:\OneDrive\桌面\论文\2027年投稿期刊\论文项目\07_JB医疗可达性_洪水扰动下交通-网络韧性与公平性_SCS_Natural_Hazards\GPT数据\Nature Portfolio_Project\01_前期数据支撑\07_D07_FLOOD_EVENT\D07E_IMERG\RAW\D07E_NASA_IMERG_Download_Helper\RAW_AUTHENTICATED\3B-HHR.MS.MRG.3IMERG.20250320-S053000-E055959.0330.V07B.HDF5,Nature Portfolio_Project\01_前期数据支撑\07_D07_FLOOD_EVENT\D07E_IMERG\RAW\D07E_NASA_IMERG_Download_Helper\RAW_AUTHENTICATED\3B-HHR.MS.MRG.3IMERG.20250320-S053000-E055959.0330.V07B.HDF5,3B-HHR.MS.MRG.3IMERG.20250320-S053000-E055959.0330.V07B.HDF5,.HDF5,7627935,2026-10-05T11:12:10,cdab6cfbe4f57e21085cf4e6ace431f218050fa09c33f9616898f29c8fbc987b,1,False,False,
original,03_Nature_Portfolio_Project,D:\OneDrive\桌面\论文\2027年投稿期刊\论文项目\07_JB医疗可达性_洪水扰动下交通-网络韧性与公平性_SCS_Natural_Hazards\GPT数据\Nature Portfolio_Project\01_前期数据支撑\07_D07_FLOOD_EVENT\D07E_IMERG\RAW\D07E_NASA_IMERG_Download_Helper\RAW_AUTHENTICATED\3B-HHR.MS.MRG.3IMERG.20250320-S060000-E062959.0360.V07B.HDF5,D:\OneDrive\桌面\论文\2027年投稿期刊\论文项目\07_JB医疗可达性_洪水扰动下交通-网络韧性与公平性_SCS_Natural_Hazards\GPT数据\Nature Portfolio_Project\01_前期数据支撑\07_D07_FLOOD_EVENT\D07E_IMERG\RAW\D07E_NASA_IMERG_Download_Helper\RAW_AUTHENTICATED\3B-HHR.MS.MRG.3IMERG.20250320-S060000-E062959.0360.V07B.HDF5,Nature Portfolio_Project\01_前期数据支撑\07_D07_FLOOD_EVENT\D07E_IMERG\RAW\D07E_NASA_IMERG_Download_Helper\RAW_AUTHENTICATED\3B-HHR.MS.MRG.3IMERG.20250320-S060000-E062959.0360.V07B.HDF5,3B-HHR.MS.MRG.3IMERG.20250320-S060000-E062959.0360.V07B.HDF5,.HDF5,7580867,2026-10-05T11:12:10,3f02133df69c81cb5f310f51d3a76716628d07f672a513df44475f2a4891e462,1,False,False,
original,03_Nature_Portfolio_Project,D:\OneDrive\桌面\论文\2027年投稿期刊\论文项目\07_JB医疗可达性_洪水扰动下交通-网络韧性与公平性_SCS_Natural_Hazards\GPT数据\Nature Portfolio_Project\01_前期数据支撑\07_D07_FLOOD_EVENT\D07E_IMERG\RAW\D07E_NASA_IMERG_Download_Helper\RAW_AUTHENTICATED\3B-HHR.MS.MRG.3IMERG.20250320-S063000-E065959.0390.V07B.HDF5,D:\OneDrive\桌面\论文\2027年投稿期刊\论文项目\07_JB医疗可达性_洪水扰动下交通-网络韧性与公平性_SCS_Natural_Hazards\GPT数据\Nature Portfolio_Project\01_前期数据支撑\07_D07_FLOOD_EVENT\D07E_IMERG\RAW\D07E_NASA_IMERG_Download_Helper\RAW_AUTHENTICATED\3B-HHR.MS.MRG.3IMERG.20250320-S063000-E065959.0390.V07B.HDF5,Nature Portfolio_Project\01_前期数据支撑\07_D07_FLOOD_EVENT\D07E_IMERG\RAW\D07E_NASA_IMERG_Download_Helper\RAW_AUTHENTICATED\3B-HHR.MS.MRG.3IMERG.20250320-S063000-E065959.0390.V07B.HDF5,3B-HHR.MS.MRG.3IMERG.20250320-S063000-E065959.0390.V07B.HDF5,.HDF5,7609406,2026-10-05T11:12:11,06d4adfdae791900d783b8dee855efcad0fe397481d5821aff8820e304960f54,1,False,False,
original,03_Nature_Portfolio_Project,D:\OneDrive\桌面\论文\2027年投稿期刊\论文项目\07_JB医疗可达性_洪水扰动下交通-网络韧性与公平性_SCS_Natural_Hazards\GPT数据\Nature Portfolio_Project\01_前期数据支撑\07_D07_FLOOD_EVENT\D07E_IMERG\RAW\D07E_NASA_IMERG_Download_Helper\RAW_AUTHENTICATED\3B-HHR.MS.MRG.3IMERG.20250320-S070000-E072959.0420.V07B.HDF5,D:\OneDrive\桌面\论文\2027年投稿期刊\论文项目\07_JB医疗可达性_洪水扰动下交通-网络韧性与公平性_SCS_Natural_Hazards\GPT数据\Nature Portfolio_Project\01_前期数据支撑\07_D07_FLOOD_EVENT\D07E_IMERG\RAW\D07E_NASA_IMERG_Download_Helper\RAW_AUTHENTICATED\3B-HHR.MS.MRG.3IMERG.20250320-S070000-E072959.0420.V07B.HDF5,Nature Portfolio_Project\01_前期数据支撑\07_D07_FLOOD_EVENT\D07E_IMERG\RAW\D07E_NASA_IMERG_Download_Helper\RAW_AUTHENTICATED\3B-HHR.MS.MRG.3IMERG.20250320-S070000-E072959.0420.V07B.HDF5,3B-HHR.MS.MRG.3IMERG.20250320-S070000-E072959.0420.V07B.HDF5,.HDF5,7541264,2026-10-05T11:12:11,f8aa1fed802817c5d0e30514b05a013476f2e2c9e316f49348d7e179bfb3a311,1,False,False,
original,03_Nature_Portfolio_Project,D:\OneDrive\桌面\论文\2027年投稿期刊\论文项目\07_JB医疗可达性_洪水扰动下交通-网络韧性与公平性_SCS_Natural_Hazards\GPT数据\Nature Portfolio_Project\01_前期数据支撑\07_D07_FLOOD_EVENT\D07E_IMERG\RAW\D07E_NASA_IMERG_Download_Helper\RAW_AUTHENTICATED\3B-HHR.MS.MRG.3IMERG.20250320-S073000-E075959.0450.V07B.HDF5,D:\OneDrive\桌面\论文\2027年投稿期刊\论文项目\07_JB医疗可达性_洪水扰动下交通-网络韧性与公平性_SCS_Natural_Hazards\GPT数据\Nature Portfolio_Project\01_前期数据支撑\07_D07_FLOOD_EVENT\D07E_IMERG\RAW\D07E_NASA_IMERG_Download_Helper\RAW_AUTHENTICATED\3B-HHR.MS.MRG.3IMERG.20250320-S073000-E075959.0450.V07B.HDF5,Nature Portfolio_Project\01_前期数据支撑\07_D07_FLOOD_EVENT\D07E_IMERG\RAW\D07E_NASA_IMERG_Download_Helper\RAW_AUTHENTICATED\3B-HHR.MS.MRG.3IMERG.20250320-S073000-E075959.0450.V07B.HDF5,3B-HHR.MS.MRG.3IMERG.20250320-S073000-E075959.0450.V07B.HDF5,.HDF5,7492154,2026-10-05T11:12:11,0c0020985c91f397c149221d9c7fd3d41ca57e972aca7e2763bd746911bf9845,1,False,False,
original,03_Nature_Portfolio_Project,D:\OneDrive\桌面\论文\2027年投稿期刊\论文项目\07_JB医疗可达性_洪水扰动下交通-网络韧性与公平性_SCS_Natural_Hazards\GPT数据\Nature Portfolio_Project\01_前期数据支撑\07_D07_FLOOD_EVENT\D07E_IMERG\RAW\D07E_NASA_IMERG_Download_Helper\RAW_AUTHENTICATED\3B-HHR.MS.MRG.3IMERG.20250320-S080000-E082959.0480.V07B.HDF5,D:\OneDrive\桌面\论文\2027年投稿期刊\论文项目\07_JB医疗可达性_洪水扰动下交通-网络韧性与公平性_SCS_Natural_Hazards\GPT数据\Nature Portfolio_Project\01_前期数据支撑\07_D07_FLOOD_EVENT\D07E_IMERG\RAW\D07E_NASA_IMERG_Download_Helper\RAW_AUTHENTICATED\3B-HHR.MS.MRG.3IMERG.20250320-S080000-E082959.0480.V07B.HDF5,Nature Portfolio_Project\01_前期数据支撑\07_D07_FLOOD_EVENT\D07E_IMERG\RAW\D07E_NASA_IMERG_Download_Helper\RAW_AUTHENTICATED\3B-HHR.MS.MRG.3IMERG.20250320-S080000-E082959.0480.V07B.HDF5,3B-HHR.MS.MRG.3IMERG.20250320-S080000-E082959.0480.V07B.HDF5,.HDF5,7633027,2026-10-05T11:12:12,c7377c676ad740366b51d406843fedc960e0443871cd2d85f7ae31ec70747bb3,1,False,False,
original,03_Nature_Portfolio_Project,D:\OneDrive\桌面\论文\2027年投稿期刊\论文项目\07_JB医疗可达性_洪水扰动下交通-网络韧性与公平性_SCS_Natural_Hazards\GPT数据\Nature Portfolio_Project\01_前期数据支撑\07_D07_FLOOD_EVENT\D07E_IMERG\RAW\D07E_NASA_IMERG_Download_Helper\RAW_AUTHENTICATED\3B-HHR.MS.MRG.3IMERG.20250320-S083000-E085959.0510.V07B.HDF5,D:\OneDrive\桌面\论文\2027年投稿期刊\论文项目\07_JB医疗可达性_洪水扰动下交通-网络韧性与公平性_SCS_Natural_Hazards\GPT数据\Nature Portfolio_Project\01_前期数据支撑\07_D07_FLOOD_EVENT\D07E_IMERG\RAW\D07E_NASA_IMERG_Download_Helper\RAW_AUTHENTICATED\3B-HHR.MS.MRG.3IMERG.20250320-S083000-E085959.0510.V07B.HDF5,Nature Portfolio_Project\01_前期数据支撑\07_D07_FLOOD_EVENT\D07E_IMERG\RAW\D07E_NASA_IMERG_Download_Helper\RAW_AUTHENTICATED\3B-HHR.MS.MRG.3IMERG.20250320-S083000-E085959.0510.V07B.HDF5,3B-HHR.MS.MRG.3IMERG.20250320-S083000-E085959.0510.V07B.HDF5,.HDF5,7546889,2026-10-05T11:12:12,13b93c40ada134804528c4753d995b1f3bd0cc16c99bd28a7e1f92e90e100182,1,False,False,
original,03_Nature_Portfolio_Project,D:\OneDrive\桌面\论文\2027年投稿期刊\论文项目\07_JB医疗可达性_洪水扰动下交通-网络韧性与公平性_SCS_Natural_Hazards\GPT数据\Nature Portfolio_Project\01_前期数据支撑\07_D07_FLOOD_EVENT\D07E_IMERG\RAW\D07E_NASA_IMERG_Download_Helper\RAW_AUTHENTICATED\3B-HHR.MS.MRG.3IMERG.20250320-S090000-E092959.0540.V07B.HDF5,D:\OneDrive\桌面\论文\2027年投稿期刊\论文项目\07_JB医疗可达性_洪水扰动下交通-网络韧性与公平性_SCS_Natural_Hazards\GPT数据\Nature Portfolio_Project\01_前期数据支撑\07_D07_FLOOD_EVENT\D07E_IMERG\RAW\D07E_NASA_IMERG_Download_Helper\RAW_AUTHENTICATED\3B-HHR.MS.MRG.3IMERG.20250320-S090000-E092959.0540.V07B.HDF5,Nature Portfolio_Project\01_前期数据支撑\07_D07_FLOOD_EVENT\D07E_IMERG\RAW\D07E_NASA_IMERG_Download_Helper\RAW_AUTHENTICATED\3B-HHR.MS.MRG.3IMERG.20250320-S090000-E092959.0540.V07B.HDF5,3B-HHR.MS.MRG.3IMERG.20250320-S090000-E092959.0540.V07B.HDF5,.HDF5,7558954,2026-10-05T11:12:13,fbaee9a74f9e6463e29413db6bf845853786e81541855600dab6e14944d35665,1,False,False,
original,03_Nature_Portfolio_Project,D:\OneDrive\桌面\论文\2027年投稿期刊\论文项目\07_JB医疗可达性_洪水扰动下交通-网络韧性与公平性_SCS_Natural_Hazards\GPT数据\Nature Portfolio_Project\01_前期数据支撑\07_D07_FLOOD_EVENT\D07E_IMERG\RAW\D07E_NASA_IMERG_Download_Helper\RAW_AUTHENTICATED\3B-HHR.MS.MRG.3IMERG.20250320-S093000-E095959.0570.V07B.HDF5,D:\OneDrive\桌面\论文\2027年投稿期刊\论文项目\07_JB医疗可达性_洪水扰动下交通-网络韧性与公平性_SCS_Natural_Hazards\GPT数据\Nature Portfolio_Project\01_前期数据支撑\07_D07_FLOOD_EVENT\D07E_IMERG\RAW\D07E_NASA_IMERG_Download_Helper\RAW_AUTHENTICATED\3B-HHR.MS.MRG.3IMERG.20250320-S093000-E095959.0570.V07B.HDF5,Nature Portfolio_Project\01_前期数据支撑\07_D07_FLOOD_EVENT\D07E_IMERG\RAW\D07E_NASA_IMERG_Download_Helper\RAW_AUTHENTICATED\3B-HHR.MS.MRG.3IMERG.20250320-S093000-E095959.0570.V07B.HDF5,3B-HHR.MS.MRG.3IMERG.20250320-S093000-E095959.0570.V07B.HDF5,.HDF5,7564557,2026-10-05T11:12:13,0b053c0f742076b829a7cb001bd0e346671df0398a176497fa1a7d56323c61ad,1,False,False,
original,03_Nature_Portfolio_Project,D:\OneDrive\桌面\论文\2027年投稿期刊\论文项目\07_JB医疗可达性_洪水扰动下交通-网络韧性与公平性_SCS_Natural_Hazards\GPT数据\Nature Portfolio_Project\01_前期数据支撑\07_D07_FLOOD_EVENT\D07E_IMERG\RAW\D07E_NASA_IMERG_Download_Helper\RAW_AUTHENTICATED\3B-HHR.MS.MRG.3IMERG.20250320-S100000-E102959.0600.V07B.HDF5,D:\OneDrive\桌面\论文\2027年投稿期刊\论文项目\07_JB医疗可达性_洪水扰动下交通-网络韧性与公平性_SCS_Natural_Hazards\GPT数据\Nature Portfolio_Project\01_前期数据支撑\07_D07_FLOOD_EVENT\D07E_IMERG\RAW\D07E_NASA_IMERG_Download_Helper\RAW_AUTHENTICATED\3B-HHR.MS.MRG.3IMERG.20250320-S100000-E102959.0600.V07B.HDF5,Nature Portfolio_Project\01_前期数据支撑\07_D07_FLOOD_EVENT\D07E_IMERG\RAW\D07E_NASA_IMERG_Download_Helper\RAW_AUTHENTICATED\3B-HHR.MS.MRG.3IMERG.20250320-S100000-E102959.0600.V07B.HDF5,3B-HHR.MS.MRG.3IMERG.20250320-S100000-E102959.0600.V07B.HDF5,.HDF5,7493256,2026-10-05T11:12:13,f0430079d55ce90b1a090fc1a90a1ecaea11e67b06a6197368e862ebdc5e7ca7,1,False,False,
original,03_Nature_Portfolio_Project,D:\OneDrive\桌面\论文\2027年投稿期刊\论文项目\07_JB医疗可达性_洪水扰动下交通-网络韧性与公平性_SCS_Natural_Hazards\GPT数据\Nature Portfolio_Project\01_前期数据支撑\07_D07_FLOOD_EVENT\D07E_IMERG\RAW\D07E_NASA_IMERG_Download_Helper\RAW_AUTHENTICATED\3B-HHR.MS.MRG.3IMERG.20250320-S103000-E105959.0630.V07B.HDF5,D:\OneDrive\桌面\论文\2027年投稿期刊\论文项目\07_JB医疗可达性_洪水扰动下交通-网络韧性与公平性_SCS_Natural_Hazards\GPT数据\Nature Portfolio_Project\01_前期数据支撑\07_D07_FLOOD_EVENT\D07E_IMERG\RAW\D07E_NASA_IMERG_Download_Helper\RAW_AUTHENTICATED\3B-HHR.MS.MRG.3IMERG.20250320-S103000-E105959.0630.V07B.HDF5,Nature Portfolio_Project\01_前期数据支撑\07_D07_FLOOD_EVENT\D07E_IMERG\RAW\D07E_NASA_IMERG_Download_Helper\RAW_AUTHENTICATED\3B-HHR.MS.MRG.3IMERG.20250320-S103000-E105959.0630.V07B.HDF5,3B-HHR.MS.MRG.3IMERG.20250320-S103000-E105959.0630.V07B.HDF5,.HDF5,7489714,2026-10-05T11:12:13,29e8be765b462ab1181e679073df73eed7a2459f6b3bd9b30a31a29e65da3e59,1,False,False,
original,03_Nature_Portfolio_Project,D:\OneDrive\桌面\论文\2027年投稿期刊\论文项目\07_JB医疗可达性_洪水扰动下交通-网络韧性与公平性_SCS_Natural_Hazards\GPT数据\Nature Portfolio_Project\01_前期数据支撑\07_D07_FLOOD_EVENT\D07E_IMERG\RAW\D07E_NASA_IMERG_Download_Helper\RAW_AUTHENTICATED\3B-HHR.MS.MRG.3IMERG.20250320-S110000-E112959.0660.V07B.HDF5,D:\OneDrive\桌面\论文\2027年投稿期刊\论文项目\07_JB医疗可达性_洪水扰动下交通-网络韧性与公平性_SCS_Natural_Hazards\GPT数据\Nature Portfolio_Project\01_前期数据支撑\07_D07_FLOOD_EVENT\D07E_IMERG\RAW\D07E_NASA_IMERG_Download_Helper\RAW_AUTHENTICATED\3B-HHR.MS.MRG.3IMERG.20250320-S110000-E112959.0660.V07B.HDF5,Nature Portfolio_Project\01_前期数据支撑\07_D07_FLOOD_EVENT\D07E_IMERG\RAW\D07E_NASA_IMERG_Download_Helper\RAW_AUTHENTICATED\3B-HHR.MS.MRG.3IMERG.20250320-S110000-E112959.0660.V07B.HDF5,3B-HHR.MS.MRG.3IMERG.20250320-S110000-E112959.0660.V07B.HDF5,.HDF5,7339791,2026-10-05T11:12:13,7fb75ec571470f4a38736234cd55a27cf8449e145b12e20588ea1bf2f4c1bebf,1,False,False,
original,03_Nature_Portfolio_Project,D:\OneDrive\桌面\论文\2027年投稿期刊\论文项目\07_JB医疗可达性_洪水扰动下交通-网络韧性与公平性_SCS_Natural_Hazards\GPT数据\Nature Portfolio_Project\01_前期数据支撑\07_D07_FLOOD_EVENT\D07E_IMERG\RAW\D07E_NASA_IMERG_Download_Helper\RAW_AUTHENTICATED\3B-HHR.MS.MRG.3IMERG.20250320-S113000-E115959.0690.V07B.HDF5,D:\OneDrive\桌面\论文\2027年投稿期刊\论文项目\07_JB医疗可达性_洪水扰动下交通-网络韧性与公平性_SCS_Natural_Hazards\GPT数据\Nature Portfolio_Project\01_前期数据支撑\07_D07_FLOOD_EVENT\D07E_IMERG\RAW\D07E_NASA_IMERG_Download_Helper\RAW_AUTHENTICATED\3B-HHR.MS.MRG.3IMERG.20250320-S113000-E115959.0690.V07B.HDF5,Nature Portfolio_Project\01_前期数据支撑\07_D07_FLOOD_EVENT\D07E_IMERG\RAW\D07E_NASA_IMERG_Download_Helper\RAW_AUTHENTICATED\3B-HHR.MS.MRG.3IMERG.20250320-S113000-E115959.0690.V07B.HDF5,3B-HHR.MS.MRG.3IMERG.20250320-S113000-E115959.0690.V07B.HDF5,.HDF5,7438696,2026-10-05T11:12:14,f18e77162e5cee7ae77f4ea6c176a1c64337c22cdb0bf99f105b039005ddbaf5,1,False,False,
original,03_Nature_Portfolio_Project,D:\OneDrive\桌面\论文\2027年投稿期刊\论文项目\07_JB医疗可达性_洪水扰动下交通-网络韧性与公平性_SCS_Natural_Hazards\GPT数据\Nature Portfolio_Project\01_前期数据支撑\07_D07_FLOOD_EVENT\D07E_IMERG\RAW\D07E_NASA_IMERG_Download_Helper\RAW_AUTHENTICATED\3B-HHR.MS.MRG.3IMERG.20250320-S120000-E122959.0720.V07B.HDF5,D:\OneDrive\桌面\论文\2027年投稿期刊\论文项目\07_JB医疗可达性_洪水扰动下交通-网络韧性与公平性_SCS_Natural_Hazards\GPT数据\Nature Portfolio_Project\01_前期数据支撑\07_D07_FLOOD_EVENT\D07E_IMERG\RAW\D07E_NASA_IMERG_Download_Helper\RAW_AUTHENTICATED\3B-HHR.MS.MRG.3IMERG.20250320-S120000-E122959.0720.V07B.HDF5,Nature Portfolio_Project\01_前期数据支撑\07_D07_FLOOD_EVENT\D07E_IMERG\RAW\D07E_NASA_IMERG_Download_Helper\RAW_AUTHENTICATED\3B-HHR.MS.MRG.3IMERG.20250320-S120000-E122959.0720.V07B.HDF5,3B-HHR.MS.MRG.3IMERG.20250320-S120000-E122959.0720.V07B.HDF5,.HDF5,7435131,2026-10-05T11:12:15,5e1f6b4d1dc1d1e5be51c668dd7e05b0d45df006db9f5cc1f29dac5772f719e0,1,False,False,
original,03_Nature_Portfolio_Project,D:\OneDrive\桌面\论文\2027年投稿期刊\论文项目\07_JB医疗可达性_洪水扰动下交通-网络韧性与公平性_SCS_Natural_Hazards\GPT数据\Nature Portfolio_Project\01_前期数据支撑\07_D07_FLOOD_EVENT\D07E_IMERG\RAW\D07E_NASA_IMERG_Download_Helper\RAW_AUTHENTICATED\3B-HHR.MS.MRG.3IMERG.20250320-S123000-E125959.0750.V07B.HDF5,D:\OneDrive\桌面\论文\2027年投稿期刊\论文项目\07_JB医疗可达性_洪水扰动下交通-网络韧性与公平性_SCS_Natural_Hazards\GPT数据\Nature Portfolio_Project\01_前期数据支撑\07_D07_FLOOD_EVENT\D07E_IMERG\RAW\D07E_NASA_IMERG_Download_Helper\RAW_AUTHENTICATED\3B-HHR.MS.MRG.3IMERG.20250320-S123000-E125959.0750.V07B.HDF5,Nature Portfolio_Project\01_前期数据支撑\07_D07_FLOOD_EVENT\D07E_IMERG\RAW\D07E_NASA_IMERG_Download_Helper\RAW_AUTHENTICATED\3B-HHR.MS.MRG.3IMERG.20250320-S123000-E125959.0750.V07B.HDF5,3B-HHR.MS.MRG.3IMERG.20250320-S123000-E125959.0750.V07B.HDF5,.HDF5,7399145,2026-10-05T11:12:15,42a13c7381fa2beee0d45e4897939727c0c2ab0688455d70897dfd55cb68f868,1,False,False,
original,03_Nature_Portfolio_Project,D:\OneDrive\桌面\论文\2027年投稿期刊\论文项目\07_JB医疗可达性_洪水扰动下交通-网络韧性与公平性_SCS_Natural_Hazards\GPT数据\Nature Portfolio_Project\01_前期数据支撑\07_D07_FLOOD_EVENT\D07E_IMERG\RAW\D07E_NASA_IMERG_Download_Helper\RAW_AUTHENTICATED\3B-HHR.MS.MRG.3IMERG.20250320-S130000-E132959.0780.V07B.HDF5,D:\OneDrive\桌面\论文\2027年投稿期刊\论文项目\07_JB医疗可达性_洪水扰动下交通-网络韧性与公平性_SCS_Natural_Hazards\GPT数据\Nature Portfolio_Project\01_前期数据支撑\07_D07_FLOOD_EVENT\D07E_IMERG\RAW\D07E_NASA_IMERG_Download_Helper\RAW_AUTHENTICATED\3B-HHR.MS.MRG.3IMERG.20250320-S130000-E132959.0780.V07B.HDF5,Nature Portfolio_Project\01_前期数据支撑\07_D07_FLOOD_EVENT\D07E_IMERG\RAW\D07E_NASA_IMERG_Download_Helper\RAW_AUTHENTICATED\3B-HHR.MS.MRG.3IMERG.20250320-S130000-E132959.0780.V07B.HDF5,3B-HHR.MS.MRG.3IMERG.20250320-S130000-E132959.0780.V07B.HDF5,.HDF5,7465038,2026-10-05T11:12:16,0fa0a71d5caa32ca6b9a8adc67edb62763d42f19ccfd852265f9d89118410b3d,1,False,False,
original,03_Nature_Portfolio_Project,D:\OneDrive\桌面\论文\2027年投稿期刊\论文项目\07_JB医疗可达性_洪水扰动下交通-网络韧性与公平性_SCS_Natural_Hazards\GPT数据\Nature Portfolio_Project\01_前期数据支撑\07_D07_FLOOD_EVENT\D07E_IMERG\RAW\D07E_NASA_IMERG_Download_Helper\RAW_AUTHENTICATED\3B-HHR.MS.MRG.3IMERG.20250320-S133000-E135959.0810.V07B.HDF5,D:\OneDrive\桌面\论文\2027年投稿期刊\论文项目\07_JB医疗可达性_洪水扰动下交通-网络韧性与公平性_SCS_Natural_Hazards\GPT数据\Nature Portfolio_Project\01_前期数据支撑\07_D07_FLOOD_EVENT\D07E_IMERG\RAW\D07E_NASA_IMERG_Download_Helper\RAW_AUTHENTICATED\3B-HHR.MS.MRG.3IMERG.20250320-S133000-E135959.0810.V07B.HDF5,Nature Portfolio_Project\01_前期数据支撑\07_D07_FLOOD_EVENT\D07E_IMERG\RAW\D07E_NASA_IMERG_Download_Helper\RAW_AUTHENTICATED\3B-HHR.MS.MRG.3IMERG.20250320-S133000-E135959.0810.V07B.HDF5,3B-HHR.MS.MRG.3IMERG.20250320-S133000-E135959.0810.V07B.HDF5,.HDF5,7497221,2026-10-05T11:12:15,aaabf13a97e803c815eee74bfd3601dbb14745c7a832468b72012e8fda8b5790,1,False,False,
original,03_Nature_Portfolio_Project,D:\OneDrive\桌面\论文\2027年投稿期刊\论文项目\07_JB医疗可达性_洪水扰动下交通-网络韧性与公平性_SCS_Natural_Hazards\GPT数据\Nature Portfolio_Project\01_前期数据支撑\07_D07_FLOOD_EVENT\D07E_IMERG\RAW\D07E_NASA_IMERG_Download_Helper\RAW_AUTHENTICATED\3B-HHR.MS.MRG.3IMERG.20250320-S140000-E142959.0840.V07B.HDF5,D:\OneDrive\桌面\论文\2027年投稿期刊\论文项目\07_JB医疗可达性_洪水扰动下交通-网络韧性与公平性_SCS_Natural_Hazards\GPT数据\Nature Portfolio_Project\01_前期数据支撑\07_D07_FLOOD_EVENT\D07E_IMERG\RAW\D07E_NASA_IMERG_Download_Helper\RAW_AUTHENTICATED\3B-HHR.MS.MRG.3IMERG.20250320-S140000-E142959.0840.V07B.HDF5,Nature Portfolio_Project\01_前期数据支撑\07_D07_FLOOD_EVENT\D07E_IMERG\RAW\D07E_NASA_IMERG_Download_Helper\RAW_AUTHENTICATED\3B-HHR.MS.MRG.3IMERG.20250320-S140000-E142959.0840.V07B.HDF5,3B-HHR.MS.MRG.3IMERG.20250320-S140000-E142959.0840.V07B.HDF5,.HDF5,7558756,2026-10-05T11:12:16,9b75189cb43822544dc8fa24874a04575f75fccfc4c91ed0aae5e36161b32bff,1,False,False,
original,03_Nature_Portfolio_Project,D:\OneDrive\桌面\论文\2027年投稿期刊\论文项目\07_JB医疗可达性_洪水扰动下交通-网络韧性与公平性_SCS_Natural_Hazards\GPT数据\Nature Portfolio_Project\01_前期数据支撑\07_D07_FLOOD_EVENT\D07E_IMERG\RAW\D07E_NASA_IMERG_Download_Helper\RAW_AUTHENTICATED\3B-HHR.MS.MRG.3IMERG.20250320-S143000-E145959.0870.V07B.HDF5,D:\OneDrive\桌面\论文\2027年投稿期刊\论文项目\07_JB医疗可达性_洪水扰动下交通-网络韧性与公平性_SCS_Natural_Hazards\GPT数据\Nature Portfolio_Project\01_前期数据支撑\07_D07_FLOOD_EVENT\D07E_IMERG\RAW\D07E_NASA_IMERG_Download_Helper\RAW_AUTHENTICATED\3B-HHR.MS.MRG.3IMERG.20250320-S143000-E145959.0870.V07B.HDF5,Nature Portfolio_Project\01_前期数据支撑\07_D07_FLOOD_EVENT\D07E_IMERG\RAW\D07E_NASA_IMERG_Download_Helper\RAW_AUTHENTICATED\3B-HHR.MS.MRG.3IMERG.20250320-S143000-E145959.0870.V07B.HDF5,3B-HHR.MS.MRG.3IMERG.20250320-S143000-E145959.0870.V07B.HDF5,.HDF5,7623133,2026-10-05T11:12:16,0d743604f39d2a61d72f329bc6eb3a224ae5ca04211e40f4239a8fc4050dd10c,1,False,False,
original,03_Nature_Portfolio_Project,D:\OneDrive\桌面\论文\2027年投稿期刊\论文项目\07_JB医疗可达性_洪水扰动下交通-网络韧性与公平性_SCS_Natural_Hazards\GPT数据\Nature Portfolio_Project\01_前期数据支撑\07_D07_FLOOD_EVENT\D07E_IMERG\RAW\D07E_NASA_IMERG_Download_Helper\RAW_AUTHENTICATED\3B-HHR.MS.MRG.3IMERG.20250320-S150000-E152959.0900.V07B.HDF5,D:\OneDrive\桌面\论文\2027年投稿期刊\论文项目\07_JB医疗可达性_洪水扰动下交通-网络韧性与公平性_SCS_Natural_Hazards\GPT数据\Nature Portfolio_Project\01_前期数据支撑\07_D07_FLOOD_EVENT\D07E_IMERG\RAW\D07E_NASA_IMERG_Download_Helper\RAW_AUTHENTICATED\3B-HHR.MS.MRG.3IMERG.20250320-S150000-E152959.0900.V07B.HDF5,Nature Portfolio_Project\01_前期数据支撑\07_D07_FLOOD_EVENT\D07E_IMERG\RAW\D07E_NASA_IMERG_Download_Helper\RAW_AUTHENTICATED\3B-HHR.MS.MRG.3IMERG.20250320-S150000-E152959.0900.V07B.HDF5,3B-HHR.MS.MRG.3IMERG.20250320-S150000-E152959.0900.V07B.HDF5,.HDF5,7756266,2026-10-05T11:12:16,598d1f69224c1a322c66930fa1d314e6c32b89d16f0b2de9efb4f56f3b6f6c30,1,False,False,
original,03_Nature_Portfolio_Project,D:\OneDrive\桌面\论文\2027年投稿期刊\论文项目\07_JB医疗可达性_洪水扰动下交通-网络韧性与公平性_SCS_Natural_Hazards\GPT数据\Nature Portfolio_Project\01_前期数据支撑\07_D07_FLOOD_EVENT\D07E_IMERG\RAW\D07E_NASA_IMERG_Download_Helper\RAW_AUTHENTICATED\3B-HHR.MS.MRG.3IMERG.20250320-S153000-E155959.0930.V07B.HDF5,D:\OneDrive\桌面\论文\2027年投稿期刊\论文项目\07_JB医疗可达性_洪水扰动下交通-网络韧性与公平性_SCS_Natural_Hazards\GPT数据\Nature Portfolio_Project\01_前期数据支撑\07_D07_FLOOD_EVENT\D07E_IMERG\RAW\D07E_NASA_IMERG_Download_Helper\RAW_AUTHENTICATED\3B-HHR.MS.MRG.3IMERG.20250320-S153000-E155959.0930.V07B.HDF5,Nature Portfolio_Project\01_前期数据支撑\07_D07_FLOOD_EVENT\D07E_IMERG\RAW\D07E_NASA_IMERG_Download_Helper\RAW_AUTHENTICATED\3B-HHR.MS.MRG.3IMERG.20250320-S153000-E155959.0930.V07B.HDF5,3B-HHR.MS.MRG.3IMERG.20250320-S153000-E155959.0930.V07B.HDF5,.HDF5,7713942,2026-10-05T11:12:17,ac4dc88adc6da2ae85b562a2c2811d3f321d25557bf06a6f8ae7336b178c9578,1,False,False,
original,03_Nature_Portfolio_Project,D:\OneDrive\桌面\论文\2027年投稿期刊\论文项目\07_JB医疗可达性_洪水扰动下交通-网络韧性与公平性_SCS_Natural_Hazards\GPT数据\Nature Portfolio_Project\01_前期数据支撑\07_D07_FLOOD_EVENT\D07E_IMERG\RAW\D07E_NASA_IMERG_Download_Helper\RAW_AUTHENTICATED\3B-HHR.MS.MRG.3IMERG.20250320-S160000-E162959.0960.V07B.HDF5,D:\OneDrive\桌面\论文\2027年投稿期刊\论文项目\07_JB医疗可达性_洪水扰动下交通-网络韧性与公平性_SCS_Natural_Hazards\GPT数据\Nature Portfolio_Project\01_前期数据支撑\07_D07_FLOOD_EVENT\D07E_IMERG\RAW\D07E_NASA_IMERG_Download_Helper\RAW_AUTHENTICATED\3B-HHR.MS.MRG.3IMERG.20250320-S160000-E162959.0960.V07B.HDF5,Nature Portfolio_Project\01_前期数据支撑\07_D07_FLOOD_EVENT\D07E_IMERG\RAW\D07E_NASA_IMERG_Download_Helper\RAW_AUTHENTICATED\3B-HHR.MS.MRG.3IMERG.20250320-S160000-E162959.0960.V07B.HDF5,3B-HHR.MS.MRG.3IMERG.20250320-S160000-E162959.0960.V07B.HDF5,.HDF5,7824421,2026-10-05T11:12:17,6b1722b845db2a5502529df086c011c6aca9be8c949173a0cbd8b91a05802fb0,1,False,False,
original,03_Nature_Portfolio_Project,D:\OneDrive\桌面\论文\2027年投稿期刊\论文项目\07_JB医疗可达性_洪水扰动下交通-网络韧性与公平性_SCS_Natural_Hazards\GPT数据\Nature Portfolio_Project\01_前期数据支撑\07_D07_FLOOD_EVENT\D07E_IMERG\RAW\D07E_NASA_IMERG_Download_Helper\RAW_AUTHENTICATED\3B-HHR.MS.MRG.3IMERG.20250320-S163000-E165959.0990.V07B.HDF5,D:\OneDrive\桌面\论文\2027年投稿期刊\论文项目\07_JB医疗可达性_洪水扰动下交通-网络韧性与公平性_SCS_Natural_Hazards\GPT数据\Nature Portfolio_Project\01_前期数据支撑\07_D07_FLOOD_EVENT\D07E_IMERG\RAW\D07E_NASA_IMERG_Download_Helper\RAW_AUTHENTICATED\3B-HHR.MS.MRG.3IMERG.20250320-S163000-E165959.0990.V07B.HDF5,Nature Portfolio_Project\01_前期数据支撑\07_D07_FLOOD_EVENT\D07E_IMERG\RAW\D07E_NASA_IMERG_Download_Helper\RAW_AUTHENTICATED\3B-HHR.MS.MRG.3IMERG.20250320-S163000-E165959.0990.V07B.HDF5,3B-HHR.MS.MRG.3IMERG.20250320-S163000-E165959.0990.V07B.HDF5,.HDF5,7840648,2026-10-05T11:12:18,b9d99ea25a66ce339fae979b4d019eb0ea06136d51197cf70ff7ddf807683503,1,False,False,
original,03_Nature_Portfolio_Project,D:\OneDrive\桌面\论文\2027年投稿期刊\论文项目\07_JB医疗可达性_洪水扰动下交通-网络韧性与公平性_SCS_Natural_Hazards\GPT数据\Nature Portfolio_Project\01_前期数据支撑\07_D07_FLOOD_EVENT\D07E_IMERG\RAW\D07E_NASA_IMERG_Download_Helper\RAW_AUTHENTICATED\3B-HHR.MS.MRG.3IMERG.20250320-S170000-E172959.1020.V07B.HDF5,D:\OneDrive\桌面\论文\2027年投稿期刊\论文项目\07_JB医疗可达性_洪水扰动下交通-网络韧性与公平性_SCS_Natural_Hazards\GPT数据\Nature Portfolio_Project\01_前期数据支撑\07_D07_FLOOD_EVENT\D07E_IMERG\RAW\D07E_NASA_IMERG_Download_Helper\RAW_AUTHENTICATED\3B-HHR.MS.MRG.3IMERG.20250320-S170000-E172959.1020.V07B.HDF5,Nature Portfolio_Project\01_前期数据支撑\07_D07_FLOOD_EVENT\D07E_IMERG\RAW\D07E_NASA_IMERG_Download_Helper\RAW_AUTHENTICATED\3B-HHR.MS.MRG.3IMERG.20250320-S170000-E172959.1020.V07B.HDF5,3B-HHR.MS.MRG.3IMERG.20250320-S170000-E172959.1020.V07B.HDF5,.HDF5,7722737,2026-10-05T11:12:18,082eefab67bbfbce9baf507e9287bacd2cfa79ed35be726216dc16864d8db250,1,False,False,
original,03_Nature_Portfolio_Project,D:\OneDrive\桌面\论文\2027年投稿期刊\论文项目\07_JB医疗可达性_洪水扰动下交通-网络韧性与公平性_SCS_Natural_Hazards\GPT数据\Nature Portfolio_Project\01_前期数据支撑\07_D07_FLOOD_EVENT\D07E_IMERG\RAW\D07E_NASA_IMERG_Download_Helper\RAW_AUTHENTICATED\3B-HHR.MS.MRG.3IMERG.20250320-S173000-E175959.1050.V07B.HDF5,D:\OneDrive\桌面\论文\2027年投稿期刊\论文项目\07_JB医疗可达性_洪水扰动下交通-网络韧性与公平性_SCS_Natural_Hazards\GPT数据\Nature Portfolio_Project\01_前期数据支撑\07_D07_FLOOD_EVENT\D07E_IMERG\RAW\D07E_NASA_IMERG_Download_Helper\RAW_AUTHENTICATED\3B-HHR.MS.MRG.3IMERG.20250320-S173000-E175959.1050.V07B.HDF5,Nature Portfolio_Project\01_前期数据支撑\07_D07_FLOOD_EVENT\D07E_IMERG\RAW\D07E_NASA_IMERG_Download_Helper\RAW_AUTHENTICATED\3B-HHR.MS.MRG.3IMERG.20250320-S173000-E175959.1050.V07B.HDF5,3B-HHR.MS.MRG.3IMERG.20250320-S173000-E175959.1050.V07B.HDF5,.HDF5,7819710,2026-10-05T11:12:18,01db9b57510d687f8ab869f5290c1bf33b5e60ac8f1f892db60ef270e743aeb9,1,False,False,
original,03_Nature_Portfolio_Project,D:\OneDrive\桌面\论文\2027年投稿期刊\论文项目\07_JB医疗可达性_洪水扰动下交通-网络韧性与公平性_SCS_Natural_Hazards\GPT数据\Nature Portfolio_Project\01_前期数据支撑\07_D07_FLOOD_EVENT\D07E_IMERG\RAW\D07E_NASA_IMERG_Download_Helper\RAW_AUTHENTICATED\3B-HHR.MS.MRG.3IMERG.20250320-S180000-E182959.1080.V07B.HDF5,D:\OneDrive\桌面\论文\2027年投稿期刊\论文项目\07_JB医疗可达性_洪水扰动下交通-网络韧性与公平性_SCS_Natural_Hazards\GPT数据\Nature Portfolio_Project\01_前期数据支撑\07_D07_FLOOD_EVENT\D07E_IMERG\RAW\D07E_NASA_IMERG_Download_Helper\RAW_AUTHENTICATED\3B-HHR.MS.MRG.3IMERG.20250320-S180000-E182959.1080.V07B.HDF5,Nature Portfolio_Project\01_前期数据支撑\07_D07_FLOOD_EVENT\D07E_IMERG\RAW\D07E_NASA_IMERG_Download_Helper\RAW_AUTHENTICATED\3B-HHR.MS.MRG.3IMERG.20250320-S180000-E182959.1080.V07B.HDF5,3B-HHR.MS.MRG.3IMERG.20250320-S180000-E182959.1080.V07B.HDF5,.HDF5,7830230,2026-10-05T11:12:18,ba20522821de5d3f5483aa02e06e8431827b7c57e9f62ecf0dd352fc3d8aa77b,1,False,False,
original,03_Nature_Portfolio_Project,D:\OneDrive\桌面\论文\2027年投稿期刊\论文项目\07_JB医疗可达性_洪水扰动下交通-网络韧性与公平性_SCS_Natural_Hazards\GPT数据\Nature Portfolio_Project\01_前期数据支撑\07_D07_FLOOD_EVENT\D07E_IMERG\RAW\D07E_NASA_IMERG_Download_Helper\RAW_AUTHENTICATED\3B-HHR.MS.MRG.3IMERG.20250320-S183000-E185959.1110.V07B.HDF5,D:\OneDrive\桌面\论文\2027年投稿期刊\论文项目\07_JB医疗可达性_洪水扰动下交通-网络韧性与公平性_SCS_Natural_Hazards\GPT数据\Nature Portfolio_Project\01_前期数据支撑\07_D07_FLOOD_EVENT\D07E_IMERG\RAW\D07E_NASA_IMERG_Download_Helper\RAW_AUTHENTICATED\3B-HHR.MS.MRG.3IMERG.20250320-S183000-E185959.1110.V07B.HDF5,Nature Portfolio_Project\01_前期数据支撑\07_D07_FLOOD_EVENT\D07E_IMERG\RAW\D07E_NASA_IMERG_Download_Helper\RAW_AUTHENTICATED\3B-HHR.MS.MRG.3IMERG.20250320-S183000-E185959.1110.V07B.HDF5,3B-HHR.MS.MRG.3IMERG.20250320-S183000-E185959.1110.V07B.HDF5,.HDF5,7802755,2026-10-05T11:12:19,1bb2706d2940965a9a143fedc1b087e9a8d96eea6690c5cb13674082f567464b,1,False,False,
original,03_Nature_Portfolio_Project,D:\OneDrive\桌面\论文\2027年投稿期刊\论文项目\07_JB医疗可达性_洪水扰动下交通-网络韧性与公平性_SCS_Natural_Hazards\GPT数据\Nature Portfolio_Project\01_前期数据支撑\07_D07_FLOOD_EVENT\D07E_IMERG\RAW\D07E_NASA_IMERG_Download_Helper\RAW_AUTHENTICATED\3B-HHR.MS.MRG.3IMERG.20250320-S190000-E192959.1140.V07B.HDF5,D:\OneDrive\桌面\论文\2027年投稿期刊\论文项目\07_JB医疗可达性_洪水扰动下交通-网络韧性与公平性_SCS_Natural_Hazards\GPT数据\Nature Portfolio_Project\01_前期数据支撑\07_D07_FLOOD_EVENT\D07E_IMERG\RAW\D07E_NASA_IMERG_Download_Helper\RAW_AUTHENTICATED\3B-HHR.MS.MRG.3IMERG.20250320-S190000-E192959.1140.V07B.HDF5,Nature Portfolio_Project\01_前期数据支撑\07_D07_FLOOD_EVENT\D07E_IMERG\RAW\D07E_NASA_IMERG_Download_Helper\RAW_AUTHENTICATED\3B-HHR.MS.MRG.3IMERG.20250320-S190000-E192959.1140.V07B.HDF5,3B-HHR.MS.MRG.3IMERG.20250320-S190000-E192959.1140.V07B.HDF5,.HDF5,7779788,2026-10-05T11:12:18,a9572f0d355ccadf72a63f9dd9991b2049566bc178100fc467e490bc9de9451d,1,False,False,
original,03_Nature_Portfolio_Project,D:\OneDrive\桌面\论文\2027年投稿期刊\论文项目\07_JB医疗可达性_洪水扰动下交通-网络韧性与公平性_SCS_Natural_Hazards\GPT数据\Nature Portfolio_Project\01_前期数据支撑\07_D07_FLOOD_EVENT\D07E_IMERG\RAW\D07E_NASA_IMERG_Download_Helper\RAW_AUTHENTICATED\3B-HHR.MS.MRG.3IMERG.20250320-S193000-E195959.1170.V07B.HDF5,D:\OneDrive\桌面\论文\2027年投稿期刊\论文项目\07_JB医疗可达性_洪水扰动下交通-网络韧性与公平性_SCS_Natural_Hazards\GPT数据\Nature Portfolio_Project\01_前期数据支撑\07_D07_FLOOD_EVENT\D07E_IMERG\RAW\D07E_NASA_IMERG_Download_Helper\RAW_AUTHENTICATED\3B-HHR.MS.MRG.3IMERG.20250320-S193000-E195959.1170.V07B.HDF5,Nature Portfolio_Project\01_前期数据支撑\07_D07_FLOOD_EVENT\D07E_IMERG\RAW\D07E_NASA_IMERG_Download_Helper\RAW_AUTHENTICATED\3B-HHR.MS.MRG.3IMERG.20250320-S193000-E195959.1170.V07B.HDF5,3B-HHR.MS.MRG.3IMERG.20250320-S193000-E195959.1170.V07B.HDF5,.HDF5,7834965,2026-10-05T11:12:19,ef70411a9b89767a24f52376de306c4a4a2dfc131cffee744f1b57ef89ec5e0c,1,False,False,
original,03_Nature_Portfolio_Project,D:\OneDrive\桌面\论文\2027年投稿期刊\论文项目\07_JB医疗可达性_洪水扰动下交通-网络韧性与公平性_SCS_Natural_Hazards\GPT数据\Nature Portfolio_Project\01_前期数据支撑\07_D07_FLOOD_EVENT\D07E_IMERG\RAW\D07E_NASA_IMERG_Download_Helper\RAW_AUTHENTICATED\3B-HHR.MS.MRG.3IMERG.20250320-S200000-E202959.1200.V07B.HDF5,D:\OneDrive\桌面\论文\2027年投稿期刊\论文项目\07_JB医疗可达性_洪水扰动下交通-网络韧性与公平性_SCS_Natural_Hazards\GPT数据\Nature Portfolio_Project\01_前期数据支撑\07_D07_FLOOD_EVENT\D07E_IMERG\RAW\D07E_NASA_IMERG_Download_Helper\RAW_AUTHENTICATED\3B-HHR.MS.MRG.3IMERG.20250320-S200000-E202959.1200.V07B.HDF5,Nature Portfolio_Project\01_前期数据支撑\07_D07_FLOOD_EVENT\D07E_IMERG\RAW\D07E_NASA_IMERG_Download_Helper\RAW_AUTHENTICATED\3B-HHR.MS.MRG.3IMERG.20250320-S200000-E202959.1200.V07B.HDF5,3B-HHR.MS.MRG.3IMERG.20250320-S200000-E202959.1200.V07B.HDF5,.HDF5,7926357,2026-10-05T11:12:20,9fda8b82bf7597e2db650672f86594dade91ae7843e8128c07d83a2cf27f92e3,1,False,False,
original,03_Nature_Portfolio_Project,D:\OneDrive\桌面\论文\2027年投稿期刊\论文项目\07_JB医疗可达性_洪水扰动下交通-网络韧性与公平性_SCS_Natural_Hazards\GPT数据\Nature Portfolio_Project\01_前期数据支撑\07_D07_FLOOD_EVENT\D07E_IMERG\RAW\D07E_NASA_IMERG_Download_Helper\RAW_AUTHENTICATED\3B-HHR.MS.MRG.3IMERG.20250320-S203000-E205959.1230.V07B.HDF5,D:\OneDrive\桌面\论文\2027年投稿期刊\论文项目\07_JB医疗可达性_洪水扰动下交通-网络韧性与公平性_SCS_Natural_Hazards\GPT数据\Nature Portfolio_Project\01_前期数据支撑\07_D07_FLOOD_EVENT\D07E_IMERG\RAW\D07E_NASA_IMERG_Download_Helper\RAW_AUTHENTICATED\3B-HHR.MS.MRG.3IMERG.20250320-S203000-E205959.1230.V07B.HDF5,Nature Portfolio_Project\01_前期数据支撑\07_D07_FLOOD_EVENT\D07E_IMERG\RAW\D07E_NASA_IMERG_Download_Helper\RAW_AUTHENTICATED\3B-HHR.MS.MRG.3IMERG.20250320-S203000-E205959.1230.V07B.HDF5,3B-HHR.MS.MRG.3IMERG.20250320-S203000-E205959.1230.V07B.HDF5,.HDF5,7812677,2026-10-05T11:12:20,12816bb99b86a86b935f5098f2012cb233e7ecd7ab039e2961dff76ead0ce45f,1,False,False,
original,03_Nature_Portfolio_Project,D:\OneDrive\桌面\论文\2027年投稿期刊\论文项目\07_JB医疗可达性_洪水扰动下交通-网络韧性与公平性_SCS_Natural_Hazards\GPT数据\Nature Portfolio_Project\01_前期数据支撑\07_D07_FLOOD_EVENT\D07E_IMERG\RAW\D07E_NASA_IMERG_Download_Helper\RAW_AUTHENTICATED\3B-HHR.MS.MRG.3IMERG.20250320-S210000-E212959.1260.V07B.HDF5,D:\OneDrive\桌面\论文\2027年投稿期刊\论文项目\07_JB医疗可达性_洪水扰动下交通-网络韧性与公平性_SCS_Natural_Hazards\GPT数据\Nature Portfolio_Project\01_前期数据支撑\07_D07_FLOOD_EVENT\D07E_IMERG\RAW\D07E_NASA_IMERG_Download_Helper\RAW_AUTHENTICATED\3B-HHR.MS.MRG.3IMERG.20250320-S210000-E212959.1260.V07B.HDF5,Nature Portfolio_Project\01_前期数据支撑\07_D07_FLOOD_EVENT\D07E_IMERG\RAW\D07E_NASA_IMERG_Download_Helper\RAW_AUTHENTICATED\3B-HHR.MS.MRG.3IMERG.20250320-S210000-E212959.1260.V07B.HDF5,3B-HHR.MS.MRG.3IMERG.20250320-S210000-E212959.1260.V07B.HDF5,.HDF5,7901905,2026-10-05T11:12:21,caa0b90da327d5818628451f0f48b3a51cad37b847513b63e797773ae9659d9e,1,False,False,
original,03_Nature_Portfolio_Project,D:\OneDrive\桌面\论文\2027年投稿期刊\论文项目\07_JB医疗可达性_洪水扰动下交通-网络韧性与公平性_SCS_Natural_Hazards\GPT数据\Nature Portfolio_Project\01_前期数据支撑\07_D07_FLOOD_EVENT\D07E_IMERG\RAW\D07E_NASA_IMERG_Download_Helper\RAW_AUTHENTICATED\3B-HHR.MS.MRG.3IMERG.20250320-S213000-E215959.1290.V07B.HDF5,D:\OneDrive\桌面\论文\2027年投稿期刊\论文项目\07_JB医疗可达性_洪水扰动下交通-网络韧性与公平性_SCS_Natural_Hazards\GPT数据\Nature Portfolio_Project\01_前期数据支撑\07_D07_FLOOD_EVENT\D07E_IMERG\RAW\D07E_NASA_IMERG_Download_Helper\RAW_AUTHENTICATED\3B-HHR.MS.MRG.3IMERG.20250320-S213000-E215959.1290.V07B.HDF5,Nature Portfolio_Project\01_前期数据支撑\07_D07_FLOOD_EVENT\D07E_IMERG\RAW\D07E_NASA_IMERG_Download_Helper\RAW_AUTHENTICATED\3B-HHR.MS.MRG.3IMERG.20250320-S213000-E215959.1290.V07B.HDF5,3B-HHR.MS.MRG.3IMERG.20250320-S213000-E215959.1290.V07B.HDF5,.HDF5,7766220,2026-10-05T11:12:21,d012069b5b3e0a7134c8210b2290324fef596e9376cf4a22c92d87de988ea92f,1,False,False,
original,03_Nature_Portfolio_Project,D:\OneDrive\桌面\论文\2027年投稿期刊\论文项目\07_JB医疗可达性_洪水扰动下交通-网络韧性与公平性_SCS_Natural_Hazards\GPT数据\Nature Portfolio_Project\01_前期数据支撑\07_D07_FLOOD_EVENT\D07E_IMERG\RAW\D07E_NASA_IMERG_Download_Helper\RAW_AUTHENTICATED\3B-HHR.MS.MRG.3IMERG.20250320-S220000-E222959.1320.V07B.HDF5,D:\OneDrive\桌面\论文\2027年投稿期刊\论文项目\07_JB医疗可达性_洪水扰动下交通-网络韧性与公平性_SCS_Natural_Hazards\GPT数据\Nature Portfolio_Project\01_前期数据支撑\07_D07_FLOOD_EVENT\D07E_IMERG\RAW\D07E_NASA_IMERG_Download_Helper\RAW_AUTHENTICATED\3B-HHR.MS.MRG.3IMERG.20250320-S220000-E222959.1320.V07B.HDF5,Nature Portfolio_Project\01_前期数据支撑\07_D07_FLOOD_EVENT\D07E_IMERG\RAW\D07E_NASA_IMERG_Download_Helper\RAW_AUTHENTICATED\3B-HHR.MS.MRG.3IMERG.20250320-S220000-E222959.1320.V07B.HDF5,3B-HHR.MS.MRG.3IMERG.20250320-S220000-E222959.1320.V07B.HDF5,.HDF5,7604350,2026-10-05T11:12:21,fecc6b8dd90bed2a1a1e7e0f68e9837ecac2f8db308e84b3707223e9e16d934a,1,False,False,
original,03_Nature_Portfolio_Project,D:\OneDrive\桌面\论文\2027年投稿期刊\论文项目\07_JB医疗可达性_洪水扰动下交通-网络韧性与公平性_SCS_Natural_Hazards\GPT数据\Nature Portfolio_Project\01_前期数据支撑\07_D07_FLOOD_EVENT\D07E_IMERG\RAW\D07E_NASA_IMERG_Download_Helper\RAW_AUTHENTICATED\3B-HHR.MS.MRG.3IMERG.20250320-S223000-E225959.1350.V07B.HDF5,D:\OneDrive\桌面\论文\2027年投稿期刊\论文项目\07_JB医疗可达性_洪水扰动下交通-网络韧性与公平性_SCS_Natural_Hazards\GPT数据\Nature Portfolio_Project\01_前期数据支撑\07_D07_FLOOD_EVENT\D07E_IMERG\RAW\D07E_NASA_IMERG_Download_Helper\RAW_AUTHENTICATED\3B-HHR.MS.MRG.3IMERG.20250320-S223000-E225959.1350.V07B.HDF5,Nature Portfolio_Project\01_前期数据支撑\07_D07_FLOOD_EVENT\D07E_IMERG\RAW\D07E_NASA_IMERG_Download_Helper\RAW_AUTHENTICATED\3B-HHR.MS.MRG.3IMERG.20250320-S223000-E225959.1350.V07B.HDF5,3B-HHR.MS.MRG.3IMERG.20250320-S223000-E225959.1350.V07B.HDF5,.HDF5,7687248,2026-10-05T11:12:21,bcf53c22750cb9888f05df08b5f09a6870ce0b544bdf3eaf38c3eef8c11d176f,1,False,False,
original,03_Nature_Portfolio_Project,D:\OneDrive\桌面\论文\2027年投稿期刊\论文项目\07_JB医疗可达性_洪水扰动下交通-网络韧性与公平性_SCS_Natural_Hazards\GPT数据\Nature Portfolio_Project\01_前期数据支撑\07_D07_FLOOD_EVENT\D07E_IMERG\RAW\D07E_NASA_IMERG_Download_Helper\RAW_AUTHENTICATED\3B-HHR.MS.MRG.3IMERG.20250320-S230000-E232959.1380.V07B.HDF5,D:\OneDrive\桌面\论文\2027年投稿期刊\论文项目\07_JB医疗可达性_洪水扰动下交通-网络韧性与公平性_SCS_Natural_Hazards\GPT数据\Nature Portfolio_Project\01_前期数据支撑\07_D07_FLOOD_EVENT\D07E_IMERG\RAW\D07E_NASA_IMERG_Download_Helper\RAW_AUTHENTICATED\3B-HHR.MS.MRG.3IMERG.20250320-S230000-E232959.1380.V07B.HDF5,Nature Portfolio_Project\01_前期数据支撑\07_D07_FLOOD_EVENT\D07E_IMERG\RAW\D07E_NASA_IMERG_Download_Helper\RAW_AUTHENTICATED\3B-HHR.MS.MRG.3IMERG.20250320-S230000-E232959.1380.V07B.HDF5,3B-HHR.MS.MRG.3IMERG.20250320-S230000-E232959.1380.V07B.HDF5,.HDF5,7555282,2026-10-05T11:12:21,e7ae997a1a814b30a9aa063410844996035547dd8884cc1c998941a8b40acea8,1,False,False,
original,03_Nature_Portfolio_Project,D:\OneDrive\桌面\论文\2027年投稿期刊\论文项目\07_JB医疗可达性_洪水扰动下交通-网络韧性与公平性_SCS_Natural_Hazards\GPT数据\Nature Portfolio_Project\01_前期数据支撑\07_D07_FLOOD_EVENT\D07E_IMERG\RAW\D07E_NASA_IMERG_Download_Helper\RAW_AUTHENTICATED\3B-HHR.MS.MRG.3IMERG.20250320-S233000-E235959.1410.V07B.HDF5,D:\OneDrive\桌面\论文\2027年投稿期刊\论文项目\07_JB医疗可达性_洪水扰动下交通-网络韧性与公平性_SCS_Natural_Hazards\GPT数据\Nature Portfolio_Project\01_前期数据支撑\07_D07_FLOOD_EVENT\D07E_IMERG\RAW\D07E_NASA_IMERG_Download_Helper\RAW_AUTHENTICATED\3B-HHR.MS.MRG.3IMERG.20250320-S233000-E235959.1410.V07B.HDF5,Nature Portfolio_Project\01_前期数据支撑\07_D07_FLOOD_EVENT\D07E_IMERG\RAW\D07E_NASA_IMERG_Download_Helper\RAW_AUTHENTICATED\3B-HHR.MS.MRG.3IMERG.20250320-S233000-E235959.1410.V07B.HDF5,3B-HHR.MS.MRG.3IMERG.20250320-S233000-E235959.1410.V07B.HDF5,.HDF5,7550222,2026-10-05T11:12:22,ebb348b0abc0e8ca03a9705a233ddd6963d9bc777919671fbe9dd3677a91d93e,1,False,False,
original,03_Nature_Portfolio_Project,D:\OneDrive\桌面\论文\2027年投稿期刊\论文项目\07_JB医疗可达性_洪水扰动下交通-网络韧性与公平性_SCS_Natural_Hazards\GPT数据\Nature Portfolio_Project\01_前期数据支撑\07_D07_FLOOD_EVENT\D07E_IMERG\RAW\D07E_NASA_IMERG_Download_Helper\RAW_AUTHENTICATED\3B-HHR.MS.MRG.3IMERG.20250321-S000000-E002959.0000.V07B.HDF5,D:\OneDrive\桌面\论文\2027年投稿期刊\论文项目\07_JB医疗可达性_洪水扰动下交通-网络韧性与公平性_SCS_Natural_Hazards\GPT数据\Nature Portfolio_Project\01_前期数据支撑\07_D07_FLOOD_EVENT\D07E_IMERG\RAW\D07E_NASA_IMERG_Download_Helper\RAW_AUTHENTICATED\3B-HHR.MS.MRG.3IMERG.20250321-S000000-E002959.0000.V07B.HDF5,Nature Portfolio_Project\01_前期数据支撑\07_D07_FLOOD_EVENT\D07E_IMERG\RAW\D07E_NASA_IMERG_Download_Helper\RAW_AUTHENTICATED\3B-HHR.MS.MRG.3IMERG.20250321-S000000-E002959.0000.V07B.HDF5,3B-HHR.MS.MRG.3IMERG.20250321-S000000-E002959.0000.V07B.HDF5,.HDF5,7549486,2026-10-05T11:12:22,e32c82aed582577985651122b109ba5f5f703033c105ab893bbf8ebfb44d9367,1,False,False,
original,03_Nature_Portfolio_Project,D:\OneDrive\桌面\论文\2027年投稿期刊\论文项目\07_JB医疗可达性_洪水扰动下交通-网络韧性与公平性_SCS_Natural_Hazards\GPT数据\Nature Portfolio_Project\01_前期数据支撑\07_D07_FLOOD_EVENT\D07E_IMERG\RAW\D07E_NASA_IMERG_Download_Helper\RAW_AUTHENTICATED\3B-HHR.MS.MRG.3IMERG.20250321-S003000-E005959.0030.V07B.HDF5,D:\OneDrive\桌面\论文\2027年投稿期刊\论文项目\07_JB医疗可达性_洪水扰动下交通-网络韧性与公平性_SCS_Natural_Hazards\GPT数据\Nature Portfolio_Project\01_前期数据支撑\07_D07_FLOOD_EVENT\D07E_IMERG\RAW\D07E_NASA_IMERG_Download_Helper\RAW_AUTHENTICATED\3B-HHR.MS.MRG.3IMERG.20250321-S003000-E005959.0030.V07B.HDF5,Nature Portfolio_Project\01_前期数据支撑\07_D07_FLOOD_EVENT\D07E_IMERG\RAW\D07E_NASA_IMERG_Download_Helper\RAW_AUTHENTICATED\3B-HHR.MS.MRG.3IMERG.20250321-S003000-E005959.0030.V07B.HDF5,3B-HHR.MS.MRG.3IMERG.20250321-S003000-E005959.0030.V07B.HDF5,.HDF5,7468828,2026-10-05T11:12:23,a38e86450c8d88041f0cb18b79d282b9b880661a1d61e06a3155b06455de7256,1,False,False,
original,03_Nature_Portfolio_Project,D:\OneDrive\桌面\论文\2027年投稿期刊\论文项目\07_JB医疗可达性_洪水扰动下交通-网络韧性与公平性_SCS_Natural_Hazards\GPT数据\Nature Portfolio_Project\01_前期数据支撑\07_D07_FLOOD_EVENT\D07E_IMERG\RAW\D07E_NASA_IMERG_Download_Helper\RAW_AUTHENTICATED\3B-HHR.MS.MRG.3IMERG.20250321-S010000-E012959.0060.V07B.HDF5,D:\OneDrive\桌面\论文\2027年投稿期刊\论文项目\07_JB医疗可达性_洪水扰动下交通-网络韧性与公平性_SCS_Natural_Hazards\GPT数据\Nature Portfolio_Project\01_前期数据支撑\07_D07_FLOOD_EVENT\D07E_IMERG\RAW\D07E_NASA_IMERG_Download_Helper\RAW_AUTHENTICATED\3B-HHR.MS.MRG.3IMERG.20250321-S010000-E012959.0060.V07B.HDF5,Nature Portfolio_Project\01_前期数据支撑\07_D07_FLOOD_EVENT\D07E_IMERG\RAW\D07E_NASA_IMERG_Download_Helper\RAW_AUTHENTICATED\3B-HHR.MS.MRG.3IMERG.20250321-S010000-E012959.0060.V07B.HDF5,3B-HHR.MS.MRG.3IMERG.20250321-S010000-E012959.0060.V07B.HDF5,.HDF5,7486634,2026-10-05T11:12:23,ca3017a4a2dd2f749931d3ec7c398702f773d97ccb19c83d5205e977272e0f17,1,False,False,
original,03_Nature_Portfolio_Project,D:\OneDrive\桌面\论文\2027年投稿期刊\论文项目\07_JB医疗可达性_洪水扰动下交通-网络韧性与公平性_SCS_Natural_Hazards\GPT数据\Nature Portfolio_Project\01_前期数据支撑\07_D07_FLOOD_EVENT\D07E_IMERG\RAW\D07E_NASA_IMERG_Download_Helper\RAW_AUTHENTICATED\3B-HHR.MS.MRG.3IMERG.20250321-S013000-E015959.0090.V07B.HDF5,D:\OneDrive\桌面\论文\2027年投稿期刊\论文项目\07_JB医疗可达性_洪水扰动下交通-网络韧性与公平性_SCS_Natural_Hazards\GPT数据\Nature Portfolio_Project\01_前期数据支撑\07_D07_FLOOD_EVENT\D07E_IMERG\RAW\D07E_NASA_IMERG_Download_Helper\RAW_AUTHENTICATED\3B-HHR.MS.MRG.3IMERG.20250321-S013000-E015959.0090.V07B.HDF5,Nature Portfolio_Project\01_前期数据支撑\07_D07_FLOOD_EVENT\D07E_IMERG\RAW\D07E_NASA_IMERG_Download_Helper\RAW_AUTHENTICATED\3B-HHR.MS.MRG.3IMERG.20250321-S013000-E015959.0090.V07B.HDF5,3B-HHR.MS.MRG.3IMERG.20250321-S013000-E015959.0090.V07B.HDF5,.HDF5,7409882,2026-10-05T11:12:23,45d9e1edc5e9ceb0686a5c445a7bf1b83e15b80d3a0352bc887b2d3ca979554e,1,False,False,
original,03_Nature_Portfolio_Project,D:\OneDrive\桌面\论文\2027年投稿期刊\论文项目\07_JB医疗可达性_洪水扰动下交通-网络韧性与公平性_SCS_Natural_Hazards\GPT数据\Nature Portfolio_Project\01_前期数据支撑\07_D07_FLOOD_EVENT\D07E_IMERG\RAW\D07E_NASA_IMERG_Download_Helper\RAW_AUTHENTICATED\3B-HHR.MS.MRG.3IMERG.20250321-S020000-E022959.0120.V07B.HDF5,D:\OneDrive\桌面\论文\2027年投稿期刊\论文项目\07_JB医疗可达性_洪水扰动下交通-网络韧性与公平性_SCS_Natural_Hazards\GPT数据\Nature Portfolio_Project\01_前期数据支撑\07_D07_FLOOD_EVENT\D07E_IMERG\RAW\D07E_NASA_IMERG_Download_Helper\RAW_AUTHENTICATED\3B-HHR.MS.MRG.3IMERG.20250321-S020000-E022959.0120.V07B.HDF5,Nature Portfolio_Project\01_前期数据支撑\07_D07_FLOOD_EVENT\D07E_IMERG\RAW\D07E_NASA_IMERG_Download_Helper\RAW_AUTHENTICATED\3B-HHR.MS.MRG.3IMERG.20250321-S020000-E022959.0120.V07B.HDF5,3B-HHR.MS.MRG.3IMERG.20250321-S020000-E022959.0120.V07B.HDF5,.HDF5,7552517,2026-10-05T11:12:23,b6f3b864f5db567da5f1d4d30dcaa3beae62b2ceae4ad4fe58232383adce3971,1,False,False,
original,03_Nature_Portfolio_Project,D:\OneDrive\桌面\论文\2027年投稿期刊\论文项目\07_JB医疗可达性_洪水扰动下交通-网络韧性与公平性_SCS_Natural_Hazards\GPT数据\Nature Portfolio_Project\01_前期数据支撑\07_D07_FLOOD_EVENT\D07E_IMERG\RAW\D07E_NASA_IMERG_Download_Helper\RAW_AUTHENTICATED\3B-HHR.MS.MRG.3IMERG.20250321-S023000-E025959.0150.V07B.HDF5,D:\OneDrive\桌面\论文\2027年投稿期刊\论文项目\07_JB医疗可达性_洪水扰动下交通-网络韧性与公平性_SCS_Natural_Hazards\GPT数据\Nature Portfolio_Project\01_前期数据支撑\07_D07_FLOOD_EVENT\D07E_IMERG\RAW\D07E_NASA_IMERG_Download_Helper\RAW_AUTHENTICATED\3B-HHR.MS.MRG.3IMERG.20250321-S023000-E025959.0150.V07B.HDF5,Nature Portfolio_Project\01_前期数据支撑\07_D07_FLOOD_EVENT\D07E_IMERG\RAW\D07E_NASA_IMERG_Download_Helper\RAW_AUTHENTICATED\3B-HHR.MS.MRG.3IMERG.20250321-S023000-E025959.0150.V07B.HDF5,3B-HHR.MS.MRG.3IMERG.20250321-S023000-E025959.0150.V07B.HDF5,.HDF5,7523157,2026-10-05T11:12:24,f3f2ad8c71d9bd4972802eb3666998ff8888046eb41fb4df7c2c7f2eb7bea09d,1,False,False,
original,03_Nature_Portfolio_Project,D:\OneDrive\桌面\论文\2027年投稿期刊\论文项目\07_JB医疗可达性_洪水扰动下交通-网络韧性与公平性_SCS_Natural_Hazards\GPT数据\Nature Portfolio_Project\01_前期数据支撑\07_D07_FLOOD_EVENT\D07E_IMERG\RAW\D07E_NASA_IMERG_Download_Helper\RAW_AUTHENTICATED\3B-HHR.MS.MRG.3IMERG.20250321-S030000-E032959.0180.V07B.HDF5,D:\OneDrive\桌面\论文\2027年投稿期刊\论文项目\07_JB医疗可达性_洪水扰动下交通-网络韧性与公平性_SCS_Natural_Hazards\GPT数据\Nature Portfolio_Project\01_前期数据支撑\07_D07_FLOOD_EVENT\D07E_IMERG\RAW\D07E_NASA_IMERG_Download_Helper\RAW_AUTHENTICATED\3B-HHR.MS.MRG.3IMERG.20250321-S030000-E032959.0180.V07B.HDF5,Nature Portfolio_Project\01_前期数据支撑\07_D07_FLOOD_EVENT\D07E_IMERG\RAW\D07E_NASA_IMERG_Download_Helper\RAW_AUTHENTICATED\3B-HHR.MS.MRG.3IMERG.20250321-S030000-E032959.0180.V07B.HDF5,3B-HHR.MS.MRG.3IMERG.20250321-S030000-E032959.0180.V07B.HDF5,.HDF5,7578955,2026-10-05T11:12:24,ad557cb8e933f5bd839f464777e43a62b9c571531be4ab0bce2197502462e945,1,False,False,
original,03_Nature_Portfolio_Project,D:\OneDrive\桌面\论文\2027年投稿期刊\论文项目\07_JB医疗可达性_洪水扰动下交通-网络韧性与公平性_SCS_Natural_Hazards\GPT数据\Nature Portfolio_Project\01_前期数据支撑\07_D07_FLOOD_EVENT\D07E_IMERG\RAW\D07E_NASA_IMERG_Download_Helper\RAW_AUTHENTICATED\3B-HHR.MS.MRG.3IMERG.20250321-S033000-E035959.0210.V07B.HDF5,D:\OneDrive\桌面\论文\2027年投稿期刊\论文项目\07_JB医疗可达性_洪水扰动下交通-网络韧性与公平性_SCS_Natural_Hazards\GPT数据\Nature Portfolio_Project\01_前期数据支撑\07_D07_FLOOD_EVENT\D07E_IMERG\RAW\D07E_NASA_IMERG_Download_Helper\RAW_AUTHENTICATED\3B-HHR.MS.MRG.3IMERG.20250321-S033000-E035959.0210.V07B.HDF5,Nature Portfolio_Project\01_前期数据支撑\07_D07_FLOOD_EVENT\D07E_IMERG\RAW\D07E_NASA_IMERG_Download_Helper\RAW_AUTHENTICATED\3B-HHR.MS.MRG.3IMERG.20250321-S033000-E035959.0210.V07B.HDF5,3B-HHR.MS.MRG.3IMERG.20250321-S033000-E035959.0210.V07B.HDF5,.HDF5,7596663,2026-10-05T11:12:25,7d41212dfb9588188838bfc4ee07f2a491c0fb61cbfd9b5965bad72ee73b8475,1,False,False,
original,03_Nature_Portfolio_Project,D:\OneDrive\桌面\论文\2027年投稿期刊\论文项目\07_JB医疗可达性_洪水扰动下交通-网络韧性与公平性_SCS_Natural_Hazards\GPT数据\Nature Portfolio_Project\01_前期数据支撑\07_D07_FLOOD_EVENT\D07E_IMERG\RAW\D07E_NASA_IMERG_Download_Helper\RAW_AUTHENTICATED\3B-HHR.MS.MRG.3IMERG.20250321-S040000-E042959.0240.V07B.HDF5,D:\OneDrive\桌面\论文\2027年投稿期刊\论文项目\07_JB医疗可达性_洪水扰动下交通-网络韧性与公平性_SCS_Natural_Hazards\GPT数据\Nature Portfolio_Project\01_前期数据支撑\07_D07_FLOOD_EVENT\D07E_IMERG\RAW\D07E_NASA_IMERG_Download_Helper\RAW_AUTHENTICATED\3B-HHR.MS.MRG.3IMERG.20250321-S040000-E042959.0240.V07B.HDF5,Nature Portfolio_Project\01_前期数据支撑\07_D07_FLOOD_EVENT\D07E_IMERG\RAW\D07E_NASA_IMERG_Download_Helper\RAW_AUTHENTICATED\3B-HHR.MS.MRG.3IMERG.20250321-S040000-E042959.0240.V07B.HDF5,3B-HHR.MS.MRG.3IMERG.20250321-S040000-E042959.0240.V07B.HDF5,.HDF5,7501331,2026-10-05T11:12:25,c659e2221d00412deb14fc37c8d2c1596d2ad4621126363147f0d93664153166,1,False,False,
original,03_Nature_Portfolio_Project,D:\OneDrive\桌面\论文\2027年投稿期刊\论文项目\07_JB医疗可达性_洪水扰动下交通-网络韧性与公平性_SCS_Natural_Hazards\GPT数据\Nature Portfolio_Project\01_前期数据支撑\07_D07_FLOOD_EVENT\D07E_IMERG\RAW\D07E_NASA_IMERG_Download_Helper\RAW_AUTHENTICATED\3B-HHR.MS.MRG.3IMERG.20250321-S043000-E045959.0270.V07B.HDF5,D:\OneDrive\桌面\论文\2027年投稿期刊\论文项目\07_JB医疗可达性_洪水扰动下交通-网络韧性与公平性_SCS_Natural_Hazards\GPT数据\Nature Portfolio_Project\01_前期数据支撑\07_D07_FLOOD_EVENT\D07E_IMERG\RAW\D07E_NASA_IMERG_Download_Helper\RAW_AUTHENTICATED\3B-HHR.MS.MRG.3IMERG.20250321-S043000-E045959.0270.V07B.HDF5,Nature Portfolio_Project\01_前期数据支撑\07_D07_FLOOD_EVENT\D07E_IMERG\RAW\D07E_NASA_IMERG_Download_Helper\RAW_AUTHENTICATED\3B-HHR.MS.MRG.3IMERG.20250321-S043000-E045959.0270.V07B.HDF5,3B-HHR.MS.MRG.3IMERG.20250321-S043000-E045959.0270.V07B.HDF5,.HDF5,7588143,2026-10-05T11:12:25,1253e53c98ec809330da816b9841d800e37cabf1c69243b048acac30905c0020,1,False,False,
original,03_Nature_Portfolio_Project,D:\OneDrive\桌面\论文\2027年投稿期刊\论文项目\07_JB医疗可达性_洪水扰动下交通-网络韧性与公平性_SCS_Natural_Hazards\GPT数据\Nature Portfolio_Project\01_前期数据支撑\07_D07_FLOOD_EVENT\D07E_IMERG\RAW\D07E_NASA_IMERG_Download_Helper\RAW_AUTHENTICATED\3B-HHR.MS.MRG.3IMERG.20250321-S050000-E052959.0300.V07B.HDF5,D:\OneDrive\桌面\论文\2027年投稿期刊\论文项目\07_JB医疗可达性_洪水扰动下交通-网络韧性与公平性_SCS_Natural_Hazards\GPT数据\Nature Portfolio_Project\01_前期数据支撑\07_D07_FLOOD_EVENT\D07E_IMERG\RAW\D07E_NASA_IMERG_Download_Helper\RAW_AUTHENTICATED\3B-HHR.MS.MRG.3IMERG.20250321-S050000-E052959.0300.V07B.HDF5,Nature Portfolio_Project\01_前期数据支撑\07_D07_FLOOD_EVENT\D07E_IMERG\RAW\D07E_NASA_IMERG_Download_Helper\RAW_AUTHENTICATED\3B-HHR.MS.MRG.3IMERG.20250321-S050000-E052959.0300.V07B.HDF5,3B-HHR.MS.MRG.3IMERG.20250321-S050000-E052959.0300.V07B.HDF5,.HDF5,7584389,2026-10-05T11:12:26,0a97dc9dc53d8836a35aa945f0236be1955a6a36ed2162040a8de67974402680,1,False,False,
original,03_Nature_Portfolio_Project,D:\OneDrive\桌面\论文\2027年投稿期刊\论文项目\07_JB医疗可达性_洪水扰动下交通-网络韧性与公平性_SCS_Natural_Hazards\GPT数据\Nature Portfolio_Project\01_前期数据支撑\07_D07_FLOOD_EVENT\D07E_IMERG\RAW\D07E_NASA_IMERG_Download_Helper\RAW_AUTHENTICATED\3B-HHR.MS.MRG.3IMERG.20250321-S053000-E055959.0330.V07B.HDF5,D:\OneDrive\桌面\论文\2027年投稿期刊\论文项目\07_JB医疗可达性_洪水扰动下交通-网络韧性与公平性_SCS_Natural_Hazards\GPT数据\Nature Portfolio_Project\01_前期数据支撑\07_D07_FLOOD_EVENT\D07E_IMERG\RAW\D07E_NASA_IMERG_Download_Helper\RAW_AUTHENTICATED\3B-HHR.MS.MRG.3IMERG.20250321-S053000-E055959.0330.V07B.HDF5,Nature Portfolio_Project\01_前期数据支撑\07_D07_FLOOD_EVENT\D07E_IMERG\RAW\D07E_NASA_IMERG_Download_Helper\RAW_AUTHENTICATED\3B-HHR.MS.MRG.3IMERG.20250321-S053000-E055959.0330.V07B.HDF5,3B-HHR.MS.MRG.3IMERG.20250321-S053000-E055959.0330.V07B.HDF5,.HDF5,7488768,2026-10-05T11:12:26,b8b72e860477429288dcb13b3a0f856ee3e8ecefbee5641646cfc22ef6a11d52,1,False,False,
original,03_Nature_Portfolio_Project,D:\OneDrive\桌面\论文\2027年投稿期刊\论文项目\07_JB医疗可达性_洪水扰动下交通-网络韧性与公平性_SCS_Natural_Hazards\GPT数据\Nature Portfolio_Project\01_前期数据支撑\07_D07_FLOOD_EVENT\D07E_IMERG\RAW\D07E_NASA_IMERG_Download_Helper\RAW_AUTHENTICATED\3B-HHR.MS.MRG.3IMERG.20250321-S060000-E062959.0360.V07B.HDF5,D:\OneDrive\桌面\论文\2027年投稿期刊\论文项目\07_JB医疗可达性_洪水扰动下交通-网络韧性与公平性_SCS_Natural_Hazards\GPT数据\Nature Portfolio_Project\01_前期数据支撑\07_D07_FLOOD_EVENT\D07E_IMERG\RAW\D07E_NASA_IMERG_Download_Helper\RAW_AUTHENTICATED\3B-HHR.MS.MRG.3IMERG.20250321-S060000-E062959.0360.V07B.HDF5,Nature Portfolio_Project\01_前期数据支撑\07_D07_FLOOD_EVENT\D07E_IMERG\RAW\D07E_NASA_IMERG_Download_Helper\RAW_AUTHENTICATED\3B-HHR.MS.MRG.3IMERG.20250321-S060000-E062959.0360.V07B.HDF5,3B-HHR.MS.MRG.3IMERG.20250321-S060000-E062959.0360.V07B.HDF5,.HDF5,7439563,2026-10-05T11:12:26,6faaef70119cc847ee6f2c5a0e0d453dd090aa0c32e908fa31946c0b28b15258,1,False,False,
original,03_Nature_Portfolio_Project,D:\OneDrive\桌面\论文\2027年投稿期刊\论文项目\07_JB医疗可达性_洪水扰动下交通-网络韧性与公平性_SCS_Natural_Hazards\GPT数据\Nature Portfolio_Project\01_前期数据支撑\07_D07_FLOOD_EVENT\D07E_IMERG\RAW\D07E_NASA_IMERG_Download_Helper\RAW_AUTHENTICATED\3B-HHR.MS.MRG.3IMERG.20250321-S063000-E065959.0390.V07B.HDF5,D:\OneDrive\桌面\论文\2027年投稿期刊\论文项目\07_JB医疗可达性_洪水扰动下交通-网络韧性与公平性_SCS_Natural_Hazards\GPT数据\Nature Portfolio_Project\01_前期数据支撑\07_D07_FLOOD_EVENT\D07E_IMERG\RAW\D07E_NASA_IMERG_Download_Helper\RAW_AUTHENTICATED\3B-HHR.MS.MRG.3IMERG.20250321-S063000-E065959.0390.V07B.HDF5,Nature Portfolio_Project\01_前期数据支撑\07_D07_FLOOD_EVENT\D07E_IMERG\RAW\D07E_NASA_IMERG_Download_Helper\RAW_AUTHENTICATED\3B-HHR.MS.MRG.3IMERG.20250321-S063000-E065959.0390.V07B.HDF5,3B-HHR.MS.MRG.3IMERG.20250321-S063000-E065959.0390.V07B.HDF5,.HDF5,7516927,2026-10-05T11:12:26,f302ba22f94ed0fa61b7fae2cb67622d1e2ade01efe9f79d90f55f7caecb33c2,1,False,False,
original,03_Nature_Portfolio_Project,D:\OneDrive\桌面\论文\2027年投稿期刊\论文项目\07_JB医疗可达性_洪水扰动下交通-网络韧性与公平性_SCS_Natural_Hazards\GPT数据\Nature Portfolio_Project\01_前期数据支撑\07_D07_FLOOD_EVENT\D07E_IMERG\RAW\D07E_NASA_IMERG_Download_Helper\RAW_AUTHENTICATED\3B-HHR.MS.MRG.3IMERG.20250321-S070000-E072959.0420.V07B.HDF5,D:\OneDrive\桌面\论文\2027年投稿期刊\论文项目\07_JB医疗可达性_洪水扰动下交通-网络韧性与公平性_SCS_Natural_Hazards\GPT数据\Nature Portfolio_Project\01_前期数据支撑\07_D07_FLOOD_EVENT\D07E_IMERG\RAW\D07E_NASA_IMERG_Download_Helper\RAW_AUTHENTICATED\3B-HHR.MS.MRG.3IMERG.20250321-S070000-E072959.0420.V07B.HDF5,Nature Portfolio_Project\01_前期数据支撑\07_D07_FLOOD_EVENT\D07E_IMERG\RAW\D07E_NASA_IMERG_Download_Helper\RAW_AUTHENTICATED\3B-HHR.MS.MRG.3IMERG.20250321-S070000-E072959.0420.V07B.HDF5,3B-HHR.MS.MRG.3IMERG.20250321-S070000-E072959.0420.V07B.HDF5,.HDF5,7537438,2026-10-05T11:12:26,773fbd12bbcabb056df04c23d3580d161cf5186f85ad6430397b73a5c4ecefd1,1,False,False,
original,03_Nature_Portfolio_Project,D:\OneDrive\桌面\论文\2027年投稿期刊\论文项目\07_JB医疗可达性_洪水扰动下交通-网络韧性与公平性_SCS_Natural_Hazards\GPT数据\Nature Portfolio_Project\01_前期数据支撑\07_D07_FLOOD_EVENT\D07E_IMERG\RAW\D07E_NASA_IMERG_Download_Helper\RAW_AUTHENTICATED\3B-HHR.MS.MRG.3IMERG.20250321-S073000-E075959.0450.V07B.HDF5,D:\OneDrive\桌面\论文\2027年投稿期刊\论文项目\07_JB医疗可达性_洪水扰动下交通-网络韧性与公平性_SCS_Natural_Hazards\GPT数据\Nature Portfolio_Project\01_前期数据支撑\07_D07_FLOOD_EVENT\D07E_IMERG\RAW\D07E_NASA_IMERG_Download_Helper\RAW_AUTHENTICATED\3B-HHR.MS.MRG.3IMERG.20250321-S073000-E075959.0450.V07B.HDF5,Nature Portfolio_Project\01_前期数据支撑\07_D07_FLOOD_EVENT\D07E_IMERG\RAW\D07E_NASA_IMERG_Download_Helper\RAW_AUTHENTICATED\3B-HHR.MS.MRG.3IMERG.20250321-S073000-E075959.0450.V07B.HDF5,3B-HHR.MS.MRG.3IMERG.20250321-S073000-E075959.0450.V07B.HDF5,.HDF5,7558674,2026-10-05T11:12:27,bd465bf294185ace72e494aa3dcf4c9357430106766a2c621e7608f4613ad8bc,1,False,False,
original,03_Nature_Portfolio_Project,D:\OneDrive\桌面\论文\2027年投稿期刊\论文项目\07_JB医疗可达性_洪水扰动下交通-网络韧性与公平性_SCS_Natural_Hazards\GPT数据\Nature Portfolio_Project\01_前期数据支撑\07_D07_FLOOD_EVENT\D07E_IMERG\RAW\D07E_NASA_IMERG_Download_Helper\RAW_AUTHENTICATED\3B-HHR.MS.MRG.3IMERG.20250321-S080000-E082959.0480.V07B.HDF5,D:\OneDrive\桌面\论文\2027年投稿期刊\论文项目\07_JB医疗可达性_洪水扰动下交通-网络韧性与公平性_SCS_Natural_Hazards\GPT数据\Nature Portfolio_Project\01_前期数据支撑\07_D07_FLOOD_EVENT\D07E_IMERG\RAW\D07E_NASA_IMERG_Download_Helper\RAW_AUTHENTICATED\3B-HHR.MS.MRG.3IMERG.20250321-S080000-E082959.0480.V07B.HDF5,Nature Portfolio_Project\01_前期数据支撑\07_D07_FLOOD_EVENT\D07E_IMERG\RAW\D07E_NASA_IMERG_Download_Helper\RAW_AUTHENTICATED\3B-HHR.MS.MRG.3IMERG.20250321-S080000-E082959.0480.V07B.HDF5,3B-HHR.MS.MRG.3IMERG.20250321-S080000-E082959.0480.V07B.HDF5,.HDF5,7514469,2026-10-05T11:12:27,c16fecafdba267dd7c838a6fcd97bdc478e40217fefd7e1e5cb97666a49c90d0,1,False,False,
original,03_Nature_Portfolio_Project,D:\OneDrive\桌面\论文\2027年投稿期刊\论文项目\07_JB医疗可达性_洪水扰动下交通-网络韧性与公平性_SCS_Natural_Hazards\GPT数据\Nature Portfolio_Project\01_前期数据支撑\07_D07_FLOOD_EVENT\D07E_IMERG\RAW\D07E_NASA_IMERG_Download_Helper\RAW_AUTHENTICATED\3B-HHR.MS.MRG.3IMERG.20250321-S083000-E085959.0510.V07B.HDF5,D:\OneDrive\桌面\论文\2027年投稿期刊\论文项目\07_JB医疗可达性_洪水扰动下交通-网络韧性与公平性_SCS_Natural_Hazards\GPT数据\Nature Portfolio_Project\01_前期数据支撑\07_D07_FLOOD_EVENT\D07E_IMERG\RAW\D07E_NASA_IMERG_Download_Helper\RAW_AUTHENTICATED\3B-HHR.MS.MRG.3IMERG.20250321-S083000-E085959.0510.V07B.HDF5,Nature Portfolio_Project\01_前期数据支撑\07_D07_FLOOD_EVENT\D07E_IMERG\RAW\D07E_NASA_IMERG_Download_Helper\RAW_AUTHENTICATED\3B-HHR.MS.MRG.3IMERG.20250321-S083000-E085959.0510.V07B.HDF5,3B-HHR.MS.MRG.3IMERG.20250321-S083000-E085959.0510.V07B.HDF5,.HDF5,7548977,2026-10-05T11:12:28,f626650fc722a11148e0152241ddc0a55d441ade6173619c061b115ad52938d1,1,False,False,
original,03_Nature_Portfolio_Project,D:\OneDrive\桌面\论文\2027年投稿期刊\论文项目\07_JB医疗可达性_洪水扰动下交通-网络韧性与公平性_SCS_Natural_Hazards\GPT数据\Nature Portfolio_Project\01_前期数据支撑\07_D07_FLOOD_EVENT\D07E_IMERG\RAW\D07E_NASA_IMERG_Download_Helper\RAW_AUTHENTICATED\3B-HHR.MS.MRG.3IMERG.20250321-S090000-E092959.0540.V07B.HDF5,D:\OneDrive\桌面\论文\2027年投稿期刊\论文项目\07_JB医疗可达性_洪水扰动下交通-网络韧性与公平性_SCS_Natural_Hazards\GPT数据\Nature Portfolio_Project\01_前期数据支撑\07_D07_FLOOD_EVENT\D07E_IMERG\RAW\D07E_NASA_IMERG_Download_Helper\RAW_AUTHENTICATED\3B-HHR.MS.MRG.3IMERG.20250321-S090000-E092959.0540.V07B.HDF5,Nature Portfolio_Project\01_前期数据支撑\07_D07_FLOOD_EVENT\D07E_IMERG\RAW\D07E_NASA_IMERG_Download_Helper\RAW_AUTHENTICATED\3B-HHR.MS.MRG.3IMERG.20250321-S090000-E092959.0540.V07B.HDF5,3B-HHR.MS.MRG.3IMERG.20250321-S090000-E092959.0540.V07B.HDF5,.HDF5,7438055,2026-10-05T11:12:28,3c89c17df500e8dd5c1bab8c9408b15ddafe2c66c4d6883719bd8b12189d66c9,1,False,False,
original,03_Nature_Portfolio_Project,D:\OneDrive\桌面\论文\2027年投稿期刊\论文项目\07_JB医疗可达性_洪水扰动下交通-网络韧性与公平性_SCS_Natural_Hazards\GPT数据\Nature Portfolio_Project\01_前期数据支撑\07_D07_FLOOD_EVENT\D07E_IMERG\RAW\D07E_NASA_IMERG_Download_Helper\RAW_AUTHENTICATED\3B-HHR.MS.MRG.3IMERG.20250321-S093000-E095959.0570.V07B.HDF5,D:\OneDrive\桌面\论文\2027年投稿期刊\论文项目\07_JB医疗可达性_洪水扰动下交通-网络韧性与公平性_SCS_Natural_Hazards\GPT数据\Nature Portfolio_Project\01_前期数据支撑\07_D07_FLOOD_EVENT\D07E_IMERG\RAW\D07E_NASA_IMERG_Download_Helper\RAW_AUTHENTICATED\3B-HHR.MS.MRG.3IMERG.20250321-S093000-E095959.0570.V07B.HDF5,Nature Portfolio_Project\01_前期数据支撑\07_D07_FLOOD_EVENT\D07E_IMERG\RAW\D07E_NASA_IMERG_Download_Helper\RAW_AUTHENTICATED\3B-HHR.MS.MRG.3IMERG.20250321-S093000-E095959.0570.V07B.HDF5,3B-HHR.MS.MRG.3IMERG.20250321-S093000-E095959.0570.V07B.HDF5,.HDF5,7488786,2026-10-05T11:12:29,a8290d01bdeafe9141de8229ff85bc45f47dd3f3cf35880c7ae70e34345577f3,1,False,False,
original,03_Nature_Portfolio_Project,D:\OneDrive\桌面\论文\2027年投稿期刊\论文项目\07_JB医疗可达性_洪水扰动下交通-网络韧性与公平性_SCS_Natural_Hazards\GPT数据\Nature Portfolio_Project\01_前期数据支撑\07_D07_FLOOD_EVENT\D07E_IMERG\RAW\D07E_NASA_IMERG_Download_Helper\RAW_AUTHENTICATED\3B-HHR.MS.MRG.3IMERG.20250321-S100000-E102959.0600.V07B.HDF5,D:\OneDrive\桌面\论文\2027年投稿期刊\论文项目\07_JB医疗可达性_洪水扰动下交通-网络韧性与公平性_SCS_Natural_Hazards\GPT数据\Nature Portfolio_Project\01_前期数据支撑\07_D07_FLOOD_EVENT\D07E_IMERG\RAW\D07E_NASA_IMERG_Download_Helper\RAW_AUTHENTICATED\3B-HHR.MS.MRG.3IMERG.20250321-S100000-E102959.0600.V07B.HDF5,Nature Portfolio_Project\01_前期数据支撑\07_D07_FLOOD_EVENT\D07E_IMERG\RAW\D07E_NASA_IMERG_Download_Helper\RAW_AUTHENTICATED\3B-HHR.MS.MRG.3IMERG.20250321-S100000-E102959.0600.V07B.HDF5,3B-HHR.MS.MRG.3IMERG.20250321-S100000-E102959.0600.V07B.HDF5,.HDF5,7346523,2026-10-05T11:12:28,90803117a95f1c4f977292bf06fd81eeba2454b0b9ab730fa1a6c485bcaae6b1,1,False,False,
original,03_Nature_Portfolio_Project,D:\OneDrive\桌面\论文\2027年投稿期刊\论文项目\07_JB医疗可达性_洪水扰动下交通-网络韧性与公平性_SCS_Natural_Hazards\GPT数据\Nature Portfolio_Project\01_前期数据支撑\07_D07_FLOOD_EVENT\D07E_IMERG\RAW\D07E_NASA_IMERG_Download_Helper\RAW_AUTHENTICATED\3B-HHR.MS.MRG.3IMERG.20250321-S103000-E105959.0630.V07B.HDF5,D:\OneDrive\桌面\论文\2027年投稿期刊\论文项目\07_JB医疗可达性_洪水扰动下交通-网络韧性与公平性_SCS_Natural_Hazards\GPT数据\Nature Portfolio_Project\01_前期数据支撑\07_D07_FLOOD_EVENT\D07E_IMERG\RAW\D07E_NASA_IMERG_Download_Helper\RAW_AUTHENTICATED\3B-HHR.MS.MRG.3IMERG.20250321-S103000-E105959.0630.V07B.HDF5,Nature Portfolio_Project\01_前期数据支撑\07_D07_FLOOD_EVENT\D07E_IMERG\RAW\D07E_NASA_IMERG_Download_Helper\RAW_AUTHENTICATED\3B-HHR.MS.MRG.3IMERG.20250321-S103000-E105959.0630.V07B.HDF5,3B-HHR.MS.MRG.3IMERG.20250321-S103000-E105959.0630.V07B.HDF5,.HDF5,7517985,2026-10-05T11:12:29,168a1a07ce8c763fe86cb34079a7633d1bade9f2861933bac8c6544e3139cc53,1,False,False,
original,03_Nature_Portfolio_Project,D:\OneDrive\桌面\论文\2027年投稿期刊\论文项目\07_JB医疗可达性_洪水扰动下交通-网络韧性与公平性_SCS_Natural_Hazards\GPT数据\Nature Portfolio_Project\01_前期数据支撑\07_D07_FLOOD_EVENT\D07E_IMERG\RAW\D07E_NASA_IMERG_Download_Helper\RAW_AUTHENTICATED\3B-HHR.MS.MRG.3IMERG.20250321-S110000-E112959.0660.V07B.HDF5,D:\OneDrive\桌面\论文\2027年投稿期刊\论文项目\07_JB医疗可达性_洪水扰动下交通-网络韧性与公平性_SCS_Natural_Hazards\GPT数据\Nature Portfolio_Project\01_前期数据支撑\07_D07_FLOOD_EVENT\D07E_IMERG\RAW\D07E_NASA_IMERG_Download_Helper\RAW_AUTHENTICATED\3B-HHR.MS.MRG.3IMERG.20250321-S110000-E112959.0660.V07B.HDF5,Nature Portfolio_Project\01_前期数据支撑\07_D07_FLOOD_EVENT\D07E_IMERG\RAW\D07E_NASA_IMERG_Download_Helper\RAW_AUTHENTICATED\3B-HHR.MS.MRG.3IMERG.20250321-S110000-E112959.0660.V07B.HDF5,3B-HHR.MS.MRG.3IMERG.20250321-S110000-E112959.0660.V07B.HDF5,.HDF5,7437359,2026-10-05T11:12:29,5318b95e57956d06671a1135af4701eb670ee904d31e8570e72d8b043105210d,1,False,False,
original,03_Nature_Portfolio_Project,D:\OneDrive\桌面\论文\2027年投稿期刊\论文项目\07_JB医疗可达性_洪水扰动下交通-网络韧性与公平性_SCS_Natural_Hazards\GPT数据\Nature Portfolio_Project\01_前期数据支撑\07_D07_FLOOD_EVENT\D07E_IMERG\RAW\D07E_NASA_IMERG_Download_Helper\RAW_AUTHENTICATED\3B-HHR.MS.MRG.3IMERG.20250321-S113000-E115959.0690.V07B.HDF5,D:\OneDrive\桌面\论文\2027年投稿期刊\论文项目\07_JB医疗可达性_洪水扰动下交通-网络韧性与公平性_SCS_Natural_Hazards\GPT数据\Nature Portfolio_Project\01_前期数据支撑\07_D07_FLOOD_EVENT\D07E_IMERG\RAW\D07E_NASA_IMERG_Download_Helper\RAW_AUTHENTICATED\3B-HHR.MS.MRG.3IMERG.20250321-S113000-E115959.0690.V07B.HDF5,Nature Portfolio_Project\01_前期数据支撑\07_D07_FLOOD_EVENT\D07E_IMERG\RAW\D07E_NASA_IMERG_Download_Helper\RAW_AUTHENTICATED\3B-HHR.MS.MRG.3IMERG.20250321-S113000-E115959.0690.V07B.HDF5,3B-HHR.MS.MRG.3IMERG.20250321-S113000-E115959.0690.V07B.HDF5,.HDF5,7477005,2026-10-05T11:12:30,840767a3105538fa6781a4fb691f2c5dd7b9e071f2f8a959df66d59f752b93e7,1,False,False,
original,03_Nature_Portfolio_Project,D:\OneDrive\桌面\论文\2027年投稿期刊\论文项目\07_JB医疗可达性_洪水扰动下交通-网络韧性与公平性_SCS_Natural_Hazards\GPT数据\Nature Portfolio_Project\01_前期数据支撑\07_D07_FLOOD_EVENT\D07E_IMERG\RAW\D07E_NASA_IMERG_Download_Helper\RAW_AUTHENTICATED\3B-HHR.MS.MRG.3IMERG.20250321-S120000-E122959.0720.V07B.HDF5,D:\OneDrive\桌面\论文\2027年投稿期刊\论文项目\07_JB医疗可达性_洪水扰动下交通-网络韧性与公平性_SCS_Natural_Hazards\GPT数据\Nature Portfolio_Project\01_前期数据支撑\07_D07_FLOOD_EVENT\D07E_IMERG\RAW\D07E_NASA_IMERG_Download_Helper\RAW_AUTHENTICATED\3B-HHR.MS.MRG.3IMERG.20250321-S120000-E122959.0720.V07B.HDF5,Nature Portfolio_Project\01_前期数据支撑\07_D07_FLOOD_EVENT\D07E_IMERG\RAW\D07E_NASA_IMERG_Download_Helper\RAW_AUTHENTICATED\3B-HHR.MS.MRG.3IMERG.20250321-S120000-E122959.0720.V07B.HDF5,3B-HHR.MS.MRG.3IMERG.20250321-S120000-E122959.0720.V07B.HDF5,.HDF5,7504609,2026-10-05T11:12:30,f67f661aa8ace75b77e8620bfcf11dd63a6e79702df5aa910c4f4811837ec4bc,1,False,False,
original,03_Nature_Portfolio_Project,D:\OneDrive\桌面\论文\2027年投稿期刊\论文项目\07_JB医疗可达性_洪水扰动下交通-网络韧性与公平性_SCS_Natural_Hazards\GPT数据\Nature Portfolio_Project\01_前期数据支撑\07_D07_FLOOD_EVENT\D07E_IMERG\RAW\D07E_NASA_IMERG_Download_Helper\RAW_AUTHENTICATED\3B-HHR.MS.MRG.3IMERG.20250321-S123000-E125959.0750.V07B.HDF5,D:\OneDrive\桌面\论文\2027年投稿期刊\论文项目\07_JB医疗可达性_洪水扰动下交通-网络韧性与公平性_SCS_Natural_Hazards\GPT数据\Nature Portfolio_Project\01_前期数据支撑\07_D07_FLOOD_EVENT\D07E_IMERG\RAW\D07E_NASA_IMERG_Download_Helper\RAW_AUTHENTICATED\3B-HHR.MS.MRG.3IMERG.20250321-S123000-E125959.0750.V07B.HDF5,Nature Portfolio_Project\01_前期数据支撑\07_D07_FLOOD_EVENT\D07E_IMERG\RAW\D07E_NASA_IMERG_Download_Helper\RAW_AUTHENTICATED\3B-HHR.MS.MRG.3IMERG.20250321-S123000-E125959.0750.V07B.HDF5,3B-HHR.MS.MRG.3IMERG.20250321-S123000-E125959.0750.V07B.HDF5,.HDF5,7502722,2026-10-05T11:12:30,57d008cbbbb8cf23bee1432604fc4c3b3b18e317e1bdd4b3f57d4ba1478206e5,1,False,False,
original,03_Nature_Portfolio_Project,D:\OneDrive\桌面\论文\2027年投稿期刊\论文项目\07_JB医疗可达性_洪水扰动下交通-网络韧性与公平性_SCS_Natural_Hazards\GPT数据\Nature Portfolio_Project\01_前期数据支撑\07_D07_FLOOD_EVENT\D07E_IMERG\RAW\D07E_NASA_IMERG_Download_Helper\RAW_AUTHENTICATED\3B-HHR.MS.MRG.3IMERG.20250321-S130000-E132959.0780.V07B.HDF5,D:\OneDrive\桌面\论文\2027年投稿期刊\论文项目\07_JB医疗可达性_洪水扰动下交通-网络韧性与公平性_SCS_Natural_Hazards\GPT数据\Nature Portfolio_Project\01_前期数据支撑\07_D07_FLOOD_EVENT\D07E_IMERG\RAW\D07E_NASA_IMERG_Download_Helper\RAW_AUTHENTICATED\3B-HHR.MS.MRG.3IMERG.20250321-S130000-E132959.0780.V07B.HDF5,Nature Portfolio_Project\01_前期数据支撑\07_D07_FLOOD_EVENT\D07E_IMERG\RAW\D07E_NASA_IMERG_Download_Helper\RAW_AUTHENTICATED\3B-HHR.MS.MRG.3IMERG.20250321-S130000-E132959.0780.V07B.HDF5,3B-HHR.MS.MRG.3IMERG.20250321-S130000-E132959.0780.V07B.HDF5,.HDF5,7621487,2026-10-05T11:12:31,e1b03ba18275e754379453c36d457ade247e3ae25e2930ab2511a82eab3f2dad,1,False,False,
original,03_Nature_Portfolio_Project,D:\OneDrive\桌面\论文\2027年投稿期刊\论文项目\07_JB医疗可达性_洪水扰动下交通-网络韧性与公平性_SCS_Natural_Hazards\GPT数据\Nature Portfolio_Project\01_前期数据支撑\07_D07_FLOOD_EVENT\D07E_IMERG\RAW\D07E_NASA_IMERG_Download_Helper\RAW_AUTHENTICATED\3B-HHR.MS.MRG.3IMERG.20250321-S133000-E135959.0810.V07B.HDF5,D:\OneDrive\桌面\论文\2027年投稿期刊\论文项目\07_JB医疗可达性_洪水扰动下交通-网络韧性与公平性_SCS_Natural_Hazards\GPT数据\Nature Portfolio_Project\01_前期数据支撑\07_D07_FLOOD_EVENT\D07E_IMERG\RAW\D07E_NASA_IMERG_Download_Helper\RAW_AUTHENTICATED\3B-HHR.MS.MRG.3IMERG.20250321-S133000-E135959.0810.V07B.HDF5,Nature Portfolio_Project\01_前期数据支撑\07_D07_FLOOD_EVENT\D07E_IMERG\RAW\D07E_NASA_IMERG_Download_Helper\RAW_AUTHENTICATED\3B-HHR.MS.MRG.3IMERG.20250321-S133000-E135959.0810.V07B.HDF5,3B-HHR.MS.MRG.3IMERG.20250321-S133000-E135959.0810.V07B.HDF5,.HDF5,7665448,2026-10-05T11:12:31,61bc4b1d7157fbeb12a87e2780bd64bc7ac0b54d66a0e5e7b3248b23f3c719df,1,False,False,
original,03_Nature_Portfolio_Project,D:\OneDrive\桌面\论文\2027年投稿期刊\论文项目\07_JB医疗可达性_洪水扰动下交通-网络韧性与公平性_SCS_Natural_Hazards\GPT数据\Nature Portfolio_Project\01_前期数据支撑\07_D07_FLOOD_EVENT\D07E_IMERG\RAW\D07E_NASA_IMERG_Download_Helper\RAW_AUTHENTICATED\3B-HHR.MS.MRG.3IMERG.20250321-S140000-E142959.0840.V07B.HDF5,D:\OneDrive\桌面\论文\2027年投稿期刊\论文项目\07_JB医疗可达性_洪水扰动下交通-网络韧性与公平性_SCS_Natural_Hazards\GPT数据\Nature Portfolio_Project\01_前期数据支撑\07_D07_FLOOD_EVENT\D07E_IMERG\RAW\D07E_NASA_IMERG_Download_Helper\RAW_AUTHENTICATED\3B-HHR.MS.MRG.3IMERG.20250321-S140000-E142959.0840.V07B.HDF5,Nature Portfolio_Project\01_前期数据支撑\07_D07_FLOOD_EVENT\D07E_IMERG\RAW\D07E_NASA_IMERG_Download_Helper\RAW_AUTHENTICATED\3B-HHR.MS.MRG.3IMERG.20250321-S140000-E142959.0840.V07B.HDF5,3B-HHR.MS.MRG.3IMERG.20250321-S140000-E142959.0840.V07B.HDF5,.HDF5,7721575,2026-10-05T11:12:31,f9bd706d65046ae03397f5c6576fdf1f97990a05428da42eaf6c6b170ec83c46,1,False,False,
original,03_Nature_Portfolio_Project,D:\OneDrive\桌面\论文\2027年投稿期刊\论文项目\07_JB医疗可达性_洪水扰动下交通-网络韧性与公平性_SCS_Natural_Hazards\GPT数据\Nature Portfolio_Project\01_前期数据支撑\07_D07_FLOOD_EVENT\D07E_IMERG\RAW\D07E_NASA_IMERG_Download_Helper\RAW_AUTHENTICATED\3B-HHR.MS.MRG.3IMERG.20250321-S143000-E145959.0870.V07B.HDF5,D:\OneDrive\桌面\论文\2027年投稿期刊\论文项目\07_JB医疗可达性_洪水扰动下交通-网络韧性与公平性_SCS_Natural_Hazards\GPT数据\Nature Portfolio_Project\01_前期数据支撑\07_D07_FLOOD_EVENT\D07E_IMERG\RAW\D07E_NASA_IMERG_Download_Helper\RAW_AUTHENTICATED\3B-HHR.MS.MRG.3IMERG.20250321-S143000-E145959.0870.V07B.HDF5,Nature Portfolio_Project\01_前期数据支撑\07_D07_FLOOD_EVENT\D07E_IMERG\RAW\D07E_NASA_IMERG_Download_Helper\RAW_AUTHENTICATED\3B-HHR.MS.MRG.3IMERG.20250321-S143000-E145959.0870.V07B.HDF5,3B-HHR.MS.MRG.3IMERG.20250321-S143000-E145959.0870.V07B.HDF5,.HDF5,7710170,2026-10-05T11:12:31,74398183c99f65ef78b43e6ba3195ad2b64a45ab0c9110f90d9b7208e862344a,1,False,False,
original,03_Nature_Portfolio_Project,D:\OneDrive\桌面\论文\2027年投稿期刊\论文项目\07_JB医疗可达性_洪水扰动下交通-网络韧性与公平性_SCS_Natural_Hazards\GPT数据\Nature Portfolio_Project\01_前期数据支撑\07_D07_FLOOD_EVENT\D07E_IMERG\RAW\D07E_NASA_IMERG_Download_Helper\RAW_AUTHENTICATED\3B-HHR.MS.MRG.3IMERG.20250321-S150000-E152959.0900.V07B.HDF5,D:\OneDrive\桌面\论文\2027年投稿期刊\论文项目\07_JB医疗可达性_洪水扰动下交通-网络韧性与公平性_SCS_Natural_Hazards\GPT数据\Nature Portfolio_Project\01_前期数据支撑\07_D07_FLOOD_EVENT\D07E_IMERG\RAW\D07E_NASA_IMERG_Download_Helper\RAW_AUTHENTICATED\3B-HHR.MS.MRG.3IMERG.20250321-S150000-E152959.0900.V07B.HDF5,Nature Portfolio_Project\01_前期数据支撑\07_D07_FLOOD_EVENT\D07E_IMERG\RAW\D07E_NASA_IMERG_Download_Helper\RAW_AUTHENTICATED\3B-HHR.MS.MRG.3IMERG.20250321-S150000-E152959.0900.V07B.HDF5,3B-HHR.MS.MRG.3IMERG.20250321-S150000-E152959.0900.V07B.HDF5,.HDF5,7753817,2026-10-05T11:12:32,e9f17b959011bb64177bfdd2158c61db85761c1fab83d1bb2ba885526245773d,1,False,False,
original,03_Nature_Portfolio_Project,D:\OneDrive\桌面\论文\2027年投稿期刊\论文项目\07_JB医疗可达性_洪水扰动下交通-网络韧性与公平性_SCS_Natural_Hazards\GPT数据\Nature Portfolio_Project\01_前期数据支撑\07_D07_FLOOD_EVENT\D07E_IMERG\RAW\D07E_NASA_IMERG_Download_Helper\RAW_AUTHENTICATED\3B-HHR.MS.MRG.3IMERG.20250321-S153000-E155959.0930.V07B.HDF5,D:\OneDrive\桌面\论文\2027年投稿期刊\论文项目\07_JB医疗可达性_洪水扰动下交通-网络韧性与公平性_SCS_Natural_Hazards\GPT数据\Nature Portfolio_Project\01_前期数据支撑\07_D07_FLOOD_EVENT\D07E_IMERG\RAW\D07E_NASA_IMERG_Download_Helper\RAW_AUTHENTICATED\3B-HHR.MS.MRG.3IMERG.20250321-S153000-E155959.0930.V07B.HDF5,Nature Portfolio_Project\01_前期数据支撑\07_D07_FLOOD_EVENT\D07E_IMERG\RAW\D07E_NASA_IMERG_Download_Helper\RAW_AUTHENTICATED\3B-HHR.MS.MRG.3IMERG.20250321-S153000-E155959.0930.V07B.HDF5,3B-HHR.MS.MRG.3IMERG.20250321-S153000-E155959.0930.V07B.HDF5,.HDF5,7846940,2026-10-05T11:12:32,a6303d77c762178a6bc2e0b0c7859b9097d357542da73ae0b81164c8c37977c0,1,False,False,
original,03_Nature_Portfolio_Project,D:\OneDrive\桌面\论文\2027年投稿期刊\论文项目\07_JB医疗可达性_洪水扰动下交通-网络韧性与公平性_SCS_Natural_Hazards\GPT数据\Nature Portfolio_Project\01_前期数据支撑\07_D07_FLOOD_EVENT\D07E_IMERG\RAW\D07E_NASA_IMERG_Download_Helper\RAW_AUTHENTICATED_zip_parts_20261005_111729\RAW_AUTHENTICATED_part01.zip,D:\OneDrive\桌面\论文\2027年投稿期刊\论文项目\07_JB医疗可达性_洪水扰动下交通-网络韧性与公平性_SCS_Natural_Hazards\GPT数据\Nature Portfolio_Project\01_前期数据支撑\07_D07_FLOOD_EVENT\D07E_IMERG\RAW\D07E_NASA_IMERG_Download_Helper\RAW_AUTHENTICATED_zip_parts_20261005_111729\RAW_AUTHENTICATED_part01.zip,Nature Portfolio_Project\01_前期数据支撑\07_D07_FLOOD_EVENT\D07E_IMERG\RAW\D07E_NASA_IMERG_Download_Helper\RAW_AUTHENTICATED_zip_parts_20261005_111729\RAW_AUTHENTICATED_part01.zip,RAW_AUTHENTICATED_part01.zip,.zip,186507374,2026-10-05T11:17:36,9306318473b7db24f102d0fcdabb625e6194601d2899ac9e37ab38b3f630a584,1,True,False,
original,03_Nature_Portfolio_Project,D:\OneDrive\桌面\论文\2027年投稿期刊\论文项目\07_JB医疗可达性_洪水扰动下交通-网络韧性与公平性_SCS_Natural_Hazards\GPT数据\Nature Portfolio_Project\01_前期数据支撑\07_D07_FLOOD_EVENT\D07E_IMERG\RAW\D07E_NASA_IMERG_Download_Helper\RAW_AUTHENTICATED_zip_parts_20261005_111729\RAW_AUTHENTICATED_part02.zip,D:\OneDrive\桌面\论文\2027年投稿期刊\论文项目\07_JB医疗可达性_洪水扰动下交通-网络韧性与公平性_SCS_Natural_Hazards\GPT数据\Nature Portfolio_Project\01_前期数据支撑\07_D07_FLOOD_EVENT\D07E_IMERG\RAW\D07E_NASA_IMERG_Download_Helper\RAW_AUTHENTICATED_zip_parts_20261005_111729\RAW_AUTHENTICATED_part02.zip,Nature Portfolio_Project\01_前期数据支撑\07_D07_FLOOD_EVENT\D07E_IMERG\RAW\D07E_NASA_IMERG_Download_Helper\RAW_AUTHENTICATED_zip_parts_20261005_111729\RAW_AUTHENTICATED_part02.zip,RAW_AUTHENTICATED_part02.zip,.zip,190091861,2026-10-05T11:17:42,dcda435756e0cf60ce522bcc9a16867454e853f5bd2acead4010b36736a6a672,1,True,False,
original,03_Nature_Portfolio_Project,D:\OneDrive\桌面\论文\2027年投稿期刊\论文项目\07_JB医疗可达性_洪水扰动下交通-网络韧性与公平性_SCS_Natural_Hazards\GPT数据\Nature Portfolio_Project\01_前期数据支撑\07_D07_FLOOD_EVENT\D07E_IMERG\RAW\D07E_NASA_IMERG_Download_Helper\RAW_AUTHENTICATED_zip_parts_20261005_111729\RAW_AUTHENTICATED_part03.zip,D:\OneDrive\桌面\论文\2027年投稿期刊\论文项目\07_JB医疗可达性_洪水扰动下交通-网络韧性与公平性_SCS_Natural_Hazards\GPT数据\Nature Portfolio_Project\01_前期数据支撑\07_D07_FLOOD_EVENT\D07E_IMERG\RAW\D07E_NASA_IMERG_Download_Helper\RAW_AUTHENTICATED_zip_parts_20261005_111729\RAW_AUTHENTICATED_part03.zip,Nature Portfolio_Project\01_前期数据支撑\07_D07_FLOOD_EVENT\D07E_IMERG\RAW\D07E_NASA_IMERG_Download_Helper\RAW_AUTHENTICATED_zip_parts_20261005_111729\RAW_AUTHENTICATED_part03.zip,RAW_AUTHENTICATED_part03.zip,.zip,186363430,2026-10-05T11:17:48,9b57fae6a765fdc5866181ced36457b330ecb89fab08f38a875fb8edf4de7047,1,True,False,
original,03_Nature_Portfolio_Project,D:\OneDrive\桌面\论文\2027年投稿期刊\论文项目\07_JB医疗可达性_洪水扰动下交通-网络韧性与公平性_SCS_Natural_Hazards\GPT数据\Nature Portfolio_Project\01_前期数据支撑\07_D07_FLOOD_EVENT\D07E_IMERG\RAW\D07E_NASA_IMERG_Download_Helper\RAW_AUTHENTICATED_zip_parts_20261005_111729\RAW_AUTHENTICATED_part04.zip,D:\OneDrive\桌面\论文\2027年投稿期刊\论文项目\07_JB医疗可达性_洪水扰动下交通-网络韧性与公平性_SCS_Natural_Hazards\GPT数据\Nature Portfolio_Project\01_前期数据支撑\07_D07_FLOOD_EVENT\D07E_IMERG\RAW\D07E_NASA_IMERG_Download_Helper\RAW_AUTHENTICATED_zip_parts_20261005_111729\RAW_AUTHENTICATED_part04.zip,Nature Portfolio_Project\01_前期数据支撑\07_D07_FLOOD_EVENT\D07E_IMERG\RAW\D07E_NASA_IMERG_Download_Helper\RAW_AUTHENTICATED_zip_parts_20261005_111729\RAW_AUTHENTICATED_part04.zip,RAW_AUTHENTICATED_part04.zip,.zip,189900287,2026-10-05T11:17:54,f15b961e20de845d3949004d86d9b90cdd3e74e340791c26c829b6501c0a0176,1,True,False,
original,03_Nature_Portfolio_Project,D:\OneDrive\桌面\论文\2027年投稿期刊\论文项目\07_JB医疗可达性_洪水扰动下交通-网络韧性与公平性_SCS_Natural_Hazards\GPT数据\Nature Portfolio_Project\01_前期数据支撑\07_D07_FLOOD_EVENT\D07E_IMERG\RAW\D07E_NASA_IMERG_Download_Helper\RAW_AUTHENTICATED_zip_parts_20261005_111729\RAW_AUTHENTICATED_part05.zip,D:\OneDrive\桌面\论文\2027年投稿期刊\论文项目\07_JB医疗可达性_洪水扰动下交通-网络韧性与公平性_SCS_Natural_Hazards\GPT数据\Nature Portfolio_Project\01_前期数据支撑\07_D07_FLOOD_EVENT\D07E_IMERG\RAW\D07E_NASA_IMERG_Download_Helper\RAW_AUTHENTICATED_zip_parts_20261005_111729\RAW_AUTHENTICATED_part05.zip,Nature Portfolio_Project\01_前期数据支撑\07_D07_FLOOD_EVENT\D07E_IMERG\RAW\D07E_NASA_IMERG_Download_Helper\RAW_AUTHENTICATED_zip_parts_20261005_111729\RAW_AUTHENTICATED_part05.zip,RAW_AUTHENTICATED_part05.zip,.zip,190096495,2026-10-05T11:18:00,594203d78a880ea9a6eb5b343e13eeba970e1146129f372fd7d23bdd580e6aac,1,True,False,
original,03_Nature_Portfolio_Project,D:\OneDrive\桌面\论文\2027年投稿期刊\论文项目\07_JB医疗可达性_洪水扰动下交通-网络韧性与公平性_SCS_Natural_Hazards\GPT数据\Nature Portfolio_Project\01_前期数据支撑\07_D07_FLOOD_EVENT\D07E_IMERG\RAW\D07E_NASA_IMERG_Download_Helper\RAW_AUTHENTICATED_zip_parts_20261005_111729\RAW_AUTHENTICATED_part06.zip,D:\OneDrive\桌面\论文\2027年投稿期刊\论文项目\07_JB医疗可达性_洪水扰动下交通-网络韧性与公平性_SCS_Natural_Hazards\GPT数据\Nature Portfolio_Project\01_前期数据支撑\07_D07_FLOOD_EVENT\D07E_IMERG\RAW\D07E_NASA_IMERG_Download_Helper\RAW_AUTHENTICATED_zip_parts_20261005_111729\RAW_AUTHENTICATED_part06.zip,Nature Portfolio_Project\01_前期数据支撑\07_D07_FLOOD_EVENT\D07E_IMERG\RAW\D07E_NASA_IMERG_Download_Helper\RAW_AUTHENTICATED_zip_parts_20261005_111729\RAW_AUTHENTICATED_part06.zip,RAW_AUTHENTICATED_part06.zip,.zip,116318489,2026-10-05T11:18:04,62be5d660bdfb621df934c33d6e7171de008db935da464e1c4c286e420da23b6,1,True,False,
original,03_Nature_Portfolio_Project,D:\OneDrive\桌面\论文\2027年投稿期刊\论文项目\07_JB医疗可达性_洪水扰动下交通-网络韧性与公平性_SCS_Natural_Hazards\GPT数据\Nature Portfolio_Project\01_前期数据支撑\07_D07_FLOOD_EVENT\PACKAGES\D07AB_2025March_Flood_Event_Register_v0.1.zip,D:\OneDrive\桌面\论文\2027年投稿期刊\论文项目\07_JB医疗可达性_洪水扰动下交通-网络韧性与公平性_SCS_Natural_Hazards\GPT数据\Nature Portfolio_Project\01_前期数据支撑\07_D07_FLOOD_EVENT\PACKAGES\D07AB_2025March_Flood_Event_Register_v0.1.zip,Nature Portfolio_Project\01_前期数据支撑\07_D07_FLOOD_EVENT\PACKAGES\D07AB_2025March_Flood_Event_Register_v0.1.zip,D07AB_2025March_Flood_Event_Register_v0.1.zip,.zip,101170,2026-10-05T08:17:30,cf7abf2f780bab37d414893d494660f12ec072d302eb2c109862292b28535325,1,True,False,
original,03_Nature_Portfolio_Project,D:\OneDrive\桌面\论文\2027年投稿期刊\论文项目\07_JB医疗可达性_洪水扰动下交通-网络韧性与公平性_SCS_Natural_Hazards\GPT数据\Nature Portfolio_Project\01_前期数据支撑\07_D07_FLOOD_EVENT\PACKAGES\D07C_D07E_Flood_Hotspots_Hydromet_v0.2.zip,D:\OneDrive\桌面\论文\2027年投稿期刊\论文项目\07_JB医疗可达性_洪水扰动下交通-网络韧性与公平性_SCS_Natural_Hazards\GPT数据\Nature Portfolio_Project\01_前期数据支撑\07_D07_FLOOD_EVENT\PACKAGES\D07C_D07E_Flood_Hotspots_Hydromet_v0.2.zip,Nature Portfolio_Project\01_前期数据支撑\07_D07_FLOOD_EVENT\PACKAGES\D07C_D07E_Flood_Hotspots_Hydromet_v0.2.zip,D07C_D07E_Flood_Hotspots_Hydromet_v0.2.zip,.zip,104380,2026-10-05T08:17:57,8482ab99a7abaeeb3ba724c10d0e9ca134dd975826a1e90acfeec3f03b27f7c0,1,True,False,
original,03_Nature_Portfolio_Project,D:\OneDrive\桌面\论文\2027年投稿期刊\论文项目\07_JB医疗可达性_洪水扰动下交通-网络韧性与公平性_SCS_Natural_Hazards\GPT数据\Nature Portfolio_Project\01_前期数据支撑\07_D07_FLOOD_EVENT\PACKAGES\D07F_Closure_Spatialization_IMERG_Readiness_v0.3.zip,D:\OneDrive\桌面\论文\2027年投稿期刊\论文项目\07_JB医疗可达性_洪水扰动下交通-网络韧性与公平性_SCS_Natural_Hazards\GPT数据\Nature Portfolio_Project\01_前期数据支撑\07_D07_FLOOD_EVENT\PACKAGES\D07F_Closure_Spatialization_IMERG_Readiness_v0.3.zip,Nature Portfolio_Project\01_前期数据支撑\07_D07_FLOOD_EVENT\PACKAGES\D07F_Closure_Spatialization_IMERG_Readiness_v0.3.zip,D07F_Closure_Spatialization_IMERG_Readiness_v0.3.zip,.zip,184363,2026-10-05T09:21:21,b1422caa6fcf75c063de921a3347a80806bf9c8180a990e31c9bb6a9d5de83f1,1,True,False,
original,03_Nature_Portfolio_Project,D:\OneDrive\桌面\论文\2027年投稿期刊\论文项目\07_JB医疗可达性_洪水扰动下交通-网络韧性与公平性_SCS_Natural_Hazards\GPT数据\Nature Portfolio_Project\01_前期数据支撑\08_D08_ACCESSIBILITY_IMPACT\FIGURES\GIS_Flood_Road_Susceptibility_Screening.png,D:\OneDrive\桌面\论文\2027年投稿期刊\论文项目\07_JB医疗可达性_洪水扰动下交通-网络韧性与公平性_SCS_Natural_Hazards\GPT数据\Nature Portfolio_Project\01_前期数据支撑\08_D08_ACCESSIBILITY_IMPACT\FIGURES\GIS_Flood_Road_Susceptibility_Screening.png,Nature Portfolio_Project\01_前期数据支撑\08_D08_ACCESSIBILITY_IMPACT\FIGURES\GIS_Flood_Road_Susceptibility_Screening.png,GIS_Flood_Road_Susceptibility_Screening.png,.png,271624,2026-10-05T12:15:02,3d8a4c368287b038ef445365fcda1148ba4727893a97bfbbaf7d2c6456eb16c1,2,False,False,
original,03_Nature_Portfolio_Project,D:\OneDrive\桌面\论文\2027年投稿期刊\论文项目\07_JB医疗可达性_洪水扰动下交通-网络韧性与公平性_SCS_Natural_Hazards\GPT数据\Nature Portfolio_Project\01_前期数据支撑\08_D08_ACCESSIBILITY_IMPACT\FLOOD_SUSCEPTIBILITY_GIS\JB_Flood_Evidence_and_Road_Susceptibility_Screening_RSO.gpkg,D:\OneDrive\桌面\论文\2027年投稿期刊\论文项目\07_JB医疗可达性_洪水扰动下交通-网络韧性与公平性_SCS_Natural_Hazards\GPT数据\Nature Portfolio_Project\01_前期数据支撑\08_D08_ACCESSIBILITY_IMPACT\FLOOD_SUSCEPTIBILITY_GIS\JB_Flood_Evidence_and_Road_Susceptibility_Screening_RSO.gpkg,Nature Portfolio_Project\01_前期数据支撑\08_D08_ACCESSIBILITY_IMPACT\FLOOD_SUSCEPTIBILITY_GIS\JB_Flood_Evidence_and_Road_Susceptibility_Screening_RSO.gpkg,JB_Flood_Evidence_and_Road_Susceptibility_Screening_RSO.gpkg,.gpkg,55484416,2026-10-05T12:14:54,cc5e4d6a6e65fff716ab578d5f8a98bd8bee189d48bb3ca2a437e8aa1584d8f4,2,False,False,
original,03_Nature_Portfolio_Project,D:\OneDrive\桌面\论文\2027年投稿期刊\论文项目\07_JB医疗可达性_洪水扰动下交通-网络韧性与公平性_SCS_Natural_Hazards\GPT数据\Nature Portfolio_Project\01_前期数据支撑\08_D08_ACCESSIBILITY_IMPACT\OBSERVED_CLOSURE\D08_Global_Accessibility_Impact_Summary.csv,D:\OneDrive\桌面\论文\2027年投稿期刊\论文项目\07_JB医疗可达性_洪水扰动下交通-网络韧性与公平性_SCS_Natural_Hazards\GPT数据\Nature Portfolio_Project\01_前期数据支撑\08_D08_ACCESSIBILITY_IMPACT\OBSERVED_CLOSURE\D08_Global_Accessibility_Impact_Summary.csv,Nature Portfolio_Project\01_前期数据支撑\08_D08_ACCESSIBILITY_IMPACT\OBSERVED_CLOSURE\D08_Global_Accessibility_Impact_Summary.csv,D08_Global_Accessibility_Impact_Summary.csv,.csv,2275,2026-10-05T11:53:13,0ab6c738020d194e3d95bdbd1957ca5791d11c21d6a6d93ae1b45e0bb6d72097,2,False,False,
original,03_Nature_Portfolio_Project,D:\OneDrive\桌面\论文\2027年投稿期刊\论文项目\07_JB医疗可达性_洪水扰动下交通-网络韧性与公平性_SCS_Natural_Hazards\GPT数据\Nature Portfolio_Project\01_前期数据支撑\08_D08_ACCESSIBILITY_IMPACT\OBSERVED_CLOSURE\D08_Resilience_Interpretation_Metrics.csv,D:\OneDrive\桌面\论文\2027年投稿期刊\论文项目\07_JB医疗可达性_洪水扰动下交通-网络韧性与公平性_SCS_Natural_Hazards\GPT数据\Nature Portfolio_Project\01_前期数据支撑\08_D08_ACCESSIBILITY_IMPACT\OBSERVED_CLOSURE\D08_Resilience_Interpretation_Metrics.csv,Nature Portfolio_Project\01_前期数据支撑\08_D08_ACCESSIBILITY_IMPACT\OBSERVED_CLOSURE\D08_Resilience_Interpretation_Metrics.csv,D08_Resilience_Interpretation_Metrics.csv,.csv,511,2026-10-05T11:53:15,3edc19f1c36a5d6cc2d41df6a29c8c4bec5f8e859a74f7e8ac0bbf1179dcff3a,2,False,False,
original,03_Nature_Portfolio_Project,D:\OneDrive\桌面\论文\2027年投稿期刊\论文项目\07_JB医疗可达性_洪水扰动下交通-网络韧性与公平性_SCS_Natural_Hazards\GPT数据\Nature Portfolio_Project\01_前期数据支撑\08_D08_ACCESSIBILITY_IMPACT\PACKAGES\D08_Sensitivity_and_FloodSusceptibility_GIS_v1.0.zip,D:\OneDrive\桌面\论文\2027年投稿期刊\论文项目\07_JB医疗可达性_洪水扰动下交通-网络韧性与公平性_SCS_Natural_Hazards\GPT数据\Nature Portfolio_Project\01_前期数据支撑\08_D08_ACCESSIBILITY_IMPACT\PACKAGES\D08_Sensitivity_and_FloodSusceptibility_GIS_v1.0.zip,Nature Portfolio_Project\01_前期数据支撑\08_D08_ACCESSIBILITY_IMPACT\PACKAGES\D08_Sensitivity_and_FloodSusceptibility_GIS_v1.0.zip,D08_Sensitivity_and_FloodSusceptibility_GIS_v1.0.zip,.zip,16125058,2026-10-05T12:14:39,fe5520d767139c3a5bac3f5892b0606ebc1026bee9dcf6b24c4d9d4b11ee3c3d,1,True,False,
original,03_Nature_Portfolio_Project,D:\OneDrive\桌面\论文\2027年投稿期刊\论文项目\07_JB医疗可达性_洪水扰动下交通-网络韧性与公平性_SCS_Natural_Hazards\GPT数据\Nature Portfolio_Project\01_前期数据支撑\08_D08_ACCESSIBILITY_IMPACT\PACKAGES\D08_Step1_2025_Observed_Closure_Accessibility_v0.1.zip,D:\OneDrive\桌面\论文\2027年投稿期刊\论文项目\07_JB医疗可达性_洪水扰动下交通-网络韧性与公平性_SCS_Natural_Hazards\GPT数据\Nature Portfolio_Project\01_前期数据支撑\08_D08_ACCESSIBILITY_IMPACT\PACKAGES\D08_Step1_2025_Observed_Closure_Accessibility_v0.1.zip,Nature Portfolio_Project\01_前期数据支撑\08_D08_ACCESSIBILITY_IMPACT\PACKAGES\D08_Step1_2025_Observed_Closure_Accessibility_v0.1.zip,D08_Step1_2025_Observed_Closure_Accessibility_v0.1.zip,.zip,22359307,2026-10-05T11:53:08,8ce6105b5f1789311e2ffc6081b29ac9f9afa32ceedd4ac7593b6d55295031b4,1,True,False,
original,03_Nature_Portfolio_Project,D:\OneDrive\桌面\论文\2027年投稿期刊\论文项目\07_JB医疗可达性_洪水扰动下交通-网络韧性与公平性_SCS_Natural_Hazards\GPT数据\Nature Portfolio_Project\01_前期数据支撑\08_D08_ACCESSIBILITY_IMPACT\QC\D08_Sensitivity_and_GIS_QC_Report.txt,D:\OneDrive\桌面\论文\2027年投稿期刊\论文项目\07_JB医疗可达性_洪水扰动下交通-网络韧性与公平性_SCS_Natural_Hazards\GPT数据\Nature Portfolio_Project\01_前期数据支撑\08_D08_ACCESSIBILITY_IMPACT\QC\D08_Sensitivity_and_GIS_QC_Report.txt,Nature Portfolio_Project\01_前期数据支撑\08_D08_ACCESSIBILITY_IMPACT\QC\D08_Sensitivity_and_GIS_QC_Report.txt,D08_Sensitivity_and_GIS_QC_Report.txt,.txt,4471,2026-10-05T12:15:02,f4f64ab971f4d3eef29ced53ee6de42eef6eec1bdb45ed3315437a01169c787e,2,False,False,
original,03_Nature_Portfolio_Project,D:\OneDrive\桌面\论文\2027年投稿期刊\论文项目\07_JB医疗可达性_洪水扰动下交通-网络韧性与公平性_SCS_Natural_Hazards\GPT数据\Nature Portfolio_Project\01_前期数据支撑\08_D08_ACCESSIBILITY_IMPACT\QC\D08_Step1_QC_Report.txt,D:\OneDrive\桌面\论文\2027年投稿期刊\论文项目\07_JB医疗可达性_洪水扰动下交通-网络韧性与公平性_SCS_Natural_Hazards\GPT数据\Nature Portfolio_Project\01_前期数据支撑\08_D08_ACCESSIBILITY_IMPACT\QC\D08_Step1_QC_Report.txt,Nature Portfolio_Project\01_前期数据支撑\08_D08_ACCESSIBILITY_IMPACT\QC\D08_Step1_QC_Report.txt,D08_Step1_QC_Report.txt,.txt,10428,2026-10-05T11:53:19,b3cb7857b225532cf12a540e7cb1aa55a904fdc5a7d931d9264dcff020a1bdc5,2,False,False,
original,03_Nature_Portfolio_Project,D:\OneDrive\桌面\论文\2027年投稿期刊\论文项目\07_JB医疗可达性_洪水扰动下交通-网络韧性与公平性_SCS_Natural_Hazards\GPT数据\Nature Portfolio_Project\01_前期数据支撑\08_D08_ACCESSIBILITY_IMPACT\SENSITIVITY\D08_Criticality_Rank_Robustness.csv,D:\OneDrive\桌面\论文\2027年投稿期刊\论文项目\07_JB医疗可达性_洪水扰动下交通-网络韧性与公平性_SCS_Natural_Hazards\GPT数据\Nature Portfolio_Project\01_前期数据支撑\08_D08_ACCESSIBILITY_IMPACT\SENSITIVITY\D08_Criticality_Rank_Robustness.csv,Nature Portfolio_Project\01_前期数据支撑\08_D08_ACCESSIBILITY_IMPACT\SENSITIVITY\D08_Criticality_Rank_Robustness.csv,D08_Criticality_Rank_Robustness.csv,.csv,956,2026-10-05T12:15:00,8da7ab0679725808a3c86bf98595a4760f07efefb374d4f08476b1da8ccd876b,2,False,False,
original,03_Nature_Portfolio_Project,D:\OneDrive\桌面\论文\2027年投稿期刊\论文项目\07_JB医疗可达性_洪水扰动下交通-网络韧性与公平性_SCS_Natural_Hazards\GPT数据\Nature Portfolio_Project\01_前期数据支撑\08_D08_ACCESSIBILITY_IMPACT\SENSITIVITY\D08_MAR20_27Combination_Sensitivity.csv,D:\OneDrive\桌面\论文\2027年投稿期刊\论文项目\07_JB医疗可达性_洪水扰动下交通-网络韧性与公平性_SCS_Natural_Hazards\GPT数据\Nature Portfolio_Project\01_前期数据支撑\08_D08_ACCESSIBILITY_IMPACT\SENSITIVITY\D08_MAR20_27Combination_Sensitivity.csv,Nature Portfolio_Project\01_前期数据支撑\08_D08_ACCESSIBILITY_IMPACT\SENSITIVITY\D08_MAR20_27Combination_Sensitivity.csv,D08_MAR20_27Combination_Sensitivity.csv,.csv,6869,2026-10-05T12:15:00,c8adbdf67fbfd764b019e9ac5aa896df33aa802dff7651354d86fb9e7fc4106e,2,False,False,
original,03_Nature_Portfolio_Project,D:\OneDrive\桌面\论文\2027年投稿期刊\论文项目\07_JB医疗可达性_洪水扰动下交通-网络韧性与公平性_SCS_Natural_Hazards\GPT数据\Nature Portfolio_Project\01_前期数据支撑\08_D08_ACCESSIBILITY_IMPACT\SINGLE_CLOSURE\D08_SingleClosure_Shift_Sensitivity.csv,D:\OneDrive\桌面\论文\2027年投稿期刊\论文项目\07_JB医疗可达性_洪水扰动下交通-网络韧性与公平性_SCS_Natural_Hazards\GPT数据\Nature Portfolio_Project\01_前期数据支撑\08_D08_ACCESSIBILITY_IMPACT\SINGLE_CLOSURE\D08_SingleClosure_Shift_Sensitivity.csv,Nature Portfolio_Project\01_前期数据支撑\08_D08_ACCESSIBILITY_IMPACT\SINGLE_CLOSURE\D08_SingleClosure_Shift_Sensitivity.csv,D08_SingleClosure_Shift_Sensitivity.csv,.csv,2243,2026-10-05T12:14:59,78a7c69dd84f73808b948dcff92511f3dc419da871250c3133134a80afbb28db,2,False,False,
original,03_Nature_Portfolio_Project,D:\OneDrive\桌面\论文\2027年投稿期刊\论文项目\07_JB医疗可达性_洪水扰动下交通-网络韧性与公平性_SCS_Natural_Hazards\GPT数据\Nature Portfolio_Project\01_前期数据支撑\08_D08_ACCESSIBILITY_IMPACT\SINGLE_CLOSURE\D08_Single_Closure_Attribution.csv,D:\OneDrive\桌面\论文\2027年投稿期刊\论文项目\07_JB医疗可达性_洪水扰动下交通-网络韧性与公平性_SCS_Natural_Hazards\GPT数据\Nature Portfolio_Project\01_前期数据支撑\08_D08_ACCESSIBILITY_IMPACT\SINGLE_CLOSURE\D08_Single_Closure_Attribution.csv,Nature Portfolio_Project\01_前期数据支撑\08_D08_ACCESSIBILITY_IMPACT\SINGLE_CLOSURE\D08_Single_Closure_Attribution.csv,D08_Single_Closure_Attribution.csv,.csv,1275,2026-10-05T11:53:16,e5385485e30e1cd8dca03b923adca84c441f80e09c5a02bc94146aca76df32b3,2,False,False,
original,03_Nature_Portfolio_Project,D:\OneDrive\桌面\论文\2027年投稿期刊\论文项目\07_JB医疗可达性_洪水扰动下交通-网络韧性与公平性_SCS_Natural_Hazards\GPT数据\Nature Portfolio_Project\01_前期数据支撑\08_D08_ACCESSIBILITY_IMPACT\SUBDISTRICT\D08_Subdistrict_Accessibility_Impact.csv,D:\OneDrive\桌面\论文\2027年投稿期刊\论文项目\07_JB医疗可达性_洪水扰动下交通-网络韧性与公平性_SCS_Natural_Hazards\GPT数据\Nature Portfolio_Project\01_前期数据支撑\08_D08_ACCESSIBILITY_IMPACT\SUBDISTRICT\D08_Subdistrict_Accessibility_Impact.csv,Nature Portfolio_Project\01_前期数据支撑\08_D08_ACCESSIBILITY_IMPACT\SUBDISTRICT\D08_Subdistrict_Accessibility_Impact.csv,D08_Subdistrict_Accessibility_Impact.csv,.csv,6067,2026-10-05T11:53:17,1776c6beb7c7b4b8068450e25162512301ba188ab4662498361e75c4a1b829cd,2,False,False,
original,03_Nature_Portfolio_Project,D:\OneDrive\桌面\论文\2027年投稿期刊\论文项目\07_JB医疗可达性_洪水扰动下交通-网络韧性与公平性_SCS_Natural_Hazards\GPT数据\Nature Portfolio_Project\01_前期数据支撑\09_D09_CRITICAL_ROAD_PRIORITY\CORRIDOR_PRIORITY\D09_NetworkWide_Corridor_Priority_Summary.csv,D:\OneDrive\桌面\论文\2027年投稿期刊\论文项目\07_JB医疗可达性_洪水扰动下交通-网络韧性与公平性_SCS_Natural_Hazards\GPT数据\Nature Portfolio_Project\01_前期数据支撑\09_D09_CRITICAL_ROAD_PRIORITY\CORRIDOR_PRIORITY\D09_NetworkWide_Corridor_Priority_Summary.csv,Nature Portfolio_Project\01_前期数据支撑\09_D09_CRITICAL_ROAD_PRIORITY\CORRIDOR_PRIORITY\D09_NetworkWide_Corridor_Priority_Summary.csv,D09_NetworkWide_Corridor_Priority_Summary.csv,.csv,65460,2026-10-05T12:30:54,c90cdeea666b0be8d7c6ed4fcdde923a8dae3464a1e38789184dabf19689447b,2,False,False,
original,03_Nature_Portfolio_Project,D:\OneDrive\桌面\论文\2027年投稿期刊\论文项目\07_JB医疗可达性_洪水扰动下交通-网络韧性与公平性_SCS_Natural_Hazards\GPT数据\Nature Portfolio_Project\01_前期数据支撑\09_D09_CRITICAL_ROAD_PRIORITY\CORRIDOR_PRIORITY\D09_Top_NonObserved_FuturePreparedness_Corridors.csv,D:\OneDrive\桌面\论文\2027年投稿期刊\论文项目\07_JB医疗可达性_洪水扰动下交通-网络韧性与公平性_SCS_Natural_Hazards\GPT数据\Nature Portfolio_Project\01_前期数据支撑\09_D09_CRITICAL_ROAD_PRIORITY\CORRIDOR_PRIORITY\D09_Top_NonObserved_FuturePreparedness_Corridors.csv,Nature Portfolio_Project\01_前期数据支撑\09_D09_CRITICAL_ROAD_PRIORITY\CORRIDOR_PRIORITY\D09_Top_NonObserved_FuturePreparedness_Corridors.csv,D09_Top_NonObserved_FuturePreparedness_Corridors.csv,.csv,2014,2026-10-05T12:30:58,d5a77cf7e058eadea8a0c08f7096b83677810a9c040cf437d59891a7666f0935,2,False,False,
original,03_Nature_Portfolio_Project,D:\OneDrive\桌面\论文\2027年投稿期刊\论文项目\07_JB医疗可达性_洪水扰动下交通-网络韧性与公平性_SCS_Natural_Hazards\GPT数据\Nature Portfolio_Project\01_前期数据支撑\09_D09_CRITICAL_ROAD_PRIORITY\CRPI\D09_RoadSegment_CRPI.csv,D:\OneDrive\桌面\论文\2027年投稿期刊\论文项目\07_JB医疗可达性_洪水扰动下交通-网络韧性与公平性_SCS_Natural_Hazards\GPT数据\Nature Portfolio_Project\01_前期数据支撑\09_D09_CRITICAL_ROAD_PRIORITY\CRPI\D09_RoadSegment_CRPI.csv,Nature Portfolio_Project\01_前期数据支撑\09_D09_CRITICAL_ROAD_PRIORITY\CRPI\D09_RoadSegment_CRPI.csv,D09_RoadSegment_CRPI.csv,.csv,64404512,2026-10-05T12:30:58,e32d0a96d629211fc38fc0e17131ae09fa8c97f7e558457804ed6eeb9cac1afd,2,False,False,
original,03_Nature_Portfolio_Project,D:\OneDrive\桌面\论文\2027年投稿期刊\论文项目\07_JB医疗可达性_洪水扰动下交通-网络韧性与公平性_SCS_Natural_Hazards\GPT数据\Nature Portfolio_Project\01_前期数据支撑\09_D09_CRITICAL_ROAD_PRIORITY\FIGURES\D09_CRPI_Priority_Map.png,D:\OneDrive\桌面\论文\2027年投稿期刊\论文项目\07_JB医疗可达性_洪水扰动下交通-网络韧性与公平性_SCS_Natural_Hazards\GPT数据\Nature Portfolio_Project\01_前期数据支撑\09_D09_CRITICAL_ROAD_PRIORITY\FIGURES\D09_CRPI_Priority_Map.png,Nature Portfolio_Project\01_前期数据支撑\09_D09_CRITICAL_ROAD_PRIORITY\FIGURES\D09_CRPI_Priority_Map.png,D09_CRPI_Priority_Map.png,.png,283867,2026-10-05T12:31:00,419da818dad18a5001b2604febfb41e26e1853deaefa530f2a6c557c8745fd12,2,False,False,
original,03_Nature_Portfolio_Project,D:\OneDrive\桌面\论文\2027年投稿期刊\论文项目\07_JB医疗可达性_洪水扰动下交通-网络韧性与公平性_SCS_Natural_Hazards\GPT数据\Nature Portfolio_Project\01_前期数据支撑\09_D09_CRITICAL_ROAD_PRIORITY\FIGURES\D09_Susceptibility_Criticality_Matrix.png,D:\OneDrive\桌面\论文\2027年投稿期刊\论文项目\07_JB医疗可达性_洪水扰动下交通-网络韧性与公平性_SCS_Natural_Hazards\GPT数据\Nature Portfolio_Project\01_前期数据支撑\09_D09_CRITICAL_ROAD_PRIORITY\FIGURES\D09_Susceptibility_Criticality_Matrix.png,Nature Portfolio_Project\01_前期数据支撑\09_D09_CRITICAL_ROAD_PRIORITY\FIGURES\D09_Susceptibility_Criticality_Matrix.png,D09_Susceptibility_Criticality_Matrix.png,.png,154307,2026-10-05T12:31:01,c16ab560c8764f1eb41dfc9fa7a7740f7e00062941603e912e41458f98d64d81,2,False,False,
original,03_Nature_Portfolio_Project,D:\OneDrive\桌面\论文\2027年投稿期刊\论文项目\07_JB医疗可达性_洪水扰动下交通-网络韧性与公平性_SCS_Natural_Hazards\GPT数据\Nature Portfolio_Project\01_前期数据支撑\09_D09_CRITICAL_ROAD_PRIORITY\OBSERVED_RECOVERY\D09_Observed2025_Recovery_Priority.csv,D:\OneDrive\桌面\论文\2027年投稿期刊\论文项目\07_JB医疗可达性_洪水扰动下交通-网络韧性与公平性_SCS_Natural_Hazards\GPT数据\Nature Portfolio_Project\01_前期数据支撑\09_D09_CRITICAL_ROAD_PRIORITY\OBSERVED_RECOVERY\D09_Observed2025_Recovery_Priority.csv,Nature Portfolio_Project\01_前期数据支撑\09_D09_CRITICAL_ROAD_PRIORITY\OBSERVED_RECOVERY\D09_Observed2025_Recovery_Priority.csv,D09_Observed2025_Recovery_Priority.csv,.csv,2123,2026-10-05T12:30:56,3a191bb6015592a68e589724cc07f46c892bcb3feb721e5b8f1349f76b0cfea8,2,False,False,
original,03_Nature_Portfolio_Project,D:\OneDrive\桌面\论文\2027年投稿期刊\论文项目\07_JB医疗可达性_洪水扰动下交通-网络韧性与公平性_SCS_Natural_Hazards\GPT数据\Nature Portfolio_Project\01_前期数据支撑\09_D09_CRITICAL_ROAD_PRIORITY\PACKAGES\D09_FloodSusceptibility_CriticalRoadPriority_v1.0.zip,D:\OneDrive\桌面\论文\2027年投稿期刊\论文项目\07_JB医疗可达性_洪水扰动下交通-网络韧性与公平性_SCS_Natural_Hazards\GPT数据\Nature Portfolio_Project\01_前期数据支撑\09_D09_CRITICAL_ROAD_PRIORITY\PACKAGES\D09_FloodSusceptibility_CriticalRoadPriority_v1.0.zip,Nature Portfolio_Project\01_前期数据支撑\09_D09_CRITICAL_ROAD_PRIORITY\PACKAGES\D09_FloodSusceptibility_CriticalRoadPriority_v1.0.zip,D09_FloodSusceptibility_CriticalRoadPriority_v1.0.zip,.zip,36453296,2026-10-05T12:30:48,0805cdcc396f74095559da39dcf8b966a28bc0542d364639ba0822f6ba9700b3,1,True,False,
original,03_Nature_Portfolio_Project,D:\OneDrive\桌面\论文\2027年投稿期刊\论文项目\07_JB医疗可达性_洪水扰动下交通-网络韧性与公平性_SCS_Natural_Hazards\GPT数据\Nature Portfolio_Project\01_前期数据支撑\09_D09_CRITICAL_ROAD_PRIORITY\QC\D09_QC_Report.txt,D:\OneDrive\桌面\论文\2027年投稿期刊\论文项目\07_JB医疗可达性_洪水扰动下交通-网络韧性与公平性_SCS_Natural_Hazards\GPT数据\Nature Portfolio_Project\01_前期数据支撑\09_D09_CRITICAL_ROAD_PRIORITY\QC\D09_QC_Report.txt,Nature Portfolio_Project\01_前期数据支撑\09_D09_CRITICAL_ROAD_PRIORITY\QC\D09_QC_Report.txt,D09_QC_Report.txt,.txt,8868,2026-10-05T12:31:01,e8072d9a699e6682dca39b4903cafc59a79d9f4ee71e0922b4c18fecc6b1e0e8,2,False,False,
original,03_Nature_Portfolio_Project,D:\OneDrive\桌面\论文\2027年投稿期刊\论文项目\07_JB医疗可达性_洪水扰动下交通-网络韧性与公平性_SCS_Natural_Hazards\GPT数据\Nature Portfolio_Project\01_前期数据支撑\10_D10_SPATIAL_EQUITY_RECOVERY\GIS\D10_RecoveryBenefit_SpatialEquity_RSO.gpkg,D:\OneDrive\桌面\论文\2027年投稿期刊\论文项目\07_JB医疗可达性_洪水扰动下交通-网络韧性与公平性_SCS_Natural_Hazards\GPT数据\Nature Portfolio_Project\01_前期数据支撑\10_D10_SPATIAL_EQUITY_RECOVERY\GIS\D10_RecoveryBenefit_SpatialEquity_RSO.gpkg,Nature Portfolio_Project\01_前期数据支撑\10_D10_SPATIAL_EQUITY_RECOVERY\GIS\D10_RecoveryBenefit_SpatialEquity_RSO.gpkg,D10_RecoveryBenefit_SpatialEquity_RSO.gpkg,.gpkg,294912,2026-10-05T12:45:24,d6c7bd97df4a039cd4bc95ac0b4f8f28f0553882f5cb882e68d8efd34bffecc7,2,False,False,
original,03_Nature_Portfolio_Project,D:\OneDrive\桌面\论文\2027年投稿期刊\论文项目\07_JB医疗可达性_洪水扰动下交通-网络韧性与公平性_SCS_Natural_Hazards\GPT数据\Nature Portfolio_Project\01_前期数据支撑\10_D10_SPATIAL_EQUITY_RECOVERY\PACKAGES\D10_SpatialEquity_RecoveryBenefit_v1.0.zip,D:\OneDrive\桌面\论文\2027年投稿期刊\论文项目\07_JB医疗可达性_洪水扰动下交通-网络韧性与公平性_SCS_Natural_Hazards\GPT数据\Nature Portfolio_Project\01_前期数据支撑\10_D10_SPATIAL_EQUITY_RECOVERY\PACKAGES\D10_SpatialEquity_RecoveryBenefit_v1.0.zip,Nature Portfolio_Project\01_前期数据支撑\10_D10_SPATIAL_EQUITY_RECOVERY\PACKAGES\D10_SpatialEquity_RecoveryBenefit_v1.0.zip,D10_SpatialEquity_RecoveryBenefit_v1.0.zip,.zip,631253,2026-10-05T12:45:34,1550b0707c8dcb07ba0bf8efda17a1771d9c0ad7f5ff9aa3453fe305c6430f42,1,True,False,
original,03_Nature_Portfolio_Project,D:\OneDrive\桌面\论文\2027年投稿期刊\论文项目\07_JB医疗可达性_洪水扰动下交通-网络韧性与公平性_SCS_Natural_Hazards\GPT数据\Nature Portfolio_Project\01_前期数据支撑\10_D10_SPATIAL_EQUITY_RECOVERY\QC\D10_QC_Report.txt,D:\OneDrive\桌面\论文\2027年投稿期刊\论文项目\07_JB医疗可达性_洪水扰动下交通-网络韧性与公平性_SCS_Natural_Hazards\GPT数据\Nature Portfolio_Project\01_前期数据支撑\10_D10_SPATIAL_EQUITY_RECOVERY\QC\D10_QC_Report.txt,Nature Portfolio_Project\01_前期数据支撑\10_D10_SPATIAL_EQUITY_RECOVERY\QC\D10_QC_Report.txt,D10_QC_Report.txt,.txt,11165,2026-10-05T12:45:44,1dfa89bb61d5e7b33bf9bf7ef49006ea0c4d787818e79744de78cd157c3361b7,2,False,False,
original,03_Nature_Portfolio_Project,D:\OneDrive\桌面\论文\2027年投稿期刊\论文项目\07_JB医疗可达性_洪水扰动下交通-网络韧性与公平性_SCS_Natural_Hazards\GPT数据\Nature Portfolio_Project\01_前期数据支撑\10_D10_SPATIAL_EQUITY_RECOVERY\RECOVERY_BENEFIT\D10_Road_Recovery_Benefit_and_Efficiency.csv,D:\OneDrive\桌面\论文\2027年投稿期刊\论文项目\07_JB医疗可达性_洪水扰动下交通-网络韧性与公平性_SCS_Natural_Hazards\GPT数据\Nature Portfolio_Project\01_前期数据支撑\10_D10_SPATIAL_EQUITY_RECOVERY\RECOVERY_BENEFIT\D10_Road_Recovery_Benefit_and_Efficiency.csv,Nature Portfolio_Project\01_前期数据支撑\10_D10_SPATIAL_EQUITY_RECOVERY\RECOVERY_BENEFIT\D10_Road_Recovery_Benefit_and_Efficiency.csv,D10_Road_Recovery_Benefit_and_Efficiency.csv,.csv,1018,2026-10-05T12:45:44,c034d32098a3f13fda89e4a0be83aabe028930961f48e539517deb4cd823de3c,2,False,False,
original,03_Nature_Portfolio_Project,D:\OneDrive\桌面\论文\2027年投稿期刊\论文项目\07_JB医疗可达性_洪水扰动下交通-网络韧性与公平性_SCS_Natural_Hazards\GPT数据\Nature Portfolio_Project\01_前期数据支撑\10_D10_SPATIAL_EQUITY_RECOVERY\RECOVERY_ORDER\D10_All_6_Recovery_Orders.csv,D:\OneDrive\桌面\论文\2027年投稿期刊\论文项目\07_JB医疗可达性_洪水扰动下交通-网络韧性与公平性_SCS_Natural_Hazards\GPT数据\Nature Portfolio_Project\01_前期数据支撑\10_D10_SPATIAL_EQUITY_RECOVERY\RECOVERY_ORDER\D10_All_6_Recovery_Orders.csv,Nature Portfolio_Project\01_前期数据支撑\10_D10_SPATIAL_EQUITY_RECOVERY\RECOVERY_ORDER\D10_All_6_Recovery_Orders.csv,D10_All_6_Recovery_Orders.csv,.csv,1697,2026-10-05T12:45:42,768cf22946a755c7c6d18073f3a9ea9014c02e45651b7fcbf3d1392762ff4af4,2,False,False,
original,03_Nature_Portfolio_Project,D:\OneDrive\桌面\论文\2027年投稿期刊\论文项目\07_JB医疗可达性_洪水扰动下交通-网络韧性与公平性_SCS_Natural_Hazards\GPT数据\Nature Portfolio_Project\01_前期数据支撑\10_D10_SPATIAL_EQUITY_RECOVERY\RECOVERY_ORDER\D10_Recovery_Order_Stepwise.csv,D:\OneDrive\桌面\论文\2027年投稿期刊\论文项目\07_JB医疗可达性_洪水扰动下交通-网络韧性与公平性_SCS_Natural_Hazards\GPT数据\Nature Portfolio_Project\01_前期数据支撑\10_D10_SPATIAL_EQUITY_RECOVERY\RECOVERY_ORDER\D10_Recovery_Order_Stepwise.csv,Nature Portfolio_Project\01_前期数据支撑\10_D10_SPATIAL_EQUITY_RECOVERY\RECOVERY_ORDER\D10_Recovery_Order_Stepwise.csv,D10_Recovery_Order_Stepwise.csv,.csv,7157,2026-10-05T12:45:42,159b6eb7e6bf02edf28335a61a61c4d8815ff016e82bdbae062c41e5a3b2ac91,2,False,False,
original,03_Nature_Portfolio_Project,D:\OneDrive\桌面\论文\2027年投稿期刊\论文项目\07_JB医疗可达性_洪水扰动下交通-网络韧性与公平性_SCS_Natural_Hazards\GPT数据\Nature Portfolio_Project\01_前期数据支撑\10_D10_SPATIAL_EQUITY_RECOVERY\SPATIAL_EQUITY\D10_Subdistrict_Recovery_Benefit.csv,D:\OneDrive\桌面\论文\2027年投稿期刊\论文项目\07_JB医疗可达性_洪水扰动下交通-网络韧性与公平性_SCS_Natural_Hazards\GPT数据\Nature Portfolio_Project\01_前期数据支撑\10_D10_SPATIAL_EQUITY_RECOVERY\SPATIAL_EQUITY\D10_Subdistrict_Recovery_Benefit.csv,Nature Portfolio_Project\01_前期数据支撑\10_D10_SPATIAL_EQUITY_RECOVERY\SPATIAL_EQUITY\D10_Subdistrict_Recovery_Benefit.csv,D10_Subdistrict_Recovery_Benefit.csv,.csv,17227,2026-10-05T12:45:44,f19f6847070ad18ebfa49bfa21735083f62ec746004440e2f1479b3fddb40cb2,2,False,False,
original,03_Nature_Portfolio_Project,D:\OneDrive\桌面\论文\2027年投稿期刊\论文项目\07_JB医疗可达性_洪水扰动下交通-网络韧性与公平性_SCS_Natural_Hazards\GPT数据\Nature Portfolio_Project\01_前期数据支撑\11_D11_RESULTS_ARCHITECTURE\PACKAGES\D11_Final_Results_Architecture_FigureTable_Freeze_v1.0.zip,D:\OneDrive\桌面\论文\2027年投稿期刊\论文项目\07_JB医疗可达性_洪水扰动下交通-网络韧性与公平性_SCS_Natural_Hazards\GPT数据\Nature Portfolio_Project\01_前期数据支撑\11_D11_RESULTS_ARCHITECTURE\PACKAGES\D11_Final_Results_Architecture_FigureTable_Freeze_v1.0.zip,Nature Portfolio_Project\01_前期数据支撑\11_D11_RESULTS_ARCHITECTURE\PACKAGES\D11_Final_Results_Architecture_FigureTable_Freeze_v1.0.zip,D11_Final_Results_Architecture_FigureTable_Freeze_v1.0.zip,.zip,136719,2026-10-05T12:48:46,10e902a93f8ba3243930c3d1414fdf5a2f1db1dfd9768b763c51278183bb3f9d,1,True,False,
original,03_Nature_Portfolio_Project,D:\OneDrive\桌面\论文\2027年投稿期刊\论文项目\07_JB医疗可达性_洪水扰动下交通-网络韧性与公平性_SCS_Natural_Hazards\GPT数据\Nature Portfolio_Project\01_前期数据支撑\90_UNCLASSIFIED\COPY_MANIFEST.csv,D:\OneDrive\桌面\论文\2027年投稿期刊\论文项目\07_JB医疗可达性_洪水扰动下交通-网络韧性与公平性_SCS_Natural_Hazards\GPT数据\Nature Portfolio_Project\01_前期数据支撑\90_UNCLASSIFIED\COPY_MANIFEST.csv,Nature Portfolio_Project\01_前期数据支撑\90_UNCLASSIFIED\COPY_MANIFEST.csv,COPY_MANIFEST.csv,.csv,4019,2026-10-04T19:35:09,e215fe56b809ace701791c52c51a6fe373ee03fd4a6679b8a33dbffc7fa19ffb,1,False,False,
original,03_Nature_Portfolio_Project,D:\OneDrive\桌面\论文\2027年投稿期刊\论文项目\07_JB医疗可达性_洪水扰动下交通-网络韧性与公平性_SCS_Natural_Hazards\GPT数据\Nature Portfolio_Project\01_前期数据支撑\90_UNCLASSIFIED\COPY_SUMMARY.txt,D:\OneDrive\桌面\论文\2027年投稿期刊\论文项目\07_JB医疗可达性_洪水扰动下交通-网络韧性与公平性_SCS_Natural_Hazards\GPT数据\Nature Portfolio_Project\01_前期数据支撑\90_UNCLASSIFIED\COPY_SUMMARY.txt,Nature Portfolio_Project\01_前期数据支撑\90_UNCLASSIFIED\COPY_SUMMARY.txt,COPY_SUMMARY.txt,.txt,683,2026-10-04T19:35:09,3f568dc6c8cd6f2c485fba22dc2bdd7241ecbc52339b6f9ce1f349982c79919a,1,False,False,
original,03_Nature_Portfolio_Project,D:\OneDrive\桌面\论文\2027年投稿期刊\论文项目\07_JB医疗可达性_洪水扰动下交通-网络韧性与公平性_SCS_Natural_Hazards\GPT数据\Nature Portfolio_Project\01_前期数据支撑\90_UNCLASSIFIED\Project_Reorganization_20261004.txt,D:\OneDrive\桌面\论文\2027年投稿期刊\论文项目\07_JB医疗可达性_洪水扰动下交通-网络韧性与公平性_SCS_Natural_Hazards\GPT数据\Nature Portfolio_Project\01_前期数据支撑\90_UNCLASSIFIED\Project_Reorganization_20261004.txt,Nature Portfolio_Project\01_前期数据支撑\90_UNCLASSIFIED\Project_Reorganization_20261004.txt,Project_Reorganization_20261004.txt,.txt,1095,2026-10-04T19:32:41,de5b375268b6c3d00f3e84022dff741a537a452f3493650fa7ba4a111a32fa48,1,False,False,
original,03_Nature_Portfolio_Project,D:\OneDrive\桌面\论文\2027年投稿期刊\论文项目\07_JB医疗可达性_洪水扰动下交通-网络韧性与公平性_SCS_Natural_Hazards\GPT数据\Nature Portfolio_Project\01_前期数据支撑\91_INCOMPLETE_DOWNLOADS\mys_pop_2026_CN_100m_R2025A_v1.tif.crdownload,D:\OneDrive\桌面\论文\2027年投稿期刊\论文项目\07_JB医疗可达性_洪水扰动下交通-网络韧性与公平性_SCS_Natural_Hazards\GPT数据\Nature Portfolio_Project\01_前期数据支撑\91_INCOMPLETE_DOWNLOADS\mys_pop_2026_CN_100m_R2025A_v1.tif.crdownload,Nature Portfolio_Project\01_前期数据支撑\91_INCOMPLETE_DOWNLOADS\mys_pop_2026_CN_100m_R2025A_v1.tif.crdownload,mys_pop_2026_CN_100m_R2025A_v1.tif.crdownload,.crdownload,29310427,2026-10-04T20:15:41,a90d85dbdb0c3fe55cae1e352205fe1be8a277a2f7b0907e47dcebdb95f9e783,1,False,False,
original,03_Nature_Portfolio_Project,D:\OneDrive\桌面\论文\2027年投稿期刊\论文项目\07_JB医疗可达性_洪水扰动下交通-网络韧性与公平性_SCS_Natural_Hazards\GPT数据\Nature Portfolio_Project\01_前期数据支撑\99_DUPLICATES_REVIEW\ARCHIVE_MISSING_RECOVERY_BUNDLE_20261005.zip,D:\OneDrive\桌面\论文\2027年投稿期刊\论文项目\07_JB医疗可达性_洪水扰动下交通-网络韧性与公平性_SCS_Natural_Hazards\GPT数据\Nature Portfolio_Project\01_前期数据支撑\99_DUPLICATES_REVIEW\ARCHIVE_MISSING_RECOVERY_BUNDLE_20261005.zip,Nature Portfolio_Project\01_前期数据支撑\99_DUPLICATES_REVIEW\ARCHIVE_MISSING_RECOVERY_BUNDLE_20261005.zip,ARCHIVE_MISSING_RECOVERY_BUNDLE_20261005.zip,.zip,93672972,2026-10-05T14:41:28,2fc63964d411196705912b0dd77509b4d29c3023b735b2c20b98ae91bc37d815,1,True,False,
original,03_Nature_Portfolio_Project,D:\OneDrive\桌面\论文\2027年投稿期刊\论文项目\07_JB医疗可达性_洪水扰动下交通-网络韧性与公平性_SCS_Natural_Hazards\GPT数据\Nature Portfolio_Project\01_前期数据支撑\99_DUPLICATES_REVIEW\D05C_Used_Access_Road_Segments_RSO (1).gpkg,D:\OneDrive\桌面\论文\2027年投稿期刊\论文项目\07_JB医疗可达性_洪水扰动下交通-网络韧性与公平性_SCS_Natural_Hazards\GPT数据\Nature Portfolio_Project\01_前期数据支撑\99_DUPLICATES_REVIEW\D05C_Used_Access_Road_Segments_RSO (1).gpkg,Nature Portfolio_Project\01_前期数据支撑\99_DUPLICATES_REVIEW\D05C_Used_Access_Road_Segments_RSO (1).gpkg,D05C_Used_Access_Road_Segments_RSO (1).gpkg,.gpkg,10231808,2026-10-04T21:14:59,cb04d22fa6901f55fa68cb859f6f32fdaaba86d4299f2d485aac6f45a9db669e,1,False,False,
original,03_Nature_Portfolio_Project,D:\OneDrive\桌面\论文\2027年投稿期刊\论文项目\07_JB医疗可达性_洪水扰动下交通-网络韧性与公平性_SCS_Natural_Hazards\GPT数据\Nature Portfolio_Project\01_前期数据支撑\99_DUPLICATES_REVIEW\D06_Routing_Graph_Nodes (1).csv.gz,D:\OneDrive\桌面\论文\2027年投稿期刊\论文项目\07_JB医疗可达性_洪水扰动下交通-网络韧性与公平性_SCS_Natural_Hazards\GPT数据\Nature Portfolio_Project\01_前期数据支撑\99_DUPLICATES_REVIEW\D06_Routing_Graph_Nodes (1).csv.gz,Nature Portfolio_Project\01_前期数据支撑\99_DUPLICATES_REVIEW\D06_Routing_Graph_Nodes (1).csv.gz,D06_Routing_Graph_Nodes (1).csv.gz,.csv.gz,3779587,2026-10-04T23:26:45,d100655e767ef3a449ce995009e666aa24db2e39a58284619b0251e1adc9c766,1,True,False,
original,03_Nature_Portfolio_Project,D:\OneDrive\桌面\论文\2027年投稿期刊\论文项目\07_JB医疗可达性_洪水扰动下交通-网络韧性与公平性_SCS_Natural_Hazards\GPT数据\Nature Portfolio_Project\01_前期数据支撑\99_DUPLICATES_REVIEW\JB_Baseline_Healthcare_Accessibility_RSO (1).gpkg,D:\OneDrive\桌面\论文\2027年投稿期刊\论文项目\07_JB医疗可达性_洪水扰动下交通-网络韧性与公平性_SCS_Natural_Hazards\GPT数据\Nature Portfolio_Project\01_前期数据支撑\99_DUPLICATES_REVIEW\JB_Baseline_Healthcare_Accessibility_RSO (1).gpkg,Nature Portfolio_Project\01_前期数据支撑\99_DUPLICATES_REVIEW\JB_Baseline_Healthcare_Accessibility_RSO (1).gpkg,JB_Baseline_Healthcare_Accessibility_RSO (1).gpkg,.gpkg,48787456,2026-10-04T23:26:27,8add70561c72aa9b2610fb9a70e9833f57d5c5183aa634623c8aa1aefec28401,2,False,False,
original,03_Nature_Portfolio_Project,D:\OneDrive\桌面\论文\2027年投稿期刊\论文项目\07_JB医疗可达性_洪水扰动下交通-网络韧性与公平性_SCS_Natural_Hazards\GPT数据\Nature Portfolio_Project\01_前期数据支撑\ScientificReports_JB_Flood_Healthcare_Accessibility\.gitignore,D:\OneDrive\桌面\论文\2027年投稿期刊\论文项目\07_JB医疗可达性_洪水扰动下交通-网络韧性与公平性_SCS_Natural_Hazards\GPT数据\Nature Portfolio_Project\01_前期数据支撑\ScientificReports_JB_Flood_Healthcare_Accessibility\.gitignore,Nature Portfolio_Project\01_前期数据支撑\ScientificReports_JB_Flood_Healthcare_Accessibility\.gitignore,.gitignore,,467,2026-10-05T15:16:21,d4d710614457a5d02e6a420aa8ec395c8eac2051c71ea420d93cf45025b4b5d9,1,False,False,
original,03_Nature_Portfolio_Project,D:\OneDrive\桌面\论文\2027年投稿期刊\论文项目\07_JB医疗可达性_洪水扰动下交通-网络韧性与公平性_SCS_Natural_Hazards\GPT数据\Nature Portfolio_Project\01_前期数据支撑\ScientificReports_JB_Flood_Healthcare_Accessibility\CITATION.cff,D:\OneDrive\桌面\论文\2027年投稿期刊\论文项目\07_JB医疗可达性_洪水扰动下交通-网络韧性与公平性_SCS_Natural_Hazards\GPT数据\Nature Portfolio_Project\01_前期数据支撑\ScientificReports_JB_Flood_Healthcare_Accessibility\CITATION.cff,Nature Portfolio_Project\01_前期数据支撑\ScientificReports_JB_Flood_Healthcare_Accessibility\CITATION.cff,CITATION.cff,.cff,390,2026-10-05T15:16:21,a9a5282127f64ec4563bc68699319e9402a8624ea2c33931baf20da0affdc395,1,False,False,
original,03_Nature_Portfolio_Project,D:\OneDrive\桌面\论文\2027年投稿期刊\论文项目\07_JB医疗可达性_洪水扰动下交通-网络韧性与公平性_SCS_Natural_Hazards\GPT数据\Nature Portfolio_Project\01_前期数据支撑\ScientificReports_JB_Flood_Healthcare_Accessibility\DATA_AVAILABILITY.md,D:\OneDrive\桌面\论文\2027年投稿期刊\论文项目\07_JB医疗可达性_洪水扰动下交通-网络韧性与公平性_SCS_Natural_Hazards\GPT数据\Nature Portfolio_Project\01_前期数据支撑\ScientificReports_JB_Flood_Healthcare_Accessibility\DATA_AVAILABILITY.md,Nature Portfolio_Project\01_前期数据支撑\ScientificReports_JB_Flood_Healthcare_Accessibility\DATA_AVAILABILITY.md,DATA_AVAILABILITY.md,.md,1035,2026-10-05T15:16:21,fe77bfdb5ed6b2398e35ccc58f4ee98d67a7092aab49c4b47aed836baef7b404,1,False,False,
original,03_Nature_Portfolio_Project,D:\OneDrive\桌面\论文\2027年投稿期刊\论文项目\07_JB医疗可达性_洪水扰动下交通-网络韧性与公平性_SCS_Natural_Hazards\GPT数据\Nature Portfolio_Project\01_前期数据支撑\ScientificReports_JB_Flood_Healthcare_Accessibility\LICENSE_PENDING.md,D:\OneDrive\桌面\论文\2027年投稿期刊\论文项目\07_JB医疗可达性_洪水扰动下交通-网络韧性与公平性_SCS_Natural_Hazards\GPT数据\Nature Portfolio_Project\01_前期数据支撑\ScientificReports_JB_Flood_Healthcare_Accessibility\LICENSE_PENDING.md,Nature Portfolio_Project\01_前期数据支撑\ScientificReports_JB_Flood_Healthcare_Accessibility\LICENSE_PENDING.md,LICENSE_PENDING.md,.md,222,2026-10-05T15:16:21,a9622cd4a04a9c947ebb3a0544161c35f81d9058d8815540a483fc8f6e5c4d70,1,False,False,
original,03_Nature_Portfolio_Project,D:\OneDrive\桌面\论文\2027年投稿期刊\论文项目\07_JB医疗可达性_洪水扰动下交通-网络韧性与公平性_SCS_Natural_Hazards\GPT数据\Nature Portfolio_Project\01_前期数据支撑\ScientificReports_JB_Flood_Healthcare_Accessibility\README.md,D:\OneDrive\桌面\论文\2027年投稿期刊\论文项目\07_JB医疗可达性_洪水扰动下交通-网络韧性与公平性_SCS_Natural_Hazards\GPT数据\Nature Portfolio_Project\01_前期数据支撑\ScientificReports_JB_Flood_Healthcare_Accessibility\README.md,Nature Portfolio_Project\01_前期数据支撑\ScientificReports_JB_Flood_Healthcare_Accessibility\README.md,README.md,.md,3395,2026-10-05T15:16:21,b43ddbcbe50966c9316e29a894add20ec928deadaad291e73de1e65d7894557a,4,False,False,
original,03_Nature_Portfolio_Project,D:\OneDrive\桌面\论文\2027年投稿期刊\论文项目\07_JB医疗可达性_洪水扰动下交通-网络韧性与公平性_SCS_Natural_Hazards\GPT数据\Nature Portfolio_Project\01_前期数据支撑\ScientificReports_JB_Flood_Healthcare_Accessibility\REPOSITORY_FREEZE_20261005.txt,D:\OneDrive\桌面\论文\2027年投稿期刊\论文项目\07_JB医疗可达性_洪水扰动下交通-网络韧性与公平性_SCS_Natural_Hazards\GPT数据\Nature Portfolio_Project\01_前期数据支撑\ScientificReports_JB_Flood_Healthcare_Accessibility\REPOSITORY_FREEZE_20261005.txt,Nature Portfolio_Project\01_前期数据支撑\ScientificReports_JB_Flood_Healthcare_Accessibility\REPOSITORY_FREEZE_20261005.txt,REPOSITORY_FREEZE_20261005.txt,.txt,534,2026-10-05T15:16:21,0669a9984a8dfb490667090788ed6ee911a831fb547e6b9fd3c964c3d230c208,1,False,False,
original,03_Nature_Portfolio_Project,D:\OneDrive\桌面\论文\2027年投稿期刊\论文项目\07_JB医疗可达性_洪水扰动下交通-网络韧性与公平性_SCS_Natural_Hazards\GPT数据\Nature Portfolio_Project\01_前期数据支撑\ScientificReports_JB_Flood_Healthcare_Accessibility\REPOSITORY_SIZE_WARNING.md,D:\OneDrive\桌面\论文\2027年投稿期刊\论文项目\07_JB医疗可达性_洪水扰动下交通-网络韧性与公平性_SCS_Natural_Hazards\GPT数据\Nature Portfolio_Project\01_前期数据支撑\ScientificReports_JB_Flood_Healthcare_Accessibility\REPOSITORY_SIZE_WARNING.md,Nature Portfolio_Project\01_前期数据支撑\ScientificReports_JB_Flood_Healthcare_Accessibility\REPOSITORY_SIZE_WARNING.md,REPOSITORY_SIZE_WARNING.md,.md,1506,2026-10-05T15:16:21,ba766b616a6fb15d692318376653e4330a90528ff5398bf631e90b62efc9cbf5,1,False,False,
original,03_Nature_Portfolio_Project,D:\OneDrive\桌面\论文\2027年投稿期刊\论文项目\07_JB医疗可达性_洪水扰动下交通-网络韧性与公平性_SCS_Natural_Hazards\GPT数据\Nature Portfolio_Project\01_前期数据支撑\ScientificReports_JB_Flood_Healthcare_Accessibility\REPOSITORY_STRUCTURE.md,D:\OneDrive\桌面\论文\2027年投稿期刊\论文项目\07_JB医疗可达性_洪水扰动下交通-网络韧性与公平性_SCS_Natural_Hazards\GPT数据\Nature Portfolio_Project\01_前期数据支撑\ScientificReports_JB_Flood_Healthcare_Accessibility\REPOSITORY_STRUCTURE.md,Nature Portfolio_Project\01_前期数据支撑\ScientificReports_JB_Flood_Healthcare_Accessibility\REPOSITORY_STRUCTURE.md,REPOSITORY_STRUCTURE.md,.md,904,2026-10-05T15:16:21,8f8640e32ccfdc4e26b06aeaaf5af2e10ffc6a07686e7b9b005c704a5bd1fb82,1,False,False,
original,03_Nature_Portfolio_Project,D:\OneDrive\桌面\论文\2027年投稿期刊\论文项目\07_JB医疗可达性_洪水扰动下交通-网络韧性与公平性_SCS_Natural_Hazards\GPT数据\Nature Portfolio_Project\01_前期数据支撑\ScientificReports_JB_Flood_Healthcare_Accessibility\code\PLACEHOLDER_CODE_AVAILABILITY.md,D:\OneDrive\桌面\论文\2027年投稿期刊\论文项目\07_JB医疗可达性_洪水扰动下交通-网络韧性与公平性_SCS_Natural_Hazards\GPT数据\Nature Portfolio_Project\01_前期数据支撑\ScientificReports_JB_Flood_Healthcare_Accessibility\code\PLACEHOLDER_CODE_AVAILABILITY.md,Nature Portfolio_Project\01_前期数据支撑\ScientificReports_JB_Flood_Healthcare_Accessibility\code\PLACEHOLDER_CODE_AVAILABILITY.md,PLACEHOLDER_CODE_AVAILABILITY.md,.md,207,2026-10-05T15:16:21,690aa7253775dcab010579392d842e2be82664cd8a1537473369d517fc850b03,1,False,False,
original,03_Nature_Portfolio_Project,D:\OneDrive\桌面\论文\2027年投稿期刊\论文项目\07_JB医疗可达性_洪水扰动下交通-网络韧性与公平性_SCS_Natural_Hazards\GPT数据\Nature Portfolio_Project\01_前期数据支撑\ScientificReports_JB_Flood_Healthcare_Accessibility\code\README.md,D:\OneDrive\桌面\论文\2027年投稿期刊\论文项目\07_JB医疗可达性_洪水扰动下交通-网络韧性与公平性_SCS_Natural_Hazards\GPT数据\Nature Portfolio_Project\01_前期数据支撑\ScientificReports_JB_Flood_Healthcare_Accessibility\code\README.md,Nature Portfolio_Project\01_前期数据支撑\ScientificReports_JB_Flood_Healthcare_Accessibility\code\README.md,README.md,.md,159,2026-10-05T15:16:21,4dd9786e78286a1a8862d1e23727ce05ecaf2366861f785b080cbff713e4fa78,4,False,False,
original,03_Nature_Portfolio_Project,D:\OneDrive\桌面\论文\2027年投稿期刊\论文项目\07_JB医疗可达性_洪水扰动下交通-网络韧性与公平性_SCS_Natural_Hazards\GPT数据\Nature Portfolio_Project\01_前期数据支撑\ScientificReports_JB_Flood_Healthcare_Accessibility\data\healthcare\D04A1_Public_Healthcare_Facilities.csv,D:\OneDrive\桌面\论文\2027年投稿期刊\论文项目\07_JB医疗可达性_洪水扰动下交通-网络韧性与公平性_SCS_Natural_Hazards\GPT数据\Nature Portfolio_Project\01_前期数据支撑\ScientificReports_JB_Flood_Healthcare_Accessibility\data\healthcare\D04A1_Public_Healthcare_Facilities.csv,Nature Portfolio_Project\01_前期数据支撑\ScientificReports_JB_Flood_Healthcare_Accessibility\data\healthcare\D04A1_Public_Healthcare_Facilities.csv,D04A1_Public_Healthcare_Facilities.csv,.csv,10423,2026-10-05T06:19:12,2f1daff2620d81e228561f594f609d758282c6f7c35f9ff9f41a4e1e9afb78ce,1,False,False,
original,03_Nature_Portfolio_Project,D:\OneDrive\桌面\论文\2027年投稿期刊\论文项目\07_JB医疗可达性_洪水扰动下交通-网络韧性与公平性_SCS_Natural_Hazards\GPT数据\Nature Portfolio_Project\01_前期数据支撑\ScientificReports_JB_Flood_Healthcare_Accessibility\data\healthcare\D04A2_Community_Healthcare_Facilities.csv,D:\OneDrive\桌面\论文\2027年投稿期刊\论文项目\07_JB医疗可达性_洪水扰动下交通-网络韧性与公平性_SCS_Natural_Hazards\GPT数据\Nature Portfolio_Project\01_前期数据支撑\ScientificReports_JB_Flood_Healthcare_Accessibility\data\healthcare\D04A2_Community_Healthcare_Facilities.csv,Nature Portfolio_Project\01_前期数据支撑\ScientificReports_JB_Flood_Healthcare_Accessibility\data\healthcare\D04A2_Community_Healthcare_Facilities.csv,D04A2_Community_Healthcare_Facilities.csv,.csv,12806,2026-10-05T06:19:12,692068b5d40ce4f946a03717951337e0e94f5c079e75b82a320413b26a54fb67,1,False,False,
original,03_Nature_Portfolio_Project,D:\OneDrive\桌面\论文\2027年投稿期刊\论文项目\07_JB医疗可达性_洪水扰动下交通-网络韧性与公平性_SCS_Natural_Hazards\GPT数据\Nature Portfolio_Project\01_前期数据支撑\ScientificReports_JB_Flood_Healthcare_Accessibility\data\healthcare\D04B_Private_Hospitals_Core.csv,D:\OneDrive\桌面\论文\2027年投稿期刊\论文项目\07_JB医疗可达性_洪水扰动下交通-网络韧性与公平性_SCS_Natural_Hazards\GPT数据\Nature Portfolio_Project\01_前期数据支撑\ScientificReports_JB_Flood_Healthcare_Accessibility\data\healthcare\D04B_Private_Hospitals_Core.csv,Nature Portfolio_Project\01_前期数据支撑\ScientificReports_JB_Flood_Healthcare_Accessibility\data\healthcare\D04B_Private_Hospitals_Core.csv,D04B_Private_Hospitals_Core.csv,.csv,8297,2026-10-04T20:05:25,ba9ba6b1c78dcf9344387cdcae61a57febf1b84eae2e4ab253453ee8290440ba,2,False,False,
original,03_Nature_Portfolio_Project,D:\OneDrive\桌面\论文\2027年投稿期刊\论文项目\07_JB医疗可达性_洪水扰动下交通-网络韧性与公平性_SCS_Natural_Hazards\GPT数据\Nature Portfolio_Project\01_前期数据支撑\ScientificReports_JB_Flood_Healthcare_Accessibility\data\healthcare\D04C_Healthcare_Master.csv,D:\OneDrive\桌面\论文\2027年投稿期刊\论文项目\07_JB医疗可达性_洪水扰动下交通-网络韧性与公平性_SCS_Natural_Hazards\GPT数据\Nature Portfolio_Project\01_前期数据支撑\ScientificReports_JB_Flood_Healthcare_Accessibility\data\healthcare\D04C_Healthcare_Master.csv,Nature Portfolio_Project\01_前期数据支撑\ScientificReports_JB_Flood_Healthcare_Accessibility\data\healthcare\D04C_Healthcare_Master.csv,D04C_Healthcare_Master.csv,.csv,27155,2026-10-04T20:10:18,c0cc89bfe1c3d46c33e270318cacf01f7c83b97224d387cc8d37c57ef2854a82,2,False,False,
original,03_Nature_Portfolio_Project,D:\OneDrive\桌面\论文\2027年投稿期刊\论文项目\07_JB医疗可达性_洪水扰动下交通-网络韧性与公平性_SCS_Natural_Hazards\GPT数据\Nature Portfolio_Project\01_前期数据支撑\ScientificReports_JB_Flood_Healthcare_Accessibility\data\population\D04C_Hospital_Network_Access_Points.csv,D:\OneDrive\桌面\论文\2027年投稿期刊\论文项目\07_JB医疗可达性_洪水扰动下交通-网络韧性与公平性_SCS_Natural_Hazards\GPT数据\Nature Portfolio_Project\01_前期数据支撑\ScientificReports_JB_Flood_Healthcare_Accessibility\data\population\D04C_Hospital_Network_Access_Points.csv,Nature Portfolio_Project\01_前期数据支撑\ScientificReports_JB_Flood_Healthcare_Accessibility\data\population\D04C_Hospital_Network_Access_Points.csv,D04C_Hospital_Network_Access_Points.csv,.csv,12058,2026-10-04T20:10:19,2be20888c1cd81e1de0e3cec5bc264c16774514fa62f0b69c37136707d338c5a,2,False,False,
original,03_Nature_Portfolio_Project,D:\OneDrive\桌面\论文\2027年投稿期刊\论文项目\07_JB医疗可达性_洪水扰动下交通-网络韧性与公平性_SCS_Natural_Hazards\GPT数据\Nature Portfolio_Project\01_前期数据支撑\ScientificReports_JB_Flood_Healthcare_Accessibility\data\population\D05A_WorldPop_Origins.csv,D:\OneDrive\桌面\论文\2027年投稿期刊\论文项目\07_JB医疗可达性_洪水扰动下交通-网络韧性与公平性_SCS_Natural_Hazards\GPT数据\Nature Portfolio_Project\01_前期数据支撑\ScientificReports_JB_Flood_Healthcare_Accessibility\data\population\D05A_WorldPop_Origins.csv,Nature Portfolio_Project\01_前期数据支撑\ScientificReports_JB_Flood_Healthcare_Accessibility\data\population\D05A_WorldPop_Origins.csv,D05A_WorldPop_Origins.csv,.csv,14136647,2026-10-04T20:25:38,12d022450b11fff6a0916cfec80a5a1f8c865ce9d55557294d75cb70675bdf42,2,False,False,
original,03_Nature_Portfolio_Project,D:\OneDrive\桌面\论文\2027年投稿期刊\论文项目\07_JB医疗可达性_洪水扰动下交通-网络韧性与公平性_SCS_Natural_Hazards\GPT数据\Nature Portfolio_Project\01_前期数据支撑\ScientificReports_JB_Flood_Healthcare_Accessibility\data\population\D05C_WorldPop_Origins_RoadSnap.csv,D:\OneDrive\桌面\论文\2027年投稿期刊\论文项目\07_JB医疗可达性_洪水扰动下交通-网络韧性与公平性_SCS_Natural_Hazards\GPT数据\Nature Portfolio_Project\01_前期数据支撑\ScientificReports_JB_Flood_Healthcare_Accessibility\data\population\D05C_WorldPop_Origins_RoadSnap.csv,Nature Portfolio_Project\01_前期数据支撑\ScientificReports_JB_Flood_Healthcare_Accessibility\data\population\D05C_WorldPop_Origins_RoadSnap.csv,D05C_WorldPop_Origins_RoadSnap.csv,.csv,32162081,2026-10-04T21:14:12,6fadf8c7449ade7f02e3b2ff255d0439a10e0b9826ee3900a75f58342f2fbd13,2,False,False,
original,03_Nature_Portfolio_Project,D:\OneDrive\桌面\论文\2027年投稿期刊\论文项目\07_JB医疗可达性_洪水扰动下交通-网络韧性与公平性_SCS_Natural_Hazards\GPT数据\Nature Portfolio_Project\01_前期数据支撑\ScientificReports_JB_Flood_Healthcare_Accessibility\data\routing\D06_Baseline_Healthcare_Accessibility_Origins.csv,D:\OneDrive\桌面\论文\2027年投稿期刊\论文项目\07_JB医疗可达性_洪水扰动下交通-网络韧性与公平性_SCS_Natural_Hazards\GPT数据\Nature Portfolio_Project\01_前期数据支撑\ScientificReports_JB_Flood_Healthcare_Accessibility\data\routing\D06_Baseline_Healthcare_Accessibility_Origins.csv,Nature Portfolio_Project\01_前期数据支撑\ScientificReports_JB_Flood_Healthcare_Accessibility\data\routing\D06_Baseline_Healthcare_Accessibility_Origins.csv,D06_Baseline_Healthcare_Accessibility_Origins.csv,.csv,51394197,2026-10-04T23:25:42,b67b2d3ecd115ef020837bac4b0784eaaa3cc13cedd9c1e1919c0a8f84042332,2,False,False,
original,03_Nature_Portfolio_Project,D:\OneDrive\桌面\论文\2027年投稿期刊\论文项目\07_JB医疗可达性_洪水扰动下交通-网络韧性与公平性_SCS_Natural_Hazards\GPT数据\Nature Portfolio_Project\01_前期数据支撑\ScientificReports_JB_Flood_Healthcare_Accessibility\data\routing\D06_Hospital_Access_to_RoutingGraph_Mapping.csv,D:\OneDrive\桌面\论文\2027年投稿期刊\论文项目\07_JB医疗可达性_洪水扰动下交通-网络韧性与公平性_SCS_Natural_Hazards\GPT数据\Nature Portfolio_Project\01_前期数据支撑\ScientificReports_JB_Flood_Healthcare_Accessibility\data\routing\D06_Hospital_Access_to_RoutingGraph_Mapping.csv,Nature Portfolio_Project\01_前期数据支撑\ScientificReports_JB_Flood_Healthcare_Accessibility\data\routing\D06_Hospital_Access_to_RoutingGraph_Mapping.csv,D06_Hospital_Access_to_RoutingGraph_Mapping.csv,.csv,2474,2026-10-05T06:19:14,85ef25848d96ddaddefce91ca560d49ffb00d1e6ebe91faf0acdc290ba17b6aa,1,False,False,
original,03_Nature_Portfolio_Project,D:\OneDrive\桌面\论文\2027年投稿期刊\论文项目\07_JB医疗可达性_洪水扰动下交通-网络韧性与公平性_SCS_Natural_Hazards\GPT数据\Nature Portfolio_Project\01_前期数据支撑\ScientificReports_JB_Flood_Healthcare_Accessibility\data\routing\D06_ORIGINAL_DEPRECATED_FOR_SCIENTIFIC_COMPARISON.txt,D:\OneDrive\桌面\论文\2027年投稿期刊\论文项目\07_JB医疗可达性_洪水扰动下交通-网络韧性与公平性_SCS_Natural_Hazards\GPT数据\Nature Portfolio_Project\01_前期数据支撑\ScientificReports_JB_Flood_Healthcare_Accessibility\data\routing\D06_ORIGINAL_DEPRECATED_FOR_SCIENTIFIC_COMPARISON.txt,Nature Portfolio_Project\01_前期数据支撑\ScientificReports_JB_Flood_Healthcare_Accessibility\data\routing\D06_ORIGINAL_DEPRECATED_FOR_SCIENTIFIC_COMPARISON.txt,D06_ORIGINAL_DEPRECATED_FOR_SCIENTIFIC_COMPARISON.txt,.txt,54,2026-10-05T14:58:27,a21f8a9b16aded1fd23fe094c56f5b50ffd13234396946b45a2f6aa276de9010,1,False,False,
original,03_Nature_Portfolio_Project,D:\OneDrive\桌面\论文\2027年投稿期刊\论文项目\07_JB医疗可达性_洪水扰动下交通-网络韧性与公平性_SCS_Natural_Hazards\GPT数据\Nature Portfolio_Project\01_前期数据支撑\ScientificReports_JB_Flood_Healthcare_Accessibility\data\routing\D06_Origin_Access_to_RoutingGraph_Mapping.csv,D:\OneDrive\桌面\论文\2027年投稿期刊\论文项目\07_JB医疗可达性_洪水扰动下交通-网络韧性与公平性_SCS_Natural_Hazards\GPT数据\Nature Portfolio_Project\01_前期数据支撑\ScientificReports_JB_Flood_Healthcare_Accessibility\data\routing\D06_Origin_Access_to_RoutingGraph_Mapping.csv,Nature Portfolio_Project\01_前期数据支撑\ScientificReports_JB_Flood_Healthcare_Accessibility\data\routing\D06_Origin_Access_to_RoutingGraph_Mapping.csv,D06_Origin_Access_to_RoutingGraph_Mapping.csv,.csv,9068110,2026-10-05T06:19:14,53e658ff94468c9e86b6a4f5853fb01e51908fe5d9a5d67800440d67df44201b,1,False,False,
original,03_Nature_Portfolio_Project,D:\OneDrive\桌面\论文\2027年投稿期刊\论文项目\07_JB医疗可达性_洪水扰动下交通-网络韧性与公平性_SCS_Natural_Hazards\GPT数据\Nature Portfolio_Project\01_前期数据支撑\ScientificReports_JB_Flood_Healthcare_Accessibility\data\routing\D06_Reference_Speed_Model.csv,D:\OneDrive\桌面\论文\2027年投稿期刊\论文项目\07_JB医疗可达性_洪水扰动下交通-网络韧性与公平性_SCS_Natural_Hazards\GPT数据\Nature Portfolio_Project\01_前期数据支撑\ScientificReports_JB_Flood_Healthcare_Accessibility\data\routing\D06_Reference_Speed_Model.csv,Nature Portfolio_Project\01_前期数据支撑\ScientificReports_JB_Flood_Healthcare_Accessibility\data\routing\D06_Reference_Speed_Model.csv,D06_Reference_Speed_Model.csv,.csv,167,2026-10-04T23:25:45,ffb145e529d9d7516af6f466e338d2201bd4c164014f4c3f3b75dbdc040d4a7e,2,False,False,
original,03_Nature_Portfolio_Project,D:\OneDrive\桌面\论文\2027年投稿期刊\论文项目\07_JB医疗可达性_洪水扰动下交通-网络韧性与公平性_SCS_Natural_Hazards\GPT数据\Nature Portfolio_Project\01_前期数据支撑\ScientificReports_JB_Flood_Healthcare_Accessibility\data\routing\jcr_journal_baseline_2026.json,D:\OneDrive\桌面\论文\2027年投稿期刊\论文项目\07_JB医疗可达性_洪水扰动下交通-网络韧性与公平性_SCS_Natural_Hazards\GPT数据\Nature Portfolio_Project\01_前期数据支撑\ScientificReports_JB_Flood_Healthcare_Accessibility\data\routing\jcr_journal_baseline_2026.json,Nature Portfolio_Project\01_前期数据支撑\ScientificReports_JB_Flood_Healthcare_Accessibility\data\routing\jcr_journal_baseline_2026.json,jcr_journal_baseline_2026.json,.json,7525,2026-10-05T14:14:01,ec8873f8f0dc33a79a0f980891ff365ff0050bfd0fabad68fa207c211afcd809,1,False,False,
original,03_Nature_Portfolio_Project,D:\OneDrive\桌面\论文\2027年投稿期刊\论文项目\07_JB医疗可达性_洪水扰动下交通-网络韧性与公平性_SCS_Natural_Hazards\GPT数据\Nature Portfolio_Project\01_前期数据支撑\ScientificReports_JB_Flood_Healthcare_Accessibility\data\terrain\D03C2_Road_Terrain_Metrics.csv,D:\OneDrive\桌面\论文\2027年投稿期刊\论文项目\07_JB医疗可达性_洪水扰动下交通-网络韧性与公平性_SCS_Natural_Hazards\GPT数据\Nature Portfolio_Project\01_前期数据支撑\ScientificReports_JB_Flood_Healthcare_Accessibility\data\terrain\D03C2_Road_Terrain_Metrics.csv,Nature Portfolio_Project\01_前期数据支撑\ScientificReports_JB_Flood_Healthcare_Accessibility\data\terrain\D03C2_Road_Terrain_Metrics.csv,D03C2_Road_Terrain_Metrics.csv,.csv,26935634,2026-10-04T19:45:05,0d8baae7b23d10b4ac325bad205af17f266059b11ba17064cc1ced312194f04b,2,False,False,
original,03_Nature_Portfolio_Project,D:\OneDrive\桌面\论文\2027年投稿期刊\论文项目\07_JB医疗可达性_洪水扰动下交通-网络韧性与公平性_SCS_Natural_Hazards\GPT数据\Nature Portfolio_Project\01_前期数据支撑\ScientificReports_JB_Flood_Healthcare_Accessibility\data\terrain\D03C2_Terrain_Coverage_Issues.csv,D:\OneDrive\桌面\论文\2027年投稿期刊\论文项目\07_JB医疗可达性_洪水扰动下交通-网络韧性与公平性_SCS_Natural_Hazards\GPT数据\Nature Portfolio_Project\01_前期数据支撑\ScientificReports_JB_Flood_Healthcare_Accessibility\data\terrain\D03C2_Terrain_Coverage_Issues.csv,Nature Portfolio_Project\01_前期数据支撑\ScientificReports_JB_Flood_Healthcare_Accessibility\data\terrain\D03C2_Terrain_Coverage_Issues.csv,D03C2_Terrain_Coverage_Issues.csv,.csv,18740,2026-10-04T19:45:02,fd3a93d70d52a0024a63cb8fe328244ce0f33ad2bde7b92a58a738e490eca238,2,False,False,
original,03_Nature_Portfolio_Project,D:\OneDrive\桌面\论文\2027年投稿期刊\论文项目\07_JB医疗可达性_洪水扰动下交通-网络韧性与公平性_SCS_Natural_Hazards\GPT数据\Nature Portfolio_Project\01_前期数据支撑\ScientificReports_JB_Flood_Healthcare_Accessibility\docs\D11_Results_Section_Architecture.md,D:\OneDrive\桌面\论文\2027年投稿期刊\论文项目\07_JB医疗可达性_洪水扰动下交通-网络韧性与公平性_SCS_Natural_Hazards\GPT数据\Nature Portfolio_Project\01_前期数据支撑\ScientificReports_JB_Flood_Healthcare_Accessibility\docs\D11_Results_Section_Architecture.md,Nature Portfolio_Project\01_前期数据支撑\ScientificReports_JB_Flood_Healthcare_Accessibility\docs\D11_Results_Section_Architecture.md,D11_Results_Section_Architecture.md,.md,2738,2026-10-05T06:19:14,cd3612711286f9a74883cbfcfdfbd92cd96745a75c1b6d9b6a0531f33711645f,1,False,False,
original,03_Nature_Portfolio_Project,D:\OneDrive\桌面\论文\2027年投稿期刊\论文项目\07_JB医疗可达性_洪水扰动下交通-网络韧性与公平性_SCS_Natural_Hazards\GPT数据\Nature Portfolio_Project\01_前期数据支撑\ScientificReports_JB_Flood_Healthcare_Accessibility\docs\KNOWN_LIMITATIONS.md,D:\OneDrive\桌面\论文\2027年投稿期刊\论文项目\07_JB医疗可达性_洪水扰动下交通-网络韧性与公平性_SCS_Natural_Hazards\GPT数据\Nature Portfolio_Project\01_前期数据支撑\ScientificReports_JB_Flood_Healthcare_Accessibility\docs\KNOWN_LIMITATIONS.md,Nature Portfolio_Project\01_前期数据支撑\ScientificReports_JB_Flood_Healthcare_Accessibility\docs\KNOWN_LIMITATIONS.md,KNOWN_LIMITATIONS.md,.md,493,2026-10-05T15:16:21,f2e7f4246c2ead7c9dd7c2fa4237e86f358c8fca103a93f30d87b4fb11eabeb4,1,False,False,
original,03_Nature_Portfolio_Project,D:\OneDrive\桌面\论文\2027年投稿期刊\论文项目\07_JB医疗可达性_洪水扰动下交通-网络韧性与公平性_SCS_Natural_Hazards\GPT数据\Nature Portfolio_Project\01_前期数据支撑\ScientificReports_JB_Flood_Healthcare_Accessibility\docs\METHODS_DATA_PIPELINE.md,D:\OneDrive\桌面\论文\2027年投稿期刊\论文项目\07_JB医疗可达性_洪水扰动下交通-网络韧性与公平性_SCS_Natural_Hazards\GPT数据\Nature Portfolio_Project\01_前期数据支撑\ScientificReports_JB_Flood_Healthcare_Accessibility\docs\METHODS_DATA_PIPELINE.md,Nature Portfolio_Project\01_前期数据支撑\ScientificReports_JB_Flood_Healthcare_Accessibility\docs\METHODS_DATA_PIPELINE.md,METHODS_DATA_PIPELINE.md,.md,527,2026-10-05T15:16:21,8833e0ca228246434afdec152109877a83feeb02dcf5a34a8e18ca5eb9c849ed,1,False,False,
original,03_Nature_Portfolio_Project,D:\OneDrive\桌面\论文\2027年投稿期刊\论文项目\07_JB医疗可达性_洪水扰动下交通-网络韧性与公平性_SCS_Natural_Hazards\GPT数据\Nature Portfolio_Project\01_前期数据支撑\ScientificReports_JB_Flood_Healthcare_Accessibility\docs\REPRODUCIBILITY_NOTES.md,D:\OneDrive\桌面\论文\2027年投稿期刊\论文项目\07_JB医疗可达性_洪水扰动下交通-网络韧性与公平性_SCS_Natural_Hazards\GPT数据\Nature Portfolio_Project\01_前期数据支撑\ScientificReports_JB_Flood_Healthcare_Accessibility\docs\REPRODUCIBILITY_NOTES.md,Nature Portfolio_Project\01_前期数据支撑\ScientificReports_JB_Flood_Healthcare_Accessibility\docs\REPRODUCIBILITY_NOTES.md,REPRODUCIBILITY_NOTES.md,.md,603,2026-10-05T15:16:21,89666e0a4118f52bcc51984fe8410d8b8ea28e4059350a3c417ea46bdf7a1c3b,1,False,False,
original,03_Nature_Portfolio_Project,D:\OneDrive\桌面\论文\2027年投稿期刊\论文项目\07_JB医疗可达性_洪水扰动下交通-网络韧性与公平性_SCS_Natural_Hazards\GPT数据\Nature Portfolio_Project\01_前期数据支撑\ScientificReports_JB_Flood_Healthcare_Accessibility\external_data\EXTERNAL_DATA_MANIFEST.csv,D:\OneDrive\桌面\论文\2027年投稿期刊\论文项目\07_JB医疗可达性_洪水扰动下交通-网络韧性与公平性_SCS_Natural_Hazards\GPT数据\Nature Portfolio_Project\01_前期数据支撑\ScientificReports_JB_Flood_Healthcare_Accessibility\external_data\EXTERNAL_DATA_MANIFEST.csv,Nature Portfolio_Project\01_前期数据支撑\ScientificReports_JB_Flood_Healthcare_Accessibility\external_data\EXTERNAL_DATA_MANIFEST.csv,EXTERNAL_DATA_MANIFEST.csv,.csv,170639,2026-10-05T15:16:21,b33abb6b76a96fe903f8bd7f8abf38fd17b66d17a9c945bd4ab4f2e6c184eef6,1,False,False,
original,03_Nature_Portfolio_Project,D:\OneDrive\桌面\论文\2027年投稿期刊\论文项目\07_JB医疗可达性_洪水扰动下交通-网络韧性与公平性_SCS_Natural_Hazards\GPT数据\Nature Portfolio_Project\01_前期数据支撑\ScientificReports_JB_Flood_Healthcare_Accessibility\external_data\README.md,D:\OneDrive\桌面\论文\2027年投稿期刊\论文项目\07_JB医疗可达性_洪水扰动下交通-网络韧性与公平性_SCS_Natural_Hazards\GPT数据\Nature Portfolio_Project\01_前期数据支撑\ScientificReports_JB_Flood_Healthcare_Accessibility\external_data\README.md,Nature Portfolio_Project\01_前期数据支撑\ScientificReports_JB_Flood_Healthcare_Accessibility\external_data\README.md,README.md,.md,243,2026-10-05T15:16:21,619e485838c5269ae19c040b3199a825110e9f758ce70673ef3ee244fb90cbf4,4,False,False,
original,03_Nature_Portfolio_Project,D:\OneDrive\桌面\论文\2027年投稿期刊\论文项目\07_JB医疗可达性_洪水扰动下交通-网络韧性与公平性_SCS_Natural_Hazards\GPT数据\Nature Portfolio_Project\01_前期数据支撑\ScientificReports_JB_Flood_Healthcare_Accessibility\figures\architecture\D11_Results_Architecture_OnePage.png,D:\OneDrive\桌面\论文\2027年投稿期刊\论文项目\07_JB医疗可达性_洪水扰动下交通-网络韧性与公平性_SCS_Natural_Hazards\GPT数据\Nature Portfolio_Project\01_前期数据支撑\ScientificReports_JB_Flood_Healthcare_Accessibility\figures\architecture\D11_Results_Architecture_OnePage.png,Nature Portfolio_Project\01_前期数据支撑\ScientificReports_JB_Flood_Healthcare_Accessibility\figures\architecture\D11_Results_Architecture_OnePage.png,D11_Results_Architecture_OnePage.png,.png,167126,2026-10-05T06:19:14,ee19234b532fbd538431d11bdbfb3497c15119ac7d9b524072cb76ddb4b2795c,1,False,False,
original,03_Nature_Portfolio_Project,D:\OneDrive\桌面\论文\2027年投稿期刊\论文项目\07_JB医疗可达性_洪水扰动下交通-网络韧性与公平性_SCS_Natural_Hazards\GPT数据\Nature Portfolio_Project\01_前期数据支撑\ScientificReports_JB_Flood_Healthcare_Accessibility\figures\results\D07E_IMERG_20250320_Grid_Daily_Rainfall.png,D:\OneDrive\桌面\论文\2027年投稿期刊\论文项目\07_JB医疗可达性_洪水扰动下交通-网络韧性与公平性_SCS_Natural_Hazards\GPT数据\Nature Portfolio_Project\01_前期数据支撑\ScientificReports_JB_Flood_Healthcare_Accessibility\figures\results\D07E_IMERG_20250320_Grid_Daily_Rainfall.png,Nature Portfolio_Project\01_前期数据支撑\ScientificReports_JB_Flood_Healthcare_Accessibility\figures\results\D07E_IMERG_20250320_Grid_Daily_Rainfall.png,D07E_IMERG_20250320_Grid_Daily_Rainfall.png,.png,111563,2026-10-05T03:31:38,0479f1ab1622c44c6de8e8e4a94b078ce2f517088d38f7f3186b41c0efa3a7a2,1,False,False,
original,03_Nature_Portfolio_Project,D:\OneDrive\桌面\论文\2027年投稿期刊\论文项目\07_JB医疗可达性_洪水扰动下交通-网络韧性与公平性_SCS_Natural_Hazards\GPT数据\Nature Portfolio_Project\01_前期数据支撑\ScientificReports_JB_Flood_Healthcare_Accessibility\figures\results\D07E_JB_AreaWeighted_30min_Rainfall.png,D:\OneDrive\桌面\论文\2027年投稿期刊\论文项目\07_JB医疗可达性_洪水扰动下交通-网络韧性与公平性_SCS_Natural_Hazards\GPT数据\Nature Portfolio_Project\01_前期数据支撑\ScientificReports_JB_Flood_Healthcare_Accessibility\figures\results\D07E_JB_AreaWeighted_30min_Rainfall.png,Nature Portfolio_Project\01_前期数据支撑\ScientificReports_JB_Flood_Healthcare_Accessibility\figures\results\D07E_JB_AreaWeighted_30min_Rainfall.png,D07E_JB_AreaWeighted_30min_Rainfall.png,.png,120132,2026-10-05T03:31:38,132fabff8c3e630f36d9b438c8c9f79114b8e3f5d539859f9b1c6244c7b285bf,1,False,False,
original,03_Nature_Portfolio_Project,D:\OneDrive\桌面\论文\2027年投稿期刊\论文项目\07_JB医疗可达性_洪水扰动下交通-网络韧性与公平性_SCS_Natural_Hazards\GPT数据\Nature Portfolio_Project\01_前期数据支撑\ScientificReports_JB_Flood_Healthcare_Accessibility\figures\results\D07E_JB_AreaWeighted_Rolling_1h.png,D:\OneDrive\桌面\论文\2027年投稿期刊\论文项目\07_JB医疗可达性_洪水扰动下交通-网络韧性与公平性_SCS_Natural_Hazards\GPT数据\Nature Portfolio_Project\01_前期数据支撑\ScientificReports_JB_Flood_Healthcare_Accessibility\figures\results\D07E_JB_AreaWeighted_Rolling_1h.png,Nature Portfolio_Project\01_前期数据支撑\ScientificReports_JB_Flood_Healthcare_Accessibility\figures\results\D07E_JB_AreaWeighted_Rolling_1h.png,D07E_JB_AreaWeighted_Rolling_1h.png,.png,124316,2026-10-05T03:31:38,9728d6f5e89cb3ca3274e0673d556027f606a2c4366e59cfc5c812abd146c8b1,1,False,False,
original,03_Nature_Portfolio_Project,D:\OneDrive\桌面\论文\2027年投稿期刊\论文项目\07_JB医疗可达性_洪水扰动下交通-网络韧性与公平性_SCS_Natural_Hazards\GPT数据\Nature Portfolio_Project\01_前期数据支撑\ScientificReports_JB_Flood_Healthcare_Accessibility\figures\results\D07E_JB_AreaWeighted_Rolling_3h.png,D:\OneDrive\桌面\论文\2027年投稿期刊\论文项目\07_JB医疗可达性_洪水扰动下交通-网络韧性与公平性_SCS_Natural_Hazards\GPT数据\Nature Portfolio_Project\01_前期数据支撑\ScientificReports_JB_Flood_Healthcare_Accessibility\figures\results\D07E_JB_AreaWeighted_Rolling_3h.png,Nature Portfolio_Project\01_前期数据支撑\ScientificReports_JB_Flood_Healthcare_Accessibility\figures\results\D07E_JB_AreaWeighted_Rolling_3h.png,D07E_JB_AreaWeighted_Rolling_3h.png,.png,116617,2026-10-05T03:31:38,e63cb11918f09984e1f74f18c7e1f613e92a5c7287674fc2e1efc0ee920741ef,1,False,False,
original,03_Nature_Portfolio_Project,D:\OneDrive\桌面\论文\2027年投稿期刊\论文项目\07_JB医疗可达性_洪水扰动下交通-网络韧性与公平性_SCS_Natural_Hazards\GPT数据\Nature Portfolio_Project\01_前期数据支撑\ScientificReports_JB_Flood_Healthcare_Accessibility\figures\results\D07E_JB_AreaWeighted_Rolling_6h.png,D:\OneDrive\桌面\论文\2027年投稿期刊\论文项目\07_JB医疗可达性_洪水扰动下交通-网络韧性与公平性_SCS_Natural_Hazards\GPT数据\Nature Portfolio_Project\01_前期数据支撑\ScientificReports_JB_Flood_Healthcare_Accessibility\figures\results\D07E_JB_AreaWeighted_Rolling_6h.png,Nature Portfolio_Project\01_前期数据支撑\ScientificReports_JB_Flood_Healthcare_Accessibility\figures\results\D07E_JB_AreaWeighted_Rolling_6h.png,D07E_JB_AreaWeighted_Rolling_6h.png,.png,113406,2026-10-05T03:31:38,b97738a62eb57e7927c57fa4998d35cb6a8b6ce4d9648ddb45ea3c7c905e432b,1,False,False,
original,03_Nature_Portfolio_Project,D:\OneDrive\桌面\论文\2027年投稿期刊\论文项目\07_JB医疗可达性_洪水扰动下交通-网络韧性与公平性_SCS_Natural_Hazards\GPT数据\Nature Portfolio_Project\01_前期数据支撑\ScientificReports_JB_Flood_Healthcare_Accessibility\figures\results\D07E_Senai_Gauge_vs_IMERG_20250320.png,D:\OneDrive\桌面\论文\2027年投稿期刊\论文项目\07_JB医疗可达性_洪水扰动下交通-网络韧性与公平性_SCS_Natural_Hazards\GPT数据\Nature Portfolio_Project\01_前期数据支撑\ScientificReports_JB_Flood_Healthcare_Accessibility\figures\results\D07E_Senai_Gauge_vs_IMERG_20250320.png,Nature Portfolio_Project\01_前期数据支撑\ScientificReports_JB_Flood_Healthcare_Accessibility\figures\results\D07E_Senai_Gauge_vs_IMERG_20250320.png,D07E_Senai_Gauge_vs_IMERG_20250320.png,.png,48762,2026-10-05T03:31:38,6a03960cfafbd681af96e11428f2a3f9ef2851d19efd4e129b9a425a14e8dda5,1,False,False,
original,03_Nature_Portfolio_Project,D:\OneDrive\桌面\论文\2027年投稿期刊\论文项目\07_JB医疗可达性_洪水扰动下交通-网络韧性与公平性_SCS_Natural_Hazards\GPT数据\Nature Portfolio_Project\01_前期数据支撑\ScientificReports_JB_Flood_Healthcare_Accessibility\figures\results\D08_30_45_60min_Coverage.png,D:\OneDrive\桌面\论文\2027年投稿期刊\论文项目\07_JB医疗可达性_洪水扰动下交通-网络韧性与公平性_SCS_Natural_Hazards\GPT数据\Nature Portfolio_Project\01_前期数据支撑\ScientificReports_JB_Flood_Healthcare_Accessibility\figures\results\D08_30_45_60min_Coverage.png,Nature Portfolio_Project\01_前期数据支撑\ScientificReports_JB_Flood_Healthcare_Accessibility\figures\results\D08_30_45_60min_Coverage.png,D08_30_45_60min_Coverage.png,.png,89074,2026-10-05T03:49:08,9110317c89b5f4d014ee414be5448b3aa1fb14e21190704b4cdef291c0113fce,1,False,False,
original,03_Nature_Portfolio_Project,D:\OneDrive\桌面\论文\2027年投稿期刊\论文项目\07_JB医疗可达性_洪水扰动下交通-网络韧性与公平性_SCS_Natural_Hazards\GPT数据\Nature Portfolio_Project\01_前期数据支撑\ScientificReports_JB_Flood_Healthcare_Accessibility\figures\results\D08_EventFootprint_TravelTime_Change_Map.png,D:\OneDrive\桌面\论文\2027年投稿期刊\论文项目\07_JB医疗可达性_洪水扰动下交通-网络韧性与公平性_SCS_Natural_Hazards\GPT数据\Nature Portfolio_Project\01_前期数据支撑\ScientificReports_JB_Flood_Healthcare_Accessibility\figures\results\D08_EventFootprint_TravelTime_Change_Map.png,Nature Portfolio_Project\01_前期数据支撑\ScientificReports_JB_Flood_Healthcare_Accessibility\figures\results\D08_EventFootprint_TravelTime_Change_Map.png,D08_EventFootprint_TravelTime_Change_Map.png,.png,397638,2026-10-05T03:49:12,e6a88937d24d27a3606cf10ed5f66640bad9d36ce19d98ae90bb92f777bad4e1,1,False,False,
original,03_Nature_Portfolio_Project,D:\OneDrive\桌面\论文\2027年投稿期刊\论文项目\07_JB医疗可达性_洪水扰动下交通-网络韧性与公平性_SCS_Natural_Hazards\GPT数据\Nature Portfolio_Project\01_前期数据支撑\ScientificReports_JB_Flood_Healthcare_Accessibility\figures\results\D08_Global_Mean_TravelTime_Increase.png,D:\OneDrive\桌面\论文\2027年投稿期刊\论文项目\07_JB医疗可达性_洪水扰动下交通-网络韧性与公平性_SCS_Natural_Hazards\GPT数据\Nature Portfolio_Project\01_前期数据支撑\ScientificReports_JB_Flood_Healthcare_Accessibility\figures\results\D08_Global_Mean_TravelTime_Increase.png,Nature Portfolio_Project\01_前期数据支撑\ScientificReports_JB_Flood_Healthcare_Accessibility\figures\results\D08_Global_Mean_TravelTime_Increase.png,D08_Global_Mean_TravelTime_Increase.png,.png,91745,2026-10-05T03:49:08,bb553f0dcf329fdf2c6ca5f699d7332a7292f2dbdb34c9235fadffdf4e813ee3,1,False,False,
original,03_Nature_Portfolio_Project,D:\OneDrive\桌面\论文\2027年投稿期刊\论文项目\07_JB医疗可达性_洪水扰动下交通-网络韧性与公平性_SCS_Natural_Hazards\GPT数据\Nature Portfolio_Project\01_前期数据支撑\ScientificReports_JB_Flood_Healthcare_Accessibility\figures\results\D08_MAR20_NewlyUnreachable_Sensitivity.png,D:\OneDrive\桌面\论文\2027年投稿期刊\论文项目\07_JB医疗可达性_洪水扰动下交通-网络韧性与公平性_SCS_Natural_Hazards\GPT数据\Nature Portfolio_Project\01_前期数据支撑\ScientificReports_JB_Flood_Healthcare_Accessibility\figures\results\D08_MAR20_NewlyUnreachable_Sensitivity.png,Nature Portfolio_Project\01_前期数据支撑\ScientificReports_JB_Flood_Healthcare_Accessibility\figures\results\D08_MAR20_NewlyUnreachable_Sensitivity.png,D08_MAR20_NewlyUnreachable_Sensitivity.png,.png,68552,2026-10-05T04:08:48,98d5e4c041ebf7bef48a87131b3f3aef2bc49921a561ade6bb0ebb7ff37595dd,1,False,False,
original,03_Nature_Portfolio_Project,D:\OneDrive\桌面\论文\2027年投稿期刊\论文项目\07_JB医疗可达性_洪水扰动下交通-网络韧性与公平性_SCS_Natural_Hazards\GPT数据\Nature Portfolio_Project\01_前期数据支撑\ScientificReports_JB_Flood_Healthcare_Accessibility\figures\results\D08_Newly_Unreachable_Population.png,D:\OneDrive\桌面\论文\2027年投稿期刊\论文项目\07_JB医疗可达性_洪水扰动下交通-网络韧性与公平性_SCS_Natural_Hazards\GPT数据\Nature Portfolio_Project\01_前期数据支撑\ScientificReports_JB_Flood_Healthcare_Accessibility\figures\results\D08_Newly_Unreachable_Population.png,Nature Portfolio_Project\01_前期数据支撑\ScientificReports_JB_Flood_Healthcare_Accessibility\figures\results\D08_Newly_Unreachable_Population.png,D08_Newly_Unreachable_Population.png,.png,87738,2026-10-05T03:49:08,599f5c78bea625e99de80b3012bccf01a98cd04fe26fdfaa62173f378d5d56b9,1,False,False,
original,03_Nature_Portfolio_Project,D:\OneDrive\桌面\论文\2027年投稿期刊\论文项目\07_JB医疗可达性_洪水扰动下交通-网络韧性与公平性_SCS_Natural_Hazards\GPT数据\Nature Portfolio_Project\01_前期数据支撑\ScientificReports_JB_Flood_Healthcare_Accessibility\figures\results\D08_SingleRoad_Criticality_Sensitivity.png,D:\OneDrive\桌面\论文\2027年投稿期刊\论文项目\07_JB医疗可达性_洪水扰动下交通-网络韧性与公平性_SCS_Natural_Hazards\GPT数据\Nature Portfolio_Project\01_前期数据支撑\ScientificReports_JB_Flood_Healthcare_Accessibility\figures\results\D08_SingleRoad_Criticality_Sensitivity.png,Nature Portfolio_Project\01_前期数据支撑\ScientificReports_JB_Flood_Healthcare_Accessibility\figures\results\D08_SingleRoad_Criticality_Sensitivity.png,D08_SingleRoad_Criticality_Sensitivity.png,.png,150594,2026-10-05T04:08:48,640c5e99aeca423a89416f206fe77d2d8a5a4f6cc03928e2331d0d20b525f812,1,False,False,
original,03_Nature_Portfolio_Project,D:\OneDrive\桌面\论文\2027年投稿期刊\论文项目\07_JB医疗可达性_洪水扰动下交通-网络韧性与公平性_SCS_Natural_Hazards\GPT数据\Nature Portfolio_Project\01_前期数据支撑\ScientificReports_JB_Flood_Healthcare_Accessibility\figures\results\D08_Subdistrict_Mean_Increase_EventFootprint.png,D:\OneDrive\桌面\论文\2027年投稿期刊\论文项目\07_JB医疗可达性_洪水扰动下交通-网络韧性与公平性_SCS_Natural_Hazards\GPT数据\Nature Portfolio_Project\01_前期数据支撑\ScientificReports_JB_Flood_Healthcare_Accessibility\figures\results\D08_Subdistrict_Mean_Increase_EventFootprint.png,Nature Portfolio_Project\01_前期数据支撑\ScientificReports_JB_Flood_Healthcare_Accessibility\figures\results\D08_Subdistrict_Mean_Increase_EventFootprint.png,D08_Subdistrict_Mean_Increase_EventFootprint.png,.png,128509,2026-10-05T03:49:08,68c66fc18d6b393943e4eda337c13b885be64a74982bb3ff0877beb12e95b3da,1,False,False,
original,03_Nature_Portfolio_Project,D:\OneDrive\桌面\论文\2027年投稿期刊\论文项目\07_JB医疗可达性_洪水扰动下交通-网络韧性与公平性_SCS_Natural_Hazards\GPT数据\Nature Portfolio_Project\01_前期数据支撑\ScientificReports_JB_Flood_Healthcare_Accessibility\figures\results\D09_CRPI_Priority_Map.png,D:\OneDrive\桌面\论文\2027年投稿期刊\论文项目\07_JB医疗可达性_洪水扰动下交通-网络韧性与公平性_SCS_Natural_Hazards\GPT数据\Nature Portfolio_Project\01_前期数据支撑\ScientificReports_JB_Flood_Healthcare_Accessibility\figures\results\D09_CRPI_Priority_Map.png,Nature Portfolio_Project\01_前期数据支撑\ScientificReports_JB_Flood_Healthcare_Accessibility\figures\results\D09_CRPI_Priority_Map.png,D09_CRPI_Priority_Map.png,.png,283867,2026-10-05T12:31:00,419da818dad18a5001b2604febfb41e26e1853deaefa530f2a6c557c8745fd12,2,False,False,
original,03_Nature_Portfolio_Project,D:\OneDrive\桌面\论文\2027年投稿期刊\论文项目\07_JB医疗可达性_洪水扰动下交通-网络韧性与公平性_SCS_Natural_Hazards\GPT数据\Nature Portfolio_Project\01_前期数据支撑\ScientificReports_JB_Flood_Healthcare_Accessibility\figures\results\D09_Observed2025_Recovery_Priority.png,D:\OneDrive\桌面\论文\2027年投稿期刊\论文项目\07_JB医疗可达性_洪水扰动下交通-网络韧性与公平性_SCS_Natural_Hazards\GPT数据\Nature Portfolio_Project\01_前期数据支撑\ScientificReports_JB_Flood_Healthcare_Accessibility\figures\results\D09_Observed2025_Recovery_Priority.png,Nature Portfolio_Project\01_前期数据支撑\ScientificReports_JB_Flood_Healthcare_Accessibility\figures\results\D09_Observed2025_Recovery_Priority.png,D09_Observed2025_Recovery_Priority.png,.png,98976,2026-10-05T04:26:36,23367ece9ce3111eae4742cc5d30eb4026cc2dcc280e55700a23fcf668b4b29d,1,False,False,
original,03_Nature_Portfolio_Project,D:\OneDrive\桌面\论文\2027年投稿期刊\论文项目\07_JB医疗可达性_洪水扰动下交通-网络韧性与公平性_SCS_Natural_Hazards\GPT数据\Nature Portfolio_Project\01_前期数据支撑\ScientificReports_JB_Flood_Healthcare_Accessibility\figures\results\D09_Susceptibility_Criticality_Matrix.png,D:\OneDrive\桌面\论文\2027年投稿期刊\论文项目\07_JB医疗可达性_洪水扰动下交通-网络韧性与公平性_SCS_Natural_Hazards\GPT数据\Nature Portfolio_Project\01_前期数据支撑\ScientificReports_JB_Flood_Healthcare_Accessibility\figures\results\D09_Susceptibility_Criticality_Matrix.png,Nature Portfolio_Project\01_前期数据支撑\ScientificReports_JB_Flood_Healthcare_Accessibility\figures\results\D09_Susceptibility_Criticality_Matrix.png,D09_Susceptibility_Criticality_Matrix.png,.png,154307,2026-10-05T12:31:01,c16ab560c8764f1eb41dfc9fa7a7740f7e00062941603e912e41458f98d64d81,2,False,False,
original,03_Nature_Portfolio_Project,D:\OneDrive\桌面\论文\2027年投稿期刊\论文项目\07_JB医疗可达性_洪水扰动下交通-网络韧性与公平性_SCS_Natural_Hazards\GPT数据\Nature Portfolio_Project\01_前期数据支撑\ScientificReports_JB_Flood_Healthcare_Accessibility\figures\results\D09_Top_Corridor_CRPI.png,D:\OneDrive\桌面\论文\2027年投稿期刊\论文项目\07_JB医疗可达性_洪水扰动下交通-网络韧性与公平性_SCS_Natural_Hazards\GPT数据\Nature Portfolio_Project\01_前期数据支撑\ScientificReports_JB_Flood_Healthcare_Accessibility\figures\results\D09_Top_Corridor_CRPI.png,Nature Portfolio_Project\01_前期数据支撑\ScientificReports_JB_Flood_Healthcare_Accessibility\figures\results\D09_Top_Corridor_CRPI.png,D09_Top_Corridor_CRPI.png,.png,195446,2026-10-05T04:26:36,d20d19e286ae285e021db13cf43162d5cfe31d30eaf6502d0093d3e627788b40,1,False,False,
original,03_Nature_Portfolio_Project,D:\OneDrive\桌面\论文\2027年投稿期刊\论文项目\07_JB医疗可达性_洪水扰动下交通-网络韧性与公平性_SCS_Natural_Hazards\GPT数据\Nature Portfolio_Project\01_前期数据支撑\ScientificReports_JB_Flood_Healthcare_Accessibility\figures\results\D10_BestOrder_Cumulative_Recovery.png,D:\OneDrive\桌面\论文\2027年投稿期刊\论文项目\07_JB医疗可达性_洪水扰动下交通-网络韧性与公平性_SCS_Natural_Hazards\GPT数据\Nature Portfolio_Project\01_前期数据支撑\ScientificReports_JB_Flood_Healthcare_Accessibility\figures\results\D10_BestOrder_Cumulative_Recovery.png,Nature Portfolio_Project\01_前期数据支撑\ScientificReports_JB_Flood_Healthcare_Accessibility\figures\results\D10_BestOrder_Cumulative_Recovery.png,D10_BestOrder_Cumulative_Recovery.png,.png,103881,2026-10-05T04:35:44,e69347efc58c1a062f662b0cbc6f609e96db6dfb107e4de621bf866903a2331f,1,False,False,
original,03_Nature_Portfolio_Project,D:\OneDrive\桌面\论文\2027年投稿期刊\论文项目\07_JB医疗可达性_洪水扰动下交通-网络韧性与公平性_SCS_Natural_Hazards\GPT数据\Nature Portfolio_Project\01_前期数据支撑\ScientificReports_JB_Flood_Healthcare_Accessibility\figures\results\D10_Equity_Gini_Recovery.png,D:\OneDrive\桌面\论文\2027年投稿期刊\论文项目\07_JB医疗可达性_洪水扰动下交通-网络韧性与公平性_SCS_Natural_Hazards\GPT数据\Nature Portfolio_Project\01_前期数据支撑\ScientificReports_JB_Flood_Healthcare_Accessibility\figures\results\D10_Equity_Gini_Recovery.png,Nature Portfolio_Project\01_前期数据支撑\ScientificReports_JB_Flood_Healthcare_Accessibility\figures\results\D10_Equity_Gini_Recovery.png,D10_Equity_Gini_Recovery.png,.png,146545,2026-10-05T04:35:44,6b749a148170cf32f8a20b8b57381be046ddae1af1796a222b13540bd25a6ab5,1,False,False,
original,03_Nature_Portfolio_Project,D:\OneDrive\桌面\论文\2027年投稿期刊\论文项目\07_JB医疗可达性_洪水扰动下交通-网络韧性与公平性_SCS_Natural_Hazards\GPT数据\Nature Portfolio_Project\01_前期数据支撑\ScientificReports_JB_Flood_Healthcare_Accessibility\figures\results\D10_FirstStep_Recovery_Benefit_AllOrders.png,D:\OneDrive\桌面\论文\2027年投稿期刊\论文项目\07_JB医疗可达性_洪水扰动下交通-网络韧性与公平性_SCS_Natural_Hazards\GPT数据\Nature Portfolio_Project\01_前期数据支撑\ScientificReports_JB_Flood_Healthcare_Accessibility\figures\results\D10_FirstStep_Recovery_Benefit_AllOrders.png,Nature Portfolio_Project\01_前期数据支撑\ScientificReports_JB_Flood_Healthcare_Accessibility\figures\results\D10_FirstStep_Recovery_Benefit_AllOrders.png,D10_FirstStep_Recovery_Benefit_AllOrders.png,.png,89921,2026-10-05T04:35:44,e83291a6f4c4b865339601cdbf9cb45dd51d1699aee8f7f308a79ea50711fc0e,1,False,False,
original,03_Nature_Portfolio_Project,D:\OneDrive\桌面\论文\2027年投稿期刊\论文项目\07_JB医疗可达性_洪水扰动下交通-网络韧性与公平性_SCS_Natural_Hazards\GPT数据\Nature Portfolio_Project\01_前期数据支撑\ScientificReports_JB_Flood_Healthcare_Accessibility\figures\results\D10_Origin_RecoveryStage_Map.png,D:\OneDrive\桌面\论文\2027年投稿期刊\论文项目\07_JB医疗可达性_洪水扰动下交通-网络韧性与公平性_SCS_Natural_Hazards\GPT数据\Nature Portfolio_Project\01_前期数据支撑\ScientificReports_JB_Flood_Healthcare_Accessibility\figures\results\D10_Origin_RecoveryStage_Map.png,Nature Portfolio_Project\01_前期数据支撑\ScientificReports_JB_Flood_Healthcare_Accessibility\figures\results\D10_Origin_RecoveryStage_Map.png,D10_Origin_RecoveryStage_Map.png,.png,225885,2026-10-05T04:35:44,37cce32119d87e904f821d255fb109cd5e17cfbdc757789e8c1c03ad9afaacf8,1,False,False,
original,03_Nature_Portfolio_Project,D:\OneDrive\桌面\论文\2027年投稿期刊\论文项目\07_JB医疗可达性_洪水扰动下交通-网络韧性与公平性_SCS_Natural_Hazards\GPT数据\Nature Portfolio_Project\01_前期数据支撑\ScientificReports_JB_Flood_Healthcare_Accessibility\figures\results\D10_Tebrau_Plentong_Recovery_Benefit.png,D:\OneDrive\桌面\论文\2027年投稿期刊\论文项目\07_JB医疗可达性_洪水扰动下交通-网络韧性与公平性_SCS_Natural_Hazards\GPT数据\Nature Portfolio_Project\01_前期数据支撑\ScientificReports_JB_Flood_Healthcare_Accessibility\figures\results\D10_Tebrau_Plentong_Recovery_Benefit.png,Nature Portfolio_Project\01_前期数据支撑\ScientificReports_JB_Flood_Healthcare_Accessibility\figures\results\D10_Tebrau_Plentong_Recovery_Benefit.png,D10_Tebrau_Plentong_Recovery_Benefit.png,.png,75867,2026-10-05T04:35:44,00cec5bf61199bf7bcda7b9d26a6d906084328ac940d44a0b0d0b9188b379cc5,1,False,False,
original,03_Nature_Portfolio_Project,D:\OneDrive\桌面\论文\2027年投稿期刊\论文项目\07_JB医疗可达性_洪水扰动下交通-网络韧性与公平性_SCS_Natural_Hazards\GPT数据\Nature Portfolio_Project\01_前期数据支撑\ScientificReports_JB_Flood_Healthcare_Accessibility\figures\results\GIS_Flood_Road_Susceptibility_Screening.png,D:\OneDrive\桌面\论文\2027年投稿期刊\论文项目\07_JB医疗可达性_洪水扰动下交通-网络韧性与公平性_SCS_Natural_Hazards\GPT数据\Nature Portfolio_Project\01_前期数据支撑\ScientificReports_JB_Flood_Healthcare_Accessibility\figures\results\GIS_Flood_Road_Susceptibility_Screening.png,Nature Portfolio_Project\01_前期数据支撑\ScientificReports_JB_Flood_Healthcare_Accessibility\figures\results\GIS_Flood_Road_Susceptibility_Screening.png,GIS_Flood_Road_Susceptibility_Screening.png,.png,271624,2026-10-05T12:15:02,3d8a4c368287b038ef445365fcda1148ba4727893a97bfbbaf7d2c6456eb16c1,2,False,False,
original,03_Nature_Portfolio_Project,D:\OneDrive\桌面\论文\2027年投稿期刊\论文项目\07_JB医疗可达性_洪水扰动下交通-网络韧性与公平性_SCS_Natural_Hazards\GPT数据\Nature Portfolio_Project\01_前期数据支撑\ScientificReports_JB_Flood_Healthcare_Accessibility\gis\JB_Community_Healthcare_D04A2_RSO.gpkg,D:\OneDrive\桌面\论文\2027年投稿期刊\论文项目\07_JB医疗可达性_洪水扰动下交通-网络韧性与公平性_SCS_Natural_Hazards\GPT数据\Nature Portfolio_Project\01_前期数据支撑\ScientificReports_JB_Flood_Healthcare_Accessibility\gis\JB_Community_Healthcare_D04A2_RSO.gpkg,Nature Portfolio_Project\01_前期数据支撑\ScientificReports_JB_Flood_Healthcare_Accessibility\gis\JB_Community_Healthcare_D04A2_RSO.gpkg,JB_Community_Healthcare_D04A2_RSO.gpkg,.gpkg,221184,2026-10-05T06:19:12,555401af009d2fa4a6227727931ccccb66da03ff9800007708d6dc6396da1838,1,False,False,
original,03_Nature_Portfolio_Project,D:\OneDrive\桌面\论文\2027年投稿期刊\论文项目\07_JB医疗可达性_洪水扰动下交通-网络韧性与公平性_SCS_Natural_Hazards\GPT数据\Nature Portfolio_Project\01_前期数据支撑\ScientificReports_JB_Flood_Healthcare_Accessibility\gis\JB_Community_Healthcare_D04A2_WGS84.gpkg,D:\OneDrive\桌面\论文\2027年投稿期刊\论文项目\07_JB医疗可达性_洪水扰动下交通-网络韧性与公平性_SCS_Natural_Hazards\GPT数据\Nature Portfolio_Project\01_前期数据支撑\ScientificReports_JB_Flood_Healthcare_Accessibility\gis\JB_Community_Healthcare_D04A2_WGS84.gpkg,Nature Portfolio_Project\01_前期数据支撑\ScientificReports_JB_Flood_Healthcare_Accessibility\gis\JB_Community_Healthcare_D04A2_WGS84.gpkg,JB_Community_Healthcare_D04A2_WGS84.gpkg,.gpkg,221184,2026-10-05T06:19:12,a03b6ffa186ab25dedb8d22d7e1936f0fae101a2d0776245982e5764c86837ad,1,False,False,
original,03_Nature_Portfolio_Project,D:\OneDrive\桌面\论文\2027年投稿期刊\论文项目\07_JB医疗可达性_洪水扰动下交通-网络韧性与公平性_SCS_Natural_Hazards\GPT数据\Nature Portfolio_Project\01_前期数据支撑\ScientificReports_JB_Flood_Healthcare_Accessibility\gis\JB_Healthcare_Master_D04C_RSO.gpkg,D:\OneDrive\桌面\论文\2027年投稿期刊\论文项目\07_JB医疗可达性_洪水扰动下交通-网络韧性与公平性_SCS_Natural_Hazards\GPT数据\Nature Portfolio_Project\01_前期数据支撑\ScientificReports_JB_Flood_Healthcare_Accessibility\gis\JB_Healthcare_Master_D04C_RSO.gpkg,Nature Portfolio_Project\01_前期数据支撑\ScientificReports_JB_Flood_Healthcare_Accessibility\gis\JB_Healthcare_Master_D04C_RSO.gpkg,JB_Healthcare_Master_D04C_RSO.gpkg,.gpkg,409600,2026-10-04T20:10:05,38a783db9943152904d778d78dae4e5577ff9f3e044ab87df9bbe2607acca7a4,2,False,False,
original,03_Nature_Portfolio_Project,D:\OneDrive\桌面\论文\2027年投稿期刊\论文项目\07_JB医疗可达性_洪水扰动下交通-网络韧性与公平性_SCS_Natural_Hazards\GPT数据\Nature Portfolio_Project\01_前期数据支撑\ScientificReports_JB_Flood_Healthcare_Accessibility\gis\JB_Healthcare_Master_D04C_WGS84.gpkg,D:\OneDrive\桌面\论文\2027年投稿期刊\论文项目\07_JB医疗可达性_洪水扰动下交通-网络韧性与公平性_SCS_Natural_Hazards\GPT数据\Nature Portfolio_Project\01_前期数据支撑\ScientificReports_JB_Flood_Healthcare_Accessibility\gis\JB_Healthcare_Master_D04C_WGS84.gpkg,Nature Portfolio_Project\01_前期数据支撑\ScientificReports_JB_Flood_Healthcare_Accessibility\gis\JB_Healthcare_Master_D04C_WGS84.gpkg,JB_Healthcare_Master_D04C_WGS84.gpkg,.gpkg,409600,2026-10-04T20:10:05,b436fb0e41bca01ccc7f1a2fd51fad7844c810a678a8f12c9411d866f11cdecc,2,False,False,
original,03_Nature_Portfolio_Project,D:\OneDrive\桌面\论文\2027年投稿期刊\论文项目\07_JB医疗可达性_洪水扰动下交通-网络韧性与公平性_SCS_Natural_Hazards\GPT数据\Nature Portfolio_Project\01_前期数据支撑\ScientificReports_JB_Flood_Healthcare_Accessibility\gis\JB_OSM_RoadNetwork_Core_RSO.gpkg,D:\OneDrive\桌面\论文\2027年投稿期刊\论文项目\07_JB医疗可达性_洪水扰动下交通-网络韧性与公平性_SCS_Natural_Hazards\GPT数据\Nature Portfolio_Project\01_前期数据支撑\ScientificReports_JB_Flood_Healthcare_Accessibility\gis\JB_OSM_RoadNetwork_Core_RSO.gpkg,Nature Portfolio_Project\01_前期数据支撑\ScientificReports_JB_Flood_Healthcare_Accessibility\gis\JB_OSM_RoadNetwork_Core_RSO.gpkg,JB_OSM_RoadNetwork_Core_RSO.gpkg,.gpkg,31891456,2026-10-04T18:58:38,79bc05452d5943fedfba3675309a39e4edfe68a4559c99341add14121e61e81d,2,False,False,
original,03_Nature_Portfolio_Project,D:\OneDrive\桌面\论文\2027年投稿期刊\论文项目\07_JB医疗可达性_洪水扰动下交通-网络韧性与公平性_SCS_Natural_Hazards\GPT数据\Nature Portfolio_Project\01_前期数据支撑\ScientificReports_JB_Flood_Healthcare_Accessibility\gis\JB_OSM_RoadNetwork_Core_RSO__COPY001.gpkg,D:\OneDrive\桌面\论文\2027年投稿期刊\论文项目\07_JB医疗可达性_洪水扰动下交通-网络韧性与公平性_SCS_Natural_Hazards\GPT数据\Nature Portfolio_Project\01_前期数据支撑\ScientificReports_JB_Flood_Healthcare_Accessibility\gis\JB_OSM_RoadNetwork_Core_RSO__COPY001.gpkg,Nature Portfolio_Project\01_前期数据支撑\ScientificReports_JB_Flood_Healthcare_Accessibility\gis\JB_OSM_RoadNetwork_Core_RSO__COPY001.gpkg,JB_OSM_RoadNetwork_Core_RSO__COPY001.gpkg,.gpkg,31891456,2026-10-04T18:58:38,79bc05452d5943fedfba3675309a39e4edfe68a4559c99341add14121e61e81d,1,False,False,
original,03_Nature_Portfolio_Project,D:\OneDrive\桌面\论文\2027年投稿期刊\论文项目\07_JB医疗可达性_洪水扰动下交通-网络韧性与公平性_SCS_Natural_Hazards\GPT数据\Nature Portfolio_Project\01_前期数据支撑\ScientificReports_JB_Flood_Healthcare_Accessibility\gis\JB_OSM_RoadNetwork_Core_Terrain_RSO.gpkg,D:\OneDrive\桌面\论文\2027年投稿期刊\论文项目\07_JB医疗可达性_洪水扰动下交通-网络韧性与公平性_SCS_Natural_Hazards\GPT数据\Nature Portfolio_Project\01_前期数据支撑\ScientificReports_JB_Flood_Healthcare_Accessibility\gis\JB_OSM_RoadNetwork_Core_Terrain_RSO.gpkg,Nature Portfolio_Project\01_前期数据支撑\ScientificReports_JB_Flood_Healthcare_Accessibility\gis\JB_OSM_RoadNetwork_Core_Terrain_RSO.gpkg,JB_OSM_RoadNetwork_Core_Terrain_RSO.gpkg,.gpkg,46456832,2026-10-04T19:44:37,c80ad83eab06075435e29f9a269c338d3ad26587066577526aca4cba47a681cd,2,False,False,
original,03_Nature_Portfolio_Project,D:\OneDrive\桌面\论文\2027年投稿期刊\论文项目\07_JB医疗可达性_洪水扰动下交通-网络韧性与公平性_SCS_Natural_Hazards\GPT数据\Nature Portfolio_Project\01_前期数据支撑\ScientificReports_JB_Flood_Healthcare_Accessibility\gis\JB_OSM_RoadNetwork_Core_Terrain_WGS84.gpkg,D:\OneDrive\桌面\论文\2027年投稿期刊\论文项目\07_JB医疗可达性_洪水扰动下交通-网络韧性与公平性_SCS_Natural_Hazards\GPT数据\Nature Portfolio_Project\01_前期数据支撑\ScientificReports_JB_Flood_Healthcare_Accessibility\gis\JB_OSM_RoadNetwork_Core_Terrain_WGS84.gpkg,Nature Portfolio_Project\01_前期数据支撑\ScientificReports_JB_Flood_Healthcare_Accessibility\gis\JB_OSM_RoadNetwork_Core_Terrain_WGS84.gpkg,JB_OSM_RoadNetwork_Core_Terrain_WGS84.gpkg,.gpkg,46522368,2026-10-04T19:44:40,11b8751c0ce9d74eaebc22eef7db3b0fbc5008c2a5fb8c9e1d3a1e1a0f06ecf0,2,False,False,
original,03_Nature_Portfolio_Project,D:\OneDrive\桌面\论文\2027年投稿期刊\论文项目\07_JB医疗可达性_洪水扰动下交通-网络韧性与公平性_SCS_Natural_Hazards\GPT数据\Nature Portfolio_Project\01_前期数据支撑\ScientificReports_JB_Flood_Healthcare_Accessibility\gis\JB_OSM_RoadNetwork_Core_WGS84.gpkg,D:\OneDrive\桌面\论文\2027年投稿期刊\论文项目\07_JB医疗可达性_洪水扰动下交通-网络韧性与公平性_SCS_Natural_Hazards\GPT数据\Nature Portfolio_Project\01_前期数据支撑\ScientificReports_JB_Flood_Healthcare_Accessibility\gis\JB_OSM_RoadNetwork_Core_WGS84.gpkg,Nature Portfolio_Project\01_前期数据支撑\ScientificReports_JB_Flood_Healthcare_Accessibility\gis\JB_OSM_RoadNetwork_Core_WGS84.gpkg,JB_OSM_RoadNetwork_Core_WGS84.gpkg,.gpkg,31956992,2026-10-04T18:58:36,582aa61c60412876e2a10590d1df5e0c38a2afb3c2a031107de7bfb68b2c2125,2,False,False,
original,03_Nature_Portfolio_Project,D:\OneDrive\桌面\论文\2027年投稿期刊\论文项目\07_JB医疗可达性_洪水扰动下交通-网络韧性与公平性_SCS_Natural_Hazards\GPT数据\Nature Portfolio_Project\01_前期数据支撑\ScientificReports_JB_Flood_Healthcare_Accessibility\gis\JB_OSM_RoadNetwork_Core_WGS84__COPY001.gpkg,D:\OneDrive\桌面\论文\2027年投稿期刊\论文项目\07_JB医疗可达性_洪水扰动下交通-网络韧性与公平性_SCS_Natural_Hazards\GPT数据\Nature Portfolio_Project\01_前期数据支撑\ScientificReports_JB_Flood_Healthcare_Accessibility\gis\JB_OSM_RoadNetwork_Core_WGS84__COPY001.gpkg,Nature Portfolio_Project\01_前期数据支撑\ScientificReports_JB_Flood_Healthcare_Accessibility\gis\JB_OSM_RoadNetwork_Core_WGS84__COPY001.gpkg,JB_OSM_RoadNetwork_Core_WGS84__COPY001.gpkg,.gpkg,31956992,2026-10-04T18:58:36,582aa61c60412876e2a10590d1df5e0c38a2afb3c2a031107de7bfb68b2c2125,1,False,False,
original,03_Nature_Portfolio_Project,D:\OneDrive\桌面\论文\2027年投稿期刊\论文项目\07_JB医疗可达性_洪水扰动下交通-网络韧性与公平性_SCS_Natural_Hazards\GPT数据\Nature Portfolio_Project\01_前期数据支撑\ScientificReports_JB_Flood_Healthcare_Accessibility\gis\JB_Private_Hospitals_D04B_RSO.gpkg,D:\OneDrive\桌面\论文\2027年投稿期刊\论文项目\07_JB医疗可达性_洪水扰动下交通-网络韧性与公平性_SCS_Natural_Hazards\GPT数据\Nature Portfolio_Project\01_前期数据支撑\ScientificReports_JB_Flood_Healthcare_Accessibility\gis\JB_Private_Hospitals_D04B_RSO.gpkg,Nature Portfolio_Project\01_前期数据支撑\ScientificReports_JB_Flood_Healthcare_Accessibility\gis\JB_Private_Hospitals_D04B_RSO.gpkg,JB_Private_Hospitals_D04B_RSO.gpkg,.gpkg,147456,2026-10-04T20:05:19,98d23277eb4366bb79adf18e95ff1e75477b50c00100edc9a41e72a501de9980,2,False,False,
original,03_Nature_Portfolio_Project,D:\OneDrive\桌面\论文\2027年投稿期刊\论文项目\07_JB医疗可达性_洪水扰动下交通-网络韧性与公平性_SCS_Natural_Hazards\GPT数据\Nature Portfolio_Project\01_前期数据支撑\ScientificReports_JB_Flood_Healthcare_Accessibility\gis\JB_Private_Hospitals_D04B_WGS84.gpkg,D:\OneDrive\桌面\论文\2027年投稿期刊\论文项目\07_JB医疗可达性_洪水扰动下交通-网络韧性与公平性_SCS_Natural_Hazards\GPT数据\Nature Portfolio_Project\01_前期数据支撑\ScientificReports_JB_Flood_Healthcare_Accessibility\gis\JB_Private_Hospitals_D04B_WGS84.gpkg,Nature Portfolio_Project\01_前期数据支撑\ScientificReports_JB_Flood_Healthcare_Accessibility\gis\JB_Private_Hospitals_D04B_WGS84.gpkg,JB_Private_Hospitals_D04B_WGS84.gpkg,.gpkg,147456,2026-10-04T20:05:13,7adcf1eecfe399940f2c9338cfa7d2aeeb9e11417339ddd8a756351cc1d4f679,2,False,False,
original,03_Nature_Portfolio_Project,D:\OneDrive\桌面\论文\2027年投稿期刊\论文项目\07_JB医疗可达性_洪水扰动下交通-网络韧性与公平性_SCS_Natural_Hazards\GPT数据\Nature Portfolio_Project\01_前期数据支撑\ScientificReports_JB_Flood_Healthcare_Accessibility\gis\JB_Public_Healthcare_D04A1_RSO.gpkg,D:\OneDrive\桌面\论文\2027年投稿期刊\论文项目\07_JB医疗可达性_洪水扰动下交通-网络韧性与公平性_SCS_Natural_Hazards\GPT数据\Nature Portfolio_Project\01_前期数据支撑\ScientificReports_JB_Flood_Healthcare_Accessibility\gis\JB_Public_Healthcare_D04A1_RSO.gpkg,Nature Portfolio_Project\01_前期数据支撑\ScientificReports_JB_Flood_Healthcare_Accessibility\gis\JB_Public_Healthcare_D04A1_RSO.gpkg,JB_Public_Healthcare_D04A1_RSO.gpkg,.gpkg,196608,2026-10-05T06:19:12,818b82dd2b713b94022282d3e7cab65504867d9c2b3b250344b3983b9648132f,1,False,False,
original,03_Nature_Portfolio_Project,D:\OneDrive\桌面\论文\2027年投稿期刊\论文项目\07_JB医疗可达性_洪水扰动下交通-网络韧性与公平性_SCS_Natural_Hazards\GPT数据\Nature Portfolio_Project\01_前期数据支撑\ScientificReports_JB_Flood_Healthcare_Accessibility\gis\JB_Public_Healthcare_D04A1_WGS84.gpkg,D:\OneDrive\桌面\论文\2027年投稿期刊\论文项目\07_JB医疗可达性_洪水扰动下交通-网络韧性与公平性_SCS_Natural_Hazards\GPT数据\Nature Portfolio_Project\01_前期数据支撑\ScientificReports_JB_Flood_Healthcare_Accessibility\gis\JB_Public_Healthcare_D04A1_WGS84.gpkg,Nature Portfolio_Project\01_前期数据支撑\ScientificReports_JB_Flood_Healthcare_Accessibility\gis\JB_Public_Healthcare_D04A1_WGS84.gpkg,JB_Public_Healthcare_D04A1_WGS84.gpkg,.gpkg,196608,2026-10-05T06:19:12,2eb0e841dbab725f9a5c22133bb7aa2da899424ce4c676ebae3eee9241fe66fc,1,False,False,
original,03_Nature_Portfolio_Project,D:\OneDrive\桌面\论文\2027年投稿期刊\论文项目\07_JB医疗可达性_洪水扰动下交通-网络韧性与公平性_SCS_Natural_Hazards\GPT数据\Nature Portfolio_Project\01_前期数据支撑\ScientificReports_JB_Flood_Healthcare_Accessibility\gis\JB_Terrain_LowLyingCandidate_Strict_RSO.tif,D:\OneDrive\桌面\论文\2027年投稿期刊\论文项目\07_JB医疗可达性_洪水扰动下交通-网络韧性与公平性_SCS_Natural_Hazards\GPT数据\Nature Portfolio_Project\01_前期数据支撑\ScientificReports_JB_Flood_Healthcare_Accessibility\gis\JB_Terrain_LowLyingCandidate_Strict_RSO.tif,Nature Portfolio_Project\01_前期数据支撑\ScientificReports_JB_Flood_Healthcare_Accessibility\gis\JB_Terrain_LowLyingCandidate_Strict_RSO.tif,JB_Terrain_LowLyingCandidate_Strict_RSO.tif,.tif,31878,2026-10-05T12:15:01,c5be2bd8500968943c51cda65f7046b60c1b16cfed4affabc00d644bbf3a29de,2,False,False,
original,03_Nature_Portfolio_Project,D:\OneDrive\桌面\论文\2027年投稿期刊\论文项目\07_JB医疗可达性_洪水扰动下交通-网络韧性与公平性_SCS_Natural_Hazards\GPT数据\Nature Portfolio_Project\01_前期数据支撑\ScientificReports_JB_Flood_Healthcare_Accessibility\gis\JB_Terrain_RelativeElevation_1000m_RSO.tif,D:\OneDrive\桌面\论文\2027年投稿期刊\论文项目\07_JB医疗可达性_洪水扰动下交通-网络韧性与公平性_SCS_Natural_Hazards\GPT数据\Nature Portfolio_Project\01_前期数据支撑\ScientificReports_JB_Flood_Healthcare_Accessibility\gis\JB_Terrain_RelativeElevation_1000m_RSO.tif,Nature Portfolio_Project\01_前期数据支撑\ScientificReports_JB_Flood_Healthcare_Accessibility\gis\JB_Terrain_RelativeElevation_1000m_RSO.tif,JB_Terrain_RelativeElevation_1000m_RSO.tif,.tif,3799505,2026-10-05T06:19:12,6b2b3635aeeaffb2b8061f63ec04cb64b47b8933e0fcb9de08712f847c326890,1,False,False,
original,03_Nature_Portfolio_Project,D:\OneDrive\桌面\论文\2027年投稿期刊\论文项目\07_JB医疗可达性_洪水扰动下交通-网络韧性与公平性_SCS_Natural_Hazards\GPT数据\Nature Portfolio_Project\01_前期数据支撑\ScientificReports_JB_Flood_Healthcare_Accessibility\gis\JB_Terrain_RelativeElevation_500m_RSO.tif,D:\OneDrive\桌面\论文\2027年投稿期刊\论文项目\07_JB医疗可达性_洪水扰动下交通-网络韧性与公平性_SCS_Natural_Hazards\GPT数据\Nature Portfolio_Project\01_前期数据支撑\ScientificReports_JB_Flood_Healthcare_Accessibility\gis\JB_Terrain_RelativeElevation_500m_RSO.tif,Nature Portfolio_Project\01_前期数据支撑\ScientificReports_JB_Flood_Healthcare_Accessibility\gis\JB_Terrain_RelativeElevation_500m_RSO.tif,JB_Terrain_RelativeElevation_500m_RSO.tif,.tif,3823418,2026-10-04T19:36:15,d7cff99051338c42b4b4373a526736ae12374389e08fb6b84766d7e1e182e7bb,2,False,False,
original,03_Nature_Portfolio_Project,D:\OneDrive\桌面\论文\2027年投稿期刊\论文项目\07_JB医疗可达性_洪水扰动下交通-网络韧性与公平性_SCS_Natural_Hazards\GPT数据\Nature Portfolio_Project\01_前期数据支撑\ScientificReports_JB_Flood_Healthcare_Accessibility\gis\JB_Terrain_Slope_Degree_RSO.tif,D:\OneDrive\桌面\论文\2027年投稿期刊\论文项目\07_JB医疗可达性_洪水扰动下交通-网络韧性与公平性_SCS_Natural_Hazards\GPT数据\Nature Portfolio_Project\01_前期数据支撑\ScientificReports_JB_Flood_Healthcare_Accessibility\gis\JB_Terrain_Slope_Degree_RSO.tif,Nature Portfolio_Project\01_前期数据支撑\ScientificReports_JB_Flood_Healthcare_Accessibility\gis\JB_Terrain_Slope_Degree_RSO.tif,JB_Terrain_Slope_Degree_RSO.tif,.tif,3785897,2026-10-04T19:36:14,0bd00a66bcc84459bd602c7dfdc222fec4bc2e415d1838a1c6aa2ddec2659097,2,False,False,
original,03_Nature_Portfolio_Project,D:\OneDrive\桌面\论文\2027年投稿期刊\论文项目\07_JB医疗可达性_洪水扰动下交通-网络韧性与公平性_SCS_Natural_Hazards\GPT数据\Nature Portfolio_Project\01_前期数据支撑\ScientificReports_JB_Flood_Healthcare_Accessibility\gis\JB_WorldPop_2026_NetworkAccessPoints_RSO.gpkg,D:\OneDrive\桌面\论文\2027年投稿期刊\论文项目\07_JB医疗可达性_洪水扰动下交通-网络韧性与公平性_SCS_Natural_Hazards\GPT数据\Nature Portfolio_Project\01_前期数据支撑\ScientificReports_JB_Flood_Healthcare_Accessibility\gis\JB_WorldPop_2026_NetworkAccessPoints_RSO.gpkg,Nature Portfolio_Project\01_前期数据支撑\ScientificReports_JB_Flood_Healthcare_Accessibility\gis\JB_WorldPop_2026_NetworkAccessPoints_RSO.gpkg,JB_WorldPop_2026_NetworkAccessPoints_RSO.gpkg,.gpkg,19955712,2026-10-04T21:15:24,380e103b210e09f045666d96a8506bec8a60b1ae3aef2bbb528c1c498e5e3ef0,2,False,False,
original,03_Nature_Portfolio_Project,D:\OneDrive\桌面\论文\2027年投稿期刊\论文项目\07_JB医疗可达性_洪水扰动下交通-网络韧性与公平性_SCS_Natural_Hazards\GPT数据\Nature Portfolio_Project\01_前期数据支撑\ScientificReports_JB_Flood_Healthcare_Accessibility\gis\JB_WorldPop_2026_Origins_RSO.gpkg,D:\OneDrive\桌面\论文\2027年投稿期刊\论文项目\07_JB医疗可达性_洪水扰动下交通-网络韧性与公平性_SCS_Natural_Hazards\GPT数据\Nature Portfolio_Project\01_前期数据支撑\ScientificReports_JB_Flood_Healthcare_Accessibility\gis\JB_WorldPop_2026_Origins_RSO.gpkg,Nature Portfolio_Project\01_前期数据支撑\ScientificReports_JB_Flood_Healthcare_Accessibility\gis\JB_WorldPop_2026_Origins_RSO.gpkg,JB_WorldPop_2026_Origins_RSO.gpkg,.gpkg,17424384,2026-10-04T20:25:29,059a41c245c294f3d02ce8c0537076d413d5015687b179c810cebfa4c5ee52e4,2,False,False,
original,03_Nature_Portfolio_Project,D:\OneDrive\桌面\论文\2027年投稿期刊\论文项目\07_JB医疗可达性_洪水扰动下交通-网络韧性与公平性_SCS_Natural_Hazards\GPT数据\Nature Portfolio_Project\01_前期数据支撑\ScientificReports_JB_Flood_Healthcare_Accessibility\gis\JB_WorldPop_2026_Origins_WGS84.gpkg,D:\OneDrive\桌面\论文\2027年投稿期刊\论文项目\07_JB医疗可达性_洪水扰动下交通-网络韧性与公平性_SCS_Natural_Hazards\GPT数据\Nature Portfolio_Project\01_前期数据支撑\ScientificReports_JB_Flood_Healthcare_Accessibility\gis\JB_WorldPop_2026_Origins_WGS84.gpkg,Nature Portfolio_Project\01_前期数据支撑\ScientificReports_JB_Flood_Healthcare_Accessibility\gis\JB_WorldPop_2026_Origins_WGS84.gpkg,JB_WorldPop_2026_Origins_WGS84.gpkg,.gpkg,18071552,2026-10-04T20:25:27,8277f076f57a8de878d4fca9b24d6492bc22d371451a0488ec5a7ce827145357,2,False,False,
original,03_Nature_Portfolio_Project,D:\OneDrive\桌面\论文\2027年投稿期刊\论文项目\07_JB医疗可达性_洪水扰动下交通-网络韧性与公平性_SCS_Natural_Hazards\GPT数据\Nature Portfolio_Project\01_前期数据支撑\ScientificReports_JB_Flood_Healthcare_Accessibility\gis\accessibility\D08_EventFootprint_Accessibility_Impact_RSO.gpkg,D:\OneDrive\桌面\论文\2027年投稿期刊\论文项目\07_JB医疗可达性_洪水扰动下交通-网络韧性与公平性_SCS_Natural_Hazards\GPT数据\Nature Portfolio_Project\01_前期数据支撑\ScientificReports_JB_Flood_Healthcare_Accessibility\gis\accessibility\D08_EventFootprint_Accessibility_Impact_RSO.gpkg,Nature Portfolio_Project\01_前期数据支撑\ScientificReports_JB_Flood_Healthcare_Accessibility\gis\accessibility\D08_EventFootprint_Accessibility_Impact_RSO.gpkg,D08_EventFootprint_Accessibility_Impact_RSO.gpkg,.gpkg,17944576,2026-10-05T03:49:08,93b31bc027ccfd1079266c1ebfae7ad21ad47ca8dba3499fc5d10d72899f8830,1,False,False,
original,03_Nature_Portfolio_Project,D:\OneDrive\桌面\论文\2027年投稿期刊\论文项目\07_JB医疗可达性_洪水扰动下交通-网络韧性与公平性_SCS_Natural_Hazards\GPT数据\Nature Portfolio_Project\01_前期数据支撑\ScientificReports_JB_Flood_Healthcare_Accessibility\gis\accessibility\JB_Subdistrict_Boundaries_MyGDI_WGS84.geojson,D:\OneDrive\桌面\论文\2027年投稿期刊\论文项目\07_JB医疗可达性_洪水扰动下交通-网络韧性与公平性_SCS_Natural_Hazards\GPT数据\Nature Portfolio_Project\01_前期数据支撑\ScientificReports_JB_Flood_Healthcare_Accessibility\gis\accessibility\JB_Subdistrict_Boundaries_MyGDI_WGS84.geojson,Nature Portfolio_Project\01_前期数据支撑\ScientificReports_JB_Flood_Healthcare_Accessibility\gis\accessibility\JB_Subdistrict_Boundaries_MyGDI_WGS84.geojson,JB_Subdistrict_Boundaries_MyGDI_WGS84.geojson,.geojson,105078,2026-10-04T18:31:26,7bb2a63acc4e7a1a3972ecee887d4c83c672fda1375bcf4aa2f4b464b9cbbdbf,1,False,False,
original,03_Nature_Portfolio_Project,D:\OneDrive\桌面\论文\2027年投稿期刊\论文项目\07_JB医疗可达性_洪水扰动下交通-网络韧性与公平性_SCS_Natural_Hazards\GPT数据\Nature Portfolio_Project\01_前期数据支撑\ScientificReports_JB_Flood_Healthcare_Accessibility\gis\baseline\JB_Baseline_Healthcare_Accessibility_RSO (1).gpkg,D:\OneDrive\桌面\论文\2027年投稿期刊\论文项目\07_JB医疗可达性_洪水扰动下交通-网络韧性与公平性_SCS_Natural_Hazards\GPT数据\Nature Portfolio_Project\01_前期数据支撑\ScientificReports_JB_Flood_Healthcare_Accessibility\gis\baseline\JB_Baseline_Healthcare_Accessibility_RSO (1).gpkg,Nature Portfolio_Project\01_前期数据支撑\ScientificReports_JB_Flood_Healthcare_Accessibility\gis\baseline\JB_Baseline_Healthcare_Accessibility_RSO (1).gpkg,JB_Baseline_Healthcare_Accessibility_RSO (1).gpkg,.gpkg,48787456,2026-10-04T23:26:27,8add70561c72aa9b2610fb9a70e9833f57d5c5183aa634623c8aa1aefec28401,2,False,False,
original,03_Nature_Portfolio_Project,D:\OneDrive\桌面\论文\2027年投稿期刊\论文项目\07_JB医疗可达性_洪水扰动下交通-网络韧性与公平性_SCS_Natural_Hazards\GPT数据\Nature Portfolio_Project\01_前期数据支撑\ScientificReports_JB_Flood_Healthcare_Accessibility\gis\baseline\JB_Baseline_Healthcare_Accessibility_RSO.gpkg,D:\OneDrive\桌面\论文\2027年投稿期刊\论文项目\07_JB医疗可达性_洪水扰动下交通-网络韧性与公平性_SCS_Natural_Hazards\GPT数据\Nature Portfolio_Project\01_前期数据支撑\ScientificReports_JB_Flood_Healthcare_Accessibility\gis\baseline\JB_Baseline_Healthcare_Accessibility_RSO.gpkg,Nature Portfolio_Project\01_前期数据支撑\ScientificReports_JB_Flood_Healthcare_Accessibility\gis\baseline\JB_Baseline_Healthcare_Accessibility_RSO.gpkg,JB_Baseline_Healthcare_Accessibility_RSO.gpkg,.gpkg,48787456,2026-10-05T06:19:14,8add70561c72aa9b2610fb9a70e9833f57d5c5183aa634623c8aa1aefec28401,2,False,False,
original,03_Nature_Portfolio_Project,D:\OneDrive\桌面\论文\2027年投稿期刊\论文项目\07_JB医疗可达性_洪水扰动下交通-网络韧性与公平性_SCS_Natural_Hazards\GPT数据\Nature Portfolio_Project\01_前期数据支撑\ScientificReports_JB_Flood_Healthcare_Accessibility\gis\baseline\JB_OSM_RoadNetwork_RoutingBuffer10km_RSO.gpkg,D:\OneDrive\桌面\论文\2027年投稿期刊\论文项目\07_JB医疗可达性_洪水扰动下交通-网络韧性与公平性_SCS_Natural_Hazards\GPT数据\Nature Portfolio_Project\01_前期数据支撑\ScientificReports_JB_Flood_Healthcare_Accessibility\gis\baseline\JB_OSM_RoadNetwork_RoutingBuffer10km_RSO.gpkg,Nature Portfolio_Project\01_前期数据支撑\ScientificReports_JB_Flood_Healthcare_Accessibility\gis\baseline\JB_OSM_RoadNetwork_RoutingBuffer10km_RSO.gpkg,JB_OSM_RoadNetwork_RoutingBuffer10km_RSO.gpkg,.gpkg,84766720,2026-10-04T18:58:45,71830853caa9408cd3cc7d87ae5a0df96d43308369c103e8d5aee700c6f6f183,2,False,False,
original,03_Nature_Portfolio_Project,D:\OneDrive\桌面\论文\2027年投稿期刊\论文项目\07_JB医疗可达性_洪水扰动下交通-网络韧性与公平性_SCS_Natural_Hazards\GPT数据\Nature Portfolio_Project\01_前期数据支撑\ScientificReports_JB_Flood_Healthcare_Accessibility\gis\baseline\JB_OSM_RoadNetwork_RoutingBuffer10km_RSO__COPY001.gpkg,D:\OneDrive\桌面\论文\2027年投稿期刊\论文项目\07_JB医疗可达性_洪水扰动下交通-网络韧性与公平性_SCS_Natural_Hazards\GPT数据\Nature Portfolio_Project\01_前期数据支撑\ScientificReports_JB_Flood_Healthcare_Accessibility\gis\baseline\JB_OSM_RoadNetwork_RoutingBuffer10km_RSO__COPY001.gpkg,Nature Portfolio_Project\01_前期数据支撑\ScientificReports_JB_Flood_Healthcare_Accessibility\gis\baseline\JB_OSM_RoadNetwork_RoutingBuffer10km_RSO__COPY001.gpkg,JB_OSM_RoadNetwork_RoutingBuffer10km_RSO__COPY001.gpkg,.gpkg,84766720,2026-10-04T18:58:45,71830853caa9408cd3cc7d87ae5a0df96d43308369c103e8d5aee700c6f6f183,1,False,False,
original,03_Nature_Portfolio_Project,D:\OneDrive\桌面\论文\2027年投稿期刊\论文项目\07_JB医疗可达性_洪水扰动下交通-网络韧性与公平性_SCS_Natural_Hazards\GPT数据\Nature Portfolio_Project\01_前期数据支撑\ScientificReports_JB_Flood_Healthcare_Accessibility\gis\baseline\JB_OSM_RoadNetwork_RoutingBuffer10km_WGS84.gpkg,D:\OneDrive\桌面\论文\2027年投稿期刊\论文项目\07_JB医疗可达性_洪水扰动下交通-网络韧性与公平性_SCS_Natural_Hazards\GPT数据\Nature Portfolio_Project\01_前期数据支撑\ScientificReports_JB_Flood_Healthcare_Accessibility\gis\baseline\JB_OSM_RoadNetwork_RoutingBuffer10km_WGS84.gpkg,Nature Portfolio_Project\01_前期数据支撑\ScientificReports_JB_Flood_Healthcare_Accessibility\gis\baseline\JB_OSM_RoadNetwork_RoutingBuffer10km_WGS84.gpkg,JB_OSM_RoadNetwork_RoutingBuffer10km_WGS84.gpkg,.gpkg,84819968,2026-10-04T18:58:41,2b29d6e5c579d23afee4e71781036a7907a2ffcf02e8a58bab0c6534687f1add,2,False,False,
original,03_Nature_Portfolio_Project,D:\OneDrive\桌面\论文\2027年投稿期刊\论文项目\07_JB医疗可达性_洪水扰动下交通-网络韧性与公平性_SCS_Natural_Hazards\GPT数据\Nature Portfolio_Project\01_前期数据支撑\ScientificReports_JB_Flood_Healthcare_Accessibility\gis\baseline\JB_OSM_RoadNetwork_RoutingBuffer10km_WGS84__COPY001.gpkg,D:\OneDrive\桌面\论文\2027年投稿期刊\论文项目\07_JB医疗可达性_洪水扰动下交通-网络韧性与公平性_SCS_Natural_Hazards\GPT数据\Nature Portfolio_Project\01_前期数据支撑\ScientificReports_JB_Flood_Healthcare_Accessibility\gis\baseline\JB_OSM_RoadNetwork_RoutingBuffer10km_WGS84__COPY001.gpkg,Nature Portfolio_Project\01_前期数据支撑\ScientificReports_JB_Flood_Healthcare_Accessibility\gis\baseline\JB_OSM_RoadNetwork_RoutingBuffer10km_WGS84__COPY001.gpkg,JB_OSM_RoadNetwork_RoutingBuffer10km_WGS84__COPY001.gpkg,.gpkg,84819968,2026-10-04T18:58:41,2b29d6e5c579d23afee4e71781036a7907a2ffcf02e8a58bab0c6534687f1add,1,False,False,
original,03_Nature_Portfolio_Project,D:\OneDrive\桌面\论文\2027年投稿期刊\论文项目\07_JB医疗可达性_洪水扰动下交通-网络韧性与公平性_SCS_Natural_Hazards\GPT数据\Nature Portfolio_Project\01_前期数据支撑\ScientificReports_JB_Flood_Healthcare_Accessibility\gis\critical_roads\D09_FloodSusceptibility_CriticalRoadPriority_RSO.gpkg,D:\OneDrive\桌面\论文\2027年投稿期刊\论文项目\07_JB医疗可达性_洪水扰动下交通-网络韧性与公平性_SCS_Natural_Hazards\GPT数据\Nature Portfolio_Project\01_前期数据支撑\ScientificReports_JB_Flood_Healthcare_Accessibility\gis\critical_roads\D09_FloodSusceptibility_CriticalRoadPriority_RSO.gpkg,Nature Portfolio_Project\01_前期数据支撑\ScientificReports_JB_Flood_Healthcare_Accessibility\gis\critical_roads\D09_FloodSusceptibility_CriticalRoadPriority_RSO.gpkg,D09_FloodSusceptibility_CriticalRoadPriority_RSO.gpkg,.gpkg,28131328,2026-10-05T06:19:14,fa6acf201242c3a76f087893edc9871d1e2588992b84eaf1144a08270a624554,1,False,False,
original,03_Nature_Portfolio_Project,D:\OneDrive\桌面\论文\2027年投稿期刊\论文项目\07_JB医疗可达性_洪水扰动下交通-网络韧性与公平性_SCS_Natural_Hazards\GPT数据\Nature Portfolio_Project\01_前期数据支撑\ScientificReports_JB_Flood_Healthcare_Accessibility\gis\critical_roads\D09_FloodSusceptibility_CriticalRoadPriority_WGS84.gpkg,D:\OneDrive\桌面\论文\2027年投稿期刊\论文项目\07_JB医疗可达性_洪水扰动下交通-网络韧性与公平性_SCS_Natural_Hazards\GPT数据\Nature Portfolio_Project\01_前期数据支撑\ScientificReports_JB_Flood_Healthcare_Accessibility\gis\critical_roads\D09_FloodSusceptibility_CriticalRoadPriority_WGS84.gpkg,Nature Portfolio_Project\01_前期数据支撑\ScientificReports_JB_Flood_Healthcare_Accessibility\gis\critical_roads\D09_FloodSusceptibility_CriticalRoadPriority_WGS84.gpkg,D09_FloodSusceptibility_CriticalRoadPriority_WGS84.gpkg,.gpkg,28200960,2026-10-05T06:19:14,93b2742dd0e4523825f4fde6f0ee567332cd591381969e78ad2936dd22d60c39,1,False,False,
original,03_Nature_Portfolio_Project,D:\OneDrive\桌面\论文\2027年投稿期刊\论文项目\07_JB医疗可达性_洪水扰动下交通-网络韧性与公平性_SCS_Natural_Hazards\GPT数据\Nature Portfolio_Project\01_前期数据支撑\ScientificReports_JB_Flood_Healthcare_Accessibility\gis\flood\D06R_Routing_Context_UNCHANGED_RSO.gpkg,D:\OneDrive\桌面\论文\2027年投稿期刊\论文项目\07_JB医疗可达性_洪水扰动下交通-网络韧性与公平性_SCS_Natural_Hazards\GPT数据\Nature Portfolio_Project\01_前期数据支撑\ScientificReports_JB_Flood_Healthcare_Accessibility\gis\flood\D06R_Routing_Context_UNCHANGED_RSO.gpkg,Nature Portfolio_Project\01_前期数据支撑\ScientificReports_JB_Flood_Healthcare_Accessibility\gis\flood\D06R_Routing_Context_UNCHANGED_RSO.gpkg,D06R_Routing_Context_UNCHANGED_RSO.gpkg,.gpkg,135168,2026-10-05T06:13:52,ed64bf808c99eb182b3b0fbcf2596ac6112ab6758b033c58efc834f2a16f4340,1,False,False,
original,03_Nature_Portfolio_Project,D:\OneDrive\桌面\论文\2027年投稿期刊\论文项目\07_JB医疗可达性_洪水扰动下交通-网络韧性与公平性_SCS_Natural_Hazards\GPT数据\Nature Portfolio_Project\01_前期数据支撑\ScientificReports_JB_Flood_Healthcare_Accessibility\gis\flood\D07B_Healthcare_Impacts_RSO.gpkg,D:\OneDrive\桌面\论文\2027年投稿期刊\论文项目\07_JB医疗可达性_洪水扰动下交通-网络韧性与公平性_SCS_Natural_Hazards\GPT数据\Nature Portfolio_Project\01_前期数据支撑\ScientificReports_JB_Flood_Healthcare_Accessibility\gis\flood\D07B_Healthcare_Impacts_RSO.gpkg,Nature Portfolio_Project\01_前期数据支撑\ScientificReports_JB_Flood_Healthcare_Accessibility\gis\flood\D07B_Healthcare_Impacts_RSO.gpkg,D07B_Healthcare_Impacts_RSO.gpkg,.gpkg,98304,2026-10-04T15:46:46,1f68c834954a05b8bdc2cf8ea2d1aa26fafac41e15dd5f9cd283091581fb1e5a,1,False,False,
original,03_Nature_Portfolio_Project,D:\OneDrive\桌面\论文\2027年投稿期刊\论文项目\07_JB医疗可达性_洪水扰动下交通-网络韧性与公平性_SCS_Natural_Hazards\GPT数据\Nature Portfolio_Project\01_前期数据支撑\ScientificReports_JB_Flood_Healthcare_Accessibility\gis\flood\D07B_JKR_Route_OSM_Candidates_RSO.gpkg,D:\OneDrive\桌面\论文\2027年投稿期刊\论文项目\07_JB医疗可达性_洪水扰动下交通-网络韧性与公平性_SCS_Natural_Hazards\GPT数据\Nature Portfolio_Project\01_前期数据支撑\ScientificReports_JB_Flood_Healthcare_Accessibility\gis\flood\D07B_JKR_Route_OSM_Candidates_RSO.gpkg,Nature Portfolio_Project\01_前期数据支撑\ScientificReports_JB_Flood_Healthcare_Accessibility\gis\flood\D07B_JKR_Route_OSM_Candidates_RSO.gpkg,D07B_JKR_Route_OSM_Candidates_RSO.gpkg,.gpkg,364544,2026-10-04T15:46:46,c64dc28e10eb9fc7a8b829d4af5c5e57174575854f9a4fc1a15b69939e50f0a8,1,False,False,
original,03_Nature_Portfolio_Project,D:\OneDrive\桌面\论文\2027年投稿期刊\论文项目\07_JB医疗可达性_洪水扰动下交通-网络韧性与公平性_SCS_Natural_Hazards\GPT数据\Nature Portfolio_Project\01_前期数据支撑\ScientificReports_JB_Flood_Healthcare_Accessibility\gis\flood\D07C_2023_Closure_RoadName_Candidates_RSO.gpkg,D:\OneDrive\桌面\论文\2027年投稿期刊\论文项目\07_JB医疗可达性_洪水扰动下交通-网络韧性与公平性_SCS_Natural_Hazards\GPT数据\Nature Portfolio_Project\01_前期数据支撑\ScientificReports_JB_Flood_Healthcare_Accessibility\gis\flood\D07C_2023_Closure_RoadName_Candidates_RSO.gpkg,Nature Portfolio_Project\01_前期数据支撑\ScientificReports_JB_Flood_Healthcare_Accessibility\gis\flood\D07C_2023_Closure_RoadName_Candidates_RSO.gpkg,D07C_2023_Closure_RoadName_Candidates_RSO.gpkg,.gpkg,126976,2026-10-04T17:11:26,9c0a2954ffb3045a24c721000e4003aa5c9611b96c8d53100f36b6a9cab3af0d,1,False,False,
original,03_Nature_Portfolio_Project,D:\OneDrive\桌面\论文\2027年投稿期刊\论文项目\07_JB医疗可达性_洪水扰动下交通-网络韧性与公平性_SCS_Natural_Hazards\GPT数据\Nature Portfolio_Project\01_前期数据支撑\ScientificReports_JB_Flood_Healthcare_Accessibility\gis\flood\D07C_Historical_Locations_OSM_Exact_RSO.gpkg,D:\OneDrive\桌面\论文\2027年投稿期刊\论文项目\07_JB医疗可达性_洪水扰动下交通-网络韧性与公平性_SCS_Natural_Hazards\GPT数据\Nature Portfolio_Project\01_前期数据支撑\ScientificReports_JB_Flood_Healthcare_Accessibility\gis\flood\D07C_Historical_Locations_OSM_Exact_RSO.gpkg,Nature Portfolio_Project\01_前期数据支撑\ScientificReports_JB_Flood_Healthcare_Accessibility\gis\flood\D07C_Historical_Locations_OSM_Exact_RSO.gpkg,D07C_Historical_Locations_OSM_Exact_RSO.gpkg,.gpkg,131072,2026-10-04T17:11:24,c8d2c9609b95d676423ac0b1e54851ee1d2a94424ed78437d13d871d22c3d69b,1,False,False,
original,03_Nature_Portfolio_Project,D:\OneDrive\桌面\论文\2027年投稿期刊\论文项目\07_JB医疗可达性_洪水扰动下交通-网络韧性与公平性_SCS_Natural_Hazards\GPT数据\Nature Portfolio_Project\01_前期数据支撑\ScientificReports_JB_Flood_Healthcare_Accessibility\gis\flood\D07C_JB_Official_Hotspots_OSM_Matched_RSO.gpkg,D:\OneDrive\桌面\论文\2027年投稿期刊\论文项目\07_JB医疗可达性_洪水扰动下交通-网络韧性与公平性_SCS_Natural_Hazards\GPT数据\Nature Portfolio_Project\01_前期数据支撑\ScientificReports_JB_Flood_Healthcare_Accessibility\gis\flood\D07C_JB_Official_Hotspots_OSM_Matched_RSO.gpkg,Nature Portfolio_Project\01_前期数据支撑\ScientificReports_JB_Flood_Healthcare_Accessibility\gis\flood\D07C_JB_Official_Hotspots_OSM_Matched_RSO.gpkg,D07C_JB_Official_Hotspots_OSM_Matched_RSO.gpkg,.gpkg,131072,2026-10-04T17:02:48,328f0d8c9a90def37bdf9b165a68e0b432a89c5ffd34f6b680bc845143b2a259,1,False,False,
original,03_Nature_Portfolio_Project,D:\OneDrive\桌面\论文\2027年投稿期刊\论文项目\07_JB医疗可达性_洪水扰动下交通-网络韧性与公平性_SCS_Natural_Hazards\GPT数据\Nature Portfolio_Project\01_前期数据支撑\ScientificReports_JB_Flood_Healthcare_Accessibility\gis\flood\D07E_GPM_IMERG_JB_GridCells_WGS84.gpkg,D:\OneDrive\桌面\论文\2027年投稿期刊\论文项目\07_JB医疗可达性_洪水扰动下交通-网络韧性与公平性_SCS_Natural_Hazards\GPT数据\Nature Portfolio_Project\01_前期数据支撑\ScientificReports_JB_Flood_Healthcare_Accessibility\gis\flood\D07E_GPM_IMERG_JB_GridCells_WGS84.gpkg,Nature Portfolio_Project\01_前期数据支撑\ScientificReports_JB_Flood_Healthcare_Accessibility\gis\flood\D07E_GPM_IMERG_JB_GridCells_WGS84.gpkg,D07E_GPM_IMERG_JB_GridCells_WGS84.gpkg,.gpkg,131072,2026-10-04T17:10:14,02aff3f7e3376ce32a74b227f20ee46a8edfa7e8edd2f94985bf9df90a0bea43,1,False,False,
original,03_Nature_Portfolio_Project,D:\OneDrive\桌面\论文\2027年投稿期刊\论文项目\07_JB医疗可达性_洪水扰动下交通-网络韧性与公平性_SCS_Natural_Hazards\GPT数据\Nature Portfolio_Project\01_前期数据支撑\ScientificReports_JB_Flood_Healthcare_Accessibility\gis\flood\D07E_IMERG_JB_Grid_Peaks_WGS84.gpkg,D:\OneDrive\桌面\论文\2027年投稿期刊\论文项目\07_JB医疗可达性_洪水扰动下交通-网络韧性与公平性_SCS_Natural_Hazards\GPT数据\Nature Portfolio_Project\01_前期数据支撑\ScientificReports_JB_Flood_Healthcare_Accessibility\gis\flood\D07E_IMERG_JB_Grid_Peaks_WGS84.gpkg,Nature Portfolio_Project\01_前期数据支撑\ScientificReports_JB_Flood_Healthcare_Accessibility\gis\flood\D07E_IMERG_JB_Grid_Peaks_WGS84.gpkg,D07E_IMERG_JB_Grid_Peaks_WGS84.gpkg,.gpkg,143360,2026-10-05T06:19:14,d24868dea57402fb34daa1e6e8cbcb3baf6cd4308274f6d2c8ca3b32d12f3bd8,2,False,False,
original,03_Nature_Portfolio_Project,D:\OneDrive\桌面\论文\2027年投稿期刊\论文项目\07_JB医疗可达性_洪水扰动下交通-网络韧性与公平性_SCS_Natural_Hazards\GPT数据\Nature Portfolio_Project\01_前期数据支撑\ScientificReports_JB_Flood_Healthcare_Accessibility\gis\flood\D07F_2023_SourceLimited_Closure_Spatialization_RSO.gpkg,D:\OneDrive\桌面\论文\2027年投稿期刊\论文项目\07_JB医疗可达性_洪水扰动下交通-网络韧性与公平性_SCS_Natural_Hazards\GPT数据\Nature Portfolio_Project\01_前期数据支撑\ScientificReports_JB_Flood_Healthcare_Accessibility\gis\flood\D07F_2023_SourceLimited_Closure_Spatialization_RSO.gpkg,Nature Portfolio_Project\01_前期数据支撑\ScientificReports_JB_Flood_Healthcare_Accessibility\gis\flood\D07F_2023_SourceLimited_Closure_Spatialization_RSO.gpkg,D07F_2023_SourceLimited_Closure_Spatialization_RSO.gpkg,.gpkg,172032,2026-10-05T01:00:54,7f875654075417f234fe6b8324802b203b373244516da1052c0698e713e32757,1,False,False,
original,03_Nature_Portfolio_Project,D:\OneDrive\桌面\论文\2027年投稿期刊\论文项目\07_JB医疗可达性_洪水扰动下交通-网络韧性与公平性_SCS_Natural_Hazards\GPT数据\Nature Portfolio_Project\01_前期数据支撑\ScientificReports_JB_Flood_Healthcare_Accessibility\gis\flood\D07F_Authorized_Closure_Spatialization_RSO.gpkg,D:\OneDrive\桌面\论文\2027年投稿期刊\论文项目\07_JB医疗可达性_洪水扰动下交通-网络韧性与公平性_SCS_Natural_Hazards\GPT数据\Nature Portfolio_Project\01_前期数据支撑\ScientificReports_JB_Flood_Healthcare_Accessibility\gis\flood\D07F_Authorized_Closure_Spatialization_RSO.gpkg,Nature Portfolio_Project\01_前期数据支撑\ScientificReports_JB_Flood_Healthcare_Accessibility\gis\flood\D07F_Authorized_Closure_Spatialization_RSO.gpkg,D07F_Authorized_Closure_Spatialization_RSO.gpkg,.gpkg,159744,2026-10-05T01:08:30,499f66c2b95f5807c63560fd23a38bc7c9cda40df4d1366b7c6ffb084264af84,1,False,False,
original,03_Nature_Portfolio_Project,D:\OneDrive\桌面\论文\2027年投稿期刊\论文项目\07_JB医疗可达性_洪水扰动下交通-网络韧性与公平性_SCS_Natural_Hazards\GPT数据\Nature Portfolio_Project\01_前期数据支撑\ScientificReports_JB_Flood_Healthcare_Accessibility\gis\flood\JB_D06R_Corrected_Healthcare_Accessibility_RSO.gpkg,D:\OneDrive\桌面\论文\2027年投稿期刊\论文项目\07_JB医疗可达性_洪水扰动下交通-网络韧性与公平性_SCS_Natural_Hazards\GPT数据\Nature Portfolio_Project\01_前期数据支撑\ScientificReports_JB_Flood_Healthcare_Accessibility\gis\flood\JB_D06R_Corrected_Healthcare_Accessibility_RSO.gpkg,Nature Portfolio_Project\01_前期数据支撑\ScientificReports_JB_Flood_Healthcare_Accessibility\gis\flood\JB_D06R_Corrected_Healthcare_Accessibility_RSO.gpkg,JB_D06R_Corrected_Healthcare_Accessibility_RSO.gpkg,.gpkg,54329344,2026-10-05T06:14:02,3c477791a31682cdc36a5f6c306be32cf5120bce6edc79125874b82cfa3996c7,2,False,False,
original,03_Nature_Portfolio_Project,D:\OneDrive\桌面\论文\2027年投稿期刊\论文项目\07_JB医疗可达性_洪水扰动下交通-网络韧性与公平性_SCS_Natural_Hazards\GPT数据\Nature Portfolio_Project\01_前期数据支撑\ScientificReports_JB_Flood_Healthcare_Accessibility\gis\flood\JB_Flood_Evidence_and_Road_Susceptibility_Screening_RSO.gpkg,D:\OneDrive\桌面\论文\2027年投稿期刊\论文项目\07_JB医疗可达性_洪水扰动下交通-网络韧性与公平性_SCS_Natural_Hazards\GPT数据\Nature Portfolio_Project\01_前期数据支撑\ScientificReports_JB_Flood_Healthcare_Accessibility\gis\flood\JB_Flood_Evidence_and_Road_Susceptibility_Screening_RSO.gpkg,Nature Portfolio_Project\01_前期数据支撑\ScientificReports_JB_Flood_Healthcare_Accessibility\gis\flood\JB_Flood_Evidence_and_Road_Susceptibility_Screening_RSO.gpkg,JB_Flood_Evidence_and_Road_Susceptibility_Screening_RSO.gpkg,.gpkg,55484416,2026-10-05T12:14:54,cc5e4d6a6e65fff716ab578d5f8a98bd8bee189d48bb3ca2a437e8aa1584d8f4,2,False,False,
original,03_Nature_Portfolio_Project,D:\OneDrive\桌面\论文\2027年投稿期刊\论文项目\07_JB医疗可达性_洪水扰动下交通-网络韧性与公平性_SCS_Natural_Hazards\GPT数据\Nature Portfolio_Project\01_前期数据支撑\ScientificReports_JB_Flood_Healthcare_Accessibility\gis\recovery\D10_RecoveryBenefit_SpatialEquity_RSO.gpkg,D:\OneDrive\桌面\论文\2027年投稿期刊\论文项目\07_JB医疗可达性_洪水扰动下交通-网络韧性与公平性_SCS_Natural_Hazards\GPT数据\Nature Portfolio_Project\01_前期数据支撑\ScientificReports_JB_Flood_Healthcare_Accessibility\gis\recovery\D10_RecoveryBenefit_SpatialEquity_RSO.gpkg,Nature Portfolio_Project\01_前期数据支撑\ScientificReports_JB_Flood_Healthcare_Accessibility\gis\recovery\D10_RecoveryBenefit_SpatialEquity_RSO.gpkg,D10_RecoveryBenefit_SpatialEquity_RSO.gpkg,.gpkg,294912,2026-10-05T06:19:14,d6c7bd97df4a039cd4bc95ac0b4f8f28f0553882f5cb882e68d8efd34bffecc7,2,False,False,
original,03_Nature_Portfolio_Project,D:\OneDrive\桌面\论文\2027年投稿期刊\论文项目\07_JB医疗可达性_洪水扰动下交通-网络韧性与公平性_SCS_Natural_Hazards\GPT数据\Nature Portfolio_Project\01_前期数据支撑\ScientificReports_JB_Flood_Healthcare_Accessibility\gis\study_area\JB_District_Boundary_MyGDI_WGS84.geojson,D:\OneDrive\桌面\论文\2027年投稿期刊\论文项目\07_JB医疗可达性_洪水扰动下交通-网络韧性与公平性_SCS_Natural_Hazards\GPT数据\Nature Portfolio_Project\01_前期数据支撑\ScientificReports_JB_Flood_Healthcare_Accessibility\gis\study_area\JB_District_Boundary_MyGDI_WGS84.geojson,Nature Portfolio_Project\01_前期数据支撑\ScientificReports_JB_Flood_Healthcare_Accessibility\gis\study_area\JB_District_Boundary_MyGDI_WGS84.geojson,JB_District_Boundary_MyGDI_WGS84.geojson,.geojson,34489,2026-10-04T16:54:59,58192628dffbea2415c7d5c996415a0a7838a5a4b9f156a8e4c7d3f4d3c6b524,3,False,False,
original,03_Nature_Portfolio_Project,D:\OneDrive\桌面\论文\2027年投稿期刊\论文项目\07_JB医疗可达性_洪水扰动下交通-网络韧性与公平性_SCS_Natural_Hazards\GPT数据\Nature Portfolio_Project\01_前期数据支撑\ScientificReports_JB_Flood_Healthcare_Accessibility\gis\study_area\JB_Study_Area_Final.gpkg,D:\OneDrive\桌面\论文\2027年投稿期刊\论文项目\07_JB医疗可达性_洪水扰动下交通-网络韧性与公平性_SCS_Natural_Hazards\GPT数据\Nature Portfolio_Project\01_前期数据支撑\ScientificReports_JB_Flood_Healthcare_Accessibility\gis\study_area\JB_Study_Area_Final.gpkg,Nature Portfolio_Project\01_前期数据支撑\ScientificReports_JB_Flood_Healthcare_Accessibility\gis\study_area\JB_Study_Area_Final.gpkg,JB_Study_Area_Final.gpkg,.gpkg,180224,2026-10-04T10:32:24,05e601b6737b80b73ffb9d4561189265cedd8be08aa066c92b7303fa2da1dd61,2,False,False,
original,03_Nature_Portfolio_Project,D:\OneDrive\桌面\论文\2027年投稿期刊\论文项目\07_JB医疗可达性_洪水扰动下交通-网络韧性与公平性_SCS_Natural_Hazards\GPT数据\Nature Portfolio_Project\01_前期数据支撑\ScientificReports_JB_Flood_Healthcare_Accessibility\gis\study_area\JB_Study_Area_Final_RSO.gpkg,D:\OneDrive\桌面\论文\2027年投稿期刊\论文项目\07_JB医疗可达性_洪水扰动下交通-网络韧性与公平性_SCS_Natural_Hazards\GPT数据\Nature Portfolio_Project\01_前期数据支撑\ScientificReports_JB_Flood_Healthcare_Accessibility\gis\study_area\JB_Study_Area_Final_RSO.gpkg,Nature Portfolio_Project\01_前期数据支撑\ScientificReports_JB_Flood_Healthcare_Accessibility\gis\study_area\JB_Study_Area_Final_RSO.gpkg,JB_Study_Area_Final_RSO.gpkg,.gpkg,180224,2026-10-04T10:32:24,bf4ade845bcd3c2b0d5cab83e4b2f7b03245b859d61a2c3de8c235c62247b75d,2,False,False,
original,03_Nature_Portfolio_Project,D:\OneDrive\桌面\论文\2027年投稿期刊\论文项目\07_JB医疗可达性_洪水扰动下交通-网络韧性与公平性_SCS_Natural_Hazards\GPT数据\Nature Portfolio_Project\01_前期数据支撑\ScientificReports_JB_Flood_Healthcare_Accessibility\gis\study_area\JB_Study_Area_Final_RSO__COPY001.gpkg,D:\OneDrive\桌面\论文\2027年投稿期刊\论文项目\07_JB医疗可达性_洪水扰动下交通-网络韧性与公平性_SCS_Natural_Hazards\GPT数据\Nature Portfolio_Project\01_前期数据支撑\ScientificReports_JB_Flood_Healthcare_Accessibility\gis\study_area\JB_Study_Area_Final_RSO__COPY001.gpkg,Nature Portfolio_Project\01_前期数据支撑\ScientificReports_JB_Flood_Healthcare_Accessibility\gis\study_area\JB_Study_Area_Final_RSO__COPY001.gpkg,JB_Study_Area_Final_RSO__COPY001.gpkg,.gpkg,180224,2026-10-04T10:32:24,bf4ade845bcd3c2b0d5cab83e4b2f7b03245b859d61a2c3de8c235c62247b75d,1,False,False,
original,03_Nature_Portfolio_Project,D:\OneDrive\桌面\论文\2027年投稿期刊\论文项目\07_JB医疗可达性_洪水扰动下交通-网络韧性与公平性_SCS_Natural_Hazards\GPT数据\Nature Portfolio_Project\01_前期数据支撑\ScientificReports_JB_Flood_Healthcare_Accessibility\gis\study_area\JB_Study_Area_Final__COPY001.gpkg,D:\OneDrive\桌面\论文\2027年投稿期刊\论文项目\07_JB医疗可达性_洪水扰动下交通-网络韧性与公平性_SCS_Natural_Hazards\GPT数据\Nature Portfolio_Project\01_前期数据支撑\ScientificReports_JB_Flood_Healthcare_Accessibility\gis\study_area\JB_Study_Area_Final__COPY001.gpkg,Nature Portfolio_Project\01_前期数据支撑\ScientificReports_JB_Flood_Healthcare_Accessibility\gis\study_area\JB_Study_Area_Final__COPY001.gpkg,JB_Study_Area_Final__COPY001.gpkg,.gpkg,180224,2026-10-04T10:32:24,05e601b6737b80b73ffb9d4561189265cedd8be08aa066c92b7303fa2da1dd61,1,False,False,
original,03_Nature_Portfolio_Project,D:\OneDrive\桌面\论文\2027年投稿期刊\论文项目\07_JB医疗可达性_洪水扰动下交通-网络韧性与公平性_SCS_Natural_Hazards\GPT数据\Nature Portfolio_Project\01_前期数据支撑\ScientificReports_JB_Flood_Healthcare_Accessibility\metadata\data_dictionary\D02_Road_Data_Dictionary.csv,D:\OneDrive\桌面\论文\2027年投稿期刊\论文项目\07_JB医疗可达性_洪水扰动下交通-网络韧性与公平性_SCS_Natural_Hazards\GPT数据\Nature Portfolio_Project\01_前期数据支撑\ScientificReports_JB_Flood_Healthcare_Accessibility\metadata\data_dictionary\D02_Road_Data_Dictionary.csv,Nature Portfolio_Project\01_前期数据支撑\ScientificReports_JB_Flood_Healthcare_Accessibility\metadata\data_dictionary\D02_Road_Data_Dictionary.csv,D02_Road_Data_Dictionary.csv,.csv,4140,2026-10-04T18:59:27,70f6b866f5103223ce777d3c2d0f86db9cf803abc066ef28ef2c27513d7cc67e,2,False,False,
original,03_Nature_Portfolio_Project,D:\OneDrive\桌面\论文\2027年投稿期刊\论文项目\07_JB医疗可达性_洪水扰动下交通-网络韧性与公平性_SCS_Natural_Hazards\GPT数据\Nature Portfolio_Project\01_前期数据支撑\ScientificReports_JB_Flood_Healthcare_Accessibility\metadata\data_dictionary\D02_Road_Data_Dictionary__COPY001.csv,D:\OneDrive\桌面\论文\2027年投稿期刊\论文项目\07_JB医疗可达性_洪水扰动下交通-网络韧性与公平性_SCS_Natural_Hazards\GPT数据\Nature Portfolio_Project\01_前期数据支撑\ScientificReports_JB_Flood_Healthcare_Accessibility\metadata\data_dictionary\D02_Road_Data_Dictionary__COPY001.csv,Nature Portfolio_Project\01_前期数据支撑\ScientificReports_JB_Flood_Healthcare_Accessibility\metadata\data_dictionary\D02_Road_Data_Dictionary__COPY001.csv,D02_Road_Data_Dictionary__COPY001.csv,.csv,4140,2026-10-04T18:59:27,70f6b866f5103223ce777d3c2d0f86db9cf803abc066ef28ef2c27513d7cc67e,1,False,False,
original,03_Nature_Portfolio_Project,D:\OneDrive\桌面\论文\2027年投稿期刊\论文项目\07_JB医疗可达性_洪水扰动下交通-网络韧性与公平性_SCS_Natural_Hazards\GPT数据\Nature Portfolio_Project\01_前期数据支撑\ScientificReports_JB_Flood_Healthcare_Accessibility\metadata\data_dictionary\D06R_Data_Dictionary.csv,D:\OneDrive\桌面\论文\2027年投稿期刊\论文项目\07_JB医疗可达性_洪水扰动下交通-网络韧性与公平性_SCS_Natural_Hazards\GPT数据\Nature Portfolio_Project\01_前期数据支撑\ScientificReports_JB_Flood_Healthcare_Accessibility\metadata\data_dictionary\D06R_Data_Dictionary.csv,Nature Portfolio_Project\01_前期数据支撑\ScientificReports_JB_Flood_Healthcare_Accessibility\metadata\data_dictionary\D06R_Data_Dictionary.csv,D06R_Data_Dictionary.csv,.csv,520,2026-10-05T06:14:02,0aa0e9cf460fabd86286c9dca337ff7c0b06a7eb7d9ea425278d409e324dca30,1,False,False,
original,03_Nature_Portfolio_Project,D:\OneDrive\桌面\论文\2027年投稿期刊\论文项目\07_JB医疗可达性_洪水扰动下交通-网络韧性与公平性_SCS_Natural_Hazards\GPT数据\Nature Portfolio_Project\01_前期数据支撑\ScientificReports_JB_Flood_Healthcare_Accessibility\metadata\data_dictionary\D07AB_Data_Dictionary.csv,D:\OneDrive\桌面\论文\2027年投稿期刊\论文项目\07_JB医疗可达性_洪水扰动下交通-网络韧性与公平性_SCS_Natural_Hazards\GPT数据\Nature Portfolio_Project\01_前期数据支撑\ScientificReports_JB_Flood_Healthcare_Accessibility\metadata\data_dictionary\D07AB_Data_Dictionary.csv,Nature Portfolio_Project\01_前期数据支撑\ScientificReports_JB_Flood_Healthcare_Accessibility\metadata\data_dictionary\D07AB_Data_Dictionary.csv,D07AB_Data_Dictionary.csv,.csv,874,2026-10-04T15:46:46,df305686331a8e3249fa4cbf5330de8a5d2875987585fadada032c60597fa623,1,False,False,
original,03_Nature_Portfolio_Project,D:\OneDrive\桌面\论文\2027年投稿期刊\论文项目\07_JB医疗可达性_洪水扰动下交通-网络韧性与公平性_SCS_Natural_Hazards\GPT数据\Nature Portfolio_Project\01_前期数据支撑\ScientificReports_JB_Flood_Healthcare_Accessibility\metadata\data_dictionary\D07C_D07E_Data_Dictionary.csv,D:\OneDrive\桌面\论文\2027年投稿期刊\论文项目\07_JB医疗可达性_洪水扰动下交通-网络韧性与公平性_SCS_Natural_Hazards\GPT数据\Nature Portfolio_Project\01_前期数据支撑\ScientificReports_JB_Flood_Healthcare_Accessibility\metadata\data_dictionary\D07C_D07E_Data_Dictionary.csv,Nature Portfolio_Project\01_前期数据支撑\ScientificReports_JB_Flood_Healthcare_Accessibility\metadata\data_dictionary\D07C_D07E_Data_Dictionary.csv,D07C_D07E_Data_Dictionary.csv,.csv,862,2026-10-04T17:13:12,c029e109a60ffb8619dbb9cb0d2c28faa9a83e65374e297726464df5c6b4ba8d,1,False,False,
original,03_Nature_Portfolio_Project,D:\OneDrive\桌面\论文\2027年投稿期刊\论文项目\07_JB医疗可达性_洪水扰动下交通-网络韧性与公平性_SCS_Natural_Hazards\GPT数据\Nature Portfolio_Project\01_前期数据支撑\ScientificReports_JB_Flood_Healthcare_Accessibility\metadata\data_dictionary\D07E_Final_Data_Dictionary.csv,D:\OneDrive\桌面\论文\2027年投稿期刊\论文项目\07_JB医疗可达性_洪水扰动下交通-网络韧性与公平性_SCS_Natural_Hazards\GPT数据\Nature Portfolio_Project\01_前期数据支撑\ScientificReports_JB_Flood_Healthcare_Accessibility\metadata\data_dictionary\D07E_Final_Data_Dictionary.csv,Nature Portfolio_Project\01_前期数据支撑\ScientificReports_JB_Flood_Healthcare_Accessibility\metadata\data_dictionary\D07E_Final_Data_Dictionary.csv,D07E_Final_Data_Dictionary.csv,.csv,639,2026-10-05T03:31:38,b1f9afe63e994a649ecebe6c88fb5b7e3517a90b122c4df6a96c2f4514c80564,1,False,False,
original,03_Nature_Portfolio_Project,D:\OneDrive\桌面\论文\2027年投稿期刊\论文项目\07_JB医疗可达性_洪水扰动下交通-网络韧性与公平性_SCS_Natural_Hazards\GPT数据\Nature Portfolio_Project\01_前期数据支撑\ScientificReports_JB_Flood_Healthcare_Accessibility\metadata\data_dictionary\D07F_Data_Dictionary.csv,D:\OneDrive\桌面\论文\2027年投稿期刊\论文项目\07_JB医疗可达性_洪水扰动下交通-网络韧性与公平性_SCS_Natural_Hazards\GPT数据\Nature Portfolio_Project\01_前期数据支撑\ScientificReports_JB_Flood_Healthcare_Accessibility\metadata\data_dictionary\D07F_Data_Dictionary.csv,Nature Portfolio_Project\01_前期数据支撑\ScientificReports_JB_Flood_Healthcare_Accessibility\metadata\data_dictionary\D07F_Data_Dictionary.csv,D07F_Data_Dictionary.csv,.csv,905,2026-10-05T01:08:30,c3be5e0f20b113f660aaab90ec7f13495b9d31e10054a868cb614e8eab60b41c,1,False,False,
original,03_Nature_Portfolio_Project,D:\OneDrive\桌面\论文\2027年投稿期刊\论文项目\07_JB医疗可达性_洪水扰动下交通-网络韧性与公平性_SCS_Natural_Hazards\GPT数据\Nature Portfolio_Project\01_前期数据支撑\ScientificReports_JB_Flood_Healthcare_Accessibility\metadata\data_dictionary\D09_Data_Dictionary.csv,D:\OneDrive\桌面\论文\2027年投稿期刊\论文项目\07_JB医疗可达性_洪水扰动下交通-网络韧性与公平性_SCS_Natural_Hazards\GPT数据\Nature Portfolio_Project\01_前期数据支撑\ScientificReports_JB_Flood_Healthcare_Accessibility\metadata\data_dictionary\D09_Data_Dictionary.csv,Nature Portfolio_Project\01_前期数据支撑\ScientificReports_JB_Flood_Healthcare_Accessibility\metadata\data_dictionary\D09_Data_Dictionary.csv,D09_Data_Dictionary.csv,.csv,1133,2026-10-05T04:27:58,fa43e09d07aa24147ece2379f6dcd056e9bf13e2d9771ca99a1a231aa27dd41c,1,False,False,
original,03_Nature_Portfolio_Project,D:\OneDrive\桌面\论文\2027年投稿期刊\论文项目\07_JB医疗可达性_洪水扰动下交通-网络韧性与公平性_SCS_Natural_Hazards\GPT数据\Nature Portfolio_Project\01_前期数据支撑\ScientificReports_JB_Flood_Healthcare_Accessibility\metadata\data_dictionary\D10_Data_Dictionary.csv,D:\OneDrive\桌面\论文\2027年投稿期刊\论文项目\07_JB医疗可达性_洪水扰动下交通-网络韧性与公平性_SCS_Natural_Hazards\GPT数据\Nature Portfolio_Project\01_前期数据支撑\ScientificReports_JB_Flood_Healthcare_Accessibility\metadata\data_dictionary\D10_Data_Dictionary.csv,Nature Portfolio_Project\01_前期数据支撑\ScientificReports_JB_Flood_Healthcare_Accessibility\metadata\data_dictionary\D10_Data_Dictionary.csv,D10_Data_Dictionary.csv,.csv,871,2026-10-05T04:36:32,99203e375f927e79131ab830e704f0a718c48703495cbbadee7d160b0794b3e0,1,False,False,
original,03_Nature_Portfolio_Project,D:\OneDrive\桌面\论文\2027年投稿期刊\论文项目\07_JB医疗可达性_洪水扰动下交通-网络韧性与公平性_SCS_Natural_Hazards\GPT数据\Nature Portfolio_Project\01_前期数据支撑\ScientificReports_JB_Flood_Healthcare_Accessibility\metadata\manifests\D07E_GPM_IMERG_V07B_20250319_21_MYT_144_Granule_Manifest.csv,D:\OneDrive\桌面\论文\2027年投稿期刊\论文项目\07_JB医疗可达性_洪水扰动下交通-网络韧性与公平性_SCS_Natural_Hazards\GPT数据\Nature Portfolio_Project\01_前期数据支撑\ScientificReports_JB_Flood_Healthcare_Accessibility\metadata\manifests\D07E_GPM_IMERG_V07B_20250319_21_MYT_144_Granule_Manifest.csv,Nature Portfolio_Project\01_前期数据支撑\ScientificReports_JB_Flood_Healthcare_Accessibility\metadata\manifests\D07E_GPM_IMERG_V07B_20250319_21_MYT_144_Granule_Manifest.csv,D07E_GPM_IMERG_V07B_20250319_21_MYT_144_Granule_Manifest.csv,.csv,76411,2026-10-04T17:10:14,8d31c16b1a74322dd014990f6a5dc98ae28bab2abbfba6fe396373c8aac8bfde,1,False,False,
original,03_Nature_Portfolio_Project,D:\OneDrive\桌面\论文\2027年投稿期刊\论文项目\07_JB医疗可达性_洪水扰动下交通-网络韧性与公平性_SCS_Natural_Hazards\GPT数据\Nature Portfolio_Project\01_前期数据支撑\ScientificReports_JB_Flood_Healthcare_Accessibility\metadata\manifests\FILE_MANIFEST.csv,D:\OneDrive\桌面\论文\2027年投稿期刊\论文项目\07_JB医疗可达性_洪水扰动下交通-网络韧性与公平性_SCS_Natural_Hazards\GPT数据\Nature Portfolio_Project\01_前期数据支撑\ScientificReports_JB_Flood_Healthcare_Accessibility\metadata\manifests\FILE_MANIFEST.csv,Nature Portfolio_Project\01_前期数据支撑\ScientificReports_JB_Flood_Healthcare_Accessibility\metadata\manifests\FILE_MANIFEST.csv,FILE_MANIFEST.csv,.csv,114393,2026-10-05T15:16:21,768a665df38d5c584a1fba4e10e7ceb82c823034fc53f29902745c1b0fb682a0,1,False,False,
original,03_Nature_Portfolio_Project,D:\OneDrive\桌面\论文\2027年投稿期刊\论文项目\07_JB医疗可达性_洪水扰动下交通-网络韧性与公平性_SCS_Natural_Hazards\GPT数据\Nature Portfolio_Project\01_前期数据支撑\ScientificReports_JB_Flood_Healthcare_Accessibility\metadata\manifests\GITHUB_RENAME_MAP.csv,D:\OneDrive\桌面\论文\2027年投稿期刊\论文项目\07_JB医疗可达性_洪水扰动下交通-网络韧性与公平性_SCS_Natural_Hazards\GPT数据\Nature Portfolio_Project\01_前期数据支撑\ScientificReports_JB_Flood_Healthcare_Accessibility\metadata\manifests\GITHUB_RENAME_MAP.csv,Nature Portfolio_Project\01_前期数据支撑\ScientificReports_JB_Flood_Healthcare_Accessibility\metadata\manifests\GITHUB_RENAME_MAP.csv,GITHUB_RENAME_MAP.csv,.csv,3,2026-10-05T15:16:21,f1945cd6c19e56b3c1c78943ef5ec18116907a4ca1efc40a57d48ab1db7adfc5,1,False,False,
original,03_Nature_Portfolio_Project,D:\OneDrive\桌面\论文\2027年投稿期刊\论文项目\07_JB医疗可达性_洪水扰动下交通-网络韧性与公平性_SCS_Natural_Hazards\GPT数据\Nature Portfolio_Project\01_前期数据支撑\ScientificReports_JB_Flood_Healthcare_Accessibility\metadata\manifests\GITHUB_SIZE_AUDIT.csv,D:\OneDrive\桌面\论文\2027年投稿期刊\论文项目\07_JB医疗可达性_洪水扰动下交通-网络韧性与公平性_SCS_Natural_Hazards\GPT数据\Nature Portfolio_Project\01_前期数据支撑\ScientificReports_JB_Flood_Healthcare_Accessibility\metadata\manifests\GITHUB_SIZE_AUDIT.csv,Nature Portfolio_Project\01_前期数据支撑\ScientificReports_JB_Flood_Healthcare_Accessibility\metadata\manifests\GITHUB_SIZE_AUDIT.csv,GITHUB_SIZE_AUDIT.csv,.csv,36725,2026-10-05T15:16:21,09dd505e29e709215e04cbf75c0ac02936af359ec4446c2f8ff7b521c70c3158,1,False,False,
original,03_Nature_Portfolio_Project,D:\OneDrive\桌面\论文\2027年投稿期刊\论文项目\07_JB医疗可达性_洪水扰动下交通-网络韧性与公平性_SCS_Natural_Hazards\GPT数据\Nature Portfolio_Project\01_前期数据支撑\ScientificReports_JB_Flood_Healthcare_Accessibility\metadata\manifests\README_LINK_AUDIT.csv,D:\OneDrive\桌面\论文\2027年投稿期刊\论文项目\07_JB医疗可达性_洪水扰动下交通-网络韧性与公平性_SCS_Natural_Hazards\GPT数据\Nature Portfolio_Project\01_前期数据支撑\ScientificReports_JB_Flood_Healthcare_Accessibility\metadata\manifests\README_LINK_AUDIT.csv,Nature Portfolio_Project\01_前期数据支撑\ScientificReports_JB_Flood_Healthcare_Accessibility\metadata\manifests\README_LINK_AUDIT.csv,README_LINK_AUDIT.csv,.csv,330,2026-10-05T15:16:21,4e83a836b90a9ed1ab60b78d5c2732e0991a16cc1780779c868ee772f4167966,1,False,False,
original,03_Nature_Portfolio_Project,D:\OneDrive\桌面\论文\2027年投稿期刊\论文项目\07_JB医疗可达性_洪水扰动下交通-网络韧性与公平性_SCS_Natural_Hazards\GPT数据\Nature Portfolio_Project\01_前期数据支撑\ScientificReports_JB_Flood_Healthcare_Accessibility\metadata\manifests\REPOSITORY_FREEZE_SUMMARY.json,D:\OneDrive\桌面\论文\2027年投稿期刊\论文项目\07_JB医疗可达性_洪水扰动下交通-网络韧性与公平性_SCS_Natural_Hazards\GPT数据\Nature Portfolio_Project\01_前期数据支撑\ScientificReports_JB_Flood_Healthcare_Accessibility\metadata\manifests\REPOSITORY_FREEZE_SUMMARY.json,Nature Portfolio_Project\01_前期数据支撑\ScientificReports_JB_Flood_Healthcare_Accessibility\metadata\manifests\REPOSITORY_FREEZE_SUMMARY.json,REPOSITORY_FREEZE_SUMMARY.json,.json,619,2026-10-05T15:16:21,d8d2a574c673eb3bb9ca6fcf8f27c7e10aa7b04ca4d25dda9ed14430ae38aa05,1,False,False,
original,03_Nature_Portfolio_Project,D:\OneDrive\桌面\论文\2027年投稿期刊\论文项目\07_JB医疗可达性_洪水扰动下交通-网络韧性与公平性_SCS_Natural_Hazards\GPT数据\Nature Portfolio_Project\01_前期数据支撑\ScientificReports_JB_Flood_Healthcare_Accessibility\metadata\provenance\D02B_process_osm.py,D:\OneDrive\桌面\论文\2027年投稿期刊\论文项目\07_JB医疗可达性_洪水扰动下交通-网络韧性与公平性_SCS_Natural_Hazards\GPT数据\Nature Portfolio_Project\01_前期数据支撑\ScientificReports_JB_Flood_Healthcare_Accessibility\metadata\provenance\D02B_process_osm.py,Nature Portfolio_Project\01_前期数据支撑\ScientificReports_JB_Flood_Healthcare_Accessibility\metadata\provenance\D02B_process_osm.py,D02B_process_osm.py,.py,31355,2026-10-04T18:51:54,9cc8958ab0ee21a24f1cd2950541da9a6a0f45c6f9e5ec728ef928fc1a848e58,2,False,False,
original,03_Nature_Portfolio_Project,D:\OneDrive\桌面\论文\2027年投稿期刊\论文项目\07_JB医疗可达性_洪水扰动下交通-网络韧性与公平性_SCS_Natural_Hazards\GPT数据\Nature Portfolio_Project\01_前期数据支撑\ScientificReports_JB_Flood_Healthcare_Accessibility\metadata\provenance\D02B_process_osm__COPY001.py,D:\OneDrive\桌面\论文\2027年投稿期刊\论文项目\07_JB医疗可达性_洪水扰动下交通-网络韧性与公平性_SCS_Natural_Hazards\GPT数据\Nature Portfolio_Project\01_前期数据支撑\ScientificReports_JB_Flood_Healthcare_Accessibility\metadata\provenance\D02B_process_osm__COPY001.py,Nature Portfolio_Project\01_前期数据支撑\ScientificReports_JB_Flood_Healthcare_Accessibility\metadata\provenance\D02B_process_osm__COPY001.py,D02B_process_osm__COPY001.py,.py,31355,2026-10-04T18:51:54,9cc8958ab0ee21a24f1cd2950541da9a6a0f45c6f9e5ec728ef928fc1a848e58,1,False,False,
original,03_Nature_Portfolio_Project,D:\OneDrive\桌面\论文\2027年投稿期刊\论文项目\07_JB医疗可达性_洪水扰动下交通-网络韧性与公平性_SCS_Natural_Hazards\GPT数据\Nature Portfolio_Project\01_前期数据支撑\ScientificReports_JB_Flood_Healthcare_Accessibility\metadata\provenance\D02B_process_osm__COPY002.py,D:\OneDrive\桌面\论文\2027年投稿期刊\论文项目\07_JB医疗可达性_洪水扰动下交通-网络韧性与公平性_SCS_Natural_Hazards\GPT数据\Nature Portfolio_Project\01_前期数据支撑\ScientificReports_JB_Flood_Healthcare_Accessibility\metadata\provenance\D02B_process_osm__COPY002.py,Nature Portfolio_Project\01_前期数据支撑\ScientificReports_JB_Flood_Healthcare_Accessibility\metadata\provenance\D02B_process_osm__COPY002.py,D02B_process_osm__COPY002.py,.py,31355,2026-10-04T18:51:54,9cc8958ab0ee21a24f1cd2950541da9a6a0f45c6f9e5ec728ef928fc1a848e58,1,False,False,
original,03_Nature_Portfolio_Project,D:\OneDrive\桌面\论文\2027年投稿期刊\论文项目\07_JB医疗可达性_洪水扰动下交通-网络韧性与公平性_SCS_Natural_Hazards\GPT数据\Nature Portfolio_Project\01_前期数据支撑\ScientificReports_JB_Flood_Healthcare_Accessibility\metadata\provenance\D02_OSM_Download_Log.txt,D:\OneDrive\桌面\论文\2027年投稿期刊\论文项目\07_JB医疗可达性_洪水扰动下交通-网络韧性与公平性_SCS_Natural_Hazards\GPT数据\Nature Portfolio_Project\01_前期数据支撑\ScientificReports_JB_Flood_Healthcare_Accessibility\metadata\provenance\D02_OSM_Download_Log.txt,Nature Portfolio_Project\01_前期数据支撑\ScientificReports_JB_Flood_Healthcare_Accessibility\metadata\provenance\D02_OSM_Download_Log.txt,D02_OSM_Download_Log.txt,.txt,394,2026-10-04T18:59:27,9ac91184924fd8f7a8d9660b44f484af49d38d137769c4af2230d0313fdcb0c7,2,False,False,
original,03_Nature_Portfolio_Project,D:\OneDrive\桌面\论文\2027年投稿期刊\论文项目\07_JB医疗可达性_洪水扰动下交通-网络韧性与公平性_SCS_Natural_Hazards\GPT数据\Nature Portfolio_Project\01_前期数据支撑\ScientificReports_JB_Flood_Healthcare_Accessibility\metadata\provenance\D02_OSM_Download_Log__COPY001.txt,D:\OneDrive\桌面\论文\2027年投稿期刊\论文项目\07_JB医疗可达性_洪水扰动下交通-网络韧性与公平性_SCS_Natural_Hazards\GPT数据\Nature Portfolio_Project\01_前期数据支撑\ScientificReports_JB_Flood_Healthcare_Accessibility\metadata\provenance\D02_OSM_Download_Log__COPY001.txt,Nature Portfolio_Project\01_前期数据支撑\ScientificReports_JB_Flood_Healthcare_Accessibility\metadata\provenance\D02_OSM_Download_Log__COPY001.txt,D02_OSM_Download_Log__COPY001.txt,.txt,394,2026-10-04T18:59:27,9ac91184924fd8f7a8d9660b44f484af49d38d137769c4af2230d0313fdcb0c7,1,False,False,
original,03_Nature_Portfolio_Project,D:\OneDrive\桌面\论文\2027年投稿期刊\论文项目\07_JB医疗可达性_洪水扰动下交通-网络韧性与公平性_SCS_Natural_Hazards\GPT数据\Nature Portfolio_Project\01_前期数据支撑\ScientificReports_JB_Flood_Healthcare_Accessibility\metadata\provenance\D02_OSM_Metadata.json,D:\OneDrive\桌面\论文\2027年投稿期刊\论文项目\07_JB医疗可达性_洪水扰动下交通-网络韧性与公平性_SCS_Natural_Hazards\GPT数据\Nature Portfolio_Project\01_前期数据支撑\ScientificReports_JB_Flood_Healthcare_Accessibility\metadata\provenance\D02_OSM_Metadata.json,Nature Portfolio_Project\01_前期数据支撑\ScientificReports_JB_Flood_Healthcare_Accessibility\metadata\provenance\D02_OSM_Metadata.json,D02_OSM_Metadata.json,.json,3176,2026-10-04T18:59:27,1178531cf0ff4d974f3bd4d15b7e5f98d617dc4ddf7f765ddb320c01a756bcd2,2,False,False,
original,03_Nature_Portfolio_Project,D:\OneDrive\桌面\论文\2027年投稿期刊\论文项目\07_JB医疗可达性_洪水扰动下交通-网络韧性与公平性_SCS_Natural_Hazards\GPT数据\Nature Portfolio_Project\01_前期数据支撑\ScientificReports_JB_Flood_Healthcare_Accessibility\metadata\provenance\D02_OSM_Metadata__COPY001.json,D:\OneDrive\桌面\论文\2027年投稿期刊\论文项目\07_JB医疗可达性_洪水扰动下交通-网络韧性与公平性_SCS_Natural_Hazards\GPT数据\Nature Portfolio_Project\01_前期数据支撑\ScientificReports_JB_Flood_Healthcare_Accessibility\metadata\provenance\D02_OSM_Metadata__COPY001.json,Nature Portfolio_Project\01_前期数据支撑\ScientificReports_JB_Flood_Healthcare_Accessibility\metadata\provenance\D02_OSM_Metadata__COPY001.json,D02_OSM_Metadata__COPY001.json,.json,3176,2026-10-04T18:59:27,1178531cf0ff4d974f3bd4d15b7e5f98d617dc4ddf7f765ddb320c01a756bcd2,1,False,False,
original,03_Nature_Portfolio_Project,D:\OneDrive\桌面\论文\2027年投稿期刊\论文项目\07_JB医疗可达性_洪水扰动下交通-网络韧性与公平性_SCS_Natural_Hazards\GPT数据\Nature Portfolio_Project\01_前期数据支撑\ScientificReports_JB_Flood_Healthcare_Accessibility\metadata\provenance\D02_OSM_Processing_Log.txt,D:\OneDrive\桌面\论文\2027年投稿期刊\论文项目\07_JB医疗可达性_洪水扰动下交通-网络韧性与公平性_SCS_Natural_Hazards\GPT数据\Nature Portfolio_Project\01_前期数据支撑\ScientificReports_JB_Flood_Healthcare_Accessibility\metadata\provenance\D02_OSM_Processing_Log.txt,Nature Portfolio_Project\01_前期数据支撑\ScientificReports_JB_Flood_Healthcare_Accessibility\metadata\provenance\D02_OSM_Processing_Log.txt,D02_OSM_Processing_Log.txt,.txt,1734,2026-10-04T18:59:27,838b197d0b2f59e2eb786faf9d666bf1f78ab24549e06be9b6a38f6f4d03f3a7,2,False,False,
original,03_Nature_Portfolio_Project,D:\OneDrive\桌面\论文\2027年投稿期刊\论文项目\07_JB医疗可达性_洪水扰动下交通-网络韧性与公平性_SCS_Natural_Hazards\GPT数据\Nature Portfolio_Project\01_前期数据支撑\ScientificReports_JB_Flood_Healthcare_Accessibility\metadata\provenance\D02_OSM_Processing_Log__COPY001.txt,D:\OneDrive\桌面\论文\2027年投稿期刊\论文项目\07_JB医疗可达性_洪水扰动下交通-网络韧性与公平性_SCS_Natural_Hazards\GPT数据\Nature Portfolio_Project\01_前期数据支撑\ScientificReports_JB_Flood_Healthcare_Accessibility\metadata\provenance\D02_OSM_Processing_Log__COPY001.txt,Nature Portfolio_Project\01_前期数据支撑\ScientificReports_JB_Flood_Healthcare_Accessibility\metadata\provenance\D02_OSM_Processing_Log__COPY001.txt,D02_OSM_Processing_Log__COPY001.txt,.txt,1734,2026-10-04T18:59:27,838b197d0b2f59e2eb786faf9d666bf1f78ab24549e06be9b6a38f6f4d03f3a7,1,False,False,
original,03_Nature_Portfolio_Project,D:\OneDrive\桌面\论文\2027年投稿期刊\论文项目\07_JB医疗可达性_洪水扰动下交通-网络韧性与公平性_SCS_Natural_Hazards\GPT数据\Nature Portfolio_Project\01_前期数据支撑\ScientificReports_JB_Flood_Healthcare_Accessibility\metadata\provenance\D06R_Derived_Files_SHA256.txt,D:\OneDrive\桌面\论文\2027年投稿期刊\论文项目\07_JB医疗可达性_洪水扰动下交通-网络韧性与公平性_SCS_Natural_Hazards\GPT数据\Nature Portfolio_Project\01_前期数据支撑\ScientificReports_JB_Flood_Healthcare_Accessibility\metadata\provenance\D06R_Derived_Files_SHA256.txt,Nature Portfolio_Project\01_前期数据支撑\ScientificReports_JB_Flood_Healthcare_Accessibility\metadata\provenance\D06R_Derived_Files_SHA256.txt,D06R_Derived_Files_SHA256.txt,.txt,2351,2026-10-05T06:14:02,11a5da555954cb1c16e952a061e680b58663c08f90edb139b479db13b266aa93,1,False,False,
original,03_Nature_Portfolio_Project,D:\OneDrive\桌面\论文\2027年投稿期刊\论文项目\07_JB医疗可达性_洪水扰动下交通-网络韧性与公平性_SCS_Natural_Hazards\GPT数据\Nature Portfolio_Project\01_前期数据支撑\ScientificReports_JB_Flood_Healthcare_Accessibility\metadata\provenance\D06R_Metadata.json,D:\OneDrive\桌面\论文\2027年投稿期刊\论文项目\07_JB医疗可达性_洪水扰动下交通-网络韧性与公平性_SCS_Natural_Hazards\GPT数据\Nature Portfolio_Project\01_前期数据支撑\ScientificReports_JB_Flood_Healthcare_Accessibility\metadata\provenance\D06R_Metadata.json,Nature Portfolio_Project\01_前期数据支撑\ScientificReports_JB_Flood_Healthcare_Accessibility\metadata\provenance\D06R_Metadata.json,D06R_Metadata.json,.json,510,2026-10-05T06:14:02,1464b7b67751f601ab637840ab1079c72cc4f60fa2a9653701565c8648a8e560,1,False,False,
original,03_Nature_Portfolio_Project,D:\OneDrive\桌面\论文\2027年投稿期刊\论文项目\07_JB医疗可达性_洪水扰动下交通-网络韧性与公平性_SCS_Natural_Hazards\GPT数据\Nature Portfolio_Project\01_前期数据支撑\ScientificReports_JB_Flood_Healthcare_Accessibility\metadata\provenance\D07AB_Derived_Files_SHA256.txt,D:\OneDrive\桌面\论文\2027年投稿期刊\论文项目\07_JB医疗可达性_洪水扰动下交通-网络韧性与公平性_SCS_Natural_Hazards\GPT数据\Nature Portfolio_Project\01_前期数据支撑\ScientificReports_JB_Flood_Healthcare_Accessibility\metadata\provenance\D07AB_Derived_Files_SHA256.txt,Nature Portfolio_Project\01_前期数据支撑\ScientificReports_JB_Flood_Healthcare_Accessibility\metadata\provenance\D07AB_Derived_Files_SHA256.txt,D07AB_Derived_Files_SHA256.txt,.txt,1810,2026-10-04T15:46:46,7aad4999b4dff0520676000db1938386de4c91e3a76ab6e060fa5cfc9ca65394,1,False,False,
original,03_Nature_Portfolio_Project,D:\OneDrive\桌面\论文\2027年投稿期刊\论文项目\07_JB医疗可达性_洪水扰动下交通-网络韧性与公平性_SCS_Natural_Hazards\GPT数据\Nature Portfolio_Project\01_前期数据支撑\ScientificReports_JB_Flood_Healthcare_Accessibility\metadata\provenance\D07AB_Metadata.json,D:\OneDrive\桌面\论文\2027年投稿期刊\论文项目\07_JB医疗可达性_洪水扰动下交通-网络韧性与公平性_SCS_Natural_Hazards\GPT数据\Nature Portfolio_Project\01_前期数据支撑\ScientificReports_JB_Flood_Healthcare_Accessibility\metadata\provenance\D07AB_Metadata.json,Nature Portfolio_Project\01_前期数据支撑\ScientificReports_JB_Flood_Healthcare_Accessibility\metadata\provenance\D07AB_Metadata.json,D07AB_Metadata.json,.json,845,2026-10-04T15:46:46,d10807e693328d9f69c33ae5f608033a3645aae4aabd3fd4ec1a480acc28b358,1,False,False,
original,03_Nature_Portfolio_Project,D:\OneDrive\桌面\论文\2027年投稿期刊\论文项目\07_JB医疗可达性_洪水扰动下交通-网络韧性与公平性_SCS_Natural_Hazards\GPT数据\Nature Portfolio_Project\01_前期数据支撑\ScientificReports_JB_Flood_Healthcare_Accessibility\metadata\provenance\D07C_D07E_Derived_Files_SHA256.txt,D:\OneDrive\桌面\论文\2027年投稿期刊\论文项目\07_JB医疗可达性_洪水扰动下交通-网络韧性与公平性_SCS_Natural_Hazards\GPT数据\Nature Portfolio_Project\01_前期数据支撑\ScientificReports_JB_Flood_Healthcare_Accessibility\metadata\provenance\D07C_D07E_Derived_Files_SHA256.txt,Nature Portfolio_Project\01_前期数据支撑\ScientificReports_JB_Flood_Healthcare_Accessibility\metadata\provenance\D07C_D07E_Derived_Files_SHA256.txt,D07C_D07E_Derived_Files_SHA256.txt,.txt,3504,2026-10-04T17:13:24,0066cdd337f8c777b8e5eed6f7f92808d4103dec8275ab52bef9b22fb46d8132,1,False,False,
original,03_Nature_Portfolio_Project,D:\OneDrive\桌面\论文\2027年投稿期刊\论文项目\07_JB医疗可达性_洪水扰动下交通-网络韧性与公平性_SCS_Natural_Hazards\GPT数据\Nature Portfolio_Project\01_前期数据支撑\ScientificReports_JB_Flood_Healthcare_Accessibility\metadata\provenance\D07C_D07E_Metadata.json,D:\OneDrive\桌面\论文\2027年投稿期刊\论文项目\07_JB医疗可达性_洪水扰动下交通-网络韧性与公平性_SCS_Natural_Hazards\GPT数据\Nature Portfolio_Project\01_前期数据支撑\ScientificReports_JB_Flood_Healthcare_Accessibility\metadata\provenance\D07C_D07E_Metadata.json,Nature Portfolio_Project\01_前期数据支撑\ScientificReports_JB_Flood_Healthcare_Accessibility\metadata\provenance\D07C_D07E_Metadata.json,D07C_D07E_Metadata.json,.json,1891,2026-10-04T17:13:12,411129556a4ad841b0a98302517fb0d7c15319eaa1230c3b38e4996972e7cbb3,1,False,False,
original,03_Nature_Portfolio_Project,D:\OneDrive\桌面\论文\2027年投稿期刊\论文项目\07_JB医疗可达性_洪水扰动下交通-网络韧性与公平性_SCS_Natural_Hazards\GPT数据\Nature Portfolio_Project\01_前期数据支撑\ScientificReports_JB_Flood_Healthcare_Accessibility\metadata\provenance\D07E_Derived_Files_SHA256.txt,D:\OneDrive\桌面\论文\2027年投稿期刊\论文项目\07_JB医疗可达性_洪水扰动下交通-网络韧性与公平性_SCS_Natural_Hazards\GPT数据\Nature Portfolio_Project\01_前期数据支撑\ScientificReports_JB_Flood_Healthcare_Accessibility\metadata\provenance\D07E_Derived_Files_SHA256.txt,Nature Portfolio_Project\01_前期数据支撑\ScientificReports_JB_Flood_Healthcare_Accessibility\metadata\provenance\D07E_Derived_Files_SHA256.txt,D07E_Derived_Files_SHA256.txt,.txt,2417,2026-10-05T03:31:38,fb8d14220b6015f4426ab97c6dc97bcb6ea5196b269bdff19dd6e258ad4dd0e5,1,False,False,
original,03_Nature_Portfolio_Project,D:\OneDrive\桌面\论文\2027年投稿期刊\论文项目\07_JB医疗可达性_洪水扰动下交通-网络韧性与公平性_SCS_Natural_Hazards\GPT数据\Nature Portfolio_Project\01_前期数据支撑\ScientificReports_JB_Flood_Healthcare_Accessibility\metadata\provenance\D07E_download_and_aggregate_IMERG.py,D:\OneDrive\桌面\论文\2027年投稿期刊\论文项目\07_JB医疗可达性_洪水扰动下交通-网络韧性与公平性_SCS_Natural_Hazards\GPT数据\Nature Portfolio_Project\01_前期数据支撑\ScientificReports_JB_Flood_Healthcare_Accessibility\metadata\provenance\D07E_download_and_aggregate_IMERG.py,Nature Portfolio_Project\01_前期数据支撑\ScientificReports_JB_Flood_Healthcare_Accessibility\metadata\provenance\D07E_download_and_aggregate_IMERG.py,D07E_download_and_aggregate_IMERG.py,.py,3428,2026-10-04T17:10:14,f9ffaceed8292cc5e47aebfe6155953b85aca5d065d869a8310ab0930db5f48c,1,False,False,
original,03_Nature_Portfolio_Project,D:\OneDrive\桌面\论文\2027年投稿期刊\论文项目\07_JB医疗可达性_洪水扰动下交通-网络韧性与公平性_SCS_Natural_Hazards\GPT数据\Nature Portfolio_Project\01_前期数据支撑\ScientificReports_JB_Flood_Healthcare_Accessibility\metadata\provenance\D07E_download_IMERG_144.py,D:\OneDrive\桌面\论文\2027年投稿期刊\论文项目\07_JB医疗可达性_洪水扰动下交通-网络韧性与公平性_SCS_Natural_Hazards\GPT数据\Nature Portfolio_Project\01_前期数据支撑\ScientificReports_JB_Flood_Healthcare_Accessibility\metadata\provenance\D07E_download_IMERG_144.py,Nature Portfolio_Project\01_前期数据支撑\ScientificReports_JB_Flood_Healthcare_Accessibility\metadata\provenance\D07E_download_IMERG_144.py,D07E_download_IMERG_144.py,.py,1713,2026-10-05T09:23:49,3cbdc1f2fd008684d1f628abc24e15994b9689fe28fd161a1158e063f7ca20fb,2,False,False,
original,03_Nature_Portfolio_Project,D:\OneDrive\桌面\论文\2027年投稿期刊\论文项目\07_JB医疗可达性_洪水扰动下交通-网络韧性与公平性_SCS_Natural_Hazards\GPT数据\Nature Portfolio_Project\01_前期数据支撑\ScientificReports_JB_Flood_Healthcare_Accessibility\metadata\provenance\D07E_Final_Metadata.json,D:\OneDrive\桌面\论文\2027年投稿期刊\论文项目\07_JB医疗可达性_洪水扰动下交通-网络韧性与公平性_SCS_Natural_Hazards\GPT数据\Nature Portfolio_Project\01_前期数据支撑\ScientificReports_JB_Flood_Healthcare_Accessibility\metadata\provenance\D07E_Final_Metadata.json,Nature Portfolio_Project\01_前期数据支撑\ScientificReports_JB_Flood_Healthcare_Accessibility\metadata\provenance\D07E_Final_Metadata.json,D07E_Final_Metadata.json,.json,1112,2026-10-05T03:31:38,8ac2480e7262954d4e743810de1df45be1a6061d24112cd92fa3c27784a291b2,1,False,False,
original,03_Nature_Portfolio_Project,D:\OneDrive\桌面\论文\2027年投稿期刊\论文项目\07_JB医疗可达性_洪水扰动下交通-网络韧性与公平性_SCS_Natural_Hazards\GPT数据\Nature Portfolio_Project\01_前期数据支撑\ScientificReports_JB_Flood_Healthcare_Accessibility\metadata\provenance\D07F_Metadata.json,D:\OneDrive\桌面\论文\2027年投稿期刊\论文项目\07_JB医疗可达性_洪水扰动下交通-网络韧性与公平性_SCS_Natural_Hazards\GPT数据\Nature Portfolio_Project\01_前期数据支撑\ScientificReports_JB_Flood_Healthcare_Accessibility\metadata\provenance\D07F_Metadata.json,Nature Portfolio_Project\01_前期数据支撑\ScientificReports_JB_Flood_Healthcare_Accessibility\metadata\provenance\D07F_Metadata.json,D07F_Metadata.json,.json,1436,2026-10-05T01:08:30,28aae0f6c451417f3783ab458e64567281d3125574d660fb84b5150a4bcd21d4,1,False,False,
original,03_Nature_Portfolio_Project,D:\OneDrive\桌面\论文\2027年投稿期刊\论文项目\07_JB医疗可达性_洪水扰动下交通-网络韧性与公平性_SCS_Natural_Hazards\GPT数据\Nature Portfolio_Project\01_前期数据支撑\ScientificReports_JB_Flood_Healthcare_Accessibility\metadata\provenance\D07F_process_uploaded_IMERG.py,D:\OneDrive\桌面\论文\2027年投稿期刊\论文项目\07_JB医疗可达性_洪水扰动下交通-网络韧性与公平性_SCS_Natural_Hazards\GPT数据\Nature Portfolio_Project\01_前期数据支撑\ScientificReports_JB_Flood_Healthcare_Accessibility\metadata\provenance\D07F_process_uploaded_IMERG.py,Nature Portfolio_Project\01_前期数据支撑\ScientificReports_JB_Flood_Healthcare_Accessibility\metadata\provenance\D07F_process_uploaded_IMERG.py,D07F_process_uploaded_IMERG.py,.py,2963,2026-10-05T01:00:54,170f763e60f8ccdad50fabd9eb14d8b25bb4efe7144d893b24fafd22ffbf63a7,1,False,False,
original,03_Nature_Portfolio_Project,D:\OneDrive\桌面\论文\2027年投稿期刊\论文项目\07_JB医疗可达性_洪水扰动下交通-网络韧性与公平性_SCS_Natural_Hazards\GPT数据\Nature Portfolio_Project\01_前期数据支撑\ScientificReports_JB_Flood_Healthcare_Accessibility\metadata\provenance\D07F_SHA256.txt,D:\OneDrive\桌面\论文\2027年投稿期刊\论文项目\07_JB医疗可达性_洪水扰动下交通-网络韧性与公平性_SCS_Natural_Hazards\GPT数据\Nature Portfolio_Project\01_前期数据支撑\ScientificReports_JB_Flood_Healthcare_Accessibility\metadata\provenance\D07F_SHA256.txt,Nature Portfolio_Project\01_前期数据支撑\ScientificReports_JB_Flood_Healthcare_Accessibility\metadata\provenance\D07F_SHA256.txt,D07F_SHA256.txt,.txt,1898,2026-10-05T01:08:30,43c92b7ac608d24fa1b6f63f8474ea114d6096db518f8ca18c47ca82f951a296,1,False,False,
original,03_Nature_Portfolio_Project,D:\OneDrive\桌面\论文\2027年投稿期刊\论文项目\07_JB医疗可达性_洪水扰动下交通-网络韧性与公平性_SCS_Natural_Hazards\GPT数据\Nature Portfolio_Project\01_前期数据支撑\ScientificReports_JB_Flood_Healthcare_Accessibility\metadata\provenance\D07_Event_Inclusion_Criteria.json,D:\OneDrive\桌面\论文\2027年投稿期刊\论文项目\07_JB医疗可达性_洪水扰动下交通-网络韧性与公平性_SCS_Natural_Hazards\GPT数据\Nature Portfolio_Project\01_前期数据支撑\ScientificReports_JB_Flood_Healthcare_Accessibility\metadata\provenance\D07_Event_Inclusion_Criteria.json,Nature Portfolio_Project\01_前期数据支撑\ScientificReports_JB_Flood_Healthcare_Accessibility\metadata\provenance\D07_Event_Inclusion_Criteria.json,D07_Event_Inclusion_Criteria.json,.json,1758,2026-10-04T15:46:44,a46345196242c16b79132034612bb11fdd4ced02a677b5b92d2d1f42e1c09de4,1,False,False,
original,03_Nature_Portfolio_Project,D:\OneDrive\桌面\论文\2027年投稿期刊\论文项目\07_JB医疗可达性_洪水扰动下交通-网络韧性与公平性_SCS_Natural_Hazards\GPT数据\Nature Portfolio_Project\01_前期数据支撑\ScientificReports_JB_Flood_Healthcare_Accessibility\metadata\provenance\D08_Derived_Files_SHA256.txt,D:\OneDrive\桌面\论文\2027年投稿期刊\论文项目\07_JB医疗可达性_洪水扰动下交通-网络韧性与公平性_SCS_Natural_Hazards\GPT数据\Nature Portfolio_Project\01_前期数据支撑\ScientificReports_JB_Flood_Healthcare_Accessibility\metadata\provenance\D08_Derived_Files_SHA256.txt,Nature Portfolio_Project\01_前期数据支撑\ScientificReports_JB_Flood_Healthcare_Accessibility\metadata\provenance\D08_Derived_Files_SHA256.txt,D08_Derived_Files_SHA256.txt,.txt,2398,2026-10-05T03:49:56,8c95f79e35756eac8e2619016b54de7c4666aa44b662146bd9708da46acb4488,1,False,False,
original,03_Nature_Portfolio_Project,D:\OneDrive\桌面\论文\2027年投稿期刊\论文项目\07_JB医疗可达性_洪水扰动下交通-网络韧性与公平性_SCS_Natural_Hazards\GPT数据\Nature Portfolio_Project\01_前期数据支撑\ScientificReports_JB_Flood_Healthcare_Accessibility\metadata\provenance\D08_Metadata.json,D:\OneDrive\桌面\论文\2027年投稿期刊\论文项目\07_JB医疗可达性_洪水扰动下交通-网络韧性与公平性_SCS_Natural_Hazards\GPT数据\Nature Portfolio_Project\01_前期数据支撑\ScientificReports_JB_Flood_Healthcare_Accessibility\metadata\provenance\D08_Metadata.json,Nature Portfolio_Project\01_前期数据支撑\ScientificReports_JB_Flood_Healthcare_Accessibility\metadata\provenance\D08_Metadata.json,D08_Metadata.json,.json,807,2026-10-05T03:49:12,30e2d03bb4e9d3734526368f8db8f9604021e6377140afd4aaf7490765d805ac,1,False,False,
original,03_Nature_Portfolio_Project,D:\OneDrive\桌面\论文\2027年投稿期刊\论文项目\07_JB医疗可达性_洪水扰动下交通-网络韧性与公平性_SCS_Natural_Hazards\GPT数据\Nature Portfolio_Project\01_前期数据支撑\ScientificReports_JB_Flood_Healthcare_Accessibility\metadata\provenance\D08_Sensitivity_and_GIS_Metadata.json,D:\OneDrive\桌面\论文\2027年投稿期刊\论文项目\07_JB医疗可达性_洪水扰动下交通-网络韧性与公平性_SCS_Natural_Hazards\GPT数据\Nature Portfolio_Project\01_前期数据支撑\ScientificReports_JB_Flood_Healthcare_Accessibility\metadata\provenance\D08_Sensitivity_and_GIS_Metadata.json,Nature Portfolio_Project\01_前期数据支撑\ScientificReports_JB_Flood_Healthcare_Accessibility\metadata\provenance\D08_Sensitivity_and_GIS_Metadata.json,D08_Sensitivity_and_GIS_Metadata.json,.json,732,2026-10-05T04:08:48,102601f5dd11d63e218057683848193a1c6fe81fa6e6940f7737471eeec94cda,1,False,False,
original,03_Nature_Portfolio_Project,D:\OneDrive\桌面\论文\2027年投稿期刊\论文项目\07_JB医疗可达性_洪水扰动下交通-网络韧性与公平性_SCS_Natural_Hazards\GPT数据\Nature Portfolio_Project\01_前期数据支撑\ScientificReports_JB_Flood_Healthcare_Accessibility\metadata\provenance\D08_Sensitivity_and_GIS_SHA256.txt,D:\OneDrive\桌面\论文\2027年投稿期刊\论文项目\07_JB医疗可达性_洪水扰动下交通-网络韧性与公平性_SCS_Natural_Hazards\GPT数据\Nature Portfolio_Project\01_前期数据支撑\ScientificReports_JB_Flood_Healthcare_Accessibility\metadata\provenance\D08_Sensitivity_and_GIS_SHA256.txt,Nature Portfolio_Project\01_前期数据支撑\ScientificReports_JB_Flood_Healthcare_Accessibility\metadata\provenance\D08_Sensitivity_and_GIS_SHA256.txt,D08_Sensitivity_and_GIS_SHA256.txt,.txt,1797,2026-10-05T04:08:48,975f77f9a9fe97875ae3545242ba61c6ee05b9e5d2d01c4d72fbb8ba6dd08a25,1,False,False,
original,03_Nature_Portfolio_Project,D:\OneDrive\桌面\论文\2027年投稿期刊\论文项目\07_JB医疗可达性_洪水扰动下交通-网络韧性与公平性_SCS_Natural_Hazards\GPT数据\Nature Portfolio_Project\01_前期数据支撑\ScientificReports_JB_Flood_Healthcare_Accessibility\metadata\provenance\D09_CRPI_Definition.csv,D:\OneDrive\桌面\论文\2027年投稿期刊\论文项目\07_JB医疗可达性_洪水扰动下交通-网络韧性与公平性_SCS_Natural_Hazards\GPT数据\Nature Portfolio_Project\01_前期数据支撑\ScientificReports_JB_Flood_Healthcare_Accessibility\metadata\provenance\D09_CRPI_Definition.csv,Nature Portfolio_Project\01_前期数据支撑\ScientificReports_JB_Flood_Healthcare_Accessibility\metadata\provenance\D09_CRPI_Definition.csv,D09_CRPI_Definition.csv,.csv,1449,2026-10-05T04:27:58,e6dfcc5dda3967478b820b53d971ff94300c63563096c14f590bdee3746dad14,1,False,False,
original,03_Nature_Portfolio_Project,D:\OneDrive\桌面\论文\2027年投稿期刊\论文项目\07_JB医疗可达性_洪水扰动下交通-网络韧性与公平性_SCS_Natural_Hazards\GPT数据\Nature Portfolio_Project\01_前期数据支撑\ScientificReports_JB_Flood_Healthcare_Accessibility\metadata\provenance\D09_Derived_Files_SHA256.txt,D:\OneDrive\桌面\论文\2027年投稿期刊\论文项目\07_JB医疗可达性_洪水扰动下交通-网络韧性与公平性_SCS_Natural_Hazards\GPT数据\Nature Portfolio_Project\01_前期数据支撑\ScientificReports_JB_Flood_Healthcare_Accessibility\metadata\provenance\D09_Derived_Files_SHA256.txt,Nature Portfolio_Project\01_前期数据支撑\ScientificReports_JB_Flood_Healthcare_Accessibility\metadata\provenance\D09_Derived_Files_SHA256.txt,D09_Derived_Files_SHA256.txt,.txt,2495,2026-10-05T04:28:18,34e5ff9f6e0b16e4afd5fffcd13660e7d92c8db431a592f35e4d8024b7e73382,1,False,False,
original,03_Nature_Portfolio_Project,D:\OneDrive\桌面\论文\2027年投稿期刊\论文项目\07_JB医疗可达性_洪水扰动下交通-网络韧性与公平性_SCS_Natural_Hazards\GPT数据\Nature Portfolio_Project\01_前期数据支撑\ScientificReports_JB_Flood_Healthcare_Accessibility\metadata\provenance\D09_Metadata.json,D:\OneDrive\桌面\论文\2027年投稿期刊\论文项目\07_JB医疗可达性_洪水扰动下交通-网络韧性与公平性_SCS_Natural_Hazards\GPT数据\Nature Portfolio_Project\01_前期数据支撑\ScientificReports_JB_Flood_Healthcare_Accessibility\metadata\provenance\D09_Metadata.json,Nature Portfolio_Project\01_前期数据支撑\ScientificReports_JB_Flood_Healthcare_Accessibility\metadata\provenance\D09_Metadata.json,D09_Metadata.json,.json,1158,2026-10-05T04:27:58,c1f83bf3ce7d7d9b609ab885e15ae08920d79ebc253631b1c47a2e6137f3d547,1,False,False,
original,03_Nature_Portfolio_Project,D:\OneDrive\桌面\论文\2027年投稿期刊\论文项目\07_JB医疗可达性_洪水扰动下交通-网络韧性与公平性_SCS_Natural_Hazards\GPT数据\Nature Portfolio_Project\01_前期数据支撑\ScientificReports_JB_Flood_Healthcare_Accessibility\metadata\provenance\D10_Derived_Files_SHA256.txt,D:\OneDrive\桌面\论文\2027年投稿期刊\论文项目\07_JB医疗可达性_洪水扰动下交通-网络韧性与公平性_SCS_Natural_Hazards\GPT数据\Nature Portfolio_Project\01_前期数据支撑\ScientificReports_JB_Flood_Healthcare_Accessibility\metadata\provenance\D10_Derived_Files_SHA256.txt,Nature Portfolio_Project\01_前期数据支撑\ScientificReports_JB_Flood_Healthcare_Accessibility\metadata\provenance\D10_Derived_Files_SHA256.txt,D10_Derived_Files_SHA256.txt,.txt,2659,2026-10-05T04:36:50,f2c470a4b35b79e927158b159a3aa0c9e85f036c3e5591c4f62b2ec9d604a1ec,1,False,False,
original,03_Nature_Portfolio_Project,D:\OneDrive\桌面\论文\2027年投稿期刊\论文项目\07_JB医疗可达性_洪水扰动下交通-网络韧性与公平性_SCS_Natural_Hazards\GPT数据\Nature Portfolio_Project\01_前期数据支撑\ScientificReports_JB_Flood_Healthcare_Accessibility\metadata\provenance\D10_Metadata.json,D:\OneDrive\桌面\论文\2027年投稿期刊\论文项目\07_JB医疗可达性_洪水扰动下交通-网络韧性与公平性_SCS_Natural_Hazards\GPT数据\Nature Portfolio_Project\01_前期数据支撑\ScientificReports_JB_Flood_Healthcare_Accessibility\metadata\provenance\D10_Metadata.json,Nature Portfolio_Project\01_前期数据支撑\ScientificReports_JB_Flood_Healthcare_Accessibility\metadata\provenance\D10_Metadata.json,D10_Metadata.json,.json,887,2026-10-05T04:36:32,d52a96d2d5cba122e21dc7e2091780f8b231d1d101fdf6ebf76566c84087dcd7,1,False,False,
original,03_Nature_Portfolio_Project,D:\OneDrive\桌面\论文\2027年投稿期刊\论文项目\07_JB医疗可达性_洪水扰动下交通-网络韧性与公平性_SCS_Natural_Hazards\GPT数据\Nature Portfolio_Project\01_前期数据支撑\ScientificReports_JB_Flood_Healthcare_Accessibility\metadata\provenance\D11_Derived_Files_SHA256.txt,D:\OneDrive\桌面\论文\2027年投稿期刊\论文项目\07_JB医疗可达性_洪水扰动下交通-网络韧性与公平性_SCS_Natural_Hazards\GPT数据\Nature Portfolio_Project\01_前期数据支撑\ScientificReports_JB_Flood_Healthcare_Accessibility\metadata\provenance\D11_Derived_Files_SHA256.txt,Nature Portfolio_Project\01_前期数据支撑\ScientificReports_JB_Flood_Healthcare_Accessibility\metadata\provenance\D11_Derived_Files_SHA256.txt,D11_Derived_Files_SHA256.txt,.txt,750,2026-10-05T04:47:32,09c3d74c9ee336277fe415e765eab1cd7ec45adecaa30fa898060abef0d75179,1,False,False,
original,03_Nature_Portfolio_Project,D:\OneDrive\桌面\论文\2027年投稿期刊\论文项目\07_JB医疗可达性_洪水扰动下交通-网络韧性与公平性_SCS_Natural_Hazards\GPT数据\Nature Portfolio_Project\01_前期数据支撑\ScientificReports_JB_Flood_Healthcare_Accessibility\metadata\provenance\D11_Metadata.json,D:\OneDrive\桌面\论文\2027年投稿期刊\论文项目\07_JB医疗可达性_洪水扰动下交通-网络韧性与公平性_SCS_Natural_Hazards\GPT数据\Nature Portfolio_Project\01_前期数据支撑\ScientificReports_JB_Flood_Healthcare_Accessibility\metadata\provenance\D11_Metadata.json,Nature Portfolio_Project\01_前期数据支撑\ScientificReports_JB_Flood_Healthcare_Accessibility\metadata\provenance\D11_Metadata.json,D11_Metadata.json,.json,474,2026-10-05T04:47:32,a62cd7b94e30f66b09ca3a3d49cfc959a7fbe1eb655ca56fd14a3f8d3857bcdd,1,False,False,
original,03_Nature_Portfolio_Project,D:\OneDrive\桌面\论文\2027年投稿期刊\论文项目\07_JB医疗可达性_洪水扰动下交通-网络韧性与公平性_SCS_Natural_Hazards\GPT数据\Nature Portfolio_Project\01_前期数据支撑\ScientificReports_JB_Flood_Healthcare_Accessibility\metadata\provenance\main,D:\OneDrive\桌面\论文\2027年投稿期刊\论文项目\07_JB医疗可达性_洪水扰动下交通-网络韧性与公平性_SCS_Natural_Hazards\GPT数据\Nature Portfolio_Project\01_前期数据支撑\ScientificReports_JB_Flood_Healthcare_Accessibility\metadata\provenance\main,Nature Portfolio_Project\01_前期数据支撑\ScientificReports_JB_Flood_Healthcare_Accessibility\metadata\provenance\main,main,,770,2026-10-05T14:16:49,9717050553cac3a679b2e71b003d39fca2c98278a29dd47f2ba26b72796fcef8,1,False,False,
original,03_Nature_Portfolio_Project,D:\OneDrive\桌面\论文\2027年投稿期刊\论文项目\07_JB医疗可达性_洪水扰动下交通-网络韧性与公平性_SCS_Natural_Hazards\GPT数据\Nature Portfolio_Project\01_前期数据支撑\ScientificReports_JB_Flood_Healthcare_Accessibility\metadata\provenance\main__ALT001,D:\OneDrive\桌面\论文\2027年投稿期刊\论文项目\07_JB医疗可达性_洪水扰动下交通-网络韧性与公平性_SCS_Natural_Hazards\GPT数据\Nature Portfolio_Project\01_前期数据支撑\ScientificReports_JB_Flood_Healthcare_Accessibility\metadata\provenance\main__ALT001,Nature Portfolio_Project\01_前期数据支撑\ScientificReports_JB_Flood_Healthcare_Accessibility\metadata\provenance\main__ALT001,main__ALT001,,41,2026-10-05T14:16:49,6d1e2b176b7fe2cf02c21661640d103c22beada3487b8b740454c21cee18bc8e,1,False,False,
original,03_Nature_Portfolio_Project,D:\OneDrive\桌面\论文\2027年投稿期刊\论文项目\07_JB医疗可达性_洪水扰动下交通-网络韧性与公平性_SCS_Natural_Hazards\GPT数据\Nature Portfolio_Project\01_前期数据支撑\ScientificReports_JB_Flood_Healthcare_Accessibility\metadata\provenance\main__ALT002,D:\OneDrive\桌面\论文\2027年投稿期刊\论文项目\07_JB医疗可达性_洪水扰动下交通-网络韧性与公平性_SCS_Natural_Hazards\GPT数据\Nature Portfolio_Project\01_前期数据支撑\ScientificReports_JB_Flood_Healthcare_Accessibility\metadata\provenance\main__ALT002,Nature Portfolio_Project\01_前期数据支撑\ScientificReports_JB_Flood_Healthcare_Accessibility\metadata\provenance\main__ALT002,main__ALT002,,41,2026-10-05T14:16:49,6d1e2b176b7fe2cf02c21661640d103c22beada3487b8b740454c21cee18bc8e,1,False,False,
original,03_Nature_Portfolio_Project,D:\OneDrive\桌面\论文\2027年投稿期刊\论文项目\07_JB医疗可达性_洪水扰动下交通-网络韧性与公平性_SCS_Natural_Hazards\GPT数据\Nature Portfolio_Project\01_前期数据支撑\ScientificReports_JB_Flood_Healthcare_Accessibility\metadata\provenance\main__ALT003,D:\OneDrive\桌面\论文\2027年投稿期刊\论文项目\07_JB医疗可达性_洪水扰动下交通-网络韧性与公平性_SCS_Natural_Hazards\GPT数据\Nature Portfolio_Project\01_前期数据支撑\ScientificReports_JB_Flood_Healthcare_Accessibility\metadata\provenance\main__ALT003,Nature Portfolio_Project\01_前期数据支撑\ScientificReports_JB_Flood_Healthcare_Accessibility\metadata\provenance\main__ALT003,main__ALT003,,41,2026-10-05T14:16:49,6d1e2b176b7fe2cf02c21661640d103c22beada3487b8b740454c21cee18bc8e,1,False,False,
original,03_Nature_Portfolio_Project,D:\OneDrive\桌面\论文\2027年投稿期刊\论文项目\07_JB医疗可达性_洪水扰动下交通-网络韧性与公平性_SCS_Natural_Hazards\GPT数据\Nature Portfolio_Project\01_前期数据支撑\ScientificReports_JB_Flood_Healthcare_Accessibility\metadata\provenance\main__COPY001,D:\OneDrive\桌面\论文\2027年投稿期刊\论文项目\07_JB医疗可达性_洪水扰动下交通-网络韧性与公平性_SCS_Natural_Hazards\GPT数据\Nature Portfolio_Project\01_前期数据支撑\ScientificReports_JB_Flood_Healthcare_Accessibility\metadata\provenance\main__COPY001,Nature Portfolio_Project\01_前期数据支撑\ScientificReports_JB_Flood_Healthcare_Accessibility\metadata\provenance\main__COPY001,main__COPY001,,41,2026-10-05T12:58:31,9f889df2ae3b5088a007ab4a93d89a213db01102dc9c06a3f3186bb4d2c8bc86,1,False,False,
original,03_Nature_Portfolio_Project,D:\OneDrive\桌面\论文\2027年投稿期刊\论文项目\07_JB医疗可达性_洪水扰动下交通-网络韧性与公平性_SCS_Natural_Hazards\GPT数据\Nature Portfolio_Project\01_前期数据支撑\ScientificReports_JB_Flood_Healthcare_Accessibility\metadata\provenance\main__DUP001,D:\OneDrive\桌面\论文\2027年投稿期刊\论文项目\07_JB医疗可达性_洪水扰动下交通-网络韧性与公平性_SCS_Natural_Hazards\GPT数据\Nature Portfolio_Project\01_前期数据支撑\ScientificReports_JB_Flood_Healthcare_Accessibility\metadata\provenance\main__DUP001,Nature Portfolio_Project\01_前期数据支撑\ScientificReports_JB_Flood_Healthcare_Accessibility\metadata\provenance\main__DUP001,main__DUP001,,616,2026-10-05T12:58:31,338e2247b707723e9661ba6bb1cad4ad99b47b06e4bb2d0ab2519385263e7677,1,False,False,
original,03_Nature_Portfolio_Project,D:\OneDrive\桌面\论文\2027年投稿期刊\论文项目\07_JB医疗可达性_洪水扰动下交通-网络韧性与公平性_SCS_Natural_Hazards\GPT数据\Nature Portfolio_Project\01_前期数据支撑\ScientificReports_JB_Flood_Healthcare_Accessibility\metadata\provenance\malaysia-singapore-brunei-261003.osm.pbf.md5,D:\OneDrive\桌面\论文\2027年投稿期刊\论文项目\07_JB医疗可达性_洪水扰动下交通-网络韧性与公平性_SCS_Natural_Hazards\GPT数据\Nature Portfolio_Project\01_前期数据支撑\ScientificReports_JB_Flood_Healthcare_Accessibility\metadata\provenance\malaysia-singapore-brunei-261003.osm.pbf.md5,Nature Portfolio_Project\01_前期数据支撑\ScientificReports_JB_Flood_Healthcare_Accessibility\metadata\provenance\malaysia-singapore-brunei-261003.osm.pbf.md5,malaysia-singapore-brunei-261003.osm.pbf.md5,.md5,75,2026-10-04T18:34:56,c628699da9d157f1d22f41af715a24bab3ac5a35ce46c4442878dcda96196f04,1,False,False,
original,03_Nature_Portfolio_Project,D:\OneDrive\桌面\论文\2027年投稿期刊\论文项目\07_JB医疗可达性_洪水扰动下交通-网络韧性与公平性_SCS_Natural_Hazards\GPT数据\Nature Portfolio_Project\01_前期数据支撑\ScientificReports_JB_Flood_Healthcare_Accessibility\metadata\provenance\RUN_D07E_DOWNLOAD.bat,D:\OneDrive\桌面\论文\2027年投稿期刊\论文项目\07_JB医疗可达性_洪水扰动下交通-网络韧性与公平性_SCS_Natural_Hazards\GPT数据\Nature Portfolio_Project\01_前期数据支撑\ScientificReports_JB_Flood_Healthcare_Accessibility\metadata\provenance\RUN_D07E_DOWNLOAD.bat,Nature Portfolio_Project\01_前期数据支撑\ScientificReports_JB_Flood_Healthcare_Accessibility\metadata\provenance\RUN_D07E_DOWNLOAD.bat,RUN_D07E_DOWNLOAD.bat,.bat,222,2026-10-05T09:23:49,40542fa2ba855c3411f1e469733dbe291934882f8c96ab80d3d64d4b871b8858,2,False,False,
original,03_Nature_Portfolio_Project,D:\OneDrive\桌面\论文\2027年投稿期刊\论文项目\07_JB医疗可达性_洪水扰动下交通-网络韧性与公平性_SCS_Natural_Hazards\GPT数据\Nature Portfolio_Project\01_前期数据支撑\ScientificReports_JB_Flood_Healthcare_Accessibility\metadata\provenance\sendemail-validate.sample,D:\OneDrive\桌面\论文\2027年投稿期刊\论文项目\07_JB医疗可达性_洪水扰动下交通-网络韧性与公平性_SCS_Natural_Hazards\GPT数据\Nature Portfolio_Project\01_前期数据支撑\ScientificReports_JB_Flood_Healthcare_Accessibility\metadata\provenance\sendemail-validate.sample,Nature Portfolio_Project\01_前期数据支撑\ScientificReports_JB_Flood_Healthcare_Accessibility\metadata\provenance\sendemail-validate.sample,sendemail-validate.sample,.sample,2308,2026-10-05T08:46:29,44ebfc923dc5466bc009602f0ecf067b9c65459abfe8868ddc49b78e6ced7a92,1,False,False,
original,03_Nature_Portfolio_Project,D:\OneDrive\桌面\论文\2027年投稿期刊\论文项目\07_JB医疗可达性_洪水扰动下交通-网络韧性与公平性_SCS_Natural_Hazards\GPT数据\Nature Portfolio_Project\01_前期数据支撑\ScientificReports_JB_Flood_Healthcare_Accessibility\qc\D01_Final_Spatial_Consistency_QC.txt,D:\OneDrive\桌面\论文\2027年投稿期刊\论文项目\07_JB医疗可达性_洪水扰动下交通-网络韧性与公平性_SCS_Natural_Hazards\GPT数据\Nature Portfolio_Project\01_前期数据支撑\ScientificReports_JB_Flood_Healthcare_Accessibility\qc\D01_Final_Spatial_Consistency_QC.txt,Nature Portfolio_Project\01_前期数据支撑\ScientificReports_JB_Flood_Healthcare_Accessibility\qc\D01_Final_Spatial_Consistency_QC.txt,D01_Final_Spatial_Consistency_QC.txt,.txt,944,2026-10-04T10:32:24,12a2fd976e019c236d11fd94594a234fe0f49761bd7048937ae88ac239e2c94e,2,False,False,
original,03_Nature_Portfolio_Project,D:\OneDrive\桌面\论文\2027年投稿期刊\论文项目\07_JB医疗可达性_洪水扰动下交通-网络韧性与公平性_SCS_Natural_Hazards\GPT数据\Nature Portfolio_Project\01_前期数据支撑\ScientificReports_JB_Flood_Healthcare_Accessibility\qc\D01_Final_Spatial_Consistency_QC__COPY001.txt,D:\OneDrive\桌面\论文\2027年投稿期刊\论文项目\07_JB医疗可达性_洪水扰动下交通-网络韧性与公平性_SCS_Natural_Hazards\GPT数据\Nature Portfolio_Project\01_前期数据支撑\ScientificReports_JB_Flood_Healthcare_Accessibility\qc\D01_Final_Spatial_Consistency_QC__COPY001.txt,Nature Portfolio_Project\01_前期数据支撑\ScientificReports_JB_Flood_Healthcare_Accessibility\qc\D01_Final_Spatial_Consistency_QC__COPY001.txt,D01_Final_Spatial_Consistency_QC__COPY001.txt,.txt,944,2026-10-04T10:32:24,12a2fd976e019c236d11fd94594a234fe0f49761bd7048937ae88ac239e2c94e,1,False,False,
original,03_Nature_Portfolio_Project,D:\OneDrive\桌面\论文\2027年投稿期刊\论文项目\07_JB医疗可达性_洪水扰动下交通-网络韧性与公平性_SCS_Natural_Hazards\GPT数据\Nature Portfolio_Project\01_前期数据支撑\ScientificReports_JB_Flood_Healthcare_Accessibility\qc\D02_OSM_Core_RoadNetwork_QC.png,D:\OneDrive\桌面\论文\2027年投稿期刊\论文项目\07_JB医疗可达性_洪水扰动下交通-网络韧性与公平性_SCS_Natural_Hazards\GPT数据\Nature Portfolio_Project\01_前期数据支撑\ScientificReports_JB_Flood_Healthcare_Accessibility\qc\D02_OSM_Core_RoadNetwork_QC.png,Nature Portfolio_Project\01_前期数据支撑\ScientificReports_JB_Flood_Healthcare_Accessibility\qc\D02_OSM_Core_RoadNetwork_QC.png,D02_OSM_Core_RoadNetwork_QC.png,.png,720363,2026-10-04T18:58:48,a26f74b6b1cd115ba5fa185716b9ffc1830172b2f2c46ac7a1bfe7020957e9e1,2,False,False,
original,03_Nature_Portfolio_Project,D:\OneDrive\桌面\论文\2027年投稿期刊\论文项目\07_JB医疗可达性_洪水扰动下交通-网络韧性与公平性_SCS_Natural_Hazards\GPT数据\Nature Portfolio_Project\01_前期数据支撑\ScientificReports_JB_Flood_Healthcare_Accessibility\qc\D02_OSM_Core_RoadNetwork_QC__COPY001.png,D:\OneDrive\桌面\论文\2027年投稿期刊\论文项目\07_JB医疗可达性_洪水扰动下交通-网络韧性与公平性_SCS_Natural_Hazards\GPT数据\Nature Portfolio_Project\01_前期数据支撑\ScientificReports_JB_Flood_Healthcare_Accessibility\qc\D02_OSM_Core_RoadNetwork_QC__COPY001.png,Nature Portfolio_Project\01_前期数据支撑\ScientificReports_JB_Flood_Healthcare_Accessibility\qc\D02_OSM_Core_RoadNetwork_QC__COPY001.png,D02_OSM_Core_RoadNetwork_QC__COPY001.png,.png,720363,2026-10-04T18:58:48,a26f74b6b1cd115ba5fa185716b9ffc1830172b2f2c46ac7a1bfe7020957e9e1,1,False,False,
original,03_Nature_Portfolio_Project,D:\OneDrive\桌面\论文\2027年投稿期刊\论文项目\07_JB医疗可达性_洪水扰动下交通-网络韧性与公平性_SCS_Natural_Hazards\GPT数据\Nature Portfolio_Project\01_前期数据支撑\ScientificReports_JB_Flood_Healthcare_Accessibility\qc\D02_OSM_RoadNetwork_QC_Report.txt,D:\OneDrive\桌面\论文\2027年投稿期刊\论文项目\07_JB医疗可达性_洪水扰动下交通-网络韧性与公平性_SCS_Natural_Hazards\GPT数据\Nature Portfolio_Project\01_前期数据支撑\ScientificReports_JB_Flood_Healthcare_Accessibility\qc\D02_OSM_RoadNetwork_QC_Report.txt,Nature Portfolio_Project\01_前期数据支撑\ScientificReports_JB_Flood_Healthcare_Accessibility\qc\D02_OSM_RoadNetwork_QC_Report.txt,D02_OSM_RoadNetwork_QC_Report.txt,.txt,3446,2026-10-04T18:59:27,b398dec350de5c795e2c5395dbe603c8a0d6a2c16e5d51104d32c07a0ccf2873,2,False,False,
original,03_Nature_Portfolio_Project,D:\OneDrive\桌面\论文\2027年投稿期刊\论文项目\07_JB医疗可达性_洪水扰动下交通-网络韧性与公平性_SCS_Natural_Hazards\GPT数据\Nature Portfolio_Project\01_前期数据支撑\ScientificReports_JB_Flood_Healthcare_Accessibility\qc\D02_OSM_RoadNetwork_QC_Report__COPY001.txt,D:\OneDrive\桌面\论文\2027年投稿期刊\论文项目\07_JB医疗可达性_洪水扰动下交通-网络韧性与公平性_SCS_Natural_Hazards\GPT数据\Nature Portfolio_Project\01_前期数据支撑\ScientificReports_JB_Flood_Healthcare_Accessibility\qc\D02_OSM_RoadNetwork_QC_Report__COPY001.txt,Nature Portfolio_Project\01_前期数据支撑\ScientificReports_JB_Flood_Healthcare_Accessibility\qc\D02_OSM_RoadNetwork_QC_Report__COPY001.txt,D02_OSM_RoadNetwork_QC_Report__COPY001.txt,.txt,3446,2026-10-04T18:59:27,b398dec350de5c795e2c5395dbe603c8a0d6a2c16e5d51104d32c07a0ccf2873,1,False,False,
original,03_Nature_Portfolio_Project,D:\OneDrive\桌面\论文\2027年投稿期刊\论文项目\07_JB医疗可达性_洪水扰动下交通-网络韧性与公平性_SCS_Natural_Hazards\GPT数据\Nature Portfolio_Project\01_前期数据支撑\ScientificReports_JB_Flood_Healthcare_Accessibility\qc\D03C1_RelativeElevation_1000m_QC.png,D:\OneDrive\桌面\论文\2027年投稿期刊\论文项目\07_JB医疗可达性_洪水扰动下交通-网络韧性与公平性_SCS_Natural_Hazards\GPT数据\Nature Portfolio_Project\01_前期数据支撑\ScientificReports_JB_Flood_Healthcare_Accessibility\qc\D03C1_RelativeElevation_1000m_QC.png,Nature Portfolio_Project\01_前期数据支撑\ScientificReports_JB_Flood_Healthcare_Accessibility\qc\D03C1_RelativeElevation_1000m_QC.png,D03C1_RelativeElevation_1000m_QC.png,.png,857342,2026-10-05T06:19:12,2aed1e03e50cb1267f9a76a5f456d94b52817e46a11eceace8af5b79bdaca194,1,False,False,
original,03_Nature_Portfolio_Project,D:\OneDrive\桌面\论文\2027年投稿期刊\论文项目\07_JB医疗可达性_洪水扰动下交通-网络韧性与公平性_SCS_Natural_Hazards\GPT数据\Nature Portfolio_Project\01_前期数据支撑\ScientificReports_JB_Flood_Healthcare_Accessibility\qc\D03C1_Terrain_Derivatives_QC_Report.txt,D:\OneDrive\桌面\论文\2027年投稿期刊\论文项目\07_JB医疗可达性_洪水扰动下交通-网络韧性与公平性_SCS_Natural_Hazards\GPT数据\Nature Portfolio_Project\01_前期数据支撑\ScientificReports_JB_Flood_Healthcare_Accessibility\qc\D03C1_Terrain_Derivatives_QC_Report.txt,Nature Portfolio_Project\01_前期数据支撑\ScientificReports_JB_Flood_Healthcare_Accessibility\qc\D03C1_Terrain_Derivatives_QC_Report.txt,D03C1_Terrain_Derivatives_QC_Report.txt,.txt,1532,2026-10-04T19:36:19,98908c5019cfb03d50a6530ca4830c04df0ed5618243f1c421f2fe84d3afa087,2,False,False,
original,03_Nature_Portfolio_Project,D:\OneDrive\桌面\论文\2027年投稿期刊\论文项目\07_JB医疗可达性_洪水扰动下交通-网络韧性与公平性_SCS_Natural_Hazards\GPT数据\Nature Portfolio_Project\01_前期数据支撑\ScientificReports_JB_Flood_Healthcare_Accessibility\qc\D03C2_Road_Elevation_QC_Report.txt,D:\OneDrive\桌面\论文\2027年投稿期刊\论文项目\07_JB医疗可达性_洪水扰动下交通-网络韧性与公平性_SCS_Natural_Hazards\GPT数据\Nature Portfolio_Project\01_前期数据支撑\ScientificReports_JB_Flood_Healthcare_Accessibility\qc\D03C2_Road_Elevation_QC_Report.txt,Nature Portfolio_Project\01_前期数据支撑\ScientificReports_JB_Flood_Healthcare_Accessibility\qc\D03C2_Road_Elevation_QC_Report.txt,D03C2_Road_Elevation_QC_Report.txt,.txt,3324,2026-10-04T19:45:01,4dfb90fc0f10dc1d2bbc3f0ac2cc85fb4d1795e2485469a805fd941a12a9701b,2,False,False,
original,03_Nature_Portfolio_Project,D:\OneDrive\桌面\论文\2027年投稿期刊\论文项目\07_JB医疗可达性_洪水扰动下交通-网络韧性与公平性_SCS_Natural_Hazards\GPT数据\Nature Portfolio_Project\01_前期数据支撑\ScientificReports_JB_Flood_Healthcare_Accessibility\qc\D03_Copernicus_GLO30_QC_Report.txt,D:\OneDrive\桌面\论文\2027年投稿期刊\论文项目\07_JB医疗可达性_洪水扰动下交通-网络韧性与公平性_SCS_Natural_Hazards\GPT数据\Nature Portfolio_Project\01_前期数据支撑\ScientificReports_JB_Flood_Healthcare_Accessibility\qc\D03_Copernicus_GLO30_QC_Report.txt,Nature Portfolio_Project\01_前期数据支撑\ScientificReports_JB_Flood_Healthcare_Accessibility\qc\D03_Copernicus_GLO30_QC_Report.txt,D03_Copernicus_GLO30_QC_Report.txt,.txt,2960,2026-10-04T19:24:30,35e9e46fd5eb5bbe6da34c95e866e0d351d832b2da51948b8462529a03681134,2,False,False,
original,03_Nature_Portfolio_Project,D:\OneDrive\桌面\论文\2027年投稿期刊\论文项目\07_JB医疗可达性_洪水扰动下交通-网络韧性与公平性_SCS_Natural_Hazards\GPT数据\Nature Portfolio_Project\01_前期数据支撑\ScientificReports_JB_Flood_Healthcare_Accessibility\qc\D04B_Private_Hospitals_QC_Report.txt,D:\OneDrive\桌面\论文\2027年投稿期刊\论文项目\07_JB医疗可达性_洪水扰动下交通-网络韧性与公平性_SCS_Natural_Hazards\GPT数据\Nature Portfolio_Project\01_前期数据支撑\ScientificReports_JB_Flood_Healthcare_Accessibility\qc\D04B_Private_Hospitals_QC_Report.txt,Nature Portfolio_Project\01_前期数据支撑\ScientificReports_JB_Flood_Healthcare_Accessibility\qc\D04B_Private_Hospitals_QC_Report.txt,D04B_Private_Hospitals_QC_Report.txt,.txt,2881,2026-10-04T20:05:25,60330973f29f9a023b6204be1e41e9a5834f5f7d62af6356d91f70dc34203ddb,2,False,False,
original,03_Nature_Portfolio_Project,D:\OneDrive\桌面\论文\2027年投稿期刊\论文项目\07_JB医疗可达性_洪水扰动下交通-网络韧性与公平性_SCS_Natural_Hazards\GPT数据\Nature Portfolio_Project\01_前期数据支撑\ScientificReports_JB_Flood_Healthcare_Accessibility\qc\D04C_Healthcare_Master_Access_QC_Report.txt,D:\OneDrive\桌面\论文\2027年投稿期刊\论文项目\07_JB医疗可达性_洪水扰动下交通-网络韧性与公平性_SCS_Natural_Hazards\GPT数据\Nature Portfolio_Project\01_前期数据支撑\ScientificReports_JB_Flood_Healthcare_Accessibility\qc\D04C_Healthcare_Master_Access_QC_Report.txt,Nature Portfolio_Project\01_前期数据支撑\ScientificReports_JB_Flood_Healthcare_Accessibility\qc\D04C_Healthcare_Master_Access_QC_Report.txt,D04C_Healthcare_Master_Access_QC_Report.txt,.txt,3211,2026-10-04T20:10:20,ee0415db2ef210f4e61bc6dd9e3a40cb93819c442f49928eb123450a411e4914,2,False,False,
original,03_Nature_Portfolio_Project,D:\OneDrive\桌面\论文\2027年投稿期刊\论文项目\07_JB医疗可达性_洪水扰动下交通-网络韧性与公平性_SCS_Natural_Hazards\GPT数据\Nature Portfolio_Project\01_前期数据支撑\ScientificReports_JB_Flood_Healthcare_Accessibility\qc\D05A_WorldPop_DOSM_Validation.csv,D:\OneDrive\桌面\论文\2027年投稿期刊\论文项目\07_JB医疗可达性_洪水扰动下交通-网络韧性与公平性_SCS_Natural_Hazards\GPT数据\Nature Portfolio_Project\01_前期数据支撑\ScientificReports_JB_Flood_Healthcare_Accessibility\qc\D05A_WorldPop_DOSM_Validation.csv,Nature Portfolio_Project\01_前期数据支撑\ScientificReports_JB_Flood_Healthcare_Accessibility\qc\D05A_WorldPop_DOSM_Validation.csv,D05A_WorldPop_DOSM_Validation.csv,.csv,462,2026-10-04T20:25:39,98dae5cc789c02e14cc0e186d35bbc2060b37ac66f082cd35e77a4444184a260,2,False,False,
original,03_Nature_Portfolio_Project,D:\OneDrive\桌面\论文\2027年投稿期刊\论文项目\07_JB医疗可达性_洪水扰动下交通-网络韧性与公平性_SCS_Natural_Hazards\GPT数据\Nature Portfolio_Project\01_前期数据支撑\ScientificReports_JB_Flood_Healthcare_Accessibility\qc\D05A_WorldPop_QC_Report.txt,D:\OneDrive\桌面\论文\2027年投稿期刊\论文项目\07_JB医疗可达性_洪水扰动下交通-网络韧性与公平性_SCS_Natural_Hazards\GPT数据\Nature Portfolio_Project\01_前期数据支撑\ScientificReports_JB_Flood_Healthcare_Accessibility\qc\D05A_WorldPop_QC_Report.txt,Nature Portfolio_Project\01_前期数据支撑\ScientificReports_JB_Flood_Healthcare_Accessibility\qc\D05A_WorldPop_QC_Report.txt,D05A_WorldPop_QC_Report.txt,.txt,3295,2026-10-04T20:25:43,e215a706a0b0bc9db094bcf7d2300b60ad5810df4a04433f659d9c5d0e6e67e5,2,False,False,
original,03_Nature_Portfolio_Project,D:\OneDrive\桌面\论文\2027年投稿期刊\论文项目\07_JB医疗可达性_洪水扰动下交通-网络韧性与公平性_SCS_Natural_Hazards\GPT数据\Nature Portfolio_Project\01_前期数据支撑\ScientificReports_JB_Flood_Healthcare_Accessibility\qc\D05C_Population_Origin_RoadSnapping_QC_Report.txt,D:\OneDrive\桌面\论文\2027年投稿期刊\论文项目\07_JB医疗可达性_洪水扰动下交通-网络韧性与公平性_SCS_Natural_Hazards\GPT数据\Nature Portfolio_Project\01_前期数据支撑\ScientificReports_JB_Flood_Healthcare_Accessibility\qc\D05C_Population_Origin_RoadSnapping_QC_Report.txt,Nature Portfolio_Project\01_前期数据支撑\ScientificReports_JB_Flood_Healthcare_Accessibility\qc\D05C_Population_Origin_RoadSnapping_QC_Report.txt,D05C_Population_Origin_RoadSnapping_QC_Report.txt,.txt,3274,2026-10-04T21:14:09,a9631e66553611dd5c4177c93970271a810194f2e073020869137a691cae3f95,2,False,False,
original,03_Nature_Portfolio_Project,D:\OneDrive\桌面\论文\2027年投稿期刊\论文项目\07_JB医疗可达性_洪水扰动下交通-网络韧性与公平性_SCS_Natural_Hazards\GPT数据\Nature Portfolio_Project\01_前期数据支撑\ScientificReports_JB_Flood_Healthcare_Accessibility\qc\D06R\D02_OSM_RoutingBuffer_QC.png,D:\OneDrive\桌面\论文\2027年投稿期刊\论文项目\07_JB医疗可达性_洪水扰动下交通-网络韧性与公平性_SCS_Natural_Hazards\GPT数据\Nature Portfolio_Project\01_前期数据支撑\ScientificReports_JB_Flood_Healthcare_Accessibility\qc\D06R\D02_OSM_RoutingBuffer_QC.png,Nature Portfolio_Project\01_前期数据支撑\ScientificReports_JB_Flood_Healthcare_Accessibility\qc\D06R\D02_OSM_RoutingBuffer_QC.png,D02_OSM_RoutingBuffer_QC.png,.png,901864,2026-10-04T18:58:54,1374d5b9733c1c641a5b56c5eb8802a38ce600801019c9868575b30e22625b62,2,False,False,
original,03_Nature_Portfolio_Project,D:\OneDrive\桌面\论文\2027年投稿期刊\论文项目\07_JB医疗可达性_洪水扰动下交通-网络韧性与公平性_SCS_Natural_Hazards\GPT数据\Nature Portfolio_Project\01_前期数据支撑\ScientificReports_JB_Flood_Healthcare_Accessibility\qc\D06R\D02_OSM_RoutingBuffer_QC__COPY001.png,D:\OneDrive\桌面\论文\2027年投稿期刊\论文项目\07_JB医疗可达性_洪水扰动下交通-网络韧性与公平性_SCS_Natural_Hazards\GPT数据\Nature Portfolio_Project\01_前期数据支撑\ScientificReports_JB_Flood_Healthcare_Accessibility\qc\D06R\D02_OSM_RoutingBuffer_QC__COPY001.png,Nature Portfolio_Project\01_前期数据支撑\ScientificReports_JB_Flood_Healthcare_Accessibility\qc\D06R\D02_OSM_RoutingBuffer_QC__COPY001.png,D02_OSM_RoutingBuffer_QC__COPY001.png,.png,901864,2026-10-04T18:58:54,1374d5b9733c1c641a5b56c5eb8802a38ce600801019c9868575b30e22625b62,1,False,False,
original,03_Nature_Portfolio_Project,D:\OneDrive\桌面\论文\2027年投稿期刊\论文项目\07_JB医疗可达性_洪水扰动下交通-网络韧性与公平性_SCS_Natural_Hazards\GPT数据\Nature Portfolio_Project\01_前期数据支撑\ScientificReports_JB_Flood_Healthcare_Accessibility\qc\D06R\D06_Accessibility_Global_Summary.csv,D:\OneDrive\桌面\论文\2027年投稿期刊\论文项目\07_JB医疗可达性_洪水扰动下交通-网络韧性与公平性_SCS_Natural_Hazards\GPT数据\Nature Portfolio_Project\01_前期数据支撑\ScientificReports_JB_Flood_Healthcare_Accessibility\qc\D06R\D06_Accessibility_Global_Summary.csv,Nature Portfolio_Project\01_前期数据支撑\ScientificReports_JB_Flood_Healthcare_Accessibility\qc\D06R\D06_Accessibility_Global_Summary.csv,D06_Accessibility_Global_Summary.csv,.csv,507,2026-10-04T23:25:38,544c291557c9ebc48db2bed53d2dbbfdd00c64f6c4723b6548ab5db13db9b78c,2,False,False,
original,03_Nature_Portfolio_Project,D:\OneDrive\桌面\论文\2027年投稿期刊\论文项目\07_JB医疗可达性_洪水扰动下交通-网络韧性与公平性_SCS_Natural_Hazards\GPT数据\Nature Portfolio_Project\01_前期数据支撑\ScientificReports_JB_Flood_Healthcare_Accessibility\qc\D06R\D06_Baseline_Routing_Accessibility_QC_Report.txt,D:\OneDrive\桌面\论文\2027年投稿期刊\论文项目\07_JB医疗可达性_洪水扰动下交通-网络韧性与公平性_SCS_Natural_Hazards\GPT数据\Nature Portfolio_Project\01_前期数据支撑\ScientificReports_JB_Flood_Healthcare_Accessibility\qc\D06R\D06_Baseline_Routing_Accessibility_QC_Report.txt,Nature Portfolio_Project\01_前期数据支撑\ScientificReports_JB_Flood_Healthcare_Accessibility\qc\D06R\D06_Baseline_Routing_Accessibility_QC_Report.txt,D06_Baseline_Routing_Accessibility_QC_Report.txt,.txt,4304,2026-10-04T23:25:36,6a821801f17a7cdd2e10032ddb470e18dd0662b2278b4b22b04c6307b7b7605f,2,False,False,
original,03_Nature_Portfolio_Project,D:\OneDrive\桌面\论文\2027年投稿期刊\论文项目\07_JB医疗可达性_洪水扰动下交通-网络韧性与公平性_SCS_Natural_Hazards\GPT数据\Nature Portfolio_Project\01_前期数据支撑\ScientificReports_JB_Flood_Healthcare_Accessibility\qc\D06R\D06_Hospital_TravelTime_Catchment_Summary.csv,D:\OneDrive\桌面\论文\2027年投稿期刊\论文项目\07_JB医疗可达性_洪水扰动下交通-网络韧性与公平性_SCS_Natural_Hazards\GPT数据\Nature Portfolio_Project\01_前期数据支撑\ScientificReports_JB_Flood_Healthcare_Accessibility\qc\D06R\D06_Hospital_TravelTime_Catchment_Summary.csv,Nature Portfolio_Project\01_前期数据支撑\ScientificReports_JB_Flood_Healthcare_Accessibility\qc\D06R\D06_Hospital_TravelTime_Catchment_Summary.csv,D06_Hospital_TravelTime_Catchment_Summary.csv,.csv,2107,2026-10-04T23:25:43,ca62eb1e49ffa8c3f83b60415c68c399eaae2c2090665edb22337c7c040e3579,2,False,False,
original,03_Nature_Portfolio_Project,D:\OneDrive\桌面\论文\2027年投稿期刊\论文项目\07_JB医疗可达性_洪水扰动下交通-网络韧性与公平性_SCS_Natural_Hazards\GPT数据\Nature Portfolio_Project\01_前期数据支撑\ScientificReports_JB_Flood_Healthcare_Accessibility\qc\D06R\jcr_q1_baseline_20261005.csv,D:\OneDrive\桌面\论文\2027年投稿期刊\论文项目\07_JB医疗可达性_洪水扰动下交通-网络韧性与公平性_SCS_Natural_Hazards\GPT数据\Nature Portfolio_Project\01_前期数据支撑\ScientificReports_JB_Flood_Healthcare_Accessibility\qc\D06R\jcr_q1_baseline_20261005.csv,Nature Portfolio_Project\01_前期数据支撑\ScientificReports_JB_Flood_Healthcare_Accessibility\qc\D06R\jcr_q1_baseline_20261005.csv,jcr_q1_baseline_20261005.csv,.csv,50376,2026-10-05T14:16:04,c0c39e0f3affe9f1305310e7be9561ece5a65a4162a226f235c1da9fa1b6181c,1,False,False,
original,03_Nature_Portfolio_Project,D:\OneDrive\桌面\论文\2027年投稿期刊\论文项目\07_JB医疗可达性_洪水扰动下交通-网络韧性与公平性_SCS_Natural_Hazards\GPT数据\Nature Portfolio_Project\01_前期数据支撑\ScientificReports_JB_Flood_Healthcare_Accessibility\qc\D06R\jcr_q1_baseline_20261005.json,D:\OneDrive\桌面\论文\2027年投稿期刊\论文项目\07_JB医疗可达性_洪水扰动下交通-网络韧性与公平性_SCS_Natural_Hazards\GPT数据\Nature Portfolio_Project\01_前期数据支撑\ScientificReports_JB_Flood_Healthcare_Accessibility\qc\D06R\jcr_q1_baseline_20261005.json,Nature Portfolio_Project\01_前期数据支撑\ScientificReports_JB_Flood_Healthcare_Accessibility\qc\D06R\jcr_q1_baseline_20261005.json,jcr_q1_baseline_20261005.json,.json,219383,2026-10-05T14:16:04,284c476b133fd0191afd0ea902f572ce4f8e3f4d8f32fae7fcdeb878d4643ae1,1,False,False,
original,03_Nature_Portfolio_Project,D:\OneDrive\桌面\论文\2027年投稿期刊\论文项目\07_JB医疗可达性_洪水扰动下交通-网络韧性与公平性_SCS_Natural_Hazards\GPT数据\Nature Portfolio_Project\01_前期数据支撑\ScientificReports_JB_Flood_Healthcare_Accessibility\qc\D06R\jcr_q1_baseline_20261005.md,D:\OneDrive\桌面\论文\2027年投稿期刊\论文项目\07_JB医疗可达性_洪水扰动下交通-网络韧性与公平性_SCS_Natural_Hazards\GPT数据\Nature Portfolio_Project\01_前期数据支撑\ScientificReports_JB_Flood_Healthcare_Accessibility\qc\D06R\jcr_q1_baseline_20261005.md,Nature Portfolio_Project\01_前期数据支撑\ScientificReports_JB_Flood_Healthcare_Accessibility\qc\D06R\jcr_q1_baseline_20261005.md,jcr_q1_baseline_20261005.md,.md,8922,2026-10-05T14:16:04,3256240e39e4b99fe1fd72d4fea5eae970672298d57c861bac912753ff16a5d3,1,False,False,
original,03_Nature_Portfolio_Project,D:\OneDrive\桌面\论文\2027年投稿期刊\论文项目\07_JB医疗可达性_洪水扰动下交通-网络韧性与公平性_SCS_Natural_Hazards\GPT数据\Nature Portfolio_Project\01_前期数据支撑\ScientificReports_JB_Flood_Healthcare_Accessibility\qc\D06R\openalex_baseline_20261005.csv,D:\OneDrive\桌面\论文\2027年投稿期刊\论文项目\07_JB医疗可达性_洪水扰动下交通-网络韧性与公平性_SCS_Natural_Hazards\GPT数据\Nature Portfolio_Project\01_前期数据支撑\ScientificReports_JB_Flood_Healthcare_Accessibility\qc\D06R\openalex_baseline_20261005.csv,Nature Portfolio_Project\01_前期数据支撑\ScientificReports_JB_Flood_Healthcare_Accessibility\qc\D06R\openalex_baseline_20261005.csv,openalex_baseline_20261005.csv,.csv,50583,2026-10-05T12:22:34,65a7ec617a5fc981454f2b5adf3f203ddff67497863949aa5472f6d6f3b5762b,1,False,False,
original,03_Nature_Portfolio_Project,D:\OneDrive\桌面\论文\2027年投稿期刊\论文项目\07_JB医疗可达性_洪水扰动下交通-网络韧性与公平性_SCS_Natural_Hazards\GPT数据\Nature Portfolio_Project\01_前期数据支撑\ScientificReports_JB_Flood_Healthcare_Accessibility\qc\D06R\openalex_baseline_20261005.json,D:\OneDrive\桌面\论文\2027年投稿期刊\论文项目\07_JB医疗可达性_洪水扰动下交通-网络韧性与公平性_SCS_Natural_Hazards\GPT数据\Nature Portfolio_Project\01_前期数据支撑\ScientificReports_JB_Flood_Healthcare_Accessibility\qc\D06R\openalex_baseline_20261005.json,Nature Portfolio_Project\01_前期数据支撑\ScientificReports_JB_Flood_Healthcare_Accessibility\qc\D06R\openalex_baseline_20261005.json,openalex_baseline_20261005.json,.json,117909,2026-10-05T12:22:34,5afb5588212bdae0be34bffca8eb6c9336df3aed7c989efe1d9f30cbda10101c,1,False,False,
original,03_Nature_Portfolio_Project,D:\OneDrive\桌面\论文\2027年投稿期刊\论文项目\07_JB医疗可达性_洪水扰动下交通-网络韧性与公平性_SCS_Natural_Hazards\GPT数据\Nature Portfolio_Project\01_前期数据支撑\ScientificReports_JB_Flood_Healthcare_Accessibility\qc\D06R\openalex_baseline_20261005.md,D:\OneDrive\桌面\论文\2027年投稿期刊\论文项目\07_JB医疗可达性_洪水扰动下交通-网络韧性与公平性_SCS_Natural_Hazards\GPT数据\Nature Portfolio_Project\01_前期数据支撑\ScientificReports_JB_Flood_Healthcare_Accessibility\qc\D06R\openalex_baseline_20261005.md,Nature Portfolio_Project\01_前期数据支撑\ScientificReports_JB_Flood_Healthcare_Accessibility\qc\D06R\openalex_baseline_20261005.md,openalex_baseline_20261005.md,.md,16658,2026-10-05T12:22:34,739ff3a789fb37d69d8074d598316ca81402713cc188aa67f15d74315c1f991b,1,False,False,
original,03_Nature_Portfolio_Project,D:\OneDrive\桌面\论文\2027年投稿期刊\论文项目\07_JB医疗可达性_洪水扰动下交通-网络韧性与公平性_SCS_Natural_Hazards\GPT数据\Nature Portfolio_Project\01_前期数据支撑\ScientificReports_JB_Flood_Healthcare_Accessibility\qc\D06R\openalex_baseline_v11_20261005.csv,D:\OneDrive\桌面\论文\2027年投稿期刊\论文项目\07_JB医疗可达性_洪水扰动下交通-网络韧性与公平性_SCS_Natural_Hazards\GPT数据\Nature Portfolio_Project\01_前期数据支撑\ScientificReports_JB_Flood_Healthcare_Accessibility\qc\D06R\openalex_baseline_v11_20261005.csv,Nature Portfolio_Project\01_前期数据支撑\ScientificReports_JB_Flood_Healthcare_Accessibility\qc\D06R\openalex_baseline_v11_20261005.csv,openalex_baseline_v11_20261005.csv,.csv,54997,2026-10-05T12:36:01,b547d6907860394eaa104704cd19e3bf9d742d11e0d9c6e58f13bb3193d62644,1,False,False,
original,03_Nature_Portfolio_Project,D:\OneDrive\桌面\论文\2027年投稿期刊\论文项目\07_JB医疗可达性_洪水扰动下交通-网络韧性与公平性_SCS_Natural_Hazards\GPT数据\Nature Portfolio_Project\01_前期数据支撑\ScientificReports_JB_Flood_Healthcare_Accessibility\qc\D06R\openalex_baseline_v11_20261005.json,D:\OneDrive\桌面\论文\2027年投稿期刊\论文项目\07_JB医疗可达性_洪水扰动下交通-网络韧性与公平性_SCS_Natural_Hazards\GPT数据\Nature Portfolio_Project\01_前期数据支撑\ScientificReports_JB_Flood_Healthcare_Accessibility\qc\D06R\openalex_baseline_v11_20261005.json,Nature Portfolio_Project\01_前期数据支撑\ScientificReports_JB_Flood_Healthcare_Accessibility\qc\D06R\openalex_baseline_v11_20261005.json,openalex_baseline_v11_20261005.json,.json,192859,2026-10-05T12:36:01,9c9b76d9a3928f9fd1d9fc95c80f42f1e68bf16f9caf225c2876b1dfc7e3d8e1,1,False,False,
original,03_Nature_Portfolio_Project,D:\OneDrive\桌面\论文\2027年投稿期刊\论文项目\07_JB医疗可达性_洪水扰动下交通-网络韧性与公平性_SCS_Natural_Hazards\GPT数据\Nature Portfolio_Project\01_前期数据支撑\ScientificReports_JB_Flood_Healthcare_Accessibility\qc\D06R\openalex_baseline_v11_20261005.md,D:\OneDrive\桌面\论文\2027年投稿期刊\论文项目\07_JB医疗可达性_洪水扰动下交通-网络韧性与公平性_SCS_Natural_Hazards\GPT数据\Nature Portfolio_Project\01_前期数据支撑\ScientificReports_JB_Flood_Healthcare_Accessibility\qc\D06R\openalex_baseline_v11_20261005.md,Nature Portfolio_Project\01_前期数据支撑\ScientificReports_JB_Flood_Healthcare_Accessibility\qc\D06R\openalex_baseline_v11_20261005.md,openalex_baseline_v11_20261005.md,.md,22282,2026-10-05T12:36:01,e6be8344134fb764f0444eae9aade3453ad7b6fb831d74ac43d3a636571f69f9,1,False,False,
original,03_Nature_Portfolio_Project,D:\OneDrive\桌面\论文\2027年投稿期刊\论文项目\07_JB医疗可达性_洪水扰动下交通-网络韧性与公平性_SCS_Natural_Hazards\GPT数据\Nature Portfolio_Project\01_前期数据支撑\ScientificReports_JB_Flood_Healthcare_Accessibility\qc\D07\D06R_Accessibility_Global_Summary.csv,D:\OneDrive\桌面\论文\2027年投稿期刊\论文项目\07_JB医疗可达性_洪水扰动下交通-网络韧性与公平性_SCS_Natural_Hazards\GPT数据\Nature Portfolio_Project\01_前期数据支撑\ScientificReports_JB_Flood_Healthcare_Accessibility\qc\D07\D06R_Accessibility_Global_Summary.csv,Nature Portfolio_Project\01_前期数据支撑\ScientificReports_JB_Flood_Healthcare_Accessibility\qc\D07\D06R_Accessibility_Global_Summary.csv,D06R_Accessibility_Global_Summary.csv,.csv,535,2026-10-05T06:14:00,5cd7efcef9c4b2414e34d1255086677ce76623a0192a3499a51731faaa2d69b1,1,False,False,
original,03_Nature_Portfolio_Project,D:\OneDrive\桌面\论文\2027年投稿期刊\论文项目\07_JB医疗可达性_洪水扰动下交通-网络韧性与公平性_SCS_Natural_Hazards\GPT数据\Nature Portfolio_Project\01_前期数据支撑\ScientificReports_JB_Flood_Healthcare_Accessibility\qc\D07\D06R_D06_vs_D06R_Global_Comparison.csv,D:\OneDrive\桌面\论文\2027年投稿期刊\论文项目\07_JB医疗可达性_洪水扰动下交通-网络韧性与公平性_SCS_Natural_Hazards\GPT数据\Nature Portfolio_Project\01_前期数据支撑\ScientificReports_JB_Flood_Healthcare_Accessibility\qc\D07\D06R_D06_vs_D06R_Global_Comparison.csv,Nature Portfolio_Project\01_前期数据支撑\ScientificReports_JB_Flood_Healthcare_Accessibility\qc\D07\D06R_D06_vs_D06R_Global_Comparison.csv,D06R_D06_vs_D06R_Global_Comparison.csv,.csv,270,2026-10-05T06:14:02,a18d4979a955d53104642fc8218328fcfe681dc3aad0707cba14d86bfb15f7d8,1,False,False,
original,03_Nature_Portfolio_Project,D:\OneDrive\桌面\论文\2027年投稿期刊\论文项目\07_JB医疗可达性_洪水扰动下交通-网络韧性与公平性_SCS_Natural_Hazards\GPT数据\Nature Portfolio_Project\01_前期数据支撑\ScientificReports_JB_Flood_Healthcare_Accessibility\qc\D07\D06R_Hospital_Access_to_RoutingGraph_Mapping_UNCHANGED.csv,D:\OneDrive\桌面\论文\2027年投稿期刊\论文项目\07_JB医疗可达性_洪水扰动下交通-网络韧性与公平性_SCS_Natural_Hazards\GPT数据\Nature Portfolio_Project\01_前期数据支撑\ScientificReports_JB_Flood_Healthcare_Accessibility\qc\D07\D06R_Hospital_Access_to_RoutingGraph_Mapping_UNCHANGED.csv,Nature Portfolio_Project\01_前期数据支撑\ScientificReports_JB_Flood_Healthcare_Accessibility\qc\D07\D06R_Hospital_Access_to_RoutingGraph_Mapping_UNCHANGED.csv,D06R_Hospital_Access_to_RoutingGraph_Mapping_UNCHANGED.csv,.csv,2474,2026-10-05T06:13:52,85ef25848d96ddaddefce91ca560d49ffb00d1e6ebe91faf0acdc290ba17b6aa,1,False,False,
original,03_Nature_Portfolio_Project,D:\OneDrive\桌面\论文\2027年投稿期刊\论文项目\07_JB医疗可达性_洪水扰动下交通-网络韧性与公平性_SCS_Natural_Hazards\GPT数据\Nature Portfolio_Project\01_前期数据支撑\ScientificReports_JB_Flood_Healthcare_Accessibility\qc\D07\D06R_Hospital_Redundancy_Summary.csv,D:\OneDrive\桌面\论文\2027年投稿期刊\论文项目\07_JB医疗可达性_洪水扰动下交通-网络韧性与公平性_SCS_Natural_Hazards\GPT数据\Nature Portfolio_Project\01_前期数据支撑\ScientificReports_JB_Flood_Healthcare_Accessibility\qc\D07\D06R_Hospital_Redundancy_Summary.csv,Nature Portfolio_Project\01_前期数据支撑\ScientificReports_JB_Flood_Healthcare_Accessibility\qc\D07\D06R_Hospital_Redundancy_Summary.csv,D06R_Hospital_Redundancy_Summary.csv,.csv,781,2026-10-05T06:14:00,5fac5ef2d2014a5be4f17eea8a895281fa7c48cc7648f61dc540ca1f3bd49ff6,1,False,False,
original,03_Nature_Portfolio_Project,D:\OneDrive\桌面\论文\2027年投稿期刊\论文项目\07_JB医疗可达性_洪水扰动下交通-网络韧性与公平性_SCS_Natural_Hazards\GPT数据\Nature Portfolio_Project\01_前期数据支撑\ScientificReports_JB_Flood_Healthcare_Accessibility\qc\D07\D06R_Hospital_TravelTime_Catchment_Summary.csv,D:\OneDrive\桌面\论文\2027年投稿期刊\论文项目\07_JB医疗可达性_洪水扰动下交通-网络韧性与公平性_SCS_Natural_Hazards\GPT数据\Nature Portfolio_Project\01_前期数据支撑\ScientificReports_JB_Flood_Healthcare_Accessibility\qc\D07\D06R_Hospital_TravelTime_Catchment_Summary.csv,Nature Portfolio_Project\01_前期数据支撑\ScientificReports_JB_Flood_Healthcare_Accessibility\qc\D07\D06R_Hospital_TravelTime_Catchment_Summary.csv,D06R_Hospital_TravelTime_Catchment_Summary.csv,.csv,1230,2026-10-05T06:14:00,7fb924b8834869f6cc6e3b77388cbd8c0c399c589bce22f7c237b1e359673c49,1,False,False,
original,03_Nature_Portfolio_Project,D:\OneDrive\桌面\论文\2027年投稿期刊\论文项目\07_JB医疗可达性_洪水扰动下交通-网络韧性与公平性_SCS_Natural_Hazards\GPT数据\Nature Portfolio_Project\01_前期数据支撑\ScientificReports_JB_Flood_Healthcare_Accessibility\qc\D07\D06R_OneWay_Origin_Correction_Audit.csv,D:\OneDrive\桌面\论文\2027年投稿期刊\论文项目\07_JB医疗可达性_洪水扰动下交通-网络韧性与公平性_SCS_Natural_Hazards\GPT数据\Nature Portfolio_Project\01_前期数据支撑\ScientificReports_JB_Flood_Healthcare_Accessibility\qc\D07\D06R_OneWay_Origin_Correction_Audit.csv,Nature Portfolio_Project\01_前期数据支撑\ScientificReports_JB_Flood_Healthcare_Accessibility\qc\D07\D06R_OneWay_Origin_Correction_Audit.csv,D06R_OneWay_Origin_Correction_Audit.csv,.csv,335,2026-10-05T06:14:02,57a86979dd946f9c67171bce6ee5d0a7162e8955fc675d7818944cd5ca1ffb00,1,False,False,
original,03_Nature_Portfolio_Project,D:\OneDrive\桌面\论文\2027年投稿期刊\论文项目\07_JB医疗可达性_洪水扰动下交通-网络韧性与公平性_SCS_Natural_Hazards\GPT数据\Nature Portfolio_Project\01_前期数据支撑\ScientificReports_JB_Flood_Healthcare_Accessibility\qc\D07\D06R_Origin_Access_to_RoutingGraph_Mapping_UNCHANGED.csv,D:\OneDrive\桌面\论文\2027年投稿期刊\论文项目\07_JB医疗可达性_洪水扰动下交通-网络韧性与公平性_SCS_Natural_Hazards\GPT数据\Nature Portfolio_Project\01_前期数据支撑\ScientificReports_JB_Flood_Healthcare_Accessibility\qc\D07\D06R_Origin_Access_to_RoutingGraph_Mapping_UNCHANGED.csv,Nature Portfolio_Project\01_前期数据支撑\ScientificReports_JB_Flood_Healthcare_Accessibility\qc\D07\D06R_Origin_Access_to_RoutingGraph_Mapping_UNCHANGED.csv,D06R_Origin_Access_to_RoutingGraph_Mapping_UNCHANGED.csv,.csv,9068110,2026-10-05T06:13:52,53e658ff94468c9e86b6a4f5853fb01e51908fe5d9a5d67800440d67df44201b,1,False,False,
original,03_Nature_Portfolio_Project,D:\OneDrive\桌面\论文\2027年投稿期刊\论文项目\07_JB医疗可达性_洪水扰动下交通-网络韧性与公平性_SCS_Natural_Hazards\GPT数据\Nature Portfolio_Project\01_前期数据支撑\ScientificReports_JB_Flood_Healthcare_Accessibility\qc\D07\D06R_QC_Report.txt,D:\OneDrive\桌面\论文\2027年投稿期刊\论文项目\07_JB医疗可达性_洪水扰动下交通-网络韧性与公平性_SCS_Natural_Hazards\GPT数据\Nature Portfolio_Project\01_前期数据支撑\ScientificReports_JB_Flood_Healthcare_Accessibility\qc\D07\D06R_QC_Report.txt,Nature Portfolio_Project\01_前期数据支撑\ScientificReports_JB_Flood_Healthcare_Accessibility\qc\D07\D06R_QC_Report.txt,D06R_QC_Report.txt,.txt,968,2026-10-05T06:14:02,69e5a2fc4986221d899ad25aa809932a55bb9b6f5b38f39adfcc6c8641c5eae8,2,False,False,
original,03_Nature_Portfolio_Project,D:\OneDrive\桌面\论文\2027年投稿期刊\论文项目\07_JB医疗可达性_洪水扰动下交通-网络韧性与公平性_SCS_Natural_Hazards\GPT数据\Nature Portfolio_Project\01_前期数据支撑\ScientificReports_JB_Flood_Healthcare_Accessibility\qc\D07\D06R_Reference_Speed_Model_UNCHANGED.csv,D:\OneDrive\桌面\论文\2027年投稿期刊\论文项目\07_JB医疗可达性_洪水扰动下交通-网络韧性与公平性_SCS_Natural_Hazards\GPT数据\Nature Portfolio_Project\01_前期数据支撑\ScientificReports_JB_Flood_Healthcare_Accessibility\qc\D07\D06R_Reference_Speed_Model_UNCHANGED.csv,Nature Portfolio_Project\01_前期数据支撑\ScientificReports_JB_Flood_Healthcare_Accessibility\qc\D07\D06R_Reference_Speed_Model_UNCHANGED.csv,D06R_Reference_Speed_Model_UNCHANGED.csv,.csv,167,2026-10-05T06:13:52,ffb145e529d9d7516af6f466e338d2201bd4c164014f4c3f3b75dbdc040d4a7e,1,False,False,
original,03_Nature_Portfolio_Project,D:\OneDrive\桌面\论文\2027年投稿期刊\论文项目\07_JB医疗可达性_洪水扰动下交通-网络韧性与公平性_SCS_Natural_Hazards\GPT数据\Nature Portfolio_Project\01_前期数据支撑\ScientificReports_JB_Flood_Healthcare_Accessibility\qc\D07\D06R_Routing_Component_Summary_UNCHANGED.csv,D:\OneDrive\桌面\论文\2027年投稿期刊\论文项目\07_JB医疗可达性_洪水扰动下交通-网络韧性与公平性_SCS_Natural_Hazards\GPT数据\Nature Portfolio_Project\01_前期数据支撑\ScientificReports_JB_Flood_Healthcare_Accessibility\qc\D07\D06R_Routing_Component_Summary_UNCHANGED.csv,Nature Portfolio_Project\01_前期数据支撑\ScientificReports_JB_Flood_Healthcare_Accessibility\qc\D07\D06R_Routing_Component_Summary_UNCHANGED.csv,D06R_Routing_Component_Summary_UNCHANGED.csv,.csv,6648,2026-10-05T06:13:52,db4d2c8e4081d80c53b46a90eaac8ade750007a9851b5929fe5d2d8aab9b00c9,1,False,False,
original,03_Nature_Portfolio_Project,D:\OneDrive\桌面\论文\2027年投稿期刊\论文项目\07_JB医疗可达性_洪水扰动下交通-网络韧性与公平性_SCS_Natural_Hazards\GPT数据\Nature Portfolio_Project\01_前期数据支撑\ScientificReports_JB_Flood_Healthcare_Accessibility\qc\D07\D06R_Speed_Source_Summary_UNCHANGED.csv,D:\OneDrive\桌面\论文\2027年投稿期刊\论文项目\07_JB医疗可达性_洪水扰动下交通-网络韧性与公平性_SCS_Natural_Hazards\GPT数据\Nature Portfolio_Project\01_前期数据支撑\ScientificReports_JB_Flood_Healthcare_Accessibility\qc\D07\D06R_Speed_Source_Summary_UNCHANGED.csv,Nature Portfolio_Project\01_前期数据支撑\ScientificReports_JB_Flood_Healthcare_Accessibility\qc\D07\D06R_Speed_Source_Summary_UNCHANGED.csv,D06R_Speed_Source_Summary_UNCHANGED.csv,.csv,1404,2026-10-05T06:13:52,c7496695e044572aefb2567b7fcb5175f874aef0b1d2fb90baee2c29a4fe8bf0,1,False,False,
original,03_Nature_Portfolio_Project,D:\OneDrive\桌面\论文\2027年投稿期刊\论文项目\07_JB医疗可达性_洪水扰动下交通-网络韧性与公平性_SCS_Natural_Hazards\GPT数据\Nature Portfolio_Project\01_前期数据支撑\ScientificReports_JB_Flood_Healthcare_Accessibility\qc\D07\D07AB_QC_Report.txt,D:\OneDrive\桌面\论文\2027年投稿期刊\论文项目\07_JB医疗可达性_洪水扰动下交通-网络韧性与公平性_SCS_Natural_Hazards\GPT数据\Nature Portfolio_Project\01_前期数据支撑\ScientificReports_JB_Flood_Healthcare_Accessibility\qc\D07\D07AB_QC_Report.txt,Nature Portfolio_Project\01_前期数据支撑\ScientificReports_JB_Flood_Healthcare_Accessibility\qc\D07\D07AB_QC_Report.txt,D07AB_QC_Report.txt,.txt,4079,2026-10-04T15:46:46,afde8ea14d76494fde9c90e931fc0378f2a603322e290903a87c6fcde924edb6,1,False,False,
original,03_Nature_Portfolio_Project,D:\OneDrive\桌面\论文\2027年投稿期刊\论文项目\07_JB医疗可达性_洪水扰动下交通-网络韧性与公平性_SCS_Natural_Hazards\GPT数据\Nature Portfolio_Project\01_前期数据支撑\ScientificReports_JB_Flood_Healthcare_Accessibility\qc\D07\D07B_Recurrent_Validation_Event_Queue.csv,D:\OneDrive\桌面\论文\2027年投稿期刊\论文项目\07_JB医疗可达性_洪水扰动下交通-网络韧性与公平性_SCS_Natural_Hazards\GPT数据\Nature Portfolio_Project\01_前期数据支撑\ScientificReports_JB_Flood_Healthcare_Accessibility\qc\D07\D07B_Recurrent_Validation_Event_Queue.csv,Nature Portfolio_Project\01_前期数据支撑\ScientificReports_JB_Flood_Healthcare_Accessibility\qc\D07\D07B_Recurrent_Validation_Event_Queue.csv,D07B_Recurrent_Validation_Event_Queue.csv,.csv,743,2026-10-04T15:46:46,4be0075bf5c531a91b925b448ee88ef87a547f004f9769d2405870b41e2e388e,1,False,False,
original,03_Nature_Portfolio_Project,D:\OneDrive\桌面\论文\2027年投稿期刊\论文项目\07_JB医疗可达性_洪水扰动下交通-网络韧性与公平性_SCS_Natural_Hazards\GPT数据\Nature Portfolio_Project\01_前期数据支撑\ScientificReports_JB_Flood_Healthcare_Accessibility\qc\D07\D07C_2025_27_Areas_Recovery_Summary.csv,D:\OneDrive\桌面\论文\2027年投稿期刊\论文项目\07_JB医疗可达性_洪水扰动下交通-网络韧性与公平性_SCS_Natural_Hazards\GPT数据\Nature Portfolio_Project\01_前期数据支撑\ScientificReports_JB_Flood_Healthcare_Accessibility\qc\D07\D07C_2025_27_Areas_Recovery_Summary.csv,Nature Portfolio_Project\01_前期数据支撑\ScientificReports_JB_Flood_Healthcare_Accessibility\qc\D07\D07C_2025_27_Areas_Recovery_Summary.csv,D07C_2025_27_Areas_Recovery_Summary.csv,.csv,382,2026-10-04T17:08:50,e15edfff79fda9c332b3edbb657eb263f283c36a65364128342b591f4bd9c281,1,False,False,
original,03_Nature_Portfolio_Project,D:\OneDrive\桌面\论文\2027年投稿期刊\论文项目\07_JB医疗可达性_洪水扰动下交通-网络韧性与公平性_SCS_Natural_Hazards\GPT数据\Nature Portfolio_Project\01_前期数据支撑\ScientificReports_JB_Flood_Healthcare_Accessibility\qc\D07\D07C_2025_MBJB_27_Areas_Recovery_Audit.csv,D:\OneDrive\桌面\论文\2027年投稿期刊\论文项目\07_JB医疗可达性_洪水扰动下交通-网络韧性与公平性_SCS_Natural_Hazards\GPT数据\Nature Portfolio_Project\01_前期数据支撑\ScientificReports_JB_Flood_Healthcare_Accessibility\qc\D07\D07C_2025_MBJB_27_Areas_Recovery_Audit.csv,Nature Portfolio_Project\01_前期数据支撑\ScientificReports_JB_Flood_Healthcare_Accessibility\qc\D07\D07C_2025_MBJB_27_Areas_Recovery_Audit.csv,D07C_2025_MBJB_27_Areas_Recovery_Audit.csv,.csv,3207,2026-10-04T17:08:50,d21e514d7670b416daf7b80fa83069b77953bdc3f24e77e54e34c1366c22361c,1,False,False,
original,03_Nature_Portfolio_Project,D:\OneDrive\桌面\论文\2027年投稿期刊\论文项目\07_JB医疗可达性_洪水扰动下交通-网络韧性与公平性_SCS_Natural_Hazards\GPT数据\Nature Portfolio_Project\01_前期数据支撑\ScientificReports_JB_Flood_Healthcare_Accessibility\qc\D07\D07C_D07E_Data_Count_Summary.csv,D:\OneDrive\桌面\论文\2027年投稿期刊\论文项目\07_JB医疗可达性_洪水扰动下交通-网络韧性与公平性_SCS_Natural_Hazards\GPT数据\Nature Portfolio_Project\01_前期数据支撑\ScientificReports_JB_Flood_Healthcare_Accessibility\qc\D07\D07C_D07E_Data_Count_Summary.csv,Nature Portfolio_Project\01_前期数据支撑\ScientificReports_JB_Flood_Healthcare_Accessibility\qc\D07\D07C_D07E_Data_Count_Summary.csv,D07C_D07E_Data_Count_Summary.csv,.csv,733,2026-10-04T17:13:12,1d9f9b191ff3d34d0f870abc2bf19869be99e186e2310c81ee65945de485bcf2,1,False,False,
original,03_Nature_Portfolio_Project,D:\OneDrive\桌面\论文\2027年投稿期刊\论文项目\07_JB医疗可达性_洪水扰动下交通-网络韧性与公平性_SCS_Natural_Hazards\GPT数据\Nature Portfolio_Project\01_前期数据支撑\ScientificReports_JB_Flood_Healthcare_Accessibility\qc\D07\D07C_D07E_QC_Report.txt,D:\OneDrive\桌面\论文\2027年投稿期刊\论文项目\07_JB医疗可达性_洪水扰动下交通-网络韧性与公平性_SCS_Natural_Hazards\GPT数据\Nature Portfolio_Project\01_前期数据支撑\ScientificReports_JB_Flood_Healthcare_Accessibility\qc\D07\D07C_D07E_QC_Report.txt,Nature Portfolio_Project\01_前期数据支撑\ScientificReports_JB_Flood_Healthcare_Accessibility\qc\D07\D07C_D07E_QC_Report.txt,D07C_D07E_QC_Report.txt,.txt,6279,2026-10-04T17:13:12,cc721629986b080f1d9ec433452359a474308bd22307f33dfecc0f035bfbaadb,1,False,False,
original,03_Nature_Portfolio_Project,D:\OneDrive\桌面\论文\2027年投稿期刊\论文项目\07_JB医疗可达性_洪水扰动下交通-网络韧性与公平性_SCS_Natural_Hazards\GPT数据\Nature Portfolio_Project\01_前期数据支撑\ScientificReports_JB_Flood_Healthcare_Accessibility\qc\D07\D07C_Evidence_Quality_Summary.csv,D:\OneDrive\桌面\论文\2027年投稿期刊\论文项目\07_JB医疗可达性_洪水扰动下交通-网络韧性与公平性_SCS_Natural_Hazards\GPT数据\Nature Portfolio_Project\01_前期数据支撑\ScientificReports_JB_Flood_Healthcare_Accessibility\qc\D07\D07C_Evidence_Quality_Summary.csv,Nature Portfolio_Project\01_前期数据支撑\ScientificReports_JB_Flood_Healthcare_Accessibility\qc\D07\D07C_Evidence_Quality_Summary.csv,D07C_Evidence_Quality_Summary.csv,.csv,115,2026-10-04T17:13:12,54ebe3b7c63806e0931334fd021eebc598b7fe08feaf2d36f087274b9e320ffc,1,False,False,
original,03_Nature_Portfolio_Project,D:\OneDrive\桌面\论文\2027年投稿期刊\论文项目\07_JB医疗可达性_洪水扰动下交通-网络韧性与公平性_SCS_Natural_Hazards\GPT数据\Nature Portfolio_Project\01_前期数据支撑\ScientificReports_JB_Flood_Healthcare_Accessibility\qc\D07\D07C_Historical_Location_OSM_Match_Audit.csv,D:\OneDrive\桌面\论文\2027年投稿期刊\论文项目\07_JB医疗可达性_洪水扰动下交通-网络韧性与公平性_SCS_Natural_Hazards\GPT数据\Nature Portfolio_Project\01_前期数据支撑\ScientificReports_JB_Flood_Healthcare_Accessibility\qc\D07\D07C_Historical_Location_OSM_Match_Audit.csv,Nature Portfolio_Project\01_前期数据支撑\ScientificReports_JB_Flood_Healthcare_Accessibility\qc\D07\D07C_Historical_Location_OSM_Match_Audit.csv,D07C_Historical_Location_OSM_Match_Audit.csv,.csv,8691,2026-10-04T17:11:24,f51a24a6e10eb68105e85ef712e71315aba4d1d1e3672189e97ae2679e20a07d,1,False,False,
original,03_Nature_Portfolio_Project,D:\OneDrive\桌面\论文\2027年投稿期刊\论文项目\07_JB医疗可达性_洪水扰动下交通-网络韧性与公平性_SCS_Natural_Hazards\GPT数据\Nature Portfolio_Project\01_前期数据支撑\ScientificReports_JB_Flood_Healthcare_Accessibility\qc\D07\D07E_Downloaded_IMERG_Inventory.csv,D:\OneDrive\桌面\论文\2027年投稿期刊\论文项目\07_JB医疗可达性_洪水扰动下交通-网络韧性与公平性_SCS_Natural_Hazards\GPT数据\Nature Portfolio_Project\01_前期数据支撑\ScientificReports_JB_Flood_Healthcare_Accessibility\qc\D07\D07E_Downloaded_IMERG_Inventory.csv,Nature Portfolio_Project\01_前期数据支撑\ScientificReports_JB_Flood_Healthcare_Accessibility\qc\D07\D07E_Downloaded_IMERG_Inventory.csv,D07E_Downloaded_IMERG_Inventory.csv,.csv,28829,2026-10-05T11:12:32,80cca7aa2b1289fb31520f52b68800d2037d0f79560a6b1d15b294bbd3b6a9da,2,False,False,
original,03_Nature_Portfolio_Project,D:\OneDrive\桌面\论文\2027年投稿期刊\论文项目\07_JB医疗可达性_洪水扰动下交通-网络韧性与公平性_SCS_Natural_Hazards\GPT数据\Nature Portfolio_Project\01_前期数据支撑\ScientificReports_JB_Flood_Healthcare_Accessibility\qc\D07\D07E_Final_QC_Report.txt,D:\OneDrive\桌面\论文\2027年投稿期刊\论文项目\07_JB医疗可达性_洪水扰动下交通-网络韧性与公平性_SCS_Natural_Hazards\GPT数据\Nature Portfolio_Project\01_前期数据支撑\ScientificReports_JB_Flood_Healthcare_Accessibility\qc\D07\D07E_Final_QC_Report.txt,Nature Portfolio_Project\01_前期数据支撑\ScientificReports_JB_Flood_Healthcare_Accessibility\qc\D07\D07E_Final_QC_Report.txt,D07E_Final_QC_Report.txt,.txt,5030,2026-10-05T11:36:44,ef3744a64fccd8425e52b5cd102778b3b86ac2ddd1bc54aebc26c0fc1f7d742b,2,False,False,
original,03_Nature_Portfolio_Project,D:\OneDrive\桌面\论文\2027年投稿期刊\论文项目\07_JB医疗可达性_洪水扰动下交通-网络韧性与公平性_SCS_Natural_Hazards\GPT数据\Nature Portfolio_Project\01_前期数据支撑\ScientificReports_JB_Flood_Healthcare_Accessibility\qc\D07\D07E_IMERG_144_HDF5_Inventory_SHA256.csv,D:\OneDrive\桌面\论文\2027年投稿期刊\论文项目\07_JB医疗可达性_洪水扰动下交通-网络韧性与公平性_SCS_Natural_Hazards\GPT数据\Nature Portfolio_Project\01_前期数据支撑\ScientificReports_JB_Flood_Healthcare_Accessibility\qc\D07\D07E_IMERG_144_HDF5_Inventory_SHA256.csv,Nature Portfolio_Project\01_前期数据支撑\ScientificReports_JB_Flood_Healthcare_Accessibility\qc\D07\D07E_IMERG_144_HDF5_Inventory_SHA256.csv,D07E_IMERG_144_HDF5_Inventory_SHA256.csv,.csv,31788,2026-10-05T11:36:40,210dcf72158e7588ad8e7e4e5670439cccdcd026e9892410fa52dbcc9467e836,2,False,False,
original,03_Nature_Portfolio_Project,D:\OneDrive\桌面\论文\2027年投稿期刊\论文项目\07_JB医疗可达性_洪水扰动下交通-网络韧性与公平性_SCS_Natural_Hazards\GPT数据\Nature Portfolio_Project\01_前期数据支撑\ScientificReports_JB_Flood_Healthcare_Accessibility\qc\D07\D07E_IMERG_JB_Daily_AreaWeighted_Summary.csv,D:\OneDrive\桌面\论文\2027年投稿期刊\论文项目\07_JB医疗可达性_洪水扰动下交通-网络韧性与公平性_SCS_Natural_Hazards\GPT数据\Nature Portfolio_Project\01_前期数据支撑\ScientificReports_JB_Flood_Healthcare_Accessibility\qc\D07\D07E_IMERG_JB_Daily_AreaWeighted_Summary.csv,Nature Portfolio_Project\01_前期数据支撑\ScientificReports_JB_Flood_Healthcare_Accessibility\qc\D07\D07E_IMERG_JB_Daily_AreaWeighted_Summary.csv,D07E_IMERG_JB_Daily_AreaWeighted_Summary.csv,.csv,212,2026-10-05T06:19:14,a455930870cca025e09b9bfcacf9d06173b98410c20a44933d8d672fa592edea,1,False,False,
original,03_Nature_Portfolio_Project,D:\OneDrive\桌面\论文\2027年投稿期刊\论文项目\07_JB医疗可达性_洪水扰动下交通-网络韧性与公平性_SCS_Natural_Hazards\GPT数据\Nature Portfolio_Project\01_前期数据支撑\ScientificReports_JB_Flood_Healthcare_Accessibility\qc\D07\D07E_Senai_MET_vs_IMERG_Daily.csv,D:\OneDrive\桌面\论文\2027年投稿期刊\论文项目\07_JB医疗可达性_洪水扰动下交通-网络韧性与公平性_SCS_Natural_Hazards\GPT数据\Nature Portfolio_Project\01_前期数据支撑\ScientificReports_JB_Flood_Healthcare_Accessibility\qc\D07\D07E_Senai_MET_vs_IMERG_Daily.csv,Nature Portfolio_Project\01_前期数据支撑\ScientificReports_JB_Flood_Healthcare_Accessibility\qc\D07\D07E_Senai_MET_vs_IMERG_Daily.csv,D07E_Senai_MET_vs_IMERG_Daily.csv,.csv,440,2026-10-05T06:19:14,37e70e897e31c6e89e3a4cd31429ebb9c360d07fac3c0f9472b48ffd88a6bc45,2,False,False,
original,03_Nature_Portfolio_Project,D:\OneDrive\桌面\论文\2027年投稿期刊\论文项目\07_JB医疗可达性_洪水扰动下交通-网络韧性与公平性_SCS_Natural_Hazards\GPT数据\Nature Portfolio_Project\01_前期数据支撑\ScientificReports_JB_Flood_Healthcare_Accessibility\qc\D07\D07E_Uploaded_Zip_Parts_QC.csv,D:\OneDrive\桌面\论文\2027年投稿期刊\论文项目\07_JB医疗可达性_洪水扰动下交通-网络韧性与公平性_SCS_Natural_Hazards\GPT数据\Nature Portfolio_Project\01_前期数据支撑\ScientificReports_JB_Flood_Healthcare_Accessibility\qc\D07\D07E_Uploaded_Zip_Parts_QC.csv,Nature Portfolio_Project\01_前期数据支撑\ScientificReports_JB_Flood_Healthcare_Accessibility\qc\D07\D07E_Uploaded_Zip_Parts_QC.csv,D07E_Uploaded_Zip_Parts_QC.csv,.csv,691,2026-10-05T03:31:32,141a093e764f62b538efeecdaa11aeb317da617f644cb439756e257760ed86b2,1,False,False,
original,03_Nature_Portfolio_Project,D:\OneDrive\桌面\论文\2027年投稿期刊\论文项目\07_JB医疗可达性_洪水扰动下交通-网络韧性与公平性_SCS_Natural_Hazards\GPT数据\Nature Portfolio_Project\01_前期数据支撑\ScientificReports_JB_Flood_Healthcare_Accessibility\qc\D07\D07F_Closure_Spatialization_Checks.csv,D:\OneDrive\桌面\论文\2027年投稿期刊\论文项目\07_JB医疗可达性_洪水扰动下交通-网络韧性与公平性_SCS_Natural_Hazards\GPT数据\Nature Portfolio_Project\01_前期数据支撑\ScientificReports_JB_Flood_Healthcare_Accessibility\qc\D07\D07F_Closure_Spatialization_Checks.csv,Nature Portfolio_Project\01_前期数据支撑\ScientificReports_JB_Flood_Healthcare_Accessibility\qc\D07\D07F_Closure_Spatialization_Checks.csv,D07F_Closure_Spatialization_Checks.csv,.csv,833,2026-10-05T01:08:30,d750501171b90689474be25cb360d659084ba042d85e7f6487d4050efd22d1eb,1,False,False,
original,03_Nature_Portfolio_Project,D:\OneDrive\桌面\论文\2027年投稿期刊\论文项目\07_JB医疗可达性_洪水扰动下交通-网络韧性与公平性_SCS_Natural_Hazards\GPT数据\Nature Portfolio_Project\01_前期数据支撑\ScientificReports_JB_Flood_Healthcare_Accessibility\qc\D07\D07F_Closure_Spatialization_QC.png,D:\OneDrive\桌面\论文\2027年投稿期刊\论文项目\07_JB医疗可达性_洪水扰动下交通-网络韧性与公平性_SCS_Natural_Hazards\GPT数据\Nature Portfolio_Project\01_前期数据支撑\ScientificReports_JB_Flood_Healthcare_Accessibility\qc\D07\D07F_Closure_Spatialization_QC.png,Nature Portfolio_Project\01_前期数据支撑\ScientificReports_JB_Flood_Healthcare_Accessibility\qc\D07\D07F_Closure_Spatialization_QC.png,D07F_Closure_Spatialization_QC.png,.png,152294,2026-10-05T01:08:30,f225a5b41d6d8456ecbba4ccffb574e569a29e6f7e6be7c3b1cc946ce2e2e13c,1,False,False,
original,03_Nature_Portfolio_Project,D:\OneDrive\桌面\论文\2027年投稿期刊\论文项目\07_JB医疗可达性_洪水扰动下交通-网络韧性与公平性_SCS_Natural_Hazards\GPT数据\Nature Portfolio_Project\01_前期数据支撑\ScientificReports_JB_Flood_Healthcare_Accessibility\qc\D07\D07F_FT003_KM9_Chainage_Calibration_Audit.csv,D:\OneDrive\桌面\论文\2027年投稿期刊\论文项目\07_JB医疗可达性_洪水扰动下交通-网络韧性与公平性_SCS_Natural_Hazards\GPT数据\Nature Portfolio_Project\01_前期数据支撑\ScientificReports_JB_Flood_Healthcare_Accessibility\qc\D07\D07F_FT003_KM9_Chainage_Calibration_Audit.csv,Nature Portfolio_Project\01_前期数据支撑\ScientificReports_JB_Flood_Healthcare_Accessibility\qc\D07\D07F_FT003_KM9_Chainage_Calibration_Audit.csv,D07F_FT003_KM9_Chainage_Calibration_Audit.csv,.csv,1037,2026-10-05T01:08:28,03f4b311ca861bf35385e1393677006c85724f8939ee479a351adee1a908f106,1,False,False,
original,03_Nature_Portfolio_Project,D:\OneDrive\桌面\论文\2027年投稿期刊\论文项目\07_JB医疗可达性_洪水扰动下交通-网络韧性与公平性_SCS_Natural_Hazards\GPT数据\Nature Portfolio_Project\01_前期数据支撑\ScientificReports_JB_Flood_Healthcare_Accessibility\qc\D07\D07F_IMERG_144_Granule_Availability_Audit.csv,D:\OneDrive\桌面\论文\2027年投稿期刊\论文项目\07_JB医疗可达性_洪水扰动下交通-网络韧性与公平性_SCS_Natural_Hazards\GPT数据\Nature Portfolio_Project\01_前期数据支撑\ScientificReports_JB_Flood_Healthcare_Accessibility\qc\D07\D07F_IMERG_144_Granule_Availability_Audit.csv,Nature Portfolio_Project\01_前期数据支撑\ScientificReports_JB_Flood_Healthcare_Accessibility\qc\D07\D07F_IMERG_144_Granule_Availability_Audit.csv,D07F_IMERG_144_Granule_Availability_Audit.csv,.csv,77318,2026-10-05T01:00:54,54df9ccfb782ac8d09173241a86b71801770a2cf37b3366b4077a4d0931191f8,1,False,False,
original,03_Nature_Portfolio_Project,D:\OneDrive\桌面\论文\2027年投稿期刊\论文项目\07_JB医疗可达性_洪水扰动下交通-网络韧性与公平性_SCS_Natural_Hazards\GPT数据\Nature Portfolio_Project\01_前期数据支撑\ScientificReports_JB_Flood_Healthcare_Accessibility\qc\D07\D07F_QC_Report.txt,D:\OneDrive\桌面\论文\2027年投稿期刊\论文项目\07_JB医疗可达性_洪水扰动下交通-网络韧性与公平性_SCS_Natural_Hazards\GPT数据\Nature Portfolio_Project\01_前期数据支撑\ScientificReports_JB_Flood_Healthcare_Accessibility\qc\D07\D07F_QC_Report.txt,Nature Portfolio_Project\01_前期数据支撑\ScientificReports_JB_Flood_Healthcare_Accessibility\qc\D07\D07F_QC_Report.txt,D07F_QC_Report.txt,.txt,3453,2026-10-05T01:08:30,34616fa0cfe51c118a8211dd7103034b131044909743fb7686884c8ffa75156e,1,False,False,
original,03_Nature_Portfolio_Project,D:\OneDrive\桌面\论文\2027年投稿期刊\论文项目\07_JB医疗可达性_洪水扰动下交通-网络韧性与公平性_SCS_Natural_Hazards\GPT数据\Nature Portfolio_Project\01_前期数据支撑\ScientificReports_JB_Flood_Healthcare_Accessibility\qc\D07\GIS_Road_Screening_Class_Counts.csv,D:\OneDrive\桌面\论文\2027年投稿期刊\论文项目\07_JB医疗可达性_洪水扰动下交通-网络韧性与公平性_SCS_Natural_Hazards\GPT数据\Nature Portfolio_Project\01_前期数据支撑\ScientificReports_JB_Flood_Healthcare_Accessibility\qc\D07\GIS_Road_Screening_Class_Counts.csv,Nature Portfolio_Project\01_前期数据支撑\ScientificReports_JB_Flood_Healthcare_Accessibility\qc\D07\GIS_Road_Screening_Class_Counts.csv,GIS_Road_Screening_Class_Counts.csv,.csv,228,2026-10-05T04:08:46,562845f7fef205075b1a1fc392435b330522d4c7ff77ca8961294633ab379537,1,False,False,
original,03_Nature_Portfolio_Project,D:\OneDrive\桌面\论文\2027年投稿期刊\论文项目\07_JB医疗可达性_洪水扰动下交通-网络韧性与公平性_SCS_Natural_Hazards\GPT数据\Nature Portfolio_Project\01_前期数据支撑\ScientificReports_JB_Flood_Healthcare_Accessibility\qc\D08\D06R_Accessibility_Subdistrict_Summary.csv,D:\OneDrive\桌面\论文\2027年投稿期刊\论文项目\07_JB医疗可达性_洪水扰动下交通-网络韧性与公平性_SCS_Natural_Hazards\GPT数据\Nature Portfolio_Project\01_前期数据支撑\ScientificReports_JB_Flood_Healthcare_Accessibility\qc\D08\D06R_Accessibility_Subdistrict_Summary.csv,Nature Portfolio_Project\01_前期数据支撑\ScientificReports_JB_Flood_Healthcare_Accessibility\qc\D08\D06R_Accessibility_Subdistrict_Summary.csv,D06R_Accessibility_Subdistrict_Summary.csv,.csv,1597,2026-10-05T06:14:00,98495435da9acf4e2a35ea07b056d0bdb40d1496a59960de3bcb22a4fbf1dab3,1,False,False,
original,03_Nature_Portfolio_Project,D:\OneDrive\桌面\论文\2027年投稿期刊\论文项目\07_JB医疗可达性_洪水扰动下交通-网络韧性与公平性_SCS_Natural_Hazards\GPT数据\Nature Portfolio_Project\01_前期数据支撑\ScientificReports_JB_Flood_Healthcare_Accessibility\qc\D08\D06_Accessibility_Subdistrict_Summary.csv,D:\OneDrive\桌面\论文\2027年投稿期刊\论文项目\07_JB医疗可达性_洪水扰动下交通-网络韧性与公平性_SCS_Natural_Hazards\GPT数据\Nature Portfolio_Project\01_前期数据支撑\ScientificReports_JB_Flood_Healthcare_Accessibility\qc\D08\D06_Accessibility_Subdistrict_Summary.csv,Nature Portfolio_Project\01_前期数据支撑\ScientificReports_JB_Flood_Healthcare_Accessibility\qc\D08\D06_Accessibility_Subdistrict_Summary.csv,D06_Accessibility_Subdistrict_Summary.csv,.csv,2274,2026-10-04T23:25:43,c38ba1dbfad9ac01a55aaf4b6e2b9cd95fb9862e0e3a4d33a2f6051ffae03960,2,False,False,
original,03_Nature_Portfolio_Project,D:\OneDrive\桌面\论文\2027年投稿期刊\论文项目\07_JB医疗可达性_洪水扰动下交通-网络韧性与公平性_SCS_Natural_Hazards\GPT数据\Nature Portfolio_Project\01_前期数据支撑\ScientificReports_JB_Flood_Healthcare_Accessibility\qc\D08\D07E_D08_Gate_Decision.csv,D:\OneDrive\桌面\论文\2027年投稿期刊\论文项目\07_JB医疗可达性_洪水扰动下交通-网络韧性与公平性_SCS_Natural_Hazards\GPT数据\Nature Portfolio_Project\01_前期数据支撑\ScientificReports_JB_Flood_Healthcare_Accessibility\qc\D08\D07E_D08_Gate_Decision.csv,Nature Portfolio_Project\01_前期数据支撑\ScientificReports_JB_Flood_Healthcare_Accessibility\qc\D08\D07E_D08_Gate_Decision.csv,D07E_D08_Gate_Decision.csv,.csv,741,2026-10-05T11:36:44,7d12bc905dcd96f624893cb0256f41c24047b1e68e009d8a90c87b9efc7202f9,2,False,False,
original,03_Nature_Portfolio_Project,D:\OneDrive\桌面\论文\2027年投稿期刊\论文项目\07_JB医疗可达性_洪水扰动下交通-网络韧性与公平性_SCS_Natural_Hazards\GPT数据\Nature Portfolio_Project\01_前期数据支撑\ScientificReports_JB_Flood_Healthcare_Accessibility\qc\D08\D08_Closure_Shift_Reconstruction_Audit.csv,D:\OneDrive\桌面\论文\2027年投稿期刊\论文项目\07_JB医疗可达性_洪水扰动下交通-网络韧性与公平性_SCS_Natural_Hazards\GPT数据\Nature Portfolio_Project\01_前期数据支撑\ScientificReports_JB_Flood_Healthcare_Accessibility\qc\D08\D08_Closure_Shift_Reconstruction_Audit.csv,Nature Portfolio_Project\01_前期数据支撑\ScientificReports_JB_Flood_Healthcare_Accessibility\qc\D08\D08_Closure_Shift_Reconstruction_Audit.csv,D08_Closure_Shift_Reconstruction_Audit.csv,.csv,606,2026-10-05T04:08:02,50f734c14b5535dd0485f4942374179ab819aea6baed5041d5cc61bd87bcecea,1,False,False,
original,03_Nature_Portfolio_Project,D:\OneDrive\桌面\论文\2027年投稿期刊\论文项目\07_JB医疗可达性_洪水扰动下交通-网络韧性与公平性_SCS_Natural_Hazards\GPT数据\Nature Portfolio_Project\01_前期数据支撑\ScientificReports_JB_Flood_Healthcare_Accessibility\qc\D08\D08_Closure_Subedge_Intervals.csv,D:\OneDrive\桌面\论文\2027年投稿期刊\论文项目\07_JB医疗可达性_洪水扰动下交通-网络韧性与公平性_SCS_Natural_Hazards\GPT数据\Nature Portfolio_Project\01_前期数据支撑\ScientificReports_JB_Flood_Healthcare_Accessibility\qc\D08\D08_Closure_Subedge_Intervals.csv,Nature Portfolio_Project\01_前期数据支撑\ScientificReports_JB_Flood_Healthcare_Accessibility\qc\D08\D08_Closure_Subedge_Intervals.csv,D08_Closure_Subedge_Intervals.csv,.csv,12618,2026-10-05T03:48:58,295eda0a5ff71c75dcc8783d65edf013794a7d4c9c7cb48af8b263220246688c,1,False,False,
original,03_Nature_Portfolio_Project,D:\OneDrive\桌面\论文\2027年投稿期刊\论文项目\07_JB医疗可达性_洪水扰动下交通-网络韧性与公平性_SCS_Natural_Hazards\GPT数据\Nature Portfolio_Project\01_前期数据支撑\ScientificReports_JB_Flood_Healthcare_Accessibility\qc\D08\D08_D06_OneWay_Origin_Audit.csv,D:\OneDrive\桌面\论文\2027年投稿期刊\论文项目\07_JB医疗可达性_洪水扰动下交通-网络韧性与公平性_SCS_Natural_Hazards\GPT数据\Nature Portfolio_Project\01_前期数据支撑\ScientificReports_JB_Flood_Healthcare_Accessibility\qc\D08\D08_D06_OneWay_Origin_Audit.csv,Nature Portfolio_Project\01_前期数据支撑\ScientificReports_JB_Flood_Healthcare_Accessibility\qc\D08\D08_D06_OneWay_Origin_Audit.csv,D08_D06_OneWay_Origin_Audit.csv,.csv,390,2026-10-05T03:48:58,2b286496896518c3e12e1d6734ef0d36b6b449e1125669c18d1784541fa0e072,1,False,False,
original,03_Nature_Portfolio_Project,D:\OneDrive\桌面\论文\2027年投稿期刊\论文项目\07_JB医疗可达性_洪水扰动下交通-网络韧性与公平性_SCS_Natural_Hazards\GPT数据\Nature Portfolio_Project\01_前期数据支撑\ScientificReports_JB_Flood_Healthcare_Accessibility\qc\D08\D08_D06_vs_D06R_Global_Audit.csv,D:\OneDrive\桌面\论文\2027年投稿期刊\论文项目\07_JB医疗可达性_洪水扰动下交通-网络韧性与公平性_SCS_Natural_Hazards\GPT数据\Nature Portfolio_Project\01_前期数据支撑\ScientificReports_JB_Flood_Healthcare_Accessibility\qc\D08\D08_D06_vs_D06R_Global_Audit.csv,Nature Portfolio_Project\01_前期数据支撑\ScientificReports_JB_Flood_Healthcare_Accessibility\qc\D08\D08_D06_vs_D06R_Global_Audit.csv,D08_D06_vs_D06R_Global_Audit.csv,.csv,258,2026-10-05T03:49:02,4d3ef0bf176f9b72c28526cc9fa6c2d9cf15a5a69a394408af858310ae6ceb7c,1,False,False,
original,03_Nature_Portfolio_Project,D:\OneDrive\桌面\论文\2027年投稿期刊\论文项目\07_JB医疗可达性_洪水扰动下交通-网络韧性与公平性_SCS_Natural_Hazards\GPT数据\Nature Portfolio_Project\01_前期数据支撑\ScientificReports_JB_Flood_Healthcare_Accessibility\qc\D08\D08_Global_Accessibility_Impact_Summary.csv,D:\OneDrive\桌面\论文\2027年投稿期刊\论文项目\07_JB医疗可达性_洪水扰动下交通-网络韧性与公平性_SCS_Natural_Hazards\GPT数据\Nature Portfolio_Project\01_前期数据支撑\ScientificReports_JB_Flood_Healthcare_Accessibility\qc\D08\D08_Global_Accessibility_Impact_Summary.csv,Nature Portfolio_Project\01_前期数据支撑\ScientificReports_JB_Flood_Healthcare_Accessibility\qc\D08\D08_Global_Accessibility_Impact_Summary.csv,D08_Global_Accessibility_Impact_Summary.csv,.csv,2275,2026-10-05T11:53:13,0ab6c738020d194e3d95bdbd1957ca5791d11c21d6a6d93ae1b45e0bb6d72097,2,False,False,
original,03_Nature_Portfolio_Project,D:\OneDrive\桌面\论文\2027年投稿期刊\论文项目\07_JB医疗可达性_洪水扰动下交通-网络韧性与公平性_SCS_Natural_Hazards\GPT数据\Nature Portfolio_Project\01_前期数据支撑\ScientificReports_JB_Flood_Healthcare_Accessibility\qc\D08\D08_Sensitivity_and_GIS_QC_Report.txt,D:\OneDrive\桌面\论文\2027年投稿期刊\论文项目\07_JB医疗可达性_洪水扰动下交通-网络韧性与公平性_SCS_Natural_Hazards\GPT数据\Nature Portfolio_Project\01_前期数据支撑\ScientificReports_JB_Flood_Healthcare_Accessibility\qc\D08\D08_Sensitivity_and_GIS_QC_Report.txt,Nature Portfolio_Project\01_前期数据支撑\ScientificReports_JB_Flood_Healthcare_Accessibility\qc\D08\D08_Sensitivity_and_GIS_QC_Report.txt,D08_Sensitivity_and_GIS_QC_Report.txt,.txt,4471,2026-10-05T12:15:02,f4f64ab971f4d3eef29ced53ee6de42eef6eec1bdb45ed3315437a01169c787e,2,False,False,
original,03_Nature_Portfolio_Project,D:\OneDrive\桌面\论文\2027年投稿期刊\论文项目\07_JB医疗可达性_洪水扰动下交通-网络韧性与公平性_SCS_Natural_Hazards\GPT数据\Nature Portfolio_Project\01_前期数据支撑\ScientificReports_JB_Flood_Healthcare_Accessibility\qc\D08\D08_Step1_QC_Report.txt,D:\OneDrive\桌面\论文\2027年投稿期刊\论文项目\07_JB医疗可达性_洪水扰动下交通-网络韧性与公平性_SCS_Natural_Hazards\GPT数据\Nature Portfolio_Project\01_前期数据支撑\ScientificReports_JB_Flood_Healthcare_Accessibility\qc\D08\D08_Step1_QC_Report.txt,Nature Portfolio_Project\01_前期数据支撑\ScientificReports_JB_Flood_Healthcare_Accessibility\qc\D08\D08_Step1_QC_Report.txt,D08_Step1_QC_Report.txt,.txt,10428,2026-10-05T11:53:19,b3cb7857b225532cf12a540e7cb1aa55a904fdc5a7d931d9264dcff020a1bdc5,2,False,False,
original,03_Nature_Portfolio_Project,D:\OneDrive\桌面\论文\2027年投稿期刊\论文项目\07_JB医疗可达性_洪水扰动下交通-网络韧性与公平性_SCS_Natural_Hazards\GPT数据\Nature Portfolio_Project\01_前期数据支撑\ScientificReports_JB_Flood_Healthcare_Accessibility\qc\D09\D09_CRPI_Rank_Correlation_Across_ScoreMappings.csv,D:\OneDrive\桌面\论文\2027年投稿期刊\论文项目\07_JB医疗可达性_洪水扰动下交通-网络韧性与公平性_SCS_Natural_Hazards\GPT数据\Nature Portfolio_Project\01_前期数据支撑\ScientificReports_JB_Flood_Healthcare_Accessibility\qc\D09\D09_CRPI_Rank_Correlation_Across_ScoreMappings.csv,Nature Portfolio_Project\01_前期数据支撑\ScientificReports_JB_Flood_Healthcare_Accessibility\qc\D09\D09_CRPI_Rank_Correlation_Across_ScoreMappings.csv,D09_CRPI_Rank_Correlation_Across_ScoreMappings.csv,.csv,141,2026-10-05T04:25:58,25527e11466b1be580dc5ea78c9ddf61e0b9793dae534d481abf7461095dfad6,1,False,False,
original,03_Nature_Portfolio_Project,D:\OneDrive\桌面\论文\2027年投稿期刊\论文项目\07_JB医疗可达性_洪水扰动下交通-网络韧性与公平性_SCS_Natural_Hazards\GPT数据\Nature Portfolio_Project\01_前期数据支撑\ScientificReports_JB_Flood_Healthcare_Accessibility\qc\D09\D09_CRPI_Rank_Robustness_Summary.csv,D:\OneDrive\桌面\论文\2027年投稿期刊\论文项目\07_JB医疗可达性_洪水扰动下交通-网络韧性与公平性_SCS_Natural_Hazards\GPT数据\Nature Portfolio_Project\01_前期数据支撑\ScientificReports_JB_Flood_Healthcare_Accessibility\qc\D09\D09_CRPI_Rank_Robustness_Summary.csv,Nature Portfolio_Project\01_前期数据支撑\ScientificReports_JB_Flood_Healthcare_Accessibility\qc\D09\D09_CRPI_Rank_Robustness_Summary.csv,D09_CRPI_Rank_Robustness_Summary.csv,.csv,168,2026-10-05T04:25:58,b0a335e028fde8c0e0293b85c2473d46bb55d13620d53b39fdf7da241c4bc3ea,1,False,False,
original,03_Nature_Portfolio_Project,D:\OneDrive\桌面\论文\2027年投稿期刊\论文项目\07_JB医疗可达性_洪水扰动下交通-网络韧性与公平性_SCS_Natural_Hazards\GPT数据\Nature Portfolio_Project\01_前期数据支撑\ScientificReports_JB_Flood_Healthcare_Accessibility\qc\D09\D09_CRPI_vs_ClosureStress_Validation.csv,D:\OneDrive\桌面\论文\2027年投稿期刊\论文项目\07_JB医疗可达性_洪水扰动下交通-网络韧性与公平性_SCS_Natural_Hazards\GPT数据\Nature Portfolio_Project\01_前期数据支撑\ScientificReports_JB_Flood_Healthcare_Accessibility\qc\D09\D09_CRPI_vs_ClosureStress_Validation.csv,Nature Portfolio_Project\01_前期数据支撑\ScientificReports_JB_Flood_Healthcare_Accessibility\qc\D09\D09_CRPI_vs_ClosureStress_Validation.csv,D09_CRPI_vs_ClosureStress_Validation.csv,.csv,368,2026-10-05T04:26:54,9044b403584d003341caafe62360281cb212422aef840409065790cc8aba4512,1,False,False,
original,03_Nature_Portfolio_Project,D:\OneDrive\桌面\论文\2027年投稿期刊\论文项目\07_JB医疗可达性_洪水扰动下交通-网络韧性与公平性_SCS_Natural_Hazards\GPT数据\Nature Portfolio_Project\01_前期数据支撑\ScientificReports_JB_Flood_Healthcare_Accessibility\qc\D09\D09_D06_to_CoreRoad_Mapping_Audit.csv,D:\OneDrive\桌面\论文\2027年投稿期刊\论文项目\07_JB医疗可达性_洪水扰动下交通-网络韧性与公平性_SCS_Natural_Hazards\GPT数据\Nature Portfolio_Project\01_前期数据支撑\ScientificReports_JB_Flood_Healthcare_Accessibility\qc\D09\D09_D06_to_CoreRoad_Mapping_Audit.csv,Nature Portfolio_Project\01_前期数据支撑\ScientificReports_JB_Flood_Healthcare_Accessibility\qc\D09\D09_D06_to_CoreRoad_Mapping_Audit.csv,D09_D06_to_CoreRoad_Mapping_Audit.csv,.csv,272,2026-10-05T04:26:54,b6d7a7395b401c6cfc3aff70bacf76734f031e808523321fc1220fade710ebdb,1,False,False,
original,03_Nature_Portfolio_Project,D:\OneDrive\桌面\论文\2027年投稿期刊\论文项目\07_JB医疗可达性_洪水扰动下交通-网络韧性与公平性_SCS_Natural_Hazards\GPT数据\Nature Portfolio_Project\01_前期数据支撑\ScientificReports_JB_Flood_Healthcare_Accessibility\qc\D09\D09_NetworkWide_Corridor_Priority_Summary.csv,D:\OneDrive\桌面\论文\2027年投稿期刊\论文项目\07_JB医疗可达性_洪水扰动下交通-网络韧性与公平性_SCS_Natural_Hazards\GPT数据\Nature Portfolio_Project\01_前期数据支撑\ScientificReports_JB_Flood_Healthcare_Accessibility\qc\D09\D09_NetworkWide_Corridor_Priority_Summary.csv,Nature Portfolio_Project\01_前期数据支撑\ScientificReports_JB_Flood_Healthcare_Accessibility\qc\D09\D09_NetworkWide_Corridor_Priority_Summary.csv,D09_NetworkWide_Corridor_Priority_Summary.csv,.csv,65460,2026-10-05T12:30:54,c90cdeea666b0be8d7c6ed4fcdde923a8dae3464a1e38789184dabf19689447b,2,False,False,
original,03_Nature_Portfolio_Project,D:\OneDrive\桌面\论文\2027年投稿期刊\论文项目\07_JB医疗可达性_洪水扰动下交通-网络韧性与公平性_SCS_Natural_Hazards\GPT数据\Nature Portfolio_Project\01_前期数据支撑\ScientificReports_JB_Flood_Healthcare_Accessibility\qc\D09\D09_ObservedClosure_D01_Core_Overlap.csv,D:\OneDrive\桌面\论文\2027年投稿期刊\论文项目\07_JB医疗可达性_洪水扰动下交通-网络韧性与公平性_SCS_Natural_Hazards\GPT数据\Nature Portfolio_Project\01_前期数据支撑\ScientificReports_JB_Flood_Healthcare_Accessibility\qc\D09\D09_ObservedClosure_D01_Core_Overlap.csv,Nature Portfolio_Project\01_前期数据支撑\ScientificReports_JB_Flood_Healthcare_Accessibility\qc\D09\D09_ObservedClosure_D01_Core_Overlap.csv,D09_ObservedClosure_D01_Core_Overlap.csv,.csv,284,2026-10-05T04:27:06,ba50c80b3764cd6917563d41633f53e6d50745971ba17124c580013b777e4bb6,1,False,False,
original,03_Nature_Portfolio_Project,D:\OneDrive\桌面\论文\2027年投稿期刊\论文项目\07_JB医疗可达性_洪水扰动下交通-网络韧性与公平性_SCS_Natural_Hazards\GPT数据\Nature Portfolio_Project\01_前期数据支撑\ScientificReports_JB_Flood_Healthcare_Accessibility\qc\D09\D09_Priority_Class_Counts.csv,D:\OneDrive\桌面\论文\2027年投稿期刊\论文项目\07_JB医疗可达性_洪水扰动下交通-网络韧性与公平性_SCS_Natural_Hazards\GPT数据\Nature Portfolio_Project\01_前期数据支撑\ScientificReports_JB_Flood_Healthcare_Accessibility\qc\D09\D09_Priority_Class_Counts.csv,Nature Portfolio_Project\01_前期数据支撑\ScientificReports_JB_Flood_Healthcare_Accessibility\qc\D09\D09_Priority_Class_Counts.csv,D09_Priority_Class_Counts.csv,.csv,936,2026-10-05T04:26:36,686ea36b11f027589a32c7b551ea0e5fbaebbaef46691f6f0ce84e1b53b778d5,1,False,False,
original,03_Nature_Portfolio_Project,D:\OneDrive\桌面\论文\2027年投稿期刊\论文项目\07_JB医疗可达性_洪水扰动下交通-网络韧性与公平性_SCS_Natural_Hazards\GPT数据\Nature Portfolio_Project\01_前期数据支撑\ScientificReports_JB_Flood_Healthcare_Accessibility\qc\D09\D09_QC_Report.txt,D:\OneDrive\桌面\论文\2027年投稿期刊\论文项目\07_JB医疗可达性_洪水扰动下交通-网络韧性与公平性_SCS_Natural_Hazards\GPT数据\Nature Portfolio_Project\01_前期数据支撑\ScientificReports_JB_Flood_Healthcare_Accessibility\qc\D09\D09_QC_Report.txt,Nature Portfolio_Project\01_前期数据支撑\ScientificReports_JB_Flood_Healthcare_Accessibility\qc\D09\D09_QC_Report.txt,D09_QC_Report.txt,.txt,8868,2026-10-05T12:31:01,e8072d9a699e6682dca39b4903cafc59a79d9f4ee71e0922b4c18fecc6b1e0e8,2,False,False,
original,03_Nature_Portfolio_Project,D:\OneDrive\桌面\论文\2027年投稿期刊\论文项目\07_JB医疗可达性_洪水扰动下交通-网络韧性与公平性_SCS_Natural_Hazards\GPT数据\Nature Portfolio_Project\01_前期数据支撑\ScientificReports_JB_Flood_Healthcare_Accessibility\qc\D09\D09_Top20_CRPI_FullSegment_Closure_StressTest.csv,D:\OneDrive\桌面\论文\2027年投稿期刊\论文项目\07_JB医疗可达性_洪水扰动下交通-网络韧性与公平性_SCS_Natural_Hazards\GPT数据\Nature Portfolio_Project\01_前期数据支撑\ScientificReports_JB_Flood_Healthcare_Accessibility\qc\D09\D09_Top20_CRPI_FullSegment_Closure_StressTest.csv,Nature Portfolio_Project\01_前期数据支撑\ScientificReports_JB_Flood_Healthcare_Accessibility\qc\D09\D09_Top20_CRPI_FullSegment_Closure_StressTest.csv,D09_Top20_CRPI_FullSegment_Closure_StressTest.csv,.csv,3661,2026-10-05T04:25:32,0e4672d1171c6d479877cb4e36584dc5a308884d6057e63cded1e17bf1480c13,1,False,False,
original,03_Nature_Portfolio_Project,D:\OneDrive\桌面\论文\2027年投稿期刊\论文项目\07_JB医疗可达性_洪水扰动下交通-网络韧性与公平性_SCS_Natural_Hazards\GPT数据\Nature Portfolio_Project\01_前期数据支撑\ScientificReports_JB_Flood_Healthcare_Accessibility\qc\D10\D10_Closure_Interaction_Audit.csv,D:\OneDrive\桌面\论文\2027年投稿期刊\论文项目\07_JB医疗可达性_洪水扰动下交通-网络韧性与公平性_SCS_Natural_Hazards\GPT数据\Nature Portfolio_Project\01_前期数据支撑\ScientificReports_JB_Flood_Healthcare_Accessibility\qc\D10\D10_Closure_Interaction_Audit.csv,Nature Portfolio_Project\01_前期数据支撑\ScientificReports_JB_Flood_Healthcare_Accessibility\qc\D10\D10_Closure_Interaction_Audit.csv,D10_Closure_Interaction_Audit.csv,.csv,304,2026-10-05T04:35:44,ea0634dd07609a64d4faf14474a6ee06e39dc379f5513ed0b1b52fc400984b54,1,False,False,
original,03_Nature_Portfolio_Project,D:\OneDrive\桌面\论文\2027年投稿期刊\论文项目\07_JB医疗可达性_洪水扰动下交通-网络韧性与公平性_SCS_Natural_Hazards\GPT数据\Nature Portfolio_Project\01_前期数据支撑\ScientificReports_JB_Flood_Healthcare_Accessibility\qc\D10\D10_QC_Report.txt,D:\OneDrive\桌面\论文\2027年投稿期刊\论文项目\07_JB医疗可达性_洪水扰动下交通-网络韧性与公平性_SCS_Natural_Hazards\GPT数据\Nature Portfolio_Project\01_前期数据支撑\ScientificReports_JB_Flood_Healthcare_Accessibility\qc\D10\D10_QC_Report.txt,Nature Portfolio_Project\01_前期数据支撑\ScientificReports_JB_Flood_Healthcare_Accessibility\qc\D10\D10_QC_Report.txt,D10_QC_Report.txt,.txt,11165,2026-10-05T12:45:44,1dfa89bb61d5e7b33bf9bf7ef49006ea0c4d787818e79744de78cd157c3361b7,2,False,False,
original,03_Nature_Portfolio_Project,D:\OneDrive\桌面\论文\2027年投稿期刊\论文项目\07_JB医疗可达性_洪水扰动下交通-网络韧性与公平性_SCS_Natural_Hazards\GPT数据\Nature Portfolio_Project\01_前期数据支撑\ScientificReports_JB_Flood_Healthcare_Accessibility\qc\D10\D10_RecoveryStage_Origin_Audit.csv,D:\OneDrive\桌面\论文\2027年投稿期刊\论文项目\07_JB医疗可达性_洪水扰动下交通-网络韧性与公平性_SCS_Natural_Hazards\GPT数据\Nature Portfolio_Project\01_前期数据支撑\ScientificReports_JB_Flood_Healthcare_Accessibility\qc\D10\D10_RecoveryStage_Origin_Audit.csv,Nature Portfolio_Project\01_前期数据支撑\ScientificReports_JB_Flood_Healthcare_Accessibility\qc\D10\D10_RecoveryStage_Origin_Audit.csv,D10_RecoveryStage_Origin_Audit.csv,.csv,255,2026-10-05T04:34:46,552ef4b89bb84a9a8c5b19c54c0d2b7da289f7fffc3ca5945ed04011b9935dff,1,False,False,
original,03_Nature_Portfolio_Project,D:\OneDrive\桌面\论文\2027年投稿期刊\论文项目\07_JB医疗可达性_洪水扰动下交通-网络韧性与公平性_SCS_Natural_Hazards\GPT数据\Nature Portfolio_Project\01_前期数据支撑\ScientificReports_JB_Flood_Healthcare_Accessibility\qc\D10\D10_Recovery_Order_Robustness_Audit.csv,D:\OneDrive\桌面\论文\2027年投稿期刊\论文项目\07_JB医疗可达性_洪水扰动下交通-网络韧性与公平性_SCS_Natural_Hazards\GPT数据\Nature Portfolio_Project\01_前期数据支撑\ScientificReports_JB_Flood_Healthcare_Accessibility\qc\D10\D10_Recovery_Order_Robustness_Audit.csv,Nature Portfolio_Project\01_前期数据支撑\ScientificReports_JB_Flood_Healthcare_Accessibility\qc\D10\D10_Recovery_Order_Robustness_Audit.csv,D10_Recovery_Order_Robustness_Audit.csv,.csv,526,2026-10-05T04:35:44,a8a19ae0be3a79cedc2e0c656ae9824914b687d692994b2885f16ed7d8e886b1,1,False,False,
original,03_Nature_Portfolio_Project,D:\OneDrive\桌面\论文\2027年投稿期刊\论文项目\07_JB医疗可达性_洪水扰动下交通-网络韧性与公平性_SCS_Natural_Hazards\GPT数据\Nature Portfolio_Project\01_前期数据支撑\ScientificReports_JB_Flood_Healthcare_Accessibility\qc\D11\D11_Strength_Audit.txt,D:\OneDrive\桌面\论文\2027年投稿期刊\论文项目\07_JB医疗可达性_洪水扰动下交通-网络韧性与公平性_SCS_Natural_Hazards\GPT数据\Nature Portfolio_Project\01_前期数据支撑\ScientificReports_JB_Flood_Healthcare_Accessibility\qc\D11\D11_Strength_Audit.txt,Nature Portfolio_Project\01_前期数据支撑\ScientificReports_JB_Flood_Healthcare_Accessibility\qc\D11\D11_Strength_Audit.txt,D11_Strength_Audit.txt,.txt,2445,2026-10-05T06:19:14,469c1b37f8a081cedd2c4005909691343fe3ebcdf1159afa3d886187b63efb35,1,False,False,
original,03_Nature_Portfolio_Project,D:\OneDrive\桌面\论文\2027年投稿期刊\论文项目\07_JB医疗可达性_洪水扰动下交通-网络韧性与公平性_SCS_Natural_Hazards\GPT数据\Nature Portfolio_Project\01_前期数据支撑\ScientificReports_JB_Flood_Healthcare_Accessibility\tables\D07\D06R_Source_Note.txt,D:\OneDrive\桌面\论文\2027年投稿期刊\论文项目\07_JB医疗可达性_洪水扰动下交通-网络韧性与公平性_SCS_Natural_Hazards\GPT数据\Nature Portfolio_Project\01_前期数据支撑\ScientificReports_JB_Flood_Healthcare_Accessibility\tables\D07\D06R_Source_Note.txt,Nature Portfolio_Project\01_前期数据支撑\ScientificReports_JB_Flood_Healthcare_Accessibility\tables\D07\D06R_Source_Note.txt,D06R_Source_Note.txt,.txt,210,2026-10-05T06:14:02,f7ade08460c42ac2572f8c406856a6a5498ffdeeaa9ee06dc18be0bb8d2a8e15,1,False,False,
original,03_Nature_Portfolio_Project,D:\OneDrive\桌面\论文\2027年投稿期刊\论文项目\07_JB医疗可达性_洪水扰动下交通-网络韧性与公平性_SCS_Natural_Hazards\GPT数据\Nature Portfolio_Project\01_前期数据支撑\ScientificReports_JB_Flood_Healthcare_Accessibility\tables\D07\D07A_Source_Inventory.csv,D:\OneDrive\桌面\论文\2027年投稿期刊\论文项目\07_JB医疗可达性_洪水扰动下交通-网络韧性与公平性_SCS_Natural_Hazards\GPT数据\Nature Portfolio_Project\01_前期数据支撑\ScientificReports_JB_Flood_Healthcare_Accessibility\tables\D07\D07A_Source_Inventory.csv,Nature Portfolio_Project\01_前期数据支撑\ScientificReports_JB_Flood_Healthcare_Accessibility\tables\D07\D07A_Source_Inventory.csv,D07A_Source_Inventory.csv,.csv,3385,2026-10-04T15:46:44,268ab93a84d83896e44236c2a592137fa162827e03cad3ab9dfb72b668d4ef22,1,False,False,
original,03_Nature_Portfolio_Project,D:\OneDrive\桌面\论文\2027年投稿期刊\论文项目\07_JB医疗可达性_洪水扰动下交通-网络韧性与公平性_SCS_Natural_Hazards\GPT数据\Nature Portfolio_Project\01_前期数据支撑\ScientificReports_JB_Flood_Healthcare_Accessibility\tables\D07\D07B_Affected_Location_Evidence_Register.csv,D:\OneDrive\桌面\论文\2027年投稿期刊\论文项目\07_JB医疗可达性_洪水扰动下交通-网络韧性与公平性_SCS_Natural_Hazards\GPT数据\Nature Portfolio_Project\01_前期数据支撑\ScientificReports_JB_Flood_Healthcare_Accessibility\tables\D07\D07B_Affected_Location_Evidence_Register.csv,Nature Portfolio_Project\01_前期数据支撑\ScientificReports_JB_Flood_Healthcare_Accessibility\tables\D07\D07B_Affected_Location_Evidence_Register.csv,D07B_Affected_Location_Evidence_Register.csv,.csv,3194,2026-10-04T15:46:46,f81b48175ceb864ef812a469dbe6d0bc43ae38a8438bf80c783a4c3e1de2ac0c,1,False,False,
original,03_Nature_Portfolio_Project,D:\OneDrive\桌面\论文\2027年投稿期刊\论文项目\07_JB医疗可达性_洪水扰动下交通-网络韧性与公平性_SCS_Natural_Hazards\GPT数据\Nature Portfolio_Project\01_前期数据支撑\ScientificReports_JB_Flood_Healthcare_Accessibility\tables\D07\D07B_Flood_Event_Register.csv,D:\OneDrive\桌面\论文\2027年投稿期刊\论文项目\07_JB医疗可达性_洪水扰动下交通-网络韧性与公平性_SCS_Natural_Hazards\GPT数据\Nature Portfolio_Project\01_前期数据支撑\ScientificReports_JB_Flood_Healthcare_Accessibility\tables\D07\D07B_Flood_Event_Register.csv,Nature Portfolio_Project\01_前期数据支撑\ScientificReports_JB_Flood_Healthcare_Accessibility\tables\D07\D07B_Flood_Event_Register.csv,D07B_Flood_Event_Register.csv,.csv,1172,2026-10-04T15:46:44,e861572b4a0d4e2a2399c42667263ab42be02578f7e7f4b1a402cfac095f16b3,1,False,False,
original,03_Nature_Portfolio_Project,D:\OneDrive\桌面\论文\2027年投稿期刊\论文项目\07_JB医疗可达性_洪水扰动下交通-网络韧性与公平性_SCS_Natural_Hazards\GPT数据\Nature Portfolio_Project\01_前期数据支撑\ScientificReports_JB_Flood_Healthcare_Accessibility\tables\D07\D07B_Healthcare_Impact_Register.csv,D:\OneDrive\桌面\论文\2027年投稿期刊\论文项目\07_JB医疗可达性_洪水扰动下交通-网络韧性与公平性_SCS_Natural_Hazards\GPT数据\Nature Portfolio_Project\01_前期数据支撑\ScientificReports_JB_Flood_Healthcare_Accessibility\tables\D07\D07B_Healthcare_Impact_Register.csv,Nature Portfolio_Project\01_前期数据支撑\ScientificReports_JB_Flood_Healthcare_Accessibility\tables\D07\D07B_Healthcare_Impact_Register.csv,D07B_Healthcare_Impact_Register.csv,.csv,708,2026-10-04T15:46:46,1e589418c0fd519e980cdbd0b0b4262661900c599aa8e3fae1d41a8a45738d88,1,False,False,
original,03_Nature_Portfolio_Project,D:\OneDrive\桌面\论文\2027年投稿期刊\论文项目\07_JB医疗可达性_洪水扰动下交通-网络韧性与公平性_SCS_Natural_Hazards\GPT数据\Nature Portfolio_Project\01_前期数据支撑\ScientificReports_JB_Flood_Healthcare_Accessibility\tables\D07\D07B_Hydromet_Evidence_Register.csv,D:\OneDrive\桌面\论文\2027年投稿期刊\论文项目\07_JB医疗可达性_洪水扰动下交通-网络韧性与公平性_SCS_Natural_Hazards\GPT数据\Nature Portfolio_Project\01_前期数据支撑\ScientificReports_JB_Flood_Healthcare_Accessibility\tables\D07\D07B_Hydromet_Evidence_Register.csv,Nature Portfolio_Project\01_前期数据支撑\ScientificReports_JB_Flood_Healthcare_Accessibility\tables\D07\D07B_Hydromet_Evidence_Register.csv,D07B_Hydromet_Evidence_Register.csv,.csv,1822,2026-10-04T15:46:46,f0f43158dd0ace9459256c7bd172e341af46f915f4835f6821eed3adc15f16a3,1,False,False,
original,03_Nature_Portfolio_Project,D:\OneDrive\桌面\论文\2027年投稿期刊\论文项目\07_JB医疗可达性_洪水扰动下交通-网络韧性与公平性_SCS_Natural_Hazards\GPT数据\Nature Portfolio_Project\01_前期数据支撑\ScientificReports_JB_Flood_Healthcare_Accessibility\tables\D07\D07B_JKR_Route_OSM_Match_Summary.csv,D:\OneDrive\桌面\论文\2027年投稿期刊\论文项目\07_JB医疗可达性_洪水扰动下交通-网络韧性与公平性_SCS_Natural_Hazards\GPT数据\Nature Portfolio_Project\01_前期数据支撑\ScientificReports_JB_Flood_Healthcare_Accessibility\tables\D07\D07B_JKR_Route_OSM_Match_Summary.csv,Nature Portfolio_Project\01_前期数据支撑\ScientificReports_JB_Flood_Healthcare_Accessibility\tables\D07\D07B_JKR_Route_OSM_Match_Summary.csv,D07B_JKR_Route_OSM_Match_Summary.csv,.csv,891,2026-10-04T15:46:46,296edf3e063848e5733b7dfaf34051f537feab613e41864c7937abcad23904aa,1,False,False,
original,03_Nature_Portfolio_Project,D:\OneDrive\桌面\论文\2027年投稿期刊\论文项目\07_JB医疗可达性_洪水扰动下交通-网络韧性与公平性_SCS_Natural_Hazards\GPT数据\Nature Portfolio_Project\01_前期数据支撑\ScientificReports_JB_Flood_Healthcare_Accessibility\tables\D07\D07B_PPS_Snapshot_Register.csv,D:\OneDrive\桌面\论文\2027年投稿期刊\论文项目\07_JB医疗可达性_洪水扰动下交通-网络韧性与公平性_SCS_Natural_Hazards\GPT数据\Nature Portfolio_Project\01_前期数据支撑\ScientificReports_JB_Flood_Healthcare_Accessibility\tables\D07\D07B_PPS_Snapshot_Register.csv,Nature Portfolio_Project\01_前期数据支撑\ScientificReports_JB_Flood_Healthcare_Accessibility\tables\D07\D07B_PPS_Snapshot_Register.csv,D07B_PPS_Snapshot_Register.csv,.csv,772,2026-10-04T15:46:46,ae9a828a7a9f33d2fd7a20b99312041fbae0de6def82bf1ae4f458b34a3a61eb,1,False,False,
original,03_Nature_Portfolio_Project,D:\OneDrive\桌面\论文\2027年投稿期刊\论文项目\07_JB医疗可达性_洪水扰动下交通-网络韧性与公平性_SCS_Natural_Hazards\GPT数据\Nature Portfolio_Project\01_前期数据支撑\ScientificReports_JB_Flood_Healthcare_Accessibility\tables\D07\D07B_Road_Impact_Register.csv,D:\OneDrive\桌面\论文\2027年投稿期刊\论文项目\07_JB医疗可达性_洪水扰动下交通-网络韧性与公平性_SCS_Natural_Hazards\GPT数据\Nature Portfolio_Project\01_前期数据支撑\ScientificReports_JB_Flood_Healthcare_Accessibility\tables\D07\D07B_Road_Impact_Register.csv,Nature Portfolio_Project\01_前期数据支撑\ScientificReports_JB_Flood_Healthcare_Accessibility\tables\D07\D07B_Road_Impact_Register.csv,D07B_Road_Impact_Register.csv,.csv,2463,2026-10-04T15:46:44,c9c1a8ca1f467b78850acdfae488f843ad797c4286dd614478482b49aab254b7,1,False,False,
original,03_Nature_Portfolio_Project,D:\OneDrive\桌面\论文\2027年投稿期刊\论文项目\07_JB医疗可达性_洪水扰动下交通-网络韧性与公平性_SCS_Natural_Hazards\GPT数据\Nature Portfolio_Project\01_前期数据支撑\ScientificReports_JB_Flood_Healthcare_Accessibility\tables\D07\D07C_2023_Closure_OSM_Match_Summary.csv,D:\OneDrive\桌面\论文\2027年投稿期刊\论文项目\07_JB医疗可达性_洪水扰动下交通-网络韧性与公平性_SCS_Natural_Hazards\GPT数据\Nature Portfolio_Project\01_前期数据支撑\ScientificReports_JB_Flood_Healthcare_Accessibility\tables\D07\D07C_2023_Closure_OSM_Match_Summary.csv,Nature Portfolio_Project\01_前期数据支撑\ScientificReports_JB_Flood_Healthcare_Accessibility\tables\D07\D07C_2023_Closure_OSM_Match_Summary.csv,D07C_2023_Closure_OSM_Match_Summary.csv,.csv,490,2026-10-04T17:11:26,a416d4c3cbc1ca231a27827b02cde3f9eb3697321e5c332fd6e269edf7ebff1a,1,False,False,
original,03_Nature_Portfolio_Project,D:\OneDrive\桌面\论文\2027年投稿期刊\论文项目\07_JB医疗可达性_洪水扰动下交通-网络韧性与公平性_SCS_Natural_Hazards\GPT数据\Nature Portfolio_Project\01_前期数据支撑\ScientificReports_JB_Flood_Healthcare_Accessibility\tables\D07\D07C_Historical_Location_Evidence_Register.csv,D:\OneDrive\桌面\论文\2027年投稿期刊\论文项目\07_JB医疗可达性_洪水扰动下交通-网络韧性与公平性_SCS_Natural_Hazards\GPT数据\Nature Portfolio_Project\01_前期数据支撑\ScientificReports_JB_Flood_Healthcare_Accessibility\tables\D07\D07C_Historical_Location_Evidence_Register.csv,Nature Portfolio_Project\01_前期数据支撑\ScientificReports_JB_Flood_Healthcare_Accessibility\tables\D07\D07C_Historical_Location_Evidence_Register.csv,D07C_Historical_Location_Evidence_Register.csv,.csv,22442,2026-10-04T17:03:44,bee5c3dc0a372f869beadc62294718f65bbfa87b665a6263b0208c4188aac649,1,False,False,
original,03_Nature_Portfolio_Project,D:\OneDrive\桌面\论文\2027年投稿期刊\论文项目\07_JB医疗可达性_洪水扰动下交通-网络韧性与公平性_SCS_Natural_Hazards\GPT数据\Nature Portfolio_Project\01_前期数据支撑\ScientificReports_JB_Flood_Healthcare_Accessibility\tables\D07\D07C_JB_Official_52_Flood_Hotspots.csv,D:\OneDrive\桌面\论文\2027年投稿期刊\论文项目\07_JB医疗可达性_洪水扰动下交通-网络韧性与公平性_SCS_Natural_Hazards\GPT数据\Nature Portfolio_Project\01_前期数据支撑\ScientificReports_JB_Flood_Healthcare_Accessibility\tables\D07\D07C_JB_Official_52_Flood_Hotspots.csv,Nature Portfolio_Project\01_前期数据支撑\ScientificReports_JB_Flood_Healthcare_Accessibility\tables\D07\D07C_JB_Official_52_Flood_Hotspots.csv,D07C_JB_Official_52_Flood_Hotspots.csv,.csv,14473,2026-10-04T17:02:48,c50818baf511b747a2f43f2ad9b12056b4bed20dacfdf4eb373b00aa2bf70caf,1,False,False,
original,03_Nature_Portfolio_Project,D:\OneDrive\桌面\论文\2027年投稿期刊\论文项目\07_JB医疗可达性_洪水扰动下交通-网络韧性与公平性_SCS_Natural_Hazards\GPT数据\Nature Portfolio_Project\01_前期数据支撑\ScientificReports_JB_Flood_Healthcare_Accessibility\tables\D07\D07C_Observed_GeneralCar_Closure_Candidates.csv,D:\OneDrive\桌面\论文\2027年投稿期刊\论文项目\07_JB医疗可达性_洪水扰动下交通-网络韧性与公平性_SCS_Natural_Hazards\GPT数据\Nature Portfolio_Project\01_前期数据支撑\ScientificReports_JB_Flood_Healthcare_Accessibility\tables\D07\D07C_Observed_GeneralCar_Closure_Candidates.csv,Nature Portfolio_Project\01_前期数据支撑\ScientificReports_JB_Flood_Healthcare_Accessibility\tables\D07\D07C_Observed_GeneralCar_Closure_Candidates.csv,D07C_Observed_GeneralCar_Closure_Candidates.csv,.csv,1854,2026-10-04T17:13:12,b03d1858baf6a8d9fc4891f63029a108fc944b26c74e1c90bf184d83fd10f4b7,1,False,False,
original,03_Nature_Portfolio_Project,D:\OneDrive\桌面\论文\2027年投稿期刊\论文项目\07_JB医疗可达性_洪水扰动下交通-网络韧性与公平性_SCS_Natural_Hazards\GPT数据\Nature Portfolio_Project\01_前期数据支撑\ScientificReports_JB_Flood_Healthcare_Accessibility\tables\D07\D07C_Official_Hotspot_Count_Progression.csv,D:\OneDrive\桌面\论文\2027年投稿期刊\论文项目\07_JB医疗可达性_洪水扰动下交通-网络韧性与公平性_SCS_Natural_Hazards\GPT数据\Nature Portfolio_Project\01_前期数据支撑\ScientificReports_JB_Flood_Healthcare_Accessibility\tables\D07\D07C_Official_Hotspot_Count_Progression.csv,Nature Portfolio_Project\01_前期数据支撑\ScientificReports_JB_Flood_Healthcare_Accessibility\tables\D07\D07C_Official_Hotspot_Count_Progression.csv,D07C_Official_Hotspot_Count_Progression.csv,.csv,443,2026-10-04T17:13:12,150d1ee9ca2114aebe134a9ce8cae66d67221e1391670e8718ff6d0b040675c6,1,False,False,
original,03_Nature_Portfolio_Project,D:\OneDrive\桌面\论文\2027年投稿期刊\论文项目\07_JB医疗可达性_洪水扰动下交通-网络韧性与公平性_SCS_Natural_Hazards\GPT数据\Nature Portfolio_Project\01_前期数据支撑\ScientificReports_JB_Flood_Healthcare_Accessibility\tables\D07\D07C_Recurrent_Hotspot_Summary.csv,D:\OneDrive\桌面\论文\2027年投稿期刊\论文项目\07_JB医疗可达性_洪水扰动下交通-网络韧性与公平性_SCS_Natural_Hazards\GPT数据\Nature Portfolio_Project\01_前期数据支撑\ScientificReports_JB_Flood_Healthcare_Accessibility\tables\D07\D07C_Recurrent_Hotspot_Summary.csv,Nature Portfolio_Project\01_前期数据支撑\ScientificReports_JB_Flood_Healthcare_Accessibility\tables\D07\D07C_Recurrent_Hotspot_Summary.csv,D07C_Recurrent_Hotspot_Summary.csv,.csv,12602,2026-10-04T17:08:50,5a1a3c285baa9657d67e8e754184a423c9fa3cbce788c2e2061573dca4bf7459,1,False,False,
original,03_Nature_Portfolio_Project,D:\OneDrive\桌面\论文\2027年投稿期刊\论文项目\07_JB医疗可达性_洪水扰动下交通-网络韧性与公平性_SCS_Natural_Hazards\GPT数据\Nature Portfolio_Project\01_前期数据支撑\ScientificReports_JB_Flood_Healthcare_Accessibility\tables\D07\D07C_Road_Impact_Register_v0.2.csv,D:\OneDrive\桌面\论文\2027年投稿期刊\论文项目\07_JB医疗可达性_洪水扰动下交通-网络韧性与公平性_SCS_Natural_Hazards\GPT数据\Nature Portfolio_Project\01_前期数据支撑\ScientificReports_JB_Flood_Healthcare_Accessibility\tables\D07\D07C_Road_Impact_Register_v0.2.csv,Nature Portfolio_Project\01_前期数据支撑\ScientificReports_JB_Flood_Healthcare_Accessibility\tables\D07\D07C_Road_Impact_Register_v0.2.csv,D07C_Road_Impact_Register_v0.2.csv,.csv,6087,2026-10-04T17:04:48,e254d18633ed4f4ee768697f562ed76a50d02d23d138623c008c150948d519ca,1,False,False,
original,03_Nature_Portfolio_Project,D:\OneDrive\桌面\论文\2027年投稿期刊\论文项目\07_JB医疗可达性_洪水扰动下交通-网络韧性与公平性_SCS_Natural_Hazards\GPT数据\Nature Portfolio_Project\01_前期数据支撑\ScientificReports_JB_Flood_Healthcare_Accessibility\tables\D07\D07E_2025_JKR_Road_IMERG_Alignment.csv,D:\OneDrive\桌面\论文\2027年投稿期刊\论文项目\07_JB医疗可达性_洪水扰动下交通-网络韧性与公平性_SCS_Natural_Hazards\GPT数据\Nature Portfolio_Project\01_前期数据支撑\ScientificReports_JB_Flood_Healthcare_Accessibility\tables\D07\D07E_2025_JKR_Road_IMERG_Alignment.csv,Nature Portfolio_Project\01_前期数据支撑\ScientificReports_JB_Flood_Healthcare_Accessibility\tables\D07\D07E_2025_JKR_Road_IMERG_Alignment.csv,D07E_2025_JKR_Road_IMERG_Alignment.csv,.csv,3175,2026-10-05T06:19:14,8193162c7156050ca9865e6ec879b48fc83f1d131803c3bb7b33c917ac8756c8,2,False,False,
original,03_Nature_Portfolio_Project,D:\OneDrive\桌面\论文\2027年投稿期刊\论文项目\07_JB医疗可达性_洪水扰动下交通-网络韧性与公平性_SCS_Natural_Hazards\GPT数据\Nature Portfolio_Project\01_前期数据支撑\ScientificReports_JB_Flood_Healthcare_Accessibility\tables\D07\D07E_Closure_to_GPM_Cell_Weights.csv,D:\OneDrive\桌面\论文\2027年投稿期刊\论文项目\07_JB医疗可达性_洪水扰动下交通-网络韧性与公平性_SCS_Natural_Hazards\GPT数据\Nature Portfolio_Project\01_前期数据支撑\ScientificReports_JB_Flood_Healthcare_Accessibility\tables\D07\D07E_Closure_to_GPM_Cell_Weights.csv,Nature Portfolio_Project\01_前期数据支撑\ScientificReports_JB_Flood_Healthcare_Accessibility\tables\D07\D07E_Closure_to_GPM_Cell_Weights.csv,D07E_Closure_to_GPM_Cell_Weights.csv,.csv,390,2026-10-05T03:31:38,df3d278f890b9579bc6b675da852625f10db2f8c3fc99cafcbf23b70fa94692d,1,False,False,
original,03_Nature_Portfolio_Project,D:\OneDrive\桌面\论文\2027年投稿期刊\论文项目\07_JB医疗可达性_洪水扰动下交通-网络韧性与公平性_SCS_Natural_Hazards\GPT数据\Nature Portfolio_Project\01_前期数据支撑\ScientificReports_JB_Flood_Healthcare_Accessibility\tables\D07\D07E_GPM_Method_and_Authentication_Status.txt,D:\OneDrive\桌面\论文\2027年投稿期刊\论文项目\07_JB医疗可达性_洪水扰动下交通-网络韧性与公平性_SCS_Natural_Hazards\GPT数据\Nature Portfolio_Project\01_前期数据支撑\ScientificReports_JB_Flood_Healthcare_Accessibility\tables\D07\D07E_GPM_Method_and_Authentication_Status.txt,Nature Portfolio_Project\01_前期数据支撑\ScientificReports_JB_Flood_Healthcare_Accessibility\tables\D07\D07E_GPM_Method_and_Authentication_Status.txt,D07E_GPM_Method_and_Authentication_Status.txt,.txt,868,2026-10-04T17:10:14,5c879190bfcf6d3aca89e00174a3ca986cf43b69c6454741cce9d4556e92dd77,1,False,False,
original,03_Nature_Portfolio_Project,D:\OneDrive\桌面\论文\2027年投稿期刊\论文项目\07_JB医疗可达性_洪水扰动下交通-网络韧性与公平性_SCS_Natural_Hazards\GPT数据\Nature Portfolio_Project\01_前期数据支撑\ScientificReports_JB_Flood_Healthcare_Accessibility\tables\D07\D07E_GPM_Rainfall_Results_TEMPLATE_PENDING_AUTH.csv,D:\OneDrive\桌面\论文\2027年投稿期刊\论文项目\07_JB医疗可达性_洪水扰动下交通-网络韧性与公平性_SCS_Natural_Hazards\GPT数据\Nature Portfolio_Project\01_前期数据支撑\ScientificReports_JB_Flood_Healthcare_Accessibility\tables\D07\D07E_GPM_Rainfall_Results_TEMPLATE_PENDING_AUTH.csv,Nature Portfolio_Project\01_前期数据支撑\ScientificReports_JB_Flood_Healthcare_Accessibility\tables\D07\D07E_GPM_Rainfall_Results_TEMPLATE_PENDING_AUTH.csv,D07E_GPM_Rainfall_Results_TEMPLATE_PENDING_AUTH.csv,.csv,141,2026-10-04T17:10:14,2c112f44a6887aaf3226e75a40e30458c13535ca67ec3f2bf1008c22499fd4fb,1,False,False,
original,03_Nature_Portfolio_Project,D:\OneDrive\桌面\论文\2027年投稿期刊\论文项目\07_JB医疗可达性_洪水扰动下交通-网络韧性与公平性_SCS_Natural_Hazards\GPT数据\Nature Portfolio_Project\01_前期数据支撑\ScientificReports_JB_Flood_Healthcare_Accessibility\tables\D07\D07E_GPM_UTC_DOY_Coverage_Summary.csv,D:\OneDrive\桌面\论文\2027年投稿期刊\论文项目\07_JB医疗可达性_洪水扰动下交通-网络韧性与公平性_SCS_Natural_Hazards\GPT数据\Nature Portfolio_Project\01_前期数据支撑\ScientificReports_JB_Flood_Healthcare_Accessibility\tables\D07\D07E_GPM_UTC_DOY_Coverage_Summary.csv,Nature Portfolio_Project\01_前期数据支撑\ScientificReports_JB_Flood_Healthcare_Accessibility\tables\D07\D07E_GPM_UTC_DOY_Coverage_Summary.csv,D07E_GPM_UTC_DOY_Coverage_Summary.csv,.csv,559,2026-10-04T17:10:14,3905211d2ff26f602b828fb411de48499142128abb847efb9ceff18a70c5dfda,1,False,False,
original,03_Nature_Portfolio_Project,D:\OneDrive\桌面\论文\2027年投稿期刊\论文项目\07_JB医疗可达性_洪水扰动下交通-网络韧性与公平性_SCS_Natural_Hazards\GPT数据\Nature Portfolio_Project\01_前期数据支撑\ScientificReports_JB_Flood_Healthcare_Accessibility\tables\D07\D07E_Hydromet_Alignment_Register.csv,D:\OneDrive\桌面\论文\2027年投稿期刊\论文项目\07_JB医疗可达性_洪水扰动下交通-网络韧性与公平性_SCS_Natural_Hazards\GPT数据\Nature Portfolio_Project\01_前期数据支撑\ScientificReports_JB_Flood_Healthcare_Accessibility\tables\D07\D07E_Hydromet_Alignment_Register.csv,Nature Portfolio_Project\01_前期数据支撑\ScientificReports_JB_Flood_Healthcare_Accessibility\tables\D07\D07E_Hydromet_Alignment_Register.csv,D07E_Hydromet_Alignment_Register.csv,.csv,1281,2026-10-04T17:10:14,efa13e6e88ccc0be3a8e1b425bb3ab211714b9c6370355bedd3c91d21889dd23,1,False,False,
original,03_Nature_Portfolio_Project,D:\OneDrive\桌面\论文\2027年投稿期刊\论文项目\07_JB医疗可达性_洪水扰动下交通-网络韧性与公平性_SCS_Natural_Hazards\GPT数据\Nature Portfolio_Project\01_前期数据支撑\ScientificReports_JB_Flood_Healthcare_Accessibility\tables\D07\D07E_IMERG_JB_AreaWeighted_HalfHourly.csv,D:\OneDrive\桌面\论文\2027年投稿期刊\论文项目\07_JB医疗可达性_洪水扰动下交通-网络韧性与公平性_SCS_Natural_Hazards\GPT数据\Nature Portfolio_Project\01_前期数据支撑\ScientificReports_JB_Flood_Healthcare_Accessibility\tables\D07\D07E_IMERG_JB_AreaWeighted_HalfHourly.csv,Nature Portfolio_Project\01_前期数据支撑\ScientificReports_JB_Flood_Healthcare_Accessibility\tables\D07\D07E_IMERG_JB_AreaWeighted_HalfHourly.csv,D07E_IMERG_JB_AreaWeighted_HalfHourly.csv,.csv,37508,2026-10-05T06:19:14,ab2e3486af73b30b60d5a2cd8efb0a77183a0431bd38233d0bc89367ad152b89,1,False,False,
original,03_Nature_Portfolio_Project,D:\OneDrive\桌面\论文\2027年投稿期刊\论文项目\07_JB医疗可达性_洪水扰动下交通-网络韧性与公平性_SCS_Natural_Hazards\GPT数据\Nature Portfolio_Project\01_前期数据支撑\ScientificReports_JB_Flood_Healthcare_Accessibility\tables\D07\D07E_IMERG_JB_Cell_Peaks_and_Daily.csv,D:\OneDrive\桌面\论文\2027年投稿期刊\论文项目\07_JB医疗可达性_洪水扰动下交通-网络韧性与公平性_SCS_Natural_Hazards\GPT数据\Nature Portfolio_Project\01_前期数据支撑\ScientificReports_JB_Flood_Healthcare_Accessibility\tables\D07\D07E_IMERG_JB_Cell_Peaks_and_Daily.csv,Nature Portfolio_Project\01_前期数据支撑\ScientificReports_JB_Flood_Healthcare_Accessibility\tables\D07\D07E_IMERG_JB_Cell_Peaks_and_Daily.csv,D07E_IMERG_JB_Cell_Peaks_and_Daily.csv,.csv,8362,2026-10-05T06:19:14,1e2f25dd9f31a3ee8d13a17934ccb20f953f4e3f34112a7c5ad432624acd24e3,2,False,False,
original,03_Nature_Portfolio_Project,D:\OneDrive\桌面\论文\2027年投稿期刊\论文项目\07_JB医疗可达性_洪水扰动下交通-网络韧性与公平性_SCS_Natural_Hazards\GPT数据\Nature Portfolio_Project\01_前期数据支撑\ScientificReports_JB_Flood_Healthcare_Accessibility\tables\D07\D07E_IMERG_JB_District_Peaks.csv,D:\OneDrive\桌面\论文\2027年投稿期刊\论文项目\07_JB医疗可达性_洪水扰动下交通-网络韧性与公平性_SCS_Natural_Hazards\GPT数据\Nature Portfolio_Project\01_前期数据支撑\ScientificReports_JB_Flood_Healthcare_Accessibility\tables\D07\D07E_IMERG_JB_District_Peaks.csv,Nature Portfolio_Project\01_前期数据支撑\ScientificReports_JB_Flood_Healthcare_Accessibility\tables\D07\D07E_IMERG_JB_District_Peaks.csv,D07E_IMERG_JB_District_Peaks.csv,.csv,837,2026-10-05T06:19:14,8f2ee3e3fad09b48250a60b66595cd77ef9a1fe0ecc6fcea58172535b7d899b3,1,False,False,
original,03_Nature_Portfolio_Project,D:\OneDrive\桌面\论文\2027年投稿期刊\论文项目\07_JB医疗可达性_洪水扰动下交通-网络韧性与公平性_SCS_Natural_Hazards\GPT数据\Nature Portfolio_Project\01_前期数据支撑\ScientificReports_JB_Flood_Healthcare_Accessibility\tables\D07\D07E_Rainfall_Threshold_Reference.csv,D:\OneDrive\桌面\论文\2027年投稿期刊\论文项目\07_JB医疗可达性_洪水扰动下交通-网络韧性与公平性_SCS_Natural_Hazards\GPT数据\Nature Portfolio_Project\01_前期数据支撑\ScientificReports_JB_Flood_Healthcare_Accessibility\tables\D07\D07E_Rainfall_Threshold_Reference.csv,Nature Portfolio_Project\01_前期数据支撑\ScientificReports_JB_Flood_Healthcare_Accessibility\tables\D07\D07E_Rainfall_Threshold_Reference.csv,D07E_Rainfall_Threshold_Reference.csv,.csv,709,2026-10-04T17:13:12,ec394c8430b00a7c3d289fcd247a62ad84a8daefa0e5e3fe27f40b6aa9669007,1,False,False,
original,03_Nature_Portfolio_Project,D:\OneDrive\桌面\论文\2027年投稿期刊\论文项目\07_JB医疗可达性_洪水扰动下交通-网络韧性与公平性_SCS_Natural_Hazards\GPT数据\Nature Portfolio_Project\01_前期数据支撑\ScientificReports_JB_Flood_Healthcare_Accessibility\tables\D07\D07F_Authorized_Closure_Edge_Summary.csv,D:\OneDrive\桌面\论文\2027年投稿期刊\论文项目\07_JB医疗可达性_洪水扰动下交通-网络韧性与公平性_SCS_Natural_Hazards\GPT数据\Nature Portfolio_Project\01_前期数据支撑\ScientificReports_JB_Flood_Healthcare_Accessibility\tables\D07\D07F_Authorized_Closure_Edge_Summary.csv,Nature Portfolio_Project\01_前期数据支撑\ScientificReports_JB_Flood_Healthcare_Accessibility\tables\D07\D07F_Authorized_Closure_Edge_Summary.csv,D07F_Authorized_Closure_Edge_Summary.csv,.csv,349,2026-10-05T01:08:28,c28d890e997de3d0b3086f161dd71a7307a97d2de2ec8d397de7db994c1d71da,1,False,False,
original,03_Nature_Portfolio_Project,D:\OneDrive\桌面\论文\2027年投稿期刊\论文项目\07_JB医疗可达性_洪水扰动下交通-网络韧性与公平性_SCS_Natural_Hazards\GPT数据\Nature Portfolio_Project\01_前期数据支撑\ScientificReports_JB_Flood_Healthcare_Accessibility\tables\D07\D07F_Closure_Spatialization_Master.csv,D:\OneDrive\桌面\论文\2027年投稿期刊\论文项目\07_JB医疗可达性_洪水扰动下交通-网络韧性与公平性_SCS_Natural_Hazards\GPT数据\Nature Portfolio_Project\01_前期数据支撑\ScientificReports_JB_Flood_Healthcare_Accessibility\tables\D07\D07F_Closure_Spatialization_Master.csv,Nature Portfolio_Project\01_前期数据支撑\ScientificReports_JB_Flood_Healthcare_Accessibility\tables\D07\D07F_Closure_Spatialization_Master.csv,D07F_Closure_Spatialization_Master.csv,.csv,5643,2026-10-05T01:08:28,23a2bd619bc09e7a910dd5e6bf303a05270a2ffb2691a0e2b8cab38956f7c906,1,False,False,
original,03_Nature_Portfolio_Project,D:\OneDrive\桌面\论文\2027年投稿期刊\论文项目\07_JB医疗可达性_洪水扰动下交通-网络韧性与公平性_SCS_Natural_Hazards\GPT数据\Nature Portfolio_Project\01_前期数据支撑\ScientificReports_JB_Flood_Healthcare_Accessibility\tables\D07\D07F_IMERG_Authentication_Blocker.txt,D:\OneDrive\桌面\论文\2027年投稿期刊\论文项目\07_JB医疗可达性_洪水扰动下交通-网络韧性与公平性_SCS_Natural_Hazards\GPT数据\Nature Portfolio_Project\01_前期数据支撑\ScientificReports_JB_Flood_Healthcare_Accessibility\tables\D07\D07F_IMERG_Authentication_Blocker.txt,Nature Portfolio_Project\01_前期数据支撑\ScientificReports_JB_Flood_Healthcare_Accessibility\tables\D07\D07F_IMERG_Authentication_Blocker.txt,D07F_IMERG_Authentication_Blocker.txt,.txt,673,2026-10-05T01:00:54,e9578a0e7cf7e616faad7531a2d9a43b91004d95229e8d7dd2a41a4710ea0524,1,False,False,
original,03_Nature_Portfolio_Project,D:\OneDrive\桌面\论文\2027年投稿期刊\论文项目\07_JB医疗可达性_洪水扰动下交通-网络韧性与公平性_SCS_Natural_Hazards\GPT数据\Nature Portfolio_Project\01_前期数据支撑\ScientificReports_JB_Flood_Healthcare_Accessibility\tables\D07\D07F_IMERG_Missing_Granules.csv,D:\OneDrive\桌面\论文\2027年投稿期刊\论文项目\07_JB医疗可达性_洪水扰动下交通-网络韧性与公平性_SCS_Natural_Hazards\GPT数据\Nature Portfolio_Project\01_前期数据支撑\ScientificReports_JB_Flood_Healthcare_Accessibility\tables\D07\D07F_IMERG_Missing_Granules.csv,Nature Portfolio_Project\01_前期数据支撑\ScientificReports_JB_Flood_Healthcare_Accessibility\tables\D07\D07F_IMERG_Missing_Granules.csv,D07F_IMERG_Missing_Granules.csv,.csv,77318,2026-10-05T01:00:54,54df9ccfb782ac8d09173241a86b71801770a2cf37b3366b4077a4d0931191f8,1,False,False,
original,03_Nature_Portfolio_Project,D:\OneDrive\桌面\论文\2027年投稿期刊\论文项目\07_JB医疗可达性_洪水扰动下交通-网络韧性与公平性_SCS_Natural_Hazards\GPT数据\Nature Portfolio_Project\01_前期数据支撑\ScientificReports_JB_Flood_Healthcare_Accessibility\tables\D07\D07F_IMERG_Numeric_Status.csv,D:\OneDrive\桌面\论文\2027年投稿期刊\论文项目\07_JB医疗可达性_洪水扰动下交通-网络韧性与公平性_SCS_Natural_Hazards\GPT数据\Nature Portfolio_Project\01_前期数据支撑\ScientificReports_JB_Flood_Healthcare_Accessibility\tables\D07\D07F_IMERG_Numeric_Status.csv,Nature Portfolio_Project\01_前期数据支撑\ScientificReports_JB_Flood_Healthcare_Accessibility\tables\D07\D07F_IMERG_Numeric_Status.csv,D07F_IMERG_Numeric_Status.csv,.csv,510,2026-10-05T01:00:54,92c13e1480f9d2f8f53680afcc4ef6bc3f60fad8b680e60f5b03ffc646ef4b9e,1,False,False,
original,03_Nature_Portfolio_Project,D:\OneDrive\桌面\论文\2027年投稿期刊\论文项目\07_JB医疗可达性_洪水扰动下交通-网络韧性与公平性_SCS_Natural_Hazards\GPT数据\Nature Portfolio_Project\01_前期数据支撑\ScientificReports_JB_Flood_Healthcare_Accessibility\tables\D07\D07_Event_Master_2022_2023_2025.csv,D:\OneDrive\桌面\论文\2027年投稿期刊\论文项目\07_JB医疗可达性_洪水扰动下交通-网络韧性与公平性_SCS_Natural_Hazards\GPT数据\Nature Portfolio_Project\01_前期数据支撑\ScientificReports_JB_Flood_Healthcare_Accessibility\tables\D07\D07_Event_Master_2022_2023_2025.csv,Nature Portfolio_Project\01_前期数据支撑\ScientificReports_JB_Flood_Healthcare_Accessibility\tables\D07\D07_Event_Master_2022_2023_2025.csv,D07_Event_Master_2022_2023_2025.csv,.csv,1174,2026-10-04T17:02:20,678ea3eec8e1ee15796a05c1d41307cf07291dc482111db5b297c11c22fd44f2,1,False,False,
original,03_Nature_Portfolio_Project,D:\OneDrive\桌面\论文\2027年投稿期刊\论文项目\07_JB医疗可达性_洪水扰动下交通-网络韧性与公平性_SCS_Natural_Hazards\GPT数据\Nature Portfolio_Project\01_前期数据支撑\ScientificReports_JB_Flood_Healthcare_Accessibility\tables\D07\D07_Source_Inventory_v0.2.csv,D:\OneDrive\桌面\论文\2027年投稿期刊\论文项目\07_JB医疗可达性_洪水扰动下交通-网络韧性与公平性_SCS_Natural_Hazards\GPT数据\Nature Portfolio_Project\01_前期数据支撑\ScientificReports_JB_Flood_Healthcare_Accessibility\tables\D07\D07_Source_Inventory_v0.2.csv,Nature Portfolio_Project\01_前期数据支撑\ScientificReports_JB_Flood_Healthcare_Accessibility\tables\D07\D07_Source_Inventory_v0.2.csv,D07_Source_Inventory_v0.2.csv,.csv,7871,2026-10-04T17:13:12,07779c28bad33fe329c1ece79f637c82a9a36776bec76c0ca7589a4564509b51,1,False,False,
original,03_Nature_Portfolio_Project,D:\OneDrive\桌面\论文\2027年投稿期刊\论文项目\07_JB医疗可达性_洪水扰动下交通-网络韧性与公平性_SCS_Natural_Hazards\GPT数据\Nature Portfolio_Project\01_前期数据支撑\ScientificReports_JB_Flood_Healthcare_Accessibility\tables\D07\README.txt,D:\OneDrive\桌面\论文\2027年投稿期刊\论文项目\07_JB医疗可达性_洪水扰动下交通-网络韧性与公平性_SCS_Natural_Hazards\GPT数据\Nature Portfolio_Project\01_前期数据支撑\ScientificReports_JB_Flood_Healthcare_Accessibility\tables\D07\README.txt,Nature Portfolio_Project\01_前期数据支撑\ScientificReports_JB_Flood_Healthcare_Accessibility\tables\D07\README.txt,README.txt,.txt,917,2026-10-04T15:46:46,2fd7a7a83f28faa6364cec6cfde3ccf0ee0c75fb20bc0282b1c6b348961d68da,2,False,False,
original,03_Nature_Portfolio_Project,D:\OneDrive\桌面\论文\2027年投稿期刊\论文项目\07_JB医疗可达性_洪水扰动下交通-网络韧性与公平性_SCS_Natural_Hazards\GPT数据\Nature Portfolio_Project\01_前期数据支撑\ScientificReports_JB_Flood_Healthcare_Accessibility\tables\D07\README_CN.txt,D:\OneDrive\桌面\论文\2027年投稿期刊\论文项目\07_JB医疗可达性_洪水扰动下交通-网络韧性与公平性_SCS_Natural_Hazards\GPT数据\Nature Portfolio_Project\01_前期数据支撑\ScientificReports_JB_Flood_Healthcare_Accessibility\tables\D07\README_CN.txt,Nature Portfolio_Project\01_前期数据支撑\ScientificReports_JB_Flood_Healthcare_Accessibility\tables\D07\README_CN.txt,README_CN.txt,.txt,673,2026-10-05T09:23:49,c0e49e0576486a122ad2cc5af6e50abb90dea97bb054877652e934f3ebf9b152,2,False,False,
original,03_Nature_Portfolio_Project,D:\OneDrive\桌面\论文\2027年投稿期刊\论文项目\07_JB医疗可达性_洪水扰动下交通-网络韧性与公平性_SCS_Natural_Hazards\GPT数据\Nature Portfolio_Project\01_前期数据支撑\ScientificReports_JB_Flood_Healthcare_Accessibility\tables\D07\README__DUP001.txt,D:\OneDrive\桌面\论文\2027年投稿期刊\论文项目\07_JB医疗可达性_洪水扰动下交通-网络韧性与公平性_SCS_Natural_Hazards\GPT数据\Nature Portfolio_Project\01_前期数据支撑\ScientificReports_JB_Flood_Healthcare_Accessibility\tables\D07\README__DUP001.txt,Nature Portfolio_Project\01_前期数据支撑\ScientificReports_JB_Flood_Healthcare_Accessibility\tables\D07\README__DUP001.txt,README__DUP001.txt,.txt,1107,2026-10-04T17:13:12,d603af175aabf32ebfc6ab868addaf2d40107abca26e0a25a8c5004aa6bb3a22,1,False,False,
original,03_Nature_Portfolio_Project,D:\OneDrive\桌面\论文\2027年投稿期刊\论文项目\07_JB医疗可达性_洪水扰动下交通-网络韧性与公平性_SCS_Natural_Hazards\GPT数据\Nature Portfolio_Project\01_前期数据支撑\ScientificReports_JB_Flood_Healthcare_Accessibility\tables\D07\README__DUP002.txt,D:\OneDrive\桌面\论文\2027年投稿期刊\论文项目\07_JB医疗可达性_洪水扰动下交通-网络韧性与公平性_SCS_Natural_Hazards\GPT数据\Nature Portfolio_Project\01_前期数据支撑\ScientificReports_JB_Flood_Healthcare_Accessibility\tables\D07\README__DUP002.txt,Nature Portfolio_Project\01_前期数据支撑\ScientificReports_JB_Flood_Healthcare_Accessibility\tables\D07\README__DUP002.txt,README__DUP002.txt,.txt,1792,2026-10-05T04:28:18,3c0f48b6007887c5ec416e20a5b7acd4bee9d51b3134747d58ae698529a8b284,1,False,False,
original,03_Nature_Portfolio_Project,D:\OneDrive\桌面\论文\2027年投稿期刊\论文项目\07_JB医疗可达性_洪水扰动下交通-网络韧性与公平性_SCS_Natural_Hazards\GPT数据\Nature Portfolio_Project\01_前期数据支撑\ScientificReports_JB_Flood_Healthcare_Accessibility\tables\D07\README__DUP003.txt,D:\OneDrive\桌面\论文\2027年投稿期刊\论文项目\07_JB医疗可达性_洪水扰动下交通-网络韧性与公平性_SCS_Natural_Hazards\GPT数据\Nature Portfolio_Project\01_前期数据支撑\ScientificReports_JB_Flood_Healthcare_Accessibility\tables\D07\README__DUP003.txt,Nature Portfolio_Project\01_前期数据支撑\ScientificReports_JB_Flood_Healthcare_Accessibility\tables\D07\README__DUP003.txt,README__DUP003.txt,.txt,727,2026-10-05T04:36:32,c2875e3a0f3efbf4f3d58092a7687b1ec1e833a0b72d0b103c646c59c5ebf959,1,False,False,
original,03_Nature_Portfolio_Project,D:\OneDrive\桌面\论文\2027年投稿期刊\论文项目\07_JB医疗可达性_洪水扰动下交通-网络韧性与公平性_SCS_Natural_Hazards\GPT数据\Nature Portfolio_Project\01_前期数据支撑\ScientificReports_JB_Flood_Healthcare_Accessibility\tables\D08\D07F_Authorized_D08_Edge_Overlap_Table.csv,D:\OneDrive\桌面\论文\2027年投稿期刊\论文项目\07_JB医疗可达性_洪水扰动下交通-网络韧性与公平性_SCS_Natural_Hazards\GPT数据\Nature Portfolio_Project\01_前期数据支撑\ScientificReports_JB_Flood_Healthcare_Accessibility\tables\D08\D07F_Authorized_D08_Edge_Overlap_Table.csv,Nature Portfolio_Project\01_前期数据支撑\ScientificReports_JB_Flood_Healthcare_Accessibility\tables\D08\D07F_Authorized_D08_Edge_Overlap_Table.csv,D07F_Authorized_D08_Edge_Overlap_Table.csv,.csv,17257,2026-10-05T01:08:28,04266683cf1597bd9ddd044cb3b97e9e5bbe5c9203bdc37c09e681ba3b6036d3,1,False,False,
original,03_Nature_Portfolio_Project,D:\OneDrive\桌面\论文\2027年投稿期刊\论文项目\07_JB医疗可达性_洪水扰动下交通-网络韧性与公平性_SCS_Natural_Hazards\GPT数据\Nature Portfolio_Project\01_前期数据支撑\ScientificReports_JB_Flood_Healthcare_Accessibility\tables\D08\D08_Closure_Shift_Definitions.csv,D:\OneDrive\桌面\论文\2027年投稿期刊\论文项目\07_JB医疗可达性_洪水扰动下交通-网络韧性与公平性_SCS_Natural_Hazards\GPT数据\Nature Portfolio_Project\01_前期数据支撑\ScientificReports_JB_Flood_Healthcare_Accessibility\tables\D08\D08_Closure_Shift_Definitions.csv,Nature Portfolio_Project\01_前期数据支撑\ScientificReports_JB_Flood_Healthcare_Accessibility\tables\D08\D08_Closure_Shift_Definitions.csv,D08_Closure_Shift_Definitions.csv,.csv,883,2026-10-05T04:08:02,4235920f8a63dc5731211dffff463b2db63246a07d7aaca3369b84fd88ca6d8a,1,False,False,
original,03_Nature_Portfolio_Project,D:\OneDrive\桌面\论文\2027年投稿期刊\论文项目\07_JB医疗可达性_洪水扰动下交通-网络韧性与公平性_SCS_Natural_Hazards\GPT数据\Nature Portfolio_Project\01_前期数据支撑\ScientificReports_JB_Flood_Healthcare_Accessibility\tables\D08\D08_Criticality_Rank_Robustness.csv,D:\OneDrive\桌面\论文\2027年投稿期刊\论文项目\07_JB医疗可达性_洪水扰动下交通-网络韧性与公平性_SCS_Natural_Hazards\GPT数据\Nature Portfolio_Project\01_前期数据支撑\ScientificReports_JB_Flood_Healthcare_Accessibility\tables\D08\D08_Criticality_Rank_Robustness.csv,Nature Portfolio_Project\01_前期数据支撑\ScientificReports_JB_Flood_Healthcare_Accessibility\tables\D08\D08_Criticality_Rank_Robustness.csv,D08_Criticality_Rank_Robustness.csv,.csv,956,2026-10-05T12:15:00,8da7ab0679725808a3c86bf98595a4760f07efefb374d4f08476b1da8ccd876b,2,False,False,
original,03_Nature_Portfolio_Project,D:\OneDrive\桌面\论文\2027年投稿期刊\论文项目\07_JB医疗可达性_洪水扰动下交通-网络韧性与公平性_SCS_Natural_Hazards\GPT数据\Nature Portfolio_Project\01_前期数据支撑\ScientificReports_JB_Flood_Healthcare_Accessibility\tables\D08\D08_Hospital_Catchment_Redistribution.csv,D:\OneDrive\桌面\论文\2027年投稿期刊\论文项目\07_JB医疗可达性_洪水扰动下交通-网络韧性与公平性_SCS_Natural_Hazards\GPT数据\Nature Portfolio_Project\01_前期数据支撑\ScientificReports_JB_Flood_Healthcare_Accessibility\tables\D08\D08_Hospital_Catchment_Redistribution.csv,Nature Portfolio_Project\01_前期数据支撑\ScientificReports_JB_Flood_Healthcare_Accessibility\tables\D08\D08_Hospital_Catchment_Redistribution.csv,D08_Hospital_Catchment_Redistribution.csv,.csv,7097,2026-10-05T03:49:08,178859671d7c8bc59143430ae0e4f8948185b064c50527d10043f9efec8374d4,1,False,False,
original,03_Nature_Portfolio_Project,D:\OneDrive\桌面\论文\2027年投稿期刊\论文项目\07_JB医疗可达性_洪水扰动下交通-网络韧性与公平性_SCS_Natural_Hazards\GPT数据\Nature Portfolio_Project\01_前期数据支撑\ScientificReports_JB_Flood_Healthcare_Accessibility\tables\D08\D08_MAR20_27Combination_Sensitivity.csv,D:\OneDrive\桌面\论文\2027年投稿期刊\论文项目\07_JB医疗可达性_洪水扰动下交通-网络韧性与公平性_SCS_Natural_Hazards\GPT数据\Nature Portfolio_Project\01_前期数据支撑\ScientificReports_JB_Flood_Healthcare_Accessibility\tables\D08\D08_MAR20_27Combination_Sensitivity.csv,Nature Portfolio_Project\01_前期数据支撑\ScientificReports_JB_Flood_Healthcare_Accessibility\tables\D08\D08_MAR20_27Combination_Sensitivity.csv,D08_MAR20_27Combination_Sensitivity.csv,.csv,6869,2026-10-05T12:15:00,c8adbdf67fbfd764b019e9ac5aa896df33aa802dff7651354d86fb9e7fc4106e,2,False,False,
original,03_Nature_Portfolio_Project,D:\OneDrive\桌面\论文\2027年投稿期刊\论文项目\07_JB医疗可达性_洪水扰动下交通-网络韧性与公平性_SCS_Natural_Hazards\GPT数据\Nature Portfolio_Project\01_前期数据支撑\ScientificReports_JB_Flood_Healthcare_Accessibility\tables\D08\D08_MAR20_Sensitivity_Summary.csv,D:\OneDrive\桌面\论文\2027年投稿期刊\论文项目\07_JB医疗可达性_洪水扰动下交通-网络韧性与公平性_SCS_Natural_Hazards\GPT数据\Nature Portfolio_Project\01_前期数据支撑\ScientificReports_JB_Flood_Healthcare_Accessibility\tables\D08\D08_MAR20_Sensitivity_Summary.csv,Nature Portfolio_Project\01_前期数据支撑\ScientificReports_JB_Flood_Healthcare_Accessibility\tables\D08\D08_MAR20_Sensitivity_Summary.csv,D08_MAR20_Sensitivity_Summary.csv,.csv,762,2026-10-05T04:08:42,f4e06bf27c2caa22d2ae3073ce7a4695fa32a9c89ed40ed2082ce1be7f0990da,1,False,False,
original,03_Nature_Portfolio_Project,D:\OneDrive\桌面\论文\2027年投稿期刊\论文项目\07_JB医疗可达性_洪水扰动下交通-网络韧性与公平性_SCS_Natural_Hazards\GPT数据\Nature Portfolio_Project\01_前期数据支撑\ScientificReports_JB_Flood_Healthcare_Accessibility\tables\D08\D08_Resilience_Interpretation_Metrics.csv,D:\OneDrive\桌面\论文\2027年投稿期刊\论文项目\07_JB医疗可达性_洪水扰动下交通-网络韧性与公平性_SCS_Natural_Hazards\GPT数据\Nature Portfolio_Project\01_前期数据支撑\ScientificReports_JB_Flood_Healthcare_Accessibility\tables\D08\D08_Resilience_Interpretation_Metrics.csv,Nature Portfolio_Project\01_前期数据支撑\ScientificReports_JB_Flood_Healthcare_Accessibility\tables\D08\D08_Resilience_Interpretation_Metrics.csv,D08_Resilience_Interpretation_Metrics.csv,.csv,511,2026-10-05T11:53:15,3edc19f1c36a5d6cc2d41df6a29c8c4bec5f8e859a74f7e8ac0bbf1179dcff3a,2,False,False,
original,03_Nature_Portfolio_Project,D:\OneDrive\桌面\论文\2027年投稿期刊\论文项目\07_JB医疗可达性_洪水扰动下交通-网络韧性与公平性_SCS_Natural_Hazards\GPT数据\Nature Portfolio_Project\01_前期数据支撑\ScientificReports_JB_Flood_Healthcare_Accessibility\tables\D08\D08_SingleClosure_Robustness_Summary.csv,D:\OneDrive\桌面\论文\2027年投稿期刊\论文项目\07_JB医疗可达性_洪水扰动下交通-网络韧性与公平性_SCS_Natural_Hazards\GPT数据\Nature Portfolio_Project\01_前期数据支撑\ScientificReports_JB_Flood_Healthcare_Accessibility\tables\D08\D08_SingleClosure_Robustness_Summary.csv,Nature Portfolio_Project\01_前期数据支撑\ScientificReports_JB_Flood_Healthcare_Accessibility\tables\D08\D08_SingleClosure_Robustness_Summary.csv,D08_SingleClosure_Robustness_Summary.csv,.csv,1047,2026-10-05T04:08:16,19b9b51fbd79fb2db929ef818e4422c34559c2816b733bc83b21e89713aba901,1,False,False,
original,03_Nature_Portfolio_Project,D:\OneDrive\桌面\论文\2027年投稿期刊\论文项目\07_JB医疗可达性_洪水扰动下交通-网络韧性与公平性_SCS_Natural_Hazards\GPT数据\Nature Portfolio_Project\01_前期数据支撑\ScientificReports_JB_Flood_Healthcare_Accessibility\tables\D08\D08_SingleClosure_Shift_Sensitivity.csv,D:\OneDrive\桌面\论文\2027年投稿期刊\论文项目\07_JB医疗可达性_洪水扰动下交通-网络韧性与公平性_SCS_Natural_Hazards\GPT数据\Nature Portfolio_Project\01_前期数据支撑\ScientificReports_JB_Flood_Healthcare_Accessibility\tables\D08\D08_SingleClosure_Shift_Sensitivity.csv,Nature Portfolio_Project\01_前期数据支撑\ScientificReports_JB_Flood_Healthcare_Accessibility\tables\D08\D08_SingleClosure_Shift_Sensitivity.csv,D08_SingleClosure_Shift_Sensitivity.csv,.csv,2243,2026-10-05T12:14:59,78a7c69dd84f73808b948dcff92511f3dc419da871250c3133134a80afbb28db,2,False,False,
original,03_Nature_Portfolio_Project,D:\OneDrive\桌面\论文\2027年投稿期刊\论文项目\07_JB医疗可达性_洪水扰动下交通-网络韧性与公平性_SCS_Natural_Hazards\GPT数据\Nature Portfolio_Project\01_前期数据支撑\ScientificReports_JB_Flood_Healthcare_Accessibility\tables\D08\D08_Single_Closure_Attribution.csv,D:\OneDrive\桌面\论文\2027年投稿期刊\论文项目\07_JB医疗可达性_洪水扰动下交通-网络韧性与公平性_SCS_Natural_Hazards\GPT数据\Nature Portfolio_Project\01_前期数据支撑\ScientificReports_JB_Flood_Healthcare_Accessibility\tables\D08\D08_Single_Closure_Attribution.csv,Nature Portfolio_Project\01_前期数据支撑\ScientificReports_JB_Flood_Healthcare_Accessibility\tables\D08\D08_Single_Closure_Attribution.csv,D08_Single_Closure_Attribution.csv,.csv,1275,2026-10-05T11:53:16,e5385485e30e1cd8dca03b923adca84c441f80e09c5a02bc94146aca76df32b3,2,False,False,
original,03_Nature_Portfolio_Project,D:\OneDrive\桌面\论文\2027年投稿期刊\论文项目\07_JB医疗可达性_洪水扰动下交通-网络韧性与公平性_SCS_Natural_Hazards\GPT数据\Nature Portfolio_Project\01_前期数据支撑\ScientificReports_JB_Flood_Healthcare_Accessibility\tables\D08\D08_Subdistrict_Accessibility_Impact.csv,D:\OneDrive\桌面\论文\2027年投稿期刊\论文项目\07_JB医疗可达性_洪水扰动下交通-网络韧性与公平性_SCS_Natural_Hazards\GPT数据\Nature Portfolio_Project\01_前期数据支撑\ScientificReports_JB_Flood_Healthcare_Accessibility\tables\D08\D08_Subdistrict_Accessibility_Impact.csv,Nature Portfolio_Project\01_前期数据支撑\ScientificReports_JB_Flood_Healthcare_Accessibility\tables\D08\D08_Subdistrict_Accessibility_Impact.csv,D08_Subdistrict_Accessibility_Impact.csv,.csv,6067,2026-10-05T11:53:17,1776c6beb7c7b4b8068450e25162512301ba188ab4662498361e75c4a1b829cd,2,False,False,
original,03_Nature_Portfolio_Project,D:\OneDrive\桌面\论文\2027年投稿期刊\论文项目\07_JB医疗可达性_洪水扰动下交通-网络韧性与公平性_SCS_Natural_Hazards\GPT数据\Nature Portfolio_Project\01_前期数据支撑\ScientificReports_JB_Flood_Healthcare_Accessibility\tables\D09\D09_Observed2025_Recovery_Priority.csv,D:\OneDrive\桌面\论文\2027年投稿期刊\论文项目\07_JB医疗可达性_洪水扰动下交通-网络韧性与公平性_SCS_Natural_Hazards\GPT数据\Nature Portfolio_Project\01_前期数据支撑\ScientificReports_JB_Flood_Healthcare_Accessibility\tables\D09\D09_Observed2025_Recovery_Priority.csv,Nature Portfolio_Project\01_前期数据支撑\ScientificReports_JB_Flood_Healthcare_Accessibility\tables\D09\D09_Observed2025_Recovery_Priority.csv,D09_Observed2025_Recovery_Priority.csv,.csv,2123,2026-10-05T12:30:56,3a191bb6015592a68e589724cc07f46c892bcb3feb721e5b8f1349f76b0cfea8,2,False,False,
original,03_Nature_Portfolio_Project,D:\OneDrive\桌面\论文\2027年投稿期刊\论文项目\07_JB医疗可达性_洪水扰动下交通-网络韧性与公平性_SCS_Natural_Hazards\GPT数据\Nature Portfolio_Project\01_前期数据支撑\ScientificReports_JB_Flood_Healthcare_Accessibility\tables\D09\D09_RoadSegment_CRPI.csv,D:\OneDrive\桌面\论文\2027年投稿期刊\论文项目\07_JB医疗可达性_洪水扰动下交通-网络韧性与公平性_SCS_Natural_Hazards\GPT数据\Nature Portfolio_Project\01_前期数据支撑\ScientificReports_JB_Flood_Healthcare_Accessibility\tables\D09\D09_RoadSegment_CRPI.csv,Nature Portfolio_Project\01_前期数据支撑\ScientificReports_JB_Flood_Healthcare_Accessibility\tables\D09\D09_RoadSegment_CRPI.csv,D09_RoadSegment_CRPI.csv,.csv,64404512,2026-10-05T12:30:58,e32d0a96d629211fc38fc0e17131ae09fa8c97f7e558457804ed6eeb9cac1afd,2,False,False,
original,03_Nature_Portfolio_Project,D:\OneDrive\桌面\论文\2027年投稿期刊\论文项目\07_JB医疗可达性_洪水扰动下交通-网络韧性与公平性_SCS_Natural_Hazards\GPT数据\Nature Portfolio_Project\01_前期数据支撑\ScientificReports_JB_Flood_Healthcare_Accessibility\tables\D09\D09_Top_NonObserved_FuturePreparedness_Corridors.csv,D:\OneDrive\桌面\论文\2027年投稿期刊\论文项目\07_JB医疗可达性_洪水扰动下交通-网络韧性与公平性_SCS_Natural_Hazards\GPT数据\Nature Portfolio_Project\01_前期数据支撑\ScientificReports_JB_Flood_Healthcare_Accessibility\tables\D09\D09_Top_NonObserved_FuturePreparedness_Corridors.csv,Nature Portfolio_Project\01_前期数据支撑\ScientificReports_JB_Flood_Healthcare_Accessibility\tables\D09\D09_Top_NonObserved_FuturePreparedness_Corridors.csv,D09_Top_NonObserved_FuturePreparedness_Corridors.csv,.csv,2014,2026-10-05T12:30:58,d5a77cf7e058eadea8a0c08f7096b83677810a9c040cf437d59891a7666f0935,2,False,False,
original,03_Nature_Portfolio_Project,D:\OneDrive\桌面\论文\2027年投稿期刊\论文项目\07_JB医疗可达性_洪水扰动下交通-网络韧性与公平性_SCS_Natural_Hazards\GPT数据\Nature Portfolio_Project\01_前期数据支撑\ScientificReports_JB_Flood_Healthcare_Accessibility\tables\D10\D10_All_6_Recovery_Orders.csv,D:\OneDrive\桌面\论文\2027年投稿期刊\论文项目\07_JB医疗可达性_洪水扰动下交通-网络韧性与公平性_SCS_Natural_Hazards\GPT数据\Nature Portfolio_Project\01_前期数据支撑\ScientificReports_JB_Flood_Healthcare_Accessibility\tables\D10\D10_All_6_Recovery_Orders.csv,Nature Portfolio_Project\01_前期数据支撑\ScientificReports_JB_Flood_Healthcare_Accessibility\tables\D10\D10_All_6_Recovery_Orders.csv,D10_All_6_Recovery_Orders.csv,.csv,1697,2026-10-05T12:45:42,768cf22946a755c7c6d18073f3a9ea9014c02e45651b7fcbf3d1392762ff4af4,2,False,False,
original,03_Nature_Portfolio_Project,D:\OneDrive\桌面\论文\2027年投稿期刊\论文项目\07_JB医疗可达性_洪水扰动下交通-网络韧性与公平性_SCS_Natural_Hazards\GPT数据\Nature Portfolio_Project\01_前期数据支撑\ScientificReports_JB_Flood_Healthcare_Accessibility\tables\D10\D10_All_Closure_Subsets.csv,D:\OneDrive\桌面\论文\2027年投稿期刊\论文项目\07_JB医疗可达性_洪水扰动下交通-网络韧性与公平性_SCS_Natural_Hazards\GPT数据\Nature Portfolio_Project\01_前期数据支撑\ScientificReports_JB_Flood_Healthcare_Accessibility\tables\D10\D10_All_Closure_Subsets.csv,Nature Portfolio_Project\01_前期数据支撑\ScientificReports_JB_Flood_Healthcare_Accessibility\tables\D10\D10_All_Closure_Subsets.csv,D10_All_Closure_Subsets.csv,.csv,1129,2026-10-05T04:33:18,cf6201920bfdd2643ab94188238634fac6f8b5b945f88dee949a85c229c072a4,1,False,False,
original,03_Nature_Portfolio_Project,D:\OneDrive\桌面\论文\2027年投稿期刊\论文项目\07_JB医疗可达性_洪水扰动下交通-网络韧性与公平性_SCS_Natural_Hazards\GPT数据\Nature Portfolio_Project\01_前期数据支撑\ScientificReports_JB_Flood_Healthcare_Accessibility\tables\D10\D10_BestOrder_Subdistrict_Stage_Profile.csv,D:\OneDrive\桌面\论文\2027年投稿期刊\论文项目\07_JB医疗可达性_洪水扰动下交通-网络韧性与公平性_SCS_Natural_Hazards\GPT数据\Nature Portfolio_Project\01_前期数据支撑\ScientificReports_JB_Flood_Healthcare_Accessibility\tables\D10\D10_BestOrder_Subdistrict_Stage_Profile.csv,Nature Portfolio_Project\01_前期数据支撑\ScientificReports_JB_Flood_Healthcare_Accessibility\tables\D10\D10_BestOrder_Subdistrict_Stage_Profile.csv,D10_BestOrder_Subdistrict_Stage_Profile.csv,.csv,3076,2026-10-05T04:34:06,7aac26fca73c0ddabe3676d51058440b2de3a1d2a5b6082660a06e6857e4ad1c,1,False,False,
original,03_Nature_Portfolio_Project,D:\OneDrive\桌面\论文\2027年投稿期刊\论文项目\07_JB医疗可达性_洪水扰动下交通-网络韧性与公平性_SCS_Natural_Hazards\GPT数据\Nature Portfolio_Project\01_前期数据支撑\ScientificReports_JB_Flood_Healthcare_Accessibility\tables\D10\D10_Equity_Metrics_by_Recovery_Stage.csv,D:\OneDrive\桌面\论文\2027年投稿期刊\论文项目\07_JB医疗可达性_洪水扰动下交通-网络韧性与公平性_SCS_Natural_Hazards\GPT数据\Nature Portfolio_Project\01_前期数据支撑\ScientificReports_JB_Flood_Healthcare_Accessibility\tables\D10\D10_Equity_Metrics_by_Recovery_Stage.csv,Nature Portfolio_Project\01_前期数据支撑\ScientificReports_JB_Flood_Healthcare_Accessibility\tables\D10\D10_Equity_Metrics_by_Recovery_Stage.csv,D10_Equity_Metrics_by_Recovery_Stage.csv,.csv,4456,2026-10-05T04:33:56,c876d53dd7bd958854fa389e75965607a02948fc5f64cc26eace85a08f8bb1e6,1,False,False,
original,03_Nature_Portfolio_Project,D:\OneDrive\桌面\论文\2027年投稿期刊\论文项目\07_JB医疗可达性_洪水扰动下交通-网络韧性与公平性_SCS_Natural_Hazards\GPT数据\Nature Portfolio_Project\01_前期数据支撑\ScientificReports_JB_Flood_Healthcare_Accessibility\tables\D10\D10_InitiallyLost_Origin_RecoveryStage.csv,D:\OneDrive\桌面\论文\2027年投稿期刊\论文项目\07_JB医疗可达性_洪水扰动下交通-网络韧性与公平性_SCS_Natural_Hazards\GPT数据\Nature Portfolio_Project\01_前期数据支撑\ScientificReports_JB_Flood_Healthcare_Accessibility\tables\D10\D10_InitiallyLost_Origin_RecoveryStage.csv,Nature Portfolio_Project\01_前期数据支撑\ScientificReports_JB_Flood_Healthcare_Accessibility\tables\D10\D10_InitiallyLost_Origin_RecoveryStage.csv,D10_InitiallyLost_Origin_RecoveryStage.csv,.csv,39522,2026-10-05T04:34:46,a5488d57b842b6d07ce0ac79b0ec6d21de3714e270942755925772f3becdc04b,1,False,False,
original,03_Nature_Portfolio_Project,D:\OneDrive\桌面\论文\2027年投稿期刊\论文项目\07_JB医疗可达性_洪水扰动下交通-网络韧性与公平性_SCS_Natural_Hazards\GPT数据\Nature Portfolio_Project\01_前期数据支撑\ScientificReports_JB_Flood_Healthcare_Accessibility\tables\D10\D10_MAR20_Disruption_Subdistrict_Profile.csv,D:\OneDrive\桌面\论文\2027年投稿期刊\论文项目\07_JB医疗可达性_洪水扰动下交通-网络韧性与公平性_SCS_Natural_Hazards\GPT数据\Nature Portfolio_Project\01_前期数据支撑\ScientificReports_JB_Flood_Healthcare_Accessibility\tables\D10\D10_MAR20_Disruption_Subdistrict_Profile.csv,Nature Portfolio_Project\01_前期数据支撑\ScientificReports_JB_Flood_Healthcare_Accessibility\tables\D10\D10_MAR20_Disruption_Subdistrict_Profile.csv,D10_MAR20_Disruption_Subdistrict_Profile.csv,.csv,970,2026-10-05T04:34:06,ed4239f32eb10bad3ab1330cfc8303f85b8cd3494deb57c59be3daed408373f2,1,False,False,
original,03_Nature_Portfolio_Project,D:\OneDrive\桌面\论文\2027年投稿期刊\论文项目\07_JB医疗可达性_洪水扰动下交通-网络韧性与公平性_SCS_Natural_Hazards\GPT数据\Nature Portfolio_Project\01_前期数据支撑\ScientificReports_JB_Flood_Healthcare_Accessibility\tables\D10\D10_Recovery_Order_Stepwise.csv,D:\OneDrive\桌面\论文\2027年投稿期刊\论文项目\07_JB医疗可达性_洪水扰动下交通-网络韧性与公平性_SCS_Natural_Hazards\GPT数据\Nature Portfolio_Project\01_前期数据支撑\ScientificReports_JB_Flood_Healthcare_Accessibility\tables\D10\D10_Recovery_Order_Stepwise.csv,Nature Portfolio_Project\01_前期数据支撑\ScientificReports_JB_Flood_Healthcare_Accessibility\tables\D10\D10_Recovery_Order_Stepwise.csv,D10_Recovery_Order_Stepwise.csv,.csv,7157,2026-10-05T12:45:42,159b6eb7e6bf02edf28335a61a61c4d8815ff016e82bdbae062c41e5a3b2ac91,2,False,False,
original,03_Nature_Portfolio_Project,D:\OneDrive\桌面\论文\2027年投稿期刊\论文项目\07_JB医疗可达性_洪水扰动下交通-网络韧性与公平性_SCS_Natural_Hazards\GPT数据\Nature Portfolio_Project\01_前期数据支撑\ScientificReports_JB_Flood_Healthcare_Accessibility\tables\D10\D10_Road_Recovery_Benefit_and_Efficiency.csv,D:\OneDrive\桌面\论文\2027年投稿期刊\论文项目\07_JB医疗可达性_洪水扰动下交通-网络韧性与公平性_SCS_Natural_Hazards\GPT数据\Nature Portfolio_Project\01_前期数据支撑\ScientificReports_JB_Flood_Healthcare_Accessibility\tables\D10\D10_Road_Recovery_Benefit_and_Efficiency.csv,Nature Portfolio_Project\01_前期数据支撑\ScientificReports_JB_Flood_Healthcare_Accessibility\tables\D10\D10_Road_Recovery_Benefit_and_Efficiency.csv,D10_Road_Recovery_Benefit_and_Efficiency.csv,.csv,1018,2026-10-05T12:45:44,c034d32098a3f13fda89e4a0be83aabe028930961f48e539517deb4cd823de3c,2,False,False,
original,03_Nature_Portfolio_Project,D:\OneDrive\桌面\论文\2027年投稿期刊\论文项目\07_JB医疗可达性_洪水扰动下交通-网络韧性与公平性_SCS_Natural_Hazards\GPT数据\Nature Portfolio_Project\01_前期数据支撑\ScientificReports_JB_Flood_Healthcare_Accessibility\tables\D10\D10_Subdistrict_RecoveryStage_Distribution.csv,D:\OneDrive\桌面\论文\2027年投稿期刊\论文项目\07_JB医疗可达性_洪水扰动下交通-网络韧性与公平性_SCS_Natural_Hazards\GPT数据\Nature Portfolio_Project\01_前期数据支撑\ScientificReports_JB_Flood_Healthcare_Accessibility\tables\D10\D10_Subdistrict_RecoveryStage_Distribution.csv,Nature Portfolio_Project\01_前期数据支撑\ScientificReports_JB_Flood_Healthcare_Accessibility\tables\D10\D10_Subdistrict_RecoveryStage_Distribution.csv,D10_Subdistrict_RecoveryStage_Distribution.csv,.csv,262,2026-10-05T04:35:10,acb03d7ade83f336359038273d28736243c101d4352ace82707feaab67104a6b,1,False,False,
original,03_Nature_Portfolio_Project,D:\OneDrive\桌面\论文\2027年投稿期刊\论文项目\07_JB医疗可达性_洪水扰动下交通-网络韧性与公平性_SCS_Natural_Hazards\GPT数据\Nature Portfolio_Project\01_前期数据支撑\ScientificReports_JB_Flood_Healthcare_Accessibility\tables\D10\D10_Subdistrict_Recovery_Benefit.csv,D:\OneDrive\桌面\论文\2027年投稿期刊\论文项目\07_JB医疗可达性_洪水扰动下交通-网络韧性与公平性_SCS_Natural_Hazards\GPT数据\Nature Portfolio_Project\01_前期数据支撑\ScientificReports_JB_Flood_Healthcare_Accessibility\tables\D10\D10_Subdistrict_Recovery_Benefit.csv,Nature Portfolio_Project\01_前期数据支撑\ScientificReports_JB_Flood_Healthcare_Accessibility\tables\D10\D10_Subdistrict_Recovery_Benefit.csv,D10_Subdistrict_Recovery_Benefit.csv,.csv,17227,2026-10-05T12:45:44,f19f6847070ad18ebfa49bfa21735083f62ec746004440e2f1479b3fddb40cb2,2,False,False,
original,03_Nature_Portfolio_Project,D:\OneDrive\桌面\论文\2027年投稿期刊\论文项目\07_JB医疗可达性_洪水扰动下交通-网络韧性与公平性_SCS_Natural_Hazards\GPT数据\Nature Portfolio_Project\01_前期数据支撑\ScientificReports_JB_Flood_Healthcare_Accessibility\tables\D11\D11_Claim_Evidence_Matrix.csv,D:\OneDrive\桌面\论文\2027年投稿期刊\论文项目\07_JB医疗可达性_洪水扰动下交通-网络韧性与公平性_SCS_Natural_Hazards\GPT数据\Nature Portfolio_Project\01_前期数据支撑\ScientificReports_JB_Flood_Healthcare_Accessibility\tables\D11\D11_Claim_Evidence_Matrix.csv,Nature Portfolio_Project\01_前期数据支撑\ScientificReports_JB_Flood_Healthcare_Accessibility\tables\D11\D11_Claim_Evidence_Matrix.csv,D11_Claim_Evidence_Matrix.csv,.csv,1510,2026-10-05T06:19:14,98b56b4dc740500815ebe925c7e187744e5b089b0384d2e65c3508496c535d9a,1,False,False,
original,03_Nature_Portfolio_Project,D:\OneDrive\桌面\论文\2027年投稿期刊\论文项目\07_JB医疗可达性_洪水扰动下交通-网络韧性与公平性_SCS_Natural_Hazards\GPT数据\Nature Portfolio_Project\01_前期数据支撑\ScientificReports_JB_Flood_Healthcare_Accessibility\tables\D11\D11_Figure_Freeze.csv,D:\OneDrive\桌面\论文\2027年投稿期刊\论文项目\07_JB医疗可达性_洪水扰动下交通-网络韧性与公平性_SCS_Natural_Hazards\GPT数据\Nature Portfolio_Project\01_前期数据支撑\ScientificReports_JB_Flood_Healthcare_Accessibility\tables\D11\D11_Figure_Freeze.csv,Nature Portfolio_Project\01_前期数据支撑\ScientificReports_JB_Flood_Healthcare_Accessibility\tables\D11\D11_Figure_Freeze.csv,D11_Figure_Freeze.csv,.csv,3762,2026-10-05T06:19:14,58eeaec0757e197acde7a7b1bf8aa3829db527a132eb721f697c06470165e605,1,False,False,
original,03_Nature_Portfolio_Project,D:\OneDrive\桌面\论文\2027年投稿期刊\论文项目\07_JB医疗可达性_洪水扰动下交通-网络韧性与公平性_SCS_Natural_Hazards\GPT数据\Nature Portfolio_Project\01_前期数据支撑\ScientificReports_JB_Flood_Healthcare_Accessibility\tables\D11\D11_Table_Freeze.csv,D:\OneDrive\桌面\论文\2027年投稿期刊\论文项目\07_JB医疗可达性_洪水扰动下交通-网络韧性与公平性_SCS_Natural_Hazards\GPT数据\Nature Portfolio_Project\01_前期数据支撑\ScientificReports_JB_Flood_Healthcare_Accessibility\tables\D11\D11_Table_Freeze.csv,Nature Portfolio_Project\01_前期数据支撑\ScientificReports_JB_Flood_Healthcare_Accessibility\tables\D11\D11_Table_Freeze.csv,D11_Table_Freeze.csv,.csv,1446,2026-10-05T04:47:32,912de35a93e79af1dfbea47d13f85768fdd8f07bba7a0a7959bfc41d7dff9d39,1,False,False,
original,04_Figure_Support_Data,D:\OneDrive\桌面\论文\2027年投稿期刊\论文项目\07_JB医疗可达性_洪水扰动下交通-网络韧性与公平性_SCS_Natural_Hazards\GPT数据\绘图支撑数据\ALLOWED_AND_PROHIBITED_CLAIMS.csv,D:\OneDrive\桌面\论文\2027年投稿期刊\论文项目\07_JB医疗可达性_洪水扰动下交通-网络韧性与公平性_SCS_Natural_Hazards\GPT数据\绘图支撑数据\ALLOWED_AND_PROHIBITED_CLAIMS.csv,绘图支撑数据\ALLOWED_AND_PROHIBITED_CLAIMS.csv,ALLOWED_AND_PROHIBITED_CLAIMS.csv,.csv,1091,2026-10-05T20:25:14,94544b05c58075c46e2d31cc642ee9f11cc1b8693b1393a7088b9c9fe65cd796,1,False,False,
original,04_Figure_Support_Data,D:\OneDrive\桌面\论文\2027年投稿期刊\论文项目\07_JB医疗可达性_洪水扰动下交通-网络韧性与公平性_SCS_Natural_Hazards\GPT数据\绘图支撑数据\FILE_MANIFEST_SHA256.csv,D:\OneDrive\桌面\论文\2027年投稿期刊\论文项目\07_JB医疗可达性_洪水扰动下交通-网络韧性与公平性_SCS_Natural_Hazards\GPT数据\绘图支撑数据\FILE_MANIFEST_SHA256.csv,绘图支撑数据\FILE_MANIFEST_SHA256.csv,FILE_MANIFEST_SHA256.csv,.csv,2538,2026-10-05T18:09:12,b3be28359910cee9733c805b52ab09db235ed3f1c21f59361ab74ecebcc1e480,4,False,False,
original,04_Figure_Support_Data,D:\OneDrive\桌面\论文\2027年投稿期刊\论文项目\07_JB医疗可达性_洪水扰动下交通-网络韧性与公平性_SCS_Natural_Hazards\GPT数据\绘图支撑数据\FINAL_CLAIM_EVIDENCE_MATRIX.csv,D:\OneDrive\桌面\论文\2027年投稿期刊\论文项目\07_JB医疗可达性_洪水扰动下交通-网络韧性与公平性_SCS_Natural_Hazards\GPT数据\绘图支撑数据\FINAL_CLAIM_EVIDENCE_MATRIX.csv,绘图支撑数据\FINAL_CLAIM_EVIDENCE_MATRIX.csv,FINAL_CLAIM_EVIDENCE_MATRIX.csv,.csv,2582,2026-10-05T20:25:14,9b6a19ce612e98927771bca07ee9da4c12e255891922bb25fa710055a3888b36,1,False,False,
original,04_Figure_Support_Data,D:\OneDrive\桌面\论文\2027年投稿期刊\论文项目\07_JB医疗可达性_洪水扰动下交通-网络韧性与公平性_SCS_Natural_Hazards\GPT数据\绘图支撑数据\FINAL_RESULTS_ARCHITECTURE.md,D:\OneDrive\桌面\论文\2027年投稿期刊\论文项目\07_JB医疗可达性_洪水扰动下交通-网络韧性与公平性_SCS_Natural_Hazards\GPT数据\绘图支撑数据\FINAL_RESULTS_ARCHITECTURE.md,绘图支撑数据\FINAL_RESULTS_ARCHITECTURE.md,FINAL_RESULTS_ARCHITECTURE.md,.md,3496,2026-10-05T20:25:16,6ddcefb9fbf42769d59ecf593163b633de85894e5e08eb305c79ce5682028a56,1,False,False,
original,04_Figure_Support_Data,D:\OneDrive\桌面\论文\2027年投稿期刊\论文项目\07_JB医疗可达性_洪水扰动下交通-网络韧性与公平性_SCS_Natural_Hazards\GPT数据\绘图支撑数据\JB_Final_Flood_Road_Healthcare_Manuscript_v1.0.gpkg,D:\OneDrive\桌面\论文\2027年投稿期刊\论文项目\07_JB医疗可达性_洪水扰动下交通-网络韧性与公平性_SCS_Natural_Hazards\GPT数据\绘图支撑数据\JB_Final_Flood_Road_Healthcare_Manuscript_v1.0.gpkg,绘图支撑数据\JB_Final_Flood_Road_Healthcare_Manuscript_v1.0.gpkg,JB_Final_Flood_Road_Healthcare_Manuscript_v1.0.gpkg,.gpkg,6828032,2026-10-05T20:25:20,ce3d339ea63e8017289972a9deae70d87e9b2f0125223f0a63fa1b5d042144e2,1,False,False,
original,04_Figure_Support_Data,D:\OneDrive\桌面\论文\2027年投稿期刊\论文项目\07_JB医疗可达性_洪水扰动下交通-网络韧性与公平性_SCS_Natural_Hazards\GPT数据\绘图支撑数据\JB_Historical_Flood_Spatial_Framework_Boundary_CrossValidation_v1.0.zip,D:\OneDrive\桌面\论文\2027年投稿期刊\论文项目\07_JB医疗可达性_洪水扰动下交通-网络韧性与公平性_SCS_Natural_Hazards\GPT数据\绘图支撑数据\JB_Historical_Flood_Spatial_Framework_Boundary_CrossValidation_v1.0.zip,绘图支撑数据\JB_Historical_Flood_Spatial_Framework_Boundary_CrossValidation_v1.0.zip,JB_Historical_Flood_Spatial_Framework_Boundary_CrossValidation_v1.0.zip,.zip,1589338,2026-10-05T20:02:10,5a2e6bc43e23bb3e64f5bd25462b2283e8e2f794e660886f6a306a8bce432393,1,True,False,
original,04_Figure_Support_Data,D:\OneDrive\桌面\论文\2027年投稿期刊\论文项目\07_JB医疗可达性_洪水扰动下交通-网络韧性与公平性_SCS_Natural_Hazards\GPT数据\绘图支撑数据\JB_Historical_Flood_Spatial_Framework_STEP2_AnalysisGrid_Freeze_v1.0.zip,D:\OneDrive\桌面\论文\2027年投稿期刊\论文项目\07_JB医疗可达性_洪水扰动下交通-网络韧性与公平性_SCS_Natural_Hazards\GPT数据\绘图支撑数据\JB_Historical_Flood_Spatial_Framework_STEP2_AnalysisGrid_Freeze_v1.0.zip,绘图支撑数据\JB_Historical_Flood_Spatial_Framework_STEP2_AnalysisGrid_Freeze_v1.0.zip,JB_Historical_Flood_Spatial_Framework_STEP2_AnalysisGrid_Freeze_v1.0.zip,.zip,7799969,2026-10-05T17:20:26,2029f9fa9ca5e7874057824db5c419d0a6232029efa4fc6827b6bfd4e0cbcf88,1,True,False,
original,04_Figure_Support_Data,D:\OneDrive\桌面\论文\2027年投稿期刊\论文项目\07_JB医疗可达性_洪水扰动下交通-网络韧性与公平性_SCS_Natural_Hazards\GPT数据\绘图支撑数据\JB_Historical_Flood_Spatial_Framework_STEP3B_FloodZonePolygons_v0.1.zip,D:\OneDrive\桌面\论文\2027年投稿期刊\论文项目\07_JB医疗可达性_洪水扰动下交通-网络韧性与公平性_SCS_Natural_Hazards\GPT数据\绘图支撑数据\JB_Historical_Flood_Spatial_Framework_STEP3B_FloodZonePolygons_v0.1.zip,绘图支撑数据\JB_Historical_Flood_Spatial_Framework_STEP3B_FloodZonePolygons_v0.1.zip,JB_Historical_Flood_Spatial_Framework_STEP3B_FloodZonePolygons_v0.1.zip,.zip,12974542,2026-10-05T17:56:23,6625346158be7cf13196d27a8a23b1efa4edf68b457fcc5b9d34246b743ba2e9,1,True,False,
original,04_Figure_Support_Data,D:\OneDrive\桌面\论文\2027年投稿期刊\论文项目\07_JB医疗可达性_洪水扰动下交通-网络韧性与公平性_SCS_Natural_Hazards\GPT数据\绘图支撑数据\JB_Historical_Flood_Spatial_Framework_STEP3C_CompleteRGBLayer_v0.1.zip,D:\OneDrive\桌面\论文\2027年投稿期刊\论文项目\07_JB医疗可达性_洪水扰动下交通-网络韧性与公平性_SCS_Natural_Hazards\GPT数据\绘图支撑数据\JB_Historical_Flood_Spatial_Framework_STEP3C_CompleteRGBLayer_v0.1.zip,绘图支撑数据\JB_Historical_Flood_Spatial_Framework_STEP3C_CompleteRGBLayer_v0.1.zip,JB_Historical_Flood_Spatial_Framework_STEP3C_CompleteRGBLayer_v0.1.zip,.zip,1002647,2026-10-05T18:03:54,80ab47e6c31cc61aaac72e1dcef457e518b1137611038c5eebbf46ca77a399cf,1,True,False,
original,04_Figure_Support_Data,D:\OneDrive\桌面\论文\2027年投稿期刊\论文项目\07_JB医疗可达性_洪水扰动下交通-网络韧性与公平性_SCS_Natural_Hazards\GPT数据\绘图支撑数据\JB_Historical_Flood_Zones_PhysicalContext_v1.0.gpkg,D:\OneDrive\桌面\论文\2027年投稿期刊\论文项目\07_JB医疗可达性_洪水扰动下交通-网络韧性与公平性_SCS_Natural_Hazards\GPT数据\绘图支撑数据\JB_Historical_Flood_Zones_PhysicalContext_v1.0.gpkg,绘图支撑数据\JB_Historical_Flood_Zones_PhysicalContext_v1.0.gpkg,JB_Historical_Flood_Zones_PhysicalContext_v1.0.gpkg,.gpkg,180224,2026-10-05T20:01:39,601b325e25513ad3568681c625baa14bea291d48f809673993193d4c249c7ac5,1,False,False,
original,04_Figure_Support_Data,D:\OneDrive\桌面\论文\2027年投稿期刊\论文项目\07_JB医疗可达性_洪水扰动下交通-网络韧性与公平性_SCS_Natural_Hazards\GPT数据\绘图支撑数据\JB_STEP4_D09_HistoricalZone_Validation_v1.0.zip,D:\OneDrive\桌面\论文\2027年投稿期刊\论文项目\07_JB医疗可达性_洪水扰动下交通-网络韧性与公平性_SCS_Natural_Hazards\GPT数据\绘图支撑数据\JB_STEP4_D09_HistoricalZone_Validation_v1.0.zip,绘图支撑数据\JB_STEP4_D09_HistoricalZone_Validation_v1.0.zip,JB_STEP4_D09_HistoricalZone_Validation_v1.0.zip,.zip,76094,2026-10-05T18:26:52,102d9c7b8d8ef24bc412ccf62a537f7ce12d7f983ec4a8dad996d1115939f733,1,True,False,
original,04_Figure_Support_Data,D:\OneDrive\桌面\论文\2027年投稿期刊\论文项目\07_JB医疗可达性_洪水扰动下交通-网络韧性与公平性_SCS_Natural_Hazards\GPT数据\绘图支撑数据\JB_STEP5A1_PhysicalPredictor_DataReadiness_Audit_v1.0.zip,D:\OneDrive\桌面\论文\2027年投稿期刊\论文项目\07_JB医疗可达性_洪水扰动下交通-网络韧性与公平性_SCS_Natural_Hazards\GPT数据\绘图支撑数据\JB_STEP5A1_PhysicalPredictor_DataReadiness_Audit_v1.0.zip,绘图支撑数据\JB_STEP5A1_PhysicalPredictor_DataReadiness_Audit_v1.0.zip,JB_STEP5A1_PhysicalPredictor_DataReadiness_Audit_v1.0.zip,.zip,7525,2026-10-05T18:33:14,aa090ccddfb91a4390dc8c723501b0026d11334f392a526834fe582bbb011442,1,True,False,
original,04_Figure_Support_Data,D:\OneDrive\桌面\论文\2027年投稿期刊\论文项目\07_JB医疗可达性_洪水扰动下交通-网络韧性与公平性_SCS_Natural_Hazards\GPT数据\绘图支撑数据\JB_STEP5A2_ExecutionKit_v0.2.zip,D:\OneDrive\桌面\论文\2027年投稿期刊\论文项目\07_JB医疗可达性_洪水扰动下交通-网络韧性与公平性_SCS_Natural_Hazards\GPT数据\绘图支撑数据\JB_STEP5A2_ExecutionKit_v0.2.zip,绘图支撑数据\JB_STEP5A2_ExecutionKit_v0.2.zip,JB_STEP5A2_ExecutionKit_v0.2.zip,.zip,11894,2026-10-05T18:59:11,245d7275ad1ab227421777308c7e0694ee3d485f1ac1ef483c063b379c06395c,1,True,False,
original,04_Figure_Support_Data,D:\OneDrive\桌面\论文\2027年投稿期刊\论文项目\07_JB医疗可达性_洪水扰动下交通-网络韧性与公平性_SCS_Natural_Hazards\GPT数据\绘图支撑数据\JB_STEP5A2_MissingPhysicalData_Acquisition_v0.1.zip,D:\OneDrive\桌面\论文\2027年投稿期刊\论文项目\07_JB医疗可达性_洪水扰动下交通-网络韧性与公平性_SCS_Natural_Hazards\GPT数据\绘图支撑数据\JB_STEP5A2_MissingPhysicalData_Acquisition_v0.1.zip,绘图支撑数据\JB_STEP5A2_MissingPhysicalData_Acquisition_v0.1.zip,JB_STEP5A2_MissingPhysicalData_Acquisition_v0.1.zip,.zip,13389,2026-10-05T18:41:44,439cc26fefb91a1e4007a185d9768c399d6103a1e0f5adb77c3ee9d759e0b1f8,1,True,False,
original,04_Figure_Support_Data,D:\OneDrive\桌面\论文\2027年投稿期刊\论文项目\07_JB医疗可达性_洪水扰动下交通-网络韧性与公平性_SCS_Natural_Hazards\GPT数据\绘图支撑数据\JB_STEP5_PhysicalContextValidation_v1.0.zip,D:\OneDrive\桌面\论文\2027年投稿期刊\论文项目\07_JB医疗可达性_洪水扰动下交通-网络韧性与公平性_SCS_Natural_Hazards\GPT数据\绘图支撑数据\JB_STEP5_PhysicalContextValidation_v1.0.zip,绘图支撑数据\JB_STEP5_PhysicalContextValidation_v1.0.zip,JB_STEP5_PhysicalContextValidation_v1.0.zip,.zip,1543600,2026-10-05T20:01:35,fc2e33f5b615a0d953ad7800dff64b2a3f74a080095367e1966f0e4664696590,1,True,False,
original,04_Figure_Support_Data,D:\OneDrive\桌面\论文\2027年投稿期刊\论文项目\07_JB医疗可达性_洪水扰动下交通-网络韧性与公平性_SCS_Natural_Hazards\GPT数据\绘图支撑数据\JB_STEP6_HistoricalZones_RoadDisruptionValidation_v1.0.zip,D:\OneDrive\桌面\论文\2027年投稿期刊\论文项目\07_JB医疗可达性_洪水扰动下交通-网络韧性与公平性_SCS_Natural_Hazards\GPT数据\绘图支撑数据\JB_STEP6_HistoricalZones_RoadDisruptionValidation_v1.0.zip,绘图支撑数据\JB_STEP6_HistoricalZones_RoadDisruptionValidation_v1.0.zip,JB_STEP6_HistoricalZones_RoadDisruptionValidation_v1.0.zip,.zip,1575876,2026-10-05T20:08:02,76f7ffd80ffd3e8a92f34a0044d314e4b79a33d124051edd96201f9ff2c0b23d,1,True,False,
original,04_Figure_Support_Data,D:\OneDrive\桌面\论文\2027年投稿期刊\论文项目\07_JB医疗可达性_洪水扰动下交通-网络韧性与公平性_SCS_Natural_Hazards\GPT数据\绘图支撑数据\JB_STEP7_HealthcareAccessibilityImpact_v1.0.zip,D:\OneDrive\桌面\论文\2027年投稿期刊\论文项目\07_JB医疗可达性_洪水扰动下交通-网络韧性与公平性_SCS_Natural_Hazards\GPT数据\绘图支撑数据\JB_STEP7_HealthcareAccessibilityImpact_v1.0.zip,绘图支撑数据\JB_STEP7_HealthcareAccessibilityImpact_v1.0.zip,JB_STEP7_HealthcareAccessibilityImpact_v1.0.zip,.zip,1651237,2026-10-05T20:15:53,b1afeb96afb5ac1fc5faa325f3dd9dd7a12475e427a503bf9dc414c855ff463e,1,True,False,
original,04_Figure_Support_Data,D:\OneDrive\桌面\论文\2027年投稿期刊\论文项目\07_JB医疗可达性_洪水扰动下交通-网络韧性与公平性_SCS_Natural_Hazards\GPT数据\绘图支撑数据\JB_STEP8_Final_Manuscript_Freeze_v1.0 (1).zip,D:\OneDrive\桌面\论文\2027年投稿期刊\论文项目\07_JB医疗可达性_洪水扰动下交通-网络韧性与公平性_SCS_Natural_Hazards\GPT数据\绘图支撑数据\JB_STEP8_Final_Manuscript_Freeze_v1.0 (1).zip,绘图支撑数据\JB_STEP8_Final_Manuscript_Freeze_v1.0 (1).zip,JB_STEP8_Final_Manuscript_Freeze_v1.0 (1).zip,.zip,17396211,2026-10-05T20:25:26,5611e03e2054c293646368f967c2769912e8526525ec99c5018c894d9d92a16b,1,True,False,
original,04_Figure_Support_Data,D:\OneDrive\桌面\论文\2027年投稿期刊\论文项目\07_JB医疗可达性_洪水扰动下交通-网络韧性与公平性_SCS_Natural_Hazards\GPT数据\绘图支撑数据\JB_STEP8_Final_Manuscript_Freeze_v1.0.zip,D:\OneDrive\桌面\论文\2027年投稿期刊\论文项目\07_JB医疗可达性_洪水扰动下交通-网络韧性与公平性_SCS_Natural_Hazards\GPT数据\绘图支撑数据\JB_STEP8_Final_Manuscript_Freeze_v1.0.zip,绘图支撑数据\JB_STEP8_Final_Manuscript_Freeze_v1.0.zip,JB_STEP8_Final_Manuscript_Freeze_v1.0.zip,.zip,17396211,2026-10-05T20:25:17,5611e03e2054c293646368f967c2769912e8526525ec99c5018c894d9d92a16b,1,True,False,
original,04_Figure_Support_Data,D:\OneDrive\桌面\论文\2027年投稿期刊\论文项目\07_JB医疗可达性_洪水扰动下交通-网络韧性与公平性_SCS_Natural_Hazards\GPT数据\绘图支撑数据\Step3B_FloodZone_Metadata.csv,D:\OneDrive\桌面\论文\2027年投稿期刊\论文项目\07_JB医疗可达性_洪水扰动下交通-网络韧性与公平性_SCS_Natural_Hazards\GPT数据\绘图支撑数据\Step3B_FloodZone_Metadata.csv,绘图支撑数据\Step3B_FloodZone_Metadata.csv,Step3B_FloodZone_Metadata.csv,.csv,7839,2026-10-05T17:56:34,a2a5eee0bd854934dd9577a8fcce003c0b920dbcd8a5fd6665902f6fee442a89,1,False,False,
original,04_Figure_Support_Data,D:\OneDrive\桌面\论文\2027年投稿期刊\论文项目\07_JB医疗可达性_洪水扰动下交通-网络韧性与公平性_SCS_Natural_Hazards\GPT数据\绘图支撑数据\Step3B_FloodZone_Polygons_v0.1.gpkg,D:\OneDrive\桌面\论文\2027年投稿期刊\论文项目\07_JB医疗可达性_洪水扰动下交通-网络韧性与公平性_SCS_Natural_Hazards\GPT数据\绘图支撑数据\Step3B_FloodZone_Polygons_v0.1.gpkg,绘图支撑数据\Step3B_FloodZone_Polygons_v0.1.gpkg,Step3B_FloodZone_Polygons_v0.1.gpkg,.gpkg,163840,2026-10-05T17:56:25,102b4957ba9d34d10f9a3d05b5a3cf1daa2b2e6e7ef7d6a22484431ccb07fb69,1,False,False,
original,04_Figure_Support_Data,D:\OneDrive\桌面\论文\2027年投稿期刊\论文项目\07_JB医疗可达性_洪水扰动下交通-网络韧性与公平性_SCS_Natural_Hazards\GPT数据\绘图支撑数据\Step3B_FloodZone_Polygons_WGS84.geojson,D:\OneDrive\桌面\论文\2027年投稿期刊\论文项目\07_JB医疗可达性_洪水扰动下交通-网络韧性与公平性_SCS_Natural_Hazards\GPT数据\绘图支撑数据\Step3B_FloodZone_Polygons_WGS84.geojson,绘图支撑数据\Step3B_FloodZone_Polygons_WGS84.geojson,Step3B_FloodZone_Polygons_WGS84.geojson,.geojson,42108,2026-10-05T17:56:26,540cac243cfe0036e70dd437dcf84d7a864d3dc193876786fd92505b02932bb1,1,False,False,
original,04_Figure_Support_Data,D:\OneDrive\桌面\论文\2027年投稿期刊\论文项目\07_JB医疗可达性_洪水扰动下交通-网络韧性与公平性_SCS_Natural_Hazards\GPT数据\绘图支撑数据\Step3B_FloodZone_Style_30pct.qml,D:\OneDrive\桌面\论文\2027年投稿期刊\论文项目\07_JB医疗可达性_洪水扰动下交通-网络韧性与公平性_SCS_Natural_Hazards\GPT数据\绘图支撑数据\Step3B_FloodZone_Style_30pct.qml,绘图支撑数据\Step3B_FloodZone_Style_30pct.qml,Step3B_FloodZone_Style_30pct.qml,.qml,1353,2026-10-05T17:56:28,b0cb984db4b51ec8307b22ad3b409c4ffc34ef97f1e857598ccb9028f8927d85,1,False,False,
original,04_Figure_Support_Data,D:\OneDrive\桌面\论文\2027年投稿期刊\论文项目\07_JB医疗可达性_洪水扰动下交通-网络韧性与公平性_SCS_Natural_Hazards\GPT数据\绘图支撑数据\Step3C_F02_F08_F16_PolygonReview.csv,D:\OneDrive\桌面\论文\2027年投稿期刊\论文项目\07_JB医疗可达性_洪水扰动下交通-网络韧性与公平性_SCS_Natural_Hazards\GPT数据\绘图支撑数据\Step3C_F02_F08_F16_PolygonReview.csv,绘图支撑数据\Step3C_F02_F08_F16_PolygonReview.csv,Step3C_F02_F08_F16_PolygonReview.csv,.csv,1349,2026-10-05T18:04:08,3bcf28cb782f1d76c3a86e511b7dc842cd2e3574a8edecca58dc6d2e49dcdee6,1,False,False,
original,04_Figure_Support_Data,D:\OneDrive\桌面\论文\2027年投稿期刊\论文项目\07_JB医疗可达性_洪水扰动下交通-网络韧性与公平性_SCS_Natural_Hazards\GPT数据\绘图支撑数据\Step3C_Historical_Flood_Zones_RGB_v0.1.gpkg,D:\OneDrive\桌面\论文\2027年投稿期刊\论文项目\07_JB医疗可达性_洪水扰动下交通-网络韧性与公平性_SCS_Natural_Hazards\GPT数据\绘图支撑数据\Step3C_Historical_Flood_Zones_RGB_v0.1.gpkg,绘图支撑数据\Step3C_Historical_Flood_Zones_RGB_v0.1.gpkg,Step3C_Historical_Flood_Zones_RGB_v0.1.gpkg,.gpkg,172032,2026-10-05T18:03:56,63d1068e8bb838337791d55b3fd2421a35d63fc83a1882deb200413a25fa3242,1,False,False,
original,04_Figure_Support_Data,D:\OneDrive\桌面\论文\2027年投稿期刊\论文项目\07_JB医疗可达性_洪水扰动下交通-网络韧性与公平性_SCS_Natural_Hazards\GPT数据\绘图支撑数据\Step3C_Historical_Flood_Zones_RGB_WGS84.geojson,D:\OneDrive\桌面\论文\2027年投稿期刊\论文项目\07_JB医疗可达性_洪水扰动下交通-网络韧性与公平性_SCS_Natural_Hazards\GPT数据\绘图支撑数据\Step3C_Historical_Flood_Zones_RGB_WGS84.geojson,绘图支撑数据\Step3C_Historical_Flood_Zones_RGB_WGS84.geojson,Step3C_Historical_Flood_Zones_RGB_WGS84.geojson,.geojson,48210,2026-10-05T18:03:58,a7a035c6f8a76a95e67b6426df7ce982f2921db24f0171704af062b1b08479f0,1,False,False,
original,04_Figure_Support_Data,D:\OneDrive\桌面\论文\2027年投稿期刊\论文项目\07_JB医疗可达性_洪水扰动下交通-网络韧性与公平性_SCS_Natural_Hazards\GPT数据\绘图支撑数据\Step3C_Historical_Flood_Zone_Metadata.csv,D:\OneDrive\桌面\论文\2027年投稿期刊\论文项目\07_JB医疗可达性_洪水扰动下交通-网络韧性与公平性_SCS_Natural_Hazards\GPT数据\绘图支撑数据\Step3C_Historical_Flood_Zone_Metadata.csv,绘图支撑数据\Step3C_Historical_Flood_Zone_Metadata.csv,Step3C_Historical_Flood_Zone_Metadata.csv,.csv,9114,2026-10-05T18:04:05,61d69b9108c81939deb7f16aa269f61f70e026c0364e90b048e9d7c685fd7c0c,1,False,False,
original,04_Figure_Support_Data,D:\OneDrive\桌面\论文\2027年投稿期刊\论文项目\07_JB医疗可达性_洪水扰动下交通-网络韧性与公平性_SCS_Natural_Hazards\GPT数据\绘图支撑数据\Step3C_MildZone_Candidate_Screening.csv,D:\OneDrive\桌面\论文\2027年投稿期刊\论文项目\07_JB医疗可达性_洪水扰动下交通-网络韧性与公平性_SCS_Natural_Hazards\GPT数据\绘图支撑数据\Step3C_MildZone_Candidate_Screening.csv,绘图支撑数据\Step3C_MildZone_Candidate_Screening.csv,Step3C_MildZone_Candidate_Screening.csv,.csv,1880,2026-10-05T18:04:07,b19f1db36d4f4c4c58487ec3afb81f59716e878c1ed4aca7f712c24f7b60d3ab,1,False,False,
original,04_Figure_Support_Data,D:\OneDrive\桌面\论文\2027年投稿期刊\论文项目\07_JB医疗可达性_洪水扰动下交通-网络韧性与公平性_SCS_Natural_Hazards\GPT数据\绘图支撑数据\Step3C_RGB_30pct.qml,D:\OneDrive\桌面\论文\2027年投稿期刊\论文项目\07_JB医疗可达性_洪水扰动下交通-网络韧性与公平性_SCS_Natural_Hazards\GPT数据\绘图支撑数据\Step3C_RGB_30pct.qml,绘图支撑数据\Step3C_RGB_30pct.qml,Step3C_RGB_30pct.qml,.qml,1248,2026-10-05T18:03:59,b7b3df39c7eb058fe84be3150b045a93ddbfb2e1237470a063d6cca106b41528,1,False,False,
original,04_Figure_Support_Data,D:\OneDrive\桌面\论文\2027年投稿期刊\论文项目\07_JB医疗可达性_洪水扰动下交通-网络韧性与公平性_SCS_Natural_Hazards\GPT数据\绘图支撑数据\Step3_Canonical_Location_Master_v0.1.csv,D:\OneDrive\桌面\论文\2027年投稿期刊\论文项目\07_JB医疗可达性_洪水扰动下交通-网络韧性与公平性_SCS_Natural_Hazards\GPT数据\绘图支撑数据\Step3_Canonical_Location_Master_v0.1.csv,绘图支撑数据\Step3_Canonical_Location_Master_v0.1.csv,Step3_Canonical_Location_Master_v0.1.csv,.csv,36938,2026-10-05T17:44:23,6f3504fa99807cb9300a1133bfc4f033b99b770f35a2cb93a28dddc5aef184c0,1,False,False,
original,04_Figure_Support_Data,D:\OneDrive\桌面\论文\2027年投稿期刊\论文项目\07_JB医疗可达性_洪水扰动下交通-网络韧性与公平性_SCS_Natural_Hazards\GPT数据\绘图支撑数据\Step3_Historical_Locations_GridLink_v0.1.gpkg,D:\OneDrive\桌面\论文\2027年投稿期刊\论文项目\07_JB医疗可达性_洪水扰动下交通-网络韧性与公平性_SCS_Natural_Hazards\GPT数据\绘图支撑数据\Step3_Historical_Locations_GridLink_v0.1.gpkg,绘图支撑数据\Step3_Historical_Locations_GridLink_v0.1.gpkg,Step3_Historical_Locations_GridLink_v0.1.gpkg,.gpkg,1818624,2026-10-05T17:44:26,a05ad563286ed5b44247a4a7aee8c0c0d6145a5257f3417ee0e9396eea4e7a6b,1,False,False,
original,04_Figure_Support_Data,D:\OneDrive\桌面\论文\2027年投稿期刊\论文项目\07_JB医疗可达性_洪水扰动下交通-网络韧性与公平性_SCS_Natural_Hazards\GPT数据\绘图支撑数据\Step3_MultiYear_Overlap_2022_2023_2025.csv,D:\OneDrive\桌面\论文\2027年投稿期刊\论文项目\07_JB医疗可达性_洪水扰动下交通-网络韧性与公平性_SCS_Natural_Hazards\GPT数据\绘图支撑数据\Step3_MultiYear_Overlap_2022_2023_2025.csv,绘图支撑数据\Step3_MultiYear_Overlap_2022_2023_2025.csv,Step3_MultiYear_Overlap_2022_2023_2025.csv,.csv,10023,2026-10-05T17:44:24,bfb5dc3904d2fa69af41bd9877d184501212d1d526593fc8d686753552910073,1,False,False,
original,04_Figure_Support_Data,D:\OneDrive\桌面\论文\2027年投稿期刊\论文项目\07_JB医疗可达性_洪水扰动下交通-网络韧性与公平性_SCS_Natural_Hazards\GPT数据\绘图支撑数据\Step3_TripleOverlap_2022_2023_2025.csv,D:\OneDrive\桌面\论文\2027年投稿期刊\论文项目\07_JB医疗可达性_洪水扰动下交通-网络韧性与公平性_SCS_Natural_Hazards\GPT数据\绘图支撑数据\Step3_TripleOverlap_2022_2023_2025.csv,绘图支撑数据\Step3_TripleOverlap_2022_2023_2025.csv,Step3_TripleOverlap_2022_2023_2025.csv,.csv,2096,2026-10-05T17:44:25,972a38a93fa59eae84a4bc126f35343d512a089d78940e163428cfd01e43193c,1,False,False,
original,04_Figure_Support_Data,D:\OneDrive\桌面\论文\2027年投稿期刊\论文项目\07_JB医疗可达性_洪水扰动下交通-网络韧性与公平性_SCS_Natural_Hazards\GPT数据\绘图支撑数据\Step4_D09_InputExposure_by_Zone.csv,D:\OneDrive\桌面\论文\2027年投稿期刊\论文项目\07_JB医疗可达性_洪水扰动下交通-网络韧性与公平性_SCS_Natural_Hazards\GPT数据\绘图支撑数据\Step4_D09_InputExposure_by_Zone.csv,绘图支撑数据\Step4_D09_InputExposure_by_Zone.csv,Step4_D09_InputExposure_by_Zone.csv,.csv,2225,2026-10-05T18:26:58,7a4932212729ba53cc282cd26dbb2e0d9d5841445afebf71463128718820e5cb,1,False,False,
original,04_Figure_Support_Data,D:\OneDrive\桌面\论文\2027年投稿期刊\论文项目\07_JB医疗可达性_洪水扰动下交通-网络韧性与公平性_SCS_Natural_Hazards\GPT数据\绘图支撑数据\Step4_HistoricalZones_D09_Audit_v1.0.gpkg,D:\OneDrive\桌面\论文\2027年投稿期刊\论文项目\07_JB医疗可达性_洪水扰动下交通-网络韧性与公平性_SCS_Natural_Hazards\GPT数据\绘图支撑数据\Step4_HistoricalZones_D09_Audit_v1.0.gpkg,绘图支撑数据\Step4_HistoricalZones_D09_Audit_v1.0.gpkg,Step4_HistoricalZones_D09_Audit_v1.0.gpkg,.gpkg,180224,2026-10-05T18:26:55,bbbc000b2712cfd0642d3f8b7eac9190fad39c498fd6cd2a5068b29cbc2f0f1b,1,False,False,
original,04_Figure_Support_Data,D:\OneDrive\桌面\论文\2027年投稿期刊\论文项目\07_JB医疗可达性_洪水扰动下交通-网络韧性与公平性_SCS_Natural_Hazards\GPT数据\绘图支撑数据\Step4_HitRate_Robustness_Summary.csv,D:\OneDrive\桌面\论文\2027年投稿期刊\论文项目\07_JB医疗可达性_洪水扰动下交通-网络韧性与公平性_SCS_Natural_Hazards\GPT数据\绘图支撑数据\Step4_HitRate_Robustness_Summary.csv,绘图支撑数据\Step4_HitRate_Robustness_Summary.csv,Step4_HitRate_Robustness_Summary.csv,.csv,1357,2026-10-05T18:26:56,f9c63878932c56aba8f8dc4ef48eaab5e5e47695dea4ee86abc4cf29b820fe86,1,False,False,
original,04_Figure_Support_Data,D:\OneDrive\桌面\论文\2027年投稿期刊\论文项目\07_JB医疗可达性_洪水扰动下交通-网络韧性与公平性_SCS_Natural_Hazards\GPT数据\绘图支撑数据\STEP4_SCIENTIFIC_DECISION.txt,D:\OneDrive\桌面\论文\2027年投稿期刊\论文项目\07_JB医疗可达性_洪水扰动下交通-网络韧性与公平性_SCS_Natural_Hazards\GPT数据\绘图支撑数据\STEP4_SCIENTIFIC_DECISION.txt,绘图支撑数据\STEP4_SCIENTIFIC_DECISION.txt,STEP4_SCIENTIFIC_DECISION.txt,.txt,1135,2026-10-05T18:26:58,19175f1fe00aa0c45afbcda7802e8ae50b898fecfcbadfc251eaaf5a9161313e,1,False,False,
original,04_Figure_Support_Data,D:\OneDrive\桌面\论文\2027年投稿期刊\论文项目\07_JB医疗可达性_洪水扰动下交通-网络韧性与公平性_SCS_Natural_Hazards\GPT数据\绘图支撑数据\Step4_TerrainOnly_IndependentSupport.csv,D:\OneDrive\桌面\论文\2027年投稿期刊\论文项目\07_JB医疗可达性_洪水扰动下交通-网络韧性与公平性_SCS_Natural_Hazards\GPT数据\绘图支撑数据\Step4_TerrainOnly_IndependentSupport.csv,绘图支撑数据\Step4_TerrainOnly_IndependentSupport.csv,Step4_TerrainOnly_IndependentSupport.csv,.csv,1430,2026-10-05T18:26:59,ba873935d2942ec4aec080816845d33c465d0e5ea98257308d76634a0f019fa1,1,False,False,
original,04_Figure_Support_Data,D:\OneDrive\桌面\论文\2027年投稿期刊\论文项目\07_JB医疗可达性_洪水扰动下交通-网络韧性与公平性_SCS_Natural_Hazards\GPT数据\绘图支撑数据\Step4_Zone_D09_Intersection_Metrics.csv,D:\OneDrive\桌面\论文\2027年投稿期刊\论文项目\07_JB医疗可达性_洪水扰动下交通-网络韧性与公平性_SCS_Natural_Hazards\GPT数据\绘图支撑数据\Step4_Zone_D09_Intersection_Metrics.csv,绘图支撑数据\Step4_Zone_D09_Intersection_Metrics.csv,Step4_Zone_D09_Intersection_Metrics.csv,.csv,6299,2026-10-05T18:26:55,ccd7696bdb21b1088148490b4148aff50b2f228a0ed995f491e6dd437840198b,1,False,False,
original,04_Figure_Support_Data,D:\OneDrive\桌面\论文\2027年投稿期刊\论文项目\07_JB医疗可达性_洪水扰动下交通-网络韧性与公平性_SCS_Natural_Hazards\GPT数据\绘图支撑数据\Step5_Zone_PhysicalContext_Metrics.csv,D:\OneDrive\桌面\论文\2027年投稿期刊\论文项目\07_JB医疗可达性_洪水扰动下交通-网络韧性与公平性_SCS_Natural_Hazards\GPT数据\绘图支撑数据\Step5_Zone_PhysicalContext_Metrics.csv,绘图支撑数据\Step5_Zone_PhysicalContext_Metrics.csv,Step5_Zone_PhysicalContext_Metrics.csv,.csv,8311,2026-10-05T20:01:48,2104764c33b52ea94ffff7135cdc50ede7aeebcc11c4772cb4f268a593909e1a,1,False,False,
original,04_Figure_Support_Data,D:\OneDrive\桌面\论文\2027年投稿期刊\论文项目\07_JB医疗可达性_洪水扰动下交通-网络韧性与公平性_SCS_Natural_Hazards\GPT数据\绘图支撑数据\Step6_2023_ExplicitClosure_SpatialAudit.csv,D:\OneDrive\桌面\论文\2027年投稿期刊\论文项目\07_JB医疗可达性_洪水扰动下交通-网络韧性与公平性_SCS_Natural_Hazards\GPT数据\绘图支撑数据\Step6_2023_ExplicitClosure_SpatialAudit.csv,绘图支撑数据\Step6_2023_ExplicitClosure_SpatialAudit.csv,Step6_2023_ExplicitClosure_SpatialAudit.csv,.csv,1101,2026-10-05T20:08:11,b1655185cbdf7ac72b7a06b421eea98cba41f9dd23ce75e521a92ec583c29d59,1,False,False,
original,04_Figure_Support_Data,D:\OneDrive\桌面\论文\2027年投稿期刊\论文项目\07_JB医疗可达性_洪水扰动下交通-网络韧性与公平性_SCS_Natural_Hazards\GPT数据\绘图支撑数据\Step6_2023_RoadZone_Correspondence.csv,D:\OneDrive\桌面\论文\2027年投稿期刊\论文项目\07_JB医疗可达性_洪水扰动下交通-网络韧性与公平性_SCS_Natural_Hazards\GPT数据\绘图支撑数据\Step6_2023_RoadZone_Correspondence.csv,绘图支撑数据\Step6_2023_RoadZone_Correspondence.csv,Step6_2023_RoadZone_Correspondence.csv,.csv,1659,2026-10-05T20:08:10,81cced32214a18ba6d9f23e1bf373c37c818c501268bea1dbb71d32b6ca47e1d,1,False,False,
original,04_Figure_Support_Data,D:\OneDrive\桌面\论文\2027年投稿期刊\论文项目\07_JB医疗可达性_洪水扰动下交通-网络韧性与公平性_SCS_Natural_Hazards\GPT数据\绘图支撑数据\Step6_2025_JKR_ObservedDisruption_Correspondence.csv,D:\OneDrive\桌面\论文\2027年投稿期刊\论文项目\07_JB医疗可达性_洪水扰动下交通-网络韧性与公平性_SCS_Natural_Hazards\GPT数据\绘图支撑数据\Step6_2025_JKR_ObservedDisruption_Correspondence.csv,绘图支撑数据\Step6_2025_JKR_ObservedDisruption_Correspondence.csv,Step6_2025_JKR_ObservedDisruption_Correspondence.csv,.csv,1478,2026-10-05T20:08:10,adea8c1433ef4f49dc242998daa38618ae4c5eabf8de8e7806e095eb4355bf37,1,False,False,
original,04_Figure_Support_Data,D:\OneDrive\桌面\论文\2027年投稿期刊\论文项目\07_JB医疗可达性_洪水扰动下交通-网络韧性与公平性_SCS_Natural_Hazards\GPT数据\绘图支撑数据\Step6_RoadDisruption_Validation_v1.0.gpkg,D:\OneDrive\桌面\论文\2027年投稿期刊\论文项目\07_JB医疗可达性_洪水扰动下交通-网络韧性与公平性_SCS_Natural_Hazards\GPT数据\绘图支撑数据\Step6_RoadDisruption_Validation_v1.0.gpkg,绘图支撑数据\Step6_RoadDisruption_Validation_v1.0.gpkg,Step6_RoadDisruption_Validation_v1.0.gpkg,.gpkg,266240,2026-10-05T20:08:03,ce63ccf509abda621cadb9534a4e81557572579cff031197cc327d0aacd8a19b,1,False,False,
original,04_Figure_Support_Data,D:\OneDrive\桌面\论文\2027年投稿期刊\论文项目\07_JB医疗可达性_洪水扰动下交通-网络韧性与公平性_SCS_Natural_Hazards\GPT数据\绘图支撑数据\Step6_Validation_Summary.csv,D:\OneDrive\桌面\论文\2027年投稿期刊\论文项目\07_JB医疗可达性_洪水扰动下交通-网络韧性与公平性_SCS_Natural_Hazards\GPT数据\绘图支撑数据\Step6_Validation_Summary.csv,绘图支撑数据\Step6_Validation_Summary.csv,Step6_Validation_Summary.csv,.csv,582,2026-10-05T20:08:12,470ad66d00f00fe458c87ff136f72c04769844094b48bed5b264a49fa371de24,1,False,False,
original,04_Figure_Support_Data,D:\OneDrive\桌面\论文\2027年投稿期刊\论文项目\07_JB医疗可达性_洪水扰动下交通-网络韧性与公平性_SCS_Natural_Hazards\GPT数据\绘图支撑数据\Step7_Claim_Evidence_Matrix.csv,D:\OneDrive\桌面\论文\2027年投稿期刊\论文项目\07_JB医疗可达性_洪水扰动下交通-网络韧性与公平性_SCS_Natural_Hazards\GPT数据\绘图支撑数据\Step7_Claim_Evidence_Matrix.csv,绘图支撑数据\Step7_Claim_Evidence_Matrix.csv,Step7_Claim_Evidence_Matrix.csv,.csv,1796,2026-10-05T20:15:59,95e4fd31115c67b7478fe54666349a8ed527918a45cb73539efe8ad78f2914c0,1,False,False,
original,04_Figure_Support_Data,D:\OneDrive\桌面\论文\2027年投稿期刊\论文项目\07_JB医疗可达性_洪水扰动下交通-网络韧性与公平性_SCS_Natural_Hazards\GPT数据\绘图支撑数据\Step7_Core_Healthcare_Accessibility_Results.csv,D:\OneDrive\桌面\论文\2027年投稿期刊\论文项目\07_JB医疗可达性_洪水扰动下交通-网络韧性与公平性_SCS_Natural_Hazards\GPT数据\绘图支撑数据\Step7_Core_Healthcare_Accessibility_Results.csv,绘图支撑数据\Step7_Core_Healthcare_Accessibility_Results.csv,Step7_Core_Healthcare_Accessibility_Results.csv,.csv,995,2026-10-05T20:15:59,2616c1e93df9c5364e1aceab4587f594b2dab0f32b2e8df302558b148ace8af3,1,False,False,
original,04_Figure_Support_Data,D:\OneDrive\桌面\论文\2027年投稿期刊\论文项目\07_JB医疗可达性_洪水扰动下交通-网络韧性与公平性_SCS_Natural_Hazards\GPT数据\绘图支撑数据\Step7_MAR20_27Combination_Sensitivity.csv,D:\OneDrive\桌面\论文\2027年投稿期刊\论文项目\07_JB医疗可达性_洪水扰动下交通-网络韧性与公平性_SCS_Natural_Hazards\GPT数据\绘图支撑数据\Step7_MAR20_27Combination_Sensitivity.csv,绘图支撑数据\Step7_MAR20_27Combination_Sensitivity.csv,Step7_MAR20_27Combination_Sensitivity.csv,.csv,6683,2026-10-05T20:16:01,0971e2d07f26e03805122d8ee69cfe0284954b1f0c215793c93b739e35aa4c22,1,False,False,
original,04_Figure_Support_Data,D:\OneDrive\桌面\论文\2027年投稿期刊\论文项目\07_JB医疗可达性_洪水扰动下交通-网络韧性与公平性_SCS_Natural_Hazards\GPT数据\绘图支撑数据\Step7_Road_Recovery_Benefit_and_Efficiency.csv,D:\OneDrive\桌面\论文\2027年投稿期刊\论文项目\07_JB医疗可达性_洪水扰动下交通-网络韧性与公平性_SCS_Natural_Hazards\GPT数据\绘图支撑数据\Step7_Road_Recovery_Benefit_and_Efficiency.csv,绘图支撑数据\Step7_Road_Recovery_Benefit_and_Efficiency.csv,Step7_Road_Recovery_Benefit_and_Efficiency.csv,.csv,1015,2026-10-05T20:16:02,317f947792e9817bcb099de4d9162dfa28d4088ff54003e9166ae4f38d77e15a,1,False,False,
original,04_Figure_Support_Data,D:\OneDrive\桌面\论文\2027年投稿期刊\论文项目\07_JB医疗可达性_洪水扰动下交通-网络韧性与公平性_SCS_Natural_Hazards\GPT数据\绘图支撑数据\Step7_SingleRoad_Attribution.csv,D:\OneDrive\桌面\论文\2027年投稿期刊\论文项目\07_JB医疗可达性_洪水扰动下交通-网络韧性与公平性_SCS_Natural_Hazards\GPT数据\绘图支撑数据\Step7_SingleRoad_Attribution.csv,绘图支撑数据\Step7_SingleRoad_Attribution.csv,Step7_SingleRoad_Attribution.csv,.csv,1709,2026-10-05T20:16:02,5fd549a0f2f80736bfba403d89ff59ec80b5ff1c8b142fe5c281c3be57a2ab76,1,False,False,
original,04_Figure_Support_Data,D:\OneDrive\桌面\论文\2027年投稿期刊\论文项目\07_JB医疗可达性_洪水扰动下交通-网络韧性与公平性_SCS_Natural_Hazards\GPT数据\绘图支撑数据\Step7_Subdistrict_Impact.csv,D:\OneDrive\桌面\论文\2027年投稿期刊\论文项目\07_JB医疗可达性_洪水扰动下交通-网络韧性与公平性_SCS_Natural_Hazards\GPT数据\绘图支撑数据\Step7_Subdistrict_Impact.csv,绘图支撑数据\Step7_Subdistrict_Impact.csv,Step7_Subdistrict_Impact.csv,.csv,1063,2026-10-05T20:16:01,184a40b262cede10c15c961fd3f68d8ee71223f1d0b4d7db386762f5fe4f16da,1,False,False,
original,04_Figure_Support_Data,D:\OneDrive\桌面\论文\2027年投稿期刊\论文项目\07_JB医疗可达性_洪水扰动下交通-网络韧性与公平性_SCS_Natural_Hazards\GPT数据\绘图支撑数据\JB_STEP5A2_ExecutionKit_v0.2\FILE_MANIFEST_SHA256.csv,D:\OneDrive\桌面\论文\2027年投稿期刊\论文项目\07_JB医疗可达性_洪水扰动下交通-网络韧性与公平性_SCS_Natural_Hazards\GPT数据\绘图支撑数据\JB_STEP5A2_ExecutionKit_v0.2\FILE_MANIFEST_SHA256.csv,绘图支撑数据\JB_STEP5A2_ExecutionKit_v0.2\FILE_MANIFEST_SHA256.csv,FILE_MANIFEST_SHA256.csv,.csv,1823,2026-10-05T10:57:00,bf463a9c4b332c63a69a7bd647331785de4aea620d5a31332b51087bdee0e990,4,False,False,
original,04_Figure_Support_Data,D:\OneDrive\桌面\论文\2027年投稿期刊\论文项目\07_JB医疗可达性_洪水扰动下交通-网络韧性与公平性_SCS_Natural_Hazards\GPT数据\绘图支撑数据\JB_STEP5A2_ExecutionKit_v0.2\00_README\README_STEP5A2_EXECUTION_v0.2.md,D:\OneDrive\桌面\论文\2027年投稿期刊\论文项目\07_JB医疗可达性_洪水扰动下交通-网络韧性与公平性_SCS_Natural_Hazards\GPT数据\绘图支撑数据\JB_STEP5A2_ExecutionKit_v0.2\00_README\README_STEP5A2_EXECUTION_v0.2.md,绘图支撑数据\JB_STEP5A2_ExecutionKit_v0.2\00_README\README_STEP5A2_EXECUTION_v0.2.md,README_STEP5A2_EXECUTION_v0.2.md,.md,1006,2026-10-05T10:57:00,50e406ae59fcaecc937d36d130bdb042c9ec5573f10e08fdaaf30eea6c29d34b,1,False,False,
original,04_Figure_Support_Data,D:\OneDrive\桌面\论文\2027年投稿期刊\论文项目\07_JB医疗可达性_洪水扰动下交通-网络韧性与公平性_SCS_Natural_Hazards\GPT数据\绘图支撑数据\JB_STEP5A2_ExecutionKit_v0.2\00_README\RUN_ORDER.txt,D:\OneDrive\桌面\论文\2027年投稿期刊\论文项目\07_JB医疗可达性_洪水扰动下交通-网络韧性与公平性_SCS_Natural_Hazards\GPT数据\绘图支撑数据\JB_STEP5A2_ExecutionKit_v0.2\00_README\RUN_ORDER.txt,绘图支撑数据\JB_STEP5A2_ExecutionKit_v0.2\00_README\RUN_ORDER.txt,RUN_ORDER.txt,.txt,722,2026-10-05T10:57:00,e521fd1d265bdce8ee53f36a72859d238bcf39875fbdb7d4b3b4351dac9a8870,1,False,False,
original,04_Figure_Support_Data,D:\OneDrive\桌面\论文\2027年投稿期刊\论文项目\07_JB医疗可达性_洪水扰动下交通-网络韧性与公平性_SCS_Natural_Hazards\GPT数据\绘图支撑数据\JB_STEP5A2_ExecutionKit_v0.2\01_WORLDCOVER\download_and_clip_worldcover.py,D:\OneDrive\桌面\论文\2027年投稿期刊\论文项目\07_JB医疗可达性_洪水扰动下交通-网络韧性与公平性_SCS_Natural_Hazards\GPT数据\绘图支撑数据\JB_STEP5A2_ExecutionKit_v0.2\01_WORLDCOVER\download_and_clip_worldcover.py,绘图支撑数据\JB_STEP5A2_ExecutionKit_v0.2\01_WORLDCOVER\download_and_clip_worldcover.py,download_and_clip_worldcover.py,.py,2249,2026-10-05T10:57:00,f997931b113fdb3434149ac3f994dd2c74511bec961f058bda81117448c54c4d,1,False,False,
original,04_Figure_Support_Data,D:\OneDrive\桌面\论文\2027年投稿期刊\论文项目\07_JB医疗可达性_洪水扰动下交通-网络韧性与公平性_SCS_Natural_Hazards\GPT数据\绘图支撑数据\JB_STEP5A2_ExecutionKit_v0.2\01_WORLDCOVER\ESA_WorldCover_10m_2021_v200_N00E102_Map.tif,D:\OneDrive\桌面\论文\2027年投稿期刊\论文项目\07_JB医疗可达性_洪水扰动下交通-网络韧性与公平性_SCS_Natural_Hazards\GPT数据\绘图支撑数据\JB_STEP5A2_ExecutionKit_v0.2\01_WORLDCOVER\ESA_WorldCover_10m_2021_v200_N00E102_Map.tif,绘图支撑数据\JB_STEP5A2_ExecutionKit_v0.2\01_WORLDCOVER\ESA_WorldCover_10m_2021_v200_N00E102_Map.tif,ESA_WorldCover_10m_2021_v200_N00E102_Map.tif,.tif,36505930,2026-10-05T19:01:36,24f5c220bc195e2d9e136666901cafad26b8e16790ac19a9a6d7016199c1bfdf,1,False,False,
original,04_Figure_Support_Data,D:\OneDrive\桌面\论文\2027年投稿期刊\论文项目\07_JB医疗可达性_洪水扰动下交通-网络韧性与公平性_SCS_Natural_Hazards\GPT数据\绘图支撑数据\JB_STEP5A2_ExecutionKit_v0.2\01_WORLDCOVER\JB_District_Boundary_MyGDI_WGS84.geojson,D:\OneDrive\桌面\论文\2027年投稿期刊\论文项目\07_JB医疗可达性_洪水扰动下交通-网络韧性与公平性_SCS_Natural_Hazards\GPT数据\绘图支撑数据\JB_STEP5A2_ExecutionKit_v0.2\01_WORLDCOVER\JB_District_Boundary_MyGDI_WGS84.geojson,绘图支撑数据\JB_STEP5A2_ExecutionKit_v0.2\01_WORLDCOVER\JB_District_Boundary_MyGDI_WGS84.geojson,JB_District_Boundary_MyGDI_WGS84.geojson,.geojson,34489,2026-10-04T16:54:59,58192628dffbea2415c7d5c996415a0a7838a5a4b9f156a8e4c7d3f4d3c6b524,3,False,False,
original,04_Figure_Support_Data,D:\OneDrive\桌面\论文\2027年投稿期刊\论文项目\07_JB医疗可达性_洪水扰动下交通-网络韧性与公平性_SCS_Natural_Hazards\GPT数据\绘图支撑数据\JB_STEP5A2_ExecutionKit_v0.2\01_WORLDCOVER\JB_WorldCover_2021_v200_WGS84.tif,D:\OneDrive\桌面\论文\2027年投稿期刊\论文项目\07_JB医疗可达性_洪水扰动下交通-网络韧性与公平性_SCS_Natural_Hazards\GPT数据\绘图支撑数据\JB_STEP5A2_ExecutionKit_v0.2\01_WORLDCOVER\JB_WorldCover_2021_v200_WGS84.tif,绘图支撑数据\JB_STEP5A2_ExecutionKit_v0.2\01_WORLDCOVER\JB_WorldCover_2021_v200_WGS84.tif,JB_WorldCover_2021_v200_WGS84.tif,.tif,962248,2026-10-05T19:01:37,74b295a4f3b3242d8a1dec88b6e4d24a14c0aecd56aa02e387ea69fe33ca5eeb,1,False,False,
original,04_Figure_Support_Data,D:\OneDrive\桌面\论文\2027年投稿期刊\论文项目\07_JB医疗可达性_洪水扰动下交通-网络韧性与公平性_SCS_Natural_Hazards\GPT数据\绘图支撑数据\JB_STEP5A2_ExecutionKit_v0.2\01_WORLDCOVER\RUN_WORLDCOVER_WINDOWS.bat,D:\OneDrive\桌面\论文\2027年投稿期刊\论文项目\07_JB医疗可达性_洪水扰动下交通-网络韧性与公平性_SCS_Natural_Hazards\GPT数据\绘图支撑数据\JB_STEP5A2_ExecutionKit_v0.2\01_WORLDCOVER\RUN_WORLDCOVER_WINDOWS.bat,绘图支撑数据\JB_STEP5A2_ExecutionKit_v0.2\01_WORLDCOVER\RUN_WORLDCOVER_WINDOWS.bat,RUN_WORLDCOVER_WINDOWS.bat,.bat,284,2026-10-05T10:57:00,651477f4500eedd0e40eb3aec421bc7ca8bf635de5047b7ba2611816aaadc8ab,1,False,False,
original,04_Figure_Support_Data,D:\OneDrive\桌面\论文\2027年投稿期刊\论文项目\07_JB医疗可达性_洪水扰动下交通-网络韧性与公平性_SCS_Natural_Hazards\GPT数据\绘图支撑数据\JB_STEP5A2_ExecutionKit_v0.2\01_WORLDCOVER\WorldCover_SHA256.txt,D:\OneDrive\桌面\论文\2027年投稿期刊\论文项目\07_JB医疗可达性_洪水扰动下交通-网络韧性与公平性_SCS_Natural_Hazards\GPT数据\绘图支撑数据\JB_STEP5A2_ExecutionKit_v0.2\01_WORLDCOVER\WorldCover_SHA256.txt,绘图支撑数据\JB_STEP5A2_ExecutionKit_v0.2\01_WORLDCOVER\WorldCover_SHA256.txt,WorldCover_SHA256.txt,.txt,112,2026-10-05T19:01:36,5a239a208d41d7a57eee74ef3fd2cab34332743b284265a915f6332000fd3076,1,False,False,
original,04_Figure_Support_Data,D:\OneDrive\桌面\论文\2027年投稿期刊\论文项目\07_JB医疗可达性_洪水扰动下交通-网络韧性与公平性_SCS_Natural_Hazards\GPT数据\绘图支撑数据\JB_STEP5A2_ExecutionKit_v0.2\01_WORLDCOVER\WorldCover_Source_Lock.csv,D:\OneDrive\桌面\论文\2027年投稿期刊\论文项目\07_JB医疗可达性_洪水扰动下交通-网络韧性与公平性_SCS_Natural_Hazards\GPT数据\绘图支撑数据\JB_STEP5A2_ExecutionKit_v0.2\01_WORLDCOVER\WorldCover_Source_Lock.csv,绘图支撑数据\JB_STEP5A2_ExecutionKit_v0.2\01_WORLDCOVER\WorldCover_Source_Lock.csv,WorldCover_Source_Lock.csv,.csv,358,2026-10-05T10:57:00,ad7b0fbe83e999ed6477c021de12731012943d0708d0c60941fd79b665c2c8ff,1,False,False,
original,04_Figure_Support_Data,D:\OneDrive\桌面\论文\2027年投稿期刊\论文项目\07_JB医疗可达性_洪水扰动下交通-网络韧性与公平性_SCS_Natural_Hazards\GPT数据\绘图支撑数据\JB_STEP5A2_ExecutionKit_v0.2\02_IMERG\download_gesdisc_links.py,D:\OneDrive\桌面\论文\2027年投稿期刊\论文项目\07_JB医疗可达性_洪水扰动下交通-网络韧性与公平性_SCS_Natural_Hazards\GPT数据\绘图支撑数据\JB_STEP5A2_ExecutionKit_v0.2\02_IMERG\download_gesdisc_links.py,绘图支撑数据\JB_STEP5A2_ExecutionKit_v0.2\02_IMERG\download_gesdisc_links.py,download_gesdisc_links.py,.py,2742,2026-10-05T10:57:00,1b9840a06b02aafe2c801cc1dd92dd8c4358c477d3eaec44f91ba54bd00fbf83,1,False,False,
original,04_Figure_Support_Data,D:\OneDrive\桌面\论文\2027年投稿期刊\论文项目\07_JB医疗可达性_洪水扰动下交通-网络韧性与公平性_SCS_Natural_Hazards\GPT数据\绘图支撑数据\JB_STEP5A2_ExecutionKit_v0.2\02_IMERG\IMERG_v07B_Acquisition_Spec_CORRECTED.csv,D:\OneDrive\桌面\论文\2027年投稿期刊\论文项目\07_JB医疗可达性_洪水扰动下交通-网络韧性与公平性_SCS_Natural_Hazards\GPT数据\绘图支撑数据\JB_STEP5A2_ExecutionKit_v0.2\02_IMERG\IMERG_v07B_Acquisition_Spec_CORRECTED.csv,绘图支撑数据\JB_STEP5A2_ExecutionKit_v0.2\02_IMERG\IMERG_v07B_Acquisition_Spec_CORRECTED.csv,IMERG_v07B_Acquisition_Spec_CORRECTED.csv,.csv,590,2026-10-05T10:57:00,d44a866276082cdb8e6c52d7cc52378d9a95ca948730606a6c2be11350f17a22,1,False,False,
original,04_Figure_Support_Data,D:\OneDrive\桌面\论文\2027年投稿期刊\论文项目\07_JB医疗可达性_洪水扰动下交通-网络韧性与公平性_SCS_Natural_Hazards\GPT数据\绘图支撑数据\JB_STEP5A2_ExecutionKit_v0.2\02_IMERG\netrc_TEMPLATE_DO_NOT_UPLOAD.txt,D:\OneDrive\桌面\论文\2027年投稿期刊\论文项目\07_JB医疗可达性_洪水扰动下交通-网络韧性与公平性_SCS_Natural_Hazards\GPT数据\绘图支撑数据\JB_STEP5A2_ExecutionKit_v0.2\02_IMERG\netrc_TEMPLATE_DO_NOT_UPLOAD.txt,绘图支撑数据\JB_STEP5A2_ExecutionKit_v0.2\02_IMERG\netrc_TEMPLATE_DO_NOT_UPLOAD.txt,netrc_TEMPLATE_DO_NOT_UPLOAD.txt,.txt,94,2026-10-05T10:57:00,d9f8a3279269e837925e2a6e166128243abecb9da00e30901f2472a6bfdc3a98,1,False,False,
original,04_Figure_Support_Data,D:\OneDrive\桌面\论文\2027年投稿期刊\论文项目\07_JB医疗可达性_洪水扰动下交通-网络韧性与公平性_SCS_Natural_Hazards\GPT数据\绘图支撑数据\JB_STEP5A2_ExecutionKit_v0.2\02_IMERG\README_IMERG_V07B_CORRECTED.md,D:\OneDrive\桌面\论文\2027年投稿期刊\论文项目\07_JB医疗可达性_洪水扰动下交通-网络韧性与公平性_SCS_Natural_Hazards\GPT数据\绘图支撑数据\JB_STEP5A2_ExecutionKit_v0.2\02_IMERG\README_IMERG_V07B_CORRECTED.md,绘图支撑数据\JB_STEP5A2_ExecutionKit_v0.2\02_IMERG\README_IMERG_V07B_CORRECTED.md,README_IMERG_V07B_CORRECTED.md,.md,1224,2026-10-05T10:57:00,1bb0ce6ee4d96987d8e91d808f589164b39536b60c2a0e5000c29cb85998f25d,1,False,False,
original,04_Figure_Support_Data,D:\OneDrive\桌面\论文\2027年投稿期刊\论文项目\07_JB医疗可达性_洪水扰动下交通-网络韧性与公平性_SCS_Natural_Hazards\GPT数据\绘图支撑数据\JB_STEP5A2_ExecutionKit_v0.2\03_OSM_HYDROGRAPHY\extract_osm_hydrography_pyrosm.py,D:\OneDrive\桌面\论文\2027年投稿期刊\论文项目\07_JB医疗可达性_洪水扰动下交通-网络韧性与公平性_SCS_Natural_Hazards\GPT数据\绘图支撑数据\JB_STEP5A2_ExecutionKit_v0.2\03_OSM_HYDROGRAPHY\extract_osm_hydrography_pyrosm.py,绘图支撑数据\JB_STEP5A2_ExecutionKit_v0.2\03_OSM_HYDROGRAPHY\extract_osm_hydrography_pyrosm.py,extract_osm_hydrography_pyrosm.py,.py,3595,2026-10-05T10:57:00,045c92a7631d64514df69523b74421a7276b1f2f49fd4a1a6c664832dd64e162,1,False,False,
original,04_Figure_Support_Data,D:\OneDrive\桌面\论文\2027年投稿期刊\论文项目\07_JB医疗可达性_洪水扰动下交通-网络韧性与公平性_SCS_Natural_Hazards\GPT数据\绘图支撑数据\JB_STEP5A2_ExecutionKit_v0.2\03_OSM_HYDROGRAPHY\JB_District_Boundary_MyGDI_WGS84.geojson,D:\OneDrive\桌面\论文\2027年投稿期刊\论文项目\07_JB医疗可达性_洪水扰动下交通-网络韧性与公平性_SCS_Natural_Hazards\GPT数据\绘图支撑数据\JB_STEP5A2_ExecutionKit_v0.2\03_OSM_HYDROGRAPHY\JB_District_Boundary_MyGDI_WGS84.geojson,绘图支撑数据\JB_STEP5A2_ExecutionKit_v0.2\03_OSM_HYDROGRAPHY\JB_District_Boundary_MyGDI_WGS84.geojson,JB_District_Boundary_MyGDI_WGS84.geojson,.geojson,34489,2026-10-04T16:54:59,58192628dffbea2415c7d5c996415a0a7838a5a4b9f156a8e4c7d3f4d3c6b524,3,False,False,
original,04_Figure_Support_Data,D:\OneDrive\桌面\论文\2027年投稿期刊\论文项目\07_JB医疗可达性_洪水扰动下交通-网络韧性与公平性_SCS_Natural_Hazards\GPT数据\绘图支撑数据\JB_STEP5A2_ExecutionKit_v0.2\03_OSM_HYDROGRAPHY\JB_OSM_Hydrography_EPSG3377.gpkg,D:\OneDrive\桌面\论文\2027年投稿期刊\论文项目\07_JB医疗可达性_洪水扰动下交通-网络韧性与公平性_SCS_Natural_Hazards\GPT数据\绘图支撑数据\JB_STEP5A2_ExecutionKit_v0.2\03_OSM_HYDROGRAPHY\JB_OSM_Hydrography_EPSG3377.gpkg,绘图支撑数据\JB_STEP5A2_ExecutionKit_v0.2\03_OSM_HYDROGRAPHY\JB_OSM_Hydrography_EPSG3377.gpkg,JB_OSM_Hydrography_EPSG3377.gpkg,.gpkg,937984,2026-10-05T19:08:31,fcf812799a26aed3450d328a36d8e65cbe0e49ba044f8adbc145cf8a0942db4a,1,False,False,
original,04_Figure_Support_Data,D:\OneDrive\桌面\论文\2027年投稿期刊\论文项目\07_JB医疗可达性_洪水扰动下交通-网络韧性与公平性_SCS_Natural_Hazards\GPT数据\绘图支撑数据\JB_STEP5A2_ExecutionKit_v0.2\03_OSM_HYDROGRAPHY\JB_OSM_Hydrography_QC.csv,D:\OneDrive\桌面\论文\2027年投稿期刊\论文项目\07_JB医疗可达性_洪水扰动下交通-网络韧性与公平性_SCS_Natural_Hazards\GPT数据\绘图支撑数据\JB_STEP5A2_ExecutionKit_v0.2\03_OSM_HYDROGRAPHY\JB_OSM_Hydrography_QC.csv,绘图支撑数据\JB_STEP5A2_ExecutionKit_v0.2\03_OSM_HYDROGRAPHY\JB_OSM_Hydrography_QC.csv,JB_OSM_Hydrography_QC.csv,.csv,222,2026-10-05T19:08:31,66000d8b0afcc02a6314089b119bfab9962a6b8c7abcb43fc7e56c5cc58606b2,1,False,False,
original,04_Figure_Support_Data,D:\OneDrive\桌面\论文\2027年投稿期刊\论文项目\07_JB医疗可达性_洪水扰动下交通-网络韧性与公平性_SCS_Natural_Hazards\GPT数据\绘图支撑数据\JB_STEP5A2_ExecutionKit_v0.2\03_OSM_HYDROGRAPHY\JB_OSM_Hydrography_WGS84.gpkg,D:\OneDrive\桌面\论文\2027年投稿期刊\论文项目\07_JB医疗可达性_洪水扰动下交通-网络韧性与公平性_SCS_Natural_Hazards\GPT数据\绘图支撑数据\JB_STEP5A2_ExecutionKit_v0.2\03_OSM_HYDROGRAPHY\JB_OSM_Hydrography_WGS84.gpkg,绘图支撑数据\JB_STEP5A2_ExecutionKit_v0.2\03_OSM_HYDROGRAPHY\JB_OSM_Hydrography_WGS84.gpkg,JB_OSM_Hydrography_WGS84.gpkg,.gpkg,937984,2026-10-05T19:08:31,fe843e7d57316ec5ecdc7ede85ea64ef09999f0a9fe6ace926e2d0e3ef63ef6b,1,False,False,
original,04_Figure_Support_Data,D:\OneDrive\桌面\论文\2027年投稿期刊\论文项目\07_JB医疗可达性_洪水扰动下交通-网络韧性与公平性_SCS_Natural_Hazards\GPT数据\绘图支撑数据\JB_STEP5A2_ExecutionKit_v0.2\03_OSM_HYDROGRAPHY\malaysia-singapore-brunei-261003.osm.pbf,D:\OneDrive\桌面\论文\2027年投稿期刊\论文项目\07_JB医疗可达性_洪水扰动下交通-网络韧性与公平性_SCS_Natural_Hazards\GPT数据\绘图支撑数据\JB_STEP5A2_ExecutionKit_v0.2\03_OSM_HYDROGRAPHY\malaysia-singapore-brunei-261003.osm.pbf,绘图支撑数据\JB_STEP5A2_ExecutionKit_v0.2\03_OSM_HYDROGRAPHY\malaysia-singapore-brunei-261003.osm.pbf,malaysia-singapore-brunei-261003.osm.pbf,.pbf,251629147,2026-10-04T18:34:51,33174694771c7bc3b34cf740497a46a371b4acd6bd1e2fdff7e9052a659039df,2,False,False,
original,04_Figure_Support_Data,D:\OneDrive\桌面\论文\2027年投稿期刊\论文项目\07_JB医疗可达性_洪水扰动下交通-网络韧性与公平性_SCS_Natural_Hazards\GPT数据\绘图支撑数据\JB_STEP5A2_ExecutionKit_v0.2\03_OSM_HYDROGRAPHY\OSMIUM_ALTERNATIVE.txt,D:\OneDrive\桌面\论文\2027年投稿期刊\论文项目\07_JB医疗可达性_洪水扰动下交通-网络韧性与公平性_SCS_Natural_Hazards\GPT数据\绘图支撑数据\JB_STEP5A2_ExecutionKit_v0.2\03_OSM_HYDROGRAPHY\OSMIUM_ALTERNATIVE.txt,绘图支撑数据\JB_STEP5A2_ExecutionKit_v0.2\03_OSM_HYDROGRAPHY\OSMIUM_ALTERNATIVE.txt,OSMIUM_ALTERNATIVE.txt,.txt,435,2026-10-05T10:57:00,0a1dcc5e57ed9e8064fbd3993fa88df3f324124f6dfcf45b7e766236eef45f6c,1,False,False,
original,04_Figure_Support_Data,D:\OneDrive\桌面\论文\2027年投稿期刊\论文项目\07_JB医疗可达性_洪水扰动下交通-网络韧性与公平性_SCS_Natural_Hazards\GPT数据\绘图支撑数据\JB_STEP5A2_ExecutionKit_v0.2\03_OSM_HYDROGRAPHY\RUN_OSM_HYDROGRAPHY_WINDOWS.bat,D:\OneDrive\桌面\论文\2027年投稿期刊\论文项目\07_JB医疗可达性_洪水扰动下交通-网络韧性与公平性_SCS_Natural_Hazards\GPT数据\绘图支撑数据\JB_STEP5A2_ExecutionKit_v0.2\03_OSM_HYDROGRAPHY\RUN_OSM_HYDROGRAPHY_WINDOWS.bat,绘图支撑数据\JB_STEP5A2_ExecutionKit_v0.2\03_OSM_HYDROGRAPHY\RUN_OSM_HYDROGRAPHY_WINDOWS.bat,RUN_OSM_HYDROGRAPHY_WINDOWS.bat,.bat,303,2026-10-05T10:57:00,64f826afa125c4d6b10dd3e78894ca8a1a0ca9c679ee0fc39c6da54c94912ccd,1,False,False,
original,04_Figure_Support_Data,D:\OneDrive\桌面\论文\2027年投稿期刊\论文项目\07_JB医疗可达性_洪水扰动下交通-网络韧性与公平性_SCS_Natural_Hazards\GPT数据\绘图支撑数据\JB_STEP5A2_ExecutionKit_v0.2\04_JPS_REQUEST_STATUS\JPS_Request_Status.csv,D:\OneDrive\桌面\论文\2027年投稿期刊\论文项目\07_JB医疗可达性_洪水扰动下交通-网络韧性与公平性_SCS_Natural_Hazards\GPT数据\绘图支撑数据\JB_STEP5A2_ExecutionKit_v0.2\04_JPS_REQUEST_STATUS\JPS_Request_Status.csv,绘图支撑数据\JB_STEP5A2_ExecutionKit_v0.2\04_JPS_REQUEST_STATUS\JPS_Request_Status.csv,JPS_Request_Status.csv,.csv,449,2026-10-05T10:57:00,569032aea4e7e12a3418cab84443f48f044ab25d81eb1abd78d03b472c9024bf,1,False,False,
original,04_Figure_Support_Data,D:\OneDrive\桌面\论文\2027年投稿期刊\论文项目\07_JB医疗可达性_洪水扰动下交通-网络韧性与公平性_SCS_Natural_Hazards\GPT数据\绘图支撑数据\JB_STEP5A2_ExecutionKit_v0.2\05_QC_TEMPLATES\Step5A2_LocalExecution_QC_Template.csv,D:\OneDrive\桌面\论文\2027年投稿期刊\论文项目\07_JB医疗可达性_洪水扰动下交通-网络韧性与公平性_SCS_Natural_Hazards\GPT数据\绘图支撑数据\JB_STEP5A2_ExecutionKit_v0.2\05_QC_TEMPLATES\Step5A2_LocalExecution_QC_Template.csv,绘图支撑数据\JB_STEP5A2_ExecutionKit_v0.2\05_QC_TEMPLATES\Step5A2_LocalExecution_QC_Template.csv,Step5A2_LocalExecution_QC_Template.csv,.csv,430,2026-10-05T10:57:00,e9636ffc671d101f2c5e01069b2c8857492f2d694320df8413122211fccc3306,1,False,False,
original,04_Figure_Support_Data,D:\OneDrive\桌面\论文\2027年投稿期刊\论文项目\07_JB医疗可达性_洪水扰动下交通-网络韧性与公平性_SCS_Natural_Hazards\GPT数据\绘图支撑数据\JB_STEP5A2_ExecutionKit_v0.2\06_METADATA\Step5A2_v0.2_Status.csv,D:\OneDrive\桌面\论文\2027年投稿期刊\论文项目\07_JB医疗可达性_洪水扰动下交通-网络韧性与公平性_SCS_Natural_Hazards\GPT数据\绘图支撑数据\JB_STEP5A2_ExecutionKit_v0.2\06_METADATA\Step5A2_v0.2_Status.csv,绘图支撑数据\JB_STEP5A2_ExecutionKit_v0.2\06_METADATA\Step5A2_v0.2_Status.csv,Step5A2_v0.2_Status.csv,.csv,636,2026-10-05T10:57:00,38720674c29d79a78cefa2aa55256ef57b2f1d1fe50cb54faf9799050729c5a5,1,False,False,
original,04_Figure_Support_Data,D:\OneDrive\桌面\论文\2027年投稿期刊\论文项目\07_JB医疗可达性_洪水扰动下交通-网络韧性与公平性_SCS_Natural_Hazards\GPT数据\绘图支撑数据\JB_STEP5A2_ExecutionKit_v0.2\06_METADATA\Step5A2_v0.2_Summary.json,D:\OneDrive\桌面\论文\2027年投稿期刊\论文项目\07_JB医疗可达性_洪水扰动下交通-网络韧性与公平性_SCS_Natural_Hazards\GPT数据\绘图支撑数据\JB_STEP5A2_ExecutionKit_v0.2\06_METADATA\Step5A2_v0.2_Summary.json,绘图支撑数据\JB_STEP5A2_ExecutionKit_v0.2\06_METADATA\Step5A2_v0.2_Summary.json,Step5A2_v0.2_Summary.json,.json,602,2026-10-05T10:57:00,e3232b0db18eb488f1d384ec754368e6f77bd77109aae9f14a4a22deb866ffd1,1,False,False,
