Organized_Path,Original_Size_Bytes,SHA256,GitHub_Action,Part_Count,Part_Size_Limit_Bytes,Verification_Status,Restore_Metadata_Path
01_Historical_Flood_2016_2026/Annual_Records/2016/Data_Tables/JB_Flood_2016_2026_Summary.xlsx,8109,d2456318590b1a3da4a12da4715ac7a34f1e9f826bb2b9b3d9f36603dea21cb3,copied,0,20971520,verified,
01_Historical_Flood_2016_2026/Annual_Records/2016/Geospatial_Data/JB_Flood_All_Closed_Polygons_2016_2021.geojson,37143,a690e26027f558b5cc9cb3db04c622bcc3e61ef0bb0794277efea3f7fc1584c9,copied,0,20971520,verified,
01_Historical_Flood_2016_2026/Source_Archives/Original_Archives/JB_Flood_Baseline_2016_2026_All_Files_20261006.zip,1797473,60c5a54f928c634f363f7e9674acf5e432f365299691bfe7d74be4f14a2a01d1,copied,0,20971520,verified,
01_Historical_Flood_2016_2026/Annual_Records/2016/Geospatial_Data/R003_2016_Polygon_Closure.geojson,8162,0ae2f87b0c89907ffeb97ca3d76393c680a9ac1bc5b5ce98b57f06c9961e6060,copied,0,20971520,verified,
01_Historical_Flood_2016_2026/Annual_Records/2016/Geospatial_Data/R005_2017_Polygon_Closure.geojson,11671,9fe9fb7b12db220ac589a4fa6a575c2921e0fadf3a4db5bce66d085a0c40fdba,copied,0,20971520,verified,
01_Historical_Flood_2016_2026/Annual_Records/2016/Geospatial_Data/R014_2021_Polygon_Closure.geojson,4205,366568c8daae01e91c24f170295891db484937dc29b7751a9604abfd76aa5c04,copied,0,20971520,verified,
01_Historical_Flood_2016_2026/Annual_Records/2016/Data_Tables/R017_JB_Flood_Spatial_Baseline_2023_Event_Spatial_Audit.xlsx,71422,b9a77e45b9f59f9d7adecf2cf2605937373683e5613fbf36f7f35022bd2d2b48,copied,0,20971520,verified,
01_Historical_Flood_2016_2026/Annual_Records/2016/Data_Tables/R018_JB_Flood_Spatial_Baseline_2023_Polygon_Closure.xlsx,73670,34801b76e8dd9f6998000e9a2d19e1980c5c6718f3b3e74ab8f5c86f6f1f7ef0,copied,0,20971520,verified,
01_Historical_Flood_2016_2026/Annual_Records/2016/Data_Tables/R019_JB_Flood_Spatial_Baseline_2024_Event_Spatial_Audit.xlsx,88474,ad3b4f353a77fb3db5b1a9a959f150f59a3b77e0ca18672e1bb5b1a136893c87,copied,0,20971520,verified,
01_Historical_Flood_2016_2026/Annual_Records/2016/Data_Tables/R020_JB_Flood_Spatial_Baseline_2024_Polygon_Closure.xlsx,90508,12e7479ff487252fd64acd4b8ab0367ac4fb45d0be10055c30e2afe9ebda0147,copied,0,20971520,verified,
01_Historical_Flood_2016_2026/Annual_Records/2016/Data_Tables/R021_JB_Flood_Spatial_Baseline_2025_Event_Spatial_Audit.xlsx,113460,9aaf32cb9e5a4be4113768916f2357628294dafb75c588189e27761acaf46f45,copied,0,20971520,verified,
01_Historical_Flood_2016_2026/Annual_Records/2016/Data_Tables/R022_JB_Flood_Spatial_Baseline_2025_Polygon_Closure.xlsx,115722,8226c9b4eba951d252b01d24ba26c9563b0a15321299ce60e9b361c1a0c601ea,copied,0,20971520,verified,
01_Historical_Flood_2016_2026/Annual_Records/2016/Data_Tables/R023_JB_Flood_Spatial_Baseline_2026_Partial_Event_Spatial_Audit_20261006.xlsx,132684,cb47fdede9ab7cd9d80315746031a04db47020e0ae647632a2e78451c7e3cbd2,copied,0,20971520,verified,
01_Historical_Flood_2016_2026/Annual_Records/2016/Data_Tables/R024_JB_Flood_Spatial_Baseline_2026_Partial_Polygon_Closure_20261006.xlsx,135012,2ec7b22f628f13794f0a5c8241ec7aee7c1bb076cafdd70e97ca7e8ab0e664ee,copied,0,20971520,verified,
01_Historical_Flood_2016_2026/Annual_Records/2016/Data_Tables/v001_JB_Flood_Spatial_Baseline_v1.0.xlsx,56070,8180581c066e183391446b34f9a190ae1060ce07b0cde70a418c497c6cc4db8f,copied,0,20971520,verified,
01_Historical_Flood_2016_2026/Annual_Records/2016/Data_Tables/v001_Flood_Flood_Figure_JB_Historical_Flood_GIS_Marking_2022_2023_2025.xlsx,59417,dbebeb15f829c86064a068710a882e576e65ae9511d1d3ead6007b0067fbad38,copied,0,20971520,verified,
01_Historical_Flood_2016_2026/Annual_Records/2016/Data_Tables/v002_JB_Flood_Spatial_Baseline_A1_2016_2018.xlsx,63094,e336d14914478b42ec38b552cadf34f4c601331a3a3e8ef7050eb2722fdc41fe,copied,0,20971520,verified,
01_Historical_Flood_2016_2026/Annual_Records/2016/Data_Tables/v003_JB_Flood_Spatial_Baseline_A2_2019_2021.xlsx,75609,c78025bb9f7debe7c0e881a644de8fa1774f0f30fd7a71cf136858d3cc523dcb,copied,0,20971520,verified,
01_Historical_Flood_2016_2026/Annual_Records/2016/Data_Tables/FILE_MANIFEST_SHA256.csv,4402,f195645ab476fe07d8868e6b1bbb956c2e8822b936e927905c429ed8c47a3bf8,copied,0,20971520,verified,
01_Historical_Flood_2016_2026/Annual_Records/2016/Data_Tables/README_2016_2026.txt,1340,a08df212a17ef045fe6eac601bd50d1be8729ba504b280f9191c90781ab2c86d,copied,0,20971520,verified,
01_Historical_Flood_2016_2026/Annual_Records/2016/Data_Tables/R002_JB_Flood_Spatial_Baseline_2016_GIS_Validated_RECONSTRUCTED.xlsx,68230,554257e049c48993bfdac74780625de634c2bad3915167b4ae502f13d576c228,copied,0,20971520,verified,
01_Historical_Flood_2016_2026/Annual_Records/2016/Data_Tables/R003_JB_Flood_Spatial_Baseline_2016_GIS_FROZEN_RECONSTRUCTED.xlsx,70977,37c7614f0a7c823e09115fe91f58f8341994758bfefcc9e5d4a1660bdecf4288,copied,0,20971520,verified,
01_Historical_Flood_2016_2026/Annual_Records/2016/Data_Tables/R004_JB_Flood_Spatial_Baseline_2017_Event_Spatial_Audit_RECONSTRUCTED.xlsx,91750,e3f99912043ca98c3c7a50bfaeb7d1d6a4fee8ecc0669f8654f5415b7689a733,copied,0,20971520,verified,
01_Historical_Flood_2016_2026/Annual_Records/2016/Geospatial_Data/R005_2017_Closed_Polygons.geojson,13114,22c0f271d892185f40c46a8d1ee38ef8c24d1f92faba26fe8a2747a94b80ed08,copied,0,20971520,verified,
01_Historical_Flood_2016_2026/Annual_Records/2016/Data_Tables/R005_JB_Flood_Spatial_Baseline_2017_Spatial_Closure_Pass_RECONSTRUCTED.xlsx,99797,75898f335a2ec83012a3c246b28f02ef912bff6cc1d3769c110fd02d4f7de0a2,copied,0,20971520,verified,
01_Historical_Flood_2016_2026/Annual_Records/2016/Data_Tables/R006_JB_Flood_Spatial_Baseline_2017_Open_Objects_Review_RECONSTRUCTED.xlsx,110920,f38a4b0e2ffc9d92b84867205ef856c62396318db16282bdfb2fb84bdf71a889,copied,0,20971520,verified,
01_Historical_Flood_2016_2026/Annual_Records/2016/Data_Tables/R007_DERIVED_2018_Event_Spatial_Audit_from_R012.xlsx,17042,fbeef00f02f816d91169913b5c40439d92d2842388455611e2968504d0dbdc26,copied,0,20971520,verified,
01_Historical_Flood_2016_2026/Annual_Records/2016/Geospatial_Data/R008_2018_Polygon_Closure_DERIVED.geojson,4412,1353085e399cd2b408c0783c6bbf356853e544bcd27300d7f5138092e0675d9c,copied,0,20971520,verified,
01_Historical_Flood_2016_2026/Annual_Records/2016/Data_Tables/R008_DERIVED_2018_Polygon_Closure_from_R012.xlsx,20788,58465d6a69e3e4ba8e183bcb229b22399bb5c106870c5ae6333bf30580400ace,copied,0,20971520,verified,
01_Historical_Flood_2016_2026/Annual_Records/2016/Data_Tables/R009_DERIVED_2019_Event_Spatial_Audit_from_R012.xlsx,16111,c9b10948c320b47694bf70539a1480f00fee3f24704f1425becf4c21e011803e,copied,0,20971520,verified,
01_Historical_Flood_2016_2026/Annual_Records/2016/Geospatial_Data/R010_2019_Polygon_Closure_DERIVED.geojson,7088,95ea829e7d0dfcf51e9e08c04349cf2cdb2420f2f130fcd2b3dad491b81ffbe6,copied,0,20971520,verified,
01_Historical_Flood_2016_2026/Annual_Records/2016/Data_Tables/R010_DERIVED_2019_Polygon_Closure_from_R012.xlsx,20377,d9b6502f58ca67b6f09a7eeb48358edb3068ad9c8551cfc5abd314a3b1f0698b,copied,0,20971520,verified,
01_Historical_Flood_2016_2026/Annual_Records/2016/Data_Tables/R011_JB_Flood_Spatial_Baseline_2020_Event_Spatial_Audit_RECONSTRUCTED.xlsx,168397,e8e2432878a88f34046b43b67e8f4d44c70172c0fbf199ce1b336dc5f157b1a3,copied,0,20971520,verified,
01_Historical_Flood_2016_2026/Annual_Records/2016/Geospatial_Data/R012_2020_Polygon_Closure.geojson,6013,e51fb83feef8802aa98c0d3c8b3a7539c34bc41d8a2be2c9c397829f1642493f,copied,0,20971520,verified,
01_Historical_Flood_2016_2026/Annual_Records/2016/Data_Tables/R012_JB_Flood_Spatial_Baseline_2020_Polygon_Closure_RECONSTRUCTED.xlsx,189852,2ba69b00afe196dffb6dfd11393315a0aa91656eb170edfd1f2c32839c564936,copied,0,20971520,verified,
01_Historical_Flood_2016_2026/Annual_Records/2016/Data_Tables/R013_JB_Flood_Spatial_Baseline_2021_Event_Spatial_Audit.xlsx,23207,e187c525f6f902c8ced217367ef1d6f0822cdf569198ba77d891037c54dd0827,copied,0,20971520,verified,
01_Historical_Flood_2016_2026/Annual_Records/2016/Data_Tables/R014_JB_Flood_Spatial_Baseline_2021_Polygon_Closure.xlsx,26349,4db7bd0075e50e6162aa1d45727e4641af573eec5f789d8588daea131d13d9cd,copied,0,20971520,verified,
01_Historical_Flood_2016_2026/Annual_Records/2016/Data_Tables/R015_JB_Flood_Spatial_Baseline_2022_Event_Spatial_Audit.xlsx,45527,31a96b7d2a477078d7dcb2dd5e2894ec08833694c65e74c4fe87c567786b3207,copied,0,20971520,verified,
01_Historical_Flood_2016_2026/Annual_Records/2016/Data_Tables/R016_JB_Flood_Spatial_Baseline_2022_Polygon_Closure.xlsx,48191,5b5a2456ef1fdc4799e0af8b12143483149851939b2caa7db5f6088152ecc039,copied,0,20971520,verified,
01_Historical_Flood_2016_2026/Annual_Records/2016/Data_Tables/JB_Flood_GIS_Completeness_Audit_2017_CoordPass_20261006.xlsx,75189,3f8e82248b847bc46717c8d441ff769f8248374c179f6684dbd03a49d07c964b,copied,0,20971520,verified,
01_Historical_Flood_2016_2026/Annual_Records/2016/Data_Tables/JB_Flood_GIS_Completeness_Audit_2017_Final_2018_CoordPass_20261006.xlsx,79505,f69bdf997ea87fb3bd1175c63c8eb661be81c1f6c7d1bfe7148e513af2a4c4ac,copied,0,20971520,verified,
01_Historical_Flood_2016_2026/Annual_Records/2016/Data_Tables/JB_Flood_GIS_Completeness_Audit_2019_CoordPass_20261006.xlsx,83723,35bfdd530f705b7392a27936a40475870aca8ca2c4361a7d1f30655f9fc8b4df,copied,0,20971520,verified,
01_Historical_Flood_2016_2026/Annual_Records/2016/Data_Tables/JB_Flood_GIS_Completeness_Audit_2020_2026_FINAL_CoordPass_20261006.xlsx,115284,7053aec59797b1449a9bd12f3ea0763b7fa9508f522fa3dc206a12db06ff4674,copied,0,20971520,verified,
01_Historical_Flood_2016_2026/Annual_Records/2016/Data_Tables/JB_Flood_GIS_Completeness_Audit_20261006.xlsx,71100,1d188652b0eedfa93a9c36dedda064a26ad53ba498b4a27e10810120a2200e2e,copied,0,20971520,verified,
01_Historical_Flood_2016_2026/Annual_Records/2016/Data_Tables/JB_Flood_All_Locations_2016_2026_FINAL.xlsx,136746,4da1fb936986ed1450cb4338391d0b650564f2e407dc9be948b2e9c00cb52089,copied,0,20971520,verified,
01_Historical_Flood_2016_2026/Annual_Records/2016/Geospatial_Data/JB_Flood_GIS_Plot_Data_2016_2026_FINAL.geojson,95132,ecd3a901580cd92d8b8dfd64e755df914c9473ab01644534092e16212f735a06,copied,0,20971520,verified,
01_Historical_Flood_2016_2026/Annual_Records/2016/Data_Tables/JB_Flood_GIS_Plot_Data_2016_2026_FINAL.xlsx,27492,5318c131da1402bd2631c568119e8072bf7a252a2bf8d1b7a3652e6c813100de,copied,0,20971520,verified,
01_Historical_Flood_2016_2026/Annual_Records/2016/Data_Tables/JB_Flood_Master_2016_2026.xlsx,250927,a69304bb76b93c85f836a1c0a0439854d553d0db4ede44f2b995493bb9edd134,copied,0,20971520,verified,
01_Historical_Flood_2016_2026/Source_Archives/Original_Archives/JB_Flood_Spatial_Baseline_2016_2026_FINAL.zip,2786354,a7abee4533f7f9bca1dd19276661ea26b76e1105a4a564dacaf77403552fb739,copied,0,20971520,verified,
01_Historical_Flood_2016_2026/Annual_Records/2016/Data_Tables/Flood_Locations_Figure_JB_Flood_GIS_Plot_Data_2016_2026_FINAL.xlsx,19495,bfe98e2c20db52776f0a1b691c99a71c643930453dd96a4981b2bf8ab02b2a89,copied,0,20971520,verified,
01_Historical_Flood_2016_2026/Annual_Records/2016/Data_Tables/FILE_MANIFEST_SHA256.txt,9165,ad0779ddc4111369cd40d2b48327054b4e2fbb66640c4e5b591614ce0de0700d,copied,0,20971520,verified,
01_Historical_Flood_2016_2026/Annual_Records/2016/Data_Tables/README.txt,2773,c97eb6e2328d651e0bb424947331f3b4ded0e843d1eab47e8017108529c8959d,copied,0,20971520,verified,
01_Historical_Flood_2016_2026/Annual_Records/2016/Data_Tables/README.xlsx,5285,ee640d26409f694ff04c619ccbb6679d2e0278a30cd590cfdd72254be5412e4e,copied,0,20971520,verified,
01_Historical_Flood_2016_2026/Annual_Records/2016/Data_Tables/GIS_Plot_Ready.xlsx,67078,33bbc913296896ba26da108f75d0f38be0c7d089bf98d69fe63ab6124bb6ac4d,copied,0,20971520,verified,
01_Historical_Flood_2016_2026/Annual_Records/2016/Data_Tables/Unresolved_Do_Not_Plot.xlsx,15826,881fc02495c7da99e58376905e6dcd8ed7cfcfa94fe6ea74743fc9b41159b669,copied,0,20971520,verified,
01_Historical_Flood_2016_2026/Annual_Records/2016/Geospatial_Data/All_Annual_Plot_Ready_Points.geojson,279451,b6cf943840e4dcbac968d81575d7b2dbde0f0aa3b0ae8f66aaa84771bcc2ecd1,copied,0,20971520,verified,
01_Historical_Flood_2016_2026/Annual_Records/2016/Geospatial_Data/All_Validated_Points.geojson,122058,08b83c09c2d2eff0dedc2dd961dd0616ea6bcf26f3647ce7a59511cb022b85dd,copied,0,20971520,verified,
01_Historical_Flood_2016_2026/Annual_Records/2016/Data_Tables/All_Validated_Points.xlsx,67075,475c8bab843eeab0de33aa15e7c76cf12762dbaa42f10fdc7c0aacbf298ba80d,copied,0,20971520,verified,
01_Historical_Flood_2016_2026/Annual_Records/2016/Geospatial_Data/Fixed45_Validated_Points.geojson,34625,1d89362c9ae066c7723f892bc7bc0f2e522c5c82a6c4453f4da27d28d27a5e6d,copied,0,20971520,verified,
01_Historical_Flood_2016_2026/Annual_Records/2016/Data_Tables/All_Area_Objects.xlsx,78932,2015b49f54826ff1cf41d32d948a03637790e1cbf1214f443927c3438fb8bf9b,copied,0,20971520,verified,
01_Historical_Flood_2016_2026/Annual_Records/2016/Data_Tables/Area_Status.xlsx,16768,825721f457950dd572e84a3e07d88e29bf5ef043653d03a8f4b0164ade84d21d,copied,0,20971520,verified,
01_Historical_Flood_2016_2026/Annual_Records/2016/Data_Tables/All_Validated_Polygons.xlsx,6299,59cad5f0166b349f05e64a1fc57b625b949748cc28d153e57a5bfac3b7fa2f34,copied,0,20971520,verified,
01_Historical_Flood_2016_2026/Annual_Records/2016/Data_Tables/Polygon_QA.xlsx,6294,c3802baaeee657b19afe2cee8701484ad8e15347c0fed137d987f723b8eccdc4,copied,0,20971520,verified,
01_Historical_Flood_2016_2026/Annual_Records/2016/Data_Tables/JB_Flood_2016_Standardized.xlsx,8236,e56f4ac3e85947c506335b3f46c15581ac78ab8db5a51e80e2391f2fd62bbfff,copied,0,20971520,verified,
01_Historical_Flood_2016_2026/Annual_Records/2016/Data_Tables/JB_Flood_2017_Standardized.xlsx,17217,17ae4a1ee97b30f61337618b47da82b6b207118329ee222c60df2f2d3dec1731,copied,0,20971520,verified,
01_Historical_Flood_2016_2026/Annual_Records/2016/Data_Tables/JB_Flood_2018_Standardized.xlsx,14519,a753f912cb962cb7cc96dff6b837a79470b79e767ea57671c07bfcea7fa1bfcc,copied,0,20971520,verified,
01_Historical_Flood_2016_2026/Annual_Records/2016/Data_Tables/JB_Flood_2019_Standardized.xlsx,14684,263c46e10c5377a8db1cfa48baa99e47725bb2074d4f7cd4fdcfe4053c665b63,copied,0,20971520,verified,
01_Historical_Flood_2016_2026/Annual_Records/2016/Data_Tables/JB_Flood_2020_Standardized.xlsx,15463,77874d0a2ace5f8e144a7532c13809816897944a45b48e9798ea1be82905a746,copied,0,20971520,verified,
01_Historical_Flood_2016_2026/Annual_Records/2016/Data_Tables/JB_Flood_2021_Standardized.xlsx,19577,6a19bcaa407ec2650e2ac1a47257db49e1aba44163b862efd4957b35d24cfb78,copied,0,20971520,verified,
01_Historical_Flood_2016_2026/Annual_Records/2016/Data_Tables/JB_Flood_2022_Standardized.xlsx,19238,0be92631ec49ce90c55c6552980ccf9b825d96096aced96032e7a59873ef47b7,copied,0,20971520,verified,
01_Historical_Flood_2016_2026/Annual_Records/2016/Data_Tables/JB_Flood_2023_Standardized.xlsx,23457,04a305f4e8ebff43c5f484b4d84c277aa055c0073b4540084454b41a8813f122,copied,0,20971520,verified,
01_Historical_Flood_2016_2026/Annual_Records/2016/Data_Tables/JB_Flood_2024_Standardized.xlsx,12712,2d3febb6294fb6add50ea8fa89c485bb586ed9509f41f36df2d4cb899bec27d5,copied,0,20971520,verified,
01_Historical_Flood_2016_2026/Annual_Records/2016/Data_Tables/JB_Flood_2025_Standardized.xlsx,20911,92157a279be182ccb4f130ea638eb8f1052d72ba06a82bb971f22454bb7ffa90,copied,0,20971520,verified,
01_Historical_Flood_2016_2026/Annual_Records/2016/Data_Tables/JB_Flood_2026_Standardized.xlsx,15194,d811332835c3e736c4a158e9e4f2b2c17a7d951291b8ebbb7dd68ee78e376163,copied,0,20971520,verified,
01_Historical_Flood_2016_2026/Annual_Records/2016/Data_Tables/Event_Location_Polygon_Link.xlsx,55512,fe60e453203c2701c14afab2b699bdb21c7008691daf9eaed7786dfe2baf6672,copied,0,20971520,verified,
01_Historical_Flood_2016_2026/Annual_Records/2016/Data_Tables/Spatial_Completeness_QA.xlsx,12191,cac076f33b50971f3b123c3af81cb1b19f1dd2f5db47fb4bc2e4deb0de9b6108,copied,0,20971520,verified,
01_Historical_Flood_2016_2026/Annual_Records/2016/Data_Tables/Unresolved_List.xlsx,15818,4c135cfc5a42dee790d9374ae524bfc0638c8a6613d6a752675b5eb02ff786ce,copied,0,20971520,verified,
02_GIS_Baseline_Data/Spatial_Layers/Geospatial_Data/JB_Flood_Evidence_Support_Zones_2016_2026.geojson,408196,4b931bcf2bcd1955cd20d85e59da32084ca39a2d9ca6b284c5a0f82e1c3d2651,copied,0,20971520,verified,
02_GIS_Baseline_Data/Unclassified/Original_Archives/JB_Flood_Formal_GIS_Overview_2016_2026.zip,12119590,3cddcd377263154aa4bf73b9e6122eb046b7f8802cf1a9893bd26283c5a655d1,copied,0,20971520,verified,
02_GIS_Baseline_Data/Road_Network/Documents/JB_Flood_Road_Hospital_Overview_2016_2026.pdf,2517583,5fd879b69ab42755431f26b113a4fa989ceedcfe5519229e5cd135c7ea4578ab,copied,0,20971520,verified,
02_GIS_Baseline_Data/Road_Network/Images/JB_Flood_Road_Hospital_Overview_2016_2026_300dpi.png,2507620,0774f93169157c363d61c6f997d572ffb214039e0fc7dd14eea0c24c2a176a2c,copied,0,20971520,verified,
02_GIS_Baseline_Data/Road_Network/Images/JB_Flood_Road_Hospital_Overview_2016_2026_600dpi.png,6621568,f1d05b5daa47b007e3b94612874cae91685afb73d18f23791a25d390a17d851d,copied,0,20971520,verified,
02_GIS_Baseline_Data/Road_Network/Geospatial_Data/JB_Major_Roads_Blue.geojson,10498514,6bafc53ec52c443c373799a3ea75732375e3b142c0adcab1c96d5451f47e68a3,copied,0,20971520,verified,
03_Nature_Portfolio_Project/Supporting_Information/Data_Tables/00_ORGANIZATION_LOG.csv,46230,0c2e89ce59711666aa9a3d92607fd3518a8ce3a3d61cf8d47c428dc0707186cc,copied,0,20971520,verified,
03_Nature_Portfolio_Project/Supporting_Information/Data_Tables/00_README_ORGANIZATION.txt,399,c411537549c963eb48fbf4c6fa142bfe09f7438456804634cd92d24c098dcb5c,copied,0,20971520,verified,
03_Nature_Portfolio_Project/Unclassified/Original_Archives/02_D02_ROAD_NETWORK.zip,344083818,f0ce33fa482483f96545dcf9382d9a35ca4c1c4a2a8e76900796868ec8473593,split,17,20971520,verified,03_Nature_Portfolio_Project/Unclassified/Original_Archives/02_D02_ROAD_NETWORK.zip.restore.json
03_Nature_Portfolio_Project/Unclassified/Original_Archives/04_D04_HEALTHCARE.zip,2451227,26ead2f8843a1191ee648f9c436aa8e339cc4e2f18028d915b7af98ed53c140b,copied,0,20971520,verified,
03_Nature_Portfolio_Project/Supporting_Information/Documents/README.md,780,47ad95e777b4c9cfdfef84fa5e728d861f857942cb725018ec48b4bce5f3aaad,copied,0,20971520,verified,
03_Nature_Portfolio_Project/Supporting_Information/Data_Tables/Data_Support.xlsx,13308,fad8b1ec9d54c1dbe0856f6a5cf93713d0644a8d855b0f3f370af4b14f858a92,copied,0,20971520,verified,
03_Nature_Portfolio_Project/Supporting_Information/Geospatial_Data/JB_Study_Area_Final.gpkg,180224,05e601b6737b80b73ffb9d4561189265cedd8be08aa066c92b7303fa2da1dd61,copied,0,20971520,verified,
03_Nature_Portfolio_Project/Supporting_Information/Geospatial_Data/JB_Study_Area_Final_RSO.gpkg,180224,bf4ade845bcd3c2b0d5cab83e4b2f7b03245b859d61a2c3de8c235c62247b75d,copied,0,20971520,verified,
03_Nature_Portfolio_Project/Supporting_Information/Data_Tables/D01_Final_Spatial_Consistency_QC.txt,944,12a2fd976e019c236d11fd94594a234fe0f49761bd7048937ae88ac239e2c94e,copied,0,20971520,verified,
03_Nature_Portfolio_Project/Supporting_Information/Scripts/D02B_process_osm.py,31355,9cc8958ab0ee21a24f1cd2950541da9a6a0f45c6f9e5ec728ef928fc1a848e58,copied,0,20971520,verified,
03_Nature_Portfolio_Project/Supporting_Information/Data_Tables/D02_OSM_Download_Log.txt,394,9ac91184924fd8f7a8d9660b44f484af49d38d137769c4af2230d0313fdcb0c7,copied,0,20971520,verified,
03_Nature_Portfolio_Project/Supporting_Information/Geospatial_Data/D02_OSM_Metadata.json,3176,1178531cf0ff4d974f3bd4d15b7e5f98d617dc4ddf7f765ddb320c01a756bcd2,copied,0,20971520,verified,
03_Nature_Portfolio_Project/Supporting_Information/Data_Tables/D02_OSM_Processing_Log.txt,1734,838b197d0b2f59e2eb786faf9d666bf1f78ab24549e06be9b6a38f6f4d03f3a7,copied,0,20971520,verified,
03_Nature_Portfolio_Project/Supporting_Information/Data_Tables/D02_Road_Data_Dictionary.csv,4140,70f6b866f5103223ce777d3c2d0f86db9cf803abc066ef28ef2c27513d7cc67e,copied,0,20971520,verified,
03_Nature_Portfolio_Project/Supporting_Information/Geospatial_Data/JB_OSM_RoadNetwork_Core_RSO.gpkg,31891456,79bc05452d5943fedfba3675309a39e4edfe68a4559c99341add14121e61e81d,split,2,20971520,verified,03_Nature_Portfolio_Project/Supporting_Information/Geospatial_Data/JB_OSM_RoadNetwork_Core_RSO.gpkg.restore.json
03_Nature_Portfolio_Project/Supporting_Information/Geospatial_Data/JB_OSM_RoadNetwork_Core_WGS84.gpkg,31956992,582aa61c60412876e2a10590d1df5e0c38a2afb3c2a031107de7bfb68b2c2125,split,2,20971520,verified,03_Nature_Portfolio_Project/Supporting_Information/Geospatial_Data/JB_OSM_RoadNetwork_Core_WGS84.gpkg.restore.json
03_Nature_Portfolio_Project/Figures/Images/D02_OSM_Core_RoadNetwork_QC.png,720363,a26f74b6b1cd115ba5fa185716b9ffc1830172b2f2c46ac7a1bfe7020957e9e1,copied,0,20971520,verified,
03_Nature_Portfolio_Project/Supporting_Information/Data_Tables/D02_OSM_RoadNetwork_QC_Report.txt,3446,b398dec350de5c795e2c5395dbe603c8a0d6a2c16e5d51104d32c07a0ccf2873,copied,0,20971520,verified,
03_Nature_Portfolio_Project/Figures/Images/D02_OSM_RoutingBuffer_QC.png,901864,1374d5b9733c1c641a5b56c5eb8802a38ce600801019c9868575b30e22625b62,copied,0,20971520,verified,
03_Nature_Portfolio_Project/Supporting_Information/Geospatial_Data/JB_OSM_Core_20261003.osm.pbf,4569214,c13a18a9bc63da706777577a5d7b608d3f0a1cb12f6e6bfd83c3307b1c6f6b51,copied,0,20971520,verified,
03_Nature_Portfolio_Project/Supporting_Information/Geospatial_Data/JB_OSM_RoutingBuffer10km_20261003.osm.pbf,14046366,97573c6b664141f4a99fb08759d3682344acbed70c8dfb426b662b2ac0d83467,copied,0,20971520,verified,
04_Figure_Support_Data/Shared_GIS_Assets/Geospatial_Data/malaysia-singapore-brunei-261003.osm.pbf,251629147,33174694771c7bc3b34cf740497a46a371b4acd6bd1e2fdff7e9052a659039df,split,12,20971520,verified,04_Figure_Support_Data/Shared_GIS_Assets/Geospatial_Data/malaysia-singapore-brunei-261003.osm.pbf.restore.json
03_Nature_Portfolio_Project/Supporting_Information/Geospatial_Data/JB_OSM_RoadNetwork_RoutingBuffer10km_RSO.gpkg,84766720,71830853caa9408cd3cc7d87ae5a0df96d43308369c103e8d5aee700c6f6f183,split,5,20971520,verified,03_Nature_Portfolio_Project/Supporting_Information/Geospatial_Data/JB_OSM_RoadNetwork_RoutingBuffer10km_RSO.gpkg.restore.json
03_Nature_Portfolio_Project/Supporting_Information/Geospatial_Data/JB_OSM_RoadNetwork_RoutingBuffer10km_WGS84.gpkg,84819968,2b29d6e5c579d23afee4e71781036a7907a2ffcf02e8a58bab0c6534687f1add,split,5,20971520,verified,03_Nature_Portfolio_Project/Supporting_Information/Geospatial_Data/JB_OSM_RoadNetwork_RoutingBuffer10km_WGS84.gpkg.restore.json
03_Nature_Portfolio_Project/Submission_Materials/Data_Tables/D03C2_Terrain_Coverage_Issues.csv,18740,fd3a93d70d52a0024a63cb8fe328244ce0f33ad2bde7b92a58a738e490eca238,copied,0,20971520,verified,
03_Nature_Portfolio_Project/Figures/Geospatial_Data/JB_Terrain_LowLyingCandidate_Strict_RSO.tif,31878,c5be2bd8500968943c51cda65f7046b60c1b16cfed4affabc00d644bbf3a29de,copied,0,20971520,verified,
03_Nature_Portfolio_Project/Unclassified/Original_Archives/D03C1_Terrain_Derivatives_Final.zip,19768275,4dbd48db7332047ebcca5eb86ca93d283bb813df90e413d54abbc7266019f676,copied,0,20971520,verified,
03_Nature_Portfolio_Project/Unclassified/Original_Archives/D03_Copernicus_GLO30_Final.zip,59854047,bcb777c69134b6fa4c1dd66ace36dfc45c4340a94ae1f4d1c8285bd63b38e262,split,3,20971520,verified,03_Nature_Portfolio_Project/Unclassified/Original_Archives/D03_Copernicus_GLO30_Final.zip.restore.json
03_Nature_Portfolio_Project/Supporting_Information/Data_Tables/D03C1_Terrain_Derivatives_QC_Report.txt,1532,98908c5019cfb03d50a6530ca4830c04df0ed5618243f1c421f2fe84d3afa087,copied,0,20971520,verified,
03_Nature_Portfolio_Project/Supporting_Information/Data_Tables/D03C2_Road_Elevation_QC_Report.txt,3324,4dfb90fc0f10dc1d2bbc3f0ac2cc85fb4d1795e2485469a805fd941a12a9701b,copied,0,20971520,verified,
03_Nature_Portfolio_Project/Supporting_Information/Data_Tables/D03_Copernicus_GLO30_QC_Report.txt,2960,35e9e46fd5eb5bbe6da34c95e866e0d351d832b2da51948b8462529a03681134,copied,0,20971520,verified,
03_Nature_Portfolio_Project/Figures/Geospatial_Data/JB_Copernicus_GLO30_Core_RSO.tif,3467055,a1aa5e218d59eb4843bfb7e6db242bfc6ac62d4ba546ad58cfc0e87cb834395f,copied,0,20971520,verified,
03_Nature_Portfolio_Project/Figures/Geospatial_Data/JB_Copernicus_GLO30_Core_WGS84.tif,3294780,d0f60ec4d50661ead976b1c1a33b85ebffbaa8e28d392dabced9215b599ae669,copied,0,20971520,verified,
03_Nature_Portfolio_Project/Figures/Geospatial_Data/JB_Terrain_RelativeElevation_500m_RSO.tif,3823418,d7cff99051338c42b4b4373a526736ae12374389e08fb6b84766d7e1e182e7bb,copied,0,20971520,verified,
03_Nature_Portfolio_Project/Supporting_Information/Data_Tables/D03C2_Road_Terrain_Metrics.csv,26935634,0d8baae7b23d10b4ac325bad205af17f266059b11ba17064cc1ced312194f04b,split,2,20971520,verified,03_Nature_Portfolio_Project/Supporting_Information/Data_Tables/D03C2_Road_Terrain_Metrics.csv.restore.json
03_Nature_Portfolio_Project/Supporting_Information/Geospatial_Data/JB_OSM_RoadNetwork_Core_Terrain_RSO.gpkg,46456832,c80ad83eab06075435e29f9a269c338d3ad26587066577526aca4cba47a681cd,split,3,20971520,verified,03_Nature_Portfolio_Project/Supporting_Information/Geospatial_Data/JB_OSM_RoadNetwork_Core_Terrain_RSO.gpkg.restore.json
03_Nature_Portfolio_Project/Supporting_Information/Geospatial_Data/JB_OSM_RoadNetwork_Core_Terrain_WGS84.gpkg,46522368,11b8751c0ce9d74eaebc22eef7db3b0fbc5008c2a5fb8c9e1d3a1e1a0f06ecf0,split,3,20971520,verified,03_Nature_Portfolio_Project/Supporting_Information/Geospatial_Data/JB_OSM_RoadNetwork_Core_Terrain_WGS84.gpkg.restore.json
03_Nature_Portfolio_Project/Figures/Geospatial_Data/JB_Terrain_Slope_Degree_RSO.tif,3785897,0bd00a66bcc84459bd602c7dfdc222fec4bc2e415d1838a1c6aa2ddec2659097,copied,0,20971520,verified,
03_Nature_Portfolio_Project/Supporting_Information/Data_Tables/D04C_Healthcare_Master.csv,27155,c0cc89bfe1c3d46c33e270318cacf01f7c83b97224d387cc8d37c57ef2854a82,copied,0,20971520,verified,
03_Nature_Portfolio_Project/Supporting_Information/Geospatial_Data/JB_Healthcare_Master_D04C_RSO.gpkg,409600,38a783db9943152904d778d78dae4e5577ff9f3e044ab87df9bbe2607acca7a4,copied,0,20971520,verified,
03_Nature_Portfolio_Project/Supporting_Information/Geospatial_Data/JB_Healthcare_Master_D04C_WGS84.gpkg,409600,b436fb0e41bca01ccc7f1a2fd51fad7844c810a678a8f12c9411d866f11cdecc,copied,0,20971520,verified,
03_Nature_Portfolio_Project/Unclassified/Original_Archives/D04A1_Public_Healthcare_Facilities.zip,209487,ac198a83b1ede07e1c6a61cc971d9a5218a02ec7cd7203bfc0524449399c5473,copied,0,20971520,verified,
03_Nature_Portfolio_Project/Unclassified/Original_Archives/D04A2_Community_Healthcare_Facilities.zip,218869,f9f3bc64df659ce9d4bcdc0db545da3799d09d2721b3998e25603b782887f08a,copied,0,20971520,verified,
03_Nature_Portfolio_Project/Unclassified/Original_Archives/D04B_Private_Hospitals.zip,200445,e306b7076feacd91ea40a059b699da1c1600f5c8f1c260a7f8eff019e2180df4,copied,0,20971520,verified,
03_Nature_Portfolio_Project/Unclassified/Original_Archives/D04C_Healthcare_Master_Access_Snapping.zip,1662334,375eea5b7088f36b13bfd009a1437648f030f11f49982627a7ac4a1d628bc2b4,copied,0,20971520,verified,
03_Nature_Portfolio_Project/Supporting_Information/Data_Tables/D04B_Excluded_or_Secondary_Licensed_Facilities.csv,2056,f96917049a460f6ad1549276f30c8c76ee40cbd5a2cb281a2b196966f0ff00a8,copied,0,20971520,verified,
03_Nature_Portfolio_Project/Supporting_Information/Data_Tables/D04B_Private_Hospitals_Core.csv,8297,ba9ba6b1c78dcf9344387cdcae61a57febf1b84eae2e4ab253453ee8290440ba,copied,0,20971520,verified,
03_Nature_Portfolio_Project/Supporting_Information/Geospatial_Data/JB_Private_Hospitals_D04B_RSO.gpkg,147456,98d23277eb4366bb79adf18e95ff1e75477b50c00100edc9a41e72a501de9980,copied,0,20971520,verified,
03_Nature_Portfolio_Project/Supporting_Information/Geospatial_Data/JB_Private_Hospitals_D04B_WGS84.gpkg,147456,7adcf1eecfe399940f2c9338cfa7d2aeeb9e11417339ddd8a756351cc1d4f679,copied,0,20971520,verified,
03_Nature_Portfolio_Project/Supporting_Information/Data_Tables/D04B_Private_Hospitals_QC_Report.txt,2881,60330973f29f9a023b6204be1e41e9a5834f5f7d62af6356d91f70dc34203ddb,copied,0,20971520,verified,
03_Nature_Portfolio_Project/Supporting_Information/Data_Tables/D04C_Healthcare_Master_Access_QC_Report.txt,3211,ee0415db2ef210f4e61bc6dd9e3a40cb93819c442f49928eb123450a411e4914,copied,0,20971520,verified,
03_Nature_Portfolio_Project/Supporting_Information/Data_Tables/D04C_Hospital_Network_Access_Points.csv,12058,2be20888c1cd81e1de0e3cec5bc264c16774514fa62f0b69c37136707d338c5a,copied,0,20971520,verified,
03_Nature_Portfolio_Project/Unclassified/Original_Archives/D05A_WorldPop_Population_Origins_Final.zip,13236888,32f8fa09393c9139f5bceeaae1389d14fbc5682ea10a98a1f91a429ee2e685a2,copied,0,20971520,verified,
03_Nature_Portfolio_Project/Unclassified/Original_Archives/D05B_Residential_Settlement_Crosscheck_Final.zip,29239781,a99290ded81f611d42585f401bf2f55c28fe63a7e138b0bdad455e4606a9dfb3,split,2,20971520,verified,03_Nature_Portfolio_Project/Unclassified/Original_Archives/D05B_Residential_Settlement_Crosscheck_Final.zip.restore.json
03_Nature_Portfolio_Project/Supporting_Information/Data_Tables/D05A_WorldPop_Origins.csv,14136647,12d022450b11fff6a0916cfec80a5a1f8c865ce9d55557294d75cb70675bdf42,copied,0,20971520,verified,
03_Nature_Portfolio_Project/Figures/Geospatial_Data/JB_WorldPop_2026_Core_WGS84.tif,316153,5f4438c9eed1c9596b6b66c7fb684833ab5aa84e4da3a4213bd5ef1b72dab345,copied,0,20971520,verified,
03_Nature_Portfolio_Project/Supporting_Information/Geospatial_Data/JB_WorldPop_2026_Origins_RSO.gpkg,17424384,059a41c245c294f3d02ce8c0537076d413d5015687b179c810cebfa4c5ee52e4,copied,0,20971520,verified,
03_Nature_Portfolio_Project/Supporting_Information/Geospatial_Data/JB_WorldPop_2026_Origins_WGS84.gpkg,18071552,8277f076f57a8de878d4fca9b24d6492bc22d371451a0488ec5a7ce827145357,copied,0,20971520,verified,
03_Nature_Portfolio_Project/Supporting_Information/Data_Tables/D05A_WorldPop_DOSM_Validation.csv,462,98dae5cc789c02e14cc0e186d35bbc2060b37ac66f082cd35e77a4444184a260,copied,0,20971520,verified,
03_Nature_Portfolio_Project/Supporting_Information/Data_Tables/D05A_WorldPop_QC_Report.txt,3295,e215a706a0b0bc9db094bcf7d2300b60ad5810df4a04433f659d9c5d0e6e67e5,copied,0,20971520,verified,
03_Nature_Portfolio_Project/Supporting_Information/Data_Tables/D05C_Population_Origin_RoadSnapping_QC_Report.txt,3274,a9631e66553611dd5c4177c93970271a810194f2e073020869137a691cae3f95,copied,0,20971520,verified,
03_Nature_Portfolio_Project/Figures/Geospatial_Data/mys_pop_2026_CN_100m_R2025A_v1.tif,29310427,a90d85dbdb0c3fe55cae1e352205fe1be8a277a2f7b0907e47dcebdb95f9e783,split,2,20971520,verified,03_Nature_Portfolio_Project/Figures/Geospatial_Data/mys_pop_2026_CN_100m_R2025A_v1.tif.restore.json
03_Nature_Portfolio_Project/Supporting_Information/Geospatial_Data/D05C_Road_Endpoint_Nodes_RSO.gpkg,12754944,568244496f5f49697045e0da1868ade1fcd0ad81b49620b33fff2ef939455f33,copied,0,20971520,verified,
03_Nature_Portfolio_Project/Figures/Data_Tables/D05C_Road_Segment_Endpoint_Map.csv,6520854,87857a6a8a17da978783bd9313714797771ba263aaab86c2a4a157f1cb7a76c5,copied,0,20971520,verified,
03_Nature_Portfolio_Project/Supporting_Information/Geospatial_Data/D05C_Used_Access_Road_Segments_RSO_1.gpkg,10231808,cb04d22fa6901f55fa68cb859f6f32fdaaba86d4299f2d485aac6f45a9db669e,copied,0,20971520,verified,
03_Nature_Portfolio_Project/Supporting_Information/Data_Tables/D05C_WorldPop_Origins_RoadSnap.csv,32162081,6fadf8c7449ade7f02e3b2ff255d0439a10e0b9826ee3900a75f58342f2fbd13,split,2,20971520,verified,03_Nature_Portfolio_Project/Supporting_Information/Data_Tables/D05C_WorldPop_Origins_RoadSnap.csv.restore.json
03_Nature_Portfolio_Project/Supporting_Information/Geospatial_Data/JB_WorldPop_2026_NetworkAccessPoints_RSO.gpkg,19955712,380e103b210e09f045666d96a8506bec8a60b1ae3aef2bbb528c1c498e5e3ef0,copied,0,20971520,verified,
03_Nature_Portfolio_Project/Results/Data_Tables/D06_Accessibility_Global_Summary.csv,507,544c291557c9ebc48db2bed53d2dbbfdd00c64f6c4723b6548ab5db13db9b78c,copied,0,20971520,verified,
03_Nature_Portfolio_Project/Results/Data_Tables/D06_Accessibility_Subdistrict_Summary.csv,2274,c38ba1dbfad9ac01a55aaf4b6e2b9cd95fb9862e0e3a4d33a2f6051ffae03960,copied,0,20971520,verified,
03_Nature_Portfolio_Project/Results/Data_Tables/D06_Baseline_Healthcare_Accessibility_Origins.csv,51394197,b67b2d3ecd115ef020837bac4b0784eaaa3cc13cedd9c1e1919c0a8f84042332,split,3,20971520,verified,03_Nature_Portfolio_Project/Results/Data_Tables/D06_Baseline_Healthcare_Accessibility_Origins.csv.restore.json
03_Nature_Portfolio_Project/Unclassified/Original_Archives/D06R_FINAL_FREEZE_MISSING_TWO_FILES.zip,12792275,9ceba6593b58e613a88bd7e575477352dfca79ce79dc9274c483226a9741f962,copied,0,20971520,verified,
03_Nature_Portfolio_Project/Supporting_Information/Data_Tables/D06R_QC_Report.txt,968,69e5a2fc4986221d899ad25aa809932a55bb9b6f5b38f39adfcc6c8641c5eae8,copied,0,20971520,verified,
03_Nature_Portfolio_Project/Supporting_Information/Geospatial_Data/JB_D06R_Corrected_Healthcare_Accessibility_RSO.gpkg,54329344,3c477791a31682cdc36a5f6c306be32cf5120bce6edc79125874b82cfa3996c7,split,3,20971520,verified,03_Nature_Portfolio_Project/Supporting_Information/Geospatial_Data/JB_D06R_Corrected_Healthcare_Accessibility_RSO.gpkg.restore.json
03_Nature_Portfolio_Project/Supporting_Information/Data_Tables/D06_Hospital_TravelTime_Catchment_Summary.csv,2107,ca62eb1e49ffa8c3f83b60415c68c399eaae2c2090665edb22337c7c040e3579,copied,0,20971520,verified,
03_Nature_Portfolio_Project/Supporting_Information/Geospatial_Data/JB_Baseline_Healthcare_Accessibility_RSO_1.gpkg,48787456,8add70561c72aa9b2610fb9a70e9833f57d5c5183aa634623c8aa1aefec28401,split,3,20971520,verified,03_Nature_Portfolio_Project/Supporting_Information/Geospatial_Data/JB_Baseline_Healthcare_Accessibility_RSO_1.gpkg.restore.json
03_Nature_Portfolio_Project/Unclassified/Original_Archives/D06_Routing_Graph_Arcs_Time.csv.gz,18563933,95c045e0473195a91bdbec181353edcf06e6bacab9f422655e06637e32dc33fc,copied,0,20971520,verified,
03_Nature_Portfolio_Project/Unclassified/Original_Archives/D06_Routing_Graph_Nodes_1.csv.gz,3779587,d100655e767ef3a449ce995009e666aa24db2e39a58284619b0251e1adc9c766,copied,0,20971520,verified,
03_Nature_Portfolio_Project/Unclassified/Original_Archives/D06R_Corrected_Baseline_Healthcare_Accessibility_v1.0.zip,49503991,d8e71048c6029856f691279ad6bafdcd23233afae505f2f12ed8b423fb1a7d50,split,3,20971520,verified,03_Nature_Portfolio_Project/Unclassified/Original_Archives/D06R_Corrected_Baseline_Healthcare_Accessibility_v1.0.zip.restore.json
03_Nature_Portfolio_Project/Supporting_Information/Data_Tables/D06_Baseline_Routing_Accessibility_QC_Report.txt,4304,6a821801f17a7cdd2e10032ddb470e18dd0662b2278b4b22b04c6307b7b7605f,copied,0,20971520,verified,
03_Nature_Portfolio_Project/References/Data_Tables/D06_Reference_Speed_Model.csv,167,ffb145e529d9d7516af6f466e338d2201bd4c164014f4c3f3b75dbdc040d4a7e,copied,0,20971520,verified,
03_Nature_Portfolio_Project/Tables/Data_Tables/D07E_2025_JKR_Road_IMERG_Alignment.csv,3175,8193162c7156050ca9865e6ec879b48fc83f1d131803c3bb7b33c917ac8756c8,copied,0,20971520,verified,
03_Nature_Portfolio_Project/Supporting_Information/Data_Tables/D07E_D08_Gate_Decision.csv,741,7d12bc905dcd96f624893cb0256f41c24047b1e68e009d8a90c87b9efc7202f9,copied,0,20971520,verified,
03_Nature_Portfolio_Project/Supporting_Information/Data_Tables/D07E_Downloaded_IMERG_Inventory.csv,28829,80cca7aa2b1289fb31520f52b68800d2037d0f79560a6b1d15b294bbd3b6a9da,copied,0,20971520,verified,
03_Nature_Portfolio_Project/Supporting_Information/Scripts/D07E_download_IMERG_144.py,1713,3cbdc1f2fd008684d1f628abc24e15994b9689fe28fd161a1158e063f7ca20fb,copied,0,20971520,verified,
03_Nature_Portfolio_Project/Unclassified/Original_Archives/D07E_Final_IMERG_20250319_21_v1.0.zip,749859,38df6f38870e57a939d632df5760ad6b1dc3a6d5946d6245afe04efc7eb02b22,copied,0,20971520,verified,
03_Nature_Portfolio_Project/Supporting_Information/Data_Tables/D07E_Final_QC_Report.txt,5030,ef3744a64fccd8425e52b5cd102778b3b86ac2ddd1bc54aebc26c0fc1f7d742b,copied,0,20971520,verified,
03_Nature_Portfolio_Project/Supporting_Information/Data_Tables/D07E_IMERG_144_HDF5_Inventory_SHA256.csv,31788,210dcf72158e7588ad8e7e4e5670439cccdcd026e9892410fa52dbcc9467e836,copied,0,20971520,verified,
03_Nature_Portfolio_Project/Unclassified/Original_Archives/D07E_IMERG_JB_20Cells_HalfHourly.csv.gz,139895,6d4991b40e8edf85eb812d3c8f34ef7f518907afaaa6e6cad1760b7c39e9fa64,copied,0,20971520,verified,
03_Nature_Portfolio_Project/Tables/Data_Tables/D07E_IMERG_JB_Cell_Peaks_and_Daily.csv,8362,1e2f25dd9f31a3ee8d13a17934ccb20f953f4e3f34112a7c5ad432624acd24e3,copied,0,20971520,verified,
03_Nature_Portfolio_Project/Supporting_Information/Geospatial_Data/D07E_IMERG_JB_Grid_Peaks_WGS84.gpkg,143360,d24868dea57402fb34daa1e6e8cbcb3baf6cd4308274f6d2c8ca3b32d12f3bd8,copied,0,20971520,verified,
03_Nature_Portfolio_Project/Unclassified/Original_Archives/D07E_NASA_IMERG_Download_Helper.zip,2192,ba6e956bd20db42c95d661ceeeabd53c3a80b7740324e356476d9220d30a020b,copied,0,20971520,verified,
03_Nature_Portfolio_Project/Supporting_Information/Data_Tables/D07E_Senai_MET_vs_IMERG_Daily.csv,440,37e70e897e31c6e89e3a4cd31429ebb9c360d07fac3c0f9472b48ffd88a6bc45,copied,0,20971520,verified,
03_Nature_Portfolio_Project/Unclassified/Original_Archives/RAW_AUTHENTICATED.zip,1059408042,ba9b1606cdc80485a0fde3622f1774fb680871da148d6d6f3f7a9963c6aae2fd,split,51,20971520,verified,03_Nature_Portfolio_Project/Unclassified/Original_Archives/RAW_AUTHENTICATED.zip.restore.json
03_Nature_Portfolio_Project/Tables/Data_Tables/README_CN.txt,673,c0e49e0576486a122ad2cc5af6e50abb90dea97bb054877652e934f3ebf9b152,copied,0,20971520,verified,
03_Nature_Portfolio_Project/Supporting_Information/Scripts/RUN_D07E_DOWNLOAD.bat,222,40542fa2ba855c3411f1e469733dbe291934882f8c96ab80d3d64d4b871b8858,copied,0,20971520,verified,
03_Nature_Portfolio_Project/Supporting_Information/Data_Tables/3B-HHR.MS.MRG.3IMERG.20250318-S160000-E162959.0960.V07B.HDF5,7877106,348fc5f371b59620cd0f48698ffb082c89ca8a601f4b7bcfacfe885845055094,copied,0,20971520,verified,
03_Nature_Portfolio_Project/Supporting_Information/Data_Tables/3B-HHR.MS.MRG.3IMERG.20250318-S163000-E165959.0990.V07B.HDF5,7918300,235fa12d651bf313b051324b95fe57cd4320e61e07b76971a397f0dcba5b064a,copied,0,20971520,verified,
03_Nature_Portfolio_Project/Supporting_Information/Data_Tables/3B-HHR.MS.MRG.3IMERG.20250318-S170000-E172959.1020.V07B.HDF5,7986045,0dbd71c4de723a6005f50517f23c75e169a13b772074530dc0607947b5e4050c,copied,0,20971520,verified,
03_Nature_Portfolio_Project/Supporting_Information/Data_Tables/3B-HHR.MS.MRG.3IMERG.20250318-S173000-E175959.1050.V07B.HDF5,7844169,f3aa88347e0e8c0bb8f9ebd6ba276ef1ae22db9a9d8b7e0f5e4f03d4c375ba72,copied,0,20971520,verified,
03_Nature_Portfolio_Project/Supporting_Information/Data_Tables/3B-HHR.MS.MRG.3IMERG.20250318-S180000-E182959.1080.V07B.HDF5,7940637,eef200b67e2932686769072d6f50047d17a74d70976a0b908f16e4f153dbf238,copied,0,20971520,verified,
03_Nature_Portfolio_Project/Supporting_Information/Data_Tables/3B-HHR.MS.MRG.3IMERG.20250318-S183000-E185959.1110.V07B.HDF5,7988444,989a71035ab449eacf6860d685cfb8df865ef51e0a7b73d767bb4e6ee73fbe73,copied,0,20971520,verified,
03_Nature_Portfolio_Project/Supporting_Information/Data_Tables/3B-HHR.MS.MRG.3IMERG.20250318-S190000-E192959.1140.V07B.HDF5,7908507,f5dc78bc2a5928a80d88be3d1350da654a33ca4d4fae80635da34e6dae6fdcdf,copied,0,20971520,verified,
03_Nature_Portfolio_Project/Supporting_Information/Data_Tables/3B-HHR.MS.MRG.3IMERG.20250318-S193000-E195959.1170.V07B.HDF5,7986266,c5cb612ee8bc2e1e316e691ca948e4c89a4294b388274d246c324dad9fa13a61,copied,0,20971520,verified,
03_Nature_Portfolio_Project/Supporting_Information/Data_Tables/3B-HHR.MS.MRG.3IMERG.20250318-S200000-E202959.1200.V07B.HDF5,7851108,b150577a96c5d8214a3c76601be80b9a272a44871367b343f98ce2f0676f9a54,copied,0,20971520,verified,
03_Nature_Portfolio_Project/Supporting_Information/Data_Tables/3B-HHR.MS.MRG.3IMERG.20250318-S203000-E205959.1230.V07B.HDF5,7929765,29a92f3ef192afcda7fe78e587111f593e0ed38e6b1a9783cc5154cbab6a11ac,copied,0,20971520,verified,
03_Nature_Portfolio_Project/Supporting_Information/Data_Tables/3B-HHR.MS.MRG.3IMERG.20250318-S210000-E212959.1260.V07B.HDF5,7878238,3926734e5ff272d5694f03172be22ce0b93f59a389c282d81d652ae35047f7c8,copied,0,20971520,verified,
03_Nature_Portfolio_Project/Supporting_Information/Data_Tables/3B-HHR.MS.MRG.3IMERG.20250318-S213000-E215959.1290.V07B.HDF5,7892570,025d617e9a2f456468a136c1a498504907321f95249e432479607e7560211d86,copied,0,20971520,verified,
03_Nature_Portfolio_Project/Supporting_Information/Data_Tables/3B-HHR.MS.MRG.3IMERG.20250318-S220000-E222959.1320.V07B.HDF5,7780870,6d6495001507cef9a19031b268ab0d88faf0776b01c72c35fa68e122b7fb9540,copied,0,20971520,verified,
03_Nature_Portfolio_Project/Supporting_Information/Data_Tables/3B-HHR.MS.MRG.3IMERG.20250318-S223000-E225959.1350.V07B.HDF5,7759766,4fe0c9b7e6f0cfcff072f4629c4b1aa9005bb737201e3d29da18155518af8943,copied,0,20971520,verified,
03_Nature_Portfolio_Project/Supporting_Information/Data_Tables/3B-HHR.MS.MRG.3IMERG.20250318-S230000-E232959.1380.V07B.HDF5,7735618,9712030b58b63a75be675c7d6e68e844227ea903ccbcdb5f710e5f90891938f2,copied,0,20971520,verified,
03_Nature_Portfolio_Project/Supporting_Information/Data_Tables/3B-HHR.MS.MRG.3IMERG.20250318-S233000-E235959.1410.V07B.HDF5,7678579,3a46e798c68cdb8ea3546ba94ba98a13a27f85601dbe7bb17b1bf8ba38c684e2,copied,0,20971520,verified,
03_Nature_Portfolio_Project/Supporting_Information/Data_Tables/3B-HHR.MS.MRG.3IMERG.20250319-S000000-E002959.0000.V07B.HDF5,7628446,2520a720ae3ca139b10e3fd03c4c5a502001f291880bd66d61e3a7ba789ff87b,copied,0,20971520,verified,
03_Nature_Portfolio_Project/Supporting_Information/Data_Tables/3B-HHR.MS.MRG.3IMERG.20250319-S003000-E005959.0030.V07B.HDF5,7629087,180be2bc8372a727fee11c8e07b205202434a02e44fba5579871bff580d05831,copied,0,20971520,verified,
03_Nature_Portfolio_Project/Supporting_Information/Data_Tables/3B-HHR.MS.MRG.3IMERG.20250319-S010000-E012959.0060.V07B.HDF5,7455389,0be087dd7985cf41486749f41912d91c13750e9d54fa28de1d2ed5f43f122e8f,copied,0,20971520,verified,
03_Nature_Portfolio_Project/Supporting_Information/Data_Tables/3B-HHR.MS.MRG.3IMERG.20250319-S013000-E015959.0090.V07B.HDF5,7520154,873317eacebd91bfe5e9c61164aff9c891a2e76860bd5957b7e79d885a8a8ec3,copied,0,20971520,verified,
03_Nature_Portfolio_Project/Supporting_Information/Data_Tables/3B-HHR.MS.MRG.3IMERG.20250319-S020000-E022959.0120.V07B.HDF5,7544420,a807ff16b288e513d1e7dd06af888c8e1b106e937a560328bf1fbb8d6e9f5d54,copied,0,20971520,verified,
03_Nature_Portfolio_Project/Supporting_Information/Data_Tables/3B-HHR.MS.MRG.3IMERG.20250319-S023000-E025959.0150.V07B.HDF5,7560141,1c4666bfa22880d063fd25a13d31e256fc598b0289075f1a8c173c22a0ae10c2,copied,0,20971520,verified,
03_Nature_Portfolio_Project/Supporting_Information/Data_Tables/3B-HHR.MS.MRG.3IMERG.20250319-S030000-E032959.0180.V07B.HDF5,7526086,241a2f9acd67f88f21b43d9a2e585023cda5b87a66fc86891ee289c06d5f38b0,copied,0,20971520,verified,
03_Nature_Portfolio_Project/Supporting_Information/Data_Tables/3B-HHR.MS.MRG.3IMERG.20250319-S033000-E035959.0210.V07B.HDF5,7549771,b95a0295fc50bb316d303e739066f7f3aa112dad915ba93cd7e8e5913d5d1667,copied,0,20971520,verified,
03_Nature_Portfolio_Project/Supporting_Information/Data_Tables/3B-HHR.MS.MRG.3IMERG.20250319-S040000-E042959.0240.V07B.HDF5,7528011,4a6a0162aaec92708bad0ce310b1a342b50596649cae7ada195c921d4d30109a,copied,0,20971520,verified,
03_Nature_Portfolio_Project/Supporting_Information/Data_Tables/3B-HHR.MS.MRG.3IMERG.20250319-S043000-E045959.0270.V07B.HDF5,7500081,feb498812aaa0baf30594723fdb8b0048bdf3459c9b21aed4e0ea55e48c30a77,copied,0,20971520,verified,
03_Nature_Portfolio_Project/Supporting_Information/Data_Tables/3B-HHR.MS.MRG.3IMERG.20250319-S050000-E052959.0300.V07B.HDF5,7532162,7cf667b1ece45b3e554c363e70ebf712fc184ff69f1334483e46240e8f99fb4a,copied,0,20971520,verified,
03_Nature_Portfolio_Project/Supporting_Information/Data_Tables/3B-HHR.MS.MRG.3IMERG.20250319-S053000-E055959.0330.V07B.HDF5,7563889,96b66880569a6bff9a8150439ce3938937ba557b90ca1e97cd41fdcacc56af02,copied,0,20971520,verified,
03_Nature_Portfolio_Project/Supporting_Information/Data_Tables/3B-HHR.MS.MRG.3IMERG.20250319-S060000-E062959.0360.V07B.HDF5,7562777,9b0a06908ff79cd5633b00c1f66f1b1cd8c22fc6940fd494ff6954048759452b,copied,0,20971520,verified,
03_Nature_Portfolio_Project/Supporting_Information/Data_Tables/3B-HHR.MS.MRG.3IMERG.20250319-S063000-E065959.0390.V07B.HDF5,7565537,9f963c43f84e79b012b499429d9dfe7aacf00a1af5c48ccd08d8142a9f8dbdc4,copied,0,20971520,verified,
03_Nature_Portfolio_Project/Supporting_Information/Data_Tables/3B-HHR.MS.MRG.3IMERG.20250319-S070000-E072959.0420.V07B.HDF5,7587849,a15451bdd66f49e4a88aec56eabf2cf01d3bb0b119648781806901a40e9f746f,copied,0,20971520,verified,
03_Nature_Portfolio_Project/Supporting_Information/Data_Tables/3B-HHR.MS.MRG.3IMERG.20250319-S073000-E075959.0450.V07B.HDF5,7603038,b7008157c6830abb7dc5157b079b9dcd1ddec9ea6a32a9ca10026fd4d4c758cf,copied,0,20971520,verified,
03_Nature_Portfolio_Project/Supporting_Information/Data_Tables/3B-HHR.MS.MRG.3IMERG.20250319-S080000-E082959.0480.V07B.HDF5,7540283,04130f465fce851af5d6d3bbbe520312ffffad6a09079e141547fb44072f3f4f,copied,0,20971520,verified,
03_Nature_Portfolio_Project/Supporting_Information/Data_Tables/3B-HHR.MS.MRG.3IMERG.20250319-S083000-E085959.0510.V07B.HDF5,7636652,c9257fbe09481ad4ffd6b1356fc29e1606a5bfbfe65c7a9cf6ac93f1be022b71,copied,0,20971520,verified,
03_Nature_Portfolio_Project/Supporting_Information/Data_Tables/3B-HHR.MS.MRG.3IMERG.20250319-S090000-E092959.0540.V07B.HDF5,7549329,7b9bb604356c022091a543aa52ff6a75a5ca968d9465ef4b2fe2a690bba25af0,copied,0,20971520,verified,
03_Nature_Portfolio_Project/Supporting_Information/Data_Tables/3B-HHR.MS.MRG.3IMERG.20250319-S093000-E095959.0570.V07B.HDF5,7484737,1fe210ecccb2e1d26f80fd2bb3cde224b2beb784870463a64ccc5eb841a82bb9,copied,0,20971520,verified,
03_Nature_Portfolio_Project/Supporting_Information/Data_Tables/3B-HHR.MS.MRG.3IMERG.20250319-S100000-E102959.0600.V07B.HDF5,7626110,7cb7b542f58a8158c3ee37f21e29c664d729cbb0ac15013ec0bc21b6a0a934bf,copied,0,20971520,verified,
03_Nature_Portfolio_Project/Supporting_Information/Data_Tables/3B-HHR.MS.MRG.3IMERG.20250319-S103000-E105959.0630.V07B.HDF5,7535416,85c903e47f8dc5d9fe4130cec01ea36de6e0c6237c260b0082e10deb96186d6d,copied,0,20971520,verified,
03_Nature_Portfolio_Project/Supporting_Information/Data_Tables/3B-HHR.MS.MRG.3IMERG.20250319-S110000-E112959.0660.V07B.HDF5,7680017,e66cde6a0d5da970ef04edbcbd5d4fbd6bb3db534fcbc71254f537be98bd5a62,copied,0,20971520,verified,
03_Nature_Portfolio_Project/Supporting_Information/Data_Tables/3B-HHR.MS.MRG.3IMERG.20250319-S113000-E115959.0690.V07B.HDF5,7492430,5de69efb6d0bf672c03c7dfbdedded798e23a2d9e7780db85679e23f757abb91,copied,0,20971520,verified,
03_Nature_Portfolio_Project/Supporting_Information/Data_Tables/3B-HHR.MS.MRG.3IMERG.20250319-S120000-E122959.0720.V07B.HDF5,7513310,8c9476abedaa9950bc0fde914c80fda71cc92d1624ce6c4513f9aca8aa01219a,copied,0,20971520,verified,
03_Nature_Portfolio_Project/Supporting_Information/Data_Tables/3B-HHR.MS.MRG.3IMERG.20250319-S123000-E125959.0750.V07B.HDF5,7475750,f927b067d7ebb8fdbb7b915218b9fd2331b17fe36de488ff8b469508fb79e848,copied,0,20971520,verified,
03_Nature_Portfolio_Project/Supporting_Information/Data_Tables/3B-HHR.MS.MRG.3IMERG.20250319-S130000-E132959.0780.V07B.HDF5,7379331,7f4a43a57fa4ba33145255179e638a6780536cce0bed119f20c531f9b51f879c,copied,0,20971520,verified,
03_Nature_Portfolio_Project/Supporting_Information/Data_Tables/3B-HHR.MS.MRG.3IMERG.20250319-S133000-E135959.0810.V07B.HDF5,7542680,fcb86b41cea642c01370cc59fd145430b9a146d16080ac9ff3c4997b5496768f,copied,0,20971520,verified,
03_Nature_Portfolio_Project/Supporting_Information/Data_Tables/3B-HHR.MS.MRG.3IMERG.20250319-S140000-E142959.0840.V07B.HDF5,7631966,1ee7d8f0c12508d922888810e2864893d5544dddedd5fccb221e1dc54dcc1237,copied,0,20971520,verified,
03_Nature_Portfolio_Project/Supporting_Information/Data_Tables/3B-HHR.MS.MRG.3IMERG.20250319-S143000-E145959.0870.V07B.HDF5,7586073,501c8a9c560541a31c5312cc0aa8864e1a21f21e1d9f9bad7a615796293022ce,copied,0,20971520,verified,
03_Nature_Portfolio_Project/Supporting_Information/Data_Tables/3B-HHR.MS.MRG.3IMERG.20250319-S150000-E152959.0900.V07B.HDF5,7701024,79541c66613e741274bf430d812ae4ae6a74e1566274b4efa224b74dff0d3ee6,copied,0,20971520,verified,
03_Nature_Portfolio_Project/Supporting_Information/Data_Tables/3B-HHR.MS.MRG.3IMERG.20250319-S153000-E155959.0930.V07B.HDF5,7775362,d9a7ec6422d9806fbb8da71e9aaa7bba502fee3709988581cdb2102633978ca7,copied,0,20971520,verified,
03_Nature_Portfolio_Project/Supporting_Information/Data_Tables/3B-HHR.MS.MRG.3IMERG.20250319-S160000-E162959.0960.V07B.HDF5,7848474,f9db327a0f272b01f7786d9f302ed8a1e62b251cce347debc028ecbf5c307772,copied,0,20971520,verified,
03_Nature_Portfolio_Project/Supporting_Information/Data_Tables/3B-HHR.MS.MRG.3IMERG.20250319-S163000-E165959.0990.V07B.HDF5,7926175,5ccc25f0dfbc91003896bc37548cc3717c593f485c76c13d189e9b5cecc383f3,copied,0,20971520,verified,
03_Nature_Portfolio_Project/Supporting_Information/Data_Tables/3B-HHR.MS.MRG.3IMERG.20250319-S170000-E172959.1020.V07B.HDF5,7939941,543eaf26250e7cd87128700e7668957eabc710c26e87e75c369622a3c978e034,copied,0,20971520,verified,
03_Nature_Portfolio_Project/Supporting_Information/Data_Tables/3B-HHR.MS.MRG.3IMERG.20250319-S173000-E175959.1050.V07B.HDF5,7836476,b400dfcaeccf42db2cfb039903bc49da8d6d2da09454864df7f8b6450178f807,copied,0,20971520,verified,
03_Nature_Portfolio_Project/Supporting_Information/Data_Tables/3B-HHR.MS.MRG.3IMERG.20250319-S180000-E182959.1080.V07B.HDF5,7900908,c47582fe93f9cc0903cd254cf9580637abd7d31189339335f974883afb987b33,copied,0,20971520,verified,
03_Nature_Portfolio_Project/Supporting_Information/Data_Tables/3B-HHR.MS.MRG.3IMERG.20250319-S183000-E185959.1110.V07B.HDF5,8014210,5867db9b0b38ed5265524c9aab5bb3a59d1ba5b58ba51f4e333b74263c4a1c2b,copied,0,20971520,verified,
03_Nature_Portfolio_Project/Supporting_Information/Data_Tables/3B-HHR.MS.MRG.3IMERG.20250319-S190000-E192959.1140.V07B.HDF5,7864356,6616cc100f167ac7436922c3b3bd2a078019628d7ef463edab3bc08a73ba412b,copied,0,20971520,verified,
03_Nature_Portfolio_Project/Supporting_Information/Data_Tables/3B-HHR.MS.MRG.3IMERG.20250319-S193000-E195959.1170.V07B.HDF5,7908742,efa35a9ad5787e4e1e0f1ec63250d8904cd1d31005b4f3f30cc5024ba33e6fe2,copied,0,20971520,verified,
03_Nature_Portfolio_Project/Supporting_Information/Data_Tables/3B-HHR.MS.MRG.3IMERG.20250319-S200000-E202959.1200.V07B.HDF5,7933383,1919830fe01fe659b7292c199f91207e08d2c3ce61a2d45712707490a10c186b,copied,0,20971520,verified,
03_Nature_Portfolio_Project/Supporting_Information/Data_Tables/3B-HHR.MS.MRG.3IMERG.20250319-S203000-E205959.1230.V07B.HDF5,7908858,acc4475a48a3a05b8d4aae7bbdda5b2668e8f085a58dde61929a33d0437ce464,copied,0,20971520,verified,
03_Nature_Portfolio_Project/Supporting_Information/Data_Tables/3B-HHR.MS.MRG.3IMERG.20250319-S210000-E212959.1260.V07B.HDF5,7940653,cec9fa3f1f718119931179e68a1ad53acc6601cac08321143fc5340726ccd35f,copied,0,20971520,verified,
03_Nature_Portfolio_Project/Supporting_Information/Data_Tables/3B-HHR.MS.MRG.3IMERG.20250319-S213000-E215959.1290.V07B.HDF5,7781164,ce162843c29a784df4215bbce61df4d32d519cf8f0d9c6bc02cb137f73c8ea37,copied,0,20971520,verified,
03_Nature_Portfolio_Project/Supporting_Information/Data_Tables/3B-HHR.MS.MRG.3IMERG.20250319-S220000-E222959.1320.V07B.HDF5,7942782,501fdfa9cf8748a57e6096bc3e37d829a7ea9c360f912ae4e30b3940507f11a2,copied,0,20971520,verified,
03_Nature_Portfolio_Project/Supporting_Information/Data_Tables/3B-HHR.MS.MRG.3IMERG.20250319-S223000-E225959.1350.V07B.HDF5,7658170,c280c1eda08f97ffbb31e42aebd7169e9d0886f10e4746f5c52f04db37312d87,copied,0,20971520,verified,
03_Nature_Portfolio_Project/Supporting_Information/Data_Tables/3B-HHR.MS.MRG.3IMERG.20250319-S230000-E232959.1380.V07B.HDF5,7729814,c11c595510f69a0dd52a9470191b28a92a09fbb2ef5d8b60a3ae71fe4073515e,copied,0,20971520,verified,
03_Nature_Portfolio_Project/Supporting_Information/Data_Tables/3B-HHR.MS.MRG.3IMERG.20250319-S233000-E235959.1410.V07B.HDF5,7732332,8108c55d73e22a0c209435690622b06e04ae600e39933ef25f1792d07dafdab8,copied,0,20971520,verified,
03_Nature_Portfolio_Project/Supporting_Information/Data_Tables/3B-HHR.MS.MRG.3IMERG.20250320-S000000-E002959.0000.V07B.HDF5,7572100,677b458d91c55c39488202c4583c3ad7a798baeaf9b80063acfbdbe0d759b806,copied,0,20971520,verified,
03_Nature_Portfolio_Project/Supporting_Information/Data_Tables/3B-HHR.MS.MRG.3IMERG.20250320-S003000-E005959.0030.V07B.HDF5,7528962,ee35dc029c8a4c0d26da0eac38d9481ff9f92c3374a753b5fe322242b680ef6d,copied,0,20971520,verified,
03_Nature_Portfolio_Project/Supporting_Information/Data_Tables/3B-HHR.MS.MRG.3IMERG.20250320-S010000-E012959.0060.V07B.HDF5,7593314,4ce635ff9d547386ee5b1630840114a98751f0d4d35d82c41851ae22dc74da5b,copied,0,20971520,verified,
03_Nature_Portfolio_Project/Supporting_Information/Data_Tables/3B-HHR.MS.MRG.3IMERG.20250320-S013000-E015959.0090.V07B.HDF5,7618682,c2c92dce01ed614a2210b790b75c89bfdfda87b701186d44fae781c06f8e7f6e,copied,0,20971520,verified,
03_Nature_Portfolio_Project/Supporting_Information/Data_Tables/3B-HHR.MS.MRG.3IMERG.20250320-S020000-E022959.0120.V07B.HDF5,7606693,83dfd780ff64630b65d040574aeac357ba6c6df8aa1f7d702867b6c770edb33f,copied,0,20971520,verified,
03_Nature_Portfolio_Project/Supporting_Information/Data_Tables/3B-HHR.MS.MRG.3IMERG.20250320-S023000-E025959.0150.V07B.HDF5,7693814,9e71c2f4a10423b475e35b3fa72356b3ab20153884b2bb90a51edcbf4e07dede,copied,0,20971520,verified,
03_Nature_Portfolio_Project/Supporting_Information/Data_Tables/3B-HHR.MS.MRG.3IMERG.20250320-S030000-E032959.0180.V07B.HDF5,7683351,6951e9c169b213fba73e588da0c5f10787a7defe9c1cc6e7f38426f858b78959,copied,0,20971520,verified,
03_Nature_Portfolio_Project/Supporting_Information/Data_Tables/3B-HHR.MS.MRG.3IMERG.20250320-S033000-E035959.0210.V07B.HDF5,7562909,4bdf4c09b03e299effa43a026a4874b784ab824737cf97cdeb84c8e65b818262,copied,0,20971520,verified,
03_Nature_Portfolio_Project/Supporting_Information/Data_Tables/3B-HHR.MS.MRG.3IMERG.20250320-S040000-E042959.0240.V07B.HDF5,7813062,21dcfc5e551d54f4fdecc0c2a4c1550eea5322236c6a53a6e820e8af866a04a3,copied,0,20971520,verified,
03_Nature_Portfolio_Project/Supporting_Information/Data_Tables/3B-HHR.MS.MRG.3IMERG.20250320-S043000-E045959.0270.V07B.HDF5,7639927,14d80dec8b9a42ebb8c3592cf7eb283f977c6d5b8d00c054018ada066a60f7ac,copied,0,20971520,verified,
03_Nature_Portfolio_Project/Supporting_Information/Data_Tables/3B-HHR.MS.MRG.3IMERG.20250320-S050000-E052959.0300.V07B.HDF5,7616817,b0a1b8801c6e89ec62647fa32ab2c2be5bd0c6de19a1e8fa1466a560f1866773,copied,0,20971520,verified,
03_Nature_Portfolio_Project/Supporting_Information/Data_Tables/3B-HHR.MS.MRG.3IMERG.20250320-S053000-E055959.0330.V07B.HDF5,7627935,cdab6cfbe4f57e21085cf4e6ace431f218050fa09c33f9616898f29c8fbc987b,copied,0,20971520,verified,
03_Nature_Portfolio_Project/Supporting_Information/Data_Tables/3B-HHR.MS.MRG.3IMERG.20250320-S060000-E062959.0360.V07B.HDF5,7580867,3f02133df69c81cb5f310f51d3a76716628d07f672a513df44475f2a4891e462,copied,0,20971520,verified,
03_Nature_Portfolio_Project/Supporting_Information/Data_Tables/3B-HHR.MS.MRG.3IMERG.20250320-S063000-E065959.0390.V07B.HDF5,7609406,06d4adfdae791900d783b8dee855efcad0fe397481d5821aff8820e304960f54,copied,0,20971520,verified,
03_Nature_Portfolio_Project/Supporting_Information/Data_Tables/3B-HHR.MS.MRG.3IMERG.20250320-S070000-E072959.0420.V07B.HDF5,7541264,f8aa1fed802817c5d0e30514b05a013476f2e2c9e316f49348d7e179bfb3a311,copied,0,20971520,verified,
03_Nature_Portfolio_Project/Supporting_Information/Data_Tables/3B-HHR.MS.MRG.3IMERG.20250320-S073000-E075959.0450.V07B.HDF5,7492154,0c0020985c91f397c149221d9c7fd3d41ca57e972aca7e2763bd746911bf9845,copied,0,20971520,verified,
03_Nature_Portfolio_Project/Supporting_Information/Data_Tables/3B-HHR.MS.MRG.3IMERG.20250320-S080000-E082959.0480.V07B.HDF5,7633027,c7377c676ad740366b51d406843fedc960e0443871cd2d85f7ae31ec70747bb3,copied,0,20971520,verified,
03_Nature_Portfolio_Project/Supporting_Information/Data_Tables/3B-HHR.MS.MRG.3IMERG.20250320-S083000-E085959.0510.V07B.HDF5,7546889,13b93c40ada134804528c4753d995b1f3bd0cc16c99bd28a7e1f92e90e100182,copied,0,20971520,verified,
03_Nature_Portfolio_Project/Supporting_Information/Data_Tables/3B-HHR.MS.MRG.3IMERG.20250320-S090000-E092959.0540.V07B.HDF5,7558954,fbaee9a74f9e6463e29413db6bf845853786e81541855600dab6e14944d35665,copied,0,20971520,verified,
03_Nature_Portfolio_Project/Supporting_Information/Data_Tables/3B-HHR.MS.MRG.3IMERG.20250320-S093000-E095959.0570.V07B.HDF5,7564557,0b053c0f742076b829a7cb001bd0e346671df0398a176497fa1a7d56323c61ad,copied,0,20971520,verified,
03_Nature_Portfolio_Project/Supporting_Information/Data_Tables/3B-HHR.MS.MRG.3IMERG.20250320-S100000-E102959.0600.V07B.HDF5,7493256,f0430079d55ce90b1a090fc1a90a1ecaea11e67b06a6197368e862ebdc5e7ca7,copied,0,20971520,verified,
03_Nature_Portfolio_Project/Supporting_Information/Data_Tables/3B-HHR.MS.MRG.3IMERG.20250320-S103000-E105959.0630.V07B.HDF5,7489714,29e8be765b462ab1181e679073df73eed7a2459f6b3bd9b30a31a29e65da3e59,copied,0,20971520,verified,
03_Nature_Portfolio_Project/Supporting_Information/Data_Tables/3B-HHR.MS.MRG.3IMERG.20250320-S110000-E112959.0660.V07B.HDF5,7339791,7fb75ec571470f4a38736234cd55a27cf8449e145b12e20588ea1bf2f4c1bebf,copied,0,20971520,verified,
03_Nature_Portfolio_Project/Supporting_Information/Data_Tables/3B-HHR.MS.MRG.3IMERG.20250320-S113000-E115959.0690.V07B.HDF5,7438696,f18e77162e5cee7ae77f4ea6c176a1c64337c22cdb0bf99f105b039005ddbaf5,copied,0,20971520,verified,
03_Nature_Portfolio_Project/Supporting_Information/Data_Tables/3B-HHR.MS.MRG.3IMERG.20250320-S120000-E122959.0720.V07B.HDF5,7435131,5e1f6b4d1dc1d1e5be51c668dd7e05b0d45df006db9f5cc1f29dac5772f719e0,copied,0,20971520,verified,
03_Nature_Portfolio_Project/Supporting_Information/Data_Tables/3B-HHR.MS.MRG.3IMERG.20250320-S123000-E125959.0750.V07B.HDF5,7399145,42a13c7381fa2beee0d45e4897939727c0c2ab0688455d70897dfd55cb68f868,copied,0,20971520,verified,
03_Nature_Portfolio_Project/Supporting_Information/Data_Tables/3B-HHR.MS.MRG.3IMERG.20250320-S130000-E132959.0780.V07B.HDF5,7465038,0fa0a71d5caa32ca6b9a8adc67edb62763d42f19ccfd852265f9d89118410b3d,copied,0,20971520,verified,
03_Nature_Portfolio_Project/Supporting_Information/Data_Tables/3B-HHR.MS.MRG.3IMERG.20250320-S133000-E135959.0810.V07B.HDF5,7497221,aaabf13a97e803c815eee74bfd3601dbb14745c7a832468b72012e8fda8b5790,copied,0,20971520,verified,
03_Nature_Portfolio_Project/Supporting_Information/Data_Tables/3B-HHR.MS.MRG.3IMERG.20250320-S140000-E142959.0840.V07B.HDF5,7558756,9b75189cb43822544dc8fa24874a04575f75fccfc4c91ed0aae5e36161b32bff,copied,0,20971520,verified,
03_Nature_Portfolio_Project/Supporting_Information/Data_Tables/3B-HHR.MS.MRG.3IMERG.20250320-S143000-E145959.0870.V07B.HDF5,7623133,0d743604f39d2a61d72f329bc6eb3a224ae5ca04211e40f4239a8fc4050dd10c,copied,0,20971520,verified,
03_Nature_Portfolio_Project/Supporting_Information/Data_Tables/3B-HHR.MS.MRG.3IMERG.20250320-S150000-E152959.0900.V07B.HDF5,7756266,598d1f69224c1a322c66930fa1d314e6c32b89d16f0b2de9efb4f56f3b6f6c30,copied,0,20971520,verified,
03_Nature_Portfolio_Project/Supporting_Information/Data_Tables/3B-HHR.MS.MRG.3IMERG.20250320-S153000-E155959.0930.V07B.HDF5,7713942,ac4dc88adc6da2ae85b562a2c2811d3f321d25557bf06a6f8ae7336b178c9578,copied,0,20971520,verified,
03_Nature_Portfolio_Project/Supporting_Information/Data_Tables/3B-HHR.MS.MRG.3IMERG.20250320-S160000-E162959.0960.V07B.HDF5,7824421,6b1722b845db2a5502529df086c011c6aca9be8c949173a0cbd8b91a05802fb0,copied,0,20971520,verified,
03_Nature_Portfolio_Project/Supporting_Information/Data_Tables/3B-HHR.MS.MRG.3IMERG.20250320-S163000-E165959.0990.V07B.HDF5,7840648,b9d99ea25a66ce339fae979b4d019eb0ea06136d51197cf70ff7ddf807683503,copied,0,20971520,verified,
03_Nature_Portfolio_Project/Supporting_Information/Data_Tables/3B-HHR.MS.MRG.3IMERG.20250320-S170000-E172959.1020.V07B.HDF5,7722737,082eefab67bbfbce9baf507e9287bacd2cfa79ed35be726216dc16864d8db250,copied,0,20971520,verified,
03_Nature_Portfolio_Project/Supporting_Information/Data_Tables/3B-HHR.MS.MRG.3IMERG.20250320-S173000-E175959.1050.V07B.HDF5,7819710,01db9b57510d687f8ab869f5290c1bf33b5e60ac8f1f892db60ef270e743aeb9,copied,0,20971520,verified,
03_Nature_Portfolio_Project/Supporting_Information/Data_Tables/3B-HHR.MS.MRG.3IMERG.20250320-S180000-E182959.1080.V07B.HDF5,7830230,ba20522821de5d3f5483aa02e06e8431827b7c57e9f62ecf0dd352fc3d8aa77b,copied,0,20971520,verified,
03_Nature_Portfolio_Project/Supporting_Information/Data_Tables/3B-HHR.MS.MRG.3IMERG.20250320-S183000-E185959.1110.V07B.HDF5,7802755,1bb2706d2940965a9a143fedc1b087e9a8d96eea6690c5cb13674082f567464b,copied,0,20971520,verified,
03_Nature_Portfolio_Project/Supporting_Information/Data_Tables/3B-HHR.MS.MRG.3IMERG.20250320-S190000-E192959.1140.V07B.HDF5,7779788,a9572f0d355ccadf72a63f9dd9991b2049566bc178100fc467e490bc9de9451d,copied,0,20971520,verified,
03_Nature_Portfolio_Project/Supporting_Information/Data_Tables/3B-HHR.MS.MRG.3IMERG.20250320-S193000-E195959.1170.V07B.HDF5,7834965,ef70411a9b89767a24f52376de306c4a4a2dfc131cffee744f1b57ef89ec5e0c,copied,0,20971520,verified,
03_Nature_Portfolio_Project/Supporting_Information/Data_Tables/3B-HHR.MS.MRG.3IMERG.20250320-S200000-E202959.1200.V07B.HDF5,7926357,9fda8b82bf7597e2db650672f86594dade91ae7843e8128c07d83a2cf27f92e3,copied,0,20971520,verified,
03_Nature_Portfolio_Project/Supporting_Information/Data_Tables/3B-HHR.MS.MRG.3IMERG.20250320-S203000-E205959.1230.V07B.HDF5,7812677,12816bb99b86a86b935f5098f2012cb233e7ecd7ab039e2961dff76ead0ce45f,copied,0,20971520,verified,
03_Nature_Portfolio_Project/Supporting_Information/Data_Tables/3B-HHR.MS.MRG.3IMERG.20250320-S210000-E212959.1260.V07B.HDF5,7901905,caa0b90da327d5818628451f0f48b3a51cad37b847513b63e797773ae9659d9e,copied,0,20971520,verified,
03_Nature_Portfolio_Project/Supporting_Information/Data_Tables/3B-HHR.MS.MRG.3IMERG.20250320-S213000-E215959.1290.V07B.HDF5,7766220,d012069b5b3e0a7134c8210b2290324fef596e9376cf4a22c92d87de988ea92f,copied,0,20971520,verified,
03_Nature_Portfolio_Project/Supporting_Information/Data_Tables/3B-HHR.MS.MRG.3IMERG.20250320-S220000-E222959.1320.V07B.HDF5,7604350,fecc6b8dd90bed2a1a1e7e0f68e9837ecac2f8db308e84b3707223e9e16d934a,copied,0,20971520,verified,
03_Nature_Portfolio_Project/Supporting_Information/Data_Tables/3B-HHR.MS.MRG.3IMERG.20250320-S223000-E225959.1350.V07B.HDF5,7687248,bcf53c22750cb9888f05df08b5f09a6870ce0b544bdf3eaf38c3eef8c11d176f,copied,0,20971520,verified,
03_Nature_Portfolio_Project/Supporting_Information/Data_Tables/3B-HHR.MS.MRG.3IMERG.20250320-S230000-E232959.1380.V07B.HDF5,7555282,e7ae997a1a814b30a9aa063410844996035547dd8884cc1c998941a8b40acea8,copied,0,20971520,verified,
03_Nature_Portfolio_Project/Supporting_Information/Data_Tables/3B-HHR.MS.MRG.3IMERG.20250320-S233000-E235959.1410.V07B.HDF5,7550222,ebb348b0abc0e8ca03a9705a233ddd6963d9bc777919671fbe9dd3677a91d93e,copied,0,20971520,verified,
03_Nature_Portfolio_Project/Supporting_Information/Data_Tables/3B-HHR.MS.MRG.3IMERG.20250321-S000000-E002959.0000.V07B.HDF5,7549486,e32c82aed582577985651122b109ba5f5f703033c105ab893bbf8ebfb44d9367,copied,0,20971520,verified,
03_Nature_Portfolio_Project/Supporting_Information/Data_Tables/3B-HHR.MS.MRG.3IMERG.20250321-S003000-E005959.0030.V07B.HDF5,7468828,a38e86450c8d88041f0cb18b79d282b9b880661a1d61e06a3155b06455de7256,copied,0,20971520,verified,
03_Nature_Portfolio_Project/Supporting_Information/Data_Tables/3B-HHR.MS.MRG.3IMERG.20250321-S010000-E012959.0060.V07B.HDF5,7486634,ca3017a4a2dd2f749931d3ec7c398702f773d97ccb19c83d5205e977272e0f17,copied,0,20971520,verified,
03_Nature_Portfolio_Project/Supporting_Information/Data_Tables/3B-HHR.MS.MRG.3IMERG.20250321-S013000-E015959.0090.V07B.HDF5,7409882,45d9e1edc5e9ceb0686a5c445a7bf1b83e15b80d3a0352bc887b2d3ca979554e,copied,0,20971520,verified,
03_Nature_Portfolio_Project/Supporting_Information/Data_Tables/3B-HHR.MS.MRG.3IMERG.20250321-S020000-E022959.0120.V07B.HDF5,7552517,b6f3b864f5db567da5f1d4d30dcaa3beae62b2ceae4ad4fe58232383adce3971,copied,0,20971520,verified,
03_Nature_Portfolio_Project/Supporting_Information/Data_Tables/3B-HHR.MS.MRG.3IMERG.20250321-S023000-E025959.0150.V07B.HDF5,7523157,f3f2ad8c71d9bd4972802eb3666998ff8888046eb41fb4df7c2c7f2eb7bea09d,copied,0,20971520,verified,
03_Nature_Portfolio_Project/Supporting_Information/Data_Tables/3B-HHR.MS.MRG.3IMERG.20250321-S030000-E032959.0180.V07B.HDF5,7578955,ad557cb8e933f5bd839f464777e43a62b9c571531be4ab0bce2197502462e945,copied,0,20971520,verified,
03_Nature_Portfolio_Project/Supporting_Information/Data_Tables/3B-HHR.MS.MRG.3IMERG.20250321-S033000-E035959.0210.V07B.HDF5,7596663,7d41212dfb9588188838bfc4ee07f2a491c0fb61cbfd9b5965bad72ee73b8475,copied,0,20971520,verified,
03_Nature_Portfolio_Project/Supporting_Information/Data_Tables/3B-HHR.MS.MRG.3IMERG.20250321-S040000-E042959.0240.V07B.HDF5,7501331,c659e2221d00412deb14fc37c8d2c1596d2ad4621126363147f0d93664153166,copied,0,20971520,verified,
03_Nature_Portfolio_Project/Supporting_Information/Data_Tables/3B-HHR.MS.MRG.3IMERG.20250321-S043000-E045959.0270.V07B.HDF5,7588143,1253e53c98ec809330da816b9841d800e37cabf1c69243b048acac30905c0020,copied,0,20971520,verified,
03_Nature_Portfolio_Project/Supporting_Information/Data_Tables/3B-HHR.MS.MRG.3IMERG.20250321-S050000-E052959.0300.V07B.HDF5,7584389,0a97dc9dc53d8836a35aa945f0236be1955a6a36ed2162040a8de67974402680,copied,0,20971520,verified,
03_Nature_Portfolio_Project/Supporting_Information/Data_Tables/3B-HHR.MS.MRG.3IMERG.20250321-S053000-E055959.0330.V07B.HDF5,7488768,b8b72e860477429288dcb13b3a0f856ee3e8ecefbee5641646cfc22ef6a11d52,copied,0,20971520,verified,
03_Nature_Portfolio_Project/Supporting_Information/Data_Tables/3B-HHR.MS.MRG.3IMERG.20250321-S060000-E062959.0360.V07B.HDF5,7439563,6faaef70119cc847ee6f2c5a0e0d453dd090aa0c32e908fa31946c0b28b15258,copied,0,20971520,verified,
03_Nature_Portfolio_Project/Supporting_Information/Data_Tables/3B-HHR.MS.MRG.3IMERG.20250321-S063000-E065959.0390.V07B.HDF5,7516927,f302ba22f94ed0fa61b7fae2cb67622d1e2ade01efe9f79d90f55f7caecb33c2,copied,0,20971520,verified,
03_Nature_Portfolio_Project/Supporting_Information/Data_Tables/3B-HHR.MS.MRG.3IMERG.20250321-S070000-E072959.0420.V07B.HDF5,7537438,773fbd12bbcabb056df04c23d3580d161cf5186f85ad6430397b73a5c4ecefd1,copied,0,20971520,verified,
03_Nature_Portfolio_Project/Supporting_Information/Data_Tables/3B-HHR.MS.MRG.3IMERG.20250321-S073000-E075959.0450.V07B.HDF5,7558674,bd465bf294185ace72e494aa3dcf4c9357430106766a2c621e7608f4613ad8bc,copied,0,20971520,verified,
03_Nature_Portfolio_Project/Supporting_Information/Data_Tables/3B-HHR.MS.MRG.3IMERG.20250321-S080000-E082959.0480.V07B.HDF5,7514469,c16fecafdba267dd7c838a6fcd97bdc478e40217fefd7e1e5cb97666a49c90d0,copied,0,20971520,verified,
03_Nature_Portfolio_Project/Supporting_Information/Data_Tables/3B-HHR.MS.MRG.3IMERG.20250321-S083000-E085959.0510.V07B.HDF5,7548977,f626650fc722a11148e0152241ddc0a55d441ade6173619c061b115ad52938d1,copied,0,20971520,verified,
03_Nature_Portfolio_Project/Supporting_Information/Data_Tables/3B-HHR.MS.MRG.3IMERG.20250321-S090000-E092959.0540.V07B.HDF5,7438055,3c89c17df500e8dd5c1bab8c9408b15ddafe2c66c4d6883719bd8b12189d66c9,copied,0,20971520,verified,
03_Nature_Portfolio_Project/Supporting_Information/Data_Tables/3B-HHR.MS.MRG.3IMERG.20250321-S093000-E095959.0570.V07B.HDF5,7488786,a8290d01bdeafe9141de8229ff85bc45f47dd3f3cf35880c7ae70e34345577f3,copied,0,20971520,verified,
03_Nature_Portfolio_Project/Supporting_Information/Data_Tables/3B-HHR.MS.MRG.3IMERG.20250321-S100000-E102959.0600.V07B.HDF5,7346523,90803117a95f1c4f977292bf06fd81eeba2454b0b9ab730fa1a6c485bcaae6b1,copied,0,20971520,verified,
03_Nature_Portfolio_Project/Supporting_Information/Data_Tables/3B-HHR.MS.MRG.3IMERG.20250321-S103000-E105959.0630.V07B.HDF5,7517985,168a1a07ce8c763fe86cb34079a7633d1bade9f2861933bac8c6544e3139cc53,copied,0,20971520,verified,
03_Nature_Portfolio_Project/Supporting_Information/Data_Tables/3B-HHR.MS.MRG.3IMERG.20250321-S110000-E112959.0660.V07B.HDF5,7437359,5318b95e57956d06671a1135af4701eb670ee904d31e8570e72d8b043105210d,copied,0,20971520,verified,
03_Nature_Portfolio_Project/Supporting_Information/Data_Tables/3B-HHR.MS.MRG.3IMERG.20250321-S113000-E115959.0690.V07B.HDF5,7477005,840767a3105538fa6781a4fb691f2c5dd7b9e071f2f8a959df66d59f752b93e7,copied,0,20971520,verified,
03_Nature_Portfolio_Project/Supporting_Information/Data_Tables/3B-HHR.MS.MRG.3IMERG.20250321-S120000-E122959.0720.V07B.HDF5,7504609,f67f661aa8ace75b77e8620bfcf11dd63a6e79702df5aa910c4f4811837ec4bc,copied,0,20971520,verified,
03_Nature_Portfolio_Project/Supporting_Information/Data_Tables/3B-HHR.MS.MRG.3IMERG.20250321-S123000-E125959.0750.V07B.HDF5,7502722,57d008cbbbb8cf23bee1432604fc4c3b3b18e317e1bdd4b3f57d4ba1478206e5,copied,0,20971520,verified,
03_Nature_Portfolio_Project/Supporting_Information/Data_Tables/3B-HHR.MS.MRG.3IMERG.20250321-S130000-E132959.0780.V07B.HDF5,7621487,e1b03ba18275e754379453c36d457ade247e3ae25e2930ab2511a82eab3f2dad,copied,0,20971520,verified,
03_Nature_Portfolio_Project/Supporting_Information/Data_Tables/3B-HHR.MS.MRG.3IMERG.20250321-S133000-E135959.0810.V07B.HDF5,7665448,61bc4b1d7157fbeb12a87e2780bd64bc7ac0b54d66a0e5e7b3248b23f3c719df,copied,0,20971520,verified,
03_Nature_Portfolio_Project/Supporting_Information/Data_Tables/3B-HHR.MS.MRG.3IMERG.20250321-S140000-E142959.0840.V07B.HDF5,7721575,f9bd706d65046ae03397f5c6576fdf1f97990a05428da42eaf6c6b170ec83c46,copied,0,20971520,verified,
03_Nature_Portfolio_Project/Supporting_Information/Data_Tables/3B-HHR.MS.MRG.3IMERG.20250321-S143000-E145959.0870.V07B.HDF5,7710170,74398183c99f65ef78b43e6ba3195ad2b64a45ab0c9110f90d9b7208e862344a,copied,0,20971520,verified,
03_Nature_Portfolio_Project/Supporting_Information/Data_Tables/3B-HHR.MS.MRG.3IMERG.20250321-S150000-E152959.0900.V07B.HDF5,7753817,e9f17b959011bb64177bfdd2158c61db85761c1fab83d1bb2ba885526245773d,copied,0,20971520,verified,
03_Nature_Portfolio_Project/Supporting_Information/Data_Tables/3B-HHR.MS.MRG.3IMERG.20250321-S153000-E155959.0930.V07B.HDF5,7846940,a6303d77c762178a6bc2e0b0c7859b9097d357542da73ae0b81164c8c37977c0,copied,0,20971520,verified,
03_Nature_Portfolio_Project/Unclassified/Original_Archives/RAW_AUTHENTICATED_part01.zip,186507374,9306318473b7db24f102d0fcdabb625e6194601d2899ac9e37ab38b3f630a584,split,9,20971520,verified,03_Nature_Portfolio_Project/Unclassified/Original_Archives/RAW_AUTHENTICATED_part01.zip.restore.json
03_Nature_Portfolio_Project/Unclassified/Original_Archives/RAW_AUTHENTICATED_part02.zip,190091861,dcda435756e0cf60ce522bcc9a16867454e853f5bd2acead4010b36736a6a672,split,10,20971520,verified,03_Nature_Portfolio_Project/Unclassified/Original_Archives/RAW_AUTHENTICATED_part02.zip.restore.json
03_Nature_Portfolio_Project/Unclassified/Original_Archives/RAW_AUTHENTICATED_part03.zip,186363430,9b57fae6a765fdc5866181ced36457b330ecb89fab08f38a875fb8edf4de7047,split,9,20971520,verified,03_Nature_Portfolio_Project/Unclassified/Original_Archives/RAW_AUTHENTICATED_part03.zip.restore.json
03_Nature_Portfolio_Project/Unclassified/Original_Archives/RAW_AUTHENTICATED_part04.zip,189900287,f15b961e20de845d3949004d86d9b90cdd3e74e340791c26c829b6501c0a0176,split,10,20971520,verified,03_Nature_Portfolio_Project/Unclassified/Original_Archives/RAW_AUTHENTICATED_part04.zip.restore.json
03_Nature_Portfolio_Project/Unclassified/Original_Archives/RAW_AUTHENTICATED_part05.zip,190096495,594203d78a880ea9a6eb5b343e13eeba970e1146129f372fd7d23bdd580e6aac,split,10,20971520,verified,03_Nature_Portfolio_Project/Unclassified/Original_Archives/RAW_AUTHENTICATED_part05.zip.restore.json
03_Nature_Portfolio_Project/Unclassified/Original_Archives/RAW_AUTHENTICATED_part06.zip,116318489,62be5d660bdfb621df934c33d6e7171de008db935da464e1c4c286e420da23b6,split,6,20971520,verified,03_Nature_Portfolio_Project/Unclassified/Original_Archives/RAW_AUTHENTICATED_part06.zip.restore.json
03_Nature_Portfolio_Project/Unclassified/Original_Archives/D07AB_2025March_Flood_Event_Register_v0.1.zip,101170,cf7abf2f780bab37d414893d494660f12ec072d302eb2c109862292b28535325,copied,0,20971520,verified,
03_Nature_Portfolio_Project/Unclassified/Original_Archives/D07C_D07E_Flood_Hotspots_Hydromet_v0.2.zip,104380,8482ab99a7abaeeb3ba724c10d0e9ca134dd975826a1e90acfeec3f03b27f7c0,copied,0,20971520,verified,
03_Nature_Portfolio_Project/Unclassified/Original_Archives/D07F_Closure_Spatialization_IMERG_Readiness_v0.3.zip,184363,b1422caa6fcf75c063de921a3347a80806bf9c8180a990e31c9bb6a9d5de83f1,copied,0,20971520,verified,
03_Nature_Portfolio_Project/Figures/Images/GIS_Flood_Road_Susceptibility_Screening.png,271624,3d8a4c368287b038ef445365fcda1148ba4727893a97bfbbaf7d2c6456eb16c1,copied,0,20971520,verified,
03_Nature_Portfolio_Project/Supporting_Information/Geospatial_Data/JB_Flood_Evidence_and_Road_Susceptibility_Screening_RSO.gpkg,55484416,cc5e4d6a6e65fff716ab578d5f8a98bd8bee189d48bb3ca2a437e8aa1584d8f4,split,3,20971520,verified,03_Nature_Portfolio_Project/Supporting_Information/Geospatial_Data/JB_Flood_Evidence_and_Road_Susceptibility_Screening_RSO.gpkg.restore.json
03_Nature_Portfolio_Project/Supporting_Information/Data_Tables/D08_Global_Accessibility_Impact_Summary.csv,2275,0ab6c738020d194e3d95bdbd1957ca5791d11c21d6a6d93ae1b45e0bb6d72097,copied,0,20971520,verified,
03_Nature_Portfolio_Project/Supporting_Information/Data_Tables/D08_Resilience_Interpretation_Metrics.csv,511,3edc19f1c36a5d6cc2d41df6a29c8c4bec5f8e859a74f7e8ac0bbf1179dcff3a,copied,0,20971520,verified,
03_Nature_Portfolio_Project/Unclassified/Original_Archives/D08_Sensitivity_and_FloodSusceptibility_GIS_v1.0.zip,16125058,fe5520d767139c3a5bac3f5892b0606ebc1026bee9dcf6b24c4d9d4b11ee3c3d,copied,0,20971520,verified,
03_Nature_Portfolio_Project/Unclassified/Original_Archives/D08_Step1_2025_Observed_Closure_Accessibility_v0.1.zip,22359307,8ce6105b5f1789311e2ffc6081b29ac9f9afa32ceedd4ac7593b6d55295031b4,split,2,20971520,verified,03_Nature_Portfolio_Project/Unclassified/Original_Archives/D08_Step1_2025_Observed_Closure_Accessibility_v0.1.zip.restore.json
03_Nature_Portfolio_Project/Supporting_Information/Data_Tables/D08_Sensitivity_and_GIS_QC_Report.txt,4471,f4f64ab971f4d3eef29ced53ee6de42eef6eec1bdb45ed3315437a01169c787e,copied,0,20971520,verified,
03_Nature_Portfolio_Project/Supporting_Information/Data_Tables/D08_Step1_QC_Report.txt,10428,b3cb7857b225532cf12a540e7cb1aa55a904fdc5a7d931d9264dcff020a1bdc5,copied,0,20971520,verified,
03_Nature_Portfolio_Project/Supporting_Information/Data_Tables/D08_Criticality_Rank_Robustness.csv,956,8da7ab0679725808a3c86bf98595a4760f07efefb374d4f08476b1da8ccd876b,copied,0,20971520,verified,
03_Nature_Portfolio_Project/Supporting_Information/Data_Tables/D08_MAR20_27Combination_Sensitivity.csv,6869,c8adbdf67fbfd764b019e9ac5aa896df33aa802dff7651354d86fb9e7fc4106e,copied,0,20971520,verified,
03_Nature_Portfolio_Project/Supporting_Information/Data_Tables/D08_SingleClosure_Shift_Sensitivity.csv,2243,78a7c69dd84f73808b948dcff92511f3dc419da871250c3133134a80afbb28db,copied,0,20971520,verified,
03_Nature_Portfolio_Project/Supporting_Information/Data_Tables/D08_Single_Closure_Attribution.csv,1275,e5385485e30e1cd8dca03b923adca84c441f80e09c5a02bc94146aca76df32b3,copied,0,20971520,verified,
03_Nature_Portfolio_Project/Supporting_Information/Data_Tables/D08_Subdistrict_Accessibility_Impact.csv,6067,1776c6beb7c7b4b8068450e25162512301ba188ab4662498361e75c4a1b829cd,copied,0,20971520,verified,
03_Nature_Portfolio_Project/Supporting_Information/Data_Tables/D09_NetworkWide_Corridor_Priority_Summary.csv,65460,c90cdeea666b0be8d7c6ed4fcdde923a8dae3464a1e38789184dabf19689447b,copied,0,20971520,verified,
03_Nature_Portfolio_Project/Supporting_Information/Data_Tables/D09_Top_NonObserved_FuturePreparedness_Corridors.csv,2014,d5a77cf7e058eadea8a0c08f7096b83677810a9c040cf437d59891a7666f0935,copied,0,20971520,verified,
03_Nature_Portfolio_Project/Supporting_Information/Data_Tables/D09_RoadSegment_CRPI.csv,64404512,e32d0a96d629211fc38fc0e17131ae09fa8c97f7e558457804ed6eeb9cac1afd,split,4,20971520,verified,03_Nature_Portfolio_Project/Supporting_Information/Data_Tables/D09_RoadSegment_CRPI.csv.restore.json
03_Nature_Portfolio_Project/Figures/Images/D09_CRPI_Priority_Map.png,283867,419da818dad18a5001b2604febfb41e26e1853deaefa530f2a6c557c8745fd12,copied,0,20971520,verified,
03_Nature_Portfolio_Project/Figures/Images/D09_Susceptibility_Criticality_Matrix.png,154307,c16ab560c8764f1eb41dfc9fa7a7740f7e00062941603e912e41458f98d64d81,copied,0,20971520,verified,
03_Nature_Portfolio_Project/Submission_Materials/Data_Tables/D09_Observed2025_Recovery_Priority.csv,2123,3a191bb6015592a68e589724cc07f46c892bcb3feb721e5b8f1349f76b0cfea8,copied,0,20971520,verified,
03_Nature_Portfolio_Project/Unclassified/Original_Archives/D09_FloodSusceptibility_CriticalRoadPriority_v1.0.zip,36453296,0805cdcc396f74095559da39dcf8b966a28bc0542d364639ba0822f6ba9700b3,split,2,20971520,verified,03_Nature_Portfolio_Project/Unclassified/Original_Archives/D09_FloodSusceptibility_CriticalRoadPriority_v1.0.zip.restore.json
03_Nature_Portfolio_Project/Supporting_Information/Data_Tables/D09_QC_Report.txt,8868,e8072d9a699e6682dca39b4903cafc59a79d9f4ee71e0922b4c18fecc6b1e0e8,copied,0,20971520,verified,
03_Nature_Portfolio_Project/Submission_Materials/Geospatial_Data/D10_RecoveryBenefit_SpatialEquity_RSO.gpkg,294912,d6c7bd97df4a039cd4bc95ac0b4f8f28f0553882f5cb882e68d8efd34bffecc7,copied,0,20971520,verified,
03_Nature_Portfolio_Project/Unclassified/Original_Archives/D10_SpatialEquity_RecoveryBenefit_v1.0.zip,631253,1550b0707c8dcb07ba0bf8efda17a1771d9c0ad7f5ff9aa3453fe305c6430f42,copied,0,20971520,verified,
03_Nature_Portfolio_Project/Submission_Materials/Data_Tables/D10_QC_Report.txt,11165,1dfa89bb61d5e7b33bf9bf7ef49006ea0c4d787818e79744de78cd157c3361b7,copied,0,20971520,verified,
03_Nature_Portfolio_Project/Submission_Materials/Data_Tables/D10_Road_Recovery_Benefit_and_Efficiency.csv,1018,c034d32098a3f13fda89e4a0be83aabe028930961f48e539517deb4cd823de3c,copied,0,20971520,verified,
03_Nature_Portfolio_Project/Submission_Materials/Data_Tables/D10_All_6_Recovery_Orders.csv,1697,768cf22946a755c7c6d18073f3a9ea9014c02e45651b7fcbf3d1392762ff4af4,copied,0,20971520,verified,
03_Nature_Portfolio_Project/Submission_Materials/Data_Tables/D10_Recovery_Order_Stepwise.csv,7157,159b6eb7e6bf02edf28335a61a61c4d8815ff016e82bdbae062c41e5a3b2ac91,copied,0,20971520,verified,
03_Nature_Portfolio_Project/Submission_Materials/Data_Tables/D10_Subdistrict_Recovery_Benefit.csv,17227,f19f6847070ad18ebfa49bfa21735083f62ec746004440e2f1479b3fddb40cb2,copied,0,20971520,verified,
03_Nature_Portfolio_Project/Unclassified/Original_Archives/D11_Final_Results_Architecture_FigureTable_Freeze_v1.0.zip,136719,10e902a93f8ba3243930c3d1414fdf5a2f1db1dfd9768b763c51278183bb3f9d,copied,0,20971520,verified,
03_Nature_Portfolio_Project/Supporting_Information/Data_Tables/COPY_MANIFEST.csv,4019,e215fe56b809ace701791c52c51a6fe373ee03fd4a6679b8a33dbffc7fa19ffb,copied,0,20971520,verified,
03_Nature_Portfolio_Project/Supporting_Information/Data_Tables/COPY_SUMMARY.txt,683,3f568dc6c8cd6f2c485fba22dc2bdd7241ecbc52339b6f9ce1f349982c79919a,copied,0,20971520,verified,
03_Nature_Portfolio_Project/Supporting_Information/Data_Tables/Project_Reorganization_20261004.txt,1095,de5b375268b6c3d00f3e84022dff741a537a452f3493650fa7ba4a111a32fa48,copied,0,20971520,verified,
03_Nature_Portfolio_Project/Unclassified/Original_Archives/ARCHIVE_MISSING_RECOVERY_BUNDLE_20261005.zip,93672972,2fc63964d411196705912b0dd77509b4d29c3023b735b2c20b98ae91bc37d815,split,5,20971520,verified,03_Nature_Portfolio_Project/Unclassified/Original_Archives/ARCHIVE_MISSING_RECOVERY_BUNDLE_20261005.zip.restore.json
03_Nature_Portfolio_Project/Supporting_Information/Other_Files/gitignore,467,d4d710614457a5d02e6a420aa8ec395c8eac2051c71ea420d93cf45025b4b5d9,copied,0,20971520,verified,
03_Nature_Portfolio_Project/References/Other_Files/CITATION.cff,390,a9a5282127f64ec4563bc68699319e9402a8624ea2c33931baf20da0affdc395,copied,0,20971520,verified,
03_Nature_Portfolio_Project/Supporting_Information/Documents/DATA_AVAILABILITY.md,1035,fe77bfdb5ed6b2398e35ccc58f4ee98d67a7092aab49c4b47aed836baef7b404,copied,0,20971520,verified,
03_Nature_Portfolio_Project/Supporting_Information/Documents/LICENSE_PENDING.md,222,a9622cd4a04a9c947ebb3a0544161c35f81d9058d8815540a483fc8f6e5c4d70,copied,0,20971520,verified,
03_Nature_Portfolio_Project/Supporting_Information/Documents/README_v002_b43ddbcb.md,3395,b43ddbcbe50966c9316e29a894add20ec928deadaad291e73de1e65d7894557a,copied,0,20971520,verified,
03_Nature_Portfolio_Project/Supporting_Information/Data_Tables/REPOSITORY_FREEZE_20261005.txt,534,0669a9984a8dfb490667090788ed6ee911a831fb547e6b9fd3c964c3d230c208,copied,0,20971520,verified,
03_Nature_Portfolio_Project/Supporting_Information/Documents/REPOSITORY_SIZE_WARNING.md,1506,ba766b616a6fb15d692318376653e4330a90528ff5398bf631e90b62efc9cbf5,copied,0,20971520,verified,
03_Nature_Portfolio_Project/Supporting_Information/Documents/REPOSITORY_STRUCTURE.md,904,8f8640e32ccfdc4e26b06aeaaf5af2e10ffc6a07686e7b9b005c704a5bd1fb82,copied,0,20971520,verified,
03_Nature_Portfolio_Project/Supporting_Information/Documents/PLACEHOLDER_CODE_AVAILABILITY.md,207,690aa7253775dcab010579392d842e2be82664cd8a1537473369d517fc850b03,copied,0,20971520,verified,
03_Nature_Portfolio_Project/Supporting_Information/Documents/README_v002_4dd9786e.md,159,4dd9786e78286a1a8862d1e23727ce05ecaf2366861f785b080cbff713e4fa78,copied,0,20971520,verified,
03_Nature_Portfolio_Project/Supporting_Information/Data_Tables/D04A1_Public_Healthcare_Facilities.csv,10423,2f1daff2620d81e228561f594f609d758282c6f7c35f9ff9f41a4e1e9afb78ce,copied,0,20971520,verified,
03_Nature_Portfolio_Project/Supporting_Information/Data_Tables/D04A2_Community_Healthcare_Facilities.csv,12806,692068b5d40ce4f946a03717951337e0e94f5c079e75b82a320413b26a54fb67,copied,0,20971520,verified,
03_Nature_Portfolio_Project/Figures/Data_Tables/D06_Hospital_Access_to_RoutingGraph_Mapping.csv,2474,85ef25848d96ddaddefce91ca560d49ffb00d1e6ebe91faf0acdc290ba17b6aa,copied,0,20971520,verified,
03_Nature_Portfolio_Project/Supporting_Information/Data_Tables/D06_ORIGINAL_DEPRECATED_FOR_SCIENTIFIC_COMPARISON.txt,54,a21f8a9b16aded1fd23fe094c56f5b50ffd13234396946b45a2f6aa276de9010,copied,0,20971520,verified,
03_Nature_Portfolio_Project/Figures/Data_Tables/D06_Origin_Access_to_RoutingGraph_Mapping.csv,9068110,53e658ff94468c9e86b6a4f5853fb01e51908fe5d9a5d67800440d67df44201b,copied,0,20971520,verified,
03_Nature_Portfolio_Project/Submission_Materials/Geospatial_Data/jcr_journal_baseline_2026.json,7525,ec8873f8f0dc33a79a0f980891ff365ff0050bfd0fabad68fa207c211afcd809,copied,0,20971520,verified,
03_Nature_Portfolio_Project/Results/Documents/D11_Results_Section_Architecture.md,2738,cd3612711286f9a74883cbfcfdfbd92cd96745a75c1b6d9b6a0531f33711645f,copied,0,20971520,verified,
03_Nature_Portfolio_Project/Supporting_Information/Documents/KNOWN_LIMITATIONS.md,493,f2e7f4246c2ead7c9dd7c2fa4237e86f358c8fca103a93f30d87b4fb11eabeb4,copied,0,20971520,verified,
03_Nature_Portfolio_Project/Methods/Documents/METHODS_DATA_PIPELINE.md,527,8833e0ca228246434afdec152109877a83feeb02dcf5a34a8e18ca5eb9c849ed,copied,0,20971520,verified,
03_Nature_Portfolio_Project/Supporting_Information/Documents/REPRODUCIBILITY_NOTES.md,603,89666e0a4118f52bcc51984fe8410d8b8ea28e4059350a3c417ea46bdf7a1c3b,copied,0,20971520,verified,
03_Nature_Portfolio_Project/Supporting_Information/Data_Tables/EXTERNAL_DATA_MANIFEST.csv,170639,b33abb6b76a96fe903f8bd7f8abf38fd17b66d17a9c945bd4ab4f2e6c184eef6,copied,0,20971520,verified,
03_Nature_Portfolio_Project/Supporting_Information/Documents/README_v002_619e4858.md,243,619e485838c5269ae19c040b3199a825110e9f758ce70673ef3ee244fb90cbf4,copied,0,20971520,verified,
03_Nature_Portfolio_Project/Results/Images/D11_Results_Architecture_OnePage.png,167126,ee19234b532fbd538431d11bdbfb3497c15119ac7d9b524072cb76ddb4b2795c,copied,0,20971520,verified,
03_Nature_Portfolio_Project/Results/Images/D07E_IMERG_20250320_Grid_Daily_Rainfall.png,111563,0479f1ab1622c44c6de8e8e4a94b078ce2f517088d38f7f3186b41c0efa3a7a2,copied,0,20971520,verified,
03_Nature_Portfolio_Project/Results/Images/D07E_JB_AreaWeighted_30min_Rainfall.png,120132,132fabff8c3e630f36d9b438c8c9f79114b8e3f5d539859f9b1c6244c7b285bf,copied,0,20971520,verified,
03_Nature_Portfolio_Project/Results/Images/D07E_JB_AreaWeighted_Rolling_1h.png,124316,9728d6f5e89cb3ca3274e0673d556027f606a2c4366e59cfc5c812abd146c8b1,copied,0,20971520,verified,
03_Nature_Portfolio_Project/Results/Images/D07E_JB_AreaWeighted_Rolling_3h.png,116617,e63cb11918f09984e1f74f18c7e1f613e92a5c7287674fc2e1efc0ee920741ef,copied,0,20971520,verified,
03_Nature_Portfolio_Project/Results/Images/D07E_JB_AreaWeighted_Rolling_6h.png,113406,b97738a62eb57e7927c57fa4998d35cb6a8b6ce4d9648ddb45ea3c7c905e432b,copied,0,20971520,verified,
03_Nature_Portfolio_Project/Results/Images/D07E_Senai_Gauge_vs_IMERG_20250320.png,48762,6a03960cfafbd681af96e11428f2a3f9ef2851d19efd4e129b9a425a14e8dda5,copied,0,20971520,verified,
03_Nature_Portfolio_Project/Results/Images/D08_30_45_60min_Coverage.png,89074,9110317c89b5f4d014ee414be5448b3aa1fb14e21190704b4cdef291c0113fce,copied,0,20971520,verified,
03_Nature_Portfolio_Project/Results/Images/D08_EventFootprint_TravelTime_Change_Map.png,397638,e6a88937d24d27a3606cf10ed5f66640bad9d36ce19d98ae90bb92f777bad4e1,copied,0,20971520,verified,
03_Nature_Portfolio_Project/Results/Images/D08_Global_Mean_TravelTime_Increase.png,91745,bb553f0dcf329fdf2c6ca5f699d7332a7292f2dbdb34c9235fadffdf4e813ee3,copied,0,20971520,verified,
03_Nature_Portfolio_Project/Results/Images/D08_MAR20_NewlyUnreachable_Sensitivity.png,68552,98d5e4c041ebf7bef48a87131b3f3aef2bc49921a561ade6bb0ebb7ff37595dd,copied,0,20971520,verified,
03_Nature_Portfolio_Project/Results/Images/D08_Newly_Unreachable_Population.png,87738,599f5c78bea625e99de80b3012bccf01a98cd04fe26fdfaa62173f378d5d56b9,copied,0,20971520,verified,
03_Nature_Portfolio_Project/Results/Images/D08_SingleRoad_Criticality_Sensitivity.png,150594,640c5e99aeca423a89416f206fe77d2d8a5a4f6cc03928e2331d0d20b525f812,copied,0,20971520,verified,
03_Nature_Portfolio_Project/Results/Images/D08_Subdistrict_Mean_Increase_EventFootprint.png,128509,68c66fc18d6b393943e4eda337c13b885be64a74982bb3ff0877beb12e95b3da,copied,0,20971520,verified,
03_Nature_Portfolio_Project/Results/Images/D09_Observed2025_Recovery_Priority.png,98976,23367ece9ce3111eae4742cc5d30eb4026cc2dcc280e55700a23fcf668b4b29d,copied,0,20971520,verified,
03_Nature_Portfolio_Project/Results/Images/D09_Top_Corridor_CRPI.png,195446,d20d19e286ae285e021db13cf43162d5cfe31d30eaf6502d0093d3e627788b40,copied,0,20971520,verified,
03_Nature_Portfolio_Project/Results/Images/D10_BestOrder_Cumulative_Recovery.png,103881,e69347efc58c1a062f662b0cbc6f609e96db6dfb107e4de621bf866903a2331f,copied,0,20971520,verified,
03_Nature_Portfolio_Project/Results/Images/D10_Equity_Gini_Recovery.png,146545,6b749a148170cf32f8a20b8b57381be046ddae1af1796a222b13540bd25a6ab5,copied,0,20971520,verified,
03_Nature_Portfolio_Project/Results/Images/D10_FirstStep_Recovery_Benefit_AllOrders.png,89921,e83291a6f4c4b865339601cdbf9cb45dd51d1699aee8f7f308a79ea50711fc0e,copied,0,20971520,verified,
03_Nature_Portfolio_Project/Results/Images/D10_Origin_RecoveryStage_Map.png,225885,37cce32119d87e904f821d255fb109cd5e17cfbdc757789e8c1c03ad9afaacf8,copied,0,20971520,verified,
03_Nature_Portfolio_Project/Results/Images/D10_Tebrau_Plentong_Recovery_Benefit.png,75867,00cec5bf61199bf7bcda7b9d26a6d906084328ac940d44a0b0d0b9188b379cc5,copied,0,20971520,verified,
03_Nature_Portfolio_Project/Supporting_Information/Geospatial_Data/JB_Community_Healthcare_D04A2_RSO.gpkg,221184,555401af009d2fa4a6227727931ccccb66da03ff9800007708d6dc6396da1838,copied,0,20971520,verified,
03_Nature_Portfolio_Project/Supporting_Information/Geospatial_Data/JB_Community_Healthcare_D04A2_WGS84.gpkg,221184,a03b6ffa186ab25dedb8d22d7e1936f0fae101a2d0776245982e5764c86837ad,copied,0,20971520,verified,
03_Nature_Portfolio_Project/Supporting_Information/Geospatial_Data/JB_Public_Healthcare_D04A1_RSO.gpkg,196608,818b82dd2b713b94022282d3e7cab65504867d9c2b3b250344b3983b9648132f,copied,0,20971520,verified,
03_Nature_Portfolio_Project/Supporting_Information/Geospatial_Data/JB_Public_Healthcare_D04A1_WGS84.gpkg,196608,2eb0e841dbab725f9a5c22133bb7aa2da899424ce4c676ebae3eee9241fe66fc,copied,0,20971520,verified,
03_Nature_Portfolio_Project/Figures/Geospatial_Data/JB_Terrain_RelativeElevation_1000m_RSO.tif,3799505,6b2b3635aeeaffb2b8061f63ec04cb64b47b8933e0fcb9de08712f847c326890,copied,0,20971520,verified,
03_Nature_Portfolio_Project/Supporting_Information/Geospatial_Data/D08_EventFootprint_Accessibility_Impact_RSO.gpkg,17944576,93b31bc027ccfd1079266c1ebfae7ad21ad47ca8dba3499fc5d10d72899f8830,copied,0,20971520,verified,
03_Nature_Portfolio_Project/Supporting_Information/Geospatial_Data/JB_Subdistrict_Boundaries_MyGDI_WGS84.geojson,105078,7bb2a63acc4e7a1a3972ecee887d4c83c672fda1375bcf4aa2f4b464b9cbbdbf,copied,0,20971520,verified,
03_Nature_Portfolio_Project/Supporting_Information/Geospatial_Data/D09_FloodSusceptibility_CriticalRoadPriority_RSO.gpkg,28131328,fa6acf201242c3a76f087893edc9871d1e2588992b84eaf1144a08270a624554,split,2,20971520,verified,03_Nature_Portfolio_Project/Supporting_Information/Geospatial_Data/D09_FloodSusceptibility_CriticalRoadPriority_RSO.gpkg.restore.json
03_Nature_Portfolio_Project/Supporting_Information/Geospatial_Data/D09_FloodSusceptibility_CriticalRoadPriority_WGS84.gpkg,28200960,93b2742dd0e4523825f4fde6f0ee567332cd591381969e78ad2936dd22d60c39,split,2,20971520,verified,03_Nature_Portfolio_Project/Supporting_Information/Geospatial_Data/D09_FloodSusceptibility_CriticalRoadPriority_WGS84.gpkg.restore.json
03_Nature_Portfolio_Project/Supporting_Information/Geospatial_Data/D06R_Routing_Context_UNCHANGED_RSO.gpkg,135168,ed64bf808c99eb182b3b0fbcf2596ac6112ab6758b033c58efc834f2a16f4340,copied,0,20971520,verified,
03_Nature_Portfolio_Project/Supporting_Information/Geospatial_Data/D07B_Healthcare_Impacts_RSO.gpkg,98304,1f68c834954a05b8bdc2cf8ea2d1aa26fafac41e15dd5f9cd283091581fb1e5a,copied,0,20971520,verified,
03_Nature_Portfolio_Project/Supporting_Information/Geospatial_Data/D07B_JKR_Route_OSM_Candidates_RSO.gpkg,364544,c64dc28e10eb9fc7a8b829d4af5c5e57174575854f9a4fc1a15b69939e50f0a8,copied,0,20971520,verified,
03_Nature_Portfolio_Project/Supporting_Information/Geospatial_Data/D07C_2023_Closure_RoadName_Candidates_RSO.gpkg,126976,9c0a2954ffb3045a24c721000e4003aa5c9611b96c8d53100f36b6a9cab3af0d,copied,0,20971520,verified,
03_Nature_Portfolio_Project/Supporting_Information/Geospatial_Data/D07C_Historical_Locations_OSM_Exact_RSO.gpkg,131072,c8d2c9609b95d676423ac0b1e54851ee1d2a94424ed78437d13d871d22c3d69b,copied,0,20971520,verified,
03_Nature_Portfolio_Project/Supporting_Information/Geospatial_Data/D07C_JB_Official_Hotspots_OSM_Matched_RSO.gpkg,131072,328f0d8c9a90def37bdf9b165a68e0b432a89c5ffd34f6b680bc845143b2a259,copied,0,20971520,verified,
03_Nature_Portfolio_Project/Supporting_Information/Geospatial_Data/D07E_GPM_IMERG_JB_GridCells_WGS84.gpkg,131072,02aff3f7e3376ce32a74b227f20ee46a8edfa7e8edd2f94985bf9df90a0bea43,copied,0,20971520,verified,
03_Nature_Portfolio_Project/Supporting_Information/Geospatial_Data/D07F_2023_SourceLimited_Closure_Spatialization_RSO.gpkg,172032,7f875654075417f234fe6b8324802b203b373244516da1052c0698e713e32757,copied,0,20971520,verified,
03_Nature_Portfolio_Project/Supporting_Information/Geospatial_Data/D07F_Authorized_Closure_Spatialization_RSO.gpkg,159744,499f66c2b95f5807c63560fd23a38bc7c9cda40df4d1366b7c6ffb084264af84,copied,0,20971520,verified,
04_Figure_Support_Data/Shared_GIS_Assets/Geospatial_Data/JB_District_Boundary_MyGDI_WGS84.geojson,34489,58192628dffbea2415c7d5c996415a0a7838a5a4b9f156a8e4c7d3f4d3c6b524,copied,0,20971520,verified,
03_Nature_Portfolio_Project/Supporting_Information/Data_Tables/D06R_Data_Dictionary.csv,520,0aa0e9cf460fabd86286c9dca337ff7c0b06a7eb7d9ea425278d409e324dca30,copied,0,20971520,verified,
03_Nature_Portfolio_Project/Supporting_Information/Data_Tables/D07AB_Data_Dictionary.csv,874,df305686331a8e3249fa4cbf5330de8a5d2875987585fadada032c60597fa623,copied,0,20971520,verified,
03_Nature_Portfolio_Project/Supporting_Information/Data_Tables/D07C_D07E_Data_Dictionary.csv,862,c029e109a60ffb8619dbb9cb0d2c28faa9a83e65374e297726464df5c6b4ba8d,copied,0,20971520,verified,
03_Nature_Portfolio_Project/Supporting_Information/Data_Tables/D07E_Final_Data_Dictionary.csv,639,b1f9afe63e994a649ecebe6c88fb5b7e3517a90b122c4df6a96c2f4514c80564,copied,0,20971520,verified,
03_Nature_Portfolio_Project/Supporting_Information/Data_Tables/D07F_Data_Dictionary.csv,905,c3be5e0f20b113f660aaab90ec7f13495b9d31e10054a868cb614e8eab60b41c,copied,0,20971520,verified,
03_Nature_Portfolio_Project/Supporting_Information/Data_Tables/D09_Data_Dictionary.csv,1133,fa43e09d07aa24147ece2379f6dcd056e9bf13e2d9771ca99a1a231aa27dd41c,copied,0,20971520,verified,
03_Nature_Portfolio_Project/Supporting_Information/Data_Tables/D10_Data_Dictionary.csv,871,99203e375f927e79131ab830e704f0a718c48703495cbbadee7d160b0794b3e0,copied,0,20971520,verified,
03_Nature_Portfolio_Project/Supporting_Information/Data_Tables/D07E_GPM_IMERG_V07B_20250319_21_MYT_144_Granule_Manifest.csv,76411,8d31c16b1a74322dd014990f6a5dc98ae28bab2abbfba6fe396373c8aac8bfde,copied,0,20971520,verified,
03_Nature_Portfolio_Project/Supporting_Information/Data_Tables/FILE_MANIFEST.csv,114393,768a665df38d5c584a1fba4e10e7ceb82c823034fc53f29902745c1b0fb682a0,copied,0,20971520,verified,
03_Nature_Portfolio_Project/Figures/Data_Tables/GITHUB_RENAME_MAP.csv,3,f1945cd6c19e56b3c1c78943ef5ec18116907a4ca1efc40a57d48ab1db7adfc5,copied,0,20971520,verified,
03_Nature_Portfolio_Project/Supporting_Information/Data_Tables/GITHUB_SIZE_AUDIT.csv,36725,09dd505e29e709215e04cbf75c0ac02936af359ec4446c2f8ff7b521c70c3158,copied,0,20971520,verified,
03_Nature_Portfolio_Project/Supporting_Information/Data_Tables/README_LINK_AUDIT.csv,330,4e83a836b90a9ed1ab60b78d5c2732e0991a16cc1780779c868ee772f4167966,copied,0,20971520,verified,
03_Nature_Portfolio_Project/Supporting_Information/Geospatial_Data/REPOSITORY_FREEZE_SUMMARY.json,619,d8d2a574c673eb3bb9ca6fcf8f27c7e10aa7b04ca4d25dda9ed14430ae38aa05,copied,0,20971520,verified,
03_Nature_Portfolio_Project/Supporting_Information/Data_Tables/D06R_Derived_Files_SHA256.txt,2351,11a5da555954cb1c16e952a061e680b58663c08f90edb139b479db13b266aa93,copied,0,20971520,verified,
03_Nature_Portfolio_Project/Supporting_Information/Geospatial_Data/D06R_Metadata.json,510,1464b7b67751f601ab637840ab1079c72cc4f60fa2a9653701565c8648a8e560,copied,0,20971520,verified,
03_Nature_Portfolio_Project/Supporting_Information/Data_Tables/D07AB_Derived_Files_SHA256.txt,1810,7aad4999b4dff0520676000db1938386de4c91e3a76ab6e060fa5cfc9ca65394,copied,0,20971520,verified,
03_Nature_Portfolio_Project/Supporting_Information/Geospatial_Data/D07AB_Metadata.json,845,d10807e693328d9f69c33ae5f608033a3645aae4aabd3fd4ec1a480acc28b358,copied,0,20971520,verified,
03_Nature_Portfolio_Project/Supporting_Information/Data_Tables/D07C_D07E_Derived_Files_SHA256.txt,3504,0066cdd337f8c777b8e5eed6f7f92808d4103dec8275ab52bef9b22fb46d8132,copied,0,20971520,verified,
03_Nature_Portfolio_Project/Supporting_Information/Geospatial_Data/D07C_D07E_Metadata.json,1891,411129556a4ad841b0a98302517fb0d7c15319eaa1230c3b38e4996972e7cbb3,copied,0,20971520,verified,
03_Nature_Portfolio_Project/Supporting_Information/Data_Tables/D07E_Derived_Files_SHA256.txt,2417,fb8d14220b6015f4426ab97c6dc97bcb6ea5196b269bdff19dd6e258ad4dd0e5,copied,0,20971520,verified,
03_Nature_Portfolio_Project/Supporting_Information/Scripts/D07E_download_and_aggregate_IMERG.py,3428,f9ffaceed8292cc5e47aebfe6155953b85aca5d065d869a8310ab0930db5f48c,copied,0,20971520,verified,
03_Nature_Portfolio_Project/Supporting_Information/Geospatial_Data/D07E_Final_Metadata.json,1112,8ac2480e7262954d4e743810de1df45be1a6061d24112cd92fa3c27784a291b2,copied,0,20971520,verified,
03_Nature_Portfolio_Project/Supporting_Information/Geospatial_Data/D07F_Metadata.json,1436,28aae0f6c451417f3783ab458e64567281d3125574d660fb84b5150a4bcd21d4,copied,0,20971520,verified,
03_Nature_Portfolio_Project/Supporting_Information/Scripts/D07F_process_uploaded_IMERG.py,2963,170f763e60f8ccdad50fabd9eb14d8b25bb4efe7144d893b24fafd22ffbf63a7,copied,0,20971520,verified,
03_Nature_Portfolio_Project/Supporting_Information/Data_Tables/D07F_SHA256.txt,1898,43c92b7ac608d24fa1b6f63f8474ea114d6096db518f8ca18c47ca82f951a296,copied,0,20971520,verified,
03_Nature_Portfolio_Project/Supporting_Information/Geospatial_Data/D07_Event_Inclusion_Criteria.json,1758,a46345196242c16b79132034612bb11fdd4ced02a677b5b92d2d1f42e1c09de4,copied,0,20971520,verified,
03_Nature_Portfolio_Project/Supporting_Information/Data_Tables/D08_Derived_Files_SHA256.txt,2398,8c95f79e35756eac8e2619016b54de7c4666aa44b662146bd9708da46acb4488,copied,0,20971520,verified,
03_Nature_Portfolio_Project/Supporting_Information/Geospatial_Data/D08_Metadata.json,807,30e2d03bb4e9d3734526368f8db8f9604021e6377140afd4aaf7490765d805ac,copied,0,20971520,verified,
03_Nature_Portfolio_Project/Supporting_Information/Geospatial_Data/D08_Sensitivity_and_GIS_Metadata.json,732,102601f5dd11d63e218057683848193a1c6fe81fa6e6940f7737471eeec94cda,copied,0,20971520,verified,
03_Nature_Portfolio_Project/Supporting_Information/Data_Tables/D08_Sensitivity_and_GIS_SHA256.txt,1797,975f77f9a9fe97875ae3545242ba61c6ee05b9e5d2d01c4d72fbb8ba6dd08a25,copied,0,20971520,verified,
03_Nature_Portfolio_Project/Supporting_Information/Data_Tables/D09_CRPI_Definition.csv,1449,e6dfcc5dda3967478b820b53d971ff94300c63563096c14f590bdee3746dad14,copied,0,20971520,verified,
03_Nature_Portfolio_Project/Supporting_Information/Data_Tables/D09_Derived_Files_SHA256.txt,2495,34e5ff9f6e0b16e4afd5fffcd13660e7d92c8db431a592f35e4d8024b7e73382,copied,0,20971520,verified,
03_Nature_Portfolio_Project/Supporting_Information/Geospatial_Data/D09_Metadata.json,1158,c1f83bf3ce7d7d9b609ab885e15ae08920d79ebc253631b1c47a2e6137f3d547,copied,0,20971520,verified,
03_Nature_Portfolio_Project/Supporting_Information/Data_Tables/D10_Derived_Files_SHA256.txt,2659,f2c470a4b35b79e927158b159a3aa0c9e85f036c3e5591c4f62b2ec9d604a1ec,copied,0,20971520,verified,
03_Nature_Portfolio_Project/Supporting_Information/Geospatial_Data/D10_Metadata.json,887,d52a96d2d5cba122e21dc7e2091780f8b231d1d101fdf6ebf76566c84087dcd7,copied,0,20971520,verified,
03_Nature_Portfolio_Project/Supporting_Information/Data_Tables/D11_Derived_Files_SHA256.txt,750,09c3d74c9ee336277fe415e765eab1cd7ec45adecaa30fa898060abef0d75179,copied,0,20971520,verified,
03_Nature_Portfolio_Project/Supporting_Information/Geospatial_Data/D11_Metadata.json,474,a62cd7b94e30f66b09ca3a3d49cfc959a7fbe1eb655ca56fd14a3f8d3857bcdd,copied,0,20971520,verified,
03_Nature_Portfolio_Project/Supporting_Information/Other_Files/main,770,9717050553cac3a679b2e71b003d39fca2c98278a29dd47f2ba26b72796fcef8,copied,0,20971520,verified,
03_Nature_Portfolio_Project/Supporting_Information/Other_Files/main_ALT001,41,6d1e2b176b7fe2cf02c21661640d103c22beada3487b8b740454c21cee18bc8e,copied,0,20971520,verified,
03_Nature_Portfolio_Project/Supporting_Information/Other_Files/main_COPY001,41,9f889df2ae3b5088a007ab4a93d89a213db01102dc9c06a3f3186bb4d2c8bc86,copied,0,20971520,verified,
03_Nature_Portfolio_Project/Supporting_Information/Other_Files/main_DUP001,616,338e2247b707723e9661ba6bb1cad4ad99b47b06e4bb2d0ab2519385263e7677,copied,0,20971520,verified,
03_Nature_Portfolio_Project/Supporting_Information/Other_Files/malaysia-singapore-brunei-261003.osm.pbf.md5,75,c628699da9d157f1d22f41af715a24bab3ac5a35ce46c4442878dcda96196f04,copied,0,20971520,verified,
03_Nature_Portfolio_Project/Supporting_Information/Other_Files/sendemail-validate.sample,2308,44ebfc923dc5466bc009602f0ecf067b9c65459abfe8868ddc49b78e6ced7a92,copied,0,20971520,verified,
03_Nature_Portfolio_Project/Figures/Images/D03C1_RelativeElevation_1000m_QC.png,857342,2aed1e03e50cb1267f9a76a5f456d94b52817e46a11eceace8af5b79bdaca194,copied,0,20971520,verified,
03_Nature_Portfolio_Project/Supporting_Information/Data_Tables/jcr_q1_baseline_20261005.csv,50376,c0c39e0f3affe9f1305310e7be9561ece5a65a4162a226f235c1da9fa1b6181c,copied,0,20971520,verified,
03_Nature_Portfolio_Project/Supporting_Information/Geospatial_Data/jcr_q1_baseline_20261005.json,219383,284c476b133fd0191afd0ea902f572ce4f8e3f4d8f32fae7fcdeb878d4643ae1,copied,0,20971520,verified,
03_Nature_Portfolio_Project/Supporting_Information/Documents/jcr_q1_baseline_20261005.md,8922,3256240e39e4b99fe1fd72d4fea5eae970672298d57c861bac912753ff16a5d3,copied,0,20971520,verified,
03_Nature_Portfolio_Project/Supporting_Information/Data_Tables/openalex_baseline_20261005.csv,50583,65a7ec617a5fc981454f2b5adf3f203ddff67497863949aa5472f6d6f3b5762b,copied,0,20971520,verified,
03_Nature_Portfolio_Project/Supporting_Information/Geospatial_Data/openalex_baseline_20261005.json,117909,5afb5588212bdae0be34bffca8eb6c9336df3aed7c989efe1d9f30cbda10101c,copied,0,20971520,verified,
03_Nature_Portfolio_Project/Supporting_Information/Documents/openalex_baseline_20261005.md,16658,739ff3a789fb37d69d8074d598316ca81402713cc188aa67f15d74315c1f991b,copied,0,20971520,verified,
03_Nature_Portfolio_Project/Supporting_Information/Data_Tables/openalex_baseline_v11_20261005.csv,54997,b547d6907860394eaa104704cd19e3bf9d742d11e0d9c6e58f13bb3193d62644,copied,0,20971520,verified,
03_Nature_Portfolio_Project/Supporting_Information/Geospatial_Data/openalex_baseline_v11_20261005.json,192859,9c9b76d9a3928f9fd1d9fc95c80f42f1e68bf16f9caf225c2876b1dfc7e3d8e1,copied,0,20971520,verified,
03_Nature_Portfolio_Project/Supporting_Information/Documents/openalex_baseline_v11_20261005.md,22282,e6be8344134fb764f0444eae9aade3453ad7b6fb831d74ac43d3a636571f69f9,copied,0,20971520,verified,
03_Nature_Portfolio_Project/Supporting_Information/Data_Tables/D06R_Accessibility_Global_Summary.csv,535,5cd7efcef9c4b2414e34d1255086677ce76623a0192a3499a51731faaa2d69b1,copied,0,20971520,verified,
03_Nature_Portfolio_Project/Supporting_Information/Data_Tables/D06R_D06_vs_D06R_Global_Comparison.csv,270,a18d4979a955d53104642fc8218328fcfe681dc3aad0707cba14d86bfb15f7d8,copied,0,20971520,verified,
03_Nature_Portfolio_Project/Supporting_Information/Data_Tables/D06R_Hospital_Redundancy_Summary.csv,781,5fac5ef2d2014a5be4f17eea8a895281fa7c48cc7648f61dc540ca1f3bd49ff6,copied,0,20971520,verified,
03_Nature_Portfolio_Project/Supporting_Information/Data_Tables/D06R_Hospital_TravelTime_Catchment_Summary.csv,1230,7fb924b8834869f6cc6e3b77388cbd8c0c399c589bce22f7c237b1e359673c49,copied,0,20971520,verified,
03_Nature_Portfolio_Project/Supporting_Information/Data_Tables/D06R_OneWay_Origin_Correction_Audit.csv,335,57a86979dd946f9c67171bce6ee5d0a7162e8955fc675d7818944cd5ca1ffb00,copied,0,20971520,verified,
03_Nature_Portfolio_Project/Supporting_Information/Data_Tables/D06R_Routing_Component_Summary_UNCHANGED.csv,6648,db4d2c8e4081d80c53b46a90eaac8ade750007a9851b5929fe5d2d8aab9b00c9,copied,0,20971520,verified,
03_Nature_Portfolio_Project/Supporting_Information/Data_Tables/D06R_Speed_Source_Summary_UNCHANGED.csv,1404,c7496695e044572aefb2567b7fcb5175f874aef0b1d2fb90baee2c29a4fe8bf0,copied,0,20971520,verified,
03_Nature_Portfolio_Project/Supporting_Information/Data_Tables/D07AB_QC_Report.txt,4079,afde8ea14d76494fde9c90e931fc0378f2a603322e290903a87c6fcde924edb6,copied,0,20971520,verified,
03_Nature_Portfolio_Project/Supporting_Information/Data_Tables/D07B_Recurrent_Validation_Event_Queue.csv,743,4be0075bf5c531a91b925b448ee88ef87a547f004f9769d2405870b41e2e388e,copied,0,20971520,verified,
03_Nature_Portfolio_Project/Submission_Materials/Data_Tables/D07C_2025_27_Areas_Recovery_Summary.csv,382,e15edfff79fda9c332b3edbb657eb263f283c36a65364128342b591f4bd9c281,copied,0,20971520,verified,
03_Nature_Portfolio_Project/Submission_Materials/Data_Tables/D07C_2025_MBJB_27_Areas_Recovery_Audit.csv,3207,d21e514d7670b416daf7b80fa83069b77953bdc3f24e77e54e34c1366c22361c,copied,0,20971520,verified,
03_Nature_Portfolio_Project/Supporting_Information/Data_Tables/D07C_D07E_Data_Count_Summary.csv,733,1d9f9b191ff3d34d0f870abc2bf19869be99e186e2310c81ee65945de485bcf2,copied,0,20971520,verified,
03_Nature_Portfolio_Project/Supporting_Information/Data_Tables/D07C_D07E_QC_Report.txt,6279,cc721629986b080f1d9ec433452359a474308bd22307f33dfecc0f035bfbaadb,copied,0,20971520,verified,
03_Nature_Portfolio_Project/Supporting_Information/Data_Tables/D07C_Evidence_Quality_Summary.csv,115,54ebe3b7c63806e0931334fd021eebc598b7fe08feaf2d36f087274b9e320ffc,copied,0,20971520,verified,
03_Nature_Portfolio_Project/Supporting_Information/Data_Tables/D07C_Historical_Location_OSM_Match_Audit.csv,8691,f51a24a6e10eb68105e85ef712e71315aba4d1d1e3672189e97ae2679e20a07d,copied,0,20971520,verified,
03_Nature_Portfolio_Project/Supporting_Information/Data_Tables/D07E_IMERG_JB_Daily_AreaWeighted_Summary.csv,212,a455930870cca025e09b9bfcacf9d06173b98410c20a44933d8d672fa592edea,copied,0,20971520,verified,
03_Nature_Portfolio_Project/Supporting_Information/Data_Tables/D07E_Uploaded_Zip_Parts_QC.csv,691,141a093e764f62b538efeecdaa11aeb317da617f644cb439756e257760ed86b2,copied,0,20971520,verified,
03_Nature_Portfolio_Project/Supporting_Information/Data_Tables/D07F_Closure_Spatialization_Checks.csv,833,d750501171b90689474be25cb360d659084ba042d85e7f6487d4050efd22d1eb,copied,0,20971520,verified,
03_Nature_Portfolio_Project/Figures/Images/D07F_Closure_Spatialization_QC.png,152294,f225a5b41d6d8456ecbba4ccffb574e569a29e6f7e6be7c3b1cc946ce2e2e13c,copied,0,20971520,verified,
03_Nature_Portfolio_Project/Supporting_Information/Data_Tables/D07F_FT003_KM9_Chainage_Calibration_Audit.csv,1037,03f4b311ca861bf35385e1393677006c85724f8939ee479a351adee1a908f106,copied,0,20971520,verified,
03_Nature_Portfolio_Project/Tables/Data_Tables/D07F_IMERG_Missing_Granules.csv,77318,54df9ccfb782ac8d09173241a86b71801770a2cf37b3366b4077a4d0931191f8,copied,0,20971520,verified,
03_Nature_Portfolio_Project/Supporting_Information/Data_Tables/D07F_QC_Report.txt,3453,34616fa0cfe51c118a8211dd7103034b131044909743fb7686884c8ffa75156e,copied,0,20971520,verified,
03_Nature_Portfolio_Project/Supporting_Information/Data_Tables/GIS_Road_Screening_Class_Counts.csv,228,562845f7fef205075b1a1fc392435b330522d4c7ff77ca8961294633ab379537,copied,0,20971520,verified,
03_Nature_Portfolio_Project/Supporting_Information/Data_Tables/D06R_Accessibility_Subdistrict_Summary.csv,1597,98495435da9acf4e2a35ea07b056d0bdb40d1496a59960de3bcb22a4fbf1dab3,copied,0,20971520,verified,
03_Nature_Portfolio_Project/Supporting_Information/Data_Tables/D08_Closure_Shift_Reconstruction_Audit.csv,606,50f734c14b5535dd0485f4942374179ab819aea6baed5041d5cc61bd87bcecea,copied,0,20971520,verified,
03_Nature_Portfolio_Project/Supporting_Information/Data_Tables/D08_Closure_Subedge_Intervals.csv,12618,295eda0a5ff71c75dcc8783d65edf013794a7d4c9c7cb48af8b263220246688c,copied,0,20971520,verified,
03_Nature_Portfolio_Project/Supporting_Information/Data_Tables/D08_D06_OneWay_Origin_Audit.csv,390,2b286496896518c3e12e1d6734ef0d36b6b449e1125669c18d1784541fa0e072,copied,0,20971520,verified,
03_Nature_Portfolio_Project/Supporting_Information/Data_Tables/D08_D06_vs_D06R_Global_Audit.csv,258,4d3ef0bf176f9b72c28526cc9fa6c2d9cf15a5a69a394408af858310ae6ceb7c,copied,0,20971520,verified,
03_Nature_Portfolio_Project/Figures/Data_Tables/D09_CRPI_Rank_Correlation_Across_ScoreMappings.csv,141,25527e11466b1be580dc5ea78c9ddf61e0b9793dae534d481abf7461095dfad6,copied,0,20971520,verified,
03_Nature_Portfolio_Project/Supporting_Information/Data_Tables/D09_CRPI_Rank_Robustness_Summary.csv,168,b0a335e028fde8c0e0293b85c2473d46bb55d13620d53b39fdf7da241c4bc3ea,copied,0,20971520,verified,
03_Nature_Portfolio_Project/Supporting_Information/Data_Tables/D09_CRPI_vs_ClosureStress_Validation.csv,368,9044b403584d003341caafe62360281cb212422aef840409065790cc8aba4512,copied,0,20971520,verified,
03_Nature_Portfolio_Project/Figures/Data_Tables/D09_D06_to_CoreRoad_Mapping_Audit.csv,272,b6d7a7395b401c6cfc3aff70bacf76734f031e808523321fc1220fade710ebdb,copied,0,20971520,verified,
03_Nature_Portfolio_Project/Supporting_Information/Data_Tables/D09_ObservedClosure_D01_Core_Overlap.csv,284,ba50c80b3764cd6917563d41633f53e6d50745971ba17124c580013b777e4bb6,copied,0,20971520,verified,
03_Nature_Portfolio_Project/Supporting_Information/Data_Tables/D09_Priority_Class_Counts.csv,936,686ea36b11f027589a32c7b551ea0e5fbaebbaef46691f6f0ce84e1b53b778d5,copied,0,20971520,verified,
03_Nature_Portfolio_Project/Supporting_Information/Data_Tables/D09_Top20_CRPI_FullSegment_Closure_StressTest.csv,3661,0e4672d1171c6d479877cb4e36584dc5a308884d6057e63cded1e17bf1480c13,copied,0,20971520,verified,
03_Nature_Portfolio_Project/Supporting_Information/Data_Tables/D10_Closure_Interaction_Audit.csv,304,ea0634dd07609a64d4faf14474a6ee06e39dc379f5513ed0b1b52fc400984b54,copied,0,20971520,verified,
03_Nature_Portfolio_Project/Submission_Materials/Data_Tables/D10_RecoveryStage_Origin_Audit.csv,255,552ef4b89bb84a9a8c5b19c54c0d2b7da289f7fffc3ca5945ed04011b9935dff,copied,0,20971520,verified,
03_Nature_Portfolio_Project/Submission_Materials/Data_Tables/D10_Recovery_Order_Robustness_Audit.csv,526,a8a19ae0be3a79cedc2e0c656ae9824914b687d692994b2885f16ed7d8e886b1,copied,0,20971520,verified,
03_Nature_Portfolio_Project/Supporting_Information/Data_Tables/D11_Strength_Audit.txt,2445,469c1b37f8a081cedd2c4005909691343fe3ebcdf1159afa3d886187b63efb35,copied,0,20971520,verified,
03_Nature_Portfolio_Project/Tables/Data_Tables/D06R_Source_Note.txt,210,f7ade08460c42ac2572f8c406856a6a5498ffdeeaa9ee06dc18be0bb8d2a8e15,copied,0,20971520,verified,
03_Nature_Portfolio_Project/Tables/Data_Tables/D07A_Source_Inventory.csv,3385,268ab93a84d83896e44236c2a592137fa162827e03cad3ab9dfb72b668d4ef22,copied,0,20971520,verified,
03_Nature_Portfolio_Project/Tables/Data_Tables/D07B_Affected_Location_Evidence_Register.csv,3194,f81b48175ceb864ef812a469dbe6d0bc43ae38a8438bf80c783a4c3e1de2ac0c,copied,0,20971520,verified,
03_Nature_Portfolio_Project/Tables/Data_Tables/D07B_Flood_Event_Register.csv,1172,e861572b4a0d4e2a2399c42667263ab42be02578f7e7f4b1a402cfac095f16b3,copied,0,20971520,verified,
03_Nature_Portfolio_Project/Tables/Data_Tables/D07B_Healthcare_Impact_Register.csv,708,1e589418c0fd519e980cdbd0b0b4262661900c599aa8e3fae1d41a8a45738d88,copied,0,20971520,verified,
03_Nature_Portfolio_Project/Tables/Data_Tables/D07B_Hydromet_Evidence_Register.csv,1822,f0f43158dd0ace9459256c7bd172e341af46f915f4835f6821eed3adc15f16a3,copied,0,20971520,verified,
03_Nature_Portfolio_Project/Tables/Data_Tables/D07B_JKR_Route_OSM_Match_Summary.csv,891,296edf3e063848e5733b7dfaf34051f537feab613e41864c7937abcad23904aa,copied,0,20971520,verified,
03_Nature_Portfolio_Project/Tables/Data_Tables/D07B_PPS_Snapshot_Register.csv,772,ae9a828a7a9f33d2fd7a20b99312041fbae0de6def82bf1ae4f458b34a3a61eb,copied,0,20971520,verified,
03_Nature_Portfolio_Project/Tables/Data_Tables/D07B_Road_Impact_Register.csv,2463,c9c1a8ca1f467b78850acdfae488f843ad797c4286dd614478482b49aab254b7,copied,0,20971520,verified,
03_Nature_Portfolio_Project/Tables/Data_Tables/D07C_2023_Closure_OSM_Match_Summary.csv,490,a416d4c3cbc1ca231a27827b02cde3f9eb3697321e5c332fd6e269edf7ebff1a,copied,0,20971520,verified,
03_Nature_Portfolio_Project/Tables/Data_Tables/D07C_Historical_Location_Evidence_Register.csv,22442,bee5c3dc0a372f869beadc62294718f65bbfa87b665a6263b0208c4188aac649,copied,0,20971520,verified,
03_Nature_Portfolio_Project/Tables/Data_Tables/D07C_JB_Official_52_Flood_Hotspots.csv,14473,c50818baf511b747a2f43f2ad9b12056b4bed20dacfdf4eb373b00aa2bf70caf,copied,0,20971520,verified,
03_Nature_Portfolio_Project/Tables/Data_Tables/D07C_Observed_GeneralCar_Closure_Candidates.csv,1854,b03d1858baf6a8d9fc4891f63029a108fc944b26c74e1c90bf184d83fd10f4b7,copied,0,20971520,verified,
03_Nature_Portfolio_Project/Tables/Data_Tables/D07C_Official_Hotspot_Count_Progression.csv,443,150d1ee9ca2114aebe134a9ce8cae66d67221e1391670e8718ff6d0b040675c6,copied,0,20971520,verified,
03_Nature_Portfolio_Project/Tables/Data_Tables/D07C_Recurrent_Hotspot_Summary.csv,12602,5a1a3c285baa9657d67e8e754184a423c9fa3cbce788c2e2061573dca4bf7459,copied,0,20971520,verified,
03_Nature_Portfolio_Project/Tables/Data_Tables/D07C_Road_Impact_Register_v0.2.csv,6087,e254d18633ed4f4ee768697f562ed76a50d02d23d138623c008c150948d519ca,copied,0,20971520,verified,
03_Nature_Portfolio_Project/Tables/Data_Tables/D07E_Closure_to_GPM_Cell_Weights.csv,390,df3d278f890b9579bc6b675da852625f10db2f8c3fc99cafcbf23b70fa94692d,copied,0,20971520,verified,
03_Nature_Portfolio_Project/Methods/Data_Tables/D07E_GPM_Method_and_Authentication_Status.txt,868,5c879190bfcf6d3aca89e00174a3ca986cf43b69c6454741cce9d4556e92dd77,copied,0,20971520,verified,
03_Nature_Portfolio_Project/Results/Data_Tables/D07E_GPM_Rainfall_Results_TEMPLATE_PENDING_AUTH.csv,141,2c112f44a6887aaf3226e75a40e30458c13535ca67ec3f2bf1008c22499fd4fb,copied,0,20971520,verified,
03_Nature_Portfolio_Project/Tables/Data_Tables/D07E_GPM_UTC_DOY_Coverage_Summary.csv,559,3905211d2ff26f602b828fb411de48499142128abb847efb9ceff18a70c5dfda,copied,0,20971520,verified,
03_Nature_Portfolio_Project/Tables/Data_Tables/D07E_Hydromet_Alignment_Register.csv,1281,efa13e6e88ccc0be3a8e1b425bb3ab211714b9c6370355bedd3c91d21889dd23,copied,0,20971520,verified,
03_Nature_Portfolio_Project/Tables/Data_Tables/D07E_IMERG_JB_AreaWeighted_HalfHourly.csv,37508,ab2e3486af73b30b60d5a2cd8efb0a77183a0431bd38233d0bc89367ad152b89,copied,0,20971520,verified,
03_Nature_Portfolio_Project/Tables/Data_Tables/D07E_IMERG_JB_District_Peaks.csv,837,8f2ee3e3fad09b48250a60b66595cd77ef9a1fe0ecc6fcea58172535b7d899b3,copied,0,20971520,verified,
03_Nature_Portfolio_Project/Tables/Data_Tables/D07E_Rainfall_Threshold_Reference.csv,709,ec394c8430b00a7c3d289fcd247a62ad84a8daefa0e5e3fe27f40b6aa9669007,copied,0,20971520,verified,
03_Nature_Portfolio_Project/Tables/Data_Tables/D07F_Authorized_Closure_Edge_Summary.csv,349,c28d890e997de3d0b3086f161dd71a7307a97d2de2ec8d397de7db994c1d71da,copied,0,20971520,verified,
03_Nature_Portfolio_Project/Tables/Data_Tables/D07F_Closure_Spatialization_Master.csv,5643,23a2bd619bc09e7a910dd5e6bf303a05270a2ffb2691a0e2b8cab38956f7c906,copied,0,20971520,verified,
03_Nature_Portfolio_Project/Tables/Data_Tables/D07F_IMERG_Authentication_Blocker.txt,673,e9578a0e7cf7e616faad7531a2d9a43b91004d95229e8d7dd2a41a4710ea0524,copied,0,20971520,verified,
03_Nature_Portfolio_Project/Tables/Data_Tables/D07F_IMERG_Numeric_Status.csv,510,92c13e1480f9d2f8f53680afcc4ef6bc3f60fad8b680e60f5b03ffc646ef4b9e,copied,0,20971520,verified,
03_Nature_Portfolio_Project/Tables/Data_Tables/D07_Event_Master_2022_2023_2025.csv,1174,678ea3eec8e1ee15796a05c1d41307cf07291dc482111db5b297c11c22fd44f2,copied,0,20971520,verified,
03_Nature_Portfolio_Project/Tables/Data_Tables/D07_Source_Inventory_v0.2.csv,7871,07779c28bad33fe329c1ece79f637c82a9a36776bec76c0ca7589a4564509b51,copied,0,20971520,verified,
03_Nature_Portfolio_Project/Tables/Data_Tables/README.txt,917,2fd7a7a83f28faa6364cec6cfde3ccf0ee0c75fb20bc0282b1c6b348961d68da,copied,0,20971520,verified,
03_Nature_Portfolio_Project/Tables/Data_Tables/README_DUP001.txt,1107,d603af175aabf32ebfc6ab868addaf2d40107abca26e0a25a8c5004aa6bb3a22,copied,0,20971520,verified,
03_Nature_Portfolio_Project/Tables/Data_Tables/README_DUP002.txt,1792,3c0f48b6007887c5ec416e20a5b7acd4bee9d51b3134747d58ae698529a8b284,copied,0,20971520,verified,
03_Nature_Portfolio_Project/Tables/Data_Tables/README_DUP003.txt,727,c2875e3a0f3efbf4f3d58092a7687b1ec1e833a0b72d0b103c646c59c5ebf959,copied,0,20971520,verified,
03_Nature_Portfolio_Project/Tables/Data_Tables/D07F_Authorized_D08_Edge_Overlap_Table.csv,17257,04266683cf1597bd9ddd044cb3b97e9e5bbe5c9203bdc37c09e681ba3b6036d3,copied,0,20971520,verified,
03_Nature_Portfolio_Project/Tables/Data_Tables/D08_Closure_Shift_Definitions.csv,883,4235920f8a63dc5731211dffff463b2db63246a07d7aaca3369b84fd88ca6d8a,copied,0,20971520,verified,
03_Nature_Portfolio_Project/Tables/Data_Tables/D08_Hospital_Catchment_Redistribution.csv,7097,178859671d7c8bc59143430ae0e4f8948185b064c50527d10043f9efec8374d4,copied,0,20971520,verified,
03_Nature_Portfolio_Project/Tables/Data_Tables/D08_MAR20_Sensitivity_Summary.csv,762,f4e06bf27c2caa22d2ae3073ce7a4695fa32a9c89ed40ed2082ce1be7f0990da,copied,0,20971520,verified,
03_Nature_Portfolio_Project/Tables/Data_Tables/D08_SingleClosure_Robustness_Summary.csv,1047,19b9b51fbd79fb2db929ef818e4422c34559c2816b733bc83b21e89713aba901,copied,0,20971520,verified,
03_Nature_Portfolio_Project/Tables/Data_Tables/D10_All_Closure_Subsets.csv,1129,cf6201920bfdd2643ab94188238634fac6f8b5b945f88dee949a85c229c072a4,copied,0,20971520,verified,
03_Nature_Portfolio_Project/Tables/Data_Tables/D10_BestOrder_Subdistrict_Stage_Profile.csv,3076,7aac26fca73c0ddabe3676d51058440b2de3a1d2a5b6082660a06e6857e4ad1c,copied,0,20971520,verified,
03_Nature_Portfolio_Project/Tables/Data_Tables/D10_Equity_Metrics_by_Recovery_Stage.csv,4456,c876d53dd7bd958854fa389e75965607a02948fc5f64cc26eace85a08f8bb1e6,copied,0,20971520,verified,
03_Nature_Portfolio_Project/Tables/Data_Tables/D10_InitiallyLost_Origin_RecoveryStage.csv,39522,a5488d57b842b6d07ce0ac79b0ec6d21de3714e270942755925772f3becdc04b,copied,0,20971520,verified,
03_Nature_Portfolio_Project/Tables/Data_Tables/D10_MAR20_Disruption_Subdistrict_Profile.csv,970,ed4239f32eb10bad3ab1330cfc8303f85b8cd3494deb57c59be3daed408373f2,copied,0,20971520,verified,
03_Nature_Portfolio_Project/Tables/Data_Tables/D10_Subdistrict_RecoveryStage_Distribution.csv,262,acb03d7ade83f336359038273d28736243c101d4352ace82707feaab67104a6b,copied,0,20971520,verified,
03_Nature_Portfolio_Project/Tables/Data_Tables/D11_Claim_Evidence_Matrix.csv,1510,98b56b4dc740500815ebe925c7e187744e5b089b0384d2e65c3508496c535d9a,copied,0,20971520,verified,
03_Nature_Portfolio_Project/Figures/Data_Tables/D11_Figure_Freeze.csv,3762,58eeaec0757e197acde7a7b1bf8aa3829db527a132eb721f697c06470165e605,copied,0,20971520,verified,
03_Nature_Portfolio_Project/Tables/Data_Tables/D11_Table_Freeze.csv,1446,912de35a93e79af1dfbea47d13f85768fdd8f07bba7a0a7959bfc41d7dff9d39,copied,0,20971520,verified,
04_Figure_Support_Data/Unclassified/Data_Tables/ALLOWED_AND_PROHIBITED_CLAIMS.csv,1091,94544b05c58075c46e2d31cc642ee9f11cc1b8693b1393a7088b9c9fe65cd796,copied,0,20971520,verified,
04_Figure_Support_Data/Unclassified/Data_Tables/FILE_MANIFEST_SHA256.csv,2538,b3be28359910cee9733c805b52ab09db235ed3f1c21f59361ab74ecebcc1e480,copied,0,20971520,verified,
04_Figure_Support_Data/Final_Exports/Data_Tables/FINAL_CLAIM_EVIDENCE_MATRIX.csv,2582,9b6a19ce612e98927771bca07ee9da4c12e255891922bb25fa710055a3888b36,copied,0,20971520,verified,
04_Figure_Support_Data/Final_Exports/Documents/FINAL_RESULTS_ARCHITECTURE.md,3496,6ddcefb9fbf42769d59ecf593163b633de85894e5e08eb305c79ce5682028a56,copied,0,20971520,verified,
04_Figure_Support_Data/Shared_GIS_Assets/Geospatial_Data/JB_Final_Flood_Road_Healthcare_Manuscript_v1.0.gpkg,6828032,ce3d339ea63e8017289972a9deae70d87e9b2f0125223f0a63fa1b5d042144e2,copied,0,20971520,verified,
04_Figure_Support_Data/Unclassified/Original_Archives/JB_Historical_Flood_Spatial_Framework_Boundary_CrossValidation_v1.0.zip,1589338,5a2e6bc43e23bb3e64f5bd25462b2283e8e2f794e660886f6a306a8bce432393,copied,0,20971520,verified,
04_Figure_Support_Data/Unclassified/Original_Archives/JB_Historical_Flood_Spatial_Framework_STEP2_AnalysisGrid_Freeze_v1.0.zip,7799969,2029f9fa9ca5e7874057824db5c419d0a6232029efa4fc6827b6bfd4e0cbcf88,copied,0,20971520,verified,
04_Figure_Support_Data/Unclassified/Original_Archives/JB_Historical_Flood_Spatial_Framework_STEP3B_FloodZonePolygons_v0.1.zip,12974542,6625346158be7cf13196d27a8a23b1efa4edf68b457fcc5b9d34246b743ba2e9,copied,0,20971520,verified,
04_Figure_Support_Data/Unclassified/Original_Archives/JB_Historical_Flood_Spatial_Framework_STEP3C_CompleteRGBLayer_v0.1.zip,1002647,80ab47e6c31cc61aaac72e1dcef457e518b1137611038c5eebbf46ca77a399cf,copied,0,20971520,verified,
04_Figure_Support_Data/Shared_GIS_Assets/Geospatial_Data/JB_Historical_Flood_Zones_PhysicalContext_v1.0.gpkg,180224,601b325e25513ad3568681c625baa14bea291d48f809673993193d4c249c7ac5,copied,0,20971520,verified,
04_Figure_Support_Data/Unclassified/Original_Archives/JB_STEP4_D09_HistoricalZone_Validation_v1.0.zip,76094,102d9c7b8d8ef24bc412ccf62a537f7ce12d7f983ec4a8dad996d1115939f733,copied,0,20971520,verified,
04_Figure_Support_Data/Unclassified/Original_Archives/JB_STEP5A1_PhysicalPredictor_DataReadiness_Audit_v1.0.zip,7525,aa090ccddfb91a4390dc8c723501b0026d11334f392a526834fe582bbb011442,copied,0,20971520,verified,
04_Figure_Support_Data/Unclassified/Original_Archives/JB_STEP5A2_ExecutionKit_v0.2.zip,11894,245d7275ad1ab227421777308c7e0694ee3d485f1ac1ef483c063b379c06395c,copied,0,20971520,verified,
04_Figure_Support_Data/Unclassified/Original_Archives/JB_STEP5A2_MissingPhysicalData_Acquisition_v0.1.zip,13389,439cc26fefb91a1e4007a185d9768c399d6103a1e0f5adb77c3ee9d759e0b1f8,copied,0,20971520,verified,
04_Figure_Support_Data/Unclassified/Original_Archives/JB_STEP5_PhysicalContextValidation_v1.0.zip,1543600,fc2e33f5b615a0d953ad7800dff64b2a3f74a080095367e1966f0e4664696590,copied,0,20971520,verified,
04_Figure_Support_Data/Unclassified/Original_Archives/JB_STEP6_HistoricalZones_RoadDisruptionValidation_v1.0.zip,1575876,76f7ffd80ffd3e8a92f34a0044d314e4b79a33d124051edd96201f9ff2c0b23d,copied,0,20971520,verified,
04_Figure_Support_Data/Unclassified/Original_Archives/JB_STEP7_HealthcareAccessibilityImpact_v1.0.zip,1651237,b1afeb96afb5ac1fc5faa325f3dd9dd7a12475e427a503bf9dc414c855ff463e,copied,0,20971520,verified,
04_Figure_Support_Data/Unclassified/Original_Archives/JB_STEP8_Final_Manuscript_Freeze_v1.0.zip,17396211,5611e03e2054c293646368f967c2769912e8526525ec99c5018c894d9d92a16b,copied,0,20971520,verified,
04_Figure_Support_Data/Intermediate_Outputs/Data_Tables/Step3B_FloodZone_Metadata.csv,7839,a2a5eee0bd854934dd9577a8fcce003c0b920dbcd8a5fd6665902f6fee442a89,copied,0,20971520,verified,
04_Figure_Support_Data/Shared_GIS_Assets/Geospatial_Data/Step3B_FloodZone_Polygons_v0.1.gpkg,163840,102b4957ba9d34d10f9a3d05b5a3cf1daa2b2e6e7ef7d6a22484431ccb07fb69,copied,0,20971520,verified,
04_Figure_Support_Data/Shared_GIS_Assets/Geospatial_Data/Step3B_FloodZone_Polygons_WGS84.geojson,42108,540cac243cfe0036e70dd437dcf84d7a864d3dc193876786fd92505b02932bb1,copied,0,20971520,verified,
04_Figure_Support_Data/Shared_GIS_Assets/Geospatial_Data/Step3B_FloodZone_Style_30pct.qml,1353,b0cb984db4b51ec8307b22ad3b409c4ffc34ef97f1e857598ccb9028f8927d85,copied,0,20971520,verified,
04_Figure_Support_Data/Intermediate_Outputs/Data_Tables/Step3C_F02_F08_F16_PolygonReview.csv,1349,3bcf28cb782f1d76c3a86e511b7dc842cd2e3574a8edecca58dc6d2e49dcdee6,copied,0,20971520,verified,
04_Figure_Support_Data/Shared_GIS_Assets/Geospatial_Data/Step3C_Historical_Flood_Zones_RGB_v0.1.gpkg,172032,63d1068e8bb838337791d55b3fd2421a35d63fc83a1882deb200413a25fa3242,copied,0,20971520,verified,
04_Figure_Support_Data/Shared_GIS_Assets/Geospatial_Data/Step3C_Historical_Flood_Zones_RGB_WGS84.geojson,48210,a7a035c6f8a76a95e67b6426df7ce982f2921db24f0171704af062b1b08479f0,copied,0,20971520,verified,
04_Figure_Support_Data/Intermediate_Outputs/Data_Tables/Step3C_Historical_Flood_Zone_Metadata.csv,9114,61d69b9108c81939deb7f16aa269f61f70e026c0364e90b048e9d7c685fd7c0c,copied,0,20971520,verified,
04_Figure_Support_Data/Intermediate_Outputs/Data_Tables/Step3C_MildZone_Candidate_Screening.csv,1880,b19f1db36d4f4c4c58487ec3afb81f59716e878c1ed4aca7f712c24f7b60d3ab,copied,0,20971520,verified,
04_Figure_Support_Data/Shared_GIS_Assets/Geospatial_Data/Step3C_RGB_30pct.qml,1248,b7b3df39c7eb058fe84be3150b045a93ddbfb2e1237470a063d6cca106b41528,copied,0,20971520,verified,
04_Figure_Support_Data/Intermediate_Outputs/Data_Tables/Step3_Canonical_Location_Master_v0.1.csv,36938,6f3504fa99807cb9300a1133bfc4f033b99b770f35a2cb93a28dddc5aef184c0,copied,0,20971520,verified,
04_Figure_Support_Data/Shared_GIS_Assets/Geospatial_Data/Step3_Historical_Locations_GridLink_v0.1.gpkg,1818624,a05ad563286ed5b44247a4a7aee8c0c0d6145a5257f3417ee0e9396eea4e7a6b,copied,0,20971520,verified,
04_Figure_Support_Data/Intermediate_Outputs/Data_Tables/Step3_MultiYear_Overlap_2022_2023_2025.csv,10023,bfb5dc3904d2fa69af41bd9877d184501212d1d526593fc8d686753552910073,copied,0,20971520,verified,
04_Figure_Support_Data/Intermediate_Outputs/Data_Tables/Step3_TripleOverlap_2022_2023_2025.csv,2096,972a38a93fa59eae84a4bc126f35343d512a089d78940e163428cfd01e43193c,copied,0,20971520,verified,
04_Figure_Support_Data/Intermediate_Outputs/Data_Tables/Step4_D09_InputExposure_by_Zone.csv,2225,7a4932212729ba53cc282cd26dbb2e0d9d5841445afebf71463128718820e5cb,copied,0,20971520,verified,
04_Figure_Support_Data/Shared_GIS_Assets/Geospatial_Data/Step4_HistoricalZones_D09_Audit_v1.0.gpkg,180224,bbbc000b2712cfd0642d3f8b7eac9190fad39c498fd6cd2a5068b29cbc2f0f1b,copied,0,20971520,verified,
04_Figure_Support_Data/Intermediate_Outputs/Data_Tables/Step4_HitRate_Robustness_Summary.csv,1357,f9c63878932c56aba8f8dc4ef48eaab5e5e47695dea4ee86abc4cf29b820fe86,copied,0,20971520,verified,
04_Figure_Support_Data/Intermediate_Outputs/Data_Tables/STEP4_SCIENTIFIC_DECISION.txt,1135,19175f1fe00aa0c45afbcda7802e8ae50b898fecfcbadfc251eaaf5a9161313e,copied,0,20971520,verified,
04_Figure_Support_Data/Intermediate_Outputs/Data_Tables/Step4_TerrainOnly_IndependentSupport.csv,1430,ba873935d2942ec4aec080816845d33c465d0e5ea98257308d76634a0f019fa1,copied,0,20971520,verified,
04_Figure_Support_Data/Intermediate_Outputs/Data_Tables/Step4_Zone_D09_Intersection_Metrics.csv,6299,ccd7696bdb21b1088148490b4148aff50b2f228a0ed995f491e6dd437840198b,copied,0,20971520,verified,
04_Figure_Support_Data/Intermediate_Outputs/Data_Tables/Step5_Zone_PhysicalContext_Metrics.csv,8311,2104764c33b52ea94ffff7135cdc50ede7aeebcc11c4772cb4f268a593909e1a,copied,0,20971520,verified,
04_Figure_Support_Data/Intermediate_Outputs/Data_Tables/Step6_2023_ExplicitClosure_SpatialAudit.csv,1101,b1655185cbdf7ac72b7a06b421eea98cba41f9dd23ce75e521a92ec583c29d59,copied,0,20971520,verified,
04_Figure_Support_Data/Intermediate_Outputs/Data_Tables/Step6_2023_RoadZone_Correspondence.csv,1659,81cced32214a18ba6d9f23e1bf373c37c818c501268bea1dbb71d32b6ca47e1d,copied,0,20971520,verified,
04_Figure_Support_Data/Intermediate_Outputs/Data_Tables/Step6_2025_JKR_ObservedDisruption_Correspondence.csv,1478,adea8c1433ef4f49dc242998daa38618ae4c5eabf8de8e7806e095eb4355bf37,copied,0,20971520,verified,
04_Figure_Support_Data/Shared_GIS_Assets/Geospatial_Data/Step6_RoadDisruption_Validation_v1.0.gpkg,266240,ce63ccf509abda621cadb9534a4e81557572579cff031197cc327d0aacd8a19b,copied,0,20971520,verified,
04_Figure_Support_Data/Intermediate_Outputs/Data_Tables/Step6_Validation_Summary.csv,582,470ad66d00f00fe458c87ff136f72c04769844094b48bed5b264a49fa371de24,copied,0,20971520,verified,
04_Figure_Support_Data/Intermediate_Outputs/Data_Tables/Step7_Claim_Evidence_Matrix.csv,1796,95e4fd31115c67b7478fe54666349a8ed527918a45cb73539efe8ad78f2914c0,copied,0,20971520,verified,
04_Figure_Support_Data/Intermediate_Outputs/Data_Tables/Step7_Core_Healthcare_Accessibility_Results.csv,995,2616c1e93df9c5364e1aceab4587f594b2dab0f32b2e8df302558b148ace8af3,copied,0,20971520,verified,
04_Figure_Support_Data/Intermediate_Outputs/Data_Tables/Step7_MAR20_27Combination_Sensitivity.csv,6683,0971e2d07f26e03805122d8ee69cfe0284954b1f0c215793c93b739e35aa4c22,copied,0,20971520,verified,
04_Figure_Support_Data/Intermediate_Outputs/Data_Tables/Step7_Road_Recovery_Benefit_and_Efficiency.csv,1015,317f947792e9817bcb099de4d9162dfa28d4088ff54003e9166ae4f38d77e15a,copied,0,20971520,verified,
04_Figure_Support_Data/Intermediate_Outputs/Data_Tables/Step7_SingleRoad_Attribution.csv,1709,5fd549a0f2f80736bfba403d89ff59ec80b5ff1c8b142fe5c281c3be57a2ab76,copied,0,20971520,verified,
04_Figure_Support_Data/Intermediate_Outputs/Data_Tables/Step7_Subdistrict_Impact.csv,1063,184a40b262cede10c15c961fd3f68d8ee71223f1d0b4d7db386762f5fe4f16da,copied,0,20971520,verified,
04_Figure_Support_Data/Intermediate_Outputs/Data_Tables/FILE_MANIFEST_SHA256.csv,1823,bf463a9c4b332c63a69a7bd647331785de4aea620d5a31332b51087bdee0e990,copied,0,20971520,verified,
04_Figure_Support_Data/Intermediate_Outputs/Documents/README_STEP5A2_EXECUTION_v0.2.md,1006,50e406ae59fcaecc937d36d130bdb042c9ec5573f10e08fdaaf30eea6c29d34b,copied,0,20971520,verified,
04_Figure_Support_Data/Intermediate_Outputs/Data_Tables/RUN_ORDER.txt,722,e521fd1d265bdce8ee53f36a72859d238bcf39875fbdb7d4b3b4351dac9a8870,copied,0,20971520,verified,
04_Figure_Support_Data/Intermediate_Outputs/Scripts/download_and_clip_worldcover.py,2249,f997931b113fdb3434149ac3f994dd2c74511bec961f058bda81117448c54c4d,copied,0,20971520,verified,
04_Figure_Support_Data/Shared_GIS_Assets/Geospatial_Data/ESA_WorldCover_10m_2021_v200_N00E102_Map.tif,36505930,24f5c220bc195e2d9e136666901cafad26b8e16790ac19a9a6d7016199c1bfdf,split,2,20971520,verified,04_Figure_Support_Data/Shared_GIS_Assets/Geospatial_Data/ESA_WorldCover_10m_2021_v200_N00E102_Map.tif.restore.json
04_Figure_Support_Data/Shared_GIS_Assets/Geospatial_Data/JB_WorldCover_2021_v200_WGS84.tif,962248,74b295a4f3b3242d8a1dec88b6e4d24a14c0aecd56aa02e387ea69fe33ca5eeb,copied,0,20971520,verified,
04_Figure_Support_Data/Intermediate_Outputs/Scripts/RUN_WORLDCOVER_WINDOWS.bat,284,651477f4500eedd0e40eb3aec421bc7ca8bf635de5047b7ba2611816aaadc8ab,copied,0,20971520,verified,
04_Figure_Support_Data/Intermediate_Outputs/Data_Tables/WorldCover_SHA256.txt,112,5a239a208d41d7a57eee74ef3fd2cab34332743b284265a915f6332000fd3076,copied,0,20971520,verified,
04_Figure_Support_Data/Intermediate_Outputs/Data_Tables/WorldCover_Source_Lock.csv,358,ad7b0fbe83e999ed6477c021de12731012943d0708d0c60941fd79b665c2c8ff,copied,0,20971520,verified,
04_Figure_Support_Data/Intermediate_Outputs/Scripts/download_gesdisc_links.py,2742,1b9840a06b02aafe2c801cc1dd92dd8c4358c477d3eaec44f91ba54bd00fbf83,copied,0,20971520,verified,
04_Figure_Support_Data/Intermediate_Outputs/Data_Tables/IMERG_v07B_Acquisition_Spec_CORRECTED.csv,590,d44a866276082cdb8e6c52d7cc52378d9a95ca948730606a6c2be11350f17a22,copied,0,20971520,verified,
04_Figure_Support_Data/Intermediate_Outputs/Data_Tables/netrc_TEMPLATE_DO_NOT_UPLOAD.txt,94,d9f8a3279269e837925e2a6e166128243abecb9da00e30901f2472a6bfdc3a98,copied,0,20971520,verified,
04_Figure_Support_Data/Intermediate_Outputs/Documents/README_IMERG_V07B_CORRECTED.md,1224,1bb0ce6ee4d96987d8e91d808f589164b39536b60c2a0e5000c29cb85998f25d,copied,0,20971520,verified,
04_Figure_Support_Data/Intermediate_Outputs/Scripts/extract_osm_hydrography_pyrosm.py,3595,045c92a7631d64514df69523b74421a7276b1f2f49fd4a1a6c664832dd64e162,copied,0,20971520,verified,
04_Figure_Support_Data/Shared_GIS_Assets/Geospatial_Data/JB_OSM_Hydrography_EPSG3377.gpkg,937984,fcf812799a26aed3450d328a36d8e65cbe0e49ba044f8adbc145cf8a0942db4a,copied,0,20971520,verified,
04_Figure_Support_Data/Intermediate_Outputs/Data_Tables/JB_OSM_Hydrography_QC.csv,222,66000d8b0afcc02a6314089b119bfab9962a6b8c7abcb43fc7e56c5cc58606b2,copied,0,20971520,verified,
04_Figure_Support_Data/Shared_GIS_Assets/Geospatial_Data/JB_OSM_Hydrography_WGS84.gpkg,937984,fe843e7d57316ec5ecdc7ede85ea64ef09999f0a9fe6ace926e2d0e3ef63ef6b,copied,0,20971520,verified,
04_Figure_Support_Data/Intermediate_Outputs/Data_Tables/OSMIUM_ALTERNATIVE.txt,435,0a1dcc5e57ed9e8064fbd3993fa88df3f324124f6dfcf45b7e766236eef45f6c,copied,0,20971520,verified,
04_Figure_Support_Data/Intermediate_Outputs/Scripts/RUN_OSM_HYDROGRAPHY_WINDOWS.bat,303,64f826afa125c4d6b10dd3e78894ca8a1a0ca9c679ee0fc39c6da54c94912ccd,copied,0,20971520,verified,
04_Figure_Support_Data/Intermediate_Outputs/Data_Tables/JPS_Request_Status.csv,449,569032aea4e7e12a3418cab84443f48f044ab25d81eb1abd78d03b472c9024bf,copied,0,20971520,verified,
04_Figure_Support_Data/Intermediate_Outputs/Data_Tables/Step5A2_LocalExecution_QC_Template.csv,430,e9636ffc671d101f2c5e01069b2c8857492f2d694320df8413122211fccc3306,copied,0,20971520,verified,
04_Figure_Support_Data/Intermediate_Outputs/Data_Tables/Step5A2_v0.2_Status.csv,636,38720674c29d79a78cefa2aa55256ef57b2f1d1fe50cb54faf9799050729c5a5,copied,0,20971520,verified,
04_Figure_Support_Data/Shared_GIS_Assets/Geospatial_Data/Step5A2_v0.2_Summary.json,602,e3232b0db18eb488f1d384ec754368e6f77bd77109aae9f14a4a22deb866ffd1,copied,0,20971520,verified,
01_Historical_Flood_2016_2026/Source_Archives/Extracted_Archives/JB_Flood_Spatial_Baseline_2016_2026_FINAL/Data_Tables/README.txt,2182,4e0e084685df6a9c22ac9adb39c221995f125ab5007d0ae9038af728b055ed14,copied,0,20971520,verified,
02_GIS_Baseline_Data/Spatial_Layers/Archive_Extractions/JB_Flood_Formal_GIS_Overview_2016_2026/Geospatial_Data/JB_Hospitals_All_15.geojson,18179,485fa9f1fed6b4d05f6ee72b697c72c25a7c8e194e916a648726fbc99cbb7989,copied,0,20971520,verified,
03_Nature_Portfolio_Project/Supporting_Information/Archive_Extractions/D03C1_Terrain_Derivatives_Final/Data_Tables/D03C1_Derived_Files_SHA256.txt,1844,f4a8294911d1f62d1b339006a4c6a7e79ef3cf4828c23e73416ffb0ec5ff1a94,copied,0,20971520,verified,
03_Nature_Portfolio_Project/Supporting_Information/Archive_Extractions/D03C1_Terrain_Derivatives_Final/Data_Tables/D03C1_LowLyingCandidate_Thresholds.csv,404,fbb7f0030506ecc9189d22761b5bbd5d32614a8d4b08700669c8a6e5af2adcfb,copied,0,20971520,verified,
03_Nature_Portfolio_Project/Supporting_Information/Archive_Extractions/D03C1_Terrain_Derivatives_Final/Data_Tables/D03C1_Terrain_Derivatives_Data_Dictionary.csv,926,356469862c03a8ca817599ae977a9479bc3c5522ae2ddc996bf95d5f0ec76536,copied,0,20971520,verified,
03_Nature_Portfolio_Project/Supporting_Information/Archive_Extractions/D03C1_Terrain_Derivatives_Final/Geospatial_Data/D03C1_Terrain_Derivatives_Metadata.json,1725,22c33ddb5a0d3b85d57a0ceac1a8449b962d6ef3a114052ca4e43cb55cddc950,copied,0,20971520,verified,
03_Nature_Portfolio_Project/Supporting_Information/Archive_Extractions/D03C1_Terrain_Derivatives_Final/Geospatial_Data/JB_Terrain_LowLyingScore_RSO.tif,173033,0ea06d229942e521d497036e6fb5e41170ac11daa6df965e4950451b0971f7b6,copied,0,20971520,verified,
03_Nature_Portfolio_Project/Supporting_Information/Archive_Extractions/D03C1_Terrain_Derivatives_Final/Geospatial_Data/JB_Terrain_Slope_Percent_RSO.tif,3790302,915b3cba2a1f4a26d635ae06e652cd14b623ca447327f1c912716b136433435c,copied,0,20971520,verified,
03_Nature_Portfolio_Project/Supporting_Information/Archive_Extractions/D03C1_Terrain_Derivatives_Final/Images/D03C1_LowLyingCandidate_Strict_QC.png,285705,784e91b3c0d7ae4b85a65b4cac6f53d44b5c62b9873dce8b90c3dbc967b3ec9f,copied,0,20971520,verified,
03_Nature_Portfolio_Project/Supporting_Information/Archive_Extractions/D03C1_Terrain_Derivatives_Final/Images/D03C1_LowLyingScore_QC.png,1229264,b25f2029d55e554ab2c69d29691ea5b1917f763f46246607513b8b5eaf3f8f99,copied,0,20971520,verified,
03_Nature_Portfolio_Project/Supporting_Information/Archive_Extractions/D03C1_Terrain_Derivatives_Final/Images/D03C1_RelativeElevation_500m_QC.png,829210,fd54d96060e39d4e208340a8231a3bc54e4c33e63f2ba70a3bfabe57939e92f1,copied,0,20971520,verified,
03_Nature_Portfolio_Project/Supporting_Information/Archive_Extractions/D03C1_Terrain_Derivatives_Final/Images/D03C1_RelativeElevation_Distribution_QC.png,65566,4f38fc155e50c3c9972d57cdc48c5860e20b19c44c8d74de893651d38610e857,copied,0,20971520,verified,
03_Nature_Portfolio_Project/Supporting_Information/Archive_Extractions/D03C1_Terrain_Derivatives_Final/Images/D03C1_Slope_Degree_QC.png,1289936,9acbf144c9871528ae9f55ef97a469957898ff7fcf0af3d1ca3f2845b3a7c072,copied,0,20971520,verified,
03_Nature_Portfolio_Project/Supporting_Information/Archive_Extractions/D03_Copernicus_GLO30_Final/Data_Tables/D03_Copernicus_GLO30_Data_Dictionary.csv,1220,4ec8a86dc7b46372ca8ddb7d56cd1a9363b90dc4f82255bc7e5bd85da58e84bd,copied,0,20971520,verified,
03_Nature_Portfolio_Project/Supporting_Information/Archive_Extractions/D03_Copernicus_GLO30_Final/Geospatial_Data/D03_Copernicus_GLO30_Metadata.json,3883,d60d884b4907750b9bddc7a41a4aee36226e7fcacd28700ef5f3bb77f5ec1e0a,copied,0,20971520,verified,
03_Nature_Portfolio_Project/Supporting_Information/Archive_Extractions/D03_Copernicus_GLO30_Final/Data_Tables/D03_Derived_Files_SHA256.txt,1640,5493c02cb3332c4c10241c56624e7d7724a7b836fcdc80887eeb97a5fbe979b8,copied,0,20971520,verified,
03_Nature_Portfolio_Project/Supporting_Information/Archive_Extractions/D03_Copernicus_GLO30_Final/Geospatial_Data/Copernicus_GLO30_N01_E103_E104_Mosaic.vrt,1102,bee90d5a05e9cf047c3fbbdd12287d92b877a8f6be6e4cbf3437dd5d28183c17,copied,0,20971520,verified,
03_Nature_Portfolio_Project/Supporting_Information/Archive_Extractions/D03_Copernicus_GLO30_Final/Geospatial_Data/Copernicus_GLO30_N01_E103_E104_Mosaic_WGS84.tif,32484395,b8a3f810fe405df08a649f75aff45de34799ec45f8a9cae6809f0442d0f43c98,split,2,20971520,verified,03_Nature_Portfolio_Project/Supporting_Information/Archive_Extractions/D03_Copernicus_GLO30_Final/Geospatial_Data/Copernicus_GLO30_N01_E103_E104_Mosaic_WGS84.tif.restore.json
03_Nature_Portfolio_Project/Supporting_Information/Archive_Extractions/D03_Copernicus_GLO30_Final/Geospatial_Data/JB_Copernicus_GLO30_Context10km_RSO.tif,9476360,0be9b905a0f21c19aac1edc27c69a1131c79e3c1cd629ac1509b9ef425237113,copied,0,20971520,verified,
03_Nature_Portfolio_Project/Supporting_Information/Archive_Extractions/D03_Copernicus_GLO30_Final/Geospatial_Data/JB_Copernicus_GLO30_Context10km_WGS84.tif,9002215,c24f10620b0358d1faddbb62878d8b473db78f624437eac2401fef785087b2e8,copied,0,20971520,verified,
03_Nature_Portfolio_Project/Supporting_Information/Archive_Extractions/D03_Copernicus_GLO30_Final/Images/D03_Copernicus_GLO30_Context10km_QC.png,1170578,f6a00c6c4bb680df53298b3196ca99f14b69fd4d91181f10e1d32b497450d735,copied,0,20971520,verified,
03_Nature_Portfolio_Project/Supporting_Information/Archive_Extractions/D03_Copernicus_GLO30_Final/Images/D03_Copernicus_GLO30_Core_QC.png,1048587,3b0ea60d7e81b42fcbf29f8ee70ca98dc9786e8ff279c861136de24235ef325e,copied,0,20971520,verified,
03_Nature_Portfolio_Project/Supporting_Information/Archive_Extractions/D03_Copernicus_GLO30_Final/Images/D03_Copernicus_GLO30_Elevation_Distribution_QC.png,75682,49af3f234e01590df2d35a9464d6d3af78a5825eedaaf1157d910948b72112f7,copied,0,20971520,verified,
03_Nature_Portfolio_Project/Supporting_Information/Archive_Extractions/D03_Copernicus_GLO30_Final/Geospatial_Data/JB_Terrain_Context10km_Boundary.gpkg,102400,26924395c307851ead2c5e78746451b517b63897b4dbffd3d7f0dc94295b89f6,copied,0,20971520,verified,
03_Nature_Portfolio_Project/Supporting_Information/Archive_Extractions/D03_Copernicus_GLO30_Final/Geospatial_Data/JB_Terrain_Core_Boundary.gpkg,110592,cdc55ffcffd5e4ece8dbbc5796b0ac43435205a83ec512cac181200e7e45f338,copied,0,20971520,verified,
03_Nature_Portfolio_Project/Supporting_Information/Archive_Extractions/D04A1_Public_Healthcare_Facilities/Data_Tables/D04A1_Derived_Files_SHA256.txt,818,6ed15f1924203d899fde5fa785694f27a7c96d5973a5e4c7438a7fcbea69c2d9,copied,0,20971520,verified,
03_Nature_Portfolio_Project/Supporting_Information/Archive_Extractions/D04A1_Public_Healthcare_Facilities/Data_Tables/D04A1_Public_Healthcare_Data_Dictionary.csv,1038,5742e794d4fb76718f9b0ac425a9cdadede40522d384056ea87420bcbd9ac948,copied,0,20971520,verified,
03_Nature_Portfolio_Project/Supporting_Information/Archive_Extractions/D04A1_Public_Healthcare_Facilities/Geospatial_Data/D04A1_Public_Healthcare_Metadata.json,827,905ae9b6f369975c1486906d4ccdb1fbb46d9cafe319de8b3a3df1c6f10791e5,copied,0,20971520,verified,
03_Nature_Portfolio_Project/Supporting_Information/Archive_Extractions/D04A1_Public_Healthcare_Facilities/Images/D04A1_Public_Healthcare_Facilities_QC.png,164536,eaf1718bf875d03e34cf0b9e1f81e1041a5f52cbb908cb09f604bafd2509a83e,copied,0,20971520,verified,
03_Nature_Portfolio_Project/Supporting_Information/Archive_Extractions/D04A1_Public_Healthcare_Facilities/Data_Tables/D04A1_Public_Healthcare_Facilities_QC_Report.txt,2695,d1b22de490d1897e7a5954801b602749a8d3764069147cf2d0a09ad82cb506c1,copied,0,20971520,verified,
03_Nature_Portfolio_Project/Supporting_Information/Archive_Extractions/D04A2_Community_Healthcare_Facilities/Data_Tables/D04A2_Community_Healthcare_Data_Dictionary.csv,1142,459199b1200cbb0a196f83c9b635c807d19b107b14b554fc8d311317f81e5758,copied,0,20971520,verified,
03_Nature_Portfolio_Project/Supporting_Information/Archive_Extractions/D04A2_Community_Healthcare_Facilities/Geospatial_Data/D04A2_Community_Healthcare_Metadata.json,809,0ea50b784eb5eb1211ad0103d5b663b6da568cad0b4a2bbbc7f27bfd9011b6d2,copied,0,20971520,verified,
03_Nature_Portfolio_Project/Supporting_Information/Archive_Extractions/D04A2_Community_Healthcare_Facilities/Data_Tables/D04A2_Derived_Files_SHA256.txt,937,5528a99cf5c71d09d41d6abffac0e12d2a6704f72335cb9859fb5fe043a18b56,copied,0,20971520,verified,
03_Nature_Portfolio_Project/Supporting_Information/Archive_Extractions/D04A2_Community_Healthcare_Facilities/Images/D04A2_Community_Healthcare_Facilities_QC.png,170744,fb700d76f8e0a92683be9a2302fbe03fb2b80fa17f7fdceadf71320944b89163,copied,0,20971520,verified,
03_Nature_Portfolio_Project/Supporting_Information/Archive_Extractions/D04A2_Community_Healthcare_Facilities/Data_Tables/D04A2_Community_Healthcare_QC_Report.txt,2871,2fc3d91c8333fc4331524c810cd9845b763e91fa947d0f0101d82de499798b7f,copied,0,20971520,verified,
03_Nature_Portfolio_Project/Supporting_Information/Archive_Extractions/D04A2_Community_Healthcare_Facilities/Data_Tables/D04A2_Source_Reconciliation.csv,1478,087895294abc04c407cd962b4486aec515bf49331d2335a6fb5943707ea77ecb,copied,0,20971520,verified,
03_Nature_Portfolio_Project/Supporting_Information/Archive_Extractions/D04B_Private_Hospitals/Data_Tables/D04B_Derived_Files_SHA256.txt,1032,46f0a89b3a116483f10bd65c082fff1da711565bd4c3f2105123ee3c81f6bce8,copied,0,20971520,verified,
03_Nature_Portfolio_Project/Supporting_Information/Archive_Extractions/D04B_Private_Hospitals/Data_Tables/D04B_Private_Hospitals_Data_Dictionary.csv,1217,3b295310b997967950cbbf4050f12606ee1f48b8b97ea11919a57f78ac79439a,copied,0,20971520,verified,
03_Nature_Portfolio_Project/Supporting_Information/Archive_Extractions/D04B_Private_Hospitals/Geospatial_Data/D04B_Private_Hospitals_Metadata.json,1388,37ca4c50df2658f82ccc8b33be107c0fe40c2c8b0c0436a3a850d1a74150de44,copied,0,20971520,verified,
03_Nature_Portfolio_Project/Supporting_Information/Archive_Extractions/D04B_Private_Hospitals/Data_Tables/D04B_Planned_Not_Operational_Facilities.csv,251,883fd8621a7132f9a7c3f6a660f7a3187218ade38c7df40742b507248dd3c550,copied,0,20971520,verified,
03_Nature_Portfolio_Project/Supporting_Information/Archive_Extractions/D04B_Private_Hospitals/Images/D04B_Private_Hospitals_QC.png,168481,1e9d7c40a5a9e981ea9103a7bf0a9547f08ba3be3aebdc26f6bda5d605838796,copied,0,20971520,verified,
03_Nature_Portfolio_Project/Supporting_Information/Archive_Extractions/D04C_Healthcare_Master_Access_Snapping/Data_Tables/D04C_Derived_Files_SHA256.txt,1366,0f7d071cee32d291bff91bbea38167ebe839e5a5470707e8209089c30a944796,copied,0,20971520,verified,
03_Nature_Portfolio_Project/Supporting_Information/Archive_Extractions/D04C_Healthcare_Master_Access_Snapping/Geospatial_Data/D04C_Healthcare_Master_Access_Metadata.json,1408,76570eb2e0cb7d550aa0d089a9f3e1bc620ea2cd167aedd9e43616c8010ab5aa,copied,0,20971520,verified,
03_Nature_Portfolio_Project/Supporting_Information/Archive_Extractions/D04C_Healthcare_Master_Access_Snapping/Data_Tables/D04C_Healthcare_Master_Data_Dictionary.csv,1392,3b15c5332d3adef62f7217abbf42d39b9f3a168d06c8e1723d8b8c0b0eb9870e,copied,0,20971520,verified,
03_Nature_Portfolio_Project/Supporting_Information/Archive_Extractions/D04C_Healthcare_Master_Access_Snapping/Images/D04C_Acute_Hospital_Snapping_QC.png,1350790,75aac7b0824a8923cc05a314fe4e0c828959d5b91bdaef0b96516ada44954034,copied,0,20971520,verified,
03_Nature_Portfolio_Project/Supporting_Information/Archive_Extractions/D04C_Healthcare_Master_Access_Snapping/Images/D04C_Healthcare_Master_QC.png,180868,0bbc800ee876aea5df0fd2b10207de72d667d976c43efc84fbaf227c6893a20b,copied,0,20971520,verified,
03_Nature_Portfolio_Project/Supporting_Information/Archive_Extractions/D04C_Healthcare_Master_Access_Snapping/Data_Tables/D04C_Healthcare_Master_Review_Flags.csv,4366,1b27272c9d70b869e3cab0a4aec3302e46fc62034bf2eab4201551ad29b74bbf,copied,0,20971520,verified,
03_Nature_Portfolio_Project/Supporting_Information/Archive_Extractions/D04C_Healthcare_Master_Access_Snapping/Images/D04C_Hospital_Snap_Distance_QC.png,66828,1666b4504a15a847623fce56ce60cddb29cc807be9365dd522f0455ecb1e54f3,copied,0,20971520,verified,
03_Nature_Portfolio_Project/Supporting_Information/Archive_Extractions/D04C_Healthcare_Master_Access_Snapping/Data_Tables/D04C_Hospital_Snap_Top3_Candidates.csv,5477,52ef03a77c452dd3ba0787f7282411a8f1a51c1fbcbe411064a31a803f66de6a,copied,0,20971520,verified,
03_Nature_Portfolio_Project/Supporting_Information/Archive_Extractions/D05A_WorldPop_Population_Origins_Final/Data_Tables/D05A_Derived_Files_SHA256.txt,1243,d18b37b6a47104a5f3261c7db6d0d51bcc960d7fca1318159f94097d324bf7bd,copied,0,20971520,verified,
03_Nature_Portfolio_Project/Supporting_Information/Archive_Extractions/D05A_WorldPop_Population_Origins_Final/Data_Tables/D05A_WorldPop_Data_Dictionary.csv,836,9e2779ea95c212eb3e4492801e62f719bfd00caaa79710d9b9bbed8186fe024d,copied,0,20971520,verified,
03_Nature_Portfolio_Project/Supporting_Information/Archive_Extractions/D05A_WorldPop_Population_Origins_Final/Geospatial_Data/D05A_WorldPop_Metadata.json,1908,259d9a3f6f1cb06ab1295ac707da6827869b16bae5bd4a790f35613a837bbaa7,copied,0,20971520,verified,
03_Nature_Portfolio_Project/Supporting_Information/Archive_Extractions/D05A_WorldPop_Population_Origins_Final/Images/D05A_WorldPop_Cell_Weight_Distribution_QC.png,56907,b76d6712eb175ee0f3b64dd317930cff55070d8f21b1e74b5b1de73de190bdad,copied,0,20971520,verified,
03_Nature_Portfolio_Project/Supporting_Information/Archive_Extractions/D05A_WorldPop_Population_Origins_Final/Images/D05A_WorldPop_DOSM_Comparison_QC.png,61321,619aa4022d5522e135fcad50c42bf37be7acb35243913d9493f8ba2b8ce4b500,copied,0,20971520,verified,
03_Nature_Portfolio_Project/Supporting_Information/Archive_Extractions/D05A_WorldPop_Population_Origins_Final/Images/D05A_WorldPop_Population_Surface_QC.png,1270136,039afd7e33aa3e124fe237d87d5d5e602f00c9d6f3e125fc667c4a89abec7b22,copied,0,20971520,verified,
03_Nature_Portfolio_Project/Supporting_Information/Archive_Extractions/D05B_Residential_Settlement_Crosscheck_Final/Data_Tables/D05B_Derived_Files_SHA256.txt,2276,9a2f92c201bd47193433d300343cfe1bd1f0e9b430ae5bd338606de33ab6911b,copied,0,20971520,verified,
03_Nature_Portfolio_Project/Supporting_Information/Archive_Extractions/D05B_Residential_Settlement_Crosscheck_Final/Data_Tables/D05B_Settlement_Crosscheck_Data_Dictionary.csv,1115,6314bd4da954d3f4b3a602e03d302caec93a9c0c5b7d5ec62c7943cdcdafa733,copied,0,20971520,verified,
03_Nature_Portfolio_Project/Supporting_Information/Archive_Extractions/D05B_Residential_Settlement_Crosscheck_Final/Geospatial_Data/D05B_Settlement_Crosscheck_Metadata.json,2197,8b9ca7cd101eedab9648fb706fa8978d5a91431082d5570d256a4cc5da0ddff5,copied,0,20971520,verified,
03_Nature_Portfolio_Project/Supporting_Information/Archive_Extractions/D05B_Residential_Settlement_Crosscheck_Final/Data_Tables/D05B_WorldPop_NoData_Settlement_Audit.csv,15129547,db2ce3d6aa10f6526148821378e9c40024238711d99124aa5f214335dfbeb75b,copied,0,20971520,verified,
03_Nature_Portfolio_Project/Supporting_Information/Archive_Extractions/D05B_Residential_Settlement_Crosscheck_Final/Data_Tables/D05B_WorldPop_Origin_Settlement_Audit.csv,20466259,9dd9730b69a8ac47091a0e45b6711e7962a64b41e52c3a42afc7b1536aaa0ce6,copied,0,20971520,verified,
03_Nature_Portfolio_Project/Supporting_Information/Archive_Extractions/D05B_Residential_Settlement_Crosscheck_Final/Data_Tables/D05B_WorldPop_ZeroCell_Settlement_Audit.csv,64375,aa6eb4103cc06195ef23b6eb255d0a2fc07d9faeffbd1f24395800981159beb0,copied,0,20971520,verified,
03_Nature_Portfolio_Project/Supporting_Information/Archive_Extractions/D05B_Residential_Settlement_Crosscheck_Final/Geospatial_Data/JB_WorldPop_2026_NoData_ReviewCandidates_RSO.gpkg,651264,45d5ecbba8e352c9d3b0c8ba6bf070468b1d6103678165ce437874e2f1bb4885,copied,0,20971520,verified,
03_Nature_Portfolio_Project/Supporting_Information/Archive_Extractions/D05B_Residential_Settlement_Crosscheck_Final/Geospatial_Data/JB_WorldPop_2026_Origins_SettlementAudit_RSO.gpkg,20115456,82b80aa1b2510123dcc0de5bb3898296ab446e4ca04f2d9ad14905b17e1c2981,copied,0,20971520,verified,
03_Nature_Portfolio_Project/Supporting_Information/Archive_Extractions/D05B_Residential_Settlement_Crosscheck_Final/Geospatial_Data/JB_OSM_Settlement_D05B_RSO.gpkg,36347904,4be9b600a83e3e8a662eba8ad6461f633d6346e55dcec4630cc320f7397909f8,split,2,20971520,verified,03_Nature_Portfolio_Project/Supporting_Information/Archive_Extractions/D05B_Residential_Settlement_Crosscheck_Final/Geospatial_Data/JB_OSM_Settlement_D05B_RSO.gpkg.restore.json
03_Nature_Portfolio_Project/Supporting_Information/Archive_Extractions/D05B_Residential_Settlement_Crosscheck_Final/Data_Tables/D05B_LowPopulation_LT1_Settlement_Summary.csv,454,d9ebdfa0421dab815cc5aee27257a7527c8c934a258f4f8ff9c7822c014fd869,copied,0,20971520,verified,
03_Nature_Portfolio_Project/Supporting_Information/Archive_Extractions/D05B_Residential_Settlement_Crosscheck_Final/Images/D05B_NoData_Residential_Candidates_Map_QC.png,470881,c344a53a5a97f8cff5bc72503283eef0ad66a21d44d655cc92116b6e406b41b8,copied,0,20971520,verified,
03_Nature_Portfolio_Project/Supporting_Information/Archive_Extractions/D05B_Residential_Settlement_Crosscheck_Final/Images/D05B_NoData_Review_QC.png,142424,aef21db0fdc0b06ef496388d722c71f251c85af9a74e270a7f562dc8d9df883f,copied,0,20971520,verified,
03_Nature_Portfolio_Project/Supporting_Information/Archive_Extractions/D05B_Residential_Settlement_Crosscheck_Final/Data_Tables/D05B_NoData_Settlement_Summary.csv,272,819db4c876f89bb1ad424d2c008ea583ee0debc2b8c9434d38b71c170104d71c,copied,0,20971520,verified,
03_Nature_Portfolio_Project/Supporting_Information/Archive_Extractions/D05B_Residential_Settlement_Crosscheck_Final/Images/D05B_Origin_Settlement_Support_QC.png,125318,d68f081afe2cb1d3ff20c145ccd0dfd4125bacf5c9c374c5d09fc32a37dcb85d,copied,0,20971520,verified,
03_Nature_Portfolio_Project/Supporting_Information/Archive_Extractions/D05B_Residential_Settlement_Crosscheck_Final/Data_Tables/D05B_Origin_Settlement_Support_Summary.csv,459,90df65883a7d028bb47d41e38f9b5600423d4e40bc8f930eed32628393c56b1a,copied,0,20971520,verified,
03_Nature_Portfolio_Project/Supporting_Information/Archive_Extractions/D05B_Residential_Settlement_Crosscheck_Final/Data_Tables/D05B_PopulationBin_Settlement_Summary.csv,729,1c16361f8014ba1600145fc09a2d8a4b9cabd15bc31bc9e4ff082d2edf87a09b,copied,0,20971520,verified,
03_Nature_Portfolio_Project/Supporting_Information/Archive_Extractions/D05B_Residential_Settlement_Crosscheck_Final/Data_Tables/D05B_Residential_Settlement_QC_Report.txt,4385,e4427274f111f3524ccda829f37d268c969989ec83a914e51002420bfccc5440,copied,0,20971520,verified,
03_Nature_Portfolio_Project/Supporting_Information/Archive_Extractions/D05B_Residential_Settlement_Crosscheck_Final/Data_Tables/D05B_Subdistrict_Assignment_Fallback.csv,289,5aa43a0fa60404e36d0e91003feb83553a987b42d2c66b3ab86143b4889b17cd,copied,0,20971520,verified,
03_Nature_Portfolio_Project/Supporting_Information/Archive_Extractions/D05B_Residential_Settlement_Crosscheck_Final/Data_Tables/D05B_Subdistrict_Settlement_Audit.csv,855,d46c2338846d1e6d87115fbd7cdf2f2a9da43c3d268aee18e602b96b8b58d05e,copied,0,20971520,verified,
03_Nature_Portfolio_Project/Supporting_Information/Archive_Extractions/D05B_Residential_Settlement_Crosscheck_Final/Data_Tables/D05B_ZeroCell_Settlement_Summary.csv,236,98853186fa13a720a80881db376e8a878a9bdb33dadd99aa278af04befefef79,copied,0,20971520,verified,
03_Nature_Portfolio_Project/Supporting_Information/Archive_Extractions/D06_Routing_Graph_Arcs_Time.csv/Data_Tables/D06_Routing_Graph_Arcs_Time.csv,83359500,c8688912c96834b11157333bc54d058542856c59b7d132ffe0d9d10ac41ff1b8,split,4,20971520,verified,03_Nature_Portfolio_Project/Supporting_Information/Archive_Extractions/D06_Routing_Graph_Arcs_Time.csv/Data_Tables/D06_Routing_Graph_Arcs_Time.csv.restore.json
03_Nature_Portfolio_Project/Supporting_Information/Archive_Extractions/D06_Routing_Graph_Nodes.csv/Data_Tables/D06_Routing_Graph_Nodes.csv,13089125,8c2b518af5f02466fb7889458883fd8191d76c1410a493331622351274424d95,copied,0,20971520,verified,
03_Nature_Portfolio_Project/Supporting_Information/Archive_Extractions/D06R_Corrected_Baseline_Healthcare_Accessibility_v1.0/Archives/D06R_Corrected_Baseline_Healthcare_Accessibility_Origins.csv.gz,11082984,25ab7b45aa3ae8684a8cc78bcb620fd80289464016d539486353bd4a37305abf,copied,0,20971520,verified,
03_Nature_Portfolio_Project/Supporting_Information/Archive_Extractions/D07E_IMERG_JB_20Cells_HalfHourly.csv/Data_Tables/D07E_IMERG_JB_20Cells_HalfHourly.csv,829392,f22a903aa7a2a931c2ae1693954e5cc3ce3793747eaaea39f7820d6ef0d2bcb4,copied,0,20971520,verified,
03_Nature_Portfolio_Project/Supporting_Information/Archive_Extractions/D08_Step1_2025_Observed_Closure_Accessibility_v0.1/Archives/D08_D06R_Corrected_Baseline_Origins.csv.gz,11037305,7e928d4817cde541d9441f1a7de5f55e26b05e87e491962e2a2e0375f3675c89,copied,0,20971520,verified,
03_Nature_Portfolio_Project/Supporting_Information/Archive_Extractions/D08_Step1_2025_Observed_Closure_Accessibility_v0.1/Archives/D08_EVENT_FOOTPRINT_UNION_Origin_Results.csv.gz,2102277,9f31638e67db0c8f2ebec636667a600536462a1b30629fe6c4a1df22ce6a15ae,copied,0,20971520,verified,
03_Nature_Portfolio_Project/Supporting_Information/Archive_Extractions/D08_Step1_2025_Observed_Closure_Accessibility_v0.1/Archives/D08_MAR20_OBSERVED_Origin_Results.csv.gz,2085215,362d29e37e0062004da277a03507c3efb71731ae0610399ece3a04b4485d338e,copied,0,20971520,verified,
03_Nature_Portfolio_Project/Supporting_Information/Archive_Extractions/D08_Step1_2025_Observed_Closure_Accessibility_v0.1/Archives/D08_MAR21_OBSERVED_Origin_Results.csv.gz,2077865,32e8cc846dc92fc4e78c312fb1b74406cdb7e9d20db02c553bbc92c4b61596e4,copied,0,20971520,verified,
03_Nature_Portfolio_Project/Supporting_Information/Archive_Extractions/ARCHIVE_MISSING_RECOVERY_BUNDLE_20261005/Data_Tables/README_RECOVERY.txt,1214,05b884661b0c91dd91c47a6d26f07ecdd2749d63a885b1496102156496fe214e,copied,0,20971520,verified,
03_Nature_Portfolio_Project/Supporting_Information/Archive_Extractions/ARCHIVE_MISSING_RECOVERY_BUNDLE_20261005/Data_Tables/RECOVERY_BUNDLE_FILE_LIST.txt,2284,eb73e8fcaec8658af1d30045d0a86a746ba6e87b6d85cff1d0eb6da645609372,copied,0,20971520,verified,
04_Figure_Support_Data/Intermediate_Outputs/Archive_Extractions/JB_Historical_Flood_Spatial_Framework_Boundary_CrossValidation_v1.0/Data_Tables/FILE_MANIFEST_SHA256.csv,1771,da74085ef938abcd42a6e7ac8733147b96c356c6063dde244aa52199ccd3e824,copied,0,20971520,verified,
04_Figure_Support_Data/Intermediate_Outputs/Archive_Extractions/JB_Historical_Flood_Spatial_Framework_Boundary_CrossValidation_v1.0/Documents/README.md,1081,2c469ca2f00def44455a09dd7b7d13b9d438b04620efd74349025510e38f2247,copied,0,20971520,verified,
04_Figure_Support_Data/Intermediate_Outputs/Archive_Extractions/JB_Historical_Flood_Spatial_Framework_Boundary_CrossValidation_v1.0/Data_Tables/Boundary_BBox_Delta_m.csv,199,a6f21b3f78200d9fe8ba8e8044728b209ac8a71fbbaea4fdf77dc1c6d3760a98,copied,0,20971520,verified,
04_Figure_Support_Data/Intermediate_Outputs/Archive_Extractions/JB_Historical_Flood_Spatial_Framework_Boundary_CrossValidation_v1.0/Data_Tables/Boundary_BoundingBox_Comparison.csv,167,2d50ae08789b7c01e8c80e4fb82a4db58bcd3da4f1ff52e91c0e94a0f8e73d7d,copied,0,20971520,verified,
04_Figure_Support_Data/Intermediate_Outputs/Archive_Extractions/JB_Historical_Flood_Spatial_Framework_Boundary_CrossValidation_v1.0/Data_Tables/Boundary_CrossValidation_Summary.csv,774,e43e659dae1bd911f61d2948c678e809fd5a6069f6468dec90d6b8684b4a3a99,copied,0,20971520,verified,
04_Figure_Support_Data/Intermediate_Outputs/Archive_Extractions/JB_Historical_Flood_Spatial_Framework_Boundary_CrossValidation_v1.0/Data_Tables/Boundary_DirectionalDistance_Metrics.csv,313,5ceddb9c754098f726addad0e16aa8d31a28b918fa0af92dcf293a0d3a413f6d,copied,0,20971520,verified,
04_Figure_Support_Data/Intermediate_Outputs/Archive_Extractions/JB_Historical_Flood_Spatial_Framework_Boundary_CrossValidation_v1.0/Data_Tables/Boundary_Sector_Audit.csv,901,4a7da73533286df42465dfe7e556b2524e7af7eeb5771de3040a13fc61d1fd88,copied,0,20971520,verified,
04_Figure_Support_Data/Intermediate_Outputs/Archive_Extractions/JB_Historical_Flood_Spatial_Framework_Boundary_CrossValidation_v1.0/Data_Tables/Boundary_Source_Metadata.csv,780,6c51fa2f63095c6f4dae102fe23476b03f669bffbfe7f43cdca1d8fab4164a6d,copied,0,20971520,verified,
04_Figure_Support_Data/Intermediate_Outputs/Archive_Extractions/JB_Historical_Flood_Spatial_Framework_Boundary_CrossValidation_v1.0/Data_Tables/MyGDI_Metadata_QC_Warning.txt,712,8de93ce0a66b0815ddccdaf785d30d213c50b3e294b1502feca7d0acbb937410,copied,0,20971520,verified,
04_Figure_Support_Data/Intermediate_Outputs/Archive_Extractions/JB_Historical_Flood_Spatial_Framework_Boundary_CrossValidation_v1.0/Data_Tables/BOUNDARY_FREEZE_DECISION_v1.0.txt,1662,9a6cfa6e1c1b6713937b41baef33f4a6d474771db134ade97976d1d8ce92a064,copied,0,20971520,verified,
04_Figure_Support_Data/Intermediate_Outputs/Archive_Extractions/JB_Historical_Flood_Spatial_Framework_Boundary_CrossValidation_v1.0/Data_Tables/JB_Study_Boundary_v1.0_Metadata.csv,584,6f8c46424e428b73d9147c7e72afb792246cbfa2ab53a438d397c8c5c62ac9b3,copied,0,20971520,verified,
04_Figure_Support_Data/Intermediate_Outputs/Archive_Extractions/JB_Historical_Flood_Spatial_Framework_Boundary_CrossValidation_v1.0/Data_Tables/FloodZone_Classification_Rule_v1.0.txt,548,5852b9b7f66c72a826b0e436f23fa3c8de22547fb8c92f66d61fc8fa409f9a89,copied,0,20971520,verified,
04_Figure_Support_Data/Intermediate_Outputs/Archive_Extractions/JB_Historical_Flood_Spatial_Framework_Boundary_CrossValidation_v1.0/Data_Tables/FloodZone_Style_Spec_v1.0.csv,379,7b3bc006853146243492ea797efc9b77ee041cad0fbdeb720666555a8bb9bf84,copied,0,20971520,verified,
04_Figure_Support_Data/Intermediate_Outputs/Archive_Extractions/JB_Historical_Flood_Spatial_Framework_Boundary_CrossValidation_v1.0/Geospatial_Data/JB_Study_Boundary_DOSM_ADM2_WGS84.geojson,4102,3d6195d19f36b6a27069a89ae500f8249a6057e598aa6fb72f60f9debe8bef6a,copied,0,20971520,verified,
04_Figure_Support_Data/Intermediate_Outputs/Archive_Extractions/JB_Historical_Flood_Spatial_Framework_Boundary_CrossValidation_v1.0/Data_Tables/JB_Study_Boundary_Metadata.csv,1155,0005345f760b4245e1911d0638b3046eeb70c96afc663fb672515c7a39df8c50,copied,0,20971520,verified,
04_Figure_Support_Data/Intermediate_Outputs/Archive_Extractions/JB_Historical_Flood_Spatial_Framework_Boundary_CrossValidation_v1.0/Data_Tables/SOURCE_ASSET_POINTERS.txt,565,d2915c0984b684a8b4b3def3c919200ebb4ff586d5b684c8b510576f4addbd47,copied,0,20971520,verified,
04_Figure_Support_Data/Intermediate_Outputs/Archive_Extractions/JB_Historical_Flood_Spatial_Framework_STEP2_AnalysisGrid_Freeze_v1.0/Data_Tables/FILE_MANIFEST_SHA256.csv,2506,11932d291c9a08f51d721e67848c7276baa3c9a84c55ed70e7f517e08d559a8c,copied,0,20971520,verified,
04_Figure_Support_Data/Intermediate_Outputs/Archive_Extractions/JB_Historical_Flood_Spatial_Framework_STEP2_AnalysisGrid_Freeze_v1.0/Data_Tables/GRID_FREEZE_DECISION_v1.0.txt,1447,b5b3199c860f4624c89bcd6d8931dbeaaedd8a6af5aabf5b314207491b65cfe0,copied,0,20971520,verified,
04_Figure_Support_Data/Intermediate_Outputs/Archive_Extractions/JB_Historical_Flood_Spatial_Framework_STEP2_AnalysisGrid_Freeze_v1.0/Documents/README.md,1026,f5914bf95ccb1c68c5e67e734ce1a7a5035badc7440cd063bc7242e03fa68379,copied,0,20971520,verified,
04_Figure_Support_Data/Intermediate_Outputs/Archive_Extractions/JB_Historical_Flood_Spatial_Framework_STEP2_AnalysisGrid_Freeze_v1.0/Geospatial_Data/JB_Study_Boundary_v1.0_EPSG3377.gpkg,110592,3b5fe2b5931da0ddda0b22f094d6f7c3f14be07d1ce16261a33ea45b237a23b5,copied,0,20971520,verified,
04_Figure_Support_Data/Intermediate_Outputs/Archive_Extractions/JB_Historical_Flood_Spatial_Framework_STEP2_AnalysisGrid_Freeze_v1.0/Geospatial_Data/JB_Study_Boundary_v1.0_WGS84.geojson,38225,b240b5f6d53cf432895a4dee7ed48a15b2e031e7b016b5d1e77e2dc500a329d8,copied,0,20971520,verified,
04_Figure_Support_Data/Intermediate_Outputs/Archive_Extractions/JB_Historical_Flood_Spatial_Framework_STEP2_AnalysisGrid_Freeze_v1.0/Data_Tables/JB_Grid_500m_Attributes.csv,664006,371111f5b1248316913dad318e1a06a9f621a542130ecdbf11c3d97e8acd883a,copied,0,20971520,verified,
04_Figure_Support_Data/Intermediate_Outputs/Archive_Extractions/JB_Historical_Flood_Spatial_Framework_STEP2_AnalysisGrid_Freeze_v1.0/Geospatial_Data/JB_Grid_500m_Clipped_WGS84.geojson,3174936,d937b450bac07abbdac32b17b944742002f10918ea7b007334ae2594b4129b29,copied,0,20971520,verified,
04_Figure_Support_Data/Intermediate_Outputs/Archive_Extractions/JB_Historical_Flood_Spatial_Framework_STEP2_AnalysisGrid_Freeze_v1.0/Geospatial_Data/JB_Grid_500m_Full_WGS84.geojson,3135890,f787406b3fd168eaa0b624e81f76bf5961b0c478ac5e1184d896bd292189a569,copied,0,20971520,verified,
04_Figure_Support_Data/Intermediate_Outputs/Archive_Extractions/JB_Historical_Flood_Spatial_Framework_STEP2_AnalysisGrid_Freeze_v1.0/Geospatial_Data/JB_Grid_500m_v1.0.gpkg,2928640,a9f7d7bbf8cac33cce2c57a5fd1191f7a902108d82eb55164dc4e2449183aef0,copied,0,20971520,verified,
04_Figure_Support_Data/Intermediate_Outputs/Archive_Extractions/JB_Historical_Flood_Spatial_Framework_STEP2_AnalysisGrid_Freeze_v1.0/Data_Tables/JB_Grid_250m_Attributes.csv,2547007,bbf232e6998c0e2d57d9272bbd1bd3a3021b3a7af4c2f6d94abe807b4ff37754,copied,0,20971520,verified,
04_Figure_Support_Data/Intermediate_Outputs/Archive_Extractions/JB_Historical_Flood_Spatial_Framework_STEP2_AnalysisGrid_Freeze_v1.0/Geospatial_Data/JB_Grid_250m_Clipped_WGS84.geojson,12219489,3424cd7695427b66bbeabb0e20b1245b9d31a5d4bbaaad7e64140005c6b68668,copied,0,20971520,verified,
04_Figure_Support_Data/Intermediate_Outputs/Archive_Extractions/JB_Historical_Flood_Spatial_Framework_STEP2_AnalysisGrid_Freeze_v1.0/Geospatial_Data/JB_Grid_250m_Full_WGS84.geojson,12180516,62ad9a2a7d459de616a60ab2839d9ee7a25307528b804a39a785cd6fe2e16315,copied,0,20971520,verified,
04_Figure_Support_Data/Intermediate_Outputs/Archive_Extractions/JB_Historical_Flood_Spatial_Framework_STEP2_AnalysisGrid_Freeze_v1.0/Geospatial_Data/JB_Grid_250m_v1.0.gpkg,11411456,0e1558acc4f5bd9e5afd576125a426df7f63ddbb4b201b290036084015209ae3,copied,0,20971520,verified,
04_Figure_Support_Data/Intermediate_Outputs/Archive_Extractions/JB_Historical_Flood_Spatial_Framework_STEP2_AnalysisGrid_Freeze_v1.0/Data_Tables/JB_Grid_1000m_Attributes.csv,181097,07414d677c87301e124c0f4552434cf6d7d4df21d4fa38bedad1d1fb26c7d73e,copied,0,20971520,verified,
04_Figure_Support_Data/Intermediate_Outputs/Archive_Extractions/JB_Historical_Flood_Spatial_Framework_STEP2_AnalysisGrid_Freeze_v1.0/Geospatial_Data/JB_Grid_1000m_Clipped_WGS84.geojson,870707,eeb07e3becc3b2328ff221bbecdd29fc8d64f3ca653ccc6706373253af0e05d6,copied,0,20971520,verified,
04_Figure_Support_Data/Intermediate_Outputs/Archive_Extractions/JB_Historical_Flood_Spatial_Framework_STEP2_AnalysisGrid_Freeze_v1.0/Geospatial_Data/JB_Grid_1000m_Full_WGS84.geojson,832820,e02c9355707dffa796fcdecf91fdce06e958722e47a800f8078f4ed2208d6b18,copied,0,20971520,verified,
04_Figure_Support_Data/Intermediate_Outputs/Archive_Extractions/JB_Historical_Flood_Spatial_Framework_STEP2_AnalysisGrid_Freeze_v1.0/Geospatial_Data/JB_Grid_1000m_v1.0.gpkg,843776,c69ac2f032aa86e34abb5d6ed6b5377455218c161b03aa477b0fe5fea1027ce6,copied,0,20971520,verified,
04_Figure_Support_Data/Intermediate_Outputs/Archive_Extractions/JB_Historical_Flood_Spatial_Framework_STEP2_AnalysisGrid_Freeze_v1.0/Data_Tables/Grid_Alignment_QC.csv,274,14b53b44b64b0444718036e2292a7524f2f96e99132f91a9521b6195ea1dd5a2,copied,0,20971520,verified,
04_Figure_Support_Data/Intermediate_Outputs/Archive_Extractions/JB_Historical_Flood_Spatial_Framework_STEP2_AnalysisGrid_Freeze_v1.0/Data_Tables/Grid_QC_Summary.csv,579,1ea4109d9c58f1601f318bd1f021dab2a247e47b81a291ddad6bc2a66e7922e8,copied,0,20971520,verified,
04_Figure_Support_Data/Intermediate_Outputs/Archive_Extractions/JB_Historical_Flood_Spatial_Framework_STEP2_AnalysisGrid_Freeze_v1.0/Data_Tables/Frozen_Grid_Origin_v1.0.csv,219,a9bc50fc09cda7b86972ef936f30ae0fdda1b23a4600522c3d76f7fe00d90533,copied,0,20971520,verified,
04_Figure_Support_Data/Intermediate_Outputs/Archive_Extractions/JB_Historical_Flood_Spatial_Framework_STEP2_AnalysisGrid_Freeze_v1.0/Data_Tables/Grid_Definition_Metadata.csv,697,ff3a62bb9dae610650d2d438a2ba1b1068b85c28fc0581da888dd3dcba17da78,copied,0,20971520,verified,
04_Figure_Support_Data/Intermediate_Outputs/Archive_Extractions/JB_Historical_Flood_Spatial_Framework_STEP2_AnalysisGrid_Freeze_v1.0/Geospatial_Data/Package_Summary.json,268,74d9dda9d9d521e2bd103b058d5299316b13ebf7046557ca2ec0d7f725355b8f,copied,0,20971520,verified,
04_Figure_Support_Data/Intermediate_Outputs/Archive_Extractions/JB_Historical_Flood_Spatial_Framework_STEP3B_FloodZonePolygons_v0.1/Data_Tables/FILE_MANIFEST_SHA256.csv,2287,98aface630fdee4fc28a23e2a93f29dc86e5b888ca29c9dc5f24b039ebc635e4,copied,0,20971520,verified,
04_Figure_Support_Data/Intermediate_Outputs/Archive_Extractions/JB_Historical_Flood_Spatial_Framework_STEP3B_FloodZonePolygons_v0.1/Documents/README_STEP3B_v0.1.md,1144,f242acb80f7a78be3c2bb344594912ff571ef9d3a7eb57f35a297781b26a07ec,copied,0,20971520,verified,
04_Figure_Support_Data/Intermediate_Outputs/Archive_Extractions/JB_Historical_Flood_Spatial_Framework_STEP3B_FloodZonePolygons_v0.1/Data_Tables/Step3B_Classification_Rule_v0.1.txt,1007,ebf3e4b0d12f2dfd160f5c78c9bf8417a662b3ac0ab89328bdbe94a153aadfc9,copied,0,20971520,verified,
04_Figure_Support_Data/Intermediate_Outputs/Archive_Extractions/JB_Historical_Flood_Spatial_Framework_STEP3B_FloodZonePolygons_v0.1/Data_Tables/Step3B_Polygon_Delineation_Rule_v0.1.txt,1076,45536fc7b31a1f2c5186d2bcd995c1e1a54475e55018cf3d30dfe251fe69af7a,copied,0,20971520,verified,
04_Figure_Support_Data/Intermediate_Outputs/Archive_Extractions/JB_Historical_Flood_Spatial_Framework_STEP3B_FloodZonePolygons_v0.1/Data_Tables/Step3B_Zone_Evidence_Classification_Matrix.csv,5309,5ef50b287d192c0a9f9cb9a12eb622123f9e1a1c1364d53e98c9dca3ca86d951,copied,0,20971520,verified,
04_Figure_Support_Data/Intermediate_Outputs/Archive_Extractions/JB_Historical_Flood_Spatial_Framework_STEP3B_FloodZonePolygons_v0.1/Data_Tables/Step3B_RecurrentLocation_Geocoding.csv,2690,9a95a026511a1a41ccbac164db5d9bd7fefda45a0f95a18972b9043aac9d02ca,copied,0,20971520,verified,
04_Figure_Support_Data/Intermediate_Outputs/Archive_Extractions/JB_Historical_Flood_Spatial_Framework_STEP3B_FloodZonePolygons_v0.1/Data_Tables/Step3B_Class_Counts.csv,51,5f81040330fbceb6aca2e799e39c192965d8ea37a9029e882d49afdd3c6f5e4f,copied,0,20971520,verified,
04_Figure_Support_Data/Intermediate_Outputs/Archive_Extractions/JB_Historical_Flood_Spatial_Framework_STEP3B_FloodZonePolygons_v0.1/Data_Tables/Step3B_Geometry_Method_Counts.csv,231,df67fca10e5592c2467bfbf47a33a57b61fa4c702a31b8c80483928908778b65,copied,0,20971520,verified,
04_Figure_Support_Data/Intermediate_Outputs/Archive_Extractions/JB_Historical_Flood_Spatial_Framework_STEP3B_FloodZonePolygons_v0.1/Data_Tables/Step3B_LowConfidence_Boundary_Review_Queue.csv,1642,714a36e0d7014af333ea09040c023316d277ab249193b6a49e3156f6324fb6c8,copied,0,20971520,verified,
04_Figure_Support_Data/Intermediate_Outputs/Archive_Extractions/JB_Historical_Flood_Spatial_Framework_STEP3B_FloodZonePolygons_v0.1/Data_Tables/Step3B_QC_Summary.csv,324,a92e70dd1c258d56edf34121814a6b988f9a864ae4276e43f9bfac04a847f2dd,copied,0,20971520,verified,
04_Figure_Support_Data/Intermediate_Outputs/Archive_Extractions/JB_Historical_Flood_Spatial_Framework_STEP3B_FloodZonePolygons_v0.1/Data_Tables/Step3B_FloodZone_Style_Spec.csv,217,d90bbecb75b46e81720beff31edcb79f1e4465f4c55f8354f9c7a4b0e760fec6,copied,0,20971520,verified,
04_Figure_Support_Data/Intermediate_Outputs/Archive_Extractions/JB_Historical_Flood_Spatial_Framework_STEP3B_FloodZonePolygons_v0.1/Images/Step3B_FloodZone_DistrictOverview_300dpi.png,311848,f013ce10bb28bc1fbc38138d2d1254db1a22371778d8ad339a183125b1b383ab,copied,0,20971520,verified,
04_Figure_Support_Data/Intermediate_Outputs/Archive_Extractions/JB_Historical_Flood_Spatial_Framework_STEP3B_FloodZonePolygons_v0.1/Images/Step3B_FloodZone_UrbanZoom_300dpi.png,3814490,fc3d2c85a85ce956a45fd1708e3e952ddd2d5b20b2b361858d8b44fee139cc14,copied,0,20971520,verified,
04_Figure_Support_Data/Intermediate_Outputs/Archive_Extractions/JB_Historical_Flood_Spatial_Framework_STEP3B_FloodZonePolygons_v0.1/Images/Step3B_FloodZone_UrbanZoom_600dpi.png,10009538,9a6662061bf423f5a54b6ede680aa95b495f25667e7008fa90bae6b07e0336ac,copied,0,20971520,verified,
04_Figure_Support_Data/Intermediate_Outputs/Archive_Extractions/JB_Historical_Flood_Spatial_Framework_STEP3B_FloodZonePolygons_v0.1/Geospatial_Data/Step3B_Package_Summary.json,327,62405e51528b24d709634c3b85c3bd1e0ec20febe5b83def2d88ae9541c332a5,copied,0,20971520,verified,
04_Figure_Support_Data/Intermediate_Outputs/Archive_Extractions/JB_Historical_Flood_Spatial_Framework_STEP3B_FloodZonePolygons_v0.1/Data_Tables/Step3B_Public_Source_Crosscheck.txt,631,1153efda9ddb958a6f43f3def60fba84aa2d959bc85f3f79d3f94a741fc67374,copied,0,20971520,verified,
04_Figure_Support_Data/Intermediate_Outputs/Archive_Extractions/JB_Historical_Flood_Spatial_Framework_STEP3C_CompleteRGBLayer_v0.1/Data_Tables/FILE_MANIFEST_SHA256.csv,2286,87a4fd1b1dbbf5144b69fe24dda9bfc228625a6366ae56fbfa9890e5f73e3522,copied,0,20971520,verified,
04_Figure_Support_Data/Intermediate_Outputs/Archive_Extractions/JB_Historical_Flood_Spatial_Framework_STEP3C_CompleteRGBLayer_v0.1/Documents/README_STEP3C_v0.1.md,1725,7ab9366da1296927c9be99f469c6b41d2788cd7a7069f2acd01987990fa5d1cc,copied,0,20971520,verified,
04_Figure_Support_Data/Intermediate_Outputs/Archive_Extractions/JB_Historical_Flood_Spatial_Framework_STEP3C_CompleteRGBLayer_v0.1/Data_Tables/Step3C_Evidence_Updates.csv,1130,c9e78b4ebf750997258a7e0b619ecb7c59f569f4c2713d2ee14b284d44973a86,copied,0,20971520,verified,
04_Figure_Support_Data/Intermediate_Outputs/Archive_Extractions/JB_Historical_Flood_Spatial_Framework_STEP3C_CompleteRGBLayer_v0.1/Data_Tables/Step3C_RGB_Style_Spec.csv,211,e721fae3318743c75986ad836c9216bcef89e4ad646e22c5a38e68652777ef76,copied,0,20971520,verified,
04_Figure_Support_Data/Intermediate_Outputs/Archive_Extractions/JB_Historical_Flood_Spatial_Framework_STEP3C_CompleteRGBLayer_v0.1/Images/Step3C_RGB_DistrictOverview_300dpi.png,315228,d5b706fb57b38ffdd49ae15ba9d064ef453668f4343852161583c2f4e90b629d,copied,0,20971520,verified,
04_Figure_Support_Data/Intermediate_Outputs/Archive_Extractions/JB_Historical_Flood_Spatial_Framework_STEP3C_CompleteRGBLayer_v0.1/Images/Step3C_RGB_DistrictOverview_600dpi.png,692886,960281f1b4c4767c1a4b40530668f7aa19d4ef9369faca5f5ace6cec6b3c8348,copied,0,20971520,verified,
04_Figure_Support_Data/Intermediate_Outputs/Archive_Extractions/JB_Historical_Flood_Spatial_Framework_STEP3C_CompleteRGBLayer_v0.1/Images/Step3C_RGB_UrbanZoom_300dpi.png,205600,cbd4f9ae0e97185bea53fb45eeb8e3284549846a5cac58796a13fb6a35b9f131,copied,0,20971520,verified,
04_Figure_Support_Data/Intermediate_Outputs/Archive_Extractions/JB_Historical_Flood_Spatial_Framework_STEP3C_CompleteRGBLayer_v0.1/Data_Tables/Step3C_Class_Counts.csv,51,895bf12612e916d59d537db209c74f81cc90be92b1f17ce4edc67af829d8f3e0,copied,0,20971520,verified,
04_Figure_Support_Data/Intermediate_Outputs/Archive_Extractions/JB_Historical_Flood_Spatial_Framework_STEP3C_CompleteRGBLayer_v0.1/Data_Tables/Step3C_Geometry_Confidence_Counts.csv,54,e2cb4da576526f29c07be80dc903ba2d22341c89495e61210af77ec493ac98e9,copied,0,20971520,verified,
04_Figure_Support_Data/Intermediate_Outputs/Archive_Extractions/JB_Historical_Flood_Spatial_Framework_STEP3C_CompleteRGBLayer_v0.1/Data_Tables/Step3C_QC_Summary.csv,310,77a2ff2b9eebdc12af643cb97ff640838a1a6735c21f8cb8d98c1dae0165abe2,copied,0,20971520,verified,
04_Figure_Support_Data/Intermediate_Outputs/Archive_Extractions/JB_Historical_Flood_Spatial_Framework_STEP3C_CompleteRGBLayer_v0.1/Data_Tables/Step3C_Remaining_LowConfidence_Zones.csv,2044,aad65629fc09fba9e50c7810513666a56a59dbab2c78a0a3a1173d4762578505,copied,0,20971520,verified,
04_Figure_Support_Data/Intermediate_Outputs/Archive_Extractions/JB_Historical_Flood_Spatial_Framework_STEP3C_CompleteRGBLayer_v0.1/Data_Tables/STEP3C_METHOD_FREEZE.txt,847,059d5678be16b582acdb19be801926a696d37f2f42396c17c302e4da810a9fee,copied,0,20971520,verified,
04_Figure_Support_Data/Intermediate_Outputs/Archive_Extractions/JB_Historical_Flood_Spatial_Framework_STEP3C_CompleteRGBLayer_v0.1/Geospatial_Data/Step3C_Package_Summary.json,501,26555e8ef9865189edc7f6235184e4dd4c74345d7945b9e757ab7179099bb9e0,copied,0,20971520,verified,
04_Figure_Support_Data/Intermediate_Outputs/Archive_Extractions/JB_Historical_Flood_Spatial_Framework_STEP3C_CompleteRGBLayer_v0.1/Data_Tables/Step3C_Public_Source_Log.csv,1458,c2ba9c636c5da2c42056e088c5bd8d77ff311b47968943c534487a8460630b4a,copied,0,20971520,verified,
04_Figure_Support_Data/Intermediate_Outputs/Archive_Extractions/JB_STEP4_D09_HistoricalZone_Validation_v1.0/Data_Tables/FILE_MANIFEST_SHA256.csv,1912,04a3623f4ca04c049abf9c26f43058f13d283bffa63c6e3b61055decbf0029df,copied,0,20971520,verified,
04_Figure_Support_Data/Intermediate_Outputs/Archive_Extractions/JB_STEP4_D09_HistoricalZone_Validation_v1.0/Documents/README_STEP4_v1.0.md,2857,d2e47e5d634ddd829a9aa4a59290f69452b3a1f95daec2886e23bd9a913f0c30,copied,0,20971520,verified,
04_Figure_Support_Data/Intermediate_Outputs/Archive_Extractions/JB_STEP4_D09_HistoricalZone_Validation_v1.0/Data_Tables/Step4_Zone_D09_Intersecting_Segments.csv,80743,d2f71156e7bdc78de88174bbde34f79619cad36ed5dbf6d4f6cd14315133ff02,copied,0,20971520,verified,
04_Figure_Support_Data/Intermediate_Outputs/Archive_Extractions/JB_STEP4_D09_HistoricalZone_Validation_v1.0/Data_Tables/Step4_Validation_Decision.csv,914,3cf7fb1ceebf3812de4f5478f7ca1272016d145d011e5f52ac7f66d43514d8a6,copied,0,20971520,verified,
04_Figure_Support_Data/Intermediate_Outputs/Archive_Extractions/JB_STEP4_D09_HistoricalZone_Validation_v1.0/Data_Tables/Step4_InputExposure_Diagnostic.csv,584,bf610eaacf2b1b2b131bf57020534bce15f093fbea7d01d56811d759ae3098da,copied,0,20971520,verified,
04_Figure_Support_Data/Intermediate_Outputs/Archive_Extractions/JB_STEP4_D09_HistoricalZone_Validation_v1.0/Geospatial_Data/Step4_HistoricalZones_D09_Audit_WGS84.geojson,71346,7f8af790c7cede3ef7f6f8f648470f5986138a67b4457b536f96cbfa6b1a08d5,copied,0,20971520,verified,
04_Figure_Support_Data/Intermediate_Outputs/Archive_Extractions/JB_STEP4_D09_HistoricalZone_Validation_v1.0/Data_Tables/Step4_QC_Summary.csv,253,c8125e9e345756b33a92a8e19d66914632c327b57267fea4958f1e9fb999a82a,copied,0,20971520,verified,
04_Figure_Support_Data/Intermediate_Outputs/Archive_Extractions/JB_STEP4_D09_HistoricalZone_Validation_v1.0/Geospatial_Data/Step4_Summary.json,841,4aaed716a3d49340d2c8164e5bc4e205cdefdd4ca107b16b017bcf2bb62ed62a,copied,0,20971520,verified,
04_Figure_Support_Data/Intermediate_Outputs/Archive_Extractions/JB_STEP5A1_PhysicalPredictor_DataReadiness_Audit_v1.0/Data_Tables/FILE_MANIFEST_SHA256.csv,863,3e563911f017230797ddff545bf9b8ca2e070ae1e7680cbd5db351c26d65fd60,copied,0,20971520,verified,
04_Figure_Support_Data/Intermediate_Outputs/Archive_Extractions/JB_STEP5A1_PhysicalPredictor_DataReadiness_Audit_v1.0/Documents/README_STEP5A1_v1.0.md,1674,08547d0cf01327382696662f4470da43903aece9f8204ccb11a0c91a2ce2c5c4,copied,0,20971520,verified,
04_Figure_Support_Data/Intermediate_Outputs/Archive_Extractions/JB_STEP5A1_PhysicalPredictor_DataReadiness_Audit_v1.0/Data_Tables/STEP5A1_METHOD_FREEZE.txt,617,9fc969c5ef5b17c8cdcf2b3c690a823ea31b6f8eea2e28194ee860ccbf4aec9b,copied,0,20971520,verified,
04_Figure_Support_Data/Intermediate_Outputs/Archive_Extractions/JB_STEP5A1_PhysicalPredictor_DataReadiness_Audit_v1.0/Data_Tables/Step5A1_PhysicalPredictor_Readiness_Audit.csv,5351,ebeb9487834a8f68d2521f02d57b1ab2633c511208215129c63814da3dad76f0,copied,0,20971520,verified,
04_Figure_Support_Data/Intermediate_Outputs/Archive_Extractions/JB_STEP5A1_PhysicalPredictor_DataReadiness_Audit_v1.0/Data_Tables/Step5A1_Missing_Data_Acquisition_Queue.csv,1473,6a5ddaebca674e4da249fe80f4dc0d85bee5ece98d9da09054a19ed1482d632d,copied,0,20971520,verified,
04_Figure_Support_Data/Intermediate_Outputs/Archive_Extractions/JB_STEP5A1_PhysicalPredictor_DataReadiness_Audit_v1.0/Data_Tables/Step5A1_Leakage_Exclusion_Register.csv,1073,a4409bb4365c20590743d31c1ee0693d4c69bb5eb7861c3f4b3eae569582f831,copied,0,20971520,verified,
04_Figure_Support_Data/Intermediate_Outputs/Archive_Extractions/JB_STEP5A1_PhysicalPredictor_DataReadiness_Audit_v1.0/Data_Tables/Step5A1_Spatial_Harmonization_Plan.csv,837,42fcc5c32a72b585d9a9e8823645a1e282acf4408b8cacf9ab13f46efbca22ed,copied,0,20971520,verified,
04_Figure_Support_Data/Intermediate_Outputs/Archive_Extractions/JB_STEP5A1_PhysicalPredictor_DataReadiness_Audit_v1.0/Geospatial_Data/Step5A1_Summary.json,375,820887230b795130831dff9528461227f6cfc3b598778b19b7301d317901f90a,copied,0,20971520,verified,
04_Figure_Support_Data/Intermediate_Outputs/Archive_Extractions/JB_STEP5A2_MissingPhysicalData_Acquisition_v0.1/Data_Tables/FILE_MANIFEST_SHA256.csv,2053,3b7d426c9ec3e86a6ff6e1b25edd52078cfc15e557fcc0afdf387d8a3328e9a7,copied,0,20971520,verified,
04_Figure_Support_Data/Intermediate_Outputs/Archive_Extractions/JB_STEP5A2_MissingPhysicalData_Acquisition_v0.1/Documents/README_STEP5A2_v0.1.md,1611,35b69a0b6d0eb8b7c39f01b13cd467c89ddb53c0dd469eb8d0d3cd74c44014f4,copied,0,20971520,verified,
04_Figure_Support_Data/Intermediate_Outputs/Archive_Extractions/JB_STEP5A2_MissingPhysicalData_Acquisition_v0.1/Data_Tables/STEP5A2_ACQUISITION_FREEZE.txt,724,b02c3d79633322f2c798fa8ac1062781d17508c2bb8dcaf5a1ec4274feffb225,copied,0,20971520,verified,
04_Figure_Support_Data/Intermediate_Outputs/Archive_Extractions/JB_STEP5A2_MissingPhysicalData_Acquisition_v0.1/Data_Tables/IMERG_Acquisition_Spec.csv,678,30c29b0b966bd55cd0604c7ae4e1fd1205bf9877a92cb865d8ca3928015d35c5,copied,0,20971520,verified,
04_Figure_Support_Data/Intermediate_Outputs/Archive_Extractions/JB_STEP5A2_MissingPhysicalData_Acquisition_v0.1/Documents/README_IMERG_ACQUISITION.md,1025,1ceffb8abbad9e443942c106695e3b1ffbfebf18c84dfab313c48ecfbcf6f273,copied,0,20971520,verified,
04_Figure_Support_Data/Intermediate_Outputs/Archive_Extractions/JB_STEP5A2_MissingPhysicalData_Acquisition_v0.1/Scripts/verify_imerg_download_inventory.py,853,06105c284472d099c4fcdcfdd1825f9e6a156a701148c5fe246f0954c574dd20,copied,0,20971520,verified,
04_Figure_Support_Data/Intermediate_Outputs/Archive_Extractions/JB_STEP5A2_MissingPhysicalData_Acquisition_v0.1/Scripts/download_worldcover_jb.py,1490,b59d0fb5bd4d7842b407f613e590254f04e1e6eafa079b4a7eda4385afc7a2d7,copied,0,20971520,verified,
04_Figure_Support_Data/Intermediate_Outputs/Archive_Extractions/JB_STEP5A2_MissingPhysicalData_Acquisition_v0.1/Data_Tables/WorldCover_JB_Source_Lock.csv,478,ed81fe0a23b95b6397f29b6d0696cee1859fcf444b509699e93f25233ee18cf3,copied,0,20971520,verified,
04_Figure_Support_Data/Intermediate_Outputs/Archive_Extractions/JB_STEP5A2_MissingPhysicalData_Acquisition_v0.1/Data_Tables/WORLDCOVER_USE_RULE.txt,518,2a400695204483db72277915e7a9c4a742422e75aac7e80ab5231b56f0eb6aec,copied,0,20971520,verified,
04_Figure_Support_Data/Intermediate_Outputs/Archive_Extractions/JB_STEP5A2_MissingPhysicalData_Acquisition_v0.1/Other_Files/extract_osm_hydrography.sh,524,6a180959868b9267c02581e5ef10ab421bb6c02b7166e817ce32aff2ba66ee8c,copied,0,20971520,verified,
04_Figure_Support_Data/Intermediate_Outputs/Archive_Extractions/JB_STEP5A2_MissingPhysicalData_Acquisition_v0.1/Data_Tables/JPS_Drainage_Data_Request_Spec.txt,1198,70a82dc62ca13b6f1ea8113f04918e92de34a0bb6690d917faed38082ba500ab,copied,0,20971520,verified,
04_Figure_Support_Data/Intermediate_Outputs/Archive_Extractions/JB_STEP5A2_MissingPhysicalData_Acquisition_v0.1/Data_Tables/OSM_Hydrography_Tag_Spec.csv,304,9aa7ef89ef403c24a51e0270e1cfd4061cdf75edd828d08d59ec550bdbd6cf31,copied,0,20971520,verified,
04_Figure_Support_Data/Intermediate_Outputs/Archive_Extractions/JB_STEP5A2_MissingPhysicalData_Acquisition_v0.1/Data_Tables/JB_SPHTN_WaterLevel_Target_Stations.csv,1404,8997b079b1c21c552fe51a1aaaa60703d47eb4038c5fc0a7dd02d70d8d12c499,copied,0,20971520,verified,
04_Figure_Support_Data/Intermediate_Outputs/Archive_Extractions/JB_STEP5A2_MissingPhysicalData_Acquisition_v0.1/Data_Tables/River_Tide_Data_Source_Plan.csv,870,52dabda3e4c97feac52daa1c70fcae48a2cfc609b69dafaf964f3db7e1ecacca,copied,0,20971520,verified,
04_Figure_Support_Data/Intermediate_Outputs/Archive_Extractions/JB_STEP5A2_MissingPhysicalData_Acquisition_v0.1/Data_Tables/RIVER_TIDE_MODEL_USE_RULE.txt,656,38b8077bc459f65bd7e37e997a259895b1b2b1c5fed89ef1c4f668117208e104,copied,0,20971520,verified,
04_Figure_Support_Data/Intermediate_Outputs/Archive_Extractions/JB_STEP5A2_MissingPhysicalData_Acquisition_v0.1/Data_Tables/Step5A2_Acquisition_Status.csv,1935,b390f4a1a3e7e86847f9233e4e0096f95904204941c56458c8e8574567a3b36c,copied,0,20971520,verified,
04_Figure_Support_Data/Intermediate_Outputs/Archive_Extractions/JB_STEP5A2_MissingPhysicalData_Acquisition_v0.1/Data_Tables/Step5A2_Public_Source_Lock.csv,1396,20ce989644ba9ac3c0ae6027311aeadfeeaf86a73560563b6eb7af3f756efdff,copied,0,20971520,verified,
04_Figure_Support_Data/Intermediate_Outputs/Archive_Extractions/JB_STEP5A2_MissingPhysicalData_Acquisition_v0.1/Geospatial_Data/Step5A2_Summary.json,622,c143598a2b4b9c2d3b363987d0050528c3876d6b2a08ea2c0429130d30a3fb15,copied,0,20971520,verified,
04_Figure_Support_Data/Intermediate_Outputs/Archive_Extractions/JB_STEP5_PhysicalContextValidation_v1.0/Data_Tables/FILE_MANIFEST_SHA256.csv,1575,52464b92584dcece7e694fb08097b4441492f93c8ceb38c23a5c71c166fc6523,copied,0,20971520,verified,
04_Figure_Support_Data/Intermediate_Outputs/Archive_Extractions/JB_STEP5_PhysicalContextValidation_v1.0/Documents/README_STEP5_v1.0.md,1519,e19907c4c72ecd6a5689394207fae421156065db970253bdebf48605c593d425,copied,0,20971520,verified,
04_Figure_Support_Data/Intermediate_Outputs/Archive_Extractions/JB_STEP5_PhysicalContextValidation_v1.0/Data_Tables/STEP5_METHOD_FREEZE.txt,559,8a6458dde34e37d1901594a0a0f4031c5359136faf7083ab1b9bbca054fcd17f,copied,0,20971520,verified,
04_Figure_Support_Data/Intermediate_Outputs/Archive_Extractions/JB_STEP5_PhysicalContextValidation_v1.0/Data_Tables/Step5_Class_Descriptive_Summary.csv,1673,9ccb2cb3c14497c13a70787ec06e13e87c0db7089cda2914dd9c89fd72e48987,copied,0,20971520,verified,
04_Figure_Support_Data/Intermediate_Outputs/Archive_Extractions/JB_STEP5_PhysicalContextValidation_v1.0/Geospatial_Data/JB_Historical_Flood_Zones_PhysicalContext_WGS84.geojson,67854,1eacb6bdfe34ca705a7a2293b81c8a849a077a9297e6e71bdae4928640a716c3,copied,0,20971520,verified,
04_Figure_Support_Data/Intermediate_Outputs/Archive_Extractions/JB_STEP5_PhysicalContextValidation_v1.0/Geospatial_Data/JB_Historical_Flood_Zones_RGB_30pct.qml,1248,d84986da6ec99901d18b0374bd9a05a2b9ad9a6d8d163ffb5ccb7957b99dda21,copied,0,20971520,verified,
04_Figure_Support_Data/Intermediate_Outputs/Archive_Extractions/JB_STEP5_PhysicalContextValidation_v1.0/Images/Step5_HistoricalFloodZones_Clean_300dpi.png,306795,29f3573f9ced2d2c626b8e957fef2a38356622c9c84fde2540bf8f61edb12474,copied,0,20971520,verified,
04_Figure_Support_Data/Intermediate_Outputs/Archive_Extractions/JB_STEP5_PhysicalContextValidation_v1.0/Images/Step5_HistoricalFloodZones_Clean_600dpi.png,675631,eda3a02ab8602440394dd398675002f8dbfd4b92d09b6274bdd33b1f7aceb4cc,copied,0,20971520,verified,
04_Figure_Support_Data/Intermediate_Outputs/Archive_Extractions/JB_STEP5_PhysicalContextValidation_v1.0/Images/Step5_HistoricalFloodZones_TerrainContext_300dpi.png,302490,6bde28691d812a6b9a9250f341da6cd4650c32ac67ad75be93f9965ba9e6a893,copied,0,20971520,verified,
04_Figure_Support_Data/Intermediate_Outputs/Archive_Extractions/JB_STEP5_PhysicalContextValidation_v1.0/Images/Step5_HistoricalFloodZones_TerrainContext_600dpi.png,672576,943fbd8871cedd221992f039f3ef163f45c0bfa32d2eb9d5d37ffb31ead038d1,copied,0,20971520,verified,
04_Figure_Support_Data/Intermediate_Outputs/Archive_Extractions/JB_STEP5_PhysicalContextValidation_v1.0/Data_Tables/Step5_QC_Summary.csv,276,d027f521f6d1879bd9b71033a720764ef2f183bd84f248442c3cce37487155d3,copied,0,20971520,verified,
04_Figure_Support_Data/Intermediate_Outputs/Archive_Extractions/JB_STEP5_PhysicalContextValidation_v1.0/Geospatial_Data/Step5_Summary.json,376,8b4f0266b2e58c20ec1fc79ecf65dd00aa72187dea4f6d5ae346dffb0aeb055c,copied,0,20971520,verified,
04_Figure_Support_Data/Intermediate_Outputs/Archive_Extractions/JB_STEP6_HistoricalZones_RoadDisruptionValidation_v1.0/Data_Tables/FILE_MANIFEST_SHA256.csv,1735,e11e1a950737132522d1691ad5a916cce93e29b02cbf1b4c900ac473c1303ef1,copied,0,20971520,verified,
04_Figure_Support_Data/Intermediate_Outputs/Archive_Extractions/JB_STEP6_HistoricalZones_RoadDisruptionValidation_v1.0/Documents/README_STEP6_v1.0.md,2353,bba8dc4fa252b3c28ec38a3ddf5fc08dd2292517cc1b0ad2eebc59c5a1581e01,copied,0,20971520,verified,
04_Figure_Support_Data/Intermediate_Outputs/Archive_Extractions/JB_STEP6_HistoricalZones_RoadDisruptionValidation_v1.0/Data_Tables/STEP6_METHOD_FREEZE.txt,870,8f2f9e8cc5e745df30315338fa44f7e5cff549219e4a4d471d1bc22a27dd4843,copied,0,20971520,verified,
04_Figure_Support_Data/Intermediate_Outputs/Archive_Extractions/JB_STEP6_HistoricalZones_RoadDisruptionValidation_v1.0/Data_Tables/Step6_2025_All_JKR_RoadImpact_Register.csv,2717,43bf66e6e7ceff6f6ef85f6f1813ce868e4f48761c012195b3b4203bfbae6015,copied,0,20971520,verified,
04_Figure_Support_Data/Intermediate_Outputs/Archive_Extractions/JB_STEP6_HistoricalZones_RoadDisruptionValidation_v1.0/Images/Step6_2023_RoadImpact_Correspondence_300dpi.png,287705,f02d9914ce5a04f6c7ed1f316aa38770fa25f5821e24edee76fff0f11d0edcd1,copied,0,20971520,verified,
04_Figure_Support_Data/Intermediate_Outputs/Archive_Extractions/JB_STEP6_HistoricalZones_RoadDisruptionValidation_v1.0/Images/Step6_2023_RoadImpact_Correspondence_600dpi.png,628317,11eeb63a39e7f496bded93e90895365f7c06110cc99da91ef2026fc58ba63eee,copied,0,20971520,verified,
04_Figure_Support_Data/Intermediate_Outputs/Archive_Extractions/JB_STEP6_HistoricalZones_RoadDisruptionValidation_v1.0/Images/Step6_2025_JKR_Disruption_Correspondence_300dpi.png,342618,128c290ffc327cc7682f1afb2566c31b1ff4db05203e2cc969239c697c075020,copied,0,20971520,verified,
04_Figure_Support_Data/Intermediate_Outputs/Archive_Extractions/JB_STEP6_HistoricalZones_RoadDisruptionValidation_v1.0/Images/Step6_2025_JKR_Disruption_Correspondence_600dpi.png,754377,5b3d3c03a5f2d10e073a65cd4145912c703540932ee5ff92d53149530bf45297,copied,0,20971520,verified,
04_Figure_Support_Data/Intermediate_Outputs/Archive_Extractions/JB_STEP6_HistoricalZones_RoadDisruptionValidation_v1.0/Data_Tables/Step6_QC_Summary.csv,435,8e5f093694bb64352f1069e3848a3cf479b43902517587f3aa2e21f78275c010,copied,0,20971520,verified,
04_Figure_Support_Data/Intermediate_Outputs/Archive_Extractions/JB_STEP6_HistoricalZones_RoadDisruptionValidation_v1.0/Geospatial_Data/Step6_Summary.json,543,ccf2d78a2e758f495f37fb11c2f79f875faecbf9ef25978624f63a139d349fa3,copied,0,20971520,verified,
04_Figure_Support_Data/Intermediate_Outputs/Archive_Extractions/JB_STEP7_HealthcareAccessibilityImpact_v1.0/Data_Tables/FILE_MANIFEST_SHA256.csv,3105,72272e7fa305e7ea1aeb33ea40bf7a8e4fd5f2d883368de401855877292825ca,copied,0,20971520,verified,
04_Figure_Support_Data/Intermediate_Outputs/Archive_Extractions/JB_STEP7_HealthcareAccessibilityImpact_v1.0/Documents/README_STEP7_v1.0.md,2832,ed38645ea46f71d0800dda3514876f0774c161c36e7263436741f7a54b25e8bd,copied,0,20971520,verified,
04_Figure_Support_Data/Intermediate_Outputs/Archive_Extractions/JB_STEP7_HealthcareAccessibilityImpact_v1.0/Data_Tables/STEP7_METHOD_FREEZE.txt,1291,abf7ae31e9cb00211121bf4775ff0eec32a3d450f25ab036f1e0dd567dc1a357,copied,0,20971520,verified,
04_Figure_Support_Data/Intermediate_Outputs/Archive_Extractions/JB_STEP7_HealthcareAccessibilityImpact_v1.0/Data_Tables/Step7_Road_Criticality_Robustness.csv,953,038cdc6ba40ef6f452755f76138a0117780a9c0b2bd3531ad0231c4df322cd74,copied,0,20971520,verified,
04_Figure_Support_Data/Intermediate_Outputs/Archive_Extractions/JB_STEP7_HealthcareAccessibilityImpact_v1.0/Data_Tables/Step7_Spatial_Concentration_Summary.csv,445,6d59efeed0a4bf15ad10afd3d9b3608026f5bd51e8b62a70da3c4ccfa522bd68,copied,0,20971520,verified,
04_Figure_Support_Data/Intermediate_Outputs/Archive_Extractions/JB_STEP7_HealthcareAccessibilityImpact_v1.0/Data_Tables/Step7_Sensitivity_Summary.csv,613,774f43aeddaf2067a1b3543f39fc4cddccd0a3c7d5801dd1478eb8da495a68a6,copied,0,20971520,verified,
04_Figure_Support_Data/Intermediate_Outputs/Archive_Extractions/JB_STEP8_Final_Manuscript_Freeze_v1.0_1/Data_Tables/TableS05_All_Recovery_Orders.csv,1688,da1edfe0d99179ef879d739688f7fe561f253ffe11aabd964dc67bd648a1568a,copied,0,20971520,verified,
04_Figure_Support_Data/Intermediate_Outputs/Archive_Extractions/JB_STEP7_HealthcareAccessibilityImpact_v1.0/Data_Tables/Step7_Recovery_Order_Stepwise.csv,7086,5c2db14d67bfba9fbeb1c364ee5e0653f3f42a95ea7c2becbf29dad426520739,copied,0,20971520,verified,
04_Figure_Support_Data/Intermediate_Outputs/Archive_Extractions/JB_STEP7_HealthcareAccessibilityImpact_v1.0/Data_Tables/Step7_Recovery_Summary.csv,409,0a547069eb74988ee287fb89600b6e320bf6bee3d77242faab814e01b6a9627f,copied,0,20971520,verified,
04_Figure_Support_Data/Intermediate_Outputs/Archive_Extractions/JB_STEP7_HealthcareAccessibilityImpact_v1.0/Data_Tables/Step7_Subdistrict_Recovery_Benefit.csv,17160,eaee013ea01fa585330538fc4efb1d4d3487b6caa6d58446406787d193d50016,copied,0,20971520,verified,
04_Figure_Support_Data/Intermediate_Outputs/Archive_Extractions/JB_STEP7_HealthcareAccessibilityImpact_v1.0/Images/Step7_FigA_SingleRoad_NewlyUnreachable_300dpi.png,106036,9a30eb6e9bf2e0c26deba7ea0144c2dd3763d9ee6e37f4c4b5ec2151d1dd6c18,copied,0,20971520,verified,
04_Figure_Support_Data/Intermediate_Outputs/Archive_Extractions/JB_STEP7_HealthcareAccessibilityImpact_v1.0/Images/Step7_FigA_SingleRoad_NewlyUnreachable_600dpi.png,229747,b9cd8069fc97a2d5d9a3b4638bacdfd51fbeb5f851f9b0685ccd626b2f11e23c,copied,0,20971520,verified,
04_Figure_Support_Data/Intermediate_Outputs/Archive_Extractions/JB_STEP7_HealthcareAccessibilityImpact_v1.0/Images/Step7_FigB_Subdistrict_Concentration_300dpi.png,219042,5e58616909d6af7cbdddb3d1e93e83d063a7506b1faba7b6715501dfd57b0f63,copied,0,20971520,verified,
04_Figure_Support_Data/Intermediate_Outputs/Archive_Extractions/JB_STEP7_HealthcareAccessibilityImpact_v1.0/Images/Step7_FigB_Subdistrict_Concentration_600dpi.png,555628,ed9fb192e4c5d92edae73b27a6d045a4dc42b7267b8da1d87a89ba5807e60aba,copied,0,20971520,verified,
04_Figure_Support_Data/Intermediate_Outputs/Archive_Extractions/JB_STEP7_HealthcareAccessibilityImpact_v1.0/Images/Step7_FigC_Sensitivity_27Combinations_300dpi.png,129260,e1eb26375d3318fae718fb6b81afd97355a93b512dab8698d1952d83face2d52,copied,0,20971520,verified,
04_Figure_Support_Data/Intermediate_Outputs/Archive_Extractions/JB_STEP7_HealthcareAccessibilityImpact_v1.0/Images/Step7_FigC_Sensitivity_27Combinations_600dpi.png,277238,69b79cf4924c043429858f1c4e46764294708df9344fb36b1f0c89a5b0f8d2f4,copied,0,20971520,verified,
04_Figure_Support_Data/Intermediate_Outputs/Archive_Extractions/JB_STEP7_HealthcareAccessibilityImpact_v1.0/Images/Step7_FigD_Recovery_Sequences_300dpi.png,181189,bc5ec9eb2a91825a03db289b482c079bef9f698063b49d93e966d15f0b1d4f7d,copied,0,20971520,verified,
04_Figure_Support_Data/Intermediate_Outputs/Archive_Extractions/JB_STEP7_HealthcareAccessibilityImpact_v1.0/Images/Step7_FigD_Recovery_Sequences_600dpi.png,438010,5ad9a54416ac5c37c13c448d5a22679129fca06cfe69a2739162761e712d20ee,copied,0,20971520,verified,
04_Figure_Support_Data/Intermediate_Outputs/Archive_Extractions/JB_STEP7_HealthcareAccessibilityImpact_v1.0/Data_Tables/Step7_QC_Summary.csv,449,0b1ea3120edd45169b927931a6aa3db32a76aa5176e065409dd262129bbe62e4,copied,0,20971520,verified,
04_Figure_Support_Data/Intermediate_Outputs/Archive_Extractions/JB_STEP7_HealthcareAccessibilityImpact_v1.0/Geospatial_Data/Step7_Summary.json,954,35a3df8faee4116108a841ff57e9bfe4b63448cc58e005200238b638f995442e,copied,0,20971520,verified,
04_Figure_Support_Data/Intermediate_Outputs/Archive_Extractions/JB_STEP8_Final_Manuscript_Freeze_v1.0_1/Data_Tables/FILE_MANIFEST_SHA256.csv,6659,d28622a5415a53556d89d9b592c6b58bbfb3bba33c9de101b43928f08879940a,copied,0,20971520,verified,
04_Figure_Support_Data/Intermediate_Outputs/Archive_Extractions/JB_STEP8_Final_Manuscript_Freeze_v1.0_1/Data_Tables/FINAL_FIGURE_CAPTIONS.csv,2463,5bb2ccb1fb8fb9fdefe7ae6617d455ff142445fce368065fcffff5630c831ed9,copied,0,20971520,verified,
04_Figure_Support_Data/Intermediate_Outputs/Archive_Extractions/JB_STEP8_Final_Manuscript_Freeze_v1.0_1/Data_Tables/FINAL_FIGURE_REGISTER.csv,1744,1fd570009b1a1208b298d6ff0564e849061e9b927fd0bd478a7663a940012b4e,copied,0,20971520,verified,
04_Figure_Support_Data/Intermediate_Outputs/Archive_Extractions/JB_STEP8_Final_Manuscript_Freeze_v1.0_1/Data_Tables/FINAL_TABLE_REGISTER.csv,599,d63b387fca718577cbe350483b269ceae0738741ece92f38d446ee07753295ab,copied,0,20971520,verified,
04_Figure_Support_Data/Intermediate_Outputs/Archive_Extractions/JB_STEP8_Final_Manuscript_Freeze_v1.0_1/Data_Tables/STEP8_MASTER_FREEZE_STATEMENT.txt,1024,2946d10143ad958c04d4ce644219c95f3ec68a27d033a97be683de857cea0494,copied,0,20971520,verified,
04_Figure_Support_Data/Intermediate_Outputs/Archive_Extractions/JB_STEP8_Final_Manuscript_Freeze_v1.0_1/Images/Fig01_HistoricalFloodGeography_PhysicalContext_300dpi.png,1932135,576ad6b9fd10cc312eda84e7d215a5fd1c6ee03fd8279114dfaf3f4cfb185a4f,copied,0,20971520,verified,
04_Figure_Support_Data/Intermediate_Outputs/Archive_Extractions/JB_STEP8_Final_Manuscript_Freeze_v1.0_1/Images/Fig01_HistoricalFloodGeography_PhysicalContext_600dpi.png,4774288,72daacc42a8992cca7849c8c0236c218aac891258e5b1ff841d1dfa9896016ac,copied,0,20971520,verified,
04_Figure_Support_Data/Intermediate_Outputs/Archive_Extractions/JB_STEP8_Final_Manuscript_Freeze_v1.0_1/Images/Fig02_FloodRoadHealthcare_SpatialIntegration_300dpi.png,1143116,e2a87053337540346a7f45abb99f728ae13d7602aa6dce259cf2203bfec43986,copied,0,20971520,verified,
04_Figure_Support_Data/Intermediate_Outputs/Archive_Extractions/JB_STEP8_Final_Manuscript_Freeze_v1.0_1/Images/Fig02_FloodRoadHealthcare_SpatialIntegration_600dpi.png,2720178,47dc1821ed8f98b7ce76a5830fe2f0c79653f9acb663c3672ef84c5b2b5e1adc,copied,0,20971520,verified,
04_Figure_Support_Data/Intermediate_Outputs/Archive_Extractions/JB_STEP8_Final_Manuscript_Freeze_v1.0_1/Images/Fig03_ObservedRoadDisruption_Correspondence_300dpi.png,815305,c36b9f9ac381806f5c18968d5a775d8f5fbcb31abbf93767bed0ac2568a65d96,copied,0,20971520,verified,
04_Figure_Support_Data/Intermediate_Outputs/Archive_Extractions/JB_STEP8_Final_Manuscript_Freeze_v1.0_1/Images/Fig03_ObservedRoadDisruption_Correspondence_600dpi.png,1868241,69565b649ed726ffeab72b9561f9204bb3b8120f31f574b5c9c950a4861da76b,copied,0,20971520,verified,
04_Figure_Support_Data/Intermediate_Outputs/Archive_Extractions/JB_STEP8_Final_Manuscript_Freeze_v1.0_1/Images/Fig04_HealthcareAccessibility_Impact_300dpi.png,558047,9fb8a3d0b73360d0617a5555c599a1fb82d3074dfdf26731dc497d2cfb2e72c0,copied,0,20971520,verified,
04_Figure_Support_Data/Intermediate_Outputs/Archive_Extractions/JB_STEP8_Final_Manuscript_Freeze_v1.0_1/Images/Fig04_HealthcareAccessibility_Impact_600dpi.png,1300297,f2e8b5402375a0540c7889e6528ecc3267fe1e521ba258cabef903520163de4d,copied,0,20971520,verified,
04_Figure_Support_Data/Intermediate_Outputs/Archive_Extractions/JB_STEP8_Final_Manuscript_Freeze_v1.0_1/Images/Fig05_Robustness_RecoveryPriority_300dpi.png,579654,0717ead72c4517e588c1b7eaad78d4ae8ed5d6931c68705fa1fd88cbcc5d51aa,copied,0,20971520,verified,
04_Figure_Support_Data/Intermediate_Outputs/Archive_Extractions/JB_STEP8_Final_Manuscript_Freeze_v1.0_1/Images/Fig05_Robustness_RecoveryPriority_600dpi.png,1314038,e60bd12a9d76fed65f2f01b1914fe52d73bbe6b18da838f1beaf43b6a324f2d0,copied,0,20971520,verified,
04_Figure_Support_Data/Intermediate_Outputs/Archive_Extractions/JB_STEP8_Final_Manuscript_Freeze_v1.0_1/Data_Tables/Table01_Data_Evidence_Architecture.csv,1194,b5629bf179287a83b3708e5e30cadd74cb966bc281da50af760b09429b9fabd9,copied,0,20971520,verified,
04_Figure_Support_Data/Intermediate_Outputs/Archive_Extractions/JB_STEP8_Final_Manuscript_Freeze_v1.0_1/Data_Tables/Table02_HistoricalFloodZone_Profile.csv,440,1c3a82000a321ab695dbb33e761a74f199bdd1547b64d036770470cf2e9ee353,copied,0,20971520,verified,
04_Figure_Support_Data/Intermediate_Outputs/Archive_Extractions/JB_STEP8_Final_Manuscript_Freeze_v1.0_1/Data_Tables/Table03_HealthcareAccessibility_SpatialEquity.csv,488,ff9f8d0d140d50ce6946527bdfde09b2bb9ba566a158042bf3b58d459f91fc03,copied,0,20971520,verified,
04_Figure_Support_Data/Intermediate_Outputs/Archive_Extractions/JB_STEP8_Final_Manuscript_Freeze_v1.0_1/Data_Tables/Table04_RoadCriticality_RecoveryPriority.csv,1009,e666345563b149d631703fbe8b983a557213a0921d0a20a1c5d302b8ca2fa1f6,copied,0,20971520,verified,
04_Figure_Support_Data/Intermediate_Outputs/Archive_Extractions/JB_STEP8_Final_Manuscript_Freeze_v1.0_1/Data_Tables/FINAL_METHODS_RESULTS_MAPPING.csv,1358,c1ac72da60e4b812b500c2bd4f9bdad66bd70fdb75600ab7f5b0f1129761c1bd,copied,0,20971520,verified,
04_Figure_Support_Data/Intermediate_Outputs/Archive_Extractions/JB_STEP8_Final_Manuscript_Freeze_v1.0_1/Documents/FINAL_DISCUSSION_LOGIC.md,2760,6994fa2f0dbbff75ff069480f5a5eacb27d8447e94065d72e7ffd082f9535c80,copied,0,20971520,verified,
04_Figure_Support_Data/Intermediate_Outputs/Archive_Extractions/JB_STEP8_Final_Manuscript_Freeze_v1.0_1/Data_Tables/TableS01_F19_HistoricalFloodZones_Full.csv,12334,598a93bd430137a41f632c21004660e851baffd8e970ebde79c8b855581e98a1,copied,0,20971520,verified,
04_Figure_Support_Data/Intermediate_Outputs/Archive_Extractions/JB_STEP8_Final_Manuscript_Freeze_v1.0_1/Data_Tables/TableS03_2025_JKR_ZoneDistance_Audit.csv,1478,765cc5c0697c0f21b4eb5df35ddd6292045c576151358fab6f81f8b8e9af0653,copied,0,20971520,verified,
04_Figure_Support_Data/Intermediate_Outputs/Archive_Extractions/JB_STEP8_Final_Manuscript_Freeze_v1.0_1/Data_Tables/STEP8_FINAL_QC.csv,463,e713ce1cb348af76e3865887499957cb3827b3caaf3b28811da30f181f0e133d,copied,0,20971520,verified,
04_Figure_Support_Data/Intermediate_Outputs/Archive_Extractions/JB_STEP8_Final_Manuscript_Freeze_v1.0_1/Geospatial_Data/STEP8_Summary.json,584,afc554a96f034e41684c8d8d001f12b4b5d1ef0936a77e2b9e321faf62332580,copied,0,20971520,verified,
